"REF_DATE","GEO","DGUID","Cattle","Unit of measure","UOM","UOM_ID","SCALAR_FACTOR","SCALAR_ID","VECTOR","COORDINATE","VALUE","STATUS","SYMBOL","TERMINATED","DECIMALS"
"2021","Canada [000000000]","2021A000011124","Cows, beef","Number of animals","Number","223","units","0","v1326984290","1.9.2","3776389","A","","","0"
"2021","Newfoundland and Labrador [PR100000000]","2021A000210","Cows, beef","Number of animals","Number","223","units","0","v1326984312","2.9.2","695","D","","","0"
"2021","Division No.  1, Subd. C, Newfoundland and Labrador [CCS100101214]","2021S05021001214","Cows, beef","Number of animals","Number","223","units","0","v1326984378","5.9.2","","F","","","0"
"2021","Division No.  1, Subd. A, Newfoundland and Labrador [CCS100101259]","2021S05021001259","Cows, beef","Number of animals","Number","223","units","0","v1326984400","6.9.2","22","E","","","0"
"2021","Division No.  1, Subd. E, Newfoundland and Labrador [CCS100101304]","2021S05021001304","Cows, beef","Number of animals","Number","223","units","0","v1326984422","7.9.2","63","D","","","0"
"2021","Division No.  1, Subd. H, Newfoundland and Labrador [CCS100101357]","2021S05021001357","Cows, beef","Number of animals","Number","223","units","0","v1326984444","8.9.2","","F","","","0"
"2021","Holyrood, Newfoundland and Labrador [CCS100101472]","2021S05021001472","Cows, beef","Number of animals","Number","223","units","0","v1326984466","9.9.2","146","D","","","0"
"2021","St. John's, Newfoundland and Labrador [CCS100101519]","2021S05021001519","Cows, beef","Number of animals","Number","223","units","0","v1326984488","10.9.2","","F","","","0"
"2021","Division No.  2, Subd. E, Newfoundland and Labrador [CCS100102001]","2021S05021002001","Cows, beef","Number of animals","Number","223","units","0","v1326984532","12.9.2","0","A","","","0"
"2021","Division No.  3, Subd. A, Newfoundland and Labrador [CCS100203001]","2021S05021003001","Cows, beef","Number of animals","Number","223","units","0","v1326984598","15.9.2","11","C","","","0"
"2021","Division No.  6, Subd. C, Newfoundland and Labrador [CCS100206014]","2021S05021006014","Cows, beef","Number of animals","Number","223","units","0","v1326984642","17.9.2","","F","","","0"
"2021","Division No.  7, Subd. F, Newfoundland and Labrador [CCS100207028]","2021S05021007028","Cows, beef","Number of animals","Number","223","units","0","v1326984686","19.9.2","0","A","","","0"
"2021","Division No.  7, Subd. E, Newfoundland and Labrador [CCS100207031]","2021S05021007031","Cows, beef","Number of animals","Number","223","units","0","v1326984708","20.9.2","","F","","","0"
"2021","Division No.  8, Subd. G, Newfoundland and Labrador [CCS100208036]","2021S05021008036","Cows, beef","Number of animals","Number","223","units","0","v1326984752","22.9.2","","F","","","0"
"2021","Division No.  8, Subd. C, Newfoundland and Labrador [CCS100208058]","2021S05021008058","Cows, beef","Number of animals","Number","223","units","0","v1326984774","23.9.2","80","D","","","0"
"2021","Division No.  4, Subd. B, Newfoundland and Labrador [CCS100304006]","2021S05021004006","Cows, beef","Number of animals","Number","223","units","0","v1326984840","26.9.2","97","C","","","0"
"2021","Division No.  5, Subd. E, Newfoundland and Labrador [CCS100305007]","2021S05021005007","Cows, beef","Number of animals","Number","223","units","0","v1326984884","28.9.2","44","D","","","0"
"2021","Division No.  5, Subd. F, Newfoundland and Labrador [CCS100305010]","2021S05021005010","Cows, beef","Number of animals","Number","223","units","0","v1326984906","29.9.2","0","A","","","0"
"2021","Division No.  9, Subd. F, Newfoundland and Labrador [CCS100309001]","2021S05021009001","Cows, beef","Number of animals","Number","223","units","0","v1326984950","31.9.2","23","C","","","0"
"2021","Division No. 10, Subd. A, Newfoundland and Labrador [CCS100310001]","2021S05021010001","Cows, beef","Number of animals","Number","223","units","0","v1326984994","33.9.2","0","A","","","0"
"2021","Division No. 11, Subd. C, Newfoundland and Labrador [CCS100311005]","2021S05021011005","Cows, beef","Number of animals","Number","223","units","0","v1326985038","35.9.2","0","A","","","0"
"2021","Division No. 11, Subd. E, Newfoundland and Labrador [CCS100311040]","2021S05021011040","Cows, beef","Number of animals","Number","223","units","0","v1326985060","36.9.2","0","A","","","0"
"2021","Prince Edward Island [PR110000000]","2021A000211","Cows, beef","Number of animals","Number","223","units","0","v1326985082","37.9.2","7799","B","","","0"
"2021","Murray River, Part 1, Prince Edward Island [CCS110101005]","2021S05021101005","Cows, beef","Number of animals","Number","223","units","0","v1326985148","40.9.2","152","E","","","0"
"2021","Souris, Prince Edward Island [CCS110101035]","2021S05021101035","Cows, beef","Number of animals","Number","223","units","0","v1326985170","41.9.2","358","D","","","0"
"2021","St. Peters, Prince Edward Island [CCS110101037]","2021S05021101037","Cows, beef","Number of animals","Number","223","units","0","v1326985192","42.9.2","64","E","","","0"
"2021","Morell, Prince Edward Island [CCS110101043]","2021S05021101043","Cows, beef","Number of animals","Number","223","units","0","v1326985214","43.9.2","450","B","","","0"
"2021","Three Rivers, Prince Edward Island [CCS110101045]","2021S05021101045","Cows, beef","Number of animals","Number","223","units","0","v1326985236","44.9.2","398","E","","","0"
"2021","East River, Part 2, Prince Edward Island [CCS110101052]","2021S05021101052","Cows, beef","Number of animals","Number","223","units","0","v1326985258","45.9.2","","F","","","0"
"2021","Belfast, Prince Edward Island [CCS110202002]","2021S05021102002","Cows, beef","Number of animals","Number","223","units","0","v1326985324","48.9.2","107","E","","","0"
"2021","Crossroads, Prince Edward Island [CCS110202010]","2021S05021102010","Cows, beef","Number of animals","Number","223","units","0","v1326985346","49.9.2","","F","","","0"
"2021","Vernon River, Prince Edward Island [CCS110202016]","2021S05021102016","Cows, beef","Number of animals","Number","223","units","0","v1326985368","50.9.2","986","C","","","0"
"2021","New Glasgow, Prince Edward Island [CCS110202017]","2021S05021102017","Cows, beef","Number of animals","Number","223","units","0","v1326985390","51.9.2","436","D","","","0"
"2021","Crapaud, Part 1, Prince Edward Island [CCS110202018]","2021S05021102018","Cows, beef","Number of animals","Number","223","units","0","v1326985412","52.9.2","243","D","","","0"
"2021","Kingston, Prince Edward Island [CCS110202022]","2021S05021102022","Cows, beef","Number of animals","Number","223","units","0","v1326985434","53.9.2","328","D","","","0"
"2021","Miltonvale Park, Prince Edward Island [CCS110202040]","2021S05021102040","Cows, beef","Number of animals","Number","223","units","0","v1326985456","54.9.2","","F","","","0"
"2021","Stanley Bridge, Hope River, Bayview, Cavendish and North Rustico, Prince Edward Island [CCS110202045]","2021S05021102045","Cows, beef","Number of animals","Number","223","units","0","v1326985478","55.9.2","74","E","","","0"
"2021","Brackley, Prince Edward Island [CCS110202055]","2021S05021102055","Cows, beef","Number of animals","Number","223","units","0","v1326985500","56.9.2","","F","","","0"
"2021","East River, Part 1, Prince Edward Island [CCS110202064]","2021S05021102064","Cows, beef","Number of animals","Number","223","units","0","v1326985522","57.9.2","355","D","","","0"
"2021","North Shore, Prince Edward Island [CCS110202067]","2021S05021102067","Cows, beef","Number of animals","Number","223","units","0","v1326985544","58.9.2","288","C","","","0"
"2021","West River, Prince Edward Island [CCS110202068]","2021S05021102068","Cows, beef","Number of animals","Number","223","units","0","v1326985566","59.9.2","390","D","","","0"
"2021","New London, Prince Edward Island [CCS110202071]","2021S05021102071","Cows, beef","Number of animals","Number","223","units","0","v1326985588","60.9.2","274","D","","","0"
"2021","North River, Prince Edward Island [CCS110202072]","2021S05021102072","Cows, beef","Number of animals","Number","223","units","0","v1326985610","61.9.2","63","E","","","0"
"2021","Charlottetown, Prince Edward Island [CCS110202075]","2021S05021102075","Cows, beef","Number of animals","Number","223","units","0","v1326985632","62.9.2","","F","","","0"
"2021","Cornwall, Prince Edward Island [CCS110202085]","2021S05021102085","Cows, beef","Number of animals","Number","223","units","0","v1326985654","63.9.2","459","B","","","0"
"2021","Borden, Prince Edward Island [CCS110303002]","2021S05021103002","Cows, beef","Number of animals","Number","223","units","0","v1326985720","66.9.2","121","E","","","0"
"2021","Kinkora, Prince Edward Island [CCS110303003]","2021S05021103003","Cows, beef","Number of animals","Number","223","units","0","v1326985742","67.9.2","","F","","","0"
"2021","Crapaud, Part 2, Prince Edward Island [CCS110303004]","2021S05021103004","Cows, beef","Number of animals","Number","223","units","0","v1326985764","68.9.2","","F","","","0"
"2021","Malpeque Bay, Prince Edward Island [CCS110303007]","2021S05021103007","Cows, beef","Number of animals","Number","223","units","0","v1326985786","69.9.2","","F","","","0"
"2021","Wellington, Prince Edward Island [CCS110303020]","2021S05021103020","Cows, beef","Number of animals","Number","223","units","0","v1326985808","70.9.2","","F","","","0"
"2021","Summerside, Prince Edward Island [CCS110303025]","2021S05021103025","Cows, beef","Number of animals","Number","223","units","0","v1326985830","71.9.2","","F","","","0"
"2021","Miscouche, Prince Edward Island [CCS110303040]","2021S05021103040","Cows, beef","Number of animals","Number","223","units","0","v1326985852","72.9.2","334","D","","","0"
"2021","Central Prince, Prince Edward Island [CCS110303043]","2021S05021103043","Cows, beef","Number of animals","Number","223","units","0","v1326985874","73.9.2","161","E","","","0"
"2021","Tignish, Prince Edward Island [CCS110303061]","2021S05021103061","Cows, beef","Number of animals","Number","223","units","0","v1326985896","74.9.2","113","E","","","0"
"2021","Alberton, Prince Edward Island [CCS110303064]","2021S05021103064","Cows, beef","Number of animals","Number","223","units","0","v1326985918","75.9.2","229","E","","","0"
"2021","O'Leary, Prince Edward Island [CCS110303065]","2021S05021103065","Cows, beef","Number of animals","Number","223","units","0","v1326985940","76.9.2","579","D","","","0"
"2021","Kensington, Part 1, Prince Edward Island [CCS110303067]","2021S05021103067","Cows, beef","Number of animals","Number","223","units","0","v1326985962","77.9.2","250","E","","","0"
"2021","Nova Scotia [PR120000000]","2021A000212","Cows, beef","Number of animals","Number","223","units","0","v1326985984","78.9.2","14841","A","","","0"
"2021","Shelburne, Nova Scotia [CCS120101006]","2021S05021201006","Cows, beef","Number of animals","Number","223","units","0","v1326986050","81.9.2","","F","","","0"
"2021","Argyle, Nova Scotia [CCS120102001]","2021S05021202001","Cows, beef","Number of animals","Number","223","units","0","v1326986094","83.9.2","","F","","","0"
"2021","Yarmouth, Nova Scotia [CCS120102004]","2021S05021202004","Cows, beef","Number of animals","Number","223","units","0","v1326986116","84.9.2","182","D","","","0"
"2021","Clare, Nova Scotia [CCS120103001]","2021S05021203001","Cows, beef","Number of animals","Number","223","units","0","v1326986160","86.9.2","","F","","","0"
"2021","Digby, Nova Scotia [CCS120103004]","2021S05021203004","Cows, beef","Number of animals","Number","223","units","0","v1326986182","87.9.2","","F","","","0"
"2021","Queens, Nova Scotia [CCS120104010]","2021S05021204010","Cows, beef","Number of animals","Number","223","units","0","v1326986226","89.9.2","132","E","","","0"
"2021","Lunenburg, Nova Scotia [CCS120106001]","2021S05021206001","Cows, beef","Number of animals","Number","223","units","0","v1326986270","91.9.2","478","E","","","0"
"2021","Chester, Nova Scotia [CCS120106009]","2021S05021206009","Cows, beef","Number of animals","Number","223","units","0","v1326986292","92.9.2","","F","","","0"
"2021","Annapolis, Subd. D, Nova Scotia [CCS120205001]","2021S05021205001","Cows, beef","Number of animals","Number","223","units","0","v1326986358","95.9.2","","F","","","0"
"2021","Annapolis, Subd. A, Nova Scotia [CCS120205004]","2021S05021205004","Cows, beef","Number of animals","Number","223","units","0","v1326986380","96.9.2","171","E","","","0"
"2021","Annapolis, Subd. B, Nova Scotia [CCS120205009]","2021S05021205009","Cows, beef","Number of animals","Number","223","units","0","v1326986402","97.9.2","279","E","","","0"
"2021","Annapolis, Subd. C, Nova Scotia [CCS120205014]","2021S05021205014","Cows, beef","Number of animals","Number","223","units","0","v1326986424","98.9.2","488","B","","","0"
"2021","Kings, Subd. A, Nova Scotia [CCS120207001]","2021S05021207001","Cows, beef","Number of animals","Number","223","units","0","v1326986468","100.9.2","865","D","","","0"
"2021","Kings, Subd. C, Nova Scotia [CCS120207011]","2021S05021207011","Cows, beef","Number of animals","Number","223","units","0","v1326986490","101.9.2","","F","","","0"
"2021","Kings, Subd. B, Nova Scotia [CCS120207016]","2021S05021207016","Cows, beef","Number of animals","Number","223","units","0","v1326986512","102.9.2","456","D","","","0"
"2021","Kings, Subd. D, Nova Scotia [CCS120207021]","2021S05021207021","Cows, beef","Number of animals","Number","223","units","0","v1326986534","103.9.2","251","E","","","0"
"2021","West Hants, Nova Scotia [CCS120208003]","2021S05021208003","Cows, beef","Number of animals","Number","223","units","0","v1326986578","105.9.2","937","B","","","0"
"2021","East Hants, Nova Scotia [CCS120208008]","2021S05021208008","Cows, beef","Number of animals","Number","223","units","0","v1326986600","106.9.2","751","C","","","0"
"2021","Halifax, Nova Scotia [CCS120309034]","2021S05021209034","Cows, beef","Number of animals","Number","223","units","0","v1326986666","109.9.2","738","D","","","0"
"2021","Colchester, Subd. C, Nova Scotia [CCS120310001]","2021S05021210001","Cows, beef","Number of animals","Number","223","units","0","v1326986710","111.9.2","376","E","","","0"
"2021","Colchester, Subd. B, Nova Scotia [CCS120310008]","2021S05021210008","Cows, beef","Number of animals","Number","223","units","0","v1326986732","112.9.2","540","E","","","0"
"2021","Colchester, Subd. A, Nova Scotia [CCS120310012]","2021S05021210012","Cows, beef","Number of animals","Number","223","units","0","v1326986754","113.9.2","979","C","","","0"
"2021","Cumberland, Subd. A, Nova Scotia [CCS120311001]","2021S05021211001","Cows, beef","Number of animals","Number","223","units","0","v1326986798","115.9.2","164","E","","","0"
"2021","Cumberland, Subd. B, Nova Scotia [CCS120311006]","2021S05021211006","Cows, beef","Number of animals","Number","223","units","0","v1326986820","116.9.2","519","D","","","0"
"2021","Cumberland, Subd. C, Nova Scotia [CCS120311009]","2021S05021211009","Cows, beef","Number of animals","Number","223","units","0","v1326986842","117.9.2","1508","B","","","0"
"2021","Cumberland, Subd. D, Nova Scotia [CCS120311014]","2021S05021211014","Cows, beef","Number of animals","Number","223","units","0","v1326986864","118.9.2","1027","C","","","0"
"2021","Pictou, Subd. A, Nova Scotia [CCS120412001]","2021S05021212001","Cows, beef","Number of animals","Number","223","units","0","v1326986930","121.9.2","554","D","","","0"
"2021","Pictou, Subd. B, Nova Scotia [CCS120412006]","2021S05021212006","Cows, beef","Number of animals","Number","223","units","0","v1326986952","122.9.2","259","E","","","0"
"2021","Pictou, Subd. C, Nova Scotia [CCS120412011]","2021S05021212011","Cows, beef","Number of animals","Number","223","units","0","v1326986974","123.9.2","335","E","","","0"
"2021","St. Mary's, Nova Scotia [CCS120413001]","2021S05021213001","Cows, beef","Number of animals","Number","223","units","0","v1326987018","125.9.2","95","B","","","0"
"2021","Guysborough, Nova Scotia [CCS120413004]","2021S05021213004","Cows, beef","Number of animals","Number","223","units","0","v1326987040","126.9.2","","F","","","0"
"2021","Antigonish, Subd. A, Nova Scotia [CCS120414001]","2021S05021214001","Cows, beef","Number of animals","Number","223","units","0","v1326987084","128.9.2","692","B","","","0"
"2021","Antigonish, Subd. B, Nova Scotia [CCS120414006]","2021S05021214006","Cows, beef","Number of animals","Number","223","units","0","v1326987106","129.9.2","562","B","","","0"
"2021","Inverness, Subd. C, Nova Scotia [CCS120515001]","2021S05021215001","Cows, beef","Number of animals","Number","223","units","0","v1326987172","132.9.2","187","D","","","0"
"2021","Inverness, Subd. B, Nova Scotia [CCS120515006]","2021S05021215006","Cows, beef","Number of animals","Number","223","units","0","v1326987194","133.9.2","380","C","","","0"
"2021","Inverness, Subd. A, Nova Scotia [CCS120515011]","2021S05021215011","Cows, beef","Number of animals","Number","223","units","0","v1326987216","134.9.2","217","E","","","0"
"2021","Richmond, Subd. A, Nova Scotia [CCS120516006]","2021S05021216006","Cows, beef","Number of animals","Number","223","units","0","v1326987260","136.9.2","","F","","","0"
"2021","Cape Breton, Nova Scotia [CCS120517030]","2021S05021217030","Cows, beef","Number of animals","Number","223","units","0","v1326987304","138.9.2","","F","","","0"
"2021","Victoria, Subd. B, Nova Scotia [CCS120518001]","2021S05021218001","Cows, beef","Number of animals","Number","223","units","0","v1326987348","140.9.2","","F","","","0"
"2021","New Brunswick [PR130000000]","2021A000213","Cows, beef","Number of animals","Number","223","units","0","v1326987370","141.9.2","11017","A","","","0"
"2021","New Maryland, New Brunswick [CCS130110001]","2021S05021310001","Cows, beef","Number of animals","Number","223","units","0","v1326987436","144.9.2","0","A","","","0"
"2021","Manners Sutton, New Brunswick [CCS130110004]","2021S05021310004","Cows, beef","Number of animals","Number","223","units","0","v1326987458","145.9.2","186","D","","","0"
"2021","Prince William, New Brunswick [CCS130110016]","2021S05021310016","Cows, beef","Number of animals","Number","223","units","0","v1326987480","146.9.2","","F","","","0"
"2021","Kingsclear, New Brunswick [CCS130110018]","2021S05021310018","Cows, beef","Number of animals","Number","223","units","0","v1326987502","147.9.2","","F","","","0"
"2021","Queensbury, New Brunswick [CCS130110021]","2021S05021310021","Cows, beef","Number of animals","Number","223","units","0","v1326987524","148.9.2","190","C","","","0"
"2021","Southampton, New Brunswick [CCS130110024]","2021S05021310024","Cows, beef","Number of animals","Number","223","units","0","v1326987546","149.9.2","195","A","","","0"
"2021","Bright, New Brunswick [CCS130110026]","2021S05021310026","Cows, beef","Number of animals","Number","223","units","0","v1326987568","150.9.2","124","D","","","0"
"2021","Douglas, New Brunswick [CCS130110028]","2021S05021310028","Cows, beef","Number of animals","Number","223","units","0","v1326987590","151.9.2","","F","","","0"
"2021","Saint Marys, New Brunswick [CCS130110031]","2021S05021310031","Cows, beef","Number of animals","Number","223","units","0","v1326987612","152.9.2","248","E","","","0"
"2021","Stanley, New Brunswick [CCS130110036]","2021S05021310036","Cows, beef","Number of animals","Number","223","units","0","v1326987634","153.9.2","","F","","","0"
"2021","Richmond, New Brunswick [CCS130111001]","2021S05021311001","Cows, beef","Number of animals","Number","223","units","0","v1326987678","155.9.2","196","A","","","0"
"2021","Woodstock, New Brunswick [CCS130111004]","2021S05021311004","Cows, beef","Number of animals","Number","223","units","0","v1326987700","156.9.2","99","D","","","0"
"2021","Northampton, New Brunswick [CCS130111008]","2021S05021311008","Cows, beef","Number of animals","Number","223","units","0","v1326987722","157.9.2","120","E","","","0"
"2021","Brighton, New Brunswick [CCS130111011]","2021S05021311011","Cows, beef","Number of animals","Number","223","units","0","v1326987744","158.9.2","135","D","","","0"
"2021","Wakefield, New Brunswick [CCS130111014]","2021S05021311014","Cows, beef","Number of animals","Number","223","units","0","v1326987766","159.9.2","328","D","","","0"
"2021","Wilmot, New Brunswick [CCS130111018]","2021S05021311018","Cows, beef","Number of animals","Number","223","units","0","v1326987788","160.9.2","209","D","","","0"
"2021","Peel, New Brunswick [CCS130111024]","2021S05021311024","Cows, beef","Number of animals","Number","223","units","0","v1326987810","161.9.2","212","B","","","0"
"2021","Aberdeen, New Brunswick [CCS130111026]","2021S05021311026","Cows, beef","Number of animals","Number","223","units","0","v1326987832","162.9.2","84","E","","","0"
"2021","Kent, New Brunswick [CCS130111028]","2021S05021311028","Cows, beef","Number of animals","Number","223","units","0","v1326987854","163.9.2","135","E","","","0"
"2021","Wicklow, New Brunswick [CCS130111031]","2021S05021311031","Cows, beef","Number of animals","Number","223","units","0","v1326987876","164.9.2","346","C","","","0"
"2021","Perth, New Brunswick [CCS130112004]","2021S05021312004","Cows, beef","Number of animals","Number","223","units","0","v1326987920","166.9.2","88","E","","","0"
"2021","Denmark, New Brunswick [CCS130112014]","2021S05021312014","Cows, beef","Number of animals","Number","223","units","0","v1326987942","167.9.2","25","B","","","0"
"2021","Grand Falls, New Brunswick [CCS130112016]","2021S05021312016","Cows, beef","Number of animals","Number","223","units","0","v1326987964","168.9.2","","F","","","0"
"2021","Drummond, New Brunswick [CCS130112021]","2021S05021312021","Cows, beef","Number of animals","Number","223","units","0","v1326987986","169.9.2","","F","","","0"
"2021","Saint-André, New Brunswick [CCS130113002]","2021S05021313002","Cows, beef","Number of animals","Number","223","units","0","v1326988030","171.9.2","62","E","","","0"
"2021","Saint-Léonard, New Brunswick [CCS130113004]","2021S05021313004","Cows, beef","Number of animals","Number","223","units","0","v1326988052","172.9.2","171","E","","","0"
"2021","Saint-Joseph, New Brunswick [CCS130113022]","2021S05021313022","Cows, beef","Number of animals","Number","223","units","0","v1326988074","173.9.2","301","C","","","0"
"2021","Edmundston, New Brunswick [CCS130113027]","2021S05021313027","Cows, beef","Number of animals","Number","223","units","0","v1326988096","174.9.2","0","A","","","0"
"2021","Haut-Madawaska, New Brunswick [CCS130113031]","2021S05021313031","Cows, beef","Number of animals","Number","223","units","0","v1326988118","175.9.2","206","E","","","0"
"2021","Saint Martins, New Brunswick [CCS130201001]","2021S05021301001","Cows, beef","Number of animals","Number","223","units","0","v1326988184","178.9.2","68","E","","","0"
"2021","Campobello Island, New Brunswick [CCS130202004]","2021S05021302004","Cows, beef","Number of animals","Number","223","units","0","v1326988228","180.9.2","0","A","","","0"
"2021","West Isles, New Brunswick [CCS130202006]","2021S05021302006","Cows, beef","Number of animals","Number","223","units","0","v1326988250","181.9.2","0","A","","","0"
"2021","Lepreau, New Brunswick [CCS130202008]","2021S05021302008","Cows, beef","Number of animals","Number","223","units","0","v1326988272","182.9.2","0","A","","","0"
"2021","Pennfield, New Brunswick [CCS130202011]","2021S05021302011","Cows, beef","Number of animals","Number","223","units","0","v1326988294","183.9.2","","F","","","0"
"2021","Saint James, New Brunswick [CCS130202039]","2021S05021302039","Cows, beef","Number of animals","Number","223","units","0","v1326988316","184.9.2","","F","","","0"
"2021","Saint David, New Brunswick [CCS130202042]","2021S05021302042","Cows, beef","Number of animals","Number","223","units","0","v1326988338","185.9.2","111","A","","","0"
"2021","Dumbarton, New Brunswick [CCS130202044]","2021S05021302044","Cows, beef","Number of animals","Number","223","units","0","v1326988360","186.9.2","","F","","","0"
"2021","Blissville, New Brunswick [CCS130203001]","2021S05021303001","Cows, beef","Number of animals","Number","223","units","0","v1326988404","188.9.2","60","E","","","0"
"2021","Lincoln, New Brunswick [CCS130203008]","2021S05021303008","Cows, beef","Number of animals","Number","223","units","0","v1326988426","189.9.2","89","D","","","0"
"2021","Maugerville, New Brunswick [CCS130203016]","2021S05021303016","Cows, beef","Number of animals","Number","223","units","0","v1326988448","190.9.2","0","A","","","0"
"2021","Gagetown, New Brunswick [CCS130204004]","2021S05021304004","Cows, beef","Number of animals","Number","223","units","0","v1326988492","192.9.2","217","E","","","0"
"2021","Wickham, New Brunswick [CCS130204008]","2021S05021304008","Cows, beef","Number of animals","Number","223","units","0","v1326988514","193.9.2","216","D","","","0"
"2021","Cambridge, New Brunswick [CCS130204011]","2021S05021304011","Cows, beef","Number of animals","Number","223","units","0","v1326988536","194.9.2","97","D","","","0"
"2021","Chipman, New Brunswick [CCS130204024]","2021S05021304024","Cows, beef","Number of animals","Number","223","units","0","v1326988558","195.9.2","93","E","","","0"
"2021","Hampton, New Brunswick [CCS130205006]","2021S05021305006","Cows, beef","Number of animals","Number","223","units","0","v1326988602","197.9.2","352","D","","","0"
"2021","Kingston, New Brunswick [CCS130205014]","2021S05021305014","Cows, beef","Number of animals","Number","223","units","0","v1326988624","198.9.2","57","A","","","0"
"2021","Grand Bay-Westfield, New Brunswick [CCS130205015]","2021S05021305015","Cows, beef","Number of animals","Number","223","units","0","v1326988646","199.9.2","0","A","","","0"
"2021","Norton, New Brunswick [CCS130205016]","2021S05021305016","Cows, beef","Number of animals","Number","223","units","0","v1326988668","200.9.2","345","C","","","0"
"2021","Sussex, New Brunswick [CCS130205021]","2021S05021305021","Cows, beef","Number of animals","Number","223","units","0","v1326988690","201.9.2","170","E","","","0"
"2021","Waterford, New Brunswick [CCS130205024]","2021S05021305024","Cows, beef","Number of animals","Number","223","units","0","v1326988712","202.9.2","80","A","","","0"
"2021","Cardwell, New Brunswick [CCS130205026]","2021S05021305026","Cows, beef","Number of animals","Number","223","units","0","v1326988734","203.9.2","","F","","","0"
"2021","Havelock, New Brunswick [CCS130205028]","2021S05021305028","Cows, beef","Number of animals","Number","223","units","0","v1326988756","204.9.2","137","E","","","0"
"2021","Studholm, New Brunswick [CCS130205031]","2021S05021305031","Cows, beef","Number of animals","Number","223","units","0","v1326988778","205.9.2","378","D","","","0"
"2021","Springfield, New Brunswick [CCS130205034]","2021S05021305034","Cows, beef","Number of animals","Number","223","units","0","v1326988800","206.9.2","123","A","","","0"
"2021","Kars, New Brunswick [CCS130205036]","2021S05021305036","Cows, beef","Number of animals","Number","223","units","0","v1326988822","207.9.2","","F","","","0"
"2021","Rothesay, New Brunswick [CCS130205045]","2021S05021305045","Cows, beef","Number of animals","Number","223","units","0","v1326988844","208.9.2","","F","","","0"
"2021","Hopewell, New Brunswick [CCS130306001]","2021S05021306001","Cows, beef","Number of animals","Number","223","units","0","v1326988910","211.9.2","228","D","","","0"
"2021","Alma, New Brunswick [CCS130306007]","2021S05021306007","Cows, beef","Number of animals","Number","223","units","0","v1326988932","212.9.2","12","C","","","0"
"2021","Elgin, New Brunswick [CCS130306008]","2021S05021306008","Cows, beef","Number of animals","Number","223","units","0","v1326988954","213.9.2","78","D","","","0"
"2021","Hillsborough, New Brunswick [CCS130306011]","2021S05021306011","Cows, beef","Number of animals","Number","223","units","0","v1326988976","214.9.2","","F","","","0"
"2021","Coverdale, New Brunswick [CCS130306014]","2021S05021306014","Cows, beef","Number of animals","Number","223","units","0","v1326988998","215.9.2","","F","","","0"
"2021","Westmorland, New Brunswick [CCS130307001]","2021S05021307001","Cows, beef","Number of animals","Number","223","units","0","v1326989042","217.9.2","190","D","","","0"
"2021","Botsford, New Brunswick [CCS130307004]","2021S05021307004","Cows, beef","Number of animals","Number","223","units","0","v1326989064","218.9.2","341","C","","","0"
"2021","Beaubassin East, New Brunswick [CCS130307005]","2021S05021307005","Cows, beef","Number of animals","Number","223","units","0","v1326989086","219.9.2","367","D","","","0"
"2021","Sackville, New Brunswick [CCS130307008]","2021S05021307008","Cows, beef","Number of animals","Number","223","units","0","v1326989108","220.9.2","659","C","","","0"
"2021","Memramcook, New Brunswick [CCS130307013]","2021S05021307013","Cows, beef","Number of animals","Number","223","units","0","v1326989130","221.9.2","293","C","","","0"
"2021","Moncton, New Brunswick [CCS130307019]","2021S05021307019","Cows, beef","Number of animals","Number","223","units","0","v1326989152","222.9.2","232","E","","","0"
"2021","Salisbury, New Brunswick [CCS130307024]","2021S05021307024","Cows, beef","Number of animals","Number","223","units","0","v1326989174","223.9.2","428","D","","","0"
"2021","Dundas, New Brunswick [CCS130308001]","2021S05021308001","Cows, beef","Number of animals","Number","223","units","0","v1326989218","225.9.2","","F","","","0"
"2021","Wellington, New Brunswick [CCS130308004]","2021S05021308004","Cows, beef","Number of animals","Number","223","units","0","v1326989240","226.9.2","","F","","","0"
"2021","Saint Mary, New Brunswick [CCS130308006]","2021S05021308006","Cows, beef","Number of animals","Number","223","units","0","v1326989262","227.9.2","325","B","","","0"
"2021","Weldford, New Brunswick [CCS130308014]","2021S05021308014","Cows, beef","Number of animals","Number","223","units","0","v1326989284","228.9.2","367","B","","","0"
"2021","Richibucto, New Brunswick [CCS130308016]","2021S05021308016","Cows, beef","Number of animals","Number","223","units","0","v1326989306","229.9.2","37","D","","","0"
"2021","Saint-Charles, New Brunswick [CCS130308019]","2021S05021308019","Cows, beef","Number of animals","Number","223","units","0","v1326989328","230.9.2","0","A","","","0"
"2021","Glenelg, New Brunswick [CCS130409004]","2021S05021309004","Cows, beef","Number of animals","Number","223","units","0","v1326989394","233.9.2","76","D","","","0"
"2021","Southesk, New Brunswick [CCS130409026]","2021S05021309026","Cows, beef","Number of animals","Number","223","units","0","v1326989416","234.9.2","99","D","","","0"
"2021","Newcastle, New Brunswick [CCS130409031]","2021S05021309031","Cows, beef","Number of animals","Number","223","units","0","v1326989438","235.9.2","","F","","","0"
"2021","Alnwick, New Brunswick [CCS130409036]","2021S05021309036","Cows, beef","Number of animals","Number","223","units","0","v1326989460","236.9.2","72","D","","","0"
"2021","Durham, New Brunswick [CCS130414001]","2021S05021314001","Cows, beef","Number of animals","Number","223","units","0","v1326989504","238.9.2","102","E","","","0"
"2021","Dalhousie, New Brunswick [CCS130414008]","2021S05021314008","Cows, beef","Number of animals","Number","223","units","0","v1326989526","239.9.2","","F","","","0"
"2021","Saint-Quentin, New Brunswick [CCS130414021]","2021S05021314021","Cows, beef","Number of animals","Number","223","units","0","v1326989548","240.9.2","","F","","","0"
"2021","Tracadie, New Brunswick [CCS130415002]","2021S05021315002","Cows, beef","Number of animals","Number","223","units","0","v1326989592","242.9.2","","F","","","0"
"2021","Beresford, New Brunswick [CCS130415012]","2021S05021315012","Cows, beef","Number of animals","Number","223","units","0","v1326989614","243.9.2","","F","","","0"
"2021","New Bandon, New Brunswick [CCS130415016]","2021S05021315016","Cows, beef","Number of animals","Number","223","units","0","v1326989636","244.9.2","109","E","","","0"
"2021","Paquetville, New Brunswick [CCS130415019]","2021S05021315019","Cows, beef","Number of animals","Number","223","units","0","v1326989658","245.9.2","","F","","","0"
"2021","Caraquet, New Brunswick [CCS130415026]","2021S05021315026","Cows, beef","Number of animals","Number","223","units","0","v1326989680","246.9.2","0","A","","","0"
"2021","Shippagan, New Brunswick [CCS130415029]","2021S05021315029","Cows, beef","Number of animals","Number","223","units","0","v1326989702","247.9.2","0","A","","","0"
"2021","Quebec [PR240000000]","2021A000224","Cows, beef","Number of animals","Number","223","units","0","v1326989724","248.9.2","126554","A","","","0"
"2021","Causapscal, Quebec [CCS240107018]","2021S05022407018","Cows, beef","Number of animals","Number","223","units","0","v1326989790","251.9.2","664","C","","","0"
"2021","Albertville, Quebec [CCS240107025]","2021S05022407025","Cows, beef","Number of animals","Number","223","units","0","v1326989812","252.9.2","198","D","","","0"
"2021","Saint-Léon-le-Grand, Quebec [CCS240107030]","2021S05022407030","Cows, beef","Number of animals","Number","223","units","0","v1326989834","253.9.2","426","C","","","0"
"2021","Amqui, Quebec [CCS240107047]","2021S05022407047","Cows, beef","Number of animals","Number","223","units","0","v1326989856","254.9.2","426","C","","","0"
"2021","Val-Brillant, Quebec [CCS240107080]","2021S05022407080","Cows, beef","Number of animals","Number","223","units","0","v1326989878","255.9.2","344","B","","","0"
"2021","Sayabec, Quebec [CCS240107085]","2021S05022407085","Cows, beef","Number of animals","Number","223","units","0","v1326989900","256.9.2","343","D","","","0"
"2021","Saint-Cléophas, Quebec [CCS240107090]","2021S05022407090","Cows, beef","Number of animals","Number","223","units","0","v1326989922","257.9.2","693","B","","","0"
"2021","Routhierville, Quebec [CCS240107902]","2021S05022407902","Cows, beef","Number of animals","Number","223","units","0","v1326989944","258.9.2","0","A","","","0"
"2021","Ruisseau-des-Mineurs, Quebec [CCS240107910]","2021S05022407910","Cows, beef","Number of animals","Number","223","units","0","v1326989966","259.9.2","0","A","","","0"
"2021","Lac-Alfred, Quebec [CCS240107912]","2021S05022407912","Cows, beef","Number of animals","Number","223","units","0","v1326989988","260.9.2","0","A","","","0"
"2021","Lac-Matapédia, Quebec [CCS240107914]","2021S05022407914","Cows, beef","Number of animals","Number","223","units","0","v1326990010","261.9.2","121","E","","","0"
"2021","Grosses-Roches, Quebec [CCS240108015]","2021S05022408015","Cows, beef","Number of animals","Number","223","units","0","v1326990054","263.9.2","0","A","","","0"
"2021","Sainte-Félicité, Quebec [CCS240108023]","2021S05022408023","Cows, beef","Number of animals","Number","223","units","0","v1326990076","264.9.2","100","D","","","0"
"2021","Matane, Quebec [CCS240108053]","2021S05022408053","Cows, beef","Number of animals","Number","223","units","0","v1326990098","265.9.2","423","B","","","0"
"2021","Saint-Ulric, Quebec [CCS240108073]","2021S05022408073","Cows, beef","Number of animals","Number","223","units","0","v1326990120","266.9.2","475","B","","","0"
"2021","Baie-des-Sables, Quebec [CCS240108080]","2021S05022408080","Cows, beef","Number of animals","Number","223","units","0","v1326990142","267.9.2","390","B","","","0"
"2021","Rivière-Bonjour, Quebec [CCS240108902]","2021S05022408902","Cows, beef","Number of animals","Number","223","units","0","v1326990164","268.9.2","0","A","","","0"
"2021","Sainte-Jeanne-d'Arc, Quebec [CCS240109020]","2021S05022409020","Cows, beef","Number of animals","Number","223","units","0","v1326990208","270.9.2","17","B","","","0"
"2021","Saint-Gabriel-de-Rimouski, Quebec [CCS240109025]","2021S05022409025","Cows, beef","Number of animals","Number","223","units","0","v1326990230","271.9.2","211","E","","","0"
"2021","Sainte-Angèle-de-Mérici, Quebec [CCS240109035]","2021S05022409035","Cows, beef","Number of animals","Number","223","units","0","v1326990252","272.9.2","206","E","","","0"
"2021","Saint-Octave-de-Métis, Quebec [CCS240109055]","2021S05022409055","Cows, beef","Number of animals","Number","223","units","0","v1326990274","273.9.2","471","D","","","0"
"2021","Sainte-Flavie, Quebec [CCS240109085]","2021S05022409085","Cows, beef","Number of animals","Number","223","units","0","v1326990296","274.9.2","124","E","","","0"
"2021","Sainte-Luce, Quebec [CCS240109092]","2021S05022409092","Cows, beef","Number of animals","Number","223","units","0","v1326990318","275.9.2","112","E","","","0"
"2021","Lac-des-Eaux-Mortes, Quebec [CCS240109902]","2021S05022409902","Cows, beef","Number of animals","Number","223","units","0","v1326990340","276.9.2","208","D","","","0"
"2021","Lac-à-la-Croix, Quebec [CCS240109904]","2021S05022409904","Cows, beef","Number of animals","Number","223","units","0","v1326990362","277.9.2","0","A","","","0"
"2021","Esprit-Saint, Quebec [CCS240110005]","2021S05022410005","Cows, beef","Number of animals","Number","223","units","0","v1326990406","279.9.2","147","E","","","0"
"2021","Rimouski, Quebec [CCS240110043]","2021S05022410043","Cows, beef","Number of animals","Number","223","units","0","v1326990428","280.9.2","501","E","","","0"
"2021","Saint-Fabien, Quebec [CCS240110070]","2021S05022410070","Cows, beef","Number of animals","Number","223","units","0","v1326990450","281.9.2","","F","","","0"
"2021","Lac-Huron, Quebec [CCS240110902]","2021S05022410902","Cows, beef","Number of animals","Number","223","units","0","v1326990472","282.9.2","123","E","","","0"
"2021","Saint-Clément, Quebec [CCS240111005]","2021S05022411005","Cows, beef","Number of animals","Number","223","units","0","v1326990516","284.9.2","","F","","","0"
"2021","Saint-Jean-de-Dieu, Quebec [CCS240111010]","2021S05022411010","Cows, beef","Number of animals","Number","223","units","0","v1326990538","285.9.2","256","D","","","0"
"2021","Saint-Guy, Quebec [CCS240111020]","2021S05022411020","Cows, beef","Number of animals","Number","223","units","0","v1326990560","286.9.2","0","A","","","0"
"2021","Saint-Éloi, Quebec [CCS240111035]","2021S05022411035","Cows, beef","Number of animals","Number","223","units","0","v1326990582","287.9.2","","F","","","0"
"2021","Notre-Dame-des-Neiges, Quebec [CCS240111045]","2021S05022411045","Cows, beef","Number of animals","Number","223","units","0","v1326990604","288.9.2","","F","","","0"
"2021","Saint-Mathieu-de-Rioux, Quebec [CCS240111050]","2021S05022411050","Cows, beef","Number of animals","Number","223","units","0","v1326990626","289.9.2","","F","","","0"
"2021","Saint-Simon-de-Rimouski, Quebec [CCS240111055]","2021S05022411055","Cows, beef","Number of animals","Number","223","units","0","v1326990648","290.9.2","8","D","","","0"
"2021","Saint-Cyprien, Quebec [CCS240112005]","2021S05022412005","Cows, beef","Number of animals","Number","223","units","0","v1326990692","292.9.2","","F","","","0"
"2021","Saint-Hubert-de-Rivière-du-Loup, Quebec [CCS240112010]","2021S05022412010","Cows, beef","Number of animals","Number","223","units","0","v1326990714","293.9.2","142","E","","","0"
"2021","Saint-Antonin, Quebec [CCS240112015]","2021S05022412015","Cows, beef","Number of animals","Number","223","units","0","v1326990736","294.9.2","","F","","","0"
"2021","Saint-Épiphane, Quebec [CCS240112030]","2021S05022412030","Cows, beef","Number of animals","Number","223","units","0","v1326990758","295.9.2","545","C","","","0"
"2021","L'Isle-Verte, Quebec [CCS240112043]","2021S05022412043","Cows, beef","Number of animals","Number","223","units","0","v1326990780","296.9.2","","F","","","0"
"2021","Cacouna, Quebec [CCS240112057]","2021S05022412057","Cows, beef","Number of animals","Number","223","units","0","v1326990802","297.9.2","","F","","","0"
"2021","Saint-Arsène, Quebec [CCS240112065]","2021S05022412065","Cows, beef","Number of animals","Number","223","units","0","v1326990824","298.9.2","238","E","","","0"
"2021","Rivière-du-Loup, Quebec [CCS240112072]","2021S05022412072","Cows, beef","Number of animals","Number","223","units","0","v1326990846","299.9.2","206","E","","","0"
"2021","Dégelis, Quebec [CCS240113005]","2021S05022413005","Cows, beef","Number of animals","Number","223","units","0","v1326990890","301.9.2","189","E","","","0"
"2021","Saint-Jean-de-la-Lande, Quebec [CCS240113010]","2021S05022413010","Cows, beef","Number of animals","Number","223","units","0","v1326990912","302.9.2","326","E","","","0"
"2021","Saint-Eusèbe, Quebec [CCS240113030]","2021S05022413030","Cows, beef","Number of animals","Number","223","units","0","v1326990934","303.9.2","","F","","","0"
"2021","Auclair, Quebec [CCS240113045]","2021S05022413045","Cows, beef","Number of animals","Number","223","units","0","v1326990956","304.9.2","","F","","","0"
"2021","Lejeune, Quebec [CCS240113050]","2021S05022413050","Cows, beef","Number of animals","Number","223","units","0","v1326990978","305.9.2","0","A","","","0"
"2021","Biencourt, Quebec [CCS240113055]","2021S05022413055","Cows, beef","Number of animals","Number","223","units","0","v1326991000","306.9.2","","F","","","0"
"2021","Lac-des-Aigles, Quebec [CCS240113060]","2021S05022413060","Cows, beef","Number of animals","Number","223","units","0","v1326991022","307.9.2","","F","","","0"
"2021","Témiscouata-sur-le-Lac, Quebec [CCS240113073]","2021S05022413073","Cows, beef","Number of animals","Number","223","units","0","v1326991044","308.9.2","","F","","","0"
"2021","Saint-Elzéar-de-Témiscouata, Quebec [CCS240113085]","2021S05022413085","Cows, beef","Number of animals","Number","223","units","0","v1326991066","309.9.2","","F","","","0"
"2021","Pohénégamook, Quebec [CCS240113095]","2021S05022413095","Cows, beef","Number of animals","Number","223","units","0","v1326991088","310.9.2","","F","","","0"
"2021","Mont-Carmel, Quebec [CCS240114005]","2021S05022414005","Cows, beef","Number of animals","Number","223","units","0","v1326991132","312.9.2","93","E","","","0"
"2021","Saint-Bruno-de-Kamouraska, Quebec [CCS240114010]","2021S05022414010","Cows, beef","Number of animals","Number","223","units","0","v1326991154","313.9.2","243","E","","","0"
"2021","Saint-Pascal, Quebec [CCS240114018]","2021S05022414018","Cows, beef","Number of animals","Number","223","units","0","v1326991176","314.9.2","191","E","","","0"
"2021","Saint-Alexandre-de-Kamouraska, Quebec [CCS240114035]","2021S05022414035","Cows, beef","Number of animals","Number","223","units","0","v1326991198","315.9.2","293","C","","","0"
"2021","Saint-André-de-Kamouraska, Quebec [CCS240114040]","2021S05022414040","Cows, beef","Number of animals","Number","223","units","0","v1326991220","316.9.2","","F","","","0"
"2021","Saint-Germain, Quebec [CCS240114045]","2021S05022414045","Cows, beef","Number of animals","Number","223","units","0","v1326991242","317.9.2","0","A","","","0"
"2021","Kamouraska, Quebec [CCS240114050]","2021S05022414050","Cows, beef","Number of animals","Number","223","units","0","v1326991264","318.9.2","","F","","","0"
"2021","Saint-Denis-De La Bouteillerie, Quebec [CCS240114055]","2021S05022414055","Cows, beef","Number of animals","Number","223","units","0","v1326991286","319.9.2","194","B","","","0"
"2021","Saint-Philippe-de-Néri, Quebec [CCS240114060]","2021S05022414060","Cows, beef","Number of animals","Number","223","units","0","v1326991308","320.9.2","","F","","","0"
"2021","Rivière-Ouelle, Quebec [CCS240114065]","2021S05022414065","Cows, beef","Number of animals","Number","223","units","0","v1326991330","321.9.2","66","E","","","0"
"2021","Saint-Pacôme, Quebec [CCS240114070]","2021S05022414070","Cows, beef","Number of animals","Number","223","units","0","v1326991352","322.9.2","96","E","","","0"
"2021","Saint-Onésime-d'Ixworth, Quebec [CCS240114080]","2021S05022414080","Cows, beef","Number of animals","Number","223","units","0","v1326991374","323.9.2","","F","","","0"
"2021","Sainte-Anne-de-la-Pocatière, Quebec [CCS240114090]","2021S05022414090","Cows, beef","Number of animals","Number","223","units","0","v1326991396","324.9.2","","F","","","0"
"2021","Petit-Lac-Sainte-Anne, Quebec [CCS240114904]","2021S05022414904","Cows, beef","Number of animals","Number","223","units","0","v1326991418","325.9.2","0","A","","","0"
"2021","Chambord, Quebec [CCS240291020]","2021S05022491020","Cows, beef","Number of animals","Number","223","units","0","v1326991484","328.9.2","","F","","","0"
"2021","Saint-Prime, Quebec [CCS240291035]","2021S05022491035","Cows, beef","Number of animals","Number","223","units","0","v1326991506","329.9.2","","F","","","0"
"2021","Saint-Félicien, Quebec [CCS240291042]","2021S05022491042","Cows, beef","Number of animals","Number","223","units","0","v1326991528","330.9.2","542","E","","","0"
"2021","Lac-Ashuapmushuan, Quebec [CCS240291902]","2021S05022491902","Cows, beef","Number of animals","Number","223","units","0","v1326991550","331.9.2","740","D","","","0"
"2021","Saint-Augustin, Quebec [CCS240292005]","2021S05022492005","Cows, beef","Number of animals","Number","223","units","0","v1326991594","333.9.2","447","E","","","0"
"2021","Albanel, Quebec [CCS240292030]","2021S05022492030","Cows, beef","Number of animals","Number","223","units","0","v1326991616","334.9.2","","F","","","0"
"2021","Normandin, Quebec [CCS240292040]","2021S05022492040","Cows, beef","Number of animals","Number","223","units","0","v1326991638","335.9.2","501","D","","","0"
"2021","Saint-Edmond-les-Plaines, Quebec [CCS240292050]","2021S05022492050","Cows, beef","Number of animals","Number","223","units","0","v1326991660","336.9.2","487","D","","","0"
"2021","Saint-Eugène-d'Argentenay, Quebec [CCS240292065]","2021S05022492065","Cows, beef","Number of animals","Number","223","units","0","v1326991682","337.9.2","704","D","","","0"
"2021","Passes-Dangereuses, Quebec [CCS240292902]","2021S05022492902","Cows, beef","Number of animals","Number","223","units","0","v1326991704","338.9.2","","F","","","0"
"2021","Rivière-Mistassini, Quebec [CCS240292904]","2021S05022492904","Cows, beef","Number of animals","Number","223","units","0","v1326991726","339.9.2","0","A","","","0"
"2021","Métabetchouan--Lac-à-la-Croix, Quebec [CCS240293012]","2021S05022493012","Cows, beef","Number of animals","Number","223","units","0","v1326991770","341.9.2","","F","","","0"
"2021","Hébertville, Quebec [CCS240293020]","2021S05022493020","Cows, beef","Number of animals","Number","223","units","0","v1326991792","342.9.2","","F","","","0"
"2021","Saint-Bruno, Quebec [CCS240293030]","2021S05022493030","Cows, beef","Number of animals","Number","223","units","0","v1326991814","343.9.2","","F","","","0"
"2021","Saint-Gédéon, Quebec [CCS240293035]","2021S05022493035","Cows, beef","Number of animals","Number","223","units","0","v1326991836","344.9.2","","F","","","0"
"2021","Alma, Quebec [CCS240293042]","2021S05022493042","Cows, beef","Number of animals","Number","223","units","0","v1326991858","345.9.2","","F","","","0"
"2021","Saint-Nazaire, Quebec [CCS240293045]","2021S05022493045","Cows, beef","Number of animals","Number","223","units","0","v1326991880","346.9.2","409","D","","","0"
"2021","L'Ascension-de-Notre-Seigneur, Quebec [CCS240293065]","2021S05022493065","Cows, beef","Number of animals","Number","223","units","0","v1326991902","347.9.2","","F","","","0"
"2021","Saint-Henri-de-Taillon, Quebec [CCS240293070]","2021S05022493070","Cows, beef","Number of animals","Number","223","units","0","v1326991924","348.9.2","","F","","","0"
"2021","Lac-Moncouche, Quebec [CCS240293904]","2021S05022493904","Cows, beef","Number of animals","Number","223","units","0","v1326991946","349.9.2","0","A","","","0"
"2021","Lac-Achouakan, Quebec [CCS240293906]","2021S05022493906","Cows, beef","Number of animals","Number","223","units","0","v1326991968","350.9.2","0","A","","","0"
"2021","Belle-Rivière, Quebec [CCS240293908]","2021S05022493908","Cows, beef","Number of animals","Number","223","units","0","v1326991990","351.9.2","0","A","","","0"
"2021","Saguenay, Quebec [CCS240294068]","2021S05022494068","Cows, beef","Number of animals","Number","223","units","0","v1326992034","353.9.2","421","E","","","0"
"2021","Petit-Saguenay, Quebec [CCS240294205]","2021S05022494205","Cows, beef","Number of animals","Number","223","units","0","v1326992056","354.9.2","","F","","","0"
"2021","Saint-Fulgence, Quebec [CCS240294235]","2021S05022494235","Cows, beef","Number of animals","Number","223","units","0","v1326992078","355.9.2","126","D","","","0"
"2021","Saint-Honoré, Quebec [CCS240294240]","2021S05022494240","Cows, beef","Number of animals","Number","223","units","0","v1326992100","356.9.2","305","D","","","0"
"2021","Saint-Ambroise, Quebec [CCS240294255]","2021S05022494255","Cows, beef","Number of animals","Number","223","units","0","v1326992122","357.9.2","805","D","","","0"
"2021","Lalemant, Quebec [CCS240294926]","2021S05022494926","Cows, beef","Number of animals","Number","223","units","0","v1326992144","358.9.2","0","A","","","0"
"2021","Lac-Ministuk, Quebec [CCS240294928]","2021S05022494928","Cows, beef","Number of animals","Number","223","units","0","v1326992166","359.9.2","0","A","","","0"
"2021","Mont-Valin, Quebec [CCS240294930]","2021S05022494930","Cows, beef","Number of animals","Number","223","units","0","v1326992188","360.9.2","0","A","","","0"
"2021","Sacré-Coeur, Quebec [CCS240295010]","2021S05022495010","Cows, beef","Number of animals","Number","223","units","0","v1326992232","362.9.2","335","D","","","0"
"2021","Les Bergeronnes, Quebec [CCS240295018]","2021S05022495018","Cows, beef","Number of animals","Number","223","units","0","v1326992254","363.9.2","","F","","","0"
"2021","Lac-au-Brochet, Quebec [CCS240295902]","2021S05022495902","Cows, beef","Number of animals","Number","223","units","0","v1326992276","364.9.2","0","A","","","0"
"2021","Baie-Comeau, Quebec [CCS240296020]","2021S05022496020","Cows, beef","Number of animals","Number","223","units","0","v1326992320","366.9.2","0","A","","","0"
"2021","Port-Cartier, Quebec [CCS240297022]","2021S05022497022","Cows, beef","Number of animals","Number","223","units","0","v1326992364","368.9.2","0","A","","","0"
"2021","Longue-Pointe-de-Mingan, Quebec [CCS240298045]","2021S05022498045","Cows, beef","Number of animals","Number","223","units","0","v1326992408","370.9.2","","F","","","0"
"2021","Saint-Irénée, Quebec [CCS240315005]","2021S05022415005","Cows, beef","Number of animals","Number","223","units","0","v1326992474","373.9.2","310","C","","","0"
"2021","La Malbaie, Quebec [CCS240315013]","2021S05022415013","Cows, beef","Number of animals","Number","223","units","0","v1326992496","374.9.2","574","D","","","0"
"2021","Mont-Élie, Quebec [CCS240315902]","2021S05022415902","Cows, beef","Number of animals","Number","223","units","0","v1326992518","375.9.2","0","A","","","0"
"2021","Sagard, Quebec [CCS240315904]","2021S05022415904","Cows, beef","Number of animals","Number","223","units","0","v1326992540","376.9.2","0","A","","","0"
"2021","Baie-Saint-Paul, Quebec [CCS240316013]","2021S05022416013","Cows, beef","Number of animals","Number","223","units","0","v1326992584","378.9.2","516","C","","","0"
"2021","Les Éboulements, Quebec [CCS240316048]","2021S05022416048","Cows, beef","Number of animals","Number","223","units","0","v1326992606","379.9.2","231","E","","","0"
"2021","Saint-Hilarion, Quebec [CCS240316050]","2021S05022416050","Cows, beef","Number of animals","Number","223","units","0","v1326992628","380.9.2","234","D","","","0"
"2021","Saint-François-de-l'Île-d'Orléans, Quebec [CCS240320005]","2021S05022420005","Cows, beef","Number of animals","Number","223","units","0","v1326992672","382.9.2","0","A","","","0"
"2021","Sainte-Famille-de-l'Île-d'Orléans, Quebec [CCS240320010]","2021S05022420010","Cows, beef","Number of animals","Number","223","units","0","v1326992694","383.9.2","0","A","","","0"
"2021","Saint-Jean-de-l'Île-d'Orléans, Quebec [CCS240320015]","2021S05022420015","Cows, beef","Number of animals","Number","223","units","0","v1326992716","384.9.2","0","A","","","0"
"2021","Saint-Laurent-de-l'Île-d'Orléans, Quebec [CCS240320020]","2021S05022420020","Cows, beef","Number of animals","Number","223","units","0","v1326992738","385.9.2","","F","","","0"
"2021","Saint-Pierre-de-l'Île-d'Orléans, Quebec [CCS240320025]","2021S05022420025","Cows, beef","Number of animals","Number","223","units","0","v1326992760","386.9.2","0","A","","","0"
"2021","Saint-Tite-des-Caps, Quebec [CCS240321005]","2021S05022421005","Cows, beef","Number of animals","Number","223","units","0","v1326992804","388.9.2","","F","","","0"
"2021","Sainte-Anne-de-Beaupré, Quebec [CCS240321030]","2021S05022421030","Cows, beef","Number of animals","Number","223","units","0","v1326992826","389.9.2","","F","","","0"
"2021","Château-Richer, Quebec [CCS240321035]","2021S05022421035","Cows, beef","Number of animals","Number","223","units","0","v1326992848","390.9.2","","F","","","0"
"2021","L'Ange-Gardien, Quebec [CCS240321040]","2021S05022421040","Cows, beef","Number of animals","Number","223","units","0","v1326992870","391.9.2","","F","","","0"
"2021","Sainte-Catherine-de-la-Jacques-Cartier, Quebec [CCS240322005]","2021S05022422005","Cows, beef","Number of animals","Number","223","units","0","v1326992914","393.9.2","","F","","","0"
"2021","Saint-Gabriel-de-Valcartier, Quebec [CCS240322025]","2021S05022422025","Cows, beef","Number of animals","Number","223","units","0","v1326992936","394.9.2","","F","","","0"
"2021","Lac-Croche, Quebec [CCS240322902]","2021S05022422902","Cows, beef","Number of animals","Number","223","units","0","v1326992958","395.9.2","0","A","","","0"
"2021","Québec, Quebec [CCS240323027]","2021S05022423027","Cows, beef","Number of animals","Number","223","units","0","v1326993002","397.9.2","","F","","","0"
"2021","Neuville, Quebec [CCS240334007]","2021S05022434007","Cows, beef","Number of animals","Number","223","units","0","v1326993046","399.9.2","","F","","","0"
"2021","Pont-Rouge, Quebec [CCS240334017]","2021S05022434017","Cows, beef","Number of animals","Number","223","units","0","v1326993068","400.9.2","162","D","","","0"
"2021","Cap-Santé, Quebec [CCS240334030]","2021S05022434030","Cows, beef","Number of animals","Number","223","units","0","v1326993090","401.9.2","","F","","","0"
"2021","Saint-Basile, Quebec [CCS240334038]","2021S05022434038","Cows, beef","Number of animals","Number","223","units","0","v1326993112","402.9.2","","F","","","0"
"2021","Deschambault-Grondines, Quebec [CCS240334058]","2021S05022434058","Cows, beef","Number of animals","Number","223","units","0","v1326993134","403.9.2","208","D","","","0"
"2021","Saint-Gilbert, Quebec [CCS240334060]","2021S05022434060","Cows, beef","Number of animals","Number","223","units","0","v1326993156","404.9.2","139","E","","","0"
"2021","Saint-Casimir, Quebec [CCS240334078]","2021S05022434078","Cows, beef","Number of animals","Number","223","units","0","v1326993178","405.9.2","199","B","","","0"
"2021","Saint-Thuribe, Quebec [CCS240334085]","2021S05022434085","Cows, beef","Number of animals","Number","223","units","0","v1326993200","406.9.2","","F","","","0"
"2021","Saint-Ubalde, Quebec [CCS240334090]","2021S05022434090","Cows, beef","Number of animals","Number","223","units","0","v1326993222","407.9.2","","F","","","0"
"2021","Saint-Alban, Quebec [CCS240334097]","2021S05022434097","Cows, beef","Number of animals","Number","223","units","0","v1326993244","408.9.2","","F","","","0"
"2021","Sainte-Christine-d'Auvergne, Quebec [CCS240334105]","2021S05022434105","Cows, beef","Number of animals","Number","223","units","0","v1326993266","409.9.2","170","E","","","0"
"2021","Saint-Raymond, Quebec [CCS240334128]","2021S05022434128","Cows, beef","Number of animals","Number","223","units","0","v1326993288","410.9.2","0","A","","","0"
"2021","Lac-Blanc, Quebec [CCS240334902]","2021S05022434902","Cows, beef","Number of animals","Number","223","units","0","v1326993310","411.9.2","0","A","","","0"
"2021","Lac-Lapeyrère, Quebec [CCS240334906]","2021S05022434906","Cows, beef","Number of animals","Number","223","units","0","v1326993332","412.9.2","0","A","","","0"
"2021","Lac-aux-Sables, Quebec [CCS240435010]","2021S05022435010","Cows, beef","Number of animals","Number","223","units","0","v1326993398","415.9.2","","F","","","0"
"2021","Saint-Adelphe, Quebec [CCS240435015]","2021S05022435015","Cows, beef","Number of animals","Number","223","units","0","v1326993420","416.9.2","","F","","","0"
"2021","Saint-Séverin, Quebec [CCS240435020]","2021S05022435020","Cows, beef","Number of animals","Number","223","units","0","v1326993442","417.9.2","","F","","","0"
"2021","Saint-Tite, Quebec [CCS240435027]","2021S05022435027","Cows, beef","Number of animals","Number","223","units","0","v1326993464","418.9.2","","F","","","0"
"2021","Sainte-Thècle, Quebec [CCS240435050]","2021S05022435050","Cows, beef","Number of animals","Number","223","units","0","v1326993486","419.9.2","","F","","","0"
"2021","Lac-Masketsi, Quebec [CCS240435902]","2021S05022435902","Cows, beef","Number of animals","Number","223","units","0","v1326993508","420.9.2","0","A","","","0"
"2021","Lac-Normand, Quebec [CCS240435904]","2021S05022435904","Cows, beef","Number of animals","Number","223","units","0","v1326993530","421.9.2","0","A","","","0"
"2021","Rivière-de-la-Savane, Quebec [CCS240435906]","2021S05022435906","Cows, beef","Number of animals","Number","223","units","0","v1326993552","422.9.2","0","A","","","0"
"2021","Shawinigan, Quebec [CCS240436033]","2021S05022436033","Cows, beef","Number of animals","Number","223","units","0","v1326993596","424.9.2","218","E","","","0"
"2021","Trois-Rivières, Quebec [CCS240437067]","2021S05022437067","Cows, beef","Number of animals","Number","223","units","0","v1326993640","426.9.2","","F","","","0"
"2021","Sainte-Anne-de-la-Pérade, Quebec [CCS240437205]","2021S05022437205","Cows, beef","Number of animals","Number","223","units","0","v1326993662","427.9.2","","F","","","0"
"2021","Batiscan, Quebec [CCS240437210]","2021S05022437210","Cows, beef","Number of animals","Number","223","units","0","v1326993684","428.9.2","0","A","","","0"
"2021","Sainte-Geneviève-de-Batiscan, Quebec [CCS240437215]","2021S05022437215","Cows, beef","Number of animals","Number","223","units","0","v1326993706","429.9.2","231","C","","","0"
"2021","Champlain, Quebec [CCS240437220]","2021S05022437220","Cows, beef","Number of animals","Number","223","units","0","v1326993728","430.9.2","","F","","","0"
"2021","Saint-Maurice, Quebec [CCS240437230]","2021S05022437230","Cows, beef","Number of animals","Number","223","units","0","v1326993750","431.9.2","215","D","","","0"
"2021","Notre-Dame-du-Mont-Carmel, Quebec [CCS240437235]","2021S05022437235","Cows, beef","Number of animals","Number","223","units","0","v1326993772","432.9.2","0","A","","","0"
"2021","Saint-Narcisse, Quebec [CCS240437240]","2021S05022437240","Cows, beef","Number of animals","Number","223","units","0","v1326993794","433.9.2","187","D","","","0"
"2021","Saint-Stanislas, Quebec [CCS240437245]","2021S05022437245","Cows, beef","Number of animals","Number","223","units","0","v1326993816","434.9.2","211","E","","","0"
"2021","Maskinongé, Quebec [CCS240451008]","2021S05022451008","Cows, beef","Number of animals","Number","223","units","0","v1326993860","436.9.2","0","A","","","0"
"2021","Louiseville, Quebec [CCS240451015]","2021S05022451015","Cows, beef","Number of animals","Number","223","units","0","v1326993882","437.9.2","0","A","","","0"
"2021","Yamachiche, Quebec [CCS240451020]","2021S05022451020","Cows, beef","Number of animals","Number","223","units","0","v1326993904","438.9.2","","F","","","0"
"2021","Saint-Barnabé, Quebec [CCS240451025]","2021S05022451025","Cows, beef","Number of animals","Number","223","units","0","v1326993926","439.9.2","80","E","","","0"
"2021","Saint-Sévère, Quebec [CCS240451030]","2021S05022451030","Cows, beef","Number of animals","Number","223","units","0","v1326993948","440.9.2","110","E","","","0"
"2021","Saint-Léon-le-Grand, Quebec [CCS240451035]","2021S05022451035","Cows, beef","Number of animals","Number","223","units","0","v1326993970","441.9.2","","F","","","0"
"2021","Sainte-Ursule, Quebec [CCS240451040]","2021S05022451040","Cows, beef","Number of animals","Number","223","units","0","v1326993992","442.9.2","","F","","","0"
"2021","Saint-Justin, Quebec [CCS240451045]","2021S05022451045","Cows, beef","Number of animals","Number","223","units","0","v1326994014","443.9.2","","F","","","0"
"2021","Sainte-Angèle-de-Prémont, Quebec [CCS240451055]","2021S05022451055","Cows, beef","Number of animals","Number","223","units","0","v1326994036","444.9.2","305","E","","","0"
"2021","Saint-Paulin, Quebec [CCS240451060]","2021S05022451060","Cows, beef","Number of animals","Number","223","units","0","v1326994058","445.9.2","126","E","","","0"
"2021","Charette, Quebec [CCS240451080]","2021S05022451080","Cows, beef","Number of animals","Number","223","units","0","v1326994080","446.9.2","","F","","","0"
"2021","Saint-Boniface, Quebec [CCS240451085]","2021S05022451085","Cows, beef","Number of animals","Number","223","units","0","v1326994102","447.9.2","","F","","","0"
"2021","Saint-Étienne-des-Grès, Quebec [CCS240451090]","2021S05022451090","Cows, beef","Number of animals","Number","223","units","0","v1326994124","448.9.2","219","D","","","0"
"2021","La Tuque, Quebec [CCS240490012]","2021S05022490012","Cows, beef","Number of animals","Number","223","units","0","v1326994168","450.9.2","","F","","","0"
"2021","Saint-Augustin-de-Woburn, Quebec [CCS240530005]","2021S05022430005","Cows, beef","Number of animals","Number","223","units","0","v1326994234","453.9.2","","F","","","0"
"2021","Piopolis, Quebec [CCS240530020]","2021S05022430020","Cows, beef","Number of animals","Number","223","units","0","v1326994256","454.9.2","","F","","","0"
"2021","Frontenac, Quebec [CCS240530025]","2021S05022430025","Cows, beef","Number of animals","Number","223","units","0","v1326994278","455.9.2","","F","","","0"
"2021","Nantes, Quebec [CCS240530045]","2021S05022430045","Cows, beef","Number of animals","Number","223","units","0","v1326994300","456.9.2","","F","","","0"
"2021","Sainte-Cécile-de-Whitton, Quebec [CCS240530050]","2021S05022430050","Cows, beef","Number of animals","Number","223","units","0","v1326994322","457.9.2","206","E","","","0"
"2021","Audet, Quebec [CCS240530055]","2021S05022430055","Cows, beef","Number of animals","Number","223","units","0","v1326994344","458.9.2","0","A","","","0"
"2021","Saint-Robert-Bellarmin, Quebec [CCS240530070]","2021S05022430070","Cows, beef","Number of animals","Number","223","units","0","v1326994366","459.9.2","240","E","","","0"
"2021","Lac-Drolet, Quebec [CCS240530080]","2021S05022430080","Cows, beef","Number of animals","Number","223","units","0","v1326994388","460.9.2","","F","","","0"
"2021","Saint-Sébastien, Quebec [CCS240530085]","2021S05022430085","Cows, beef","Number of animals","Number","223","units","0","v1326994410","461.9.2","","F","","","0"
"2021","Courcelles, Quebec [CCS240530090]","2021S05022430090","Cows, beef","Number of animals","Number","223","units","0","v1326994432","462.9.2","175","E","","","0"
"2021","Lambton, Quebec [CCS240530095]","2021S05022430095","Cows, beef","Number of animals","Number","223","units","0","v1326994454","463.9.2","","F","","","0"
"2021","Saint-Romain, Quebec [CCS240530100]","2021S05022430100","Cows, beef","Number of animals","Number","223","units","0","v1326994476","464.9.2","122","E","","","0"
"2021","Stornoway, Quebec [CCS240530105]","2021S05022430105","Cows, beef","Number of animals","Number","223","units","0","v1326994498","465.9.2","413","D","","","0"
"2021","Ham-Sud, Quebec [CCS240540005]","2021S05022440005","Cows, beef","Number of animals","Number","223","units","0","v1326994542","467.9.2","50","E","","","0"
"2021","Saint-Adrien, Quebec [CCS240540010]","2021S05022440010","Cows, beef","Number of animals","Number","223","units","0","v1326994564","468.9.2","","F","","","0"
"2021","Wotton, Quebec [CCS240540017]","2021S05022440017","Cows, beef","Number of animals","Number","223","units","0","v1326994586","469.9.2","272","E","","","0"
"2021","Saint-Camille, Quebec [CCS240540025]","2021S05022440025","Cows, beef","Number of animals","Number","223","units","0","v1326994608","470.9.2","0","A","","","0"
"2021","Saint-Georges-de-Windsor, Quebec [CCS240540032]","2021S05022440032","Cows, beef","Number of animals","Number","223","units","0","v1326994630","471.9.2","493","B","","","0"
"2021","Danville, Quebec [CCS240540047]","2021S05022440047","Cows, beef","Number of animals","Number","223","units","0","v1326994652","472.9.2","543","D","","","0"
"2021","Saint-Isidore-de-Clifton, Quebec [CCS240541012]","2021S05022441012","Cows, beef","Number of animals","Number","223","units","0","v1326994696","474.9.2","528","D","","","0"
"2021","La Patrie, Quebec [CCS240541027]","2021S05022441027","Cows, beef","Number of animals","Number","223","units","0","v1326994718","475.9.2","593","C","","","0"
"2021","Cookshire-Eaton, Quebec [CCS240541038]","2021S05022441038","Cows, beef","Number of animals","Number","223","units","0","v1326994740","476.9.2","1584","C","","","0"
"2021","Ascot Corner, Quebec [CCS240541055]","2021S05022441055","Cows, beef","Number of animals","Number","223","units","0","v1326994762","477.9.2","","F","","","0"
"2021","Bury, Quebec [CCS240541070]","2021S05022441070","Cows, beef","Number of animals","Number","223","units","0","v1326994784","478.9.2","587","D","","","0"
"2021","Lingwick, Quebec [CCS240541085]","2021S05022441085","Cows, beef","Number of animals","Number","223","units","0","v1326994806","479.9.2","240","D","","","0"
"2021","Weedon, Quebec [CCS240541098]","2021S05022441098","Cows, beef","Number of animals","Number","223","units","0","v1326994828","480.9.2","422","D","","","0"
"2021","Dudswell, Quebec [CCS240541117]","2021S05022441117","Cows, beef","Number of animals","Number","223","units","0","v1326994850","481.9.2","587","C","","","0"
"2021","Stoke, Quebec [CCS240542005]","2021S05022442005","Cows, beef","Number of animals","Number","223","units","0","v1326994894","483.9.2","","F","","","0"
"2021","Saint-François-Xavier-de-Brompton, Quebec [CCS240542020]","2021S05022442020","Cows, beef","Number of animals","Number","223","units","0","v1326994916","484.9.2","","F","","","0"
"2021","Racine, Quebec [CCS240542032]","2021S05022442032","Cows, beef","Number of animals","Number","223","units","0","v1326994938","485.9.2","","F","","","0"
"2021","Bonsecours, Quebec [CCS240542040]","2021S05022442040","Cows, beef","Number of animals","Number","223","units","0","v1326994960","486.9.2","0","A","","","0"
"2021","Sainte-Anne-de-la-Rochelle, Quebec [CCS240542050]","2021S05022442050","Cows, beef","Number of animals","Number","223","units","0","v1326994982","487.9.2","395","D","","","0"
"2021","Valcourt, Quebec [CCS240542060]","2021S05022442060","Cows, beef","Number of animals","Number","223","units","0","v1326995004","488.9.2","275","E","","","0"
"2021","Maricourt, Quebec [CCS240542065]","2021S05022442065","Cows, beef","Number of animals","Number","223","units","0","v1326995026","489.9.2","","F","","","0"
"2021","Melbourne, Quebec [CCS240542075]","2021S05022442075","Cows, beef","Number of animals","Number","223","units","0","v1326995048","490.9.2","218","D","","","0"
"2021","Val-Joli, Quebec [CCS240542095]","2021S05022442095","Cows, beef","Number of animals","Number","223","units","0","v1326995070","491.9.2","479","E","","","0"
"2021","Saint-Claude, Quebec [CCS240542100]","2021S05022442100","Cows, beef","Number of animals","Number","223","units","0","v1326995092","492.9.2","182","E","","","0"
"2021","Cleveland, Quebec [CCS240542110]","2021S05022442110","Cows, beef","Number of animals","Number","223","units","0","v1326995114","493.9.2","376","D","","","0"
"2021","Sherbrooke, Quebec [CCS240543027]","2021S05022443027","Cows, beef","Number of animals","Number","223","units","0","v1326995158","495.9.2","","F","","","0"
"2021","Saint-Malo, Quebec [CCS240544003]","2021S05022444003","Cows, beef","Number of animals","Number","223","units","0","v1326995202","497.9.2","99","E","","","0"
"2021","East Hereford, Quebec [CCS240544010]","2021S05022444010","Cows, beef","Number of animals","Number","223","units","0","v1326995224","498.9.2","350","E","","","0"
"2021","Saint-Herménégilde, Quebec [CCS240544015]","2021S05022444015","Cows, beef","Number of animals","Number","223","units","0","v1326995246","499.9.2","","F","","","0"
"2021","Dixville, Quebec [CCS240544023]","2021S05022444023","Cows, beef","Number of animals","Number","223","units","0","v1326995268","500.9.2","0","A","","","0"
"2021","Coaticook, Quebec [CCS240544037]","2021S05022444037","Cows, beef","Number of animals","Number","223","units","0","v1326995290","501.9.2","595","E","","","0"
"2021","Barnston-Ouest, Quebec [CCS240544045]","2021S05022444045","Cows, beef","Number of animals","Number","223","units","0","v1326995312","502.9.2","796","C","","","0"
"2021","Stanstead-Est, Quebec [CCS240544050]","2021S05022444050","Cows, beef","Number of animals","Number","223","units","0","v1326995334","503.9.2","","F","","","0"
"2021","Sainte-Edwidge-de-Clifton, Quebec [CCS240544055]","2021S05022444055","Cows, beef","Number of animals","Number","223","units","0","v1326995356","504.9.2","","F","","","0"
"2021","Martinville, Quebec [CCS240544060]","2021S05022444060","Cows, beef","Number of animals","Number","223","units","0","v1326995378","505.9.2","439","D","","","0"
"2021","Compton, Quebec [CCS240544071]","2021S05022444071","Cows, beef","Number of animals","Number","223","units","0","v1326995400","506.9.2","693","C","","","0"
"2021","Ogden, Quebec [CCS240545020]","2021S05022445020","Cows, beef","Number of animals","Number","223","units","0","v1326995444","508.9.2","618","C","","","0"
"2021","Stanstead, Quebec [CCS240545025]","2021S05022445025","Cows, beef","Number of animals","Number","223","units","0","v1326995466","509.9.2","89","E","","","0"
"2021","Potton, Quebec [CCS240545030]","2021S05022445030","Cows, beef","Number of animals","Number","223","units","0","v1326995488","510.9.2","614","B","","","0"
"2021","Hatley, Quebec [CCS240545043]","2021S05022445043","Cows, beef","Number of animals","Number","223","units","0","v1326995510","511.9.2","287","E","","","0"
"2021","Hatley, Quebec [CCS240545055]","2021S05022445055","Cows, beef","Number of animals","Number","223","units","0","v1326995532","512.9.2","125","E","","","0"
"2021","Sainte-Catherine-de-Hatley, Quebec [CCS240545060]","2021S05022445060","Cows, beef","Number of animals","Number","223","units","0","v1326995554","513.9.2","","F","","","0"
"2021","Magog, Quebec [CCS240545072]","2021S05022445072","Cows, beef","Number of animals","Number","223","units","0","v1326995576","514.9.2","","F","","","0"
"2021","Bolton-Est, Quebec [CCS240545095]","2021S05022445095","Cows, beef","Number of animals","Number","223","units","0","v1326995598","515.9.2","","F","","","0"
"2021","Stukely-Sud, Quebec [CCS240545105]","2021S05022445105","Cows, beef","Number of animals","Number","223","units","0","v1326995620","516.9.2","250","D","","","0"
"2021","Orford, Quebec [CCS240545115]","2021S05022445115","Cows, beef","Number of animals","Number","223","units","0","v1326995642","517.9.2","","F","","","0"
"2021","Laval, Quebec [CCS240665005]","2021S05022465005","Cows, beef","Number of animals","Number","223","units","0","v1326995708","520.9.2","","F","","","0"
"2021","Montréal, Quebec [CCS240666023]","2021S05022466023","Cows, beef","Number of animals","Number","223","units","0","v1326995752","522.9.2","","F","","","0"
"2021","Lanoraie, Quebec [CCS240752017]","2021S05022452017","Cows, beef","Number of animals","Number","223","units","0","v1326995818","525.9.2","0","A","","","0"
"2021","Sainte-Élisabeth, Quebec [CCS240752030]","2021S05022452030","Cows, beef","Number of animals","Number","223","units","0","v1326995840","526.9.2","0","A","","","0"
"2021","Sainte-Geneviève-de-Berthier, Quebec [CCS240752040]","2021S05022452040","Cows, beef","Number of animals","Number","223","units","0","v1326995862","527.9.2","0","A","","","0"
"2021","Saint-Ignace-de-Loyola, Quebec [CCS240752045]","2021S05022452045","Cows, beef","Number of animals","Number","223","units","0","v1326995884","528.9.2","64","C","","","0"
"2021","Saint-Barthélemy, Quebec [CCS240752055]","2021S05022452055","Cows, beef","Number of animals","Number","223","units","0","v1326995906","529.9.2","179","C","","","0"
"2021","Saint-Cuthbert, Quebec [CCS240752062]","2021S05022452062","Cows, beef","Number of animals","Number","223","units","0","v1326995928","530.9.2","","F","","","0"
"2021","Saint-Norbert, Quebec [CCS240752070]","2021S05022452070","Cows, beef","Number of animals","Number","223","units","0","v1326995950","531.9.2","","F","","","0"
"2021","Saint-Gabriel-de-Brandon, Quebec [CCS240752085]","2021S05022452085","Cows, beef","Number of animals","Number","223","units","0","v1326995972","532.9.2","366","C","","","0"
"2021","Saint-Didace, Quebec [CCS240752090]","2021S05022452090","Cows, beef","Number of animals","Number","223","units","0","v1326995994","533.9.2","137","E","","","0"
"2021","Saint-Sulpice, Quebec [CCS240760020]","2021S05022460020","Cows, beef","Number of animals","Number","223","units","0","v1326996038","535.9.2","","F","","","0"
"2021","L'Assomption, Quebec [CCS240760028]","2021S05022460028","Cows, beef","Number of animals","Number","223","units","0","v1326996060","536.9.2","","F","","","0"
"2021","L'Épiphanie, Quebec [CCS240760037]","2021S05022460037","Cows, beef","Number of animals","Number","223","units","0","v1326996082","537.9.2","13","C","","","0"
"2021","Saint-Paul, Quebec [CCS240761005]","2021S05022461005","Cows, beef","Number of animals","Number","223","units","0","v1326996126","539.9.2","","F","","","0"
"2021","Saint-Thomas, Quebec [CCS240761027]","2021S05022461027","Cows, beef","Number of animals","Number","223","units","0","v1326996148","540.9.2","","F","","","0"
"2021","Saint-Ambroise-de-Kildare, Quebec [CCS240761040]","2021S05022461040","Cows, beef","Number of animals","Number","223","units","0","v1326996170","541.9.2","","F","","","0"
"2021","Notre-Dame-de-Lourdes, Quebec [CCS240761045]","2021S05022461045","Cows, beef","Number of animals","Number","223","units","0","v1326996192","542.9.2","","F","","","0"
"2021","Sainte-Mélanie, Quebec [CCS240761050]","2021S05022461050","Cows, beef","Number of animals","Number","223","units","0","v1326996214","543.9.2","","F","","","0"
"2021","Saint-Félix-de-Valois, Quebec [CCS240762007]","2021S05022462007","Cows, beef","Number of animals","Number","223","units","0","v1326996258","545.9.2","171","E","","","0"
"2021","Saint-Jean-de-Matha, Quebec [CCS240762015]","2021S05022462015","Cows, beef","Number of animals","Number","223","units","0","v1326996280","546.9.2","221","E","","","0"
"2021","Sainte-Béatrix, Quebec [CCS240762020]","2021S05022462020","Cows, beef","Number of animals","Number","223","units","0","v1326996302","547.9.2","","F","","","0"
"2021","Sainte-Marcelline-de-Kildare, Quebec [CCS240762030]","2021S05022462030","Cows, beef","Number of animals","Number","223","units","0","v1326996324","548.9.2","","F","","","0"
"2021","Rawdon, Quebec [CCS240762037]","2021S05022462037","Cows, beef","Number of animals","Number","223","units","0","v1326996346","549.9.2","","F","","","0"
"2021","Saint-Damien, Quebec [CCS240762075]","2021S05022462075","Cows, beef","Number of animals","Number","223","units","0","v1326996368","550.9.2","275","E","","","0"
"2021","Lac-Minaki, Quebec [CCS240762902]","2021S05022462902","Cows, beef","Number of animals","Number","223","units","0","v1326996390","551.9.2","0","A","","","0"
"2021","Lac-Matawin, Quebec [CCS240762908]","2021S05022462908","Cows, beef","Number of animals","Number","223","units","0","v1326996412","552.9.2","0","A","","","0"
"2021","Lac-Legendre, Quebec [CCS240762910]","2021S05022462910","Cows, beef","Number of animals","Number","223","units","0","v1326996434","553.9.2","0","A","","","0"
"2021","Saint-Guillaume-Nord, Quebec [CCS240762912]","2021S05022462912","Cows, beef","Number of animals","Number","223","units","0","v1326996456","554.9.2","0","A","","","0"
"2021","Lac-des-Dix-Milles, Quebec [CCS240762914]","2021S05022462914","Cows, beef","Number of animals","Number","223","units","0","v1326996478","555.9.2","0","A","","","0"
"2021","Baie-Obaoca, Quebec [CCS240762918]","2021S05022462918","Cows, beef","Number of animals","Number","223","units","0","v1326996500","556.9.2","0","A","","","0"
"2021","Baie-Atibenne, Quebec [CCS240762920]","2021S05022462920","Cows, beef","Number of animals","Number","223","units","0","v1326996522","557.9.2","0","A","","","0"
"2021","Sainte-Marie-Salomé, Quebec [CCS240763005]","2021S05022463005","Cows, beef","Number of animals","Number","223","units","0","v1326996566","559.9.2","0","A","","","0"
"2021","Saint-Jacques, Quebec [CCS240763013]","2021S05022463013","Cows, beef","Number of animals","Number","223","units","0","v1326996588","560.9.2","196","E","","","0"
"2021","Saint-Alexis, Quebec [CCS240763023]","2021S05022463023","Cows, beef","Number of animals","Number","223","units","0","v1326996610","561.9.2","","F","","","0"
"2021","Saint-Esprit, Quebec [CCS240763030]","2021S05022463030","Cows, beef","Number of animals","Number","223","units","0","v1326996632","562.9.2","","F","","","0"
"2021","Saint-Roch-de-l'Achigan, Quebec [CCS240763035]","2021S05022463035","Cows, beef","Number of animals","Number","223","units","0","v1326996654","563.9.2","0","A","","","0"
"2021","Saint-Lin--Laurentides, Quebec [CCS240763048]","2021S05022463048","Cows, beef","Number of animals","Number","223","units","0","v1326996676","564.9.2","","F","","","0"
"2021","Sainte-Julienne, Quebec [CCS240763060]","2021S05022463060","Cows, beef","Number of animals","Number","223","units","0","v1326996698","565.9.2","0","A","","","0"
"2021","Saint-Liguori, Quebec [CCS240763065]","2021S05022463065","Cows, beef","Number of animals","Number","223","units","0","v1326996720","566.9.2","","F","","","0"
"2021","Terrebonne, Quebec [CCS240764008]","2021S05022464008","Cows, beef","Number of animals","Number","223","units","0","v1326996764","568.9.2","","F","","","0"
"2021","Mascouche, Quebec [CCS240764015]","2021S05022464015","Cows, beef","Number of animals","Number","223","units","0","v1326996786","569.9.2","","F","","","0"
"2021","Notre-Dame-de-Bonsecours, Quebec [CCS240880015]","2021S05022480015","Cows, beef","Number of animals","Number","223","units","0","v1326996852","572.9.2","","F","","","0"
"2021","Notre-Dame-de-la-Paix, Quebec [CCS240880020]","2021S05022480020","Cows, beef","Number of animals","Number","223","units","0","v1326996874","573.9.2","","F","","","0"
"2021","Saint-André-Avellin, Quebec [CCS240880027]","2021S05022480027","Cows, beef","Number of animals","Number","223","units","0","v1326996896","574.9.2","435","D","","","0"
"2021","Papineauville, Quebec [CCS240880037]","2021S05022480037","Cows, beef","Number of animals","Number","223","units","0","v1326996918","575.9.2","","F","","","0"
"2021","Plaisance, Quebec [CCS240880045]","2021S05022480045","Cows, beef","Number of animals","Number","223","units","0","v1326996940","576.9.2","","F","","","0"
"2021","Lochaber, Quebec [CCS240880055]","2021S05022480055","Cows, beef","Number of animals","Number","223","units","0","v1326996962","577.9.2","378","E","","","0"
"2021","Lochaber-Partie-Ouest, Quebec [CCS240880060]","2021S05022480060","Cows, beef","Number of animals","Number","223","units","0","v1326996984","578.9.2","567","D","","","0"
"2021","Saint-Sixte, Quebec [CCS240880070]","2021S05022480070","Cows, beef","Number of animals","Number","223","units","0","v1326997006","579.9.2","287","E","","","0"
"2021","Ripon, Quebec [CCS240880078]","2021S05022480078","Cows, beef","Number of animals","Number","223","units","0","v1326997028","580.9.2","","F","","","0"
"2021","Montpellier, Quebec [CCS240880090]","2021S05022480090","Cows, beef","Number of animals","Number","223","units","0","v1326997050","581.9.2","0","A","","","0"
"2021","Lac-Simon, Quebec [CCS240880095]","2021S05022480095","Cows, beef","Number of animals","Number","223","units","0","v1326997072","582.9.2","","F","","","0"
"2021","Gatineau, Quebec [CCS240881017]","2021S05022481017","Cows, beef","Number of animals","Number","223","units","0","v1326997116","584.9.2","","F","","","0"
"2021","L'Ange-Gardien, Quebec [CCS240882005]","2021S05022482005","Cows, beef","Number of animals","Number","223","units","0","v1326997160","586.9.2","217","E","","","0"
"2021","Val-des-Monts, Quebec [CCS240882015]","2021S05022482015","Cows, beef","Number of animals","Number","223","units","0","v1326997182","587.9.2","734","B","","","0"
"2021","Cantley, Quebec [CCS240882020]","2021S05022482020","Cows, beef","Number of animals","Number","223","units","0","v1326997204","588.9.2","","F","","","0"
"2021","Pontiac, Quebec [CCS240882030]","2021S05022482030","Cows, beef","Number of animals","Number","223","units","0","v1326997226","589.9.2","1178","C","","","0"
"2021","La Pêche, Quebec [CCS240882035]","2021S05022482035","Cows, beef","Number of animals","Number","223","units","0","v1326997248","590.9.2","1181","B","","","0"
"2021","Low, Quebec [CCS240883010]","2021S05022483010","Cows, beef","Number of animals","Number","223","units","0","v1326997292","592.9.2","452","E","","","0"
"2021","Kazabazua, Quebec [CCS240883015]","2021S05022483015","Cows, beef","Number of animals","Number","223","units","0","v1326997314","593.9.2","280","A","","","0"
"2021","Lac-Sainte-Marie, Quebec [CCS240883020]","2021S05022483020","Cows, beef","Number of animals","Number","223","units","0","v1326997336","594.9.2","546","D","","","0"
"2021","Gracefield, Quebec [CCS240883032]","2021S05022483032","Cows, beef","Number of animals","Number","223","units","0","v1326997358","595.9.2","393","D","","","0"
"2021","Bouchette, Quebec [CCS240883050]","2021S05022483050","Cows, beef","Number of animals","Number","223","units","0","v1326997380","596.9.2","270","A","","","0"
"2021","Déléage, Quebec [CCS240883070]","2021S05022483070","Cows, beef","Number of animals","Number","223","units","0","v1326997402","597.9.2","","F","","","0"
"2021","Montcerf-Lytton, Quebec [CCS240883088]","2021S05022483088","Cows, beef","Number of animals","Number","223","units","0","v1326997424","598.9.2","456","E","","","0"
"2021","Lac-Pythonga, Quebec [CCS240883902]","2021S05022483902","Cows, beef","Number of animals","Number","223","units","0","v1326997446","599.9.2","0","A","","","0"
"2021","Cascades-Malignes, Quebec [CCS240883904]","2021S05022483904","Cows, beef","Number of animals","Number","223","units","0","v1326997468","600.9.2","0","A","","","0"
"2021","Lac-Lenôtre, Quebec [CCS240883906]","2021S05022483906","Cows, beef","Number of animals","Number","223","units","0","v1326997490","601.9.2","0","A","","","0"
"2021","Lac-Moselle, Quebec [CCS240883908]","2021S05022483908","Cows, beef","Number of animals","Number","223","units","0","v1326997512","602.9.2","0","A","","","0"
"2021","Dépôt-Échouani, Quebec [CCS240883912]","2021S05022483912","Cows, beef","Number of animals","Number","223","units","0","v1326997534","603.9.2","0","A","","","0"
"2021","Bristol, Quebec [CCS240884005]","2021S05022484005","Cows, beef","Number of animals","Number","223","units","0","v1326997578","605.9.2","645","C","","","0"
"2021","Clarendon, Quebec [CCS240884015]","2021S05022484015","Cows, beef","Number of animals","Number","223","units","0","v1326997600","606.9.2","2450","B","","","0"
"2021","L'Île-du-Grand-Calumet, Quebec [CCS240884035]","2021S05022484035","Cows, beef","Number of animals","Number","223","units","0","v1326997622","607.9.2","587","C","","","0"
"2021","Litchfield, Quebec [CCS240884040]","2021S05022484040","Cows, beef","Number of animals","Number","223","units","0","v1326997644","608.9.2","659","A","","","0"
"2021","Mansfield-et-Pontefract, Quebec [CCS240884065]","2021S05022484065","Cows, beef","Number of animals","Number","223","units","0","v1326997666","609.9.2","328","E","","","0"
"2021","L'Isle-aux-Allumettes, Quebec [CCS240884082]","2021S05022484082","Cows, beef","Number of animals","Number","223","units","0","v1326997688","610.9.2","651","C","","","0"
"2021","Sheenboro, Quebec [CCS240884095]","2021S05022484095","Cows, beef","Number of animals","Number","223","units","0","v1326997710","611.9.2","281","A","","","0"
"2021","Rapides-des-Joachims, Quebec [CCS240884100]","2021S05022484100","Cows, beef","Number of animals","Number","223","units","0","v1326997732","612.9.2","0","A","","","0"
"2021","Lac-Nilgaut, Quebec [CCS240884902]","2021S05022484902","Cows, beef","Number of animals","Number","223","units","0","v1326997754","613.9.2","0","A","","","0"
"2021","Saint-Eustache, Quebec [CCS240972005]","2021S05022472005","Cows, beef","Number of animals","Number","223","units","0","v1326997820","616.9.2","","F","","","0"
"2021","Saint-Joseph-du-Lac, Quebec [CCS240972025]","2021S05022472025","Cows, beef","Number of animals","Number","223","units","0","v1326997842","617.9.2","0","A","","","0"
"2021","Oka, Quebec [CCS240972032]","2021S05022472032","Cows, beef","Number of animals","Number","223","units","0","v1326997864","618.9.2","","F","","","0"
"2021","Saint-Placide, Quebec [CCS240972043]","2021S05022472043","Cows, beef","Number of animals","Number","223","units","0","v1326997886","619.9.2","439","C","","","0"
"2021","Blainville, Quebec [CCS240973015]","2021S05022473015","Cows, beef","Number of animals","Number","223","units","0","v1326997930","621.9.2","0","A","","","0"
"2021","Sainte-Anne-des-Plaines, Quebec [CCS240973035]","2021S05022473035","Cows, beef","Number of animals","Number","223","units","0","v1326997952","622.9.2","","F","","","0"
"2021","Mirabel, Quebec [CCS240974005]","2021S05022474005","Cows, beef","Number of animals","Number","223","units","0","v1326997996","624.9.2","758","E","","","0"
"2021","Saint-Jérôme, Quebec [CCS240975017]","2021S05022475017","Cows, beef","Number of animals","Number","223","units","0","v1326998040","626.9.2","","F","","","0"
"2021","Sainte-Sophie, Quebec [CCS240975028]","2021S05022475028","Cows, beef","Number of animals","Number","223","units","0","v1326998062","627.9.2","","F","","","0"
"2021","Saint-André-d'Argenteuil, Quebec [CCS240976008]","2021S05022476008","Cows, beef","Number of animals","Number","223","units","0","v1326998106","629.9.2","","F","","","0"
"2021","Lachute, Quebec [CCS240976020]","2021S05022476020","Cows, beef","Number of animals","Number","223","units","0","v1326998128","630.9.2","","F","","","0"
"2021","Wentworth, Quebec [CCS240976035]","2021S05022476035","Cows, beef","Number of animals","Number","223","units","0","v1326998150","631.9.2","0","A","","","0"
"2021","Brownsburg-Chatham, Quebec [CCS240976043]","2021S05022476043","Cows, beef","Number of animals","Number","223","units","0","v1326998172","632.9.2","","F","","","0"
"2021","Grenville-sur-la-Rouge, Quebec [CCS240976052]","2021S05022476052","Cows, beef","Number of animals","Number","223","units","0","v1326998194","633.9.2","214","E","","","0"
"2021","Harrington, Quebec [CCS240976065]","2021S05022476065","Cows, beef","Number of animals","Number","223","units","0","v1326998216","634.9.2","152","E","","","0"
"2021","Sainte-Adèle, Quebec [CCS240977022]","2021S05022477022","Cows, beef","Number of animals","Number","223","units","0","v1326998260","636.9.2","0","A","","","0"
"2021","Montcalm, Quebec [CCS240978055]","2021S05022478055","Cows, beef","Number of animals","Number","223","units","0","v1326998304","638.9.2","0","A","","","0"
"2021","Arundel, Quebec [CCS240978060]","2021S05022478060","Cows, beef","Number of animals","Number","223","units","0","v1326998326","639.9.2","","F","","","0"
"2021","Brébeuf, Quebec [CCS240978075]","2021S05022478075","Cows, beef","Number of animals","Number","223","units","0","v1326998348","640.9.2","","F","","","0"
"2021","Val-des-Lacs, Quebec [CCS240978100]","2021S05022478100","Cows, beef","Number of animals","Number","223","units","0","v1326998370","641.9.2","0","A","","","0"
"2021","Mont-Tremblant, Quebec [CCS240978102]","2021S05022478102","Cows, beef","Number of animals","Number","223","units","0","v1326998392","642.9.2","","F","","","0"
"2021","La Minerve, Quebec [CCS240978130]","2021S05022478130","Cows, beef","Number of animals","Number","223","units","0","v1326998414","643.9.2","","F","","","0"
"2021","Doncaster, Quebec [CCS240978802]","2021S05022478802","Cows, beef","Number of animals","Number","223","units","0","v1326998436","644.9.2","0","A","","","0"
"2021","Kiamika, Quebec [CCS240979025]","2021S05022479025","Cows, beef","Number of animals","Number","223","units","0","v1326998480","646.9.2","229","E","","","0"
"2021","Rivière-Rouge, Quebec [CCS240979037]","2021S05022479037","Cows, beef","Number of animals","Number","223","units","0","v1326998502","647.9.2","203","E","","","0"
"2021","Lac-des-Écorces, Quebec [CCS240979078]","2021S05022479078","Cows, beef","Number of animals","Number","223","units","0","v1326998524","648.9.2","740","D","","","0"
"2021","Mont-Laurier, Quebec [CCS240979088]","2021S05022479088","Cows, beef","Number of animals","Number","223","units","0","v1326998546","649.9.2","366","E","","","0"
"2021","Ferme-Neuve, Quebec [CCS240979097]","2021S05022479097","Cows, beef","Number of animals","Number","223","units","0","v1326998568","650.9.2","986","B","","","0"
"2021","Lac-de-la-Pomme, Quebec [CCS240979902]","2021S05022479902","Cows, beef","Number of animals","Number","223","units","0","v1326998590","651.9.2","0","A","","","0"
"2021","Lac-Bazinet, Quebec [CCS240979910]","2021S05022479910","Cows, beef","Number of animals","Number","223","units","0","v1326998612","652.9.2","0","A","","","0"
"2021","Lac-De La Bidière, Quebec [CCS240979912]","2021S05022479912","Cows, beef","Number of animals","Number","223","units","0","v1326998634","653.9.2","0","A","","","0"
"2021","Lac-Oscar, Quebec [CCS240979914]","2021S05022479914","Cows, beef","Number of animals","Number","223","units","0","v1326998656","654.9.2","0","A","","","0"
"2021","Lac-de-la-Maison-de-Pierre, Quebec [CCS240979916]","2021S05022479916","Cows, beef","Number of animals","Number","223","units","0","v1326998678","655.9.2","0","A","","","0"
"2021","Baie-des-Chaloupes, Quebec [CCS240979920]","2021S05022479920","Cows, beef","Number of animals","Number","223","units","0","v1326998700","656.9.2","0","A","","","0"
"2021","Lac-Douaire, Quebec [CCS240979922]","2021S05022479922","Cows, beef","Number of animals","Number","223","units","0","v1326998722","657.9.2","0","A","","","0"
"2021","Lac-Ernest, Quebec [CCS240979924]","2021S05022479924","Cows, beef","Number of animals","Number","223","units","0","v1326998744","658.9.2","0","A","","","0"
"2021","Lac-Marguerite, Quebec [CCS240979926]","2021S05022479926","Cows, beef","Number of animals","Number","223","units","0","v1326998766","659.9.2","0","A","","","0"
"2021","Saint-Édouard-de-Fabre, Quebec [CCS241085015]","2021S05022485015","Cows, beef","Number of animals","Number","223","units","0","v1326998832","662.9.2","","F","","","0"
"2021","Béarn, Quebec [CCS241085020]","2021S05022485020","Cows, beef","Number of animals","Number","223","units","0","v1326998854","663.9.2","","F","","","0"
"2021","Duhamel-Ouest, Quebec [CCS241085030]","2021S05022485030","Cows, beef","Number of animals","Number","223","units","0","v1326998876","664.9.2","182","D","","","0"
"2021","Saint-Bruno-de-Guigues, Quebec [CCS241085045]","2021S05022485045","Cows, beef","Number of animals","Number","223","units","0","v1326998898","665.9.2","378","C","","","0"
"2021","Fugèreville, Quebec [CCS241085055]","2021S05022485055","Cows, beef","Number of animals","Number","223","units","0","v1326998920","666.9.2","852","A","","","0"
"2021","Belleterre, Quebec [CCS241085065]","2021S05022485065","Cows, beef","Number of animals","Number","223","units","0","v1326998942","667.9.2","0","A","","","0"
"2021","Moffet, Quebec [CCS241085075]","2021S05022485075","Cows, beef","Number of animals","Number","223","units","0","v1326998964","668.9.2","194","E","","","0"
"2021","Saint-Eugène-de-Guigues, Quebec [CCS241085085]","2021S05022485085","Cows, beef","Number of animals","Number","223","units","0","v1326998986","669.9.2","","F","","","0"
"2021","Guérin, Quebec [CCS241085095]","2021S05022485095","Cows, beef","Number of animals","Number","223","units","0","v1326999008","670.9.2","155","C","","","0"
"2021","Rémigny, Quebec [CCS241085105]","2021S05022485105","Cows, beef","Number of animals","Number","223","units","0","v1326999030","671.9.2","645","B","","","0"
"2021","Rouyn-Noranda, Quebec [CCS241086042]","2021S05022486042","Cows, beef","Number of animals","Number","223","units","0","v1326999074","673.9.2","2302","B","","","0"
"2021","Duparquet, Quebec [CCS241087005]","2021S05022487005","Cows, beef","Number of animals","Number","223","units","0","v1326999118","675.9.2","0","A","","","0"
"2021","Roquemaure, Quebec [CCS241087015]","2021S05022487015","Cows, beef","Number of animals","Number","223","units","0","v1326999140","676.9.2","447","D","","","0"
"2021","Palmarolle, Quebec [CCS241087025]","2021S05022487025","Cows, beef","Number of animals","Number","223","units","0","v1326999162","677.9.2","","F","","","0"
"2021","Sainte-Germaine-Boulé, Quebec [CCS241087030]","2021S05022487030","Cows, beef","Number of animals","Number","223","units","0","v1326999184","678.9.2","1093","A","","","0"
"2021","Taschereau, Quebec [CCS241087042]","2021S05022487042","Cows, beef","Number of animals","Number","223","units","0","v1326999206","679.9.2","682","D","","","0"
"2021","Macamic, Quebec [CCS241087058]","2021S05022487058","Cows, beef","Number of animals","Number","223","units","0","v1326999228","680.9.2","903","B","","","0"
"2021","Clerval, Quebec [CCS241087075]","2021S05022487075","Cows, beef","Number of animals","Number","223","units","0","v1326999250","681.9.2","1841","B","","","0"
"2021","La Sarre, Quebec [CCS241087090]","2021S05022487090","Cows, beef","Number of animals","Number","223","units","0","v1326999272","682.9.2","389","C","","","0"
"2021","Chazel, Quebec [CCS241087095]","2021S05022487095","Cows, beef","Number of animals","Number","223","units","0","v1326999294","683.9.2","418","B","","","0"
"2021","Normétal, Quebec [CCS241087115]","2021S05022487115","Cows, beef","Number of animals","Number","223","units","0","v1326999316","684.9.2","0","A","","","0"
"2021","Lac-Duparquet, Quebec [CCS241087902]","2021S05022487902","Cows, beef","Number of animals","Number","223","units","0","v1326999338","685.9.2","0","A","","","0"
"2021","La Corne, Quebec [CCS241088030]","2021S05022488030","Cows, beef","Number of animals","Number","223","units","0","v1326999382","687.9.2","272","E","","","0"
"2021","La Motte, Quebec [CCS241088045]","2021S05022488045","Cows, beef","Number of animals","Number","223","units","0","v1326999404","688.9.2","676","D","","","0"
"2021","Amos, Quebec [CCS241088055]","2021S05022488055","Cows, beef","Number of animals","Number","223","units","0","v1326999426","689.9.2","509","C","","","0"
"2021","Sainte-Gertrude-Manneville, Quebec [CCS241088085]","2021S05022488085","Cows, beef","Number of animals","Number","223","units","0","v1326999448","690.9.2","469","D","","","0"
"2021","Lac-Despinassy, Quebec [CCS241088902]","2021S05022488902","Cows, beef","Number of animals","Number","223","units","0","v1326999470","691.9.2","419","B","","","0"
"2021","Lac-Chicobi, Quebec [CCS241088904]","2021S05022488904","Cows, beef","Number of animals","Number","223","units","0","v1326999492","692.9.2","70","E","","","0"
"2021","Val-d'Or, Quebec [CCS241089008]","2021S05022489008","Cows, beef","Number of animals","Number","223","units","0","v1326999536","694.9.2","400","D","","","0"
"2021","Malartic, Quebec [CCS241089015]","2021S05022489015","Cows, beef","Number of animals","Number","223","units","0","v1326999558","695.9.2","0","A","","","0"
"2021","Eeyou Istchee Baie-James, Quebec [CCS241099060]","2021S05022499060","Cows, beef","Number of animals","Number","223","units","0","v1326999602","697.9.2","374","C","","","0"
"2021","Les Îles-de-la-Madeleine, Quebec [CCS241101023]","2021S05022401023","Cows, beef","Number of animals","Number","223","units","0","v1326999668","700.9.2","","F","","","0"
"2021","Percé, Quebec [CCS241102005]","2021S05022402005","Cows, beef","Number of animals","Number","223","units","0","v1326999712","702.9.2","307","D","","","0"
"2021","Mont-Alexandre, Quebec [CCS241102902]","2021S05022402902","Cows, beef","Number of animals","Number","223","units","0","v1326999734","703.9.2","0","A","","","0"
"2021","Gaspé, Quebec [CCS241103005]","2021S05022403005","Cows, beef","Number of animals","Number","223","units","0","v1326999778","705.9.2","","F","","","0"
"2021","Collines-du-Basque, Quebec [CCS241103904]","2021S05022403904","Cows, beef","Number of animals","Number","223","units","0","v1326999800","706.9.2","0","A","","","0"
"2021","Cap-Chat, Quebec [CCS241104047]","2021S05022404047","Cows, beef","Number of animals","Number","223","units","0","v1326999844","708.9.2","","F","","","0"
"2021","Shigawake, Quebec [CCS241105010]","2021S05022405010","Cows, beef","Number of animals","Number","223","units","0","v1326999888","710.9.2","286","C","","","0"
"2021","Bonaventure, Quebec [CCS241105045]","2021S05022405045","Cows, beef","Number of animals","Number","223","units","0","v1326999910","711.9.2","104","E","","","0"
"2021","Caplan, Quebec [CCS241105060]","2021S05022405060","Cows, beef","Number of animals","Number","223","units","0","v1326999932","712.9.2","461","B","","","0"
"2021","New Richmond, Quebec [CCS241105070]","2021S05022405070","Cows, beef","Number of animals","Number","223","units","0","v1326999954","713.9.2","403","B","","","0"
"2021","Rivière-Bonaventure, Quebec [CCS241105902]","2021S05022405902","Cows, beef","Number of animals","Number","223","units","0","v1326999976","714.9.2","0","A","","","0"
"2021","Carleton-sur-Mer, Quebec [CCS241106013]","2021S05022406013","Cows, beef","Number of animals","Number","223","units","0","v1327000020","716.9.2","214","E","","","0"
"2021","Saint-François-d'Assise, Quebec [CCS241106055]","2021S05022406055","Cows, beef","Number of animals","Number","223","units","0","v1327000042","717.9.2","824","B","","","0"
"2021","Rivière-Nouvelle, Quebec [CCS241106902]","2021S05022406902","Cows, beef","Number of animals","Number","223","units","0","v1327000064","718.9.2","0","A","","","0"
"2021","Ruisseau-Ferguson, Quebec [CCS241106904]","2021S05022406904","Cows, beef","Number of animals","Number","223","units","0","v1327000086","719.9.2","0","A","","","0"
"2021","Saint-Omer, Quebec [CCS241217005]","2021S05022417005","Cows, beef","Number of animals","Number","223","units","0","v1327000152","722.9.2","","F","","","0"
"2021","Saint-Pamphile, Quebec [CCS241217010]","2021S05022417010","Cows, beef","Number of animals","Number","223","units","0","v1327000174","723.9.2","267","C","","","0"
"2021","Saint-Adalbert, Quebec [CCS241217015]","2021S05022417015","Cows, beef","Number of animals","Number","223","units","0","v1327000196","724.9.2","","F","","","0"
"2021","Saint-Marcel, Quebec [CCS241217020]","2021S05022417020","Cows, beef","Number of animals","Number","223","units","0","v1327000218","725.9.2","","F","","","0"
"2021","Sainte-Félicité, Quebec [CCS241217025]","2021S05022417025","Cows, beef","Number of animals","Number","223","units","0","v1327000240","726.9.2","66","E","","","0"
"2021","Sainte-Perpétue, Quebec [CCS241217030]","2021S05022417030","Cows, beef","Number of animals","Number","223","units","0","v1327000262","727.9.2","0","A","","","0"
"2021","Saint-Damase-de-L'Islet, Quebec [CCS241217040]","2021S05022417040","Cows, beef","Number of animals","Number","223","units","0","v1327000284","728.9.2","0","A","","","0"
"2021","Saint-Cyrille-de-Lessard, Quebec [CCS241217045]","2021S05022417045","Cows, beef","Number of animals","Number","223","units","0","v1327000306","729.9.2","40","E","","","0"
"2021","Saint-Aubert, Quebec [CCS241217055]","2021S05022417055","Cows, beef","Number of animals","Number","223","units","0","v1327000328","730.9.2","142","E","","","0"
"2021","Sainte-Louise, Quebec [CCS241217060]","2021S05022417060","Cows, beef","Number of animals","Number","223","units","0","v1327000350","731.9.2","324","D","","","0"
"2021","Saint-Roch-des-Aulnaies, Quebec [CCS241217065]","2021S05022417065","Cows, beef","Number of animals","Number","223","units","0","v1327000372","732.9.2","455","C","","","0"
"2021","Saint-Jean-Port-Joli, Quebec [CCS241217070]","2021S05022417070","Cows, beef","Number of animals","Number","223","units","0","v1327000394","733.9.2","223","E","","","0"
"2021","L'Islet, Quebec [CCS241217078]","2021S05022417078","Cows, beef","Number of animals","Number","223","units","0","v1327000416","734.9.2","409","C","","","0"
"2021","Saint-Fabien-de-Panet, Quebec [CCS241218015]","2021S05022418015","Cows, beef","Number of animals","Number","223","units","0","v1327000460","736.9.2","","F","","","0"
"2021","Sainte-Apolline-de-Patton, Quebec [CCS241218025]","2021S05022418025","Cows, beef","Number of animals","Number","223","units","0","v1327000482","737.9.2","","F","","","0"
"2021","Saint-Paul-de-Montminy, Quebec [CCS241218030]","2021S05022418030","Cows, beef","Number of animals","Number","223","units","0","v1327000504","738.9.2","","F","","","0"
"2021","Cap-Saint-Ignace, Quebec [CCS241218045]","2021S05022418045","Cows, beef","Number of animals","Number","223","units","0","v1327000526","739.9.2","","F","","","0"
"2021","Montmagny, Quebec [CCS241218050]","2021S05022418050","Cows, beef","Number of animals","Number","223","units","0","v1327000548","740.9.2","","F","","","0"
"2021","Saint-Pierre-de-la-Rivière-du-Sud, Quebec [CCS241218055]","2021S05022418055","Cows, beef","Number of animals","Number","223","units","0","v1327000570","741.9.2","0","A","","","0"
"2021","Saint-François-de-la-Rivière-du-Sud, Quebec [CCS241218060]","2021S05022418060","Cows, beef","Number of animals","Number","223","units","0","v1327000592","742.9.2","175","E","","","0"
"2021","Saint-Philémon, Quebec [CCS241219005]","2021S05022419005","Cows, beef","Number of animals","Number","223","units","0","v1327000636","744.9.2","47","E","","","0"
"2021","Notre-Dame-Auxiliatrice-de-Buckland, Quebec [CCS241219010]","2021S05022419010","Cows, beef","Number of animals","Number","223","units","0","v1327000658","745.9.2","","F","","","0"
"2021","Saint-Nazaire-de-Dorchester, Quebec [CCS241219015]","2021S05022419015","Cows, beef","Number of animals","Number","223","units","0","v1327000680","746.9.2","110","D","","","0"
"2021","Saint-Léon-de-Standon, Quebec [CCS241219020]","2021S05022419020","Cows, beef","Number of animals","Number","223","units","0","v1327000702","747.9.2","528","D","","","0"
"2021","Saint-Malachie, Quebec [CCS241219025]","2021S05022419025","Cows, beef","Number of animals","Number","223","units","0","v1327000724","748.9.2","211","E","","","0"
"2021","Saint-Damien-de-Buckland, Quebec [CCS241219030]","2021S05022419030","Cows, beef","Number of animals","Number","223","units","0","v1327000746","749.9.2","128","D","","","0"
"2021","Armagh, Quebec [CCS241219037]","2021S05022419037","Cows, beef","Number of animals","Number","223","units","0","v1327000768","750.9.2","579","C","","","0"
"2021","Saint-Nérée-de-Bellechasse, Quebec [CCS241219045]","2021S05022419045","Cows, beef","Number of animals","Number","223","units","0","v1327000790","751.9.2","154","E","","","0"
"2021","Saint-Lazare-de-Bellechasse, Quebec [CCS241219050]","2021S05022419050","Cows, beef","Number of animals","Number","223","units","0","v1327000812","752.9.2","225","E","","","0"
"2021","Sainte-Claire, Quebec [CCS241219055]","2021S05022419055","Cows, beef","Number of animals","Number","223","units","0","v1327000834","753.9.2","166","E","","","0"
"2021","Saint-Anselme, Quebec [CCS241219062]","2021S05022419062","Cows, beef","Number of animals","Number","223","units","0","v1327000856","754.9.2","","F","","","0"
"2021","Saint-Henri, Quebec [CCS241219068]","2021S05022419068","Cows, beef","Number of animals","Number","223","units","0","v1327000878","755.9.2","","F","","","0"
"2021","Honfleur, Quebec [CCS241219070]","2021S05022419070","Cows, beef","Number of animals","Number","223","units","0","v1327000900","756.9.2","174","B","","","0"
"2021","Saint-Gervais, Quebec [CCS241219075]","2021S05022419075","Cows, beef","Number of animals","Number","223","units","0","v1327000922","757.9.2","210","D","","","0"
"2021","Saint-Raphaël, Quebec [CCS241219082]","2021S05022419082","Cows, beef","Number of animals","Number","223","units","0","v1327000944","758.9.2","187","E","","","0"
"2021","Saint-Charles-de-Bellechasse, Quebec [CCS241219097]","2021S05022419097","Cows, beef","Number of animals","Number","223","units","0","v1327000966","759.9.2","","F","","","0"
"2021","Beaumont, Quebec [CCS241219105]","2021S05022419105","Cows, beef","Number of animals","Number","223","units","0","v1327000988","760.9.2","75","E","","","0"
"2021","Saint-Vallier, Quebec [CCS241219117]","2021S05022419117","Cows, beef","Number of animals","Number","223","units","0","v1327001010","761.9.2","","F","","","0"
"2021","Lévis, Quebec [CCS241225213]","2021S05022425213","Cows, beef","Number of animals","Number","223","units","0","v1327001054","763.9.2","627","E","","","0"
"2021","Frampton, Quebec [CCS241226005]","2021S05022426005","Cows, beef","Number of animals","Number","223","units","0","v1327001098","765.9.2","155","E","","","0"
"2021","Saints-Anges, Quebec [CCS241226010]","2021S05022426010","Cows, beef","Number of animals","Number","223","units","0","v1327001120","766.9.2","","F","","","0"
"2021","Saint-Elzéar, Quebec [CCS241226022]","2021S05022426022","Cows, beef","Number of animals","Number","223","units","0","v1327001142","767.9.2","278","D","","","0"
"2021","Sainte-Marie, Quebec [CCS241226030]","2021S05022426030","Cows, beef","Number of animals","Number","223","units","0","v1327001164","768.9.2","1009","B","","","0"
"2021","Sainte-Marguerite, Quebec [CCS241226035]","2021S05022426035","Cows, beef","Number of animals","Number","223","units","0","v1327001186","769.9.2","348","C","","","0"
"2021","Sainte-Hénédine, Quebec [CCS241226040]","2021S05022426040","Cows, beef","Number of animals","Number","223","units","0","v1327001208","770.9.2","372","E","","","0"
"2021","Saint-Bernard, Quebec [CCS241226055]","2021S05022426055","Cows, beef","Number of animals","Number","223","units","0","v1327001230","771.9.2","341","E","","","0"
"2021","Saint-Isidore, Quebec [CCS241226063]","2021S05022426063","Cows, beef","Number of animals","Number","223","units","0","v1327001252","772.9.2","290","E","","","0"
"2021","Saint-Lambert-de-Lauzon, Quebec [CCS241226070]","2021S05022426070","Cows, beef","Number of animals","Number","223","units","0","v1327001274","773.9.2","","F","","","0"
"2021","Saint-Victor, Quebec [CCS241227008]","2021S05022427008","Cows, beef","Number of animals","Number","223","units","0","v1327001318","775.9.2","1096","B","","","0"
"2021","Saint-Alfred, Quebec [CCS241227015]","2021S05022427015","Cows, beef","Number of animals","Number","223","units","0","v1327001340","776.9.2","152","E","","","0"
"2021","Beauceville, Quebec [CCS241227028]","2021S05022427028","Cows, beef","Number of animals","Number","223","units","0","v1327001362","777.9.2","388","E","","","0"
"2021","Saint-Odilon-de-Cranbourne, Quebec [CCS241227035]","2021S05022427035","Cows, beef","Number of animals","Number","223","units","0","v1327001384","778.9.2","370","D","","","0"
"2021","Saint-Joseph-de-Beauce, Quebec [CCS241227043]","2021S05022427043","Cows, beef","Number of animals","Number","223","units","0","v1327001406","779.9.2","614","D","","","0"
"2021","Saint-Joseph-des-Érables, Quebec [CCS241227050]","2021S05022427050","Cows, beef","Number of animals","Number","223","units","0","v1327001428","780.9.2","","F","","","0"
"2021","Saint-Jules, Quebec [CCS241227055]","2021S05022427055","Cows, beef","Number of animals","Number","223","units","0","v1327001450","781.9.2","518","C","","","0"
"2021","Saint-Frédéric, Quebec [CCS241227065]","2021S05022427065","Cows, beef","Number of animals","Number","223","units","0","v1327001472","782.9.2","1279","B","","","0"
"2021","Saint-Séverin, Quebec [CCS241227070]","2021S05022427070","Cows, beef","Number of animals","Number","223","units","0","v1327001494","783.9.2","121","E","","","0"
"2021","Saint-Zacharie, Quebec [CCS241228005]","2021S05022428005","Cows, beef","Number of animals","Number","223","units","0","v1327001538","785.9.2","281","D","","","0"
"2021","Saint-Prosper, Quebec [CCS241228020]","2021S05022428020","Cows, beef","Number of animals","Number","223","units","0","v1327001560","786.9.2","650","D","","","0"
"2021","Saint-Benjamin, Quebec [CCS241228025]","2021S05022428025","Cows, beef","Number of animals","Number","223","units","0","v1327001582","787.9.2","0","A","","","0"
"2021","Sainte-Rose-de-Watford, Quebec [CCS241228030]","2021S05022428030","Cows, beef","Number of animals","Number","223","units","0","v1327001604","788.9.2","0","A","","","0"
"2021","Saint-Louis-de-Gonzague, Quebec [CCS241228035]","2021S05022428035","Cows, beef","Number of animals","Number","223","units","0","v1327001626","789.9.2","188","D","","","0"
"2021","Lac-Etchemin, Quebec [CCS241228053]","2021S05022428053","Cows, beef","Number of animals","Number","223","units","0","v1327001648","790.9.2","338","E","","","0"
"2021","Saint-Camille-de-Lellis, Quebec [CCS241228070]","2021S05022428070","Cows, beef","Number of animals","Number","223","units","0","v1327001670","791.9.2","","F","","","0"
"2021","Saint-Magloire, Quebec [CCS241228075]","2021S05022428075","Cows, beef","Number of animals","Number","223","units","0","v1327001692","792.9.2","0","A","","","0"
"2021","Saint-Théophile, Quebec [CCS241229005]","2021S05022429005","Cows, beef","Number of animals","Number","223","units","0","v1327001736","794.9.2","","F","","","0"
"2021","Saint-Gédéon-de-Beauce, Quebec [CCS241229013]","2021S05022429013","Cows, beef","Number of animals","Number","223","units","0","v1327001758","795.9.2","124","E","","","0"
"2021","Saint-Hilaire-de-Dorset, Quebec [CCS241229020]","2021S05022429020","Cows, beef","Number of animals","Number","223","units","0","v1327001780","796.9.2","0","A","","","0"
"2021","Saint-Évariste-de-Forsyth, Quebec [CCS241229025]","2021S05022429025","Cows, beef","Number of animals","Number","223","units","0","v1327001802","797.9.2","","F","","","0"
"2021","La Guadeloupe, Quebec [CCS241229030]","2021S05022429030","Cows, beef","Number of animals","Number","223","units","0","v1327001824","798.9.2","244","E","","","0"
"2021","Saint-Honoré-de-Shenley, Quebec [CCS241229038]","2021S05022429038","Cows, beef","Number of animals","Number","223","units","0","v1327001846","799.9.2","695","D","","","0"
"2021","Saint-Martin, Quebec [CCS241229045]","2021S05022429045","Cows, beef","Number of animals","Number","223","units","0","v1327001868","800.9.2","","F","","","0"
"2021","Saint-Côme--Linière, Quebec [CCS241229057]","2021S05022429057","Cows, beef","Number of animals","Number","223","units","0","v1327001890","801.9.2","247","E","","","0"
"2021","Saint-Philibert, Quebec [CCS241229065]","2021S05022429065","Cows, beef","Number of animals","Number","223","units","0","v1327001912","802.9.2","","F","","","0"
"2021","Saint-Georges, Quebec [CCS241229073]","2021S05022429073","Cows, beef","Number of animals","Number","223","units","0","v1327001934","803.9.2","","F","","","0"
"2021","Saint-Benoît-Labre, Quebec [CCS241229100]","2021S05022429100","Cows, beef","Number of animals","Number","223","units","0","v1327001956","804.9.2","201","E","","","0"
"2021","Saint-Éphrem-de-Beauce, Quebec [CCS241229112]","2021S05022429112","Cows, beef","Number of animals","Number","223","units","0","v1327001978","805.9.2","495","E","","","0"
"2021","Saint-Simon-les-Mines, Quebec [CCS241229125]","2021S05022429125","Cows, beef","Number of animals","Number","223","units","0","v1327002000","806.9.2","25","D","","","0"
"2021","Beaulac-Garthby, Quebec [CCS241231008]","2021S05022431008","Cows, beef","Number of animals","Number","223","units","0","v1327002044","808.9.2","252","E","","","0"
"2021","Disraeli, Quebec [CCS241231020]","2021S05022431020","Cows, beef","Number of animals","Number","223","units","0","v1327002066","809.9.2","","F","","","0"
"2021","Saint-Fortunat, Quebec [CCS241231030]","2021S05022431030","Cows, beef","Number of animals","Number","223","units","0","v1327002088","810.9.2","56","D","","","0"
"2021","Saint-Julien, Quebec [CCS241231035]","2021S05022431035","Cows, beef","Number of animals","Number","223","units","0","v1327002110","811.9.2","254","E","","","0"
"2021","Irlande, Quebec [CCS241231040]","2021S05022431040","Cows, beef","Number of animals","Number","223","units","0","v1327002132","812.9.2","126","D","","","0"
"2021","Sainte-Praxède, Quebec [CCS241231050]","2021S05022431050","Cows, beef","Number of animals","Number","223","units","0","v1327002154","813.9.2","","F","","","0"
"2021","Adstock, Quebec [CCS241231056]","2021S05022431056","Cows, beef","Number of animals","Number","223","units","0","v1327002176","814.9.2","483","E","","","0"
"2021","Thetford Mines, Quebec [CCS241231084]","2021S05022431084","Cows, beef","Number of animals","Number","223","units","0","v1327002198","815.9.2","401","E","","","0"
"2021","Saint-Adrien-d'Irlande, Quebec [CCS241231095]","2021S05022431095","Cows, beef","Number of animals","Number","223","units","0","v1327002220","816.9.2","273","E","","","0"
"2021","Saint-Jean-de-Brébeuf, Quebec [CCS241231100]","2021S05022431100","Cows, beef","Number of animals","Number","223","units","0","v1327002242","817.9.2","590","B","","","0"
"2021","Kinnear's Mills, Quebec [CCS241231105]","2021S05022431105","Cows, beef","Number of animals","Number","223","units","0","v1327002264","818.9.2","230","E","","","0"
"2021","Sacré-Coeur-de-Jésus, Quebec [CCS241231130]","2021S05022431130","Cows, beef","Number of animals","Number","223","units","0","v1327002286","819.9.2","409","D","","","0"
"2021","Saint-Pierre-de-Broughton, Quebec [CCS241231135]","2021S05022431135","Cows, beef","Number of animals","Number","223","units","0","v1327002308","820.9.2","364","D","","","0"
"2021","Saint-Jacques-de-Leeds, Quebec [CCS241231140]","2021S05022431140","Cows, beef","Number of animals","Number","223","units","0","v1327002330","821.9.2","387","D","","","0"
"2021","Saint-Sylvestre, Quebec [CCS241233007]","2021S05022433007","Cows, beef","Number of animals","Number","223","units","0","v1327002374","823.9.2","1425","B","","","0"
"2021","Sainte-Agathe-de-Lotbinière, Quebec [CCS241233017]","2021S05022433017","Cows, beef","Number of animals","Number","223","units","0","v1327002396","824.9.2","1018","B","","","0"
"2021","Saint-Patrice-de-Beaurivage, Quebec [CCS241233025]","2021S05022433025","Cows, beef","Number of animals","Number","223","units","0","v1327002418","825.9.2","346","B","","","0"
"2021","Saint-Narcisse-de-Beaurivage, Quebec [CCS241233030]","2021S05022433030","Cows, beef","Number of animals","Number","223","units","0","v1327002440","826.9.2","","F","","","0"
"2021","Saint-Gilles, Quebec [CCS241233035]","2021S05022433035","Cows, beef","Number of animals","Number","223","units","0","v1327002462","827.9.2","","F","","","0"
"2021","Dosquet, Quebec [CCS241233040]","2021S05022433040","Cows, beef","Number of animals","Number","223","units","0","v1327002484","828.9.2","174","C","","","0"
"2021","Saint-Agapit, Quebec [CCS241233045]","2021S05022433045","Cows, beef","Number of animals","Number","223","units","0","v1327002506","829.9.2","183","E","","","0"
"2021","Saint-Flavien, Quebec [CCS241233052]","2021S05022433052","Cows, beef","Number of animals","Number","223","units","0","v1327002528","830.9.2","","F","","","0"
"2021","Saint-Janvier-de-Joly, Quebec [CCS241233065]","2021S05022433065","Cows, beef","Number of animals","Number","223","units","0","v1327002550","831.9.2","159","E","","","0"
"2021","Saint-Édouard-de-Lotbinière, Quebec [CCS241233080]","2021S05022433080","Cows, beef","Number of animals","Number","223","units","0","v1327002572","832.9.2","192","D","","","0"
"2021","Notre-Dame-du-Sacré-Coeur-d'Issoudun, Quebec [CCS241233085]","2021S05022433085","Cows, beef","Number of animals","Number","223","units","0","v1327002594","833.9.2","80","D","","","0"
"2021","Saint-Apollinaire, Quebec [CCS241233090]","2021S05022433090","Cows, beef","Number of animals","Number","223","units","0","v1327002616","834.9.2","228","E","","","0"
"2021","Saint-Antoine-de-Tilly, Quebec [CCS241233095]","2021S05022433095","Cows, beef","Number of animals","Number","223","units","0","v1327002638","835.9.2","353","B","","","0"
"2021","Sainte-Croix, Quebec [CCS241233102]","2021S05022433102","Cows, beef","Number of animals","Number","223","units","0","v1327002660","836.9.2","","F","","","0"
"2021","Lotbinière, Quebec [CCS241233115]","2021S05022433115","Cows, beef","Number of animals","Number","223","units","0","v1327002682","837.9.2","","F","","","0"
"2021","Leclercville, Quebec [CCS241233123]","2021S05022433123","Cows, beef","Number of animals","Number","223","units","0","v1327002704","838.9.2","0","A","","","0"
"2021","Frelighsburg, Quebec [CCS241346010]","2021S05022446010","Cows, beef","Number of animals","Number","223","units","0","v1327002770","841.9.2","171","B","","","0"
"2021","Saint-Armand, Quebec [CCS241346017]","2021S05022446017","Cows, beef","Number of animals","Number","223","units","0","v1327002792","842.9.2","137","E","","","0"
"2021","Pike River, Quebec [CCS241346025]","2021S05022446025","Cows, beef","Number of animals","Number","223","units","0","v1327002814","843.9.2","","F","","","0"
"2021","Stanbridge East, Quebec [CCS241346045]","2021S05022446045","Cows, beef","Number of animals","Number","223","units","0","v1327002836","844.9.2","","F","","","0"
"2021","Dunham, Quebec [CCS241346050]","2021S05022446050","Cows, beef","Number of animals","Number","223","units","0","v1327002858","845.9.2","233","D","","","0"
"2021","Sutton, Quebec [CCS241346058]","2021S05022446058","Cows, beef","Number of animals","Number","223","units","0","v1327002880","846.9.2","354","C","","","0"
"2021","Bolton-Ouest, Quebec [CCS241346065]","2021S05022446065","Cows, beef","Number of animals","Number","223","units","0","v1327002902","847.9.2","131","D","","","0"
"2021","Lac-Brome, Quebec [CCS241346075]","2021S05022446075","Cows, beef","Number of animals","Number","223","units","0","v1327002924","848.9.2","535","D","","","0"
"2021","Bromont, Quebec [CCS241346078]","2021S05022446078","Cows, beef","Number of animals","Number","223","units","0","v1327002946","849.9.2","232","C","","","0"
"2021","Brigham, Quebec [CCS241346090]","2021S05022446090","Cows, beef","Number of animals","Number","223","units","0","v1327002968","850.9.2","","F","","","0"
"2021","Saint-Ignace-de-Stanbridge, Quebec [CCS241346095]","2021S05022446095","Cows, beef","Number of animals","Number","223","units","0","v1327002990","851.9.2","105","E","","","0"
"2021","Notre-Dame-de-Stanbridge, Quebec [CCS241346100]","2021S05022446100","Cows, beef","Number of animals","Number","223","units","0","v1327003012","852.9.2","","F","","","0"
"2021","Sainte-Sabine, Quebec [CCS241346105]","2021S05022446105","Cows, beef","Number of animals","Number","223","units","0","v1327003034","853.9.2","96","D","","","0"
"2021","Farnham, Quebec [CCS241346112]","2021S05022446112","Cows, beef","Number of animals","Number","223","units","0","v1327003056","854.9.2","","F","","","0"
"2021","Saint-Alphonse-de-Granby, Quebec [CCS241347010]","2021S05022447010","Cows, beef","Number of animals","Number","223","units","0","v1327003100","856.9.2","65","E","","","0"
"2021","Granby, Quebec [CCS241347017]","2021S05022447017","Cows, beef","Number of animals","Number","223","units","0","v1327003122","857.9.2","226","D","","","0"
"2021","Shefford, Quebec [CCS241347035]","2021S05022447035","Cows, beef","Number of animals","Number","223","units","0","v1327003144","858.9.2","259","C","","","0"
"2021","Saint-Joachim-de-Shefford, Quebec [CCS241347040]","2021S05022447040","Cows, beef","Number of animals","Number","223","units","0","v1327003166","859.9.2","557","B","","","0"
"2021","Roxton Pond, Quebec [CCS241347047]","2021S05022447047","Cows, beef","Number of animals","Number","223","units","0","v1327003188","860.9.2","450","B","","","0"
"2021","Sainte-Cécile-de-Milton, Quebec [CCS241347055]","2021S05022447055","Cows, beef","Number of animals","Number","223","units","0","v1327003210","861.9.2","80","E","","","0"
"2021","Béthanie, Quebec [CCS241348005]","2021S05022448005","Cows, beef","Number of animals","Number","223","units","0","v1327003254","863.9.2","103","E","","","0"
"2021","Roxton, Quebec [CCS241348015]","2021S05022448015","Cows, beef","Number of animals","Number","223","units","0","v1327003276","864.9.2","325","B","","","0"
"2021","Sainte-Christine, Quebec [CCS241348020]","2021S05022448020","Cows, beef","Number of animals","Number","223","units","0","v1327003298","865.9.2","213","C","","","0"
"2021","Acton Vale, Quebec [CCS241348028]","2021S05022448028","Cows, beef","Number of animals","Number","223","units","0","v1327003320","866.9.2","187","C","","","0"
"2021","Upton, Quebec [CCS241348038]","2021S05022448038","Cows, beef","Number of animals","Number","223","units","0","v1327003342","867.9.2","","F","","","0"
"2021","Saint-Théodore-d'Acton, Quebec [CCS241348045]","2021S05022448045","Cows, beef","Number of animals","Number","223","units","0","v1327003364","868.9.2","","F","","","0"
"2021","Saint-Nazaire-d'Acton, Quebec [CCS241348050]","2021S05022448050","Cows, beef","Number of animals","Number","223","units","0","v1327003386","869.9.2","6","C","","","0"
"2021","Saint-David, Quebec [CCS241353005]","2021S05022453005","Cows, beef","Number of animals","Number","223","units","0","v1327003430","871.9.2","","F","","","0"
"2021","Saint-Aimé, Quebec [CCS241353015]","2021S05022453015","Cows, beef","Number of animals","Number","223","units","0","v1327003452","872.9.2","","F","","","0"
"2021","Saint-Robert, Quebec [CCS241353020]","2021S05022453020","Cows, beef","Number of animals","Number","223","units","0","v1327003474","873.9.2","","F","","","0"
"2021","Sainte-Victoire-de-Sorel, Quebec [CCS241353025]","2021S05022453025","Cows, beef","Number of animals","Number","223","units","0","v1327003496","874.9.2","","F","","","0"
"2021","Saint-Ours, Quebec [CCS241353032]","2021S05022453032","Cows, beef","Number of animals","Number","223","units","0","v1327003518","875.9.2","","F","","","0"
"2021","Sainte-Anne-de-Sorel, Quebec [CCS241353065]","2021S05022453065","Cows, beef","Number of animals","Number","223","units","0","v1327003540","876.9.2","","F","","","0"
"2021","Yamaska, Quebec [CCS241353072]","2021S05022453072","Cows, beef","Number of animals","Number","223","units","0","v1327003562","877.9.2","132","C","","","0"
"2021","Saint-Gérard-Majella, Quebec [CCS241353085]","2021S05022453085","Cows, beef","Number of animals","Number","223","units","0","v1327003584","878.9.2","24","E","","","0"
"2021","Saint-Pie, Quebec [CCS241354008]","2021S05022454008","Cows, beef","Number of animals","Number","223","units","0","v1327003628","880.9.2","","F","","","0"
"2021","Saint-Damase, Quebec [CCS241354017]","2021S05022454017","Cows, beef","Number of animals","Number","223","units","0","v1327003650","881.9.2","","F","","","0"
"2021","Sainte-Marie-Madeleine, Quebec [CCS241354030]","2021S05022454030","Cows, beef","Number of animals","Number","223","units","0","v1327003672","882.9.2","128","D","","","0"
"2021","La Présentation, Quebec [CCS241354035]","2021S05022454035","Cows, beef","Number of animals","Number","223","units","0","v1327003694","883.9.2","0","A","","","0"
"2021","Saint-Hyacinthe, Quebec [CCS241354048]","2021S05022454048","Cows, beef","Number of animals","Number","223","units","0","v1327003716","884.9.2","","F","","","0"
"2021","Saint-Dominique, Quebec [CCS241354060]","2021S05022454060","Cows, beef","Number of animals","Number","223","units","0","v1327003738","885.9.2","","F","","","0"
"2021","Saint-Valérien-de-Milton, Quebec [CCS241354065]","2021S05022454065","Cows, beef","Number of animals","Number","223","units","0","v1327003760","886.9.2","128","D","","","0"
"2021","Saint-Liboire, Quebec [CCS241354072]","2021S05022454072","Cows, beef","Number of animals","Number","223","units","0","v1327003782","887.9.2","","F","","","0"
"2021","Saint-Simon, Quebec [CCS241354090]","2021S05022454090","Cows, beef","Number of animals","Number","223","units","0","v1327003804","888.9.2","124","E","","","0"
"2021","Sainte-Hélène-de-Bagot, Quebec [CCS241354095]","2021S05022454095","Cows, beef","Number of animals","Number","223","units","0","v1327003826","889.9.2","68","E","","","0"
"2021","Saint-Hugues, Quebec [CCS241354100]","2021S05022454100","Cows, beef","Number of animals","Number","223","units","0","v1327003848","890.9.2","","F","","","0"
"2021","Saint-Barnabé-Sud, Quebec [CCS241354105]","2021S05022454105","Cows, beef","Number of animals","Number","223","units","0","v1327003870","891.9.2","0","A","","","0"
"2021","Saint-Jude, Quebec [CCS241354110]","2021S05022454110","Cows, beef","Number of animals","Number","223","units","0","v1327003892","892.9.2","","F","","","0"
"2021","Saint-Bernard-de-Michaudville, Quebec [CCS241354115]","2021S05022454115","Cows, beef","Number of animals","Number","223","units","0","v1327003914","893.9.2","","F","","","0"
"2021","Saint-Louis, Quebec [CCS241354120]","2021S05022454120","Cows, beef","Number of animals","Number","223","units","0","v1327003936","894.9.2","0","A","","","0"
"2021","Saint-Marcel-de-Richelieu, Quebec [CCS241354125]","2021S05022454125","Cows, beef","Number of animals","Number","223","units","0","v1327003958","895.9.2","","F","","","0"
"2021","Ange-Gardien, Quebec [CCS241355008]","2021S05022455008","Cows, beef","Number of animals","Number","223","units","0","v1327004002","897.9.2","","F","","","0"
"2021","Saint-Paul-d'Abbotsford, Quebec [CCS241355015]","2021S05022455015","Cows, beef","Number of animals","Number","223","units","0","v1327004024","898.9.2","116","E","","","0"
"2021","Saint-Césaire, Quebec [CCS241355023]","2021S05022455023","Cows, beef","Number of animals","Number","223","units","0","v1327004046","899.9.2","","F","","","0"
"2021","Sainte-Angèle-de-Monnoir, Quebec [CCS241355030]","2021S05022455030","Cows, beef","Number of animals","Number","223","units","0","v1327004068","900.9.2","","F","","","0"
"2021","Rougemont, Quebec [CCS241355037]","2021S05022455037","Cows, beef","Number of animals","Number","223","units","0","v1327004090","901.9.2","62","E","","","0"
"2021","Marieville, Quebec [CCS241355048]","2021S05022455048","Cows, beef","Number of animals","Number","223","units","0","v1327004112","902.9.2","","F","","","0"
"2021","Richelieu, Quebec [CCS241355057]","2021S05022455057","Cows, beef","Number of animals","Number","223","units","0","v1327004134","903.9.2","","F","","","0"
"2021","Saint-Mathias-sur-Richelieu, Quebec [CCS241355065]","2021S05022455065","Cows, beef","Number of animals","Number","223","units","0","v1327004156","904.9.2","","F","","","0"
"2021","Saint-Georges-de-Clarenceville, Quebec [CCS241356010]","2021S05022456010","Cows, beef","Number of animals","Number","223","units","0","v1327004200","906.9.2","0","A","","","0"
"2021","Noyan, Quebec [CCS241356015]","2021S05022456015","Cows, beef","Number of animals","Number","223","units","0","v1327004222","907.9.2","","F","","","0"
"2021","Lacolle, Quebec [CCS241356023]","2021S05022456023","Cows, beef","Number of animals","Number","223","units","0","v1327004244","908.9.2","","F","","","0"
"2021","Saint-Valentin, Quebec [CCS241356030]","2021S05022456030","Cows, beef","Number of animals","Number","223","units","0","v1327004266","909.9.2","0","A","","","0"
"2021","Henryville, Quebec [CCS241356042]","2021S05022456042","Cows, beef","Number of animals","Number","223","units","0","v1327004288","910.9.2","","F","","","0"
"2021","Saint-Sébastien, Quebec [CCS241356050]","2021S05022456050","Cows, beef","Number of animals","Number","223","units","0","v1327004310","911.9.2","","F","","","0"
"2021","Saint-Alexandre, Quebec [CCS241356055]","2021S05022456055","Cows, beef","Number of animals","Number","223","units","0","v1327004332","912.9.2","","F","","","0"
"2021","Sainte-Anne-de-Sabrevois, Quebec [CCS241356060]","2021S05022456060","Cows, beef","Number of animals","Number","223","units","0","v1327004354","913.9.2","55","E","","","0"
"2021","Saint-Blaise-sur-Richelieu, Quebec [CCS241356065]","2021S05022456065","Cows, beef","Number of animals","Number","223","units","0","v1327004376","914.9.2","","F","","","0"
"2021","Saint-Jean-sur-Richelieu, Quebec [CCS241356083]","2021S05022456083","Cows, beef","Number of animals","Number","223","units","0","v1327004398","915.9.2","","F","","","0"
"2021","Mont-Saint-Grégoire, Quebec [CCS241356097]","2021S05022456097","Cows, beef","Number of animals","Number","223","units","0","v1327004420","916.9.2","","F","","","0"
"2021","Sainte-Brigide-d'Iberville, Quebec [CCS241356105]","2021S05022456105","Cows, beef","Number of animals","Number","223","units","0","v1327004442","917.9.2","","F","","","0"
"2021","Carignan, Quebec [CCS241357010]","2021S05022457010","Cows, beef","Number of animals","Number","223","units","0","v1327004486","919.9.2","","F","","","0"
"2021","Saint-Basile-le-Grand, Quebec [CCS241357020]","2021S05022457020","Cows, beef","Number of animals","Number","223","units","0","v1327004508","920.9.2","0","A","","","0"
"2021","Saint-Jean-Baptiste, Quebec [CCS241357033]","2021S05022457033","Cows, beef","Number of animals","Number","223","units","0","v1327004530","921.9.2","","F","","","0"
"2021","Saint-Mathieu-de-Beloeil, Quebec [CCS241357045]","2021S05022457045","Cows, beef","Number of animals","Number","223","units","0","v1327004552","922.9.2","","F","","","0"
"2021","Saint-Marc-sur-Richelieu, Quebec [CCS241357050]","2021S05022457050","Cows, beef","Number of animals","Number","223","units","0","v1327004574","923.9.2","","F","","","0"
"2021","Saint-Charles-sur-Richelieu, Quebec [CCS241357057]","2021S05022457057","Cows, beef","Number of animals","Number","223","units","0","v1327004596","924.9.2","","F","","","0"
"2021","Saint-Denis-sur-Richelieu, Quebec [CCS241357068]","2021S05022457068","Cows, beef","Number of animals","Number","223","units","0","v1327004618","925.9.2","0","A","","","0"
"2021","Saint-Antoine-sur-Richelieu, Quebec [CCS241357075]","2021S05022457075","Cows, beef","Number of animals","Number","223","units","0","v1327004640","926.9.2","","F","","","0"
"2021","Longueuil, Quebec [CCS241358227]","2021S05022458227","Cows, beef","Number of animals","Number","223","units","0","v1327004684","928.9.2","","F","","","0"
"2021","Sainte-Julie, Quebec [CCS241359010]","2021S05022459010","Cows, beef","Number of animals","Number","223","units","0","v1327004728","930.9.2","0","A","","","0"
"2021","Saint-Amable, Quebec [CCS241359015]","2021S05022459015","Cows, beef","Number of animals","Number","223","units","0","v1327004750","931.9.2","0","A","","","0"
"2021","Varennes, Quebec [CCS241359020]","2021S05022459020","Cows, beef","Number of animals","Number","223","units","0","v1327004772","932.9.2","0","A","","","0"
"2021","Verchères, Quebec [CCS241359025]","2021S05022459025","Cows, beef","Number of animals","Number","223","units","0","v1327004794","933.9.2","0","A","","","0"
"2021","Calixa-Lavallée, Quebec [CCS241359030]","2021S05022459030","Cows, beef","Number of animals","Number","223","units","0","v1327004816","934.9.2","72","E","","","0"
"2021","Saint-Mathieu, Quebec [CCS241367005]","2021S05022467005","Cows, beef","Number of animals","Number","223","units","0","v1327004860","936.9.2","0","A","","","0"
"2021","Saint-Philippe, Quebec [CCS241367010]","2021S05022467010","Cows, beef","Number of animals","Number","223","units","0","v1327004882","937.9.2","0","A","","","0"
"2021","Saint-Constant, Quebec [CCS241367035]","2021S05022467035","Cows, beef","Number of animals","Number","223","units","0","v1327004904","938.9.2","","F","","","0"
"2021","Saint-Isidore, Quebec [CCS241367040]","2021S05022467040","Cows, beef","Number of animals","Number","223","units","0","v1327004926","939.9.2","83","E","","","0"
"2021","Mercier, Quebec [CCS241367045]","2021S05022467045","Cows, beef","Number of animals","Number","223","units","0","v1327004948","940.9.2","0","A","","","0"
"2021","Saint-Bernard-de-Lacolle, Quebec [CCS241368005]","2021S05022468005","Cows, beef","Number of animals","Number","223","units","0","v1327004992","942.9.2","","F","","","0"
"2021","Hemmingford, Quebec [CCS241368015]","2021S05022468015","Cows, beef","Number of animals","Number","223","units","0","v1327005014","943.9.2","100","E","","","0"
"2021","Sainte-Clotilde, Quebec [CCS241368020]","2021S05022468020","Cows, beef","Number of animals","Number","223","units","0","v1327005036","944.9.2","202","D","","","0"
"2021","Saint-Patrice-de-Sherrington, Quebec [CCS241368025]","2021S05022468025","Cows, beef","Number of animals","Number","223","units","0","v1327005058","945.9.2","","F","","","0"
"2021","Saint-Cyprien-de-Napierville, Quebec [CCS241368035]","2021S05022468035","Cows, beef","Number of animals","Number","223","units","0","v1327005080","946.9.2","0","A","","","0"
"2021","Saint-Jacques-le-Mineur, Quebec [CCS241368040]","2021S05022468040","Cows, beef","Number of animals","Number","223","units","0","v1327005102","947.9.2","","F","","","0"
"2021","Saint-Édouard, Quebec [CCS241368045]","2021S05022468045","Cows, beef","Number of animals","Number","223","units","0","v1327005124","948.9.2","","F","","","0"
"2021","Saint-Michel, Quebec [CCS241368050]","2021S05022468050","Cows, beef","Number of animals","Number","223","units","0","v1327005146","949.9.2","","F","","","0"
"2021","Saint-Rémi, Quebec [CCS241368055]","2021S05022468055","Cows, beef","Number of animals","Number","223","units","0","v1327005168","950.9.2","0","A","","","0"
"2021","Havelock, Quebec [CCS241369005]","2021S05022469005","Cows, beef","Number of animals","Number","223","units","0","v1327005212","952.9.2","293","C","","","0"
"2021","Franklin, Quebec [CCS241369010]","2021S05022469010","Cows, beef","Number of animals","Number","223","units","0","v1327005234","953.9.2","203","D","","","0"
"2021","Saint-Chrysostome, Quebec [CCS241369017]","2021S05022469017","Cows, beef","Number of animals","Number","223","units","0","v1327005256","954.9.2","","F","","","0"
"2021","Très-Saint-Sacrement, Quebec [CCS241369030]","2021S05022469030","Cows, beef","Number of animals","Number","223","units","0","v1327005278","955.9.2","","F","","","0"
"2021","Ormstown, Quebec [CCS241369037]","2021S05022469037","Cows, beef","Number of animals","Number","223","units","0","v1327005300","956.9.2","280","C","","","0"
"2021","Hinchinbrooke, Quebec [CCS241369045]","2021S05022469045","Cows, beef","Number of animals","Number","223","units","0","v1327005322","957.9.2","320","B","","","0"
"2021","Elgin, Quebec [CCS241369050]","2021S05022469050","Cows, beef","Number of animals","Number","223","units","0","v1327005344","958.9.2","177","B","","","0"
"2021","Godmanchester, Quebec [CCS241369060]","2021S05022469060","Cows, beef","Number of animals","Number","223","units","0","v1327005366","959.9.2","","F","","","0"
"2021","Saint-Anicet, Quebec [CCS241369070]","2021S05022469070","Cows, beef","Number of animals","Number","223","units","0","v1327005388","960.9.2","","F","","","0"
"2021","Dundee, Quebec [CCS241369075]","2021S05022469075","Cows, beef","Number of animals","Number","223","units","0","v1327005410","961.9.2","","F","","","0"
"2021","Sainte-Martine, Quebec [CCS241370012]","2021S05022470012","Cows, beef","Number of animals","Number","223","units","0","v1327005454","963.9.2","","F","","","0"
"2021","Beauharnois, Quebec [CCS241370022]","2021S05022470022","Cows, beef","Number of animals","Number","223","units","0","v1327005476","964.9.2","0","A","","","0"
"2021","Saint-Étienne-de-Beauharnois, Quebec [CCS241370030]","2021S05022470030","Cows, beef","Number of animals","Number","223","units","0","v1327005498","965.9.2","","F","","","0"
"2021","Saint-Louis-de-Gonzague, Quebec [CCS241370035]","2021S05022470035","Cows, beef","Number of animals","Number","223","units","0","v1327005520","966.9.2","0","A","","","0"
"2021","Saint-Stanislas-de-Kostka, Quebec [CCS241370040]","2021S05022470040","Cows, beef","Number of animals","Number","223","units","0","v1327005542","967.9.2","51","E","","","0"
"2021","Salaberry-de-Valleyfield, Quebec [CCS241370052]","2021S05022470052","Cows, beef","Number of animals","Number","223","units","0","v1327005564","968.9.2","","F","","","0"
"2021","Saint-Télesphore, Quebec [CCS241371015]","2021S05022471015","Cows, beef","Number of animals","Number","223","units","0","v1327005608","970.9.2","","F","","","0"
"2021","Saint-Polycarpe, Quebec [CCS241371020]","2021S05022471020","Cows, beef","Number of animals","Number","223","units","0","v1327005630","971.9.2","0","A","","","0"
"2021","Coteau-du-Lac, Quebec [CCS241371040]","2021S05022471040","Cows, beef","Number of animals","Number","223","units","0","v1327005652","972.9.2","0","A","","","0"
"2021","Saint-Clet, Quebec [CCS241371045]","2021S05022471045","Cows, beef","Number of animals","Number","223","units","0","v1327005674","973.9.2","0","A","","","0"
"2021","Les Cèdres, Quebec [CCS241371050]","2021S05022471050","Cows, beef","Number of animals","Number","223","units","0","v1327005696","974.9.2","","F","","","0"
"2021","Vaudreuil-Dorion, Quebec [CCS241371083]","2021S05022471083","Cows, beef","Number of animals","Number","223","units","0","v1327005718","975.9.2","","F","","","0"
"2021","Sainte-Marthe, Quebec [CCS241371110]","2021S05022471110","Cows, beef","Number of animals","Number","223","units","0","v1327005740","976.9.2","0","A","","","0"
"2021","Sainte-Justine-de-Newton, Quebec [CCS241371115]","2021S05022471115","Cows, beef","Number of animals","Number","223","units","0","v1327005762","977.9.2","","F","","","0"
"2021","Très-Saint-Rédempteur, Quebec [CCS241371125]","2021S05022471125","Cows, beef","Number of animals","Number","223","units","0","v1327005784","978.9.2","","F","","","0"
"2021","Rigaud, Quebec [CCS241371133]","2021S05022471133","Cows, beef","Number of animals","Number","223","units","0","v1327005806","979.9.2","","F","","","0"
"2021","Saint-Ferdinand, Quebec [CCS241432013]","2021S05022432013","Cows, beef","Number of animals","Number","223","units","0","v1327005872","982.9.2","810","D","","","0"
"2021","Sainte-Sophie-d'Halifax, Quebec [CCS241432023]","2021S05022432023","Cows, beef","Number of animals","Number","223","units","0","v1327005894","983.9.2","503","D","","","0"
"2021","Princeville, Quebec [CCS241432033]","2021S05022432033","Cows, beef","Number of animals","Number","223","units","0","v1327005916","984.9.2","613","D","","","0"
"2021","Plessisville, Quebec [CCS241432045]","2021S05022432045","Cows, beef","Number of animals","Number","223","units","0","v1327005938","985.9.2","","F","","","0"
"2021","Saint-Pierre-Baptiste, Quebec [CCS241432050]","2021S05022432050","Cows, beef","Number of animals","Number","223","units","0","v1327005960","986.9.2","575","C","","","0"
"2021","Inverness, Quebec [CCS241432058]","2021S05022432058","Cows, beef","Number of animals","Number","223","units","0","v1327005982","987.9.2","1301","C","","","0"
"2021","Lyster, Quebec [CCS241432065]","2021S05022432065","Cows, beef","Number of animals","Number","223","units","0","v1327006004","988.9.2","578","D","","","0"
"2021","Laurierville, Quebec [CCS241432072]","2021S05022432072","Cows, beef","Number of animals","Number","223","units","0","v1327006026","989.9.2","688","B","","","0"
"2021","Villeroy, Quebec [CCS241432085]","2021S05022432085","Cows, beef","Number of animals","Number","223","units","0","v1327006048","990.9.2","","F","","","0"
"2021","Saint-Sylvère, Quebec [CCS241438005]","2021S05022438005","Cows, beef","Number of animals","Number","223","units","0","v1327006092","992.9.2","","F","","","0"
"2021","Bécancour, Quebec [CCS241438010]","2021S05022438010","Cows, beef","Number of animals","Number","223","units","0","v1327006114","993.9.2","341","E","","","0"
"2021","Manseau, Quebec [CCS241438028]","2021S05022438028","Cows, beef","Number of animals","Number","223","units","0","v1327006136","994.9.2","","F","","","0"
"2021","Sainte-Françoise, Quebec [CCS241438035]","2021S05022438035","Cows, beef","Number of animals","Number","223","units","0","v1327006158","995.9.2","","F","","","0"
"2021","Sainte-Sophie-de-Lévrard, Quebec [CCS241438040]","2021S05022438040","Cows, beef","Number of animals","Number","223","units","0","v1327006180","996.9.2","","F","","","0"
"2021","Fortierville, Quebec [CCS241438047]","2021S05022438047","Cows, beef","Number of animals","Number","223","units","0","v1327006202","997.9.2","0","A","","","0"
"2021","Parisville, Quebec [CCS241438055]","2021S05022438055","Cows, beef","Number of animals","Number","223","units","0","v1327006224","998.9.2","","F","","","0"
"2021","Saint-Pierre-les-Becquets, Quebec [CCS241438065]","2021S05022438065","Cows, beef","Number of animals","Number","223","units","0","v1327006246","999.9.2","30","B","","","0"
"2021","Ham-Nord, Quebec [CCS241439010]","2021S05022439010","Cows, beef","Number of animals","Number","223","units","0","v1327006290","1001.9.2","","F","","","0"
"2021","Notre-Dame-de-Ham, Quebec [CCS241439015]","2021S05022439015","Cows, beef","Number of animals","Number","223","units","0","v1327006312","1002.9.2","61","E","","","0"
"2021","Saint-Rémi-de-Tingwick, Quebec [CCS241439020]","2021S05022439020","Cows, beef","Number of animals","Number","223","units","0","v1327006334","1003.9.2","273","D","","","0"
"2021","Tingwick, Quebec [CCS241439025]","2021S05022439025","Cows, beef","Number of animals","Number","223","units","0","v1327006356","1004.9.2","","F","","","0"
"2021","Chesterville, Quebec [CCS241439030]","2021S05022439030","Cows, beef","Number of animals","Number","223","units","0","v1327006378","1005.9.2","434","E","","","0"
"2021","Sainte-Hélène-de-Chester, Quebec [CCS241439035]","2021S05022439035","Cows, beef","Number of animals","Number","223","units","0","v1327006400","1006.9.2","","F","","","0"
"2021","Saint-Norbert-d'Arthabaska, Quebec [CCS241439043]","2021S05022439043","Cows, beef","Number of animals","Number","223","units","0","v1327006422","1007.9.2","417","E","","","0"
"2021","Victoriaville, Quebec [CCS241439062]","2021S05022439062","Cows, beef","Number of animals","Number","223","units","0","v1327006444","1008.9.2","","F","","","0"
"2021","Warwick, Quebec [CCS241439077]","2021S05022439077","Cows, beef","Number of animals","Number","223","units","0","v1327006466","1009.9.2","278","D","","","0"
"2021","Saint-Albert, Quebec [CCS241439085]","2021S05022439085","Cows, beef","Number of animals","Number","223","units","0","v1327006488","1010.9.2","","F","","","0"
"2021","Sainte-Élizabeth-de-Warwick, Quebec [CCS241439090]","2021S05022439090","Cows, beef","Number of animals","Number","223","units","0","v1327006510","1011.9.2","","F","","","0"
"2021","Kingsey Falls, Quebec [CCS241439097]","2021S05022439097","Cows, beef","Number of animals","Number","223","units","0","v1327006532","1012.9.2","413","C","","","0"
"2021","Sainte-Séraphine, Quebec [CCS241439105]","2021S05022439105","Cows, beef","Number of animals","Number","223","units","0","v1327006554","1013.9.2","","F","","","0"
"2021","Sainte-Clotilde-de-Horton, Quebec [CCS241439117]","2021S05022439117","Cows, beef","Number of animals","Number","223","units","0","v1327006576","1014.9.2","","F","","","0"
"2021","Saint-Valère, Quebec [CCS241439135]","2021S05022439135","Cows, beef","Number of animals","Number","223","units","0","v1327006598","1015.9.2","","F","","","0"
"2021","Saint-Rosaire, Quebec [CCS241439145]","2021S05022439145","Cows, beef","Number of animals","Number","223","units","0","v1327006620","1016.9.2","99","D","","","0"
"2021","Daveluyville, Quebec [CCS241439152]","2021S05022439152","Cows, beef","Number of animals","Number","223","units","0","v1327006642","1017.9.2","","F","","","0"
"2021","Saint-Louis-de-Blandford, Quebec [CCS241439170]","2021S05022439170","Cows, beef","Number of animals","Number","223","units","0","v1327006664","1018.9.2","","F","","","0"
"2021","Saint-Félix-de-Kingsey, Quebec [CCS241449005]","2021S05022449005","Cows, beef","Number of animals","Number","223","units","0","v1327006708","1020.9.2","599","C","","","0"
"2021","Durham-Sud, Quebec [CCS241449015]","2021S05022449015","Cows, beef","Number of animals","Number","223","units","0","v1327006730","1021.9.2","301","D","","","0"
"2021","Lefebvre, Quebec [CCS241449020]","2021S05022449020","Cows, beef","Number of animals","Number","223","units","0","v1327006752","1022.9.2","165","E","","","0"
"2021","L'Avenir, Quebec [CCS241449025]","2021S05022449025","Cows, beef","Number of animals","Number","223","units","0","v1327006774","1023.9.2","356","D","","","0"
"2021","Saint-Lucien, Quebec [CCS241449030]","2021S05022449030","Cows, beef","Number of animals","Number","223","units","0","v1327006796","1024.9.2","","F","","","0"
"2021","Wickham, Quebec [CCS241449040]","2021S05022449040","Cows, beef","Number of animals","Number","223","units","0","v1327006818","1025.9.2","","F","","","0"
"2021","Saint-Germain-de-Grantham, Quebec [CCS241449048]","2021S05022449048","Cows, beef","Number of animals","Number","223","units","0","v1327006840","1026.9.2","","F","","","0"
"2021","Drummondville, Quebec [CCS241449058]","2021S05022449058","Cows, beef","Number of animals","Number","223","units","0","v1327006862","1027.9.2","","F","","","0"
"2021","Notre-Dame-du-Bon-Conseil, Quebec [CCS241449080]","2021S05022449080","Cows, beef","Number of animals","Number","223","units","0","v1327006884","1028.9.2","","F","","","0"
"2021","Sainte-Brigitte-des-Saults, Quebec [CCS241449085]","2021S05022449085","Cows, beef","Number of animals","Number","223","units","0","v1327006906","1029.9.2","","F","","","0"
"2021","Saint-Edmond-de-Grantham, Quebec [CCS241449100]","2021S05022449100","Cows, beef","Number of animals","Number","223","units","0","v1327006928","1030.9.2","0","A","","","0"
"2021","Saint-Eugène, Quebec [CCS241449105]","2021S05022449105","Cows, beef","Number of animals","Number","223","units","0","v1327006950","1031.9.2","","F","","","0"
"2021","Saint-Guillaume, Quebec [CCS241449113]","2021S05022449113","Cows, beef","Number of animals","Number","223","units","0","v1327006972","1032.9.2","","F","","","0"
"2021","Saint-Bonaventure, Quebec [CCS241449125]","2021S05022449125","Cows, beef","Number of animals","Number","223","units","0","v1327006994","1033.9.2","77","E","","","0"
"2021","Saint-Pie-de-Guire, Quebec [CCS241449130]","2021S05022449130","Cows, beef","Number of animals","Number","223","units","0","v1327007016","1034.9.2","","F","","","0"
"2021","Sainte-Eulalie, Quebec [CCS241450005]","2021S05022450005","Cows, beef","Number of animals","Number","223","units","0","v1327007060","1036.9.2","139","D","","","0"
"2021","Aston-Jonction, Quebec [CCS241450013]","2021S05022450013","Cows, beef","Number of animals","Number","223","units","0","v1327007082","1037.9.2","122","E","","","0"
"2021","Saint-Wenceslas, Quebec [CCS241450023]","2021S05022450023","Cows, beef","Number of animals","Number","223","units","0","v1327007104","1038.9.2","","F","","","0"
"2021","Saint-Célestin, Quebec [CCS241450035]","2021S05022450035","Cows, beef","Number of animals","Number","223","units","0","v1327007126","1039.9.2","0","A","","","0"
"2021","Saint-Léonard-d'Aston, Quebec [CCS241450042]","2021S05022450042","Cows, beef","Number of animals","Number","223","units","0","v1327007148","1040.9.2","","F","","","0"
"2021","Sainte-Perpétue, Quebec [CCS241450050]","2021S05022450050","Cows, beef","Number of animals","Number","223","units","0","v1327007170","1041.9.2","","F","","","0"
"2021","Grand-Saint-Esprit, Quebec [CCS241450065]","2021S05022450065","Cows, beef","Number of animals","Number","223","units","0","v1327007192","1042.9.2","0","A","","","0"
"2021","Nicolet, Quebec [CCS241450072]","2021S05022450072","Cows, beef","Number of animals","Number","223","units","0","v1327007214","1043.9.2","","F","","","0"
"2021","La Visitation-de-Yamaska, Quebec [CCS241450085]","2021S05022450085","Cows, beef","Number of animals","Number","223","units","0","v1327007236","1044.9.2","134","E","","","0"
"2021","Saint-Zéphirin-de-Courval, Quebec [CCS241450090]","2021S05022450090","Cows, beef","Number of animals","Number","223","units","0","v1327007258","1045.9.2","","F","","","0"
"2021","Saint-Elphège, Quebec [CCS241450095]","2021S05022450095","Cows, beef","Number of animals","Number","223","units","0","v1327007280","1046.9.2","0","A","","","0"
"2021","Baie-du-Febvre, Quebec [CCS241450100]","2021S05022450100","Cows, beef","Number of animals","Number","223","units","0","v1327007302","1047.9.2","","F","","","0"
"2021","Pierreville, Quebec [CCS241450113]","2021S05022450113","Cows, beef","Number of animals","Number","223","units","0","v1327007324","1048.9.2","","F","","","0"
"2021","Ontario [PR350000000]","2021A000235","Cows, beef","Number of animals","Number","223","units","0","v1327007346","1049.9.2","224194","A","","","0"
"2021","Hamilton, Ontario [CCS350125005]","2021S05023525005","Cows, beef","Number of animals","Number","223","units","0","v1327007412","1052.9.2","1365","C","","","0"
"2021","Fort Erie, Ontario [CCS350126003]","2021S05023526003","Cows, beef","Number of animals","Number","223","units","0","v1327007456","1054.9.2","","F","","","0"
"2021","Port Colborne, Ontario [CCS350126011]","2021S05023526011","Cows, beef","Number of animals","Number","223","units","0","v1327007478","1055.9.2","","F","","","0"
"2021","Wainfleet, Ontario [CCS350126014]","2021S05023526014","Cows, beef","Number of animals","Number","223","units","0","v1327007500","1056.9.2","","F","","","0"
"2021","West Lincoln, Ontario [CCS350126021]","2021S05023526021","Cows, beef","Number of animals","Number","223","units","0","v1327007522","1057.9.2","581","C","","","0"
"2021","Pelham, Ontario [CCS350126028]","2021S05023526028","Cows, beef","Number of animals","Number","223","units","0","v1327007544","1058.9.2","93","E","","","0"
"2021","Thorold, Ontario [CCS350126037]","2021S05023526037","Cows, beef","Number of animals","Number","223","units","0","v1327007566","1059.9.2","","F","","","0"
"2021","Niagara Falls, Ontario [CCS350126043]","2021S05023526043","Cows, beef","Number of animals","Number","223","units","0","v1327007588","1060.9.2","","F","","","0"
"2021","Niagara-on-the-Lake, Ontario [CCS350126047]","2021S05023526047","Cows, beef","Number of animals","Number","223","units","0","v1327007610","1061.9.2","","F","","","0"
"2021","St. Catharines, Ontario [CCS350126053]","2021S05023526053","Cows, beef","Number of animals","Number","223","units","0","v1327007632","1062.9.2","","F","","","0"
"2021","Lincoln, Ontario [CCS350126057]","2021S05023526057","Cows, beef","Number of animals","Number","223","units","0","v1327007654","1063.9.2","","F","","","0"
"2021","Grimsby, Ontario [CCS350126065]","2021S05023526065","Cows, beef","Number of animals","Number","223","units","0","v1327007676","1064.9.2","","F","","","0"
"2021","Haldimand County, Ontario [CCS350128018]","2021S05023528018","Cows, beef","Number of animals","Number","223","units","0","v1327007720","1066.9.2","2619","B","","","0"
"2021","Norfolk County, Ontario [CCS350128052]","2021S05023528052","Cows, beef","Number of animals","Number","223","units","0","v1327007742","1067.9.2","1076","D","","","0"
"2021","Brant, Ontario [CCS350129005]","2021S05023529005","Cows, beef","Number of animals","Number","223","units","0","v1327007786","1069.9.2","1154","C","","","0"
"2021","Norwich, Ontario [CCS350132002]","2021S05023532002","Cows, beef","Number of animals","Number","223","units","0","v1327007830","1071.9.2","965","D","","","0"
"2021","South-West Oxford, Ontario [CCS350132012]","2021S05023532012","Cows, beef","Number of animals","Number","223","units","0","v1327007852","1072.9.2","1119","C","","","0"
"2021","Zorra, Ontario [CCS350132027]","2021S05023532027","Cows, beef","Number of animals","Number","223","units","0","v1327007874","1073.9.2","712","D","","","0"
"2021","East Zorra-Tavistock, Ontario [CCS350132038]","2021S05023532038","Cows, beef","Number of animals","Number","223","units","0","v1327007896","1074.9.2","399","E","","","0"
"2021","Blandford-Blenheim, Ontario [CCS350132045]","2021S05023532045","Cows, beef","Number of animals","Number","223","units","0","v1327007918","1075.9.2","952","D","","","0"
"2021","Bayham, Ontario [CCS350134005]","2021S05023534005","Cows, beef","Number of animals","Number","223","units","0","v1327007962","1077.9.2","272","E","","","0"
"2021","Malahide, Ontario [CCS350134010]","2021S05023534010","Cows, beef","Number of animals","Number","223","units","0","v1327007984","1078.9.2","371","E","","","0"
"2021","Central Elgin, Ontario [CCS350134020]","2021S05023534020","Cows, beef","Number of animals","Number","223","units","0","v1327008006","1079.9.2","324","E","","","0"
"2021","Southwold, Ontario [CCS350134024]","2021S05023534024","Cows, beef","Number of animals","Number","223","units","0","v1327008028","1080.9.2","471","E","","","0"
"2021","Dutton/Dunwich, Ontario [CCS350134030]","2021S05023534030","Cows, beef","Number of animals","Number","223","units","0","v1327008050","1081.9.2","948","C","","","0"
"2021","West Elgin, Ontario [CCS350134042]","2021S05023534042","Cows, beef","Number of animals","Number","223","units","0","v1327008072","1082.9.2","597","D","","","0"
"2021","Chatham-Kent, Ontario [CCS350136020]","2021S05023536020","Cows, beef","Number of animals","Number","223","units","0","v1327008116","1084.9.2","2590","D","","","0"
"2021","Leamington, Ontario [CCS350137003]","2021S05023537003","Cows, beef","Number of animals","Number","223","units","0","v1327008160","1086.9.2","","F","","","0"
"2021","Kingsville, Ontario [CCS350137013]","2021S05023537013","Cows, beef","Number of animals","Number","223","units","0","v1327008182","1087.9.2","","F","","","0"
"2021","Essex, Ontario [CCS350137016]","2021S05023537016","Cows, beef","Number of animals","Number","223","units","0","v1327008204","1088.9.2","","F","","","0"
"2021","Amherstburg, Ontario [CCS350137028]","2021S05023537028","Cows, beef","Number of animals","Number","223","units","0","v1327008226","1089.9.2","","F","","","0"
"2021","LaSalle, Ontario [CCS350137034]","2021S05023537034","Cows, beef","Number of animals","Number","223","units","0","v1327008248","1090.9.2","0","A","","","0"
"2021","Windsor, Ontario [CCS350137039]","2021S05023537039","Cows, beef","Number of animals","Number","223","units","0","v1327008270","1091.9.2","","F","","","0"
"2021","Tecumseh, Ontario [CCS350137048]","2021S05023537048","Cows, beef","Number of animals","Number","223","units","0","v1327008292","1092.9.2","","F","","","0"
"2021","Lakeshore, Ontario [CCS350137064]","2021S05023537064","Cows, beef","Number of animals","Number","223","units","0","v1327008314","1093.9.2","301","E","","","0"
"2021","St. Clair, Ontario [CCS350138003]","2021S05023538003","Cows, beef","Number of animals","Number","223","units","0","v1327008358","1095.9.2","1199","B","","","0"
"2021","Dawn-Euphemia, Ontario [CCS350138007]","2021S05023538007","Cows, beef","Number of animals","Number","223","units","0","v1327008380","1096.9.2","321","E","","","0"
"2021","Brooke-Alvinston, Ontario [CCS350138015]","2021S05023538015","Cows, beef","Number of animals","Number","223","units","0","v1327008402","1097.9.2","661","D","","","0"
"2021","Enniskillen, Ontario [CCS350138016]","2021S05023538016","Cows, beef","Number of animals","Number","223","units","0","v1327008424","1098.9.2","861","D","","","0"
"2021","Sarnia, Ontario [CCS350138030]","2021S05023538030","Cows, beef","Number of animals","Number","223","units","0","v1327008446","1099.9.2","92","E","","","0"
"2021","Plympton-Wyoming, Ontario [CCS350138035]","2021S05023538035","Cows, beef","Number of animals","Number","223","units","0","v1327008468","1100.9.2","595","E","","","0"
"2021","Lambton Shores, Ontario [CCS350138040]","2021S05023538040","Cows, beef","Number of animals","Number","223","units","0","v1327008490","1101.9.2","282","E","","","0"
"2021","Warwick, Ontario [CCS350138043]","2021S05023538043","Cows, beef","Number of animals","Number","223","units","0","v1327008512","1102.9.2","338","D","","","0"
"2021","Southwest Middlesex, Ontario [CCS350139005]","2021S05023539005","Cows, beef","Number of animals","Number","223","units","0","v1327008556","1104.9.2","1836","B","","","0"
"2021","Strathroy-Caradoc, Ontario [CCS350139015]","2021S05023539015","Cows, beef","Number of animals","Number","223","units","0","v1327008578","1105.9.2","573","E","","","0"
"2021","Thames Centre, Ontario [CCS350139027]","2021S05023539027","Cows, beef","Number of animals","Number","223","units","0","v1327008600","1106.9.2","909","E","","","0"
"2021","Middlesex Centre, Ontario [CCS350139033]","2021S05023539033","Cows, beef","Number of animals","Number","223","units","0","v1327008622","1107.9.2","1027","D","","","0"
"2021","London, Ontario [CCS350139036]","2021S05023539036","Cows, beef","Number of animals","Number","223","units","0","v1327008644","1108.9.2","","F","","","0"
"2021","North Middlesex, Ontario [CCS350139041]","2021S05023539041","Cows, beef","Number of animals","Number","223","units","0","v1327008666","1109.9.2","1336","D","","","0"
"2021","Adelaide-Metcalfe, Ontario [CCS350139047]","2021S05023539047","Cows, beef","Number of animals","Number","223","units","0","v1327008688","1110.9.2","","F","","","0"
"2021","Lucan Biddulph, Ontario [CCS350139060]","2021S05023539060","Cows, beef","Number of animals","Number","223","units","0","v1327008710","1111.9.2","671","D","","","0"
"2021","Brampton, Ontario [CCS350221010]","2021S05023521010","Cows, beef","Number of animals","Number","223","units","0","v1327008776","1114.9.2","","F","","","0"
"2021","Caledon, Ontario [CCS350221024]","2021S05023521024","Cows, beef","Number of animals","Number","223","units","0","v1327008798","1115.9.2","1184","C","","","0"
"2021","East Garafraxa, Ontario [CCS350222001]","2021S05023522001","Cows, beef","Number of animals","Number","223","units","0","v1327008842","1117.9.2","508","D","","","0"
"2021","Amaranth, Ontario [CCS350222008]","2021S05023522008","Cows, beef","Number of animals","Number","223","units","0","v1327008864","1118.9.2","805","C","","","0"
"2021","Grand Valley, Ontario [CCS350222010]","2021S05023522010","Cows, beef","Number of animals","Number","223","units","0","v1327008886","1119.9.2","286","E","","","0"
"2021","Mono, Ontario [CCS350222012]","2021S05023522012","Cows, beef","Number of animals","Number","223","units","0","v1327008908","1120.9.2","558","E","","","0"
"2021","Mulmur, Ontario [CCS350222016]","2021S05023522016","Cows, beef","Number of animals","Number","223","units","0","v1327008930","1121.9.2","1251","B","","","0"
"2021","Melancthon, Ontario [CCS350222019]","2021S05023522019","Cows, beef","Number of animals","Number","223","units","0","v1327008952","1122.9.2","923","D","","","0"
"2021","Puslinch, Ontario [CCS350223001]","2021S05023523001","Cows, beef","Number of animals","Number","223","units","0","v1327008996","1124.9.2","373","E","","","0"
"2021","Guelph/Eramosa, Ontario [CCS350223009]","2021S05023523009","Cows, beef","Number of animals","Number","223","units","0","v1327009018","1125.9.2","983","D","","","0"
"2021","Erin, Ontario [CCS350223017]","2021S05023523017","Cows, beef","Number of animals","Number","223","units","0","v1327009040","1126.9.2","689","D","","","0"
"2021","Centre Wellington, Ontario [CCS350223025]","2021S05023523025","Cows, beef","Number of animals","Number","223","units","0","v1327009062","1127.9.2","1230","D","","","0"
"2021","Mapleton, Ontario [CCS350223033]","2021S05023523033","Cows, beef","Number of animals","Number","223","units","0","v1327009084","1128.9.2","2472","C","","","0"
"2021","Minto, Ontario [CCS350223043]","2021S05023523043","Cows, beef","Number of animals","Number","223","units","0","v1327009106","1129.9.2","1335","C","","","0"
"2021","Wellington North, Ontario [CCS350223050]","2021S05023523050","Cows, beef","Number of animals","Number","223","units","0","v1327009128","1130.9.2","2316","C","","","0"
"2021","Oakville, Ontario [CCS350224001]","2021S05023524001","Cows, beef","Number of animals","Number","223","units","0","v1327009172","1132.9.2","","F","","","0"
"2021","Burlington, Ontario [CCS350224002]","2021S05023524002","Cows, beef","Number of animals","Number","223","units","0","v1327009194","1133.9.2","","F","","","0"
"2021","Milton, Ontario [CCS350224009]","2021S05023524009","Cows, beef","Number of animals","Number","223","units","0","v1327009216","1134.9.2","264","E","","","0"
"2021","Halton Hills, Ontario [CCS350224015]","2021S05023524015","Cows, beef","Number of animals","Number","223","units","0","v1327009238","1135.9.2","503","D","","","0"
"2021","North Dumfries, Ontario [CCS350230004]","2021S05023530004","Cows, beef","Number of animals","Number","223","units","0","v1327009282","1137.9.2","401","D","","","0"
"2021","Cambridge, Ontario [CCS350230010]","2021S05023530010","Cows, beef","Number of animals","Number","223","units","0","v1327009304","1138.9.2","","F","","","0"
"2021","Kitchener, Ontario [CCS350230013]","2021S05023530013","Cows, beef","Number of animals","Number","223","units","0","v1327009326","1139.9.2","","F","","","0"
"2021","Wilmot, Ontario [CCS350230020]","2021S05023530020","Cows, beef","Number of animals","Number","223","units","0","v1327009348","1140.9.2","668","D","","","0"
"2021","Wellesley, Ontario [CCS350230027]","2021S05023530027","Cows, beef","Number of animals","Number","223","units","0","v1327009370","1141.9.2","1092","C","","","0"
"2021","Woolwich, Ontario [CCS350230035]","2021S05023530035","Cows, beef","Number of animals","Number","223","units","0","v1327009392","1142.9.2","753","D","","","0"
"2021","Perth South, Ontario [CCS350231013]","2021S05023531013","Cows, beef","Number of animals","Number","223","units","0","v1327009436","1144.9.2","1120","D","","","0"
"2021","West Perth, Ontario [CCS350231025]","2021S05023531025","Cows, beef","Number of animals","Number","223","units","0","v1327009458","1145.9.2","1425","C","","","0"
"2021","Perth East, Ontario [CCS350231030]","2021S05023531030","Cows, beef","Number of animals","Number","223","units","0","v1327009480","1146.9.2","1552","B","","","0"
"2021","North Perth, Ontario [CCS350231040]","2021S05023531040","Cows, beef","Number of animals","Number","223","units","0","v1327009502","1147.9.2","2153","B","","","0"
"2021","South Huron, Ontario [CCS350240005]","2021S05023540005","Cows, beef","Number of animals","Number","223","units","0","v1327009546","1149.9.2","834","D","","","0"
"2021","Bluewater, Ontario [CCS350240010]","2021S05023540010","Cows, beef","Number of animals","Number","223","units","0","v1327009568","1150.9.2","1242","E","","","0"
"2021","Central Huron, Ontario [CCS350240025]","2021S05023540025","Cows, beef","Number of animals","Number","223","units","0","v1327009590","1151.9.2","1772","C","","","0"
"2021","Huron East, Ontario [CCS350240040]","2021S05023540040","Cows, beef","Number of animals","Number","223","units","0","v1327009612","1152.9.2","1552","D","","","0"
"2021","Howick, Ontario [CCS350240046]","2021S05023540046","Cows, beef","Number of animals","Number","223","units","0","v1327009634","1153.9.2","864","E","","","0"
"2021","Morris-Turnberry, Ontario [CCS350240050]","2021S05023540050","Cows, beef","Number of animals","Number","223","units","0","v1327009656","1154.9.2","1638","B","","","0"
"2021","North Huron, Ontario [CCS350240055]","2021S05023540055","Cows, beef","Number of animals","Number","223","units","0","v1327009678","1155.9.2","1334","C","","","0"
"2021","Ashfield-Colborne-Wawanosh, Ontario [CCS350240063]","2021S05023540063","Cows, beef","Number of animals","Number","223","units","0","v1327009700","1156.9.2","1980","C","","","0"
"2021","South Bruce, Ontario [CCS350241004]","2021S05023541004","Cows, beef","Number of animals","Number","223","units","0","v1327009744","1158.9.2","1988","B","","","0"
"2021","Huron-Kinloss, Ontario [CCS350241015]","2021S05023541015","Cows, beef","Number of animals","Number","223","units","0","v1327009766","1159.9.2","2600","B","","","0"
"2021","Kincardine, Ontario [CCS350241024]","2021S05023541024","Cows, beef","Number of animals","Number","223","units","0","v1327009788","1160.9.2","1919","B","","","0"
"2021","Brockton, Ontario [CCS350241032]","2021S05023541032","Cows, beef","Number of animals","Number","223","units","0","v1327009810","1161.9.2","3376","A","","","0"
"2021","Arran-Elderslie, Ontario [CCS350241043]","2021S05023541043","Cows, beef","Number of animals","Number","223","units","0","v1327009832","1162.9.2","4711","A","","","0"
"2021","Saugeen Shores, Ontario [CCS350241045]","2021S05023541045","Cows, beef","Number of animals","Number","223","units","0","v1327009854","1163.9.2","447","C","","","0"
"2021","South Bruce Peninsula, Ontario [CCS350241055]","2021S05023541055","Cows, beef","Number of animals","Number","223","units","0","v1327009876","1164.9.2","1918","A","","","0"
"2021","Northern Bruce Peninsula, Ontario [CCS350241069]","2021S05023541069","Cows, beef","Number of animals","Number","223","units","0","v1327009898","1165.9.2","2099","A","","","0"
"2021","West Grey, Ontario [CCS350242004]","2021S05023542004","Cows, beef","Number of animals","Number","223","units","0","v1327009942","1167.9.2","3553","B","","","0"
"2021","Southgate, Ontario [CCS350242005]","2021S05023542005","Cows, beef","Number of animals","Number","223","units","0","v1327009964","1168.9.2","3128","B","","","0"
"2021","Grey Highlands, Ontario [CCS350242015]","2021S05023542015","Cows, beef","Number of animals","Number","223","units","0","v1327009986","1169.9.2","3695","A","","","0"
"2021","Chatsworth, Ontario [CCS350242037]","2021S05023542037","Cows, beef","Number of animals","Number","223","units","0","v1327010008","1170.9.2","1466","C","","","0"
"2021","The Blue Mountains, Ontario [CCS350242045]","2021S05023542045","Cows, beef","Number of animals","Number","223","units","0","v1327010030","1171.9.2","664","B","","","0"
"2021","Meaford, Ontario [CCS350242047]","2021S05023542047","Cows, beef","Number of animals","Number","223","units","0","v1327010052","1172.9.2","3232","B","","","0"
"2021","Georgian Bluffs, Ontario [CCS350242053]","2021S05023542053","Cows, beef","Number of animals","Number","223","units","0","v1327010074","1173.9.2","2727","A","","","0"
"2021","Adjala-Tosorontio, Ontario [CCS350243003]","2021S05023543003","Cows, beef","Number of animals","Number","223","units","0","v1327010118","1175.9.2","367","E","","","0"
"2021","Clearview, Ontario [CCS350243005]","2021S05023543005","Cows, beef","Number of animals","Number","223","units","0","v1327010140","1176.9.2","1554","B","","","0"
"2021","New Tecumseth, Ontario [CCS350243007]","2021S05023543007","Cows, beef","Number of animals","Number","223","units","0","v1327010162","1177.9.2","536","E","","","0"
"2021","Springwater, Ontario [CCS350243009]","2021S05023543009","Cows, beef","Number of animals","Number","223","units","0","v1327010184","1178.9.2","1203","C","","","0"
"2021","Bradford West Gwillimbury, Ontario [CCS350243014]","2021S05023543014","Cows, beef","Number of animals","Number","223","units","0","v1327010206","1179.9.2","181","E","","","0"
"2021","Severn, Ontario [CCS350243015]","2021S05023543015","Cows, beef","Number of animals","Number","223","units","0","v1327010228","1180.9.2","1392","C","","","0"
"2021","Innisfil, Ontario [CCS350243017]","2021S05023543017","Cows, beef","Number of animals","Number","223","units","0","v1327010250","1181.9.2","424","E","","","0"
"2021","Ramara, Ontario [CCS350243019]","2021S05023543019","Cows, beef","Number of animals","Number","223","units","0","v1327010272","1182.9.2","1856","A","","","0"
"2021","Essa, Ontario [CCS350243021]","2021S05023543021","Cows, beef","Number of animals","Number","223","units","0","v1327010294","1183.9.2","507","D","","","0"
"2021","Oro-Medonte, Ontario [CCS350243023]","2021S05023543023","Cows, beef","Number of animals","Number","223","units","0","v1327010316","1184.9.2","1386","C","","","0"
"2021","Tiny, Ontario [CCS350243068]","2021S05023543068","Cows, beef","Number of animals","Number","223","units","0","v1327010338","1185.9.2","370","D","","","0"
"2021","Tay, Ontario [CCS350243071]","2021S05023543071","Cows, beef","Number of animals","Number","223","units","0","v1327010360","1186.9.2","457","E","","","0"
"2021","Tyendinaga, Ontario [CCS350312001]","2021S05023512001","Cows, beef","Number of animals","Number","223","units","0","v1327010426","1189.9.2","637","C","","","0"
"2021","Belleville, Ontario [CCS350312005]","2021S05023512005","Cows, beef","Number of animals","Number","223","units","0","v1327010448","1190.9.2","394","D","","","0"
"2021","Quinte West, Ontario [CCS350312015]","2021S05023512015","Cows, beef","Number of animals","Number","223","units","0","v1327010470","1191.9.2","1007","C","","","0"
"2021","Stirling-Rawdon, Ontario [CCS350312020]","2021S05023512020","Cows, beef","Number of animals","Number","223","units","0","v1327010492","1192.9.2","1070","C","","","0"
"2021","Centre Hastings, Ontario [CCS350312026]","2021S05023512026","Cows, beef","Number of animals","Number","223","units","0","v1327010514","1193.9.2","570","D","","","0"
"2021","Tweed, Ontario [CCS350312030]","2021S05023512030","Cows, beef","Number of animals","Number","223","units","0","v1327010536","1194.9.2","2070","B","","","0"
"2021","Madoc, Ontario [CCS350312036]","2021S05023512036","Cows, beef","Number of animals","Number","223","units","0","v1327010558","1195.9.2","1053","A","","","0"
"2021","Marmora and Lake, Ontario [CCS350312046]","2021S05023512046","Cows, beef","Number of animals","Number","223","units","0","v1327010580","1196.9.2","626","C","","","0"
"2021","Bancroft, Ontario [CCS350312061]","2021S05023512061","Cows, beef","Number of animals","Number","223","units","0","v1327010602","1197.9.2","104","E","","","0"
"2021","Carlow/Mayo, Ontario [CCS350312065]","2021S05023512065","Cows, beef","Number of animals","Number","223","units","0","v1327010624","1198.9.2","165","B","","","0"
"2021","Hastings Highlands, Ontario [CCS350312076]","2021S05023512076","Cows, beef","Number of animals","Number","223","units","0","v1327010646","1199.9.2","","F","","","0"
"2021","Prince Edward County, Ontario [CCS350313020]","2021S05023513020","Cows, beef","Number of animals","Number","223","units","0","v1327010690","1201.9.2","1573","B","","","0"
"2021","Brighton, Ontario [CCS350314004]","2021S05023514004","Cows, beef","Number of animals","Number","223","units","0","v1327010734","1203.9.2","379","D","","","0"
"2021","Cramahe, Ontario [CCS350314014]","2021S05023514014","Cows, beef","Number of animals","Number","223","units","0","v1327010756","1204.9.2","661","C","","","0"
"2021","Hamilton, Ontario [CCS350314019]","2021S05023514019","Cows, beef","Number of animals","Number","223","units","0","v1327010778","1205.9.2","458","E","","","0"
"2021","Port Hope, Ontario [CCS350314020]","2021S05023514020","Cows, beef","Number of animals","Number","223","units","0","v1327010800","1206.9.2","925","C","","","0"
"2021","Alnwick/Haldimand, Ontario [CCS350314024]","2021S05023514024","Cows, beef","Number of animals","Number","223","units","0","v1327010822","1207.9.2","1043","B","","","0"
"2021","Trent Hills, Ontario [CCS350314045]","2021S05023514045","Cows, beef","Number of animals","Number","223","units","0","v1327010844","1208.9.2","2222","B","","","0"
"2021","Asphodel-Norwood, Ontario [CCS350315003]","2021S05023515003","Cows, beef","Number of animals","Number","223","units","0","v1327010888","1210.9.2","813","C","","","0"
"2021","Otonabee-South Monaghan, Ontario [CCS350315005]","2021S05023515005","Cows, beef","Number of animals","Number","223","units","0","v1327010910","1211.9.2","1976","B","","","0"
"2021","Cavan Monaghan, Ontario [CCS350315013]","2021S05023515013","Cows, beef","Number of animals","Number","223","units","0","v1327010932","1212.9.2","1208","C","","","0"
"2021","Selwyn, Ontario [CCS350315015]","2021S05023515015","Cows, beef","Number of animals","Number","223","units","0","v1327010954","1213.9.2","2046","B","","","0"
"2021","Douro-Dummer, Ontario [CCS350315023]","2021S05023515023","Cows, beef","Number of animals","Number","223","units","0","v1327010976","1214.9.2","1564","B","","","0"
"2021","Havelock-Belmont-Methuen, Ontario [CCS350315030]","2021S05023515030","Cows, beef","Number of animals","Number","223","units","0","v1327010998","1215.9.2","365","D","","","0"
"2021","Trent Lakes, Ontario [CCS350315044]","2021S05023515044","Cows, beef","Number of animals","Number","223","units","0","v1327011020","1216.9.2","352","E","","","0"
"2021","Kawartha Lakes, Ontario [CCS350316010]","2021S05023516010","Cows, beef","Number of animals","Number","223","units","0","v1327011064","1218.9.2","11056","A","","","0"
"2021","Pickering, Ontario [CCS350318001]","2021S05023518001","Cows, beef","Number of animals","Number","223","units","0","v1327011108","1220.9.2","173","E","","","0"
"2021","Whitby, Ontario [CCS350318009]","2021S05023518009","Cows, beef","Number of animals","Number","223","units","0","v1327011130","1221.9.2","","F","","","0"
"2021","Oshawa, Ontario [CCS350318013]","2021S05023518013","Cows, beef","Number of animals","Number","223","units","0","v1327011152","1222.9.2","175","E","","","0"
"2021","Clarington, Ontario [CCS350318017]","2021S05023518017","Cows, beef","Number of animals","Number","223","units","0","v1327011174","1223.9.2","1819","C","","","0"
"2021","Scugog, Ontario [CCS350318020]","2021S05023518020","Cows, beef","Number of animals","Number","223","units","0","v1327011196","1224.9.2","1499","C","","","0"
"2021","Uxbridge, Ontario [CCS350318029]","2021S05023518029","Cows, beef","Number of animals","Number","223","units","0","v1327011218","1225.9.2","1141","C","","","0"
"2021","Brock, Ontario [CCS350318039]","2021S05023518039","Cows, beef","Number of animals","Number","223","units","0","v1327011240","1226.9.2","1201","B","","","0"
"2021","Vaughan, Ontario [CCS350319028]","2021S05023519028","Cows, beef","Number of animals","Number","223","units","0","v1327011284","1228.9.2","153","E","","","0"
"2021","Markham, Ontario [CCS350319036]","2021S05023519036","Cows, beef","Number of animals","Number","223","units","0","v1327011306","1229.9.2","137","E","","","0"
"2021","Whitchurch-Stouffville, Ontario [CCS350319044]","2021S05023519044","Cows, beef","Number of animals","Number","223","units","0","v1327011328","1230.9.2","143","E","","","0"
"2021","Newmarket, Ontario [CCS350319048]","2021S05023519048","Cows, beef","Number of animals","Number","223","units","0","v1327011350","1231.9.2","","F","","","0"
"2021","King, Ontario [CCS350319049]","2021S05023519049","Cows, beef","Number of animals","Number","223","units","0","v1327011372","1232.9.2","866","B","","","0"
"2021","East Gwillimbury, Ontario [CCS350319054]","2021S05023519054","Cows, beef","Number of animals","Number","223","units","0","v1327011394","1233.9.2","331","D","","","0"
"2021","Georgina, Ontario [CCS350319070]","2021S05023519070","Cows, beef","Number of animals","Number","223","units","0","v1327011416","1234.9.2","461","D","","","0"
"2021","Toronto, Ontario [CCS350320005]","2021S05023520005","Cows, beef","Number of animals","Number","223","units","0","v1327011460","1236.9.2","","F","","","0"
"2021","Gravenhurst, Ontario [CCS350344002]","2021S05023544002","Cows, beef","Number of animals","Number","223","units","0","v1327011504","1238.9.2","0","A","","","0"
"2021","Bracebridge, Ontario [CCS350344018]","2021S05023544018","Cows, beef","Number of animals","Number","223","units","0","v1327011526","1239.9.2","","F","","","0"
"2021","Huntsville, Ontario [CCS350344042]","2021S05023544042","Cows, beef","Number of animals","Number","223","units","0","v1327011548","1240.9.2","","F","","","0"
"2021","Muskoka Lakes, Ontario [CCS350344053]","2021S05023544053","Cows, beef","Number of animals","Number","223","units","0","v1327011570","1241.9.2","157","E","","","0"
"2021","Georgian Bay, Ontario [CCS350344065]","2021S05023544065","Cows, beef","Number of animals","Number","223","units","0","v1327011592","1242.9.2","0","A","","","0"
"2021","Highlands East, Ontario [CCS350346005]","2021S05023546005","Cows, beef","Number of animals","Number","223","units","0","v1327011636","1244.9.2","","F","","","0"
"2021","Minden Hills, Ontario [CCS350346015]","2021S05023546015","Cows, beef","Number of animals","Number","223","units","0","v1327011658","1245.9.2","221","A","","","0"
"2021","Seguin, Ontario [CCS350349003]","2021S05023549003","Cows, beef","Number of animals","Number","223","units","0","v1327011702","1247.9.2","","F","","","0"
"2021","Armour, Ontario [CCS350349019]","2021S05023549019","Cows, beef","Number of animals","Number","223","units","0","v1327011724","1248.9.2","","F","","","0"
"2021","Ryerson, Ontario [CCS350349024]","2021S05023549024","Cows, beef","Number of animals","Number","223","units","0","v1327011746","1249.9.2","","F","","","0"
"2021","Whitestone, Ontario [CCS350349039]","2021S05023549039","Cows, beef","Number of animals","Number","223","units","0","v1327011768","1250.9.2","299","E","","","0"
"2021","Magnetawan, Ontario [CCS350349043]","2021S05023549043","Cows, beef","Number of animals","Number","223","units","0","v1327011790","1251.9.2","260","D","","","0"
"2021","Strong, Ontario [CCS350349046]","2021S05023549046","Cows, beef","Number of animals","Number","223","units","0","v1327011812","1252.9.2","","F","","","0"
"2021","Machar, Ontario [CCS350349054]","2021S05023549054","Cows, beef","Number of animals","Number","223","units","0","v1327011834","1253.9.2","","F","","","0"
"2021","Powassan, Ontario [CCS350349060]","2021S05023549060","Cows, beef","Number of animals","Number","223","units","0","v1327011856","1254.9.2","603","D","","","0"
"2021","Callander, Ontario [CCS350349066]","2021S05023549066","Cows, beef","Number of animals","Number","223","units","0","v1327011878","1255.9.2","23","C","","","0"
"2021","Nipissing, Ontario [CCS350349071]","2021S05023549071","Cows, beef","Number of animals","Number","223","units","0","v1327011900","1256.9.2","","F","","","0"
"2021","Parry Sound, Unorganized, Centre Part, Ontario [CCS350349096]","2021S05023549096","Cows, beef","Number of animals","Number","223","units","0","v1327011922","1257.9.2","128","D","","","0"
"2021","South Glengarry, Ontario [CCS350401005]","2021S05023501005","Cows, beef","Number of animals","Number","223","units","0","v1327011988","1260.9.2","682","D","","","0"
"2021","South Stormont, Ontario [CCS350401011]","2021S05023501011","Cows, beef","Number of animals","Number","223","units","0","v1327012010","1261.9.2","780","C","","","0"
"2021","South Dundas, Ontario [CCS350401020]","2021S05023501020","Cows, beef","Number of animals","Number","223","units","0","v1327012032","1262.9.2","313","E","","","0"
"2021","North Dundas, Ontario [CCS350401030]","2021S05023501030","Cows, beef","Number of animals","Number","223","units","0","v1327012054","1263.9.2","649","D","","","0"
"2021","North Stormont, Ontario [CCS350401042]","2021S05023501042","Cows, beef","Number of animals","Number","223","units","0","v1327012076","1264.9.2","501","C","","","0"
"2021","North Glengarry, Ontario [CCS350401050]","2021S05023501050","Cows, beef","Number of animals","Number","223","units","0","v1327012098","1265.9.2","1088","B","","","0"
"2021","East Hawkesbury, Ontario [CCS350402001]","2021S05023502001","Cows, beef","Number of animals","Number","223","units","0","v1327012142","1267.9.2","290","D","","","0"
"2021","Champlain, Ontario [CCS350402010]","2021S05023502010","Cows, beef","Number of animals","Number","223","units","0","v1327012164","1268.9.2","331","E","","","0"
"2021","Alfred and Plantagenet, Ontario [CCS350402023]","2021S05023502023","Cows, beef","Number of animals","Number","223","units","0","v1327012186","1269.9.2","534","B","","","0"
"2021","The Nation, Ontario [CCS350402025]","2021S05023502025","Cows, beef","Number of animals","Number","223","units","0","v1327012208","1270.9.2","420","D","","","0"
"2021","Clarence-Rockland, Ontario [CCS350402036]","2021S05023502036","Cows, beef","Number of animals","Number","223","units","0","v1327012230","1271.9.2","149","E","","","0"
"2021","Russell, Ontario [CCS350402048]","2021S05023502048","Cows, beef","Number of animals","Number","223","units","0","v1327012252","1272.9.2","155","E","","","0"
"2021","Ottawa, Ontario [CCS350406008]","2021S05023506008","Cows, beef","Number of animals","Number","223","units","0","v1327012296","1274.9.2","3330","B","","","0"
"2021","Edwardsburgh/Cardinal, Ontario [CCS350407004]","2021S05023507004","Cows, beef","Number of animals","Number","223","units","0","v1327012340","1276.9.2","267","E","","","0"
"2021","Augusta, Ontario [CCS350407006]","2021S05023507006","Cows, beef","Number of animals","Number","223","units","0","v1327012362","1277.9.2","488","D","","","0"
"2021","Elizabethtown-Kitley, Ontario [CCS350407014]","2021S05023507014","Cows, beef","Number of animals","Number","223","units","0","v1327012384","1278.9.2","1157","B","","","0"
"2021","Front of Yonge, Ontario [CCS350407017]","2021S05023507017","Cows, beef","Number of animals","Number","223","units","0","v1327012406","1279.9.2","194","D","","","0"
"2021","Leeds and the Thousand Islands, Ontario [CCS350407021]","2021S05023507021","Cows, beef","Number of animals","Number","223","units","0","v1327012428","1280.9.2","1188","B","","","0"
"2021","Rideau Lakes, Ontario [CCS350407040]","2021S05023507040","Cows, beef","Number of animals","Number","223","units","0","v1327012450","1281.9.2","1263","B","","","0"
"2021","Athens, Ontario [CCS350407042]","2021S05023507042","Cows, beef","Number of animals","Number","223","units","0","v1327012472","1282.9.2","221","D","","","0"
"2021","Merrickville-Wolford, Ontario [CCS350407052]","2021S05023507052","Cows, beef","Number of animals","Number","223","units","0","v1327012494","1283.9.2","401","C","","","0"
"2021","North Grenville, Ontario [CCS350407065]","2021S05023507065","Cows, beef","Number of animals","Number","223","units","0","v1327012516","1284.9.2","525","C","","","0"
"2021","Montague, Ontario [CCS350409001]","2021S05023509001","Cows, beef","Number of animals","Number","223","units","0","v1327012560","1286.9.2","441","C","","","0"
"2021","Drummond/North Elmsley, Ontario [CCS350409010]","2021S05023509010","Cows, beef","Number of animals","Number","223","units","0","v1327012582","1287.9.2","1035","B","","","0"
"2021","Tay Valley, Ontario [CCS350409015]","2021S05023509015","Cows, beef","Number of animals","Number","223","units","0","v1327012604","1288.9.2","676","D","","","0"
"2021","Beckwith, Ontario [CCS350409024]","2021S05023509024","Cows, beef","Number of animals","Number","223","units","0","v1327012626","1289.9.2","165","E","","","0"
"2021","Mississippi Mills, Ontario [CCS350409030]","2021S05023509030","Cows, beef","Number of animals","Number","223","units","0","v1327012648","1290.9.2","1877","A","","","0"
"2021","Lanark Highlands, Ontario [CCS350409039]","2021S05023509039","Cows, beef","Number of animals","Number","223","units","0","v1327012670","1291.9.2","536","B","","","0"
"2021","Frontenac Islands, Ontario [CCS350410005]","2021S05023510005","Cows, beef","Number of animals","Number","223","units","0","v1327012714","1293.9.2","1418","A","","","0"
"2021","Kingston, Ontario [CCS350410010]","2021S05023510010","Cows, beef","Number of animals","Number","223","units","0","v1327012736","1294.9.2","1100","C","","","0"
"2021","South Frontenac, Ontario [CCS350410020]","2021S05023510020","Cows, beef","Number of animals","Number","223","units","0","v1327012758","1295.9.2","1341","B","","","0"
"2021","Central Frontenac, Ontario [CCS350410035]","2021S05023510035","Cows, beef","Number of animals","Number","223","units","0","v1327012780","1296.9.2","580","B","","","0"
"2021","North Frontenac, Ontario [CCS350410045]","2021S05023510045","Cows, beef","Number of animals","Number","223","units","0","v1327012802","1297.9.2","","F","","","0"
"2021","Loyalist, Ontario [CCS350411005]","2021S05023511005","Cows, beef","Number of animals","Number","223","units","0","v1327012846","1299.9.2","880","B","","","0"
"2021","Greater Napanee, Ontario [CCS350411015]","2021S05023511015","Cows, beef","Number of animals","Number","223","units","0","v1327012868","1300.9.2","1250","B","","","0"
"2021","Stone Mills, Ontario [CCS350411030]","2021S05023511030","Cows, beef","Number of animals","Number","223","units","0","v1327012890","1301.9.2","1861","B","","","0"
"2021","Addington Highlands, Ontario [CCS350411035]","2021S05023511035","Cows, beef","Number of animals","Number","223","units","0","v1327012912","1302.9.2","27","A","","","0"
"2021","McNab/Braeside, Ontario [CCS350447003]","2021S05023547003","Cows, beef","Number of animals","Number","223","units","0","v1327012956","1304.9.2","862","D","","","0"
"2021","Greater Madawaska, Ontario [CCS350447008]","2021S05023547008","Cows, beef","Number of animals","Number","223","units","0","v1327012978","1305.9.2","151","D","","","0"
"2021","Brudenell, Lyndoch and Raglan, Ontario [CCS350447020]","2021S05023547020","Cows, beef","Number of animals","Number","223","units","0","v1327013000","1306.9.2","369","D","","","0"
"2021","Madawaska Valley, Ontario [CCS350447030]","2021S05023547030","Cows, beef","Number of animals","Number","223","units","0","v1327013022","1307.9.2","","F","","","0"
"2021","Killaloe, Hagarty and Richards, Ontario [CCS350447033]","2021S05023547033","Cows, beef","Number of animals","Number","223","units","0","v1327013044","1308.9.2","591","C","","","0"
"2021","Bonnechere Valley, Ontario [CCS350447035]","2021S05023547035","Cows, beef","Number of animals","Number","223","units","0","v1327013066","1309.9.2","1148","C","","","0"
"2021","Admaston/Bromley, Ontario [CCS350447043]","2021S05023547043","Cows, beef","Number of animals","Number","223","units","0","v1327013088","1310.9.2","2110","B","","","0"
"2021","Horton, Ontario [CCS350447046]","2021S05023547046","Cows, beef","Number of animals","Number","223","units","0","v1327013110","1311.9.2","660","B","","","0"
"2021","Whitewater Region, Ontario [CCS350447056]","2021S05023547056","Cows, beef","Number of animals","Number","223","units","0","v1327013132","1312.9.2","3396","A","","","0"
"2021","North Algona Wilberforce, Ontario [CCS350447070]","2021S05023547070","Cows, beef","Number of animals","Number","223","units","0","v1327013154","1313.9.2","961","C","","","0"
"2021","Laurentian Valley, Ontario [CCS350447075]","2021S05023547075","Cows, beef","Number of animals","Number","223","units","0","v1327013176","1314.9.2","1463","C","","","0"
"2021","Laurentian Hills, Ontario [CCS350447090]","2021S05023547090","Cows, beef","Number of animals","Number","223","units","0","v1327013198","1315.9.2","","F","","","0"
"2021","Bonfield, Ontario [CCS350548027]","2021S05023548027","Cows, beef","Number of animals","Number","223","units","0","v1327013264","1318.9.2","292","B","","","0"
"2021","Chisholm, Ontario [CCS350548031]","2021S05023548031","Cows, beef","Number of animals","Number","223","units","0","v1327013286","1319.9.2","93","D","","","0"
"2021","West Nipissing, Ontario [CCS350548055]","2021S05023548055","Cows, beef","Number of animals","Number","223","units","0","v1327013308","1320.9.2","644","D","","","0"
"2021","Nipissing, Unorganized, South Part, Ontario [CCS350548091]","2021S05023548091","Cows, beef","Number of animals","Number","223","units","0","v1327013330","1321.9.2","206","E","","","0"
"2021","Nipissing, Unorganized, North Part, Ontario [CCS350548094]","2021S05023548094","Cows, beef","Number of animals","Number","223","units","0","v1327013352","1322.9.2","185","E","","","0"
"2021","Northeastern Manitoulin and the Islands, Ontario [CCS350551017]","2021S05023551017","Cows, beef","Number of animals","Number","223","units","0","v1327013396","1324.9.2","3162","A","","","0"
"2021","Gordon/Barrie Island, Ontario [CCS350551027]","2021S05023551027","Cows, beef","Number of animals","Number","223","units","0","v1327013418","1325.9.2","1525","A","","","0"
"2021","French River, Ontario [CCS350552001]","2021S05023552001","Cows, beef","Number of animals","Number","223","units","0","v1327013462","1327.9.2","357","E","","","0"
"2021","St.-Charles, Ontario [CCS350552004]","2021S05023552004","Cows, beef","Number of animals","Number","223","units","0","v1327013484","1328.9.2","184","D","","","0"
"2021","Markstay-Warren, Ontario [CCS350552013]","2021S05023552013","Cows, beef","Number of animals","Number","223","units","0","v1327013506","1329.9.2","344","D","","","0"
"2021","Sables-Spanish Rivers, Ontario [CCS350552023]","2021S05023552023","Cows, beef","Number of animals","Number","223","units","0","v1327013528","1330.9.2","667","C","","","0"
"2021","Killarney, Ontario [CCS350552036]","2021S05023552036","Cows, beef","Number of animals","Number","223","units","0","v1327013550","1331.9.2","0","A","","","0"
"2021","Greater Sudbury, Ontario [CCS350553005]","2021S05023553005","Cows, beef","Number of animals","Number","223","units","0","v1327013594","1333.9.2","381","E","","","0"
"2021","Harris, Ontario [CCS350554014]","2021S05023554014","Cows, beef","Number of animals","Number","223","units","0","v1327013638","1335.9.2","69","E","","","0"
"2021","Temiskaming Shores, Ontario [CCS350554020]","2021S05023554020","Cows, beef","Number of animals","Number","223","units","0","v1327013660","1336.9.2","1255","B","","","0"
"2021","Hudson, Ontario [CCS350554021]","2021S05023554021","Cows, beef","Number of animals","Number","223","units","0","v1327013682","1337.9.2","462","C","","","0"
"2021","Harley, Ontario [CCS350554026]","2021S05023554026","Cows, beef","Number of animals","Number","223","units","0","v1327013704","1338.9.2","179","E","","","0"
"2021","Casey, Ontario [CCS350554029]","2021S05023554029","Cows, beef","Number of animals","Number","223","units","0","v1327013726","1339.9.2","409","C","","","0"
"2021","Hilliard, Ontario [CCS350554034]","2021S05023554034","Cows, beef","Number of animals","Number","223","units","0","v1327013748","1340.9.2","230","E","","","0"
"2021","Armstrong, Ontario [CCS350554036]","2021S05023554036","Cows, beef","Number of animals","Number","223","units","0","v1327013770","1341.9.2","303","D","","","0"
"2021","Charlton and Dack, Ontario [CCS350554044]","2021S05023554044","Cows, beef","Number of animals","Number","223","units","0","v1327013792","1342.9.2","321","E","","","0"
"2021","Evanturel, Ontario [CCS350554049]","2021S05023554049","Cows, beef","Number of animals","Number","223","units","0","v1327013814","1343.9.2","528","C","","","0"
"2021","McGarry, Ontario [CCS350554058]","2021S05023554058","Cows, beef","Number of animals","Number","223","units","0","v1327013836","1344.9.2","0","A","","","0"
"2021","Timiskaming, Unorganized, East Part, Ontario [CCS350554091]","2021S05023554091","Cows, beef","Number of animals","Number","223","units","0","v1327013858","1345.9.2","0","A","","","0"
"2021","Timiskaming, Unorganized, West Part, Ontario [CCS350554094]","2021S05023554094","Cows, beef","Number of animals","Number","223","units","0","v1327013880","1346.9.2","317","D","","","0"
"2021","Timmins, Ontario [CCS350556027]","2021S05023556027","Cows, beef","Number of animals","Number","223","units","0","v1327013924","1348.9.2","116","E","","","0"
"2021","Cochrane, Unorganized, North Part, Ontario [CCS350556092]","2021S05023556092","Cows, beef","Number of animals","Number","223","units","0","v1327013946","1349.9.2","1229","C","","","0"
"2021","Jocelyn, Ontario [CCS350557001]","2021S05023557001","Cows, beef","Number of animals","Number","223","units","0","v1327013990","1351.9.2","0","A","","","0"
"2021","St. Joseph, Ontario [CCS350557008]","2021S05023557008","Cows, beef","Number of animals","Number","223","units","0","v1327014012","1352.9.2","286","D","","","0"
"2021","Laird, Ontario [CCS350557011]","2021S05023557011","Cows, beef","Number of animals","Number","223","units","0","v1327014034","1353.9.2","151","E","","","0"
"2021","Johnson, Ontario [CCS350557016]","2021S05023557016","Cows, beef","Number of animals","Number","223","units","0","v1327014056","1354.9.2","342","D","","","0"
"2021","Plummer Additional, Ontario [CCS350557019]","2021S05023557019","Cows, beef","Number of animals","Number","223","units","0","v1327014078","1355.9.2","506","B","","","0"
"2021","Huron Shores, Ontario [CCS350557035]","2021S05023557035","Cows, beef","Number of animals","Number","223","units","0","v1327014100","1356.9.2","945","B","","","0"
"2021","Macdonald, Meredith and Aberdeen Additional, Ontario [CCS350557051]","2021S05023557051","Cows, beef","Number of animals","Number","223","units","0","v1327014122","1357.9.2","265","E","","","0"
"2021","Sault Ste. Marie, Ontario [CCS350557061]","2021S05023557061","Cows, beef","Number of animals","Number","223","units","0","v1327014144","1358.9.2","","F","","","0"
"2021","Algoma, Unorganized, North Part, Ontario [CCS350557095]","2021S05023557095","Cows, beef","Number of animals","Number","223","units","0","v1327014166","1359.9.2","76","E","","","0"
"2021","Neebing, Ontario [CCS350558001]","2021S05023558001","Cows, beef","Number of animals","Number","223","units","0","v1327014210","1361.9.2","","F","","","0"
"2021","Thunder Bay, Ontario [CCS350558004]","2021S05023558004","Cows, beef","Number of animals","Number","223","units","0","v1327014232","1362.9.2","","F","","","0"
"2021","Oliver Paipoonge, Ontario [CCS350558011]","2021S05023558011","Cows, beef","Number of animals","Number","223","units","0","v1327014254","1363.9.2","304","E","","","0"
"2021","O'Connor, Ontario [CCS350558016]","2021S05023558016","Cows, beef","Number of animals","Number","223","units","0","v1327014276","1364.9.2","","F","","","0"
"2021","Thunder Bay, Unorganized, Ontario [CCS350558090]","2021S05023558090","Cows, beef","Number of animals","Number","223","units","0","v1327014298","1365.9.2","","F","","","0"
"2021","Alberton, Ontario [CCS350559011]","2021S05023559011","Cows, beef","Number of animals","Number","223","units","0","v1327014342","1367.9.2","261","D","","","0"
"2021","La Vallee, Ontario [CCS350559016]","2021S05023559016","Cows, beef","Number of animals","Number","223","units","0","v1327014364","1368.9.2","1134","B","","","0"
"2021","Emo, Ontario [CCS350559019]","2021S05023559019","Cows, beef","Number of animals","Number","223","units","0","v1327014386","1369.9.2","1751","B","","","0"
"2021","Chapple, Ontario [CCS350559024]","2021S05023559024","Cows, beef","Number of animals","Number","223","units","0","v1327014408","1370.9.2","1725","B","","","0"
"2021","Morley, Ontario [CCS350559031]","2021S05023559031","Cows, beef","Number of animals","Number","223","units","0","v1327014430","1371.9.2","2086","A","","","0"
"2021","Dawson, Ontario [CCS350559040]","2021S05023559040","Cows, beef","Number of animals","Number","223","units","0","v1327014452","1372.9.2","692","B","","","0"
"2021","Lake of the Woods, Ontario [CCS350559047]","2021S05023559047","Cows, beef","Number of animals","Number","223","units","0","v1327014474","1373.9.2","195","E","","","0"
"2021","Rainy River, Unorganized, Ontario [CCS350559090]","2021S05023559090","Cows, beef","Number of animals","Number","223","units","0","v1327014496","1374.9.2","641","B","","","0"
"2021","Kenora, Unorganized, Ontario [CCS350560090]","2021S05023560090","Cows, beef","Number of animals","Number","223","units","0","v1327014540","1376.9.2","746","C","","","0"
"2021","Manitoba [PR460000000]","2021A000246","Cows, beef","Number of animals","Number","223","units","0","v1327014562","1377.9.2","425018","A","","","0"
"2021","Killarney - Turtle Mountain, Manitoba [CCS460105025]","2021S05024605025","Cows, beef","Number of animals","Number","223","units","0","v1327014628","1380.9.2","4847","C","","","0"
"2021","Boissevain-Morton, Manitoba [CCS460105032]","2021S05024605032","Cows, beef","Number of animals","Number","223","units","0","v1327014650","1381.9.2","5777","B","","","0"
"2021","Deloraine-Winchester, Manitoba [CCS460105038]","2021S05024605038","Cows, beef","Number of animals","Number","223","units","0","v1327014672","1382.9.2","4281","C","","","0"
"2021","Brenda-Waskada, Manitoba [CCS460105044]","2021S05024605044","Cows, beef","Number of animals","Number","223","units","0","v1327014694","1383.9.2","3359","C","","","0"
"2021","Two Borders, Manitoba [CCS460105056]","2021S05024605056","Cows, beef","Number of animals","Number","223","units","0","v1327014716","1384.9.2","15110","A","","","0"
"2021","Grassland, Manitoba [CCS460105062]","2021S05024605062","Cows, beef","Number of animals","Number","223","units","0","v1327014738","1385.9.2","6076","B","","","0"
"2021","Prairie Lakes, Manitoba [CCS460105071]","2021S05024605071","Cows, beef","Number of animals","Number","223","units","0","v1327014760","1386.9.2","3946","B","","","0"
"2021","Sifton, Manitoba [CCS460206016]","2021S05024606016","Cows, beef","Number of animals","Number","223","units","0","v1327014826","1389.9.2","7895","B","","","0"
"2021","Pipestone, Manitoba [CCS460206023]","2021S05024606023","Cows, beef","Number of animals","Number","223","units","0","v1327014848","1390.9.2","5967","B","","","0"
"2021","Wallace-Woodworth, Manitoba [CCS460206031]","2021S05024606031","Cows, beef","Number of animals","Number","223","units","0","v1327014870","1391.9.2","15878","B","","","0"
"2021","Glenboro-South Cypress, Manitoba [CCS460207039]","2021S05024607039","Cows, beef","Number of animals","Number","223","units","0","v1327014914","1393.9.2","3224","B","","","0"
"2021","Oakland-Wawanesa, Manitoba [CCS460207046]","2021S05024607046","Cows, beef","Number of animals","Number","223","units","0","v1327014936","1394.9.2","2885","B","","","0"
"2021","Souris-Glenwood, Manitoba [CCS460207052]","2021S05024607052","Cows, beef","Number of animals","Number","223","units","0","v1327014958","1395.9.2","4677","B","","","0"
"2021","Whitehead, Manitoba [CCS460207057]","2021S05024607057","Cows, beef","Number of animals","Number","223","units","0","v1327014980","1396.9.2","2666","B","","","0"
"2021","North Cypress-Langford, Manitoba [CCS460207066]","2021S05024607066","Cows, beef","Number of animals","Number","223","units","0","v1327015002","1397.9.2","9470","B","","","0"
"2021","Elton, Manitoba [CCS460207071]","2021S05024607071","Cows, beef","Number of animals","Number","223","units","0","v1327015024","1398.9.2","4046","D","","","0"
"2021","Riverdale, Manitoba [CCS460207076]","2021S05024607076","Cows, beef","Number of animals","Number","223","units","0","v1327015046","1399.9.2","2167","D","","","0"
"2021","Oakview, Manitoba [CCS460315032]","2021S05024615032","Cows, beef","Number of animals","Number","223","units","0","v1327015112","1402.9.2","5489","C","","","0"
"2021","Hamiota, Manitoba [CCS460315037]","2021S05024615037","Cows, beef","Number of animals","Number","223","units","0","v1327015134","1403.9.2","1388","E","","","0"
"2021","Ellice-Archie, Manitoba [CCS460315047]","2021S05024615047","Cows, beef","Number of animals","Number","223","units","0","v1327015156","1404.9.2","5910","B","","","0"
"2021","Prairie View, Manitoba [CCS460315056]","2021S05024615056","Cows, beef","Number of animals","Number","223","units","0","v1327015178","1405.9.2","11105","B","","","0"
"2021","Yellowhead, Manitoba [CCS460315063]","2021S05024615063","Cows, beef","Number of animals","Number","223","units","0","v1327015200","1406.9.2","2878","D","","","0"
"2021","Harrison Park, Manitoba [CCS460315070]","2021S05024615070","Cows, beef","Number of animals","Number","223","units","0","v1327015222","1407.9.2","4256","D","","","0"
"2021","Minto-Odanah, Manitoba [CCS460315074]","2021S05024615074","Cows, beef","Number of animals","Number","223","units","0","v1327015244","1408.9.2","4143","C","","","0"
"2021","Rosedale, Manitoba [CCS460315078]","2021S05024615078","Cows, beef","Number of animals","Number","223","units","0","v1327015266","1409.9.2","8155","B","","","0"
"2021","Clanwilliam-Erickson, Manitoba [CCS460315092]","2021S05024615092","Cows, beef","Number of animals","Number","223","units","0","v1327015288","1410.9.2","2789","B","","","0"
"2021","Rossburn, Manitoba [CCS460416005]","2021S05024616005","Cows, beef","Number of animals","Number","223","units","0","v1327015354","1413.9.2","2835","D","","","0"
"2021","Riding Mountain West, Manitoba [CCS460416020]","2021S05024616020","Cows, beef","Number of animals","Number","223","units","0","v1327015376","1414.9.2","7372","B","","","0"
"2021","Russell-Binscarth, Manitoba [CCS460416030]","2021S05024616030","Cows, beef","Number of animals","Number","223","units","0","v1327015398","1415.9.2","4016","D","","","0"
"2021","Hillsburg-Roblin-Shell River, Manitoba [CCS460416048]","2021S05024616048","Cows, beef","Number of animals","Number","223","units","0","v1327015420","1416.9.2","9654","B","","","0"
"2021","Mountain (South), Manitoba [CCS460520032]","2021S05024620032","Cows, beef","Number of animals","Number","223","units","0","v1327015486","1419.9.2","2436","D","","","0"
"2021","Swan Valley West, Manitoba [CCS460520042]","2021S05024620042","Cows, beef","Number of animals","Number","223","units","0","v1327015508","1420.9.2","5949","C","","","0"
"2021","Minitonas-Bowsman, Manitoba [CCS460520051]","2021S05024620051","Cows, beef","Number of animals","Number","223","units","0","v1327015530","1421.9.2","4268","C","","","0"
"2021","Mountain (North), Manitoba [CCS460520055]","2021S05024620055","Cows, beef","Number of animals","Number","223","units","0","v1327015552","1422.9.2","1290","E","","","0"
"2021","Division No. 20, Unorganized, South Part, Manitoba [CCS460520066]","2021S05024620066","Cows, beef","Number of animals","Number","223","units","0","v1327015574","1423.9.2","0","A","","","0"
"2021","Alonsa, Manitoba [CCS460617026]","2021S05024617026","Cows, beef","Number of animals","Number","223","units","0","v1327015640","1426.9.2","8725","B","","","0"
"2021","McCreary, Manitoba [CCS460617035]","2021S05024617035","Cows, beef","Number of animals","Number","223","units","0","v1327015662","1427.9.2","6205","B","","","0"
"2021","Ste. Rose, Manitoba [CCS460617041]","2021S05024617041","Cows, beef","Number of animals","Number","223","units","0","v1327015684","1428.9.2","8933","B","","","0"
"2021","Dauphin, Manitoba [CCS460617048]","2021S05024617048","Cows, beef","Number of animals","Number","223","units","0","v1327015706","1429.9.2","8067","B","","","0"
"2021","Gilbert Plains, Manitoba [CCS460617054]","2021S05024617054","Cows, beef","Number of animals","Number","223","units","0","v1327015728","1430.9.2","2731","D","","","0"
"2021","Grandview, Manitoba [CCS460617058]","2021S05024617058","Cows, beef","Number of animals","Number","223","units","0","v1327015750","1431.9.2","2478","E","","","0"
"2021","Ethelbert, Manitoba [CCS460617064]","2021S05024617064","Cows, beef","Number of animals","Number","223","units","0","v1327015772","1432.9.2","2503","D","","","0"
"2021","Mossey River, Manitoba [CCS460617072]","2021S05024617072","Cows, beef","Number of animals","Number","223","units","0","v1327015794","1433.9.2","4396","B","","","0"
"2021","Lakeshore, Manitoba [CCS460617075]","2021S05024617075","Cows, beef","Number of animals","Number","223","units","0","v1327015816","1434.9.2","7000","B","","","0"
"2021","Division No. 17, Unorganized, Manitoba [CCS460617092]","2021S05024617092","Cows, beef","Number of animals","Number","223","units","0","v1327015838","1435.9.2","0","A","","","0"
"2021","Norfolk-Treherne, Manitoba [CCS460708032]","2021S05024608032","Cows, beef","Number of animals","Number","223","units","0","v1327015904","1438.9.2","3315","B","","","0"
"2021","Victoria, Manitoba [CCS460708042]","2021S05024608042","Cows, beef","Number of animals","Number","223","units","0","v1327015926","1439.9.2","3972","D","","","0"
"2021","North Norfolk, Manitoba [CCS460708046]","2021S05024608046","Cows, beef","Number of animals","Number","223","units","0","v1327015948","1440.9.2","8352","B","","","0"
"2021","Glenella-Lansdowne, Manitoba [CCS460708055]","2021S05024608055","Cows, beef","Number of animals","Number","223","units","0","v1327015970","1441.9.2","6015","B","","","0"
"2021","WestLake-Gladstone, Manitoba [CCS460708060]","2021S05024608060","Cows, beef","Number of animals","Number","223","units","0","v1327015992","1442.9.2","12492","B","","","0"
"2021","Grey, Manitoba [CCS460709018]","2021S05024609018","Cows, beef","Number of animals","Number","223","units","0","v1327016036","1444.9.2","4464","C","","","0"
"2021","Portage la Prairie, Manitoba [CCS460709024]","2021S05024609024","Cows, beef","Number of animals","Number","223","units","0","v1327016058","1445.9.2","5235","C","","","0"
"2021","Macdonald, Manitoba [CCS460710035]","2021S05024610035","Cows, beef","Number of animals","Number","223","units","0","v1327016102","1447.9.2","1270","E","","","0"
"2021","Cartier, Manitoba [CCS460710043]","2021S05024610043","Cows, beef","Number of animals","Number","223","units","0","v1327016124","1448.9.2","","F","","","0"
"2021","St. François Xavier, Manitoba [CCS460710052]","2021S05024610052","Cows, beef","Number of animals","Number","223","units","0","v1327016146","1449.9.2","","F","","","0"
"2021","Montcalm, Manitoba [CCS460803030]","2021S05024603030","Cows, beef","Number of animals","Number","223","units","0","v1327016212","1452.9.2","","F","","","0"
"2021","Rhineland, Manitoba [CCS460803041]","2021S05024603041","Cows, beef","Number of animals","Number","223","units","0","v1327016234","1453.9.2","2112","E","","","0"
"2021","Stanley, Manitoba [CCS460803047]","2021S05024603047","Cows, beef","Number of animals","Number","223","units","0","v1327016256","1454.9.2","6612","C","","","0"
"2021","Thompson, Manitoba [CCS460803058]","2021S05024603058","Cows, beef","Number of animals","Number","223","units","0","v1327016278","1455.9.2","2222","D","","","0"
"2021","Roland, Manitoba [CCS460803062]","2021S05024603062","Cows, beef","Number of animals","Number","223","units","0","v1327016300","1456.9.2","","F","","","0"
"2021","Morris, Manitoba [CCS460803065]","2021S05024603065","Cows, beef","Number of animals","Number","223","units","0","v1327016322","1457.9.2","","F","","","0"
"2021","Dufferin, Manitoba [CCS460803072]","2021S05024603072","Cows, beef","Number of animals","Number","223","units","0","v1327016344","1458.9.2","2383","D","","","0"
"2021","Pembina, Manitoba [CCS460804034]","2021S05024604034","Cows, beef","Number of animals","Number","223","units","0","v1327016388","1460.9.2","4776","B","","","0"
"2021","Louise, Manitoba [CCS460804040]","2021S05024604040","Cows, beef","Number of animals","Number","223","units","0","v1327016410","1461.9.2","3514","C","","","0"
"2021","Cartwright-Roblin, Manitoba [CCS460804052]","2021S05024604052","Cows, beef","Number of animals","Number","223","units","0","v1327016432","1462.9.2","5189","B","","","0"
"2021","Argyle, Manitoba [CCS460804057]","2021S05024604057","Cows, beef","Number of animals","Number","223","units","0","v1327016454","1463.9.2","5286","B","","","0"
"2021","Lorne, Manitoba [CCS460804064]","2021S05024604064","Cows, beef","Number of animals","Number","223","units","0","v1327016476","1464.9.2","5403","C","","","0"
"2021","Emerson-Franklin, Manitoba [CCS460902024]","2021S05024602024","Cows, beef","Number of animals","Number","223","units","0","v1327016542","1467.9.2","5255","B","","","0"
"2021","De Salaberry, Manitoba [CCS460902032]","2021S05024602032","Cows, beef","Number of animals","Number","223","units","0","v1327016564","1468.9.2","1873","D","","","0"
"2021","Hanover, Manitoba [CCS460902041]","2021S05024602041","Cows, beef","Number of animals","Number","223","units","0","v1327016586","1469.9.2","5339","D","","","0"
"2021","La Broquerie, Manitoba [CCS460902053]","2021S05024602053","Cows, beef","Number of animals","Number","223","units","0","v1327016608","1470.9.2","3075","C","","","0"
"2021","Ste. Anne, Manitoba [CCS460902057]","2021S05024602057","Cows, beef","Number of animals","Number","223","units","0","v1327016630","1471.9.2","2802","C","","","0"
"2021","Taché, Manitoba [CCS460902069]","2021S05024602069","Cows, beef","Number of animals","Number","223","units","0","v1327016652","1472.9.2","","F","","","0"
"2021","Ritchot, Manitoba [CCS460902075]","2021S05024602075","Cows, beef","Number of animals","Number","223","units","0","v1327016674","1473.9.2","","F","","","0"
"2021","Winnipeg, Manitoba [CCS460911040]","2021S05024611040","Cows, beef","Number of animals","Number","223","units","0","v1327016718","1475.9.2","","F","","","0"
"2021","Headingley, Manitoba [CCS460911042]","2021S05024611042","Cows, beef","Number of animals","Number","223","units","0","v1327016740","1476.9.2","","F","","","0"
"2021","Springfield, Manitoba [CCS460912047]","2021S05024612047","Cows, beef","Number of animals","Number","223","units","0","v1327016784","1478.9.2","1346","E","","","0"
"2021","Brokenhead, Manitoba [CCS460912054]","2021S05024612054","Cows, beef","Number of animals","Number","223","units","0","v1327016806","1479.9.2","2145","E","","","0"
"2021","Stuartburn, Manitoba [CCS461001035]","2021S05024601035","Cows, beef","Number of animals","Number","223","units","0","v1327016872","1482.9.2","5040","C","","","0"
"2021","Piney, Manitoba [CCS461001039]","2021S05024601039","Cows, beef","Number of animals","Number","223","units","0","v1327016894","1483.9.2","1560","D","","","0"
"2021","Reynolds, Manitoba [CCS461001043]","2021S05024601043","Cows, beef","Number of animals","Number","223","units","0","v1327016916","1484.9.2","","F","","","0"
"2021","Whitemouth, Manitoba [CCS461001046]","2021S05024601046","Cows, beef","Number of animals","Number","223","units","0","v1327016938","1485.9.2","921","E","","","0"
"2021","Lac du Bonnet, Manitoba [CCS461001057]","2021S05024601057","Cows, beef","Number of animals","Number","223","units","0","v1327016960","1486.9.2","813","E","","","0"
"2021","Alexander, Manitoba [CCS461001071]","2021S05024601071","Cows, beef","Number of animals","Number","223","units","0","v1327016982","1487.9.2","","F","","","0"
"2021","Division No.  1, Unorganized, Manitoba [CCS461001094]","2021S05024601094","Cows, beef","Number of animals","Number","223","units","0","v1327017004","1488.9.2","0","A","","","0"
"2021","West St. Paul, Manitoba [CCS461113037]","2021S05024613037","Cows, beef","Number of animals","Number","223","units","0","v1327017070","1491.9.2","","F","","","0"
"2021","St. Andrews, Manitoba [CCS461113043]","2021S05024613043","Cows, beef","Number of animals","Number","223","units","0","v1327017092","1492.9.2","1464","E","","","0"
"2021","St. Clements, Manitoba [CCS461113056]","2021S05024613056","Cows, beef","Number of animals","Number","223","units","0","v1327017114","1493.9.2","1411","E","","","0"
"2021","Rosser, Manitoba [CCS461114015]","2021S05024614015","Cows, beef","Number of animals","Number","223","units","0","v1327017158","1495.9.2","957","E","","","0"
"2021","Woodlands, Manitoba [CCS461114031]","2021S05024614031","Cows, beef","Number of animals","Number","223","units","0","v1327017180","1496.9.2","8372","A","","","0"
"2021","Rockwood, Manitoba [CCS461114036]","2021S05024614036","Cows, beef","Number of animals","Number","223","units","0","v1327017202","1497.9.2","4499","C","","","0"
"2021","Gimli, Manitoba [CCS461218031]","2021S05024618031","Cows, beef","Number of animals","Number","223","units","0","v1327017268","1500.9.2","1298","E","","","0"
"2021","Armstrong, Manitoba [CCS461218037]","2021S05024618037","Cows, beef","Number of animals","Number","223","units","0","v1327017290","1501.9.2","6133","C","","","0"
"2021","St. Laurent, Manitoba [CCS461218040]","2021S05024618040","Cows, beef","Number of animals","Number","223","units","0","v1327017312","1502.9.2","1631","D","","","0"
"2021","Coldwell, Manitoba [CCS461218044]","2021S05024618044","Cows, beef","Number of animals","Number","223","units","0","v1327017334","1503.9.2","5797","B","","","0"
"2021","West Interlake, Manitoba [CCS461218056]","2021S05024618056","Cows, beef","Number of animals","Number","223","units","0","v1327017356","1504.9.2","9969","B","","","0"
"2021","Grahamdale, Manitoba [CCS461218060]","2021S05024618060","Cows, beef","Number of animals","Number","223","units","0","v1327017378","1505.9.2","10003","B","","","0"
"2021","Fisher, Manitoba [CCS461218068]","2021S05024618068","Cows, beef","Number of animals","Number","223","units","0","v1327017400","1506.9.2","6329","C","","","0"
"2021","Bifrost-Riverton, Manitoba [CCS461218076]","2021S05024618076","Cows, beef","Number of animals","Number","223","units","0","v1327017422","1507.9.2","6104","C","","","0"
"2021","Division No. 18, Unorganized, East Part, Manitoba [CCS461218091]","2021S05024618091","Cows, beef","Number of animals","Number","223","units","0","v1327017444","1508.9.2","0","A","","","0"
"2021","Division No. 18, Unorganized, West Part, Manitoba [CCS461218093]","2021S05024618093","Cows, beef","Number of animals","Number","223","units","0","v1327017466","1509.9.2","0","A","","","0"
"2021","Division No. 19, Unorganized, Manitoba [CCS461219045]","2021S05024619045","Cows, beef","Number of animals","Number","223","units","0","v1327017510","1511.9.2","5156","B","","","0"
"2021","Division No. 21, Unorganized, Manitoba [CCS461221078]","2021S05024621078","Cows, beef","Number of animals","Number","223","units","0","v1327017554","1513.9.2","1724","E","","","0"
"2021","Division No. 22, Unorganized, Manitoba [CCS461222046]","2021S05024622046","Cows, beef","Number of animals","Number","223","units","0","v1327017598","1515.9.2","0","A","","","0"
"2021","Division No. 23, Unorganized, Manitoba [CCS461223062]","2021S05024623062","Cows, beef","Number of animals","Number","223","units","0","v1327017642","1517.9.2","0","A","","","0"
"2021","Saskatchewan [PR470000000]","2021A000247","Cows, beef","Number of animals","Number","223","units","0","v1327017664","1518.9.2","1107110","A","","","0"
"2021","Argyle No. 1, Saskatchewan [CCS470101001]","2021S05024701001","Cows, beef","Number of animals","Number","223","units","0","v1327017730","1521.9.2","3268","C","","","0"
"2021","Mount Pleasant No. 2, Saskatchewan [CCS470101006]","2021S05024701006","Cows, beef","Number of animals","Number","223","units","0","v1327017752","1522.9.2","6283","B","","","0"
"2021","Enniskillen No. 3, Saskatchewan [CCS470101011]","2021S05024701011","Cows, beef","Number of animals","Number","223","units","0","v1327017774","1523.9.2","4179","B","","","0"
"2021","Coalfields No. 4, Saskatchewan [CCS470101016]","2021S05024701016","Cows, beef","Number of animals","Number","223","units","0","v1327017796","1524.9.2","2092","D","","","0"
"2021","Estevan No. 5, Saskatchewan [CCS470101022]","2021S05024701022","Cows, beef","Number of animals","Number","223","units","0","v1327017818","1525.9.2","5623","C","","","0"
"2021","Benson No. 35, Saskatchewan [CCS470101027]","2021S05024701027","Cows, beef","Number of animals","Number","223","units","0","v1327017840","1526.9.2","793","E","","","0"
"2021","Browning No. 34, Saskatchewan [CCS470101031]","2021S05024701031","Cows, beef","Number of animals","Number","223","units","0","v1327017862","1527.9.2","2213","D","","","0"
"2021","Moose Creek No. 33, Saskatchewan [CCS470101036]","2021S05024701036","Cows, beef","Number of animals","Number","223","units","0","v1327017884","1528.9.2","4446","B","","","0"
"2021","Reciprocity No. 32, Saskatchewan [CCS470101039]","2021S05024701039","Cows, beef","Number of animals","Number","223","units","0","v1327017906","1529.9.2","3007","C","","","0"
"2021","Storthoaks No. 31, Saskatchewan [CCS470101043]","2021S05024701043","Cows, beef","Number of animals","Number","223","units","0","v1327017928","1530.9.2","2467","D","","","0"
"2021","Antler No. 61, Saskatchewan [CCS470101047]","2021S05024701047","Cows, beef","Number of animals","Number","223","units","0","v1327017950","1531.9.2","4365","C","","","0"
"2021","Moose Mountain No. 63, Saskatchewan [CCS470101053]","2021S05024701053","Cows, beef","Number of animals","Number","223","units","0","v1327017972","1532.9.2","4727","C","","","0"
"2021","Brock No. 64, Saskatchewan [CCS470101058]","2021S05024701058","Cows, beef","Number of animals","Number","223","units","0","v1327017994","1533.9.2","5352","B","","","0"
"2021","Tecumseh No. 65, Saskatchewan [CCS470101063]","2021S05024701063","Cows, beef","Number of animals","Number","223","units","0","v1327018016","1534.9.2","2230","D","","","0"
"2021","Golden West No. 95, Saskatchewan [CCS470101069]","2021S05024701069","Cows, beef","Number of animals","Number","223","units","0","v1327018038","1535.9.2","3701","C","","","0"
"2021","Hazelwood No. 94, Saskatchewan [CCS470101072]","2021S05024701072","Cows, beef","Number of animals","Number","223","units","0","v1327018060","1536.9.2","4421","A","","","0"
"2021","Wawken No. 93, Saskatchewan [CCS470101076]","2021S05024701076","Cows, beef","Number of animals","Number","223","units","0","v1327018082","1537.9.2","5763","B","","","0"
"2021","Walpole No. 92, Saskatchewan [CCS470101091]","2021S05024701091","Cows, beef","Number of animals","Number","223","units","0","v1327018104","1538.9.2","6290","A","","","0"
"2021","Maryfield No. 91, Saskatchewan [CCS470101094]","2021S05024701094","Cows, beef","Number of animals","Number","223","units","0","v1327018126","1539.9.2","3499","C","","","0"
"2021","Moosomin No. 121, Saskatchewan [CCS470105001]","2021S05024705001","Cows, beef","Number of animals","Number","223","units","0","v1327018170","1541.9.2","3979","C","","","0"
"2021","Martin No. 122, Saskatchewan [CCS470105007]","2021S05024705007","Cows, beef","Number of animals","Number","223","units","0","v1327018192","1542.9.2","4639","B","","","0"
"2021","Silverwood No. 123, Saskatchewan [CCS470105011]","2021S05024705011","Cows, beef","Number of animals","Number","223","units","0","v1327018214","1543.9.2","5991","A","","","0"
"2021","Kingsley No. 124, Saskatchewan [CCS470105014]","2021S05024705014","Cows, beef","Number of animals","Number","223","units","0","v1327018236","1544.9.2","3083","C","","","0"
"2021","Chester No. 125, Saskatchewan [CCS470105018]","2021S05024705018","Cows, beef","Number of animals","Number","223","units","0","v1327018258","1545.9.2","6373","B","","","0"
"2021","Wolseley No. 155, Saskatchewan [CCS470105027]","2021S05024705027","Cows, beef","Number of animals","Number","223","units","0","v1327018280","1546.9.2","3195","D","","","0"
"2021","Elcapo No. 154, Saskatchewan [CCS470105028]","2021S05024705028","Cows, beef","Number of animals","Number","223","units","0","v1327018302","1547.9.2","3144","C","","","0"
"2021","Willowdale No. 153, Saskatchewan [CCS470105033]","2021S05024705033","Cows, beef","Number of animals","Number","223","units","0","v1327018324","1548.9.2","2344","D","","","0"
"2021","Rocanville No. 151, Saskatchewan [CCS470105037]","2021S05024705037","Cows, beef","Number of animals","Number","223","units","0","v1327018346","1549.9.2","4917","B","","","0"
"2021","Spy Hill No. 152, Saskatchewan [CCS470105041]","2021S05024705041","Cows, beef","Number of animals","Number","223","units","0","v1327018368","1550.9.2","4238","B","","","0"
"2021","Langenburg No. 181, Saskatchewan [CCS470105047]","2021S05024705047","Cows, beef","Number of animals","Number","223","units","0","v1327018390","1551.9.2","1950","D","","","0"
"2021","Fertile Belt No. 183, Saskatchewan [CCS470105051]","2021S05024705051","Cows, beef","Number of animals","Number","223","units","0","v1327018412","1552.9.2","1917","C","","","0"
"2021","Grayson No. 184, Saskatchewan [CCS470105057]","2021S05024705057","Cows, beef","Number of animals","Number","223","units","0","v1327018434","1553.9.2","4350","B","","","0"
"2021","McLeod No. 185, Saskatchewan [CCS470105063]","2021S05024705063","Cows, beef","Number of animals","Number","223","units","0","v1327018456","1554.9.2","3415","C","","","0"
"2021","Stanley No. 215, Saskatchewan [CCS470105067]","2021S05024705067","Cows, beef","Number of animals","Number","223","units","0","v1327018478","1555.9.2","2175","C","","","0"
"2021","Cana No. 214, Saskatchewan [CCS470105073]","2021S05024705073","Cows, beef","Number of animals","Number","223","units","0","v1327018500","1556.9.2","4653","C","","","0"
"2021","Saltcoats No. 213, Saskatchewan [CCS470105077]","2021S05024705077","Cows, beef","Number of animals","Number","223","units","0","v1327018522","1557.9.2","3010","B","","","0"
"2021","Churchbridge No. 211, Saskatchewan [CCS470105093]","2021S05024705093","Cows, beef","Number of animals","Number","223","units","0","v1327018544","1558.9.2","3208","C","","","0"
"2021","Calder No. 241, Saskatchewan [CCS470109001]","2021S05024709001","Cows, beef","Number of animals","Number","223","units","0","v1327018588","1560.9.2","2873","C","","","0"
"2021","Wallace No. 243, Saskatchewan [CCS470109006]","2021S05024709006","Cows, beef","Number of animals","Number","223","units","0","v1327018610","1561.9.2","2003","D","","","0"
"2021","Orkney No. 244, Saskatchewan [CCS470109011]","2021S05024709011","Cows, beef","Number of animals","Number","223","units","0","v1327018632","1562.9.2","6737","C","","","0"
"2021","Garry No. 245, Saskatchewan [CCS470109019]","2021S05024709019","Cows, beef","Number of animals","Number","223","units","0","v1327018654","1563.9.2","3263","B","","","0"
"2021","Insinger No. 275, Saskatchewan [CCS470109023]","2021S05024709023","Cows, beef","Number of animals","Number","223","units","0","v1327018676","1564.9.2","4568","B","","","0"
"2021","Good Lake No. 274, Saskatchewan [CCS470109029]","2021S05024709029","Cows, beef","Number of animals","Number","223","units","0","v1327018698","1565.9.2","2698","C","","","0"
"2021","Sliding Hills No. 273, Saskatchewan [CCS470109033]","2021S05024709033","Cows, beef","Number of animals","Number","223","units","0","v1327018720","1566.9.2","1362","D","","","0"
"2021","Cote No. 271, Saskatchewan [CCS470109037]","2021S05024709037","Cows, beef","Number of animals","Number","223","units","0","v1327018742","1567.9.2","2981","C","","","0"
"2021","St. Philips No. 301, Saskatchewan [CCS470109042]","2021S05024709042","Cows, beef","Number of animals","Number","223","units","0","v1327018764","1568.9.2","1461","D","","","0"
"2021","Keys No. 303, Saskatchewan [CCS470109046]","2021S05024709046","Cows, beef","Number of animals","Number","223","units","0","v1327018786","1569.9.2","2584","B","","","0"
"2021","Buchanan No. 304, Saskatchewan [CCS470109049]","2021S05024709049","Cows, beef","Number of animals","Number","223","units","0","v1327018808","1570.9.2","931","D","","","0"
"2021","Invermay No. 305, Saskatchewan [CCS470109054]","2021S05024709054","Cows, beef","Number of animals","Number","223","units","0","v1327018830","1571.9.2","2422","C","","","0"
"2021","Hazel Dell No. 335, Saskatchewan [CCS470109060]","2021S05024709060","Cows, beef","Number of animals","Number","223","units","0","v1327018852","1572.9.2","3402","C","","","0"
"2021","Preeceville No. 334, Saskatchewan [CCS470109062]","2021S05024709062","Cows, beef","Number of animals","Number","223","units","0","v1327018874","1573.9.2","4411","B","","","0"
"2021","Clayton No. 333, Saskatchewan [CCS470109067]","2021S05024709067","Cows, beef","Number of animals","Number","223","units","0","v1327018896","1574.9.2","4415","C","","","0"
"2021","Livingston No. 331, Saskatchewan [CCS470109075]","2021S05024709075","Cows, beef","Number of animals","Number","223","units","0","v1327018918","1575.9.2","1325","D","","","0"
"2021","Ituna Bon Accord No. 246, Saskatchewan [CCS470110003]","2021S05024710003","Cows, beef","Number of animals","Number","223","units","0","v1327018962","1577.9.2","2972","C","","","0"
"2021","Kellross No. 247, Saskatchewan [CCS470110008]","2021S05024710008","Cows, beef","Number of animals","Number","223","units","0","v1327018984","1578.9.2","4970","B","","","0"
"2021","Touchwood No. 248, Saskatchewan [CCS470110014]","2021S05024710014","Cows, beef","Number of animals","Number","223","units","0","v1327019006","1579.9.2","4262","B","","","0"
"2021","Mount Hope No. 279, Saskatchewan [CCS470110024]","2021S05024710024","Cows, beef","Number of animals","Number","223","units","0","v1327019028","1580.9.2","3582","C","","","0"
"2021","Emerald No. 277, Saskatchewan [CCS470110031]","2021S05024710031","Cows, beef","Number of animals","Number","223","units","0","v1327019050","1581.9.2","1671","D","","","0"
"2021","Foam Lake No. 276, Saskatchewan [CCS470110036]","2021S05024710036","Cows, beef","Number of animals","Number","223","units","0","v1327019072","1582.9.2","4603","B","","","0"
"2021","Elfros No. 307, Saskatchewan [CCS470110041]","2021S05024710041","Cows, beef","Number of animals","Number","223","units","0","v1327019094","1583.9.2","1337","D","","","0"
"2021","Big Quill No. 308, Saskatchewan [CCS470110046]","2021S05024710046","Cows, beef","Number of animals","Number","223","units","0","v1327019116","1584.9.2","1485","D","","","0"
"2021","Prairie Rose No. 309, Saskatchewan [CCS470110052]","2021S05024710052","Cows, beef","Number of animals","Number","223","units","0","v1327019138","1585.9.2","1908","C","","","0"
"2021","Leroy No. 339, Saskatchewan [CCS470110056]","2021S05024710056","Cows, beef","Number of animals","Number","223","units","0","v1327019160","1586.9.2","819","E","","","0"
"2021","Lakeside No. 338, Saskatchewan [CCS470110061]","2021S05024710061","Cows, beef","Number of animals","Number","223","units","0","v1327019182","1587.9.2","1367","D","","","0"
"2021","Lakeview No. 337, Saskatchewan [CCS470110066]","2021S05024710066","Cows, beef","Number of animals","Number","223","units","0","v1327019204","1588.9.2","699","E","","","0"
"2021","Sasman No. 336, Saskatchewan [CCS470110071]","2021S05024710071","Cows, beef","Number of animals","Number","223","units","0","v1327019226","1589.9.2","3348","B","","","0"
"2021","Cambria No. 6, Saskatchewan [CCS470202001]","2021S05024702001","Cows, beef","Number of animals","Number","223","units","0","v1327019292","1592.9.2","1667","E","","","0"
"2021","Souris Valley No. 7, Saskatchewan [CCS470202006]","2021S05024702006","Cows, beef","Number of animals","Number","223","units","0","v1327019314","1593.9.2","2079","E","","","0"
"2021","Lake Alma No. 8, Saskatchewan [CCS470202011]","2021S05024702011","Cows, beef","Number of animals","Number","223","units","0","v1327019336","1594.9.2","6663","B","","","0"
"2021","Surprise Valley No. 9, Saskatchewan [CCS470202014]","2021S05024702014","Cows, beef","Number of animals","Number","223","units","0","v1327019358","1595.9.2","7154","B","","","0"
"2021","Happy Valley No. 10, Saskatchewan [CCS470202018]","2021S05024702018","Cows, beef","Number of animals","Number","223","units","0","v1327019380","1596.9.2","4719","B","","","0"
"2021","Bengough No. 40, Saskatchewan [CCS470202024]","2021S05024702024","Cows, beef","Number of animals","Number","223","units","0","v1327019402","1597.9.2","7132","B","","","0"
"2021","The Gap No. 39, Saskatchewan [CCS470202026]","2021S05024702026","Cows, beef","Number of animals","Number","223","units","0","v1327019424","1598.9.2","2793","B","","","0"
"2021","Laurier No. 38, Saskatchewan [CCS470202029]","2021S05024702029","Cows, beef","Number of animals","Number","223","units","0","v1327019446","1599.9.2","4108","C","","","0"
"2021","Lomond No. 37, Saskatchewan [CCS470202033]","2021S05024702033","Cows, beef","Number of animals","Number","223","units","0","v1327019468","1600.9.2","3587","B","","","0"
"2021","Cymri No. 36, Saskatchewan [CCS470202037]","2021S05024702037","Cows, beef","Number of animals","Number","223","units","0","v1327019490","1601.9.2","6297","B","","","0"
"2021","Griffin No. 66, Saskatchewan [CCS470202042]","2021S05024702042","Cows, beef","Number of animals","Number","223","units","0","v1327019512","1602.9.2","2041","C","","","0"
"2021","Weyburn No. 67, Saskatchewan [CCS470202044]","2021S05024702044","Cows, beef","Number of animals","Number","223","units","0","v1327019534","1603.9.2","4961","D","","","0"
"2021","Brokenshell No. 68, Saskatchewan [CCS470202051]","2021S05024702051","Cows, beef","Number of animals","Number","223","units","0","v1327019556","1604.9.2","4109","B","","","0"
"2021","Norton No. 69, Saskatchewan [CCS470202052]","2021S05024702052","Cows, beef","Number of animals","Number","223","units","0","v1327019578","1605.9.2","3778","C","","","0"
"2021","Key West No. 70, Saskatchewan [CCS470202057]","2021S05024702057","Cows, beef","Number of animals","Number","223","units","0","v1327019600","1606.9.2","3324","D","","","0"
"2021","Elmsthorpe No. 100, Saskatchewan [CCS470202061]","2021S05024702061","Cows, beef","Number of animals","Number","223","units","0","v1327019622","1607.9.2","3787","B","","","0"
"2021","Caledonia No. 99, Saskatchewan [CCS470202066]","2021S05024702066","Cows, beef","Number of animals","Number","223","units","0","v1327019644","1608.9.2","2132","C","","","0"
"2021","Scott No. 98, Saskatchewan [CCS470202069]","2021S05024702069","Cows, beef","Number of animals","Number","223","units","0","v1327019666","1609.9.2","998","E","","","0"
"2021","Wellington No. 97, Saskatchewan [CCS470202073]","2021S05024702073","Cows, beef","Number of animals","Number","223","units","0","v1327019688","1610.9.2","3074","B","","","0"
"2021","Fillmore No. 96, Saskatchewan [CCS470202076]","2021S05024702076","Cows, beef","Number of animals","Number","223","units","0","v1327019710","1611.9.2","1195","E","","","0"
"2021","Montmartre No. 126, Saskatchewan [CCS470206001]","2021S05024706001","Cows, beef","Number of animals","Number","223","units","0","v1327019754","1613.9.2","5563","B","","","0"
"2021","Francis No. 127, Saskatchewan [CCS470206004]","2021S05024706004","Cows, beef","Number of animals","Number","223","units","0","v1327019776","1614.9.2","4264","C","","","0"
"2021","Lajord No. 128, Saskatchewan [CCS470206011]","2021S05024706011","Cows, beef","Number of animals","Number","223","units","0","v1327019798","1615.9.2","","F","","","0"
"2021","Bratt's Lake No. 129, Saskatchewan [CCS470206013]","2021S05024706013","Cows, beef","Number of animals","Number","223","units","0","v1327019820","1616.9.2","","F","","","0"
"2021","Redburn No. 130, Saskatchewan [CCS470206016]","2021S05024706016","Cows, beef","Number of animals","Number","223","units","0","v1327019842","1617.9.2","1341","E","","","0"
"2021","Pense No. 160, Saskatchewan [CCS470206021]","2021S05024706021","Cows, beef","Number of animals","Number","223","units","0","v1327019864","1618.9.2","2658","B","","","0"
"2021","Sherwood No. 159, Saskatchewan [CCS470206026]","2021S05024706026","Cows, beef","Number of animals","Number","223","units","0","v1327019886","1619.9.2","2078","E","","","0"
"2021","Edenwold No. 158, Saskatchewan [CCS470206029]","2021S05024706029","Cows, beef","Number of animals","Number","223","units","0","v1327019908","1620.9.2","2809","D","","","0"
"2021","South Qu'Appelle No. 157, Saskatchewan [CCS470206034]","2021S05024706034","Cows, beef","Number of animals","Number","223","units","0","v1327019930","1621.9.2","2906","C","","","0"
"2021","Indian Head No. 156, Saskatchewan [CCS470206038]","2021S05024706038","Cows, beef","Number of animals","Number","223","units","0","v1327019952","1622.9.2","1530","D","","","0"
"2021","Abernethy No. 186, Saskatchewan [CCS470206042]","2021S05024706042","Cows, beef","Number of animals","Number","223","units","0","v1327019974","1623.9.2","3403","B","","","0"
"2021","North Qu'Appelle No. 187, Saskatchewan [CCS470206048]","2021S05024706048","Cows, beef","Number of animals","Number","223","units","0","v1327019996","1624.9.2","1387","D","","","0"
"2021","Lumsden No. 189, Saskatchewan [CCS470206053]","2021S05024706053","Cows, beef","Number of animals","Number","223","units","0","v1327020018","1625.9.2","4420","C","","","0"
"2021","Dufferin No. 190, Saskatchewan [CCS470206059]","2021S05024706059","Cows, beef","Number of animals","Number","223","units","0","v1327020040","1626.9.2","4664","B","","","0"
"2021","Sarnia No. 221, Saskatchewan [CCS470206063]","2021S05024706063","Cows, beef","Number of animals","Number","223","units","0","v1327020062","1627.9.2","2264","C","","","0"
"2021","Longlaketon No. 219, Saskatchewan [CCS470206070]","2021S05024706070","Cows, beef","Number of animals","Number","223","units","0","v1327020084","1628.9.2","3838","C","","","0"
"2021","McKillop No. 220, Saskatchewan [CCS470206071]","2021S05024706071","Cows, beef","Number of animals","Number","223","units","0","v1327020106","1629.9.2","2127","D","","","0"
"2021","Cupar No. 218, Saskatchewan [CCS470206091]","2021S05024706091","Cows, beef","Number of animals","Number","223","units","0","v1327020128","1630.9.2","3733","C","","","0"
"2021","Lipton No. 217, Saskatchewan [CCS470206096]","2021S05024706096","Cows, beef","Number of animals","Number","223","units","0","v1327020150","1631.9.2","3493","B","","","0"
"2021","Tullymet No. 216, Saskatchewan [CCS470206099]","2021S05024706099","Cows, beef","Number of animals","Number","223","units","0","v1327020172","1632.9.2","1432","D","","","0"
"2021","Hart Butte No. 11, Saskatchewan [CCS470303001]","2021S05024703001","Cows, beef","Number of animals","Number","223","units","0","v1327020238","1635.9.2","3479","D","","","0"
"2021","Poplar Valley No. 12, Saskatchewan [CCS470303006]","2021S05024703006","Cows, beef","Number of animals","Number","223","units","0","v1327020260","1636.9.2","6014","C","","","0"
"2021","Old Post No. 43, Saskatchewan [CCS470303011]","2021S05024703011","Cows, beef","Number of animals","Number","223","units","0","v1327020282","1637.9.2","14818","B","","","0"
"2021","Glen McPherson No. 46, Saskatchewan [CCS470303016]","2021S05024703016","Cows, beef","Number of animals","Number","223","units","0","v1327020304","1638.9.2","3450","B","","","0"
"2021","Mankota No. 45, Saskatchewan [CCS470303018]","2021S05024703018","Cows, beef","Number of animals","Number","223","units","0","v1327020326","1639.9.2","11287","B","","","0"
"2021","Waverley No. 44, Saskatchewan [CCS470303022]","2021S05024703022","Cows, beef","Number of animals","Number","223","units","0","v1327020348","1640.9.2","11560","B","","","0"
"2021","Willow Bunch No. 42, Saskatchewan [CCS470303026]","2021S05024703026","Cows, beef","Number of animals","Number","223","units","0","v1327020370","1641.9.2","3158","D","","","0"
"2021","Excel No. 71, Saskatchewan [CCS470303029]","2021S05024703029","Cows, beef","Number of animals","Number","223","units","0","v1327020392","1642.9.2","3694","D","","","0"
"2021","Lake of the Rivers No. 72, Saskatchewan [CCS470303034]","2021S05024703034","Cows, beef","Number of animals","Number","223","units","0","v1327020414","1643.9.2","2677","D","","","0"
"2021","Stonehenge No. 73, Saskatchewan [CCS470303038]","2021S05024703038","Cows, beef","Number of animals","Number","223","units","0","v1327020436","1644.9.2","1789","E","","","0"
"2021","Wood River No. 74, Saskatchewan [CCS470303042]","2021S05024703042","Cows, beef","Number of animals","Number","223","units","0","v1327020458","1645.9.2","3059","D","","","0"
"2021","Pinto Creek No. 75, Saskatchewan [CCS470303048]","2021S05024703048","Cows, beef","Number of animals","Number","223","units","0","v1327020480","1646.9.2","5685","B","","","0"
"2021","Auvergne No. 76, Saskatchewan [CCS470303054]","2021S05024703054","Cows, beef","Number of animals","Number","223","units","0","v1327020502","1647.9.2","6651","B","","","0"
"2021","Whiska Creek No. 106, Saskatchewan [CCS470303059]","2021S05024703059","Cows, beef","Number of animals","Number","223","units","0","v1327020524","1648.9.2","2775","C","","","0"
"2021","Glen Bain No. 105, Saskatchewan [CCS470303064]","2021S05024703064","Cows, beef","Number of animals","Number","223","units","0","v1327020546","1649.9.2","2107","E","","","0"
"2021","Gravelbourg No. 104, Saskatchewan [CCS470303068]","2021S05024703068","Cows, beef","Number of animals","Number","223","units","0","v1327020568","1650.9.2","2292","E","","","0"
"2021","Sutton No. 103, Saskatchewan [CCS470303074]","2021S05024703074","Cows, beef","Number of animals","Number","223","units","0","v1327020590","1651.9.2","1083","E","","","0"
"2021","Lake Johnston No. 102, Saskatchewan [CCS470303093]","2021S05024703093","Cows, beef","Number of animals","Number","223","units","0","v1327020612","1652.9.2","1784","E","","","0"
"2021","Terrell No. 101, Saskatchewan [CCS470303096]","2021S05024703096","Cows, beef","Number of animals","Number","223","units","0","v1327020634","1653.9.2","8314","A","","","0"
"2021","Val Marie No. 17, Saskatchewan [CCS470304003]","2021S05024704003","Cows, beef","Number of animals","Number","223","units","0","v1327020678","1655.9.2","11549","B","","","0"
"2021","Lone Tree No. 18, Saskatchewan [CCS470304006]","2021S05024704006","Cows, beef","Number of animals","Number","223","units","0","v1327020700","1656.9.2","1563","D","","","0"
"2021","Frontier No. 19, Saskatchewan [CCS470304011]","2021S05024704011","Cows, beef","Number of animals","Number","223","units","0","v1327020722","1657.9.2","5430","B","","","0"
"2021","Reno No. 51, Saskatchewan [CCS470304019]","2021S05024704019","Cows, beef","Number of animals","Number","223","units","0","v1327020744","1658.9.2","12923","B","","","0"
"2021","White Valley No. 49, Saskatchewan [CCS470304024]","2021S05024704024","Cows, beef","Number of animals","Number","223","units","0","v1327020766","1659.9.2","12258","B","","","0"
"2021","Wise Creek No. 77, Saskatchewan [CCS470304028]","2021S05024704028","Cows, beef","Number of animals","Number","223","units","0","v1327020788","1660.9.2","3056","D","","","0"
"2021","Grassy Creek No. 78, Saskatchewan [CCS470304034]","2021S05024704034","Cows, beef","Number of animals","Number","223","units","0","v1327020810","1661.9.2","5070","C","","","0"
"2021","Arlington No. 79, Saskatchewan [CCS470304038]","2021S05024704038","Cows, beef","Number of animals","Number","223","units","0","v1327020832","1662.9.2","4304","C","","","0"
"2021","Maple Creek No. 111, Saskatchewan [CCS470304045]","2021S05024704045","Cows, beef","Number of animals","Number","223","units","0","v1327020854","1663.9.2","30160","A","","","0"
"2021","Piapot No. 110, Saskatchewan [CCS470304050]","2021S05024704050","Cows, beef","Number of animals","Number","223","units","0","v1327020876","1664.9.2","11859","B","","","0"
"2021","Carmichael No. 109, Saskatchewan [CCS470304054]","2021S05024704054","Cows, beef","Number of animals","Number","223","units","0","v1327020898","1665.9.2","4749","C","","","0"
"2021","Bone Creek No. 108, Saskatchewan [CCS470304058]","2021S05024704058","Cows, beef","Number of animals","Number","223","units","0","v1327020920","1666.9.2","2700","C","","","0"
"2021","Lac Pelletier No. 107, Saskatchewan [CCS470304061]","2021S05024704061","Cows, beef","Number of animals","Number","223","units","0","v1327020942","1667.9.2","3815","D","","","0"
"2021","Baildon No. 131, Saskatchewan [CCS470307001]","2021S05024707001","Cows, beef","Number of animals","Number","223","units","0","v1327020986","1669.9.2","2819","D","","","0"
"2021","Hillsborough No. 132, Saskatchewan [CCS470307004]","2021S05024707004","Cows, beef","Number of animals","Number","223","units","0","v1327021008","1670.9.2","2967","C","","","0"
"2021","Rodgers No. 133, Saskatchewan [CCS470307006]","2021S05024707006","Cows, beef","Number of animals","Number","223","units","0","v1327021030","1671.9.2","2430","D","","","0"
"2021","Shamrock No. 134, Saskatchewan [CCS470307011]","2021S05024707011","Cows, beef","Number of animals","Number","223","units","0","v1327021052","1672.9.2","2796","D","","","0"
"2021","Lawtonia No. 135, Saskatchewan [CCS470307014]","2021S05024707014","Cows, beef","Number of animals","Number","223","units","0","v1327021074","1673.9.2","5022","C","","","0"
"2021","Coulee No. 136, Saskatchewan [CCS470307018]","2021S05024707018","Cows, beef","Number of animals","Number","223","units","0","v1327021096","1674.9.2","4911","C","","","0"
"2021","Excelsior No. 166, Saskatchewan [CCS470307021]","2021S05024707021","Cows, beef","Number of animals","Number","223","units","0","v1327021118","1675.9.2","8686","B","","","0"
"2021","Morse No. 165, Saskatchewan [CCS470307024]","2021S05024707024","Cows, beef","Number of animals","Number","223","units","0","v1327021140","1676.9.2","8668","B","","","0"
"2021","Chaplin No. 164, Saskatchewan [CCS470307029]","2021S05024707029","Cows, beef","Number of animals","Number","223","units","0","v1327021162","1677.9.2","6424","B","","","0"
"2021","Wheatlands No. 163, Saskatchewan [CCS470307032]","2021S05024707032","Cows, beef","Number of animals","Number","223","units","0","v1327021184","1678.9.2","5416","B","","","0"
"2021","Caron No. 162, Saskatchewan [CCS470307036]","2021S05024707036","Cows, beef","Number of animals","Number","223","units","0","v1327021206","1679.9.2","3402","A","","","0"
"2021","Moose Jaw No. 161, Saskatchewan [CCS470307038]","2021S05024707038","Cows, beef","Number of animals","Number","223","units","0","v1327021228","1680.9.2","4665","D","","","0"
"2021","Marquis No. 191, Saskatchewan [CCS470307042]","2021S05024707042","Cows, beef","Number of animals","Number","223","units","0","v1327021250","1681.9.2","1293","E","","","0"
"2021","Eyebrow No. 193, Saskatchewan [CCS470307047]","2021S05024707047","Cows, beef","Number of animals","Number","223","units","0","v1327021272","1682.9.2","1993","D","","","0"
"2021","Enfield No. 194, Saskatchewan [CCS470307053]","2021S05024707053","Cows, beef","Number of animals","Number","223","units","0","v1327021294","1683.9.2","4627","C","","","0"
"2021","Canaan No. 225, Saskatchewan [CCS470307058]","2021S05024707058","Cows, beef","Number of animals","Number","223","units","0","v1327021316","1684.9.2","2671","C","","","0"
"2021","Victory No. 226, Saskatchewan [CCS470307063]","2021S05024707063","Cows, beef","Number of animals","Number","223","units","0","v1327021338","1685.9.2","6349","B","","","0"
"2021","King George No. 256, Saskatchewan [CCS470307066]","2021S05024707066","Cows, beef","Number of animals","Number","223","units","0","v1327021360","1686.9.2","3914","B","","","0"
"2021","Coteau No. 255, Saskatchewan [CCS470307067]","2021S05024707067","Cows, beef","Number of animals","Number","223","units","0","v1327021382","1687.9.2","2410","D","","","0"
"2021","Maple Bush No. 224, Saskatchewan [CCS470307071]","2021S05024707071","Cows, beef","Number of animals","Number","223","units","0","v1327021404","1688.9.2","2678","D","","","0"
"2021","Huron No. 223, Saskatchewan [CCS470307076]","2021S05024707076","Cows, beef","Number of animals","Number","223","units","0","v1327021426","1689.9.2","2979","B","","","0"
"2021","Craik No. 222, Saskatchewan [CCS470307091]","2021S05024707091","Cows, beef","Number of animals","Number","223","units","0","v1327021448","1690.9.2","2605","C","","","0"
"2021","Swift Current No. 137, Saskatchewan [CCS470308001]","2021S05024708001","Cows, beef","Number of animals","Number","223","units","0","v1327021492","1692.9.2","9893","C","","","0"
"2021","Webb No. 138, Saskatchewan [CCS470308006]","2021S05024708006","Cows, beef","Number of animals","Number","223","units","0","v1327021514","1693.9.2","4927","C","","","0"
"2021","Gull Lake No. 139, Saskatchewan [CCS470308009]","2021S05024708009","Cows, beef","Number of animals","Number","223","units","0","v1327021536","1694.9.2","4431","B","","","0"
"2021","Big Stick No. 141, Saskatchewan [CCS470308016]","2021S05024708016","Cows, beef","Number of animals","Number","223","units","0","v1327021558","1695.9.2","3826","C","","","0"
"2021","Enterprise No. 142, Saskatchewan [CCS470308021]","2021S05024708021","Cows, beef","Number of animals","Number","223","units","0","v1327021580","1696.9.2","2286","D","","","0"
"2021","Fox Valley No. 171, Saskatchewan [CCS470308024]","2021S05024708024","Cows, beef","Number of animals","Number","223","units","0","v1327021602","1697.9.2","4712","B","","","0"
"2021","Pittville No. 169, Saskatchewan [CCS470308028]","2021S05024708028","Cows, beef","Number of animals","Number","223","units","0","v1327021624","1698.9.2","3520","D","","","0"
"2021","Riverside No. 168, Saskatchewan [CCS470308031]","2021S05024708031","Cows, beef","Number of animals","Number","223","units","0","v1327021646","1699.9.2","4011","D","","","0"
"2021","Saskatchewan Landing No. 167, Saskatchewan [CCS470308038]","2021S05024708038","Cows, beef","Number of animals","Number","223","units","0","v1327021668","1700.9.2","1357","E","","","0"
"2021","Lacadena No. 228, Saskatchewan [CCS470308042]","2021S05024708042","Cows, beef","Number of animals","Number","223","units","0","v1327021690","1701.9.2","7501","B","","","0"
"2021","Miry Creek No. 229, Saskatchewan [CCS470308046]","2021S05024708046","Cows, beef","Number of animals","Number","223","units","0","v1327021712","1702.9.2","5649","B","","","0"
"2021","Clinworth No. 230, Saskatchewan [CCS470308053]","2021S05024708053","Cows, beef","Number of animals","Number","223","units","0","v1327021734","1703.9.2","4615","C","","","0"
"2021","Happyland No. 231, Saskatchewan [CCS470308056]","2021S05024708056","Cows, beef","Number of animals","Number","223","units","0","v1327021756","1704.9.2","4100","D","","","0"
"2021","Deer Forks No. 232, Saskatchewan [CCS470308061]","2021S05024708061","Cows, beef","Number of animals","Number","223","units","0","v1327021778","1705.9.2","3187","B","","","0"
"2021","Chesterfield No. 261, Saskatchewan [CCS470308065]","2021S05024708065","Cows, beef","Number of animals","Number","223","units","0","v1327021800","1706.9.2","4904","B","","","0"
"2021","Newcombe No. 260, Saskatchewan [CCS470308071]","2021S05024708071","Cows, beef","Number of animals","Number","223","units","0","v1327021822","1707.9.2","922","E","","","0"
"2021","Snipe Lake No. 259, Saskatchewan [CCS470308074]","2021S05024708074","Cows, beef","Number of animals","Number","223","units","0","v1327021844","1708.9.2","1429","E","","","0"
"2021","Monet No. 257, Saskatchewan [CCS470308092]","2021S05024708092","Cows, beef","Number of animals","Number","223","units","0","v1327021866","1709.9.2","2174","E","","","0"
"2021","Last Mountain Valley No. 250, Saskatchewan [CCS470411003]","2021S05024711003","Cows, beef","Number of animals","Number","223","units","0","v1327021932","1712.9.2","1591","D","","","0"
"2021","Big Arm No. 251, Saskatchewan [CCS470411006]","2021S05024711006","Cows, beef","Number of animals","Number","223","units","0","v1327021954","1713.9.2","1625","D","","","0"
"2021","Arm River No. 252, Saskatchewan [CCS470411011]","2021S05024711011","Cows, beef","Number of animals","Number","223","units","0","v1327021976","1714.9.2","2463","C","","","0"
"2021","Willner No. 253, Saskatchewan [CCS470411016]","2021S05024711016","Cows, beef","Number of animals","Number","223","units","0","v1327021998","1715.9.2","1574","C","","","0"
"2021","Loreburn No. 254, Saskatchewan [CCS470411018]","2021S05024711018","Cows, beef","Number of animals","Number","223","units","0","v1327022020","1716.9.2","2242","C","","","0"
"2021","Rudy No. 284, Saskatchewan [CCS470411026]","2021S05024711026","Cows, beef","Number of animals","Number","223","units","0","v1327022042","1717.9.2","3567","C","","","0"
"2021","Rosedale No. 283, Saskatchewan [CCS470411031]","2021S05024711031","Cows, beef","Number of animals","Number","223","units","0","v1327022064","1718.9.2","3219","C","","","0"
"2021","McCraney No. 282, Saskatchewan [CCS470411034]","2021S05024711034","Cows, beef","Number of animals","Number","223","units","0","v1327022086","1719.9.2","4126","C","","","0"
"2021","Wood Creek No. 281, Saskatchewan [CCS470411039]","2021S05024711039","Cows, beef","Number of animals","Number","223","units","0","v1327022108","1720.9.2","1934","D","","","0"
"2021","Wreford No. 280, Saskatchewan [CCS470411042]","2021S05024711042","Cows, beef","Number of animals","Number","223","units","0","v1327022130","1721.9.2","2856","D","","","0"
"2021","Usborne No. 310, Saskatchewan [CCS470411046]","2021S05024711046","Cows, beef","Number of animals","Number","223","units","0","v1327022152","1722.9.2","7565","B","","","0"
"2021","Morris No. 312, Saskatchewan [CCS470411052]","2021S05024711052","Cows, beef","Number of animals","Number","223","units","0","v1327022174","1723.9.2","2904","D","","","0"
"2021","Lost River No. 313, Saskatchewan [CCS470411059]","2021S05024711059","Cows, beef","Number of animals","Number","223","units","0","v1327022196","1724.9.2","1983","B","","","0"
"2021","Dundurn No. 314, Saskatchewan [CCS470411061]","2021S05024711061","Cows, beef","Number of animals","Number","223","units","0","v1327022218","1725.9.2","2847","C","","","0"
"2021","Corman Park No. 344, Saskatchewan [CCS470411065]","2021S05024711065","Cows, beef","Number of animals","Number","223","units","0","v1327022240","1726.9.2","6939","C","","","0"
"2021","Saskatoon, Saskatchewan [CCS470411066]","2021S05024711066","Cows, beef","Number of animals","Number","223","units","0","v1327022262","1727.9.2","1623","E","","","0"
"2021","Blucher No. 343, Saskatchewan [CCS470411069]","2021S05024711069","Cows, beef","Number of animals","Number","223","units","0","v1327022284","1728.9.2","1996","D","","","0"
"2021","Colonsay No. 342, Saskatchewan [CCS470411076]","2021S05024711076","Cows, beef","Number of animals","Number","223","units","0","v1327022306","1729.9.2","1170","D","","","0"
"2021","Viscount No. 341, Saskatchewan [CCS470411091]","2021S05024711091","Cows, beef","Number of animals","Number","223","units","0","v1327022328","1730.9.2","3265","B","","","0"
"2021","Wolverine No. 340, Saskatchewan [CCS470411096]","2021S05024711096","Cows, beef","Number of animals","Number","223","units","0","v1327022350","1731.9.2","1647","D","","","0"
"2021","Pleasant Valley No. 288, Saskatchewan [CCS470412001]","2021S05024712001","Cows, beef","Number of animals","Number","223","units","0","v1327022394","1733.9.2","2422","C","","","0"
"2021","St. Andrews No. 287, Saskatchewan [CCS470412004]","2021S05024712004","Cows, beef","Number of animals","Number","223","units","0","v1327022416","1734.9.2","2339","E","","","0"
"2021","Milden No. 286, Saskatchewan [CCS470412011]","2021S05024712011","Cows, beef","Number of animals","Number","223","units","0","v1327022438","1735.9.2","1582","E","","","0"
"2021","Fertile Valley No. 285, Saskatchewan [CCS470412020]","2021S05024712020","Cows, beef","Number of animals","Number","223","units","0","v1327022460","1736.9.2","3086","C","","","0"
"2021","Montrose No. 315, Saskatchewan [CCS470412026]","2021S05024712026","Cows, beef","Number of animals","Number","223","units","0","v1327022482","1737.9.2","4732","C","","","0"
"2021","Harris No. 316, Saskatchewan [CCS470412029]","2021S05024712029","Cows, beef","Number of animals","Number","223","units","0","v1327022504","1738.9.2","2586","D","","","0"
"2021","Marriott No. 317, Saskatchewan [CCS470412034]","2021S05024712034","Cows, beef","Number of animals","Number","223","units","0","v1327022526","1739.9.2","2498","C","","","0"
"2021","Mountain View No. 318, Saskatchewan [CCS470412038]","2021S05024712038","Cows, beef","Number of animals","Number","223","units","0","v1327022548","1740.9.2","1565","E","","","0"
"2021","Biggar No. 347, Saskatchewan [CCS470412042]","2021S05024712042","Cows, beef","Number of animals","Number","223","units","0","v1327022570","1741.9.2","6210","B","","","0"
"2021","Perdue No. 346, Saskatchewan [CCS470412050]","2021S05024712050","Cows, beef","Number of animals","Number","223","units","0","v1327022592","1742.9.2","1873","C","","","0"
"2021","Vanscoy No. 345, Saskatchewan [CCS470412054]","2021S05024712054","Cows, beef","Number of animals","Number","223","units","0","v1327022614","1743.9.2","4692","C","","","0"
"2021","Eagle Creek No. 376, Saskatchewan [CCS470412064]","2021S05024712064","Cows, beef","Number of animals","Number","223","units","0","v1327022636","1744.9.2","2554","C","","","0"
"2021","Glenside No. 377, Saskatchewan [CCS470412069]","2021S05024712069","Cows, beef","Number of animals","Number","223","units","0","v1327022658","1745.9.2","1648","D","","","0"
"2021","Rosemount No. 378, Saskatchewan [CCS470412072]","2021S05024712072","Cows, beef","Number of animals","Number","223","units","0","v1327022680","1746.9.2","1980","D","","","0"
"2021","Battle River No. 438, Saskatchewan [CCS470412078]","2021S05024712078","Cows, beef","Number of animals","Number","223","units","0","v1327022702","1747.9.2","3125","D","","","0"
"2021","Kindersley No. 290, Saskatchewan [CCS470413006]","2021S05024713006","Cows, beef","Number of animals","Number","223","units","0","v1327022746","1749.9.2","2699","D","","","0"
"2021","Milton No. 292, Saskatchewan [CCS470413011]","2021S05024713011","Cows, beef","Number of animals","Number","223","units","0","v1327022768","1750.9.2","2596","C","","","0"
"2021","Antelope Park No. 322, Saskatchewan [CCS470413016]","2021S05024713016","Cows, beef","Number of animals","Number","223","units","0","v1327022790","1751.9.2","1742","B","","","0"
"2021","Prairiedale No. 321, Saskatchewan [CCS470413019]","2021S05024713019","Cows, beef","Number of animals","Number","223","units","0","v1327022812","1752.9.2","1430","C","","","0"
"2021","Oakdale No. 320, Saskatchewan [CCS470413024]","2021S05024713024","Cows, beef","Number of animals","Number","223","units","0","v1327022834","1753.9.2","","F","","","0"
"2021","Winslow No. 319, Saskatchewan [CCS470413028]","2021S05024713028","Cows, beef","Number of animals","Number","223","units","0","v1327022856","1754.9.2","858","E","","","0"
"2021","Grandview No. 349, Saskatchewan [CCS470413032]","2021S05024713032","Cows, beef","Number of animals","Number","223","units","0","v1327022878","1755.9.2","1478","D","","","0"
"2021","Mariposa No. 350, Saskatchewan [CCS470413038]","2021S05024713038","Cows, beef","Number of animals","Number","223","units","0","v1327022900","1756.9.2","1749","D","","","0"
"2021","Progress No. 351, Saskatchewan [CCS470413041]","2021S05024713041","Cows, beef","Number of animals","Number","223","units","0","v1327022922","1757.9.2","2777","D","","","0"
"2021","Heart's Hill No. 352, Saskatchewan [CCS470413046]","2021S05024713046","Cows, beef","Number of animals","Number","223","units","0","v1327022944","1758.9.2","3217","B","","","0"
"2021","Eye Hill No. 382, Saskatchewan [CCS470413049]","2021S05024713049","Cows, beef","Number of animals","Number","223","units","0","v1327022966","1759.9.2","3598","C","","","0"
"2021","Grass Lake No. 381, Saskatchewan [CCS470413056]","2021S05024713056","Cows, beef","Number of animals","Number","223","units","0","v1327022988","1760.9.2","2027","D","","","0"
"2021","Tramping Lake No. 380, Saskatchewan [CCS470413059]","2021S05024713059","Cows, beef","Number of animals","Number","223","units","0","v1327023010","1761.9.2","","F","","","0"
"2021","Reford No. 379, Saskatchewan [CCS470413064]","2021S05024713064","Cows, beef","Number of animals","Number","223","units","0","v1327023032","1762.9.2","1110","E","","","0"
"2021","Buffalo No. 409, Saskatchewan [CCS470413068]","2021S05024713068","Cows, beef","Number of animals","Number","223","units","0","v1327023054","1763.9.2","2425","D","","","0"
"2021","Round Valley No. 410, Saskatchewan [CCS470413072]","2021S05024713072","Cows, beef","Number of animals","Number","223","units","0","v1327023076","1764.9.2","3166","D","","","0"
"2021","Senlac No. 411, Saskatchewan [CCS470413076]","2021S05024713076","Cows, beef","Number of animals","Number","223","units","0","v1327023098","1765.9.2","5082","A","","","0"
"2021","Manitou Lake No. 442, Saskatchewan [CCS470413079]","2021S05024713079","Cows, beef","Number of animals","Number","223","units","0","v1327023120","1766.9.2","4210","C","","","0"
"2021","Hillsdale No. 440, Saskatchewan [CCS470413092]","2021S05024713092","Cows, beef","Number of animals","Number","223","units","0","v1327023142","1767.9.2","5669","B","","","0"
"2021","Cut Knife No. 439, Saskatchewan [CCS470413096]","2021S05024713096","Cows, beef","Number of animals","Number","223","units","0","v1327023164","1768.9.2","2451","D","","","0"
"2021","Hudson Bay No. 394, Saskatchewan [CCS470514001]","2021S05024714001","Cows, beef","Number of animals","Number","223","units","0","v1327023230","1771.9.2","2887","D","","","0"
"2021","Porcupine No. 395, Saskatchewan [CCS470514006]","2021S05024714006","Cows, beef","Number of animals","Number","223","units","0","v1327023252","1772.9.2","2470","C","","","0"
"2021","Kelvington No. 366, Saskatchewan [CCS470514021]","2021S05024714021","Cows, beef","Number of animals","Number","223","units","0","v1327023274","1773.9.2","2138","D","","","0"
"2021","Ponass Lake No. 367, Saskatchewan [CCS470514023]","2021S05024714023","Cows, beef","Number of animals","Number","223","units","0","v1327023296","1774.9.2","1736","D","","","0"
"2021","Spalding No. 368, Saskatchewan [CCS470514026]","2021S05024714026","Cows, beef","Number of animals","Number","223","units","0","v1327023318","1775.9.2","862","E","","","0"
"2021","Barrier Valley No. 397, Saskatchewan [CCS470514034]","2021S05024714034","Cows, beef","Number of animals","Number","223","units","0","v1327023340","1776.9.2","3274","C","","","0"
"2021","Pleasantdale No. 398, Saskatchewan [CCS470514035]","2021S05024714035","Cows, beef","Number of animals","Number","223","units","0","v1327023362","1777.9.2","2408","C","","","0"
"2021","Bjorkdale No. 426, Saskatchewan [CCS470514038]","2021S05024714038","Cows, beef","Number of animals","Number","223","units","0","v1327023384","1778.9.2","3589","C","","","0"
"2021","Tisdale No. 427, Saskatchewan [CCS470514043]","2021S05024714043","Cows, beef","Number of animals","Number","223","units","0","v1327023406","1779.9.2","","F","","","0"
"2021","Star City No. 428, Saskatchewan [CCS470514047]","2021S05024714047","Cows, beef","Number of animals","Number","223","units","0","v1327023428","1780.9.2","2578","D","","","0"
"2021","Willow Creek No. 458, Saskatchewan [CCS470514053]","2021S05024714053","Cows, beef","Number of animals","Number","223","units","0","v1327023450","1781.9.2","973","D","","","0"
"2021","Connaught No. 457, Saskatchewan [CCS470514056]","2021S05024714056","Cows, beef","Number of animals","Number","223","units","0","v1327023472","1782.9.2","927","E","","","0"
"2021","Arborfield No. 456, Saskatchewan [CCS470514059]","2021S05024714059","Cows, beef","Number of animals","Number","223","units","0","v1327023494","1783.9.2","","F","","","0"
"2021","Moose Range No. 486, Saskatchewan [CCS470514067]","2021S05024714067","Cows, beef","Number of animals","Number","223","units","0","v1327023516","1784.9.2","4527","C","","","0"
"2021","Nipawin No. 487, Saskatchewan [CCS470514072]","2021S05024714072","Cows, beef","Number of animals","Number","223","units","0","v1327023538","1785.9.2","1054","E","","","0"
"2021","Torch River No. 488, Saskatchewan [CCS470514077]","2021S05024714077","Cows, beef","Number of animals","Number","223","units","0","v1327023560","1786.9.2","2649","D","","","0"
"2021","St. Peter No. 369, Saskatchewan [CCS470615001]","2021S05024715001","Cows, beef","Number of animals","Number","223","units","0","v1327023626","1789.9.2","","F","","","0"
"2021","Humboldt No. 370, Saskatchewan [CCS470615007]","2021S05024715007","Cows, beef","Number of animals","Number","223","units","0","v1327023648","1790.9.2","1532","E","","","0"
"2021","Bayne No. 371, Saskatchewan [CCS470615011]","2021S05024715011","Cows, beef","Number of animals","Number","223","units","0","v1327023670","1791.9.2","2539","C","","","0"
"2021","Grant No. 372, Saskatchewan [CCS470615014]","2021S05024715014","Cows, beef","Number of animals","Number","223","units","0","v1327023692","1792.9.2","1501","E","","","0"
"2021","Aberdeen No. 373, Saskatchewan [CCS470615018]","2021S05024715018","Cows, beef","Number of animals","Number","223","units","0","v1327023714","1793.9.2","1038","E","","","0"
"2021","Laird No. 404, Saskatchewan [CCS470615026]","2021S05024715026","Cows, beef","Number of animals","Number","223","units","0","v1327023736","1794.9.2","1849","D","","","0"
"2021","Rosthern No. 403, Saskatchewan [CCS470615031]","2021S05024715031","Cows, beef","Number of animals","Number","223","units","0","v1327023758","1795.9.2","3797","C","","","0"
"2021","Fish Creek No. 402, Saskatchewan [CCS470615036]","2021S05024715036","Cows, beef","Number of animals","Number","223","units","0","v1327023780","1796.9.2","1372","E","","","0"
"2021","Hoodoo No. 401, Saskatchewan [CCS470615039]","2021S05024715039","Cows, beef","Number of animals","Number","223","units","0","v1327023802","1797.9.2","990","E","","","0"
"2021","Three Lakes No. 400, Saskatchewan [CCS470615044]","2021S05024715044","Cows, beef","Number of animals","Number","223","units","0","v1327023824","1798.9.2","2039","D","","","0"
"2021","Lake Lenore No. 399, Saskatchewan [CCS470615048]","2021S05024715048","Cows, beef","Number of animals","Number","223","units","0","v1327023846","1799.9.2","1604","D","","","0"
"2021","Flett's Springs No. 429, Saskatchewan [CCS470615051]","2021S05024715051","Cows, beef","Number of animals","Number","223","units","0","v1327023868","1800.9.2","1697","D","","","0"
"2021","Invergordon No. 430, Saskatchewan [CCS470615054]","2021S05024715054","Cows, beef","Number of animals","Number","223","units","0","v1327023890","1801.9.2","1436","E","","","0"
"2021","St. Louis No. 431, Saskatchewan [CCS470615057]","2021S05024715057","Cows, beef","Number of animals","Number","223","units","0","v1327023912","1802.9.2","770","E","","","0"
"2021","Duck Lake No. 463, Saskatchewan [CCS470615061]","2021S05024715061","Cows, beef","Number of animals","Number","223","units","0","v1327023934","1803.9.2","4744","B","","","0"
"2021","Prince Albert No. 461, Saskatchewan [CCS470615064]","2021S05024715064","Cows, beef","Number of animals","Number","223","units","0","v1327023956","1804.9.2","4248","D","","","0"
"2021","Birch Hills No. 460, Saskatchewan [CCS470615067]","2021S05024715067","Cows, beef","Number of animals","Number","223","units","0","v1327023978","1805.9.2","1079","E","","","0"
"2021","Kinistino No. 459, Saskatchewan [CCS470615071]","2021S05024715071","Cows, beef","Number of animals","Number","223","units","0","v1327024000","1806.9.2","2399","D","","","0"
"2021","Garden River No. 490, Saskatchewan [CCS470615079]","2021S05024715079","Cows, beef","Number of animals","Number","223","units","0","v1327024022","1807.9.2","1172","E","","","0"
"2021","Buckland No. 491, Saskatchewan [CCS470615094]","2021S05024715094","Cows, beef","Number of animals","Number","223","units","0","v1327024044","1808.9.2","2242","D","","","0"
"2021","Paddockwood No. 520, Saskatchewan [CCS470615099]","2021S05024715099","Cows, beef","Number of animals","Number","223","units","0","v1327024066","1809.9.2","2007","D","","","0"
"2021","Mayfield No. 406, Saskatchewan [CCS470616005]","2021S05024716005","Cows, beef","Number of animals","Number","223","units","0","v1327024110","1811.9.2","2180","D","","","0"
"2021","Great Bend No. 405, Saskatchewan [CCS470616008]","2021S05024716008","Cows, beef","Number of animals","Number","223","units","0","v1327024132","1812.9.2","4093","C","","","0"
"2021","Blaine Lake No. 434, Saskatchewan [CCS470616013]","2021S05024716013","Cows, beef","Number of animals","Number","223","units","0","v1327024154","1813.9.2","2250","D","","","0"
"2021","Redberry No. 435, Saskatchewan [CCS470616018]","2021S05024716018","Cows, beef","Number of animals","Number","223","units","0","v1327024176","1814.9.2","3536","C","","","0"
"2021","Douglas No. 436, Saskatchewan [CCS470616023]","2021S05024716023","Cows, beef","Number of animals","Number","223","units","0","v1327024198","1815.9.2","2375","D","","","0"
"2021","North Battleford No. 437, Saskatchewan [CCS470616028]","2021S05024716028","Cows, beef","Number of animals","Number","223","units","0","v1327024220","1816.9.2","2224","E","","","0"
"2021","Round Hill No. 467, Saskatchewan [CCS470616033]","2021S05024716033","Cows, beef","Number of animals","Number","223","units","0","v1327024242","1817.9.2","3300","C","","","0"
"2021","Meeting Lake No. 466, Saskatchewan [CCS470616038]","2021S05024716038","Cows, beef","Number of animals","Number","223","units","0","v1327024264","1818.9.2","4070","B","","","0"
"2021","Leask No. 464, Saskatchewan [CCS470616041]","2021S05024716041","Cows, beef","Number of animals","Number","223","units","0","v1327024286","1819.9.2","3898","C","","","0"
"2021","Shellbrook No. 493, Saskatchewan [CCS470616046]","2021S05024716046","Cows, beef","Number of animals","Number","223","units","0","v1327024308","1820.9.2","2395","D","","","0"
"2021","Canwood No. 494, Saskatchewan [CCS470616051]","2021S05024716051","Cows, beef","Number of animals","Number","223","units","0","v1327024330","1821.9.2","7938","B","","","0"
"2021","Spiritwood No. 496, Saskatchewan [CCS470616056]","2021S05024716056","Cows, beef","Number of animals","Number","223","units","0","v1327024352","1822.9.2","13173","B","","","0"
"2021","Medstead No. 497, Saskatchewan [CCS470616062]","2021S05024716062","Cows, beef","Number of animals","Number","223","units","0","v1327024374","1823.9.2","3724","C","","","0"
"2021","Big River No. 555, Saskatchewan [CCS470616075]","2021S05024716075","Cows, beef","Number of animals","Number","223","units","0","v1327024396","1824.9.2","2473","C","","","0"
"2021","Meota No. 468, Saskatchewan [CCS470617001]","2021S05024717001","Cows, beef","Number of animals","Number","223","units","0","v1327024440","1826.9.2","2343","D","","","0"
"2021","Turtle River No. 469, Saskatchewan [CCS470617008]","2021S05024717008","Cows, beef","Number of animals","Number","223","units","0","v1327024462","1827.9.2","6104","A","","","0"
"2021","Paynton No. 470, Saskatchewan [CCS470617013]","2021S05024717013","Cows, beef","Number of animals","Number","223","units","0","v1327024484","1828.9.2","2108","C","","","0"
"2021","Eldon No. 471, Saskatchewan [CCS470617017]","2021S05024717017","Cows, beef","Number of animals","Number","223","units","0","v1327024506","1829.9.2","6748","B","","","0"
"2021","Wilton No. 472, Saskatchewan [CCS470617022]","2021S05024717022","Cows, beef","Number of animals","Number","223","units","0","v1327024528","1830.9.2","4225","C","","","0"
"2021","Britannia No. 502, Saskatchewan [CCS470617028]","2021S05024717028","Cows, beef","Number of animals","Number","223","units","0","v1327024550","1831.9.2","10397","B","","","0"
"2021","Frenchman Butte No. 501, Saskatchewan [CCS470617032]","2021S05024717032","Cows, beef","Number of animals","Number","223","units","0","v1327024572","1832.9.2","19477","A","","","0"
"2021","Mervin No. 499, Saskatchewan [CCS470617045]","2021S05024717045","Cows, beef","Number of animals","Number","223","units","0","v1327024594","1833.9.2","8484","B","","","0"
"2021","Parkdale No. 498, Saskatchewan [CCS470617047]","2021S05024717047","Cows, beef","Number of animals","Number","223","units","0","v1327024616","1834.9.2","5813","B","","","0"
"2021","Meadow Lake No. 588, Saskatchewan [CCS470617054]","2021S05024717054","Cows, beef","Number of animals","Number","223","units","0","v1327024638","1835.9.2","15763","B","","","0"
"2021","Loon Lake No. 561, Saskatchewan [CCS470617056]","2021S05024717056","Cows, beef","Number of animals","Number","223","units","0","v1327024660","1836.9.2","11177","A","","","0"
"2021","Beaver River No. 622, Saskatchewan [CCS470617062]","2021S05024717062","Cows, beef","Number of animals","Number","223","units","0","v1327024682","1837.9.2","13282","B","","","0"
"2021","Division No. 18, Unorganized, Saskatchewan [CCS470718090]","2021S05024718090","Cows, beef","Number of animals","Number","223","units","0","v1327024748","1840.9.2","","F","","","0"
"2021","Alberta [PR480000000]","2021A000248","Cows, beef","Number of animals","Number","223","units","0","v1327024770","1841.9.2","1664330","A","","","0"
"2021","Cypress County, Alberta [CCS481001003]","2021S05024801003","Cows, beef","Number of animals","Number","223","units","0","v1327024836","1844.9.2","54412","B","","","0"
"2021","Forty Mile County No. 8, Alberta [CCS481001008]","2021S05024801008","Cows, beef","Number of animals","Number","223","units","0","v1327024858","1845.9.2","20957","B","","","0"
"2021","Special Area No. 2, Alberta [CCS481004004]","2021S05024804004","Cows, beef","Number of animals","Number","223","units","0","v1327024902","1847.9.2","58434","A","","","0"
"2021","Special Area No. 3, Alberta [CCS481004012]","2021S05024804012","Cows, beef","Number of animals","Number","223","units","0","v1327024924","1848.9.2","33453","A","","","0"
"2021","Special Area No. 4, Alberta [CCS481004020]","2021S05024804020","Cows, beef","Number of animals","Number","223","units","0","v1327024946","1849.9.2","35173","A","","","0"
"2021","Warner County No. 5, Alberta [CCS482002001]","2021S05024802001","Cows, beef","Number of animals","Number","223","units","0","v1327025012","1852.9.2","30932","B","","","0"
"2021","Lethbridge County, Alberta [CCS482002011]","2021S05024802011","Cows, beef","Number of animals","Number","223","units","0","v1327025034","1853.9.2","26109","C","","","0"
"2021","Taber, Alberta [CCS482002021]","2021S05024802021","Cows, beef","Number of animals","Number","223","units","0","v1327025056","1854.9.2","23489","B","","","0"
"2021","Newell County, Alberta [CCS482002031]","2021S05024802031","Cows, beef","Number of animals","Number","223","units","0","v1327025078","1855.9.2","56518","A","","","0"
"2021","Vulcan County, Alberta [CCS482005001]","2021S05024805001","Cows, beef","Number of animals","Number","223","units","0","v1327025122","1857.9.2","24169","B","","","0"
"2021","Wheatland County, Alberta [CCS482005012]","2021S05024805012","Cows, beef","Number of animals","Number","223","units","0","v1327025144","1858.9.2","32993","B","","","0"
"2021","Starland County, Alberta [CCS482005031]","2021S05024805031","Cows, beef","Number of animals","Number","223","units","0","v1327025166","1859.9.2","14410","C","","","0"
"2021","Kneehill County, Alberta [CCS482005041]","2021S05024805041","Cows, beef","Number of animals","Number","223","units","0","v1327025188","1860.9.2","27481","B","","","0"
"2021","Cardston County, Alberta [CCS483003001]","2021S05024803001","Cows, beef","Number of animals","Number","223","units","0","v1327025254","1863.9.2","35181","A","","","0"
"2021","Pincher Creek No. 9, Alberta [CCS483003011]","2021S05024803011","Cows, beef","Number of animals","Number","223","units","0","v1327025276","1864.9.2","34455","A","","","0"
"2021","Willow Creek No. 26, Alberta [CCS483003018]","2021S05024803018","Cows, beef","Number of animals","Number","223","units","0","v1327025298","1865.9.2","52248","A","","","0"
"2021","Foothills County, Alberta [CCS483006001]","2021S05024806001","Cows, beef","Number of animals","Number","223","units","0","v1327025342","1867.9.2","34355","B","","","0"
"2021","Rocky View County, Alberta [CCS483006014]","2021S05024806014","Cows, beef","Number of animals","Number","223","units","0","v1327025364","1868.9.2","41638","B","","","0"
"2021","Calgary, Alberta [CCS483006016]","2021S05024806016","Cows, beef","Number of animals","Number","223","units","0","v1327025386","1869.9.2","2721","E","","","0"
"2021","Mountain View County, Alberta [CCS483006028]","2021S05024806028","Cows, beef","Number of animals","Number","223","units","0","v1327025408","1870.9.2","48128","B","","","0"
"2021","Bighorn No. 8, Alberta [CCS483015015]","2021S05024815015","Cows, beef","Number of animals","Number","223","units","0","v1327025452","1872.9.2","","F","","","0"
"2021","Improvement District No. 12 Jasper Park, Alberta [CCS483015037]","2021S05024815037","Cows, beef","Number of animals","Number","223","units","0","v1327025474","1873.9.2","0","A","","","0"
"2021","Ranchland No. 66, Alberta [CCS483015045]","2021S05024815045","Cows, beef","Number of animals","Number","223","units","0","v1327025496","1874.9.2","4814","B","","","0"
"2021","Provost No. 52, Alberta [CCS484007001]","2021S05024807001","Cows, beef","Number of animals","Number","223","units","0","v1327025562","1877.9.2","35401","A","","","0"
"2021","Paintearth County No. 18, Alberta [CCS484007011]","2021S05024807011","Cows, beef","Number of animals","Number","223","units","0","v1327025584","1878.9.2","35794","A","","","0"
"2021","Stettler County No. 6, Alberta [CCS484007019]","2021S05024807019","Cows, beef","Number of animals","Number","223","units","0","v1327025606","1879.9.2","50216","A","","","0"
"2021","Flagstaff County, Alberta [CCS484007031]","2021S05024807031","Cows, beef","Number of animals","Number","223","units","0","v1327025628","1880.9.2","25072","B","","","0"
"2021","Wainwright No. 61, Alberta [CCS484007049]","2021S05024807049","Cows, beef","Number of animals","Number","223","units","0","v1327025650","1881.9.2","29448","A","","","0"
"2021","Camrose County, Alberta [CCS484110001]","2021S05024810001","Cows, beef","Number of animals","Number","223","units","0","v1327025716","1884.9.2","23897","B","","","0"
"2021","Beaver County, Alberta [CCS484110016]","2021S05024810016","Cows, beef","Number of animals","Number","223","units","0","v1327025738","1885.9.2","18938","B","","","0"
"2021","Minburn County No. 27, Alberta [CCS484110026]","2021S05024810026","Cows, beef","Number of animals","Number","223","units","0","v1327025760","1886.9.2","19595","B","","","0"
"2021","Vermilion River County, Alberta [CCS484110036]","2021S05024810036","Cows, beef","Number of animals","Number","223","units","0","v1327025782","1887.9.2","58217","A","","","0"
"2021","Two Hills County No. 21, Alberta [CCS484110048]","2021S05024810048","Cows, beef","Number of animals","Number","223","units","0","v1327025804","1888.9.2","22281","B","","","0"
"2021","Lamont County, Alberta [CCS484110058]","2021S05024810058","Cows, beef","Number of animals","Number","223","units","0","v1327025826","1889.9.2","13129","B","","","0"
"2021","Red Deer County, Alberta [CCS485008001]","2021S05024808001","Cows, beef","Number of animals","Number","223","units","0","v1327025892","1892.9.2","48371","B","","","0"
"2021","Lacombe County, Alberta [CCS485008022]","2021S05024808022","Cows, beef","Number of animals","Number","223","units","0","v1327025914","1893.9.2","33341","B","","","0"
"2021","Ponoka County, Alberta [CCS485008038]","2021S05024808038","Cows, beef","Number of animals","Number","223","units","0","v1327025936","1894.9.2","45782","B","","","0"
"2021","Clearwater County, Alberta [CCS485009002]","2021S05024809002","Cows, beef","Number of animals","Number","223","units","0","v1327025980","1896.9.2","29980","B","","","0"
"2021","Wetaskiwin County No. 10, Alberta [CCS485011001]","2021S05024811001","Cows, beef","Number of animals","Number","223","units","0","v1327026024","1898.9.2","26230","A","","","0"
"2021","Leduc County, Alberta [CCS485011012]","2021S05024811012","Cows, beef","Number of animals","Number","223","units","0","v1327026046","1899.9.2","20481","B","","","0"
"2021","Brazeau County, Alberta [CCS485011032]","2021S05024811032","Cows, beef","Number of animals","Number","223","units","0","v1327026068","1900.9.2","12200","B","","","0"
"2021","Parkland County, Alberta [CCS485011034]","2021S05024811034","Cows, beef","Number of animals","Number","223","units","0","v1327026090","1901.9.2","19869","B","","","0"
"2021","Strathcona County, Alberta [CCS485011052]","2021S05024811052","Cows, beef","Number of animals","Number","223","units","0","v1327026112","1902.9.2","6139","D","","","0"
"2021","Sturgeon County, Alberta [CCS485011059]","2021S05024811059","Cows, beef","Number of animals","Number","223","units","0","v1327026134","1903.9.2","11959","C","","","0"
"2021","Edmonton, Alberta [CCS485011061]","2021S05024811061","Cows, beef","Number of animals","Number","223","units","0","v1327026156","1904.9.2","1541","E","","","0"
"2021","Bonnyville No. 87, Alberta [CCS486012004]","2021S05024812004","Cows, beef","Number of animals","Number","223","units","0","v1327026222","1907.9.2","28752","B","","","0"
"2021","St. Paul County No. 19, Alberta [CCS486012014]","2021S05024812014","Cows, beef","Number of animals","Number","223","units","0","v1327026244","1908.9.2","39553","A","","","0"
"2021","Smoky Lake County, Alberta [CCS486012022]","2021S05024812022","Cows, beef","Number of animals","Number","223","units","0","v1327026266","1909.9.2","19160","B","","","0"
"2021","Lac la Biche County, Alberta [CCS486012037]","2021S05024812037","Cows, beef","Number of animals","Number","223","units","0","v1327026288","1910.9.2","10122","C","","","0"
"2021","Lac Ste. Anne County, Alberta [CCS486013001]","2021S05024813001","Cows, beef","Number of animals","Number","223","units","0","v1327026332","1912.9.2","31398","B","","","0"
"2021","Barrhead County No. 11, Alberta [CCS486013018]","2021S05024813018","Cows, beef","Number of animals","Number","223","units","0","v1327026354","1913.9.2","24537","B","","","0"
"2021","Westlock County, Alberta [CCS486013028]","2021S05024813028","Cows, beef","Number of animals","Number","223","units","0","v1327026376","1914.9.2","27517","B","","","0"
"2021","Woodlands County, Alberta [CCS486013029]","2021S05024813029","Cows, beef","Number of animals","Number","223","units","0","v1327026398","1915.9.2","8460","B","","","0"
"2021","Thorhild County, Alberta [CCS486013036]","2021S05024813036","Cows, beef","Number of animals","Number","223","units","0","v1327026420","1916.9.2","9637","D","","","0"
"2021","Athabasca County, Alberta [CCS486013044]","2021S05024813044","Cows, beef","Number of animals","Number","223","units","0","v1327026442","1917.9.2","22035","B","","","0"
"2021","Yellowhead County, Alberta [CCS486014003]","2021S05024814003","Cows, beef","Number of animals","Number","223","units","0","v1327026486","1919.9.2","18073","A","","","0"
"2021","Wood Buffalo, Alberta [CCS486016037]","2021S05024816037","Cows, beef","Number of animals","Number","223","units","0","v1327026530","1921.9.2","0","A","","","0"
"2021","Improvement District No. 24 Wood Buffalo, Alberta [CCS486016051]","2021S05024816051","Cows, beef","Number of animals","Number","223","units","0","v1327026552","1922.9.2","0","A","","","0"
"2021","Northern Sunrise County, Alberta [CCS487017026]","2021S05024817026","Cows, beef","Number of animals","Number","223","units","0","v1327026618","1925.9.2","3084","D","","","0"
"2021","Big Lakes County, Alberta [CCS487017027]","2021S05024817027","Cows, beef","Number of animals","Number","223","units","0","v1327026640","1926.9.2","14121","A","","","0"
"2021","Lesser Slave River No. 124, Alberta [CCS487017033]","2021S05024817033","Cows, beef","Number of animals","Number","223","units","0","v1327026662","1927.9.2","5031","B","","","0"
"2021","Clear Hills, Alberta [CCS487017062]","2021S05024817062","Cows, beef","Number of animals","Number","223","units","0","v1327026684","1928.9.2","17012","B","","","0"
"2021","Northern Lights County, Alberta [CCS487017076]","2021S05024817076","Cows, beef","Number of animals","Number","223","units","0","v1327026706","1929.9.2","11017","B","","","0"
"2021","Mackenzie County, Alberta [CCS487017095]","2021S05024817095","Cows, beef","Number of animals","Number","223","units","0","v1327026728","1930.9.2","9304","C","","","0"
"2021","Greenview No. 16, Alberta [CCS487018015]","2021S05024818015","Cows, beef","Number of animals","Number","223","units","0","v1327026772","1932.9.2","21764","A","","","0"
"2021","Grande Prairie County No. 1, Alberta [CCS487019006]","2021S05024819006","Cows, beef","Number of animals","Number","223","units","0","v1327026816","1934.9.2","30472","A","","","0"
"2021","Smoky River No. 130, Alberta [CCS487019041]","2021S05024819041","Cows, beef","Number of animals","Number","223","units","0","v1327026838","1935.9.2","4954","C","","","0"
"2021","Birch Hills County, Alberta [CCS487019049]","2021S05024819049","Cows, beef","Number of animals","Number","223","units","0","v1327026860","1936.9.2","3840","C","","","0"
"2021","Spirit River No. 133, Alberta [CCS487019054]","2021S05024819054","Cows, beef","Number of animals","Number","223","units","0","v1327026882","1937.9.2","3209","C","","","0"
"2021","Saddle Hills County, Alberta [CCS487019059]","2021S05024819059","Cows, beef","Number of animals","Number","223","units","0","v1327026904","1938.9.2","11502","A","","","0"
"2021","Fairview No. 136, Alberta [CCS487019066]","2021S05024819066","Cows, beef","Number of animals","Number","223","units","0","v1327026926","1939.9.2","2363","D","","","0"
"2021","Peace No. 135, Alberta [CCS487019071]","2021S05024819071","Cows, beef","Number of animals","Number","223","units","0","v1327026948","1940.9.2","5642","C","","","0"
"2021","British Columbia [PR590000000]","2021A000259","Cows, beef","Number of animals","Number","223","units","0","v1327026970","1941.9.2","194831","A","","","0"
"2021","North Saanich, British Columbia [CCS590117005]","2021S05025917005","Cows, beef","Number of animals","Number","223","units","0","v1327027036","1944.9.2","","F","","","0"
"2021","Central Saanich, British Columbia [CCS590117015]","2021S05025917015","Cows, beef","Number of animals","Number","223","units","0","v1327027058","1945.9.2","","F","","","0"
"2021","Saanich, British Columbia [CCS590117021]","2021S05025917021","Cows, beef","Number of animals","Number","223","units","0","v1327027080","1946.9.2","","F","","","0"
"2021","Saltspring Island, British Columbia [CCS590117027]","2021S05025917027","Cows, beef","Number of animals","Number","223","units","0","v1327027102","1947.9.2","","F","","","0"
"2021","Southern Gulf Islands, British Columbia [CCS590117029]","2021S05025917029","Cows, beef","Number of animals","Number","223","units","0","v1327027124","1948.9.2","","F","","","0"
"2021","Juan de Fuca (Part 2), British Columbia [CCS590117056]","2021S05025917056","Cows, beef","Number of animals","Number","223","units","0","v1327027146","1949.9.2","","F","","","0"
"2021","North Cowichan, British Columbia [CCS590119008]","2021S05025919008","Cows, beef","Number of animals","Number","223","units","0","v1327027190","1951.9.2","","F","","","0"
"2021","Cowichan Valley G, British Columbia [CCS590119015]","2021S05025919015","Cows, beef","Number of animals","Number","223","units","0","v1327027212","1952.9.2","","F","","","0"
"2021","Cowichan Valley F, British Columbia [CCS590119033]","2021S05025919033","Cows, beef","Number of animals","Number","223","units","0","v1327027234","1953.9.2","","F","","","0"
"2021","Cowichan Valley B, British Columbia [CCS590119046]","2021S05025919046","Cows, beef","Number of animals","Number","223","units","0","v1327027256","1954.9.2","","F","","","0"
"2021","Nanaimo, British Columbia [CCS590121007]","2021S05025921007","Cows, beef","Number of animals","Number","223","units","0","v1327027300","1956.9.2","","F","","","0"
"2021","Nanaimo C, British Columbia [CCS590121016]","2021S05025921016","Cows, beef","Number of animals","Number","223","units","0","v1327027322","1957.9.2","","F","","","0"
"2021","Nanaimo E, British Columbia [CCS590121030]","2021S05025921030","Cows, beef","Number of animals","Number","223","units","0","v1327027344","1958.9.2","","F","","","0"
"2021","Nanaimo F, British Columbia [CCS590121032]","2021S05025921032","Cows, beef","Number of animals","Number","223","units","0","v1327027366","1959.9.2","","F","","","0"
"2021","Nanaimo G, British Columbia [CCS590121034]","2021S05025921034","Cows, beef","Number of animals","Number","223","units","0","v1327027388","1960.9.2","","F","","","0"
"2021","Nanaimo H, British Columbia [CCS590121036]","2021S05025921036","Cows, beef","Number of animals","Number","223","units","0","v1327027410","1961.9.2","","F","","","0"
"2021","Alberni-Clayoquot B, British Columbia [CCS590123033]","2021S05025923033","Cows, beef","Number of animals","Number","223","units","0","v1327027454","1963.9.2","","F","","","0"
"2021","Alberni-Clayoquot D, British Columbia [CCS590123035]","2021S05025923035","Cows, beef","Number of animals","Number","223","units","0","v1327027476","1964.9.2","","F","","","0"
"2021","Alberni-Clayoquot F, British Columbia [CCS590123039]","2021S05025923039","Cows, beef","Number of animals","Number","223","units","0","v1327027498","1965.9.2","","F","","","0"
"2021","Alberni-Clayoquot A, British Columbia [CCS590123047]","2021S05025923047","Cows, beef","Number of animals","Number","223","units","0","v1327027520","1966.9.2","0","A","","","0"
"2021","Strathcona D (Oyster Bay - Buttle Lake), British Columbia [CCS590124042]","2021S05025924042","Cows, beef","Number of animals","Number","223","units","0","v1327027564","1968.9.2","","F","","","0"
"2021","Strathcona C, British Columbia [CCS590124054]","2021S05025924054","Cows, beef","Number of animals","Number","223","units","0","v1327027586","1969.9.2","0","A","","","0"
"2021","Comox Valley A, British Columbia [CCS590126021]","2021S05025926021","Cows, beef","Number of animals","Number","223","units","0","v1327027630","1971.9.2","","F","","","0"
"2021","Comox Valley B (Lazo North), British Columbia [CCS590126022]","2021S05025926022","Cows, beef","Number of animals","Number","223","units","0","v1327027652","1972.9.2","","F","","","0"
"2021","Comox Valley C (Puntledge - Black Creek), British Columbia [CCS590126024]","2021S05025926024","Cows, beef","Number of animals","Number","223","units","0","v1327027674","1973.9.2","","F","","","0"
"2021","qathet A, British Columbia [CCS590127010]","2021S05025927010","Cows, beef","Number of animals","Number","223","units","0","v1327027718","1975.9.2","","F","","","0"
"2021","qathet C, British Columbia [CCS590127016]","2021S05025927016","Cows, beef","Number of animals","Number","223","units","0","v1327027740","1976.9.2","","F","","","0"
"2021","qathet E, British Columbia [CCS590127020]","2021S05025927020","Cows, beef","Number of animals","Number","223","units","0","v1327027762","1977.9.2","","F","","","0"
"2021","Mount Waddington C, British Columbia [CCS590143031]","2021S05025943031","Cows, beef","Number of animals","Number","223","units","0","v1327027806","1979.9.2","0","A","","","0"
"2021","Central Coast A, British Columbia [CCS590145006]","2021S05025945006","Cows, beef","Number of animals","Number","223","units","0","v1327027850","1981.9.2","","F","","","0"
"2021","Fraser Valley B, British Columbia [CCS590209016]","2021S05025909016","Cows, beef","Number of animals","Number","223","units","0","v1327027916","1984.9.2","177","D","","","0"
"2021","Fraser Valley D, British Columbia [CCS590209034]","2021S05025909034","Cows, beef","Number of animals","Number","223","units","0","v1327027938","1985.9.2","306","D","","","0"
"2021","Fraser Valley E, British Columbia [CCS590209036]","2021S05025909036","Cows, beef","Number of animals","Number","223","units","0","v1327027960","1986.9.2","1232","C","","","0"
"2021","Abbotsford, British Columbia [CCS590209052]","2021S05025909052","Cows, beef","Number of animals","Number","223","units","0","v1327027982","1987.9.2","751","E","","","0"
"2021","Fraser Valley F, British Columbia [CCS590209060]","2021S05025909060","Cows, beef","Number of animals","Number","223","units","0","v1327028004","1988.9.2","","F","","","0"
"2021","Fraser Valley G, British Columbia [CCS590209062]","2021S05025909062","Cows, beef","Number of animals","Number","223","units","0","v1327028026","1989.9.2","","F","","","0"
"2021","Langley, British Columbia [CCS590215001]","2021S05025915001","Cows, beef","Number of animals","Number","223","units","0","v1327028070","1991.9.2","665","D","","","0"
"2021","Surrey, British Columbia [CCS590215004]","2021S05025915004","Cows, beef","Number of animals","Number","223","units","0","v1327028092","1992.9.2","","F","","","0"
"2021","Delta, British Columbia [CCS590215011]","2021S05025915011","Cows, beef","Number of animals","Number","223","units","0","v1327028114","1993.9.2","","F","","","0"
"2021","Richmond, British Columbia [CCS590215015]","2021S05025915015","Cows, beef","Number of animals","Number","223","units","0","v1327028136","1994.9.2","","F","","","0"
"2021","Metro Vancouver A, British Columbia [CCS590215020]","2021S05025915020","Cows, beef","Number of animals","Number","223","units","0","v1327028158","1995.9.2","","F","","","0"
"2021","Vancouver, British Columbia [CCS590215022]","2021S05025915022","Cows, beef","Number of animals","Number","223","units","0","v1327028180","1996.9.2","0","A","","","0"
"2021","Burnaby, British Columbia [CCS590215025]","2021S05025915025","Cows, beef","Number of animals","Number","223","units","0","v1327028202","1997.9.2","","F","","","0"
"2021","Pitt Meadows, British Columbia [CCS590215070]","2021S05025915070","Cows, beef","Number of animals","Number","223","units","0","v1327028224","1998.9.2","","F","","","0"
"2021","Maple Ridge, British Columbia [CCS590215075]","2021S05025915075","Cows, beef","Number of animals","Number","223","units","0","v1327028246","1999.9.2","","F","","","0"
"2021","Sunshine Coast A, British Columbia [CCS590229018]","2021S05025929018","Cows, beef","Number of animals","Number","223","units","0","v1327028290","2001.9.2","","F","","","0"
"2021","Squamish-Lillooet C, British Columbia [CCS590231017]","2021S05025931017","Cows, beef","Number of animals","Number","223","units","0","v1327028334","2003.9.2","","F","","","0"
"2021","Squamish-Lillooet B, British Columbia [CCS590231034]","2021S05025931034","Cows, beef","Number of animals","Number","223","units","0","v1327028356","2004.9.2","920","E","","","0"
"2021","Okanagan-Similkameen A, British Columbia [CCS590307022]","2021S05025907022","Cows, beef","Number of animals","Number","223","units","0","v1327028422","2007.9.2","","F","","","0"
"2021","Okanagan-Similkameen B, British Columbia [CCS590307026]","2021S05025907026","Cows, beef","Number of animals","Number","223","units","0","v1327028444","2008.9.2","1257","B","","","0"
"2021","Okanagan-Similkameen C, British Columbia [CCS590307028]","2021S05025907028","Cows, beef","Number of animals","Number","223","units","0","v1327028466","2009.9.2","","F","","","0"
"2021","Okanagan-Similkameen D, British Columbia [CCS590307047]","2021S05025907047","Cows, beef","Number of animals","Number","223","units","0","v1327028488","2010.9.2","1033","D","","","0"
"2021","Okanagan-Similkameen E, British Columbia [CCS590307049]","2021S05025907049","Cows, beef","Number of animals","Number","223","units","0","v1327028510","2011.9.2","","F","","","0"
"2021","Okanagan-Similkameen F, British Columbia [CCS590307051]","2021S05025907051","Cows, beef","Number of animals","Number","223","units","0","v1327028532","2012.9.2","414","E","","","0"
"2021","Okanagan-Similkameen G, British Columbia [CCS590307053]","2021S05025907053","Cows, beef","Number of animals","Number","223","units","0","v1327028554","2013.9.2","1583","C","","","0"
"2021","Okanagan-Similkameen H, British Columbia [CCS590307055]","2021S05025907055","Cows, beef","Number of animals","Number","223","units","0","v1327028576","2014.9.2","1453","C","","","0"
"2021","Thompson-Nicola M (Beautiful Nicola Valley - North), British Columbia [CCS590333008]","2021S05025933008","Cows, beef","Number of animals","Number","223","units","0","v1327028620","2016.9.2","12114","C","","","0"
"2021","Thompson-Nicola N (Beautiful Nicola Valley - South), British Columbia [CCS590333012]","2021S05025933012","Cows, beef","Number of animals","Number","223","units","0","v1327028642","2017.9.2","1962","D","","","0"
"2021","Thompson-Nicola E (Bonaparte Plateau), British Columbia [CCS590333032]","2021S05025933032","Cows, beef","Number of animals","Number","223","units","0","v1327028664","2018.9.2","2575","D","","","0"
"2021","Thompson-Nicola I (Blue Sky Country), British Columbia [CCS590333037]","2021S05025933037","Cows, beef","Number of animals","Number","223","units","0","v1327028686","2019.9.2","1548","E","","","0"
"2021","Thompson-Nicola J (Copper Desert Country), British Columbia [CCS590333039]","2021S05025933039","Cows, beef","Number of animals","Number","223","units","0","v1327028708","2020.9.2","3150","B","","","0"
"2021","Thompson-Nicola P (Rivers and the Peaks), British Columbia [CCS590333044]","2021S05025933044","Cows, beef","Number of animals","Number","223","units","0","v1327028730","2021.9.2","6541","B","","","0"
"2021","Thompson-Nicola L (Grasslands), British Columbia [CCS590333060]","2021S05025933060","Cows, beef","Number of animals","Number","223","units","0","v1327028752","2022.9.2","6191","B","","","0"
"2021","Thompson-Nicola A (Wells Gray Country), British Columbia [CCS590333068]","2021S05025933068","Cows, beef","Number of animals","Number","223","units","0","v1327028774","2023.9.2","","F","","","0"
"2021","Thompson-Nicola B (Thompson Headwaters), British Columbia [CCS590333070]","2021S05025933070","Cows, beef","Number of animals","Number","223","units","0","v1327028796","2024.9.2","0","A","","","0"
"2021","Thompson-Nicola O (Lower North Thompson), British Columbia [CCS590333072]","2021S05025933072","Cows, beef","Number of animals","Number","223","units","0","v1327028818","2025.9.2","4325","B","","","0"
"2021","Central Okanagan, British Columbia [CCS590335012]","2021S05025935012","Cows, beef","Number of animals","Number","223","units","0","v1327028862","2027.9.2","1339","E","","","0"
"2021","Central Okanagan West, British Columbia [CCS590335020]","2021S05025935020","Cows, beef","Number of animals","Number","223","units","0","v1327028884","2028.9.2","","F","","","0"
"2021","North Okanagan B, British Columbia [CCS590337017]","2021S05025937017","Cows, beef","Number of animals","Number","223","units","0","v1327028928","2030.9.2","2672","B","","","0"
"2021","North Okanagan D, British Columbia [CCS590337022]","2021S05025937022","Cows, beef","Number of animals","Number","223","units","0","v1327028950","2031.9.2","2155","B","","","0"
"2021","North Okanagan E, British Columbia [CCS590337023]","2021S05025937023","Cows, beef","Number of animals","Number","223","units","0","v1327028972","2032.9.2","267","E","","","0"
"2021","Spallumcheen, British Columbia [CCS590337024]","2021S05025937024","Cows, beef","Number of animals","Number","223","units","0","v1327028994","2033.9.2","1042","E","","","0"
"2021","North Okanagan F, British Columbia [CCS590337041]","2021S05025937041","Cows, beef","Number of animals","Number","223","units","0","v1327029016","2034.9.2","","F","","","0"
"2021","Columbia-Shuswap A, British Columbia [CCS590339011]","2021S05025939011","Cows, beef","Number of animals","Number","223","units","0","v1327029060","2036.9.2","370","C","","","0"
"2021","Columbia-Shuswap C, British Columbia [CCS590339037]","2021S05025939037","Cows, beef","Number of animals","Number","223","units","0","v1327029082","2037.9.2","605","D","","","0"
"2021","Columbia-Shuswap D, British Columbia [CCS590339039]","2021S05025939039","Cows, beef","Number of animals","Number","223","units","0","v1327029104","2038.9.2","1572","D","","","0"
"2021","Columbia-Shuswap E, British Columbia [CCS590339043]","2021S05025939043","Cows, beef","Number of animals","Number","223","units","0","v1327029126","2039.9.2","251","D","","","0"
"2021","Columbia-Shuswap F, British Columbia [CCS590339044]","2021S05025939044","Cows, beef","Number of animals","Number","223","units","0","v1327029148","2040.9.2","246","E","","","0"
"2021","East Kootenay A, British Columbia [CCS590401017]","2021S05025901017","Cows, beef","Number of animals","Number","223","units","0","v1327029214","2043.9.2","229","E","","","0"
"2021","East Kootenay B, British Columbia [CCS590401019]","2021S05025901019","Cows, beef","Number of animals","Number","223","units","0","v1327029236","2044.9.2","1176","C","","","0"
"2021","East Kootenay C, British Columbia [CCS590401035]","2021S05025901035","Cows, beef","Number of animals","Number","223","units","0","v1327029258","2045.9.2","3792","B","","","0"
"2021","East Kootenay E, British Columbia [CCS590401037]","2021S05025901037","Cows, beef","Number of animals","Number","223","units","0","v1327029280","2046.9.2","639","C","","","0"
"2021","East Kootenay F, British Columbia [CCS590401046]","2021S05025901046","Cows, beef","Number of animals","Number","223","units","0","v1327029302","2047.9.2","974","B","","","0"
"2021","East Kootenay G, British Columbia [CCS590401048]","2021S05025901048","Cows, beef","Number of animals","Number","223","units","0","v1327029324","2048.9.2","902","B","","","0"
"2021","Central Kootenay A, British Columbia [CCS590403010]","2021S05025903010","Cows, beef","Number of animals","Number","223","units","0","v1327029368","2050.9.2","","F","","","0"
"2021","Central Kootenay B, British Columbia [CCS590403013]","2021S05025903013","Cows, beef","Number of animals","Number","223","units","0","v1327029390","2051.9.2","519","E","","","0"
"2021","Central Kootenay C, British Columbia [CCS590403017]","2021S05025903017","Cows, beef","Number of animals","Number","223","units","0","v1327029412","2052.9.2","554","D","","","0"
"2021","Central Kootenay D, British Columbia [CCS590403039]","2021S05025903039","Cows, beef","Number of animals","Number","223","units","0","v1327029434","2053.9.2","","F","","","0"
"2021","Central Kootenay E, British Columbia [CCS590403041]","2021S05025903041","Cows, beef","Number of animals","Number","223","units","0","v1327029456","2054.9.2","","F","","","0"
"2021","Central Kootenay G, British Columbia [CCS590403047]","2021S05025903047","Cows, beef","Number of animals","Number","223","units","0","v1327029478","2055.9.2","","F","","","0"
"2021","Central Kootenay H, British Columbia [CCS590403052]","2021S05025903052","Cows, beef","Number of animals","Number","223","units","0","v1327029500","2056.9.2","","F","","","0"
"2021","Central Kootenay J, British Columbia [CCS590403058]","2021S05025903058","Cows, beef","Number of animals","Number","223","units","0","v1327029522","2057.9.2","349","E","","","0"
"2021","Central Kootenay K, British Columbia [CCS590403060]","2021S05025903060","Cows, beef","Number of animals","Number","223","units","0","v1327029544","2058.9.2","","F","","","0"
"2021","Kootenay Boundary B / Lower Columbia-Old-Glory, British Columbia [CCS590405030]","2021S05025905030","Cows, beef","Number of animals","Number","223","units","0","v1327029588","2060.9.2","","F","","","0"
"2021","Kootenay Boundary D / Rural Grand Forks, British Columbia [CCS590405052]","2021S05025905052","Cows, beef","Number of animals","Number","223","units","0","v1327029610","2061.9.2","692","D","","","0"
"2021","Kootenay Boundary E / West Boundary, British Columbia [CCS590405054]","2021S05025905054","Cows, beef","Number of animals","Number","223","units","0","v1327029632","2062.9.2","2324","C","","","0"
"2021","Cariboo D, British Columbia [CCS590541010]","2021S05025941010","Cows, beef","Number of animals","Number","223","units","0","v1327029698","2065.9.2","3200","D","","","0"
"2021","Cariboo E, British Columbia [CCS590541012]","2021S05025941012","Cows, beef","Number of animals","Number","223","units","0","v1327029720","2066.9.2","1083","C","","","0"
"2021","Cariboo F, British Columbia [CCS590541014]","2021S05025941014","Cows, beef","Number of animals","Number","223","units","0","v1327029742","2067.9.2","6132","B","","","0"
"2021","Cariboo G, British Columbia [CCS590541015]","2021S05025941015","Cows, beef","Number of animals","Number","223","units","0","v1327029764","2068.9.2","947","D","","","0"
"2021","Cariboo H, British Columbia [CCS590541016]","2021S05025941016","Cows, beef","Number of animals","Number","223","units","0","v1327029786","2069.9.2","1302","D","","","0"
"2021","Cariboo L, British Columbia [CCS590541017]","2021S05025941017","Cows, beef","Number of animals","Number","223","units","0","v1327029808","2070.9.2","1476","E","","","0"
"2021","Cariboo A, British Columbia [CCS590541019]","2021S05025941019","Cows, beef","Number of animals","Number","223","units","0","v1327029830","2071.9.2","3707","C","","","0"
"2021","Cariboo B, British Columbia [CCS590541021]","2021S05025941021","Cows, beef","Number of animals","Number","223","units","0","v1327029852","2072.9.2","1465","E","","","0"
"2021","Cariboo C, British Columbia [CCS590541026]","2021S05025941026","Cows, beef","Number of animals","Number","223","units","0","v1327029874","2073.9.2","","F","","","0"
"2021","Cariboo I, British Columbia [CCS590541027]","2021S05025941027","Cows, beef","Number of animals","Number","223","units","0","v1327029896","2074.9.2","3135","C","","","0"
"2021","Cariboo J, British Columbia [CCS590541039]","2021S05025941039","Cows, beef","Number of animals","Number","223","units","0","v1327029918","2075.9.2","2109","C","","","0"
"2021","Cariboo K, British Columbia [CCS590541041]","2021S05025941041","Cows, beef","Number of animals","Number","223","units","0","v1327029940","2076.9.2","9080","A","","","0"
"2021","Fraser-Fort George H, British Columbia [CCS590553019]","2021S05025953019","Cows, beef","Number of animals","Number","223","units","0","v1327029984","2078.9.2","1947","B","","","0"
"2021","Fraser-Fort George A, British Columbia [CCS590553038]","2021S05025953038","Cows, beef","Number of animals","Number","223","units","0","v1327030006","2079.9.2","1284","C","","","0"
"2021","Fraser-Fort George C, British Columbia [CCS590553042]","2021S05025953042","Cows, beef","Number of animals","Number","223","units","0","v1327030028","2080.9.2","2457","B","","","0"
"2021","Fraser-Fort George D, British Columbia [CCS590553044]","2021S05025953044","Cows, beef","Number of animals","Number","223","units","0","v1327030050","2081.9.2","470","E","","","0"
"2021","Fraser-Fort George E, British Columbia [CCS590553046]","2021S05025953046","Cows, beef","Number of animals","Number","223","units","0","v1327030072","2082.9.2","495","A","","","0"
"2021","Fraser-Fort George F, British Columbia [CCS590553048]","2021S05025953048","Cows, beef","Number of animals","Number","223","units","0","v1327030094","2083.9.2","1157","B","","","0"
"2021","North Coast C, British Columbia [CCS590647021]","2021S05025947021","Cows, beef","Number of animals","Number","223","units","0","v1327030160","2086.9.2","0","A","","","0"
"2021","North Coast D, British Columbia [CCS590647027]","2021S05025947027","Cows, beef","Number of animals","Number","223","units","0","v1327030182","2087.9.2","50","B","","","0"
"2021","North Coast E, British Columbia [CCS590647032]","2021S05025947032","Cows, beef","Number of animals","Number","223","units","0","v1327030204","2088.9.2","0","A","","","0"
"2021","Kitimat-Stikine C (Part 1), British Columbia [CCS590649013]","2021S05025949013","Cows, beef","Number of animals","Number","223","units","0","v1327030248","2090.9.2","","F","","","0"
"2021","Kitimat-Stikine B, British Columbia [CCS590649028]","2021S05025949028","Cows, beef","Number of animals","Number","223","units","0","v1327030270","2091.9.2","","F","","","0"
"2021","Bulkley-Nechako C, British Columbia [CCS590751015]","2021S05025951015","Cows, beef","Number of animals","Number","223","units","0","v1327030336","2094.9.2","","F","","","0"
"2021","Bulkley-Nechako D, British Columbia [CCS590751017]","2021S05025951017","Cows, beef","Number of animals","Number","223","units","0","v1327030358","2095.9.2","2011","D","","","0"
"2021","Bulkley-Nechako F, British Columbia [CCS590751019]","2021S05025951019","Cows, beef","Number of animals","Number","223","units","0","v1327030380","2096.9.2","9710","B","","","0"
"2021","Bulkley-Nechako B, British Columbia [CCS590751028]","2021S05025951028","Cows, beef","Number of animals","Number","223","units","0","v1327030402","2097.9.2","691","E","","","0"
"2021","Bulkley-Nechako E, British Columbia [CCS590751031]","2021S05025951031","Cows, beef","Number of animals","Number","223","units","0","v1327030424","2098.9.2","3429","C","","","0"
"2021","Bulkley-Nechako A, British Columbia [CCS590751051]","2021S05025951051","Cows, beef","Number of animals","Number","223","units","0","v1327030446","2099.9.2","4322","B","","","0"
"2021","Bulkley-Nechako G, British Columbia [CCS590751053]","2021S05025951053","Cows, beef","Number of animals","Number","223","units","0","v1327030468","2100.9.2","2154","C","","","0"
"2021","Stikine Region, British Columbia [CCS590757022]","2021S05025957022","Cows, beef","Number of animals","Number","223","units","0","v1327030512","2102.9.2","0","A","","","0"
"2021","Peace River D, British Columbia [CCS590855021]","2021S05025955021","Cows, beef","Number of animals","Number","223","units","0","v1327030578","2105.9.2","15243","B","","","0"
"2021","Peace River E, British Columbia [CCS590855023]","2021S05025955023","Cows, beef","Number of animals","Number","223","units","0","v1327030600","2106.9.2","10778","B","","","0"
"2021","Peace River B, British Columbia [CCS590855040]","2021S05025955040","Cows, beef","Number of animals","Number","223","units","0","v1327030622","2107.9.2","22265","B","","","0"
"2021","Peace River C, British Columbia [CCS590855042]","2021S05025955042","Cows, beef","Number of animals","Number","223","units","0","v1327030644","2108.9.2","4849","D","","","0"
"2021","Northern Rockies, British Columbia [CCS590859007]","2021S05025959007","Cows, beef","Number of animals","Number","223","units","0","v1327030688","2110.9.2","","F","","","0"
"2021","Yukon [600000000]","2021A000260","Cows, beef","Number of animals","Number","223","units","0","v1327030710","2111.9.2","","F","","","0"
"2021","Northwest Territories [610000000]","2021A000261","Cows, beef","Number of animals","Number","223","units","0","v1327030732","2112.9.2","0","A","","","0"
"2021","Nunavut [620000000]","2021A000262","Cows, beef","Number of animals","Number","223","units","0","v1327030754","2113.9.2","0","A","","","0"
