"REF_DATE","GEO","DGUID","Land use","Unit of measure","UOM","UOM_ID","SCALAR_FACTOR","SCALAR_ID","VECTOR","COORDINATE","VALUE","STATUS","SYMBOL","TERMINATED","DECIMALS"
"2021","Canada [000000000]","2021A000011124","Tame or seeded pasture","Hectares","Number","223","units","0","v1326597219","1.7.3","4828538","A","","","0"
"2021","Canada [000000000]","2021A000011124","Natural land for pasture","Hectares","Number","223","units","0","v1326597222","1.8.3","13731114","A","","","0"
"2021","Newfoundland and Labrador [PR100000000]","2021A000210","Tame or seeded pasture","Hectares","Number","223","units","0","v1326597252","2.7.3","","F","","","0"
"2021","Newfoundland and Labrador [PR100000000]","2021A000210","Natural land for pasture","Hectares","Number","223","units","0","v1326597255","2.8.3","","F","","","0"
"2021","Division No.  1, Subd. C, Newfoundland and Labrador [CCS100101214]","2021S05021001214","Tame or seeded pasture","Hectares","Number","223","units","0","v1326597351","5.7.3","259","D","","","0"
"2021","Division No.  1, Subd. C, Newfoundland and Labrador [CCS100101214]","2021S05021001214","Natural land for pasture","Hectares","Number","223","units","0","v1326597354","5.8.3","1644","D","","","0"
"2021","Division No.  1, Subd. A, Newfoundland and Labrador [CCS100101259]","2021S05021001259","Tame or seeded pasture","Hectares","Number","223","units","0","v1326597384","6.7.3","0","A","","","0"
"2021","Division No.  1, Subd. A, Newfoundland and Labrador [CCS100101259]","2021S05021001259","Natural land for pasture","Hectares","Number","223","units","0","v1326597387","6.8.3","","F","","","0"
"2021","Division No.  1, Subd. E, Newfoundland and Labrador [CCS100101304]","2021S05021001304","Tame or seeded pasture","Hectares","Number","223","units","0","v1326597417","7.7.3","","F","","","0"
"2021","Division No.  1, Subd. E, Newfoundland and Labrador [CCS100101304]","2021S05021001304","Natural land for pasture","Hectares","Number","223","units","0","v1326597420","7.8.3","","F","","","0"
"2021","Division No.  1, Subd. H, Newfoundland and Labrador [CCS100101357]","2021S05021001357","Tame or seeded pasture","Hectares","Number","223","units","0","v1326597450","8.7.3","0","A","","","0"
"2021","Division No.  1, Subd. H, Newfoundland and Labrador [CCS100101357]","2021S05021001357","Natural land for pasture","Hectares","Number","223","units","0","v1326597453","8.8.3","","F","","","0"
"2021","Holyrood, Newfoundland and Labrador [CCS100101472]","2021S05021001472","Tame or seeded pasture","Hectares","Number","223","units","0","v1326597483","9.7.3","53","E","","","0"
"2021","Holyrood, Newfoundland and Labrador [CCS100101472]","2021S05021001472","Natural land for pasture","Hectares","Number","223","units","0","v1326597486","9.8.3","490","D","","","0"
"2021","St. John's, Newfoundland and Labrador [CCS100101519]","2021S05021001519","Tame or seeded pasture","Hectares","Number","223","units","0","v1326597516","10.7.3","","F","","","0"
"2021","St. John's, Newfoundland and Labrador [CCS100101519]","2021S05021001519","Natural land for pasture","Hectares","Number","223","units","0","v1326597519","10.8.3","","F","","","0"
"2021","Division No.  2, Subd. E, Newfoundland and Labrador [CCS100102001]","2021S05021002001","Tame or seeded pasture","Hectares","Number","223","units","0","v1326597582","12.7.3","","F","","","0"
"2021","Division No.  2, Subd. E, Newfoundland and Labrador [CCS100102001]","2021S05021002001","Natural land for pasture","Hectares","Number","223","units","0","v1326597585","12.8.3","0","A","","","0"
"2021","Division No.  3, Subd. A, Newfoundland and Labrador [CCS100203001]","2021S05021003001","Tame or seeded pasture","Hectares","Number","223","units","0","v1326597681","15.7.3","0","A","","","0"
"2021","Division No.  3, Subd. A, Newfoundland and Labrador [CCS100203001]","2021S05021003001","Natural land for pasture","Hectares","Number","223","units","0","v1326597684","15.8.3","0","A","","","0"
"2021","Division No.  6, Subd. C, Newfoundland and Labrador [CCS100206014]","2021S05021006014","Tame or seeded pasture","Hectares","Number","223","units","0","v1326597747","17.7.3","46","D","","","0"
"2021","Division No.  6, Subd. C, Newfoundland and Labrador [CCS100206014]","2021S05021006014","Natural land for pasture","Hectares","Number","223","units","0","v1326597750","17.8.3","","F","","","0"
"2021","Division No.  7, Subd. F, Newfoundland and Labrador [CCS100207028]","2021S05021007028","Tame or seeded pasture","Hectares","Number","223","units","0","v1326597813","19.7.3","13","E","","","0"
"2021","Division No.  7, Subd. F, Newfoundland and Labrador [CCS100207028]","2021S05021007028","Natural land for pasture","Hectares","Number","223","units","0","v1326597816","19.8.3","","F","","","0"
"2021","Division No.  7, Subd. E, Newfoundland and Labrador [CCS100207031]","2021S05021007031","Tame or seeded pasture","Hectares","Number","223","units","0","v1326597846","20.7.3","","F","","","0"
"2021","Division No.  7, Subd. E, Newfoundland and Labrador [CCS100207031]","2021S05021007031","Natural land for pasture","Hectares","Number","223","units","0","v1326597849","20.8.3","","F","","","0"
"2021","Division No.  8, Subd. G, Newfoundland and Labrador [CCS100208036]","2021S05021008036","Tame or seeded pasture","Hectares","Number","223","units","0","v1326597912","22.7.3","","F","","","0"
"2021","Division No.  8, Subd. G, Newfoundland and Labrador [CCS100208036]","2021S05021008036","Natural land for pasture","Hectares","Number","223","units","0","v1326597915","22.8.3","","F","","","0"
"2021","Division No.  8, Subd. C, Newfoundland and Labrador [CCS100208058]","2021S05021008058","Tame or seeded pasture","Hectares","Number","223","units","0","v1326597945","23.7.3","","F","","","0"
"2021","Division No.  8, Subd. C, Newfoundland and Labrador [CCS100208058]","2021S05021008058","Natural land for pasture","Hectares","Number","223","units","0","v1326597948","23.8.3","","F","","","0"
"2021","Division No.  4, Subd. B, Newfoundland and Labrador [CCS100304006]","2021S05021004006","Tame or seeded pasture","Hectares","Number","223","units","0","v1326598044","26.7.3","","F","","","0"
"2021","Division No.  4, Subd. B, Newfoundland and Labrador [CCS100304006]","2021S05021004006","Natural land for pasture","Hectares","Number","223","units","0","v1326598047","26.8.3","","F","","","0"
"2021","Division No.  5, Subd. E, Newfoundland and Labrador [CCS100305007]","2021S05021005007","Tame or seeded pasture","Hectares","Number","223","units","0","v1326598110","28.7.3","","F","","","0"
"2021","Division No.  5, Subd. E, Newfoundland and Labrador [CCS100305007]","2021S05021005007","Natural land for pasture","Hectares","Number","223","units","0","v1326598113","28.8.3","","F","","","0"
"2021","Division No.  5, Subd. F, Newfoundland and Labrador [CCS100305010]","2021S05021005010","Tame or seeded pasture","Hectares","Number","223","units","0","v1326598143","29.7.3","0","A","","","0"
"2021","Division No.  5, Subd. F, Newfoundland and Labrador [CCS100305010]","2021S05021005010","Natural land for pasture","Hectares","Number","223","units","0","v1326598146","29.8.3","0","A","","","0"
"2021","Division No.  9, Subd. F, Newfoundland and Labrador [CCS100309001]","2021S05021009001","Tame or seeded pasture","Hectares","Number","223","units","0","v1326598209","31.7.3","","F","","","0"
"2021","Division No.  9, Subd. F, Newfoundland and Labrador [CCS100309001]","2021S05021009001","Natural land for pasture","Hectares","Number","223","units","0","v1326598212","31.8.3","","F","","","0"
"2021","Division No. 10, Subd. A, Newfoundland and Labrador [CCS100310001]","2021S05021010001","Tame or seeded pasture","Hectares","Number","223","units","0","v1326598275","33.7.3","","F","","","0"
"2021","Division No. 10, Subd. A, Newfoundland and Labrador [CCS100310001]","2021S05021010001","Natural land for pasture","Hectares","Number","223","units","0","v1326598278","33.8.3","0","A","","","0"
"2021","Division No. 11, Subd. C, Newfoundland and Labrador [CCS100311005]","2021S05021011005","Tame or seeded pasture","Hectares","Number","223","units","0","v1326598341","35.7.3","0","A","","","0"
"2021","Division No. 11, Subd. C, Newfoundland and Labrador [CCS100311005]","2021S05021011005","Natural land for pasture","Hectares","Number","223","units","0","v1326598344","35.8.3","0","A","","","0"
"2021","Division No. 11, Subd. E, Newfoundland and Labrador [CCS100311040]","2021S05021011040","Tame or seeded pasture","Hectares","Number","223","units","0","v1326598374","36.7.3","0","A","","","0"
"2021","Division No. 11, Subd. E, Newfoundland and Labrador [CCS100311040]","2021S05021011040","Natural land for pasture","Hectares","Number","223","units","0","v1326598377","36.8.3","0","A","","","0"
"2021","Prince Edward Island [PR110000000]","2021A000211","Tame or seeded pasture","Hectares","Number","223","units","0","v1326598407","37.7.3","6172","E","","","0"
"2021","Prince Edward Island [PR110000000]","2021A000211","Natural land for pasture","Hectares","Number","223","units","0","v1326598410","37.8.3","","F","","","0"
"2021","Murray River, Part 1, Prince Edward Island [CCS110101005]","2021S05021101005","Tame or seeded pasture","Hectares","Number","223","units","0","v1326598506","40.7.3","","F","","","0"
"2021","Murray River, Part 1, Prince Edward Island [CCS110101005]","2021S05021101005","Natural land for pasture","Hectares","Number","223","units","0","v1326598509","40.8.3","","F","","","0"
"2021","Souris, Prince Edward Island [CCS110101035]","2021S05021101035","Tame or seeded pasture","Hectares","Number","223","units","0","v1326598539","41.7.3","321","D","","","0"
"2021","Souris, Prince Edward Island [CCS110101035]","2021S05021101035","Natural land for pasture","Hectares","Number","223","units","0","v1326598542","41.8.3","152","E","","","0"
"2021","St. Peters, Prince Edward Island [CCS110101037]","2021S05021101037","Tame or seeded pasture","Hectares","Number","223","units","0","v1326598572","42.7.3","92","E","","","0"
"2021","St. Peters, Prince Edward Island [CCS110101037]","2021S05021101037","Natural land for pasture","Hectares","Number","223","units","0","v1326598575","42.8.3","38","E","","","0"
"2021","Morell, Prince Edward Island [CCS110101043]","2021S05021101043","Tame or seeded pasture","Hectares","Number","223","units","0","v1326598605","43.7.3","","F","","","0"
"2021","Morell, Prince Edward Island [CCS110101043]","2021S05021101043","Natural land for pasture","Hectares","Number","223","units","0","v1326598608","43.8.3","321","D","","","0"
"2021","Three Rivers, Prince Edward Island [CCS110101045]","2021S05021101045","Tame or seeded pasture","Hectares","Number","223","units","0","v1326598638","44.7.3","261","E","","","0"
"2021","Three Rivers, Prince Edward Island [CCS110101045]","2021S05021101045","Natural land for pasture","Hectares","Number","223","units","0","v1326598641","44.8.3","","F","","","0"
"2021","East River, Part 2, Prince Edward Island [CCS110101052]","2021S05021101052","Tame or seeded pasture","Hectares","Number","223","units","0","v1326598671","45.7.3","","F","","","0"
"2021","East River, Part 2, Prince Edward Island [CCS110101052]","2021S05021101052","Natural land for pasture","Hectares","Number","223","units","0","v1326598674","45.8.3","","F","","","0"
"2021","Belfast, Prince Edward Island [CCS110202002]","2021S05021102002","Tame or seeded pasture","Hectares","Number","223","units","0","v1326598770","48.7.3","147","E","","","0"
"2021","Belfast, Prince Edward Island [CCS110202002]","2021S05021102002","Natural land for pasture","Hectares","Number","223","units","0","v1326598773","48.8.3","","F","","","0"
"2021","Crossroads, Prince Edward Island [CCS110202010]","2021S05021102010","Tame or seeded pasture","Hectares","Number","223","units","0","v1326598803","49.7.3","","F","","","0"
"2021","Crossroads, Prince Edward Island [CCS110202010]","2021S05021102010","Natural land for pasture","Hectares","Number","223","units","0","v1326598806","49.8.3","","F","","","0"
"2021","Vernon River, Prince Edward Island [CCS110202016]","2021S05021102016","Tame or seeded pasture","Hectares","Number","223","units","0","v1326598836","50.7.3","758","C","","","0"
"2021","Vernon River, Prince Edward Island [CCS110202016]","2021S05021102016","Natural land for pasture","Hectares","Number","223","units","0","v1326598839","50.8.3","299","E","","","0"
"2021","New Glasgow, Prince Edward Island [CCS110202017]","2021S05021102017","Tame or seeded pasture","Hectares","Number","223","units","0","v1326598869","51.7.3","377","E","","","0"
"2021","New Glasgow, Prince Edward Island [CCS110202017]","2021S05021102017","Natural land for pasture","Hectares","Number","223","units","0","v1326598872","51.8.3","191","E","","","0"
"2021","Crapaud, Part 1, Prince Edward Island [CCS110202018]","2021S05021102018","Tame or seeded pasture","Hectares","Number","223","units","0","v1326598902","52.7.3","178","E","","","0"
"2021","Crapaud, Part 1, Prince Edward Island [CCS110202018]","2021S05021102018","Natural land for pasture","Hectares","Number","223","units","0","v1326598905","52.8.3","","F","","","0"
"2021","Kingston, Prince Edward Island [CCS110202022]","2021S05021102022","Tame or seeded pasture","Hectares","Number","223","units","0","v1326598935","53.7.3","319","D","","","0"
"2021","Kingston, Prince Edward Island [CCS110202022]","2021S05021102022","Natural land for pasture","Hectares","Number","223","units","0","v1326598938","53.8.3","83","E","","","0"
"2021","Miltonvale Park, Prince Edward Island [CCS110202040]","2021S05021102040","Tame or seeded pasture","Hectares","Number","223","units","0","v1326598968","54.7.3","98","E","","","0"
"2021","Miltonvale Park, Prince Edward Island [CCS110202040]","2021S05021102040","Natural land for pasture","Hectares","Number","223","units","0","v1326598971","54.8.3","","F","","","0"
"2021","Stanley Bridge, Hope River, Bayview, Cavendish and North Rustico, Prince Edward Island [CCS110202045]","2021S05021102045","Tame or seeded pasture","Hectares","Number","223","units","0","v1326599001","55.7.3","78","E","","","0"
"2021","Stanley Bridge, Hope River, Bayview, Cavendish and North Rustico, Prince Edward Island [CCS110202045]","2021S05021102045","Natural land for pasture","Hectares","Number","223","units","0","v1326599004","55.8.3","","F","","","0"
"2021","Brackley, Prince Edward Island [CCS110202055]","2021S05021102055","Tame or seeded pasture","Hectares","Number","223","units","0","v1326599034","56.7.3","85","D","","","0"
"2021","Brackley, Prince Edward Island [CCS110202055]","2021S05021102055","Natural land for pasture","Hectares","Number","223","units","0","v1326599037","56.8.3","","F","","","0"
"2021","East River, Part 1, Prince Edward Island [CCS110202064]","2021S05021102064","Tame or seeded pasture","Hectares","Number","223","units","0","v1326599067","57.7.3","151","E","","","0"
"2021","East River, Part 1, Prince Edward Island [CCS110202064]","2021S05021102064","Natural land for pasture","Hectares","Number","223","units","0","v1326599070","57.8.3","","F","","","0"
"2021","North Shore, Prince Edward Island [CCS110202067]","2021S05021102067","Tame or seeded pasture","Hectares","Number","223","units","0","v1326599100","58.7.3","102","E","","","0"
"2021","North Shore, Prince Edward Island [CCS110202067]","2021S05021102067","Natural land for pasture","Hectares","Number","223","units","0","v1326599103","58.8.3","144","C","","","0"
"2021","West River, Prince Edward Island [CCS110202068]","2021S05021102068","Tame or seeded pasture","Hectares","Number","223","units","0","v1326599133","59.7.3","244","E","","","0"
"2021","West River, Prince Edward Island [CCS110202068]","2021S05021102068","Natural land for pasture","Hectares","Number","223","units","0","v1326599136","59.8.3","168","E","","","0"
"2021","New London, Prince Edward Island [CCS110202071]","2021S05021102071","Tame or seeded pasture","Hectares","Number","223","units","0","v1326599166","60.7.3","118","E","","","0"
"2021","New London, Prince Edward Island [CCS110202071]","2021S05021102071","Natural land for pasture","Hectares","Number","223","units","0","v1326599169","60.8.3","","F","","","0"
"2021","North River, Prince Edward Island [CCS110202072]","2021S05021102072","Tame or seeded pasture","Hectares","Number","223","units","0","v1326599199","61.7.3","","F","","","0"
"2021","North River, Prince Edward Island [CCS110202072]","2021S05021102072","Natural land for pasture","Hectares","Number","223","units","0","v1326599202","61.8.3","","F","","","0"
"2021","Charlottetown, Prince Edward Island [CCS110202075]","2021S05021102075","Tame or seeded pasture","Hectares","Number","223","units","0","v1326599232","62.7.3","","F","","","0"
"2021","Charlottetown, Prince Edward Island [CCS110202075]","2021S05021102075","Natural land for pasture","Hectares","Number","223","units","0","v1326599235","62.8.3","","F","","","0"
"2021","Cornwall, Prince Edward Island [CCS110202085]","2021S05021102085","Tame or seeded pasture","Hectares","Number","223","units","0","v1326599265","63.7.3","142","E","","","0"
"2021","Cornwall, Prince Edward Island [CCS110202085]","2021S05021102085","Natural land for pasture","Hectares","Number","223","units","0","v1326599268","63.8.3","","F","","","0"
"2021","Borden, Prince Edward Island [CCS110303002]","2021S05021103002","Tame or seeded pasture","Hectares","Number","223","units","0","v1326599364","66.7.3","","F","","","0"
"2021","Borden, Prince Edward Island [CCS110303002]","2021S05021103002","Natural land for pasture","Hectares","Number","223","units","0","v1326599367","66.8.3","85","E","","","0"
"2021","Kinkora, Prince Edward Island [CCS110303003]","2021S05021103003","Tame or seeded pasture","Hectares","Number","223","units","0","v1326599397","67.7.3","234","D","","","0"
"2021","Kinkora, Prince Edward Island [CCS110303003]","2021S05021103003","Natural land for pasture","Hectares","Number","223","units","0","v1326599400","67.8.3","165","D","","","0"
"2021","Crapaud, Part 2, Prince Edward Island [CCS110303004]","2021S05021103004","Tame or seeded pasture","Hectares","Number","223","units","0","v1326599430","68.7.3","","F","","","0"
"2021","Crapaud, Part 2, Prince Edward Island [CCS110303004]","2021S05021103004","Natural land for pasture","Hectares","Number","223","units","0","v1326599433","68.8.3","","F","","","0"
"2021","Malpeque Bay, Prince Edward Island [CCS110303007]","2021S05021103007","Tame or seeded pasture","Hectares","Number","223","units","0","v1326599463","69.7.3","","F","","","0"
"2021","Malpeque Bay, Prince Edward Island [CCS110303007]","2021S05021103007","Natural land for pasture","Hectares","Number","223","units","0","v1326599466","69.8.3","","F","","","0"
"2021","Wellington, Prince Edward Island [CCS110303020]","2021S05021103020","Tame or seeded pasture","Hectares","Number","223","units","0","v1326599496","70.7.3","","F","","","0"
"2021","Wellington, Prince Edward Island [CCS110303020]","2021S05021103020","Natural land for pasture","Hectares","Number","223","units","0","v1326599499","70.8.3","","F","","","0"
"2021","Summerside, Prince Edward Island [CCS110303025]","2021S05021103025","Tame or seeded pasture","Hectares","Number","223","units","0","v1326599529","71.7.3","","F","","","0"
"2021","Summerside, Prince Edward Island [CCS110303025]","2021S05021103025","Natural land for pasture","Hectares","Number","223","units","0","v1326599532","71.8.3","","F","","","0"
"2021","Miscouche, Prince Edward Island [CCS110303040]","2021S05021103040","Tame or seeded pasture","Hectares","Number","223","units","0","v1326599562","72.7.3","","F","","","0"
"2021","Miscouche, Prince Edward Island [CCS110303040]","2021S05021103040","Natural land for pasture","Hectares","Number","223","units","0","v1326599565","72.8.3","","F","","","0"
"2021","Central Prince, Prince Edward Island [CCS110303043]","2021S05021103043","Tame or seeded pasture","Hectares","Number","223","units","0","v1326599595","73.7.3","369","D","","","0"
"2021","Central Prince, Prince Edward Island [CCS110303043]","2021S05021103043","Natural land for pasture","Hectares","Number","223","units","0","v1326599598","73.8.3","115","D","","","0"
"2021","Tignish, Prince Edward Island [CCS110303061]","2021S05021103061","Tame or seeded pasture","Hectares","Number","223","units","0","v1326599628","74.7.3","131","E","","","0"
"2021","Tignish, Prince Edward Island [CCS110303061]","2021S05021103061","Natural land for pasture","Hectares","Number","223","units","0","v1326599631","74.8.3","","F","","","0"
"2021","Alberton, Prince Edward Island [CCS110303064]","2021S05021103064","Tame or seeded pasture","Hectares","Number","223","units","0","v1326599661","75.7.3","","F","","","0"
"2021","Alberton, Prince Edward Island [CCS110303064]","2021S05021103064","Natural land for pasture","Hectares","Number","223","units","0","v1326599664","75.8.3","","F","","","0"
"2021","O'Leary, Prince Edward Island [CCS110303065]","2021S05021103065","Tame or seeded pasture","Hectares","Number","223","units","0","v1326599694","76.7.3","233","E","","","0"
"2021","O'Leary, Prince Edward Island [CCS110303065]","2021S05021103065","Natural land for pasture","Hectares","Number","223","units","0","v1326599697","76.8.3","334","D","","","0"
"2021","Kensington, Part 1, Prince Edward Island [CCS110303067]","2021S05021103067","Tame or seeded pasture","Hectares","Number","223","units","0","v1326599727","77.7.3","","F","","","0"
"2021","Kensington, Part 1, Prince Edward Island [CCS110303067]","2021S05021103067","Natural land for pasture","Hectares","Number","223","units","0","v1326599730","77.8.3","","F","","","0"
"2021","Nova Scotia [PR120000000]","2021A000212","Tame or seeded pasture","Hectares","Number","223","units","0","v1326599760","78.7.3","11164","E","","","0"
"2021","Nova Scotia [PR120000000]","2021A000212","Natural land for pasture","Hectares","Number","223","units","0","v1326599763","78.8.3","","F","","","0"
"2021","Shelburne, Nova Scotia [CCS120101006]","2021S05021201006","Tame or seeded pasture","Hectares","Number","223","units","0","v1326599859","81.7.3","","F","","","0"
"2021","Shelburne, Nova Scotia [CCS120101006]","2021S05021201006","Natural land for pasture","Hectares","Number","223","units","0","v1326599862","81.8.3","90","E","","","0"
"2021","Argyle, Nova Scotia [CCS120102001]","2021S05021202001","Tame or seeded pasture","Hectares","Number","223","units","0","v1326599925","83.7.3","","F","","","0"
"2021","Argyle, Nova Scotia [CCS120102001]","2021S05021202001","Natural land for pasture","Hectares","Number","223","units","0","v1326599928","83.8.3","81","E","","","0"
"2021","Yarmouth, Nova Scotia [CCS120102004]","2021S05021202004","Tame or seeded pasture","Hectares","Number","223","units","0","v1326599958","84.7.3","119","E","","","0"
"2021","Yarmouth, Nova Scotia [CCS120102004]","2021S05021202004","Natural land for pasture","Hectares","Number","223","units","0","v1326599961","84.8.3","175","D","","","0"
"2021","Clare, Nova Scotia [CCS120103001]","2021S05021203001","Tame or seeded pasture","Hectares","Number","223","units","0","v1326600024","86.7.3","","F","","","0"
"2021","Clare, Nova Scotia [CCS120103001]","2021S05021203001","Natural land for pasture","Hectares","Number","223","units","0","v1326600027","86.8.3","","F","","","0"
"2021","Digby, Nova Scotia [CCS120103004]","2021S05021203004","Tame or seeded pasture","Hectares","Number","223","units","0","v1326600057","87.7.3","","F","","","0"
"2021","Digby, Nova Scotia [CCS120103004]","2021S05021203004","Natural land for pasture","Hectares","Number","223","units","0","v1326600060","87.8.3","","F","","","0"
"2021","Queens, Nova Scotia [CCS120104010]","2021S05021204010","Tame or seeded pasture","Hectares","Number","223","units","0","v1326600123","89.7.3","90","E","","","0"
"2021","Queens, Nova Scotia [CCS120104010]","2021S05021204010","Natural land for pasture","Hectares","Number","223","units","0","v1326600126","89.8.3","","F","","","0"
"2021","Lunenburg, Nova Scotia [CCS120106001]","2021S05021206001","Tame or seeded pasture","Hectares","Number","223","units","0","v1326600189","91.7.3","","F","","","0"
"2021","Lunenburg, Nova Scotia [CCS120106001]","2021S05021206001","Natural land for pasture","Hectares","Number","223","units","0","v1326600192","91.8.3","","F","","","0"
"2021","Chester, Nova Scotia [CCS120106009]","2021S05021206009","Tame or seeded pasture","Hectares","Number","223","units","0","v1326600222","92.7.3","","F","","","0"
"2021","Chester, Nova Scotia [CCS120106009]","2021S05021206009","Natural land for pasture","Hectares","Number","223","units","0","v1326600225","92.8.3","","F","","","0"
"2021","Annapolis, Subd. D, Nova Scotia [CCS120205001]","2021S05021205001","Tame or seeded pasture","Hectares","Number","223","units","0","v1326600321","95.7.3","85","E","","","0"
"2021","Annapolis, Subd. D, Nova Scotia [CCS120205001]","2021S05021205001","Natural land for pasture","Hectares","Number","223","units","0","v1326600324","95.8.3","","F","","","0"
"2021","Annapolis, Subd. A, Nova Scotia [CCS120205004]","2021S05021205004","Tame or seeded pasture","Hectares","Number","223","units","0","v1326600354","96.7.3","209","E","","","0"
"2021","Annapolis, Subd. A, Nova Scotia [CCS120205004]","2021S05021205004","Natural land for pasture","Hectares","Number","223","units","0","v1326600357","96.8.3","222","E","","","0"
"2021","Annapolis, Subd. B, Nova Scotia [CCS120205009]","2021S05021205009","Tame or seeded pasture","Hectares","Number","223","units","0","v1326600387","97.7.3","284","E","","","0"
"2021","Annapolis, Subd. B, Nova Scotia [CCS120205009]","2021S05021205009","Natural land for pasture","Hectares","Number","223","units","0","v1326600390","97.8.3","","F","","","0"
"2021","Annapolis, Subd. C, Nova Scotia [CCS120205014]","2021S05021205014","Tame or seeded pasture","Hectares","Number","223","units","0","v1326600420","98.7.3","405","B","","","0"
"2021","Annapolis, Subd. C, Nova Scotia [CCS120205014]","2021S05021205014","Natural land for pasture","Hectares","Number","223","units","0","v1326600423","98.8.3","433","B","","","0"
"2021","Kings, Subd. A, Nova Scotia [CCS120207001]","2021S05021207001","Tame or seeded pasture","Hectares","Number","223","units","0","v1326600486","100.7.3","773","D","","","0"
"2021","Kings, Subd. A, Nova Scotia [CCS120207001]","2021S05021207001","Natural land for pasture","Hectares","Number","223","units","0","v1326600489","100.8.3","","F","","","0"
"2021","Kings, Subd. C, Nova Scotia [CCS120207011]","2021S05021207011","Tame or seeded pasture","Hectares","Number","223","units","0","v1326600519","101.7.3","","F","","","0"
"2021","Kings, Subd. C, Nova Scotia [CCS120207011]","2021S05021207011","Natural land for pasture","Hectares","Number","223","units","0","v1326600522","101.8.3","","F","","","0"
"2021","Kings, Subd. B, Nova Scotia [CCS120207016]","2021S05021207016","Tame or seeded pasture","Hectares","Number","223","units","0","v1326600552","102.7.3","250","E","","","0"
"2021","Kings, Subd. B, Nova Scotia [CCS120207016]","2021S05021207016","Natural land for pasture","Hectares","Number","223","units","0","v1326600555","102.8.3","429","D","","","0"
"2021","Kings, Subd. D, Nova Scotia [CCS120207021]","2021S05021207021","Tame or seeded pasture","Hectares","Number","223","units","0","v1326600585","103.7.3","","F","","","0"
"2021","Kings, Subd. D, Nova Scotia [CCS120207021]","2021S05021207021","Natural land for pasture","Hectares","Number","223","units","0","v1326600588","103.8.3","","F","","","0"
"2021","West Hants, Nova Scotia [CCS120208003]","2021S05021208003","Tame or seeded pasture","Hectares","Number","223","units","0","v1326600651","105.7.3","580","C","","","0"
"2021","West Hants, Nova Scotia [CCS120208003]","2021S05021208003","Natural land for pasture","Hectares","Number","223","units","0","v1326600654","105.8.3","864","B","","","0"
"2021","East Hants, Nova Scotia [CCS120208008]","2021S05021208008","Tame or seeded pasture","Hectares","Number","223","units","0","v1326600684","106.7.3","679","C","","","0"
"2021","East Hants, Nova Scotia [CCS120208008]","2021S05021208008","Natural land for pasture","Hectares","Number","223","units","0","v1326600687","106.8.3","382","E","","","0"
"2021","Halifax, Nova Scotia [CCS120309034]","2021S05021209034","Tame or seeded pasture","Hectares","Number","223","units","0","v1326600783","109.7.3","452","E","","","0"
"2021","Halifax, Nova Scotia [CCS120309034]","2021S05021209034","Natural land for pasture","Hectares","Number","223","units","0","v1326600786","109.8.3","574","D","","","0"
"2021","Colchester, Subd. C, Nova Scotia [CCS120310001]","2021S05021210001","Tame or seeded pasture","Hectares","Number","223","units","0","v1326600849","111.7.3","550","E","","","0"
"2021","Colchester, Subd. C, Nova Scotia [CCS120310001]","2021S05021210001","Natural land for pasture","Hectares","Number","223","units","0","v1326600852","111.8.3","","F","","","0"
"2021","Colchester, Subd. B, Nova Scotia [CCS120310008]","2021S05021210008","Tame or seeded pasture","Hectares","Number","223","units","0","v1326600882","112.7.3","609","D","","","0"
"2021","Colchester, Subd. B, Nova Scotia [CCS120310008]","2021S05021210008","Natural land for pasture","Hectares","Number","223","units","0","v1326600885","112.8.3","476","E","","","0"
"2021","Colchester, Subd. A, Nova Scotia [CCS120310012]","2021S05021210012","Tame or seeded pasture","Hectares","Number","223","units","0","v1326600915","113.7.3","418","E","","","0"
"2021","Colchester, Subd. A, Nova Scotia [CCS120310012]","2021S05021210012","Natural land for pasture","Hectares","Number","223","units","0","v1326600918","113.8.3","","F","","","0"
"2021","Cumberland, Subd. A, Nova Scotia [CCS120311001]","2021S05021211001","Tame or seeded pasture","Hectares","Number","223","units","0","v1326600981","115.7.3","119","E","","","0"
"2021","Cumberland, Subd. A, Nova Scotia [CCS120311001]","2021S05021211001","Natural land for pasture","Hectares","Number","223","units","0","v1326600984","115.8.3","302","D","","","0"
"2021","Cumberland, Subd. B, Nova Scotia [CCS120311006]","2021S05021211006","Tame or seeded pasture","Hectares","Number","223","units","0","v1326601014","116.7.3","","F","","","0"
"2021","Cumberland, Subd. B, Nova Scotia [CCS120311006]","2021S05021211006","Natural land for pasture","Hectares","Number","223","units","0","v1326601017","116.8.3","","F","","","0"
"2021","Cumberland, Subd. C, Nova Scotia [CCS120311009]","2021S05021211009","Tame or seeded pasture","Hectares","Number","223","units","0","v1326601047","117.7.3","962","C","","","0"
"2021","Cumberland, Subd. C, Nova Scotia [CCS120311009]","2021S05021211009","Natural land for pasture","Hectares","Number","223","units","0","v1326601050","117.8.3","749","D","","","0"
"2021","Cumberland, Subd. D, Nova Scotia [CCS120311014]","2021S05021211014","Tame or seeded pasture","Hectares","Number","223","units","0","v1326601080","118.7.3","819","D","","","0"
"2021","Cumberland, Subd. D, Nova Scotia [CCS120311014]","2021S05021211014","Natural land for pasture","Hectares","Number","223","units","0","v1326601083","118.8.3","","F","","","0"
"2021","Pictou, Subd. A, Nova Scotia [CCS120412001]","2021S05021212001","Tame or seeded pasture","Hectares","Number","223","units","0","v1326601179","121.7.3","","F","","","0"
"2021","Pictou, Subd. A, Nova Scotia [CCS120412001]","2021S05021212001","Natural land for pasture","Hectares","Number","223","units","0","v1326601182","121.8.3","","F","","","0"
"2021","Pictou, Subd. B, Nova Scotia [CCS120412006]","2021S05021212006","Tame or seeded pasture","Hectares","Number","223","units","0","v1326601212","122.7.3","","F","","","0"
"2021","Pictou, Subd. B, Nova Scotia [CCS120412006]","2021S05021212006","Natural land for pasture","Hectares","Number","223","units","0","v1326601215","122.8.3","","F","","","0"
"2021","Pictou, Subd. C, Nova Scotia [CCS120412011]","2021S05021212011","Tame or seeded pasture","Hectares","Number","223","units","0","v1326601245","123.7.3","220","E","","","0"
"2021","Pictou, Subd. C, Nova Scotia [CCS120412011]","2021S05021212011","Natural land for pasture","Hectares","Number","223","units","0","v1326601248","123.8.3","","F","","","0"
"2021","St. Mary's, Nova Scotia [CCS120413001]","2021S05021213001","Tame or seeded pasture","Hectares","Number","223","units","0","v1326601311","125.7.3","56","B","","","0"
"2021","St. Mary's, Nova Scotia [CCS120413001]","2021S05021213001","Natural land for pasture","Hectares","Number","223","units","0","v1326601314","125.8.3","131","C","","","0"
"2021","Guysborough, Nova Scotia [CCS120413004]","2021S05021213004","Tame or seeded pasture","Hectares","Number","223","units","0","v1326601344","126.7.3","","F","","","0"
"2021","Guysborough, Nova Scotia [CCS120413004]","2021S05021213004","Natural land for pasture","Hectares","Number","223","units","0","v1326601347","126.8.3","","F","","","0"
"2021","Antigonish, Subd. A, Nova Scotia [CCS120414001]","2021S05021214001","Tame or seeded pasture","Hectares","Number","223","units","0","v1326601410","128.7.3","280","D","","","0"
"2021","Antigonish, Subd. A, Nova Scotia [CCS120414001]","2021S05021214001","Natural land for pasture","Hectares","Number","223","units","0","v1326601413","128.8.3","518","D","","","0"
"2021","Antigonish, Subd. B, Nova Scotia [CCS120414006]","2021S05021214006","Tame or seeded pasture","Hectares","Number","223","units","0","v1326601443","129.7.3","232","D","","","0"
"2021","Antigonish, Subd. B, Nova Scotia [CCS120414006]","2021S05021214006","Natural land for pasture","Hectares","Number","223","units","0","v1326601446","129.8.3","384","C","","","0"
"2021","Inverness, Subd. C, Nova Scotia [CCS120515001]","2021S05021215001","Tame or seeded pasture","Hectares","Number","223","units","0","v1326601542","132.7.3","","F","","","0"
"2021","Inverness, Subd. C, Nova Scotia [CCS120515001]","2021S05021215001","Natural land for pasture","Hectares","Number","223","units","0","v1326601545","132.8.3","","F","","","0"
"2021","Inverness, Subd. B, Nova Scotia [CCS120515006]","2021S05021215006","Tame or seeded pasture","Hectares","Number","223","units","0","v1326601575","133.7.3","","F","","","0"
"2021","Inverness, Subd. B, Nova Scotia [CCS120515006]","2021S05021215006","Natural land for pasture","Hectares","Number","223","units","0","v1326601578","133.8.3","","F","","","0"
"2021","Inverness, Subd. A, Nova Scotia [CCS120515011]","2021S05021215011","Tame or seeded pasture","Hectares","Number","223","units","0","v1326601608","134.7.3","","F","","","0"
"2021","Inverness, Subd. A, Nova Scotia [CCS120515011]","2021S05021215011","Natural land for pasture","Hectares","Number","223","units","0","v1326601611","134.8.3","","F","","","0"
"2021","Richmond, Subd. A, Nova Scotia [CCS120516006]","2021S05021216006","Tame or seeded pasture","Hectares","Number","223","units","0","v1326601674","136.7.3","","F","","","0"
"2021","Richmond, Subd. A, Nova Scotia [CCS120516006]","2021S05021216006","Natural land for pasture","Hectares","Number","223","units","0","v1326601677","136.8.3","","F","","","0"
"2021","Cape Breton, Nova Scotia [CCS120517030]","2021S05021217030","Tame or seeded pasture","Hectares","Number","223","units","0","v1326601740","138.7.3","","F","","","0"
"2021","Cape Breton, Nova Scotia [CCS120517030]","2021S05021217030","Natural land for pasture","Hectares","Number","223","units","0","v1326601743","138.8.3","","F","","","0"
"2021","Victoria, Subd. B, Nova Scotia [CCS120518001]","2021S05021218001","Tame or seeded pasture","Hectares","Number","223","units","0","v1326601806","140.7.3","","F","","","0"
"2021","Victoria, Subd. B, Nova Scotia [CCS120518001]","2021S05021218001","Natural land for pasture","Hectares","Number","223","units","0","v1326601809","140.8.3","","F","","","0"
"2021","New Brunswick [PR130000000]","2021A000213","Tame or seeded pasture","Hectares","Number","223","units","0","v1326601839","141.7.3","9557","D","","","0"
"2021","New Brunswick [PR130000000]","2021A000213","Natural land for pasture","Hectares","Number","223","units","0","v1326601842","141.8.3","","F","","","0"
"2021","New Maryland, New Brunswick [CCS130110001]","2021S05021310001","Tame or seeded pasture","Hectares","Number","223","units","0","v1326601938","144.7.3","0","A","","","0"
"2021","New Maryland, New Brunswick [CCS130110001]","2021S05021310001","Natural land for pasture","Hectares","Number","223","units","0","v1326601941","144.8.3","0","A","","","0"
"2021","Manners Sutton, New Brunswick [CCS130110004]","2021S05021310004","Tame or seeded pasture","Hectares","Number","223","units","0","v1326601971","145.7.3","290","C","","","0"
"2021","Manners Sutton, New Brunswick [CCS130110004]","2021S05021310004","Natural land for pasture","Hectares","Number","223","units","0","v1326601974","145.8.3","159","E","","","0"
"2021","Prince William, New Brunswick [CCS130110016]","2021S05021310016","Tame or seeded pasture","Hectares","Number","223","units","0","v1326602004","146.7.3","","F","","","0"
"2021","Prince William, New Brunswick [CCS130110016]","2021S05021310016","Natural land for pasture","Hectares","Number","223","units","0","v1326602007","146.8.3","","F","","","0"
"2021","Kingsclear, New Brunswick [CCS130110018]","2021S05021310018","Tame or seeded pasture","Hectares","Number","223","units","0","v1326602037","147.7.3","","F","","","0"
"2021","Kingsclear, New Brunswick [CCS130110018]","2021S05021310018","Natural land for pasture","Hectares","Number","223","units","0","v1326602040","147.8.3","","F","","","0"
"2021","Queensbury, New Brunswick [CCS130110021]","2021S05021310021","Tame or seeded pasture","Hectares","Number","223","units","0","v1326602070","148.7.3","106","E","","","0"
"2021","Queensbury, New Brunswick [CCS130110021]","2021S05021310021","Natural land for pasture","Hectares","Number","223","units","0","v1326602073","148.8.3","130","E","","","0"
"2021","Southampton, New Brunswick [CCS130110024]","2021S05021310024","Tame or seeded pasture","Hectares","Number","223","units","0","v1326602103","149.7.3","142","C","","","0"
"2021","Southampton, New Brunswick [CCS130110024]","2021S05021310024","Natural land for pasture","Hectares","Number","223","units","0","v1326602106","149.8.3","67","E","","","0"
"2021","Bright, New Brunswick [CCS130110026]","2021S05021310026","Tame or seeded pasture","Hectares","Number","223","units","0","v1326602136","150.7.3","99","D","","","0"
"2021","Bright, New Brunswick [CCS130110026]","2021S05021310026","Natural land for pasture","Hectares","Number","223","units","0","v1326602139","150.8.3","130","D","","","0"
"2021","Douglas, New Brunswick [CCS130110028]","2021S05021310028","Tame or seeded pasture","Hectares","Number","223","units","0","v1326602169","151.7.3","104","E","","","0"
"2021","Douglas, New Brunswick [CCS130110028]","2021S05021310028","Natural land for pasture","Hectares","Number","223","units","0","v1326602172","151.8.3","","F","","","0"
"2021","Saint Marys, New Brunswick [CCS130110031]","2021S05021310031","Tame or seeded pasture","Hectares","Number","223","units","0","v1326602202","152.7.3","","F","","","0"
"2021","Saint Marys, New Brunswick [CCS130110031]","2021S05021310031","Natural land for pasture","Hectares","Number","223","units","0","v1326602205","152.8.3","","F","","","0"
"2021","Stanley, New Brunswick [CCS130110036]","2021S05021310036","Tame or seeded pasture","Hectares","Number","223","units","0","v1326602235","153.7.3","","F","","","0"
"2021","Stanley, New Brunswick [CCS130110036]","2021S05021310036","Natural land for pasture","Hectares","Number","223","units","0","v1326602238","153.8.3","","F","","","0"
"2021","Richmond, New Brunswick [CCS130111001]","2021S05021311001","Tame or seeded pasture","Hectares","Number","223","units","0","v1326602301","155.7.3","130","A","","","0"
"2021","Richmond, New Brunswick [CCS130111001]","2021S05021311001","Natural land for pasture","Hectares","Number","223","units","0","v1326602304","155.8.3","149","C","","","0"
"2021","Woodstock, New Brunswick [CCS130111004]","2021S05021311004","Tame or seeded pasture","Hectares","Number","223","units","0","v1326602334","156.7.3","26","C","","","0"
"2021","Woodstock, New Brunswick [CCS130111004]","2021S05021311004","Natural land for pasture","Hectares","Number","223","units","0","v1326602337","156.8.3","29","A","","","0"
"2021","Northampton, New Brunswick [CCS130111008]","2021S05021311008","Tame or seeded pasture","Hectares","Number","223","units","0","v1326602367","157.7.3","83","E","","","0"
"2021","Northampton, New Brunswick [CCS130111008]","2021S05021311008","Natural land for pasture","Hectares","Number","223","units","0","v1326602370","157.8.3","","F","","","0"
"2021","Brighton, New Brunswick [CCS130111011]","2021S05021311011","Tame or seeded pasture","Hectares","Number","223","units","0","v1326602400","158.7.3","","F","","","0"
"2021","Brighton, New Brunswick [CCS130111011]","2021S05021311011","Natural land for pasture","Hectares","Number","223","units","0","v1326602403","158.8.3","","F","","","0"
"2021","Wakefield, New Brunswick [CCS130111014]","2021S05021311014","Tame or seeded pasture","Hectares","Number","223","units","0","v1326602433","159.7.3","","F","","","0"
"2021","Wakefield, New Brunswick [CCS130111014]","2021S05021311014","Natural land for pasture","Hectares","Number","223","units","0","v1326602436","159.8.3","246","E","","","0"
"2021","Wilmot, New Brunswick [CCS130111018]","2021S05021311018","Tame or seeded pasture","Hectares","Number","223","units","0","v1326602466","160.7.3","130","E","","","0"
"2021","Wilmot, New Brunswick [CCS130111018]","2021S05021311018","Natural land for pasture","Hectares","Number","223","units","0","v1326602469","160.8.3","","F","","","0"
"2021","Peel, New Brunswick [CCS130111024]","2021S05021311024","Tame or seeded pasture","Hectares","Number","223","units","0","v1326602499","161.7.3","159","C","","","0"
"2021","Peel, New Brunswick [CCS130111024]","2021S05021311024","Natural land for pasture","Hectares","Number","223","units","0","v1326602502","161.8.3","106","E","","","0"
"2021","Aberdeen, New Brunswick [CCS130111026]","2021S05021311026","Tame or seeded pasture","Hectares","Number","223","units","0","v1326602532","162.7.3","140","E","","","0"
"2021","Aberdeen, New Brunswick [CCS130111026]","2021S05021311026","Natural land for pasture","Hectares","Number","223","units","0","v1326602535","162.8.3","","F","","","0"
"2021","Kent, New Brunswick [CCS130111028]","2021S05021311028","Tame or seeded pasture","Hectares","Number","223","units","0","v1326602565","163.7.3","158","E","","","0"
"2021","Kent, New Brunswick [CCS130111028]","2021S05021311028","Natural land for pasture","Hectares","Number","223","units","0","v1326602568","163.8.3","","F","","","0"
"2021","Wicklow, New Brunswick [CCS130111031]","2021S05021311031","Tame or seeded pasture","Hectares","Number","223","units","0","v1326602598","164.7.3","204","D","","","0"
"2021","Wicklow, New Brunswick [CCS130111031]","2021S05021311031","Natural land for pasture","Hectares","Number","223","units","0","v1326602601","164.8.3","200","E","","","0"
"2021","Perth, New Brunswick [CCS130112004]","2021S05021312004","Tame or seeded pasture","Hectares","Number","223","units","0","v1326602664","166.7.3","","F","","","0"
"2021","Perth, New Brunswick [CCS130112004]","2021S05021312004","Natural land for pasture","Hectares","Number","223","units","0","v1326602667","166.8.3","174","E","","","0"
"2021","Denmark, New Brunswick [CCS130112014]","2021S05021312014","Tame or seeded pasture","Hectares","Number","223","units","0","v1326602697","167.7.3","8","D","","","0"
"2021","Denmark, New Brunswick [CCS130112014]","2021S05021312014","Natural land for pasture","Hectares","Number","223","units","0","v1326602700","167.8.3","11","D","","","0"
"2021","Grand Falls, New Brunswick [CCS130112016]","2021S05021312016","Tame or seeded pasture","Hectares","Number","223","units","0","v1326602730","168.7.3","","F","","","0"
"2021","Grand Falls, New Brunswick [CCS130112016]","2021S05021312016","Natural land for pasture","Hectares","Number","223","units","0","v1326602733","168.8.3","","F","","","0"
"2021","Drummond, New Brunswick [CCS130112021]","2021S05021312021","Tame or seeded pasture","Hectares","Number","223","units","0","v1326602763","169.7.3","74","E","","","0"
"2021","Drummond, New Brunswick [CCS130112021]","2021S05021312021","Natural land for pasture","Hectares","Number","223","units","0","v1326602766","169.8.3","497","D","","","0"
"2021","Saint-André, New Brunswick [CCS130113002]","2021S05021313002","Tame or seeded pasture","Hectares","Number","223","units","0","v1326602829","171.7.3","61","E","","","0"
"2021","Saint-André, New Brunswick [CCS130113002]","2021S05021313002","Natural land for pasture","Hectares","Number","223","units","0","v1326602832","171.8.3","203","D","","","0"
"2021","Saint-Léonard, New Brunswick [CCS130113004]","2021S05021313004","Tame or seeded pasture","Hectares","Number","223","units","0","v1326602862","172.7.3","170","E","","","0"
"2021","Saint-Léonard, New Brunswick [CCS130113004]","2021S05021313004","Natural land for pasture","Hectares","Number","223","units","0","v1326602865","172.8.3","","F","","","0"
"2021","Saint-Joseph, New Brunswick [CCS130113022]","2021S05021313022","Tame or seeded pasture","Hectares","Number","223","units","0","v1326602895","173.7.3","491","C","","","0"
"2021","Saint-Joseph, New Brunswick [CCS130113022]","2021S05021313022","Natural land for pasture","Hectares","Number","223","units","0","v1326602898","173.8.3","263","E","","","0"
"2021","Edmundston, New Brunswick [CCS130113027]","2021S05021313027","Tame or seeded pasture","Hectares","Number","223","units","0","v1326602928","174.7.3","","F","","","0"
"2021","Edmundston, New Brunswick [CCS130113027]","2021S05021313027","Natural land for pasture","Hectares","Number","223","units","0","v1326602931","174.8.3","","F","","","0"
"2021","Haut-Madawaska, New Brunswick [CCS130113031]","2021S05021313031","Tame or seeded pasture","Hectares","Number","223","units","0","v1326602961","175.7.3","178","E","","","0"
"2021","Haut-Madawaska, New Brunswick [CCS130113031]","2021S05021313031","Natural land for pasture","Hectares","Number","223","units","0","v1326602964","175.8.3","","F","","","0"
"2021","Saint Martins, New Brunswick [CCS130201001]","2021S05021301001","Tame or seeded pasture","Hectares","Number","223","units","0","v1326603060","178.7.3","","F","","","0"
"2021","Saint Martins, New Brunswick [CCS130201001]","2021S05021301001","Natural land for pasture","Hectares","Number","223","units","0","v1326603063","178.8.3","","F","","","0"
"2021","Campobello Island, New Brunswick [CCS130202004]","2021S05021302004","Tame or seeded pasture","Hectares","Number","223","units","0","v1326603126","180.7.3","","F","","","0"
"2021","Campobello Island, New Brunswick [CCS130202004]","2021S05021302004","Natural land for pasture","Hectares","Number","223","units","0","v1326603129","180.8.3","","F","","","0"
"2021","West Isles, New Brunswick [CCS130202006]","2021S05021302006","Tame or seeded pasture","Hectares","Number","223","units","0","v1326603159","181.7.3","0","A","","","0"
"2021","West Isles, New Brunswick [CCS130202006]","2021S05021302006","Natural land for pasture","Hectares","Number","223","units","0","v1326603162","181.8.3","0","A","","","0"
"2021","Lepreau, New Brunswick [CCS130202008]","2021S05021302008","Tame or seeded pasture","Hectares","Number","223","units","0","v1326603192","182.7.3","0","A","","","0"
"2021","Lepreau, New Brunswick [CCS130202008]","2021S05021302008","Natural land for pasture","Hectares","Number","223","units","0","v1326603195","182.8.3","0","A","","","0"
"2021","Pennfield, New Brunswick [CCS130202011]","2021S05021302011","Tame or seeded pasture","Hectares","Number","223","units","0","v1326603225","183.7.3","","F","","","0"
"2021","Pennfield, New Brunswick [CCS130202011]","2021S05021302011","Natural land for pasture","Hectares","Number","223","units","0","v1326603228","183.8.3","","F","","","0"
"2021","Saint James, New Brunswick [CCS130202039]","2021S05021302039","Tame or seeded pasture","Hectares","Number","223","units","0","v1326603258","184.7.3","106","E","","","0"
"2021","Saint James, New Brunswick [CCS130202039]","2021S05021302039","Natural land for pasture","Hectares","Number","223","units","0","v1326603261","184.8.3","","F","","","0"
"2021","Saint David, New Brunswick [CCS130202042]","2021S05021302042","Tame or seeded pasture","Hectares","Number","223","units","0","v1326603291","185.7.3","39","D","","","0"
"2021","Saint David, New Brunswick [CCS130202042]","2021S05021302042","Natural land for pasture","Hectares","Number","223","units","0","v1326603294","185.8.3","94","A","","","0"
"2021","Dumbarton, New Brunswick [CCS130202044]","2021S05021302044","Tame or seeded pasture","Hectares","Number","223","units","0","v1326603324","186.7.3","","F","","","0"
"2021","Dumbarton, New Brunswick [CCS130202044]","2021S05021302044","Natural land for pasture","Hectares","Number","223","units","0","v1326603327","186.8.3","","F","","","0"
"2021","Blissville, New Brunswick [CCS130203001]","2021S05021303001","Tame or seeded pasture","Hectares","Number","223","units","0","v1326603390","188.7.3","20","B","","","0"
"2021","Blissville, New Brunswick [CCS130203001]","2021S05021303001","Natural land for pasture","Hectares","Number","223","units","0","v1326603393","188.8.3","34","B","","","0"
"2021","Lincoln, New Brunswick [CCS130203008]","2021S05021303008","Tame or seeded pasture","Hectares","Number","223","units","0","v1326603423","189.7.3","36","D","","","0"
"2021","Lincoln, New Brunswick [CCS130203008]","2021S05021303008","Natural land for pasture","Hectares","Number","223","units","0","v1326603426","189.8.3","73","A","","","0"
"2021","Maugerville, New Brunswick [CCS130203016]","2021S05021303016","Tame or seeded pasture","Hectares","Number","223","units","0","v1326603456","190.7.3","","F","","","0"
"2021","Maugerville, New Brunswick [CCS130203016]","2021S05021303016","Natural land for pasture","Hectares","Number","223","units","0","v1326603459","190.8.3","241","C","","","0"
"2021","Gagetown, New Brunswick [CCS130204004]","2021S05021304004","Tame or seeded pasture","Hectares","Number","223","units","0","v1326603522","192.7.3","","F","","","0"
"2021","Gagetown, New Brunswick [CCS130204004]","2021S05021304004","Natural land for pasture","Hectares","Number","223","units","0","v1326603525","192.8.3","382","D","","","0"
"2021","Wickham, New Brunswick [CCS130204008]","2021S05021304008","Tame or seeded pasture","Hectares","Number","223","units","0","v1326603555","193.7.3","182","D","","","0"
"2021","Wickham, New Brunswick [CCS130204008]","2021S05021304008","Natural land for pasture","Hectares","Number","223","units","0","v1326603558","193.8.3","376","D","","","0"
"2021","Cambridge, New Brunswick [CCS130204011]","2021S05021304011","Tame or seeded pasture","Hectares","Number","223","units","0","v1326603588","194.7.3","","F","","","0"
"2021","Cambridge, New Brunswick [CCS130204011]","2021S05021304011","Natural land for pasture","Hectares","Number","223","units","0","v1326603591","194.8.3","416","C","","","0"
"2021","Chipman, New Brunswick [CCS130204024]","2021S05021304024","Tame or seeded pasture","Hectares","Number","223","units","0","v1326603621","195.7.3","","F","","","0"
"2021","Chipman, New Brunswick [CCS130204024]","2021S05021304024","Natural land for pasture","Hectares","Number","223","units","0","v1326603624","195.8.3","","F","","","0"
"2021","Hampton, New Brunswick [CCS130205006]","2021S05021305006","Tame or seeded pasture","Hectares","Number","223","units","0","v1326603687","197.7.3","172","E","","","0"
"2021","Hampton, New Brunswick [CCS130205006]","2021S05021305006","Natural land for pasture","Hectares","Number","223","units","0","v1326603690","197.8.3","369","D","","","0"
"2021","Kingston, New Brunswick [CCS130205014]","2021S05021305014","Tame or seeded pasture","Hectares","Number","223","units","0","v1326603720","198.7.3","102","C","","","0"
"2021","Kingston, New Brunswick [CCS130205014]","2021S05021305014","Natural land for pasture","Hectares","Number","223","units","0","v1326603723","198.8.3","41","A","","","0"
"2021","Grand Bay-Westfield, New Brunswick [CCS130205015]","2021S05021305015","Tame or seeded pasture","Hectares","Number","223","units","0","v1326603753","199.7.3","0","A","","","0"
"2021","Grand Bay-Westfield, New Brunswick [CCS130205015]","2021S05021305015","Natural land for pasture","Hectares","Number","223","units","0","v1326603756","199.8.3","0","A","","","0"
"2021","Norton, New Brunswick [CCS130205016]","2021S05021305016","Tame or seeded pasture","Hectares","Number","223","units","0","v1326603786","200.7.3","436","C","","","0"
"2021","Norton, New Brunswick [CCS130205016]","2021S05021305016","Natural land for pasture","Hectares","Number","223","units","0","v1326603789","200.8.3","344","D","","","0"
"2021","Sussex, New Brunswick [CCS130205021]","2021S05021305021","Tame or seeded pasture","Hectares","Number","223","units","0","v1326603819","201.7.3","291","E","","","0"
"2021","Sussex, New Brunswick [CCS130205021]","2021S05021305021","Natural land for pasture","Hectares","Number","223","units","0","v1326603822","201.8.3","","F","","","0"
"2021","Waterford, New Brunswick [CCS130205024]","2021S05021305024","Tame or seeded pasture","Hectares","Number","223","units","0","v1326603852","202.7.3","89","A","","","0"
"2021","Waterford, New Brunswick [CCS130205024]","2021S05021305024","Natural land for pasture","Hectares","Number","223","units","0","v1326603855","202.8.3","29","B","","","0"
"2021","Cardwell, New Brunswick [CCS130205026]","2021S05021305026","Tame or seeded pasture","Hectares","Number","223","units","0","v1326603885","203.7.3","72","E","","","0"
"2021","Cardwell, New Brunswick [CCS130205026]","2021S05021305026","Natural land for pasture","Hectares","Number","223","units","0","v1326603888","203.8.3","318","C","","","0"
"2021","Havelock, New Brunswick [CCS130205028]","2021S05021305028","Tame or seeded pasture","Hectares","Number","223","units","0","v1326603918","204.7.3","","F","","","0"
"2021","Havelock, New Brunswick [CCS130205028]","2021S05021305028","Natural land for pasture","Hectares","Number","223","units","0","v1326603921","204.8.3","231","E","","","0"
"2021","Studholm, New Brunswick [CCS130205031]","2021S05021305031","Tame or seeded pasture","Hectares","Number","223","units","0","v1326603951","205.7.3","709","D","","","0"
"2021","Studholm, New Brunswick [CCS130205031]","2021S05021305031","Natural land for pasture","Hectares","Number","223","units","0","v1326603954","205.8.3","569","E","","","0"
"2021","Springfield, New Brunswick [CCS130205034]","2021S05021305034","Tame or seeded pasture","Hectares","Number","223","units","0","v1326603984","206.7.3","93","D","","","0"
"2021","Springfield, New Brunswick [CCS130205034]","2021S05021305034","Natural land for pasture","Hectares","Number","223","units","0","v1326603987","206.8.3","182","D","","","0"
"2021","Kars, New Brunswick [CCS130205036]","2021S05021305036","Tame or seeded pasture","Hectares","Number","223","units","0","v1326604017","207.7.3","","F","","","0"
"2021","Kars, New Brunswick [CCS130205036]","2021S05021305036","Natural land for pasture","Hectares","Number","223","units","0","v1326604020","207.8.3","","F","","","0"
"2021","Rothesay, New Brunswick [CCS130205045]","2021S05021305045","Tame or seeded pasture","Hectares","Number","223","units","0","v1326604050","208.7.3","0","A","","","0"
"2021","Rothesay, New Brunswick [CCS130205045]","2021S05021305045","Natural land for pasture","Hectares","Number","223","units","0","v1326604053","208.8.3","13","D","","","0"
"2021","Hopewell, New Brunswick [CCS130306001]","2021S05021306001","Tame or seeded pasture","Hectares","Number","223","units","0","v1326604149","211.7.3","","F","","","0"
"2021","Hopewell, New Brunswick [CCS130306001]","2021S05021306001","Natural land for pasture","Hectares","Number","223","units","0","v1326604152","211.8.3","","F","","","0"
"2021","Alma, New Brunswick [CCS130306007]","2021S05021306007","Tame or seeded pasture","Hectares","Number","223","units","0","v1326604182","212.7.3","0","A","","","0"
"2021","Alma, New Brunswick [CCS130306007]","2021S05021306007","Natural land for pasture","Hectares","Number","223","units","0","v1326604185","212.8.3","15","D","","","0"
"2021","Elgin, New Brunswick [CCS130306008]","2021S05021306008","Tame or seeded pasture","Hectares","Number","223","units","0","v1326604215","213.7.3","94","E","","","0"
"2021","Elgin, New Brunswick [CCS130306008]","2021S05021306008","Natural land for pasture","Hectares","Number","223","units","0","v1326604218","213.8.3","112","E","","","0"
"2021","Hillsborough, New Brunswick [CCS130306011]","2021S05021306011","Tame or seeded pasture","Hectares","Number","223","units","0","v1326604248","214.7.3","","F","","","0"
"2021","Hillsborough, New Brunswick [CCS130306011]","2021S05021306011","Natural land for pasture","Hectares","Number","223","units","0","v1326604251","214.8.3","","F","","","0"
"2021","Coverdale, New Brunswick [CCS130306014]","2021S05021306014","Tame or seeded pasture","Hectares","Number","223","units","0","v1326604281","215.7.3","","F","","","0"
"2021","Coverdale, New Brunswick [CCS130306014]","2021S05021306014","Natural land for pasture","Hectares","Number","223","units","0","v1326604284","215.8.3","","F","","","0"
"2021","Westmorland, New Brunswick [CCS130307001]","2021S05021307001","Tame or seeded pasture","Hectares","Number","223","units","0","v1326604347","217.7.3","102","E","","","0"
"2021","Westmorland, New Brunswick [CCS130307001]","2021S05021307001","Natural land for pasture","Hectares","Number","223","units","0","v1326604350","217.8.3","321","D","","","0"
"2021","Botsford, New Brunswick [CCS130307004]","2021S05021307004","Tame or seeded pasture","Hectares","Number","223","units","0","v1326604380","218.7.3","597","B","","","0"
"2021","Botsford, New Brunswick [CCS130307004]","2021S05021307004","Natural land for pasture","Hectares","Number","223","units","0","v1326604383","218.8.3","425","D","","","0"
"2021","Beaubassin East, New Brunswick [CCS130307005]","2021S05021307005","Tame or seeded pasture","Hectares","Number","223","units","0","v1326604413","219.7.3","142","E","","","0"
"2021","Beaubassin East, New Brunswick [CCS130307005]","2021S05021307005","Natural land for pasture","Hectares","Number","223","units","0","v1326604416","219.8.3","357","E","","","0"
"2021","Sackville, New Brunswick [CCS130307008]","2021S05021307008","Tame or seeded pasture","Hectares","Number","223","units","0","v1326604446","220.7.3","344","E","","","0"
"2021","Sackville, New Brunswick [CCS130307008]","2021S05021307008","Natural land for pasture","Hectares","Number","223","units","0","v1326604449","220.8.3","657","E","","","0"
"2021","Memramcook, New Brunswick [CCS130307013]","2021S05021307013","Tame or seeded pasture","Hectares","Number","223","units","0","v1326604479","221.7.3","123","E","","","0"
"2021","Memramcook, New Brunswick [CCS130307013]","2021S05021307013","Natural land for pasture","Hectares","Number","223","units","0","v1326604482","221.8.3","249","E","","","0"
"2021","Moncton, New Brunswick [CCS130307019]","2021S05021307019","Tame or seeded pasture","Hectares","Number","223","units","0","v1326604512","222.7.3","","F","","","0"
"2021","Moncton, New Brunswick [CCS130307019]","2021S05021307019","Natural land for pasture","Hectares","Number","223","units","0","v1326604515","222.8.3","","F","","","0"
"2021","Salisbury, New Brunswick [CCS130307024]","2021S05021307024","Tame or seeded pasture","Hectares","Number","223","units","0","v1326604545","223.7.3","307","D","","","0"
"2021","Salisbury, New Brunswick [CCS130307024]","2021S05021307024","Natural land for pasture","Hectares","Number","223","units","0","v1326604548","223.8.3","618","D","","","0"
"2021","Dundas, New Brunswick [CCS130308001]","2021S05021308001","Tame or seeded pasture","Hectares","Number","223","units","0","v1326604611","225.7.3","92","E","","","0"
"2021","Dundas, New Brunswick [CCS130308001]","2021S05021308001","Natural land for pasture","Hectares","Number","223","units","0","v1326604614","225.8.3","","F","","","0"
"2021","Wellington, New Brunswick [CCS130308004]","2021S05021308004","Tame or seeded pasture","Hectares","Number","223","units","0","v1326604644","226.7.3","","F","","","0"
"2021","Wellington, New Brunswick [CCS130308004]","2021S05021308004","Natural land for pasture","Hectares","Number","223","units","0","v1326604647","226.8.3","","F","","","0"
"2021","Saint Mary, New Brunswick [CCS130308006]","2021S05021308006","Tame or seeded pasture","Hectares","Number","223","units","0","v1326604677","227.7.3","","F","","","0"
"2021","Saint Mary, New Brunswick [CCS130308006]","2021S05021308006","Natural land for pasture","Hectares","Number","223","units","0","v1326604680","227.8.3","","F","","","0"
"2021","Weldford, New Brunswick [CCS130308014]","2021S05021308014","Tame or seeded pasture","Hectares","Number","223","units","0","v1326604710","228.7.3","308","C","","","0"
"2021","Weldford, New Brunswick [CCS130308014]","2021S05021308014","Natural land for pasture","Hectares","Number","223","units","0","v1326604713","228.8.3","229","D","","","0"
"2021","Richibucto, New Brunswick [CCS130308016]","2021S05021308016","Tame or seeded pasture","Hectares","Number","223","units","0","v1326604743","229.7.3","0","A","","","0"
"2021","Richibucto, New Brunswick [CCS130308016]","2021S05021308016","Natural land for pasture","Hectares","Number","223","units","0","v1326604746","229.8.3","0","A","","","0"
"2021","Saint-Charles, New Brunswick [CCS130308019]","2021S05021308019","Tame or seeded pasture","Hectares","Number","223","units","0","v1326604776","230.7.3","0","A","","","0"
"2021","Saint-Charles, New Brunswick [CCS130308019]","2021S05021308019","Natural land for pasture","Hectares","Number","223","units","0","v1326604779","230.8.3","","F","","","0"
"2021","Glenelg, New Brunswick [CCS130409004]","2021S05021309004","Tame or seeded pasture","Hectares","Number","223","units","0","v1326604875","233.7.3","","F","","","0"
"2021","Glenelg, New Brunswick [CCS130409004]","2021S05021309004","Natural land for pasture","Hectares","Number","223","units","0","v1326604878","233.8.3","","F","","","0"
"2021","Southesk, New Brunswick [CCS130409026]","2021S05021309026","Tame or seeded pasture","Hectares","Number","223","units","0","v1326604908","234.7.3","","F","","","0"
"2021","Southesk, New Brunswick [CCS130409026]","2021S05021309026","Natural land for pasture","Hectares","Number","223","units","0","v1326604911","234.8.3","","F","","","0"
"2021","Newcastle, New Brunswick [CCS130409031]","2021S05021309031","Tame or seeded pasture","Hectares","Number","223","units","0","v1326604941","235.7.3","","F","","","0"
"2021","Newcastle, New Brunswick [CCS130409031]","2021S05021309031","Natural land for pasture","Hectares","Number","223","units","0","v1326604944","235.8.3","","F","","","0"
"2021","Alnwick, New Brunswick [CCS130409036]","2021S05021309036","Tame or seeded pasture","Hectares","Number","223","units","0","v1326604974","236.7.3","","F","","","0"
"2021","Alnwick, New Brunswick [CCS130409036]","2021S05021309036","Natural land for pasture","Hectares","Number","223","units","0","v1326604977","236.8.3","","F","","","0"
"2021","Durham, New Brunswick [CCS130414001]","2021S05021314001","Tame or seeded pasture","Hectares","Number","223","units","0","v1326605040","238.7.3","98","E","","","0"
"2021","Durham, New Brunswick [CCS130414001]","2021S05021314001","Natural land for pasture","Hectares","Number","223","units","0","v1326605043","238.8.3","","F","","","0"
"2021","Dalhousie, New Brunswick [CCS130414008]","2021S05021314008","Tame or seeded pasture","Hectares","Number","223","units","0","v1326605073","239.7.3","","F","","","0"
"2021","Dalhousie, New Brunswick [CCS130414008]","2021S05021314008","Natural land for pasture","Hectares","Number","223","units","0","v1326605076","239.8.3","","F","","","0"
"2021","Saint-Quentin, New Brunswick [CCS130414021]","2021S05021314021","Tame or seeded pasture","Hectares","Number","223","units","0","v1326605106","240.7.3","","F","","","0"
"2021","Saint-Quentin, New Brunswick [CCS130414021]","2021S05021314021","Natural land for pasture","Hectares","Number","223","units","0","v1326605109","240.8.3","","F","","","0"
"2021","Tracadie, New Brunswick [CCS130415002]","2021S05021315002","Tame or seeded pasture","Hectares","Number","223","units","0","v1326605172","242.7.3","","F","","","0"
"2021","Tracadie, New Brunswick [CCS130415002]","2021S05021315002","Natural land for pasture","Hectares","Number","223","units","0","v1326605175","242.8.3","","F","","","0"
"2021","Beresford, New Brunswick [CCS130415012]","2021S05021315012","Tame or seeded pasture","Hectares","Number","223","units","0","v1326605205","243.7.3","140","E","","","0"
"2021","Beresford, New Brunswick [CCS130415012]","2021S05021315012","Natural land for pasture","Hectares","Number","223","units","0","v1326605208","243.8.3","","F","","","0"
"2021","New Bandon, New Brunswick [CCS130415016]","2021S05021315016","Tame or seeded pasture","Hectares","Number","223","units","0","v1326605238","244.7.3","78","E","","","0"
"2021","New Bandon, New Brunswick [CCS130415016]","2021S05021315016","Natural land for pasture","Hectares","Number","223","units","0","v1326605241","244.8.3","","F","","","0"
"2021","Paquetville, New Brunswick [CCS130415019]","2021S05021315019","Tame or seeded pasture","Hectares","Number","223","units","0","v1326605271","245.7.3","","F","","","0"
"2021","Paquetville, New Brunswick [CCS130415019]","2021S05021315019","Natural land for pasture","Hectares","Number","223","units","0","v1326605274","245.8.3","","F","","","0"
"2021","Caraquet, New Brunswick [CCS130415026]","2021S05021315026","Tame or seeded pasture","Hectares","Number","223","units","0","v1326605304","246.7.3","0","A","","","0"
"2021","Caraquet, New Brunswick [CCS130415026]","2021S05021315026","Natural land for pasture","Hectares","Number","223","units","0","v1326605307","246.8.3","","F","","","0"
"2021","Shippagan, New Brunswick [CCS130415029]","2021S05021315029","Tame or seeded pasture","Hectares","Number","223","units","0","v1326605337","247.7.3","0","A","","","0"
"2021","Shippagan, New Brunswick [CCS130415029]","2021S05021315029","Natural land for pasture","Hectares","Number","223","units","0","v1326605340","247.8.3","0","A","","","0"
"2021","Quebec [PR240000000]","2021A000224","Tame or seeded pasture","Hectares","Number","223","units","0","v1326605370","248.7.3","86644","A","","","0"
"2021","Quebec [PR240000000]","2021A000224","Natural land for pasture","Hectares","Number","223","units","0","v1326605373","248.8.3","80617","B","","","0"
"2021","Causapscal, Quebec [CCS240107018]","2021S05022407018","Tame or seeded pasture","Hectares","Number","223","units","0","v1326605469","251.7.3","215","C","","","0"
"2021","Causapscal, Quebec [CCS240107018]","2021S05022407018","Natural land for pasture","Hectares","Number","223","units","0","v1326605472","251.8.3","153","C","","","0"
"2021","Albertville, Quebec [CCS240107025]","2021S05022407025","Tame or seeded pasture","Hectares","Number","223","units","0","v1326605502","252.7.3","67","E","","","0"
"2021","Albertville, Quebec [CCS240107025]","2021S05022407025","Natural land for pasture","Hectares","Number","223","units","0","v1326605505","252.8.3","","F","","","0"
"2021","Saint-Léon-le-Grand, Quebec [CCS240107030]","2021S05022407030","Tame or seeded pasture","Hectares","Number","223","units","0","v1326605535","253.7.3","180","E","","","0"
"2021","Saint-Léon-le-Grand, Quebec [CCS240107030]","2021S05022407030","Natural land for pasture","Hectares","Number","223","units","0","v1326605538","253.8.3","118","E","","","0"
"2021","Amqui, Quebec [CCS240107047]","2021S05022407047","Tame or seeded pasture","Hectares","Number","223","units","0","v1326605568","254.7.3","393","C","","","0"
"2021","Amqui, Quebec [CCS240107047]","2021S05022407047","Natural land for pasture","Hectares","Number","223","units","0","v1326605571","254.8.3","147","E","","","0"
"2021","Val-Brillant, Quebec [CCS240107080]","2021S05022407080","Tame or seeded pasture","Hectares","Number","223","units","0","v1326605601","255.7.3","320","B","","","0"
"2021","Val-Brillant, Quebec [CCS240107080]","2021S05022407080","Natural land for pasture","Hectares","Number","223","units","0","v1326605604","255.8.3","","F","","","0"
"2021","Sayabec, Quebec [CCS240107085]","2021S05022407085","Tame or seeded pasture","Hectares","Number","223","units","0","v1326605634","256.7.3","295","D","","","0"
"2021","Sayabec, Quebec [CCS240107085]","2021S05022407085","Natural land for pasture","Hectares","Number","223","units","0","v1326605637","256.8.3","","F","","","0"
"2021","Saint-Cléophas, Quebec [CCS240107090]","2021S05022407090","Tame or seeded pasture","Hectares","Number","223","units","0","v1326605667","257.7.3","394","D","","","0"
"2021","Saint-Cléophas, Quebec [CCS240107090]","2021S05022407090","Natural land for pasture","Hectares","Number","223","units","0","v1326605670","257.8.3","","F","","","0"
"2021","Routhierville, Quebec [CCS240107902]","2021S05022407902","Tame or seeded pasture","Hectares","Number","223","units","0","v1326605700","258.7.3","0","A","","","0"
"2021","Routhierville, Quebec [CCS240107902]","2021S05022407902","Natural land for pasture","Hectares","Number","223","units","0","v1326605703","258.8.3","0","A","","","0"
"2021","Ruisseau-des-Mineurs, Quebec [CCS240107910]","2021S05022407910","Tame or seeded pasture","Hectares","Number","223","units","0","v1326605733","259.7.3","0","A","","","0"
"2021","Ruisseau-des-Mineurs, Quebec [CCS240107910]","2021S05022407910","Natural land for pasture","Hectares","Number","223","units","0","v1326605736","259.8.3","0","A","","","0"
"2021","Lac-Alfred, Quebec [CCS240107912]","2021S05022407912","Tame or seeded pasture","Hectares","Number","223","units","0","v1326605766","260.7.3","0","A","","","0"
"2021","Lac-Alfred, Quebec [CCS240107912]","2021S05022407912","Natural land for pasture","Hectares","Number","223","units","0","v1326605769","260.8.3","0","A","","","0"
"2021","Lac-Matapédia, Quebec [CCS240107914]","2021S05022407914","Tame or seeded pasture","Hectares","Number","223","units","0","v1326605799","261.7.3","267","C","","","0"
"2021","Lac-Matapédia, Quebec [CCS240107914]","2021S05022407914","Natural land for pasture","Hectares","Number","223","units","0","v1326605802","261.8.3","0","A","","","0"
"2021","Grosses-Roches, Quebec [CCS240108015]","2021S05022408015","Tame or seeded pasture","Hectares","Number","223","units","0","v1326605865","263.7.3","0","A","","","0"
"2021","Grosses-Roches, Quebec [CCS240108015]","2021S05022408015","Natural land for pasture","Hectares","Number","223","units","0","v1326605868","263.8.3","0","A","","","0"
"2021","Sainte-Félicité, Quebec [CCS240108023]","2021S05022408023","Tame or seeded pasture","Hectares","Number","223","units","0","v1326605898","264.7.3","134","D","","","0"
"2021","Sainte-Félicité, Quebec [CCS240108023]","2021S05022408023","Natural land for pasture","Hectares","Number","223","units","0","v1326605901","264.8.3","","F","","","0"
"2021","Matane, Quebec [CCS240108053]","2021S05022408053","Tame or seeded pasture","Hectares","Number","223","units","0","v1326605931","265.7.3","210","D","","","0"
"2021","Matane, Quebec [CCS240108053]","2021S05022408053","Natural land for pasture","Hectares","Number","223","units","0","v1326605934","265.8.3","446","D","","","0"
"2021","Saint-Ulric, Quebec [CCS240108073]","2021S05022408073","Tame or seeded pasture","Hectares","Number","223","units","0","v1326605964","266.7.3","318","C","","","0"
"2021","Saint-Ulric, Quebec [CCS240108073]","2021S05022408073","Natural land for pasture","Hectares","Number","223","units","0","v1326605967","266.8.3","76","E","","","0"
"2021","Baie-des-Sables, Quebec [CCS240108080]","2021S05022408080","Tame or seeded pasture","Hectares","Number","223","units","0","v1326605997","267.7.3","209","C","","","0"
"2021","Baie-des-Sables, Quebec [CCS240108080]","2021S05022408080","Natural land for pasture","Hectares","Number","223","units","0","v1326606000","267.8.3","130","E","","","0"
"2021","Rivière-Bonjour, Quebec [CCS240108902]","2021S05022408902","Tame or seeded pasture","Hectares","Number","223","units","0","v1326606030","268.7.3","0","A","","","0"
"2021","Rivière-Bonjour, Quebec [CCS240108902]","2021S05022408902","Natural land for pasture","Hectares","Number","223","units","0","v1326606033","268.8.3","0","A","","","0"
"2021","Sainte-Jeanne-d'Arc, Quebec [CCS240109020]","2021S05022409020","Tame or seeded pasture","Hectares","Number","223","units","0","v1326606096","270.7.3","10","C","","","0"
"2021","Sainte-Jeanne-d'Arc, Quebec [CCS240109020]","2021S05022409020","Natural land for pasture","Hectares","Number","223","units","0","v1326606099","270.8.3","25","C","","","0"
"2021","Saint-Gabriel-de-Rimouski, Quebec [CCS240109025]","2021S05022409025","Tame or seeded pasture","Hectares","Number","223","units","0","v1326606129","271.7.3","133","E","","","0"
"2021","Saint-Gabriel-de-Rimouski, Quebec [CCS240109025]","2021S05022409025","Natural land for pasture","Hectares","Number","223","units","0","v1326606132","271.8.3","577","C","","","0"
"2021","Sainte-Angèle-de-Mérici, Quebec [CCS240109035]","2021S05022409035","Tame or seeded pasture","Hectares","Number","223","units","0","v1326606162","272.7.3","","F","","","0"
"2021","Sainte-Angèle-de-Mérici, Quebec [CCS240109035]","2021S05022409035","Natural land for pasture","Hectares","Number","223","units","0","v1326606165","272.8.3","","F","","","0"
"2021","Saint-Octave-de-Métis, Quebec [CCS240109055]","2021S05022409055","Tame or seeded pasture","Hectares","Number","223","units","0","v1326606195","273.7.3","264","E","","","0"
"2021","Saint-Octave-de-Métis, Quebec [CCS240109055]","2021S05022409055","Natural land for pasture","Hectares","Number","223","units","0","v1326606198","273.8.3","","F","","","0"
"2021","Sainte-Flavie, Quebec [CCS240109085]","2021S05022409085","Tame or seeded pasture","Hectares","Number","223","units","0","v1326606228","274.7.3","","F","","","0"
"2021","Sainte-Flavie, Quebec [CCS240109085]","2021S05022409085","Natural land for pasture","Hectares","Number","223","units","0","v1326606231","274.8.3","121","E","","","0"
"2021","Sainte-Luce, Quebec [CCS240109092]","2021S05022409092","Tame or seeded pasture","Hectares","Number","223","units","0","v1326606261","275.7.3","83","E","","","0"
"2021","Sainte-Luce, Quebec [CCS240109092]","2021S05022409092","Natural land for pasture","Hectares","Number","223","units","0","v1326606264","275.8.3","","F","","","0"
"2021","Lac-des-Eaux-Mortes, Quebec [CCS240109902]","2021S05022409902","Tame or seeded pasture","Hectares","Number","223","units","0","v1326606294","276.7.3","","F","","","0"
"2021","Lac-des-Eaux-Mortes, Quebec [CCS240109902]","2021S05022409902","Natural land for pasture","Hectares","Number","223","units","0","v1326606297","276.8.3","97","E","","","0"
"2021","Lac-à-la-Croix, Quebec [CCS240109904]","2021S05022409904","Tame or seeded pasture","Hectares","Number","223","units","0","v1326606327","277.7.3","0","A","","","0"
"2021","Lac-à-la-Croix, Quebec [CCS240109904]","2021S05022409904","Natural land for pasture","Hectares","Number","223","units","0","v1326606330","277.8.3","0","A","","","0"
"2021","Esprit-Saint, Quebec [CCS240110005]","2021S05022410005","Tame or seeded pasture","Hectares","Number","223","units","0","v1326606393","279.7.3","117","E","","","0"
"2021","Esprit-Saint, Quebec [CCS240110005]","2021S05022410005","Natural land for pasture","Hectares","Number","223","units","0","v1326606396","279.8.3","","F","","","0"
"2021","Rimouski, Quebec [CCS240110043]","2021S05022410043","Tame or seeded pasture","Hectares","Number","223","units","0","v1326606426","280.7.3","","F","","","0"
"2021","Rimouski, Quebec [CCS240110043]","2021S05022410043","Natural land for pasture","Hectares","Number","223","units","0","v1326606429","280.8.3","","F","","","0"
"2021","Saint-Fabien, Quebec [CCS240110070]","2021S05022410070","Tame or seeded pasture","Hectares","Number","223","units","0","v1326606459","281.7.3","","F","","","0"
"2021","Saint-Fabien, Quebec [CCS240110070]","2021S05022410070","Natural land for pasture","Hectares","Number","223","units","0","v1326606462","281.8.3","","F","","","0"
"2021","Lac-Huron, Quebec [CCS240110902]","2021S05022410902","Tame or seeded pasture","Hectares","Number","223","units","0","v1326606492","282.7.3","","F","","","0"
"2021","Lac-Huron, Quebec [CCS240110902]","2021S05022410902","Natural land for pasture","Hectares","Number","223","units","0","v1326606495","282.8.3","","F","","","0"
"2021","Saint-Clément, Quebec [CCS240111005]","2021S05022411005","Tame or seeded pasture","Hectares","Number","223","units","0","v1326606558","284.7.3","61","D","","","0"
"2021","Saint-Clément, Quebec [CCS240111005]","2021S05022411005","Natural land for pasture","Hectares","Number","223","units","0","v1326606561","284.8.3","","F","","","0"
"2021","Saint-Jean-de-Dieu, Quebec [CCS240111010]","2021S05022411010","Tame or seeded pasture","Hectares","Number","223","units","0","v1326606591","285.7.3","","F","","","0"
"2021","Saint-Jean-de-Dieu, Quebec [CCS240111010]","2021S05022411010","Natural land for pasture","Hectares","Number","223","units","0","v1326606594","285.8.3","120","E","","","0"
"2021","Saint-Guy, Quebec [CCS240111020]","2021S05022411020","Tame or seeded pasture","Hectares","Number","223","units","0","v1326606624","286.7.3","0","A","","","0"
"2021","Saint-Guy, Quebec [CCS240111020]","2021S05022411020","Natural land for pasture","Hectares","Number","223","units","0","v1326606627","286.8.3","285","D","","","0"
"2021","Saint-Éloi, Quebec [CCS240111035]","2021S05022411035","Tame or seeded pasture","Hectares","Number","223","units","0","v1326606657","287.7.3","","F","","","0"
"2021","Saint-Éloi, Quebec [CCS240111035]","2021S05022411035","Natural land for pasture","Hectares","Number","223","units","0","v1326606660","287.8.3","0","A","","","0"
"2021","Notre-Dame-des-Neiges, Quebec [CCS240111045]","2021S05022411045","Tame or seeded pasture","Hectares","Number","223","units","0","v1326606690","288.7.3","","F","","","0"
"2021","Notre-Dame-des-Neiges, Quebec [CCS240111045]","2021S05022411045","Natural land for pasture","Hectares","Number","223","units","0","v1326606693","288.8.3","","F","","","0"
"2021","Saint-Mathieu-de-Rioux, Quebec [CCS240111050]","2021S05022411050","Tame or seeded pasture","Hectares","Number","223","units","0","v1326606723","289.7.3","","F","","","0"
"2021","Saint-Mathieu-de-Rioux, Quebec [CCS240111050]","2021S05022411050","Natural land for pasture","Hectares","Number","223","units","0","v1326606726","289.8.3","","F","","","0"
"2021","Saint-Simon-de-Rimouski, Quebec [CCS240111055]","2021S05022411055","Tame or seeded pasture","Hectares","Number","223","units","0","v1326606756","290.7.3","5","D","","","0"
"2021","Saint-Simon-de-Rimouski, Quebec [CCS240111055]","2021S05022411055","Natural land for pasture","Hectares","Number","223","units","0","v1326606759","290.8.3","13","D","","","0"
"2021","Saint-Cyprien, Quebec [CCS240112005]","2021S05022412005","Tame or seeded pasture","Hectares","Number","223","units","0","v1326606822","292.7.3","116","E","","","0"
"2021","Saint-Cyprien, Quebec [CCS240112005]","2021S05022412005","Natural land for pasture","Hectares","Number","223","units","0","v1326606825","292.8.3","","F","","","0"
"2021","Saint-Hubert-de-Rivière-du-Loup, Quebec [CCS240112010]","2021S05022412010","Tame or seeded pasture","Hectares","Number","223","units","0","v1326606855","293.7.3","244","D","","","0"
"2021","Saint-Hubert-de-Rivière-du-Loup, Quebec [CCS240112010]","2021S05022412010","Natural land for pasture","Hectares","Number","223","units","0","v1326606858","293.8.3","","F","","","0"
"2021","Saint-Antonin, Quebec [CCS240112015]","2021S05022412015","Tame or seeded pasture","Hectares","Number","223","units","0","v1326606888","294.7.3","","F","","","0"
"2021","Saint-Antonin, Quebec [CCS240112015]","2021S05022412015","Natural land for pasture","Hectares","Number","223","units","0","v1326606891","294.8.3","","F","","","0"
"2021","Saint-Épiphane, Quebec [CCS240112030]","2021S05022412030","Tame or seeded pasture","Hectares","Number","223","units","0","v1326606921","295.7.3","","F","","","0"
"2021","Saint-Épiphane, Quebec [CCS240112030]","2021S05022412030","Natural land for pasture","Hectares","Number","223","units","0","v1326606924","295.8.3","159","E","","","0"
"2021","L'Isle-Verte, Quebec [CCS240112043]","2021S05022412043","Tame or seeded pasture","Hectares","Number","223","units","0","v1326606954","296.7.3","189","D","","","0"
"2021","L'Isle-Verte, Quebec [CCS240112043]","2021S05022412043","Natural land for pasture","Hectares","Number","223","units","0","v1326606957","296.8.3","123","E","","","0"
"2021","Cacouna, Quebec [CCS240112057]","2021S05022412057","Tame or seeded pasture","Hectares","Number","223","units","0","v1326606987","297.7.3","","F","","","0"
"2021","Cacouna, Quebec [CCS240112057]","2021S05022412057","Natural land for pasture","Hectares","Number","223","units","0","v1326606990","297.8.3","119","E","","","0"
"2021","Saint-Arsène, Quebec [CCS240112065]","2021S05022412065","Tame or seeded pasture","Hectares","Number","223","units","0","v1326607020","298.7.3","255","D","","","0"
"2021","Saint-Arsène, Quebec [CCS240112065]","2021S05022412065","Natural land for pasture","Hectares","Number","223","units","0","v1326607023","298.8.3","","F","","","0"
"2021","Rivière-du-Loup, Quebec [CCS240112072]","2021S05022412072","Tame or seeded pasture","Hectares","Number","223","units","0","v1326607053","299.7.3","","F","","","0"
"2021","Rivière-du-Loup, Quebec [CCS240112072]","2021S05022412072","Natural land for pasture","Hectares","Number","223","units","0","v1326607056","299.8.3","","F","","","0"
"2021","Dégelis, Quebec [CCS240113005]","2021S05022413005","Tame or seeded pasture","Hectares","Number","223","units","0","v1326607119","301.7.3","","F","","","0"
"2021","Dégelis, Quebec [CCS240113005]","2021S05022413005","Natural land for pasture","Hectares","Number","223","units","0","v1326607122","301.8.3","","F","","","0"
"2021","Saint-Jean-de-la-Lande, Quebec [CCS240113010]","2021S05022413010","Tame or seeded pasture","Hectares","Number","223","units","0","v1326607152","302.7.3","208","E","","","0"
"2021","Saint-Jean-de-la-Lande, Quebec [CCS240113010]","2021S05022413010","Natural land for pasture","Hectares","Number","223","units","0","v1326607155","302.8.3","","F","","","0"
"2021","Saint-Eusèbe, Quebec [CCS240113030]","2021S05022413030","Tame or seeded pasture","Hectares","Number","223","units","0","v1326607185","303.7.3","","F","","","0"
"2021","Saint-Eusèbe, Quebec [CCS240113030]","2021S05022413030","Natural land for pasture","Hectares","Number","223","units","0","v1326607188","303.8.3","","F","","","0"
"2021","Auclair, Quebec [CCS240113045]","2021S05022413045","Tame or seeded pasture","Hectares","Number","223","units","0","v1326607218","304.7.3","","F","","","0"
"2021","Auclair, Quebec [CCS240113045]","2021S05022413045","Natural land for pasture","Hectares","Number","223","units","0","v1326607221","304.8.3","0","A","","","0"
"2021","Lejeune, Quebec [CCS240113050]","2021S05022413050","Tame or seeded pasture","Hectares","Number","223","units","0","v1326607251","305.7.3","0","A","","","0"
"2021","Lejeune, Quebec [CCS240113050]","2021S05022413050","Natural land for pasture","Hectares","Number","223","units","0","v1326607254","305.8.3","0","A","","","0"
"2021","Biencourt, Quebec [CCS240113055]","2021S05022413055","Tame or seeded pasture","Hectares","Number","223","units","0","v1326607284","306.7.3","","F","","","0"
"2021","Biencourt, Quebec [CCS240113055]","2021S05022413055","Natural land for pasture","Hectares","Number","223","units","0","v1326607287","306.8.3","179","E","","","0"
"2021","Lac-des-Aigles, Quebec [CCS240113060]","2021S05022413060","Tame or seeded pasture","Hectares","Number","223","units","0","v1326607317","307.7.3","","F","","","0"
"2021","Lac-des-Aigles, Quebec [CCS240113060]","2021S05022413060","Natural land for pasture","Hectares","Number","223","units","0","v1326607320","307.8.3","128","D","","","0"
"2021","Témiscouata-sur-le-Lac, Quebec [CCS240113073]","2021S05022413073","Tame or seeded pasture","Hectares","Number","223","units","0","v1326607350","308.7.3","110","E","","","0"
"2021","Témiscouata-sur-le-Lac, Quebec [CCS240113073]","2021S05022413073","Natural land for pasture","Hectares","Number","223","units","0","v1326607353","308.8.3","","F","","","0"
"2021","Saint-Elzéar-de-Témiscouata, Quebec [CCS240113085]","2021S05022413085","Tame or seeded pasture","Hectares","Number","223","units","0","v1326607383","309.7.3","","F","","","0"
"2021","Saint-Elzéar-de-Témiscouata, Quebec [CCS240113085]","2021S05022413085","Natural land for pasture","Hectares","Number","223","units","0","v1326607386","309.8.3","192","E","","","0"
"2021","Pohénégamook, Quebec [CCS240113095]","2021S05022413095","Tame or seeded pasture","Hectares","Number","223","units","0","v1326607416","310.7.3","","F","","","0"
"2021","Pohénégamook, Quebec [CCS240113095]","2021S05022413095","Natural land for pasture","Hectares","Number","223","units","0","v1326607419","310.8.3","","F","","","0"
"2021","Mont-Carmel, Quebec [CCS240114005]","2021S05022414005","Tame or seeded pasture","Hectares","Number","223","units","0","v1326607482","312.7.3","","F","","","0"
"2021","Mont-Carmel, Quebec [CCS240114005]","2021S05022414005","Natural land for pasture","Hectares","Number","223","units","0","v1326607485","312.8.3","","F","","","0"
"2021","Saint-Bruno-de-Kamouraska, Quebec [CCS240114010]","2021S05022414010","Tame or seeded pasture","Hectares","Number","223","units","0","v1326607515","313.7.3","420","E","","","0"
"2021","Saint-Bruno-de-Kamouraska, Quebec [CCS240114010]","2021S05022414010","Natural land for pasture","Hectares","Number","223","units","0","v1326607518","313.8.3","","F","","","0"
"2021","Saint-Pascal, Quebec [CCS240114018]","2021S05022414018","Tame or seeded pasture","Hectares","Number","223","units","0","v1326607548","314.7.3","201","D","","","0"
"2021","Saint-Pascal, Quebec [CCS240114018]","2021S05022414018","Natural land for pasture","Hectares","Number","223","units","0","v1326607551","314.8.3","","F","","","0"
"2021","Saint-Alexandre-de-Kamouraska, Quebec [CCS240114035]","2021S05022414035","Tame or seeded pasture","Hectares","Number","223","units","0","v1326607581","315.7.3","108","E","","","0"
"2021","Saint-Alexandre-de-Kamouraska, Quebec [CCS240114035]","2021S05022414035","Natural land for pasture","Hectares","Number","223","units","0","v1326607584","315.8.3","","F","","","0"
"2021","Saint-André-de-Kamouraska, Quebec [CCS240114040]","2021S05022414040","Tame or seeded pasture","Hectares","Number","223","units","0","v1326607614","316.7.3","","F","","","0"
"2021","Saint-André-de-Kamouraska, Quebec [CCS240114040]","2021S05022414040","Natural land for pasture","Hectares","Number","223","units","0","v1326607617","316.8.3","48","E","","","0"
"2021","Saint-Germain, Quebec [CCS240114045]","2021S05022414045","Tame or seeded pasture","Hectares","Number","223","units","0","v1326607647","317.7.3","0","A","","","0"
"2021","Saint-Germain, Quebec [CCS240114045]","2021S05022414045","Natural land for pasture","Hectares","Number","223","units","0","v1326607650","317.8.3","","F","","","0"
"2021","Kamouraska, Quebec [CCS240114050]","2021S05022414050","Tame or seeded pasture","Hectares","Number","223","units","0","v1326607680","318.7.3","","F","","","0"
"2021","Kamouraska, Quebec [CCS240114050]","2021S05022414050","Natural land for pasture","Hectares","Number","223","units","0","v1326607683","318.8.3","","F","","","0"
"2021","Saint-Denis-De La Bouteillerie, Quebec [CCS240114055]","2021S05022414055","Tame or seeded pasture","Hectares","Number","223","units","0","v1326607713","319.7.3","72","D","","","0"
"2021","Saint-Denis-De La Bouteillerie, Quebec [CCS240114055]","2021S05022414055","Natural land for pasture","Hectares","Number","223","units","0","v1326607716","319.8.3","0","A","","","0"
"2021","Saint-Philippe-de-Néri, Quebec [CCS240114060]","2021S05022414060","Tame or seeded pasture","Hectares","Number","223","units","0","v1326607746","320.7.3","","F","","","0"
"2021","Saint-Philippe-de-Néri, Quebec [CCS240114060]","2021S05022414060","Natural land for pasture","Hectares","Number","223","units","0","v1326607749","320.8.3","","F","","","0"
"2021","Rivière-Ouelle, Quebec [CCS240114065]","2021S05022414065","Tame or seeded pasture","Hectares","Number","223","units","0","v1326607779","321.7.3","","F","","","0"
"2021","Rivière-Ouelle, Quebec [CCS240114065]","2021S05022414065","Natural land for pasture","Hectares","Number","223","units","0","v1326607782","321.8.3","","F","","","0"
"2021","Saint-Pacôme, Quebec [CCS240114070]","2021S05022414070","Tame or seeded pasture","Hectares","Number","223","units","0","v1326607812","322.7.3","","F","","","0"
"2021","Saint-Pacôme, Quebec [CCS240114070]","2021S05022414070","Natural land for pasture","Hectares","Number","223","units","0","v1326607815","322.8.3","","F","","","0"
"2021","Saint-Onésime-d'Ixworth, Quebec [CCS240114080]","2021S05022414080","Tame or seeded pasture","Hectares","Number","223","units","0","v1326607845","323.7.3","78","E","","","0"
"2021","Saint-Onésime-d'Ixworth, Quebec [CCS240114080]","2021S05022414080","Natural land for pasture","Hectares","Number","223","units","0","v1326607848","323.8.3","","F","","","0"
"2021","Sainte-Anne-de-la-Pocatière, Quebec [CCS240114090]","2021S05022414090","Tame or seeded pasture","Hectares","Number","223","units","0","v1326607878","324.7.3","","F","","","0"
"2021","Sainte-Anne-de-la-Pocatière, Quebec [CCS240114090]","2021S05022414090","Natural land for pasture","Hectares","Number","223","units","0","v1326607881","324.8.3","","F","","","0"
"2021","Petit-Lac-Sainte-Anne, Quebec [CCS240114904]","2021S05022414904","Tame or seeded pasture","Hectares","Number","223","units","0","v1326607911","325.7.3","0","A","","","0"
"2021","Petit-Lac-Sainte-Anne, Quebec [CCS240114904]","2021S05022414904","Natural land for pasture","Hectares","Number","223","units","0","v1326607914","325.8.3","0","A","","","0"
"2021","Chambord, Quebec [CCS240291020]","2021S05022491020","Tame or seeded pasture","Hectares","Number","223","units","0","v1326608010","328.7.3","","F","","","0"
"2021","Chambord, Quebec [CCS240291020]","2021S05022491020","Natural land for pasture","Hectares","Number","223","units","0","v1326608013","328.8.3","","F","","","0"
"2021","Saint-Prime, Quebec [CCS240291035]","2021S05022491035","Tame or seeded pasture","Hectares","Number","223","units","0","v1326608043","329.7.3","","F","","","0"
"2021","Saint-Prime, Quebec [CCS240291035]","2021S05022491035","Natural land for pasture","Hectares","Number","223","units","0","v1326608046","329.8.3","","F","","","0"
"2021","Saint-Félicien, Quebec [CCS240291042]","2021S05022491042","Tame or seeded pasture","Hectares","Number","223","units","0","v1326608076","330.7.3","697","D","","","0"
"2021","Saint-Félicien, Quebec [CCS240291042]","2021S05022491042","Natural land for pasture","Hectares","Number","223","units","0","v1326608079","330.8.3","","F","","","0"
"2021","Lac-Ashuapmushuan, Quebec [CCS240291902]","2021S05022491902","Tame or seeded pasture","Hectares","Number","223","units","0","v1326608109","331.7.3","414","E","","","0"
"2021","Lac-Ashuapmushuan, Quebec [CCS240291902]","2021S05022491902","Natural land for pasture","Hectares","Number","223","units","0","v1326608112","331.8.3","","F","","","0"
"2021","Saint-Augustin, Quebec [CCS240292005]","2021S05022492005","Tame or seeded pasture","Hectares","Number","223","units","0","v1326608175","333.7.3","619","D","","","0"
"2021","Saint-Augustin, Quebec [CCS240292005]","2021S05022492005","Natural land for pasture","Hectares","Number","223","units","0","v1326608178","333.8.3","331","E","","","0"
"2021","Albanel, Quebec [CCS240292030]","2021S05022492030","Tame or seeded pasture","Hectares","Number","223","units","0","v1326608208","334.7.3","","F","","","0"
"2021","Albanel, Quebec [CCS240292030]","2021S05022492030","Natural land for pasture","Hectares","Number","223","units","0","v1326608211","334.8.3","","F","","","0"
"2021","Normandin, Quebec [CCS240292040]","2021S05022492040","Tame or seeded pasture","Hectares","Number","223","units","0","v1326608241","335.7.3","465","D","","","0"
"2021","Normandin, Quebec [CCS240292040]","2021S05022492040","Natural land for pasture","Hectares","Number","223","units","0","v1326608244","335.8.3","","F","","","0"
"2021","Saint-Edmond-les-Plaines, Quebec [CCS240292050]","2021S05022492050","Tame or seeded pasture","Hectares","Number","223","units","0","v1326608274","336.7.3","598","D","","","0"
"2021","Saint-Edmond-les-Plaines, Quebec [CCS240292050]","2021S05022492050","Natural land for pasture","Hectares","Number","223","units","0","v1326608277","336.8.3","","F","","","0"
"2021","Saint-Eugène-d'Argentenay, Quebec [CCS240292065]","2021S05022492065","Tame or seeded pasture","Hectares","Number","223","units","0","v1326608307","337.7.3","544","D","","","0"
"2021","Saint-Eugène-d'Argentenay, Quebec [CCS240292065]","2021S05022492065","Natural land for pasture","Hectares","Number","223","units","0","v1326608310","337.8.3","","F","","","0"
"2021","Passes-Dangereuses, Quebec [CCS240292902]","2021S05022492902","Tame or seeded pasture","Hectares","Number","223","units","0","v1326608340","338.7.3","","F","","","0"
"2021","Passes-Dangereuses, Quebec [CCS240292902]","2021S05022492902","Natural land for pasture","Hectares","Number","223","units","0","v1326608343","338.8.3","","F","","","0"
"2021","Rivière-Mistassini, Quebec [CCS240292904]","2021S05022492904","Tame or seeded pasture","Hectares","Number","223","units","0","v1326608373","339.7.3","0","A","","","0"
"2021","Rivière-Mistassini, Quebec [CCS240292904]","2021S05022492904","Natural land for pasture","Hectares","Number","223","units","0","v1326608376","339.8.3","0","A","","","0"
"2021","Métabetchouan--Lac-à-la-Croix, Quebec [CCS240293012]","2021S05022493012","Tame or seeded pasture","Hectares","Number","223","units","0","v1326608439","341.7.3","","F","","","0"
"2021","Métabetchouan--Lac-à-la-Croix, Quebec [CCS240293012]","2021S05022493012","Natural land for pasture","Hectares","Number","223","units","0","v1326608442","341.8.3","","F","","","0"
"2021","Hébertville, Quebec [CCS240293020]","2021S05022493020","Tame or seeded pasture","Hectares","Number","223","units","0","v1326608472","342.7.3","208","E","","","0"
"2021","Hébertville, Quebec [CCS240293020]","2021S05022493020","Natural land for pasture","Hectares","Number","223","units","0","v1326608475","342.8.3","522","D","","","0"
"2021","Saint-Bruno, Quebec [CCS240293030]","2021S05022493030","Tame or seeded pasture","Hectares","Number","223","units","0","v1326608505","343.7.3","387","E","","","0"
"2021","Saint-Bruno, Quebec [CCS240293030]","2021S05022493030","Natural land for pasture","Hectares","Number","223","units","0","v1326608508","343.8.3","310","E","","","0"
"2021","Saint-Gédéon, Quebec [CCS240293035]","2021S05022493035","Tame or seeded pasture","Hectares","Number","223","units","0","v1326608538","344.7.3","156","E","","","0"
"2021","Saint-Gédéon, Quebec [CCS240293035]","2021S05022493035","Natural land for pasture","Hectares","Number","223","units","0","v1326608541","344.8.3","","F","","","0"
"2021","Alma, Quebec [CCS240293042]","2021S05022493042","Tame or seeded pasture","Hectares","Number","223","units","0","v1326608571","345.7.3","391","E","","","0"
"2021","Alma, Quebec [CCS240293042]","2021S05022493042","Natural land for pasture","Hectares","Number","223","units","0","v1326608574","345.8.3","240","E","","","0"
"2021","Saint-Nazaire, Quebec [CCS240293045]","2021S05022493045","Tame or seeded pasture","Hectares","Number","223","units","0","v1326608604","346.7.3","","F","","","0"
"2021","Saint-Nazaire, Quebec [CCS240293045]","2021S05022493045","Natural land for pasture","Hectares","Number","223","units","0","v1326608607","346.8.3","","F","","","0"
"2021","L'Ascension-de-Notre-Seigneur, Quebec [CCS240293065]","2021S05022493065","Tame or seeded pasture","Hectares","Number","223","units","0","v1326608637","347.7.3","","F","","","0"
"2021","L'Ascension-de-Notre-Seigneur, Quebec [CCS240293065]","2021S05022493065","Natural land for pasture","Hectares","Number","223","units","0","v1326608640","347.8.3","","F","","","0"
"2021","Saint-Henri-de-Taillon, Quebec [CCS240293070]","2021S05022493070","Tame or seeded pasture","Hectares","Number","223","units","0","v1326608670","348.7.3","","F","","","0"
"2021","Saint-Henri-de-Taillon, Quebec [CCS240293070]","2021S05022493070","Natural land for pasture","Hectares","Number","223","units","0","v1326608673","348.8.3","","F","","","0"
"2021","Lac-Moncouche, Quebec [CCS240293904]","2021S05022493904","Tame or seeded pasture","Hectares","Number","223","units","0","v1326608703","349.7.3","0","A","","","0"
"2021","Lac-Moncouche, Quebec [CCS240293904]","2021S05022493904","Natural land for pasture","Hectares","Number","223","units","0","v1326608706","349.8.3","0","A","","","0"
"2021","Lac-Achouakan, Quebec [CCS240293906]","2021S05022493906","Tame or seeded pasture","Hectares","Number","223","units","0","v1326608736","350.7.3","0","A","","","0"
"2021","Lac-Achouakan, Quebec [CCS240293906]","2021S05022493906","Natural land for pasture","Hectares","Number","223","units","0","v1326608739","350.8.3","0","A","","","0"
"2021","Belle-Rivière, Quebec [CCS240293908]","2021S05022493908","Tame or seeded pasture","Hectares","Number","223","units","0","v1326608769","351.7.3","0","A","","","0"
"2021","Belle-Rivière, Quebec [CCS240293908]","2021S05022493908","Natural land for pasture","Hectares","Number","223","units","0","v1326608772","351.8.3","0","A","","","0"
"2021","Saguenay, Quebec [CCS240294068]","2021S05022494068","Tame or seeded pasture","Hectares","Number","223","units","0","v1326608835","353.7.3","611","E","","","0"
"2021","Saguenay, Quebec [CCS240294068]","2021S05022494068","Natural land for pasture","Hectares","Number","223","units","0","v1326608838","353.8.3","","F","","","0"
"2021","Petit-Saguenay, Quebec [CCS240294205]","2021S05022494205","Tame or seeded pasture","Hectares","Number","223","units","0","v1326608868","354.7.3","76","E","","","0"
"2021","Petit-Saguenay, Quebec [CCS240294205]","2021S05022494205","Natural land for pasture","Hectares","Number","223","units","0","v1326608871","354.8.3","","F","","","0"
"2021","Saint-Fulgence, Quebec [CCS240294235]","2021S05022494235","Tame or seeded pasture","Hectares","Number","223","units","0","v1326608901","355.7.3","","F","","","0"
"2021","Saint-Fulgence, Quebec [CCS240294235]","2021S05022494235","Natural land for pasture","Hectares","Number","223","units","0","v1326608904","355.8.3","","F","","","0"
"2021","Saint-Honoré, Quebec [CCS240294240]","2021S05022494240","Tame or seeded pasture","Hectares","Number","223","units","0","v1326608934","356.7.3","243","D","","","0"
"2021","Saint-Honoré, Quebec [CCS240294240]","2021S05022494240","Natural land for pasture","Hectares","Number","223","units","0","v1326608937","356.8.3","101","E","","","0"
"2021","Saint-Ambroise, Quebec [CCS240294255]","2021S05022494255","Tame or seeded pasture","Hectares","Number","223","units","0","v1326608967","357.7.3","370","E","","","0"
"2021","Saint-Ambroise, Quebec [CCS240294255]","2021S05022494255","Natural land for pasture","Hectares","Number","223","units","0","v1326608970","357.8.3","571","E","","","0"
"2021","Lalemant, Quebec [CCS240294926]","2021S05022494926","Tame or seeded pasture","Hectares","Number","223","units","0","v1326609000","358.7.3","0","A","","","0"
"2021","Lalemant, Quebec [CCS240294926]","2021S05022494926","Natural land for pasture","Hectares","Number","223","units","0","v1326609003","358.8.3","0","A","","","0"
"2021","Lac-Ministuk, Quebec [CCS240294928]","2021S05022494928","Tame or seeded pasture","Hectares","Number","223","units","0","v1326609033","359.7.3","0","A","","","0"
"2021","Lac-Ministuk, Quebec [CCS240294928]","2021S05022494928","Natural land for pasture","Hectares","Number","223","units","0","v1326609036","359.8.3","0","A","","","0"
"2021","Mont-Valin, Quebec [CCS240294930]","2021S05022494930","Tame or seeded pasture","Hectares","Number","223","units","0","v1326609066","360.7.3","0","A","","","0"
"2021","Mont-Valin, Quebec [CCS240294930]","2021S05022494930","Natural land for pasture","Hectares","Number","223","units","0","v1326609069","360.8.3","0","A","","","0"
"2021","Sacré-Coeur, Quebec [CCS240295010]","2021S05022495010","Tame or seeded pasture","Hectares","Number","223","units","0","v1326609132","362.7.3","136","E","","","0"
"2021","Sacré-Coeur, Quebec [CCS240295010]","2021S05022495010","Natural land for pasture","Hectares","Number","223","units","0","v1326609135","362.8.3","","F","","","0"
"2021","Les Bergeronnes, Quebec [CCS240295018]","2021S05022495018","Tame or seeded pasture","Hectares","Number","223","units","0","v1326609165","363.7.3","","F","","","0"
"2021","Les Bergeronnes, Quebec [CCS240295018]","2021S05022495018","Natural land for pasture","Hectares","Number","223","units","0","v1326609168","363.8.3","","F","","","0"
"2021","Lac-au-Brochet, Quebec [CCS240295902]","2021S05022495902","Tame or seeded pasture","Hectares","Number","223","units","0","v1326609198","364.7.3","0","A","","","0"
"2021","Lac-au-Brochet, Quebec [CCS240295902]","2021S05022495902","Natural land for pasture","Hectares","Number","223","units","0","v1326609201","364.8.3","0","A","","","0"
"2021","Baie-Comeau, Quebec [CCS240296020]","2021S05022496020","Tame or seeded pasture","Hectares","Number","223","units","0","v1326609264","366.7.3","","F","","","0"
"2021","Baie-Comeau, Quebec [CCS240296020]","2021S05022496020","Natural land for pasture","Hectares","Number","223","units","0","v1326609267","366.8.3","","F","","","0"
"2021","Port-Cartier, Quebec [CCS240297022]","2021S05022497022","Tame or seeded pasture","Hectares","Number","223","units","0","v1326609330","368.7.3","","F","","","0"
"2021","Port-Cartier, Quebec [CCS240297022]","2021S05022497022","Natural land for pasture","Hectares","Number","223","units","0","v1326609333","368.8.3","0","A","","","0"
"2021","Longue-Pointe-de-Mingan, Quebec [CCS240298045]","2021S05022498045","Tame or seeded pasture","Hectares","Number","223","units","0","v1326609396","370.7.3","0","A","","","0"
"2021","Longue-Pointe-de-Mingan, Quebec [CCS240298045]","2021S05022498045","Natural land for pasture","Hectares","Number","223","units","0","v1326609399","370.8.3","","F","","","0"
"2021","Saint-Irénée, Quebec [CCS240315005]","2021S05022415005","Tame or seeded pasture","Hectares","Number","223","units","0","v1326609495","373.7.3","","F","","","0"
"2021","Saint-Irénée, Quebec [CCS240315005]","2021S05022415005","Natural land for pasture","Hectares","Number","223","units","0","v1326609498","373.8.3","172","C","","","0"
"2021","La Malbaie, Quebec [CCS240315013]","2021S05022415013","Tame or seeded pasture","Hectares","Number","223","units","0","v1326609528","374.7.3","","F","","","0"
"2021","La Malbaie, Quebec [CCS240315013]","2021S05022415013","Natural land for pasture","Hectares","Number","223","units","0","v1326609531","374.8.3","","F","","","0"
"2021","Mont-Élie, Quebec [CCS240315902]","2021S05022415902","Tame or seeded pasture","Hectares","Number","223","units","0","v1326609561","375.7.3","0","A","","","0"
"2021","Mont-Élie, Quebec [CCS240315902]","2021S05022415902","Natural land for pasture","Hectares","Number","223","units","0","v1326609564","375.8.3","0","A","","","0"
"2021","Sagard, Quebec [CCS240315904]","2021S05022415904","Tame or seeded pasture","Hectares","Number","223","units","0","v1326609594","376.7.3","0","A","","","0"
"2021","Sagard, Quebec [CCS240315904]","2021S05022415904","Natural land for pasture","Hectares","Number","223","units","0","v1326609597","376.8.3","0","A","","","0"
"2021","Baie-Saint-Paul, Quebec [CCS240316013]","2021S05022416013","Tame or seeded pasture","Hectares","Number","223","units","0","v1326609660","378.7.3","214","E","","","0"
"2021","Baie-Saint-Paul, Quebec [CCS240316013]","2021S05022416013","Natural land for pasture","Hectares","Number","223","units","0","v1326609663","378.8.3","131","E","","","0"
"2021","Les Éboulements, Quebec [CCS240316048]","2021S05022416048","Tame or seeded pasture","Hectares","Number","223","units","0","v1326609693","379.7.3","","F","","","0"
"2021","Les Éboulements, Quebec [CCS240316048]","2021S05022416048","Natural land for pasture","Hectares","Number","223","units","0","v1326609696","379.8.3","","F","","","0"
"2021","Saint-Hilarion, Quebec [CCS240316050]","2021S05022416050","Tame or seeded pasture","Hectares","Number","223","units","0","v1326609726","380.7.3","","F","","","0"
"2021","Saint-Hilarion, Quebec [CCS240316050]","2021S05022416050","Natural land for pasture","Hectares","Number","223","units","0","v1326609729","380.8.3","","F","","","0"
"2021","Saint-François-de-l'Île-d'Orléans, Quebec [CCS240320005]","2021S05022420005","Tame or seeded pasture","Hectares","Number","223","units","0","v1326609792","382.7.3","","F","","","0"
"2021","Saint-François-de-l'Île-d'Orléans, Quebec [CCS240320005]","2021S05022420005","Natural land for pasture","Hectares","Number","223","units","0","v1326609795","382.8.3","","F","","","0"
"2021","Sainte-Famille-de-l'Île-d'Orléans, Quebec [CCS240320010]","2021S05022420010","Tame or seeded pasture","Hectares","Number","223","units","0","v1326609825","383.7.3","","F","","","0"
"2021","Sainte-Famille-de-l'Île-d'Orléans, Quebec [CCS240320010]","2021S05022420010","Natural land for pasture","Hectares","Number","223","units","0","v1326609828","383.8.3","","F","","","0"
"2021","Saint-Jean-de-l'Île-d'Orléans, Quebec [CCS240320015]","2021S05022420015","Tame or seeded pasture","Hectares","Number","223","units","0","v1326609858","384.7.3","","F","","","0"
"2021","Saint-Jean-de-l'Île-d'Orléans, Quebec [CCS240320015]","2021S05022420015","Natural land for pasture","Hectares","Number","223","units","0","v1326609861","384.8.3","","F","","","0"
"2021","Saint-Laurent-de-l'Île-d'Orléans, Quebec [CCS240320020]","2021S05022420020","Tame or seeded pasture","Hectares","Number","223","units","0","v1326609891","385.7.3","162","D","","","0"
"2021","Saint-Laurent-de-l'Île-d'Orléans, Quebec [CCS240320020]","2021S05022420020","Natural land for pasture","Hectares","Number","223","units","0","v1326609894","385.8.3","","F","","","0"
"2021","Saint-Pierre-de-l'Île-d'Orléans, Quebec [CCS240320025]","2021S05022420025","Tame or seeded pasture","Hectares","Number","223","units","0","v1326609924","386.7.3","0","A","","","0"
"2021","Saint-Pierre-de-l'Île-d'Orléans, Quebec [CCS240320025]","2021S05022420025","Natural land for pasture","Hectares","Number","223","units","0","v1326609927","386.8.3","","F","","","0"
"2021","Saint-Tite-des-Caps, Quebec [CCS240321005]","2021S05022421005","Tame or seeded pasture","Hectares","Number","223","units","0","v1326609990","388.7.3","93","E","","","0"
"2021","Saint-Tite-des-Caps, Quebec [CCS240321005]","2021S05022421005","Natural land for pasture","Hectares","Number","223","units","0","v1326609993","388.8.3","120","E","","","0"
"2021","Sainte-Anne-de-Beaupré, Quebec [CCS240321030]","2021S05022421030","Tame or seeded pasture","Hectares","Number","223","units","0","v1326610023","389.7.3","","F","","","0"
"2021","Sainte-Anne-de-Beaupré, Quebec [CCS240321030]","2021S05022421030","Natural land for pasture","Hectares","Number","223","units","0","v1326610026","389.8.3","","F","","","0"
"2021","Château-Richer, Quebec [CCS240321035]","2021S05022421035","Tame or seeded pasture","Hectares","Number","223","units","0","v1326610056","390.7.3","","F","","","0"
"2021","Château-Richer, Quebec [CCS240321035]","2021S05022421035","Natural land for pasture","Hectares","Number","223","units","0","v1326610059","390.8.3","85","E","","","0"
"2021","L'Ange-Gardien, Quebec [CCS240321040]","2021S05022421040","Tame or seeded pasture","Hectares","Number","223","units","0","v1326610089","391.7.3","","F","","","0"
"2021","L'Ange-Gardien, Quebec [CCS240321040]","2021S05022421040","Natural land for pasture","Hectares","Number","223","units","0","v1326610092","391.8.3","184","E","","","0"
"2021","Sainte-Catherine-de-la-Jacques-Cartier, Quebec [CCS240322005]","2021S05022422005","Tame or seeded pasture","Hectares","Number","223","units","0","v1326610155","393.7.3","117","E","","","0"
"2021","Sainte-Catherine-de-la-Jacques-Cartier, Quebec [CCS240322005]","2021S05022422005","Natural land for pasture","Hectares","Number","223","units","0","v1326610158","393.8.3","","F","","","0"
"2021","Saint-Gabriel-de-Valcartier, Quebec [CCS240322025]","2021S05022422025","Tame or seeded pasture","Hectares","Number","223","units","0","v1326610188","394.7.3","","F","","","0"
"2021","Saint-Gabriel-de-Valcartier, Quebec [CCS240322025]","2021S05022422025","Natural land for pasture","Hectares","Number","223","units","0","v1326610191","394.8.3","","F","","","0"
"2021","Lac-Croche, Quebec [CCS240322902]","2021S05022422902","Tame or seeded pasture","Hectares","Number","223","units","0","v1326610221","395.7.3","0","A","","","0"
"2021","Lac-Croche, Quebec [CCS240322902]","2021S05022422902","Natural land for pasture","Hectares","Number","223","units","0","v1326610224","395.8.3","0","A","","","0"
"2021","Québec, Quebec [CCS240323027]","2021S05022423027","Tame or seeded pasture","Hectares","Number","223","units","0","v1326610287","397.7.3","","F","","","0"
"2021","Québec, Quebec [CCS240323027]","2021S05022423027","Natural land for pasture","Hectares","Number","223","units","0","v1326610290","397.8.3","","F","","","0"
"2021","Neuville, Quebec [CCS240334007]","2021S05022434007","Tame or seeded pasture","Hectares","Number","223","units","0","v1326610353","399.7.3","","F","","","0"
"2021","Neuville, Quebec [CCS240334007]","2021S05022434007","Natural land for pasture","Hectares","Number","223","units","0","v1326610356","399.8.3","","F","","","0"
"2021","Pont-Rouge, Quebec [CCS240334017]","2021S05022434017","Tame or seeded pasture","Hectares","Number","223","units","0","v1326610386","400.7.3","110","E","","","0"
"2021","Pont-Rouge, Quebec [CCS240334017]","2021S05022434017","Natural land for pasture","Hectares","Number","223","units","0","v1326610389","400.8.3","","F","","","0"
"2021","Cap-Santé, Quebec [CCS240334030]","2021S05022434030","Tame or seeded pasture","Hectares","Number","223","units","0","v1326610419","401.7.3","","F","","","0"
"2021","Cap-Santé, Quebec [CCS240334030]","2021S05022434030","Natural land for pasture","Hectares","Number","223","units","0","v1326610422","401.8.3","","F","","","0"
"2021","Saint-Basile, Quebec [CCS240334038]","2021S05022434038","Tame or seeded pasture","Hectares","Number","223","units","0","v1326610452","402.7.3","","F","","","0"
"2021","Saint-Basile, Quebec [CCS240334038]","2021S05022434038","Natural land for pasture","Hectares","Number","223","units","0","v1326610455","402.8.3","","F","","","0"
"2021","Deschambault-Grondines, Quebec [CCS240334058]","2021S05022434058","Tame or seeded pasture","Hectares","Number","223","units","0","v1326610485","403.7.3","211","D","","","0"
"2021","Deschambault-Grondines, Quebec [CCS240334058]","2021S05022434058","Natural land for pasture","Hectares","Number","223","units","0","v1326610488","403.8.3","","F","","","0"
"2021","Saint-Gilbert, Quebec [CCS240334060]","2021S05022434060","Tame or seeded pasture","Hectares","Number","223","units","0","v1326610518","404.7.3","139","E","","","0"
"2021","Saint-Gilbert, Quebec [CCS240334060]","2021S05022434060","Natural land for pasture","Hectares","Number","223","units","0","v1326610521","404.8.3","","F","","","0"
"2021","Saint-Casimir, Quebec [CCS240334078]","2021S05022434078","Tame or seeded pasture","Hectares","Number","223","units","0","v1326610551","405.7.3","64","E","","","0"
"2021","Saint-Casimir, Quebec [CCS240334078]","2021S05022434078","Natural land for pasture","Hectares","Number","223","units","0","v1326610554","405.8.3","","F","","","0"
"2021","Saint-Thuribe, Quebec [CCS240334085]","2021S05022434085","Tame or seeded pasture","Hectares","Number","223","units","0","v1326610584","406.7.3","","F","","","0"
"2021","Saint-Thuribe, Quebec [CCS240334085]","2021S05022434085","Natural land for pasture","Hectares","Number","223","units","0","v1326610587","406.8.3","0","A","","","0"
"2021","Saint-Ubalde, Quebec [CCS240334090]","2021S05022434090","Tame or seeded pasture","Hectares","Number","223","units","0","v1326610617","407.7.3","98","E","","","0"
"2021","Saint-Ubalde, Quebec [CCS240334090]","2021S05022434090","Natural land for pasture","Hectares","Number","223","units","0","v1326610620","407.8.3","","F","","","0"
"2021","Saint-Alban, Quebec [CCS240334097]","2021S05022434097","Tame or seeded pasture","Hectares","Number","223","units","0","v1326610650","408.7.3","","F","","","0"
"2021","Saint-Alban, Quebec [CCS240334097]","2021S05022434097","Natural land for pasture","Hectares","Number","223","units","0","v1326610653","408.8.3","","F","","","0"
"2021","Sainte-Christine-d'Auvergne, Quebec [CCS240334105]","2021S05022434105","Tame or seeded pasture","Hectares","Number","223","units","0","v1326610683","409.7.3","200","E","","","0"
"2021","Sainte-Christine-d'Auvergne, Quebec [CCS240334105]","2021S05022434105","Natural land for pasture","Hectares","Number","223","units","0","v1326610686","409.8.3","","F","","","0"
"2021","Saint-Raymond, Quebec [CCS240334128]","2021S05022434128","Tame or seeded pasture","Hectares","Number","223","units","0","v1326610716","410.7.3","","F","","","0"
"2021","Saint-Raymond, Quebec [CCS240334128]","2021S05022434128","Natural land for pasture","Hectares","Number","223","units","0","v1326610719","410.8.3","","F","","","0"
"2021","Lac-Blanc, Quebec [CCS240334902]","2021S05022434902","Tame or seeded pasture","Hectares","Number","223","units","0","v1326610749","411.7.3","0","A","","","0"
"2021","Lac-Blanc, Quebec [CCS240334902]","2021S05022434902","Natural land for pasture","Hectares","Number","223","units","0","v1326610752","411.8.3","0","A","","","0"
"2021","Lac-Lapeyrère, Quebec [CCS240334906]","2021S05022434906","Tame or seeded pasture","Hectares","Number","223","units","0","v1326610782","412.7.3","0","A","","","0"
"2021","Lac-Lapeyrère, Quebec [CCS240334906]","2021S05022434906","Natural land for pasture","Hectares","Number","223","units","0","v1326610785","412.8.3","0","A","","","0"
"2021","Lac-aux-Sables, Quebec [CCS240435010]","2021S05022435010","Tame or seeded pasture","Hectares","Number","223","units","0","v1326610881","415.7.3","0","A","","","0"
"2021","Lac-aux-Sables, Quebec [CCS240435010]","2021S05022435010","Natural land for pasture","Hectares","Number","223","units","0","v1326610884","415.8.3","","F","","","0"
"2021","Saint-Adelphe, Quebec [CCS240435015]","2021S05022435015","Tame or seeded pasture","Hectares","Number","223","units","0","v1326610914","416.7.3","53","E","","","0"
"2021","Saint-Adelphe, Quebec [CCS240435015]","2021S05022435015","Natural land for pasture","Hectares","Number","223","units","0","v1326610917","416.8.3","","F","","","0"
"2021","Saint-Séverin, Quebec [CCS240435020]","2021S05022435020","Tame or seeded pasture","Hectares","Number","223","units","0","v1326610947","417.7.3","","F","","","0"
"2021","Saint-Séverin, Quebec [CCS240435020]","2021S05022435020","Natural land for pasture","Hectares","Number","223","units","0","v1326610950","417.8.3","","F","","","0"
"2021","Saint-Tite, Quebec [CCS240435027]","2021S05022435027","Tame or seeded pasture","Hectares","Number","223","units","0","v1326610980","418.7.3","","F","","","0"
"2021","Saint-Tite, Quebec [CCS240435027]","2021S05022435027","Natural land for pasture","Hectares","Number","223","units","0","v1326610983","418.8.3","","F","","","0"
"2021","Sainte-Thècle, Quebec [CCS240435050]","2021S05022435050","Tame or seeded pasture","Hectares","Number","223","units","0","v1326611013","419.7.3","","F","","","0"
"2021","Sainte-Thècle, Quebec [CCS240435050]","2021S05022435050","Natural land for pasture","Hectares","Number","223","units","0","v1326611016","419.8.3","","F","","","0"
"2021","Lac-Masketsi, Quebec [CCS240435902]","2021S05022435902","Tame or seeded pasture","Hectares","Number","223","units","0","v1326611046","420.7.3","0","A","","","0"
"2021","Lac-Masketsi, Quebec [CCS240435902]","2021S05022435902","Natural land for pasture","Hectares","Number","223","units","0","v1326611049","420.8.3","0","A","","","0"
"2021","Lac-Normand, Quebec [CCS240435904]","2021S05022435904","Tame or seeded pasture","Hectares","Number","223","units","0","v1326611079","421.7.3","0","A","","","0"
"2021","Lac-Normand, Quebec [CCS240435904]","2021S05022435904","Natural land for pasture","Hectares","Number","223","units","0","v1326611082","421.8.3","0","A","","","0"
"2021","Rivière-de-la-Savane, Quebec [CCS240435906]","2021S05022435906","Tame or seeded pasture","Hectares","Number","223","units","0","v1326611112","422.7.3","0","A","","","0"
"2021","Rivière-de-la-Savane, Quebec [CCS240435906]","2021S05022435906","Natural land for pasture","Hectares","Number","223","units","0","v1326611115","422.8.3","0","A","","","0"
"2021","Shawinigan, Quebec [CCS240436033]","2021S05022436033","Tame or seeded pasture","Hectares","Number","223","units","0","v1326611178","424.7.3","131","E","","","0"
"2021","Shawinigan, Quebec [CCS240436033]","2021S05022436033","Natural land for pasture","Hectares","Number","223","units","0","v1326611181","424.8.3","","F","","","0"
"2021","Trois-Rivières, Quebec [CCS240437067]","2021S05022437067","Tame or seeded pasture","Hectares","Number","223","units","0","v1326611244","426.7.3","","F","","","0"
"2021","Trois-Rivières, Quebec [CCS240437067]","2021S05022437067","Natural land for pasture","Hectares","Number","223","units","0","v1326611247","426.8.3","","F","","","0"
"2021","Sainte-Anne-de-la-Pérade, Quebec [CCS240437205]","2021S05022437205","Tame or seeded pasture","Hectares","Number","223","units","0","v1326611277","427.7.3","","F","","","0"
"2021","Sainte-Anne-de-la-Pérade, Quebec [CCS240437205]","2021S05022437205","Natural land for pasture","Hectares","Number","223","units","0","v1326611280","427.8.3","","F","","","0"
"2021","Batiscan, Quebec [CCS240437210]","2021S05022437210","Tame or seeded pasture","Hectares","Number","223","units","0","v1326611310","428.7.3","2","D","","","0"
"2021","Batiscan, Quebec [CCS240437210]","2021S05022437210","Natural land for pasture","Hectares","Number","223","units","0","v1326611313","428.8.3","0","A","","","0"
"2021","Sainte-Geneviève-de-Batiscan, Quebec [CCS240437215]","2021S05022437215","Tame or seeded pasture","Hectares","Number","223","units","0","v1326611343","429.7.3","47","E","","","0"
"2021","Sainte-Geneviève-de-Batiscan, Quebec [CCS240437215]","2021S05022437215","Natural land for pasture","Hectares","Number","223","units","0","v1326611346","429.8.3","","F","","","0"
"2021","Champlain, Quebec [CCS240437220]","2021S05022437220","Tame or seeded pasture","Hectares","Number","223","units","0","v1326611376","430.7.3","251","B","","","0"
"2021","Champlain, Quebec [CCS240437220]","2021S05022437220","Natural land for pasture","Hectares","Number","223","units","0","v1326611379","430.8.3","136","D","","","0"
"2021","Saint-Maurice, Quebec [CCS240437230]","2021S05022437230","Tame or seeded pasture","Hectares","Number","223","units","0","v1326611409","431.7.3","193","D","","","0"
"2021","Saint-Maurice, Quebec [CCS240437230]","2021S05022437230","Natural land for pasture","Hectares","Number","223","units","0","v1326611412","431.8.3","","F","","","0"
"2021","Notre-Dame-du-Mont-Carmel, Quebec [CCS240437235]","2021S05022437235","Tame or seeded pasture","Hectares","Number","223","units","0","v1326611442","432.7.3","","F","","","0"
"2021","Notre-Dame-du-Mont-Carmel, Quebec [CCS240437235]","2021S05022437235","Natural land for pasture","Hectares","Number","223","units","0","v1326611445","432.8.3","280","D","","","0"
"2021","Saint-Narcisse, Quebec [CCS240437240]","2021S05022437240","Tame or seeded pasture","Hectares","Number","223","units","0","v1326611475","433.7.3","77","E","","","0"
"2021","Saint-Narcisse, Quebec [CCS240437240]","2021S05022437240","Natural land for pasture","Hectares","Number","223","units","0","v1326611478","433.8.3","","F","","","0"
"2021","Saint-Stanislas, Quebec [CCS240437245]","2021S05022437245","Tame or seeded pasture","Hectares","Number","223","units","0","v1326611508","434.7.3","208","D","","","0"
"2021","Saint-Stanislas, Quebec [CCS240437245]","2021S05022437245","Natural land for pasture","Hectares","Number","223","units","0","v1326611511","434.8.3","","F","","","0"
"2021","Maskinongé, Quebec [CCS240451008]","2021S05022451008","Tame or seeded pasture","Hectares","Number","223","units","0","v1326611574","436.7.3","40","E","","","0"
"2021","Maskinongé, Quebec [CCS240451008]","2021S05022451008","Natural land for pasture","Hectares","Number","223","units","0","v1326611577","436.8.3","","F","","","0"
"2021","Louiseville, Quebec [CCS240451015]","2021S05022451015","Tame or seeded pasture","Hectares","Number","223","units","0","v1326611607","437.7.3","","F","","","0"
"2021","Louiseville, Quebec [CCS240451015]","2021S05022451015","Natural land for pasture","Hectares","Number","223","units","0","v1326611610","437.8.3","0","A","","","0"
"2021","Yamachiche, Quebec [CCS240451020]","2021S05022451020","Tame or seeded pasture","Hectares","Number","223","units","0","v1326611640","438.7.3","","F","","","0"
"2021","Yamachiche, Quebec [CCS240451020]","2021S05022451020","Natural land for pasture","Hectares","Number","223","units","0","v1326611643","438.8.3","","F","","","0"
"2021","Saint-Barnabé, Quebec [CCS240451025]","2021S05022451025","Tame or seeded pasture","Hectares","Number","223","units","0","v1326611673","439.7.3","","F","","","0"
"2021","Saint-Barnabé, Quebec [CCS240451025]","2021S05022451025","Natural land for pasture","Hectares","Number","223","units","0","v1326611676","439.8.3","59","E","","","0"
"2021","Saint-Sévère, Quebec [CCS240451030]","2021S05022451030","Tame or seeded pasture","Hectares","Number","223","units","0","v1326611706","440.7.3","","F","","","0"
"2021","Saint-Sévère, Quebec [CCS240451030]","2021S05022451030","Natural land for pasture","Hectares","Number","223","units","0","v1326611709","440.8.3","","F","","","0"
"2021","Saint-Léon-le-Grand, Quebec [CCS240451035]","2021S05022451035","Tame or seeded pasture","Hectares","Number","223","units","0","v1326611739","441.7.3","","F","","","0"
"2021","Saint-Léon-le-Grand, Quebec [CCS240451035]","2021S05022451035","Natural land for pasture","Hectares","Number","223","units","0","v1326611742","441.8.3","","F","","","0"
"2021","Sainte-Ursule, Quebec [CCS240451040]","2021S05022451040","Tame or seeded pasture","Hectares","Number","223","units","0","v1326611772","442.7.3","","F","","","0"
"2021","Sainte-Ursule, Quebec [CCS240451040]","2021S05022451040","Natural land for pasture","Hectares","Number","223","units","0","v1326611775","442.8.3","","F","","","0"
"2021","Saint-Justin, Quebec [CCS240451045]","2021S05022451045","Tame or seeded pasture","Hectares","Number","223","units","0","v1326611805","443.7.3","","F","","","0"
"2021","Saint-Justin, Quebec [CCS240451045]","2021S05022451045","Natural land for pasture","Hectares","Number","223","units","0","v1326611808","443.8.3","","F","","","0"
"2021","Sainte-Angèle-de-Prémont, Quebec [CCS240451055]","2021S05022451055","Tame or seeded pasture","Hectares","Number","223","units","0","v1326611838","444.7.3","","F","","","0"
"2021","Sainte-Angèle-de-Prémont, Quebec [CCS240451055]","2021S05022451055","Natural land for pasture","Hectares","Number","223","units","0","v1326611841","444.8.3","","F","","","0"
"2021","Saint-Paulin, Quebec [CCS240451060]","2021S05022451060","Tame or seeded pasture","Hectares","Number","223","units","0","v1326611871","445.7.3","","F","","","0"
"2021","Saint-Paulin, Quebec [CCS240451060]","2021S05022451060","Natural land for pasture","Hectares","Number","223","units","0","v1326611874","445.8.3","172","D","","","0"
"2021","Charette, Quebec [CCS240451080]","2021S05022451080","Tame or seeded pasture","Hectares","Number","223","units","0","v1326611904","446.7.3","","F","","","0"
"2021","Charette, Quebec [CCS240451080]","2021S05022451080","Natural land for pasture","Hectares","Number","223","units","0","v1326611907","446.8.3","397","D","","","0"
"2021","Saint-Boniface, Quebec [CCS240451085]","2021S05022451085","Tame or seeded pasture","Hectares","Number","223","units","0","v1326611937","447.7.3","55","E","","","0"
"2021","Saint-Boniface, Quebec [CCS240451085]","2021S05022451085","Natural land for pasture","Hectares","Number","223","units","0","v1326611940","447.8.3","194","D","","","0"
"2021","Saint-Étienne-des-Grès, Quebec [CCS240451090]","2021S05022451090","Tame or seeded pasture","Hectares","Number","223","units","0","v1326611970","448.7.3","","F","","","0"
"2021","Saint-Étienne-des-Grès, Quebec [CCS240451090]","2021S05022451090","Natural land for pasture","Hectares","Number","223","units","0","v1326611973","448.8.3","","F","","","0"
"2021","La Tuque, Quebec [CCS240490012]","2021S05022490012","Tame or seeded pasture","Hectares","Number","223","units","0","v1326612036","450.7.3","0","A","","","0"
"2021","La Tuque, Quebec [CCS240490012]","2021S05022490012","Natural land for pasture","Hectares","Number","223","units","0","v1326612039","450.8.3","0","A","","","0"
"2021","Saint-Augustin-de-Woburn, Quebec [CCS240530005]","2021S05022430005","Tame or seeded pasture","Hectares","Number","223","units","0","v1326612135","453.7.3","","F","","","0"
"2021","Saint-Augustin-de-Woburn, Quebec [CCS240530005]","2021S05022430005","Natural land for pasture","Hectares","Number","223","units","0","v1326612138","453.8.3","","F","","","0"
"2021","Piopolis, Quebec [CCS240530020]","2021S05022430020","Tame or seeded pasture","Hectares","Number","223","units","0","v1326612168","454.7.3","","F","","","0"
"2021","Piopolis, Quebec [CCS240530020]","2021S05022430020","Natural land for pasture","Hectares","Number","223","units","0","v1326612171","454.8.3","","F","","","0"
"2021","Frontenac, Quebec [CCS240530025]","2021S05022430025","Tame or seeded pasture","Hectares","Number","223","units","0","v1326612201","455.7.3","","F","","","0"
"2021","Frontenac, Quebec [CCS240530025]","2021S05022430025","Natural land for pasture","Hectares","Number","223","units","0","v1326612204","455.8.3","","F","","","0"
"2021","Nantes, Quebec [CCS240530045]","2021S05022430045","Tame or seeded pasture","Hectares","Number","223","units","0","v1326612234","456.7.3","","F","","","0"
"2021","Nantes, Quebec [CCS240530045]","2021S05022430045","Natural land for pasture","Hectares","Number","223","units","0","v1326612237","456.8.3","","F","","","0"
"2021","Sainte-Cécile-de-Whitton, Quebec [CCS240530050]","2021S05022430050","Tame or seeded pasture","Hectares","Number","223","units","0","v1326612267","457.7.3","","F","","","0"
"2021","Sainte-Cécile-de-Whitton, Quebec [CCS240530050]","2021S05022430050","Natural land for pasture","Hectares","Number","223","units","0","v1326612270","457.8.3","","F","","","0"
"2021","Audet, Quebec [CCS240530055]","2021S05022430055","Tame or seeded pasture","Hectares","Number","223","units","0","v1326612300","458.7.3","","F","","","0"
"2021","Audet, Quebec [CCS240530055]","2021S05022430055","Natural land for pasture","Hectares","Number","223","units","0","v1326612303","458.8.3","","F","","","0"
"2021","Saint-Robert-Bellarmin, Quebec [CCS240530070]","2021S05022430070","Tame or seeded pasture","Hectares","Number","223","units","0","v1326612333","459.7.3","","F","","","0"
"2021","Saint-Robert-Bellarmin, Quebec [CCS240530070]","2021S05022430070","Natural land for pasture","Hectares","Number","223","units","0","v1326612336","459.8.3","311","E","","","0"
"2021","Lac-Drolet, Quebec [CCS240530080]","2021S05022430080","Tame or seeded pasture","Hectares","Number","223","units","0","v1326612366","460.7.3","","F","","","0"
"2021","Lac-Drolet, Quebec [CCS240530080]","2021S05022430080","Natural land for pasture","Hectares","Number","223","units","0","v1326612369","460.8.3","","F","","","0"
"2021","Saint-Sébastien, Quebec [CCS240530085]","2021S05022430085","Tame or seeded pasture","Hectares","Number","223","units","0","v1326612399","461.7.3","","F","","","0"
"2021","Saint-Sébastien, Quebec [CCS240530085]","2021S05022430085","Natural land for pasture","Hectares","Number","223","units","0","v1326612402","461.8.3","","F","","","0"
"2021","Courcelles, Quebec [CCS240530090]","2021S05022430090","Tame or seeded pasture","Hectares","Number","223","units","0","v1326612432","462.7.3","181","C","","","0"
"2021","Courcelles, Quebec [CCS240530090]","2021S05022430090","Natural land for pasture","Hectares","Number","223","units","0","v1326612435","462.8.3","","F","","","0"
"2021","Lambton, Quebec [CCS240530095]","2021S05022430095","Tame or seeded pasture","Hectares","Number","223","units","0","v1326612465","463.7.3","","F","","","0"
"2021","Lambton, Quebec [CCS240530095]","2021S05022430095","Natural land for pasture","Hectares","Number","223","units","0","v1326612468","463.8.3","","F","","","0"
"2021","Saint-Romain, Quebec [CCS240530100]","2021S05022430100","Tame or seeded pasture","Hectares","Number","223","units","0","v1326612498","464.7.3","","F","","","0"
"2021","Saint-Romain, Quebec [CCS240530100]","2021S05022430100","Natural land for pasture","Hectares","Number","223","units","0","v1326612501","464.8.3","","F","","","0"
"2021","Stornoway, Quebec [CCS240530105]","2021S05022430105","Tame or seeded pasture","Hectares","Number","223","units","0","v1326612531","465.7.3","","F","","","0"
"2021","Stornoway, Quebec [CCS240530105]","2021S05022430105","Natural land for pasture","Hectares","Number","223","units","0","v1326612534","465.8.3","","F","","","0"
"2021","Ham-Sud, Quebec [CCS240540005]","2021S05022440005","Tame or seeded pasture","Hectares","Number","223","units","0","v1326612597","467.7.3","","F","","","0"
"2021","Ham-Sud, Quebec [CCS240540005]","2021S05022440005","Natural land for pasture","Hectares","Number","223","units","0","v1326612600","467.8.3","85","D","","","0"
"2021","Saint-Adrien, Quebec [CCS240540010]","2021S05022440010","Tame or seeded pasture","Hectares","Number","223","units","0","v1326612630","468.7.3","","F","","","0"
"2021","Saint-Adrien, Quebec [CCS240540010]","2021S05022440010","Natural land for pasture","Hectares","Number","223","units","0","v1326612633","468.8.3","121","E","","","0"
"2021","Wotton, Quebec [CCS240540017]","2021S05022440017","Tame or seeded pasture","Hectares","Number","223","units","0","v1326612663","469.7.3","342","D","","","0"
"2021","Wotton, Quebec [CCS240540017]","2021S05022440017","Natural land for pasture","Hectares","Number","223","units","0","v1326612666","469.8.3","244","E","","","0"
"2021","Saint-Camille, Quebec [CCS240540025]","2021S05022440025","Tame or seeded pasture","Hectares","Number","223","units","0","v1326612696","470.7.3","","F","","","0"
"2021","Saint-Camille, Quebec [CCS240540025]","2021S05022440025","Natural land for pasture","Hectares","Number","223","units","0","v1326612699","470.8.3","88","E","","","0"
"2021","Saint-Georges-de-Windsor, Quebec [CCS240540032]","2021S05022440032","Tame or seeded pasture","Hectares","Number","223","units","0","v1326612729","471.7.3","111","E","","","0"
"2021","Saint-Georges-de-Windsor, Quebec [CCS240540032]","2021S05022440032","Natural land for pasture","Hectares","Number","223","units","0","v1326612732","471.8.3","183","C","","","0"
"2021","Danville, Quebec [CCS240540047]","2021S05022440047","Tame or seeded pasture","Hectares","Number","223","units","0","v1326612762","472.7.3","245","E","","","0"
"2021","Danville, Quebec [CCS240540047]","2021S05022440047","Natural land for pasture","Hectares","Number","223","units","0","v1326612765","472.8.3","443","D","","","0"
"2021","Saint-Isidore-de-Clifton, Quebec [CCS240541012]","2021S05022441012","Tame or seeded pasture","Hectares","Number","223","units","0","v1326612828","474.7.3","250","D","","","0"
"2021","Saint-Isidore-de-Clifton, Quebec [CCS240541012]","2021S05022441012","Natural land for pasture","Hectares","Number","223","units","0","v1326612831","474.8.3","203","E","","","0"
"2021","La Patrie, Quebec [CCS240541027]","2021S05022441027","Tame or seeded pasture","Hectares","Number","223","units","0","v1326612861","475.7.3","406","C","","","0"
"2021","La Patrie, Quebec [CCS240541027]","2021S05022441027","Natural land for pasture","Hectares","Number","223","units","0","v1326612864","475.8.3","212","E","","","0"
"2021","Cookshire-Eaton, Quebec [CCS240541038]","2021S05022441038","Tame or seeded pasture","Hectares","Number","223","units","0","v1326612894","476.7.3","702","D","","","0"
"2021","Cookshire-Eaton, Quebec [CCS240541038]","2021S05022441038","Natural land for pasture","Hectares","Number","223","units","0","v1326612897","476.8.3","1531","B","","","0"
"2021","Ascot Corner, Quebec [CCS240541055]","2021S05022441055","Tame or seeded pasture","Hectares","Number","223","units","0","v1326612927","477.7.3","","F","","","0"
"2021","Ascot Corner, Quebec [CCS240541055]","2021S05022441055","Natural land for pasture","Hectares","Number","223","units","0","v1326612930","477.8.3","","F","","","0"
"2021","Bury, Quebec [CCS240541070]","2021S05022441070","Tame or seeded pasture","Hectares","Number","223","units","0","v1326612960","478.7.3","319","E","","","0"
"2021","Bury, Quebec [CCS240541070]","2021S05022441070","Natural land for pasture","Hectares","Number","223","units","0","v1326612963","478.8.3","","F","","","0"
"2021","Lingwick, Quebec [CCS240541085]","2021S05022441085","Tame or seeded pasture","Hectares","Number","223","units","0","v1326612993","479.7.3","170","D","","","0"
"2021","Lingwick, Quebec [CCS240541085]","2021S05022441085","Natural land for pasture","Hectares","Number","223","units","0","v1326612996","479.8.3","","F","","","0"
"2021","Weedon, Quebec [CCS240541098]","2021S05022441098","Tame or seeded pasture","Hectares","Number","223","units","0","v1326613026","480.7.3","350","D","","","0"
"2021","Weedon, Quebec [CCS240541098]","2021S05022441098","Natural land for pasture","Hectares","Number","223","units","0","v1326613029","480.8.3","200","E","","","0"
"2021","Dudswell, Quebec [CCS240541117]","2021S05022441117","Tame or seeded pasture","Hectares","Number","223","units","0","v1326613059","481.7.3","","F","","","0"
"2021","Dudswell, Quebec [CCS240541117]","2021S05022441117","Natural land for pasture","Hectares","Number","223","units","0","v1326613062","481.8.3","","F","","","0"
"2021","Stoke, Quebec [CCS240542005]","2021S05022442005","Tame or seeded pasture","Hectares","Number","223","units","0","v1326613125","483.7.3","","F","","","0"
"2021","Stoke, Quebec [CCS240542005]","2021S05022442005","Natural land for pasture","Hectares","Number","223","units","0","v1326613128","483.8.3","","F","","","0"
"2021","Saint-François-Xavier-de-Brompton, Quebec [CCS240542020]","2021S05022442020","Tame or seeded pasture","Hectares","Number","223","units","0","v1326613158","484.7.3","474","D","","","0"
"2021","Saint-François-Xavier-de-Brompton, Quebec [CCS240542020]","2021S05022442020","Natural land for pasture","Hectares","Number","223","units","0","v1326613161","484.8.3","","F","","","0"
"2021","Racine, Quebec [CCS240542032]","2021S05022442032","Tame or seeded pasture","Hectares","Number","223","units","0","v1326613191","485.7.3","","F","","","0"
"2021","Racine, Quebec [CCS240542032]","2021S05022442032","Natural land for pasture","Hectares","Number","223","units","0","v1326613194","485.8.3","","F","","","0"
"2021","Bonsecours, Quebec [CCS240542040]","2021S05022442040","Tame or seeded pasture","Hectares","Number","223","units","0","v1326613224","486.7.3","","F","","","0"
"2021","Bonsecours, Quebec [CCS240542040]","2021S05022442040","Natural land for pasture","Hectares","Number","223","units","0","v1326613227","486.8.3","181","E","","","0"
"2021","Sainte-Anne-de-la-Rochelle, Quebec [CCS240542050]","2021S05022442050","Tame or seeded pasture","Hectares","Number","223","units","0","v1326613257","487.7.3","221","D","","","0"
"2021","Sainte-Anne-de-la-Rochelle, Quebec [CCS240542050]","2021S05022442050","Natural land for pasture","Hectares","Number","223","units","0","v1326613260","487.8.3","361","D","","","0"
"2021","Valcourt, Quebec [CCS240542060]","2021S05022442060","Tame or seeded pasture","Hectares","Number","223","units","0","v1326613290","488.7.3","111","E","","","0"
"2021","Valcourt, Quebec [CCS240542060]","2021S05022442060","Natural land for pasture","Hectares","Number","223","units","0","v1326613293","488.8.3","121","E","","","0"
"2021","Maricourt, Quebec [CCS240542065]","2021S05022442065","Tame or seeded pasture","Hectares","Number","223","units","0","v1326613323","489.7.3","","F","","","0"
"2021","Maricourt, Quebec [CCS240542065]","2021S05022442065","Natural land for pasture","Hectares","Number","223","units","0","v1326613326","489.8.3","","F","","","0"
"2021","Melbourne, Quebec [CCS240542075]","2021S05022442075","Tame or seeded pasture","Hectares","Number","223","units","0","v1326613356","490.7.3","359","B","","","0"
"2021","Melbourne, Quebec [CCS240542075]","2021S05022442075","Natural land for pasture","Hectares","Number","223","units","0","v1326613359","490.8.3","399","B","","","0"
"2021","Val-Joli, Quebec [CCS240542095]","2021S05022442095","Tame or seeded pasture","Hectares","Number","223","units","0","v1326613389","491.7.3","394","E","","","0"
"2021","Val-Joli, Quebec [CCS240542095]","2021S05022442095","Natural land for pasture","Hectares","Number","223","units","0","v1326613392","491.8.3","315","E","","","0"
"2021","Saint-Claude, Quebec [CCS240542100]","2021S05022442100","Tame or seeded pasture","Hectares","Number","223","units","0","v1326613422","492.7.3","123","D","","","0"
"2021","Saint-Claude, Quebec [CCS240542100]","2021S05022442100","Natural land for pasture","Hectares","Number","223","units","0","v1326613425","492.8.3","164","D","","","0"
"2021","Cleveland, Quebec [CCS240542110]","2021S05022442110","Tame or seeded pasture","Hectares","Number","223","units","0","v1326613455","493.7.3","137","E","","","0"
"2021","Cleveland, Quebec [CCS240542110]","2021S05022442110","Natural land for pasture","Hectares","Number","223","units","0","v1326613458","493.8.3","445","B","","","0"
"2021","Sherbrooke, Quebec [CCS240543027]","2021S05022443027","Tame or seeded pasture","Hectares","Number","223","units","0","v1326613521","495.7.3","","F","","","0"
"2021","Sherbrooke, Quebec [CCS240543027]","2021S05022443027","Natural land for pasture","Hectares","Number","223","units","0","v1326613524","495.8.3","","F","","","0"
"2021","Saint-Malo, Quebec [CCS240544003]","2021S05022444003","Tame or seeded pasture","Hectares","Number","223","units","0","v1326613587","497.7.3","100","E","","","0"
"2021","Saint-Malo, Quebec [CCS240544003]","2021S05022444003","Natural land for pasture","Hectares","Number","223","units","0","v1326613590","497.8.3","225","D","","","0"
"2021","East Hereford, Quebec [CCS240544010]","2021S05022444010","Tame or seeded pasture","Hectares","Number","223","units","0","v1326613620","498.7.3","206","D","","","0"
"2021","East Hereford, Quebec [CCS240544010]","2021S05022444010","Natural land for pasture","Hectares","Number","223","units","0","v1326613623","498.8.3","","F","","","0"
"2021","Saint-Herménégilde, Quebec [CCS240544015]","2021S05022444015","Tame or seeded pasture","Hectares","Number","223","units","0","v1326613653","499.7.3","150","D","","","0"
"2021","Saint-Herménégilde, Quebec [CCS240544015]","2021S05022444015","Natural land for pasture","Hectares","Number","223","units","0","v1326613656","499.8.3","186","D","","","0"
"2021","Dixville, Quebec [CCS240544023]","2021S05022444023","Tame or seeded pasture","Hectares","Number","223","units","0","v1326613686","500.7.3","","F","","","0"
"2021","Dixville, Quebec [CCS240544023]","2021S05022444023","Natural land for pasture","Hectares","Number","223","units","0","v1326613689","500.8.3","","F","","","0"
"2021","Coaticook, Quebec [CCS240544037]","2021S05022444037","Tame or seeded pasture","Hectares","Number","223","units","0","v1326613719","501.7.3","439","E","","","0"
"2021","Coaticook, Quebec [CCS240544037]","2021S05022444037","Natural land for pasture","Hectares","Number","223","units","0","v1326613722","501.8.3","376","E","","","0"
"2021","Barnston-Ouest, Quebec [CCS240544045]","2021S05022444045","Tame or seeded pasture","Hectares","Number","223","units","0","v1326613752","502.7.3","531","C","","","0"
"2021","Barnston-Ouest, Quebec [CCS240544045]","2021S05022444045","Natural land for pasture","Hectares","Number","223","units","0","v1326613755","502.8.3","309","B","","","0"
"2021","Stanstead-Est, Quebec [CCS240544050]","2021S05022444050","Tame or seeded pasture","Hectares","Number","223","units","0","v1326613785","503.7.3","","F","","","0"
"2021","Stanstead-Est, Quebec [CCS240544050]","2021S05022444050","Natural land for pasture","Hectares","Number","223","units","0","v1326613788","503.8.3","179","D","","","0"
"2021","Sainte-Edwidge-de-Clifton, Quebec [CCS240544055]","2021S05022444055","Tame or seeded pasture","Hectares","Number","223","units","0","v1326613818","504.7.3","249","E","","","0"
"2021","Sainte-Edwidge-de-Clifton, Quebec [CCS240544055]","2021S05022444055","Natural land for pasture","Hectares","Number","223","units","0","v1326613821","504.8.3","335","D","","","0"
"2021","Martinville, Quebec [CCS240544060]","2021S05022444060","Tame or seeded pasture","Hectares","Number","223","units","0","v1326613851","505.7.3","177","E","","","0"
"2021","Martinville, Quebec [CCS240544060]","2021S05022444060","Natural land for pasture","Hectares","Number","223","units","0","v1326613854","505.8.3","431","C","","","0"
"2021","Compton, Quebec [CCS240544071]","2021S05022444071","Tame or seeded pasture","Hectares","Number","223","units","0","v1326613884","506.7.3","491","D","","","0"
"2021","Compton, Quebec [CCS240544071]","2021S05022444071","Natural land for pasture","Hectares","Number","223","units","0","v1326613887","506.8.3","507","C","","","0"
"2021","Ogden, Quebec [CCS240545020]","2021S05022445020","Tame or seeded pasture","Hectares","Number","223","units","0","v1326613950","508.7.3","244","D","","","0"
"2021","Ogden, Quebec [CCS240545020]","2021S05022445020","Natural land for pasture","Hectares","Number","223","units","0","v1326613953","508.8.3","577","C","","","0"
"2021","Stanstead, Quebec [CCS240545025]","2021S05022445025","Tame or seeded pasture","Hectares","Number","223","units","0","v1326613983","509.7.3","159","D","","","0"
"2021","Stanstead, Quebec [CCS240545025]","2021S05022445025","Natural land for pasture","Hectares","Number","223","units","0","v1326613986","509.8.3","","F","","","0"
"2021","Potton, Quebec [CCS240545030]","2021S05022445030","Tame or seeded pasture","Hectares","Number","223","units","0","v1326614016","510.7.3","155","E","","","0"
"2021","Potton, Quebec [CCS240545030]","2021S05022445030","Natural land for pasture","Hectares","Number","223","units","0","v1326614019","510.8.3","590","C","","","0"
"2021","Hatley, Quebec [CCS240545043]","2021S05022445043","Tame or seeded pasture","Hectares","Number","223","units","0","v1326614049","511.7.3","132","E","","","0"
"2021","Hatley, Quebec [CCS240545043]","2021S05022445043","Natural land for pasture","Hectares","Number","223","units","0","v1326614052","511.8.3","149","E","","","0"
"2021","Hatley, Quebec [CCS240545055]","2021S05022445055","Tame or seeded pasture","Hectares","Number","223","units","0","v1326614082","512.7.3","159","E","","","0"
"2021","Hatley, Quebec [CCS240545055]","2021S05022445055","Natural land for pasture","Hectares","Number","223","units","0","v1326614085","512.8.3","184","D","","","0"
"2021","Sainte-Catherine-de-Hatley, Quebec [CCS240545060]","2021S05022445060","Tame or seeded pasture","Hectares","Number","223","units","0","v1326614115","513.7.3","","F","","","0"
"2021","Sainte-Catherine-de-Hatley, Quebec [CCS240545060]","2021S05022445060","Natural land for pasture","Hectares","Number","223","units","0","v1326614118","513.8.3","416","D","","","0"
"2021","Magog, Quebec [CCS240545072]","2021S05022445072","Tame or seeded pasture","Hectares","Number","223","units","0","v1326614148","514.7.3","","F","","","0"
"2021","Magog, Quebec [CCS240545072]","2021S05022445072","Natural land for pasture","Hectares","Number","223","units","0","v1326614151","514.8.3","","F","","","0"
"2021","Bolton-Est, Quebec [CCS240545095]","2021S05022445095","Tame or seeded pasture","Hectares","Number","223","units","0","v1326614181","515.7.3","","F","","","0"
"2021","Bolton-Est, Quebec [CCS240545095]","2021S05022445095","Natural land for pasture","Hectares","Number","223","units","0","v1326614184","515.8.3","","F","","","0"
"2021","Stukely-Sud, Quebec [CCS240545105]","2021S05022445105","Tame or seeded pasture","Hectares","Number","223","units","0","v1326614214","516.7.3","164","C","","","0"
"2021","Stukely-Sud, Quebec [CCS240545105]","2021S05022445105","Natural land for pasture","Hectares","Number","223","units","0","v1326614217","516.8.3","103","D","","","0"
"2021","Orford, Quebec [CCS240545115]","2021S05022445115","Tame or seeded pasture","Hectares","Number","223","units","0","v1326614247","517.7.3","","F","","","0"
"2021","Orford, Quebec [CCS240545115]","2021S05022445115","Natural land for pasture","Hectares","Number","223","units","0","v1326614250","517.8.3","","F","","","0"
"2021","Laval, Quebec [CCS240665005]","2021S05022465005","Tame or seeded pasture","Hectares","Number","223","units","0","v1326614346","520.7.3","","F","","","0"
"2021","Laval, Quebec [CCS240665005]","2021S05022465005","Natural land for pasture","Hectares","Number","223","units","0","v1326614349","520.8.3","","F","","","0"
"2021","Montréal, Quebec [CCS240666023]","2021S05022466023","Tame or seeded pasture","Hectares","Number","223","units","0","v1326614412","522.7.3","","F","","","0"
"2021","Montréal, Quebec [CCS240666023]","2021S05022466023","Natural land for pasture","Hectares","Number","223","units","0","v1326614415","522.8.3","","F","","","0"
"2021","Lanoraie, Quebec [CCS240752017]","2021S05022452017","Tame or seeded pasture","Hectares","Number","223","units","0","v1326614511","525.7.3","","F","","","0"
"2021","Lanoraie, Quebec [CCS240752017]","2021S05022452017","Natural land for pasture","Hectares","Number","223","units","0","v1326614514","525.8.3","0","A","","","0"
"2021","Sainte-Élisabeth, Quebec [CCS240752030]","2021S05022452030","Tame or seeded pasture","Hectares","Number","223","units","0","v1326614544","526.7.3","","F","","","0"
"2021","Sainte-Élisabeth, Quebec [CCS240752030]","2021S05022452030","Natural land for pasture","Hectares","Number","223","units","0","v1326614547","526.8.3","0","A","","","0"
"2021","Sainte-Geneviève-de-Berthier, Quebec [CCS240752040]","2021S05022452040","Tame or seeded pasture","Hectares","Number","223","units","0","v1326614577","527.7.3","","F","","","0"
"2021","Sainte-Geneviève-de-Berthier, Quebec [CCS240752040]","2021S05022452040","Natural land for pasture","Hectares","Number","223","units","0","v1326614580","527.8.3","","F","","","0"
"2021","Saint-Ignace-de-Loyola, Quebec [CCS240752045]","2021S05022452045","Tame or seeded pasture","Hectares","Number","223","units","0","v1326614610","528.7.3","","F","","","0"
"2021","Saint-Ignace-de-Loyola, Quebec [CCS240752045]","2021S05022452045","Natural land for pasture","Hectares","Number","223","units","0","v1326614613","528.8.3","","F","","","0"
"2021","Saint-Barthélemy, Quebec [CCS240752055]","2021S05022452055","Tame or seeded pasture","Hectares","Number","223","units","0","v1326614643","529.7.3","","F","","","0"
"2021","Saint-Barthélemy, Quebec [CCS240752055]","2021S05022452055","Natural land for pasture","Hectares","Number","223","units","0","v1326614646","529.8.3","100","C","","","0"
"2021","Saint-Cuthbert, Quebec [CCS240752062]","2021S05022452062","Tame or seeded pasture","Hectares","Number","223","units","0","v1326614676","530.7.3","177","E","","","0"
"2021","Saint-Cuthbert, Quebec [CCS240752062]","2021S05022452062","Natural land for pasture","Hectares","Number","223","units","0","v1326614679","530.8.3","","F","","","0"
"2021","Saint-Norbert, Quebec [CCS240752070]","2021S05022452070","Tame or seeded pasture","Hectares","Number","223","units","0","v1326614709","531.7.3","","F","","","0"
"2021","Saint-Norbert, Quebec [CCS240752070]","2021S05022452070","Natural land for pasture","Hectares","Number","223","units","0","v1326614712","531.8.3","","F","","","0"
"2021","Saint-Gabriel-de-Brandon, Quebec [CCS240752085]","2021S05022452085","Tame or seeded pasture","Hectares","Number","223","units","0","v1326614742","532.7.3","187","D","","","0"
"2021","Saint-Gabriel-de-Brandon, Quebec [CCS240752085]","2021S05022452085","Natural land for pasture","Hectares","Number","223","units","0","v1326614745","532.8.3","162","D","","","0"
"2021","Saint-Didace, Quebec [CCS240752090]","2021S05022452090","Tame or seeded pasture","Hectares","Number","223","units","0","v1326614775","533.7.3","","F","","","0"
"2021","Saint-Didace, Quebec [CCS240752090]","2021S05022452090","Natural land for pasture","Hectares","Number","223","units","0","v1326614778","533.8.3","","F","","","0"
"2021","Saint-Sulpice, Quebec [CCS240760020]","2021S05022460020","Tame or seeded pasture","Hectares","Number","223","units","0","v1326614841","535.7.3","","F","","","0"
"2021","Saint-Sulpice, Quebec [CCS240760020]","2021S05022460020","Natural land for pasture","Hectares","Number","223","units","0","v1326614844","535.8.3","","F","","","0"
"2021","L'Assomption, Quebec [CCS240760028]","2021S05022460028","Tame or seeded pasture","Hectares","Number","223","units","0","v1326614874","536.7.3","","F","","","0"
"2021","L'Assomption, Quebec [CCS240760028]","2021S05022460028","Natural land for pasture","Hectares","Number","223","units","0","v1326614877","536.8.3","","F","","","0"
"2021","L'Épiphanie, Quebec [CCS240760037]","2021S05022460037","Tame or seeded pasture","Hectares","Number","223","units","0","v1326614907","537.7.3","44","C","","","0"
"2021","L'Épiphanie, Quebec [CCS240760037]","2021S05022460037","Natural land for pasture","Hectares","Number","223","units","0","v1326614910","537.8.3","5","D","","","0"
"2021","Saint-Paul, Quebec [CCS240761005]","2021S05022461005","Tame or seeded pasture","Hectares","Number","223","units","0","v1326614973","539.7.3","","F","","","0"
"2021","Saint-Paul, Quebec [CCS240761005]","2021S05022461005","Natural land for pasture","Hectares","Number","223","units","0","v1326614976","539.8.3","","F","","","0"
"2021","Saint-Thomas, Quebec [CCS240761027]","2021S05022461027","Tame or seeded pasture","Hectares","Number","223","units","0","v1326615006","540.7.3","","F","","","0"
"2021","Saint-Thomas, Quebec [CCS240761027]","2021S05022461027","Natural land for pasture","Hectares","Number","223","units","0","v1326615009","540.8.3","","F","","","0"
"2021","Saint-Ambroise-de-Kildare, Quebec [CCS240761040]","2021S05022461040","Tame or seeded pasture","Hectares","Number","223","units","0","v1326615039","541.7.3","","F","","","0"
"2021","Saint-Ambroise-de-Kildare, Quebec [CCS240761040]","2021S05022461040","Natural land for pasture","Hectares","Number","223","units","0","v1326615042","541.8.3","","F","","","0"
"2021","Notre-Dame-de-Lourdes, Quebec [CCS240761045]","2021S05022461045","Tame or seeded pasture","Hectares","Number","223","units","0","v1326615072","542.7.3","","F","","","0"
"2021","Notre-Dame-de-Lourdes, Quebec [CCS240761045]","2021S05022461045","Natural land for pasture","Hectares","Number","223","units","0","v1326615075","542.8.3","","F","","","0"
"2021","Sainte-Mélanie, Quebec [CCS240761050]","2021S05022461050","Tame or seeded pasture","Hectares","Number","223","units","0","v1326615105","543.7.3","","F","","","0"
"2021","Sainte-Mélanie, Quebec [CCS240761050]","2021S05022461050","Natural land for pasture","Hectares","Number","223","units","0","v1326615108","543.8.3","","F","","","0"
"2021","Saint-Félix-de-Valois, Quebec [CCS240762007]","2021S05022462007","Tame or seeded pasture","Hectares","Number","223","units","0","v1326615171","545.7.3","","F","","","0"
"2021","Saint-Félix-de-Valois, Quebec [CCS240762007]","2021S05022462007","Natural land for pasture","Hectares","Number","223","units","0","v1326615174","545.8.3","","F","","","0"
"2021","Saint-Jean-de-Matha, Quebec [CCS240762015]","2021S05022462015","Tame or seeded pasture","Hectares","Number","223","units","0","v1326615204","546.7.3","","F","","","0"
"2021","Saint-Jean-de-Matha, Quebec [CCS240762015]","2021S05022462015","Natural land for pasture","Hectares","Number","223","units","0","v1326615207","546.8.3","","F","","","0"
"2021","Sainte-Béatrix, Quebec [CCS240762020]","2021S05022462020","Tame or seeded pasture","Hectares","Number","223","units","0","v1326615237","547.7.3","","F","","","0"
"2021","Sainte-Béatrix, Quebec [CCS240762020]","2021S05022462020","Natural land for pasture","Hectares","Number","223","units","0","v1326615240","547.8.3","","F","","","0"
"2021","Sainte-Marcelline-de-Kildare, Quebec [CCS240762030]","2021S05022462030","Tame or seeded pasture","Hectares","Number","223","units","0","v1326615270","548.7.3","","F","","","0"
"2021","Sainte-Marcelline-de-Kildare, Quebec [CCS240762030]","2021S05022462030","Natural land for pasture","Hectares","Number","223","units","0","v1326615273","548.8.3","","F","","","0"
"2021","Rawdon, Quebec [CCS240762037]","2021S05022462037","Tame or seeded pasture","Hectares","Number","223","units","0","v1326615303","549.7.3","","F","","","0"
"2021","Rawdon, Quebec [CCS240762037]","2021S05022462037","Natural land for pasture","Hectares","Number","223","units","0","v1326615306","549.8.3","","F","","","0"
"2021","Saint-Damien, Quebec [CCS240762075]","2021S05022462075","Tame or seeded pasture","Hectares","Number","223","units","0","v1326615336","550.7.3","107","E","","","0"
"2021","Saint-Damien, Quebec [CCS240762075]","2021S05022462075","Natural land for pasture","Hectares","Number","223","units","0","v1326615339","550.8.3","","F","","","0"
"2021","Lac-Minaki, Quebec [CCS240762902]","2021S05022462902","Tame or seeded pasture","Hectares","Number","223","units","0","v1326615369","551.7.3","0","A","","","0"
"2021","Lac-Minaki, Quebec [CCS240762902]","2021S05022462902","Natural land for pasture","Hectares","Number","223","units","0","v1326615372","551.8.3","0","A","","","0"
"2021","Lac-Matawin, Quebec [CCS240762908]","2021S05022462908","Tame or seeded pasture","Hectares","Number","223","units","0","v1326615402","552.7.3","0","A","","","0"
"2021","Lac-Matawin, Quebec [CCS240762908]","2021S05022462908","Natural land for pasture","Hectares","Number","223","units","0","v1326615405","552.8.3","0","A","","","0"
"2021","Lac-Legendre, Quebec [CCS240762910]","2021S05022462910","Tame or seeded pasture","Hectares","Number","223","units","0","v1326615435","553.7.3","0","A","","","0"
"2021","Lac-Legendre, Quebec [CCS240762910]","2021S05022462910","Natural land for pasture","Hectares","Number","223","units","0","v1326615438","553.8.3","0","A","","","0"
"2021","Saint-Guillaume-Nord, Quebec [CCS240762912]","2021S05022462912","Tame or seeded pasture","Hectares","Number","223","units","0","v1326615468","554.7.3","0","A","","","0"
"2021","Saint-Guillaume-Nord, Quebec [CCS240762912]","2021S05022462912","Natural land for pasture","Hectares","Number","223","units","0","v1326615471","554.8.3","0","A","","","0"
"2021","Lac-des-Dix-Milles, Quebec [CCS240762914]","2021S05022462914","Tame or seeded pasture","Hectares","Number","223","units","0","v1326615501","555.7.3","0","A","","","0"
"2021","Lac-des-Dix-Milles, Quebec [CCS240762914]","2021S05022462914","Natural land for pasture","Hectares","Number","223","units","0","v1326615504","555.8.3","0","A","","","0"
"2021","Baie-Obaoca, Quebec [CCS240762918]","2021S05022462918","Tame or seeded pasture","Hectares","Number","223","units","0","v1326615534","556.7.3","0","A","","","0"
"2021","Baie-Obaoca, Quebec [CCS240762918]","2021S05022462918","Natural land for pasture","Hectares","Number","223","units","0","v1326615537","556.8.3","0","A","","","0"
"2021","Baie-Atibenne, Quebec [CCS240762920]","2021S05022462920","Tame or seeded pasture","Hectares","Number","223","units","0","v1326615567","557.7.3","0","A","","","0"
"2021","Baie-Atibenne, Quebec [CCS240762920]","2021S05022462920","Natural land for pasture","Hectares","Number","223","units","0","v1326615570","557.8.3","0","A","","","0"
"2021","Sainte-Marie-Salomé, Quebec [CCS240763005]","2021S05022463005","Tame or seeded pasture","Hectares","Number","223","units","0","v1326615633","559.7.3","0","A","","","0"
"2021","Sainte-Marie-Salomé, Quebec [CCS240763005]","2021S05022463005","Natural land for pasture","Hectares","Number","223","units","0","v1326615636","559.8.3","","F","","","0"
"2021","Saint-Jacques, Quebec [CCS240763013]","2021S05022463013","Tame or seeded pasture","Hectares","Number","223","units","0","v1326615666","560.7.3","","F","","","0"
"2021","Saint-Jacques, Quebec [CCS240763013]","2021S05022463013","Natural land for pasture","Hectares","Number","223","units","0","v1326615669","560.8.3","","F","","","0"
"2021","Saint-Alexis, Quebec [CCS240763023]","2021S05022463023","Tame or seeded pasture","Hectares","Number","223","units","0","v1326615699","561.7.3","","F","","","0"
"2021","Saint-Alexis, Quebec [CCS240763023]","2021S05022463023","Natural land for pasture","Hectares","Number","223","units","0","v1326615702","561.8.3","","F","","","0"
"2021","Saint-Esprit, Quebec [CCS240763030]","2021S05022463030","Tame or seeded pasture","Hectares","Number","223","units","0","v1326615732","562.7.3","","F","","","0"
"2021","Saint-Esprit, Quebec [CCS240763030]","2021S05022463030","Natural land for pasture","Hectares","Number","223","units","0","v1326615735","562.8.3","","F","","","0"
"2021","Saint-Roch-de-l'Achigan, Quebec [CCS240763035]","2021S05022463035","Tame or seeded pasture","Hectares","Number","223","units","0","v1326615765","563.7.3","","F","","","0"
"2021","Saint-Roch-de-l'Achigan, Quebec [CCS240763035]","2021S05022463035","Natural land for pasture","Hectares","Number","223","units","0","v1326615768","563.8.3","","F","","","0"
"2021","Saint-Lin--Laurentides, Quebec [CCS240763048]","2021S05022463048","Tame or seeded pasture","Hectares","Number","223","units","0","v1326615798","564.7.3","","F","","","0"
"2021","Saint-Lin--Laurentides, Quebec [CCS240763048]","2021S05022463048","Natural land for pasture","Hectares","Number","223","units","0","v1326615801","564.8.3","","F","","","0"
"2021","Sainte-Julienne, Quebec [CCS240763060]","2021S05022463060","Tame or seeded pasture","Hectares","Number","223","units","0","v1326615831","565.7.3","","F","","","0"
"2021","Sainte-Julienne, Quebec [CCS240763060]","2021S05022463060","Natural land for pasture","Hectares","Number","223","units","0","v1326615834","565.8.3","","F","","","0"
"2021","Saint-Liguori, Quebec [CCS240763065]","2021S05022463065","Tame or seeded pasture","Hectares","Number","223","units","0","v1326615864","566.7.3","","F","","","0"
"2021","Saint-Liguori, Quebec [CCS240763065]","2021S05022463065","Natural land for pasture","Hectares","Number","223","units","0","v1326615867","566.8.3","","F","","","0"
"2021","Terrebonne, Quebec [CCS240764008]","2021S05022464008","Tame or seeded pasture","Hectares","Number","223","units","0","v1326615930","568.7.3","","F","","","0"
"2021","Terrebonne, Quebec [CCS240764008]","2021S05022464008","Natural land for pasture","Hectares","Number","223","units","0","v1326615933","568.8.3","","F","","","0"
"2021","Mascouche, Quebec [CCS240764015]","2021S05022464015","Tame or seeded pasture","Hectares","Number","223","units","0","v1326615963","569.7.3","","F","","","0"
"2021","Mascouche, Quebec [CCS240764015]","2021S05022464015","Natural land for pasture","Hectares","Number","223","units","0","v1326615966","569.8.3","","F","","","0"
"2021","Notre-Dame-de-Bonsecours, Quebec [CCS240880015]","2021S05022480015","Tame or seeded pasture","Hectares","Number","223","units","0","v1326616062","572.7.3","","F","","","0"
"2021","Notre-Dame-de-Bonsecours, Quebec [CCS240880015]","2021S05022480015","Natural land for pasture","Hectares","Number","223","units","0","v1326616065","572.8.3","","F","","","0"
"2021","Notre-Dame-de-la-Paix, Quebec [CCS240880020]","2021S05022480020","Tame or seeded pasture","Hectares","Number","223","units","0","v1326616095","573.7.3","","F","","","0"
"2021","Notre-Dame-de-la-Paix, Quebec [CCS240880020]","2021S05022480020","Natural land for pasture","Hectares","Number","223","units","0","v1326616098","573.8.3","","F","","","0"
"2021","Saint-André-Avellin, Quebec [CCS240880027]","2021S05022480027","Tame or seeded pasture","Hectares","Number","223","units","0","v1326616128","574.7.3","295","E","","","0"
"2021","Saint-André-Avellin, Quebec [CCS240880027]","2021S05022480027","Natural land for pasture","Hectares","Number","223","units","0","v1326616131","574.8.3","498","D","","","0"
"2021","Papineauville, Quebec [CCS240880037]","2021S05022480037","Tame or seeded pasture","Hectares","Number","223","units","0","v1326616161","575.7.3","","F","","","0"
"2021","Papineauville, Quebec [CCS240880037]","2021S05022480037","Natural land for pasture","Hectares","Number","223","units","0","v1326616164","575.8.3","","F","","","0"
"2021","Plaisance, Quebec [CCS240880045]","2021S05022480045","Tame or seeded pasture","Hectares","Number","223","units","0","v1326616194","576.7.3","0","A","","","0"
"2021","Plaisance, Quebec [CCS240880045]","2021S05022480045","Natural land for pasture","Hectares","Number","223","units","0","v1326616197","576.8.3","","F","","","0"
"2021","Lochaber, Quebec [CCS240880055]","2021S05022480055","Tame or seeded pasture","Hectares","Number","223","units","0","v1326616227","577.7.3","","F","","","0"
"2021","Lochaber, Quebec [CCS240880055]","2021S05022480055","Natural land for pasture","Hectares","Number","223","units","0","v1326616230","577.8.3","","F","","","0"
"2021","Lochaber-Partie-Ouest, Quebec [CCS240880060]","2021S05022480060","Tame or seeded pasture","Hectares","Number","223","units","0","v1326616260","578.7.3","","F","","","0"
"2021","Lochaber-Partie-Ouest, Quebec [CCS240880060]","2021S05022480060","Natural land for pasture","Hectares","Number","223","units","0","v1326616263","578.8.3","553","E","","","0"
"2021","Saint-Sixte, Quebec [CCS240880070]","2021S05022480070","Tame or seeded pasture","Hectares","Number","223","units","0","v1326616293","579.7.3","","F","","","0"
"2021","Saint-Sixte, Quebec [CCS240880070]","2021S05022480070","Natural land for pasture","Hectares","Number","223","units","0","v1326616296","579.8.3","","F","","","0"
"2021","Ripon, Quebec [CCS240880078]","2021S05022480078","Tame or seeded pasture","Hectares","Number","223","units","0","v1326616326","580.7.3","","F","","","0"
"2021","Ripon, Quebec [CCS240880078]","2021S05022480078","Natural land for pasture","Hectares","Number","223","units","0","v1326616329","580.8.3","774","C","","","0"
"2021","Montpellier, Quebec [CCS240880090]","2021S05022480090","Tame or seeded pasture","Hectares","Number","223","units","0","v1326616359","581.7.3","0","A","","","0"
"2021","Montpellier, Quebec [CCS240880090]","2021S05022480090","Natural land for pasture","Hectares","Number","223","units","0","v1326616362","581.8.3","0","A","","","0"
"2021","Lac-Simon, Quebec [CCS240880095]","2021S05022480095","Tame or seeded pasture","Hectares","Number","223","units","0","v1326616392","582.7.3","","F","","","0"
"2021","Lac-Simon, Quebec [CCS240880095]","2021S05022480095","Natural land for pasture","Hectares","Number","223","units","0","v1326616395","582.8.3","","F","","","0"
"2021","Gatineau, Quebec [CCS240881017]","2021S05022481017","Tame or seeded pasture","Hectares","Number","223","units","0","v1326616458","584.7.3","","F","","","0"
"2021","Gatineau, Quebec [CCS240881017]","2021S05022481017","Natural land for pasture","Hectares","Number","223","units","0","v1326616461","584.8.3","","F","","","0"
"2021","L'Ange-Gardien, Quebec [CCS240882005]","2021S05022482005","Tame or seeded pasture","Hectares","Number","223","units","0","v1326616524","586.7.3","","F","","","0"
"2021","L'Ange-Gardien, Quebec [CCS240882005]","2021S05022482005","Natural land for pasture","Hectares","Number","223","units","0","v1326616527","586.8.3","","F","","","0"
"2021","Val-des-Monts, Quebec [CCS240882015]","2021S05022482015","Tame or seeded pasture","Hectares","Number","223","units","0","v1326616557","587.7.3","660","C","","","0"
"2021","Val-des-Monts, Quebec [CCS240882015]","2021S05022482015","Natural land for pasture","Hectares","Number","223","units","0","v1326616560","587.8.3","911","B","","","0"
"2021","Cantley, Quebec [CCS240882020]","2021S05022482020","Tame or seeded pasture","Hectares","Number","223","units","0","v1326616590","588.7.3","104","B","","","0"
"2021","Cantley, Quebec [CCS240882020]","2021S05022482020","Natural land for pasture","Hectares","Number","223","units","0","v1326616593","588.8.3","60","D","","","0"
"2021","Pontiac, Quebec [CCS240882030]","2021S05022482030","Tame or seeded pasture","Hectares","Number","223","units","0","v1326616623","589.7.3","413","E","","","0"
"2021","Pontiac, Quebec [CCS240882030]","2021S05022482030","Natural land for pasture","Hectares","Number","223","units","0","v1326616626","589.8.3","538","E","","","0"
"2021","La Pêche, Quebec [CCS240882035]","2021S05022482035","Tame or seeded pasture","Hectares","Number","223","units","0","v1326616656","590.7.3","597","D","","","0"
"2021","La Pêche, Quebec [CCS240882035]","2021S05022482035","Natural land for pasture","Hectares","Number","223","units","0","v1326616659","590.8.3","1265","B","","","0"
"2021","Low, Quebec [CCS240883010]","2021S05022483010","Tame or seeded pasture","Hectares","Number","223","units","0","v1326616722","592.7.3","192","E","","","0"
"2021","Low, Quebec [CCS240883010]","2021S05022483010","Natural land for pasture","Hectares","Number","223","units","0","v1326616725","592.8.3","1093","B","","","0"
"2021","Kazabazua, Quebec [CCS240883015]","2021S05022483015","Tame or seeded pasture","Hectares","Number","223","units","0","v1326616755","593.7.3","","F","","","0"
"2021","Kazabazua, Quebec [CCS240883015]","2021S05022483015","Natural land for pasture","Hectares","Number","223","units","0","v1326616758","593.8.3","342","C","","","0"
"2021","Lac-Sainte-Marie, Quebec [CCS240883020]","2021S05022483020","Tame or seeded pasture","Hectares","Number","223","units","0","v1326616788","594.7.3","","F","","","0"
"2021","Lac-Sainte-Marie, Quebec [CCS240883020]","2021S05022483020","Natural land for pasture","Hectares","Number","223","units","0","v1326616791","594.8.3","630","D","","","0"
"2021","Gracefield, Quebec [CCS240883032]","2021S05022483032","Tame or seeded pasture","Hectares","Number","223","units","0","v1326616821","595.7.3","","F","","","0"
"2021","Gracefield, Quebec [CCS240883032]","2021S05022483032","Natural land for pasture","Hectares","Number","223","units","0","v1326616824","595.8.3","472","E","","","0"
"2021","Bouchette, Quebec [CCS240883050]","2021S05022483050","Tame or seeded pasture","Hectares","Number","223","units","0","v1326616854","596.7.3","293","B","","","0"
"2021","Bouchette, Quebec [CCS240883050]","2021S05022483050","Natural land for pasture","Hectares","Number","223","units","0","v1326616857","596.8.3","199","A","","","0"
"2021","Déléage, Quebec [CCS240883070]","2021S05022483070","Tame or seeded pasture","Hectares","Number","223","units","0","v1326616887","597.7.3","","F","","","0"
"2021","Déléage, Quebec [CCS240883070]","2021S05022483070","Natural land for pasture","Hectares","Number","223","units","0","v1326616890","597.8.3","","F","","","0"
"2021","Montcerf-Lytton, Quebec [CCS240883088]","2021S05022483088","Tame or seeded pasture","Hectares","Number","223","units","0","v1326616920","598.7.3","493","E","","","0"
"2021","Montcerf-Lytton, Quebec [CCS240883088]","2021S05022483088","Natural land for pasture","Hectares","Number","223","units","0","v1326616923","598.8.3","","F","","","0"
"2021","Lac-Pythonga, Quebec [CCS240883902]","2021S05022483902","Tame or seeded pasture","Hectares","Number","223","units","0","v1326616953","599.7.3","0","A","","","0"
"2021","Lac-Pythonga, Quebec [CCS240883902]","2021S05022483902","Natural land for pasture","Hectares","Number","223","units","0","v1326616956","599.8.3","0","A","","","0"
"2021","Cascades-Malignes, Quebec [CCS240883904]","2021S05022483904","Tame or seeded pasture","Hectares","Number","223","units","0","v1326616986","600.7.3","0","A","","","0"
"2021","Cascades-Malignes, Quebec [CCS240883904]","2021S05022483904","Natural land for pasture","Hectares","Number","223","units","0","v1326616989","600.8.3","0","A","","","0"
"2021","Lac-Lenôtre, Quebec [CCS240883906]","2021S05022483906","Tame or seeded pasture","Hectares","Number","223","units","0","v1326617019","601.7.3","0","A","","","0"
"2021","Lac-Lenôtre, Quebec [CCS240883906]","2021S05022483906","Natural land for pasture","Hectares","Number","223","units","0","v1326617022","601.8.3","0","A","","","0"
"2021","Lac-Moselle, Quebec [CCS240883908]","2021S05022483908","Tame or seeded pasture","Hectares","Number","223","units","0","v1326617052","602.7.3","0","A","","","0"
"2021","Lac-Moselle, Quebec [CCS240883908]","2021S05022483908","Natural land for pasture","Hectares","Number","223","units","0","v1326617055","602.8.3","0","A","","","0"
"2021","Dépôt-Échouani, Quebec [CCS240883912]","2021S05022483912","Tame or seeded pasture","Hectares","Number","223","units","0","v1326617085","603.7.3","0","A","","","0"
"2021","Dépôt-Échouani, Quebec [CCS240883912]","2021S05022483912","Natural land for pasture","Hectares","Number","223","units","0","v1326617088","603.8.3","0","A","","","0"
"2021","Bristol, Quebec [CCS240884005]","2021S05022484005","Tame or seeded pasture","Hectares","Number","223","units","0","v1326617151","605.7.3","430","D","","","0"
"2021","Bristol, Quebec [CCS240884005]","2021S05022484005","Natural land for pasture","Hectares","Number","223","units","0","v1326617154","605.8.3","","F","","","0"
"2021","Clarendon, Quebec [CCS240884015]","2021S05022484015","Tame or seeded pasture","Hectares","Number","223","units","0","v1326617184","606.7.3","1662","C","","","0"
"2021","Clarendon, Quebec [CCS240884015]","2021S05022484015","Natural land for pasture","Hectares","Number","223","units","0","v1326617187","606.8.3","1043","D","","","0"
"2021","L'Île-du-Grand-Calumet, Quebec [CCS240884035]","2021S05022484035","Tame or seeded pasture","Hectares","Number","223","units","0","v1326617217","607.7.3","276","E","","","0"
"2021","L'Île-du-Grand-Calumet, Quebec [CCS240884035]","2021S05022484035","Natural land for pasture","Hectares","Number","223","units","0","v1326617220","607.8.3","485","D","","","0"
"2021","Litchfield, Quebec [CCS240884040]","2021S05022484040","Tame or seeded pasture","Hectares","Number","223","units","0","v1326617250","608.7.3","280","A","","","0"
"2021","Litchfield, Quebec [CCS240884040]","2021S05022484040","Natural land for pasture","Hectares","Number","223","units","0","v1326617253","608.8.3","516","C","","","0"
"2021","Mansfield-et-Pontefract, Quebec [CCS240884065]","2021S05022484065","Tame or seeded pasture","Hectares","Number","223","units","0","v1326617283","609.7.3","","F","","","0"
"2021","Mansfield-et-Pontefract, Quebec [CCS240884065]","2021S05022484065","Natural land for pasture","Hectares","Number","223","units","0","v1326617286","609.8.3","365","E","","","0"
"2021","L'Isle-aux-Allumettes, Quebec [CCS240884082]","2021S05022484082","Tame or seeded pasture","Hectares","Number","223","units","0","v1326617316","610.7.3","622","C","","","0"
"2021","L'Isle-aux-Allumettes, Quebec [CCS240884082]","2021S05022484082","Natural land for pasture","Hectares","Number","223","units","0","v1326617319","610.8.3","702","C","","","0"
"2021","Sheenboro, Quebec [CCS240884095]","2021S05022484095","Tame or seeded pasture","Hectares","Number","223","units","0","v1326617349","611.7.3","157","A","","","0"
"2021","Sheenboro, Quebec [CCS240884095]","2021S05022484095","Natural land for pasture","Hectares","Number","223","units","0","v1326617352","611.8.3","368","A","","","0"
"2021","Rapides-des-Joachims, Quebec [CCS240884100]","2021S05022484100","Tame or seeded pasture","Hectares","Number","223","units","0","v1326617382","612.7.3","0","A","","","0"
"2021","Rapides-des-Joachims, Quebec [CCS240884100]","2021S05022484100","Natural land for pasture","Hectares","Number","223","units","0","v1326617385","612.8.3","0","A","","","0"
"2021","Lac-Nilgaut, Quebec [CCS240884902]","2021S05022484902","Tame or seeded pasture","Hectares","Number","223","units","0","v1326617415","613.7.3","0","A","","","0"
"2021","Lac-Nilgaut, Quebec [CCS240884902]","2021S05022484902","Natural land for pasture","Hectares","Number","223","units","0","v1326617418","613.8.3","0","A","","","0"
"2021","Saint-Eustache, Quebec [CCS240972005]","2021S05022472005","Tame or seeded pasture","Hectares","Number","223","units","0","v1326617514","616.7.3","","F","","","0"
"2021","Saint-Eustache, Quebec [CCS240972005]","2021S05022472005","Natural land for pasture","Hectares","Number","223","units","0","v1326617517","616.8.3","","F","","","0"
"2021","Saint-Joseph-du-Lac, Quebec [CCS240972025]","2021S05022472025","Tame or seeded pasture","Hectares","Number","223","units","0","v1326617547","617.7.3","","F","","","0"
"2021","Saint-Joseph-du-Lac, Quebec [CCS240972025]","2021S05022472025","Natural land for pasture","Hectares","Number","223","units","0","v1326617550","617.8.3","","F","","","0"
"2021","Oka, Quebec [CCS240972032]","2021S05022472032","Tame or seeded pasture","Hectares","Number","223","units","0","v1326617580","618.7.3","","F","","","0"
"2021","Oka, Quebec [CCS240972032]","2021S05022472032","Natural land for pasture","Hectares","Number","223","units","0","v1326617583","618.8.3","","F","","","0"
"2021","Saint-Placide, Quebec [CCS240972043]","2021S05022472043","Tame or seeded pasture","Hectares","Number","223","units","0","v1326617613","619.7.3","","F","","","0"
"2021","Saint-Placide, Quebec [CCS240972043]","2021S05022472043","Natural land for pasture","Hectares","Number","223","units","0","v1326617616","619.8.3","","F","","","0"
"2021","Blainville, Quebec [CCS240973015]","2021S05022473015","Tame or seeded pasture","Hectares","Number","223","units","0","v1326617679","621.7.3","","F","","","0"
"2021","Blainville, Quebec [CCS240973015]","2021S05022473015","Natural land for pasture","Hectares","Number","223","units","0","v1326617682","621.8.3","","F","","","0"
"2021","Sainte-Anne-des-Plaines, Quebec [CCS240973035]","2021S05022473035","Tame or seeded pasture","Hectares","Number","223","units","0","v1326617712","622.7.3","","F","","","0"
"2021","Sainte-Anne-des-Plaines, Quebec [CCS240973035]","2021S05022473035","Natural land for pasture","Hectares","Number","223","units","0","v1326617715","622.8.3","","F","","","0"
"2021","Mirabel, Quebec [CCS240974005]","2021S05022474005","Tame or seeded pasture","Hectares","Number","223","units","0","v1326617778","624.7.3","","F","","","0"
"2021","Mirabel, Quebec [CCS240974005]","2021S05022474005","Natural land for pasture","Hectares","Number","223","units","0","v1326617781","624.8.3","","F","","","0"
"2021","Saint-Jérôme, Quebec [CCS240975017]","2021S05022475017","Tame or seeded pasture","Hectares","Number","223","units","0","v1326617844","626.7.3","","F","","","0"
"2021","Saint-Jérôme, Quebec [CCS240975017]","2021S05022475017","Natural land for pasture","Hectares","Number","223","units","0","v1326617847","626.8.3","","F","","","0"
"2021","Sainte-Sophie, Quebec [CCS240975028]","2021S05022475028","Tame or seeded pasture","Hectares","Number","223","units","0","v1326617877","627.7.3","","F","","","0"
"2021","Sainte-Sophie, Quebec [CCS240975028]","2021S05022475028","Natural land for pasture","Hectares","Number","223","units","0","v1326617880","627.8.3","","F","","","0"
"2021","Saint-André-d'Argenteuil, Quebec [CCS240976008]","2021S05022476008","Tame or seeded pasture","Hectares","Number","223","units","0","v1326617943","629.7.3","","F","","","0"
"2021","Saint-André-d'Argenteuil, Quebec [CCS240976008]","2021S05022476008","Natural land for pasture","Hectares","Number","223","units","0","v1326617946","629.8.3","","F","","","0"
"2021","Lachute, Quebec [CCS240976020]","2021S05022476020","Tame or seeded pasture","Hectares","Number","223","units","0","v1326617976","630.7.3","","F","","","0"
"2021","Lachute, Quebec [CCS240976020]","2021S05022476020","Natural land for pasture","Hectares","Number","223","units","0","v1326617979","630.8.3","","F","","","0"
"2021","Wentworth, Quebec [CCS240976035]","2021S05022476035","Tame or seeded pasture","Hectares","Number","223","units","0","v1326618009","631.7.3","0","A","","","0"
"2021","Wentworth, Quebec [CCS240976035]","2021S05022476035","Natural land for pasture","Hectares","Number","223","units","0","v1326618012","631.8.3","0","A","","","0"
"2021","Brownsburg-Chatham, Quebec [CCS240976043]","2021S05022476043","Tame or seeded pasture","Hectares","Number","223","units","0","v1326618042","632.7.3","","F","","","0"
"2021","Brownsburg-Chatham, Quebec [CCS240976043]","2021S05022476043","Natural land for pasture","Hectares","Number","223","units","0","v1326618045","632.8.3","","F","","","0"
"2021","Grenville-sur-la-Rouge, Quebec [CCS240976052]","2021S05022476052","Tame or seeded pasture","Hectares","Number","223","units","0","v1326618075","633.7.3","","F","","","0"
"2021","Grenville-sur-la-Rouge, Quebec [CCS240976052]","2021S05022476052","Natural land for pasture","Hectares","Number","223","units","0","v1326618078","633.8.3","642","C","","","0"
"2021","Harrington, Quebec [CCS240976065]","2021S05022476065","Tame or seeded pasture","Hectares","Number","223","units","0","v1326618108","634.7.3","","F","","","0"
"2021","Harrington, Quebec [CCS240976065]","2021S05022476065","Natural land for pasture","Hectares","Number","223","units","0","v1326618111","634.8.3","340","D","","","0"
"2021","Sainte-Adèle, Quebec [CCS240977022]","2021S05022477022","Tame or seeded pasture","Hectares","Number","223","units","0","v1326618174","636.7.3","0","A","","","0"
"2021","Sainte-Adèle, Quebec [CCS240977022]","2021S05022477022","Natural land for pasture","Hectares","Number","223","units","0","v1326618177","636.8.3","","F","","","0"
"2021","Montcalm, Quebec [CCS240978055]","2021S05022478055","Tame or seeded pasture","Hectares","Number","223","units","0","v1326618240","638.7.3","0","A","","","0"
"2021","Montcalm, Quebec [CCS240978055]","2021S05022478055","Natural land for pasture","Hectares","Number","223","units","0","v1326618243","638.8.3","","F","","","0"
"2021","Arundel, Quebec [CCS240978060]","2021S05022478060","Tame or seeded pasture","Hectares","Number","223","units","0","v1326618273","639.7.3","","F","","","0"
"2021","Arundel, Quebec [CCS240978060]","2021S05022478060","Natural land for pasture","Hectares","Number","223","units","0","v1326618276","639.8.3","","F","","","0"
"2021","Brébeuf, Quebec [CCS240978075]","2021S05022478075","Tame or seeded pasture","Hectares","Number","223","units","0","v1326618306","640.7.3","212","D","","","0"
"2021","Brébeuf, Quebec [CCS240978075]","2021S05022478075","Natural land for pasture","Hectares","Number","223","units","0","v1326618309","640.8.3","","F","","","0"
"2021","Val-des-Lacs, Quebec [CCS240978100]","2021S05022478100","Tame or seeded pasture","Hectares","Number","223","units","0","v1326618339","641.7.3","0","A","","","0"
"2021","Val-des-Lacs, Quebec [CCS240978100]","2021S05022478100","Natural land for pasture","Hectares","Number","223","units","0","v1326618342","641.8.3","","F","","","0"
"2021","Mont-Tremblant, Quebec [CCS240978102]","2021S05022478102","Tame or seeded pasture","Hectares","Number","223","units","0","v1326618372","642.7.3","","F","","","0"
"2021","Mont-Tremblant, Quebec [CCS240978102]","2021S05022478102","Natural land for pasture","Hectares","Number","223","units","0","v1326618375","642.8.3","","F","","","0"
"2021","La Minerve, Quebec [CCS240978130]","2021S05022478130","Tame or seeded pasture","Hectares","Number","223","units","0","v1326618405","643.7.3","","F","","","0"
"2021","La Minerve, Quebec [CCS240978130]","2021S05022478130","Natural land for pasture","Hectares","Number","223","units","0","v1326618408","643.8.3","","F","","","0"
"2021","Doncaster, Quebec [CCS240978802]","2021S05022478802","Tame or seeded pasture","Hectares","Number","223","units","0","v1326618438","644.7.3","0","A","","","0"
"2021","Doncaster, Quebec [CCS240978802]","2021S05022478802","Natural land for pasture","Hectares","Number","223","units","0","v1326618441","644.8.3","0","A","","","0"
"2021","Kiamika, Quebec [CCS240979025]","2021S05022479025","Tame or seeded pasture","Hectares","Number","223","units","0","v1326618504","646.7.3","","F","","","0"
"2021","Kiamika, Quebec [CCS240979025]","2021S05022479025","Natural land for pasture","Hectares","Number","223","units","0","v1326618507","646.8.3","","F","","","0"
"2021","Rivière-Rouge, Quebec [CCS240979037]","2021S05022479037","Tame or seeded pasture","Hectares","Number","223","units","0","v1326618537","647.7.3","","F","","","0"
"2021","Rivière-Rouge, Quebec [CCS240979037]","2021S05022479037","Natural land for pasture","Hectares","Number","223","units","0","v1326618540","647.8.3","","F","","","0"
"2021","Lac-des-Écorces, Quebec [CCS240979078]","2021S05022479078","Tame or seeded pasture","Hectares","Number","223","units","0","v1326618570","648.7.3","","F","","","0"
"2021","Lac-des-Écorces, Quebec [CCS240979078]","2021S05022479078","Natural land for pasture","Hectares","Number","223","units","0","v1326618573","648.8.3","","F","","","0"
"2021","Mont-Laurier, Quebec [CCS240979088]","2021S05022479088","Tame or seeded pasture","Hectares","Number","223","units","0","v1326618603","649.7.3","332","E","","","0"
"2021","Mont-Laurier, Quebec [CCS240979088]","2021S05022479088","Natural land for pasture","Hectares","Number","223","units","0","v1326618606","649.8.3","368","E","","","0"
"2021","Ferme-Neuve, Quebec [CCS240979097]","2021S05022479097","Tame or seeded pasture","Hectares","Number","223","units","0","v1326618636","650.7.3","639","D","","","0"
"2021","Ferme-Neuve, Quebec [CCS240979097]","2021S05022479097","Natural land for pasture","Hectares","Number","223","units","0","v1326618639","650.8.3","437","D","","","0"
"2021","Lac-de-la-Pomme, Quebec [CCS240979902]","2021S05022479902","Tame or seeded pasture","Hectares","Number","223","units","0","v1326618669","651.7.3","0","A","","","0"
"2021","Lac-de-la-Pomme, Quebec [CCS240979902]","2021S05022479902","Natural land for pasture","Hectares","Number","223","units","0","v1326618672","651.8.3","0","A","","","0"
"2021","Lac-Bazinet, Quebec [CCS240979910]","2021S05022479910","Tame or seeded pasture","Hectares","Number","223","units","0","v1326618702","652.7.3","0","A","","","0"
"2021","Lac-Bazinet, Quebec [CCS240979910]","2021S05022479910","Natural land for pasture","Hectares","Number","223","units","0","v1326618705","652.8.3","0","A","","","0"
"2021","Lac-De La Bidière, Quebec [CCS240979912]","2021S05022479912","Tame or seeded pasture","Hectares","Number","223","units","0","v1326618735","653.7.3","0","A","","","0"
"2021","Lac-De La Bidière, Quebec [CCS240979912]","2021S05022479912","Natural land for pasture","Hectares","Number","223","units","0","v1326618738","653.8.3","0","A","","","0"
"2021","Lac-Oscar, Quebec [CCS240979914]","2021S05022479914","Tame or seeded pasture","Hectares","Number","223","units","0","v1326618768","654.7.3","0","A","","","0"
"2021","Lac-Oscar, Quebec [CCS240979914]","2021S05022479914","Natural land for pasture","Hectares","Number","223","units","0","v1326618771","654.8.3","0","A","","","0"
"2021","Lac-de-la-Maison-de-Pierre, Quebec [CCS240979916]","2021S05022479916","Tame or seeded pasture","Hectares","Number","223","units","0","v1326618801","655.7.3","0","A","","","0"
"2021","Lac-de-la-Maison-de-Pierre, Quebec [CCS240979916]","2021S05022479916","Natural land for pasture","Hectares","Number","223","units","0","v1326618804","655.8.3","0","A","","","0"
"2021","Baie-des-Chaloupes, Quebec [CCS240979920]","2021S05022479920","Tame or seeded pasture","Hectares","Number","223","units","0","v1326618834","656.7.3","0","A","","","0"
"2021","Baie-des-Chaloupes, Quebec [CCS240979920]","2021S05022479920","Natural land for pasture","Hectares","Number","223","units","0","v1326618837","656.8.3","0","A","","","0"
"2021","Lac-Douaire, Quebec [CCS240979922]","2021S05022479922","Tame or seeded pasture","Hectares","Number","223","units","0","v1326618867","657.7.3","0","A","","","0"
"2021","Lac-Douaire, Quebec [CCS240979922]","2021S05022479922","Natural land for pasture","Hectares","Number","223","units","0","v1326618870","657.8.3","0","A","","","0"
"2021","Lac-Ernest, Quebec [CCS240979924]","2021S05022479924","Tame or seeded pasture","Hectares","Number","223","units","0","v1326618900","658.7.3","0","A","","","0"
"2021","Lac-Ernest, Quebec [CCS240979924]","2021S05022479924","Natural land for pasture","Hectares","Number","223","units","0","v1326618903","658.8.3","0","A","","","0"
"2021","Lac-Marguerite, Quebec [CCS240979926]","2021S05022479926","Tame or seeded pasture","Hectares","Number","223","units","0","v1326618933","659.7.3","0","A","","","0"
"2021","Lac-Marguerite, Quebec [CCS240979926]","2021S05022479926","Natural land for pasture","Hectares","Number","223","units","0","v1326618936","659.8.3","0","A","","","0"
"2021","Saint-Édouard-de-Fabre, Quebec [CCS241085015]","2021S05022485015","Tame or seeded pasture","Hectares","Number","223","units","0","v1326619032","662.7.3","","F","","","0"
"2021","Saint-Édouard-de-Fabre, Quebec [CCS241085015]","2021S05022485015","Natural land for pasture","Hectares","Number","223","units","0","v1326619035","662.8.3","307","E","","","0"
"2021","Béarn, Quebec [CCS241085020]","2021S05022485020","Tame or seeded pasture","Hectares","Number","223","units","0","v1326619065","663.7.3","","F","","","0"
"2021","Béarn, Quebec [CCS241085020]","2021S05022485020","Natural land for pasture","Hectares","Number","223","units","0","v1326619068","663.8.3","","F","","","0"
"2021","Duhamel-Ouest, Quebec [CCS241085030]","2021S05022485030","Tame or seeded pasture","Hectares","Number","223","units","0","v1326619098","664.7.3","","F","","","0"
"2021","Duhamel-Ouest, Quebec [CCS241085030]","2021S05022485030","Natural land for pasture","Hectares","Number","223","units","0","v1326619101","664.8.3","","F","","","0"
"2021","Saint-Bruno-de-Guigues, Quebec [CCS241085045]","2021S05022485045","Tame or seeded pasture","Hectares","Number","223","units","0","v1326619131","665.7.3","132","E","","","0"
"2021","Saint-Bruno-de-Guigues, Quebec [CCS241085045]","2021S05022485045","Natural land for pasture","Hectares","Number","223","units","0","v1326619134","665.8.3","129","E","","","0"
"2021","Fugèreville, Quebec [CCS241085055]","2021S05022485055","Tame or seeded pasture","Hectares","Number","223","units","0","v1326619164","666.7.3","476","A","","","0"
"2021","Fugèreville, Quebec [CCS241085055]","2021S05022485055","Natural land for pasture","Hectares","Number","223","units","0","v1326619167","666.8.3","130","A","","","0"
"2021","Belleterre, Quebec [CCS241085065]","2021S05022485065","Tame or seeded pasture","Hectares","Number","223","units","0","v1326619197","667.7.3","0","A","","","0"
"2021","Belleterre, Quebec [CCS241085065]","2021S05022485065","Natural land for pasture","Hectares","Number","223","units","0","v1326619200","667.8.3","0","A","","","0"
"2021","Moffet, Quebec [CCS241085075]","2021S05022485075","Tame or seeded pasture","Hectares","Number","223","units","0","v1326619230","668.7.3","212","E","","","0"
"2021","Moffet, Quebec [CCS241085075]","2021S05022485075","Natural land for pasture","Hectares","Number","223","units","0","v1326619233","668.8.3","","F","","","0"
"2021","Saint-Eugène-de-Guigues, Quebec [CCS241085085]","2021S05022485085","Tame or seeded pasture","Hectares","Number","223","units","0","v1326619263","669.7.3","","F","","","0"
"2021","Saint-Eugène-de-Guigues, Quebec [CCS241085085]","2021S05022485085","Natural land for pasture","Hectares","Number","223","units","0","v1326619266","669.8.3","0","A","","","0"
"2021","Guérin, Quebec [CCS241085095]","2021S05022485095","Tame or seeded pasture","Hectares","Number","223","units","0","v1326619296","670.7.3","","F","","","0"
"2021","Guérin, Quebec [CCS241085095]","2021S05022485095","Natural land for pasture","Hectares","Number","223","units","0","v1326619299","670.8.3","0","A","","","0"
"2021","Rémigny, Quebec [CCS241085105]","2021S05022485105","Tame or seeded pasture","Hectares","Number","223","units","0","v1326619329","671.7.3","374","D","","","0"
"2021","Rémigny, Quebec [CCS241085105]","2021S05022485105","Natural land for pasture","Hectares","Number","223","units","0","v1326619332","671.8.3","401","D","","","0"
"2021","Rouyn-Noranda, Quebec [CCS241086042]","2021S05022486042","Tame or seeded pasture","Hectares","Number","223","units","0","v1326619395","673.7.3","1550","C","","","0"
"2021","Rouyn-Noranda, Quebec [CCS241086042]","2021S05022486042","Natural land for pasture","Hectares","Number","223","units","0","v1326619398","673.8.3","787","D","","","0"
"2021","Duparquet, Quebec [CCS241087005]","2021S05022487005","Tame or seeded pasture","Hectares","Number","223","units","0","v1326619461","675.7.3","0","A","","","0"
"2021","Duparquet, Quebec [CCS241087005]","2021S05022487005","Natural land for pasture","Hectares","Number","223","units","0","v1326619464","675.8.3","0","A","","","0"
"2021","Roquemaure, Quebec [CCS241087015]","2021S05022487015","Tame or seeded pasture","Hectares","Number","223","units","0","v1326619494","676.7.3","194","E","","","0"
"2021","Roquemaure, Quebec [CCS241087015]","2021S05022487015","Natural land for pasture","Hectares","Number","223","units","0","v1326619497","676.8.3","346","E","","","0"
"2021","Palmarolle, Quebec [CCS241087025]","2021S05022487025","Tame or seeded pasture","Hectares","Number","223","units","0","v1326619527","677.7.3","","F","","","0"
"2021","Palmarolle, Quebec [CCS241087025]","2021S05022487025","Natural land for pasture","Hectares","Number","223","units","0","v1326619530","677.8.3","","F","","","0"
"2021","Sainte-Germaine-Boulé, Quebec [CCS241087030]","2021S05022487030","Tame or seeded pasture","Hectares","Number","223","units","0","v1326619560","678.7.3","1119","B","","","0"
"2021","Sainte-Germaine-Boulé, Quebec [CCS241087030]","2021S05022487030","Natural land for pasture","Hectares","Number","223","units","0","v1326619563","678.8.3","170","E","","","0"
"2021","Taschereau, Quebec [CCS241087042]","2021S05022487042","Tame or seeded pasture","Hectares","Number","223","units","0","v1326619593","679.7.3","240","D","","","0"
"2021","Taschereau, Quebec [CCS241087042]","2021S05022487042","Natural land for pasture","Hectares","Number","223","units","0","v1326619596","679.8.3","906","B","","","0"
"2021","Macamic, Quebec [CCS241087058]","2021S05022487058","Tame or seeded pasture","Hectares","Number","223","units","0","v1326619626","680.7.3","430","D","","","0"
"2021","Macamic, Quebec [CCS241087058]","2021S05022487058","Natural land for pasture","Hectares","Number","223","units","0","v1326619629","680.8.3","273","E","","","0"
"2021","Clerval, Quebec [CCS241087075]","2021S05022487075","Tame or seeded pasture","Hectares","Number","223","units","0","v1326619659","681.7.3","1750","B","","","0"
"2021","Clerval, Quebec [CCS241087075]","2021S05022487075","Natural land for pasture","Hectares","Number","223","units","0","v1326619662","681.8.3","1186","C","","","0"
"2021","La Sarre, Quebec [CCS241087090]","2021S05022487090","Tame or seeded pasture","Hectares","Number","223","units","0","v1326619692","682.7.3","283","D","","","0"
"2021","La Sarre, Quebec [CCS241087090]","2021S05022487090","Natural land for pasture","Hectares","Number","223","units","0","v1326619695","682.8.3","301","D","","","0"
"2021","Chazel, Quebec [CCS241087095]","2021S05022487095","Tame or seeded pasture","Hectares","Number","223","units","0","v1326619725","683.7.3","123","D","","","0"
"2021","Chazel, Quebec [CCS241087095]","2021S05022487095","Natural land for pasture","Hectares","Number","223","units","0","v1326619728","683.8.3","324","A","","","0"
"2021","Normétal, Quebec [CCS241087115]","2021S05022487115","Tame or seeded pasture","Hectares","Number","223","units","0","v1326619758","684.7.3","0","A","","","0"
"2021","Normétal, Quebec [CCS241087115]","2021S05022487115","Natural land for pasture","Hectares","Number","223","units","0","v1326619761","684.8.3","0","A","","","0"
"2021","Lac-Duparquet, Quebec [CCS241087902]","2021S05022487902","Tame or seeded pasture","Hectares","Number","223","units","0","v1326619791","685.7.3","0","A","","","0"
"2021","Lac-Duparquet, Quebec [CCS241087902]","2021S05022487902","Natural land for pasture","Hectares","Number","223","units","0","v1326619794","685.8.3","0","A","","","0"
"2021","La Corne, Quebec [CCS241088030]","2021S05022488030","Tame or seeded pasture","Hectares","Number","223","units","0","v1326619857","687.7.3","419","E","","","0"
"2021","La Corne, Quebec [CCS241088030]","2021S05022488030","Natural land for pasture","Hectares","Number","223","units","0","v1326619860","687.8.3","","F","","","0"
"2021","La Motte, Quebec [CCS241088045]","2021S05022488045","Tame or seeded pasture","Hectares","Number","223","units","0","v1326619890","688.7.3","641","D","","","0"
"2021","La Motte, Quebec [CCS241088045]","2021S05022488045","Natural land for pasture","Hectares","Number","223","units","0","v1326619893","688.8.3","315","E","","","0"
"2021","Amos, Quebec [CCS241088055]","2021S05022488055","Tame or seeded pasture","Hectares","Number","223","units","0","v1326619923","689.7.3","451","D","","","0"
"2021","Amos, Quebec [CCS241088055]","2021S05022488055","Natural land for pasture","Hectares","Number","223","units","0","v1326619926","689.8.3","383","E","","","0"
"2021","Sainte-Gertrude-Manneville, Quebec [CCS241088085]","2021S05022488085","Tame or seeded pasture","Hectares","Number","223","units","0","v1326619956","690.7.3","444","D","","","0"
"2021","Sainte-Gertrude-Manneville, Quebec [CCS241088085]","2021S05022488085","Natural land for pasture","Hectares","Number","223","units","0","v1326619959","690.8.3","388","E","","","0"
"2021","Lac-Despinassy, Quebec [CCS241088902]","2021S05022488902","Tame or seeded pasture","Hectares","Number","223","units","0","v1326619989","691.7.3","237","A","","","0"
"2021","Lac-Despinassy, Quebec [CCS241088902]","2021S05022488902","Natural land for pasture","Hectares","Number","223","units","0","v1326619992","691.8.3","182","B","","","0"
"2021","Lac-Chicobi, Quebec [CCS241088904]","2021S05022488904","Tame or seeded pasture","Hectares","Number","223","units","0","v1326620022","692.7.3","181","A","","","0"
"2021","Lac-Chicobi, Quebec [CCS241088904]","2021S05022488904","Natural land for pasture","Hectares","Number","223","units","0","v1326620025","692.8.3","68","C","","","0"
"2021","Val-d'Or, Quebec [CCS241089008]","2021S05022489008","Tame or seeded pasture","Hectares","Number","223","units","0","v1326620088","694.7.3","","F","","","0"
"2021","Val-d'Or, Quebec [CCS241089008]","2021S05022489008","Natural land for pasture","Hectares","Number","223","units","0","v1326620091","694.8.3","338","E","","","0"
"2021","Malartic, Quebec [CCS241089015]","2021S05022489015","Tame or seeded pasture","Hectares","Number","223","units","0","v1326620121","695.7.3","0","A","","","0"
"2021","Malartic, Quebec [CCS241089015]","2021S05022489015","Natural land for pasture","Hectares","Number","223","units","0","v1326620124","695.8.3","","F","","","0"
"2021","Eeyou Istchee Baie-James, Quebec [CCS241099060]","2021S05022499060","Tame or seeded pasture","Hectares","Number","223","units","0","v1326620187","697.7.3","393","C","","","0"
"2021","Eeyou Istchee Baie-James, Quebec [CCS241099060]","2021S05022499060","Natural land for pasture","Hectares","Number","223","units","0","v1326620190","697.8.3","","F","","","0"
"2021","Les Îles-de-la-Madeleine, Quebec [CCS241101023]","2021S05022401023","Tame or seeded pasture","Hectares","Number","223","units","0","v1326620286","700.7.3","","F","","","0"
"2021","Les Îles-de-la-Madeleine, Quebec [CCS241101023]","2021S05022401023","Natural land for pasture","Hectares","Number","223","units","0","v1326620289","700.8.3","","F","","","0"
"2021","Percé, Quebec [CCS241102005]","2021S05022402005","Tame or seeded pasture","Hectares","Number","223","units","0","v1326620352","702.7.3","104","E","","","0"
"2021","Percé, Quebec [CCS241102005]","2021S05022402005","Natural land for pasture","Hectares","Number","223","units","0","v1326620355","702.8.3","86","E","","","0"
"2021","Mont-Alexandre, Quebec [CCS241102902]","2021S05022402902","Tame or seeded pasture","Hectares","Number","223","units","0","v1326620385","703.7.3","0","A","","","0"
"2021","Mont-Alexandre, Quebec [CCS241102902]","2021S05022402902","Natural land for pasture","Hectares","Number","223","units","0","v1326620388","703.8.3","0","A","","","0"
"2021","Gaspé, Quebec [CCS241103005]","2021S05022403005","Tame or seeded pasture","Hectares","Number","223","units","0","v1326620451","705.7.3","26","C","","","0"
"2021","Gaspé, Quebec [CCS241103005]","2021S05022403005","Natural land for pasture","Hectares","Number","223","units","0","v1326620454","705.8.3","26","E","","","0"
"2021","Collines-du-Basque, Quebec [CCS241103904]","2021S05022403904","Tame or seeded pasture","Hectares","Number","223","units","0","v1326620484","706.7.3","0","A","","","0"
"2021","Collines-du-Basque, Quebec [CCS241103904]","2021S05022403904","Natural land for pasture","Hectares","Number","223","units","0","v1326620487","706.8.3","0","A","","","0"
"2021","Cap-Chat, Quebec [CCS241104047]","2021S05022404047","Tame or seeded pasture","Hectares","Number","223","units","0","v1326620550","708.7.3","","F","","","0"
"2021","Cap-Chat, Quebec [CCS241104047]","2021S05022404047","Natural land for pasture","Hectares","Number","223","units","0","v1326620553","708.8.3","","F","","","0"
"2021","Shigawake, Quebec [CCS241105010]","2021S05022405010","Tame or seeded pasture","Hectares","Number","223","units","0","v1326620616","710.7.3","169","D","","","0"
"2021","Shigawake, Quebec [CCS241105010]","2021S05022405010","Natural land for pasture","Hectares","Number","223","units","0","v1326620619","710.8.3","","F","","","0"
"2021","Bonaventure, Quebec [CCS241105045]","2021S05022405045","Tame or seeded pasture","Hectares","Number","223","units","0","v1326620649","711.7.3","","F","","","0"
"2021","Bonaventure, Quebec [CCS241105045]","2021S05022405045","Natural land for pasture","Hectares","Number","223","units","0","v1326620652","711.8.3","","F","","","0"
"2021","Caplan, Quebec [CCS241105060]","2021S05022405060","Tame or seeded pasture","Hectares","Number","223","units","0","v1326620682","712.7.3","250","C","","","0"
"2021","Caplan, Quebec [CCS241105060]","2021S05022405060","Natural land for pasture","Hectares","Number","223","units","0","v1326620685","712.8.3","","F","","","0"
"2021","New Richmond, Quebec [CCS241105070]","2021S05022405070","Tame or seeded pasture","Hectares","Number","223","units","0","v1326620715","713.7.3","278","B","","","0"
"2021","New Richmond, Quebec [CCS241105070]","2021S05022405070","Natural land for pasture","Hectares","Number","223","units","0","v1326620718","713.8.3","","F","","","0"
"2021","Rivière-Bonaventure, Quebec [CCS241105902]","2021S05022405902","Tame or seeded pasture","Hectares","Number","223","units","0","v1326620748","714.7.3","0","A","","","0"
"2021","Rivière-Bonaventure, Quebec [CCS241105902]","2021S05022405902","Natural land for pasture","Hectares","Number","223","units","0","v1326620751","714.8.3","0","A","","","0"
"2021","Carleton-sur-Mer, Quebec [CCS241106013]","2021S05022406013","Tame or seeded pasture","Hectares","Number","223","units","0","v1326620814","716.7.3","","F","","","0"
"2021","Carleton-sur-Mer, Quebec [CCS241106013]","2021S05022406013","Natural land for pasture","Hectares","Number","223","units","0","v1326620817","716.8.3","","F","","","0"
"2021","Saint-François-d'Assise, Quebec [CCS241106055]","2021S05022406055","Tame or seeded pasture","Hectares","Number","223","units","0","v1326620847","717.7.3","344","C","","","0"
"2021","Saint-François-d'Assise, Quebec [CCS241106055]","2021S05022406055","Natural land for pasture","Hectares","Number","223","units","0","v1326620850","717.8.3","101","E","","","0"
"2021","Rivière-Nouvelle, Quebec [CCS241106902]","2021S05022406902","Tame or seeded pasture","Hectares","Number","223","units","0","v1326620880","718.7.3","0","A","","","0"
"2021","Rivière-Nouvelle, Quebec [CCS241106902]","2021S05022406902","Natural land for pasture","Hectares","Number","223","units","0","v1326620883","718.8.3","0","A","","","0"
"2021","Ruisseau-Ferguson, Quebec [CCS241106904]","2021S05022406904","Tame or seeded pasture","Hectares","Number","223","units","0","v1326620913","719.7.3","0","A","","","0"
"2021","Ruisseau-Ferguson, Quebec [CCS241106904]","2021S05022406904","Natural land for pasture","Hectares","Number","223","units","0","v1326620916","719.8.3","0","A","","","0"
"2021","Saint-Omer, Quebec [CCS241217005]","2021S05022417005","Tame or seeded pasture","Hectares","Number","223","units","0","v1326621012","722.7.3","0","A","","","0"
"2021","Saint-Omer, Quebec [CCS241217005]","2021S05022417005","Natural land for pasture","Hectares","Number","223","units","0","v1326621015","722.8.3","0","A","","","0"
"2021","Saint-Pamphile, Quebec [CCS241217010]","2021S05022417010","Tame or seeded pasture","Hectares","Number","223","units","0","v1326621045","723.7.3","215","C","","","0"
"2021","Saint-Pamphile, Quebec [CCS241217010]","2021S05022417010","Natural land for pasture","Hectares","Number","223","units","0","v1326621048","723.8.3","","F","","","0"
"2021","Saint-Adalbert, Quebec [CCS241217015]","2021S05022417015","Tame or seeded pasture","Hectares","Number","223","units","0","v1326621078","724.7.3","","F","","","0"
"2021","Saint-Adalbert, Quebec [CCS241217015]","2021S05022417015","Natural land for pasture","Hectares","Number","223","units","0","v1326621081","724.8.3","","F","","","0"
"2021","Saint-Marcel, Quebec [CCS241217020]","2021S05022417020","Tame or seeded pasture","Hectares","Number","223","units","0","v1326621111","725.7.3","","F","","","0"
"2021","Saint-Marcel, Quebec [CCS241217020]","2021S05022417020","Natural land for pasture","Hectares","Number","223","units","0","v1326621114","725.8.3","","F","","","0"
"2021","Sainte-Félicité, Quebec [CCS241217025]","2021S05022417025","Tame or seeded pasture","Hectares","Number","223","units","0","v1326621144","726.7.3","","F","","","0"
"2021","Sainte-Félicité, Quebec [CCS241217025]","2021S05022417025","Natural land for pasture","Hectares","Number","223","units","0","v1326621147","726.8.3","0","A","","","0"
"2021","Sainte-Perpétue, Quebec [CCS241217030]","2021S05022417030","Tame or seeded pasture","Hectares","Number","223","units","0","v1326621177","727.7.3","","F","","","0"
"2021","Sainte-Perpétue, Quebec [CCS241217030]","2021S05022417030","Natural land for pasture","Hectares","Number","223","units","0","v1326621180","727.8.3","","F","","","0"
"2021","Saint-Damase-de-L'Islet, Quebec [CCS241217040]","2021S05022417040","Tame or seeded pasture","Hectares","Number","223","units","0","v1326621210","728.7.3","","F","","","0"
"2021","Saint-Damase-de-L'Islet, Quebec [CCS241217040]","2021S05022417040","Natural land for pasture","Hectares","Number","223","units","0","v1326621213","728.8.3","","F","","","0"
"2021","Saint-Cyrille-de-Lessard, Quebec [CCS241217045]","2021S05022417045","Tame or seeded pasture","Hectares","Number","223","units","0","v1326621243","729.7.3","","F","","","0"
"2021","Saint-Cyrille-de-Lessard, Quebec [CCS241217045]","2021S05022417045","Natural land for pasture","Hectares","Number","223","units","0","v1326621246","729.8.3","","F","","","0"
"2021","Saint-Aubert, Quebec [CCS241217055]","2021S05022417055","Tame or seeded pasture","Hectares","Number","223","units","0","v1326621276","730.7.3","","F","","","0"
"2021","Saint-Aubert, Quebec [CCS241217055]","2021S05022417055","Natural land for pasture","Hectares","Number","223","units","0","v1326621279","730.8.3","","F","","","0"
"2021","Sainte-Louise, Quebec [CCS241217060]","2021S05022417060","Tame or seeded pasture","Hectares","Number","223","units","0","v1326621309","731.7.3","","F","","","0"
"2021","Sainte-Louise, Quebec [CCS241217060]","2021S05022417060","Natural land for pasture","Hectares","Number","223","units","0","v1326621312","731.8.3","147","E","","","0"
"2021","Saint-Roch-des-Aulnaies, Quebec [CCS241217065]","2021S05022417065","Tame or seeded pasture","Hectares","Number","223","units","0","v1326621342","732.7.3","89","D","","","0"
"2021","Saint-Roch-des-Aulnaies, Quebec [CCS241217065]","2021S05022417065","Natural land for pasture","Hectares","Number","223","units","0","v1326621345","732.8.3","","F","","","0"
"2021","Saint-Jean-Port-Joli, Quebec [CCS241217070]","2021S05022417070","Tame or seeded pasture","Hectares","Number","223","units","0","v1326621375","733.7.3","","F","","","0"
"2021","Saint-Jean-Port-Joli, Quebec [CCS241217070]","2021S05022417070","Natural land for pasture","Hectares","Number","223","units","0","v1326621378","733.8.3","","F","","","0"
"2021","L'Islet, Quebec [CCS241217078]","2021S05022417078","Tame or seeded pasture","Hectares","Number","223","units","0","v1326621408","734.7.3","","F","","","0"
"2021","L'Islet, Quebec [CCS241217078]","2021S05022417078","Natural land for pasture","Hectares","Number","223","units","0","v1326621411","734.8.3","118","E","","","0"
"2021","Saint-Fabien-de-Panet, Quebec [CCS241218015]","2021S05022418015","Tame or seeded pasture","Hectares","Number","223","units","0","v1326621474","736.7.3","","F","","","0"
"2021","Saint-Fabien-de-Panet, Quebec [CCS241218015]","2021S05022418015","Natural land for pasture","Hectares","Number","223","units","0","v1326621477","736.8.3","","F","","","0"
"2021","Sainte-Apolline-de-Patton, Quebec [CCS241218025]","2021S05022418025","Tame or seeded pasture","Hectares","Number","223","units","0","v1326621507","737.7.3","172","D","","","0"
"2021","Sainte-Apolline-de-Patton, Quebec [CCS241218025]","2021S05022418025","Natural land for pasture","Hectares","Number","223","units","0","v1326621510","737.8.3","0","A","","","0"
"2021","Saint-Paul-de-Montminy, Quebec [CCS241218030]","2021S05022418030","Tame or seeded pasture","Hectares","Number","223","units","0","v1326621540","738.7.3","108","E","","","0"
"2021","Saint-Paul-de-Montminy, Quebec [CCS241218030]","2021S05022418030","Natural land for pasture","Hectares","Number","223","units","0","v1326621543","738.8.3","","F","","","0"
"2021","Cap-Saint-Ignace, Quebec [CCS241218045]","2021S05022418045","Tame or seeded pasture","Hectares","Number","223","units","0","v1326621573","739.7.3","","F","","","0"
"2021","Cap-Saint-Ignace, Quebec [CCS241218045]","2021S05022418045","Natural land for pasture","Hectares","Number","223","units","0","v1326621576","739.8.3","107","E","","","0"
"2021","Montmagny, Quebec [CCS241218050]","2021S05022418050","Tame or seeded pasture","Hectares","Number","223","units","0","v1326621606","740.7.3","","F","","","0"
"2021","Montmagny, Quebec [CCS241218050]","2021S05022418050","Natural land for pasture","Hectares","Number","223","units","0","v1326621609","740.8.3","","F","","","0"
"2021","Saint-Pierre-de-la-Rivière-du-Sud, Quebec [CCS241218055]","2021S05022418055","Tame or seeded pasture","Hectares","Number","223","units","0","v1326621639","741.7.3","151","D","","","0"
"2021","Saint-Pierre-de-la-Rivière-du-Sud, Quebec [CCS241218055]","2021S05022418055","Natural land for pasture","Hectares","Number","223","units","0","v1326621642","741.8.3","","F","","","0"
"2021","Saint-François-de-la-Rivière-du-Sud, Quebec [CCS241218060]","2021S05022418060","Tame or seeded pasture","Hectares","Number","223","units","0","v1326621672","742.7.3","209","E","","","0"
"2021","Saint-François-de-la-Rivière-du-Sud, Quebec [CCS241218060]","2021S05022418060","Natural land for pasture","Hectares","Number","223","units","0","v1326621675","742.8.3","","F","","","0"
"2021","Saint-Philémon, Quebec [CCS241219005]","2021S05022419005","Tame or seeded pasture","Hectares","Number","223","units","0","v1326621738","744.7.3","","F","","","0"
"2021","Saint-Philémon, Quebec [CCS241219005]","2021S05022419005","Natural land for pasture","Hectares","Number","223","units","0","v1326621741","744.8.3","","F","","","0"
"2021","Notre-Dame-Auxiliatrice-de-Buckland, Quebec [CCS241219010]","2021S05022419010","Tame or seeded pasture","Hectares","Number","223","units","0","v1326621771","745.7.3","","F","","","0"
"2021","Notre-Dame-Auxiliatrice-de-Buckland, Quebec [CCS241219010]","2021S05022419010","Natural land for pasture","Hectares","Number","223","units","0","v1326621774","745.8.3","87","E","","","0"
"2021","Saint-Nazaire-de-Dorchester, Quebec [CCS241219015]","2021S05022419015","Tame or seeded pasture","Hectares","Number","223","units","0","v1326621804","746.7.3","","F","","","0"
"2021","Saint-Nazaire-de-Dorchester, Quebec [CCS241219015]","2021S05022419015","Natural land for pasture","Hectares","Number","223","units","0","v1326621807","746.8.3","55","E","","","0"
"2021","Saint-Léon-de-Standon, Quebec [CCS241219020]","2021S05022419020","Tame or seeded pasture","Hectares","Number","223","units","0","v1326621837","747.7.3","236","E","","","0"
"2021","Saint-Léon-de-Standon, Quebec [CCS241219020]","2021S05022419020","Natural land for pasture","Hectares","Number","223","units","0","v1326621840","747.8.3","","F","","","0"
"2021","Saint-Malachie, Quebec [CCS241219025]","2021S05022419025","Tame or seeded pasture","Hectares","Number","223","units","0","v1326621870","748.7.3","88","E","","","0"
"2021","Saint-Malachie, Quebec [CCS241219025]","2021S05022419025","Natural land for pasture","Hectares","Number","223","units","0","v1326621873","748.8.3","123","E","","","0"
"2021","Saint-Damien-de-Buckland, Quebec [CCS241219030]","2021S05022419030","Tame or seeded pasture","Hectares","Number","223","units","0","v1326621903","749.7.3","","F","","","0"
"2021","Saint-Damien-de-Buckland, Quebec [CCS241219030]","2021S05022419030","Natural land for pasture","Hectares","Number","223","units","0","v1326621906","749.8.3","","F","","","0"
"2021","Armagh, Quebec [CCS241219037]","2021S05022419037","Tame or seeded pasture","Hectares","Number","223","units","0","v1326621936","750.7.3","266","D","","","0"
"2021","Armagh, Quebec [CCS241219037]","2021S05022419037","Natural land for pasture","Hectares","Number","223","units","0","v1326621939","750.8.3","","F","","","0"
"2021","Saint-Nérée-de-Bellechasse, Quebec [CCS241219045]","2021S05022419045","Tame or seeded pasture","Hectares","Number","223","units","0","v1326621969","751.7.3","200","C","","","0"
"2021","Saint-Nérée-de-Bellechasse, Quebec [CCS241219045]","2021S05022419045","Natural land for pasture","Hectares","Number","223","units","0","v1326621972","751.8.3","","F","","","0"
"2021","Saint-Lazare-de-Bellechasse, Quebec [CCS241219050]","2021S05022419050","Tame or seeded pasture","Hectares","Number","223","units","0","v1326622002","752.7.3","149","E","","","0"
"2021","Saint-Lazare-de-Bellechasse, Quebec [CCS241219050]","2021S05022419050","Natural land for pasture","Hectares","Number","223","units","0","v1326622005","752.8.3","99","E","","","0"
"2021","Sainte-Claire, Quebec [CCS241219055]","2021S05022419055","Tame or seeded pasture","Hectares","Number","223","units","0","v1326622035","753.7.3","","F","","","0"
"2021","Sainte-Claire, Quebec [CCS241219055]","2021S05022419055","Natural land for pasture","Hectares","Number","223","units","0","v1326622038","753.8.3","","F","","","0"
"2021","Saint-Anselme, Quebec [CCS241219062]","2021S05022419062","Tame or seeded pasture","Hectares","Number","223","units","0","v1326622068","754.7.3","156","E","","","0"
"2021","Saint-Anselme, Quebec [CCS241219062]","2021S05022419062","Natural land for pasture","Hectares","Number","223","units","0","v1326622071","754.8.3","","F","","","0"
"2021","Saint-Henri, Quebec [CCS241219068]","2021S05022419068","Tame or seeded pasture","Hectares","Number","223","units","0","v1326622101","755.7.3","","F","","","0"
"2021","Saint-Henri, Quebec [CCS241219068]","2021S05022419068","Natural land for pasture","Hectares","Number","223","units","0","v1326622104","755.8.3","","F","","","0"
"2021","Honfleur, Quebec [CCS241219070]","2021S05022419070","Tame or seeded pasture","Hectares","Number","223","units","0","v1326622134","756.7.3","187","B","","","0"
"2021","Honfleur, Quebec [CCS241219070]","2021S05022419070","Natural land for pasture","Hectares","Number","223","units","0","v1326622137","756.8.3","","F","","","0"
"2021","Saint-Gervais, Quebec [CCS241219075]","2021S05022419075","Tame or seeded pasture","Hectares","Number","223","units","0","v1326622167","757.7.3","","F","","","0"
"2021","Saint-Gervais, Quebec [CCS241219075]","2021S05022419075","Natural land for pasture","Hectares","Number","223","units","0","v1326622170","757.8.3","","F","","","0"
"2021","Saint-Raphaël, Quebec [CCS241219082]","2021S05022419082","Tame or seeded pasture","Hectares","Number","223","units","0","v1326622200","758.7.3","","F","","","0"
"2021","Saint-Raphaël, Quebec [CCS241219082]","2021S05022419082","Natural land for pasture","Hectares","Number","223","units","0","v1326622203","758.8.3","","F","","","0"
"2021","Saint-Charles-de-Bellechasse, Quebec [CCS241219097]","2021S05022419097","Tame or seeded pasture","Hectares","Number","223","units","0","v1326622233","759.7.3","","F","","","0"
"2021","Saint-Charles-de-Bellechasse, Quebec [CCS241219097]","2021S05022419097","Natural land for pasture","Hectares","Number","223","units","0","v1326622236","759.8.3","","F","","","0"
"2021","Beaumont, Quebec [CCS241219105]","2021S05022419105","Tame or seeded pasture","Hectares","Number","223","units","0","v1326622266","760.7.3","54","E","","","0"
"2021","Beaumont, Quebec [CCS241219105]","2021S05022419105","Natural land for pasture","Hectares","Number","223","units","0","v1326622269","760.8.3","174","D","","","0"
"2021","Saint-Vallier, Quebec [CCS241219117]","2021S05022419117","Tame or seeded pasture","Hectares","Number","223","units","0","v1326622299","761.7.3","","F","","","0"
"2021","Saint-Vallier, Quebec [CCS241219117]","2021S05022419117","Natural land for pasture","Hectares","Number","223","units","0","v1326622302","761.8.3","47","E","","","0"
"2021","Lévis, Quebec [CCS241225213]","2021S05022425213","Tame or seeded pasture","Hectares","Number","223","units","0","v1326622365","763.7.3","","F","","","0"
"2021","Lévis, Quebec [CCS241225213]","2021S05022425213","Natural land for pasture","Hectares","Number","223","units","0","v1326622368","763.8.3","","F","","","0"
"2021","Frampton, Quebec [CCS241226005]","2021S05022426005","Tame or seeded pasture","Hectares","Number","223","units","0","v1326622431","765.7.3","126","E","","","0"
"2021","Frampton, Quebec [CCS241226005]","2021S05022426005","Natural land for pasture","Hectares","Number","223","units","0","v1326622434","765.8.3","","F","","","0"
"2021","Saints-Anges, Quebec [CCS241226010]","2021S05022426010","Tame or seeded pasture","Hectares","Number","223","units","0","v1326622464","766.7.3","","F","","","0"
"2021","Saints-Anges, Quebec [CCS241226010]","2021S05022426010","Natural land for pasture","Hectares","Number","223","units","0","v1326622467","766.8.3","","F","","","0"
"2021","Saint-Elzéar, Quebec [CCS241226022]","2021S05022426022","Tame or seeded pasture","Hectares","Number","223","units","0","v1326622497","767.7.3","181","E","","","0"
"2021","Saint-Elzéar, Quebec [CCS241226022]","2021S05022426022","Natural land for pasture","Hectares","Number","223","units","0","v1326622500","767.8.3","162","E","","","0"
"2021","Sainte-Marie, Quebec [CCS241226030]","2021S05022426030","Tame or seeded pasture","Hectares","Number","223","units","0","v1326622530","768.7.3","553","D","","","0"
"2021","Sainte-Marie, Quebec [CCS241226030]","2021S05022426030","Natural land for pasture","Hectares","Number","223","units","0","v1326622533","768.8.3","246","E","","","0"
"2021","Sainte-Marguerite, Quebec [CCS241226035]","2021S05022426035","Tame or seeded pasture","Hectares","Number","223","units","0","v1326622563","769.7.3","141","E","","","0"
"2021","Sainte-Marguerite, Quebec [CCS241226035]","2021S05022426035","Natural land for pasture","Hectares","Number","223","units","0","v1326622566","769.8.3","97","E","","","0"
"2021","Sainte-Hénédine, Quebec [CCS241226040]","2021S05022426040","Tame or seeded pasture","Hectares","Number","223","units","0","v1326622596","770.7.3","","F","","","0"
"2021","Sainte-Hénédine, Quebec [CCS241226040]","2021S05022426040","Natural land for pasture","Hectares","Number","223","units","0","v1326622599","770.8.3","","F","","","0"
"2021","Saint-Bernard, Quebec [CCS241226055]","2021S05022426055","Tame or seeded pasture","Hectares","Number","223","units","0","v1326622629","771.7.3","","F","","","0"
"2021","Saint-Bernard, Quebec [CCS241226055]","2021S05022426055","Natural land for pasture","Hectares","Number","223","units","0","v1326622632","771.8.3","","F","","","0"
"2021","Saint-Isidore, Quebec [CCS241226063]","2021S05022426063","Tame or seeded pasture","Hectares","Number","223","units","0","v1326622662","772.7.3","","F","","","0"
"2021","Saint-Isidore, Quebec [CCS241226063]","2021S05022426063","Natural land for pasture","Hectares","Number","223","units","0","v1326622665","772.8.3","","F","","","0"
"2021","Saint-Lambert-de-Lauzon, Quebec [CCS241226070]","2021S05022426070","Tame or seeded pasture","Hectares","Number","223","units","0","v1326622695","773.7.3","265","E","","","0"
"2021","Saint-Lambert-de-Lauzon, Quebec [CCS241226070]","2021S05022426070","Natural land for pasture","Hectares","Number","223","units","0","v1326622698","773.8.3","280","E","","","0"
"2021","Saint-Victor, Quebec [CCS241227008]","2021S05022427008","Tame or seeded pasture","Hectares","Number","223","units","0","v1326622761","775.7.3","647","C","","","0"
"2021","Saint-Victor, Quebec [CCS241227008]","2021S05022427008","Natural land for pasture","Hectares","Number","223","units","0","v1326622764","775.8.3","654","B","","","0"
"2021","Saint-Alfred, Quebec [CCS241227015]","2021S05022427015","Tame or seeded pasture","Hectares","Number","223","units","0","v1326622794","776.7.3","","F","","","0"
"2021","Saint-Alfred, Quebec [CCS241227015]","2021S05022427015","Natural land for pasture","Hectares","Number","223","units","0","v1326622797","776.8.3","","F","","","0"
"2021","Beauceville, Quebec [CCS241227028]","2021S05022427028","Tame or seeded pasture","Hectares","Number","223","units","0","v1326622827","777.7.3","202","E","","","0"
"2021","Beauceville, Quebec [CCS241227028]","2021S05022427028","Natural land for pasture","Hectares","Number","223","units","0","v1326622830","777.8.3","217","E","","","0"
"2021","Saint-Odilon-de-Cranbourne, Quebec [CCS241227035]","2021S05022427035","Tame or seeded pasture","Hectares","Number","223","units","0","v1326622860","778.7.3","252","D","","","0"
"2021","Saint-Odilon-de-Cranbourne, Quebec [CCS241227035]","2021S05022427035","Natural land for pasture","Hectares","Number","223","units","0","v1326622863","778.8.3","140","E","","","0"
"2021","Saint-Joseph-de-Beauce, Quebec [CCS241227043]","2021S05022427043","Tame or seeded pasture","Hectares","Number","223","units","0","v1326622893","779.7.3","430","E","","","0"
"2021","Saint-Joseph-de-Beauce, Quebec [CCS241227043]","2021S05022427043","Natural land for pasture","Hectares","Number","223","units","0","v1326622896","779.8.3","","F","","","0"
"2021","Saint-Joseph-des-Érables, Quebec [CCS241227050]","2021S05022427050","Tame or seeded pasture","Hectares","Number","223","units","0","v1326622926","780.7.3","","F","","","0"
"2021","Saint-Joseph-des-Érables, Quebec [CCS241227050]","2021S05022427050","Natural land for pasture","Hectares","Number","223","units","0","v1326622929","780.8.3","","F","","","0"
"2021","Saint-Jules, Quebec [CCS241227055]","2021S05022427055","Tame or seeded pasture","Hectares","Number","223","units","0","v1326622959","781.7.3","175","E","","","0"
"2021","Saint-Jules, Quebec [CCS241227055]","2021S05022427055","Natural land for pasture","Hectares","Number","223","units","0","v1326622962","781.8.3","","F","","","0"
"2021","Saint-Frédéric, Quebec [CCS241227065]","2021S05022427065","Tame or seeded pasture","Hectares","Number","223","units","0","v1326622992","782.7.3","333","D","","","0"
"2021","Saint-Frédéric, Quebec [CCS241227065]","2021S05022427065","Natural land for pasture","Hectares","Number","223","units","0","v1326622995","782.8.3","400","D","","","0"
"2021","Saint-Séverin, Quebec [CCS241227070]","2021S05022427070","Tame or seeded pasture","Hectares","Number","223","units","0","v1326623025","783.7.3","78","E","","","0"
"2021","Saint-Séverin, Quebec [CCS241227070]","2021S05022427070","Natural land for pasture","Hectares","Number","223","units","0","v1326623028","783.8.3","68","E","","","0"
"2021","Saint-Zacharie, Quebec [CCS241228005]","2021S05022428005","Tame or seeded pasture","Hectares","Number","223","units","0","v1326623091","785.7.3","176","E","","","0"
"2021","Saint-Zacharie, Quebec [CCS241228005]","2021S05022428005","Natural land for pasture","Hectares","Number","223","units","0","v1326623094","785.8.3","","F","","","0"
"2021","Saint-Prosper, Quebec [CCS241228020]","2021S05022428020","Tame or seeded pasture","Hectares","Number","223","units","0","v1326623124","786.7.3","","F","","","0"
"2021","Saint-Prosper, Quebec [CCS241228020]","2021S05022428020","Natural land for pasture","Hectares","Number","223","units","0","v1326623127","786.8.3","","F","","","0"
"2021","Saint-Benjamin, Quebec [CCS241228025]","2021S05022428025","Tame or seeded pasture","Hectares","Number","223","units","0","v1326623157","787.7.3","0","A","","","0"
"2021","Saint-Benjamin, Quebec [CCS241228025]","2021S05022428025","Natural land for pasture","Hectares","Number","223","units","0","v1326623160","787.8.3","","F","","","0"
"2021","Sainte-Rose-de-Watford, Quebec [CCS241228030]","2021S05022428030","Tame or seeded pasture","Hectares","Number","223","units","0","v1326623190","788.7.3","","F","","","0"
"2021","Sainte-Rose-de-Watford, Quebec [CCS241228030]","2021S05022428030","Natural land for pasture","Hectares","Number","223","units","0","v1326623193","788.8.3","","F","","","0"
"2021","Saint-Louis-de-Gonzague, Quebec [CCS241228035]","2021S05022428035","Tame or seeded pasture","Hectares","Number","223","units","0","v1326623223","789.7.3","","F","","","0"
"2021","Saint-Louis-de-Gonzague, Quebec [CCS241228035]","2021S05022428035","Natural land for pasture","Hectares","Number","223","units","0","v1326623226","789.8.3","","F","","","0"
"2021","Lac-Etchemin, Quebec [CCS241228053]","2021S05022428053","Tame or seeded pasture","Hectares","Number","223","units","0","v1326623256","790.7.3","","F","","","0"
"2021","Lac-Etchemin, Quebec [CCS241228053]","2021S05022428053","Natural land for pasture","Hectares","Number","223","units","0","v1326623259","790.8.3","","F","","","0"
"2021","Saint-Camille-de-Lellis, Quebec [CCS241228070]","2021S05022428070","Tame or seeded pasture","Hectares","Number","223","units","0","v1326623289","791.7.3","","F","","","0"
"2021","Saint-Camille-de-Lellis, Quebec [CCS241228070]","2021S05022428070","Natural land for pasture","Hectares","Number","223","units","0","v1326623292","791.8.3","200","E","","","0"
"2021","Saint-Magloire, Quebec [CCS241228075]","2021S05022428075","Tame or seeded pasture","Hectares","Number","223","units","0","v1326623322","792.7.3","","F","","","0"
"2021","Saint-Magloire, Quebec [CCS241228075]","2021S05022428075","Natural land for pasture","Hectares","Number","223","units","0","v1326623325","792.8.3","","F","","","0"
"2021","Saint-Théophile, Quebec [CCS241229005]","2021S05022429005","Tame or seeded pasture","Hectares","Number","223","units","0","v1326623388","794.7.3","","F","","","0"
"2021","Saint-Théophile, Quebec [CCS241229005]","2021S05022429005","Natural land for pasture","Hectares","Number","223","units","0","v1326623391","794.8.3","","F","","","0"
"2021","Saint-Gédéon-de-Beauce, Quebec [CCS241229013]","2021S05022429013","Tame or seeded pasture","Hectares","Number","223","units","0","v1326623421","795.7.3","","F","","","0"
"2021","Saint-Gédéon-de-Beauce, Quebec [CCS241229013]","2021S05022429013","Natural land for pasture","Hectares","Number","223","units","0","v1326623424","795.8.3","","F","","","0"
"2021","Saint-Hilaire-de-Dorset, Quebec [CCS241229020]","2021S05022429020","Tame or seeded pasture","Hectares","Number","223","units","0","v1326623454","796.7.3","0","A","","","0"
"2021","Saint-Hilaire-de-Dorset, Quebec [CCS241229020]","2021S05022429020","Natural land for pasture","Hectares","Number","223","units","0","v1326623457","796.8.3","","F","","","0"
"2021","Saint-Évariste-de-Forsyth, Quebec [CCS241229025]","2021S05022429025","Tame or seeded pasture","Hectares","Number","223","units","0","v1326623487","797.7.3","","F","","","0"
"2021","Saint-Évariste-de-Forsyth, Quebec [CCS241229025]","2021S05022429025","Natural land for pasture","Hectares","Number","223","units","0","v1326623490","797.8.3","125","E","","","0"
"2021","La Guadeloupe, Quebec [CCS241229030]","2021S05022429030","Tame or seeded pasture","Hectares","Number","223","units","0","v1326623520","798.7.3","206","D","","","0"
"2021","La Guadeloupe, Quebec [CCS241229030]","2021S05022429030","Natural land for pasture","Hectares","Number","223","units","0","v1326623523","798.8.3","","F","","","0"
"2021","Saint-Honoré-de-Shenley, Quebec [CCS241229038]","2021S05022429038","Tame or seeded pasture","Hectares","Number","223","units","0","v1326623553","799.7.3","361","E","","","0"
"2021","Saint-Honoré-de-Shenley, Quebec [CCS241229038]","2021S05022429038","Natural land for pasture","Hectares","Number","223","units","0","v1326623556","799.8.3","","F","","","0"
"2021","Saint-Martin, Quebec [CCS241229045]","2021S05022429045","Tame or seeded pasture","Hectares","Number","223","units","0","v1326623586","800.7.3","","F","","","0"
"2021","Saint-Martin, Quebec [CCS241229045]","2021S05022429045","Natural land for pasture","Hectares","Number","223","units","0","v1326623589","800.8.3","","F","","","0"
"2021","Saint-Côme--Linière, Quebec [CCS241229057]","2021S05022429057","Tame or seeded pasture","Hectares","Number","223","units","0","v1326623619","801.7.3","","F","","","0"
"2021","Saint-Côme--Linière, Quebec [CCS241229057]","2021S05022429057","Natural land for pasture","Hectares","Number","223","units","0","v1326623622","801.8.3","277","E","","","0"
"2021","Saint-Philibert, Quebec [CCS241229065]","2021S05022429065","Tame or seeded pasture","Hectares","Number","223","units","0","v1326623652","802.7.3","0","A","","","0"
"2021","Saint-Philibert, Quebec [CCS241229065]","2021S05022429065","Natural land for pasture","Hectares","Number","223","units","0","v1326623655","802.8.3","142","E","","","0"
"2021","Saint-Georges, Quebec [CCS241229073]","2021S05022429073","Tame or seeded pasture","Hectares","Number","223","units","0","v1326623685","803.7.3","","F","","","0"
"2021","Saint-Georges, Quebec [CCS241229073]","2021S05022429073","Natural land for pasture","Hectares","Number","223","units","0","v1326623688","803.8.3","","F","","","0"
"2021","Saint-Benoît-Labre, Quebec [CCS241229100]","2021S05022429100","Tame or seeded pasture","Hectares","Number","223","units","0","v1326623718","804.7.3","246","D","","","0"
"2021","Saint-Benoît-Labre, Quebec [CCS241229100]","2021S05022429100","Natural land for pasture","Hectares","Number","223","units","0","v1326623721","804.8.3","160","E","","","0"
"2021","Saint-Éphrem-de-Beauce, Quebec [CCS241229112]","2021S05022429112","Tame or seeded pasture","Hectares","Number","223","units","0","v1326623751","805.7.3","980","B","","","0"
"2021","Saint-Éphrem-de-Beauce, Quebec [CCS241229112]","2021S05022429112","Natural land for pasture","Hectares","Number","223","units","0","v1326623754","805.8.3","","F","","","0"
"2021","Saint-Simon-les-Mines, Quebec [CCS241229125]","2021S05022429125","Tame or seeded pasture","Hectares","Number","223","units","0","v1326623784","806.7.3","115","D","","","0"
"2021","Saint-Simon-les-Mines, Quebec [CCS241229125]","2021S05022429125","Natural land for pasture","Hectares","Number","223","units","0","v1326623787","806.8.3","37","C","","","0"
"2021","Beaulac-Garthby, Quebec [CCS241231008]","2021S05022431008","Tame or seeded pasture","Hectares","Number","223","units","0","v1326623850","808.7.3","","F","","","0"
"2021","Beaulac-Garthby, Quebec [CCS241231008]","2021S05022431008","Natural land for pasture","Hectares","Number","223","units","0","v1326623853","808.8.3","122","E","","","0"
"2021","Disraeli, Quebec [CCS241231020]","2021S05022431020","Tame or seeded pasture","Hectares","Number","223","units","0","v1326623883","809.7.3","","F","","","0"
"2021","Disraeli, Quebec [CCS241231020]","2021S05022431020","Natural land for pasture","Hectares","Number","223","units","0","v1326623886","809.8.3","166","E","","","0"
"2021","Saint-Fortunat, Quebec [CCS241231030]","2021S05022431030","Tame or seeded pasture","Hectares","Number","223","units","0","v1326623916","810.7.3","63","D","","","0"
"2021","Saint-Fortunat, Quebec [CCS241231030]","2021S05022431030","Natural land for pasture","Hectares","Number","223","units","0","v1326623919","810.8.3","131","B","","","0"
"2021","Saint-Julien, Quebec [CCS241231035]","2021S05022431035","Tame or seeded pasture","Hectares","Number","223","units","0","v1326623949","811.7.3","172","E","","","0"
"2021","Saint-Julien, Quebec [CCS241231035]","2021S05022431035","Natural land for pasture","Hectares","Number","223","units","0","v1326623952","811.8.3","","F","","","0"
"2021","Irlande, Quebec [CCS241231040]","2021S05022431040","Tame or seeded pasture","Hectares","Number","223","units","0","v1326623982","812.7.3","83","E","","","0"
"2021","Irlande, Quebec [CCS241231040]","2021S05022431040","Natural land for pasture","Hectares","Number","223","units","0","v1326623985","812.8.3","251","C","","","0"
"2021","Sainte-Praxède, Quebec [CCS241231050]","2021S05022431050","Tame or seeded pasture","Hectares","Number","223","units","0","v1326624015","813.7.3","","F","","","0"
"2021","Sainte-Praxède, Quebec [CCS241231050]","2021S05022431050","Natural land for pasture","Hectares","Number","223","units","0","v1326624018","813.8.3","","F","","","0"
"2021","Adstock, Quebec [CCS241231056]","2021S05022431056","Tame or seeded pasture","Hectares","Number","223","units","0","v1326624048","814.7.3","208","E","","","0"
"2021","Adstock, Quebec [CCS241231056]","2021S05022431056","Natural land for pasture","Hectares","Number","223","units","0","v1326624051","814.8.3","449","D","","","0"
"2021","Thetford Mines, Quebec [CCS241231084]","2021S05022431084","Tame or seeded pasture","Hectares","Number","223","units","0","v1326624081","815.7.3","","F","","","0"
"2021","Thetford Mines, Quebec [CCS241231084]","2021S05022431084","Natural land for pasture","Hectares","Number","223","units","0","v1326624084","815.8.3","518","D","","","0"
"2021","Saint-Adrien-d'Irlande, Quebec [CCS241231095]","2021S05022431095","Tame or seeded pasture","Hectares","Number","223","units","0","v1326624114","816.7.3","84","E","","","0"
"2021","Saint-Adrien-d'Irlande, Quebec [CCS241231095]","2021S05022431095","Natural land for pasture","Hectares","Number","223","units","0","v1326624117","816.8.3","153","D","","","0"
"2021","Saint-Jean-de-Brébeuf, Quebec [CCS241231100]","2021S05022431100","Tame or seeded pasture","Hectares","Number","223","units","0","v1326624147","817.7.3","89","E","","","0"
"2021","Saint-Jean-de-Brébeuf, Quebec [CCS241231100]","2021S05022431100","Natural land for pasture","Hectares","Number","223","units","0","v1326624150","817.8.3","487","B","","","0"
"2021","Kinnear's Mills, Quebec [CCS241231105]","2021S05022431105","Tame or seeded pasture","Hectares","Number","223","units","0","v1326624180","818.7.3","247","E","","","0"
"2021","Kinnear's Mills, Quebec [CCS241231105]","2021S05022431105","Natural land for pasture","Hectares","Number","223","units","0","v1326624183","818.8.3","195","E","","","0"
"2021","Sacré-Coeur-de-Jésus, Quebec [CCS241231130]","2021S05022431130","Tame or seeded pasture","Hectares","Number","223","units","0","v1326624213","819.7.3","","F","","","0"
"2021","Sacré-Coeur-de-Jésus, Quebec [CCS241231130]","2021S05022431130","Natural land for pasture","Hectares","Number","223","units","0","v1326624216","819.8.3","","F","","","0"
"2021","Saint-Pierre-de-Broughton, Quebec [CCS241231135]","2021S05022431135","Tame or seeded pasture","Hectares","Number","223","units","0","v1326624246","820.7.3","315","D","","","0"
"2021","Saint-Pierre-de-Broughton, Quebec [CCS241231135]","2021S05022431135","Natural land for pasture","Hectares","Number","223","units","0","v1326624249","820.8.3","126","E","","","0"
"2021","Saint-Jacques-de-Leeds, Quebec [CCS241231140]","2021S05022431140","Tame or seeded pasture","Hectares","Number","223","units","0","v1326624279","821.7.3","304","E","","","0"
"2021","Saint-Jacques-de-Leeds, Quebec [CCS241231140]","2021S05022431140","Natural land for pasture","Hectares","Number","223","units","0","v1326624282","821.8.3","","F","","","0"
"2021","Saint-Sylvestre, Quebec [CCS241233007]","2021S05022433007","Tame or seeded pasture","Hectares","Number","223","units","0","v1326624345","823.7.3","461","E","","","0"
"2021","Saint-Sylvestre, Quebec [CCS241233007]","2021S05022433007","Natural land for pasture","Hectares","Number","223","units","0","v1326624348","823.8.3","","F","","","0"
"2021","Sainte-Agathe-de-Lotbinière, Quebec [CCS241233017]","2021S05022433017","Tame or seeded pasture","Hectares","Number","223","units","0","v1326624378","824.7.3","398","E","","","0"
"2021","Sainte-Agathe-de-Lotbinière, Quebec [CCS241233017]","2021S05022433017","Natural land for pasture","Hectares","Number","223","units","0","v1326624381","824.8.3","","F","","","0"
"2021","Saint-Patrice-de-Beaurivage, Quebec [CCS241233025]","2021S05022433025","Tame or seeded pasture","Hectares","Number","223","units","0","v1326624411","825.7.3","350","C","","","0"
"2021","Saint-Patrice-de-Beaurivage, Quebec [CCS241233025]","2021S05022433025","Natural land for pasture","Hectares","Number","223","units","0","v1326624414","825.8.3","","F","","","0"
"2021","Saint-Narcisse-de-Beaurivage, Quebec [CCS241233030]","2021S05022433030","Tame or seeded pasture","Hectares","Number","223","units","0","v1326624444","826.7.3","","F","","","0"
"2021","Saint-Narcisse-de-Beaurivage, Quebec [CCS241233030]","2021S05022433030","Natural land for pasture","Hectares","Number","223","units","0","v1326624447","826.8.3","","F","","","0"
"2021","Saint-Gilles, Quebec [CCS241233035]","2021S05022433035","Tame or seeded pasture","Hectares","Number","223","units","0","v1326624477","827.7.3","","F","","","0"
"2021","Saint-Gilles, Quebec [CCS241233035]","2021S05022433035","Natural land for pasture","Hectares","Number","223","units","0","v1326624480","827.8.3","","F","","","0"
"2021","Dosquet, Quebec [CCS241233040]","2021S05022433040","Tame or seeded pasture","Hectares","Number","223","units","0","v1326624510","828.7.3","162","C","","","0"
"2021","Dosquet, Quebec [CCS241233040]","2021S05022433040","Natural land for pasture","Hectares","Number","223","units","0","v1326624513","828.8.3","","F","","","0"
"2021","Saint-Agapit, Quebec [CCS241233045]","2021S05022433045","Tame or seeded pasture","Hectares","Number","223","units","0","v1326624543","829.7.3","","F","","","0"
"2021","Saint-Agapit, Quebec [CCS241233045]","2021S05022433045","Natural land for pasture","Hectares","Number","223","units","0","v1326624546","829.8.3","108","E","","","0"
"2021","Saint-Flavien, Quebec [CCS241233052]","2021S05022433052","Tame or seeded pasture","Hectares","Number","223","units","0","v1326624576","830.7.3","134","E","","","0"
"2021","Saint-Flavien, Quebec [CCS241233052]","2021S05022433052","Natural land for pasture","Hectares","Number","223","units","0","v1326624579","830.8.3","","F","","","0"
"2021","Saint-Janvier-de-Joly, Quebec [CCS241233065]","2021S05022433065","Tame or seeded pasture","Hectares","Number","223","units","0","v1326624609","831.7.3","111","E","","","0"
"2021","Saint-Janvier-de-Joly, Quebec [CCS241233065]","2021S05022433065","Natural land for pasture","Hectares","Number","223","units","0","v1326624612","831.8.3","","F","","","0"
"2021","Saint-Édouard-de-Lotbinière, Quebec [CCS241233080]","2021S05022433080","Tame or seeded pasture","Hectares","Number","223","units","0","v1326624642","832.7.3","180","D","","","0"
"2021","Saint-Édouard-de-Lotbinière, Quebec [CCS241233080]","2021S05022433080","Natural land for pasture","Hectares","Number","223","units","0","v1326624645","832.8.3","","F","","","0"
"2021","Notre-Dame-du-Sacré-Coeur-d'Issoudun, Quebec [CCS241233085]","2021S05022433085","Tame or seeded pasture","Hectares","Number","223","units","0","v1326624675","833.7.3","233","C","","","0"
"2021","Notre-Dame-du-Sacré-Coeur-d'Issoudun, Quebec [CCS241233085]","2021S05022433085","Natural land for pasture","Hectares","Number","223","units","0","v1326624678","833.8.3","","F","","","0"
"2021","Saint-Apollinaire, Quebec [CCS241233090]","2021S05022433090","Tame or seeded pasture","Hectares","Number","223","units","0","v1326624708","834.7.3","","F","","","0"
"2021","Saint-Apollinaire, Quebec [CCS241233090]","2021S05022433090","Natural land for pasture","Hectares","Number","223","units","0","v1326624711","834.8.3","","F","","","0"
"2021","Saint-Antoine-de-Tilly, Quebec [CCS241233095]","2021S05022433095","Tame or seeded pasture","Hectares","Number","223","units","0","v1326624741","835.7.3","45","E","","","0"
"2021","Saint-Antoine-de-Tilly, Quebec [CCS241233095]","2021S05022433095","Natural land for pasture","Hectares","Number","223","units","0","v1326624744","835.8.3","63","D","","","0"
"2021","Sainte-Croix, Quebec [CCS241233102]","2021S05022433102","Tame or seeded pasture","Hectares","Number","223","units","0","v1326624774","836.7.3","","F","","","0"
"2021","Sainte-Croix, Quebec [CCS241233102]","2021S05022433102","Natural land for pasture","Hectares","Number","223","units","0","v1326624777","836.8.3","","F","","","0"
"2021","Lotbinière, Quebec [CCS241233115]","2021S05022433115","Tame or seeded pasture","Hectares","Number","223","units","0","v1326624807","837.7.3","168","E","","","0"
"2021","Lotbinière, Quebec [CCS241233115]","2021S05022433115","Natural land for pasture","Hectares","Number","223","units","0","v1326624810","837.8.3","","F","","","0"
"2021","Leclercville, Quebec [CCS241233123]","2021S05022433123","Tame or seeded pasture","Hectares","Number","223","units","0","v1326624840","838.7.3","88","D","","","0"
"2021","Leclercville, Quebec [CCS241233123]","2021S05022433123","Natural land for pasture","Hectares","Number","223","units","0","v1326624843","838.8.3","","F","","","0"
"2021","Frelighsburg, Quebec [CCS241346010]","2021S05022446010","Tame or seeded pasture","Hectares","Number","223","units","0","v1326624939","841.7.3","102","D","","","0"
"2021","Frelighsburg, Quebec [CCS241346010]","2021S05022446010","Natural land for pasture","Hectares","Number","223","units","0","v1326624942","841.8.3","167","C","","","0"
"2021","Saint-Armand, Quebec [CCS241346017]","2021S05022446017","Tame or seeded pasture","Hectares","Number","223","units","0","v1326624972","842.7.3","153","D","","","0"
"2021","Saint-Armand, Quebec [CCS241346017]","2021S05022446017","Natural land for pasture","Hectares","Number","223","units","0","v1326624975","842.8.3","","F","","","0"
"2021","Pike River, Quebec [CCS241346025]","2021S05022446025","Tame or seeded pasture","Hectares","Number","223","units","0","v1326625005","843.7.3","","F","","","0"
"2021","Pike River, Quebec [CCS241346025]","2021S05022446025","Natural land for pasture","Hectares","Number","223","units","0","v1326625008","843.8.3","","F","","","0"
"2021","Stanbridge East, Quebec [CCS241346045]","2021S05022446045","Tame or seeded pasture","Hectares","Number","223","units","0","v1326625038","844.7.3","","F","","","0"
"2021","Stanbridge East, Quebec [CCS241346045]","2021S05022446045","Natural land for pasture","Hectares","Number","223","units","0","v1326625041","844.8.3","140","D","","","0"
"2021","Dunham, Quebec [CCS241346050]","2021S05022446050","Tame or seeded pasture","Hectares","Number","223","units","0","v1326625071","845.7.3","266","D","","","0"
"2021","Dunham, Quebec [CCS241346050]","2021S05022446050","Natural land for pasture","Hectares","Number","223","units","0","v1326625074","845.8.3","500","C","","","0"
"2021","Sutton, Quebec [CCS241346058]","2021S05022446058","Tame or seeded pasture","Hectares","Number","223","units","0","v1326625104","846.7.3","217","C","","","0"
"2021","Sutton, Quebec [CCS241346058]","2021S05022446058","Natural land for pasture","Hectares","Number","223","units","0","v1326625107","846.8.3","397","B","","","0"
"2021","Bolton-Ouest, Quebec [CCS241346065]","2021S05022446065","Tame or seeded pasture","Hectares","Number","223","units","0","v1326625137","847.7.3","","F","","","0"
"2021","Bolton-Ouest, Quebec [CCS241346065]","2021S05022446065","Natural land for pasture","Hectares","Number","223","units","0","v1326625140","847.8.3","164","C","","","0"
"2021","Lac-Brome, Quebec [CCS241346075]","2021S05022446075","Tame or seeded pasture","Hectares","Number","223","units","0","v1326625170","848.7.3","","F","","","0"
"2021","Lac-Brome, Quebec [CCS241346075]","2021S05022446075","Natural land for pasture","Hectares","Number","223","units","0","v1326625173","848.8.3","","F","","","0"
"2021","Bromont, Quebec [CCS241346078]","2021S05022446078","Tame or seeded pasture","Hectares","Number","223","units","0","v1326625203","849.7.3","142","E","","","0"
"2021","Bromont, Quebec [CCS241346078]","2021S05022446078","Natural land for pasture","Hectares","Number","223","units","0","v1326625206","849.8.3","314","B","","","0"
"2021","Brigham, Quebec [CCS241346090]","2021S05022446090","Tame or seeded pasture","Hectares","Number","223","units","0","v1326625236","850.7.3","","F","","","0"
"2021","Brigham, Quebec [CCS241346090]","2021S05022446090","Natural land for pasture","Hectares","Number","223","units","0","v1326625239","850.8.3","","F","","","0"
"2021","Saint-Ignace-de-Stanbridge, Quebec [CCS241346095]","2021S05022446095","Tame or seeded pasture","Hectares","Number","223","units","0","v1326625269","851.7.3","76","E","","","0"
"2021","Saint-Ignace-de-Stanbridge, Quebec [CCS241346095]","2021S05022446095","Natural land for pasture","Hectares","Number","223","units","0","v1326625272","851.8.3","","F","","","0"
"2021","Notre-Dame-de-Stanbridge, Quebec [CCS241346100]","2021S05022446100","Tame or seeded pasture","Hectares","Number","223","units","0","v1326625302","852.7.3","","F","","","0"
"2021","Notre-Dame-de-Stanbridge, Quebec [CCS241346100]","2021S05022446100","Natural land for pasture","Hectares","Number","223","units","0","v1326625305","852.8.3","","F","","","0"
"2021","Sainte-Sabine, Quebec [CCS241346105]","2021S05022446105","Tame or seeded pasture","Hectares","Number","223","units","0","v1326625335","853.7.3","59","E","","","0"
"2021","Sainte-Sabine, Quebec [CCS241346105]","2021S05022446105","Natural land for pasture","Hectares","Number","223","units","0","v1326625338","853.8.3","51","E","","","0"
"2021","Farnham, Quebec [CCS241346112]","2021S05022446112","Tame or seeded pasture","Hectares","Number","223","units","0","v1326625368","854.7.3","","F","","","0"
"2021","Farnham, Quebec [CCS241346112]","2021S05022446112","Natural land for pasture","Hectares","Number","223","units","0","v1326625371","854.8.3","","F","","","0"
"2021","Saint-Alphonse-de-Granby, Quebec [CCS241347010]","2021S05022447010","Tame or seeded pasture","Hectares","Number","223","units","0","v1326625434","856.7.3","178","D","","","0"
"2021","Saint-Alphonse-de-Granby, Quebec [CCS241347010]","2021S05022447010","Natural land for pasture","Hectares","Number","223","units","0","v1326625437","856.8.3","","F","","","0"
"2021","Granby, Quebec [CCS241347017]","2021S05022447017","Tame or seeded pasture","Hectares","Number","223","units","0","v1326625467","857.7.3","120","E","","","0"
"2021","Granby, Quebec [CCS241347017]","2021S05022447017","Natural land for pasture","Hectares","Number","223","units","0","v1326625470","857.8.3","154","E","","","0"
"2021","Shefford, Quebec [CCS241347035]","2021S05022447035","Tame or seeded pasture","Hectares","Number","223","units","0","v1326625500","858.7.3","165","D","","","0"
"2021","Shefford, Quebec [CCS241347035]","2021S05022447035","Natural land for pasture","Hectares","Number","223","units","0","v1326625503","858.8.3","381","C","","","0"
"2021","Saint-Joachim-de-Shefford, Quebec [CCS241347040]","2021S05022447040","Tame or seeded pasture","Hectares","Number","223","units","0","v1326625533","859.7.3","130","E","","","0"
"2021","Saint-Joachim-de-Shefford, Quebec [CCS241347040]","2021S05022447040","Natural land for pasture","Hectares","Number","223","units","0","v1326625536","859.8.3","447","B","","","0"
"2021","Roxton Pond, Quebec [CCS241347047]","2021S05022447047","Tame or seeded pasture","Hectares","Number","223","units","0","v1326625566","860.7.3","229","D","","","0"
"2021","Roxton Pond, Quebec [CCS241347047]","2021S05022447047","Natural land for pasture","Hectares","Number","223","units","0","v1326625569","860.8.3","253","D","","","0"
"2021","Sainte-Cécile-de-Milton, Quebec [CCS241347055]","2021S05022447055","Tame or seeded pasture","Hectares","Number","223","units","0","v1326625599","861.7.3","53","E","","","0"
"2021","Sainte-Cécile-de-Milton, Quebec [CCS241347055]","2021S05022447055","Natural land for pasture","Hectares","Number","223","units","0","v1326625602","861.8.3","100","E","","","0"
"2021","Béthanie, Quebec [CCS241348005]","2021S05022448005","Tame or seeded pasture","Hectares","Number","223","units","0","v1326625665","863.7.3","150","D","","","0"
"2021","Béthanie, Quebec [CCS241348005]","2021S05022448005","Natural land for pasture","Hectares","Number","223","units","0","v1326625668","863.8.3","109","E","","","0"
"2021","Roxton, Quebec [CCS241348015]","2021S05022448015","Tame or seeded pasture","Hectares","Number","223","units","0","v1326625698","864.7.3","210","D","","","0"
"2021","Roxton, Quebec [CCS241348015]","2021S05022448015","Natural land for pasture","Hectares","Number","223","units","0","v1326625701","864.8.3","518","B","","","0"
"2021","Sainte-Christine, Quebec [CCS241348020]","2021S05022448020","Tame or seeded pasture","Hectares","Number","223","units","0","v1326625731","865.7.3","89","E","","","0"
"2021","Sainte-Christine, Quebec [CCS241348020]","2021S05022448020","Natural land for pasture","Hectares","Number","223","units","0","v1326625734","865.8.3","158","E","","","0"
"2021","Acton Vale, Quebec [CCS241348028]","2021S05022448028","Tame or seeded pasture","Hectares","Number","223","units","0","v1326625764","866.7.3","","F","","","0"
"2021","Acton Vale, Quebec [CCS241348028]","2021S05022448028","Natural land for pasture","Hectares","Number","223","units","0","v1326625767","866.8.3","","F","","","0"
"2021","Upton, Quebec [CCS241348038]","2021S05022448038","Tame or seeded pasture","Hectares","Number","223","units","0","v1326625797","867.7.3","","F","","","0"
"2021","Upton, Quebec [CCS241348038]","2021S05022448038","Natural land for pasture","Hectares","Number","223","units","0","v1326625800","867.8.3","","F","","","0"
"2021","Saint-Théodore-d'Acton, Quebec [CCS241348045]","2021S05022448045","Tame or seeded pasture","Hectares","Number","223","units","0","v1326625830","868.7.3","","F","","","0"
"2021","Saint-Théodore-d'Acton, Quebec [CCS241348045]","2021S05022448045","Natural land for pasture","Hectares","Number","223","units","0","v1326625833","868.8.3","","F","","","0"
"2021","Saint-Nazaire-d'Acton, Quebec [CCS241348050]","2021S05022448050","Tame or seeded pasture","Hectares","Number","223","units","0","v1326625863","869.7.3","38","E","","","0"
"2021","Saint-Nazaire-d'Acton, Quebec [CCS241348050]","2021S05022448050","Natural land for pasture","Hectares","Number","223","units","0","v1326625866","869.8.3","","F","","","0"
"2021","Saint-David, Quebec [CCS241353005]","2021S05022453005","Tame or seeded pasture","Hectares","Number","223","units","0","v1326625929","871.7.3","49","A","","","0"
"2021","Saint-David, Quebec [CCS241353005]","2021S05022453005","Natural land for pasture","Hectares","Number","223","units","0","v1326625932","871.8.3","56","D","","","0"
"2021","Saint-Aimé, Quebec [CCS241353015]","2021S05022453015","Tame or seeded pasture","Hectares","Number","223","units","0","v1326625962","872.7.3","315","C","","","0"
"2021","Saint-Aimé, Quebec [CCS241353015]","2021S05022453015","Natural land for pasture","Hectares","Number","223","units","0","v1326625965","872.8.3","","F","","","0"
"2021","Saint-Robert, Quebec [CCS241353020]","2021S05022453020","Tame or seeded pasture","Hectares","Number","223","units","0","v1326625995","873.7.3","","F","","","0"
"2021","Saint-Robert, Quebec [CCS241353020]","2021S05022453020","Natural land for pasture","Hectares","Number","223","units","0","v1326625998","873.8.3","0","A","","","0"
"2021","Sainte-Victoire-de-Sorel, Quebec [CCS241353025]","2021S05022453025","Tame or seeded pasture","Hectares","Number","223","units","0","v1326626028","874.7.3","42","E","","","0"
"2021","Sainte-Victoire-de-Sorel, Quebec [CCS241353025]","2021S05022453025","Natural land for pasture","Hectares","Number","223","units","0","v1326626031","874.8.3","","F","","","0"
"2021","Saint-Ours, Quebec [CCS241353032]","2021S05022453032","Tame or seeded pasture","Hectares","Number","223","units","0","v1326626061","875.7.3","","F","","","0"
"2021","Saint-Ours, Quebec [CCS241353032]","2021S05022453032","Natural land for pasture","Hectares","Number","223","units","0","v1326626064","875.8.3","0","A","","","0"
"2021","Sainte-Anne-de-Sorel, Quebec [CCS241353065]","2021S05022453065","Tame or seeded pasture","Hectares","Number","223","units","0","v1326626094","876.7.3","","F","","","0"
"2021","Sainte-Anne-de-Sorel, Quebec [CCS241353065]","2021S05022453065","Natural land for pasture","Hectares","Number","223","units","0","v1326626097","876.8.3","","F","","","0"
"2021","Yamaska, Quebec [CCS241353072]","2021S05022453072","Tame or seeded pasture","Hectares","Number","223","units","0","v1326626127","877.7.3","147","D","","","0"
"2021","Yamaska, Quebec [CCS241353072]","2021S05022453072","Natural land for pasture","Hectares","Number","223","units","0","v1326626130","877.8.3","","F","","","0"
"2021","Saint-Gérard-Majella, Quebec [CCS241353085]","2021S05022453085","Tame or seeded pasture","Hectares","Number","223","units","0","v1326626160","878.7.3","","F","","","0"
"2021","Saint-Gérard-Majella, Quebec [CCS241353085]","2021S05022453085","Natural land for pasture","Hectares","Number","223","units","0","v1326626163","878.8.3","0","A","","","0"
"2021","Saint-Pie, Quebec [CCS241354008]","2021S05022454008","Tame or seeded pasture","Hectares","Number","223","units","0","v1326626226","880.7.3","","F","","","0"
"2021","Saint-Pie, Quebec [CCS241354008]","2021S05022454008","Natural land for pasture","Hectares","Number","223","units","0","v1326626229","880.8.3","","F","","","0"
"2021","Saint-Damase, Quebec [CCS241354017]","2021S05022454017","Tame or seeded pasture","Hectares","Number","223","units","0","v1326626259","881.7.3","","F","","","0"
"2021","Saint-Damase, Quebec [CCS241354017]","2021S05022454017","Natural land for pasture","Hectares","Number","223","units","0","v1326626262","881.8.3","0","A","","","0"
"2021","Sainte-Marie-Madeleine, Quebec [CCS241354030]","2021S05022454030","Tame or seeded pasture","Hectares","Number","223","units","0","v1326626292","882.7.3","","F","","","0"
"2021","Sainte-Marie-Madeleine, Quebec [CCS241354030]","2021S05022454030","Natural land for pasture","Hectares","Number","223","units","0","v1326626295","882.8.3","","F","","","0"
"2021","La Présentation, Quebec [CCS241354035]","2021S05022454035","Tame or seeded pasture","Hectares","Number","223","units","0","v1326626325","883.7.3","","F","","","0"
"2021","La Présentation, Quebec [CCS241354035]","2021S05022454035","Natural land for pasture","Hectares","Number","223","units","0","v1326626328","883.8.3","","F","","","0"
"2021","Saint-Hyacinthe, Quebec [CCS241354048]","2021S05022454048","Tame or seeded pasture","Hectares","Number","223","units","0","v1326626358","884.7.3","664","E","","","0"
"2021","Saint-Hyacinthe, Quebec [CCS241354048]","2021S05022454048","Natural land for pasture","Hectares","Number","223","units","0","v1326626361","884.8.3","","F","","","0"
"2021","Saint-Dominique, Quebec [CCS241354060]","2021S05022454060","Tame or seeded pasture","Hectares","Number","223","units","0","v1326626391","885.7.3","110","E","","","0"
"2021","Saint-Dominique, Quebec [CCS241354060]","2021S05022454060","Natural land for pasture","Hectares","Number","223","units","0","v1326626394","885.8.3","99","E","","","0"
"2021","Saint-Valérien-de-Milton, Quebec [CCS241354065]","2021S05022454065","Tame or seeded pasture","Hectares","Number","223","units","0","v1326626424","886.7.3","70","E","","","0"
"2021","Saint-Valérien-de-Milton, Quebec [CCS241354065]","2021S05022454065","Natural land for pasture","Hectares","Number","223","units","0","v1326626427","886.8.3","128","E","","","0"
"2021","Saint-Liboire, Quebec [CCS241354072]","2021S05022454072","Tame or seeded pasture","Hectares","Number","223","units","0","v1326626457","887.7.3","","F","","","0"
"2021","Saint-Liboire, Quebec [CCS241354072]","2021S05022454072","Natural land for pasture","Hectares","Number","223","units","0","v1326626460","887.8.3","","F","","","0"
"2021","Saint-Simon, Quebec [CCS241354090]","2021S05022454090","Tame or seeded pasture","Hectares","Number","223","units","0","v1326626490","888.7.3","","F","","","0"
"2021","Saint-Simon, Quebec [CCS241354090]","2021S05022454090","Natural land for pasture","Hectares","Number","223","units","0","v1326626493","888.8.3","","F","","","0"
"2021","Sainte-Hélène-de-Bagot, Quebec [CCS241354095]","2021S05022454095","Tame or seeded pasture","Hectares","Number","223","units","0","v1326626523","889.7.3","","F","","","0"
"2021","Sainte-Hélène-de-Bagot, Quebec [CCS241354095]","2021S05022454095","Natural land for pasture","Hectares","Number","223","units","0","v1326626526","889.8.3","110","D","","","0"
"2021","Saint-Hugues, Quebec [CCS241354100]","2021S05022454100","Tame or seeded pasture","Hectares","Number","223","units","0","v1326626556","890.7.3","130","E","","","0"
"2021","Saint-Hugues, Quebec [CCS241354100]","2021S05022454100","Natural land for pasture","Hectares","Number","223","units","0","v1326626559","890.8.3","","F","","","0"
"2021","Saint-Barnabé-Sud, Quebec [CCS241354105]","2021S05022454105","Tame or seeded pasture","Hectares","Number","223","units","0","v1326626589","891.7.3","0","A","","","0"
"2021","Saint-Barnabé-Sud, Quebec [CCS241354105]","2021S05022454105","Natural land for pasture","Hectares","Number","223","units","0","v1326626592","891.8.3","0","A","","","0"
"2021","Saint-Jude, Quebec [CCS241354110]","2021S05022454110","Tame or seeded pasture","Hectares","Number","223","units","0","v1326626622","892.7.3","","F","","","0"
"2021","Saint-Jude, Quebec [CCS241354110]","2021S05022454110","Natural land for pasture","Hectares","Number","223","units","0","v1326626625","892.8.3","","F","","","0"
"2021","Saint-Bernard-de-Michaudville, Quebec [CCS241354115]","2021S05022454115","Tame or seeded pasture","Hectares","Number","223","units","0","v1326626655","893.7.3","","F","","","0"
"2021","Saint-Bernard-de-Michaudville, Quebec [CCS241354115]","2021S05022454115","Natural land for pasture","Hectares","Number","223","units","0","v1326626658","893.8.3","","F","","","0"
"2021","Saint-Louis, Quebec [CCS241354120]","2021S05022454120","Tame or seeded pasture","Hectares","Number","223","units","0","v1326626688","894.7.3","","F","","","0"
"2021","Saint-Louis, Quebec [CCS241354120]","2021S05022454120","Natural land for pasture","Hectares","Number","223","units","0","v1326626691","894.8.3","","F","","","0"
"2021","Saint-Marcel-de-Richelieu, Quebec [CCS241354125]","2021S05022454125","Tame or seeded pasture","Hectares","Number","223","units","0","v1326626721","895.7.3","","F","","","0"
"2021","Saint-Marcel-de-Richelieu, Quebec [CCS241354125]","2021S05022454125","Natural land for pasture","Hectares","Number","223","units","0","v1326626724","895.8.3","0","A","","","0"
"2021","Ange-Gardien, Quebec [CCS241355008]","2021S05022455008","Tame or seeded pasture","Hectares","Number","223","units","0","v1326626787","897.7.3","","F","","","0"
"2021","Ange-Gardien, Quebec [CCS241355008]","2021S05022455008","Natural land for pasture","Hectares","Number","223","units","0","v1326626790","897.8.3","","F","","","0"
"2021","Saint-Paul-d'Abbotsford, Quebec [CCS241355015]","2021S05022455015","Tame or seeded pasture","Hectares","Number","223","units","0","v1326626820","898.7.3","89","E","","","0"
"2021","Saint-Paul-d'Abbotsford, Quebec [CCS241355015]","2021S05022455015","Natural land for pasture","Hectares","Number","223","units","0","v1326626823","898.8.3","","F","","","0"
"2021","Saint-Césaire, Quebec [CCS241355023]","2021S05022455023","Tame or seeded pasture","Hectares","Number","223","units","0","v1326626853","899.7.3","","F","","","0"
"2021","Saint-Césaire, Quebec [CCS241355023]","2021S05022455023","Natural land for pasture","Hectares","Number","223","units","0","v1326626856","899.8.3","","F","","","0"
"2021","Sainte-Angèle-de-Monnoir, Quebec [CCS241355030]","2021S05022455030","Tame or seeded pasture","Hectares","Number","223","units","0","v1326626886","900.7.3","","F","","","0"
"2021","Sainte-Angèle-de-Monnoir, Quebec [CCS241355030]","2021S05022455030","Natural land for pasture","Hectares","Number","223","units","0","v1326626889","900.8.3","","F","","","0"
"2021","Rougemont, Quebec [CCS241355037]","2021S05022455037","Tame or seeded pasture","Hectares","Number","223","units","0","v1326626919","901.7.3","","F","","","0"
"2021","Rougemont, Quebec [CCS241355037]","2021S05022455037","Natural land for pasture","Hectares","Number","223","units","0","v1326626922","901.8.3","137","D","","","0"
"2021","Marieville, Quebec [CCS241355048]","2021S05022455048","Tame or seeded pasture","Hectares","Number","223","units","0","v1326626952","902.7.3","","F","","","0"
"2021","Marieville, Quebec [CCS241355048]","2021S05022455048","Natural land for pasture","Hectares","Number","223","units","0","v1326626955","902.8.3","","F","","","0"
"2021","Richelieu, Quebec [CCS241355057]","2021S05022455057","Tame or seeded pasture","Hectares","Number","223","units","0","v1326626985","903.7.3","0","A","","","0"
"2021","Richelieu, Quebec [CCS241355057]","2021S05022455057","Natural land for pasture","Hectares","Number","223","units","0","v1326626988","903.8.3","","F","","","0"
"2021","Saint-Mathias-sur-Richelieu, Quebec [CCS241355065]","2021S05022455065","Tame or seeded pasture","Hectares","Number","223","units","0","v1326627018","904.7.3","27","E","","","0"
"2021","Saint-Mathias-sur-Richelieu, Quebec [CCS241355065]","2021S05022455065","Natural land for pasture","Hectares","Number","223","units","0","v1326627021","904.8.3","","F","","","0"
"2021","Saint-Georges-de-Clarenceville, Quebec [CCS241356010]","2021S05022456010","Tame or seeded pasture","Hectares","Number","223","units","0","v1326627084","906.7.3","","F","","","0"
"2021","Saint-Georges-de-Clarenceville, Quebec [CCS241356010]","2021S05022456010","Natural land for pasture","Hectares","Number","223","units","0","v1326627087","906.8.3","","F","","","0"
"2021","Noyan, Quebec [CCS241356015]","2021S05022456015","Tame or seeded pasture","Hectares","Number","223","units","0","v1326627117","907.7.3","49","D","","","0"
"2021","Noyan, Quebec [CCS241356015]","2021S05022456015","Natural land for pasture","Hectares","Number","223","units","0","v1326627120","907.8.3","","F","","","0"
"2021","Lacolle, Quebec [CCS241356023]","2021S05022456023","Tame or seeded pasture","Hectares","Number","223","units","0","v1326627150","908.7.3","0","A","","","0"
"2021","Lacolle, Quebec [CCS241356023]","2021S05022456023","Natural land for pasture","Hectares","Number","223","units","0","v1326627153","908.8.3","","F","","","0"
"2021","Saint-Valentin, Quebec [CCS241356030]","2021S05022456030","Tame or seeded pasture","Hectares","Number","223","units","0","v1326627183","909.7.3","","F","","","0"
"2021","Saint-Valentin, Quebec [CCS241356030]","2021S05022456030","Natural land for pasture","Hectares","Number","223","units","0","v1326627186","909.8.3","","F","","","0"
"2021","Henryville, Quebec [CCS241356042]","2021S05022456042","Tame or seeded pasture","Hectares","Number","223","units","0","v1326627216","910.7.3","","F","","","0"
"2021","Henryville, Quebec [CCS241356042]","2021S05022456042","Natural land for pasture","Hectares","Number","223","units","0","v1326627219","910.8.3","","F","","","0"
"2021","Saint-Sébastien, Quebec [CCS241356050]","2021S05022456050","Tame or seeded pasture","Hectares","Number","223","units","0","v1326627249","911.7.3","","F","","","0"
"2021","Saint-Sébastien, Quebec [CCS241356050]","2021S05022456050","Natural land for pasture","Hectares","Number","223","units","0","v1326627252","911.8.3","","F","","","0"
"2021","Saint-Alexandre, Quebec [CCS241356055]","2021S05022456055","Tame or seeded pasture","Hectares","Number","223","units","0","v1326627282","912.7.3","","F","","","0"
"2021","Saint-Alexandre, Quebec [CCS241356055]","2021S05022456055","Natural land for pasture","Hectares","Number","223","units","0","v1326627285","912.8.3","","F","","","0"
"2021","Sainte-Anne-de-Sabrevois, Quebec [CCS241356060]","2021S05022456060","Tame or seeded pasture","Hectares","Number","223","units","0","v1326627315","913.7.3","","F","","","0"
"2021","Sainte-Anne-de-Sabrevois, Quebec [CCS241356060]","2021S05022456060","Natural land for pasture","Hectares","Number","223","units","0","v1326627318","913.8.3","","F","","","0"
"2021","Saint-Blaise-sur-Richelieu, Quebec [CCS241356065]","2021S05022456065","Tame or seeded pasture","Hectares","Number","223","units","0","v1326627348","914.7.3","","F","","","0"
"2021","Saint-Blaise-sur-Richelieu, Quebec [CCS241356065]","2021S05022456065","Natural land for pasture","Hectares","Number","223","units","0","v1326627351","914.8.3","0","A","","","0"
"2021","Saint-Jean-sur-Richelieu, Quebec [CCS241356083]","2021S05022456083","Tame or seeded pasture","Hectares","Number","223","units","0","v1326627381","915.7.3","174","E","","","0"
"2021","Saint-Jean-sur-Richelieu, Quebec [CCS241356083]","2021S05022456083","Natural land for pasture","Hectares","Number","223","units","0","v1326627384","915.8.3","","F","","","0"
"2021","Mont-Saint-Grégoire, Quebec [CCS241356097]","2021S05022456097","Tame or seeded pasture","Hectares","Number","223","units","0","v1326627414","916.7.3","","F","","","0"
"2021","Mont-Saint-Grégoire, Quebec [CCS241356097]","2021S05022456097","Natural land for pasture","Hectares","Number","223","units","0","v1326627417","916.8.3","0","A","","","0"
"2021","Sainte-Brigide-d'Iberville, Quebec [CCS241356105]","2021S05022456105","Tame or seeded pasture","Hectares","Number","223","units","0","v1326627447","917.7.3","","F","","","0"
"2021","Sainte-Brigide-d'Iberville, Quebec [CCS241356105]","2021S05022456105","Natural land for pasture","Hectares","Number","223","units","0","v1326627450","917.8.3","","F","","","0"
"2021","Carignan, Quebec [CCS241357010]","2021S05022457010","Tame or seeded pasture","Hectares","Number","223","units","0","v1326627513","919.7.3","","F","","","0"
"2021","Carignan, Quebec [CCS241357010]","2021S05022457010","Natural land for pasture","Hectares","Number","223","units","0","v1326627516","919.8.3","121","E","","","0"
"2021","Saint-Basile-le-Grand, Quebec [CCS241357020]","2021S05022457020","Tame or seeded pasture","Hectares","Number","223","units","0","v1326627546","920.7.3","0","A","","","0"
"2021","Saint-Basile-le-Grand, Quebec [CCS241357020]","2021S05022457020","Natural land for pasture","Hectares","Number","223","units","0","v1326627549","920.8.3","","F","","","0"
"2021","Saint-Jean-Baptiste, Quebec [CCS241357033]","2021S05022457033","Tame or seeded pasture","Hectares","Number","223","units","0","v1326627579","921.7.3","","F","","","0"
"2021","Saint-Jean-Baptiste, Quebec [CCS241357033]","2021S05022457033","Natural land for pasture","Hectares","Number","223","units","0","v1326627582","921.8.3","","F","","","0"
"2021","Saint-Mathieu-de-Beloeil, Quebec [CCS241357045]","2021S05022457045","Tame or seeded pasture","Hectares","Number","223","units","0","v1326627612","922.7.3","","F","","","0"
"2021","Saint-Mathieu-de-Beloeil, Quebec [CCS241357045]","2021S05022457045","Natural land for pasture","Hectares","Number","223","units","0","v1326627615","922.8.3","","F","","","0"
"2021","Saint-Marc-sur-Richelieu, Quebec [CCS241357050]","2021S05022457050","Tame or seeded pasture","Hectares","Number","223","units","0","v1326627645","923.7.3","","F","","","0"
"2021","Saint-Marc-sur-Richelieu, Quebec [CCS241357050]","2021S05022457050","Natural land for pasture","Hectares","Number","223","units","0","v1326627648","923.8.3","","F","","","0"
"2021","Saint-Charles-sur-Richelieu, Quebec [CCS241357057]","2021S05022457057","Tame or seeded pasture","Hectares","Number","223","units","0","v1326627678","924.7.3","","F","","","0"
"2021","Saint-Charles-sur-Richelieu, Quebec [CCS241357057]","2021S05022457057","Natural land for pasture","Hectares","Number","223","units","0","v1326627681","924.8.3","","F","","","0"
"2021","Saint-Denis-sur-Richelieu, Quebec [CCS241357068]","2021S05022457068","Tame or seeded pasture","Hectares","Number","223","units","0","v1326627711","925.7.3","","F","","","0"
"2021","Saint-Denis-sur-Richelieu, Quebec [CCS241357068]","2021S05022457068","Natural land for pasture","Hectares","Number","223","units","0","v1326627714","925.8.3","","F","","","0"
"2021","Saint-Antoine-sur-Richelieu, Quebec [CCS241357075]","2021S05022457075","Tame or seeded pasture","Hectares","Number","223","units","0","v1326627744","926.7.3","","F","","","0"
"2021","Saint-Antoine-sur-Richelieu, Quebec [CCS241357075]","2021S05022457075","Natural land for pasture","Hectares","Number","223","units","0","v1326627747","926.8.3","","F","","","0"
"2021","Longueuil, Quebec [CCS241358227]","2021S05022458227","Tame or seeded pasture","Hectares","Number","223","units","0","v1326627810","928.7.3","","F","","","0"
"2021","Longueuil, Quebec [CCS241358227]","2021S05022458227","Natural land for pasture","Hectares","Number","223","units","0","v1326627813","928.8.3","","F","","","0"
"2021","Sainte-Julie, Quebec [CCS241359010]","2021S05022459010","Tame or seeded pasture","Hectares","Number","223","units","0","v1326627876","930.7.3","","F","","","0"
"2021","Sainte-Julie, Quebec [CCS241359010]","2021S05022459010","Natural land for pasture","Hectares","Number","223","units","0","v1326627879","930.8.3","","F","","","0"
"2021","Saint-Amable, Quebec [CCS241359015]","2021S05022459015","Tame or seeded pasture","Hectares","Number","223","units","0","v1326627909","931.7.3","","F","","","0"
"2021","Saint-Amable, Quebec [CCS241359015]","2021S05022459015","Natural land for pasture","Hectares","Number","223","units","0","v1326627912","931.8.3","","F","","","0"
"2021","Varennes, Quebec [CCS241359020]","2021S05022459020","Tame or seeded pasture","Hectares","Number","223","units","0","v1326627942","932.7.3","","F","","","0"
"2021","Varennes, Quebec [CCS241359020]","2021S05022459020","Natural land for pasture","Hectares","Number","223","units","0","v1326627945","932.8.3","","F","","","0"
"2021","Verchères, Quebec [CCS241359025]","2021S05022459025","Tame or seeded pasture","Hectares","Number","223","units","0","v1326627975","933.7.3","102","D","","","0"
"2021","Verchères, Quebec [CCS241359025]","2021S05022459025","Natural land for pasture","Hectares","Number","223","units","0","v1326627978","933.8.3","0","A","","","0"
"2021","Calixa-Lavallée, Quebec [CCS241359030]","2021S05022459030","Tame or seeded pasture","Hectares","Number","223","units","0","v1326628008","934.7.3","","F","","","0"
"2021","Calixa-Lavallée, Quebec [CCS241359030]","2021S05022459030","Natural land for pasture","Hectares","Number","223","units","0","v1326628011","934.8.3","","F","","","0"
"2021","Saint-Mathieu, Quebec [CCS241367005]","2021S05022467005","Tame or seeded pasture","Hectares","Number","223","units","0","v1326628074","936.7.3","0","A","","","0"
"2021","Saint-Mathieu, Quebec [CCS241367005]","2021S05022467005","Natural land for pasture","Hectares","Number","223","units","0","v1326628077","936.8.3","0","A","","","0"
"2021","Saint-Philippe, Quebec [CCS241367010]","2021S05022467010","Tame or seeded pasture","Hectares","Number","223","units","0","v1326628107","937.7.3","","F","","","0"
"2021","Saint-Philippe, Quebec [CCS241367010]","2021S05022467010","Natural land for pasture","Hectares","Number","223","units","0","v1326628110","937.8.3","","F","","","0"
"2021","Saint-Constant, Quebec [CCS241367035]","2021S05022467035","Tame or seeded pasture","Hectares","Number","223","units","0","v1326628140","938.7.3","","F","","","0"
"2021","Saint-Constant, Quebec [CCS241367035]","2021S05022467035","Natural land for pasture","Hectares","Number","223","units","0","v1326628143","938.8.3","127","E","","","0"
"2021","Saint-Isidore, Quebec [CCS241367040]","2021S05022467040","Tame or seeded pasture","Hectares","Number","223","units","0","v1326628173","939.7.3","","F","","","0"
"2021","Saint-Isidore, Quebec [CCS241367040]","2021S05022467040","Natural land for pasture","Hectares","Number","223","units","0","v1326628176","939.8.3","116","E","","","0"
"2021","Mercier, Quebec [CCS241367045]","2021S05022467045","Tame or seeded pasture","Hectares","Number","223","units","0","v1326628206","940.7.3","","F","","","0"
"2021","Mercier, Quebec [CCS241367045]","2021S05022467045","Natural land for pasture","Hectares","Number","223","units","0","v1326628209","940.8.3","","F","","","0"
"2021","Saint-Bernard-de-Lacolle, Quebec [CCS241368005]","2021S05022468005","Tame or seeded pasture","Hectares","Number","223","units","0","v1326628272","942.7.3","","F","","","0"
"2021","Saint-Bernard-de-Lacolle, Quebec [CCS241368005]","2021S05022468005","Natural land for pasture","Hectares","Number","223","units","0","v1326628275","942.8.3","","F","","","0"
"2021","Hemmingford, Quebec [CCS241368015]","2021S05022468015","Tame or seeded pasture","Hectares","Number","223","units","0","v1326628305","943.7.3","85","E","","","0"
"2021","Hemmingford, Quebec [CCS241368015]","2021S05022468015","Natural land for pasture","Hectares","Number","223","units","0","v1326628308","943.8.3","182","D","","","0"
"2021","Sainte-Clotilde, Quebec [CCS241368020]","2021S05022468020","Tame or seeded pasture","Hectares","Number","223","units","0","v1326628338","944.7.3","156","D","","","0"
"2021","Sainte-Clotilde, Quebec [CCS241368020]","2021S05022468020","Natural land for pasture","Hectares","Number","223","units","0","v1326628341","944.8.3","","F","","","0"
"2021","Saint-Patrice-de-Sherrington, Quebec [CCS241368025]","2021S05022468025","Tame or seeded pasture","Hectares","Number","223","units","0","v1326628371","945.7.3","","F","","","0"
"2021","Saint-Patrice-de-Sherrington, Quebec [CCS241368025]","2021S05022468025","Natural land for pasture","Hectares","Number","223","units","0","v1326628374","945.8.3","","F","","","0"
"2021","Saint-Cyprien-de-Napierville, Quebec [CCS241368035]","2021S05022468035","Tame or seeded pasture","Hectares","Number","223","units","0","v1326628404","946.7.3","","F","","","0"
"2021","Saint-Cyprien-de-Napierville, Quebec [CCS241368035]","2021S05022468035","Natural land for pasture","Hectares","Number","223","units","0","v1326628407","946.8.3","","F","","","0"
"2021","Saint-Jacques-le-Mineur, Quebec [CCS241368040]","2021S05022468040","Tame or seeded pasture","Hectares","Number","223","units","0","v1326628437","947.7.3","","F","","","0"
"2021","Saint-Jacques-le-Mineur, Quebec [CCS241368040]","2021S05022468040","Natural land for pasture","Hectares","Number","223","units","0","v1326628440","947.8.3","","F","","","0"
"2021","Saint-Édouard, Quebec [CCS241368045]","2021S05022468045","Tame or seeded pasture","Hectares","Number","223","units","0","v1326628470","948.7.3","","F","","","0"
"2021","Saint-Édouard, Quebec [CCS241368045]","2021S05022468045","Natural land for pasture","Hectares","Number","223","units","0","v1326628473","948.8.3","42","E","","","0"
"2021","Saint-Michel, Quebec [CCS241368050]","2021S05022468050","Tame or seeded pasture","Hectares","Number","223","units","0","v1326628503","949.7.3","","F","","","0"
"2021","Saint-Michel, Quebec [CCS241368050]","2021S05022468050","Natural land for pasture","Hectares","Number","223","units","0","v1326628506","949.8.3","119","E","","","0"
"2021","Saint-Rémi, Quebec [CCS241368055]","2021S05022468055","Tame or seeded pasture","Hectares","Number","223","units","0","v1326628536","950.7.3","","F","","","0"
"2021","Saint-Rémi, Quebec [CCS241368055]","2021S05022468055","Natural land for pasture","Hectares","Number","223","units","0","v1326628539","950.8.3","","F","","","0"
"2021","Havelock, Quebec [CCS241369005]","2021S05022469005","Tame or seeded pasture","Hectares","Number","223","units","0","v1326628602","952.7.3","146","D","","","0"
"2021","Havelock, Quebec [CCS241369005]","2021S05022469005","Natural land for pasture","Hectares","Number","223","units","0","v1326628605","952.8.3","176","D","","","0"
"2021","Franklin, Quebec [CCS241369010]","2021S05022469010","Tame or seeded pasture","Hectares","Number","223","units","0","v1326628635","953.7.3","100","D","","","0"
"2021","Franklin, Quebec [CCS241369010]","2021S05022469010","Natural land for pasture","Hectares","Number","223","units","0","v1326628638","953.8.3","293","B","","","0"
"2021","Saint-Chrysostome, Quebec [CCS241369017]","2021S05022469017","Tame or seeded pasture","Hectares","Number","223","units","0","v1326628668","954.7.3","","F","","","0"
"2021","Saint-Chrysostome, Quebec [CCS241369017]","2021S05022469017","Natural land for pasture","Hectares","Number","223","units","0","v1326628671","954.8.3","","F","","","0"
"2021","Très-Saint-Sacrement, Quebec [CCS241369030]","2021S05022469030","Tame or seeded pasture","Hectares","Number","223","units","0","v1326628701","955.7.3","91","E","","","0"
"2021","Très-Saint-Sacrement, Quebec [CCS241369030]","2021S05022469030","Natural land for pasture","Hectares","Number","223","units","0","v1326628704","955.8.3","75","E","","","0"
"2021","Ormstown, Quebec [CCS241369037]","2021S05022469037","Tame or seeded pasture","Hectares","Number","223","units","0","v1326628734","956.7.3","119","E","","","0"
"2021","Ormstown, Quebec [CCS241369037]","2021S05022469037","Natural land for pasture","Hectares","Number","223","units","0","v1326628737","956.8.3","214","D","","","0"
"2021","Hinchinbrooke, Quebec [CCS241369045]","2021S05022469045","Tame or seeded pasture","Hectares","Number","223","units","0","v1326628767","957.7.3","351","B","","","0"
"2021","Hinchinbrooke, Quebec [CCS241369045]","2021S05022469045","Natural land for pasture","Hectares","Number","223","units","0","v1326628770","957.8.3","395","B","","","0"
"2021","Elgin, Quebec [CCS241369050]","2021S05022469050","Tame or seeded pasture","Hectares","Number","223","units","0","v1326628800","958.7.3","67","E","","","0"
"2021","Elgin, Quebec [CCS241369050]","2021S05022469050","Natural land for pasture","Hectares","Number","223","units","0","v1326628803","958.8.3","406","A","","","0"
"2021","Godmanchester, Quebec [CCS241369060]","2021S05022469060","Tame or seeded pasture","Hectares","Number","223","units","0","v1326628833","959.7.3","","F","","","0"
"2021","Godmanchester, Quebec [CCS241369060]","2021S05022469060","Natural land for pasture","Hectares","Number","223","units","0","v1326628836","959.8.3","252","D","","","0"
"2021","Saint-Anicet, Quebec [CCS241369070]","2021S05022469070","Tame or seeded pasture","Hectares","Number","223","units","0","v1326628866","960.7.3","","F","","","0"
"2021","Saint-Anicet, Quebec [CCS241369070]","2021S05022469070","Natural land for pasture","Hectares","Number","223","units","0","v1326628869","960.8.3","98","E","","","0"
"2021","Dundee, Quebec [CCS241369075]","2021S05022469075","Tame or seeded pasture","Hectares","Number","223","units","0","v1326628899","961.7.3","","F","","","0"
"2021","Dundee, Quebec [CCS241369075]","2021S05022469075","Natural land for pasture","Hectares","Number","223","units","0","v1326628902","961.8.3","100","D","","","0"
"2021","Sainte-Martine, Quebec [CCS241370012]","2021S05022470012","Tame or seeded pasture","Hectares","Number","223","units","0","v1326628965","963.7.3","","F","","","0"
"2021","Sainte-Martine, Quebec [CCS241370012]","2021S05022470012","Natural land for pasture","Hectares","Number","223","units","0","v1326628968","963.8.3","","F","","","0"
"2021","Beauharnois, Quebec [CCS241370022]","2021S05022470022","Tame or seeded pasture","Hectares","Number","223","units","0","v1326628998","964.7.3","","F","","","0"
"2021","Beauharnois, Quebec [CCS241370022]","2021S05022470022","Natural land for pasture","Hectares","Number","223","units","0","v1326629001","964.8.3","","F","","","0"
"2021","Saint-Étienne-de-Beauharnois, Quebec [CCS241370030]","2021S05022470030","Tame or seeded pasture","Hectares","Number","223","units","0","v1326629031","965.7.3","0","A","","","0"
"2021","Saint-Étienne-de-Beauharnois, Quebec [CCS241370030]","2021S05022470030","Natural land for pasture","Hectares","Number","223","units","0","v1326629034","965.8.3","","F","","","0"
"2021","Saint-Louis-de-Gonzague, Quebec [CCS241370035]","2021S05022470035","Tame or seeded pasture","Hectares","Number","223","units","0","v1326629064","966.7.3","","F","","","0"
"2021","Saint-Louis-de-Gonzague, Quebec [CCS241370035]","2021S05022470035","Natural land for pasture","Hectares","Number","223","units","0","v1326629067","966.8.3","","F","","","0"
"2021","Saint-Stanislas-de-Kostka, Quebec [CCS241370040]","2021S05022470040","Tame or seeded pasture","Hectares","Number","223","units","0","v1326629097","967.7.3","80","E","","","0"
"2021","Saint-Stanislas-de-Kostka, Quebec [CCS241370040]","2021S05022470040","Natural land for pasture","Hectares","Number","223","units","0","v1326629100","967.8.3","","F","","","0"
"2021","Salaberry-de-Valleyfield, Quebec [CCS241370052]","2021S05022470052","Tame or seeded pasture","Hectares","Number","223","units","0","v1326629130","968.7.3","","F","","","0"
"2021","Salaberry-de-Valleyfield, Quebec [CCS241370052]","2021S05022470052","Natural land for pasture","Hectares","Number","223","units","0","v1326629133","968.8.3","","F","","","0"
"2021","Saint-Télesphore, Quebec [CCS241371015]","2021S05022471015","Tame or seeded pasture","Hectares","Number","223","units","0","v1326629196","970.7.3","","F","","","0"
"2021","Saint-Télesphore, Quebec [CCS241371015]","2021S05022471015","Natural land for pasture","Hectares","Number","223","units","0","v1326629199","970.8.3","","F","","","0"
"2021","Saint-Polycarpe, Quebec [CCS241371020]","2021S05022471020","Tame or seeded pasture","Hectares","Number","223","units","0","v1326629229","971.7.3","","F","","","0"
"2021","Saint-Polycarpe, Quebec [CCS241371020]","2021S05022471020","Natural land for pasture","Hectares","Number","223","units","0","v1326629232","971.8.3","","F","","","0"
"2021","Coteau-du-Lac, Quebec [CCS241371040]","2021S05022471040","Tame or seeded pasture","Hectares","Number","223","units","0","v1326629262","972.7.3","","F","","","0"
"2021","Coteau-du-Lac, Quebec [CCS241371040]","2021S05022471040","Natural land for pasture","Hectares","Number","223","units","0","v1326629265","972.8.3","0","A","","","0"
"2021","Saint-Clet, Quebec [CCS241371045]","2021S05022471045","Tame or seeded pasture","Hectares","Number","223","units","0","v1326629295","973.7.3","","F","","","0"
"2021","Saint-Clet, Quebec [CCS241371045]","2021S05022471045","Natural land for pasture","Hectares","Number","223","units","0","v1326629298","973.8.3","","F","","","0"
"2021","Les Cèdres, Quebec [CCS241371050]","2021S05022471050","Tame or seeded pasture","Hectares","Number","223","units","0","v1326629328","974.7.3","","F","","","0"
"2021","Les Cèdres, Quebec [CCS241371050]","2021S05022471050","Natural land for pasture","Hectares","Number","223","units","0","v1326629331","974.8.3","","F","","","0"
"2021","Vaudreuil-Dorion, Quebec [CCS241371083]","2021S05022471083","Tame or seeded pasture","Hectares","Number","223","units","0","v1326629361","975.7.3","129","E","","","0"
"2021","Vaudreuil-Dorion, Quebec [CCS241371083]","2021S05022471083","Natural land for pasture","Hectares","Number","223","units","0","v1326629364","975.8.3","","F","","","0"
"2021","Sainte-Marthe, Quebec [CCS241371110]","2021S05022471110","Tame or seeded pasture","Hectares","Number","223","units","0","v1326629394","976.7.3","308","C","","","0"
"2021","Sainte-Marthe, Quebec [CCS241371110]","2021S05022471110","Natural land for pasture","Hectares","Number","223","units","0","v1326629397","976.8.3","","F","","","0"
"2021","Sainte-Justine-de-Newton, Quebec [CCS241371115]","2021S05022471115","Tame or seeded pasture","Hectares","Number","223","units","0","v1326629427","977.7.3","72","E","","","0"
"2021","Sainte-Justine-de-Newton, Quebec [CCS241371115]","2021S05022471115","Natural land for pasture","Hectares","Number","223","units","0","v1326629430","977.8.3","57","E","","","0"
"2021","Très-Saint-Rédempteur, Quebec [CCS241371125]","2021S05022471125","Tame or seeded pasture","Hectares","Number","223","units","0","v1326629460","978.7.3","0","A","","","0"
"2021","Très-Saint-Rédempteur, Quebec [CCS241371125]","2021S05022471125","Natural land for pasture","Hectares","Number","223","units","0","v1326629463","978.8.3","","F","","","0"
"2021","Rigaud, Quebec [CCS241371133]","2021S05022471133","Tame or seeded pasture","Hectares","Number","223","units","0","v1326629493","979.7.3","114","D","","","0"
"2021","Rigaud, Quebec [CCS241371133]","2021S05022471133","Natural land for pasture","Hectares","Number","223","units","0","v1326629496","979.8.3","55","E","","","0"
"2021","Saint-Ferdinand, Quebec [CCS241432013]","2021S05022432013","Tame or seeded pasture","Hectares","Number","223","units","0","v1326629592","982.7.3","386","E","","","0"
"2021","Saint-Ferdinand, Quebec [CCS241432013]","2021S05022432013","Natural land for pasture","Hectares","Number","223","units","0","v1326629595","982.8.3","306","E","","","0"
"2021","Sainte-Sophie-d'Halifax, Quebec [CCS241432023]","2021S05022432023","Tame or seeded pasture","Hectares","Number","223","units","0","v1326629625","983.7.3","","F","","","0"
"2021","Sainte-Sophie-d'Halifax, Quebec [CCS241432023]","2021S05022432023","Natural land for pasture","Hectares","Number","223","units","0","v1326629628","983.8.3","257","E","","","0"
"2021","Princeville, Quebec [CCS241432033]","2021S05022432033","Tame or seeded pasture","Hectares","Number","223","units","0","v1326629658","984.7.3","","F","","","0"
"2021","Princeville, Quebec [CCS241432033]","2021S05022432033","Natural land for pasture","Hectares","Number","223","units","0","v1326629661","984.8.3","","F","","","0"
"2021","Plessisville, Quebec [CCS241432045]","2021S05022432045","Tame or seeded pasture","Hectares","Number","223","units","0","v1326629691","985.7.3","","F","","","0"
"2021","Plessisville, Quebec [CCS241432045]","2021S05022432045","Natural land for pasture","Hectares","Number","223","units","0","v1326629694","985.8.3","","F","","","0"
"2021","Saint-Pierre-Baptiste, Quebec [CCS241432050]","2021S05022432050","Tame or seeded pasture","Hectares","Number","223","units","0","v1326629724","986.7.3","385","C","","","0"
"2021","Saint-Pierre-Baptiste, Quebec [CCS241432050]","2021S05022432050","Natural land for pasture","Hectares","Number","223","units","0","v1326629727","986.8.3","","F","","","0"
"2021","Inverness, Quebec [CCS241432058]","2021S05022432058","Tame or seeded pasture","Hectares","Number","223","units","0","v1326629757","987.7.3","680","C","","","0"
"2021","Inverness, Quebec [CCS241432058]","2021S05022432058","Natural land for pasture","Hectares","Number","223","units","0","v1326629760","987.8.3","461","D","","","0"
"2021","Lyster, Quebec [CCS241432065]","2021S05022432065","Tame or seeded pasture","Hectares","Number","223","units","0","v1326629790","988.7.3","226","E","","","0"
"2021","Lyster, Quebec [CCS241432065]","2021S05022432065","Natural land for pasture","Hectares","Number","223","units","0","v1326629793","988.8.3","","F","","","0"
"2021","Laurierville, Quebec [CCS241432072]","2021S05022432072","Tame or seeded pasture","Hectares","Number","223","units","0","v1326629823","989.7.3","272","D","","","0"
"2021","Laurierville, Quebec [CCS241432072]","2021S05022432072","Natural land for pasture","Hectares","Number","223","units","0","v1326629826","989.8.3","106","E","","","0"
"2021","Villeroy, Quebec [CCS241432085]","2021S05022432085","Tame or seeded pasture","Hectares","Number","223","units","0","v1326629856","990.7.3","","F","","","0"
"2021","Villeroy, Quebec [CCS241432085]","2021S05022432085","Natural land for pasture","Hectares","Number","223","units","0","v1326629859","990.8.3","","F","","","0"
"2021","Saint-Sylvère, Quebec [CCS241438005]","2021S05022438005","Tame or seeded pasture","Hectares","Number","223","units","0","v1326629922","992.7.3","142","E","","","0"
"2021","Saint-Sylvère, Quebec [CCS241438005]","2021S05022438005","Natural land for pasture","Hectares","Number","223","units","0","v1326629925","992.8.3","","F","","","0"
"2021","Bécancour, Quebec [CCS241438010]","2021S05022438010","Tame or seeded pasture","Hectares","Number","223","units","0","v1326629955","993.7.3","348","E","","","0"
"2021","Bécancour, Quebec [CCS241438010]","2021S05022438010","Natural land for pasture","Hectares","Number","223","units","0","v1326629958","993.8.3","","F","","","0"
"2021","Manseau, Quebec [CCS241438028]","2021S05022438028","Tame or seeded pasture","Hectares","Number","223","units","0","v1326629988","994.7.3","","F","","","0"
"2021","Manseau, Quebec [CCS241438028]","2021S05022438028","Natural land for pasture","Hectares","Number","223","units","0","v1326629991","994.8.3","","F","","","0"
"2021","Sainte-Françoise, Quebec [CCS241438035]","2021S05022438035","Tame or seeded pasture","Hectares","Number","223","units","0","v1326630021","995.7.3","","F","","","0"
"2021","Sainte-Françoise, Quebec [CCS241438035]","2021S05022438035","Natural land for pasture","Hectares","Number","223","units","0","v1326630024","995.8.3","66","E","","","0"
"2021","Sainte-Sophie-de-Lévrard, Quebec [CCS241438040]","2021S05022438040","Tame or seeded pasture","Hectares","Number","223","units","0","v1326630054","996.7.3","","F","","","0"
"2021","Sainte-Sophie-de-Lévrard, Quebec [CCS241438040]","2021S05022438040","Natural land for pasture","Hectares","Number","223","units","0","v1326630057","996.8.3","","F","","","0"
"2021","Fortierville, Quebec [CCS241438047]","2021S05022438047","Tame or seeded pasture","Hectares","Number","223","units","0","v1326630087","997.7.3","","F","","","0"
"2021","Fortierville, Quebec [CCS241438047]","2021S05022438047","Natural land for pasture","Hectares","Number","223","units","0","v1326630090","997.8.3","0","A","","","0"
"2021","Parisville, Quebec [CCS241438055]","2021S05022438055","Tame or seeded pasture","Hectares","Number","223","units","0","v1326630120","998.7.3","119","E","","","0"
"2021","Parisville, Quebec [CCS241438055]","2021S05022438055","Natural land for pasture","Hectares","Number","223","units","0","v1326630123","998.8.3","","F","","","0"
"2021","Saint-Pierre-les-Becquets, Quebec [CCS241438065]","2021S05022438065","Tame or seeded pasture","Hectares","Number","223","units","0","v1326630153","999.7.3","59","E","","","0"
"2021","Saint-Pierre-les-Becquets, Quebec [CCS241438065]","2021S05022438065","Natural land for pasture","Hectares","Number","223","units","0","v1326630156","999.8.3","49","E","","","0"
"2021","Ham-Nord, Quebec [CCS241439010]","2021S05022439010","Tame or seeded pasture","Hectares","Number","223","units","0","v1326630219","1001.7.3","","F","","","0"
"2021","Ham-Nord, Quebec [CCS241439010]","2021S05022439010","Natural land for pasture","Hectares","Number","223","units","0","v1326630222","1001.8.3","302","E","","","0"
"2021","Notre-Dame-de-Ham, Quebec [CCS241439015]","2021S05022439015","Tame or seeded pasture","Hectares","Number","223","units","0","v1326630252","1002.7.3","","F","","","0"
"2021","Notre-Dame-de-Ham, Quebec [CCS241439015]","2021S05022439015","Natural land for pasture","Hectares","Number","223","units","0","v1326630255","1002.8.3","","F","","","0"
"2021","Saint-Rémi-de-Tingwick, Quebec [CCS241439020]","2021S05022439020","Tame or seeded pasture","Hectares","Number","223","units","0","v1326630285","1003.7.3","153","E","","","0"
"2021","Saint-Rémi-de-Tingwick, Quebec [CCS241439020]","2021S05022439020","Natural land for pasture","Hectares","Number","223","units","0","v1326630288","1003.8.3","206","E","","","0"
"2021","Tingwick, Quebec [CCS241439025]","2021S05022439025","Tame or seeded pasture","Hectares","Number","223","units","0","v1326630318","1004.7.3","263","E","","","0"
"2021","Tingwick, Quebec [CCS241439025]","2021S05022439025","Natural land for pasture","Hectares","Number","223","units","0","v1326630321","1004.8.3","329","E","","","0"
"2021","Chesterville, Quebec [CCS241439030]","2021S05022439030","Tame or seeded pasture","Hectares","Number","223","units","0","v1326630351","1005.7.3","293","E","","","0"
"2021","Chesterville, Quebec [CCS241439030]","2021S05022439030","Natural land for pasture","Hectares","Number","223","units","0","v1326630354","1005.8.3","298","E","","","0"
"2021","Sainte-Hélène-de-Chester, Quebec [CCS241439035]","2021S05022439035","Tame or seeded pasture","Hectares","Number","223","units","0","v1326630384","1006.7.3","180","C","","","0"
"2021","Sainte-Hélène-de-Chester, Quebec [CCS241439035]","2021S05022439035","Natural land for pasture","Hectares","Number","223","units","0","v1326630387","1006.8.3","64","E","","","0"
"2021","Saint-Norbert-d'Arthabaska, Quebec [CCS241439043]","2021S05022439043","Tame or seeded pasture","Hectares","Number","223","units","0","v1326630417","1007.7.3","690","E","","","0"
"2021","Saint-Norbert-d'Arthabaska, Quebec [CCS241439043]","2021S05022439043","Natural land for pasture","Hectares","Number","223","units","0","v1326630420","1007.8.3","","F","","","0"
"2021","Victoriaville, Quebec [CCS241439062]","2021S05022439062","Tame or seeded pasture","Hectares","Number","223","units","0","v1326630450","1008.7.3","","F","","","0"
"2021","Victoriaville, Quebec [CCS241439062]","2021S05022439062","Natural land for pasture","Hectares","Number","223","units","0","v1326630453","1008.8.3","","F","","","0"
"2021","Warwick, Quebec [CCS241439077]","2021S05022439077","Tame or seeded pasture","Hectares","Number","223","units","0","v1326630483","1009.7.3","408","D","","","0"
"2021","Warwick, Quebec [CCS241439077]","2021S05022439077","Natural land for pasture","Hectares","Number","223","units","0","v1326630486","1009.8.3","208","E","","","0"
"2021","Saint-Albert, Quebec [CCS241439085]","2021S05022439085","Tame or seeded pasture","Hectares","Number","223","units","0","v1326630516","1010.7.3","","F","","","0"
"2021","Saint-Albert, Quebec [CCS241439085]","2021S05022439085","Natural land for pasture","Hectares","Number","223","units","0","v1326630519","1010.8.3","","F","","","0"
"2021","Sainte-Élizabeth-de-Warwick, Quebec [CCS241439090]","2021S05022439090","Tame or seeded pasture","Hectares","Number","223","units","0","v1326630549","1011.7.3","111","E","","","0"
"2021","Sainte-Élizabeth-de-Warwick, Quebec [CCS241439090]","2021S05022439090","Natural land for pasture","Hectares","Number","223","units","0","v1326630552","1011.8.3","","F","","","0"
"2021","Kingsey Falls, Quebec [CCS241439097]","2021S05022439097","Tame or seeded pasture","Hectares","Number","223","units","0","v1326630582","1012.7.3","322","B","","","0"
"2021","Kingsey Falls, Quebec [CCS241439097]","2021S05022439097","Natural land for pasture","Hectares","Number","223","units","0","v1326630585","1012.8.3","83","E","","","0"
"2021","Sainte-Séraphine, Quebec [CCS241439105]","2021S05022439105","Tame or seeded pasture","Hectares","Number","223","units","0","v1326630615","1013.7.3","","F","","","0"
"2021","Sainte-Séraphine, Quebec [CCS241439105]","2021S05022439105","Natural land for pasture","Hectares","Number","223","units","0","v1326630618","1013.8.3","","F","","","0"
"2021","Sainte-Clotilde-de-Horton, Quebec [CCS241439117]","2021S05022439117","Tame or seeded pasture","Hectares","Number","223","units","0","v1326630648","1014.7.3","","F","","","0"
"2021","Sainte-Clotilde-de-Horton, Quebec [CCS241439117]","2021S05022439117","Natural land for pasture","Hectares","Number","223","units","0","v1326630651","1014.8.3","","F","","","0"
"2021","Saint-Valère, Quebec [CCS241439135]","2021S05022439135","Tame or seeded pasture","Hectares","Number","223","units","0","v1326630681","1015.7.3","167","E","","","0"
"2021","Saint-Valère, Quebec [CCS241439135]","2021S05022439135","Natural land for pasture","Hectares","Number","223","units","0","v1326630684","1015.8.3","","F","","","0"
"2021","Saint-Rosaire, Quebec [CCS241439145]","2021S05022439145","Tame or seeded pasture","Hectares","Number","223","units","0","v1326630714","1016.7.3","134","D","","","0"
"2021","Saint-Rosaire, Quebec [CCS241439145]","2021S05022439145","Natural land for pasture","Hectares","Number","223","units","0","v1326630717","1016.8.3","","F","","","0"
"2021","Daveluyville, Quebec [CCS241439152]","2021S05022439152","Tame or seeded pasture","Hectares","Number","223","units","0","v1326630747","1017.7.3","","F","","","0"
"2021","Daveluyville, Quebec [CCS241439152]","2021S05022439152","Natural land for pasture","Hectares","Number","223","units","0","v1326630750","1017.8.3","","F","","","0"
"2021","Saint-Louis-de-Blandford, Quebec [CCS241439170]","2021S05022439170","Tame or seeded pasture","Hectares","Number","223","units","0","v1326630780","1018.7.3","","F","","","0"
"2021","Saint-Louis-de-Blandford, Quebec [CCS241439170]","2021S05022439170","Natural land for pasture","Hectares","Number","223","units","0","v1326630783","1018.8.3","","F","","","0"
"2021","Saint-Félix-de-Kingsey, Quebec [CCS241449005]","2021S05022449005","Tame or seeded pasture","Hectares","Number","223","units","0","v1326630846","1020.7.3","223","E","","","0"
"2021","Saint-Félix-de-Kingsey, Quebec [CCS241449005]","2021S05022449005","Natural land for pasture","Hectares","Number","223","units","0","v1326630849","1020.8.3","501","C","","","0"
"2021","Durham-Sud, Quebec [CCS241449015]","2021S05022449015","Tame or seeded pasture","Hectares","Number","223","units","0","v1326630879","1021.7.3","261","C","","","0"
"2021","Durham-Sud, Quebec [CCS241449015]","2021S05022449015","Natural land for pasture","Hectares","Number","223","units","0","v1326630882","1021.8.3","126","E","","","0"
"2021","Lefebvre, Quebec [CCS241449020]","2021S05022449020","Tame or seeded pasture","Hectares","Number","223","units","0","v1326630912","1022.7.3","134","E","","","0"
"2021","Lefebvre, Quebec [CCS241449020]","2021S05022449020","Natural land for pasture","Hectares","Number","223","units","0","v1326630915","1022.8.3","","F","","","0"
"2021","L'Avenir, Quebec [CCS241449025]","2021S05022449025","Tame or seeded pasture","Hectares","Number","223","units","0","v1326630945","1023.7.3","212","E","","","0"
"2021","L'Avenir, Quebec [CCS241449025]","2021S05022449025","Natural land for pasture","Hectares","Number","223","units","0","v1326630948","1023.8.3","","F","","","0"
"2021","Saint-Lucien, Quebec [CCS241449030]","2021S05022449030","Tame or seeded pasture","Hectares","Number","223","units","0","v1326630978","1024.7.3","","F","","","0"
"2021","Saint-Lucien, Quebec [CCS241449030]","2021S05022449030","Natural land for pasture","Hectares","Number","223","units","0","v1326630981","1024.8.3","","F","","","0"
"2021","Wickham, Quebec [CCS241449040]","2021S05022449040","Tame or seeded pasture","Hectares","Number","223","units","0","v1326631011","1025.7.3","285","E","","","0"
"2021","Wickham, Quebec [CCS241449040]","2021S05022449040","Natural land for pasture","Hectares","Number","223","units","0","v1326631014","1025.8.3","","F","","","0"
"2021","Saint-Germain-de-Grantham, Quebec [CCS241449048]","2021S05022449048","Tame or seeded pasture","Hectares","Number","223","units","0","v1326631044","1026.7.3","","F","","","0"
"2021","Saint-Germain-de-Grantham, Quebec [CCS241449048]","2021S05022449048","Natural land for pasture","Hectares","Number","223","units","0","v1326631047","1026.8.3","","F","","","0"
"2021","Drummondville, Quebec [CCS241449058]","2021S05022449058","Tame or seeded pasture","Hectares","Number","223","units","0","v1326631077","1027.7.3","","F","","","0"
"2021","Drummondville, Quebec [CCS241449058]","2021S05022449058","Natural land for pasture","Hectares","Number","223","units","0","v1326631080","1027.8.3","","F","","","0"
"2021","Notre-Dame-du-Bon-Conseil, Quebec [CCS241449080]","2021S05022449080","Tame or seeded pasture","Hectares","Number","223","units","0","v1326631110","1028.7.3","","F","","","0"
"2021","Notre-Dame-du-Bon-Conseil, Quebec [CCS241449080]","2021S05022449080","Natural land for pasture","Hectares","Number","223","units","0","v1326631113","1028.8.3","","F","","","0"
"2021","Sainte-Brigitte-des-Saults, Quebec [CCS241449085]","2021S05022449085","Tame or seeded pasture","Hectares","Number","223","units","0","v1326631143","1029.7.3","136","E","","","0"
"2021","Sainte-Brigitte-des-Saults, Quebec [CCS241449085]","2021S05022449085","Natural land for pasture","Hectares","Number","223","units","0","v1326631146","1029.8.3","","F","","","0"
"2021","Saint-Edmond-de-Grantham, Quebec [CCS241449100]","2021S05022449100","Tame or seeded pasture","Hectares","Number","223","units","0","v1326631176","1030.7.3","91","E","","","0"
"2021","Saint-Edmond-de-Grantham, Quebec [CCS241449100]","2021S05022449100","Natural land for pasture","Hectares","Number","223","units","0","v1326631179","1030.8.3","","F","","","0"
"2021","Saint-Eugène, Quebec [CCS241449105]","2021S05022449105","Tame or seeded pasture","Hectares","Number","223","units","0","v1326631209","1031.7.3","","F","","","0"
"2021","Saint-Eugène, Quebec [CCS241449105]","2021S05022449105","Natural land for pasture","Hectares","Number","223","units","0","v1326631212","1031.8.3","","F","","","0"
"2021","Saint-Guillaume, Quebec [CCS241449113]","2021S05022449113","Tame or seeded pasture","Hectares","Number","223","units","0","v1326631242","1032.7.3","","F","","","0"
"2021","Saint-Guillaume, Quebec [CCS241449113]","2021S05022449113","Natural land for pasture","Hectares","Number","223","units","0","v1326631245","1032.8.3","0","A","","","0"
"2021","Saint-Bonaventure, Quebec [CCS241449125]","2021S05022449125","Tame or seeded pasture","Hectares","Number","223","units","0","v1326631275","1033.7.3","195","C","","","0"
"2021","Saint-Bonaventure, Quebec [CCS241449125]","2021S05022449125","Natural land for pasture","Hectares","Number","223","units","0","v1326631278","1033.8.3","","F","","","0"
"2021","Saint-Pie-de-Guire, Quebec [CCS241449130]","2021S05022449130","Tame or seeded pasture","Hectares","Number","223","units","0","v1326631308","1034.7.3","","F","","","0"
"2021","Saint-Pie-de-Guire, Quebec [CCS241449130]","2021S05022449130","Natural land for pasture","Hectares","Number","223","units","0","v1326631311","1034.8.3","","F","","","0"
"2021","Sainte-Eulalie, Quebec [CCS241450005]","2021S05022450005","Tame or seeded pasture","Hectares","Number","223","units","0","v1326631374","1036.7.3","69","E","","","0"
"2021","Sainte-Eulalie, Quebec [CCS241450005]","2021S05022450005","Natural land for pasture","Hectares","Number","223","units","0","v1326631377","1036.8.3","60","E","","","0"
"2021","Aston-Jonction, Quebec [CCS241450013]","2021S05022450013","Tame or seeded pasture","Hectares","Number","223","units","0","v1326631407","1037.7.3","","F","","","0"
"2021","Aston-Jonction, Quebec [CCS241450013]","2021S05022450013","Natural land for pasture","Hectares","Number","223","units","0","v1326631410","1037.8.3","","F","","","0"
"2021","Saint-Wenceslas, Quebec [CCS241450023]","2021S05022450023","Tame or seeded pasture","Hectares","Number","223","units","0","v1326631440","1038.7.3","","F","","","0"
"2021","Saint-Wenceslas, Quebec [CCS241450023]","2021S05022450023","Natural land for pasture","Hectares","Number","223","units","0","v1326631443","1038.8.3","","F","","","0"
"2021","Saint-Célestin, Quebec [CCS241450035]","2021S05022450035","Tame or seeded pasture","Hectares","Number","223","units","0","v1326631473","1039.7.3","85","E","","","0"
"2021","Saint-Célestin, Quebec [CCS241450035]","2021S05022450035","Natural land for pasture","Hectares","Number","223","units","0","v1326631476","1039.8.3","","F","","","0"
"2021","Saint-Léonard-d'Aston, Quebec [CCS241450042]","2021S05022450042","Tame or seeded pasture","Hectares","Number","223","units","0","v1326631506","1040.7.3","47","E","","","0"
"2021","Saint-Léonard-d'Aston, Quebec [CCS241450042]","2021S05022450042","Natural land for pasture","Hectares","Number","223","units","0","v1326631509","1040.8.3","72","D","","","0"
"2021","Sainte-Perpétue, Quebec [CCS241450050]","2021S05022450050","Tame or seeded pasture","Hectares","Number","223","units","0","v1326631539","1041.7.3","","F","","","0"
"2021","Sainte-Perpétue, Quebec [CCS241450050]","2021S05022450050","Natural land for pasture","Hectares","Number","223","units","0","v1326631542","1041.8.3","133","E","","","0"
"2021","Grand-Saint-Esprit, Quebec [CCS241450065]","2021S05022450065","Tame or seeded pasture","Hectares","Number","223","units","0","v1326631572","1042.7.3","","F","","","0"
"2021","Grand-Saint-Esprit, Quebec [CCS241450065]","2021S05022450065","Natural land for pasture","Hectares","Number","223","units","0","v1326631575","1042.8.3","","F","","","0"
"2021","Nicolet, Quebec [CCS241450072]","2021S05022450072","Tame or seeded pasture","Hectares","Number","223","units","0","v1326631605","1043.7.3","","F","","","0"
"2021","Nicolet, Quebec [CCS241450072]","2021S05022450072","Natural land for pasture","Hectares","Number","223","units","0","v1326631608","1043.8.3","","F","","","0"
"2021","La Visitation-de-Yamaska, Quebec [CCS241450085]","2021S05022450085","Tame or seeded pasture","Hectares","Number","223","units","0","v1326631638","1044.7.3","","F","","","0"
"2021","La Visitation-de-Yamaska, Quebec [CCS241450085]","2021S05022450085","Natural land for pasture","Hectares","Number","223","units","0","v1326631641","1044.8.3","","F","","","0"
"2021","Saint-Zéphirin-de-Courval, Quebec [CCS241450090]","2021S05022450090","Tame or seeded pasture","Hectares","Number","223","units","0","v1326631671","1045.7.3","172","E","","","0"
"2021","Saint-Zéphirin-de-Courval, Quebec [CCS241450090]","2021S05022450090","Natural land for pasture","Hectares","Number","223","units","0","v1326631674","1045.8.3","186","E","","","0"
"2021","Saint-Elphège, Quebec [CCS241450095]","2021S05022450095","Tame or seeded pasture","Hectares","Number","223","units","0","v1326631704","1046.7.3","","F","","","0"
"2021","Saint-Elphège, Quebec [CCS241450095]","2021S05022450095","Natural land for pasture","Hectares","Number","223","units","0","v1326631707","1046.8.3","","F","","","0"
"2021","Baie-du-Febvre, Quebec [CCS241450100]","2021S05022450100","Tame or seeded pasture","Hectares","Number","223","units","0","v1326631737","1047.7.3","","F","","","0"
"2021","Baie-du-Febvre, Quebec [CCS241450100]","2021S05022450100","Natural land for pasture","Hectares","Number","223","units","0","v1326631740","1047.8.3","","F","","","0"
"2021","Pierreville, Quebec [CCS241450113]","2021S05022450113","Tame or seeded pasture","Hectares","Number","223","units","0","v1326631770","1048.7.3","","F","","","0"
"2021","Pierreville, Quebec [CCS241450113]","2021S05022450113","Natural land for pasture","Hectares","Number","223","units","0","v1326631773","1048.8.3","","F","","","0"
"2021","Ontario [PR350000000]","2021A000235","Tame or seeded pasture","Hectares","Number","223","units","0","v1326631803","1049.7.3","162068","A","","","0"
"2021","Ontario [PR350000000]","2021A000235","Natural land for pasture","Hectares","Number","223","units","0","v1326631806","1049.8.3","253481","B","","","0"
"2021","Hamilton, Ontario [CCS350125005]","2021S05023525005","Tame or seeded pasture","Hectares","Number","223","units","0","v1326631902","1052.7.3","1303","D","","","0"
"2021","Hamilton, Ontario [CCS350125005]","2021S05023525005","Natural land for pasture","Hectares","Number","223","units","0","v1326631905","1052.8.3","","F","","","0"
"2021","Fort Erie, Ontario [CCS350126003]","2021S05023526003","Tame or seeded pasture","Hectares","Number","223","units","0","v1326631968","1054.7.3","","F","","","0"
"2021","Fort Erie, Ontario [CCS350126003]","2021S05023526003","Natural land for pasture","Hectares","Number","223","units","0","v1326631971","1054.8.3","","F","","","0"
"2021","Port Colborne, Ontario [CCS350126011]","2021S05023526011","Tame or seeded pasture","Hectares","Number","223","units","0","v1326632001","1055.7.3","","F","","","0"
"2021","Port Colborne, Ontario [CCS350126011]","2021S05023526011","Natural land for pasture","Hectares","Number","223","units","0","v1326632004","1055.8.3","","F","","","0"
"2021","Wainfleet, Ontario [CCS350126014]","2021S05023526014","Tame or seeded pasture","Hectares","Number","223","units","0","v1326632034","1056.7.3","","F","","","0"
"2021","Wainfleet, Ontario [CCS350126014]","2021S05023526014","Natural land for pasture","Hectares","Number","223","units","0","v1326632037","1056.8.3","","F","","","0"
"2021","West Lincoln, Ontario [CCS350126021]","2021S05023526021","Tame or seeded pasture","Hectares","Number","223","units","0","v1326632067","1057.7.3","287","E","","","0"
"2021","West Lincoln, Ontario [CCS350126021]","2021S05023526021","Natural land for pasture","Hectares","Number","223","units","0","v1326632070","1057.8.3","","F","","","0"
"2021","Pelham, Ontario [CCS350126028]","2021S05023526028","Tame or seeded pasture","Hectares","Number","223","units","0","v1326632100","1058.7.3","","F","","","0"
"2021","Pelham, Ontario [CCS350126028]","2021S05023526028","Natural land for pasture","Hectares","Number","223","units","0","v1326632103","1058.8.3","","F","","","0"
"2021","Thorold, Ontario [CCS350126037]","2021S05023526037","Tame or seeded pasture","Hectares","Number","223","units","0","v1326632133","1059.7.3","","F","","","0"
"2021","Thorold, Ontario [CCS350126037]","2021S05023526037","Natural land for pasture","Hectares","Number","223","units","0","v1326632136","1059.8.3","","F","","","0"
"2021","Niagara Falls, Ontario [CCS350126043]","2021S05023526043","Tame or seeded pasture","Hectares","Number","223","units","0","v1326632166","1060.7.3","","F","","","0"
"2021","Niagara Falls, Ontario [CCS350126043]","2021S05023526043","Natural land for pasture","Hectares","Number","223","units","0","v1326632169","1060.8.3","","F","","","0"
"2021","Niagara-on-the-Lake, Ontario [CCS350126047]","2021S05023526047","Tame or seeded pasture","Hectares","Number","223","units","0","v1326632199","1061.7.3","","F","","","0"
"2021","Niagara-on-the-Lake, Ontario [CCS350126047]","2021S05023526047","Natural land for pasture","Hectares","Number","223","units","0","v1326632202","1061.8.3","","F","","","0"
"2021","St. Catharines, Ontario [CCS350126053]","2021S05023526053","Tame or seeded pasture","Hectares","Number","223","units","0","v1326632232","1062.7.3","","F","","","0"
"2021","St. Catharines, Ontario [CCS350126053]","2021S05023526053","Natural land for pasture","Hectares","Number","223","units","0","v1326632235","1062.8.3","","F","","","0"
"2021","Lincoln, Ontario [CCS350126057]","2021S05023526057","Tame or seeded pasture","Hectares","Number","223","units","0","v1326632265","1063.7.3","","F","","","0"
"2021","Lincoln, Ontario [CCS350126057]","2021S05023526057","Natural land for pasture","Hectares","Number","223","units","0","v1326632268","1063.8.3","","F","","","0"
"2021","Grimsby, Ontario [CCS350126065]","2021S05023526065","Tame or seeded pasture","Hectares","Number","223","units","0","v1326632298","1064.7.3","","F","","","0"
"2021","Grimsby, Ontario [CCS350126065]","2021S05023526065","Natural land for pasture","Hectares","Number","223","units","0","v1326632301","1064.8.3","","F","","","0"
"2021","Haldimand County, Ontario [CCS350128018]","2021S05023528018","Tame or seeded pasture","Hectares","Number","223","units","0","v1326632364","1066.7.3","1767","C","","","0"
"2021","Haldimand County, Ontario [CCS350128018]","2021S05023528018","Natural land for pasture","Hectares","Number","223","units","0","v1326632367","1066.8.3","","F","","","0"
"2021","Norfolk County, Ontario [CCS350128052]","2021S05023528052","Tame or seeded pasture","Hectares","Number","223","units","0","v1326632397","1067.7.3","891","E","","","0"
"2021","Norfolk County, Ontario [CCS350128052]","2021S05023528052","Natural land for pasture","Hectares","Number","223","units","0","v1326632400","1067.8.3","","F","","","0"
"2021","Brant, Ontario [CCS350129005]","2021S05023529005","Tame or seeded pasture","Hectares","Number","223","units","0","v1326632463","1069.7.3","934","D","","","0"
"2021","Brant, Ontario [CCS350129005]","2021S05023529005","Natural land for pasture","Hectares","Number","223","units","0","v1326632466","1069.8.3","552","D","","","0"
"2021","Norwich, Ontario [CCS350132002]","2021S05023532002","Tame or seeded pasture","Hectares","Number","223","units","0","v1326632529","1071.7.3","480","E","","","0"
"2021","Norwich, Ontario [CCS350132002]","2021S05023532002","Natural land for pasture","Hectares","Number","223","units","0","v1326632532","1071.8.3","869","E","","","0"
"2021","South-West Oxford, Ontario [CCS350132012]","2021S05023532012","Tame or seeded pasture","Hectares","Number","223","units","0","v1326632562","1072.7.3","370","E","","","0"
"2021","South-West Oxford, Ontario [CCS350132012]","2021S05023532012","Natural land for pasture","Hectares","Number","223","units","0","v1326632565","1072.8.3","278","E","","","0"
"2021","Zorra, Ontario [CCS350132027]","2021S05023532027","Tame or seeded pasture","Hectares","Number","223","units","0","v1326632595","1073.7.3","542","E","","","0"
"2021","Zorra, Ontario [CCS350132027]","2021S05023532027","Natural land for pasture","Hectares","Number","223","units","0","v1326632598","1073.8.3","","F","","","0"
"2021","East Zorra-Tavistock, Ontario [CCS350132038]","2021S05023532038","Tame or seeded pasture","Hectares","Number","223","units","0","v1326632628","1074.7.3","","F","","","0"
"2021","East Zorra-Tavistock, Ontario [CCS350132038]","2021S05023532038","Natural land for pasture","Hectares","Number","223","units","0","v1326632631","1074.8.3","","F","","","0"
"2021","Blandford-Blenheim, Ontario [CCS350132045]","2021S05023532045","Tame or seeded pasture","Hectares","Number","223","units","0","v1326632661","1075.7.3","515","D","","","0"
"2021","Blandford-Blenheim, Ontario [CCS350132045]","2021S05023532045","Natural land for pasture","Hectares","Number","223","units","0","v1326632664","1075.8.3","533","D","","","0"
"2021","Bayham, Ontario [CCS350134005]","2021S05023534005","Tame or seeded pasture","Hectares","Number","223","units","0","v1326632727","1077.7.3","136","E","","","0"
"2021","Bayham, Ontario [CCS350134005]","2021S05023534005","Natural land for pasture","Hectares","Number","223","units","0","v1326632730","1077.8.3","64","E","","","0"
"2021","Malahide, Ontario [CCS350134010]","2021S05023534010","Tame or seeded pasture","Hectares","Number","223","units","0","v1326632760","1078.7.3","","F","","","0"
"2021","Malahide, Ontario [CCS350134010]","2021S05023534010","Natural land for pasture","Hectares","Number","223","units","0","v1326632763","1078.8.3","","F","","","0"
"2021","Central Elgin, Ontario [CCS350134020]","2021S05023534020","Tame or seeded pasture","Hectares","Number","223","units","0","v1326632793","1079.7.3","363","E","","","0"
"2021","Central Elgin, Ontario [CCS350134020]","2021S05023534020","Natural land for pasture","Hectares","Number","223","units","0","v1326632796","1079.8.3","","F","","","0"
"2021","Southwold, Ontario [CCS350134024]","2021S05023534024","Tame or seeded pasture","Hectares","Number","223","units","0","v1326632826","1080.7.3","","F","","","0"
"2021","Southwold, Ontario [CCS350134024]","2021S05023534024","Natural land for pasture","Hectares","Number","223","units","0","v1326632829","1080.8.3","","F","","","0"
"2021","Dutton/Dunwich, Ontario [CCS350134030]","2021S05023534030","Tame or seeded pasture","Hectares","Number","223","units","0","v1326632859","1081.7.3","326","E","","","0"
"2021","Dutton/Dunwich, Ontario [CCS350134030]","2021S05023534030","Natural land for pasture","Hectares","Number","223","units","0","v1326632862","1081.8.3","","F","","","0"
"2021","West Elgin, Ontario [CCS350134042]","2021S05023534042","Tame or seeded pasture","Hectares","Number","223","units","0","v1326632892","1082.7.3","","F","","","0"
"2021","West Elgin, Ontario [CCS350134042]","2021S05023534042","Natural land for pasture","Hectares","Number","223","units","0","v1326632895","1082.8.3","","F","","","0"
"2021","Chatham-Kent, Ontario [CCS350136020]","2021S05023536020","Tame or seeded pasture","Hectares","Number","223","units","0","v1326632958","1084.7.3","1382","E","","","0"
"2021","Chatham-Kent, Ontario [CCS350136020]","2021S05023536020","Natural land for pasture","Hectares","Number","223","units","0","v1326632961","1084.8.3","","F","","","0"
"2021","Leamington, Ontario [CCS350137003]","2021S05023537003","Tame or seeded pasture","Hectares","Number","223","units","0","v1326633024","1086.7.3","","F","","","0"
"2021","Leamington, Ontario [CCS350137003]","2021S05023537003","Natural land for pasture","Hectares","Number","223","units","0","v1326633027","1086.8.3","","F","","","0"
"2021","Kingsville, Ontario [CCS350137013]","2021S05023537013","Tame or seeded pasture","Hectares","Number","223","units","0","v1326633057","1087.7.3","226","D","","","0"
"2021","Kingsville, Ontario [CCS350137013]","2021S05023537013","Natural land for pasture","Hectares","Number","223","units","0","v1326633060","1087.8.3","68","E","","","0"
"2021","Essex, Ontario [CCS350137016]","2021S05023537016","Tame or seeded pasture","Hectares","Number","223","units","0","v1326633090","1088.7.3","","F","","","0"
"2021","Essex, Ontario [CCS350137016]","2021S05023537016","Natural land for pasture","Hectares","Number","223","units","0","v1326633093","1088.8.3","","F","","","0"
"2021","Amherstburg, Ontario [CCS350137028]","2021S05023537028","Tame or seeded pasture","Hectares","Number","223","units","0","v1326633123","1089.7.3","","F","","","0"
"2021","Amherstburg, Ontario [CCS350137028]","2021S05023537028","Natural land for pasture","Hectares","Number","223","units","0","v1326633126","1089.8.3","","F","","","0"
"2021","LaSalle, Ontario [CCS350137034]","2021S05023537034","Tame or seeded pasture","Hectares","Number","223","units","0","v1326633156","1090.7.3","58","E","","","0"
"2021","LaSalle, Ontario [CCS350137034]","2021S05023537034","Natural land for pasture","Hectares","Number","223","units","0","v1326633159","1090.8.3","","F","","","0"
"2021","Windsor, Ontario [CCS350137039]","2021S05023537039","Tame or seeded pasture","Hectares","Number","223","units","0","v1326633189","1091.7.3","0","A","","","0"
"2021","Windsor, Ontario [CCS350137039]","2021S05023537039","Natural land for pasture","Hectares","Number","223","units","0","v1326633192","1091.8.3","","F","","","0"
"2021","Tecumseh, Ontario [CCS350137048]","2021S05023537048","Tame or seeded pasture","Hectares","Number","223","units","0","v1326633222","1092.7.3","","F","","","0"
"2021","Tecumseh, Ontario [CCS350137048]","2021S05023537048","Natural land for pasture","Hectares","Number","223","units","0","v1326633225","1092.8.3","","F","","","0"
"2021","Lakeshore, Ontario [CCS350137064]","2021S05023537064","Tame or seeded pasture","Hectares","Number","223","units","0","v1326633255","1093.7.3","","F","","","0"
"2021","Lakeshore, Ontario [CCS350137064]","2021S05023537064","Natural land for pasture","Hectares","Number","223","units","0","v1326633258","1093.8.3","","F","","","0"
"2021","St. Clair, Ontario [CCS350138003]","2021S05023538003","Tame or seeded pasture","Hectares","Number","223","units","0","v1326633321","1095.7.3","328","D","","","0"
"2021","St. Clair, Ontario [CCS350138003]","2021S05023538003","Natural land for pasture","Hectares","Number","223","units","0","v1326633324","1095.8.3","253","D","","","0"
"2021","Dawn-Euphemia, Ontario [CCS350138007]","2021S05023538007","Tame or seeded pasture","Hectares","Number","223","units","0","v1326633354","1096.7.3","","F","","","0"
"2021","Dawn-Euphemia, Ontario [CCS350138007]","2021S05023538007","Natural land for pasture","Hectares","Number","223","units","0","v1326633357","1096.8.3","","F","","","0"
"2021","Brooke-Alvinston, Ontario [CCS350138015]","2021S05023538015","Tame or seeded pasture","Hectares","Number","223","units","0","v1326633387","1097.7.3","745","B","","","0"
"2021","Brooke-Alvinston, Ontario [CCS350138015]","2021S05023538015","Natural land for pasture","Hectares","Number","223","units","0","v1326633390","1097.8.3","348","B","","","0"
"2021","Enniskillen, Ontario [CCS350138016]","2021S05023538016","Tame or seeded pasture","Hectares","Number","223","units","0","v1326633420","1098.7.3","","F","","","0"
"2021","Enniskillen, Ontario [CCS350138016]","2021S05023538016","Natural land for pasture","Hectares","Number","223","units","0","v1326633423","1098.8.3","","F","","","0"
"2021","Sarnia, Ontario [CCS350138030]","2021S05023538030","Tame or seeded pasture","Hectares","Number","223","units","0","v1326633453","1099.7.3","","F","","","0"
"2021","Sarnia, Ontario [CCS350138030]","2021S05023538030","Natural land for pasture","Hectares","Number","223","units","0","v1326633456","1099.8.3","","F","","","0"
"2021","Plympton-Wyoming, Ontario [CCS350138035]","2021S05023538035","Tame or seeded pasture","Hectares","Number","223","units","0","v1326633486","1100.7.3","","F","","","0"
"2021","Plympton-Wyoming, Ontario [CCS350138035]","2021S05023538035","Natural land for pasture","Hectares","Number","223","units","0","v1326633489","1100.8.3","","F","","","0"
"2021","Lambton Shores, Ontario [CCS350138040]","2021S05023538040","Tame or seeded pasture","Hectares","Number","223","units","0","v1326633519","1101.7.3","138","E","","","0"
"2021","Lambton Shores, Ontario [CCS350138040]","2021S05023538040","Natural land for pasture","Hectares","Number","223","units","0","v1326633522","1101.8.3","66","E","","","0"
"2021","Warwick, Ontario [CCS350138043]","2021S05023538043","Tame or seeded pasture","Hectares","Number","223","units","0","v1326633552","1102.7.3","189","D","","","0"
"2021","Warwick, Ontario [CCS350138043]","2021S05023538043","Natural land for pasture","Hectares","Number","223","units","0","v1326633555","1102.8.3","57","E","","","0"
"2021","Southwest Middlesex, Ontario [CCS350139005]","2021S05023539005","Tame or seeded pasture","Hectares","Number","223","units","0","v1326633618","1104.7.3","1036","D","","","0"
"2021","Southwest Middlesex, Ontario [CCS350139005]","2021S05023539005","Natural land for pasture","Hectares","Number","223","units","0","v1326633621","1104.8.3","1227","C","","","0"
"2021","Strathroy-Caradoc, Ontario [CCS350139015]","2021S05023539015","Tame or seeded pasture","Hectares","Number","223","units","0","v1326633651","1105.7.3","462","E","","","0"
"2021","Strathroy-Caradoc, Ontario [CCS350139015]","2021S05023539015","Natural land for pasture","Hectares","Number","223","units","0","v1326633654","1105.8.3","","F","","","0"
"2021","Thames Centre, Ontario [CCS350139027]","2021S05023539027","Tame or seeded pasture","Hectares","Number","223","units","0","v1326633684","1106.7.3","","F","","","0"
"2021","Thames Centre, Ontario [CCS350139027]","2021S05023539027","Natural land for pasture","Hectares","Number","223","units","0","v1326633687","1106.8.3","","F","","","0"
"2021","Middlesex Centre, Ontario [CCS350139033]","2021S05023539033","Tame or seeded pasture","Hectares","Number","223","units","0","v1326633717","1107.7.3","918","E","","","0"
"2021","Middlesex Centre, Ontario [CCS350139033]","2021S05023539033","Natural land for pasture","Hectares","Number","223","units","0","v1326633720","1107.8.3","","F","","","0"
"2021","London, Ontario [CCS350139036]","2021S05023539036","Tame or seeded pasture","Hectares","Number","223","units","0","v1326633750","1108.7.3","587","E","","","0"
"2021","London, Ontario [CCS350139036]","2021S05023539036","Natural land for pasture","Hectares","Number","223","units","0","v1326633753","1108.8.3","","F","","","0"
"2021","North Middlesex, Ontario [CCS350139041]","2021S05023539041","Tame or seeded pasture","Hectares","Number","223","units","0","v1326633783","1109.7.3","","F","","","0"
"2021","North Middlesex, Ontario [CCS350139041]","2021S05023539041","Natural land for pasture","Hectares","Number","223","units","0","v1326633786","1109.8.3","730","E","","","0"
"2021","Adelaide-Metcalfe, Ontario [CCS350139047]","2021S05023539047","Tame or seeded pasture","Hectares","Number","223","units","0","v1326633816","1110.7.3","","F","","","0"
"2021","Adelaide-Metcalfe, Ontario [CCS350139047]","2021S05023539047","Natural land for pasture","Hectares","Number","223","units","0","v1326633819","1110.8.3","","F","","","0"
"2021","Lucan Biddulph, Ontario [CCS350139060]","2021S05023539060","Tame or seeded pasture","Hectares","Number","223","units","0","v1326633849","1111.7.3","275","E","","","0"
"2021","Lucan Biddulph, Ontario [CCS350139060]","2021S05023539060","Natural land for pasture","Hectares","Number","223","units","0","v1326633852","1111.8.3","","F","","","0"
"2021","Brampton, Ontario [CCS350221010]","2021S05023521010","Tame or seeded pasture","Hectares","Number","223","units","0","v1326633948","1114.7.3","238","E","","","0"
"2021","Brampton, Ontario [CCS350221010]","2021S05023521010","Natural land for pasture","Hectares","Number","223","units","0","v1326633951","1114.8.3","283","D","","","0"
"2021","Caledon, Ontario [CCS350221024]","2021S05023521024","Tame or seeded pasture","Hectares","Number","223","units","0","v1326633981","1115.7.3","864","D","","","0"
"2021","Caledon, Ontario [CCS350221024]","2021S05023521024","Natural land for pasture","Hectares","Number","223","units","0","v1326633984","1115.8.3","","F","","","0"
"2021","East Garafraxa, Ontario [CCS350222001]","2021S05023522001","Tame or seeded pasture","Hectares","Number","223","units","0","v1326634047","1117.7.3","543","D","","","0"
"2021","East Garafraxa, Ontario [CCS350222001]","2021S05023522001","Natural land for pasture","Hectares","Number","223","units","0","v1326634050","1117.8.3","433","D","","","0"
"2021","Amaranth, Ontario [CCS350222008]","2021S05023522008","Tame or seeded pasture","Hectares","Number","223","units","0","v1326634080","1118.7.3","371","E","","","0"
"2021","Amaranth, Ontario [CCS350222008]","2021S05023522008","Natural land for pasture","Hectares","Number","223","units","0","v1326634083","1118.8.3","467","D","","","0"
"2021","Grand Valley, Ontario [CCS350222010]","2021S05023522010","Tame or seeded pasture","Hectares","Number","223","units","0","v1326634113","1119.7.3","498","D","","","0"
"2021","Grand Valley, Ontario [CCS350222010]","2021S05023522010","Natural land for pasture","Hectares","Number","223","units","0","v1326634116","1119.8.3","209","E","","","0"
"2021","Mono, Ontario [CCS350222012]","2021S05023522012","Tame or seeded pasture","Hectares","Number","223","units","0","v1326634146","1120.7.3","658","D","","","0"
"2021","Mono, Ontario [CCS350222012]","2021S05023522012","Natural land for pasture","Hectares","Number","223","units","0","v1326634149","1120.8.3","306","E","","","0"
"2021","Mulmur, Ontario [CCS350222016]","2021S05023522016","Tame or seeded pasture","Hectares","Number","223","units","0","v1326634179","1121.7.3","874","B","","","0"
"2021","Mulmur, Ontario [CCS350222016]","2021S05023522016","Natural land for pasture","Hectares","Number","223","units","0","v1326634182","1121.8.3","752","C","","","0"
"2021","Melancthon, Ontario [CCS350222019]","2021S05023522019","Tame or seeded pasture","Hectares","Number","223","units","0","v1326634212","1122.7.3","890","D","","","0"
"2021","Melancthon, Ontario [CCS350222019]","2021S05023522019","Natural land for pasture","Hectares","Number","223","units","0","v1326634215","1122.8.3","","F","","","0"
"2021","Puslinch, Ontario [CCS350223001]","2021S05023523001","Tame or seeded pasture","Hectares","Number","223","units","0","v1326634278","1124.7.3","267","E","","","0"
"2021","Puslinch, Ontario [CCS350223001]","2021S05023523001","Natural land for pasture","Hectares","Number","223","units","0","v1326634281","1124.8.3","291","E","","","0"
"2021","Guelph/Eramosa, Ontario [CCS350223009]","2021S05023523009","Tame or seeded pasture","Hectares","Number","223","units","0","v1326634311","1125.7.3","790","D","","","0"
"2021","Guelph/Eramosa, Ontario [CCS350223009]","2021S05023523009","Natural land for pasture","Hectares","Number","223","units","0","v1326634314","1125.8.3","796","E","","","0"
"2021","Erin, Ontario [CCS350223017]","2021S05023523017","Tame or seeded pasture","Hectares","Number","223","units","0","v1326634344","1126.7.3","445","E","","","0"
"2021","Erin, Ontario [CCS350223017]","2021S05023523017","Natural land for pasture","Hectares","Number","223","units","0","v1326634347","1126.8.3","","F","","","0"
"2021","Centre Wellington, Ontario [CCS350223025]","2021S05023523025","Tame or seeded pasture","Hectares","Number","223","units","0","v1326634377","1127.7.3","810","E","","","0"
"2021","Centre Wellington, Ontario [CCS350223025]","2021S05023523025","Natural land for pasture","Hectares","Number","223","units","0","v1326634380","1127.8.3","","F","","","0"
"2021","Mapleton, Ontario [CCS350223033]","2021S05023523033","Tame or seeded pasture","Hectares","Number","223","units","0","v1326634410","1128.7.3","1424","D","","","0"
"2021","Mapleton, Ontario [CCS350223033]","2021S05023523033","Natural land for pasture","Hectares","Number","223","units","0","v1326634413","1128.8.3","1034","D","","","0"
"2021","Minto, Ontario [CCS350223043]","2021S05023523043","Tame or seeded pasture","Hectares","Number","223","units","0","v1326634443","1129.7.3","791","D","","","0"
"2021","Minto, Ontario [CCS350223043]","2021S05023523043","Natural land for pasture","Hectares","Number","223","units","0","v1326634446","1129.8.3","653","D","","","0"
"2021","Wellington North, Ontario [CCS350223050]","2021S05023523050","Tame or seeded pasture","Hectares","Number","223","units","0","v1326634476","1130.7.3","1267","D","","","0"
"2021","Wellington North, Ontario [CCS350223050]","2021S05023523050","Natural land for pasture","Hectares","Number","223","units","0","v1326634479","1130.8.3","1010","D","","","0"
"2021","Oakville, Ontario [CCS350224001]","2021S05023524001","Tame or seeded pasture","Hectares","Number","223","units","0","v1326634542","1132.7.3","191","E","","","0"
"2021","Oakville, Ontario [CCS350224001]","2021S05023524001","Natural land for pasture","Hectares","Number","223","units","0","v1326634545","1132.8.3","130","E","","","0"
"2021","Burlington, Ontario [CCS350224002]","2021S05023524002","Tame or seeded pasture","Hectares","Number","223","units","0","v1326634575","1133.7.3","","F","","","0"
"2021","Burlington, Ontario [CCS350224002]","2021S05023524002","Natural land for pasture","Hectares","Number","223","units","0","v1326634578","1133.8.3","137","E","","","0"
"2021","Milton, Ontario [CCS350224009]","2021S05023524009","Tame or seeded pasture","Hectares","Number","223","units","0","v1326634608","1134.7.3","304","E","","","0"
"2021","Milton, Ontario [CCS350224009]","2021S05023524009","Natural land for pasture","Hectares","Number","223","units","0","v1326634611","1134.8.3","460","C","","","0"
"2021","Halton Hills, Ontario [CCS350224015]","2021S05023524015","Tame or seeded pasture","Hectares","Number","223","units","0","v1326634641","1135.7.3","344","D","","","0"
"2021","Halton Hills, Ontario [CCS350224015]","2021S05023524015","Natural land for pasture","Hectares","Number","223","units","0","v1326634644","1135.8.3","386","C","","","0"
"2021","North Dumfries, Ontario [CCS350230004]","2021S05023530004","Tame or seeded pasture","Hectares","Number","223","units","0","v1326634707","1137.7.3","295","E","","","0"
"2021","North Dumfries, Ontario [CCS350230004]","2021S05023530004","Natural land for pasture","Hectares","Number","223","units","0","v1326634710","1137.8.3","240","E","","","0"
"2021","Cambridge, Ontario [CCS350230010]","2021S05023530010","Tame or seeded pasture","Hectares","Number","223","units","0","v1326634740","1138.7.3","","F","","","0"
"2021","Cambridge, Ontario [CCS350230010]","2021S05023530010","Natural land for pasture","Hectares","Number","223","units","0","v1326634743","1138.8.3","127","E","","","0"
"2021","Kitchener, Ontario [CCS350230013]","2021S05023530013","Tame or seeded pasture","Hectares","Number","223","units","0","v1326634773","1139.7.3","","F","","","0"
"2021","Kitchener, Ontario [CCS350230013]","2021S05023530013","Natural land for pasture","Hectares","Number","223","units","0","v1326634776","1139.8.3","","F","","","0"
"2021","Wilmot, Ontario [CCS350230020]","2021S05023530020","Tame or seeded pasture","Hectares","Number","223","units","0","v1326634806","1140.7.3","516","D","","","0"
"2021","Wilmot, Ontario [CCS350230020]","2021S05023530020","Natural land for pasture","Hectares","Number","223","units","0","v1326634809","1140.8.3","238","E","","","0"
"2021","Wellesley, Ontario [CCS350230027]","2021S05023530027","Tame or seeded pasture","Hectares","Number","223","units","0","v1326634839","1141.7.3","1126","C","","","0"
"2021","Wellesley, Ontario [CCS350230027]","2021S05023530027","Natural land for pasture","Hectares","Number","223","units","0","v1326634842","1141.8.3","597","D","","","0"
"2021","Woolwich, Ontario [CCS350230035]","2021S05023530035","Tame or seeded pasture","Hectares","Number","223","units","0","v1326634872","1142.7.3","624","E","","","0"
"2021","Woolwich, Ontario [CCS350230035]","2021S05023530035","Natural land for pasture","Hectares","Number","223","units","0","v1326634875","1142.8.3","907","C","","","0"
"2021","Perth South, Ontario [CCS350231013]","2021S05023531013","Tame or seeded pasture","Hectares","Number","223","units","0","v1326634938","1144.7.3","790","D","","","0"
"2021","Perth South, Ontario [CCS350231013]","2021S05023531013","Natural land for pasture","Hectares","Number","223","units","0","v1326634941","1144.8.3","","F","","","0"
"2021","West Perth, Ontario [CCS350231025]","2021S05023531025","Tame or seeded pasture","Hectares","Number","223","units","0","v1326634971","1145.7.3","","F","","","0"
"2021","West Perth, Ontario [CCS350231025]","2021S05023531025","Natural land for pasture","Hectares","Number","223","units","0","v1326634974","1145.8.3","","F","","","0"
"2021","Perth East, Ontario [CCS350231030]","2021S05023531030","Tame or seeded pasture","Hectares","Number","223","units","0","v1326635004","1146.7.3","1003","D","","","0"
"2021","Perth East, Ontario [CCS350231030]","2021S05023531030","Natural land for pasture","Hectares","Number","223","units","0","v1326635007","1146.8.3","507","E","","","0"
"2021","North Perth, Ontario [CCS350231040]","2021S05023531040","Tame or seeded pasture","Hectares","Number","223","units","0","v1326635037","1147.7.3","1386","B","","","0"
"2021","North Perth, Ontario [CCS350231040]","2021S05023531040","Natural land for pasture","Hectares","Number","223","units","0","v1326635040","1147.8.3","747","C","","","0"
"2021","South Huron, Ontario [CCS350240005]","2021S05023540005","Tame or seeded pasture","Hectares","Number","223","units","0","v1326635103","1149.7.3","","F","","","0"
"2021","South Huron, Ontario [CCS350240005]","2021S05023540005","Natural land for pasture","Hectares","Number","223","units","0","v1326635106","1149.8.3","","F","","","0"
"2021","Bluewater, Ontario [CCS350240010]","2021S05023540010","Tame or seeded pasture","Hectares","Number","223","units","0","v1326635136","1150.7.3","","F","","","0"
"2021","Bluewater, Ontario [CCS350240010]","2021S05023540010","Natural land for pasture","Hectares","Number","223","units","0","v1326635139","1150.8.3","","F","","","0"
"2021","Central Huron, Ontario [CCS350240025]","2021S05023540025","Tame or seeded pasture","Hectares","Number","223","units","0","v1326635169","1151.7.3","1098","E","","","0"
"2021","Central Huron, Ontario [CCS350240025]","2021S05023540025","Natural land for pasture","Hectares","Number","223","units","0","v1326635172","1151.8.3","","F","","","0"
"2021","Huron East, Ontario [CCS350240040]","2021S05023540040","Tame or seeded pasture","Hectares","Number","223","units","0","v1326635202","1152.7.3","1179","E","","","0"
"2021","Huron East, Ontario [CCS350240040]","2021S05023540040","Natural land for pasture","Hectares","Number","223","units","0","v1326635205","1152.8.3","","F","","","0"
"2021","Howick, Ontario [CCS350240046]","2021S05023540046","Tame or seeded pasture","Hectares","Number","223","units","0","v1326635235","1153.7.3","856","E","","","0"
"2021","Howick, Ontario [CCS350240046]","2021S05023540046","Natural land for pasture","Hectares","Number","223","units","0","v1326635238","1153.8.3","","F","","","0"
"2021","Morris-Turnberry, Ontario [CCS350240050]","2021S05023540050","Tame or seeded pasture","Hectares","Number","223","units","0","v1326635268","1154.7.3","958","D","","","0"
"2021","Morris-Turnberry, Ontario [CCS350240050]","2021S05023540050","Natural land for pasture","Hectares","Number","223","units","0","v1326635271","1154.8.3","592","D","","","0"
"2021","North Huron, Ontario [CCS350240055]","2021S05023540055","Tame or seeded pasture","Hectares","Number","223","units","0","v1326635301","1155.7.3","611","E","","","0"
"2021","North Huron, Ontario [CCS350240055]","2021S05023540055","Natural land for pasture","Hectares","Number","223","units","0","v1326635304","1155.8.3","","F","","","0"
"2021","Ashfield-Colborne-Wawanosh, Ontario [CCS350240063]","2021S05023540063","Tame or seeded pasture","Hectares","Number","223","units","0","v1326635334","1156.7.3","970","E","","","0"
"2021","Ashfield-Colborne-Wawanosh, Ontario [CCS350240063]","2021S05023540063","Natural land for pasture","Hectares","Number","223","units","0","v1326635337","1156.8.3","","F","","","0"
"2021","South Bruce, Ontario [CCS350241004]","2021S05023541004","Tame or seeded pasture","Hectares","Number","223","units","0","v1326635400","1158.7.3","1008","D","","","0"
"2021","South Bruce, Ontario [CCS350241004]","2021S05023541004","Natural land for pasture","Hectares","Number","223","units","0","v1326635403","1158.8.3","","F","","","0"
"2021","Huron-Kinloss, Ontario [CCS350241015]","2021S05023541015","Tame or seeded pasture","Hectares","Number","223","units","0","v1326635433","1159.7.3","1450","D","","","0"
"2021","Huron-Kinloss, Ontario [CCS350241015]","2021S05023541015","Natural land for pasture","Hectares","Number","223","units","0","v1326635436","1159.8.3","","F","","","0"
"2021","Kincardine, Ontario [CCS350241024]","2021S05023541024","Tame or seeded pasture","Hectares","Number","223","units","0","v1326635466","1160.7.3","","F","","","0"
"2021","Kincardine, Ontario [CCS350241024]","2021S05023541024","Natural land for pasture","Hectares","Number","223","units","0","v1326635469","1160.8.3","","F","","","0"
"2021","Brockton, Ontario [CCS350241032]","2021S05023541032","Tame or seeded pasture","Hectares","Number","223","units","0","v1326635499","1161.7.3","2304","B","","","0"
"2021","Brockton, Ontario [CCS350241032]","2021S05023541032","Natural land for pasture","Hectares","Number","223","units","0","v1326635502","1161.8.3","1085","C","","","0"
"2021","Arran-Elderslie, Ontario [CCS350241043]","2021S05023541043","Tame or seeded pasture","Hectares","Number","223","units","0","v1326635532","1162.7.3","5350","A","","","0"
"2021","Arran-Elderslie, Ontario [CCS350241043]","2021S05023541043","Natural land for pasture","Hectares","Number","223","units","0","v1326635535","1162.8.3","1898","B","","","0"
"2021","Saugeen Shores, Ontario [CCS350241045]","2021S05023541045","Tame or seeded pasture","Hectares","Number","223","units","0","v1326635565","1163.7.3","656","C","","","0"
"2021","Saugeen Shores, Ontario [CCS350241045]","2021S05023541045","Natural land for pasture","Hectares","Number","223","units","0","v1326635568","1163.8.3","161","E","","","0"
"2021","South Bruce Peninsula, Ontario [CCS350241055]","2021S05023541055","Tame or seeded pasture","Hectares","Number","223","units","0","v1326635598","1164.7.3","1949","A","","","0"
"2021","South Bruce Peninsula, Ontario [CCS350241055]","2021S05023541055","Natural land for pasture","Hectares","Number","223","units","0","v1326635601","1164.8.3","1888","A","","","0"
"2021","Northern Bruce Peninsula, Ontario [CCS350241069]","2021S05023541069","Tame or seeded pasture","Hectares","Number","223","units","0","v1326635631","1165.7.3","1944","B","","","0"
"2021","Northern Bruce Peninsula, Ontario [CCS350241069]","2021S05023541069","Natural land for pasture","Hectares","Number","223","units","0","v1326635634","1165.8.3","2689","C","","","0"
"2021","West Grey, Ontario [CCS350242004]","2021S05023542004","Tame or seeded pasture","Hectares","Number","223","units","0","v1326635697","1167.7.3","2292","B","","","0"
"2021","West Grey, Ontario [CCS350242004]","2021S05023542004","Natural land for pasture","Hectares","Number","223","units","0","v1326635700","1167.8.3","1635","C","","","0"
"2021","Southgate, Ontario [CCS350242005]","2021S05023542005","Tame or seeded pasture","Hectares","Number","223","units","0","v1326635730","1168.7.3","2176","B","","","0"
"2021","Southgate, Ontario [CCS350242005]","2021S05023542005","Natural land for pasture","Hectares","Number","223","units","0","v1326635733","1168.8.3","1947","B","","","0"
"2021","Grey Highlands, Ontario [CCS350242015]","2021S05023542015","Tame or seeded pasture","Hectares","Number","223","units","0","v1326635763","1169.7.3","2757","B","","","0"
"2021","Grey Highlands, Ontario [CCS350242015]","2021S05023542015","Natural land for pasture","Hectares","Number","223","units","0","v1326635766","1169.8.3","1899","C","","","0"
"2021","Chatsworth, Ontario [CCS350242037]","2021S05023542037","Tame or seeded pasture","Hectares","Number","223","units","0","v1326635796","1170.7.3","1600","B","","","0"
"2021","Chatsworth, Ontario [CCS350242037]","2021S05023542037","Natural land for pasture","Hectares","Number","223","units","0","v1326635799","1170.8.3","1164","C","","","0"
"2021","The Blue Mountains, Ontario [CCS350242045]","2021S05023542045","Tame or seeded pasture","Hectares","Number","223","units","0","v1326635829","1171.7.3","713","B","","","0"
"2021","The Blue Mountains, Ontario [CCS350242045]","2021S05023542045","Natural land for pasture","Hectares","Number","223","units","0","v1326635832","1171.8.3","331","D","","","0"
"2021","Meaford, Ontario [CCS350242047]","2021S05023542047","Tame or seeded pasture","Hectares","Number","223","units","0","v1326635862","1172.7.3","2209","B","","","0"
"2021","Meaford, Ontario [CCS350242047]","2021S05023542047","Natural land for pasture","Hectares","Number","223","units","0","v1326635865","1172.8.3","2594","B","","","0"
"2021","Georgian Bluffs, Ontario [CCS350242053]","2021S05023542053","Tame or seeded pasture","Hectares","Number","223","units","0","v1326635895","1173.7.3","2106","B","","","0"
"2021","Georgian Bluffs, Ontario [CCS350242053]","2021S05023542053","Natural land for pasture","Hectares","Number","223","units","0","v1326635898","1173.8.3","2778","A","","","0"
"2021","Adjala-Tosorontio, Ontario [CCS350243003]","2021S05023543003","Tame or seeded pasture","Hectares","Number","223","units","0","v1326635961","1175.7.3","","F","","","0"
"2021","Adjala-Tosorontio, Ontario [CCS350243003]","2021S05023543003","Natural land for pasture","Hectares","Number","223","units","0","v1326635964","1175.8.3","","F","","","0"
"2021","Clearview, Ontario [CCS350243005]","2021S05023543005","Tame or seeded pasture","Hectares","Number","223","units","0","v1326635994","1176.7.3","893","C","","","0"
"2021","Clearview, Ontario [CCS350243005]","2021S05023543005","Natural land for pasture","Hectares","Number","223","units","0","v1326635997","1176.8.3","1126","E","","","0"
"2021","New Tecumseth, Ontario [CCS350243007]","2021S05023543007","Tame or seeded pasture","Hectares","Number","223","units","0","v1326636027","1177.7.3","","F","","","0"
"2021","New Tecumseth, Ontario [CCS350243007]","2021S05023543007","Natural land for pasture","Hectares","Number","223","units","0","v1326636030","1177.8.3","","F","","","0"
"2021","Springwater, Ontario [CCS350243009]","2021S05023543009","Tame or seeded pasture","Hectares","Number","223","units","0","v1326636060","1178.7.3","670","D","","","0"
"2021","Springwater, Ontario [CCS350243009]","2021S05023543009","Natural land for pasture","Hectares","Number","223","units","0","v1326636063","1178.8.3","981","E","","","0"
"2021","Bradford West Gwillimbury, Ontario [CCS350243014]","2021S05023543014","Tame or seeded pasture","Hectares","Number","223","units","0","v1326636093","1179.7.3","","F","","","0"
"2021","Bradford West Gwillimbury, Ontario [CCS350243014]","2021S05023543014","Natural land for pasture","Hectares","Number","223","units","0","v1326636096","1179.8.3","","F","","","0"
"2021","Severn, Ontario [CCS350243015]","2021S05023543015","Tame or seeded pasture","Hectares","Number","223","units","0","v1326636126","1180.7.3","872","E","","","0"
"2021","Severn, Ontario [CCS350243015]","2021S05023543015","Natural land for pasture","Hectares","Number","223","units","0","v1326636129","1180.8.3","3135","D","","","0"
"2021","Innisfil, Ontario [CCS350243017]","2021S05023543017","Tame or seeded pasture","Hectares","Number","223","units","0","v1326636159","1181.7.3","333","E","","","0"
"2021","Innisfil, Ontario [CCS350243017]","2021S05023543017","Natural land for pasture","Hectares","Number","223","units","0","v1326636162","1181.8.3","","F","","","0"
"2021","Ramara, Ontario [CCS350243019]","2021S05023543019","Tame or seeded pasture","Hectares","Number","223","units","0","v1326636192","1182.7.3","1226","B","","","0"
"2021","Ramara, Ontario [CCS350243019]","2021S05023543019","Natural land for pasture","Hectares","Number","223","units","0","v1326636195","1182.8.3","3166","B","","","0"
"2021","Essa, Ontario [CCS350243021]","2021S05023543021","Tame or seeded pasture","Hectares","Number","223","units","0","v1326636225","1183.7.3","194","E","","","0"
"2021","Essa, Ontario [CCS350243021]","2021S05023543021","Natural land for pasture","Hectares","Number","223","units","0","v1326636228","1183.8.3","","F","","","0"
"2021","Oro-Medonte, Ontario [CCS350243023]","2021S05023543023","Tame or seeded pasture","Hectares","Number","223","units","0","v1326636258","1184.7.3","1372","C","","","0"
"2021","Oro-Medonte, Ontario [CCS350243023]","2021S05023543023","Natural land for pasture","Hectares","Number","223","units","0","v1326636261","1184.8.3","1312","E","","","0"
"2021","Tiny, Ontario [CCS350243068]","2021S05023543068","Tame or seeded pasture","Hectares","Number","223","units","0","v1326636291","1185.7.3","186","E","","","0"
"2021","Tiny, Ontario [CCS350243068]","2021S05023543068","Natural land for pasture","Hectares","Number","223","units","0","v1326636294","1185.8.3","","F","","","0"
"2021","Tay, Ontario [CCS350243071]","2021S05023543071","Tame or seeded pasture","Hectares","Number","223","units","0","v1326636324","1186.7.3","","F","","","0"
"2021","Tay, Ontario [CCS350243071]","2021S05023543071","Natural land for pasture","Hectares","Number","223","units","0","v1326636327","1186.8.3","","F","","","0"
"2021","Tyendinaga, Ontario [CCS350312001]","2021S05023512001","Tame or seeded pasture","Hectares","Number","223","units","0","v1326636423","1189.7.3","370","D","","","0"
"2021","Tyendinaga, Ontario [CCS350312001]","2021S05023512001","Natural land for pasture","Hectares","Number","223","units","0","v1326636426","1189.8.3","2100","B","","","0"
"2021","Belleville, Ontario [CCS350312005]","2021S05023512005","Tame or seeded pasture","Hectares","Number","223","units","0","v1326636456","1190.7.3","241","E","","","0"
"2021","Belleville, Ontario [CCS350312005]","2021S05023512005","Natural land for pasture","Hectares","Number","223","units","0","v1326636459","1190.8.3","537","E","","","0"
"2021","Quinte West, Ontario [CCS350312015]","2021S05023512015","Tame or seeded pasture","Hectares","Number","223","units","0","v1326636489","1191.7.3","821","D","","","0"
"2021","Quinte West, Ontario [CCS350312015]","2021S05023512015","Natural land for pasture","Hectares","Number","223","units","0","v1326636492","1191.8.3","","F","","","0"
"2021","Stirling-Rawdon, Ontario [CCS350312020]","2021S05023512020","Tame or seeded pasture","Hectares","Number","223","units","0","v1326636522","1192.7.3","528","D","","","0"
"2021","Stirling-Rawdon, Ontario [CCS350312020]","2021S05023512020","Natural land for pasture","Hectares","Number","223","units","0","v1326636525","1192.8.3","1436","D","","","0"
"2021","Centre Hastings, Ontario [CCS350312026]","2021S05023512026","Tame or seeded pasture","Hectares","Number","223","units","0","v1326636555","1193.7.3","350","D","","","0"
"2021","Centre Hastings, Ontario [CCS350312026]","2021S05023512026","Natural land for pasture","Hectares","Number","223","units","0","v1326636558","1193.8.3","1030","D","","","0"
"2021","Tweed, Ontario [CCS350312030]","2021S05023512030","Tame or seeded pasture","Hectares","Number","223","units","0","v1326636588","1194.7.3","855","D","","","0"
"2021","Tweed, Ontario [CCS350312030]","2021S05023512030","Natural land for pasture","Hectares","Number","223","units","0","v1326636591","1194.8.3","4596","C","","","0"
"2021","Madoc, Ontario [CCS350312036]","2021S05023512036","Tame or seeded pasture","Hectares","Number","223","units","0","v1326636621","1195.7.3","647","B","","","0"
"2021","Madoc, Ontario [CCS350312036]","2021S05023512036","Natural land for pasture","Hectares","Number","223","units","0","v1326636624","1195.8.3","933","C","","","0"
"2021","Marmora and Lake, Ontario [CCS350312046]","2021S05023512046","Tame or seeded pasture","Hectares","Number","223","units","0","v1326636654","1196.7.3","","F","","","0"
"2021","Marmora and Lake, Ontario [CCS350312046]","2021S05023512046","Natural land for pasture","Hectares","Number","223","units","0","v1326636657","1196.8.3","650","E","","","0"
"2021","Bancroft, Ontario [CCS350312061]","2021S05023512061","Tame or seeded pasture","Hectares","Number","223","units","0","v1326636687","1197.7.3","115","D","","","0"
"2021","Bancroft, Ontario [CCS350312061]","2021S05023512061","Natural land for pasture","Hectares","Number","223","units","0","v1326636690","1197.8.3","684","C","","","0"
"2021","Carlow/Mayo, Ontario [CCS350312065]","2021S05023512065","Tame or seeded pasture","Hectares","Number","223","units","0","v1326636720","1198.7.3","153","B","","","0"
"2021","Carlow/Mayo, Ontario [CCS350312065]","2021S05023512065","Natural land for pasture","Hectares","Number","223","units","0","v1326636723","1198.8.3","536","B","","","0"
"2021","Hastings Highlands, Ontario [CCS350312076]","2021S05023512076","Tame or seeded pasture","Hectares","Number","223","units","0","v1326636753","1199.7.3","87","E","","","0"
"2021","Hastings Highlands, Ontario [CCS350312076]","2021S05023512076","Natural land for pasture","Hectares","Number","223","units","0","v1326636756","1199.8.3","151","E","","","0"
"2021","Prince Edward County, Ontario [CCS350313020]","2021S05023513020","Tame or seeded pasture","Hectares","Number","223","units","0","v1326636819","1201.7.3","1652","C","","","0"
"2021","Prince Edward County, Ontario [CCS350313020]","2021S05023513020","Natural land for pasture","Hectares","Number","223","units","0","v1326636822","1201.8.3","2856","D","","","0"
"2021","Brighton, Ontario [CCS350314004]","2021S05023514004","Tame or seeded pasture","Hectares","Number","223","units","0","v1326636885","1203.7.3","452","D","","","0"
"2021","Brighton, Ontario [CCS350314004]","2021S05023514004","Natural land for pasture","Hectares","Number","223","units","0","v1326636888","1203.8.3","","F","","","0"
"2021","Cramahe, Ontario [CCS350314014]","2021S05023514014","Tame or seeded pasture","Hectares","Number","223","units","0","v1326636918","1204.7.3","","F","","","0"
"2021","Cramahe, Ontario [CCS350314014]","2021S05023514014","Natural land for pasture","Hectares","Number","223","units","0","v1326636921","1204.8.3","515","E","","","0"
"2021","Hamilton, Ontario [CCS350314019]","2021S05023514019","Tame or seeded pasture","Hectares","Number","223","units","0","v1326636951","1205.7.3","317","E","","","0"
"2021","Hamilton, Ontario [CCS350314019]","2021S05023514019","Natural land for pasture","Hectares","Number","223","units","0","v1326636954","1205.8.3","602","E","","","0"
"2021","Port Hope, Ontario [CCS350314020]","2021S05023514020","Tame or seeded pasture","Hectares","Number","223","units","0","v1326636984","1206.7.3","418","E","","","0"
"2021","Port Hope, Ontario [CCS350314020]","2021S05023514020","Natural land for pasture","Hectares","Number","223","units","0","v1326636987","1206.8.3","","F","","","0"
"2021","Alnwick/Haldimand, Ontario [CCS350314024]","2021S05023514024","Tame or seeded pasture","Hectares","Number","223","units","0","v1326637017","1207.7.3","581","E","","","0"
"2021","Alnwick/Haldimand, Ontario [CCS350314024]","2021S05023514024","Natural land for pasture","Hectares","Number","223","units","0","v1326637020","1207.8.3","1309","E","","","0"
"2021","Trent Hills, Ontario [CCS350314045]","2021S05023514045","Tame or seeded pasture","Hectares","Number","223","units","0","v1326637050","1208.7.3","1380","C","","","0"
"2021","Trent Hills, Ontario [CCS350314045]","2021S05023514045","Natural land for pasture","Hectares","Number","223","units","0","v1326637053","1208.8.3","2070","E","","","0"
"2021","Asphodel-Norwood, Ontario [CCS350315003]","2021S05023515003","Tame or seeded pasture","Hectares","Number","223","units","0","v1326637116","1210.7.3","726","D","","","0"
"2021","Asphodel-Norwood, Ontario [CCS350315003]","2021S05023515003","Natural land for pasture","Hectares","Number","223","units","0","v1326637119","1210.8.3","","F","","","0"
"2021","Otonabee-South Monaghan, Ontario [CCS350315005]","2021S05023515005","Tame or seeded pasture","Hectares","Number","223","units","0","v1326637149","1211.7.3","1455","C","","","0"
"2021","Otonabee-South Monaghan, Ontario [CCS350315005]","2021S05023515005","Natural land for pasture","Hectares","Number","223","units","0","v1326637152","1211.8.3","2042","E","","","0"
"2021","Cavan Monaghan, Ontario [CCS350315013]","2021S05023515013","Tame or seeded pasture","Hectares","Number","223","units","0","v1326637182","1212.7.3","728","E","","","0"
"2021","Cavan Monaghan, Ontario [CCS350315013]","2021S05023515013","Natural land for pasture","Hectares","Number","223","units","0","v1326637185","1212.8.3","","F","","","0"
"2021","Selwyn, Ontario [CCS350315015]","2021S05023515015","Tame or seeded pasture","Hectares","Number","223","units","0","v1326637215","1213.7.3","841","E","","","0"
"2021","Selwyn, Ontario [CCS350315015]","2021S05023515015","Natural land for pasture","Hectares","Number","223","units","0","v1326637218","1213.8.3","2382","E","","","0"
"2021","Douro-Dummer, Ontario [CCS350315023]","2021S05023515023","Tame or seeded pasture","Hectares","Number","223","units","0","v1326637248","1214.7.3","1130","C","","","0"
"2021","Douro-Dummer, Ontario [CCS350315023]","2021S05023515023","Natural land for pasture","Hectares","Number","223","units","0","v1326637251","1214.8.3","2033","D","","","0"
"2021","Havelock-Belmont-Methuen, Ontario [CCS350315030]","2021S05023515030","Tame or seeded pasture","Hectares","Number","223","units","0","v1326637281","1215.7.3","","F","","","0"
"2021","Havelock-Belmont-Methuen, Ontario [CCS350315030]","2021S05023515030","Natural land for pasture","Hectares","Number","223","units","0","v1326637284","1215.8.3","622","E","","","0"
"2021","Trent Lakes, Ontario [CCS350315044]","2021S05023515044","Tame or seeded pasture","Hectares","Number","223","units","0","v1326637314","1216.7.3","285","E","","","0"
"2021","Trent Lakes, Ontario [CCS350315044]","2021S05023515044","Natural land for pasture","Hectares","Number","223","units","0","v1326637317","1216.8.3","838","E","","","0"
"2021","Kawartha Lakes, Ontario [CCS350316010]","2021S05023516010","Tame or seeded pasture","Hectares","Number","223","units","0","v1326637380","1218.7.3","6744","B","","","0"
"2021","Kawartha Lakes, Ontario [CCS350316010]","2021S05023516010","Natural land for pasture","Hectares","Number","223","units","0","v1326637383","1218.8.3","19835","B","","","0"
"2021","Pickering, Ontario [CCS350318001]","2021S05023518001","Tame or seeded pasture","Hectares","Number","223","units","0","v1326637446","1220.7.3","","F","","","0"
"2021","Pickering, Ontario [CCS350318001]","2021S05023518001","Natural land for pasture","Hectares","Number","223","units","0","v1326637449","1220.8.3","","F","","","0"
"2021","Whitby, Ontario [CCS350318009]","2021S05023518009","Tame or seeded pasture","Hectares","Number","223","units","0","v1326637479","1221.7.3","","F","","","0"
"2021","Whitby, Ontario [CCS350318009]","2021S05023518009","Natural land for pasture","Hectares","Number","223","units","0","v1326637482","1221.8.3","","F","","","0"
"2021","Oshawa, Ontario [CCS350318013]","2021S05023518013","Tame or seeded pasture","Hectares","Number","223","units","0","v1326637512","1222.7.3","","F","","","0"
"2021","Oshawa, Ontario [CCS350318013]","2021S05023518013","Natural land for pasture","Hectares","Number","223","units","0","v1326637515","1222.8.3","","F","","","0"
"2021","Clarington, Ontario [CCS350318017]","2021S05023518017","Tame or seeded pasture","Hectares","Number","223","units","0","v1326637545","1223.7.3","593","E","","","0"
"2021","Clarington, Ontario [CCS350318017]","2021S05023518017","Natural land for pasture","Hectares","Number","223","units","0","v1326637548","1223.8.3","1497","E","","","0"
"2021","Scugog, Ontario [CCS350318020]","2021S05023518020","Tame or seeded pasture","Hectares","Number","223","units","0","v1326637578","1224.7.3","1275","D","","","0"
"2021","Scugog, Ontario [CCS350318020]","2021S05023518020","Natural land for pasture","Hectares","Number","223","units","0","v1326637581","1224.8.3","","F","","","0"
"2021","Uxbridge, Ontario [CCS350318029]","2021S05023518029","Tame or seeded pasture","Hectares","Number","223","units","0","v1326637611","1225.7.3","511","E","","","0"
"2021","Uxbridge, Ontario [CCS350318029]","2021S05023518029","Natural land for pasture","Hectares","Number","223","units","0","v1326637614","1225.8.3","805","E","","","0"
"2021","Brock, Ontario [CCS350318039]","2021S05023518039","Tame or seeded pasture","Hectares","Number","223","units","0","v1326637644","1226.7.3","754","D","","","0"
"2021","Brock, Ontario [CCS350318039]","2021S05023518039","Natural land for pasture","Hectares","Number","223","units","0","v1326637647","1226.8.3","1190","E","","","0"
"2021","Vaughan, Ontario [CCS350319028]","2021S05023519028","Tame or seeded pasture","Hectares","Number","223","units","0","v1326637710","1228.7.3","","F","","","0"
"2021","Vaughan, Ontario [CCS350319028]","2021S05023519028","Natural land for pasture","Hectares","Number","223","units","0","v1326637713","1228.8.3","","F","","","0"
"2021","Markham, Ontario [CCS350319036]","2021S05023519036","Tame or seeded pasture","Hectares","Number","223","units","0","v1326637743","1229.7.3","","F","","","0"
"2021","Markham, Ontario [CCS350319036]","2021S05023519036","Natural land for pasture","Hectares","Number","223","units","0","v1326637746","1229.8.3","116","E","","","0"
"2021","Whitchurch-Stouffville, Ontario [CCS350319044]","2021S05023519044","Tame or seeded pasture","Hectares","Number","223","units","0","v1326637776","1230.7.3","","F","","","0"
"2021","Whitchurch-Stouffville, Ontario [CCS350319044]","2021S05023519044","Natural land for pasture","Hectares","Number","223","units","0","v1326637779","1230.8.3","198","C","","","0"
"2021","Newmarket, Ontario [CCS350319048]","2021S05023519048","Tame or seeded pasture","Hectares","Number","223","units","0","v1326637809","1231.7.3","","F","","","0"
"2021","Newmarket, Ontario [CCS350319048]","2021S05023519048","Natural land for pasture","Hectares","Number","223","units","0","v1326637812","1231.8.3","309","C","","","0"
"2021","King, Ontario [CCS350319049]","2021S05023519049","Tame or seeded pasture","Hectares","Number","223","units","0","v1326637842","1232.7.3","827","B","","","0"
"2021","King, Ontario [CCS350319049]","2021S05023519049","Natural land for pasture","Hectares","Number","223","units","0","v1326637845","1232.8.3","284","D","","","0"
"2021","East Gwillimbury, Ontario [CCS350319054]","2021S05023519054","Tame or seeded pasture","Hectares","Number","223","units","0","v1326637875","1233.7.3","","F","","","0"
"2021","East Gwillimbury, Ontario [CCS350319054]","2021S05023519054","Natural land for pasture","Hectares","Number","223","units","0","v1326637878","1233.8.3","","F","","","0"
"2021","Georgina, Ontario [CCS350319070]","2021S05023519070","Tame or seeded pasture","Hectares","Number","223","units","0","v1326637908","1234.7.3","380","E","","","0"
"2021","Georgina, Ontario [CCS350319070]","2021S05023519070","Natural land for pasture","Hectares","Number","223","units","0","v1326637911","1234.8.3","","F","","","0"
"2021","Toronto, Ontario [CCS350320005]","2021S05023520005","Tame or seeded pasture","Hectares","Number","223","units","0","v1326637974","1236.7.3","","F","","","0"
"2021","Toronto, Ontario [CCS350320005]","2021S05023520005","Natural land for pasture","Hectares","Number","223","units","0","v1326637977","1236.8.3","","F","","","0"
"2021","Gravenhurst, Ontario [CCS350344002]","2021S05023544002","Tame or seeded pasture","Hectares","Number","223","units","0","v1326638040","1238.7.3","","F","","","0"
"2021","Gravenhurst, Ontario [CCS350344002]","2021S05023544002","Natural land for pasture","Hectares","Number","223","units","0","v1326638043","1238.8.3","","F","","","0"
"2021","Bracebridge, Ontario [CCS350344018]","2021S05023544018","Tame or seeded pasture","Hectares","Number","223","units","0","v1326638073","1239.7.3","","F","","","0"
"2021","Bracebridge, Ontario [CCS350344018]","2021S05023544018","Natural land for pasture","Hectares","Number","223","units","0","v1326638076","1239.8.3","","F","","","0"
"2021","Huntsville, Ontario [CCS350344042]","2021S05023544042","Tame or seeded pasture","Hectares","Number","223","units","0","v1326638106","1240.7.3","","F","","","0"
"2021","Huntsville, Ontario [CCS350344042]","2021S05023544042","Natural land for pasture","Hectares","Number","223","units","0","v1326638109","1240.8.3","","F","","","0"
"2021","Muskoka Lakes, Ontario [CCS350344053]","2021S05023544053","Tame or seeded pasture","Hectares","Number","223","units","0","v1326638139","1241.7.3","115","E","","","0"
"2021","Muskoka Lakes, Ontario [CCS350344053]","2021S05023544053","Natural land for pasture","Hectares","Number","223","units","0","v1326638142","1241.8.3","","F","","","0"
"2021","Georgian Bay, Ontario [CCS350344065]","2021S05023544065","Tame or seeded pasture","Hectares","Number","223","units","0","v1326638172","1242.7.3","0","A","","","0"
"2021","Georgian Bay, Ontario [CCS350344065]","2021S05023544065","Natural land for pasture","Hectares","Number","223","units","0","v1326638175","1242.8.3","0","A","","","0"
"2021","Highlands East, Ontario [CCS350346005]","2021S05023546005","Tame or seeded pasture","Hectares","Number","223","units","0","v1326638238","1244.7.3","370","E","","","0"
"2021","Highlands East, Ontario [CCS350346005]","2021S05023546005","Natural land for pasture","Hectares","Number","223","units","0","v1326638241","1244.8.3","","F","","","0"
"2021","Minden Hills, Ontario [CCS350346015]","2021S05023546015","Tame or seeded pasture","Hectares","Number","223","units","0","v1326638271","1245.7.3","106","D","","","0"
"2021","Minden Hills, Ontario [CCS350346015]","2021S05023546015","Natural land for pasture","Hectares","Number","223","units","0","v1326638274","1245.8.3","754","B","","","0"
"2021","Seguin, Ontario [CCS350349003]","2021S05023549003","Tame or seeded pasture","Hectares","Number","223","units","0","v1326638337","1247.7.3","77","E","","","0"
"2021","Seguin, Ontario [CCS350349003]","2021S05023549003","Natural land for pasture","Hectares","Number","223","units","0","v1326638340","1247.8.3","","F","","","0"
"2021","Armour, Ontario [CCS350349019]","2021S05023549019","Tame or seeded pasture","Hectares","Number","223","units","0","v1326638370","1248.7.3","350","E","","","0"
"2021","Armour, Ontario [CCS350349019]","2021S05023549019","Natural land for pasture","Hectares","Number","223","units","0","v1326638373","1248.8.3","","F","","","0"
"2021","Ryerson, Ontario [CCS350349024]","2021S05023549024","Tame or seeded pasture","Hectares","Number","223","units","0","v1326638403","1249.7.3","","F","","","0"
"2021","Ryerson, Ontario [CCS350349024]","2021S05023549024","Natural land for pasture","Hectares","Number","223","units","0","v1326638406","1249.8.3","","F","","","0"
"2021","Whitestone, Ontario [CCS350349039]","2021S05023549039","Tame or seeded pasture","Hectares","Number","223","units","0","v1326638436","1250.7.3","","F","","","0"
"2021","Whitestone, Ontario [CCS350349039]","2021S05023549039","Natural land for pasture","Hectares","Number","223","units","0","v1326638439","1250.8.3","795","E","","","0"
"2021","Magnetawan, Ontario [CCS350349043]","2021S05023549043","Tame or seeded pasture","Hectares","Number","223","units","0","v1326638469","1251.7.3","261","E","","","0"
"2021","Magnetawan, Ontario [CCS350349043]","2021S05023549043","Natural land for pasture","Hectares","Number","223","units","0","v1326638472","1251.8.3","","F","","","0"
"2021","Strong, Ontario [CCS350349046]","2021S05023549046","Tame or seeded pasture","Hectares","Number","223","units","0","v1326638502","1252.7.3","","F","","","0"
"2021","Strong, Ontario [CCS350349046]","2021S05023549046","Natural land for pasture","Hectares","Number","223","units","0","v1326638505","1252.8.3","","F","","","0"
"2021","Machar, Ontario [CCS350349054]","2021S05023549054","Tame or seeded pasture","Hectares","Number","223","units","0","v1326638535","1253.7.3","","F","","","0"
"2021","Machar, Ontario [CCS350349054]","2021S05023549054","Natural land for pasture","Hectares","Number","223","units","0","v1326638538","1253.8.3","","F","","","0"
"2021","Powassan, Ontario [CCS350349060]","2021S05023549060","Tame or seeded pasture","Hectares","Number","223","units","0","v1326638568","1254.7.3","656","D","","","0"
"2021","Powassan, Ontario [CCS350349060]","2021S05023549060","Natural land for pasture","Hectares","Number","223","units","0","v1326638571","1254.8.3","741","E","","","0"
"2021","Callander, Ontario [CCS350349066]","2021S05023549066","Tame or seeded pasture","Hectares","Number","223","units","0","v1326638601","1255.7.3","","F","","","0"
"2021","Callander, Ontario [CCS350349066]","2021S05023549066","Natural land for pasture","Hectares","Number","223","units","0","v1326638604","1255.8.3","","F","","","0"
"2021","Nipissing, Ontario [CCS350349071]","2021S05023549071","Tame or seeded pasture","Hectares","Number","223","units","0","v1326638634","1256.7.3","","F","","","0"
"2021","Nipissing, Ontario [CCS350349071]","2021S05023549071","Natural land for pasture","Hectares","Number","223","units","0","v1326638637","1256.8.3","","F","","","0"
"2021","Parry Sound, Unorganized, Centre Part, Ontario [CCS350349096]","2021S05023549096","Tame or seeded pasture","Hectares","Number","223","units","0","v1326638667","1257.7.3","154","D","","","0"
"2021","Parry Sound, Unorganized, Centre Part, Ontario [CCS350349096]","2021S05023549096","Natural land for pasture","Hectares","Number","223","units","0","v1326638670","1257.8.3","","F","","","0"
"2021","South Glengarry, Ontario [CCS350401005]","2021S05023501005","Tame or seeded pasture","Hectares","Number","223","units","0","v1326638766","1260.7.3","631","D","","","0"
"2021","South Glengarry, Ontario [CCS350401005]","2021S05023501005","Natural land for pasture","Hectares","Number","223","units","0","v1326638769","1260.8.3","818","E","","","0"
"2021","South Stormont, Ontario [CCS350401011]","2021S05023501011","Tame or seeded pasture","Hectares","Number","223","units","0","v1326638799","1261.7.3","492","D","","","0"
"2021","South Stormont, Ontario [CCS350401011]","2021S05023501011","Natural land for pasture","Hectares","Number","223","units","0","v1326638802","1261.8.3","1357","C","","","0"
"2021","South Dundas, Ontario [CCS350401020]","2021S05023501020","Tame or seeded pasture","Hectares","Number","223","units","0","v1326638832","1262.7.3","362","E","","","0"
"2021","South Dundas, Ontario [CCS350401020]","2021S05023501020","Natural land for pasture","Hectares","Number","223","units","0","v1326638835","1262.8.3","429","E","","","0"
"2021","North Dundas, Ontario [CCS350401030]","2021S05023501030","Tame or seeded pasture","Hectares","Number","223","units","0","v1326638865","1263.7.3","660","E","","","0"
"2021","North Dundas, Ontario [CCS350401030]","2021S05023501030","Natural land for pasture","Hectares","Number","223","units","0","v1326638868","1263.8.3","833","E","","","0"
"2021","North Stormont, Ontario [CCS350401042]","2021S05023501042","Tame or seeded pasture","Hectares","Number","223","units","0","v1326638898","1264.7.3","429","D","","","0"
"2021","North Stormont, Ontario [CCS350401042]","2021S05023501042","Natural land for pasture","Hectares","Number","223","units","0","v1326638901","1264.8.3","685","D","","","0"
"2021","North Glengarry, Ontario [CCS350401050]","2021S05023501050","Tame or seeded pasture","Hectares","Number","223","units","0","v1326638931","1265.7.3","1169","C","","","0"
"2021","North Glengarry, Ontario [CCS350401050]","2021S05023501050","Natural land for pasture","Hectares","Number","223","units","0","v1326638934","1265.8.3","1528","C","","","0"
"2021","East Hawkesbury, Ontario [CCS350402001]","2021S05023502001","Tame or seeded pasture","Hectares","Number","223","units","0","v1326638997","1267.7.3","221","E","","","0"
"2021","East Hawkesbury, Ontario [CCS350402001]","2021S05023502001","Natural land for pasture","Hectares","Number","223","units","0","v1326639000","1267.8.3","329","E","","","0"
"2021","Champlain, Ontario [CCS350402010]","2021S05023502010","Tame or seeded pasture","Hectares","Number","223","units","0","v1326639030","1268.7.3","","F","","","0"
"2021","Champlain, Ontario [CCS350402010]","2021S05023502010","Natural land for pasture","Hectares","Number","223","units","0","v1326639033","1268.8.3","","F","","","0"
"2021","Alfred and Plantagenet, Ontario [CCS350402023]","2021S05023502023","Tame or seeded pasture","Hectares","Number","223","units","0","v1326639063","1269.7.3","580","C","","","0"
"2021","Alfred and Plantagenet, Ontario [CCS350402023]","2021S05023502023","Natural land for pasture","Hectares","Number","223","units","0","v1326639066","1269.8.3","1143","B","","","0"
"2021","The Nation, Ontario [CCS350402025]","2021S05023502025","Tame or seeded pasture","Hectares","Number","223","units","0","v1326639096","1270.7.3","564","D","","","0"
"2021","The Nation, Ontario [CCS350402025]","2021S05023502025","Natural land for pasture","Hectares","Number","223","units","0","v1326639099","1270.8.3","","F","","","0"
"2021","Clarence-Rockland, Ontario [CCS350402036]","2021S05023502036","Tame or seeded pasture","Hectares","Number","223","units","0","v1326639129","1271.7.3","193","E","","","0"
"2021","Clarence-Rockland, Ontario [CCS350402036]","2021S05023502036","Natural land for pasture","Hectares","Number","223","units","0","v1326639132","1271.8.3","253","E","","","0"
"2021","Russell, Ontario [CCS350402048]","2021S05023502048","Tame or seeded pasture","Hectares","Number","223","units","0","v1326639162","1272.7.3","261","E","","","0"
"2021","Russell, Ontario [CCS350402048]","2021S05023502048","Natural land for pasture","Hectares","Number","223","units","0","v1326639165","1272.8.3","545","E","","","0"
"2021","Ottawa, Ontario [CCS350406008]","2021S05023506008","Tame or seeded pasture","Hectares","Number","223","units","0","v1326639228","1274.7.3","3136","C","","","0"
"2021","Ottawa, Ontario [CCS350406008]","2021S05023506008","Natural land for pasture","Hectares","Number","223","units","0","v1326639231","1274.8.3","3774","E","","","0"
"2021","Edwardsburgh/Cardinal, Ontario [CCS350407004]","2021S05023507004","Tame or seeded pasture","Hectares","Number","223","units","0","v1326639294","1276.7.3","","F","","","0"
"2021","Edwardsburgh/Cardinal, Ontario [CCS350407004]","2021S05023507004","Natural land for pasture","Hectares","Number","223","units","0","v1326639297","1276.8.3","","F","","","0"
"2021","Augusta, Ontario [CCS350407006]","2021S05023507006","Tame or seeded pasture","Hectares","Number","223","units","0","v1326639327","1277.7.3","236","E","","","0"
"2021","Augusta, Ontario [CCS350407006]","2021S05023507006","Natural land for pasture","Hectares","Number","223","units","0","v1326639330","1277.8.3","619","E","","","0"
"2021","Elizabethtown-Kitley, Ontario [CCS350407014]","2021S05023507014","Tame or seeded pasture","Hectares","Number","223","units","0","v1326639360","1278.7.3","821","C","","","0"
"2021","Elizabethtown-Kitley, Ontario [CCS350407014]","2021S05023507014","Natural land for pasture","Hectares","Number","223","units","0","v1326639363","1278.8.3","1748","B","","","0"
"2021","Front of Yonge, Ontario [CCS350407017]","2021S05023507017","Tame or seeded pasture","Hectares","Number","223","units","0","v1326639393","1279.7.3","","F","","","0"
"2021","Front of Yonge, Ontario [CCS350407017]","2021S05023507017","Natural land for pasture","Hectares","Number","223","units","0","v1326639396","1279.8.3","508","D","","","0"
"2021","Leeds and the Thousand Islands, Ontario [CCS350407021]","2021S05023507021","Tame or seeded pasture","Hectares","Number","223","units","0","v1326639426","1280.7.3","1056","B","","","0"
"2021","Leeds and the Thousand Islands, Ontario [CCS350407021]","2021S05023507021","Natural land for pasture","Hectares","Number","223","units","0","v1326639429","1280.8.3","1703","B","","","0"
"2021","Rideau Lakes, Ontario [CCS350407040]","2021S05023507040","Tame or seeded pasture","Hectares","Number","223","units","0","v1326639459","1281.7.3","590","C","","","0"
"2021","Rideau Lakes, Ontario [CCS350407040]","2021S05023507040","Natural land for pasture","Hectares","Number","223","units","0","v1326639462","1281.8.3","2862","A","","","0"
"2021","Athens, Ontario [CCS350407042]","2021S05023507042","Tame or seeded pasture","Hectares","Number","223","units","0","v1326639492","1282.7.3","","F","","","0"
"2021","Athens, Ontario [CCS350407042]","2021S05023507042","Natural land for pasture","Hectares","Number","223","units","0","v1326639495","1282.8.3","","F","","","0"
"2021","Merrickville-Wolford, Ontario [CCS350407052]","2021S05023507052","Tame or seeded pasture","Hectares","Number","223","units","0","v1326639525","1283.7.3","488","C","","","0"
"2021","Merrickville-Wolford, Ontario [CCS350407052]","2021S05023507052","Natural land for pasture","Hectares","Number","223","units","0","v1326639528","1283.8.3","569","D","","","0"
"2021","North Grenville, Ontario [CCS350407065]","2021S05023507065","Tame or seeded pasture","Hectares","Number","223","units","0","v1326639558","1284.7.3","483","D","","","0"
"2021","North Grenville, Ontario [CCS350407065]","2021S05023507065","Natural land for pasture","Hectares","Number","223","units","0","v1326639561","1284.8.3","","F","","","0"
"2021","Montague, Ontario [CCS350409001]","2021S05023509001","Tame or seeded pasture","Hectares","Number","223","units","0","v1326639624","1286.7.3","340","E","","","0"
"2021","Montague, Ontario [CCS350409001]","2021S05023509001","Natural land for pasture","Hectares","Number","223","units","0","v1326639627","1286.8.3","866","D","","","0"
"2021","Drummond/North Elmsley, Ontario [CCS350409010]","2021S05023509010","Tame or seeded pasture","Hectares","Number","223","units","0","v1326639657","1287.7.3","1071","B","","","0"
"2021","Drummond/North Elmsley, Ontario [CCS350409010]","2021S05023509010","Natural land for pasture","Hectares","Number","223","units","0","v1326639660","1287.8.3","2300","B","","","0"
"2021","Tay Valley, Ontario [CCS350409015]","2021S05023509015","Tame or seeded pasture","Hectares","Number","223","units","0","v1326639690","1288.7.3","728","D","","","0"
"2021","Tay Valley, Ontario [CCS350409015]","2021S05023509015","Natural land for pasture","Hectares","Number","223","units","0","v1326639693","1288.8.3","1796","D","","","0"
"2021","Beckwith, Ontario [CCS350409024]","2021S05023509024","Tame or seeded pasture","Hectares","Number","223","units","0","v1326639723","1289.7.3","324","D","","","0"
"2021","Beckwith, Ontario [CCS350409024]","2021S05023509024","Natural land for pasture","Hectares","Number","223","units","0","v1326639726","1289.8.3","401","E","","","0"
"2021","Mississippi Mills, Ontario [CCS350409030]","2021S05023509030","Tame or seeded pasture","Hectares","Number","223","units","0","v1326639756","1290.7.3","1196","B","","","0"
"2021","Mississippi Mills, Ontario [CCS350409030]","2021S05023509030","Natural land for pasture","Hectares","Number","223","units","0","v1326639759","1290.8.3","2333","B","","","0"
"2021","Lanark Highlands, Ontario [CCS350409039]","2021S05023509039","Tame or seeded pasture","Hectares","Number","223","units","0","v1326639789","1291.7.3","776","B","","","0"
"2021","Lanark Highlands, Ontario [CCS350409039]","2021S05023509039","Natural land for pasture","Hectares","Number","223","units","0","v1326639792","1291.8.3","1365","B","","","0"
"2021","Frontenac Islands, Ontario [CCS350410005]","2021S05023510005","Tame or seeded pasture","Hectares","Number","223","units","0","v1326639855","1293.7.3","1155","A","","","0"
"2021","Frontenac Islands, Ontario [CCS350410005]","2021S05023510005","Natural land for pasture","Hectares","Number","223","units","0","v1326639858","1293.8.3","749","B","","","0"
"2021","Kingston, Ontario [CCS350410010]","2021S05023510010","Tame or seeded pasture","Hectares","Number","223","units","0","v1326639888","1294.7.3","574","E","","","0"
"2021","Kingston, Ontario [CCS350410010]","2021S05023510010","Natural land for pasture","Hectares","Number","223","units","0","v1326639891","1294.8.3","1465","E","","","0"
"2021","South Frontenac, Ontario [CCS350410020]","2021S05023510020","Tame or seeded pasture","Hectares","Number","223","units","0","v1326639921","1295.7.3","925","D","","","0"
"2021","South Frontenac, Ontario [CCS350410020]","2021S05023510020","Natural land for pasture","Hectares","Number","223","units","0","v1326639924","1295.8.3","3346","B","","","0"
"2021","Central Frontenac, Ontario [CCS350410035]","2021S05023510035","Tame or seeded pasture","Hectares","Number","223","units","0","v1326639954","1296.7.3","574","C","","","0"
"2021","Central Frontenac, Ontario [CCS350410035]","2021S05023510035","Natural land for pasture","Hectares","Number","223","units","0","v1326639957","1296.8.3","3054","A","","","0"
"2021","North Frontenac, Ontario [CCS350410045]","2021S05023510045","Tame or seeded pasture","Hectares","Number","223","units","0","v1326639987","1297.7.3","","F","","","0"
"2021","North Frontenac, Ontario [CCS350410045]","2021S05023510045","Natural land for pasture","Hectares","Number","223","units","0","v1326639990","1297.8.3","","F","","","0"
"2021","Loyalist, Ontario [CCS350411005]","2021S05023511005","Tame or seeded pasture","Hectares","Number","223","units","0","v1326640053","1299.7.3","784","C","","","0"
"2021","Loyalist, Ontario [CCS350411005]","2021S05023511005","Natural land for pasture","Hectares","Number","223","units","0","v1326640056","1299.8.3","1594","C","","","0"
"2021","Greater Napanee, Ontario [CCS350411015]","2021S05023511015","Tame or seeded pasture","Hectares","Number","223","units","0","v1326640086","1300.7.3","785","E","","","0"
"2021","Greater Napanee, Ontario [CCS350411015]","2021S05023511015","Natural land for pasture","Hectares","Number","223","units","0","v1326640089","1300.8.3","1801","E","","","0"
"2021","Stone Mills, Ontario [CCS350411030]","2021S05023511030","Tame or seeded pasture","Hectares","Number","223","units","0","v1326640119","1301.7.3","2001","B","","","0"
"2021","Stone Mills, Ontario [CCS350411030]","2021S05023511030","Natural land for pasture","Hectares","Number","223","units","0","v1326640122","1301.8.3","3029","B","","","0"
"2021","Addington Highlands, Ontario [CCS350411035]","2021S05023511035","Tame or seeded pasture","Hectares","Number","223","units","0","v1326640152","1302.7.3","41","B","","","0"
"2021","Addington Highlands, Ontario [CCS350411035]","2021S05023511035","Natural land for pasture","Hectares","Number","223","units","0","v1326640155","1302.8.3","132","B","","","0"
"2021","McNab/Braeside, Ontario [CCS350447003]","2021S05023547003","Tame or seeded pasture","Hectares","Number","223","units","0","v1326640218","1304.7.3","965","E","","","0"
"2021","McNab/Braeside, Ontario [CCS350447003]","2021S05023547003","Natural land for pasture","Hectares","Number","223","units","0","v1326640221","1304.8.3","","F","","","0"
"2021","Greater Madawaska, Ontario [CCS350447008]","2021S05023547008","Tame or seeded pasture","Hectares","Number","223","units","0","v1326640251","1305.7.3","146","E","","","0"
"2021","Greater Madawaska, Ontario [CCS350447008]","2021S05023547008","Natural land for pasture","Hectares","Number","223","units","0","v1326640254","1305.8.3","553","D","","","0"
"2021","Brudenell, Lyndoch and Raglan, Ontario [CCS350447020]","2021S05023547020","Tame or seeded pasture","Hectares","Number","223","units","0","v1326640284","1306.7.3","","F","","","0"
"2021","Brudenell, Lyndoch and Raglan, Ontario [CCS350447020]","2021S05023547020","Natural land for pasture","Hectares","Number","223","units","0","v1326640287","1306.8.3","1301","D","","","0"
"2021","Madawaska Valley, Ontario [CCS350447030]","2021S05023547030","Tame or seeded pasture","Hectares","Number","223","units","0","v1326640317","1307.7.3","","F","","","0"
"2021","Madawaska Valley, Ontario [CCS350447030]","2021S05023547030","Natural land for pasture","Hectares","Number","223","units","0","v1326640320","1307.8.3","","F","","","0"
"2021","Killaloe, Hagarty and Richards, Ontario [CCS350447033]","2021S05023547033","Tame or seeded pasture","Hectares","Number","223","units","0","v1326640350","1308.7.3","183","E","","","0"
"2021","Killaloe, Hagarty and Richards, Ontario [CCS350447033]","2021S05023547033","Natural land for pasture","Hectares","Number","223","units","0","v1326640353","1308.8.3","2138","C","","","0"
"2021","Bonnechere Valley, Ontario [CCS350447035]","2021S05023547035","Tame or seeded pasture","Hectares","Number","223","units","0","v1326640383","1309.7.3","905","D","","","0"
"2021","Bonnechere Valley, Ontario [CCS350447035]","2021S05023547035","Natural land for pasture","Hectares","Number","223","units","0","v1326640386","1309.8.3","3793","D","","","0"
"2021","Admaston/Bromley, Ontario [CCS350447043]","2021S05023547043","Tame or seeded pasture","Hectares","Number","223","units","0","v1326640416","1310.7.3","2350","B","","","0"
"2021","Admaston/Bromley, Ontario [CCS350447043]","2021S05023547043","Natural land for pasture","Hectares","Number","223","units","0","v1326640419","1310.8.3","2604","D","","","0"
"2021","Horton, Ontario [CCS350447046]","2021S05023547046","Tame or seeded pasture","Hectares","Number","223","units","0","v1326640449","1311.7.3","291","E","","","0"
"2021","Horton, Ontario [CCS350447046]","2021S05023547046","Natural land for pasture","Hectares","Number","223","units","0","v1326640452","1311.8.3","1019","D","","","0"
"2021","Whitewater Region, Ontario [CCS350447056]","2021S05023547056","Tame or seeded pasture","Hectares","Number","223","units","0","v1326640482","1312.7.3","2625","B","","","0"
"2021","Whitewater Region, Ontario [CCS350447056]","2021S05023547056","Natural land for pasture","Hectares","Number","223","units","0","v1326640485","1312.8.3","2933","D","","","0"
"2021","North Algona Wilberforce, Ontario [CCS350447070]","2021S05023547070","Tame or seeded pasture","Hectares","Number","223","units","0","v1326640515","1313.7.3","723","C","","","0"
"2021","North Algona Wilberforce, Ontario [CCS350447070]","2021S05023547070","Natural land for pasture","Hectares","Number","223","units","0","v1326640518","1313.8.3","1299","D","","","0"
"2021","Laurentian Valley, Ontario [CCS350447075]","2021S05023547075","Tame or seeded pasture","Hectares","Number","223","units","0","v1326640548","1314.7.3","911","D","","","0"
"2021","Laurentian Valley, Ontario [CCS350447075]","2021S05023547075","Natural land for pasture","Hectares","Number","223","units","0","v1326640551","1314.8.3","","F","","","0"
"2021","Laurentian Hills, Ontario [CCS350447090]","2021S05023547090","Tame or seeded pasture","Hectares","Number","223","units","0","v1326640581","1315.7.3","","F","","","0"
"2021","Laurentian Hills, Ontario [CCS350447090]","2021S05023547090","Natural land for pasture","Hectares","Number","223","units","0","v1326640584","1315.8.3","","F","","","0"
"2021","Bonfield, Ontario [CCS350548027]","2021S05023548027","Tame or seeded pasture","Hectares","Number","223","units","0","v1326640680","1318.7.3","246","D","","","0"
"2021","Bonfield, Ontario [CCS350548027]","2021S05023548027","Natural land for pasture","Hectares","Number","223","units","0","v1326640683","1318.8.3","390","E","","","0"
"2021","Chisholm, Ontario [CCS350548031]","2021S05023548031","Tame or seeded pasture","Hectares","Number","223","units","0","v1326640713","1319.7.3","141","E","","","0"
"2021","Chisholm, Ontario [CCS350548031]","2021S05023548031","Natural land for pasture","Hectares","Number","223","units","0","v1326640716","1319.8.3","","F","","","0"
"2021","West Nipissing, Ontario [CCS350548055]","2021S05023548055","Tame or seeded pasture","Hectares","Number","223","units","0","v1326640746","1320.7.3","468","E","","","0"
"2021","West Nipissing, Ontario [CCS350548055]","2021S05023548055","Natural land for pasture","Hectares","Number","223","units","0","v1326640749","1320.8.3","","F","","","0"
"2021","Nipissing, Unorganized, South Part, Ontario [CCS350548091]","2021S05023548091","Tame or seeded pasture","Hectares","Number","223","units","0","v1326640779","1321.7.3","216","E","","","0"
"2021","Nipissing, Unorganized, South Part, Ontario [CCS350548091]","2021S05023548091","Natural land for pasture","Hectares","Number","223","units","0","v1326640782","1321.8.3","787","E","","","0"
"2021","Nipissing, Unorganized, North Part, Ontario [CCS350548094]","2021S05023548094","Tame or seeded pasture","Hectares","Number","223","units","0","v1326640812","1322.7.3","236","E","","","0"
"2021","Nipissing, Unorganized, North Part, Ontario [CCS350548094]","2021S05023548094","Natural land for pasture","Hectares","Number","223","units","0","v1326640815","1322.8.3","","F","","","0"
"2021","Northeastern Manitoulin and the Islands, Ontario [CCS350551017]","2021S05023551017","Tame or seeded pasture","Hectares","Number","223","units","0","v1326640878","1324.7.3","1658","C","","","0"
"2021","Northeastern Manitoulin and the Islands, Ontario [CCS350551017]","2021S05023551017","Natural land for pasture","Hectares","Number","223","units","0","v1326640881","1324.8.3","15727","A","","","0"
"2021","Gordon/Barrie Island, Ontario [CCS350551027]","2021S05023551027","Tame or seeded pasture","Hectares","Number","223","units","0","v1326640911","1325.7.3","","F","","","0"
"2021","Gordon/Barrie Island, Ontario [CCS350551027]","2021S05023551027","Natural land for pasture","Hectares","Number","223","units","0","v1326640914","1325.8.3","","F","","","0"
"2021","French River, Ontario [CCS350552001]","2021S05023552001","Tame or seeded pasture","Hectares","Number","223","units","0","v1326640977","1327.7.3","","F","","","0"
"2021","French River, Ontario [CCS350552001]","2021S05023552001","Natural land for pasture","Hectares","Number","223","units","0","v1326640980","1327.8.3","","F","","","0"
"2021","St.-Charles, Ontario [CCS350552004]","2021S05023552004","Tame or seeded pasture","Hectares","Number","223","units","0","v1326641010","1328.7.3","","F","","","0"
"2021","St.-Charles, Ontario [CCS350552004]","2021S05023552004","Natural land for pasture","Hectares","Number","223","units","0","v1326641013","1328.8.3","","F","","","0"
"2021","Markstay-Warren, Ontario [CCS350552013]","2021S05023552013","Tame or seeded pasture","Hectares","Number","223","units","0","v1326641043","1329.7.3","324","E","","","0"
"2021","Markstay-Warren, Ontario [CCS350552013]","2021S05023552013","Natural land for pasture","Hectares","Number","223","units","0","v1326641046","1329.8.3","1022","E","","","0"
"2021","Sables-Spanish Rivers, Ontario [CCS350552023]","2021S05023552023","Tame or seeded pasture","Hectares","Number","223","units","0","v1326641076","1330.7.3","836","C","","","0"
"2021","Sables-Spanish Rivers, Ontario [CCS350552023]","2021S05023552023","Natural land for pasture","Hectares","Number","223","units","0","v1326641079","1330.8.3","802","E","","","0"
"2021","Killarney, Ontario [CCS350552036]","2021S05023552036","Tame or seeded pasture","Hectares","Number","223","units","0","v1326641109","1331.7.3","0","A","","","0"
"2021","Killarney, Ontario [CCS350552036]","2021S05023552036","Natural land for pasture","Hectares","Number","223","units","0","v1326641112","1331.8.3","0","A","","","0"
"2021","Greater Sudbury, Ontario [CCS350553005]","2021S05023553005","Tame or seeded pasture","Hectares","Number","223","units","0","v1326641175","1333.7.3","","F","","","0"
"2021","Greater Sudbury, Ontario [CCS350553005]","2021S05023553005","Natural land for pasture","Hectares","Number","223","units","0","v1326641178","1333.8.3","","F","","","0"
"2021","Harris, Ontario [CCS350554014]","2021S05023554014","Tame or seeded pasture","Hectares","Number","223","units","0","v1326641241","1335.7.3","","F","","","0"
"2021","Harris, Ontario [CCS350554014]","2021S05023554014","Natural land for pasture","Hectares","Number","223","units","0","v1326641244","1335.8.3","","F","","","0"
"2021","Temiskaming Shores, Ontario [CCS350554020]","2021S05023554020","Tame or seeded pasture","Hectares","Number","223","units","0","v1326641274","1336.7.3","453","E","","","0"
"2021","Temiskaming Shores, Ontario [CCS350554020]","2021S05023554020","Natural land for pasture","Hectares","Number","223","units","0","v1326641277","1336.8.3","1434","D","","","0"
"2021","Hudson, Ontario [CCS350554021]","2021S05023554021","Tame or seeded pasture","Hectares","Number","223","units","0","v1326641307","1337.7.3","296","D","","","0"
"2021","Hudson, Ontario [CCS350554021]","2021S05023554021","Natural land for pasture","Hectares","Number","223","units","0","v1326641310","1337.8.3","605","D","","","0"
"2021","Harley, Ontario [CCS350554026]","2021S05023554026","Tame or seeded pasture","Hectares","Number","223","units","0","v1326641340","1338.7.3","149","E","","","0"
"2021","Harley, Ontario [CCS350554026]","2021S05023554026","Natural land for pasture","Hectares","Number","223","units","0","v1326641343","1338.8.3","438","E","","","0"
"2021","Casey, Ontario [CCS350554029]","2021S05023554029","Tame or seeded pasture","Hectares","Number","223","units","0","v1326641373","1339.7.3","361","C","","","0"
"2021","Casey, Ontario [CCS350554029]","2021S05023554029","Natural land for pasture","Hectares","Number","223","units","0","v1326641376","1339.8.3","339","E","","","0"
"2021","Hilliard, Ontario [CCS350554034]","2021S05023554034","Tame or seeded pasture","Hectares","Number","223","units","0","v1326641406","1340.7.3","206","E","","","0"
"2021","Hilliard, Ontario [CCS350554034]","2021S05023554034","Natural land for pasture","Hectares","Number","223","units","0","v1326641409","1340.8.3","","F","","","0"
"2021","Armstrong, Ontario [CCS350554036]","2021S05023554036","Tame or seeded pasture","Hectares","Number","223","units","0","v1326641439","1341.7.3","561","C","","","0"
"2021","Armstrong, Ontario [CCS350554036]","2021S05023554036","Natural land for pasture","Hectares","Number","223","units","0","v1326641442","1341.8.3","616","E","","","0"
"2021","Charlton and Dack, Ontario [CCS350554044]","2021S05023554044","Tame or seeded pasture","Hectares","Number","223","units","0","v1326641472","1342.7.3","339","E","","","0"
"2021","Charlton and Dack, Ontario [CCS350554044]","2021S05023554044","Natural land for pasture","Hectares","Number","223","units","0","v1326641475","1342.8.3","","F","","","0"
"2021","Evanturel, Ontario [CCS350554049]","2021S05023554049","Tame or seeded pasture","Hectares","Number","223","units","0","v1326641505","1343.7.3","561","D","","","0"
"2021","Evanturel, Ontario [CCS350554049]","2021S05023554049","Natural land for pasture","Hectares","Number","223","units","0","v1326641508","1343.8.3","","F","","","0"
"2021","McGarry, Ontario [CCS350554058]","2021S05023554058","Tame or seeded pasture","Hectares","Number","223","units","0","v1326641538","1344.7.3","0","A","","","0"
"2021","McGarry, Ontario [CCS350554058]","2021S05023554058","Natural land for pasture","Hectares","Number","223","units","0","v1326641541","1344.8.3","0","A","","","0"
"2021","Timiskaming, Unorganized, East Part, Ontario [CCS350554091]","2021S05023554091","Tame or seeded pasture","Hectares","Number","223","units","0","v1326641571","1345.7.3","0","A","","","0"
"2021","Timiskaming, Unorganized, East Part, Ontario [CCS350554091]","2021S05023554091","Natural land for pasture","Hectares","Number","223","units","0","v1326641574","1345.8.3","0","A","","","0"
"2021","Timiskaming, Unorganized, West Part, Ontario [CCS350554094]","2021S05023554094","Tame or seeded pasture","Hectares","Number","223","units","0","v1326641604","1346.7.3","255","E","","","0"
"2021","Timiskaming, Unorganized, West Part, Ontario [CCS350554094]","2021S05023554094","Natural land for pasture","Hectares","Number","223","units","0","v1326641607","1346.8.3","581","E","","","0"
"2021","Timmins, Ontario [CCS350556027]","2021S05023556027","Tame or seeded pasture","Hectares","Number","223","units","0","v1326641670","1348.7.3","194","E","","","0"
"2021","Timmins, Ontario [CCS350556027]","2021S05023556027","Natural land for pasture","Hectares","Number","223","units","0","v1326641673","1348.8.3","","F","","","0"
"2021","Cochrane, Unorganized, North Part, Ontario [CCS350556092]","2021S05023556092","Tame or seeded pasture","Hectares","Number","223","units","0","v1326641703","1349.7.3","1104","D","","","0"
"2021","Cochrane, Unorganized, North Part, Ontario [CCS350556092]","2021S05023556092","Natural land for pasture","Hectares","Number","223","units","0","v1326641706","1349.8.3","1765","E","","","0"
"2021","Jocelyn, Ontario [CCS350557001]","2021S05023557001","Tame or seeded pasture","Hectares","Number","223","units","0","v1326641769","1351.7.3","","F","","","0"
"2021","Jocelyn, Ontario [CCS350557001]","2021S05023557001","Natural land for pasture","Hectares","Number","223","units","0","v1326641772","1351.8.3","0","A","","","0"
"2021","St. Joseph, Ontario [CCS350557008]","2021S05023557008","Tame or seeded pasture","Hectares","Number","223","units","0","v1326641802","1352.7.3","208","E","","","0"
"2021","St. Joseph, Ontario [CCS350557008]","2021S05023557008","Natural land for pasture","Hectares","Number","223","units","0","v1326641805","1352.8.3","","F","","","0"
"2021","Laird, Ontario [CCS350557011]","2021S05023557011","Tame or seeded pasture","Hectares","Number","223","units","0","v1326641835","1353.7.3","","F","","","0"
"2021","Laird, Ontario [CCS350557011]","2021S05023557011","Natural land for pasture","Hectares","Number","223","units","0","v1326641838","1353.8.3","","F","","","0"
"2021","Johnson, Ontario [CCS350557016]","2021S05023557016","Tame or seeded pasture","Hectares","Number","223","units","0","v1326641868","1354.7.3","671","B","","","0"
"2021","Johnson, Ontario [CCS350557016]","2021S05023557016","Natural land for pasture","Hectares","Number","223","units","0","v1326641871","1354.8.3","","F","","","0"
"2021","Plummer Additional, Ontario [CCS350557019]","2021S05023557019","Tame or seeded pasture","Hectares","Number","223","units","0","v1326641901","1355.7.3","","F","","","0"
"2021","Plummer Additional, Ontario [CCS350557019]","2021S05023557019","Natural land for pasture","Hectares","Number","223","units","0","v1326641904","1355.8.3","","F","","","0"
"2021","Huron Shores, Ontario [CCS350557035]","2021S05023557035","Tame or seeded pasture","Hectares","Number","223","units","0","v1326641934","1356.7.3","684","C","","","0"
"2021","Huron Shores, Ontario [CCS350557035]","2021S05023557035","Natural land for pasture","Hectares","Number","223","units","0","v1326641937","1356.8.3","683","E","","","0"
"2021","Macdonald, Meredith and Aberdeen Additional, Ontario [CCS350557051]","2021S05023557051","Tame or seeded pasture","Hectares","Number","223","units","0","v1326641967","1357.7.3","336","D","","","0"
"2021","Macdonald, Meredith and Aberdeen Additional, Ontario [CCS350557051]","2021S05023557051","Natural land for pasture","Hectares","Number","223","units","0","v1326641970","1357.8.3","","F","","","0"
"2021","Sault Ste. Marie, Ontario [CCS350557061]","2021S05023557061","Tame or seeded pasture","Hectares","Number","223","units","0","v1326642000","1358.7.3","","F","","","0"
"2021","Sault Ste. Marie, Ontario [CCS350557061]","2021S05023557061","Natural land for pasture","Hectares","Number","223","units","0","v1326642003","1358.8.3","","F","","","0"
"2021","Algoma, Unorganized, North Part, Ontario [CCS350557095]","2021S05023557095","Tame or seeded pasture","Hectares","Number","223","units","0","v1326642033","1359.7.3","207","D","","","0"
"2021","Algoma, Unorganized, North Part, Ontario [CCS350557095]","2021S05023557095","Natural land for pasture","Hectares","Number","223","units","0","v1326642036","1359.8.3","","F","","","0"
"2021","Neebing, Ontario [CCS350558001]","2021S05023558001","Tame or seeded pasture","Hectares","Number","223","units","0","v1326642099","1361.7.3","","F","","","0"
"2021","Neebing, Ontario [CCS350558001]","2021S05023558001","Natural land for pasture","Hectares","Number","223","units","0","v1326642102","1361.8.3","","F","","","0"
"2021","Thunder Bay, Ontario [CCS350558004]","2021S05023558004","Tame or seeded pasture","Hectares","Number","223","units","0","v1326642132","1362.7.3","","F","","","0"
"2021","Thunder Bay, Ontario [CCS350558004]","2021S05023558004","Natural land for pasture","Hectares","Number","223","units","0","v1326642135","1362.8.3","","F","","","0"
"2021","Oliver Paipoonge, Ontario [CCS350558011]","2021S05023558011","Tame or seeded pasture","Hectares","Number","223","units","0","v1326642165","1363.7.3","","F","","","0"
"2021","Oliver Paipoonge, Ontario [CCS350558011]","2021S05023558011","Natural land for pasture","Hectares","Number","223","units","0","v1326642168","1363.8.3","","F","","","0"
"2021","O'Connor, Ontario [CCS350558016]","2021S05023558016","Tame or seeded pasture","Hectares","Number","223","units","0","v1326642198","1364.7.3","","F","","","0"
"2021","O'Connor, Ontario [CCS350558016]","2021S05023558016","Natural land for pasture","Hectares","Number","223","units","0","v1326642201","1364.8.3","","F","","","0"
"2021","Thunder Bay, Unorganized, Ontario [CCS350558090]","2021S05023558090","Tame or seeded pasture","Hectares","Number","223","units","0","v1326642231","1365.7.3","","F","","","0"
"2021","Thunder Bay, Unorganized, Ontario [CCS350558090]","2021S05023558090","Natural land for pasture","Hectares","Number","223","units","0","v1326642234","1365.8.3","","F","","","0"
"2021","Alberton, Ontario [CCS350559011]","2021S05023559011","Tame or seeded pasture","Hectares","Number","223","units","0","v1326642297","1367.7.3","283","D","","","0"
"2021","Alberton, Ontario [CCS350559011]","2021S05023559011","Natural land for pasture","Hectares","Number","223","units","0","v1326642300","1367.8.3","406","E","","","0"
"2021","La Vallee, Ontario [CCS350559016]","2021S05023559016","Tame or seeded pasture","Hectares","Number","223","units","0","v1326642330","1368.7.3","716","C","","","0"
"2021","La Vallee, Ontario [CCS350559016]","2021S05023559016","Natural land for pasture","Hectares","Number","223","units","0","v1326642333","1368.8.3","2479","B","","","0"
"2021","Emo, Ontario [CCS350559019]","2021S05023559019","Tame or seeded pasture","Hectares","Number","223","units","0","v1326642363","1369.7.3","1346","B","","","0"
"2021","Emo, Ontario [CCS350559019]","2021S05023559019","Natural land for pasture","Hectares","Number","223","units","0","v1326642366","1369.8.3","3766","C","","","0"
"2021","Chapple, Ontario [CCS350559024]","2021S05023559024","Tame or seeded pasture","Hectares","Number","223","units","0","v1326642396","1370.7.3","1011","C","","","0"
"2021","Chapple, Ontario [CCS350559024]","2021S05023559024","Natural land for pasture","Hectares","Number","223","units","0","v1326642399","1370.8.3","3463","C","","","0"
"2021","Morley, Ontario [CCS350559031]","2021S05023559031","Tame or seeded pasture","Hectares","Number","223","units","0","v1326642429","1371.7.3","1591","A","","","0"
"2021","Morley, Ontario [CCS350559031]","2021S05023559031","Natural land for pasture","Hectares","Number","223","units","0","v1326642432","1371.8.3","2094","B","","","0"
"2021","Dawson, Ontario [CCS350559040]","2021S05023559040","Tame or seeded pasture","Hectares","Number","223","units","0","v1326642462","1372.7.3","1081","B","","","0"
"2021","Dawson, Ontario [CCS350559040]","2021S05023559040","Natural land for pasture","Hectares","Number","223","units","0","v1326642465","1372.8.3","2212","B","","","0"
"2021","Lake of the Woods, Ontario [CCS350559047]","2021S05023559047","Tame or seeded pasture","Hectares","Number","223","units","0","v1326642495","1373.7.3","0","A","","","0"
"2021","Lake of the Woods, Ontario [CCS350559047]","2021S05023559047","Natural land for pasture","Hectares","Number","223","units","0","v1326642498","1373.8.3","1628","C","","","0"
"2021","Rainy River, Unorganized, Ontario [CCS350559090]","2021S05023559090","Tame or seeded pasture","Hectares","Number","223","units","0","v1326642528","1374.7.3","","F","","","0"
"2021","Rainy River, Unorganized, Ontario [CCS350559090]","2021S05023559090","Natural land for pasture","Hectares","Number","223","units","0","v1326642531","1374.8.3","1439","C","","","0"
"2021","Kenora, Unorganized, Ontario [CCS350560090]","2021S05023560090","Tame or seeded pasture","Hectares","Number","223","units","0","v1326642594","1376.7.3","913","C","","","0"
"2021","Kenora, Unorganized, Ontario [CCS350560090]","2021S05023560090","Natural land for pasture","Hectares","Number","223","units","0","v1326642597","1376.8.3","1385","D","","","0"
"2021","Manitoba [PR460000000]","2021A000246","Tame or seeded pasture","Hectares","Number","223","units","0","v1326642627","1377.7.3","315845","A","","","0"
"2021","Manitoba [PR460000000]","2021A000246","Natural land for pasture","Hectares","Number","223","units","0","v1326642630","1377.8.3","1321851","A","","","0"
"2021","Killarney - Turtle Mountain, Manitoba [CCS460105025]","2021S05024605025","Tame or seeded pasture","Hectares","Number","223","units","0","v1326642726","1380.7.3","3291","D","","","0"
"2021","Killarney - Turtle Mountain, Manitoba [CCS460105025]","2021S05024605025","Natural land for pasture","Hectares","Number","223","units","0","v1326642729","1380.8.3","10531","D","","","0"
"2021","Boissevain-Morton, Manitoba [CCS460105032]","2021S05024605032","Tame or seeded pasture","Hectares","Number","223","units","0","v1326642759","1381.7.3","3197","D","","","0"
"2021","Boissevain-Morton, Manitoba [CCS460105032]","2021S05024605032","Natural land for pasture","Hectares","Number","223","units","0","v1326642762","1381.8.3","22477","B","","","0"
"2021","Deloraine-Winchester, Manitoba [CCS460105038]","2021S05024605038","Tame or seeded pasture","Hectares","Number","223","units","0","v1326642792","1382.7.3","3764","D","","","0"
"2021","Deloraine-Winchester, Manitoba [CCS460105038]","2021S05024605038","Natural land for pasture","Hectares","Number","223","units","0","v1326642795","1382.8.3","10513","D","","","0"
"2021","Brenda-Waskada, Manitoba [CCS460105044]","2021S05024605044","Tame or seeded pasture","Hectares","Number","223","units","0","v1326642825","1383.7.3","3800","D","","","0"
"2021","Brenda-Waskada, Manitoba [CCS460105044]","2021S05024605044","Natural land for pasture","Hectares","Number","223","units","0","v1326642828","1383.8.3","8571","D","","","0"
"2021","Two Borders, Manitoba [CCS460105056]","2021S05024605056","Tame or seeded pasture","Hectares","Number","223","units","0","v1326642858","1384.7.3","14541","B","","","0"
"2021","Two Borders, Manitoba [CCS460105056]","2021S05024605056","Natural land for pasture","Hectares","Number","223","units","0","v1326642861","1384.8.3","30876","B","","","0"
"2021","Grassland, Manitoba [CCS460105062]","2021S05024605062","Tame or seeded pasture","Hectares","Number","223","units","0","v1326642891","1385.7.3","4546","D","","","0"
"2021","Grassland, Manitoba [CCS460105062]","2021S05024605062","Natural land for pasture","Hectares","Number","223","units","0","v1326642894","1385.8.3","20840","B","","","0"
"2021","Prairie Lakes, Manitoba [CCS460105071]","2021S05024605071","Tame or seeded pasture","Hectares","Number","223","units","0","v1326642924","1386.7.3","3123","C","","","0"
"2021","Prairie Lakes, Manitoba [CCS460105071]","2021S05024605071","Natural land for pasture","Hectares","Number","223","units","0","v1326642927","1386.8.3","9700","C","","","0"
"2021","Sifton, Manitoba [CCS460206016]","2021S05024606016","Tame or seeded pasture","Hectares","Number","223","units","0","v1326643023","1389.7.3","6515","C","","","0"
"2021","Sifton, Manitoba [CCS460206016]","2021S05024606016","Natural land for pasture","Hectares","Number","223","units","0","v1326643026","1389.8.3","24959","C","","","0"
"2021","Pipestone, Manitoba [CCS460206023]","2021S05024606023","Tame or seeded pasture","Hectares","Number","223","units","0","v1326643056","1390.7.3","6544","C","","","0"
"2021","Pipestone, Manitoba [CCS460206023]","2021S05024606023","Natural land for pasture","Hectares","Number","223","units","0","v1326643059","1390.8.3","12782","E","","","0"
"2021","Wallace-Woodworth, Manitoba [CCS460206031]","2021S05024606031","Tame or seeded pasture","Hectares","Number","223","units","0","v1326643089","1391.7.3","20157","B","","","0"
"2021","Wallace-Woodworth, Manitoba [CCS460206031]","2021S05024606031","Natural land for pasture","Hectares","Number","223","units","0","v1326643092","1391.8.3","45433","C","","","0"
"2021","Glenboro-South Cypress, Manitoba [CCS460207039]","2021S05024607039","Tame or seeded pasture","Hectares","Number","223","units","0","v1326643155","1393.7.3","2847","B","","","0"
"2021","Glenboro-South Cypress, Manitoba [CCS460207039]","2021S05024607039","Natural land for pasture","Hectares","Number","223","units","0","v1326643158","1393.8.3","10313","B","","","0"
"2021","Oakland-Wawanesa, Manitoba [CCS460207046]","2021S05024607046","Tame or seeded pasture","Hectares","Number","223","units","0","v1326643188","1394.7.3","1503","D","","","0"
"2021","Oakland-Wawanesa, Manitoba [CCS460207046]","2021S05024607046","Natural land for pasture","Hectares","Number","223","units","0","v1326643191","1394.8.3","6904","D","","","0"
"2021","Souris-Glenwood, Manitoba [CCS460207052]","2021S05024607052","Tame or seeded pasture","Hectares","Number","223","units","0","v1326643221","1395.7.3","1769","E","","","0"
"2021","Souris-Glenwood, Manitoba [CCS460207052]","2021S05024607052","Natural land for pasture","Hectares","Number","223","units","0","v1326643224","1395.8.3","9368","D","","","0"
"2021","Whitehead, Manitoba [CCS460207057]","2021S05024607057","Tame or seeded pasture","Hectares","Number","223","units","0","v1326643254","1396.7.3","1419","D","","","0"
"2021","Whitehead, Manitoba [CCS460207057]","2021S05024607057","Natural land for pasture","Hectares","Number","223","units","0","v1326643257","1396.8.3","5214","D","","","0"
"2021","North Cypress-Langford, Manitoba [CCS460207066]","2021S05024607066","Tame or seeded pasture","Hectares","Number","223","units","0","v1326643287","1397.7.3","5065","C","","","0"
"2021","North Cypress-Langford, Manitoba [CCS460207066]","2021S05024607066","Natural land for pasture","Hectares","Number","223","units","0","v1326643290","1397.8.3","37321","B","","","0"
"2021","Elton, Manitoba [CCS460207071]","2021S05024607071","Tame or seeded pasture","Hectares","Number","223","units","0","v1326643320","1398.7.3","3309","E","","","0"
"2021","Elton, Manitoba [CCS460207071]","2021S05024607071","Natural land for pasture","Hectares","Number","223","units","0","v1326643323","1398.8.3","10750","D","","","0"
"2021","Riverdale, Manitoba [CCS460207076]","2021S05024607076","Tame or seeded pasture","Hectares","Number","223","units","0","v1326643353","1399.7.3","977","E","","","0"
"2021","Riverdale, Manitoba [CCS460207076]","2021S05024607076","Natural land for pasture","Hectares","Number","223","units","0","v1326643356","1399.8.3","6218","D","","","0"
"2021","Oakview, Manitoba [CCS460315032]","2021S05024615032","Tame or seeded pasture","Hectares","Number","223","units","0","v1326643452","1402.7.3","5072","D","","","0"
"2021","Oakview, Manitoba [CCS460315032]","2021S05024615032","Natural land for pasture","Hectares","Number","223","units","0","v1326643455","1402.8.3","7715","E","","","0"
"2021","Hamiota, Manitoba [CCS460315037]","2021S05024615037","Tame or seeded pasture","Hectares","Number","223","units","0","v1326643485","1403.7.3","2674","E","","","0"
"2021","Hamiota, Manitoba [CCS460315037]","2021S05024615037","Natural land for pasture","Hectares","Number","223","units","0","v1326643488","1403.8.3","","F","","","0"
"2021","Ellice-Archie, Manitoba [CCS460315047]","2021S05024615047","Tame or seeded pasture","Hectares","Number","223","units","0","v1326643518","1404.7.3","7834","B","","","0"
"2021","Ellice-Archie, Manitoba [CCS460315047]","2021S05024615047","Natural land for pasture","Hectares","Number","223","units","0","v1326643521","1404.8.3","42658","B","","","0"
"2021","Prairie View, Manitoba [CCS460315056]","2021S05024615056","Tame or seeded pasture","Hectares","Number","223","units","0","v1326643551","1405.7.3","8362","C","","","0"
"2021","Prairie View, Manitoba [CCS460315056]","2021S05024615056","Natural land for pasture","Hectares","Number","223","units","0","v1326643554","1405.8.3","29359","C","","","0"
"2021","Yellowhead, Manitoba [CCS460315063]","2021S05024615063","Tame or seeded pasture","Hectares","Number","223","units","0","v1326643584","1406.7.3","3123","D","","","0"
"2021","Yellowhead, Manitoba [CCS460315063]","2021S05024615063","Natural land for pasture","Hectares","Number","223","units","0","v1326643587","1406.8.3","9416","E","","","0"
"2021","Harrison Park, Manitoba [CCS460315070]","2021S05024615070","Tame or seeded pasture","Hectares","Number","223","units","0","v1326643617","1407.7.3","3289","E","","","0"
"2021","Harrison Park, Manitoba [CCS460315070]","2021S05024615070","Natural land for pasture","Hectares","Number","223","units","0","v1326643620","1407.8.3","8148","E","","","0"
"2021","Minto-Odanah, Manitoba [CCS460315074]","2021S05024615074","Tame or seeded pasture","Hectares","Number","223","units","0","v1326643650","1408.7.3","4000","D","","","0"
"2021","Minto-Odanah, Manitoba [CCS460315074]","2021S05024615074","Natural land for pasture","Hectares","Number","223","units","0","v1326643653","1408.8.3","8708","E","","","0"
"2021","Rosedale, Manitoba [CCS460315078]","2021S05024615078","Tame or seeded pasture","Hectares","Number","223","units","0","v1326643683","1409.7.3","3771","E","","","0"
"2021","Rosedale, Manitoba [CCS460315078]","2021S05024615078","Natural land for pasture","Hectares","Number","223","units","0","v1326643686","1409.8.3","16417","D","","","0"
"2021","Clanwilliam-Erickson, Manitoba [CCS460315092]","2021S05024615092","Tame or seeded pasture","Hectares","Number","223","units","0","v1326643716","1410.7.3","3071","D","","","0"
"2021","Clanwilliam-Erickson, Manitoba [CCS460315092]","2021S05024615092","Natural land for pasture","Hectares","Number","223","units","0","v1326643719","1410.8.3","5556","E","","","0"
"2021","Rossburn, Manitoba [CCS460416005]","2021S05024616005","Tame or seeded pasture","Hectares","Number","223","units","0","v1326643815","1413.7.3","3164","E","","","0"
"2021","Rossburn, Manitoba [CCS460416005]","2021S05024616005","Natural land for pasture","Hectares","Number","223","units","0","v1326643818","1413.8.3","7128","E","","","0"
"2021","Riding Mountain West, Manitoba [CCS460416020]","2021S05024616020","Tame or seeded pasture","Hectares","Number","223","units","0","v1326643848","1414.7.3","8437","C","","","0"
"2021","Riding Mountain West, Manitoba [CCS460416020]","2021S05024616020","Natural land for pasture","Hectares","Number","223","units","0","v1326643851","1414.8.3","15024","D","","","0"
"2021","Russell-Binscarth, Manitoba [CCS460416030]","2021S05024616030","Tame or seeded pasture","Hectares","Number","223","units","0","v1326643881","1415.7.3","","F","","","0"
"2021","Russell-Binscarth, Manitoba [CCS460416030]","2021S05024616030","Natural land for pasture","Hectares","Number","223","units","0","v1326643884","1415.8.3","13063","E","","","0"
"2021","Hillsburg-Roblin-Shell River, Manitoba [CCS460416048]","2021S05024616048","Tame or seeded pasture","Hectares","Number","223","units","0","v1326643914","1416.7.3","12432","B","","","0"
"2021","Hillsburg-Roblin-Shell River, Manitoba [CCS460416048]","2021S05024616048","Natural land for pasture","Hectares","Number","223","units","0","v1326643917","1416.8.3","26937","C","","","0"
"2021","Mountain (South), Manitoba [CCS460520032]","2021S05024620032","Tame or seeded pasture","Hectares","Number","223","units","0","v1326644013","1419.7.3","","F","","","0"
"2021","Mountain (South), Manitoba [CCS460520032]","2021S05024620032","Natural land for pasture","Hectares","Number","223","units","0","v1326644016","1419.8.3","9261","D","","","0"
"2021","Swan Valley West, Manitoba [CCS460520042]","2021S05024620042","Tame or seeded pasture","Hectares","Number","223","units","0","v1326644046","1420.7.3","7452","D","","","0"
"2021","Swan Valley West, Manitoba [CCS460520042]","2021S05024620042","Natural land for pasture","Hectares","Number","223","units","0","v1326644049","1420.8.3","9904","E","","","0"
"2021","Minitonas-Bowsman, Manitoba [CCS460520051]","2021S05024620051","Tame or seeded pasture","Hectares","Number","223","units","0","v1326644079","1421.7.3","4356","D","","","0"
"2021","Minitonas-Bowsman, Manitoba [CCS460520051]","2021S05024620051","Natural land for pasture","Hectares","Number","223","units","0","v1326644082","1421.8.3","10182","E","","","0"
"2021","Mountain (North), Manitoba [CCS460520055]","2021S05024620055","Tame or seeded pasture","Hectares","Number","223","units","0","v1326644112","1422.7.3","2546","D","","","0"
"2021","Mountain (North), Manitoba [CCS460520055]","2021S05024620055","Natural land for pasture","Hectares","Number","223","units","0","v1326644115","1422.8.3","10897","D","","","0"
"2021","Division No. 20, Unorganized, South Part, Manitoba [CCS460520066]","2021S05024620066","Tame or seeded pasture","Hectares","Number","223","units","0","v1326644145","1423.7.3","0","A","","","0"
"2021","Division No. 20, Unorganized, South Part, Manitoba [CCS460520066]","2021S05024620066","Natural land for pasture","Hectares","Number","223","units","0","v1326644148","1423.8.3","0","A","","","0"
"2021","Alonsa, Manitoba [CCS460617026]","2021S05024617026","Tame or seeded pasture","Hectares","Number","223","units","0","v1326644244","1426.7.3","5505","C","","","0"
"2021","Alonsa, Manitoba [CCS460617026]","2021S05024617026","Natural land for pasture","Hectares","Number","223","units","0","v1326644247","1426.8.3","80029","A","","","0"
"2021","McCreary, Manitoba [CCS460617035]","2021S05024617035","Tame or seeded pasture","Hectares","Number","223","units","0","v1326644277","1427.7.3","2599","E","","","0"
"2021","McCreary, Manitoba [CCS460617035]","2021S05024617035","Natural land for pasture","Hectares","Number","223","units","0","v1326644280","1427.8.3","16017","D","","","0"
"2021","Ste. Rose, Manitoba [CCS460617041]","2021S05024617041","Tame or seeded pasture","Hectares","Number","223","units","0","v1326644310","1428.7.3","2920","E","","","0"
"2021","Ste. Rose, Manitoba [CCS460617041]","2021S05024617041","Natural land for pasture","Hectares","Number","223","units","0","v1326644313","1428.8.3","29118","B","","","0"
"2021","Dauphin, Manitoba [CCS460617048]","2021S05024617048","Tame or seeded pasture","Hectares","Number","223","units","0","v1326644343","1429.7.3","2749","E","","","0"
"2021","Dauphin, Manitoba [CCS460617048]","2021S05024617048","Natural land for pasture","Hectares","Number","223","units","0","v1326644346","1429.8.3","13989","E","","","0"
"2021","Gilbert Plains, Manitoba [CCS460617054]","2021S05024617054","Tame or seeded pasture","Hectares","Number","223","units","0","v1326644376","1430.7.3","3153","E","","","0"
"2021","Gilbert Plains, Manitoba [CCS460617054]","2021S05024617054","Natural land for pasture","Hectares","Number","223","units","0","v1326644379","1430.8.3","","F","","","0"
"2021","Grandview, Manitoba [CCS460617058]","2021S05024617058","Tame or seeded pasture","Hectares","Number","223","units","0","v1326644409","1431.7.3","","F","","","0"
"2021","Grandview, Manitoba [CCS460617058]","2021S05024617058","Natural land for pasture","Hectares","Number","223","units","0","v1326644412","1431.8.3","","F","","","0"
"2021","Ethelbert, Manitoba [CCS460617064]","2021S05024617064","Tame or seeded pasture","Hectares","Number","223","units","0","v1326644442","1432.7.3","6518","B","","","0"
"2021","Ethelbert, Manitoba [CCS460617064]","2021S05024617064","Natural land for pasture","Hectares","Number","223","units","0","v1326644445","1432.8.3","24385","C","","","0"
"2021","Mossey River, Manitoba [CCS460617072]","2021S05024617072","Tame or seeded pasture","Hectares","Number","223","units","0","v1326644475","1433.7.3","4439","C","","","0"
"2021","Mossey River, Manitoba [CCS460617072]","2021S05024617072","Natural land for pasture","Hectares","Number","223","units","0","v1326644478","1433.8.3","16728","C","","","0"
"2021","Lakeshore, Manitoba [CCS460617075]","2021S05024617075","Tame or seeded pasture","Hectares","Number","223","units","0","v1326644508","1434.7.3","3414","D","","","0"
"2021","Lakeshore, Manitoba [CCS460617075]","2021S05024617075","Natural land for pasture","Hectares","Number","223","units","0","v1326644511","1434.8.3","33892","B","","","0"
"2021","Division No. 17, Unorganized, Manitoba [CCS460617092]","2021S05024617092","Tame or seeded pasture","Hectares","Number","223","units","0","v1326644541","1435.7.3","0","A","","","0"
"2021","Division No. 17, Unorganized, Manitoba [CCS460617092]","2021S05024617092","Natural land for pasture","Hectares","Number","223","units","0","v1326644544","1435.8.3","0","A","","","0"
"2021","Norfolk-Treherne, Manitoba [CCS460708032]","2021S05024608032","Tame or seeded pasture","Hectares","Number","223","units","0","v1326644640","1438.7.3","2001","D","","","0"
"2021","Norfolk-Treherne, Manitoba [CCS460708032]","2021S05024608032","Natural land for pasture","Hectares","Number","223","units","0","v1326644643","1438.8.3","5973","D","","","0"
"2021","Victoria, Manitoba [CCS460708042]","2021S05024608042","Tame or seeded pasture","Hectares","Number","223","units","0","v1326644673","1439.7.3","3581","D","","","0"
"2021","Victoria, Manitoba [CCS460708042]","2021S05024608042","Natural land for pasture","Hectares","Number","223","units","0","v1326644676","1439.8.3","12908","D","","","0"
"2021","North Norfolk, Manitoba [CCS460708046]","2021S05024608046","Tame or seeded pasture","Hectares","Number","223","units","0","v1326644706","1440.7.3","4538","D","","","0"
"2021","North Norfolk, Manitoba [CCS460708046]","2021S05024608046","Natural land for pasture","Hectares","Number","223","units","0","v1326644709","1440.8.3","16231","C","","","0"
"2021","Glenella-Lansdowne, Manitoba [CCS460708055]","2021S05024608055","Tame or seeded pasture","Hectares","Number","223","units","0","v1326644739","1441.7.3","6308","B","","","0"
"2021","Glenella-Lansdowne, Manitoba [CCS460708055]","2021S05024608055","Natural land for pasture","Hectares","Number","223","units","0","v1326644742","1441.8.3","14514","B","","","0"
"2021","WestLake-Gladstone, Manitoba [CCS460708060]","2021S05024608060","Tame or seeded pasture","Hectares","Number","223","units","0","v1326644772","1442.7.3","9388","B","","","0"
"2021","WestLake-Gladstone, Manitoba [CCS460708060]","2021S05024608060","Natural land for pasture","Hectares","Number","223","units","0","v1326644775","1442.8.3","28961","B","","","0"
"2021","Grey, Manitoba [CCS460709018]","2021S05024609018","Tame or seeded pasture","Hectares","Number","223","units","0","v1326644838","1444.7.3","3905","D","","","0"
"2021","Grey, Manitoba [CCS460709018]","2021S05024609018","Natural land for pasture","Hectares","Number","223","units","0","v1326644841","1444.8.3","9884","D","","","0"
"2021","Portage la Prairie, Manitoba [CCS460709024]","2021S05024609024","Tame or seeded pasture","Hectares","Number","223","units","0","v1326644871","1445.7.3","2313","E","","","0"
"2021","Portage la Prairie, Manitoba [CCS460709024]","2021S05024609024","Natural land for pasture","Hectares","Number","223","units","0","v1326644874","1445.8.3","14041","D","","","0"
"2021","Macdonald, Manitoba [CCS460710035]","2021S05024610035","Tame or seeded pasture","Hectares","Number","223","units","0","v1326644937","1447.7.3","","F","","","0"
"2021","Macdonald, Manitoba [CCS460710035]","2021S05024610035","Natural land for pasture","Hectares","Number","223","units","0","v1326644940","1447.8.3","6209","E","","","0"
"2021","Cartier, Manitoba [CCS460710043]","2021S05024610043","Tame or seeded pasture","Hectares","Number","223","units","0","v1326644970","1448.7.3","","F","","","0"
"2021","Cartier, Manitoba [CCS460710043]","2021S05024610043","Natural land for pasture","Hectares","Number","223","units","0","v1326644973","1448.8.3","","F","","","0"
"2021","St. François Xavier, Manitoba [CCS460710052]","2021S05024610052","Tame or seeded pasture","Hectares","Number","223","units","0","v1326645003","1449.7.3","","F","","","0"
"2021","St. François Xavier, Manitoba [CCS460710052]","2021S05024610052","Natural land for pasture","Hectares","Number","223","units","0","v1326645006","1449.8.3","","F","","","0"
"2021","Montcalm, Manitoba [CCS460803030]","2021S05024603030","Tame or seeded pasture","Hectares","Number","223","units","0","v1326645102","1452.7.3","781","E","","","0"
"2021","Montcalm, Manitoba [CCS460803030]","2021S05024603030","Natural land for pasture","Hectares","Number","223","units","0","v1326645105","1452.8.3","","F","","","0"
"2021","Rhineland, Manitoba [CCS460803041]","2021S05024603041","Tame or seeded pasture","Hectares","Number","223","units","0","v1326645135","1453.7.3","","F","","","0"
"2021","Rhineland, Manitoba [CCS460803041]","2021S05024603041","Natural land for pasture","Hectares","Number","223","units","0","v1326645138","1453.8.3","","F","","","0"
"2021","Stanley, Manitoba [CCS460803047]","2021S05024603047","Tame or seeded pasture","Hectares","Number","223","units","0","v1326645168","1454.7.3","3524","E","","","0"
"2021","Stanley, Manitoba [CCS460803047]","2021S05024603047","Natural land for pasture","Hectares","Number","223","units","0","v1326645171","1454.8.3","9169","E","","","0"
"2021","Thompson, Manitoba [CCS460803058]","2021S05024603058","Tame or seeded pasture","Hectares","Number","223","units","0","v1326645201","1455.7.3","1543","E","","","0"
"2021","Thompson, Manitoba [CCS460803058]","2021S05024603058","Natural land for pasture","Hectares","Number","223","units","0","v1326645204","1455.8.3","6656","D","","","0"
"2021","Roland, Manitoba [CCS460803062]","2021S05024603062","Tame or seeded pasture","Hectares","Number","223","units","0","v1326645234","1456.7.3","","F","","","0"
"2021","Roland, Manitoba [CCS460803062]","2021S05024603062","Natural land for pasture","Hectares","Number","223","units","0","v1326645237","1456.8.3","","F","","","0"
"2021","Morris, Manitoba [CCS460803065]","2021S05024603065","Tame or seeded pasture","Hectares","Number","223","units","0","v1326645267","1457.7.3","","F","","","0"
"2021","Morris, Manitoba [CCS460803065]","2021S05024603065","Natural land for pasture","Hectares","Number","223","units","0","v1326645270","1457.8.3","","F","","","0"
"2021","Dufferin, Manitoba [CCS460803072]","2021S05024603072","Tame or seeded pasture","Hectares","Number","223","units","0","v1326645300","1458.7.3","1875","E","","","0"
"2021","Dufferin, Manitoba [CCS460803072]","2021S05024603072","Natural land for pasture","Hectares","Number","223","units","0","v1326645303","1458.8.3","6130","E","","","0"
"2021","Pembina, Manitoba [CCS460804034]","2021S05024604034","Tame or seeded pasture","Hectares","Number","223","units","0","v1326645366","1460.7.3","3217","D","","","0"
"2021","Pembina, Manitoba [CCS460804034]","2021S05024604034","Natural land for pasture","Hectares","Number","223","units","0","v1326645369","1460.8.3","10386","D","","","0"
"2021","Louise, Manitoba [CCS460804040]","2021S05024604040","Tame or seeded pasture","Hectares","Number","223","units","0","v1326645399","1461.7.3","1958","E","","","0"
"2021","Louise, Manitoba [CCS460804040]","2021S05024604040","Natural land for pasture","Hectares","Number","223","units","0","v1326645402","1461.8.3","7040","D","","","0"
"2021","Cartwright-Roblin, Manitoba [CCS460804052]","2021S05024604052","Tame or seeded pasture","Hectares","Number","223","units","0","v1326645432","1462.7.3","4540","B","","","0"
"2021","Cartwright-Roblin, Manitoba [CCS460804052]","2021S05024604052","Natural land for pasture","Hectares","Number","223","units","0","v1326645435","1462.8.3","7202","D","","","0"
"2021","Argyle, Manitoba [CCS460804057]","2021S05024604057","Tame or seeded pasture","Hectares","Number","223","units","0","v1326645465","1463.7.3","2645","D","","","0"
"2021","Argyle, Manitoba [CCS460804057]","2021S05024604057","Natural land for pasture","Hectares","Number","223","units","0","v1326645468","1463.8.3","10683","D","","","0"
"2021","Lorne, Manitoba [CCS460804064]","2021S05024604064","Tame or seeded pasture","Hectares","Number","223","units","0","v1326645498","1464.7.3","2713","E","","","0"
"2021","Lorne, Manitoba [CCS460804064]","2021S05024604064","Natural land for pasture","Hectares","Number","223","units","0","v1326645501","1464.8.3","11878","D","","","0"
"2021","Emerson-Franklin, Manitoba [CCS460902024]","2021S05024602024","Tame or seeded pasture","Hectares","Number","223","units","0","v1326645597","1467.7.3","3756","D","","","0"
"2021","Emerson-Franklin, Manitoba [CCS460902024]","2021S05024602024","Natural land for pasture","Hectares","Number","223","units","0","v1326645600","1467.8.3","13394","C","","","0"
"2021","De Salaberry, Manitoba [CCS460902032]","2021S05024602032","Tame or seeded pasture","Hectares","Number","223","units","0","v1326645630","1468.7.3","871","E","","","0"
"2021","De Salaberry, Manitoba [CCS460902032]","2021S05024602032","Natural land for pasture","Hectares","Number","223","units","0","v1326645633","1468.8.3","3330","E","","","0"
"2021","Hanover, Manitoba [CCS460902041]","2021S05024602041","Tame or seeded pasture","Hectares","Number","223","units","0","v1326645663","1469.7.3","","F","","","0"
"2021","Hanover, Manitoba [CCS460902041]","2021S05024602041","Natural land for pasture","Hectares","Number","223","units","0","v1326645666","1469.8.3","15003","D","","","0"
"2021","La Broquerie, Manitoba [CCS460902053]","2021S05024602053","Tame or seeded pasture","Hectares","Number","223","units","0","v1326645696","1470.7.3","","F","","","0"
"2021","La Broquerie, Manitoba [CCS460902053]","2021S05024602053","Natural land for pasture","Hectares","Number","223","units","0","v1326645699","1470.8.3","8719","D","","","0"
"2021","Ste. Anne, Manitoba [CCS460902057]","2021S05024602057","Tame or seeded pasture","Hectares","Number","223","units","0","v1326645729","1471.7.3","","F","","","0"
"2021","Ste. Anne, Manitoba [CCS460902057]","2021S05024602057","Natural land for pasture","Hectares","Number","223","units","0","v1326645732","1471.8.3","3965","E","","","0"
"2021","Taché, Manitoba [CCS460902069]","2021S05024602069","Tame or seeded pasture","Hectares","Number","223","units","0","v1326645762","1472.7.3","","F","","","0"
"2021","Taché, Manitoba [CCS460902069]","2021S05024602069","Natural land for pasture","Hectares","Number","223","units","0","v1326645765","1472.8.3","","F","","","0"
"2021","Ritchot, Manitoba [CCS460902075]","2021S05024602075","Tame or seeded pasture","Hectares","Number","223","units","0","v1326645795","1473.7.3","","F","","","0"
"2021","Ritchot, Manitoba [CCS460902075]","2021S05024602075","Natural land for pasture","Hectares","Number","223","units","0","v1326645798","1473.8.3","","F","","","0"
"2021","Winnipeg, Manitoba [CCS460911040]","2021S05024611040","Tame or seeded pasture","Hectares","Number","223","units","0","v1326645861","1475.7.3","","F","","","0"
"2021","Winnipeg, Manitoba [CCS460911040]","2021S05024611040","Natural land for pasture","Hectares","Number","223","units","0","v1326645864","1475.8.3","","F","","","0"
"2021","Headingley, Manitoba [CCS460911042]","2021S05024611042","Tame or seeded pasture","Hectares","Number","223","units","0","v1326645894","1476.7.3","","F","","","0"
"2021","Headingley, Manitoba [CCS460911042]","2021S05024611042","Natural land for pasture","Hectares","Number","223","units","0","v1326645897","1476.8.3","","F","","","0"
"2021","Springfield, Manitoba [CCS460912047]","2021S05024612047","Tame or seeded pasture","Hectares","Number","223","units","0","v1326645960","1478.7.3","","F","","","0"
"2021","Springfield, Manitoba [CCS460912047]","2021S05024612047","Natural land for pasture","Hectares","Number","223","units","0","v1326645963","1478.8.3","","F","","","0"
"2021","Brokenhead, Manitoba [CCS460912054]","2021S05024612054","Tame or seeded pasture","Hectares","Number","223","units","0","v1326645993","1479.7.3","","F","","","0"
"2021","Brokenhead, Manitoba [CCS460912054]","2021S05024612054","Natural land for pasture","Hectares","Number","223","units","0","v1326645996","1479.8.3","","F","","","0"
"2021","Stuartburn, Manitoba [CCS461001035]","2021S05024601035","Tame or seeded pasture","Hectares","Number","223","units","0","v1326646092","1482.7.3","2155","E","","","0"
"2021","Stuartburn, Manitoba [CCS461001035]","2021S05024601035","Natural land for pasture","Hectares","Number","223","units","0","v1326646095","1482.8.3","26059","C","","","0"
"2021","Piney, Manitoba [CCS461001039]","2021S05024601039","Tame or seeded pasture","Hectares","Number","223","units","0","v1326646125","1483.7.3","1019","E","","","0"
"2021","Piney, Manitoba [CCS461001039]","2021S05024601039","Natural land for pasture","Hectares","Number","223","units","0","v1326646128","1483.8.3","3854","E","","","0"
"2021","Reynolds, Manitoba [CCS461001043]","2021S05024601043","Tame or seeded pasture","Hectares","Number","223","units","0","v1326646158","1484.7.3","","F","","","0"
"2021","Reynolds, Manitoba [CCS461001043]","2021S05024601043","Natural land for pasture","Hectares","Number","223","units","0","v1326646161","1484.8.3","","F","","","0"
"2021","Whitemouth, Manitoba [CCS461001046]","2021S05024601046","Tame or seeded pasture","Hectares","Number","223","units","0","v1326646191","1485.7.3","","F","","","0"
"2021","Whitemouth, Manitoba [CCS461001046]","2021S05024601046","Natural land for pasture","Hectares","Number","223","units","0","v1326646194","1485.8.3","","F","","","0"
"2021","Lac du Bonnet, Manitoba [CCS461001057]","2021S05024601057","Tame or seeded pasture","Hectares","Number","223","units","0","v1326646224","1486.7.3","","F","","","0"
"2021","Lac du Bonnet, Manitoba [CCS461001057]","2021S05024601057","Natural land for pasture","Hectares","Number","223","units","0","v1326646227","1486.8.3","","F","","","0"
"2021","Alexander, Manitoba [CCS461001071]","2021S05024601071","Tame or seeded pasture","Hectares","Number","223","units","0","v1326646257","1487.7.3","","F","","","0"
"2021","Alexander, Manitoba [CCS461001071]","2021S05024601071","Natural land for pasture","Hectares","Number","223","units","0","v1326646260","1487.8.3","","F","","","0"
"2021","Division No.  1, Unorganized, Manitoba [CCS461001094]","2021S05024601094","Tame or seeded pasture","Hectares","Number","223","units","0","v1326646290","1488.7.3","0","A","","","0"
"2021","Division No.  1, Unorganized, Manitoba [CCS461001094]","2021S05024601094","Natural land for pasture","Hectares","Number","223","units","0","v1326646293","1488.8.3","47","D","","","0"
"2021","West St. Paul, Manitoba [CCS461113037]","2021S05024613037","Tame or seeded pasture","Hectares","Number","223","units","0","v1326646389","1491.7.3","","F","","","0"
"2021","West St. Paul, Manitoba [CCS461113037]","2021S05024613037","Natural land for pasture","Hectares","Number","223","units","0","v1326646392","1491.8.3","","F","","","0"
"2021","St. Andrews, Manitoba [CCS461113043]","2021S05024613043","Tame or seeded pasture","Hectares","Number","223","units","0","v1326646422","1492.7.3","","F","","","0"
"2021","St. Andrews, Manitoba [CCS461113043]","2021S05024613043","Natural land for pasture","Hectares","Number","223","units","0","v1326646425","1492.8.3","","F","","","0"
"2021","St. Clements, Manitoba [CCS461113056]","2021S05024613056","Tame or seeded pasture","Hectares","Number","223","units","0","v1326646455","1493.7.3","1303","E","","","0"
"2021","St. Clements, Manitoba [CCS461113056]","2021S05024613056","Natural land for pasture","Hectares","Number","223","units","0","v1326646458","1493.8.3","","F","","","0"
"2021","Rosser, Manitoba [CCS461114015]","2021S05024614015","Tame or seeded pasture","Hectares","Number","223","units","0","v1326646521","1495.7.3","","F","","","0"
"2021","Rosser, Manitoba [CCS461114015]","2021S05024614015","Natural land for pasture","Hectares","Number","223","units","0","v1326646524","1495.8.3","3680","E","","","0"
"2021","Woodlands, Manitoba [CCS461114031]","2021S05024614031","Tame or seeded pasture","Hectares","Number","223","units","0","v1326646554","1496.7.3","4579","C","","","0"
"2021","Woodlands, Manitoba [CCS461114031]","2021S05024614031","Natural land for pasture","Hectares","Number","223","units","0","v1326646557","1496.8.3","26325","B","","","0"
"2021","Rockwood, Manitoba [CCS461114036]","2021S05024614036","Tame or seeded pasture","Hectares","Number","223","units","0","v1326646587","1497.7.3","3386","D","","","0"
"2021","Rockwood, Manitoba [CCS461114036]","2021S05024614036","Natural land for pasture","Hectares","Number","223","units","0","v1326646590","1497.8.3","12629","D","","","0"
"2021","Gimli, Manitoba [CCS461218031]","2021S05024618031","Tame or seeded pasture","Hectares","Number","223","units","0","v1326646686","1500.7.3","","F","","","0"
"2021","Gimli, Manitoba [CCS461218031]","2021S05024618031","Natural land for pasture","Hectares","Number","223","units","0","v1326646689","1500.8.3","","F","","","0"
"2021","Armstrong, Manitoba [CCS461218037]","2021S05024618037","Tame or seeded pasture","Hectares","Number","223","units","0","v1326646719","1501.7.3","2885","E","","","0"
"2021","Armstrong, Manitoba [CCS461218037]","2021S05024618037","Natural land for pasture","Hectares","Number","223","units","0","v1326646722","1501.8.3","37285","B","","","0"
"2021","St. Laurent, Manitoba [CCS461218040]","2021S05024618040","Tame or seeded pasture","Hectares","Number","223","units","0","v1326646752","1502.7.3","","F","","","0"
"2021","St. Laurent, Manitoba [CCS461218040]","2021S05024618040","Natural land for pasture","Hectares","Number","223","units","0","v1326646755","1502.8.3","7418","D","","","0"
"2021","Coldwell, Manitoba [CCS461218044]","2021S05024618044","Tame or seeded pasture","Hectares","Number","223","units","0","v1326646785","1503.7.3","3465","D","","","0"
"2021","Coldwell, Manitoba [CCS461218044]","2021S05024618044","Natural land for pasture","Hectares","Number","223","units","0","v1326646788","1503.8.3","25088","B","","","0"
"2021","West Interlake, Manitoba [CCS461218056]","2021S05024618056","Tame or seeded pasture","Hectares","Number","223","units","0","v1326646818","1504.7.3","5824","D","","","0"
"2021","West Interlake, Manitoba [CCS461218056]","2021S05024618056","Natural land for pasture","Hectares","Number","223","units","0","v1326646821","1504.8.3","42008","B","","","0"
"2021","Grahamdale, Manitoba [CCS461218060]","2021S05024618060","Tame or seeded pasture","Hectares","Number","223","units","0","v1326646851","1505.7.3","6337","D","","","0"
"2021","Grahamdale, Manitoba [CCS461218060]","2021S05024618060","Natural land for pasture","Hectares","Number","223","units","0","v1326646854","1505.8.3","59621","B","","","0"
"2021","Fisher, Manitoba [CCS461218068]","2021S05024618068","Tame or seeded pasture","Hectares","Number","223","units","0","v1326646884","1506.7.3","4963","D","","","0"
"2021","Fisher, Manitoba [CCS461218068]","2021S05024618068","Natural land for pasture","Hectares","Number","223","units","0","v1326646887","1506.8.3","24387","D","","","0"
"2021","Bifrost-Riverton, Manitoba [CCS461218076]","2021S05024618076","Tame or seeded pasture","Hectares","Number","223","units","0","v1326646917","1507.7.3","3933","E","","","0"
"2021","Bifrost-Riverton, Manitoba [CCS461218076]","2021S05024618076","Natural land for pasture","Hectares","Number","223","units","0","v1326646920","1507.8.3","20626","D","","","0"
"2021","Division No. 18, Unorganized, East Part, Manitoba [CCS461218091]","2021S05024618091","Tame or seeded pasture","Hectares","Number","223","units","0","v1326646950","1508.7.3","0","A","","","0"
"2021","Division No. 18, Unorganized, East Part, Manitoba [CCS461218091]","2021S05024618091","Natural land for pasture","Hectares","Number","223","units","0","v1326646953","1508.8.3","0","A","","","0"
"2021","Division No. 18, Unorganized, West Part, Manitoba [CCS461218093]","2021S05024618093","Tame or seeded pasture","Hectares","Number","223","units","0","v1326646983","1509.7.3","0","A","","","0"
"2021","Division No. 18, Unorganized, West Part, Manitoba [CCS461218093]","2021S05024618093","Natural land for pasture","Hectares","Number","223","units","0","v1326646986","1509.8.3","0","A","","","0"
"2021","Division No. 19, Unorganized, Manitoba [CCS461219045]","2021S05024619045","Tame or seeded pasture","Hectares","Number","223","units","0","v1326647049","1511.7.3","1282","E","","","0"
"2021","Division No. 19, Unorganized, Manitoba [CCS461219045]","2021S05024619045","Natural land for pasture","Hectares","Number","223","units","0","v1326647052","1511.8.3","34276","B","","","0"
"2021","Division No. 21, Unorganized, Manitoba [CCS461221078]","2021S05024621078","Tame or seeded pasture","Hectares","Number","223","units","0","v1326647115","1513.7.3","1794","E","","","0"
"2021","Division No. 21, Unorganized, Manitoba [CCS461221078]","2021S05024621078","Natural land for pasture","Hectares","Number","223","units","0","v1326647118","1513.8.3","","F","","","0"
"2021","Division No. 22, Unorganized, Manitoba [CCS461222046]","2021S05024622046","Tame or seeded pasture","Hectares","Number","223","units","0","v1326647181","1515.7.3","","F","","","0"
"2021","Division No. 22, Unorganized, Manitoba [CCS461222046]","2021S05024622046","Natural land for pasture","Hectares","Number","223","units","0","v1326647184","1515.8.3","","F","","","0"
"2021","Division No. 23, Unorganized, Manitoba [CCS461223062]","2021S05024623062","Tame or seeded pasture","Hectares","Number","223","units","0","v1326647247","1517.7.3","0","A","","","0"
"2021","Division No. 23, Unorganized, Manitoba [CCS461223062]","2021S05024623062","Natural land for pasture","Hectares","Number","223","units","0","v1326647250","1517.8.3","0","A","","","0"
"2021","Saskatchewan [PR470000000]","2021A000247","Tame or seeded pasture","Hectares","Number","223","units","0","v1326647280","1518.7.3","1934070","A","","","0"
"2021","Saskatchewan [PR470000000]","2021A000247","Natural land for pasture","Hectares","Number","223","units","0","v1326647283","1518.8.3","4672235","A","","","0"
"2021","Argyle No. 1, Saskatchewan [CCS470101001]","2021S05024701001","Tame or seeded pasture","Hectares","Number","223","units","0","v1326647379","1521.7.3","5370","D","","","0"
"2021","Argyle No. 1, Saskatchewan [CCS470101001]","2021S05024701001","Natural land for pasture","Hectares","Number","223","units","0","v1326647382","1521.8.3","5788","E","","","0"
"2021","Mount Pleasant No. 2, Saskatchewan [CCS470101006]","2021S05024701006","Tame or seeded pasture","Hectares","Number","223","units","0","v1326647412","1522.7.3","11793","C","","","0"
"2021","Mount Pleasant No. 2, Saskatchewan [CCS470101006]","2021S05024701006","Natural land for pasture","Hectares","Number","223","units","0","v1326647415","1522.8.3","13997","D","","","0"
"2021","Enniskillen No. 3, Saskatchewan [CCS470101011]","2021S05024701011","Tame or seeded pasture","Hectares","Number","223","units","0","v1326647445","1523.7.3","7337","D","","","0"
"2021","Enniskillen No. 3, Saskatchewan [CCS470101011]","2021S05024701011","Natural land for pasture","Hectares","Number","223","units","0","v1326647448","1523.8.3","10998","D","","","0"
"2021","Coalfields No. 4, Saskatchewan [CCS470101016]","2021S05024701016","Tame or seeded pasture","Hectares","Number","223","units","0","v1326647478","1524.7.3","4804","D","","","0"
"2021","Coalfields No. 4, Saskatchewan [CCS470101016]","2021S05024701016","Natural land for pasture","Hectares","Number","223","units","0","v1326647481","1524.8.3","14255","C","","","0"
"2021","Estevan No. 5, Saskatchewan [CCS470101022]","2021S05024701022","Tame or seeded pasture","Hectares","Number","223","units","0","v1326647511","1525.7.3","10604","D","","","0"
"2021","Estevan No. 5, Saskatchewan [CCS470101022]","2021S05024701022","Natural land for pasture","Hectares","Number","223","units","0","v1326647514","1525.8.3","14507","D","","","0"
"2021","Benson No. 35, Saskatchewan [CCS470101027]","2021S05024701027","Tame or seeded pasture","Hectares","Number","223","units","0","v1326647544","1526.7.3","","F","","","0"
"2021","Benson No. 35, Saskatchewan [CCS470101027]","2021S05024701027","Natural land for pasture","Hectares","Number","223","units","0","v1326647547","1526.8.3","","F","","","0"
"2021","Browning No. 34, Saskatchewan [CCS470101031]","2021S05024701031","Tame or seeded pasture","Hectares","Number","223","units","0","v1326647577","1527.7.3","5687","D","","","0"
"2021","Browning No. 34, Saskatchewan [CCS470101031]","2021S05024701031","Natural land for pasture","Hectares","Number","223","units","0","v1326647580","1527.8.3","","F","","","0"
"2021","Moose Creek No. 33, Saskatchewan [CCS470101036]","2021S05024701036","Tame or seeded pasture","Hectares","Number","223","units","0","v1326647610","1528.7.3","12424","C","","","0"
"2021","Moose Creek No. 33, Saskatchewan [CCS470101036]","2021S05024701036","Natural land for pasture","Hectares","Number","223","units","0","v1326647613","1528.8.3","7872","E","","","0"
"2021","Reciprocity No. 32, Saskatchewan [CCS470101039]","2021S05024701039","Tame or seeded pasture","Hectares","Number","223","units","0","v1326647643","1529.7.3","4543","E","","","0"
"2021","Reciprocity No. 32, Saskatchewan [CCS470101039]","2021S05024701039","Natural land for pasture","Hectares","Number","223","units","0","v1326647646","1529.8.3","7192","E","","","0"
"2021","Storthoaks No. 31, Saskatchewan [CCS470101043]","2021S05024701043","Tame or seeded pasture","Hectares","Number","223","units","0","v1326647676","1530.7.3","","F","","","0"
"2021","Storthoaks No. 31, Saskatchewan [CCS470101043]","2021S05024701043","Natural land for pasture","Hectares","Number","223","units","0","v1326647679","1530.8.3","","F","","","0"
"2021","Antler No. 61, Saskatchewan [CCS470101047]","2021S05024701047","Tame or seeded pasture","Hectares","Number","223","units","0","v1326647709","1531.7.3","5426","E","","","0"
"2021","Antler No. 61, Saskatchewan [CCS470101047]","2021S05024701047","Natural land for pasture","Hectares","Number","223","units","0","v1326647712","1531.8.3","","F","","","0"
"2021","Moose Mountain No. 63, Saskatchewan [CCS470101053]","2021S05024701053","Tame or seeded pasture","Hectares","Number","223","units","0","v1326647742","1532.7.3","7442","D","","","0"
"2021","Moose Mountain No. 63, Saskatchewan [CCS470101053]","2021S05024701053","Natural land for pasture","Hectares","Number","223","units","0","v1326647745","1532.8.3","12052","D","","","0"
"2021","Brock No. 64, Saskatchewan [CCS470101058]","2021S05024701058","Tame or seeded pasture","Hectares","Number","223","units","0","v1326647775","1533.7.3","6131","D","","","0"
"2021","Brock No. 64, Saskatchewan [CCS470101058]","2021S05024701058","Natural land for pasture","Hectares","Number","223","units","0","v1326647778","1533.8.3","15879","D","","","0"
"2021","Tecumseh No. 65, Saskatchewan [CCS470101063]","2021S05024701063","Tame or seeded pasture","Hectares","Number","223","units","0","v1326647808","1534.7.3","7099","D","","","0"
"2021","Tecumseh No. 65, Saskatchewan [CCS470101063]","2021S05024701063","Natural land for pasture","Hectares","Number","223","units","0","v1326647811","1534.8.3","11268","D","","","0"
"2021","Golden West No. 95, Saskatchewan [CCS470101069]","2021S05024701069","Tame or seeded pasture","Hectares","Number","223","units","0","v1326647841","1535.7.3","4184","E","","","0"
"2021","Golden West No. 95, Saskatchewan [CCS470101069]","2021S05024701069","Natural land for pasture","Hectares","Number","223","units","0","v1326647844","1535.8.3","12955","D","","","0"
"2021","Hazelwood No. 94, Saskatchewan [CCS470101072]","2021S05024701072","Tame or seeded pasture","Hectares","Number","223","units","0","v1326647874","1536.7.3","5004","C","","","0"
"2021","Hazelwood No. 94, Saskatchewan [CCS470101072]","2021S05024701072","Natural land for pasture","Hectares","Number","223","units","0","v1326647877","1536.8.3","9749","C","","","0"
"2021","Wawken No. 93, Saskatchewan [CCS470101076]","2021S05024701076","Tame or seeded pasture","Hectares","Number","223","units","0","v1326647907","1537.7.3","7944","D","","","0"
"2021","Wawken No. 93, Saskatchewan [CCS470101076]","2021S05024701076","Natural land for pasture","Hectares","Number","223","units","0","v1326647910","1537.8.3","13720","D","","","0"
"2021","Walpole No. 92, Saskatchewan [CCS470101091]","2021S05024701091","Tame or seeded pasture","Hectares","Number","223","units","0","v1326647940","1538.7.3","9547","B","","","0"
"2021","Walpole No. 92, Saskatchewan [CCS470101091]","2021S05024701091","Natural land for pasture","Hectares","Number","223","units","0","v1326647943","1538.8.3","14670","C","","","0"
"2021","Maryfield No. 91, Saskatchewan [CCS470101094]","2021S05024701094","Tame or seeded pasture","Hectares","Number","223","units","0","v1326647973","1539.7.3","3987","E","","","0"
"2021","Maryfield No. 91, Saskatchewan [CCS470101094]","2021S05024701094","Natural land for pasture","Hectares","Number","223","units","0","v1326647976","1539.8.3","6676","E","","","0"
"2021","Moosomin No. 121, Saskatchewan [CCS470105001]","2021S05024705001","Tame or seeded pasture","Hectares","Number","223","units","0","v1326648039","1541.7.3","5321","E","","","0"
"2021","Moosomin No. 121, Saskatchewan [CCS470105001]","2021S05024705001","Natural land for pasture","Hectares","Number","223","units","0","v1326648042","1541.8.3","7040","E","","","0"
"2021","Martin No. 122, Saskatchewan [CCS470105007]","2021S05024705007","Tame or seeded pasture","Hectares","Number","223","units","0","v1326648072","1542.7.3","6912","C","","","0"
"2021","Martin No. 122, Saskatchewan [CCS470105007]","2021S05024705007","Natural land for pasture","Hectares","Number","223","units","0","v1326648075","1542.8.3","11123","C","","","0"
"2021","Silverwood No. 123, Saskatchewan [CCS470105011]","2021S05024705011","Tame or seeded pasture","Hectares","Number","223","units","0","v1326648105","1543.7.3","8827","C","","","0"
"2021","Silverwood No. 123, Saskatchewan [CCS470105011]","2021S05024705011","Natural land for pasture","Hectares","Number","223","units","0","v1326648108","1543.8.3","8292","D","","","0"
"2021","Kingsley No. 124, Saskatchewan [CCS470105014]","2021S05024705014","Tame or seeded pasture","Hectares","Number","223","units","0","v1326648138","1544.7.3","8159","D","","","0"
"2021","Kingsley No. 124, Saskatchewan [CCS470105014]","2021S05024705014","Natural land for pasture","Hectares","Number","223","units","0","v1326648141","1544.8.3","5741","E","","","0"
"2021","Chester No. 125, Saskatchewan [CCS470105018]","2021S05024705018","Tame or seeded pasture","Hectares","Number","223","units","0","v1326648171","1545.7.3","9735","D","","","0"
"2021","Chester No. 125, Saskatchewan [CCS470105018]","2021S05024705018","Natural land for pasture","Hectares","Number","223","units","0","v1326648174","1545.8.3","10339","E","","","0"
"2021","Wolseley No. 155, Saskatchewan [CCS470105027]","2021S05024705027","Tame or seeded pasture","Hectares","Number","223","units","0","v1326648204","1546.7.3","3828","E","","","0"
"2021","Wolseley No. 155, Saskatchewan [CCS470105027]","2021S05024705027","Natural land for pasture","Hectares","Number","223","units","0","v1326648207","1546.8.3","7365","E","","","0"
"2021","Elcapo No. 154, Saskatchewan [CCS470105028]","2021S05024705028","Tame or seeded pasture","Hectares","Number","223","units","0","v1326648237","1547.7.3","4826","E","","","0"
"2021","Elcapo No. 154, Saskatchewan [CCS470105028]","2021S05024705028","Natural land for pasture","Hectares","Number","223","units","0","v1326648240","1547.8.3","7379","E","","","0"
"2021","Willowdale No. 153, Saskatchewan [CCS470105033]","2021S05024705033","Tame or seeded pasture","Hectares","Number","223","units","0","v1326648270","1548.7.3","6261","E","","","0"
"2021","Willowdale No. 153, Saskatchewan [CCS470105033]","2021S05024705033","Natural land for pasture","Hectares","Number","223","units","0","v1326648273","1548.8.3","","F","","","0"
"2021","Rocanville No. 151, Saskatchewan [CCS470105037]","2021S05024705037","Tame or seeded pasture","Hectares","Number","223","units","0","v1326648303","1549.7.3","10001","C","","","0"
"2021","Rocanville No. 151, Saskatchewan [CCS470105037]","2021S05024705037","Natural land for pasture","Hectares","Number","223","units","0","v1326648306","1549.8.3","11605","D","","","0"
"2021","Spy Hill No. 152, Saskatchewan [CCS470105041]","2021S05024705041","Tame or seeded pasture","Hectares","Number","223","units","0","v1326648336","1550.7.3","5672","D","","","0"
"2021","Spy Hill No. 152, Saskatchewan [CCS470105041]","2021S05024705041","Natural land for pasture","Hectares","Number","223","units","0","v1326648339","1550.8.3","9160","C","","","0"
"2021","Langenburg No. 181, Saskatchewan [CCS470105047]","2021S05024705047","Tame or seeded pasture","Hectares","Number","223","units","0","v1326648369","1551.7.3","3591","E","","","0"
"2021","Langenburg No. 181, Saskatchewan [CCS470105047]","2021S05024705047","Natural land for pasture","Hectares","Number","223","units","0","v1326648372","1551.8.3","","F","","","0"
"2021","Fertile Belt No. 183, Saskatchewan [CCS470105051]","2021S05024705051","Tame or seeded pasture","Hectares","Number","223","units","0","v1326648402","1552.7.3","3849","E","","","0"
"2021","Fertile Belt No. 183, Saskatchewan [CCS470105051]","2021S05024705051","Natural land for pasture","Hectares","Number","223","units","0","v1326648405","1552.8.3","","F","","","0"
"2021","Grayson No. 184, Saskatchewan [CCS470105057]","2021S05024705057","Tame or seeded pasture","Hectares","Number","223","units","0","v1326648435","1553.7.3","10035","B","","","0"
"2021","Grayson No. 184, Saskatchewan [CCS470105057]","2021S05024705057","Natural land for pasture","Hectares","Number","223","units","0","v1326648438","1553.8.3","5000","D","","","0"
"2021","McLeod No. 185, Saskatchewan [CCS470105063]","2021S05024705063","Tame or seeded pasture","Hectares","Number","223","units","0","v1326648468","1554.7.3","4214","E","","","0"
"2021","McLeod No. 185, Saskatchewan [CCS470105063]","2021S05024705063","Natural land for pasture","Hectares","Number","223","units","0","v1326648471","1554.8.3","","F","","","0"
"2021","Stanley No. 215, Saskatchewan [CCS470105067]","2021S05024705067","Tame or seeded pasture","Hectares","Number","223","units","0","v1326648501","1555.7.3","5691","C","","","0"
"2021","Stanley No. 215, Saskatchewan [CCS470105067]","2021S05024705067","Natural land for pasture","Hectares","Number","223","units","0","v1326648504","1555.8.3","","F","","","0"
"2021","Cana No. 214, Saskatchewan [CCS470105073]","2021S05024705073","Tame or seeded pasture","Hectares","Number","223","units","0","v1326648534","1556.7.3","8329","E","","","0"
"2021","Cana No. 214, Saskatchewan [CCS470105073]","2021S05024705073","Natural land for pasture","Hectares","Number","223","units","0","v1326648537","1556.8.3","","F","","","0"
"2021","Saltcoats No. 213, Saskatchewan [CCS470105077]","2021S05024705077","Tame or seeded pasture","Hectares","Number","223","units","0","v1326648567","1557.7.3","4271","D","","","0"
"2021","Saltcoats No. 213, Saskatchewan [CCS470105077]","2021S05024705077","Natural land for pasture","Hectares","Number","223","units","0","v1326648570","1557.8.3","5495","D","","","0"
"2021","Churchbridge No. 211, Saskatchewan [CCS470105093]","2021S05024705093","Tame or seeded pasture","Hectares","Number","223","units","0","v1326648600","1558.7.3","2994","E","","","0"
"2021","Churchbridge No. 211, Saskatchewan [CCS470105093]","2021S05024705093","Natural land for pasture","Hectares","Number","223","units","0","v1326648603","1558.8.3","3134","E","","","0"
"2021","Calder No. 241, Saskatchewan [CCS470109001]","2021S05024709001","Tame or seeded pasture","Hectares","Number","223","units","0","v1326648666","1560.7.3","5980","D","","","0"
"2021","Calder No. 241, Saskatchewan [CCS470109001]","2021S05024709001","Natural land for pasture","Hectares","Number","223","units","0","v1326648669","1560.8.3","9729","C","","","0"
"2021","Wallace No. 243, Saskatchewan [CCS470109006]","2021S05024709006","Tame or seeded pasture","Hectares","Number","223","units","0","v1326648699","1561.7.3","2763","E","","","0"
"2021","Wallace No. 243, Saskatchewan [CCS470109006]","2021S05024709006","Natural land for pasture","Hectares","Number","223","units","0","v1326648702","1561.8.3","4984","D","","","0"
"2021","Orkney No. 244, Saskatchewan [CCS470109011]","2021S05024709011","Tame or seeded pasture","Hectares","Number","223","units","0","v1326648732","1562.7.3","9447","D","","","0"
"2021","Orkney No. 244, Saskatchewan [CCS470109011]","2021S05024709011","Natural land for pasture","Hectares","Number","223","units","0","v1326648735","1562.8.3","12845","D","","","0"
"2021","Garry No. 245, Saskatchewan [CCS470109019]","2021S05024709019","Tame or seeded pasture","Hectares","Number","223","units","0","v1326648765","1563.7.3","5662","D","","","0"
"2021","Garry No. 245, Saskatchewan [CCS470109019]","2021S05024709019","Natural land for pasture","Hectares","Number","223","units","0","v1326648768","1563.8.3","11723","E","","","0"
"2021","Insinger No. 275, Saskatchewan [CCS470109023]","2021S05024709023","Tame or seeded pasture","Hectares","Number","223","units","0","v1326648798","1564.7.3","10329","D","","","0"
"2021","Insinger No. 275, Saskatchewan [CCS470109023]","2021S05024709023","Natural land for pasture","Hectares","Number","223","units","0","v1326648801","1564.8.3","","F","","","0"
"2021","Good Lake No. 274, Saskatchewan [CCS470109029]","2021S05024709029","Tame or seeded pasture","Hectares","Number","223","units","0","v1326648831","1565.7.3","4358","D","","","0"
"2021","Good Lake No. 274, Saskatchewan [CCS470109029]","2021S05024709029","Natural land for pasture","Hectares","Number","223","units","0","v1326648834","1565.8.3","5239","E","","","0"
"2021","Sliding Hills No. 273, Saskatchewan [CCS470109033]","2021S05024709033","Tame or seeded pasture","Hectares","Number","223","units","0","v1326648864","1566.7.3","","F","","","0"
"2021","Sliding Hills No. 273, Saskatchewan [CCS470109033]","2021S05024709033","Natural land for pasture","Hectares","Number","223","units","0","v1326648867","1566.8.3","4904","D","","","0"
"2021","Cote No. 271, Saskatchewan [CCS470109037]","2021S05024709037","Tame or seeded pasture","Hectares","Number","223","units","0","v1326648897","1567.7.3","4795","D","","","0"
"2021","Cote No. 271, Saskatchewan [CCS470109037]","2021S05024709037","Natural land for pasture","Hectares","Number","223","units","0","v1326648900","1567.8.3","11131","C","","","0"
"2021","St. Philips No. 301, Saskatchewan [CCS470109042]","2021S05024709042","Tame or seeded pasture","Hectares","Number","223","units","0","v1326648930","1568.7.3","3068","D","","","0"
"2021","St. Philips No. 301, Saskatchewan [CCS470109042]","2021S05024709042","Natural land for pasture","Hectares","Number","223","units","0","v1326648933","1568.8.3","2643","E","","","0"
"2021","Keys No. 303, Saskatchewan [CCS470109046]","2021S05024709046","Tame or seeded pasture","Hectares","Number","223","units","0","v1326648963","1569.7.3","3484","C","","","0"
"2021","Keys No. 303, Saskatchewan [CCS470109046]","2021S05024709046","Natural land for pasture","Hectares","Number","223","units","0","v1326648966","1569.8.3","8216","B","","","0"
"2021","Buchanan No. 304, Saskatchewan [CCS470109049]","2021S05024709049","Tame or seeded pasture","Hectares","Number","223","units","0","v1326648996","1570.7.3","1574","E","","","0"
"2021","Buchanan No. 304, Saskatchewan [CCS470109049]","2021S05024709049","Natural land for pasture","Hectares","Number","223","units","0","v1326648999","1570.8.3","1764","E","","","0"
"2021","Invermay No. 305, Saskatchewan [CCS470109054]","2021S05024709054","Tame or seeded pasture","Hectares","Number","223","units","0","v1326649029","1571.7.3","3980","E","","","0"
"2021","Invermay No. 305, Saskatchewan [CCS470109054]","2021S05024709054","Natural land for pasture","Hectares","Number","223","units","0","v1326649032","1571.8.3","","F","","","0"
"2021","Hazel Dell No. 335, Saskatchewan [CCS470109060]","2021S05024709060","Tame or seeded pasture","Hectares","Number","223","units","0","v1326649062","1572.7.3","8899","D","","","0"
"2021","Hazel Dell No. 335, Saskatchewan [CCS470109060]","2021S05024709060","Natural land for pasture","Hectares","Number","223","units","0","v1326649065","1572.8.3","","F","","","0"
"2021","Preeceville No. 334, Saskatchewan [CCS470109062]","2021S05024709062","Tame or seeded pasture","Hectares","Number","223","units","0","v1326649095","1573.7.3","10371","C","","","0"
"2021","Preeceville No. 334, Saskatchewan [CCS470109062]","2021S05024709062","Natural land for pasture","Hectares","Number","223","units","0","v1326649098","1573.8.3","","F","","","0"
"2021","Clayton No. 333, Saskatchewan [CCS470109067]","2021S05024709067","Tame or seeded pasture","Hectares","Number","223","units","0","v1326649128","1574.7.3","7221","D","","","0"
"2021","Clayton No. 333, Saskatchewan [CCS470109067]","2021S05024709067","Natural land for pasture","Hectares","Number","223","units","0","v1326649131","1574.8.3","9258","D","","","0"
"2021","Livingston No. 331, Saskatchewan [CCS470109075]","2021S05024709075","Tame or seeded pasture","Hectares","Number","223","units","0","v1326649161","1575.7.3","6418","D","","","0"
"2021","Livingston No. 331, Saskatchewan [CCS470109075]","2021S05024709075","Natural land for pasture","Hectares","Number","223","units","0","v1326649164","1575.8.3","","F","","","0"
"2021","Ituna Bon Accord No. 246, Saskatchewan [CCS470110003]","2021S05024710003","Tame or seeded pasture","Hectares","Number","223","units","0","v1326649227","1577.7.3","2974","E","","","0"
"2021","Ituna Bon Accord No. 246, Saskatchewan [CCS470110003]","2021S05024710003","Natural land for pasture","Hectares","Number","223","units","0","v1326649230","1577.8.3","4187","E","","","0"
"2021","Kellross No. 247, Saskatchewan [CCS470110008]","2021S05024710008","Tame or seeded pasture","Hectares","Number","223","units","0","v1326649260","1578.7.3","8639","C","","","0"
"2021","Kellross No. 247, Saskatchewan [CCS470110008]","2021S05024710008","Natural land for pasture","Hectares","Number","223","units","0","v1326649263","1578.8.3","7388","D","","","0"
"2021","Touchwood No. 248, Saskatchewan [CCS470110014]","2021S05024710014","Tame or seeded pasture","Hectares","Number","223","units","0","v1326649293","1579.7.3","7865","B","","","0"
"2021","Touchwood No. 248, Saskatchewan [CCS470110014]","2021S05024710014","Natural land for pasture","Hectares","Number","223","units","0","v1326649296","1579.8.3","7315","C","","","0"
"2021","Mount Hope No. 279, Saskatchewan [CCS470110024]","2021S05024710024","Tame or seeded pasture","Hectares","Number","223","units","0","v1326649326","1580.7.3","8894","D","","","0"
"2021","Mount Hope No. 279, Saskatchewan [CCS470110024]","2021S05024710024","Natural land for pasture","Hectares","Number","223","units","0","v1326649329","1580.8.3","13254","E","","","0"
"2021","Emerald No. 277, Saskatchewan [CCS470110031]","2021S05024710031","Tame or seeded pasture","Hectares","Number","223","units","0","v1326649359","1581.7.3","3569","E","","","0"
"2021","Emerald No. 277, Saskatchewan [CCS470110031]","2021S05024710031","Natural land for pasture","Hectares","Number","223","units","0","v1326649362","1581.8.3","","F","","","0"
"2021","Foam Lake No. 276, Saskatchewan [CCS470110036]","2021S05024710036","Tame or seeded pasture","Hectares","Number","223","units","0","v1326649392","1582.7.3","9273","D","","","0"
"2021","Foam Lake No. 276, Saskatchewan [CCS470110036]","2021S05024710036","Natural land for pasture","Hectares","Number","223","units","0","v1326649395","1582.8.3","13020","E","","","0"
"2021","Elfros No. 307, Saskatchewan [CCS470110041]","2021S05024710041","Tame or seeded pasture","Hectares","Number","223","units","0","v1326649425","1583.7.3","1890","E","","","0"
"2021","Elfros No. 307, Saskatchewan [CCS470110041]","2021S05024710041","Natural land for pasture","Hectares","Number","223","units","0","v1326649428","1583.8.3","3594","D","","","0"
"2021","Big Quill No. 308, Saskatchewan [CCS470110046]","2021S05024710046","Tame or seeded pasture","Hectares","Number","223","units","0","v1326649458","1584.7.3","2109","E","","","0"
"2021","Big Quill No. 308, Saskatchewan [CCS470110046]","2021S05024710046","Natural land for pasture","Hectares","Number","223","units","0","v1326649461","1584.8.3","4267","E","","","0"
"2021","Prairie Rose No. 309, Saskatchewan [CCS470110052]","2021S05024710052","Tame or seeded pasture","Hectares","Number","223","units","0","v1326649491","1585.7.3","7599","D","","","0"
"2021","Prairie Rose No. 309, Saskatchewan [CCS470110052]","2021S05024710052","Natural land for pasture","Hectares","Number","223","units","0","v1326649494","1585.8.3","20533","D","","","0"
"2021","Leroy No. 339, Saskatchewan [CCS470110056]","2021S05024710056","Tame or seeded pasture","Hectares","Number","223","units","0","v1326649524","1586.7.3","","F","","","0"
"2021","Leroy No. 339, Saskatchewan [CCS470110056]","2021S05024710056","Natural land for pasture","Hectares","Number","223","units","0","v1326649527","1586.8.3","","F","","","0"
"2021","Lakeside No. 338, Saskatchewan [CCS470110061]","2021S05024710061","Tame or seeded pasture","Hectares","Number","223","units","0","v1326649557","1587.7.3","","F","","","0"
"2021","Lakeside No. 338, Saskatchewan [CCS470110061]","2021S05024710061","Natural land for pasture","Hectares","Number","223","units","0","v1326649560","1587.8.3","2228","E","","","0"
"2021","Lakeview No. 337, Saskatchewan [CCS470110066]","2021S05024710066","Tame or seeded pasture","Hectares","Number","223","units","0","v1326649590","1588.7.3","","F","","","0"
"2021","Lakeview No. 337, Saskatchewan [CCS470110066]","2021S05024710066","Natural land for pasture","Hectares","Number","223","units","0","v1326649593","1588.8.3","2066","E","","","0"
"2021","Sasman No. 336, Saskatchewan [CCS470110071]","2021S05024710071","Tame or seeded pasture","Hectares","Number","223","units","0","v1326649623","1589.7.3","3157","D","","","0"
"2021","Sasman No. 336, Saskatchewan [CCS470110071]","2021S05024710071","Natural land for pasture","Hectares","Number","223","units","0","v1326649626","1589.8.3","3410","E","","","0"
"2021","Cambria No. 6, Saskatchewan [CCS470202001]","2021S05024702001","Tame or seeded pasture","Hectares","Number","223","units","0","v1326649722","1592.7.3","4836","E","","","0"
"2021","Cambria No. 6, Saskatchewan [CCS470202001]","2021S05024702001","Natural land for pasture","Hectares","Number","223","units","0","v1326649725","1592.8.3","13187","D","","","0"
"2021","Souris Valley No. 7, Saskatchewan [CCS470202006]","2021S05024702006","Tame or seeded pasture","Hectares","Number","223","units","0","v1326649755","1593.7.3","3282","E","","","0"
"2021","Souris Valley No. 7, Saskatchewan [CCS470202006]","2021S05024702006","Natural land for pasture","Hectares","Number","223","units","0","v1326649758","1593.8.3","","F","","","0"
"2021","Lake Alma No. 8, Saskatchewan [CCS470202011]","2021S05024702011","Tame or seeded pasture","Hectares","Number","223","units","0","v1326649788","1594.7.3","9196","D","","","0"
"2021","Lake Alma No. 8, Saskatchewan [CCS470202011]","2021S05024702011","Natural land for pasture","Hectares","Number","223","units","0","v1326649791","1594.8.3","28901","C","","","0"
"2021","Surprise Valley No. 9, Saskatchewan [CCS470202014]","2021S05024702014","Tame or seeded pasture","Hectares","Number","223","units","0","v1326649821","1595.7.3","7152","E","","","0"
"2021","Surprise Valley No. 9, Saskatchewan [CCS470202014]","2021S05024702014","Natural land for pasture","Hectares","Number","223","units","0","v1326649824","1595.8.3","35994","D","","","0"
"2021","Happy Valley No. 10, Saskatchewan [CCS470202018]","2021S05024702018","Tame or seeded pasture","Hectares","Number","223","units","0","v1326649854","1596.7.3","3957","E","","","0"
"2021","Happy Valley No. 10, Saskatchewan [CCS470202018]","2021S05024702018","Natural land for pasture","Hectares","Number","223","units","0","v1326649857","1596.8.3","34584","D","","","0"
"2021","Bengough No. 40, Saskatchewan [CCS470202024]","2021S05024702024","Tame or seeded pasture","Hectares","Number","223","units","0","v1326649887","1597.7.3","6448","E","","","0"
"2021","Bengough No. 40, Saskatchewan [CCS470202024]","2021S05024702024","Natural land for pasture","Hectares","Number","223","units","0","v1326649890","1597.8.3","37773","D","","","0"
"2021","The Gap No. 39, Saskatchewan [CCS470202026]","2021S05024702026","Tame or seeded pasture","Hectares","Number","223","units","0","v1326649920","1598.7.3","3649","E","","","0"
"2021","The Gap No. 39, Saskatchewan [CCS470202026]","2021S05024702026","Natural land for pasture","Hectares","Number","223","units","0","v1326649923","1598.8.3","19539","E","","","0"
"2021","Laurier No. 38, Saskatchewan [CCS470202029]","2021S05024702029","Tame or seeded pasture","Hectares","Number","223","units","0","v1326649953","1599.7.3","7666","E","","","0"
"2021","Laurier No. 38, Saskatchewan [CCS470202029]","2021S05024702029","Natural land for pasture","Hectares","Number","223","units","0","v1326649956","1599.8.3","27224","D","","","0"
"2021","Lomond No. 37, Saskatchewan [CCS470202033]","2021S05024702033","Tame or seeded pasture","Hectares","Number","223","units","0","v1326649986","1600.7.3","7369","D","","","0"
"2021","Lomond No. 37, Saskatchewan [CCS470202033]","2021S05024702033","Natural land for pasture","Hectares","Number","223","units","0","v1326649989","1600.8.3","21110","D","","","0"
"2021","Cymri No. 36, Saskatchewan [CCS470202037]","2021S05024702037","Tame or seeded pasture","Hectares","Number","223","units","0","v1326650019","1601.7.3","12199","B","","","0"
"2021","Cymri No. 36, Saskatchewan [CCS470202037]","2021S05024702037","Natural land for pasture","Hectares","Number","223","units","0","v1326650022","1601.8.3","8980","D","","","0"
"2021","Griffin No. 66, Saskatchewan [CCS470202042]","2021S05024702042","Tame or seeded pasture","Hectares","Number","223","units","0","v1326650052","1602.7.3","5873","C","","","0"
"2021","Griffin No. 66, Saskatchewan [CCS470202042]","2021S05024702042","Natural land for pasture","Hectares","Number","223","units","0","v1326650055","1602.8.3","","F","","","0"
"2021","Weyburn No. 67, Saskatchewan [CCS470202044]","2021S05024702044","Tame or seeded pasture","Hectares","Number","223","units","0","v1326650085","1603.7.3","13411","D","","","0"
"2021","Weyburn No. 67, Saskatchewan [CCS470202044]","2021S05024702044","Natural land for pasture","Hectares","Number","223","units","0","v1326650088","1603.8.3","10196","E","","","0"
"2021","Brokenshell No. 68, Saskatchewan [CCS470202051]","2021S05024702051","Tame or seeded pasture","Hectares","Number","223","units","0","v1326650118","1604.7.3","10081","D","","","0"
"2021","Brokenshell No. 68, Saskatchewan [CCS470202051]","2021S05024702051","Natural land for pasture","Hectares","Number","223","units","0","v1326650121","1604.8.3","20514","E","","","0"
"2021","Norton No. 69, Saskatchewan [CCS470202052]","2021S05024702052","Tame or seeded pasture","Hectares","Number","223","units","0","v1326650151","1605.7.3","6014","D","","","0"
"2021","Norton No. 69, Saskatchewan [CCS470202052]","2021S05024702052","Natural land for pasture","Hectares","Number","223","units","0","v1326650154","1605.8.3","11741","D","","","0"
"2021","Key West No. 70, Saskatchewan [CCS470202057]","2021S05024702057","Tame or seeded pasture","Hectares","Number","223","units","0","v1326650184","1606.7.3","6740","E","","","0"
"2021","Key West No. 70, Saskatchewan [CCS470202057]","2021S05024702057","Natural land for pasture","Hectares","Number","223","units","0","v1326650187","1606.8.3","","F","","","0"
"2021","Elmsthorpe No. 100, Saskatchewan [CCS470202061]","2021S05024702061","Tame or seeded pasture","Hectares","Number","223","units","0","v1326650217","1607.7.3","6260","D","","","0"
"2021","Elmsthorpe No. 100, Saskatchewan [CCS470202061]","2021S05024702061","Natural land for pasture","Hectares","Number","223","units","0","v1326650220","1607.8.3","11014","D","","","0"
"2021","Caledonia No. 99, Saskatchewan [CCS470202066]","2021S05024702066","Tame or seeded pasture","Hectares","Number","223","units","0","v1326650250","1608.7.3","4151","D","","","0"
"2021","Caledonia No. 99, Saskatchewan [CCS470202066]","2021S05024702066","Natural land for pasture","Hectares","Number","223","units","0","v1326650253","1608.8.3","17236","C","","","0"
"2021","Scott No. 98, Saskatchewan [CCS470202069]","2021S05024702069","Tame or seeded pasture","Hectares","Number","223","units","0","v1326650283","1609.7.3","3492","E","","","0"
"2021","Scott No. 98, Saskatchewan [CCS470202069]","2021S05024702069","Natural land for pasture","Hectares","Number","223","units","0","v1326650286","1609.8.3","","F","","","0"
"2021","Wellington No. 97, Saskatchewan [CCS470202073]","2021S05024702073","Tame or seeded pasture","Hectares","Number","223","units","0","v1326650316","1610.7.3","6341","D","","","0"
"2021","Wellington No. 97, Saskatchewan [CCS470202073]","2021S05024702073","Natural land for pasture","Hectares","Number","223","units","0","v1326650319","1610.8.3","7638","D","","","0"
"2021","Fillmore No. 96, Saskatchewan [CCS470202076]","2021S05024702076","Tame or seeded pasture","Hectares","Number","223","units","0","v1326650349","1611.7.3","","F","","","0"
"2021","Fillmore No. 96, Saskatchewan [CCS470202076]","2021S05024702076","Natural land for pasture","Hectares","Number","223","units","0","v1326650352","1611.8.3","6212","E","","","0"
"2021","Montmartre No. 126, Saskatchewan [CCS470206001]","2021S05024706001","Tame or seeded pasture","Hectares","Number","223","units","0","v1326650415","1613.7.3","5392","E","","","0"
"2021","Montmartre No. 126, Saskatchewan [CCS470206001]","2021S05024706001","Natural land for pasture","Hectares","Number","223","units","0","v1326650418","1613.8.3","9449","E","","","0"
"2021","Francis No. 127, Saskatchewan [CCS470206004]","2021S05024706004","Tame or seeded pasture","Hectares","Number","223","units","0","v1326650448","1614.7.3","8643","E","","","0"
"2021","Francis No. 127, Saskatchewan [CCS470206004]","2021S05024706004","Natural land for pasture","Hectares","Number","223","units","0","v1326650451","1614.8.3","12537","E","","","0"
"2021","Lajord No. 128, Saskatchewan [CCS470206011]","2021S05024706011","Tame or seeded pasture","Hectares","Number","223","units","0","v1326650481","1615.7.3","","F","","","0"
"2021","Lajord No. 128, Saskatchewan [CCS470206011]","2021S05024706011","Natural land for pasture","Hectares","Number","223","units","0","v1326650484","1615.8.3","","F","","","0"
"2021","Bratt's Lake No. 129, Saskatchewan [CCS470206013]","2021S05024706013","Tame or seeded pasture","Hectares","Number","223","units","0","v1326650514","1616.7.3","","F","","","0"
"2021","Bratt's Lake No. 129, Saskatchewan [CCS470206013]","2021S05024706013","Natural land for pasture","Hectares","Number","223","units","0","v1326650517","1616.8.3","","F","","","0"
"2021","Redburn No. 130, Saskatchewan [CCS470206016]","2021S05024706016","Tame or seeded pasture","Hectares","Number","223","units","0","v1326650547","1617.7.3","","F","","","0"
"2021","Redburn No. 130, Saskatchewan [CCS470206016]","2021S05024706016","Natural land for pasture","Hectares","Number","223","units","0","v1326650550","1617.8.3","","F","","","0"
"2021","Pense No. 160, Saskatchewan [CCS470206021]","2021S05024706021","Tame or seeded pasture","Hectares","Number","223","units","0","v1326650580","1618.7.3","4668","D","","","0"
"2021","Pense No. 160, Saskatchewan [CCS470206021]","2021S05024706021","Natural land for pasture","Hectares","Number","223","units","0","v1326650583","1618.8.3","4543","E","","","0"
"2021","Sherwood No. 159, Saskatchewan [CCS470206026]","2021S05024706026","Tame or seeded pasture","Hectares","Number","223","units","0","v1326650613","1619.7.3","4817","E","","","0"
"2021","Sherwood No. 159, Saskatchewan [CCS470206026]","2021S05024706026","Natural land for pasture","Hectares","Number","223","units","0","v1326650616","1619.8.3","","F","","","0"
"2021","Edenwold No. 158, Saskatchewan [CCS470206029]","2021S05024706029","Tame or seeded pasture","Hectares","Number","223","units","0","v1326650646","1620.7.3","6295","E","","","0"
"2021","Edenwold No. 158, Saskatchewan [CCS470206029]","2021S05024706029","Natural land for pasture","Hectares","Number","223","units","0","v1326650649","1620.8.3","","F","","","0"
"2021","South Qu'Appelle No. 157, Saskatchewan [CCS470206034]","2021S05024706034","Tame or seeded pasture","Hectares","Number","223","units","0","v1326650679","1621.7.3","5451","D","","","0"
"2021","South Qu'Appelle No. 157, Saskatchewan [CCS470206034]","2021S05024706034","Natural land for pasture","Hectares","Number","223","units","0","v1326650682","1621.8.3","4882","E","","","0"
"2021","Indian Head No. 156, Saskatchewan [CCS470206038]","2021S05024706038","Tame or seeded pasture","Hectares","Number","223","units","0","v1326650712","1622.7.3","","F","","","0"
"2021","Indian Head No. 156, Saskatchewan [CCS470206038]","2021S05024706038","Natural land for pasture","Hectares","Number","223","units","0","v1326650715","1622.8.3","","F","","","0"
"2021","Abernethy No. 186, Saskatchewan [CCS470206042]","2021S05024706042","Tame or seeded pasture","Hectares","Number","223","units","0","v1326650745","1623.7.3","3804","D","","","0"
"2021","Abernethy No. 186, Saskatchewan [CCS470206042]","2021S05024706042","Natural land for pasture","Hectares","Number","223","units","0","v1326650748","1623.8.3","10453","B","","","0"
"2021","North Qu'Appelle No. 187, Saskatchewan [CCS470206048]","2021S05024706048","Tame or seeded pasture","Hectares","Number","223","units","0","v1326650778","1624.7.3","2641","D","","","0"
"2021","North Qu'Appelle No. 187, Saskatchewan [CCS470206048]","2021S05024706048","Natural land for pasture","Hectares","Number","223","units","0","v1326650781","1624.8.3","3329","E","","","0"
"2021","Lumsden No. 189, Saskatchewan [CCS470206053]","2021S05024706053","Tame or seeded pasture","Hectares","Number","223","units","0","v1326650811","1625.7.3","7838","E","","","0"
"2021","Lumsden No. 189, Saskatchewan [CCS470206053]","2021S05024706053","Natural land for pasture","Hectares","Number","223","units","0","v1326650814","1625.8.3","11505","E","","","0"
"2021","Dufferin No. 190, Saskatchewan [CCS470206059]","2021S05024706059","Tame or seeded pasture","Hectares","Number","223","units","0","v1326650844","1626.7.3","12999","C","","","0"
"2021","Dufferin No. 190, Saskatchewan [CCS470206059]","2021S05024706059","Natural land for pasture","Hectares","Number","223","units","0","v1326650847","1626.8.3","16189","C","","","0"
"2021","Sarnia No. 221, Saskatchewan [CCS470206063]","2021S05024706063","Tame or seeded pasture","Hectares","Number","223","units","0","v1326650877","1627.7.3","3859","E","","","0"
"2021","Sarnia No. 221, Saskatchewan [CCS470206063]","2021S05024706063","Natural land for pasture","Hectares","Number","223","units","0","v1326650880","1627.8.3","","F","","","0"
"2021","Longlaketon No. 219, Saskatchewan [CCS470206070]","2021S05024706070","Tame or seeded pasture","Hectares","Number","223","units","0","v1326650910","1628.7.3","7644","E","","","0"
"2021","Longlaketon No. 219, Saskatchewan [CCS470206070]","2021S05024706070","Natural land for pasture","Hectares","Number","223","units","0","v1326650913","1628.8.3","10370","E","","","0"
"2021","McKillop No. 220, Saskatchewan [CCS470206071]","2021S05024706071","Tame or seeded pasture","Hectares","Number","223","units","0","v1326650943","1629.7.3","6477","D","","","0"
"2021","McKillop No. 220, Saskatchewan [CCS470206071]","2021S05024706071","Natural land for pasture","Hectares","Number","223","units","0","v1326650946","1629.8.3","8182","E","","","0"
"2021","Cupar No. 218, Saskatchewan [CCS470206091]","2021S05024706091","Tame or seeded pasture","Hectares","Number","223","units","0","v1326650976","1630.7.3","8481","D","","","0"
"2021","Cupar No. 218, Saskatchewan [CCS470206091]","2021S05024706091","Natural land for pasture","Hectares","Number","223","units","0","v1326650979","1630.8.3","6169","E","","","0"
"2021","Lipton No. 217, Saskatchewan [CCS470206096]","2021S05024706096","Tame or seeded pasture","Hectares","Number","223","units","0","v1326651009","1631.7.3","6008","D","","","0"
"2021","Lipton No. 217, Saskatchewan [CCS470206096]","2021S05024706096","Natural land for pasture","Hectares","Number","223","units","0","v1326651012","1631.8.3","4789","E","","","0"
"2021","Tullymet No. 216, Saskatchewan [CCS470206099]","2021S05024706099","Tame or seeded pasture","Hectares","Number","223","units","0","v1326651042","1632.7.3","","F","","","0"
"2021","Tullymet No. 216, Saskatchewan [CCS470206099]","2021S05024706099","Natural land for pasture","Hectares","Number","223","units","0","v1326651045","1632.8.3","","F","","","0"
"2021","Hart Butte No. 11, Saskatchewan [CCS470303001]","2021S05024703001","Tame or seeded pasture","Hectares","Number","223","units","0","v1326651141","1635.7.3","5028","E","","","0"
"2021","Hart Butte No. 11, Saskatchewan [CCS470303001]","2021S05024703001","Natural land for pasture","Hectares","Number","223","units","0","v1326651144","1635.8.3","15461","E","","","0"
"2021","Poplar Valley No. 12, Saskatchewan [CCS470303006]","2021S05024703006","Tame or seeded pasture","Hectares","Number","223","units","0","v1326651174","1636.7.3","8271","E","","","0"
"2021","Poplar Valley No. 12, Saskatchewan [CCS470303006]","2021S05024703006","Natural land for pasture","Hectares","Number","223","units","0","v1326651177","1636.8.3","22319","E","","","0"
"2021","Old Post No. 43, Saskatchewan [CCS470303011]","2021S05024703011","Tame or seeded pasture","Hectares","Number","223","units","0","v1326651207","1637.7.3","24023","C","","","0"
"2021","Old Post No. 43, Saskatchewan [CCS470303011]","2021S05024703011","Natural land for pasture","Hectares","Number","223","units","0","v1326651210","1637.8.3","61582","C","","","0"
"2021","Glen McPherson No. 46, Saskatchewan [CCS470303016]","2021S05024703016","Tame or seeded pasture","Hectares","Number","223","units","0","v1326651240","1638.7.3","3982","D","","","0"
"2021","Glen McPherson No. 46, Saskatchewan [CCS470303016]","2021S05024703016","Natural land for pasture","Hectares","Number","223","units","0","v1326651243","1638.8.3","20652","C","","","0"
"2021","Mankota No. 45, Saskatchewan [CCS470303018]","2021S05024703018","Tame or seeded pasture","Hectares","Number","223","units","0","v1326651273","1639.7.3","13152","C","","","0"
"2021","Mankota No. 45, Saskatchewan [CCS470303018]","2021S05024703018","Natural land for pasture","Hectares","Number","223","units","0","v1326651276","1639.8.3","55970","B","","","0"
"2021","Waverley No. 44, Saskatchewan [CCS470303022]","2021S05024703022","Tame or seeded pasture","Hectares","Number","223","units","0","v1326651306","1640.7.3","18895","C","","","0"
"2021","Waverley No. 44, Saskatchewan [CCS470303022]","2021S05024703022","Natural land for pasture","Hectares","Number","223","units","0","v1326651309","1640.8.3","82903","B","","","0"
"2021","Willow Bunch No. 42, Saskatchewan [CCS470303026]","2021S05024703026","Tame or seeded pasture","Hectares","Number","223","units","0","v1326651339","1641.7.3","7235","E","","","0"
"2021","Willow Bunch No. 42, Saskatchewan [CCS470303026]","2021S05024703026","Natural land for pasture","Hectares","Number","223","units","0","v1326651342","1641.8.3","18723","E","","","0"
"2021","Excel No. 71, Saskatchewan [CCS470303029]","2021S05024703029","Tame or seeded pasture","Hectares","Number","223","units","0","v1326651372","1642.7.3","8649","E","","","0"
"2021","Excel No. 71, Saskatchewan [CCS470303029]","2021S05024703029","Natural land for pasture","Hectares","Number","223","units","0","v1326651375","1642.8.3","17562","E","","","0"
"2021","Lake of the Rivers No. 72, Saskatchewan [CCS470303034]","2021S05024703034","Tame or seeded pasture","Hectares","Number","223","units","0","v1326651405","1643.7.3","6418","E","","","0"
"2021","Lake of the Rivers No. 72, Saskatchewan [CCS470303034]","2021S05024703034","Natural land for pasture","Hectares","Number","223","units","0","v1326651408","1643.8.3","","F","","","0"
"2021","Stonehenge No. 73, Saskatchewan [CCS470303038]","2021S05024703038","Tame or seeded pasture","Hectares","Number","223","units","0","v1326651438","1644.7.3","2872","E","","","0"
"2021","Stonehenge No. 73, Saskatchewan [CCS470303038]","2021S05024703038","Natural land for pasture","Hectares","Number","223","units","0","v1326651441","1644.8.3","7715","E","","","0"
"2021","Wood River No. 74, Saskatchewan [CCS470303042]","2021S05024703042","Tame or seeded pasture","Hectares","Number","223","units","0","v1326651471","1645.7.3","7573","D","","","0"
"2021","Wood River No. 74, Saskatchewan [CCS470303042]","2021S05024703042","Natural land for pasture","Hectares","Number","223","units","0","v1326651474","1645.8.3","","F","","","0"
"2021","Pinto Creek No. 75, Saskatchewan [CCS470303048]","2021S05024703048","Tame or seeded pasture","Hectares","Number","223","units","0","v1326651504","1646.7.3","11037","D","","","0"
"2021","Pinto Creek No. 75, Saskatchewan [CCS470303048]","2021S05024703048","Natural land for pasture","Hectares","Number","223","units","0","v1326651507","1646.8.3","17578","D","","","0"
"2021","Auvergne No. 76, Saskatchewan [CCS470303054]","2021S05024703054","Tame or seeded pasture","Hectares","Number","223","units","0","v1326651537","1647.7.3","17392","C","","","0"
"2021","Auvergne No. 76, Saskatchewan [CCS470303054]","2021S05024703054","Natural land for pasture","Hectares","Number","223","units","0","v1326651540","1647.8.3","28197","D","","","0"
"2021","Whiska Creek No. 106, Saskatchewan [CCS470303059]","2021S05024703059","Tame or seeded pasture","Hectares","Number","223","units","0","v1326651570","1648.7.3","5648","D","","","0"
"2021","Whiska Creek No. 106, Saskatchewan [CCS470303059]","2021S05024703059","Natural land for pasture","Hectares","Number","223","units","0","v1326651573","1648.8.3","6481","E","","","0"
"2021","Glen Bain No. 105, Saskatchewan [CCS470303064]","2021S05024703064","Tame or seeded pasture","Hectares","Number","223","units","0","v1326651603","1649.7.3","4243","E","","","0"
"2021","Glen Bain No. 105, Saskatchewan [CCS470303064]","2021S05024703064","Natural land for pasture","Hectares","Number","223","units","0","v1326651606","1649.8.3","","F","","","0"
"2021","Gravelbourg No. 104, Saskatchewan [CCS470303068]","2021S05024703068","Tame or seeded pasture","Hectares","Number","223","units","0","v1326651636","1650.7.3","5345","E","","","0"
"2021","Gravelbourg No. 104, Saskatchewan [CCS470303068]","2021S05024703068","Natural land for pasture","Hectares","Number","223","units","0","v1326651639","1650.8.3","","F","","","0"
"2021","Sutton No. 103, Saskatchewan [CCS470303074]","2021S05024703074","Tame or seeded pasture","Hectares","Number","223","units","0","v1326651669","1651.7.3","","F","","","0"
"2021","Sutton No. 103, Saskatchewan [CCS470303074]","2021S05024703074","Natural land for pasture","Hectares","Number","223","units","0","v1326651672","1651.8.3","","F","","","0"
"2021","Lake Johnston No. 102, Saskatchewan [CCS470303093]","2021S05024703093","Tame or seeded pasture","Hectares","Number","223","units","0","v1326651702","1652.7.3","","F","","","0"
"2021","Lake Johnston No. 102, Saskatchewan [CCS470303093]","2021S05024703093","Natural land for pasture","Hectares","Number","223","units","0","v1326651705","1652.8.3","","F","","","0"
"2021","Terrell No. 101, Saskatchewan [CCS470303096]","2021S05024703096","Tame or seeded pasture","Hectares","Number","223","units","0","v1326651735","1653.7.3","8462","C","","","0"
"2021","Terrell No. 101, Saskatchewan [CCS470303096]","2021S05024703096","Natural land for pasture","Hectares","Number","223","units","0","v1326651738","1653.8.3","28608","B","","","0"
"2021","Val Marie No. 17, Saskatchewan [CCS470304003]","2021S05024704003","Tame or seeded pasture","Hectares","Number","223","units","0","v1326651801","1655.7.3","25698","C","","","0"
"2021","Val Marie No. 17, Saskatchewan [CCS470304003]","2021S05024704003","Natural land for pasture","Hectares","Number","223","units","0","v1326651804","1655.8.3","149668","B","","","0"
"2021","Lone Tree No. 18, Saskatchewan [CCS470304006]","2021S05024704006","Tame or seeded pasture","Hectares","Number","223","units","0","v1326651834","1656.7.3","","F","","","0"
"2021","Lone Tree No. 18, Saskatchewan [CCS470304006]","2021S05024704006","Natural land for pasture","Hectares","Number","223","units","0","v1326651837","1656.8.3","24835","E","","","0"
"2021","Frontier No. 19, Saskatchewan [CCS470304011]","2021S05024704011","Tame or seeded pasture","Hectares","Number","223","units","0","v1326651867","1657.7.3","4999","E","","","0"
"2021","Frontier No. 19, Saskatchewan [CCS470304011]","2021S05024704011","Natural land for pasture","Hectares","Number","223","units","0","v1326651870","1657.8.3","37784","C","","","0"
"2021","Reno No. 51, Saskatchewan [CCS470304019]","2021S05024704019","Tame or seeded pasture","Hectares","Number","223","units","0","v1326651900","1658.7.3","35934","C","","","0"
"2021","Reno No. 51, Saskatchewan [CCS470304019]","2021S05024704019","Natural land for pasture","Hectares","Number","223","units","0","v1326651903","1658.8.3","194652","B","","","0"
"2021","White Valley No. 49, Saskatchewan [CCS470304024]","2021S05024704024","Tame or seeded pasture","Hectares","Number","223","units","0","v1326651933","1659.7.3","23676","C","","","0"
"2021","White Valley No. 49, Saskatchewan [CCS470304024]","2021S05024704024","Natural land for pasture","Hectares","Number","223","units","0","v1326651936","1659.8.3","76112","C","","","0"
"2021","Wise Creek No. 77, Saskatchewan [CCS470304028]","2021S05024704028","Tame or seeded pasture","Hectares","Number","223","units","0","v1326651966","1660.7.3","4087","E","","","0"
"2021","Wise Creek No. 77, Saskatchewan [CCS470304028]","2021S05024704028","Natural land for pasture","Hectares","Number","223","units","0","v1326651969","1660.8.3","9046","E","","","0"
"2021","Grassy Creek No. 78, Saskatchewan [CCS470304034]","2021S05024704034","Tame or seeded pasture","Hectares","Number","223","units","0","v1326651999","1661.7.3","5547","E","","","0"
"2021","Grassy Creek No. 78, Saskatchewan [CCS470304034]","2021S05024704034","Natural land for pasture","Hectares","Number","223","units","0","v1326652002","1661.8.3","35118","C","","","0"
"2021","Arlington No. 79, Saskatchewan [CCS470304038]","2021S05024704038","Tame or seeded pasture","Hectares","Number","223","units","0","v1326652032","1662.7.3","6349","E","","","0"
"2021","Arlington No. 79, Saskatchewan [CCS470304038]","2021S05024704038","Natural land for pasture","Hectares","Number","223","units","0","v1326652035","1662.8.3","15855","E","","","0"
"2021","Maple Creek No. 111, Saskatchewan [CCS470304045]","2021S05024704045","Tame or seeded pasture","Hectares","Number","223","units","0","v1326652065","1663.7.3","44799","B","","","0"
"2021","Maple Creek No. 111, Saskatchewan [CCS470304045]","2021S05024704045","Natural land for pasture","Hectares","Number","223","units","0","v1326652068","1663.8.3","211555","B","","","0"
"2021","Piapot No. 110, Saskatchewan [CCS470304050]","2021S05024704050","Tame or seeded pasture","Hectares","Number","223","units","0","v1326652098","1664.7.3","22065","C","","","0"
"2021","Piapot No. 110, Saskatchewan [CCS470304050]","2021S05024704050","Natural land for pasture","Hectares","Number","223","units","0","v1326652101","1664.8.3","94247","C","","","0"
"2021","Carmichael No. 109, Saskatchewan [CCS470304054]","2021S05024704054","Tame or seeded pasture","Hectares","Number","223","units","0","v1326652131","1665.7.3","5160","E","","","0"
"2021","Carmichael No. 109, Saskatchewan [CCS470304054]","2021S05024704054","Natural land for pasture","Hectares","Number","223","units","0","v1326652134","1665.8.3","22159","D","","","0"
"2021","Bone Creek No. 108, Saskatchewan [CCS470304058]","2021S05024704058","Tame or seeded pasture","Hectares","Number","223","units","0","v1326652164","1666.7.3","4150","E","","","0"
"2021","Bone Creek No. 108, Saskatchewan [CCS470304058]","2021S05024704058","Natural land for pasture","Hectares","Number","223","units","0","v1326652167","1666.8.3","","F","","","0"
"2021","Lac Pelletier No. 107, Saskatchewan [CCS470304061]","2021S05024704061","Tame or seeded pasture","Hectares","Number","223","units","0","v1326652197","1667.7.3","3834","E","","","0"
"2021","Lac Pelletier No. 107, Saskatchewan [CCS470304061]","2021S05024704061","Natural land for pasture","Hectares","Number","223","units","0","v1326652200","1667.8.3","12429","E","","","0"
"2021","Baildon No. 131, Saskatchewan [CCS470307001]","2021S05024707001","Tame or seeded pasture","Hectares","Number","223","units","0","v1326652263","1669.7.3","4402","E","","","0"
"2021","Baildon No. 131, Saskatchewan [CCS470307001]","2021S05024707001","Natural land for pasture","Hectares","Number","223","units","0","v1326652266","1669.8.3","11946","D","","","0"
"2021","Hillsborough No. 132, Saskatchewan [CCS470307004]","2021S05024707004","Tame or seeded pasture","Hectares","Number","223","units","0","v1326652296","1670.7.3","","F","","","0"
"2021","Hillsborough No. 132, Saskatchewan [CCS470307004]","2021S05024707004","Natural land for pasture","Hectares","Number","223","units","0","v1326652299","1670.8.3","15567","D","","","0"
"2021","Rodgers No. 133, Saskatchewan [CCS470307006]","2021S05024707006","Tame or seeded pasture","Hectares","Number","223","units","0","v1326652329","1671.7.3","3952","E","","","0"
"2021","Rodgers No. 133, Saskatchewan [CCS470307006]","2021S05024707006","Natural land for pasture","Hectares","Number","223","units","0","v1326652332","1671.8.3","6499","E","","","0"
"2021","Shamrock No. 134, Saskatchewan [CCS470307011]","2021S05024707011","Tame or seeded pasture","Hectares","Number","223","units","0","v1326652362","1672.7.3","5988","E","","","0"
"2021","Shamrock No. 134, Saskatchewan [CCS470307011]","2021S05024707011","Natural land for pasture","Hectares","Number","223","units","0","v1326652365","1672.8.3","15468","E","","","0"
"2021","Lawtonia No. 135, Saskatchewan [CCS470307014]","2021S05024707014","Tame or seeded pasture","Hectares","Number","223","units","0","v1326652395","1673.7.3","7734","D","","","0"
"2021","Lawtonia No. 135, Saskatchewan [CCS470307014]","2021S05024707014","Natural land for pasture","Hectares","Number","223","units","0","v1326652398","1673.8.3","","F","","","0"
"2021","Coulee No. 136, Saskatchewan [CCS470307018]","2021S05024707018","Tame or seeded pasture","Hectares","Number","223","units","0","v1326652428","1674.7.3","8591","D","","","0"
"2021","Coulee No. 136, Saskatchewan [CCS470307018]","2021S05024707018","Natural land for pasture","Hectares","Number","223","units","0","v1326652431","1674.8.3","13849","E","","","0"
"2021","Excelsior No. 166, Saskatchewan [CCS470307021]","2021S05024707021","Tame or seeded pasture","Hectares","Number","223","units","0","v1326652461","1675.7.3","12641","C","","","0"
"2021","Excelsior No. 166, Saskatchewan [CCS470307021]","2021S05024707021","Natural land for pasture","Hectares","Number","223","units","0","v1326652464","1675.8.3","41570","C","","","0"
"2021","Morse No. 165, Saskatchewan [CCS470307024]","2021S05024707024","Tame or seeded pasture","Hectares","Number","223","units","0","v1326652494","1676.7.3","11837","D","","","0"
"2021","Morse No. 165, Saskatchewan [CCS470307024]","2021S05024707024","Natural land for pasture","Hectares","Number","223","units","0","v1326652497","1676.8.3","27824","D","","","0"
"2021","Chaplin No. 164, Saskatchewan [CCS470307029]","2021S05024707029","Tame or seeded pasture","Hectares","Number","223","units","0","v1326652527","1677.7.3","11984","D","","","0"
"2021","Chaplin No. 164, Saskatchewan [CCS470307029]","2021S05024707029","Natural land for pasture","Hectares","Number","223","units","0","v1326652530","1677.8.3","19543","E","","","0"
"2021","Wheatlands No. 163, Saskatchewan [CCS470307032]","2021S05024707032","Tame or seeded pasture","Hectares","Number","223","units","0","v1326652560","1678.7.3","13453","C","","","0"
"2021","Wheatlands No. 163, Saskatchewan [CCS470307032]","2021S05024707032","Natural land for pasture","Hectares","Number","223","units","0","v1326652563","1678.8.3","21324","E","","","0"
"2021","Caron No. 162, Saskatchewan [CCS470307036]","2021S05024707036","Tame or seeded pasture","Hectares","Number","223","units","0","v1326652593","1679.7.3","11345","C","","","0"
"2021","Caron No. 162, Saskatchewan [CCS470307036]","2021S05024707036","Natural land for pasture","Hectares","Number","223","units","0","v1326652596","1679.8.3","14049","E","","","0"
"2021","Moose Jaw No. 161, Saskatchewan [CCS470307038]","2021S05024707038","Tame or seeded pasture","Hectares","Number","223","units","0","v1326652626","1680.7.3","11848","D","","","0"
"2021","Moose Jaw No. 161, Saskatchewan [CCS470307038]","2021S05024707038","Natural land for pasture","Hectares","Number","223","units","0","v1326652629","1680.8.3","","F","","","0"
"2021","Marquis No. 191, Saskatchewan [CCS470307042]","2021S05024707042","Tame or seeded pasture","Hectares","Number","223","units","0","v1326652659","1681.7.3","3287","E","","","0"
"2021","Marquis No. 191, Saskatchewan [CCS470307042]","2021S05024707042","Natural land for pasture","Hectares","Number","223","units","0","v1326652662","1681.8.3","","F","","","0"
"2021","Eyebrow No. 193, Saskatchewan [CCS470307047]","2021S05024707047","Tame or seeded pasture","Hectares","Number","223","units","0","v1326652692","1682.7.3","11498","C","","","0"
"2021","Eyebrow No. 193, Saskatchewan [CCS470307047]","2021S05024707047","Natural land for pasture","Hectares","Number","223","units","0","v1326652695","1682.8.3","7337","E","","","0"
"2021","Enfield No. 194, Saskatchewan [CCS470307053]","2021S05024707053","Tame or seeded pasture","Hectares","Number","223","units","0","v1326652725","1683.7.3","8901","D","","","0"
"2021","Enfield No. 194, Saskatchewan [CCS470307053]","2021S05024707053","Natural land for pasture","Hectares","Number","223","units","0","v1326652728","1683.8.3","20161","E","","","0"
"2021","Canaan No. 225, Saskatchewan [CCS470307058]","2021S05024707058","Tame or seeded pasture","Hectares","Number","223","units","0","v1326652758","1684.7.3","4882","D","","","0"
"2021","Canaan No. 225, Saskatchewan [CCS470307058]","2021S05024707058","Natural land for pasture","Hectares","Number","223","units","0","v1326652761","1684.8.3","7209","E","","","0"
"2021","Victory No. 226, Saskatchewan [CCS470307063]","2021S05024707063","Tame or seeded pasture","Hectares","Number","223","units","0","v1326652791","1685.7.3","13553","D","","","0"
"2021","Victory No. 226, Saskatchewan [CCS470307063]","2021S05024707063","Natural land for pasture","Hectares","Number","223","units","0","v1326652794","1685.8.3","55288","C","","","0"
"2021","King George No. 256, Saskatchewan [CCS470307066]","2021S05024707066","Tame or seeded pasture","Hectares","Number","223","units","0","v1326652824","1686.7.3","7427","D","","","0"
"2021","King George No. 256, Saskatchewan [CCS470307066]","2021S05024707066","Natural land for pasture","Hectares","Number","223","units","0","v1326652827","1686.8.3","18582","E","","","0"
"2021","Coteau No. 255, Saskatchewan [CCS470307067]","2021S05024707067","Tame or seeded pasture","Hectares","Number","223","units","0","v1326652857","1687.7.3","4439","E","","","0"
"2021","Coteau No. 255, Saskatchewan [CCS470307067]","2021S05024707067","Natural land for pasture","Hectares","Number","223","units","0","v1326652860","1687.8.3","17648","E","","","0"
"2021","Maple Bush No. 224, Saskatchewan [CCS470307071]","2021S05024707071","Tame or seeded pasture","Hectares","Number","223","units","0","v1326652890","1688.7.3","10394","D","","","0"
"2021","Maple Bush No. 224, Saskatchewan [CCS470307071]","2021S05024707071","Natural land for pasture","Hectares","Number","223","units","0","v1326652893","1688.8.3","","F","","","0"
"2021","Huron No. 223, Saskatchewan [CCS470307076]","2021S05024707076","Tame or seeded pasture","Hectares","Number","223","units","0","v1326652923","1689.7.3","7672","E","","","0"
"2021","Huron No. 223, Saskatchewan [CCS470307076]","2021S05024707076","Natural land for pasture","Hectares","Number","223","units","0","v1326652926","1689.8.3","20499","E","","","0"
"2021","Craik No. 222, Saskatchewan [CCS470307091]","2021S05024707091","Tame or seeded pasture","Hectares","Number","223","units","0","v1326652956","1690.7.3","5530","E","","","0"
"2021","Craik No. 222, Saskatchewan [CCS470307091]","2021S05024707091","Natural land for pasture","Hectares","Number","223","units","0","v1326652959","1690.8.3","","F","","","0"
"2021","Swift Current No. 137, Saskatchewan [CCS470308001]","2021S05024708001","Tame or seeded pasture","Hectares","Number","223","units","0","v1326653022","1692.7.3","18655","E","","","0"
"2021","Swift Current No. 137, Saskatchewan [CCS470308001]","2021S05024708001","Natural land for pasture","Hectares","Number","223","units","0","v1326653025","1692.8.3","35619","E","","","0"
"2021","Webb No. 138, Saskatchewan [CCS470308006]","2021S05024708006","Tame or seeded pasture","Hectares","Number","223","units","0","v1326653055","1693.7.3","9962","D","","","0"
"2021","Webb No. 138, Saskatchewan [CCS470308006]","2021S05024708006","Natural land for pasture","Hectares","Number","223","units","0","v1326653058","1693.8.3","28618","E","","","0"
"2021","Gull Lake No. 139, Saskatchewan [CCS470308009]","2021S05024708009","Tame or seeded pasture","Hectares","Number","223","units","0","v1326653088","1694.7.3","7084","D","","","0"
"2021","Gull Lake No. 139, Saskatchewan [CCS470308009]","2021S05024708009","Natural land for pasture","Hectares","Number","223","units","0","v1326653091","1694.8.3","37252","C","","","0"
"2021","Big Stick No. 141, Saskatchewan [CCS470308016]","2021S05024708016","Tame or seeded pasture","Hectares","Number","223","units","0","v1326653121","1695.7.3","10005","D","","","0"
"2021","Big Stick No. 141, Saskatchewan [CCS470308016]","2021S05024708016","Natural land for pasture","Hectares","Number","223","units","0","v1326653124","1695.8.3","23582","E","","","0"
"2021","Enterprise No. 142, Saskatchewan [CCS470308021]","2021S05024708021","Tame or seeded pasture","Hectares","Number","223","units","0","v1326653154","1696.7.3","4844","D","","","0"
"2021","Enterprise No. 142, Saskatchewan [CCS470308021]","2021S05024708021","Natural land for pasture","Hectares","Number","223","units","0","v1326653157","1696.8.3","11287","E","","","0"
"2021","Fox Valley No. 171, Saskatchewan [CCS470308024]","2021S05024708024","Tame or seeded pasture","Hectares","Number","223","units","0","v1326653187","1697.7.3","11157","D","","","0"
"2021","Fox Valley No. 171, Saskatchewan [CCS470308024]","2021S05024708024","Natural land for pasture","Hectares","Number","223","units","0","v1326653190","1697.8.3","33328","D","","","0"
"2021","Pittville No. 169, Saskatchewan [CCS470308028]","2021S05024708028","Tame or seeded pasture","Hectares","Number","223","units","0","v1326653220","1698.7.3","6571","E","","","0"
"2021","Pittville No. 169, Saskatchewan [CCS470308028]","2021S05024708028","Natural land for pasture","Hectares","Number","223","units","0","v1326653223","1698.8.3","46171","C","","","0"
"2021","Riverside No. 168, Saskatchewan [CCS470308031]","2021S05024708031","Tame or seeded pasture","Hectares","Number","223","units","0","v1326653253","1699.7.3","8409","E","","","0"
"2021","Riverside No. 168, Saskatchewan [CCS470308031]","2021S05024708031","Natural land for pasture","Hectares","Number","223","units","0","v1326653256","1699.8.3","18697","E","","","0"
"2021","Saskatchewan Landing No. 167, Saskatchewan [CCS470308038]","2021S05024708038","Tame or seeded pasture","Hectares","Number","223","units","0","v1326653286","1700.7.3","5199","D","","","0"
"2021","Saskatchewan Landing No. 167, Saskatchewan [CCS470308038]","2021S05024708038","Natural land for pasture","Hectares","Number","223","units","0","v1326653289","1700.8.3","6365","E","","","0"
"2021","Lacadena No. 228, Saskatchewan [CCS470308042]","2021S05024708042","Tame or seeded pasture","Hectares","Number","223","units","0","v1326653319","1701.7.3","9486","D","","","0"
"2021","Lacadena No. 228, Saskatchewan [CCS470308042]","2021S05024708042","Natural land for pasture","Hectares","Number","223","units","0","v1326653322","1701.8.3","34605","D","","","0"
"2021","Miry Creek No. 229, Saskatchewan [CCS470308046]","2021S05024708046","Tame or seeded pasture","Hectares","Number","223","units","0","v1326653352","1702.7.3","6994","D","","","0"
"2021","Miry Creek No. 229, Saskatchewan [CCS470308046]","2021S05024708046","Natural land for pasture","Hectares","Number","223","units","0","v1326653355","1702.8.3","33598","C","","","0"
"2021","Clinworth No. 230, Saskatchewan [CCS470308053]","2021S05024708053","Tame or seeded pasture","Hectares","Number","223","units","0","v1326653385","1703.7.3","4506","E","","","0"
"2021","Clinworth No. 230, Saskatchewan [CCS470308053]","2021S05024708053","Natural land for pasture","Hectares","Number","223","units","0","v1326653388","1703.8.3","55224","C","","","0"
"2021","Happyland No. 231, Saskatchewan [CCS470308056]","2021S05024708056","Tame or seeded pasture","Hectares","Number","223","units","0","v1326653418","1704.7.3","5167","E","","","0"
"2021","Happyland No. 231, Saskatchewan [CCS470308056]","2021S05024708056","Natural land for pasture","Hectares","Number","223","units","0","v1326653421","1704.8.3","21636","E","","","0"
"2021","Deer Forks No. 232, Saskatchewan [CCS470308061]","2021S05024708061","Tame or seeded pasture","Hectares","Number","223","units","0","v1326653451","1705.7.3","2244","E","","","0"
"2021","Deer Forks No. 232, Saskatchewan [CCS470308061]","2021S05024708061","Natural land for pasture","Hectares","Number","223","units","0","v1326653454","1705.8.3","23391","B","","","0"
"2021","Chesterfield No. 261, Saskatchewan [CCS470308065]","2021S05024708065","Tame or seeded pasture","Hectares","Number","223","units","0","v1326653484","1706.7.3","5774","D","","","0"
"2021","Chesterfield No. 261, Saskatchewan [CCS470308065]","2021S05024708065","Natural land for pasture","Hectares","Number","223","units","0","v1326653487","1706.8.3","40923","B","","","0"
"2021","Newcombe No. 260, Saskatchewan [CCS470308071]","2021S05024708071","Tame or seeded pasture","Hectares","Number","223","units","0","v1326653517","1707.7.3","3251","E","","","0"
"2021","Newcombe No. 260, Saskatchewan [CCS470308071]","2021S05024708071","Natural land for pasture","Hectares","Number","223","units","0","v1326653520","1707.8.3","20465","D","","","0"
"2021","Snipe Lake No. 259, Saskatchewan [CCS470308074]","2021S05024708074","Tame or seeded pasture","Hectares","Number","223","units","0","v1326653550","1708.7.3","","F","","","0"
"2021","Snipe Lake No. 259, Saskatchewan [CCS470308074]","2021S05024708074","Natural land for pasture","Hectares","Number","223","units","0","v1326653553","1708.8.3","14043","E","","","0"
"2021","Monet No. 257, Saskatchewan [CCS470308092]","2021S05024708092","Tame or seeded pasture","Hectares","Number","223","units","0","v1326653583","1709.7.3","6991","E","","","0"
"2021","Monet No. 257, Saskatchewan [CCS470308092]","2021S05024708092","Natural land for pasture","Hectares","Number","223","units","0","v1326653586","1709.8.3","34728","D","","","0"
"2021","Last Mountain Valley No. 250, Saskatchewan [CCS470411003]","2021S05024711003","Tame or seeded pasture","Hectares","Number","223","units","0","v1326653682","1712.7.3","","F","","","0"
"2021","Last Mountain Valley No. 250, Saskatchewan [CCS470411003]","2021S05024711003","Natural land for pasture","Hectares","Number","223","units","0","v1326653685","1712.8.3","9025","D","","","0"
"2021","Big Arm No. 251, Saskatchewan [CCS470411006]","2021S05024711006","Tame or seeded pasture","Hectares","Number","223","units","0","v1326653715","1713.7.3","5901","D","","","0"
"2021","Big Arm No. 251, Saskatchewan [CCS470411006]","2021S05024711006","Natural land for pasture","Hectares","Number","223","units","0","v1326653718","1713.8.3","3899","E","","","0"
"2021","Arm River No. 252, Saskatchewan [CCS470411011]","2021S05024711011","Tame or seeded pasture","Hectares","Number","223","units","0","v1326653748","1714.7.3","4564","E","","","0"
"2021","Arm River No. 252, Saskatchewan [CCS470411011]","2021S05024711011","Natural land for pasture","Hectares","Number","223","units","0","v1326653751","1714.8.3","4629","E","","","0"
"2021","Willner No. 253, Saskatchewan [CCS470411016]","2021S05024711016","Tame or seeded pasture","Hectares","Number","223","units","0","v1326653781","1715.7.3","1752","E","","","0"
"2021","Willner No. 253, Saskatchewan [CCS470411016]","2021S05024711016","Natural land for pasture","Hectares","Number","223","units","0","v1326653784","1715.8.3","","F","","","0"
"2021","Loreburn No. 254, Saskatchewan [CCS470411018]","2021S05024711018","Tame or seeded pasture","Hectares","Number","223","units","0","v1326653814","1716.7.3","2828","E","","","0"
"2021","Loreburn No. 254, Saskatchewan [CCS470411018]","2021S05024711018","Natural land for pasture","Hectares","Number","223","units","0","v1326653817","1716.8.3","","F","","","0"
"2021","Rudy No. 284, Saskatchewan [CCS470411026]","2021S05024711026","Tame or seeded pasture","Hectares","Number","223","units","0","v1326653847","1717.7.3","14653","D","","","0"
"2021","Rudy No. 284, Saskatchewan [CCS470411026]","2021S05024711026","Natural land for pasture","Hectares","Number","223","units","0","v1326653850","1717.8.3","15520","E","","","0"
"2021","Rosedale No. 283, Saskatchewan [CCS470411031]","2021S05024711031","Tame or seeded pasture","Hectares","Number","223","units","0","v1326653880","1718.7.3","7949","D","","","0"
"2021","Rosedale No. 283, Saskatchewan [CCS470411031]","2021S05024711031","Natural land for pasture","Hectares","Number","223","units","0","v1326653883","1718.8.3","","F","","","0"
"2021","McCraney No. 282, Saskatchewan [CCS470411034]","2021S05024711034","Tame or seeded pasture","Hectares","Number","223","units","0","v1326653913","1719.7.3","6036","E","","","0"
"2021","McCraney No. 282, Saskatchewan [CCS470411034]","2021S05024711034","Natural land for pasture","Hectares","Number","223","units","0","v1326653916","1719.8.3","16748","E","","","0"
"2021","Wood Creek No. 281, Saskatchewan [CCS470411039]","2021S05024711039","Tame or seeded pasture","Hectares","Number","223","units","0","v1326653946","1720.7.3","4360","E","","","0"
"2021","Wood Creek No. 281, Saskatchewan [CCS470411039]","2021S05024711039","Natural land for pasture","Hectares","Number","223","units","0","v1326653949","1720.8.3","7600","E","","","0"
"2021","Wreford No. 280, Saskatchewan [CCS470411042]","2021S05024711042","Tame or seeded pasture","Hectares","Number","223","units","0","v1326653979","1721.7.3","8241","D","","","0"
"2021","Wreford No. 280, Saskatchewan [CCS470411042]","2021S05024711042","Natural land for pasture","Hectares","Number","223","units","0","v1326653982","1721.8.3","15412","D","","","0"
"2021","Usborne No. 310, Saskatchewan [CCS470411046]","2021S05024711046","Tame or seeded pasture","Hectares","Number","223","units","0","v1326654012","1722.7.3","13408","C","","","0"
"2021","Usborne No. 310, Saskatchewan [CCS470411046]","2021S05024711046","Natural land for pasture","Hectares","Number","223","units","0","v1326654015","1722.8.3","14037","E","","","0"
"2021","Morris No. 312, Saskatchewan [CCS470411052]","2021S05024711052","Tame or seeded pasture","Hectares","Number","223","units","0","v1326654045","1723.7.3","4926","E","","","0"
"2021","Morris No. 312, Saskatchewan [CCS470411052]","2021S05024711052","Natural land for pasture","Hectares","Number","223","units","0","v1326654048","1723.8.3","7764","E","","","0"
"2021","Lost River No. 313, Saskatchewan [CCS470411059]","2021S05024711059","Tame or seeded pasture","Hectares","Number","223","units","0","v1326654078","1724.7.3","3292","D","","","0"
"2021","Lost River No. 313, Saskatchewan [CCS470411059]","2021S05024711059","Natural land for pasture","Hectares","Number","223","units","0","v1326654081","1724.8.3","1607","E","","","0"
"2021","Dundurn No. 314, Saskatchewan [CCS470411061]","2021S05024711061","Tame or seeded pasture","Hectares","Number","223","units","0","v1326654111","1725.7.3","10060","D","","","0"
"2021","Dundurn No. 314, Saskatchewan [CCS470411061]","2021S05024711061","Natural land for pasture","Hectares","Number","223","units","0","v1326654114","1725.8.3","26470","D","","","0"
"2021","Corman Park No. 344, Saskatchewan [CCS470411065]","2021S05024711065","Tame or seeded pasture","Hectares","Number","223","units","0","v1326654144","1726.7.3","14150","D","","","0"
"2021","Corman Park No. 344, Saskatchewan [CCS470411065]","2021S05024711065","Natural land for pasture","Hectares","Number","223","units","0","v1326654147","1726.8.3","25101","E","","","0"
"2021","Saskatoon, Saskatchewan [CCS470411066]","2021S05024711066","Tame or seeded pasture","Hectares","Number","223","units","0","v1326654177","1727.7.3","","F","","","0"
"2021","Saskatoon, Saskatchewan [CCS470411066]","2021S05024711066","Natural land for pasture","Hectares","Number","223","units","0","v1326654180","1727.8.3","","F","","","0"
"2021","Blucher No. 343, Saskatchewan [CCS470411069]","2021S05024711069","Tame or seeded pasture","Hectares","Number","223","units","0","v1326654210","1728.7.3","6625","D","","","0"
"2021","Blucher No. 343, Saskatchewan [CCS470411069]","2021S05024711069","Natural land for pasture","Hectares","Number","223","units","0","v1326654213","1728.8.3","","F","","","0"
"2021","Colonsay No. 342, Saskatchewan [CCS470411076]","2021S05024711076","Tame or seeded pasture","Hectares","Number","223","units","0","v1326654243","1729.7.3","","F","","","0"
"2021","Colonsay No. 342, Saskatchewan [CCS470411076]","2021S05024711076","Natural land for pasture","Hectares","Number","223","units","0","v1326654246","1729.8.3","2672","E","","","0"
"2021","Viscount No. 341, Saskatchewan [CCS470411091]","2021S05024711091","Tame or seeded pasture","Hectares","Number","223","units","0","v1326654276","1730.7.3","7796","C","","","0"
"2021","Viscount No. 341, Saskatchewan [CCS470411091]","2021S05024711091","Natural land for pasture","Hectares","Number","223","units","0","v1326654279","1730.8.3","5568","E","","","0"
"2021","Wolverine No. 340, Saskatchewan [CCS470411096]","2021S05024711096","Tame or seeded pasture","Hectares","Number","223","units","0","v1326654309","1731.7.3","3842","E","","","0"
"2021","Wolverine No. 340, Saskatchewan [CCS470411096]","2021S05024711096","Natural land for pasture","Hectares","Number","223","units","0","v1326654312","1731.8.3","8214","D","","","0"
"2021","Pleasant Valley No. 288, Saskatchewan [CCS470412001]","2021S05024712001","Tame or seeded pasture","Hectares","Number","223","units","0","v1326654375","1733.7.3","3704","E","","","0"
"2021","Pleasant Valley No. 288, Saskatchewan [CCS470412001]","2021S05024712001","Natural land for pasture","Hectares","Number","223","units","0","v1326654378","1733.8.3","14363","E","","","0"
"2021","St. Andrews No. 287, Saskatchewan [CCS470412004]","2021S05024712004","Tame or seeded pasture","Hectares","Number","223","units","0","v1326654408","1734.7.3","8033","E","","","0"
"2021","St. Andrews No. 287, Saskatchewan [CCS470412004]","2021S05024712004","Natural land for pasture","Hectares","Number","223","units","0","v1326654411","1734.8.3","29992","D","","","0"
"2021","Milden No. 286, Saskatchewan [CCS470412011]","2021S05024712011","Tame or seeded pasture","Hectares","Number","223","units","0","v1326654441","1735.7.3","3277","E","","","0"
"2021","Milden No. 286, Saskatchewan [CCS470412011]","2021S05024712011","Natural land for pasture","Hectares","Number","223","units","0","v1326654444","1735.8.3","","F","","","0"
"2021","Fertile Valley No. 285, Saskatchewan [CCS470412020]","2021S05024712020","Tame or seeded pasture","Hectares","Number","223","units","0","v1326654474","1736.7.3","5587","D","","","0"
"2021","Fertile Valley No. 285, Saskatchewan [CCS470412020]","2021S05024712020","Natural land for pasture","Hectares","Number","223","units","0","v1326654477","1736.8.3","8969","D","","","0"
"2021","Montrose No. 315, Saskatchewan [CCS470412026]","2021S05024712026","Tame or seeded pasture","Hectares","Number","223","units","0","v1326654507","1737.7.3","13659","D","","","0"
"2021","Montrose No. 315, Saskatchewan [CCS470412026]","2021S05024712026","Natural land for pasture","Hectares","Number","223","units","0","v1326654510","1737.8.3","33963","E","","","0"
"2021","Harris No. 316, Saskatchewan [CCS470412029]","2021S05024712029","Tame or seeded pasture","Hectares","Number","223","units","0","v1326654540","1738.7.3","6970","E","","","0"
"2021","Harris No. 316, Saskatchewan [CCS470412029]","2021S05024712029","Natural land for pasture","Hectares","Number","223","units","0","v1326654543","1738.8.3","","F","","","0"
"2021","Marriott No. 317, Saskatchewan [CCS470412034]","2021S05024712034","Tame or seeded pasture","Hectares","Number","223","units","0","v1326654573","1739.7.3","4318","D","","","0"
"2021","Marriott No. 317, Saskatchewan [CCS470412034]","2021S05024712034","Natural land for pasture","Hectares","Number","223","units","0","v1326654576","1739.8.3","8668","D","","","0"
"2021","Mountain View No. 318, Saskatchewan [CCS470412038]","2021S05024712038","Tame or seeded pasture","Hectares","Number","223","units","0","v1326654606","1740.7.3","","F","","","0"
"2021","Mountain View No. 318, Saskatchewan [CCS470412038]","2021S05024712038","Natural land for pasture","Hectares","Number","223","units","0","v1326654609","1740.8.3","","F","","","0"
"2021","Biggar No. 347, Saskatchewan [CCS470412042]","2021S05024712042","Tame or seeded pasture","Hectares","Number","223","units","0","v1326654639","1741.7.3","13400","C","","","0"
"2021","Biggar No. 347, Saskatchewan [CCS470412042]","2021S05024712042","Natural land for pasture","Hectares","Number","223","units","0","v1326654642","1741.8.3","31277","C","","","0"
"2021","Perdue No. 346, Saskatchewan [CCS470412050]","2021S05024712050","Tame or seeded pasture","Hectares","Number","223","units","0","v1326654672","1742.7.3","3286","D","","","0"
"2021","Perdue No. 346, Saskatchewan [CCS470412050]","2021S05024712050","Natural land for pasture","Hectares","Number","223","units","0","v1326654675","1742.8.3","4104","E","","","0"
"2021","Vanscoy No. 345, Saskatchewan [CCS470412054]","2021S05024712054","Tame or seeded pasture","Hectares","Number","223","units","0","v1326654705","1743.7.3","9827","D","","","0"
"2021","Vanscoy No. 345, Saskatchewan [CCS470412054]","2021S05024712054","Natural land for pasture","Hectares","Number","223","units","0","v1326654708","1743.8.3","16825","E","","","0"
"2021","Eagle Creek No. 376, Saskatchewan [CCS470412064]","2021S05024712064","Tame or seeded pasture","Hectares","Number","223","units","0","v1326654738","1744.7.3","4999","E","","","0"
"2021","Eagle Creek No. 376, Saskatchewan [CCS470412064]","2021S05024712064","Natural land for pasture","Hectares","Number","223","units","0","v1326654741","1744.8.3","","F","","","0"
"2021","Glenside No. 377, Saskatchewan [CCS470412069]","2021S05024712069","Tame or seeded pasture","Hectares","Number","223","units","0","v1326654771","1745.7.3","4679","E","","","0"
"2021","Glenside No. 377, Saskatchewan [CCS470412069]","2021S05024712069","Natural land for pasture","Hectares","Number","223","units","0","v1326654774","1745.8.3","14046","E","","","0"
"2021","Rosemount No. 378, Saskatchewan [CCS470412072]","2021S05024712072","Tame or seeded pasture","Hectares","Number","223","units","0","v1326654804","1746.7.3","","F","","","0"
"2021","Rosemount No. 378, Saskatchewan [CCS470412072]","2021S05024712072","Natural land for pasture","Hectares","Number","223","units","0","v1326654807","1746.8.3","14707","E","","","0"
"2021","Battle River No. 438, Saskatchewan [CCS470412078]","2021S05024712078","Tame or seeded pasture","Hectares","Number","223","units","0","v1326654837","1747.7.3","5908","E","","","0"
"2021","Battle River No. 438, Saskatchewan [CCS470412078]","2021S05024712078","Natural land for pasture","Hectares","Number","223","units","0","v1326654840","1747.8.3","26664","D","","","0"
"2021","Kindersley No. 290, Saskatchewan [CCS470413006]","2021S05024713006","Tame or seeded pasture","Hectares","Number","223","units","0","v1326654903","1749.7.3","9873","E","","","0"
"2021","Kindersley No. 290, Saskatchewan [CCS470413006]","2021S05024713006","Natural land for pasture","Hectares","Number","223","units","0","v1326654906","1749.8.3","","F","","","0"
"2021","Milton No. 292, Saskatchewan [CCS470413011]","2021S05024713011","Tame or seeded pasture","Hectares","Number","223","units","0","v1326654936","1750.7.3","4524","E","","","0"
"2021","Milton No. 292, Saskatchewan [CCS470413011]","2021S05024713011","Natural land for pasture","Hectares","Number","223","units","0","v1326654939","1750.8.3","13822","D","","","0"
"2021","Antelope Park No. 322, Saskatchewan [CCS470413016]","2021S05024713016","Tame or seeded pasture","Hectares","Number","223","units","0","v1326654969","1751.7.3","8398","D","","","0"
"2021","Antelope Park No. 322, Saskatchewan [CCS470413016]","2021S05024713016","Natural land for pasture","Hectares","Number","223","units","0","v1326654972","1751.8.3","","F","","","0"
"2021","Prairiedale No. 321, Saskatchewan [CCS470413019]","2021S05024713019","Tame or seeded pasture","Hectares","Number","223","units","0","v1326655002","1752.7.3","","F","","","0"
"2021","Prairiedale No. 321, Saskatchewan [CCS470413019]","2021S05024713019","Natural land for pasture","Hectares","Number","223","units","0","v1326655005","1752.8.3","4901","E","","","0"
"2021","Oakdale No. 320, Saskatchewan [CCS470413024]","2021S05024713024","Tame or seeded pasture","Hectares","Number","223","units","0","v1326655035","1753.7.3","2818","E","","","0"
"2021","Oakdale No. 320, Saskatchewan [CCS470413024]","2021S05024713024","Natural land for pasture","Hectares","Number","223","units","0","v1326655038","1753.8.3","8067","D","","","0"
"2021","Winslow No. 319, Saskatchewan [CCS470413028]","2021S05024713028","Tame or seeded pasture","Hectares","Number","223","units","0","v1326655068","1754.7.3","3227","E","","","0"
"2021","Winslow No. 319, Saskatchewan [CCS470413028]","2021S05024713028","Natural land for pasture","Hectares","Number","223","units","0","v1326655071","1754.8.3","","F","","","0"
"2021","Grandview No. 349, Saskatchewan [CCS470413032]","2021S05024713032","Tame or seeded pasture","Hectares","Number","223","units","0","v1326655101","1755.7.3","","F","","","0"
"2021","Grandview No. 349, Saskatchewan [CCS470413032]","2021S05024713032","Natural land for pasture","Hectares","Number","223","units","0","v1326655104","1755.8.3","6265","E","","","0"
"2021","Mariposa No. 350, Saskatchewan [CCS470413038]","2021S05024713038","Tame or seeded pasture","Hectares","Number","223","units","0","v1326655134","1756.7.3","12703","B","","","0"
"2021","Mariposa No. 350, Saskatchewan [CCS470413038]","2021S05024713038","Natural land for pasture","Hectares","Number","223","units","0","v1326655137","1756.8.3","9880","D","","","0"
"2021","Progress No. 351, Saskatchewan [CCS470413041]","2021S05024713041","Tame or seeded pasture","Hectares","Number","223","units","0","v1326655167","1757.7.3","4228","E","","","0"
"2021","Progress No. 351, Saskatchewan [CCS470413041]","2021S05024713041","Natural land for pasture","Hectares","Number","223","units","0","v1326655170","1757.8.3","12961","E","","","0"
"2021","Heart's Hill No. 352, Saskatchewan [CCS470413046]","2021S05024713046","Tame or seeded pasture","Hectares","Number","223","units","0","v1326655200","1758.7.3","3863","D","","","0"
"2021","Heart's Hill No. 352, Saskatchewan [CCS470413046]","2021S05024713046","Natural land for pasture","Hectares","Number","223","units","0","v1326655203","1758.8.3","7513","D","","","0"
"2021","Eye Hill No. 382, Saskatchewan [CCS470413049]","2021S05024713049","Tame or seeded pasture","Hectares","Number","223","units","0","v1326655233","1759.7.3","6632","E","","","0"
"2021","Eye Hill No. 382, Saskatchewan [CCS470413049]","2021S05024713049","Natural land for pasture","Hectares","Number","223","units","0","v1326655236","1759.8.3","11839","E","","","0"
"2021","Grass Lake No. 381, Saskatchewan [CCS470413056]","2021S05024713056","Tame or seeded pasture","Hectares","Number","223","units","0","v1326655266","1760.7.3","","F","","","0"
"2021","Grass Lake No. 381, Saskatchewan [CCS470413056]","2021S05024713056","Natural land for pasture","Hectares","Number","223","units","0","v1326655269","1760.8.3","8946","E","","","0"
"2021","Tramping Lake No. 380, Saskatchewan [CCS470413059]","2021S05024713059","Tame or seeded pasture","Hectares","Number","223","units","0","v1326655299","1761.7.3","","F","","","0"
"2021","Tramping Lake No. 380, Saskatchewan [CCS470413059]","2021S05024713059","Natural land for pasture","Hectares","Number","223","units","0","v1326655302","1761.8.3","","F","","","0"
"2021","Reford No. 379, Saskatchewan [CCS470413064]","2021S05024713064","Tame or seeded pasture","Hectares","Number","223","units","0","v1326655332","1762.7.3","","F","","","0"
"2021","Reford No. 379, Saskatchewan [CCS470413064]","2021S05024713064","Natural land for pasture","Hectares","Number","223","units","0","v1326655335","1762.8.3","","F","","","0"
"2021","Buffalo No. 409, Saskatchewan [CCS470413068]","2021S05024713068","Tame or seeded pasture","Hectares","Number","223","units","0","v1326655365","1763.7.3","","F","","","0"
"2021","Buffalo No. 409, Saskatchewan [CCS470413068]","2021S05024713068","Natural land for pasture","Hectares","Number","223","units","0","v1326655368","1763.8.3","","F","","","0"
"2021","Round Valley No. 410, Saskatchewan [CCS470413072]","2021S05024713072","Tame or seeded pasture","Hectares","Number","223","units","0","v1326655398","1764.7.3","","F","","","0"
"2021","Round Valley No. 410, Saskatchewan [CCS470413072]","2021S05024713072","Natural land for pasture","Hectares","Number","223","units","0","v1326655401","1764.8.3","19180","E","","","0"
"2021","Senlac No. 411, Saskatchewan [CCS470413076]","2021S05024713076","Tame or seeded pasture","Hectares","Number","223","units","0","v1326655431","1765.7.3","9073","E","","","0"
"2021","Senlac No. 411, Saskatchewan [CCS470413076]","2021S05024713076","Natural land for pasture","Hectares","Number","223","units","0","v1326655434","1765.8.3","52712","D","","","0"
"2021","Manitou Lake No. 442, Saskatchewan [CCS470413079]","2021S05024713079","Tame or seeded pasture","Hectares","Number","223","units","0","v1326655464","1766.7.3","4701","E","","","0"
"2021","Manitou Lake No. 442, Saskatchewan [CCS470413079]","2021S05024713079","Natural land for pasture","Hectares","Number","223","units","0","v1326655467","1766.8.3","22353","E","","","0"
"2021","Hillsdale No. 440, Saskatchewan [CCS470413092]","2021S05024713092","Tame or seeded pasture","Hectares","Number","223","units","0","v1326655497","1767.7.3","5407","D","","","0"
"2021","Hillsdale No. 440, Saskatchewan [CCS470413092]","2021S05024713092","Natural land for pasture","Hectares","Number","223","units","0","v1326655500","1767.8.3","20018","C","","","0"
"2021","Cut Knife No. 439, Saskatchewan [CCS470413096]","2021S05024713096","Tame or seeded pasture","Hectares","Number","223","units","0","v1326655530","1768.7.3","","F","","","0"
"2021","Cut Knife No. 439, Saskatchewan [CCS470413096]","2021S05024713096","Natural land for pasture","Hectares","Number","223","units","0","v1326655533","1768.8.3","5050","E","","","0"
"2021","Hudson Bay No. 394, Saskatchewan [CCS470514001]","2021S05024714001","Tame or seeded pasture","Hectares","Number","223","units","0","v1326655629","1771.7.3","5821","E","","","0"
"2021","Hudson Bay No. 394, Saskatchewan [CCS470514001]","2021S05024714001","Natural land for pasture","Hectares","Number","223","units","0","v1326655632","1771.8.3","","F","","","0"
"2021","Porcupine No. 395, Saskatchewan [CCS470514006]","2021S05024714006","Tame or seeded pasture","Hectares","Number","223","units","0","v1326655662","1772.7.3","5071","E","","","0"
"2021","Porcupine No. 395, Saskatchewan [CCS470514006]","2021S05024714006","Natural land for pasture","Hectares","Number","223","units","0","v1326655665","1772.8.3","","F","","","0"
"2021","Kelvington No. 366, Saskatchewan [CCS470514021]","2021S05024714021","Tame or seeded pasture","Hectares","Number","223","units","0","v1326655695","1773.7.3","4545","E","","","0"
"2021","Kelvington No. 366, Saskatchewan [CCS470514021]","2021S05024714021","Natural land for pasture","Hectares","Number","223","units","0","v1326655698","1773.8.3","","F","","","0"
"2021","Ponass Lake No. 367, Saskatchewan [CCS470514023]","2021S05024714023","Tame or seeded pasture","Hectares","Number","223","units","0","v1326655728","1774.7.3","","F","","","0"
"2021","Ponass Lake No. 367, Saskatchewan [CCS470514023]","2021S05024714023","Natural land for pasture","Hectares","Number","223","units","0","v1326655731","1774.8.3","5834","D","","","0"
"2021","Spalding No. 368, Saskatchewan [CCS470514026]","2021S05024714026","Tame or seeded pasture","Hectares","Number","223","units","0","v1326655761","1775.7.3","2665","D","","","0"
"2021","Spalding No. 368, Saskatchewan [CCS470514026]","2021S05024714026","Natural land for pasture","Hectares","Number","223","units","0","v1326655764","1775.8.3","2462","E","","","0"
"2021","Barrier Valley No. 397, Saskatchewan [CCS470514034]","2021S05024714034","Tame or seeded pasture","Hectares","Number","223","units","0","v1326655794","1776.7.3","3946","D","","","0"
"2021","Barrier Valley No. 397, Saskatchewan [CCS470514034]","2021S05024714034","Natural land for pasture","Hectares","Number","223","units","0","v1326655797","1776.8.3","8971","C","","","0"
"2021","Pleasantdale No. 398, Saskatchewan [CCS470514035]","2021S05024714035","Tame or seeded pasture","Hectares","Number","223","units","0","v1326655827","1777.7.3","2923","D","","","0"
"2021","Pleasantdale No. 398, Saskatchewan [CCS470514035]","2021S05024714035","Natural land for pasture","Hectares","Number","223","units","0","v1326655830","1777.8.3","5488","D","","","0"
"2021","Bjorkdale No. 426, Saskatchewan [CCS470514038]","2021S05024714038","Tame or seeded pasture","Hectares","Number","223","units","0","v1326655860","1778.7.3","6642","E","","","0"
"2021","Bjorkdale No. 426, Saskatchewan [CCS470514038]","2021S05024714038","Natural land for pasture","Hectares","Number","223","units","0","v1326655863","1778.8.3","","F","","","0"
"2021","Tisdale No. 427, Saskatchewan [CCS470514043]","2021S05024714043","Tame or seeded pasture","Hectares","Number","223","units","0","v1326655893","1779.7.3","","F","","","0"
"2021","Tisdale No. 427, Saskatchewan [CCS470514043]","2021S05024714043","Natural land for pasture","Hectares","Number","223","units","0","v1326655896","1779.8.3","","F","","","0"
"2021","Star City No. 428, Saskatchewan [CCS470514047]","2021S05024714047","Tame or seeded pasture","Hectares","Number","223","units","0","v1326655926","1780.7.3","3206","E","","","0"
"2021","Star City No. 428, Saskatchewan [CCS470514047]","2021S05024714047","Natural land for pasture","Hectares","Number","223","units","0","v1326655929","1780.8.3","","F","","","0"
"2021","Willow Creek No. 458, Saskatchewan [CCS470514053]","2021S05024714053","Tame or seeded pasture","Hectares","Number","223","units","0","v1326655959","1781.7.3","1350","E","","","0"
"2021","Willow Creek No. 458, Saskatchewan [CCS470514053]","2021S05024714053","Natural land for pasture","Hectares","Number","223","units","0","v1326655962","1781.8.3","","F","","","0"
"2021","Connaught No. 457, Saskatchewan [CCS470514056]","2021S05024714056","Tame or seeded pasture","Hectares","Number","223","units","0","v1326655992","1782.7.3","","F","","","0"
"2021","Connaught No. 457, Saskatchewan [CCS470514056]","2021S05024714056","Natural land for pasture","Hectares","Number","223","units","0","v1326655995","1782.8.3","3158","E","","","0"
"2021","Arborfield No. 456, Saskatchewan [CCS470514059]","2021S05024714059","Tame or seeded pasture","Hectares","Number","223","units","0","v1326656025","1783.7.3","","F","","","0"
"2021","Arborfield No. 456, Saskatchewan [CCS470514059]","2021S05024714059","Natural land for pasture","Hectares","Number","223","units","0","v1326656028","1783.8.3","","F","","","0"
"2021","Moose Range No. 486, Saskatchewan [CCS470514067]","2021S05024714067","Tame or seeded pasture","Hectares","Number","223","units","0","v1326656058","1784.7.3","4280","E","","","0"
"2021","Moose Range No. 486, Saskatchewan [CCS470514067]","2021S05024714067","Natural land for pasture","Hectares","Number","223","units","0","v1326656061","1784.8.3","9574","D","","","0"
"2021","Nipawin No. 487, Saskatchewan [CCS470514072]","2021S05024714072","Tame or seeded pasture","Hectares","Number","223","units","0","v1326656091","1785.7.3","3652","D","","","0"
"2021","Nipawin No. 487, Saskatchewan [CCS470514072]","2021S05024714072","Natural land for pasture","Hectares","Number","223","units","0","v1326656094","1785.8.3","","F","","","0"
"2021","Torch River No. 488, Saskatchewan [CCS470514077]","2021S05024714077","Tame or seeded pasture","Hectares","Number","223","units","0","v1326656124","1786.7.3","6231","E","","","0"
"2021","Torch River No. 488, Saskatchewan [CCS470514077]","2021S05024714077","Natural land for pasture","Hectares","Number","223","units","0","v1326656127","1786.8.3","","F","","","0"
"2021","St. Peter No. 369, Saskatchewan [CCS470615001]","2021S05024715001","Tame or seeded pasture","Hectares","Number","223","units","0","v1326656223","1789.7.3","","F","","","0"
"2021","St. Peter No. 369, Saskatchewan [CCS470615001]","2021S05024715001","Natural land for pasture","Hectares","Number","223","units","0","v1326656226","1789.8.3","","F","","","0"
"2021","Humboldt No. 370, Saskatchewan [CCS470615007]","2021S05024715007","Tame or seeded pasture","Hectares","Number","223","units","0","v1326656256","1790.7.3","2882","E","","","0"
"2021","Humboldt No. 370, Saskatchewan [CCS470615007]","2021S05024715007","Natural land for pasture","Hectares","Number","223","units","0","v1326656259","1790.8.3","","F","","","0"
"2021","Bayne No. 371, Saskatchewan [CCS470615011]","2021S05024715011","Tame or seeded pasture","Hectares","Number","223","units","0","v1326656289","1791.7.3","3263","E","","","0"
"2021","Bayne No. 371, Saskatchewan [CCS470615011]","2021S05024715011","Natural land for pasture","Hectares","Number","223","units","0","v1326656292","1791.8.3","4780","E","","","0"
"2021","Grant No. 372, Saskatchewan [CCS470615014]","2021S05024715014","Tame or seeded pasture","Hectares","Number","223","units","0","v1326656322","1792.7.3","2908","E","","","0"
"2021","Grant No. 372, Saskatchewan [CCS470615014]","2021S05024715014","Natural land for pasture","Hectares","Number","223","units","0","v1326656325","1792.8.3","5114","E","","","0"
"2021","Aberdeen No. 373, Saskatchewan [CCS470615018]","2021S05024715018","Tame or seeded pasture","Hectares","Number","223","units","0","v1326656355","1793.7.3","","F","","","0"
"2021","Aberdeen No. 373, Saskatchewan [CCS470615018]","2021S05024715018","Natural land for pasture","Hectares","Number","223","units","0","v1326656358","1793.8.3","","F","","","0"
"2021","Laird No. 404, Saskatchewan [CCS470615026]","2021S05024715026","Tame or seeded pasture","Hectares","Number","223","units","0","v1326656388","1794.7.3","","F","","","0"
"2021","Laird No. 404, Saskatchewan [CCS470615026]","2021S05024715026","Natural land for pasture","Hectares","Number","223","units","0","v1326656391","1794.8.3","5940","E","","","0"
"2021","Rosthern No. 403, Saskatchewan [CCS470615031]","2021S05024715031","Tame or seeded pasture","Hectares","Number","223","units","0","v1326656421","1795.7.3","4023","E","","","0"
"2021","Rosthern No. 403, Saskatchewan [CCS470615031]","2021S05024715031","Natural land for pasture","Hectares","Number","223","units","0","v1326656424","1795.8.3","8282","E","","","0"
"2021","Fish Creek No. 402, Saskatchewan [CCS470615036]","2021S05024715036","Tame or seeded pasture","Hectares","Number","223","units","0","v1326656454","1796.7.3","4268","D","","","0"
"2021","Fish Creek No. 402, Saskatchewan [CCS470615036]","2021S05024715036","Natural land for pasture","Hectares","Number","223","units","0","v1326656457","1796.8.3","","F","","","0"
"2021","Hoodoo No. 401, Saskatchewan [CCS470615039]","2021S05024715039","Tame or seeded pasture","Hectares","Number","223","units","0","v1326656487","1797.7.3","","F","","","0"
"2021","Hoodoo No. 401, Saskatchewan [CCS470615039]","2021S05024715039","Natural land for pasture","Hectares","Number","223","units","0","v1326656490","1797.8.3","","F","","","0"
"2021","Three Lakes No. 400, Saskatchewan [CCS470615044]","2021S05024715044","Tame or seeded pasture","Hectares","Number","223","units","0","v1326656520","1798.7.3","4143","E","","","0"
"2021","Three Lakes No. 400, Saskatchewan [CCS470615044]","2021S05024715044","Natural land for pasture","Hectares","Number","223","units","0","v1326656523","1798.8.3","","F","","","0"
"2021","Lake Lenore No. 399, Saskatchewan [CCS470615048]","2021S05024715048","Tame or seeded pasture","Hectares","Number","223","units","0","v1326656553","1799.7.3","","F","","","0"
"2021","Lake Lenore No. 399, Saskatchewan [CCS470615048]","2021S05024715048","Natural land for pasture","Hectares","Number","223","units","0","v1326656556","1799.8.3","","F","","","0"
"2021","Flett's Springs No. 429, Saskatchewan [CCS470615051]","2021S05024715051","Tame or seeded pasture","Hectares","Number","223","units","0","v1326656586","1800.7.3","2123","E","","","0"
"2021","Flett's Springs No. 429, Saskatchewan [CCS470615051]","2021S05024715051","Natural land for pasture","Hectares","Number","223","units","0","v1326656589","1800.8.3","4086","E","","","0"
"2021","Invergordon No. 430, Saskatchewan [CCS470615054]","2021S05024715054","Tame or seeded pasture","Hectares","Number","223","units","0","v1326656619","1801.7.3","","F","","","0"
"2021","Invergordon No. 430, Saskatchewan [CCS470615054]","2021S05024715054","Natural land for pasture","Hectares","Number","223","units","0","v1326656622","1801.8.3","","F","","","0"
"2021","St. Louis No. 431, Saskatchewan [CCS470615057]","2021S05024715057","Tame or seeded pasture","Hectares","Number","223","units","0","v1326656652","1802.7.3","","F","","","0"
"2021","St. Louis No. 431, Saskatchewan [CCS470615057]","2021S05024715057","Natural land for pasture","Hectares","Number","223","units","0","v1326656655","1802.8.3","","F","","","0"
"2021","Duck Lake No. 463, Saskatchewan [CCS470615061]","2021S05024715061","Tame or seeded pasture","Hectares","Number","223","units","0","v1326656685","1803.7.3","8415","D","","","0"
"2021","Duck Lake No. 463, Saskatchewan [CCS470615061]","2021S05024715061","Natural land for pasture","Hectares","Number","223","units","0","v1326656688","1803.8.3","13716","E","","","0"
"2021","Prince Albert No. 461, Saskatchewan [CCS470615064]","2021S05024715064","Tame or seeded pasture","Hectares","Number","223","units","0","v1326656718","1804.7.3","6340","E","","","0"
"2021","Prince Albert No. 461, Saskatchewan [CCS470615064]","2021S05024715064","Natural land for pasture","Hectares","Number","223","units","0","v1326656721","1804.8.3","","F","","","0"
"2021","Birch Hills No. 460, Saskatchewan [CCS470615067]","2021S05024715067","Tame or seeded pasture","Hectares","Number","223","units","0","v1326656751","1805.7.3","","F","","","0"
"2021","Birch Hills No. 460, Saskatchewan [CCS470615067]","2021S05024715067","Natural land for pasture","Hectares","Number","223","units","0","v1326656754","1805.8.3","","F","","","0"
"2021","Kinistino No. 459, Saskatchewan [CCS470615071]","2021S05024715071","Tame or seeded pasture","Hectares","Number","223","units","0","v1326656784","1806.7.3","4361","E","","","0"
"2021","Kinistino No. 459, Saskatchewan [CCS470615071]","2021S05024715071","Natural land for pasture","Hectares","Number","223","units","0","v1326656787","1806.8.3","","F","","","0"
"2021","Garden River No. 490, Saskatchewan [CCS470615079]","2021S05024715079","Tame or seeded pasture","Hectares","Number","223","units","0","v1326656817","1807.7.3","1708","E","","","0"
"2021","Garden River No. 490, Saskatchewan [CCS470615079]","2021S05024715079","Natural land for pasture","Hectares","Number","223","units","0","v1326656820","1807.8.3","","F","","","0"
"2021","Buckland No. 491, Saskatchewan [CCS470615094]","2021S05024715094","Tame or seeded pasture","Hectares","Number","223","units","0","v1326656850","1808.7.3","4898","D","","","0"
"2021","Buckland No. 491, Saskatchewan [CCS470615094]","2021S05024715094","Natural land for pasture","Hectares","Number","223","units","0","v1326656853","1808.8.3","","F","","","0"
"2021","Paddockwood No. 520, Saskatchewan [CCS470615099]","2021S05024715099","Tame or seeded pasture","Hectares","Number","223","units","0","v1326656883","1809.7.3","3171","E","","","0"
"2021","Paddockwood No. 520, Saskatchewan [CCS470615099]","2021S05024715099","Natural land for pasture","Hectares","Number","223","units","0","v1326656886","1809.8.3","","F","","","0"
"2021","Mayfield No. 406, Saskatchewan [CCS470616005]","2021S05024716005","Tame or seeded pasture","Hectares","Number","223","units","0","v1326656949","1811.7.3","4286","D","","","0"
"2021","Mayfield No. 406, Saskatchewan [CCS470616005]","2021S05024716005","Natural land for pasture","Hectares","Number","223","units","0","v1326656952","1811.8.3","8414","E","","","0"
"2021","Great Bend No. 405, Saskatchewan [CCS470616008]","2021S05024716008","Tame or seeded pasture","Hectares","Number","223","units","0","v1326656982","1812.7.3","4307","E","","","0"
"2021","Great Bend No. 405, Saskatchewan [CCS470616008]","2021S05024716008","Natural land for pasture","Hectares","Number","223","units","0","v1326656985","1812.8.3","18297","E","","","0"
"2021","Blaine Lake No. 434, Saskatchewan [CCS470616013]","2021S05024716013","Tame or seeded pasture","Hectares","Number","223","units","0","v1326657015","1813.7.3","3482","E","","","0"
"2021","Blaine Lake No. 434, Saskatchewan [CCS470616013]","2021S05024716013","Natural land for pasture","Hectares","Number","223","units","0","v1326657018","1813.8.3","5439","E","","","0"
"2021","Redberry No. 435, Saskatchewan [CCS470616018]","2021S05024716018","Tame or seeded pasture","Hectares","Number","223","units","0","v1326657048","1814.7.3","4995","E","","","0"
"2021","Redberry No. 435, Saskatchewan [CCS470616018]","2021S05024716018","Natural land for pasture","Hectares","Number","223","units","0","v1326657051","1814.8.3","9731","E","","","0"
"2021","Douglas No. 436, Saskatchewan [CCS470616023]","2021S05024716023","Tame or seeded pasture","Hectares","Number","223","units","0","v1326657081","1815.7.3","2610","E","","","0"
"2021","Douglas No. 436, Saskatchewan [CCS470616023]","2021S05024716023","Natural land for pasture","Hectares","Number","223","units","0","v1326657084","1815.8.3","6313","E","","","0"
"2021","North Battleford No. 437, Saskatchewan [CCS470616028]","2021S05024716028","Tame or seeded pasture","Hectares","Number","223","units","0","v1326657114","1816.7.3","","F","","","0"
"2021","North Battleford No. 437, Saskatchewan [CCS470616028]","2021S05024716028","Natural land for pasture","Hectares","Number","223","units","0","v1326657117","1816.8.3","8453","E","","","0"
"2021","Round Hill No. 467, Saskatchewan [CCS470616033]","2021S05024716033","Tame or seeded pasture","Hectares","Number","223","units","0","v1326657147","1817.7.3","4470","D","","","0"
"2021","Round Hill No. 467, Saskatchewan [CCS470616033]","2021S05024716033","Natural land for pasture","Hectares","Number","223","units","0","v1326657150","1817.8.3","22248","C","","","0"
"2021","Meeting Lake No. 466, Saskatchewan [CCS470616038]","2021S05024716038","Tame or seeded pasture","Hectares","Number","223","units","0","v1326657180","1818.7.3","9083","C","","","0"
"2021","Meeting Lake No. 466, Saskatchewan [CCS470616038]","2021S05024716038","Natural land for pasture","Hectares","Number","223","units","0","v1326657183","1818.8.3","28935","C","","","0"
"2021","Leask No. 464, Saskatchewan [CCS470616041]","2021S05024716041","Tame or seeded pasture","Hectares","Number","223","units","0","v1326657213","1819.7.3","7133","D","","","0"
"2021","Leask No. 464, Saskatchewan [CCS470616041]","2021S05024716041","Natural land for pasture","Hectares","Number","223","units","0","v1326657216","1819.8.3","32226","D","","","0"
"2021","Shellbrook No. 493, Saskatchewan [CCS470616046]","2021S05024716046","Tame or seeded pasture","Hectares","Number","223","units","0","v1326657246","1820.7.3","5360","D","","","0"
"2021","Shellbrook No. 493, Saskatchewan [CCS470616046]","2021S05024716046","Natural land for pasture","Hectares","Number","223","units","0","v1326657249","1820.8.3","7142","E","","","0"
"2021","Canwood No. 494, Saskatchewan [CCS470616051]","2021S05024716051","Tame or seeded pasture","Hectares","Number","223","units","0","v1326657279","1821.7.3","13155","D","","","0"
"2021","Canwood No. 494, Saskatchewan [CCS470616051]","2021S05024716051","Natural land for pasture","Hectares","Number","223","units","0","v1326657282","1821.8.3","23681","E","","","0"
"2021","Spiritwood No. 496, Saskatchewan [CCS470616056]","2021S05024716056","Tame or seeded pasture","Hectares","Number","223","units","0","v1326657312","1822.7.3","16618","D","","","0"
"2021","Spiritwood No. 496, Saskatchewan [CCS470616056]","2021S05024716056","Natural land for pasture","Hectares","Number","223","units","0","v1326657315","1822.8.3","56474","D","","","0"
"2021","Medstead No. 497, Saskatchewan [CCS470616062]","2021S05024716062","Tame or seeded pasture","Hectares","Number","223","units","0","v1326657345","1823.7.3","4709","D","","","0"
"2021","Medstead No. 497, Saskatchewan [CCS470616062]","2021S05024716062","Natural land for pasture","Hectares","Number","223","units","0","v1326657348","1823.8.3","15206","D","","","0"
"2021","Big River No. 555, Saskatchewan [CCS470616075]","2021S05024716075","Tame or seeded pasture","Hectares","Number","223","units","0","v1326657378","1824.7.3","4722","E","","","0"
"2021","Big River No. 555, Saskatchewan [CCS470616075]","2021S05024716075","Natural land for pasture","Hectares","Number","223","units","0","v1326657381","1824.8.3","","F","","","0"
"2021","Meota No. 468, Saskatchewan [CCS470617001]","2021S05024717001","Tame or seeded pasture","Hectares","Number","223","units","0","v1326657444","1826.7.3","2419","E","","","0"
"2021","Meota No. 468, Saskatchewan [CCS470617001]","2021S05024717001","Natural land for pasture","Hectares","Number","223","units","0","v1326657447","1826.8.3","6923","E","","","0"
"2021","Turtle River No. 469, Saskatchewan [CCS470617008]","2021S05024717008","Tame or seeded pasture","Hectares","Number","223","units","0","v1326657477","1827.7.3","11259","C","","","0"
"2021","Turtle River No. 469, Saskatchewan [CCS470617008]","2021S05024717008","Natural land for pasture","Hectares","Number","223","units","0","v1326657480","1827.8.3","15902","E","","","0"
"2021","Paynton No. 470, Saskatchewan [CCS470617013]","2021S05024717013","Tame or seeded pasture","Hectares","Number","223","units","0","v1326657510","1828.7.3","2007","E","","","0"
"2021","Paynton No. 470, Saskatchewan [CCS470617013]","2021S05024717013","Natural land for pasture","Hectares","Number","223","units","0","v1326657513","1828.8.3","8495","D","","","0"
"2021","Eldon No. 471, Saskatchewan [CCS470617017]","2021S05024717017","Tame or seeded pasture","Hectares","Number","223","units","0","v1326657543","1829.7.3","9407","C","","","0"
"2021","Eldon No. 471, Saskatchewan [CCS470617017]","2021S05024717017","Natural land for pasture","Hectares","Number","223","units","0","v1326657546","1829.8.3","21230","C","","","0"
"2021","Wilton No. 472, Saskatchewan [CCS470617022]","2021S05024717022","Tame or seeded pasture","Hectares","Number","223","units","0","v1326657576","1830.7.3","6095","D","","","0"
"2021","Wilton No. 472, Saskatchewan [CCS470617022]","2021S05024717022","Natural land for pasture","Hectares","Number","223","units","0","v1326657579","1830.8.3","12352","D","","","0"
"2021","Britannia No. 502, Saskatchewan [CCS470617028]","2021S05024717028","Tame or seeded pasture","Hectares","Number","223","units","0","v1326657609","1831.7.3","19539","C","","","0"
"2021","Britannia No. 502, Saskatchewan [CCS470617028]","2021S05024717028","Natural land for pasture","Hectares","Number","223","units","0","v1326657612","1831.8.3","27821","D","","","0"
"2021","Frenchman Butte No. 501, Saskatchewan [CCS470617032]","2021S05024717032","Tame or seeded pasture","Hectares","Number","223","units","0","v1326657642","1832.7.3","17541","C","","","0"
"2021","Frenchman Butte No. 501, Saskatchewan [CCS470617032]","2021S05024717032","Natural land for pasture","Hectares","Number","223","units","0","v1326657645","1832.8.3","63558","B","","","0"
"2021","Mervin No. 499, Saskatchewan [CCS470617045]","2021S05024717045","Tame or seeded pasture","Hectares","Number","223","units","0","v1326657675","1833.7.3","17554","B","","","0"
"2021","Mervin No. 499, Saskatchewan [CCS470617045]","2021S05024717045","Natural land for pasture","Hectares","Number","223","units","0","v1326657678","1833.8.3","33270","B","","","0"
"2021","Parkdale No. 498, Saskatchewan [CCS470617047]","2021S05024717047","Tame or seeded pasture","Hectares","Number","223","units","0","v1326657708","1834.7.3","5874","D","","","0"
"2021","Parkdale No. 498, Saskatchewan [CCS470617047]","2021S05024717047","Natural land for pasture","Hectares","Number","223","units","0","v1326657711","1834.8.3","30192","B","","","0"
"2021","Meadow Lake No. 588, Saskatchewan [CCS470617054]","2021S05024717054","Tame or seeded pasture","Hectares","Number","223","units","0","v1326657741","1835.7.3","19253","D","","","0"
"2021","Meadow Lake No. 588, Saskatchewan [CCS470617054]","2021S05024717054","Natural land for pasture","Hectares","Number","223","units","0","v1326657744","1835.8.3","65338","C","","","0"
"2021","Loon Lake No. 561, Saskatchewan [CCS470617056]","2021S05024717056","Tame or seeded pasture","Hectares","Number","223","units","0","v1326657774","1836.7.3","17412","B","","","0"
"2021","Loon Lake No. 561, Saskatchewan [CCS470617056]","2021S05024717056","Natural land for pasture","Hectares","Number","223","units","0","v1326657777","1836.8.3","34516","D","","","0"
"2021","Beaver River No. 622, Saskatchewan [CCS470617062]","2021S05024717062","Tame or seeded pasture","Hectares","Number","223","units","0","v1326657807","1837.7.3","8820","D","","","0"
"2021","Beaver River No. 622, Saskatchewan [CCS470617062]","2021S05024717062","Natural land for pasture","Hectares","Number","223","units","0","v1326657810","1837.8.3","67366","B","","","0"
"2021","Division No. 18, Unorganized, Saskatchewan [CCS470718090]","2021S05024718090","Tame or seeded pasture","Hectares","Number","223","units","0","v1326657906","1840.7.3","","F","","","0"
"2021","Division No. 18, Unorganized, Saskatchewan [CCS470718090]","2021S05024718090","Natural land for pasture","Hectares","Number","223","units","0","v1326657909","1840.8.3","","F","","","0"
"2021","Alberta [PR480000000]","2021A000248","Tame or seeded pasture","Hectares","Number","223","units","0","v1326657939","1841.7.3","2124583","A","","","0"
"2021","Alberta [PR480000000]","2021A000248","Natural land for pasture","Hectares","Number","223","units","0","v1326657942","1841.8.3","6121309","A","","","0"
"2021","Cypress County, Alberta [CCS481001003]","2021S05024801003","Tame or seeded pasture","Hectares","Number","223","units","0","v1326658038","1844.7.3","71780","B","","","0"
"2021","Cypress County, Alberta [CCS481001003]","2021S05024801003","Natural land for pasture","Hectares","Number","223","units","0","v1326658041","1844.8.3","519285","A","","","0"
"2021","Forty Mile County No. 8, Alberta [CCS481001008]","2021S05024801008","Tame or seeded pasture","Hectares","Number","223","units","0","v1326658071","1845.7.3","26892","C","","","0"
"2021","Forty Mile County No. 8, Alberta [CCS481001008]","2021S05024801008","Natural land for pasture","Hectares","Number","223","units","0","v1326658074","1845.8.3","240187","B","","","0"
"2021","Special Area No. 2, Alberta [CCS481004004]","2021S05024804004","Tame or seeded pasture","Hectares","Number","223","units","0","v1326658137","1847.7.3","86879","B","","","0"
"2021","Special Area No. 2, Alberta [CCS481004004]","2021S05024804004","Natural land for pasture","Hectares","Number","223","units","0","v1326658140","1847.8.3","522655","A","","","0"
"2021","Special Area No. 3, Alberta [CCS481004012]","2021S05024804012","Tame or seeded pasture","Hectares","Number","223","units","0","v1326658170","1848.7.3","54802","B","","","0"
"2021","Special Area No. 3, Alberta [CCS481004012]","2021S05024804012","Natural land for pasture","Hectares","Number","223","units","0","v1326658173","1848.8.3","229699","A","","","0"
"2021","Special Area No. 4, Alberta [CCS481004020]","2021S05024804020","Tame or seeded pasture","Hectares","Number","223","units","0","v1326658203","1849.7.3","52013","B","","","0"
"2021","Special Area No. 4, Alberta [CCS481004020]","2021S05024804020","Natural land for pasture","Hectares","Number","223","units","0","v1326658206","1849.8.3","206855","A","","","0"
"2021","Warner County No. 5, Alberta [CCS482002001]","2021S05024802001","Tame or seeded pasture","Hectares","Number","223","units","0","v1326658302","1852.7.3","37267","B","","","0"
"2021","Warner County No. 5, Alberta [CCS482002001]","2021S05024802001","Natural land for pasture","Hectares","Number","223","units","0","v1326658305","1852.8.3","164146","B","","","0"
"2021","Lethbridge County, Alberta [CCS482002011]","2021S05024802011","Tame or seeded pasture","Hectares","Number","223","units","0","v1326658335","1853.7.3","24888","D","","","0"
"2021","Lethbridge County, Alberta [CCS482002011]","2021S05024802011","Natural land for pasture","Hectares","Number","223","units","0","v1326658338","1853.8.3","93360","D","","","0"
"2021","Taber, Alberta [CCS482002021]","2021S05024802021","Tame or seeded pasture","Hectares","Number","223","units","0","v1326658368","1854.7.3","19830","D","","","0"
"2021","Taber, Alberta [CCS482002021]","2021S05024802021","Natural land for pasture","Hectares","Number","223","units","0","v1326658371","1854.8.3","118573","C","","","0"
"2021","Newell County, Alberta [CCS482002031]","2021S05024802031","Tame or seeded pasture","Hectares","Number","223","units","0","v1326658401","1855.7.3","55396","B","","","0"
"2021","Newell County, Alberta [CCS482002031]","2021S05024802031","Natural land for pasture","Hectares","Number","223","units","0","v1326658404","1855.8.3","329195","B","","","0"
"2021","Vulcan County, Alberta [CCS482005001]","2021S05024805001","Tame or seeded pasture","Hectares","Number","223","units","0","v1326658467","1857.7.3","37447","B","","","0"
"2021","Vulcan County, Alberta [CCS482005001]","2021S05024805001","Natural land for pasture","Hectares","Number","223","units","0","v1326658470","1857.8.3","89597","C","","","0"
"2021","Wheatland County, Alberta [CCS482005012]","2021S05024805012","Tame or seeded pasture","Hectares","Number","223","units","0","v1326658500","1858.7.3","39097","C","","","0"
"2021","Wheatland County, Alberta [CCS482005012]","2021S05024805012","Natural land for pasture","Hectares","Number","223","units","0","v1326658503","1858.8.3","100478","D","","","0"
"2021","Starland County, Alberta [CCS482005031]","2021S05024805031","Tame or seeded pasture","Hectares","Number","223","units","0","v1326658533","1859.7.3","20518","C","","","0"
"2021","Starland County, Alberta [CCS482005031]","2021S05024805031","Natural land for pasture","Hectares","Number","223","units","0","v1326658536","1859.8.3","46382","D","","","0"
"2021","Kneehill County, Alberta [CCS482005041]","2021S05024805041","Tame or seeded pasture","Hectares","Number","223","units","0","v1326658566","1860.7.3","18104","D","","","0"
"2021","Kneehill County, Alberta [CCS482005041]","2021S05024805041","Natural land for pasture","Hectares","Number","223","units","0","v1326658569","1860.8.3","84674","D","","","0"
"2021","Cardston County, Alberta [CCS483003001]","2021S05024803001","Tame or seeded pasture","Hectares","Number","223","units","0","v1326658665","1863.7.3","25645","C","","","0"
"2021","Cardston County, Alberta [CCS483003001]","2021S05024803001","Natural land for pasture","Hectares","Number","223","units","0","v1326658668","1863.8.3","116360","B","","","0"
"2021","Pincher Creek No. 9, Alberta [CCS483003011]","2021S05024803011","Tame or seeded pasture","Hectares","Number","223","units","0","v1326658698","1864.7.3","29886","C","","","0"
"2021","Pincher Creek No. 9, Alberta [CCS483003011]","2021S05024803011","Natural land for pasture","Hectares","Number","223","units","0","v1326658701","1864.8.3","209796","B","","","0"
"2021","Willow Creek No. 26, Alberta [CCS483003018]","2021S05024803018","Tame or seeded pasture","Hectares","Number","223","units","0","v1326658731","1865.7.3","61342","B","","","0"
"2021","Willow Creek No. 26, Alberta [CCS483003018]","2021S05024803018","Natural land for pasture","Hectares","Number","223","units","0","v1326658734","1865.8.3","220629","A","","","0"
"2021","Foothills County, Alberta [CCS483006001]","2021S05024806001","Tame or seeded pasture","Hectares","Number","223","units","0","v1326658797","1867.7.3","32574","C","","","0"
"2021","Foothills County, Alberta [CCS483006001]","2021S05024806001","Natural land for pasture","Hectares","Number","223","units","0","v1326658800","1867.8.3","184297","B","","","0"
"2021","Rocky View County, Alberta [CCS483006014]","2021S05024806014","Tame or seeded pasture","Hectares","Number","223","units","0","v1326658830","1868.7.3","39144","C","","","0"
"2021","Rocky View County, Alberta [CCS483006014]","2021S05024806014","Natural land for pasture","Hectares","Number","223","units","0","v1326658833","1868.8.3","153581","B","","","0"
"2021","Calgary, Alberta [CCS483006016]","2021S05024806016","Tame or seeded pasture","Hectares","Number","223","units","0","v1326658863","1869.7.3","","F","","","0"
"2021","Calgary, Alberta [CCS483006016]","2021S05024806016","Natural land for pasture","Hectares","Number","223","units","0","v1326658866","1869.8.3","","F","","","0"
"2021","Mountain View County, Alberta [CCS483006028]","2021S05024806028","Tame or seeded pasture","Hectares","Number","223","units","0","v1326658896","1870.7.3","37488","C","","","0"
"2021","Mountain View County, Alberta [CCS483006028]","2021S05024806028","Natural land for pasture","Hectares","Number","223","units","0","v1326658899","1870.8.3","137359","B","","","0"
"2021","Bighorn No. 8, Alberta [CCS483015015]","2021S05024815015","Tame or seeded pasture","Hectares","Number","223","units","0","v1326658962","1872.7.3","","F","","","0"
"2021","Bighorn No. 8, Alberta [CCS483015015]","2021S05024815015","Natural land for pasture","Hectares","Number","223","units","0","v1326658965","1872.8.3","","F","","","0"
"2021","Improvement District No. 12 Jasper Park, Alberta [CCS483015037]","2021S05024815037","Tame or seeded pasture","Hectares","Number","223","units","0","v1326658995","1873.7.3","0","A","","","0"
"2021","Improvement District No. 12 Jasper Park, Alberta [CCS483015037]","2021S05024815037","Natural land for pasture","Hectares","Number","223","units","0","v1326658998","1873.8.3","0","A","","","0"
"2021","Ranchland No. 66, Alberta [CCS483015045]","2021S05024815045","Tame or seeded pasture","Hectares","Number","223","units","0","v1326659028","1874.7.3","","F","","","0"
"2021","Ranchland No. 66, Alberta [CCS483015045]","2021S05024815045","Natural land for pasture","Hectares","Number","223","units","0","v1326659031","1874.8.3","102603","B","","","0"
"2021","Provost No. 52, Alberta [CCS484007001]","2021S05024807001","Tame or seeded pasture","Hectares","Number","223","units","0","v1326659127","1877.7.3","54620","B","","","0"
"2021","Provost No. 52, Alberta [CCS484007001]","2021S05024807001","Natural land for pasture","Hectares","Number","223","units","0","v1326659130","1877.8.3","124800","B","","","0"
"2021","Paintearth County No. 18, Alberta [CCS484007011]","2021S05024807011","Tame or seeded pasture","Hectares","Number","223","units","0","v1326659160","1878.7.3","46637","B","","","0"
"2021","Paintearth County No. 18, Alberta [CCS484007011]","2021S05024807011","Natural land for pasture","Hectares","Number","223","units","0","v1326659163","1878.8.3","97399","B","","","0"
"2021","Stettler County No. 6, Alberta [CCS484007019]","2021S05024807019","Tame or seeded pasture","Hectares","Number","223","units","0","v1326659193","1879.7.3","54749","B","","","0"
"2021","Stettler County No. 6, Alberta [CCS484007019]","2021S05024807019","Natural land for pasture","Hectares","Number","223","units","0","v1326659196","1879.8.3","130974","B","","","0"
"2021","Flagstaff County, Alberta [CCS484007031]","2021S05024807031","Tame or seeded pasture","Hectares","Number","223","units","0","v1326659226","1880.7.3","35111","B","","","0"
"2021","Flagstaff County, Alberta [CCS484007031]","2021S05024807031","Natural land for pasture","Hectares","Number","223","units","0","v1326659229","1880.8.3","49966","B","","","0"
"2021","Wainwright No. 61, Alberta [CCS484007049]","2021S05024807049","Tame or seeded pasture","Hectares","Number","223","units","0","v1326659259","1881.7.3","38710","B","","","0"
"2021","Wainwright No. 61, Alberta [CCS484007049]","2021S05024807049","Natural land for pasture","Hectares","Number","223","units","0","v1326659262","1881.8.3","85791","B","","","0"
"2021","Camrose County, Alberta [CCS484110001]","2021S05024810001","Tame or seeded pasture","Hectares","Number","223","units","0","v1326659358","1884.7.3","29192","C","","","0"
"2021","Camrose County, Alberta [CCS484110001]","2021S05024810001","Natural land for pasture","Hectares","Number","223","units","0","v1326659361","1884.8.3","42243","C","","","0"
"2021","Beaver County, Alberta [CCS484110016]","2021S05024810016","Tame or seeded pasture","Hectares","Number","223","units","0","v1326659391","1885.7.3","21530","C","","","0"
"2021","Beaver County, Alberta [CCS484110016]","2021S05024810016","Natural land for pasture","Hectares","Number","223","units","0","v1326659394","1885.8.3","40675","B","","","0"
"2021","Minburn County No. 27, Alberta [CCS484110026]","2021S05024810026","Tame or seeded pasture","Hectares","Number","223","units","0","v1326659424","1886.7.3","32280","B","","","0"
"2021","Minburn County No. 27, Alberta [CCS484110026]","2021S05024810026","Natural land for pasture","Hectares","Number","223","units","0","v1326659427","1886.8.3","36897","C","","","0"
"2021","Vermilion River County, Alberta [CCS484110036]","2021S05024810036","Tame or seeded pasture","Hectares","Number","223","units","0","v1326659457","1887.7.3","91273","A","","","0"
"2021","Vermilion River County, Alberta [CCS484110036]","2021S05024810036","Natural land for pasture","Hectares","Number","223","units","0","v1326659460","1887.8.3","146641","A","","","0"
"2021","Two Hills County No. 21, Alberta [CCS484110048]","2021S05024810048","Tame or seeded pasture","Hectares","Number","223","units","0","v1326659490","1888.7.3","21768","C","","","0"
"2021","Two Hills County No. 21, Alberta [CCS484110048]","2021S05024810048","Natural land for pasture","Hectares","Number","223","units","0","v1326659493","1888.8.3","35690","C","","","0"
"2021","Lamont County, Alberta [CCS484110058]","2021S05024810058","Tame or seeded pasture","Hectares","Number","223","units","0","v1326659523","1889.7.3","13008","D","","","0"
"2021","Lamont County, Alberta [CCS484110058]","2021S05024810058","Natural land for pasture","Hectares","Number","223","units","0","v1326659526","1889.8.3","21003","D","","","0"
"2021","Red Deer County, Alberta [CCS485008001]","2021S05024808001","Tame or seeded pasture","Hectares","Number","223","units","0","v1326659622","1892.7.3","50907","C","","","0"
"2021","Red Deer County, Alberta [CCS485008001]","2021S05024808001","Natural land for pasture","Hectares","Number","223","units","0","v1326659625","1892.8.3","87448","D","","","0"
"2021","Lacombe County, Alberta [CCS485008022]","2021S05024808022","Tame or seeded pasture","Hectares","Number","223","units","0","v1326659655","1893.7.3","42451","C","","","0"
"2021","Lacombe County, Alberta [CCS485008022]","2021S05024808022","Natural land for pasture","Hectares","Number","223","units","0","v1326659658","1893.8.3","59290","D","","","0"
"2021","Ponoka County, Alberta [CCS485008038]","2021S05024808038","Tame or seeded pasture","Hectares","Number","223","units","0","v1326659688","1894.7.3","46079","C","","","0"
"2021","Ponoka County, Alberta [CCS485008038]","2021S05024808038","Natural land for pasture","Hectares","Number","223","units","0","v1326659691","1894.8.3","82083","D","","","0"
"2021","Clearwater County, Alberta [CCS485009002]","2021S05024809002","Tame or seeded pasture","Hectares","Number","223","units","0","v1326659754","1896.7.3","44171","C","","","0"
"2021","Clearwater County, Alberta [CCS485009002]","2021S05024809002","Natural land for pasture","Hectares","Number","223","units","0","v1326659757","1896.8.3","121121","B","","","0"
"2021","Wetaskiwin County No. 10, Alberta [CCS485011001]","2021S05024811001","Tame or seeded pasture","Hectares","Number","223","units","0","v1326659820","1898.7.3","45550","B","","","0"
"2021","Wetaskiwin County No. 10, Alberta [CCS485011001]","2021S05024811001","Natural land for pasture","Hectares","Number","223","units","0","v1326659823","1898.8.3","42818","B","","","0"
"2021","Leduc County, Alberta [CCS485011012]","2021S05024811012","Tame or seeded pasture","Hectares","Number","223","units","0","v1326659853","1899.7.3","24086","C","","","0"
"2021","Leduc County, Alberta [CCS485011012]","2021S05024811012","Natural land for pasture","Hectares","Number","223","units","0","v1326659856","1899.8.3","23971","D","","","0"
"2021","Brazeau County, Alberta [CCS485011032]","2021S05024811032","Tame or seeded pasture","Hectares","Number","223","units","0","v1326659886","1900.7.3","19725","C","","","0"
"2021","Brazeau County, Alberta [CCS485011032]","2021S05024811032","Natural land for pasture","Hectares","Number","223","units","0","v1326659889","1900.8.3","31747","B","","","0"
"2021","Parkland County, Alberta [CCS485011034]","2021S05024811034","Tame or seeded pasture","Hectares","Number","223","units","0","v1326659919","1901.7.3","30678","C","","","0"
"2021","Parkland County, Alberta [CCS485011034]","2021S05024811034","Natural land for pasture","Hectares","Number","223","units","0","v1326659922","1901.8.3","24131","D","","","0"
"2021","Strathcona County, Alberta [CCS485011052]","2021S05024811052","Tame or seeded pasture","Hectares","Number","223","units","0","v1326659952","1902.7.3","10568","E","","","0"
"2021","Strathcona County, Alberta [CCS485011052]","2021S05024811052","Natural land for pasture","Hectares","Number","223","units","0","v1326659955","1902.8.3","9300","E","","","0"
"2021","Sturgeon County, Alberta [CCS485011059]","2021S05024811059","Tame or seeded pasture","Hectares","Number","223","units","0","v1326659985","1903.7.3","15421","D","","","0"
"2021","Sturgeon County, Alberta [CCS485011059]","2021S05024811059","Natural land for pasture","Hectares","Number","223","units","0","v1326659988","1903.8.3","13228","E","","","0"
"2021","Edmonton, Alberta [CCS485011061]","2021S05024811061","Tame or seeded pasture","Hectares","Number","223","units","0","v1326660018","1904.7.3","","F","","","0"
"2021","Edmonton, Alberta [CCS485011061]","2021S05024811061","Natural land for pasture","Hectares","Number","223","units","0","v1326660021","1904.8.3","","F","","","0"
"2021","Bonnyville No. 87, Alberta [CCS486012004]","2021S05024812004","Tame or seeded pasture","Hectares","Number","223","units","0","v1326660117","1907.7.3","38938","B","","","0"
"2021","Bonnyville No. 87, Alberta [CCS486012004]","2021S05024812004","Natural land for pasture","Hectares","Number","223","units","0","v1326660120","1907.8.3","94223","A","","","0"
"2021","St. Paul County No. 19, Alberta [CCS486012014]","2021S05024812014","Tame or seeded pasture","Hectares","Number","223","units","0","v1326660150","1908.7.3","57400","B","","","0"
"2021","St. Paul County No. 19, Alberta [CCS486012014]","2021S05024812014","Natural land for pasture","Hectares","Number","223","units","0","v1326660153","1908.8.3","93465","A","","","0"
"2021","Smoky Lake County, Alberta [CCS486012022]","2021S05024812022","Tame or seeded pasture","Hectares","Number","223","units","0","v1326660183","1909.7.3","16262","C","","","0"
"2021","Smoky Lake County, Alberta [CCS486012022]","2021S05024812022","Natural land for pasture","Hectares","Number","223","units","0","v1326660186","1909.8.3","58867","A","","","0"
"2021","Lac la Biche County, Alberta [CCS486012037]","2021S05024812037","Tame or seeded pasture","Hectares","Number","223","units","0","v1326660216","1910.7.3","12523","D","","","0"
"2021","Lac la Biche County, Alberta [CCS486012037]","2021S05024812037","Natural land for pasture","Hectares","Number","223","units","0","v1326660219","1910.8.3","33647","B","","","0"
"2021","Lac Ste. Anne County, Alberta [CCS486013001]","2021S05024813001","Tame or seeded pasture","Hectares","Number","223","units","0","v1326660282","1912.7.3","43254","B","","","0"
"2021","Lac Ste. Anne County, Alberta [CCS486013001]","2021S05024813001","Natural land for pasture","Hectares","Number","223","units","0","v1326660285","1912.8.3","46632","C","","","0"
"2021","Barrhead County No. 11, Alberta [CCS486013018]","2021S05024813018","Tame or seeded pasture","Hectares","Number","223","units","0","v1326660315","1913.7.3","44101","B","","","0"
"2021","Barrhead County No. 11, Alberta [CCS486013018]","2021S05024813018","Natural land for pasture","Hectares","Number","223","units","0","v1326660318","1913.8.3","33572","C","","","0"
"2021","Westlock County, Alberta [CCS486013028]","2021S05024813028","Tame or seeded pasture","Hectares","Number","223","units","0","v1326660348","1914.7.3","40504","B","","","0"
"2021","Westlock County, Alberta [CCS486013028]","2021S05024813028","Natural land for pasture","Hectares","Number","223","units","0","v1326660351","1914.8.3","42399","C","","","0"
"2021","Woodlands County, Alberta [CCS486013029]","2021S05024813029","Tame or seeded pasture","Hectares","Number","223","units","0","v1326660381","1915.7.3","9555","C","","","0"
"2021","Woodlands County, Alberta [CCS486013029]","2021S05024813029","Natural land for pasture","Hectares","Number","223","units","0","v1326660384","1915.8.3","21361","B","","","0"
"2021","Thorhild County, Alberta [CCS486013036]","2021S05024813036","Tame or seeded pasture","Hectares","Number","223","units","0","v1326660414","1916.7.3","17687","D","","","0"
"2021","Thorhild County, Alberta [CCS486013036]","2021S05024813036","Natural land for pasture","Hectares","Number","223","units","0","v1326660417","1916.8.3","28503","C","","","0"
"2021","Athabasca County, Alberta [CCS486013044]","2021S05024813044","Tame or seeded pasture","Hectares","Number","223","units","0","v1326660447","1917.7.3","29845","C","","","0"
"2021","Athabasca County, Alberta [CCS486013044]","2021S05024813044","Natural land for pasture","Hectares","Number","223","units","0","v1326660450","1917.8.3","47419","B","","","0"
"2021","Yellowhead County, Alberta [CCS486014003]","2021S05024814003","Tame or seeded pasture","Hectares","Number","223","units","0","v1326660513","1919.7.3","28208","C","","","0"
"2021","Yellowhead County, Alberta [CCS486014003]","2021S05024814003","Natural land for pasture","Hectares","Number","223","units","0","v1326660516","1919.8.3","60886","C","","","0"
"2021","Wood Buffalo, Alberta [CCS486016037]","2021S05024816037","Tame or seeded pasture","Hectares","Number","223","units","0","v1326660579","1921.7.3","0","A","","","0"
"2021","Wood Buffalo, Alberta [CCS486016037]","2021S05024816037","Natural land for pasture","Hectares","Number","223","units","0","v1326660582","1921.8.3","0","A","","","0"
"2021","Improvement District No. 24 Wood Buffalo, Alberta [CCS486016051]","2021S05024816051","Tame or seeded pasture","Hectares","Number","223","units","0","v1326660612","1922.7.3","0","A","","","0"
"2021","Improvement District No. 24 Wood Buffalo, Alberta [CCS486016051]","2021S05024816051","Natural land for pasture","Hectares","Number","223","units","0","v1326660615","1922.8.3","0","A","","","0"
"2021","Northern Sunrise County, Alberta [CCS487017026]","2021S05024817026","Tame or seeded pasture","Hectares","Number","223","units","0","v1326660711","1925.7.3","9043","D","","","0"
"2021","Northern Sunrise County, Alberta [CCS487017026]","2021S05024817026","Natural land for pasture","Hectares","Number","223","units","0","v1326660714","1925.8.3","6288","E","","","0"
"2021","Big Lakes County, Alberta [CCS487017027]","2021S05024817027","Tame or seeded pasture","Hectares","Number","223","units","0","v1326660744","1926.7.3","20923","C","","","0"
"2021","Big Lakes County, Alberta [CCS487017027]","2021S05024817027","Natural land for pasture","Hectares","Number","223","units","0","v1326660747","1926.8.3","35863","B","","","0"
"2021","Lesser Slave River No. 124, Alberta [CCS487017033]","2021S05024817033","Tame or seeded pasture","Hectares","Number","223","units","0","v1326660777","1927.7.3","7393","D","","","0"
"2021","Lesser Slave River No. 124, Alberta [CCS487017033]","2021S05024817033","Natural land for pasture","Hectares","Number","223","units","0","v1326660780","1927.8.3","9469","D","","","0"
"2021","Clear Hills, Alberta [CCS487017062]","2021S05024817062","Tame or seeded pasture","Hectares","Number","223","units","0","v1326660810","1928.7.3","22224","D","","","0"
"2021","Clear Hills, Alberta [CCS487017062]","2021S05024817062","Natural land for pasture","Hectares","Number","223","units","0","v1326660813","1928.8.3","47583","C","","","0"
"2021","Northern Lights County, Alberta [CCS487017076]","2021S05024817076","Tame or seeded pasture","Hectares","Number","223","units","0","v1326660843","1929.7.3","24087","C","","","0"
"2021","Northern Lights County, Alberta [CCS487017076]","2021S05024817076","Natural land for pasture","Hectares","Number","223","units","0","v1326660846","1929.8.3","25098","C","","","0"
"2021","Mackenzie County, Alberta [CCS487017095]","2021S05024817095","Tame or seeded pasture","Hectares","Number","223","units","0","v1326660876","1930.7.3","13973","E","","","0"
"2021","Mackenzie County, Alberta [CCS487017095]","2021S05024817095","Natural land for pasture","Hectares","Number","223","units","0","v1326660879","1930.8.3","22336","E","","","0"
"2021","Greenview No. 16, Alberta [CCS487018015]","2021S05024818015","Tame or seeded pasture","Hectares","Number","223","units","0","v1326660942","1932.7.3","35807","B","","","0"
"2021","Greenview No. 16, Alberta [CCS487018015]","2021S05024818015","Natural land for pasture","Hectares","Number","223","units","0","v1326660945","1932.8.3","49892","B","","","0"
"2021","Grande Prairie County No. 1, Alberta [CCS487019006]","2021S05024819006","Tame or seeded pasture","Hectares","Number","223","units","0","v1326661008","1934.7.3","51269","B","","","0"
"2021","Grande Prairie County No. 1, Alberta [CCS487019006]","2021S05024819006","Natural land for pasture","Hectares","Number","223","units","0","v1326661011","1934.8.3","81639","B","","","0"
"2021","Smoky River No. 130, Alberta [CCS487019041]","2021S05024819041","Tame or seeded pasture","Hectares","Number","223","units","0","v1326661041","1935.7.3","7441","E","","","0"
"2021","Smoky River No. 130, Alberta [CCS487019041]","2021S05024819041","Natural land for pasture","Hectares","Number","223","units","0","v1326661044","1935.8.3","16034","D","","","0"
"2021","Birch Hills County, Alberta [CCS487019049]","2021S05024819049","Tame or seeded pasture","Hectares","Number","223","units","0","v1326661074","1936.7.3","8054","D","","","0"
"2021","Birch Hills County, Alberta [CCS487019049]","2021S05024819049","Natural land for pasture","Hectares","Number","223","units","0","v1326661077","1936.8.3","10369","D","","","0"
"2021","Spirit River No. 133, Alberta [CCS487019054]","2021S05024819054","Tame or seeded pasture","Hectares","Number","223","units","0","v1326661107","1937.7.3","6721","D","","","0"
"2021","Spirit River No. 133, Alberta [CCS487019054]","2021S05024819054","Natural land for pasture","Hectares","Number","223","units","0","v1326661110","1937.8.3","4708","E","","","0"
"2021","Saddle Hills County, Alberta [CCS487019059]","2021S05024819059","Tame or seeded pasture","Hectares","Number","223","units","0","v1326661140","1938.7.3","17176","C","","","0"
"2021","Saddle Hills County, Alberta [CCS487019059]","2021S05024819059","Natural land for pasture","Hectares","Number","223","units","0","v1326661143","1938.8.3","23999","C","","","0"
"2021","Fairview No. 136, Alberta [CCS487019066]","2021S05024819066","Tame or seeded pasture","Hectares","Number","223","units","0","v1326661173","1939.7.3","5227","E","","","0"
"2021","Fairview No. 136, Alberta [CCS487019066]","2021S05024819066","Natural land for pasture","Hectares","Number","223","units","0","v1326661176","1939.8.3","10261","E","","","0"
"2021","Peace No. 135, Alberta [CCS487019071]","2021S05024819071","Tame or seeded pasture","Hectares","Number","223","units","0","v1326661206","1940.7.3","9479","E","","","0"
"2021","Peace No. 135, Alberta [CCS487019071]","2021S05024819071","Natural land for pasture","Hectares","Number","223","units","0","v1326661209","1940.8.3","20420","E","","","0"
"2021","British Columbia [PR590000000]","2021A000259","Tame or seeded pasture","Hectares","Number","223","units","0","v1326661239","1941.7.3","177696","A","","","0"
"2021","British Columbia [PR590000000]","2021A000259","Natural land for pasture","Hectares","Number","223","units","0","v1326661242","1941.8.3","1246042","A","","","0"
"2021","North Saanich, British Columbia [CCS590117005]","2021S05025917005","Tame or seeded pasture","Hectares","Number","223","units","0","v1326661338","1944.7.3","","F","","","0"
"2021","North Saanich, British Columbia [CCS590117005]","2021S05025917005","Natural land for pasture","Hectares","Number","223","units","0","v1326661341","1944.8.3","","F","","","0"
"2021","Central Saanich, British Columbia [CCS590117015]","2021S05025917015","Tame or seeded pasture","Hectares","Number","223","units","0","v1326661371","1945.7.3","","F","","","0"
"2021","Central Saanich, British Columbia [CCS590117015]","2021S05025917015","Natural land for pasture","Hectares","Number","223","units","0","v1326661374","1945.8.3","","F","","","0"
"2021","Saanich, British Columbia [CCS590117021]","2021S05025917021","Tame or seeded pasture","Hectares","Number","223","units","0","v1326661404","1946.7.3","","F","","","0"
"2021","Saanich, British Columbia [CCS590117021]","2021S05025917021","Natural land for pasture","Hectares","Number","223","units","0","v1326661407","1946.8.3","","F","","","0"
"2021","Saltspring Island, British Columbia [CCS590117027]","2021S05025917027","Tame or seeded pasture","Hectares","Number","223","units","0","v1326661437","1947.7.3","","F","","","0"
"2021","Saltspring Island, British Columbia [CCS590117027]","2021S05025917027","Natural land for pasture","Hectares","Number","223","units","0","v1326661440","1947.8.3","","F","","","0"
"2021","Southern Gulf Islands, British Columbia [CCS590117029]","2021S05025917029","Tame or seeded pasture","Hectares","Number","223","units","0","v1326661470","1948.7.3","","F","","","0"
"2021","Southern Gulf Islands, British Columbia [CCS590117029]","2021S05025917029","Natural land for pasture","Hectares","Number","223","units","0","v1326661473","1948.8.3","","F","","","0"
"2021","Juan de Fuca (Part 2), British Columbia [CCS590117056]","2021S05025917056","Tame or seeded pasture","Hectares","Number","223","units","0","v1326661503","1949.7.3","","F","","","0"
"2021","Juan de Fuca (Part 2), British Columbia [CCS590117056]","2021S05025917056","Natural land for pasture","Hectares","Number","223","units","0","v1326661506","1949.8.3","","F","","","0"
"2021","North Cowichan, British Columbia [CCS590119008]","2021S05025919008","Tame or seeded pasture","Hectares","Number","223","units","0","v1326661569","1951.7.3","","F","","","0"
"2021","North Cowichan, British Columbia [CCS590119008]","2021S05025919008","Natural land for pasture","Hectares","Number","223","units","0","v1326661572","1951.8.3","","F","","","0"
"2021","Cowichan Valley G, British Columbia [CCS590119015]","2021S05025919015","Tame or seeded pasture","Hectares","Number","223","units","0","v1326661602","1952.7.3","","F","","","0"
"2021","Cowichan Valley G, British Columbia [CCS590119015]","2021S05025919015","Natural land for pasture","Hectares","Number","223","units","0","v1326661605","1952.8.3","","F","","","0"
"2021","Cowichan Valley F, British Columbia [CCS590119033]","2021S05025919033","Tame or seeded pasture","Hectares","Number","223","units","0","v1326661635","1953.7.3","","F","","","0"
"2021","Cowichan Valley F, British Columbia [CCS590119033]","2021S05025919033","Natural land for pasture","Hectares","Number","223","units","0","v1326661638","1953.8.3","","F","","","0"
"2021","Cowichan Valley B, British Columbia [CCS590119046]","2021S05025919046","Tame or seeded pasture","Hectares","Number","223","units","0","v1326661668","1954.7.3","","F","","","0"
"2021","Cowichan Valley B, British Columbia [CCS590119046]","2021S05025919046","Natural land for pasture","Hectares","Number","223","units","0","v1326661671","1954.8.3","","F","","","0"
"2021","Nanaimo, British Columbia [CCS590121007]","2021S05025921007","Tame or seeded pasture","Hectares","Number","223","units","0","v1326661734","1956.7.3","","F","","","0"
"2021","Nanaimo, British Columbia [CCS590121007]","2021S05025921007","Natural land for pasture","Hectares","Number","223","units","0","v1326661737","1956.8.3","","F","","","0"
"2021","Nanaimo C, British Columbia [CCS590121016]","2021S05025921016","Tame or seeded pasture","Hectares","Number","223","units","0","v1326661767","1957.7.3","","F","","","0"
"2021","Nanaimo C, British Columbia [CCS590121016]","2021S05025921016","Natural land for pasture","Hectares","Number","223","units","0","v1326661770","1957.8.3","","F","","","0"
"2021","Nanaimo E, British Columbia [CCS590121030]","2021S05025921030","Tame or seeded pasture","Hectares","Number","223","units","0","v1326661800","1958.7.3","","F","","","0"
"2021","Nanaimo E, British Columbia [CCS590121030]","2021S05025921030","Natural land for pasture","Hectares","Number","223","units","0","v1326661803","1958.8.3","","F","","","0"
"2021","Nanaimo F, British Columbia [CCS590121032]","2021S05025921032","Tame or seeded pasture","Hectares","Number","223","units","0","v1326661833","1959.7.3","","F","","","0"
"2021","Nanaimo F, British Columbia [CCS590121032]","2021S05025921032","Natural land for pasture","Hectares","Number","223","units","0","v1326661836","1959.8.3","","F","","","0"
"2021","Nanaimo G, British Columbia [CCS590121034]","2021S05025921034","Tame or seeded pasture","Hectares","Number","223","units","0","v1326661866","1960.7.3","","F","","","0"
"2021","Nanaimo G, British Columbia [CCS590121034]","2021S05025921034","Natural land for pasture","Hectares","Number","223","units","0","v1326661869","1960.8.3","","F","","","0"
"2021","Nanaimo H, British Columbia [CCS590121036]","2021S05025921036","Tame or seeded pasture","Hectares","Number","223","units","0","v1326661899","1961.7.3","","F","","","0"
"2021","Nanaimo H, British Columbia [CCS590121036]","2021S05025921036","Natural land for pasture","Hectares","Number","223","units","0","v1326661902","1961.8.3","","F","","","0"
"2021","Alberni-Clayoquot B, British Columbia [CCS590123033]","2021S05025923033","Tame or seeded pasture","Hectares","Number","223","units","0","v1326661965","1963.7.3","","F","","","0"
"2021","Alberni-Clayoquot B, British Columbia [CCS590123033]","2021S05025923033","Natural land for pasture","Hectares","Number","223","units","0","v1326661968","1963.8.3","","F","","","0"
"2021","Alberni-Clayoquot D, British Columbia [CCS590123035]","2021S05025923035","Tame or seeded pasture","Hectares","Number","223","units","0","v1326661998","1964.7.3","","F","","","0"
"2021","Alberni-Clayoquot D, British Columbia [CCS590123035]","2021S05025923035","Natural land for pasture","Hectares","Number","223","units","0","v1326662001","1964.8.3","","F","","","0"
"2021","Alberni-Clayoquot F, British Columbia [CCS590123039]","2021S05025923039","Tame or seeded pasture","Hectares","Number","223","units","0","v1326662031","1965.7.3","","F","","","0"
"2021","Alberni-Clayoquot F, British Columbia [CCS590123039]","2021S05025923039","Natural land for pasture","Hectares","Number","223","units","0","v1326662034","1965.8.3","","F","","","0"
"2021","Alberni-Clayoquot A, British Columbia [CCS590123047]","2021S05025923047","Tame or seeded pasture","Hectares","Number","223","units","0","v1326662064","1966.7.3","0","A","","","0"
"2021","Alberni-Clayoquot A, British Columbia [CCS590123047]","2021S05025923047","Natural land for pasture","Hectares","Number","223","units","0","v1326662067","1966.8.3","0","A","","","0"
"2021","Strathcona D (Oyster Bay - Buttle Lake), British Columbia [CCS590124042]","2021S05025924042","Tame or seeded pasture","Hectares","Number","223","units","0","v1326662130","1968.7.3","","F","","","0"
"2021","Strathcona D (Oyster Bay - Buttle Lake), British Columbia [CCS590124042]","2021S05025924042","Natural land for pasture","Hectares","Number","223","units","0","v1326662133","1968.8.3","","F","","","0"
"2021","Strathcona C, British Columbia [CCS590124054]","2021S05025924054","Tame or seeded pasture","Hectares","Number","223","units","0","v1326662163","1969.7.3","","F","","","0"
"2021","Strathcona C, British Columbia [CCS590124054]","2021S05025924054","Natural land for pasture","Hectares","Number","223","units","0","v1326662166","1969.8.3","","F","","","0"
"2021","Comox Valley A, British Columbia [CCS590126021]","2021S05025926021","Tame or seeded pasture","Hectares","Number","223","units","0","v1326662229","1971.7.3","","F","","","0"
"2021","Comox Valley A, British Columbia [CCS590126021]","2021S05025926021","Natural land for pasture","Hectares","Number","223","units","0","v1326662232","1971.8.3","","F","","","0"
"2021","Comox Valley B (Lazo North), British Columbia [CCS590126022]","2021S05025926022","Tame or seeded pasture","Hectares","Number","223","units","0","v1326662262","1972.7.3","","F","","","0"
"2021","Comox Valley B (Lazo North), British Columbia [CCS590126022]","2021S05025926022","Natural land for pasture","Hectares","Number","223","units","0","v1326662265","1972.8.3","","F","","","0"
"2021","Comox Valley C (Puntledge - Black Creek), British Columbia [CCS590126024]","2021S05025926024","Tame or seeded pasture","Hectares","Number","223","units","0","v1326662295","1973.7.3","","F","","","0"
"2021","Comox Valley C (Puntledge - Black Creek), British Columbia [CCS590126024]","2021S05025926024","Natural land for pasture","Hectares","Number","223","units","0","v1326662298","1973.8.3","","F","","","0"
"2021","qathet A, British Columbia [CCS590127010]","2021S05025927010","Tame or seeded pasture","Hectares","Number","223","units","0","v1326662361","1975.7.3","","F","","","0"
"2021","qathet A, British Columbia [CCS590127010]","2021S05025927010","Natural land for pasture","Hectares","Number","223","units","0","v1326662364","1975.8.3","","F","","","0"
"2021","qathet C, British Columbia [CCS590127016]","2021S05025927016","Tame or seeded pasture","Hectares","Number","223","units","0","v1326662394","1976.7.3","","F","","","0"
"2021","qathet C, British Columbia [CCS590127016]","2021S05025927016","Natural land for pasture","Hectares","Number","223","units","0","v1326662397","1976.8.3","","F","","","0"
"2021","qathet E, British Columbia [CCS590127020]","2021S05025927020","Tame or seeded pasture","Hectares","Number","223","units","0","v1326662427","1977.7.3","","F","","","0"
"2021","qathet E, British Columbia [CCS590127020]","2021S05025927020","Natural land for pasture","Hectares","Number","223","units","0","v1326662430","1977.8.3","","F","","","0"
"2021","Mount Waddington C, British Columbia [CCS590143031]","2021S05025943031","Tame or seeded pasture","Hectares","Number","223","units","0","v1326662493","1979.7.3","","F","","","0"
"2021","Mount Waddington C, British Columbia [CCS590143031]","2021S05025943031","Natural land for pasture","Hectares","Number","223","units","0","v1326662496","1979.8.3","","F","","","0"
"2021","Central Coast A, British Columbia [CCS590145006]","2021S05025945006","Tame or seeded pasture","Hectares","Number","223","units","0","v1326662559","1981.7.3","","F","","","0"
"2021","Central Coast A, British Columbia [CCS590145006]","2021S05025945006","Natural land for pasture","Hectares","Number","223","units","0","v1326662562","1981.8.3","","F","","","0"
"2021","Fraser Valley B, British Columbia [CCS590209016]","2021S05025909016","Tame or seeded pasture","Hectares","Number","223","units","0","v1326662658","1984.7.3","","F","","","0"
"2021","Fraser Valley B, British Columbia [CCS590209016]","2021S05025909016","Natural land for pasture","Hectares","Number","223","units","0","v1326662661","1984.8.3","","F","","","0"
"2021","Fraser Valley D, British Columbia [CCS590209034]","2021S05025909034","Tame or seeded pasture","Hectares","Number","223","units","0","v1326662691","1985.7.3","","F","","","0"
"2021","Fraser Valley D, British Columbia [CCS590209034]","2021S05025909034","Natural land for pasture","Hectares","Number","223","units","0","v1326662694","1985.8.3","","F","","","0"
"2021","Fraser Valley E, British Columbia [CCS590209036]","2021S05025909036","Tame or seeded pasture","Hectares","Number","223","units","0","v1326662724","1986.7.3","","F","","","0"
"2021","Fraser Valley E, British Columbia [CCS590209036]","2021S05025909036","Natural land for pasture","Hectares","Number","223","units","0","v1326662727","1986.8.3","10322","D","","","0"
"2021","Abbotsford, British Columbia [CCS590209052]","2021S05025909052","Tame or seeded pasture","Hectares","Number","223","units","0","v1326662757","1987.7.3","1517","E","","","0"
"2021","Abbotsford, British Columbia [CCS590209052]","2021S05025909052","Natural land for pasture","Hectares","Number","223","units","0","v1326662760","1987.8.3","","F","","","0"
"2021","Fraser Valley F, British Columbia [CCS590209060]","2021S05025909060","Tame or seeded pasture","Hectares","Number","223","units","0","v1326662790","1988.7.3","","F","","","0"
"2021","Fraser Valley F, British Columbia [CCS590209060]","2021S05025909060","Natural land for pasture","Hectares","Number","223","units","0","v1326662793","1988.8.3","","F","","","0"
"2021","Fraser Valley G, British Columbia [CCS590209062]","2021S05025909062","Tame or seeded pasture","Hectares","Number","223","units","0","v1326662823","1989.7.3","365","D","","","0"
"2021","Fraser Valley G, British Columbia [CCS590209062]","2021S05025909062","Natural land for pasture","Hectares","Number","223","units","0","v1326662826","1989.8.3","","F","","","0"
"2021","Langley, British Columbia [CCS590215001]","2021S05025915001","Tame or seeded pasture","Hectares","Number","223","units","0","v1326662889","1991.7.3","","F","","","0"
"2021","Langley, British Columbia [CCS590215001]","2021S05025915001","Natural land for pasture","Hectares","Number","223","units","0","v1326662892","1991.8.3","","F","","","0"
"2021","Surrey, British Columbia [CCS590215004]","2021S05025915004","Tame or seeded pasture","Hectares","Number","223","units","0","v1326662922","1992.7.3","","F","","","0"
"2021","Surrey, British Columbia [CCS590215004]","2021S05025915004","Natural land for pasture","Hectares","Number","223","units","0","v1326662925","1992.8.3","","F","","","0"
"2021","Delta, British Columbia [CCS590215011]","2021S05025915011","Tame or seeded pasture","Hectares","Number","223","units","0","v1326662955","1993.7.3","183","E","","","0"
"2021","Delta, British Columbia [CCS590215011]","2021S05025915011","Natural land for pasture","Hectares","Number","223","units","0","v1326662958","1993.8.3","","F","","","0"
"2021","Richmond, British Columbia [CCS590215015]","2021S05025915015","Tame or seeded pasture","Hectares","Number","223","units","0","v1326662988","1994.7.3","","F","","","0"
"2021","Richmond, British Columbia [CCS590215015]","2021S05025915015","Natural land for pasture","Hectares","Number","223","units","0","v1326662991","1994.8.3","","F","","","0"
"2021","Metro Vancouver A, British Columbia [CCS590215020]","2021S05025915020","Tame or seeded pasture","Hectares","Number","223","units","0","v1326663021","1995.7.3","","F","","","0"
"2021","Metro Vancouver A, British Columbia [CCS590215020]","2021S05025915020","Natural land for pasture","Hectares","Number","223","units","0","v1326663024","1995.8.3","","F","","","0"
"2021","Vancouver, British Columbia [CCS590215022]","2021S05025915022","Tame or seeded pasture","Hectares","Number","223","units","0","v1326663054","1996.7.3","","F","","","0"
"2021","Vancouver, British Columbia [CCS590215022]","2021S05025915022","Natural land for pasture","Hectares","Number","223","units","0","v1326663057","1996.8.3","","F","","","0"
"2021","Burnaby, British Columbia [CCS590215025]","2021S05025915025","Tame or seeded pasture","Hectares","Number","223","units","0","v1326663087","1997.7.3","","F","","","0"
"2021","Burnaby, British Columbia [CCS590215025]","2021S05025915025","Natural land for pasture","Hectares","Number","223","units","0","v1326663090","1997.8.3","","F","","","0"
"2021","Pitt Meadows, British Columbia [CCS590215070]","2021S05025915070","Tame or seeded pasture","Hectares","Number","223","units","0","v1326663120","1998.7.3","","F","","","0"
"2021","Pitt Meadows, British Columbia [CCS590215070]","2021S05025915070","Natural land for pasture","Hectares","Number","223","units","0","v1326663123","1998.8.3","","F","","","0"
"2021","Maple Ridge, British Columbia [CCS590215075]","2021S05025915075","Tame or seeded pasture","Hectares","Number","223","units","0","v1326663153","1999.7.3","","F","","","0"
"2021","Maple Ridge, British Columbia [CCS590215075]","2021S05025915075","Natural land for pasture","Hectares","Number","223","units","0","v1326663156","1999.8.3","","F","","","0"
"2021","Sunshine Coast A, British Columbia [CCS590229018]","2021S05025929018","Tame or seeded pasture","Hectares","Number","223","units","0","v1326663219","2001.7.3","","F","","","0"
"2021","Sunshine Coast A, British Columbia [CCS590229018]","2021S05025929018","Natural land for pasture","Hectares","Number","223","units","0","v1326663222","2001.8.3","","F","","","0"
"2021","Squamish-Lillooet C, British Columbia [CCS590231017]","2021S05025931017","Tame or seeded pasture","Hectares","Number","223","units","0","v1326663285","2003.7.3","","F","","","0"
"2021","Squamish-Lillooet C, British Columbia [CCS590231017]","2021S05025931017","Natural land for pasture","Hectares","Number","223","units","0","v1326663288","2003.8.3","","F","","","0"
"2021","Squamish-Lillooet B, British Columbia [CCS590231034]","2021S05025931034","Tame or seeded pasture","Hectares","Number","223","units","0","v1326663318","2004.7.3","","F","","","0"
"2021","Squamish-Lillooet B, British Columbia [CCS590231034]","2021S05025931034","Natural land for pasture","Hectares","Number","223","units","0","v1326663321","2004.8.3","","F","","","0"
"2021","Okanagan-Similkameen A, British Columbia [CCS590307022]","2021S05025907022","Tame or seeded pasture","Hectares","Number","223","units","0","v1326663417","2007.7.3","","F","","","0"
"2021","Okanagan-Similkameen A, British Columbia [CCS590307022]","2021S05025907022","Natural land for pasture","Hectares","Number","223","units","0","v1326663420","2007.8.3","","F","","","0"
"2021","Okanagan-Similkameen B, British Columbia [CCS590307026]","2021S05025907026","Tame or seeded pasture","Hectares","Number","223","units","0","v1326663450","2008.7.3","","F","","","0"
"2021","Okanagan-Similkameen B, British Columbia [CCS590307026]","2021S05025907026","Natural land for pasture","Hectares","Number","223","units","0","v1326663453","2008.8.3","10830","C","","","0"
"2021","Okanagan-Similkameen C, British Columbia [CCS590307028]","2021S05025907028","Tame or seeded pasture","Hectares","Number","223","units","0","v1326663483","2009.7.3","","F","","","0"
"2021","Okanagan-Similkameen C, British Columbia [CCS590307028]","2021S05025907028","Natural land for pasture","Hectares","Number","223","units","0","v1326663486","2009.8.3","","F","","","0"
"2021","Okanagan-Similkameen D, British Columbia [CCS590307047]","2021S05025907047","Tame or seeded pasture","Hectares","Number","223","units","0","v1326663516","2010.7.3","","F","","","0"
"2021","Okanagan-Similkameen D, British Columbia [CCS590307047]","2021S05025907047","Natural land for pasture","Hectares","Number","223","units","0","v1326663519","2010.8.3","7147","C","","","0"
"2021","Okanagan-Similkameen E, British Columbia [CCS590307049]","2021S05025907049","Tame or seeded pasture","Hectares","Number","223","units","0","v1326663549","2011.7.3","","F","","","0"
"2021","Okanagan-Similkameen E, British Columbia [CCS590307049]","2021S05025907049","Natural land for pasture","Hectares","Number","223","units","0","v1326663552","2011.8.3","","F","","","0"
"2021","Okanagan-Similkameen F, British Columbia [CCS590307051]","2021S05025907051","Tame or seeded pasture","Hectares","Number","223","units","0","v1326663582","2012.7.3","","F","","","0"
"2021","Okanagan-Similkameen F, British Columbia [CCS590307051]","2021S05025907051","Natural land for pasture","Hectares","Number","223","units","0","v1326663585","2012.8.3","1261","E","","","0"
"2021","Okanagan-Similkameen G, British Columbia [CCS590307053]","2021S05025907053","Tame or seeded pasture","Hectares","Number","223","units","0","v1326663615","2013.7.3","","F","","","0"
"2021","Okanagan-Similkameen G, British Columbia [CCS590307053]","2021S05025907053","Natural land for pasture","Hectares","Number","223","units","0","v1326663618","2013.8.3","11805","B","","","0"
"2021","Okanagan-Similkameen H, British Columbia [CCS590307055]","2021S05025907055","Tame or seeded pasture","Hectares","Number","223","units","0","v1326663648","2014.7.3","629","E","","","0"
"2021","Okanagan-Similkameen H, British Columbia [CCS590307055]","2021S05025907055","Natural land for pasture","Hectares","Number","223","units","0","v1326663651","2014.8.3","14311","B","","","0"
"2021","Thompson-Nicola M (Beautiful Nicola Valley - North), British Columbia [CCS590333008]","2021S05025933008","Tame or seeded pasture","Hectares","Number","223","units","0","v1326663714","2016.7.3","613","D","","","0"
"2021","Thompson-Nicola M (Beautiful Nicola Valley - North), British Columbia [CCS590333008]","2021S05025933008","Natural land for pasture","Hectares","Number","223","units","0","v1326663717","2016.8.3","167172","C","","","0"
"2021","Thompson-Nicola N (Beautiful Nicola Valley - South), British Columbia [CCS590333012]","2021S05025933012","Tame or seeded pasture","Hectares","Number","223","units","0","v1326663747","2017.7.3","1079","E","","","0"
"2021","Thompson-Nicola N (Beautiful Nicola Valley - South), British Columbia [CCS590333012]","2021S05025933012","Natural land for pasture","Hectares","Number","223","units","0","v1326663750","2017.8.3","37955","B","","","0"
"2021","Thompson-Nicola E (Bonaparte Plateau), British Columbia [CCS590333032]","2021S05025933032","Tame or seeded pasture","Hectares","Number","223","units","0","v1326663780","2018.7.3","1349","D","","","0"
"2021","Thompson-Nicola E (Bonaparte Plateau), British Columbia [CCS590333032]","2021S05025933032","Natural land for pasture","Hectares","Number","223","units","0","v1326663783","2018.8.3","30091","C","","","0"
"2021","Thompson-Nicola I (Blue Sky Country), British Columbia [CCS590333037]","2021S05025933037","Tame or seeded pasture","Hectares","Number","223","units","0","v1326663813","2019.7.3","","F","","","0"
"2021","Thompson-Nicola I (Blue Sky Country), British Columbia [CCS590333037]","2021S05025933037","Natural land for pasture","Hectares","Number","223","units","0","v1326663816","2019.8.3","15696","D","","","0"
"2021","Thompson-Nicola J (Copper Desert Country), British Columbia [CCS590333039]","2021S05025933039","Tame or seeded pasture","Hectares","Number","223","units","0","v1326663846","2020.7.3","525","E","","","0"
"2021","Thompson-Nicola J (Copper Desert Country), British Columbia [CCS590333039]","2021S05025933039","Natural land for pasture","Hectares","Number","223","units","0","v1326663849","2020.8.3","19586","C","","","0"
"2021","Thompson-Nicola P (Rivers and the Peaks), British Columbia [CCS590333044]","2021S05025933044","Tame or seeded pasture","Hectares","Number","223","units","0","v1326663879","2021.7.3","1945","D","","","0"
"2021","Thompson-Nicola P (Rivers and the Peaks), British Columbia [CCS590333044]","2021S05025933044","Natural land for pasture","Hectares","Number","223","units","0","v1326663882","2021.8.3","55129","A","","","0"
"2021","Thompson-Nicola L (Grasslands), British Columbia [CCS590333060]","2021S05025933060","Tame or seeded pasture","Hectares","Number","223","units","0","v1326663912","2022.7.3","2785","D","","","0"
"2021","Thompson-Nicola L (Grasslands), British Columbia [CCS590333060]","2021S05025933060","Natural land for pasture","Hectares","Number","223","units","0","v1326663915","2022.8.3","55302","B","","","0"
"2021","Thompson-Nicola A (Wells Gray Country), British Columbia [CCS590333068]","2021S05025933068","Tame or seeded pasture","Hectares","Number","223","units","0","v1326663945","2023.7.3","800","E","","","0"
"2021","Thompson-Nicola A (Wells Gray Country), British Columbia [CCS590333068]","2021S05025933068","Natural land for pasture","Hectares","Number","223","units","0","v1326663948","2023.8.3","","F","","","0"
"2021","Thompson-Nicola B (Thompson Headwaters), British Columbia [CCS590333070]","2021S05025933070","Tame or seeded pasture","Hectares","Number","223","units","0","v1326663978","2024.7.3","0","A","","","0"
"2021","Thompson-Nicola B (Thompson Headwaters), British Columbia [CCS590333070]","2021S05025933070","Natural land for pasture","Hectares","Number","223","units","0","v1326663981","2024.8.3","","F","","","0"
"2021","Thompson-Nicola O (Lower North Thompson), British Columbia [CCS590333072]","2021S05025933072","Tame or seeded pasture","Hectares","Number","223","units","0","v1326664011","2025.7.3","1030","E","","","0"
"2021","Thompson-Nicola O (Lower North Thompson), British Columbia [CCS590333072]","2021S05025933072","Natural land for pasture","Hectares","Number","223","units","0","v1326664014","2025.8.3","37201","C","","","0"
"2021","Central Okanagan, British Columbia [CCS590335012]","2021S05025935012","Tame or seeded pasture","Hectares","Number","223","units","0","v1326664077","2027.7.3","","F","","","0"
"2021","Central Okanagan, British Columbia [CCS590335012]","2021S05025935012","Natural land for pasture","Hectares","Number","223","units","0","v1326664080","2027.8.3","11047","D","","","0"
"2021","Central Okanagan West, British Columbia [CCS590335020]","2021S05025935020","Tame or seeded pasture","Hectares","Number","223","units","0","v1326664110","2028.7.3","","F","","","0"
"2021","Central Okanagan West, British Columbia [CCS590335020]","2021S05025935020","Natural land for pasture","Hectares","Number","223","units","0","v1326664113","2028.8.3","","F","","","0"
"2021","North Okanagan B, British Columbia [CCS590337017]","2021S05025937017","Tame or seeded pasture","Hectares","Number","223","units","0","v1326664176","2030.7.3","","F","","","0"
"2021","North Okanagan B, British Columbia [CCS590337017]","2021S05025937017","Natural land for pasture","Hectares","Number","223","units","0","v1326664179","2030.8.3","16453","C","","","0"
"2021","North Okanagan D, British Columbia [CCS590337022]","2021S05025937022","Tame or seeded pasture","Hectares","Number","223","units","0","v1326664209","2031.7.3","845","C","","","0"
"2021","North Okanagan D, British Columbia [CCS590337022]","2021S05025937022","Natural land for pasture","Hectares","Number","223","units","0","v1326664212","2031.8.3","12623","A","","","0"
"2021","North Okanagan E, British Columbia [CCS590337023]","2021S05025937023","Tame or seeded pasture","Hectares","Number","223","units","0","v1326664242","2032.7.3","","F","","","0"
"2021","North Okanagan E, British Columbia [CCS590337023]","2021S05025937023","Natural land for pasture","Hectares","Number","223","units","0","v1326664245","2032.8.3","","F","","","0"
"2021","Spallumcheen, British Columbia [CCS590337024]","2021S05025937024","Tame or seeded pasture","Hectares","Number","223","units","0","v1326664275","2033.7.3","675","E","","","0"
"2021","Spallumcheen, British Columbia [CCS590337024]","2021S05025937024","Natural land for pasture","Hectares","Number","223","units","0","v1326664278","2033.8.3","","F","","","0"
"2021","North Okanagan F, British Columbia [CCS590337041]","2021S05025937041","Tame or seeded pasture","Hectares","Number","223","units","0","v1326664308","2034.7.3","","F","","","0"
"2021","North Okanagan F, British Columbia [CCS590337041]","2021S05025937041","Natural land for pasture","Hectares","Number","223","units","0","v1326664311","2034.8.3","","F","","","0"
"2021","Columbia-Shuswap A, British Columbia [CCS590339011]","2021S05025939011","Tame or seeded pasture","Hectares","Number","223","units","0","v1326664374","2036.7.3","327","D","","","0"
"2021","Columbia-Shuswap A, British Columbia [CCS590339011]","2021S05025939011","Natural land for pasture","Hectares","Number","223","units","0","v1326664377","2036.8.3","1252","D","","","0"
"2021","Columbia-Shuswap C, British Columbia [CCS590339037]","2021S05025939037","Tame or seeded pasture","Hectares","Number","223","units","0","v1326664407","2037.7.3","","F","","","0"
"2021","Columbia-Shuswap C, British Columbia [CCS590339037]","2021S05025939037","Natural land for pasture","Hectares","Number","223","units","0","v1326664410","2037.8.3","","F","","","0"
"2021","Columbia-Shuswap D, British Columbia [CCS590339039]","2021S05025939039","Tame or seeded pasture","Hectares","Number","223","units","0","v1326664440","2038.7.3","790","E","","","0"
"2021","Columbia-Shuswap D, British Columbia [CCS590339039]","2021S05025939039","Natural land for pasture","Hectares","Number","223","units","0","v1326664443","2038.8.3","4843","D","","","0"
"2021","Columbia-Shuswap E, British Columbia [CCS590339043]","2021S05025939043","Tame or seeded pasture","Hectares","Number","223","units","0","v1326664473","2039.7.3","202","E","","","0"
"2021","Columbia-Shuswap E, British Columbia [CCS590339043]","2021S05025939043","Natural land for pasture","Hectares","Number","223","units","0","v1326664476","2039.8.3","1116","D","","","0"
"2021","Columbia-Shuswap F, British Columbia [CCS590339044]","2021S05025939044","Tame or seeded pasture","Hectares","Number","223","units","0","v1326664506","2040.7.3","155","E","","","0"
"2021","Columbia-Shuswap F, British Columbia [CCS590339044]","2021S05025939044","Natural land for pasture","Hectares","Number","223","units","0","v1326664509","2040.8.3","439","E","","","0"
"2021","East Kootenay A, British Columbia [CCS590401017]","2021S05025901017","Tame or seeded pasture","Hectares","Number","223","units","0","v1326664605","2043.7.3","","F","","","0"
"2021","East Kootenay A, British Columbia [CCS590401017]","2021S05025901017","Natural land for pasture","Hectares","Number","223","units","0","v1326664608","2043.8.3","1820","E","","","0"
"2021","East Kootenay B, British Columbia [CCS590401019]","2021S05025901019","Tame or seeded pasture","Hectares","Number","223","units","0","v1326664638","2044.7.3","749","E","","","0"
"2021","East Kootenay B, British Columbia [CCS590401019]","2021S05025901019","Natural land for pasture","Hectares","Number","223","units","0","v1326664641","2044.8.3","4097","D","","","0"
"2021","East Kootenay C, British Columbia [CCS590401035]","2021S05025901035","Tame or seeded pasture","Hectares","Number","223","units","0","v1326664671","2045.7.3","1732","D","","","0"
"2021","East Kootenay C, British Columbia [CCS590401035]","2021S05025901035","Natural land for pasture","Hectares","Number","223","units","0","v1326664674","2045.8.3","18482","B","","","0"
"2021","East Kootenay E, British Columbia [CCS590401037]","2021S05025901037","Tame or seeded pasture","Hectares","Number","223","units","0","v1326664704","2046.7.3","360","D","","","0"
"2021","East Kootenay E, British Columbia [CCS590401037]","2021S05025901037","Natural land for pasture","Hectares","Number","223","units","0","v1326664707","2046.8.3","1849","C","","","0"
"2021","East Kootenay F, British Columbia [CCS590401046]","2021S05025901046","Tame or seeded pasture","Hectares","Number","223","units","0","v1326664737","2047.7.3","286","D","","","0"
"2021","East Kootenay F, British Columbia [CCS590401046]","2021S05025901046","Natural land for pasture","Hectares","Number","223","units","0","v1326664740","2047.8.3","10231","A","","","0"
"2021","East Kootenay G, British Columbia [CCS590401048]","2021S05025901048","Tame or seeded pasture","Hectares","Number","223","units","0","v1326664770","2048.7.3","306","D","","","0"
"2021","East Kootenay G, British Columbia [CCS590401048]","2021S05025901048","Natural land for pasture","Hectares","Number","223","units","0","v1326664773","2048.8.3","4869","C","","","0"
"2021","Central Kootenay A, British Columbia [CCS590403010]","2021S05025903010","Tame or seeded pasture","Hectares","Number","223","units","0","v1326664836","2050.7.3","","F","","","0"
"2021","Central Kootenay A, British Columbia [CCS590403010]","2021S05025903010","Natural land for pasture","Hectares","Number","223","units","0","v1326664839","2050.8.3","","F","","","0"
"2021","Central Kootenay B, British Columbia [CCS590403013]","2021S05025903013","Tame or seeded pasture","Hectares","Number","223","units","0","v1326664869","2051.7.3","","F","","","0"
"2021","Central Kootenay B, British Columbia [CCS590403013]","2021S05025903013","Natural land for pasture","Hectares","Number","223","units","0","v1326664872","2051.8.3","","F","","","0"
"2021","Central Kootenay C, British Columbia [CCS590403017]","2021S05025903017","Tame or seeded pasture","Hectares","Number","223","units","0","v1326664902","2052.7.3","291","E","","","0"
"2021","Central Kootenay C, British Columbia [CCS590403017]","2021S05025903017","Natural land for pasture","Hectares","Number","223","units","0","v1326664905","2052.8.3","","F","","","0"
"2021","Central Kootenay D, British Columbia [CCS590403039]","2021S05025903039","Tame or seeded pasture","Hectares","Number","223","units","0","v1326664935","2053.7.3","","F","","","0"
"2021","Central Kootenay D, British Columbia [CCS590403039]","2021S05025903039","Natural land for pasture","Hectares","Number","223","units","0","v1326664938","2053.8.3","","F","","","0"
"2021","Central Kootenay E, British Columbia [CCS590403041]","2021S05025903041","Tame or seeded pasture","Hectares","Number","223","units","0","v1326664968","2054.7.3","","F","","","0"
"2021","Central Kootenay E, British Columbia [CCS590403041]","2021S05025903041","Natural land for pasture","Hectares","Number","223","units","0","v1326664971","2054.8.3","","F","","","0"
"2021","Central Kootenay G, British Columbia [CCS590403047]","2021S05025903047","Tame or seeded pasture","Hectares","Number","223","units","0","v1326665001","2055.7.3","102","E","","","0"
"2021","Central Kootenay G, British Columbia [CCS590403047]","2021S05025903047","Natural land for pasture","Hectares","Number","223","units","0","v1326665004","2055.8.3","","F","","","0"
"2021","Central Kootenay H, British Columbia [CCS590403052]","2021S05025903052","Tame or seeded pasture","Hectares","Number","223","units","0","v1326665034","2056.7.3","","F","","","0"
"2021","Central Kootenay H, British Columbia [CCS590403052]","2021S05025903052","Natural land for pasture","Hectares","Number","223","units","0","v1326665037","2056.8.3","","F","","","0"
"2021","Central Kootenay J, British Columbia [CCS590403058]","2021S05025903058","Tame or seeded pasture","Hectares","Number","223","units","0","v1326665067","2057.7.3","","F","","","0"
"2021","Central Kootenay J, British Columbia [CCS590403058]","2021S05025903058","Natural land for pasture","Hectares","Number","223","units","0","v1326665070","2057.8.3","1246","E","","","0"
"2021","Central Kootenay K, British Columbia [CCS590403060]","2021S05025903060","Tame or seeded pasture","Hectares","Number","223","units","0","v1326665100","2058.7.3","","F","","","0"
"2021","Central Kootenay K, British Columbia [CCS590403060]","2021S05025903060","Natural land for pasture","Hectares","Number","223","units","0","v1326665103","2058.8.3","","F","","","0"
"2021","Kootenay Boundary B / Lower Columbia-Old-Glory, British Columbia [CCS590405030]","2021S05025905030","Tame or seeded pasture","Hectares","Number","223","units","0","v1326665166","2060.7.3","","F","","","0"
"2021","Kootenay Boundary B / Lower Columbia-Old-Glory, British Columbia [CCS590405030]","2021S05025905030","Natural land for pasture","Hectares","Number","223","units","0","v1326665169","2060.8.3","","F","","","0"
"2021","Kootenay Boundary D / Rural Grand Forks, British Columbia [CCS590405052]","2021S05025905052","Tame or seeded pasture","Hectares","Number","223","units","0","v1326665199","2061.7.3","282","E","","","0"
"2021","Kootenay Boundary D / Rural Grand Forks, British Columbia [CCS590405052]","2021S05025905052","Natural land for pasture","Hectares","Number","223","units","0","v1326665202","2061.8.3","3114","D","","","0"
"2021","Kootenay Boundary E / West Boundary, British Columbia [CCS590405054]","2021S05025905054","Tame or seeded pasture","Hectares","Number","223","units","0","v1326665232","2062.7.3","1237","E","","","0"
"2021","Kootenay Boundary E / West Boundary, British Columbia [CCS590405054]","2021S05025905054","Natural land for pasture","Hectares","Number","223","units","0","v1326665235","2062.8.3","16928","B","","","0"
"2021","Cariboo D, British Columbia [CCS590541010]","2021S05025941010","Tame or seeded pasture","Hectares","Number","223","units","0","v1326665331","2065.7.3","1254","E","","","0"
"2021","Cariboo D, British Columbia [CCS590541010]","2021S05025941010","Natural land for pasture","Hectares","Number","223","units","0","v1326665334","2065.8.3","28162","D","","","0"
"2021","Cariboo E, British Columbia [CCS590541012]","2021S05025941012","Tame or seeded pasture","Hectares","Number","223","units","0","v1326665364","2066.7.3","777","D","","","0"
"2021","Cariboo E, British Columbia [CCS590541012]","2021S05025941012","Natural land for pasture","Hectares","Number","223","units","0","v1326665367","2066.8.3","3286","D","","","0"
"2021","Cariboo F, British Columbia [CCS590541014]","2021S05025941014","Tame or seeded pasture","Hectares","Number","223","units","0","v1326665397","2067.7.3","3706","C","","","0"
"2021","Cariboo F, British Columbia [CCS590541014]","2021S05025941014","Natural land for pasture","Hectares","Number","223","units","0","v1326665400","2067.8.3","28007","C","","","0"
"2021","Cariboo G, British Columbia [CCS590541015]","2021S05025941015","Tame or seeded pasture","Hectares","Number","223","units","0","v1326665430","2068.7.3","699","D","","","0"
"2021","Cariboo G, British Columbia [CCS590541015]","2021S05025941015","Natural land for pasture","Hectares","Number","223","units","0","v1326665433","2068.8.3","7086","D","","","0"
"2021","Cariboo H, British Columbia [CCS590541016]","2021S05025941016","Tame or seeded pasture","Hectares","Number","223","units","0","v1326665463","2069.7.3","459","E","","","0"
"2021","Cariboo H, British Columbia [CCS590541016]","2021S05025941016","Natural land for pasture","Hectares","Number","223","units","0","v1326665466","2069.8.3","9778","D","","","0"
"2021","Cariboo L, British Columbia [CCS590541017]","2021S05025941017","Tame or seeded pasture","Hectares","Number","223","units","0","v1326665496","2070.7.3","","F","","","0"
"2021","Cariboo L, British Columbia [CCS590541017]","2021S05025941017","Natural land for pasture","Hectares","Number","223","units","0","v1326665499","2070.8.3","17586","D","","","0"
"2021","Cariboo A, British Columbia [CCS590541019]","2021S05025941019","Tame or seeded pasture","Hectares","Number","223","units","0","v1326665529","2071.7.3","3526","C","","","0"
"2021","Cariboo A, British Columbia [CCS590541019]","2021S05025941019","Natural land for pasture","Hectares","Number","223","units","0","v1326665532","2071.8.3","11651","E","","","0"
"2021","Cariboo B, British Columbia [CCS590541021]","2021S05025941021","Tame or seeded pasture","Hectares","Number","223","units","0","v1326665562","2072.7.3","1393","E","","","0"
"2021","Cariboo B, British Columbia [CCS590541021]","2021S05025941021","Natural land for pasture","Hectares","Number","223","units","0","v1326665565","2072.8.3","","F","","","0"
"2021","Cariboo C, British Columbia [CCS590541026]","2021S05025941026","Tame or seeded pasture","Hectares","Number","223","units","0","v1326665595","2073.7.3","272","E","","","0"
"2021","Cariboo C, British Columbia [CCS590541026]","2021S05025941026","Natural land for pasture","Hectares","Number","223","units","0","v1326665598","2073.8.3","","F","","","0"
"2021","Cariboo I, British Columbia [CCS590541027]","2021S05025941027","Tame or seeded pasture","Hectares","Number","223","units","0","v1326665628","2074.7.3","","F","","","0"
"2021","Cariboo I, British Columbia [CCS590541027]","2021S05025941027","Natural land for pasture","Hectares","Number","223","units","0","v1326665631","2074.8.3","19662","E","","","0"
"2021","Cariboo J, British Columbia [CCS590541039]","2021S05025941039","Tame or seeded pasture","Hectares","Number","223","units","0","v1326665661","2075.7.3","","F","","","0"
"2021","Cariboo J, British Columbia [CCS590541039]","2021S05025941039","Natural land for pasture","Hectares","Number","223","units","0","v1326665664","2075.8.3","12905","D","","","0"
"2021","Cariboo K, British Columbia [CCS590541041]","2021S05025941041","Tame or seeded pasture","Hectares","Number","223","units","0","v1326665694","2076.7.3","1390","D","","","0"
"2021","Cariboo K, British Columbia [CCS590541041]","2021S05025941041","Natural land for pasture","Hectares","Number","223","units","0","v1326665697","2076.8.3","85619","A","","","0"
"2021","Fraser-Fort George H, British Columbia [CCS590553019]","2021S05025953019","Tame or seeded pasture","Hectares","Number","223","units","0","v1326665760","2078.7.3","3228","E","","","0"
"2021","Fraser-Fort George H, British Columbia [CCS590553019]","2021S05025953019","Natural land for pasture","Hectares","Number","223","units","0","v1326665763","2078.8.3","","F","","","0"
"2021","Fraser-Fort George A, British Columbia [CCS590553038]","2021S05025953038","Tame or seeded pasture","Hectares","Number","223","units","0","v1326665793","2079.7.3","1303","C","","","0"
"2021","Fraser-Fort George A, British Columbia [CCS590553038]","2021S05025953038","Natural land for pasture","Hectares","Number","223","units","0","v1326665796","2079.8.3","2790","E","","","0"
"2021","Fraser-Fort George C, British Columbia [CCS590553042]","2021S05025953042","Tame or seeded pasture","Hectares","Number","223","units","0","v1326665826","2080.7.3","2204","B","","","0"
"2021","Fraser-Fort George C, British Columbia [CCS590553042]","2021S05025953042","Natural land for pasture","Hectares","Number","223","units","0","v1326665829","2080.8.3","9014","C","","","0"
"2021","Fraser-Fort George D, British Columbia [CCS590553044]","2021S05025953044","Tame or seeded pasture","Hectares","Number","223","units","0","v1326665859","2081.7.3","","F","","","0"
"2021","Fraser-Fort George D, British Columbia [CCS590553044]","2021S05025953044","Natural land for pasture","Hectares","Number","223","units","0","v1326665862","2081.8.3","","F","","","0"
"2021","Fraser-Fort George E, British Columbia [CCS590553046]","2021S05025953046","Tame or seeded pasture","Hectares","Number","223","units","0","v1326665892","2082.7.3","","F","","","0"
"2021","Fraser-Fort George E, British Columbia [CCS590553046]","2021S05025953046","Natural land for pasture","Hectares","Number","223","units","0","v1326665895","2082.8.3","","F","","","0"
"2021","Fraser-Fort George F, British Columbia [CCS590553048]","2021S05025953048","Tame or seeded pasture","Hectares","Number","223","units","0","v1326665925","2083.7.3","","F","","","0"
"2021","Fraser-Fort George F, British Columbia [CCS590553048]","2021S05025953048","Natural land for pasture","Hectares","Number","223","units","0","v1326665928","2083.8.3","","F","","","0"
"2021","North Coast C, British Columbia [CCS590647021]","2021S05025947021","Tame or seeded pasture","Hectares","Number","223","units","0","v1326666024","2086.7.3","0","A","","","0"
"2021","North Coast C, British Columbia [CCS590647021]","2021S05025947021","Natural land for pasture","Hectares","Number","223","units","0","v1326666027","2086.8.3","0","A","","","0"
"2021","North Coast D, British Columbia [CCS590647027]","2021S05025947027","Tame or seeded pasture","Hectares","Number","223","units","0","v1326666057","2087.7.3","","F","","","0"
"2021","North Coast D, British Columbia [CCS590647027]","2021S05025947027","Natural land for pasture","Hectares","Number","223","units","0","v1326666060","2087.8.3","","F","","","0"
"2021","North Coast E, British Columbia [CCS590647032]","2021S05025947032","Tame or seeded pasture","Hectares","Number","223","units","0","v1326666090","2088.7.3","0","A","","","0"
"2021","North Coast E, British Columbia [CCS590647032]","2021S05025947032","Natural land for pasture","Hectares","Number","223","units","0","v1326666093","2088.8.3","0","A","","","0"
"2021","Kitimat-Stikine C (Part 1), British Columbia [CCS590649013]","2021S05025949013","Tame or seeded pasture","Hectares","Number","223","units","0","v1326666156","2090.7.3","","F","","","0"
"2021","Kitimat-Stikine C (Part 1), British Columbia [CCS590649013]","2021S05025949013","Natural land for pasture","Hectares","Number","223","units","0","v1326666159","2090.8.3","","F","","","0"
"2021","Kitimat-Stikine B, British Columbia [CCS590649028]","2021S05025949028","Tame or seeded pasture","Hectares","Number","223","units","0","v1326666189","2091.7.3","484","E","","","0"
"2021","Kitimat-Stikine B, British Columbia [CCS590649028]","2021S05025949028","Natural land for pasture","Hectares","Number","223","units","0","v1326666192","2091.8.3","","F","","","0"
"2021","Bulkley-Nechako C, British Columbia [CCS590751015]","2021S05025951015","Tame or seeded pasture","Hectares","Number","223","units","0","v1326666288","2094.7.3","367","E","","","0"
"2021","Bulkley-Nechako C, British Columbia [CCS590751015]","2021S05025951015","Natural land for pasture","Hectares","Number","223","units","0","v1326666291","2094.8.3","","F","","","0"
"2021","Bulkley-Nechako D, British Columbia [CCS590751017]","2021S05025951017","Tame or seeded pasture","Hectares","Number","223","units","0","v1326666321","2095.7.3","","F","","","0"
"2021","Bulkley-Nechako D, British Columbia [CCS590751017]","2021S05025951017","Natural land for pasture","Hectares","Number","223","units","0","v1326666324","2095.8.3","","F","","","0"
"2021","Bulkley-Nechako F, British Columbia [CCS590751019]","2021S05025951019","Tame or seeded pasture","Hectares","Number","223","units","0","v1326666354","2096.7.3","10702","C","","","0"
"2021","Bulkley-Nechako F, British Columbia [CCS590751019]","2021S05025951019","Natural land for pasture","Hectares","Number","223","units","0","v1326666357","2096.8.3","25835","E","","","0"
"2021","Bulkley-Nechako B, British Columbia [CCS590751028]","2021S05025951028","Tame or seeded pasture","Hectares","Number","223","units","0","v1326666387","2097.7.3","587","E","","","0"
"2021","Bulkley-Nechako B, British Columbia [CCS590751028]","2021S05025951028","Natural land for pasture","Hectares","Number","223","units","0","v1326666390","2097.8.3","","F","","","0"
"2021","Bulkley-Nechako E, British Columbia [CCS590751031]","2021S05025951031","Tame or seeded pasture","Hectares","Number","223","units","0","v1326666420","2098.7.3","1373","D","","","0"
"2021","Bulkley-Nechako E, British Columbia [CCS590751031]","2021S05025951031","Natural land for pasture","Hectares","Number","223","units","0","v1326666423","2098.8.3","30434","B","","","0"
"2021","Bulkley-Nechako A, British Columbia [CCS590751051]","2021S05025951051","Tame or seeded pasture","Hectares","Number","223","units","0","v1326666453","2099.7.3","5017","B","","","0"
"2021","Bulkley-Nechako A, British Columbia [CCS590751051]","2021S05025951051","Natural land for pasture","Hectares","Number","223","units","0","v1326666456","2099.8.3","32620","B","","","0"
"2021","Bulkley-Nechako G, British Columbia [CCS590751053]","2021S05025951053","Tame or seeded pasture","Hectares","Number","223","units","0","v1326666486","2100.7.3","567","E","","","0"
"2021","Bulkley-Nechako G, British Columbia [CCS590751053]","2021S05025951053","Natural land for pasture","Hectares","Number","223","units","0","v1326666489","2100.8.3","10780","D","","","0"
"2021","Stikine Region, British Columbia [CCS590757022]","2021S05025957022","Tame or seeded pasture","Hectares","Number","223","units","0","v1326666552","2102.7.3","0","A","","","0"
"2021","Stikine Region, British Columbia [CCS590757022]","2021S05025957022","Natural land for pasture","Hectares","Number","223","units","0","v1326666555","2102.8.3","0","A","","","0"
"2021","Peace River D, British Columbia [CCS590855021]","2021S05025955021","Tame or seeded pasture","Hectares","Number","223","units","0","v1326666651","2105.7.3","30851","C","","","0"
"2021","Peace River D, British Columbia [CCS590855021]","2021S05025955021","Natural land for pasture","Hectares","Number","223","units","0","v1326666654","2105.8.3","54859","D","","","0"
"2021","Peace River E, British Columbia [CCS590855023]","2021S05025955023","Tame or seeded pasture","Hectares","Number","223","units","0","v1326666684","2106.7.3","14837","D","","","0"
"2021","Peace River E, British Columbia [CCS590855023]","2021S05025955023","Natural land for pasture","Hectares","Number","223","units","0","v1326666687","2106.8.3","49998","C","","","0"
"2021","Peace River B, British Columbia [CCS590855040]","2021S05025955040","Tame or seeded pasture","Hectares","Number","223","units","0","v1326666717","2107.7.3","48198","B","","","0"
"2021","Peace River B, British Columbia [CCS590855040]","2021S05025955040","Natural land for pasture","Hectares","Number","223","units","0","v1326666720","2107.8.3","131104","B","","","0"
"2021","Peace River C, British Columbia [CCS590855042]","2021S05025955042","Tame or seeded pasture","Hectares","Number","223","units","0","v1326666750","2108.7.3","6841","E","","","0"
"2021","Peace River C, British Columbia [CCS590855042]","2021S05025955042","Natural land for pasture","Hectares","Number","223","units","0","v1326666753","2108.8.3","26851","D","","","0"
"2021","Northern Rockies, British Columbia [CCS590859007]","2021S05025959007","Tame or seeded pasture","Hectares","Number","223","units","0","v1326666816","2110.7.3","425","E","","","0"
"2021","Northern Rockies, British Columbia [CCS590859007]","2021S05025959007","Natural land for pasture","Hectares","Number","223","units","0","v1326666819","2110.8.3","","F","","","0"
"2021","Yukon [600000000]","2021A000260","Tame or seeded pasture","Hectares","Number","223","units","0","v1326666849","2111.7.3","629","E","","","0"
"2021","Yukon [600000000]","2021A000260","Natural land for pasture","Hectares","Number","223","units","0","v1326666852","2111.8.3","2615","E","","","0"
"2021","Northwest Territories [610000000]","2021A000261","Tame or seeded pasture","Hectares","Number","223","units","0","v1326666882","2112.7.3","","F","","","0"
"2021","Northwest Territories [610000000]","2021A000261","Natural land for pasture","Hectares","Number","223","units","0","v1326666885","2112.8.3","0","A","","","0"
"2021","Nunavut [620000000]","2021A000262","Tame or seeded pasture","Hectares","Number","223","units","0","v1326666915","2113.7.3","0","A","","","0"
"2021","Nunavut [620000000]","2021A000262","Natural land for pasture","Hectares","Number","223","units","0","v1326666918","2113.8.3","0","A","","","0"
