{"type":"FeatureCollection","features":[{"type":"Feature","id":"basin-RH24A","properties":{"id":"basin-RH24A","sourceId":"RH24A","name":"R. BRAVO - MATAMOROS - REYNOSA","nameJa":"R. BRAVO - MATAMOROS - REYNOSA","sourceName":"R. BRAVO - MATAMOROS - REYNOSA","basinType":"EXORREICA","sourceArea":"9499.28 km²","sourcePerimeter":"714.28 km","unit":"domestic basin boundary","observedPeriod":null},"geometry":{"type":"Polygon","coordinates":[[[-98.701072,26.266651],[-98.680204,26.262635],[-98.677241,26.256635],[-98.678148,26.244662],[-98.664683,26.235919],[-98.635237,26.242625],[-98.632703,26.252195],[-98.624567,26.260025],[-98.62113,26.259351],[-98.616524,26.247102],[-98.613373,26.253112],[-98.60007,26.257904],[-98.585427,26.258012],[-98.579252,26.253472],[-98.584454,26.244091],[-98.579413,26.234976],[-98.566506,26.242165],[-98.563227,26.225689],[-98.546845,26.236025],[-98.546943,26.240382],[-98.559123,26.244402],[-98.558004,26.247738],[-98.553768,26.247996],[-98.543609,26.244162],[-98.5349,26.226087],[-98.521948,26.236353],[-98.521446,26.231835],[-98.526305,26.226585],[-98.5243,26.221905],[-98.512496,26.227722],[-98.501312,26.223447],[-98.506437,26.209621],[-98.484952,26.213049],[-98.480982,26.208396],[-98.481255,26.201401],[-98.478182,26.204316],[-98.483532,26.214857],[-98.481676,26.220214],[-98.459384,26.226872],[-98.454368,26.217609],[-98.44916,26.224561],[-98.443769,26.224655],[-98.438348,26.215071],[-98.443986,26.203464],[-98.442637,26.199932],[-98.42715,26.193253],[-98.417184,26.184667],[-98.403177,26.182491],[-98.401535,26.171613],[-98.392855,26.168044],[-98.386424,26.158343],[-98.367502,26.158025],[-98.36528,26.162012],[-98.367739,26.168745],[-98.360254,26.173152],[-98.356875,26.168876],[-98.357832,26.160013],[-98.351025,26.151919],[-98.346633,26.166325],[-98.335798,26.166708],[-98.332598,26.159551],[-98.337188,26.149054],[-98.326025,26.142856],[-98.334156,26.140654],[-98.334432,26.138074],[-98.320877,26.118632],[-98.30927,26.114269],[-98.305897,26.104177],[-98.298353,26.103829],[-98.303937,26.11062],[-98.298012,26.120204],[-98.290974,26.121369],[-98.274033,26.116542],[-98.266483,26.121834],[-98.264938,26.117338],[-98.271115,26.112549],[-98.269622,26.10686],[-98.286387,26.106436],[-98.284841,26.102146],[-98.267577,26.093213],[-98.263876,26.085756],[-98.25126,26.079072],[-98.248525,26.07229],[-98.231363,26.077418],[-98.219198,26.0766],[-98.21287,26.069953],[-98.205098,26.067366],[-98.193765,26.053588],[-98.187402,26.064484],[-98.177594,26.060957],[-98.181076,26.067813],[-98.177499,26.075451],[-98.167337,26.063368],[-98.157485,26.063691],[-98.160783,26.054081],[-98.151607,26.058505],[-98.146792,26.049795],[-98.139354,26.058373],[-98.136715,26.071331],[-98.133464,26.074038],[-98.128182,26.073396],[-98.130646,26.065392],[-98.127548,26.062617],[-98.105022,26.06794],[-98.093803,26.059081],[-98.082074,26.06414],[-98.086335,26.069537],[-98.080874,26.07153],[-98.075417,26.067515],[-98.069457,26.052193],[-98.071492,26.044075],[-98.078703,26.041762],[-98.073551,26.036806],[-98.062394,26.046559],[-98.03887,26.042316],[-98.033574,26.061601],[-98.028289,26.067227],[-98.020348,26.05916],[-98.011785,26.066331],[-98.011743,26.056745],[-98.003555,26.065054],[-97.997366,26.0651],[-97.991787,26.058514],[-97.988232,26.065994],[-97.980456,26.067627],[-97.97857,26.059118],[-97.965724,26.052005],[-97.951285,26.062526],[-97.933716,26.053097],[-97.931644,26.057527],[-97.937524,26.062657],[-97.93308,26.065886],[-97.926947,26.055089],[-97.919457,26.058423],[-97.910488,26.056831],[-97.901042,26.061562],[-97.891189,26.060601],[-97.887046,26.066893],[-97.876971,26.065015],[-97.868961,26.057053],[-97.861331,26.070322],[-97.859113,26.066061],[-97.862126,26.060496],[-97.860777,26.053272],[-97.839626,26.053552],[-97.83417,26.046062],[-97.826076,26.056146],[-97.81875,26.056861],[-97.814476,26.053441],[-97.816333,26.045568],[-97.812458,26.044528],[-97.811281,26.055628],[-97.800871,26.060434],[-97.798608,26.052993],[-97.792524,26.053584],[-97.788337,26.049666],[-97.795051,26.046924],[-97.796786,26.039535],[-97.791723,26.034256],[-97.781034,26.033823],[-97.777655,26.029414],[-97.769405,26.035891],[-97.776233,26.039922],[-97.776877,26.04466],[-97.767748,26.047623],[-97.762346,26.04142],[-97.764048,26.028794],[-97.761351,26.025828],[-97.752244,26.031762],[-97.748739,26.030595],[-97.74797,26.026443],[-97.742859,26.030038],[-97.735441,26.028776],[-97.734784,26.03226],[-97.721487,26.031539],[-97.718011,26.029522],[-97.719635,26.023514],[-97.709639,26.026279],[-97.706816,26.037936],[-97.702542,26.031325],[-97.6969,26.03094],[-97.697426,26.023946],[-97.691496,26.019009],[-97.693221,26.032636],[-97.687129,26.027341],[-97.675458,26.026086],[-97.67478,26.033158],[-97.670901,26.034206],[-97.667467,26.02909],[-97.662413,26.038221],[-97.660466,26.031175],[-97.666671,26.025186],[-97.667826,26.019346],[-97.658344,26.020289],[-97.651309,26.016066],[-97.650942,26.022939],[-97.646408,26.027533],[-97.639326,26.023684],[-97.637387,26.013987],[-97.649319,26.010931],[-97.635097,26.000128],[-97.626641,26.00603],[-97.627514,25.996837],[-97.618634,26.002847],[-97.620255,25.992219],[-97.631087,25.996268],[-97.63435,25.990225],[-97.621326,25.989224],[-97.616689,25.97941],[-97.607683,25.976859],[-97.610442,25.966178],[-97.601782,25.957319],[-97.593669,25.96194],[-97.582193,25.96263],[-97.582884,25.954689],[-97.578076,25.942235],[-97.573062,25.946446],[-97.574741,25.953996],[-97.567788,25.952717],[-97.565964,25.945016],[-97.582312,25.938297],[-97.583059,25.933384],[-97.567199,25.934003],[-97.567765,25.927646],[-97.561466,25.925847],[-97.557235,25.936264],[-97.551855,25.937188],[-97.545836,25.934007],[-97.543671,25.923512],[-97.53717,25.930896],[-97.542902,25.920195],[-97.529991,25.920064],[-97.533108,25.908174],[-97.528693,25.907115],[-97.523585,25.89913],[-97.520802,25.886145],[-97.51055,25.887766],[-97.498088,25.899206],[-97.49668,25.879813],[-97.487989,25.885568],[-97.487688,25.879212],[-97.484883,25.878739],[-97.469167,25.889034],[-97.468167,25.883951],[-97.474621,25.879541],[-97.470386,25.875513],[-97.463891,25.882322],[-97.455423,25.884227],[-97.456725,25.868701],[-97.453781,25.867313],[-97.448073,25.872244],[-97.444449,25.867521],[-97.453795,25.854026],[-97.444889,25.856361],[-97.443844,25.848514],[-97.436027,25.85005],[-97.423391,25.840342],[-97.412529,25.841401],[-97.414253,25.856139],[-97.409403,25.862373],[-97.408216,25.845638],[-97.402145,25.85229],[-97.398529,25.850348],[-97.400214,25.8416],[-97.406679,25.840064],[-97.406163,25.837972],[-97.393497,25.837401],[-97.387121,25.844041],[-97.38179,25.839725],[-97.372962,25.840122],[-97.371233,25.849648],[-97.364112,25.850371],[-97.366248,25.853282],[-97.375685,25.853731],[-97.376563,25.855852],[-97.369066,25.858591],[-97.361638,25.869572],[-97.358918,25.869329],[-97.358857,25.865781],[-97.356838,25.867526],[-97.359565,25.879683],[-97.364559,25.877552],[-97.374067,25.878225],[-97.374323,25.880411],[-97.356655,25.887982],[-97.3666,25.890463],[-97.366291,25.902464],[-97.374576,25.905647],[-97.375001,25.908529],[-97.368607,25.90977],[-97.369224,25.915333],[-97.354445,25.920263],[-97.348193,25.931518],[-97.336569,25.929731],[-97.337796,25.920514],[-97.334506,25.920305],[-97.333063,25.926408],[-97.330757,25.918301],[-97.326131,25.917825],[-97.324878,25.925275],[-97.318008,25.931664],[-97.309354,25.926497],[-97.304857,25.928464],[-97.303201,25.937475],[-97.296842,25.933886],[-97.291489,25.936757],[-97.276898,25.935545],[-97.281334,25.943705],[-97.278636,25.947302],[-97.289756,25.953762],[-97.28514,25.959449],[-97.276059,25.952316],[-97.252462,25.948518],[-97.24561,25.949072],[-97.239126,25.956026],[-97.226637,25.959762],[-97.22115,25.957494],[-97.208712,25.964403],[-97.204688,25.958356],[-97.197256,25.958648],[-97.189283,25.954434],[-97.176244,25.966202],[-97.167419,25.961023],[-97.158405,25.962306],[-97.158073,25.949479],[-97.150456,25.952423],[-97.146257,25.957933],[-97.145203,25.881382],[-97.154572,25.803074],[-97.168589,25.724768],[-97.200925,25.628162],[-97.208341,25.620949],[-97.240858,25.560679],[-97.304714,25.454552],[-97.330282,25.465491],[-97.344928,25.462537],[-97.354025,25.467017],[-97.370042,25.463371],[-97.379928,25.480178],[-97.396528,25.484884],[-97.399527,25.511828],[-97.40563,25.530238],[-97.412249,25.534478],[-97.429005,25.53634],[-97.449236,25.55416],[-97.453951,25.562316],[-97.469877,25.569598],[-97.491339,25.562415],[-97.50068,25.57295],[-97.519871,25.569415],[-97.547387,25.573346],[-97.57559,25.586663],[-97.660868,25.530993],[-97.69753,25.500526],[-97.72369,25.493093],[-97.761302,25.491544],[-97.779233,25.495624],[-97.829049,25.498357],[-97.864173,25.495649],[-97.935663,25.497441],[-97.967309,25.508049],[-98.012548,25.503981],[-98.033889,25.508327],[-98.074537,25.520143],[-98.108655,25.536157],[-98.126878,25.549707],[-98.178435,25.549437],[-98.19103,25.556814],[-98.197633,25.565248],[-98.208852,25.590225],[-98.215135,25.597586],[-98.245179,25.609351],[-98.251458,25.606679],[-98.259607,25.609618],[-98.273499,25.607748],[-98.306094,25.610286],[-98.311972,25.603473],[-98.311171,25.583702],[-98.321991,25.586775],[-98.328841,25.581098],[-98.336304,25.567826],[-98.350642,25.574223],[-98.362421,25.565055],[-98.369563,25.575555],[-98.374201,25.574009],[-98.380384,25.576674],[-98.387739,25.571717],[-98.402351,25.581689],[-98.411363,25.579417],[-98.420371,25.585705],[-98.423132,25.580451],[-98.431883,25.579891],[-98.454232,25.586266],[-98.454327,25.575897],[-98.467356,25.562672],[-98.465015,25.553468],[-98.457869,25.547566],[-98.465398,25.533273],[-98.476756,25.535059],[-98.481972,25.521315],[-98.491236,25.51635],[-98.483395,25.503208],[-98.489964,25.498116],[-98.493943,25.4964],[-98.507581,25.502926],[-98.52278,25.491054],[-98.531575,25.495834],[-98.537906,25.493401],[-98.542756,25.497443],[-98.555385,25.496598],[-98.560201,25.49912],[-98.585289,25.491353],[-98.602193,25.507908],[-98.595456,25.521743],[-98.594343,25.548882],[-98.598689,25.550684],[-98.60823,25.545436],[-98.611878,25.546657],[-98.611821,25.558407],[-98.615479,25.563684],[-98.609559,25.566796],[-98.614325,25.579846],[-98.629035,25.575926],[-98.634108,25.585057],[-98.658399,25.591023],[-98.671445,25.603875],[-98.683402,25.606752],[-98.681741,25.611171],[-98.686037,25.615639],[-98.683747,25.621439],[-98.690629,25.627892],[-98.688404,25.630517],[-98.69874,25.635904],[-98.697791,25.641041],[-98.70274,25.640841],[-98.704844,25.64574],[-98.701203,25.64799],[-98.701228,25.652177],[-98.707964,25.665138],[-98.718101,25.669163],[-98.719851,25.676687],[-98.727204,25.685634],[-98.724552,25.688054],[-98.72874,25.69394],[-98.724288,25.702428],[-98.728797,25.706503],[-98.724109,25.713325],[-98.73099,25.721485],[-98.729315,25.726451],[-98.733731,25.72821],[-98.729015,25.734293],[-98.733469,25.744043],[-98.737227,25.743965],[-98.752728,25.758365],[-98.762259,25.759465],[-98.769013,25.765151],[-98.77963,25.763235],[-98.791724,25.773098],[-98.789199,25.804491],[-98.784271,25.808238],[-98.784345,25.816604],[-98.799707,25.82294],[-98.80549,25.836706],[-98.809644,25.83919],[-98.808952,25.871202],[-98.806223,25.877392],[-98.822209,25.883652],[-98.844772,25.882079],[-98.849414,25.898754],[-98.867456,25.917414],[-98.859811,25.924367],[-98.851959,25.94189],[-98.857871,25.951569],[-98.846212,25.970927],[-98.854266,25.988369],[-98.84884,25.993108],[-98.848856,26.005123],[-98.844839,26.00914],[-98.840342,26.026357],[-98.852277,26.072515],[-98.848147,26.082006],[-98.853011,26.090323],[-98.840535,26.104879],[-98.853503,26.128],[-98.831586,26.145612],[-98.826388,26.160242],[-98.817253,26.160094],[-98.810569,26.163547],[-98.795096,26.193459],[-98.770719,26.198904],[-98.764552,26.205424],[-98.762637,26.212735],[-98.766843,26.224566],[-98.768207,26.246574],[-98.758232,26.261491],[-98.7508,26.261656],[-98.740051,26.254877],[-98.730149,26.253851],[-98.716813,26.255189],[-98.703789,26.261077],[-98.701072,26.266651]]]}},{"type":"Feature","id":"basin-RH24B","properties":{"id":"basin-RH24B","sourceId":"RH24B","name":"R. BRAVO - SAN JUAN","nameJa":"R. BRAVO - SAN JUAN","sourceName":"R. BRAVO - SAN JUAN","basinType":"EXORREICA","sourceArea":"32941.60 km²","sourcePerimeter":"1364.83 km","unit":"domestic basin boundary","observedPeriod":null},"geometry":{"type":"Polygon","coordinates":[[[-101.603989,26.43246],[-101.581786,26.432395],[-101.572226,26.422153],[-101.561213,26.418389],[-101.552756,26.422801],[-101.540881,26.408299],[-101.530806,26.40607],[-101.524479,26.399576],[-101.504331,26.389877],[-101.482702,26.369196],[-101.475382,26.366995],[-101.464352,26.357355],[-101.43921,26.344461],[-101.397197,26.334401],[-101.372577,26.31403],[-101.365522,26.314501],[-101.354267,26.330112],[-101.341867,26.330242],[-101.334336,26.336964],[-101.331162,26.329603],[-101.314159,26.316749],[-101.311012,26.310668],[-101.297092,26.309582],[-101.289297,26.303401],[-101.278145,26.301646],[-101.266306,26.30154],[-101.261957,26.304878],[-101.250636,26.294299],[-101.243192,26.29617],[-101.226612,26.290774],[-101.200366,26.256034],[-101.180865,26.241528],[-101.163608,26.23667],[-101.135915,26.214802],[-101.129648,26.202192],[-101.131339,26.198643],[-101.117388,26.170755],[-101.118418,26.165186],[-101.108355,26.147988],[-101.120184,26.124172],[-101.119474,26.115014],[-101.126,26.11107],[-101.119591,26.104315],[-101.092493,26.123567],[-101.075173,26.125424],[-101.069707,26.130765],[-101.041203,26.113052],[-101.032895,26.111683],[-101.029106,26.105449],[-101.016648,26.099422],[-101.013434,26.094033],[-101.015145,26.090688],[-101.007294,26.080196],[-101.002194,26.093098],[-101.001842,26.106738],[-100.992155,26.115559],[-100.98756,26.129078],[-100.987842,26.146377],[-100.985798,26.14855],[-100.961434,26.13032],[-100.95475,26.129328],[-100.946958,26.142517],[-100.949959,26.163222],[-100.944069,26.166095],[-100.943653,26.154523],[-100.923885,26.129393],[-100.904643,26.121512],[-100.895984,26.130218],[-100.879693,26.131152],[-100.900386,26.145241],[-100.899816,26.153585],[-100.91919,26.192916],[-100.911256,26.207225],[-100.879141,26.215185],[-100.855037,26.211947],[-100.843965,26.206025],[-100.83879,26.212112],[-100.832046,26.208796],[-100.824632,26.210856],[-100.787664,26.176906],[-100.774465,26.150128],[-100.753408,26.140461],[-100.720075,26.136843],[-100.71645,26.143715],[-100.723748,26.158311],[-100.723541,26.178604],[-100.705151,26.204476],[-100.693455,26.210822],[-100.688029,26.224157],[-100.686135,26.242927],[-100.689985,26.250995],[-100.687146,26.271011],[-100.696263,26.29063],[-100.676954,26.30461],[-100.661804,26.328106],[-100.658972,26.329687],[-100.647551,26.323167],[-100.646667,26.319492],[-100.635461,26.314366],[-100.606699,26.286926],[-100.597517,26.285328],[-100.58841,26.286241],[-100.553218,26.307083],[-100.526154,26.316724],[-100.513345,26.328282],[-100.480072,26.33531],[-100.476831,26.339003],[-100.472162,26.334238],[-100.474698,26.322646],[-100.466087,26.310634],[-100.464482,26.304355],[-100.467786,26.30019],[-100.463361,26.288729],[-100.45072,26.28022],[-100.449264,26.261532],[-100.441644,26.247774],[-100.442699,26.236365],[-100.43369,26.227532],[-100.428445,26.216182],[-100.411049,26.208074],[-100.398537,26.211678],[-100.389723,26.205199],[-100.385763,26.193788],[-100.378738,26.189784],[-100.363705,26.196479],[-100.332002,26.189528],[-100.32551,26.214705],[-100.314546,26.218768],[-100.309246,26.227189],[-100.294323,26.23897],[-100.283865,26.2529],[-100.281484,26.268621],[-100.278092,26.273081],[-100.263278,26.272302],[-100.259364,26.277567],[-100.255311,26.273376],[-100.249143,26.273456],[-100.240901,26.263164],[-100.233423,26.263164],[-100.229161,26.258099],[-100.220196,26.27217],[-100.199029,26.28504],[-100.184068,26.284629],[-100.191036,26.272503],[-100.186987,26.263789],[-100.18205,26.263337],[-100.18097,26.257072],[-100.172289,26.255349],[-100.171484,26.239475],[-100.147705,26.229155],[-100.13726,26.231095],[-100.136455,26.225336],[-100.12646,26.211977],[-100.117436,26.209041],[-100.097327,26.194515],[-100.088457,26.19696],[-100.086396,26.195426],[-100.088577,26.191841],[-100.074563,26.183653],[-100.056758,26.18436],[-100.049077,26.180296],[-100.048109,26.184294],[-100.037835,26.187166],[-100.033241,26.196102],[-100.020867,26.206094],[-100.011654,26.208437],[-100.008375,26.221708],[-100.000881,26.229515],[-99.990419,26.228305],[-99.985405,26.235711],[-99.977486,26.232785],[-99.973106,26.227088],[-99.964907,26.224935],[-99.961504,26.209844],[-99.963626,26.207577],[-99.96154,26.20154],[-99.970204,26.198706],[-99.96901,26.165342],[-99.950616,26.154319],[-99.948616,26.145286],[-99.940251,26.134848],[-99.938542,26.120575],[-99.928258,26.11407],[-99.928023,26.097925],[-99.917541,26.087372],[-99.918651,26.076607],[-99.914482,26.063412],[-99.918758,26.049598],[-99.905645,26.037581],[-99.892957,26.038878],[-99.879553,26.036015],[-99.874125,26.03163],[-99.866363,26.034911],[-99.864123,26.040397],[-99.825338,26.048123],[-99.814527,26.054683],[-99.8021,26.048781],[-99.782525,26.049639],[-99.779441,26.045872],[-99.759461,26.038962],[-99.733996,26.039931],[-99.725382,26.048387],[-99.721806,26.055239],[-99.722313,26.062427],[-99.718393,26.066496],[-99.699714,26.07322],[-99.65054,26.069271],[-99.633637,26.071355],[-99.62049,26.080244],[-99.610692,26.079991],[-99.604757,26.08315],[-99.59854,26.098307],[-99.592737,26.102803],[-99.572099,26.108362],[-99.567077,26.112786],[-99.556518,26.111417],[-99.53889,26.117592],[-99.506092,26.144395],[-99.493765,26.141709],[-99.483602,26.143984],[-99.471771,26.138069],[-99.463566,26.138983],[-99.447123,26.122294],[-99.43552,26.119639],[-99.425636,26.126843],[-99.416838,26.117847],[-99.396844,26.131418],[-99.383872,26.132987],[-99.374468,26.139282],[-99.371283,26.149748],[-99.361348,26.158015],[-99.352834,26.179557],[-99.337881,26.18247],[-99.323962,26.17041],[-99.313919,26.172445],[-99.302056,26.200234],[-99.279289,26.198134],[-99.272135,26.226446],[-99.254643,26.236524],[-99.244993,26.232483],[-99.240435,26.235801],[-99.230059,26.234403],[-99.222324,26.227032],[-99.213818,26.231035],[-99.206257,26.223914],[-99.196012,26.225938],[-99.191856,26.233849],[-99.190665,26.249939],[-99.178468,26.254365],[-99.171976,26.252791],[-99.167189,26.259611],[-99.150784,26.258315],[-99.150651,26.269359],[-99.142446,26.274468],[-99.138917,26.288158],[-99.132668,26.289779],[-99.126623,26.300222],[-99.119735,26.305311],[-99.116326,26.305926],[-99.096736,26.291165],[-99.07203,26.279043],[-99.061299,26.286916],[-99.050685,26.301303],[-99.033024,26.294809],[-99.013566,26.310707],[-99.004311,26.310456],[-98.976457,26.297194],[-98.959494,26.299087],[-98.951625,26.305736],[-98.939016,26.305816],[-98.926265,26.290532],[-98.919241,26.295597],[-98.917794,26.302198],[-98.910981,26.303645],[-98.901395,26.298852],[-98.895818,26.30036],[-98.893049,26.30489],[-98.890979,26.312822],[-98.896043,26.35395],[-98.861608,26.366568],[-98.851163,26.364839],[-98.844196,26.35918],[-98.825428,26.371147],[-98.819258,26.371141],[-98.814049,26.366785],[-98.807504,26.369993],[-98.798014,26.360906],[-98.795629,26.348818],[-98.787669,26.337828],[-98.788401,26.331003],[-98.770449,26.325431],[-98.750295,26.331403],[-98.746133,26.318196],[-98.738138,26.314006],[-98.735504,26.308337],[-98.741195,26.302352],[-98.754179,26.307369],[-98.755506,26.303379],[-98.751263,26.29739],[-98.741936,26.29476],[-98.728337,26.29945],[-98.721683,26.295532],[-98.71702,26.287026],[-98.708856,26.289875],[-98.70369,26.288319],[-98.69959,26.282794],[-98.700525,26.277984],[-98.715691,26.278197],[-98.719554,26.273883],[-98.701072,26.266651],[-98.703789,26.261077],[-98.718954,26.254698],[-98.737196,26.254163],[-98.7508,26.261656],[-98.758232,26.261491],[-98.768207,26.246574],[-98.766843,26.224566],[-98.762637,26.212735],[-98.764552,26.205424],[-98.770719,26.198904],[-98.795096,26.193459],[-98.810569,26.163547],[-98.817253,26.160094],[-98.826388,26.160242],[-98.831586,26.145612],[-98.853503,26.128],[-98.840535,26.104879],[-98.853011,26.090323],[-98.848147,26.082006],[-98.852277,26.072515],[-98.840342,26.026357],[-98.844839,26.00914],[-98.848856,26.005123],[-98.84884,25.993108],[-98.854266,25.988369],[-98.846212,25.970927],[-98.857871,25.951569],[-98.851959,25.94189],[-98.859811,25.924367],[-98.867456,25.917414],[-98.849414,25.898754],[-98.844772,25.882079],[-98.822209,25.883652],[-98.806223,25.877392],[-98.808952,25.871202],[-98.809644,25.83919],[-98.80549,25.836706],[-98.799707,25.82294],[-98.784345,25.816604],[-98.784271,25.808238],[-98.789199,25.804491],[-98.791724,25.773098],[-98.77963,25.763235],[-98.769013,25.765151],[-98.762259,25.759465],[-98.752728,25.758365],[-98.737227,25.743965],[-98.733633,25.744232],[-98.732826,25.739357],[-98.743595,25.732426],[-98.75294,25.731029],[-98.761936,25.734435],[-98.771543,25.728496],[-98.780277,25.731378],[-98.789011,25.727098],[-98.794863,25.733125],[-98.808313,25.732251],[-98.817396,25.719412],[-98.816174,25.710591],[-98.818532,25.708844],[-98.841967,25.71353],[-98.851133,25.709524],[-98.85716,25.71334],[-98.871756,25.711355],[-98.880274,25.706487],[-98.882012,25.697042],[-98.890126,25.691101],[-98.891473,25.681774],[-98.91134,25.667608],[-98.919293,25.666541],[-98.932364,25.671558],[-98.953859,25.689774],[-98.964516,25.688474],[-98.97188,25.691507],[-98.988774,25.685788],[-98.999777,25.677471],[-99.002896,25.665025],[-99.011733,25.656419],[-99.049853,25.67132],[-99.057823,25.659624],[-99.065621,25.657025],[-99.071165,25.650354],[-99.084421,25.650354],[-99.08297,25.639426],[-99.111192,25.622717],[-99.11717,25.6131],[-99.124274,25.609548],[-99.12514,25.602617],[-99.116844,25.580208],[-99.12889,25.566384],[-99.123854,25.553153],[-99.12573,25.547525],[-99.130766,25.545155],[-99.134123,25.522445],[-99.137184,25.520964],[-99.142417,25.526296],[-99.152884,25.516817],[-99.152291,25.504475],[-99.173125,25.506449],[-99.181518,25.517015],[-99.197514,25.52284],[-99.202253,25.512769],[-99.212325,25.515139],[-99.248364,25.491441],[-99.263175,25.491145],[-99.271776,25.485214],[-99.27511,25.477661],[-99.282323,25.471878],[-99.27577,25.449061],[-99.288284,25.441485],[-99.30391,25.439996],[-99.316154,25.427347],[-99.325602,25.412244],[-99.323654,25.403802],[-99.328979,25.395619],[-99.337561,25.365807],[-99.343773,25.360939],[-99.340315,25.356424],[-99.34198,25.351556],[-99.353794,25.337797],[-99.362083,25.334655],[-99.360433,25.32052],[-99.383753,25.297021],[-99.383414,25.288448],[-99.398825,25.282708],[-99.401637,25.262094],[-99.406932,25.250485],[-99.405792,25.240116],[-99.416978,25.224612],[-99.406354,25.198521],[-99.403824,25.181248],[-99.397822,25.174282],[-99.396524,25.162891],[-99.400718,25.152404],[-99.423118,25.134511],[-99.455057,25.121456],[-99.461311,25.114426],[-99.477518,25.105917],[-99.503597,25.099972],[-99.538403,25.067349],[-99.569163,25.064028],[-99.588883,25.053136],[-99.60006,25.056586],[-99.610843,25.046607],[-99.628349,25.036987],[-99.638282,25.023917],[-99.645669,25.006683],[-99.656295,24.998702],[-99.663392,24.997409],[-99.663804,24.993556],[-99.680104,24.989515],[-99.681606,24.979038],[-99.686667,24.976387],[-99.701345,24.992835],[-99.711084,24.9976],[-99.719866,24.995568],[-99.725996,25.002081],[-99.730719,25.015407],[-99.753817,25.017346],[-99.775532,25.047482],[-99.774655,25.058596],[-99.794111,25.062989],[-99.801428,25.057443],[-99.82043,25.059492],[-99.845601,25.057219],[-99.860144,25.062104],[-99.863375,25.052368],[-99.874687,25.057529],[-99.885851,25.055908],[-99.890059,25.05836],[-99.89036,25.053745],[-99.903188,25.057401],[-99.903739,25.050988],[-99.8979,25.04192],[-99.899735,25.034707],[-99.9137,25.024208],[-99.932361,25.021097],[-99.932055,25.009647],[-99.937486,25.002977],[-99.938987,24.99221],[-99.952338,24.993988],[-99.952699,24.974815],[-99.964084,24.9739],[-99.98568,24.963512],[-99.990662,24.964811],[-99.984918,24.952664],[-99.990904,24.952483],[-99.999067,24.944738],[-100.009036,24.943086],[-100.005205,24.929356],[-100.013622,24.930629],[-100.025392,24.924354],[-100.043493,24.927993],[-100.051343,24.918934],[-100.060764,24.91692],[-100.060468,24.910321],[-100.064532,24.906249],[-100.060498,24.903394],[-100.065343,24.898939],[-100.06965,24.881989],[-100.06163,24.869105],[-100.062966,24.862006],[-100.078328,24.862981],[-100.080181,24.854653],[-100.085109,24.854176],[-100.090185,24.844462],[-100.096187,24.844205],[-100.098123,24.840567],[-100.11206,24.840327],[-100.121191,24.846726],[-100.12551,24.854368],[-100.12538,24.862946],[-100.159717,24.900686],[-100.163786,24.916769],[-100.175915,24.916368],[-100.180747,24.912548],[-100.189706,24.914019],[-100.206133,24.921258],[-100.213486,24.931783],[-100.223782,24.93694],[-100.231327,24.92292],[-100.235858,24.921028],[-100.234956,24.902845],[-100.226632,24.890068],[-100.225195,24.882369],[-100.23247,24.871764],[-100.23651,24.872353],[-100.242761,24.880003],[-100.256234,24.880229],[-100.260544,24.885057],[-100.290743,24.895216],[-100.29515,24.90118],[-100.307792,24.905589],[-100.30958,24.91453],[-100.300837,24.920015],[-100.309262,24.933129],[-100.314866,24.936309],[-100.323052,24.948946],[-100.331994,24.951649],[-100.342327,24.96218],[-100.355004,24.965836],[-100.365456,24.973705],[-100.364026,24.983243],[-100.371408,24.993362],[-100.356703,24.993511],[-100.349997,24.990332],[-100.345675,24.992418],[-100.343638,24.995051],[-100.347364,25.009408],[-100.338571,25.015568],[-100.347314,25.026348],[-100.359153,25.027027],[-100.351231,25.043496],[-100.357069,25.054253],[-100.371745,25.059048],[-100.376956,25.06476],[-100.389502,25.066467],[-100.396362,25.079932],[-100.390548,25.091945],[-100.402767,25.099537],[-100.421164,25.102908],[-100.420294,25.090535],[-100.439249,25.090449],[-100.44877,25.095815],[-100.440287,25.117453],[-100.442137,25.12575],[-100.438351,25.140897],[-100.442551,25.143494],[-100.442392,25.149898],[-100.453012,25.148068],[-100.458422,25.159086],[-100.445057,25.179054],[-100.436306,25.176985],[-100.431003,25.181556],[-100.416228,25.215142],[-100.413766,25.228745],[-100.422687,25.232701],[-100.430059,25.240971],[-100.423938,25.243318],[-100.459098,25.27323],[-100.508912,25.301649],[-100.520618,25.303344],[-100.535312,25.311983],[-100.57358,25.325789],[-100.572531,25.339917],[-100.567565,25.343994],[-100.566112,25.356952],[-100.559592,25.364625],[-100.576715,25.367813],[-100.602227,25.378354],[-100.647165,25.380424],[-100.755405,25.370497],[-100.783008,25.36412],[-100.791085,25.350596],[-100.803483,25.347537],[-100.81234,25.351],[-100.823089,25.34684],[-100.83336,25.329921],[-100.844143,25.327028],[-100.852179,25.32079],[-100.883004,25.320915],[-100.887677,25.313577],[-100.887637,25.305411],[-100.896486,25.301084],[-100.902215,25.302691],[-100.903307,25.295653],[-100.888378,25.288311],[-100.890299,25.271784],[-100.887022,25.265014],[-100.898051,25.260524],[-100.911453,25.260177],[-100.911131,25.245776],[-100.916453,25.233385],[-100.908896,25.231153],[-100.9096,25.223474],[-100.904723,25.213299],[-100.906186,25.208402],[-100.888154,25.203103],[-100.896772,25.190609],[-100.893693,25.179017],[-100.956195,25.179076],[-100.960246,25.178439],[-100.965097,25.168172],[-100.98307,25.169081],[-100.989179,25.156551],[-100.972071,25.143284],[-100.955205,25.137878],[-100.94532,25.122587],[-100.946732,25.1173],[-100.954911,25.116143],[-100.958802,25.104635],[-100.967647,25.102563],[-100.968293,25.096448],[-100.977159,25.091997],[-100.983987,25.083778],[-101.000216,25.086299],[-101.002657,25.096656],[-101.011454,25.097455],[-101.024659,25.103953],[-101.055155,25.105673],[-101.071097,25.111395],[-101.065422,25.122767],[-101.091573,25.134896],[-101.095901,25.141941],[-101.097905,25.136283],[-101.104764,25.135031],[-101.110628,25.129691],[-101.120049,25.131176],[-101.132413,25.120752],[-101.139196,25.12065],[-101.144022,25.124463],[-101.156584,25.122816],[-101.164285,25.128311],[-101.181507,25.124825],[-101.18837,25.11986],[-101.205024,25.126233],[-101.211547,25.112418],[-101.220008,25.114097],[-101.241795,25.133417],[-101.249265,25.12808],[-101.271741,25.137315],[-101.275217,25.149925],[-101.296574,25.148618],[-101.346592,25.176542],[-101.36996,25.185828],[-101.374448,25.177846],[-101.365412,25.173437],[-101.362198,25.160337],[-101.366649,25.146359],[-101.408571,25.153825],[-101.426571,25.152211],[-101.441257,25.141156],[-101.465213,25.148945],[-101.494726,25.145596],[-101.497646,25.151241],[-101.509545,25.152927],[-101.514823,25.147398],[-101.524772,25.145088],[-101.53151,25.147964],[-101.536821,25.144348],[-101.548919,25.14318],[-101.640501,25.15744],[-101.647645,25.1614],[-101.640505,25.166328],[-101.639079,25.174701],[-101.655475,25.192355],[-101.676085,25.195921],[-101.699145,25.205296],[-101.762993,25.21838],[-101.776332,25.227967],[-101.804687,25.235747],[-101.810366,25.243882],[-101.818424,25.24412],[-101.82299,25.229844],[-101.827636,25.226891],[-101.860294,25.239018],[-101.872405,25.251719],[-101.879325,25.254051],[-101.882605,25.260265],[-101.881253,25.268042],[-101.877764,25.270275],[-101.879241,25.275514],[-101.871197,25.282826],[-101.875084,25.291294],[-101.895848,25.309058],[-101.885917,25.31732],[-101.884461,25.322645],[-101.889342,25.328528],[-101.871514,25.345927],[-101.870134,25.353935],[-101.85456,25.36062],[-101.846482,25.372239],[-101.852783,25.382999],[-101.87734,25.39359],[-101.876815,25.412827],[-101.880767,25.419344],[-101.874865,25.42417],[-101.881065,25.42688],[-101.885771,25.435422],[-101.867759,25.443434],[-101.861588,25.441498],[-101.858436,25.445109],[-101.83767,25.438647],[-101.840819,25.450778],[-101.838735,25.454227],[-101.826877,25.453817],[-101.821316,25.461259],[-101.810489,25.459617],[-101.801266,25.474056],[-101.800039,25.490238],[-101.808217,25.49535],[-101.807779,25.508406],[-101.811401,25.512157],[-101.804189,25.516118],[-101.819623,25.528716],[-101.817059,25.532804],[-101.804341,25.529693],[-101.80144,25.531517],[-101.805024,25.5379],[-101.799734,25.538296],[-101.79715,25.545317],[-101.807154,25.55318],[-101.801162,25.553336],[-101.801175,25.561056],[-101.783353,25.554667],[-101.779027,25.560313],[-101.778804,25.569809],[-101.786264,25.576707],[-101.783901,25.577764],[-101.785757,25.580231],[-101.777994,25.584478],[-101.789058,25.595536],[-101.785697,25.607627],[-101.78626,25.642303],[-101.783134,25.652213],[-101.775758,25.657707],[-101.777967,25.664238],[-101.789329,25.671985],[-101.775846,25.724216],[-101.778305,25.737038],[-101.775712,25.748522],[-101.759212,25.768202],[-101.753819,25.783315],[-101.753158,25.800595],[-101.741908,25.813233],[-101.737396,25.832609],[-101.73982,25.841349],[-101.732112,25.855452],[-101.725955,25.855214],[-101.686862,25.876071],[-101.680148,25.892995],[-101.667276,25.902292],[-101.668468,25.907893],[-101.663979,25.911389],[-101.665171,25.917428],[-101.659289,25.927051],[-101.64969,25.928109],[-101.635901,25.921153],[-101.614221,25.926807],[-101.613158,25.938501],[-101.608518,25.943328],[-101.608326,25.948621],[-101.620832,25.957692],[-101.630325,25.977398],[-101.639537,25.977659],[-101.652517,25.995224],[-101.651384,26.005363],[-101.643002,26.011102],[-101.645772,26.019501],[-101.63606,26.027978],[-101.640596,26.041518],[-101.633951,26.047132],[-101.635376,26.055908],[-101.630137,26.061997],[-101.619838,26.066094],[-101.621724,26.076173],[-101.618601,26.079866],[-101.602426,26.084704],[-101.592937,26.089731],[-101.592367,26.092989],[-101.58022,26.097019],[-101.559725,26.12758],[-101.55602,26.138414],[-101.557512,26.147806],[-101.549268,26.152275],[-101.543194,26.168336],[-101.537927,26.170858],[-101.534624,26.1779],[-101.518712,26.189594],[-101.517833,26.194512],[-101.525552,26.198852],[-101.535097,26.195933],[-101.545244,26.201276],[-101.573561,26.238533],[-101.577401,26.268845],[-101.573864,26.275357],[-101.591009,26.282835],[-101.603149,26.282607],[-101.60755,26.285787],[-101.613839,26.295913],[-101.611094,26.304038],[-101.636666,26.324641],[-101.644976,26.341851],[-101.643078,26.362303],[-101.646029,26.3663],[-101.681575,26.397233],[-101.696642,26.401655],[-101.696702,26.406385],[-101.662737,26.425371],[-101.65391,26.42124],[-101.621482,26.418986],[-101.616548,26.41585],[-101.603219,26.422199],[-101.603989,26.43246]]]}},{"type":"Feature","id":"basin-RH24C","properties":{"id":"basin-RH24C","sourceId":"RH24C","name":"R. BRAVO - SOSA","nameJa":"R. BRAVO - SOSA","sourceName":"R. BRAVO - SOSA","basinType":"EXORREICA","sourceArea":"4930.92 km²","sourcePerimeter":"416.16 km","unit":"domestic basin boundary","observedPeriod":null},"geometry":{"type":"Polygon","coordinates":[[[-99.604141,26.660242],[-99.587241,26.6516],[-99.584221,26.636828],[-99.565603,26.639606],[-99.53818,26.620562],[-99.53288,26.621813],[-99.527947,26.631163],[-99.520512,26.636537],[-99.511899,26.634623],[-99.506156,26.625789],[-99.498868,26.630942],[-99.485838,26.634034],[-99.469569,26.632782],[-99.464268,26.637494],[-99.461692,26.650671],[-99.454992,26.651702],[-99.445128,26.633003],[-99.435852,26.636242],[-99.423779,26.632856],[-99.421551,26.611411],[-99.397028,26.590267],[-99.395242,26.57505],[-99.397583,26.570983],[-99.392654,26.555581],[-99.375952,26.553964],[-99.369198,26.548291],[-99.36724,26.533703],[-99.356569,26.530124],[-99.346845,26.531407],[-99.340902,26.537013],[-99.338231,26.540649],[-99.34284,26.546478],[-99.340295,26.55615],[-99.32943,26.558739],[-99.322704,26.567812],[-99.320407,26.564463],[-99.311435,26.565779],[-99.299723,26.554953],[-99.280165,26.548122],[-99.265427,26.553481],[-99.25947,26.558817],[-99.251551,26.559152],[-99.244517,26.554606],[-99.239492,26.558314],[-99.235658,26.556734],[-99.228292,26.565993],[-99.207871,26.560638],[-99.184215,26.564241],[-99.16141,26.557859],[-99.171273,26.545611],[-99.168069,26.537863],[-99.142468,26.528397],[-99.130799,26.527988],[-99.11988,26.519752],[-99.104358,26.500555],[-99.091162,26.477176],[-99.092897,26.468828],[-99.10011,26.458945],[-99.101922,26.442799],[-99.11326,26.433489],[-99.11036,26.426573],[-99.08838,26.407569],[-99.084282,26.398348],[-99.062942,26.397584],[-99.036215,26.4139],[-99.020977,26.408129],[-99.011235,26.392795],[-98.988957,26.392141],[-98.973737,26.401601],[-98.953587,26.393862],[-98.95574,26.377508],[-98.9441,26.370106],[-98.935572,26.373229],[-98.935206,26.38715],[-98.925983,26.394792],[-98.921367,26.379037],[-98.913828,26.37287],[-98.90209,26.372024],[-98.899314,26.367323],[-98.900433,26.359754],[-98.893038,26.345259],[-98.895257,26.338292],[-98.890979,26.312822],[-98.893049,26.30489],[-98.895818,26.30036],[-98.901395,26.298852],[-98.910981,26.303645],[-98.917794,26.302198],[-98.919241,26.295597],[-98.92726,26.290412],[-98.939016,26.305816],[-98.951625,26.305736],[-98.959494,26.299087],[-98.976457,26.297194],[-99.004311,26.310456],[-99.013566,26.310707],[-99.033024,26.294809],[-99.050685,26.301303],[-99.061299,26.286916],[-99.07203,26.279043],[-99.119262,26.3055],[-99.126623,26.300222],[-99.132668,26.289779],[-99.138917,26.288158],[-99.142446,26.274468],[-99.150651,26.269359],[-99.150784,26.258315],[-99.167189,26.259611],[-99.171976,26.252791],[-99.178468,26.254365],[-99.190665,26.249939],[-99.191856,26.233849],[-99.196012,26.225938],[-99.206257,26.223914],[-99.213818,26.231035],[-99.222324,26.227032],[-99.230059,26.234403],[-99.240435,26.235801],[-99.244993,26.232483],[-99.254643,26.236524],[-99.272135,26.226446],[-99.279289,26.198134],[-99.302056,26.200234],[-99.313919,26.172445],[-99.323962,26.17041],[-99.337881,26.18247],[-99.352834,26.179557],[-99.361348,26.158015],[-99.371283,26.149748],[-99.374468,26.139282],[-99.383872,26.132987],[-99.396844,26.131418],[-99.416838,26.117847],[-99.425636,26.126843],[-99.43552,26.119639],[-99.447123,26.122294],[-99.463566,26.138983],[-99.471771,26.138069],[-99.483602,26.143984],[-99.493765,26.141709],[-99.506092,26.144395],[-99.53889,26.117592],[-99.556518,26.111417],[-99.567077,26.112786],[-99.572099,26.108362],[-99.592737,26.102803],[-99.59854,26.098307],[-99.604757,26.08315],[-99.610692,26.079991],[-99.62049,26.080244],[-99.633637,26.071355],[-99.65054,26.069271],[-99.699714,26.07322],[-99.718393,26.066496],[-99.722313,26.062427],[-99.721806,26.055239],[-99.725382,26.048387],[-99.733996,26.039931],[-99.759461,26.038962],[-99.779441,26.045872],[-99.782525,26.049639],[-99.8021,26.048781],[-99.814527,26.054683],[-99.825338,26.048123],[-99.864123,26.040397],[-99.866363,26.034911],[-99.873587,26.03163],[-99.879553,26.036015],[-99.892957,26.038878],[-99.905645,26.037581],[-99.918758,26.049598],[-99.914482,26.063412],[-99.918698,26.077002],[-99.916455,26.081907],[-99.919277,26.090785],[-99.928654,26.099273],[-99.928258,26.11407],[-99.938542,26.120575],[-99.940251,26.134848],[-99.948616,26.145286],[-99.950616,26.154319],[-99.96901,26.165342],[-99.970204,26.198706],[-99.961447,26.202114],[-99.964907,26.224935],[-99.985405,26.235711],[-99.990419,26.228305],[-100.000881,26.229515],[-100.008375,26.221708],[-100.011654,26.208437],[-100.020867,26.206094],[-100.033241,26.196102],[-100.037835,26.187166],[-100.048109,26.184294],[-100.049077,26.180296],[-100.056758,26.18436],[-100.074754,26.18373],[-100.088577,26.191841],[-100.086396,26.195426],[-100.088457,26.19696],[-100.097327,26.194515],[-100.117436,26.209041],[-100.12646,26.211977],[-100.136455,26.225336],[-100.13726,26.231095],[-100.147705,26.229155],[-100.171752,26.239702],[-100.172289,26.255349],[-100.18097,26.257072],[-100.18205,26.263337],[-100.186987,26.263789],[-100.191124,26.272972],[-100.183614,26.282959],[-100.183932,26.291585],[-100.188884,26.296531],[-100.183236,26.319131],[-100.19171,26.335687],[-100.194964,26.362607],[-100.198687,26.366272],[-100.196786,26.402463],[-100.179139,26.410829],[-100.168172,26.406348],[-100.146736,26.412901],[-100.124138,26.448798],[-100.073938,26.477126],[-100.055174,26.484117],[-100.033849,26.486487],[-99.985277,26.503665],[-99.962073,26.505251],[-99.914789,26.494779],[-99.867994,26.508996],[-99.805739,26.495194],[-99.753613,26.506093],[-99.726367,26.523252],[-99.696591,26.536662],[-99.649036,26.579363],[-99.627842,26.61352],[-99.631196,26.634762],[-99.627651,26.644548],[-99.622372,26.650463],[-99.611218,26.652466],[-99.604141,26.660242]]]}},{"type":"Feature","id":"basin-RH24D","properties":{"id":"basin-RH24D","sourceId":"RH24D","name":"P. FALCÓN - R. SALADO","nameJa":"P. FALCÓN - R. SALADO","sourceName":"P. FALCÓN - R. SALADO","basinType":"EXORREICA","sourceArea":"61027.36 km²","sourcePerimeter":"1954.27 km","unit":"domestic basin boundary","observedPeriod":null},"geometry":{"type":"Polygon","coordinates":[[[-102.125971,29.012402],[-102.115929,29.010832],[-102.100511,29.000719],[-102.09568,29.00079],[-102.086186,28.991772],[-102.084782,28.986157],[-102.080166,28.984467],[-102.066841,28.987584],[-102.052779,28.98392],[-102.041119,28.999315],[-102.027913,29.0011],[-102.019561,28.999291],[-102.015207,28.98975],[-101.997194,28.983492],[-101.974066,29.005811],[-101.960717,29.000505],[-101.950271,29.004383],[-101.943204,29.001504],[-101.935233,29.005192],[-101.925596,29.002694],[-101.920409,28.997007],[-101.916388,28.99803],[-101.910796,29.006858],[-101.904752,29.002646],[-101.902349,28.995223],[-101.882718,28.995841],[-101.867871,28.98561],[-101.850382,28.98323],[-101.844742,28.987418],[-101.83739,28.984967],[-101.831298,28.98806],[-101.815572,28.987431],[-101.811313,28.978437],[-101.793372,28.965231],[-101.775098,28.9683],[-101.768293,28.958235],[-101.763177,28.958664],[-101.757728,28.954737],[-101.752422,28.957188],[-101.738378,28.948626],[-101.734045,28.944364],[-101.733378,28.935584],[-101.725193,28.936631],[-101.71351,28.927446],[-101.70561,28.929373],[-101.697401,28.92697],[-101.701993,28.92302],[-101.698995,28.920165],[-101.701089,28.911813],[-101.696901,28.911028],[-101.693308,28.903033],[-101.684552,28.895252],[-101.685099,28.892325],[-101.675415,28.88828],[-101.675462,28.883545],[-101.663946,28.884211],[-101.656641,28.857109],[-101.653595,28.854492],[-101.641674,28.854373],[-101.636844,28.850042],[-101.633155,28.840596],[-101.636058,28.834671],[-101.631537,28.832101],[-101.63218,28.825224],[-101.629253,28.825248],[-101.626422,28.818681],[-101.627849,28.815135],[-101.620877,28.811209],[-101.621829,28.803024],[-101.615881,28.803191],[-101.61293,28.799169],[-101.61569,28.793625],[-101.608385,28.79541],[-101.596274,28.792864],[-101.592586,28.795386],[-101.584733,28.787082],[-101.586328,28.78356],[-101.583829,28.78099],[-101.587684,28.780134],[-101.583353,28.773233],[-101.584567,28.770259],[-101.579189,28.770068],[-101.580807,28.766261],[-101.567911,28.756767],[-101.568053,28.751985],[-101.558964,28.752698],[-101.560748,28.740849],[-101.551112,28.737351],[-101.553661,28.731344],[-101.548328,28.727714],[-101.551635,28.724169],[-101.550207,28.719196],[-101.553396,28.718529],[-101.551992,28.714889],[-101.545948,28.71527],[-101.543068,28.71072],[-101.547771,28.705282],[-101.543965,28.703421],[-101.544652,28.700168],[-101.550356,28.696909],[-101.549284,28.691063],[-101.551862,28.6892],[-101.548748,28.677228],[-101.550866,28.670591],[-101.547471,28.666813],[-101.551458,28.658631],[-101.549476,28.651135],[-101.538087,28.650054],[-101.537042,28.645909],[-101.529113,28.643927],[-101.525942,28.634665],[-101.508102,28.628538],[-101.504439,28.62301],[-101.505615,28.617449],[-101.501017,28.615422],[-101.49871,28.598036],[-101.488344,28.586219],[-101.479791,28.587126],[-101.467843,28.579331],[-101.46422,28.564064],[-101.456271,28.557443],[-101.459731,28.551247],[-101.450638,28.550764],[-101.442113,28.538531],[-101.436225,28.537288],[-101.435195,28.532087],[-101.411612,28.53248],[-101.409537,28.530304],[-101.407781,28.514749],[-101.41813,28.509287],[-101.41155,28.504687],[-101.411422,28.489834],[-101.406311,28.483191],[-101.41049,28.4769],[-101.408196,28.47364],[-101.410049,28.462812],[-101.405992,28.458723],[-101.400211,28.435662],[-101.394164,28.430029],[-101.382178,28.429068],[-101.379295,28.425123],[-101.36827,28.421734],[-101.363263,28.410204],[-101.326748,28.383905],[-101.32336,28.373436],[-101.314459,28.37116],[-101.299489,28.349413],[-101.287907,28.345772],[-101.274293,28.349216],[-101.26031,28.342132],[-101.257337,28.336847],[-101.239957,28.337354],[-101.233114,28.333691],[-101.217687,28.306179],[-101.202634,28.296508],[-101.198822,28.287706],[-101.190481,28.286333],[-101.191556,28.277451],[-101.197691,28.269328],[-101.178664,28.253537],[-101.170462,28.250245],[-101.151657,28.252254],[-101.110166,28.24702],[-101.107159,28.245358],[-101.110382,28.239168],[-101.105121,28.235681],[-101.105344,28.230771],[-101.100105,28.232375],[-101.080012,28.22653],[-101.073372,28.229488],[-101.06941,28.224633],[-101.060817,28.227981],[-101.025329,28.208954],[-101.004299,28.217638],[-100.995653,28.19842],[-100.985914,28.189879],[-100.986696,28.176338],[-100.977269,28.170609],[-100.972634,28.154828],[-100.953359,28.159847],[-100.942107,28.15551],[-100.927867,28.166879],[-100.923882,28.165825],[-100.916908,28.154807],[-100.903488,28.155335],[-100.913509,28.137109],[-100.905428,28.13134],[-100.906855,28.124131],[-100.901097,28.120514],[-100.898858,28.116075],[-100.901098,28.112164],[-100.8954,28.104526],[-100.889657,28.100072],[-100.883637,28.105548],[-100.875639,28.105986],[-100.869366,28.102279],[-100.849748,28.099705],[-100.848068,28.091156],[-100.842841,28.090932],[-100.828238,28.079332],[-100.827487,28.070348],[-100.837568,28.068263],[-100.832279,28.055226],[-100.822943,28.061707],[-100.805387,28.060292],[-100.804307,28.055221],[-100.812477,28.048061],[-100.812449,28.036465],[-100.821609,28.029389],[-100.822071,28.022911],[-100.831148,28.016861],[-100.832165,28.011147],[-100.827573,28.004522],[-100.832275,27.991604],[-100.819454,27.983698],[-100.812199,27.971565],[-100.809195,27.975358],[-100.802265,27.975578],[-100.795599,27.970643],[-100.787331,27.971762],[-100.783165,27.96356],[-100.778185,27.965999],[-100.773691,27.963275],[-100.776542,27.957683],[-100.77266,27.952705],[-100.757901,27.948811],[-100.753648,27.940596],[-100.755836,27.936354],[-100.750009,27.930482],[-100.751818,27.924944],[-100.753581,27.926418],[-100.755881,27.923225],[-100.754921,27.909383],[-100.738466,27.908445],[-100.727213,27.916483],[-100.720131,27.915704],[-100.719546,27.922514],[-100.713475,27.926917],[-100.703758,27.929531],[-100.702623,27.934055],[-100.693582,27.932016],[-100.682467,27.942293],[-100.671945,27.937564],[-100.664883,27.941588],[-100.656791,27.937699],[-100.653892,27.943733],[-100.620896,27.944701],[-100.61247,27.948872],[-100.586939,27.943279],[-100.564489,27.947639],[-100.55951,27.941805],[-100.551809,27.93986],[-100.543564,27.942272],[-100.527181,27.957942],[-100.508058,27.961253],[-100.452752,27.95717],[-100.418562,27.961357],[-100.389555,27.968733],[-100.372485,27.964769],[-100.336782,27.968181],[-100.330813,27.927169],[-100.325016,27.91683],[-100.323239,27.884562],[-100.317278,27.861829],[-100.316078,27.829261],[-100.292792,27.762362],[-100.293512,27.748199],[-100.282469,27.691463],[-100.273987,27.666576],[-100.24814,27.627766],[-100.239159,27.624573],[-100.227414,27.630727],[-100.216521,27.631056],[-100.211928,27.625226],[-100.191404,27.619284],[-100.176092,27.610957],[-100.150713,27.592658],[-100.141019,27.59647],[-100.123514,27.622866],[-100.121795,27.632088],[-100.109448,27.644122],[-100.091005,27.645529],[-100.084562,27.637299],[-100.083396,27.627031],[-100.07901,27.625151],[-100.062718,27.638936],[-100.05489,27.631056],[-100.050216,27.632049],[-100.04439,27.619511],[-100.027863,27.619433],[-100.015135,27.614915],[-99.99791,27.595482],[-99.994479,27.575616],[-99.997549,27.56785],[-99.989964,27.560987],[-99.984545,27.561168],[-99.977863,27.550512],[-99.978766,27.546539],[-99.986532,27.543469],[-99.982559,27.533174],[-99.983642,27.512766],[-99.961886,27.493586],[-99.953432,27.471745],[-99.937423,27.45944],[-99.926181,27.45486],[-99.909934,27.461592],[-99.892701,27.454501],[-99.886868,27.448134],[-99.889105,27.431501],[-99.87471,27.409988],[-99.875652,27.398878],[-99.864824,27.38758],[-99.870191,27.378823],[-99.871509,27.368561],[-99.880642,27.361123],[-99.886133,27.349708],[-99.914526,27.362865],[-99.922976,27.35757],[-99.936009,27.362661],[-99.943951,27.354109],[-99.947176,27.330883],[-99.945513,27.321528],[-99.935834,27.305261],[-99.935022,27.293689],[-99.923197,27.287846],[-99.919782,27.281715],[-99.928145,27.27106],[-99.926961,27.265821],[-99.931474,27.254504],[-99.925128,27.235075],[-99.927569,27.219843],[-99.923175,27.215547],[-99.909797,27.213891],[-99.903579,27.205285],[-99.904403,27.19775],[-99.898309,27.192232],[-99.891164,27.173161],[-99.891292,27.164475],[-99.896504,27.156562],[-99.893222,27.147426],[-99.885237,27.143828],[-99.893438,27.105755],[-99.889358,27.099262],[-99.88504,27.071039],[-99.87173,27.063591],[-99.856283,27.062971],[-99.850146,27.052213],[-99.834078,27.039593],[-99.820951,27.018277],[-99.801766,27.015046],[-99.78448,27.019023],[-99.773124,27.013838],[-99.771886,27.005188],[-99.760471,27.002183],[-99.754557,27.004994],[-99.733243,26.990077],[-99.731859,26.997146],[-99.719199,27.002378],[-99.699268,26.992956],[-99.693547,26.983335],[-99.68826,26.98286],[-99.689864,26.974959],[-99.679848,26.965723],[-99.674045,26.974404],[-99.665893,26.977329],[-99.665021,26.982556],[-99.650833,26.992886],[-99.633159,26.983552],[-99.631541,26.976333],[-99.614739,26.979444],[-99.609885,26.971914],[-99.592834,26.959904],[-99.579579,26.960277],[-99.572107,26.94957],[-99.554059,26.942883],[-99.544189,26.916065],[-99.529473,26.928286],[-99.517902,26.929776],[-99.491022,26.914437],[-99.490309,26.903581],[-99.480136,26.901826],[-99.474842,26.892754],[-99.45099,26.890693],[-99.445593,26.884736],[-99.431575,26.885861],[-99.422748,26.877865],[-99.420476,26.865171],[-99.408307,26.865739],[-99.412589,26.854641],[-99.40208,26.845006],[-99.385385,26.853255],[-99.364646,26.852747],[-99.357387,26.865387],[-99.345949,26.864028],[-99.341381,26.868634],[-99.322729,26.874639],[-99.309285,26.884757],[-99.30546,26.882475],[-99.304699,26.876135],[-99.301397,26.877037],[-99.303031,26.872809],[-99.300374,26.868565],[-99.299189,26.872605],[-99.292904,26.873023],[-99.295415,26.868114],[-99.292616,26.869302],[-99.29188,26.865113],[-99.290242,26.866858],[-99.290695,26.869401],[-99.290149,26.870017],[-99.282897,26.860923],[-99.281802,26.869801],[-99.276089,26.868792],[-99.275528,26.875332],[-99.283348,26.874826],[-99.28472,26.881763],[-99.276245,26.878486],[-99.276814,26.883269],[-99.268041,26.874035],[-99.268909,26.882772],[-99.276504,26.892857],[-99.271564,26.890059],[-99.272035,26.894369],[-99.27038,26.887979],[-99.263844,26.884916],[-99.263818,26.889017],[-99.259258,26.887843],[-99.25866,26.892868],[-99.245679,26.880625],[-99.242651,26.888062],[-99.246034,26.890031],[-99.244681,26.896311],[-99.249042,26.901059],[-99.241623,26.894749],[-99.237861,26.897728],[-99.230482,26.895518],[-99.233071,26.907257],[-99.237031,26.908379],[-99.238216,26.90911],[-99.238438,26.910294],[-99.232046,26.908435],[-99.232483,26.911881],[-99.227228,26.911464],[-99.222612,26.914999],[-99.223631,26.915516],[-99.224209,26.916842],[-99.219549,26.916832],[-99.209508,26.932526],[-99.207291,26.933165],[-99.209366,26.928651],[-99.203809,26.931783],[-99.190803,26.930931],[-99.187095,26.933733],[-99.184528,26.934883],[-99.184086,26.937041],[-99.1836,26.937613],[-99.183011,26.937844],[-99.184374,26.934547],[-99.189649,26.930942],[-99.20142,26.930177],[-99.196268,26.929759],[-99.211238,26.92466],[-99.2132,26.915678],[-99.222965,26.90617],[-99.223366,26.892944],[-99.232861,26.889502],[-99.231767,26.885336],[-99.219116,26.881932],[-99.216759,26.88414],[-99.209712,26.878923],[-99.224503,26.874296],[-99.231305,26.864888],[-99.235489,26.874915],[-99.246802,26.867552],[-99.2474,26.871916],[-99.254022,26.875314],[-99.252412,26.879716],[-99.258426,26.882471],[-99.260583,26.875861],[-99.25801,26.868303],[-99.262219,26.869168],[-99.261134,26.86564],[-99.264615,26.863461],[-99.261351,26.861033],[-99.25657,26.863552],[-99.259093,26.860141],[-99.256805,26.858967],[-99.256977,26.857938],[-99.264207,26.855536],[-99.2577,26.848929],[-99.252011,26.84913],[-99.252847,26.846395],[-99.262298,26.843933],[-99.258662,26.837514],[-99.252624,26.839009],[-99.254192,26.831953],[-99.261199,26.831427],[-99.258461,26.821861],[-99.252264,26.824451],[-99.254132,26.817676],[-99.246109,26.819949],[-99.247657,26.813613],[-99.244963,26.810818],[-99.24075,26.81328],[-99.23062,26.807587],[-99.228248,26.810615],[-99.232883,26.820906],[-99.220123,26.818487],[-99.223913,26.816032],[-99.223537,26.812416],[-99.219079,26.816523],[-99.219953,26.826699],[-99.216946,26.823794],[-99.210929,26.826971],[-99.213026,26.822292],[-99.207835,26.818066],[-99.210092,26.812237],[-99.219195,26.813022],[-99.221616,26.808866],[-99.217658,26.80202],[-99.217839,26.789471],[-99.212541,26.791222],[-99.208549,26.798191],[-99.201907,26.798027],[-99.199195,26.791802],[-99.196258,26.792512],[-99.201041,26.786573],[-99.211987,26.78481],[-99.22317,26.775336],[-99.217066,26.767026],[-99.226374,26.767893],[-99.219169,26.763674],[-99.220399,26.757498],[-99.212288,26.75625],[-99.220428,26.750535],[-99.217349,26.745677],[-99.213298,26.749212],[-99.214436,26.741231],[-99.217164,26.740735],[-99.212823,26.738044],[-99.211163,26.741787],[-99.208337,26.739894],[-99.206713,26.747083],[-99.201784,26.744651],[-99.201705,26.748839],[-99.199535,26.748592],[-99.200337,26.74404],[-99.195574,26.745455],[-99.195611,26.748498],[-99.191179,26.746941],[-99.189689,26.748256],[-99.186023,26.749544],[-99.18471,26.756703],[-99.181197,26.756208],[-99.184613,26.748873],[-99.193502,26.746066],[-99.195304,26.737298],[-99.202383,26.729801],[-99.198625,26.726955],[-99.193617,26.728106],[-99.191644,26.7347],[-99.190779,26.728293],[-99.186305,26.728849],[-99.19423,26.722817],[-99.192103,26.721837],[-99.194358,26.719278],[-99.188113,26.71717],[-99.189504,26.711605],[-99.196485,26.712095],[-99.192427,26.705958],[-99.196901,26.706073],[-99.193885,26.70211],[-99.199799,26.702358],[-99.195007,26.696948],[-99.198885,26.695109],[-99.19606,26.692396],[-99.20212,26.692692],[-99.195251,26.684261],[-99.192782,26.686474],[-99.188486,26.684239],[-99.190539,26.677298],[-99.179026,26.677783],[-99.181893,26.685466],[-99.186826,26.685648],[-99.181936,26.689022],[-99.18378,26.694372],[-99.18166,26.695935],[-99.178106,26.690822],[-99.178271,26.696964],[-99.175373,26.697663],[-99.177775,26.700052],[-99.173338,26.70118],[-99.177609,26.706288],[-99.167147,26.709435],[-99.171381,26.717296],[-99.16706,26.716398],[-99.167721,26.720801],[-99.162633,26.724417],[-99.166071,26.728176],[-99.16072,26.72713],[-99.1671,26.735937],[-99.164813,26.735177],[-99.164267,26.73958],[-99.155302,26.727189],[-99.155705,26.754564],[-99.148491,26.747096],[-99.144175,26.747166],[-99.143812,26.75198],[-99.140353,26.753602],[-99.141147,26.761132],[-99.137559,26.763707],[-99.135253,26.751052],[-99.128673,26.754726],[-99.119412,26.750836],[-99.112352,26.743146],[-99.101392,26.745202],[-99.116507,26.739781],[-99.124999,26.746706],[-99.129611,26.744645],[-99.135205,26.736837],[-99.137117,26.725103],[-99.149048,26.731194],[-99.143215,26.726102],[-99.149792,26.724667],[-99.149819,26.718095],[-99.157419,26.716506],[-99.150918,26.711777],[-99.154277,26.710121],[-99.156388,26.699256],[-99.150377,26.698985],[-99.149544,26.695699],[-99.140739,26.694238],[-99.136381,26.697517],[-99.136622,26.693862],[-99.130075,26.6973],[-99.125309,26.695278],[-99.123719,26.699775],[-99.112766,26.693719],[-99.103079,26.697834],[-99.0998,26.696211],[-99.103967,26.697195],[-99.105424,26.69294],[-99.107386,26.694222],[-99.116972,26.68719],[-99.121986,26.689901],[-99.129383,26.684315],[-99.136729,26.685276],[-99.143889,26.67804],[-99.14689,26.680975],[-99.151566,26.676402],[-99.153281,26.679413],[-99.157852,26.678484],[-99.157167,26.674334],[-99.146354,26.671067],[-99.148023,26.665696],[-99.142393,26.663575],[-99.138031,26.665858],[-99.135147,26.660931],[-99.137366,26.657734],[-99.128907,26.658132],[-99.126611,26.654526],[-99.136293,26.646609],[-99.141518,26.647817],[-99.144306,26.645203],[-99.149318,26.655866],[-99.15847,26.658356],[-99.162312,26.65201],[-99.169238,26.663372],[-99.173283,26.647983],[-99.167587,26.645726],[-99.16271,26.650073],[-99.159654,26.647865],[-99.161842,26.642274],[-99.155656,26.642459],[-99.158045,26.639983],[-99.154855,26.636878],[-99.164851,26.63786],[-99.168055,26.633683],[-99.153638,26.630955],[-99.157062,26.628799],[-99.155595,26.622583],[-99.158257,26.625188],[-99.165123,26.623663],[-99.161884,26.620542],[-99.16679,26.616211],[-99.162173,26.615935],[-99.161745,26.612924],[-99.16605,26.61211],[-99.168966,26.604097],[-99.163485,26.606842],[-99.163511,26.602582],[-99.15999,26.603038],[-99.155866,26.615169],[-99.152291,26.613175],[-99.15184,26.605117],[-99.147093,26.608903],[-99.145791,26.602077],[-99.14123,26.616519],[-99.136249,26.610171],[-99.130107,26.609552],[-99.13752,26.600655],[-99.129234,26.592434],[-99.133667,26.590691],[-99.138399,26.593461],[-99.144983,26.586093],[-99.146921,26.593953],[-99.156105,26.590284],[-99.150659,26.582264],[-99.152909,26.570948],[-99.146785,26.579626],[-99.142606,26.575651],[-99.143397,26.570615],[-99.137337,26.570266],[-99.142136,26.555368],[-99.184215,26.564241],[-99.207871,26.560638],[-99.228292,26.565993],[-99.235658,26.556734],[-99.239492,26.558314],[-99.244517,26.554606],[-99.251551,26.559152],[-99.25947,26.558817],[-99.265427,26.553481],[-99.280165,26.548122],[-99.299723,26.554953],[-99.311435,26.565779],[-99.320407,26.564463],[-99.322704,26.567812],[-99.32943,26.558739],[-99.340295,26.55615],[-99.34284,26.546478],[-99.338231,26.540649],[-99.340902,26.537013],[-99.346845,26.531407],[-99.356569,26.530124],[-99.36724,26.533703],[-99.369198,26.548291],[-99.375952,26.553964],[-99.392654,26.555581],[-99.397583,26.570983],[-99.395242,26.57505],[-99.397028,26.590267],[-99.421551,26.611411],[-99.423779,26.632856],[-99.435852,26.636242],[-99.445128,26.633003],[-99.454992,26.651702],[-99.461692,26.650671],[-99.464268,26.637494],[-99.469569,26.632782],[-99.485838,26.634034],[-99.498868,26.630942],[-99.506156,26.625789],[-99.511899,26.634623],[-99.520512,26.636537],[-99.527947,26.631163],[-99.53288,26.621813],[-99.53818,26.620562],[-99.565603,26.639606],[-99.584221,26.636828],[-99.587241,26.6516],[-99.606219,26.660488],[-99.611218,26.652466],[-99.622372,26.650463],[-99.628986,26.642131],[-99.631196,26.634762],[-99.627842,26.61352],[-99.649036,26.579363],[-99.696591,26.536662],[-99.726367,26.523252],[-99.753613,26.506093],[-99.805739,26.495194],[-99.867994,26.508996],[-99.914789,26.494779],[-99.962073,26.505251],[-99.985277,26.503665],[-100.033849,26.486487],[-100.055174,26.484117],[-100.073938,26.477126],[-100.124138,26.448798],[-100.146736,26.412901],[-100.168172,26.406348],[-100.179139,26.410829],[-100.196786,26.402463],[-100.198687,26.366272],[-100.194964,26.362607],[-100.19171,26.335687],[-100.183236,26.319131],[-100.188884,26.296531],[-100.183376,26.288455],[-100.200847,26.284648],[-100.206479,26.278267],[-100.217307,26.274403],[-100.229161,26.258099],[-100.233423,26.263164],[-100.240901,26.263164],[-100.249143,26.273456],[-100.255311,26.273376],[-100.259364,26.277567],[-100.263278,26.272302],[-100.278092,26.273081],[-100.281484,26.268621],[-100.283865,26.2529],[-100.294323,26.23897],[-100.309246,26.227189],[-100.314546,26.218768],[-100.32551,26.214705],[-100.332002,26.189528],[-100.363705,26.196479],[-100.378738,26.189784],[-100.385763,26.193788],[-100.389723,26.205199],[-100.398537,26.211678],[-100.411049,26.208074],[-100.428445,26.216182],[-100.43369,26.227532],[-100.442946,26.237065],[-100.441644,26.247774],[-100.449264,26.261532],[-100.450925,26.280712],[-100.460118,26.285081],[-100.467169,26.297687],[-100.464442,26.304633],[-100.474698,26.322646],[-100.472162,26.334238],[-100.475473,26.33874],[-100.480072,26.33531],[-100.513345,26.328282],[-100.526154,26.316724],[-100.553218,26.307083],[-100.58841,26.286241],[-100.597517,26.285328],[-100.606699,26.286926],[-100.635461,26.314366],[-100.659542,26.329768],[-100.666987,26.322858],[-100.676954,26.30461],[-100.696263,26.29063],[-100.687146,26.271011],[-100.689985,26.250995],[-100.686135,26.242927],[-100.688029,26.224157],[-100.693455,26.210822],[-100.705151,26.204476],[-100.723541,26.178604],[-100.723748,26.158311],[-100.71645,26.143715],[-100.71884,26.137409],[-100.748454,26.139295],[-100.774465,26.150128],[-100.787664,26.176906],[-100.824632,26.210856],[-100.832046,26.208796],[-100.83879,26.212112],[-100.843965,26.206025],[-100.866705,26.214448],[-100.893875,26.213378],[-100.913233,26.205788],[-100.918757,26.19685],[-100.918868,26.188893],[-100.899816,26.153585],[-100.900386,26.145241],[-100.879693,26.131152],[-100.895984,26.130218],[-100.904643,26.121512],[-100.923885,26.129393],[-100.943653,26.154523],[-100.944069,26.166095],[-100.949959,26.163222],[-100.946958,26.142517],[-100.95475,26.129328],[-100.961434,26.13032],[-100.985798,26.14855],[-100.987842,26.146377],[-100.98756,26.129078],[-100.992155,26.115559],[-101.001842,26.106738],[-101.004394,26.08254],[-101.007552,26.080164],[-101.015145,26.090688],[-101.013434,26.094033],[-101.016648,26.099422],[-101.029106,26.105449],[-101.032895,26.111683],[-101.041203,26.113052],[-101.069707,26.130765],[-101.075173,26.125424],[-101.092493,26.123567],[-101.101719,26.115013],[-101.111145,26.112694],[-101.121346,26.104909],[-101.126,26.11107],[-101.119474,26.115014],[-101.120184,26.124172],[-101.108355,26.147988],[-101.118418,26.165186],[-101.117388,26.170755],[-101.131339,26.198643],[-101.129648,26.202192],[-101.135976,26.214908],[-101.163608,26.23667],[-101.180865,26.241528],[-101.200366,26.256034],[-101.206759,26.267074],[-101.217294,26.275983],[-101.218755,26.282841],[-101.23157,26.293864],[-101.244331,26.296242],[-101.250636,26.294299],[-101.261957,26.304878],[-101.266306,26.30154],[-101.278145,26.301646],[-101.289297,26.303401],[-101.297092,26.309582],[-101.311012,26.310668],[-101.314159,26.316749],[-101.331162,26.329603],[-101.334336,26.336964],[-101.341867,26.330242],[-101.354267,26.330112],[-101.365522,26.314501],[-101.372577,26.31403],[-101.397197,26.334401],[-101.43921,26.344461],[-101.464159,26.35724],[-101.475382,26.366995],[-101.482702,26.369196],[-101.504331,26.389877],[-101.524479,26.399576],[-101.530806,26.40607],[-101.540881,26.408299],[-101.552474,26.422647],[-101.556174,26.423229],[-101.560816,26.418366],[-101.569966,26.420941],[-101.583686,26.433076],[-101.596137,26.434806],[-101.603989,26.43246],[-101.603219,26.422199],[-101.61686,26.415817],[-101.621482,26.418986],[-101.65391,26.42124],[-101.662737,26.425371],[-101.696774,26.405334],[-101.705159,26.414616],[-101.708722,26.414237],[-101.71528,26.420091],[-101.718611,26.416546],[-101.724922,26.420576],[-101.738659,26.422182],[-101.73886,26.429633],[-101.748228,26.425517],[-101.769498,26.432782],[-101.770592,26.438505],[-101.785406,26.444579],[-101.786566,26.448933],[-101.807707,26.464676],[-101.82789,26.475434],[-101.833459,26.487151],[-101.859204,26.497882],[-101.869745,26.515966],[-101.852507,26.52462],[-101.851256,26.52787],[-101.856324,26.531868],[-101.853041,26.536555],[-101.859668,26.537539],[-101.865394,26.548238],[-101.875432,26.554138],[-101.881507,26.550598],[-101.89169,26.558849],[-101.907635,26.564227],[-101.927707,26.585601],[-101.955311,26.603316],[-101.963602,26.615755],[-101.971834,26.619023],[-101.979363,26.629145],[-101.982727,26.639962],[-101.996202,26.651355],[-102.00025,26.65905],[-102.038941,26.693353],[-102.049946,26.713747],[-102.058579,26.721455],[-102.062863,26.736233],[-102.071513,26.73794],[-102.082856,26.751548],[-102.088606,26.753769],[-102.095955,26.746855],[-102.115468,26.745856],[-102.140375,26.735209],[-102.143513,26.727297],[-102.155175,26.722649],[-102.158622,26.715074],[-102.17047,26.708827],[-102.176942,26.70102],[-102.180009,26.704256],[-102.190947,26.703357],[-102.197407,26.706127],[-102.205938,26.703947],[-102.197098,26.682237],[-102.20771,26.683998],[-102.214682,26.676431],[-102.217751,26.68307],[-102.227648,26.680793],[-102.233468,26.684198],[-102.238786,26.681119],[-102.24372,26.690688],[-102.240262,26.692678],[-102.237621,26.704844],[-102.24901,26.70551],[-102.256315,26.714957],[-102.262196,26.716351],[-102.274246,26.710196],[-102.273876,26.705189],[-102.285533,26.697965],[-102.285438,26.694396],[-102.293697,26.688414],[-102.297527,26.696252],[-102.309273,26.697844],[-102.30135,26.707902],[-102.305832,26.712242],[-102.315741,26.706736],[-102.318429,26.700021],[-102.32463,26.698084],[-102.34307,26.699678],[-102.345543,26.703985],[-102.355283,26.701131],[-102.355969,26.707164],[-102.368868,26.710405],[-102.375954,26.716001],[-102.374925,26.727342],[-102.382156,26.728881],[-102.381808,26.747886],[-102.395323,26.750599],[-102.401684,26.746902],[-102.396858,26.725698],[-102.400305,26.720486],[-102.415739,26.732829],[-102.419526,26.731694],[-102.436363,26.746852],[-102.446894,26.748433],[-102.465722,26.761051],[-102.473013,26.759464],[-102.482576,26.762534],[-102.496063,26.75981],[-102.504426,26.765218],[-102.506964,26.770817],[-102.521824,26.772732],[-102.522188,26.778194],[-102.504117,26.782573],[-102.502416,26.788512],[-102.485967,26.790382],[-102.482053,26.798151],[-102.493107,26.813085],[-102.499285,26.813317],[-102.507324,26.824775],[-102.512302,26.825663],[-102.511568,26.829965],[-102.518967,26.832089],[-102.531495,26.851438],[-102.52592,26.865716],[-102.528005,26.87982],[-102.535105,26.8869],[-102.547451,26.923503],[-102.540777,26.944495],[-102.541646,26.968686],[-102.536657,26.973602],[-102.527884,26.974321],[-102.521327,26.978907],[-102.514365,26.974347],[-102.50809,26.984213],[-102.507275,26.992877],[-102.50063,27.001108],[-102.473972,27.012351],[-102.471554,27.022355],[-102.474262,27.025124],[-102.473232,27.036215],[-102.464789,27.046622],[-102.469823,27.05125],[-102.467049,27.056653],[-102.470939,27.065507],[-102.476709,27.067649],[-102.476957,27.071627],[-102.485889,27.080544],[-102.497735,27.086431],[-102.506128,27.095538],[-102.512801,27.096616],[-102.51455,27.100405],[-102.531671,27.10004],[-102.560667,27.110167],[-102.566233,27.109526],[-102.579085,27.120571],[-102.584461,27.122727],[-102.588117,27.120654],[-102.593554,27.129226],[-102.618539,27.149586],[-102.630536,27.153691],[-102.659297,27.174115],[-102.676145,27.203417],[-102.674954,27.209515],[-102.668574,27.21095],[-102.664462,27.216215],[-102.671659,27.232601],[-102.665991,27.247691],[-102.671192,27.252623],[-102.681588,27.250067],[-102.690603,27.252347],[-102.702576,27.263397],[-102.704296,27.270776],[-102.712422,27.278189],[-102.71584,27.291521],[-102.720525,27.295279],[-102.713339,27.300168],[-102.704469,27.317708],[-102.688634,27.318381],[-102.681457,27.323422],[-102.663678,27.323942],[-102.66124,27.329219],[-102.678332,27.341404],[-102.677218,27.349452],[-102.664186,27.354996],[-102.663693,27.362344],[-102.676679,27.367973],[-102.69262,27.367637],[-102.704132,27.376023],[-102.702622,27.379471],[-102.694788,27.381934],[-102.668503,27.378266],[-102.633303,27.392857],[-102.643246,27.398773],[-102.652168,27.396701],[-102.659873,27.400585],[-102.697848,27.401968],[-102.721438,27.413981],[-102.722068,27.431084],[-102.719106,27.43418],[-102.710101,27.432909],[-102.705101,27.435473],[-102.701342,27.428555],[-102.689281,27.43121],[-102.658179,27.427585],[-102.63653,27.43728],[-102.615868,27.418976],[-102.614295,27.423033],[-102.603099,27.426933],[-102.604703,27.438947],[-102.608666,27.44096],[-102.618103,27.46193],[-102.615253,27.47706],[-102.617678,27.488092],[-102.628787,27.504769],[-102.634283,27.508051],[-102.640788,27.520882],[-102.638495,27.523907],[-102.645612,27.528059],[-102.658909,27.548457],[-102.671759,27.559016],[-102.680459,27.55709],[-102.681853,27.562088],[-102.677304,27.564727],[-102.678451,27.573988],[-102.739919,27.613788],[-102.770959,27.640367],[-102.770705,27.665621],[-102.766807,27.679868],[-102.745319,27.702154],[-102.762652,27.731044],[-102.758085,27.753688],[-102.769668,27.766619],[-102.763836,27.777102],[-102.763836,27.783265],[-102.777125,27.806679],[-102.779463,27.800324],[-102.78747,27.80225],[-102.797564,27.787262],[-102.816446,27.804944],[-102.826062,27.821714],[-102.828322,27.842919],[-102.836923,27.856078],[-102.838984,27.871457],[-102.851925,27.891493],[-102.850716,27.894762],[-102.857572,27.910676],[-102.863686,27.915117],[-102.853323,27.924027],[-102.841863,27.925206],[-102.840876,27.919969],[-102.836051,27.919586],[-102.828018,27.930086],[-102.830705,27.946179],[-102.825856,27.948956],[-102.82426,27.946611],[-102.81376,27.947501],[-102.795162,27.956022],[-102.795453,27.966478],[-102.807081,27.975056],[-102.809135,27.983199],[-102.819917,27.998554],[-102.808312,28.002315],[-102.807646,28.011095],[-102.789514,28.041267],[-102.7977,28.054901],[-102.790561,28.060636],[-102.792917,28.069416],[-102.788896,28.071772],[-102.780139,28.066418],[-102.775499,28.069559],[-102.754251,28.068583],[-102.738142,28.077839],[-102.728315,28.079219],[-102.725102,28.071629],[-102.706566,28.06844],[-102.698357,28.076221],[-102.688435,28.071034],[-102.674348,28.075698],[-102.652457,28.067631],[-102.64332,28.057019],[-102.633588,28.056614],[-102.620787,28.043504],[-102.613672,28.045407],[-102.60651,28.040743],[-102.593209,28.039934],[-102.588545,28.064157],[-102.575981,28.071724],[-102.569509,28.071938],[-102.554733,28.064371],[-102.551616,28.05176],[-102.553377,28.045217],[-102.549308,28.040077],[-102.542003,28.042885],[-102.53603,28.052212],[-102.532675,28.05138],[-102.524228,28.056971],[-102.519422,28.058137],[-102.511641,28.054235],[-102.489369,28.03282],[-102.481779,28.033986],[-102.47495,28.023112],[-102.463338,28.017353],[-102.457484,28.009406],[-102.446634,28.00755],[-102.442993,27.99984],[-102.433737,27.998651],[-102.415749,27.98899],[-102.397736,27.961008],[-102.388004,27.965291],[-102.386933,27.96867],[-102.367541,27.9735],[-102.359812,27.978528],[-102.364104,27.986012],[-102.362343,27.989486],[-102.370005,27.996386],[-102.366864,28.00193],[-102.375026,28.014208],[-102.383996,28.015113],[-102.38916,28.024535],[-102.381926,28.031126],[-102.380094,28.037884],[-102.383449,28.048235],[-102.377524,28.055206],[-102.379451,28.059228],[-102.386851,28.057634],[-102.387732,28.060798],[-102.373836,28.066818],[-102.367292,28.073124],[-102.395751,28.104628],[-102.408005,28.125948],[-102.402794,28.135751],[-102.425137,28.162877],[-102.425042,28.169968],[-102.44215,28.201948],[-102.443269,28.214726],[-102.448789,28.216962],[-102.448813,28.229883],[-102.461019,28.229597],[-102.46397,28.242994],[-102.490263,28.280018],[-102.489263,28.288727],[-102.495736,28.288703],[-102.507657,28.320802],[-102.505539,28.331153],[-102.509608,28.332652],[-102.514724,28.344216],[-102.523409,28.351164],[-102.518507,28.357755],[-102.529072,28.364394],[-102.533379,28.372222],[-102.540327,28.372127],[-102.543158,28.377171],[-102.5522,28.375315],[-102.564978,28.39171],[-102.565597,28.39999],[-102.576019,28.41165],[-102.576542,28.418336],[-102.572925,28.421191],[-102.533997,28.428663],[-102.527597,28.436325],[-102.537686,28.459025],[-102.550106,28.471803],[-102.554746,28.496906],[-102.561552,28.511397],[-102.565763,28.512777],[-102.559815,28.525007],[-102.564359,28.547208],[-102.542849,28.549777],[-102.53721,28.543686],[-102.525574,28.559271],[-102.532617,28.564292],[-102.529595,28.590847],[-102.535354,28.603648],[-102.541136,28.609002],[-102.547441,28.608146],[-102.551582,28.616474],[-102.556031,28.617949],[-102.556055,28.621875],[-102.547727,28.63006],[-102.527977,28.640173],[-102.523195,28.635367],[-102.513915,28.637104],[-102.498567,28.650405],[-102.498829,28.653974],[-102.486622,28.651975],[-102.476938,28.657044],[-102.479469,28.66283],[-102.484419,28.664139],[-102.488963,28.671825],[-102.487155,28.676393],[-102.495517,28.686997],[-102.4912,28.689028],[-102.493698,28.697737],[-102.499623,28.697261],[-102.501979,28.703638],[-102.511473,28.710919],[-102.51133,28.718034],[-102.506922,28.721302],[-102.511878,28.728099],[-102.51064,28.733048],[-102.520753,28.734167],[-102.526345,28.747039],[-102.525964,28.757652],[-102.515923,28.763172],[-102.513091,28.768478],[-102.513995,28.778068],[-102.510188,28.791131],[-102.506595,28.794058],[-102.506024,28.817995],[-102.50136,28.830249],[-102.504263,28.835008],[-102.502455,28.849309],[-102.504882,28.858351],[-102.516946,28.881741],[-102.523799,28.888903],[-102.519611,28.903822],[-102.517517,28.907629],[-102.511735,28.908748],[-102.506401,28.926043],[-102.499409,28.928473],[-102.491819,28.939728],[-102.485442,28.939752],[-102.481992,28.946771],[-102.47709,28.948009],[-102.482896,28.957146],[-102.487425,28.975043],[-102.484441,28.979988],[-102.475614,28.984295],[-102.473496,28.989363],[-102.46819,28.989506],[-102.464573,28.993765],[-102.456483,28.989554],[-102.432964,28.990334],[-102.427015,28.996972],[-102.421828,28.99583],[-102.410059,29.000095],[-102.410535,28.988507],[-102.39959,28.978537],[-102.384314,28.976133],[-102.374415,28.964379],[-102.355927,28.966973],[-102.346552,28.957716],[-102.334773,28.962095],[-102.322662,28.960215],[-102.308076,28.96633],[-102.287351,28.964902],[-102.27424,28.958406],[-102.273074,28.9536],[-102.253705,28.935254],[-102.245544,28.934897],[-102.24295,28.93002],[-102.232718,28.924618],[-102.220345,28.923],[-102.218037,28.916742],[-102.213968,28.916671],[-102.213421,28.91165],[-102.201833,28.91165],[-102.197217,28.920359],[-102.197812,28.931852],[-102.190982,28.943868],[-102.180656,28.952482],[-102.175659,28.965069],[-102.168116,28.973778],[-102.164713,28.987531],[-102.139895,29.009303],[-102.1408,29.012587],[-102.132824,29.02261],[-102.125971,29.012402]]]}},{"type":"Feature","id":"basin-RH24E","properties":{"id":"basin-RH24E","sourceId":"RH24E","name":"R. BRAVO - NUEVO LAREDO","nameJa":"R. BRAVO - NUEVO LAREDO","sourceName":"R. BRAVO - NUEVO LAREDO","basinType":"EXORREICA","sourceArea":"9539.98 km²","sourcePerimeter":"827.16 km","unit":"domestic basin boundary","observedPeriod":null},"geometry":{"type":"Polygon","coordinates":[[[-100.499522,28.662171],[-100.479397,28.655832],[-100.473909,28.647202],[-100.46374,28.642541],[-100.446185,28.641921],[-100.444163,28.60833],[-100.433524,28.606701],[-100.430009,28.596672],[-100.397494,28.5849],[-100.397011,28.574568],[-100.410684,28.549969],[-100.404158,28.535511],[-100.393938,28.527938],[-100.388167,28.515457],[-100.333334,28.499282],[-100.334708,28.493578],[-100.343504,28.485951],[-100.364288,28.481202],[-100.36789,28.476546],[-100.337304,28.443774],[-100.337245,28.422095],[-100.349233,28.402932],[-100.344103,28.390358],[-100.319443,28.361649],[-100.313695,28.346372],[-100.285954,28.312578],[-100.292256,28.285643],[-100.289921,28.276856],[-100.284105,28.274055],[-100.256881,28.241192],[-100.245741,28.234985],[-100.226711,28.236529],[-100.219348,28.23257],[-100.210954,28.19404],[-100.20808,28.191353],[-100.187996,28.188032],[-100.158945,28.168442],[-100.140051,28.168501],[-100.118025,28.156226],[-100.084635,28.145679],[-100.074593,28.125],[-100.055488,28.103675],[-100.056573,28.093918],[-100.052799,28.085218],[-100.017257,28.065187],[-100.006782,28.021052],[-99.989707,27.993573],[-99.9616,27.983832],[-99.93088,27.980769],[-99.932657,27.963977],[-99.938363,27.952362],[-99.936604,27.940589],[-99.925877,27.935489],[-99.925281,27.926911],[-99.917726,27.9187],[-99.90029,27.912748],[-99.896197,27.90714],[-99.892902,27.895456],[-99.902667,27.880905],[-99.903429,27.873588],[-99.900382,27.863805],[-99.881496,27.85072],[-99.87671,27.842271],[-99.877524,27.825819],[-99.873448,27.813969],[-99.876524,27.798135],[-99.86872,27.794618],[-99.850782,27.794431],[-99.842209,27.76803],[-99.83657,27.763853],[-99.822818,27.767583],[-99.819135,27.776699],[-99.812838,27.774479],[-99.799629,27.739852],[-99.788438,27.731088],[-99.774559,27.733921],[-99.768426,27.730662],[-99.732194,27.686076],[-99.722012,27.671825],[-99.721337,27.666385],[-99.710663,27.658071],[-99.699367,27.655916],[-99.696835,27.663802],[-99.690223,27.669399],[-99.686874,27.661912],[-99.666676,27.659464],[-99.657699,27.648665],[-99.66556,27.635935],[-99.63911,27.627122],[-99.623681,27.633348],[-99.627592,27.638459],[-99.625488,27.644104],[-99.620211,27.644099],[-99.615495,27.637747],[-99.609993,27.641472],[-99.594922,27.642043],[-99.591187,27.627958],[-99.576815,27.618287],[-99.575697,27.611891],[-99.583077,27.603247],[-99.561301,27.607696],[-99.554352,27.614503],[-99.538979,27.603372],[-99.528435,27.579011],[-99.512103,27.568289],[-99.512878,27.558152],[-99.518655,27.552866],[-99.521442,27.544524],[-99.527741,27.498198],[-99.496537,27.500078],[-99.48188,27.49041],[-99.478232,27.479372],[-99.494911,27.446341],[-99.487307,27.409636],[-99.492429,27.391946],[-99.491936,27.380131],[-99.502906,27.36517],[-99.506911,27.352472],[-99.503924,27.339227],[-99.51917,27.325171],[-99.53097,27.32376],[-99.537571,27.316398],[-99.52662,27.305625],[-99.499466,27.306397],[-99.490012,27.300578],[-99.487179,27.289308],[-99.495805,27.271203],[-99.488465,27.261725],[-99.481349,27.260354],[-99.462068,27.268733],[-99.452243,27.264187],[-99.441798,27.251563],[-99.441047,27.235648],[-99.444693,27.223577],[-99.432526,27.210387],[-99.425832,27.176099],[-99.430036,27.158505],[-99.439702,27.151295],[-99.438127,27.14496],[-99.430819,27.137134],[-99.430445,27.125208],[-99.442137,27.106444],[-99.428209,27.091859],[-99.435028,27.078915],[-99.452383,27.06352],[-99.443763,27.038237],[-99.445077,27.021429],[-99.431705,27.010922],[-99.4094,27.011459],[-99.400465,26.995552],[-99.402152,27.000934],[-99.396779,26.996179],[-99.39138,27.005824],[-99.391525,26.999358],[-99.395642,26.997108],[-99.392447,26.997146],[-99.394303,26.995187],[-99.387757,26.987661],[-99.384875,26.98891],[-99.385098,26.99973],[-99.383646,27.002106],[-99.380937,27.000162],[-99.379084,27.006959],[-99.377297,27.00436],[-99.368598,27.005589],[-99.366665,27.008848],[-99.367309,27.006387],[-99.364747,27.006927],[-99.36743,27.003954],[-99.365248,27.001324],[-99.365217,27.000532],[-99.368462,27.003596],[-99.376991,27.002995],[-99.377363,26.998494],[-99.382175,26.995359],[-99.379835,26.993575],[-99.377991,26.996056],[-99.376329,26.989881],[-99.37988,26.990757],[-99.382991,26.985431],[-99.37726,26.984344],[-99.374027,26.976682],[-99.378403,26.97118],[-99.374509,26.970033],[-99.372458,26.970898],[-99.372827,26.972797],[-99.371513,26.973705],[-99.372231,26.971465],[-99.369817,26.971345],[-99.370087,26.970668],[-99.368784,26.970712],[-99.368293,26.969937],[-99.37425,26.969307],[-99.373217,26.966126],[-99.373751,26.96535],[-99.378588,26.969991],[-99.37827,26.965599],[-99.379829,26.968555],[-99.382618,26.967697],[-99.38144,26.965242],[-99.384424,26.966823],[-99.383634,26.963575],[-99.388203,26.964915],[-99.385938,26.946327],[-99.382453,26.940459],[-99.378052,26.937183],[-99.38104,26.942231],[-99.377306,26.942648],[-99.376497,26.940028],[-99.374297,26.942129],[-99.3747,26.938304],[-99.36666,26.934086],[-99.36437,26.936084],[-99.365683,26.934532],[-99.363963,26.932617],[-99.358404,26.941893],[-99.36015,26.932343],[-99.357116,26.931458],[-99.356958,26.936268],[-99.351211,26.936105],[-99.354904,26.942004],[-99.35275,26.947431],[-99.349286,26.94773],[-99.349824,26.940431],[-99.345932,26.942386],[-99.34528,26.938814],[-99.342977,26.93947],[-99.342074,26.938793],[-99.34488,26.937681],[-99.349096,26.930051],[-99.346045,26.929986],[-99.343516,26.935865],[-99.339984,26.930087],[-99.334544,26.932994],[-99.329428,26.927749],[-99.322951,26.933771],[-99.324991,26.941454],[-99.321988,26.942632],[-99.325587,26.945598],[-99.321724,26.944476],[-99.320538,26.937954],[-99.316227,26.93987],[-99.318346,26.931416],[-99.308969,26.934916],[-99.315773,26.928603],[-99.317584,26.922246],[-99.321575,26.921525],[-99.317718,26.912466],[-99.309221,26.921938],[-99.311131,26.914569],[-99.300521,26.919582],[-99.302817,26.918239],[-99.29887,26.916968],[-99.30698,26.914128],[-99.301872,26.912306],[-99.313531,26.908734],[-99.309285,26.884757],[-99.31953,26.876507],[-99.341381,26.868634],[-99.345949,26.864028],[-99.357387,26.865387],[-99.364646,26.852747],[-99.385385,26.853255],[-99.402539,26.845137],[-99.412589,26.854641],[-99.408307,26.865739],[-99.420476,26.865171],[-99.422748,26.877865],[-99.431575,26.885861],[-99.445593,26.884736],[-99.45099,26.890693],[-99.474842,26.892754],[-99.480136,26.901826],[-99.490309,26.903581],[-99.491022,26.914437],[-99.517902,26.929776],[-99.529473,26.928286],[-99.544189,26.916065],[-99.554059,26.942883],[-99.572107,26.94957],[-99.579579,26.960277],[-99.592834,26.959904],[-99.609885,26.971914],[-99.614739,26.979444],[-99.631541,26.976333],[-99.633159,26.983552],[-99.650833,26.992886],[-99.665021,26.982556],[-99.665893,26.977329],[-99.674045,26.974404],[-99.679848,26.965723],[-99.689864,26.974959],[-99.68826,26.98286],[-99.693547,26.983335],[-99.699268,26.992956],[-99.719199,27.002378],[-99.731859,26.997146],[-99.733243,26.990077],[-99.754557,27.004994],[-99.760471,27.002183],[-99.771886,27.005188],[-99.773124,27.013838],[-99.78448,27.019023],[-99.801766,27.015046],[-99.820951,27.018277],[-99.834078,27.039593],[-99.850146,27.052213],[-99.856283,27.062971],[-99.87173,27.063591],[-99.88504,27.071039],[-99.889358,27.099262],[-99.893438,27.105755],[-99.885237,27.143828],[-99.893222,27.147426],[-99.896504,27.156562],[-99.891292,27.164475],[-99.891164,27.173161],[-99.898309,27.192232],[-99.904403,27.19775],[-99.903579,27.205285],[-99.909797,27.213891],[-99.923175,27.215547],[-99.927569,27.219843],[-99.925128,27.235075],[-99.931474,27.254504],[-99.926961,27.265821],[-99.928145,27.27106],[-99.919782,27.281715],[-99.923197,27.287846],[-99.935022,27.293689],[-99.935834,27.305261],[-99.945513,27.321528],[-99.947176,27.330883],[-99.943951,27.354109],[-99.936009,27.362661],[-99.922976,27.35757],[-99.914526,27.362865],[-99.886133,27.349708],[-99.880642,27.361123],[-99.871509,27.368561],[-99.870191,27.378823],[-99.864824,27.38758],[-99.875652,27.398878],[-99.87471,27.409988],[-99.889105,27.431501],[-99.886868,27.448134],[-99.892701,27.454501],[-99.909934,27.461592],[-99.926181,27.45486],[-99.937423,27.45944],[-99.953432,27.471745],[-99.961886,27.493586],[-99.983642,27.512766],[-99.982559,27.533174],[-99.986532,27.543469],[-99.978766,27.546539],[-99.977863,27.550512],[-99.984545,27.561168],[-99.989964,27.560987],[-99.997549,27.56785],[-99.994479,27.575616],[-99.99791,27.595482],[-100.015135,27.614915],[-100.027863,27.619433],[-100.04439,27.619511],[-100.050216,27.632049],[-100.05489,27.631056],[-100.062718,27.638936],[-100.07901,27.625151],[-100.083396,27.627031],[-100.084562,27.637299],[-100.091005,27.645529],[-100.109448,27.644122],[-100.121795,27.632088],[-100.123514,27.622866],[-100.141019,27.59647],[-100.150713,27.592658],[-100.176092,27.610957],[-100.191404,27.619284],[-100.211928,27.625226],[-100.216521,27.631056],[-100.227414,27.630727],[-100.239159,27.624573],[-100.24814,27.627766],[-100.273987,27.666576],[-100.282469,27.691463],[-100.293512,27.748199],[-100.292792,27.762362],[-100.316078,27.829261],[-100.317278,27.861829],[-100.323239,27.884562],[-100.325016,27.91683],[-100.330813,27.927169],[-100.336782,27.968181],[-100.372485,27.964769],[-100.389555,27.968733],[-100.418562,27.961357],[-100.452752,27.95717],[-100.508058,27.961253],[-100.527181,27.957942],[-100.543564,27.942272],[-100.551809,27.93986],[-100.55951,27.941805],[-100.564489,27.947639],[-100.586939,27.943279],[-100.61247,27.948872],[-100.620896,27.944701],[-100.653892,27.943733],[-100.656791,27.937699],[-100.664883,27.941588],[-100.671945,27.937564],[-100.682467,27.942293],[-100.693582,27.932016],[-100.702623,27.934055],[-100.703758,27.929531],[-100.713475,27.926917],[-100.719546,27.922514],[-100.720131,27.915704],[-100.727213,27.916483],[-100.738466,27.908445],[-100.741614,27.910521],[-100.752711,27.908534],[-100.755211,27.909829],[-100.753447,27.914875],[-100.75597,27.922555],[-100.750009,27.930482],[-100.755836,27.936354],[-100.753648,27.940596],[-100.757901,27.948811],[-100.77266,27.952705],[-100.776542,27.957683],[-100.773691,27.963275],[-100.778185,27.965999],[-100.783165,27.96356],[-100.787331,27.971762],[-100.795599,27.970643],[-100.802265,27.975578],[-100.809195,27.975358],[-100.812199,27.971565],[-100.819454,27.983698],[-100.832275,27.991604],[-100.827573,28.004522],[-100.832165,28.011147],[-100.831148,28.016861],[-100.822071,28.022911],[-100.821609,28.029389],[-100.812449,28.036465],[-100.812477,28.048061],[-100.804307,28.055221],[-100.805387,28.060292],[-100.822943,28.061707],[-100.832279,28.055226],[-100.837568,28.068263],[-100.827487,28.070348],[-100.828238,28.079332],[-100.842841,28.090932],[-100.848068,28.091156],[-100.849748,28.099705],[-100.869366,28.102279],[-100.875639,28.105986],[-100.883637,28.105548],[-100.889657,28.100072],[-100.8954,28.104526],[-100.901098,28.112164],[-100.898858,28.116075],[-100.901097,28.120514],[-100.906855,28.124131],[-100.905428,28.13134],[-100.913509,28.137109],[-100.903488,28.155335],[-100.916908,28.154807],[-100.923882,28.165825],[-100.927867,28.166879],[-100.942107,28.15551],[-100.953359,28.159847],[-100.972634,28.154828],[-100.977269,28.170609],[-100.986696,28.176338],[-100.986487,28.190972],[-100.995653,28.19842],[-100.996435,28.204149],[-101.003882,28.211961],[-101.003726,28.21743],[-101.010419,28.216867],[-101.010281,28.219945],[-101.005744,28.233863],[-100.991732,28.240821],[-100.998052,28.267348],[-100.9954,28.285053],[-100.974531,28.306777],[-100.960419,28.314218],[-100.963927,28.331444],[-100.961537,28.345436],[-100.937282,28.387535],[-100.928706,28.396161],[-100.9098,28.405979],[-100.902926,28.414728],[-100.8762,28.422904],[-100.850654,28.443813],[-100.752649,28.467877],[-100.728478,28.476135],[-100.720618,28.481816],[-100.680329,28.486326],[-100.650412,28.510379],[-100.63571,28.541159],[-100.623593,28.553457],[-100.610939,28.558612],[-100.602034,28.568923],[-100.599358,28.582053],[-100.569553,28.585836],[-100.540494,28.595212],[-100.514887,28.622597],[-100.5128,28.651681],[-100.499522,28.662171]]]}},{"type":"Feature","id":"basin-RH24F","properties":{"id":"basin-RH24F","sourceId":"RH24F","name":"R. BRAVO - PIEDRAS NEGRAS","nameJa":"R. BRAVO - PIEDRAS NEGRAS","sourceName":"R. BRAVO - PIEDRAS NEGRAS","basinType":"EXORREICA","sourceArea":"9673.41 km²","sourcePerimeter":"498.33 km","unit":"domestic basin boundary","observedPeriod":null},"geometry":{"type":"Polygon","coordinates":[[[-101.082546,29.447928],[-101.054735,29.450076],[-101.056847,29.440902],[-101.042856,29.429749],[-101.037301,29.407592],[-101.017794,29.389404],[-101.009688,29.368529],[-100.980674,29.359362],[-100.963637,29.347725],[-100.950085,29.34833],[-100.942398,29.342108],[-100.939201,29.332929],[-100.927398,29.326953],[-100.919038,29.326494],[-100.916559,29.319449],[-100.90805,29.317237],[-100.905905,29.313331],[-100.902015,29.311329],[-100.885946,29.308046],[-100.87729,29.280754],[-100.865683,29.278393],[-100.863502,29.282129],[-100.861004,29.281271],[-100.835637,29.262132],[-100.813665,29.263956],[-100.816176,29.25392],[-100.807243,29.253116],[-100.796887,29.247024],[-100.793841,29.241684],[-100.795284,29.228888],[-100.791998,29.22608],[-100.78475,29.228119],[-100.772961,29.210737],[-100.776117,29.200969],[-100.768539,29.199141],[-100.76497,29.190362],[-100.766753,29.182971],[-100.775261,29.173738],[-100.772502,29.168426],[-100.763728,29.165485],[-100.759859,29.157514],[-100.738948,29.150631],[-100.736025,29.146881],[-100.737498,29.139706],[-100.727515,29.131214],[-100.721993,29.130042],[-100.713096,29.121635],[-100.684189,29.111495],[-100.67455,29.101022],[-100.662938,29.073712],[-100.661955,29.042524],[-100.645505,28.98818],[-100.648359,28.977913],[-100.64609,28.966856],[-100.650205,28.962168],[-100.646709,28.956023],[-100.650948,28.945777],[-100.638949,28.928376],[-100.629324,28.922481],[-100.630965,28.916586],[-100.640631,28.914669],[-100.631922,28.903648],[-100.62709,28.903872],[-100.622313,28.910245],[-100.616704,28.907651],[-100.614171,28.901758],[-100.600531,28.90156],[-100.603331,28.887859],[-100.59175,28.889721],[-100.58893,28.886682],[-100.598609,28.87715],[-100.589599,28.872024],[-100.589165,28.861455],[-100.572338,28.848342],[-100.57635,28.836084],[-100.57435,28.82884],[-100.570602,28.826195],[-100.561207,28.829562],[-100.548177,28.826746],[-100.548776,28.827732],[-100.551391,28.828542],[-100.552258,28.828992],[-100.552231,28.829446],[-100.548717,28.827922],[-100.546191,28.825524],[-100.545305,28.812624],[-100.535626,28.80622],[-100.532896,28.800185],[-100.53241,28.788295],[-100.537567,28.780844],[-100.529123,28.76967],[-100.532915,28.759082],[-100.527472,28.756185],[-100.521292,28.758358],[-100.514284,28.751903],[-100.51457,28.74409],[-100.507058,28.74208],[-100.506071,28.717836],[-100.511699,28.706132],[-100.507405,28.683109],[-100.499522,28.662171],[-100.514315,28.648745],[-100.514887,28.622597],[-100.537704,28.597703],[-100.569553,28.585836],[-100.599358,28.582053],[-100.602034,28.568923],[-100.610939,28.558612],[-100.623593,28.553457],[-100.63571,28.541159],[-100.650412,28.510379],[-100.680329,28.486326],[-100.720618,28.481816],[-100.728478,28.476135],[-100.752649,28.467877],[-100.850654,28.443813],[-100.8762,28.422904],[-100.902926,28.414728],[-100.9098,28.405979],[-100.928706,28.396161],[-100.941554,28.381868],[-100.961537,28.345436],[-100.963927,28.331444],[-100.960419,28.314218],[-100.974531,28.306777],[-100.9954,28.285053],[-100.998052,28.267348],[-100.991732,28.240821],[-101.004524,28.235083],[-101.010419,28.216867],[-101.025329,28.208954],[-101.060817,28.227981],[-101.06941,28.224633],[-101.073372,28.229488],[-101.080012,28.22653],[-101.100105,28.232375],[-101.105344,28.230771],[-101.105121,28.235681],[-101.110382,28.239168],[-101.107159,28.245358],[-101.110166,28.24702],[-101.151657,28.252254],[-101.170462,28.250245],[-101.178664,28.253537],[-101.197691,28.269328],[-101.191556,28.277451],[-101.190481,28.286333],[-101.198822,28.287706],[-101.202634,28.296508],[-101.217687,28.306179],[-101.233114,28.333691],[-101.239957,28.337354],[-101.257337,28.336847],[-101.26031,28.342132],[-101.274293,28.349216],[-101.287907,28.345772],[-101.299489,28.349413],[-101.314459,28.37116],[-101.32336,28.373436],[-101.326748,28.383905],[-101.363263,28.410204],[-101.36827,28.421734],[-101.379295,28.425123],[-101.382178,28.429068],[-101.394164,28.430029],[-101.400211,28.435662],[-101.405992,28.458723],[-101.410049,28.462812],[-101.408196,28.47364],[-101.41049,28.4769],[-101.406311,28.483191],[-101.411422,28.489834],[-101.41155,28.504687],[-101.41813,28.509287],[-101.407781,28.514749],[-101.409122,28.529601],[-101.411612,28.53248],[-101.435195,28.532087],[-101.436225,28.537288],[-101.442113,28.538531],[-101.450638,28.550764],[-101.459731,28.551247],[-101.456271,28.557443],[-101.46422,28.564064],[-101.467843,28.579331],[-101.479791,28.587126],[-101.488344,28.586219],[-101.49871,28.598036],[-101.501017,28.615422],[-101.505615,28.617449],[-101.504439,28.62301],[-101.508102,28.628538],[-101.525942,28.634665],[-101.529113,28.643927],[-101.537042,28.645909],[-101.538087,28.650054],[-101.549476,28.651135],[-101.551458,28.658631],[-101.547471,28.666813],[-101.550866,28.670591],[-101.548748,28.677228],[-101.551862,28.6892],[-101.549284,28.691063],[-101.550356,28.696909],[-101.544652,28.700168],[-101.543965,28.703421],[-101.547771,28.705282],[-101.543068,28.71072],[-101.545948,28.71527],[-101.551992,28.714889],[-101.553396,28.718529],[-101.550207,28.719196],[-101.551635,28.724169],[-101.548328,28.727714],[-101.553661,28.731344],[-101.551112,28.737351],[-101.560748,28.740849],[-101.558964,28.752698],[-101.568053,28.751985],[-101.567911,28.756767],[-101.580807,28.766261],[-101.579189,28.770068],[-101.584686,28.770473],[-101.583353,28.773233],[-101.587684,28.780134],[-101.583782,28.781228],[-101.586042,28.789295],[-101.592586,28.795386],[-101.596274,28.792864],[-101.608385,28.79541],[-101.61569,28.793625],[-101.61293,28.799169],[-101.615881,28.803191],[-101.621829,28.803024],[-101.620877,28.811209],[-101.627849,28.815135],[-101.626422,28.818681],[-101.629253,28.825248],[-101.63218,28.825224],[-101.631537,28.832101],[-101.636058,28.834671],[-101.633155,28.840596],[-101.636844,28.850042],[-101.641674,28.854373],[-101.653595,28.854492],[-101.656641,28.857109],[-101.663946,28.884211],[-101.675462,28.883545],[-101.675415,28.88828],[-101.685099,28.892325],[-101.684552,28.895252],[-101.693308,28.903033],[-101.696901,28.911028],[-101.701089,28.911813],[-101.698995,28.920165],[-101.701993,28.92302],[-101.697401,28.92697],[-101.70561,28.929373],[-101.71351,28.927446],[-101.725193,28.936631],[-101.733378,28.935584],[-101.734045,28.944364],[-101.738378,28.948626],[-101.752422,28.957188],[-101.757728,28.954737],[-101.763177,28.958664],[-101.768293,28.958235],[-101.775098,28.9683],[-101.793372,28.965231],[-101.811313,28.978437],[-101.815216,28.987003],[-101.818113,28.987505],[-101.817988,28.991692],[-101.810041,29.000139],[-101.803711,28.99952],[-101.794717,29.007825],[-101.762689,29.011418],[-101.761952,29.016438],[-101.752267,29.027931],[-101.753647,29.034617],[-101.747318,29.044992],[-101.733374,29.050393],[-101.729067,29.047942],[-101.721287,29.057079],[-101.722905,29.062386],[-101.720454,29.065098],[-101.706177,29.070714],[-101.696493,29.082873],[-101.674578,29.075235],[-101.668938,29.079113],[-101.658754,29.079018],[-101.65735,29.083444],[-101.646423,29.087492],[-101.646764,29.097101],[-101.636849,29.098075],[-101.624183,29.116279],[-101.605792,29.109618],[-101.597818,29.100575],[-101.587515,29.102193],[-101.580353,29.109902],[-101.579258,29.12682],[-101.563839,29.131436],[-101.551086,29.147307],[-101.534477,29.153637],[-101.534572,29.159728],[-101.525911,29.169365],[-101.493098,29.192255],[-101.493431,29.200702],[-101.498714,29.209102],[-101.497,29.22119],[-101.488886,29.235276],[-101.46928,29.243866],[-101.425569,29.248863],[-101.420191,29.261997],[-101.384928,29.272419],[-101.369271,29.280557],[-101.358159,29.291598],[-101.345286,29.291193],[-101.338892,29.297816],[-101.330748,29.296119],[-101.327583,29.299022],[-101.325893,29.295024],[-101.32123,29.296428],[-101.314781,29.291907],[-101.285847,29.294001],[-101.280208,29.306208],[-101.287798,29.311347],[-101.286656,29.315845],[-101.270975,29.322007],[-101.265074,29.33024],[-101.268144,29.335832],[-101.264765,29.341352],[-101.259625,29.341186],[-101.25163,29.34999],[-101.23714,29.351156],[-101.214773,29.374022],[-101.208943,29.373332],[-101.198378,29.378282],[-101.192239,29.387895],[-101.194785,29.400672],[-101.189431,29.412213],[-101.177939,29.418375],[-101.176868,29.423896],[-101.164899,29.436436],[-101.156428,29.437887],[-101.153573,29.43201],[-101.147957,29.435389],[-101.122813,29.437276],[-101.116103,29.433207],[-101.107156,29.432874],[-101.092951,29.437538],[-101.082546,29.447928]]]}},{"type":"Feature","id":"basin-RH24G","properties":{"id":"basin-RH24G","sourceId":"RH24G","name":"R.BRAVO - P. DE LA AMISTAD","nameJa":"R.BRAVO - P. DE LA AMISTAD","sourceName":"R.BRAVO - P. DE LA AMISTAD","basinType":"EXORREICA","sourceArea":"10584.97 km²","sourcePerimeter":"973.93 km","unit":"domestic basin boundary","observedPeriod":null},"geometry":{"type":"Polygon","coordinates":[[[-102.320487,29.879533],[-102.312256,29.877241],[-102.300661,29.877808],[-102.286981,29.871538],[-102.280913,29.862993],[-102.2651,29.867863],[-102.26149,29.864443],[-102.26395,29.855402],[-102.260688,29.853317],[-102.252955,29.853513],[-102.250226,29.863224],[-102.246251,29.864311],[-102.242955,29.858711],[-102.244088,29.84841],[-102.231049,29.848172],[-102.222805,29.84055],[-102.210221,29.844609],[-102.196351,29.837098],[-102.191874,29.846814],[-102.186432,29.848677],[-102.178516,29.840776],[-102.17971,29.826641],[-102.166269,29.8256],[-102.158872,29.814281],[-102.150563,29.81163],[-102.143161,29.803524],[-102.129486,29.798944],[-102.119627,29.80267],[-102.115462,29.792505],[-102.093978,29.791691],[-102.083684,29.795165],[-102.072829,29.786868],[-102.049464,29.785726],[-102.0473,29.789718],[-102.038706,29.792223],[-102.041201,29.800215],[-102.035553,29.804471],[-102.022076,29.802824],[-102.015316,29.797856],[-101.996645,29.806423],[-101.98682,29.797357],[-101.981869,29.806565],[-101.981803,29.815056],[-101.975114,29.816311],[-101.965257,29.811605],[-101.963079,29.800173],[-101.957309,29.795946],[-101.9462,29.801953],[-101.93536,29.799953],[-101.932155,29.791706],[-101.933775,29.786767],[-101.928801,29.782837],[-101.912306,29.798389],[-101.892216,29.798091],[-101.883933,29.793781],[-101.875402,29.794111],[-101.853861,29.807978],[-101.848783,29.806847],[-101.836978,29.793427],[-101.824006,29.787734],[-101.819235,29.79276],[-101.825829,29.807348],[-101.818628,29.812003],[-101.803316,29.80349],[-101.813734,29.792145],[-101.810287,29.783515],[-101.804244,29.780353],[-101.788646,29.779574],[-101.785331,29.788726],[-101.773814,29.789555],[-101.753481,29.777714],[-101.741957,29.779405],[-101.738894,29.773624],[-101.733879,29.771681],[-101.720054,29.776557],[-101.709646,29.762001],[-101.69024,29.771719],[-101.6812,29.761124],[-101.676424,29.761104],[-101.674157,29.767626],[-101.661917,29.771553],[-101.645341,29.754549],[-101.634879,29.759259],[-101.626968,29.771062],[-101.619366,29.770067],[-101.60412,29.774603],[-101.575346,29.76981],[-101.572896,29.773983],[-101.575006,29.788131],[-101.571663,29.795406],[-101.565361,29.800937],[-101.552867,29.805044],[-101.545214,29.812641],[-101.54101,29.810469],[-101.534545,29.797741],[-101.538693,29.764768],[-101.535588,29.759528],[-101.517489,29.765609],[-101.502757,29.765384],[-101.487069,29.774922],[-101.479278,29.784953],[-101.458524,29.789899],[-101.45245,29.784923],[-101.454872,29.77123],[-101.447472,29.751395],[-101.437271,29.75238],[-101.4074,29.77273],[-101.398566,29.76933],[-101.399332,29.758851],[-101.413883,29.751976],[-101.41457,29.746336],[-101.396574,29.735645],[-101.395309,29.713719],[-101.370381,29.698683],[-101.37125,29.678598],[-101.365762,29.670865],[-101.360363,29.650783],[-101.355938,29.652109],[-101.352109,29.662046],[-101.346211,29.663862],[-101.314885,29.660678],[-101.302465,29.652461],[-101.298702,29.641257],[-101.310483,29.61514],[-101.307349,29.615382],[-101.309608,29.612808],[-101.305877,29.610164],[-101.309979,29.609196],[-101.310193,29.606458],[-101.306512,29.605848],[-101.310677,29.602482],[-101.306405,29.601702],[-101.308695,29.60063],[-101.306833,29.599283],[-101.310753,29.598958],[-101.30962,29.593702],[-101.305795,29.593388],[-101.309079,29.592069],[-101.307166,29.586845],[-101.302851,29.590128],[-101.304134,29.586548],[-101.299227,29.585399],[-101.30587,29.584943],[-101.301404,29.582331],[-101.304902,29.58281],[-101.302637,29.579345],[-101.300782,29.581149],[-101.298599,29.579268],[-101.301172,29.577591],[-101.295045,29.575749],[-101.295259,29.578179],[-101.290271,29.578096],[-101.296435,29.581],[-101.295862,29.583617],[-101.291151,29.580868],[-101.292478,29.583139],[-101.292736,29.584574],[-101.29232,29.585679],[-101.289704,29.58106],[-101.285457,29.584644],[-101.29142,29.589825],[-101.284149,29.585931],[-101.281242,29.588404],[-101.290042,29.591018],[-101.280127,29.593298],[-101.281397,29.596685],[-101.283448,29.595052],[-101.287524,29.598721],[-101.279522,29.598015],[-101.283402,29.603058],[-101.280048,29.606225],[-101.284345,29.60672],[-101.280708,29.607951],[-101.281432,29.609337],[-101.288757,29.603108],[-101.292072,29.604659],[-101.28819,29.607474],[-101.290392,29.606633],[-101.292135,29.609069],[-101.286843,29.608832],[-101.290102,29.612066],[-101.283715,29.611317],[-101.290284,29.616651],[-101.282657,29.615776],[-101.271968,29.62927],[-101.266133,29.631838],[-101.252484,29.629505],[-101.246957,29.624243],[-101.246184,29.616479],[-101.241752,29.613969],[-101.245752,29.610558],[-101.244074,29.603779],[-101.248478,29.602292],[-101.246115,29.597064],[-101.243656,29.59943],[-101.243044,29.596263],[-101.239806,29.600723],[-101.230079,29.600749],[-101.240443,29.592651],[-101.235724,29.591554],[-101.245054,29.590593],[-101.240724,29.588582],[-101.243038,29.586871],[-101.236111,29.585758],[-101.233798,29.588321],[-101.231242,29.585622],[-101.234187,29.586875],[-101.23689,29.582415],[-101.233366,29.580305],[-101.238838,29.578999],[-101.233288,29.575328],[-101.234515,29.575911],[-101.234791,29.574943],[-101.236508,29.575668],[-101.237596,29.574722],[-101.239522,29.575716],[-101.240559,29.575237],[-101.233286,29.572551],[-101.236494,29.572292],[-101.2386,29.570702],[-101.230291,29.569088],[-101.237115,29.5683],[-101.234862,29.56642],[-101.238258,29.564896],[-101.229615,29.563629],[-101.231186,29.56106],[-101.238067,29.562003],[-101.232732,29.558442],[-101.237292,29.559628],[-101.237127,29.555785],[-101.240193,29.561826],[-101.244613,29.559966],[-101.244819,29.557272],[-101.240505,29.557416],[-101.243383,29.553478],[-101.241534,29.552242],[-101.247591,29.554493],[-101.250801,29.552072],[-101.24297,29.546803],[-101.251333,29.545034],[-101.251429,29.542334],[-101.245778,29.54088],[-101.249132,29.535655],[-101.243463,29.5401],[-101.241526,29.538319],[-101.246968,29.532637],[-101.235331,29.535639],[-101.232436,29.530817],[-101.232979,29.535887],[-101.232175,29.537581],[-101.231509,29.538043],[-101.230212,29.535014],[-101.225465,29.536274],[-101.229797,29.534557],[-101.227985,29.53127],[-101.22117,29.534241],[-101.215523,29.532164],[-101.214387,29.538603],[-101.216901,29.536106],[-101.217801,29.539427],[-101.215601,29.542402],[-101.218582,29.543353],[-101.220318,29.54178],[-101.220928,29.542599],[-101.218897,29.543776],[-101.215162,29.544344],[-101.216439,29.545767],[-101.215584,29.547373],[-101.213243,29.539604],[-101.208767,29.546341],[-101.209598,29.548755],[-101.211321,29.549722],[-101.211296,29.550146],[-101.207956,29.547655],[-101.204656,29.552451],[-101.209335,29.554836],[-101.208852,29.55824],[-101.214858,29.556617],[-101.213336,29.558668],[-101.220004,29.561207],[-101.221382,29.56483],[-101.21788,29.566107],[-101.220813,29.571626],[-101.216518,29.57535],[-101.214591,29.570737],[-101.210849,29.570551],[-101.206309,29.57648],[-101.204529,29.577173],[-101.210635,29.569748],[-101.218347,29.570632],[-101.213091,29.559834],[-101.207362,29.562386],[-101.208652,29.565498],[-101.204872,29.563047],[-101.206156,29.568023],[-101.203106,29.5735],[-101.198684,29.571829],[-101.199432,29.567386],[-101.196809,29.56809],[-101.196683,29.570114],[-101.195784,29.571026],[-101.19496,29.571142],[-101.196457,29.567941],[-101.198689,29.566561],[-101.200879,29.567864],[-101.200948,29.570152],[-101.202319,29.567979],[-101.202406,29.562948],[-101.198588,29.563927],[-101.19638,29.560733],[-101.207009,29.560231],[-101.202492,29.552577],[-101.204856,29.548668],[-101.19897,29.548168],[-101.198315,29.546155],[-101.206271,29.546649],[-101.208728,29.542079],[-101.20593,29.542404],[-101.20576,29.541426],[-101.204043,29.542069],[-101.203817,29.541783],[-101.203113,29.541877],[-101.202824,29.541624],[-101.209552,29.54104],[-101.211475,29.535656],[-101.209802,29.534969],[-101.208639,29.53685],[-101.207595,29.536999],[-101.2106,29.533331],[-101.205708,29.533738],[-101.210581,29.531346],[-101.204538,29.530461],[-101.202451,29.533508],[-101.199288,29.529725],[-101.194805,29.531023],[-101.195598,29.53667],[-101.192586,29.538018],[-101.193013,29.531249],[-101.18853,29.530721],[-101.18826,29.533872],[-101.185518,29.535527],[-101.187027,29.530584],[-101.183336,29.528819],[-101.183625,29.533113],[-101.181532,29.529962],[-101.179349,29.53699],[-101.175998,29.537957],[-101.177236,29.543066],[-101.173444,29.543076],[-101.17303,29.539662],[-101.172023,29.541515],[-101.168564,29.542878],[-101.171816,29.541207],[-101.170351,29.539205],[-101.175539,29.53937],[-101.17547,29.534592],[-101.180444,29.527719],[-101.177237,29.525948],[-101.177659,29.527768],[-101.170245,29.531182],[-101.174169,29.525326],[-101.168662,29.525067],[-101.164763,29.527668],[-101.166812,29.530153],[-101.165398,29.529642],[-101.163618,29.531533],[-101.161222,29.53178],[-101.165166,29.524863],[-101.159381,29.528508],[-101.155407,29.527583],[-101.172441,29.521977],[-101.161501,29.522168],[-101.172234,29.519349],[-101.172825,29.516495],[-101.170254,29.516198],[-101.172806,29.514499],[-101.171292,29.512519],[-101.165904,29.514515],[-101.16667,29.517022],[-101.161389,29.517362],[-101.165571,29.513393],[-101.162359,29.511963],[-101.155813,29.51547],[-101.153896,29.515552],[-101.160448,29.510884],[-101.171411,29.510353],[-101.168923,29.504056],[-101.160179,29.505364],[-101.166654,29.502428],[-101.157514,29.5023],[-101.154228,29.494854],[-101.151235,29.497372],[-101.147414,29.495441],[-101.14635,29.502319],[-101.138017,29.494966],[-101.139003,29.498194],[-101.132433,29.499792],[-101.136507,29.50049],[-101.13902,29.503625],[-101.137116,29.503564],[-101.138056,29.507892],[-101.136025,29.5092],[-101.135677,29.501232],[-101.131824,29.501247],[-101.132011,29.504882],[-101.127053,29.498657],[-101.124839,29.502571],[-101.125721,29.498151],[-101.122251,29.497538],[-101.129369,29.493577],[-101.124172,29.494567],[-101.121027,29.491566],[-101.117837,29.495494],[-101.120582,29.500115],[-101.113916,29.498361],[-101.1156,29.505677],[-101.121567,29.508671],[-101.119595,29.511839],[-101.115784,29.508569],[-101.113372,29.512716],[-101.112839,29.502626],[-101.108228,29.509831],[-101.106561,29.508149],[-101.104796,29.511746],[-101.105398,29.508633],[-101.104154,29.509261],[-101.102953,29.5092],[-101.103511,29.504411],[-101.11095,29.499742],[-101.108821,29.500642],[-101.110245,29.49745],[-101.10749,29.495295],[-101.103088,29.500704],[-101.101435,29.500419],[-101.100741,29.499741],[-101.107213,29.493552],[-101.103693,29.492789],[-101.107533,29.492419],[-101.10716,29.488064],[-101.101763,29.492146],[-101.104626,29.487152],[-101.094305,29.484373],[-101.092848,29.488124],[-101.095722,29.49239],[-101.089731,29.489747],[-101.094862,29.494887],[-101.091266,29.493579],[-101.090626,29.496043],[-101.088701,29.491391],[-101.087779,29.497589],[-101.084007,29.497678],[-101.084846,29.501066],[-101.084217,29.500357],[-101.084173,29.501649],[-101.082923,29.502892],[-101.08198,29.502837],[-101.08309,29.497123],[-101.085635,29.495934],[-101.079092,29.497778],[-101.085998,29.492343],[-101.081856,29.49197],[-101.086268,29.489902],[-101.083552,29.488275],[-101.088127,29.486101],[-101.082495,29.484371],[-101.082138,29.487005],[-101.078499,29.488991],[-101.080785,29.483326],[-101.077505,29.485114],[-101.079364,29.481072],[-101.075412,29.483014],[-101.076857,29.480209],[-101.072319,29.478153],[-101.070276,29.481386],[-101.072282,29.482953],[-101.072495,29.483877],[-101.066581,29.484758],[-101.070114,29.487413],[-101.069241,29.489498],[-101.065645,29.486452],[-101.067072,29.48836],[-101.067141,29.490994],[-101.064363,29.4861],[-101.070058,29.475271],[-101.06277,29.471757],[-101.06084,29.473718],[-101.058515,29.469901],[-101.059959,29.472982],[-101.056281,29.474167],[-101.058758,29.47578],[-101.057357,29.476388],[-101.055312,29.475174],[-101.054869,29.475741],[-101.059445,29.478683],[-101.054932,29.478834],[-101.057257,29.482128],[-101.062452,29.481551],[-101.059688,29.483534],[-101.060871,29.486971],[-101.057958,29.483181],[-101.054871,29.486044],[-101.054976,29.48357],[-101.054544,29.487736],[-101.050284,29.488677],[-101.055185,29.482169],[-101.049856,29.480248],[-101.050366,29.484039],[-101.044267,29.484322],[-101.045304,29.489268],[-101.042741,29.486899],[-101.040315,29.486783],[-101.042816,29.488603],[-101.03992,29.488187],[-101.042243,29.490371],[-101.040466,29.49177],[-101.037228,29.487624],[-101.035826,29.491281],[-101.034053,29.488746],[-101.02909,29.489634],[-101.02741,29.49279],[-101.030984,29.4915],[-101.033154,29.492766],[-101.028307,29.493805],[-101.030548,29.496018],[-101.036356,29.496091],[-101.032325,29.497714],[-101.033928,29.500008],[-101.023831,29.500009],[-101.02819,29.498309],[-101.021653,29.495774],[-101.014743,29.498369],[-101.020881,29.491193],[-101.017452,29.488828],[-101.016926,29.491434],[-101.008781,29.491016],[-101.013796,29.488026],[-101.011565,29.486815],[-101.00271,29.489592],[-101.006562,29.491437],[-101.002828,29.493524],[-101.004868,29.49657],[-101.004684,29.498738],[-101.003186,29.499654],[-100.999997,29.495885],[-100.999991,29.481918],[-101.015799,29.482961],[-101.011057,29.478846],[-101.015997,29.480991],[-101.018668,29.475781],[-101.017854,29.483101],[-101.02083,29.480828],[-101.023634,29.482833],[-101.021991,29.478031],[-101.025201,29.475032],[-101.027359,29.477796],[-101.025372,29.481589],[-101.031683,29.482611],[-101.032038,29.481794],[-101.031084,29.479986],[-101.031262,29.479613],[-101.034463,29.483444],[-101.033955,29.479716],[-101.039338,29.478172],[-101.034898,29.474785],[-101.038218,29.473732],[-101.04218,29.477966],[-101.04412,29.473407],[-101.041603,29.471822],[-101.045792,29.473002],[-101.043354,29.469675],[-101.047478,29.469656],[-101.045324,29.467659],[-101.048865,29.465304],[-101.044051,29.463432],[-101.039853,29.468524],[-101.038408,29.46672],[-101.034857,29.46943],[-101.035762,29.465279],[-101.029333,29.468143],[-101.029189,29.46514],[-101.034248,29.463464],[-101.032565,29.462226],[-101.038547,29.462084],[-101.035594,29.457541],[-101.037185,29.454896],[-101.054735,29.450076],[-101.07931,29.449689],[-101.090786,29.438775],[-101.107156,29.432874],[-101.116103,29.433207],[-101.122813,29.437276],[-101.147957,29.435389],[-101.153573,29.43201],[-101.156428,29.437887],[-101.164899,29.436436],[-101.176868,29.423896],[-101.177939,29.418375],[-101.189431,29.412213],[-101.194785,29.400672],[-101.192239,29.387895],[-101.198378,29.378282],[-101.208943,29.373332],[-101.214773,29.374022],[-101.23714,29.351156],[-101.25163,29.34999],[-101.259625,29.341186],[-101.264765,29.341352],[-101.268144,29.335832],[-101.265074,29.33024],[-101.270975,29.322007],[-101.286656,29.315845],[-101.287798,29.311347],[-101.280208,29.306208],[-101.285847,29.294001],[-101.314781,29.291907],[-101.32123,29.296428],[-101.325893,29.295024],[-101.327583,29.299022],[-101.330748,29.296119],[-101.338892,29.297816],[-101.345286,29.291193],[-101.358159,29.291598],[-101.369271,29.280557],[-101.384928,29.272419],[-101.420191,29.261997],[-101.425569,29.248863],[-101.449982,29.247935],[-101.480225,29.240558],[-101.48922,29.234919],[-101.497238,29.220381],[-101.498737,29.208602],[-101.493431,29.200702],[-101.493098,29.192255],[-101.525911,29.169365],[-101.534572,29.159728],[-101.534477,29.153637],[-101.551086,29.147307],[-101.563839,29.131436],[-101.579258,29.12682],[-101.580353,29.109902],[-101.587515,29.102193],[-101.597818,29.100575],[-101.605792,29.109618],[-101.624183,29.116279],[-101.636849,29.098075],[-101.646764,29.097101],[-101.646423,29.087492],[-101.65735,29.083444],[-101.658754,29.079018],[-101.668938,29.079113],[-101.674578,29.075235],[-101.696493,29.082873],[-101.706177,29.070714],[-101.720454,29.065098],[-101.722905,29.062386],[-101.721287,29.057079],[-101.729067,29.047942],[-101.733374,29.050393],[-101.747318,29.044992],[-101.753647,29.034617],[-101.752267,29.027931],[-101.761952,29.016438],[-101.762689,29.011418],[-101.794717,29.007825],[-101.803711,28.99952],[-101.810041,29.000139],[-101.818592,28.987299],[-101.831298,28.98806],[-101.83739,28.984967],[-101.844742,28.987418],[-101.850382,28.98323],[-101.867871,28.98561],[-101.882718,28.995841],[-101.902349,28.995223],[-101.904752,29.002646],[-101.911129,29.006906],[-101.916388,28.99803],[-101.920409,28.997007],[-101.925596,29.002694],[-101.935233,29.005192],[-101.943204,29.001504],[-101.950271,29.004383],[-101.960717,29.000505],[-101.974066,29.005811],[-101.997194,28.983492],[-102.015207,28.98975],[-102.019561,28.999291],[-102.027913,29.0011],[-102.041119,28.999315],[-102.052779,28.98392],[-102.066841,28.987584],[-102.080166,28.984467],[-102.084782,28.986157],[-102.086186,28.991772],[-102.09568,29.00079],[-102.100511,29.000719],[-102.115929,29.010832],[-102.127565,29.013021],[-102.132824,29.02261],[-102.1408,29.012587],[-102.139895,29.009303],[-102.144369,29.007994],[-102.154196,28.994217],[-102.165546,28.986341],[-102.168116,28.973778],[-102.175659,28.965069],[-102.180656,28.952482],[-102.190982,28.943868],[-102.197812,28.931852],[-102.197217,28.920359],[-102.201833,28.91165],[-102.213421,28.91165],[-102.213968,28.916671],[-102.218037,28.916742],[-102.220345,28.923],[-102.232718,28.924618],[-102.24295,28.93002],[-102.245544,28.934897],[-102.253705,28.935254],[-102.273074,28.9536],[-102.27424,28.958406],[-102.287351,28.964902],[-102.308076,28.96633],[-102.322662,28.960215],[-102.334773,28.962095],[-102.345957,28.957621],[-102.358758,28.96802],[-102.374415,28.964379],[-102.384314,28.976133],[-102.395925,28.976324],[-102.409964,28.987579],[-102.411344,29.000356],[-102.421828,28.99583],[-102.427015,28.996972],[-102.432964,28.990334],[-102.456483,28.989554],[-102.464573,28.993765],[-102.46819,28.989506],[-102.473496,28.989363],[-102.475614,28.984295],[-102.484441,28.979988],[-102.487425,28.975043],[-102.506594,28.970484],[-102.512424,28.975124],[-102.521133,28.969223],[-102.536504,28.967938],[-102.544451,28.959895],[-102.546022,28.952567],[-102.557967,28.940931],[-102.57636,28.953376],[-102.582332,28.947784],[-102.602415,28.94362],[-102.602677,28.960371],[-102.613836,28.973173],[-102.622521,28.975671],[-102.618738,28.983262],[-102.626709,28.989329],[-102.624187,28.995873],[-102.618667,28.998752],[-102.621522,29.004082],[-102.618381,29.005795],[-102.61762,29.013481],[-102.632167,29.015614],[-102.636751,29.019763],[-102.625591,29.040535],[-102.63154,29.061736],[-102.635894,29.065353],[-102.636084,29.07618],[-102.625249,29.093132],[-102.616111,29.096844],[-102.607688,29.096249],[-102.600621,29.102174],[-102.59077,29.10284],[-102.56481,29.121924],[-102.558957,29.134487],[-102.546774,29.146147],[-102.521766,29.15476],[-102.512819,29.162107],[-102.513152,29.166848],[-102.50806,29.172106],[-102.510297,29.175676],[-102.493165,29.180625],[-102.498447,29.186122],[-102.480958,29.199899],[-102.480649,29.208798],[-102.490833,29.234377],[-102.489048,29.237446],[-102.494402,29.239874],[-102.494711,29.244989],[-102.505228,29.260218],[-102.516697,29.268118],[-102.517602,29.275446],[-102.526977,29.284536],[-102.541563,29.289224],[-102.550914,29.288224],[-102.554364,29.295196],[-102.549153,29.302882],[-102.551914,29.309425],[-102.548344,29.315445],[-102.554602,29.32068],[-102.5586,29.330341],[-102.529618,29.330745],[-102.530498,29.34595],[-102.513342,29.346331],[-102.513033,29.357181],[-102.518696,29.358751],[-102.516341,29.364391],[-102.519719,29.372766],[-102.509464,29.384473],[-102.508726,29.392254],[-102.522741,29.410029],[-102.522741,29.448552],[-102.526715,29.457071],[-102.530213,29.4565],[-102.534639,29.461235],[-102.532616,29.466684],[-102.537994,29.473346],[-102.538155,29.487925],[-102.545484,29.504629],[-102.546245,29.515741],[-102.563049,29.524148],[-102.559218,29.530548],[-102.561883,29.535593],[-102.570378,29.538829],[-102.568831,29.550655],[-102.598313,29.536569],[-102.608116,29.541018],[-102.606165,29.54711],[-102.614255,29.550036],[-102.629484,29.549227],[-102.633267,29.551749],[-102.637503,29.54868],[-102.641476,29.551059],[-102.661702,29.574426],[-102.681213,29.589488],[-102.712432,29.585086],[-102.72195,29.586585],[-102.72402,29.591177],[-102.732705,29.588988],[-102.741847,29.602311],[-102.739028,29.61852],[-102.742399,29.633084],[-102.737534,29.642023],[-102.726521,29.643043],[-102.725947,29.651558],[-102.71503,29.656772],[-102.704174,29.671625],[-102.697434,29.671833],[-102.693837,29.676895],[-102.699831,29.685434],[-102.69893,29.697299],[-102.689088,29.705343],[-102.69126,29.722263],[-102.681882,29.72826],[-102.673726,29.744869],[-102.667875,29.745777],[-102.6668,29.738912],[-102.662665,29.736402],[-102.630619,29.734334],[-102.622876,29.736532],[-102.612506,29.748451],[-102.598058,29.751718],[-102.589232,29.749454],[-102.578966,29.755721],[-102.573723,29.75509],[-102.574764,29.766091],[-102.569169,29.77165],[-102.562892,29.768137],[-102.554367,29.754864],[-102.554535,29.749187],[-102.548176,29.744983],[-102.513597,29.765461],[-102.510844,29.773696],[-102.518663,29.778591],[-102.51754,29.78385],[-102.49763,29.781667],[-102.486795,29.786796],[-102.481629,29.782899],[-102.480593,29.776182],[-102.472215,29.776478],[-102.465458,29.783646],[-102.457919,29.77479],[-102.447597,29.777749],[-102.438718,29.773445],[-102.434124,29.777067],[-102.422171,29.769701],[-102.411925,29.768258],[-102.4094,29.764739],[-102.394755,29.769369],[-102.387386,29.761577],[-102.385238,29.772241],[-102.390231,29.781984],[-102.377347,29.789856],[-102.377685,29.800059],[-102.36308,29.831965],[-102.364201,29.846365],[-102.352312,29.853055],[-102.349871,29.862786],[-102.343189,29.865418],[-102.341476,29.869432],[-102.333234,29.868205],[-102.331852,29.86295],[-102.323678,29.864],[-102.323836,29.875163],[-102.320487,29.879533]]]}},{"type":"Feature","id":"basin-RH24H","properties":{"id":"basin-RH24H","sourceId":"RH24H","name":"R. BRAVO - OJINAGA","nameJa":"R. BRAVO - OJINAGA","sourceName":"R. BRAVO - OJINAGA","basinType":"EXORREICA","sourceArea":"18606.50 km²","sourcePerimeter":"1188.49 km","unit":"domestic basin boundary","observedPeriod":null},"geometry":{"type":"Polygon","coordinates":[[[-102.740115,29.59921],[-102.732705,29.588988],[-102.72402,29.591177],[-102.719618,29.585681],[-102.681213,29.589488],[-102.661702,29.574426],[-102.641476,29.551059],[-102.637503,29.54868],[-102.633267,29.551749],[-102.629484,29.549227],[-102.614255,29.550036],[-102.606165,29.54711],[-102.608116,29.541018],[-102.598313,29.536569],[-102.568831,29.550655],[-102.570378,29.538829],[-102.561883,29.535593],[-102.559218,29.530548],[-102.563049,29.524148],[-102.546245,29.515741],[-102.545484,29.504629],[-102.538155,29.487925],[-102.537994,29.473346],[-102.532616,29.466684],[-102.534639,29.461235],[-102.530213,29.4565],[-102.526715,29.457071],[-102.522741,29.448552],[-102.522741,29.410029],[-102.508726,29.392254],[-102.509464,29.384473],[-102.519719,29.372766],[-102.516341,29.364391],[-102.518696,29.358751],[-102.513033,29.357181],[-102.513342,29.346331],[-102.530498,29.34595],[-102.529618,29.330745],[-102.5586,29.330341],[-102.554602,29.32068],[-102.548344,29.315445],[-102.551914,29.309425],[-102.549153,29.302882],[-102.554364,29.295196],[-102.550914,29.288224],[-102.541563,29.289224],[-102.526977,29.284536],[-102.517602,29.275446],[-102.516697,29.268118],[-102.505228,29.260218],[-102.494711,29.244989],[-102.494402,29.239874],[-102.489048,29.237446],[-102.490833,29.234377],[-102.480649,29.208798],[-102.480958,29.199899],[-102.498447,29.186122],[-102.493165,29.180625],[-102.510297,29.175676],[-102.50806,29.172106],[-102.513152,29.166848],[-102.512976,29.161887],[-102.537232,29.147527],[-102.546774,29.146147],[-102.558957,29.134487],[-102.56481,29.121924],[-102.578587,29.110835],[-102.591198,29.102602],[-102.600621,29.102174],[-102.607688,29.096249],[-102.61654,29.096725],[-102.629079,29.089777],[-102.637203,29.069945],[-102.63154,29.061736],[-102.625662,29.038965],[-102.636751,29.019763],[-102.632167,29.015614],[-102.61762,29.013481],[-102.618381,29.005795],[-102.621522,29.004082],[-102.618667,28.998752],[-102.624187,28.995873],[-102.626709,28.989329],[-102.618738,28.983262],[-102.622521,28.975671],[-102.613836,28.973173],[-102.602677,28.960371],[-102.602819,28.943786],[-102.582332,28.947784],[-102.57636,28.953376],[-102.557967,28.940931],[-102.546022,28.952567],[-102.544451,28.959895],[-102.53667,28.967867],[-102.521133,28.969223],[-102.512424,28.975124],[-102.506594,28.970484],[-102.487425,28.975043],[-102.482896,28.957146],[-102.476685,28.950222],[-102.485228,28.939895],[-102.491819,28.939728],[-102.497744,28.929901],[-102.506401,28.926043],[-102.511735,28.908748],[-102.517517,28.907629],[-102.519611,28.903822],[-102.523799,28.888903],[-102.516946,28.881741],[-102.504882,28.858351],[-102.502455,28.849309],[-102.504263,28.835008],[-102.50136,28.830249],[-102.506024,28.817995],[-102.506595,28.794058],[-102.510188,28.791131],[-102.513995,28.778068],[-102.513091,28.768478],[-102.515923,28.763172],[-102.525964,28.757652],[-102.526416,28.747396],[-102.520753,28.734167],[-102.51064,28.733048],[-102.511878,28.728099],[-102.506922,28.721302],[-102.51133,28.718034],[-102.511473,28.710919],[-102.501979,28.703638],[-102.499623,28.697261],[-102.493698,28.697737],[-102.4912,28.689028],[-102.495517,28.686997],[-102.487155,28.676393],[-102.488963,28.671825],[-102.484419,28.664139],[-102.479469,28.66283],[-102.476938,28.657044],[-102.486622,28.651975],[-102.498829,28.653974],[-102.498567,28.650405],[-102.513915,28.637104],[-102.523195,28.635367],[-102.527977,28.640173],[-102.547727,28.63006],[-102.556055,28.621875],[-102.556031,28.617949],[-102.551582,28.616474],[-102.547441,28.608146],[-102.541136,28.609002],[-102.535354,28.603648],[-102.529595,28.590847],[-102.532617,28.564292],[-102.525574,28.559271],[-102.53721,28.543686],[-102.542849,28.549777],[-102.564359,28.547208],[-102.559815,28.525007],[-102.565763,28.512777],[-102.561552,28.511397],[-102.554746,28.496906],[-102.550106,28.471803],[-102.537686,28.459025],[-102.527597,28.436325],[-102.533736,28.428758],[-102.56662,28.423452],[-102.576614,28.417408],[-102.575376,28.409032],[-102.565597,28.39999],[-102.564978,28.39171],[-102.558839,28.386951],[-102.55665,28.379551],[-102.55182,28.375101],[-102.543158,28.377171],[-102.540327,28.372127],[-102.533379,28.372222],[-102.529072,28.364394],[-102.518317,28.357446],[-102.523409,28.351164],[-102.514724,28.344216],[-102.509608,28.332652],[-102.505539,28.331153],[-102.507657,28.320802],[-102.495736,28.288703],[-102.489263,28.288727],[-102.490263,28.280018],[-102.46397,28.242994],[-102.461019,28.229597],[-102.448813,28.229883],[-102.448789,28.216962],[-102.443269,28.214726],[-102.44215,28.201948],[-102.425042,28.169968],[-102.425137,28.162877],[-102.402794,28.135751],[-102.408005,28.125948],[-102.395751,28.104628],[-102.367173,28.072838],[-102.387732,28.060798],[-102.386851,28.057634],[-102.379451,28.059228],[-102.377524,28.055206],[-102.383449,28.048235],[-102.380094,28.037884],[-102.381926,28.031126],[-102.38916,28.024535],[-102.383996,28.015113],[-102.375026,28.014208],[-102.366864,28.00193],[-102.370005,27.996386],[-102.362343,27.989486],[-102.364104,27.986012],[-102.359812,27.978528],[-102.367541,27.9735],[-102.386933,27.96867],[-102.395357,27.961031],[-102.399616,27.96215],[-102.415749,27.98899],[-102.433737,27.998651],[-102.442993,27.99984],[-102.446634,28.00755],[-102.457484,28.009406],[-102.463338,28.017353],[-102.47495,28.023112],[-102.481779,28.033986],[-102.489369,28.03282],[-102.511641,28.054235],[-102.519422,28.058137],[-102.524228,28.056971],[-102.532675,28.05138],[-102.53603,28.052212],[-102.542003,28.042885],[-102.549308,28.040077],[-102.553377,28.045217],[-102.551616,28.05176],[-102.554733,28.064371],[-102.570794,28.0722],[-102.588545,28.064157],[-102.593209,28.039934],[-102.60651,28.040743],[-102.613672,28.045407],[-102.620787,28.043504],[-102.633588,28.056614],[-102.64332,28.057019],[-102.652457,28.067631],[-102.674348,28.075698],[-102.688435,28.071034],[-102.698357,28.076221],[-102.706566,28.06844],[-102.725102,28.071629],[-102.728315,28.079219],[-102.738142,28.077839],[-102.754251,28.068583],[-102.775499,28.069559],[-102.780139,28.066418],[-102.789538,28.071676],[-102.792917,28.069416],[-102.790561,28.060636],[-102.7977,28.054901],[-102.789514,28.041267],[-102.807646,28.011095],[-102.808312,28.002315],[-102.816862,27.99842],[-102.825818,28.001219],[-102.828412,28.008596],[-102.834979,28.007192],[-102.842059,28.012841],[-102.84621,28.012427],[-102.846614,28.021064],[-102.855371,28.029939],[-102.862666,28.030453],[-102.861367,28.033247],[-102.875218,28.037444],[-102.871054,28.04436],[-102.873553,28.049928],[-102.895013,28.044954],[-102.907814,28.047666],[-102.913144,28.056351],[-102.920378,28.059659],[-102.922852,28.075506],[-102.929562,28.085999],[-102.928801,28.096802],[-102.955641,28.127545],[-102.97175,28.13949],[-102.977366,28.148651],[-102.983576,28.151078],[-102.990429,28.17078],[-102.998353,28.166473],[-103.009964,28.176895],[-103.012772,28.182344],[-103.010226,28.188768],[-103.021576,28.199214],[-103.027882,28.220439],[-103.044062,28.242282],[-103.06217,28.257559],[-103.067119,28.274715],[-103.106975,28.32297],[-103.108384,28.327194],[-103.093079,28.342482],[-103.094721,28.347003],[-103.090771,28.352261],[-103.074948,28.362874],[-103.089772,28.380672],[-103.090581,28.38643],[-103.099194,28.380838],[-103.114708,28.382195],[-103.125773,28.389024],[-103.137075,28.40173],[-103.159395,28.413175],[-103.164344,28.419124],[-103.178692,28.420195],[-103.189257,28.435542],[-103.200393,28.431402],[-103.223607,28.432272],[-103.242914,28.428285],[-103.254145,28.431069],[-103.257024,28.427571],[-103.267993,28.428333],[-103.32233,28.41326],[-103.323948,28.40862],[-103.319675,28.39897],[-103.343803,28.391522],[-103.342232,28.384479],[-103.36686,28.364016],[-103.365175,28.327352],[-103.373622,28.314003],[-103.384021,28.314313],[-103.393467,28.32206],[-103.39924,28.319928],[-103.398618,28.335201],[-103.406073,28.337461],[-103.406026,28.324874],[-103.414092,28.320091],[-103.4174,28.321304],[-103.420207,28.312334],[-103.427298,28.314904],[-103.447214,28.308717],[-103.439314,28.300889],[-103.441408,28.297224],[-103.449427,28.293774],[-103.464632,28.297224],[-103.464227,28.290776],[-103.470557,28.294012],[-103.472746,28.290348],[-103.499586,28.283138],[-103.514862,28.255512],[-103.49478,28.251634],[-103.480217,28.238452],[-103.476101,28.230837],[-103.481336,28.228077],[-103.489235,28.232027],[-103.502441,28.231718],[-103.508128,28.21894],[-103.520359,28.21242],[-103.523214,28.216061],[-103.52902,28.216037],[-103.544415,28.196502],[-103.540465,28.192552],[-103.542845,28.18577],[-103.548984,28.190839],[-103.56702,28.193789],[-103.554123,28.208351],[-103.600689,28.244876],[-103.602348,28.262645],[-103.613273,28.265671],[-103.618821,28.261977],[-103.629067,28.263521],[-103.633883,28.258391],[-103.662555,28.259938],[-103.672216,28.273263],[-103.677308,28.270574],[-103.680235,28.276261],[-103.687926,28.271833],[-103.695035,28.274429],[-103.699794,28.280045],[-103.700183,28.28619],[-103.708003,28.288682],[-103.713357,28.296368],[-103.71833,28.295749],[-103.727459,28.307731],[-103.727634,28.313476],[-103.737104,28.319425],[-103.764254,28.316783],[-103.785883,28.321066],[-103.796761,28.315329],[-103.800744,28.317035],[-103.816559,28.333013],[-103.834258,28.338959],[-103.832845,28.346982],[-103.840916,28.347153],[-103.848068,28.354635],[-103.845746,28.362084],[-103.832706,28.366203],[-103.82775,28.371703],[-103.821087,28.363703],[-103.810235,28.362936],[-103.802565,28.373817],[-103.801599,28.378107],[-103.807906,28.386033],[-103.809695,28.402311],[-103.807167,28.408305],[-103.816286,28.413646],[-103.809468,28.426799],[-103.809639,28.433248],[-103.825746,28.443674],[-103.817102,28.456241],[-103.795182,28.451785],[-103.779742,28.454781],[-103.763418,28.468186],[-103.752336,28.486235],[-103.771732,28.517514],[-103.785255,28.529608],[-103.791192,28.528948],[-103.807024,28.536974],[-103.822086,28.556544],[-103.830222,28.561161],[-103.832641,28.566329],[-103.824505,28.571056],[-103.821574,28.582811],[-103.828974,28.593808],[-103.823425,28.599538],[-103.82898,28.606511],[-103.8262,28.610442],[-103.832466,28.613941],[-103.834328,28.620478],[-103.847615,28.623006],[-103.856113,28.620196],[-103.862425,28.633084],[-103.920289,28.640913],[-103.944918,28.652074],[-103.955984,28.649841],[-103.964817,28.643467],[-103.968811,28.652268],[-103.972094,28.65334],[-103.972491,28.663507],[-103.976921,28.667322],[-103.971697,28.675581],[-103.986312,28.67709],[-104.004151,28.689398],[-104.012259,28.691321],[-104.023361,28.702575],[-104.033601,28.704136],[-104.037411,28.708237],[-104.059494,28.708478],[-104.081843,28.702332],[-104.092549,28.708996],[-104.099745,28.709373],[-104.107274,28.701999],[-104.113338,28.700755],[-104.119379,28.701999],[-104.129412,28.71046],[-104.138902,28.703598],[-104.157115,28.696957],[-104.163907,28.699543],[-104.168216,28.706834],[-104.173321,28.702627],[-104.177712,28.703403],[-104.186733,28.714014],[-104.18886,28.728172],[-104.179804,28.738369],[-104.173099,28.73618],[-104.167943,28.738661],[-104.167589,28.754505],[-104.164167,28.762845],[-104.166906,28.77895],[-104.162316,28.792004],[-104.165289,28.800028],[-104.156592,28.812105],[-104.159021,28.826328],[-104.166868,28.831305],[-104.173907,28.853421],[-104.187086,28.871929],[-104.185769,28.878332],[-104.201757,28.882762],[-104.221705,28.881065],[-104.230127,28.885302],[-104.251133,28.876547],[-104.255282,28.869523],[-104.258395,28.870869],[-104.26523,28.866982],[-104.269313,28.870996],[-104.266557,28.878715],[-104.27922,28.879073],[-104.276296,28.883448],[-104.270154,28.884816],[-104.292654,28.889828],[-104.296189,28.896083],[-104.295373,28.905058],[-104.300269,28.912039],[-104.299119,28.921702],[-104.309768,28.923773],[-104.306021,28.931233],[-104.316999,28.938234],[-104.315026,28.946352],[-104.321347,28.945356],[-104.326865,28.955131],[-104.332512,28.956278],[-104.336576,28.961916],[-104.333556,28.963248],[-104.334004,28.968795],[-104.338405,28.973419],[-104.354346,28.971601],[-104.359513,28.966297],[-104.369914,28.963772],[-104.38224,28.975054],[-104.390835,28.975862],[-104.404261,28.962981],[-104.409663,28.964099],[-104.416253,28.958545],[-104.41977,28.96371],[-104.418117,28.968982],[-104.421749,28.969878],[-104.422298,28.975379],[-104.427687,28.979209],[-104.449885,28.981703],[-104.454463,28.984699],[-104.454207,29.011772],[-104.461698,29.016351],[-104.468196,29.037193],[-104.474471,29.043059],[-104.497745,29.041241],[-104.504774,29.044364],[-104.509251,29.052074],[-104.523633,29.048575],[-104.556862,29.058195],[-104.563946,29.065393],[-104.573318,29.063538],[-104.582517,29.087427],[-104.590882,29.096743],[-104.597528,29.114657],[-104.610658,29.131935],[-104.617554,29.148194],[-104.617432,29.16252],[-104.634529,29.173433],[-104.637588,29.182633],[-104.645526,29.189339],[-104.634579,29.203989],[-104.653258,29.230405],[-104.651061,29.235203],[-104.629621,29.247989],[-104.628317,29.255389],[-104.635077,29.265307],[-104.632499,29.266911],[-104.633432,29.278219],[-104.638757,29.278214],[-104.644148,29.283856],[-104.647005,29.293461],[-104.625788,29.296926],[-104.607011,29.304013],[-104.600579,29.313157],[-104.585177,29.310838],[-104.563299,29.289194],[-104.54567,29.279861],[-104.535505,29.281176],[-104.528408,29.275713],[-104.5186,29.277944],[-104.515495,29.269825],[-104.508203,29.269725],[-104.503887,29.255574],[-104.507935,29.25069],[-104.500087,29.243974],[-104.496901,29.236649],[-104.473923,29.242245],[-104.467524,29.239383],[-104.460574,29.241844],[-104.435911,29.239751],[-104.405115,29.274294],[-104.417427,29.291016],[-104.409722,29.301229],[-104.416937,29.31221],[-104.40732,29.316865],[-104.390141,29.335933],[-104.39287,29.345182],[-104.386869,29.356307],[-104.400961,29.371881],[-104.395207,29.374982],[-104.395517,29.377945],[-104.404018,29.390892],[-104.404484,29.397671],[-104.416336,29.410992],[-104.423673,29.435591],[-104.443965,29.467913],[-104.434423,29.467335],[-104.433098,29.476412],[-104.423442,29.478145],[-104.434597,29.492384],[-104.433042,29.497246],[-104.435646,29.501528],[-104.415391,29.53218],[-104.42201,29.546156],[-104.422441,29.558668],[-104.416336,29.565837],[-104.398637,29.571943],[-104.394403,29.555763],[-104.381108,29.543165],[-104.370578,29.543434],[-104.336969,29.519772],[-104.32983,29.523013],[-104.321567,29.522022],[-104.320987,29.529687],[-104.315748,29.533005],[-104.310909,29.529506],[-104.311242,29.523289],[-104.296875,29.5244],[-104.291655,29.51948],[-104.262277,29.513735],[-104.260227,29.506666],[-104.252633,29.506249],[-104.23605,29.497171],[-104.230462,29.478913],[-104.215851,29.485032],[-104.209695,29.482691],[-104.212765,29.463293],[-104.217528,29.456619],[-104.210235,29.449116],[-104.194112,29.441943],[-104.192589,29.435242],[-104.181084,29.426809],[-104.18346,29.416961],[-104.17947,29.410552],[-104.169499,29.408174],[-104.170123,29.402626],[-104.16465,29.401616],[-104.167315,29.394882],[-104.160532,29.389941],[-104.154914,29.394566],[-104.148567,29.385311],[-104.143483,29.388517],[-104.141195,29.37803],[-104.134867,29.384415],[-104.129349,29.378746],[-104.122983,29.380661],[-104.121148,29.371611],[-104.106307,29.373365],[-104.097763,29.366465],[-104.09736,29.361683],[-104.088717,29.358213],[-104.090732,29.353724],[-104.081967,29.346158],[-104.073375,29.346678],[-104.056268,29.338086],[-104.05533,29.330807],[-104.037434,29.319818],[-103.975369,29.296303],[-103.968042,29.300434],[-103.937494,29.292958],[-103.926329,29.29463],[-103.91826,29.29014],[-103.918857,29.284969],[-103.89907,29.287638],[-103.889354,29.278981],[-103.88477,29.284618],[-103.880133,29.285348],[-103.869815,29.280723],[-103.86568,29.282337],[-103.863257,29.279285],[-103.857472,29.281872],[-103.846064,29.28028],[-103.837555,29.278356],[-103.835389,29.272861],[-103.826159,29.269314],[-103.813392,29.27409],[-103.807419,29.270151],[-103.808956,29.265882],[-103.806415,29.261448],[-103.799345,29.258559],[-103.788643,29.265555],[-103.783415,29.265488],[-103.774789,29.249133],[-103.776012,29.243373],[-103.781265,29.241919],[-103.781722,29.227646],[-103.776836,29.22058],[-103.769787,29.220814],[-103.768384,29.227966],[-103.758258,29.233061],[-103.75401,29.226771],[-103.75722,29.220806],[-103.742305,29.221948],[-103.742282,29.208975],[-103.724958,29.192219],[-103.718228,29.18091],[-103.712978,29.185436],[-103.705159,29.185039],[-103.69884,29.177761],[-103.68856,29.178675],[-103.660085,29.170965],[-103.649992,29.161686],[-103.64978,29.156621],[-103.640446,29.161442],[-103.633648,29.158662],[-103.628657,29.16311],[-103.610019,29.166123],[-103.59255,29.15031],[-103.580315,29.149712],[-103.570183,29.155317],[-103.553608,29.1583],[-103.550014,29.155235],[-103.552609,29.148296],[-103.549036,29.142826],[-103.53996,29.146436],[-103.523782,29.136936],[-103.523603,29.12144],[-103.512156,29.121331],[-103.505325,29.116102],[-103.500664,29.116824],[-103.499298,29.109375],[-103.493307,29.107991],[-103.483869,29.094312],[-103.470056,29.085911],[-103.473651,29.070255],[-103.471011,29.06676],[-103.4595,29.067358],[-103.462057,29.072684],[-103.449851,29.072978],[-103.449566,29.065259],[-103.440963,29.05813],[-103.434447,29.057783],[-103.433545,29.052205],[-103.428748,29.049577],[-103.431962,29.043451],[-103.41876,29.042538],[-103.415244,29.038066],[-103.40501,29.039822],[-103.400747,29.031261],[-103.389298,29.03459],[-103.38656,29.021851],[-103.382427,29.024797],[-103.358953,29.019188],[-103.353517,29.023363],[-103.344268,29.046468],[-103.330552,29.043285],[-103.326289,29.033043],[-103.335992,29.02719],[-103.34189,29.0283],[-103.338334,29.020036],[-103.326169,29.016835],[-103.314733,29.026284],[-103.307893,29.025115],[-103.307858,29.018787],[-103.316068,29.010927],[-103.30907,29.003942],[-103.300138,29.008338],[-103.286461,29.001062],[-103.281419,28.987982],[-103.282429,28.983012],[-103.288166,28.981145],[-103.287012,28.978315],[-103.279564,28.977031],[-103.271618,28.985405],[-103.266927,28.996249],[-103.253365,28.987294],[-103.250275,28.980621],[-103.237904,28.982023],[-103.227904,28.992023],[-103.220311,28.983697],[-103.214502,28.987942],[-103.201967,28.987241],[-103.180537,28.982538],[-103.176248,28.97802],[-103.170811,28.980782],[-103.165796,28.978091],[-103.163881,28.972311],[-103.15361,28.971865],[-103.136042,28.983456],[-103.126245,28.982342],[-103.114648,28.986429],[-103.117708,28.999828],[-103.108114,29.014038],[-103.101784,29.017961],[-103.097993,29.026811],[-103.106743,29.038285],[-103.101104,29.049582],[-103.100712,29.060659],[-103.092379,29.064833],[-103.090407,29.054096],[-103.085873,29.054122],[-103.087645,29.067204],[-103.077212,29.076066],[-103.08055,29.087053],[-103.076243,29.092189],[-103.064366,29.091702],[-103.054514,29.101024],[-103.044966,29.095621],[-103.034241,29.101135],[-103.032399,29.106702],[-103.037472,29.114182],[-103.027937,29.116038],[-103.020547,29.125774],[-103.012358,29.126284],[-103.01581,29.134329],[-103.009023,29.137739],[-103.008482,29.148197],[-103.002512,29.150229],[-102.996187,29.161092],[-102.998378,29.173121],[-102.99582,29.17939],[-102.975631,29.186521],[-102.950889,29.173783],[-102.943917,29.191397],[-102.938322,29.188351],[-102.932514,29.194965],[-102.917737,29.191452],[-102.919055,29.199467],[-102.91451,29.200321],[-102.913084,29.206943],[-102.916704,29.215048],[-102.912895,29.21931],[-102.908618,29.219863],[-102.899106,29.209421],[-102.894874,29.208796],[-102.878757,29.213751],[-102.867527,29.223992],[-102.866989,29.227743],[-102.871994,29.231662],[-102.871855,29.241681],[-102.881132,29.246092],[-102.88759,29.245586],[-102.89687,29.254057],[-102.903338,29.254204],[-102.906643,29.259651],[-102.899551,29.269347],[-102.903551,29.279073],[-102.888778,29.292329],[-102.893412,29.308255],[-102.887556,29.312204],[-102.880267,29.338587],[-102.884812,29.347956],[-102.877661,29.355002],[-102.863063,29.351819],[-102.839728,29.359075],[-102.845646,29.364666],[-102.845059,29.374932],[-102.834227,29.379115],[-102.833174,29.388417],[-102.825732,29.397081],[-102.81603,29.397213],[-102.812662,29.40054],[-102.825852,29.402363],[-102.826897,29.407469],[-102.833774,29.410666],[-102.82716,29.417894],[-102.83266,29.432581],[-102.83215,29.443155],[-102.819816,29.450983],[-102.824195,29.452047],[-102.825828,29.458146],[-102.81429,29.471697],[-102.814565,29.482747],[-102.801012,29.486419],[-102.807606,29.494341],[-102.804756,29.501186],[-102.807905,29.503927],[-102.808796,29.522851],[-102.792413,29.532955],[-102.79352,29.540389],[-102.79069,29.543861],[-102.783178,29.542146],[-102.77149,29.548538],[-102.77747,29.554367],[-102.778361,29.560336],[-102.773632,29.56705],[-102.77429,29.573286],[-102.766407,29.572252],[-102.762481,29.579962],[-102.768938,29.595155],[-102.76037,29.598881],[-102.745791,29.592987],[-102.740115,29.59921]]]}},{"type":"Feature","id":"basin-RH24I","properties":{"id":"basin-RH24I","sourceId":"RH24I","name":"R. BRAVO - CD. JUÁREZ","nameJa":"R. BRAVO - CD. JUÁREZ","sourceName":"R. BRAVO - CD. JUÁREZ","basinType":"EXORREICA","sourceArea":"7088.25 km²","sourcePerimeter":"952.88 km","unit":"domestic basin boundary","observedPeriod":null},"geometry":{"type":"Polygon","coordinates":[[[-106.527797,31.783865],[-106.522322,31.775087],[-106.512844,31.770037],[-106.510024,31.761374],[-106.489202,31.748418],[-106.473258,31.750596],[-106.466968,31.759791],[-106.451903,31.764677],[-106.434526,31.755016],[-106.414847,31.750626],[-106.380524,31.731742],[-106.372349,31.71271],[-106.349262,31.6965],[-106.334211,31.663318],[-106.303244,31.622382],[-106.302022,31.60963],[-106.288408,31.587043],[-106.280481,31.562214],[-106.246359,31.541956],[-106.236594,31.513146],[-106.224235,31.50058],[-106.21875,31.48001],[-106.207551,31.467215],[-106.174515,31.455027],[-106.157571,31.437904],[-106.132641,31.425147],[-106.107194,31.422128],[-106.080875,31.398907],[-106.005045,31.392619],[-105.97001,31.36605],[-105.953685,31.364778],[-105.945608,31.352938],[-105.947676,31.339761],[-105.937994,31.318474],[-105.931555,31.312862],[-105.907443,31.31238],[-105.894039,31.290779],[-105.876188,31.291749],[-105.86923,31.289018],[-105.836551,31.248156],[-105.79431,31.202544],[-105.782925,31.197931],[-105.772108,31.166264],[-105.742334,31.164931],[-105.719232,31.14912],[-105.716771,31.141321],[-105.709977,31.136741],[-105.648685,31.115957],[-105.641719,31.098371],[-105.626946,31.098471],[-105.60413,31.083602],[-105.595496,31.064771],[-105.585078,31.057496],[-105.579389,31.035722],[-105.581032,31.026385],[-105.577587,31.019877],[-105.569057,31.015909],[-105.569986,31.008316],[-105.557501,30.990165],[-105.543009,30.984713],[-105.532609,30.984783],[-105.521727,30.976331],[-105.5157,30.964955],[-105.501962,30.96787],[-105.493768,30.956138],[-105.498646,30.950207],[-105.479368,30.939389],[-105.475856,30.933885],[-105.470745,30.933754],[-105.466747,30.924338],[-105.451594,30.924896],[-105.453098,30.916222],[-105.446846,30.919649],[-105.441263,30.908588],[-105.429889,30.905546],[-105.425775,30.900441],[-105.413662,30.899565],[-105.410456,30.891979],[-105.41207,30.888679],[-105.403765,30.892214],[-105.400016,30.889325],[-105.399042,30.884331],[-105.404209,30.87964],[-105.391254,30.873894],[-105.394922,30.8712],[-105.394825,30.859841],[-105.401579,30.854689],[-105.399891,30.85218],[-105.394619,30.849055],[-105.387343,30.853777],[-105.384609,30.850531],[-105.377047,30.851308],[-105.377629,30.848877],[-105.371625,30.84759],[-105.361655,30.850636],[-105.353274,30.842256],[-105.352073,30.836019],[-105.346587,30.840553],[-105.33997,30.841121],[-105.337226,30.833586],[-105.3279,30.831305],[-105.329187,30.824995],[-105.324108,30.828865],[-105.318182,30.828067],[-105.315495,30.819325],[-105.318866,30.812466],[-105.316897,30.810969],[-105.309154,30.817136],[-105.306331,30.809831],[-105.300173,30.824825],[-105.290618,30.82588],[-105.28802,30.818041],[-105.281908,30.818106],[-105.275755,30.807059],[-105.266743,30.808497],[-105.263905,30.800069],[-105.257058,30.794428],[-105.238244,30.803682],[-105.229845,30.80379],[-105.227606,30.79923],[-105.215036,30.805966],[-105.209541,30.797722],[-105.219953,30.78889],[-105.216289,30.783368],[-105.209042,30.782727],[-105.195069,30.792338],[-105.190743,30.785804],[-105.185964,30.784638],[-105.184837,30.776997],[-105.176683,30.76808],[-105.174021,30.767618],[-105.167075,30.776655],[-105.162961,30.770884],[-105.156184,30.769837],[-105.161437,30.752219],[-105.156864,30.754017],[-105.151929,30.751568],[-105.143552,30.755273],[-105.127306,30.7479],[-105.118241,30.749778],[-105.120244,30.743655],[-105.11389,30.746079],[-105.110971,30.743686],[-105.111724,30.733168],[-105.103275,30.72925],[-105.105402,30.723753],[-105.099722,30.722165],[-105.098186,30.71656],[-105.087626,30.715647],[-105.08743,30.709973],[-105.080346,30.708126],[-105.080942,30.699988],[-105.06828,30.703864],[-105.066899,30.699381],[-105.0625,30.69855],[-105.061793,30.685958],[-105.05688,30.687994],[-105.055206,30.682251],[-105.045819,30.679967],[-105.04452,30.684126],[-105.047288,30.687965],[-105.040776,30.688993],[-105.027263,30.678982],[-105.017985,30.685093],[-105.013391,30.682626],[-105.006541,30.686112],[-105.00193,30.680807],[-105.001464,30.672792],[-104.98595,30.662763],[-104.983837,30.63499],[-104.979298,30.628655],[-104.980058,30.621902],[-104.971901,30.610323],[-104.966894,30.607993],[-104.95505,30.609457],[-104.931007,30.599184],[-104.926549,30.605224],[-104.922562,30.60365],[-104.919875,30.587301],[-104.909467,30.585154],[-104.906843,30.577177],[-104.898765,30.570497],[-104.895762,30.562107],[-104.897964,30.554637],[-104.892909,30.553019],[-104.890208,30.546026],[-104.88764,30.546828],[-104.8907,30.540932],[-104.888974,30.534946],[-104.883256,30.531578],[-104.885817,30.524437],[-104.880942,30.521062],[-104.885596,30.518151],[-104.879121,30.517801],[-104.876902,30.511166],[-104.873277,30.513609],[-104.873888,30.495353],[-104.866519,30.494489],[-104.867073,30.485077],[-104.871574,30.480597],[-104.865793,30.467155],[-104.869504,30.459518],[-104.864298,30.450476],[-104.86788,30.441255],[-104.858298,30.437755],[-104.861194,30.426147],[-104.852031,30.418751],[-104.849322,30.421623],[-104.847715,30.41977],[-104.847561,30.413829],[-104.857016,30.40904],[-104.85415,30.400685],[-104.859292,30.390308],[-104.837277,30.373702],[-104.81658,30.37559],[-104.819542,30.368571],[-104.811301,30.366762],[-104.810888,30.362592],[-104.814054,30.353669],[-104.822547,30.350885],[-104.814942,30.343041],[-104.811555,30.332853],[-104.797419,30.330503],[-104.791371,30.325584],[-104.788861,30.318339],[-104.776778,30.310348],[-104.779361,30.303384],[-104.766585,30.305983],[-104.76039,30.296524],[-104.763051,30.274779],[-104.758166,30.271438],[-104.757137,30.274386],[-104.750681,30.271577],[-104.74856,30.27445],[-104.75037,30.262016],[-104.740376,30.259727],[-104.736788,30.255872],[-104.737481,30.261714],[-104.733704,30.261594],[-104.713038,30.237546],[-104.706145,30.234753],[-104.711229,30.223139],[-104.702296,30.212545],[-104.705013,30.208463],[-104.700268,30.205382],[-104.697164,30.191756],[-104.686905,30.179186],[-104.689469,30.15426],[-104.686759,30.152483],[-104.690038,30.149452],[-104.689234,30.145678],[-104.685215,30.144771],[-104.689044,30.137658],[-104.691867,30.138813],[-104.69662,30.134318],[-104.694922,30.117687],[-104.68986,30.117044],[-104.691536,30.111267],[-104.685393,30.110052],[-104.686899,30.105838],[-104.691612,30.10877],[-104.694301,30.101921],[-104.689037,30.095341],[-104.684975,30.099814],[-104.685482,30.093201],[-104.689809,30.089642],[-104.684881,30.085323],[-104.69077,30.077759],[-104.686633,30.076681],[-104.687816,30.073831],[-104.693117,30.073974],[-104.69101,30.07042],[-104.703431,30.064423],[-104.70209,30.060061],[-104.70711,30.049619],[-104.695524,30.037572],[-104.700885,30.035514],[-104.703596,30.023147],[-104.689434,30.015028],[-104.690338,30.00825],[-104.693745,30.007529],[-104.693821,30.001676],[-104.690142,30.000235],[-104.693055,29.993596],[-104.685673,29.990537],[-104.685642,29.987264],[-104.693073,29.975689],[-104.687714,29.973962],[-104.68022,29.977147],[-104.679942,29.974209],[-104.685427,29.970749],[-104.681763,29.96901],[-104.685194,29.956676],[-104.673272,29.955828],[-104.674139,29.950811],[-104.677935,29.951653],[-104.680633,29.947186],[-104.678297,29.938576],[-104.68227,29.939501],[-104.677106,29.913066],[-104.666998,29.91038],[-104.664491,29.901215],[-104.662466,29.905471],[-104.654955,29.905454],[-104.658884,29.90118],[-104.658148,29.890799],[-104.655983,29.889253],[-104.651613,29.892404],[-104.652574,29.888922],[-104.646725,29.884124],[-104.645956,29.878473],[-104.633327,29.870737],[-104.629242,29.852344],[-104.6215,29.849736],[-104.624652,29.84283],[-104.619533,29.841776],[-104.615365,29.846614],[-104.609341,29.839756],[-104.613907,29.833829],[-104.620197,29.833062],[-104.619565,29.830251],[-104.608383,29.827939],[-104.610095,29.819543],[-104.601059,29.816207],[-104.595,29.805469],[-104.591393,29.810278],[-104.585921,29.802275],[-104.590796,29.798109],[-104.581378,29.795096],[-104.578841,29.782839],[-104.570484,29.77845],[-104.565811,29.771397],[-104.568465,29.766214],[-104.563786,29.761291],[-104.56948,29.757104],[-104.56994,29.752708],[-104.551423,29.741633],[-104.550226,29.737941],[-104.558774,29.738063],[-104.560419,29.735312],[-104.549206,29.730514],[-104.552528,29.723654],[-104.549125,29.720122],[-104.552245,29.717426],[-104.544752,29.716083],[-104.547456,29.71435],[-104.543851,29.711363],[-104.545832,29.699551],[-104.530038,29.690217],[-104.54399,29.680582],[-104.535832,29.674435],[-104.535576,29.666628],[-104.531102,29.67088],[-104.525188,29.667836],[-104.524599,29.659253],[-104.516533,29.652478],[-104.517562,29.647423],[-104.509742,29.64413],[-104.515607,29.640424],[-104.507896,29.632422],[-104.507018,29.637043],[-104.497895,29.639743],[-104.494844,29.633913],[-104.487268,29.63385],[-104.485887,29.628629],[-104.476718,29.628533],[-104.473296,29.617875],[-104.465335,29.61826],[-104.466536,29.609253],[-104.456695,29.608986],[-104.424153,29.587082],[-104.443948,29.578469],[-104.501658,29.574047],[-104.500501,29.564401],[-104.510502,29.560837],[-104.510558,29.5658],[-104.519625,29.568095],[-104.520092,29.578637],[-104.551377,29.588035],[-104.562966,29.598056],[-104.572185,29.6142],[-104.591353,29.620431],[-104.596822,29.631915],[-104.602756,29.631986],[-104.610265,29.643604],[-104.628491,29.640158],[-104.634975,29.643032],[-104.639997,29.638785],[-104.644922,29.64117],[-104.653134,29.653029],[-104.653999,29.667143],[-104.661111,29.665745],[-104.690429,29.68056],[-104.746798,29.679193],[-104.750456,29.693272],[-104.760185,29.690276],[-104.765343,29.696848],[-104.772478,29.721476],[-104.771079,29.725019],[-104.77526,29.728006],[-104.783316,29.724727],[-104.78886,29.732904],[-104.798461,29.734295],[-104.800171,29.750734],[-104.812452,29.759904],[-104.815437,29.771224],[-104.826632,29.779711],[-104.83683,29.779351],[-104.838703,29.784568],[-104.835935,29.793626],[-104.843075,29.799884],[-104.843358,29.810892],[-104.837885,29.83146],[-104.837068,29.840581],[-104.83993,29.846871],[-104.836722,29.857261],[-104.844718,29.869135],[-104.841534,29.873761],[-104.842215,29.880869],[-104.828459,29.88482],[-104.832794,29.906993],[-104.818133,29.91727],[-104.820278,29.92495],[-104.813065,29.93168],[-104.818917,29.934083],[-104.822515,29.940794],[-104.820139,29.947137],[-104.824913,29.950827],[-104.820854,29.966625],[-104.829111,29.971838],[-104.828419,29.976496],[-104.831994,29.978964],[-104.83287,29.986898],[-104.828211,29.995039],[-104.835177,29.995501],[-104.846501,30.005995],[-104.862899,30.004588],[-104.870233,30.011184],[-104.868342,30.016719],[-104.856303,30.024399],[-104.861169,30.031668],[-104.870371,30.034501],[-104.875749,30.045002],[-104.87337,30.054912],[-104.877567,30.065383],[-104.867834,30.072233],[-104.852349,30.074269],[-104.853386,30.093855],[-104.863219,30.105389],[-104.870633,30.104857],[-104.880023,30.113282],[-104.888237,30.111529],[-104.889555,30.12625],[-104.880362,30.132092],[-104.883948,30.13595],[-104.880865,30.138581],[-104.894669,30.153728],[-104.893649,30.160974],[-104.887534,30.16513],[-104.885162,30.174099],[-104.898246,30.174487],[-104.903852,30.18052],[-104.902593,30.189478],[-104.915552,30.201199],[-104.926217,30.225006],[-104.932283,30.231797],[-104.934119,30.244161],[-104.928878,30.251616],[-104.938913,30.254663],[-104.944296,30.261671],[-104.944743,30.269654],[-104.939664,30.273168],[-104.93936,30.284402],[-104.953254,30.305873],[-104.954777,30.318182],[-104.94587,30.322997],[-104.942278,30.331673],[-104.947383,30.337927],[-104.938811,30.347454],[-104.946571,30.359459],[-104.943564,30.370652],[-104.959432,30.38783],[-104.964044,30.399631],[-104.961658,30.408754],[-104.967331,30.416417],[-104.960343,30.434394],[-104.95821,30.450097],[-104.952563,30.458648],[-104.957702,30.478454],[-104.960059,30.479673],[-104.963045,30.473985],[-104.980555,30.462386],[-104.996033,30.457348],[-105.014482,30.456227],[-105.01722,30.452412],[-105.032618,30.455439],[-105.042815,30.452737],[-105.049863,30.464377],[-105.06199,30.47433],[-105.065545,30.471608],[-105.075408,30.472764],[-105.077936,30.468988],[-105.087854,30.466331],[-105.092176,30.473924],[-105.097356,30.475955],[-105.098798,30.482679],[-105.104506,30.480648],[-105.109307,30.493296],[-105.115191,30.495273],[-105.11706,30.50092],[-105.126237,30.498922],[-105.131891,30.503899],[-105.146062,30.542031],[-105.152891,30.539188],[-105.159325,30.554509],[-105.174866,30.558021],[-105.180465,30.566494],[-105.199286,30.559041],[-105.206006,30.581626],[-105.230222,30.56958],[-105.249855,30.56679],[-105.268286,30.57291],[-105.276667,30.572497],[-105.301863,30.557782],[-105.333161,30.553833],[-105.333825,30.556525],[-105.341973,30.558858],[-105.349689,30.572013],[-105.353422,30.568226],[-105.361893,30.56758],[-105.377255,30.599058],[-105.387665,30.605107],[-105.39267,30.613576],[-105.397965,30.612697],[-105.403097,30.617578],[-105.402882,30.623931],[-105.39818,30.62481],[-105.398557,30.641626],[-105.408017,30.649837],[-105.412388,30.664176],[-105.422981,30.666051],[-105.428078,30.662372],[-105.438254,30.669227],[-105.443404,30.665458],[-105.445456,30.67127],[-105.441385,30.679438],[-105.44711,30.682076],[-105.452261,30.691026],[-105.446371,30.696988],[-105.448729,30.701248],[-105.459178,30.70332],[-105.461783,30.708049],[-105.468831,30.708427],[-105.475997,30.706512],[-105.479488,30.701144],[-105.48367,30.70177],[-105.48509,30.710238],[-105.489741,30.711215],[-105.495825,30.720843],[-105.516175,30.721689],[-105.523341,30.719136],[-105.529086,30.723565],[-105.554621,30.728229],[-105.56507,30.737336],[-105.569655,30.747667],[-105.584638,30.759731],[-105.585953,30.765164],[-105.591712,30.766545],[-105.59209,30.779338],[-105.595086,30.783468],[-105.589966,30.790139],[-105.608727,30.80318],[-105.612726,30.801994],[-105.617351,30.790816],[-105.626601,30.789618],[-105.63021,30.784458],[-105.651003,30.776577],[-105.669424,30.780055],[-105.677619,30.793969],[-105.694217,30.793539],[-105.702994,30.80596],[-105.727248,30.802024],[-105.736367,30.81249],[-105.771741,30.823016],[-105.777923,30.836787],[-105.789307,30.84041],[-105.787445,30.85228],[-105.790878,30.856893],[-105.789942,30.861506],[-105.796289,30.865252],[-105.799167,30.87413],[-105.809318,30.885551],[-105.808012,30.893241],[-105.81637,30.905761],[-105.814775,30.91308],[-105.81696,30.915507],[-105.832394,30.914814],[-105.835337,30.919127],[-105.858666,30.911435],[-105.863977,30.900266],[-105.872565,30.902117],[-105.903834,30.896052],[-105.929299,30.884197],[-105.946655,30.883059],[-105.962875,30.891228],[-105.966204,30.895788],[-105.982852,30.90162],[-106.031637,30.907866],[-106.036818,30.915673],[-106.048078,30.922714],[-106.048368,30.926116],[-106.054686,30.928153],[-106.057147,30.934037],[-106.078665,30.935174],[-106.085551,30.942609],[-106.088529,30.940138],[-106.097122,30.94811],[-106.104473,30.946126],[-106.108616,30.954758],[-106.127868,30.97521],[-106.131032,30.975501],[-106.138971,30.965235],[-106.155149,30.968615],[-106.160903,30.980452],[-106.156851,30.985243],[-106.160954,30.988401],[-106.154916,30.991992],[-106.155047,31.003385],[-106.147689,31.004322],[-106.148942,31.008595],[-106.16146,31.020133],[-106.166161,31.030057],[-106.177446,31.040221],[-106.176871,31.043687],[-106.192862,31.055478],[-106.201102,31.073091],[-106.21534,31.082787],[-106.213515,31.097298],[-106.205483,31.107055],[-106.217621,31.119038],[-106.219231,31.134897],[-106.230359,31.136218],[-106.243797,31.14739],[-106.245876,31.153414],[-106.23459,31.170978],[-106.246407,31.190291],[-106.246184,31.193978],[-106.240132,31.191224],[-106.23971,31.19601],[-106.248317,31.202052],[-106.259433,31.217455],[-106.260699,31.22574],[-106.268973,31.239777],[-106.285853,31.261777],[-106.294338,31.263921],[-106.297814,31.268141],[-106.299302,31.271061],[-106.294971,31.272927],[-106.296259,31.27617],[-106.301313,31.279342],[-106.305871,31.277733],[-106.310932,31.282613],[-106.309383,31.294003],[-106.321155,31.294818],[-106.324244,31.298148],[-106.361544,31.356065],[-106.422046,31.405861],[-106.429092,31.415334],[-106.4509,31.423541],[-106.457798,31.428856],[-106.457561,31.432152],[-106.474105,31.44108],[-106.477775,31.458567],[-106.486479,31.462889],[-106.480507,31.471695],[-106.47496,31.494186],[-106.498454,31.510669],[-106.501793,31.526162],[-106.519286,31.55417],[-106.528684,31.583152],[-106.525886,31.613534],[-106.52214,31.622705],[-106.529706,31.628052],[-106.531624,31.635719],[-106.53591,31.637197],[-106.533706,31.642509],[-106.526519,31.646808],[-106.524781,31.653144],[-106.528947,31.662159],[-106.522911,31.667812],[-106.532844,31.67804],[-106.534588,31.674279],[-106.54444,31.676947],[-106.554745,31.685087],[-106.561441,31.683234],[-106.572665,31.696436],[-106.580575,31.700362],[-106.58518,31.721213],[-106.580026,31.731804],[-106.593506,31.759104],[-106.600519,31.783778],[-106.527797,31.783865]]]}},{"type":"Feature","id":"basin-RH24J","properties":{"id":"basin-RH24J","sourceId":"RH24J","name":"R. CONCHOS - OJINAGA","nameJa":"R. CONCHOS - OJINAGA","sourceName":"R. CONCHOS - OJINAGA","basinType":"EXORREICA","sourceArea":"8759.20 km²","sourcePerimeter":"671.80 km","unit":"domestic basin boundary","observedPeriod":null},"geometry":{"type":"Polygon","coordinates":[[[-104.908302,29.920252],[-104.86779,29.924899],[-104.862799,29.915982],[-104.853903,29.917904],[-104.841494,29.914234],[-104.831317,29.905549],[-104.828072,29.885649],[-104.842215,29.880869],[-104.841534,29.873761],[-104.844718,29.869135],[-104.836722,29.857261],[-104.83993,29.846871],[-104.837068,29.840581],[-104.837885,29.83146],[-104.843358,29.810892],[-104.843075,29.799884],[-104.835935,29.793626],[-104.838703,29.784568],[-104.83683,29.779351],[-104.826632,29.779711],[-104.815437,29.771224],[-104.812452,29.759904],[-104.800171,29.750734],[-104.798461,29.734295],[-104.78886,29.732904],[-104.783316,29.724727],[-104.77526,29.728006],[-104.771079,29.725019],[-104.772478,29.721476],[-104.765343,29.696848],[-104.760185,29.690276],[-104.750456,29.693272],[-104.746798,29.679193],[-104.690429,29.68056],[-104.661111,29.665745],[-104.653999,29.667143],[-104.653134,29.653029],[-104.644922,29.64117],[-104.639997,29.638785],[-104.634975,29.643032],[-104.628491,29.640158],[-104.610265,29.643604],[-104.602756,29.631986],[-104.596822,29.631915],[-104.591353,29.620431],[-104.572185,29.6142],[-104.562966,29.598056],[-104.551377,29.588035],[-104.520092,29.578637],[-104.519625,29.568095],[-104.510558,29.5658],[-104.510502,29.560837],[-104.500501,29.564401],[-104.501658,29.574047],[-104.443948,29.578469],[-104.424153,29.587082],[-104.398637,29.571943],[-104.416336,29.565837],[-104.422441,29.558668],[-104.42201,29.546156],[-104.415391,29.53218],[-104.435646,29.501528],[-104.433042,29.497246],[-104.434597,29.492384],[-104.423442,29.478145],[-104.433098,29.476412],[-104.434423,29.467335],[-104.443965,29.467262],[-104.423673,29.435591],[-104.416336,29.410992],[-104.403793,29.39637],[-104.404018,29.390892],[-104.395104,29.376946],[-104.400961,29.371881],[-104.3868,29.355825],[-104.39287,29.345182],[-104.390141,29.335933],[-104.40732,29.316865],[-104.416937,29.31221],[-104.409722,29.301229],[-104.417427,29.291016],[-104.405115,29.274294],[-104.435911,29.239751],[-104.460574,29.241844],[-104.467524,29.239383],[-104.473923,29.242245],[-104.497683,29.236961],[-104.500087,29.243974],[-104.507935,29.25069],[-104.503887,29.255574],[-104.508203,29.269725],[-104.515495,29.269825],[-104.519048,29.278102],[-104.528408,29.275713],[-104.535505,29.281176],[-104.542791,29.279015],[-104.555471,29.28421],[-104.588642,29.312251],[-104.600579,29.313157],[-104.607011,29.304013],[-104.625788,29.296926],[-104.647005,29.293461],[-104.644148,29.283856],[-104.638757,29.278214],[-104.633432,29.278219],[-104.632499,29.266911],[-104.635077,29.265307],[-104.628317,29.255389],[-104.629621,29.247989],[-104.651061,29.235203],[-104.653258,29.230405],[-104.635332,29.207706],[-104.635577,29.200432],[-104.641785,29.19251],[-104.645526,29.189339],[-104.655997,29.190669],[-104.659276,29.188152],[-104.665142,29.19524],[-104.676537,29.19523],[-104.700404,29.209254],[-104.71448,29.211647],[-104.714234,29.196934],[-104.718554,29.18959],[-104.713187,29.18626],[-104.70881,29.176422],[-104.716688,29.163712],[-104.712434,29.151377],[-104.738792,29.150343],[-104.750748,29.165468],[-104.756306,29.138531],[-104.766743,29.122762],[-104.769239,29.107364],[-104.791,29.081694],[-104.801561,29.075753],[-104.811309,29.074663],[-104.817478,29.075778],[-104.822157,29.082112],[-104.850019,29.073507],[-104.848858,29.067321],[-104.85261,29.061112],[-104.876586,29.046513],[-104.895623,29.039059],[-104.928562,29.033248],[-104.923469,29.022854],[-104.941847,29.013509],[-104.947843,29.002743],[-104.971893,28.995802],[-104.979778,28.996911],[-104.979863,28.993698],[-104.970264,28.985693],[-104.973187,28.978298],[-104.963293,28.974654],[-104.953531,28.965165],[-104.946151,28.929187],[-104.930436,28.909765],[-104.931501,28.90127],[-104.923984,28.894401],[-104.927972,28.888709],[-104.933161,28.887902],[-104.931991,28.883981],[-104.922211,28.876995],[-104.91751,28.863911],[-104.910569,28.860351],[-104.912015,28.855091],[-104.902347,28.845895],[-104.902707,28.84062],[-104.884251,28.827052],[-104.883145,28.816606],[-104.873202,28.801273],[-104.877386,28.796717],[-104.889167,28.795715],[-104.888705,28.785541],[-104.894855,28.780846],[-104.88094,28.76411],[-104.88294,28.75582],[-104.887172,28.752327],[-104.882549,28.747413],[-104.886346,28.741413],[-104.876672,28.739213],[-104.871283,28.731607],[-104.871996,28.727824],[-104.865953,28.726745],[-104.868098,28.71244],[-104.856185,28.703627],[-104.87107,28.69954],[-104.87191,28.696148],[-104.867022,28.693927],[-104.863794,28.687075],[-104.868111,28.682145],[-104.877143,28.683003],[-104.877534,28.676248],[-104.868519,28.673045],[-104.855308,28.649085],[-104.835055,28.631982],[-104.832851,28.624837],[-104.850332,28.621285],[-104.846093,28.609424],[-104.837842,28.607002],[-104.836788,28.59981],[-104.825319,28.59259],[-104.823852,28.585356],[-104.821223,28.589789],[-104.810907,28.589503],[-104.80289,28.58277],[-104.792171,28.581624],[-104.795142,28.560644],[-104.807105,28.549376],[-104.805272,28.543467],[-104.792721,28.537741],[-104.784845,28.523928],[-104.789902,28.500986],[-104.787728,28.494544],[-104.810435,28.492213],[-104.810815,28.489642],[-104.801012,28.459226],[-104.792446,28.447591],[-104.777677,28.437531],[-104.772652,28.42663],[-104.778342,28.422216],[-104.78624,28.406466],[-104.803229,28.395392],[-104.811948,28.385312],[-104.819988,28.384608],[-104.829777,28.376617],[-104.844812,28.360999],[-104.847314,28.349923],[-104.850886,28.348162],[-104.856335,28.352608],[-104.865229,28.348239],[-104.878182,28.353652],[-104.873967,28.358563],[-104.882791,28.363912],[-104.880192,28.372019],[-104.88866,28.382996],[-104.885339,28.388888],[-104.896498,28.400399],[-104.906516,28.397668],[-104.919636,28.404046],[-104.929502,28.399691],[-104.930184,28.393281],[-104.933834,28.390621],[-104.943795,28.389631],[-104.957865,28.409399],[-104.961075,28.421656],[-104.96827,28.426732],[-104.973519,28.426461],[-104.977019,28.434035],[-104.986135,28.4409],[-105.014151,28.454332],[-105.013913,28.460697],[-105.020114,28.469003],[-105.015658,28.476734],[-105.02135,28.48102],[-105.022264,28.489025],[-105.01751,28.495052],[-105.011454,28.515701],[-105.005314,28.523556],[-105.01001,28.547928],[-105.023174,28.554992],[-105.027884,28.552779],[-105.036955,28.556034],[-105.051728,28.551466],[-105.058573,28.555816],[-105.065702,28.554117],[-105.080243,28.557965],[-105.083022,28.566354],[-105.077413,28.578756],[-105.087415,28.584428],[-105.083673,28.589316],[-105.082309,28.600736],[-105.085868,28.612963],[-105.098727,28.627659],[-105.096143,28.639426],[-105.085811,28.65016],[-105.091092,28.661124],[-105.087484,28.677119],[-105.09026,28.688544],[-105.076345,28.704837],[-105.083922,28.710164],[-105.104817,28.713241],[-105.110603,28.718843],[-105.109774,28.729031],[-105.105338,28.730889],[-105.114093,28.739233],[-105.11896,28.76269],[-105.111614,28.77666],[-105.112291,28.788788],[-105.099837,28.795667],[-105.110195,28.803928],[-105.110281,28.810155],[-105.125026,28.826549],[-105.136615,28.831318],[-105.141363,28.827749],[-105.152481,28.828921],[-105.161726,28.833715],[-105.163724,28.839736],[-105.175252,28.84861],[-105.174891,28.85904],[-105.185538,28.87311],[-105.188916,28.887429],[-105.195823,28.887155],[-105.211122,28.897048],[-105.216626,28.904349],[-105.222836,28.904362],[-105.228585,28.908477],[-105.224234,28.910352],[-105.22331,28.918337],[-105.22047,28.919832],[-105.224786,28.928598],[-105.228647,28.928208],[-105.23211,28.935948],[-105.245569,28.947701],[-105.243253,28.959948],[-105.256499,28.975453],[-105.25707,28.982726],[-105.249903,28.988742],[-105.251642,28.99231],[-105.258941,28.987868],[-105.270205,28.987616],[-105.273189,28.984654],[-105.2778,28.987082],[-105.285867,28.983688],[-105.296043,28.984682],[-105.306033,28.98983],[-105.308555,28.98538],[-105.315352,28.983578],[-105.328911,28.988142],[-105.328591,28.991261],[-105.333741,28.993063],[-105.332344,29.001841],[-105.346376,29.020605],[-105.346934,29.025038],[-105.341487,29.027724],[-105.339728,29.03858],[-105.344064,29.04997],[-105.330498,29.05511],[-105.330347,29.063357],[-105.335173,29.073061],[-105.321857,29.073585],[-105.334905,29.092373],[-105.336011,29.09846],[-105.341893,29.100278],[-105.348364,29.115391],[-105.376321,29.129972],[-105.374737,29.135118],[-105.377422,29.13854],[-105.391413,29.144258],[-105.39625,29.153704],[-105.406844,29.159096],[-105.4268,29.179444],[-105.431066,29.182168],[-105.439997,29.177338],[-105.448863,29.185604],[-105.4482,29.193102],[-105.454352,29.207674],[-105.448097,29.220459],[-105.44822,29.237168],[-105.441474,29.255058],[-105.428996,29.264399],[-105.425888,29.27071],[-105.426021,29.275994],[-105.436301,29.288772],[-105.414702,29.319015],[-105.409286,29.331417],[-105.406544,29.349833],[-105.408546,29.35443],[-105.403007,29.371675],[-105.407296,29.380407],[-105.405704,29.399155],[-105.421887,29.414166],[-105.423311,29.42524],[-105.427736,29.432149],[-105.442642,29.438189],[-105.450836,29.448014],[-105.463025,29.446658],[-105.468435,29.452676],[-105.464917,29.455659],[-105.465541,29.462115],[-105.450959,29.465031],[-105.45136,29.476585],[-105.43591,29.519083],[-105.422452,29.536865],[-105.421525,29.556838],[-105.411431,29.56354],[-105.406842,29.584949],[-105.400393,29.588518],[-105.403852,29.595687],[-105.384101,29.6143],[-105.379204,29.632652],[-105.391519,29.634575],[-105.386951,29.647149],[-105.390442,29.656704],[-105.389875,29.674983],[-105.393538,29.679189],[-105.383026,29.684636],[-105.381514,29.719393],[-105.385255,29.722787],[-105.384197,29.72997],[-105.390078,29.730955],[-105.391747,29.740059],[-105.398544,29.744013],[-105.392205,29.749829],[-105.381552,29.747019],[-105.37877,29.753613],[-105.382015,29.756309],[-105.381364,29.76645],[-105.384742,29.766826],[-105.381598,29.772614],[-105.351562,29.788727],[-105.351595,29.796751],[-105.342618,29.810881],[-105.343296,29.827589],[-105.340446,29.833737],[-105.345257,29.847628],[-105.343329,29.853852],[-105.348246,29.861969],[-105.346287,29.866686],[-105.338666,29.872338],[-105.316427,29.873415],[-105.312083,29.86594],[-105.303364,29.860881],[-105.289942,29.869773],[-105.288041,29.886491],[-105.281365,29.868955],[-105.272486,29.862049],[-105.268611,29.852885],[-105.249757,29.853445],[-105.243476,29.858479],[-105.228671,29.860245],[-105.223715,29.864828],[-105.223057,29.871857],[-105.213369,29.868629],[-105.208951,29.870247],[-105.206096,29.882284],[-105.208242,29.894012],[-105.201787,29.895503],[-105.199223,29.886993],[-105.194496,29.888248],[-105.17664,29.88292],[-105.166208,29.860875],[-105.170123,29.856459],[-105.158661,29.851635],[-105.159127,29.846535],[-105.171725,29.847388],[-105.169244,29.837719],[-105.174534,29.837501],[-105.171542,29.82276],[-105.158225,29.815481],[-105.150539,29.806805],[-105.128715,29.804652],[-105.127995,29.817382],[-105.12351,29.821585],[-105.120188,29.842534],[-105.115611,29.848529],[-105.106589,29.847978],[-105.106858,29.843433],[-105.098476,29.838257],[-105.086046,29.822717],[-105.076712,29.834306],[-105.057051,29.832925],[-105.053821,29.837383],[-105.046737,29.838113],[-105.037179,29.829584],[-105.027723,29.834266],[-105.023392,29.850514],[-104.976654,29.88398],[-104.94196,29.88431],[-104.911922,29.91332],[-104.908302,29.920252]]]}},{"type":"Feature","id":"basin-RH24K","properties":{"id":"basin-RH24K","sourceId":"RH24K","name":"R. CONCHOS - P. EL GRANERO","nameJa":"R. CONCHOS - P. EL GRANERO","sourceName":"R. CONCHOS - P. EL GRANERO","basinType":"EXORREICA","sourceArea":"12273.95 km²","sourcePerimeter":"971.18 km","unit":"domestic basin boundary","observedPeriod":null},"geometry":{"type":"Polygon","coordinates":[[[-105.393605,29.135349],[-105.378893,29.13165],[-105.348364,29.115391],[-105.342198,29.100745],[-105.336076,29.098557],[-105.334905,29.092373],[-105.321965,29.074125],[-105.335173,29.073061],[-105.330347,29.063357],[-105.330498,29.05511],[-105.344064,29.04997],[-105.339728,29.03858],[-105.341487,29.027724],[-105.346934,29.025038],[-105.346376,29.020605],[-105.332344,29.001841],[-105.333844,28.993182],[-105.328591,28.991261],[-105.328911,28.988142],[-105.315352,28.983578],[-105.308555,28.98538],[-105.306033,28.98983],[-105.296043,28.984682],[-105.285867,28.983688],[-105.2778,28.987082],[-105.273189,28.984654],[-105.270205,28.987616],[-105.258941,28.987868],[-105.251642,28.99231],[-105.249903,28.988742],[-105.25707,28.982726],[-105.256499,28.975453],[-105.243253,28.959948],[-105.245569,28.947701],[-105.23211,28.935948],[-105.228647,28.928208],[-105.224786,28.928598],[-105.22047,28.919832],[-105.22331,28.918337],[-105.224234,28.910352],[-105.228585,28.908477],[-105.222836,28.904362],[-105.216626,28.904349],[-105.211122,28.897048],[-105.195823,28.887155],[-105.188916,28.887429],[-105.185538,28.87311],[-105.174891,28.85904],[-105.175252,28.84861],[-105.163724,28.839736],[-105.161726,28.833715],[-105.152481,28.828921],[-105.141363,28.827749],[-105.136615,28.831318],[-105.125026,28.826549],[-105.110281,28.810155],[-105.110195,28.803928],[-105.099837,28.795667],[-105.112291,28.788788],[-105.111614,28.77666],[-105.11896,28.76269],[-105.114093,28.739233],[-105.105338,28.730889],[-105.109774,28.729031],[-105.10918,28.716455],[-105.097194,28.71021],[-105.083922,28.710164],[-105.076345,28.704837],[-105.09026,28.688544],[-105.087484,28.677119],[-105.091092,28.661124],[-105.085811,28.65016],[-105.096143,28.639426],[-105.098899,28.631619],[-105.09798,28.625936],[-105.085868,28.612963],[-105.082309,28.600736],[-105.083673,28.589316],[-105.087415,28.584428],[-105.07738,28.578603],[-105.082872,28.565158],[-105.077412,28.556343],[-105.058573,28.555816],[-105.051921,28.551479],[-105.036737,28.55606],[-105.027884,28.552779],[-105.022016,28.554606],[-105.010346,28.548498],[-105.005481,28.529552],[-105.005404,28.523157],[-105.011454,28.515701],[-105.01751,28.495052],[-105.02222,28.489245],[-105.02135,28.48102],[-105.074837,28.512389],[-105.081975,28.508629],[-105.091901,28.47081],[-105.100574,28.460203],[-105.104545,28.445835],[-105.12102,28.427452],[-105.122674,28.419371],[-105.11854,28.412944],[-105.122373,28.408132],[-105.128613,28.409749],[-105.128275,28.401141],[-105.139062,28.390767],[-105.139939,28.386911],[-105.135097,28.385111],[-105.11954,28.386902],[-105.113164,28.383475],[-105.116886,28.371484],[-105.124076,28.36242],[-105.114781,28.355171],[-105.11433,28.346376],[-105.119704,28.335463],[-105.109218,28.322282],[-105.112864,28.312321],[-105.10698,28.30644],[-105.10814,28.302627],[-105.120193,28.294956],[-105.120456,28.289468],[-105.130079,28.280484],[-105.141017,28.284957],[-105.142558,28.278755],[-105.167328,28.268531],[-105.200915,28.234765],[-105.212058,28.231507],[-105.21424,28.226936],[-105.223793,28.223435],[-105.239422,28.231395],[-105.240737,28.220607],[-105.233784,28.212751],[-105.209991,28.202226],[-105.205392,28.196849],[-105.207998,28.192228],[-105.18454,28.174529],[-105.188055,28.163704],[-105.200008,28.153829],[-105.199075,28.148319],[-105.207968,28.127067],[-105.218233,28.120133],[-105.215617,28.11203],[-105.206408,28.109707],[-105.201709,28.10236],[-105.192276,28.101305],[-105.192421,28.090422],[-105.183586,28.082867],[-105.177586,28.063338],[-105.162498,28.055242],[-105.156749,28.059094],[-105.155365,28.057121],[-105.154473,28.038081],[-105.148234,28.031014],[-105.154934,28.013228],[-105.164041,28.004791],[-105.161681,27.992737],[-105.152258,27.982134],[-105.155102,27.974163],[-105.147791,27.971136],[-105.143768,27.963761],[-105.148132,27.960128],[-105.146194,27.955629],[-105.152007,27.951641],[-105.1528,27.943805],[-105.142179,27.925779],[-105.141326,27.917085],[-105.133509,27.904295],[-105.126621,27.900716],[-105.126012,27.888881],[-105.116154,27.891061],[-105.106557,27.886243],[-105.104678,27.881786],[-105.108473,27.873473],[-105.101991,27.867591],[-105.099392,27.871976],[-105.09594,27.871976],[-105.093323,27.864766],[-105.080059,27.855094],[-105.07053,27.831332],[-105.055709,27.833886],[-105.052002,27.840929],[-105.045384,27.838825],[-105.045416,27.83437],[-105.041059,27.830689],[-105.034406,27.838143],[-105.032472,27.83524],[-105.028425,27.836238],[-105.022081,27.830752],[-105.021869,27.82338],[-105.013278,27.822625],[-105.004977,27.827443],[-104.999889,27.821445],[-104.988744,27.823031],[-104.989449,27.816091],[-105.015276,27.802277],[-105.01411,27.795995],[-104.997929,27.787881],[-105.001737,27.780077],[-104.998621,27.773976],[-105.002284,27.771868],[-105.004785,27.762331],[-105.012071,27.76267],[-105.009608,27.75511],[-105.011554,27.751339],[-105.02146,27.75582],[-105.036039,27.754288],[-105.042863,27.750179],[-105.043061,27.742639],[-105.054818,27.738471],[-105.066464,27.729356],[-105.07541,27.732676],[-105.096508,27.730425],[-105.106217,27.732354],[-105.146252,27.71891],[-105.17602,27.719327],[-105.177894,27.707334],[-105.160479,27.669294],[-105.15903,27.655239],[-105.180221,27.60604],[-105.19246,27.590796],[-105.209355,27.582836],[-105.213616,27.574432],[-105.255049,27.551503],[-105.259343,27.54635],[-105.250805,27.492095],[-105.264378,27.447876],[-105.256257,27.439687],[-105.257272,27.431092],[-105.242882,27.410917],[-105.24321,27.388455],[-105.256069,27.374532],[-105.258651,27.359052],[-105.264934,27.349936],[-105.293049,27.337766],[-105.294747,27.331756],[-105.300493,27.331878],[-105.308264,27.321344],[-105.311513,27.309286],[-105.328983,27.304926],[-105.333567,27.300289],[-105.347528,27.313721],[-105.349137,27.323917],[-105.357482,27.340305],[-105.357085,27.35423],[-105.340993,27.375696],[-105.339887,27.383036],[-105.355497,27.396734],[-105.371357,27.396599],[-105.37749,27.406653],[-105.36643,27.421534],[-105.366956,27.433143],[-105.378956,27.458554],[-105.373907,27.470035],[-105.367416,27.4728],[-105.362243,27.48114],[-105.364289,27.508171],[-105.37295,27.513358],[-105.376781,27.522067],[-105.392129,27.539746],[-105.395019,27.541743],[-105.406129,27.537926],[-105.41233,27.544624],[-105.421801,27.547075],[-105.43622,27.541864],[-105.449307,27.557188],[-105.46889,27.572512],[-105.467656,27.576277],[-105.472269,27.580977],[-105.500215,27.593387],[-105.528131,27.611529],[-105.529781,27.616599],[-105.537048,27.619021],[-105.545103,27.629398],[-105.556002,27.633688],[-105.561227,27.640581],[-105.561268,27.646294],[-105.585883,27.671284],[-105.623297,27.689828],[-105.624416,27.693945],[-105.636837,27.701036],[-105.643551,27.701369],[-105.656848,27.712005],[-105.664656,27.699909],[-105.664538,27.690017],[-105.669996,27.690765],[-105.677002,27.686997],[-105.681047,27.690233],[-105.69204,27.690304],[-105.696454,27.68515],[-105.707548,27.694757],[-105.730094,27.692913],[-105.737083,27.695233],[-105.746423,27.691723],[-105.750141,27.688451],[-105.748534,27.684049],[-105.751465,27.680085],[-105.767166,27.672875],[-105.772382,27.667118],[-105.77726,27.674352],[-105.770997,27.682921],[-105.782518,27.694886],[-105.79689,27.696005],[-105.804282,27.710819],[-105.820124,27.717082],[-105.823559,27.739613],[-105.828065,27.747153],[-105.845108,27.760493],[-105.847696,27.771067],[-105.843011,27.779186],[-105.841773,27.811263],[-105.83745,27.817676],[-105.828783,27.820893],[-105.8238,27.819467],[-105.8153,27.810822],[-105.775272,27.816083],[-105.763995,27.828263],[-105.7482,27.835622],[-105.74491,27.847299],[-105.723506,27.852799],[-105.715317,27.863176],[-105.70044,27.901556],[-105.674675,27.901898],[-105.666582,27.909872],[-105.658589,27.902237],[-105.628109,27.895527],[-105.625753,27.889531],[-105.618258,27.885819],[-105.614395,27.873357],[-105.598506,27.87216],[-105.589251,27.877655],[-105.58452,27.889655],[-105.578924,27.891789],[-105.581794,27.896812],[-105.574187,27.909215],[-105.547604,27.921831],[-105.535435,27.946079],[-105.511845,27.975418],[-105.499062,27.979174],[-105.466272,27.981051],[-105.454778,27.990538],[-105.429421,27.969993],[-105.4298,27.974977],[-105.423138,27.98307],[-105.424445,27.998131],[-105.420292,28.003353],[-105.408661,28.016132],[-105.401597,28.019553],[-105.392445,28.033997],[-105.370717,28.045391],[-105.358694,28.061254],[-105.341468,28.072972],[-105.336565,28.09823],[-105.328427,28.108938],[-105.337743,28.162631],[-105.334176,28.184649],[-105.36265,28.19175],[-105.382495,28.208311],[-105.407148,28.249299],[-105.408384,28.254033],[-105.400336,28.278141],[-105.40487,28.298542],[-105.413393,28.308244],[-105.408931,28.325363],[-105.412704,28.346919],[-105.433013,28.350851],[-105.446427,28.349256],[-105.47521,28.310679],[-105.482405,28.305682],[-105.499894,28.303625],[-105.517238,28.309992],[-105.607641,28.371354],[-105.626457,28.37264],[-105.641389,28.378117],[-105.659907,28.377589],[-105.668237,28.375033],[-105.682604,28.352767],[-105.698778,28.351523],[-105.703765,28.346923],[-105.699715,28.330125],[-105.694873,28.327392],[-105.697216,28.316225],[-105.691983,28.290845],[-105.681988,28.28694],[-105.653844,28.285531],[-105.640716,28.272632],[-105.626767,28.269013],[-105.626074,28.25166],[-105.650408,28.250308],[-105.660154,28.243529],[-105.673435,28.243],[-105.683936,28.25271],[-105.707117,28.261675],[-105.747747,28.257572],[-105.769498,28.248444],[-105.792258,28.246867],[-105.852097,28.262478],[-105.864093,28.278262],[-105.894083,28.284734],[-105.936215,28.302953],[-105.95487,28.320704],[-105.952967,28.326177],[-105.962794,28.333077],[-105.960914,28.337289],[-105.964198,28.347687],[-105.954987,28.357154],[-105.958939,28.362344],[-105.954585,28.369506],[-105.956512,28.37528],[-105.962028,28.377654],[-105.968243,28.370982],[-105.971205,28.373348],[-105.973474,28.370911],[-105.975982,28.377873],[-105.995369,28.382951],[-105.994301,28.391066],[-106.009882,28.397524],[-106.024118,28.39714],[-106.024455,28.401082],[-106.034205,28.402927],[-106.035895,28.406192],[-106.033482,28.409972],[-106.036867,28.414581],[-106.041421,28.409462],[-106.059158,28.40853],[-106.06202,28.410989],[-106.068214,28.406101],[-106.073342,28.407599],[-106.087507,28.397994],[-106.092841,28.405368],[-106.089377,28.414473],[-106.095416,28.415735],[-106.101276,28.424718],[-106.110237,28.430914],[-106.115884,28.425974],[-106.128792,28.429881],[-106.126611,28.440422],[-106.131641,28.447381],[-106.16706,28.442769],[-106.182426,28.435357],[-106.221685,28.446781],[-106.245201,28.446281],[-106.256535,28.441988],[-106.262409,28.44321],[-106.269431,28.450111],[-106.276031,28.461051],[-106.275067,28.466175],[-106.281833,28.46778],[-106.295168,28.442969],[-106.31295,28.444024],[-106.30715,28.44852],[-106.304963,28.457345],[-106.312695,28.461345],[-106.313673,28.466627],[-106.319942,28.47172],[-106.317704,28.481249],[-106.336417,28.489835],[-106.337391,28.498241],[-106.333107,28.510812],[-106.339471,28.523557],[-106.349024,28.533562],[-106.362918,28.528861],[-106.373199,28.529644],[-106.376574,28.526389],[-106.375606,28.519126],[-106.398631,28.529042],[-106.399446,28.535135],[-106.387962,28.540193],[-106.383519,28.548864],[-106.374038,28.552413],[-106.367619,28.567331],[-106.359783,28.576523],[-106.379252,28.599217],[-106.388793,28.602527],[-106.383833,28.610308],[-106.384466,28.616998],[-106.38754,28.622694],[-106.401644,28.63282],[-106.401145,28.642688],[-106.407617,28.648287],[-106.403187,28.652422],[-106.401988,28.659165],[-106.409324,28.667987],[-106.415016,28.689742],[-106.429744,28.695848],[-106.431237,28.706935],[-106.447305,28.710576],[-106.44655,28.714939],[-106.454329,28.728983],[-106.450998,28.732505],[-106.454006,28.737625],[-106.452083,28.743736],[-106.462457,28.754282],[-106.45656,28.75953],[-106.459297,28.761039],[-106.458688,28.767302],[-106.46379,28.777067],[-106.473098,28.783825],[-106.47327,28.797512],[-106.469555,28.802355],[-106.472965,28.819783],[-106.470452,28.82144],[-106.482578,28.828426],[-106.485624,28.834574],[-106.4778,28.845424],[-106.478466,28.850621],[-106.487109,28.861186],[-106.500588,28.86774],[-106.500053,28.871675],[-106.513264,28.884943],[-106.516899,28.893109],[-106.514094,28.907805],[-106.529316,28.912037],[-106.536288,28.924219],[-106.546611,28.927957],[-106.542408,28.947512],[-106.531742,28.945178],[-106.51817,28.95196],[-106.510248,28.952139],[-106.497031,28.945],[-106.493033,28.938192],[-106.484433,28.932481],[-106.476865,28.931148],[-106.466375,28.935128],[-106.458894,28.932644],[-106.457618,28.935605],[-106.436558,28.942054],[-106.418779,28.937255],[-106.414209,28.944582],[-106.399578,28.948572],[-106.386065,28.961087],[-106.385682,28.945784],[-106.37872,28.93858],[-106.374765,28.939226],[-106.365562,28.926206],[-106.354089,28.930913],[-106.345473,28.922257],[-106.333997,28.916812],[-106.333957,28.913461],[-106.255345,28.915973],[-106.22223,28.945281],[-106.218142,28.961322],[-106.200632,28.956003],[-106.19314,28.958938],[-106.185168,28.957392],[-106.183544,28.951013],[-106.166832,28.958757],[-106.163923,28.956493],[-106.16271,28.963532],[-106.134662,28.969803],[-106.132185,28.976999],[-106.123593,28.98539],[-106.11274,28.989853],[-106.099484,28.98832],[-106.090715,28.995378],[-106.089614,29.002968],[-106.085033,29.005288],[-106.080003,28.999069],[-106.071758,28.997052],[-106.07023,28.987473],[-106.051778,28.95425],[-106.034128,28.948185],[-106.034753,28.937589],[-106.031395,28.927567],[-106.023012,28.916998],[-106.024652,28.909188],[-106.017025,28.898255],[-106.017442,28.8931],[-106.003254,28.883937],[-106.001978,28.868734],[-106.004425,28.866105],[-105.999848,28.858925],[-105.979461,28.853982],[-105.978693,28.848512],[-105.98214,28.84544],[-105.978279,28.839254],[-105.972652,28.834051],[-105.96878,28.835866],[-105.961096,28.832478],[-105.95674,28.822919],[-105.949755,28.8241],[-105.935424,28.819277],[-105.917805,28.8283],[-105.903336,28.844795],[-105.86509,28.85977],[-105.827408,28.880327],[-105.813689,28.895719],[-105.800138,28.90269],[-105.7926,28.916628],[-105.764682,28.928425],[-105.756357,28.923517],[-105.754989,28.932435],[-105.749779,28.937507],[-105.754747,28.941082],[-105.750968,28.944637],[-105.755142,28.952571],[-105.75296,28.957645],[-105.755037,28.969107],[-105.746677,28.970001],[-105.748499,28.974755],[-105.75221,28.975642],[-105.746579,28.980566],[-105.751455,28.985808],[-105.743206,28.987247],[-105.749016,28.994582],[-105.731147,29.002558],[-105.729214,29.007262],[-105.727088,29.00461],[-105.718295,29.00618],[-105.715378,29.001643],[-105.700316,29.002118],[-105.691862,28.979544],[-105.6838,28.97703],[-105.662918,28.978309],[-105.641081,28.996949],[-105.612159,28.996054],[-105.593468,29.004191],[-105.575822,29.00728],[-105.585722,29.034794],[-105.588808,29.061078],[-105.543551,29.077384],[-105.536944,29.088064],[-105.51802,29.097163],[-105.503675,29.096914],[-105.497632,29.080808],[-105.488818,29.077663],[-105.486743,29.087208],[-105.474898,29.096937],[-105.456736,29.104707],[-105.428055,29.110709],[-105.403227,29.121985],[-105.391413,29.121827],[-105.404586,29.131102],[-105.393605,29.135349]]]}},{"type":"Feature","id":"basin-RH24L","properties":{"id":"basin-RH24L","sourceId":"RH24L","name":"R. CONCHOS - P. DE LA BOQUILLA","nameJa":"R. CONCHOS - P. DE LA BOQUILLA","sourceName":"R. CONCHOS - P. DE LA BOQUILLA","basinType":"EXORREICA","sourceArea":"20804.80 km²","sourcePerimeter":"1124.61 km","unit":"domestic basin boundary","observedPeriod":null},"geometry":{"type":"Polygon","coordinates":[[[-107.150526,28.132688],[-107.139971,28.131896],[-107.13869,28.126441],[-107.119879,28.108892],[-107.111377,28.108805],[-107.100867,28.102376],[-107.090813,28.089234],[-107.089302,28.06762],[-107.085586,28.064051],[-107.081577,28.064784],[-107.046583,28.032767],[-107.032918,28.030599],[-106.984567,27.999588],[-106.979571,27.998748],[-106.974575,28.004257],[-106.96222,28.003057],[-106.963231,27.988468],[-106.971767,27.982097],[-106.96752,27.974768],[-106.970768,27.96923],[-106.980269,27.966607],[-106.978888,27.960943],[-106.982927,27.957737],[-106.979054,27.948742],[-106.97081,27.94766],[-106.969769,27.94233],[-106.961898,27.93471],[-106.943951,27.922884],[-106.944701,27.917262],[-106.93504,27.908851],[-106.936331,27.902979],[-106.932017,27.886158],[-106.925171,27.877912],[-106.930293,27.870333],[-106.930127,27.858049],[-106.935207,27.857716],[-106.93579,27.851637],[-106.945992,27.838478],[-106.944696,27.833059],[-106.938038,27.833773],[-106.934291,27.81441],[-106.928711,27.81237],[-106.925671,27.79817],[-106.917978,27.788861],[-106.914728,27.786171],[-106.905979,27.792194],[-106.90446,27.798586],[-106.900155,27.799475],[-106.889739,27.792872],[-106.883489,27.78449],[-106.873573,27.785321],[-106.864719,27.774314],[-106.865765,27.769361],[-106.860557,27.769233],[-106.858617,27.76183],[-106.851343,27.754688],[-106.848536,27.73458],[-106.827615,27.724735],[-106.822401,27.73607],[-106.809965,27.723925],[-106.810029,27.715408],[-106.806694,27.712202],[-106.794775,27.717628],[-106.79043,27.716381],[-106.790109,27.723327],[-106.78409,27.727138],[-106.778462,27.723042],[-106.776575,27.713959],[-106.754598,27.700495],[-106.74459,27.710682],[-106.724893,27.702953],[-106.708227,27.705724],[-106.704405,27.701583],[-106.693183,27.700265],[-106.672863,27.684111],[-106.670695,27.687044],[-106.6491,27.680966],[-106.642554,27.684026],[-106.627635,27.683056],[-106.622276,27.671784],[-106.611479,27.663367],[-106.596388,27.666172],[-106.58355,27.658946],[-106.542051,27.656687],[-106.531696,27.646199],[-106.509343,27.643275],[-106.502273,27.64745],[-106.499841,27.657306],[-106.488175,27.658392],[-106.477543,27.650166],[-106.475551,27.642561],[-106.465902,27.630972],[-106.458296,27.632581],[-106.444729,27.624712],[-106.43895,27.625651],[-106.424353,27.613036],[-106.419998,27.61563],[-106.415394,27.612537],[-106.402774,27.612211],[-106.391319,27.60192],[-106.389363,27.60653],[-106.377209,27.61114],[-106.356253,27.58944],[-106.345494,27.596957],[-106.336465,27.596177],[-106.319325,27.605108],[-106.309055,27.605961],[-106.305112,27.603445],[-106.301598,27.60862],[-106.300083,27.606001],[-106.293223,27.609736],[-106.284982,27.609533],[-106.280963,27.604418],[-106.258458,27.601411],[-106.25283,27.607503],[-106.249704,27.606407],[-106.250354,27.613389],[-106.244427,27.612375],[-106.235907,27.619444],[-106.228775,27.617776],[-106.227834,27.621734],[-106.219913,27.625086],[-106.208651,27.624833],[-106.201941,27.616953],[-106.205023,27.603195],[-106.202212,27.602032],[-106.201562,27.59528],[-106.192559,27.592731],[-106.190912,27.58127],[-106.183067,27.574103],[-106.185142,27.560645],[-106.174179,27.550529],[-106.175835,27.545051],[-106.170496,27.538972],[-106.170459,27.530337],[-106.150767,27.528179],[-106.150212,27.523083],[-106.145356,27.520209],[-106.144067,27.511586],[-106.128706,27.49682],[-106.124559,27.488225],[-106.120868,27.490168],[-106.121845,27.497823],[-106.116943,27.510218],[-106.105251,27.524186],[-106.088306,27.52664],[-106.082043,27.538753],[-106.067339,27.544847],[-106.075078,27.574421],[-106.064534,27.579017],[-106.059829,27.575989],[-106.057991,27.58437],[-106.029559,27.603744],[-106.030737,27.612767],[-106.021307,27.615698],[-106.025464,27.627686],[-106.032613,27.6367],[-106.028844,27.640933],[-106.031456,27.648495],[-106.01921,27.654322],[-106.024104,27.659959],[-106.013806,27.672985],[-105.998558,27.670054],[-105.992534,27.662788],[-105.988909,27.669069],[-105.986405,27.667381],[-105.975625,27.671226],[-105.978612,27.677003],[-105.976586,27.686393],[-105.967377,27.686263],[-105.95083,27.696424],[-105.931499,27.692364],[-105.924501,27.697569],[-105.927546,27.701201],[-105.927682,27.713674],[-105.909244,27.717899],[-105.879936,27.708293],[-105.868203,27.715015],[-105.837118,27.69753],[-105.821503,27.699256],[-105.812549,27.712039],[-105.808024,27.712457],[-105.803814,27.710234],[-105.797226,27.696261],[-105.782518,27.694886],[-105.770997,27.682921],[-105.77726,27.674352],[-105.772382,27.667118],[-105.767166,27.672875],[-105.751465,27.680085],[-105.748534,27.684049],[-105.750141,27.688451],[-105.746423,27.691723],[-105.737083,27.695233],[-105.730094,27.692913],[-105.707548,27.694757],[-105.696454,27.68515],[-105.69204,27.690304],[-105.681047,27.690233],[-105.677002,27.686997],[-105.669996,27.690765],[-105.664538,27.690017],[-105.664656,27.699909],[-105.656848,27.712005],[-105.643551,27.701369],[-105.636837,27.701036],[-105.624416,27.693945],[-105.623297,27.689828],[-105.585883,27.671284],[-105.561268,27.646294],[-105.561227,27.640581],[-105.556002,27.633688],[-105.545103,27.629398],[-105.537048,27.619021],[-105.529781,27.616599],[-105.528131,27.611529],[-105.500215,27.593387],[-105.472269,27.580977],[-105.467656,27.576277],[-105.46889,27.572512],[-105.449307,27.557188],[-105.43622,27.541864],[-105.42349,27.547099],[-105.41233,27.544624],[-105.405336,27.537767],[-105.394165,27.541535],[-105.376781,27.522067],[-105.37295,27.513358],[-105.364289,27.508171],[-105.362243,27.48114],[-105.367416,27.4728],[-105.373907,27.470035],[-105.378956,27.458554],[-105.366956,27.433143],[-105.36643,27.421534],[-105.37749,27.406653],[-105.371357,27.396599],[-105.355497,27.396734],[-105.339887,27.383036],[-105.340993,27.375696],[-105.357085,27.35423],[-105.357482,27.340305],[-105.349137,27.323917],[-105.347528,27.313721],[-105.328008,27.291463],[-105.334946,27.289767],[-105.333549,27.282731],[-105.348117,27.275834],[-105.352262,27.264506],[-105.361882,27.254926],[-105.369306,27.234366],[-105.378614,27.225518],[-105.369932,27.209911],[-105.38135,27.195215],[-105.381886,27.188917],[-105.390588,27.185235],[-105.391799,27.177029],[-105.39581,27.175698],[-105.392528,27.158725],[-105.41868,27.143086],[-105.417989,27.133766],[-105.434934,27.103995],[-105.432699,27.083151],[-105.453904,27.071522],[-105.472527,27.077203],[-105.47735,27.07273],[-105.475397,27.06194],[-105.490806,27.063295],[-105.500316,27.056884],[-105.51422,27.060528],[-105.518811,27.057175],[-105.521982,27.046721],[-105.53383,27.04171],[-105.542474,27.039582],[-105.552925,27.042867],[-105.568289,27.033622],[-105.602407,27.033663],[-105.616867,27.022537],[-105.626564,27.023614],[-105.631038,27.02018],[-105.631114,27.016145],[-105.642468,27.018998],[-105.647288,27.028653],[-105.659972,27.019604],[-105.66788,27.023535],[-105.678371,27.020703],[-105.684525,27.033432],[-105.699996,27.036958],[-105.703799,27.029534],[-105.70989,27.031643],[-105.713912,27.023586],[-105.707276,26.997692],[-105.707776,26.982603],[-105.716326,26.982781],[-105.719643,26.992597],[-105.735949,26.992158],[-105.741618,26.986708],[-105.746425,26.993389],[-105.752957,26.995006],[-105.759864,26.989725],[-105.770139,26.990556],[-105.779008,26.999032],[-105.781936,27.012578],[-105.7905,27.016451],[-105.793851,27.024988],[-105.801341,27.01684],[-105.809258,27.019894],[-105.821048,27.013048],[-105.828551,27.012565],[-105.83217,27.007931],[-105.830948,26.99853],[-105.838101,26.996413],[-105.849507,26.985554],[-105.843422,26.979404],[-105.845138,26.97279],[-105.842639,26.9661],[-105.849907,26.953066],[-105.855216,26.951325],[-105.848765,26.94301],[-105.85779,26.934356],[-105.867241,26.939686],[-105.874682,26.933098],[-105.903599,26.934202],[-105.904837,26.927206],[-105.922343,26.924743],[-105.931112,26.915666],[-105.934387,26.905613],[-105.951393,26.897027],[-105.964034,26.899767],[-105.972911,26.894619],[-105.977211,26.887629],[-105.988947,26.882863],[-105.993006,26.875094],[-106.005937,26.871446],[-106.009045,26.866688],[-106.004164,26.853903],[-105.999048,26.852333],[-105.997695,26.836727],[-105.990295,26.837298],[-105.988063,26.832401],[-105.99018,26.828777],[-105.984241,26.822653],[-105.976944,26.822138],[-105.971414,26.809001],[-105.987579,26.807298],[-105.990538,26.815333],[-105.998697,26.816827],[-106.003893,26.811732],[-106.004393,26.795969],[-106.022418,26.78463],[-106.05329,26.79019],[-106.067109,26.787542],[-106.055599,26.772105],[-106.060557,26.757939],[-106.048424,26.74812],[-106.043872,26.738019],[-106.055596,26.717838],[-106.051083,26.712545],[-106.055055,26.705368],[-106.051371,26.698275],[-106.058436,26.687973],[-106.055134,26.67526],[-106.058447,26.665946],[-106.052693,26.652756],[-106.044369,26.645916],[-106.055843,26.626655],[-106.073101,26.621244],[-106.077849,26.625792],[-106.081936,26.621608],[-106.082427,26.617923],[-106.074999,26.607458],[-106.088881,26.592328],[-106.081783,26.587478],[-106.073004,26.566041],[-106.063998,26.562016],[-106.061839,26.552164],[-106.050694,26.559023],[-106.041722,26.560052],[-106.038912,26.557666],[-106.037817,26.536479],[-106.033486,26.530807],[-106.035474,26.525154],[-106.039827,26.522992],[-106.036722,26.517894],[-106.039418,26.511262],[-106.035272,26.493221],[-106.042899,26.484802],[-106.049765,26.48338],[-106.04429,26.46862],[-106.052622,26.45806],[-106.051214,26.453477],[-106.054992,26.444967],[-106.051233,26.439834],[-106.052279,26.435273],[-106.065271,26.430567],[-106.063735,26.418189],[-106.054142,26.416985],[-106.056757,26.396692],[-106.060347,26.392905],[-106.075555,26.390996],[-106.080448,26.387294],[-106.077417,26.373514],[-106.079934,26.367505],[-106.079198,26.350945],[-106.075339,26.342483],[-106.06312,26.332306],[-106.064605,26.30604],[-106.069126,26.302741],[-106.064413,26.291094],[-106.058223,26.28659],[-106.062486,26.280819],[-106.059049,26.275238],[-106.069493,26.258805],[-106.069758,26.250382],[-106.06552,26.238712],[-106.053959,26.224396],[-106.058684,26.221527],[-106.067708,26.225255],[-106.073807,26.220595],[-106.080509,26.223922],[-106.102672,26.22473],[-106.108312,26.222335],[-106.125567,26.209769],[-106.125474,26.20513],[-106.132226,26.197784],[-106.126505,26.188984],[-106.135789,26.185664],[-106.143072,26.190144],[-106.148887,26.181257],[-106.155639,26.179506],[-106.153732,26.175067],[-106.156921,26.168018],[-106.164263,26.161552],[-106.152388,26.15547],[-106.163704,26.15005],[-106.172916,26.149046],[-106.176208,26.173154],[-106.186803,26.175199],[-106.200435,26.172838],[-106.203561,26.166586],[-106.214126,26.16096],[-106.211188,26.154664],[-106.211876,26.145033],[-106.220503,26.140125],[-106.224817,26.13256],[-106.221903,26.120993],[-106.224036,26.117005],[-106.234101,26.116474],[-106.244104,26.111691],[-106.248295,26.108715],[-106.246668,26.103445],[-106.253889,26.104977],[-106.250888,26.096565],[-106.260235,26.096158],[-106.266234,26.086094],[-106.270187,26.088807],[-106.279403,26.110477],[-106.285634,26.114151],[-106.284754,26.124392],[-106.296846,26.140194],[-106.29376,26.149383],[-106.297941,26.151412],[-106.299933,26.160762],[-106.308665,26.159905],[-106.315074,26.164832],[-106.3211,26.17748],[-106.32776,26.18236],[-106.329929,26.192917],[-106.340271,26.195909],[-106.348273,26.212139],[-106.362899,26.211546],[-106.377888,26.22106],[-106.376713,26.230391],[-106.386601,26.235647],[-106.385217,26.243977],[-106.394501,26.254168],[-106.392146,26.260617],[-106.398356,26.271239],[-106.397565,26.283439],[-106.408399,26.290689],[-106.413352,26.299838],[-106.412381,26.308441],[-106.404665,26.316812],[-106.409633,26.326692],[-106.410476,26.34542],[-106.422395,26.352287],[-106.42942,26.360853],[-106.42942,26.365222],[-106.439128,26.367792],[-106.439499,26.38409],[-106.449128,26.38499],[-106.450521,26.387745],[-106.447431,26.390846],[-106.458916,26.398834],[-106.464319,26.409791],[-106.471241,26.409832],[-106.475237,26.413346],[-106.47431,26.418403],[-106.464334,26.428923],[-106.449371,26.42689],[-106.444608,26.430834],[-106.444028,26.440169],[-106.428008,26.44336],[-106.421402,26.462637],[-106.416725,26.467772],[-106.40574,26.471448],[-106.404804,26.481748],[-106.396349,26.485318],[-106.40037,26.511798],[-106.404189,26.515867],[-106.41097,26.515403],[-106.417581,26.52982],[-106.413929,26.535591],[-106.41918,26.546713],[-106.417638,26.557095],[-106.427412,26.560576],[-106.430116,26.566118],[-106.436756,26.557592],[-106.442965,26.556147],[-106.444735,26.546838],[-106.44919,26.544954],[-106.455895,26.557246],[-106.451035,26.563762],[-106.458836,26.568836],[-106.469222,26.561221],[-106.481196,26.559847],[-106.491245,26.55027],[-106.49173,26.546389],[-106.510078,26.546412],[-106.517295,26.547935],[-106.519698,26.555623],[-106.531927,26.559291],[-106.538916,26.567541],[-106.544337,26.568836],[-106.548159,26.580398],[-106.560994,26.594854],[-106.560327,26.603738],[-106.570734,26.591101],[-106.576298,26.592581],[-106.583138,26.58716],[-106.613611,26.593937],[-106.632473,26.589669],[-106.65197,26.593232],[-106.653146,26.600626],[-106.670015,26.608735],[-106.67911,26.600727],[-106.686106,26.600252],[-106.700526,26.612282],[-106.704817,26.617864],[-106.704397,26.625978],[-106.707419,26.62743],[-106.718576,26.622994],[-106.725005,26.626097],[-106.732377,26.617799],[-106.741678,26.613509],[-106.770177,26.644129],[-106.772414,26.65165],[-106.767322,26.662846],[-106.778044,26.684427],[-106.776388,26.692061],[-106.771771,26.694514],[-106.773056,26.698987],[-106.782446,26.71369],[-106.788783,26.715393],[-106.787357,26.719275],[-106.79076,26.72513],[-106.803125,26.729925],[-106.802977,26.740614],[-106.812938,26.749251],[-106.81304,26.759892],[-106.808593,26.76482],[-106.805973,26.782228],[-106.815743,26.792236],[-106.818541,26.809625],[-106.828909,26.818809],[-106.837085,26.813938],[-106.841566,26.826692],[-106.841003,26.835123],[-106.832059,26.849184],[-106.842363,26.858315],[-106.85857,26.850211],[-106.879471,26.849349],[-106.883047,26.856793],[-106.888602,26.8587],[-106.88931,26.863439],[-106.895863,26.863613],[-106.9036,26.86849],[-106.911648,26.86827],[-106.911813,26.861835],[-106.920046,26.86332],[-106.923362,26.858239],[-106.933823,26.853112],[-106.93711,26.854815],[-106.930805,26.86953],[-106.930461,26.885175],[-106.925958,26.899915],[-106.93166,26.907277],[-106.931434,26.916961],[-106.949913,26.946289],[-106.952445,26.974486],[-106.965608,26.988463],[-106.964083,27.002557],[-106.968904,27.008594],[-106.967629,27.019695],[-106.971788,27.030302],[-106.969155,27.033085],[-106.969406,27.041636],[-106.964323,27.04216],[-106.963641,27.046894],[-106.953545,27.051785],[-106.955571,27.068973],[-106.950942,27.071523],[-106.94572,27.068204],[-106.93323,27.074667],[-106.942855,27.082563],[-106.941108,27.09086],[-106.944497,27.093707],[-106.943361,27.099122],[-106.94806,27.105568],[-106.9493,27.119681],[-106.953056,27.124101],[-106.952665,27.132037],[-106.945573,27.140718],[-106.947215,27.150998],[-106.936099,27.163628],[-106.941345,27.170705],[-106.93921,27.176375],[-106.944065,27.179024],[-106.943354,27.186068],[-106.933573,27.191766],[-106.936463,27.193342],[-106.935626,27.197502],[-106.941153,27.198793],[-106.946298,27.196549],[-106.956134,27.198175],[-106.971125,27.19291],[-106.983576,27.207797],[-107.027083,27.226253],[-107.027247,27.23224],[-107.023153,27.232673],[-107.025693,27.247713],[-107.027866,27.254248],[-107.036141,27.262124],[-107.028402,27.271744],[-107.033865,27.283606],[-107.034307,27.308109],[-107.038212,27.315108],[-107.033633,27.321761],[-107.033412,27.331854],[-107.039117,27.339455],[-107.042902,27.337165],[-107.049865,27.341087],[-107.045101,27.353881],[-107.047566,27.35858],[-107.043653,27.360381],[-107.056782,27.376807],[-107.044672,27.384404],[-107.037054,27.385321],[-107.032516,27.382226],[-107.019172,27.387846],[-107.0254,27.395382],[-107.025145,27.401107],[-107.017196,27.405254],[-107.014502,27.417987],[-107.026402,27.437774],[-107.039662,27.44122],[-107.048737,27.449649],[-107.047057,27.469151],[-107.058674,27.487843],[-107.067874,27.489025],[-107.0705,27.483761],[-107.067138,27.466427],[-107.075136,27.461798],[-107.088489,27.470465],[-107.092016,27.468588],[-107.096101,27.471138],[-107.095961,27.464592],[-107.103129,27.461001],[-107.104943,27.463323],[-107.106808,27.460849],[-107.109383,27.463653],[-107.11697,27.462651],[-107.116006,27.455559],[-107.128832,27.441097],[-107.137344,27.446628],[-107.141201,27.456815],[-107.147151,27.456916],[-107.156919,27.452895],[-107.15971,27.447224],[-107.158606,27.434386],[-107.165863,27.439092],[-107.177306,27.432838],[-107.187747,27.43351],[-107.20434,27.427472],[-107.214401,27.443139],[-107.229814,27.447732],[-107.233379,27.452743],[-107.24226,27.451043],[-107.263268,27.461065],[-107.270854,27.459492],[-107.285635,27.471403],[-107.319183,27.479602],[-107.330113,27.491822],[-107.317979,27.502857],[-107.344583,27.513617],[-107.364252,27.509947],[-107.379315,27.526303],[-107.378321,27.533885],[-107.394585,27.54177],[-107.398544,27.546789],[-107.439149,27.557386],[-107.442773,27.562821],[-107.459688,27.563156],[-107.473885,27.557339],[-107.47774,27.559154],[-107.469043,27.570388],[-107.470817,27.581181],[-107.462055,27.587237],[-107.457179,27.596144],[-107.469243,27.603913],[-107.47675,27.598984],[-107.486283,27.60143],[-107.485982,27.609465],[-107.489945,27.613562],[-107.490121,27.63446],[-107.504238,27.638332],[-107.50386,27.644642],[-107.515779,27.656283],[-107.537454,27.661702],[-107.540786,27.672233],[-107.558434,27.683259],[-107.552097,27.691466],[-107.56372,27.706715],[-107.550374,27.722626],[-107.555031,27.734973],[-107.559762,27.73709],[-107.566893,27.735045],[-107.587559,27.752208],[-107.593587,27.751303],[-107.595472,27.755599],[-107.603758,27.755355],[-107.621237,27.763289],[-107.627819,27.762931],[-107.637346,27.785403],[-107.632025,27.795247],[-107.637725,27.795849],[-107.636636,27.804697],[-107.644705,27.810077],[-107.650962,27.803677],[-107.656037,27.806874],[-107.655398,27.817024],[-107.650403,27.821779],[-107.649364,27.831369],[-107.656716,27.838123],[-107.656556,27.849311],[-107.664708,27.853187],[-107.666906,27.86018],[-107.680333,27.866854],[-107.676736,27.87061],[-107.680174,27.878806],[-107.687557,27.883964],[-107.687815,27.889993],[-107.69284,27.890953],[-107.691479,27.894636],[-107.678912,27.892107],[-107.670887,27.900783],[-107.675243,27.913099],[-107.688092,27.919415],[-107.689523,27.924005],[-107.698121,27.926427],[-107.694155,27.929091],[-107.697667,27.934536],[-107.696194,27.945107],[-107.69957,27.968806],[-107.706234,27.97672],[-107.713138,27.977963],[-107.715209,27.984878],[-107.723683,27.988933],[-107.728348,27.996986],[-107.735287,27.9986],[-107.74064,28.010977],[-107.761809,28.025358],[-107.752721,28.041699],[-107.747228,28.0447],[-107.733322,28.044336],[-107.729601,28.04165],[-107.719668,28.045455],[-107.708532,28.043161],[-107.701789,28.046714],[-107.69804,28.045427],[-107.694738,28.03639],[-107.678594,28.037033],[-107.669673,28.029183],[-107.646855,28.033522],[-107.639411,28.04076],[-107.633097,28.055442],[-107.635114,28.081947],[-107.627351,28.080884],[-107.622626,28.086757],[-107.614586,28.088518],[-107.599467,28.074176],[-107.593087,28.078136],[-107.571645,28.077357],[-107.572654,28.061032],[-107.558025,28.054979],[-107.542663,28.053649],[-107.534959,28.043102],[-107.535739,28.029758],[-107.524045,28.027281],[-107.500561,28.010557],[-107.480508,28.01124],[-107.476019,28.001823],[-107.467627,27.994944],[-107.442354,27.990553],[-107.431034,27.992114],[-107.425521,27.985674],[-107.406493,27.983771],[-107.385836,27.991497],[-107.372886,28.006276],[-107.362241,28.009063],[-107.361892,28.013708],[-107.352925,28.015854],[-107.354266,28.02207],[-107.347408,28.031648],[-107.335333,28.030816],[-107.332514,28.027832],[-107.322523,28.033025],[-107.299562,28.037956],[-107.291094,28.045505],[-107.273655,28.039282],[-107.265424,28.047505],[-107.257676,28.047408],[-107.251153,28.061615],[-107.230358,28.062249],[-107.221836,28.069097],[-107.217898,28.091262],[-107.213316,28.094227],[-107.195323,28.09543],[-107.18995,28.106678],[-107.180761,28.1118],[-107.17779,28.116937],[-107.15779,28.124438],[-107.150526,28.132688]]]}},{"type":"Feature","id":"basin-RH24M","properties":{"id":"basin-RH24M","sourceId":"RH24M","name":"R. FLORIDO","nameJa":"R. FLORIDO","sourceName":"R. FLORIDO","basinType":"EXORREICA","sourceArea":"13741.90 km²","sourcePerimeter":"791.54 km","unit":"domestic basin boundary","observedPeriod":null},"geometry":{"type":"Polygon","coordinates":[[[-104.994926,27.768529],[-104.984519,27.759888],[-104.977764,27.761987],[-104.977755,27.756936],[-104.970549,27.753357],[-104.964882,27.756156],[-104.958683,27.750078],[-104.964289,27.740819],[-104.959585,27.73306],[-104.968404,27.724754],[-104.975325,27.72319],[-104.975987,27.71794],[-104.982393,27.718436],[-104.990499,27.713205],[-104.99292,27.70766],[-104.9916,27.704126],[-104.986732,27.704389],[-104.986155,27.698706],[-104.982159,27.69669],[-104.985663,27.691917],[-104.9835,27.685375],[-104.986241,27.680884],[-104.979698,27.672822],[-104.987407,27.662999],[-104.978938,27.650246],[-104.987305,27.630984],[-104.979823,27.624569],[-104.978684,27.619244],[-104.97187,27.617181],[-104.965556,27.602505],[-104.950781,27.596181],[-104.952199,27.591151],[-104.945518,27.578567],[-104.931877,27.566372],[-104.914589,27.565614],[-104.905628,27.573654],[-104.901637,27.585062],[-104.892042,27.586349],[-104.853697,27.568971],[-104.842567,27.558359],[-104.828521,27.553628],[-104.825527,27.540837],[-104.818019,27.537542],[-104.81495,27.52903],[-104.810841,27.527026],[-104.808719,27.516982],[-104.804714,27.512848],[-104.80582,27.508978],[-104.79933,27.499212],[-104.800422,27.483366],[-104.812489,27.475551],[-104.779873,27.439049],[-104.779716,27.43188],[-104.758345,27.409077],[-104.756926,27.401738],[-104.734454,27.37667],[-104.731284,27.360869],[-104.732271,27.345396],[-104.720078,27.332573],[-104.715885,27.322738],[-104.718997,27.30028],[-104.716364,27.292834],[-104.721548,27.287873],[-104.725902,27.24458],[-104.71652,27.213829],[-104.710996,27.207362],[-104.707351,27.212451],[-104.69728,27.216856],[-104.68646,27.21831],[-104.682364,27.21287],[-104.677542,27.212249],[-104.661111,27.221327],[-104.621829,27.207514],[-104.619066,27.202556],[-104.60306,27.203359],[-104.594561,27.19745],[-104.574714,27.154329],[-104.571888,27.135993],[-104.578684,27.129169],[-104.576828,27.117919],[-104.579379,27.112178],[-104.575722,27.10083],[-104.577459,27.092764],[-104.569537,27.081421],[-104.564088,27.082706],[-104.559929,27.077448],[-104.558927,27.072108],[-104.564328,27.069253],[-104.562915,27.065888],[-104.572627,27.056946],[-104.563755,27.050229],[-104.561367,27.044404],[-104.569669,27.043509],[-104.575692,27.038778],[-104.590716,27.009012],[-104.59852,27.00693],[-104.604931,27.000681],[-104.603737,26.993397],[-104.606637,26.991634],[-104.603894,26.988773],[-104.608557,26.985482],[-104.626417,26.983017],[-104.628075,26.97747],[-104.633944,26.976634],[-104.635416,26.966737],[-104.650093,26.959048],[-104.658316,26.936245],[-104.65034,26.930159],[-104.650068,26.925425],[-104.664613,26.925255],[-104.6682,26.920508],[-104.675023,26.920083],[-104.681985,26.90626],[-104.690184,26.910966],[-104.701582,26.904526],[-104.694595,26.897167],[-104.694651,26.887633],[-104.69086,26.882374],[-104.693297,26.875893],[-104.690406,26.870458],[-104.694476,26.868362],[-104.702569,26.870684],[-104.707452,26.85911],[-104.705053,26.855505],[-104.707929,26.844028],[-104.718265,26.832322],[-104.711738,26.813679],[-104.711696,26.782109],[-104.715865,26.78008],[-104.71381,26.77277],[-104.71775,26.762377],[-104.707176,26.750592],[-104.70987,26.720449],[-104.703464,26.713546],[-104.688935,26.712062],[-104.683584,26.700616],[-104.675597,26.698776],[-104.666994,26.687856],[-104.670333,26.683026],[-104.667845,26.676098],[-104.672655,26.670153],[-104.670985,26.665163],[-104.680059,26.668568],[-104.694399,26.665395],[-104.704828,26.651726],[-104.712704,26.65301],[-104.736304,26.641759],[-104.728932,26.6358],[-104.723912,26.625573],[-104.728247,26.620969],[-104.727505,26.617029],[-104.734784,26.616938],[-104.742104,26.605252],[-104.733873,26.600701],[-104.733813,26.592266],[-104.730558,26.589983],[-104.737121,26.583634],[-104.735368,26.579589],[-104.721426,26.574353],[-104.713188,26.564263],[-104.706294,26.563896],[-104.697776,26.556948],[-104.682999,26.554807],[-104.682238,26.55138],[-104.68852,26.549405],[-104.689367,26.54354],[-104.693919,26.53974],[-104.724985,26.53015],[-104.746281,26.527057],[-104.771642,26.529402],[-104.782349,26.533209],[-104.790916,26.541418],[-104.801623,26.533804],[-104.823682,26.531565],[-104.848617,26.512634],[-104.862204,26.508201],[-104.875886,26.51403],[-104.902541,26.5351],[-104.908107,26.537076],[-104.91703,26.53434],[-104.935478,26.544091],[-104.956151,26.540494],[-104.95952,26.530755],[-104.977617,26.53214],[-104.994748,26.522692],[-105.033312,26.540954],[-105.03252,26.522426],[-105.038574,26.514184],[-105.024335,26.498776],[-105.029578,26.494145],[-105.028271,26.478241],[-105.038686,26.455607],[-105.044269,26.451667],[-105.057412,26.451703],[-105.07445,26.436254],[-105.096391,26.426698],[-105.100798,26.417216],[-105.107932,26.415213],[-105.126036,26.390457],[-105.124904,26.384347],[-105.128468,26.37521],[-105.123264,26.366577],[-105.134069,26.349667],[-105.132146,26.340502],[-105.134861,26.335467],[-105.126671,26.318739],[-105.119805,26.314867],[-105.124037,26.302111],[-105.123363,26.294111],[-105.131993,26.282793],[-105.138121,26.266614],[-105.136646,26.245772],[-105.131417,26.240742],[-105.131891,26.236685],[-105.134951,26.233072],[-105.150177,26.228839],[-105.163815,26.216795],[-105.174225,26.212588],[-105.176811,26.20415],[-105.169714,26.191849],[-105.178959,26.184927],[-105.199447,26.159893],[-105.210725,26.154637],[-105.22155,26.14431],[-105.218397,26.129329],[-105.209265,26.125187],[-105.204182,26.112069],[-105.229269,26.090465],[-105.25944,26.074508],[-105.262358,26.066507],[-105.268901,26.061612],[-105.282127,26.058129],[-105.309144,26.058242],[-105.317705,26.048176],[-105.322788,26.046698],[-105.321949,26.050229],[-105.327208,26.054742],[-105.32592,26.061184],[-105.333318,26.065153],[-105.335108,26.072272],[-105.347197,26.07297],[-105.349903,26.069481],[-105.352457,26.074186],[-105.355774,26.073968],[-105.361142,26.091465],[-105.361188,26.096369],[-105.357195,26.096962],[-105.360358,26.101526],[-105.358671,26.104832],[-105.367034,26.11155],[-105.379715,26.113144],[-105.381857,26.108748],[-105.390272,26.120891],[-105.393566,26.120418],[-105.398225,26.127271],[-105.407234,26.130963],[-105.41299,26.146052],[-105.422152,26.158099],[-105.433138,26.15878],[-105.445864,26.1727],[-105.453335,26.173541],[-105.454911,26.181677],[-105.464342,26.186283],[-105.479028,26.20068],[-105.480924,26.204407],[-105.476042,26.207713],[-105.479862,26.231796],[-105.477019,26.238636],[-105.478129,26.242892],[-105.488994,26.248802],[-105.493677,26.25881],[-105.48594,26.266749],[-105.493161,26.28415],[-105.503851,26.287051],[-105.509142,26.29327],[-105.523549,26.29093],[-105.530338,26.296079],[-105.553773,26.299926],[-105.569619,26.310579],[-105.575546,26.318976],[-105.584157,26.318938],[-105.587893,26.324225],[-105.596586,26.323993],[-105.61659,26.334576],[-105.621039,26.358149],[-105.632872,26.358512],[-105.637074,26.364707],[-105.645724,26.367184],[-105.643078,26.371733],[-105.649198,26.379109],[-105.646232,26.389206],[-105.656787,26.40163],[-105.669028,26.405728],[-105.668722,26.411764],[-105.678026,26.416332],[-105.686691,26.426409],[-105.691038,26.438721],[-105.688363,26.452818],[-105.695964,26.460393],[-105.702056,26.476105],[-105.716427,26.488752],[-105.71909,26.497922],[-105.731406,26.510431],[-105.734922,26.507799],[-105.736731,26.495126],[-105.745299,26.491276],[-105.757079,26.489033],[-105.764822,26.493157],[-105.772666,26.485212],[-105.788759,26.486631],[-105.793462,26.485328],[-105.797109,26.479476],[-105.827472,26.47913],[-105.837761,26.474513],[-105.84889,26.479043],[-105.85711,26.476319],[-105.85905,26.48102],[-105.867125,26.470704],[-105.877273,26.469669],[-105.876923,26.452033],[-105.891471,26.440926],[-105.894387,26.445206],[-105.900267,26.444489],[-105.900076,26.450854],[-105.904442,26.455886],[-105.90794,26.45558],[-105.907199,26.46633],[-105.915644,26.488098],[-105.922305,26.489102],[-105.926289,26.496269],[-105.936614,26.496174],[-105.938558,26.503789],[-105.945649,26.510641],[-105.952538,26.501125],[-105.945474,26.492439],[-105.943036,26.483859],[-105.939833,26.456066],[-105.94584,26.453277],[-105.950955,26.457859],[-105.964175,26.455083],[-105.960962,26.444518],[-105.965472,26.440646],[-105.961393,26.428038],[-105.966093,26.422135],[-105.957313,26.407008],[-105.958524,26.384255],[-105.960468,26.38019],[-105.96448,26.379954],[-105.96801,26.386716],[-105.974595,26.38816],[-105.978971,26.367142],[-105.977972,26.355773],[-105.983253,26.347505],[-105.982687,26.335153],[-105.98677,26.323697],[-105.9977,26.331449],[-106.001853,26.327589],[-106.00869,26.335743],[-106.015472,26.335178],[-106.024708,26.348521],[-106.021693,26.354593],[-106.023324,26.358367],[-106.032168,26.365624],[-106.028606,26.370264],[-106.029229,26.376181],[-106.034412,26.381203],[-106.049614,26.380529],[-106.051735,26.383849],[-106.048951,26.389595],[-106.060347,26.392905],[-106.056675,26.39697],[-106.054142,26.416985],[-106.062575,26.417438],[-106.065549,26.4219],[-106.065222,26.430681],[-106.052279,26.435273],[-106.051233,26.439834],[-106.054992,26.444967],[-106.051214,26.453477],[-106.052622,26.45806],[-106.04429,26.46862],[-106.049765,26.48338],[-106.042899,26.484802],[-106.034951,26.494231],[-106.039418,26.511262],[-106.036722,26.517894],[-106.039827,26.522992],[-106.035474,26.525154],[-106.033486,26.530807],[-106.037817,26.536479],[-106.038797,26.557503],[-106.041722,26.560052],[-106.050694,26.559023],[-106.061839,26.552164],[-106.063998,26.562016],[-106.073004,26.566041],[-106.081783,26.587478],[-106.088881,26.592328],[-106.074999,26.607458],[-106.082427,26.617923],[-106.081936,26.621608],[-106.077849,26.625792],[-106.073101,26.621244],[-106.055843,26.626655],[-106.044369,26.645916],[-106.052693,26.652756],[-106.058447,26.665946],[-106.055134,26.67526],[-106.058436,26.687973],[-106.051371,26.698275],[-106.055055,26.705368],[-106.051083,26.712545],[-106.055596,26.717838],[-106.043872,26.738019],[-106.048424,26.74812],[-106.060557,26.757939],[-106.055599,26.772105],[-106.067109,26.787542],[-106.05329,26.79019],[-106.022418,26.78463],[-106.004393,26.795969],[-106.003893,26.811732],[-105.998697,26.816827],[-105.990538,26.815333],[-105.987579,26.807298],[-105.971414,26.809001],[-105.976944,26.822138],[-105.984241,26.822653],[-105.99018,26.828777],[-105.988063,26.832401],[-105.990295,26.837298],[-105.997695,26.836727],[-105.999048,26.852333],[-106.004164,26.853903],[-106.009045,26.866688],[-106.005937,26.871446],[-105.993006,26.875094],[-105.988947,26.882863],[-105.977211,26.887629],[-105.972911,26.894619],[-105.964034,26.899767],[-105.951393,26.897027],[-105.934387,26.905613],[-105.931112,26.915666],[-105.922343,26.924743],[-105.904837,26.927206],[-105.903599,26.934202],[-105.874682,26.933098],[-105.867241,26.939686],[-105.85779,26.934356],[-105.848765,26.94301],[-105.855216,26.951325],[-105.849907,26.953066],[-105.842639,26.9661],[-105.845138,26.97279],[-105.843422,26.979404],[-105.849507,26.985554],[-105.838101,26.996413],[-105.830948,26.99853],[-105.83217,27.007931],[-105.828551,27.012565],[-105.821048,27.013048],[-105.809258,27.019894],[-105.801341,27.01684],[-105.793851,27.024988],[-105.7905,27.016451],[-105.781936,27.012578],[-105.779008,26.999032],[-105.770139,26.990556],[-105.759864,26.989725],[-105.752957,26.995006],[-105.746425,26.993389],[-105.741618,26.986708],[-105.735949,26.992158],[-105.719643,26.992597],[-105.716326,26.982781],[-105.707776,26.982603],[-105.707276,26.997692],[-105.713912,27.023586],[-105.70989,27.031643],[-105.703799,27.029534],[-105.699996,27.036958],[-105.684525,27.033432],[-105.678371,27.020703],[-105.66788,27.023535],[-105.659972,27.019604],[-105.647288,27.028653],[-105.642468,27.018998],[-105.631114,27.016145],[-105.631038,27.02018],[-105.626564,27.023614],[-105.616867,27.022537],[-105.602407,27.033663],[-105.568289,27.033622],[-105.552925,27.042867],[-105.542474,27.039582],[-105.53414,27.041621],[-105.521982,27.046721],[-105.518811,27.057175],[-105.51422,27.060528],[-105.500316,27.056884],[-105.490806,27.063295],[-105.475397,27.06194],[-105.47735,27.07273],[-105.472527,27.077203],[-105.453904,27.071522],[-105.433045,27.082806],[-105.434934,27.103995],[-105.417989,27.133766],[-105.41868,27.143086],[-105.392158,27.159247],[-105.39581,27.175698],[-105.391799,27.177029],[-105.390588,27.185235],[-105.381886,27.188917],[-105.38135,27.195215],[-105.36987,27.210078],[-105.378614,27.225518],[-105.369306,27.234366],[-105.361882,27.254926],[-105.352262,27.264506],[-105.348117,27.275834],[-105.33324,27.283009],[-105.334946,27.289767],[-105.328398,27.290428],[-105.333169,27.29675],[-105.332736,27.302267],[-105.311513,27.309286],[-105.308264,27.321344],[-105.300493,27.331878],[-105.294747,27.331756],[-105.293049,27.337766],[-105.280068,27.345322],[-105.270395,27.345566],[-105.264934,27.349936],[-105.258651,27.359052],[-105.256069,27.374532],[-105.24321,27.388455],[-105.242882,27.410917],[-105.257272,27.431092],[-105.256257,27.439687],[-105.264378,27.447876],[-105.250805,27.492095],[-105.259343,27.54635],[-105.255049,27.551503],[-105.213616,27.574432],[-105.209355,27.582836],[-105.19246,27.590796],[-105.180221,27.60604],[-105.15903,27.655239],[-105.160479,27.669294],[-105.177894,27.707334],[-105.17602,27.719327],[-105.146252,27.71891],[-105.106217,27.732354],[-105.096508,27.730425],[-105.07541,27.732676],[-105.066464,27.729356],[-105.054818,27.738471],[-105.043061,27.742639],[-105.042863,27.750179],[-105.036039,27.754288],[-105.02146,27.75582],[-105.011947,27.751188],[-105.009608,27.75511],[-105.012071,27.76267],[-105.002292,27.762401],[-104.994926,27.768529]]]}},{"type":"Feature","id":"basin-RH24N","properties":{"id":"basin-RH24N","sourceId":"RH24N","name":"R. SAN PEDRO","nameJa":"R. SAN PEDRO","sourceName":"R. SAN PEDRO","basinType":"EXORREICA","sourceArea":"12044.66 km²","sourcePerimeter":"760.66 km","unit":"domestic basin boundary","observedPeriod":null},"geometry":{"type":"Polygon","coordinates":[[[-106.53333,28.915777],[-106.514094,28.907805],[-106.516899,28.893109],[-106.513264,28.884943],[-106.500053,28.871675],[-106.500588,28.86774],[-106.487109,28.861186],[-106.478466,28.850621],[-106.4778,28.845424],[-106.485624,28.834574],[-106.482578,28.828426],[-106.470452,28.82144],[-106.472965,28.819783],[-106.469555,28.802355],[-106.47327,28.797512],[-106.473098,28.783825],[-106.46379,28.777067],[-106.458688,28.767302],[-106.459297,28.761039],[-106.45656,28.75953],[-106.462457,28.754282],[-106.452083,28.743736],[-106.454006,28.737625],[-106.450998,28.732505],[-106.454329,28.728983],[-106.44655,28.714939],[-106.447305,28.710576],[-106.431237,28.706935],[-106.429744,28.695848],[-106.415016,28.689742],[-106.409324,28.667987],[-106.401988,28.659165],[-106.403187,28.652422],[-106.407617,28.648287],[-106.401145,28.642688],[-106.401644,28.63282],[-106.38754,28.622694],[-106.384466,28.616998],[-106.383833,28.610308],[-106.388793,28.602527],[-106.379252,28.599217],[-106.359783,28.576523],[-106.367619,28.567331],[-106.374038,28.552413],[-106.383519,28.548864],[-106.387962,28.540193],[-106.399446,28.535135],[-106.398631,28.529042],[-106.375606,28.519126],[-106.376574,28.526389],[-106.373199,28.529644],[-106.362918,28.528861],[-106.349024,28.533562],[-106.339471,28.523557],[-106.333107,28.510812],[-106.337391,28.498241],[-106.336417,28.489835],[-106.317704,28.481249],[-106.319942,28.47172],[-106.313673,28.466627],[-106.312695,28.461345],[-106.304963,28.457345],[-106.30715,28.44852],[-106.31295,28.444024],[-106.295168,28.442969],[-106.281833,28.46778],[-106.275067,28.466175],[-106.276031,28.461051],[-106.269431,28.450111],[-106.262409,28.44321],[-106.256535,28.441988],[-106.245201,28.446281],[-106.221685,28.446781],[-106.182426,28.435357],[-106.16706,28.442769],[-106.131641,28.447381],[-106.126611,28.440422],[-106.128792,28.429881],[-106.115884,28.425974],[-106.110237,28.430914],[-106.101276,28.424718],[-106.095416,28.415735],[-106.089377,28.414473],[-106.092841,28.405368],[-106.087507,28.397994],[-106.073342,28.407599],[-106.068214,28.406101],[-106.06202,28.410989],[-106.059158,28.40853],[-106.041421,28.409462],[-106.036867,28.414581],[-106.033482,28.409972],[-106.035895,28.406192],[-106.034205,28.402927],[-106.024455,28.401082],[-106.024118,28.39714],[-106.009882,28.397524],[-105.994301,28.391066],[-105.995369,28.382951],[-105.975982,28.377873],[-105.973474,28.370911],[-105.971205,28.373348],[-105.968243,28.370982],[-105.962028,28.377654],[-105.956512,28.37528],[-105.954585,28.369506],[-105.958939,28.362344],[-105.954987,28.357154],[-105.964198,28.347687],[-105.960914,28.337289],[-105.962794,28.333077],[-105.952967,28.326177],[-105.95487,28.320704],[-105.936215,28.302953],[-105.894083,28.284734],[-105.864093,28.278262],[-105.852097,28.262478],[-105.792258,28.246867],[-105.769498,28.248444],[-105.747747,28.257572],[-105.707117,28.261675],[-105.683936,28.25271],[-105.673435,28.243],[-105.660154,28.243529],[-105.650408,28.250308],[-105.626074,28.25166],[-105.626767,28.269013],[-105.640716,28.272632],[-105.653844,28.285531],[-105.681988,28.28694],[-105.691983,28.290845],[-105.697216,28.316225],[-105.694873,28.327392],[-105.699715,28.330125],[-105.703765,28.346923],[-105.698778,28.351523],[-105.682604,28.352767],[-105.668237,28.375033],[-105.659907,28.377589],[-105.641389,28.378117],[-105.626457,28.37264],[-105.607641,28.371354],[-105.517238,28.309992],[-105.499894,28.303625],[-105.482405,28.305682],[-105.47521,28.310679],[-105.446427,28.349256],[-105.433013,28.350851],[-105.412704,28.346919],[-105.408931,28.325363],[-105.413393,28.308244],[-105.40487,28.298542],[-105.400336,28.278141],[-105.408384,28.254033],[-105.407148,28.249299],[-105.382495,28.208311],[-105.36265,28.19175],[-105.334176,28.184649],[-105.337743,28.162631],[-105.328427,28.108938],[-105.336565,28.09823],[-105.341025,28.082704],[-105.340229,28.07483],[-105.358694,28.061254],[-105.370717,28.045391],[-105.392445,28.033997],[-105.401597,28.019553],[-105.408661,28.016132],[-105.422537,28.000717],[-105.423138,27.98307],[-105.4298,27.974977],[-105.429421,27.969993],[-105.454778,27.990538],[-105.466272,27.981051],[-105.507584,27.977296],[-105.513796,27.973757],[-105.535435,27.946079],[-105.539085,27.934901],[-105.550263,27.918766],[-105.574187,27.909215],[-105.581794,27.896812],[-105.578924,27.891789],[-105.58452,27.889655],[-105.589251,27.877655],[-105.597822,27.872363],[-105.614395,27.873357],[-105.618258,27.885819],[-105.625753,27.889531],[-105.628109,27.895527],[-105.658589,27.902237],[-105.666582,27.909872],[-105.674675,27.901898],[-105.701378,27.901056],[-105.715317,27.863176],[-105.723506,27.852799],[-105.74491,27.847299],[-105.743939,27.8438],[-105.748975,27.834848],[-105.763995,27.828263],[-105.777854,27.814662],[-105.8153,27.810822],[-105.8238,27.819467],[-105.828783,27.820893],[-105.83745,27.817676],[-105.841773,27.811263],[-105.842788,27.780703],[-105.847472,27.76897],[-105.845108,27.760493],[-105.826325,27.744878],[-105.822845,27.737962],[-105.820927,27.718644],[-105.812549,27.712039],[-105.82095,27.699708],[-105.838978,27.697896],[-105.844282,27.703665],[-105.869867,27.715348],[-105.879936,27.708293],[-105.898706,27.716235],[-105.911029,27.717694],[-105.927682,27.713674],[-105.927546,27.701201],[-105.924501,27.697569],[-105.931499,27.692364],[-105.95083,27.696424],[-105.967377,27.686263],[-105.976586,27.686393],[-105.978612,27.677003],[-105.975625,27.671226],[-105.986405,27.667381],[-105.988909,27.669069],[-105.992534,27.662788],[-105.998558,27.670054],[-106.007087,27.673512],[-106.014283,27.672689],[-106.024104,27.659959],[-106.01921,27.654322],[-106.031456,27.648495],[-106.028844,27.640933],[-106.032613,27.6367],[-106.025464,27.627686],[-106.021307,27.615698],[-106.030737,27.612767],[-106.029559,27.603744],[-106.057991,27.58437],[-106.059829,27.575989],[-106.064534,27.579017],[-106.075078,27.574421],[-106.067339,27.544847],[-106.082043,27.538753],[-106.088306,27.52664],[-106.105251,27.524186],[-106.116943,27.510218],[-106.121845,27.497823],[-106.120868,27.490168],[-106.124559,27.488225],[-106.128706,27.49682],[-106.144067,27.511586],[-106.145356,27.520209],[-106.150212,27.523083],[-106.150767,27.528179],[-106.170459,27.530337],[-106.170496,27.538972],[-106.175835,27.545051],[-106.174179,27.550529],[-106.185142,27.560645],[-106.183067,27.574103],[-106.190912,27.58127],[-106.192559,27.592731],[-106.201562,27.59528],[-106.202212,27.602032],[-106.205023,27.603195],[-106.201941,27.616953],[-106.208651,27.624833],[-106.219913,27.625086],[-106.227834,27.621734],[-106.228775,27.617776],[-106.235907,27.619444],[-106.244427,27.612375],[-106.250354,27.613389],[-106.249704,27.606407],[-106.25283,27.607503],[-106.258458,27.601411],[-106.280963,27.604418],[-106.284982,27.609533],[-106.293223,27.609736],[-106.300083,27.606001],[-106.301598,27.60862],[-106.305112,27.603445],[-106.309055,27.605961],[-106.319325,27.605108],[-106.336465,27.596177],[-106.345494,27.596957],[-106.356253,27.58944],[-106.377209,27.61114],[-106.389363,27.60653],[-106.391319,27.60192],[-106.402774,27.612211],[-106.415394,27.612537],[-106.419998,27.61563],[-106.424353,27.613036],[-106.43895,27.625651],[-106.444729,27.624712],[-106.458296,27.632581],[-106.465902,27.630972],[-106.475551,27.642561],[-106.477543,27.650166],[-106.488175,27.658392],[-106.499841,27.657306],[-106.502273,27.64745],[-106.509343,27.643275],[-106.531696,27.646199],[-106.542051,27.656687],[-106.58355,27.658946],[-106.596388,27.666172],[-106.611479,27.663367],[-106.622276,27.671784],[-106.627635,27.683056],[-106.642554,27.684026],[-106.6491,27.680966],[-106.670695,27.687044],[-106.672863,27.684111],[-106.693183,27.700265],[-106.704405,27.701583],[-106.708227,27.705724],[-106.724893,27.702953],[-106.74459,27.710682],[-106.754598,27.700495],[-106.776575,27.713959],[-106.778462,27.723042],[-106.783663,27.727031],[-106.790109,27.723327],[-106.79043,27.716381],[-106.794775,27.717628],[-106.806305,27.71217],[-106.810029,27.715408],[-106.809965,27.723925],[-106.82266,27.7362],[-106.827615,27.724735],[-106.84018,27.728589],[-106.842933,27.733706],[-106.848698,27.734775],[-106.851343,27.754688],[-106.858617,27.76183],[-106.860557,27.769233],[-106.865765,27.769361],[-106.864719,27.774314],[-106.873573,27.785321],[-106.883489,27.78449],[-106.889739,27.792872],[-106.900155,27.799475],[-106.90446,27.798586],[-106.905979,27.792194],[-106.914728,27.786171],[-106.925671,27.79817],[-106.928711,27.81237],[-106.934291,27.81441],[-106.937372,27.832649],[-106.944035,27.832482],[-106.946033,27.83802],[-106.93579,27.851637],[-106.934957,27.858049],[-106.930127,27.858049],[-106.930293,27.870333],[-106.925171,27.877912],[-106.932017,27.886158],[-106.936331,27.902979],[-106.93504,27.908851],[-106.944701,27.917262],[-106.943951,27.922884],[-106.961898,27.93471],[-106.969769,27.94233],[-106.97081,27.94766],[-106.979054,27.948742],[-106.982511,27.955488],[-106.978763,27.961484],[-106.980269,27.966607],[-106.970768,27.96923],[-106.96752,27.974768],[-106.971767,27.982097],[-106.963231,27.988468],[-106.96222,28.003057],[-106.952105,28.006298],[-106.939619,28.001861],[-106.931743,28.00702],[-106.922835,28.006745],[-106.92116,28.019002],[-106.908313,28.022164],[-106.906861,28.027996],[-106.899446,28.027554],[-106.899343,28.041174],[-106.890159,28.048982],[-106.888749,28.054588],[-106.892705,28.062155],[-106.884191,28.075384],[-106.88586,28.084305],[-106.871943,28.101458],[-106.871332,28.111512],[-106.877398,28.125881],[-106.878029,28.184126],[-106.893156,28.180741],[-106.900608,28.182697],[-106.90702,28.191039],[-106.908671,28.209413],[-106.905575,28.216741],[-106.886233,28.237518],[-106.881139,28.248109],[-106.878242,28.267621],[-106.870569,28.274929],[-106.859949,28.270645],[-106.852003,28.273465],[-106.85291,28.296184],[-106.845023,28.308508],[-106.84804,28.323593],[-106.843398,28.327677],[-106.83017,28.329534],[-106.820283,28.345779],[-106.825157,28.35056],[-106.821828,28.355342],[-106.823385,28.37259],[-106.834584,28.38251],[-106.829766,28.401713],[-106.804934,28.413314],[-106.797351,28.420744],[-106.791996,28.433374],[-106.788075,28.431239],[-106.774966,28.434034],[-106.73609,28.43393],[-106.728719,28.421059],[-106.725022,28.423301],[-106.723429,28.430897],[-106.699785,28.432244],[-106.6954,28.438277],[-106.684108,28.437718],[-106.67941,28.430387],[-106.681213,28.426283],[-106.670584,28.424691],[-106.66796,28.4215],[-106.662888,28.425601],[-106.666088,28.437785],[-106.662647,28.444893],[-106.652275,28.449405],[-106.646124,28.447025],[-106.643592,28.450641],[-106.634099,28.446792],[-106.626503,28.448225],[-106.601844,28.436488],[-106.597773,28.440304],[-106.576201,28.425972],[-106.574736,28.421408],[-106.565709,28.424691],[-106.552087,28.41454],[-106.548985,28.419243],[-106.543354,28.42065],[-106.536587,28.430643],[-106.538272,28.43801],[-106.546472,28.443078],[-106.557574,28.456541],[-106.559266,28.464923],[-106.581822,28.474061],[-106.586013,28.478442],[-106.581338,28.494574],[-106.609091,28.522613],[-106.60214,28.543163],[-106.615216,28.548571],[-106.626042,28.561115],[-106.634025,28.564096],[-106.627292,28.579269],[-106.631755,28.586166],[-106.644221,28.589315],[-106.651331,28.596368],[-106.661924,28.593341],[-106.663409,28.601051],[-106.682454,28.609788],[-106.678828,28.615042],[-106.684682,28.622466],[-106.699901,28.625121],[-106.715805,28.617069],[-106.731938,28.622066],[-106.735336,28.627491],[-106.741931,28.626349],[-106.742823,28.645703],[-106.762775,28.660756],[-106.761802,28.664072],[-106.767116,28.671635],[-106.764924,28.676617],[-106.769143,28.6818],[-106.760298,28.683498],[-106.75164,28.691994],[-106.748115,28.701211],[-106.743699,28.704028],[-106.749755,28.706813],[-106.748858,28.711071],[-106.722455,28.722816],[-106.706673,28.737391],[-106.697416,28.730515],[-106.684829,28.73249],[-106.67291,28.740634],[-106.671123,28.747457],[-106.674931,28.75174],[-106.677215,28.76378],[-106.673886,28.768606],[-106.656144,28.77642],[-106.653164,28.782479],[-106.646145,28.785555],[-106.644434,28.792173],[-106.629727,28.80227],[-106.628983,28.806553],[-106.635238,28.814219],[-106.63391,28.822796],[-106.626901,28.830408],[-106.613721,28.83431],[-106.6131,28.841383],[-106.607152,28.850246],[-106.610136,28.857271],[-106.60242,28.857902],[-106.598764,28.863958],[-106.595175,28.862996],[-106.595962,28.873787],[-106.587462,28.888288],[-106.591685,28.897538],[-106.584368,28.904022],[-106.587372,28.911012],[-106.583752,28.913353],[-106.575624,28.906729],[-106.568664,28.905331],[-106.559771,28.913689],[-106.554119,28.911785],[-106.545315,28.915146],[-106.539456,28.912856],[-106.53333,28.915777]]]}}]}
