{"type":"FeatureCollection","features":[{"type":"Feature","properties":{"id":"bravo","name":"ブラボー"},"geometry":{"type":"MultiPolygon","coordinates":[[[[-104.970549,27.753357],[-104.964882,27.756156],[-104.958683,27.750078],[-104.964289,27.740819],[-104.959585,27.73306],[-104.968404,27.724754],[-104.975325,27.72319],[-104.975987,27.71794],[-104.982393,27.718436],[-104.990499,27.713205],[-104.99292,27.70766],[-104.9916,27.704126],[-104.986732,27.704389],[-104.986155,27.698706],[-104.982159,27.69669],[-104.985663,27.691917],[-104.9835,27.685375],[-104.986241,27.680884],[-104.979698,27.672822],[-104.987407,27.662999],[-104.978938,27.650246],[-104.987305,27.630984],[-104.979823,27.624569],[-104.978684,27.619244],[-104.97187,27.617181],[-104.965556,27.602505],[-104.950781,27.596181],[-104.952199,27.591151],[-104.945518,27.578567],[-104.931877,27.566372],[-104.914589,27.565614],[-104.905628,27.573654],[-104.901637,27.585062],[-104.892042,27.586349],[-104.853697,27.568971],[-104.842567,27.558359],[-104.828521,27.553628],[-104.825527,27.540837],[-104.818019,27.537542],[-104.81495,27.52903],[-104.810841,27.527026],[-104.808719,27.516982],[-104.804714,27.512848],[-104.80582,27.508978],[-104.79933,27.499212],[-104.800422,27.483366],[-104.812489,27.475551],[-104.779873,27.439049],[-104.779716,27.43188],[-104.758345,27.409077],[-104.756926,27.401738],[-104.734454,27.37667],[-104.731284,27.360869],[-104.732271,27.345396],[-104.720078,27.332573],[-104.715885,27.322738],[-104.718997,27.30028],[-104.716364,27.292834],[-104.721548,27.287873],[-104.725902,27.24458],[-104.71652,27.213829],[-104.710996,27.207362],[-104.707351,27.212451],[-104.69728,27.216856],[-104.68646,27.21831],[-104.682364,27.21287],[-104.677542,27.212249],[-104.661111,27.221327],[-104.621829,27.207514],[-104.619066,27.202556],[-104.60306,27.203359],[-104.594561,27.19745],[-104.574714,27.154329],[-104.571888,27.135993],[-104.578684,27.129169],[-104.576828,27.117919],[-104.579379,27.112178],[-104.575722,27.10083],[-104.577459,27.092764],[-104.569537,27.081421],[-104.564088,27.082706],[-104.559929,27.077448],[-104.558927,27.072108],[-104.564328,27.069253],[-104.562915,27.065888],[-104.572627,27.056946],[-104.563755,27.050229],[-104.561367,27.044404],[-104.569669,27.043509],[-104.575692,27.038778],[-104.590716,27.009012],[-104.59852,27.00693],[-104.604931,27.000681],[-104.603737,26.993397],[-104.606637,26.991634],[-104.603894,26.988773],[-104.608557,26.985482],[-104.626417,26.983017],[-104.628075,26.97747],[-104.633944,26.976634],[-104.635416,26.966737],[-104.650093,26.959048],[-104.658316,26.936245],[-104.65034,26.930159],[-104.650068,26.925425],[-104.664613,26.925255],[-104.6682,26.920508],[-104.675023,26.920083],[-104.681985,26.90626],[-104.690184,26.910966],[-104.701582,26.904526],[-104.694595,26.897167],[-104.694651,26.887633],[-104.69086,26.882374],[-104.693297,26.875893],[-104.690406,26.870458],[-104.694476,26.868362],[-104.702569,26.870684],[-104.707452,26.85911],[-104.705053,26.855505],[-104.707929,26.844028],[-104.718265,26.832322],[-104.711738,26.813679],[-104.711696,26.782109],[-104.715865,26.78008],[-104.71381,26.77277],[-104.71775,26.762377],[-104.707176,26.750592],[-104.70987,26.720449],[-104.703464,26.713546],[-104.688935,26.712062],[-104.683584,26.700616],[-104.675597,26.698776],[-104.666994,26.687856],[-104.670333,26.683026],[-104.667845,26.676098],[-104.672655,26.670153],[-104.670985,26.665163],[-104.680059,26.668568],[-104.694399,26.665395],[-104.704828,26.651726],[-104.712704,26.65301],[-104.736304,26.641759],[-104.728932,26.6358],[-104.723912,26.625573],[-104.728247,26.620969],[-104.727505,26.617029],[-104.734784,26.616938],[-104.742104,26.605252],[-104.733873,26.600701],[-104.733813,26.592266],[-104.730558,26.589983],[-104.737121,26.583634],[-104.735368,26.579589],[-104.721426,26.574353],[-104.713188,26.564263],[-104.706294,26.563896],[-104.697776,26.556948],[-104.682999,26.554807],[-104.682238,26.55138],[-104.68852,26.549405],[-104.689367,26.54354],[-104.693919,26.53974],[-104.724985,26.53015],[-104.746281,26.527057],[-104.771642,26.529402],[-104.782349,26.533209],[-104.790916,26.541418],[-104.801623,26.533804],[-104.823682,26.531565],[-104.848617,26.512634],[-104.862204,26.508201],[-104.875886,26.51403],[-104.902541,26.5351],[-104.908107,26.537076],[-104.91703,26.53434],[-104.935478,26.544091],[-104.956151,26.540494],[-104.95952,26.530755],[-104.977617,26.53214],[-104.994748,26.522692],[-105.033312,26.540954],[-105.03252,26.522426],[-105.038574,26.514184],[-105.024335,26.498776],[-105.029578,26.494145],[-105.028271,26.478241],[-105.038686,26.455607],[-105.044269,26.451667],[-105.057412,26.451703],[-105.07445,26.436254],[-105.096391,26.426698],[-105.100798,26.417216],[-105.107932,26.415213],[-105.126036,26.390457],[-105.124904,26.384347],[-105.128468,26.37521],[-105.123264,26.366577],[-105.134069,26.349667],[-105.132146,26.340502],[-105.134861,26.335467],[-105.126671,26.318739],[-105.119805,26.314867],[-105.124037,26.302111],[-105.123363,26.294111],[-105.131993,26.282793],[-105.138121,26.266614],[-105.136646,26.245772],[-105.131417,26.240742],[-105.131891,26.236685],[-105.134951,26.233072],[-105.150177,26.228839],[-105.163815,26.216795],[-105.174225,26.212588],[-105.176811,26.20415],[-105.169714,26.191849],[-105.178959,26.184927],[-105.199447,26.159893],[-105.210725,26.154637],[-105.22155,26.14431],[-105.218397,26.129329],[-105.209265,26.125187],[-105.204182,26.112069],[-105.229269,26.090465],[-105.25944,26.074508],[-105.262358,26.066507],[-105.268901,26.061612],[-105.282127,26.058129],[-105.309144,26.058242],[-105.317705,26.048176],[-105.322788,26.046698],[-105.321949,26.050229],[-105.327208,26.054742],[-105.32592,26.061184],[-105.333318,26.065153],[-105.335108,26.072272],[-105.347197,26.07297],[-105.349903,26.069481],[-105.352457,26.074186],[-105.355774,26.073968],[-105.361142,26.091465],[-105.361188,26.096369],[-105.357195,26.096962],[-105.360358,26.101526],[-105.358671,26.104832],[-105.367034,26.11155],[-105.379715,26.113144],[-105.381857,26.108748],[-105.390272,26.120891],[-105.393566,26.120418],[-105.398225,26.127271],[-105.407234,26.130963],[-105.41299,26.146052],[-105.422152,26.158099],[-105.433138,26.15878],[-105.445864,26.1727],[-105.453335,26.173541],[-105.454911,26.181677],[-105.464342,26.186283],[-105.479028,26.20068],[-105.480924,26.204407],[-105.476042,26.207713],[-105.479862,26.231796],[-105.477019,26.238636],[-105.478129,26.242892],[-105.488994,26.248802],[-105.493677,26.25881],[-105.48594,26.266749],[-105.493161,26.28415],[-105.503851,26.287051],[-105.509142,26.29327],[-105.523549,26.29093],[-105.530338,26.296079],[-105.553773,26.299926],[-105.569619,26.310579],[-105.575546,26.318976],[-105.584157,26.318938],[-105.587893,26.324225],[-105.596586,26.323993],[-105.61659,26.334576],[-105.621039,26.358149],[-105.632872,26.358512],[-105.637074,26.364707],[-105.645724,26.367184],[-105.643078,26.371733],[-105.649198,26.379109],[-105.646232,26.389206],[-105.656787,26.40163],[-105.669028,26.405728],[-105.668722,26.411764],[-105.678026,26.416332],[-105.686691,26.426409],[-105.691038,26.438721],[-105.688363,26.452818],[-105.695964,26.460393],[-105.702056,26.476105],[-105.716427,26.488752],[-105.71909,26.497922],[-105.731406,26.510431],[-105.734922,26.507799],[-105.736731,26.495126],[-105.745299,26.491276],[-105.757079,26.489033],[-105.764822,26.493157],[-105.772666,26.485212],[-105.788759,26.486631],[-105.793462,26.485328],[-105.797109,26.479476],[-105.827472,26.47913],[-105.837761,26.474513],[-105.84889,26.479043],[-105.85711,26.476319],[-105.85905,26.48102],[-105.867125,26.470704],[-105.877273,26.469669],[-105.876923,26.452033],[-105.891471,26.440926],[-105.894387,26.445206],[-105.900267,26.444489],[-105.900076,26.450854],[-105.904442,26.455886],[-105.90794,26.45558],[-105.907199,26.46633],[-105.915644,26.488098],[-105.922305,26.489102],[-105.926289,26.496269],[-105.936614,26.496174],[-105.938558,26.503789],[-105.945649,26.510641],[-105.952538,26.501125],[-105.945474,26.492439],[-105.943036,26.483859],[-105.939833,26.456066],[-105.94584,26.453277],[-105.950955,26.457859],[-105.964175,26.455083],[-105.960962,26.444518],[-105.965472,26.440646],[-105.961393,26.428038],[-105.966093,26.422135],[-105.957313,26.407008],[-105.958524,26.384255],[-105.960468,26.38019],[-105.96448,26.379954],[-105.96801,26.386716],[-105.974595,26.38816],[-105.978971,26.367142],[-105.977972,26.355773],[-105.983253,26.347505],[-105.982687,26.335153],[-105.98677,26.323697],[-105.9977,26.331449],[-106.001853,26.327589],[-106.00869,26.335743],[-106.015472,26.335178],[-106.024708,26.348521],[-106.021693,26.354593],[-106.023324,26.358367],[-106.032168,26.365624],[-106.028606,26.370264],[-106.029229,26.376181],[-106.034412,26.381203],[-106.049614,26.380529],[-106.051735,26.383849],[-106.048951,26.389595],[-106.060347,26.392905],[-106.075555,26.390996],[-106.080448,26.387294],[-106.077417,26.373514],[-106.079934,26.367505],[-106.079198,26.350945],[-106.075339,26.342483],[-106.06312,26.332306],[-106.064605,26.30604],[-106.069126,26.302741],[-106.064413,26.291094],[-106.058223,26.28659],[-106.062486,26.280819],[-106.059049,26.275238],[-106.069493,26.258805],[-106.069758,26.250382],[-106.06552,26.238712],[-106.053959,26.224396],[-106.058684,26.221527],[-106.067708,26.225255],[-106.073807,26.220595],[-106.080509,26.223922],[-106.102672,26.22473],[-106.108312,26.222335],[-106.125567,26.209769],[-106.125474,26.20513],[-106.132226,26.197784],[-106.126505,26.188984],[-106.135789,26.185664],[-106.143072,26.190144],[-106.148887,26.181257],[-106.155639,26.179506],[-106.153732,26.175067],[-106.156921,26.168018],[-106.164263,26.161552],[-106.152388,26.15547],[-106.163704,26.15005],[-106.172916,26.149046],[-106.176208,26.173154],[-106.186803,26.175199],[-106.200435,26.172838],[-106.203561,26.166586],[-106.214126,26.16096],[-106.211188,26.154664],[-106.211876,26.145033],[-106.220503,26.140125],[-106.224817,26.13256],[-106.221903,26.120993],[-106.224036,26.117005],[-106.234101,26.116474],[-106.244104,26.111691],[-106.248295,26.108715],[-106.246668,26.103445],[-106.253889,26.104977],[-106.250888,26.096565],[-106.260235,26.096158],[-106.266234,26.086094],[-106.270187,26.088807],[-106.279403,26.110477],[-106.285634,26.114151],[-106.284754,26.124392],[-106.296846,26.140194],[-106.29376,26.149383],[-106.297941,26.151412],[-106.299933,26.160762],[-106.308665,26.159905],[-106.315074,26.164832],[-106.3211,26.17748],[-106.32776,26.18236],[-106.329929,26.192917],[-106.340271,26.195909],[-106.348273,26.212139],[-106.362899,26.211546],[-106.377888,26.22106],[-106.376713,26.230391],[-106.386601,26.235647],[-106.385217,26.243977],[-106.394501,26.254168],[-106.392146,26.260617],[-106.398356,26.271239],[-106.397565,26.283439],[-106.408399,26.290689],[-106.413352,26.299838],[-106.412381,26.308441],[-106.404665,26.316812],[-106.409633,26.326692],[-106.410476,26.34542],[-106.422395,26.352287],[-106.42942,26.360853],[-106.42942,26.365222],[-106.439128,26.367792],[-106.439499,26.38409],[-106.449128,26.38499],[-106.450521,26.387745],[-106.447431,26.390846],[-106.458916,26.398834],[-106.464319,26.409791],[-106.471241,26.409832],[-106.475237,26.413346],[-106.47431,26.418403],[-106.464334,26.428923],[-106.449371,26.42689],[-106.444608,26.430834],[-106.444028,26.440169],[-106.428008,26.44336],[-106.421402,26.462637],[-106.416725,26.467772],[-106.40574,26.471448],[-106.404804,26.481748],[-106.396349,26.485318],[-106.40037,26.511798],[-106.404189,26.515867],[-106.41097,26.515403],[-106.417581,26.52982],[-106.413929,26.535591],[-106.41918,26.546713],[-106.417638,26.557095],[-106.427412,26.560576],[-106.430116,26.566118],[-106.436756,26.557592],[-106.442965,26.556147],[-106.444735,26.546838],[-106.44919,26.544954],[-106.455895,26.557246],[-106.451035,26.563762],[-106.458836,26.568836],[-106.469222,26.561221],[-106.481196,26.559847],[-106.491245,26.55027],[-106.49173,26.546389],[-106.510078,26.546412],[-106.517295,26.547935],[-106.519698,26.555623],[-106.531927,26.559291],[-106.538916,26.567541],[-106.544337,26.568836],[-106.548159,26.580398],[-106.560994,26.594854],[-106.560327,26.603738],[-106.570734,26.591101],[-106.576298,26.592581],[-106.583138,26.58716],[-106.613611,26.593937],[-106.632473,26.589669],[-106.65197,26.593232],[-106.653146,26.600626],[-106.670015,26.608735],[-106.67911,26.600727],[-106.686106,26.600252],[-106.700526,26.612282],[-106.704817,26.617864],[-106.704397,26.625978],[-106.707419,26.62743],[-106.718576,26.622994],[-106.725005,26.626097],[-106.732377,26.617799],[-106.741678,26.613509],[-106.770177,26.644129],[-106.772414,26.65165],[-106.767322,26.662846],[-106.778044,26.684427],[-106.776388,26.692061],[-106.771771,26.694514],[-106.773056,26.698987],[-106.782446,26.71369],[-106.788783,26.715393],[-106.787357,26.719275],[-106.79076,26.72513],[-106.803125,26.729925],[-106.802977,26.740614],[-106.812938,26.749251],[-106.81304,26.759892],[-106.808593,26.76482],[-106.805973,26.782228],[-106.815743,26.792236],[-106.818541,26.809625],[-106.828909,26.818809],[-106.837085,26.813938],[-106.841566,26.826692],[-106.841003,26.835123],[-106.832059,26.849184],[-106.842363,26.858315],[-106.85857,26.850211],[-106.879471,26.849349],[-106.883047,26.856793],[-106.888602,26.8587],[-106.88931,26.863439],[-106.895863,26.863613],[-106.9036,26.86849],[-106.911648,26.86827],[-106.911813,26.861835],[-106.920046,26.86332],[-106.923362,26.858239],[-106.933823,26.853112],[-106.93711,26.854815],[-106.930805,26.86953],[-106.930461,26.885175],[-106.925958,26.899915],[-106.93166,26.907277],[-106.931434,26.916961],[-106.949913,26.946289],[-106.952445,26.974486],[-106.965608,26.988463],[-106.964083,27.002557],[-106.968904,27.008594],[-106.967629,27.019695],[-106.971788,27.030302],[-106.969155,27.033085],[-106.969406,27.041636],[-106.964323,27.04216],[-106.963641,27.046894],[-106.953545,27.051785],[-106.955571,27.068973],[-106.950942,27.071523],[-106.94572,27.068204],[-106.93323,27.074667],[-106.942855,27.082563],[-106.941108,27.09086],[-106.944497,27.093707],[-106.943361,27.099122],[-106.94806,27.105568],[-106.9493,27.119681],[-106.953056,27.124101],[-106.952665,27.132037],[-106.945573,27.140718],[-106.947215,27.150998],[-106.936099,27.163628],[-106.941345,27.170705],[-106.93921,27.176375],[-106.944065,27.179024],[-106.943354,27.186068],[-106.933573,27.191766],[-106.936463,27.193342],[-106.935626,27.197502],[-106.941153,27.198793],[-106.946298,27.196549],[-106.956134,27.198175],[-106.971125,27.19291],[-106.983576,27.207797],[-107.027083,27.226253],[-107.027247,27.23224],[-107.023153,27.232673],[-107.025693,27.247713],[-107.027866,27.254248],[-107.036141,27.262124],[-107.028402,27.271744],[-107.033865,27.283606],[-107.034307,27.308109],[-107.038212,27.315108],[-107.033633,27.321761],[-107.033412,27.331854],[-107.039117,27.339455],[-107.042902,27.337165],[-107.049865,27.341087],[-107.045101,27.353881],[-107.047566,27.35858],[-107.043653,27.360381],[-107.056782,27.376807],[-107.044672,27.384404],[-107.037054,27.385321],[-107.032516,27.382226],[-107.019172,27.387846],[-107.0254,27.395382],[-107.025145,27.401107],[-107.017196,27.405254],[-107.014502,27.417987],[-107.026402,27.437774],[-107.039662,27.44122],[-107.048737,27.449649],[-107.047057,27.469151],[-107.058674,27.487843],[-107.067874,27.489025],[-107.0705,27.483761],[-107.067138,27.466427],[-107.075136,27.461798],[-107.088489,27.470465],[-107.092016,27.468588],[-107.096101,27.471138],[-107.095961,27.464592],[-107.103129,27.461001],[-107.104943,27.463323],[-107.106808,27.460849],[-107.109383,27.463653],[-107.11697,27.462651],[-107.116006,27.455559],[-107.128832,27.441097],[-107.137344,27.446628],[-107.141201,27.456815],[-107.147151,27.456916],[-107.156919,27.452895],[-107.15971,27.447224],[-107.158606,27.434386],[-107.165863,27.439092],[-107.177306,27.432838],[-107.187747,27.43351],[-107.20434,27.427472],[-107.214401,27.443139],[-107.229814,27.447732],[-107.233379,27.452743],[-107.24226,27.451043],[-107.263268,27.461065],[-107.270854,27.459492],[-107.285635,27.471403],[-107.319183,27.479602],[-107.330113,27.491822],[-107.317979,27.502857],[-107.344583,27.513617],[-107.364252,27.509947],[-107.379315,27.526303],[-107.378321,27.533885],[-107.394585,27.54177],[-107.398544,27.546789],[-107.439149,27.557386],[-107.442773,27.562821],[-107.459688,27.563156],[-107.473885,27.557339],[-107.47774,27.559154],[-107.469043,27.570388],[-107.470817,27.581181],[-107.462055,27.587237],[-107.457179,27.596144],[-107.469243,27.603913],[-107.47675,27.598984],[-107.486283,27.60143],[-107.485982,27.609465],[-107.489945,27.613562],[-107.490121,27.63446],[-107.504238,27.638332],[-107.50386,27.644642],[-107.515779,27.656283],[-107.537454,27.661702],[-107.540786,27.672233],[-107.558434,27.683259],[-107.552097,27.691466],[-107.56372,27.706715],[-107.550374,27.722626],[-107.555031,27.734973],[-107.559762,27.73709],[-107.566893,27.735045],[-107.587559,27.752208],[-107.593587,27.751303],[-107.595472,27.755599],[-107.603758,27.755355],[-107.621237,27.763289],[-107.627819,27.762931],[-107.637346,27.785403],[-107.632025,27.795247],[-107.637725,27.795849],[-107.636636,27.804697],[-107.644705,27.810077],[-107.650962,27.803677],[-107.656037,27.806874],[-107.655398,27.817024],[-107.650403,27.821779],[-107.649364,27.831369],[-107.656716,27.838123],[-107.656556,27.849311],[-107.664708,27.853187],[-107.666906,27.86018],[-107.680333,27.866854],[-107.676736,27.87061],[-107.680174,27.878806],[-107.687557,27.883964],[-107.687815,27.889993],[-107.69284,27.890953],[-107.691479,27.894636],[-107.678912,27.892107],[-107.670887,27.900783],[-107.675243,27.913099],[-107.688092,27.919415],[-107.689523,27.924005],[-107.698121,27.926427],[-107.694155,27.929091],[-107.697667,27.934536],[-107.696194,27.945107],[-107.69957,27.968806],[-107.706234,27.97672],[-107.713138,27.977963],[-107.715209,27.984878],[-107.723683,27.988933],[-107.728348,27.996986],[-107.735287,27.9986],[-107.74064,28.010977],[-107.761809,28.025358],[-107.752721,28.041699],[-107.747228,28.0447],[-107.733322,28.044336],[-107.729601,28.04165],[-107.719668,28.045455],[-107.708532,28.043161],[-107.701789,28.046714],[-107.69804,28.045427],[-107.694738,28.03639],[-107.678594,28.037033],[-107.669673,28.029183],[-107.646855,28.033522],[-107.639411,28.04076],[-107.633097,28.055442],[-107.635114,28.081947],[-107.627351,28.080884],[-107.622626,28.086757],[-107.614586,28.088518],[-107.599467,28.074176],[-107.593087,28.078136],[-107.571645,28.077357],[-107.572654,28.061032],[-107.558025,28.054979],[-107.542663,28.053649],[-107.534959,28.043102],[-107.535739,28.029758],[-107.524045,28.027281],[-107.500561,28.010557],[-107.480508,28.01124],[-107.476019,28.001823],[-107.467627,27.994944],[-107.442354,27.990553],[-107.431034,27.992114],[-107.425521,27.985674],[-107.406493,27.983771],[-107.385836,27.991497],[-107.372886,28.006276],[-107.362241,28.009063],[-107.361892,28.013708],[-107.352925,28.015854],[-107.354266,28.02207],[-107.347408,28.031648],[-107.335333,28.030816],[-107.332514,28.027832],[-107.322523,28.033025],[-107.299562,28.037956],[-107.291094,28.045505],[-107.273655,28.039282],[-107.265424,28.047505],[-107.257676,28.047408],[-107.251153,28.061615],[-107.230358,28.062249],[-107.221836,28.069097],[-107.217898,28.091262],[-107.213316,28.094227],[-107.195323,28.09543],[-107.18995,28.106678],[-107.180761,28.1118],[-107.17779,28.116937],[-107.15779,28.124438],[-107.150526,28.132688],[-107.139971,28.131896],[-107.13869,28.126441],[-107.119879,28.108892],[-107.111377,28.108805],[-107.100867,28.102376],[-107.090813,28.089234],[-107.089302,28.06762],[-107.085586,28.064051],[-107.081577,28.064784],[-107.046583,28.032767],[-107.032918,28.030599],[-106.984567,27.999588],[-106.979571,27.998748],[-106.974575,28.004257],[-106.96222,28.003057],[-106.952105,28.006298],[-106.939619,28.001861],[-106.931743,28.00702],[-106.922835,28.006745],[-106.92116,28.019002],[-106.908313,28.022164],[-106.906861,28.027996],[-106.899446,28.027554],[-106.899343,28.041174],[-106.890159,28.048982],[-106.888749,28.054588],[-106.892705,28.062155],[-106.884191,28.075384],[-106.88586,28.084305],[-106.871943,28.101458],[-106.871332,28.111512],[-106.877398,28.125881],[-106.878029,28.184126],[-106.893156,28.180741],[-106.900608,28.182697],[-106.90702,28.191039],[-106.908671,28.209413],[-106.905575,28.216741],[-106.886233,28.237518],[-106.881139,28.248109],[-106.878242,28.267621],[-106.870569,28.274929],[-106.859949,28.270645],[-106.852003,28.273465],[-106.85291,28.296184],[-106.845023,28.308508],[-106.84804,28.323593],[-106.843398,28.327677],[-106.83017,28.329534],[-106.820283,28.345779],[-106.825157,28.35056],[-106.821828,28.355342],[-106.823385,28.37259],[-106.834584,28.38251],[-106.829766,28.401713],[-106.804934,28.413314],[-106.797351,28.420744],[-106.791996,28.433374],[-106.788075,28.431239],[-106.774966,28.434034],[-106.73609,28.43393],[-106.728719,28.421059],[-106.725022,28.423301],[-106.723429,28.430897],[-106.699785,28.432244],[-106.6954,28.438277],[-106.684108,28.437718],[-106.67941,28.430387],[-106.681213,28.426283],[-106.670584,28.424691],[-106.66796,28.4215],[-106.662888,28.425601],[-106.666088,28.437785],[-106.662647,28.444893],[-106.652275,28.449405],[-106.646124,28.447025],[-106.643592,28.450641],[-106.634099,28.446792],[-106.626503,28.448225],[-106.601844,28.436488],[-106.597773,28.440304],[-106.576201,28.425972],[-106.574736,28.421408],[-106.565709,28.424691],[-106.552087,28.41454],[-106.548985,28.419243],[-106.543354,28.42065],[-106.536587,28.430643],[-106.538272,28.43801],[-106.546472,28.443078],[-106.557574,28.456541],[-106.559266,28.464923],[-106.581822,28.474061],[-106.586013,28.478442],[-106.581338,28.494574],[-106.609091,28.522613],[-106.60214,28.543163],[-106.615216,28.548571],[-106.626042,28.561115],[-106.634025,28.564096],[-106.627292,28.579269],[-106.631755,28.586166],[-106.644221,28.589315],[-106.651331,28.596368],[-106.661924,28.593341],[-106.663409,28.601051],[-106.682454,28.609788],[-106.678828,28.615042],[-106.684682,28.622466],[-106.699901,28.625121],[-106.715805,28.617069],[-106.731938,28.622066],[-106.735336,28.627491],[-106.741931,28.626349],[-106.742823,28.645703],[-106.762775,28.660756],[-106.761802,28.664072],[-106.767116,28.671635],[-106.764924,28.676617],[-106.769143,28.6818],[-106.760298,28.683498],[-106.75164,28.691994],[-106.748115,28.701211],[-106.743699,28.704028],[-106.749755,28.706813],[-106.748858,28.711071],[-106.722455,28.722816],[-106.706673,28.737391],[-106.697416,28.730515],[-106.684829,28.73249],[-106.67291,28.740634],[-106.671123,28.747457],[-106.674931,28.75174],[-106.677215,28.76378],[-106.673886,28.768606],[-106.656144,28.77642],[-106.653164,28.782479],[-106.646145,28.785555],[-106.644434,28.792173],[-106.629727,28.80227],[-106.628983,28.806553],[-106.635238,28.814219],[-106.63391,28.822796],[-106.626901,28.830408],[-106.613721,28.83431],[-106.6131,28.841383],[-106.607152,28.850246],[-106.610136,28.857271],[-106.60242,28.857902],[-106.598764,28.863958],[-106.595175,28.862996],[-106.595962,28.873787],[-106.587462,28.888288],[-106.591685,28.897538],[-106.584368,28.904022],[-106.587372,28.911012],[-106.583752,28.913353],[-106.575624,28.906729],[-106.568664,28.905331],[-106.559771,28.913689],[-106.554119,28.911785],[-106.545315,28.915146],[-106.539456,28.912856],[-106.53333,28.915777],[-106.53087392694555,28.9147591265133],[-106.536288,28.924219],[-106.546611,28.927957],[-106.542408,28.947512],[-106.531742,28.945178],[-106.51817,28.95196],[-106.510248,28.952139],[-106.497031,28.945],[-106.493033,28.938192],[-106.484433,28.932481],[-106.476865,28.931148],[-106.466375,28.935128],[-106.458894,28.932644],[-106.457618,28.935605],[-106.436558,28.942054],[-106.418779,28.937255],[-106.414209,28.944582],[-106.399578,28.948572],[-106.386065,28.961087],[-106.385682,28.945784],[-106.37872,28.93858],[-106.374765,28.939226],[-106.365562,28.926206],[-106.354089,28.930913],[-106.345473,28.922257],[-106.333997,28.916812],[-106.333957,28.913461],[-106.255345,28.915973],[-106.22223,28.945281],[-106.218142,28.961322],[-106.200632,28.956003],[-106.19314,28.958938],[-106.185168,28.957392],[-106.183544,28.951013],[-106.166832,28.958757],[-106.163923,28.956493],[-106.16271,28.963532],[-106.134662,28.969803],[-106.132185,28.976999],[-106.123593,28.98539],[-106.11274,28.989853],[-106.099484,28.98832],[-106.090715,28.995378],[-106.089614,29.002968],[-106.085033,29.005288],[-106.080003,28.999069],[-106.071758,28.997052],[-106.07023,28.987473],[-106.051778,28.95425],[-106.034128,28.948185],[-106.034753,28.937589],[-106.031395,28.927567],[-106.023012,28.916998],[-106.024652,28.909188],[-106.017025,28.898255],[-106.017442,28.8931],[-106.003254,28.883937],[-106.001978,28.868734],[-106.004425,28.866105],[-105.999848,28.858925],[-105.979461,28.853982],[-105.978693,28.848512],[-105.98214,28.84544],[-105.978279,28.839254],[-105.972652,28.834051],[-105.96878,28.835866],[-105.961096,28.832478],[-105.95674,28.822919],[-105.949755,28.8241],[-105.935424,28.819277],[-105.917805,28.8283],[-105.903336,28.844795],[-105.86509,28.85977],[-105.827408,28.880327],[-105.813689,28.895719],[-105.800138,28.90269],[-105.7926,28.916628],[-105.764682,28.928425],[-105.756357,28.923517],[-105.754989,28.932435],[-105.749779,28.937507],[-105.754747,28.941082],[-105.750968,28.944637],[-105.755142,28.952571],[-105.75296,28.957645],[-105.755037,28.969107],[-105.746677,28.970001],[-105.748499,28.974755],[-105.75221,28.975642],[-105.746579,28.980566],[-105.751455,28.985808],[-105.743206,28.987247],[-105.749016,28.994582],[-105.731147,29.002558],[-105.729214,29.007262],[-105.727088,29.00461],[-105.718295,29.00618],[-105.715378,29.001643],[-105.700316,29.002118],[-105.691862,28.979544],[-105.6838,28.97703],[-105.662918,28.978309],[-105.641081,28.996949],[-105.612159,28.996054],[-105.593468,29.004191],[-105.575822,29.00728],[-105.585722,29.034794],[-105.588808,29.061078],[-105.543551,29.077384],[-105.536944,29.088064],[-105.51802,29.097163],[-105.503675,29.096914],[-105.497632,29.080808],[-105.488818,29.077663],[-105.486743,29.087208],[-105.474898,29.096937],[-105.456736,29.104707],[-105.428055,29.110709],[-105.403227,29.121985],[-105.391413,29.121827],[-105.404586,29.131102],[-105.393605,29.135349],[-105.378893,29.13165],[-105.37623948979396,29.13023680525271],[-105.374737,29.135118],[-105.377422,29.13854],[-105.391413,29.144258],[-105.39625,29.153704],[-105.406844,29.159096],[-105.4268,29.179444],[-105.431066,29.182168],[-105.439997,29.177338],[-105.448863,29.185604],[-105.4482,29.193102],[-105.454352,29.207674],[-105.448097,29.220459],[-105.44822,29.237168],[-105.441474,29.255058],[-105.428996,29.264399],[-105.425888,29.27071],[-105.426021,29.275994],[-105.436301,29.288772],[-105.414702,29.319015],[-105.409286,29.331417],[-105.406544,29.349833],[-105.408546,29.35443],[-105.403007,29.371675],[-105.407296,29.380407],[-105.405704,29.399155],[-105.421887,29.414166],[-105.423311,29.42524],[-105.427736,29.432149],[-105.442642,29.438189],[-105.450836,29.448014],[-105.463025,29.446658],[-105.468435,29.452676],[-105.464917,29.455659],[-105.465541,29.462115],[-105.450959,29.465031],[-105.45136,29.476585],[-105.43591,29.519083],[-105.422452,29.536865],[-105.421525,29.556838],[-105.411431,29.56354],[-105.406842,29.584949],[-105.400393,29.588518],[-105.403852,29.595687],[-105.384101,29.6143],[-105.379204,29.632652],[-105.391519,29.634575],[-105.386951,29.647149],[-105.390442,29.656704],[-105.389875,29.674983],[-105.393538,29.679189],[-105.383026,29.684636],[-105.381514,29.719393],[-105.385255,29.722787],[-105.384197,29.72997],[-105.390078,29.730955],[-105.391747,29.740059],[-105.398544,29.744013],[-105.392205,29.749829],[-105.381552,29.747019],[-105.37877,29.753613],[-105.382015,29.756309],[-105.381364,29.76645],[-105.384742,29.766826],[-105.381598,29.772614],[-105.351562,29.788727],[-105.351595,29.796751],[-105.342618,29.810881],[-105.343296,29.827589],[-105.340446,29.833737],[-105.345257,29.847628],[-105.343329,29.853852],[-105.348246,29.861969],[-105.346287,29.866686],[-105.338666,29.872338],[-105.316427,29.873415],[-105.312083,29.86594],[-105.303364,29.860881],[-105.289942,29.869773],[-105.288041,29.886491],[-105.281365,29.868955],[-105.272486,29.862049],[-105.268611,29.852885],[-105.249757,29.853445],[-105.243476,29.858479],[-105.228671,29.860245],[-105.223715,29.864828],[-105.223057,29.871857],[-105.213369,29.868629],[-105.208951,29.870247],[-105.206096,29.882284],[-105.208242,29.894012],[-105.201787,29.895503],[-105.199223,29.886993],[-105.194496,29.888248],[-105.17664,29.88292],[-105.166208,29.860875],[-105.170123,29.856459],[-105.158661,29.851635],[-105.159127,29.846535],[-105.171725,29.847388],[-105.169244,29.837719],[-105.174534,29.837501],[-105.171542,29.82276],[-105.158225,29.815481],[-105.150539,29.806805],[-105.128715,29.804652],[-105.127995,29.817382],[-105.12351,29.821585],[-105.120188,29.842534],[-105.115611,29.848529],[-105.106589,29.847978],[-105.106858,29.843433],[-105.098476,29.838257],[-105.086046,29.822717],[-105.076712,29.834306],[-105.057051,29.832925],[-105.053821,29.837383],[-105.046737,29.838113],[-105.037179,29.829584],[-105.027723,29.834266],[-105.023392,29.850514],[-104.976654,29.88398],[-104.94196,29.88431],[-104.911922,29.91332],[-104.908302,29.920252],[-104.86779,29.924899],[-104.862799,29.915982],[-104.853903,29.917904],[-104.841494,29.914234],[-104.83275093150121,29.906772709844553],[-104.832794,29.906993],[-104.818133,29.91727],[-104.820278,29.92495],[-104.813065,29.93168],[-104.818917,29.934083],[-104.822515,29.940794],[-104.820139,29.947137],[-104.824913,29.950827],[-104.820854,29.966625],[-104.829111,29.971838],[-104.828419,29.976496],[-104.831994,29.978964],[-104.83287,29.986898],[-104.828211,29.995039],[-104.835177,29.995501],[-104.846501,30.005995],[-104.862899,30.004588],[-104.870233,30.011184],[-104.868342,30.016719],[-104.856303,30.024399],[-104.861169,30.031668],[-104.870371,30.034501],[-104.875749,30.045002],[-104.87337,30.054912],[-104.877567,30.065383],[-104.867834,30.072233],[-104.852349,30.074269],[-104.853386,30.093855],[-104.863219,30.105389],[-104.870633,30.104857],[-104.880023,30.113282],[-104.888237,30.111529],[-104.889555,30.12625],[-104.880362,30.132092],[-104.883948,30.13595],[-104.880865,30.138581],[-104.894669,30.153728],[-104.893649,30.160974],[-104.887534,30.16513],[-104.885162,30.174099],[-104.898246,30.174487],[-104.903852,30.18052],[-104.902593,30.189478],[-104.915552,30.201199],[-104.926217,30.225006],[-104.932283,30.231797],[-104.934119,30.244161],[-104.928878,30.251616],[-104.938913,30.254663],[-104.944296,30.261671],[-104.944743,30.269654],[-104.939664,30.273168],[-104.93936,30.284402],[-104.953254,30.305873],[-104.954777,30.318182],[-104.94587,30.322997],[-104.942278,30.331673],[-104.947383,30.337927],[-104.938811,30.347454],[-104.946571,30.359459],[-104.943564,30.370652],[-104.959432,30.38783],[-104.964044,30.399631],[-104.961658,30.408754],[-104.967331,30.416417],[-104.960343,30.434394],[-104.95821,30.450097],[-104.952563,30.458648],[-104.957702,30.478454],[-104.960059,30.479673],[-104.963045,30.473985],[-104.980555,30.462386],[-104.996033,30.457348],[-105.014482,30.456227],[-105.01722,30.452412],[-105.032618,30.455439],[-105.042815,30.452737],[-105.049863,30.464377],[-105.06199,30.47433],[-105.065545,30.471608],[-105.075408,30.472764],[-105.077936,30.468988],[-105.087854,30.466331],[-105.092176,30.473924],[-105.097356,30.475955],[-105.098798,30.482679],[-105.104506,30.480648],[-105.109307,30.493296],[-105.115191,30.495273],[-105.11706,30.50092],[-105.126237,30.498922],[-105.131891,30.503899],[-105.146062,30.542031],[-105.152891,30.539188],[-105.159325,30.554509],[-105.174866,30.558021],[-105.180465,30.566494],[-105.199286,30.559041],[-105.206006,30.581626],[-105.230222,30.56958],[-105.249855,30.56679],[-105.268286,30.57291],[-105.276667,30.572497],[-105.301863,30.557782],[-105.333161,30.553833],[-105.333825,30.556525],[-105.341973,30.558858],[-105.349689,30.572013],[-105.353422,30.568226],[-105.361893,30.56758],[-105.377255,30.599058],[-105.387665,30.605107],[-105.39267,30.613576],[-105.397965,30.612697],[-105.403097,30.617578],[-105.402882,30.623931],[-105.39818,30.62481],[-105.398557,30.641626],[-105.408017,30.649837],[-105.412388,30.664176],[-105.422981,30.666051],[-105.428078,30.662372],[-105.438254,30.669227],[-105.443404,30.665458],[-105.445456,30.67127],[-105.441385,30.679438],[-105.44711,30.682076],[-105.452261,30.691026],[-105.446371,30.696988],[-105.448729,30.701248],[-105.459178,30.70332],[-105.461783,30.708049],[-105.468831,30.708427],[-105.475997,30.706512],[-105.479488,30.701144],[-105.48367,30.70177],[-105.48509,30.710238],[-105.489741,30.711215],[-105.495825,30.720843],[-105.516175,30.721689],[-105.523341,30.719136],[-105.529086,30.723565],[-105.554621,30.728229],[-105.56507,30.737336],[-105.569655,30.747667],[-105.584638,30.759731],[-105.585953,30.765164],[-105.591712,30.766545],[-105.59209,30.779338],[-105.595086,30.783468],[-105.589966,30.790139],[-105.608727,30.80318],[-105.612726,30.801994],[-105.617351,30.790816],[-105.626601,30.789618],[-105.63021,30.784458],[-105.651003,30.776577],[-105.669424,30.780055],[-105.677619,30.793969],[-105.694217,30.793539],[-105.702994,30.80596],[-105.727248,30.802024],[-105.736367,30.81249],[-105.771741,30.823016],[-105.777923,30.836787],[-105.789307,30.84041],[-105.787445,30.85228],[-105.790878,30.856893],[-105.789942,30.861506],[-105.796289,30.865252],[-105.799167,30.87413],[-105.809318,30.885551],[-105.808012,30.893241],[-105.81637,30.905761],[-105.814775,30.91308],[-105.81696,30.915507],[-105.832394,30.914814],[-105.835337,30.919127],[-105.858666,30.911435],[-105.863977,30.900266],[-105.872565,30.902117],[-105.903834,30.896052],[-105.929299,30.884197],[-105.946655,30.883059],[-105.962875,30.891228],[-105.966204,30.895788],[-105.982852,30.90162],[-106.031637,30.907866],[-106.036818,30.915673],[-106.048078,30.922714],[-106.048368,30.926116],[-106.054686,30.928153],[-106.057147,30.934037],[-106.078665,30.935174],[-106.085551,30.942609],[-106.088529,30.940138],[-106.097122,30.94811],[-106.104473,30.946126],[-106.108616,30.954758],[-106.127868,30.97521],[-106.131032,30.975501],[-106.138971,30.965235],[-106.155149,30.968615],[-106.160903,30.980452],[-106.156851,30.985243],[-106.160954,30.988401],[-106.154916,30.991992],[-106.155047,31.003385],[-106.147689,31.004322],[-106.148942,31.008595],[-106.16146,31.020133],[-106.166161,31.030057],[-106.177446,31.040221],[-106.176871,31.043687],[-106.192862,31.055478],[-106.201102,31.073091],[-106.21534,31.082787],[-106.213515,31.097298],[-106.205483,31.107055],[-106.217621,31.119038],[-106.219231,31.134897],[-106.230359,31.136218],[-106.243797,31.14739],[-106.245876,31.153414],[-106.23459,31.170978],[-106.246407,31.190291],[-106.246184,31.193978],[-106.240132,31.191224],[-106.23971,31.19601],[-106.248317,31.202052],[-106.259433,31.217455],[-106.260699,31.22574],[-106.268973,31.239777],[-106.285853,31.261777],[-106.294338,31.263921],[-106.297814,31.268141],[-106.299302,31.271061],[-106.294971,31.272927],[-106.296259,31.27617],[-106.301313,31.279342],[-106.305871,31.277733],[-106.310932,31.282613],[-106.309383,31.294003],[-106.321155,31.294818],[-106.324244,31.298148],[-106.361544,31.356065],[-106.422046,31.405861],[-106.429092,31.415334],[-106.4509,31.423541],[-106.457798,31.428856],[-106.457561,31.432152],[-106.474105,31.44108],[-106.477775,31.458567],[-106.486479,31.462889],[-106.480507,31.471695],[-106.47496,31.494186],[-106.498454,31.510669],[-106.501793,31.526162],[-106.519286,31.55417],[-106.528684,31.583152],[-106.525886,31.613534],[-106.52214,31.622705],[-106.529706,31.628052],[-106.531624,31.635719],[-106.53591,31.637197],[-106.533706,31.642509],[-106.526519,31.646808],[-106.524781,31.653144],[-106.528947,31.662159],[-106.522911,31.667812],[-106.532844,31.67804],[-106.534588,31.674279],[-106.54444,31.676947],[-106.554745,31.685087],[-106.561441,31.683234],[-106.572665,31.696436],[-106.580575,31.700362],[-106.58518,31.721213],[-106.580026,31.731804],[-106.593506,31.759104],[-106.600519,31.783778],[-106.54386428869398,31.783845778112312],[-106.52852328,31.78381745],[-106.52866792,31.78231454],[-106.52840837,31.78162802],[-106.5254486,31.77863771],[-106.52450538,31.77775143],[-106.523842819,31.77663468],[-106.52333402,31.77601449],[-106.52250038,31.77515357],[-106.521527019,31.774384351],[-106.52025311,31.77351594],[-106.5189566,31.77243543],[-106.517945989,31.772088942],[-106.51602308268436,31.771730856040936],[-106.51350084679379,31.770386976398886],[-106.512667167,31.769411651],[-106.51259028172502,31.769257581058127],[-106.51210012785202,31.76775183531278],[-106.511725458,31.76490297],[-106.51091983,31.76284283],[-106.51012597905522,31.761687278211124],[-106.510024,31.761374],[-106.49196922860502,31.750139842945273],[-106.49108688,31.74928335],[-106.489729419,31.74848372],[-106.487545509,31.74771686],[-106.48545405,31.74770425],[-106.48335652,31.74795025],[-106.48105866,31.74852205],[-106.47704671,31.74941691],[-106.47319586,31.75047912],[-106.47190975,31.75132708],[-106.47069728,31.75255266],[-106.46945230165828,31.75615933803689],[-106.46742830023013,31.759118112779635],[-106.46631262,31.75988582],[-106.46548988679758,31.760270393369197],[-106.45208517911912,31.764617914226616],[-106.45205102,31.76462323],[-106.45163731822183,31.764529290288372],[-106.44662839702292,31.761744506510812],[-106.44021108,31.75782875],[-106.43640968,31.75564463],[-106.433325369,31.75455511],[-106.430094509,31.753839291],[-106.42855317976421,31.753683580627314],[-106.41504889817304,31.750671039533497],[-106.413618267,31.749947426],[-106.41343757837922,31.749850557355508],[-106.38082574031485,31.73190801299728],[-106.38043229563415,31.73152850550571],[-106.3755508771012,31.720164204891766],[-106.375472619,31.71959789],[-106.374030289,31.715596231],[-106.37274427197977,31.713630222179706],[-106.372349,31.71271],[-106.37147337963157,31.712095203526996],[-106.369615394,31.710528942],[-106.36482240636934,31.70742537736592],[-106.34972529556971,31.696825292207095],[-106.349414419,31.696398021],[-106.34652478373864,31.690465430205016],[-106.34117537740792,31.67867192805461],[-106.337991629,31.671369831],[-106.33436661966356,31.663661084956235],[-106.334211,31.663318],[-106.33419589636462,31.663298034151907],[-106.33397383,31.6628258],[-106.33245285,31.66081082],[-106.33220117766975,31.66066116895692],[-106.32682008607983,31.653547778401666],[-106.324432598,31.65005405],[-106.32153946,31.646319721],[-106.32038206,31.64472252],[-106.319720479,31.643688911],[-106.3174304440773,31.641135391505426],[-106.303244,31.622382],[-106.30273256095946,31.617044953645696],[-106.302541889,31.611429831],[-106.302513318,31.61081858],[-106.30212708,31.60990211],[-106.30203321924938,31.609747076815154],[-106.302022,31.60963],[-106.28851846038896,31.587226264933552],[-106.28799522,31.58574842],[-106.28799179122502,31.585739348218265],[-106.280481,31.562214],[-106.2802285254467,31.562064107569878],[-106.28002128,31.56179863],[-106.27927903,31.56118808],[-106.27541762254084,31.55920790714004],[-106.2467386649817,31.542181404524925],[-106.24616630267832,31.541387478767287],[-106.236594,31.513146],[-106.224235,31.50058],[-106.22259531875456,31.494430821655666],[-106.21990438,31.48290295],[-106.21959714,31.48154752],[-106.21896806,31.48036729],[-106.21877697665172,31.480111168591776],[-106.21875,31.48001],[-106.21842142113366,31.479634594464247],[-106.21788769,31.4789192],[-106.21587457,31.4762536],[-106.20813086,31.46758191],[-106.20418518,31.46467251],[-106.20136205,31.46292737],[-106.19885569,31.46213715],[-106.1951304,31.46110366],[-106.18259080177171,31.45800641251948],[-106.174515,31.455027],[-106.16230517620274,31.44268818904151],[-106.15855505,31.43849972],[-106.15634691,31.43696938],[-106.14025436175136,31.42904285462744],[-106.132641,31.425147],[-106.13213227825855,31.425086645893916],[-106.13044029,31.424516],[-106.12828989,31.42430165],[-106.12445370300497,31.4241756694059],[-106.10750547453281,31.42216495294591],[-106.10682508,31.42177826],[-106.08492951,31.40146778],[-106.08231232,31.399949],[-106.08139309781144,31.399364112704866],[-106.080875,31.398907],[-106.08064467214996,31.398887900678876],[-106.08019657,31.39860278],[-106.07792818,31.39817942],[-106.02297612,31.39397814],[-106.01131906129177,31.393139259757387],[-106.005045,31.392619],[-105.97890556281048,31.372796002806098],[-105.97145274,31.36661005],[-105.97019191,31.36604769],[-105.96868074,31.36579617],[-105.96329071221543,31.365526451206005],[-105.95471000331048,31.36485786549531],[-105.95422385,31.36463398],[-105.95351088,31.36409434],[-105.94893326429997,31.357812474348357],[-105.945608,31.352938],[-105.94694502389761,31.34441867509729],[-105.94747543,31.34187042],[-105.9478564,31.340507],[-105.9476358,31.33959075],[-105.94040922,31.3235012],[-105.93896531715397,31.32060955342454],[-105.937994,31.318474],[-105.93789105634393,31.318384278024865],[-105.93782774,31.31823991],[-105.9333592,31.31373248],[-105.93275629,31.31323958],[-105.93171558,31.31281762],[-105.93056589,31.31272475],[-105.92260057,31.31226231],[-105.92161511,31.31216922],[-105.91711849056146,31.31257341350575],[-105.90777998905699,31.3123867364269],[-105.90773883,31.31236911],[-105.90738245,31.31192288],[-105.90686078,31.31063078],[-105.90617571,31.30997332],[-105.9053646824235,31.309030720831835],[-105.90090917005554,31.301850511740497],[-105.89665886,31.29296634],[-105.89608329,31.29216774],[-105.8941242980188,31.290916460646354],[-105.894039,31.290779],[-105.8939192760168,31.29078550564471],[-105.89329015,31.29038366],[-105.89246911,31.29026672],[-105.89175765,31.2902672],[-105.87784462325217,31.291658981258493],[-105.876188,31.291749],[-105.86999358610434,31.28931770589982],[-105.86083928989761,31.278526210281715],[-105.8514561921256,31.266793533603717],[-105.8511334,31.26587111],[-105.84231451627167,31.255362732210077],[-105.84079548418893,31.25346332620118],[-105.83821269,31.2501274],[-105.83682658,31.24827469],[-105.83613017,31.24724208],[-105.83301893795543,31.24434206533991],[-105.79608421127219,31.204459800396474],[-105.79488871,31.20307389],[-105.79375588,31.20202749],[-105.79238977,31.20132663],[-105.78812582314211,31.200038281260827],[-105.78319596152457,31.19804078880218],[-105.78291305,31.19764589],[-105.78261291047099,31.19701735119577],[-105.77974414784364,31.188618986943215],[-105.78036932,31.1852192],[-105.78060385,31.18419163],[-105.78035351,31.18298437],[-105.77995182,31.18212518],[-105.779003,31.18061395],[-105.77609917,31.176149],[-105.77578442,31.17517491],[-105.77439763,31.16911074],[-105.774018709,31.16771129],[-105.77257749,31.16620818],[-105.77116926,31.16522352],[-105.76921546,31.16485686],[-105.76333238,31.16427345],[-105.76113935,31.16439309],[-105.75293877,31.16493628],[-105.74860688244766,31.165211840743694],[-105.74251025439057,31.164938891015737],[-105.74214220334842,31.164799734444717],[-105.73131157804059,31.15738725860963],[-105.72035345,31.14975275],[-105.71935463,31.14880392],[-105.71895408992565,31.14823929269813],[-105.71762189548201,31.14401751924594],[-105.71762883,31.14244598],[-105.71705272,31.14120472],[-105.71586389,31.14022634],[-105.70932351,31.13628986],[-105.69008609,31.129836],[-105.67901451,31.12597868],[-105.6744251711477,31.12468544281691],[-105.66401913841118,31.121156777013937],[-105.66318743,31.12068345],[-105.66187509,31.11989777],[-105.65967135,31.11960672],[-105.65786435,31.11890249],[-105.64849081298694,31.115466765602665],[-105.64472541475733,31.105960837772408],[-105.64298288,31.09940768],[-105.64233102,31.09849755],[-105.64084809,31.09791889],[-105.63987178,31.09770586],[-105.63025665,31.09842394],[-105.62970031212883,31.09845235576979],[-105.62834008787068,31.09846156327171],[-105.62755322,31.09837818],[-105.6270402,31.09820043],[-105.607634,31.08578006],[-105.60615611309302,31.084922401278938],[-105.60544685850388,31.084460185882463],[-105.60414225,31.08326806],[-105.60362219875984,31.08249447102693],[-105.59688721278815,31.067805274729388],[-105.59650838,31.06632902],[-105.59563774,31.06466052],[-105.59463834,31.06355302],[-105.5937468,31.06327126],[-105.59155470462272,31.062018751596305],[-105.58671825926275,31.058641410456573],[-105.58653938,31.05847558],[-105.58557155,31.05725125],[-105.58501797,31.05589658],[-105.57987835,31.03572914],[-105.57968080763867,31.034063687204995],[-105.58058978949741,31.028898036800147],[-105.58104302,31.02818798],[-105.58123378,31.027417],[-105.581177379,31.0266866],[-105.57893772,31.0212436],[-105.57812171,31.02037585],[-105.57764640597405,31.01998922469643],[-105.577587,31.019877],[-105.57740350237482,31.01979164026065],[-105.57716605,31.01959849],[-105.57690389400261,31.01955923158293],[-105.569057,31.015909],[-105.56953322781995,31.012016644955015],[-105.57033248,31.00970892],[-105.57039515,31.00869945],[-105.570086,31.00817406],[-105.56689411366028,31.003820939611355],[-105.56636934871412,31.003058023428903],[-105.56479945,31.00014055],[-105.56475914,30.99920063],[-105.56381834,30.99783446],[-105.56047943,30.99379417],[-105.557586051,30.99004963],[-105.55586032,30.98888854],[-105.5544008,30.98842675],[-105.552147889,30.98788822],[-105.54322208638315,30.98479316470887],[-105.543009,30.984713],[-105.53327827814776,30.984778495243237],[-105.53295614,30.98463792],[-105.5287022,30.980029],[-105.52773963,30.97882755],[-105.52687602,30.97821158],[-105.52290249,30.97665195],[-105.52215277,30.97619802],[-105.52183237,30.97549978],[-105.52135994,30.97426425],[-105.52026738,30.97327709],[-105.52002423831838,30.973117026731373],[-105.51679955164452,30.967030410570455],[-105.51674425,30.96656017],[-105.51633054,30.96546437],[-105.51591584063806,30.96536240054731],[-105.5157,30.964955],[-105.5093546923479,30.966301380245007],[-105.5086078,30.96626472],[-105.50698118,30.96660514],[-105.5059743719235,30.96701863414202],[-105.50257789526714,30.96773931615201],[-105.50195003,30.96711238],[-105.50099680188761,30.966488049273284],[-105.49999300302393,30.96505083078798],[-105.49933977,30.96361905],[-105.49829732,30.96246609],[-105.49810175278904,30.96234297775457],[-105.49708244263714,30.960883550527072],[-105.49678286,30.96007751],[-105.49636723,30.95985134],[-105.49631228168496,30.95978084997901],[-105.49450897960723,30.957198919300946],[-105.49439238,30.95662638],[-105.49434412,30.95589878],[-105.49474075,30.95546725],[-105.49518971,30.95590426],[-105.49532869,30.95599531],[-105.49597535,30.95572297],[-105.49657157,30.95559272],[-105.49726595,30.95508431],[-105.49706092,30.95459511],[-105.49723815,30.95412123],[-105.49798986,30.95276545],[-105.49853642,30.95186062],[-105.49906248,30.95119126],[-105.49929623,30.95078671],[-105.4984719577607,30.95041861224298],[-105.498646,30.950207],[-105.48937245729027,30.945003079207712],[-105.48902648,30.94454205],[-105.48847152,30.94326112],[-105.488756419,30.94273797],[-105.48964198,30.9431892],[-105.490827999,30.94365754],[-105.49188743,30.94351745],[-105.49203198,30.94285625],[-105.49152523,30.94230295],[-105.49076017,30.94224872],[-105.49013697,30.94143935],[-105.48954983,30.94093477],[-105.48821251,30.94089271],[-105.48755015,30.94156492],[-105.48718283,30.94206632],[-105.48636868,30.94220115],[-105.48398391,30.94081809],[-105.48248714,30.9409204],[-105.48129378,30.9401936],[-105.48013106,30.93958366],[-105.47896660289383,30.9387599311867],[-105.47658728529558,30.9350310689826],[-105.47643575,30.93432655],[-105.47596630755125,30.934057873793314],[-105.475856,30.933885],[-105.4713004702307,30.933768237253027],[-105.471100689,30.93368735],[-105.47075088,30.9328956],[-105.47100389,30.93220863],[-105.47119502,30.93126443],[-105.47042132,30.93090472],[-105.46976669,30.93089505],[-105.4694246237665,30.930644279486103],[-105.46744020099959,30.925970611458762],[-105.467459861,30.92553783],[-105.46719318,30.92479132],[-105.46688477979437,30.92466249588388],[-105.466747,30.924338],[-105.45745114405209,30.924680314236053],[-105.45660885,30.92456782],[-105.45520506875313,30.92476302459155],[-105.45269132233308,30.924855591773124],[-105.45186063,30.92440906],[-105.45174607714311,30.92401892743397],[-105.45241444311644,30.92016426888828],[-105.45268888,30.91997289],[-105.45361522,30.91995343],[-105.45437274,30.91974948],[-105.45462451,30.91901555],[-105.454144,30.91841455],[-105.45377971,30.91710597],[-105.45318023,30.91615489],[-105.45243331,30.91577102],[-105.45143462,30.91612105],[-105.45074358,30.91674666],[-105.45001798,30.91711445],[-105.449134229,30.91767358],[-105.44877361031179,30.91859239082877],[-105.44741855449799,30.919335157347312],[-105.44713746,30.91936075],[-105.44641114,30.91874137],[-105.44637259789683,30.91871109911102],[-105.44525227157536,30.916491516549357],[-105.445604351,30.91624332],[-105.44569937,30.91574775],[-105.44498102,30.91348289],[-105.44381418,30.91174451],[-105.44243412,30.90921145],[-105.44156638,30.90840695],[-105.44042463270326,30.908363776919582],[-105.43365801168702,30.906554030029184],[-105.43338203,30.90622751],[-105.43277743,30.90605208],[-105.43033431410355,30.905665100184894],[-105.43027758846019,30.90564992879338],[-105.42944685,30.90489928],[-105.42837126696068,30.90366266816584],[-105.42668652634133,30.901572099166863],[-105.42659446,30.90136251],[-105.42648033296472,30.901316236943337],[-105.425775,30.900441],[-105.4153391409613,30.899686289150672],[-105.41376125,30.89859685],[-105.41323283,30.89724454],[-105.41325578,30.89611588],[-105.41281765,30.89506725],[-105.41231715,30.89373788],[-105.41128834,30.89300703],[-105.41085418,30.89209935],[-105.41114132,30.89164683],[-105.4119194,30.89120766],[-105.41242575,30.89079762],[-105.41241328,30.89035129],[-105.41228003,30.8894844],[-105.41237191,30.88887138],[-105.41201246646894,30.888796633613687],[-105.41207,30.888679],[-105.41186545732079,30.888766063018785],[-105.41154955,30.88870037],[-105.40968465,30.88925603],[-105.40887148,30.88941386],[-105.408116049,30.88968803],[-105.40648997,30.89099085],[-105.40557371,30.89136232],[-105.4053473434832,30.891540479926178],[-105.40406192243717,30.892087615795862],[-105.40339668,30.89147775],[-105.40263966,30.89071774],[-105.4012608,30.89013505],[-105.40009526,30.88938343],[-105.39996126990052,30.88904438181025],[-105.3998349704339,30.888396805284348],[-105.40015257,30.88752543],[-105.40031578,30.88653489],[-105.39950437,30.88577597],[-105.39926063636024,30.88545201640971],[-105.39916064730289,30.884939341509963],[-105.39943728,30.8843436],[-105.39983405,30.88391235],[-105.40005438147556,30.88341188223304],[-105.40045842359079,30.88304506172549],[-105.40081169,30.88281102],[-105.40137709,30.88256432],[-105.40346152,30.88108758],[-105.40415718,30.88062665],[-105.404470909,30.88015009],[-105.4040129157731,30.87981802034225],[-105.404209,30.87964],[-105.40231642271894,30.878800575140332],[-105.40139602,30.87736951],[-105.400313,30.87663969],[-105.398758721,30.8766012],[-105.39752082,30.87618011],[-105.3966512494887,30.876287870749678],[-105.39172205296607,30.874101598019536],[-105.39199662,30.87349671],[-105.39256003,30.87317957],[-105.39320326483451,30.87246234256702],[-105.39329418832358,30.872395562883394],[-105.39429886,30.87201565],[-105.39520845,30.87140934],[-105.39497429,30.87082654],[-105.39491633923356,30.870537106742617],[-105.39491097907161,30.869909415201708],[-105.39504149,30.86932089],[-105.39490326298959,30.86900583813174],[-105.39487676480596,30.86590281887468],[-105.39568071,30.86486545],[-105.39605475,30.86459922],[-105.39579663,30.86413443],[-105.39486806,30.86307234],[-105.39518177,30.86259582],[-105.39484277568971,30.861922588242383],[-105.3948406212633,30.861670298245826],[-105.39492548,30.86121434],[-105.39487738,30.86046318],[-105.39482883888019,30.860290544742334],[-105.394825,30.859841],[-105.39640948319186,30.858632344772804],[-105.39657046,30.85864203],[-105.39756355,30.85810451],[-105.39903585,30.85814469],[-105.39983963,30.85765806],[-105.40151557,30.85522608],[-105.40184797,30.85444358],[-105.40118646,30.853188],[-105.40009312660513,30.85248043581296],[-105.399891,30.85218],[-105.394619,30.849055],[-105.38754894529667,30.85364334501225],[-105.38733118,30.8535904],[-105.38693246,30.85296395],[-105.38599694,30.8516434],[-105.38526437,30.85076525],[-105.38483816801951,30.850803084634727],[-105.384609,30.850531],[-105.38111730883037,30.850889773345518],[-105.38082323,30.85073866],[-105.3793232,30.85067532],[-105.37757103,30.8493714],[-105.37751821888546,30.849339730050612],[-105.377629,30.848877],[-105.37637240594046,30.848607640147467],[-105.37596215,30.84832306],[-105.37493620730712,30.84829978078019],[-105.371625,30.84759],[-105.3712650705526,30.84769996440289],[-105.36901712,30.84738351],[-105.36742371,30.84788603],[-105.36313219921922,30.850184691191398],[-105.36183079387247,30.850582292062636],[-105.36127289,30.85007945],[-105.36004254,30.84693135],[-105.35950403,30.84616665],[-105.35875866,30.84580571],[-105.35705465,30.84525266],[-105.35513052,30.84362286],[-105.35396528,30.84284732],[-105.35354088,30.84226832],[-105.35357057,30.84036388],[-105.35367911,30.839351],[-105.35419791,30.83840032],[-105.354224121,30.83736562],[-105.35371294,30.83660032],[-105.35281937,30.83579577],[-105.35194183,30.83557849],[-105.34759932,30.83914491],[-105.34704491,30.83979072],[-105.345839679,30.84054369],[-105.34527836387093,30.840665332676636],[-105.3429542066759,30.84086483717819],[-105.34260517,30.84079698],[-105.34179778,30.84015514],[-105.34103871,30.84028795],[-105.33998209,30.84049728],[-105.33971631585905,30.840424385567783],[-105.3377138898422,30.83492574123943],[-105.33777195,30.83433669],[-105.33733616591287,30.833888514633212],[-105.337226,30.833586],[-105.32897699830386,30.83156841766364],[-105.32816972,30.83106849],[-105.3280904,30.83045448],[-105.3292312,30.82769831],[-105.32992112,30.82694745],[-105.33023717,30.82604208],[-105.329582321,30.82550135],[-105.32912435896527,30.82530212115708],[-105.329187,30.824995],[-105.32890765695073,30.825207848513624],[-105.32816843,30.82488626],[-105.32743771,30.82478942],[-105.3271828,30.82555594],[-105.32640223,30.82649158],[-105.32446377,30.82827871],[-105.32393355,30.82854166],[-105.32319374,30.82806837],[-105.32223642,30.82758722],[-105.32123151,30.82752745],[-105.32103774,30.82815514],[-105.32073819542946,30.828411219364277],[-105.31852666059721,30.82811341227752],[-105.31828246,30.82767958],[-105.31845472,30.8269336],[-105.31875726,30.82630985],[-105.31877995,30.82584054],[-105.31888534,30.82535071],[-105.31909949,30.8248648],[-105.31889458,30.82290635],[-105.31821722,30.82170658],[-105.31738462,30.8209008],[-105.31653842,30.8203766],[-105.31635389,30.81912409],[-105.31635168,30.81860686],[-105.31682074,30.8179186],[-105.31722634,30.81741611],[-105.31773851,30.81583617],[-105.31801048,30.81471766],[-105.31851349,30.8138896],[-105.31889982,30.81322186],[-105.31878337712737,30.81263411340354],[-105.318866,30.812466],[-105.31818875271988,30.811951099452337],[-105.31765394,30.81139037],[-105.31716315574637,30.81117135406415],[-105.316897,30.810969],[-105.31682974406641,30.81102256674963],[-105.31650765,30.81087883],[-105.31534092,30.81078966],[-105.31490362,30.81138503],[-105.31439262,30.81237735],[-105.31361097,30.81277222],[-105.31230829,30.81267812],[-105.3115414,30.81276792],[-105.31129995,30.81381698],[-105.31116954,30.81482306],[-105.31057983820807,30.816000375018834],[-105.30955221954656,30.816818833534345],[-105.30930917,30.81668331],[-105.30955509,30.81610454],[-105.30944985,30.81546605],[-105.30827956124106,30.814873238705616],[-105.30822734125641,30.814738110477524],[-105.30833197,30.8143678],[-105.30898515,30.81326012],[-105.30921485,30.81188454],[-105.30886731,30.81062611],[-105.30748778,30.80987098],[-105.30615911,30.80975237],[-105.30603091557198,30.810561670008727],[-105.30565496265949,30.811477070783294],[-105.305170969,30.81159712],[-105.30433591,30.81253066],[-105.30372745,30.81328434],[-105.30349845,30.81407528],[-105.30280029,30.81555442],[-105.30174185,30.81716154],[-105.30100408,30.81833365],[-105.30085432,30.81917446],[-105.30108294,30.820076],[-105.30109162,30.82158074],[-105.30116602932117,30.822407091321622],[-105.30018387449097,30.824798521903613],[-105.30015751785905,30.82482670943576],[-105.29115184713201,30.825821056125143],[-105.29043235778894,30.825319857855106],[-105.28955270849883,30.8226656735652],[-105.28960983,30.82189286],[-105.28931782,30.82117705],[-105.28915969,30.81994894],[-105.289064851,30.81909925],[-105.2881033373018,30.818292455392175],[-105.28802,30.818041],[-105.28768432984351,30.818044569790604],[-105.28680757,30.8179124],[-105.28650262733271,30.818057136980265],[-105.28247007082642,30.818100022479758],[-105.28225354,30.81802885],[-105.28154475387974,30.817453833594914],[-105.27939051930652,30.813586154522852],[-105.279394169,30.81355249],[-105.27902871,30.81266942],[-105.27871673001036,30.81237644375497],[-105.27653108073129,30.808452363211195],[-105.27631357,30.80803368],[-105.27581338,30.80712218],[-105.27578521893317,30.807113254600125],[-105.275755,30.807059],[-105.27566124049876,30.807073960737103],[-105.27514294,30.80690969],[-105.27488811705037,30.80719732419902],[-105.26719189313735,30.80842537235558],[-105.26667188,30.80805812],[-105.26649888090759,30.807772040271004],[-105.26568459066306,30.805353844999377],[-105.26565325,30.80494149],[-105.26588175,30.80360992],[-105.26549731,30.80256157],[-105.26491571,30.80164705],[-105.26412438902811,30.800720518932],[-105.263905,30.800069],[-105.25842757785689,30.79555634652998],[-105.25808154,30.79495625],[-105.25746795349076,30.794765746113825],[-105.257058,30.794428],[-105.25679568675773,30.794557023426385],[-105.25636495,30.79442329],[-105.25546412,30.79502502],[-105.25509848284987,30.7953918233075],[-105.25495357039279,30.795463101072876],[-105.25353042,30.79558892],[-105.25248675,30.79632645],[-105.25200550524985,30.79691315926533],[-105.245329828777,30.800196709285512],[-105.24476974,30.79987528],[-105.243968779,30.80010448],[-105.24315435724405,30.801266753591133],[-105.24128797642577,30.802184766139888],[-105.24043426,30.80220794],[-105.23920642,30.80225689],[-105.23864085,30.80268275],[-105.23828349,30.80330432],[-105.23756518,30.80351302],[-105.23671495,30.80308215],[-105.23598102,30.80305518],[-105.23526094,30.80274663],[-105.23452238,30.80281351],[-105.23345069,30.80300918],[-105.23225234,30.80301212],[-105.23087230411983,30.80377679023158],[-105.23026736096827,30.803784568998147],[-105.22981147487742,30.803721721947785],[-105.22877410534309,30.80160899078363],[-105.22910949,30.80047522],[-105.22855542,30.79956154],[-105.22765342623711,30.79932658938867],[-105.227606,30.79923],[-105.227500223689,30.79928668331192],[-105.22739932,30.7992604],[-105.22651215,30.79958034],[-105.22592398,30.79991129],[-105.2254694,30.80029418],[-105.22388414,30.80096451],[-105.22223798539976,30.8021066067102],[-105.21541674187077,30.805761968397654],[-105.21487818,30.80521637],[-105.21380491,30.8037898],[-105.21370612,30.80303389],[-105.21402086,30.80217574],[-105.21296389,30.80042065],[-105.21195534,30.79988974],[-105.21086294,30.79940274],[-105.21071097,30.79862137],[-105.21146775,30.79653363],[-105.21146805574165,30.79608737108046],[-105.21536346437858,30.792783082847517],[-105.21616529,30.79294585],[-105.21677883,30.79320357],[-105.21739469,30.79341435],[-105.21774172,30.79300403],[-105.21786318,30.79274992],[-105.21820905,30.79236306],[-105.2184092,30.7916182],[-105.21871112,30.79101814],[-105.21895752,30.79043952],[-105.21957463,30.78952198],[-105.21989192548837,30.78894180657767],[-105.219953,30.78889],[-105.21993505178976,30.78886295032289],[-105.22005351,30.78864635],[-105.22013218,30.7881556],[-105.21977031,30.78666126],[-105.21921062,30.78586486],[-105.21834388,30.78522169],[-105.2173343836928,30.784943493654914],[-105.21676170310451,30.784080408991006],[-105.21679834,30.78398928],[-105.216820371,30.78354345],[-105.21637816594634,30.78350238164728],[-105.216289,30.783368],[-105.21429946986626,30.783192025277256],[-105.21413395,30.78280955],[-105.21377551,30.78234966],[-105.21154188,30.78182051],[-105.21069755,30.782377],[-105.20946298,30.78256645],[-105.20855918,30.78267409],[-105.20759685,30.78341426],[-105.20743358220616,30.78383331241799],[-105.20170185438258,30.787775746835255],[-105.20131774,30.7876014],[-105.19930465,30.78811454],[-105.19913385,30.78881345],[-105.19701282,30.79040392],[-105.19660205,30.79099991],[-105.1963816688219,30.791435111568934],[-105.19542565198188,30.792092685307534],[-105.19463466,30.79113855],[-105.19407020251404,30.790829414060738],[-105.19213194042831,30.787901858705172],[-105.19200648,30.78758542],[-105.19135345,30.78647983],[-105.1911294003828,30.78638761999567],[-105.190743,30.785804],[-105.18820927545207,30.785185811503897],[-105.18708431,30.78472282],[-105.18600654,30.78449472],[-105.185889487588,30.784132809813634],[-105.18505701179245,30.77848866823964],[-105.18506091,30.77832398],[-105.18497754,30.77726303],[-105.18486853352103,30.77721079559379],[-105.184837,30.776997],[-105.1795435892089,30.77120826514298],[-105.17946342,30.77099292],[-105.17862565083111,30.770204431869146],[-105.176683,30.76808],[-105.17648063420806,30.76804487866421],[-105.17554989,30.76757963],[-105.17468038,30.76754726],[-105.17444762151798,30.767692041751054],[-105.174021,30.767618],[-105.167075,30.776655],[-105.16490920929168,30.773616891546492],[-105.16510651,30.77337305],[-105.16443257,30.77214898],[-105.16358272,30.77117694],[-105.16209618,30.77041618],[-105.16071974,30.77017672],[-105.15990494455235,30.77041186040229],[-105.15683482454635,30.769937547926816],[-105.15628830743118,30.76948716403529],[-105.1563443343831,30.769299255632657],[-105.15679218,30.76869],[-105.15685691,30.76794015],[-105.15713315,30.76731575],[-105.15714785550077,30.766604331769916],[-105.15939929547781,30.75905324296057],[-105.15968066,30.75883038],[-105.16041874,30.75822323],[-105.16132369,30.75536551],[-105.16159497,30.75429425],[-105.16192174,30.75320155],[-105.16168874,30.75241708],[-105.16142660030025,30.752253879480364],[-105.161437,30.752219],[-105.16139628712222,30.75223500738121],[-105.160764829,30.75184188],[-105.159864969,30.75241948],[-105.15851614,30.75272171],[-105.15754765,30.75303814],[-105.15725132,30.75352074],[-105.15567909,30.75339143],[-105.15517455890253,30.753178612715764],[-105.15458744568498,30.752887257038],[-105.15425545,30.75246837],[-105.15368005,30.75200018],[-105.15162218,30.75124145],[-105.15072815,30.75170166],[-105.14918678,30.7520436],[-105.14810137,30.75252014],[-105.14769046,30.75311597],[-105.14674205,30.75357412],[-105.14542868,30.75425368],[-105.14401955,30.75467105],[-105.14279697,30.75462522],[-105.14122917,30.75277977],[-105.14071052,30.75226663],[-105.13999357,30.75245132],[-105.13941362,30.75261763],[-105.13848394,30.75215958],[-105.137670019,30.75156483],[-105.13690814,30.75155974],[-105.1362372,30.75137],[-105.13533714,30.75140672],[-105.13467445,30.75105272],[-105.13403945222619,30.75095587487774],[-105.12833420040019,30.748366633112802],[-105.12812388,30.74807934],[-105.12673835,30.74760848],[-105.12576989,30.74781815],[-105.12421619272354,30.748540116719827],[-105.11877101121976,30.74966819734465],[-105.11858777,30.7495948],[-105.1183762242893,30.749364630891936],[-105.11861470463889,30.748635616822828],[-105.11935345,30.74836231],[-105.11962205,30.74762251],[-105.12015589,30.74699043],[-105.120531479,30.74667992],[-105.12085925,30.7454722],[-105.12083863,30.74417608],[-105.12024269,30.74332154],[-105.11871823,30.7428906],[-105.11700838,30.74277982],[-105.11622691,30.74304606],[-105.11613565,30.74398328],[-105.11571838,30.74490386],[-105.11510334052038,30.745616120330283],[-105.11467963651464,30.745777760007638],[-105.11410258,30.74581037],[-105.113413949,30.74511591],[-105.11298418,30.74462303],[-105.11196477,30.74398231],[-105.11113714,30.74332783],[-105.11114205,30.74285714],[-105.11187098,30.74176411],[-105.11220517,30.74086285],[-105.11204868,30.74036037],[-105.11121376169106,30.740295073749632],[-105.11146893507964,30.73673077932574],[-105.11171878,30.73641117],[-105.11184695,30.73493426],[-105.11189665,30.73420685],[-105.11203265,30.73341318],[-105.11180589,30.73274229],[-105.11121642,30.73219415],[-105.11023394,30.73141402],[-105.1096158,30.73048766],[-105.10875312,30.72994909],[-105.10775614,30.72978043],[-105.10733415,30.73037108],[-105.10731962,30.73098257],[-105.10741168146143,30.73116827647839],[-105.10557402226186,30.730316110690257],[-105.10391677,30.72932517],[-105.10343631458004,30.72883310002516],[-105.1050638294952,30.72462696486362],[-105.10537863,30.72429017],[-105.10561208,30.72366634],[-105.10496515,30.72316232],[-105.1022158,30.72231532],[-105.10110866,30.72216451],[-105.10050954,30.7221574],[-105.09956565,30.72121432],[-105.09941568,30.72061797],[-105.0992311346363,30.720373788825835],[-105.09865603706128,30.718275206854447],[-105.09879523,30.717737],[-105.09889291,30.71710623],[-105.09846815,30.71654291],[-105.09743629,30.71608978],[-105.09620308,30.71579118],[-105.09546177,30.71587097],[-105.09517580866179,30.716299743873886],[-105.08855620777203,30.715727424213622],[-105.08778246,30.71538337],[-105.087611135228,30.715216680018827],[-105.08752057339085,30.712595007243277],[-105.08773148,30.71175445],[-105.08798754,30.71080214],[-105.08746872,30.71002202],[-105.08743106477662,30.71000382419663],[-105.08743,30.709973],[-105.08729377235528,30.709937481583882],[-105.08665102,30.70962689],[-105.08640411898712,30.70970552368284],[-105.08187984472231,30.708525916883413],[-105.08166274,30.70845268],[-105.08058155,30.70792625],[-105.080385657338,30.70758450433466],[-105.08047406371601,30.706377371609264],[-105.08066574,30.70590548],[-105.08051433637999,30.705827474059763],[-105.08070381033171,30.703240328054513],[-105.08134775,30.70311477],[-105.08223763,30.70285432],[-105.08256552,30.70204698],[-105.08258345,30.70138857],[-105.08181529,30.70106658],[-105.08106443,30.70128708],[-105.0808748885618,30.700904363899518],[-105.0808755449477,30.700895401368427],[-105.08109363,30.70046442],[-105.0809258675786,30.700208277928418],[-105.080942,30.699988],[-105.08078797287305,30.700035149671777],[-105.07942022,30.69943662],[-105.07826528,30.69958926],[-105.07722032,30.70012429],[-105.07655366,30.7011026],[-105.0761256068121,30.701462359500578],[-105.07535881195474,30.701697085204817],[-105.07473548,30.70178629],[-105.07374529,30.70152349],[-105.07278362,30.70163891],[-105.0722548,30.70180012],[-105.07108878,30.70171665],[-105.06956952,30.70201531],[-105.06929098,30.7028958],[-105.06889605,30.70348774],[-105.06823009,30.70326512],[-105.06837771,30.70230725],[-105.06819462,30.70140303],[-105.06808494,30.70062031],[-105.06695174800087,30.69955223047639],[-105.066899,30.699381],[-105.06673776347354,30.69935054136088],[-105.06565383,30.69832889],[-105.0644478,30.69843168],[-105.06324502,30.69848752],[-105.06269417,30.6981766],[-105.06279883,30.69705171],[-105.06238187700512,30.696446174326013],[-105.06218842566939,30.69300071574104],[-105.06275966,30.69168078],[-105.06335303,30.69058103],[-105.0634606,30.68980949],[-105.06335992,30.68770855],[-105.06279066,30.68647832],[-105.06193671,30.68582212],[-105.06034589,30.68597569],[-105.05962032,30.68662123],[-105.05977634959379,30.686793721601273],[-105.05740768275028,30.68777532259728],[-105.05725412,30.6877474],[-105.05670995635771,30.68741063044341],[-105.055206,30.682251],[-105.05470679238243,30.68212953518712],[-105.05462198,30.68205446],[-105.05323129,30.68167666],[-105.05286597705626,30.681681636795194],[-105.04814568564304,30.680533118036507],[-105.04819542,30.68042797],[-105.04806651,30.67992682],[-105.04689917,30.67986658],[-105.04609876068236,30.680035070032865],[-105.045819,30.679967],[-105.04452,30.684126],[-105.04714450240962,30.687765980039934],[-105.04712904343317,30.687990093266382],[-105.04503989770515,30.688319890841385],[-105.04503568,30.68831837],[-105.04384669,30.68738574],[-105.04279757,30.68719029],[-105.04245397,30.68743158],[-105.04209254,30.68793097],[-105.04000443258853,30.68842139033848],[-105.03464472782376,30.68445069512645],[-105.03293322,30.68168845],[-105.03182588,30.68075991],[-105.03080605,30.68014202],[-105.02969302,30.68008445],[-105.02844413775907,30.679857036639234],[-105.02840465863918,30.679827788843095],[-105.02787178,30.67923668],[-105.0272446,30.67885098],[-105.02703332879501,30.67913327406054],[-105.02367376797825,30.681346065195612],[-105.02236466,30.68125934],[-105.02121472,30.68134108],[-105.02081632,30.68197978],[-105.02026383,30.68326988],[-105.01967170242744,30.6839820452108],[-105.01868543511043,30.68463165499463],[-105.01858523,30.68469002],[-105.01685798,30.68405889],[-105.01646474,30.68304948],[-105.01526909,30.68261074],[-105.01482383,30.68235217],[-105.01360706,30.68221843],[-105.01299468,30.68279894],[-105.01297534913012,30.682837526851447],[-105.00707123147811,30.68584216249158],[-105.00690286,30.68577969],[-105.005877169,30.68485515],[-105.00521906,30.68373775],[-105.00484006,30.68291743],[-105.00413312,30.68250395],[-105.00332738,30.68194403],[-105.00275457,30.68156106],[-105.0021872,30.68070738],[-105.00229362,30.67995935],[-105.0024576,30.67916723],[-105.00171367725149,30.677086341568053],[-105.00152436122514,30.67383018716633],[-105.00155314,30.67375115],[-105.00163894,30.67290786],[-105.00141418,30.6726136],[-105.00052026,30.67179134],[-104.99931549,30.67073651],[-104.99796136727514,30.670527728787054],[-104.992913973822,30.667264849520485],[-104.99327366,30.66694426],[-104.99360397,30.66648492],[-104.99337068,30.66510628],[-104.99237058,30.66469737],[-104.99166703,30.66477106],[-104.99124428,30.66448135],[-104.99058854,30.66335388],[-104.99008075,30.66299685],[-104.98661474,30.66277534],[-104.98592701788068,30.66246092598205],[-104.98580901877065,30.660909960869542],[-104.98609195,30.660514],[-104.98592048,30.65981498],[-104.98580569,30.65916086],[-104.98603908,30.65839949],[-104.98614743,30.65785451],[-104.98593714,30.65746269],[-104.98553918,30.657125],[-104.98551834615509,30.65708939742795],[-104.98535265084591,30.654911519613492],[-104.98563968,30.65481655],[-104.98585305,30.65419705],[-104.98548203,30.65331745],[-104.98538486,30.65247452],[-104.9853832,30.65136929],[-104.98549726,30.65040078],[-104.98556657,30.64962211],[-104.98529009,30.64899763],[-104.9847944607214,30.647574740471157],[-104.98461342959503,30.645195290649692],[-104.98463075,30.64457791],[-104.98453181570898,30.644122568237293],[-104.98432005919086,30.641339267821955],[-104.98446745,30.6408214],[-104.98444483,30.64037545],[-104.98441105,30.63863648],[-104.98409058,30.63714352],[-104.98409965,30.63624954],[-104.98418062,30.63516471],[-104.98357015,30.63438823],[-104.98331367276451,30.63425960166627],[-104.98266139781391,30.633349233344607],[-104.98264523,30.63223617],[-104.98267669,30.63124728],[-104.98220078,30.63044218],[-104.98218294,30.63009011],[-104.98137562,30.62972086],[-104.98013166,30.62932109],[-104.97972789,30.62886603],[-104.97936743951156,30.628037993392663],[-104.97957692815905,30.626176576502605],[-104.97984237,30.62575748],[-104.98039566,30.62540732],[-104.98081446,30.62508577],[-104.98036832,30.62486746],[-104.97976613007107,30.624495417934334],[-104.98000117072021,30.622406958061067],[-104.9800216,30.62231725],[-104.98002034288457,30.62223660329007],[-104.980058,30.621902],[-104.98001415698216,30.621839764091767],[-104.98000951,30.62154165],[-104.97963020525047,30.6212947380894],[-104.97748552540625,30.618250328635398],[-104.97717383,30.61762748],[-104.97696726805967,30.617514653532297],[-104.97500635879248,30.614731109532684],[-104.97519168,30.61445708],[-104.97516674,30.61396415],[-104.974531719,30.61323562],[-104.97347898,30.6123112],[-104.97316369,30.61145298],[-104.97167665,30.61000406],[-104.97058511,30.6093868],[-104.96875026,30.60858594],[-104.96700158,30.60787586],[-104.96558935,30.60790562],[-104.96495502040523,30.60823267123664],[-104.95664506906489,30.609259838474248],[-104.95545368,30.60908703],[-104.95468323,30.60890437],[-104.95401062,30.60796549],[-104.95384066,30.60728991],[-104.95380282,30.6065388],[-104.95297452,30.60574688],[-104.95204478,30.60509986],[-104.951461911,30.60432222],[-104.95005323,30.60388134],[-104.94722888,30.60448134],[-104.94637235,30.6042078],[-104.94549458,30.60351175],[-104.94421454,30.60292488],[-104.94319405,30.60317485],[-104.94218535,30.60365952],[-104.94153836029982,30.60368379887535],[-104.93469445720197,30.600759562443784],[-104.93471534,30.6005298],[-104.93449362,30.59990317],[-104.933879,30.59957345],[-104.93050634,30.59845342],[-104.92929115,30.59915737],[-104.92893377,30.60007835],[-104.92861837,30.60146365],[-104.928401121,30.60255354],[-104.92697918,30.60455862],[-104.92588428,30.60495232],[-104.92586554645625,30.604954184128953],[-104.92337677822887,30.60397166063011],[-104.923107319,30.60378629],[-104.92255340054525,30.60359767678241],[-104.92035543742998,30.59022421233446],[-104.92094329,30.58987494],[-104.9211062,30.58932797],[-104.92066871,30.58873289],[-104.92017943,30.58764591],[-104.91981514,30.58688349],[-104.91914406,30.58650878],[-104.91888463,30.58621275],[-104.91826795,30.58529514],[-104.91699535,30.58484883],[-104.91598085,30.58521595],[-104.913340881,30.58569075],[-104.91115291,30.58541965],[-104.90976946,30.58493037],[-104.90923142149786,30.584437837762355],[-104.90721936827889,30.57832116530513],[-104.90720295,30.57815931],[-104.90700155,30.57739077],[-104.90650409,30.57668031],[-104.90596816567894,30.57645356681547],[-104.90435643471896,30.57512076626921],[-104.90392435,30.57454238],[-104.90285494,30.57380617],[-104.90206382,30.57320069],[-104.90137675,30.5719564],[-104.90064692,30.57148974],[-104.89989114,30.57104754],[-104.89915782,30.57051045],[-104.89893989,30.56995417],[-104.899174919,30.56921642],[-104.89882371,30.56871212],[-104.89886886,30.56798145],[-104.89645142915369,30.564033177355785],[-104.895762,30.562107],[-104.89738330093438,30.55660694642154],[-104.89765971,30.55624477],[-104.897851229,30.55517942],[-104.8978392763101,30.555060108975322],[-104.897964,30.554637],[-104.897791352782,30.554581739228738],[-104.89774326,30.55410168],[-104.89660818,30.55313272],[-104.89550117,30.55272709],[-104.89414395,30.55275405],[-104.89320288,30.55295365],[-104.89273213535606,30.552561090168425],[-104.89246961474291,30.551881413512447],[-104.89237115,30.55152655],[-104.89247409,30.55086428],[-104.89294797,30.55110534],[-104.89361286,30.55136282],[-104.89393509,30.55073942],[-104.89325035,30.55008289],[-104.89235072,30.55002228],[-104.8917719910077,30.550075236992548],[-104.890208,30.546026],[-104.89012009790912,30.546053452288508],[-104.88999598,30.54582983],[-104.88950668,30.54582449],[-104.88902925935095,30.546394126947252],[-104.88796538945498,30.546726379149966],[-104.88773190361898,30.54665092034722],[-104.8907,30.540932],[-104.89056802769589,30.540474302310315],[-104.89078686,30.53987434],[-104.88988496030122,30.538105332771202],[-104.88943392250191,30.536541073057005],[-104.88940949,30.53620994],[-104.889185,30.53497192],[-104.88763535,30.53385368],[-104.88648985940824,30.533482798616117],[-104.883256,30.531578],[-104.885817,30.524437],[-104.88572857550491,30.524375783041865],[-104.8858008,30.5242566],[-104.88498191,30.52362855],[-104.88459917050214,30.523593887270707],[-104.88373086286876,30.522992751216833],[-104.88384732,30.52265946],[-104.88343365,30.52253372],[-104.88267832879407,30.52226407378051],[-104.88121819654825,30.52125321299494],[-104.88110649,30.521068],[-104.88114700649703,30.52093377182792],[-104.88196276879277,30.520423526008653],[-104.88262977,30.52056468],[-104.88373323,30.52035911],[-104.88484865,30.51984737],[-104.88537258,30.51891078],[-104.88568428,30.51807614],[-104.88478411,30.51745111],[-104.88382972,30.51682808],[-104.88263717,30.51633146],[-104.88095977,30.51646425],[-104.88039357,30.51709668],[-104.87968368,30.51756982],[-104.87913446,30.51744909],[-104.87909609,30.51667448],[-104.87943646,30.51532143],[-104.87746926,30.51179638],[-104.8773,30.51112068],[-104.87659785,30.51065286],[-104.87590075,30.5113842],[-104.87486555,30.51186937],[-104.87436286,30.51268754],[-104.87429967637149,30.512919786655022],[-104.87329451486092,30.513597196191665],[-104.87329432,30.51359723],[-104.8732791072556,30.513546037547815],[-104.8738598479446,30.496194152083774],[-104.87390434,30.49608831],[-104.873899919,30.49540725],[-104.87388637016531,30.49540169764653],[-104.873888,30.495353],[-104.87371926064718,30.495333215660086],[-104.872540339,30.49485009],[-104.87074612,30.49417758],[-104.86971502,30.49408855],[-104.86855117,30.49444637],[-104.86733143,30.49454611],[-104.86654380048272,30.494067660391103],[-104.8667033268218,30.491357440348715],[-104.8671126,30.4900144],[-104.86748323,30.48860349],[-104.86758854,30.4881098],[-104.86739286,30.48719478],[-104.86708782,30.48613937],[-104.86708391,30.48552875],[-104.86775731,30.48482098],[-104.86867971,30.48488706],[-104.86924778,30.48467298],[-104.87043183,30.4832582],[-104.87115625,30.48205697],[-104.87152905,30.48099832],[-104.87184823,30.48003388],[-104.87116390919206,30.47964345551978],[-104.86952605374715,30.475835108712886],[-104.86961674,30.47470149],[-104.869558971,30.47400895],[-104.86732489520286,30.470716967707478],[-104.86592429519304,30.467460288009853],[-104.86589968101026,30.466935457322712],[-104.86739890147622,30.463850157754283],[-104.86783849,30.46361292],[-104.86824214,30.46314128],[-104.86894315916383,30.460672174472062],[-104.869504,30.459518],[-104.86939722265386,30.459332544609317],[-104.86962383,30.45876634],[-104.86980695,30.45773208],[-104.86835155,30.45482675],[-104.86810172,30.453912],[-104.86744798,30.45342191],[-104.86614278,30.45279397],[-104.86523611804405,30.452105362918612],[-104.86455705539973,30.450925938325838],[-104.86447910502044,30.450009788555718],[-104.86521393165086,30.448118153614608],[-104.86564649,30.44723017],[-104.8656228128512,30.447065587018162],[-104.86676447849898,30.444126642590984],[-104.86700818,30.44398265],[-104.86762754,30.44334558],[-104.86824252,30.44202746],[-104.86799272,30.44111269],[-104.86746427260282,30.441103147997275],[-104.85862460786139,30.4378742994693],[-104.85836845464104,30.437472597557644],[-104.86037892978909,30.429414035569156],[-104.86059895,30.4291698],[-104.86105314,30.42813428],[-104.86123883,30.42749928],[-104.86147605,30.42644129],[-104.8611648998198,30.42626364188249],[-104.861194,30.426147],[-104.85686535904532,30.42265309751164],[-104.856759,30.42188365],[-104.85585914,30.42099537],[-104.85470569425485,30.42090990414808],[-104.852031,30.418751],[-104.85185153181216,30.418941266753585],[-104.85086003,30.41892832],[-104.84996785,30.41926126],[-104.849836,30.41984902],[-104.8497346,30.42097682],[-104.84936853742313,30.421573662429225],[-104.84935328971186,30.421589827592303],[-104.84929859231791,30.421596009063517],[-104.84793420498289,30.420022760941695],[-104.84796594,30.41981066],[-104.84831328,30.41901054],[-104.84893186,30.41825614],[-104.84881852,30.41745814],[-104.84777255,30.41483252],[-104.84795655,30.41391572],[-104.84874075,30.41365377],[-104.84990751,30.41390672],[-104.85112642,30.41383063],[-104.85198794,30.41293417],[-104.85255286,30.41227395],[-104.85355292,30.41187005],[-104.85474235,30.41141828],[-104.85541592,30.41080451],[-104.85579246,30.41035651],[-104.85654834,30.40990675],[-104.85700468,30.40922352],[-104.85740522,30.40828222],[-104.85677612,30.40734571],[-104.85582635,30.40279385],[-104.85546929,30.40202048],[-104.85451634,30.40127335],[-104.85429415,30.4004054],[-104.85445073046033,30.400078099963675],[-104.85821396026334,30.392483577274838],[-104.85865751,30.39200049],[-104.85901541623855,30.39086616991299],[-104.859292,30.390308],[-104.85862710629229,30.389806468094015],[-104.85842557,30.38958251],[-104.85512817,30.38647426],[-104.85422851,30.38556249],[-104.8530328,30.3849574],[-104.85176015838661,30.38462670261949],[-104.84673251359814,30.380834330629604],[-104.84620289,30.38000989],[-104.84516678,30.37891078],[-104.8433905508417,30.378313475143187],[-104.837277,30.373702],[-104.83684393151809,30.373741504918293],[-104.83643957,30.37361915],[-104.83421828,30.3735822],[-104.83188512,30.37295855],[-104.8306124,30.37301123],[-104.82768957,30.37342354],[-104.82520163,30.3740922],[-104.82309091,30.37443034],[-104.82176608,30.37483545],[-104.82027651,30.37486549],[-104.819033051,30.37529369],[-104.81860047193457,30.37540569063089],[-104.8172073955201,30.375532768384694],[-104.8167339998881,30.37522506913756],[-104.81820034185017,30.371750304035665],[-104.81900802,30.37104282],[-104.81969922,30.36883209],[-104.81936908,30.36796455],[-104.81863451,30.36740411],[-104.81776478,30.36689122],[-104.81651398,30.36605118],[-104.81467302,30.36617663],[-104.812725881,30.36667831],[-104.8115342,30.36668348],[-104.81139346,30.36576812],[-104.81108709,30.36431331],[-104.81100530357246,30.363776396845413],[-104.81089549935155,30.36266771984485],[-104.81094070651054,30.362443452876338],[-104.81123974023933,30.36160066135328],[-104.81212543,30.36123212],[-104.813205429,30.36066377],[-104.81382215,30.35960422],[-104.81402346,30.35697289],[-104.81398748,30.35544645],[-104.81408798,30.35410729],[-104.81449745623634,30.353523635327686],[-104.81742339931903,30.352564513045547],[-104.82049363,30.35198902],[-104.82154875,30.35181997],[-104.82227586,30.35113566],[-104.82225732880872,30.350979954032326],[-104.822547,30.350885],[-104.82220391250989,30.350531130404676],[-104.82213338,30.34993849],[-104.82099094,30.34907454],[-104.82058032,30.34832478],[-104.82019528,30.34731657],[-104.81954305,30.34692017],[-104.81894843,30.34711066],[-104.81884452718653,30.34706617071021],[-104.814942,30.343041],[-104.811555,30.332853],[-104.81136534606169,30.33282147150856],[-104.81128245,30.33265306],[-104.81059460067999,30.332693341086443],[-104.80340688358486,30.331498439050964],[-104.80263692,30.33114011],[-104.80065814,30.33072578],[-104.79868069,30.33054628],[-104.79757042,30.330504],[-104.79571695,30.32830411],[-104.79451728,30.32680603],[-104.79326825,30.32615366],[-104.79180449,30.32583098],[-104.79133386,30.32397754],[-104.79162652,30.32306035],[-104.79094383,30.32200632],[-104.79010302952898,30.32192406132967],[-104.78908269692916,30.31897891802857],[-104.78908569,30.31891388],[-104.78903756918821,30.318848658871953],[-104.788861,30.318339],[-104.78847146691096,30.31808138525909],[-104.78804917,30.31750902],[-104.78658309,30.31674005],[-104.7864286509871,30.3167303845103],[-104.7776117552158,30.310899397660314],[-104.77707318,30.31027338],[-104.7769523644433,30.309877897799772],[-104.77815242878619,30.306642416543944],[-104.77851392,30.30643926],[-104.77940275,30.30563709],[-104.77960989,30.30392174],[-104.77928841633891,30.303579692069587],[-104.779361,30.303384],[-104.7791456654487,30.303427805142363],[-104.77903817,30.30331343],[-104.77814614,30.30352846],[-104.77772997998916,30.303715795633078],[-104.77604997469172,30.30405755625988],[-104.77508971,30.30391666],[-104.77422142,30.30352092],[-104.77281068,30.30291597],[-104.77202791,30.3033184],[-104.77062149,30.30351195],[-104.76962345,30.30415009],[-104.76851549,30.30448334],[-104.76768071,30.30528522],[-104.766974387857,30.305903787489015],[-104.766585,30.305983],[-104.76627581901813,30.30551091882041],[-104.76667937,30.30531271],[-104.76686632,30.30484223],[-104.76686394,30.304396],[-104.76691417,30.30366772],[-104.76591072,30.30329595],[-104.76534183,30.30320428],[-104.76460662202523,30.302962261135843],[-104.76051353553949,30.29671262351381],[-104.76041478432715,30.296321468923757],[-104.76303602454301,30.274901375540118],[-104.76318688,30.274583],[-104.76235025530559,30.274299739401425],[-104.76024561196623,30.272860309842198],[-104.76063125,30.27229145],[-104.75997852,30.27165989],[-104.7581976751069,30.271459663568507],[-104.758166,30.271438],[-104.7581599200215,30.2714554186362],[-104.75775845,30.27141028],[-104.75705731,30.27185926],[-104.75708991,30.27291602],[-104.75751293227515,30.273308985085382],[-104.75721065557828,30.274174982852518],[-104.756636451,30.27416257],[-104.75638837,30.27329455],[-104.75638431,30.27251952],[-104.75546202,30.27207688],[-104.75456802,30.271869],[-104.75402955,30.2723878],[-104.75373993642216,30.27290794058393],[-104.75109937867134,30.271759036196993],[-104.75102177,30.27155397],[-104.75077253637642,30.27161682739798],[-104.750681,30.271577],[-104.75062392802536,30.271654306828452],[-104.75045429,30.27169709],[-104.7497826,30.27261566],[-104.74913528,30.27301743],[-104.74894480210742,30.273928766405188],[-104.74886231790094,30.27404049536567],[-104.7486123312383,30.27409050463145],[-104.74960352359524,30.267281396473322],[-104.75045178,30.26598991],[-104.75133977,30.26504702],[-104.75190171,30.26384703],[-104.75105629,30.26255855],[-104.75024015,30.26169272],[-104.74880309,30.26108763],[-104.74693622,30.26107132],[-104.74552685,30.26058352],[-104.74411714,30.26002525],[-104.74273605,30.25977217],[-104.74105822,30.25968462],[-104.74024492,30.25935889],[-104.73978071,30.25851514],[-104.73874518,30.25703942],[-104.73809257,30.25638426],[-104.73698114,30.25594222],[-104.73690324950017,30.255995825758955],[-104.736788,30.255872],[-104.7368102787342,30.25605981005076],[-104.73622625,30.25646175],[-104.73642142,30.25761186],[-104.73704403170106,30.258030350934433],[-104.73720216406427,30.25936340903822],[-104.73699974,30.25962951],[-104.73732245801287,30.260377488760675],[-104.73738474864517,30.260902599689814],[-104.73714435,30.26148438],[-104.73625132,30.26144078],[-104.73478433825119,30.261628323693444],[-104.7347144743659,30.261626104030686],[-104.73332777,30.26112294],[-104.73304771123014,30.260830309283968],[-104.72442116638564,30.25079202657707],[-104.72445592,30.25056346],[-104.7239312721293,30.25022196090997],[-104.72361917547313,30.249858789498585],[-104.7224498,30.24831491],[-104.72211277205196,30.248105862494207],[-104.713038,30.237546],[-104.7119497659392,30.23710505444192],[-104.70998602,30.23617354],[-104.70819891,30.2353992],[-104.706655689,30.2349302],[-104.70632120694245,30.23435046903432],[-104.711229,30.223139],[-104.71025316088891,30.22198171358525],[-104.70858968,30.2193704],[-104.70772275,30.2183604],[-104.70669157816418,30.217757890974067],[-104.7040865994133,30.214668543063308],[-104.70376809,30.21427363],[-104.70260325,30.21286425],[-104.70241285796143,30.212369433493357],[-104.705013,30.208463],[-104.70476389284242,30.20830125096892],[-104.70476349,30.20785685],[-104.70419458,30.20710515],[-104.70330132,30.20672969],[-104.70173134,30.20604914],[-104.70059415,30.20520377],[-104.70016065,30.20452248],[-104.69972351,30.19961077],[-104.69942512,30.19871786],[-104.69869432,30.19838928],[-104.69867310954449,30.198380718638255],[-104.697164,30.191756],[-104.69175365496308,30.1851268902316],[-104.69140537,30.18433914],[-104.68877895,30.18119126],[-104.68806379755874,30.180605834809775],[-104.686905,30.179186],[-104.68702624738916,30.178007290007013],[-104.68755837,30.17674995],[-104.68755755,30.17564535],[-104.68731865635377,30.17516462781817],[-104.689469,30.15426],[-104.68921970801732,30.1540965343715],[-104.6890016,30.15343475],[-104.68767602,30.15284791],[-104.68696212073533,30.152295241857644],[-104.690038,30.149452],[-104.68931971684184,30.146080357414302],[-104.68932058,30.14607829],[-104.689318835585,30.146076220768368],[-104.689234,30.145678],[-104.68892418166678,30.145608080809097],[-104.68850862,30.14511514],[-104.68715268187306,30.145208292226638],[-104.68540840967316,30.144814648313897],[-104.68538395416404,30.144457139731312],[-104.68604324666663,30.14323239500138],[-104.68628975,30.14309509],[-104.68632237151101,30.142713874495215],[-104.68701622866848,30.141424920209218],[-104.68728902,30.14137888],[-104.68883035,30.14142506],[-104.68955325,30.14084772],[-104.68899137,30.1397798],[-104.68874755,30.13916886],[-104.68901705,30.13794658],[-104.68925121442807,30.137742779548148],[-104.69003905373546,30.138065115502815],[-104.69026109,30.13825143],[-104.69112678,30.13879151],[-104.6913842040531,30.138615469245952],[-104.691867,30.138813],[-104.69626687041155,30.13465196118242],[-104.69645023,30.13467546],[-104.69639560874823,30.13453021095659],[-104.69662,30.134318],[-104.6958513286468,30.126789276045308],[-104.69590289,30.12666142],[-104.69569101959422,30.125219134788807],[-104.6950385651238,30.11882869291738],[-104.69535542,30.1183418],[-104.69489502,30.11733146],[-104.69397545,30.11681494],[-104.69357035,30.11733225],[-104.69350079907335,30.117506472106708],[-104.6902199060372,30.11708971702527],[-104.68996998099927,30.116664906782372],[-104.69021004480699,30.115837431473764],[-104.69059575,30.1162058],[-104.69110957,30.11644054],[-104.69186538,30.11498295],[-104.69172945,30.11399592],[-104.691377,30.11267997],[-104.69148463,30.11202183],[-104.69144930910167,30.111565814629845],[-104.691536,30.111267],[-104.68588401320939,30.11014911558675],[-104.685645987835,30.10934410442451],[-104.68688280972955,30.10588330265579],[-104.68693050115324,30.10585759715283],[-104.69077278557023,30.10824791709992],[-104.69107651,30.10861418],[-104.6911952966281,30.108510765056984],[-104.691612,30.10877],[-104.694301,30.101921],[-104.69423580313997,30.10183950392498],[-104.69431475,30.10167903],[-104.6933659154537,30.100752144317124],[-104.69242968693405,30.09958185866756],[-104.69228523,30.09874235],[-104.69233788,30.09693262],[-104.69222918,30.09620409],[-104.69117485,30.09589917],[-104.690039541,30.09573528],[-104.68901211,30.09524229],[-104.68820146,30.09550126],[-104.68807250620206,30.096403082904516],[-104.68800640749086,30.09647586959463],[-104.68744562,30.09679432],[-104.68682442,30.09740572],[-104.68669458574706,30.097920423671432],[-104.68524595118484,30.099515633518024],[-104.68501516193064,30.099290152174913],[-104.68515582696779,30.09745540288356],[-104.68544548,30.09672486],[-104.6859852,30.09554945],[-104.68563289,30.09423348],[-104.6855244,30.09369297],[-104.6858069689253,30.09293370986707],[-104.689809,30.089642],[-104.68979462611662,30.089629402434603],[-104.68995306,30.088614],[-104.68930398,30.08800329],[-104.68906032,30.08743935],[-104.68905918,30.08591168],[-104.68827492,30.08520702],[-104.68757263,30.08570095],[-104.68703245,30.0861478],[-104.687411031,30.08645314],[-104.68803274,30.08661732],[-104.68757383,30.08734615],[-104.68711834506699,30.087283854980583],[-104.68628305332274,30.086551788210414],[-104.68616771,30.08626577],[-104.68568083,30.08567846],[-104.68508608,30.08539674],[-104.68559912,30.0847854],[-104.68608528,30.0843856],[-104.68654402,30.08342174],[-104.68645808145769,30.083297351478027],[-104.69077,30.077759],[-104.69060543110561,30.07771611741161],[-104.69070137,30.07759078],[-104.69070023,30.07611011],[-104.68997011,30.07542894],[-104.68880815,30.07545308],[-104.68772772,30.07611174],[-104.68680928,30.07655878],[-104.68732188,30.07540688],[-104.68778058,30.07449002],[-104.68816354235895,30.07384037531736],[-104.68966959463943,30.07388100264732],[-104.69115805,30.07406511],[-104.69264432,30.07413477],[-104.69287637365599,30.073967508853574],[-104.693117,30.073974],[-104.6930422635464,30.073847937657284],[-104.69342752,30.07357025],[-104.69329114,30.07194863],[-104.69242572,30.07103252],[-104.69137168,30.07075109],[-104.69113605259223,30.07063262027183],[-104.69101,30.07042],[-104.69184698158124,30.070015895777903],[-104.69301929,30.06988054],[-104.69382949,30.06933949],[-104.69389869668433,30.06902530440255],[-104.70306686336664,30.064598809306034],[-104.70371466,30.06430372],[-104.70365975,30.06334014],[-104.70220727909644,30.060442485025128],[-104.7021268898392,30.060180995136957],[-104.7021591531569,30.059917155923433],[-104.70232320306164,30.059575919049877],[-104.70314288,30.059392],[-104.70414231,30.05910929],[-104.70465489,30.05826285],[-104.70402439352073,30.056037307341956],[-104.70483979793674,30.054341201184165],[-104.70524545,30.05405543],[-104.70559583,30.05313858],[-104.70581137,30.05248035],[-104.70621588,30.05168098],[-104.7064539402924,30.05098365646748],[-104.70711,30.049619],[-104.695524,30.037572],[-104.69694493089816,30.037026527926063],[-104.69720748,30.03720902],[-104.69799068,30.03702051],[-104.69896249,30.03629131],[-104.70001637,30.03598489],[-104.70077183,30.03574958],[-104.70075000630322,30.035565821866808],[-104.700885,30.035514],[-104.70157299771434,30.032375502127177],[-104.70171408,30.03212952],[-104.70238823,30.03085992],[-104.70279211,30.02940246],[-104.70243089762393,30.02846194691442],[-104.70249773850205,30.028157033177866],[-104.70279022,30.02726369],[-104.70368042,30.02601745],[-104.70394943,30.02481862],[-104.70353306192165,30.023434110001865],[-104.703596,30.023147],[-104.7034156191933,30.023043588633687],[-104.70329929,30.02265677],[-104.70246105,30.02152917],[-104.70065094,30.02087226],[-104.69951606,30.0202384],[-104.69713871,30.01941729],[-104.69709030514932,30.019417319411613],[-104.690272057056,30.015508453695638],[-104.68984332,30.014956],[-104.69019377,30.0141332],[-104.69043614,30.01321643],[-104.68985118549872,30.01190003173632],[-104.69012217956939,30.00986817575079],[-104.69051434,30.00952642],[-104.69062183,30.00884477],[-104.69110754,30.00835092],[-104.69194469,30.00837395],[-104.69297069,30.00816183],[-104.69351035,30.00762094],[-104.69351200565687,30.007578306991903],[-104.693745,30.007529],[-104.69379716385986,30.003511696424635],[-104.69404658,30.00277898],[-104.69381171311302,30.00239121249371],[-104.693821,30.001676],[-104.690142,30.000235],[-104.69280056958013,29.99417587077154],[-104.69370702,29.9941778],[-104.69443742,29.99382657],[-104.69492715,29.99255763],[-104.69168888,29.99123378],[-104.68974591,29.99045354],[-104.687449149,29.99061322],[-104.6861165457446,29.990720799300018],[-104.68569100739668,29.9905444620193],[-104.68567241982626,29.990475744882463],[-104.68566917790987,29.99013346125886],[-104.68596648,29.98948115],[-104.68637612,29.98790635],[-104.68604372521703,29.986638247155547],[-104.68688192496253,29.98533261372072],[-104.68743778,29.98501595],[-104.68803366,29.9844528],[-104.68841468,29.98344235],[-104.68882302,29.98231438],[-104.68882228036442,29.98231019227315],[-104.69268919351397,29.97628684148509],[-104.692702479,29.97627857],[-104.69348703,29.97583338],[-104.69300263,29.97517386],[-104.692435,29.97531377],[-104.69219306,29.97488994],[-104.69084412,29.97429911],[-104.68849562,29.97377669],[-104.68625246,29.97421868],[-104.68536186308296,29.97496167388321],[-104.68048948164439,29.97703246850315],[-104.68017859274433,29.976709393823104],[-104.68001133968613,29.97494180574773],[-104.68011983,29.97460503],[-104.68149926,29.97394958],[-104.6821224,29.97329246],[-104.68231308,29.97272845],[-104.68233054735065,29.97270227733214],[-104.68384648197366,29.971746008636487],[-104.68463871,29.97176931],[-104.68555911,29.97104226],[-104.68525117594704,29.97085991180004],[-104.685427,29.970749],[-104.68358666076097,29.96987554204785],[-104.68340209,29.96969703],[-104.68318367393569,29.969684277285527],[-104.68210500616044,29.969172322247],[-104.68232465,29.96865988],[-104.68240809,29.96781342],[-104.68295008,29.96717962],[-104.68349452,29.96567566],[-104.68331522248504,29.96342996148923],[-104.685194,29.956676],[-104.68499051979899,29.956661526655726],[-104.68500558,29.95660105],[-104.68371002,29.95633951],[-104.68327089767055,29.95653921164441],[-104.68081334184164,29.956364408143074],[-104.68082028,29.95635668],[-104.67979526,29.95593109],[-104.67863762126677,29.956209651302988],[-104.67807810245425,29.956169853286465],[-104.67698615,29.95608946],[-104.67697905490917,29.956091679127915],[-104.67345495395924,29.955841013333117],[-104.67337862208727,29.95521101844074],[-104.67340313095424,29.955069194927997],[-104.67375058,29.95431832],[-104.67456412,29.95316778],[-104.67456686,29.95222708],[-104.67416446,29.95130897],[-104.67466688995961,29.9509280925569],[-104.67505185976117,29.951013483645657],[-104.6758108,29.95164192],[-104.67724017,29.95230363],[-104.67829506,29.95171805],[-104.678167336217,29.951268327694088],[-104.680633,29.947186],[-104.68049426130938,29.946674638644602],[-104.68071485,29.94600854],[-104.68016605582336,29.945464942910597],[-104.67837247095616,29.938854169919747],[-104.6785123948132,29.938626148553286],[-104.68034984485452,29.93905394651156],[-104.6804912,29.93923486],[-104.68121769,29.94013015],[-104.68191968,29.94015522],[-104.68220754990898,29.939486460273294],[-104.68227,29.939501],[-104.6822485521795,29.939391206596643],[-104.68235458,29.93914489],[-104.68218000200328,29.939040291819598],[-104.68182113386243,29.93720321217141],[-104.68252522,29.93611145],[-104.68274349,29.93531231],[-104.68177414,29.93436946],[-104.6812100170397,29.934074847878495],[-104.68050489227484,29.930465248118757],[-104.68135368,29.93032343],[-104.68194598,29.93091268],[-104.68242977,29.93168985],[-104.68315869,29.93171495],[-104.68297191,29.93093845],[-104.68273151,29.93002072],[-104.68294991,29.92917455],[-104.682196221,29.92837328],[-104.68090048,29.92829988],[-104.68019925,29.92803963],[-104.68017488,29.92712237],[-104.67980766137546,29.926896057796338],[-104.67949058757395,29.925272927288457],[-104.67972183,29.92505177],[-104.6799214,29.92135988],[-104.67935717,29.92041791],[-104.67833607712349,29.919362880085107],[-104.677106,29.913066],[-104.67686562417104,29.91300212490339],[-104.6744446,29.91088209],[-104.67301335,29.911067],[-104.67155171569422,29.911590059394012],[-104.66727819417697,29.910454456030802],[-104.66712826,29.91037171],[-104.66696775895409,29.91026944587722],[-104.66602636711404,29.90682793960914],[-104.66615523,29.90633654],[-104.66598938,29.90580271],[-104.66620683,29.90395817],[-104.66629928,29.90275431],[-104.66553123,29.90161171],[-104.66449528051751,29.901230648561256],[-104.664491,29.901215],[-104.66448530101344,29.901226977721855],[-104.66393115,29.90102314],[-104.6625442,29.90131918],[-104.66169757,29.90255611],[-104.66194437,29.90355689],[-104.6627312,29.90455754],[-104.662419,29.90522994],[-104.66102791,29.90545558],[-104.65967292,29.90490328],[-104.65867637,29.90494692],[-104.65810157464995,29.90546112179058],[-104.6553513348524,29.905454897043334],[-104.65526792,29.90530789],[-104.65526115613609,29.905120960721387],[-104.6583157644223,29.90179813154978],[-104.65841277,29.90178251],[-104.65851958559696,29.901576413122577],[-104.658884,29.90118],[-104.65886487128336,29.900910196728983],[-104.65887438,29.90089185],[-104.65886132217973,29.90086013797256],[-104.65873415784058,29.899066533346552],[-104.65889395,29.89889131],[-104.65915365,29.89824474],[-104.658576273651,29.89683963691706],[-104.65831704617491,29.893183331986116],[-104.65851226,29.89274431],[-104.65851858,29.89145011],[-104.65802562,29.89046563],[-104.65659245,29.88941717],[-104.65618262540855,29.889395550060787],[-104.655983,29.889253],[-104.65581239022623,29.889376018626354],[-104.65561755,29.88936574],[-104.653935981,29.89016865],[-104.65343526,29.89084929],[-104.65344207825292,29.891085138312366],[-104.65203648630948,29.892098644082104],[-104.65170895457432,29.892056326922194],[-104.652574,29.888922],[-104.65213312920059,29.88856034876123],[-104.65217829,29.88824589],[-104.65100668,29.88759138],[-104.65086246,29.88696251],[-104.65011228,29.88612488],[-104.64926386,29.88545622],[-104.64816634,29.88468083],[-104.64760885,29.88437585],[-104.64668232957372,29.88381043617821],[-104.64611628160695,29.87965083011822],[-104.64624394,29.87942457],[-104.64600091185952,29.878803035004086],[-104.645956,29.878473],[-104.6458453648085,29.8784052294844],[-104.64580077,29.87829118],[-104.6454238650642,29.878147036276555],[-104.64246621020439,29.876335299955752],[-104.64238878,29.87622889],[-104.64205749,29.87563171],[-104.64215568,29.87499223],[-104.64134371,29.87401611],[-104.64088185,29.87349518],[-104.63993271,29.87341902],[-104.63877631,29.87396355],[-104.63865374198544,29.87399994053364],[-104.63668375568236,29.87279320888105],[-104.63665172,29.87269182],[-104.63577388,29.87197732],[-104.63434726638079,29.871361972739074],[-104.63375348071366,29.87099824434246],[-104.63324965196604,29.870388735033398],[-104.63045666825829,29.857813129320615],[-104.63069918,29.85693068],[-104.63064666,29.85601548],[-104.6303222,29.85459457],[-104.62993855,29.85355265],[-104.62932557635183,29.852720308406138],[-104.629242,29.852344],[-104.62898458638695,29.852257286656823],[-104.62879709,29.85200269],[-104.62733802,29.85103117],[-104.62602568,29.85073549],[-104.62548502329695,29.85107841032788],[-104.62275233408316,29.850157866092594],[-104.62206178,29.84984952],[-104.62164051,29.84956205],[-104.62174818672042,29.849192225415205],[-104.62350464899237,29.84534383440948],[-104.624237,29.8449556],[-104.62481172,29.84368371],[-104.6244499426747,29.843272705548365],[-104.624652,29.84283],[-104.62392927577315,29.84268119137818],[-104.62371486,29.8424376],[-104.62283197,29.84209965],[-104.62113710439854,29.842106284437598],[-104.619533,29.841776],[-104.61912858668423,29.842245422174113],[-104.61903392,29.84221798],[-104.61906126813685,29.84232356208108],[-104.6155642962515,29.84638266716296],[-104.61510217,29.8461296],[-104.61492104770714,29.846108584192503],[-104.61382416171084,29.844859838481568],[-104.61387362,29.84399518],[-104.61295846,29.84356448],[-104.61266243,29.84310683],[-104.61206091,29.8424978],[-104.61165313534906,29.84238824173702],[-104.61095794097233,29.841596800330056],[-104.61097765,29.84148626],[-104.61071131,29.84060388],[-104.60994831,29.84000186],[-104.60950517314909,29.839542891315244],[-104.60987015308092,29.839069120825545],[-104.60997135,29.83898928],[-104.61002677328497,29.838865816412603],[-104.61385523302609,29.833896197296188],[-104.61410782093017,29.833804511978787],[-104.6188252410076,29.833229271724512],[-104.61900768,29.83327948],[-104.61991447320378,29.83309645120075],[-104.620197,29.833062],[-104.62011699127144,29.832706138392425],[-104.62025528,29.83197831],[-104.62035895,29.8309622],[-104.61981129,29.83035086],[-104.6186648,29.82964795],[-104.61694502,29.82929935],[-104.616009640874,29.829515890869317],[-104.61497009535056,29.82930095353698],[-104.61420252,29.82899523],[-104.61199451,29.82718571],[-104.61101212,29.82746368],[-104.61007692,29.82715145],[-104.60954402,29.82726872],[-104.60969871,29.82761488],[-104.60857772,29.82782828],[-104.6085282736655,29.82722654807503],[-104.60910100026533,29.824417779072647],[-104.60956211,29.82380971],[-104.60958246,29.82275018],[-104.6100792,29.8215288],[-104.61047766,29.82047635],[-104.60998677,29.81896855],[-104.60880677,29.81861991],[-104.60846136383087,29.81893987801458],[-104.60689169501588,29.818360372130694],[-104.60684368,29.81825825],[-104.60690975,29.81752609],[-104.60606497,29.81643357],[-104.60457828,29.81591003],[-104.60369694,29.81606592],[-104.603573,29.81673002],[-104.60331892351452,29.817041340952237],[-104.6017431236737,29.81645957155549],[-104.6009602,29.8158554],[-104.60047592411091,29.81517364979418],[-104.60033732873411,29.814928025573],[-104.60018174,29.81356018],[-104.59866097,29.81007386],[-104.59776238,29.80945415],[-104.5964350238683,29.808012206188767],[-104.595,29.805469],[-104.59477850564646,29.805764305335774],[-104.59381631,29.8050614],[-104.59273032,29.80588482],[-104.59203055,29.80638566],[-104.59209223,29.80699463],[-104.59185391,29.80754605],[-104.59180662,29.80813623],[-104.59262858,29.80835937],[-104.59299946422695,29.80813619615542],[-104.59163469206115,29.80995576625392],[-104.59115362,29.80945842],[-104.59043026,29.80812529],[-104.58992317,29.80774734],[-104.59005806,29.80680049],[-104.58934391,29.80610215],[-104.5870362816683,29.80390614020311],[-104.58635758150768,29.802913516411913],[-104.58605855562186,29.802157449903454],[-104.58885983318935,29.799763578652954],[-104.58986958,29.79970405],[-104.59056131,29.79906243],[-104.5908078,29.79818131],[-104.59076104898885,29.798138867879473],[-104.590796,29.798109],[-104.59069122689053,29.798075481059797],[-104.59023894,29.79766488],[-104.5900872,29.79689512],[-104.58979692,29.7960608],[-104.58865352,29.79587509],[-104.58733249,29.79588526],[-104.58618911,29.79569954],[-104.58479803,29.79590092],[-104.58361967082232,29.795813153768066],[-104.5828512958158,29.79556733577118],[-104.58127472902046,29.794597067246276],[-104.5812728096211,29.794587794058238],[-104.58141834,29.79385935],[-104.58211006,29.79321777],[-104.5822988,29.7922686],[-104.58166552,29.79156672],[-104.58055755361052,29.791132179977946],[-104.578841,29.782839],[-104.57876768961233,29.78280049823005],[-104.57872785,29.78258962],[-104.57792768,29.78227134],[-104.57767231948249,29.782225222473212],[-104.57422481060179,29.780414630576914],[-104.57419909,29.77977422],[-104.57366108,29.77979748],[-104.57248725,29.77907188],[-104.57173694,29.77868085],[-104.57072028,29.77834837],[-104.57019211,29.77759485],[-104.57009969,29.77691662],[-104.56893631,29.77447322],[-104.56681394,29.77223588],[-104.56598740960801,29.7710524894505],[-104.568465,29.766214],[-104.56601222812401,29.763633321234135],[-104.5661444,29.76280772],[-104.56576442,29.76181255],[-104.56509894,29.7614884],[-104.56437406,29.76154322],[-104.56400258666572,29.761518881204402],[-104.56396434159191,29.7614786417305],[-104.56435315008356,29.760873954443287],[-104.56504043276648,29.76036857112868],[-104.56588643,29.76016054],[-104.56678626,29.75986291],[-104.56656605,29.75930782],[-104.5665338205422,29.759270430170318],[-104.56948,29.757104],[-104.56951069218125,29.756810689502633],[-104.56968063,29.75670317],[-104.56954718522763,29.756461942911507],[-104.5696479966208,29.755498536641213],[-104.56983346,29.75512038],[-104.57007631,29.75369838],[-104.56989877672345,29.753101951138497],[-104.56994,29.752708],[-104.56974718636086,29.75259267834673],[-104.56970989,29.75246738],[-104.56919943,29.75154843],[-104.56819665,29.75098009],[-104.56602282,29.7501922],[-104.56354012,29.74859902],[-104.56274655,29.74780883],[-104.56190849,29.74763051],[-104.56161838905338,29.747730852447273],[-104.55989008219288,29.746697153766057],[-104.55970791,29.74645698],[-104.55925100055399,29.74631491964872],[-104.55723896218271,29.74511152142212],[-104.55620378,29.74285317],[-104.55533382,29.74234598],[-104.55471778,29.74258829],[-104.55372569,29.74290551],[-104.55296157052659,29.74255321756127],[-104.55217729303102,29.74208414194084],[-104.55186977,29.74135163],[-104.5512806326553,29.74119388534953],[-104.55059253290815,29.73907152589551],[-104.55059548,29.73906205],[-104.55150782,29.73881632],[-104.5543062,29.73857218],[-104.55462552,29.73830982],[-104.55482768368074,29.738006676814347],[-104.5556353226875,29.73801820371641],[-104.55596957,29.73810606],[-104.55844828,29.73810071],[-104.55869492081897,29.73806187135469],[-104.558774,29.738063],[-104.55878296531147,29.738048006947214],[-104.55941589,29.73794834],[-104.56029082,29.73702108],[-104.56043803,29.7360788],[-104.56018806615397,29.735698200006343],[-104.560419,29.735312],[-104.55626155646937,29.73353304574512],[-104.55650757,29.73276212],[-104.55633229,29.73187063],[-104.55443774,29.73130483],[-104.55355134,29.73147974],[-104.55239735,29.73177532],[-104.55201795321398,29.731717224072117],[-104.54954875975467,29.730660665593767],[-104.54964705,29.72985558],[-104.54959342646735,29.72971395618121],[-104.55140529133809,29.725972417044165],[-104.55166023,29.72583485],[-104.55218783,29.72509978],[-104.55234952315557,29.724022558444535],[-104.552528,29.723654],[-104.55242144496093,29.72354340570144],[-104.55248129,29.72314471],[-104.55169303,29.72268358],[-104.5514245156433,29.72250868505793],[-104.549449064827,29.720458349388462],[-104.54952408,29.72000465],[-104.55054003,29.71949906],[-104.55153048,29.71908783],[-104.55202895,29.71821202],[-104.55236583,29.71733809],[-104.55011608,29.71642365],[-104.54941797,29.71657283],[-104.54911136589925,29.71686434637698],[-104.54503633951249,29.716133963294446],[-104.54507109,29.71591774],[-104.54629892,29.7151746],[-104.54733965,29.71452768],[-104.54733809913252,29.714425562945024],[-104.547456,29.71435],[-104.54733543439193,29.714250102781886],[-104.547332509,29.71405748],[-104.5470949052351,29.714050807194795],[-104.54474067147991,29.712100156369075],[-104.54443634,29.71136337],[-104.54428955,29.71056558],[-104.54602831,29.70976951],[-104.54636485,29.70887208],[-104.54597532,29.7080536],[-104.54473986017422,29.706063042212147],[-104.54569570619304,29.70036367160419],[-104.54585505,29.70013075],[-104.54580442492727,29.699715420373106],[-104.545832,29.699551],[-104.54578068715,29.699520674930863],[-104.54573198,29.69912108],[-104.54485817,29.69833171],[-104.54465826,29.69758157],[-104.54413309,29.69669411],[-104.54307223,29.69600095],[-104.537996,29.69335538],[-104.535802891,29.69258114],[-104.53407712,29.69243637],[-104.53340255980977,29.69220540073853],[-104.53120222121359,29.690905036014154],[-104.5308432,29.69049831],[-104.53080207478155,29.689689343712722],[-104.53768028863375,29.684939373065777],[-104.53867095,29.68455335],[-104.53983046,29.68465755],[-104.54101798,29.68483197],[-104.54251826,29.68432085],[-104.54381723,29.68296554],[-104.5443616,29.68157191],[-104.54415995,29.68070422],[-104.54385488704033,29.680675306577296],[-104.54399,29.680582],[-104.53744377690113,29.675649463423788],[-104.53729438,29.67542222],[-104.5358070605506,29.673674444212843],[-104.5356908339673,29.6701299874321],[-104.53612072,29.66901637],[-104.53642674,29.66788417],[-104.53617488,29.66725218],[-104.53558974313897,29.667047112054316],[-104.535576,29.666628],[-104.53525751721814,29.66693067965769],[-104.53455085,29.66668302],[-104.53347408,29.66669538],[-104.53294594,29.66738337],[-104.53320131,29.66825046],[-104.53337241381816,29.668722244176404],[-104.53159736694639,29.670409213174786],[-104.53092366,29.67076909],[-104.53086370647483,29.67075734773578],[-104.52890085813414,29.66974704838693],[-104.52874389,29.66905402],[-104.52864868,29.66809103],[-104.52788928,29.66772351],[-104.52700338,29.66789823],[-104.52616992,29.66797831],[-104.52594331,29.66722845],[-104.52547369,29.66643434],[-104.52505001497848,29.66582526071344],[-104.52494488211346,29.664293248183068],[-104.52532326,29.66213503],[-104.52499405,29.65957371],[-104.52417491,29.65880709],[-104.52400276362545,29.658752193970045],[-104.52115846291629,29.656363136530857],[-104.51931102,29.65399512],[-104.5177821488422,29.653527216886427],[-104.51669110862386,29.65261080261923],[-104.51659526,29.65240354],[-104.5171776,29.65173854],[-104.51697694,29.65091782],[-104.51702306,29.65039998],[-104.51806295,29.64972977],[-104.51826671,29.64895148],[-104.51749047073933,29.647774390099794],[-104.517562,29.647423],[-104.50999526239232,29.644236648728636],[-104.51000092155067,29.643966391599864],[-104.51056971423868,29.643606980568023],[-104.51113272,29.64348312],[-104.51199429,29.64349688],[-104.51284785,29.64296991],[-104.51266088228756,29.6422856048154],[-104.51375700010787,29.641592985439086],[-104.51452171,29.64149303],[-104.51549231,29.64159958],[-104.515860351,29.64100755],[-104.51538894671185,29.640561784396574],[-104.515607,29.640424],[-104.51321459944997,29.637941314330003],[-104.5128724,29.63737326],[-104.51191010919949,29.6365875948404],[-104.50894943871282,29.633515193694713],[-104.5083344,29.63265128],[-104.50810533757597,29.632639237619355],[-104.507896,29.632422],[-104.50785720297044,29.632626192566747],[-104.50723002,29.63259322],[-104.50600395,29.63340654],[-104.50548242,29.63454111],[-104.50640955,29.63535363],[-104.50685717,29.63650077],[-104.50646634807234,29.637206264299536],[-104.5050810332537,29.637616255531622],[-104.50496243,29.6376038],[-104.50460877,29.63734914],[-104.503477091,29.63726783],[-104.50235442,29.63779778],[-104.50096991,29.63882448],[-104.50079435220985,29.63888492141109],[-104.49880874713803,29.639472571711863],[-104.49807446,29.63960946],[-104.49779848991656,29.639558583813017],[-104.49690934514449,29.6378595625016],[-104.49694446,29.63781155],[-104.496892681,29.63611912],[-104.49631372,29.63518506],[-104.49538977,29.63458406],[-104.4950254584834,29.63425973974377],[-104.494844,29.633913],[-104.4898987998974,29.63387187703188],[-104.48988858,29.63386963],[-104.48827257,29.63379362],[-104.48743834,29.63380291],[-104.487314911,29.63272265],[-104.48742886,29.63131054],[-104.48703358,29.63004518],[-104.48592512714085,29.628773143231204],[-104.485887,29.628629],[-104.48568312634248,29.62862686543013],[-104.4840972,29.62800865],[-104.48342172,29.62782805],[-104.48151631,29.62820192],[-104.47944771,29.62846002],[-104.47774257076591,29.628543727319613],[-104.4775385595074,29.628541591309055],[-104.47667107746257,29.628386857275295],[-104.47627073119203,29.62713995764017],[-104.47657905,29.62664428],[-104.47651732,29.62583894],[-104.47595197,29.62474408],[-104.4753568143101,29.624293515171527],[-104.47413183761371,29.620478260457904],[-104.474076909,29.61998389],[-104.47400371,29.61864442],[-104.47339338955182,29.618178324910343],[-104.473296,29.617875],[-104.46557193699073,29.618248541547363],[-104.46550475,29.61711558],[-104.46550885770019,29.616956139628986],[-104.46568945161266,29.61560176047023],[-104.46609518,29.61513392],[-104.46691132,29.61387872],[-104.467336571,29.61230868],[-104.46740542,29.61081646],[-104.46666275,29.60969597],[-104.46648686133031,29.609621519565344],[-104.466536,29.609253],[-104.46171976651443,29.60912232889537],[-104.46047391,29.60866665],[-104.45634962,29.60846115],[-104.45534958,29.60658137],[-104.45247628,29.60465968],[-104.44717595,29.60155652],[-104.43867012,29.59647055],[-104.43249035257732,29.592693866844495],[-104.424153,29.587082],[-104.398637,29.571943],[-104.39748367140349,29.56753561769214],[-104.3975208,29.56745531],[-104.39742448891421,29.567309455038263],[-104.394403,29.555763],[-104.39404015929216,29.555419181478957],[-104.3939058,29.55486628],[-104.39321491,29.55350971],[-104.3924588,29.55328248],[-104.39196711911724,29.553454821935993],[-104.38502408553411,29.546875781914906],[-104.3855298,29.54606546],[-104.38583071,29.5444634],[-104.38492332,29.54299146],[-104.38235409,29.541913],[-104.38001666,29.54183037],[-104.377662979,29.54310782],[-104.3773654195802,29.543260608179764],[-104.37145254567692,29.543411658804647],[-104.37021348,29.54293197],[-104.36928669,29.54200095],[-104.36861648,29.54015026],[-104.36825023,29.5389078],[-104.36697905,29.53835652],[-104.36439082,29.53784225],[-104.36363142,29.53735623],[-104.36205668,29.53622018],[-104.36022349,29.53586269],[-104.36003667746601,29.53601251248776],[-104.35357847592809,29.531465695718722],[-104.353438,29.53108803],[-104.35345395,29.53026489],[-104.353137,29.52866918],[-104.35218925,29.52816151],[-104.35035998,29.52808602],[-104.34940075108149,29.528524420306773],[-104.336969,29.519772],[-104.33615318662991,29.520142367156804],[-104.33538326,29.51979569],[-104.33380938,29.51990671],[-104.33305763,29.5202726],[-104.33198365,29.52192292],[-104.33166518107338,29.522179855041486],[-104.33097740015867,29.52249209736458],[-104.32895879393081,29.52290851431507],[-104.32407414068537,29.522322686968316],[-104.32345826,29.52188278],[-104.32242835781709,29.52212530456211],[-104.321567,29.522022],[-104.32150076192016,29.522897370486156],[-104.32042643,29.52529994],[-104.32066322,29.52675198],[-104.32115522198934,29.527463859399425],[-104.3210467829251,29.52889693772274],[-104.3195565748943,29.530592926799137],[-104.31656971782738,29.532484583937535],[-104.31550163,29.53243415],[-104.31452068322552,29.532117547759068],[-104.31152185181645,29.529949142902616],[-104.31107168,29.52861974],[-104.31158049,29.52613738],[-104.31158408,29.52463214],[-104.31121077768223,29.523871910358878],[-104.311242,29.523289],[-104.3099648738682,29.52338776015399],[-104.30973932,29.52333868],[-104.30899018,29.52345185],[-104.30890102646848,29.52347002746527],[-104.29859257273979,29.52426718011318],[-104.29648036604208,29.524028046154605],[-104.29217040119677,29.519965780438334],[-104.29206186,29.51976675],[-104.29194018555863,29.519748795583993],[-104.291655,29.51948],[-104.28452652140342,29.51808599395679],[-104.28423148,29.51796617],[-104.2828285854112,29.517753954938637],[-104.2702987601756,29.51530369127268],[-104.27002169,29.51512669],[-104.26865446,29.51443211],[-104.26638545,29.51411297],[-104.26525736326488,29.514317823437835],[-104.26334914383283,29.51394466254747],[-104.26207457,29.51302205],[-104.26206745792638,29.513012437600782],[-104.26140953095263,29.510743712831317],[-104.261985,29.51029628],[-104.26231725,29.50977054],[-104.26107797,29.50723829],[-104.26030652,29.50666975],[-104.26022743016655,29.506667483340184],[-104.260227,29.506666],[-104.2536285866805,29.506303669429258],[-104.25166271,29.50542866],[-104.25018905,29.50476008],[-104.24684575,29.50282132],[-104.24499375,29.5004454],[-104.24276657,29.49892545],[-104.24068832,29.49784857],[-104.23887026,29.49732958],[-104.23799614,29.49772769],[-104.23682122,29.49714557],[-104.23564880867868,29.495860164075747],[-104.23355856936483,29.489030602624037],[-104.23357102,29.48897212],[-104.23391418,29.48712922],[-104.23310329,29.48451551],[-104.23246354,29.48220325],[-104.23155526,29.47989768],[-104.23075043,29.47911815],[-104.23052151680221,29.479107462737066],[-104.230462,29.478913],[-104.23005020216677,29.47908545848618],[-104.22910843,29.47904149],[-104.22768726,29.47997054],[-104.22609654,29.48064511],[-104.22214152,29.48217803],[-104.21983323,29.48310552],[-104.21712509,29.48413697],[-104.21603731811928,29.48495397107851],[-104.215851,29.485032],[-104.21202479380484,29.48357697259538],[-104.21157531,29.48291062],[-104.21016282,29.48245175],[-104.20977568283091,29.482181200145245],[-104.21048782579639,29.47768147726434],[-104.21086052,29.47660223],[-104.21078135559418,29.47582678963656],[-104.21170813600695,29.469970865712437],[-104.21227911,29.46894754],[-104.21246806,29.46814328],[-104.21268662,29.46576263],[-104.21301105,29.46333232],[-104.21310348724268,29.462818705677602],[-104.21531544116547,29.45971927664531],[-104.21602398,29.45928317],[-104.21742649,29.45861337],[-104.21808346,29.45732712],[-104.21750685,29.45611855],[-104.21607032,29.45490782],[-104.21534509711206,29.454373241002585],[-104.210235,29.449116],[-104.20802828587567,29.448134249679725],[-104.2063866,29.447105],[-104.20105894,29.44436769],[-104.19844382,29.44325646],[-104.19550923,29.44140051],[-104.19457112,29.43980097],[-104.1940588,29.43807335],[-104.19391058,29.43680709],[-104.193404321,29.43526745],[-104.19157025,29.43420737],[-104.19046251,29.4331764],[-104.18911738,29.43144577],[-104.18841232,29.43040486],[-104.18634134,29.42949166],[-104.18443974,29.42883294],[-104.182212,29.42721802],[-104.18143982,29.42575543],[-104.18141665066673,29.425430235788742],[-104.18346,29.416961],[-104.17947,29.410552],[-104.17329540439462,29.40907941065594],[-104.17269012,29.40750942],[-104.17141057,29.40612977],[-104.16987395225006,29.404840289930664],[-104.170123,29.402626],[-104.1672970960566,29.402104501190784],[-104.16665731,29.40109598],[-104.16645806,29.39990149],[-104.16677691,29.39895302],[-104.16793812,29.39831315],[-104.16861631,29.39768509],[-104.16857148,29.39712178],[-104.16811437,29.39626286],[-104.16792935,29.39551485],[-104.16727800581425,29.394975477991302],[-104.167315,29.394882],[-104.1661880467886,29.39406108361823],[-104.16566678,29.39361834],[-104.16520782066397,29.393347048931243],[-104.160532,29.389941],[-104.15564058200782,29.39396784375469],[-104.15525848,29.39396671],[-104.15423969450251,29.393582748482864],[-104.15216745420838,29.390561071482363],[-104.15194878,29.38868558],[-104.1510178,29.38727375],[-104.15055123,29.38695588],[-104.1496942185504,29.386954675387422],[-104.148567,29.385311],[-104.14460222751697,29.387811208611446],[-104.14450817,29.38776143],[-104.14407515,29.38680778],[-104.14355869,29.38576208],[-104.143413401,29.38456626],[-104.14368474,29.38296052],[-104.14391506,29.38175557],[-104.14299171,29.38057868],[-104.14168156527647,29.38026016173708],[-104.141195,29.37803],[-104.135008920381,29.384271801259064],[-104.13497217,29.38425383],[-104.134277,29.38264805],[-104.13392386,29.38166891],[-104.13203092,29.38124445],[-104.13157966086698,29.381037702873293],[-104.129349,29.378746],[-104.12328271054949,29.38057084201975],[-104.1229145228397,29.380323278855116],[-104.12194119748098,29.375522954878885],[-104.12196391,29.37448002],[-104.1219904,29.37276268],[-104.12144592,29.37167054],[-104.11951014,29.37072958],[-104.11809051,29.3708344],[-104.11656332,29.37178837],[-104.1161118513671,29.372206202796452],[-104.1072695014865,29.373251245697237],[-104.10507746,29.37194728],[-104.10295989,29.36948188],[-104.1017854,29.36798152],[-104.10028569,29.36724148],[-104.09848212,29.36622651],[-104.09843,29.36455809],[-104.09834885,29.36281983],[-104.09814898,29.36157826],[-104.09682062,29.36116329],[-104.09593799344934,29.361112091434595],[-104.09400792993317,29.36033720766726],[-104.09358815,29.35994734],[-104.09288034786685,29.35988450492861],[-104.09060391091823,29.358970558820577],[-104.08934252,29.357227],[-104.09060562,29.35555065],[-104.09126538,29.35346543],[-104.089926909,29.35272142],[-104.08843897,29.35148712],[-104.08736165540799,29.350814698552977],[-104.08498952513195,29.348767061625587],[-104.08307911,29.34658271],[-104.0811956,29.34556943],[-104.0794862,29.34497528],[-104.07740206,29.34441354],[-104.07562186,29.34499683],[-104.07399395,29.34616437],[-104.07292112,29.34618991],[-104.06961895,29.34356409],[-104.06870408,29.34262168],[-104.06743909,29.34164055],[-104.06588712,29.34092491],[-104.06393289,29.34021878],[-104.06219177,29.33946055],[-104.06038689,29.33837458],[-104.05881691,29.33794148],[-104.05730346,29.33760108],[-104.05612535638095,29.336979067267514],[-104.0560382059695,29.336302768925304],[-104.05637138,29.33435443],[-104.05644678,29.33331794],[-104.05635474,29.33207377],[-104.05535199860698,29.33097771200453],[-104.05533,29.330807],[-104.05502381629567,29.330618988560193],[-104.05443848,29.32997918],[-104.05293823,29.32919162],[-104.04943345,29.32692289],[-104.047299911,29.32560937],[-104.04582732,29.32484458],[-104.04510153118987,29.3245262309033],[-104.03879582660338,29.32065422667325],[-104.03789389,29.31990517],[-104.03593234,29.31894017],[-104.03365337,29.31812369],[-104.03185492,29.31722534],[-104.02915014,29.31564278],[-104.0279596,29.315318],[-104.02532935,29.31441558],[-104.02138494,29.31265031],[-104.01956203,29.31182291],[-104.01765911,29.31189097],[-104.01590296347177,29.31166038582194],[-104.01464266609635,29.31118288815364],[-104.01283515,29.31031065],[-104.01100808,29.30934214],[-104.00913528,29.30863337],[-104.00823482,29.30813703],[-104.00429300801187,29.307261640915158],[-104.0041346120073,29.3072016283147],[-104.00281851,29.30647611],[-104.00163648,29.30553951],[-104.00046989,29.30526211],[-103.99914405730848,29.305310822002888],[-103.975369,29.296303],[-103.97500873197745,29.296506120950067],[-103.97388289,29.29629486],[-103.97045971,29.29684152],[-103.96913615,29.29884708],[-103.96802558,29.29988928],[-103.96464514,29.29855371],[-103.96123605018957,29.298768382585347],[-103.96106331249575,29.298726108557624],[-103.95794551,29.29759817],[-103.95481928,29.29689345],[-103.95418501349823,29.29704278515493],[-103.9500308852876,29.296026146995224],[-103.94858678,29.29513071],[-103.94671048137302,29.29521354585389],[-103.93924289113275,29.29338600543762],[-103.93832269,29.29298208],[-103.93761168965578,29.292986802143073],[-103.937494,29.292958],[-103.9372872825036,29.292988956708818],[-103.93555978,29.29300043],[-103.93366528,29.29352298],[-103.93044595,29.29352463],[-103.92577086774587,29.2943194269648],[-103.91889594368537,29.29049387125385],[-103.91860578,29.29031651],[-103.91860378662574,29.287162243481237],[-103.918857,29.284969],[-103.9180651370245,29.285075811658242],[-103.91799105,29.28494028],[-103.913581921,29.28444202],[-103.91205928,29.28477055],[-103.90862035,29.28588028],[-103.90493589,29.28678192],[-103.90456316782748,29.286897045588947],[-103.8993776642516,29.287596500233107],[-103.89478868,29.28364055],[-103.89287873773041,29.282121557279975],[-103.889354,29.278981],[-103.8889800745426,29.279440820637735],[-103.88816335,29.27948217],[-103.886464739,29.28042446],[-103.88536012,29.2815696],[-103.88517337230837,29.284121968215036],[-103.88509636926406,29.284216659785887],[-103.88396381186594,29.284744917692013],[-103.880133,29.285348],[-103.869815,29.280723],[-103.86970037788839,29.280767740045498],[-103.86954395,29.28069708],[-103.867992795252,29.28143425476742],[-103.86621164754054,29.28212948388623],[-103.86415981577673,29.280422182728266],[-103.863257,29.279285],[-103.86099809401496,29.280295162451743],[-103.86057875,29.28038137],[-103.85907345339174,29.2811558444383],[-103.85813960028759,29.28157345515229],[-103.85686394613813,29.281787145358688],[-103.85383072779025,29.2813638561222],[-103.85070898,29.28045448],[-103.84847435,29.28001655],[-103.84485383466148,29.28000636524723],[-103.84400804368886,29.279815120467433],[-103.84285383,29.27925135],[-103.83790292,29.27842922],[-103.83743531870459,29.278052376399696],[-103.83721879413234,29.277503067754946],[-103.83623883,29.27407912],[-103.83573889333302,29.273748656447314],[-103.835389,29.272861],[-103.826159,29.269314],[-103.82341605183345,29.270340107969254],[-103.82132983,29.27093254],[-103.82110778,29.27100403],[-103.81759278,29.27237117],[-103.81694931591258,29.27275924564906],[-103.813392,29.27409],[-103.80786302543093,29.27044382038715],[-103.80762337,29.26990278],[-103.80912468,29.26696543],[-103.80880779826886,29.266293628620826],[-103.808956,29.265882],[-103.806415,29.261448],[-103.799345,29.258559],[-103.7984498913154,29.25914414112853],[-103.79787695,29.25910578],[-103.79649402,29.25973674],[-103.79522952,29.26097743],[-103.79220405,29.26271325],[-103.78860709,29.26546823],[-103.78789124105388,29.265545365751837],[-103.783415,29.265488],[-103.7827899035109,29.264302809520135],[-103.78231745,29.26322842],[-103.78196672368563,29.2627420506467],[-103.77628310567802,29.251965842379313],[-103.77555254,29.24956617],[-103.77544351,29.24799211],[-103.77597863,29.24497458],[-103.77686658,29.24366878],[-103.78059012,29.24347558],[-103.78116574,29.24269148],[-103.78147483,29.24052366],[-103.78137640957736,29.238439461930692],[-103.78164183775544,29.23014962301235],[-103.78181245,29.22814943],[-103.78171042344725,29.228007558287683],[-103.781722,29.227646],[-103.776836,29.22058],[-103.769787,29.220814],[-103.76969855736658,29.221264849404253],[-103.76957005,29.22126574],[-103.76775268,29.22453626],[-103.76825125,29.22690445],[-103.76812957,29.22758811],[-103.76712157741372,29.228601200777906],[-103.7583572882988,29.233011042081536],[-103.75820097992866,29.23297657056291],[-103.75808122624652,29.23279925166916],[-103.75714662,29.23105631],[-103.75652676547668,29.230497566583875],[-103.75439697372396,29.22734399075417],[-103.75493206,29.22567828],[-103.75736062,29.22357528],[-103.75697072922169,29.221269208782743],[-103.75722,29.220806],[-103.75689660036115,29.220830761809424],[-103.75688066,29.22073648],[-103.75587637,29.22004491],[-103.75359202,29.21972374],[-103.74885132,29.21995377],[-103.74462732599302,29.221770185968218],[-103.74241520888717,29.22193956161253],[-103.7423046833193,29.221769378319795],[-103.74229524937734,29.216448224873893],[-103.74330015,29.21532698],[-103.7422904736348,29.21375449844508],[-103.74228960723843,29.21326581322103],[-103.74249689,29.21087002],[-103.74228460463684,29.21044412842231],[-103.742282,29.208975],[-103.74087305837824,29.207612253185506],[-103.73977271,29.20540471],[-103.73681931,29.20210594],[-103.73232249821415,29.199342039256305],[-103.72938939994272,29.196505108141316],[-103.72932003,29.19635305],[-103.72868269,29.19365742],[-103.72767968,29.19301266],[-103.7257674,29.19247434],[-103.72438336925181,29.191253398346028],[-103.72039804403705,29.18455651233509],[-103.71904186,29.18188965],[-103.71849407157237,29.181357103032987],[-103.718228,29.18091],[-103.71801237026567,29.181095893367154],[-103.71669208,29.1808398],[-103.71554922,29.18137265],[-103.71430032370246,29.184296031032886],[-103.7135862043048,29.18491166996504],[-103.713309681,29.1850714],[-103.71210078,29.18489963],[-103.7098796,29.18507074],[-103.708098629,29.1843658],[-103.70604397,29.18486382],[-103.70501013985773,29.184867548169752],[-103.70061449796285,29.17980480379389],[-103.70040149,29.17939008],[-103.69981621218767,29.178885366561463],[-103.69884,29.177761],[-103.69854299208218,29.17778740712421],[-103.69833395,29.17760714],[-103.69581008,29.17731177],[-103.69043732,29.17806563],[-103.68848335,29.17818578],[-103.68469671,29.1761434],[-103.68209497,29.17598992],[-103.67907115,29.17466622],[-103.67619592,29.17418703],[-103.67371851,29.17346735],[-103.671946879,29.17327917],[-103.66988906,29.17358855],[-103.66712965,29.17242597],[-103.66607865,29.17194995],[-103.66562485,29.17152551],[-103.66469005,29.17079409],[-103.66324408,29.17067245],[-103.66254697,29.17085852],[-103.66193065,29.17092729],[-103.660726,29.17073577],[-103.65973071761636,29.170639290474806],[-103.65553023252492,29.16677757431871],[-103.65519882,29.16613565],[-103.654691781,29.16564049],[-103.65437262,29.16505185],[-103.65397389,29.1642514],[-103.65368177,29.16359231],[-103.65349571,29.16321563],[-103.65325628,29.16279177],[-103.65258902,29.1621786],[-103.65218808,29.16196585],[-103.65159975,29.16172905],[-103.65130775,29.16104645],[-103.65136365,29.16043538],[-103.65160657,29.15994242],[-103.65166202,29.15944891],[-103.65161249,29.15839088],[-103.65132058,29.15768475],[-103.65081415,29.15704854],[-103.65014597,29.15669395],[-103.64978393649555,29.156715048820324],[-103.64978,29.156621],[-103.64957425124044,29.156727268991848],[-103.64899409,29.15676108],[-103.64797594,29.15687562],[-103.64727763,29.15739074],[-103.64622988,29.15823394],[-103.64451191,29.15923968],[-103.643224,29.15984705],[-103.64153414,29.16050022],[-103.64013989,29.16089566],[-103.6391951850729,29.160930486981854],[-103.63697567922212,29.160022833809577],[-103.63551334,29.15916549],[-103.63463149,29.15866912],[-103.63361463,29.15845443],[-103.6320594,29.15891983],[-103.63114562,29.15971629],[-103.62947717,29.16168585],[-103.62786575,29.16278574],[-103.62623057,29.16313326],[-103.62459652,29.16319868],[-103.62258838,29.16305131],[-103.62044663,29.16283297],[-103.61865218,29.16282728],[-103.61707034,29.16322188],[-103.61492398,29.16410834],[-103.61288434,29.16508912],[-103.61221388,29.16529854],[-103.6113572,29.16520172],[-103.61007378,29.16468038],[-103.60919342,29.16385475],[-103.60703538,29.16116778],[-103.60588805,29.16015317],[-103.60449809,29.15951389],[-103.60356214,29.15918171],[-103.60209106,29.1587302],[-103.60178863360598,29.15867284350628],[-103.60061182971496,29.15760759650139],[-103.60059677,29.15745582],[-103.60038546,29.15677338],[-103.60009462,29.15590262],[-103.59918874,29.15481823],[-103.59790745,29.15385014],[-103.596867,29.15292985],[-103.59550603,29.15182042],[-103.59427797,29.15094649],[-103.59350414,29.15030917],[-103.59230042,29.14999951],[-103.59096197,29.14987745],[-103.58873909,29.14991692],[-103.58501785,29.14966915],[-103.58366843758988,29.149875903202187],[-103.580315,29.149712],[-103.57367246342594,29.15338663654734],[-103.57292217,29.15364703],[-103.57104843,29.15345235],[-103.57000488,29.1532606],[-103.56877215,29.15344429],[-103.56710854,29.15414363],[-103.5650702,29.15479457],[-103.56348929,29.15497697],[-103.56185558,29.1549946],[-103.55917592,29.15533755],[-103.55740298,29.156483],[-103.55654289,29.15713809],[-103.55584369,29.15774675],[-103.5557377725749,29.15791670518305],[-103.55370370682401,29.158282775658762],[-103.5532550188347,29.157998974047956],[-103.5524009297561,29.157270598136467],[-103.55180485,29.15667411],[-103.55124549,29.15603734],[-103.55068694,29.15523602],[-103.55042285,29.15445928],[-103.5504501502472,29.154068739281215],[-103.55092173647347,29.15280772316401],[-103.5514506,29.15234737],[-103.55204278,29.15171483],[-103.55244794,29.15098757],[-103.55266575,29.15023612],[-103.55269735,29.1492254],[-103.55254739133925,29.148460740846616],[-103.552609,29.148296],[-103.55231892244721,29.147851912618588],[-103.55224952,29.14767223],[-103.55203978,29.14673115],[-103.55182871,29.14607215],[-103.55143086,29.14527143],[-103.55100555,29.14461165],[-103.55020585,29.14385645],[-103.54948511,29.14338363],[-103.54938172902585,29.14335528569028],[-103.549036,29.142826],[-103.54814763813569,29.14317934798702],[-103.54745108,29.14316454],[-103.5461364,29.14370034],[-103.54538471,29.14409718],[-103.544418,29.14465777],[-103.54353412,29.14470149],[-103.54222352,29.14439098],[-103.54107163,29.14448069],[-103.54018662,29.14475946],[-103.53916908,29.14475563],[-103.53874214,29.14444843],[-103.53820902,29.14395275],[-103.5375696,29.14329212],[-103.53687502,29.14296038],[-103.53393434,29.14198542],[-103.53118115,29.14101109],[-103.52965935,29.14011197],[-103.52827029,29.13944842],[-103.52624146,29.13821818],[-103.52550880865121,29.137950011755873],[-103.52525633940432,29.137801757469468],[-103.52477355,29.1372722],[-103.52379377,29.13510571],[-103.52375016958563,29.13418044636291],[-103.52366049304965,29.126417163672503],[-103.52381518,29.12553814],[-103.52413975,29.12488118],[-103.52459843,29.12417772],[-103.52494952,29.12356789],[-103.52519389,29.12288711],[-103.52522455,29.12211146],[-103.52485366,29.12133428],[-103.52416032,29.12079092],[-103.522392739,29.12092511],[-103.520706051,29.12094205],[-103.51904662,29.12086505],[-103.51754697,29.12095322],[-103.51588802,29.12078214],[-103.51422954,29.12051703],[-103.51318789,29.12004275],[-103.51225431,29.11938085],[-103.51102602,29.11876478],[-103.50960854,29.11850055],[-103.50858151875997,29.11859480289795],[-103.505325,29.116102],[-103.50124898854155,29.116733383881787],[-103.5011366,29.1157632],[-103.50132966,29.11468263],[-103.50173391,29.11416711],[-103.50248589,29.11369998],[-103.50390869,29.11292995],[-103.50450103,29.11227412],[-103.50493362,29.11145309],[-103.50531242,29.11067886],[-103.50539762,29.10973889],[-103.50516185,29.10875063],[-103.50471108,29.10792606],[-103.50364443,29.10714602],[-103.50249431,29.10697683],[-103.50099486,29.10706482],[-103.49992058,29.1077422],[-103.49860577,29.10834806],[-103.4972928,29.10860131],[-103.49643729596578,29.108714139645574],[-103.49422464411536,29.10820298789111],[-103.49360802,29.10687022],[-103.49262954,29.10463298],[-103.49151525,29.10277131],[-103.49061149,29.10159222],[-103.48856251,29.09935055],[-103.48781889,29.09826612],[-103.48670249,29.09682755],[-103.48585225,29.09567215],[-103.48454728,29.09446785],[-103.48276072,29.09323802],[-103.48118526,29.09257322],[-103.48020418207031,29.092083075405245],[-103.47726629029553,29.090296263793],[-103.47689171,29.0897578],[-103.47644266,29.08867455],[-103.47559232,29.08756612],[-103.47439243,29.08676178],[-103.47310995,29.08638023],[-103.4717746,29.08588091],[-103.47070831,29.08512414],[-103.47037850394905,29.084506515486396],[-103.47307451100018,29.072765573513564],[-103.47378098,29.0714088],[-103.47405166,29.07084575],[-103.47394888,29.07006957],[-103.47355205,29.06924514],[-103.47318106,29.06858535],[-103.47246315,29.06775954],[-103.47169252,29.06679246],[-103.47081215,29.06631857],[-103.46982243,29.06626735],[-103.46821471,29.06668363],[-103.46717055,29.06679669],[-103.46610188,29.06651003],[-103.46455275,29.06600972],[-103.46359006,29.06591155],[-103.46267772,29.06637777],[-103.46213694362383,29.067221009965504],[-103.4595,29.067358],[-103.46133965023473,29.07118982524449],[-103.46133714,29.07163765],[-103.46122786,29.0720368],[-103.46079749,29.07243457],[-103.45897691,29.07261472],[-103.4579074,29.07246903],[-103.45635651,29.07227422],[-103.45464323,29.07240778],[-103.45284952,29.07256448],[-103.45159085,29.072747],[-103.45054715,29.07276592],[-103.45001254,29.07266954],[-103.45001509,29.07222291],[-103.45036603,29.07168378],[-103.450451139,29.07083789],[-103.45043015,29.06982698],[-103.45032931,29.0687452],[-103.45025482,29.06773405],[-103.45020869,29.06644094],[-103.44989462,29.06521717],[-103.44853626,29.06412985],[-103.44699391,29.06247751],[-103.44590425,29.06120328],[-103.44449072,29.06042126],[-103.44278433707579,29.059639277230424],[-103.440963,29.05813],[-103.43726894161989,29.05793327835207],[-103.43720117,29.05792038],[-103.43594443,29.05779718],[-103.43492849,29.05767506],[-103.43442223,29.05732017],[-103.43434391721875,29.057145532423686],[-103.43427578879106,29.05672422380982],[-103.43445451,29.05638002],[-103.43464466,29.05588723],[-103.43470189,29.05525278],[-103.43435686,29.05478108],[-103.43390267518367,29.054416876024952],[-103.433545,29.052205],[-103.43060384620952,29.050593711244247],[-103.43015917,29.049802],[-103.43000505,29.04871997],[-103.430519,29.04775851],[-103.43095062,29.04714928],[-103.43156852,29.04670545],[-103.43320432,29.04603115],[-103.43374251,29.04549292],[-103.43382551,29.04502315],[-103.43361551,29.04434049],[-103.43281714,29.04363165],[-103.43148295,29.04306143],[-103.43020257,29.04244443],[-103.42894742,29.04208611],[-103.42819871,29.04203568],[-103.42680675,29.04219386],[-103.42509212,29.04263265],[-103.42375618,29.04236794],[-103.42215023,29.04252511],[-103.42172182912763,29.042742828813328],[-103.41876,29.042538],[-103.41745890729229,29.040883140333076],[-103.41753402,29.04059968],[-103.41764397,29.04010652],[-103.41762034,29.03958926],[-103.41741017,29.03895358],[-103.41693068,29.03862226],[-103.41539933791529,29.03826357427678],[-103.415244,29.038066],[-103.4148468000349,29.038134153521472],[-103.41447322,29.03804665],[-103.41064606,29.03838135],[-103.408583711,29.03881831],[-103.40716345,29.03923474],[-103.40595789,29.03953465],[-103.40499508,29.03950658],[-103.40465197,29.03875272],[-103.40473568,29.03818895],[-103.40466063,29.03734234],[-103.40423872,29.03635305],[-103.40392078,29.03585789],[-103.40384546,29.03505829],[-103.40382709,29.03369478],[-103.40353778,29.03289417],[-103.4027948,29.03192686],[-103.4016486,29.03128671],[-103.40001838,29.03106738],[-103.39870489,29.03153126],[-103.39782066,29.03178562],[-103.39653506,29.03206154],[-103.39522243,29.03238434],[-103.39449691,29.03292151],[-103.39433357218006,29.033125817993938],[-103.39039671136513,29.03427053016556],[-103.38902200299451,29.033305878066862],[-103.38760079164659,29.026693456094204],[-103.38778429,29.02426198],[-103.38757552,29.02343822],[-103.3871516,29.02280148],[-103.38667645403284,29.022392821740087],[-103.38656,29.021851],[-103.38619230417997,29.022113093367004],[-103.38573803,29.0221834],[-103.3851458,29.02279171],[-103.38509935239897,29.02289214876183],[-103.38346378876376,29.024057977571253],[-103.38262545,29.02379018],[-103.38118155,29.02373611],[-103.37909565,29.02370234],[-103.37841159852738,29.023837539027863],[-103.37018096429007,29.021870868352348],[-103.36857426,29.02120543],[-103.36724182,29.02047005],[-103.36510757,29.01966011],[-103.36334483,29.01929865],[-103.36163528,29.01898443],[-103.35960405,29.01878609],[-103.35802485,29.01898965],[-103.35684243,29.0198534],[-103.35579231,29.02092937],[-103.35515594802888,29.022104242085984],[-103.353517,29.023363],[-103.35198348842968,29.02719387737402],[-103.35114497,29.02805166],[-103.35057442,29.02938862],[-103.35021905,29.03053862],[-103.35021185075578,29.03161961944941],[-103.34437000659776,29.046213176511923],[-103.34431005,29.04616354],[-103.34313908,29.0452642],[-103.34169937,29.04455151],[-103.34065774,29.04431102],[-103.3383562,29.04446354],[-103.33741871,29.04464669],[-103.33637612,29.0445472],[-103.33554818,29.0443548],[-103.33378928,29.04368722],[-103.33233737,29.04363866],[-103.33057608,29.04315043],[-103.33044462,29.04296083],[-103.3304029444175,29.04292688898056],[-103.32734977872619,29.03559155634848],[-103.32741025,29.03530532],[-103.32739869,29.03412848],[-103.32779334,29.03260266],[-103.32814902,29.03201785],[-103.32828830067817,29.031836990841047],[-103.33388206360176,29.028462746340196],[-103.33431952,29.02838738],[-103.33498991,29.02813234],[-103.33573925,29.02806574],[-103.33678262,29.0280242],[-103.33753115,29.02807514],[-103.33849269,29.02826822],[-103.33923995,29.02850718],[-103.34038937,29.0286072],[-103.34100466,29.02858691],[-103.34159337,29.02854295],[-103.34199565,29.02838051],[-103.34221214,29.02800552],[-103.34216182,29.02753512],[-103.34189882,29.02687557],[-103.34166143,29.02638069],[-103.34134383,29.0258854],[-103.34115948,29.02546132],[-103.34092988,29.02381466],[-103.34053522,29.02284883],[-103.33998091,29.02176465],[-103.33929177,29.02084429],[-103.33886754,29.02030142],[-103.33703345,29.01864637],[-103.33647503,29.01817331],[-103.33559509,29.0177926],[-103.33479538,29.01741229],[-103.3337892,29.01717189],[-103.33238949,29.01673898],[-103.33162503,29.01654817],[-103.33030557,29.01638875],[-103.32942515,29.01614463],[-103.32837754,29.01604012],[-103.32735534,29.01606918],[-103.32636411,29.0162214],[-103.32535043,29.01652757],[-103.32424472,29.01708302],[-103.3232458,29.01777738],[-103.32150883,29.01909315],[-103.31986355,29.02049703],[-103.31956385,29.02089411],[-103.31907674,29.02128931],[-103.31839702,29.02208266],[-103.31753529,29.02281154],[-103.31677042,29.02361958],[-103.31644208,29.02415757],[-103.31586894,29.02479723],[-103.31548906,29.02537178],[-103.31510111,29.02575322],[-103.3146234,29.02604555],[-103.3141816983091,29.026189778994638],[-103.30822447228387,29.025171650745587],[-103.3078921816139,29.02496703579042],[-103.3078607694862,29.019287723105496],[-103.30848638197347,29.018185406539402],[-103.3141811583226,29.01273340384706],[-103.31507291,29.01211758],[-103.31577991,29.01137157],[-103.31593592,29.01112792],[-103.31595012220008,29.01103985255875],[-103.316068,29.010927],[-103.31597886275733,29.010838028345233],[-103.31591157,29.01057569],[-103.3158704,29.01050172],[-103.31527434,29.00898949],[-103.31475031,29.00811343],[-103.31403523,29.00751786],[-103.31374629,29.00709132],[-103.31284508,29.00639972],[-103.31260815,29.00609138],[-103.31210302,29.0059464],[-103.31154326,29.00563348],[-103.31096482,29.00482746],[-103.31059375,29.00454129],[-103.30947505,29.00410635],[-103.30921454002335,29.00408627151515],[-103.30907,29.003942],[-103.30883612320716,29.0040571055062],[-103.30701455,29.00391671],[-103.30696189,29.00392542],[-103.28639868,29.00055343],[-103.28808777862564,28.981170455692165],[-103.288166,28.981145],[-103.28810337929566,28.98099143276145],[-103.28835315,28.97812523],[-103.27992203,28.97588749],[-103.27851652158196,28.978134899354725],[-103.271618,28.985405],[-103.26712201103346,28.99579820067214],[-103.25052162,28.98026017],[-103.249679122718,28.980688530510818],[-103.237904,28.982023],[-103.22843922667461,28.991487773325392],[-103.22799637,28.99171294],[-103.22747559417068,28.991553237464135],[-103.220311,28.983697],[-103.2148560305867,28.987683287684533],[-103.16386572,28.97204646],[-103.16297881498964,28.972271824212385],[-103.15361,28.971865],[-103.14673887945494,28.976398422030837],[-103.11609897,28.98418408],[-103.11624270838685,28.985866994897215],[-103.114648,28.986429],[-103.11727210029784,28.99791930061789],[-103.11746255,29.00014912],[-103.10660431600739,29.014973622480728],[-103.101784,29.017961],[-103.09807610120023,29.026617002209967],[-103.09797375,29.02675674],[-103.09800076356491,29.02679287614099],[-103.097993,29.026811],[-103.09907333460501,29.028227658200894],[-103.10665148,29.03836497],[-103.10659043444196,29.038590645169222],[-103.101104,29.049582],[-103.10072571169901,29.060271539566283],[-103.10070966,29.06033088],[-103.09244125,29.06445705],[-103.09225429861519,29.064154035107137],[-103.090407,29.054096],[-103.08606414815429,29.05412090387031],[-103.08587402,29.05381274],[-103.08082248207013,29.07299918392548],[-103.077212,29.076066],[-103.07871367154142,29.081008739732066],[-103.07597215,29.09142142],[-103.07320073291419,29.09206425603513],[-103.064366,29.091702],[-103.06098975192216,29.094896618816648],[-103.04871662692891,29.097743396030257],[-103.044966,29.095621],[-103.03436132227449,29.101073139205447],[-103.03379728,29.10120397],[-103.03398465602629,29.101909737731614],[-103.032399,29.106702],[-103.03709544111163,29.113626774199684],[-103.03714458,29.11381186],[-103.03560716349233,29.114544992822047],[-103.027937,29.116038],[-103.02536193480478,29.11943053514759],[-103.01354817,29.12506405],[-103.01315636070348,29.12623427916],[-103.012358,29.126284],[-103.01279709198113,29.12730731836274],[-103.00936133175063,29.137569011600174],[-103.009023,29.137739],[-103.00897157374997,29.138733114090215],[-103.00545835559896,29.14922615333717],[-103.002512,29.150229],[-102.996187,29.161092],[-102.99805385795804,29.17134139953322],[-102.99529725214542,29.17957464089113],[-102.99148031546892,29.180922829282835],[-102.97557692,29.1862844],[-102.95081937,29.17352865],[-102.94339044565119,29.191110336095353],[-102.938322,29.188351],[-102.93567054567514,29.191370407524897],[-102.91789497,29.19083738],[-102.91777328425691,29.19146062601303],[-102.917737,29.191452],[-102.91775435841993,29.191557559738754],[-102.91610173434626,29.20002191504253],[-102.91451,29.200321],[-102.913084,29.206943],[-102.91424354013095,29.20953915269651],[-102.91232134834317,29.21938417099982],[-102.91224597529832,29.21939391645079],[-102.90320562288443,29.213921448082342],[-102.899106,29.209421],[-102.894874,29.208796],[-102.89478416363752,29.208823619232867],[-102.89436995,29.20857288],[-102.89279403677662,29.20943546254091],[-102.878757,29.213751],[-102.86951977295887,29.222174725924148],[-102.86778935,29.22312188],[-102.86789665716053,29.22365489768646],[-102.867527,29.223992],[-102.866989,29.227743],[-102.86904354691345,29.22935174512563],[-102.87150929,29.24159962],[-102.90630691,29.25931906],[-102.90463526567581,29.26239592273089],[-102.899551,29.269347],[-102.9001144499641,29.270717028587693],[-102.8881756,29.29269192],[-102.88636985681745,29.316497320837588],[-102.880267,29.338587],[-102.88409559926515,29.346479221455503],[-102.88398172,29.34798051],[-102.8657960820112,29.352414930952296],[-102.863063,29.351819],[-102.8442517672719,29.35766833810478],[-102.83921977,29.35889535],[-102.84493677,29.37430828],[-102.84330612244793,29.375608909785853],[-102.834227,29.379115],[-102.8337621581442,29.383221323782177],[-102.81622357942575,29.397210366266318],[-102.81603,29.397213],[-102.81523210635298,29.398001180571153],[-102.81238971,29.40026832],[-102.81275891090165,29.400444268833198],[-102.812662,29.40054],[-102.8130814272373,29.400597969359634],[-102.82683191647824,29.40715099381613],[-102.826897,29.407469],[-102.83319029785706,29.410394646829868],[-102.83300816262768,29.411502932646986],[-102.82716,29.417894],[-102.83049451654338,29.42679837172228],[-102.82730068610084,29.446232706275552],[-102.819816,29.450983],[-102.824195,29.452047],[-102.82552737735026,29.45702322134672],[-102.82537702,29.45793814],[-102.82470712143456,29.459462434862218],[-102.81429,29.471697],[-102.81455857516025,29.482488838257066],[-102.800667179,29.48614229],[-102.80832074,29.52264025],[-102.80742435523219,29.52369694388903],[-102.792413,29.532955],[-102.7934818646844,29.540132904303334],[-102.79086991,29.54321198],[-102.7894617439827,29.543580587450787],[-102.783178,29.542146],[-102.77237752819428,29.548052623526875],[-102.77104982,29.54840017],[-102.77773931,29.56069337],[-102.7679911900863,29.572459795578997],[-102.766407,29.572252],[-102.7636056962734,29.577753286737646],[-102.76212652,29.57953872],[-102.76841658,29.59494478],[-102.75429223708248,29.596423881223963],[-102.745791,29.592987],[-102.74142743642511,29.597771083179442],[-102.74020134,29.59789948],[-102.74022699691776,29.59908720986273],[-102.740115,29.59921],[-102.732705,29.588988],[-102.7402462427506,29.599978152829387],[-102.74046792730823,29.61024054567616],[-102.739028,29.61852],[-102.74081340408476,29.62623362358064],[-102.74101626569369,29.63562464994125],[-102.74076806682119,29.636080693049415],[-102.73337985570137,29.64240774776942],[-102.726521,29.643043],[-102.72614623741805,29.648602413563328],[-102.71859430487936,29.655069674668777],[-102.71503,29.656772],[-102.71239222503851,29.660380960160545],[-102.69907875111609,29.671782242102054],[-102.697434,29.671833],[-102.6949694322684,29.675301346360133],[-102.69330814,29.67672403],[-102.69862258,29.69734915],[-102.6984393084324,29.697700048869113],[-102.689088,29.705343],[-102.69014536743937,29.713579950770786],[-102.6827770345161,29.727687647473545],[-102.681882,29.72826],[-102.67387022931996,29.74457528926249],[-102.66744357553358,29.743021903291265],[-102.6668,29.738912],[-102.662665,29.736402],[-102.63182096799845,29.734411565681235],[-102.63028162,29.73403949],[-102.62951529801178,29.734647307112244],[-102.622876,29.736532],[-102.61338349016376,29.747442436329617],[-102.61240806,29.74821611],[-102.59585052940123,29.751151751027013],[-102.589232,29.749454],[-102.58260350803147,29.7535004405968],[-102.57403569,29.75501951],[-102.5740077011006,29.755124264046245],[-102.573723,29.75509],[-102.57379985410647,29.75590217293492],[-102.56974520665995,29.771077500835986],[-102.56934977952984,29.771470383662848],[-102.55443239095148,29.752654330764482],[-102.554535,29.749187],[-102.54854280319593,29.745225497347963],[-102.54804935,29.74460308],[-102.52789872536196,29.756991387461685],[-102.513597,29.765461],[-102.510844,29.773696],[-102.51622728911222,29.777066149661632],[-102.51764595718126,29.783353803369334],[-102.51754,29.78385],[-102.49763,29.781667],[-102.48708554743605,29.78665846259349],[-102.4807926,29.77621429],[-102.48061242596206,29.77630794998767],[-102.480593,29.776182],[-102.472215,29.776478],[-102.46552520627702,29.783574705846718],[-102.46535670146477,29.783527005461206],[-102.457919,29.77479],[-102.447597,29.777749],[-102.438718,29.773445],[-102.436346450614,29.77531477620289],[-102.42697636005903,29.772662288563108],[-102.422171,29.769701],[-102.411925,29.768258],[-102.4094,29.764739],[-102.40448073292579,29.766294220659173],[-102.38757609,29.76150885],[-102.38761638317979,29.761820607780823],[-102.387386,29.761577],[-102.385238,29.772241],[-102.39021950460332,29.781961568666176],[-102.3902230328876,29.781988867828996],[-102.377347,29.789856],[-102.3773519786672,29.79000628799272],[-102.37721408,29.79008757],[-102.37247642121585,29.811437631611557],[-102.36308,29.831965],[-102.36419393313368,29.846274221342636],[-102.36398628304524,29.846485822308633],[-102.352312,29.853055],[-102.35051678201422,29.86021160230213],[-102.34680552438883,29.863993472584344],[-102.343189,29.865418],[-102.34149356147068,29.869390848953092],[-102.3328623078859,29.866791655528505],[-102.331852,29.86295],[-102.323678,29.864],[-102.32367842296838,29.86402988351896],[-102.31701265002687,29.87856553430465],[-102.312256,29.877241],[-102.31079747069178,29.877312322649228],[-102.28123958,29.86292729],[-102.28093113119131,29.863018532470292],[-102.280913,29.862993],[-102.27837299638496,29.8637752562199],[-102.26509926,29.86770177],[-102.26264694994428,29.860190973802325],[-102.26395,29.855402],[-102.260688,29.853317],[-102.26040490812066,29.85332417522415],[-102.26033923,29.85312302],[-102.26007697098481,29.853332487092587],[-102.252955,29.853513],[-102.25095922463007,29.86061485951534],[-102.24643822,29.8642258],[-102.24459738,29.84877349],[-102.24407035855747,29.848570392320863],[-102.244088,29.84841],[-102.24363258319765,29.84840168730739],[-102.22323014,29.84053922],[-102.19626292,29.83625835],[-102.18732353977708,29.848371792612145],[-102.18693875834254,29.848503517678765],[-102.17955255,29.82606366],[-102.14357611,29.80357962],[-102.14271801071969,29.803375635034453],[-102.129486,29.798944],[-102.12739687999668,29.799733538607605],[-102.1174555058063,29.797370302886215],[-102.115462,29.792505],[-102.093978,29.791691],[-102.0938071089406,29.791748671997322],[-102.07221611,29.78661612],[-102.04912109,29.78546302],[-102.04568101529149,29.79018990559633],[-102.038706,29.792223],[-102.04035567909551,29.797507262657827],[-102.03545009,29.80424786],[-102.01457131,29.79755228],[-101.9975869705569,29.805990786312414],[-101.99719016097525,29.806172858386],[-101.9878646,29.79699151],[-101.98731823814336,29.79781674829596],[-101.98682,29.797357],[-101.9833503580997,29.803809931249855],[-101.97549366,29.81567688],[-101.96350101651383,29.80238810228932],[-101.963079,29.800173],[-101.95842521031955,29.796763715948135],[-101.95762055,29.79587209],[-101.93542615,29.79955837],[-101.93227110558418,29.791352021308487],[-101.933775,29.786767],[-101.92908307229278,29.78305986773434],[-101.92894863,29.78271018],[-101.92880466252348,29.78283989379116],[-101.928801,29.782837],[-101.9286529579463,29.78297657866137],[-101.91193365,29.79804057],[-101.88700050207558,29.795377152836622],[-101.883933,29.793781],[-101.875402,29.794111],[-101.87536579595432,29.79413430632289],[-101.8748342,29.79407752],[-101.85321343,29.80776446],[-101.8439535364527,29.801356834747583],[-101.836978,29.793427],[-101.82471867748446,29.78804677157871],[-101.82360118,29.78727349],[-101.8233097755713,29.788467436172425],[-101.819235,29.79276],[-101.82120070366099,29.79710875417144],[-101.81769244044803,29.81148285772819],[-101.80379811179613,29.80375803929731],[-101.81402622,29.79240983],[-101.81364461590209,29.79192121561796],[-101.810287,29.783515],[-101.80486280539513,29.780676789948608],[-101.80436775,29.78004291],[-101.80349873451587,29.780315779727395],[-101.788646,29.779574],[-101.78643676722936,29.785673215178566],[-101.775298489,29.78917062],[-101.76688857859163,29.785521954463363],[-101.753481,29.777714],[-101.75005167107943,29.778217210274615],[-101.73455412,29.77149355],[-101.71942152366752,29.775672456812487],[-101.71666523657508,29.77181768020627],[-101.71008145,29.76181995],[-101.70965486342766,29.762013395854428],[-101.709646,29.762001],[-101.70929894933784,29.76217479358626],[-101.68968541466485,29.771069018625454],[-101.6812,29.761124],[-101.6767261645351,29.761105265345623],[-101.67603158,29.76056946],[-101.66156112628863,29.77118793746451],[-101.645341,29.754549],[-101.6446583088994,29.754856348029428],[-101.64385643,29.75407377],[-101.64180593042839,29.756140490889152],[-101.634879,29.759259],[-101.62710036591571,29.77086451360094],[-101.62496248096568,29.77079950441474],[-101.619366,29.770067],[-101.61765122057871,29.77057718230716],[-101.57486134,29.76927602],[-101.57446344950749,29.771313217634802],[-101.572896,29.773983],[-101.57334889283716,29.777019743061658],[-101.5694834,29.79681105],[-101.55994298988442,29.80271799628179],[-101.552867,29.805044],[-101.54736521202936,29.81050552923206],[-101.54464818,29.81218778],[-101.53498871,29.79759971],[-101.53520363230297,29.792505444810534],[-101.538693,29.764768],[-101.53652799400618,29.76111433449029],[-101.53665428,29.758121],[-101.5022208,29.76415863],[-101.46680948916917,29.787924439460795],[-101.46272877323219,29.78889693734189],[-101.45342246,29.78466897],[-101.45297052981736,29.781980136750978],[-101.454872,29.77123],[-101.44812330168628,29.753140752560444],[-101.44767694,29.75048505],[-101.44524142642781,29.751610382312382],[-101.437271,29.75238],[-101.42398187252152,29.761433387706706],[-101.40310809318775,29.77107814544242],[-101.4024035646359,29.770806988879563],[-101.39899979129916,29.76339566707065],[-101.39908485194671,29.762232024086774],[-101.40588942855396,29.755752771609615],[-101.413883,29.751976],[-101.4144113740132,29.747638257009527],[-101.41569645,29.74641462],[-101.39717965,29.73535245],[-101.39768254,29.71378575],[-101.37090889,29.69881046],[-101.37046901146714,29.696648810912],[-101.37125,29.678598],[-101.365762,29.670865],[-101.36354151020328,29.662605715669947],[-101.36070943,29.64868832],[-101.35763647455074,29.65160003338886],[-101.355938,29.652109],[-101.35527015421783,29.653842189745976],[-101.34585751,29.66276094],[-101.30198137610361,29.651021052581683],[-101.30183861136017,29.650595983172828],[-101.31038323867044,29.615361158360425],[-101.310483,29.61514],[-101.31043599043134,29.615143629966692],[-101.3126766,29.6059042],[-101.30997035835748,29.59902288738108],[-101.310753,29.598958],[-101.30962,29.593702],[-101.3078196687408,29.593554208100553],[-101.30748703572002,29.59270840343645],[-101.309079,29.592069],[-101.307166,29.586845],[-101.30563824166059,29.58800737094514],[-101.30447087458762,29.585039041124197],[-101.30587,29.584943],[-101.30400387332494,29.583851570784766],[-101.30351981560712,29.582620730038823],[-101.304902,29.58281],[-101.302637,29.579345],[-101.3023437231555,29.579630213707542],[-101.30024962,29.57430542],[-101.29700428669234,29.576338033146286],[-101.295045,29.575749],[-101.2951965818043,29.577470232637587],[-101.29409584434212,29.578159645164472],[-101.290271,29.578096],[-101.29251186399455,29.579151721778093],[-101.278912881,29.58766902],[-101.27956408060041,29.598018712684816],[-101.279522,29.598015],[-101.27956757401492,29.59807423447352],[-101.28007859978538,29.60619610628494],[-101.280048,29.606225],[-101.2800806544534,29.6062287616836],[-101.28076811,29.61715468],[-101.27118269,29.62736552],[-101.24915102,29.62285629],[-101.24697954477055,29.602797949801587],[-101.248478,29.602292],[-101.24643558334098,29.59777327198757],[-101.24301434,29.56617058],[-101.24722516184123,29.55435704132485],[-101.247591,29.554493],[-101.250801,29.552072],[-101.24857378803496,29.550573445556914],[-101.25048427914992,29.54521352734471],[-101.251333,29.545034],[-101.25141995180917,29.54258848036715],[-101.25860148,29.52244057],[-101.18555226,29.51800186],[-101.14763303,29.47446149],[-101.06181234,29.46424552],[-101.05422622645605,29.450215731537426],[-101.054735,29.450076],[-101.056847,29.440902],[-101.04338953391934,29.430174309399074],[-101.0425935673436,29.428702245658375],[-101.037301,29.407592],[-101.02495433168932,29.39608017331037],[-101.01005872,29.36853217],[-100.9778873325011,29.357458586858915],[-100.963637,29.347725],[-100.95121948086576,29.348279353532778],[-100.95024395,29.34794357],[-100.93985045,29.33261895],[-100.9175422123734,29.32224316344113],[-100.916559,29.319449],[-100.90805,29.317237],[-100.905905,29.313331],[-100.902015,29.311329],[-100.88785760635733,29.308436553467615],[-100.88643557,29.30777515],[-100.8795840680555,29.28798709904929],[-100.87729,29.280754],[-100.87706371035323,29.280707970030498],[-100.87686829,29.28014357],[-100.83488409,29.26158709],[-100.81378511,29.26371198],[-100.81515035195389,29.258019324488547],[-100.816176,29.25392],[-100.81613437161012,29.25391625330511],[-100.81620131,29.25363714],[-100.79597934,29.24518946],[-100.79580817,29.22876122],[-100.79506273317912,29.228698919892576],[-100.791998,29.22608],[-100.78552274407318,29.22790161242202],[-100.78516974,29.22787211],[-100.77388438743807,29.20787906321449],[-100.776117,29.200969],[-100.76901717615348,29.199256347850167],[-100.76747566756627,29.196525422685426],[-100.76705737946433,29.195496520682905],[-100.77057792732128,29.17882013564205],[-100.775261,29.173738],[-100.77269413592568,29.168795926073653],[-100.77277951,29.16839152],[-100.76239491768051,29.16273855410477],[-100.759859,29.157514],[-100.74199641391412,29.15163440648324],[-100.7393238,29.15017954],[-100.7363036974963,29.145523461279083],[-100.737498,29.139706],[-100.727515,29.131214],[-100.72694336286307,29.131092674624323],[-100.72447295,29.12728405],[-100.71310698107378,29.121645376293948],[-100.713096,29.121635],[-100.71306208504703,29.12162310330982],[-100.67708242904753,29.103773543667895],[-100.67590858425234,29.102498133714573],[-100.66220907058765,29.050584990322854],[-100.661955,29.042524],[-100.64734446895388,28.994256845035217],[-100.64566652,28.9878984],[-100.64573814823511,28.987341270872523],[-100.648359,28.977913],[-100.6474929208407,28.973692534039504],[-100.64876344903388,28.9638102821213],[-100.650205,28.962168],[-100.64920139177775,28.960403934632225],[-100.65145648,28.94286371],[-100.64441725742752,28.936306089798837],[-100.638949,28.928376],[-100.63006207916813,28.922933049526875],[-100.62965166,28.92255071],[-100.64091434,28.91461526],[-100.63256466,28.90374426],[-100.632189003706,28.90398588584727],[-100.631922,28.903648],[-100.62709,28.903872],[-100.62239532108988,28.91013517535989],[-100.62011810052617,28.909229922582433],[-100.616704,28.907651],[-100.614171,28.901758],[-100.60095855393979,28.901566206428157],[-100.60342286,28.88768205],[-100.59001551044908,28.885612975761898],[-100.598609,28.87715],[-100.59734431087692,28.87643048874086],[-100.59880052,28.87479643],[-100.58932008810005,28.865231788316915],[-100.589165,28.861455],[-100.57339698852331,28.849167252065502],[-100.57300143,28.84876818],[-100.57322110984043,28.845643804480567],[-100.57635,28.836084],[-100.57439193315409,28.828991881884107],[-100.57442285,28.82855217],[-100.57387517473842,28.828504911201474],[-100.570602,28.826195],[-100.5660425273058,28.827829033481784],[-100.54763174,28.82624037],[-100.54605356443057,28.82352296292827],[-100.545305,28.812624],[-100.53624087476587,28.806626824878666],[-100.53512848,28.80471143],[-100.53441972884409,28.785391278918503],[-100.537567,28.780844],[-100.5340838234439,28.776234689858132],[-100.53344466,28.75881146],[-100.51451981039152,28.745461088850146],[-100.51457,28.74409],[-100.51135786752927,28.743230523659985],[-100.507370428,28.740417619],[-100.51201517,28.70648962],[-100.51116614090488,28.703274986738055],[-100.507405,28.683109],[-100.50216200018204,28.669183092326715],[-100.5001772,28.66166815],[-100.47785657661805,28.653409650549154],[-100.473909,28.647202],[-100.46374,28.642541],[-100.44687117486086,28.641945234030974],[-100.44617918,28.6416892],[-100.44715694,28.60922703],[-100.4317521679699,28.601645607843572],[-100.430009,28.596672],[-100.39870660129309,28.585339020219045],[-100.41099986,28.54975202],[-100.40966328941764,28.547707670916367],[-100.404158,28.535511],[-100.39936938166181,28.531962643182478],[-100.38854026,28.51539898],[-100.33387442,28.49928166],[-100.3599691828729,28.48218881979102],[-100.364288,28.481202],[-100.36717723198038,28.47746733478606],[-100.36839923,28.47666689],[-100.33746783,28.44302246],[-100.34948189,28.40340046],[-100.34293138,28.38715775],[-100.31541932912677,28.350954911633565],[-100.313695,28.346372],[-100.29000981955514,28.317518786779356],[-100.28676006,28.31324246],[-100.29223101571755,28.285749783822233],[-100.292256,28.285643],[-100.2922538645279,28.285634963857245],[-100.29362129,28.27876337],[-100.25451509,28.23787397],[-100.24959155649489,28.23713045818347],[-100.245741,28.234985],[-100.23900397826753,28.235531608594584],[-100.22063695,28.23275797],[-100.21473805161601,28.211409491156175],[-100.210954,28.19404],[-100.20958492456172,28.192760004974726],[-100.20916112,28.19122623],[-100.17265036681344,28.177683958482504],[-100.158945,28.168442],[-100.14782710901858,28.168476717665285],[-100.12444594536623,28.159804366674408],[-100.118025,28.156226],[-100.09628105180708,28.149357673507318],[-100.08460986,28.14502869],[-100.08090782267074,28.13800380581638],[-100.074593,28.125],[-100.07328636071965,28.12354152930368],[-100.05300302,28.08505242],[-100.01774709,28.06513351],[-100.01641421026393,28.061636019092973],[-100.006782,28.021052],[-99.99169477249482,27.99677194584981],[-99.99049226,27.99361654],[-99.98868737582167,27.99321963040805],[-99.9616,27.983832],[-99.9330572584797,27.980986087979275],[-99.93122437,27.98058302],[-99.93425467610359,27.96072480793144],[-99.938363,27.952362],[-99.93696185409374,27.942984120094092],[-99.937273079,27.9409446],[-99.92559944278865,27.931494225236744],[-99.925281,27.926911],[-99.917726,27.9187],[-99.90401287315521,27.91401885002408],[-99.89798392,27.90913812],[-99.90408262,27.87370492],[-99.90310255603704,27.872539886678798],[-99.900382,27.863805],[-99.88928908127356,27.856119368233855],[-99.87696246,27.84146632],[-99.87706518199941,27.835092309269932],[-99.877524,27.825819],[-99.87722847455771,27.824959830105225],[-99.87763634,27.79965134],[-99.87628554966841,27.799362445562583],[-99.876524,27.798135],[-99.86872,27.794618],[-99.85335278580295,27.794457799918895],[-99.85075949,27.79390317],[-99.84322258,27.76986282],[-99.84268426838187,27.769493613734987],[-99.842209,27.76803],[-99.83657,27.763853],[-99.83505804326256,27.764263092977792],[-99.83284505,27.76274529],[-99.82621802349973,27.766660800490545],[-99.822818,27.767583],[-99.82224130840682,27.769010401727773],[-99.81337097,27.77425135],[-99.80868498780607,27.763592002253095],[-99.799629,27.739852],[-99.79752383415735,27.738203382946562],[-99.7965034,27.73588217],[-99.79396290695276,27.735414716516306],[-99.788438,27.731088],[-99.7799094341641,27.732828862238854],[-99.76936068,27.73088788],[-99.72814674,27.67912622],[-99.72442773975567,27.675206134085435],[-99.722012,27.671825],[-99.721337,27.666385],[-99.710663,27.658071],[-99.7076210046212,27.657490661823537],[-99.70549991,27.65525488],[-99.70385794941618,27.656772763101262],[-99.699367,27.655916],[-99.69708018888738,27.66303835088232],[-99.69050335,27.6691182],[-99.68999878988552,27.668897757501615],[-99.686874,27.661912],[-99.66907060668781,27.6597542266151],[-99.6656891645098,27.658276873291907],[-99.66393523709858,27.656166963287028],[-99.66629231,27.63640594],[-99.65546728,27.62925965],[-99.6462479200527,27.629500317180508],[-99.63911,27.627122],[-99.63231481004387,27.629864034653377],[-99.62716531,27.62999846],[-99.62672973284745,27.632117757553424],[-99.623681,27.633348],[-99.62588492754116,27.63622815179312],[-99.62426645005043,27.644102842571584],[-99.62418744443022,27.64410276771312],[-99.6197030193969,27.643414798814486],[-99.615495,27.637747],[-99.609993,27.641472],[-99.60762417953342,27.64156174829052],[-99.59590432,27.63976377],[-99.59362904719566,27.63716716593062],[-99.591187,27.627958],[-99.5774737101547,27.618730249784736],[-99.57710615,27.61831078],[-99.58423502,27.6034586],[-99.58227219350346,27.60418964869325],[-99.583077,27.603247],[-99.561301,27.607696],[-99.55465168926995,27.61420943475888],[-99.53339832649425,27.590478336563578],[-99.528435,27.579011],[-99.51555592864132,27.570555856532707],[-99.51221490141711,27.566825329464233],[-99.51259958410209,27.561793679944667],[-99.51366881408246,27.55742839895449],[-99.518655,27.552866],[-99.521442,27.544524],[-99.52719735489359,27.502196238323503],[-99.52818765,27.49815322],[-99.49342723,27.49762798],[-99.47876526,27.47950651],[-99.495336349,27.44657831],[-99.487620999,27.4110462],[-99.49063377100717,27.398146234455915],[-99.492429,27.391946],[-99.49237637529664,27.39068482176432],[-99.49619906351835,27.37431698967201],[-99.502906,27.36517],[-99.506911,27.352472],[-99.5041550319419,27.34025144528644],[-99.50449874,27.33877977],[-99.52627915060218,27.32432091427969],[-99.53097,27.32376],[-99.53662545366602,27.317452554175233],[-99.53813263,27.31645202],[-99.52790355,27.30483569],[-99.49522083087653,27.30378407011536],[-99.49456949949028,27.30338317130675],[-99.49232283247478,27.27851167644841],[-99.495805,27.271203],[-99.49111565463893,27.265147739055543],[-99.49089678,27.26272471],[-99.48945727545903,27.263006306103623],[-99.488465,27.261725],[-99.481349,27.260354],[-99.46361139952496,27.268062280399374],[-99.46195191,27.26838691],[-99.4418326,27.25080665],[-99.445369,27.22317855],[-99.42621774,27.17612729],[-99.44002149,27.15114646],[-99.43876037349257,27.14750756893679],[-99.438127,27.14496],[-99.4377302118416,27.144535087010457],[-99.43103906,27.12522809],[-99.44254351,27.10682966],[-99.42866105,27.09159275],[-99.45270752,27.064065],[-99.44569215,27.02186385],[-99.44499536958806,27.021364859202947],[-99.431705,27.010922],[-99.43045519366667,27.010952089486707],[-99.42984985,27.01051858],[-99.42885606850531,27.010990588935783],[-99.40971937010687,27.011451311062658],[-99.40894034342081,27.01064067238888],[-99.400465,26.995552],[-99.402152,27.000934],[-99.396779,26.996179],[-99.3961398692353,26.997320769999163],[-99.39419691466443,26.995298972614425],[-99.394303,26.995187],[-99.387757,26.987661],[-99.38712147747492,26.98793642249612],[-99.376469,26.97685168],[-99.39375708,26.96022702],[-99.38502062,26.93960266],[-99.32422098,26.9159454],[-99.328763781,26.87964972],[-99.3246717908836,26.874654392813756],[-99.341381,26.868634],[-99.32425636965196,26.874147264274068],[-99.31714157,26.86546182],[-99.29457003,26.8649816],[-99.26801995,26.84262878],[-99.25850138053644,26.8220020811584],[-99.258461,26.821861],[-99.2584402735174,26.821869662512498],[-99.2424936,26.78731329],[-99.23961975,26.74526177],[-99.20860343,26.72444894],[-99.19997669,26.65579282],[-99.17816571,26.62089571],[-99.1731217258502,26.56190181367116],[-99.184215,26.564241],[-99.17305469065849,26.561117777276145],[-99.17151862,26.54315206],[-99.17000080229653,26.54253453688937],[-99.168069,26.537863],[-99.142468,26.528397],[-99.13457170849888,26.52812023393402],[-99.12775023,26.52534492],[-99.104311,26.49909074],[-99.09164965,26.47531765],[-99.09988636025324,26.45925142334912],[-99.10011,26.458945],[-99.10012864936486,26.458778823043588],[-99.11297338609783,26.433724347982817],[-99.11326,26.433489],[-99.11318533300137,26.43331093208188],[-99.11358892,26.43252371],[-99.11213588901836,26.43080818912105],[-99.11036,26.426573],[-99.10359361825029,26.420722758017668],[-99.08398608,26.39757312],[-99.06489452881792,26.397653903093573],[-99.062942,26.397584],[-99.06281306548611,26.397662710499816],[-99.06181823,26.39766692],[-99.04585710626603,26.408013794820352],[-99.03705965649014,26.413384363553963],[-99.01077471,26.39225863],[-99.00889402187667,26.392726277507286],[-98.988957,26.392141],[-98.97427294289832,26.401267884374626],[-98.96157652906192,26.39693053426353],[-98.95460174264832,26.394251731680168],[-98.95610786,26.37712869],[-98.94324146,26.36943728],[-98.94239030586945,26.370732099292884],[-98.935572,26.373229],[-98.93535631840092,26.38143256158678],[-98.92728193500459,26.393715727495934],[-98.92654628840745,26.394325270084597],[-98.9253847365957,26.39275005027408],[-98.921367,26.379037],[-98.913828,26.37287],[-98.9105512319652,26.37263383150814],[-98.89903915573876,26.35702191446021],[-98.89558842577273,26.350258110422654],[-98.89594466324779,26.35315134400767],[-98.86083128,26.36623348],[-98.84359071,26.35855646],[-98.82421249,26.37088066],[-98.81764317392233,26.36979060983023],[-98.814049,26.366785],[-98.81037682216322,26.368584900152847],[-98.8051230248115,26.367713134716762],[-98.80429600597884,26.366921235861938],[-98.788518082,26.330514683],[-98.786918841201,26.33054296274354],[-98.770449,26.325431],[-98.75105732111413,26.33117711026627],[-98.750717862,26.331183113],[-98.74974923955814,26.329671174397998],[-98.746133,26.318196],[-98.74050963117911,26.315248918654216],[-98.73607286,26.30832349],[-98.7549806,26.30758785],[-98.75453171985195,26.306308448222058],[-98.755506,26.303379],[-98.75153969515623,26.297780555571684],[-98.750919062,26.296011622],[-98.74781710777586,26.29641833745583],[-98.741936,26.29476],[-98.73057084017637,26.298679596997783],[-98.728101452,26.299003373],[-98.71668085,26.28612606],[-98.70276427053751,26.28707152310239],[-98.70241629268739,26.286602601731186],[-98.70165569275058,26.277999880097315],[-98.715691,26.278197],[-98.719554,26.273883],[-98.71760033022913,26.273118529716324],[-98.719657771,26.272552511],[-98.70998553444522,26.270138862845354],[-98.701072,26.266651],[-98.68106665888739,26.26280101677649],[-98.67744739092488,26.253910503259398],[-98.678148,26.244662],[-98.67207786258386,26.2407205806588],[-98.67056431,26.23700263],[-98.66713434109687,26.237510687724466],[-98.664683,26.235919],[-98.64013022978114,26.241510621173937],[-98.63457783,26.24233306],[-98.62441234,26.25974043],[-98.61625889,26.24648868],[-98.58572971,26.25767069],[-98.58297071544801,26.24676587358364],[-98.584454,26.244091],[-98.58047249209663,26.236891744983303],[-98.580094,26.23539577],[-98.57973392181673,26.23555628215818],[-98.579413,26.234976],[-98.57290898334698,26.23859863699687],[-98.5663758278502,26.241510923653472],[-98.563227,26.225689],[-98.56296717020705,26.22585293607251],[-98.562664569,26.22441049],[-98.54574065,26.23652809],[-98.54689056150265,26.23805062721463],[-98.54691643684012,26.239201023595868],[-98.53538889,26.22569412],[-98.52233694,26.23568465],[-98.52323016207862,26.22990726776852],[-98.526305,26.226585],[-98.52442298417441,26.22219206530485],[-98.52455332,26.22134905],[-98.50174421232684,26.222280996559824],[-98.505195154661,26.212971195835518],[-98.507001509,26.20931382],[-98.48492888,26.21252423],[-98.48140103,26.200621851],[-98.48158934945194,26.209107838035226],[-98.480982,26.208396],[-98.481255,26.201401],[-98.478182,26.204316],[-98.48163394295885,26.211117295463406],[-98.481815629,26.21930437],[-98.45702106838328,26.222508396418323],[-98.454368,26.217609],[-98.45001993125518,26.22341310405414],[-98.44410274,26.224177741],[-98.44395342172767,26.203531069174677],[-98.443986,26.203464],[-98.44395229853178,26.203375761611763],[-98.4439318,26.20054137],[-98.44264150226024,26.199943787978608],[-98.442637,26.199932],[-98.44233255039478,26.199800701561745],[-98.42593545261789,26.192206631966414],[-98.417184,26.184667],[-98.40585616253232,26.18290721029987],[-98.40304317299041,26.181604416437025],[-98.401535,26.171613],[-98.3941099095419,26.168559987575463],[-98.38732052,26.158424937],[-98.38645743682449,26.158393438599646],[-98.386424,26.158343],[-98.38392425998907,26.158300989783136],[-98.36637451,26.157660508],[-98.35982566,26.172514647],[-98.35725286493681,26.165376504770137],[-98.357832,26.160013],[-98.3534354447559,26.1547851877265],[-98.35209117,26.151055538],[-98.35151235104512,26.152498494543714],[-98.351025,26.151919],[-98.34874526791391,26.159396645817882],[-98.34622126,26.165688827],[-98.33569265,26.165818578],[-98.33793448,26.149421457],[-98.32649414,26.142937508],[-98.32737785563572,26.142489625862765],[-98.334156,26.140654],[-98.33433693558655,26.13896264560398],[-98.335614749,26.138315028],[-98.33010483800018,26.131867531272555],[-98.320877,26.118632],[-98.3178082032616,26.11747845815718],[-98.30533805,26.10288634],[-98.30473614265712,26.104123450377077],[-98.298353,26.103829],[-98.30245324567503,26.108815527288524],[-98.29686631,26.120298451],[-98.28787596511481,26.120486276761063],[-98.274033,26.116542],[-98.26780761179246,26.120905543628375],[-98.26629615,26.120937121],[-98.2680702021631,26.114909617911756],[-98.271115,26.112549],[-98.27000729812083,26.108328158747078],[-98.2704455459891,26.10683917187597],[-98.286387,26.106436],[-98.28573910504952,26.10463815437414],[-98.28808811,26.10433149],[-98.24954928,26.07217148],[-98.24853523664363,26.072315383881957],[-98.248525,26.07229],[-98.24835394514162,26.07234111113587],[-98.22020835,26.07633528],[-98.193635371,26.05308898],[-98.18708934476066,26.06437156779882],[-98.177594,26.060957],[-98.17762163060648,26.061011404203928],[-98.17685034,26.06073543],[-98.17660242999948,26.074384944566397],[-98.167337,26.063368],[-98.16317588270961,26.063504423151116],[-98.15885503610016,26.05969886933819],[-98.160783,26.054081],[-98.15541498267925,26.056669067635898],[-98.14686528,26.04913898],[-98.14577747836985,26.050965014324206],[-98.139354,26.058373],[-98.13830968173725,26.063500804489784],[-98.13212913678018,26.073875754224325],[-98.13177955975095,26.073833264929974],[-98.13035089924813,26.066350598383895],[-98.130646,26.065392],[-98.1300692346254,26.064875368652505],[-98.12974615,26.0631832],[-98.12843992207775,26.063415929556406],[-98.127548,26.062617],[-98.111071974271,26.066510362556844],[-98.10465858377273,26.067653031076084],[-98.10345451070701,26.066702243725235],[-98.09358462,26.05864882],[-98.09270917428603,26.05955279335723],[-98.082074,26.06414],[-98.08485520925744,26.06766269100267],[-98.08133105,26.07130169],[-98.07455209787123,26.043093443159595],[-98.078703,26.041762],[-98.073551,26.036806],[-98.07312963116027,26.0371743436671],[-98.07294931,26.036424],[-98.06220672,26.04625063],[-98.03871302,26.04136729],[-98.02796594905,26.06689882319435],[-98.02732122057238,26.06624386479755],[-98.02105329,26.05862968],[-98.0203776633439,26.05919013401275],[-98.020348,26.05916],[-98.01342583141037,26.06495690189843],[-98.0120452,26.06610218],[-98.01188706,26.05608158],[-97.99480972111175,26.06208231712529],[-97.991787,26.058514],[-97.9891450887188,26.064072789418656],[-97.98035298096691,26.06716221264446],[-97.97857,26.059118],[-97.96666895292634,26.052528232925823],[-97.96587492,26.05166608],[-97.95107492,26.06223803],[-97.93355029,26.05298572],[-97.93355366730975,26.053444072305897],[-97.931644,26.057527],[-97.93359630226398,26.059230284118065],[-97.933642333403,26.06547740986537],[-97.93360902030372,26.065501615085353],[-97.92708522,26.05483926],[-97.9166125458765,26.057918108600223],[-97.910488,26.056831],[-97.901042,26.061562],[-97.891189,26.060601],[-97.88727679518641,26.066542489907576],[-97.88709223,26.06659675],[-97.86897626,26.05677774],[-97.86139662,26.07002925],[-97.86121494906288,26.062178707754747],[-97.862126,26.060496],[-97.8610416310402,26.054689119817876],[-97.86100165,26.05296142],[-97.83426178,26.04560222],[-97.81928571,26.05658431],[-97.81540251877543,26.049512899666677],[-97.816333,26.045568],[-97.81270091431037,26.044593195066522],[-97.81241118,26.04406558],[-97.80109271,26.06021017],[-97.80069750413112,26.05986352595654],[-97.798608,26.052993],[-97.79343714191282,26.05349529735857],[-97.78883808237045,26.049461357780785],[-97.795051,26.046924],[-97.79665281360104,26.040102212854105],[-97.79728452,26.03934838],[-97.79592494260868,26.03863720778811],[-97.791723,26.034256],[-97.78719884363356,26.034072731246454],[-97.77789885,26.02920806],[-97.77773166165069,26.029514029954985],[-97.777655,26.029414],[-97.769405,26.035891],[-97.77306612285176,26.038052392240104],[-97.76803549,26.04725891],[-97.7635694823374,26.032343802589864],[-97.764048,26.028794],[-97.76174978192621,26.026266556615923],[-97.76153862,26.02556134],[-97.74815903553213,26.027463644381555],[-97.74797,26.026443],[-97.74610344328138,26.027755907729095],[-97.73702883188378,26.029046132628384],[-97.735441,26.028776],[-97.73534491055526,26.029285551941378],[-97.7213854,26.03127031],[-97.72045546,26.02302312],[-97.71947544990364,26.02410425676041],[-97.719635,26.023514],[-97.709639,26.026279],[-97.70692284811577,26.037494792601663],[-97.70509103433075,26.035267832466218],[-97.702542,26.031325],[-97.70180652610665,26.031274812575514],[-97.69728795499388,26.02578152618385],[-97.697426,26.023946],[-97.69219759983366,26.01959311439777],[-97.69155988,26.01881783],[-97.69159438241547,26.0190909079233],[-97.691496,26.019009],[-97.69318168816197,26.03232544787431],[-97.69262698842807,26.032119701366824],[-97.687129,26.027341],[-97.67672814622144,26.026222580713554],[-97.67565612,26.02582495],[-97.66928969025003,26.03180545815932],[-97.667467,26.02909],[-97.66275323916015,26.037606294069782],[-97.6663354228732,26.02550989547338],[-97.666671,26.025186],[-97.66715287604947,26.022749501187118],[-97.66813729,26.01942531],[-97.66779960302239,26.01947947043225],[-97.667826,26.019346],[-97.658344,26.020289],[-97.651309,26.016066],[-97.65098270620875,26.02217667364387],[-97.63992095,26.02395083],[-97.63779755166668,26.013881850327408],[-97.649319,26.010931],[-97.64884696034889,26.010572439716565],[-97.64929498,26.01044368],[-97.63566785,26.00013962],[-97.63537872264402,26.00034199590236],[-97.635097,26.000128],[-97.627142160582,26.00568020698262],[-97.62726128367083,25.999498192685152],[-97.627514,25.996837],[-97.62730990123795,25.996975134409908],[-97.62731828,25.99654031],[-97.6187537100336,26.002062127552637],[-97.61966851286259,25.9960642716202],[-97.62045699244707,25.992294504746877],[-97.631087,25.996268],[-97.63435,25.990225],[-97.63359565088486,25.990167022154157],[-97.63444963,25.99003677],[-97.6177868048903,25.981733454214673],[-97.616689,25.97941],[-97.60842889691797,25.97707027948454],[-97.60790762,25.97681052],[-97.60779387059488,25.976429783318604],[-97.610442,25.966178],[-97.60221736688429,25.957764371273424],[-97.6020952,25.95735546],[-97.60187240807558,25.957411485582167],[-97.601782,25.957319],[-97.60141979569563,25.95752530421428],[-97.58221699567858,25.96235424068957],[-97.582884,25.954689],[-97.57821712569802,25.94260055312877],[-97.57811705,25.94209362],[-97.57752575294187,25.942697124124813],[-97.573062,25.946446],[-97.57320827067801,25.947103738903543],[-97.56790758,25.95251386],[-97.57772847131429,25.940180822439395],[-97.582312,25.938297],[-97.58303968754724,25.933511017510575],[-97.58327423,25.93321648],[-97.56775247598193,25.92778666286711],[-97.567765,25.927646],[-97.56550641325786,25.927000945618495],[-97.56172405,25.9256778],[-97.56156345538636,25.925874833344988],[-97.561466,25.925847],[-97.56134666288911,25.926140815808125],[-97.5524218625908,25.937090642930503],[-97.55230059491919,25.937111470314996],[-97.54367591,25.92336112],[-97.53952945758522,25.928216068480353],[-97.53742100297227,25.93061090448435],[-97.54305215,25.92011282],[-97.53004269073948,25.919866822299483],[-97.533108,25.908174],[-97.528693,25.907115],[-97.52530718272408,25.90182217483395],[-97.52127163,25.88632375],[-97.52088625380192,25.88653811376854],[-97.520802,25.886145],[-97.51055,25.887766],[-97.49818762554115,25.899114544680568],[-97.49715022,25.87986743],[-97.49669458447526,25.88001387835863],[-97.49668,25.879813],[-97.49607674898569,25.880212460313814],[-97.48786044088202,25.882853309787723],[-97.487688,25.879212],[-97.484883,25.878739],[-97.46968349132982,25.888695664657643],[-97.46913511366986,25.888871921783903],[-97.46904723165265,25.888425217490436],[-97.4696935178276,25.88290793467311],[-97.474621,25.879541],[-97.47054233190606,25.8756616906535],[-97.47057788,25.87535822],[-97.45551746,25.88411925],[-97.4567446,25.86864623],[-97.45658547112376,25.86863521668471],[-97.453781,25.867313],[-97.45257197962667,25.868357442792735],[-97.4446712373159,25.867810632131064],[-97.44463910170111,25.867768751196],[-97.454056579,25.85428085],[-97.45372565137363,25.854126134786302],[-97.453795,25.854026],[-97.45361334154912,25.854073627720954],[-97.44398491560172,25.849572148063867],[-97.443844,25.848514],[-97.44234965451228,25.84880763114611],[-97.4244518,25.84044003],[-97.42358376875099,25.840490100588365],[-97.423391,25.840342],[-97.41939179474718,25.84073190594391],[-97.41236937,25.84113698],[-97.40945472,25.86226995],[-97.40919263388452,25.85940713905434],[-97.408216,25.845638],[-97.40795797224442,25.84592072123704],[-97.40789337,25.84521506],[-97.39865715,25.85033651],[-97.40453836292488,25.840572587555666],[-97.406679,25.840064],[-97.406163,25.837972],[-97.40610634249431,25.837969445804852],[-97.4061506,25.83789597],[-97.40547424366837,25.837940949955364],[-97.393497,25.837401],[-97.39212611680857,25.838828644979777],[-97.37263078,25.84012515],[-97.36464299337818,25.85031708787917],[-97.364112,25.850371],[-97.36434832380326,25.850693068628875],[-97.36421189,25.85086715],[-97.36458374375506,25.85101390546393],[-97.366248,25.853282],[-97.37089038442723,25.853502878521546],[-97.37618625,25.85559294],[-97.37451074641822,25.856601782921235],[-97.369066,25.858591],[-97.36759473855561,25.860766002951113],[-97.3588611879826,25.866024589544793],[-97.358857,25.865781],[-97.35791827490452,25.8665923300107],[-97.35665906,25.86735052],[-97.35943443,25.87980448],[-97.37417294,25.88027738],[-97.35640128,25.88776195],[-97.36638623698012,25.898765168290264],[-97.366291,25.902464],[-97.37159028573157,25.904499923534527],[-97.37495336313665,25.908205966023125],[-97.3749734381663,25.908342098341812],[-97.37467981820987,25.90859133759799],[-97.368607,25.90977],[-97.36901006389567,25.913404107701204],[-97.36512809220338,25.916699318792702],[-97.354445,25.920263],[-97.34865898990762,25.930679113817924],[-97.3479154,25.93131031],[-97.33725418735989,25.924583997639683],[-97.337796,25.920514],[-97.334506,25.920305],[-97.33398234344216,25.922519744263667],[-97.33151403918103,25.920962455611697],[-97.330757,25.918301],[-97.3266210994988,25.91787542960688],[-97.32609591,25.91754408],[-97.31299285936366,25.92866963535152],[-97.309354,25.926497],[-97.304857,25.928464],[-97.30330797803305,25.936892887043594],[-97.30320471,25.93698057],[-97.30220530003497,25.936913030008732],[-97.296842,25.933886],[-97.29242982189692,25.93625240450849],[-97.276822,25.93519763],[-97.27692551380918,25.93554728543189],[-97.276898,25.935545],[-97.27695692768107,25.93565339717707],[-97.27990469776957,25.945610559719388],[-97.278636,25.947302],[-97.28077296182347,25.948543436455004],[-97.28365653812426,25.958283761198143],[-97.276059,25.952316],[-97.252462,25.948518],[-97.24977050997906,25.948735613174488],[-97.24749437,25.94803055],[-97.22270198484583,25.958135498383516],[-97.22115,25.957494],[-97.21253521979158,25.96227929638688],[-97.20863166,25.96387032],[-97.2082178421099,25.963660412335624],[-97.204688,25.958356],[-97.19825857505519,25.958608609268552],[-97.18862468,25.95372185],[-97.17621765,25.96564554],[-97.17474219597132,25.965320658009684],[-97.167419,25.961023],[-97.16001219451175,25.9620772413403],[-97.15853965,25.961753],[-97.15877152,25.94881463],[-97.15495303395149,25.95068487896112],[-97.150456,25.952423],[-97.1498912429989,25.953164083847604],[-97.14637375,25.95488691],[-97.14990436230161,25.842087061467097],[-97.15139699578151,25.82961132845994],[-97.17973445032908,25.691470208854177],[-97.19971482553623,25.63177747854546],[-97.200985843,25.628339261],[-97.20130336214251,25.627793994857885],[-97.208341,25.620949],[-97.240858,25.560679],[-97.304714,25.454552],[-97.330282,25.465491],[-97.344928,25.462537],[-97.354025,25.467017],[-97.370042,25.463371],[-97.379928,25.480178],[-97.396528,25.484884],[-97.399527,25.511828],[-97.40563,25.530238],[-97.412249,25.534478],[-97.429005,25.53634],[-97.449236,25.55416],[-97.453951,25.562316],[-97.469877,25.569598],[-97.491339,25.562415],[-97.50068,25.57295],[-97.519871,25.569415],[-97.547387,25.573346],[-97.57559,25.586663],[-97.660868,25.530993],[-97.69753,25.500526],[-97.72369,25.493093],[-97.761302,25.491544],[-97.779233,25.495624],[-97.829049,25.498357],[-97.864173,25.495649],[-97.935663,25.497441],[-97.967309,25.508049],[-98.012548,25.503981],[-98.033889,25.508327],[-98.074537,25.520143],[-98.108655,25.536157],[-98.126878,25.549707],[-98.178435,25.549437],[-98.19103,25.556814],[-98.197633,25.565248],[-98.208852,25.590225],[-98.215135,25.597586],[-98.245179,25.609351],[-98.251458,25.606679],[-98.259607,25.609618],[-98.273499,25.607748],[-98.306094,25.610286],[-98.311972,25.603473],[-98.311171,25.583702],[-98.321991,25.586775],[-98.328841,25.581098],[-98.336304,25.567826],[-98.350642,25.574223],[-98.362421,25.565055],[-98.369563,25.575555],[-98.374201,25.574009],[-98.380384,25.576674],[-98.387739,25.571717],[-98.402351,25.581689],[-98.411363,25.579417],[-98.420371,25.585705],[-98.423132,25.580451],[-98.431883,25.579891],[-98.454232,25.586266],[-98.454327,25.575897],[-98.467356,25.562672],[-98.465015,25.553468],[-98.457869,25.547566],[-98.465398,25.533273],[-98.476756,25.535059],[-98.481972,25.521315],[-98.491236,25.51635],[-98.483395,25.503208],[-98.489964,25.498116],[-98.493943,25.4964],[-98.507581,25.502926],[-98.52278,25.491054],[-98.531575,25.495834],[-98.537906,25.493401],[-98.542756,25.497443],[-98.555385,25.496598],[-98.560201,25.49912],[-98.585289,25.491353],[-98.602193,25.507908],[-98.595456,25.521743],[-98.594343,25.548882],[-98.598689,25.550684],[-98.60823,25.545436],[-98.611878,25.546657],[-98.611821,25.558407],[-98.615479,25.563684],[-98.609559,25.566796],[-98.614325,25.579846],[-98.629035,25.575926],[-98.634108,25.585057],[-98.658399,25.591023],[-98.671445,25.603875],[-98.683402,25.606752],[-98.681741,25.611171],[-98.686037,25.615639],[-98.683747,25.621439],[-98.690629,25.627892],[-98.688404,25.630517],[-98.69874,25.635904],[-98.697791,25.641041],[-98.70274,25.640841],[-98.704844,25.64574],[-98.701203,25.64799],[-98.701228,25.652177],[-98.707964,25.665138],[-98.718101,25.669163],[-98.719851,25.676687],[-98.727204,25.685634],[-98.724552,25.688054],[-98.72874,25.69394],[-98.724288,25.702428],[-98.728797,25.706503],[-98.724109,25.713325],[-98.73099,25.721485],[-98.729315,25.726451],[-98.733731,25.72821],[-98.729015,25.734293],[-98.733469,25.744043],[-98.73360125880669,25.74404025487309],[-98.732826,25.739357],[-98.743595,25.732426],[-98.75294,25.731029],[-98.761936,25.734435],[-98.771543,25.728496],[-98.780277,25.731378],[-98.789011,25.727098],[-98.794863,25.733125],[-98.808313,25.732251],[-98.817396,25.719412],[-98.816174,25.710591],[-98.818532,25.708844],[-98.841967,25.71353],[-98.851133,25.709524],[-98.85716,25.71334],[-98.871756,25.711355],[-98.880274,25.706487],[-98.882012,25.697042],[-98.890126,25.691101],[-98.891473,25.681774],[-98.91134,25.667608],[-98.919293,25.666541],[-98.932364,25.671558],[-98.953859,25.689774],[-98.964516,25.688474],[-98.97188,25.691507],[-98.988774,25.685788],[-98.999777,25.677471],[-99.002896,25.665025],[-99.011733,25.656419],[-99.049853,25.67132],[-99.057823,25.659624],[-99.065621,25.657025],[-99.071165,25.650354],[-99.084421,25.650354],[-99.08297,25.639426],[-99.111192,25.622717],[-99.11717,25.6131],[-99.124274,25.609548],[-99.12514,25.602617],[-99.116844,25.580208],[-99.12889,25.566384],[-99.123854,25.553153],[-99.12573,25.547525],[-99.130766,25.545155],[-99.134123,25.522445],[-99.137184,25.520964],[-99.142417,25.526296],[-99.152884,25.516817],[-99.152291,25.504475],[-99.173125,25.506449],[-99.181518,25.517015],[-99.197514,25.52284],[-99.202253,25.512769],[-99.212325,25.515139],[-99.248364,25.491441],[-99.263175,25.491145],[-99.271776,25.485214],[-99.27511,25.477661],[-99.282323,25.471878],[-99.27577,25.449061],[-99.288284,25.441485],[-99.30391,25.439996],[-99.316154,25.427347],[-99.325602,25.412244],[-99.323654,25.403802],[-99.328979,25.395619],[-99.337561,25.365807],[-99.343773,25.360939],[-99.340315,25.356424],[-99.34198,25.351556],[-99.353794,25.337797],[-99.362083,25.334655],[-99.360433,25.32052],[-99.383753,25.297021],[-99.383414,25.288448],[-99.398825,25.282708],[-99.401637,25.262094],[-99.406932,25.250485],[-99.405792,25.240116],[-99.416978,25.224612],[-99.406354,25.198521],[-99.403824,25.181248],[-99.397822,25.174282],[-99.396524,25.162891],[-99.400718,25.152404],[-99.423118,25.134511],[-99.455057,25.121456],[-99.461311,25.114426],[-99.477518,25.105917],[-99.503597,25.099972],[-99.538403,25.067349],[-99.569163,25.064028],[-99.588883,25.053136],[-99.60006,25.056586],[-99.610843,25.046607],[-99.628349,25.036987],[-99.638282,25.023917],[-99.645669,25.006683],[-99.656295,24.998702],[-99.663392,24.997409],[-99.663804,24.993556],[-99.680104,24.989515],[-99.681606,24.979038],[-99.686667,24.976387],[-99.701345,24.992835],[-99.711084,24.9976],[-99.719866,24.995568],[-99.725996,25.002081],[-99.730719,25.015407],[-99.753817,25.017346],[-99.775532,25.047482],[-99.774655,25.058596],[-99.794111,25.062989],[-99.801428,25.057443],[-99.82043,25.059492],[-99.845601,25.057219],[-99.860144,25.062104],[-99.863375,25.052368],[-99.874687,25.057529],[-99.885851,25.055908],[-99.890059,25.05836],[-99.89036,25.053745],[-99.903188,25.057401],[-99.903739,25.050988],[-99.8979,25.04192],[-99.899735,25.034707],[-99.9137,25.024208],[-99.932361,25.021097],[-99.932055,25.009647],[-99.937486,25.002977],[-99.938987,24.99221],[-99.952338,24.993988],[-99.952699,24.974815],[-99.964084,24.9739],[-99.98568,24.963512],[-99.990662,24.964811],[-99.984918,24.952664],[-99.990904,24.952483],[-99.999067,24.944738],[-100.009036,24.943086],[-100.005205,24.929356],[-100.013622,24.930629],[-100.025392,24.924354],[-100.043493,24.927993],[-100.051343,24.918934],[-100.060764,24.91692],[-100.060468,24.910321],[-100.064532,24.906249],[-100.060498,24.903394],[-100.065343,24.898939],[-100.06965,24.881989],[-100.06163,24.869105],[-100.062966,24.862006],[-100.078328,24.862981],[-100.080181,24.854653],[-100.085109,24.854176],[-100.090185,24.844462],[-100.096187,24.844205],[-100.098123,24.840567],[-100.11206,24.840327],[-100.121191,24.846726],[-100.12551,24.854368],[-100.12538,24.862946],[-100.159717,24.900686],[-100.163786,24.916769],[-100.175915,24.916368],[-100.180747,24.912548],[-100.189706,24.914019],[-100.206133,24.921258],[-100.213486,24.931783],[-100.223782,24.93694],[-100.231327,24.92292],[-100.235858,24.921028],[-100.234956,24.902845],[-100.226632,24.890068],[-100.225195,24.882369],[-100.23247,24.871764],[-100.23651,24.872353],[-100.242761,24.880003],[-100.256234,24.880229],[-100.260544,24.885057],[-100.290743,24.895216],[-100.29515,24.90118],[-100.307792,24.905589],[-100.30958,24.91453],[-100.300837,24.920015],[-100.309262,24.933129],[-100.314866,24.936309],[-100.323052,24.948946],[-100.331994,24.951649],[-100.342327,24.96218],[-100.355004,24.965836],[-100.365456,24.973705],[-100.364026,24.983243],[-100.371408,24.993362],[-100.356703,24.993511],[-100.349997,24.990332],[-100.345675,24.992418],[-100.343638,24.995051],[-100.347364,25.009408],[-100.338571,25.015568],[-100.347314,25.026348],[-100.359153,25.027027],[-100.351231,25.043496],[-100.357069,25.054253],[-100.371745,25.059048],[-100.376956,25.06476],[-100.389502,25.066467],[-100.396362,25.079932],[-100.390548,25.091945],[-100.402767,25.099537],[-100.421164,25.102908],[-100.420294,25.090535],[-100.439249,25.090449],[-100.44877,25.095815],[-100.440287,25.117453],[-100.442137,25.12575],[-100.438351,25.140897],[-100.442551,25.143494],[-100.442392,25.149898],[-100.453012,25.148068],[-100.458422,25.159086],[-100.445057,25.179054],[-100.436306,25.176985],[-100.431003,25.181556],[-100.416228,25.215142],[-100.413766,25.228745],[-100.422687,25.232701],[-100.430059,25.240971],[-100.423938,25.243318],[-100.459098,25.27323],[-100.508912,25.301649],[-100.520618,25.303344],[-100.535312,25.311983],[-100.57358,25.325789],[-100.572531,25.339917],[-100.567565,25.343994],[-100.566112,25.356952],[-100.559592,25.364625],[-100.576715,25.367813],[-100.602227,25.378354],[-100.647165,25.380424],[-100.755405,25.370497],[-100.783008,25.36412],[-100.791085,25.350596],[-100.803483,25.347537],[-100.81234,25.351],[-100.823089,25.34684],[-100.83336,25.329921],[-100.844143,25.327028],[-100.852179,25.32079],[-100.883004,25.320915],[-100.887677,25.313577],[-100.887637,25.305411],[-100.896486,25.301084],[-100.902215,25.302691],[-100.903307,25.295653],[-100.888378,25.288311],[-100.890299,25.271784],[-100.887022,25.265014],[-100.898051,25.260524],[-100.911453,25.260177],[-100.911131,25.245776],[-100.916453,25.233385],[-100.908896,25.231153],[-100.9096,25.223474],[-100.904723,25.213299],[-100.906186,25.208402],[-100.888154,25.203103],[-100.896772,25.190609],[-100.893693,25.179017],[-100.956195,25.179076],[-100.960246,25.178439],[-100.965097,25.168172],[-100.98307,25.169081],[-100.989179,25.156551],[-100.972071,25.143284],[-100.955205,25.137878],[-100.94532,25.122587],[-100.946732,25.1173],[-100.954911,25.116143],[-100.958802,25.104635],[-100.967647,25.102563],[-100.968293,25.096448],[-100.977159,25.091997],[-100.983987,25.083778],[-101.000216,25.086299],[-101.002657,25.096656],[-101.011454,25.097455],[-101.024659,25.103953],[-101.055155,25.105673],[-101.071097,25.111395],[-101.065422,25.122767],[-101.091573,25.134896],[-101.095901,25.141941],[-101.097905,25.136283],[-101.104764,25.135031],[-101.110628,25.129691],[-101.120049,25.131176],[-101.132413,25.120752],[-101.139196,25.12065],[-101.144022,25.124463],[-101.156584,25.122816],[-101.164285,25.128311],[-101.181507,25.124825],[-101.18837,25.11986],[-101.205024,25.126233],[-101.211547,25.112418],[-101.220008,25.114097],[-101.241795,25.133417],[-101.249265,25.12808],[-101.271741,25.137315],[-101.275217,25.149925],[-101.296574,25.148618],[-101.346592,25.176542],[-101.36996,25.185828],[-101.374448,25.177846],[-101.365412,25.173437],[-101.362198,25.160337],[-101.366649,25.146359],[-101.408571,25.153825],[-101.426571,25.152211],[-101.441257,25.141156],[-101.465213,25.148945],[-101.494726,25.145596],[-101.497646,25.151241],[-101.509545,25.152927],[-101.514823,25.147398],[-101.524772,25.145088],[-101.53151,25.147964],[-101.536821,25.144348],[-101.548919,25.14318],[-101.640501,25.15744],[-101.647645,25.1614],[-101.640505,25.166328],[-101.639079,25.174701],[-101.655475,25.192355],[-101.676085,25.195921],[-101.699145,25.205296],[-101.762993,25.21838],[-101.776332,25.227967],[-101.804687,25.235747],[-101.810366,25.243882],[-101.818424,25.24412],[-101.82299,25.229844],[-101.827636,25.226891],[-101.860294,25.239018],[-101.872405,25.251719],[-101.879325,25.254051],[-101.882605,25.260265],[-101.881253,25.268042],[-101.877764,25.270275],[-101.879241,25.275514],[-101.871197,25.282826],[-101.875084,25.291294],[-101.895848,25.309058],[-101.885917,25.31732],[-101.884461,25.322645],[-101.889342,25.328528],[-101.871514,25.345927],[-101.870134,25.353935],[-101.85456,25.36062],[-101.846482,25.372239],[-101.852783,25.382999],[-101.87734,25.39359],[-101.876815,25.412827],[-101.880767,25.419344],[-101.874865,25.42417],[-101.881065,25.42688],[-101.885771,25.435422],[-101.867759,25.443434],[-101.861588,25.441498],[-101.858436,25.445109],[-101.83767,25.438647],[-101.840819,25.450778],[-101.838735,25.454227],[-101.826877,25.453817],[-101.821316,25.461259],[-101.810489,25.459617],[-101.801266,25.474056],[-101.800039,25.490238],[-101.808217,25.49535],[-101.807779,25.508406],[-101.811401,25.512157],[-101.804189,25.516118],[-101.819623,25.528716],[-101.817059,25.532804],[-101.804341,25.529693],[-101.80144,25.531517],[-101.805024,25.5379],[-101.799734,25.538296],[-101.79715,25.545317],[-101.807154,25.55318],[-101.801162,25.553336],[-101.801175,25.561056],[-101.783353,25.554667],[-101.779027,25.560313],[-101.778804,25.569809],[-101.786264,25.576707],[-101.783901,25.577764],[-101.785757,25.580231],[-101.777994,25.584478],[-101.789058,25.595536],[-101.785697,25.607627],[-101.78626,25.642303],[-101.783134,25.652213],[-101.775758,25.657707],[-101.777967,25.664238],[-101.789329,25.671985],[-101.775846,25.724216],[-101.778305,25.737038],[-101.775712,25.748522],[-101.759212,25.768202],[-101.753819,25.783315],[-101.753158,25.800595],[-101.741908,25.813233],[-101.737396,25.832609],[-101.73982,25.841349],[-101.732112,25.855452],[-101.725955,25.855214],[-101.686862,25.876071],[-101.680148,25.892995],[-101.667276,25.902292],[-101.668468,25.907893],[-101.663979,25.911389],[-101.665171,25.917428],[-101.659289,25.927051],[-101.64969,25.928109],[-101.635901,25.921153],[-101.614221,25.926807],[-101.613158,25.938501],[-101.608518,25.943328],[-101.608326,25.948621],[-101.620832,25.957692],[-101.630325,25.977398],[-101.639537,25.977659],[-101.652517,25.995224],[-101.651384,26.005363],[-101.643002,26.011102],[-101.645772,26.019501],[-101.63606,26.027978],[-101.640596,26.041518],[-101.633951,26.047132],[-101.635376,26.055908],[-101.630137,26.061997],[-101.619838,26.066094],[-101.621724,26.076173],[-101.618601,26.079866],[-101.602426,26.084704],[-101.592937,26.089731],[-101.592367,26.092989],[-101.58022,26.097019],[-101.559725,26.12758],[-101.55602,26.138414],[-101.557512,26.147806],[-101.549268,26.152275],[-101.543194,26.168336],[-101.537927,26.170858],[-101.534624,26.1779],[-101.518712,26.189594],[-101.517833,26.194512],[-101.525552,26.198852],[-101.535097,26.195933],[-101.545244,26.201276],[-101.573561,26.238533],[-101.577401,26.268845],[-101.573864,26.275357],[-101.591009,26.282835],[-101.603149,26.282607],[-101.60755,26.285787],[-101.613839,26.295913],[-101.611094,26.304038],[-101.636666,26.324641],[-101.644976,26.341851],[-101.643078,26.362303],[-101.646029,26.3663],[-101.681575,26.397233],[-101.696642,26.401655],[-101.69668930056376,26.405383861110085],[-101.696774,26.405334],[-101.705159,26.414616],[-101.708722,26.414237],[-101.71528,26.420091],[-101.718611,26.416546],[-101.724922,26.420576],[-101.738659,26.422182],[-101.73886,26.429633],[-101.748228,26.425517],[-101.769498,26.432782],[-101.770592,26.438505],[-101.785406,26.444579],[-101.786566,26.448933],[-101.807707,26.464676],[-101.82789,26.475434],[-101.833459,26.487151],[-101.859204,26.497882],[-101.869745,26.515966],[-101.852507,26.52462],[-101.851256,26.52787],[-101.856324,26.531868],[-101.853041,26.536555],[-101.859668,26.537539],[-101.865394,26.548238],[-101.875432,26.554138],[-101.881507,26.550598],[-101.89169,26.558849],[-101.907635,26.564227],[-101.927707,26.585601],[-101.955311,26.603316],[-101.963602,26.615755],[-101.971834,26.619023],[-101.979363,26.629145],[-101.982727,26.639962],[-101.996202,26.651355],[-102.00025,26.65905],[-102.038941,26.693353],[-102.049946,26.713747],[-102.058579,26.721455],[-102.062863,26.736233],[-102.071513,26.73794],[-102.082856,26.751548],[-102.088606,26.753769],[-102.095955,26.746855],[-102.115468,26.745856],[-102.140375,26.735209],[-102.143513,26.727297],[-102.155175,26.722649],[-102.158622,26.715074],[-102.17047,26.708827],[-102.176942,26.70102],[-102.180009,26.704256],[-102.190947,26.703357],[-102.197407,26.706127],[-102.205938,26.703947],[-102.197098,26.682237],[-102.20771,26.683998],[-102.214682,26.676431],[-102.217751,26.68307],[-102.227648,26.680793],[-102.233468,26.684198],[-102.238786,26.681119],[-102.24372,26.690688],[-102.240262,26.692678],[-102.237621,26.704844],[-102.24901,26.70551],[-102.256315,26.714957],[-102.262196,26.716351],[-102.274246,26.710196],[-102.273876,26.705189],[-102.285533,26.697965],[-102.285438,26.694396],[-102.293697,26.688414],[-102.297527,26.696252],[-102.309273,26.697844],[-102.30135,26.707902],[-102.305832,26.712242],[-102.315741,26.706736],[-102.318429,26.700021],[-102.32463,26.698084],[-102.34307,26.699678],[-102.345543,26.703985],[-102.355283,26.701131],[-102.355969,26.707164],[-102.368868,26.710405],[-102.375954,26.716001],[-102.374925,26.727342],[-102.382156,26.728881],[-102.381808,26.747886],[-102.395323,26.750599],[-102.401684,26.746902],[-102.396858,26.725698],[-102.400305,26.720486],[-102.415739,26.732829],[-102.419526,26.731694],[-102.436363,26.746852],[-102.446894,26.748433],[-102.465722,26.761051],[-102.473013,26.759464],[-102.482576,26.762534],[-102.496063,26.75981],[-102.504426,26.765218],[-102.506964,26.770817],[-102.521824,26.772732],[-102.522188,26.778194],[-102.504117,26.782573],[-102.502416,26.788512],[-102.485967,26.790382],[-102.482053,26.798151],[-102.493107,26.813085],[-102.499285,26.813317],[-102.507324,26.824775],[-102.512302,26.825663],[-102.511568,26.829965],[-102.518967,26.832089],[-102.531495,26.851438],[-102.52592,26.865716],[-102.528005,26.87982],[-102.535105,26.8869],[-102.547451,26.923503],[-102.540777,26.944495],[-102.541646,26.968686],[-102.536657,26.973602],[-102.527884,26.974321],[-102.521327,26.978907],[-102.514365,26.974347],[-102.50809,26.984213],[-102.507275,26.992877],[-102.50063,27.001108],[-102.473972,27.012351],[-102.471554,27.022355],[-102.474262,27.025124],[-102.473232,27.036215],[-102.464789,27.046622],[-102.469823,27.05125],[-102.467049,27.056653],[-102.470939,27.065507],[-102.476709,27.067649],[-102.476957,27.071627],[-102.485889,27.080544],[-102.497735,27.086431],[-102.506128,27.095538],[-102.512801,27.096616],[-102.51455,27.100405],[-102.531671,27.10004],[-102.560667,27.110167],[-102.566233,27.109526],[-102.579085,27.120571],[-102.584461,27.122727],[-102.588117,27.120654],[-102.593554,27.129226],[-102.618539,27.149586],[-102.630536,27.153691],[-102.659297,27.174115],[-102.676145,27.203417],[-102.674954,27.209515],[-102.668574,27.21095],[-102.664462,27.216215],[-102.671659,27.232601],[-102.665991,27.247691],[-102.671192,27.252623],[-102.681588,27.250067],[-102.690603,27.252347],[-102.702576,27.263397],[-102.704296,27.270776],[-102.712422,27.278189],[-102.71584,27.291521],[-102.720525,27.295279],[-102.713339,27.300168],[-102.704469,27.317708],[-102.688634,27.318381],[-102.681457,27.323422],[-102.663678,27.323942],[-102.66124,27.329219],[-102.678332,27.341404],[-102.677218,27.349452],[-102.664186,27.354996],[-102.663693,27.362344],[-102.676679,27.367973],[-102.69262,27.367637],[-102.704132,27.376023],[-102.702622,27.379471],[-102.694788,27.381934],[-102.668503,27.378266],[-102.633303,27.392857],[-102.643246,27.398773],[-102.652168,27.396701],[-102.659873,27.400585],[-102.697848,27.401968],[-102.721438,27.413981],[-102.722068,27.431084],[-102.719106,27.43418],[-102.710101,27.432909],[-102.705101,27.435473],[-102.701342,27.428555],[-102.689281,27.43121],[-102.658179,27.427585],[-102.63653,27.43728],[-102.615868,27.418976],[-102.614295,27.423033],[-102.603099,27.426933],[-102.604703,27.438947],[-102.608666,27.44096],[-102.618103,27.46193],[-102.615253,27.47706],[-102.617678,27.488092],[-102.628787,27.504769],[-102.634283,27.508051],[-102.640788,27.520882],[-102.638495,27.523907],[-102.645612,27.528059],[-102.658909,27.548457],[-102.671759,27.559016],[-102.680459,27.55709],[-102.681853,27.562088],[-102.677304,27.564727],[-102.678451,27.573988],[-102.739919,27.613788],[-102.770959,27.640367],[-102.770705,27.665621],[-102.766807,27.679868],[-102.745319,27.702154],[-102.762652,27.731044],[-102.758085,27.753688],[-102.769668,27.766619],[-102.763836,27.777102],[-102.763836,27.783265],[-102.777125,27.806679],[-102.779463,27.800324],[-102.78747,27.80225],[-102.797564,27.787262],[-102.816446,27.804944],[-102.826062,27.821714],[-102.828322,27.842919],[-102.836923,27.856078],[-102.838984,27.871457],[-102.851925,27.891493],[-102.850716,27.894762],[-102.857572,27.910676],[-102.863686,27.915117],[-102.853323,27.924027],[-102.841863,27.925206],[-102.840876,27.919969],[-102.836051,27.919586],[-102.828018,27.930086],[-102.830705,27.946179],[-102.825856,27.948956],[-102.82426,27.946611],[-102.81376,27.947501],[-102.795162,27.956022],[-102.795453,27.966478],[-102.807081,27.975056],[-102.809135,27.983199],[-102.819917,27.998554],[-102.81862771812486,27.99897183620271],[-102.825818,28.001219],[-102.828412,28.008596],[-102.834979,28.007192],[-102.842059,28.012841],[-102.84621,28.012427],[-102.846614,28.021064],[-102.855371,28.029939],[-102.862666,28.030453],[-102.861367,28.033247],[-102.875218,28.037444],[-102.871054,28.04436],[-102.873553,28.049928],[-102.895013,28.044954],[-102.907814,28.047666],[-102.913144,28.056351],[-102.920378,28.059659],[-102.922852,28.075506],[-102.929562,28.085999],[-102.928801,28.096802],[-102.955641,28.127545],[-102.97175,28.13949],[-102.977366,28.148651],[-102.983576,28.151078],[-102.990429,28.17078],[-102.998353,28.166473],[-103.009964,28.176895],[-103.012772,28.182344],[-103.010226,28.188768],[-103.021576,28.199214],[-103.027882,28.220439],[-103.044062,28.242282],[-103.06217,28.257559],[-103.067119,28.274715],[-103.106975,28.32297],[-103.108384,28.327194],[-103.093079,28.342482],[-103.094721,28.347003],[-103.090771,28.352261],[-103.074948,28.362874],[-103.089772,28.380672],[-103.090581,28.38643],[-103.099194,28.380838],[-103.114708,28.382195],[-103.125773,28.389024],[-103.137075,28.40173],[-103.159395,28.413175],[-103.164344,28.419124],[-103.178692,28.420195],[-103.189257,28.435542],[-103.200393,28.431402],[-103.223607,28.432272],[-103.242914,28.428285],[-103.254145,28.431069],[-103.257024,28.427571],[-103.267993,28.428333],[-103.32233,28.41326],[-103.323948,28.40862],[-103.319675,28.39897],[-103.343803,28.391522],[-103.342232,28.384479],[-103.36686,28.364016],[-103.365175,28.327352],[-103.373622,28.314003],[-103.384021,28.314313],[-103.393467,28.32206],[-103.39924,28.319928],[-103.398618,28.335201],[-103.406073,28.337461],[-103.406026,28.324874],[-103.414092,28.320091],[-103.4174,28.321304],[-103.420207,28.312334],[-103.427298,28.314904],[-103.447214,28.308717],[-103.439314,28.300889],[-103.441408,28.297224],[-103.449427,28.293774],[-103.464632,28.297224],[-103.464227,28.290776],[-103.470557,28.294012],[-103.472746,28.290348],[-103.499586,28.283138],[-103.514862,28.255512],[-103.49478,28.251634],[-103.480217,28.238452],[-103.476101,28.230837],[-103.481336,28.228077],[-103.489235,28.232027],[-103.502441,28.231718],[-103.508128,28.21894],[-103.520359,28.21242],[-103.523214,28.216061],[-103.52902,28.216037],[-103.544415,28.196502],[-103.540465,28.192552],[-103.542845,28.18577],[-103.548984,28.190839],[-103.56702,28.193789],[-103.554123,28.208351],[-103.600689,28.244876],[-103.602348,28.262645],[-103.613273,28.265671],[-103.618821,28.261977],[-103.629067,28.263521],[-103.633883,28.258391],[-103.662555,28.259938],[-103.672216,28.273263],[-103.677308,28.270574],[-103.680235,28.276261],[-103.687926,28.271833],[-103.695035,28.274429],[-103.699794,28.280045],[-103.700183,28.28619],[-103.708003,28.288682],[-103.713357,28.296368],[-103.71833,28.295749],[-103.727459,28.307731],[-103.727634,28.313476],[-103.737104,28.319425],[-103.764254,28.316783],[-103.785883,28.321066],[-103.796761,28.315329],[-103.800744,28.317035],[-103.816559,28.333013],[-103.834258,28.338959],[-103.832845,28.346982],[-103.840916,28.347153],[-103.848068,28.354635],[-103.845746,28.362084],[-103.832706,28.366203],[-103.82775,28.371703],[-103.821087,28.363703],[-103.810235,28.362936],[-103.802565,28.373817],[-103.801599,28.378107],[-103.807906,28.386033],[-103.809695,28.402311],[-103.807167,28.408305],[-103.816286,28.413646],[-103.809468,28.426799],[-103.809639,28.433248],[-103.825746,28.443674],[-103.817102,28.456241],[-103.795182,28.451785],[-103.779742,28.454781],[-103.763418,28.468186],[-103.752336,28.486235],[-103.771732,28.517514],[-103.785255,28.529608],[-103.791192,28.528948],[-103.807024,28.536974],[-103.822086,28.556544],[-103.830222,28.561161],[-103.832641,28.566329],[-103.824505,28.571056],[-103.821574,28.582811],[-103.828974,28.593808],[-103.823425,28.599538],[-103.82898,28.606511],[-103.8262,28.610442],[-103.832466,28.613941],[-103.834328,28.620478],[-103.847615,28.623006],[-103.856113,28.620196],[-103.862425,28.633084],[-103.920289,28.640913],[-103.944918,28.652074],[-103.955984,28.649841],[-103.964817,28.643467],[-103.968811,28.652268],[-103.972094,28.65334],[-103.972491,28.663507],[-103.976921,28.667322],[-103.971697,28.675581],[-103.986312,28.67709],[-104.004151,28.689398],[-104.012259,28.691321],[-104.023361,28.702575],[-104.033601,28.704136],[-104.037411,28.708237],[-104.059494,28.708478],[-104.081843,28.702332],[-104.092549,28.708996],[-104.099745,28.709373],[-104.107274,28.701999],[-104.113338,28.700755],[-104.119379,28.701999],[-104.129412,28.71046],[-104.138902,28.703598],[-104.157115,28.696957],[-104.163907,28.699543],[-104.168216,28.706834],[-104.173321,28.702627],[-104.177712,28.703403],[-104.186733,28.714014],[-104.18886,28.728172],[-104.179804,28.738369],[-104.173099,28.73618],[-104.167943,28.738661],[-104.167589,28.754505],[-104.164167,28.762845],[-104.166906,28.77895],[-104.162316,28.792004],[-104.165289,28.800028],[-104.156592,28.812105],[-104.159021,28.826328],[-104.166868,28.831305],[-104.173907,28.853421],[-104.187086,28.871929],[-104.185769,28.878332],[-104.201757,28.882762],[-104.221705,28.881065],[-104.230127,28.885302],[-104.251133,28.876547],[-104.255282,28.869523],[-104.258395,28.870869],[-104.26523,28.866982],[-104.269313,28.870996],[-104.266557,28.878715],[-104.27922,28.879073],[-104.276296,28.883448],[-104.270154,28.884816],[-104.292654,28.889828],[-104.296189,28.896083],[-104.295373,28.905058],[-104.300269,28.912039],[-104.299119,28.921702],[-104.309768,28.923773],[-104.306021,28.931233],[-104.316999,28.938234],[-104.315026,28.946352],[-104.321347,28.945356],[-104.326865,28.955131],[-104.332512,28.956278],[-104.336576,28.961916],[-104.333556,28.963248],[-104.334004,28.968795],[-104.338405,28.973419],[-104.354346,28.971601],[-104.359513,28.966297],[-104.369914,28.963772],[-104.38224,28.975054],[-104.390835,28.975862],[-104.404261,28.962981],[-104.409663,28.964099],[-104.416253,28.958545],[-104.41977,28.96371],[-104.418117,28.968982],[-104.421749,28.969878],[-104.422298,28.975379],[-104.427687,28.979209],[-104.449885,28.981703],[-104.454463,28.984699],[-104.454207,29.011772],[-104.461698,29.016351],[-104.468196,29.037193],[-104.474471,29.043059],[-104.497745,29.041241],[-104.504774,29.044364],[-104.509251,29.052074],[-104.523633,29.048575],[-104.556862,29.058195],[-104.563946,29.065393],[-104.573318,29.063538],[-104.582517,29.087427],[-104.590882,29.096743],[-104.597528,29.114657],[-104.610658,29.131935],[-104.617554,29.148194],[-104.617432,29.16252],[-104.634529,29.173433],[-104.637588,29.182633],[-104.645526,29.189339],[-104.655997,29.190669],[-104.659276,29.188152],[-104.665142,29.19524],[-104.676537,29.19523],[-104.700404,29.209254],[-104.71448,29.211647],[-104.714234,29.196934],[-104.718554,29.18959],[-104.713187,29.18626],[-104.70881,29.176422],[-104.716688,29.163712],[-104.712434,29.151377],[-104.738792,29.150343],[-104.750748,29.165468],[-104.756306,29.138531],[-104.766743,29.122762],[-104.769239,29.107364],[-104.791,29.081694],[-104.801561,29.075753],[-104.811309,29.074663],[-104.817478,29.075778],[-104.822157,29.082112],[-104.850019,29.073507],[-104.848858,29.067321],[-104.85261,29.061112],[-104.876586,29.046513],[-104.895623,29.039059],[-104.928562,29.033248],[-104.923469,29.022854],[-104.941847,29.013509],[-104.947843,29.002743],[-104.971893,28.995802],[-104.979778,28.996911],[-104.979863,28.993698],[-104.970264,28.985693],[-104.973187,28.978298],[-104.963293,28.974654],[-104.953531,28.965165],[-104.946151,28.929187],[-104.930436,28.909765],[-104.931501,28.90127],[-104.923984,28.894401],[-104.927972,28.888709],[-104.933161,28.887902],[-104.931991,28.883981],[-104.922211,28.876995],[-104.91751,28.863911],[-104.910569,28.860351],[-104.912015,28.855091],[-104.902347,28.845895],[-104.902707,28.84062],[-104.884251,28.827052],[-104.883145,28.816606],[-104.873202,28.801273],[-104.877386,28.796717],[-104.889167,28.795715],[-104.888705,28.785541],[-104.894855,28.780846],[-104.88094,28.76411],[-104.88294,28.75582],[-104.887172,28.752327],[-104.882549,28.747413],[-104.886346,28.741413],[-104.876672,28.739213],[-104.871283,28.731607],[-104.871996,28.727824],[-104.865953,28.726745],[-104.868098,28.71244],[-104.856185,28.703627],[-104.87107,28.69954],[-104.87191,28.696148],[-104.867022,28.693927],[-104.863794,28.687075],[-104.868111,28.682145],[-104.877143,28.683003],[-104.877534,28.676248],[-104.868519,28.673045],[-104.855308,28.649085],[-104.835055,28.631982],[-104.832851,28.624837],[-104.850332,28.621285],[-104.846093,28.609424],[-104.837842,28.607002],[-104.836788,28.59981],[-104.825319,28.59259],[-104.823852,28.585356],[-104.821223,28.589789],[-104.810907,28.589503],[-104.80289,28.58277],[-104.792171,28.581624],[-104.795142,28.560644],[-104.807105,28.549376],[-104.805272,28.543467],[-104.792721,28.537741],[-104.784845,28.523928],[-104.789902,28.500986],[-104.787728,28.494544],[-104.810435,28.492213],[-104.810815,28.489642],[-104.801012,28.459226],[-104.792446,28.447591],[-104.777677,28.437531],[-104.772652,28.42663],[-104.778342,28.422216],[-104.78624,28.406466],[-104.803229,28.395392],[-104.811948,28.385312],[-104.819988,28.384608],[-104.829777,28.376617],[-104.844812,28.360999],[-104.847314,28.349923],[-104.850886,28.348162],[-104.856335,28.352608],[-104.865229,28.348239],[-104.878182,28.353652],[-104.873967,28.358563],[-104.882791,28.363912],[-104.880192,28.372019],[-104.88866,28.382996],[-104.885339,28.388888],[-104.896498,28.400399],[-104.906516,28.397668],[-104.919636,28.404046],[-104.929502,28.399691],[-104.930184,28.393281],[-104.933834,28.390621],[-104.943795,28.389631],[-104.957865,28.409399],[-104.961075,28.421656],[-104.96827,28.426732],[-104.973519,28.426461],[-104.977019,28.434035],[-104.986135,28.4409],[-105.014151,28.454332],[-105.013913,28.460697],[-105.020114,28.469003],[-105.015658,28.476734],[-105.02135,28.48102],[-105.074837,28.512389],[-105.081975,28.508629],[-105.091901,28.47081],[-105.100574,28.460203],[-105.104545,28.445835],[-105.12102,28.427452],[-105.122674,28.419371],[-105.11854,28.412944],[-105.122373,28.408132],[-105.128613,28.409749],[-105.128275,28.401141],[-105.139062,28.390767],[-105.139939,28.386911],[-105.135097,28.385111],[-105.11954,28.386902],[-105.113164,28.383475],[-105.116886,28.371484],[-105.124076,28.36242],[-105.114781,28.355171],[-105.11433,28.346376],[-105.119704,28.335463],[-105.109218,28.322282],[-105.112864,28.312321],[-105.10698,28.30644],[-105.10814,28.302627],[-105.120193,28.294956],[-105.120456,28.289468],[-105.130079,28.280484],[-105.141017,28.284957],[-105.142558,28.278755],[-105.167328,28.268531],[-105.200915,28.234765],[-105.212058,28.231507],[-105.21424,28.226936],[-105.223793,28.223435],[-105.239422,28.231395],[-105.240737,28.220607],[-105.233784,28.212751],[-105.209991,28.202226],[-105.205392,28.196849],[-105.207998,28.192228],[-105.18454,28.174529],[-105.188055,28.163704],[-105.200008,28.153829],[-105.199075,28.148319],[-105.207968,28.127067],[-105.218233,28.120133],[-105.215617,28.11203],[-105.206408,28.109707],[-105.201709,28.10236],[-105.192276,28.101305],[-105.192421,28.090422],[-105.183586,28.082867],[-105.177586,28.063338],[-105.162498,28.055242],[-105.156749,28.059094],[-105.155365,28.057121],[-105.154473,28.038081],[-105.148234,28.031014],[-105.154934,28.013228],[-105.164041,28.004791],[-105.161681,27.992737],[-105.152258,27.982134],[-105.155102,27.974163],[-105.147791,27.971136],[-105.143768,27.963761],[-105.148132,27.960128],[-105.146194,27.955629],[-105.152007,27.951641],[-105.1528,27.943805],[-105.142179,27.925779],[-105.141326,27.917085],[-105.133509,27.904295],[-105.126621,27.900716],[-105.126012,27.888881],[-105.116154,27.891061],[-105.106557,27.886243],[-105.104678,27.881786],[-105.108473,27.873473],[-105.101991,27.867591],[-105.099392,27.871976],[-105.09594,27.871976],[-105.093323,27.864766],[-105.080059,27.855094],[-105.07053,27.831332],[-105.055709,27.833886],[-105.052002,27.840929],[-105.045384,27.838825],[-105.045416,27.83437],[-105.041059,27.830689],[-105.034406,27.838143],[-105.032472,27.83524],[-105.028425,27.836238],[-105.022081,27.830752],[-105.021869,27.82338],[-105.013278,27.822625],[-105.004977,27.827443],[-104.999889,27.821445],[-104.988744,27.823031],[-104.989449,27.816091],[-105.015276,27.802277],[-105.01411,27.795995],[-104.997929,27.787881],[-105.001737,27.780077],[-104.998621,27.773976],[-105.002284,27.771868],[-105.00474891952597,27.76246858475841],[-105.002292,27.762401],[-104.994926,27.768529],[-104.984519,27.759888],[-104.977764,27.761987],[-104.977755,27.756936],[-104.970549,27.753357]],[[-101.07931,29.449689],[-101.08103931826403,29.448044369507347],[-101.054735,29.450076],[-101.07931,29.449689]],[[-102.71752645077457,29.58588833050127],[-102.72010994768256,29.586295208192492],[-102.719618,29.585681],[-102.71752645077457,29.58588833050127]],[[-102.512819,29.162107],[-102.513152,29.166848],[-102.5129791396287,29.161975498284104],[-102.512819,29.162107]],[[-102.521766,29.15476],[-102.51337345231029,29.161651700891493],[-102.5295329233792,29.15208499555882],[-102.521766,29.15476]],[[-102.59077,29.10284],[-102.5902666873445,29.10321000072102],[-102.59084076929938,29.102835215475242],[-102.59077,29.10284]],[[-102.61691368701094,29.096517935851985],[-102.61641985237944,29.096718539282943],[-102.61654,29.096725],[-102.61691368701094,29.096517935851985]],[[-102.63208750332974,29.08243275602714],[-102.62646900741636,29.091223226052414],[-102.629079,29.089777],[-102.63208750332974,29.08243275602714]],[[-102.63594251915677,29.068117825844602],[-102.63602504639843,29.072820575557156],[-102.637203,29.069945],[-102.63594251915677,29.068117825844602]],[[-102.625591,29.040535],[-102.63154,29.061736],[-102.62591270470239,29.039936214150718],[-102.625591,29.040535]],[[-102.60241881785197,28.94386409480294],[-102.602677,28.960371],[-102.602819,28.943786],[-102.60241881785197,28.94386409480294]],[[-102.536504,28.967938],[-102.53656510725175,28.967876154570806],[-102.521133,28.969223],[-102.536504,28.967938]],[[-102.47709,28.948009],[-102.47770937070814,28.948983714116476],[-102.47889222610112,28.94755384783493],[-102.47709,28.948009]],[[-102.485442,28.939752],[-102.48537352457339,28.939891312759254],[-102.491819,28.939728],[-102.485442,28.939752]],[[-102.499409,28.928473],[-102.49874762596832,28.929453733165555],[-102.506401,28.926043],[-102.499409,28.928473]],[[-102.5263386690815,28.7472153518063],[-102.525964,28.757652],[-102.526416,28.747396],[-102.5263386690815,28.7472153518063]],[[-102.56916540866325,28.421912631382764],[-102.533997,28.428663],[-102.53394594316303,28.42872412460701],[-102.56662,28.423452],[-102.56916540866325,28.421912631382764]],[[-102.57630685709974,28.41532994755039],[-102.5764759400417,28.41749149353492],[-102.576614,28.417408],[-102.57630685709974,28.41532994755039]],[[-102.565597,28.39999],[-102.57571221957434,28.411306777992394],[-102.575376,28.409032],[-102.565597,28.39999]],[[-102.55257624723198,28.37579774952015],[-102.55735257717895,28.3819260895953],[-102.55665,28.379551],[-102.55257624723198,28.37579774952015]],[[-102.543158,28.377171],[-102.5520791897715,28.37533979802965],[-102.55182,28.375101],[-102.543158,28.377171]],[[-102.518507,28.357755],[-102.529072,28.364394],[-102.5186005683995,28.35762919230495],[-102.518507,28.357755]],[[-102.367292,28.073124],[-102.395751,28.104628],[-102.36736599963848,28.073052691668675],[-102.367292,28.073124]],[[-102.373836,28.066818],[-102.368232981226,28.072217241501964],[-102.387732,28.060798],[-102.373836,28.066818]],[[-102.388004,27.965291],[-102.386933,27.96867],[-102.39316299425447,27.96302055483026],[-102.388004,27.965291]],[[-102.397736,27.961008],[-102.39681394064667,27.96141379328096],[-102.39823809585728,27.96178797259082],[-102.397736,27.961008]],[[-102.57151891259466,28.071871541209013],[-102.5702090283918,28.071914853202124],[-102.570794,28.0722],[-102.57151891259466,28.071871541209013]],[[-102.792917,28.069416],[-102.78929338975986,28.071539159842263],[-102.789538,28.071676],[-102.792917,28.069416]],[[-105.336565,28.09823],[-105.341025,28.082704],[-105.34052977827645,28.077805286619103],[-105.336565,28.09823]],[[-105.34125355597885,28.074076716925585],[-105.358694,28.061254],[-105.341468,28.072972],[-105.34125355597885,28.074076716925585]],[[-105.42126136115,28.002134121135263],[-105.422537,28.000717],[-105.42254364901137,28.000521766882404],[-105.42126136115,28.002134121135263]],[[-105.5044992540392,27.977576383934032],[-105.507584,27.977296],[-105.50985313492228,27.976003265214104],[-105.5044992540392,27.977576383934032]],[[-105.51266029219838,27.974404017049253],[-105.513796,27.973757],[-105.535435,27.946079],[-105.51266029219838,27.974404017049253]],[[-105.5461960607047,27.924636465694196],[-105.54840200184373,27.92145227708459],[-105.547604,27.921831],[-105.5461960607047,27.924636465694196]],[[-105.59813270871436,27.872381635398664],[-105.614395,27.873357],[-105.598506,27.87216],[-105.59813270871436,27.872381635398664]],[[-105.70062460344123,27.901079756128617],[-105.701378,27.901056],[-105.715317,27.863176],[-105.70062460344123,27.901079756128617]],[[-105.74785927537394,27.836831313513194],[-105.74866019942856,27.83540758989587],[-105.7482,27.835622],[-105.74785927537394,27.836831313513194]],[[-105.763995,27.828263],[-105.77658140890162,27.815910900463887],[-105.775272,27.816083],[-105.763995,27.828263]],[[-105.8429700520217,27.780246976009682],[-105.84425256541088,27.777034394968855],[-105.843011,27.779186],[-105.8429700520217,27.780246976009682]],[[-105.84729268872783,27.769419158658472],[-105.847472,27.76897],[-105.845108,27.760493],[-105.84729268872783,27.769419158658472]],[[-105.82708104978865,27.74550653204758],[-105.828065,27.747153],[-105.845108,27.760493],[-105.82708104978865,27.74550653204758]],[[-105.8242978663752,27.74084936317554],[-105.82350824905227,27.739280112196983],[-105.823559,27.739613],[-105.8242978663752,27.74084936317554]],[[-105.8219817627068,27.729267517189726],[-105.820927,27.718644],[-105.82028496977125,27.71813783985905],[-105.8219817627068,27.729267517189726]],[[-105.81776049398378,27.716147607992703],[-105.812549,27.712039],[-105.80834925430946,27.712426954408542],[-105.81776049398378,27.716147607992703]],[[-105.80682846381596,27.71182572281779],[-105.80405308685154,27.710360244672437],[-105.804282,27.710819],[-105.80682846381596,27.71182572281779]],[[-105.80079567903519,27.703832209040478],[-105.797226,27.696261],[-105.79700755041662,27.696240577904735],[-105.80079567903519,27.703832209040478]],[[-105.42240215438197,27.546857743915357],[-105.41233,27.544624],[-105.421801,27.547075],[-105.42240215438197,27.546857743915357]],[[-105.395019,27.541743],[-105.40566187183582,27.5380864885871],[-105.405336,27.537767],[-105.39453659870405,27.541409659035285],[-105.395019,27.541743]],[[-105.39327402880446,27.540537218865914],[-105.376781,27.522067],[-105.392129,27.539746],[-105.39327402880446,27.540537218865914]],[[-105.333567,27.300289],[-105.347528,27.313721],[-105.33312592754416,27.297298800782677],[-105.3328329662052,27.301031520660224],[-105.333567,27.300289]],[[-105.33106541816095,27.302819505014764],[-105.311513,27.309286],[-105.328983,27.304926],[-105.33106541816095,27.302819505014764]],[[-105.27531631124553,27.345441860648826],[-105.270395,27.345566],[-105.264934,27.349936],[-105.27531631124553,27.345441860648826]],[[-105.02146,27.75582],[-105.011947,27.751188],[-105.01179258327163,27.75144692364629],[-105.02146,27.75582]],[[-106.056675,26.39697],[-106.054142,26.416985],[-106.05672885959189,26.396910376023687],[-106.056675,26.39697]],[[-106.06388586172609,26.4194047333631],[-106.063735,26.418189],[-106.06301535361463,26.418098678489734],[-106.06388586172609,26.4194047333631]],[[-106.06522563335174,26.430583432839185],[-106.065271,26.430567],[-106.0652365759034,26.430289590190366],[-106.06522563335174,26.430583432839185]],[[-106.034951,26.494231],[-106.039418,26.511262],[-106.03538561745012,26.49371539759222],[-106.034951,26.494231]],[[-106.038797,26.557503],[-106.03890860217956,26.557600256053224],[-106.037817,26.536479],[-106.038797,26.557503]],[[-105.53414,27.041621],[-105.53406680970753,27.04165170163609],[-105.542474,27.039582],[-105.53414,27.041621]],[[-105.433045,27.082806],[-105.43305819546953,27.082954014189337],[-105.453904,27.071522],[-105.433045,27.082806]],[[-105.392158,27.159247],[-105.39581,27.175698],[-105.39257929716722,27.158990285441543],[-105.392158,27.159247]],[[-105.36987,27.210078],[-105.378614,27.225518],[-105.36996004678029,27.209961417657205],[-105.36987,27.210078]],[[-105.33324,27.283009],[-105.334946,27.289767],[-105.333572369772,27.28284870201559],[-105.33324,27.283009]],[[-105.328398,27.290428],[-105.32899668764742,27.291221314463822],[-105.334946,27.289767],[-105.328398,27.290428]],[[-106.978763,27.961484],[-106.980269,27.966607],[-106.97894781704413,27.96118833217808],[-106.978763,27.961484]],[[-106.9821839335971,27.956011236433238],[-106.97931109652414,27.960607162551028],[-106.982927,27.957737],[-106.9821839335971,27.956011236433238]],[[-106.93579,27.851637],[-106.93499848522006,27.857729668390103],[-106.935207,27.857716],[-106.93579,27.851637]],[[-106.945992,27.838478],[-106.94591878006348,27.83817184349073],[-106.93579,27.851637],[-106.945992,27.838478]],[[-106.94426003742072,27.833105752370322],[-106.94558645180572,27.836782270320352],[-106.944696,27.833059],[-106.94426003742072,27.833105752370322]],[[-106.937372,27.832649],[-106.93781832617479,27.832637813376678],[-106.934291,27.81441],[-106.937372,27.832649]],[[-106.914728,27.786171],[-106.925671,27.79817],[-106.917978,27.788861],[-106.914728,27.786171]],[[-106.848536,27.73458],[-106.84166318263969,27.731345790979777],[-106.842933,27.733706],[-106.84855963976965,27.734749343957283],[-106.848536,27.73458]],[[-106.82266,27.7362],[-106.827615,27.724735],[-106.82243934327423,27.735986643457355],[-106.82266,27.7362]],[[-106.80646283400142,27.712307235901353],[-106.810029,27.715408],[-106.806694,27.712202],[-106.80646283400142,27.712307235901353]],[[-106.783663,27.727031],[-106.78381945322188,27.726941098862262],[-106.778462,27.723042],[-106.783663,27.727031]],[[-106.014283,27.672689],[-106.024104,27.659959],[-106.01401585505239,27.672719553125606],[-106.014283,27.672689]],[[-106.007087,27.673512],[-106.01301848202736,27.672833621774803],[-105.998558,27.670054],[-106.007087,27.673512]],[[-105.911029,27.717694],[-105.927682,27.713674],[-105.91044194659928,27.717624494935354],[-105.911029,27.717694]],[[-105.898706,27.716235],[-105.90725541527472,27.717247220797358],[-105.879936,27.708293],[-105.898706,27.716235]],[[-105.86861758961396,27.714777475804567],[-105.869867,27.715348],[-105.879936,27.708293],[-105.86861758961396,27.714777475804567]],[[-105.844282,27.703665],[-105.86417069720437,27.712746870214524],[-105.84027323523891,27.699304788102054],[-105.844282,27.703665]],[[-105.837118,27.69753],[-105.821503,27.699256],[-105.82120429464057,27.699682440764995],[-105.83795201051252,27.697999122528916],[-105.837118,27.69753]],[[-105.342198,29.100745],[-105.34207397852994,29.100700674783322],[-105.348364,29.115391],[-105.342198,29.100745]],[[-105.334905,29.092373],[-105.336011,29.09846],[-105.33606053101704,29.098475308974663],[-105.334905,29.092373]],[[-105.335173,29.073061],[-105.321857,29.073585],[-105.32221787504263,29.074104629084996],[-105.335173,29.073061]],[[-105.333844,28.993182],[-105.33372876787911,28.99313986009819],[-105.332344,29.001841],[-105.333844,28.993182]],[[-105.10918,28.716455],[-105.10692080920374,28.715277906180326],[-105.10923000380009,28.717513666313195],[-105.10918,28.716455]],[[-105.097194,28.71021],[-105.083922,28.710164],[-105.10229998678265,28.712870344356556],[-105.097194,28.71021]],[[-105.098899,28.631619],[-105.09845726130597,28.628887334060657],[-105.096143,28.639426],[-105.098899,28.631619]],[[-105.09798,28.625936],[-105.085868,28.612963],[-105.09815244179593,28.627002362052497],[-105.09798,28.625936]],[[-105.07746094618611,28.578649986699954],[-105.077413,28.578756],[-105.087415,28.584428],[-105.07746094618611,28.578649986699954]],[[-105.082872,28.565158],[-105.08234275165292,28.564303545022074],[-105.08273605378395,28.565490810792927],[-105.082872,28.565158]],[[-105.077412,28.556343],[-105.0737238397975,28.556239827834453],[-105.07805861806241,28.557386944728986],[-105.077412,28.556343]],[[-105.051921,28.551479],[-105.05180400082544,28.55151429855233],[-105.058573,28.555816],[-105.051921,28.551479]],[[-105.03689479060039,28.55601239470888],[-105.036955,28.556034],[-105.04224812679229,28.554397297692606],[-105.03689479060039,28.55601239470888]],[[-105.02229360610936,28.554519567423007],[-105.023174,28.554992],[-105.027884,28.552779],[-105.02229360610936,28.554519567423007]],[[-105.0094399939358,28.544969697658292],[-105.01001,28.547928],[-105.01022994031636,28.54804602327521],[-105.0094399939358,28.544969697658292]],[[-105.00540736602998,28.52343655534763],[-105.005314,28.523556],[-105.00541512346729,28.52408082562706],[-105.00540736602998,28.52343655534763]],[[-105.02222,28.489245],[-105.0222046837322,28.489100199652096],[-105.01751,28.495052],[-105.02222,28.489245]],[[-104.634579,29.203989],[-104.63541726558155,29.205174482285035],[-104.635498647602,29.202758266706],[-104.634579,29.203989]],[[-104.58735916195413,29.311166556912845],[-104.588642,29.312251],[-104.600579,29.313157],[-104.58735916195413,29.311166556912845]],[[-104.563299,29.289194],[-104.55812902936718,29.286456956723796],[-104.5746452322434,29.30041887661925],[-104.563299,29.289194]],[[-104.54567,29.279861],[-104.54505128663077,29.27994104014565],[-104.5484560928115,29.28133599031197],[-104.54567,29.279861]],[[-104.51894635725321,29.277865215025297],[-104.519048,29.278102],[-104.528408,29.275713],[-104.51894635725321,29.277865215025297]],[[-104.496901,29.236649],[-104.473923,29.242245],[-104.49709370559891,29.237092053519167],[-104.496901,29.236649]],[[-104.386869,29.356307],[-104.400961,29.371881],[-104.3870041440224,29.356056462214788],[-104.386869,29.356307]],[[-104.395207,29.374982],[-104.39538688644579,29.376701366254416],[-104.400961,29.371881],[-104.395207,29.374982]],[[-104.395517,29.377945],[-104.404018,29.390892],[-104.39547285704545,29.37752307879243],[-104.395517,29.377945]],[[-104.404484,29.397671],[-104.416336,29.410992],[-104.40444697363246,29.397132369644734],[-104.404484,29.397671]],[[-104.44355825080207,29.467265111789086],[-104.443965,29.467262],[-104.423673,29.435591],[-104.44355825080207,29.467265111789086]],[[-104.828459,29.88482],[-104.82858704358522,29.885474927431428],[-104.842215,29.880869],[-104.828459,29.88482]],[[-101.57643716579435,26.42666458578094],[-101.572226,26.422153],[-101.57077599469235,26.421657420232638],[-101.57643716579435,26.42666458578094]],[[-101.56268298437628,26.418891408171465],[-101.561213,26.418389],[-101.5611025256251,26.418446634260615],[-101.56268298437628,26.418891408171465]],[[-101.56037844649843,26.418824384894044],[-101.55291747705637,26.422716757742382],[-101.556174,26.423229],[-101.56037844649843,26.418824384894044]],[[-101.55265294547038,26.422675147638856],[-101.540881,26.408299],[-101.552474,26.422647],[-101.55265294547038,26.422675147638856]],[[-101.475382,26.366995],[-101.464352,26.357355],[-101.4642039572511,26.357279076716072],[-101.475382,26.366995]],[[-101.250636,26.294299],[-101.24351243405133,26.296089461027666],[-101.244331,26.296242],[-101.250636,26.294299]],[[-101.24218374550497,26.29584186120295],[-101.22880887145257,26.291488976981785],[-101.23157,26.293864],[-101.24218374550497,26.29584186120295]],[[-101.2240774204116,26.287419153741475],[-101.21802311295359,26.27940548914149],[-101.218755,26.282841],[-101.2240774204116,26.287419153741475]],[[-101.2121526771573,26.271635202638297],[-101.200366,26.256034],[-101.206759,26.267074],[-101.2121526771573,26.271635202638297]],[[-101.163608,26.23667],[-101.13592859080227,26.214812732086234],[-101.135976,26.214908],[-101.163608,26.23667]],[[-101.111145,26.112694],[-101.12065494616026,26.105436384976215],[-101.119591,26.104315],[-101.10602380927436,26.113953923752682],[-101.111145,26.112694]],[[-101.00737161175377,26.080299719592478],[-101.007294,26.080196],[-101.00720279369611,26.080426734065245],[-101.00737161175377,26.080299719592478]],[[-101.00367588887003,26.08934911172525],[-101.002194,26.093098],[-101.001842,26.106738],[-101.00367588887003,26.08934911172525]],[[-100.899816,26.153585],[-100.91882229260491,26.192169520204597],[-100.918868,26.188893],[-100.899816,26.153585]],[[-100.918757,26.19685],[-100.91880212062865,26.193615541961748],[-100.91172492280167,26.206379295894997],[-100.913233,26.205788],[-100.918757,26.19685]],[[-100.9066670713034,26.208362408451656],[-100.8850253278572,26.213726514876438],[-100.893875,26.213378],[-100.9066670713034,26.208362408451656]],[[-100.87207919281072,26.21423635530705],[-100.8627503070033,26.212983163627474],[-100.866705,26.214448],[-100.87207919281072,26.21423635530705]],[[-100.774465,26.150128],[-100.753408,26.140461],[-100.75049431462065,26.14014474542638],[-100.774465,26.150128]],[[-100.7344469196524,26.138402943758507],[-100.720075,26.136843],[-100.71974599675404,26.137466699394817],[-100.7344469196524,26.138402943758507]],[[-100.676954,26.30461],[-100.66250645042014,26.327016575902874],[-100.666987,26.322858],[-100.676954,26.30461]],[[-100.66062130411518,26.32876625501197],[-100.65920872923792,26.329554842893668],[-100.659542,26.329768],[-100.66062130411518,26.32876625501197]],[[-100.64724729135914,26.321904410344807],[-100.646667,26.319492],[-100.635461,26.314366],[-100.64724729135914,26.321904410344807]],[[-100.47610872103853,26.338265870153908],[-100.472162,26.334238],[-100.475473,26.33874],[-100.47610872103853,26.338265870153908]],[[-100.46464354170485,26.30498697530512],[-100.46450926548357,26.30446166664877],[-100.464442,26.304633],[-100.46464354170485,26.30498697530512]],[[-100.46461889179183,26.304182435135303],[-100.467786,26.30019],[-100.46699284586185,26.29813568597123],[-100.46461889179183,26.304182435135303]],[[-100.46604096838871,26.295670269537375],[-100.463361,26.288729],[-100.46143229349975,26.287430735336557],[-100.46604096838871,26.295670269537375]],[[-100.45271406047478,26.281562256196484],[-100.45089244486012,26.280336077313084],[-100.450925,26.280712],[-100.45271406047478,26.281562256196484]],[[-100.44266137734651,26.23677185957695],[-100.442699,26.236365],[-100.43369,26.227532],[-100.44266137734651,26.23677185957695]],[[-100.2179278468075,26.27354908686104],[-100.21541017328163,26.275079887554472],[-100.217307,26.274403],[-100.2179278468075,26.27354908686104]],[[-100.18960811382973,26.27498786620272],[-100.183614,26.282959],[-100.18381310037142,26.288359754100277],[-100.200847,26.284648],[-100.20220590886214,26.283108369771064],[-100.199029,26.28504],[-100.184068,26.284629],[-100.18960811382973,26.27498786620272]],[[-100.183841788943,26.289137954158264],[-100.183932,26.291585],[-100.188884,26.296531],[-100.183841788943,26.289137954158264]],[[-99.631196,26.634762],[-99.62814090719617,26.643195607384556],[-99.628986,26.642131],[-99.631196,26.634762]],[[-99.611218,26.652466],[-99.60460503692153,26.6597321298429],[-99.606219,26.660488],[-99.611218,26.652466]],[[-101.6166503799351,26.415915071640953],[-101.616548,26.41585],[-101.603219,26.422199],[-101.6166503799351,26.415915071640953]],[[-101.596137,26.434806],[-101.603989,26.43246],[-101.58291980470612,26.432398319249916],[-101.583686,26.433076],[-101.596137,26.434806]],[[-100.191036,26.272503],[-100.186987,26.263789],[-100.19096689226492,26.27262326412105],[-100.191036,26.272503]],[[-100.171484,26.239475],[-100.147705,26.229155],[-100.1714896769522,26.239586945266144],[-100.171484,26.239475]],[[-100.074563,26.183653],[-100.056758,26.18436],[-100.07469813499243,26.183731955709867],[-100.074563,26.183653]],[[-99.973106,26.227088],[-99.964907,26.224935],[-99.97588969568376,26.23070871102977],[-99.973106,26.227088]],[[-99.96246355773305,26.208818873995856],[-99.963626,26.207577],[-99.96170380417632,26.202014058395243],[-99.961447,26.202114],[-99.96246355773305,26.208818873995856]],[[-99.92803445808251,26.098712194646936],[-99.928023,26.097925],[-99.91849856700175,26.08833605309763],[-99.919277,26.090785],[-99.92803445808251,26.098712194646936]],[[-99.91858473004989,26.077249699110705],[-99.916455,26.081907],[-99.91770048440414,26.085825288639224],[-99.91858473004989,26.077249699110705]],[[-99.918651,26.076607],[-99.914482,26.063412],[-99.91863215574232,26.07678975534584],[-99.918651,26.076607]],[[-99.874125,26.03163],[-99.87378343521091,26.03177437955076],[-99.879553,26.036015],[-99.874125,26.03163]],[[-99.11912201233507,26.30542158592371],[-99.119262,26.3055],[-99.11945518892279,26.305361479264445],[-99.11912201233507,26.30542158592371]],[[-99.096736,26.291165],[-99.07203,26.279043],[-99.10561674452131,26.297856611530324],[-99.096736,26.291165]],[[-98.926265,26.290532],[-98.919241,26.295597],[-98.92654862504592,26.29087196746937],[-98.926265,26.290532]],[[-98.89443344045344,26.34087773202385],[-98.895257,26.338292],[-98.890979,26.312822],[-98.89443344045344,26.34087773202385]],[[-98.71809172947209,26.255060705156446],[-98.716813,26.255189],[-98.703789,26.261077],[-98.71809172947209,26.255060705156446]],[[-98.73405046526192,26.254255252005528],[-98.730149,26.253851],[-98.72284394076989,26.25458391611052],[-98.73405046526192,26.254255252005528]],[[-98.7508,26.261656],[-98.740051,26.254877],[-98.73813114779416,26.254678073685803],[-98.7508,26.261656]],[[-101.91087364802699,29.00673541831504],[-101.911129,29.006906],[-101.916388,28.99803],[-101.91087364802699,29.00673541831504]],[[-101.81811217600372,28.987532600579062],[-101.81809695794618,28.98804234463466],[-101.81842801698357,28.9875452334149],[-101.81811217600372,28.987532600579062]],[[-101.811313,28.978437],[-101.815216,28.987003],[-101.81538303171573,28.98703194370773],[-101.811313,28.978437]],[[-101.58571205932404,28.78811728697655],[-101.586042,28.789295],[-101.592586,28.795386],[-101.58571205932404,28.78811728697655]],[[-101.58515868309615,28.78614202767107],[-101.586328,28.78356],[-101.58400078027269,28.781166660784642],[-101.583782,28.781228],[-101.58515868309615,28.78614202767107]],[[-101.584567,28.770259],[-101.579189,28.770068],[-101.5844856692175,28.770458240318916],[-101.584567,28.770259]],[[-101.407781,28.514749],[-101.409122,28.529601],[-101.40950802475007,28.530047331427898],[-101.407781,28.514749]],[[-101.00507815712875,28.217316259605038],[-101.010419,28.216867],[-101.025329,28.208954],[-101.00507815712875,28.217316259605038]],[[-100.991732,28.240821],[-101.004524,28.235083],[-101.00476081465516,28.23435122463813],[-100.991732,28.240821]],[[-100.93874944500473,28.38498798011732],[-100.941554,28.381868],[-100.961537,28.345436],[-100.93874944500473,28.38498798011732]],[[-100.540494,28.595212],[-100.53841108739748,28.597439537845904],[-100.569553,28.585836],[-100.540494,28.595212]],[[-100.51291981692,28.650011256204422],[-100.514315,28.648745],[-100.514887,28.622597],[-100.51291981692,28.650011256204422]],[[-102.41126847063937,28.99965669663719],[-102.411344,29.000356],[-102.421828,28.99583],[-102.41126847063937,28.99965669663719]],[[-102.410535,28.988507],[-102.41001285919585,28.98803137242418],[-102.41040528881545,28.991664758837036],[-102.410535,28.988507]],[[-102.39959,28.978537],[-102.39846445924093,28.9783598724807],[-102.40622975099944,28.98458527021146],[-102.39959,28.978537]],[[-102.35724203290367,28.96678849138078],[-102.358758,28.96802],[-102.374415,28.964379],[-102.35724203290367,28.96678849138078]],[[-102.346552,28.957716],[-102.34622403265674,28.95783792622431],[-102.34877046518308,28.95990654210131],[-102.346552,28.957716]],[[-102.1648958115361,28.986792179237153],[-102.165546,28.986341],[-102.168116,28.973778],[-102.1648958115361,28.986792179237153]],[[-102.139895,29.009303],[-102.144369,29.007994],[-102.1493546177544,29.00100439424012],[-102.139895,29.009303]],[[-102.125971,29.012402],[-102.115929,29.010832],[-102.12621621373442,29.012767262191872],[-102.125971,29.012402]],[[-101.003726,28.21743],[-101.0041879411262,28.217391142558785],[-101.00375458448562,28.216427893898295],[-101.003726,28.21743]],[[-100.996435,28.204149],[-100.99983504577145,28.207715692301125],[-100.995653,28.19842],[-100.996435,28.204149]],[[-100.98649532887599,28.190388819276095],[-100.986487,28.190972],[-100.995653,28.19842],[-100.98649532887599,28.190388819276095]],[[-100.753581,27.926418],[-100.755881,27.923225],[-100.7558459716002,27.922719934260243],[-100.75326423213153,27.926153158344803],[-100.753581,27.926418]],[[-100.753447,27.914875],[-100.75579828036368,27.922032286243763],[-100.75499482001875,27.910447392395355],[-100.753447,27.914875]],[[-100.75427938929616,27.90934642565541],[-100.75494227798859,27.909689801998088],[-100.754921,27.909383],[-100.75427938929616,27.90934642565541]],[[-100.741614,27.910521],[-100.74964814680217,27.909082426539072],[-100.738466,27.908445],[-100.741614,27.910521]],[[-99.385385,26.853255],[-99.40233050311105,26.845235669566552],[-99.40208,26.845006],[-99.385385,26.853255]],[[-101.498737,29.208602],[-101.493431,29.200702],[-101.49868020753726,29.209048269792337],[-101.498737,29.208602]],[[-101.497238,29.220381],[-101.4983175888269,29.211897693267545],[-101.49707204448826,29.220681905616072],[-101.497238,29.220381]],[[-101.48922,29.234919],[-101.49210792355778,29.229682702583805],[-101.48901909264696,29.2350449495902],[-101.48922,29.234919]],[[-101.480225,29.240558],[-101.48810403228347,29.235618604441743],[-101.47256643960458,29.242426108323812],[-101.480225,29.240558]],[[-101.449982,29.247935],[-101.46435543171286,29.24442897196886],[-101.425569,29.248863],[-101.449982,29.247935]],[[-101.092235467378,29.43825250109972],[-101.107156,29.432874],[-101.092951,29.437538],[-101.092235467378,29.43825250109972]]],[[[-98.54921859980756,26.241133060035008],[-98.55424302,26.24778563],[-98.54830917601335,26.240832905383716],[-98.54921859980756,26.241133060035008]]]]}},{"type":"Feature","properties":{"id":"lerma-chapala-santiago","name":"レルマ―チャパラ―サンティアゴ"},"geometry":{"type":"Polygon","coordinates":[[[-103.541189,20.596858],[-103.5346470765905,20.596268318292672],[-103.535438,20.60432],[-103.524865,20.626265],[-103.528373,20.632416],[-103.516414,20.636823],[-103.508945,20.659396],[-103.514127,20.667463],[-103.514914,20.676027],[-103.524234,20.688311],[-103.545598,20.700161],[-103.554081,20.700341],[-103.56625,20.708836],[-103.5718,20.7078],[-103.581561,20.712945],[-103.59675,20.713505],[-103.635542,20.705364],[-103.655197,20.71641],[-103.687904,20.718009],[-103.696035,20.723232],[-103.712458,20.720549],[-103.719003,20.724214],[-103.724592,20.732979],[-103.736938,20.733791],[-103.742592,20.738138],[-103.754938,20.738139],[-103.778328,20.75114],[-103.785782,20.74879],[-103.796339,20.751438],[-103.799237,20.7579],[-103.808783,20.765825],[-103.828913,20.773012],[-103.837365,20.781676],[-103.844542,20.782755],[-103.848151,20.791819],[-103.86981,20.794086],[-103.883287,20.806966],[-103.901289,20.812112],[-103.90132,20.816126],[-103.907734,20.818805],[-103.916679,20.8146],[-103.933465,20.800607],[-103.943752,20.785612],[-103.943229,20.772588],[-103.949632,20.767216],[-103.94605,20.754314],[-103.950983,20.745343],[-103.960017,20.755361],[-103.968916,20.748133],[-103.977895,20.746697],[-103.996169,20.759266],[-104.006915,20.759613],[-104.010772,20.753417],[-104.025189,20.747737],[-104.047787,20.748004],[-104.05155,20.741619],[-104.05079,20.72982],[-104.053989,20.727769],[-104.082817,20.738211],[-104.095458,20.739517],[-104.103095,20.73404],[-104.111901,20.735143],[-104.113262,20.716741],[-104.120718,20.708643],[-104.149233,20.718372],[-104.142422,20.735498],[-104.138017,20.739425],[-104.139917,20.74444],[-104.135599,20.772286],[-104.138471,20.778195],[-104.135359,20.783161],[-104.138011,20.790846],[-104.128544,20.799465],[-104.132355,20.805122],[-104.141902,20.807108],[-104.141864,20.817813],[-104.158189,20.824768],[-104.150411,20.838238],[-104.150752,20.843255],[-104.160565,20.84231],[-104.161709,20.849544],[-104.154707,20.862867],[-104.143864,20.867114],[-104.144194,20.871046],[-104.139989,20.873871],[-104.142468,20.876336],[-104.140568,20.880818],[-104.14657,20.890251],[-104.157215,20.898123],[-104.16557,20.900222],[-104.164681,20.9061],[-104.15613,20.914702],[-104.175385,20.926805],[-104.176591,20.932258],[-104.188761,20.93562],[-104.189622,20.941124],[-104.19853,20.945234],[-104.19562,20.956998],[-104.202538,20.960377],[-104.219207,20.960256],[-104.23497,20.966939],[-104.238545,20.993798],[-104.226549,21.007829],[-104.23228,21.016694],[-104.242328,21.014126],[-104.249643,21.018515],[-104.24738,21.022463],[-104.25243,21.028583],[-104.251012,21.034336],[-104.247168,21.041948],[-104.240804,21.045706],[-104.245801,21.050342],[-104.244294,21.058886],[-104.248442,21.063146],[-104.260736,21.059987],[-104.261666,21.064522],[-104.268552,21.064201],[-104.265479,21.068372],[-104.266892,21.072855],[-104.260933,21.075768],[-104.262872,21.079948],[-104.276484,21.083515],[-104.288907,21.095965],[-104.307009,21.096371],[-104.320379,21.100633],[-104.326302,21.098962],[-104.333552,21.102556],[-104.331051,21.111656],[-104.334204,21.115041],[-104.330852,21.120459],[-104.333967,21.124151],[-104.331701,21.127347],[-104.335468,21.140553],[-104.329865,21.13936],[-104.325801,21.146422],[-104.33108,21.1522],[-104.337889,21.153765],[-104.331434,21.164199],[-104.340639,21.178741],[-104.355632,21.174322],[-104.367351,21.18668],[-104.372351,21.183236],[-104.378526,21.185344],[-104.387824,21.177935],[-104.388907,21.171855],[-104.395665,21.17137],[-104.397628,21.175443],[-104.40358,21.177339],[-104.417744,21.176444],[-104.42257,21.162917],[-104.429741,21.15871],[-104.437776,21.159973],[-104.452636,21.173269],[-104.463776,21.176232],[-104.474364,21.162059],[-104.484717,21.15986],[-104.485102,21.167537],[-104.513251,21.185311],[-104.518462,21.197683],[-104.522319,21.198945],[-104.520367,21.209268],[-104.523339,21.212605],[-104.530214,21.210052],[-104.539383,21.214685],[-104.541916,21.211907],[-104.550151,21.214535],[-104.549196,21.223184],[-104.552423,21.225352],[-104.55834,21.222244],[-104.577512,21.233911],[-104.580869,21.231532],[-104.584104,21.234903],[-104.58894,21.234415],[-104.590404,21.239028],[-104.599206,21.235192],[-104.614359,21.236953],[-104.614847,21.240909],[-104.62052,21.242931],[-104.619673,21.248383],[-104.623811,21.250436],[-104.622412,21.254618],[-104.627743,21.260944],[-104.625881,21.273322],[-104.622555,21.274686],[-104.638249,21.284891],[-104.660563,21.271995],[-104.67256,21.275353],[-104.696113,21.245733],[-104.713269,21.246148],[-104.721504,21.257731],[-104.71907,21.270673],[-104.726325,21.273187],[-104.732146,21.2811],[-104.744652,21.323964],[-104.764018,21.350379],[-104.777763,21.345215],[-104.790968,21.357838],[-104.811176,21.355963],[-104.814321,21.361482],[-104.820911,21.359027],[-104.830578,21.364657],[-104.839418,21.362854],[-104.862705,21.370098],[-104.880437,21.369384],[-104.885129,21.366588],[-104.903645,21.36918],[-104.915734,21.376936],[-104.91855,21.386206],[-104.9175,21.401827],[-104.934938,21.405682],[-104.948588,21.413105],[-104.951929,21.419771],[-104.960529,21.426071],[-104.960847,21.432616],[-104.974638,21.442923],[-104.973041,21.464035],[-104.977278,21.472425],[-104.968851,21.47498],[-104.960576,21.471199],[-104.95135,21.471483],[-104.937522,21.484986],[-104.922147,21.522815],[-104.922105,21.52948],[-104.915413,21.529941],[-104.910565,21.534029],[-104.913359,21.542319],[-104.910342,21.549909],[-104.9183,21.555451],[-104.926692,21.573399],[-104.932789,21.575388],[-104.930622,21.585703],[-104.949276,21.589498],[-104.953553,21.610476],[-104.962465,21.617436],[-104.961403,21.626727],[-104.972589,21.636944],[-104.973489,21.644986],[-104.980347,21.645426],[-104.987716,21.657533],[-104.994483,21.659638],[-105.001341,21.674124],[-105.01552,21.668745],[-105.024279,21.670644],[-105.029914,21.66509],[-105.037398,21.668427],[-105.040122,21.681669],[-105.04467,21.686732],[-105.045025,21.699753],[-105.05006,21.70206],[-105.048669,21.710321],[-105.053331,21.710901],[-105.061911,21.719424],[-105.060373,21.723783],[-105.072421,21.739585],[-105.085688,21.743021],[-105.080837,21.757596],[-105.084183,21.76647],[-105.09583,21.780824],[-105.098815,21.791678],[-105.102119,21.792161],[-105.112474,21.808028],[-105.122624,21.804576],[-105.140141,21.807103],[-105.151202,21.799514],[-105.167659,21.797927],[-105.198837,21.803808],[-105.225812,21.791032],[-105.234424,21.782894],[-105.234768,21.74617],[-105.250513,21.722679],[-105.269824,21.71998],[-105.276064,21.711318],[-105.292414,21.6999],[-105.300397,21.688711],[-105.365094,21.655382],[-105.381844,21.653157],[-105.389754,21.64892],[-105.408148,21.653885],[-105.418618,21.635965],[-105.42457118698411,21.616817752262627],[-105.441299805,21.627856398],[-105.45457842243184,21.65435190387951],[-105.454717,21.656039],[-105.464009,21.673206],[-105.434519,21.703278],[-105.38583,21.720113],[-105.371587,21.745494],[-105.357304,21.755499],[-105.307548,21.776699],[-105.267306,21.789675],[-105.2469,21.801505],[-105.196739,21.854261],[-105.17146,21.866891],[-105.153006,21.863604],[-105.142552,21.868141],[-105.14082,21.871549],[-105.147459,21.885226],[-105.135764,21.891421],[-105.132366,21.898041],[-105.127968,21.898551],[-105.120616,21.907421],[-105.112995,21.906745],[-105.107356,21.910412],[-105.105893,21.901403],[-105.101328,21.897088],[-105.095013,21.901727],[-105.092716,21.89818],[-105.077818,21.892652],[-105.076567,21.896439],[-105.065706,21.898819],[-105.067762,21.907319],[-105.05227,21.922922],[-105.048714,21.930496],[-105.036955,21.934376],[-105.022246,21.930982],[-105.013833,21.938358],[-104.995657,21.923876],[-104.985703,21.922422],[-104.971193,21.932904],[-104.957368,21.92632],[-104.955238,21.921774],[-104.947331,21.923811],[-104.94371,21.92107],[-104.945964,21.911407],[-104.942106,21.904653],[-104.923661,21.895513],[-104.911378,21.896744],[-104.904904,21.902364],[-104.888603,21.896286],[-104.877869,21.899182],[-104.864476,21.905145],[-104.870184,21.915113],[-104.856045,21.918238],[-104.84762,21.925962],[-104.847958,21.933806],[-104.843071,21.940056],[-104.849992,21.951822],[-104.840339,21.952496],[-104.82644,21.964489],[-104.800358,21.972945],[-104.785059,21.985973],[-104.779371,21.983068],[-104.763262,21.987612],[-104.753235,21.984007],[-104.743289,21.994061],[-104.7355,21.990204],[-104.729792,21.993959],[-104.727942,22.006688],[-104.722635,22.014715],[-104.723091,22.018912],[-104.729111,22.022762],[-104.728245,22.03442],[-104.71904,22.033299],[-104.698669,22.042319],[-104.69530904976918,22.05090827970045],[-104.695633,22.051231],[-104.696471,22.059869],[-104.716594,22.098363],[-104.713028,22.108557],[-104.708637,22.110654],[-104.710807,22.118361],[-104.703416,22.133558],[-104.711502,22.130801],[-104.716588,22.134609],[-104.721437,22.131648],[-104.733309,22.143781],[-104.746289,22.138893],[-104.765519,22.155625],[-104.766926,22.160886],[-104.775849,22.165051],[-104.784455,22.162632],[-104.791287,22.169306],[-104.798413,22.190555],[-104.800775,22.210503],[-104.808845,22.224082],[-104.80468,22.229343],[-104.807048,22.234898],[-104.799645,22.245335],[-104.800967,22.252851],[-104.796509,22.261751],[-104.804426,22.277055],[-104.802849,22.283438],[-104.807036,22.287196],[-104.804883,22.291479],[-104.808466,22.294649],[-104.805652,22.300244],[-104.811881,22.3015],[-104.818061,22.311286],[-104.825238,22.308195],[-104.828233,22.31158],[-104.837986,22.312348],[-104.836274,22.319044],[-104.841659,22.337269],[-104.860076,22.343682],[-104.86962,22.351263],[-104.876096,22.347793],[-104.874559,22.356705],[-104.879091,22.363751],[-104.890517,22.369448],[-104.892303,22.380382],[-104.898755,22.385097],[-104.885952,22.385981],[-104.878295,22.395191],[-104.867899,22.389919],[-104.867327,22.396472],[-104.861973,22.401159],[-104.845215,22.402262],[-104.849997,22.418598],[-104.847612,22.423857],[-104.853044,22.431895],[-104.847517,22.440465],[-104.851525,22.445674],[-104.850337,22.452619],[-104.853307,22.457728],[-104.852722,22.465003],[-104.847381,22.471379],[-104.848869,22.474346],[-104.835132,22.478846],[-104.833143,22.483655],[-104.82708,22.486094],[-104.824587,22.476666],[-104.811576,22.472935],[-104.808954,22.46848],[-104.80216,22.469537],[-104.800302,22.480197],[-104.796637,22.482459],[-104.798858,22.493726],[-104.792274,22.49287],[-104.788844,22.497282],[-104.795028,22.507168],[-104.791392,22.511779],[-104.791886,22.51673],[-104.780233,22.526957],[-104.755995,22.52588],[-104.746676,22.533047],[-104.740504,22.529695],[-104.739934,22.535704],[-104.734932,22.539968],[-104.738502,22.545268],[-104.734469,22.549723],[-104.735937,22.5564],[-104.729659,22.557571],[-104.729646,22.569397],[-104.722425,22.572721],[-104.716743,22.580024],[-104.717779,22.585814],[-104.71083,22.601973],[-104.712452,22.611265],[-104.706348,22.612178],[-104.702247,22.621715],[-104.703652,22.625096],[-104.711797,22.627006],[-104.710586,22.642948],[-104.719179,22.651078],[-104.705565,22.687888],[-104.710659,22.689258],[-104.713364,22.698393],[-104.723869,22.711533],[-104.729139,22.731734],[-104.740909,22.739077],[-104.742804,22.756697],[-104.728712,22.763967],[-104.733496,22.774317],[-104.726511,22.787232],[-104.739434,22.800034],[-104.74324,22.816299],[-104.736222,22.817807],[-104.736974,22.82656],[-104.742982,22.836644],[-104.747233,22.839419],[-104.751804,22.837333],[-104.760746,22.862179],[-104.761041,22.871286],[-104.769122,22.874948],[-104.770227,22.88059],[-104.767314,22.894906],[-104.770632,22.901185],[-104.769944,22.908507],[-104.760831,22.913385],[-104.758237,22.922237],[-104.753522,22.924267],[-104.753177,22.93504],[-104.747725,22.937161],[-104.74242,22.952515],[-104.735428,22.959963],[-104.728085,22.951777],[-104.722815,22.95241],[-104.70712,22.964874],[-104.702122,22.965198],[-104.701068,22.982379],[-104.687682,22.98287],[-104.680655,22.988281],[-104.674717,22.987543],[-104.668955,22.99587],[-104.665301,22.994254],[-104.664704,22.981395],[-104.659822,22.969542],[-104.669026,22.958488],[-104.670584,22.943697],[-104.668133,22.939961],[-104.66105,22.939832],[-104.649857,22.931917],[-104.646154,22.932875],[-104.643433,22.925712],[-104.625689,22.92992],[-104.626633,22.938455],[-104.618539,22.941684],[-104.611205,22.936904],[-104.608631,22.946261],[-104.602266,22.953717],[-104.587524,22.963052],[-104.575921,22.963933],[-104.57153,22.971206],[-104.566405,22.972978],[-104.564397,22.984662],[-104.557623,22.987583],[-104.550375,22.984195],[-104.548931,22.975897],[-104.544436,22.970888],[-104.546482,22.963678],[-104.53502,22.958023],[-104.524298,22.96211],[-104.513139,22.960945],[-104.505877,22.967418],[-104.500411,22.957885],[-104.49835,22.962686],[-104.481803,22.970465],[-104.478293,22.968928],[-104.472097,22.972197],[-104.456951,22.969622],[-104.450521,22.976206],[-104.444791,22.974421],[-104.440949,22.976902],[-104.433824,22.975513],[-104.428425,22.965093],[-104.421833,22.964189],[-104.415224,22.968812],[-104.409874,22.965938],[-104.407471,22.968591],[-104.396879,22.968808],[-104.394093,22.972182],[-104.3864,22.964683],[-104.380991,22.964135],[-104.373882,22.972347],[-104.374495,22.989901],[-104.36987,22.993692],[-104.361528,22.992546],[-104.349176,22.977701],[-104.342453,22.974726],[-104.336135,22.982085],[-104.337002,22.990522],[-104.330433,22.997371],[-104.331955,23.009823],[-104.326556,23.009012],[-104.322556,23.014035],[-104.325956,23.032145],[-104.307731,23.038278],[-104.291852,23.03661],[-104.289995,23.039331],[-104.279871,23.040397],[-104.277434,23.0357],[-104.269419,23.031639],[-104.257015,23.033067],[-104.255476,23.055254],[-104.250227,23.061757],[-104.256832,23.071078],[-104.262102,23.070837],[-104.272643,23.09364],[-104.279365,23.096909],[-104.284275,23.113979],[-104.299394,23.125782],[-104.31229,23.119405],[-104.312118,23.124021],[-104.32859,23.138071],[-104.337994,23.140214],[-104.33823,23.14552],[-104.345384,23.149547],[-104.346512,23.157075],[-104.352557,23.162945],[-104.352901,23.174105],[-104.366473,23.193808],[-104.366462,23.207586],[-104.35965,23.217065],[-104.3611,23.223328],[-104.366163,23.226842],[-104.363545,23.238829],[-104.358172,23.242928],[-104.358792,23.249955],[-104.352736,23.258575],[-104.353556,23.277133],[-104.348553,23.286033],[-104.344474,23.291051],[-104.338331,23.291014],[-104.337711,23.299109],[-104.331132,23.305137],[-104.315907,23.304035],[-104.304815,23.307135],[-104.292208,23.320879],[-104.291381,23.336173],[-104.293792,23.340582],[-104.283386,23.349321],[-104.28649,23.371549],[-104.279995,23.377573],[-104.290791,23.399374],[-104.287668,23.409358],[-104.283363,23.412518],[-104.274609,23.409121],[-104.266924,23.411501],[-104.259465,23.409082],[-104.25549,23.401095],[-104.244046,23.397494],[-104.242012,23.39244],[-104.225747,23.399294],[-104.221665,23.391301],[-104.214961,23.392142],[-104.211169,23.388387],[-104.200467,23.397864],[-104.178354,23.39921],[-104.173739,23.406239],[-104.174111,23.412234],[-104.165234,23.415952],[-104.162539,23.410282],[-104.157706,23.409678],[-104.150612,23.399201],[-104.146151,23.397714],[-104.146543,23.393198],[-104.139894,23.398081],[-104.125505,23.39269],[-104.112953,23.401947],[-104.090475,23.404587],[-104.085945,23.398545],[-104.06933,23.405225],[-104.058614,23.415051],[-104.045497,23.416499],[-104.026382,23.408692],[-104.019994,23.397543],[-104.02244,23.392023],[-104.017599,23.382528],[-104.001108,23.369477],[-104.000879,23.36048],[-103.993874,23.352765],[-103.99337,23.321814],[-103.985335,23.313412],[-103.970531,23.307087],[-103.965561,23.296921],[-103.966196,23.290428],[-103.958436,23.286307],[-103.95174,23.276403],[-103.946816,23.274258],[-103.9475,23.271231],[-103.932452,23.26504],[-103.920733,23.264588],[-103.916965,23.277827],[-103.911671,23.277789],[-103.905946,23.288133],[-103.900577,23.289822],[-103.900071,23.297931],[-103.891811,23.301836],[-103.888376,23.312592],[-103.872608,23.31323],[-103.874391,23.326164],[-103.868084,23.333241],[-103.850714,23.344207],[-103.846227,23.34366],[-103.844761,23.348056],[-103.833093,23.350593],[-103.82633,23.361984],[-103.819269,23.367398],[-103.824282,23.374576],[-103.824212,23.396008],[-103.80804,23.409448],[-103.802815,23.409041],[-103.801967,23.412993],[-103.794657,23.41262],[-103.789416,23.415978],[-103.763109,23.401358],[-103.750659,23.408244],[-103.741076,23.398746],[-103.709698,23.408549],[-103.69026,23.405835],[-103.688207,23.403088],[-103.671942,23.409126],[-103.664462,23.405971],[-103.6609,23.396473],[-103.648925,23.3961],[-103.642191,23.390672],[-103.635882,23.39001],[-103.631845,23.383735],[-103.632201,23.377306],[-103.622771,23.366672],[-103.61719,23.368809],[-103.6131,23.363325],[-103.606973,23.369242],[-103.604858,23.367115],[-103.604277,23.354959],[-103.595828,23.347528],[-103.592048,23.339242],[-103.596096,23.333449],[-103.593542,23.330745],[-103.596665,23.320917],[-103.594755,23.315637],[-103.580422,23.306761],[-103.581257,23.299121],[-103.576008,23.295847],[-103.583969,23.284933],[-103.574981,23.277871],[-103.572542,23.268016],[-103.566202,23.270279],[-103.563714,23.27938],[-103.542865,23.287645],[-103.540377,23.279428],[-103.534936,23.276715],[-103.533636,23.288416],[-103.52537,23.289347],[-103.5208,23.281629],[-103.508434,23.295513],[-103.494142,23.296494],[-103.490458,23.299327],[-103.490884,23.304973],[-103.486848,23.303585],[-103.483075,23.309259],[-103.462708,23.311527],[-103.461162,23.30573],[-103.454653,23.302642],[-103.454392,23.299538],[-103.455103,23.29615],[-103.463989,23.291067],[-103.464807,23.280131],[-103.446332,23.268702],[-103.428911,23.270022],[-103.409974,23.253389],[-103.42828,23.243787],[-103.456697,23.246648],[-103.460285,23.240247],[-103.470745,23.233806],[-103.477532,23.215324],[-103.469316,23.201991],[-103.474432,23.199401],[-103.477427,23.192084],[-103.484401,23.191994],[-103.500641,23.181941],[-103.496352,23.174506],[-103.498016,23.167372],[-103.506513,23.158394],[-103.508196,23.143885],[-103.513807,23.134145],[-103.518897,23.132662],[-103.526092,23.137712],[-103.522475,23.120608],[-103.502675,23.106388],[-103.497142,23.092827],[-103.486703,23.083514],[-103.48586,23.087701],[-103.478565,23.085822],[-103.473687,23.088032],[-103.462274,23.103135],[-103.453265,23.105276],[-103.449645,23.100855],[-103.452533,23.098133],[-103.444274,23.086267],[-103.45035,23.081773],[-103.445569,23.073801],[-103.439938,23.071464],[-103.427514,23.072437],[-103.409585,23.084695],[-103.400786,23.081634],[-103.393977,23.074393],[-103.388074,23.077743],[-103.372665,23.074283],[-103.36758,23.068623],[-103.367735,23.063196],[-103.362344,23.059639],[-103.367374,23.05127],[-103.357339,23.046712],[-103.35317,23.03312],[-103.334413,23.028138],[-103.332053,23.023445],[-103.326027,23.021981],[-103.316812,23.008461],[-103.320391,23.004966],[-103.314109,22.9964],[-103.308338,22.995318],[-103.306522,22.988255],[-103.299131,22.98469],[-103.296703,22.979295],[-103.28632,22.97734],[-103.284432,22.97235],[-103.274688,22.975997],[-103.267372,22.975048],[-103.267608,22.968488],[-103.25332,22.962485],[-103.253955,22.952595],[-103.258232,22.948868],[-103.249504,22.938435],[-103.239997,22.9354],[-103.232378,22.940255],[-103.214914,22.942008],[-103.204261,22.936681],[-103.201496,22.927376],[-103.183281,22.927405],[-103.202574,22.890057],[-103.203182,22.868243],[-103.210059,22.861028],[-103.206874,22.854018],[-103.212846,22.849021],[-103.212205,22.845974],[-103.219743,22.843233],[-103.215892,22.819492],[-103.230211,22.806479],[-103.231045,22.799949],[-103.226671,22.795743],[-103.229207,22.782848],[-103.237797,22.770023],[-103.233502,22.763074],[-103.238796,22.754208],[-103.235925,22.750974],[-103.225776,22.750528],[-103.230801,22.740078],[-103.227147,22.733396],[-103.228746,22.728371],[-103.225638,22.717632],[-103.232344,22.71144],[-103.232123,22.703611],[-103.222844,22.702425],[-103.209414,22.681344],[-103.207097,22.680028],[-103.202149,22.688085],[-103.190339,22.693518],[-103.189996,22.703383],[-103.193176,22.709669],[-103.190905,22.715143],[-103.179706,22.718119],[-103.168053,22.71431],[-103.164875,22.718624],[-103.151405,22.721953],[-103.132545,22.718938],[-103.13543,22.724597],[-103.133921,22.72938],[-103.127695,22.730662],[-103.131029,22.742602],[-103.126437,22.746195],[-103.12695,22.750559],[-103.133361,22.74936],[-103.136194,22.755589],[-103.154008,22.759061],[-103.154541,22.777327],[-103.159338,22.778667],[-103.161179,22.783771],[-103.170467,22.785123],[-103.171933,22.797288],[-103.166051,22.802914],[-103.154992,22.838809],[-103.142571,22.852777],[-103.119871,22.865935],[-103.078049,22.87801],[-103.076107,22.881094],[-103.079819,22.88709],[-103.07171,22.899438],[-103.063715,22.896341],[-103.036088,22.897128],[-103.036246,22.908048],[-103.026481,22.915872],[-103.035789,22.919184],[-103.03973,22.927579],[-103.030478,22.941684],[-103.031678,22.948823],[-103.025787,22.953523],[-103.024303,22.963693],[-103.028921,22.967002],[-103.024078,22.974515],[-103.024333,22.982992],[-103.020056,22.982843],[-103.017748,22.987864],[-103.02986,22.99881],[-103.02453,23.001784],[-103.023697,23.01261],[-103.014778,23.035147],[-103.005832,23.036273],[-103.000967,23.030407],[-102.989794,23.026946],[-102.983173,23.015842],[-102.966963,23.01966],[-102.937004,23.002921],[-102.920403,22.99953],[-102.895385,22.98141],[-102.899125,22.970165],[-102.895241,22.96297],[-102.901809,22.954004],[-102.884391,22.940013],[-102.884519,22.923493],[-102.876603,22.913813],[-102.881107,22.907072],[-102.87848,22.898163],[-102.873797,22.895707],[-102.879232,22.884866],[-102.855309,22.879307],[-102.851099,22.863566],[-102.837277,22.858825],[-102.834964,22.845164],[-102.837844,22.829365],[-102.830643,22.817624],[-102.833611,22.809855],[-102.824229,22.800525],[-102.812899,22.803009],[-102.808733,22.795976],[-102.813883,22.788033],[-102.808657,22.782318],[-102.81294,22.773866],[-102.80806153236297,22.763525780025056],[-102.808174,22.766952],[-102.799427,22.766849],[-102.792198,22.772521],[-102.78652,22.769113],[-102.783373,22.776762],[-102.771938,22.772266],[-102.712048,22.769478],[-102.673811,22.763835],[-102.657572,22.75059],[-102.639156,22.742417],[-102.625192,22.723071],[-102.621943,22.724389],[-102.593514,22.714909],[-102.583515,22.708862],[-102.576555,22.71054],[-102.578505,22.70075],[-102.585618,22.691524],[-102.586957,22.673212],[-102.583184,22.669859],[-102.586713,22.663247],[-102.587525,22.639879],[-102.592961,22.627505],[-102.591582,22.615983],[-102.587079,22.611682],[-102.58600679935897,22.599707919755797],[-102.570295,22.59567],[-102.56383,22.586012],[-102.554783,22.581746],[-102.523843,22.584371],[-102.517374,22.572323],[-102.508561,22.579355],[-102.482358,22.585645],[-102.477125,22.592298],[-102.475205,22.602857],[-102.463988,22.612052],[-102.46259,22.624212],[-102.449857,22.625411],[-102.448278,22.628086],[-102.442682,22.624642],[-102.438701,22.626257],[-102.450916,22.667178],[-102.440423,22.69803],[-102.436764,22.701366],[-102.419741,22.703191],[-102.415009,22.701098],[-102.407977,22.718677],[-102.391785,22.719121],[-102.387265,22.715139],[-102.374029,22.714063],[-102.36284,22.717785],[-102.35148,22.711844],[-102.292117,22.709272],[-102.278227,22.702783],[-102.25525,22.7053],[-102.224313,22.695885],[-102.20962,22.703573],[-102.194766,22.670843],[-102.199422,22.662274],[-102.18398,22.653994],[-102.186053,22.638742],[-102.172829,22.624108],[-102.174499,22.61678],[-102.181421,22.614489],[-102.177537,22.603433],[-102.167659,22.599302],[-102.168983,22.585046],[-102.176511,22.567974],[-102.178567,22.538012],[-102.175216,22.530617],[-102.182091,22.515602],[-102.181981,22.511307],[-102.174632,22.507179],[-102.173341,22.502458],[-102.180522,22.490371],[-102.175951,22.484726],[-102.173632,22.473988],[-102.166923,22.471298],[-102.162851,22.463105],[-102.15607,22.459854],[-102.153061,22.459928],[-102.152538,22.466456],[-102.144555,22.47206],[-102.1269,22.465688],[-102.104474,22.470287],[-102.095627,22.46801],[-102.08474,22.47185],[-102.065222,22.494511],[-102.058738,22.497963],[-102.040932,22.498931],[-102.034351,22.503511],[-102.029061,22.512414],[-102.029835,22.523607],[-102.014481,22.534801],[-102.010062,22.547961],[-102.004352,22.546252],[-101.998965,22.550284],[-101.99574,22.5438],[-101.979385,22.544994],[-101.971515,22.542897],[-101.969983,22.538619],[-101.92829,22.571366],[-101.908614,22.556919],[-101.894626,22.537713],[-101.873605,22.522657],[-101.876695,22.480121],[-101.887231,22.466103],[-101.870352,22.450308],[-101.872644,22.441348],[-101.867893,22.432346],[-101.883897,22.426469],[-101.888746,22.408974],[-101.893541,22.404873],[-101.888504,22.39869],[-101.877145,22.393045],[-101.87006,22.37775],[-101.869977,22.355495],[-101.862194,22.334155],[-101.862901,22.313264],[-101.850354,22.298483],[-101.831442,22.295254],[-101.800062,22.280879],[-101.788425,22.271494],[-101.781504,22.260086],[-101.782671,22.24558],[-101.792175,22.236576],[-101.803018,22.215593],[-101.812822,22.206817],[-101.817805,22.194459],[-101.817078,22.189973],[-101.799897,22.187241],[-101.811622,22.173729],[-101.812044,22.154762],[-101.820668,22.13604],[-101.818515,22.123575],[-101.814421,22.122437],[-101.812801,22.117034],[-101.798347,22.116472],[-101.785459,22.107277],[-101.778531,22.119401],[-101.764808,22.117202],[-101.755426,22.102812],[-101.759577,22.097925],[-101.768901,22.063267],[-101.768922,22.033329],[-101.785872,22.016011],[-101.79377,22.001787],[-101.787734,21.963547],[-101.794617,21.951732],[-101.811659,21.95128],[-101.806958,21.936669],[-101.807101,21.924732],[-101.794207,21.906133],[-101.78901,21.906533],[-101.787925,21.917783],[-101.784499,21.918754],[-101.780273,21.912529],[-101.764539,21.90459],[-101.758903,21.879169],[-101.767109,21.873918],[-101.767516,21.869735],[-101.758045,21.858928],[-101.753639,21.838963],[-101.744581,21.828753],[-101.719797,21.816075],[-101.699785,21.814233],[-101.693559,21.816647],[-101.680479,21.812548],[-101.672242,21.816014],[-101.669606,21.822622],[-101.660362,21.826149],[-101.658024,21.830753],[-101.650339,21.833017],[-101.631067,21.828512],[-101.618662,21.831087],[-101.599544,21.829777],[-101.576366,21.837372],[-101.550299,21.833724],[-101.535903,21.835539],[-101.52978,21.839384],[-101.535498,21.848612],[-101.53191,21.870024],[-101.5137,21.873357],[-101.477422,21.88721],[-101.459632,21.890035],[-101.453291,21.888162],[-101.44571,21.873595],[-101.435475,21.86401],[-101.417036,21.868804],[-101.393071,21.860461],[-101.348112,21.855444],[-101.336146,21.858827],[-101.308043,21.832292],[-101.306082,21.827889],[-101.312057,21.823903],[-101.306129,21.814041],[-101.285706,21.80459],[-101.280511,21.795729],[-101.284006,21.790077],[-101.282049,21.782347],[-101.277654,21.778409],[-101.291377,21.765595],[-101.30168,21.744299],[-101.290315,21.734195],[-101.28292,21.731831],[-101.27403,21.71841],[-101.27096,21.703427],[-101.267058,21.698328],[-101.27591,21.687097],[-101.276911,21.669767],[-101.281675,21.665902],[-101.281235,21.652641],[-101.273269,21.639769],[-101.287129,21.636606],[-101.307776,21.638711],[-101.314091,21.630884],[-101.321848,21.632534],[-101.323678,21.624149],[-101.319487,21.615327],[-101.320654,21.611079],[-101.330184,21.605147],[-101.337245,21.608381],[-101.339018,21.613202],[-101.348099,21.611047],[-101.34621,21.603652],[-101.357928,21.599467],[-101.362028,21.582288],[-101.355786,21.576988],[-101.356135,21.567341],[-101.350936,21.560989],[-101.338242,21.557559],[-101.347082,21.551053],[-101.347789,21.546704],[-101.335058,21.522592],[-101.345703,21.513184],[-101.338725,21.501536],[-101.329191,21.498533],[-101.330787,21.491713],[-101.326225,21.488623],[-101.322088,21.481473],[-101.292633,21.509405],[-101.285646,21.508388],[-101.281394,21.513305],[-101.261709,21.51696],[-101.252789,21.513531],[-101.238584,21.515364],[-101.22932,21.527865],[-101.214591,21.532526],[-101.208002,21.540986],[-101.200683,21.536476],[-101.196184,21.541772],[-101.190498,21.536896],[-101.190407,21.527122],[-101.183103,21.516806],[-101.17617,21.516723],[-101.169837,21.523646],[-101.157372,21.524077],[-101.151617,21.529144],[-101.138832,21.499731],[-101.129764,21.503022],[-101.107379,21.494192],[-101.082331,21.475911],[-101.082357,21.47159],[-101.069588,21.461536],[-101.062497,21.465479],[-101.061822,21.471867],[-101.051101,21.477453],[-101.043912,21.476035],[-101.021587,21.480781],[-101.021092,21.485856],[-101.00669,21.495224],[-101.005205,21.50096],[-100.999634,21.502198],[-100.996676,21.512637],[-101.000418,21.52052],[-101.004919,21.522606],[-100.998802,21.532709],[-100.988575,21.527906],[-100.97409,21.505086],[-100.964126,21.509645],[-100.949913,21.50894],[-100.934732,21.51531],[-100.934269,21.524316],[-100.926144,21.529261],[-100.916731,21.542184],[-100.917515,21.551584],[-100.899906,21.543019],[-100.890973,21.547597],[-100.884669,21.541192],[-100.865857,21.535635],[-100.846269,21.542054],[-100.830753,21.539413],[-100.809625,21.542934],[-100.787011,21.533195],[-100.773366,21.54618],[-100.764232,21.539853],[-100.759175,21.527693],[-100.748001,21.525162],[-100.740848,21.529454],[-100.726763,21.546786],[-100.721197,21.541665],[-100.711912,21.542972],[-100.707608,21.539276],[-100.694387,21.54139],[-100.689429,21.535261],[-100.679599,21.532966],[-100.665233,21.522214],[-100.643095,21.5261],[-100.630479,21.524382],[-100.627274,21.518792],[-100.62217,21.51911],[-100.620581,21.512074],[-100.623196,21.503766],[-100.615042,21.492638],[-100.608867,21.491905],[-100.607598,21.488184],[-100.595862,21.490586],[-100.594401,21.487689],[-100.606325,21.480475],[-100.617094,21.464765],[-100.583195,21.44261],[-100.572571,21.438383],[-100.551066,21.436379],[-100.541117,21.426559],[-100.532655,21.443662],[-100.50567,21.4303],[-100.511644,21.406521],[-100.517782,21.401942],[-100.518586,21.396887],[-100.502733,21.389453],[-100.497301,21.392358],[-100.501843,21.3804],[-100.498225,21.362039],[-100.479864,21.35636],[-100.471229,21.356788],[-100.467296,21.340252],[-100.459454,21.334992],[-100.431144,21.299733],[-100.416479,21.298746],[-100.412879,21.291955],[-100.406904,21.28923],[-100.408132,21.283806],[-100.404862,21.2794],[-100.394002,21.278132],[-100.385616,21.27114],[-100.385539,21.266023],[-100.380729,21.26349],[-100.378503,21.257579],[-100.363381,21.252104],[-100.370469,21.237852],[-100.386742,21.236624],[-100.384951,21.22859],[-100.393676,21.227157],[-100.39232,21.21989],[-100.38573,21.215604],[-100.360899,21.214543],[-100.352893,21.206721],[-100.319544,21.20844],[-100.309309,21.203118],[-100.306587,21.19227],[-100.299927,21.189433],[-100.304691,21.185645],[-100.304967,21.181422],[-100.292848,21.174088],[-100.287029,21.165932],[-100.282545,21.166934],[-100.276678,21.163166],[-100.269746,21.151814],[-100.257488,21.143181],[-100.260954,21.1273],[-100.265903,21.127619],[-100.268393,21.122457],[-100.258206,21.112635],[-100.26822,21.099771],[-100.274427,21.084613],[-100.268764,21.0692],[-100.274218,21.060537],[-100.29164,21.060287],[-100.28561,21.050151],[-100.28561,21.042381],[-100.290961,21.034843],[-100.283938,21.027743],[-100.272643,21.024141],[-100.268578,21.004408],[-100.262558,20.998774],[-100.255953,20.99941],[-100.254274,20.993011],[-100.247611,20.987711],[-100.248829,20.983737],[-100.242002,20.979144],[-100.250055,20.973767],[-100.263047,20.974101],[-100.264128,20.968956],[-100.282188,20.952593],[-100.284864,20.939344],[-100.291781,20.929864],[-100.284318,20.931692],[-100.282252,20.927837],[-100.271005,20.922636],[-100.261308,20.926506],[-100.251634,20.916388],[-100.245803,20.915121],[-100.237399,20.91979],[-100.22422,20.92155],[-100.204252,20.932112],[-100.192899,20.9309],[-100.204531,20.908458],[-100.215459,20.902211],[-100.219691,20.894449],[-100.218888,20.887915],[-100.199806,20.888673],[-100.188418,20.880243],[-100.185089,20.873911],[-100.189867,20.862586],[-100.200566,20.850895],[-100.180125,20.832694],[-100.181935,20.826158],[-100.16711,20.81748],[-100.159855,20.806151],[-100.158706,20.795325],[-100.150708,20.778273],[-100.143892,20.777385],[-100.139997,20.782342],[-100.123791,20.773235],[-100.113824,20.777332],[-100.107742,20.773898],[-100.111417,20.765606],[-100.108046,20.759036],[-100.112949,20.748477],[-100.110914,20.743183],[-100.11623,20.739879],[-100.114709,20.731638],[-100.118075,20.728284],[-100.111592,20.71774],[-100.114512,20.705906],[-100.103235,20.70783],[-100.098532,20.704221],[-100.092057,20.708508],[-100.080401,20.706704],[-100.078537,20.708793],[-100.075984,20.704068],[-100.08566,20.689151],[-100.084733,20.67078],[-100.088227,20.667067],[-100.109497,20.662572],[-100.105294,20.649103],[-100.109567,20.639034],[-100.118948,20.637693],[-100.125464,20.623937],[-100.131655,20.619216],[-100.142001,20.589494],[-100.155358,20.568096],[-100.174711,20.562499],[-100.177894,20.556642],[-100.166702,20.550797],[-100.187806,20.534565],[-100.221024,20.497291],[-100.237096,20.490566],[-100.253271,20.492998],[-100.257531,20.490848],[-100.259098,20.477894],[-100.273312,20.468112],[-100.274859,20.448824],[-100.294306,20.444018],[-100.284296,20.436136],[-100.276885,20.417602],[-100.273116,20.415171],[-100.269135,20.389027],[-100.257656,20.365762],[-100.258718,20.358539],[-100.248593,20.35889],[-100.236531,20.34016],[-100.23649,20.331118],[-100.242934,20.328733],[-100.247445,20.322289],[-100.244542,20.313137],[-100.250748,20.28733],[-100.259051,20.280422],[-100.263567,20.280823],[-100.26548656985199,20.273151140558124],[-100.254013,20.27299],[-100.259511,20.264416],[-100.257791,20.258691],[-100.265271,20.253911],[-100.263075,20.245602],[-100.252044,20.245631],[-100.247942,20.239559],[-100.221426,20.230426],[-100.209873,20.229781],[-100.202351,20.232736],[-100.190869,20.205606],[-100.182334,20.193402],[-100.185569,20.183663],[-100.183825,20.178352],[-100.166899,20.171295],[-100.158005,20.175788],[-100.132645,20.163039],[-100.115191,20.14361],[-100.109824,20.127101],[-100.074854,20.128446],[-100.060815,20.120476],[-100.038286,20.117104],[-100.030343,20.106458],[-100.034817,20.097172],[-100.026526,20.095974],[-100.023762,20.091286],[-100.0257,20.078731],[-100.002248,20.065094],[-99.961461,20.060041],[-99.930723,20.061592],[-99.937153,20.056979],[-99.939433,20.047009],[-99.9465,20.040102],[-99.948606,20.028223],[-99.957559,20.025614],[-99.960681,20.018807],[-99.97607,20.009833],[-99.987501,19.995722],[-99.966838,19.986861],[-99.953591,19.988409],[-99.947943,19.981013],[-99.939209,19.981919],[-99.927246,19.977764],[-99.915942,19.979155],[-99.91433,19.987315],[-99.906261,19.990566],[-99.873596,19.984179],[-99.847233,19.972272],[-99.820895,19.977416],[-99.818765,19.970078],[-99.813578,19.967419],[-99.822533,19.962078],[-99.823821,19.949567],[-99.811856,19.946603],[-99.809652,19.939588],[-99.814058,19.925172],[-99.824417,19.921082],[-99.819523,19.914702],[-99.814243,19.913354],[-99.8094,19.902136],[-99.794034,19.896851],[-99.789629,19.887779],[-99.7845,19.887317],[-99.782796,19.880039],[-99.772271,19.87746],[-99.764628,19.849431],[-99.756423,19.847341],[-99.75219,19.849391],[-99.748058,19.844153],[-99.740971,19.848097],[-99.728165,19.848579],[-99.722213,19.840615],[-99.722311,19.830005],[-99.717857,19.832538],[-99.706298,19.829026],[-99.694054,19.829531],[-99.677658,19.840364],[-99.678266,19.837174],[-99.673324,19.832034],[-99.660025,19.83189],[-99.651354,19.819555],[-99.638093,19.815658],[-99.640561,19.807195],[-99.63385,19.804589],[-99.626125,19.791951],[-99.621812,19.791167],[-99.614677,19.779738],[-99.610951,19.764716],[-99.604355,19.760265],[-99.594501,19.74558],[-99.597322,19.737781],[-99.605716,19.734921],[-99.599995,19.708608],[-99.578549,19.701785],[-99.57309,19.689798],[-99.575796,19.672678],[-99.580899,19.666612],[-99.57545,19.665263],[-99.572945,19.653708],[-99.565937,19.646468],[-99.552819,19.638714],[-99.554044,19.632499],[-99.545478,19.606108],[-99.528403,19.597202],[-99.529302,19.589918],[-99.523951,19.585123],[-99.519641,19.585593],[-99.519064,19.577229],[-99.504184,19.561897],[-99.503527,19.557751],[-99.520337,19.557135],[-99.520399,19.550218],[-99.510711,19.546914],[-99.506139,19.538787],[-99.493723,19.542931],[-99.488596,19.535525],[-99.493157,19.525666],[-99.483259,19.522236],[-99.485819,19.516106],[-99.476537,19.510645],[-99.472271,19.515698],[-99.460587,19.520528],[-99.450691,19.516357],[-99.450792,19.502637],[-99.435717,19.498814],[-99.435978,19.494746],[-99.428893,19.486388],[-99.429196,19.472741],[-99.417399,19.465982],[-99.417717,19.456958],[-99.408295,19.451503],[-99.405733,19.444477],[-99.39499,19.443083],[-99.393214,19.438701],[-99.380585,19.430323],[-99.377144,19.419259],[-99.385607,19.408027],[-99.391847,19.407036],[-99.396847,19.394555],[-99.390855,19.380339],[-99.384442,19.374483],[-99.397963,19.371123],[-99.398707,19.362155],[-99.395525,19.356452],[-99.401021,19.350873],[-99.400464,19.345465],[-99.392591,19.340169],[-99.387889,19.330241],[-99.38144,19.328002],[-99.379342,19.314854],[-99.370646,19.308182],[-99.356658,19.307113],[-99.354364,19.301364],[-99.341304,19.29128],[-99.335733,19.270308],[-99.342597,19.241148],[-99.317671,19.232274],[-99.31593,19.221645],[-99.30448,19.21118],[-99.302834,19.190504],[-99.30965,19.171198],[-99.323224,19.165682],[-99.335911,19.15067],[-99.333448,19.14608],[-99.338689,19.124015],[-99.332581,19.116076],[-99.334808,19.106226],[-99.339772,19.101064],[-99.349782,19.106431],[-99.373339,19.105192],[-99.382698,19.098196],[-99.391575,19.098081],[-99.41225,19.087978],[-99.41949,19.06196],[-99.433833,19.062093],[-99.439285,19.057952],[-99.456737,19.059484],[-99.475202,19.078918],[-99.48469,19.082707],[-99.510867,19.064898],[-99.520581,19.063647],[-99.528459,19.066772],[-99.532033,19.078566],[-99.550411,19.082579],[-99.552267,19.078201],[-99.577367,19.061559],[-99.586911,19.063636],[-99.60961,19.081967],[-99.629439,19.081822],[-99.635175,19.072788],[-99.639512,19.072746],[-99.642183,19.081059],[-99.671181,19.079047],[-99.703174,19.089452],[-99.715671,19.0888],[-99.725929,19.100923],[-99.73269,19.10111],[-99.744618,19.110821],[-99.75897,19.116627],[-99.766952,19.116141],[-99.778028,19.129232],[-99.793935,19.138522],[-99.795789,19.149816],[-99.806286,19.166456],[-99.815511,19.170638],[-99.823939,19.170185],[-99.82187,19.176048],[-99.823961,19.181264],[-99.848403,19.189411],[-99.843816,19.196186],[-99.844438,19.202088],[-99.863146,19.213854],[-99.863081,19.222001],[-99.869462,19.230429],[-99.87429,19.231701],[-99.870551,19.241714],[-99.883148,19.252229],[-99.88719,19.262091],[-99.892906,19.263922],[-99.913242,19.282242],[-99.920131,19.294081],[-99.930478,19.302064],[-99.931508,19.307682],[-99.936864,19.304732],[-99.942492,19.314134],[-99.949916,19.314058],[-99.970209,19.327447],[-99.980963,19.327436],[-99.981786,19.335757],[-99.992471,19.341016],[-99.990355,19.349444],[-99.985732,19.348592],[-99.982757,19.35145],[-99.982223,19.357818],[-99.997311,19.374248],[-100.00416,19.376362],[-100.010579,19.383213],[-100.010341,19.385949],[-99.999158,19.390151],[-99.979202,19.390684],[-99.971542,19.394993],[-99.970753,19.399535],[-99.962351,19.40255],[-99.949585,19.401087],[-99.94114,19.405875],[-99.934369,19.402434],[-99.922026,19.410515],[-99.918941,19.435188],[-99.928141,19.442384],[-99.926133,19.453072],[-99.931461,19.459044],[-99.932904,19.468879],[-99.920406,19.496185],[-99.916719,19.496926],[-99.915518,19.509134],[-99.892199,19.522295],[-99.883957,19.531409],[-99.8898,19.535788],[-99.892047,19.548408],[-99.902875,19.561251],[-99.916725,19.566578],[-99.93403,19.567971],[-99.942433,19.56113],[-99.953855,19.560123],[-99.956671,19.565303],[-99.961098,19.564704],[-99.96512,19.554479],[-99.97936,19.553777],[-99.992126,19.557537],[-99.99667,19.566191],[-100.006344,19.570797],[-100.004366,19.574258],[-100.014906,19.591443],[-100.015926,19.602014],[-100.034347,19.606403],[-100.053735,19.605512],[-100.059651,19.61552],[-100.0582,19.624189],[-100.0685,19.636538],[-100.076629,19.633571],[-100.107722,19.63728],[-100.108588,19.647819],[-100.112575,19.650292],[-100.123918,19.650168],[-100.130749,19.64343],[-100.142556,19.653785],[-100.166664,19.64955],[-100.172907,19.646552],[-100.174422,19.641051],[-100.203197,19.642936],[-100.223689,19.635487],[-100.241677,19.623124],[-100.249139,19.62735],[-100.246618,19.632815],[-100.2528,19.639931],[-100.255197,19.653813],[-100.265819,19.656514],[-100.268472,19.654118],[-100.277217,19.655071],[-100.283101,19.662762],[-100.28163,19.666134],[-100.290059,19.673366],[-100.299995,19.677138],[-100.304273,19.674494],[-100.312241,19.68046],[-100.330697,19.686856],[-100.345248,19.684447],[-100.353821,19.690056],[-100.370089,19.690517],[-100.380741,19.69881],[-100.387223,19.698514],[-100.38826,19.702308],[-100.39585,19.699333],[-100.407546,19.686681],[-100.412163,19.687681],[-100.415825,19.677339],[-100.421263,19.675854],[-100.461549,19.691027],[-100.471386,19.711965],[-100.486627,19.716317],[-100.48834,19.719291],[-100.484033,19.722979],[-100.488624,19.746913],[-100.510521,19.769424],[-100.526298,19.768065],[-100.537375,19.775039],[-100.537779,19.778584],[-100.530974,19.781083],[-100.538266,19.798358],[-100.545465,19.799428],[-100.547012,19.803592],[-100.555846,19.805832],[-100.566534,19.815276],[-100.597289,19.804729],[-100.600944,19.799793],[-100.598823,19.786628],[-100.622463,19.787045],[-100.619931,19.795292],[-100.623846,19.806364],[-100.627772,19.809377],[-100.640237,19.808294],[-100.64682,19.810892],[-100.647927,19.818762],[-100.635844,19.821662],[-100.639747,19.838995],[-100.658016,19.837778],[-100.659564,19.830957],[-100.663579,19.83237],[-100.665975,19.838473],[-100.677703,19.84107],[-100.674991,19.877404],[-100.681409,19.892712],[-100.692599,19.903126],[-100.69325218743522,19.91213529938135],[-100.693653,19.911491],[-100.701041,19.910241],[-100.712087,19.914059],[-100.713986,19.918055],[-100.727391,19.908632],[-100.742961,19.910811],[-100.745984,19.915195],[-100.757176,19.910375],[-100.763058,19.919389],[-100.783891,19.921186],[-100.784789,19.934639],[-100.792741,19.946512],[-100.779397,19.950488],[-100.791243,19.969033],[-100.783413,19.988264],[-100.796527,19.989218],[-100.804968,19.998253],[-100.819238,20.002092],[-100.820626,20.006395],[-100.829959,20.011063],[-100.828454,20.014447],[-100.832282,20.021536],[-100.850772,20.020147],[-100.861883,20.013148],[-100.871037,20.018652],[-100.885112,20.016961],[-100.891675,20.012277],[-100.916265,20.019602],[-100.926378,20.040099],[-100.923264,20.069083],[-100.930535,20.071806],[-100.940216,20.081274],[-100.960069,20.089274],[-100.961543,20.125016],[-100.968421,20.138729],[-100.964775,20.144336],[-100.969314,20.168014],[-100.967325,20.173728],[-100.979909,20.207583],[-100.981806,20.222455],[-101.000104,20.247767],[-101.0331,20.264887],[-101.057465,20.273641],[-101.076515,20.291229],[-101.084239,20.292841],[-101.092752,20.29998],[-101.108362,20.303521],[-101.112924,20.307832],[-101.111613,20.313205],[-101.116034,20.315459],[-101.128316,20.307879],[-101.149542,20.307599],[-101.153386,20.304878],[-101.159295,20.311469],[-101.176536,20.319345],[-101.189566,20.337462],[-101.197644,20.342077],[-101.203001,20.33436],[-101.213136,20.331373],[-101.216982,20.321758],[-101.235582,20.311038],[-101.235896,20.304561],[-101.231109,20.302671],[-101.238646,20.298988],[-101.251305,20.306448],[-101.261694,20.306975],[-101.266583,20.310383],[-101.286068,20.300368],[-101.300091,20.299213],[-101.321002,20.288606],[-101.322217,20.272374],[-101.330412,20.267041],[-101.329549,20.259553],[-101.334294,20.245359],[-101.341003,20.239748],[-101.342767,20.232367],[-101.36168,20.205668],[-101.363734,20.195551],[-101.376525,20.193022],[-101.39114,20.182406],[-101.403563,20.182445],[-101.415782,20.16638],[-101.424986,20.161734],[-101.438778,20.164527],[-101.441349,20.158162],[-101.447335,20.158705],[-101.454627,20.154618],[-101.456509,20.146119],[-101.46292,20.142796],[-101.460009,20.1253],[-101.450377,20.121241],[-101.457782,20.090186],[-101.453417,20.066064],[-101.446755,20.063249],[-101.430449,20.06468],[-101.412989,20.044603],[-101.401034,20.037569],[-101.404595,20.034663],[-101.403489,20.027016],[-101.40707,20.024241],[-101.414331,20.019364],[-101.419835,20.019523],[-101.424906,20.012563],[-101.437106,19.989801],[-101.431452,19.979236],[-101.425399,19.980321],[-101.422173,19.976436],[-101.424139,19.964145],[-101.417372,19.949366],[-101.416764,19.931694],[-101.424139,19.925467],[-101.421423,19.919926],[-101.422772,19.908207],[-101.417143,19.902357],[-101.422822,19.891029],[-101.426292,19.863964],[-101.429672,19.859018],[-101.425205,19.855246],[-101.425389,19.84671],[-101.420687,19.84303],[-101.419289,19.816587],[-101.435501,19.807102],[-101.456648,19.801348],[-101.457281,19.798043],[-101.450119,19.792998],[-101.445173,19.776778],[-101.447806,19.764704],[-101.455511,19.751635],[-101.461517,19.749507],[-101.489962,19.722531],[-101.515887,19.729674],[-101.518725,19.740471],[-101.532754,19.741206],[-101.543556,19.727501],[-101.553134,19.730639],[-101.555942,19.735398],[-101.563117,19.729343],[-101.567458,19.72983],[-101.568642,19.725508],[-101.575583,19.727144],[-101.58528,19.723953],[-101.590563,19.726903],[-101.603436,19.721103],[-101.612739,19.712133],[-101.634179,19.709473],[-101.63939,19.713042],[-101.643733,19.708896],[-101.659521,19.709366],[-101.67369,19.701157],[-101.690281,19.69935],[-101.711595,19.673932],[-101.69799,19.665943],[-101.695078,19.658462],[-101.687593,19.651876],[-101.692508,19.645441],[-101.699304,19.644356],[-101.705243,19.638246],[-101.714419,19.641755],[-101.718428,19.636589],[-101.724136,19.639415],[-101.734368,19.63656],[-101.74065,19.626543],[-101.751956,19.624591],[-101.77635,19.634902],[-101.784398,19.631859],[-101.801809,19.617555],[-101.803992,19.61843],[-101.803307,19.626596],[-101.794773,19.642832],[-101.80759,19.659147],[-101.844977,19.663743],[-101.850834,19.65914],[-101.862041,19.658185],[-101.863664,19.675994],[-101.869707,19.687422],[-101.875668,19.690217],[-101.865678,19.717185],[-101.873324,19.722858],[-101.877087,19.736223],[-101.910736,19.735524],[-101.926765,19.729973],[-101.937393,19.738925],[-101.955723,19.7376],[-101.964925,19.735099],[-101.989571,19.718133],[-101.999029,19.717107],[-102.00598,19.712491],[-102.020907,19.714026],[-102.034989,19.70161],[-102.050426,19.699277],[-102.060675,19.702319],[-102.07495,19.700776],[-102.087469,19.692438],[-102.091337,19.692944],[-102.119537,19.723168],[-102.128631,19.720406],[-102.171037,19.720997],[-102.178004,19.717779],[-102.180547,19.729485],[-102.206933,19.747511],[-102.221885,19.744427],[-102.238966,19.747354],[-102.247111,19.737448],[-102.246834,19.732594],[-102.253297,19.732691],[-102.253489,19.727807],[-102.257881,19.726478],[-102.257609,19.718547],[-102.26724,19.713403],[-102.273494,19.714604],[-102.276757,19.727724],[-102.285113,19.729195],[-102.288221,19.733099],[-102.311102,19.733589],[-102.316034,19.729975],[-102.327435,19.732231],[-102.331612,19.738063],[-102.329971,19.750641],[-102.346051,19.756741],[-102.375203,19.775802],[-102.381432,19.78906],[-102.390994,19.794951],[-102.398468,19.823785],[-102.409734,19.826659],[-102.426201,19.852935],[-102.42597,19.872586],[-102.432335,19.877987],[-102.448988,19.877179],[-102.452543,19.882438],[-102.468521,19.880462],[-102.472138,19.882631],[-102.480546,19.878441],[-102.48381,19.880149],[-102.501638,19.875769],[-102.514282,19.862054],[-102.522929,19.862054],[-102.522674,19.855817],[-102.534639,19.853605],[-102.538013,19.841527],[-102.551764,19.830356],[-102.558965,19.828598],[-102.558994,19.836338],[-102.565004,19.84164],[-102.583037,19.84819],[-102.584171,19.854257],[-102.590635,19.855902],[-102.597865,19.863273],[-102.611559,19.86591],[-102.612325,19.881986],[-102.622532,19.885644],[-102.628287,19.881079],[-102.642672,19.877392],[-102.656649,19.876073],[-102.661006,19.882128],[-102.682992,19.877479],[-102.700002,19.889158],[-102.707339,19.888069],[-102.708669,19.892302],[-102.715945,19.896011],[-102.724833,19.895466],[-102.733514,19.901308],[-102.736367,19.910409],[-102.745926,19.907388],[-102.748035,19.912845],[-102.76399,19.921302],[-102.766436,19.926335],[-102.777318,19.927119],[-102.784775,19.93738],[-102.790929,19.938011],[-102.798772,19.948384],[-102.808874,19.954393],[-102.818307,19.955105],[-102.833237,19.966505],[-102.844698,19.966696],[-102.858369,19.971474],[-102.863441,19.968533],[-102.875532,19.973017],[-102.887623,19.967578],[-102.90225,19.966365],[-102.902323,19.974009],[-102.893687,19.984153],[-102.89534,19.995582],[-102.883213,20.015427],[-102.88358,20.021197],[-102.876425,20.027825],[-102.877797,20.031192],[-102.889572,20.028237],[-102.904509,20.029138],[-102.917646,20.022581],[-102.929851,20.029648],[-102.934352,20.026751],[-102.940551,20.030837],[-102.951647,20.024708],[-102.958064,20.025511],[-102.955117,20.016837],[-102.957497,20.007794],[-102.954302,20.0003],[-102.978742,19.984594],[-102.986859,19.986521],[-102.994731,19.983369],[-102.996763,19.965383],[-103.001319,19.9576],[-102.999781,19.953626],[-103.01094,19.953641],[-103.014854,19.948935],[-103.021591,19.950115],[-103.025836,19.947089],[-103.038255,19.947181],[-103.042844,19.94145],[-103.048392,19.94133],[-103.049845,19.948217],[-103.060915,19.955463],[-103.071023,19.94701],[-103.07282,19.941408],[-103.080661,19.940927],[-103.094034,19.95222],[-103.100654,19.952466],[-103.118585,19.965241],[-103.142383,19.965437],[-103.14813,19.974941],[-103.168592,19.97389],[-103.174327,19.981323],[-103.179467,19.98161],[-103.199684,19.996235],[-103.211923,19.991017],[-103.210105,19.976891],[-103.222218,19.958622],[-103.219872,19.95225],[-103.22385,19.946325],[-103.222541,19.934379],[-103.239938,19.928333],[-103.245957,19.941578],[-103.264061,19.94437],[-103.276684,19.951355],[-103.282515,19.958884],[-103.292742,19.956589],[-103.297606,19.948119],[-103.305064,19.945166],[-103.310445,19.946552],[-103.30885,19.959455],[-103.316077,19.972052],[-103.322138,19.973581],[-103.32749,19.983483],[-103.33575,19.979929],[-103.342399,19.981968],[-103.358356,19.968017],[-103.357256,19.960634],[-103.359833,19.956493],[-103.376164,19.964543],[-103.38155,19.955537],[-103.392553,19.950181],[-103.391684,19.945056],[-103.409202,19.934661],[-103.417483,19.936572],[-103.421103,19.905792],[-103.427328,19.897974],[-103.421117,19.877544],[-103.422289,19.855692],[-103.427749,19.852853],[-103.428351,19.847207],[-103.419528,19.827138],[-103.419528,19.820228],[-103.408091,19.813178],[-103.408488,19.803349],[-103.404814,19.795466],[-103.415319,19.759286],[-103.414147,19.74773],[-103.406105,19.741097],[-103.406641,19.73377],[-103.401121,19.719453],[-103.409759,19.714946],[-103.410573,19.709425],[-103.409759,19.704163],[-103.403414,19.69822],[-103.407952,19.696757],[-103.416401,19.700468],[-103.423076,19.698307],[-103.437124,19.686674],[-103.442782,19.687119],[-103.442972,19.679873],[-103.456067,19.672499],[-103.466791,19.659131],[-103.473309,19.655604],[-103.485041,19.656861],[-103.494872,19.644964],[-103.492579,19.627472],[-103.513826,19.628488],[-103.534276,19.622621],[-103.563063,19.598657],[-103.580872,19.595121],[-103.587913,19.589878],[-103.596811,19.593297],[-103.607608,19.581453],[-103.61496,19.580951],[-103.615786,19.585388],[-103.610468,19.589465],[-103.617421,19.60381],[-103.619439,19.616343],[-103.612668,19.629479],[-103.622125,19.648521],[-103.613321,19.662407],[-103.616322,19.677256],[-103.614053,19.682656],[-103.626001,19.688414],[-103.625312,19.694015],[-103.631814,19.703247],[-103.617988,19.720511],[-103.620041,19.727232],[-103.614398,19.742842],[-103.617586,19.751745],[-103.608711,19.764713],[-103.598213,19.761109],[-103.592051,19.77558],[-103.600566,19.782921],[-103.611135,19.783959],[-103.615399,19.780519],[-103.625098,19.783648],[-103.63872,19.796131],[-103.648125,19.795691],[-103.652173,19.802146],[-103.663349,19.80799],[-103.671494,19.806222],[-103.678432,19.810044],[-103.683512,19.821794],[-103.688889,19.824566],[-103.679547,19.833593],[-103.684045,19.836487],[-103.686153,19.844979],[-103.694457,19.855454],[-103.688197,19.866966],[-103.677786,19.870614],[-103.678761,19.874483],[-103.672911,19.88241],[-103.676983,19.894237],[-103.672328,19.904171],[-103.677534,19.907353],[-103.681575,19.921081],[-103.686404,19.925564],[-103.678321,19.93283],[-103.672511,19.946354],[-103.673099,19.992272],[-103.678132,19.996361],[-103.673068,20.003061],[-103.671967,20.017435],[-103.663034,20.0264],[-103.66353,20.044837],[-103.660272,20.051957],[-103.662499,20.054865],[-103.647649,20.052074],[-103.64326,20.056802],[-103.630514,20.061432],[-103.623888,20.055841],[-103.611028,20.07004],[-103.627277,20.084764],[-103.640361,20.10622],[-103.648182,20.108426],[-103.651842,20.119405],[-103.65886,20.120157],[-103.659061,20.127676],[-103.671108,20.135363],[-103.676957,20.14823],[-103.673549,20.156001],[-103.679314,20.162417],[-103.686232,20.180214],[-103.694976,20.182769],[-103.697542,20.177291],[-103.704717,20.177903],[-103.706837,20.182501],[-103.714506,20.186581],[-103.716612,20.196106],[-103.72754,20.202222],[-103.732704,20.209391],[-103.731049,20.215757],[-103.724181,20.222776],[-103.729696,20.232702],[-103.724965,20.241306],[-103.717995,20.238662],[-103.714491,20.243756],[-103.702734,20.248707],[-103.694625,20.2668],[-103.695135,20.272383],[-103.703957,20.277986],[-103.707706,20.284648],[-103.70251,20.296828],[-103.689237,20.298172],[-103.697266,20.314493],[-103.70523,20.321211],[-103.705995,20.328441],[-103.712309,20.3375],[-103.709213,20.345859],[-103.713131,20.358817],[-103.708914,20.372128],[-103.700796,20.375976],[-103.699926,20.38847],[-103.694,20.39294],[-103.705917,20.41322],[-103.696579,20.415702],[-103.693278,20.420248],[-103.699402,20.436515],[-103.708206,20.440678],[-103.707352,20.445083],[-103.716196,20.450199],[-103.708624,20.463879],[-103.714617,20.471873],[-103.711268,20.482207],[-103.713813,20.497402],[-103.750023,20.518187],[-103.750166,20.523594],[-103.755866,20.526471],[-103.753682,20.531272],[-103.748776,20.532358],[-103.733945,20.529464],[-103.719241,20.543074],[-103.714472,20.537612],[-103.715294,20.52856],[-103.709551,20.524128],[-103.708647,20.504821],[-103.702226,20.503329],[-103.689776,20.50889],[-103.686233,20.514086],[-103.669286,20.512757],[-103.660206,20.518383],[-103.659994,20.526819],[-103.646588,20.539592],[-103.639909,20.539684],[-103.636138,20.543359],[-103.618412,20.566524],[-103.600468,20.570882],[-103.597915,20.576195],[-103.605493,20.601803],[-103.59985,20.606273],[-103.596602,20.615352],[-103.580318,20.621755],[-103.568009,20.616903],[-103.559264,20.606383],[-103.542689,20.605568],[-103.541189,20.596858]],[[-104.671928,22.027616],[-104.68716165969735,22.042791822558662],[-104.67206341678566,22.02744601476106],[-104.671928,22.027616]],[[-104.670831,21.971627],[-104.674800295426,21.97287846575533],[-104.674832,21.972746],[-104.670831,21.971627]],[[-104.623517,21.940398],[-104.630261,21.952881],[-104.62376208648988,21.939409586930335],[-104.623517,21.940398]],[[-104.135949,21.496216],[-104.157176,21.487961],[-104.13529445999153,21.496271924553284],[-104.135949,21.496216]],[[-104.125076,21.497145],[-104.13275152455357,21.496489195501677],[-104.12279440281561,21.495543020519975],[-104.125076,21.497145]],[[-104.11179847180563,21.47792051818593],[-104.11813,21.492268],[-104.11969941285741,21.49336993298382],[-104.111878,21.477939],[-104.11179847180563,21.47792051818593]],[[-104.100781,21.481017],[-104.10090242276702,21.480904810525967],[-104.099943,21.474251],[-104.100781,21.481017]],[[-104.10187220958534,21.45838728286282],[-104.095114,21.469983],[-104.09539979953279,21.470235597309156],[-104.101943,21.458487],[-104.10187220958534,21.45838728286282]],[[-104.0838185725391,21.43833098930046],[-104.084231,21.43917],[-104.09430563319303,21.439148070453125],[-104.094301,21.439102],[-104.0838185725391,21.43833098930046]],[[-104.07516245016275,21.43210359244523],[-104.08043062423133,21.431711625910435],[-104.080382,21.431542],[-104.07516245016275,21.43210359244523]],[[-104.0668154853193,21.423429703944507],[-104.073235,21.432247],[-104.07329512569792,21.432242526483908],[-104.066873,21.423428],[-104.0668154853193,21.423429703944507]],[[-104.058009,21.423647],[-104.05807081660481,21.423644886913817],[-104.05790237985812,21.423367542133906],[-104.058009,21.423647]],[[-104.052805,21.410007],[-104.05533019865565,21.41662569901288],[-104.05396631989409,21.406370114034683],[-104.052805,21.410007]],[[-102.608706,22.563459],[-102.6086059428307,22.564513407383195],[-102.61051670090893,22.561789509726122],[-102.608706,22.563459]],[[-102.61413,22.558458],[-102.61198348410674,22.560437116147153],[-102.627945,22.553712],[-102.61413,22.558458]],[[-102.64788800371676,22.212563535836324],[-102.64850365501388,22.214215690738065],[-102.648747,22.213235],[-102.64788800371676,22.212563535836324]],[[-102.692547,21.743505],[-102.69597909794612,21.752398536700824],[-102.696313,21.752331],[-102.692547,21.743505]],[[-102.68903835534431,21.726445779255428],[-102.688703,21.727501],[-102.697804,21.740367],[-102.69749,21.737386],[-102.68903835534431,21.726445779255428]],[[-102.70780141632763,21.70503664721475],[-102.692145,21.705315],[-102.69177102106767,21.70553091617436],[-102.706363,21.705637],[-102.70780141632763,21.70503664721475]],[[-102.715982,21.70101],[-102.71210200469007,21.703241707771973],[-102.71660309913518,21.70136308297129],[-102.715982,21.70101]],[[-102.74066724135155,21.720374189450837],[-102.73886602899509,21.720858280221936],[-102.739055,21.721424],[-102.74066724135155,21.720374189450837]],[[-102.745239,21.715521],[-102.7446342711722,21.717791058984332],[-102.756885,21.709814],[-102.745239,21.715521]],[[-102.765447,21.654595],[-102.76544337495562,21.654757369524734],[-102.778096,21.642136],[-102.765447,21.654595]],[[-102.82782803693688,21.58800528192157],[-102.813586,21.606905],[-102.828114,21.588532],[-102.82782803693688,21.58800528192157]],[[-102.818181,21.585051],[-102.82746250221197,21.587332000044512],[-102.826501,21.585561],[-102.818181,21.585051]],[[-102.830167,21.451017],[-102.83000031315906,21.451623201387182],[-102.836992,21.45419],[-102.830167,21.451017]],[[-102.91437553881387,21.45382364475569],[-102.91413998281544,21.45395114461952],[-102.914368,21.453973],[-102.91437553881387,21.45382364475569]],[[-102.918237,21.41372],[-102.91827391096123,21.413953493966194],[-102.92241060751236,21.40838274898635],[-102.918237,21.41372]],[[-102.927279,21.402157],[-102.92666055796813,21.402947869853406],[-102.938668,21.403461],[-102.927279,21.402157]],[[-102.94288410513111,21.39872618499293],[-102.94253,21.398614],[-102.938668,21.403461],[-102.94288410513111,21.39872618499293]],[[-103.01854939147813,21.334508175719648],[-102.982659,21.354514],[-103.018478,21.334865],[-103.01854939147813,21.334508175719648]],[[-103.040591910948,21.247644420967138],[-103.04017,21.248621],[-103.04402936854893,21.25846601362001],[-103.045125,21.257054],[-103.040591910948,21.247644420967138]],[[-103.036464,21.118597],[-103.041047,21.130145],[-103.03761055023112,21.11504244213611],[-103.036464,21.118597]],[[-103.039647,21.108729],[-103.03900626024627,21.11071543414699],[-103.05673254774942,21.0980430886855],[-103.039647,21.108729]],[[-103.0376740765397,21.101348160586127],[-103.036864,21.102383],[-103.039647,21.108729],[-103.0376740765397,21.101348160586127]],[[-103.05546430891503,21.074734147739534],[-103.05457292347944,21.077217982000214],[-103.056005,21.075252],[-103.05546430891503,21.074734147739534]],[[-103.04850602274641,21.055136330113832],[-103.050773,21.070241],[-103.04931,21.056008],[-103.04850602274641,21.055136330113832]],[[-103.036274,21.041554],[-103.03653302452952,21.041826166246675],[-103.032904,21.02936],[-103.036274,21.041554]],[[-102.968347,20.969767],[-102.975136,20.97292],[-102.96805326156021,20.968098215189304],[-102.968347,20.969767]],[[-102.978255,20.917076],[-102.9782852283225,20.917274952160124],[-102.98118874423601,20.916577365938934],[-102.978255,20.917076]],[[-102.98469889863176,20.91536499631084],[-102.98442729705937,20.91579928519356],[-102.98457,20.915765],[-102.98469889863176,20.91536499631084]],[[-102.990819,20.905579],[-102.989542257609,20.907620501533458],[-102.99348575901492,20.90631438453987],[-102.990819,20.905579]],[[-103.00807112373715,20.910336439650614],[-103.00758982552273,20.910203717022146],[-103.007911,20.910338],[-103.00807112373715,20.910336439650614]],[[-103.201795,20.804709],[-103.202276,20.815146],[-103.20208803856632,20.804474393703938],[-103.201795,20.804709]],[[-103.27632774231877,20.735721437625283],[-103.265697,20.740764],[-103.276223,20.736365],[-103.27632774231877,20.735721437625283]],[[-103.24746548849068,20.71019693161458],[-103.27027363403026,20.721282058393157],[-103.269125,20.720315],[-103.24746548849068,20.71019693161458]],[[-103.24202833494904,20.70855047256184],[-103.24650179368862,20.709746749259097],[-103.246406,20.709702],[-103.24202833494904,20.70855047256184]],[[-103.206786,20.709104],[-103.22031608962382,20.702839152498488],[-103.220057,20.702771],[-103.206786,20.709104]],[[-103.129552,20.732475],[-103.1298412457377,20.73240005571186],[-103.12174,20.732423],[-103.129552,20.732475]],[[-103.08810372690718,20.718867704799003],[-103.117529,20.726766],[-103.088511,20.718637],[-103.08810372690718,20.718867704799003]],[[-102.315532,20.767137],[-102.321173,20.764501],[-102.30449935701535,20.76677537086891],[-102.315532,20.767137]],[[-102.28313837812837,20.77599882756646],[-102.29452825601042,20.768135480454887],[-102.291614,20.768533],[-102.28313837812837,20.77599882756646]],[[-102.25878636128718,20.7400461629284],[-102.269169,20.745897],[-102.262,20.739952],[-102.25878636128718,20.7400461629284]],[[-102.245268,20.747695],[-102.24451384921274,20.748622470753997],[-102.25778197117718,20.740075592594415],[-102.255891,20.740131],[-102.245268,20.747695]],[[-102.1859305768875,20.76337252104874],[-102.190317,20.769144],[-102.188267,20.76402],[-102.1859305768875,20.76337252104874]],[[-102.18032387147166,20.762020539445285],[-102.18113683325566,20.76204405957156],[-102.180534,20.761877],[-102.18032387147166,20.762020539445285]],[[-102.16926,20.768865],[-102.1700167106599,20.768305],[-102.1670209486166,20.768305],[-102.16926,20.768865]],[[-102.162179,20.767094],[-102.16386767407606,20.76751634737872],[-102.15995953252921,20.763790891683364],[-102.162179,20.767094]],[[-102.54853471740415,20.515724800858603],[-102.53946873957192,20.5272334948631],[-102.541431,20.526297],[-102.54853471740415,20.515724800858603]],[[-102.551956,20.496355],[-102.55015753032957,20.513309628570543],[-102.550377,20.512983],[-102.551956,20.496355]],[[-102.618226,20.407826],[-102.61264495963115,20.419645984628396],[-102.612894,20.419726],[-102.618226,20.407826]],[[-102.698331645167,20.327728123477804],[-102.69848789985637,20.328487273817096],[-102.698564,20.328351],[-102.698331645167,20.327728123477804]],[[-102.696657,20.319592],[-102.69675315307242,20.320059151660168],[-102.711722,20.313753],[-102.696657,20.319592]],[[-102.719777,20.283941],[-102.76422990157991,20.29474358538558],[-102.762629,20.292578],[-102.719777,20.283941]],[[-102.65136930581848,20.118918789396055],[-102.668599,20.155113],[-102.651985,20.11907],[-102.65136930581848,20.118918789396055]],[[-102.494471,20.059371],[-102.503906,20.065933],[-102.49454705189501,20.059339395666917],[-102.494471,20.059371]],[[-103.93087731543619,20.82424635177781],[-103.932791,20.833552],[-103.931535,20.824381],[-103.93087731543619,20.82424635177781]],[[-103.94311027030278,20.930039237953842],[-103.942921,20.930238],[-103.960887,20.931202],[-103.94311027030278,20.930039237953842]],[[-104.087021,21.168627],[-104.07934787310141,21.179731747263816],[-104.079474,21.179632],[-104.087021,21.168627]],[[-104.07898743141347,21.180016802018514],[-104.069728,21.185692],[-104.06943669663234,21.187569985934893],[-104.07898743141347,21.180016802018514]],[[-104.06473478898918,21.181935074965303],[-104.064534,21.181784],[-104.058713,21.187529],[-104.06473478898918,21.181935074965303]],[[-104.0335683511988,21.171621198562573],[-104.033278,21.171375],[-104.024125,21.176255],[-104.0335683511988,21.171621198562573]],[[-103.82272766242617,21.275509399790774],[-103.822623,21.275444],[-103.814529,21.287413],[-103.82272766242617,21.275509399790774]],[[-103.69770105559961,21.464702208616558],[-103.665305,21.46333],[-103.697593,21.464813],[-103.69770105559961,21.464702208616558]],[[-103.57110621779611,21.48072015939824],[-103.570278,21.480409],[-103.56886288186696,21.48102066546927],[-103.57110621779611,21.48072015939824]],[[-103.55881165430753,21.482367077686753],[-103.5586182224421,21.482295970562348],[-103.558648,21.482389],[-103.55881165430753,21.482367077686753]],[[-103.55777584738793,21.47966426792682],[-103.556838,21.470683],[-103.552647,21.463641],[-103.55777584738793,21.47966426792682]],[[-103.525343,21.448472],[-103.5367,21.439223],[-103.53726505649138,21.437208937258447],[-103.525343,21.448472]],[[-103.53761865804748,21.435948575276313],[-103.538316,21.433463],[-103.53507257826736,21.426979239368837],[-103.53761865804748,21.435948575276313]],[[-103.52986554804424,21.416570128143416],[-103.526743,21.410328],[-103.508218,21.39051],[-103.52986554804424,21.416570128143416]],[[-103.4911825946664,21.36585376491863],[-103.491132,21.36576],[-103.48545358387089,21.36336513902385],[-103.4911825946664,21.36585376491863]],[[-103.46885517885396,21.356364793938585],[-103.46873,21.356312],[-103.455593,21.362112],[-103.46885517885396,21.356364793938585]],[[-103.45236048851702,21.367239635165298],[-103.452872,21.367105],[-103.455593,21.362112],[-103.45236048851702,21.367239635165298]],[[-103.461331,21.2382],[-103.43460186082054,21.22927130751748],[-103.434964,21.23045],[-103.461331,21.2382]],[[-103.431114,21.217919],[-103.42001908013762,21.20083551297386],[-103.419893,21.202066],[-103.431114,21.217919]],[[-103.420259,21.198494],[-103.42014364624868,21.19961980218512],[-103.441344,21.187232],[-103.42957,21.191875],[-103.420259,21.198494]],[[-103.363256,21.042534],[-103.35582601712899,21.038009910955346],[-103.35587,21.038124],[-103.363256,21.042534]],[[-103.14277514238148,20.975011289925817],[-103.141884,20.975697],[-103.129681,20.998091],[-103.14277514238148,20.975011289925817]],[[-103.08093137812261,21.06814978526654],[-103.08069,21.068137],[-103.07975498760058,21.070001544463],[-103.08093137812261,21.06814978526654]],[[-103.06684541808187,21.090322529400492],[-103.06515574261418,21.092021431009197],[-103.066274,21.091222],[-103.06684541808187,21.090322529400492]],[[-103.51686407504216,20.56923823675593],[-103.517063,20.569662],[-103.523396,20.572338],[-103.51686407504216,20.56923823675593]],[[-103.51432137001315,20.563137479674307],[-103.514215,20.563595],[-103.51624226349718,20.56791361223224],[-103.51432137001315,20.563137479674307]],[[-103.516804,20.519791],[-103.508587,20.526452],[-103.51686245852532,20.520485437479667],[-103.516804,20.519791]],[[-103.20220431938426,20.37657219207037],[-103.206371,20.376096],[-103.218085,20.371834],[-103.20220431938426,20.37657219207037]],[[-103.198117,20.371894],[-103.200946,20.376716],[-103.20126167455334,20.37667992290819],[-103.198117,20.371894]],[[-103.18724579395275,20.369450947188543],[-103.189415,20.370697],[-103.198117,20.371894],[-103.18724579395275,20.369450947188543]],[[-103.176752,20.36323],[-103.17651834463118,20.36328879933548],[-103.17855422033728,20.36445826345835],[-103.176752,20.36323]],[[-103.134399,20.361731],[-103.140646,20.363688],[-103.14203413600656,20.36384770437204],[-103.134399,20.361731]],[[-102.941234,20.321256],[-102.93489420374549,20.319291005324356],[-102.943705,20.325204],[-102.941234,20.321256]],[[-102.92567,20.316432],[-102.92553904076104,20.31646618112634],[-102.92617290534376,20.316587873514415],[-102.92567,20.316432]],[[-102.891828,20.31316],[-102.911108,20.320049],[-102.9113340280489,20.319991640605288],[-102.891828,20.31316]],[[-102.82749848875018,20.3429171027069],[-102.827836,20.342909],[-102.839153,20.334835],[-102.82749848875018,20.3429171027069]],[[-102.82126038079632,20.342106347425638],[-102.822296,20.343042],[-102.82707655330364,20.34292723220408],[-102.82126038079632,20.342106347425638]],[[-102.773422,20.307178],[-102.7674422880951,20.29908907256448],[-102.780309,20.325378],[-102.773422,20.307178]],[[-104.057865,21.39379],[-104.049388,21.374029],[-104.05776414574186,21.393975643036843],[-104.057865,21.39379]],[[-104.055978,21.35862],[-104.05586491715881,21.35849132600297],[-104.049388,21.374029],[-104.055978,21.35862]],[[-104.071433,21.301088],[-104.07142455636139,21.30100387700454],[-104.066658,21.305523],[-104.071433,21.301088]],[[-104.074233,21.288467],[-104.07401025982645,21.288172740173557],[-104.07049,21.291693],[-104.074233,21.288467]],[[-104.071665,21.268137],[-104.06369,21.261311],[-104.07158576684333,21.26884467870866],[-104.071665,21.268137]],[[-104.05390847331948,21.23708221062468],[-104.051559,21.240238],[-104.05179860598508,21.240456582492204],[-104.05390847331948,21.23708221062468]],[[-104.06908448620774,21.212810774162087],[-104.070348,21.21079],[-104.073446,21.195186],[-104.07337613473996,21.195083194910975],[-104.06908448620774,21.212810774162087]],[[-104.06921993104397,21.18896743880128],[-104.069032,21.190179],[-104.0727980770684,21.194232596625806],[-104.06921993104397,21.18896743880128]],[[-103.439852,21.370532],[-103.44987486286645,21.36789387780005],[-103.43945723856318,21.37029794494696],[-103.439852,21.370532]],[[-103.222119,21.443042],[-103.2189728455852,21.45457789952095],[-103.221383,21.451909],[-103.22233044306748,21.44285576422261],[-103.222119,21.443042]],[[-103.150771,22.060506],[-103.129509,22.059588],[-103.15111635901928,22.060726664864696],[-103.150771,22.060506]],[[-103.05586058099074,22.34154934571124],[-103.063973,22.332541],[-103.055765,22.341263],[-103.05586058099074,22.34154934571124]],[[-103.06789,22.360438],[-103.067039,22.354219],[-103.06718940034506,22.36104662542027],[-103.06789,22.360438]],[[-103.064904,22.363032],[-103.06638226071153,22.36174780432494],[-103.06068691343249,22.362329346771755],[-103.064904,22.363032]],[[-103.049686,22.364291],[-103.05108836829838,22.363309438265684],[-103.038792,22.364565],[-103.049686,22.364291]],[[-102.823319,22.603786],[-102.8260179709486,22.5963767799505],[-102.825173,22.596512],[-102.823319,22.603786]],[[-102.80536837952354,22.734343966434498],[-102.80548112703465,22.73338871354423],[-102.805399,22.733406],[-102.80536837952354,22.734343966434498]],[[-102.80736042048773,22.74197073974017],[-102.80520103965016,22.739469921436385],[-102.805149,22.741064],[-102.80736042048773,22.74197073974017]],[[-102.808021,22.762291],[-102.80803844533696,22.762822455657478],[-102.812225,22.759544],[-102.81229098610855,22.75910883446851],[-102.808021,22.762291]],[[-100.303806,20.284967],[-100.30338375910723,20.28476626932237],[-100.30401650705676,20.285599201688797],[-100.303806,20.284967]],[[-100.30299104680344,20.28457957635111],[-100.279361,20.273346],[-100.295669,20.283281],[-100.30299104680344,20.28457957635111]],[[-100.667595,19.934196],[-100.660723,19.936133],[-100.65923360668751,19.937864891976183],[-100.667595,19.934196]],[[-100.65417457605734,19.943747619179348],[-100.651025,19.94741],[-100.65108866529675,19.947508475999506],[-100.65417457605734,19.943747619179348]],[[-100.63139369914911,19.975983716403725],[-100.631269,19.976184],[-100.634838,19.979817],[-100.63139369914911,19.975983716403725]],[[-100.67116773363283,20.064162723277384],[-100.666316,20.066968],[-100.671176,20.064742],[-100.67116773363283,20.064162723277384]],[[-100.61280036452533,20.238813968154233],[-100.599706,20.238599],[-100.611726,20.23928],[-100.61280036452533,20.238813968154233]],[[-100.51032550753655,20.24243705808518],[-100.509617,20.242429],[-100.489366,20.256712],[-100.51032550753655,20.24243705808518]],[[-100.442793,20.25717],[-100.4427933605366,20.25724842731581],[-100.489366,20.256712],[-100.442793,20.25717]],[[-100.44261485396717,20.26840793678985],[-100.44181961211555,20.268907463479724],[-100.442616,20.268693],[-100.44261485396717,20.26840793678985]],[[-100.41923821914442,20.278342327224554],[-100.42168313170983,20.276006664806214],[-100.41643734678587,20.277721188245636],[-100.419229,20.277714],[-100.41923821914442,20.278342327224554]],[[-100.37524616606302,20.283000341616415],[-100.374826,20.283008],[-100.37197987707246,20.286995031231598],[-100.37524616606302,20.283000341616415]],[[-100.369984,20.289436],[-100.37020488604794,20.28916585513394],[-100.362624,20.289059],[-100.36240711793809,20.289385480976122],[-100.369984,20.289436]],[[-100.3570318577637,20.296949147776612],[-100.35186897704153,20.298542544811394],[-100.356893,20.297153],[-100.3570318577637,20.296949147776612]],[[-100.34573333712795,20.300239540760057],[-100.334235,20.298738],[-100.344647,20.30054],[-100.34573333712795,20.300239540760057]],[[-101.665814,20.011984],[-101.670877,19.99632],[-101.67038469256093,19.996206850377014],[-101.665814,20.011984]],[[-101.44605656082754,20.010497001835283],[-101.444923,20.00967],[-101.4423858376857,20.010036688843247],[-101.44605656082754,20.010497001835283]],[[-102.137725,20.744996],[-102.135711,20.730391],[-102.13428670571379,20.729053971009222],[-102.137725,20.744996]],[[-102.1329223996353,20.727773254799878],[-102.131598,20.72653],[-102.119092,20.72653],[-102.1329223996353,20.727773254799878]],[[-101.635181,21.334873],[-101.62884042080078,21.33634086123389],[-101.644977,21.337095],[-101.635181,21.334873]],[[-101.59084436878955,21.318117296527674],[-101.592159,21.319321],[-101.59385433440565,21.319105349139203],[-101.59084436878955,21.318117296527674]],[[-101.58507203990152,21.31150736574577],[-101.584989,21.312756],[-101.58775438079812,21.315288039740544],[-101.58507203990152,21.31150736574577]],[[-101.51231138470139,21.240102376886707],[-101.512337,21.245437],[-101.51389801468113,21.246865241345343],[-101.51231138470139,21.240102376886707]],[[-101.512171,21.239504],[-101.503666,21.23019],[-101.51222029799425,21.239714128169442],[-101.512171,21.239504]],[[-101.221252,21.118997],[-101.229275,21.134589],[-101.22941540658833,21.13465544667617],[-101.221252,21.118997]],[[-101.017075,20.784541],[-101.029272,20.789224],[-101.02948423970442,20.789150146175924],[-101.017075,20.784541]],[[-101.008146,20.773942],[-101.010106,20.785521],[-101.01036229469007,20.78548495913384],[-101.008146,20.773942]],[[-101.01391155263963,20.754178572577167],[-101.01372,20.754197],[-101.009441,20.763462],[-101.01391155263963,20.754178572577167]],[[-101.128198,20.576663],[-101.13053386792485,20.57548870869874],[-101.079018,20.579972],[-101.128198,20.576663]],[[-101.133342,20.574077],[-101.14380390970065,20.56055194054648],[-101.13249353168652,20.57450354336288],[-101.133342,20.574077]],[[-101.161181,20.538087],[-101.1545,20.511926],[-101.16071699356408,20.538686863200148],[-101.161181,20.538087]],[[-101.146459,20.50345],[-101.1460282450603,20.50343593839004],[-101.147798,20.508494],[-101.146459,20.50345]],[[-101.14397757780807,20.503368996190666],[-101.131418,20.502959],[-101.0910105485592,20.50938956535863],[-101.091912,20.509548],[-101.14397757780807,20.503368996190666]],[[-100.870331,20.394616],[-100.87008321453624,20.394599536685906],[-100.879662,20.401841],[-100.870331,20.394616]],[[-100.651654,20.348499],[-100.65146616065827,20.348563183526675],[-100.652055,20.358101],[-100.651654,20.348499]],[[-100.41962865386388,20.304952254613323],[-100.41963,20.305044],[-100.437651,20.311961],[-100.41962865386388,20.304952254613323]],[[-102.281928,20.777065],[-102.28175461367131,20.777529359327403],[-102.28204814936899,20.77695916535038],[-102.281928,20.777065]],[[-102.27631,20.792111],[-102.27810863851613,20.798452657480876],[-102.27684919366763,20.790666943765885],[-102.27631,20.792111]],[[-102.279119,20.802015],[-102.287356,20.808966],[-102.27889798419885,20.801235740300985],[-102.279119,20.802015]],[[-102.249912,20.923747],[-102.260146,20.921163],[-102.26011921531637,20.920686516989164],[-102.249912,20.923747]],[[-101.959921,21.225708],[-101.973614,21.218469],[-101.97371934213746,21.21817668342989],[-101.959921,21.225708]],[[-101.65263742421719,21.32090021727347],[-101.656,21.315661],[-101.656326,21.308733],[-101.65263742421719,21.32090021727347]],[[-101.646492,21.329975],[-101.64633272290249,21.330723549791614],[-101.64699758906104,21.32968762421329],[-101.646492,21.329975]],[[-101.39101514317409,21.313191185323497],[-101.409251,21.301086],[-101.391082,21.312708],[-101.39101514317409,21.313191185323497]],[[-101.338112,21.493236],[-101.36241,21.492995],[-101.33769356619338,21.492880580894347],[-101.338112,21.493236]]]}},{"type":"Feature","properties":{"id":"grijalva-usumacinta","name":"グリハルバ―ウスマシンタ"},"geometry":{"type":"MultiPolygon","coordinates":[[[[-92.225877,15.268765],[-92.236849,15.282176],[-92.236818,15.305408],[-92.248199,15.308611],[-92.25413,15.317885],[-92.266072,15.318861],[-92.273974,15.331405],[-92.29069,15.348139],[-92.301011,15.352422],[-92.302348,15.361386],[-92.330492,15.368707],[-92.334224,15.372351],[-92.335828,15.38555],[-92.326381,15.409471],[-92.34191,15.426229],[-92.360277,15.432635],[-92.385465,15.427339],[-92.404459,15.436209],[-92.427625,15.431681],[-92.434122,15.440039],[-92.462953,15.445827],[-92.48258,15.466021],[-92.500034,15.473733],[-92.51169,15.482866],[-92.536347,15.486513],[-92.54127,15.488927],[-92.543259,15.494728],[-92.549059,15.496168],[-92.566105,15.496456],[-92.570836,15.494453],[-92.573675,15.48676],[-92.589788,15.486267],[-92.598167,15.497566],[-92.614499,15.503587],[-92.624675,15.500624],[-92.633726,15.503326],[-92.650552,15.515339],[-92.654104,15.511444],[-92.678964,15.515165],[-92.684348,15.506977],[-92.691406,15.520667],[-92.695724,15.522795],[-92.7034,15.521956],[-92.709008,15.513862],[-92.71723,15.51528],[-92.728165,15.524145],[-92.722281,15.52834],[-92.719569,15.536256],[-92.705701,15.536678],[-92.711775,15.541946],[-92.704838,15.549239],[-92.703175,15.560389],[-92.698451,15.563376],[-92.695653,15.574503],[-92.700554,15.580985],[-92.698268,15.591215],[-92.700877,15.600999],[-92.705836,15.596794],[-92.734575,15.593309],[-92.743702,15.596117],[-92.749834,15.594003],[-92.759958,15.599552],[-92.765708,15.599009],[-92.769495,15.604958],[-92.775789,15.607725],[-92.776988,15.619448],[-92.782279,15.62286],[-92.782513,15.629072],[-92.787732,15.630456],[-92.788648,15.639281],[-92.799224,15.641107],[-92.812411,15.648427],[-92.825667,15.662475],[-92.839254,15.656767],[-92.86483,15.667746],[-92.873697,15.663877],[-92.88171,15.668306],[-92.898172,15.669597],[-92.908913,15.675449],[-92.930832,15.672902],[-92.938022,15.67947],[-92.94874,15.678982],[-92.954085,15.683422],[-92.968387,15.685187],[-92.971475,15.690272],[-92.987779,15.693641],[-92.997499,15.701617],[-92.995633,15.708147],[-93.007722,15.718575],[-93.012596,15.727933],[-93.034647,15.741087],[-93.034741,15.745931],[-93.050864,15.754214],[-93.060138,15.752696],[-93.068082,15.755522],[-93.078112,15.749993],[-93.082471,15.751237],[-93.08742,15.763889],[-93.087214,15.776196],[-93.093485,15.783687],[-93.092662,15.788814],[-93.098444,15.793931],[-93.087039,15.814065],[-93.09441,15.824774],[-93.104011,15.830291],[-93.107257,15.841949],[-93.117711,15.843198],[-93.119361,15.848343],[-93.127611,15.852611],[-93.132065,15.860586],[-93.130388,15.866287],[-93.13762,15.878543],[-93.146025,15.874305],[-93.15414,15.876976],[-93.162556,15.873949],[-93.172993,15.86097],[-93.186861,15.859466],[-93.195837,15.861841],[-93.20224,15.854873],[-93.212631,15.852842],[-93.219802,15.855017],[-93.227497,15.851826],[-93.23314,15.854477],[-93.245537,15.853751],[-93.256677,15.86986],[-93.269647,15.870832],[-93.277118,15.885985],[-93.285783,15.887565],[-93.2951,15.895313],[-93.30358,15.894534],[-93.308999,15.886687],[-93.3328,15.874158],[-93.341843,15.878256],[-93.336305,15.89514],[-93.347118,15.91164],[-93.354025,15.914447],[-93.374005,15.910398],[-93.384428,15.912686],[-93.406213,15.942555],[-93.405777,15.95276],[-93.4044928854596,15.953526102689324],[-93.412443,15.951613],[-93.428177,15.962271],[-93.444036,15.966888],[-93.447034,15.972281],[-93.477587,15.966767],[-93.483686,15.988045],[-93.503622,16.01575],[-93.515421,16.010887],[-93.545146,16.018046],[-93.547149,16.0231],[-93.54435,16.029703],[-93.548389,16.044608],[-93.561908,16.055608],[-93.571838,16.056129],[-93.577317,16.066274],[-93.584893,16.068518],[-93.587248,16.075166],[-93.584587,16.082922],[-93.590562,16.091947],[-93.601103,16.099139],[-93.596137,16.123077],[-93.602368,16.13712],[-93.610943,16.139206],[-93.606917,16.157277],[-93.609279,16.16844],[-93.604302,16.171924],[-93.615546,16.187162],[-93.610887,16.1955],[-93.626298,16.202118],[-93.659924,16.199898],[-93.664428,16.193877],[-93.69795,16.199064],[-93.705007,16.196653],[-93.710922,16.206088],[-93.716776,16.205917],[-93.720924,16.211721],[-93.722396,16.224031],[-93.732109,16.229461],[-93.73278,16.246995],[-93.741489,16.259638],[-93.726129,16.277805],[-93.726052,16.286692],[-93.721296,16.289113],[-93.718898,16.295145],[-93.724534,16.301214],[-93.73183,16.302333],[-93.746516,16.324516],[-93.752101,16.32757],[-93.763254,16.327212],[-93.793293,16.344774],[-93.826323,16.346242],[-93.83705,16.342059],[-93.863645,16.34342],[-93.879871,16.349962],[-93.885057,16.343539],[-93.900672,16.347185],[-93.92589,16.363004],[-93.92983,16.361365],[-93.946062,16.3693],[-93.954052,16.368252],[-93.968583,16.373683],[-93.97473,16.385725],[-93.989116,16.387871],[-93.99324,16.394878],[-94.005853,16.398832],[-94.01869,16.410353],[-94.033536,16.415004],[-94.032745,16.419171],[-94.039768,16.424559],[-94.036545,16.431091],[-94.045711,16.440773],[-94.049473,16.453282],[-94.079079,16.460036],[-94.083972,16.468705],[-94.087623,16.46713],[-94.092068,16.472964],[-94.095051,16.472287],[-94.094733,16.466075],[-94.103688,16.461667],[-94.109623,16.464464],[-94.114485,16.462997],[-94.12389,16.471429],[-94.136063,16.475389],[-94.14728,16.486482],[-94.154041,16.496289],[-94.154648,16.502841],[-94.160082,16.506854],[-94.165833,16.530233],[-94.180792,16.535451],[-94.186699,16.5444],[-94.200277,16.550575],[-94.212931,16.573806],[-94.211905,16.585893],[-94.221953,16.601625],[-94.226228,16.640918],[-94.231968,16.651333],[-94.233307,16.668617],[-94.230423,16.679388],[-94.232911,16.685449],[-94.217629,16.694934],[-94.210886,16.707432],[-94.204159,16.704787],[-94.201127,16.711889],[-94.204876,16.723481],[-94.194257,16.732045],[-94.189693,16.731738],[-94.185612,16.737519],[-94.198555,16.762139],[-94.195001,16.771893],[-94.212498,16.784427],[-94.216759,16.799621],[-94.22385,16.805],[-94.219841,16.810257],[-94.219114,16.818675],[-94.225966,16.840545],[-94.218015,16.854564],[-94.216937,16.868378],[-94.220575,16.873027],[-94.219076,16.878782],[-94.227857,16.884294],[-94.226058,16.893586],[-94.233212,16.902639],[-94.227932,16.90594],[-94.221477,16.904195],[-94.204775,16.90845],[-94.208168,16.917164],[-94.190562,16.918229],[-94.192773,16.932156],[-94.183346,16.940072],[-94.181247,16.938246],[-94.174694,16.947213],[-94.167412,16.947847],[-94.167338,16.955142],[-94.161858,16.95977],[-94.179287,16.979278],[-94.177047,16.986574],[-94.167843,16.991821],[-94.135729,16.989939],[-94.10855,16.977584],[-94.099891,16.977848],[-94.092622,16.982746],[-94.080188,16.978944],[-94.076057,16.98032],[-94.076538,16.985682],[-94.069326,16.98581],[-94.067113,16.98982],[-94.056812,16.992141],[-94.051733,16.986121],[-94.048477,16.988601],[-94.033296,16.982285],[-94.021793,16.990046],[-94.002177,16.98174],[-94.000089,16.977615],[-93.992651,16.97741],[-93.982906,16.987346],[-93.988733,16.996471],[-94.000614,17.004268],[-94.008253,17.016636],[-94.006677,17.023136],[-94.016889,17.031971],[-94.010982,17.038417],[-94.016867,17.055],[-94.015563,17.060797],[-94.022883,17.064378],[-94.021595,17.07193],[-94.025565,17.078719],[-94.040641,17.08981],[-94.045386,17.10043],[-94.044913,17.106865],[-94.050481,17.112666],[-94.049429,17.129557],[-94.038091,17.137925],[-94.037051,17.144934],[-94.026768,17.147851],[-94.016324,17.146238],[-94.011491,17.150518],[-94.005496,17.148371],[-93.99676,17.150478],[-93.990978,17.147252],[-93.9786,17.16294],[-93.962813,17.171512],[-93.952434,17.164784],[-93.936394,17.165405],[-93.934683,17.168149],[-93.94118,17.174971],[-93.934637,17.183977],[-93.935875,17.186453],[-93.928772,17.18535],[-93.923654,17.188717],[-93.922342,17.177844],[-93.915376,17.18041],[-93.90778,17.177784],[-93.905305,17.173525],[-93.899085,17.175819],[-93.884509,17.172882],[-93.87875,17.167552],[-93.875776,17.158725],[-93.844596,17.168097],[-93.839259,17.173038],[-93.827405,17.171961],[-93.827521,17.177296],[-93.823452,17.181199],[-93.825906,17.1907],[-93.816549,17.195918],[-93.810811,17.194066],[-93.796968,17.196641],[-93.79052,17.20635],[-93.784381,17.209312],[-93.786641,17.218747],[-93.784643,17.220008],[-93.768942,17.215397],[-93.759795,17.222997],[-93.752877,17.218663],[-93.746333,17.221852],[-93.736316,17.216974],[-93.725517,17.227528],[-93.723288,17.241684],[-93.716618,17.241905],[-93.712461,17.236327],[-93.714005,17.231964],[-93.703375,17.229698],[-93.693898,17.234019],[-93.678591,17.253357],[-93.658411,17.246936],[-93.655207,17.242532],[-93.64687192716436,17.2492754695088],[-93.647661,17.250671],[-93.646093,17.255719],[-93.651297,17.268511],[-93.650115,17.279387],[-93.660993,17.302001],[-93.649176,17.301366],[-93.631386,17.315987],[-93.629138,17.328381],[-93.620927,17.330304],[-93.618466,17.337235],[-93.624568,17.345899],[-93.622882,17.354405],[-93.628748,17.358732],[-93.6262,17.364372],[-93.628666,17.370312],[-93.611344,17.367677],[-93.609604,17.379096],[-93.593738,17.381463],[-93.576226,17.400368],[-93.568937,17.4006],[-93.562789,17.407232],[-93.567498,17.423911],[-93.565456,17.43512],[-93.560428,17.440226],[-93.562352,17.444988],[-93.543576,17.460745],[-93.52916,17.462719],[-93.520689,17.467843],[-93.518456,17.476066],[-93.523616,17.487431],[-93.538355,17.496924],[-93.534673,17.508245],[-93.5317,17.509827],[-93.528663,17.506917],[-93.524652,17.514759],[-93.536685,17.532529],[-93.537047,17.544099],[-93.531122,17.557603],[-93.53434,17.56505],[-93.531176,17.5728],[-93.52572,17.576428],[-93.535354,17.58965],[-93.531606,17.593842],[-93.530919,17.608718],[-93.524614,17.612547],[-93.524187,17.619173],[-93.505081,17.620407],[-93.501413,17.625163],[-93.498269,17.641812],[-93.490368,17.644392],[-93.473558,17.66499],[-93.465254,17.670473],[-93.469366,17.683533],[-93.468102,17.690864],[-93.480186,17.696437],[-93.479519,17.717662],[-93.462653,17.737497],[-93.457259,17.756584],[-93.457778,17.769344],[-93.446781,17.77754],[-93.43869,17.789885],[-93.439312,17.804823],[-93.451242,17.823496],[-93.446296,17.857993],[-93.454972,17.878501],[-93.45089,17.902814],[-93.436681,17.90953],[-93.428949,17.947121],[-93.415353,17.969249],[-93.396957,17.986844],[-93.395437,17.998888],[-93.382331,18.016496],[-93.391221,18.065968],[-93.386628,18.086229],[-93.349635,18.114117],[-93.335034,18.118792],[-93.306636,18.152512],[-93.288892,18.162822],[-93.254457,18.227554],[-93.249828,18.248945],[-93.251862,18.257992],[-93.243797,18.274193],[-93.241552,18.290815],[-93.244779,18.308278],[-93.256959,18.327831],[-93.260418,18.358774],[-93.239028,18.373501],[-93.219912,18.440464],[-93.214591,18.441419],[-93.21459207185382,18.442366518773017],[-93.214570624,18.442377709],[-93.214490996,18.445933589],[-93.214119269,18.446771688],[-93.21398879827662,18.446872106640164],[-93.21400741940806,18.44638210057675],[-93.214138078,18.44597446],[-93.21415506302336,18.44249693028052],[-93.21423,18.440525],[-93.20793,18.438272],[-93.20519333528036,18.438681078836385],[-93.205321239,18.437760661],[-93.205994251,18.436790172],[-93.205974757,18.4359832],[-93.205703142,18.435048075],[-93.206340823,18.433932305],[-93.206847648,18.43249749],[-93.207080818,18.432326484],[-93.208415762,18.432342682],[-93.209027523,18.432096323],[-93.209614961,18.432114397],[-93.210360922,18.431896676],[-93.210645556,18.431487179],[-93.210689845,18.43087785],[-93.210527471,18.430471805],[-93.210272992,18.430501352],[-93.210313856,18.430872643],[-93.209731082,18.431168797],[-93.209590376,18.430674527],[-93.20950104,18.430875383],[-93.208812181,18.431018143],[-93.208774214,18.430856796],[-93.206636627,18.431195758],[-93.205201992,18.430915702],[-93.204850655,18.431775088],[-93.205010997,18.432149577],[-93.2045934,18.43238515],[-93.204332849,18.432256657],[-93.204197222,18.431938995],[-93.203968785,18.432406564],[-93.203262093,18.432727791],[-93.202698548,18.432296887],[-93.201191659,18.434587812],[-93.200920704,18.434574284],[-93.20102064,18.435319019],[-93.201733569,18.435751302],[-93.201823707,18.436114957],[-93.201491135,18.436427746],[-93.201462614,18.437081639],[-93.201985509,18.437920424],[-93.2020816972188,18.439146208988547],[-93.20182438820889,18.439184671745643],[-93.201789946,18.438789777],[-93.201548178,18.438470591],[-93.199569169,18.438360869],[-93.196751845,18.438787682],[-93.193426298,18.440608181],[-93.192996462,18.443336341],[-93.1928255260187,18.443553629917467],[-93.19343760652613,18.439690455938987],[-93.193610706,18.439138863],[-93.194074701,18.438389333],[-93.193937882,18.438157336],[-93.194153838,18.438043751],[-93.19377959655186,18.437531970327512],[-93.19418271359653,18.434987678754247],[-93.194227736,18.434829307],[-93.19420796741412,18.434828288135257],[-93.19423622777036,18.43464992161066],[-93.194295144,18.434645987],[-93.1942678584442,18.434450283173206],[-93.194449,18.433307],[-93.19421525625435,18.433239649064205],[-93.194002798,18.432999501],[-93.193576806,18.432815216],[-93.19274516079759,18.43281605567802],[-93.18894977016808,18.431722451612206],[-93.188977298,18.431171707],[-93.18700880399288,18.43116318151118],[-93.186852,18.431118],[-93.18683116384209,18.431162412156986],[-93.186792799,18.431162246],[-93.1867930240524,18.431243706910763],[-93.18581151809423,18.43333578150924],[-93.183692759,18.433292156],[-93.183697124,18.437675855],[-93.18377424769663,18.437678212254067],[-93.183734,18.437764],[-93.190325,18.43802],[-93.19008141490954,18.440570930474927],[-93.190052917,18.440598303],[-93.189586471,18.440651853],[-93.189209154,18.440897057],[-93.189196058,18.44666443],[-93.189500081,18.447556588],[-93.189932324,18.44809717],[-93.19388207752938,18.45028139042031],[-93.19793649210514,18.45297278755854],[-93.19746284369836,18.452759284956365],[-93.18974,18.448423],[-93.188886,18.446725],[-93.188862,18.44282],[-93.18861786273405,18.44274279966466],[-93.188204832,18.442195803],[-93.188053437,18.442257793],[-93.18707895,18.441793318],[-93.185077686,18.441256689],[-93.183983307,18.441396304],[-93.18398899779231,18.441633230807124],[-93.18369507402649,18.44163886177548],[-93.183677837,18.441404688],[-93.183204071,18.441210609],[-93.181978343,18.440995139],[-93.181288428,18.441100934],[-93.181077094,18.441592029],[-93.180974339,18.441218718],[-93.179736146,18.441274529],[-93.179330839,18.441545932],[-93.1793196192287,18.441722686393884],[-93.1772945880039,18.441761481782596],[-93.176673463,18.441550653],[-93.17600748549314,18.441786139991127],[-93.17567686663466,18.441792473961176],[-93.174672543,18.441550482],[-93.173920679,18.441700496],[-93.17371778692947,18.44183000585587],[-93.17161081778393,18.441870371004814],[-93.170846446,18.441558193],[-93.167034468,18.4416064],[-93.165235707,18.441925671],[-93.164562705,18.441867577],[-93.16444959339022,18.44200756517773],[-93.16313913234956,18.442032670887134],[-93.16295131,18.441914723],[-93.15939855,18.44173688],[-93.14976123,18.44216466],[-93.14926435,18.44194514],[-93.14652822,18.44178375],[-93.14250161877735,18.442428042746734],[-93.14230758937711,18.4424317599467],[-93.13721768,18.44241129],[-93.13327329,18.44259162],[-93.12766192,18.44245706],[-93.114623067,18.44280995],[-93.111419694,18.442648927],[-93.099908084,18.443207997],[-93.09573201974821,18.442814255377822],[-93.07925934067309,18.438787652500967],[-93.076730735,18.437819622],[-93.071043077,18.436045601],[-93.067404131,18.43582498],[-93.06644830172488,18.435656105650015],[-93.055435,18.432964],[-93.033693,18.431623],[-93.0295357790633,18.43178732871583],[-93.029349192,18.431776824],[-93.02884683970905,18.431814561456427],[-93.02751228529165,18.431867314393298],[-93.019719043,18.431532607],[-93.007099071,18.432155852],[-93.000702402,18.431925896],[-92.994453047,18.432194234],[-92.99099688,18.432176388],[-92.990140274,18.432337002],[-92.988706649,18.432265618],[-92.986928002,18.432592794],[-92.982629826,18.432755638],[-92.980681916,18.43305084],[-92.978980602,18.432979457],[-92.976749857,18.433312581],[-92.972871336,18.433514835],[-92.972448981,18.433663552],[-92.971556684,18.433526733],[-92.970051674,18.433615962],[-92.966173153,18.434246519],[-92.96408630802176,18.434374448258442],[-92.96290121862815,18.434421293066826],[-92.961794945,18.434317903],[-92.95975961086671,18.4345454761153],[-92.953523,18.434792],[-92.95200014352083,18.435007219020612],[-92.950875741,18.435007408],[-92.926846611,18.437595611],[-92.922016305,18.438565241],[-92.919737971,18.438749649],[-92.916127139,18.439374258],[-92.914699463,18.439778766],[-92.913739827,18.439813197],[-92.908370097,18.440730551],[-92.90448975106946,18.441721666686604],[-92.89848,18.442571],[-92.89075984180258,18.445414332283473],[-92.886974726,18.446390152],[-92.882043293,18.447895162],[-92.879895829,18.44834131],[-92.878289693,18.448995662],[-92.875529518,18.449745192],[-92.874898961,18.450173495],[-92.870264961,18.451452456],[-92.865595452,18.453248886],[-92.862589806,18.454177982],[-92.860104662,18.455217953],[-92.859398251,18.455340515],[-92.855869222,18.456919267],[-92.85313879,18.457894846],[-92.847899734,18.460096763],[-92.844006936,18.461924189],[-92.838262917,18.46421799],[-92.836330795,18.465283988],[-92.83378112067132,18.466399580657967],[-92.825591,18.469416],[-92.794303,18.487415],[-92.769488,18.506538],[-92.730487,18.548017],[-92.7284043317878,18.551534392117585],[-92.72559897,18.55527406],[-92.72263395,18.55884229],[-92.72184331,18.56001272],[-92.72015115,18.56393617],[-92.71904294,18.56591371],[-92.71452437,18.57187598],[-92.71327651,18.57375231],[-92.71319206,18.57416097],[-92.712288645,18.575120579],[-92.713302698,18.575151576],[-92.713361164,18.575272854],[-92.712083855,18.575410241],[-92.71089442,18.5770926],[-92.70993905,18.57945902],[-92.70857992,18.58139038],[-92.70818635,18.58229734],[-92.70739609,18.58308522],[-92.70529642,18.58628302],[-92.70431731,18.58734714],[-92.70291745,18.58971222],[-92.70337903,18.59014942],[-92.70272611,18.59099977],[-92.701628948,18.593153619],[-92.70151882223604,18.596940990643958],[-92.700485,18.598687],[-92.70092844442101,18.60068118011947],[-92.700574224,18.600911836],[-92.70089882,18.60199565],[-92.70136034345501,18.6026234403587],[-92.701493,18.60322],[-92.68769607857357,18.619272748229832],[-92.68767205,18.61928917],[-92.68724455616642,18.619304042476653],[-92.68392540836601,18.617539287613084],[-92.6838902,18.61751289],[-92.68044329,18.61548532],[-92.68027472,18.61518694],[-92.67702309,18.61263074],[-92.675049127,18.611752338],[-92.67234801968422,18.611383715697563],[-92.669817,18.610038],[-92.628091,18.613739],[-92.570964,18.62308],[-92.54053229344507,18.631518539276836],[-92.537380949,18.631993288],[-92.534300313,18.63281098],[-92.531125942,18.633398688],[-92.528288474,18.634248431],[-92.513034275,18.63807789],[-92.504559304,18.640473642],[-92.502481738,18.640911615],[-92.492751605,18.644138139],[-92.486378012,18.645926659],[-92.4806336,18.64790606],[-92.4763904,18.64885718],[-92.47209269,18.65015406],[-92.46879002,18.65096495],[-92.46381596874946,18.65184958087138],[-92.462962,18.646964],[-92.450975,18.63389],[-92.434108,18.625649],[-92.396476,18.616833],[-92.353139,18.594069],[-92.349693,18.585297],[-92.35126,18.579031],[-92.358696,18.574498],[-92.378774,18.572742],[-92.38951,18.566496],[-92.394212,18.561584],[-92.394984,18.552672],[-92.357792,18.498919],[-92.314144,18.459271],[-92.303126,18.437026],[-92.291197,18.426219],[-92.27225,18.398641],[-92.264741,18.395553],[-92.263759,18.38615],[-92.269162,18.369659],[-92.262496,18.362922],[-92.261443,18.350361],[-92.251478,18.340186],[-92.247446,18.328116],[-92.24002,18.326435],[-92.23124,18.328816],[-92.224394,18.335215],[-92.202963,18.336852],[-92.212042,18.314975],[-92.212042,18.307981],[-92.199473,18.27185],[-92.193916,18.268026],[-92.190729,18.260721],[-92.196464,18.238154],[-92.190453,18.223092],[-92.194531,18.208349],[-92.194531,18.19424],[-92.19179,18.190329],[-92.182696,18.188724],[-92.163974,18.176521],[-92.161434,18.167795],[-92.151605,18.159237],[-92.146725,18.157412],[-92.143108,18.159956],[-92.137968,18.180562],[-92.125476,18.200476],[-92.122035,18.239816],[-92.11429,18.257594],[-92.097308,18.256809],[-92.088599,18.263212],[-92.10269,18.292957],[-92.113005,18.299428],[-92.118466,18.317278],[-92.117681,18.328771],[-92.103828,18.338051],[-92.092142,18.371519],[-92.066414,18.386321],[-92.056288,18.39841],[-92.056737,18.407347],[-92.070096,18.407361],[-92.07722,18.413664],[-92.079326,18.421802],[-92.076971,18.428048],[-92.037517,18.46269],[-92.02908,18.464544],[-92.024574,18.444287],[-92.008417,18.423824],[-91.996948,18.388013],[-91.995901,18.366383],[-91.971012,18.36003],[-91.950025,18.347586],[-91.935368,18.343969],[-91.931513,18.335498],[-91.930942,18.322863],[-91.922661,18.312822],[-91.89456,18.318747],[-91.881687,18.318889],[-91.876357,18.31582],[-91.873644,18.28177],[-91.866839,18.270515],[-91.850944,18.258046],[-91.831837,18.222878],[-91.825365,18.201487],[-91.830552,18.162678],[-91.841212,18.145046],[-91.841807,18.124273],[-91.837453,18.102977],[-91.825365,18.082014],[-91.816989,18.074162],[-91.804759,18.069974],[-91.773826,18.06876],[-91.762976,18.057767],[-91.715886,18.036019],[-91.706939,18.022361],[-91.688879,18.011344],[-91.6572,18.004762],[-91.63591,17.927715],[-91.625442,17.913297],[-91.603047,17.895581],[-91.59024,17.890365],[-91.570392,17.898041],[-91.53933,17.883233],[-91.496371,17.87888],[-91.492419,17.86025],[-91.476394,17.85053],[-91.459593,17.850485],[-91.450023,17.865744],[-91.42069,17.863378],[-91.405716,17.871691],[-91.39705,17.870195],[-91.377018,17.859332],[-91.371848,17.864614],[-91.363212,17.863803],[-91.329256,17.885462],[-91.318459,17.91],[-91.308017,17.912291],[-91.300053,17.923349],[-91.299918,17.935416],[-91.29248,17.939725],[-91.293651,17.944518],[-91.291221,17.946308],[-91.284947,17.94549],[-91.277003,17.937713],[-91.27548,17.932712],[-91.281258,17.929232],[-91.281873,17.925361],[-91.260478,17.903195],[-91.246535,17.905163],[-91.245606,17.909154],[-91.241388,17.90961],[-91.229203,17.92043],[-91.209528,17.924458],[-91.198699,17.915415],[-91.190495,17.921759],[-91.178808,17.911016],[-91.171159,17.915373],[-91.158142,17.912874],[-91.154967,17.915711],[-91.142955,17.9144],[-91.140022,17.906665],[-91.13541,17.90477],[-91.132464,17.908214],[-91.13613,17.914531],[-91.130261,17.922826],[-91.120358,17.924685],[-91.118307,17.93023],[-91.099375,17.942338],[-91.096224,17.967482],[-91.080372,17.973448],[-91.072509,17.983172],[-91.054211,17.984936],[-91.047023,17.988498],[-91.037962,17.999282],[-91.029325,17.971672],[-91.020964,17.959375],[-91.020368,17.935359],[-91.035704,17.922771],[-91.03621,17.899678],[-91.051593,17.884285],[-91.051816,17.860484],[-91.03818,17.855493],[-91.033799,17.845898],[-91.028509,17.842058],[-91.00469,17.83971],[-91.004078,17.815534],[-90.993445,17.807201],[-90.998901,17.783977],[-90.995103,17.781192],[-90.98780240984212,17.783828761987674],[-90.98778082,17.75079731],[-90.98839258,17.50079226],[-90.98785646,17.42596537],[-90.9874598765435,17.251322817915895],[-91.05101205220235,17.25126374069877],[-91.05324958,17.25127215],[-91.20870345,17.25119943],[-91.27852437,17.25173342],[-91.28232646,17.25148489],[-91.29576768,17.25131405],[-91.33712943577343,17.25099776996502],[-91.34544981362457,17.250990035457683],[-91.34657917,17.25109817],[-91.34861696769401,17.250987091315384],[-91.35103719686536,17.250984841504064],[-91.35374322,17.25105449],[-91.3547918376853,17.250981351242263],[-91.35656658948643,17.250979701457716],[-91.35680206,17.25101125],[-91.36060242594023,17.250975949800374],[-91.36926618145436,17.250967896093943],[-91.37016982,17.2510514],[-91.38739067634951,17.250951047815988],[-91.41550089709966,17.250924916946396],[-91.43969686,17.25096688],[-91.43917195116435,17.249919254539723],[-91.439335,17.248212],[-91.42701,17.216732],[-91.41932040862017,17.2102990767432],[-91.41881746,17.20929528],[-91.41763007083125,17.209171048284496],[-91.404683,17.205225],[-91.3787884154825,17.20510720333466],[-91.37640322,17.20485765],[-91.3544554,17.19051732],[-91.35018311134569,17.165908517688358],[-91.350656,17.164235],[-91.34942991657171,17.16157004180463],[-91.34916165,17.1600248],[-91.3487365354102,17.16006294060232],[-91.34872,17.160027],[-91.338647,17.159582],[-91.33814333142078,17.161013345952636],[-91.33557057,17.16124417],[-91.32445028,17.18274731],[-91.32053805023192,17.18247869243268],[-91.285616,17.178523],[-91.28356213645078,17.179939889602064],[-91.27908551,17.17963252],[-91.2669754599126,17.17053019339312],[-91.26644845243233,17.169958320197207],[-91.26660157298004,17.15074613999975],[-91.270964,17.145466],[-91.272889,17.138002],[-91.267078,17.108229],[-91.26694110888228,17.108144248649598],[-91.26694323,17.10787811],[-91.26604729788751,17.10759087681602],[-91.255778,17.101233],[-91.24617383959088,17.101219504896534],[-91.22695802,17.09505897],[-91.210307,17.05307814],[-91.17525329,17.015704],[-91.17386936576527,17.015379202020043],[-91.154673,17.005316],[-91.13740083357922,17.00682027567945],[-91.12275903,17.00338394],[-91.12004969,16.97752834],[-91.09287534002036,16.95190467428367],[-91.092585,16.951385],[-91.09192956177333,16.9510128661756],[-91.06448006,16.92512975],[-91.07404431,16.91363566],[-91.07333675694939,16.912729684191163],[-91.073814,16.912176],[-91.06889741187544,16.907045390638068],[-91.06562732,16.90285825],[-91.00711226,16.88618351],[-90.98783149,16.86308495],[-90.98050285,16.87268046],[-90.98506309,16.89795408],[-90.96500934,16.90150002],[-90.95450922,16.88447417],[-90.96369685571928,16.874674442334943],[-90.971658,16.870332],[-90.973681,16.864561],[-90.97335427915598,16.864373629098807],[-90.97405478,16.86362646],[-90.97159511926849,16.86336476976372],[-90.968551,16.861619],[-90.96502730737754,16.862666001749268],[-90.9336388,16.85932649],[-90.93126461263218,16.851849995683942],[-90.932813,16.842533],[-90.92587730519534,16.83488495999367],[-90.92176512,16.82193538],[-90.8781930280233,16.82376603261363],[-90.87680307025249,16.822929464679763],[-90.85728336484765,16.804541154897244],[-90.85483,16.79872],[-90.8501814840018,16.797850911252493],[-90.84878448,16.79653488],[-90.84431021671746,16.79675321634677],[-90.841624,16.796251],[-90.82305071798511,16.797790643291552],[-90.80409192,16.7987158],[-90.80318350123464,16.782792377958177],[-90.803351,16.782114],[-90.80310110862096,16.781348140552744],[-90.80280938,16.77623451],[-90.76367640893274,16.763170047312816],[-90.76242021267035,16.76274622782616],[-90.76019008867357,16.76107066269401],[-90.755569,16.750296],[-90.7175480842815,16.72903232947695],[-90.71241478,16.72517551],[-90.70951229,16.70475475],[-90.68169163,16.68857034],[-90.67594823,16.66056149],[-90.67440406005545,16.65878583436069],[-90.674403,16.658781],[-90.67438652779306,16.658765673846172],[-90.65759562,16.63945765],[-90.65716948631338,16.634937147412955],[-90.661412,16.628788],[-90.65497284617311,16.61163479477364],[-90.65385929326986,16.599822025828008],[-90.653799,16.598123],[-90.65477826333971,16.593165574824727],[-90.65695598862123,16.591114949527018],[-90.66726,16.588268],[-90.66584097567674,16.582748522696043],[-90.666841438,16.581806451],[-90.66555822863025,16.581648741754776],[-90.665457,16.581255],[-90.66616655689248,16.580430709143478],[-90.655525,16.578062],[-90.64958705750558,16.579685849803738],[-90.644634918,16.579077221],[-90.640492527,16.595814261],[-90.62588852484805,16.57805433080947],[-90.62609008451268,16.57731274002228],[-90.63369865240342,16.571224085743058],[-90.638315,16.569087],[-90.6426132437993,16.564090303692403],[-90.647077577,16.560517781],[-90.64701602524676,16.558972082663335],[-90.647189,16.558771],[-90.64829,16.545207],[-90.64630770710562,16.541184674265807],[-90.6454355351727,16.519282540940438],[-90.645449,16.519221],[-90.64543267275228,16.51921065934063],[-90.645410087,16.518643482],[-90.64466545542615,16.51872475178496],[-90.637578,16.514236],[-90.62102871895829,16.52130448726394],[-90.616583698,16.521789621],[-90.60587204396752,16.504045809652496],[-90.60572237721304,16.50352522579212],[-90.618591628,16.488638201],[-90.633441918,16.489111541],[-90.63335005232628,16.488236572202602],[-90.633736,16.488239],[-90.6330559086611,16.485435019472778],[-90.632493653,16.480079851],[-90.63180345874012,16.48027123486192],[-90.631605,16.479453],[-90.620983,16.478348],[-90.6172446038252,16.48430825753905],[-90.59436846,16.49065158],[-90.59228268594269,16.484924378735354],[-90.593906,16.476195],[-90.588985,16.470664],[-90.58728103357419,16.47119064296953],[-90.58667005,16.46951298],[-90.54505422231998,16.48141012020394],[-90.54421447590263,16.480785991385595],[-90.54553870547808,16.47459878538997],[-90.548155,16.469422],[-90.54681287309099,16.468645484210043],[-90.54693912,16.46805562],[-90.52963057848277,16.458704305785414],[-90.528714,16.458174],[-90.52870503678353,16.45820426184817],[-90.52780171,16.45771622],[-90.51421577,16.46989634],[-90.50125513429046,16.46705671158581],[-90.49635,16.454104],[-90.4960961400534,16.45430449136006],[-90.49580414,16.45348855],[-90.47900288909742,16.459510334043365],[-90.47835755565012,16.458468595248483],[-90.4795340262171,16.45174288752589],[-90.479823,16.450916],[-90.47973179533584,16.450612270809664],[-90.48188532223757,16.438300876950485],[-90.487513,16.429447],[-90.485614,16.423508],[-90.4844288563384,16.423759869784796],[-90.48455869,16.42301763],[-90.46614376524535,16.42355965668669],[-90.460303,16.421758],[-90.438296075597,16.42437932829291],[-90.42072422,16.42489654],[-90.41158891926693,16.410240476837146],[-90.409408,16.405086],[-90.40861632191742,16.405471441226265],[-90.40771988,16.40403325],[-90.405229057557,16.40712058543969],[-90.403926,16.407755],[-90.40287417407048,16.410039426670096],[-90.39792329,16.41617597],[-90.39161479128845,16.41369916580632],[-90.38833242138513,16.410641321462357],[-90.396342469711,16.400162426742572],[-90.402318,16.397763],[-90.40151143403664,16.39340029113802],[-90.40181591,16.39300197],[-90.4013612833712,16.392588127386368],[-90.400939,16.390304],[-90.38783,16.379077],[-90.38573517361603,16.378363817387086],[-90.37096145810862,16.364915434359514],[-90.37158911273292,16.364216765722013],[-90.37972198,16.36002749],[-90.38520600176744,16.364964137202524],[-90.387343,16.369316],[-90.395155,16.374218],[-90.39533693072349,16.37408387162566],[-90.39581203,16.37451155],[-90.404796832033,16.367109562065586],[-90.411037,16.362509],[-90.412811,16.353526],[-90.410124,16.346592],[-90.40935000289875,16.347255917513515],[-90.4093142,16.34589914],[-90.40842243548195,16.348051564231046],[-90.408099,16.348329],[-90.40816894871615,16.34866339733935],[-90.40324367864098,16.36055136825505],[-90.401149,16.358179],[-90.401493,16.3513],[-90.3926,16.347523],[-90.39128151893715,16.34863623336812],[-90.38258036103132,16.33944090623433],[-90.38454551727636,16.337501243576085],[-90.3911864754448,16.335331965973317],[-90.399004,16.339347],[-90.404149,16.331552],[-90.40962530878514,16.329308897137174],[-90.41001091,16.32918294],[-90.41001336449644,16.329149949037078],[-90.411898,16.328378],[-90.41051905570873,16.32235293772261],[-90.41164129626007,16.3072688675637],[-90.43963,16.301962],[-90.440151,16.299304],[-90.43236061103332,16.293052721610294],[-90.43229430214987,16.292956159541518],[-90.441531,16.286702],[-90.440514,16.27931],[-90.43953441153717,16.27871059708508],[-90.42303141567695,16.25986580438159],[-90.422809,16.259432],[-90.42305729211566,16.259242776719457],[-90.44148667782832,16.26111877556894],[-90.441915,16.261407],[-90.44375484999726,16.261349661635663],[-90.44547478,16.26152474],[-90.44562614874481,16.26129134318061],[-90.446311,16.26127],[-90.45544,16.248779],[-90.455365,16.243702],[-90.450727,16.241551],[-90.45043885091931,16.241759228944254],[-90.44936792,16.24052629],[-90.4408121200884,16.246993741670952],[-90.439156,16.241249],[-90.42928887590462,16.234101725655265],[-90.43669433751467,16.230988836200833],[-90.439403,16.231533],[-90.451328,16.225345],[-90.457533,16.210325],[-90.454015,16.18725],[-90.45227090163539,16.186565483883044],[-90.45197822,16.18504037],[-90.43187682714174,16.177797485807865],[-90.4308936526262,16.176466014788915],[-90.42577778264356,16.165830476655678],[-90.42633490672408,16.16230675556045],[-90.42896230620512,16.16104655257599],[-90.448089,16.154445],[-90.451091,16.149973],[-90.448918,16.144492],[-90.43618744120555,16.143473206991143],[-90.42999225635654,16.14006228945208],[-90.429412,16.139623],[-90.43084100417903,16.121197637310583],[-90.44990943469732,16.123285856641186],[-90.452601,16.124709],[-90.457863,16.112144],[-90.455732,16.093854],[-90.45559986458271,16.093868244631217],[-90.45563958,16.09344068],[-90.45461681043496,16.09397422109147],[-90.448107,16.094676],[-90.44166314797478,16.100731668168276],[-90.4317916,16.10588129],[-90.42606013088489,16.10115406291472],[-90.42719971050875,16.09711399836408],[-90.42776967373018,16.096666644278343],[-90.436033,16.096347],[-90.446076,16.084011],[-90.44140000059681,16.074194814391547],[-91.73138415,16.07402037],[-91.73145504241282,16.073899996707425],[-91.73155,16.0739],[-91.736884,16.064895],[-92.17431669973851,15.321933548830803],[-92.21007594,15.26121538],[-92.21007005857,15.261207939205615],[-92.210564,15.260369],[-92.225877,15.268765]],[[-92.49754181302296,16.63035047672148],[-92.4982371401728,16.630670574202608],[-92.498056,16.630451],[-92.49754181302296,16.63035047672148]],[[-92.48037688676102,16.632899440513082],[-92.48052,16.632949],[-92.49214079490478,16.629294580573124],[-92.489657,16.628809],[-92.48037688676102,16.632899440513082]],[[-92.467789,16.623075],[-92.4761667948024,16.614908252647602],[-92.475951,16.614687],[-92.467789,16.623075]],[[-92.467409,16.635686],[-92.470002,16.631093],[-92.4671870781983,16.635552956802172],[-92.467409,16.635686]],[[-92.446995,16.63213],[-92.451656,16.626242],[-92.44578869668341,16.632017300661932],[-92.446995,16.63213]],[[-92.42910298020152,16.62732009739249],[-92.43135618638863,16.626661663035872],[-92.431327,16.626496],[-92.42910298020152,16.62732009739249]],[[-92.425736,16.628304],[-92.42585588387581,16.62826896740374],[-92.414632,16.6122],[-92.425736,16.628304]],[[-92.14004717907225,16.23916889389938],[-92.14117357388032,16.240722372006807],[-92.141102,16.240342],[-92.14004717907225,16.23916889389938]],[[-92.121853,16.225185],[-92.13262366374764,16.23091292278021],[-92.130062,16.228064],[-92.121853,16.225185]],[[-92.119497,16.218927],[-92.11785929980147,16.218620218001504],[-92.121853,16.225185],[-92.119497,16.218927]],[[-92.094251,16.223424],[-92.11546202877383,16.218171149486118],[-92.112002,16.217523],[-92.094251,16.223424]],[[-91.966521,16.102357],[-91.97440014220687,16.100411316384953],[-91.974183,16.100192],[-91.966521,16.102357]],[[-91.88775362572991,16.0932249415145],[-91.927982,16.101529],[-91.887736,16.093128],[-91.88775362572991,16.0932249415145]],[[-91.902156,16.112069],[-91.88983,16.104645],[-91.9018870921666,16.112418625786788],[-91.902156,16.112069]],[[-91.898229,16.132485],[-91.896849,16.118969],[-91.8969364128623,16.133156567619025],[-91.898229,16.132485]],[[-91.868581,16.129391],[-91.87054017827127,16.13003764041233],[-91.86829134044741,16.12912675770079],[-91.868581,16.129391]],[[-91.849712,16.119707],[-91.859635,16.12123],[-91.84443728635445,16.11627811012831],[-91.849712,16.119707]],[[-91.815662,16.108809],[-91.83321778887303,16.11262244735959],[-91.80974009074637,16.10497267988302],[-91.815662,16.108809]],[[-93.64100934631857,17.238907085301594],[-93.64521189919873,17.246339593962666],[-93.644118,17.242535],[-93.64100934631857,17.238907085301594]],[[-93.63272771050376,17.22939444427507],[-93.63316137643507,17.2297482119723],[-93.632875,17.229414],[-93.63272771050376,17.22939444427507]],[[-93.586261,17.206578],[-93.60105996452023,17.20935918629726],[-93.599621,17.208571],[-93.586261,17.206578]],[[-93.57372536795549,17.183870522292956],[-93.580066,17.196177],[-93.573805,17.18382],[-93.57372536795549,17.183870522292956]],[[-93.51546686374846,17.18155661006524],[-93.528499,17.189343],[-93.51566,17.18147],[-93.51546686374846,17.18155661006524]],[[-93.424596,17.225221],[-93.42493852635506,17.22514471266906],[-93.41934214337567,17.22196986661927],[-93.424596,17.225221]],[[-93.416217,17.220036],[-93.41635450172345,17.220121087293958],[-93.408245,17.205958],[-93.416217,17.220036]],[[-92.770338,16.857848],[-92.775694,16.86049],[-92.77030224979856,16.85737163338214],[-92.770338,16.857848]],[[-92.76906632178034,16.840903059042212],[-92.7698803668838,16.851750100378457],[-92.769351,16.840847],[-92.76906632178034,16.840903059042212]],[[-92.737308,16.849142],[-92.76406017832453,16.84188887245514],[-92.730056,16.848585],[-92.737308,16.849142]],[[-92.485441,16.732747],[-92.49058116988707,16.753455690127993],[-92.491185,16.752261],[-92.485441,16.732747]],[[-92.537281,16.693945],[-92.5388528594256,16.697412643916717],[-92.53803193633888,16.690924197600967],[-92.537281,16.693945]],[[-92.53312442208139,16.6677692542233],[-92.534882,16.680526],[-92.53715411864326,16.68398606528968],[-92.535481,16.670762],[-92.53312442208139,16.6677692542233]],[[-92.515617,16.65377],[-92.52439008525987,16.65522441880165],[-92.524373,16.655197],[-92.515617,16.65377]],[[-93.37111765283542,15.96629533742505],[-93.370888,15.966418],[-93.367021,15.97882],[-93.37111765283542,15.96629533742505]],[[-92.780978,16.40278],[-92.78103500309192,16.402724637494348],[-92.77736369738636,16.39951467078063],[-92.777237,16.399856],[-92.780978,16.40278]],[[-92.778649,16.396052],[-92.77769538164632,16.39862109647122],[-92.791451,16.38432],[-92.7913995473508,16.38341202915346],[-92.778649,16.396052]],[[-92.79062626990533,16.36976621328435],[-92.790565,16.368685],[-92.78792240004505,16.366060069207617],[-92.79062626990533,16.36976621328435]],[[-92.78719103949423,16.365333598738044],[-92.786826,16.364971],[-92.776039,16.374101],[-92.78719103949423,16.365333598738044]],[[-92.647384,16.276966],[-92.624825,16.261565],[-92.6232530548407,16.261228262468276],[-92.647384,16.276966]],[[-92.62056276432185,16.26065195623801],[-92.617538,16.260004],[-92.611998,16.262681],[-92.62056276432185,16.26065195623801]],[[-92.57807059288193,16.253817563269774],[-92.577599,16.253829],[-92.571794,16.274578],[-92.57807059288193,16.253817563269774]],[[-92.56116302024101,16.289464432800695],[-92.536263,16.309397],[-92.561086,16.289711],[-92.56116302024101,16.289464432800695]],[[-92.519671,16.33916],[-92.52043492027809,16.348089236423487],[-92.520746,16.34777],[-92.519671,16.33916]],[[-92.5135059113292,16.359400643745968],[-92.512111,16.361497],[-92.51274765270435,16.362041394669625],[-92.5135059113292,16.359400643745968]],[[-92.533437,16.635923],[-92.53757053491886,16.656475558597215],[-92.537878,16.656277],[-92.533437,16.635923]],[[-90.755534,16.143377],[-90.75555921642461,16.1431454016577],[-90.733548,16.147934],[-90.755534,16.143377]],[[-90.62668412581391,16.211224550660063],[-90.627139,16.210569],[-90.62766831871602,16.201981500304584],[-90.627607,16.202065],[-90.62668412581391,16.211224550660063]],[[-90.61999535095362,16.220864206874378],[-90.62581465560689,16.212477604329727],[-90.619345,16.220235],[-90.61999535095362,16.220864206874378]],[[-90.638156,16.246402],[-90.626973,16.227615],[-90.63845579464002,16.24747296851191],[-90.638156,16.246402]],[[-90.640036,16.253118],[-90.63986375362555,16.252502677313426],[-90.63991222406614,16.253166756483502],[-90.640036,16.253118]],[[-90.63530979863515,16.257456995252458],[-90.63505486815104,16.255436721613876],[-90.634841,16.255525],[-90.63530979863515,16.257456995252458]],[[-90.663539,16.303846],[-90.6364479491554,16.262147498246254],[-90.636665,16.263042],[-90.663539,16.303846]],[[-90.66745715404357,16.57893142495304],[-90.676929,16.567928],[-90.670449,16.572639],[-90.66745715404357,16.57893142495304]],[[-91.735497,17.200894],[-91.698848,17.184106],[-91.728859,17.198487],[-91.735497,17.200894]],[[-92.4610416824821,16.77703277259529],[-92.459924,16.77629],[-92.45358767037209,16.77801156106147],[-92.4610416824821,16.77703277259529]],[[-92.449114,16.778599],[-92.45020923276059,16.778455184672357],[-92.447002,16.775952],[-92.44498894399194,16.776529027932384],[-92.449114,16.778599]],[[-92.236809,16.837995],[-92.224015,16.849004],[-92.218987,16.855389],[-92.236809,16.837995]],[[-91.813211,17.156818],[-91.811289,17.150222],[-91.81124405355163,17.15022440589261],[-91.813211,17.156818]],[[-91.81100890467219,17.150236992937256],[-91.805946,17.150508],[-91.8037451106889,17.15196239786875],[-91.81100890467219,17.150236992937256]],[[-91.803524,17.157728],[-91.80271486666696,17.15264320662284],[-91.801668,17.153335],[-91.8034055758624,17.157730565424423],[-91.803524,17.157728]],[[-91.78759,17.172995],[-91.766681,17.174156],[-91.76665233297128,17.174433918091392],[-91.78759,17.172995]],[[-91.727536,17.209398],[-91.762732,17.236155],[-91.72760830366863,17.208801699676172],[-91.727536,17.209398]],[[-91.776199,17.24321],[-91.77640485029599,17.24322805635411],[-91.773801,17.237434],[-91.776199,17.24321]],[[-91.80107418843548,17.25405424801842],[-91.802986,17.250997],[-91.80121764300122,17.250591186964876],[-91.80107418843548,17.25405424801842]],[[-92.096782,17.451215],[-92.0970717392537,17.45124889029823],[-92.090669,17.439134],[-92.096782,17.451215]],[[-92.1154714683665,17.453401074715828],[-92.115377,17.453037],[-92.10271495057953,17.451908966944263],[-92.1154714683665,17.453401074715828]],[[-92.12749041902305,17.468591377019635],[-92.127549,17.46837],[-92.121736,17.465752],[-92.12749041902305,17.468591377019635]],[[-92.11802249252574,17.495471791595694],[-92.119955,17.494697],[-92.11969170949311,17.493854154639816],[-92.11802249252574,17.495471791595694]],[[-92.10078,17.49226],[-92.115201,17.496603],[-92.11596740549334,17.496295728466492],[-92.10078,17.49226]]],[[[-90.410141,16.358091],[-90.40964514590556,16.358440581571767],[-90.40956300627238,16.355327838996544],[-90.410141,16.358091]]]]}}]}
