{"type":"FeatureCollection","features":[{"type":"Feature","id":"basin-RH12A","properties":{"id":"basin-RH12A","sourceId":"RH12A","name":"R. LERMA - TOLUCA","nameJa":"R. LERMA - TOLUCA","sourceName":"R. LERMA - TOLUCA","basinType":"EXORREICA","sourceArea":"8566.98 km²","sourcePerimeter":"613.19 km","unit":"domestic basin boundary","observedPeriod":null},"geometry":{"type":"Polygon","coordinates":[[[-100.31753,20.303388],[-100.305662,20.290541],[-100.303806,20.284967],[-100.279361,20.273346],[-100.254013,20.27299],[-100.259511,20.264416],[-100.257791,20.258691],[-100.265271,20.253911],[-100.263075,20.245602],[-100.252044,20.245631],[-100.247942,20.239559],[-100.221426,20.230426],[-100.209873,20.229781],[-100.202351,20.232736],[-100.190869,20.205606],[-100.182334,20.193402],[-100.185569,20.183663],[-100.183825,20.178352],[-100.166899,20.171295],[-100.158005,20.175788],[-100.132645,20.163039],[-100.115191,20.14361],[-100.109824,20.127101],[-100.074854,20.128446],[-100.060815,20.120476],[-100.038286,20.117104],[-100.030343,20.106458],[-100.034817,20.097172],[-100.026526,20.095974],[-100.023762,20.091286],[-100.0257,20.078731],[-100.002248,20.065094],[-99.961461,20.060041],[-99.930723,20.061592],[-99.937153,20.056979],[-99.939433,20.047009],[-99.9465,20.040102],[-99.948606,20.028223],[-99.957559,20.025614],[-99.960681,20.018807],[-99.97607,20.009833],[-99.987501,19.995722],[-99.966838,19.986861],[-99.953591,19.988409],[-99.947943,19.981013],[-99.939209,19.981919],[-99.927246,19.977764],[-99.915942,19.979155],[-99.91433,19.987315],[-99.906261,19.990566],[-99.873596,19.984179],[-99.847233,19.972272],[-99.820895,19.977416],[-99.818765,19.970078],[-99.813578,19.967419],[-99.822533,19.962078],[-99.823821,19.949567],[-99.811856,19.946603],[-99.809652,19.939588],[-99.814058,19.925172],[-99.824417,19.921082],[-99.819523,19.914702],[-99.814243,19.913354],[-99.8094,19.902136],[-99.794034,19.896851],[-99.789629,19.887779],[-99.7845,19.887317],[-99.782796,19.880039],[-99.772271,19.87746],[-99.764628,19.849431],[-99.756423,19.847341],[-99.75219,19.849391],[-99.748058,19.844153],[-99.740971,19.848097],[-99.728165,19.848579],[-99.722213,19.840615],[-99.722311,19.830005],[-99.717857,19.832538],[-99.706298,19.829026],[-99.694054,19.829531],[-99.677658,19.840364],[-99.678266,19.837174],[-99.673324,19.832034],[-99.660025,19.83189],[-99.651354,19.819555],[-99.638093,19.815658],[-99.640561,19.807195],[-99.63385,19.804589],[-99.626125,19.791951],[-99.621812,19.791167],[-99.614677,19.779738],[-99.610951,19.764716],[-99.604355,19.760265],[-99.594501,19.74558],[-99.597322,19.737781],[-99.605716,19.734921],[-99.599995,19.708608],[-99.578549,19.701785],[-99.57309,19.689798],[-99.575796,19.672678],[-99.580899,19.666612],[-99.57545,19.665263],[-99.572945,19.653708],[-99.565937,19.646468],[-99.552819,19.638714],[-99.554044,19.632499],[-99.545478,19.606108],[-99.528403,19.597202],[-99.529302,19.589918],[-99.523951,19.585123],[-99.519641,19.585593],[-99.519064,19.577229],[-99.504184,19.561897],[-99.503527,19.557751],[-99.520337,19.557135],[-99.520399,19.550218],[-99.510711,19.546914],[-99.506139,19.538787],[-99.493723,19.542931],[-99.488596,19.535525],[-99.493157,19.525666],[-99.483259,19.522236],[-99.485819,19.516106],[-99.476537,19.510645],[-99.472271,19.515698],[-99.460587,19.520528],[-99.450691,19.516357],[-99.450792,19.502637],[-99.435717,19.498814],[-99.435978,19.494746],[-99.428893,19.486388],[-99.429196,19.472741],[-99.417399,19.465982],[-99.417717,19.456958],[-99.408295,19.451503],[-99.405733,19.444477],[-99.39499,19.443083],[-99.393214,19.438701],[-99.380585,19.430323],[-99.377144,19.419259],[-99.385607,19.408027],[-99.391847,19.407036],[-99.396847,19.394555],[-99.390855,19.380339],[-99.384442,19.374483],[-99.397963,19.371123],[-99.398707,19.362155],[-99.395525,19.356452],[-99.401021,19.350873],[-99.400464,19.345465],[-99.392591,19.340169],[-99.387889,19.330241],[-99.38144,19.328002],[-99.379342,19.314854],[-99.370646,19.308182],[-99.356658,19.307113],[-99.354364,19.301364],[-99.341304,19.29128],[-99.335733,19.270308],[-99.342597,19.241148],[-99.317671,19.232274],[-99.31593,19.221645],[-99.30448,19.21118],[-99.302834,19.190504],[-99.30965,19.171198],[-99.323224,19.165682],[-99.335911,19.15067],[-99.333448,19.14608],[-99.338689,19.124015],[-99.332581,19.116076],[-99.334808,19.106226],[-99.339772,19.101064],[-99.349782,19.106431],[-99.373339,19.105192],[-99.382698,19.098196],[-99.391575,19.098081],[-99.41225,19.087978],[-99.41949,19.06196],[-99.433833,19.062093],[-99.439285,19.057952],[-99.456737,19.059484],[-99.475202,19.078918],[-99.48469,19.082707],[-99.510867,19.064898],[-99.520581,19.063647],[-99.528459,19.066772],[-99.532033,19.078566],[-99.550411,19.082579],[-99.552267,19.078201],[-99.577367,19.061559],[-99.586911,19.063636],[-99.60961,19.081967],[-99.629439,19.081822],[-99.635175,19.072788],[-99.639512,19.072746],[-99.642183,19.081059],[-99.671181,19.079047],[-99.703174,19.089452],[-99.715671,19.0888],[-99.725929,19.100923],[-99.73269,19.10111],[-99.744618,19.110821],[-99.75897,19.116627],[-99.766952,19.116141],[-99.778028,19.129232],[-99.793935,19.138522],[-99.795789,19.149816],[-99.806286,19.166456],[-99.815511,19.170638],[-99.823939,19.170185],[-99.82187,19.176048],[-99.823961,19.181264],[-99.848403,19.189411],[-99.843816,19.196186],[-99.844438,19.202088],[-99.863146,19.213854],[-99.863081,19.222001],[-99.869462,19.230429],[-99.87429,19.231701],[-99.870551,19.241714],[-99.883148,19.252229],[-99.88719,19.262091],[-99.892906,19.263922],[-99.913242,19.282242],[-99.920131,19.294081],[-99.930478,19.302064],[-99.931508,19.307682],[-99.936864,19.304732],[-99.942492,19.314134],[-99.949916,19.314058],[-99.970209,19.327447],[-99.980963,19.327436],[-99.981786,19.335757],[-99.992471,19.341016],[-99.990355,19.349444],[-99.985732,19.348592],[-99.982757,19.35145],[-99.982223,19.357818],[-99.997311,19.374248],[-100.00416,19.376362],[-100.010579,19.383213],[-100.010341,19.385949],[-99.999158,19.390151],[-99.979202,19.390684],[-99.971542,19.394993],[-99.970753,19.399535],[-99.962351,19.40255],[-99.949585,19.401087],[-99.94114,19.405875],[-99.934369,19.402434],[-99.922026,19.410515],[-99.918941,19.435188],[-99.928141,19.442384],[-99.926133,19.453072],[-99.931461,19.459044],[-99.932904,19.468879],[-99.920406,19.496185],[-99.916719,19.496926],[-99.915518,19.509134],[-99.892199,19.522295],[-99.883957,19.531409],[-99.8898,19.535788],[-99.892047,19.548408],[-99.902875,19.561251],[-99.916725,19.566578],[-99.93403,19.567971],[-99.942433,19.56113],[-99.953855,19.560123],[-99.956671,19.565303],[-99.961098,19.564704],[-99.96512,19.554479],[-99.97936,19.553777],[-99.992126,19.557537],[-99.99667,19.566191],[-100.006344,19.570797],[-100.004366,19.574258],[-100.014906,19.591443],[-100.015926,19.602014],[-100.034347,19.606403],[-100.053735,19.605512],[-100.059651,19.61552],[-100.0582,19.624189],[-100.0685,19.636538],[-100.076629,19.633571],[-100.107722,19.63728],[-100.108588,19.647819],[-100.112575,19.650292],[-100.123918,19.650168],[-100.130749,19.64343],[-100.142556,19.653785],[-100.166664,19.64955],[-100.172907,19.646552],[-100.174422,19.641051],[-100.203197,19.642936],[-100.223689,19.635487],[-100.241677,19.623124],[-100.249139,19.62735],[-100.246618,19.632815],[-100.2528,19.639931],[-100.255197,19.653813],[-100.265819,19.656514],[-100.268472,19.654118],[-100.277217,19.655071],[-100.283101,19.662762],[-100.28163,19.666134],[-100.290059,19.673366],[-100.299995,19.677138],[-100.304273,19.674494],[-100.312241,19.68046],[-100.330697,19.686856],[-100.345248,19.684447],[-100.353821,19.690056],[-100.370089,19.690517],[-100.380741,19.69881],[-100.387223,19.698514],[-100.38826,19.702308],[-100.39585,19.699333],[-100.407546,19.686681],[-100.412163,19.687681],[-100.415825,19.677339],[-100.421263,19.675854],[-100.461549,19.691027],[-100.471386,19.711965],[-100.486627,19.716317],[-100.48834,19.719291],[-100.484033,19.722979],[-100.488624,19.746913],[-100.510521,19.769424],[-100.526298,19.768065],[-100.537375,19.775039],[-100.537779,19.778584],[-100.530974,19.781083],[-100.538266,19.798358],[-100.545465,19.799428],[-100.547012,19.803592],[-100.555846,19.805832],[-100.566534,19.815276],[-100.597289,19.804729],[-100.600944,19.799793],[-100.598823,19.786628],[-100.622463,19.787045],[-100.619931,19.795292],[-100.623846,19.806364],[-100.627772,19.809377],[-100.640237,19.808294],[-100.64682,19.810892],[-100.647927,19.818762],[-100.635844,19.821662],[-100.639747,19.838995],[-100.658016,19.837778],[-100.659564,19.830957],[-100.663579,19.83237],[-100.665975,19.838473],[-100.677703,19.84107],[-100.674991,19.877404],[-100.681409,19.892712],[-100.692599,19.903126],[-100.693463,19.915043],[-100.684833,19.925669],[-100.672615,19.927399],[-100.667595,19.934196],[-100.660723,19.936133],[-100.651025,19.94741],[-100.653569,19.951345],[-100.651657,19.958225],[-100.6403,19.961679],[-100.631269,19.976184],[-100.634838,19.979817],[-100.634733,20.015077],[-100.648143,20.017458],[-100.645132,20.029888],[-100.667716,20.04004],[-100.671393,20.044944],[-100.66709,20.052082],[-100.671045,20.055562],[-100.671463,20.063992],[-100.666316,20.066968],[-100.664635,20.072151],[-100.654465,20.074173],[-100.651387,20.080312],[-100.629866,20.090358],[-100.626049,20.102718],[-100.604235,20.122047],[-100.605816,20.130737],[-100.600377,20.142582],[-100.607462,20.155349],[-100.614473,20.151069],[-100.631731,20.167002],[-100.625135,20.182222],[-100.62516,20.190331],[-100.629911,20.202813],[-100.644459,20.205636],[-100.639924,20.208935],[-100.641754,20.213892],[-100.639417,20.217792],[-100.627596,20.232396],[-100.613716,20.238829],[-100.599706,20.238599],[-100.588886,20.242798],[-100.573602,20.236854],[-100.554195,20.242936],[-100.509617,20.242429],[-100.489366,20.256712],[-100.442793,20.25717],[-100.442844,20.268264],[-100.440101,20.269987],[-100.401764,20.282517],[-100.374826,20.283008],[-100.370428,20.289169],[-100.362624,20.289059],[-100.357473,20.296813],[-100.346181,20.300298],[-100.334235,20.298738],[-100.327259,20.305387],[-100.31753,20.303388]]]}},{"type":"Feature","id":"basin-RH12B","properties":{"id":"basin-RH12B","sourceId":"RH12B","name":"R. LERMA - SALAMANCA","nameJa":"R. LERMA - SALAMANCA","sourceName":"R. LERMA - SALAMANCA","basinType":"EXORREICA","sourceArea":"12892.29 km²","sourcePerimeter":"859.37 km","unit":"domestic basin boundary","observedPeriod":null},"geometry":{"type":"Polygon","coordinates":[[[-101.644977,21.337095],[-101.635181,21.334873],[-101.624274,21.337398],[-101.615791,21.335731],[-101.609277,21.324168],[-101.589433,21.317654],[-101.584131,21.310181],[-101.586302,21.293013],[-101.572769,21.288923],[-101.545452,21.27332],[-101.541117,21.257483],[-101.528738,21.260443],[-101.514347,21.248779],[-101.512171,21.239504],[-101.503666,21.23019],[-101.501732,21.220294],[-101.488835,21.207943],[-101.48204,21.189002],[-101.454819,21.183966],[-101.449854,21.186114],[-101.446473,21.182628],[-101.446156,21.174845],[-101.452134,21.169207],[-101.453139,21.160869],[-101.450524,21.157748],[-101.437877,21.161133],[-101.420461,21.155861],[-101.41268,21.173037],[-101.404151,21.175264],[-101.396276,21.185061],[-101.394026,21.193566],[-101.386804,21.190199],[-101.383784,21.196611],[-101.385013,21.204026],[-101.379038,21.203355],[-101.375323,21.207918],[-101.36465,21.202669],[-101.354906,21.205128],[-101.344224,21.193705],[-101.331728,21.195752],[-101.329853,21.18948],[-101.326809,21.189743],[-101.324539,21.185555],[-101.314199,21.190771],[-101.309857,21.179423],[-101.305434,21.176799],[-101.30744,21.171413],[-101.304224,21.157697],[-101.293048,21.157021],[-101.287689,21.15355],[-101.278884,21.157404],[-101.275589,21.150473],[-101.264282,21.140993],[-101.254006,21.142729],[-101.242657,21.132808],[-101.235143,21.137366],[-101.229472,21.134764],[-101.221252,21.118997],[-101.23184,21.112155],[-101.228407,21.106503],[-101.233062,21.097928],[-101.225764,21.094577],[-101.225685,21.085052],[-101.219324,21.082048],[-101.221065,21.079237],[-101.214923,21.070091],[-101.212522,21.067572],[-101.19807,21.071121],[-101.186739,21.077287],[-101.178163,21.03402],[-101.171813,21.030782],[-101.161522,21.032404],[-101.157093,21.029141],[-101.146607,21.013836],[-101.141999,20.987881],[-101.137218,20.983922],[-101.131514,20.98618],[-101.127788,20.982338],[-101.123644,20.985256],[-101.120688,20.980259],[-101.115331,20.978832],[-101.116575,20.973237],[-101.109961,20.964855],[-101.114277,20.962333],[-101.114807,20.949419],[-101.117648,20.946335],[-101.111971,20.938537],[-101.117156,20.934819],[-101.114082,20.930402],[-101.105442,20.927456],[-101.105728,20.914023],[-101.092493,20.912572],[-101.091456,20.909048],[-101.097916,20.904133],[-101.097114,20.898102],[-101.093712,20.899343],[-101.078991,20.888575],[-101.076416,20.882606],[-101.075853,20.878494],[-101.084473,20.876668],[-101.088155,20.872526],[-101.085693,20.870236],[-101.08736,20.86122],[-101.074143,20.842389],[-101.070909,20.832987],[-101.074384,20.828461],[-101.066899,20.820965],[-101.06878,20.817642],[-101.048857,20.803125],[-101.03456,20.801962],[-101.030578,20.796738],[-101.034281,20.787481],[-101.02978,20.78926],[-101.017075,20.784541],[-101.010432,20.785848],[-101.008146,20.773942],[-101.011484,20.770319],[-101.009441,20.763462],[-101.014051,20.753889],[-101.018273,20.753759],[-101.029017,20.766573],[-101.03537,20.758224],[-101.042013,20.757208],[-101.05649,20.740508],[-101.056419,20.731078],[-101.047136,20.72483],[-101.043516,20.717041],[-101.065238,20.691077],[-101.067337,20.684783],[-101.043033,20.658686],[-101.033962,20.632548],[-101.035802,20.608885],[-101.041423,20.600119],[-101.079018,20.579972],[-101.128198,20.576663],[-101.133342,20.574077],[-101.161181,20.538087],[-101.1545,20.511926],[-101.147798,20.508494],[-101.146459,20.50345],[-101.131418,20.502959],[-101.090015,20.509548],[-101.063139,20.504491],[-100.998326,20.503373],[-100.997353,20.496255],[-100.953132,20.481773],[-100.943772,20.471739],[-100.931385,20.466274],[-100.92752,20.455276],[-100.912352,20.446007],[-100.909326,20.434971],[-100.903287,20.429669],[-100.898788,20.418607],[-100.893214,20.413664],[-100.879984,20.409662],[-100.879662,20.401841],[-100.870331,20.394616],[-100.845723,20.392981],[-100.796825,20.381121],[-100.754555,20.376384],[-100.744395,20.37196],[-100.722652,20.380855],[-100.714641,20.379503],[-100.705185,20.383186],[-100.695862,20.395369],[-100.686008,20.397483],[-100.678084,20.405991],[-100.66569,20.411902],[-100.655569,20.403761],[-100.655259,20.399091],[-100.662612,20.388092],[-100.652055,20.358101],[-100.651654,20.348499],[-100.62518,20.357545],[-100.60339,20.351022],[-100.589187,20.354168],[-100.579241,20.350929],[-100.560227,20.353381],[-100.545861,20.341095],[-100.529656,20.33592],[-100.516282,20.338247],[-100.507517,20.324082],[-100.497223,20.315896],[-100.476871,20.323034],[-100.476022,20.317075],[-100.462941,20.305639],[-100.437651,20.311961],[-100.41952,20.30491],[-100.418577,20.278974],[-100.424127,20.273672],[-100.442616,20.268693],[-100.44257,20.257251],[-100.489366,20.256712],[-100.510515,20.242308],[-100.554195,20.242936],[-100.573602,20.236854],[-100.588886,20.242798],[-100.599706,20.238599],[-100.611726,20.23928],[-100.627596,20.232396],[-100.639417,20.217792],[-100.641754,20.213892],[-100.639924,20.208935],[-100.644459,20.205636],[-100.629911,20.202813],[-100.62516,20.190331],[-100.625135,20.182222],[-100.631731,20.167002],[-100.614473,20.151069],[-100.607462,20.155349],[-100.600377,20.142582],[-100.605816,20.130737],[-100.604235,20.122047],[-100.626049,20.102718],[-100.629866,20.090358],[-100.651387,20.080312],[-100.654465,20.074173],[-100.664635,20.072151],[-100.666316,20.066968],[-100.671176,20.064742],[-100.671045,20.055562],[-100.66709,20.052082],[-100.671393,20.044944],[-100.667716,20.04004],[-100.645132,20.029888],[-100.648143,20.017458],[-100.634733,20.015077],[-100.634838,19.979817],[-100.631305,19.975885],[-100.6403,19.961679],[-100.651657,19.958225],[-100.653569,19.951345],[-100.650911,19.947725],[-100.658871,19.938024],[-100.667595,19.934196],[-100.672615,19.927399],[-100.684833,19.925669],[-100.693653,19.911491],[-100.701041,19.910241],[-100.712087,19.914059],[-100.713986,19.918055],[-100.727391,19.908632],[-100.742961,19.910811],[-100.745984,19.915195],[-100.757176,19.910375],[-100.763058,19.919389],[-100.783891,19.921186],[-100.784789,19.934639],[-100.792741,19.946512],[-100.779397,19.950488],[-100.791243,19.969033],[-100.783413,19.988264],[-100.796527,19.989218],[-100.804968,19.998253],[-100.819238,20.002092],[-100.820626,20.006395],[-100.829959,20.011063],[-100.828454,20.014447],[-100.832282,20.021536],[-100.850772,20.020147],[-100.861883,20.013148],[-100.871037,20.018652],[-100.885112,20.016961],[-100.891675,20.012277],[-100.916265,20.019602],[-100.926378,20.040099],[-100.923264,20.069083],[-100.930535,20.071806],[-100.940216,20.081274],[-100.960069,20.089274],[-100.961543,20.125016],[-100.968421,20.138729],[-100.964775,20.144336],[-100.969314,20.168014],[-100.967325,20.173728],[-100.979909,20.207583],[-100.981806,20.222455],[-101.000104,20.247767],[-101.0331,20.264887],[-101.057465,20.273641],[-101.076515,20.291229],[-101.084239,20.292841],[-101.092752,20.29998],[-101.108362,20.303521],[-101.112924,20.307832],[-101.111613,20.313205],[-101.116034,20.315459],[-101.128316,20.307879],[-101.149542,20.307599],[-101.153386,20.304878],[-101.159295,20.311469],[-101.176536,20.319345],[-101.189566,20.337462],[-101.197644,20.342077],[-101.203001,20.33436],[-101.213136,20.331373],[-101.216982,20.321758],[-101.235582,20.311038],[-101.235896,20.304561],[-101.231109,20.302671],[-101.238646,20.298988],[-101.251305,20.306448],[-101.261694,20.306975],[-101.266583,20.310383],[-101.286068,20.300368],[-101.300091,20.299213],[-101.321002,20.288606],[-101.322217,20.272374],[-101.330412,20.267041],[-101.329549,20.259553],[-101.334294,20.245359],[-101.341003,20.239748],[-101.342767,20.232367],[-101.36168,20.205668],[-101.363734,20.195551],[-101.376525,20.193022],[-101.39114,20.182406],[-101.403563,20.182445],[-101.415782,20.16638],[-101.424986,20.161734],[-101.438778,20.164527],[-101.441349,20.158162],[-101.447335,20.158705],[-101.454627,20.154618],[-101.456509,20.146119],[-101.46292,20.142796],[-101.460009,20.1253],[-101.450377,20.121241],[-101.457782,20.090186],[-101.453417,20.066064],[-101.446755,20.063249],[-101.430449,20.06468],[-101.412989,20.044603],[-101.401034,20.037569],[-101.404595,20.034663],[-101.403489,20.027016],[-101.40707,20.024241],[-101.414331,20.019364],[-101.419835,20.019523],[-101.424906,20.012563],[-101.436256,20.009268],[-101.449031,20.01087],[-101.459344,20.020191],[-101.477549,20.015859],[-101.494477,20.018034],[-101.499645,20.010461],[-101.504368,20.015179],[-101.513344,20.012732],[-101.522824,20.006193],[-101.525844,19.996752],[-101.534736,19.997548],[-101.535178,19.990971],[-101.548973,19.988034],[-101.553083,19.991309],[-101.561644,19.988713],[-101.569251,19.994662],[-101.580151,19.99324],[-101.602534,19.983127],[-101.608638,19.975348],[-101.621476,19.982908],[-101.622559,20.003206],[-101.626274,20.006352],[-101.630731,20.000886],[-101.644953,19.996644],[-101.648474,19.991171],[-101.670462,19.99594],[-101.665814,20.011984],[-101.677436,20.026475],[-101.674979,20.033434],[-101.676967,20.045504],[-101.670025,20.051939],[-101.65913,20.073049],[-101.638746,20.089786],[-101.640564,20.093848],[-101.670391,20.098768],[-101.679147,20.110272],[-101.685806,20.130558],[-101.692021,20.139309],[-101.688074,20.168207],[-101.69044,20.179947],[-101.698,20.194011],[-101.695526,20.212086],[-101.702687,20.218097],[-101.703617,20.228073],[-101.715166,20.235579],[-101.722912,20.249007],[-101.716875,20.270505],[-101.698048,20.27857],[-101.699698,20.284298],[-101.693054,20.291429],[-101.696119,20.298302],[-101.692729,20.301056],[-101.69158,20.31159],[-101.70022,20.331656],[-101.716071,20.344],[-101.720292,20.354366],[-101.740598,20.362703],[-101.745434,20.378096],[-101.743843,20.388732],[-101.734251,20.399649],[-101.738407,20.416673],[-101.759122,20.426783],[-101.762175,20.424725],[-101.760974,20.420849],[-101.766683,20.421858],[-101.77131,20.430163],[-101.782028,20.430195],[-101.787945,20.43797],[-101.801663,20.439846],[-101.811916,20.445925],[-101.811401,20.460813],[-101.827044,20.46342],[-101.820657,20.470536],[-101.823409,20.480377],[-101.821624,20.489217],[-101.815106,20.493059],[-101.807832,20.507545],[-101.81682,20.510922],[-101.813811,20.514981],[-101.814559,20.521536],[-101.80725,20.528741],[-101.812765,20.530699],[-101.816,20.538101],[-101.804837,20.547193],[-101.802839,20.560939],[-101.811465,20.56563],[-101.81461,20.581636],[-101.832516,20.587911],[-101.836348,20.581265],[-101.840061,20.581704],[-101.848305,20.574397],[-101.850717,20.576828],[-101.854129,20.572058],[-101.858648,20.57443],[-101.860767,20.568819],[-101.872731,20.564414],[-101.881607,20.568439],[-101.87995,20.571104],[-101.883476,20.579955],[-101.892131,20.584613],[-101.89868,20.577532],[-101.898775,20.564045],[-101.903155,20.567037],[-101.92988,20.564645],[-101.950179,20.556675],[-101.972843,20.563102],[-101.9826,20.55679],[-101.994291,20.554601],[-102.001012,20.558645],[-102.006368,20.555539],[-102.010292,20.56508],[-102.003413,20.572371],[-102.002634,20.579388],[-102.007361,20.580749],[-102.023515,20.600454],[-102.034399,20.597876],[-102.042593,20.602113],[-102.073127,20.597837],[-102.08125,20.599163],[-102.086687,20.605362],[-102.09713,20.603539],[-102.104921,20.614712],[-102.116658,20.613054],[-102.121001,20.615773],[-102.121358,20.640498],[-102.091981,20.663832],[-102.091646,20.682465],[-102.087701,20.688424],[-102.087701,20.696062],[-102.095087,20.706051],[-102.119092,20.72653],[-102.134032,20.727873],[-102.137725,20.744996],[-102.155119,20.756587],[-102.162179,20.767094],[-102.16926,20.768865],[-102.178577,20.76197],[-102.185006,20.762156],[-102.190317,20.769144],[-102.19656,20.76169],[-102.213075,20.759759],[-102.221202,20.754552],[-102.225774,20.756267],[-102.22806,20.761854],[-102.233176,20.762566],[-102.24349,20.749282],[-102.258275,20.739758],[-102.269169,20.745897],[-102.270413,20.751504],[-102.285335,20.753727],[-102.291614,20.768533],[-102.281928,20.777065],[-102.27631,20.792111],[-102.279119,20.802015],[-102.287356,20.808966],[-102.294832,20.83363],[-102.2815,20.845296],[-102.274548,20.860199],[-102.269691,20.875197],[-102.269168,20.894338],[-102.263026,20.895481],[-102.258978,20.900385],[-102.260838,20.920471],[-102.249912,20.923747],[-102.210285,20.918972],[-102.205674,20.919685],[-102.20551,20.925832],[-102.200173,20.928201],[-102.168407,20.930553],[-102.152106,20.928522],[-102.12874,20.94096],[-102.126162,20.948959],[-102.115696,20.951549],[-102.104249,20.960251],[-102.103483,20.970718],[-102.096718,20.983482],[-102.080217,21.001866],[-102.063659,21.005565],[-102.036471,21.019095],[-102.031582,21.018608],[-102.019325,21.028265],[-102.014403,21.037765],[-102.016372,21.061453],[-102.011396,21.067633],[-102.016591,21.086566],[-102.013378,21.091487],[-102.004083,21.094358],[-102.009346,21.102013],[-102.009414,21.113905],[-101.991805,21.121457],[-101.983306,21.120407],[-101.991136,21.143802],[-101.984452,21.1502],[-101.985025,21.155166],[-101.981683,21.158317],[-101.986744,21.162614],[-101.991136,21.173786],[-101.984165,21.177893],[-101.978436,21.187728],[-101.967072,21.192789],[-101.970965,21.210848],[-101.975289,21.213821],[-101.974371,21.217821],[-101.959921,21.225708],[-101.947504,21.22406],[-101.912341,21.249444],[-101.887946,21.245488],[-101.872772,21.25164],[-101.85564,21.267575],[-101.847399,21.268893],[-101.830091,21.280741],[-101.823067,21.297199],[-101.811738,21.299572],[-101.795649,21.313085],[-101.788714,21.309122],[-101.784315,21.31467],[-101.750949,21.315858],[-101.74128,21.305912],[-101.734187,21.308686],[-101.731754,21.299413],[-101.721402,21.297918],[-101.712761,21.301722],[-101.706675,21.295201],[-101.692056,21.299902],[-101.685943,21.29512],[-101.678905,21.295419],[-101.656326,21.308733],[-101.650593,21.327644],[-101.646492,21.329975],[-101.644977,21.337095]]]}},{"type":"Feature","id":"basin-RH12C","properties":{"id":"basin-RH12C","sourceId":"RH12C","name":"R. LERMA - CHAPALA","nameJa":"R. LERMA - CHAPALA","sourceName":"R. LERMA - CHAPALA","basinType":"EXORREICA","sourceArea":"9507.00 km²","sourcePerimeter":"573.09 km","unit":"domestic basin boundary","observedPeriod":null},"geometry":{"type":"Polygon","coordinates":[[[-102.131598,20.72653],[-102.119092,20.72653],[-102.095087,20.706051],[-102.087701,20.696062],[-102.087701,20.688424],[-102.091646,20.682465],[-102.091981,20.663832],[-102.121358,20.640498],[-102.121001,20.615773],[-102.116658,20.613054],[-102.104921,20.614712],[-102.09713,20.603539],[-102.086687,20.605362],[-102.08125,20.599163],[-102.073127,20.597837],[-102.042593,20.602113],[-102.034399,20.597876],[-102.023515,20.600454],[-102.007361,20.580749],[-102.002634,20.579388],[-102.003413,20.572371],[-102.010292,20.56508],[-102.006368,20.555539],[-102.001012,20.558645],[-101.994291,20.554601],[-101.9826,20.55679],[-101.972843,20.563102],[-101.950179,20.556675],[-101.92988,20.564645],[-101.903155,20.567037],[-101.898775,20.564045],[-101.89868,20.577532],[-101.892131,20.584613],[-101.883476,20.579955],[-101.87995,20.571104],[-101.881607,20.568439],[-101.872731,20.564414],[-101.860767,20.568819],[-101.858648,20.57443],[-101.854129,20.572058],[-101.850717,20.576828],[-101.848305,20.574397],[-101.840061,20.581704],[-101.836348,20.581265],[-101.832516,20.587911],[-101.81461,20.581636],[-101.811465,20.56563],[-101.802839,20.560939],[-101.804837,20.547193],[-101.816,20.538101],[-101.812765,20.530699],[-101.80725,20.528741],[-101.814559,20.521536],[-101.813811,20.514981],[-101.81682,20.510922],[-101.807832,20.507545],[-101.815106,20.493059],[-101.821624,20.489217],[-101.823409,20.480377],[-101.820657,20.470536],[-101.827044,20.46342],[-101.811401,20.460813],[-101.811916,20.445925],[-101.801663,20.439846],[-101.787945,20.43797],[-101.782028,20.430195],[-101.77131,20.430163],[-101.766683,20.421858],[-101.760974,20.420849],[-101.762175,20.424725],[-101.759122,20.426783],[-101.738407,20.416673],[-101.734251,20.399649],[-101.743843,20.388732],[-101.745434,20.378096],[-101.740598,20.362703],[-101.720292,20.354366],[-101.716071,20.344],[-101.70022,20.331656],[-101.69158,20.31159],[-101.692729,20.301056],[-101.696119,20.298302],[-101.693054,20.291429],[-101.699698,20.284298],[-101.698048,20.27857],[-101.716875,20.270505],[-101.722912,20.249007],[-101.715166,20.235579],[-101.703617,20.228073],[-101.702687,20.218097],[-101.695526,20.212086],[-101.698,20.194011],[-101.69044,20.179947],[-101.688074,20.168207],[-101.692021,20.139309],[-101.685806,20.130558],[-101.679147,20.110272],[-101.670391,20.098768],[-101.640564,20.093848],[-101.638746,20.089786],[-101.65913,20.073049],[-101.670025,20.051939],[-101.676967,20.045504],[-101.674979,20.033434],[-101.677436,20.026475],[-101.665814,20.011984],[-101.670877,19.99632],[-101.648474,19.991171],[-101.644953,19.996644],[-101.630731,20.000886],[-101.626274,20.006352],[-101.622559,20.003206],[-101.621476,19.982908],[-101.608638,19.975348],[-101.602534,19.983127],[-101.580151,19.99324],[-101.569251,19.994662],[-101.561644,19.988713],[-101.553083,19.991309],[-101.548973,19.988034],[-101.535178,19.990971],[-101.534736,19.997548],[-101.525844,19.996752],[-101.522824,20.006193],[-101.513344,20.012732],[-101.504368,20.015179],[-101.499645,20.010461],[-101.494477,20.018034],[-101.477549,20.015859],[-101.459344,20.020191],[-101.444923,20.00967],[-101.424906,20.012563],[-101.437106,19.989801],[-101.431452,19.979236],[-101.425399,19.980321],[-101.422173,19.976436],[-101.424139,19.964145],[-101.417372,19.949366],[-101.416764,19.931694],[-101.424139,19.925467],[-101.421423,19.919926],[-101.422772,19.908207],[-101.417143,19.902357],[-101.422822,19.891029],[-101.426292,19.863964],[-101.429672,19.859018],[-101.425205,19.855246],[-101.425389,19.84671],[-101.420687,19.84303],[-101.419289,19.816587],[-101.435501,19.807102],[-101.456648,19.801348],[-101.457281,19.798043],[-101.450119,19.792998],[-101.445173,19.776778],[-101.447806,19.764704],[-101.455511,19.751635],[-101.461517,19.749507],[-101.489962,19.722531],[-101.515887,19.729674],[-101.518725,19.740471],[-101.532754,19.741206],[-101.543556,19.727501],[-101.553134,19.730639],[-101.555942,19.735398],[-101.563117,19.729343],[-101.567458,19.72983],[-101.568642,19.725508],[-101.575583,19.727144],[-101.58528,19.723953],[-101.590563,19.726903],[-101.603436,19.721103],[-101.612739,19.712133],[-101.634179,19.709473],[-101.63939,19.713042],[-101.643733,19.708896],[-101.659521,19.709366],[-101.67369,19.701157],[-101.690281,19.69935],[-101.711595,19.673932],[-101.69799,19.665943],[-101.695078,19.658462],[-101.687593,19.651876],[-101.692508,19.645441],[-101.699304,19.644356],[-101.705243,19.638246],[-101.714419,19.641755],[-101.718428,19.636589],[-101.724136,19.639415],[-101.734368,19.63656],[-101.74065,19.626543],[-101.751956,19.624591],[-101.77635,19.634902],[-101.784398,19.631859],[-101.801809,19.617555],[-101.803992,19.61843],[-101.803307,19.626596],[-101.794773,19.642832],[-101.80759,19.659147],[-101.844977,19.663743],[-101.850834,19.65914],[-101.862041,19.658185],[-101.863664,19.675994],[-101.869707,19.687422],[-101.875668,19.690217],[-101.865678,19.717185],[-101.873324,19.722858],[-101.877087,19.736223],[-101.910736,19.735524],[-101.926765,19.729973],[-101.937393,19.738925],[-101.955723,19.7376],[-101.964925,19.735099],[-101.989571,19.718133],[-101.999029,19.717107],[-102.00598,19.712491],[-102.020907,19.714026],[-102.034989,19.70161],[-102.050426,19.699277],[-102.060675,19.702319],[-102.07495,19.700776],[-102.087469,19.692438],[-102.091337,19.692944],[-102.119537,19.723168],[-102.128631,19.720406],[-102.171037,19.720997],[-102.178004,19.717779],[-102.180547,19.729485],[-102.206933,19.747511],[-102.221885,19.744427],[-102.238966,19.747354],[-102.247111,19.737448],[-102.246834,19.732594],[-102.253297,19.732691],[-102.253489,19.727807],[-102.257881,19.726478],[-102.257609,19.718547],[-102.26724,19.713403],[-102.273494,19.714604],[-102.276757,19.727724],[-102.285113,19.729195],[-102.288221,19.733099],[-102.311102,19.733589],[-102.316034,19.729975],[-102.327435,19.732231],[-102.331612,19.738063],[-102.329971,19.750641],[-102.346051,19.756741],[-102.375203,19.775802],[-102.381432,19.78906],[-102.390994,19.794951],[-102.398468,19.823785],[-102.409734,19.826659],[-102.426201,19.852935],[-102.42597,19.872586],[-102.432335,19.877987],[-102.448988,19.877179],[-102.452543,19.882438],[-102.468521,19.880462],[-102.472138,19.882631],[-102.467897,19.899439],[-102.459706,19.907244],[-102.462138,19.916999],[-102.457914,19.922965],[-102.461422,19.93738],[-102.474556,19.93761],[-102.486859,19.947444],[-102.47894,19.965545],[-102.483395,19.978521],[-102.480884,19.983364],[-102.486046,19.986334],[-102.49906,19.984671],[-102.502526,19.994182],[-102.502662,20.026154],[-102.498679,20.037694],[-102.505377,20.049257],[-102.503454,20.055638],[-102.494471,20.059371],[-102.503906,20.065933],[-102.518342,20.06806],[-102.522148,20.076866],[-102.517664,20.08374],[-102.525355,20.081285],[-102.539243,20.083354],[-102.544351,20.090192],[-102.556593,20.094582],[-102.556086,20.098424],[-102.550564,20.101992],[-102.557316,20.106077],[-102.560197,20.106433],[-102.56362,20.099455],[-102.591962,20.106152],[-102.601054,20.114159],[-102.608014,20.108271],[-102.65101,20.118164],[-102.668599,20.155113],[-102.685571,20.171329],[-102.679796,20.182625],[-102.683499,20.207327],[-102.702986,20.242144],[-102.70638,20.269116],[-102.719777,20.283941],[-102.765462,20.295043],[-102.758817,20.302167],[-102.740411,20.297793],[-102.736207,20.299077],[-102.735001,20.304878],[-102.7234,20.301063],[-102.711722,20.313753],[-102.696657,20.319592],[-102.698564,20.328857],[-102.696151,20.332672],[-102.671318,20.353744],[-102.663329,20.356333],[-102.663465,20.369944],[-102.652804,20.368318],[-102.630577,20.379521],[-102.6313,20.398676],[-102.618226,20.407826],[-102.612466,20.420025],[-102.602483,20.416381],[-102.588154,20.418056],[-102.582068,20.430539],[-102.572375,20.433366],[-102.563287,20.443564],[-102.52187,20.444853],[-102.549429,20.455799],[-102.550262,20.460572],[-102.553965,20.460942],[-102.555776,20.468267],[-102.559767,20.470859],[-102.562483,20.480529],[-102.569519,20.486125],[-102.568079,20.497317],[-102.551956,20.496355],[-102.550114,20.51372],[-102.53859,20.528349],[-102.527539,20.532927],[-102.489125,20.535874],[-102.470865,20.547241],[-102.44608,20.550661],[-102.441223,20.559427],[-102.427083,20.56529],[-102.42261,20.575393],[-102.406981,20.575972],[-102.389826,20.58897],[-102.375829,20.587602],[-102.346676,20.596285],[-102.338099,20.592075],[-102.319969,20.612117],[-102.306719,20.611305],[-102.303578,20.626911],[-102.296053,20.633909],[-102.293106,20.643434],[-102.284371,20.654748],[-102.266111,20.663957],[-102.237853,20.67164],[-102.228697,20.676481],[-102.225013,20.684006],[-102.197123,20.681164],[-102.191363,20.683805],[-102.189691,20.698628],[-102.181218,20.718506],[-102.146554,20.751012],[-102.137725,20.744996],[-102.135711,20.730391],[-102.131598,20.72653]]]}},{"type":"Feature","id":"basin-RH12D","properties":{"id":"basin-RH12D","sourceId":"RH12D","name":"L. CHAPALA","nameJa":"L. CHAPALA","sourceName":"L. CHAPALA","basinType":"EXORREICA","sourceArea":"6391.50 km²","sourcePerimeter":"623.55 km","unit":"domestic basin boundary","observedPeriod":null},"geometry":{"type":"Polygon","coordinates":[[[-103.580318,20.621755],[-103.568009,20.616903],[-103.559264,20.606383],[-103.542689,20.605568],[-103.541189,20.596858],[-103.533989,20.596209],[-103.523396,20.572338],[-103.516754,20.569186],[-103.514215,20.562873],[-103.518823,20.543775],[-103.516804,20.519791],[-103.508587,20.526452],[-103.489475,20.532476],[-103.4841,20.525114],[-103.475199,20.522622],[-103.476466,20.518623],[-103.451959,20.504995],[-103.453061,20.50179],[-103.464187,20.500073],[-103.463648,20.483179],[-103.466957,20.475945],[-103.462905,20.4729],[-103.465622,20.468644],[-103.453173,20.452929],[-103.452784,20.4443],[-103.448113,20.441855],[-103.452497,20.433729],[-103.450446,20.421245],[-103.456371,20.411129],[-103.44696,20.401249],[-103.451138,20.387765],[-103.450139,20.378357],[-103.447703,20.373358],[-103.428658,20.360516],[-103.419889,20.36536],[-103.411404,20.360258],[-103.410045,20.34298],[-103.404739,20.334726],[-103.407994,20.325856],[-103.390976,20.309874],[-103.371782,20.306054],[-103.338429,20.306408],[-103.319105,20.312413],[-103.299818,20.325312],[-103.257394,20.324832],[-103.245034,20.32996],[-103.246733,20.338755],[-103.225435,20.337794],[-103.220979,20.340428],[-103.223304,20.346468],[-103.218085,20.371834],[-103.201357,20.376825],[-103.198117,20.371894],[-103.185208,20.368993],[-103.176752,20.36323],[-103.164175,20.366395],[-103.143561,20.364271],[-103.134399,20.361731],[-103.134899,20.357233],[-103.131442,20.354818],[-103.122685,20.353027],[-103.120663,20.356049],[-103.114077,20.355984],[-103.111453,20.361981],[-103.094295,20.364479],[-103.087466,20.361148],[-103.075097,20.366603],[-103.070599,20.374558],[-103.072309,20.379105],[-103.069034,20.379633],[-103.060445,20.366986],[-103.048717,20.370329],[-103.035702,20.360646],[-103.007182,20.360758],[-103.004086,20.352385],[-102.981822,20.334788],[-102.943705,20.325204],[-102.941234,20.321256],[-102.92567,20.316432],[-102.911632,20.320096],[-102.891828,20.31316],[-102.872995,20.316135],[-102.863493,20.320663],[-102.858576,20.328192],[-102.850103,20.32993],[-102.842855,20.337731],[-102.839153,20.334835],[-102.827415,20.342975],[-102.817857,20.341626],[-102.814029,20.335573],[-102.798331,20.333415],[-102.780309,20.325378],[-102.773422,20.307178],[-102.762629,20.292578],[-102.719777,20.283941],[-102.70638,20.269116],[-102.702986,20.242144],[-102.683499,20.207327],[-102.679796,20.182625],[-102.685571,20.171329],[-102.668599,20.155113],[-102.651985,20.11907],[-102.608014,20.108271],[-102.601054,20.114159],[-102.591962,20.106152],[-102.56362,20.099455],[-102.560197,20.106433],[-102.557316,20.106077],[-102.550564,20.101992],[-102.556086,20.098424],[-102.556593,20.094582],[-102.544351,20.090192],[-102.539243,20.083354],[-102.525355,20.081285],[-102.517664,20.08374],[-102.522148,20.076866],[-102.518342,20.06806],[-102.503906,20.065933],[-102.494335,20.05919],[-102.503454,20.055638],[-102.505377,20.049257],[-102.498679,20.037694],[-102.502662,20.026154],[-102.502526,19.994182],[-102.49906,19.984671],[-102.486046,19.986334],[-102.480884,19.983364],[-102.483395,19.978521],[-102.47894,19.965545],[-102.486859,19.947444],[-102.474556,19.93761],[-102.461422,19.93738],[-102.457914,19.922965],[-102.462138,19.916999],[-102.459706,19.907244],[-102.467897,19.899439],[-102.472138,19.882631],[-102.480546,19.878441],[-102.48381,19.880149],[-102.501638,19.875769],[-102.514282,19.862054],[-102.522929,19.862054],[-102.522674,19.855817],[-102.534639,19.853605],[-102.538013,19.841527],[-102.551764,19.830356],[-102.558965,19.828598],[-102.558994,19.836338],[-102.565004,19.84164],[-102.583037,19.84819],[-102.584171,19.854257],[-102.590635,19.855902],[-102.597865,19.863273],[-102.611559,19.86591],[-102.612325,19.881986],[-102.622532,19.885644],[-102.628287,19.881079],[-102.642672,19.877392],[-102.656649,19.876073],[-102.661006,19.882128],[-102.682992,19.877479],[-102.700002,19.889158],[-102.707339,19.888069],[-102.708669,19.892302],[-102.715945,19.896011],[-102.724833,19.895466],[-102.733514,19.901308],[-102.736367,19.910409],[-102.745926,19.907388],[-102.748035,19.912845],[-102.76399,19.921302],[-102.766436,19.926335],[-102.777318,19.927119],[-102.784775,19.93738],[-102.790929,19.938011],[-102.798772,19.948384],[-102.808874,19.954393],[-102.818307,19.955105],[-102.833237,19.966505],[-102.844698,19.966696],[-102.858369,19.971474],[-102.863441,19.968533],[-102.875532,19.973017],[-102.887623,19.967578],[-102.90225,19.966365],[-102.902323,19.974009],[-102.893687,19.984153],[-102.89534,19.995582],[-102.883213,20.015427],[-102.88358,20.021197],[-102.876425,20.027825],[-102.877797,20.031192],[-102.889572,20.028237],[-102.904509,20.029138],[-102.917646,20.022581],[-102.929851,20.029648],[-102.934352,20.026751],[-102.940551,20.030837],[-102.951647,20.024708],[-102.958064,20.025511],[-102.955117,20.016837],[-102.957497,20.007794],[-102.954302,20.0003],[-102.978742,19.984594],[-102.986859,19.986521],[-102.994731,19.983369],[-102.996763,19.965383],[-103.001319,19.9576],[-102.999781,19.953626],[-103.01094,19.953641],[-103.014854,19.948935],[-103.021591,19.950115],[-103.025836,19.947089],[-103.038255,19.947181],[-103.042844,19.94145],[-103.048392,19.94133],[-103.049845,19.948217],[-103.060915,19.955463],[-103.071023,19.94701],[-103.07282,19.941408],[-103.080661,19.940927],[-103.094034,19.95222],[-103.100654,19.952466],[-103.118585,19.965241],[-103.142383,19.965437],[-103.14813,19.974941],[-103.168592,19.97389],[-103.174327,19.981323],[-103.179467,19.98161],[-103.199684,19.996235],[-103.211923,19.991017],[-103.210105,19.976891],[-103.222218,19.958622],[-103.219872,19.95225],[-103.22385,19.946325],[-103.222541,19.934379],[-103.239938,19.928333],[-103.245957,19.941578],[-103.264061,19.94437],[-103.276684,19.951355],[-103.282515,19.958884],[-103.292742,19.956589],[-103.297606,19.948119],[-103.305064,19.945166],[-103.310445,19.946552],[-103.30885,19.959455],[-103.316077,19.972052],[-103.322138,19.973581],[-103.32749,19.983483],[-103.33575,19.979929],[-103.342399,19.981968],[-103.358356,19.968017],[-103.357256,19.960634],[-103.359833,19.956493],[-103.376164,19.964543],[-103.38155,19.955537],[-103.392553,19.950181],[-103.391684,19.945056],[-103.409202,19.934661],[-103.417483,19.936572],[-103.421103,19.905792],[-103.427328,19.897974],[-103.421117,19.877544],[-103.422289,19.855692],[-103.427749,19.852853],[-103.428351,19.847207],[-103.419528,19.827138],[-103.419528,19.820228],[-103.408091,19.813178],[-103.408488,19.803349],[-103.404814,19.795466],[-103.415319,19.759286],[-103.414147,19.74773],[-103.406105,19.741097],[-103.406641,19.73377],[-103.401121,19.719453],[-103.409759,19.714946],[-103.410573,19.709425],[-103.409759,19.704163],[-103.403414,19.69822],[-103.407952,19.696757],[-103.416401,19.700468],[-103.423076,19.698307],[-103.437124,19.686674],[-103.442782,19.687119],[-103.442972,19.679873],[-103.456067,19.672499],[-103.466791,19.659131],[-103.473309,19.655604],[-103.485041,19.656861],[-103.494872,19.644964],[-103.492579,19.627472],[-103.513826,19.628488],[-103.534276,19.622621],[-103.563063,19.598657],[-103.580872,19.595121],[-103.587913,19.589878],[-103.596811,19.593297],[-103.607608,19.581453],[-103.61496,19.580951],[-103.615786,19.585388],[-103.610468,19.589465],[-103.617421,19.60381],[-103.619439,19.616343],[-103.612668,19.629479],[-103.622125,19.648521],[-103.613321,19.662407],[-103.616322,19.677256],[-103.614053,19.682656],[-103.626001,19.688414],[-103.625312,19.694015],[-103.631814,19.703247],[-103.617988,19.720511],[-103.620041,19.727232],[-103.614398,19.742842],[-103.617586,19.751745],[-103.608711,19.764713],[-103.598213,19.761109],[-103.592051,19.77558],[-103.600566,19.782921],[-103.611135,19.783959],[-103.615399,19.780519],[-103.625098,19.783648],[-103.63872,19.796131],[-103.648125,19.795691],[-103.652173,19.802146],[-103.663349,19.80799],[-103.671494,19.806222],[-103.678432,19.810044],[-103.683512,19.821794],[-103.688889,19.824566],[-103.679547,19.833593],[-103.684045,19.836487],[-103.686153,19.844979],[-103.694457,19.855454],[-103.688197,19.866966],[-103.677786,19.870614],[-103.678761,19.874483],[-103.672911,19.88241],[-103.676983,19.894237],[-103.672328,19.904171],[-103.677534,19.907353],[-103.681575,19.921081],[-103.686404,19.925564],[-103.678321,19.93283],[-103.672511,19.946354],[-103.673099,19.992272],[-103.678132,19.996361],[-103.673068,20.003061],[-103.671967,20.017435],[-103.663034,20.0264],[-103.66353,20.044837],[-103.660272,20.051957],[-103.662499,20.054865],[-103.647649,20.052074],[-103.64326,20.056802],[-103.630514,20.061432],[-103.623888,20.055841],[-103.611028,20.07004],[-103.627277,20.084764],[-103.640361,20.10622],[-103.648182,20.108426],[-103.651842,20.119405],[-103.65886,20.120157],[-103.659061,20.127676],[-103.671108,20.135363],[-103.676957,20.14823],[-103.673549,20.156001],[-103.679314,20.162417],[-103.686232,20.180214],[-103.694976,20.182769],[-103.697542,20.177291],[-103.704717,20.177903],[-103.706837,20.182501],[-103.714506,20.186581],[-103.716612,20.196106],[-103.72754,20.202222],[-103.732704,20.209391],[-103.731049,20.215757],[-103.724181,20.222776],[-103.729696,20.232702],[-103.724965,20.241306],[-103.717995,20.238662],[-103.714491,20.243756],[-103.702734,20.248707],[-103.694625,20.2668],[-103.695135,20.272383],[-103.703957,20.277986],[-103.707706,20.284648],[-103.70251,20.296828],[-103.689237,20.298172],[-103.697266,20.314493],[-103.70523,20.321211],[-103.705995,20.328441],[-103.712309,20.3375],[-103.709213,20.345859],[-103.713131,20.358817],[-103.708914,20.372128],[-103.700796,20.375976],[-103.699926,20.38847],[-103.694,20.39294],[-103.705917,20.41322],[-103.696579,20.415702],[-103.693278,20.420248],[-103.699402,20.436515],[-103.708206,20.440678],[-103.707352,20.445083],[-103.716196,20.450199],[-103.708624,20.463879],[-103.714617,20.471873],[-103.711268,20.482207],[-103.713813,20.497402],[-103.750023,20.518187],[-103.750166,20.523594],[-103.755866,20.526471],[-103.753682,20.531272],[-103.748776,20.532358],[-103.733945,20.529464],[-103.719241,20.543074],[-103.714472,20.537612],[-103.715294,20.52856],[-103.709551,20.524128],[-103.708647,20.504821],[-103.702226,20.503329],[-103.689776,20.50889],[-103.686233,20.514086],[-103.669286,20.512757],[-103.660206,20.518383],[-103.659994,20.526819],[-103.646588,20.539592],[-103.639909,20.539684],[-103.636138,20.543359],[-103.618412,20.566524],[-103.600468,20.570882],[-103.597915,20.576195],[-103.605493,20.601803],[-103.59985,20.606273],[-103.596602,20.615352],[-103.580318,20.621755]]]}},{"type":"Feature","id":"basin-RH12E","properties":{"id":"basin-RH12E","sourceId":"RH12E","name":"R. SANTIAGO - GUADALAJARA","nameJa":"R. SANTIAGO - GUADALAJARA","sourceName":"R. SANTIAGO - GUADALAJARA","basinType":"EXORREICA","sourceArea":"10090.52 km²","sourcePerimeter":"844.29 km","unit":"domestic basin boundary","observedPeriod":null},"geometry":{"type":"Polygon","coordinates":[[[-103.570278,21.480409],[-103.56256,21.483745],[-103.558028,21.482079],[-103.556838,21.470683],[-103.552647,21.463641],[-103.54662,21.462963],[-103.537398,21.450468],[-103.525343,21.448472],[-103.5367,21.439223],[-103.538316,21.433463],[-103.526743,21.410328],[-103.508218,21.39051],[-103.508335,21.380831],[-103.493926,21.370938],[-103.491132,21.36576],[-103.46873,21.356312],[-103.470464,21.345717],[-103.466699,21.337863],[-103.478283,21.328626],[-103.477413,21.323957],[-103.48323,21.318117],[-103.479015,21.286509],[-103.484452,21.276936],[-103.479573,21.278795],[-103.475576,21.276099],[-103.471945,21.264727],[-103.463644,21.257612],[-103.461331,21.2382],[-103.433634,21.228948],[-103.431114,21.217919],[-103.419481,21.200007],[-103.441344,21.187232],[-103.435992,21.173793],[-103.442027,21.159997],[-103.441417,21.153234],[-103.428179,21.145097],[-103.428616,21.141132],[-103.418096,21.138987],[-103.414788,21.13547],[-103.42785,21.114935],[-103.42793,21.098485],[-103.413804,21.089187],[-103.420177,21.064463],[-103.427733,21.049346],[-103.422803,21.050021],[-103.406677,21.034882],[-103.392116,21.026768],[-103.38533,21.028346],[-103.371825,21.040644],[-103.363256,21.042534],[-103.355455,21.037784],[-103.352139,21.028446],[-103.355924,21.011778],[-103.351082,21.004266],[-103.341495,20.998735],[-103.337035,20.96928],[-103.315655,20.970187],[-103.308996,20.94737],[-103.290036,20.954218],[-103.291289,20.936108],[-103.273856,20.926835],[-103.258309,20.934234],[-103.251048,20.919684],[-103.227382,20.921124],[-103.211417,20.93091],[-103.203114,20.929602],[-103.192604,20.943849],[-103.180941,20.951687],[-103.174249,20.967207],[-103.166593,20.967382],[-103.159344,20.962262],[-103.141884,20.975697],[-103.129681,20.998091],[-103.133955,21.01238],[-103.119328,21.02991],[-103.118174,21.040617],[-103.106382,21.047895],[-103.105017,21.056258],[-103.098158,21.063644],[-103.088204,21.068535],[-103.08069,21.068137],[-103.07233,21.084808],[-103.063173,21.094015],[-103.039647,21.108729],[-103.037492,21.100667],[-103.056005,21.075252],[-103.050773,21.070241],[-103.04931,21.056008],[-103.036673,21.042307],[-103.032904,21.02936],[-103.028382,21.02466],[-103.028337,21.017389],[-102.994255,20.998426],[-102.975136,20.97292],[-102.967082,20.967437],[-102.96362,20.942912],[-102.979639,20.926185],[-102.978156,20.917306],[-102.98457,20.915765],[-102.986914,20.908491],[-102.996165,20.905427],[-103.007911,20.910338],[-103.02197,20.910201],[-103.025814,20.904305],[-103.03244,20.904102],[-103.045906,20.891413],[-103.069403,20.885714],[-103.081642,20.887957],[-103.085613,20.878126],[-103.09283,20.87135],[-103.095843,20.85848],[-103.104821,20.848814],[-103.106626,20.8397],[-103.111345,20.843938],[-103.137693,20.837569],[-103.152689,20.837793],[-103.1565,20.841983],[-103.153001,20.846329],[-103.153298,20.853653],[-103.159558,20.867678],[-103.166418,20.874522],[-103.178624,20.874914],[-103.17872,20.863557],[-103.184002,20.854687],[-103.191624,20.847086],[-103.197863,20.848625],[-103.200918,20.845661],[-103.198137,20.837881],[-103.189478,20.833124],[-103.196547,20.819081],[-103.202276,20.815146],[-103.20208,20.804018],[-103.207808,20.799895],[-103.209733,20.792633],[-103.215367,20.790554],[-103.235836,20.755859],[-103.246875,20.753367],[-103.248395,20.747203],[-103.25795,20.740012],[-103.265697,20.740764],[-103.276223,20.736365],[-103.277665,20.727505],[-103.269125,20.720315],[-103.246406,20.709702],[-103.220057,20.702771],[-103.206786,20.709104],[-103.184358,20.70531],[-103.175531,20.71083],[-103.166215,20.707801],[-103.163334,20.723722],[-103.130214,20.732399],[-103.12174,20.732423],[-103.117529,20.726766],[-103.088511,20.718637],[-103.081665,20.722515],[-103.075807,20.73238],[-103.058926,20.744195],[-103.047886,20.747239],[-103.043954,20.75378],[-103.031638,20.746648],[-103.017501,20.746251],[-102.998566,20.730806],[-102.977858,20.735385],[-102.967857,20.729252],[-102.921564,20.737712],[-102.908922,20.730447],[-102.89238,20.728875],[-102.880209,20.720352],[-102.867944,20.719597],[-102.849641,20.729252],[-102.845458,20.739473],[-102.850777,20.745659],[-102.862412,20.748015],[-102.862504,20.750669],[-102.844106,20.761927],[-102.837816,20.770953],[-102.820362,20.762777],[-102.798002,20.762777],[-102.777686,20.757493],[-102.760327,20.774475],[-102.739445,20.777432],[-102.729098,20.782998],[-102.717336,20.79476],[-102.708681,20.798117],[-102.704683,20.807302],[-102.682617,20.809604],[-102.67727,20.818252],[-102.668496,20.824353],[-102.646356,20.828693],[-102.634846,20.8347],[-102.628977,20.832199],[-102.610903,20.840131],[-102.604459,20.846354],[-102.596515,20.841465],[-102.601126,20.835909],[-102.601515,20.829631],[-102.594932,20.826987],[-102.574793,20.807187],[-102.574626,20.80341],[-102.580145,20.801793],[-102.580399,20.790287],[-102.587681,20.780188],[-102.586904,20.767243],[-102.590721,20.761336],[-102.588174,20.755258],[-102.577029,20.750877],[-102.569474,20.742946],[-102.56624,20.733474],[-102.560366,20.727969],[-102.548098,20.742712],[-102.532904,20.748914],[-102.523385,20.748276],[-102.503814,20.754321],[-102.485393,20.747413],[-102.476471,20.749859],[-102.467458,20.747927],[-102.467189,20.764835],[-102.458482,20.767129],[-102.450117,20.777392],[-102.421944,20.78603],[-102.412287,20.781807],[-102.400774,20.782527],[-102.389262,20.79073],[-102.381778,20.792313],[-102.373144,20.791593],[-102.369258,20.788139],[-102.364078,20.766985],[-102.35622,20.757199],[-102.343093,20.756984],[-102.332314,20.76337],[-102.330892,20.76863],[-102.321173,20.764501],[-102.291614,20.768533],[-102.285335,20.753727],[-102.270413,20.751504],[-102.269169,20.745897],[-102.262,20.739952],[-102.255891,20.740131],[-102.245268,20.747695],[-102.233176,20.762566],[-102.22806,20.761854],[-102.225774,20.756267],[-102.221202,20.754552],[-102.213075,20.759759],[-102.19656,20.76169],[-102.190317,20.769144],[-102.188267,20.76402],[-102.180534,20.761877],[-102.171124,20.768305],[-102.164695,20.768305],[-102.146554,20.751012],[-102.181218,20.718506],[-102.189691,20.698628],[-102.191363,20.683805],[-102.197123,20.681164],[-102.225013,20.684006],[-102.228697,20.676481],[-102.237853,20.67164],[-102.266111,20.663957],[-102.284371,20.654748],[-102.293106,20.643434],[-102.296053,20.633909],[-102.303578,20.626911],[-102.306719,20.611305],[-102.319969,20.612117],[-102.338099,20.592075],[-102.346676,20.596285],[-102.375829,20.587602],[-102.389826,20.58897],[-102.406981,20.575972],[-102.42261,20.575393],[-102.427083,20.56529],[-102.441223,20.559427],[-102.44608,20.550661],[-102.470865,20.547241],[-102.489125,20.535874],[-102.527539,20.532927],[-102.541431,20.526297],[-102.550377,20.512983],[-102.551956,20.496355],[-102.568079,20.497317],[-102.569519,20.486125],[-102.562483,20.480529],[-102.559767,20.470859],[-102.555776,20.468267],[-102.553965,20.460942],[-102.550262,20.460572],[-102.549429,20.455799],[-102.52187,20.444853],[-102.563287,20.443564],[-102.572375,20.433366],[-102.582068,20.430539],[-102.588154,20.418056],[-102.602483,20.416381],[-102.612894,20.419726],[-102.618226,20.407826],[-102.6313,20.398676],[-102.630577,20.379521],[-102.652804,20.368318],[-102.663465,20.369944],[-102.663329,20.356333],[-102.671318,20.353744],[-102.696151,20.332672],[-102.698564,20.328351],[-102.695645,20.320526],[-102.711722,20.313753],[-102.7234,20.301063],[-102.735001,20.304878],[-102.736207,20.299077],[-102.740411,20.297793],[-102.758817,20.302167],[-102.765462,20.295043],[-102.780309,20.325378],[-102.798331,20.333415],[-102.814029,20.335573],[-102.822296,20.343042],[-102.827836,20.342909],[-102.839153,20.334835],[-102.842855,20.337731],[-102.850103,20.32993],[-102.858576,20.328192],[-102.863493,20.320663],[-102.872995,20.316135],[-102.891828,20.31316],[-102.911108,20.320049],[-102.925361,20.316432],[-102.932747,20.31785],[-102.943705,20.325204],[-102.981822,20.334788],[-103.004086,20.352385],[-103.007182,20.360758],[-103.035702,20.360646],[-103.048717,20.370329],[-103.060445,20.366986],[-103.069034,20.379633],[-103.072309,20.379105],[-103.070599,20.374558],[-103.075097,20.366603],[-103.087466,20.361148],[-103.094295,20.364479],[-103.111453,20.361981],[-103.114077,20.355984],[-103.120663,20.356049],[-103.122685,20.353027],[-103.131442,20.354818],[-103.134899,20.357233],[-103.134399,20.361731],[-103.140646,20.363688],[-103.164175,20.366395],[-103.176127,20.363064],[-103.189415,20.370697],[-103.198117,20.371894],[-103.200946,20.376716],[-103.206371,20.376096],[-103.218085,20.371834],[-103.223304,20.346468],[-103.220979,20.340428],[-103.225435,20.337794],[-103.246733,20.338755],[-103.245034,20.32996],[-103.257394,20.324832],[-103.299818,20.325312],[-103.319105,20.312413],[-103.338429,20.306408],[-103.371782,20.306054],[-103.390976,20.309874],[-103.407994,20.325856],[-103.404739,20.334726],[-103.410045,20.34298],[-103.411404,20.360258],[-103.419889,20.36536],[-103.428658,20.360516],[-103.447703,20.373358],[-103.450139,20.378357],[-103.451138,20.387765],[-103.44696,20.401249],[-103.456371,20.411129],[-103.450446,20.421245],[-103.452497,20.433729],[-103.448113,20.441855],[-103.452784,20.4443],[-103.453173,20.452929],[-103.465622,20.468644],[-103.462905,20.4729],[-103.466957,20.475945],[-103.463648,20.483179],[-103.464187,20.500073],[-103.453061,20.50179],[-103.451959,20.504995],[-103.476466,20.518623],[-103.475199,20.522622],[-103.4841,20.525114],[-103.489475,20.532476],[-103.508587,20.526452],[-103.517232,20.520219],[-103.518823,20.543775],[-103.514215,20.563595],[-103.517063,20.569662],[-103.523396,20.572338],[-103.534272,20.59245],[-103.535438,20.60432],[-103.524865,20.626265],[-103.528373,20.632416],[-103.516414,20.636823],[-103.508945,20.659396],[-103.514127,20.667463],[-103.514914,20.676027],[-103.524234,20.688311],[-103.545598,20.700161],[-103.554081,20.700341],[-103.56625,20.708836],[-103.5718,20.7078],[-103.581561,20.712945],[-103.59675,20.713505],[-103.635542,20.705364],[-103.655197,20.71641],[-103.687904,20.718009],[-103.696035,20.723232],[-103.712458,20.720549],[-103.719003,20.724214],[-103.724592,20.732979],[-103.736938,20.733791],[-103.742592,20.738138],[-103.754938,20.738139],[-103.778328,20.75114],[-103.785782,20.74879],[-103.796339,20.751438],[-103.799237,20.7579],[-103.808783,20.765825],[-103.828913,20.773012],[-103.837365,20.781676],[-103.844542,20.782755],[-103.848151,20.791819],[-103.86981,20.794086],[-103.883287,20.806966],[-103.901289,20.812112],[-103.90132,20.816126],[-103.907734,20.818805],[-103.916679,20.8146],[-103.925278,20.8231],[-103.930781,20.823778],[-103.932791,20.833552],[-103.943997,20.842095],[-103.946083,20.848025],[-103.957238,20.850889],[-103.96186,20.855405],[-103.951774,20.865178],[-103.952689,20.87614],[-103.961527,20.888892],[-103.959682,20.898457],[-103.948285,20.924605],[-103.942921,20.930238],[-103.960887,20.931202],[-103.970499,20.935973],[-103.977844,20.935504],[-103.983,20.940427],[-103.991028,20.940269],[-103.999181,20.949948],[-104.006563,20.952846],[-104.019345,20.971104],[-104.025353,20.972745],[-104.0258,20.98602],[-104.042702,20.998044],[-104.049734,21.008518],[-104.061086,21.010294],[-104.067656,21.023301],[-104.084597,21.036826],[-104.087007,21.046881],[-104.099173,21.052982],[-104.105755,21.061598],[-104.123977,21.073229],[-104.133377,21.084647],[-104.133235,21.089851],[-104.145163,21.092572],[-104.150736,21.103513],[-104.161055,21.102968],[-104.164129,21.105946],[-104.162102,21.113901],[-104.147104,21.127507],[-104.131525,21.129056],[-104.123269,21.122169],[-104.117583,21.126294],[-104.115603,21.13322],[-104.111334,21.135954],[-104.113088,21.144217],[-104.109469,21.145853],[-104.111109,21.156415],[-104.106795,21.164943],[-104.087021,21.168627],[-104.079271,21.179843],[-104.069728,21.185692],[-104.064534,21.181784],[-104.058713,21.187529],[-104.050047,21.185594],[-104.033278,21.171375],[-104.024125,21.176255],[-104.00479,21.173169],[-103.997458,21.180241],[-103.965543,21.186492],[-103.96348,21.189319],[-103.952116,21.18316],[-103.940175,21.186298],[-103.925352,21.182901],[-103.916763,21.191897],[-103.921247,21.201613],[-103.919044,21.210119],[-103.922047,21.216764],[-103.907845,21.222075],[-103.903081,21.234235],[-103.896176,21.241356],[-103.897899,21.245617],[-103.894713,21.252145],[-103.885917,21.258769],[-103.882447,21.267864],[-103.867838,21.267383],[-103.863202,21.274841],[-103.852104,21.281271],[-103.846613,21.278347],[-103.8309,21.280616],[-103.822623,21.275444],[-103.814529,21.287413],[-103.807046,21.289764],[-103.805841,21.296068],[-103.791039,21.307599],[-103.781201,21.308431],[-103.772759,21.314696],[-103.775085,21.319517],[-103.769016,21.321997],[-103.768286,21.326752],[-103.764838,21.32641],[-103.762235,21.330707],[-103.765278,21.337898],[-103.763566,21.344142],[-103.75223,21.347182],[-103.745722,21.345381],[-103.74404,21.353502],[-103.746521,21.359469],[-103.742098,21.368456],[-103.741832,21.379193],[-103.736938,21.385632],[-103.726429,21.394991],[-103.714962,21.399923],[-103.707191,21.40995],[-103.702039,21.404086],[-103.696751,21.404689],[-103.694852,21.413454],[-103.698769,21.4265],[-103.695916,21.437533],[-103.700169,21.444011],[-103.706456,21.444835],[-103.711338,21.45072],[-103.697885,21.46471],[-103.665305,21.46333],[-103.640775,21.469871],[-103.637986,21.474214],[-103.630336,21.475849],[-103.616473,21.4773],[-103.610791,21.474591],[-103.597444,21.480026],[-103.590169,21.487882],[-103.570278,21.480409]]]}},{"type":"Feature","id":"basin-RH12F","properties":{"id":"basin-RH12F","sourceId":"RH12F","name":"R. SANTIAGO - AGUAMILPA","nameJa":"R. SANTIAGO - AGUAMILPA","sourceName":"R. SANTIAGO - AGUAMILPA","basinType":"EXORREICA","sourceArea":"6833.16 km²","sourcePerimeter":"733.40 km","unit":"domestic basin boundary","observedPeriod":null},"geometry":{"type":"Polygon","coordinates":[[[-104.695263,22.051026],[-104.671783,22.027161],[-104.680507,22.016847],[-104.680711,22.007829],[-104.677416,22.001722],[-104.673277,22.000673],[-104.674174,21.995789],[-104.665463,21.984506],[-104.673625,21.977789],[-104.674832,21.972746],[-104.670831,21.971627],[-104.665363,21.960157],[-104.661127,21.957611],[-104.639726,21.954779],[-104.634984,21.949681],[-104.630261,21.952881],[-104.623331,21.938516],[-104.627345,21.92496],[-104.633143,21.918212],[-104.630265,21.907991],[-104.637865,21.901702],[-104.641337,21.900316],[-104.663717,21.908007],[-104.668284,21.894813],[-104.675975,21.888145],[-104.686945,21.888569],[-104.697122,21.878878],[-104.706267,21.88257],[-104.721674,21.870732],[-104.719466,21.857889],[-104.707941,21.836619],[-104.696609,21.839105],[-104.679897,21.824387],[-104.683744,21.818578],[-104.669582,21.812217],[-104.662955,21.80497],[-104.650896,21.811701],[-104.643955,21.81823],[-104.644314,21.821615],[-104.617199,21.824242],[-104.611538,21.826244],[-104.60817,21.832839],[-104.596285,21.832704],[-104.592029,21.824936],[-104.577573,21.817678],[-104.569707,21.800335],[-104.564184,21.798086],[-104.561692,21.783871],[-104.552736,21.776312],[-104.546382,21.775614],[-104.536369,21.767137],[-104.518342,21.763988],[-104.511218,21.772786],[-104.503053,21.770833],[-104.492507,21.749414],[-104.484967,21.747326],[-104.480756,21.75059],[-104.469584,21.742374],[-104.462531,21.707712],[-104.454164,21.700357],[-104.44776,21.68784],[-104.449674,21.679842],[-104.44732,21.671288],[-104.433405,21.671949],[-104.425733,21.663084],[-104.397253,21.654974],[-104.393488,21.648285],[-104.396305,21.642974],[-104.393792,21.636482],[-104.365759,21.617024],[-104.36161,21.618558],[-104.357684,21.608904],[-104.345487,21.611802],[-104.340292,21.607416],[-104.325028,21.614136],[-104.315183,21.614198],[-104.3103,21.608851],[-104.293015,21.60607],[-104.287811,21.59762],[-104.278526,21.59769],[-104.285171,21.585273],[-104.295344,21.57752],[-104.29403,21.56445],[-104.298065,21.559745],[-104.297236,21.554252],[-104.291842,21.553966],[-104.286748,21.561949],[-104.278055,21.565036],[-104.26819,21.564104],[-104.251162,21.573978],[-104.244045,21.565872],[-104.236048,21.56949],[-104.230711,21.567037],[-104.20997,21.587623],[-104.202479,21.580503],[-104.192679,21.57903],[-104.179814,21.55623],[-104.180828,21.528759],[-104.178237,21.509206],[-104.173475,21.500809],[-104.166823,21.500122],[-104.157176,21.487961],[-104.134328,21.496639],[-104.1207,21.495344],[-104.111878,21.477939],[-104.105673,21.476497],[-104.100931,21.481103],[-104.099943,21.474251],[-104.095257,21.470492],[-104.101943,21.458487],[-104.095311,21.449145],[-104.094301,21.439102],[-104.082296,21.438219],[-104.080382,21.431542],[-104.073337,21.4323],[-104.066873,21.423428],[-104.058097,21.423688],[-104.055757,21.419835],[-104.053389,21.402029],[-104.057865,21.39379],[-104.049388,21.374029],[-104.055978,21.35862],[-104.051764,21.353825],[-104.053064,21.348715],[-104.048197,21.342654],[-104.043659,21.324953],[-104.052885,21.318214],[-104.048361,21.313858],[-104.049447,21.310757],[-104.066658,21.305523],[-104.071433,21.301088],[-104.07049,21.291693],[-104.074233,21.288467],[-104.070013,21.282892],[-104.071665,21.268137],[-104.06369,21.261311],[-104.066284,21.253671],[-104.051572,21.240819],[-104.070348,21.21079],[-104.073446,21.195186],[-104.068678,21.18817],[-104.079474,21.179632],[-104.087021,21.168627],[-104.106795,21.164943],[-104.111109,21.156415],[-104.109469,21.145853],[-104.113088,21.144217],[-104.111334,21.135954],[-104.115603,21.13322],[-104.117583,21.126294],[-104.123269,21.122169],[-104.131525,21.129056],[-104.147104,21.127507],[-104.162102,21.113901],[-104.164129,21.105946],[-104.161055,21.102968],[-104.150736,21.103513],[-104.145163,21.092572],[-104.133235,21.089851],[-104.133377,21.084647],[-104.123977,21.073229],[-104.105755,21.061598],[-104.099173,21.052982],[-104.087007,21.046881],[-104.084597,21.036826],[-104.067656,21.023301],[-104.061086,21.010294],[-104.049734,21.008518],[-104.042702,20.998044],[-104.0258,20.98602],[-104.025353,20.972745],[-104.019345,20.971104],[-104.006563,20.952846],[-103.999181,20.949948],[-103.991028,20.940269],[-103.983,20.940427],[-103.977844,20.935504],[-103.970499,20.935973],[-103.960887,20.931202],[-103.942755,20.930016],[-103.948285,20.924605],[-103.959682,20.898457],[-103.961527,20.888892],[-103.952689,20.87614],[-103.951774,20.865178],[-103.96186,20.855405],[-103.957238,20.850889],[-103.946083,20.848025],[-103.943997,20.842095],[-103.932791,20.833552],[-103.931535,20.824381],[-103.925278,20.8231],[-103.916679,20.8146],[-103.933465,20.800607],[-103.943752,20.785612],[-103.943229,20.772588],[-103.949632,20.767216],[-103.94605,20.754314],[-103.950983,20.745343],[-103.960017,20.755361],[-103.968916,20.748133],[-103.977895,20.746697],[-103.996169,20.759266],[-104.006915,20.759613],[-104.010772,20.753417],[-104.025189,20.747737],[-104.047787,20.748004],[-104.05155,20.741619],[-104.05079,20.72982],[-104.053989,20.727769],[-104.082817,20.738211],[-104.095458,20.739517],[-104.103095,20.73404],[-104.111901,20.735143],[-104.113262,20.716741],[-104.120718,20.708643],[-104.149233,20.718372],[-104.142422,20.735498],[-104.138017,20.739425],[-104.139917,20.74444],[-104.135599,20.772286],[-104.138471,20.778195],[-104.135359,20.783161],[-104.138011,20.790846],[-104.128544,20.799465],[-104.132355,20.805122],[-104.141902,20.807108],[-104.141864,20.817813],[-104.158189,20.824768],[-104.150411,20.838238],[-104.150752,20.843255],[-104.160565,20.84231],[-104.161709,20.849544],[-104.154707,20.862867],[-104.143864,20.867114],[-104.144194,20.871046],[-104.139989,20.873871],[-104.142468,20.876336],[-104.140568,20.880818],[-104.14657,20.890251],[-104.157215,20.898123],[-104.16557,20.900222],[-104.164681,20.9061],[-104.15613,20.914702],[-104.175385,20.926805],[-104.176591,20.932258],[-104.188761,20.93562],[-104.189622,20.941124],[-104.19853,20.945234],[-104.19562,20.956998],[-104.202538,20.960377],[-104.219207,20.960256],[-104.23497,20.966939],[-104.238545,20.993798],[-104.226549,21.007829],[-104.23228,21.016694],[-104.242328,21.014126],[-104.249643,21.018515],[-104.24738,21.022463],[-104.25243,21.028583],[-104.251012,21.034336],[-104.247168,21.041948],[-104.240804,21.045706],[-104.245801,21.050342],[-104.244294,21.058886],[-104.248442,21.063146],[-104.260736,21.059987],[-104.261666,21.064522],[-104.268552,21.064201],[-104.265479,21.068372],[-104.266892,21.072855],[-104.260933,21.075768],[-104.262872,21.079948],[-104.276484,21.083515],[-104.288907,21.095965],[-104.307009,21.096371],[-104.320379,21.100633],[-104.326302,21.098962],[-104.333552,21.102556],[-104.331051,21.111656],[-104.334204,21.115041],[-104.330852,21.120459],[-104.333967,21.124151],[-104.331701,21.127347],[-104.335468,21.140553],[-104.329865,21.13936],[-104.325801,21.146422],[-104.33108,21.1522],[-104.337889,21.153765],[-104.331434,21.164199],[-104.340639,21.178741],[-104.355632,21.174322],[-104.367351,21.18668],[-104.372351,21.183236],[-104.378526,21.185344],[-104.387824,21.177935],[-104.388907,21.171855],[-104.395665,21.17137],[-104.397628,21.175443],[-104.40358,21.177339],[-104.417744,21.176444],[-104.42257,21.162917],[-104.429741,21.15871],[-104.437776,21.159973],[-104.452636,21.173269],[-104.463776,21.176232],[-104.474364,21.162059],[-104.484717,21.15986],[-104.485102,21.167537],[-104.513251,21.185311],[-104.518462,21.197683],[-104.522319,21.198945],[-104.520367,21.209268],[-104.523339,21.212605],[-104.530214,21.210052],[-104.539383,21.214685],[-104.541916,21.211907],[-104.550151,21.214535],[-104.549196,21.223184],[-104.552423,21.225352],[-104.55834,21.222244],[-104.577512,21.233911],[-104.580869,21.231532],[-104.584104,21.234903],[-104.58894,21.234415],[-104.590404,21.239028],[-104.599206,21.235192],[-104.614359,21.236953],[-104.614847,21.240909],[-104.62052,21.242931],[-104.619673,21.248383],[-104.623811,21.250436],[-104.622412,21.254618],[-104.627743,21.260944],[-104.625881,21.273322],[-104.622555,21.274686],[-104.638249,21.284891],[-104.660563,21.271995],[-104.67256,21.275353],[-104.696113,21.245733],[-104.713269,21.246148],[-104.721504,21.257731],[-104.71907,21.270673],[-104.726325,21.273187],[-104.732146,21.2811],[-104.744652,21.323964],[-104.764018,21.350379],[-104.777763,21.345215],[-104.790968,21.357838],[-104.811176,21.355963],[-104.814321,21.361482],[-104.820911,21.359027],[-104.830578,21.364657],[-104.839418,21.362854],[-104.862705,21.370098],[-104.880437,21.369384],[-104.885129,21.366588],[-104.903645,21.36918],[-104.915734,21.376936],[-104.91855,21.386206],[-104.9175,21.401827],[-104.934938,21.405682],[-104.948588,21.413105],[-104.951929,21.419771],[-104.960529,21.426071],[-104.960847,21.432616],[-104.974638,21.442923],[-104.973041,21.464035],[-104.977278,21.472425],[-104.968851,21.47498],[-104.960576,21.471199],[-104.95135,21.471483],[-104.937522,21.484986],[-104.922147,21.522815],[-104.922105,21.52948],[-104.915413,21.529941],[-104.910565,21.534029],[-104.913359,21.542319],[-104.910342,21.549909],[-104.9183,21.555451],[-104.926692,21.573399],[-104.932789,21.575388],[-104.930622,21.585703],[-104.949276,21.589498],[-104.953553,21.610476],[-104.962465,21.617436],[-104.961403,21.626727],[-104.972589,21.636944],[-104.973489,21.644986],[-104.980347,21.645426],[-104.987716,21.657533],[-104.994483,21.659638],[-105.001341,21.674124],[-105.01552,21.668745],[-105.024279,21.670644],[-105.029914,21.66509],[-105.037398,21.668427],[-105.040122,21.681669],[-105.04467,21.686732],[-105.045025,21.699753],[-105.05006,21.70206],[-105.048669,21.710321],[-105.053331,21.710901],[-105.061911,21.719424],[-105.060373,21.723783],[-105.072421,21.739585],[-105.085688,21.743021],[-105.080837,21.757596],[-105.084183,21.76647],[-105.09583,21.780824],[-105.098815,21.791678],[-105.102119,21.792161],[-105.112474,21.808028],[-105.122624,21.804576],[-105.140141,21.807103],[-105.151202,21.799514],[-105.167659,21.797927],[-105.198837,21.803808],[-105.225812,21.791032],[-105.234424,21.782894],[-105.234768,21.74617],[-105.250513,21.722679],[-105.269824,21.71998],[-105.276064,21.711318],[-105.292414,21.6999],[-105.300397,21.688711],[-105.365094,21.655382],[-105.381844,21.653157],[-105.389754,21.64892],[-105.408148,21.653885],[-105.418618,21.635965],[-105.426801,21.609646],[-105.452859,21.633419],[-105.454717,21.656039],[-105.464009,21.673206],[-105.434519,21.703278],[-105.38583,21.720113],[-105.371587,21.745494],[-105.357304,21.755499],[-105.307548,21.776699],[-105.267306,21.789675],[-105.2469,21.801505],[-105.196739,21.854261],[-105.17146,21.866891],[-105.153006,21.863604],[-105.142552,21.868141],[-105.14082,21.871549],[-105.147459,21.885226],[-105.135764,21.891421],[-105.132366,21.898041],[-105.127968,21.898551],[-105.120616,21.907421],[-105.112995,21.906745],[-105.107356,21.910412],[-105.105893,21.901403],[-105.101328,21.897088],[-105.095013,21.901727],[-105.092716,21.89818],[-105.077818,21.892652],[-105.076567,21.896439],[-105.065706,21.898819],[-105.067762,21.907319],[-105.05227,21.922922],[-105.048714,21.930496],[-105.036955,21.934376],[-105.022246,21.930982],[-105.013833,21.938358],[-104.995657,21.923876],[-104.985703,21.922422],[-104.971193,21.932904],[-104.957368,21.92632],[-104.955238,21.921774],[-104.947331,21.923811],[-104.94371,21.92107],[-104.945964,21.911407],[-104.942106,21.904653],[-104.923661,21.895513],[-104.911378,21.896744],[-104.904904,21.902364],[-104.888603,21.896286],[-104.877869,21.899182],[-104.864476,21.905145],[-104.870184,21.915113],[-104.856045,21.918238],[-104.84762,21.925962],[-104.847958,21.933806],[-104.843071,21.940056],[-104.849992,21.951822],[-104.840339,21.952496],[-104.82644,21.964489],[-104.800358,21.972945],[-104.785059,21.985973],[-104.779371,21.983068],[-104.763262,21.987612],[-104.753235,21.984007],[-104.743289,21.994061],[-104.7355,21.990204],[-104.729792,21.993959],[-104.727942,22.006688],[-104.722635,22.014715],[-104.723091,22.018912],[-104.729111,22.022762],[-104.728245,22.03442],[-104.71904,22.033299],[-104.698669,22.042319],[-104.695263,22.051026]]]}},{"type":"Feature","id":"basin-RH12H","properties":{"id":"basin-RH12H","sourceId":"RH12H","name":"R. LAJA","nameJa":"R. LAJA","sourceName":"R. LAJA","basinType":"EXORREICA","sourceArea":"12093.83 km²","sourcePerimeter":"680.50 km","unit":"domestic basin boundary","observedPeriod":null},"geometry":{"type":"Polygon","coordinates":[[[-100.917515,21.551584],[-100.899906,21.543019],[-100.890973,21.547597],[-100.884669,21.541192],[-100.865857,21.535635],[-100.846269,21.542054],[-100.830753,21.539413],[-100.809625,21.542934],[-100.787011,21.533195],[-100.773366,21.54618],[-100.764232,21.539853],[-100.759175,21.527693],[-100.748001,21.525162],[-100.740848,21.529454],[-100.726763,21.546786],[-100.721197,21.541665],[-100.711912,21.542972],[-100.707608,21.539276],[-100.694387,21.54139],[-100.689429,21.535261],[-100.679599,21.532966],[-100.665233,21.522214],[-100.643095,21.5261],[-100.630479,21.524382],[-100.627274,21.518792],[-100.62217,21.51911],[-100.620581,21.512074],[-100.623196,21.503766],[-100.615042,21.492638],[-100.608867,21.491905],[-100.607598,21.488184],[-100.595862,21.490586],[-100.594401,21.487689],[-100.606325,21.480475],[-100.617094,21.464765],[-100.583195,21.44261],[-100.572571,21.438383],[-100.551066,21.436379],[-100.541117,21.426559],[-100.532655,21.443662],[-100.50567,21.4303],[-100.511644,21.406521],[-100.517782,21.401942],[-100.518586,21.396887],[-100.502733,21.389453],[-100.497301,21.392358],[-100.501843,21.3804],[-100.498225,21.362039],[-100.479864,21.35636],[-100.471229,21.356788],[-100.467296,21.340252],[-100.459454,21.334992],[-100.431144,21.299733],[-100.416479,21.298746],[-100.412879,21.291955],[-100.406904,21.28923],[-100.408132,21.283806],[-100.404862,21.2794],[-100.394002,21.278132],[-100.385616,21.27114],[-100.385539,21.266023],[-100.380729,21.26349],[-100.378503,21.257579],[-100.363381,21.252104],[-100.370469,21.237852],[-100.386742,21.236624],[-100.384951,21.22859],[-100.393676,21.227157],[-100.39232,21.21989],[-100.38573,21.215604],[-100.360899,21.214543],[-100.352893,21.206721],[-100.319544,21.20844],[-100.309309,21.203118],[-100.306587,21.19227],[-100.299927,21.189433],[-100.304691,21.185645],[-100.304967,21.181422],[-100.292848,21.174088],[-100.287029,21.165932],[-100.282545,21.166934],[-100.276678,21.163166],[-100.269746,21.151814],[-100.257488,21.143181],[-100.260954,21.1273],[-100.265903,21.127619],[-100.268393,21.122457],[-100.258206,21.112635],[-100.26822,21.099771],[-100.274427,21.084613],[-100.268764,21.0692],[-100.274218,21.060537],[-100.29164,21.060287],[-100.28561,21.050151],[-100.28561,21.042381],[-100.290961,21.034843],[-100.283938,21.027743],[-100.272643,21.024141],[-100.268578,21.004408],[-100.262558,20.998774],[-100.255953,20.99941],[-100.254274,20.993011],[-100.247611,20.987711],[-100.248829,20.983737],[-100.242002,20.979144],[-100.250055,20.973767],[-100.263047,20.974101],[-100.264128,20.968956],[-100.282188,20.952593],[-100.284864,20.939344],[-100.291781,20.929864],[-100.284318,20.931692],[-100.282252,20.927837],[-100.271005,20.922636],[-100.261308,20.926506],[-100.251634,20.916388],[-100.245803,20.915121],[-100.237399,20.91979],[-100.22422,20.92155],[-100.204252,20.932112],[-100.192899,20.9309],[-100.204531,20.908458],[-100.215459,20.902211],[-100.219691,20.894449],[-100.218888,20.887915],[-100.199806,20.888673],[-100.188418,20.880243],[-100.185089,20.873911],[-100.189867,20.862586],[-100.200566,20.850895],[-100.180125,20.832694],[-100.181935,20.826158],[-100.16711,20.81748],[-100.159855,20.806151],[-100.158706,20.795325],[-100.150708,20.778273],[-100.143892,20.777385],[-100.139997,20.782342],[-100.123791,20.773235],[-100.113824,20.777332],[-100.107742,20.773898],[-100.111417,20.765606],[-100.108046,20.759036],[-100.112949,20.748477],[-100.110914,20.743183],[-100.11623,20.739879],[-100.114709,20.731638],[-100.118075,20.728284],[-100.111592,20.71774],[-100.114512,20.705906],[-100.103235,20.70783],[-100.098532,20.704221],[-100.092057,20.708508],[-100.080401,20.706704],[-100.078537,20.708793],[-100.075984,20.704068],[-100.08566,20.689151],[-100.084733,20.67078],[-100.088227,20.667067],[-100.109497,20.662572],[-100.105294,20.649103],[-100.109567,20.639034],[-100.118948,20.637693],[-100.125464,20.623937],[-100.131655,20.619216],[-100.142001,20.589494],[-100.155358,20.568096],[-100.174711,20.562499],[-100.177894,20.556642],[-100.166702,20.550797],[-100.187806,20.534565],[-100.221024,20.497291],[-100.237096,20.490566],[-100.253271,20.492998],[-100.257531,20.490848],[-100.259098,20.477894],[-100.273312,20.468112],[-100.274859,20.448824],[-100.294306,20.444018],[-100.284296,20.436136],[-100.276885,20.417602],[-100.273116,20.415171],[-100.269135,20.389027],[-100.257656,20.365762],[-100.258718,20.358539],[-100.248593,20.35889],[-100.236531,20.34016],[-100.23649,20.331118],[-100.242934,20.328733],[-100.247445,20.322289],[-100.244542,20.313137],[-100.250748,20.28733],[-100.259051,20.280422],[-100.263567,20.280823],[-100.26566,20.272458],[-100.279361,20.273346],[-100.295669,20.283281],[-100.303281,20.284631],[-100.31753,20.303388],[-100.327259,20.305387],[-100.334235,20.298738],[-100.344647,20.30054],[-100.356893,20.297153],[-100.362185,20.289384],[-100.369984,20.289436],[-100.375374,20.282844],[-100.401764,20.282517],[-100.410685,20.277736],[-100.419229,20.277714],[-100.41963,20.305044],[-100.437651,20.311961],[-100.462941,20.305639],[-100.476022,20.317075],[-100.476871,20.323034],[-100.497223,20.315896],[-100.507517,20.324082],[-100.516282,20.338247],[-100.529656,20.33592],[-100.545861,20.341095],[-100.560227,20.353381],[-100.579241,20.350929],[-100.589187,20.354168],[-100.60339,20.351022],[-100.62518,20.357545],[-100.651458,20.348431],[-100.652055,20.358101],[-100.662612,20.388092],[-100.655259,20.399091],[-100.655569,20.403761],[-100.66569,20.411902],[-100.678084,20.405991],[-100.686008,20.397483],[-100.695862,20.395369],[-100.705185,20.383186],[-100.714641,20.379503],[-100.722652,20.380855],[-100.744395,20.37196],[-100.754555,20.376384],[-100.796825,20.381121],[-100.845723,20.392981],[-100.869937,20.394489],[-100.879662,20.401841],[-100.879984,20.409662],[-100.893214,20.413664],[-100.898788,20.418607],[-100.903287,20.429669],[-100.909326,20.434971],[-100.912352,20.446007],[-100.92752,20.455276],[-100.931385,20.466274],[-100.943772,20.471739],[-100.953132,20.481773],[-100.997353,20.496255],[-100.998326,20.503373],[-101.063139,20.504491],[-101.091912,20.509548],[-101.145924,20.503138],[-101.147798,20.508494],[-101.1545,20.511926],[-101.160898,20.539466],[-101.131783,20.57538],[-101.079018,20.579972],[-101.041423,20.600119],[-101.035802,20.608885],[-101.033962,20.632548],[-101.043033,20.658686],[-101.067337,20.684783],[-101.065238,20.691077],[-101.043516,20.717041],[-101.047136,20.72483],[-101.056419,20.731078],[-101.05649,20.740508],[-101.042013,20.757208],[-101.03537,20.758224],[-101.029017,20.766573],[-101.018273,20.753759],[-101.01372,20.754197],[-101.009441,20.763462],[-101.011484,20.770319],[-101.008146,20.773942],[-101.010106,20.785521],[-101.017075,20.784541],[-101.029272,20.789224],[-101.034281,20.787481],[-101.030578,20.796738],[-101.03456,20.801962],[-101.048857,20.803125],[-101.06878,20.817642],[-101.066899,20.820965],[-101.074384,20.828461],[-101.070909,20.832987],[-101.074143,20.842389],[-101.08736,20.86122],[-101.085693,20.870236],[-101.088155,20.872526],[-101.084473,20.876668],[-101.075853,20.878494],[-101.076416,20.882606],[-101.078991,20.888575],[-101.093712,20.899343],[-101.097114,20.898102],[-101.097916,20.904133],[-101.091456,20.909048],[-101.092493,20.912572],[-101.105728,20.914023],[-101.105442,20.927456],[-101.114082,20.930402],[-101.117156,20.934819],[-101.111971,20.938537],[-101.117648,20.946335],[-101.114807,20.949419],[-101.114277,20.962333],[-101.109961,20.964855],[-101.116575,20.973237],[-101.115331,20.978832],[-101.120688,20.980259],[-101.123644,20.985256],[-101.127788,20.982338],[-101.131514,20.98618],[-101.137218,20.983922],[-101.141999,20.987881],[-101.146607,21.013836],[-101.157093,21.029141],[-101.161522,21.032404],[-101.171813,21.030782],[-101.178163,21.03402],[-101.186739,21.077287],[-101.19807,21.071121],[-101.212522,21.067572],[-101.214923,21.070091],[-101.221065,21.079237],[-101.219324,21.082048],[-101.225685,21.085052],[-101.225764,21.094577],[-101.233062,21.097928],[-101.228407,21.106503],[-101.23184,21.112155],[-101.221252,21.118997],[-101.229275,21.134589],[-101.235143,21.137366],[-101.242657,21.132808],[-101.254006,21.142729],[-101.264282,21.140993],[-101.275589,21.150473],[-101.278884,21.157404],[-101.287689,21.15355],[-101.293048,21.157021],[-101.304224,21.157697],[-101.30744,21.171413],[-101.305434,21.176799],[-101.309857,21.179423],[-101.314199,21.190771],[-101.324539,21.185555],[-101.326809,21.189743],[-101.329853,21.18948],[-101.331728,21.195752],[-101.344224,21.193705],[-101.354906,21.205128],[-101.36465,21.202669],[-101.375323,21.207918],[-101.379038,21.203355],[-101.385013,21.204026],[-101.383784,21.196611],[-101.386804,21.190199],[-101.394026,21.193566],[-101.396276,21.185061],[-101.404151,21.175264],[-101.41268,21.173037],[-101.420461,21.155861],[-101.437877,21.161133],[-101.450524,21.157748],[-101.453139,21.160869],[-101.452134,21.169207],[-101.446156,21.174845],[-101.446473,21.182628],[-101.449854,21.186114],[-101.454819,21.183966],[-101.48204,21.189002],[-101.488835,21.207943],[-101.501732,21.220294],[-101.503666,21.23019],[-101.51231,21.239814],[-101.512337,21.245437],[-101.494423,21.259455],[-101.491385,21.266535],[-101.496858,21.275498],[-101.494423,21.281727],[-101.49646,21.285831],[-101.480246,21.298543],[-101.472117,21.296079],[-101.466145,21.298673],[-101.454108,21.297828],[-101.443332,21.294101],[-101.420246,21.304156],[-101.409251,21.301086],[-101.391082,21.312708],[-101.388969,21.327979],[-101.399646,21.338627],[-101.398318,21.349577],[-101.403649,21.358313],[-101.39986,21.368738],[-101.401223,21.382771],[-101.408541,21.392855],[-101.402226,21.413665],[-101.405674,21.429844],[-101.397154,21.438645],[-101.40002,21.446925],[-101.408541,21.454062],[-101.402346,21.46557],[-101.388192,21.475453],[-101.384303,21.489828],[-101.388413,21.493116],[-101.381717,21.496885],[-101.36241,21.492995],[-101.336488,21.492875],[-101.33191,21.487968],[-101.326225,21.488623],[-101.322088,21.481473],[-101.292633,21.509405],[-101.285646,21.508388],[-101.281394,21.513305],[-101.261709,21.51696],[-101.252789,21.513531],[-101.238584,21.515364],[-101.22932,21.527865],[-101.214591,21.532526],[-101.208002,21.540986],[-101.200683,21.536476],[-101.196184,21.541772],[-101.190498,21.536896],[-101.190407,21.527122],[-101.183103,21.516806],[-101.17617,21.516723],[-101.169837,21.523646],[-101.157372,21.524077],[-101.151617,21.529144],[-101.138832,21.499731],[-101.129764,21.503022],[-101.107379,21.494192],[-101.082331,21.475911],[-101.082357,21.47159],[-101.069588,21.461536],[-101.062497,21.465479],[-101.061822,21.471867],[-101.051101,21.477453],[-101.043912,21.476035],[-101.021587,21.480781],[-101.021092,21.485856],[-101.00669,21.495224],[-101.005205,21.50096],[-100.999634,21.502198],[-100.996676,21.512637],[-101.000418,21.52052],[-101.004919,21.522606],[-100.998802,21.532709],[-100.988575,21.527906],[-100.97409,21.505086],[-100.964126,21.509645],[-100.949913,21.50894],[-100.934732,21.51531],[-100.934269,21.524316],[-100.926144,21.529261],[-100.916731,21.542184],[-100.917515,21.551584]]]}},{"type":"Feature","id":"basin-RH12I","properties":{"id":"basin-RH12I","sourceId":"RH12I","name":"R. VERDE GRANDE","nameJa":"R. VERDE GRANDE","sourceName":"R. VERDE GRANDE","basinType":"EXORREICA","sourceArea":"21868.79 km²","sourcePerimeter":"1052.54 km","unit":"domestic basin boundary","observedPeriod":null},"geometry":{"type":"Polygon","coordinates":[[[-102.407977,22.718677],[-102.391785,22.719121],[-102.387265,22.715139],[-102.374029,22.714063],[-102.36284,22.717785],[-102.35148,22.711844],[-102.292117,22.709272],[-102.278227,22.702783],[-102.25525,22.7053],[-102.224313,22.695885],[-102.20962,22.703573],[-102.194766,22.670843],[-102.199422,22.662274],[-102.18398,22.653994],[-102.186053,22.638742],[-102.172829,22.624108],[-102.174499,22.61678],[-102.181421,22.614489],[-102.177537,22.603433],[-102.167659,22.599302],[-102.168983,22.585046],[-102.176511,22.567974],[-102.178567,22.538012],[-102.175216,22.530617],[-102.182091,22.515602],[-102.181981,22.511307],[-102.174632,22.507179],[-102.173341,22.502458],[-102.180522,22.490371],[-102.175951,22.484726],[-102.173632,22.473988],[-102.166923,22.471298],[-102.162851,22.463105],[-102.15607,22.459854],[-102.153061,22.459928],[-102.152538,22.466456],[-102.144555,22.47206],[-102.1269,22.465688],[-102.104474,22.470287],[-102.095627,22.46801],[-102.08474,22.47185],[-102.065222,22.494511],[-102.058738,22.497963],[-102.040932,22.498931],[-102.034351,22.503511],[-102.029061,22.512414],[-102.029835,22.523607],[-102.014481,22.534801],[-102.010062,22.547961],[-102.004352,22.546252],[-101.998965,22.550284],[-101.99574,22.5438],[-101.979385,22.544994],[-101.971515,22.542897],[-101.969983,22.538619],[-101.92829,22.571366],[-101.908614,22.556919],[-101.894626,22.537713],[-101.873605,22.522657],[-101.876695,22.480121],[-101.887231,22.466103],[-101.870352,22.450308],[-101.872644,22.441348],[-101.867893,22.432346],[-101.883897,22.426469],[-101.888746,22.408974],[-101.893541,22.404873],[-101.888504,22.39869],[-101.877145,22.393045],[-101.87006,22.37775],[-101.869977,22.355495],[-101.862194,22.334155],[-101.862901,22.313264],[-101.850354,22.298483],[-101.831442,22.295254],[-101.800062,22.280879],[-101.788425,22.271494],[-101.781504,22.260086],[-101.782671,22.24558],[-101.792175,22.236576],[-101.803018,22.215593],[-101.812822,22.206817],[-101.817805,22.194459],[-101.817078,22.189973],[-101.799897,22.187241],[-101.811622,22.173729],[-101.812044,22.154762],[-101.820668,22.13604],[-101.818515,22.123575],[-101.814421,22.122437],[-101.812801,22.117034],[-101.798347,22.116472],[-101.785459,22.107277],[-101.778531,22.119401],[-101.764808,22.117202],[-101.755426,22.102812],[-101.759577,22.097925],[-101.768901,22.063267],[-101.768922,22.033329],[-101.785872,22.016011],[-101.79377,22.001787],[-101.787734,21.963547],[-101.794617,21.951732],[-101.811659,21.95128],[-101.806958,21.936669],[-101.807101,21.924732],[-101.794207,21.906133],[-101.78901,21.906533],[-101.787925,21.917783],[-101.784499,21.918754],[-101.780273,21.912529],[-101.764539,21.90459],[-101.758903,21.879169],[-101.767109,21.873918],[-101.767516,21.869735],[-101.758045,21.858928],[-101.753639,21.838963],[-101.744581,21.828753],[-101.719797,21.816075],[-101.699785,21.814233],[-101.693559,21.816647],[-101.680479,21.812548],[-101.672242,21.816014],[-101.669606,21.822622],[-101.660362,21.826149],[-101.658024,21.830753],[-101.650339,21.833017],[-101.631067,21.828512],[-101.618662,21.831087],[-101.599544,21.829777],[-101.576366,21.837372],[-101.550299,21.833724],[-101.535903,21.835539],[-101.52978,21.839384],[-101.535498,21.848612],[-101.53191,21.870024],[-101.5137,21.873357],[-101.477422,21.88721],[-101.459632,21.890035],[-101.453291,21.888162],[-101.44571,21.873595],[-101.435475,21.86401],[-101.417036,21.868804],[-101.393071,21.860461],[-101.348112,21.855444],[-101.336146,21.858827],[-101.308043,21.832292],[-101.306082,21.827889],[-101.312057,21.823903],[-101.306129,21.814041],[-101.285706,21.80459],[-101.280511,21.795729],[-101.284006,21.790077],[-101.282049,21.782347],[-101.277654,21.778409],[-101.291377,21.765595],[-101.30168,21.744299],[-101.290315,21.734195],[-101.28292,21.731831],[-101.27403,21.71841],[-101.27096,21.703427],[-101.267058,21.698328],[-101.27591,21.687097],[-101.276911,21.669767],[-101.281675,21.665902],[-101.281235,21.652641],[-101.273269,21.639769],[-101.287129,21.636606],[-101.307776,21.638711],[-101.314091,21.630884],[-101.321848,21.632534],[-101.323678,21.624149],[-101.319487,21.615327],[-101.320654,21.611079],[-101.330184,21.605147],[-101.337245,21.608381],[-101.339018,21.613202],[-101.348099,21.611047],[-101.34621,21.603652],[-101.357928,21.599467],[-101.362028,21.582288],[-101.355786,21.576988],[-101.356135,21.567341],[-101.350936,21.560989],[-101.338242,21.557559],[-101.347082,21.551053],[-101.347789,21.546704],[-101.335058,21.522592],[-101.345703,21.513184],[-101.338725,21.501536],[-101.329191,21.498533],[-101.330787,21.491713],[-101.326225,21.488623],[-101.33191,21.487968],[-101.338112,21.493236],[-101.36241,21.492995],[-101.381717,21.496885],[-101.388413,21.493116],[-101.384303,21.489828],[-101.388192,21.475453],[-101.402346,21.46557],[-101.408541,21.454062],[-101.40002,21.446925],[-101.397154,21.438645],[-101.405674,21.429844],[-101.402226,21.413665],[-101.408541,21.392855],[-101.401223,21.382771],[-101.39986,21.368738],[-101.403649,21.358313],[-101.398318,21.349577],[-101.399646,21.338627],[-101.388969,21.327979],[-101.3908,21.313334],[-101.409251,21.301086],[-101.420246,21.304156],[-101.443332,21.294101],[-101.454108,21.297828],[-101.466145,21.298673],[-101.472117,21.296079],[-101.480246,21.298543],[-101.49646,21.285831],[-101.494423,21.281727],[-101.496858,21.275498],[-101.491385,21.266535],[-101.494423,21.259455],[-101.512337,21.245437],[-101.528738,21.260443],[-101.541117,21.257483],[-101.545452,21.27332],[-101.572769,21.288923],[-101.586302,21.293013],[-101.584989,21.312756],[-101.592159,21.319321],[-101.598118,21.318563],[-101.609277,21.324168],[-101.615791,21.335731],[-101.644977,21.337095],[-101.644674,21.333308],[-101.656,21.315661],[-101.656326,21.308733],[-101.678905,21.295419],[-101.685943,21.29512],[-101.692056,21.299902],[-101.706675,21.295201],[-101.712761,21.301722],[-101.721402,21.297918],[-101.731754,21.299413],[-101.734187,21.308686],[-101.74128,21.305912],[-101.750949,21.315858],[-101.784315,21.31467],[-101.788714,21.309122],[-101.795649,21.313085],[-101.811738,21.299572],[-101.823067,21.297199],[-101.830091,21.280741],[-101.847399,21.268893],[-101.85564,21.267575],[-101.872772,21.25164],[-101.887946,21.245488],[-101.912341,21.249444],[-101.947504,21.22406],[-101.959921,21.225708],[-101.973614,21.218469],[-101.975289,21.213821],[-101.970965,21.210848],[-101.967072,21.192789],[-101.978436,21.187728],[-101.984165,21.177893],[-101.991136,21.173786],[-101.986744,21.162614],[-101.981683,21.158317],[-101.985025,21.155166],[-101.984452,21.1502],[-101.991136,21.143802],[-101.983306,21.120407],[-101.991805,21.121457],[-102.009414,21.113905],[-102.009346,21.102013],[-102.004083,21.094358],[-102.013378,21.091487],[-102.016591,21.086566],[-102.011396,21.067633],[-102.016372,21.061453],[-102.014403,21.037765],[-102.019325,21.028265],[-102.031582,21.018608],[-102.036471,21.019095],[-102.063659,21.005565],[-102.080217,21.001866],[-102.096718,20.983482],[-102.103483,20.970718],[-102.104249,20.960251],[-102.115696,20.951549],[-102.126162,20.948959],[-102.12874,20.94096],[-102.152106,20.928522],[-102.168407,20.930553],[-102.200173,20.928201],[-102.20551,20.925832],[-102.205674,20.919685],[-102.210285,20.918972],[-102.249912,20.923747],[-102.260146,20.921163],[-102.258978,20.900385],[-102.263026,20.895481],[-102.269168,20.894338],[-102.269691,20.875197],[-102.274548,20.860199],[-102.2815,20.845296],[-102.294832,20.83363],[-102.287356,20.808966],[-102.2785,20.800872],[-102.276405,20.787921],[-102.282214,20.776637],[-102.296861,20.766525],[-102.315532,20.767137],[-102.321173,20.764501],[-102.330892,20.76863],[-102.332314,20.76337],[-102.343093,20.756984],[-102.35622,20.757199],[-102.364078,20.766985],[-102.369258,20.788139],[-102.373144,20.791593],[-102.381778,20.792313],[-102.389262,20.79073],[-102.400774,20.782527],[-102.412287,20.781807],[-102.421944,20.78603],[-102.450117,20.777392],[-102.458482,20.767129],[-102.467189,20.764835],[-102.467458,20.747927],[-102.476471,20.749859],[-102.485393,20.747413],[-102.503814,20.754321],[-102.523385,20.748276],[-102.532904,20.748914],[-102.548098,20.742712],[-102.560366,20.727969],[-102.56624,20.733474],[-102.569474,20.742946],[-102.577029,20.750877],[-102.588174,20.755258],[-102.590721,20.761336],[-102.586904,20.767243],[-102.587681,20.780188],[-102.580399,20.790287],[-102.580145,20.801793],[-102.574626,20.80341],[-102.574793,20.807187],[-102.594932,20.826987],[-102.601515,20.829631],[-102.601126,20.835909],[-102.596515,20.841465],[-102.604459,20.846354],[-102.610903,20.840131],[-102.628977,20.832199],[-102.634846,20.8347],[-102.646356,20.828693],[-102.668496,20.824353],[-102.67727,20.818252],[-102.682617,20.809604],[-102.704683,20.807302],[-102.708681,20.798117],[-102.717336,20.79476],[-102.729098,20.782998],[-102.739445,20.777432],[-102.760327,20.774475],[-102.777686,20.757493],[-102.798002,20.762777],[-102.820362,20.762777],[-102.837816,20.770953],[-102.844106,20.761927],[-102.862504,20.750669],[-102.862412,20.748015],[-102.850777,20.745659],[-102.845458,20.739473],[-102.849641,20.729252],[-102.867944,20.719597],[-102.880209,20.720352],[-102.89238,20.728875],[-102.908922,20.730447],[-102.921564,20.737712],[-102.967857,20.729252],[-102.977858,20.735385],[-102.998566,20.730806],[-103.017501,20.746251],[-103.031638,20.746648],[-103.043954,20.75378],[-103.047886,20.747239],[-103.058926,20.744195],[-103.075807,20.73238],[-103.081665,20.722515],[-103.087736,20.718769],[-103.117529,20.726766],[-103.12174,20.732423],[-103.129552,20.732475],[-103.163334,20.723722],[-103.166215,20.707801],[-103.175531,20.71083],[-103.184358,20.70531],[-103.206786,20.709104],[-103.220446,20.702779],[-103.246585,20.709769],[-103.274224,20.723202],[-103.277665,20.727505],[-103.276569,20.735607],[-103.265697,20.740764],[-103.25795,20.740012],[-103.248395,20.747203],[-103.246875,20.753367],[-103.235836,20.755859],[-103.215367,20.790554],[-103.209733,20.792633],[-103.207808,20.799895],[-103.201795,20.804709],[-103.202276,20.815146],[-103.196547,20.819081],[-103.189478,20.833124],[-103.198137,20.837881],[-103.200918,20.845661],[-103.197863,20.848625],[-103.191624,20.847086],[-103.184002,20.854687],[-103.17872,20.863557],[-103.178624,20.874914],[-103.166418,20.874522],[-103.159558,20.867678],[-103.153298,20.853653],[-103.153001,20.846329],[-103.1565,20.841983],[-103.152689,20.837793],[-103.137693,20.837569],[-103.111345,20.843938],[-103.106626,20.8397],[-103.104821,20.848814],[-103.095843,20.85848],[-103.09283,20.87135],[-103.085613,20.878126],[-103.081642,20.887957],[-103.069403,20.885714],[-103.045906,20.891413],[-103.03244,20.904102],[-103.025814,20.904305],[-103.02197,20.910201],[-103.008327,20.910407],[-102.990819,20.905579],[-102.984268,20.916054],[-102.978255,20.917076],[-102.979639,20.926185],[-102.96362,20.942912],[-102.968347,20.969767],[-102.975136,20.97292],[-102.994255,20.998426],[-103.028337,21.017389],[-103.028382,21.02466],[-103.032904,21.02936],[-103.036274,21.041554],[-103.048376,21.05427],[-103.050773,21.070241],[-103.055937,21.073417],[-103.052888,21.081913],[-103.036864,21.102383],[-103.039647,21.108729],[-103.036464,21.118597],[-103.041047,21.130145],[-103.034729,21.144384],[-103.03178,21.168985],[-103.027362,21.174354],[-103.007684,21.180022],[-103.010019,21.186354],[-103.007094,21.190638],[-103.016193,21.197463],[-103.032302,21.197227],[-103.047059,21.209877],[-103.056341,21.209142],[-103.059057,21.213084],[-103.065801,21.21431],[-103.0666,21.231885],[-103.052428,21.231189],[-103.04556,21.236145],[-103.04017,21.248621],[-103.04443,21.259488],[-103.034736,21.270443],[-103.033867,21.309435],[-103.025855,21.316114],[-103.026173,21.323563],[-103.020087,21.326823],[-103.019,21.334257],[-102.982659,21.354514],[-102.980877,21.362686],[-102.970966,21.374684],[-102.970227,21.384769],[-102.960055,21.404852],[-102.954273,21.405808],[-102.950863,21.401254],[-102.94253,21.398614],[-102.938668,21.403461],[-102.927279,21.402157],[-102.918237,21.41372],[-102.919845,21.423892],[-102.915498,21.431586],[-102.915064,21.453451],[-102.911369,21.455451],[-102.893502,21.451973],[-102.888243,21.45419],[-102.876028,21.451017],[-102.870594,21.454103],[-102.857466,21.448191],[-102.836992,21.45419],[-102.830167,21.451017],[-102.824548,21.471452],[-102.807992,21.483508],[-102.806974,21.494206],[-102.795087,21.512035],[-102.796615,21.526384],[-102.803068,21.530034],[-102.804426,21.543194],[-102.79738,21.553043],[-102.797295,21.559071],[-102.804172,21.571042],[-102.816907,21.580466],[-102.818181,21.585051],[-102.828199,21.587513],[-102.813586,21.606905],[-102.817513,21.617926],[-102.810769,21.628709],[-102.811116,21.637022],[-102.804574,21.637342],[-102.791989,21.648724],[-102.778096,21.642136],[-102.765447,21.654595],[-102.765313,21.660597],[-102.772737,21.669677],[-102.757147,21.672647],[-102.759724,21.682386],[-102.755491,21.691036],[-102.760288,21.692749],[-102.76103,21.696404],[-102.755519,21.703614],[-102.756885,21.709814],[-102.745239,21.715521],[-102.744199,21.719425],[-102.738175,21.721044],[-102.736046,21.712416],[-102.715982,21.70101],[-102.709019,21.705015],[-102.692145,21.705315],[-102.685726,21.709021],[-102.692776,21.714685],[-102.688703,21.727501],[-102.697804,21.740367],[-102.692547,21.743505],[-102.696195,21.752958],[-102.687483,21.754117],[-102.683722,21.760647],[-102.666031,21.764138],[-102.65999,21.762176],[-102.65038,21.766256],[-102.643829,21.762137],[-102.634101,21.76704],[-102.630728,21.774101],[-102.620844,21.777388],[-102.620372,21.783554],[-102.61288,21.789007],[-102.596484,21.787987],[-102.582009,21.795518],[-102.576636,21.792655],[-102.569222,21.801245],[-102.546118,21.801794],[-102.530388,21.812464],[-102.527054,21.804775],[-102.519288,21.807521],[-102.516139,21.813617],[-102.496694,21.813562],[-102.493909,21.82227],[-102.485083,21.825173],[-102.4817,21.833767],[-102.470962,21.84306],[-102.451663,21.848787],[-102.438902,21.844912],[-102.435366,21.847683],[-102.438165,21.853342],[-102.454736,21.856637],[-102.463187,21.865233],[-102.484779,21.873661],[-102.501536,21.890652],[-102.527417,21.900248],[-102.532379,21.908076],[-102.534646,21.923204],[-102.562096,21.919655],[-102.593194,21.945009],[-102.593208,21.955222],[-102.580144,21.96772],[-102.576821,21.981917],[-102.569277,21.983385],[-102.566202,21.98948],[-102.570296,21.994907],[-102.579908,21.996089],[-102.587157,22.015419],[-102.596845,22.022701],[-102.599669,22.037757],[-102.604501,22.041194],[-102.592957,22.059129],[-102.593869,22.068043],[-102.588983,22.076205],[-102.591399,22.0834],[-102.588715,22.093334],[-102.597628,22.108745],[-102.59054,22.118947],[-102.59816,22.125757],[-102.597768,22.141203],[-102.591753,22.150875],[-102.593691,22.176564],[-102.609607,22.191539],[-102.628623,22.197382],[-102.632898,22.205862],[-102.639188,22.19806],[-102.642893,22.199159],[-102.649157,22.215969],[-102.646883,22.220747],[-102.637846,22.224306],[-102.639647,22.232176],[-102.635474,22.248084],[-102.62734,22.251021],[-102.607685,22.273727],[-102.607261,22.281119],[-102.620679,22.283823],[-102.622935,22.293213],[-102.627012,22.296713],[-102.627807,22.307704],[-102.623217,22.313208],[-102.617146,22.337019],[-102.623669,22.347153],[-102.615378,22.360722],[-102.611191,22.362471],[-102.61082,22.368963],[-102.603577,22.380008],[-102.597094,22.37961],[-102.590576,22.385513],[-102.593038,22.392031],[-102.590902,22.397355],[-102.595356,22.401085],[-102.592278,22.40525],[-102.59293,22.426725],[-102.601896,22.442249],[-102.608613,22.443893],[-102.609575,22.450099],[-102.593962,22.461079],[-102.592412,22.47362],[-102.596044,22.489598],[-102.602977,22.496121],[-102.611153,22.496405],[-102.610468,22.508012],[-102.627123,22.526207],[-102.622006,22.54342],[-102.627945,22.553712],[-102.61413,22.558458],[-102.608706,22.563459],[-102.607773,22.573291],[-102.591179,22.587396],[-102.586404,22.59981],[-102.570295,22.59567],[-102.56383,22.586012],[-102.554783,22.581746],[-102.523843,22.584371],[-102.517374,22.572323],[-102.508561,22.579355],[-102.482358,22.585645],[-102.477125,22.592298],[-102.475205,22.602857],[-102.463988,22.612052],[-102.46259,22.624212],[-102.449857,22.625411],[-102.448278,22.628086],[-102.442682,22.624642],[-102.438701,22.626257],[-102.450916,22.667178],[-102.440423,22.69803],[-102.436764,22.701366],[-102.419741,22.703191],[-102.415009,22.701098],[-102.407977,22.718677]]]}},{"type":"Feature","id":"basin-RH12J","properties":{"id":"basin-RH12J","sourceId":"RH12J","name":"R. JUCHIPILA","nameJa":"R. JUCHIPILA","sourceName":"R. JUCHIPILA","basinType":"EXORREICA","sourceArea":"8492.54 km²","sourcePerimeter":"726.78 km","unit":"domestic basin boundary","observedPeriod":null},"geometry":{"type":"Polygon","coordinates":[[[-102.771938,22.772266],[-102.712048,22.769478],[-102.673811,22.763835],[-102.657572,22.75059],[-102.639156,22.742417],[-102.625192,22.723071],[-102.621943,22.724389],[-102.593514,22.714909],[-102.583515,22.708862],[-102.576555,22.71054],[-102.578505,22.70075],[-102.585618,22.691524],[-102.586957,22.673212],[-102.583184,22.669859],[-102.586713,22.663247],[-102.587525,22.639879],[-102.592961,22.627505],[-102.591582,22.615983],[-102.587079,22.611682],[-102.585708,22.596371],[-102.591179,22.587396],[-102.607773,22.573291],[-102.607265,22.566425],[-102.611248,22.560747],[-102.627945,22.553712],[-102.622006,22.54342],[-102.627123,22.526207],[-102.610468,22.508012],[-102.611153,22.496405],[-102.602977,22.496121],[-102.596044,22.489598],[-102.592412,22.47362],[-102.593962,22.461079],[-102.609575,22.450099],[-102.608613,22.443893],[-102.601896,22.442249],[-102.59293,22.426725],[-102.592278,22.40525],[-102.595356,22.401085],[-102.590902,22.397355],[-102.593038,22.392031],[-102.590576,22.385513],[-102.597094,22.37961],[-102.603577,22.380008],[-102.61082,22.368963],[-102.611191,22.362471],[-102.615378,22.360722],[-102.623669,22.347153],[-102.617146,22.337019],[-102.623217,22.313208],[-102.627807,22.307704],[-102.627012,22.296713],[-102.622935,22.293213],[-102.620679,22.283823],[-102.607261,22.281119],[-102.607685,22.273727],[-102.62734,22.251021],[-102.635474,22.248084],[-102.639647,22.232176],[-102.637846,22.224306],[-102.646883,22.220747],[-102.648747,22.213235],[-102.644936,22.210256],[-102.642893,22.199159],[-102.639188,22.19806],[-102.632898,22.205862],[-102.628623,22.197382],[-102.609607,22.191539],[-102.593691,22.176564],[-102.591753,22.150875],[-102.597768,22.141203],[-102.59816,22.125757],[-102.59054,22.118947],[-102.597628,22.108745],[-102.588715,22.093334],[-102.591399,22.0834],[-102.588983,22.076205],[-102.593869,22.068043],[-102.592957,22.059129],[-102.604501,22.041194],[-102.599669,22.037757],[-102.596845,22.022701],[-102.587157,22.015419],[-102.579908,21.996089],[-102.570296,21.994907],[-102.566202,21.98948],[-102.569277,21.983385],[-102.576821,21.981917],[-102.580144,21.96772],[-102.593208,21.955222],[-102.593194,21.945009],[-102.562096,21.919655],[-102.534646,21.923204],[-102.532379,21.908076],[-102.527417,21.900248],[-102.501536,21.890652],[-102.484779,21.873661],[-102.463187,21.865233],[-102.454736,21.856637],[-102.438165,21.853342],[-102.435366,21.847683],[-102.438902,21.844912],[-102.451663,21.848787],[-102.470962,21.84306],[-102.4817,21.833767],[-102.485083,21.825173],[-102.493909,21.82227],[-102.496694,21.813562],[-102.516139,21.813617],[-102.519288,21.807521],[-102.527054,21.804775],[-102.530388,21.812464],[-102.546118,21.801794],[-102.569222,21.801245],[-102.576636,21.792655],[-102.582009,21.795518],[-102.596484,21.787987],[-102.61288,21.789007],[-102.620372,21.783554],[-102.620844,21.777388],[-102.630728,21.774101],[-102.634101,21.76704],[-102.643829,21.762137],[-102.65038,21.766256],[-102.65999,21.762176],[-102.666031,21.764138],[-102.683722,21.760647],[-102.687483,21.754117],[-102.696313,21.752331],[-102.692547,21.743505],[-102.697804,21.740367],[-102.69749,21.737386],[-102.688429,21.725657],[-102.692776,21.714685],[-102.685726,21.709021],[-102.691645,21.70553],[-102.706363,21.705637],[-102.716898,21.70124],[-102.736046,21.712416],[-102.739055,21.721424],[-102.756885,21.709814],[-102.755519,21.703614],[-102.76103,21.696404],[-102.760288,21.692749],[-102.755491,21.691036],[-102.759724,21.682386],[-102.757147,21.672647],[-102.772737,21.669677],[-102.765313,21.660597],[-102.765142,21.655058],[-102.778096,21.642136],[-102.791989,21.648724],[-102.804574,21.637342],[-102.811116,21.637022],[-102.810769,21.628709],[-102.817513,21.617926],[-102.813586,21.606905],[-102.828114,21.588532],[-102.826501,21.585561],[-102.818181,21.585051],[-102.816907,21.580466],[-102.804172,21.571042],[-102.797295,21.559071],[-102.79738,21.553043],[-102.804426,21.543194],[-102.803068,21.530034],[-102.796615,21.526384],[-102.795087,21.512035],[-102.806974,21.494206],[-102.807992,21.483508],[-102.824548,21.471452],[-102.829297,21.451365],[-102.836992,21.45419],[-102.857466,21.448191],[-102.870594,21.454103],[-102.876028,21.451017],[-102.888243,21.45419],[-102.893502,21.451973],[-102.914368,21.453973],[-102.915498,21.431586],[-102.919845,21.423892],[-102.917802,21.414589],[-102.926453,21.402939],[-102.938668,21.403461],[-102.942984,21.398614],[-102.950863,21.401254],[-102.954273,21.405808],[-102.960055,21.404852],[-102.970227,21.384769],[-102.970966,21.374684],[-102.980877,21.362686],[-102.982659,21.354514],[-103.018478,21.334865],[-103.020087,21.326823],[-103.026173,21.323563],[-103.025855,21.316114],[-103.033867,21.309435],[-103.034736,21.270443],[-103.045125,21.257054],[-103.040518,21.247491],[-103.04556,21.236145],[-103.052428,21.231189],[-103.0666,21.231885],[-103.065801,21.21431],[-103.059057,21.213084],[-103.056341,21.209142],[-103.047059,21.209877],[-103.032302,21.197227],[-103.016193,21.197463],[-103.007094,21.190638],[-103.010019,21.186354],[-103.007684,21.180022],[-103.027362,21.174354],[-103.03178,21.168985],[-103.034729,21.144384],[-103.041047,21.130145],[-103.036959,21.112179],[-103.066274,21.091222],[-103.081287,21.06759],[-103.088204,21.068535],[-103.098158,21.063644],[-103.105017,21.056258],[-103.106382,21.047895],[-103.118174,21.040617],[-103.119328,21.02991],[-103.133955,21.01238],[-103.129681,20.998091],[-103.142937,20.974726],[-103.159344,20.962262],[-103.166593,20.967382],[-103.174249,20.967207],[-103.180941,20.951687],[-103.192604,20.943849],[-103.203114,20.929602],[-103.211417,20.93091],[-103.227382,20.921124],[-103.251048,20.919684],[-103.258309,20.934234],[-103.273856,20.926835],[-103.291289,20.936108],[-103.290036,20.954218],[-103.308996,20.94737],[-103.315655,20.970187],[-103.337035,20.96928],[-103.341495,20.998735],[-103.351082,21.004266],[-103.355924,21.011778],[-103.352139,21.028446],[-103.35587,21.038124],[-103.363256,21.042534],[-103.371825,21.040644],[-103.38533,21.028346],[-103.392116,21.026768],[-103.406677,21.034882],[-103.422803,21.050021],[-103.427733,21.049346],[-103.420177,21.064463],[-103.413804,21.089187],[-103.42793,21.098485],[-103.42785,21.114935],[-103.414788,21.13547],[-103.418096,21.138987],[-103.428616,21.141132],[-103.428179,21.145097],[-103.441417,21.153234],[-103.442027,21.159997],[-103.435992,21.173793],[-103.441344,21.187232],[-103.42957,21.191875],[-103.420259,21.198494],[-103.419893,21.202066],[-103.431114,21.217919],[-103.434964,21.23045],[-103.461331,21.2382],[-103.463644,21.257612],[-103.471945,21.264727],[-103.475576,21.276099],[-103.479573,21.278795],[-103.484452,21.276936],[-103.479015,21.286509],[-103.48323,21.318117],[-103.477413,21.323957],[-103.478283,21.328626],[-103.466699,21.337863],[-103.470464,21.345717],[-103.46873,21.356312],[-103.455593,21.362112],[-103.452301,21.367334],[-103.438196,21.370589],[-103.433399,21.366706],[-103.42449,21.368305],[-103.418094,21.362994],[-103.409985,21.36425],[-103.403817,21.361338],[-103.393367,21.365963],[-103.380864,21.350354],[-103.370467,21.371046],[-103.355905,21.372017],[-103.355391,21.388463],[-103.346996,21.39658],[-103.342998,21.416139],[-103.332219,21.430059],[-103.319799,21.428917],[-103.317728,21.418923],[-103.304094,21.403647],[-103.301567,21.394966],[-103.294856,21.392872],[-103.295314,21.381589],[-103.28739,21.3873],[-103.276604,21.385357],[-103.271179,21.398968],[-103.273167,21.408795],[-103.271121,21.416298],[-103.256616,21.424693],[-103.255474,21.431203],[-103.234458,21.432174],[-103.222119,21.443042],[-103.216218,21.464679],[-103.223296,21.467452],[-103.22786,21.473988],[-103.225892,21.485427],[-103.229341,21.506631],[-103.235659,21.508739],[-103.240742,21.516506],[-103.237772,21.523416],[-103.24057,21.533524],[-103.234517,21.552598],[-103.227607,21.555738],[-103.226579,21.561678],[-103.220183,21.565332],[-103.217727,21.579381],[-103.209528,21.586298],[-103.212159,21.601852],[-103.206538,21.603777],[-103.20292,21.610045],[-103.211417,21.617728],[-103.203384,21.620827],[-103.200408,21.625785],[-103.202636,21.629902],[-103.199336,21.633568],[-103.202184,21.642113],[-103.209375,21.645299],[-103.209742,21.651418],[-103.213351,21.653336],[-103.209009,21.663318],[-103.210137,21.668874],[-103.200521,21.679138],[-103.197503,21.676854],[-103.187464,21.683227],[-103.184644,21.690277],[-103.179963,21.690502],[-103.178023,21.701838],[-103.168636,21.70482],[-103.169204,21.710592],[-103.17537,21.716233],[-103.172219,21.729181],[-103.180005,21.737483],[-103.176823,21.742615],[-103.169228,21.740159],[-103.164963,21.744217],[-103.158317,21.762713],[-103.143225,21.780447],[-103.147051,21.794324],[-103.160014,21.797922],[-103.157901,21.807459],[-103.160528,21.810371],[-103.16721,21.812313],[-103.183314,21.80506],[-103.198276,21.811171],[-103.194678,21.84098],[-103.187826,21.846748],[-103.191949,21.859225],[-103.188202,21.860629],[-103.187083,21.875016],[-103.174348,21.889464],[-103.174919,21.894947],[-103.179545,21.897516],[-103.178403,21.90614],[-103.180928,21.911164],[-103.170065,21.914934],[-103.155731,21.913278],[-103.148491,21.920785],[-103.128034,21.920017],[-103.121366,21.922956],[-103.116956,21.932751],[-103.100971,21.931332],[-103.090063,21.9258],[-103.071441,21.924585],[-103.058078,21.928012],[-103.052425,21.936292],[-103.046771,21.937377],[-103.048444,21.944826],[-103.043142,21.961856],[-103.03318,21.968615],[-103.028897,21.98569],[-103.0241,21.989744],[-103.020159,22.006991],[-103.021244,22.019897],[-103.01679,22.031889],[-103.005997,22.040284],[-103.002684,22.048565],[-103.004461,22.054902],[-102.996708,22.073784],[-103.007709,22.085053],[-103.024593,22.075996],[-103.028978,22.063211],[-103.036285,22.067486],[-103.04188,22.066668],[-103.047818,22.071691],[-103.054419,22.071416],[-103.073046,22.056526],[-103.113549,22.049327],[-103.129509,22.059588],[-103.151692,22.060757],[-103.157396,22.064739],[-103.152015,22.077627],[-103.153516,22.095887],[-103.144192,22.115649],[-103.146792,22.129265],[-103.137521,22.131453],[-103.131887,22.141609],[-103.121433,22.14506],[-103.112159,22.168559],[-103.08869,22.17578],[-103.086288,22.188138],[-103.076218,22.201692],[-103.073283,22.213839],[-103.066002,22.216994],[-103.061782,22.235708],[-103.052689,22.239827],[-103.051926,22.248502],[-103.057328,22.251638],[-103.059772,22.266328],[-103.054688,22.269798],[-103.058904,22.277135],[-103.055803,22.297276],[-103.057522,22.30765],[-103.060476,22.310212],[-103.070721,22.308483],[-103.083188,22.31631],[-103.07556,22.321197],[-103.074593,22.330735],[-103.063973,22.332541],[-103.055765,22.341263],[-103.058171,22.348471],[-103.067039,22.354219],[-103.067203,22.361664],[-103.038792,22.364565],[-103.03507,22.369218],[-103.028455,22.368379],[-103.024697,22.375623],[-103.015746,22.378469],[-103.005674,22.405621],[-102.994515,22.414989],[-102.993522,22.425656],[-102.996368,22.430582],[-102.990894,22.43206],[-102.989088,22.437151],[-102.983504,22.440272],[-102.978851,22.451056],[-102.973979,22.448592],[-102.967301,22.451439],[-102.963031,22.462223],[-102.938671,22.47131],[-102.935114,22.480157],[-102.940532,22.489374],[-102.940294,22.504751],[-102.932157,22.509628],[-102.920005,22.510176],[-102.933451,22.529794],[-102.914441,22.538009],[-102.919367,22.547528],[-102.919415,22.570536],[-102.898895,22.568049],[-102.895642,22.571827],[-102.887606,22.569866],[-102.87153,22.573919],[-102.862542,22.581622],[-102.836121,22.59476],[-102.825173,22.596512],[-102.823319,22.603786],[-102.826587,22.617663],[-102.817522,22.645077],[-102.809956,22.646671],[-102.809117,22.652114],[-102.799312,22.654343],[-102.792479,22.66385],[-102.77906,22.666969],[-102.777426,22.677764],[-102.77183,22.685291],[-102.782298,22.698984],[-102.791996,22.70427],[-102.7962,22.720711],[-102.815433,22.731294],[-102.805399,22.733406],[-102.805149,22.741064],[-102.810934,22.743436],[-102.813765,22.749388],[-102.812433,22.759003],[-102.808021,22.762291],[-102.808174,22.766952],[-102.799427,22.766849],[-102.792198,22.772521],[-102.78652,22.769113],[-102.783373,22.776762],[-102.771938,22.772266]]]}},{"type":"Feature","id":"basin-RH12K","properties":{"id":"basin-RH12K","sourceId":"RH12K","name":"R. BOLAÑOS","nameJa":"R. BOLAÑOS","sourceName":"R. BOLAÑOS","basinType":"EXORREICA","sourceArea":"14925.91 km²","sourcePerimeter":"892.85 km","unit":"domestic basin boundary","observedPeriod":null},"geometry":{"type":"Polygon","coordinates":[[[-103.453265,23.105276],[-103.449645,23.100855],[-103.452533,23.098133],[-103.444274,23.086267],[-103.45035,23.081773],[-103.445569,23.073801],[-103.439938,23.071464],[-103.427514,23.072437],[-103.409585,23.084695],[-103.400786,23.081634],[-103.393977,23.074393],[-103.388074,23.077743],[-103.372665,23.074283],[-103.36758,23.068623],[-103.367735,23.063196],[-103.362344,23.059639],[-103.367374,23.05127],[-103.357339,23.046712],[-103.35317,23.03312],[-103.334413,23.028138],[-103.332053,23.023445],[-103.326027,23.021981],[-103.316812,23.008461],[-103.320391,23.004966],[-103.314109,22.9964],[-103.308338,22.995318],[-103.306522,22.988255],[-103.299131,22.98469],[-103.296703,22.979295],[-103.28632,22.97734],[-103.284432,22.97235],[-103.274688,22.975997],[-103.267372,22.975048],[-103.267608,22.968488],[-103.25332,22.962485],[-103.253955,22.952595],[-103.258232,22.948868],[-103.249504,22.938435],[-103.239997,22.9354],[-103.232378,22.940255],[-103.214914,22.942008],[-103.204261,22.936681],[-103.201496,22.927376],[-103.183281,22.927405],[-103.202574,22.890057],[-103.203182,22.868243],[-103.210059,22.861028],[-103.206874,22.854018],[-103.212846,22.849021],[-103.212205,22.845974],[-103.219743,22.843233],[-103.215892,22.819492],[-103.230211,22.806479],[-103.231045,22.799949],[-103.226671,22.795743],[-103.229207,22.782848],[-103.237797,22.770023],[-103.233502,22.763074],[-103.238796,22.754208],[-103.235925,22.750974],[-103.225776,22.750528],[-103.230801,22.740078],[-103.227147,22.733396],[-103.228746,22.728371],[-103.225638,22.717632],[-103.232344,22.71144],[-103.232123,22.703611],[-103.222844,22.702425],[-103.209414,22.681344],[-103.207097,22.680028],[-103.202149,22.688085],[-103.190339,22.693518],[-103.189996,22.703383],[-103.193176,22.709669],[-103.190905,22.715143],[-103.179706,22.718119],[-103.168053,22.71431],[-103.164875,22.718624],[-103.151405,22.721953],[-103.132545,22.718938],[-103.13543,22.724597],[-103.133921,22.72938],[-103.127695,22.730662],[-103.131029,22.742602],[-103.126437,22.746195],[-103.12695,22.750559],[-103.133361,22.74936],[-103.136194,22.755589],[-103.154008,22.759061],[-103.154541,22.777327],[-103.159338,22.778667],[-103.161179,22.783771],[-103.170467,22.785123],[-103.171933,22.797288],[-103.166051,22.802914],[-103.154992,22.838809],[-103.142571,22.852777],[-103.119871,22.865935],[-103.078049,22.87801],[-103.076107,22.881094],[-103.079819,22.88709],[-103.07171,22.899438],[-103.063715,22.896341],[-103.036088,22.897128],[-103.036246,22.908048],[-103.026481,22.915872],[-103.035789,22.919184],[-103.03973,22.927579],[-103.030478,22.941684],[-103.031678,22.948823],[-103.025787,22.953523],[-103.024303,22.963693],[-103.028921,22.967002],[-103.024078,22.974515],[-103.024333,22.982992],[-103.020056,22.982843],[-103.017748,22.987864],[-103.02986,22.99881],[-103.02453,23.001784],[-103.023697,23.01261],[-103.014778,23.035147],[-103.005832,23.036273],[-103.000967,23.030407],[-102.989794,23.026946],[-102.983173,23.015842],[-102.966963,23.01966],[-102.937004,23.002921],[-102.920403,22.99953],[-102.895385,22.98141],[-102.899125,22.970165],[-102.895241,22.96297],[-102.901809,22.954004],[-102.884391,22.940013],[-102.884519,22.923493],[-102.876603,22.913813],[-102.881107,22.907072],[-102.87848,22.898163],[-102.873797,22.895707],[-102.879232,22.884866],[-102.855309,22.879307],[-102.851099,22.863566],[-102.837277,22.858825],[-102.834964,22.845164],[-102.837844,22.829365],[-102.830643,22.817624],[-102.833611,22.809855],[-102.824229,22.800525],[-102.812899,22.803009],[-102.808733,22.795976],[-102.813883,22.788033],[-102.808657,22.782318],[-102.81294,22.773866],[-102.807813,22.762999],[-102.812225,22.759544],[-102.813765,22.749388],[-102.804816,22.739024],[-102.805525,22.733017],[-102.815433,22.731294],[-102.7962,22.720711],[-102.791996,22.70427],[-102.782298,22.698984],[-102.77183,22.685291],[-102.777426,22.677764],[-102.77906,22.666969],[-102.792479,22.66385],[-102.799312,22.654343],[-102.809117,22.652114],[-102.809956,22.646671],[-102.817522,22.645077],[-102.826587,22.617663],[-102.823319,22.603786],[-102.826341,22.59549],[-102.836121,22.59476],[-102.862542,22.581622],[-102.87153,22.573919],[-102.887606,22.569866],[-102.895642,22.571827],[-102.898895,22.568049],[-102.919415,22.570536],[-102.919367,22.547528],[-102.914441,22.538009],[-102.933451,22.529794],[-102.920005,22.510176],[-102.932157,22.509628],[-102.940294,22.504751],[-102.940532,22.489374],[-102.935114,22.480157],[-102.938671,22.47131],[-102.963031,22.462223],[-102.967301,22.451439],[-102.973979,22.448592],[-102.978851,22.451056],[-102.983504,22.440272],[-102.989088,22.437151],[-102.990894,22.43206],[-102.996368,22.430582],[-102.993522,22.425656],[-102.994515,22.414989],[-103.005674,22.405621],[-103.015746,22.378469],[-103.024697,22.375623],[-103.028455,22.368379],[-103.03507,22.369218],[-103.038792,22.364565],[-103.049686,22.364291],[-103.054065,22.361226],[-103.064904,22.363032],[-103.06789,22.360438],[-103.067039,22.354219],[-103.058171,22.348471],[-103.055543,22.341902],[-103.063973,22.332541],[-103.074593,22.330735],[-103.07556,22.321197],[-103.083188,22.31631],[-103.070721,22.308483],[-103.060476,22.310212],[-103.057522,22.30765],[-103.055803,22.297276],[-103.058904,22.277135],[-103.054688,22.269798],[-103.059772,22.266328],[-103.057328,22.251638],[-103.051926,22.248502],[-103.052689,22.239827],[-103.061782,22.235708],[-103.066002,22.216994],[-103.073283,22.213839],[-103.076218,22.201692],[-103.086288,22.188138],[-103.08869,22.17578],[-103.112159,22.168559],[-103.121433,22.14506],[-103.131887,22.141609],[-103.137521,22.131453],[-103.146792,22.129265],[-103.144192,22.115649],[-103.153516,22.095887],[-103.152015,22.077627],[-103.157396,22.064739],[-103.150771,22.060506],[-103.129509,22.059588],[-103.113549,22.049327],[-103.073046,22.056526],[-103.054419,22.071416],[-103.047818,22.071691],[-103.04188,22.066668],[-103.036285,22.067486],[-103.028978,22.063211],[-103.024593,22.075996],[-103.007709,22.085053],[-102.996708,22.073784],[-103.004461,22.054902],[-103.002684,22.048565],[-103.005997,22.040284],[-103.01679,22.031889],[-103.021244,22.019897],[-103.020159,22.006991],[-103.0241,21.989744],[-103.028897,21.98569],[-103.03318,21.968615],[-103.043142,21.961856],[-103.048444,21.944826],[-103.046771,21.937377],[-103.052425,21.936292],[-103.058078,21.928012],[-103.071441,21.924585],[-103.090063,21.9258],[-103.100971,21.931332],[-103.116956,21.932751],[-103.121366,21.922956],[-103.128034,21.920017],[-103.148491,21.920785],[-103.155731,21.913278],[-103.170065,21.914934],[-103.180928,21.911164],[-103.178403,21.90614],[-103.179545,21.897516],[-103.174919,21.894947],[-103.174348,21.889464],[-103.187083,21.875016],[-103.188202,21.860629],[-103.191949,21.859225],[-103.187826,21.846748],[-103.194678,21.84098],[-103.198276,21.811171],[-103.183314,21.80506],[-103.16721,21.812313],[-103.160528,21.810371],[-103.157901,21.807459],[-103.160014,21.797922],[-103.147051,21.794324],[-103.143225,21.780447],[-103.158317,21.762713],[-103.164963,21.744217],[-103.169228,21.740159],[-103.176823,21.742615],[-103.180005,21.737483],[-103.172219,21.729181],[-103.17537,21.716233],[-103.169204,21.710592],[-103.168636,21.70482],[-103.178023,21.701838],[-103.179963,21.690502],[-103.184644,21.690277],[-103.187464,21.683227],[-103.197503,21.676854],[-103.200521,21.679138],[-103.210137,21.668874],[-103.209009,21.663318],[-103.213351,21.653336],[-103.209742,21.651418],[-103.209375,21.645299],[-103.202184,21.642113],[-103.199336,21.633568],[-103.202636,21.629902],[-103.200408,21.625785],[-103.203384,21.620827],[-103.211417,21.617728],[-103.20292,21.610045],[-103.206538,21.603777],[-103.212159,21.601852],[-103.209528,21.586298],[-103.217727,21.579381],[-103.220183,21.565332],[-103.226579,21.561678],[-103.227607,21.555738],[-103.234517,21.552598],[-103.24057,21.533524],[-103.237772,21.523416],[-103.240742,21.516506],[-103.235659,21.508739],[-103.229341,21.506631],[-103.225892,21.485427],[-103.22786,21.473988],[-103.223296,21.467452],[-103.216218,21.464679],[-103.216027,21.45784],[-103.221383,21.451909],[-103.222348,21.442688],[-103.234458,21.432174],[-103.255474,21.431203],[-103.256616,21.424693],[-103.271121,21.416298],[-103.273167,21.408795],[-103.271179,21.398968],[-103.276604,21.385357],[-103.28739,21.3873],[-103.295314,21.381589],[-103.294856,21.392872],[-103.301567,21.394966],[-103.304094,21.403647],[-103.317728,21.418923],[-103.319799,21.428917],[-103.332219,21.430059],[-103.342998,21.416139],[-103.346996,21.39658],[-103.355391,21.388463],[-103.355905,21.372017],[-103.370467,21.371046],[-103.380864,21.350354],[-103.393367,21.365963],[-103.403817,21.361338],[-103.409985,21.36425],[-103.418094,21.362994],[-103.42449,21.368305],[-103.433399,21.366706],[-103.439852,21.370532],[-103.452872,21.367105],[-103.455593,21.362112],[-103.469097,21.35626],[-103.491365,21.365933],[-103.493926,21.370938],[-103.508335,21.380831],[-103.508218,21.39051],[-103.533287,21.420689],[-103.537826,21.436679],[-103.525343,21.448472],[-103.537398,21.450468],[-103.54662,21.462963],[-103.552647,21.463641],[-103.558648,21.482389],[-103.57216,21.480579],[-103.590169,21.487882],[-103.597444,21.480026],[-103.610791,21.474591],[-103.616473,21.4773],[-103.630336,21.475849],[-103.637986,21.474214],[-103.640775,21.469871],[-103.665305,21.46333],[-103.697593,21.464813],[-103.711338,21.45072],[-103.706456,21.444835],[-103.700169,21.444011],[-103.695916,21.437533],[-103.698769,21.4265],[-103.694852,21.413454],[-103.696751,21.404689],[-103.702039,21.404086],[-103.707191,21.40995],[-103.714962,21.399923],[-103.726429,21.394991],[-103.736938,21.385632],[-103.741832,21.379193],[-103.742098,21.368456],[-103.746521,21.359469],[-103.74404,21.353502],[-103.745722,21.345381],[-103.75223,21.347182],[-103.763566,21.344142],[-103.765278,21.337898],[-103.762235,21.330707],[-103.764838,21.32641],[-103.768286,21.326752],[-103.769016,21.321997],[-103.775085,21.319517],[-103.772759,21.314696],[-103.781201,21.308431],[-103.791039,21.307599],[-103.805841,21.296068],[-103.807046,21.289764],[-103.814529,21.287413],[-103.822865,21.27531],[-103.8309,21.280616],[-103.846613,21.278347],[-103.852104,21.281271],[-103.863202,21.274841],[-103.867838,21.267383],[-103.882447,21.267864],[-103.885917,21.258769],[-103.894713,21.252145],[-103.897899,21.245617],[-103.896176,21.241356],[-103.903081,21.234235],[-103.907845,21.222075],[-103.922047,21.216764],[-103.919044,21.210119],[-103.921247,21.201613],[-103.916763,21.191897],[-103.925352,21.182901],[-103.940175,21.186298],[-103.952116,21.18316],[-103.96348,21.189319],[-103.965543,21.186492],[-103.997458,21.180241],[-104.00479,21.173169],[-104.024125,21.176255],[-104.033958,21.17143],[-104.050047,21.185594],[-104.058713,21.187529],[-104.064793,21.181881],[-104.069728,21.185692],[-104.069032,21.190179],[-104.07342,21.194902],[-104.06769,21.218571],[-104.051559,21.240238],[-104.066284,21.253671],[-104.06369,21.261311],[-104.072129,21.269363],[-104.070013,21.282892],[-104.074297,21.287886],[-104.07049,21.291693],[-104.071474,21.300957],[-104.066658,21.305523],[-104.049447,21.310757],[-104.048361,21.313858],[-104.052885,21.318214],[-104.043659,21.324953],[-104.048197,21.342654],[-104.053064,21.348715],[-104.051764,21.353825],[-104.055933,21.358328],[-104.049388,21.374029],[-104.057855,21.394192],[-104.052805,21.410007],[-104.02916,21.417516],[-104.030881,21.427692],[-104.012958,21.454996],[-104.00263,21.46497],[-103.998248,21.488019],[-103.987194,21.508517],[-103.959282,21.524506],[-103.964866,21.550495],[-103.956442,21.570955],[-103.956296,21.582474],[-103.946003,21.59077],[-103.943915,21.607524],[-103.937893,21.619964],[-103.932968,21.642268],[-103.927829,21.64504],[-103.928534,21.651993],[-103.917075,21.654793],[-103.903524,21.688111],[-103.899515,21.690123],[-103.898842,21.699945],[-103.903438,21.708742],[-103.901888,21.718163],[-103.897404,21.722105],[-103.898302,21.733591],[-103.894518,21.740283],[-103.888752,21.740257],[-103.884231,21.747221],[-103.885319,21.751425],[-103.890818,21.753133],[-103.892003,21.758563],[-103.883548,21.766513],[-103.889088,21.770781],[-103.887111,21.778216],[-103.889468,21.78308],[-103.884534,21.789186],[-103.887779,21.8021],[-103.883456,21.808136],[-103.884803,21.811644],[-103.877349,21.820739],[-103.875787,21.836038],[-103.872659,21.83752],[-103.874138,21.856528],[-103.867083,21.865023],[-103.857814,21.869653],[-103.860873,21.882461],[-103.869327,21.888877],[-103.86823,21.901278],[-103.874252,21.913759],[-103.871451,21.921615],[-103.87758,21.926232],[-103.869463,21.934624],[-103.869482,21.938121],[-103.878394,21.945783],[-103.871692,21.952427],[-103.874765,21.960368],[-103.884482,21.967709],[-103.882846,21.976961],[-103.873727,21.981329],[-103.874109,21.988854],[-103.878145,21.98995],[-103.883467,21.98597],[-103.889191,22.016327],[-103.887527,22.020944],[-103.880504,22.024167],[-103.881368,22.037456],[-103.873762,22.047717],[-103.877248,22.058551],[-103.870668,22.0705],[-103.875106,22.079364],[-103.870559,22.085944],[-103.873832,22.096381],[-103.870718,22.103002],[-103.875674,22.106175],[-103.870725,22.111215],[-103.878032,22.132696],[-103.885935,22.134563],[-103.891264,22.15277],[-103.90418,22.163968],[-103.905781,22.172936],[-103.896139,22.175794],[-103.887799,22.171974],[-103.887625,22.198488],[-103.883349,22.197857],[-103.876921,22.208856],[-103.861997,22.22156],[-103.861122,22.229805],[-103.865622,22.243729],[-103.861634,22.248126],[-103.861368,22.258922],[-103.855013,22.262521],[-103.851056,22.258676],[-103.842216,22.258354],[-103.837394,22.26579],[-103.835668,22.276507],[-103.830734,22.278096],[-103.830174,22.288495],[-103.837463,22.30687],[-103.837712,22.318057],[-103.844115,22.326867],[-103.845527,22.34449],[-103.831899,22.355111],[-103.827222,22.35493],[-103.815397,22.376388],[-103.809104,22.397297],[-103.813735,22.407832],[-103.809194,22.423652],[-103.812373,22.436123],[-103.803857,22.443168],[-103.802061,22.455632],[-103.804585,22.463598],[-103.788586,22.471854],[-103.78343,22.485178],[-103.786578,22.490765],[-103.785661,22.509398],[-103.771207,22.545813],[-103.772462,22.555678],[-103.764957,22.565072],[-103.762464,22.579446],[-103.753639,22.580653],[-103.748898,22.590394],[-103.749905,22.635618],[-103.745635,22.640742],[-103.747738,22.647918],[-103.737448,22.657565],[-103.737726,22.666107],[-103.723622,22.67342],[-103.731614,22.677256],[-103.746314,22.692142],[-103.730872,22.720824],[-103.723234,22.725993],[-103.729347,22.736075],[-103.727271,22.743393],[-103.736211,22.756281],[-103.719587,22.768248],[-103.727486,22.784724],[-103.719932,22.802414],[-103.725924,22.809777],[-103.719979,22.814545],[-103.722977,22.829663],[-103.722059,22.847804],[-103.711203,22.846953],[-103.702811,22.854013],[-103.681681,22.857056],[-103.676504,22.875716],[-103.678247,22.882775],[-103.671074,22.892708],[-103.666562,22.907316],[-103.673862,22.914036],[-103.671913,22.918062],[-103.676394,22.921067],[-103.67879,22.932653],[-103.673375,22.937114],[-103.674791,22.947749],[-103.666794,22.960454],[-103.665366,22.96945],[-103.657894,22.972315],[-103.6484,22.969062],[-103.644988,22.974092],[-103.636407,22.972374],[-103.632353,22.977057],[-103.623844,22.971575],[-103.618647,22.980883],[-103.618632,22.991347],[-103.613507,23.006239],[-103.604256,23.016746],[-103.601842,23.032065],[-103.590607,23.035592],[-103.570734,23.035477],[-103.559941,23.04016],[-103.557143,23.055351],[-103.55897,23.062261],[-103.563995,23.063117],[-103.567022,23.069627],[-103.559884,23.081277],[-103.562996,23.088901],[-103.539125,23.086788],[-103.540267,23.095354],[-103.512686,23.099939],[-103.505089,23.09367],[-103.497142,23.092827],[-103.486703,23.083514],[-103.48586,23.087701],[-103.478565,23.085822],[-103.473687,23.088032],[-103.462274,23.103135],[-103.453265,23.105276]]]}},{"type":"Feature","id":"basin-RH12L","properties":{"id":"basin-RH12L","sourceId":"RH12L","name":"R. HUAYNAMOTA","nameJa":"R. HUAYNAMOTA","sourceName":"R. HUAYNAMOTA","basinType":"EXORREICA","sourceArea":"17765.78 km²","sourcePerimeter":"911.81 km","unit":"domestic basin boundary","observedPeriod":null},"geometry":{"type":"Polygon","coordinates":[[[-104.045497,23.416499],[-104.026382,23.408692],[-104.019994,23.397543],[-104.02244,23.392023],[-104.017599,23.382528],[-104.001108,23.369477],[-104.000879,23.36048],[-103.993874,23.352765],[-103.99337,23.321814],[-103.985335,23.313412],[-103.970531,23.307087],[-103.965561,23.296921],[-103.966196,23.290428],[-103.958436,23.286307],[-103.95174,23.276403],[-103.946816,23.274258],[-103.9475,23.271231],[-103.932452,23.26504],[-103.920733,23.264588],[-103.916965,23.277827],[-103.911671,23.277789],[-103.905946,23.288133],[-103.900577,23.289822],[-103.900071,23.297931],[-103.891811,23.301836],[-103.888376,23.312592],[-103.872608,23.31323],[-103.874391,23.326164],[-103.868084,23.333241],[-103.850714,23.344207],[-103.846227,23.34366],[-103.844761,23.348056],[-103.833093,23.350593],[-103.82633,23.361984],[-103.819269,23.367398],[-103.824282,23.374576],[-103.824212,23.396008],[-103.80804,23.409448],[-103.802815,23.409041],[-103.801967,23.412993],[-103.794657,23.41262],[-103.789416,23.415978],[-103.763109,23.401358],[-103.750659,23.408244],[-103.741076,23.398746],[-103.709698,23.408549],[-103.69026,23.405835],[-103.688207,23.403088],[-103.671942,23.409126],[-103.664462,23.405971],[-103.6609,23.396473],[-103.648925,23.3961],[-103.642191,23.390672],[-103.635882,23.39001],[-103.631845,23.383735],[-103.632201,23.377306],[-103.622771,23.366672],[-103.61719,23.368809],[-103.6131,23.363325],[-103.606973,23.369242],[-103.604858,23.367115],[-103.604277,23.354959],[-103.595828,23.347528],[-103.592048,23.339242],[-103.596096,23.333449],[-103.593542,23.330745],[-103.596665,23.320917],[-103.594755,23.315637],[-103.580422,23.306761],[-103.581257,23.299121],[-103.576008,23.295847],[-103.583969,23.284933],[-103.574981,23.277871],[-103.572542,23.268016],[-103.566202,23.270279],[-103.563714,23.27938],[-103.542865,23.287645],[-103.540377,23.279428],[-103.534936,23.276715],[-103.533636,23.288416],[-103.52537,23.289347],[-103.5208,23.281629],[-103.508434,23.295513],[-103.494142,23.296494],[-103.490458,23.299327],[-103.490884,23.304973],[-103.486848,23.303585],[-103.483075,23.309259],[-103.462708,23.311527],[-103.461162,23.30573],[-103.454653,23.302642],[-103.454392,23.299538],[-103.455103,23.29615],[-103.463989,23.291067],[-103.464807,23.280131],[-103.446332,23.268702],[-103.428911,23.270022],[-103.409974,23.253389],[-103.42828,23.243787],[-103.456697,23.246648],[-103.460285,23.240247],[-103.470745,23.233806],[-103.477532,23.215324],[-103.469316,23.201991],[-103.474432,23.199401],[-103.477427,23.192084],[-103.484401,23.191994],[-103.500641,23.181941],[-103.496352,23.174506],[-103.498016,23.167372],[-103.506513,23.158394],[-103.508196,23.143885],[-103.513807,23.134145],[-103.518897,23.132662],[-103.526092,23.137712],[-103.522475,23.120608],[-103.502675,23.106388],[-103.497142,23.092827],[-103.505089,23.09367],[-103.512686,23.099939],[-103.540267,23.095354],[-103.539125,23.086788],[-103.562996,23.088901],[-103.559884,23.081277],[-103.567022,23.069627],[-103.563995,23.063117],[-103.55897,23.062261],[-103.557143,23.055351],[-103.559941,23.04016],[-103.570734,23.035477],[-103.590607,23.035592],[-103.601842,23.032065],[-103.604256,23.016746],[-103.613507,23.006239],[-103.618632,22.991347],[-103.618647,22.980883],[-103.623844,22.971575],[-103.632353,22.977057],[-103.636407,22.972374],[-103.644988,22.974092],[-103.6484,22.969062],[-103.657894,22.972315],[-103.665366,22.96945],[-103.666794,22.960454],[-103.674791,22.947749],[-103.673375,22.937114],[-103.67879,22.932653],[-103.676394,22.921067],[-103.671913,22.918062],[-103.673862,22.914036],[-103.666562,22.907316],[-103.671074,22.892708],[-103.678247,22.882775],[-103.676504,22.875716],[-103.681681,22.857056],[-103.702811,22.854013],[-103.711203,22.846953],[-103.722059,22.847804],[-103.722977,22.829663],[-103.719979,22.814545],[-103.725924,22.809777],[-103.719932,22.802414],[-103.727486,22.784724],[-103.719587,22.768248],[-103.736211,22.756281],[-103.727271,22.743393],[-103.729347,22.736075],[-103.723234,22.725993],[-103.730872,22.720824],[-103.746314,22.692142],[-103.731614,22.677256],[-103.723622,22.67342],[-103.737726,22.666107],[-103.737448,22.657565],[-103.747738,22.647918],[-103.745635,22.640742],[-103.749905,22.635618],[-103.748898,22.590394],[-103.753639,22.580653],[-103.762464,22.579446],[-103.764957,22.565072],[-103.772462,22.555678],[-103.771207,22.545813],[-103.785661,22.509398],[-103.786578,22.490765],[-103.78343,22.485178],[-103.788586,22.471854],[-103.804585,22.463598],[-103.802061,22.455632],[-103.803857,22.443168],[-103.812373,22.436123],[-103.809194,22.423652],[-103.813735,22.407832],[-103.809104,22.397297],[-103.815397,22.376388],[-103.827222,22.35493],[-103.831899,22.355111],[-103.845527,22.34449],[-103.844115,22.326867],[-103.837712,22.318057],[-103.837463,22.30687],[-103.830174,22.288495],[-103.830734,22.278096],[-103.835668,22.276507],[-103.837394,22.26579],[-103.842216,22.258354],[-103.851056,22.258676],[-103.855013,22.262521],[-103.861368,22.258922],[-103.861634,22.248126],[-103.865622,22.243729],[-103.861122,22.229805],[-103.861997,22.22156],[-103.876921,22.208856],[-103.883349,22.197857],[-103.887625,22.198488],[-103.887799,22.171974],[-103.896139,22.175794],[-103.905781,22.172936],[-103.90418,22.163968],[-103.891264,22.15277],[-103.885935,22.134563],[-103.878032,22.132696],[-103.870725,22.111215],[-103.875674,22.106175],[-103.870718,22.103002],[-103.873832,22.096381],[-103.870559,22.085944],[-103.875106,22.079364],[-103.870668,22.0705],[-103.877248,22.058551],[-103.873762,22.047717],[-103.881368,22.037456],[-103.880504,22.024167],[-103.887527,22.020944],[-103.889191,22.016327],[-103.883467,21.98597],[-103.878145,21.98995],[-103.874109,21.988854],[-103.873727,21.981329],[-103.882846,21.976961],[-103.884482,21.967709],[-103.874765,21.960368],[-103.871692,21.952427],[-103.878394,21.945783],[-103.869482,21.938121],[-103.869463,21.934624],[-103.87758,21.926232],[-103.871451,21.921615],[-103.874252,21.913759],[-103.86823,21.901278],[-103.869327,21.888877],[-103.860873,21.882461],[-103.857814,21.869653],[-103.867083,21.865023],[-103.874138,21.856528],[-103.872659,21.83752],[-103.875787,21.836038],[-103.877349,21.820739],[-103.884803,21.811644],[-103.883456,21.808136],[-103.887779,21.8021],[-103.884534,21.789186],[-103.889468,21.78308],[-103.887111,21.778216],[-103.889088,21.770781],[-103.883548,21.766513],[-103.892003,21.758563],[-103.890818,21.753133],[-103.885319,21.751425],[-103.884231,21.747221],[-103.888752,21.740257],[-103.894518,21.740283],[-103.898302,21.733591],[-103.897404,21.722105],[-103.901888,21.718163],[-103.903438,21.708742],[-103.898842,21.699945],[-103.899515,21.690123],[-103.903524,21.688111],[-103.917075,21.654793],[-103.928534,21.651993],[-103.927829,21.64504],[-103.932968,21.642268],[-103.937893,21.619964],[-103.943915,21.607524],[-103.946003,21.59077],[-103.956296,21.582474],[-103.956442,21.570955],[-103.964866,21.550495],[-103.959282,21.524506],[-103.987194,21.508517],[-103.998248,21.488019],[-104.00263,21.46497],[-104.012958,21.454996],[-104.030881,21.427692],[-104.02916,21.417516],[-104.052805,21.410007],[-104.058009,21.423647],[-104.066756,21.423348],[-104.073235,21.432247],[-104.08056,21.431702],[-104.084231,21.43917],[-104.094338,21.439148],[-104.095311,21.449145],[-104.101919,21.458307],[-104.095114,21.469983],[-104.099943,21.474251],[-104.100781,21.481017],[-104.105673,21.476497],[-104.11177,21.477856],[-104.11813,21.492268],[-104.125076,21.497145],[-104.135949,21.496216],[-104.157176,21.487961],[-104.166823,21.500122],[-104.173475,21.500809],[-104.178237,21.509206],[-104.180828,21.528759],[-104.179814,21.55623],[-104.192679,21.57903],[-104.202479,21.580503],[-104.20997,21.587623],[-104.230711,21.567037],[-104.236048,21.56949],[-104.244045,21.565872],[-104.251162,21.573978],[-104.26819,21.564104],[-104.278055,21.565036],[-104.286748,21.561949],[-104.291842,21.553966],[-104.297236,21.554252],[-104.298065,21.559745],[-104.29403,21.56445],[-104.295344,21.57752],[-104.285171,21.585273],[-104.278526,21.59769],[-104.287811,21.59762],[-104.293015,21.60607],[-104.3103,21.608851],[-104.315183,21.614198],[-104.325028,21.614136],[-104.340292,21.607416],[-104.345487,21.611802],[-104.357684,21.608904],[-104.36161,21.618558],[-104.365759,21.617024],[-104.393792,21.636482],[-104.396305,21.642974],[-104.393488,21.648285],[-104.397253,21.654974],[-104.425733,21.663084],[-104.433405,21.671949],[-104.44732,21.671288],[-104.449674,21.679842],[-104.44776,21.68784],[-104.454164,21.700357],[-104.462531,21.707712],[-104.469584,21.742374],[-104.480756,21.75059],[-104.484967,21.747326],[-104.492507,21.749414],[-104.503053,21.770833],[-104.511218,21.772786],[-104.518342,21.763988],[-104.536369,21.767137],[-104.546382,21.775614],[-104.552736,21.776312],[-104.561692,21.783871],[-104.564184,21.798086],[-104.569707,21.800335],[-104.577573,21.817678],[-104.592029,21.824936],[-104.596285,21.832704],[-104.60817,21.832839],[-104.611538,21.826244],[-104.617199,21.824242],[-104.644314,21.821615],[-104.643955,21.81823],[-104.650896,21.811701],[-104.662955,21.80497],[-104.669582,21.812217],[-104.683744,21.818578],[-104.679897,21.824387],[-104.696609,21.839105],[-104.707941,21.836619],[-104.719466,21.857889],[-104.721674,21.870732],[-104.706267,21.88257],[-104.697122,21.878878],[-104.686945,21.888569],[-104.675975,21.888145],[-104.668284,21.894813],[-104.663717,21.908007],[-104.641337,21.900316],[-104.637865,21.901702],[-104.630265,21.907991],[-104.633143,21.918212],[-104.627345,21.92496],[-104.623517,21.940398],[-104.630261,21.952881],[-104.634984,21.949681],[-104.639726,21.954779],[-104.661127,21.957611],[-104.665363,21.960157],[-104.670831,21.971627],[-104.674913,21.972914],[-104.673625,21.977789],[-104.665463,21.984506],[-104.674174,21.995789],[-104.673277,22.000673],[-104.677416,22.001722],[-104.680711,22.007829],[-104.680507,22.016847],[-104.671928,22.027616],[-104.695633,22.051231],[-104.696471,22.059869],[-104.716594,22.098363],[-104.713028,22.108557],[-104.708637,22.110654],[-104.710807,22.118361],[-104.703416,22.133558],[-104.711502,22.130801],[-104.716588,22.134609],[-104.721437,22.131648],[-104.733309,22.143781],[-104.746289,22.138893],[-104.765519,22.155625],[-104.766926,22.160886],[-104.775849,22.165051],[-104.784455,22.162632],[-104.791287,22.169306],[-104.798413,22.190555],[-104.800775,22.210503],[-104.808845,22.224082],[-104.80468,22.229343],[-104.807048,22.234898],[-104.799645,22.245335],[-104.800967,22.252851],[-104.796509,22.261751],[-104.804426,22.277055],[-104.802849,22.283438],[-104.807036,22.287196],[-104.804883,22.291479],[-104.808466,22.294649],[-104.805652,22.300244],[-104.811881,22.3015],[-104.818061,22.311286],[-104.825238,22.308195],[-104.828233,22.31158],[-104.837986,22.312348],[-104.836274,22.319044],[-104.841659,22.337269],[-104.860076,22.343682],[-104.86962,22.351263],[-104.876096,22.347793],[-104.874559,22.356705],[-104.879091,22.363751],[-104.890517,22.369448],[-104.892303,22.380382],[-104.898755,22.385097],[-104.885952,22.385981],[-104.878295,22.395191],[-104.867899,22.389919],[-104.867327,22.396472],[-104.861973,22.401159],[-104.845215,22.402262],[-104.849997,22.418598],[-104.847612,22.423857],[-104.853044,22.431895],[-104.847517,22.440465],[-104.851525,22.445674],[-104.850337,22.452619],[-104.853307,22.457728],[-104.852722,22.465003],[-104.847381,22.471379],[-104.848869,22.474346],[-104.835132,22.478846],[-104.833143,22.483655],[-104.82708,22.486094],[-104.824587,22.476666],[-104.811576,22.472935],[-104.808954,22.46848],[-104.80216,22.469537],[-104.800302,22.480197],[-104.796637,22.482459],[-104.798858,22.493726],[-104.792274,22.49287],[-104.788844,22.497282],[-104.795028,22.507168],[-104.791392,22.511779],[-104.791886,22.51673],[-104.780233,22.526957],[-104.755995,22.52588],[-104.746676,22.533047],[-104.740504,22.529695],[-104.739934,22.535704],[-104.734932,22.539968],[-104.738502,22.545268],[-104.734469,22.549723],[-104.735937,22.5564],[-104.729659,22.557571],[-104.729646,22.569397],[-104.722425,22.572721],[-104.716743,22.580024],[-104.717779,22.585814],[-104.71083,22.601973],[-104.712452,22.611265],[-104.706348,22.612178],[-104.702247,22.621715],[-104.703652,22.625096],[-104.711797,22.627006],[-104.710586,22.642948],[-104.719179,22.651078],[-104.705565,22.687888],[-104.710659,22.689258],[-104.713364,22.698393],[-104.723869,22.711533],[-104.729139,22.731734],[-104.740909,22.739077],[-104.742804,22.756697],[-104.728712,22.763967],[-104.733496,22.774317],[-104.726511,22.787232],[-104.739434,22.800034],[-104.74324,22.816299],[-104.736222,22.817807],[-104.736974,22.82656],[-104.742982,22.836644],[-104.747233,22.839419],[-104.751804,22.837333],[-104.760746,22.862179],[-104.761041,22.871286],[-104.769122,22.874948],[-104.770227,22.88059],[-104.767314,22.894906],[-104.770632,22.901185],[-104.769944,22.908507],[-104.760831,22.913385],[-104.758237,22.922237],[-104.753522,22.924267],[-104.753177,22.93504],[-104.747725,22.937161],[-104.74242,22.952515],[-104.735428,22.959963],[-104.728085,22.951777],[-104.722815,22.95241],[-104.70712,22.964874],[-104.702122,22.965198],[-104.701068,22.982379],[-104.687682,22.98287],[-104.680655,22.988281],[-104.674717,22.987543],[-104.668955,22.99587],[-104.665301,22.994254],[-104.664704,22.981395],[-104.659822,22.969542],[-104.669026,22.958488],[-104.670584,22.943697],[-104.668133,22.939961],[-104.66105,22.939832],[-104.649857,22.931917],[-104.646154,22.932875],[-104.643433,22.925712],[-104.625689,22.92992],[-104.626633,22.938455],[-104.618539,22.941684],[-104.611205,22.936904],[-104.608631,22.946261],[-104.602266,22.953717],[-104.587524,22.963052],[-104.575921,22.963933],[-104.57153,22.971206],[-104.566405,22.972978],[-104.564397,22.984662],[-104.557623,22.987583],[-104.550375,22.984195],[-104.548931,22.975897],[-104.544436,22.970888],[-104.546482,22.963678],[-104.53502,22.958023],[-104.524298,22.96211],[-104.513139,22.960945],[-104.505877,22.967418],[-104.500411,22.957885],[-104.49835,22.962686],[-104.481803,22.970465],[-104.478293,22.968928],[-104.472097,22.972197],[-104.456951,22.969622],[-104.450521,22.976206],[-104.444791,22.974421],[-104.440949,22.976902],[-104.433824,22.975513],[-104.428425,22.965093],[-104.421833,22.964189],[-104.415224,22.968812],[-104.409874,22.965938],[-104.407471,22.968591],[-104.396879,22.968808],[-104.394093,22.972182],[-104.3864,22.964683],[-104.380991,22.964135],[-104.373882,22.972347],[-104.374495,22.989901],[-104.36987,22.993692],[-104.361528,22.992546],[-104.349176,22.977701],[-104.342453,22.974726],[-104.336135,22.982085],[-104.337002,22.990522],[-104.330433,22.997371],[-104.331955,23.009823],[-104.326556,23.009012],[-104.322556,23.014035],[-104.325956,23.032145],[-104.307731,23.038278],[-104.291852,23.03661],[-104.289995,23.039331],[-104.279871,23.040397],[-104.277434,23.0357],[-104.269419,23.031639],[-104.257015,23.033067],[-104.255476,23.055254],[-104.250227,23.061757],[-104.256832,23.071078],[-104.262102,23.070837],[-104.272643,23.09364],[-104.279365,23.096909],[-104.284275,23.113979],[-104.299394,23.125782],[-104.31229,23.119405],[-104.312118,23.124021],[-104.32859,23.138071],[-104.337994,23.140214],[-104.33823,23.14552],[-104.345384,23.149547],[-104.346512,23.157075],[-104.352557,23.162945],[-104.352901,23.174105],[-104.366473,23.193808],[-104.366462,23.207586],[-104.35965,23.217065],[-104.3611,23.223328],[-104.366163,23.226842],[-104.363545,23.238829],[-104.358172,23.242928],[-104.358792,23.249955],[-104.352736,23.258575],[-104.353556,23.277133],[-104.348553,23.286033],[-104.344474,23.291051],[-104.338331,23.291014],[-104.337711,23.299109],[-104.331132,23.305137],[-104.315907,23.304035],[-104.304815,23.307135],[-104.292208,23.320879],[-104.291381,23.336173],[-104.293792,23.340582],[-104.283386,23.349321],[-104.28649,23.371549],[-104.279995,23.377573],[-104.290791,23.399374],[-104.287668,23.409358],[-104.283363,23.412518],[-104.274609,23.409121],[-104.266924,23.411501],[-104.259465,23.409082],[-104.25549,23.401095],[-104.244046,23.397494],[-104.242012,23.39244],[-104.225747,23.399294],[-104.221665,23.391301],[-104.214961,23.392142],[-104.211169,23.388387],[-104.200467,23.397864],[-104.178354,23.39921],[-104.173739,23.406239],[-104.174111,23.412234],[-104.165234,23.415952],[-104.162539,23.410282],[-104.157706,23.409678],[-104.150612,23.399201],[-104.146151,23.397714],[-104.146543,23.393198],[-104.139894,23.398081],[-104.125505,23.39269],[-104.112953,23.401947],[-104.090475,23.404587],[-104.085945,23.398545],[-104.06933,23.405225],[-104.058614,23.415051],[-104.045497,23.416499]]]}}]}
