{"type":"FeatureCollection","features":[{"type":"Feature","properties":{"id":"corn","name":"とうもろこし","color":"#ecc759","source":"USDA NASS CDL 2023","method":"sampled-and-generalized","year":2023,"threshold":0.13},"geometry":{"type":"MultiPolygon","coordinates":[[[[-97.82477,28.05717],[-97.84859,28.21968],[-97.80876,28.25655],[-97.74786,28.25757],[-97.66553,28.20459],[-97.64242,28.06014],[-97.68223,28.02331],[-97.78348,28.02166],[-97.82477,28.05717]]],[[[-102.72012,36.21823],[-102.46579,36.15765],[-102.29756,36.00862],[-102.13263,35.9903],[-102.08137,36.02706],[-102.04422,36.22497],[-102.05175,36.32255],[-102.03076,36.34148],[-101.94105,36.34598],[-101.73224,36.26673],[-101.6359,36.18189],[-101.62793,36.07498],[-101.66865,36.01939],[-101.73435,35.99835],[-102.04703,35.96193],[-102.16806,35.81556],[-102.30022,35.79071],[-102.37001,35.82278],[-102.42986,35.93152],[-102.46949,35.95759],[-102.62451,35.91628],[-102.80448,35.92401],[-103.00265,36.12738],[-103.01256,36.23418],[-102.95596,36.32921],[-102.94429,36.4709],[-102.8786,36.4926],[-102.85439,36.47525],[-102.86188,36.32031],[-102.80048,36.25825],[-102.72012,36.21823]]],[[[-119.11551,36.10438],[-119.13201,36.00911],[-119.20265,35.93989],[-119.35447,35.90958],[-119.40329,35.9182],[-119.51738,35.98733],[-119.74113,36.18159],[-119.76889,36.26805],[-119.73691,36.38509],[-119.61713,36.44611],[-119.37145,36.47684],[-119.28405,36.4206],[-119.21398,36.27477],[-119.14252,36.19099],[-119.11551,36.10438]]],[[[-98.7452,38.2296],[-98.73988,38.08696],[-98.78156,38.03029],[-98.78105,37.98461],[-98.59114,37.78668],[-98.60965,37.66139],[-98.76839,37.62218],[-99.07675,37.68553],[-99.25164,37.68166],[-99.36845,37.73204],[-99.35202,37.87529],[-99.26577,38.0026],[-99.11018,38.13162],[-98.9526,38.22477],[-98.86178,38.26263],[-98.76891,38.2469],[-98.7452,38.2296]]],[[[-103.91202,40.29702],[-103.82133,40.33851],[-103.70306,40.34579],[-103.62826,40.31453],[-103.62066,40.2434],[-103.6858,40.18573],[-103.82742,40.177],[-103.90414,40.22593],[-103.91202,40.29702]]],[[[-104.73056,40.17133],[-104.85063,40.18086],[-104.93027,40.24694],[-104.89712,40.55408],[-104.78735,40.63347],[-104.59529,40.62873],[-104.48756,40.52846],[-104.47061,40.38624],[-104.53096,40.29255],[-104.66194,40.194],[-104.73056,40.17133]]],[[[-103.05609,41.51203],[-103.06326,41.58326],[-102.99453,41.62286],[-102.84815,41.61283],[-102.77066,41.56321],[-102.78614,41.47287],[-102.85485,41.43339],[-103.00085,41.44341],[-103.05609,41.51203]]],[[[-103.16886,41.66709],[-103.45709,41.65063],[-103.60486,41.65993],[-103.75545,41.70472],[-103.85993,41.77009],[-103.999,41.92296],[-103.98294,41.99567],[-103.93857,42.03428],[-103.72161,42.04749],[-103.46868,41.9752],[-103.34535,41.96182],[-103.16296,41.8466],[-103.14657,41.68624],[-103.16886,41.66709]]],[[[-102.91092,42.00385],[-103.03208,41.9973],[-103.13269,42.02763],[-103.26692,42.14566],[-103.28184,42.28826],[-103.26122,42.32528],[-103.1675,42.36637],[-102.89767,42.36308],[-102.76712,42.28032],[-102.75153,42.11982],[-102.83992,42.02556],[-102.91092,42.00385]]],[[[-99.67459,42.51232],[-99.74702,42.49235],[-99.86927,42.48877],[-99.99566,42.55656],[-99.99875,42.61013],[-99.9518,42.64737],[-99.83027,42.66891],[-99.75572,42.65317],[-99.67933,42.60164],[-99.652,42.54875],[-99.67459,42.51232]]],[[[-114.33373,42.6019],[-114.44969,42.47593],[-114.68969,42.44121],[-114.76646,42.44824],[-114.87687,42.48677],[-114.91539,42.53585],[-114.92528,42.66211],[-114.89656,42.73935],[-114.80026,42.84471],[-114.73154,42.873],[-114.55892,42.87965],[-114.42391,42.84427],[-114.36144,42.79847],[-114.33373,42.6019]]],[[[-99.56161,43.17821],[-99.68897,43.24636],[-99.74429,43.35235],[-99.7234,43.42461],[-99.67574,43.46179],[-99.4773,43.46718],[-99.2993,43.38214],[-99.27025,43.2933],[-99.34014,43.20195],[-99.38869,43.18279],[-99.56161,43.17821]]],[[[-116.93199,43.56098],[-117.0375,43.6541],[-117.04601,43.76291],[-116.98942,43.82717],[-116.86767,43.84674],[-116.70801,43.7437],[-116.70543,43.65237],[-116.8053,43.56299],[-116.93199,43.56098]]],[[[-101.95373,46.51199],[-101.87917,46.55136],[-101.74792,46.53886],[-101.66391,46.47008],[-101.68208,46.37901],[-101.75656,46.33976],[-101.88741,46.35224],[-101.94399,46.40399],[-101.95373,46.51199]]],[[[-119.20184,47.04627],[-119.10022,47.0637],[-119.0368,47.03731],[-119.00543,46.94964],[-119.04363,46.9059],[-119.1513,46.90605],[-119.2209,47.02438],[-119.20184,47.04627]]],[[[-119.73539,47.02809],[-119.76722,47.04113],[-119.79316,47.11113],[-119.75534,47.1551],[-119.6537,47.17295],[-119.62183,47.15988],[-119.59606,47.08983],[-119.63395,47.04591],[-119.73539,47.02809]]],[[[-100.79942,47.10005],[-100.95641,47.21182],[-101.20928,47.3025],[-101.26616,47.35469],[-101.27345,47.44498],[-101.24861,47.46404],[-101.19616,47.4842],[-101.0381,47.47187],[-100.88728,47.34102],[-100.62388,47.21462],[-100.64242,47.10544],[-100.79942,47.10005]]],[[[-96.04125,29.42849],[-95.97945,29.37436],[-95.95884,29.31935],[-95.95907,28.94102],[-96.02049,28.81454],[-96.18402,28.76016],[-96.47984,28.74094],[-96.53652,28.71809],[-96.56409,28.69302],[-96.57568,28.71572],[-96.6085,28.72329],[-96.64004,28.70879],[-96.60265,28.63747],[-96.65242,28.52328],[-96.69302,28.50494],[-96.79487,28.50423],[-96.89811,28.62999],[-96.89965,28.77457],[-96.8595,28.84719],[-96.56283,29.11131],[-96.43234,29.35545],[-96.37083,29.40981],[-96.26793,29.44621],[-96.1237,29.44647],[-96.04125,29.42849]]],[[[-97.13969,31.38545],[-96.9076,31.38758],[-96.86497,31.35113],[-96.8822,30.99232],[-96.92319,30.90206],[-97.10386,30.7805],[-97.17002,30.55781],[-97.23107,30.44912],[-97.33419,30.3759],[-97.45919,30.37431],[-97.58596,30.46259],[-97.62984,30.56997],[-97.63163,30.6599],[-97.57165,30.80474],[-97.36689,30.99053],[-97.3712,31.34691],[-97.35042,31.36513],[-97.17162,31.36738],[-97.13969,31.38545]]],[[[-96.72152,31.82014],[-96.84768,31.71152],[-97.03809,31.69196],[-97.12332,31.72706],[-97.18794,31.79822],[-97.23229,31.92343],[-97.23505,32.10286],[-97.19329,32.15714],[-96.96196,32.19698],[-96.83199,32.2501],[-96.74657,32.23276],[-96.72492,32.19703],[-96.70077,31.87413],[-96.72152,31.82014]]],[[[-91.13054,33.06531],[-90.9083,33.19316],[-90.87767,33.24536],[-90.88493,33.46576],[-90.70105,33.61882],[-90.59276,33.61378],[-90.5031,33.45282],[-90.462,33.434],[-90.4165,33.45418],[-90.4051,33.55233],[-90.52267,33.68227],[-90.50988,33.89463],[-90.62579,34.08152],[-90.61714,34.20651],[-90.54789,34.25703],[-90.44001,34.23399],[-90.2567,34.04582],[-90.19934,33.93539],[-90.17845,33.61728],[-90.12558,33.4653],[-90.16316,33.25192],[-90.23832,33.11214],[-90.53557,32.87545],[-90.66798,32.82787],[-91.0149,32.78721],[-91.07651,32.74313],[-91.10826,32.63435],[-90.95061,32.44566],[-90.95968,32.3024],[-91.17673,32.13823],[-91.26132,31.90216],[-91.41699,31.7828],[-91.52491,31.7512],[-91.65096,31.77414],[-91.75404,31.83201],[-91.85541,31.92564],[-91.96927,32.19925],[-91.95091,32.56252],[-91.97069,32.59429],[-91.91776,32.78975],[-91.67491,33.00946],[-91.64158,33.12039],[-91.57194,33.20738],[-91.41999,33.21934],[-91.33583,33.18006],[-91.24034,33.092],[-91.13054,33.06531]]],[[[-91.01841,34.77968],[-91.01379,34.85105],[-90.99062,34.86795],[-90.88056,34.86319],[-90.84012,34.80772],[-90.88886,34.7383],[-90.97675,34.74211],[-91.01841,34.77968]]],[[[-90.50158,35.54423],[-90.61028,35.56717],[-90.67069,35.65936],[-90.66444,35.74849],[-90.54412,35.86824],[-90.45495,35.86411],[-90.39068,35.82532],[-90.37103,35.7886],[-90.38158,35.64599],[-90.45479,35.55998],[-90.50158,35.54423]]],[[[-89.31194,37.11357],[-89.18307,37.08847],[-89.13821,37.11544],[-89.02622,37.27464],[-88.86047,37.33656],[-88.70148,37.32708],[-88.5741,37.22984],[-88.55501,37.19201],[-88.56386,37.10394],[-88.60958,37.02792],[-88.59517,36.95803],[-88.52263,36.89116],[-88.30076,36.78293],[-88.20287,36.63334],[-88.21948,36.47324],[-88.30101,36.32945],[-88.35815,35.99848],[-88.38405,35.96431],[-88.47856,35.9166],[-88.67838,35.90943],[-88.86603,35.85094],[-89.04423,35.86152],[-89.15969,35.90325],[-89.28627,35.91127],[-89.43468,36.00907],[-89.45393,36.04593],[-89.44158,36.18841],[-89.24281,36.40153],[-89.25542,36.5339],[-89.31045,36.58819],[-89.42121,36.59821],[-89.66417,36.55372],[-89.78091,36.43926],[-89.94679,36.34043],[-90.12628,36.34939],[-90.26714,36.57085],[-90.25761,36.69554],[-90.20562,36.78247],[-90.03734,36.95184],[-90.02342,37.0776],[-89.8787,37.17765],[-89.71386,37.24074],[-89.62309,37.23599],[-89.31194,37.11357]]],[[[-86.64202,36.96998],[-86.43903,36.95402],[-86.37596,36.91312],[-86.40792,36.66453],[-86.53598,36.54914],[-86.81619,36.48129],[-87.26482,36.5149],[-87.38028,36.55833],[-87.57315,36.59078],[-87.74512,36.67443],[-87.80485,36.75019],[-87.92995,37.06321],[-87.92225,37.13428],[-87.83176,37.12819],[-87.57327,36.9688],[-87.44883,36.9404],[-87.2601,36.94473],[-87.11703,36.89863],[-86.85861,36.8987],[-86.64202,36.96998]]],[[[-94.5579,37.66288],[-94.51142,37.698],[-94.39662,37.7144],[-94.19183,37.65799],[-94.01453,37.44105],[-94.01786,37.3162],[-94.13351,37.24665],[-94.47765,37.19487],[-94.88831,37.00603],[-95.02389,37.0429],[-95.06861,37.09678],[-95.06727,37.20382],[-94.99829,37.33394],[-94.9721,37.50646],[-94.92625,37.5239],[-94.8006,37.42229],[-94.73935,37.4197],[-94.68271,37.44965],[-94.5579,37.66288]]],[[[-94.43555,38.03616],[-94.41219,38.05369],[-94.32023,38.05246],[-94.25335,37.96231],[-94.27799,37.89132],[-94.39346,37.85722],[-94.46116,37.91161],[-94.43555,38.03616]]],[[[-97.06221,38.3092],[-96.89907,38.1856],[-96.82852,38.06119],[-96.87264,37.90034],[-97.0321,37.80988],[-97.29555,37.82498],[-97.46709,37.76974],[-97.60454,37.76801],[-97.72118,37.85564],[-97.74581,37.92668],[-97.75259,38.21208],[-97.68548,38.30223],[-97.59321,38.30346],[-97.3903,38.23459],[-97.24436,38.25699],[-97.1545,38.30837],[-97.06221,38.3092]]],[[[-95.40227,37.99122],[-95.51716,37.99173],[-95.58591,38.02766],[-95.63155,38.09918],[-95.63111,38.18834],[-95.46833,38.38402],[-95.39856,38.43722],[-95.32925,38.43686],[-95.2837,38.36525],[-95.2859,38.13419],[-95.33284,38.04438],[-95.40227,37.99122]]],[[[-94.33792,38.28477],[-94.31197,38.40928],[-94.14978,38.42479],[-94.03563,38.3695],[-94.01638,38.22646],[-94.06389,38.1737],[-94.20252,38.15796],[-94.29342,38.21278],[-94.33792,38.28477]]],[[[-95.99997,39.0633],[-96.21022,39.17017],[-96.21038,39.22365],[-96.14032,39.25943],[-95.92985,39.25949],[-95.8131,39.188],[-95.81332,39.09883],[-95.86006,39.06322],[-95.99997,39.0633]]],[[[-93.40086,40.62526],[-93.67988,40.84501],[-93.67754,40.91637],[-93.65304,40.93377],[-93.41374,40.92914],[-93.24759,40.88992],[-93.15551,40.79858],[-93.15979,40.69153],[-93.25794,40.62225],[-93.40086,40.62526]]],[[[-102.48565,41.36299],[-102.3186,41.37139],[-101.83716,41.21588],[-101.58171,41.22663],[-101.39339,41.19897],[-101.22752,41.20649],[-101.10143,41.2467],[-100.9081,41.23638],[-100.62868,41.01433],[-100.62519,40.96086],[-100.68961,40.86334],[-100.6781,40.80816],[-100.58325,40.74919],[-100.42458,40.75482],[-100.37873,40.78947],[-100.37779,40.83506],[-100.45645,40.94899],[-100.45982,41.00246],[-100.30443,41.17092],[-100.29033,41.23707],[-100.3632,41.3805],[-100.31726,41.41867],[-100.05247,41.50275],[-99.91667,41.5925],[-99.79785,41.63184],[-99.37064,41.62653],[-99.05241,41.74111],[-98.84724,41.74604],[-98.76561,41.76721],[-98.48403,41.96485],[-98.45642,42.01396],[-98.46204,42.17332],[-98.52185,42.27735],[-98.60796,42.33654],[-99.08464,42.47395],[-99.16126,42.5437],[-99.16779,42.68671],[-99.00107,42.83393],[-98.8786,42.81874],[-98.73762,42.72102],[-98.56965,42.66486],[-98.23456,42.68813],[-98.07449,42.65521],[-98.02815,42.6821],[-98.02687,42.71583],[-98.31291,42.83007],[-98.48956,42.95215],[-98.5791,43.05177],[-98.59815,43.05961],[-98.55967,43.05986],[-98.57085,43.10225],[-98.70649,43.13452],[-98.8314,43.20557],[-98.90459,43.28525],[-99.04023,43.35845],[-99.14658,43.43306],[-99.24434,43.47651],[-99.33558,43.62033],[-99.34228,43.75762],[-99.29589,43.83054],[-99.10346,43.99184],[-99.11124,44.119],[-99.22958,44.25634],[-99.40099,44.34702],[-99.82494,44.35493],[-100.06086,44.43631],[-100.25783,44.43162],[-100.36077,44.46423],[-100.46735,44.55055],[-100.49852,44.63848],[-100.47804,44.71194],[-100.17824,45.09626],[-100.14184,45.28773],[-100.1966,45.38996],[-100.32658,45.50883],[-100.33474,45.63464],[-100.24525,45.84064],[-100.33368,46.01334],[-100.34984,46.25564],[-100.40671,46.33584],[-100.41513,46.46193],[-100.28153,46.66868],[-100.35637,46.753],[-100.36354,46.8612],[-100.31375,46.89893],[-100.20939,46.90217],[-100.12767,46.85041],[-100.10649,46.71259],[-99.74789,46.60827],[-99.61297,46.52161],[-99.59956,46.29374],[-99.45948,46.07441],[-99.46863,45.77417],[-99.37468,45.63517],[-99.28057,45.59911],[-99.20293,45.61517],[-98.91757,45.80485],[-98.81146,45.88795],[-98.80853,45.95008],[-99.03067,46.30115],[-99.04878,46.68812],[-99.10529,46.78702],[-99.113,46.94861],[-99.01981,47.15368],[-99.02286,47.21966],[-99.08535,47.28518],[-99.23605,47.35976],[-99.57999,47.35436],[-99.63359,47.37107],[-99.7977,47.47532],[-99.85466,47.54622],[-99.86002,47.63664],[-99.78501,47.71121],[-99.58299,47.71725],[-99.2862,47.79645],[-99.12651,47.782],[-99.01892,47.74812],[-98.8826,47.66041],[-98.69624,47.46962],[-98.62207,47.44843],[-98.37243,47.4527],[-98.22561,47.41916],[-98.07958,47.42428],[-97.85964,47.57846],[-97.80028,47.66375],[-97.83985,48.20411],[-97.81472,48.2589],[-97.73567,48.29621],[-97.57556,48.29811],[-97.49423,48.24454],[-97.31983,47.9499],[-97.06022,47.81315],[-96.99944,47.68364],[-96.90736,47.62054],[-96.7537,47.61607],[-96.63448,47.65266],[-96.39662,47.65355],[-96.25033,47.59979],[-95.94719,47.61788],[-95.81525,47.56345],[-95.76277,47.47285],[-95.76323,47.34621],[-95.8416,47.17704],[-95.86932,46.93047],[-95.9217,46.85825],[-96.11951,46.72255],[-96.13003,46.68737],[-95.96325,46.48829],[-95.81848,46.40678],[-95.70741,46.23822],[-95.62751,46.18096],[-95.49143,46.15427],[-95.38473,46.22205],[-95.35304,46.27088],[-95.35264,46.38091],[-95.50626,46.51432],[-95.50572,46.58644],[-95.29773,46.58553],[-94.96217,46.42098],[-94.7829,46.29325],[-94.73414,46.02555],[-94.66851,45.97326],[-94.60386,45.97095],[-94.4779,46.03775],[-94.29596,46.08967],[-94.06373,46.08656],[-93.91174,45.9942],[-93.82748,45.87595],[-93.69807,45.78123],[-93.38049,45.73272],[-93.30569,45.67724],[-93.30932,45.58732],[-93.36266,45.53437],[-93.46639,45.50035],[-93.6218,45.50012],[-93.72447,45.43777],[-93.62818,45.26842],[-93.63392,45.10755],[-93.71295,44.9682],[-93.63511,44.84981],[-93.40465,44.62267],[-93.31151,44.62281],[-93.11451,44.75575],[-92.78816,44.9067],[-92.72654,44.96574],[-92.63415,45.24811],[-92.55405,45.31805],[-92.31697,45.36971],[-92.08352,45.50327],[-91.82337,45.56753],[-91.69666,45.54554],[-91.62347,45.48915],[-91.54751,45.31577],[-91.16588,45.02481],[-90.8872,45.06703],[-90.63771,45.05875],[-90.34516,45.15334],[-90.14196,45.14464],[-90.00432,45.10274],[-89.73893,45.09043],[-89.64255,45.03187],[-89.67635,44.94345],[-89.79055,44.79829],[-89.79043,44.53477],[-89.8708,44.48453],[-89.94787,44.47007],[-90.525,44.51301],[-90.67038,44.59082],[-90.76116,44.79538],[-90.83976,44.85981],[-91.0404,44.8747],[-91.10169,44.84425],[-91.10777,44.78733],[-90.95451,44.51191],[-90.99092,44.25563],[-90.85018,44.08578],[-90.72611,43.98747],[-90.46839,43.97138],[-90.37296,43.91348],[-90.37887,43.84194],[-90.48435,43.77457],[-90.70256,43.6871],[-90.80369,43.51825],[-90.85599,43.48443],[-90.90552,43.48636],[-90.95247,43.52404],[-90.94157,43.67538],[-90.98464,43.81246],[-91.20279,44.07995],[-91.51311,44.08279],[-91.58977,44.10834],[-91.6339,44.08928],[-91.57141,43.90512],[-91.41586,43.66653],[-91.40072,43.46862],[-91.24304,43.28367],[-91.15075,43.07703],[-91.06429,43.01062],[-90.85608,43.00026],[-90.7426,43.01601],[-90.44674,43.13599],[-90.27847,43.31385],[-90.18196,43.51014],[-90.10159,43.59949],[-90.09717,43.66804],[-90.16365,43.72485],[-90.156,43.81424],[-90.00664,43.80755],[-89.96002,43.76952],[-89.91214,43.6502],[-89.75952,43.59919],[-89.67294,43.65145],[-89.70443,43.82945],[-89.62303,43.89741],[-89.49845,43.89134],[-89.37883,43.83402],[-89.28822,43.82758],[-89.10071,43.93708],[-89.03361,44.03595],[-89.02371,44.1238],[-89.07662,44.17844],[-89.15279,44.17409],[-89.45977,44.03332],[-89.55962,44.03821],[-89.62952,44.09551],[-89.68958,44.26021],[-89.67287,44.43923],[-89.5924,44.48934],[-89.35905,44.5499],[-89.20813,44.5423],[-89.10484,44.43651],[-89.03402,44.4309],[-88.95672,44.53572],[-88.9396,44.69042],[-88.8564,44.75803],[-88.58501,44.80482],[-88.24323,45.01228],[-88.05542,45.09146],[-87.87594,45.09875],[-87.81088,45.0046],[-87.81794,44.94668],[-87.83027,44.94248],[-87.85356,44.9083],[-87.85679,44.88037],[-87.88847,44.84137],[-88.01857,44.72871],[-88.02546,44.62478],[-88.02827,44.61792],[-88.0265,44.6092],[-88.02749,44.5942],[-88.02279,44.59098],[-88.01875,44.57114],[-87.96924,44.552],[-87.929,44.55947],[-87.89824,44.59336],[-87.85107,44.62402],[-87.78755,44.65156],[-87.74092,44.69204],[-87.72709,44.71316],[-87.61218,44.7578],[-87.48622,44.74983],[-87.44039,44.71084],[-87.42437,44.63682],[-87.42972,44.61426],[-87.44087,44.60068],[-87.48652,44.50859],[-87.52744,44.38569],[-87.53354,44.3206],[-87.60349,44.21018],[-87.64286,44.07775],[-87.6585,44.05903],[-87.70015,43.97661],[-87.72383,43.90727],[-87.72747,43.87053],[-87.77843,43.80709],[-87.80438,43.59925],[-88.08851,43.42763],[-88.40641,43.12237],[-88.41778,43.01344],[-88.38677,42.95793],[-88.33477,42.91626],[-87.97735,42.76511],[-87.89406,42.63425],[-87.9289,42.54668],[-88.20734,42.40815],[-88.30984,42.21569],[-88.33464,41.98883],[-88.30095,41.83673],[-88.11207,41.53061],[-88.06315,41.48922],[-87.735,41.49346],[-87.42249,41.41911],[-87.21909,41.46579],[-86.74293,41.73997],[-86.59204,41.88148],[-86.41421,41.98811],[-86.23087,42.19606],[-86.04587,42.28981],[-85.84574,42.34199],[-85.83265,42.41075],[-85.87128,42.51328],[-85.99711,42.6279],[-86.03564,42.70284],[-86.01246,42.86298],[-85.95574,42.9126],[-85.85784,42.90502],[-85.72121,42.82483],[-85.56628,42.79215],[-85.43143,42.84431],[-85.32437,42.99494],[-85.30406,43.12123],[-85.40582,43.26547],[-85.3948,43.33662],[-85.30702,43.41961],[-84.9971,43.54749],[-84.94338,43.66005],[-84.79925,43.77418],[-84.74558,43.7877],[-84.65073,43.76146],[-84.56082,43.62114],[-84.49556,43.58616],[-84.36505,43.57465],[-84.29055,43.59295],[-84.07532,43.74668],[-84.02593,43.74219],[-83.88292,43.58648],[-83.78353,43.57677],[-83.52731,43.64775],[-83.08589,43.92454],[-82.95181,43.96562],[-82.77965,43.9485],[-82.67566,43.82934],[-82.68319,43.65226],[-82.60103,43.44161],[-82.62887,43.29977],[-82.80688,43.13706],[-82.89666,42.94726],[-82.92443,42.93199],[-83.02199,42.94177],[-83.15522,43.02727],[-83.27557,43.18362],[-83.30474,43.3371],[-83.37112,43.3657],[-83.4928,43.30379],[-83.62216,43.19891],[-83.7806,43.17379],[-83.84355,43.14083],[-83.89895,43.04431],[-84.01548,42.94682],[-84.35039,42.90114],[-84.54853,42.82279],[-84.64338,42.73267],[-84.65218,42.67927],[-84.57344,42.6042],[-84.49635,42.596],[-84.40546,42.62806],[-84.29933,42.7381],[-84.18965,42.8003],[-84.09212,42.79139],[-84.07082,42.77141],[-84.07104,42.62719],[-84.23215,42.40754],[-84.4413,42.30337],[-84.43427,42.20947],[-84.34514,42.10087],[-84.24942,42.0673],[-84.16786,42.10719],[-84.06554,42.22994],[-83.94155,42.23643],[-83.73325,42.16268],[-83.48672,42.03073],[-83.44813,41.97287],[-83.47048,41.84887],[-83.72933,41.61839],[-83.73538,41.56492],[-83.6846,41.51465],[-83.56625,41.49826],[-83.40467,41.53583],[-83.18935,41.5144],[-82.9861,41.4051],[-82.65978,41.35184],[-82.43401,41.23918],[-82.11588,41.14917],[-81.90071,41.02014],[-81.76099,40.98337],[-81.68063,40.90205],[-81.70214,40.79617],[-81.75652,40.76621],[-81.90407,40.76165],[-82.08467,40.6945],[-82.18251,40.68721],[-82.38788,40.78167],[-82.5299,40.72936],[-82.59912,40.65052],[-82.5922,40.52836],[-82.542,40.47821],[-82.37884,40.41984],[-82.33861,40.3794],[-82.36239,40.25577],[-82.50577,40.11026],[-82.51736,40.05829],[-82.29316,39.86938],[-82.31684,39.74579],[-82.45011,39.67023],[-82.5035,39.6713],[-82.61279,39.62635],[-82.83157,39.40484],[-83.1824,39.3288],[-83.49501,39.19728],[-83.57687,39.14738],[-83.72966,38.99299],[-83.77998,38.97995],[-83.84517,39.00442],[-84.01811,39.23715],[-84.05832,39.42176],[-84.02896,39.59791],[-83.93693,39.72442],[-83.955,39.79332],[-84.01854,39.84804],[-84.17691,39.86087],[-84.24687,39.82114],[-84.3761,39.64883],[-84.59669,39.4535],[-84.77905,39.34431],[-85.05005,39.3595],[-85.235,39.13321],[-85.53502,38.96601],[-85.5963,38.89261],[-85.64164,38.75502],[-85.71843,38.70762],[-85.94886,38.64873],[-86.03137,38.59435],[-86.12401,38.47169],[-86.23795,38.48076],[-86.34947,38.52548],[-86.43231,38.60368],[-86.42065,38.69239],[-86.23128,38.77746],[-85.99934,39.07033],[-85.9682,39.15511],[-86.00152,39.25895],[-86.10985,39.36092],[-86.30362,39.46675],[-86.54327,39.36545],[-86.83462,39.40629],[-86.90566,39.38511],[-86.93706,39.22854],[-86.92486,39.13067],[-86.85384,38.95835],[-86.85052,38.78103],[-86.7459,38.52003],[-86.76163,38.39577],[-86.78845,38.36676],[-86.77289,38.30607],[-86.85206,37.85618],[-86.76381,37.64288],[-86.77474,37.55497],[-86.80427,37.50257],[-86.92881,37.42232],[-87.05096,37.35971],[-87.26362,37.30355],[-87.65817,37.34908],[-87.95025,37.29744],[-88.03722,37.33901],[-88.18613,37.51918],[-88.30138,37.60207],[-88.4701,37.65234],[-88.57676,37.65969],[-88.66451,37.70081],[-88.98769,37.98748],[-89.21931,37.91187],[-89.47128,37.9256],[-89.63684,37.98219],[-89.74639,37.94],[-89.90534,37.96591],[-90.07881,38.09957],[-90.18386,38.22974],[-90.17256,38.37217],[-90.00441,38.52044],[-89.96571,38.63524],[-90.05214,38.82108],[-90.15461,38.8873],[-90.22443,38.89058],[-90.5111,38.7989],[-90.71863,38.82581],[-90.82711,38.9376],[-90.82274,39.08493],[-90.91913,39.13779],[-91.00962,39.11448],[-91.07824,39.0193],[-91.27379,38.88399],[-91.34466,38.86881],[-91.43756,38.87226],[-91.75887,39.02513],[-92.08085,39.03716],[-92.14887,39.07501],[-92.28327,39.18624],[-92.32636,39.25895],[-92.29753,39.3652],[-92.20558,39.48379],[-92.22726,39.53154],[-92.33168,39.61629],[-92.39681,39.72534],[-92.37978,40.06417],[-92.32776,40.16137],[-92.29027,40.42741],[-92.36377,40.5538],[-92.44692,40.61997],[-92.4673,40.69111],[-92.39206,40.76131],[-92.31743,40.79243],[-92.32183,40.85328],[-92.48864,40.98898],[-92.61727,41.05101],[-93.05201,41.17075],[-93.38116,41.16085],[-93.69285,41.27234],[-93.87176,41.30712],[-93.96848,41.28767],[-94.05049,41.20635],[-94.07952,41.10658],[-94.06208,40.86926],[-94.11277,40.76285],[-94.4666,40.56096],[-94.52381,40.47681],[-94.52461,40.37756],[-94.43468,40.24931],[-94.40935,40.14061],[-94.36172,40.11167],[-94.12204,40.17829],[-93.91139,40.29529],[-93.72222,40.27416],[-93.6356,40.20582],[-93.41907,40.12546],[-93.28115,40.01543],[-92.95617,39.60336],[-92.87108,39.56089],[-92.78137,39.55717],[-92.7134,39.50184],[-92.6714,39.39274],[-92.70814,39.07891],[-92.60118,38.89088],[-92.63023,38.76759],[-92.70391,38.68032],[-92.84378,38.66612],[-93.04449,38.77036],[-93.13908,38.76083],[-93.25509,38.68048],[-93.31233,38.55224],[-93.35992,38.51758],[-93.42929,38.51904],[-93.49689,38.57396],[-93.51693,38.73283],[-93.59267,38.81968],[-93.99587,38.97574],[-94.24783,39.15801],[-94.24611,39.22931],[-94.00528,39.26606],[-93.90436,39.3206],[-93.79945,39.43517],[-93.74469,39.56894],[-93.83377,39.7227],[-93.83162,39.79401],[-93.72265,39.81887],[-93.67122,39.88762],[-93.69422,39.94211],[-93.73939,39.97021],[-93.9708,39.93621],[-94.08049,39.85934],[-94.11867,39.63805],[-94.21581,39.51453],[-94.31135,39.44447],[-94.64066,39.39495],[-94.96123,39.39723],[-95.09241,39.35868],[-95.2279,39.27504],[-95.43827,39.29401],[-95.60178,39.34818],[-95.70664,39.48391],[-95.82442,39.54476],[-95.97656,39.50942],[-96.25706,39.50912],[-96.42567,39.56051],[-96.50928,39.56113],[-96.63992,39.52096],[-96.89026,39.36348],[-97.03004,39.30887],[-97.17042,39.30763],[-97.55911,39.39238],[-97.8967,39.37005],[-97.96857,39.38682],[-98.04035,39.43921],[-98.07211,39.51463],[-98.175,39.62598],[-98.31376,39.68358],[-98.43507,39.68185],[-98.49968,39.65827],[-98.72361,39.51545],[-98.98091,39.49172],[-99.17089,39.54061],[-99.40133,39.68783],[-99.50397,39.70887],[-99.67771,39.64621],[-99.78387,39.57714],[-99.85009,39.57368],[-99.95381,39.53062],[-100.04926,39.43357],[-100.1209,39.30701],[-100.06894,39.21088],[-100.06096,39.06831],[-100.12481,38.95904],[-100.23597,38.866],[-100.37221,38.80768],[-100.46503,38.80436],[-100.61093,38.90368],[-100.78453,38.89942],[-101.00379,38.85269],[-101.14684,38.7694],[-101.12688,38.7026],[-101.04375,38.64463],[-100.80161,38.61301],[-100.65814,38.54706],[-100.62486,38.38759],[-100.70551,38.218],[-100.69494,38.09778],[-100.64112,38.0382],[-100.45814,37.92924],[-100.42561,37.80757],[-100.34536,37.70965],[-100.24992,37.65151],[-100.0304,37.67617],[-99.98275,37.64203],[-99.97893,37.57076],[-100.14968,37.50186],[-100.26249,37.32892],[-100.39272,37.21709],[-100.52583,37.15858],[-100.70741,37.15165],[-100.87373,37.19723],[-100.92257,37.19116],[-100.97613,37.14214],[-101.01571,36.99625],[-101.187,36.84601],[-101.31756,36.7688],[-101.49942,36.7785],[-101.62032,36.88019],[-101.65775,37.07508],[-101.60013,37.18723],[-101.60383,37.23637],[-101.94397,37.52632],[-101.96964,37.56082],[-101.98113,37.70325],[-101.9383,37.74109],[-101.73252,37.75094],[-101.46876,37.7101],[-101.24696,37.70132],[-101.19874,37.66765],[-101.16201,37.55643],[-101.11499,37.54144],[-101.01783,37.61708],[-100.91656,37.8738],[-100.96255,37.90735],[-101.14744,37.9201],[-101.21874,37.9528],[-101.24675,38.02218],[-101.22885,38.09528],[-101.14532,38.21542],[-101.15124,38.28944],[-101.19199,38.3378],[-101.2648,38.36183],[-101.50035,38.33369],[-101.73298,38.49435],[-101.91092,38.54703],[-102.07387,38.62382],[-102.38407,38.6486],[-102.51963,38.776],[-102.73263,38.89838],[-102.7907,39.02043],[-102.86104,39.51748],[-102.77408,39.59378],[-102.66015,39.63568],[-102.29096,39.72635],[-102.17355,39.7322],[-102.0432,39.68557],[-101.86378,39.69596],[-101.76161,39.74141],[-101.59415,39.86669],[-101.3543,39.97401],[-101.31762,40.05039],[-101.37908,40.08458],[-101.60947,40.06278],[-101.85261,40.1386],[-101.91095,40.1382],[-102.00068,40.11071],[-102.09649,40.03152],[-102.16535,39.91153],[-102.23135,39.85462],[-102.41955,39.84513],[-102.66141,39.90408],[-102.83806,40.01983],[-102.85338,40.18002],[-102.83486,40.23471],[-102.66636,40.40025],[-102.66934,40.47411],[-103.02226,40.68995],[-103.02931,40.76113],[-102.98519,40.79936],[-102.82311,40.82782],[-102.68875,40.88647],[-102.66262,40.93354],[-102.6833,41.15583],[-102.64544,41.26525],[-102.48565,41.36299]],[[-82.64245,40.04573],[-82.72084,40.13198],[-82.81662,40.31334],[-82.91557,40.33191],[-83.03038,40.30386],[-83.13432,40.22889],[-83.17711,40.12056],[-83.17307,40.00469],[-83.11285,39.89362],[-83.02607,39.8584],[-82.9057,39.84526],[-82.75385,39.89047],[-82.65215,40.00064],[-82.64245,40.04573]],[[-85.18898,42.61565],[-85.32844,42.64412],[-85.38236,42.6086],[-85.415,42.4017],[-85.52026,42.35629],[-85.74784,42.35205],[-85.774,42.30512],[-85.71505,42.23184],[-85.57907,42.21721],[-85.3854,42.27321],[-85.21247,42.27942],[-85.01351,42.35936],[-84.96698,42.45432],[-85.04315,42.54691],[-85.18898,42.61565]],[[-86.05041,39.95483],[-86.17309,39.93781],[-86.28319,39.85228],[-86.3542,39.72275],[-86.29049,39.58523],[-86.24338,39.5633],[-86.17058,39.57868],[-86.01454,39.67524],[-85.97589,39.73587],[-85.95814,39.84851],[-85.9853,39.90661],[-86.05041,39.95483]],[[-88.33379,43.93814],[-88.3251,44.06758],[-88.32109,44.18018],[-88.3581,44.19604],[-88.41792,44.19453],[-88.41985,44.1921],[-88.4239,44.19383],[-88.49219,44.16162],[-88.52306,44.1014],[-88.50387,44.06438],[-88.51875,44.02905],[-88.49185,43.93916],[-88.46484,43.81343],[-88.43106,43.8081],[-88.38335,43.86602],[-88.33379,43.93814]],[[-90.09087,43.12872],[-90.08797,43.06922],[-90.001,43.01997],[-89.94314,43.02034],[-89.88432,43.06278],[-89.90257,43.12401],[-89.96415,43.15683],[-90.0383,43.16022],[-90.09087,43.12872]],[[-91.94886,44.34817],[-91.86079,44.27917],[-91.76462,44.25269],[-91.70442,44.28659],[-91.68979,44.3633],[-91.75805,44.44452],[-91.87839,44.45367],[-91.96636,44.41596],[-91.94886,44.34817]],[[-97.43845,45.74795],[-97.50649,45.70175],[-97.53878,45.64618],[-97.47061,45.50466],[-97.33375,45.43138],[-97.25762,45.41638],[-97.1819,45.44843],[-97.18166,45.55494],[-97.26531,45.68621],[-97.35685,45.74741],[-97.43845,45.74795]],[[-99.4797,41.38096],[-99.53496,41.3884],[-99.62625,41.34465],[-99.75182,41.22197],[-99.77222,41.15919],[-99.73839,41.12362],[-99.66814,41.08276],[-99.56095,41.08502],[-99.3769,41.17263],[-99.34372,41.22111],[-99.34563,41.27748],[-99.4797,41.38096]],[[-100.88586,39.8736],[-100.82638,39.83287],[-100.75218,39.87424],[-100.70254,39.94477],[-100.72187,40.02302],[-100.77376,40.0375],[-100.85883,39.99729],[-100.88965,39.94405],[-100.88586,39.8736]],[[-101.69546,39.10988],[-101.75883,39.0809],[-101.79002,38.98729],[-101.66538,38.91988],[-101.55276,38.88554],[-101.49577,38.8904],[-101.45754,38.92078],[-101.46119,38.99798],[-101.5774,39.09492],[-101.69546,39.10988]]],[[[-92.62784,45.374],[-92.77665,45.46764],[-92.77318,45.53952],[-92.74673,45.55688],[-92.59232,45.57108],[-92.51743,45.53317],[-92.4975,45.42467],[-92.55135,45.37207],[-92.62784,45.374]]],[[[-84.66817,31.02977],[-84.75158,31.03829],[-84.78588,31.09608],[-84.7501,31.20103],[-84.69829,31.26817],[-84.65144,31.29958],[-84.60964,31.2953],[-84.52533,31.14175],[-84.53292,31.08826],[-84.60308,31.04119],[-84.66817,31.02977]]],[[[-80.18556,33.75183],[-80.24623,33.77834],[-80.19598,33.91655],[-80.14218,33.96355],[-80.07411,33.97227],[-79.99179,33.94265],[-79.95616,33.90137],[-79.96712,33.8485],[-80.04241,33.80456],[-80.18556,33.75183]]],[[[-79.3436,34.48626],[-79.39698,34.54842],[-79.37406,34.65403],[-79.29756,34.69748],[-79.18931,34.68181],[-79.14763,34.56676],[-79.18472,34.49954],[-79.23563,34.47063],[-79.3436,34.48626]]],[[[-78.00336,34.77629],[-78.04657,34.783],[-78.15176,34.90845],[-78.19625,35.00625],[-78.17978,35.07645],[-78.09806,35.13665],[-78.02868,35.14415],[-77.76798,35.10355],[-77.73301,35.06166],[-77.75831,34.95643],[-77.8485,34.86134],[-78.00336,34.77629]]],[[[-76.53247,35.50845],[-76.5772,35.53232],[-76.61104,35.52969],[-76.62391,35.48707],[-76.63242,35.48526],[-76.76305,35.50687],[-76.81502,35.57013],[-76.82345,35.62621],[-76.76582,35.76258],[-76.68224,35.82176],[-76.53742,35.85252],[-76.40626,35.83066],[-76.34987,35.78473],[-76.4047,35.57496],[-76.53233,35.50784],[-76.53247,35.50845]]],[[[-76.14785,36.2793],[-76.14137,36.21803],[-76.17335,36.19317],[-76.25418,36.18215],[-76.27061,36.18989],[-76.2652,36.18065],[-76.29346,36.1768],[-76.40216,36.19499],[-76.45889,36.24088],[-76.44054,36.31075],[-76.37811,36.37335],[-76.27152,36.42855],[-76.16147,36.41011],[-76.10479,36.36407],[-76.11339,36.26273],[-76.14785,36.2793]]],[[[-85.9996,37.5106],[-85.98038,37.65252],[-85.90728,37.68235],[-85.70002,37.68289],[-85.6165,37.62194],[-85.63143,37.51556],[-85.75725,37.43652],[-85.91602,37.44985],[-85.9996,37.5106]]],[[[-75.94631,39.4217],[-75.84477,39.44161],[-75.6615,39.41143],[-75.62068,39.38641],[-75.54914,39.30147],[-75.5121,39.13837],[-75.28976,38.87414],[-75.23708,38.62291],[-75.12876,38.44447],[-75.19153,38.30908],[-75.27412,38.26843],[-75.38674,38.28768],[-75.47894,38.33964],[-75.73795,38.38347],[-75.98986,38.49827],[-76.05409,38.60164],[-76.00093,38.60171],[-76.01694,38.6251],[-76.05693,38.62124],[-76.0739,38.63352],[-76.15392,38.76228],[-76.16936,38.85228],[-76.16816,38.85273],[-76.17058,38.85936],[-76.19354,38.99316],[-76.18569,38.99072],[-76.1352,39.08213],[-76.13296,39.12295],[-76.20684,39.0707],[-76.20865,39.08122],[-76.15545,39.27321],[-76.05755,39.36681],[-76.05408,39.36853],[-75.97598,39.36729],[-75.87598,39.37598],[-75.93872,39.39858],[-75.97801,39.40606],[-75.94631,39.4217]]],[[[-77.03891,40.08633],[-77.04937,40.05153],[-77.22692,40.11183],[-77.38085,40.03665],[-77.51456,39.91923],[-77.53867,39.74314],[-77.63512,39.64838],[-77.6869,39.63783],[-77.81976,39.67565],[-77.8988,39.74175],[-77.92724,39.81861],[-77.85412,39.91695],[-77.68292,39.97652],[-77.53551,40.12464],[-77.45208,40.1668],[-77.40101,40.17738],[-77.07593,40.12837],[-77.03891,40.08633]]],[[[-76.69983,40.08971],[-76.65217,40.26365],[-76.57201,40.37879],[-76.43145,40.44799],[-76.35674,40.45449],[-76.10089,40.41394],[-76.05934,40.38905],[-76.03038,40.28423],[-75.83743,40.06117],[-75.82925,40.00506],[-75.88881,39.79571],[-75.95957,39.71595],[-76.09426,39.66475],[-76.23967,39.66677],[-76.54711,39.59108],[-76.71771,39.58141],[-76.83275,39.59933],[-76.92766,39.65021],[-77.10459,39.65942],[-77.13678,39.71893],[-77.10424,39.84136],[-77.03464,39.92176],[-76.96532,39.91114],[-76.88778,39.84766],[-76.82964,39.83581],[-76.6873,39.88508],[-76.66174,39.9677],[-76.69983,40.08971]]],[[[-75.66762,40.39886],[-75.79879,40.36542],[-76.03103,40.40285],[-75.99629,40.52502],[-75.89646,40.61855],[-75.75983,40.66955],[-75.6837,40.67552],[-75.62003,40.64684],[-75.58869,40.58692],[-75.63429,40.42996],[-75.66762,40.39886]]],[[[-76.76183,40.57232],[-76.94854,40.60089],[-77.02778,40.66757],[-76.98479,40.91611],[-76.94703,40.96506],[-76.80568,41.0347],[-76.71182,41.02035],[-76.70408,40.85193],[-76.57838,40.70801],[-76.60256,40.62064],[-76.76183,40.57232]]],[[[-76.31922,42.85074],[-76.37222,42.8873],[-76.42549,42.96011],[-76.42798,42.9105],[-76.36182,42.85015],[-76.30526,42.81044],[-76.34786,42.66272],[-76.41599,42.6],[-76.55595,42.54819],[-76.56302,42.54925],[-76.60313,42.5939],[-76.66514,42.66841],[-76.70103,42.75786],[-76.73486,42.94331],[-76.75083,42.92539],[-76.77275,42.77798],[-76.66714,42.60269],[-76.59647,42.5543],[-76.69988,42.56991],[-76.85658,42.68448],[-76.88204,42.6817],[-76.88203,42.68276],[-76.954,42.86963],[-76.96992,42.87759],[-76.954,42.73018],[-76.93963,42.67541],[-76.99764,42.66907],[-77.11789,42.68678],[-77.20452,42.73596],[-77.25272,42.83423],[-77.18505,42.98864],[-77.03488,43.07627],[-76.89913,43.11109],[-76.81081,43.0987],[-76.6714,43.11382],[-76.47799,43.08475],[-76.43469,43.05991],[-76.31922,42.85074]],[[-76.5272,42.83608],[-76.4792,42.76997],[-76.46846,42.76914],[-76.46934,42.78071],[-76.53628,42.92207],[-76.54868,42.89727],[-76.5272,42.83608]]],[[[-77.68164,42.73172],[-77.76735,42.59805],[-78.05528,42.54744],[-78.22374,42.57083],[-78.26736,42.59506],[-78.40445,42.7413],[-78.3731,42.97379],[-78.42762,43.08116],[-78.51849,43.17562],[-78.49586,43.26361],[-78.32701,43.33185],[-78.12768,43.32281],[-78.03964,43.2742],[-77.88057,43.07952],[-77.69283,42.97032],[-77.63447,42.90732],[-77.68164,42.73172]]],[[[-85.92965,43.0907],[-85.85951,43.2293],[-85.78314,43.24136],[-85.73928,43.20191],[-85.74441,43.1672],[-85.80699,43.08118],[-85.86251,43.04946],[-85.91033,43.05321],[-85.92965,43.0907]]]]}},{"type":"Feature","properties":{"id":"soybean","name":"大豆","color":"#a5bb74","source":"USDA NASS CDL 2023","method":"sampled-and-generalized","year":2023,"threshold":0.12},"geometry":{"type":"MultiPolygon","coordinates":[[[[-88.79878,34.19753],[-88.73005,34.22911],[-88.57915,34.20161],[-88.52236,34.10823],[-88.55143,33.80498],[-88.57821,33.75284],[-88.66993,33.70486],[-88.73487,33.70898],[-88.94895,33.82919],[-89.16054,33.82478],[-89.22255,33.86432],[-89.23962,33.91915],[-89.207,34.04277],[-89.13699,34.09245],[-89.07013,34.10641],[-88.96733,34.04943],[-88.91974,34.04663],[-88.79878,34.19753]]],[[[-87.36933,34.62078],[-87.47877,34.62883],[-87.54054,34.66923],[-87.53468,34.7226],[-87.4869,34.75502],[-87.35354,34.77073],[-87.3231,34.76665],[-87.03893,34.60947],[-87.24335,34.64147],[-87.36933,34.62078]]],[[[-86.86597,34.58239],[-86.91403,34.58992],[-86.93496,34.6104],[-87.00606,34.68252],[-87.25171,34.8],[-87.16557,34.85683],[-86.98157,34.91462],[-86.78607,34.88141],[-86.73096,34.78726],[-86.77211,34.62888],[-86.86597,34.58239]]],[[[-86.0622,35.50506],[-86.09949,35.56207],[-86.09255,35.61532],[-86.03892,35.68266],[-85.92109,35.72655],[-85.90129,35.70691],[-85.92017,35.56485],[-85.97381,35.49757],[-86.0622,35.50506]]],[[[-87.20022,37.06585],[-87.08833,37.05767],[-86.92582,36.97401],[-86.5067,36.95938],[-86.39849,36.91491],[-86.34007,36.83847],[-86.36984,36.60765],[-86.44851,36.52424],[-86.592,36.46385],[-86.7533,36.44056],[-87.13647,36.45166],[-87.35346,36.55545],[-87.61611,36.61172],[-87.76764,36.67598],[-87.88918,36.80966],[-88.01028,37.02414],[-88.26016,37.17439],[-88.23195,37.22623],[-88.13749,37.25594],[-87.9088,37.25877],[-87.74843,37.1093],[-87.53822,37.03708],[-87.35393,37.02343],[-87.20022,37.06585]]],[[[-85.49018,37.53924],[-85.50779,37.41513],[-85.53548,37.38162],[-85.65623,37.33816],[-85.81233,37.36937],[-86.06397,37.61459],[-86.24652,37.72806],[-86.30088,37.84003],[-86.29153,37.91099],[-86.24115,37.94283],[-86.10411,37.93178],[-85.99956,37.85149],[-85.88731,37.70334],[-85.61398,37.63966],[-85.52805,37.59637],[-85.49018,37.53924]]],[[[-91.15559,38.55781],[-91.17403,38.62994],[-91.10218,38.66283],[-91.03274,38.66005],[-90.96571,38.62162],[-90.94748,38.54945],[-90.99616,38.51572],[-91.08859,38.51943],[-91.15559,38.55781]]],[[[-95.88318,39.20593],[-95.88338,39.08107],[-95.93006,39.04543],[-96.09326,39.04542],[-96.25672,39.09872],[-96.32696,39.15208],[-96.32728,39.2234],[-96.28068,39.25919],[-96.14154,39.27731],[-96.10471,39.25969],[-95.97664,39.2595],[-95.88318,39.20593]]],[[[-100.8119,48.89767],[-100.53038,48.90681],[-100.04254,48.75781],[-99.88368,48.76293],[-99.81694,48.78625],[-99.58851,48.95221],[-99.45569,48.99197],[-99.40725,48.99312],[-99.23535,48.99312],[-99.16106,48.99312],[-98.71401,48.89975],[-98.4539,48.92193],[-98.25465,48.87145],[-97.98269,48.86244],[-97.64599,48.97011],[-97.2687,48.99222],[-97.22669,48.97459],[-96.99851,48.97619],[-96.86311,48.94067],[-96.70031,48.85058],[-96.57378,48.73325],[-96.49097,48.70596],[-96.44099,48.71519],[-96.16169,48.90682],[-95.94599,48.97972],[-95.70327,48.96121],[-95.35349,48.86902],[-95.3275,48.77799],[-95.38183,48.72367],[-95.62447,48.59726],[-95.74337,48.57257],[-95.77643,48.53926],[-95.74799,48.4975],[-95.65198,48.47003],[-95.51881,48.37881],[-95.49251,48.32424],[-95.4945,48.07019],[-95.52114,48.02568],[-95.41712,47.79785],[-95.41793,47.70731],[-95.49829,47.58083],[-95.56964,47.53281],[-95.65548,47.41518],[-95.79105,46.87617],[-95.92179,46.76795],[-95.98602,46.74324],[-96.02401,46.69254],[-95.96603,46.49106],[-95.90116,46.43203],[-95.66318,46.33431],[-95.5858,46.28001],[-95.52943,46.13249],[-95.29432,45.90931],[-95.02233,45.86258],[-94.92001,45.82578],[-94.72524,45.70361],[-94.58919,45.66066],[-94.51427,45.56987],[-94.4829,45.47349],[-94.37298,45.41183],[-94.15847,45.35126],[-93.9835,45.32902],[-93.85881,45.23716],[-93.83812,45.0242],[-93.71172,44.83317],[-93.60651,44.75418],[-93.34405,44.63648],[-93.17846,44.63214],[-93.04257,44.66433],[-92.72832,44.66371],[-92.66202,44.73044],[-92.62677,44.88818],[-92.48601,45.15435],[-92.35396,45.2408],[-92.10872,45.29544],[-91.9622,45.39164],[-91.83467,45.38776],[-91.78591,45.35025],[-91.66076,45.17488],[-91.44721,45.06919],[-91.47742,44.99831],[-91.55346,45.00085],[-91.67158,45.07276],[-91.82158,45.11597],[-91.94305,45.06052],[-91.99186,44.98738],[-91.94776,44.92889],[-91.78866,44.90042],[-91.7161,44.84417],[-91.64712,44.73405],[-91.63346,44.55389],[-91.68729,44.50173],[-91.97587,44.51055],[-92.24369,44.48009],[-92.31001,44.45274],[-92.3232,44.40809],[-92.25016,44.26411],[-92.1742,44.18443],[-91.8702,43.98659],[-91.82351,43.93129],[-91.85717,43.75604],[-91.69404,43.60413],[-91.70303,43.46098],[-91.88581,43.29901],[-91.86672,43.16134],[-91.78935,43.07539],[-91.71734,43.04921],[-91.54908,43.15095],[-91.37514,43.16286],[-91.23444,43.05026],[-91.07851,42.81146],[-91.05687,42.72101],[-90.99321,42.62901],[-90.98029,42.45577],[-90.92976,42.34906],[-90.85751,42.31933],[-90.71827,42.36727],[-90.59634,42.36225],[-90.50442,42.28674],[-90.3819,42.12685],[-90.20702,41.98857],[-90.13406,41.98773],[-90.04629,42.04272],[-90.00842,42.09198],[-90.00381,42.17501],[-90.16505,42.44185],[-90.24734,42.48924],[-90.46146,42.51792],[-90.53058,42.5746],[-90.51644,42.75319],[-90.41696,42.76688],[-90.05375,42.64468],[-89.93986,42.63943],[-89.78995,42.71126],[-89.5943,42.87255],[-89.42042,42.88437],[-89.25434,42.95177],[-89.18252,43.0443],[-89.19591,43.40895],[-89.13747,43.49572],[-88.8765,43.64356],[-88.92896,43.82621],[-88.91781,43.93345],[-88.88727,43.98575],[-88.80867,44.01746],[-88.68587,43.99275],[-88.5646,43.83075],[-88.43536,43.76282],[-88.34597,43.66776],[-88.35197,43.61422],[-88.41033,43.53591],[-88.43523,43.31347],[-88.49418,43.22058],[-88.5022,43.15562],[-88.58846,43.043],[-88.59498,42.96646],[-88.50756,42.80864],[-88.43186,42.74402],[-88.33591,42.71046],[-88.25011,42.71372],[-88.09858,42.77257],[-87.97735,42.76511],[-87.91225,42.68926],[-87.95332,42.5482],[-88.0571,42.50074],[-88.21233,42.50458],[-88.33723,42.40345],[-88.37531,42.06299],[-88.30029,41.81251],[-88.17107,41.61969],[-88.06906,41.55349],[-87.89923,41.53982],[-87.65716,41.47127],[-87.4645,41.44564],[-87.25217,41.46442],[-87.01029,41.54401],[-86.43511,41.87652],[-86.16568,42.13717],[-86.08541,42.18496],[-85.89014,42.18783],[-85.76427,42.14257],[-85.63173,42.13276],[-85.39356,42.21989],[-85.21364,42.2449],[-85.14579,42.28328],[-85.10253,42.37577],[-85.26585,42.56945],[-85.30079,42.66238],[-85.25669,42.94603],[-85.18514,43.08513],[-84.97768,43.20319],[-84.90684,43.28131],[-84.88418,43.4141],[-84.9578,43.5711],[-84.93779,43.69482],[-84.82402,43.77629],[-84.6913,43.81912],[-84.5427,43.80627],[-84.4992,43.76637],[-84.48887,43.63302],[-84.3877,43.57603],[-84.26586,43.59074],[-84.05684,43.70886],[-84.00747,43.70437],[-83.82912,43.61573],[-83.73315,43.62649],[-83.66787,43.621],[-83.62158,43.63647],[-83.61937,43.63925],[-83.56595,43.64524],[-83.39327,43.62876],[-83.32921,43.56836],[-83.35258,43.43693],[-83.3084,43.40368],[-83.2645,43.41672],[-83.12861,43.56689],[-83.04796,43.59512],[-82.91792,43.61839],[-82.6962,43.59607],[-82.58706,43.51257],[-82.55765,43.46223],[-82.51621,43.27964],[-82.50632,43.24389],[-82.49939,43.19506],[-82.57934,42.78832],[-82.63837,42.7402],[-82.79456,42.70199],[-82.96142,42.73695],[-83.06645,42.83778],[-83.14932,42.9813],[-83.2816,43.10634],[-83.41805,43.16112],[-83.58877,43.15401],[-83.70942,43.08678],[-83.7428,43.02943],[-83.77174,42.78059],[-83.80263,42.74655],[-83.9922,42.62301],[-84.10168,42.44968],[-84.18968,42.36761],[-84.46233,42.27749],[-84.50591,42.2308],[-84.51717,42.16931],[-84.43045,42.03514],[-84.3338,42.00291],[-84.20588,42.03631],[-83.94765,42.20094],[-83.82051,42.22505],[-83.60294,42.2043],[-83.31153,42.04964],[-83.31012,41.92704],[-83.31616,41.92329],[-83.36206,41.87988],[-83.44116,41.76621],[-83.4562,41.74248],[-83.44297,41.72485],[-83.35225,41.71401],[-83.29072,41.69326],[-83.24258,41.66191],[-83.06909,41.60063],[-83.01602,41.56279],[-82.96328,41.54194],[-82.91079,41.53823],[-82.89316,41.54409],[-82.81326,41.50223],[-82.9707,41.47573],[-83.02749,41.45454],[-82.95957,41.43975],[-82.89111,41.44331],[-82.82227,41.46523],[-82.74307,41.46406],[-82.70325,41.45811],[-82.54308,41.41644],[-82.52441,41.40698],[-82.48027,41.3981],[-82.4526,41.40222],[-82.04996,41.35865],[-81.9177,41.28989],[-81.86769,41.17597],[-81.89039,41.06154],[-81.85342,40.88539],[-81.86759,40.81479],[-82.01035,40.70433],[-82.16589,40.6493],[-82.34486,40.62799],[-82.39346,40.59241],[-82.3963,40.44199],[-82.31205,40.26828],[-82.40637,40.05684],[-82.31312,39.88961],[-82.33678,39.76601],[-82.39685,39.70046],[-82.57621,39.59834],[-82.73548,39.4126],[-82.97329,39.27569],[-83.15615,39.23404],[-83.33881,39.14415],[-83.41082,39.06308],[-83.49691,38.84362],[-83.65336,38.75144],[-83.7745,38.72755],[-83.91265,38.74121],[-84.02202,38.78787],[-84.11992,38.90524],[-84.19208,39.32664],[-84.17182,39.4497],[-84.06234,39.56387],[-84.01898,39.65951],[-84.0386,39.75342],[-84.08719,39.79354],[-84.13162,39.7928],[-84.18815,39.75832],[-84.23897,39.61797],[-84.32624,39.51831],[-84.53502,39.45911],[-84.75856,39.32448],[-84.94871,39.27425],[-85.16611,38.96556],[-85.37321,38.80524],[-85.39379,38.68944],[-85.3597,38.60525],[-85.37263,38.51664],[-85.52597,38.42211],[-85.66384,38.43381],[-85.84651,38.53855],[-85.92541,38.49912],[-86.04405,38.37553],[-86.2049,38.38848],[-86.29216,38.43129],[-86.43696,38.56817],[-86.44141,38.71194],[-86.37879,38.83261],[-86.1282,39.02042],[-86.06652,39.09368],[-86.03793,39.15723],[-86.04834,39.24165],[-86.17975,39.36646],[-86.31528,39.43755],[-86.42386,39.42336],[-86.54561,39.34769],[-86.64344,39.31923],[-86.81471,39.3233],[-86.86082,39.27219],[-86.88731,39.05621],[-86.8448,38.813],[-86.73237,38.62659],[-86.75489,38.44905],[-86.84147,38.30636],[-86.85564,38.20075],[-86.74602,37.78497],[-86.76603,37.62517],[-86.82009,37.55179],[-86.83195,37.46393],[-86.78297,37.30456],[-86.83285,37.27166],[-86.9911,37.26388],[-87.1608,37.20645],[-87.34197,37.21958],[-87.57235,37.28381],[-87.83874,37.27205],[-88.01672,37.43844],[-88.24263,37.54627],[-88.72862,37.68672],[-89.01971,37.70357],[-89.24241,37.67755],[-89.34912,37.62668],[-89.51595,37.49314],[-89.52373,37.45695],[-89.48046,37.4254],[-89.20846,37.41047],[-89.07946,37.43873],[-88.92023,37.42954],[-88.76323,37.36832],[-88.51976,37.31599],[-88.34543,37.23347],[-88.30376,37.19502],[-88.30744,37.1595],[-88.41061,37.02059],[-88.44624,36.90538],[-88.19731,36.68671],[-88.19689,36.47263],[-88.23052,36.36647],[-88.25843,36.31454],[-88.42746,36.16542],[-88.52668,35.88378],[-88.7233,35.66436],[-88.78854,35.48792],[-89.05845,35.21743],[-89.19737,35.15389],[-89.42283,35.11297],[-89.55523,35.12031],[-89.70263,35.19691],[-89.82816,35.22371],[-89.97389,35.10795],[-90.0113,34.96045],[-89.95609,34.81913],[-89.99113,34.5559],[-89.90342,34.36839],[-89.8955,34.18962],[-89.97261,34.03995],[-89.98203,33.6382],[-90.00562,33.61121],[-90.0202,33.42402],[-90.06689,33.35247],[-90.1267,33.16031],[-90.25396,32.89749],[-90.44207,32.67338],[-90.66702,32.52254],[-90.86564,32.49187],[-90.94804,32.4289],[-91.0068,32.23262],[-91.24071,31.86217],[-91.27294,31.70488],[-91.41169,31.47368],[-91.44344,31.31623],[-91.48957,31.24613],[-91.66248,31.12113],[-91.66834,31.04365],[-91.63134,30.96374],[-91.63808,30.838],[-91.68472,30.74978],[-91.77011,30.66304],[-91.76149,30.48251],[-91.83137,30.341],[-91.87389,30.32458],[-91.99783,30.34719],[-92.07766,30.42214],[-92.13509,30.53229],[-92.1317,30.60418],[-92.06767,30.69195],[-92.06195,30.75407],[-92.18007,30.91205],[-92.17341,31.0549],[-92.12751,31.1506],[-92.12274,31.23395],[-92.02934,31.43497],[-92.02357,31.53622],[-91.9548,31.64163],[-91.8052,31.79189],[-91.75164,31.89221],[-91.74338,32.03746],[-91.76551,32.10506],[-91.8186,32.15394],[-91.94798,32.1985],[-92.00829,32.27247],[-92.0057,32.32534],[-91.90898,32.56191],[-91.90093,32.69943],[-91.85245,32.80534],[-91.69118,33.02042],[-91.67584,33.2831],[-91.60372,33.42957],[-91.59384,33.59333],[-91.65978,33.72046],[-91.89765,34.00814],[-92.08031,34.28308],[-92.1406,34.39252],[-92.17294,34.62623],[-92.09891,34.78484],[-91.78282,34.98736],[-91.72592,35.14759],[-91.53544,35.41106],[-91.54206,35.64165],[-91.49227,35.72918],[-91.38156,35.80979],[-91.20241,36.07549],[-90.90235,36.32361],[-90.71757,36.59148],[-90.12595,37.0392],[-89.84034,37.39252],[-89.8333,37.47726],[-89.93296,37.70361],[-90.14179,37.88806],[-90.37079,38.20271],[-90.35711,38.38078],[-90.27956,38.48445],[-90.09248,38.61097],[-90.08417,38.65531],[-90.13167,38.73838],[-90.22063,38.80334],[-90.6956,38.80691],[-90.73127,38.82615],[-90.91071,38.83382],[-91.06944,38.80455],[-91.39335,38.81699],[-91.57498,38.91045],[-91.69747,38.91725],[-91.92781,38.85363],[-92.16018,38.86106],[-92.39264,39.09408],[-92.47281,39.13568],[-92.52367,39.13574],[-92.56708,39.09937],[-92.57216,39.00744],[-92.50902,38.87131],[-92.51413,38.76437],[-92.58879,38.65933],[-92.70873,38.57333],[-92.87079,38.57754],[-93.01976,38.63456],[-93.11128,38.61245],[-93.29443,38.40905],[-93.5291,38.3574],[-93.63328,38.30161],[-93.76546,38.13291],[-93.94186,38.00375],[-94.0896,37.83953],[-94.14313,37.7344],[-94.05502,37.63804],[-93.94608,37.43991],[-93.951,37.26153],[-93.97473,37.22623],[-94.0671,37.1742],[-94.37307,37.19632],[-94.47837,37.15918],[-94.65291,37.04861],[-94.70746,36.96851],[-94.79929,36.89807],[-94.8901,36.88109],[-95.18577,37.02451],[-95.26747,37.04458],[-95.59147,37.0283],[-95.77286,37.08232],[-95.86355,37.15384],[-95.90875,37.368],[-95.88621,37.3952],[-95.88563,37.58213],[-95.77097,37.78764],[-95.79537,37.95463],[-95.87133,38.05505],[-96.06905,38.11757],[-96.26328,38.26896],[-96.36943,38.31331],[-96.4161,38.40232],[-96.32411,38.50964],[-96.08153,38.57533],[-95.95342,38.84909],[-95.8603,38.90254],[-95.62758,38.90206],[-95.42578,38.8664],[-95.13742,39.00669],[-95.02094,39.00582],[-94.774,38.79416],[-94.66364,38.75288],[-94.54387,38.7521],[-94.48357,38.7731],[-94.23234,38.92791],[-94.23071,38.99496],[-94.29663,39.06945],[-94.31835,39.14199],[-94.24659,39.37343],[-94.33804,39.42525],[-94.44959,39.42668],[-94.78427,39.21796],[-94.9481,39.20161],[-95.14198,39.25584],[-95.36821,39.27583],[-95.57827,39.36595],[-95.73592,39.46878],[-95.862,39.50762],[-96.21123,39.50925],[-96.24709,39.5268],[-96.56531,39.54081],[-96.72091,39.44049],[-96.84073,39.15814],[-96.8136,38.88786],[-96.69669,38.72224],[-96.69635,38.6866],[-96.85217,38.45491],[-96.89994,38.34051],[-96.89824,38.14145],[-96.8505,37.97187],[-96.93861,37.75134],[-96.93823,37.64516],[-96.7748,37.32987],[-96.77332,37.18715],[-96.96954,36.99393],[-97.04049,36.77458],[-97.12907,36.64881],[-97.30812,36.55774],[-97.44335,36.55619],[-97.48914,36.59132],[-97.62797,36.75021],[-97.65627,36.90833],[-97.7712,37.06955],[-97.77586,37.26579],[-97.7123,37.37599],[-97.67142,37.58643],[-97.72424,37.65071],[-98.01993,37.86892],[-98.06832,37.95735],[-98.07427,38.0299],[-98.18849,38.13374],[-98.21312,38.18685],[-98.21581,38.27599],[-98.14869,38.34856],[-97.89069,38.42886],[-97.74599,38.54361],[-97.67166,38.6651],[-97.67692,38.76768],[-97.8871,38.95971],[-97.98962,39.1557],[-98.04947,39.21559],[-98.16456,39.2584],[-98.40781,39.23627],[-98.45628,39.25322],[-98.57571,39.3222],[-98.73255,39.52289],[-98.84435,39.60202],[-98.87353,39.74414],[-98.69785,39.97891],[-98.70432,40.04295],[-98.83876,40.09911],[-98.94833,40.11726],[-99.52533,40.08476],[-99.59828,40.1006],[-99.72114,40.18634],[-99.82262,40.30921],[-99.82825,40.41535],[-99.78601,40.47241],[-99.72345,40.68651],[-99.67763,40.72357],[-99.46804,40.74878],[-99.31913,40.80882],[-99.1151,40.97091],[-98.91197,41.03827],[-98.88055,41.07154],[-98.86394,41.28063],[-98.79463,41.35365],[-98.67498,41.37407],[-98.57733,41.34033],[-98.41509,41.16123],[-98.30118,41.18944],[-98.19795,41.2504],[-98.16209,41.3215],[-98.17335,41.35448],[-98.25601,41.4113],[-98.41301,41.46873],[-98.4631,41.52139],[-98.44206,41.61112],[-98.28429,41.77037],[-98.25675,41.85547],[-98.33428,42.00655],[-98.34672,42.27466],[-98.56946,42.44935],[-98.59592,42.50246],[-98.49996,42.55802],[-98.35303,42.56076],[-98.18053,42.47732],[-98.05933,42.478],[-97.84884,42.57806],[-97.79373,42.66232],[-97.79427,42.72439],[-97.89145,42.7801],[-98.11558,42.81551],[-98.38979,42.91821],[-98.51616,43.00537],[-98.56613,43.05982],[-98.55967,43.05986],[-98.57085,43.10225],[-98.61463,43.11266],[-98.65373,43.15527],[-99.07689,43.40552],[-99.18605,43.61806],[-99.1919,43.7434],[-99.00711,43.90316],[-98.93007,44.0365],[-98.76676,44.14166],[-98.76692,44.21689],[-98.83598,44.2408],[-98.9642,44.21524],[-99.08921,44.23039],[-99.30836,44.41297],[-99.43158,44.454],[-99.50275,44.4536],[-99.60725,44.52266],[-99.61492,44.66616],[-99.43593,44.82318],[-99.46172,44.87848],[-99.54464,44.90176],[-100.0065,44.87081],[-100.08682,44.94031],[-100.0255,45.18427],[-100.06278,45.25297],[-100.24188,45.38545],[-100.29985,45.49167],[-100.30564,45.58151],[-100.18316,45.78185],[-100.30208,45.92416],[-100.33603,46.04929],[-100.26451,46.14175],[-100.02083,46.23106],[-99.96519,46.32152],[-100.105,46.48971],[-100.09502,46.68877],[-100.36115,46.82516],[-100.36714,46.91534],[-100.16855,47.08432],[-100.02601,47.15752],[-100.00078,47.2052],[-100.02731,47.2546],[-100.20621,47.33276],[-100.36989,47.34974],[-100.45243,47.40144],[-100.48122,47.43674],[-100.49865,47.63559],[-100.56444,47.71482],[-100.70998,47.80433],[-100.95586,47.87396],[-101.09392,47.84829],[-101.19566,47.79263],[-101.30138,47.78864],[-101.34696,47.92005],[-101.59391,48.10409],[-101.78318,48.33886],[-101.97276,48.45218],[-102.06313,48.55754],[-102.04489,48.64935],[-101.8767,48.71876],[-101.77354,48.79767],[-101.74113,48.86259],[-101.61019,48.92261],[-100.99084,48.92768],[-100.8119,48.89767]],[[-83.0146,40.11962],[-83.05848,40.08182],[-83.05486,40.00473],[-83.00856,39.934],[-82.92148,39.88295],[-82.87157,39.8865],[-82.779,39.94928],[-82.79722,40.04255],[-82.9241,40.13513],[-83.0146,40.11962]],[[-86.25973,39.85046],[-86.30256,39.75463],[-86.25636,39.65143],[-86.16664,39.6505],[-86.03876,39.79474],[-86.03472,39.8926],[-86.07412,39.92025],[-86.15205,39.91821],[-86.25973,39.85046]],[[-92.94657,40.09706],[-92.90391,39.93773],[-92.8722,39.91307],[-92.79643,39.94279],[-92.61197,40.15995],[-92.43995,40.30387],[-92.43536,40.42092],[-92.58903,40.64259],[-92.56087,40.73027],[-92.41553,40.85009],[-92.41269,40.9062],[-92.46156,40.96923],[-92.56234,41.02865],[-92.73622,41.07451],[-92.90871,41.14949],[-93.01337,41.15198],[-93.07613,41.13168],[-93.19256,41.04386],[-93.19222,40.97681],[-92.99207,40.70548],[-92.99584,40.61629],[-93.09478,40.5293],[-93.14422,40.51251],[-93.30891,40.53402],[-93.40623,40.64958],[-93.54078,40.71736],[-93.68046,40.82715],[-93.72657,41.0079],[-93.82827,41.09753],[-93.96595,41.09534],[-94.07851,40.99582],[-94.06305,40.83355],[-94.14256,40.62369],[-94.11308,40.60356],[-93.87819,40.61619],[-93.76015,40.57844],[-93.49185,40.36575],[-93.03749,40.18851],[-92.94657,40.09706]],[[-94.94555,37.77393],[-94.76778,37.673],[-94.69677,37.70232],[-94.74668,37.83329],[-94.8707,37.90826],[-94.90983,37.90563],[-94.96332,37.86462],[-94.94555,37.77393]],[[-95.20423,45.5547],[-95.27245,45.5703],[-95.32356,45.54919],[-95.33449,45.49619],[-95.12296,45.2659],[-95.06133,45.23683],[-94.97183,45.23784],[-94.85709,45.31818],[-94.85446,45.35731],[-94.91312,45.42361],[-95.20423,45.5547]],[[-97.27877,45.69415],[-97.33464,45.69499],[-97.38164,45.66106],[-97.38182,45.54142],[-97.34231,45.488],[-97.24846,45.44772],[-97.16668,45.45697],[-97.12767,45.54893],[-97.21421,45.654],[-97.27877,45.69415]],[[-98.63927,41.01484],[-98.63655,40.98224],[-98.49496,40.88204],[-98.42611,40.86662],[-98.3817,40.89109],[-98.45044,41.04035],[-98.48674,41.06496],[-98.60093,41.04734],[-98.63927,41.01484]],[[-99.14451,45.71026],[-99.06592,45.71436],[-98.96828,45.81253],[-98.99546,45.86342],[-99.07561,45.86121],[-99.16032,45.7572],[-99.14451,45.71026]],[[-99.72975,46.74848],[-99.65963,46.70686],[-99.57912,46.75424],[-99.55121,46.8206],[-99.60911,46.91472],[-99.66201,46.91245],[-99.70462,46.86564],[-99.72975,46.74848]],[[-100.46438,48.53725],[-100.60566,48.56295],[-100.70611,48.54753],[-100.81556,48.42083],[-100.71734,48.2724],[-100.37924,48.08241],[-100.25098,48.06069],[-100.19123,48.08991],[-100.25673,48.38763],[-100.3264,48.4697],[-100.46438,48.53725]]],[[[-88.59303,44.38358],[-88.75909,44.48272],[-88.72628,44.55289],[-88.4837,44.5401],[-88.31575,44.6019],[-88.26551,44.599],[-88.307,44.45736],[-88.44257,44.37511],[-88.59303,44.38358]]],[[[-90.48089,44.74503],[-90.55683,44.73012],[-90.6071,44.75019],[-90.97275,44.94434],[-90.96738,45.01607],[-90.8872,45.06703],[-90.6842,45.05914],[-90.46024,44.99608],[-90.43639,44.9771],[-90.45107,44.79863],[-90.48089,44.74503]]],[[[-93.82455,45.50659],[-93.92682,45.5082],[-94.00087,45.59931],[-93.97306,45.67086],[-93.895,45.70567],[-93.53585,45.69962],[-93.48591,45.66269],[-93.48862,45.59077],[-93.51488,45.57326],[-93.82455,45.50659]]],[[[-101.02826,47.34545],[-101.1099,47.37868],[-101.11556,47.45092],[-101.06715,47.50707],[-100.93552,47.51183],[-100.85246,47.4604],[-100.84709,47.38815],[-100.89695,47.35017],[-101.02826,47.34545]]],[[[-101.80381,47.76846],[-101.67488,47.81009],[-101.53953,47.77925],[-101.50849,47.7261],[-101.58307,47.66869],[-101.71497,47.66331],[-101.77095,47.69728],[-101.80381,47.76846]]],[[[-79.67428,33.77075],[-79.75335,33.70937],[-79.90688,33.71293],[-80.0411,33.89039],[-80.25327,33.96079],[-80.32496,34.04316],[-80.33574,34.09905],[-80.29265,34.20196],[-80.1883,34.27836],[-80.01205,34.27217],[-79.74362,34.07117],[-79.65477,33.96775],[-79.67428,33.77075]]],[[[-78.86054,34.85167],[-78.79335,34.61579],[-78.65068,34.49313],[-78.68647,34.33487],[-78.77694,34.13019],[-79.03073,33.98616],[-79.33374,34.12148],[-79.5025,34.47274],[-79.44546,34.73689],[-79.40847,34.80422],[-79.34971,34.86842],[-79.17443,34.95209],[-78.9355,34.91722],[-78.89602,34.89324],[-78.86054,34.85167]]],[[[-80.32525,34.80478],[-80.37593,34.77538],[-80.50987,34.77521],[-80.6008,34.87787],[-80.5469,35.03371],[-80.46348,35.11318],[-80.39077,35.13969],[-80.3035,35.12798],[-80.25263,35.04865],[-80.24906,34.95755],[-80.32525,34.80478]]],[[[-77.75286,36.1022],[-77.57551,36.19735],[-77.54334,36.2407],[-77.50787,36.4462],[-77.41535,36.54089],[-77.34023,36.56549],[-77.20761,36.54453],[-77.18995,36.52353],[-77.18121,36.37651],[-77.31385,36.20963],[-77.33191,36.12597],[-77.06776,35.82998],[-77.01664,35.71858],[-76.98625,35.69096],[-76.92599,35.68115],[-76.84884,35.72021],[-76.67495,35.93958],[-76.67377,35.95125],[-76.61113,35.94365],[-76.50352,35.95605],[-76.46553,35.95522],[-76.28317,35.86477],[-76.23143,35.8013],[-76.25445,35.71396],[-76.40014,35.59245],[-76.54606,35.5157],[-76.5772,35.53232],[-76.61104,35.52969],[-76.62124,35.49589],[-76.70224,35.47859],[-76.92005,35.51441],[-76.97428,35.54068],[-77.03372,35.52475],[-77.03999,35.52739],[-77.03672,35.52395],[-77.11983,35.50168],[-77.18672,35.44246],[-77.26902,35.20645],[-77.36011,35.11176],[-77.46408,35.05553],[-77.9051,34.90662],[-78.1626,34.92751],[-78.45006,34.88123],[-78.64524,34.9106],[-78.72008,34.97629],[-78.72712,35.34077],[-78.67312,35.47806],[-78.40499,35.47613],[-78.35755,35.49895],[-78.28896,35.76591],[-78.13764,35.92478],[-77.89565,35.95179],[-77.75286,36.1022]]],[[[-76.75508,36.07084],[-76.73699,36.11902],[-76.71973,36.03808],[-76.75508,36.07084]]],[[[-75.96585,36.63519],[-75.97344,36.59995],[-75.96235,36.57651],[-75.9621,36.56416],[-75.99277,36.47378],[-75.97847,36.42915],[-75.95905,36.41244],[-75.95868,36.39413],[-76.02242,36.22663],[-76.05474,36.23452],[-76.14785,36.2793],[-76.14106,36.21509],[-76.15,36.14575],[-76.22178,36.16689],[-76.27061,36.18989],[-76.22739,36.11602],[-76.32119,36.13818],[-76.38369,36.13354],[-76.42432,36.06797],[-76.47881,36.02817],[-76.55938,36.01533],[-76.67891,36.07529],[-76.71763,36.1481],[-76.72054,36.16283],[-76.60677,36.46582],[-76.46523,36.52295],[-76.32614,36.65659],[-76.24589,36.69796],[-76.14811,36.71812],[-76.01556,36.69585],[-75.96585,36.63519]]],[[[-76.84763,36.86949],[-76.77766,36.87645],[-76.7368,36.85157],[-76.68857,36.77086],[-76.725,36.63104],[-76.8355,36.64896],[-76.8707,36.69107],[-76.84763,36.86949]]],[[[-76.00312,39.41084],[-75.9781,39.43606],[-75.85289,39.4977],[-75.66176,39.50456],[-75.56934,39.52924],[-75.57388,39.47695],[-75.51982,39.40283],[-75.46049,39.33561],[-75.51579,39.24698],[-75.4914,39.13785],[-75.39106,39.0192],[-75.31412,38.83094],[-75.16374,38.65158],[-75.14997,38.61727],[-75.18711,38.59111],[-75.14146,38.59605],[-75.10859,38.51413],[-75.14889,38.37486],[-75.30226,38.24908],[-75.3237,38.09603],[-75.35352,38.06504],[-75.36544,38.04374],[-75.4983,37.97782],[-75.5656,37.98924],[-75.60072,38.0317],[-75.6039,38.10437],[-75.56638,38.15368],[-75.39589,38.2696],[-75.38803,38.31398],[-75.52194,38.43825],[-75.6434,38.45715],[-75.86873,38.4235],[-76.04962,38.45337],[-76.09006,38.47825],[-76.14357,38.54172],[-76.14199,38.60737],[-76.11294,38.60156],[-76.00093,38.60171],[-76.01694,38.6251],[-76.05693,38.62124],[-76.1402,38.6815],[-76.13881,38.73935],[-76.19425,38.99338],[-76.18569,38.99072],[-76.1352,39.08213],[-76.13296,39.12295],[-76.21054,39.06808],[-76.22184,39.11982],[-76.17834,39.2769],[-76.07326,39.36883],[-75.97598,39.36729],[-75.87598,39.37598],[-75.93872,39.39858],[-76.00312,39.41084]]],[[[-75.23939,39.37745],[-75.36131,39.37662],[-75.38683,39.36926],[-75.52422,39.49019],[-75.51924,39.53189],[-75.52068,39.55535],[-75.50098,39.56618],[-75.4155,39.68113],[-75.30329,39.73544],[-75.16546,39.71224],[-75.08658,39.57089],[-75.12241,39.44902],[-75.23939,39.37745]]],[[[-76.38881,39.73005],[-76.40807,39.66022],[-76.49152,39.61876],[-76.54233,39.60855],[-76.77971,39.64096],[-77.0267,39.50182],[-77.1831,39.54398],[-77.22913,39.64197],[-77.20142,39.74692],[-77.12736,39.84488],[-76.979,39.94966],[-76.84023,39.9283],[-76.74501,39.87735],[-76.45695,39.83198],[-76.38881,39.73005]]],[[[-76.76531,40.91918],[-76.85794,40.93337],[-76.86224,41.00687],[-76.79604,41.0697],[-76.6503,41.06562],[-76.61305,41.02342],[-76.6559,40.95712],[-76.71246,40.92936],[-76.76531,40.91918]]],[[[-76.95878,42.77437],[-76.98746,42.79538],[-76.96841,42.8636],[-76.95878,42.77437]]],[[[-76.72404,42.88401],[-76.69288,42.86113],[-76.70929,42.80314],[-76.72404,42.88401]]],[[[-76.80469,42.73174],[-76.90674,42.74692],[-76.954,42.86963],[-76.96517,42.87521],[-76.94339,42.9532],[-76.91435,42.96717],[-76.81781,42.95286],[-76.75374,42.90582],[-76.77275,42.77798],[-76.75831,42.75401],[-76.80469,42.73174]]]]}},{"type":"Feature","properties":{"id":"wheat","name":"小麦","color":"#d5a56c","source":"USDA NASS CDL 2023","method":"sampled-and-generalized","year":2023,"threshold":0.1},"geometry":{"type":"MultiPolygon","coordinates":[[[[-102.93282,34.75799],[-102.86769,34.86547],[-102.81833,35.08123],[-102.71584,35.17671],[-102.48035,35.27949],[-102.21593,35.29379],[-102.03497,35.26734],[-101.80769,35.19608],[-101.62223,35.39517],[-101.53613,35.43504],[-101.38803,35.44269],[-101.18476,35.50468],[-101.02935,35.51139],[-100.89037,35.42778],[-100.86023,35.30468],[-100.87783,35.23153],[-100.98151,35.11982],[-101.2614,35.00021],[-101.52359,34.9314],[-101.56307,34.88871],[-101.43973,34.70549],[-101.40392,34.5626],[-101.20607,34.29484],[-101.14287,34.27899],[-101.02075,34.36604],[-100.9552,34.38681],[-100.84574,34.37347],[-100.82052,34.3208],[-100.83794,34.24848],[-100.9588,34.11577],[-100.96804,33.8846],[-101.02522,33.75667],[-101.13142,33.71614],[-101.24105,33.72913],[-101.44258,33.80945],[-101.57077,33.90422],[-101.70016,33.95759],[-102.01819,33.92433],[-102.13665,33.95317],[-102.37043,33.95926],[-102.46039,33.99014],[-102.61493,34.11822],[-102.74383,34.15255],[-102.88922,34.12381],[-102.98389,34.05874],[-103.03964,33.86656],[-103.09988,33.80904],[-103.2083,33.80231],[-103.432,33.85993],[-103.52396,33.90782],[-103.57607,33.99417],[-103.58302,34.06548],[-103.54989,34.17534],[-103.39101,34.30993],[-103.34898,34.60089],[-103.22417,34.68041],[-103.03544,34.71067],[-102.93282,34.75799]]],[[[-119.17555,35.92687],[-119.41952,35.89652],[-119.52263,35.93101],[-119.55529,35.96126],[-119.60399,36.11131],[-119.69764,36.19041],[-119.72535,36.27688],[-119.67112,36.32469],[-119.50774,36.3944],[-119.35503,36.42489],[-119.32296,36.25313],[-119.19669,36.14258],[-119.14833,35.98747],[-119.17555,35.92687]]],[[[-120.26441,37.07043],[-120.41303,36.88557],[-120.38979,36.8231],[-120.22632,36.67236],[-120.1922,36.56875],[-120.22447,36.52521],[-120.33345,36.50267],[-120.4378,36.53634],[-120.51015,36.61357],[-120.55916,36.75947],[-120.64638,36.88056],[-120.69431,37.09211],[-120.64727,37.23118],[-120.59876,37.29664],[-120.41681,37.31578],[-120.30562,37.26484],[-120.24913,37.16579],[-120.26441,37.07043]]],[[[-108.76299,37.52053],[-108.85239,37.51101],[-108.9502,37.53664],[-109.18545,37.69139],[-109.2726,37.78999],[-109.28537,37.86062],[-109.22994,37.93873],[-109.07071,37.95595],[-108.99615,37.92792],[-108.77711,37.73506],[-108.72383,37.56065],[-108.76299,37.52053]]],[[[-102.77091,38.30598],[-103.04605,38.29045],[-103.14269,38.32069],[-103.34113,38.45214],[-103.42296,38.57251],[-103.43201,38.66141],[-103.36802,38.71892],[-103.11449,38.73384],[-102.94616,38.68971],[-102.79567,38.57288],[-102.71324,38.43429],[-102.70509,38.34535],[-102.77091,38.30598]]],[[[-112.53858,41.88201],[-112.53147,41.95547],[-112.46395,41.98233],[-112.3838,41.95634],[-112.34324,41.889],[-112.35884,41.85073],[-112.47823,41.83538],[-112.53858,41.88201]]],[[[-102.84867,42.11473],[-103.0168,42.08777],[-103.09143,42.10163],[-103.17159,42.16892],[-103.18447,42.2937],[-103.09438,42.3704],[-102.90122,42.39876],[-102.80019,42.36824],[-102.77233,42.33384],[-102.76019,42.20901],[-102.84867,42.11473]]],[[[-112.15922,43.46136],[-111.73782,43.88886],[-111.62685,43.95665],[-111.40881,44.00058],[-111.29799,43.95903],[-111.266,43.81748],[-111.28265,43.77923],[-111.41606,43.64793],[-111.43923,43.57925],[-111.52121,43.49691],[-111.72945,43.41749],[-111.9363,43.39217],[-112.0013,43.3606],[-112.23511,43.14682],[-112.31752,43.03619],[-112.55462,42.92721],[-112.84896,42.55],[-112.97379,42.55178],[-113.11851,42.73267],[-113.14937,42.85588],[-113.13398,42.89431],[-112.98625,43.00474],[-112.76197,43.05972],[-112.69364,43.24284],[-112.60907,43.30822],[-112.32927,43.38146],[-112.15922,43.46136]]],[[[-101.71703,44.08935],[-101.83285,43.9765],[-101.92961,43.93627],[-102.15409,43.92602],[-102.28376,43.97383],[-102.34034,44.04302],[-102.28026,44.20764],[-102.18661,44.28395],[-101.93809,44.37112],[-101.84626,44.42522],[-101.67036,44.43283],[-101.64374,44.41599],[-101.63479,44.30855],[-101.71703,44.08935]]],[[[-108.52934,45.39308],[-108.61543,45.43945],[-108.68653,45.54168],[-108.68841,45.68673],[-108.58676,45.69627],[-108.50706,45.68553],[-108.28367,45.59718],[-108.26719,45.508],[-108.35209,45.40951],[-108.52934,45.39308]]],[[[-107.42873,45.58185],[-107.44801,45.54396],[-107.63255,45.41936],[-107.75305,45.37262],[-107.82901,45.36594],[-107.93675,45.39267],[-108.22616,45.56618],[-108.23931,45.63753],[-108.1794,45.73372],[-108.03631,45.80102],[-107.62504,45.81893],[-107.51365,45.77406],[-107.45028,45.7069],[-107.42873,45.58185]]],[[[-111.38882,45.69614],[-111.50676,45.75555],[-111.50226,45.84727],[-111.43036,45.87378],[-111.35003,45.86471],[-111.26152,45.82005],[-111.2451,45.749],[-111.3129,45.70482],[-111.38882,45.69614]]],[[[-108.94057,45.91727],[-108.96157,46.02432],[-108.92097,46.08276],[-108.71983,46.12001],[-108.66179,46.08909],[-108.67023,45.99745],[-108.80617,45.89374],[-108.88261,45.88647],[-108.94057,45.91727]]],[[[-119.68424,45.75276],[-119.4872,45.82899],[-119.47932,45.87644],[-119.55971,45.9008],[-119.87742,45.88535],[-120.10256,45.91913],[-120.19676,45.95785],[-120.19776,46.03207],[-120.13584,46.08055],[-119.7991,46.25277],[-119.62995,46.30141],[-119.43518,46.2799],[-119.02964,46.11596],[-118.93731,46.16925],[-118.87749,46.25592],[-118.8475,46.34767],[-118.87839,46.44053],[-119.12,46.74391],[-119.17664,46.90163],[-119.14788,47.0436],[-119.18251,47.21731],[-119.11535,47.32528],[-119.14117,47.39224],[-119.21982,47.44443],[-119.34949,47.4869],[-119.58454,47.35308],[-119.71198,47.33081],[-119.89729,47.43868],[-120.03908,47.47864],[-120.11661,47.53966],[-120.15641,47.64479],[-120.07484,47.79027],[-119.85111,47.92326],[-119.65188,47.9767],[-119.52933,47.9418],[-119.43797,47.87361],[-119.32406,47.83016],[-118.81568,47.93227],[-118.67916,47.93631],[-118.5056,47.90906],[-118.33418,47.80936],[-117.94631,47.86964],[-117.74742,47.84561],[-117.60824,47.75609],[-117.55759,47.60688],[-117.51074,47.577],[-117.2338,47.61043],[-116.96712,47.54035],[-116.82358,47.43164],[-116.75542,47.22058],[-116.77239,47.02614],[-116.71414,46.84468],[-116.42222,46.67909],[-116.28969,46.52966],[-116.04753,46.32919],[-115.9305,46.03328],[-115.99368,45.89492],[-116.08355,45.84461],[-116.23432,45.82187],[-116.34575,45.84181],[-116.44307,45.90069],[-116.58579,46.08491],[-116.75507,46.17716],[-117.08375,46.17053],[-117.32578,46.27613],[-117.57836,46.27076],[-117.75931,46.20787],[-117.87493,46.13036],[-118.08319,45.9474],[-118.30098,45.69529],[-118.60782,45.5138],[-118.78179,45.48402],[-118.89337,45.50184],[-119.00706,45.55054],[-119.22117,45.57439],[-119.30949,45.53478],[-119.45793,45.38444],[-119.64929,45.25755],[-120.16743,45.16355],[-120.46284,45.23761],[-120.75458,45.18458],[-121.19208,45.3623],[-121.22556,45.44906],[-121.16701,45.57211],[-120.95954,45.72331],[-120.86698,45.75936],[-120.51275,45.80671],[-120.19299,45.72057],[-119.93567,45.70812],[-119.68424,45.75276]]],[[[-103.81806,46.63531],[-103.86779,46.61434],[-104.10107,46.60071],[-104.20923,46.63049],[-104.29835,46.71571],[-104.2951,46.89717],[-104.18066,47.031],[-103.97417,47.06128],[-103.80892,46.99824],[-103.74609,46.91115],[-103.72911,46.76716],[-103.81806,46.63531]]],[[[-107.26768,47.37639],[-107.25085,47.43238],[-107.12011,47.443],[-107.0355,47.41337],[-107.02332,47.34153],[-107.0973,47.31733],[-107.18,47.3289],[-107.26768,47.37639]]],[[[-105.83956,47.88777],[-105.9441,47.94718],[-106.15044,47.97267],[-106.32691,47.97516],[-106.32524,47.98506],[-106.36641,48.0147],[-106.40581,48.02075],[-106.43281,48.02715],[-106.53789,47.98286],[-106.54756,47.97827],[-106.57046,47.97859],[-106.68499,48.02455],[-106.74983,48.09257],[-106.78297,48.29088],[-106.68586,48.35318],[-106.52345,48.38861],[-106.46145,48.44557],[-106.59766,48.63426],[-106.6246,48.79688],[-106.56228,48.91146],[-106.49083,48.97176],[-106.42213,48.99312],[-106.12025,48.99312],[-106.02605,48.9709],[-105.88758,48.97899],[-105.842,48.99312],[-105.6311,48.99312],[-105.20469,48.99312],[-104.77832,48.99312],[-104.35195,48.99312],[-103.92559,48.99312],[-103.49917,48.99312],[-103.0728,48.99312],[-102.64644,48.99312],[-102.22002,48.99312],[-101.79365,48.99312],[-101.36728,48.99312],[-100.94087,48.99312],[-100.5145,48.99312],[-100.46878,48.99312],[-100.26199,48.90008],[-99.94869,48.83918],[-99.84004,48.87893],[-99.77824,48.96548],[-99.73279,48.99312],[-99.66172,48.99312],[-99.23535,48.99312],[-98.80898,48.99316],[-98.38262,48.99316],[-97.9562,48.99316],[-97.52983,48.99316],[-97.10347,48.99316],[-96.83492,48.99316],[-96.78264,48.97755],[-96.49378,48.71905],[-96.44467,48.72754],[-96.26937,48.87025],[-96.08085,48.92509],[-95.75743,48.9067],[-95.62287,48.87],[-95.54259,48.797],[-95.54298,48.74247],[-95.72345,48.51387],[-95.51895,48.36065],[-95.52324,47.78019],[-95.60326,47.68985],[-95.75544,47.58613],[-95.84222,47.32823],[-96.00004,47.14746],[-96.21175,47.14422],[-96.38051,47.06844],[-96.52313,46.94763],[-96.60152,46.94731],[-96.69156,47.0282],[-96.86331,47.10552],[-97.20668,47.14218],[-97.25981,47.17786],[-97.2717,47.43567],[-97.39157,47.51569],[-97.56971,47.53641],[-97.82912,47.41807],[-97.99179,47.30048],[-97.98876,47.20079],[-97.87336,47.12331],[-97.7828,47.09968],[-97.75369,46.99165],[-97.8563,46.91802],[-98.01304,46.91582],[-98.06642,46.95116],[-98.21795,47.17645],[-98.3051,47.23198],[-98.41767,47.25289],[-98.55322,47.35902],[-98.53531,47.56714],[-98.6189,47.68381],[-98.62111,47.73723],[-98.49782,47.94565],[-98.53293,48.01643],[-98.68701,48.09658],[-99.02978,48.16445],[-99.13555,48.11306],[-99.28757,47.84506],[-99.28266,47.74798],[-99.1679,47.5446],[-99.16274,47.43695],[-99.23636,47.32661],[-99.36314,47.23309],[-99.52057,47.22916],[-99.62756,47.26259],[-99.75709,47.34491],[-99.8397,47.34562],[-100.0444,47.19669],[-100.09572,47.17708],[-100.24326,47.18485],[-100.30712,47.16756],[-100.48032,47.03841],[-100.58489,47.03497],[-100.77763,47.11715],[-100.89011,47.10822],[-100.97215,47.04421],[-101.06792,46.83706],[-101.45757,46.57352],[-101.45734,46.50237],[-101.37434,46.42756],[-101.36996,46.37444],[-101.44019,46.28047],[-101.70067,46.13723],[-101.90223,45.93619],[-102.08209,45.92825],[-102.22382,45.97518],[-102.40789,45.96719],[-102.5993,45.91906],[-102.8673,45.78241],[-103.07224,45.77186],[-103.26332,45.8701],[-103.33298,45.94636],[-103.43332,46.00545],[-103.58444,46.19598],[-103.59476,46.2858],[-103.55136,46.36058],[-103.39534,46.50616],[-103.3236,46.62861],[-103.34495,46.8426],[-103.31496,47.04357],[-103.07325,47.23752],[-102.7719,47.37963],[-102.5374,47.40908],[-102.27111,47.38515],[-102.18717,47.33455],[-102.08442,47.18634],[-102.00827,47.14484],[-101.88368,47.15022],[-101.63365,47.24903],[-101.64348,47.2916],[-102.12863,47.55488],[-102.1375,47.56493],[-102.09565,47.55254],[-102.03223,47.5293],[-101.95137,47.48813],[-101.91729,47.46387],[-101.88257,47.46733],[-101.77187,47.48765],[-101.67925,47.4981],[-101.5896,47.51465],[-101.39966,47.5062],[-101.32832,47.53276],[-101.24731,47.5669],[-101.18408,47.58477],[-101.14048,47.6064],[-101.16274,47.63374],[-101.20293,47.64482],[-101.27627,47.62783],[-101.45278,47.60781],[-101.58857,47.59853],[-101.60078,47.58594],[-101.62544,47.57969],[-101.71758,47.56728],[-101.88364,47.56133],[-102.02056,47.58501],[-102.09316,47.60449],[-102.1605,47.62398],[-102.21196,47.67725],[-102.16948,47.72935],[-102.18667,47.74756],[-102.2398,47.76606],[-102.25264,47.79277],[-102.27603,47.85566],[-102.29448,47.91182],[-102.28731,47.92534],[-102.2791,47.93818],[-102.26538,47.96128],[-102.2583,47.97769],[-102.27334,47.97837],[-102.31138,47.9644],[-102.37466,47.95249],[-102.41533,47.93828],[-102.4,47.87685],[-102.38447,47.81958],[-102.40845,47.80562],[-102.46172,47.81357],[-102.52729,47.82241],[-102.5751,47.8437],[-102.5769,47.8667],[-102.57866,47.91103],[-102.55742,47.96773],[-102.59844,48.05298],[-102.67471,48.10527],[-102.79023,48.14478],[-102.91631,48.1709],[-103.02959,48.18023],[-103.11772,48.1708],[-103.21123,48.14487],[-103.35269,48.07559],[-103.45044,48.06694],[-103.48232,48.0811],[-103.52432,48.10771],[-103.57505,48.15308],[-103.66636,48.14189],[-103.72148,48.10239],[-103.75869,48.07402],[-103.77231,48.0273],[-103.74985,48.01733],[-103.66479,48.06338],[-103.58252,48.09668],[-103.55132,48.07246],[-103.52017,48.02749],[-103.45928,48.01558],[-103.33877,48.02974],[-103.23779,48.06338],[-103.18643,48.09707],[-103.05884,48.12539],[-102.90132,48.12002],[-102.76128,48.08408],[-102.65669,48.0353],[-102.61392,47.99199],[-102.62227,47.95576],[-102.65313,47.91631],[-102.61587,47.8189],[-102.60883,47.81458],[-102.64055,47.821],[-102.78226,47.81415],[-103.02634,47.76338],[-103.34966,47.58618],[-103.61159,47.57197],[-103.77723,47.61731],[-103.91259,47.69575],[-104.05057,47.70897],[-104.11567,47.67677],[-104.23973,47.49964],[-104.3595,47.4016],[-104.62651,47.30338],[-104.98896,46.98054],[-105.14767,46.9882],[-105.45801,47.1804],[-105.58749,47.17538],[-106.03159,46.98996],[-106.08176,46.92045],[-106.11163,46.75697],[-106.23004,46.67553],[-106.35943,46.66577],[-106.4744,46.72965],[-106.51063,46.9536],[-106.60437,47.04686],[-106.61897,47.13664],[-106.54659,47.17859],[-106.33935,47.21563],[-106.06024,47.36681],[-105.98349,47.43771],[-105.9516,47.60514],[-105.82325,47.80233],[-105.83956,47.88777]],[[-100.33771,48.3864],[-100.43427,48.46625],[-100.56429,48.50442],[-100.66932,48.497],[-100.75873,48.40907],[-100.74738,48.22853],[-100.63968,48.10992],[-100.27925,48.02523],[-100.15959,48.03794],[-100.15539,48.07954],[-100.23865,48.17007],[-100.33771,48.3864]]],[[[-102.38267,47.76062],[-102.33594,47.75688],[-102.32229,47.73215],[-102.38267,47.76062]]],[[[-111.32391,48.85671],[-111.20587,48.87203],[-110.98308,48.99307],[-110.74766,48.99307],[-110.32129,48.99307],[-109.89492,48.99307],[-109.46855,48.99307],[-109.45994,48.99307],[-109.28875,48.88726],[-109.17665,48.85552],[-109.10645,48.86403],[-108.78189,48.99312],[-108.61577,48.99312],[-108.1894,48.99312],[-108.17543,48.99312],[-107.74617,48.85382],[-107.65611,48.80635],[-107.6364,48.69808],[-107.70317,48.61924],[-107.91321,48.50049],[-107.95681,48.38968],[-107.94224,48.30597],[-108.0116,48.2451],[-108.1737,48.24929],[-108.2865,48.37366],[-108.3571,48.41055],[-108.51606,48.43799],[-108.64718,48.42113],[-108.68074,48.36378],[-108.59345,48.19353],[-108.63215,48.11679],[-108.73059,48.07118],[-108.80962,48.06389],[-108.92227,48.09005],[-109.01588,48.15454],[-109.10344,48.26519],[-109.35298,48.37517],[-109.54166,48.39692],[-109.70716,48.3017],[-109.82093,48.19556],[-109.84275,48.12097],[-109.76341,48.03943],[-109.61845,47.94996],[-109.56949,47.84493],[-109.5844,47.78854],[-109.7583,47.65209],[-109.77212,47.58708],[-109.70658,47.54607],[-109.65416,47.54384],[-109.47192,47.63478],[-109.31866,47.66797],[-109.23278,47.63968],[-109.21447,47.55006],[-109.32301,47.42992],[-109.50198,47.35193],[-109.5786,47.28006],[-109.55782,47.15756],[-109.48672,47.06585],[-109.48696,46.93895],[-109.60144,46.8546],[-109.75267,46.82118],[-109.97454,46.87166],[-110.09718,46.95037],[-110.22939,47.1926],[-110.24506,47.26409],[-110.21559,47.37201],[-110.23372,47.44509],[-110.28978,47.49019],[-110.4429,47.53489],[-110.5857,47.52061],[-110.94887,47.31733],[-111.07866,47.3031],[-111.59289,47.44724],[-111.76009,47.54779],[-112.07954,47.68489],[-112.22425,47.83336],[-112.29931,48.00852],[-112.46779,48.15424],[-112.56706,48.41892],[-112.84751,48.56966],[-112.9288,48.67059],[-112.95001,48.85279],[-112.88954,48.93409],[-112.65063,48.96285],[-112.46747,48.94784],[-111.97209,48.98677],[-111.86115,48.98096],[-111.48548,48.87956],[-111.32391,48.85671]]],[[[-99.25516,31.99081],[-99.29731,32.00757],[-99.301,32.0972],[-99.28047,32.11574],[-99.17411,32.11879],[-99.15213,32.10146],[-99.15001,32.0477],[-99.1911,32.01064],[-99.25516,31.99081]]],[[[-100.55203,32.35905],[-100.59263,32.3215],[-100.73872,32.26158],[-100.90912,32.2543],[-100.99993,32.34012],[-100.96619,32.48525],[-100.90542,32.54176],[-100.84236,32.56243],[-100.69163,32.55081],[-100.604,32.5185],[-100.53579,32.44944],[-100.55203,32.35905]]],[[[-97.36476,33.46403],[-97.38895,33.60695],[-97.34618,33.64326],[-97.23769,33.64448],[-97.17178,33.59146],[-97.17044,33.50199],[-97.25596,33.42946],[-97.32085,33.42873],[-97.36476,33.46403]]],[[[-100.26596,33.7872],[-100.35278,33.80192],[-100.39925,33.8539],[-100.40429,33.94325],[-100.32216,34.0359],[-100.21419,34.05779],[-100.14689,34.02441],[-100.11753,33.8822],[-100.2007,33.80756],[-100.26596,33.7872]]],[[[-80.44218,34.78424],[-80.52804,34.79576],[-80.58259,34.85734],[-80.56477,34.94551],[-80.50327,35.02791],[-80.43066,35.05444],[-80.36891,35.02805],[-80.32891,34.89584],[-80.36513,34.82828],[-80.44218,34.78424]]],[[[-88.97827,35.60685],[-89.02757,35.55604],[-89.11629,35.56124],[-89.15748,35.59944],[-89.12228,35.75284],[-89.19863,35.88836],[-89.21213,36.01229],[-89.24807,36.08814],[-89.21292,36.22932],[-88.92754,36.39178],[-88.79809,36.33033],[-88.67572,36.19754],[-88.71013,36.07432],[-88.98867,35.71276],[-88.97827,35.60685]]],[[[-103.82858,40.09396],[-103.73757,40.07581],[-103.47438,40.09117],[-103.3875,40.11867],[-103.25118,40.23668],[-103.16226,40.35519],[-103.05922,40.5804],[-102.97117,40.65689],[-102.75256,40.72911],[-102.6348,40.85271],[-102.6398,40.88852],[-102.67431,40.90495],[-103.13602,40.88056],[-103.18669,40.89566],[-103.26557,40.96281],[-103.29179,41.13022],[-103.61291,41.241],[-103.75811,41.19588],[-103.89829,41.03264],[-104.03558,40.97027],[-104.13015,40.94629],[-104.29804,40.95341],[-104.37804,41.01987],[-104.38437,41.0732],[-104.28758,41.23965],[-104.27224,41.34951],[-104.14063,41.46555],[-104.07056,41.48792],[-103.8072,41.50429],[-103.65973,41.49522],[-103.42113,41.41988],[-103.12472,41.47233],[-102.9082,41.48419],[-102.78612,41.4728],[-102.53432,41.39807],[-102.24375,41.35712],[-102.14294,41.30829],[-101.84476,41.06126],[-101.65645,41.01005],[-101.51557,40.99689],[-101.41442,40.92969],[-101.40898,40.85842],[-101.47647,40.80188],[-101.60488,40.75438],[-101.8124,40.5186],[-101.92823,40.47744],[-102.10525,40.46882],[-102.31055,40.41846],[-102.40812,40.31542],[-102.49568,40.16324],[-102.80219,39.98938],[-102.84993,39.90605],[-102.83587,39.77155],[-102.54124,39.55721],[-102.24569,39.5498],[-102.19812,39.5785],[-102.20408,39.6179],[-102.31131,39.68962],[-102.29681,39.79281],[-102.33325,39.93889],[-102.2688,40.01366],[-102.15245,40.0373],[-101.88003,39.94448],[-101.66808,39.95667],[-101.54244,40.08575],[-101.55518,40.2797],[-101.53425,40.31638],[-101.46727,40.37294],[-101.39618,40.37599],[-101.19065,40.22514],[-101.08054,40.22962],[-100.98529,40.28561],[-100.91427,40.28839],[-100.77572,40.1252],[-100.65806,40.06721],[-100.59131,40.07074],[-100.43017,40.14547],[-100.00633,40.19539],[-99.69111,40.0621],[-99.56775,39.961],[-99.38784,39.92794],[-99.02309,39.93704],[-98.8246,39.88889],[-98.57203,39.87566],[-98.25921,39.77629],[-98.04903,39.74246],[-97.95388,39.70828],[-97.81001,39.60335],[-97.7537,39.47466],[-97.67465,39.41553],[-97.47585,39.35785],[-97.33117,39.28982],[-97.05294,39.2729],[-96.93436,39.14894],[-96.81239,38.68584],[-96.81081,38.54315],[-96.9443,38.19742],[-96.9422,37.95335],[-97.05264,37.64422],[-96.84316,37.32941],[-96.84134,37.16884],[-96.88467,37.07355],[-96.88406,36.93649],[-96.92785,36.816],[-96.92558,36.7098],[-96.85711,36.56174],[-96.85629,36.49037],[-96.87799,36.4188],[-96.98843,36.25724],[-97.27251,36.13408],[-97.29967,36.08413],[-97.29706,35.91493],[-97.59845,35.46241],[-97.61721,35.19625],[-97.68019,35.08237],[-97.67771,34.9687],[-97.59446,34.89727],[-97.4557,34.85863],[-97.43234,34.78746],[-97.45402,34.76933],[-97.56303,34.76788],[-97.68655,34.80174],[-97.88381,34.79873],[-97.93805,34.75291],[-97.9147,34.69024],[-97.93047,34.44981],[-97.87986,34.31474],[-97.82979,34.23756],[-97.71758,34.14852],[-97.59526,34.14131],[-97.55086,34.10613],[-97.54908,34.01672],[-97.61266,33.92637],[-97.7845,33.81644],[-97.98024,33.81325],[-98.18293,33.84537],[-98.292,33.79817],[-98.32633,33.73998],[-98.29925,33.55661],[-98.34047,33.48413],[-98.52204,33.40128],[-98.55185,33.34845],[-98.55068,33.28256],[-98.65446,33.15477],[-98.85301,33.07273],[-98.99275,32.96714],[-99.14257,32.94518],[-99.32834,33.08269],[-99.44221,33.03075],[-99.48633,32.94734],[-99.50192,32.7912],[-99.56078,32.67231],[-99.55441,32.5298],[-99.48225,32.34313],[-99.47599,32.2006],[-99.51517,32.13822],[-99.52726,31.91077],[-99.76099,31.6989],[-99.79067,31.63745],[-99.78329,31.5429],[-99.72035,31.49112],[-99.65014,31.49897],[-99.45268,31.66145],[-99.36953,31.69993],[-99.30606,31.70182],[-99.21923,31.65045],[-99.19522,31.5793],[-99.29063,31.39677],[-99.31029,31.28827],[-99.34945,31.21516],[-99.43134,31.15871],[-99.51463,31.13811],[-99.62136,31.17067],[-99.77892,31.3079],[-99.8731,31.30544],[-99.96319,31.26697],[-100.25788,31.25609],[-100.32198,31.27161],[-100.41009,31.34012],[-100.41891,31.50161],[-100.32698,31.74541],[-100.33454,31.90045],[-100.23696,32.06589],[-100.05937,32.18987],[-100.03289,32.2387],[-100.26478,32.45141],[-100.52451,32.62949],[-100.61743,32.7514],[-100.62056,32.80421],[-100.51941,32.91678],[-100.27775,33.02329],[-100.15013,33.15944],[-100.069,33.33049],[-100.03367,33.52673],[-99.9347,33.69721],[-99.96784,33.94113],[-99.84548,34.0943],[-99.84889,34.14001],[-99.88068,34.17085],[-99.95955,34.20759],[-100.06989,34.22422],[-100.20874,34.3625],[-100.23366,34.41617],[-100.22108,34.57114],[-100.3402,34.75153],[-100.32521,34.87731],[-100.30419,34.89597],[-100.17199,34.90075],[-100.07405,34.86908],[-99.93957,34.8732],[-99.85348,34.93689],[-99.82694,35.04996],[-99.96802,35.22991],[-99.99761,35.37195],[-99.91241,35.46425],[-99.75805,35.46922],[-99.63088,35.37337],[-99.55226,35.35724],[-99.45384,35.39521],[-99.42356,35.43151],[-99.42578,35.50207],[-99.47321,35.56739],[-99.47973,35.71016],[-99.33641,35.87059],[-99.29119,35.97151],[-99.37024,36.12899],[-99.48019,36.20812],[-99.59624,36.20331],[-99.70035,36.11467],[-99.81229,36.11114],[-99.83558,36.12826],[-99.84011,36.2174],[-99.67508,36.28366],[-99.57936,36.40419],[-99.46403,36.42934],[-99.38137,36.48717],[-99.39508,36.56309],[-99.54445,36.61971],[-99.6381,36.68835],[-99.76619,36.98811],[-99.75248,37.16711],[-99.63033,37.2882],[-99.62727,37.32751],[-99.67043,37.34826],[-99.91594,37.32132],[-100.04263,37.27542],[-100.22755,37.11578],[-100.36164,37.07528],[-100.62455,37.04696],[-100.68975,37.01275],[-100.73366,36.84679],[-100.81227,36.69028],[-100.78067,36.66771],[-100.65362,36.65324],[-100.49041,36.57009],[-100.44218,36.51828],[-100.43483,36.39349],[-100.65933,36.19886],[-100.71029,36.11479],[-100.83891,36.02024],[-101.23397,35.8962],[-101.48964,35.88446],[-101.61072,35.84322],[-101.91426,35.80978],[-102.13818,35.70966],[-102.33733,35.69922],[-102.42933,35.73007],[-102.50218,35.7977],[-102.53955,35.87494],[-102.62417,35.93116],[-102.69012,35.92877],[-102.75675,35.89093],[-102.8894,35.88326],[-102.98291,35.91366],[-103.10608,36.03171],[-103.11613,36.13851],[-103.03331,36.21504],[-102.83453,36.24454],[-102.79771,36.22893],[-102.48821,36.22807],[-102.3642,36.25435],[-102.26213,36.30276],[-102.04362,36.50185],[-101.90359,36.58774],[-101.87676,36.66546],[-101.97346,36.75587],[-101.98199,36.86272],[-101.84771,37.0658],[-101.89112,37.09831],[-102.09127,37.08982],[-102.32393,37.14942],[-102.41924,37.19804],[-102.49508,37.28344],[-102.54129,37.54923],[-102.5035,37.64069],[-102.36277,37.82573],[-102.32588,37.97684],[-102.49693,38.08826],[-102.65404,38.29446],[-102.6605,38.36561],[-102.6005,38.46767],[-102.60953,38.55942],[-102.64468,38.60672],[-103.00948,38.86512],[-103.12449,39.02415],[-103.20533,39.0804],[-103.50642,39.15816],[-103.60702,39.22363],[-103.66493,39.32749],[-103.67831,39.4319],[-103.74122,39.49571],[-104.17037,39.616],[-104.4742,39.61541],[-104.57209,39.64457],[-104.67432,39.70918],[-104.76415,39.86423],[-104.77502,39.95304],[-104.74099,40.06297],[-104.65324,40.12281],[-104.53747,40.14865],[-104.06758,40.19758],[-103.94554,40.16951],[-103.82858,40.09396]],[[-98.54575,34.78621],[-98.67124,34.76107],[-98.72183,34.68231],[-98.69914,34.63936],[-98.62673,34.60593],[-98.42175,34.62975],[-98.35505,34.67783],[-98.3734,34.71144],[-98.54575,34.78621]],[[-98.79667,37.31334],[-99.01371,37.36495],[-99.11507,37.3759],[-99.17308,37.35844],[-99.25426,37.26869],[-99.24801,37.0746],[-99.33401,36.96509],[-99.35271,36.89883],[-99.291,36.84672],[-99.16046,36.80962],[-99.02904,36.81623],[-98.73421,37.15413],[-98.71507,37.25299],[-98.79667,37.31334]],[[-98.82425,39.37647],[-98.90064,39.4043],[-99.01344,39.37487],[-99.28474,39.13462],[-99.29019,39.05587],[-99.22171,39.00746],[-99.04548,38.97311],[-98.90045,39.00258],[-98.84994,39.04713],[-98.78486,39.25198],[-98.78785,39.32974],[-98.82425,39.37647]],[[-99.23957,33.82877],[-99.24278,33.78607],[-99.17122,33.75223],[-99.04772,33.73765],[-98.98433,33.79034],[-98.98545,33.86107],[-99.03213,33.89643],[-99.13338,33.89373],[-99.23957,33.82877]],[[-99.22177,39.45717],[-99.24267,39.51872],[-99.35112,39.63696],[-99.53076,39.6917],[-99.64861,39.77373],[-99.71007,39.78789],[-99.74772,39.77441],[-99.76756,39.71565],[-99.73565,39.63085],[-99.67992,39.55466],[-99.57977,39.48202],[-99.41914,39.41043],[-99.24476,39.42326],[-99.22177,39.45717]],[[-101.11644,36.59015],[-101.14321,36.53908],[-101.09511,36.49482],[-101.00498,36.49861],[-100.88463,36.60067],[-100.88226,36.64001],[-100.92536,36.66032],[-101.03682,36.63534],[-101.11644,36.59015]],[[-101.3967,37.98016],[-101.45684,37.95475],[-101.49181,37.91357],[-101.37712,37.80843],[-101.19256,37.75746],[-101.06775,37.76504],[-100.96605,37.84191],[-101.04397,37.91695],[-101.25671,37.98673],[-101.3967,37.98016]],[[-101.97799,38.02399],[-102.07576,38.09197],[-102.16451,38.06242],[-102.16745,38.01526],[-102.03347,37.98678],[-101.97799,38.02399]]],[[[-86.51348,36.9061],[-86.40992,36.82613],[-86.37404,36.75149],[-86.39229,36.60945],[-86.51804,36.51184],[-86.65704,36.4869],[-87.02231,36.46107],[-87.19958,36.49219],[-87.331,36.55383],[-87.55068,36.5892],[-87.7246,36.6551],[-87.82738,36.75172],[-87.8647,36.82592],[-87.86985,36.98746],[-87.82077,37.01995],[-87.68521,37.01068],[-87.43541,36.94021],[-87.213,36.90549],[-87.17186,36.92036],[-86.84533,36.89618],[-86.71636,36.92193],[-86.51348,36.9061]]],[[[-89.68805,37.00692],[-89.70318,37.0971],[-89.63217,37.12914],[-89.56421,37.12554],[-89.28238,36.96704],[-89.22423,36.85643],[-89.25324,36.78653],[-89.32409,36.75471],[-89.50295,36.7824],[-89.68805,37.00692]]],[[[-95.14106,37.30704],[-95.08287,37.31569],[-94.97384,37.38153],[-94.67547,37.39952],[-94.4008,37.51812],[-94.21814,37.51558],[-94.06014,37.44177],[-93.99364,37.3693],[-93.99604,37.28014],[-94.06571,37.22773],[-94.40904,37.21184],[-94.71544,37.06906],[-94.84349,36.9699],[-94.93413,36.97074],[-95.23476,37.11502],[-95.54554,37.11738],[-95.68154,37.1892],[-95.74935,37.31428],[-95.72598,37.4748],[-95.56577,37.54571],[-95.38301,37.54492],[-95.33747,37.52683],[-95.22438,37.4191],[-95.19392,37.33986],[-95.14106,37.30704]]],[[[-89.20938,38.51947],[-89.09895,38.45966],[-89.03652,38.38459],[-89.04665,38.27787],[-89.24998,38.06881],[-89.2516,38.01967],[-89.19479,37.92833],[-89.22259,37.87628],[-89.33701,37.88258],[-89.40549,37.92033],[-89.80762,38.03253],[-89.98036,38.12665],[-90.16369,38.19305],[-90.22851,38.24973],[-90.19844,38.33764],[-90.10338,38.36886],[-89.86046,38.30336],[-89.70664,38.33598],[-89.52523,38.4573],[-89.46183,38.55102],[-89.20938,38.51947]]],[[[-83.81037,41.30494],[-83.74806,41.24493],[-83.7604,41.17411],[-83.94293,40.95746],[-84.04998,40.8956],[-84.30721,40.99078],[-84.63254,41.02115],[-84.67443,41.06086],[-84.66016,41.14948],[-84.60097,41.21616],[-84.47003,41.27634],[-84.36938,41.28825],[-84.26715,41.32982],[-84.19248,41.34093],[-83.81037,41.30494]]],[[[-100.1438,43.39416],[-100.14813,43.4657],[-100.05209,43.52248],[-99.90317,43.52697],[-99.77409,43.44109],[-99.77212,43.40534],[-99.84446,43.3674],[-100.04258,43.36146],[-100.1438,43.39416]]],[[[-82.86111,43.52233],[-82.97446,43.58536],[-83.05466,43.59582],[-83.2832,43.54589],[-83.45562,43.56251],[-83.40799,43.68443],[-82.99365,43.87926],[-82.8944,43.78452],[-82.72122,43.72531],[-82.68232,43.66708],[-82.70661,43.54291],[-82.78734,43.51491],[-82.86111,43.52233]]],[[[-99.8626,43.68968],[-100.01187,43.68523],[-100.16447,43.73433],[-100.24361,43.80357],[-100.22756,43.94762],[-100.13199,44.02242],[-100.05803,44.04266],[-99.93196,44.02851],[-99.62507,43.91164],[-99.64526,43.82142],[-99.8626,43.68968]]],[[[-100.70913,44.56034],[-100.64216,44.58438],[-100.64117,44.58575],[-100.63325,44.5749],[-100.61978,44.53135],[-100.6374,44.50298],[-100.60977,44.47046],[-100.56704,44.446],[-100.47813,44.44311],[-100.41162,44.41865],[-100.3937,44.43442],[-100.38765,44.45088],[-100.39736,44.47017],[-100.41836,44.49219],[-100.47725,44.49873],[-100.504,44.52217],[-100.48765,44.57349],[-100.51558,44.59263],[-100.55947,44.58398],[-100.59536,44.60098],[-100.605,44.63545],[-100.4989,44.78126],[-100.47612,44.79399],[-100.42715,44.84707],[-100.3918,44.8957],[-100.38184,44.95112],[-100.37064,44.98711],[-100.36731,44.99012],[-100.34063,45.00635],[-100.28877,45.01704],[-100.26216,45.04434],[-100.26455,45.07075],[-100.27187,45.07654],[-100.24915,45.09712],[-100.0269,45.21194],[-99.87423,45.21642],[-99.82128,45.18196],[-99.68416,45.00588],[-99.64643,44.84504],[-99.46258,44.65222],[-99.47674,44.43631],[-99.64518,44.28813],[-99.76776,44.23085],[-99.91823,44.2265],[-100.44864,44.41956],[-100.52007,44.39751],[-100.65177,44.29267],[-101.06773,44.13373],[-101.39312,44.1209],[-101.47107,44.15363],[-101.48118,44.27897],[-101.43963,44.38853],[-101.39508,44.46225],[-101.2525,44.57582],[-101.0775,44.60058],[-100.87867,44.5541],[-100.70913,44.56034]]],[[[-101.01401,45.79152],[-101.07082,45.86154],[-101.07768,45.95143],[-101.00459,46.00826],[-100.8231,45.99678],[-100.71373,45.91044],[-100.70609,45.80255],[-100.7805,45.7639],[-100.93436,45.75838],[-101.01401,45.79152]]],[[[-99.91614,45.93586],[-99.97082,45.98835],[-99.95471,46.15111],[-99.83292,46.2809],[-99.70364,46.28447],[-99.54359,46.19851],[-99.51202,46.09115],[-99.63507,45.97973],[-99.8379,45.92006],[-99.91614,45.93586]]],[[[-96.25841,46.13621],[-96.30981,46.08204],[-96.43745,46.06363],[-96.51624,46.08142],[-96.61982,46.11703],[-96.7239,46.18862],[-96.75016,46.22453],[-96.75159,46.35071],[-96.70147,46.48555],[-96.80673,46.62113],[-96.78199,46.72955],[-96.67867,46.82039],[-96.6006,46.83882],[-96.5481,46.80293],[-96.44262,46.64079],[-96.31126,46.38851],[-96.25863,46.20741],[-96.25841,46.13621]]]]}},{"type":"Feature","properties":{"id":"cotton","name":"綿花","color":"#b886b2","source":"USDA NASS CDL 2023","method":"sampled-and-generalized","year":2023,"threshold":0.07},"geometry":{"type":"MultiPolygon","coordinates":[[[[-97.51423,26.55561],[-97.43306,26.46582],[-97.37106,26.32108],[-97.36934,26.21193],[-97.40697,26.08396],[-97.46548,26.02851],[-97.56382,25.99063],[-97.60849,25.98992],[-97.80142,26.04204],[-97.89696,26.04965],[-98.02229,26.1284],[-98.08391,26.21823],[-98.08653,26.32736],[-98.04894,26.41911],[-97.97105,26.49338],[-97.75394,26.58822],[-97.59457,26.59078],[-97.51423,26.55561]]],[[[-97.50884,28.22505],[-97.21926,28.24682],[-97.13727,28.19343],[-97.11649,28.15744],[-97.11644,28.15356],[-97.15649,28.14434],[-97.15508,28.10264],[-97.14126,28.06074],[-97.11529,28.06878],[-97.11455,28.01351],[-97.13388,27.93998],[-97.15973,27.89227],[-97.17144,27.87959],[-97.25156,27.85444],[-97.37412,27.87002],[-97.40439,27.85933],[-97.43149,27.83721],[-97.30977,27.69516],[-97.31133,27.62983],[-97.34995,27.52054],[-97.50854,27.37327],[-97.57695,27.34112],[-97.68213,27.39492],[-97.76846,27.45752],[-97.70517,27.3158],[-97.78887,27.31444],[-97.82944,27.33189],[-97.91185,27.42115],[-98.03774,27.63646],[-98.02229,27.83612],[-97.92882,27.9797],[-97.8474,28.16538],[-97.78767,28.2207],[-97.74646,28.23953],[-97.54433,28.24261],[-97.50884,28.22505]]],[[[-96.39126,29.37365],[-96.25901,29.41687],[-96.12379,29.55473],[-96.02062,29.60892],[-95.87611,29.60885],[-95.75238,29.55452],[-95.71129,29.5003],[-95.71172,29.37404],[-95.88619,29.2233],[-95.91621,29.17262],[-95.9172,29.07387],[-95.85666,28.92281],[-95.85677,28.83337],[-95.93873,28.72415],[-96.12251,28.6337],[-96.18099,28.63576],[-96.27534,28.65513],[-96.37344,28.65703],[-96.37382,28.64254],[-96.52542,28.64787],[-96.52603,28.64829],[-96.55972,28.68447],[-96.57568,28.71572],[-96.6085,28.72329],[-96.64004,28.70879],[-96.58594,28.60561],[-96.67265,28.50507],[-96.77335,28.48625],[-96.87751,28.61208],[-96.87902,28.75666],[-96.81823,28.81135],[-96.7314,28.83479],[-96.66101,28.88425],[-96.6158,28.99989],[-96.61618,29.15597],[-96.47333,29.31917],[-96.39126,29.37365]]],[[[-96.45902,30.45506],[-96.56382,30.52657],[-96.64864,30.6881],[-96.64964,30.81398],[-96.56601,30.83243],[-96.48187,30.77887],[-96.33427,30.54545],[-96.3339,30.45551],[-96.39534,30.43726],[-96.45902,30.45506]]],[[[-100.19068,31.99575],[-100.10848,32.05267],[-100.00223,32.0565],[-99.93581,32.00496],[-99.90273,31.77895],[-99.81156,31.631],[-99.80402,31.47034],[-99.91936,31.23252],[-100.1042,31.1359],[-100.31433,31.12794],[-100.52849,31.19142],[-100.59563,31.26064],[-100.60379,31.4042],[-100.52648,31.53328],[-100.2931,31.65594],[-100.24369,31.7031],[-100.2207,31.7528],[-100.22844,31.90449],[-100.19068,31.99575]]],[[[-91.50066,31.80416],[-91.54005,31.85965],[-91.51283,31.96635],[-91.44609,32.01756],[-91.31868,32.01234],[-91.27832,31.97472],[-91.28359,31.88512],[-91.37256,31.81693],[-91.50066,31.80416]]],[[[-111.51665,32.70325],[-111.58006,32.6945],[-111.6293,32.833],[-111.60095,32.90958],[-111.51963,32.93893],[-111.49492,32.92417],[-111.474,32.8181],[-111.51665,32.70325]]],[[[-102.59487,34.28738],[-102.36046,34.37217],[-102.08174,34.42467],[-101.7612,34.58258],[-101.6077,34.59006],[-101.38101,34.49579],[-101.0874,34.43625],[-100.89401,34.44309],[-100.82608,34.41012],[-100.79865,34.3217],[-100.78432,34.08946],[-100.8411,33.94858],[-100.78624,33.76591],[-100.77215,33.53436],[-100.79053,33.4798],[-101.06819,33.41157],[-101.22658,33.30704],[-101.26532,33.11815],[-101.45735,32.80176],[-101.46898,32.73525],[-101.43046,32.68463],[-101.31601,32.65514],[-101.23941,32.67195],[-101.05306,32.84051],[-100.75748,32.87265],[-100.52249,32.97048],[-100.39352,32.97552],[-100.21959,32.94874],[-100.10179,33.01459],[-99.95785,33.31426],[-99.85511,33.4253],[-99.59875,33.50531],[-99.4673,33.47352],[-99.46177,33.34829],[-99.55891,33.12443],[-99.59021,32.84227],[-99.62988,32.76926],[-99.85265,32.605],[-99.85023,32.43897],[-99.93302,32.38228],[-100.03971,32.37852],[-100.18997,32.45892],[-100.25791,32.45776],[-100.43934,32.25578],[-100.58542,32.19605],[-100.79828,32.1872],[-101.06269,32.31252],[-101.15261,32.27381],[-101.29848,32.13763],[-101.36145,32.01483],[-101.35707,31.9494],[-101.28536,31.80492],[-101.27723,31.68031],[-101.31124,31.55276],[-101.40838,31.42214],[-101.53117,31.36212],[-101.65748,31.35578],[-101.76533,31.38626],[-101.96548,31.51974],[-101.98924,31.55447],[-101.99858,31.67991],[-101.95116,31.79018],[-102.08096,31.92743],[-102.14584,32.20589],[-102.22554,32.32454],[-102.45338,32.39227],[-102.54172,32.38549],[-102.73027,32.30423],[-102.87923,32.29525],[-103.00844,32.45688],[-103.11444,32.53248],[-103.18819,32.63573],[-103.22728,33.06464],[-103.11215,33.4549],[-103.13992,33.7706],[-103.08458,33.88171],[-103.00253,33.94054],[-102.8632,33.99378],[-102.59487,34.28738]]],[[[-91.25177,33.49949],[-91.31989,33.44851],[-91.42695,33.47075],[-91.55069,33.58316],[-91.6087,33.71084],[-91.62703,33.83825],[-91.76495,34.03919],[-91.75911,34.14639],[-91.67088,34.16103],[-91.56477,34.10328],[-91.37219,33.90727],[-91.25394,33.8222],[-91.21595,33.73101],[-91.22468,33.58801],[-91.25177,33.49949]]],[[[-100.26493,33.78728],[-100.37451,33.8011],[-100.42099,33.85307],[-100.42606,33.94241],[-100.34297,34.01721],[-100.23309,34.00336],[-100.16391,33.93424],[-100.18089,33.8441],[-100.26493,33.78728]]],[[[-100.18073,35.06148],[-99.96176,34.89762],[-99.76604,34.80859],[-99.64159,34.81252],[-99.4434,34.90652],[-99.20084,34.91339],[-99.00092,34.88291],[-98.93274,34.83098],[-98.90868,34.77793],[-98.87394,34.49472],[-98.82232,34.4308],[-98.67296,34.33627],[-98.66866,34.21114],[-98.75292,34.1197],[-98.98122,34.11385],[-99.07901,34.07569],[-99.29715,34.06969],[-99.43041,34.11954],[-99.54443,34.22352],[-99.55456,34.26669],[-99.62199,34.30999],[-99.71973,34.30612],[-99.87414,34.24882],[-100.02711,34.24361],[-100.13243,34.27569],[-100.4434,34.24634],[-100.49983,34.32347],[-100.59826,34.39595],[-100.85014,34.44501],[-100.94574,34.56633],[-100.95489,34.70915],[-100.85173,34.82088],[-100.64649,34.89037],[-100.46885,35.06876],[-100.4257,35.08829],[-100.27107,35.09401],[-100.18073,35.06148]]],[[[-119.96535,36.30172],[-119.90013,36.31505],[-119.84543,36.28934],[-119.81202,36.18561],[-119.82818,36.1639],[-119.87157,36.15504],[-119.92618,36.18073],[-119.96535,36.30172]]],[[[-120.51386,36.83436],[-120.60711,36.83338],[-120.7631,36.94846],[-120.78209,37.07372],[-120.63541,37.12289],[-120.5846,37.11496],[-120.48398,37.0251],[-120.45973,36.88251],[-120.51386,36.83436]]],[[[-87.4535,30.8643],[-87.51053,30.92286],[-87.54115,31.03355],[-87.50522,31.17516],[-87.41954,31.18661],[-87.3053,31.0694],[-87.27115,30.99448],[-87.28076,30.90498],[-87.37003,30.85781],[-87.4535,30.8643]]],[[[-84.82983,31.632],[-84.77294,31.67255],[-84.73062,31.79616],[-84.67841,31.86321],[-84.58394,31.92593],[-84.35081,31.98044],[-84.29529,32.02147],[-84.28367,32.07579],[-84.10231,32.1787],[-84.00313,32.3717],[-83.77756,32.43785],[-83.52025,32.39159],[-83.3932,32.41358],[-83.24497,32.39688],[-83.19293,32.31857],[-83.26589,31.98503],[-83.19828,31.83884],[-83.07214,31.74618],[-82.90247,31.74319],[-82.69648,31.8077],[-82.50751,31.785],[-82.36278,31.71376],[-82.18402,31.67276],[-82.10638,31.62678],[-82.03812,31.52744],[-82.05048,31.4564],[-82.10459,31.39054],[-82.21814,31.35025],[-82.34033,31.38354],[-82.45006,31.51784],[-82.65881,31.46767],[-82.73962,31.39697],[-82.80564,31.27654],[-82.90072,31.21525],[-83.07575,31.14971],[-83.11323,30.94982],[-83.16896,30.86556],[-83.576,30.69448],[-83.76272,30.71542],[-83.98073,30.82839],[-84.07109,30.83974],[-84.32626,30.75854],[-84.5068,30.77673],[-84.7313,30.72825],[-85.19122,30.75626],[-85.32235,30.80502],[-85.45716,30.81823],[-85.49419,30.85795],[-85.48029,30.96517],[-85.3404,31.08065],[-85.3578,31.13167],[-85.42513,31.13417],[-85.55694,31.02678],[-85.68909,30.98491],[-85.83975,30.96268],[-86.00573,30.97777],[-86.12113,31.07858],[-86.1665,31.22722],[-86.11368,31.31282],[-85.64918,31.25245],[-85.56686,31.26586],[-85.37298,31.4614],[-85.22999,31.50864],[-85.07836,31.59563],[-84.82983,31.632]],[[-84.40424,31.58182],[-84.4848,31.55017],[-84.47697,31.48075],[-84.43233,31.41044],[-84.33738,31.3757],[-84.2425,31.4093],[-84.20952,31.46357],[-84.2495,31.54279],[-84.30041,31.57019],[-84.40424,31.58182]]],[[[-81.43299,32.50316],[-81.45256,32.39685],[-81.63906,32.20309],[-81.81724,32.17134],[-81.94366,32.18727],[-82.06084,32.25632],[-82.20193,32.43691],[-82.34928,32.83535],[-82.32124,33.12163],[-81.93732,33.07473],[-81.89789,33.05172],[-81.8029,32.81296],[-81.70823,32.70842],[-81.50459,32.58497],[-81.43299,32.50316]]],[[[-88.44865,33.06169],[-88.52949,33.12092],[-88.53916,33.24729],[-88.49167,33.28015],[-88.40659,33.2745],[-88.34546,33.23449],[-88.32745,33.19648],[-88.33958,33.07238],[-88.36278,33.05597],[-88.44865,33.06169]]],[[[-80.82039,33.54762],[-80.76029,33.63023],[-80.62831,33.63068],[-80.55317,33.56612],[-80.57419,33.46015],[-80.59905,33.44538],[-80.70587,33.45977],[-80.82039,33.54762]]],[[[-85.47301,34.1046],[-85.52603,34.03741],[-85.61992,33.9919],[-85.79332,34.00737],[-85.8514,34.06647],[-85.83509,34.19095],[-85.71698,34.25248],[-85.56479,34.23886],[-85.48266,34.19543],[-85.46577,34.1579],[-85.47301,34.1046]]],[[[-79.89424,34.09247],[-80.18506,34.07843],[-80.26752,34.10788],[-80.23156,34.17546],[-80.03683,34.36633],[-79.94307,34.3896],[-79.87832,34.38057],[-79.80679,34.29796],[-79.81489,34.15392],[-79.89424,34.09247]]],[[[-90.32883,34.85568],[-90.26679,34.79894],[-90.22948,34.70754],[-90.23881,34.58264],[-90.28413,34.46313],[-90.17799,34.22116],[-90.18601,34.11406],[-90.23491,34.0448],[-90.32724,33.97766],[-90.47853,33.98494],[-90.6912,34.08455],[-90.75298,34.14111],[-90.79063,34.2324],[-90.78463,34.32167],[-90.71335,34.47868],[-90.74644,34.49894],[-90.88235,34.48725],[-90.94798,34.50807],[-91.00913,34.58232],[-91.02532,34.67255],[-90.99177,34.85011],[-90.93951,34.97318],[-90.77666,35.09134],[-90.66629,35.08638],[-90.58047,35.04665],[-90.40379,34.88467],[-90.32883,34.85568]]],[[[-79.43774,34.46348],[-79.56737,34.48201],[-79.64257,34.54713],[-79.6162,34.67041],[-79.56152,34.71709],[-79.51331,34.72844],[-79.34483,34.68613],[-79.32836,34.5567],[-79.36148,34.50699],[-79.43774,34.46348]]],[[[-90.20148,36.83592],[-90.10552,36.90278],[-89.75748,36.99258],[-89.62175,36.98548],[-89.53432,36.94504],[-89.42909,36.84989],[-89.3724,36.72067],[-89.38024,36.63253],[-89.48225,36.47487],[-89.54246,36.3135],[-89.58753,36.01489],[-89.54668,35.99223],[-89.29755,36.03716],[-89.07423,36.02437],[-88.96921,35.94658],[-88.93124,35.87269],[-88.93953,35.78368],[-89.05998,35.64876],[-89.29533,35.30283],[-89.41057,35.25561],[-89.71873,35.29036],[-89.75861,35.34619],[-89.72672,35.45876],[-89.75348,35.49214],[-89.90626,35.46132],[-90.48082,35.50751],[-90.5671,35.54729],[-90.60647,35.62066],[-90.58873,35.8703],[-90.5613,35.94061],[-90.43464,36.1695],[-90.37456,36.34337],[-90.22405,36.5566],[-90.23106,36.74707],[-90.20148,36.83592]]],[[[-76.67964,36.07668],[-76.71763,36.1481],[-76.73364,36.22915],[-76.74004,36.1333],[-76.72972,36.08491],[-76.77254,36.09195],[-76.85542,36.2148],[-76.81041,36.38969],[-76.68661,36.42419],[-76.53696,36.38139],[-76.46724,36.29693],[-76.44161,36.21972],[-76.49561,36.10104],[-76.57509,36.05949],[-76.67964,36.07668]]],[[[-76.91462,36.78916],[-76.80841,36.75383],[-76.77775,36.69421],[-76.86764,36.43547],[-76.90319,36.38656],[-77.11838,36.2621],[-77.12507,36.22051],[-77.08024,36.14174],[-77.02371,35.91398],[-77.04585,35.8265],[-77.22106,35.76361],[-77.44425,35.78094],[-77.54082,35.85078],[-77.61706,36.03602],[-77.70885,36.09545],[-77.77977,36.17919],[-77.75409,36.28431],[-77.59123,36.40332],[-77.49074,36.6073],[-77.42894,36.67043],[-77.29613,36.74057],[-77.14978,36.77206],[-76.91462,36.78916]]]]}},{"type":"Feature","properties":{"id":"rice","name":"稲作","color":"#54acd0","source":"USDA NASS CDL 2023","method":"sampled-and-generalized","year":2023,"threshold":0.06},"geometry":{"type":"MultiPolygon","coordinates":[[[[-96.28868,29.46422],[-96.26755,29.30189],[-96.34925,29.15723],[-96.41068,29.1209],[-96.53369,29.1023],[-96.61606,29.13797],[-96.67839,29.22788],[-96.65897,29.37237],[-96.53624,29.49935],[-96.37137,29.51808],[-96.28868,29.46422]]],[[[-94.27705,30.02808],[-94.17529,29.93631],[-94.11598,29.80908],[-94.15978,29.70167],[-94.30948,29.58826],[-94.42401,29.54342],[-94.53147,29.54493],[-94.52627,29.54795],[-94.59893,29.56622],[-94.67768,29.63704],[-94.69721,29.70942],[-94.67394,29.87138],[-94.63131,29.94297],[-94.48454,30.03115],[-94.37942,30.04771],[-94.27705,30.02808]]],[[[-92.34701,30.77917],[-92.25224,30.85442],[-92.19854,30.96662],[-92.07534,30.90832],[-92.0151,30.85217],[-92.02036,30.74437],[-92.0859,30.65348],[-92.13746,30.48316],[-92.14259,30.35876],[-92.07072,30.13341],[-92.10256,29.90012],[-92.18953,29.81299],[-92.29458,29.78052],[-92.45997,29.78601],[-92.7083,29.88253],[-93.01397,29.92885],[-93.13641,29.98621],[-93.17481,30.07735],[-93.14969,30.20283],[-93.03795,30.41609],[-92.77794,30.66094],[-92.6503,30.71116],[-92.34701,30.77917]]],[[[-90.42839,33.78534],[-90.45136,33.76853],[-90.5956,33.77471],[-90.71537,33.74503],[-90.8011,33.74897],[-90.84215,33.78666],[-90.8145,33.87499],[-90.70216,33.92366],[-90.50518,33.93239],[-90.42201,33.87463],[-90.42839,33.78534]]],[[[-90.22278,34.79676],[-90.1815,34.7589],[-90.16762,34.65072],[-90.17875,34.49943],[-90.15919,34.47027],[-90.18912,34.36515],[-90.21231,34.3484],[-90.34347,34.35486],[-90.46833,34.45044],[-90.46066,34.55751],[-90.40905,34.66253],[-90.33531,34.76645],[-90.2887,34.79999],[-90.22278,34.79676]]],[[[-91.4802,35.2445],[-91.47433,35.65611],[-91.4222,35.78015],[-91.22254,36.11206],[-90.92997,36.45761],[-90.61983,36.69441],[-90.29188,36.84023],[-90.1112,36.83152],[-90.02654,36.75582],[-90.00684,36.71821],[-90.03736,36.43858],[-89.99261,36.42917],[-89.83922,36.48268],[-89.77155,36.55462],[-89.89249,36.73125],[-89.88086,36.87371],[-89.8057,36.95929],[-89.67004,36.95224],[-89.58874,36.84062],[-89.57228,36.76817],[-89.61003,36.59131],[-89.66062,36.52723],[-89.64171,36.21719],[-89.82424,35.89888],[-89.86727,35.65627],[-89.99256,35.48368],[-90.17619,35.33631],[-90.23282,35.23926],[-90.26753,35.08557],[-90.36239,35.00065],[-90.45185,34.987],[-90.66028,35.08615],[-90.71824,35.08326],[-90.79982,35.02209],[-90.82968,34.95904],[-90.84609,34.7185],[-90.9045,34.4976],[-90.86378,34.4531],[-90.75439,34.44569],[-90.71304,34.40801],[-90.71791,34.33662],[-90.83202,34.2701],[-90.92166,34.2561],[-91.05697,34.27172],[-91.12407,34.15731],[-91.25298,34.06284],[-91.3057,33.98691],[-91.31139,33.93783],[-91.27351,33.85799],[-91.30945,33.61879],[-91.23339,33.44488],[-91.24422,33.26604],[-91.40615,33.06958],[-91.38839,33.02076],[-91.39881,32.84179],[-91.49182,32.71989],[-91.60196,32.67037],[-91.73045,32.67527],[-91.75091,32.69398],[-91.79091,32.7493],[-91.78616,32.83879],[-91.7384,32.92672],[-91.5153,33.09976],[-91.51045,33.18492],[-91.56688,33.29692],[-91.55678,33.47578],[-91.42453,33.60944],[-91.41872,33.64749],[-91.45306,33.69773],[-91.71039,33.84012],[-91.87774,33.97161],[-92.08031,34.28308],[-92.15896,34.46473],[-92.1474,34.69697],[-92.07507,34.81983],[-91.96122,34.88752],[-91.66061,34.99346],[-91.4802,35.2445]],[[-90.22384,35.77386],[-90.16828,35.83468],[-90.16313,35.90169],[-90.22992,35.98699],[-90.28424,35.9978],[-90.47917,35.84713],[-90.50634,35.77224],[-90.48213,35.71769],[-90.44554,35.68726],[-90.38268,35.68322],[-90.22384,35.77386]]],[[[-122.21194,39.67587],[-122.03717,39.73179],[-121.82038,39.7407],[-121.66536,39.71776],[-121.57852,39.68042],[-121.50196,39.60387],[-121.43655,39.42367],[-121.35745,39.33793],[-121.23258,38.9201],[-121.25718,38.78553],[-121.37117,38.63217],[-121.52543,38.52557],[-121.63697,38.50185],[-121.73859,38.51719],[-121.88122,38.57919],[-121.96466,38.73988],[-122.0993,38.90286],[-122.3645,39.10498],[-122.42214,39.25938],[-122.41242,39.42851],[-122.36074,39.55105],[-122.28962,39.62206],[-122.21194,39.67587]]]]}},{"type":"Feature","properties":{"id":"specialty","name":"果樹・野菜","color":"#e89c6c","source":"USDA NASS CDL 2023","method":"sampled-and-generalized","year":2023,"threshold":0.07},"geometry":{"type":"MultiPolygon","coordinates":[[[[-106.14805,31.45093],[-106.23098,31.52314],[-106.23243,31.53451],[-106.13064,31.56192],[-106.08533,31.54792],[-106.0366,31.49814],[-106.02548,31.40885],[-106.03256,31.40139],[-106.14805,31.45093]]],[[[-106.61844,32.04058],[-106.70294,32.03255],[-106.79713,32.09577],[-106.85156,32.18083],[-106.84494,32.28978],[-106.82618,32.30963],[-106.72017,32.31977],[-106.64937,32.27234],[-106.59509,32.18719],[-106.59967,32.0604],[-106.61844,32.04058]]],[[[-114.57683,32.45743],[-114.63948,32.44699],[-114.83594,32.5083],[-114.78799,32.56479],[-114.72476,32.71533],[-114.83443,32.70517],[-114.78238,32.77049],[-114.72342,32.79861],[-114.48749,32.81938],[-114.33626,32.73455],[-114.34087,32.66078],[-114.40852,32.57662],[-114.57683,32.45743]]],[[[-115.26103,32.67313],[-115.41138,32.66186],[-115.53992,32.65226],[-115.5899,32.66908],[-115.64949,32.73192],[-115.67106,32.81384],[-115.74018,32.91751],[-115.78463,33.0928],[-115.72026,33.14032],[-115.6979,33.13828],[-115.64776,33.18995],[-115.57018,33.20343],[-115.47247,33.16544],[-115.38695,33.01419],[-115.24635,32.87492],[-115.22045,32.76961],[-115.26103,32.67313]]],[[[-115.94844,33.51943],[-116.01045,33.52192],[-116.05347,33.5021],[-116.06172,33.43262],[-116.04029,33.41408],[-116.08594,33.40599],[-116.18425,33.44344],[-116.21625,33.56592],[-116.20419,33.60469],[-116.08607,33.66229],[-115.98753,33.62476],[-115.93467,33.50596],[-115.9351,33.50542],[-115.94844,33.51943]]],[[[-119.04009,34.14916],[-119.16721,34.19708],[-119.20419,34.31855],[-119.10303,34.43122],[-118.9114,34.46979],[-118.8053,34.41736],[-118.78496,34.27416],[-118.87036,34.18339],[-119.04009,34.14916]]],[[[-120.39054,35.5491],[-120.45961,35.47911],[-120.61,35.44719],[-120.65866,35.45531],[-120.77892,35.54051],[-120.83063,35.6958],[-120.75163,35.80511],[-120.66537,35.82347],[-120.56758,35.80724],[-120.48576,35.76911],[-120.41423,35.69182],[-120.39054,35.5491]]],[[[-121.43257,36.73554],[-121.0298,36.35586],[-120.93934,36.22639],[-120.87577,36.03752],[-120.90742,35.99379],[-120.99381,35.97526],[-121.18601,36.06331],[-121.4635,36.26217],[-121.66765,36.51385],[-121.74605,36.73745],[-121.73513,36.90657],[-121.65617,37.0164],[-121.4812,37.05434],[-121.36369,36.98715],[-121.33383,36.90111],[-121.43257,36.73554]]],[[[-122.30448,38.56296],[-122.24431,38.57052],[-122.21377,38.61216],[-122.29612,38.92079],[-122.41578,39.11231],[-122.41896,39.18584],[-122.36084,39.35289],[-122.46077,39.62218],[-122.45432,39.73494],[-122.40032,39.8347],[-122.33402,40.13207],[-122.26876,40.22026],[-122.20678,40.25204],[-122.07986,40.2419],[-121.93738,40.12372],[-121.91045,40.05753],[-121.59105,39.71483],[-121.5396,39.57976],[-121.4004,39.45762],[-121.22233,38.95922],[-121.25917,38.85908],[-121.41716,38.64717],[-121.39068,38.55725],[-121.31542,38.52006],[-121.15378,38.49273],[-121.00592,38.41266],[-120.89699,38.30593],[-120.74462,38.00826],[-120.42361,37.75725],[-120.29913,37.5982],[-120.22094,37.44685],[-119.67648,37.0213],[-119.69312,36.99956],[-119.65616,37.00541],[-119.61452,36.97287],[-119.18533,36.77129],[-118.91816,36.43737],[-118.79561,35.96489],[-118.86992,35.53226],[-118.84761,35.48697],[-118.66464,35.38363],[-118.59079,35.21424],[-118.62988,35.04106],[-118.72731,34.91151],[-118.93524,34.85178],[-119.0272,34.85185],[-119.28928,34.89115],[-119.39636,34.94312],[-119.43394,34.99076],[-119.50444,35.20077],[-119.71981,35.31949],[-120.07766,35.57764],[-120.13835,35.69416],[-120.11552,35.83133],[-120.13966,35.90878],[-120.34328,36.03914],[-120.55889,36.40027],[-120.73843,36.52874],[-120.84455,36.63566],[-120.94121,36.84884],[-121.14651,37.10768],[-121.26868,37.31882],[-121.47824,37.51776],[-121.57767,37.65973],[-121.72025,37.7989],[-121.77553,37.95359],[-121.76867,38.03626],[-121.71685,38.03408],[-121.63809,38.06128],[-121.573,38.05239],[-121.52534,38.05591],[-121.62573,38.08394],[-121.68223,38.0748],[-121.74863,38.08047],[-121.7731,38.07946],[-121.80384,38.16316],[-121.84571,38.201],[-122.0983,38.30348],[-122.24214,38.18571],[-122.42573,38.16383],[-122.5112,38.20057],[-122.60611,38.29996],[-122.69866,38.33882],[-122.78108,38.34476],[-122.90204,38.41053],[-122.99274,38.65032],[-122.97418,38.72881],[-122.9361,38.75593],[-122.86924,38.77086],[-122.54973,38.6061],[-122.3938,38.59755],[-122.30448,38.56296]]],[[[-113.46129,42.70493],[-113.4916,42.62801],[-113.7113,42.41594],[-113.92285,42.36837],[-114.10472,42.39748],[-114.19066,42.43997],[-114.21395,42.52773],[-114.19458,42.54868],[-113.95647,42.62424],[-113.7677,42.82691],[-113.5985,42.85008],[-113.48374,42.79285],[-113.46129,42.70493]]],[[[-112.3021,43.60162],[-112.24125,43.66375],[-112.14315,43.6759],[-112.06113,43.64964],[-112.02823,43.61732],[-111.98658,43.44072],[-112.01055,43.32875],[-112.24072,43.18499],[-112.31753,43.03618],[-112.56209,42.80524],[-112.83959,42.71483],[-113.00871,42.69265],[-113.06139,42.70388],[-113.13173,42.7855],[-113.11416,42.91513],[-113.03479,42.99836],[-112.94645,43.04633],[-112.70452,43.09988],[-112.44288,43.29917],[-112.34618,43.44749],[-112.3021,43.60162]]],[[[-116.91057,43.65624],[-116.96755,43.75721],[-116.94868,43.77861],[-116.82702,43.79814],[-116.7675,43.77094],[-116.73512,43.66599],[-116.75403,43.64463],[-116.85115,43.62908],[-116.91057,43.65624]]],[[[-111.51255,43.67956],[-111.7295,43.63549],[-111.8729,43.70903],[-111.92275,43.92111],[-111.84076,44.00376],[-111.56921,44.03621],[-111.49102,44.02727],[-111.35139,43.97097],[-111.32329,43.84713],[-111.38111,43.76772],[-111.51255,43.67956]]],[[[-119.98406,46.56596],[-120.02397,46.71567],[-119.98542,46.90059],[-120.11183,47.16659],[-120.12598,47.27618],[-120.08828,47.32026],[-119.93551,47.34739],[-119.68653,47.33518],[-119.4082,47.20342],[-119.30454,47.18031],[-118.97861,47.25208],[-118.88955,47.22993],[-118.81354,47.16828],[-118.77618,47.06296],[-118.80579,46.92444],[-118.79086,46.80006],[-118.88246,46.62039],[-118.88895,46.54673],[-118.86837,46.50483],[-118.70568,46.40565],[-118.62468,46.32654],[-118.61323,46.21719],[-118.67707,46.09508],[-118.81526,46.03443],[-118.94346,46.00839],[-119.0911,45.83846],[-119.25464,45.7899],[-119.43383,45.68565],[-119.53327,45.66805],[-119.91372,45.76724],[-119.98992,45.90223],[-119.9568,46.02311],[-119.97953,46.07483],[-120.72429,46.36431],[-120.85304,46.4898],[-120.87498,46.61645],[-120.84489,46.6781],[-120.78283,46.72696],[-120.63172,46.7548],[-120.20151,46.57961],[-120.06717,46.54272],[-119.98406,46.56596]],[[-119.75166,46.53454],[-119.75113,46.48525],[-119.60013,46.43957],[-119.45307,46.46428],[-119.39509,46.52873],[-119.42419,46.6135],[-119.48556,46.64068],[-119.55732,46.62923],[-119.75166,46.53454]]],[[[-119.73564,47.98095],[-119.85837,48.01567],[-119.86563,48.10798],[-119.80146,48.15663],[-119.67243,48.17905],[-119.56877,48.1221],[-119.56846,48.04735],[-119.60693,48.00329],[-119.73564,47.98095]]],[[[-106.32071,48.08864],[-106.4411,48.17089],[-106.45279,48.24301],[-106.35833,48.32312],[-106.28029,48.34721],[-106.19906,48.33487],[-106.10804,48.26848],[-106.08261,48.10611],[-106.18143,48.06238],[-106.32071,48.08864]]],[[[-81.69226,28.18237],[-81.53177,28.16054],[-81.49473,28.13715],[-81.32543,27.9305],[-81.28613,27.64203],[-81.0439,27.32179],[-81.06906,27.17844],[-81.09514,27.14542],[-81.18996,27.06706],[-81.35513,26.991],[-81.41348,26.90742],[-81.39754,26.86365],[-81.33606,26.81504],[-81.12742,26.72698],[-81.08077,26.64666],[-81.14703,26.38006],[-81.26978,26.25035],[-81.31207,26.23798],[-81.48859,26.26304],[-81.58072,26.31282],[-81.66399,26.41646],[-81.6884,26.51184],[-81.64857,26.78834],[-81.89936,26.94519],[-82.0005,27.06901],[-82.10133,27.32103],[-82.12062,27.45196],[-82.08603,27.53898],[-81.95437,27.64189],[-81.89539,27.7174],[-81.86388,27.89416],[-81.78432,28.01393],[-81.73847,28.15201],[-81.69226,28.18237]]],[[[-80.50835,27.2437],[-80.59081,27.23753],[-80.68347,27.28796],[-80.74995,27.37121],[-80.79029,27.48734],[-80.74523,27.73787],[-80.67246,27.8007],[-80.54957,27.80106],[-80.45074,27.72299],[-80.35774,27.50937],[-80.38612,27.35508],[-80.50835,27.2437]]],[[[-84.24078,31.20252],[-84.21474,31.38083],[-84.14143,31.44545],[-84.0996,31.44098],[-84.0892,31.36748],[-84.1573,31.19362],[-84.18178,31.17809],[-84.24078,31.20252]]],[[[-82.39404,31.4446],[-82.46375,31.41679],[-82.52539,31.42434],[-82.58215,31.4675],[-82.56727,31.55638],[-82.51644,31.60466],[-82.44759,31.63257],[-82.36688,31.60456],[-82.35209,31.5656],[-82.37013,31.45981],[-82.39404,31.4446]]],[[[-105.95973,37.54986],[-106.09601,37.53858],[-106.22185,37.61777],[-106.2366,37.72417],[-106.20086,37.79895],[-106.13736,37.84015],[-105.95489,37.85521],[-105.8541,37.79165],[-105.83516,37.64972],[-105.95973,37.54986]]],[[[-86.12881,42.22431],[-86.1187,42.29541],[-86.06506,42.32725],[-85.96798,42.31976],[-85.90291,42.26074],[-85.91324,42.18967],[-85.96684,42.15789],[-86.08793,42.16725],[-86.12881,42.22431]]],[[[-85.86389,43.03161],[-85.90771,43.071],[-85.89462,43.15998],[-85.83756,43.20957],[-85.712,43.21777],[-85.6463,43.15855],[-85.65703,43.0874],[-85.74131,43.02202],[-85.86389,43.03161]]],[[[-86.34143,43.51793],[-86.41553,43.52336],[-86.48224,43.58223],[-86.45981,43.74267],[-86.35051,43.80677],[-86.22647,43.79764],[-86.14013,43.70111],[-86.18033,43.59605],[-86.23748,43.54627],[-86.34143,43.51793]]],[[[-89.48649,44.01665],[-89.56647,43.96664],[-89.66623,43.97146],[-89.70952,44.0454],[-89.67287,44.16945],[-89.58763,44.27326],[-89.5073,44.3233],[-89.43385,44.30171],[-89.38896,44.24554],[-89.39941,44.1382],[-89.48649,44.01665]]],[[[-67.8144,44.60142],[-67.96662,44.61563],[-68.06551,44.69323],[-67.99728,44.79111],[-67.83926,44.85087],[-67.75914,44.85229],[-67.62134,44.8035],[-67.56188,44.69653],[-67.64733,44.62134],[-67.8144,44.60142]]],[[[-85.42029,44.96967],[-85.34799,44.92149],[-85.35649,44.86798],[-85.41248,44.83629],[-85.48393,44.8419],[-85.43037,44.94932],[-85.42029,44.96967]]],[[[-85.55933,44.87266],[-85.54922,44.90298],[-85.56284,44.90674],[-85.55776,44.93096],[-85.53389,44.97559],[-85.52012,44.98932],[-85.49254,44.98716],[-85.48892,44.97012],[-85.49712,44.92383],[-85.5355,44.84596],[-85.57345,44.84895],[-85.55933,44.87266]]],[[[-85.62144,44.93353],[-85.62527,44.9433],[-85.61399,44.94971],[-85.62144,44.93353]]],[[[-67.79712,46.57939],[-67.85227,46.54804],[-68.04369,46.6073],[-68.13815,46.70254],[-68.15794,46.78212],[-68.06496,46.93248],[-67.96712,46.96862],[-67.84208,46.94231],[-67.80229,46.90203],[-67.80034,46.77988],[-67.7977,46.61563],[-67.79712,46.57939]]],[[[-104.8218,48.8671],[-104.72687,48.96442],[-104.48509,48.97923],[-104.18006,48.92423],[-104.00527,48.82473],[-103.91135,48.72053],[-103.92695,48.62846],[-104.00039,48.56957],[-104.21357,48.51675],[-104.33356,48.44066],[-104.4401,48.43426],[-104.60047,48.52632],[-104.83793,48.59213],[-104.81869,48.64805],[-104.57567,48.64494],[-104.52814,48.67306],[-104.55294,48.71237],[-104.66807,48.73059],[-104.78256,48.77825],[-104.8218,48.8671]]]]}},{"type":"Feature","properties":{"id":"corn-soybean","name":"とうもろこし・大豆","color":"#c7ba62","source":"USDA NASS CDL 2023","method":"overlap-of-generalized-regions","year":2023},"geometry":{"type":"MultiPolygon","coordinates":[[[[-101.0381,47.47187],[-100.89779,47.35014],[-101.02826,47.34545],[-101.1099,47.37868],[-101.11556,47.45092],[-101.09375,47.47621],[-101.0381,47.47187]]],[[[-90.9083,33.19316],[-90.87767,33.24536],[-90.88493,33.46576],[-90.70105,33.61882],[-90.59276,33.61378],[-90.5031,33.45282],[-90.462,33.434],[-90.4165,33.45418],[-90.4051,33.55233],[-90.52267,33.68227],[-90.50988,33.89463],[-90.62579,34.08152],[-90.61714,34.20651],[-90.54789,34.25703],[-90.44001,34.23399],[-90.2567,34.04582],[-90.19934,33.93539],[-90.17845,33.61728],[-90.12558,33.4653],[-90.16316,33.25192],[-90.23832,33.11214],[-90.53557,32.87545],[-90.66798,32.82787],[-91.0149,32.78721],[-91.07651,32.74313],[-91.10826,32.63435],[-90.95061,32.44566],[-90.95265,32.41349],[-90.99359,32.27675],[-91.17673,32.13823],[-91.26132,31.90216],[-91.41699,31.7828],[-91.52491,31.7512],[-91.65096,31.77414],[-91.75404,31.83201],[-91.77396,31.85041],[-91.75164,31.89221],[-91.74338,32.03746],[-91.76551,32.10506],[-91.8186,32.15394],[-91.94798,32.1985],[-91.96806,32.22313],[-91.95686,32.44479],[-91.90898,32.56191],[-91.90093,32.69943],[-91.85245,32.80534],[-91.75104,32.94059],[-91.67491,33.00946],[-91.64158,33.12039],[-91.57194,33.20738],[-91.41999,33.21934],[-91.33583,33.18006],[-91.24034,33.092],[-91.13054,33.06531],[-90.9083,33.19316]]],[[[-91.01379,34.85105],[-90.99062,34.86795],[-90.88056,34.86319],[-90.84012,34.80772],[-90.88886,34.7383],[-90.97675,34.74211],[-91.01841,34.77968],[-91.01379,34.85105]]],[[[-90.61028,35.56717],[-90.67069,35.65936],[-90.66444,35.74849],[-90.54412,35.86824],[-90.45495,35.86411],[-90.39068,35.82532],[-90.37103,35.7886],[-90.38158,35.64599],[-90.45479,35.55998],[-90.50158,35.54423],[-90.61028,35.56717]]],[[[-89.18307,37.08847],[-89.13821,37.11544],[-89.02622,37.27464],[-88.86047,37.33656],[-88.70148,37.32708],[-88.5741,37.22984],[-88.55501,37.19201],[-88.56386,37.10394],[-88.60958,37.02792],[-88.59517,36.95803],[-88.52263,36.89116],[-88.31445,36.78961],[-88.29253,36.77035],[-88.20287,36.63334],[-88.21948,36.47324],[-88.30101,36.32945],[-88.31169,36.26755],[-88.42746,36.16542],[-88.51559,35.91527],[-88.67838,35.90943],[-88.86603,35.85094],[-89.04423,35.86152],[-89.15969,35.90325],[-89.28627,35.91127],[-89.43468,36.00907],[-89.45393,36.04593],[-89.44158,36.18841],[-89.24281,36.40153],[-89.25542,36.5339],[-89.31045,36.58819],[-89.42121,36.59821],[-89.66417,36.55372],[-89.78091,36.43926],[-89.94679,36.34043],[-90.12628,36.34939],[-90.26714,36.57085],[-90.25761,36.69554],[-90.20562,36.78247],[-90.03734,36.95184],[-90.02342,37.0776],[-89.8787,37.17765],[-89.71386,37.24074],[-89.62309,37.23599],[-89.31194,37.11357],[-89.18307,37.08847]]],[[[-86.50659,36.95933],[-86.39849,36.91491],[-86.37901,36.88942],[-86.40792,36.66453],[-86.53598,36.54914],[-86.81619,36.48129],[-87.26482,36.5149],[-87.28287,36.52169],[-87.35346,36.55545],[-87.61611,36.61172],[-87.61674,36.61198],[-87.74512,36.67443],[-87.80485,36.75019],[-87.92995,37.06321],[-87.92225,37.13428],[-87.83176,37.12819],[-87.57327,36.9688],[-87.44883,36.9404],[-87.2601,36.94473],[-87.11703,36.89863],[-86.85861,36.8987],[-86.65817,36.96467],[-86.50759,36.95941],[-86.50659,36.95933]]],[[[-94.51142,37.698],[-94.39662,37.7144],[-94.19183,37.65799],[-94.01453,37.44105],[-94.01786,37.3162],[-94.13351,37.24665],[-94.47765,37.19487],[-94.88831,37.00603],[-95.02389,37.0429],[-95.06861,37.09678],[-95.06727,37.20382],[-94.99829,37.33394],[-94.9721,37.50646],[-94.92625,37.5239],[-94.8006,37.42229],[-94.73935,37.4197],[-94.68271,37.44965],[-94.5579,37.66288],[-94.51142,37.698]]],[[[-94.41219,38.05369],[-94.32023,38.05246],[-94.25335,37.96231],[-94.27799,37.89132],[-94.39346,37.85722],[-94.46116,37.91161],[-94.43555,38.03616],[-94.41219,38.05369]]],[[[-96.89907,38.1856],[-96.89861,38.18478],[-96.89824,38.14145],[-96.85177,37.9764],[-96.85853,37.95176],[-96.88097,37.89561],[-97.0321,37.80988],[-97.29555,37.82498],[-97.46709,37.76974],[-97.60454,37.76801],[-97.72118,37.85564],[-97.74581,37.92668],[-97.75259,38.21208],[-97.68548,38.30223],[-97.59321,38.30346],[-97.3903,38.23459],[-97.24436,38.25699],[-97.1545,38.30837],[-97.06221,38.3092],[-96.89907,38.1856]]],[[[-95.51716,37.99173],[-95.58591,38.02766],[-95.63155,38.09918],[-95.63111,38.18834],[-95.46833,38.38402],[-95.39856,38.43722],[-95.32925,38.43686],[-95.2837,38.36525],[-95.2859,38.13419],[-95.33284,38.04438],[-95.40227,37.99122],[-95.51716,37.99173]]],[[[-94.31197,38.40928],[-94.14978,38.42479],[-94.03563,38.3695],[-94.01638,38.22646],[-94.06389,38.1737],[-94.20252,38.15796],[-94.29342,38.21278],[-94.33792,38.28477],[-94.31197,38.40928]]],[[[-96.21022,39.17017],[-96.21038,39.22365],[-96.14032,39.25943],[-95.97659,39.25947],[-95.88318,39.20593],[-95.88338,39.08107],[-95.90673,39.06325],[-95.99997,39.0633],[-96.21022,39.17017]]],[[[-93.67988,40.84501],[-93.67754,40.91637],[-93.65304,40.93377],[-93.41374,40.92914],[-93.24759,40.88992],[-93.15551,40.79858],[-93.15979,40.69153],[-93.25794,40.62225],[-93.38548,40.62493],[-93.40623,40.64958],[-93.47702,40.68524],[-93.67988,40.84501]]],[[[-98.55967,43.05986],[-98.57085,43.10225],[-98.61463,43.11266],[-98.65373,43.15527],[-99.07689,43.40552],[-99.18605,43.61806],[-99.1919,43.7434],[-99.00711,43.90316],[-98.93007,44.0365],[-98.76676,44.14166],[-98.76692,44.21689],[-98.83598,44.2408],[-98.9642,44.21524],[-99.08921,44.23039],[-99.30836,44.41297],[-99.43158,44.454],[-99.50275,44.4536],[-99.60725,44.52266],[-99.61492,44.66616],[-99.43593,44.82318],[-99.46172,44.87848],[-99.54464,44.90176],[-100.0065,44.87081],[-100.08682,44.94031],[-100.0255,45.18427],[-100.06278,45.25297],[-100.16288,45.32701],[-100.1966,45.38996],[-100.29192,45.47714],[-100.29985,45.49167],[-100.30564,45.58151],[-100.18316,45.78185],[-100.26575,45.88069],[-100.31793,45.98259],[-100.33603,46.04929],[-100.26451,46.14175],[-100.02083,46.23106],[-99.96519,46.32152],[-100.105,46.48971],[-100.09502,46.68877],[-100.36115,46.82516],[-100.36252,46.84574],[-100.36354,46.8612],[-100.31375,46.89893],[-100.20939,46.90217],[-100.12767,46.85041],[-100.10649,46.71259],[-99.74789,46.60827],[-99.61297,46.52161],[-99.59956,46.29374],[-99.45948,46.07441],[-99.46863,45.77417],[-99.37468,45.63517],[-99.28057,45.59911],[-99.20293,45.61517],[-98.91757,45.80485],[-98.81146,45.88795],[-98.80853,45.95008],[-99.03067,46.30115],[-99.04878,46.68812],[-99.10529,46.78702],[-99.113,46.94861],[-99.01981,47.15368],[-99.02286,47.21966],[-99.08535,47.28518],[-99.23605,47.35976],[-99.57999,47.35436],[-99.63359,47.37107],[-99.7977,47.47532],[-99.85466,47.54622],[-99.86002,47.63664],[-99.78501,47.71121],[-99.58299,47.71725],[-99.2862,47.79645],[-99.12651,47.782],[-99.01892,47.74812],[-98.8826,47.66041],[-98.69624,47.46962],[-98.62207,47.44843],[-98.37243,47.4527],[-98.22561,47.41916],[-98.07958,47.42428],[-97.85964,47.57846],[-97.80028,47.66375],[-97.83985,48.20411],[-97.81472,48.2589],[-97.73567,48.29621],[-97.57556,48.29811],[-97.49423,48.24454],[-97.31983,47.9499],[-97.06022,47.81315],[-96.99944,47.68364],[-96.90736,47.62054],[-96.7537,47.61607],[-96.63448,47.65266],[-96.39662,47.65355],[-96.25033,47.59979],[-95.94719,47.61788],[-95.81525,47.56345],[-95.76277,47.47285],[-95.76323,47.34621],[-95.8416,47.17704],[-95.86932,46.93047],[-95.9217,46.85825],[-96.11951,46.72255],[-96.13003,46.68737],[-95.96627,46.49189],[-95.96603,46.49106],[-95.9641,46.4893],[-95.96325,46.48829],[-95.96255,46.48789],[-95.90116,46.43203],[-95.81062,46.39485],[-95.70741,46.23822],[-95.62751,46.18096],[-95.54151,46.16409],[-95.52943,46.13249],[-95.29432,45.90931],[-95.02233,45.86258],[-94.92001,45.82578],[-94.72524,45.70361],[-94.58919,45.66066],[-94.51427,45.56987],[-94.4829,45.47349],[-94.37298,45.41183],[-94.15847,45.35126],[-93.9835,45.32902],[-93.85881,45.23716],[-93.83812,45.0242],[-93.71172,44.83317],[-93.60651,44.75418],[-93.48096,44.69788],[-93.40465,44.62267],[-93.31151,44.62281],[-93.29323,44.63515],[-93.17846,44.63214],[-93.04257,44.66433],[-92.72832,44.66371],[-92.66202,44.73044],[-92.62677,44.88818],[-92.48601,45.15435],[-92.35396,45.2408],[-92.10872,45.29544],[-91.9622,45.39164],[-91.83467,45.38776],[-91.78591,45.35025],[-91.66076,45.17488],[-91.44721,45.06919],[-91.47742,44.99831],[-91.55346,45.00085],[-91.67158,45.07276],[-91.82158,45.11597],[-91.94305,45.06052],[-91.99186,44.98738],[-91.94776,44.92889],[-91.78866,44.90042],[-91.7161,44.84417],[-91.64712,44.73405],[-91.63346,44.55389],[-91.68729,44.50173],[-91.97587,44.51055],[-92.24369,44.48009],[-92.31001,44.45274],[-92.3232,44.40809],[-92.25016,44.26411],[-92.1742,44.18443],[-91.8702,43.98659],[-91.82351,43.93129],[-91.85717,43.75604],[-91.69404,43.60413],[-91.70303,43.46098],[-91.88581,43.29901],[-91.86672,43.16134],[-91.78935,43.07539],[-91.71734,43.04921],[-91.54908,43.15095],[-91.37514,43.16286],[-91.23444,43.05026],[-91.07851,42.81146],[-91.05687,42.72101],[-90.99321,42.62901],[-90.98029,42.45577],[-90.92976,42.34906],[-90.85751,42.31933],[-90.71827,42.36727],[-90.59634,42.36225],[-90.50442,42.28674],[-90.3819,42.12685],[-90.20702,41.98857],[-90.13406,41.98773],[-90.04629,42.04272],[-90.00842,42.09198],[-90.00381,42.17501],[-90.16505,42.44185],[-90.24734,42.48924],[-90.46146,42.51792],[-90.53058,42.5746],[-90.51644,42.75319],[-90.41696,42.76688],[-90.05375,42.64468],[-89.93986,42.63943],[-89.78995,42.71126],[-89.5943,42.87255],[-89.42042,42.88437],[-89.25434,42.95177],[-89.18252,43.0443],[-89.19591,43.40895],[-89.13747,43.49572],[-88.8765,43.64356],[-88.92896,43.82621],[-88.91781,43.93345],[-88.88727,43.98575],[-88.80867,44.01746],[-88.68587,43.99275],[-88.5646,43.83075],[-88.43536,43.76282],[-88.34597,43.66776],[-88.35197,43.61422],[-88.41033,43.53591],[-88.43523,43.31347],[-88.49418,43.22058],[-88.5022,43.15562],[-88.58846,43.043],[-88.59498,42.96646],[-88.50756,42.80864],[-88.43186,42.74402],[-88.33591,42.71046],[-88.25011,42.71372],[-88.09858,42.77257],[-87.97735,42.76511],[-87.91753,42.67112],[-87.95332,42.5482],[-88.0571,42.50074],[-88.21233,42.50458],[-88.33723,42.40345],[-88.37531,42.06299],[-88.30029,41.81251],[-88.17107,41.61969],[-88.16434,41.61533],[-88.11207,41.53061],[-88.06315,41.48922],[-87.73548,41.49345],[-87.65716,41.47127],[-87.62218,41.46662],[-87.42249,41.41911],[-87.21909,41.46579],[-87.18055,41.48798],[-87.01029,41.54401],[-86.43511,41.87652],[-86.16568,42.13717],[-86.08541,42.18496],[-85.89014,42.18783],[-85.76427,42.14257],[-85.63173,42.13276],[-85.39356,42.21989],[-85.21364,42.2449],[-85.14579,42.28328],[-85.13258,42.31152],[-85.01351,42.35936],[-84.96698,42.45432],[-85.04315,42.54691],[-85.18898,42.61565],[-85.29106,42.63649],[-85.30079,42.66238],[-85.25669,42.94603],[-85.18514,43.08513],[-84.97768,43.20319],[-84.90684,43.28131],[-84.88418,43.4141],[-84.9578,43.5711],[-84.94343,43.65994],[-84.94338,43.66005],[-84.79925,43.77418],[-84.74558,43.7877],[-84.65073,43.76146],[-84.56082,43.62114],[-84.49556,43.58616],[-84.38901,43.57676],[-84.3877,43.57603],[-84.38472,43.57639],[-84.36505,43.57465],[-84.33211,43.58274],[-84.26586,43.59074],[-84.05684,43.70886],[-84.00747,43.70437],[-83.97752,43.68948],[-83.88292,43.58648],[-83.78353,43.57677],[-83.54395,43.64314],[-83.39327,43.62876],[-83.32921,43.56836],[-83.35258,43.43693],[-83.3084,43.40368],[-83.2645,43.41672],[-83.12861,43.56689],[-83.04796,43.59512],[-82.91792,43.61839],[-82.6962,43.59607],[-82.64642,43.55799],[-82.60103,43.44161],[-82.62887,43.29977],[-82.80688,43.13706],[-82.89666,42.94726],[-82.92443,42.93199],[-83.02199,42.94177],[-83.15522,43.02727],[-83.27557,43.18362],[-83.30474,43.3371],[-83.37112,43.3657],[-83.4928,43.30379],[-83.62216,43.19891],[-83.7806,43.17379],[-83.84355,43.14083],[-83.89895,43.04431],[-84.01548,42.94682],[-84.35039,42.90114],[-84.54853,42.82279],[-84.64338,42.73267],[-84.65218,42.67927],[-84.57344,42.6042],[-84.49635,42.596],[-84.40546,42.62806],[-84.29933,42.7381],[-84.18965,42.8003],[-84.09212,42.79139],[-84.07082,42.77141],[-84.07104,42.62719],[-84.23215,42.40754],[-84.4413,42.30337],[-84.43992,42.2849],[-84.46233,42.27749],[-84.50591,42.2308],[-84.51717,42.16931],[-84.43045,42.03514],[-84.3338,42.00291],[-84.20588,42.03631],[-83.94765,42.20094],[-83.87841,42.21407],[-83.73325,42.16268],[-83.48672,42.03073],[-83.44813,41.97287],[-83.47048,41.84887],[-83.72933,41.61839],[-83.73538,41.56492],[-83.6846,41.51465],[-83.56625,41.49826],[-83.40467,41.53583],[-83.18935,41.5144],[-82.9861,41.4051],[-82.65978,41.35184],[-82.43401,41.23918],[-82.11588,41.14917],[-81.90071,41.02014],[-81.88059,41.01485],[-81.85342,40.88539],[-81.86759,40.81479],[-81.96606,40.7386],[-82.08467,40.6945],[-82.18251,40.68721],[-82.38788,40.78167],[-82.5299,40.72936],[-82.59912,40.65052],[-82.5922,40.52836],[-82.542,40.47821],[-82.38696,40.42274],[-82.34637,40.33905],[-82.36239,40.25577],[-82.50577,40.11026],[-82.51736,40.05829],[-82.31368,39.88667],[-82.33678,39.76601],[-82.39685,39.70046],[-82.41181,39.69195],[-82.45011,39.67023],[-82.5035,39.6713],[-82.61279,39.62635],[-82.83157,39.40484],[-83.1824,39.3288],[-83.49501,39.19728],[-83.57687,39.14738],[-83.72966,38.99299],[-83.77998,38.97995],[-83.84517,39.00442],[-84.01811,39.23715],[-84.05832,39.42176],[-84.02896,39.59791],[-83.93693,39.72442],[-83.955,39.79332],[-84.01854,39.84804],[-84.17691,39.86087],[-84.24687,39.82114],[-84.3761,39.64883],[-84.59669,39.4535],[-84.77905,39.34431],[-85.05005,39.3595],[-85.235,39.13321],[-85.53502,38.96601],[-85.5963,38.89261],[-85.64164,38.75502],[-85.71843,38.70762],[-85.94886,38.64873],[-86.03137,38.59435],[-86.12401,38.47169],[-86.23795,38.48076],[-86.34947,38.52548],[-86.43231,38.60368],[-86.42065,38.69239],[-86.23128,38.77746],[-85.99934,39.07033],[-85.9682,39.15511],[-86.00152,39.25895],[-86.10985,39.36092],[-86.30362,39.46675],[-86.39841,39.42668],[-86.42386,39.42336],[-86.46125,39.40012],[-86.54327,39.36545],[-86.83462,39.40629],[-86.90566,39.38511],[-86.93706,39.22854],[-86.92486,39.13067],[-86.88226,39.02731],[-86.85188,38.8535],[-86.85052,38.78103],[-86.7459,38.52003],[-86.75189,38.47267],[-86.75489,38.44905],[-86.84147,38.30636],[-86.85564,38.20075],[-86.81713,38.05468],[-86.85206,37.85618],[-86.76381,37.64288],[-86.76436,37.63846],[-86.76603,37.62517],[-86.82009,37.55179],[-86.82887,37.48672],[-86.92881,37.42232],[-87.05096,37.35971],[-87.26362,37.30355],[-87.65817,37.34908],[-87.87931,37.30998],[-88.01672,37.43844],[-88.18664,37.51954],[-88.30138,37.60207],[-88.4701,37.65234],[-88.57676,37.65969],[-88.66451,37.70081],[-88.98769,37.98748],[-89.21931,37.91187],[-89.47128,37.9256],[-89.63684,37.98219],[-89.74639,37.94],[-89.90534,37.96591],[-90.07881,38.09957],[-90.18386,38.22974],[-90.17256,38.37217],[-90.00441,38.52044],[-89.96571,38.63524],[-90.05214,38.82108],[-90.15461,38.8873],[-90.22443,38.89058],[-90.49086,38.80537],[-90.56533,38.80593],[-90.71863,38.82581],[-90.82711,38.9376],[-90.82274,39.08493],[-90.91913,39.13779],[-91.00962,39.11448],[-91.07824,39.0193],[-91.27379,38.88399],[-91.34466,38.86881],[-91.43756,38.87226],[-91.75887,39.02513],[-92.08085,39.03716],[-92.14887,39.07501],[-92.28327,39.18624],[-92.32636,39.25895],[-92.29753,39.3652],[-92.20558,39.48379],[-92.22726,39.53154],[-92.33168,39.61629],[-92.39681,39.72534],[-92.37978,40.06417],[-92.32776,40.16137],[-92.29027,40.42741],[-92.36377,40.5538],[-92.44692,40.61997],[-92.4673,40.69111],[-92.39206,40.76131],[-92.31743,40.79243],[-92.32183,40.85328],[-92.45678,40.96306],[-92.46156,40.96923],[-92.47173,40.97522],[-92.48864,40.98898],[-92.52389,41.00598],[-92.56234,41.02865],[-92.58123,41.03363],[-92.61727,41.05101],[-92.79439,41.0998],[-92.90871,41.14949],[-92.98107,41.15121],[-93.05201,41.17075],[-93.38116,41.16085],[-93.69285,41.27234],[-93.87176,41.30712],[-93.96848,41.28767],[-94.05049,41.20635],[-94.07952,41.10658],[-94.07182,41.00174],[-94.07851,40.99582],[-94.06572,40.86161],[-94.11277,40.76285],[-94.4666,40.56096],[-94.52381,40.47681],[-94.52461,40.37756],[-94.43468,40.24931],[-94.40935,40.14061],[-94.36172,40.11167],[-94.12204,40.17829],[-93.91139,40.29529],[-93.72222,40.27416],[-93.6356,40.20582],[-93.41907,40.12546],[-93.28115,40.01543],[-92.95617,39.60336],[-92.87108,39.56089],[-92.78137,39.55717],[-92.7134,39.50184],[-92.6714,39.39274],[-92.70814,39.07891],[-92.60118,38.89088],[-92.63023,38.76759],[-92.70391,38.68032],[-92.84378,38.66612],[-93.04449,38.77036],[-93.13908,38.76083],[-93.25509,38.68048],[-93.31233,38.55224],[-93.35992,38.51758],[-93.42929,38.51904],[-93.49689,38.57396],[-93.51693,38.73283],[-93.59267,38.81968],[-93.99587,38.97574],[-94.24783,39.15801],[-94.24611,39.22931],[-94.00528,39.26606],[-93.90436,39.3206],[-93.79945,39.43517],[-93.74469,39.56894],[-93.83377,39.7227],[-93.83162,39.79401],[-93.72265,39.81887],[-93.67122,39.88762],[-93.69422,39.94211],[-93.73939,39.97021],[-93.9708,39.93621],[-94.08049,39.85934],[-94.11867,39.63805],[-94.21581,39.51453],[-94.31135,39.44447],[-94.43122,39.42645],[-94.44959,39.42668],[-94.45593,39.42273],[-94.64066,39.39495],[-94.96123,39.39723],[-95.09241,39.35868],[-95.2279,39.27504],[-95.40322,39.29085],[-95.57827,39.36595],[-95.65334,39.41491],[-95.70664,39.48391],[-95.82442,39.54476],[-95.97656,39.50942],[-96.19769,39.50918],[-96.21123,39.50925],[-96.24709,39.5268],[-96.32654,39.53029],[-96.42567,39.56051],[-96.50928,39.56113],[-96.63992,39.52096],[-96.89026,39.36348],[-97.03004,39.30887],[-97.17042,39.30763],[-97.55911,39.39238],[-97.8967,39.37005],[-97.96857,39.38682],[-98.04035,39.43921],[-98.07211,39.51463],[-98.175,39.62598],[-98.31376,39.68358],[-98.43507,39.68185],[-98.49968,39.65827],[-98.72361,39.51545],[-98.72653,39.51518],[-98.73255,39.52289],[-98.84435,39.60202],[-98.87353,39.74414],[-98.69785,39.97891],[-98.70432,40.04295],[-98.83876,40.09911],[-98.94833,40.11726],[-99.52533,40.08476],[-99.59828,40.1006],[-99.72114,40.18634],[-99.82262,40.30921],[-99.82825,40.41535],[-99.78601,40.47241],[-99.72345,40.68651],[-99.67763,40.72357],[-99.46804,40.74878],[-99.31913,40.80882],[-99.1151,40.97091],[-98.91197,41.03827],[-98.88055,41.07154],[-98.86394,41.28063],[-98.79463,41.35365],[-98.67498,41.37407],[-98.57733,41.34033],[-98.41509,41.16123],[-98.30118,41.18944],[-98.19795,41.2504],[-98.16209,41.3215],[-98.17335,41.35448],[-98.25601,41.4113],[-98.41301,41.46873],[-98.4631,41.52139],[-98.44206,41.61112],[-98.28429,41.77037],[-98.25675,41.85547],[-98.33428,42.00655],[-98.34672,42.27466],[-98.56946,42.44935],[-98.59592,42.50246],[-98.49996,42.55802],[-98.35303,42.56076],[-98.18053,42.47732],[-98.05933,42.478],[-97.84884,42.57806],[-97.79373,42.66232],[-97.79427,42.72439],[-97.89145,42.7801],[-98.11558,42.81551],[-98.38979,42.91821],[-98.51616,43.00537],[-98.56613,43.05982],[-98.55967,43.05986]],[[-82.72084,40.13198],[-82.81662,40.31334],[-82.91557,40.33191],[-83.03038,40.30386],[-83.13432,40.22889],[-83.17711,40.12056],[-83.17307,40.00469],[-83.11285,39.89362],[-83.02607,39.8584],[-82.9057,39.84526],[-82.75385,39.89047],[-82.65215,40.00064],[-82.64245,40.04573],[-82.72084,40.13198]],[[-86.17309,39.93781],[-86.28319,39.85228],[-86.3542,39.72275],[-86.29049,39.58523],[-86.24338,39.5633],[-86.17058,39.57868],[-86.01454,39.67524],[-85.97589,39.73587],[-85.95814,39.84851],[-85.9853,39.90661],[-86.05041,39.95483],[-86.17309,39.93781]],[[-97.50649,45.70175],[-97.53878,45.64618],[-97.47061,45.50466],[-97.33375,45.43138],[-97.25762,45.41638],[-97.1819,45.44843],[-97.18188,45.45525],[-97.16668,45.45697],[-97.12767,45.54893],[-97.21421,45.654],[-97.26486,45.6855],[-97.26531,45.68621],[-97.35685,45.74741],[-97.43845,45.74795],[-97.50649,45.70175]],[[-95.27245,45.5703],[-95.32356,45.54919],[-95.33449,45.49619],[-95.12296,45.2659],[-95.06133,45.23683],[-94.97183,45.23784],[-94.85709,45.31818],[-94.85446,45.35731],[-94.91312,45.42361],[-95.20423,45.5547],[-95.27245,45.5703]],[[-98.63655,40.98224],[-98.49496,40.88204],[-98.42611,40.86662],[-98.3817,40.89109],[-98.45044,41.04035],[-98.48674,41.06496],[-98.60093,41.04734],[-98.63927,41.01484],[-98.63655,40.98224]]],[[[-80.14218,33.96355],[-80.07411,33.97227],[-79.99179,33.94265],[-79.95616,33.90137],[-79.96712,33.8485],[-79.99646,33.83137],[-80.0411,33.89039],[-80.17505,33.93484],[-80.14218,33.96355]]],[[[-79.39698,34.54842],[-79.37406,34.65403],[-79.29756,34.69748],[-79.18931,34.68181],[-79.14763,34.56676],[-79.18472,34.49954],[-79.23563,34.47063],[-79.3436,34.48626],[-79.39698,34.54842]]],[[[-78.19625,35.00625],[-78.17978,35.07645],[-78.09806,35.13665],[-78.02868,35.14415],[-77.76798,35.10355],[-77.73301,35.06166],[-77.75831,34.95643],[-77.75865,34.95607],[-77.9051,34.90662],[-78.16035,34.92733],[-78.19625,35.00625]]],[[[-76.5772,35.53232],[-76.61104,35.52969],[-76.62124,35.49589],[-76.65417,35.48886],[-76.76305,35.50687],[-76.81502,35.57013],[-76.82345,35.62621],[-76.76582,35.76258],[-76.68224,35.82176],[-76.53742,35.85252],[-76.40626,35.83066],[-76.34987,35.78473],[-76.40012,35.59246],[-76.40014,35.59245],[-76.54606,35.5157],[-76.5772,35.53232]]],[[[-76.14137,36.21803],[-76.17335,36.19317],[-76.25418,36.18215],[-76.27061,36.18989],[-76.2652,36.18065],[-76.29346,36.1768],[-76.40216,36.19499],[-76.45889,36.24088],[-76.44054,36.31075],[-76.37811,36.37335],[-76.27152,36.42855],[-76.16147,36.41011],[-76.10479,36.36407],[-76.11339,36.26273],[-76.14785,36.2793],[-76.14137,36.21803]]],[[[-85.98038,37.65252],[-85.90728,37.68235],[-85.79844,37.68263],[-85.65335,37.64883],[-85.6165,37.62194],[-85.63143,37.51556],[-85.75725,37.43652],[-85.89293,37.44791],[-85.99466,37.54705],[-85.98038,37.65252]]],[[[-75.84477,39.44161],[-75.6615,39.41143],[-75.62068,39.38641],[-75.54914,39.30147],[-75.5121,39.13837],[-75.37145,38.97122],[-75.31412,38.83094],[-75.26956,38.77779],[-75.23708,38.62291],[-75.12876,38.44447],[-75.16848,38.35879],[-75.27788,38.26908],[-75.38674,38.28768],[-75.39215,38.29072],[-75.38803,38.31398],[-75.52194,38.43825],[-75.6434,38.45715],[-75.83639,38.42833],[-75.98986,38.49827],[-76.05409,38.60164],[-76.00093,38.60171],[-76.01694,38.6251],[-76.05693,38.62124],[-76.0739,38.63352],[-76.13884,38.73802],[-76.13881,38.73935],[-76.19111,38.97902],[-76.19354,38.99316],[-76.18569,38.99072],[-76.1352,39.08213],[-76.13296,39.12295],[-76.20684,39.0707],[-76.20865,39.08122],[-76.15545,39.27321],[-76.05755,39.36681],[-76.05408,39.36853],[-75.97598,39.36729],[-75.87598,39.37598],[-75.93872,39.39858],[-75.97801,39.40606],[-75.94631,39.4217],[-75.84477,39.44161]]],[[[-76.92766,39.65021],[-77.10459,39.65942],[-77.13678,39.71893],[-77.10424,39.84136],[-77.06003,39.89244],[-77.02138,39.91973],[-76.96532,39.91114],[-76.88778,39.84766],[-76.82964,39.83581],[-76.7207,39.87352],[-76.45695,39.83198],[-76.38881,39.73005],[-76.40807,39.66022],[-76.49152,39.61876],[-76.54233,39.60855],[-76.77971,39.64096],[-76.84344,39.60506],[-76.92766,39.65021]]],[[[-76.80568,41.0347],[-76.71182,41.02035],[-76.70774,40.93167],[-76.71246,40.92936],[-76.76531,40.91918],[-76.85794,40.93337],[-76.86224,41.00684],[-76.80568,41.0347]]],[[[-76.72404,42.88401],[-76.69288,42.86113],[-76.70929,42.80314],[-76.72404,42.88401]]],[[[-76.77275,42.77798],[-76.75831,42.75401],[-76.80469,42.73174],[-76.90674,42.74692],[-76.954,42.86963],[-76.96517,42.87521],[-76.94339,42.9532],[-76.91435,42.96717],[-76.81781,42.95286],[-76.75374,42.90582],[-76.77275,42.77798]]],[[[-76.96775,42.85749],[-76.95878,42.77437],[-76.98746,42.79538],[-76.96841,42.8636],[-76.96775,42.85749]]],[[[-88.75909,44.48272],[-88.72628,44.55289],[-88.4837,44.5401],[-88.31575,44.6019],[-88.26551,44.599],[-88.307,44.45736],[-88.44257,44.37511],[-88.59303,44.38358],[-88.75909,44.48272]]],[[[-90.55683,44.73012],[-90.6071,44.75019],[-90.97275,44.94434],[-90.96738,45.01607],[-90.8872,45.06703],[-90.6842,45.05914],[-90.46024,44.99608],[-90.43639,44.9771],[-90.45107,44.79863],[-90.48089,44.74503],[-90.55683,44.73012]]],[[[-93.92682,45.5082],[-94.00087,45.59931],[-93.97306,45.67086],[-93.895,45.70567],[-93.53585,45.69962],[-93.48591,45.66269],[-93.48862,45.59077],[-93.51488,45.57326],[-93.82455,45.50659],[-93.92682,45.5082]]]]}}]}