{"type":"FeatureCollection","features":[{"type":"Feature","properties":{"kind":"land","name":"アメリカ合衆国","country":"USA"},"geometry":{"type":"MultiPolygon","coordinates":[[[[-74.66323,45.00391],[-74.43037,45.0042],[-74.01426,45.00469],[-73.59815,45.00518],[-73.18203,45.00561],[-72.76592,45.0061],[-72.34976,45.00659],[-71.93364,45.00708],[-71.51753,45.00757],[-71.41904,45.20034],[-71.3273,45.29009],[-71.20161,45.26035],[-71.13467,45.26284],[-71.06025,45.30913],[-70.9999,45.33726],[-70.96016,45.33311],[-70.92622,45.29072],[-70.898,45.26245],[-70.86504,45.2707],[-70.83682,45.31069],[-70.83779,45.36616],[-70.79917,45.40478],[-70.75332,45.41069],[-70.71094,45.40947],[-70.6898,45.42832],[-70.69214,45.45537],[-70.70742,45.49893],[-70.70225,45.55137],[-70.59639,45.64399],[-70.4666,45.70684],[-70.42109,45.73823],[-70.40786,45.8019],[-70.33345,45.86807],[-70.29624,45.9061],[-70.28716,45.93916],[-70.30644,45.97983],[-70.30449,46.05737],[-70.27891,46.15],[-70.24829,46.25088],[-70.17969,46.34185],[-70.06719,46.44106],[-70.03823,46.57144],[-70.00772,46.70894],[-69.87173,46.84292],[-69.71753,46.99487],[-69.62978,47.08135],[-69.47148,47.23867],[-69.35889,47.35063],[-69.30215,47.402],[-69.24287,47.46299],[-69.14629,47.44477],[-69.0502,47.42661],[-69.06426,47.33814],[-69.04858,47.27363],[-69.00312,47.23643],[-68.93721,47.21123],[-68.8874,47.20283],[-68.82871,47.20332],[-68.66855,47.25347],[-68.48037,47.28579],[-68.3769,47.31616],[-68.35801,47.34453],[-68.31089,47.35449],[-68.2355,47.34595],[-68.09678,47.27485],[-67.93486,47.16763],[-67.80679,47.08281],[-67.80283,46.93574],[-67.80034,46.77988],[-67.7977,46.61563],[-67.7958,46.49839],[-67.79253,46.3374],[-67.78994,46.20933],[-67.78647,46.04214],[-67.78467,45.95278],[-67.76704,45.927],[-67.77764,45.8918],[-67.78227,45.87417],[-67.78115,45.86016],[-67.77412,45.84253],[-67.77529,45.81787],[-67.7917,45.79556],[-67.7999,45.76978],[-67.80225,45.72754],[-67.78467,45.70171],[-67.75532,45.68648],[-67.73066,45.68648],[-67.69898,45.67119],[-67.65791,45.64419],[-67.59575,45.62075],[-67.5312,45.61255],[-67.48662,45.61841],[-67.43267,45.60312],[-67.41387,45.56558],[-67.42441,45.53042],[-67.45493,45.51396],[-67.48779,45.50102],[-67.49365,45.47407],[-67.47725,45.4459],[-67.45376,45.42124],[-67.42793,45.37793],[-67.43852,45.34038],[-67.46196,45.30869],[-67.47256,45.27588],[-67.45259,45.24766],[-67.39981,45.21016],[-67.36694,45.17378],[-67.31528,45.15381],[-67.29067,45.16792],[-67.2707,45.18672],[-67.24961,45.20078],[-67.21323,45.19253],[-67.171,45.18198],[-67.12485,45.16943],[-67.13037,45.13901],[-67.10225,45.08774],[-67.08047,44.98916],[-67.11392,44.94438],[-67.10674,44.88506],[-67.01401,44.86777],[-66.99146,44.84961],[-66.98701,44.82769],[-67.19126,44.67559],[-67.36406,44.69687],[-67.45781,44.65654],[-67.55601,44.64478],[-67.59907,44.57681],[-67.65298,44.5624],[-67.72681,44.5665],[-67.79048,44.58569],[-67.83906,44.57627],[-67.90703,44.45361],[-67.96269,44.46431],[-67.98486,44.42017],[-68.01396,44.40088],[-68.05664,44.38433],[-68.0937,44.43882],[-68.11728,44.49063],[-68.15205,44.502],[-68.19824,44.51523],[-68.24575,44.51479],[-68.27744,44.50737],[-68.31675,44.47388],[-68.37373,44.44512],[-68.41685,44.46909],[-68.45059,44.50762],[-68.47944,44.44565],[-68.52144,44.38023],[-68.51445,44.30391],[-68.53252,44.25864],[-68.57236,44.27085],[-68.61201,44.31055],[-68.72329,44.34228],[-68.81191,44.33935],[-68.7939,44.38174],[-68.71011,44.44258],[-68.73589,44.45449],[-68.777,44.44604],[-68.79492,44.45449],[-68.76553,44.50977],[-68.76269,44.57075],[-68.8002,44.54941],[-68.84736,44.48506],[-68.96147,44.43384],[-68.95615,44.3481],[-69.06357,44.17236],[-69.06836,44.09756],[-69.13726,44.03784],[-69.22607,43.98647],[-69.34453,44.00093],[-69.43496,43.9563],[-69.48086,43.90508],[-69.52075,43.89736],[-69.54155,43.9626],[-69.55669,43.98276],[-69.58999,43.88657],[-69.62393,43.88061],[-69.63677,43.94883],[-69.65288,43.9939],[-69.69912,43.95503],[-69.72983,43.852],[-69.76201,43.86069],[-69.77227,43.89902],[-69.79531,43.91065],[-69.80322,43.86685],[-69.7916,43.80523],[-69.80835,43.77231],[-69.84033,43.78989],[-69.87251,43.81953],[-69.92559,43.79702],[-69.97432,43.78789],[-69.97451,43.81807],[-69.96523,43.85508],[-70.06235,43.83462],[-70.17881,43.76636],[-70.26924,43.67192],[-70.23789,43.6562],[-70.20259,43.62612],[-70.35967,43.48022],[-70.5207,43.34883],[-70.64233,43.13442],[-70.69116,43.10933],[-70.7331,43.07002],[-70.77764,42.94058],[-70.82905,42.82534],[-70.80029,42.77402],[-70.78135,42.72124],[-70.73569,42.66929],[-70.69688,42.6646],[-70.65483,42.67397],[-70.62398,42.67178],[-70.60415,42.64971],[-70.61294,42.62324],[-70.66143,42.61665],[-70.75186,42.57036],[-70.83115,42.55259],[-70.8709,42.49663],[-70.93047,42.43198],[-71.04619,42.3311],[-70.99673,42.3],[-70.81797,42.26494],[-70.73828,42.22886],[-70.61768,42.04043],[-70.64521,42.02158],[-70.65615,41.98706],[-70.54893,41.93862],[-70.5147,41.80332],[-70.42666,41.75727],[-70.29546,41.72895],[-70.13501,41.76987],[-70.00142,41.82617],[-70.0061,41.87231],[-70.09004,41.97969],[-70.11025,42.03013],[-70.17256,42.06279],[-70.19624,42.03511],[-70.23652,42.07104],[-70.24106,42.09121],[-70.20352,42.10102],[-70.15986,42.09712],[-70.10894,42.07832],[-69.97788,41.96128],[-69.9416,41.80786],[-69.93384,41.71045],[-69.94863,41.67715],[-69.98677,41.68398],[-70.05952,41.67734],[-70.40469,41.6269],[-70.48135,41.58247],[-70.65713,41.53423],[-70.66807,41.5583],[-70.65537,41.60811],[-70.66645,41.71011],[-70.70112,41.71484],[-70.97422,41.54854],[-71.07979,41.53809],[-71.16855,41.4894],[-71.18843,41.51641],[-71.2043,41.64111],[-71.14873,41.7457],[-71.17832,41.74404],[-71.27109,41.68125],[-71.31074,41.71987],[-71.33061,41.76226],[-71.35918,41.78623],[-71.39014,41.79531],[-71.36367,41.70273],[-71.42656,41.6333],[-71.4438,41.45371],[-71.52285,41.37895],[-71.76929,41.33091],[-71.92993,41.34106],[-72.07388,41.32612],[-72.26528,41.29165],[-72.37104,41.31216],[-72.47939,41.27578],[-72.84717,41.26587],[-72.92471,41.28516],[-73.02373,41.21646],[-73.18228,41.17583],[-73.58301,41.02188],[-73.67139,40.96587],[-73.779,40.87842],[-73.85127,40.8314],[-73.91069,40.81611],[-73.94722,40.77695],[-73.98711,40.75137],[-73.94858,40.83877],[-73.90674,40.91245],[-73.87197,41.05518],[-73.88223,41.17061],[-73.92534,41.21807],[-73.96992,41.24971],[-73.91768,41.13579],[-73.90923,40.99609],[-73.9272,40.91426],[-74.02549,40.7564],[-74.06733,40.71963],[-74.11626,40.68731],[-74.15313,40.67324],[-74.18716,40.648],[-74.22671,40.60801],[-74.26421,40.52861],[-74.2415,40.45625],[-74.04985,40.42983],[-73.99844,40.45215],[-73.97227,40.40034],[-73.95762,40.32837],[-73.97197,40.25054],[-74.004,40.17134],[-74.02832,40.073],[-74.04893,39.92305],[-74.07993,39.78813],[-74.08398,39.8291],[-74.0646,39.99312],[-74.096,39.97598],[-74.11763,39.93814],[-74.17612,39.72661],[-74.25654,39.61387],[-74.33061,39.53589],[-74.40703,39.54878],[-74.38984,39.48682],[-74.41084,39.45454],[-74.42881,39.38721],[-74.47437,39.34258],[-74.51719,39.34687],[-74.57871,39.31611],[-74.60298,39.29258],[-74.60479,39.24751],[-74.64595,39.20786],[-74.79448,39.0019],[-74.92344,38.94111],[-74.9543,38.94995],[-74.92031,39.04717],[-74.89702,39.14546],[-74.97529,39.18823],[-75.0502,39.21084],[-75.13613,39.20786],[-75.23105,39.28428],[-75.35342,39.33984],[-75.52422,39.49019],[-75.51924,39.53189],[-75.52353,39.60186],[-75.47163,39.7124],[-75.42188,39.7897],[-75.35317,39.82974],[-75.15381,39.87051],[-75.10381,39.93184],[-75.07417,39.9835],[-75.17295,39.89478],[-75.3209,39.8647],[-75.40063,39.83159],[-75.4644,39.78096],[-75.50215,39.71738],[-75.5876,39.64077],[-75.58159,39.58945],[-75.56728,39.55298],[-75.57388,39.47695],[-75.51982,39.40283],[-75.41265,39.2814],[-75.39219,39.09277],[-75.3104,38.96655],[-75.18506,38.81938],[-75.08867,38.77754],[-75.08398,38.7228],[-75.12847,38.63242],[-75.18711,38.59111],[-75.11084,38.59936],[-75.07285,38.57871],[-75.03589,38.50332],[-75.03877,38.42637],[-75.05127,38.38301],[-75.07437,38.36572],[-75.07339,38.41001],[-75.08975,38.42539],[-75.11675,38.4062],[-75.13423,38.38433],[-75.1415,38.29814],[-75.16001,38.25508],[-75.22544,38.24229],[-75.2918,38.1292],[-75.35352,38.06504],[-75.59639,37.6312],[-75.58711,37.55869],[-75.63154,37.53535],[-75.69883,37.51636],[-75.7669,37.473],[-75.81206,37.4252],[-75.854,37.29663],[-75.93438,37.1519],[-75.98452,37.21221],[-75.99736,37.26382],[-75.97505,37.39844],[-75.88814,37.61914],[-75.79238,37.75635],[-75.71934,37.82139],[-75.65928,37.95396],[-75.73516,37.97373],[-75.85083,37.97158],[-75.82905,38.03276],[-75.79531,38.08667],[-75.85562,38.14038],[-75.89131,38.14722],[-75.92808,38.16924],[-75.88496,38.21397],[-75.86392,38.26123],[-75.87676,38.31875],[-75.85869,38.36206],[-75.88882,38.35552],[-75.93726,38.30967],[-75.96738,38.29136],[-75.98574,38.33193],[-76.00669,38.32275],[-76.02031,38.29487],[-76.05122,38.27954],[-76.1165,38.31768],[-76.21167,38.36133],[-76.26465,38.43643],[-76.29487,38.49463],[-76.26416,38.59995],[-76.19839,38.61865],[-76.11294,38.60156],[-76.00093,38.60171],[-76.01694,38.6251],[-76.05693,38.62124],[-76.175,38.70669],[-76.21299,38.7583],[-76.27832,38.77246],[-76.3081,38.72285],[-76.34116,38.70967],[-76.30034,38.81821],[-76.24697,38.82266],[-76.16816,38.85273],[-76.19106,38.91558],[-76.24082,38.94307],[-76.33066,38.90859],[-76.32959,38.95278],[-76.31274,39.00937],[-76.24502,39.00918],[-76.18569,38.99072],[-76.1352,39.08213],[-76.13296,39.12295],[-76.21685,39.06362],[-76.23569,39.1916],[-76.15313,39.31504],[-76.07437,39.36885],[-75.97598,39.36729],[-75.87598,39.37598],[-75.93872,39.39858],[-76.00312,39.41084],[-75.95474,39.45962],[-75.91348,39.46836],[-75.87295,39.51089],[-75.97041,39.50459],[-75.95894,39.58506],[-76.0063,39.5687],[-76.06299,39.56113],[-76.08506,39.527],[-76.08071,39.47031],[-76.09727,39.4331],[-76.14136,39.40322],[-76.21582,39.37993],[-76.22305,39.42031],[-76.24766,39.43862],[-76.25684,39.35215],[-76.27637,39.32275],[-76.33081,39.40391],[-76.34717,39.38755],[-76.34507,39.3645],[-76.35898,39.32466],[-76.40566,39.30391],[-76.40278,39.25283],[-76.4209,39.225],[-76.57041,39.26934],[-76.57393,39.2543],[-76.48936,39.15869],[-76.42759,39.12602],[-76.42007,39.07388],[-76.4731,39.03061],[-76.54624,39.06797],[-76.55854,39.06523],[-76.5188,39.00117],[-76.49375,38.94521],[-76.51953,38.89834],[-76.51553,38.84063],[-76.52109,38.78828],[-76.53687,38.74263],[-76.50132,38.53218],[-76.4585,38.47495],[-76.41641,38.42021],[-76.39409,38.36899],[-76.43877,38.36152],[-76.50991,38.40366],[-76.57241,38.43579],[-76.64687,38.53852],[-76.65918,38.57954],[-76.67734,38.61196],[-76.66855,38.5375],[-76.64199,38.45435],[-76.40879,38.26826],[-76.36572,38.19687],[-76.33291,38.14077],[-76.34116,38.08701],[-76.40195,38.12505],[-76.4544,38.17354],[-76.5936,38.22832],[-76.76914,38.26294],[-76.86812,38.39028],[-76.86777,38.33716],[-76.88975,38.29209],[-76.95024,38.34702],[-76.98838,38.3939],[-77.00117,38.44526],[-77.07671,38.44175],[-77.15591,38.39712],[-77.23252,38.40772],[-77.2416,38.49482],[-77.2209,38.54097],[-77.13491,38.6501],[-77.05391,38.70581],[-77.01816,38.77773],[-77.03037,38.88926],[-77.0456,38.77578],[-77.09189,38.71953],[-77.16465,38.67656],[-77.2604,38.6],[-77.28379,38.5292],[-77.31367,38.39663],[-77.27324,38.35176],[-77.23193,38.34004],[-77.10991,38.37012],[-77.04678,38.35669],[-76.90635,38.19707],[-76.64487,38.13394],[-76.54951,38.09448],[-76.47178,38.01118],[-76.35493,37.96323],[-76.26426,37.89355],[-76.26182,37.8481],[-76.29321,37.79434],[-76.30562,37.72158],[-76.34414,37.67568],[-76.43662,37.67041],[-76.49248,37.68223],[-76.79277,37.93799],[-76.82861,37.96152],[-76.93999,38.09546],[-77.07065,38.16719],[-77.11108,38.16567],[-76.9251,38.03301],[-76.84917,37.94023],[-76.71543,37.81016],[-76.61982,37.75508],[-76.54946,37.66914],[-76.48408,37.62886],[-76.30557,37.57148],[-76.36763,37.53027],[-76.26856,37.49517],[-76.2544,37.43062],[-76.26348,37.35703],[-76.40098,37.38613],[-76.40547,37.33193],[-76.39316,37.29995],[-76.45391,37.27354],[-76.53838,37.30938],[-76.75772,37.50542],[-76.75586,37.4792],[-76.73809,37.44878],[-76.61089,37.32256],[-76.49736,37.24688],[-76.40112,37.21269],[-76.32695,37.14927],[-76.30078,37.11089],[-76.2833,37.05269],[-76.33828,37.01313],[-76.40088,36.99131],[-76.46201,37.03076],[-76.50684,37.07231],[-76.60229,37.14287],[-76.63091,37.22173],[-76.70352,37.21768],[-77.00698,37.31768],[-77.25088,37.3292],[-77.22705,37.30908],[-77.19619,37.2957],[-77.00195,37.27105],[-76.9252,37.225],[-76.76543,37.18413],[-76.67188,37.17295],[-76.63394,37.04741],[-76.50464,36.96104],[-76.48784,36.89702],[-76.39956,36.88984],[-76.24424,36.95264],[-76.14399,36.93062],[-75.99941,36.91265],[-75.96636,36.86196],[-75.94155,36.76553],[-75.89043,36.65703],[-75.75786,36.22925],[-75.55869,35.87935],[-75.53418,35.81909],[-75.58047,35.87197],[-75.72822,36.10371],[-75.80977,36.27105],[-75.89356,36.5665],[-75.91787,36.63267],[-75.94648,36.65908],[-75.96533,36.6376],[-75.97344,36.59995],[-75.95977,36.57104],[-75.99277,36.47378],[-75.97847,36.42915],[-75.92485,36.38301],[-75.8666,36.26787],[-75.82007,36.11284],[-75.88301,36.17568],[-75.95019,36.20898],[-76.05474,36.23452],[-76.14785,36.2793],[-76.14106,36.21509],[-76.15,36.14575],[-76.22178,36.16689],[-76.27061,36.18989],[-76.22739,36.11602],[-76.32119,36.13818],[-76.38369,36.13354],[-76.42432,36.06797],[-76.47881,36.02817],[-76.55938,36.01533],[-76.67891,36.07529],[-76.71763,36.1481],[-76.73364,36.22915],[-76.74004,36.1333],[-76.71875,36.0335],[-76.72622,35.95762],[-76.61113,35.94365],[-76.50352,35.95605],[-76.3583,35.95288],[-76.26357,35.96709],[-76.20654,35.99121],[-76.06978,35.97031],[-76.06006,35.87866],[-76.07568,35.78755],[-76.08359,35.69053],[-76.0457,35.69116],[-76.00117,35.72217],[-75.97891,35.89595],[-75.85391,35.96016],[-75.81201,35.95576],[-75.77222,35.8999],[-75.75884,35.84326],[-75.74473,35.76548],[-75.77393,35.64697],[-75.96597,35.5084],[-76.10352,35.38027],[-76.17383,35.35415],[-76.27524,35.36904],[-76.39023,35.40127],[-76.44663,35.40776],[-76.4895,35.39702],[-76.51562,35.43648],[-76.53247,35.50845],[-76.5772,35.53232],[-76.61104,35.52969],[-76.63413,35.45322],[-76.74141,35.43149],[-76.88726,35.46309],[-77.03999,35.52739],[-76.97446,35.4584],[-76.59546,35.32969],[-76.55278,35.30562],[-76.51294,35.27041],[-76.56597,35.21519],[-76.60752,35.15298],[-76.61338,35.10415],[-76.62803,35.07334],[-76.77915,34.99033],[-76.86104,35.00498],[-77.07026,35.15464],[-76.97495,35.02519],[-76.89863,34.97026],[-76.74497,34.94097],[-76.45674,34.98936],[-76.36221,34.93652],[-76.4398,34.84292],[-76.5169,34.77725],[-76.61802,34.76992],[-76.70708,34.75215],[-76.7332,34.70698],[-76.79668,34.70415],[-76.8959,34.70146],[-77.04951,34.69736],[-77.13389,34.70791],[-77.25176,34.61563],[-77.29624,34.60293],[-77.3584,34.62026],[-77.38447,34.69438],[-77.41226,34.73081],[-77.41294,34.59214],[-77.40205,34.55479],[-77.37978,34.52661],[-77.51768,34.45137],[-77.64966,34.35752],[-77.69697,34.33198],[-77.75073,34.28496],[-77.86084,34.14917],[-77.88804,34.05015],[-77.92783,33.93975],[-77.93286,33.98945],[-77.92602,34.07314],[-77.95327,34.16899],[-77.97056,33.99341],[-78.01333,33.91182],[-78.40586,33.91758],[-78.57769,33.87324],[-78.84145,33.72407],[-78.92031,33.65869],[-79.13818,33.40591],[-79.1938,33.24414],[-79.23838,33.31216],[-79.22734,33.36318],[-79.22647,33.40488],[-79.28135,33.31543],[-79.22925,33.18516],[-79.27603,33.1354],[-79.41992,33.04253],[-79.49868,33.0273],[-79.58711,33.00088],[-79.61494,32.90928],[-79.73501,32.8248],[-79.80498,32.7874],[-79.9331,32.81006],[-79.89365,32.72871],[-79.94072,32.66714],[-80.02178,32.61992],[-80.12256,32.58911],[-80.18032,32.59287],[-80.22969,32.57651],[-80.26836,32.53735],[-80.36284,32.50073],[-80.46099,32.52134],[-80.57222,32.53369],[-80.63418,32.51172],[-80.53003,32.47539],[-80.47427,32.42275],[-80.48574,32.35181],[-80.51362,32.32441],[-80.57935,32.28731],[-80.6082,32.29282],[-80.62583,32.32627],[-80.64722,32.39595],[-80.67778,32.3811],[-80.68306,32.34863],[-80.70933,32.33706],[-80.80254,32.44805],[-80.7979,32.36338],[-80.76533,32.29834],[-80.73384,32.26533],[-80.70205,32.2459],[-80.69424,32.21572],[-80.75801,32.14219],[-80.79082,32.12583],[-80.84922,32.11392],[-80.88208,32.0686],[-80.87236,32.02959],[-80.92344,31.94492],[-81.04556,31.89204],[-81.08286,31.89409],[-81.11328,31.87861],[-81.09551,31.84092],[-81.06504,31.81348],[-81.06611,31.78799],[-81.09839,31.75337],[-81.16211,31.7437],[-81.1979,31.7042],[-81.18657,31.66694],[-81.16553,31.64614],[-81.16992,31.6103],[-81.24238,31.57432],[-81.25938,31.53892],[-81.22339,31.52847],[-81.1957,31.53892],[-81.17544,31.5313],[-81.2189,31.47212],[-81.25791,31.43604],[-81.29497,31.37119],[-81.38096,31.35327],[-81.37773,31.33232],[-81.32915,31.31377],[-81.28848,31.26392],[-81.36489,31.17188],[-81.4126,31.17944],[-81.44175,31.19971],[-81.46035,31.12705],[-81.45322,31.08828],[-81.47139,31.00903],[-81.50059,30.91377],[-81.52041,30.87466],[-81.51621,30.80181],[-81.50396,30.73145],[-81.45718,30.64077],[-81.38574,30.26997],[-81.33711,30.14121],[-81.24951,29.7938],[-81.10454,29.45698],[-80.9,29.04985],[-80.56431,28.5564],[-80.52412,28.48608],[-80.56782,28.42647],[-80.58115,28.3647],[-80.58496,28.27158],[-80.57285,28.18086],[-80.53315,28.07007],[-80.45688,27.90068],[-80.49956,27.93447],[-80.61001,28.17759],[-80.62285,28.32036],[-80.60693,28.5229],[-80.63286,28.51802],[-80.65391,28.4522],[-80.66548,28.3749],[-80.69351,28.34497],[-80.73174,28.46289],[-80.72905,28.51621],[-80.68848,28.57852],[-80.70024,28.60093],[-80.76592,28.63281],[-80.77988,28.68296],[-80.771,28.73247],[-80.80869,28.75894],[-80.83818,28.75767],[-80.81841,28.6356],[-80.78721,28.56065],[-80.74863,28.38101],[-80.68638,28.27217],[-80.6501,28.18091],[-80.22612,27.20703],[-80.12578,27.08301],[-80.08867,26.99395],[-80.05005,26.80772],[-80.04131,26.5686],[-80.1106,26.13159],[-80.12637,25.8335],[-80.13628,25.84263],[-80.14292,25.87402],[-80.15894,25.87832],[-80.21909,25.74175],[-80.30083,25.61856],[-80.32773,25.4271],[-80.36694,25.33125],[-80.48467,25.22983],[-80.55762,25.23242],[-80.73652,25.15635],[-80.86221,25.17617],[-81.01196,25.13325],[-81.1105,25.13804],[-81.16738,25.22852],[-81.15869,25.26899],[-81.13604,25.30967],[-81.09766,25.31914],[-80.96538,25.22432],[-80.94043,25.26421],[-80.98037,25.31167],[-81.05684,25.33814],[-81.11333,25.36724],[-81.22715,25.5834],[-81.34507,25.73184],[-81.36494,25.83105],[-81.56826,25.89155],[-81.71548,25.98315],[-81.81148,26.14609],[-81.86655,26.43501],[-81.93149,26.46748],[-81.95894,26.48994],[-81.89551,26.59717],[-81.82866,26.68706],[-81.88154,26.6647],[-81.92056,26.63144],[-81.97017,26.55205],[-82.0064,26.53984],[-82.0396,26.55205],[-82.07788,26.70435],[-82.06694,26.89155],[-82.01328,26.96157],[-82.0957,26.96343],[-82.1811,26.93677],[-82.1686,26.87437],[-82.18066,26.84009],[-82.24287,26.84888],[-82.29004,26.8708],[-82.35405,26.93574],[-82.44136,27.05967],[-82.62046,27.40107],[-82.65537,27.44922],[-82.7146,27.49961],[-82.68672,27.51528],[-82.63584,27.52456],[-82.52085,27.67827],[-82.43052,27.77114],[-82.40054,27.8354],[-82.40576,27.86289],[-82.4457,27.90283],[-82.49814,27.86792],[-82.52061,27.87788],[-82.57959,27.95845],[-82.63594,27.9812],[-82.6752,27.96377],[-82.63379,27.89775],[-82.59658,27.87324],[-82.61099,27.77725],[-82.62602,27.746],[-82.66089,27.71841],[-82.71533,27.7331],[-82.74287,27.70938],[-82.77529,27.73438],[-82.80757,27.77656],[-82.84351,27.846],[-82.74854,28.23682],[-82.66065,28.48584],[-82.65059,28.76992],[-82.64404,28.81201],[-82.65147,28.8875],[-82.76934,29.05156],[-83.29048,29.4519],[-83.69438,29.92598],[-84.04424,30.10381],[-84.30967,30.06475],[-84.35562,30.029],[-84.37534,29.98228],[-84.35869,29.92939],[-84.38281,29.90737],[-84.45405,29.91016],[-84.55,29.89785],[-84.80054,29.77305],[-84.88892,29.77764],[-84.96919,29.74531],[-85.0293,29.72109],[-85.18604,29.70791],[-85.31894,29.68023],[-85.37637,29.69522],[-85.41382,29.76758],[-85.41382,29.84248],[-85.38345,29.78506],[-85.33643,29.74014],[-85.31489,29.75811],[-85.30684,29.79785],[-85.35361,29.87573],[-85.5043,29.97578],[-85.67578,30.12192],[-85.62349,30.11709],[-85.61025,30.14839],[-85.66343,30.18945],[-85.64097,30.23691],[-85.60352,30.28677],[-85.67588,30.2793],[-85.74082,30.24439],[-85.74297,30.20127],[-85.75581,30.16699],[-85.79077,30.17197],[-85.85566,30.2144],[-86.17515,30.33252],[-86.45444,30.39912],[-86.24009,30.4291],[-86.12383,30.40581],[-86.13769,30.44155],[-86.16567,30.46426],[-86.25737,30.49302],[-86.37417,30.48208],[-86.44795,30.49561],[-86.52339,30.46709],[-86.60605,30.42471],[-86.67964,30.40288],[-86.96763,30.37236],[-87.20117,30.33926],[-87.16372,30.37422],[-87.12378,30.39668],[-86.98579,30.43086],[-86.96514,30.5019],[-86.99756,30.57031],[-87.03389,30.55391],[-87.07202,30.50044],[-87.1188,30.53897],[-87.1706,30.53877],[-87.18467,30.45371],[-87.25107,30.39668],[-87.28105,30.33926],[-87.47578,30.29429],[-87.50073,30.30928],[-87.44375,30.36382],[-87.44829,30.39414],[-87.51328,30.36811],[-87.62227,30.26475],[-88.00596,30.23091],[-87.98501,30.25439],[-87.904,30.25908],[-87.79028,30.2918],[-87.81328,30.34688],[-87.85713,30.40742],[-87.89761,30.41416],[-87.92432,30.44966],[-87.923,30.56152],[-87.94888,30.6269],[-88.01133,30.69419],[-88.03242,30.68125],[-88.07837,30.56621],[-88.11655,30.41533],[-88.13545,30.3666],[-88.24922,30.36318],[-88.3499,30.37349],[-88.69209,30.35537],[-88.81992,30.40649],[-88.87295,30.41631],[-88.90523,30.41514],[-89.05405,30.36826],[-89.22363,30.33237],[-89.26357,30.34365],[-89.32056,30.34531],[-89.44351,30.22314],[-89.58848,30.16597],[-89.95425,30.26875],[-90.04521,30.35142],[-90.12598,30.36909],[-90.22529,30.3793],[-90.33198,30.27759],[-90.41304,30.14033],[-90.28496,30.06509],[-90.17534,30.0291],[-89.99419,30.05928],[-89.89404,30.12588],[-89.81226,30.12368],[-89.77314,30.13721],[-89.73745,30.17197],[-89.66753,30.14453],[-89.66504,30.11704],[-89.7147,30.07832],[-89.77725,30.0457],[-89.81519,30.00727],[-89.7438,29.92983],[-89.63169,29.90381],[-89.5895,29.91504],[-89.56338,30.0021],[-89.49443,30.05815],[-89.40073,30.04604],[-89.41406,30.01089],[-89.40093,29.97769],[-89.35786,29.921],[-89.36279,29.83979],[-89.35444,29.82022],[-89.45542,29.78438],[-89.53066,29.77222],[-89.59087,29.72529],[-89.55933,29.69805],[-89.62065,29.67412],[-89.66211,29.68369],[-89.68296,29.67485],[-89.68921,29.64605],[-89.7209,29.61929],[-89.67481,29.53867],[-89.58032,29.48604],[-89.51367,29.42007],[-89.2457,29.3332],[-89.18076,29.33569],[-89.11685,29.24824],[-89.06533,29.21816],[-89.01572,29.20288],[-89.02139,29.14272],[-89.10952,29.09868],[-89.13335,29.04614],[-89.15552,29.0166],[-89.19526,29.054],[-89.23608,29.0811],[-89.33057,28.99868],[-89.37612,28.98135],[-89.35352,29.07022],[-89.38921,29.10503],[-89.44316,29.19414],[-89.52178,29.24927],[-89.57715,29.26753],[-89.62026,29.30239],[-89.67246,29.3165],[-89.71699,29.31289],[-89.79238,29.3332],[-89.79736,29.38061],[-89.81826,29.41611],[-89.87725,29.45801],[-90.15908,29.53716],[-90.16079,29.50439],[-90.14126,29.47974],[-90.10078,29.46333],[-90.05234,29.4314],[-90.05278,29.33682],[-90.07373,29.29678],[-90.08271,29.23975],[-90.10137,29.18179],[-90.13584,29.13608],[-90.21279,29.10493],[-90.24673,29.13101],[-90.30161,29.25581],[-90.3792,29.29512],[-90.50249,29.29976],[-90.58623,29.27153],[-90.67749,29.15064],[-90.75102,29.13086],[-91.00273,29.19351],[-91.29014,29.28897],[-91.28271,29.32075],[-91.2375,29.33096],[-91.15078,29.31792],[-91.15537,29.35068],[-91.24399,29.45732],[-91.26025,29.50547],[-91.24883,29.56421],[-91.27773,29.56289],[-91.33096,29.51357],[-91.51421,29.55537],[-91.5648,29.60532],[-91.67246,29.74609],[-91.82441,29.75068],[-91.89316,29.83603],[-92.01733,29.80029],[-92.08022,29.76074],[-92.1355,29.69946],[-92.11396,29.66768],[-92.05889,29.61719],[-92.08403,29.59282],[-92.26084,29.55684],[-92.67129,29.59707],[-92.79131,29.63467],[-92.95239,29.71416],[-93.17568,29.77895],[-93.2832,29.7894],[-93.38848,29.77656],[-93.69482,29.76992],[-93.76592,29.75269],[-93.82646,29.72515],[-93.86572,29.75561],[-93.88389,29.81001],[-93.84834,29.81885],[-93.80879,29.85083],[-93.7731,29.91406],[-93.76904,29.95229],[-93.79399,29.97725],[-93.84145,29.97974],[-93.94629,29.81499],[-93.88638,29.72266],[-93.89048,29.68935],[-94.09966,29.67041],[-94.57446,29.48452],[-94.75962,29.38428],[-94.75015,29.41802],[-94.52627,29.54795],[-94.60532,29.56782],[-94.73262,29.53535],[-94.77827,29.54785],[-94.72437,29.65527],[-94.74194,29.75],[-94.83232,29.75259],[-94.88989,29.67695],[-94.92988,29.68018],[-94.98228,29.7126],[-95.02285,29.70234],[-94.99282,29.53096],[-94.93589,29.46045],[-94.88828,29.37056],[-95.01831,29.25947],[-95.13906,29.16782],[-95.15215,29.07925],[-95.27349,28.96387],[-95.38765,28.89844],[-95.65586,28.74463],[-95.73237,28.71172],[-95.85342,28.64033],[-96.02041,28.58682],[-96.18052,28.50185],[-96.23452,28.48897],[-96.13228,28.56089],[-96.01104,28.63193],[-96.11504,28.62222],[-96.27534,28.65513],[-96.37344,28.65703],[-96.37412,28.6311],[-96.44873,28.59448],[-96.52603,28.64829],[-96.55972,28.68447],[-96.57568,28.71572],[-96.6085,28.72329],[-96.64004,28.70879],[-96.52466,28.48872],[-96.47549,28.4792],[-96.42109,28.45732],[-96.48882,28.40605],[-96.56172,28.36714],[-96.67637,28.34131],[-96.77353,28.42163],[-96.79458,28.32085],[-96.80688,28.22021],[-96.8395,28.19439],[-96.8916,28.15757],[-96.91987,28.18535],[-96.9333,28.22427],[-96.96665,28.18955],[-97.01548,28.16348],[-97.09605,28.15825],[-97.15649,28.14434],[-97.15508,28.10264],[-97.14126,28.06074],[-97.03433,28.09385],[-97.0731,27.98608],[-97.17144,27.87959],[-97.25156,27.85444],[-97.37412,27.87002],[-97.40439,27.85933],[-97.43149,27.83721],[-97.28872,27.6706],[-97.38047,27.41934],[-97.43911,27.32827],[-97.47979,27.3166],[-97.52388,27.31396],[-97.68213,27.39492],[-97.76846,27.45752],[-97.69238,27.28716],[-97.48511,27.2374],[-97.47451,27.17295],[-97.47568,27.11787],[-97.5165,27.05322],[-97.55469,26.96733],[-97.52651,26.90752],[-97.4938,26.75962],[-97.46582,26.69175],[-97.43506,26.48584],[-97.40234,26.39653],[-97.21392,26.06787],[-97.15039,26.06533],[-97.14019,26.02974],[-97.14624,25.96148],[-97.28179,25.9416],[-97.33867,25.91118],[-97.34976,25.88477],[-97.35815,25.87051],[-97.37564,25.87183],[-97.44028,25.89082],[-97.58726,25.98418],[-97.80142,26.04204],[-98.08281,26.06445],[-98.27505,26.11118],[-98.37812,26.18237],[-98.48589,26.22456],[-98.59829,26.23784],[-98.69141,26.27647],[-98.76523,26.34043],[-98.87319,26.38125],[-99.01528,26.39898],[-99.10776,26.44692],[-99.17207,26.56416],[-99.17236,26.56592],[-99.22993,26.76191],[-99.30244,26.88472],[-99.44356,27.03667],[-99.45649,27.05664],[-99.45654,27.05669],[-99.45771,27.08169],[-99.44023,27.17012],[-99.45513,27.23369],[-99.4998,27.2855],[-99.51006,27.34033],[-99.48584,27.39805],[-99.48428,27.46738],[-99.50532,27.54834],[-99.59531,27.63589],[-99.75425,27.72993],[-99.88965,27.86728],[-100.00142,28.04785],[-100.11196,28.17295],[-100.22129,28.24263],[-100.29605,28.32769],[-100.33628,28.42813],[-100.34815,28.48643],[-100.33174,28.50254],[-100.39893,28.61421],[-100.54971,28.82134],[-100.63633,28.9728],[-100.65864,29.06855],[-100.75459,29.18252],[-100.92412,29.3147],[-101.01631,29.40068],[-101.03862,29.4603],[-101.03897,29.4604],[-101.30352,29.63408],[-101.38037,29.74258],[-101.44038,29.77686],[-101.50928,29.77314],[-101.54463,29.78355],[-101.54639,29.80806],[-101.5687,29.80923],[-101.61162,29.78696],[-101.75234,29.78247],[-101.99092,29.7957],[-102.16309,29.82524],[-102.26895,29.87119],[-102.34307,29.86499],[-102.38564,29.80664],[-102.47627,29.76909],[-102.61494,29.75234],[-102.73418,29.64394],[-102.83398,29.44394],[-102.87783,29.31533],[-102.86567,29.25801],[-102.89199,29.21641],[-102.95684,29.19038],[-103.02285,29.13223],[-103.08999,29.0419],[-103.16831,28.99819],[-103.25772,29.00112],[-103.42295,29.0707],[-103.66397,29.20688],[-103.85293,29.29106],[-103.98975,29.32315],[-104.1106,29.38613],[-104.21553,29.47988],[-104.31221,29.54243],[-104.40063,29.57373],[-104.504,29.67769],[-104.62222,29.8543],[-104.68135,29.99053],[-104.68135,30.13437],[-104.83589,30.44766],[-104.91787,30.58335],[-104.97881,30.64595],[-105.09815,30.72056],[-105.27583,30.80728],[-105.51401,30.98076],[-105.8127,31.24102],[-106.02407,31.39775],[-106.14805,31.45093],[-106.25571,31.54468],[-106.34697,31.679],[-106.43604,31.76445],[-106.44541,31.76841],[-106.45322,31.77017],[-106.67305,31.77134],[-106.89287,31.77246],[-107.1127,31.77363],[-107.33252,31.77476],[-107.55234,31.77588],[-107.77222,31.77705],[-107.99204,31.77817],[-108.21182,31.77935],[-108.2125,31.66685],[-108.21318,31.55439],[-108.21382,31.44189],[-108.21445,31.32944],[-108.56787,31.32881],[-108.92134,31.32812],[-109.27476,31.32744],[-109.62822,31.32681],[-109.98164,31.32617],[-110.33511,31.32554],[-110.68852,31.32485],[-111.04199,31.32422],[-111.51621,31.47227],[-111.99048,31.62022],[-112.46475,31.76826],[-112.93896,31.91626],[-113.41318,32.06431],[-113.88745,32.21231],[-114.36172,32.3603],[-114.83594,32.5083],[-114.78799,32.56479],[-114.72476,32.71533],[-114.83906,32.70474],[-115.1252,32.6833],[-115.41138,32.66186],[-115.69751,32.64048],[-115.98369,32.61904],[-116.26982,32.59761],[-116.55596,32.57622],[-116.84209,32.55479],[-117.12827,32.53335],[-117.13047,32.53975],[-117.1374,32.64917],[-117.18374,32.68789],[-117.24346,32.66401],[-117.2707,32.80625],[-117.25576,32.87339],[-117.26299,32.93887],[-117.31885,33.10005],[-117.46743,33.29551],[-117.78853,33.53848],[-117.9521,33.61963],[-118.08052,33.72217],[-118.16191,33.75068],[-118.2644,33.75859],[-118.29419,33.71231],[-118.41045,33.74394],[-118.39297,33.8583],[-118.5062,34.01738],[-118.59883,34.03501],[-118.83203,34.02446],[-119.14375,34.11201],[-119.23584,34.16411],[-119.26768,34.25742],[-119.41367,34.33857],[-119.60605,34.41802],[-119.71318,34.39966],[-119.85332,34.41196],[-120.05298,34.46929],[-120.16953,34.47646],[-120.39648,34.45957],[-120.4812,34.47163],[-120.55981,34.5439],[-120.64468,34.57998],[-120.62671,34.66895],[-120.6376,34.74936],[-120.6249,34.81196],[-120.66304,34.94927],[-120.63359,35.07646],[-120.65908,35.12241],[-120.70703,35.15767],[-120.85737,35.20967],[-120.88486,35.27495],[-120.8603,35.36543],[-120.89961,35.4251],[-121.02285,35.48076],[-121.13794,35.60713],[-121.28384,35.67632],[-121.34385,35.79224],[-121.43374,35.86387],[-121.46499,35.92739],[-121.66436,36.15405],[-121.87739,36.33105],[-121.91016,36.43291],[-121.91865,36.57236],[-121.83516,36.65747],[-121.78999,36.73228],[-121.79453,36.80098],[-121.80742,36.85122],[-121.88066,36.93892],[-122.16421,36.99097],[-122.39492,37.20752],[-122.40845,37.37315],[-122.49922,37.54263],[-122.50044,37.65278],[-122.51421,37.77197],[-122.44561,37.798],[-122.38408,37.78852],[-122.39028,37.74106],[-122.36973,37.65586],[-122.29761,37.59185],[-122.22866,37.56392],[-122.16602,37.50166],[-122.11904,37.48281],[-122.07051,37.47827],[-122.09653,37.51821],[-122.12412,37.5438],[-122.15806,37.62647],[-122.22222,37.73203],[-122.296,37.79033],[-122.33345,37.89658],[-122.36548,37.92119],[-122.38545,37.9606],[-122.31426,38.00732],[-122.21704,38.04062],[-122.08672,38.04961],[-121.71685,38.03408],[-121.63809,38.06128],[-121.573,38.05239],[-121.52534,38.05591],[-121.62573,38.08394],[-121.68223,38.0748],[-121.74863,38.08047],[-121.88076,38.075],[-121.93418,38.08682],[-121.99312,38.12012],[-122.03149,38.12353],[-122.15376,38.06553],[-122.2083,38.07256],[-122.33711,38.13589],[-122.39336,38.14482],[-122.48389,38.10884],[-122.49492,37.95356],[-122.46689,37.83818],[-122.52134,37.82642],[-122.58418,37.87407],[-122.68071,37.90234],[-122.7604,37.94565],[-122.87295,38.02607],[-122.93198,38.05547],[-122.99878,37.98862],[-123.00146,38.01929],[-122.96816,38.09702],[-122.97759,38.22734],[-122.87681,38.12334],[-122.90815,38.19658],[-122.98652,38.2771],[-123.04619,38.30508],[-123.12114,38.44927],[-123.28975,38.53584],[-123.42481,38.67563],[-123.70112,38.90727],[-123.71953,39.11099],[-123.82031,39.36841],[-123.77778,39.51494],[-123.7835,39.6187],[-123.83291,39.77549],[-123.88447,39.86079],[-124.1085,40.09453],[-124.32402,40.25195],[-124.35654,40.37109],[-124.37168,40.49121],[-124.32451,40.5981],[-124.28369,40.71055],[-124.25391,40.74028],[-124.24233,40.72788],[-124.25059,40.70391],[-124.22002,40.69648],[-124.20845,40.74609],[-124.19023,40.77173],[-124.22251,40.77505],[-124.21919,40.79072],[-124.1999,40.82207],[-124.13311,40.96977],[-124.14004,41.15591],[-124.06851,41.38418],[-124.07192,41.45952],[-124.11768,41.62173],[-124.16323,41.71899],[-124.24463,41.78794],[-124.20874,41.88857],[-124.21167,41.98462],[-124.35527,42.1229],[-124.41001,42.30435],[-124.42051,42.38101],[-124.40615,42.58369],[-124.4438,42.67021],[-124.53965,42.81289],[-124.49858,42.93686],[-124.45444,43.01235],[-124.34658,43.34165],[-124.32061,43.36821],[-124.27549,43.36738],[-124.19692,43.42334],[-124.23315,43.43638],[-124.28799,43.40972],[-124.23921,43.54004],[-124.18438,43.65156],[-124.14873,43.69175],[-124.13066,44.05566],[-124.09917,44.33379],[-124.04746,44.42549],[-124.06543,44.52007],[-124.04453,44.64824],[-124.05918,44.77773],[-123.94858,45.40083],[-123.96309,45.47607],[-123.92935,45.57695],[-123.96123,45.84297],[-123.94712,46.14058],[-123.97524,46.17832],[-123.98931,46.21939],[-123.96294,46.22544],[-123.91167,46.18218],[-123.67363,46.18262],[-123.52163,46.22266],[-123.46636,46.20942],[-123.40229,46.15498],[-123.32158,46.14399],[-123.22061,46.15361],[-123.25132,46.16728],[-123.29868,46.17085],[-123.40474,46.221],[-123.46484,46.27109],[-123.65034,46.26772],[-123.68838,46.29985],[-123.8957,46.26777],[-123.95977,46.30073],[-124.07275,46.27944],[-124.04512,46.3729],[-124.0502,46.49053],[-124.04434,46.60508],[-124.01641,46.52139],[-123.94614,46.43257],[-123.9124,46.53335],[-123.88916,46.66001],[-123.95771,46.70869],[-124.07168,46.74477],[-124.11255,46.8627],[-123.84287,46.96318],[-123.98604,46.98447],[-124.04224,47.02969],[-124.11172,47.0352],[-124.1168,47.00034],[-124.13926,46.95469],[-124.16357,47.01533],[-124.17051,47.08667],[-124.19883,47.20855],[-124.30928,47.40459],[-124.37602,47.65864],[-124.46006,47.78423],[-124.62109,47.90415],[-124.66309,47.97412],[-124.70166,48.15166],[-124.67998,48.28589],[-124.70996,48.38037],[-124.63262,48.37505],[-124.42905,48.30078],[-124.17549,48.24243],[-124.09878,48.2],[-123.97578,48.16846],[-123.29443,48.11953],[-123.2499,48.12422],[-123.16187,48.15454],[-123.12441,48.15093],[-123.02422,48.08159],[-122.97388,48.07329],[-122.90889,48.0769],[-122.86089,48.09004],[-122.77861,48.1376],[-122.76753,48.12002],[-122.76909,48.07598],[-122.73975,48.01323],[-122.67949,47.93179],[-122.65664,47.88115],[-122.77842,47.73843],[-122.80176,47.73535],[-122.80537,47.78364],[-122.82139,47.79316],[-123.05063,47.55195],[-123.13106,47.43774],[-123.13906,47.38608],[-123.13633,47.35581],[-123.1042,47.34839],[-123.03091,47.36021],[-122.92217,47.40767],[-122.91689,47.41797],[-123.01821,47.40107],[-123.0668,47.39966],[-123.06016,47.45366],[-123.04863,47.47935],[-122.98247,47.55938],[-122.91289,47.60737],[-122.81406,47.65854],[-122.75713,47.70054],[-122.71787,47.76211],[-122.60815,47.8355],[-122.58789,47.85596],[-122.59268,47.91641],[-122.58574,47.92788],[-122.53281,47.91973],[-122.51079,47.81572],[-122.52393,47.76934],[-122.61841,47.71279],[-122.63018,47.69282],[-122.61362,47.61563],[-122.62827,47.60815],[-122.66431,47.61724],[-122.67549,47.61235],[-122.58584,47.52842],[-122.55742,47.46318],[-122.55356,47.40493],[-122.57788,47.29316],[-122.60391,47.27461],[-122.64863,47.28144],[-122.70771,47.31641],[-122.7209,47.30513],[-122.76777,47.21836],[-122.7833,47.22598],[-122.81255,47.32896],[-122.82847,47.33657],[-122.91953,47.28965],[-122.9562,47.24458],[-122.98765,47.17256],[-123.02759,47.13892],[-122.91416,47.13149],[-122.81196,47.146],[-122.72988,47.11182],[-122.70195,47.11089],[-122.62705,47.14424],[-122.60415,47.16699],[-122.54219,47.27559],[-122.51108,47.29502],[-122.46484,47.2958],[-122.42012,47.31211],[-122.35381,47.37158],[-122.35112,47.39522],[-122.37524,47.52837],[-122.36836,47.60391],[-122.38076,47.62783],[-122.4105,47.65264],[-122.40679,47.67676],[-122.38364,47.71646],[-122.38198,47.75234],[-122.40181,47.78428],[-122.39287,47.82056],[-122.33032,47.89863],[-122.31846,47.93306],[-122.24199,48.01074],[-122.26128,48.04204],[-122.31748,48.08018],[-122.35298,48.11382],[-122.38867,48.16636],[-122.41582,48.18394],[-122.42471,48.17593],[-122.38662,48.08994],[-122.39477,48.08413],[-122.49404,48.13047],[-122.51699,48.15967],[-122.52915,48.19932],[-122.52031,48.2291],[-122.46704,48.2585],[-122.40337,48.26919],[-122.40855,48.2939],[-122.48843,48.37432],[-122.54165,48.41094],[-122.58257,48.42866],[-122.63779,48.4333],[-122.6625,48.44639],[-122.66899,48.46523],[-122.65727,48.48999],[-122.62798,48.4979],[-122.54268,48.48799],[-122.49678,48.50557],[-122.50107,48.5375],[-122.5148,48.55518],[-122.51274,48.66943],[-122.54512,48.7623],[-122.56201,48.77798],[-122.58018,48.77959],[-122.59941,48.76709],[-122.65303,48.76387],[-122.68594,48.79429],[-122.72246,48.85303],[-122.78877,48.99302],[-122.68638,48.99302],[-122.26001,48.99302],[-121.83359,48.99302],[-121.40723,48.99302],[-120.98086,48.99302],[-120.55449,48.99302],[-120.12808,48.99302],[-119.70171,48.99302],[-119.27534,48.99307],[-118.84893,48.99307],[-118.42256,48.99307],[-117.99619,48.99307],[-117.56978,48.99307],[-117.14341,48.99307],[-116.71704,48.99307],[-116.29063,48.99307],[-115.86426,48.99307],[-115.43789,48.99307],[-115.01152,48.99307],[-114.58511,48.99307],[-114.15874,48.99307],[-113.73237,48.99307],[-113.30596,48.99307],[-112.87959,48.99307],[-112.45322,48.99307],[-112.02681,48.99307],[-111.60044,48.99307],[-111.17407,48.99307],[-110.74766,48.99307],[-110.32129,48.99307],[-109.89492,48.99307],[-109.46855,48.99307],[-109.04214,48.99312],[-108.61577,48.99312],[-108.1894,48.99312],[-107.76299,48.99312],[-107.33662,48.99312],[-106.91025,48.99312],[-106.48384,48.99312],[-106.05747,48.99312],[-105.6311,48.99312],[-105.20469,48.99312],[-104.77832,48.99312],[-104.35195,48.99312],[-103.92559,48.99312],[-103.49917,48.99312],[-103.0728,48.99312],[-102.64644,48.99312],[-102.22002,48.99312],[-101.79365,48.99312],[-101.36728,48.99312],[-100.94087,48.99312],[-100.5145,48.99312],[-100.08813,48.99312],[-99.66172,48.99312],[-99.23535,48.99312],[-98.80898,48.99316],[-98.38262,48.99316],[-97.9562,48.99316],[-97.52983,48.99316],[-97.10347,48.99316],[-96.67705,48.99316],[-96.25068,48.99316],[-95.82432,48.99316],[-95.3979,48.99316],[-95.16206,48.99175],[-95.15825,49.20308],[-95.15527,49.36968],[-94.93936,49.34941],[-94.8748,49.31904],[-94.85435,49.30459],[-94.8604,49.25859],[-94.84258,49.11919],[-94.80347,49.00293],[-94.71279,48.86343],[-94.71255,48.86299],[-94.70508,48.8085],[-94.67534,48.77441],[-94.6209,48.74263],[-94.41416,48.7041],[-94.05518,48.65903],[-93.85161,48.60728],[-93.80356,48.54893],[-93.70771,48.52544],[-93.56426,48.53691],[-93.46362,48.56128],[-93.37788,48.61655],[-93.25796,48.62886],[-93.15523,48.62534],[-93.05171,48.61987],[-92.99624,48.61182],[-92.83672,48.56777],[-92.73267,48.53184],[-92.58325,48.46509],[-92.50059,48.43535],[-92.46089,48.36587],[-92.4146,48.27661],[-92.34844,48.27661],[-92.29868,48.32891],[-92.17178,48.33838],[-92.00518,48.30186],[-91.8584,48.19756],[-91.64731,48.10459],[-91.51831,48.0583],[-91.38721,48.05855],[-91.22065,48.10459],[-91.04346,48.1937],[-90.91606,48.20913],[-90.84033,48.20054],[-90.79731,48.13106],[-90.74438,48.10459],[-90.60708,48.1126],[-90.32012,48.09917],[-90.0918,48.11812],[-90.03994,48.07817],[-89.99365,48.01533],[-89.90103,47.99546],[-89.77539,48.01533],[-89.55059,47.9999],[-89.45566,47.99624],[-89.27319,48.01997],[-89.18564,48.04741],[-89.0626,48.0938],[-88.89868,48.15571],[-88.61177,48.26401],[-88.37817,48.30308],[-88.16065,48.22539],[-87.98745,48.15689],[-87.92051,48.13037],[-87.7439,48.06055],[-87.49424,47.96177],[-87.20801,47.84849],[-86.92183,47.73521],[-86.67217,47.63643],[-86.49556,47.5666],[-86.42856,47.54009],[-86.23447,47.46006],[-86.04038,47.38003],[-85.84634,47.3],[-85.65225,47.21997],[-85.4582,47.13994],[-85.26411,47.05996],[-85.07007,46.97993],[-84.87598,46.8999],[-84.82705,46.76685],[-84.77939,46.6373],[-84.66577,46.54326],[-84.56177,46.45737],[-84.50156,46.46187],[-84.44048,46.49815],[-84.40171,46.51562],[-84.33672,46.51851],[-84.19219,46.54956],[-84.14946,46.54277],[-84.1252,46.52725],[-84.12319,46.50293],[-84.12812,46.48359],[-84.15049,46.44477],[-84.11519,46.3708],[-84.10776,46.28862],[-84.08838,46.22651],[-84.0292,46.14702],[-83.97778,46.08491],[-83.91304,46.0729],[-83.76318,46.10908],[-83.66929,46.12275],[-83.61597,46.11685],[-83.52476,46.05869],[-83.48013,46.02373],[-83.46948,45.99468],[-83.59268,45.81714],[-83.39731,45.72905],[-83.1793,45.63276],[-82.91934,45.51797],[-82.7604,45.4477],[-82.55107,45.34736],[-82.51523,45.20439],[-82.48506,45.08374],[-82.44658,44.91553],[-82.40737,44.74394],[-82.36826,44.573],[-82.32681,44.39155],[-82.28125,44.19224],[-82.24077,44.01533],[-82.19658,43.82222],[-82.13784,43.5709],[-82.19038,43.47407],[-82.30478,43.26323],[-82.4082,43.07266],[-82.41724,43.01738],[-82.48833,42.7395],[-82.54531,42.62471],[-82.64512,42.55806],[-82.74419,42.49346],[-82.86777,42.3852],[-83.00371,42.33174],[-83.07314,42.30029],[-83.10952,42.25068],[-83.14966,42.14194],[-83.14194,41.97588],[-83.02998,41.83296],[-82.86621,41.75303],[-82.69004,41.6752],[-82.43906,41.67485],[-82.21333,41.77871],[-81.97417,41.88872],[-81.76094,41.98682],[-81.50732,42.10347],[-81.27764,42.20918],[-81.02822,42.24717],[-80.68262,42.29976],[-80.24756,42.36602],[-80.03574,42.44145],[-79.76201,42.53896],[-79.44624,42.65147],[-79.17373,42.74853],[-79.03672,42.80234],[-78.93926,42.86372],[-78.91509,42.90913],[-78.92085,42.93521],[-78.946,42.96133],[-78.98076,42.98062],[-79.01167,42.99702],[-79.02617,43.01733],[-79.02905,43.06177],[-79.048,43.08731],[-79.06606,43.1061],[-79.05923,43.27808],[-79.08306,43.3314],[-79.17188,43.46655],[-79.00249,43.52715],[-78.84556,43.58335],[-78.72041,43.62495],[-78.45825,43.63149],[-78.21479,43.63066],[-77.87925,43.62954],[-77.59653,43.62861],[-77.2667,43.62749],[-77.07334,43.62685],[-76.81997,43.62881],[-76.69648,43.78481],[-76.58613,43.92432],[-76.4646,44.05762],[-76.24854,44.21411],[-76.18579,44.24224],[-76.15117,44.30396],[-76.02021,44.3626],[-75.87593,44.41699],[-75.81934,44.46802],[-75.79194,44.49707],[-75.40127,44.77227],[-75.17939,44.89937],[-74.99614,44.97012],[-74.85664,45.00391],[-74.76245,44.99907],[-74.70889,45.00386],[-74.66323,45.00391]]],[[[-72.58086,40.92134],[-72.5166,40.91479],[-72.46133,40.93379],[-72.40898,40.97217],[-72.28745,41.02407],[-72.18389,41.04678],[-72.15127,41.05147],[-72.1019,41.01504],[-72.00396,41.04429],[-71.90322,41.06069],[-72.33897,40.89414],[-72.42808,40.87539],[-72.55557,40.82578],[-72.67607,40.79062],[-72.76284,40.77783],[-73.19429,40.6542],[-73.22852,40.65151],[-73.26553,40.66357],[-73.6209,40.5999],[-73.76675,40.59273],[-73.89956,40.57051],[-73.80132,40.62178],[-73.79917,40.64097],[-73.82266,40.65596],[-73.8752,40.65161],[-73.929,40.59883],[-74.01489,40.5812],[-74.03203,40.63867],[-74.00337,40.68315],[-73.96455,40.72534],[-73.87925,40.79165],[-73.75723,40.83369],[-73.69522,40.87002],[-73.65225,40.83804],[-73.64282,40.88125],[-73.60977,40.9062],[-73.57383,40.91963],[-73.4874,40.91997],[-73.44087,40.92676],[-73.40723,40.94111],[-73.3727,40.9438],[-73.27817,40.92422],[-73.18584,40.92983],[-73.11128,40.95688],[-73.03379,40.96597],[-72.82881,40.97207],[-72.6251,40.99185],[-72.54365,41.027],[-72.37256,41.12554],[-72.27412,41.15303],[-72.42739,41.03852],[-72.50977,40.98604],[-72.58086,40.92134]]],[[[-68.24546,44.31299],[-68.30928,44.32148],[-68.30796,44.2687],[-68.31509,44.24971],[-68.38579,44.27685],[-68.41172,44.29434],[-68.40947,44.36426],[-68.34702,44.43037],[-68.29941,44.45649],[-68.23804,44.43838],[-68.19092,44.36436],[-68.18726,44.33247],[-68.24546,44.31299]]],[[[-74.23589,40.5187],[-74.18818,40.6146],[-74.10049,40.65845],[-74.06875,40.64932],[-74.06738,40.61543],[-74.07969,40.58648],[-74.13853,40.54185],[-74.18814,40.52285],[-74.23589,40.5187]]],[[[-70.7853,41.32744],[-70.8292,41.35898],[-70.7605,41.37358],[-70.67373,41.44853],[-70.61602,41.45723],[-70.52534,41.41479],[-70.50991,41.37632],[-70.7853,41.32744]]],[[[-71.29092,41.4646],[-71.34624,41.46939],[-71.31816,41.5063],[-71.30747,41.5605],[-71.28018,41.62002],[-71.26445,41.63823],[-71.23203,41.6543],[-71.24141,41.49194],[-71.29092,41.4646]]],[[[-70.05508,41.24946],[-70.23306,41.28633],[-70.08662,41.31758],[-70.0627,41.32847],[-70.0436,41.37441],[-70.04121,41.39746],[-69.9856,41.29863],[-69.97793,41.26558],[-70.05508,41.24946]]],[[[-75.65078,35.8356],[-75.71719,35.94614],[-75.64888,35.9104],[-75.63667,35.88066],[-75.63569,35.85591],[-75.65078,35.8356]]],[[[-75.67827,35.21284],[-75.69009,35.22158],[-75.53638,35.27861],[-75.48789,35.47949],[-75.48125,35.57212],[-75.5043,35.7354],[-75.50352,35.76914],[-75.47852,35.7165],[-75.45645,35.56416],[-75.46475,35.44863],[-75.50933,35.28032],[-75.54414,35.24009],[-75.67827,35.21284]]],[[[-75.96367,35.11885],[-75.98418,35.1231],[-75.86494,35.17412],[-75.78193,35.19019],[-75.96367,35.11885]]],[[[-76.52856,34.63149],[-76.43701,34.75635],[-76.2562,34.9147],[-76.20737,34.93892],[-76.35771,34.80366],[-76.50366,34.64297],[-76.52856,34.63149]]],[[[-82.07285,26.42754],[-82.14497,26.44668],[-82.18438,26.48096],[-82.20137,26.54805],[-82.13857,26.477],[-82.11606,26.46094],[-82.03721,26.45361],[-82.07285,26.42754]]],[[[-82.08521,26.4936],[-82.1356,26.59199],[-82.16914,26.70073],[-82.12114,26.66553],[-82.08379,26.55234],[-82.08521,26.4936]]],[[[-80.58057,24.95425],[-80.55854,25.00132],[-80.48105,25.10195],[-80.45601,25.14932],[-80.40366,25.17935],[-80.35493,25.23364],[-80.35127,25.29697],[-80.28047,25.34126],[-80.25708,25.34761],[-80.38184,25.14229],[-80.58057,24.95425]]],[[[-91.83086,29.48647],[-91.99624,29.5731],[-92.00664,29.6103],[-91.92505,29.64394],[-91.87524,29.64097],[-91.79648,29.59697],[-91.76768,29.58472],[-91.7543,29.56689],[-91.76191,29.53901],[-91.7937,29.50073],[-91.83086,29.48647]]],[[[-97.03603,27.89917],[-96.98765,27.98106],[-96.97866,28.01387],[-96.89932,28.11748],[-96.85742,28.13291],[-96.83975,28.08882],[-96.92134,28.01602],[-97.01435,27.90161],[-97.03603,27.89917]]],[[[-96.80112,28.14844],[-96.75562,28.20244],[-96.68164,28.22969],[-96.51934,28.33345],[-96.45312,28.34058],[-96.41865,28.37632],[-96.40356,28.38159],[-96.41333,28.33779],[-96.5439,28.27559],[-96.7644,28.15259],[-96.80112,28.14844]]],[[[-97.38481,27.24253],[-97.37622,27.32827],[-97.29502,27.5231],[-97.13003,27.77915],[-97.06055,27.82202],[-97.25088,27.54121],[-97.35361,27.30005],[-97.38481,27.24253]]],[[[-95.08965,29.13633],[-94.87168,29.29014],[-94.82598,29.34131],[-94.76763,29.33906],[-94.86494,29.25288],[-95.0397,29.1459],[-95.08965,29.13633]]],[[[-97.18452,26.11294],[-97.26733,26.32979],[-97.4021,26.82051],[-97.40718,27.10019],[-97.38599,27.19648],[-97.35122,26.80147],[-97.20225,26.2998],[-97.1707,26.15938],[-97.18452,26.11294]]],[[[-120.35972,34.02227],[-120.44155,34.03291],[-120.41294,34.0563],[-120.36772,34.07329],[-120.35332,34.0606],[-120.30659,34.02485],[-120.35972,34.02227]]],[[[-119.48252,33.21533],[-119.54365,33.22461],[-119.57519,33.27832],[-119.52515,33.28203],[-119.47881,33.27461],[-119.44204,33.23242],[-119.43804,33.21719],[-119.48252,33.21533]]],[[[-118.40859,32.81851],[-118.47319,32.83892],[-118.52891,32.9356],[-118.59019,33.01118],[-118.55708,33.03267],[-118.50747,32.95991],[-118.3832,32.84946],[-118.35039,32.82759],[-118.40859,32.81851]]],[[[-120.11392,33.90488],[-120.16714,33.91807],[-120.2519,34.01387],[-120.07183,34.02651],[-119.99438,33.98491],[-119.98394,33.97334],[-120.04355,33.91885],[-120.11392,33.90488]]],[[[-119.67886,34.02847],[-119.56914,34.05298],[-119.54927,34.02817],[-119.56221,34.00659],[-119.80957,33.96777],[-119.8855,33.99492],[-119.89243,34.03218],[-119.91807,34.06782],[-119.88237,34.07969],[-119.67886,34.02847]]],[[[-118.29746,33.31211],[-118.37022,33.32124],[-118.44629,33.31709],[-118.46934,33.35713],[-118.49204,33.41279],[-118.50732,33.427],[-118.55942,33.43198],[-118.56333,33.43706],[-118.56943,33.46416],[-118.55483,33.4771],[-118.3917,33.41509],[-118.34795,33.38574],[-118.29746,33.31211]]],[[[-122.76885,48.65098],[-122.80898,48.62983],[-122.8376,48.62656],[-122.88311,48.66065],[-122.90303,48.6647],[-122.88701,48.6123],[-122.89253,48.59448],[-122.98565,48.62671],[-123.00283,48.6522],[-122.97666,48.67915],[-122.91802,48.70698],[-122.89771,48.71035],[-122.78213,48.67271],[-122.76885,48.65098]]],[[[-122.98677,48.46802],[-123.09443,48.48906],[-123.13994,48.50796],[-123.15342,48.52632],[-123.16958,48.58672],[-123.16216,48.6064],[-123.11416,48.61328],[-123.02417,48.53848],[-123.01314,48.50088],[-122.98677,48.46802]]],[[[-122.52383,48.02544],[-122.50283,48.08008],[-122.36675,47.98545],[-122.3666,47.93882],[-122.38315,47.92319],[-122.41143,47.91772],[-122.4376,47.93135],[-122.46162,47.96401],[-122.49228,47.9813],[-122.55752,47.99248],[-122.59136,48.02964],[-122.60317,48.05503],[-122.6063,48.12856],[-122.62266,48.15142],[-122.65727,48.15649],[-122.69038,48.17388],[-122.7415,48.22529],[-122.74873,48.23901],[-122.72451,48.28091],[-122.66899,48.35102],[-122.62861,48.38423],[-122.60352,48.38061],[-122.57246,48.35957],[-122.53555,48.32119],[-122.54243,48.29399],[-122.69214,48.24106],[-122.69702,48.22866],[-122.62441,48.21377],[-122.59761,48.20044],[-122.57275,48.15664],[-122.52383,48.02544]]],[[[-71.39307,41.46675],[-71.40342,41.51504],[-71.38398,41.57056],[-71.36431,41.57183],[-71.35449,41.54228],[-71.36533,41.48525],[-71.39307,41.46675]]],[[[-74.25049,39.5294],[-74.25317,39.5585],[-74.10674,39.74644],[-74.1332,39.68076],[-74.25049,39.5294]]],[[[-75.37852,37.87207],[-75.22598,38.07231],[-75.1374,38.24009],[-75.0979,38.2981],[-75.13623,38.18052],[-75.20322,38.07241],[-75.33306,37.88828],[-75.37852,37.87207]]],[[[-76.56851,34.65254],[-76.60781,34.66357],[-76.66196,34.68467],[-76.67393,34.70015],[-76.62227,34.69453],[-76.54624,34.65488],[-76.56851,34.65254]]],[[[-81.3648,24.62993],[-81.37905,24.63628],[-81.37905,24.66626],[-81.42168,24.73262],[-81.42007,24.75],[-81.32231,24.68506],[-81.31982,24.66763],[-81.33481,24.65049],[-81.3648,24.62993]]],[[[-80.84834,24.80366],[-80.83887,24.81787],[-80.79941,24.84629],[-80.78521,24.83525],[-80.78677,24.82105],[-80.8294,24.80366],[-80.84834,24.80366]]],[[[-80.66514,24.89844],[-80.62568,24.94111],[-80.6146,24.93794],[-80.63828,24.90317],[-80.66514,24.89844]]],[[[-81.08999,24.69311],[-81.13735,24.7105],[-81.08525,24.73418],[-80.93047,24.75947],[-80.98892,24.72788],[-81.04419,24.7168],[-81.08999,24.69311]]],[[[-81.46348,30.72778],[-81.48271,30.81406],[-81.48462,30.89785],[-81.45093,30.94741],[-81.41899,30.97144],[-81.46348,30.72778]]],[[[-81.63149,24.59004],[-81.57925,24.62939],[-81.5623,24.68916],[-81.53164,24.64248],[-81.53223,24.61416],[-81.5667,24.5999],[-81.63149,24.59004]]],[[[-80.17051,27.20479],[-80.26245,27.37559],[-80.37607,27.64341],[-80.43691,27.85054],[-80.39575,27.79453],[-80.35552,27.67861],[-80.18677,27.27842],[-80.17051,27.20479]]],[[[-81.80923,24.54233],[-81.81143,24.55781],[-81.76768,24.57671],[-81.73867,24.57544],[-81.73975,24.55449],[-81.78384,24.54458],[-81.80923,24.54233]]],[[[-88.9436,29.66025],[-88.94111,29.68023],[-88.90117,29.73262],[-88.87266,29.75298],[-88.88931,29.7126],[-88.9436,29.66025]]],[[[-88.57065,30.20479],[-88.65923,30.22559],[-88.71309,30.24492],[-88.72285,30.26426],[-88.57398,30.22915],[-88.5581,30.21592],[-88.57065,30.20479]]],[[[-88.15933,30.23091],[-88.28975,30.23291],[-88.31626,30.24043],[-88.26392,30.25474],[-88.10938,30.27373],[-88.07134,30.25234],[-88.15933,30.23091]]],[[[-89.22046,30.0376],[-89.26943,30.06074],[-89.34199,30.06284],[-89.31006,30.07871],[-89.28765,30.09419],[-89.27647,30.11084],[-89.18467,30.16865],[-89.21069,30.12622],[-89.22397,30.08408],[-89.22046,30.0376]]],[[[-88.85566,29.77588],[-88.82798,29.92837],[-88.86689,30.05674],[-88.82588,30.00039],[-88.8126,29.93335],[-88.82744,29.80772],[-88.85566,29.77588]]],[[[-85.00825,29.60664],[-85.11675,29.63281],[-85.04932,29.63779],[-85.00054,29.6272],[-84.877,29.67866],[-84.81221,29.71763],[-84.73716,29.73242],[-84.90791,29.64263],[-85.00825,29.60664]]],[[[-122.8626,47.18506],[-122.87676,47.18613],[-122.90796,47.22612],[-122.91191,47.25435],[-122.88511,47.27471],[-122.84917,47.21631],[-122.85308,47.20474],[-122.8626,47.18506]]],[[[-122.39873,47.37251],[-122.43711,47.35478],[-122.45698,47.35933],[-122.4582,47.38613],[-122.46855,47.39023],[-122.50991,47.35801],[-122.50684,47.42168],[-122.48647,47.48877],[-122.4686,47.48999],[-122.44209,47.44614],[-122.39414,47.39526],[-122.39873,47.37251]]],[[[-122.50264,47.57544],[-122.55781,47.59829],[-122.57593,47.61948],[-122.57373,47.66685],[-122.56011,47.69775],[-122.54976,47.70396],[-122.51724,47.69058],[-122.50786,47.68267],[-122.49727,47.59458],[-122.50264,47.57544]]],[[[-122.83657,48.42153],[-122.89004,48.43467],[-122.92163,48.45693],[-122.93228,48.48477],[-122.91221,48.53799],[-122.8855,48.55161],[-122.8689,48.54863],[-122.86191,48.50185],[-122.8146,48.45234],[-122.8209,48.43135],[-122.83657,48.42153]]],[[[-68.66118,44.17627],[-68.70171,44.18267],[-68.70303,44.23198],[-68.69077,44.24873],[-68.67676,44.2562],[-68.65596,44.24233],[-68.62319,44.19604],[-68.66118,44.17627]]]]}},{"type":"Feature","properties":{"kind":"land","name":"バミューダ諸島","country":"BMU"},"geometry":{"type":"Polygon","coordinates":[[[-64.82012,32.25962],[-64.84507,32.2623],[-64.86284,32.27388],[-64.77119,32.30772],[-64.69463,32.38691],[-64.66831,32.38193],[-64.73027,32.29346],[-64.82012,32.25962]]]}},{"type":"Feature","properties":{"kind":"land","name":"メキシコ","country":"MEX"},"geometry":{"type":"MultiPolygon","coordinates":[[[[-116.84209,32.55479],[-116.55596,32.57622],[-116.26982,32.59761],[-115.98369,32.61904],[-115.69751,32.64048],[-115.41138,32.66186],[-115.1252,32.6833],[-114.83906,32.70474],[-114.72476,32.71533],[-114.78799,32.56479],[-114.83594,32.5083],[-114.36172,32.3603],[-113.88745,32.21231],[-113.41318,32.06431],[-112.93896,31.91626],[-112.46475,31.76826],[-111.99048,31.62022],[-111.51621,31.47227],[-111.04199,31.32422],[-110.68852,31.32485],[-110.33511,31.32554],[-109.98164,31.32617],[-109.62822,31.32681],[-109.27476,31.32744],[-108.92134,31.32812],[-108.56787,31.32881],[-108.21445,31.32944],[-108.21382,31.44189],[-108.21318,31.55439],[-108.2125,31.66685],[-108.21182,31.77935],[-107.99204,31.77817],[-107.77222,31.77705],[-107.55234,31.77588],[-107.33252,31.77476],[-107.1127,31.77363],[-106.89287,31.77246],[-106.67305,31.77134],[-106.45322,31.77017],[-106.44541,31.76841],[-106.43604,31.76445],[-106.34697,31.679],[-106.25571,31.54468],[-106.14805,31.45093],[-106.02407,31.39775],[-105.8127,31.24102],[-105.51401,30.98076],[-105.27583,30.80728],[-105.09815,30.72056],[-104.97881,30.64595],[-104.91787,30.58335],[-104.83589,30.44766],[-104.68135,30.13437],[-104.68135,29.99053],[-104.62222,29.8543],[-104.504,29.67769],[-104.40063,29.57373],[-104.31221,29.54243],[-104.21553,29.47988],[-104.1106,29.38613],[-103.98975,29.32315],[-103.85293,29.29106],[-103.66397,29.20688],[-103.42295,29.0707],[-103.25772,29.00112],[-103.16831,28.99819],[-103.08999,29.0419],[-103.02285,29.13223],[-102.95684,29.19038],[-102.89199,29.21641],[-102.86567,29.25801],[-102.87783,29.31533],[-102.83398,29.44394],[-102.73418,29.64394],[-102.61494,29.75234],[-102.47627,29.76909],[-102.38564,29.80664],[-102.34307,29.86499],[-102.26895,29.87119],[-102.16309,29.82524],[-101.99092,29.7957],[-101.75234,29.78247],[-101.61162,29.78696],[-101.5687,29.80923],[-101.54639,29.80806],[-101.54463,29.78355],[-101.50928,29.77314],[-101.44038,29.77686],[-101.38037,29.74258],[-101.30352,29.63408],[-101.03897,29.4604],[-101.03862,29.4603],[-101.01631,29.40068],[-100.92412,29.3147],[-100.75459,29.18252],[-100.65864,29.06855],[-100.63633,28.9728],[-100.54971,28.82134],[-100.39893,28.61421],[-100.33174,28.50254],[-100.34815,28.48643],[-100.33628,28.42813],[-100.29605,28.32769],[-100.22129,28.24263],[-100.11196,28.17295],[-100.00142,28.04785],[-99.88965,27.86728],[-99.75425,27.72993],[-99.59531,27.63589],[-99.50532,27.54834],[-99.48428,27.46738],[-99.48584,27.39805],[-99.51006,27.34033],[-99.4998,27.2855],[-99.45513,27.23369],[-99.44023,27.17012],[-99.45771,27.08169],[-99.45654,27.05669],[-99.45649,27.05664],[-99.44356,27.03667],[-99.30244,26.88472],[-99.22993,26.76191],[-99.17236,26.56592],[-99.17207,26.56416],[-99.10776,26.44692],[-99.01528,26.39898],[-98.87319,26.38125],[-98.76523,26.34043],[-98.69141,26.27647],[-98.59829,26.23784],[-98.48589,26.22456],[-98.37812,26.18237],[-98.27505,26.11118],[-98.08281,26.06445],[-97.80142,26.04204],[-97.58726,25.98418],[-97.44028,25.89082],[-97.37564,25.87183],[-97.35815,25.87051],[-97.34976,25.88477],[-97.33867,25.91118],[-97.28179,25.9416],[-97.14624,25.96148],[-97.16445,25.75493],[-97.2249,25.58545],[-97.42407,25.2331],[-97.50708,25.01455],[-97.66768,24.38999],[-97.71704,23.98062],[-97.72861,23.78794],[-97.74268,23.76065],[-97.72739,23.73223],[-97.76587,23.30615],[-97.74522,22.94238],[-97.75835,22.88603],[-97.8167,22.77632],[-97.85781,22.62451],[-97.8416,22.55708],[-97.84248,22.5103],[-97.78237,22.2793],[-97.76328,22.10586],[-97.69972,22.0],[-97.73735,22.0],[-97.75381,22.02666],[-97.74648,22.0],[-105.64899,22.0],[-105.64551,22.3269],[-105.7918,22.62749],[-105.94336,22.777],[-106.02173,22.82905],[-106.23457,23.06094],[-106.40225,23.19561],[-106.5665,23.44946],[-106.72876,23.61069],[-106.9355,23.88125],[-107.08486,24.01611],[-107.76494,24.47192],[-107.72661,24.47192],[-107.52725,24.36006],[-107.4937,24.36939],[-107.48892,24.42397],[-107.51191,24.48916],[-107.54888,24.50478],[-107.602,24.49014],[-107.67368,24.50356],[-107.70952,24.52505],[-107.8167,24.53901],[-107.95117,24.61489],[-108.00879,24.69355],[-108.01509,24.7834],[-108.20767,24.9748],[-108.28076,25.08154],[-108.24331,25.07368],[-108.19204,25.03066],[-108.14009,25.01841],[-108.07964,25.01807],[-108.03569,25.03535],[-108.05146,25.06704],[-108.09282,25.09351],[-108.37368,25.19434],[-108.46626,25.26514],[-108.69639,25.38291],[-108.75098,25.42422],[-108.78726,25.53804],[-108.8436,25.54331],[-108.89316,25.51157],[-109.02881,25.48047],[-109.06348,25.5167],[-109.06846,25.55156],[-108.97275,25.58848],[-108.88486,25.69605],[-108.88657,25.73345],[-108.93516,25.69028],[-109.00835,25.64199],[-109.08408,25.61504],[-109.19648,25.59253],[-109.25396,25.60879],[-109.3043,25.63315],[-109.38496,25.72715],[-109.42563,26.03257],[-109.35415,26.13848],[-109.27065,26.24311],[-109.19971,26.30523],[-109.15879,26.25835],[-109.1167,26.25273],[-109.14634,26.30571],[-109.21602,26.35527],[-109.24062,26.40469],[-109.24326,26.44995],[-109.27627,26.53389],[-109.48286,26.71035],[-109.67607,26.69683],[-109.75478,26.70293],[-109.82837,26.77012],[-109.89092,26.8834],[-109.92173,26.97817],[-109.92563,27.02866],[-109.94399,27.07935],[-110.27715,27.16221],[-110.3773,27.2333],[-110.47778,27.32266],[-110.51938,27.3956],[-110.56064,27.45015],[-110.59268,27.54434],[-110.61548,27.65391],[-110.57827,27.79565],[-110.52988,27.86421],[-110.75903,27.91519],[-110.84863,27.91758],[-110.9208,27.88887],[-110.98608,27.92598],[-111.12139,27.96699],[-111.28242,28.11523],[-111.47168,28.38398],[-111.68008,28.47056],[-111.74722,28.56396],[-111.83242,28.64814],[-111.90703,28.75249],[-111.9186,28.7979],[-111.94082,28.82319],[-112.04487,28.8959],[-112.16177,29.0189],[-112.19204,29.11797],[-112.22349,29.26948],[-112.30142,29.3229],[-112.37822,29.34771],[-112.39321,29.41973],[-112.38867,29.46011],[-112.41455,29.53643],[-112.5729,29.71953],[-112.65313,29.87007],[-112.69717,29.91685],[-112.73838,29.98545],[-112.75923,30.12568],[-112.8248,30.30015],[-112.95176,30.51001],[-113.05767,30.65103],[-113.11045,30.79331],[-113.08701,30.93809],[-113.10498,31.0272],[-113.1186,31.0481],[-113.10796,31.07729],[-113.0728,31.06089],[-113.04292,31.08701],[-113.04673,31.17925],[-113.08364,31.20718],[-113.18618,31.23604],[-113.23144,31.25596],[-113.48081,31.2936],[-113.62349,31.3459],[-113.63301,31.46763],[-113.69995,31.52334],[-113.75942,31.55776],[-113.94775,31.62935],[-113.97749,31.59273],[-114.00269,31.52515],[-114.08091,31.51035],[-114.14932,31.50737],[-114.26406,31.55444],[-114.54868,31.73354],[-114.60879,31.76226],[-114.69761,31.77744],[-114.74131,31.80649],[-114.93359,31.90073],[-114.89507,31.85064],[-114.8395,31.79854],[-114.78989,31.64712],[-114.84815,31.53794],[-114.88188,31.1564],[-114.84468,31.08047],[-114.76104,30.95874],[-114.70337,30.76519],[-114.68545,30.62119],[-114.6333,30.50689],[-114.64976,30.23813],[-114.62993,30.1563],[-114.55049,30.02227],[-114.40342,29.89648],[-114.37261,29.83022],[-114.1792,29.73433],[-114.06191,29.60952],[-113.82895,29.43945],[-113.75547,29.36748],[-113.54531,29.10225],[-113.53848,29.02339],[-113.49971,28.92671],[-113.38184,28.94668],[-113.32891,28.87305],[-113.33501,28.83906],[-113.3207,28.81313],[-113.25889,28.81885],[-113.20557,28.79878],[-113.09365,28.51177],[-113.03359,28.47261],[-112.95664,28.45586],[-112.87085,28.42422],[-112.86523,28.35064],[-112.86846,28.29199],[-112.7957,28.20713],[-112.80806,28.09219],[-112.74932,27.99487],[-112.7582,27.90064],[-112.73403,27.82598],[-112.55264,27.65747],[-112.3292,27.52344],[-112.28262,27.34746],[-112.19146,27.18667],[-112.09815,27.14595],[-112.00396,27.0791],[-112.01558,27.00972],[-112.00908,26.96709],[-111.88315,26.84019],[-111.86265,26.67852],[-111.754,26.5727],[-111.72339,26.5644],[-111.69941,26.58096],[-111.77852,26.68726],[-111.81685,26.75625],[-111.82178,26.86509],[-111.79526,26.87969],[-111.56968,26.70762],[-111.5459,26.5792],[-111.47017,26.50664],[-111.4645,26.40845],[-111.41851,26.34995],[-111.40459,26.26504],[-111.33213,26.12544],[-111.33037,25.93135],[-111.2916,25.7898],[-111.14956,25.57261],[-111.03442,25.52695],[-111.01362,25.42031],[-110.89395,25.14424],[-110.75566,24.99458],[-110.68677,24.86768],[-110.67725,24.78852],[-110.729,24.67153],[-110.73452,24.58984],[-110.65933,24.34145],[-110.54697,24.21416],[-110.42148,24.1834],[-110.39966,24.16514],[-110.40962,24.13096],[-110.36743,24.10049],[-110.31997,24.13945],[-110.29683,24.19487],[-110.3209,24.25918],[-110.3251,24.30596],[-110.30376,24.33945],[-110.26289,24.34453],[-110.0228,24.17461],[-109.98252,24.10938],[-109.89316,24.03301],[-109.81133,23.93901],[-109.77598,23.86489],[-109.71055,23.80381],[-109.67656,23.66157],[-109.50962,23.5979],[-109.42085,23.48013],[-109.41499,23.40557],[-109.45806,23.21475],[-109.4957,23.15981],[-109.63047,23.07866],[-109.72842,22.98184],[-109.82305,22.92217],[-109.92344,22.88589],[-110.00625,22.89404],[-110.08603,23.00547],[-110.18062,23.3415],[-110.24409,23.41226],[-110.28877,23.51768],[-110.3627,23.60493],[-110.62998,23.7373],[-110.76489,23.877],[-110.89556,23.97026],[-111.03618,24.10527],[-111.41934,24.329],[-111.57822,24.44302],[-111.68291,24.55581],[-111.75039,24.55415],[-111.80249,24.54253],[-111.82227,24.57339],[-111.82519,24.63179],[-111.84824,24.67007],[-112.07256,24.84004],[-112.11904,24.93403],[-112.12852,25.04312],[-112.07798,25.32398],[-112.05576,25.48823],[-112.06987,25.57285],[-112.09336,25.58438],[-112.1146,25.63037],[-112.11978,25.76553],[-112.17383,25.9126],[-112.37725,26.21392],[-112.52607,26.27349],[-112.6584,26.31675],[-113.02075,26.58325],[-113.11924,26.7165],[-113.14321,26.79219],[-113.15581,26.94624],[-113.20576,26.85698],[-113.27227,26.79097],[-113.42588,26.7958],[-113.59853,26.72129],[-113.70127,26.79136],[-113.75664,26.87085],[-113.84097,26.9665],[-113.93594,26.98525],[-113.99648,26.98769],[-114.11006,27.10596],[-114.20185,27.14351],[-114.3334,27.15801],[-114.44526,27.21816],[-114.47969,27.28359],[-114.49829,27.37622],[-114.53989,27.4311],[-114.71563,27.53955],[-114.85874,27.65918],[-114.99351,27.73604],[-115.0332,27.79888],[-115.03647,27.84185],[-114.82354,27.82993],[-114.57002,27.78394],[-114.44849,27.79688],[-114.3727,27.84121],[-114.30059,27.873],[-114.28906,27.83857],[-114.30225,27.77573],[-114.23267,27.71812],[-114.13721,27.67144],[-114.06934,27.67568],[-114.13506,27.72661],[-114.17539,27.83057],[-114.15732,27.86797],[-114.1584,27.91968],[-114.25264,27.90801],[-114.26587,27.93447],[-114.18525,28.01328],[-114.09273,28.22134],[-114.04849,28.42617],[-114.14551,28.60542],[-114.30923,28.72993],[-114.66401,29.09458],[-114.87593,29.28188],[-114.9373,29.35161],[-114.99351,29.38442],[-115.16636,29.42725],[-115.31118,29.53193],[-115.56528,29.68003],[-115.67383,29.7564],[-115.74868,29.93574],[-115.8083,29.9602],[-115.78955,30.08418],[-115.81562,30.30361],[-115.8582,30.35981],[-115.9958,30.41445],[-116.02856,30.56357],[-116.03535,30.70547],[-116.06216,30.80415],[-116.29629,30.97051],[-116.30962,31.05098],[-116.30967,31.12734],[-116.33345,31.20278],[-116.4585,31.36099],[-116.60957,31.49907],[-116.66216,31.56489],[-116.66846,31.69863],[-116.72207,31.73457],[-116.70171,31.74365],[-116.6521,31.74033],[-116.62388,31.75801],[-116.6208,31.85107],[-116.848,31.99736],[-116.91367,32.19853],[-117.03477,32.30503],[-117.06314,32.3436],[-117.12827,32.53335],[-116.84209,32.55479]]],[[[-110.53887,24.89155],[-110.59019,24.90806],[-110.65742,24.96885],[-110.70342,25.04663],[-110.69927,25.08144],[-110.69023,25.08784],[-110.59521,25.04214],[-110.56738,25.00347],[-110.53887,24.89155]]],[[[-113.16279,29.03477],[-113.26475,29.09673],[-113.49634,29.30762],[-113.58061,29.41323],[-113.59439,29.4627],[-113.58721,29.57305],[-113.50796,29.55991],[-113.41592,29.48594],[-113.37583,29.41748],[-113.37383,29.33892],[-113.20215,29.30185],[-113.17793,29.13193],[-113.15561,29.05225],[-113.16279,29.03477]]],[[[-115.18428,28.03726],[-115.35293,28.10395],[-115.2604,28.22056],[-115.27397,28.34277],[-115.23355,28.36836],[-115.19697,28.32788],[-115.14853,28.17212],[-115.1706,28.06939],[-115.18428,28.03726]]],[[[-112.27842,28.76934],[-112.35527,28.77314],[-112.51406,28.84761],[-112.53101,28.89399],[-112.46982,29.16773],[-112.42354,29.20366],[-112.28506,29.24043],[-112.26343,29.20679],[-112.24873,29.12598],[-112.20308,29.00532],[-112.27842,28.76934]]],[[[-118.2855,28.90376],[-118.4001,29.1123],[-118.40137,29.16274],[-118.36782,29.1876],[-118.3123,29.18286],[-118.31206,29.13052],[-118.26553,29.08643],[-118.24736,29.04336],[-118.24277,28.94194],[-118.2855,28.90376]]],[[[-109.82676,24.14756],[-109.87793,24.20063],[-109.90049,24.33091],[-109.89033,24.34482],[-109.7938,24.1834],[-109.7956,24.16357],[-109.80508,24.15107],[-109.82676,24.14756]]],[[[-114.72725,31.70137],[-114.78921,31.74741],[-114.78457,31.7898],[-114.77109,31.79409],[-114.70908,31.75689],[-114.68794,31.72422],[-114.69414,31.70562],[-114.72725,31.70137]]],[[[-111.08774,25.98452],[-111.09443,25.97407],[-111.13525,25.99917],[-111.20449,25.84971],[-111.22466,25.83589],[-111.18291,26.04062],[-111.13926,26.06982],[-111.09087,26.07568],[-111.10029,26.0206],[-111.08774,25.98452]]],[[[-111.71231,24.34639],[-112.01328,24.5334],[-111.94087,24.55112],[-111.85684,24.53799],[-111.69888,24.3936],[-111.71231,24.34639]]],[[[-112.07734,24.53457],[-112.16289,24.65029],[-112.17549,24.72959],[-112.2105,24.76313],[-112.29678,24.78965],[-112.22231,24.95112],[-112.15942,25.28564],[-112.13169,25.22436],[-112.19839,24.88545],[-112.19502,24.84106],[-112.16377,24.79966],[-112.13022,24.72959],[-112.12627,24.654],[-112.06748,24.58364],[-112.05728,24.5457],[-112.07734,24.53457]]]]}},{"type":"Feature","properties":{"kind":"land","name":"キューバ","country":"CUB"},"geometry":{"type":"MultiPolygon","coordinates":[[[[-81.57544,23.1165],[-81.36362,23.12969],[-81.26235,23.15684],[-81.27163,23.12861],[-81.17861,23.05967],[-81.14463,23.05493],[-81.00767,23.08984],[-80.65015,23.10308],[-80.61343,23.08374],[-80.55049,23.0166],[-80.45923,22.975],[-80.36489,22.94341],[-80.26616,22.93496],[-80.16763,22.94937],[-80.07524,22.94233],[-79.95991,22.8769],[-79.92354,22.86914],[-79.82026,22.88701],[-79.85073,22.8272],[-79.67666,22.74307],[-79.54922,22.57778],[-79.45649,22.50986],[-79.3583,22.44893],[-79.27568,22.40762],[-79.18301,22.38789],[-78.9019,22.396],[-78.83545,22.39092],[-78.77598,22.36733],[-78.71924,22.35806],[-78.68648,22.36685],[-78.14311,22.10942],[-78.0057,22.0],[-80.36527,22.0],[-80.39292,22.03374],[-80.48545,22.12344],[-80.48481,22.08716],[-80.49907,22.06352],[-80.96191,22.05288],[-81.03565,22.07358],[-81.08311,22.09795],[-81.11665,22.13423],[-81.14141,22.20693],[-81.1855,22.26797],[-81.19956,22.20293],[-81.22241,22.14292],[-81.28437,22.10942],[-81.35527,22.1041],[-81.44111,22.18379],[-81.81621,22.2002],[-81.84941,22.21367],[-81.97261,22.29087],[-82.07773,22.3877],[-81.97305,22.42183],[-81.75708,22.46675],[-81.71035,22.49668],[-81.68325,22.53481],[-81.70273,22.5919],[-81.74565,22.63291],[-81.78989,22.65703],[-81.83882,22.67246],[-81.90342,22.679],[-82.73804,22.68926],[-82.78638,22.65835],[-82.86123,22.59512],[-83.00942,22.51401],[-83.10713,22.42988],[-83.14375,22.38648],[-83.1894,22.35542],[-83.29214,22.30322],[-83.37964,22.223],[-83.48594,22.18711],[-83.54404,22.20894],[-83.60151,22.20874],[-83.64307,22.18896],[-83.68662,22.17993],[-83.90073,22.17012],[-83.93272,22.14966],[-83.96333,22.09209],[-83.99188,22.0],[-84.61109,22.0],[-84.53276,22.03115],[-84.49424,22.0416],[-84.43306,22.0313],[-84.37314,22.03594],[-84.32637,22.07432],[-84.38301,22.25557],[-84.36128,22.37891],[-84.28135,22.47422],[-84.12178,22.61856],[-84.04492,22.66602],[-83.25781,22.96758],[-83.17725,22.98301],[-82.66582,23.04356],[-82.58779,23.06455],[-82.35054,23.15395],[-82.10137,23.19043],[-81.83745,23.16304],[-81.57544,23.1165]]],[[[-77.9,22.03716],[-77.91855,22.08809],[-77.85474,22.09194],[-77.77441,22.08296],[-77.63369,22.054],[-77.64524,22.0],[-77.84201,22.0],[-77.9,22.03716]]],[[[-78.04751,22.26851],[-78.10166,22.30576],[-78.18003,22.32197],[-78.22612,22.37998],[-78.27002,22.40225],[-78.27353,22.42358],[-78.20098,22.43765],[-78.15059,22.43149],[-78.09414,22.38721],[-78.06167,22.30591],[-78.0271,22.28516],[-78.04751,22.26851]]],[[[-78.49287,22.53105],[-78.44531,22.54375],[-78.39956,22.54746],[-78.35122,22.53862],[-78.28389,22.45547],[-78.34302,22.44512],[-78.38994,22.44512],[-78.42456,22.46011],[-78.54766,22.46401],[-78.629,22.48818],[-78.67363,22.50884],[-78.69551,22.53398],[-78.63013,22.55225],[-78.49287,22.53105]]],[[[-77.91235,22.12471],[-78.01191,22.16641],[-78.04165,22.20127],[-78.00669,22.248],[-77.99922,22.29873],[-77.98565,22.3021],[-77.96958,22.24067],[-77.89365,22.21455],[-77.88911,22.20107],[-77.84248,22.14898],[-77.8794,22.12754],[-77.91235,22.12471]]],[[[-79.3479,22.6377],[-79.52275,22.71113],[-79.59785,22.78765],[-79.62817,22.80523],[-79.57915,22.80674],[-79.38218,22.68135],[-79.34956,22.66392],[-79.3479,22.6377]]]]}},{"type":"Feature","properties":{"kind":"land","name":"カナダ","country":"CAN"},"geometry":{"type":"MultiPolygon","coordinates":[[[[-126.70093,50.51553],[-126.20386,50.45386],[-125.83916,50.38081],[-125.61523,50.35854],[-125.53433,50.34248],[-125.48208,50.3168],[-125.42046,50.25464],[-125.31396,50.10669],[-125.2332,50.01221],[-125.06641,49.84819],[-124.93467,49.73164],[-124.90464,49.68535],[-124.93242,49.67046],[-124.93066,49.64316],[-124.83061,49.53008],[-124.64287,49.42866],[-124.49595,49.38027],[-124.18589,49.30059],[-123.9958,49.22402],[-123.93716,49.1708],[-123.85449,49.11919],[-123.82002,49.0835],[-123.7523,48.95122],[-123.62656,48.82402],[-123.49702,48.58208],[-123.47285,48.60229],[-123.45796,48.67441],[-123.44307,48.69048],[-123.41548,48.69819],[-123.38989,48.67021],[-123.36631,48.60645],[-123.28379,48.45518],[-123.31064,48.41103],[-123.33452,48.40649],[-123.4459,48.42725],[-123.48457,48.4001],[-123.53647,48.34497],[-123.57314,48.3228],[-123.59463,48.33355],[-123.91694,48.38657],[-124.11523,48.43643],[-124.37622,48.51523],[-124.6894,48.59731],[-124.86826,48.65361],[-125.01724,48.71148],[-125.1207,48.76079],[-125.14028,48.80264],[-125.13569,48.82241],[-124.93477,48.95635],[-124.84966,49.02827],[-124.81704,49.0833],[-124.80024,49.14155],[-124.81265,49.21265],[-124.82075,49.20713],[-124.83872,49.13906],[-124.86831,49.07852],[-124.90444,49.03101],[-124.92734,49.01421],[-125.16821,48.99102],[-125.36274,48.99824],[-125.4603,48.94106],[-125.48945,48.93379],[-125.54312,48.95283],[-125.6605,49.02915],[-125.82852,49.09185],[-125.81196,49.10723],[-125.7023,49.13921],[-125.64424,49.18579],[-125.65464,49.19321],[-125.6937,49.19038],[-125.72803,49.19985],[-125.79639,49.2602],[-125.83545,49.27666],[-125.91836,49.24951],[-125.95166,49.24805],[-125.98384,49.28789],[-125.9377,49.37978],[-125.9354,49.40147],[-126.02031,49.36802],[-126.04834,49.379],[-126.0749,49.40879],[-126.09985,49.42129],[-126.16885,49.41519],[-126.2436,49.44268],[-126.26973,49.43189],[-126.27964,49.39219],[-126.30449,49.38203],[-126.4186,49.44902],[-126.44453,49.45112],[-126.49985,49.39995],[-126.51914,49.39678],[-126.54854,49.41895],[-126.56372,49.54326],[-126.55747,49.57861],[-126.54189,49.59048],[-126.44277,49.61929],[-126.15781,49.65015],[-126.13408,49.67231],[-126.34756,49.66084],[-126.40317,49.67773],[-126.46279,49.72022],[-126.52524,49.71958],[-126.55825,49.7334],[-126.59287,49.76411],[-126.6831,49.87647],[-126.74463,49.90493],[-126.84937,49.9228],[-126.90332,49.94414],[-126.92607,49.93472],[-126.94795,49.90269],[-126.9771,49.88281],[-127.04873,49.87153],[-127.11431,49.87974],[-127.16553,49.91045],[-127.1959,49.94917],[-127.20752,49.99243],[-127.1791,50.05029],[-127.17964,50.07314],[-127.19233,50.0999],[-127.21567,50.12148],[-127.2498,50.13799],[-127.26841,50.12935],[-127.27153,50.09556],[-127.29004,50.07085],[-127.34941,50.05195],[-127.3979,50.08501],[-127.42978,50.13086],[-127.46714,50.16343],[-127.67485,50.16333],[-127.77046,50.12114],[-127.81631,50.11773],[-127.86392,50.12773],[-127.873,50.1501],[-127.82817,50.21143],[-127.83916,50.29321],[-127.85083,50.31372],[-127.94668,50.32622],[-127.96294,50.346],[-127.90586,50.44521],[-127.87402,50.46397],[-127.83154,50.47104],[-127.64141,50.4791],[-127.57812,50.46494],[-127.48652,50.40464],[-127.48936,50.42734],[-127.52402,50.49575],[-127.529,50.53677],[-127.46592,50.58311],[-127.52622,50.59668],[-127.75146,50.60737],[-127.74971,50.57773],[-127.73115,50.53574],[-127.8647,50.49888],[-127.96367,50.49263],[-128.0,50.49488],[-128.0,50.8593],[-127.91807,50.86055],[-127.71304,50.82075],[-127.19731,50.64038],[-126.70093,50.51553]]],[[[-80.96851,51.97222],[-80.70552,51.79834],[-80.65796,51.75835],[-80.58804,51.66724],[-80.49585,51.5251],[-80.44761,51.43223],[-80.44331,51.38857],[-80.49551,51.34468],[-80.6727,51.26475],[-80.85122,51.125],[-80.79497,51.13184],[-80.67725,51.19087],[-80.47832,51.30732],[-80.36797,51.32988],[-80.26567,51.31636],[-80.10356,51.28286],[-79.9604,51.23516],[-79.83623,51.17334],[-79.65151,51.00781],[-79.45615,50.87559],[-79.3479,50.76265],[-79.38071,50.83452],[-79.45264,50.91728],[-79.63618,51.04902],[-79.71445,51.11758],[-79.7314,51.15049],[-79.73745,51.18628],[-79.72324,51.25166],[-79.68882,51.34658],[-79.64297,51.41352],[-79.58574,51.45244],[-79.54746,51.49385],[-79.52803,51.53769],[-79.49756,51.56992],[-79.33867,51.62817],[-79.29697,51.6228],[-79.26426,51.552],[-79.22612,51.53731],[-79.15273,51.52622],[-79.09087,51.50171],[-79.04053,51.46377],[-79.00503,51.42534],[-78.98433,51.38638],[-78.93691,51.25913],[-78.90317,51.20029],[-78.89751,51.27168],[-78.85801,51.38394],[-78.82744,51.42998],[-78.73135,51.49746],[-78.73643,51.52661],[-78.77632,51.56577],[-78.97773,51.73379],[-78.98164,51.77456],[-78.92788,51.79883],[-78.89111,51.84512],[-78.87124,51.91343],[-78.82822,51.96299],[-78.76122,52.0],[-64.0,52.0],[-64.0,50.30497],[-64.01582,50.30396],[-64.17041,50.26943],[-64.50894,50.30894],[-64.86787,50.27549],[-65.18091,50.2979],[-65.2686,50.32002],[-65.76245,50.25928],[-65.95537,50.29414],[-66.12554,50.20103],[-66.24219,50.22036],[-66.36885,50.20664],[-66.41108,50.22427],[-66.49551,50.21187],[-66.55005,50.16118],[-66.62173,50.15542],[-66.74087,50.06553],[-66.94116,49.9937],[-67.23438,49.60176],[-67.26191,49.45117],[-67.37202,49.34844],[-67.46924,49.33462],[-67.54927,49.33228],[-68.05625,49.25679],[-68.28193,49.19717],[-68.22061,49.14966],[-68.29453,49.11436],[-68.4144,49.09951],[-68.54385,49.05615],[-68.62788,49.00718],[-68.66904,48.9395],[-68.92905,48.82896],[-69.23076,48.57363],[-69.37495,48.38643],[-69.5501,48.25078],[-69.67388,48.19917],[-69.76191,48.19116],[-69.85171,48.20737],[-70.00102,48.27095],[-70.11065,48.27798],[-70.38369,48.3665],[-71.01826,48.45562],[-70.92261,48.42231],[-70.83877,48.36738],[-70.67109,48.35322],[-70.50064,48.35435],[-70.14531,48.24356],[-69.97119,48.20576],[-69.86553,48.17227],[-69.775,48.0981],[-69.83984,47.95259],[-69.90557,47.83223],[-69.99443,47.73989],[-70.3001,47.50303],[-70.44805,47.42344],[-70.70586,47.13979],[-70.97271,47.00669],[-71.11562,46.92495],[-71.26777,46.79595],[-71.62476,46.69839],[-71.75728,46.67358],[-71.87959,46.68682],[-72.02847,46.60742],[-72.20464,46.55889],[-72.25664,46.48506],[-72.68013,46.28731],[-72.84268,46.2624],[-72.98101,46.20972],[-73.02192,46.12026],[-73.14541,46.06631],[-73.17969,46.025],[-73.28355,45.89985],[-73.47661,45.73823],[-73.71187,45.71118],[-73.79785,45.65493],[-73.89741,45.56416],[-74.03784,45.50185],[-74.31509,45.53106],[-74.24766,45.49287],[-73.99961,45.43335],[-73.97383,45.34512],[-74.0981,45.32402],[-74.3583,45.2064],[-74.70889,45.00386],[-74.76245,44.99907],[-74.85664,45.00391],[-74.99614,44.97012],[-75.17939,44.89937],[-75.40127,44.77227],[-75.79194,44.49707],[-75.81934,44.46802],[-75.87593,44.41699],[-76.02021,44.3626],[-76.15117,44.30396],[-76.18579,44.24224],[-76.24854,44.21411],[-76.4646,44.05762],[-76.58613,43.92432],[-76.69648,43.78481],[-76.81997,43.62881],[-77.07334,43.62685],[-77.2667,43.62749],[-77.59653,43.62861],[-77.87925,43.62954],[-78.21479,43.63066],[-78.45825,43.63149],[-78.72041,43.62495],[-78.84556,43.58335],[-79.00249,43.52715],[-79.17188,43.46655],[-79.08306,43.3314],[-79.05923,43.27808],[-79.06606,43.1061],[-79.048,43.08731],[-79.02905,43.06177],[-79.02617,43.01733],[-79.01167,42.99702],[-78.98076,42.98062],[-78.946,42.96133],[-78.92085,42.93521],[-78.91509,42.90913],[-78.93926,42.86372],[-79.03672,42.80234],[-79.17373,42.74853],[-79.44624,42.65147],[-79.76201,42.53896],[-80.03574,42.44145],[-80.24756,42.36602],[-80.68262,42.29976],[-81.02822,42.24717],[-81.27764,42.20918],[-81.50732,42.10347],[-81.76094,41.98682],[-81.97417,41.88872],[-82.21333,41.77871],[-82.43906,41.67485],[-82.69004,41.6752],[-82.86621,41.75303],[-83.02998,41.83296],[-83.14194,41.97588],[-83.14966,42.14194],[-83.10952,42.25068],[-83.07314,42.30029],[-83.00371,42.33174],[-82.86777,42.3852],[-82.74419,42.49346],[-82.64512,42.55806],[-82.54531,42.62471],[-82.48833,42.7395],[-82.41724,43.01738],[-82.4082,43.07266],[-82.30478,43.26323],[-82.19038,43.47407],[-82.13784,43.5709],[-82.19658,43.82222],[-82.24077,44.01533],[-82.28125,44.19224],[-82.32681,44.39155],[-82.36826,44.573],[-82.40737,44.74394],[-82.44658,44.91553],[-82.48506,45.08374],[-82.51523,45.20439],[-82.55107,45.34736],[-82.7604,45.4477],[-82.91934,45.51797],[-83.1793,45.63276],[-83.39731,45.72905],[-83.59268,45.81714],[-83.46948,45.99468],[-83.48013,46.02373],[-83.52476,46.05869],[-83.61597,46.11685],[-83.66929,46.12275],[-83.76318,46.10908],[-83.91304,46.0729],[-83.97778,46.08491],[-84.0292,46.14702],[-84.08838,46.22651],[-84.10776,46.28862],[-84.11519,46.3708],[-84.15049,46.44477],[-84.12812,46.48359],[-84.12319,46.50293],[-84.1252,46.52725],[-84.14946,46.54277],[-84.19219,46.54956],[-84.33672,46.51851],[-84.40171,46.51562],[-84.44048,46.49815],[-84.50156,46.46187],[-84.56177,46.45737],[-84.66577,46.54326],[-84.77939,46.6373],[-84.82705,46.76685],[-84.87598,46.8999],[-85.07007,46.97993],[-85.26411,47.05996],[-85.4582,47.13994],[-85.65225,47.21997],[-85.84634,47.3],[-86.04038,47.38003],[-86.23447,47.46006],[-86.42856,47.54009],[-86.49556,47.5666],[-86.67217,47.63643],[-86.92183,47.73521],[-87.20801,47.84849],[-87.49424,47.96177],[-87.7439,48.06055],[-87.92051,48.13037],[-87.98745,48.15689],[-88.16065,48.22539],[-88.37817,48.30308],[-88.61177,48.26401],[-88.89868,48.15571],[-89.0626,48.0938],[-89.18564,48.04741],[-89.27319,48.01997],[-89.45566,47.99624],[-89.55059,47.9999],[-89.77539,48.01533],[-89.90103,47.99546],[-89.99365,48.01533],[-90.03994,48.07817],[-90.0918,48.11812],[-90.32012,48.09917],[-90.60708,48.1126],[-90.74438,48.10459],[-90.79731,48.13106],[-90.84033,48.20054],[-90.91606,48.20913],[-91.04346,48.1937],[-91.22065,48.10459],[-91.38721,48.05855],[-91.51831,48.0583],[-91.64731,48.10459],[-91.8584,48.19756],[-92.00518,48.30186],[-92.17178,48.33838],[-92.29868,48.32891],[-92.34844,48.27661],[-92.4146,48.27661],[-92.46089,48.36587],[-92.50059,48.43535],[-92.58325,48.46509],[-92.73267,48.53184],[-92.83672,48.56777],[-92.99624,48.61182],[-93.05171,48.61987],[-93.15523,48.62534],[-93.25796,48.62886],[-93.37788,48.61655],[-93.46362,48.56128],[-93.56426,48.53691],[-93.70771,48.52544],[-93.80356,48.54893],[-93.85161,48.60728],[-94.05518,48.65903],[-94.41416,48.7041],[-94.6209,48.74263],[-94.67534,48.77441],[-94.70508,48.8085],[-94.71255,48.86299],[-94.71279,48.86343],[-94.80347,49.00293],[-94.84258,49.11919],[-94.8604,49.25859],[-94.85435,49.30459],[-94.8748,49.31904],[-94.93936,49.34941],[-95.15527,49.36968],[-95.15825,49.20308],[-95.16206,48.99175],[-95.3979,48.99316],[-95.82432,48.99316],[-96.25068,48.99316],[-96.67705,48.99316],[-97.10347,48.99316],[-97.52983,48.99316],[-97.9562,48.99316],[-98.38262,48.99316],[-98.80898,48.99316],[-99.23535,48.99312],[-99.66172,48.99312],[-100.08813,48.99312],[-100.5145,48.99312],[-100.94087,48.99312],[-101.36728,48.99312],[-101.79365,48.99312],[-102.22002,48.99312],[-102.64644,48.99312],[-103.0728,48.99312],[-103.49917,48.99312],[-103.92559,48.99312],[-104.35195,48.99312],[-104.77832,48.99312],[-105.20469,48.99312],[-105.6311,48.99312],[-106.05747,48.99312],[-106.48384,48.99312],[-106.91025,48.99312],[-107.33662,48.99312],[-107.76299,48.99312],[-108.1894,48.99312],[-108.61577,48.99312],[-109.04214,48.99312],[-109.46855,48.99307],[-109.89492,48.99307],[-110.32129,48.99307],[-110.74766,48.99307],[-111.17407,48.99307],[-111.60044,48.99307],[-112.02681,48.99307],[-112.45322,48.99307],[-112.87959,48.99307],[-113.30596,48.99307],[-113.73237,48.99307],[-114.15874,48.99307],[-114.58511,48.99307],[-115.01152,48.99307],[-115.43789,48.99307],[-115.86426,48.99307],[-116.29063,48.99307],[-116.71704,48.99307],[-117.14341,48.99307],[-117.56978,48.99307],[-117.99619,48.99307],[-118.42256,48.99307],[-118.84893,48.99307],[-119.27534,48.99307],[-119.70171,48.99302],[-120.12808,48.99302],[-120.55449,48.99302],[-120.98086,48.99302],[-121.40723,48.99302],[-121.83359,48.99302],[-122.26001,48.99302],[-122.68638,48.99302],[-122.78877,48.99302],[-122.82671,49.02842],[-122.92417,49.07466],[-122.96269,49.07461],[-123.0023,49.06089],[-123.02725,49.03852],[-123.04922,48.99302],[-123.06328,48.97773],[-123.0773,48.98022],[-123.08643,48.99302],[-123.11763,49.05635],[-123.10933,49.08462],[-123.0773,49.11836],[-123.07954,49.13061],[-123.15015,49.12105],[-123.18188,49.12949],[-123.19634,49.14771],[-123.19106,49.21953],[-123.22944,49.2605],[-123.18394,49.27773],[-123.06728,49.29155],[-122.94766,49.29326],[-122.91299,49.32319],[-122.8791,49.39893],[-122.96445,49.32935],[-123.01553,49.32217],[-123.17427,49.34819],[-123.27676,49.34394],[-123.29053,49.35947],[-123.28628,49.37495],[-123.26406,49.39048],[-123.2477,49.44302],[-123.223,49.59048],[-123.19067,49.64429],[-123.17959,49.67354],[-123.1875,49.68032],[-123.325,49.57769],[-123.33667,49.54512],[-123.32241,49.51699],[-123.33564,49.45918],[-123.39897,49.4419],[-123.43696,49.45132],[-123.5082,49.40244],[-123.53057,49.39731],[-123.85894,49.48286],[-123.89185,49.49473],[-123.94839,49.53472],[-124.02861,49.60288],[-124.05381,49.66172],[-124.02402,49.71133],[-123.99263,49.73618],[-123.95952,49.73618],[-123.92275,49.71753],[-123.84712,49.63667],[-123.81719,49.58657],[-123.73906,49.59356],[-123.61274,49.65757],[-123.58247,49.68125],[-123.7083,49.65693],[-123.76269,49.6585],[-123.81802,49.68516],[-123.87441,49.73682],[-123.90381,49.79546],[-123.90425,49.98115],[-123.88496,50.01704],[-123.82383,50.0437],[-123.78467,50.08799],[-123.78769,50.10674],[-123.82544,50.14424],[-123.88013,50.17363],[-123.93359,50.18828],[-123.9459,50.18394],[-123.86304,50.10259],[-123.86572,50.07207],[-123.95742,49.99277],[-123.97139,49.96953],[-123.97212,49.89204],[-123.98491,49.87559],[-124.05879,49.85366],[-124.1416,49.79268],[-124.28125,49.77212],[-124.4126,49.77813],[-124.48325,49.8082],[-124.7023,49.95767],[-124.78237,50.02012],[-124.78428,50.0728],[-124.93418,50.25806],[-124.93335,50.2979],[-124.9856,50.35562],[-125.0436,50.36377],[-125.05669,50.41865],[-124.93682,50.5374],[-124.86265,50.6373],[-124.85425,50.66865],[-124.85752,50.71733],[-124.87544,50.82563],[-124.85986,50.87241],[-124.93359,50.8106],[-124.94927,50.7647],[-124.93106,50.71841],[-124.94253,50.66567],[-124.9854,50.59194],[-125.05879,50.51387],[-125.20986,50.47632],[-125.47632,50.49717],[-125.50718,50.50727],[-125.52598,50.53413],[-125.53936,50.64902],[-125.55557,50.63486],[-125.58584,50.57363],[-125.61016,50.48604],[-125.64131,50.46621],[-125.69756,50.46455],[-125.74121,50.47856],[-125.77241,50.5082],[-125.8396,50.51064],[-125.96504,50.48735],[-126.02412,50.49673],[-126.09434,50.49761],[-126.23657,50.52329],[-126.40449,50.52988],[-126.44995,50.54971],[-126.44746,50.58774],[-126.41611,50.60698],[-126.23892,50.62383],[-126.06724,50.66431],[-125.89761,50.68438],[-125.9041,50.70493],[-125.98071,50.71138],[-126.37031,50.66675],[-126.49297,50.67212],[-126.51435,50.67939],[-126.51733,50.72446],[-126.47222,50.76729],[-126.39712,50.80708],[-126.37461,50.83735],[-126.41821,50.85019],[-126.48818,50.84185],[-126.52178,50.86606],[-126.48462,50.9605],[-126.51733,51.05684],[-126.56289,50.96548],[-126.63179,50.91514],[-126.9604,50.8937],[-127.01406,50.8668],[-127.05757,50.86753],[-127.26748,50.91606],[-127.35693,50.94556],[-127.44121,50.9894],[-127.59087,51.08755],[-127.70811,51.15117],[-127.71431,51.26865],[-127.68916,51.34346],[-127.63272,51.4273],[-127.41968,51.60806],[-127.34658,51.64238],[-127.28066,51.6541],[-126.96811,51.66992],[-126.7354,51.69263],[-126.69146,51.70342],[-127.03408,51.7167],[-127.33872,51.70737],[-127.44272,51.67896],[-127.57573,51.56294],[-127.60957,51.51406],[-127.64487,51.47847],[-127.6687,51.47759],[-127.71406,51.49019],[-127.72871,51.50552],[-127.74751,51.54355],[-127.81894,51.60391],[-127.85054,51.67319],[-127.86914,51.77524],[-127.86323,51.8208],[-127.82998,51.879],[-127.72764,51.99321],[-127.85879,51.99028],[-127.85723,52.0],[-81.02874,52.0],[-80.96851,51.97222]]],[[[-127.99541,51.95054],[-128.0,51.94357],[-128.0,52.0],[-127.9724,52.0],[-127.99541,51.95054]]],[[[-67.171,45.18198],[-67.21323,45.19253],[-67.24961,45.20078],[-67.2707,45.18672],[-67.29067,45.16792],[-67.31528,45.15381],[-67.36694,45.17378],[-67.39981,45.21016],[-67.45259,45.24766],[-67.47256,45.27588],[-67.46196,45.30869],[-67.43852,45.34038],[-67.42793,45.37793],[-67.45376,45.42124],[-67.47725,45.4459],[-67.49365,45.47407],[-67.48779,45.50102],[-67.45493,45.51396],[-67.42441,45.53042],[-67.41387,45.56558],[-67.43267,45.60312],[-67.48662,45.61841],[-67.5312,45.61255],[-67.59575,45.62075],[-67.65791,45.64419],[-67.69898,45.67119],[-67.73066,45.68648],[-67.75532,45.68648],[-67.78467,45.70171],[-67.80225,45.72754],[-67.7999,45.76978],[-67.7917,45.79556],[-67.77529,45.81787],[-67.77412,45.84253],[-67.78115,45.86016],[-67.78227,45.87417],[-67.77764,45.8918],[-67.76704,45.927],[-67.78467,45.95278],[-67.78647,46.04214],[-67.78994,46.20933],[-67.79253,46.3374],[-67.7958,46.49839],[-67.7977,46.61563],[-67.80034,46.77988],[-67.80283,46.93574],[-67.80679,47.08281],[-67.93486,47.16763],[-68.09678,47.27485],[-68.2355,47.34595],[-68.31089,47.35449],[-68.35801,47.34453],[-68.3769,47.31616],[-68.48037,47.28579],[-68.66855,47.25347],[-68.82871,47.20332],[-68.8874,47.20283],[-68.93721,47.21123],[-69.00312,47.23643],[-69.04858,47.27363],[-69.06426,47.33814],[-69.0502,47.42661],[-69.14629,47.44477],[-69.24287,47.46299],[-69.30215,47.402],[-69.35889,47.35063],[-69.47148,47.23867],[-69.62978,47.08135],[-69.71753,46.99487],[-69.87173,46.84292],[-70.00772,46.70894],[-70.03823,46.57144],[-70.06719,46.44106],[-70.17969,46.34185],[-70.24829,46.25088],[-70.27891,46.15],[-70.30449,46.05737],[-70.30644,45.97983],[-70.28716,45.93916],[-70.29624,45.9061],[-70.33345,45.86807],[-70.40786,45.8019],[-70.42109,45.73823],[-70.4666,45.70684],[-70.59639,45.64399],[-70.70225,45.55137],[-70.70742,45.49893],[-70.69214,45.45537],[-70.6898,45.42832],[-70.71094,45.40947],[-70.75332,45.41069],[-70.79917,45.40478],[-70.83779,45.36616],[-70.83682,45.31069],[-70.86504,45.2707],[-70.898,45.26245],[-70.92622,45.29072],[-70.96016,45.33311],[-70.9999,45.33726],[-71.06025,45.30913],[-71.13467,45.26284],[-71.20161,45.26035],[-71.3273,45.29009],[-71.41904,45.20034],[-71.51753,45.00757],[-71.93364,45.00708],[-72.34976,45.00659],[-72.76592,45.0061],[-73.18203,45.00561],[-73.59815,45.00518],[-74.01426,45.00469],[-74.43037,45.0042],[-74.66323,45.00391],[-74.70889,45.00386],[-74.56631,45.0416],[-74.26904,45.18828],[-74.04981,45.24141],[-73.76465,45.39546],[-73.5581,45.4251],[-73.5188,45.45898],[-73.48418,45.58677],[-73.46528,45.63232],[-73.36885,45.75781],[-73.25303,45.86367],[-73.15957,46.01006],[-72.98994,46.10361],[-72.73345,46.18184],[-72.49619,46.35269],[-72.36616,46.40478],[-72.24014,46.44209],[-72.18721,46.51152],[-72.10928,46.55122],[-71.90093,46.63193],[-71.67129,46.65376],[-71.43921,46.72075],[-71.26118,46.75625],[-71.152,46.81909],[-70.99326,46.8522],[-70.51948,47.03252],[-70.38809,47.11694],[-70.21777,47.28984],[-70.06958,47.37778],[-70.01714,47.47144],[-69.80225,47.62344],[-69.58106,47.82368],[-69.47105,47.96728],[-69.30635,48.04702],[-68.98706,48.275],[-68.81567,48.36602],[-68.74604,48.37642],[-68.552,48.45732],[-68.43149,48.5417],[-68.23818,48.62642],[-67.88901,48.73091],[-67.56089,48.85596],[-67.11748,48.96416],[-66.5981,49.12637],[-66.17817,49.21314],[-65.88281,49.22568],[-65.52339,49.26616],[-65.39614,49.26206],[-64.83633,49.19175],[-64.56772,49.10478],[-64.26182,48.92188],[-64.21621,48.87363],[-64.20879,48.8062],[-64.37075,48.83897],[-64.51372,48.84111],[-64.41455,48.80361],[-64.24609,48.69111],[-64.25376,48.55039],[-64.34883,48.42319],[-64.63315,48.3605],[-64.70576,48.3106],[-64.7645,48.22808],[-64.82207,48.19648],[-64.95991,48.15986],[-65.03608,48.10625],[-65.25942,48.02124],[-65.36001,48.01113],[-65.47588,48.03149],[-65.75469,48.11167],[-65.92671,48.18887],[-66.01255,48.14668],[-66.08311,48.10269],[-66.24863,48.11733],[-66.32427,48.0979],[-66.44898,48.11963],[-66.7044,48.02246],[-66.63154,48.01108],[-66.42881,48.06694],[-66.35962,48.06065],[-66.21021,47.98857],[-65.84941,47.91103],[-65.75571,47.85977],[-65.66645,47.69614],[-65.60723,47.67002],[-65.4835,47.68701],[-65.34395,47.76792],[-65.22817,47.81128],[-65.00166,47.84683],[-65.04639,47.79302],[-64.87398,47.79722],[-64.70322,47.72485],[-64.76631,47.67349],[-64.85215,47.56987],[-64.91221,47.36865],[-65.08613,47.23379],[-65.3189,47.10122],[-65.2602,47.06924],[-65.19209,47.04956],[-65.04238,47.08882],[-64.94243,47.08618],[-64.8314,47.06079],[-64.86587,46.95781],[-64.90576,46.88794],[-64.88252,46.82285],[-64.8167,46.69868],[-64.72588,46.67144],[-64.6895,46.5123],[-64.64136,46.42559],[-64.64785,46.35596],[-64.55684,46.31143],[-64.5415,46.24033],[-64.21182,46.22022],[-64.14502,46.19287],[-64.0,46.17575],[-64.0,46.04291],[-64.0564,46.02134],[-64.0,46.00206],[-64.0,45.39511],[-64.08716,45.41089],[-64.33643,45.38955],[-64.60019,45.41006],[-64.6811,45.38296],[-64.74668,45.32437],[-64.83193,45.35024],[-64.87314,45.35459],[-64.91289,45.37481],[-64.82739,45.47554],[-64.56006,45.62549],[-64.39707,45.75586],[-64.35112,45.7832],[-64.31465,45.83569],[-64.40405,45.8269],[-64.48223,45.80635],[-64.53633,45.8666],[-64.63272,45.94663],[-64.64204,45.91333],[-64.59365,45.81367],[-64.77852,45.63843],[-64.8979,45.62598],[-65.05728,45.54424],[-65.28232,45.4731],[-65.54502,45.33731],[-65.88447,45.2229],[-65.95561,45.22246],[-66.10977,45.3166],[-66.06665,45.35947],[-66.02656,45.41758],[-66.06489,45.40083],[-66.08975,45.37564],[-66.18272,45.33521],[-66.10732,45.25693],[-66.14375,45.22759],[-66.25156,45.18901],[-66.35195,45.1332],[-66.43984,45.0959],[-66.51094,45.14336],[-66.70718,45.0834],[-66.87246,45.06728],[-66.9082,45.09766],[-66.9187,45.14561],[-66.97656,45.15718],[-67.08408,45.14395],[-67.12485,45.16943],[-67.171,45.18198]]],[[[-64.04492,44.58789],[-64.04463,44.54541],[-64.10088,44.48745],[-64.16699,44.58667],[-64.28608,44.55034],[-64.33853,44.44487],[-64.31226,44.41475],[-64.27568,44.33408],[-64.33457,44.29199],[-64.37822,44.30356],[-64.4688,44.18516],[-64.57847,44.14204],[-64.6916,44.02134],[-64.82564,43.92935],[-64.86235,43.86787],[-65.08682,43.7272],[-65.17207,43.7314],[-65.23491,43.72676],[-65.32959,43.66812],[-65.34429,43.54961],[-65.38608,43.56528],[-65.42852,43.56143],[-65.45044,43.52422],[-65.48169,43.51807],[-65.56445,43.55327],[-65.66191,43.53403],[-65.73813,43.56074],[-65.8353,43.73438],[-65.88691,43.79521],[-65.97842,43.81484],[-66.00215,43.77813],[-66.03765,43.74219],[-66.12573,43.81382],[-66.19253,44.07969],[-66.19307,44.14385],[-66.09956,44.36748],[-65.86802,44.5688],[-65.94194,44.57554],[-66.14639,44.43594],[-66.12529,44.46973],[-66.09063,44.50493],[-66.02168,44.56172],[-65.91704,44.61509],[-65.77769,44.64619],[-65.68184,44.65093],[-65.61577,44.68042],[-65.52002,44.73267],[-65.50225,44.7604],[-65.58716,44.72852],[-65.72822,44.69712],[-65.69204,44.73828],[-65.65674,44.7603],[-64.90293,45.1208],[-64.75127,45.18023],[-64.44883,45.25606],[-64.40689,45.30571],[-64.44814,45.33745],[-64.33076,45.30933],[-64.34043,45.26821],[-64.35884,45.23823],[-64.36572,45.18726],[-64.35425,45.13823],[-64.23501,45.11431],[-64.1355,45.02305],[-64.18272,45.14702],[-64.09316,45.21709],[-64.0,45.24243],[-64.0,44.64455],[-64.04492,44.58789]]],[[[-64.44004,49.82773],[-64.4852,49.88696],[-64.37295,49.92593],[-64.24375,49.94438],[-64.13144,49.94165],[-64.0,49.91814],[-64.0,49.69296],[-64.44004,49.82773]]],[[[-64.01973,46.40483],[-64.11084,46.42544],[-64.10654,46.56211],[-64.13604,46.59971],[-64.23565,46.63144],[-64.38804,46.64087],[-64.40313,46.6916],[-64.35459,46.76924],[-64.27998,46.83574],[-64.22324,46.90127],[-64.15693,46.95488],[-64.0,47.05736],[-64.0,46.88906],[-64.08789,46.77544],[-64.0,46.71062],[-64.0,46.40525],[-64.01973,46.40483]]],[[[-126.06401,49.26362],[-126.18682,49.27813],[-126.22964,49.29565],[-126.23144,49.33906],[-126.20855,49.37978],[-126.11528,49.36504],[-126.09209,49.354],[-126.06401,49.26362]]],[[[-124.1398,49.51035],[-124.36231,49.58818],[-124.45723,49.63423],[-124.49394,49.66748],[-124.51782,49.68633],[-124.63096,49.73569],[-124.64985,49.75835],[-124.62329,49.7751],[-124.54717,49.76494],[-124.42148,49.72778],[-124.30913,49.66728],[-124.15366,49.53115],[-124.1398,49.51035]]],[[[-126.68042,49.60137],[-126.74341,49.61348],[-126.81421,49.64209],[-126.93857,49.71846],[-126.95127,49.73569],[-126.94004,49.75049],[-126.90488,49.76279],[-126.89687,49.78291],[-126.92583,49.83774],[-126.82607,49.87236],[-126.73813,49.84365],[-126.69814,49.8085],[-126.6499,49.7458],[-126.62817,49.67515],[-126.62578,49.62681],[-126.64121,49.60581],[-126.68042,49.60137]]],[[[-125.19512,50.04434],[-125.25957,50.13003],[-125.35845,50.31152],[-125.34531,50.35395],[-125.30117,50.41406],[-125.26094,50.41782],[-125.196,50.38975],[-125.1395,50.3397],[-125.12646,50.32026],[-125.09141,50.26777],[-125.07402,50.22065],[-125.11299,50.16348],[-125.18413,50.09712],[-125.19512,50.04434]]],[[[-127.94126,51.45718],[-127.98125,51.45723],[-128.0,51.4622],[-128.0,51.70399],[-127.99868,51.70381],[-127.98682,51.67358],[-127.93252,51.60547],[-127.91636,51.58545],[-127.91631,51.5062],[-127.92466,51.47388],[-127.94126,51.45718]]],[[[-123.47725,48.72876],[-123.49961,48.73218],[-123.51753,48.75015],[-123.58232,48.92578],[-123.55469,48.92207],[-123.46787,48.86738],[-123.48755,48.8457],[-123.42275,48.79336],[-123.40679,48.75606],[-123.4354,48.75444],[-123.47725,48.72876]]],[[[-64.53389,47.81377],[-64.62129,47.7519],[-64.66465,47.74761],[-64.68457,47.75361],[-64.6605,47.79355],[-64.66328,47.86304],[-64.59111,47.87246],[-64.56484,47.86626],[-64.50859,47.88672],[-64.53389,47.81377]]],[[[-64.59131,47.90723],[-64.54072,47.98496],[-64.51958,48.00508],[-64.5002,48.01377],[-64.48125,48.00693],[-64.47607,47.95889],[-64.59131,47.90723]]],[[[-66.32412,44.25732],[-66.31191,44.2916],[-66.25049,44.379],[-66.21035,44.39204],[-66.27378,44.29228],[-66.32412,44.25732]]],[[[-66.89707,44.62891],[-66.84473,44.76392],[-66.80215,44.80537],[-66.74541,44.79141],[-66.75337,44.70981],[-66.7625,44.68179],[-66.89707,44.62891]]],[[[-73.64356,45.44912],[-73.77534,45.46763],[-73.92021,45.44194],[-73.96055,45.44141],[-73.85293,45.51572],[-73.68745,45.56143],[-73.52246,45.70117],[-73.47607,45.70474],[-73.53887,45.54644],[-73.55166,45.48984],[-73.5665,45.46909],[-73.64356,45.44912]]],[[[-73.81592,45.56489],[-73.85771,45.57358],[-73.72466,45.67183],[-73.57236,45.69448],[-73.69531,45.5855],[-73.81592,45.56489]]],[[[-71.11665,46.86484],[-71.09497,46.89956],[-70.97085,46.96143],[-70.87964,46.99609],[-70.82578,46.99536],[-70.91348,46.91953],[-71.02573,46.87295],[-71.11665,46.86484]]],[[[-79.42559,51.94487],[-79.52061,51.95293],[-79.59687,51.97803],[-79.62903,52.0],[-79.32594,52.0],[-79.32895,51.99229],[-79.35151,51.96831],[-79.38428,51.95195],[-79.42559,51.94487]]],[[[-123.38481,48.87519],[-123.54102,48.94595],[-123.64561,49.03862],[-123.68926,49.09512],[-123.48232,48.95469],[-123.37793,48.90825],[-123.37236,48.88613],[-123.38481,48.87519]]],[[[-125.00156,50.02075],[-125.02598,50.13408],[-124.99565,50.1752],[-124.98701,50.19585],[-124.99082,50.21714],[-124.93784,50.16592],[-124.91641,50.13154],[-124.90747,50.08398],[-124.90845,50.07129],[-124.97773,50.02959],[-125.00156,50.02075]]]]}},{"type":"Feature","properties":{"kind":"land","name":"バハマ","country":"BHS"},"geometry":{"type":"MultiPolygon","coordinates":[[[[-77.65615,24.22656],[-77.75527,24.16348],[-77.68325,24.11846],[-77.61538,24.21636],[-77.56152,24.13682],[-77.53203,23.98765],[-77.53682,23.96167],[-77.53189,23.9394],[-77.52134,23.91084],[-77.51875,23.86943],[-77.57373,23.73916],[-77.77129,23.75254],[-77.77578,23.86235],[-77.8063,23.88355],[-77.85225,24.04038],[-77.91406,24.09092],[-77.9999,24.21982],[-77.95005,24.25308],[-77.88359,24.24199],[-77.84956,24.25752],[-77.75742,24.26992],[-77.70146,24.28755],[-77.65771,24.24946],[-77.65615,24.22656]]],[[[-77.24644,25.89546],[-77.33325,25.99561],[-77.40317,26.02471],[-77.29394,26.09551],[-77.24678,26.15635],[-77.24775,26.28906],[-77.22109,26.36177],[-77.23013,26.42471],[-77.20606,26.48897],[-77.23862,26.56113],[-77.32993,26.61836],[-77.5106,26.846],[-77.796,26.90127],[-77.94375,26.90356],[-77.86255,26.94009],[-77.78755,26.93565],[-77.67212,26.91392],[-77.53389,26.90342],[-77.44941,26.83643],[-77.36875,26.74761],[-77.2959,26.71167],[-77.26592,26.68882],[-77.26929,26.66304],[-77.25718,26.63882],[-77.16211,26.59727],[-77.06636,26.53018],[-77.03828,26.33345],[-77.16729,26.24033],[-77.19102,25.95547],[-77.22563,25.9042],[-77.24644,25.89546]]],[[[-77.74604,24.58633],[-77.73511,24.49575],[-77.74522,24.46348],[-77.85342,24.40293],[-77.8812,24.36909],[-77.9832,24.33496],[-78.04492,24.28745],[-78.07583,24.36465],[-78.13574,24.41235],[-78.1458,24.49346],[-78.1916,24.46606],[-78.25762,24.48276],[-78.3665,24.54419],[-78.4353,24.62759],[-78.33892,24.64204],[-78.31899,24.59023],[-78.24272,24.65381],[-78.26006,24.6873],[-78.27383,24.6916],[-78.29883,24.75391],[-78.18408,24.91709],[-78.15933,25.02236],[-78.21138,25.19126],[-78.16279,25.20234],[-78.0333,25.14312],[-77.97529,25.08481],[-77.97339,25.00478],[-77.91894,24.94282],[-77.84014,24.79438],[-77.74385,24.70742],[-77.74604,24.58633]]],[[[-78.37173,26.69795],[-78.30684,26.7022],[-78.26792,26.72266],[-78.08867,26.71431],[-77.94394,26.74424],[-77.92246,26.69111],[-77.92612,26.66338],[-78.23389,26.63735],[-78.51621,26.55937],[-78.67095,26.50654],[-78.74365,26.50068],[-78.79922,26.52847],[-78.98565,26.6895],[-78.93579,26.67344],[-78.79805,26.58242],[-78.7125,26.59902],[-78.63325,26.65918],[-78.62114,26.70464],[-78.63296,26.72617],[-78.59712,26.79795],[-78.49287,26.72905],[-78.37173,26.69795]]],[[[-77.4605,24.99311],[-77.54121,25.01357],[-77.56191,25.03003],[-77.52734,25.05767],[-77.45127,25.08071],[-77.3291,25.08301],[-77.27559,25.05576],[-77.26914,25.04385],[-77.34756,25.01387],[-77.4605,24.99311]]],[[[-74.03477,22.70557],[-74.09858,22.66543],[-74.24224,22.71509],[-74.27461,22.71167],[-74.30312,22.76445],[-74.31396,22.80356],[-74.30703,22.8396],[-74.22148,22.81157],[-74.17539,22.75991],[-74.05752,22.72349],[-74.03477,22.70557]]],[[[-74.50869,23.95972],[-74.55093,23.96895],[-74.5269,24.10508],[-74.47202,24.12666],[-74.45049,24.12549],[-74.42944,24.06807],[-74.50869,23.95972]]],[[[-74.2769,22.18369],[-74.26133,22.23555],[-74.12676,22.32339],[-74.05234,22.40064],[-74.01006,22.42798],[-73.99497,22.44922],[-73.93599,22.47773],[-73.9064,22.52744],[-73.91455,22.56802],[-73.97637,22.63506],[-73.97549,22.68228],[-73.9542,22.71553],[-73.84995,22.73106],[-73.87749,22.68076],[-73.83652,22.53843],[-73.97461,22.36118],[-74.09292,22.30625],[-74.20674,22.21377],[-74.2769,22.18369]]],[[[-76.48423,25.37461],[-76.3438,25.33203],[-76.19199,25.19082],[-76.12661,25.14053],[-76.11494,25.09473],[-76.14053,24.88565],[-76.17466,24.75977],[-76.16953,24.64941],[-76.20518,24.68208],[-76.24121,24.75435],[-76.30029,24.7959],[-76.31997,24.81768],[-76.21377,24.82246],[-76.20435,24.93623],[-76.15254,25.02598],[-76.1604,25.11934],[-76.28433,25.22212],[-76.36929,25.3126],[-76.4999,25.34155],[-76.6207,25.43164],[-76.69277,25.44272],[-76.78066,25.42685],[-76.74893,25.48057],[-76.72695,25.55161],[-76.71084,25.56489],[-76.64883,25.4874],[-76.48423,25.37461]]],[[[-75.70635,23.44424],[-75.78101,23.47065],[-75.95596,23.59229],[-76.03711,23.60278],[-76.01045,23.67139],[-75.94863,23.64741],[-75.80752,23.54253],[-75.75425,23.48999],[-75.66455,23.45015],[-75.70635,23.44424]]],[[[-74.84687,22.8687],[-74.97334,23.06855],[-75.13213,23.11709],[-75.22334,23.16533],[-75.2044,23.19272],[-75.14111,23.20464],[-75.13057,23.26792],[-75.15757,23.33638],[-75.24126,23.47461],[-75.28823,23.56826],[-75.30981,23.58984],[-75.31597,23.66836],[-75.2166,23.54678],[-75.17529,23.43867],[-75.10879,23.33281],[-75.06421,23.1502],[-74.93711,23.08814],[-74.84561,22.9999],[-74.84048,22.89434],[-74.84687,22.8687]]],[[[-75.30176,24.14917],[-75.36875,24.15947],[-75.46763,24.1396],[-75.50322,24.13906],[-75.48105,24.17388],[-75.4124,24.22095],[-75.40894,24.26577],[-75.4939,24.33042],[-75.59277,24.49126],[-75.63906,24.5294],[-75.66103,24.58984],[-75.74399,24.65469],[-75.72666,24.68935],[-75.70962,24.69751],[-75.65352,24.68086],[-75.52647,24.44951],[-75.51816,24.42734],[-75.3084,24.2],[-75.30176,24.14917]]],[[[-72.97895,22.4146],[-72.94522,22.41562],[-72.83076,22.3856],[-72.7626,22.34438],[-72.74727,22.32739],[-72.78389,22.29062],[-72.88916,22.36025],[-72.98105,22.36924],[-73.1102,22.36758],[-73.16191,22.38071],[-73.12739,22.45532],[-73.04102,22.42905],[-72.97895,22.4146]]]]}},{"type":"Feature","properties":{"kind":"state","name":"ミネソタ州","code":"MN"},"geometry":{"type":"Polygon","coordinates":[[[-90.13175,47.29275],[-90.30585,47.29802],[-90.47995,47.30386],[-90.65405,47.30913],[-90.85778,47.21283],[-91.06097,47.11705],[-91.26471,47.02126],[-91.46844,46.92497],[-91.59226,46.87626],[-91.71662,46.82761],[-91.84098,46.77839],[-91.96479,46.72971],[-92.0119,46.71172],[-92.27488,46.65615],[-92.26483,46.09522],[-92.29658,46.09628],[-92.5437,45.98569],[-92.75697,45.88991],[-92.89983,45.70576],[-92.68922,45.51844],[-92.76542,45.26708],[-92.76648,44.99614],[-92.79666,44.77603],[-92.50507,44.58392],[-92.38549,44.57493],[-92.06215,44.43259],[-91.94999,44.36484],[-91.87961,44.25743],[-91.62771,44.08545],[-91.28959,43.93729],[-91.25729,43.85474],[-91.25466,43.61398],[-91.2282,43.50125],[-92.54,43.51977],[-94.00103,43.51342],[-95.35994,43.50019],[-96.45266,43.50179],[-96.43943,44.43576],[-96.56061,45.39302],[-96.73577,45.47082],[-96.8347,45.62533],[-96.78073,45.7608],[-96.55689,45.87245],[-96.53945,46.01797],[-96.53891,46.19948],[-96.60136,46.35136],[-96.68549,46.51329],[-96.73365,46.71648],[-96.74582,46.94452],[-96.77969,46.99904],[-96.82041,47.2922],[-96.82465,47.42661],[-96.84424,47.54619],[-96.89398,47.74887],[-97.01516,47.95421],[-97.13104,48.1373],[-97.14851,48.31878],[-97.16122,48.51458],[-97.12735,48.64212],[-97.12047,48.75852],[-97.21414,48.90244],[-97.22894,49.00088],[-95.15884,48.99983],[-95.1562,49.38401],[-94.81754,49.38929],[-94.64026,48.84002],[-94.32912,48.67067],[-93.63061,48.60928],[-92.60985,48.45002],[-91.63988,48.13993],[-90.83026,48.2701],[-89.59995,48.01027],[-89.59941,48.01027],[-89.49003,48.01341],[-89.52269,47.96054],[-89.6137,47.81925],[-89.72801,47.64198],[-89.84283,47.46473],[-89.95766,47.28691],[-90.13175,47.29275]]]}},{"type":"Feature","properties":{"kind":"state","name":"モンタナ州","code":"MT"},"geometry":{"type":"Polygon","coordinates":[[[-113.0595,49.0014],[-110.07077,49.003],[-107.08204,49.00458],[-104.09276,49.00564],[-104.07741,47.17157],[-104.02662,45.9566],[-104.07796,45.04061],[-105.74589,45.05118],[-107.54663,45.04588],[-109.10238,45.05702],[-111.07141,45.0496],[-111.06719,44.5416],[-111.08518,44.50615],[-111.19419,44.56116],[-111.29155,44.70141],[-111.40002,44.72892],[-111.54238,44.53049],[-111.77149,44.49821],[-112.33613,44.56064],[-112.36259,44.46222],[-112.69014,44.49873],[-112.87481,44.36008],[-113.05209,44.61991],[-113.17484,44.76543],[-113.37858,44.78977],[-113.43943,44.86279],[-113.50294,45.12422],[-113.68021,45.24907],[-113.7945,45.565],[-113.9141,45.70258],[-114.0358,45.7301],[-114.13794,45.58934],[-114.33531,45.47027],[-114.51365,45.56923],[-114.5237,45.82537],[-114.40727,45.88991],[-114.49143,46.14708],[-114.39405,46.41009],[-114.28452,46.6318],[-114.58561,46.64134],[-114.84332,46.78632],[-115.12165,47.09537],[-115.28833,47.2504],[-115.51907,47.34512],[-115.70479,47.50493],[-115.70428,47.68484],[-115.9678,47.95048],[-116.04823,49.00037],[-113.0595,49.0014]]]}},{"type":"Feature","properties":{"kind":"state","name":"ノースダコタ州","code":"ND"},"geometry":{"type":"Polygon","coordinates":[[[-97.21414,48.90244],[-97.12047,48.75852],[-97.12735,48.64212],[-97.16122,48.51458],[-97.14851,48.31878],[-97.13104,48.1373],[-97.01516,47.95421],[-96.89398,47.74887],[-96.84424,47.54619],[-96.82465,47.42661],[-96.82041,47.2922],[-96.77969,46.99904],[-96.74582,46.94452],[-96.73365,46.71648],[-96.68549,46.51329],[-96.60136,46.35136],[-96.53891,46.19948],[-96.53945,46.01797],[-98.44179,45.96345],[-100.06686,45.96557],[-102.11686,45.96135],[-104.02662,45.9566],[-104.07741,47.17157],[-104.09276,49.00564],[-100.6299,49.003],[-97.22894,49.00088],[-97.21414,48.90244]]]}},{"type":"Feature","properties":{"kind":"state","name":"アイダホ州","code":"ID"},"geometry":{"type":"Polygon","coordinates":[[[-115.9678,47.95048],[-115.70428,47.68484],[-115.70479,47.50493],[-115.51907,47.34512],[-115.28833,47.2504],[-115.12165,47.09537],[-114.84332,46.78632],[-114.58561,46.64134],[-114.28452,46.6318],[-114.39405,46.41009],[-114.49143,46.14708],[-114.40727,45.88991],[-114.5237,45.82537],[-114.51365,45.56923],[-114.33531,45.47027],[-114.13794,45.58934],[-114.0358,45.7301],[-113.9141,45.70258],[-113.7945,45.565],[-113.68021,45.24907],[-113.50294,45.12422],[-113.43943,44.86279],[-113.37858,44.78977],[-113.17484,44.76543],[-113.05209,44.61991],[-112.87481,44.36008],[-112.69014,44.49873],[-112.36259,44.46222],[-112.33613,44.56064],[-111.77149,44.49821],[-111.54238,44.53049],[-111.40002,44.72892],[-111.29155,44.70141],[-111.19419,44.56116],[-111.08518,44.50615],[-111.04973,44.48816],[-111.05025,42.0016],[-114.03422,41.99312],[-117.02825,42.00002],[-117.01396,43.79707],[-116.92666,44.08121],[-117.00761,44.21141],[-117.19439,44.27913],[-117.1923,44.43894],[-117.05153,44.66596],[-116.83615,44.86385],[-116.69329,45.18665],[-116.55888,45.44436],[-116.4578,45.57453],[-116.51126,45.72641],[-116.679,45.80736],[-116.915,45.99998],[-116.90653,46.17778],[-116.99807,46.33017],[-117.02665,47.72293],[-117.03143,48.99931],[-116.04823,49.00037],[-115.9678,47.95048]]]}},{"type":"Feature","properties":{"kind":"state","name":"ワシントン州","code":"WA"},"geometry":{"type":"Polygon","coordinates":[[[-117.02665,47.72293],[-116.99807,46.33017],[-116.90653,46.17778],[-116.915,45.99998],[-118.97824,45.99257],[-119.337,45.88834],[-119.59205,45.93223],[-119.78731,45.85077],[-120.15827,45.74067],[-120.60964,45.7539],[-120.83719,45.67295],[-121.04674,45.6375],[-121.20389,45.6899],[-121.56108,45.73276],[-121.78809,45.70098],[-122.17491,45.59515],[-122.42046,45.592],[-122.65171,45.63008],[-122.72579,45.77033],[-122.75224,45.93807],[-122.93797,46.1291],[-123.22849,46.18625],[-123.47137,46.27725],[-123.7767,46.28203],[-123.99868,46.28307],[-124.07963,46.86475],[-124.39567,47.72017],[-124.68721,48.18443],[-124.5661,48.37971],[-123.12,48.04],[-122.58714,47.09589],[-122.34002,47.35995],[-122.49983,48.18016],[-122.84,49.0],[-120.0027,49.00088],[-117.03143,48.99931],[-117.02665,47.72293]]]}},{"type":"Feature","properties":{"kind":"state","name":"アリゾナ州","code":"AZ"},"geometry":{"type":"Polygon","coordinates":[[[-109.04367,31.3419],[-111.02379,31.33465],[-113.30502,32.03898],[-114.81474,32.52528],[-114.72139,32.72083],[-114.58985,32.7163],[-114.47978,32.91634],[-114.65599,33.0539],[-114.69144,33.20368],[-114.7433,33.37987],[-114.54856,33.60952],[-114.46918,34.06728],[-114.16597,34.27258],[-114.3549,34.46467],[-114.48453,34.65305],[-114.56708,34.82821],[-114.62212,34.96368],[-114.64222,35.05311],[-114.58086,35.24943],[-114.63005,35.44523],[-114.6507,35.63891],[-114.65018,35.85427],[-114.73961,35.99132],[-114.67134,36.11462],[-114.46073,36.11462],[-114.26917,36.04369],[-114.13264,36.004],[-114.0665,36.15642],[-114.02363,36.18975],[-114.03053,36.9941],[-112.4176,37.00942],[-110.49622,37.00733],[-109.04523,36.99991],[-109.04367,31.3419]]]}},{"type":"Feature","properties":{"kind":"state","name":"カリフォルニア州","code":"CA"},"geometry":{"type":"Polygon","coordinates":[[[-114.62212,34.96368],[-114.56708,34.82821],[-114.48453,34.65305],[-114.3549,34.46467],[-114.16597,34.27258],[-114.46918,34.06728],[-114.54856,33.60952],[-114.7433,33.37987],[-114.69144,33.20368],[-114.65599,33.0539],[-114.47978,32.91634],[-114.58985,32.7163],[-114.72139,32.72083],[-115.99108,32.61258],[-117.12773,32.53533],[-117.29594,33.04622],[-117.944,33.62124],[-118.4106,33.74091],[-118.5199,34.02778],[-119.081,34.078],[-119.43884,34.34848],[-120.36782,34.44723],[-120.62287,34.60861],[-120.74459,35.15682],[-121.71456,36.16172],[-122.54745,37.55182],[-122.512,37.78361],[-122.95332,38.1138],[-123.72697,38.95147],[-123.86507,39.76693],[-124.39796,40.31302],[-124.17888,41.14224],[-124.21381,41.99948],[-119.99898,41.9926],[-120.00003,38.9954],[-118.11462,37.64442],[-116.32075,36.32205],[-114.64222,35.05311],[-114.62212,34.96368]]]}},{"type":"Feature","properties":{"kind":"state","name":"コロラド州","code":"CO"},"geometry":{"type":"Polygon","coordinates":[[[-102.04012,38.45987],[-102.04118,36.99198],[-103.00322,36.99516],[-104.2002,36.99619],[-105.89986,36.99728],[-107.47997,36.99991],[-109.04523,36.99991],[-109.05318,41.00199],[-108.05094,41.00254],[-107.04974,41.00254],[-105.04686,41.0036],[-104.04514,41.00411],[-102.04806,41.00411],[-102.05017,40.03309],[-102.05017,40.00082],[-102.04012,38.45987]]]}},{"type":"Feature","properties":{"kind":"state","name":"ネバダ州","code":"NV"},"geometry":{"type":"Polygon","coordinates":[[[-114.03422,41.99312],[-114.03053,36.9941],[-114.02363,36.18975],[-114.0665,36.15642],[-114.13264,36.004],[-114.26917,36.04369],[-114.46073,36.11462],[-114.67134,36.11462],[-114.73961,35.99132],[-114.65018,35.85427],[-114.6507,35.63891],[-114.63005,35.44523],[-114.58086,35.24943],[-114.64222,35.05311],[-116.32075,36.32205],[-118.11462,37.64442],[-120.00003,38.9954],[-119.99898,41.9926],[-117.02825,41.99736],[-117.02825,42.00002],[-114.03422,41.99312]]]}},{"type":"Feature","properties":{"kind":"state","name":"ニューメキシコ州","code":"NM"},"geometry":{"type":"Polygon","coordinates":[[[-109.04523,36.99991],[-107.47997,36.99991],[-105.89986,36.99728],[-104.2002,36.99619],[-103.00322,36.99516],[-103.00161,36.49932],[-103.00161,33.87995],[-103.00161,31.99929],[-103.92978,31.99929],[-105.73,31.99929],[-106.63013,31.99929],[-106.61953,31.9141],[-106.50734,31.75429],[-108.24,31.75485],[-108.24197,31.34207],[-109.04367,31.3419],[-109.04523,36.99991]]]}},{"type":"Feature","properties":{"kind":"state","name":"オレゴン州","code":"OR"},"geometry":{"type":"Polygon","coordinates":[[[-116.679,45.80736],[-116.51126,45.72641],[-116.4578,45.57453],[-116.55888,45.44436],[-116.69329,45.18665],[-116.83615,44.86385],[-117.05153,44.66596],[-117.1923,44.43894],[-117.19439,44.27913],[-117.00761,44.21141],[-116.92666,44.08121],[-117.01396,43.79707],[-117.02825,42.00002],[-117.02825,41.99736],[-119.99898,41.9926],[-124.21381,41.99948],[-124.53284,42.76599],[-124.14214,43.70838],[-123.89893,45.52341],[-123.99868,46.28307],[-123.7767,46.28203],[-123.47137,46.27725],[-123.22849,46.18625],[-122.93797,46.1291],[-122.75224,45.93807],[-122.72579,45.77033],[-122.65171,45.63008],[-122.42046,45.592],[-122.17491,45.59515],[-121.78809,45.70098],[-121.56108,45.73276],[-121.20389,45.6899],[-121.04674,45.6375],[-120.83719,45.67295],[-120.60964,45.7539],[-120.15827,45.74067],[-119.78731,45.85077],[-119.59205,45.93223],[-119.337,45.88834],[-118.97824,45.99257],[-116.915,45.99998],[-116.679,45.80736]]]}},{"type":"Feature","properties":{"kind":"state","name":"ユタ州","code":"UT"},"geometry":{"type":"Polygon","coordinates":[[[-111.05025,42.0016],[-111.05448,41.02793],[-109.05318,41.00199],[-109.04523,36.99991],[-110.49622,37.00733],[-112.4176,37.00942],[-114.03053,36.9941],[-114.03422,41.99312],[-111.05025,42.0016]]]}},{"type":"Feature","properties":{"kind":"state","name":"ワイオミング州","code":"WY"},"geometry":{"type":"Polygon","coordinates":[[[-111.06719,44.5416],[-111.07141,45.0496],[-109.10238,45.05702],[-107.54663,45.04588],[-105.74589,45.05118],[-104.07796,45.04061],[-104.05256,43.00014],[-104.04514,41.00411],[-105.04686,41.0036],[-107.04974,41.00254],[-108.05094,41.00254],[-109.05318,41.00199],[-111.05448,41.02793],[-111.05025,42.0016],[-111.04973,44.48816],[-111.08518,44.50615],[-111.06719,44.5416]]]}},{"type":"Feature","properties":{"kind":"state","name":"アーカンソー州","code":"AR"},"geometry":{"type":"Polygon","coordinates":[[[-89.67351,35.94],[-89.77511,35.79924],[-89.95027,35.70188],[-89.98889,35.53623],[-90.1471,35.405],[-90.13493,35.11395],[-90.24924,35.02083],[-90.26828,34.94146],[-90.44662,34.86684],[-90.45031,34.72186],[-90.58421,34.4541],[-90.69955,34.39746],[-90.87631,34.26147],[-90.98214,34.0551],[-91.20068,33.70639],[-91.22344,33.46933],[-91.10808,33.20684],[-91.15624,33.01],[-92.0013,33.04387],[-93.09403,33.01052],[-94.05976,33.01212],[-94.00209,33.57991],[-94.23334,33.58361],[-94.42754,33.57038],[-94.47991,33.63598],[-94.45136,34.51071],[-94.43017,35.48331],[-94.62861,36.54059],[-93.41259,36.5263],[-92.30718,36.52366],[-91.25148,36.52315],[-90.11219,36.46175],[-90.0291,36.33794],[-90.14181,36.2305],[-90.254,36.12255],[-90.31539,36.02307],[-89.66292,36.02307],[-89.67351,35.94]]]}},{"type":"Feature","properties":{"kind":"state","name":"アイオワ州","code":"IA"},"geometry":{"type":"Polygon","coordinates":[[[-95.35994,43.50019],[-94.00103,43.51342],[-92.54,43.51977],[-91.2282,43.50125],[-91.21391,43.44675],[-91.08374,43.288],[-91.17316,43.21232],[-91.16998,43.00223],[-91.12924,42.91283],[-91.06469,42.75408],[-90.73818,42.65828],[-90.64082,42.50536],[-90.58261,42.42917],[-90.4646,42.37837],[-90.41698,42.27042],[-90.25981,42.18998],[-90.15664,42.10374],[-90.21007,41.83491],[-90.39528,41.60842],[-90.46197,41.53646],[-90.69056,41.47879],[-91.034,41.42956],[-91.12342,41.25758],[-90.99907,41.17981],[-90.95674,41.02476],[-91.08743,40.85172],[-91.15412,40.69984],[-91.41023,40.55114],[-91.43033,40.3686],[-91.5674,40.45221],[-91.75843,40.61411],[-92.85166,40.59243],[-94.00209,40.58502],[-94.89849,40.58344],[-95.7965,40.58396],[-95.8621,40.76493],[-95.83407,40.94381],[-95.85575,41.1163],[-95.95843,41.40471],[-96.02509,41.52429],[-96.09705,41.55656],[-96.10446,41.78781],[-96.16743,41.95343],[-96.34895,42.14182],[-96.34683,42.22437],[-96.41031,42.38948],[-96.4553,42.48896],[-96.45372,42.5805],[-96.61565,42.69163],[-96.53521,42.85568],[-96.48336,43.016],[-96.45953,43.1245],[-96.58707,43.25731],[-96.58601,43.50125],[-96.45266,43.50179],[-95.35994,43.50019]]]}},{"type":"Feature","properties":{"kind":"state","name":"カンザス州","code":"KS"},"geometry":{"type":"Polygon","coordinates":[[[-102.04012,38.45987],[-102.05017,40.00082],[-102.04806,40.00082],[-100.30023,40.00082],[-99.00008,40.00082],[-96.69978,40.00136],[-95.32288,40.00136],[-95.0853,39.86801],[-94.9551,39.87013],[-94.92655,39.72512],[-95.06729,39.53991],[-94.9911,39.44467],[-94.8678,39.23458],[-94.60481,39.13986],[-94.61538,38.06884],[-94.6228,36.99991],[-95.50016,36.99885],[-97.29984,36.99728],[-99.10007,36.99516],[-100.10022,36.9941],[-101.09979,36.99304],[-102.04118,36.99198],[-102.04012,38.45987]]]}},{"type":"Feature","properties":{"kind":"state","name":"ミズーリ州","code":"MO"},"geometry":{"type":"Polygon","coordinates":[[[-90.31539,36.02307],[-90.254,36.12255],[-90.14181,36.2305],[-90.0291,36.33794],[-90.11219,36.46175],[-91.25148,36.52315],[-92.30718,36.52366],[-93.41259,36.5263],[-94.62861,36.54059],[-94.6175,36.99991],[-94.6228,36.99991],[-94.61538,38.06884],[-94.60481,39.13986],[-94.8678,39.23458],[-94.9911,39.44467],[-95.06729,39.53991],[-94.92655,39.72512],[-94.9551,39.87013],[-95.0853,39.86801],[-95.32288,40.00136],[-95.45254,40.21514],[-95.60811,40.34317],[-95.77637,40.5014],[-95.7965,40.58396],[-94.89849,40.58344],[-94.00209,40.58502],[-92.85166,40.59243],[-91.75843,40.61411],[-91.5674,40.45221],[-91.43033,40.3686],[-91.51764,40.11988],[-91.42821,39.8209],[-91.26259,39.61505],[-91.07157,39.44519],[-90.84137,39.31078],[-90.74929,39.26528],[-90.6657,39.07477],[-90.64981,38.90755],[-90.53553,38.86577],[-90.3466,38.93031],[-90.15609,38.76944],[-90.21273,38.58478],[-90.30533,38.43926],[-90.36988,38.26356],[-90.22808,38.11328],[-90.03016,37.972],[-89.91691,37.96828],[-89.65499,37.74868],[-89.55391,37.71904],[-89.47929,37.47722],[-89.51634,37.32692],[-89.38828,37.08141],[-89.28033,37.10735],[-89.10306,36.95229],[-89.13427,36.85176],[-89.11523,36.69458],[-89.27398,36.61151],[-89.49836,36.5062],[-89.52427,36.40935],[-89.58512,36.26701],[-89.66292,36.02307],[-90.31539,36.02307]]]}},{"type":"Feature","properties":{"kind":"state","name":"ネブラスカ州","code":"NE"},"geometry":{"type":"Polygon","coordinates":[[[-102.05017,40.03309],[-102.04806,41.00411],[-104.04514,41.00411],[-104.05256,43.00014],[-102.09991,43.00014],[-100.59974,43.00014],[-98.59418,43.00014],[-98.33596,42.87366],[-97.9682,42.79429],[-97.88193,42.83979],[-97.64434,42.83609],[-97.28716,42.84614],[-97.02839,42.71755],[-96.75427,42.63396],[-96.70877,42.55087],[-96.62304,42.50273],[-96.4553,42.48896],[-96.41031,42.38948],[-96.34683,42.22437],[-96.34895,42.14182],[-96.16743,41.95343],[-96.10446,41.78781],[-96.09705,41.55656],[-96.02509,41.52429],[-95.95843,41.40471],[-95.85575,41.1163],[-95.83407,40.94381],[-95.8621,40.76493],[-95.7965,40.58396],[-95.77637,40.5014],[-95.60811,40.34317],[-95.45254,40.21514],[-95.32288,40.00136],[-96.69978,40.00136],[-99.00008,40.00082],[-100.30023,40.00082],[-102.04806,40.00082],[-102.05017,40.00082],[-102.05017,40.03309]]]}},{"type":"Feature","properties":{"kind":"state","name":"オクラホマ州","code":"OK"},"geometry":{"type":"Polygon","coordinates":[[[-102.04118,36.99198],[-101.09979,36.99304],[-100.10022,36.9941],[-99.10007,36.99516],[-97.29984,36.99728],[-95.50016,36.99885],[-94.6228,36.99991],[-94.6175,36.99991],[-94.62861,36.54059],[-94.43017,35.48331],[-94.45136,34.51071],[-94.47991,33.63598],[-94.91014,33.83179],[-95.19059,33.93816],[-95.41812,33.87041],[-95.7695,33.88101],[-95.97747,33.87943],[-96.14891,33.79794],[-96.31613,33.75613],[-96.46271,33.80533],[-96.79662,33.75135],[-96.94795,33.91806],[-97.10407,33.7736],[-97.37658,33.83814],[-97.65703,33.99371],[-97.95709,33.89369],[-98.08832,34.13448],[-98.55398,34.11066],[-98.85189,34.16463],[-99.1874,34.23556],[-99.33608,34.44296],[-99.59908,34.3763],[-99.76153,34.45779],[-100.0002,34.56523],[-100.0002,35.51985],[-100.0002,36.49932],[-101.00083,36.49932],[-102.0015,36.49932],[-103.00161,36.49932],[-103.00322,36.99516],[-102.04118,36.99198]]]}},{"type":"Feature","properties":{"kind":"state","name":"サウスダコタ州","code":"SD"},"geometry":{"type":"Polygon","coordinates":[[[-96.55689,45.87245],[-96.78073,45.7608],[-96.8347,45.62533],[-96.73577,45.47082],[-96.56061,45.39302],[-96.43943,44.43576],[-96.45266,43.50179],[-96.58601,43.50125],[-96.58707,43.25731],[-96.45953,43.1245],[-96.48336,43.016],[-96.53521,42.85568],[-96.61565,42.69163],[-96.45372,42.5805],[-96.4553,42.48896],[-96.62304,42.50273],[-96.70877,42.55087],[-96.75427,42.63396],[-97.02839,42.71755],[-97.28716,42.84614],[-97.64434,42.83609],[-97.88193,42.83979],[-97.9682,42.79429],[-98.33596,42.87366],[-98.59418,43.00014],[-100.59974,43.00014],[-102.09991,43.00014],[-104.05256,43.00014],[-104.07796,45.04061],[-104.02662,45.9566],[-102.11686,45.96135],[-100.06686,45.96557],[-98.44179,45.96345],[-96.53945,46.01797],[-96.55689,45.87245]]]}},{"type":"Feature","properties":{"kind":"state","name":"ルイジアナ州","code":"LA"},"geometry":{"type":"Polygon","coordinates":[[[-93.09403,33.01052],[-92.0013,33.04387],[-91.15624,33.01],[-91.0848,32.95285],[-91.1758,32.80839],[-91.03082,32.60253],[-91.07208,32.47872],[-90.94297,32.30674],[-91.08162,32.2046],[-91.12818,32.0157],[-91.32132,31.85958],[-91.41129,31.65003],[-91.50229,31.40873],[-91.62453,31.29708],[-91.58378,31.04733],[-90.70167,31.01557],[-89.75922,31.01346],[-89.7878,30.84729],[-89.85394,30.68324],[-89.79046,30.55679],[-89.65868,30.44088],[-89.62323,30.27526],[-89.60471,30.1763],[-89.59393,30.16038],[-89.59383,30.15999],[-89.5937,30.16004],[-89.41374,29.89419],[-89.43,29.48864],[-89.21767,29.29108],[-89.40839,29.15977],[-89.77928,29.30714],[-90.15463,29.11743],[-90.88022,29.14853],[-91.62678,29.677],[-92.49906,29.5523],[-93.22637,29.78375],[-93.84842,29.71363],[-93.91847,29.82177],[-93.81688,29.96835],[-93.66712,30.10064],[-93.66448,30.30014],[-93.7375,30.3668],[-93.65019,30.60547],[-93.58617,30.71394],[-93.48984,31.0796],[-93.57824,31.21613],[-93.69412,31.44366],[-93.77931,31.67543],[-93.83486,31.82994],[-93.99891,31.94265],[-94.05976,33.01212],[-93.09403,33.01052]]]}},{"type":"Feature","properties":{"kind":"state","name":"テキサス州","code":"TX"},"geometry":{"type":"Polygon","coordinates":[[[-106.61953,31.9141],[-106.63013,31.99929],[-105.73,31.99929],[-103.92978,31.99929],[-103.00161,31.99929],[-103.00161,33.87995],[-103.00161,36.49932],[-102.0015,36.49932],[-101.00083,36.49932],[-100.0002,36.49932],[-100.0002,35.51985],[-100.0002,34.56523],[-99.76153,34.45779],[-99.59908,34.3763],[-99.33608,34.44296],[-99.1874,34.23556],[-98.85189,34.16463],[-98.55398,34.11066],[-98.08832,34.13448],[-97.95709,33.89369],[-97.65703,33.99371],[-97.37658,33.83814],[-97.10407,33.7736],[-96.94795,33.91806],[-96.79662,33.75135],[-96.46271,33.80533],[-96.31613,33.75613],[-96.14891,33.79794],[-95.97747,33.87943],[-95.7695,33.88101],[-95.41812,33.87041],[-95.19059,33.93816],[-94.91014,33.83179],[-94.47991,33.63598],[-94.42754,33.57038],[-94.23334,33.58361],[-94.00209,33.57991],[-94.05976,33.01212],[-93.99891,31.94265],[-93.83486,31.82994],[-93.77931,31.67543],[-93.69412,31.44366],[-93.57824,31.21613],[-93.48984,31.0796],[-93.58617,30.71394],[-93.65019,30.60547],[-93.7375,30.3668],[-93.66448,30.30014],[-93.66712,30.10064],[-93.81688,29.96835],[-93.91847,29.82177],[-93.84842,29.71363],[-94.69,29.47993],[-95.60018,28.73856],[-96.59394,28.30729],[-97.14003,27.82998],[-97.37023,27.38019],[-97.37976,26.69015],[-97.33002,26.21021],[-97.14003,25.86995],[-97.53004,25.83979],[-98.24017,26.05993],[-99.02018,26.37002],[-99.30011,26.83991],[-99.52022,27.54],[-100.11027,28.10991],[-100.4558,28.69623],[-100.95745,29.38097],[-101.66229,29.77942],[-102.47986,29.75986],[-103.11011,28.96981],[-103.93983,29.26984],[-104.45682,29.57199],[-104.70554,30.1218],[-105.03733,30.6441],[-105.63158,31.08384],[-106.14277,31.39974],[-106.50734,31.75429],[-106.61953,31.9141]]]}},{"type":"Feature","properties":{"kind":"state","name":"コネチカット州","code":"CT"},"geometry":{"type":"Polygon","coordinates":[[[-72.73222,42.03599],[-71.80091,42.01325],[-71.79295,41.46662],[-71.85383,41.32004],[-72.29514,41.26976],[-72.87617,41.22056],[-73.64789,40.95324],[-73.64827,40.95462],[-73.64789,40.95477],[-73.65669,40.98507],[-73.69268,41.10731],[-73.47517,41.20467],[-73.55349,41.28986],[-73.49794,42.05451],[-72.73222,42.03599]]]}},{"type":"Feature","properties":{"kind":"state","name":"マサチューセッツ州","code":"MA"},"geometry":{"type":"Polygon","coordinates":[[[-72.73222,42.03599],[-73.49794,42.05451],[-73.28203,42.74349],[-72.45707,42.72708],[-71.24898,42.71809],[-71.14578,42.81651],[-70.9336,42.88426],[-70.81505,42.86519],[-70.8251,42.33496],[-70.49492,41.80474],[-70.08006,41.77988],[-70.18483,42.145],[-69.8848,41.92276],[-69.96521,41.63699],[-70.63989,41.47507],[-71.12038,41.49465],[-71.1479,41.64759],[-71.30507,41.76241],[-71.37915,42.02436],[-71.80091,42.01325],[-72.73222,42.03599]]]}},{"type":"Feature","properties":{"kind":"state","name":"ニューハンプシャー州","code":"NH"},"geometry":{"type":"Polygon","coordinates":[[[-70.9336,42.88426],[-71.14578,42.81651],[-71.24898,42.71809],[-72.45707,42.72708],[-72.5375,42.8308],[-72.45865,42.96045],[-72.43431,43.22292],[-72.40361,43.28537],[-72.36976,43.52189],[-72.26021,43.72139],[-72.1782,43.8087],[-72.05914,44.04576],[-72.03637,44.20663],[-72.00304,44.30401],[-71.8099,44.35215],[-71.58552,44.46804],[-71.54638,44.5924],[-71.62046,44.7358],[-71.50351,45.0078],[-71.50509,45.00831],[-71.40509,45.25491],[-71.08482,45.30524],[-70.94416,43.46634],[-70.98176,43.3679],[-70.79761,43.21974],[-70.75102,43.08003],[-70.64573,43.09008],[-70.81505,42.86519],[-70.9336,42.88426]]]}},{"type":"Feature","properties":{"kind":"state","name":"ロードアイランド州","code":"RI"},"geometry":{"type":"Polygon","coordinates":[[[-71.79295,41.46662],[-71.80091,42.01325],[-71.37915,42.02436],[-71.30507,41.76241],[-71.1479,41.64759],[-71.12038,41.49465],[-71.85383,41.32004],[-71.79295,41.46662]]]}},{"type":"Feature","properties":{"kind":"state","name":"バーモント州","code":"VT"},"geometry":{"type":"Polygon","coordinates":[[[-73.28203,42.74349],[-73.23971,43.56793],[-73.38311,43.57535],[-73.40164,43.61344],[-73.33813,43.75844],[-73.42967,44.01985],[-73.32914,44.22673],[-73.38417,44.37915],[-73.40797,44.67601],[-73.36828,44.8046],[-73.34766,45.00725],[-71.50509,45.00831],[-71.50351,45.0078],[-71.62046,44.7358],[-71.54638,44.5924],[-71.58552,44.46804],[-71.8099,44.35215],[-72.00304,44.30401],[-72.03637,44.20663],[-72.05914,44.04576],[-72.1782,43.8087],[-72.26021,43.72139],[-72.36976,43.52189],[-72.40361,43.28537],[-72.43431,43.22292],[-72.45865,42.96045],[-72.5375,42.8308],[-72.45707,42.72708],[-73.28203,42.74349]]]}},{"type":"Feature","properties":{"kind":"state","name":"アラバマ州","code":"AL"},"geometry":{"type":"Polygon","coordinates":[[[-86.90968,34.99913],[-85.62539,34.9859],[-85.36556,33.74448],[-85.12955,32.75071],[-84.98615,32.43797],[-84.89884,32.25912],[-85.06392,32.08342],[-85.1195,31.7654],[-85.06553,31.57701],[-85.09038,31.40028],[-85.1179,31.23623],[-85.05442,31.1087],[-85.00519,30.99069],[-87.04566,30.98488],[-87.61715,30.92772],[-87.63304,30.85153],[-87.40497,30.60865],[-87.45789,30.41127],[-87.53039,30.2742],[-88.4178,30.38481],[-88.44953,31.91198],[-88.27334,33.51005],[-88.09552,34.80599],[-88.16696,34.99967],[-86.90968,34.99913]]]}},{"type":"Feature","properties":{"kind":"state","name":"フロリダ州","code":"FL"},"geometry":{"type":"Polygon","coordinates":[[[-87.45789,30.41127],[-87.40497,30.60865],[-87.63304,30.85153],[-87.61715,30.92772],[-87.04566,30.98488],[-85.00519,30.99069],[-84.85332,30.72135],[-83.8479,30.67531],[-82.22601,30.52555],[-82.15193,30.35094],[-82.02282,30.44036],[-82.02016,30.78802],[-81.89952,30.82189],[-81.7016,30.74833],[-81.49047,30.72983],[-81.31371,30.03552],[-80.97983,29.1799],[-80.53558,28.47213],[-80.53004,28.04007],[-80.05654,26.88],[-80.08801,26.20576],[-80.13156,25.81677],[-80.38103,25.20616],[-80.6798,25.07992],[-81.17191,25.2011],[-81.33012,25.63975],[-81.71007,25.86995],[-82.23978,26.72984],[-82.70515,27.49504],[-82.85526,27.88624],[-82.64988,28.55017],[-82.93,29.1],[-83.70959,29.93656],[-84.0998,30.09005],[-85.10882,29.63615],[-85.28784,29.68612],[-85.7731,30.15261],[-86.40007,30.40016],[-87.53039,30.2742],[-87.45789,30.41127]]]}},{"type":"Feature","properties":{"kind":"state","name":"ジョージア州","code":"GA"},"geometry":{"type":"Polygon","coordinates":[[[-85.05442,31.1087],[-85.1179,31.23623],[-85.09038,31.40028],[-85.06553,31.57701],[-85.1195,31.7654],[-85.06392,32.08342],[-84.89884,32.25912],[-84.98615,32.43797],[-85.12955,32.75071],[-85.36556,33.74448],[-85.62539,34.9859],[-84.85438,34.97691],[-84.32097,34.98696],[-83.07637,34.97903],[-83.18592,34.89596],[-83.34625,34.70651],[-83.07637,34.54035],[-82.90282,34.4795],[-82.71655,34.16306],[-82.59749,33.98578],[-82.24929,33.74872],[-82.18051,33.62436],[-81.94344,33.46137],[-81.82702,33.22324],[-81.5074,33.02163],[-81.43595,32.79304],[-81.37671,32.68245],[-81.4111,32.60889],[-81.22483,32.49936],[-81.12641,32.31203],[-81.12799,32.12153],[-81.03644,32.08448],[-80.86501,32.03316],[-81.33629,31.44049],[-81.49047,30.72983],[-81.7016,30.74833],[-81.89952,30.82189],[-82.02016,30.78802],[-82.02282,30.44036],[-82.15193,30.35094],[-82.22601,30.52555],[-83.8479,30.67531],[-84.85332,30.72135],[-85.00519,30.99069],[-85.05442,31.1087]]]}},{"type":"Feature","properties":{"kind":"state","name":"ミシシッピ州","code":"MS"},"geometry":{"type":"Polygon","coordinates":[[[-91.10808,33.20684],[-91.22344,33.46933],[-91.20068,33.70639],[-90.98214,34.0551],[-90.87631,34.26147],[-90.69955,34.39746],[-90.58421,34.4541],[-90.45031,34.72186],[-90.44662,34.86684],[-90.26828,34.94146],[-90.24924,35.02083],[-89.26393,35.02135],[-88.16696,34.99967],[-88.09552,34.80599],[-88.27334,33.51005],[-88.44953,31.91198],[-88.4178,30.38481],[-89.18049,30.31598],[-89.5937,30.16004],[-89.59383,30.15999],[-89.59393,30.16038],[-89.60471,30.1763],[-89.62323,30.27526],[-89.65868,30.44088],[-89.79046,30.55679],[-89.85394,30.68324],[-89.7878,30.84729],[-89.75922,31.01346],[-90.70167,31.01557],[-91.58378,31.04733],[-91.62453,31.29708],[-91.50229,31.40873],[-91.41129,31.65003],[-91.32132,31.85958],[-91.12818,32.0157],[-91.08162,32.2046],[-90.94297,32.30674],[-91.07208,32.47872],[-91.03082,32.60253],[-91.1758,32.80839],[-91.0848,32.95285],[-91.15624,33.01],[-91.10808,33.20684]]]}},{"type":"Feature","properties":{"kind":"state","name":"サウスカロライナ州","code":"SC"},"geometry":{"type":"Polygon","coordinates":[[[-81.03644,32.08448],[-81.12799,32.12153],[-81.12641,32.31203],[-81.22483,32.49936],[-81.4111,32.60889],[-81.37671,32.68245],[-81.43595,32.79304],[-81.5074,33.02163],[-81.82702,33.22324],[-81.94344,33.46137],[-82.18051,33.62436],[-82.24929,33.74872],[-82.59749,33.98578],[-82.71655,34.16306],[-82.90282,34.4795],[-83.07637,34.54035],[-83.34625,34.70651],[-83.18592,34.89596],[-83.07637,34.97903],[-82.97638,35.00866],[-82.43662,35.1801],[-81.51427,35.17165],[-81.04598,35.12561],[-81.03802,35.03724],[-80.93748,35.10339],[-80.78085,34.93404],[-80.78351,34.81764],[-79.67278,34.80757],[-78.55411,33.86142],[-79.06067,33.49395],[-79.20357,33.15839],[-80.30133,32.50935],[-80.86501,32.03316],[-81.03644,32.08448]]]}},{"type":"Feature","properties":{"kind":"state","name":"イリノイ州","code":"IL"},"geometry":{"type":"Polygon","coordinates":[[[-91.41023,40.55114],[-91.15412,40.69984],[-91.08743,40.85172],[-90.95674,41.02476],[-90.99907,41.17981],[-91.12342,41.25758],[-91.034,41.42956],[-90.69056,41.47879],[-90.46197,41.53646],[-90.39528,41.60842],[-90.21007,41.83491],[-90.15664,42.10374],[-90.25981,42.18998],[-90.41698,42.27042],[-90.4646,42.37837],[-90.58261,42.42917],[-90.64082,42.50536],[-89.62005,42.50536],[-88.57655,42.50325],[-87.8066,42.49425],[-87.8066,42.49689],[-87.48964,42.49531],[-87.03931,42.49265],[-87.08481,42.30956],[-87.13034,42.12702],[-87.17584,41.9439],[-87.22134,41.76084],[-87.37164,41.76084],[-87.52085,41.76084],[-87.52137,41.70844],[-87.52615,41.70844],[-87.52721,40.55008],[-87.52827,39.39227],[-87.64204,39.11394],[-87.56,39.04038],[-87.50708,38.86946],[-87.51504,38.73505],[-87.59865,38.6742],[-87.67113,38.50858],[-87.87856,38.29056],[-88.01881,38.02174],[-88.05108,37.8196],[-88.04421,37.74498],[-88.15743,37.60582],[-88.07173,37.51161],[-88.2474,37.43859],[-88.47387,37.35498],[-88.43524,37.13644],[-88.56647,37.05389],[-88.80778,37.14649],[-89.07396,37.20047],[-89.14168,37.10363],[-89.10306,36.95229],[-89.28033,37.10735],[-89.38828,37.08141],[-89.51634,37.32692],[-89.47929,37.47722],[-89.55391,37.71904],[-89.65499,37.74868],[-89.91691,37.96828],[-90.03016,37.972],[-90.22808,38.11328],[-90.36988,38.26356],[-90.30533,38.43926],[-90.21273,38.58478],[-90.15609,38.76944],[-90.3466,38.93031],[-90.53553,38.86577],[-90.64981,38.90755],[-90.6657,39.07477],[-90.74929,39.26528],[-90.84137,39.31078],[-91.07157,39.44519],[-91.26259,39.61505],[-91.42821,39.8209],[-91.51764,40.11988],[-91.43033,40.3686],[-91.41023,40.55114]]]}},{"type":"Feature","properties":{"kind":"state","name":"インディアナ州","code":"IN"},"geometry":{"type":"Polygon","coordinates":[[[-88.01881,38.02174],[-87.87856,38.29056],[-87.67113,38.50858],[-87.59865,38.6742],[-87.51504,38.73505],[-87.50708,38.86946],[-87.56,39.04038],[-87.64204,39.11394],[-87.52827,39.39227],[-87.52721,40.55008],[-87.52615,41.70844],[-87.52137,41.70844],[-87.52085,41.76084],[-87.37164,41.76084],[-87.22134,41.76084],[-86.91813,41.76084],[-86.82446,41.76084],[-86.82446,41.75606],[-85.74815,41.7513],[-84.8073,41.75606],[-84.80676,41.67774],[-84.80993,40.77286],[-84.81787,39.79974],[-84.82368,39.10653],[-84.88138,39.05942],[-84.79988,38.85517],[-84.84327,38.7811],[-85.01155,38.77949],[-85.16764,38.69113],[-85.40419,38.72712],[-85.42589,38.53504],[-85.56663,38.46199],[-85.69841,38.29001],[-85.83969,38.2588],[-86.05983,37.96089],[-86.26251,38.04662],[-86.32547,38.16938],[-86.49957,37.96988],[-86.61016,37.85875],[-86.82552,37.97624],[-87.05571,37.88097],[-87.13139,37.78361],[-87.43936,37.93601],[-87.65366,37.82648],[-87.91137,37.90425],[-87.92142,37.79366],[-88.05108,37.8196],[-88.01881,38.02174]]]}},{"type":"Feature","properties":{"kind":"state","name":"ケンタッキー州","code":"KY"},"geometry":{"type":"Polygon","coordinates":[[[-89.27398,36.61151],[-89.11523,36.69458],[-89.13427,36.85176],[-89.10306,36.95229],[-89.14168,37.10363],[-89.07396,37.20047],[-88.80778,37.14649],[-88.56647,37.05389],[-88.43524,37.13644],[-88.47387,37.35498],[-88.2474,37.43859],[-88.07173,37.51161],[-88.15743,37.60582],[-88.04421,37.74498],[-88.05108,37.8196],[-87.92142,37.79366],[-87.91137,37.90425],[-87.65366,37.82648],[-87.43936,37.93601],[-87.13139,37.78361],[-87.05571,37.88097],[-86.82552,37.97624],[-86.61016,37.85875],[-86.49957,37.96988],[-86.32547,38.16938],[-86.26251,38.04662],[-86.05983,37.96089],[-85.83969,38.2588],[-85.69841,38.29001],[-85.56663,38.46199],[-85.42589,38.53504],[-85.40419,38.72712],[-85.16764,38.69113],[-85.01155,38.77949],[-84.84327,38.7811],[-84.79988,38.85517],[-84.88138,39.05942],[-84.82368,39.10653],[-84.48132,39.08325],[-84.30459,38.98692],[-84.03895,38.76099],[-83.82674,38.69007],[-83.67274,38.60912],[-83.43462,38.63715],[-83.25894,38.57948],[-83.04464,38.63452],[-82.85519,38.65144],[-82.77528,38.51122],[-82.58901,38.41543],[-82.56997,38.32019],[-82.58056,38.11328],[-82.4615,37.95717],[-82.41334,37.80532],[-82.2673,37.67566],[-82.16728,37.55448],[-81.97254,37.53595],[-82.07539,37.45936],[-82.37259,37.23804],[-82.68479,37.1211],[-82.68479,37.12109],[-82.70913,37.04014],[-82.81551,36.93483],[-83.07335,36.82261],[-83.08908,36.81576],[-83.09948,36.80444],[-83.17851,36.71838],[-83.33059,36.67266],[-83.38436,36.6565],[-83.67329,36.59986],[-84.35009,36.56705],[-85.23115,36.60991],[-85.51901,36.59774],[-86.09262,36.62577],[-86.67788,36.63373],[-87.21658,36.639],[-87.84205,36.61097],[-87.87435,36.6565],[-88.07278,36.65438],[-88.06961,36.4972],[-89.49836,36.5062],[-89.27398,36.61151]]]}},{"type":"Feature","properties":{"kind":"state","name":"ノースカロライナ州","code":"NC"},"geometry":{"type":"Polygon","coordinates":[[[-84.32097,34.98696],[-84.29875,35.19863],[-84.08708,35.26159],[-84.01776,35.369],[-83.87596,35.49021],[-83.67329,35.51667],[-83.43834,35.56269],[-83.20972,35.64896],[-83.11079,35.73733],[-82.92028,35.81722],[-82.92558,35.88972],[-82.67423,36.02519],[-82.59325,35.93734],[-82.22389,36.12573],[-82.05139,36.10614],[-81.8974,36.27391],[-81.69366,36.31729],[-81.70477,36.46015],[-81.67938,36.58557],[-82.0699,36.57048],[-81.67937,36.58557],[-79.9924,36.54219],[-77.99955,36.53744],[-76.94122,36.54588],[-75.99325,36.55056],[-75.86808,36.55118],[-75.72731,35.55052],[-76.36337,34.80862],[-77.39763,34.51201],[-78.05496,33.92547],[-78.55411,33.86142],[-79.67278,34.80757],[-80.78351,34.81764],[-80.78085,34.93404],[-80.93748,35.10339],[-81.03802,35.03724],[-81.04598,35.12561],[-81.51427,35.17165],[-82.43662,35.1801],[-82.97638,35.00866],[-83.07637,34.97903],[-84.32097,34.98696]]]}},{"type":"Feature","properties":{"kind":"state","name":"オハイオ州","code":"OH"},"geometry":{"type":"Polygon","coordinates":[[[-84.81787,39.79974],[-84.80993,40.77286],[-84.80676,41.67774],[-84.29506,41.68516],[-83.83997,41.68516],[-83.46268,41.69415],[-83.142,41.97568],[-83.1219,41.94974],[-83.02981,41.8328],[-82.86631,41.75288],[-82.69009,41.67511],[-82.43928,41.67511],[-82.21332,41.77882],[-81.97414,41.88889],[-81.76087,41.98679],[-81.5074,42.10374],[-81.27775,42.20903],[-81.02797,42.24714],[-80.68243,42.29951],[-80.52051,42.32439],[-80.51627,42.32491],[-80.51627,42.32439],[-80.51893,40.64111],[-80.65755,40.59083],[-80.61523,40.46384],[-80.66179,40.23364],[-80.76499,39.9733],[-80.86183,39.75739],[-80.87875,39.65422],[-81.15075,39.42615],[-81.26609,39.37744],[-81.40105,39.34941],[-81.52223,39.37163],[-81.74501,39.19965],[-81.78575,39.01922],[-81.81696,38.92184],[-81.90587,38.88215],[-81.91856,38.9938],[-82.05403,39.01816],[-82.1948,38.8012],[-82.21066,38.57948],[-82.34083,38.44083],[-82.58901,38.41543],[-82.77528,38.51122],[-82.85519,38.65144],[-83.04464,38.63452],[-83.25894,38.57948],[-83.43462,38.63715],[-83.67274,38.60912],[-83.82674,38.69007],[-84.03895,38.76099],[-84.30459,38.98692],[-84.48132,39.08325],[-84.82368,39.10653],[-84.81787,39.79974]]]}},{"type":"Feature","properties":{"kind":"state","name":"テネシー州","code":"TN"},"geometry":{"type":"Polygon","coordinates":[[[-90.13493,35.11395],[-90.1471,35.405],[-89.98889,35.53623],[-89.95027,35.70188],[-89.77511,35.79924],[-89.67351,35.94],[-89.66292,36.02307],[-89.58512,36.26701],[-89.52427,36.40935],[-89.49836,36.5062],[-88.06961,36.4972],[-88.07278,36.65438],[-87.87435,36.6565],[-87.84205,36.61097],[-87.21658,36.639],[-86.67788,36.63373],[-86.09262,36.62577],[-85.51901,36.59774],[-85.23115,36.60991],[-84.35009,36.56705],[-83.67329,36.59986],[-83.38436,36.6565],[-83.33059,36.67266],[-83.38436,36.6565],[-83.67328,36.59986],[-82.18632,36.56598],[-82.0699,36.57048],[-81.67938,36.58557],[-81.70477,36.46015],[-81.69366,36.31729],[-81.8974,36.27391],[-82.05139,36.10614],[-82.22389,36.12573],[-82.59325,35.93734],[-82.67423,36.02519],[-82.92558,35.88972],[-82.92028,35.81722],[-83.11079,35.73733],[-83.20972,35.64896],[-83.43834,35.56269],[-83.67329,35.51667],[-83.87596,35.49021],[-84.01776,35.369],[-84.08708,35.26159],[-84.29875,35.19863],[-84.32097,34.98696],[-84.85438,34.97691],[-85.62539,34.9859],[-86.90968,34.99913],[-88.16696,34.99967],[-89.26393,35.02135],[-90.24924,35.02083],[-90.13493,35.11395]]]}},{"type":"Feature","properties":{"kind":"state","name":"バージニア州","code":"VA"},"geometry":{"type":"MultiPolygon","coordinates":[[[[-83.17851,36.71838],[-83.09948,36.80444],[-83.08908,36.81576],[-83.07335,36.82261],[-82.81551,36.93483],[-82.70913,37.04014],[-82.68479,37.12109],[-82.68479,37.1211],[-82.37259,37.23804],[-82.07539,37.45936],[-81.97254,37.53595],[-81.92809,37.36609],[-81.83874,37.29436],[-81.81539,37.27561],[-81.66351,37.19517],[-81.43343,37.2832],[-81.34813,37.31584],[-81.34813,37.31584],[-81.22801,37.24545],[-80.91532,37.31553],[-80.85493,37.32906],[-80.84167,37.38376],[-80.83325,37.41849],[-80.72,37.38304],[-80.60294,37.45208],[-80.59619,37.45606],[-80.457,37.44177],[-80.29824,37.51903],[-80.28578,37.57167],[-80.27657,37.61057],[-80.29297,37.72806],[-80.29297,37.72806],[-80.29297,37.72806],[-80.15751,37.9011],[-79.96436,38.03179],[-79.91514,38.17943],[-79.81892,38.2792],[-79.74368,38.35722],[-79.64792,38.57473],[-79.64792,38.57473],[-79.64792,38.57473],[-79.51509,38.49745],[-79.36639,38.42603],[-79.22299,38.46463],[-79.17483,38.55566],[-79.07641,38.68002],[-79.00736,38.76813],[-78.96528,38.82182],[-78.96528,38.82182],[-78.96528,38.82182],[-78.8928,38.78004],[-78.74462,38.90915],[-78.62994,38.98571],[-78.54884,39.03984],[-78.51355,39.06807],[-78.42448,39.13932],[-78.36231,39.34917],[-78.34563,39.4055],[-78.34562,39.4055],[-77.88107,39.15902],[-77.83499,39.13456],[-77.7228,39.32243],[-77.69583,39.3162],[-77.57622,39.28856],[-77.44341,39.21342],[-77.44341,39.21342],[-77.44341,39.21342],[-77.50088,39.12948],[-77.51697,39.10599],[-77.30582,39.04568],[-77.11955,38.93401],[-77.11955,38.93401],[-77.03648,38.84828],[-77.04124,38.78954],[-77.05922,38.70859],[-77.09807,38.68712],[-77.22962,38.61441],[-77.34339,38.39161],[-77.21058,38.33712],[-77.04811,38.3805],[-77.00225,38.26962],[-76.9899,38.23973],[-76.30162,37.91795],[-76.25874,36.9664],[-75.9718,36.89726],[-75.86808,36.55118],[-75.86808,36.55118],[-75.99325,36.55056],[-76.94122,36.54588],[-77.99955,36.53744],[-79.9924,36.54219],[-81.67937,36.58557],[-82.0699,36.57048],[-82.18632,36.56598],[-83.67328,36.59986],[-83.38436,36.6565],[-83.33059,36.67266],[-83.17851,36.71838]]],[[[-75.94003,37.21688],[-76.03106,37.25656],[-75.72205,37.93705],[-75.72205,37.93705],[-75.60985,38.00003],[-75.37754,38.01538],[-75.37754,38.01538],[-75.94003,37.21688]]]]}},{"type":"Feature","properties":{"kind":"state","name":"ウィスコンシン州","code":"WI"},"geometry":{"type":"Polygon","coordinates":[[[-91.25466,43.61398],[-91.25729,43.85474],[-91.28959,43.93729],[-91.62771,44.08545],[-91.87961,44.25743],[-91.94999,44.36484],[-92.06215,44.43259],[-92.38549,44.57493],[-92.50507,44.58392],[-92.79666,44.77603],[-92.76648,44.99614],[-92.76542,45.26708],[-92.68922,45.51844],[-92.89983,45.70576],[-92.75697,45.88991],[-92.5437,45.98569],[-92.29658,46.09628],[-92.26483,46.09522],[-92.27488,46.65615],[-92.0119,46.71172],[-91.96479,46.72971],[-91.84098,46.77839],[-91.71662,46.82761],[-91.59226,46.87626],[-91.46844,46.92497],[-91.26471,47.02126],[-91.06097,47.11705],[-90.85778,47.21283],[-90.65405,47.30913],[-90.47995,47.30386],[-90.30585,47.29802],[-90.13175,47.29275],[-89.95766,47.28691],[-90.01481,47.1996],[-90.07145,47.11175],[-90.12806,47.0239],[-90.18521,46.93608],[-90.24183,46.84823],[-90.29898,46.76092],[-90.35559,46.67307],[-90.39528,46.61168],[-90.41063,46.58418],[-90.39688,46.57625],[-90.33497,46.59687],[-90.33391,46.59369],[-90.17674,46.56088],[-90.0963,46.38099],[-89.22106,46.20212],[-88.64427,46.0222],[-88.36171,46.02063],[-88.16696,46.00792],[-88.11193,45.84335],[-87.87541,45.77984],[-87.78701,45.63962],[-87.84789,45.55918],[-87.89339,45.39671],[-87.67325,45.38775],[-87.74733,45.22688],[-87.61397,45.10887],[-87.61292,45.11045],[-87.45946,45.06813],[-87.41978,45.18401],[-87.24462,45.28985],[-87.1155,45.45229],[-86.94246,45.45229],[-86.77421,45.45229],[-86.48156,45.32318],[-86.2646,45.22688],[-86.40167,45.13321],[-86.53608,45.04167],[-86.71493,44.84641],[-86.82234,44.59134],[-86.91867,44.36169],[-87.03243,44.09129],[-87.08323,43.89019],[-87.14196,43.65788],[-87.14514,43.57109],[-87.15519,43.32663],[-87.11393,43.03029],[-87.07954,42.78212],[-87.03931,42.49265],[-87.48964,42.49531],[-87.8066,42.49689],[-87.8066,42.49425],[-88.57655,42.50325],[-89.62005,42.50536],[-90.64082,42.50536],[-90.73818,42.65828],[-91.06469,42.75408],[-91.12924,42.91283],[-91.16998,43.00223],[-91.17316,43.21232],[-91.08374,43.288],[-91.21391,43.44675],[-91.2282,43.50125],[-91.25466,43.61398]]]}},{"type":"Feature","properties":{"kind":"state","name":"ウェストバージニア州","code":"WV"},"geometry":{"type":"Polygon","coordinates":[[[-82.16728,37.55448],[-82.2673,37.67566],[-82.41334,37.80532],[-82.4615,37.95717],[-82.58056,38.11328],[-82.56997,38.32019],[-82.58901,38.41543],[-82.34083,38.44083],[-82.21066,38.57948],[-82.1948,38.8012],[-82.05403,39.01816],[-81.91856,38.9938],[-81.90587,38.88215],[-81.81696,38.92184],[-81.78575,39.01922],[-81.74501,39.19965],[-81.52223,39.37163],[-81.40105,39.34941],[-81.26609,39.37744],[-81.15075,39.42615],[-80.87875,39.65422],[-80.86183,39.75739],[-80.76499,39.9733],[-80.66179,40.23364],[-80.61523,40.46384],[-80.65755,40.59083],[-80.51893,40.64111],[-80.51893,39.72088],[-79.47752,39.72088],[-79.486,39.21342],[-79.33252,39.30285],[-79.16108,39.41821],[-78.96316,39.4579],[-78.82929,39.56265],[-78.53401,39.52245],[-78.425,39.59652],[-78.2324,39.6722],[-77.92335,39.59283],[-77.80165,39.44994],[-77.7228,39.32243],[-77.83499,39.13456],[-77.88107,39.15902],[-78.34562,39.4055],[-78.34563,39.4055],[-78.36231,39.34917],[-78.42448,39.13932],[-78.51355,39.06807],[-78.54884,39.03984],[-78.62994,38.98571],[-78.74462,38.90915],[-78.8928,38.78004],[-78.96528,38.82182],[-78.96528,38.82182],[-78.96528,38.82182],[-79.00736,38.76813],[-79.07641,38.68002],[-79.17483,38.55566],[-79.22299,38.46463],[-79.36639,38.42603],[-79.51509,38.49745],[-79.64792,38.57473],[-79.64792,38.57473],[-79.64792,38.57473],[-79.74368,38.35722],[-79.81892,38.2792],[-79.91514,38.17943],[-79.96436,38.03179],[-80.15751,37.9011],[-80.29297,37.72806],[-80.29297,37.72806],[-80.29297,37.72806],[-80.27657,37.61057],[-80.28578,37.57167],[-80.29824,37.51903],[-80.457,37.44177],[-80.59619,37.45606],[-80.60294,37.45208],[-80.72,37.38304],[-80.83325,37.41849],[-80.84167,37.38376],[-80.85493,37.32906],[-80.91532,37.31553],[-81.22801,37.24545],[-81.34813,37.31584],[-81.34813,37.31584],[-81.43343,37.2832],[-81.66351,37.19517],[-81.81539,37.27561],[-81.83874,37.29436],[-81.92809,37.36609],[-81.97254,37.53595],[-82.16728,37.55448]]]}},{"type":"Feature","properties":{"kind":"state","name":"デラウェア州","code":"DE"},"geometry":{"type":"Polygon","coordinates":[[[-75.71462,38.44931],[-75.78764,39.72355],[-75.7109,39.80238],[-75.62096,39.84736],[-75.40557,39.7955],[-75.55427,39.69125],[-75.52781,39.49865],[-75.31987,38.95995],[-75.07183,38.78203],[-75.04838,38.44877],[-75.71462,38.44931]]]}},{"type":"Feature","properties":{"kind":"state","name":"ワシントンD.C.","code":"DC"},"geometry":{"type":"Polygon","coordinates":[[[-77.03648,38.84828],[-77.11955,38.93401],[-77.0386,38.98217],[-76.91158,38.87845],[-77.04124,38.78954],[-77.03648,38.84828]]]}},{"type":"Feature","properties":{"kind":"state","name":"メリーランド州","code":"MD"},"geometry":{"type":"Polygon","coordinates":[[[-75.37754,38.01538],[-75.60985,38.00003],[-75.72205,37.93705],[-75.72205,37.93705],[-76.23287,38.31921],[-76.35,39.15],[-76.54273,38.71762],[-76.32933,38.08326],[-76.9899,38.23973],[-77.00225,38.26962],[-77.04811,38.3805],[-77.21058,38.33712],[-77.34339,38.39161],[-77.22962,38.61441],[-77.09807,38.68712],[-77.05922,38.70859],[-77.04124,38.78954],[-76.91158,38.87845],[-77.0386,38.98217],[-77.11955,38.93401],[-77.11955,38.93401],[-77.30582,39.04568],[-77.51697,39.10599],[-77.50088,39.12948],[-77.44341,39.21342],[-77.44341,39.21342],[-77.44341,39.21342],[-77.57622,39.28856],[-77.69583,39.3162],[-77.7228,39.32243],[-77.80165,39.44994],[-77.92335,39.59283],[-78.2324,39.6722],[-78.425,39.59652],[-78.53401,39.52245],[-78.82929,39.56265],[-78.96316,39.4579],[-79.16108,39.41821],[-79.33252,39.30285],[-79.486,39.21342],[-79.47752,39.72088],[-78.5499,39.71982],[-78.23292,39.7214],[-77.5233,39.72566],[-76.66818,39.72088],[-75.78764,39.72355],[-75.71462,38.44931],[-75.04838,38.44877],[-75.05673,38.40412],[-75.37754,38.01538],[-75.37754,38.01538],[-75.37754,38.01538]]]}},{"type":"Feature","properties":{"kind":"state","name":"ニュージャージー州","code":"NJ"},"geometry":{"type":"Polygon","coordinates":[[[-75.55427,39.69125],[-75.40557,39.7955],[-75.20081,39.88705],[-75.12882,39.9495],[-74.89175,40.08179],[-74.76318,40.19078],[-75.07802,40.44955],[-75.09549,40.55538],[-75.20396,40.58662],[-75.1992,40.74746],[-75.08226,40.8697],[-75.13572,40.99988],[-74.97591,41.08772],[-74.80127,41.31156],[-74.67903,41.35549],[-73.9128,40.96019],[-73.95233,40.75075],[-74.25675,40.47337],[-73.96244,40.42763],[-74.17844,39.70926],[-74.90604,38.9393],[-74.98066,39.1965],[-75.20026,39.24835],[-75.52781,39.49865],[-75.55427,39.69125]]]}},{"type":"Feature","properties":{"kind":"state","name":"ニューヨーク州","code":"NY"},"geometry":{"type":"Polygon","coordinates":[[[-73.55349,41.28986],[-73.47517,41.20467],[-73.69268,41.10731],[-73.65669,40.98507],[-73.64789,40.95477],[-73.64827,40.95462],[-73.71,40.9311],[-72.24117,41.11948],[-71.94483,40.93003],[-73.345,40.63],[-73.98212,40.62788],[-73.95233,40.75075],[-73.9128,40.96019],[-74.67903,41.35549],[-74.84044,41.42639],[-75.01082,41.49571],[-75.07539,41.64123],[-75.04893,41.7513],[-75.16799,41.84179],[-75.38547,41.99896],[-76.74384,42.00054],[-78.20065,42.00002],[-79.76009,42.00002],[-79.76009,42.50007],[-79.77304,42.54612],[-79.77326,42.54689],[-78.93936,42.86361],[-78.91978,42.96521],[-79.01,43.27],[-79.17167,43.46634],[-79.00233,43.52719],[-78.8457,43.58328],[-78.72028,43.62509],[-76.82003,43.62878],[-76.69676,43.7849],[-76.58615,43.92406],[-76.5,44.01846],[-76.375,44.09631],[-75.31826,44.81623],[-74.8669,45.00038],[-73.34766,45.00725],[-73.36828,44.8046],[-73.40797,44.67601],[-73.38417,44.37915],[-73.32914,44.22673],[-73.42967,44.01985],[-73.33813,43.75844],[-73.40164,43.61344],[-73.38311,43.57535],[-73.23971,43.56793],[-73.28203,42.74349],[-73.49794,42.05451],[-73.55349,41.28986]]]}},{"type":"Feature","properties":{"kind":"state","name":"ペンシルベニア州","code":"PA"},"geometry":{"type":"Polygon","coordinates":[[[-80.51627,42.32439],[-80.51627,42.32491],[-80.24745,42.3662],[-79.77304,42.54612],[-79.76009,42.50007],[-79.76009,42.00002],[-78.20065,42.00002],[-76.74384,42.00054],[-75.38547,41.99896],[-75.16799,41.84179],[-75.04893,41.7513],[-75.07539,41.64123],[-75.01082,41.49571],[-74.84044,41.42639],[-74.67903,41.35549],[-74.80127,41.31156],[-74.97591,41.08772],[-75.13572,40.99988],[-75.08226,40.8697],[-75.1992,40.74746],[-75.20396,40.58662],[-75.09549,40.55538],[-75.07802,40.44955],[-74.76318,40.19078],[-74.89175,40.08179],[-75.12882,39.9495],[-75.20081,39.88705],[-75.40557,39.7955],[-75.62096,39.84736],[-75.7109,39.80238],[-75.78764,39.72355],[-76.66818,39.72088],[-77.5233,39.72566],[-78.23292,39.7214],[-78.5499,39.71982],[-79.47752,39.72088],[-80.51893,39.72088],[-80.51893,40.64111],[-80.51627,42.32439]]]}},{"type":"Feature","properties":{"kind":"state","name":"メイン州","code":"ME"},"geometry":{"type":"Polygon","coordinates":[[[-70.75102,43.08003],[-70.79761,43.21974],[-70.98176,43.3679],[-70.94416,43.46634],[-71.08482,45.30524],[-70.66002,45.46022],[-70.30495,45.91479],[-70.00014,46.69317],[-69.23709,47.44778],[-68.90478,47.1848],[-68.23431,47.35463],[-67.79035,47.06625],[-67.79141,45.70258],[-67.13734,45.13745],[-66.96466,44.8097],[-68.03252,44.3252],[-69.06,43.98],[-70.11617,43.68405],[-70.64573,43.09008],[-70.75102,43.08003]]]}},{"type":"Feature","properties":{"kind":"state","name":"ミシガン州","code":"MI"},"geometry":{"type":"Polygon","coordinates":[[[-89.84283,47.46473],[-89.72801,47.64198],[-89.6137,47.81925],[-89.52269,47.96054],[-89.49003,48.01341],[-89.48888,48.01526],[-89.27292,48.01981],[-89.18561,48.04733],[-88.37811,48.30292],[-87.4944,47.9616],[-87.20811,47.84837],[-86.92185,47.73512],[-86.67207,47.63616],[-86.49533,47.56684],[-86.42865,47.53984],[-86.23445,47.45995],[-86.04025,47.38005],[-85.84656,47.30014],[-85.65236,47.22022],[-85.45816,47.13981],[-85.26396,47.05989],[-85.07028,46.98],[-84.87608,46.90008],[-84.82686,46.76673],[-84.77924,46.6371],[-84.54375,46.53868],[-84.54323,46.53868],[-84.6049,46.4396],[-84.3367,46.40877],[-84.14212,46.51223],[-84.12837,46.48365],[-84.11514,46.37092],[-84.09185,46.27542],[-83.89077,46.11693],[-83.76323,46.10897],[-83.66905,46.12274],[-83.61613,46.11693],[-83.46955,45.99469],[-83.59285,45.81689],[-83.39705,45.72904],[-83.17905,45.63272],[-82.91922,45.51792],[-82.76047,45.44751],[-82.55093,45.34752],[-82.51547,45.20411],[-82.4853,45.08399],[-82.44667,44.91571],[-82.40752,44.74373],[-82.36835,44.57281],[-82.32655,44.3913],[-82.28104,44.19234],[-82.24084,44.01561],[-82.19637,43.82244],[-82.13764,43.57109],[-82.19056,43.47427],[-82.41703,43.01761],[-82.42974,42.98004],[-82.90018,42.43023],[-83.11978,42.07991],[-83.12877,42.0688],[-83.142,41.97568],[-83.46268,41.69415],[-83.83997,41.68516],[-84.29506,41.68516],[-84.80676,41.67774],[-84.8073,41.75606],[-85.74815,41.7513],[-86.82446,41.75606],[-86.82446,41.76084],[-86.91813,41.76084],[-87.22134,41.76084],[-87.17584,41.9439],[-87.13034,42.12702],[-87.08481,42.30956],[-87.03931,42.49265],[-87.07954,42.78212],[-87.11393,43.03029],[-87.15519,43.32663],[-87.14514,43.57109],[-87.14196,43.65788],[-87.08323,43.89019],[-87.03243,44.09129],[-86.91867,44.36169],[-86.82234,44.59134],[-86.71493,44.84641],[-86.53608,45.04167],[-86.40167,45.13321],[-86.2646,45.22688],[-86.48156,45.32318],[-86.77421,45.45229],[-86.94246,45.45229],[-87.1155,45.45229],[-87.24462,45.28985],[-87.41978,45.18401],[-87.45946,45.06813],[-87.61292,45.11045],[-87.61397,45.10887],[-87.74733,45.22688],[-87.67325,45.38775],[-87.89339,45.39671],[-87.84789,45.55918],[-87.78701,45.63962],[-87.87541,45.77984],[-88.11193,45.84335],[-88.16696,46.00792],[-88.36171,46.02063],[-88.64427,46.0222],[-89.22106,46.20212],[-90.0963,46.38099],[-90.17674,46.56088],[-90.33391,46.59369],[-90.33497,46.59687],[-90.39688,46.57625],[-90.41063,46.58418],[-90.39528,46.61168],[-90.35559,46.67307],[-90.29898,46.76092],[-90.24183,46.84823],[-90.18521,46.93608],[-90.12806,47.0239],[-90.07145,47.11175],[-90.01481,47.1996],[-89.95766,47.28691],[-89.84283,47.46473]]]}},{"type":"Feature","properties":{"kind":"lake","name":"Lake Erie"},"geometry":{"type":"Polygon","coordinates":[[[-83.07646,42.27549],[-83.10454,42.21519],[-83.11724,42.11977],[-83.10786,42.071],[-83.06123,42.0502],[-82.93662,42.0064],[-82.83384,41.99722],[-82.69004,42.03594],[-82.64512,42.03726],[-82.6042,42.02524],[-82.56724,41.99995],[-82.51152,41.93218],[-82.496,41.94404],[-82.48984,42.00464],[-82.46177,42.05772],[-82.41191,42.10322],[-82.31138,42.15825],[-82.16016,42.22275],[-82.04439,42.25723],[-81.93789,42.2689],[-81.92935,42.27925],[-81.87446,42.31504],[-81.86592,42.30806],[-81.88672,42.27363],[-81.88701,42.25703],[-81.8668,42.25835],[-81.84082,42.29546],[-81.80903,42.36841],[-81.72993,42.44658],[-81.49492,42.59116],[-81.40439,42.62998],[-81.25249,42.65376],[-81.03916,42.66245],[-80.8272,42.64316],[-80.6166,42.59585],[-80.47305,42.57393],[-80.39663,42.57739],[-80.09385,42.54639],[-80.06211,42.55415],[-80.10483,42.57153],[-80.30493,42.5897],[-80.36777,42.60791],[-80.44604,42.6042],[-80.45122,42.61348],[-80.39556,42.67588],[-80.36475,42.6831],[-80.32583,42.70737],[-80.28584,42.73848],[-80.22046,42.77437],[-80.09946,42.80234],[-79.92285,42.82241],[-79.74658,42.85845],[-79.69868,42.86162],[-79.66147,42.85059],[-79.59385,42.85395],[-79.38594,42.88066],[-79.26396,42.88032],[-79.17593,42.87261],[-79.12188,42.85752],[-79.05693,42.86226],[-78.93643,42.90723],[-78.92236,42.92383],[-78.94707,42.95156],[-79.01055,42.99053],[-79.0397,43.02129],[-79.03452,43.0439],[-79.04287,43.06362],[-79.07319,43.09307],[-79.06606,43.1061],[-78.90815,43.07031],[-78.89473,43.05776],[-78.9001,43.0335],[-78.92432,42.99751],[-78.91973,42.94819],[-78.88623,42.88564],[-78.87227,42.83594],[-78.87783,42.79912],[-78.91826,42.76406],[-78.9936,42.73071],[-79.06255,42.67979],[-79.12495,42.61123],[-79.20923,42.55518],[-79.31538,42.51157],[-79.41636,42.45688],[-79.51226,42.39102],[-79.70405,42.3001],[-80.07617,42.146],[-80.12471,42.12832],[-80.16816,42.10898],[-80.25195,42.07529],[-80.33447,42.04082],[-80.86924,41.89331],[-81.22861,41.77041],[-81.44707,41.67148],[-81.63721,41.54844],[-81.72319,41.51094],[-81.81748,41.50088],[-81.96631,41.50767],[-82.12134,41.49297],[-82.28247,41.45684],[-82.38687,41.42749],[-82.43442,41.40493],[-82.48027,41.3981],[-82.52441,41.40698],[-82.64263,41.4669],[-82.65147,41.46245],[-82.67349,41.45366],[-82.74307,41.46406],[-82.82227,41.46523],[-82.89111,41.44331],[-82.95957,41.43975],[-83.02749,41.45454],[-82.9707,41.47573],[-82.7,41.52129],[-82.70312,41.52949],[-82.80078,41.55571],[-82.83076,41.57969],[-82.85552,41.57783],[-82.8749,41.55015],[-82.91079,41.53823],[-82.96328,41.54194],[-83.01602,41.56279],[-83.06909,41.60063],[-83.24258,41.66191],[-83.29072,41.69326],[-83.35225,41.71401],[-83.44297,41.72485],[-83.4562,41.74248],[-83.44116,41.76621],[-83.36206,41.87988],[-83.31616,41.92329],[-83.29722,41.93506],[-83.27251,41.93457],[-83.26182,41.94639],[-83.26523,41.97056],[-83.25557,41.9856],[-83.20479,42.02705],[-83.17656,42.04893],[-83.18843,42.0834],[-83.17524,42.14629],[-83.14214,42.22764],[-83.10483,42.28643],[-83.07646,42.27549]],[[-78.96055,42.98823],[-78.92993,43.02246],[-78.91387,43.04233],[-78.91621,43.05317],[-78.98799,43.06352],[-79.01416,43.05151],[-79.01943,43.02422],[-79.01201,43.00269],[-78.99028,42.99155],[-78.96055,42.98823]],[[-82.6272,41.77114],[-82.64287,41.81543],[-82.65439,41.82744],[-82.67441,41.80606],[-82.68545,41.75708],[-82.68452,41.73584],[-82.63823,41.74688],[-82.6272,41.77114]]]}},{"type":"Feature","properties":{"kind":"lake","name":"Lake Winnipeg"},"geometry":{"type":"MultiPolygon","coordinates":[[[[-96.35855,50.69121],[-96.29439,50.62388],[-96.39175,50.62852],[-96.45205,50.65576],[-96.5418,50.72793],[-96.56626,50.69526],[-96.58755,50.66362],[-96.59429,50.59922],[-96.60757,50.5522],[-96.57637,50.46802],[-96.5958,50.44185],[-96.68315,50.39795],[-96.76118,50.39795],[-96.86558,50.41846],[-96.93071,50.46123],[-96.96177,50.56992],[-96.97642,50.6436],[-96.98325,50.68301],[-96.95596,50.79741],[-96.95352,50.84375],[-96.96655,50.92744],[-96.93828,51.06006],[-96.92651,51.08247],[-96.84063,51.12817],[-96.83247,51.15737],[-96.77437,51.22085],[-96.69263,51.25532],[-96.62676,51.32441],[-96.63096,51.34307],[-96.70752,51.36362],[-96.72539,51.36597],[-96.90815,51.20562],[-96.9373,51.19268],[-96.97949,51.20415],[-96.98154,51.25088],[-96.91377,51.3314],[-96.74214,51.55449],[-96.73647,51.59336],[-96.75064,51.61226],[-96.78467,51.61128],[-96.79668,51.62554],[-96.8167,51.67627],[-96.82617,51.7104],[-96.84375,51.72207],[-96.88052,51.72422],[-97.06475,51.66514],[-97.1063,51.64199],[-97.12705,51.60752],[-97.12446,51.53628],[-97.14102,51.50205],[-97.22002,51.45015],[-97.25278,51.4436],[-97.27588,51.49136],[-97.28945,51.59346],[-97.27744,51.68511],[-97.23999,51.76641],[-97.2498,51.86514],[-97.30684,51.9814],[-97.32275,52.0],[-96.86737,52.0],[-96.85889,51.99277],[-96.83472,51.94209],[-96.85366,51.89214],[-96.84419,51.86636],[-96.76943,51.85474],[-96.70674,51.8147],[-96.6894,51.79053],[-96.70625,51.77324],[-96.75732,51.76279],[-96.72236,51.70381],[-96.60147,51.59629],[-96.55059,51.53037],[-96.54624,51.47593],[-96.49522,51.41313],[-96.34429,51.30889],[-96.29033,51.25122],[-96.28809,51.20791],[-96.3375,51.179],[-96.34873,51.15273],[-96.39409,51.0876],[-96.40254,51.01992],[-96.36748,50.85737],[-96.35742,50.7605],[-96.37256,50.72925],[-96.35855,50.69121]],[[-96.59819,51.18809],[-96.70864,51.19941],[-96.73696,51.13711],[-96.78227,51.0918],[-96.8418,51.06631],[-96.84458,51.02666],[-96.76245,51.00967],[-96.68032,51.04082],[-96.63218,51.14844],[-96.59819,51.18809]]],[[[-97.55015,51.92461],[-97.573,51.92388],[-97.60005,51.9876],[-97.58756,52.0],[-97.49655,52.0],[-97.55015,51.92461]]],[[[-97.79243,51.91445],[-97.82339,51.88916],[-97.9626,51.92715],[-98.03633,51.98135],[-98.0385,52.0],[-97.75516,52.0],[-97.79243,51.91445]]]]}},{"type":"Feature","properties":{"kind":"lake","name":"Lake Ontario"},"geometry":{"type":"Polygon","coordinates":[[[-75.77568,44.45889],[-75.79092,44.42988],[-75.83218,44.39727],[-76.23779,44.1832],[-76.35244,44.10605],[-76.30967,44.06274],[-76.30606,44.04321],[-76.28061,44.04648],[-76.19761,44.0835],[-76.17329,44.07944],[-76.16123,44.06934],[-76.15415,44.04541],[-76.19228,44.00337],[-76.17544,43.9938],[-76.1019,44.00317],[-76.07065,43.99849],[-76.09868,43.96699],[-76.13648,43.94663],[-76.14268,43.92686],[-76.19834,43.87446],[-76.22275,43.86382],[-76.23643,43.87095],[-76.23252,43.89453],[-76.28462,43.86924],[-76.28818,43.84873],[-76.2582,43.8291],[-76.23486,43.79878],[-76.21811,43.75781],[-76.20972,43.67031],[-76.19932,43.65308],[-76.19502,43.64482],[-76.19985,43.63472],[-76.20483,43.61426],[-76.1936,43.5958],[-76.20259,43.57451],[-76.23179,43.55044],[-76.2896,43.53731],[-76.37602,43.53506],[-76.47271,43.50727],[-76.57969,43.45381],[-76.65308,43.40503],[-76.69287,43.36094],[-76.72231,43.34263],[-76.74141,43.35005],[-76.8853,43.31401],[-76.93667,43.28975],[-76.9498,43.26792],[-76.96309,43.26377],[-76.97642,43.27739],[-77.079,43.28769],[-77.2708,43.29453],[-77.4208,43.28774],[-77.52905,43.26738],[-77.62461,43.2791],[-77.70737,43.32285],[-77.83823,43.35708],[-78.17495,43.39468],[-78.45747,43.38755],[-78.68945,43.36147],[-79.05317,43.28511],[-79.21338,43.24229],[-79.29136,43.20747],[-79.33755,43.1977],[-79.40147,43.20869],[-79.52788,43.20952],[-79.63843,43.23491],[-79.72783,43.25283],[-79.77305,43.30112],[-79.77417,43.31982],[-79.65645,43.45283],[-79.61011,43.51328],[-79.59629,43.55181],[-79.56904,43.57827],[-79.49883,43.61196],[-79.48013,43.63599],[-79.446,43.64712],[-79.39634,43.64541],[-79.30278,43.6897],[-79.16533,43.77988],[-79.06064,43.83516],[-78.98867,43.85547],[-78.79307,43.87627],[-78.66934,43.90244],[-78.58091,43.91196],[-78.52783,43.90483],[-78.4459,43.91562],[-78.33496,43.94443],[-78.18633,43.96553],[-77.99985,43.97891],[-77.88076,43.99394],[-77.82905,44.01069],[-77.72647,44.00928],[-77.70869,44.0333],[-77.68179,44.04482],[-77.58345,44.03838],[-77.54902,44.02476],[-77.54375,44.01445],[-77.56763,44.00767],[-77.554,43.99033],[-77.50288,43.96255],[-77.42065,43.954],[-77.32451,43.97158],[-77.25898,43.96397],[-77.27559,43.95166],[-77.3106,43.9521],[-77.3148,43.94653],[-77.2894,43.92275],[-77.26719,43.92163],[-77.19004,43.94761],[-77.18516,43.9375],[-77.21924,43.89966],[-77.20796,43.87598],[-77.15117,43.86646],[-77.05449,43.88301],[-76.93423,43.92969],[-76.8791,43.94292],[-76.87031,43.96494],[-76.91001,43.96494],[-77.01309,43.95654],[-77.04233,43.94277],[-77.0438,43.9519],[-77.02402,43.98721],[-76.93018,44.03838],[-76.88843,44.06802],[-76.86299,44.0999],[-76.88994,44.09932],[-76.96934,44.06631],[-77.04023,44.04863],[-77.10273,44.04634],[-77.11699,44.07949],[-77.0832,44.1481],[-77.11528,44.17295],[-77.27148,44.13867],[-77.28984,44.12685],[-77.29033,44.11753],[-77.27295,44.11069],[-77.27485,44.1042],[-77.296,44.09795],[-77.33164,44.1042],[-77.33135,44.11904],[-77.31396,44.14268],[-77.33271,44.15293],[-77.38071,44.1458],[-77.44585,44.13076],[-77.58574,44.08433],[-77.58437,44.09434],[-77.54722,44.12373],[-77.3981,44.16065],[-77.32568,44.17808],[-77.27964,44.17559],[-77.25078,44.18882],[-77.22534,44.18877],[-77.20332,44.17539],[-77.14775,44.18081],[-77.05869,44.20508],[-77.02046,44.19692],[-77.03311,44.15644],[-77.01001,44.15288],[-76.95107,44.18623],[-76.91309,44.19775],[-76.89605,44.18755],[-77.02095,44.13311],[-77.05527,44.1064],[-77.06226,44.09116],[-77.04131,44.07109],[-76.9915,44.07412],[-76.78701,44.18223],[-76.6877,44.21797],[-76.58887,44.23848],[-76.49048,44.2437],[-76.40781,44.26245],[-76.34072,44.29473],[-76.05723,44.3666],[-75.9416,44.41079],[-75.8314,44.48999],[-75.80513,44.49468],[-75.78657,44.48433],[-75.77568,44.45889]],[[-76.63955,44.1814],[-76.64263,44.19927],[-76.76069,44.17217],[-76.79936,44.15513],[-76.80947,44.13989],[-76.78672,44.13042],[-76.73105,44.12671],[-76.68755,44.1375],[-76.63955,44.1814]],[[-76.27666,43.98706],[-76.26201,43.99014],[-76.2313,44.01777],[-76.23057,44.02852],[-76.25981,44.02241],[-76.27515,44.00859],[-76.27666,43.98706]],[[-76.22705,44.2541],[-76.27915,44.24663],[-76.32876,44.23921],[-76.43047,44.22681],[-76.45146,44.20229],[-76.48335,44.17852],[-76.4918,44.16196],[-76.47671,44.15283],[-76.47432,44.14146],[-76.48452,44.12778],[-76.46934,44.12451],[-76.4227,44.12153],[-76.36489,44.15635],[-76.35273,44.17554],[-76.32959,44.20781],[-76.23696,44.23262],[-76.22705,44.2541]],[[-76.07544,44.30576],[-76.11914,44.30586],[-76.14521,44.29209],[-76.15029,44.28106],[-76.14272,44.26924],[-76.11123,44.2773],[-76.08057,44.29473],[-76.07544,44.30576]]]}},{"type":"Feature","properties":{"kind":"lake","name":"Lake Saint Clair"},"geometry":{"type":"Polygon","coordinates":[[[-83.10483,42.28643],[-83.06338,42.32266],[-83.0165,42.34712],[-82.92598,42.37549],[-82.902,42.39399],[-82.8834,42.44185],[-82.87012,42.51899],[-82.84097,42.56811],[-82.796,42.58911],[-82.78379,42.61274],[-82.80444,42.63892],[-82.78735,42.66455],[-82.73262,42.68955],[-82.68677,42.69692],[-82.6499,42.68657],[-82.63281,42.66103],[-82.62998,42.59453],[-82.63911,42.57437],[-82.64512,42.55806],[-82.63394,42.54238],[-82.61304,42.52461],[-82.4811,42.49985],[-82.45303,42.49546],[-82.43213,42.4978],[-82.41846,42.47227],[-82.41353,42.41108],[-82.42798,42.3667],[-82.46187,42.33911],[-82.51572,42.32178],[-82.5895,42.31455],[-82.86733,42.33525],[-82.97061,42.32676],[-83.01362,42.31186],[-83.04668,42.29702],[-83.07646,42.27549],[-83.10483,42.28643]]]}},{"type":"Feature","properties":{"kind":"lake","name":"Lake Okeechobee"},"geometry":{"type":"Polygon","coordinates":[[[-80.66797,26.82563],[-80.71074,26.74189],[-80.74263,26.69727],[-80.78408,26.69087],[-80.82676,26.70698],[-80.8585,26.72285],[-80.89561,26.7522],[-80.93174,26.81016],[-80.97925,26.85552],[-81.02656,26.87588],[-81.07124,26.91738],[-81.08081,26.95566],[-81.05532,26.99077],[-80.99697,27.03345],[-80.94165,27.07681],[-80.87026,27.14707],[-80.80327,27.18218],[-80.75859,27.18218],[-80.71074,27.13281],[-80.6895,27.11006],[-80.6707,27.08657],[-80.65444,27.05371],[-80.63911,27.00845],[-80.62144,26.94927],[-80.62876,26.88706],[-80.66797,26.82563]]]}},{"type":"Feature","properties":{"kind":"lake","name":"Great Salt Lake"},"geometry":{"type":"Polygon","coordinates":[[[-111.95112,40.96802],[-111.9606,40.9415],[-112.05347,40.90171],[-112.09707,40.88086],[-112.18994,40.76899],[-112.2667,40.74023],[-112.33208,40.69888],[-112.36997,40.70078],[-112.39438,40.75713],[-112.43574,40.81558],[-112.4458,40.87515],[-112.47803,40.94336],[-112.49316,40.93769],[-112.5083,40.91875],[-112.52158,40.87847],[-112.54624,40.83916],[-112.58032,40.84863],[-112.63198,40.92734],[-112.6897,40.98027],[-112.72842,41.01899],[-112.75068,41.05864],[-112.76846,41.11392],[-112.78774,41.17354],[-112.81377,41.22373],[-112.84624,41.26084],[-112.8813,41.28892],[-112.91768,41.32808],[-112.96128,41.37739],[-112.98496,41.4273],[-112.99717,41.48926],[-112.99839,41.53389],[-112.99512,41.55972],[-112.99673,41.57617],[-113.00679,41.58208],[-113.01435,41.59722],[-112.99917,41.61235],[-112.96621,41.61431],[-112.90864,41.63711],[-112.84434,41.65713],[-112.8,41.66699],[-112.77046,41.66582],[-112.74199,41.65908],[-112.7187,41.63701],[-112.70732,41.60293],[-112.73384,41.56309],[-112.73765,41.53657],[-112.70752,41.49614],[-112.66602,41.46567],[-112.60395,41.43149],[-112.55381,41.43047],[-112.52725,41.42095],[-112.51211,41.38115],[-112.48901,41.30859],[-112.45791,41.24668],[-112.43711,41.2188],[-112.42236,41.2168],[-112.40581,41.21724],[-112.39004,41.22261],[-112.37715,41.23247],[-112.36616,41.24849],[-112.38086,41.32417],[-112.38848,41.38525],[-112.4022,41.43232],[-112.38994,41.44731],[-112.37354,41.45723],[-112.32969,41.44277],[-112.29033,41.40957],[-112.24297,41.39253],[-112.1709,41.39668],[-112.09165,41.4081],[-112.06445,41.3999],[-112.06299,41.38848],[-112.07622,41.34702],[-112.11411,41.33564],[-112.17856,41.34185],[-112.24111,41.34517],[-112.26953,41.33188],[-112.28657,41.3167],[-112.30361,41.28262],[-112.28428,41.26792],[-112.24268,41.22192],[-112.21162,41.19233],[-112.18062,41.16274],[-112.152,41.13413],[-112.08286,41.06499],[-111.97388,41.00215],[-111.95112,40.96802]],[[-112.15571,40.95557],[-112.19814,41.05606],[-112.23613,41.06943],[-112.26289,41.05825],[-112.25171,41.02031],[-112.24951,40.96445],[-112.21602,40.92432],[-112.17134,40.87519],[-112.15571,40.95557]]]}},{"type":"Feature","properties":{"kind":"lake","name":"Lake Michigan"},"geometry":{"type":"Polygon","coordinates":[[[-84.77197,45.79478],[-84.80596,45.77505],[-84.86587,45.76855],[-84.95151,45.77539],[-84.9814,45.76704],[-84.95547,45.74341],[-84.97749,45.70654],[-85.04736,45.6564],[-85.08779,45.60527],[-85.09873,45.55313],[-85.08769,45.50688],[-85.05469,45.46665],[-85.0064,45.44048],[-84.94287,45.42856],[-84.92983,45.4126],[-84.96714,45.39268],[-85.03296,45.38125],[-85.12734,45.37847],[-85.22285,45.35615],[-85.31948,45.31445],[-85.37568,45.27695],[-85.39145,45.2438],[-85.39399,45.19565],[-85.38159,45.07827],[-85.38901,45.03276],[-85.43037,44.94932],[-85.48472,44.84033],[-85.54936,44.77188],[-85.56148,44.78125],[-85.55093,44.81465],[-85.49712,44.92383],[-85.48892,44.97012],[-85.49409,44.99443],[-85.51265,44.99678],[-85.53389,44.97559],[-85.55776,44.93096],[-85.56284,44.90674],[-85.54922,44.90298],[-85.55933,44.87266],[-85.59326,44.81567],[-85.62251,44.80396],[-85.64722,44.8375],[-85.64531,44.88164],[-85.60469,44.96992],[-85.61924,44.98706],[-85.5957,45.04194],[-85.58525,45.08198],[-85.59741,45.12334],[-85.58774,45.16133],[-85.5562,45.196],[-85.56587,45.20654],[-85.6166,45.19292],[-85.68936,45.12808],[-85.78413,45.01216],[-85.85781,44.96152],[-85.9105,44.97632],[-85.95293,44.96665],[-85.98501,44.93252],[-86.01992,44.91572],[-86.05767,44.91636],[-86.08047,44.87588],[-86.08843,44.79424],[-86.12583,44.74775],[-86.23701,44.72022],[-86.25874,44.69902],[-86.26069,44.66885],[-86.24272,44.62974],[-86.24219,44.55132],[-86.25908,44.43359],[-86.2959,44.33062],[-86.35273,44.24238],[-86.41543,44.16948],[-86.51919,44.07373],[-86.52095,44.05474],[-86.46992,43.97978],[-86.44863,43.92397],[-86.43804,43.81274],[-86.44058,43.79429],[-86.54053,43.65693],[-86.54214,43.6373],[-86.43501,43.40713],[-86.34019,43.24175],[-86.32915,43.22412],[-86.30088,43.15806],[-86.24849,43.02881],[-86.22153,42.90044],[-86.22002,42.7731],[-86.23271,42.65],[-86.25962,42.5312],[-86.29956,42.41763],[-86.35249,42.30933],[-86.40737,42.22373],[-86.52017,42.08228],[-86.57534,41.9877],[-86.63247,41.91133],[-86.69155,41.85337],[-86.79819,41.78852],[-87.07261,41.66948],[-87.15869,41.64639],[-87.25322,41.63765],[-87.35625,41.64326],[-87.4125,41.65649],[-87.425,41.67856],[-87.44702,41.68076],[-87.47695,41.69546],[-87.51465,41.72065],[-87.55659,41.76597],[-87.60205,41.85913],[-87.65112,42.00024],[-87.69463,42.08438],[-87.73252,42.11152],[-87.7668,42.15391],[-87.79746,42.21143],[-87.8125,42.34106],[-87.81196,42.54297],[-87.80166,42.68037],[-87.7814,42.75342],[-87.78706,42.80918],[-87.8187,42.8477],[-87.83818,42.89565],[-87.84556,42.95308],[-87.86206,42.99199],[-87.88774,43.01245],[-87.89341,43.04111],[-87.879,43.07783],[-87.87886,43.10312],[-87.89277,43.11689],[-87.89609,43.1374],[-87.88882,43.16455],[-87.90166,43.24492],[-87.89839,43.2938],[-87.88071,43.34702],[-87.82393,43.44302],[-87.80557,43.49009],[-87.80088,43.53809],[-87.77402,43.59888],[-87.69971,43.72373],[-87.69795,43.75244],[-87.72339,43.80908],[-87.72939,43.85117],[-87.72383,43.90727],[-87.70015,43.97661],[-87.6585,44.05903],[-87.60342,44.12495],[-87.53491,44.17427],[-87.5125,44.23027],[-87.53613,44.29297],[-87.52744,44.38569],[-87.48652,44.50859],[-87.44087,44.60068],[-87.39053,44.66196],[-87.35605,44.72036],[-87.33731,44.77583],[-87.34561,44.80063],[-87.38311,44.8271],[-87.41958,44.86563],[-87.48018,44.87412],[-87.55537,44.84858],[-87.56602,44.85029],[-87.60439,44.84687],[-87.67661,44.79028],[-87.74092,44.69204],[-87.78755,44.65156],[-87.85107,44.62402],[-87.89824,44.59336],[-87.929,44.55947],[-87.96924,44.552],[-88.01875,44.57114],[-88.02827,44.61792],[-87.9978,44.69233],[-87.95156,44.76372],[-87.85679,44.88037],[-87.85356,44.9083],[-87.83027,44.94248],[-87.6832,44.99263],[-87.627,45.03227],[-87.60776,45.08267],[-87.60225,45.15703],[-87.59282,45.17783],[-87.57119,45.18662],[-87.50649,45.24888],[-87.39878,45.36465],[-87.30205,45.48413],[-87.21641,45.60732],[-87.15376,45.67676],[-87.11416,45.69248],[-87.08486,45.72978],[-87.03926,45.84458],[-87.00503,45.89717],[-86.98232,45.91728],[-86.97109,45.90498],[-86.99292,45.8419],[-86.99277,45.78965],[-86.97422,45.72315],[-86.93789,45.70024],[-86.88389,45.72095],[-86.83745,45.76479],[-86.79854,45.83179],[-86.75361,45.85947],[-86.70278,45.84795],[-86.66065,45.85229],[-86.6272,45.87251],[-86.56333,45.88252],[-86.55151,45.85708],[-86.55928,45.8063],[-86.57954,45.78184],[-86.61226,45.78364],[-86.64951,45.75684],[-86.69141,45.70142],[-86.6897,45.65732],[-86.64443,45.62451],[-86.62197,45.62275],[-86.62236,45.652],[-86.60117,45.68164],[-86.53389,45.73564],[-86.52749,45.75317],[-86.39956,45.80068],[-86.35132,45.83096],[-86.33809,45.86572],[-86.27178,45.93667],[-86.20894,45.95933],[-86.12295,45.96894],[-86.03975,45.96269],[-85.95933,45.94067],[-85.91372,45.94116],[-85.90288,45.96421],[-85.83423,45.97969],[-85.70781,45.9876],[-85.6148,46.02046],[-85.55508,46.07817],[-85.47881,46.10757],[-85.38594,46.10864],[-85.25986,46.08818],[-85.10063,46.04619],[-84.97183,45.98897],[-84.80186,45.87436],[-84.75693,45.86279],[-84.7626,45.79238],[-84.77197,45.79478]],[[-85.53853,45.77539],[-85.57285,45.73789],[-85.60771,45.65606],[-85.61206,45.60928],[-85.58594,45.59751],[-85.55166,45.60259],[-85.50908,45.62446],[-85.49233,45.66289],[-85.50146,45.75024],[-85.49233,45.7602],[-85.53853,45.77539]],[[-86.05957,45.14683],[-86.03794,45.10283],[-86.01577,45.08916],[-85.98818,45.08799],[-85.97622,45.10215],[-85.97983,45.13164],[-85.99849,45.15015],[-86.05244,45.1564],[-86.05957,45.14683]],[[-86.93799,45.42559],[-86.9667,45.36831],[-86.94688,45.3457],[-86.89194,45.34228],[-86.86186,45.35225],[-86.85659,45.39438],[-86.86186,45.40859],[-86.87847,45.41416],[-86.92632,45.41494],[-86.93799,45.42559]],[[-87.08813,45.27915],[-87.12202,45.22451],[-87.16641,45.1895],[-87.22114,45.17397],[-87.25879,45.13799],[-87.27935,45.08149],[-87.31553,45.0311],[-87.39648,44.95415],[-87.40303,44.93286],[-87.39824,44.90293],[-87.38203,44.86426],[-87.35459,44.83882],[-87.31582,44.82656],[-87.28027,44.83486],[-87.18809,44.92197],[-87.17949,44.94106],[-87.19131,44.95024],[-87.17856,44.9834],[-87.14136,45.04067],[-87.11392,45.06846],[-87.09634,45.06675],[-87.07803,45.07812],[-87.05894,45.10244],[-87.06152,45.1249],[-87.08569,45.14541],[-87.08418,45.15396],[-87.05688,45.15054],[-87.04663,45.17188],[-87.05356,45.21792],[-87.0415,45.23667],[-87.01035,45.22817],[-86.99189,45.24102],[-86.98594,45.27519],[-87.00503,45.2958],[-87.04912,45.30288],[-87.08813,45.27915]]]}},{"type":"Feature","properties":{"kind":"lake","name":"Lake Superior"},"geometry":{"type":"Polygon","coordinates":[[[-84.34395,46.53115],[-84.35801,46.50469],[-84.38696,46.50225],[-84.42417,46.49067],[-84.46719,46.46421],[-84.52837,46.43608],[-84.5915,46.44311],[-84.63486,46.48228],[-84.69731,46.49072],[-84.77881,46.46836],[-84.85117,46.46948],[-84.91431,46.49399],[-85.03433,46.50576],[-85.04863,46.52388],[-85.04629,46.54302],[-85.02739,46.56314],[-85.01675,46.61094],[-85.0145,46.68648],[-84.99819,46.7397],[-84.96792,46.7707],[-85.01465,46.7835],[-85.13843,46.77803],[-85.28071,46.75244],[-85.4415,46.70664],[-85.61611,46.69058],[-85.80449,46.70425],[-85.94678,46.70215],[-86.10464,46.67925],[-86.13203,46.68682],[-86.23135,46.65625],[-86.40269,46.58774],[-86.53101,46.52441],[-86.6375,46.45298],[-86.65391,46.45225],[-86.67905,46.46821],[-86.73291,46.49014],[-86.79038,46.49082],[-86.85147,46.47022],[-86.91362,46.4833],[-86.97676,46.53008],[-87.03413,46.54321],[-87.08569,46.52271],[-87.17065,46.51353],[-87.3581,46.52441],[-87.37783,46.53955],[-87.39448,46.59009],[-87.41489,46.61206],[-87.45122,46.62744],[-87.50947,46.68345],[-87.6375,46.82651],[-87.6729,46.84356],[-87.77759,46.88789],[-87.8771,46.90772],[-88.12915,46.9355],[-88.18374,46.95532],[-88.21626,46.95156],[-88.38301,46.87432],[-88.38994,46.85742],[-88.4,46.84092],[-88.4273,46.81392],[-88.44912,46.80151],[-88.46274,46.81416],[-88.47607,46.83672],[-88.47373,46.88628],[-88.45586,46.96284],[-88.46602,47.01255],[-88.5044,47.03545],[-88.52085,47.06309],[-88.51543,47.09551],[-88.54326,47.12158],[-88.60439,47.14126],[-88.63272,47.16689],[-88.62822,47.19863],[-88.63413,47.22031],[-88.65049,47.23198],[-88.71563,47.20718],[-88.82964,47.14585],[-88.90713,47.09111],[-88.9481,47.04297],[-89.00913,47.01572],[-89.09023,47.00928],[-89.15479,46.98862],[-89.26943,46.91816],[-89.35498,46.88193],[-89.49683,46.85542],[-89.69512,46.83857],[-89.8606,46.79277],[-89.99326,46.71792],[-90.15356,46.65449],[-90.34136,46.60249],[-90.46885,46.58413],[-90.53613,46.59936],[-90.6165,46.63135],[-90.73682,46.68887],[-90.75435,46.68355],[-90.74502,46.67168],[-90.74756,46.66186],[-90.76997,46.64541],[-90.923,46.60308],[-90.94351,46.61899],[-90.88643,46.67749],[-90.86392,46.7208],[-90.86533,46.76069],[-90.83989,46.80996],[-90.78769,46.86841],[-90.76836,46.90801],[-90.78193,46.92871],[-90.83994,46.96245],[-90.88667,46.9648],[-90.94604,46.95376],[-91.12725,46.86768],[-91.14541,46.87432],[-91.20337,46.88804],[-91.21763,46.88564],[-91.35698,46.81074],[-91.49907,46.76611],[-91.83564,46.7021],[-91.9208,46.69443],[-91.98731,46.69897],[-92.0728,46.73618],[-92.10703,46.76187],[-92.10425,46.7894],[-92.06455,46.81885],[-91.64517,47.05005],[-91.38628,47.21475],[-90.95713,47.52373],[-90.84673,47.58525],[-90.59746,47.68774],[-90.19727,47.78643],[-89.99985,47.84116],[-89.82876,47.90088],[-89.71953,47.94673],[-89.67207,47.97871],[-89.63384,47.9937],[-89.60474,47.99165],[-89.54746,48.01294],[-89.44966,48.09224],[-89.43848,48.09878],[-89.34541,48.12114],[-89.31514,48.15898],[-89.29668,48.20425],[-89.25225,48.27974],[-89.22148,48.31074],[-89.21392,48.34492],[-89.22939,48.38227],[-89.225,48.41758],[-89.20073,48.45083],[-89.08643,48.49766],[-88.77456,48.58306],[-88.76377,48.57236],[-88.81826,48.50644],[-88.87642,48.38149],[-88.89692,48.37808],[-88.91567,48.36274],[-88.93272,48.3354],[-88.88848,48.33731],[-88.78286,48.36831],[-88.73438,48.38408],[-88.72192,48.4146],[-88.70571,48.47612],[-88.68315,48.51011],[-88.6541,48.51655],[-88.63486,48.54609],[-88.62529,48.59873],[-88.6021,48.62993],[-88.56533,48.63984],[-88.54961,48.65815],[-88.55195,48.68374],[-88.54243,48.75322],[-88.53516,48.78569],[-88.50264,48.83306],[-88.45762,48.84785],[-88.39531,48.84487],[-88.35244,48.8208],[-88.32915,48.77568],[-88.32285,48.73848],[-88.33359,48.70908],[-88.3938,48.65581],[-88.5665,48.52803],[-88.58452,48.49243],[-88.56934,48.47393],[-88.55938,48.44683],[-88.53877,48.44341],[-88.50093,48.46699],[-88.48447,48.48809],[-88.48945,48.50659],[-88.47583,48.53066],[-88.44351,48.56025],[-88.41816,48.56914],[-88.39966,48.55727],[-88.36875,48.5624],[-88.32549,48.58447],[-88.248,48.59595],[-88.2331,48.59697],[-88.13843,48.68286],[-88.10918,48.73291],[-88.10879,48.77598],[-88.14722,48.82075],[-88.22432,48.86714],[-88.24658,48.91699],[-88.24863,48.9419],[-88.26357,48.97368],[-88.24756,48.98555],[-88.20044,48.97744],[-88.16065,48.98164],[-88.12822,48.99815],[-88.06982,49.00142],[-88.02251,48.99868],[-87.96563,48.95869],[-87.76094,48.91992],[-87.68525,48.89922],[-87.5916,48.87817],[-87.56777,48.87124],[-87.552,48.84834],[-87.51729,48.83857],[-87.46372,48.84204],[-87.40708,48.83481],[-87.31143,48.79941],[-87.22363,48.77578],[-87.08472,48.77891],[-87.00854,48.78882],[-86.88765,48.77241],[-86.81987,48.77256],[-86.75156,48.80059],[-86.69253,48.80791],[-86.64287,48.79458],[-86.62144,48.77749],[-86.58096,48.75303],[-86.45928,48.76494],[-86.43242,48.75815],[-86.39614,48.7313],[-86.39019,48.71411],[-86.371,48.68755],[-86.32495,48.63662],[-86.31426,48.61909],[-86.28257,48.59795],[-86.25698,48.54844],[-86.2374,48.4706],[-86.21553,48.42295],[-86.19136,48.40557],[-86.18101,48.38535],[-86.15894,48.30396],[-86.10415,48.2103],[-86.02241,48.1188],[-85.91362,48.02954],[-85.77769,47.97017],[-85.6146,47.94072],[-85.46953,47.93408],[-85.34248,47.95024],[-85.17383,47.95898],[-84.96357,47.96021],[-84.85474,47.94995],[-84.84727,47.92803],[-84.86738,47.89644],[-84.91519,47.85513],[-84.92026,47.82788],[-84.92246,47.79258],[-84.96099,47.7458],[-84.9811,47.71763],[-84.97481,47.698],[-84.98584,47.67173],[-85.01426,47.63877],[-84.99761,47.59477],[-84.93584,47.53984],[-84.86045,47.49551],[-84.77134,47.46167],[-84.71563,47.42666],[-84.69331,47.39048],[-84.66846,47.3706],[-84.64116,47.36704],[-84.61646,47.35024],[-84.59434,47.32021],[-84.61826,47.26719],[-84.68818,47.19116],[-84.71953,47.14209],[-84.71231,47.11987],[-84.77168,47.03672],[-84.77515,47.004],[-84.75039,46.98125],[-84.65566,46.94897],[-84.6249,46.92236],[-84.60034,46.91841],[-84.58208,46.93716],[-84.54458,46.9457],[-84.48799,46.94404],[-84.43477,46.93076],[-84.38501,46.90576],[-84.36743,46.87998],[-84.38203,46.85332],[-84.40776,46.84365],[-84.48457,46.84766],[-84.52773,46.83398],[-84.55347,46.80557],[-84.56104,46.72978],[-84.53994,46.69731],[-84.52754,46.69736],[-84.51025,46.71274],[-84.48809,46.74351],[-84.46401,46.74692],[-84.43814,46.72305],[-84.46597,46.67407],[-84.54761,46.59995],[-84.56856,46.57666],[-84.56846,46.54331],[-84.50054,46.48325],[-84.47544,46.48901],[-84.45889,46.50386],[-84.43242,46.52207],[-84.34395,46.53115]],[[-90.76597,46.95083],[-90.76084,46.93701],[-90.72275,46.92012],[-90.70796,46.92734],[-90.71309,46.94116],[-90.73809,46.96157],[-90.75571,46.9648],[-90.76597,46.95083]],[[-90.58887,46.85542],[-90.59609,46.86885],[-90.61914,46.86997],[-90.7523,46.81362],[-90.78208,46.79106],[-90.7916,46.77231],[-90.76772,46.76978],[-90.71055,46.78335],[-90.68047,46.7978],[-90.67754,46.81304],[-90.65337,46.82769],[-90.58887,46.85542]],[[-90.53481,46.9543],[-90.54263,46.96274],[-90.57588,46.95698],[-90.65044,46.93677],[-90.65181,46.92227],[-90.57998,46.91352],[-90.54668,46.91929],[-90.53481,46.9543]],[[-90.40972,47.06367],[-90.42212,47.07114],[-90.44736,47.06616],[-90.46387,47.04829],[-90.47173,47.01753],[-90.45933,47.01011],[-90.42666,47.02588],[-90.41016,47.04375],[-90.40972,47.06367]],[[-88.08657,48.80801],[-88.07568,48.74063],[-88.05669,48.7167],[-88.03091,48.71753],[-87.99844,48.74321],[-87.94121,48.75684],[-87.85923,48.75835],[-87.81631,48.76787],[-87.81235,48.78535],[-87.78213,48.79541],[-87.77021,48.81094],[-87.76514,48.84111],[-87.81343,48.85903],[-87.91504,48.86465],[-87.99614,48.85723],[-88.05674,48.83677],[-88.08657,48.80801]],[[-88.62476,48.04204],[-88.59307,48.07197],[-88.59683,48.08745],[-88.5813,48.11074],[-88.48486,48.16743],[-88.49922,48.17593],[-88.58828,48.1585],[-88.75552,48.10352],[-89.14663,47.95264],[-89.19263,47.92896],[-89.2001,47.91709],[-89.16909,47.91709],[-89.1688,47.90215],[-89.19917,47.87227],[-89.19522,47.85181],[-89.15679,47.84077],[-89.08164,47.85059],[-88.96987,47.88125],[-88.93037,47.89624],[-88.92373,47.90454],[-88.96011,47.90947],[-88.95518,47.92603],[-88.91103,47.93623],[-88.62476,48.04204]],[[-87.74102,47.43364],[-87.79346,47.46728],[-87.87793,47.48418],[-87.99429,47.48423],[-88.1102,47.47251],[-88.32031,47.42109],[-88.39434,47.38872],[-88.56196,47.27217],[-88.60889,47.21719],[-88.61572,47.17417],[-88.57373,47.14331],[-88.43408,47.12231],[-88.42705,47.13657],[-88.43315,47.14336],[-88.45381,47.15185],[-88.41675,47.19145],[-88.40542,47.17549],[-88.40908,47.13144],[-88.43843,47.09956],[-88.46846,47.07725],[-88.46865,47.04761],[-88.43906,47.01074],[-88.40225,47.01929],[-88.3582,47.07339],[-88.23677,47.15894],[-88.24038,47.17832],[-88.22187,47.2106],[-88.01553,47.32085],[-87.9749,47.35493],[-87.98306,47.36792],[-88.02695,47.38633],[-88.02065,47.39238],[-87.79048,47.41143],[-87.74102,47.43364]],[[-87.62168,48.75688],[-87.62602,48.78042],[-87.66699,48.82144],[-87.7021,48.84141],[-87.73135,48.84048],[-87.74819,48.83467],[-87.75269,48.82407],[-87.73105,48.79385],[-87.72993,48.77842],[-87.7437,48.76416],[-87.73047,48.75469],[-87.69028,48.75],[-87.62168,48.75688]],[[-85.59609,47.75708],[-85.64111,47.78179],[-85.76514,47.80674],[-85.82744,47.80449],[-85.88272,47.79102],[-85.93091,47.76646],[-85.95073,47.74731],[-85.94219,47.73374],[-85.85859,47.71909],[-85.66602,47.73335],[-85.60586,47.74214],[-85.59609,47.75708]]]}},{"type":"Feature","properties":{"kind":"lake","name":"Lake Huron"},"geometry":{"type":"Polygon","coordinates":[[[-84.23565,46.55679],[-84.16538,46.5626],[-84.11826,46.53945],[-84.08711,46.50698],[-84.08384,46.47251],[-84.10615,46.43047],[-84.10879,46.39321],[-84.09185,46.36084],[-84.03364,46.3438],[-83.93423,46.34204],[-83.88174,46.33291],[-83.86313,46.3062],[-83.84273,46.30195],[-83.66065,46.28984],[-83.59277,46.27783],[-83.57173,46.2605],[-83.45913,46.23765],[-83.02549,46.1813],[-82.89473,46.18843],[-82.71914,46.20713],[-82.66362,46.17593],[-82.63814,46.17241],[-82.59766,46.1771],[-82.35005,46.19326],[-82.31772,46.16294],[-82.196,46.13394],[-82.11582,46.13164],[-82.01177,46.12871],[-81.8166,46.11475],[-81.76929,46.10444],[-81.76577,46.07144],[-81.76519,46.05791],[-81.7502,46.05747],[-81.72705,46.0731],[-81.68867,46.07881],[-81.66172,46.09287],[-81.64619,46.11528],[-81.61533,46.11939],[-81.54453,46.09038],[-81.54165,46.07466],[-81.64023,46.04004],[-81.62949,46.02539],[-81.62383,46.0167],[-81.59727,46.01191],[-81.59497,45.99639],[-81.62705,45.97803],[-81.59673,45.96655],[-81.50239,45.99297],[-81.44941,45.99443],[-81.30352,45.97412],[-81.23682,45.97412],[-81.19697,45.99097],[-81.19131,46.00615],[-81.17368,46.01606],[-81.16201,46.01206],[-81.15752,45.9917],[-81.16025,45.95488],[-81.09702,45.9416],[-80.96797,45.95181],[-80.89043,45.95103],[-80.81777,45.95103],[-80.80518,45.94248],[-80.78662,45.91914],[-80.73159,45.87725],[-80.71338,45.8585],[-80.69644,45.81592],[-80.65615,45.79023],[-80.64311,45.76719],[-80.64102,45.74727],[-80.62886,45.72715],[-80.59268,45.68203],[-80.54551,45.65005],[-80.51992,45.62256],[-80.51069,45.58975],[-80.48555,45.57695],[-80.44429,45.58413],[-80.42705,45.5978],[-80.42949,45.62524],[-80.41401,45.61987],[-80.38853,45.57358],[-80.39175,45.50054],[-80.38486,45.4584],[-80.34961,45.39927],[-80.30249,45.38311],[-80.2707,45.36016],[-80.1773,45.34385],[-80.16768,45.34849],[-80.1855,45.38657],[-80.17612,45.39658],[-80.14482,45.39883],[-80.09165,45.39336],[-80.05708,45.37456],[-80.04111,45.34238],[-80.04971,45.30112],[-80.11147,45.25923],[-80.12109,45.22334],[-80.10757,45.20098],[-80.09219,45.19687],[-80.0749,45.21104],[-80.04936,45.20405],[-80.01538,45.17588],[-80.00649,45.15327],[-80.02266,45.13613],[-80.08335,45.12642],[-80.08594,45.10938],[-80.02158,45.07212],[-79.97187,45.02217],[-79.94609,45.01719],[-79.93179,45.00122],[-79.92891,44.97436],[-79.90239,44.95654],[-79.82837,44.93633],[-79.79995,44.88486],[-79.78457,44.85415],[-79.77158,44.81934],[-79.74961,44.81548],[-79.73276,44.83203],[-79.73247,44.86294],[-79.69595,44.87515],[-79.69238,44.85879],[-79.71338,44.82114],[-79.70859,44.79116],[-79.67793,44.76895],[-79.71738,44.76118],[-79.82695,44.76802],[-79.87627,44.79854],[-79.89131,44.80938],[-79.92495,44.81289],[-79.9353,44.82353],[-79.92041,44.85454],[-79.92959,44.86299],[-79.99678,44.85571],[-80.06475,44.83359],[-80.1082,44.80679],[-80.10791,44.77549],[-80.07891,44.74312],[-80.02114,44.70952],[-79.99746,44.65234],[-80.00781,44.57168],[-80.03696,44.51738],[-80.08481,44.48936],[-80.22598,44.50952],[-80.46025,44.57778],[-80.59287,44.63853],[-80.64951,44.72129],[-80.67017,44.727],[-80.78984,44.70029],[-80.85405,44.66611],[-80.90967,44.61758],[-80.92539,44.63286],[-80.90117,44.71201],[-80.89116,44.76133],[-80.89536,44.78096],[-80.91943,44.79678],[-80.96348,44.80898],[-81.02197,44.80215],[-81.11025,44.76533],[-81.13018,44.76968],[-81.12754,44.78242],[-81.03643,44.84282],[-81.00635,44.87617],[-81.00596,44.90693],[-80.99258,44.93438],[-80.96626,44.95864],[-80.97275,44.96963],[-81.01201,44.96733],[-81.03203,44.95693],[-81.07402,44.91377],[-81.13359,44.91787],[-81.14111,44.92778],[-81.125,44.95254],[-81.13794,44.96807],[-81.17998,44.97436],[-81.19331,45.00264],[-81.20737,45.00869],[-81.25952,45.02832],[-81.26416,45.08135],[-81.28184,45.12398],[-81.31255,45.15625],[-81.31582,45.18867],[-81.28521,45.24126],[-81.29648,45.24873],[-81.3999,45.25561],[-81.59536,45.26196],[-81.69736,45.25122],[-81.70606,45.22349],[-81.68315,45.20283],[-81.62881,45.18911],[-81.59033,45.16587],[-81.57744,45.14541],[-81.54145,45.1249],[-81.49932,45.08145],[-81.45117,45.01499],[-81.41548,44.98735],[-81.37695,44.98413],[-81.35523,44.97754],[-81.35835,44.91103],[-81.34111,44.86992],[-81.30005,44.83198],[-81.27817,44.78994],[-81.28071,44.71626],[-81.27773,44.6437],[-81.29751,44.59668],[-81.3519,44.54228],[-81.38677,44.49692],[-81.4022,44.4606],[-81.43135,44.43648],[-81.47432,44.42456],[-81.51885,44.39893],[-81.56494,44.35967],[-81.59497,44.31084],[-81.60894,44.25254],[-81.64663,44.19248],[-81.70811,44.13071],[-81.73198,44.0604],[-81.71836,43.98159],[-81.7165,43.64214],[-81.70518,43.55762],[-81.71279,43.47407],[-81.7394,43.39155],[-81.78452,43.32686],[-81.84819,43.28013],[-81.91138,43.2456],[-81.97412,43.22344],[-82.03306,43.18579],[-82.08809,43.13267],[-82.18106,43.08511],[-82.31201,43.04326],[-82.41724,43.01738],[-82.43193,43.03857],[-82.46128,43.08101],[-82.51621,43.27964],[-82.59673,43.63442],[-82.66333,43.8542],[-82.71611,43.93901],[-82.78774,44.00352],[-82.87822,44.04775],[-82.94722,44.06699],[-82.99463,44.06108],[-83.06948,44.02505],[-83.20928,43.9936],[-83.2666,43.97285],[-83.29946,43.94512],[-83.33813,43.92891],[-83.38257,43.92407],[-83.3875,43.9166],[-83.35308,43.90635],[-83.35298,43.87935],[-83.44736,43.75845],[-83.4689,43.73091],[-83.52603,43.7209],[-83.5731,43.69712],[-83.62158,43.63647],[-83.66787,43.621],[-83.7352,43.62666],[-83.848,43.66362],[-83.91567,43.70059],[-83.93828,43.73755],[-83.9396,43.78193],[-83.91978,43.83389],[-83.92158,43.87549],[-83.87881,43.96255],[-83.82144,43.99346],[-83.7377,44.00064],[-83.6915,44.01445],[-83.68281,44.03501],[-83.65698,44.04956],[-83.61396,44.05825],[-83.57749,44.11343],[-83.54751,44.21504],[-83.5125,44.27075],[-83.4874,44.28057],[-83.46421,44.27725],[-83.46279,44.26494],[-83.36621,44.33003],[-83.33057,44.3751],[-83.32837,44.42144],[-83.31929,44.55649],[-83.30791,44.6438],[-83.29424,44.68335],[-83.29956,44.7852],[-83.32778,44.86924],[-83.43618,44.96143],[-83.45156,44.99199],[-83.44814,45.02456],[-83.42593,45.05894],[-83.37783,45.0669],[-83.29307,45.04038],[-83.27871,45.04678],[-83.3023,45.0624],[-83.31611,45.09316],[-83.32017,45.13896],[-83.3311,45.16421],[-83.34897,45.16899],[-83.39619,45.22139],[-83.40259,45.24834],[-83.39727,45.27358],[-83.41528,45.29902],[-83.47852,45.33882],[-83.59365,45.37944],[-83.86875,45.45649],[-83.91826,45.48628],[-83.98633,45.50381],[-84.0728,45.50913],[-84.12773,45.53247],[-84.15112,45.57383],[-84.18926,45.61113],[-84.24228,45.64443],[-84.32632,45.66616],[-84.44141,45.67627],[-84.56294,45.71216],[-84.69092,45.77378],[-84.7626,45.79238],[-84.75693,45.86279],[-84.72739,45.86147],[-84.71333,45.87051],[-84.71269,45.88164],[-84.72539,45.89487],[-84.71709,45.94351],[-84.7249,45.95752],[-84.67466,46.0333],[-84.63154,46.05264],[-84.58149,46.04556],[-84.5499,46.02925],[-84.53687,46.00371],[-84.52129,45.99458],[-84.49033,45.99375],[-84.4731,45.98999],[-84.46294,45.99209],[-84.44731,46.00615],[-84.34092,45.99981],[-83.97881,45.96152],[-83.9292,45.96758],[-83.90098,45.98086],[-83.89414,46.00132],[-83.91743,46.0207],[-84.01196,46.06143],[-84.04077,46.08818],[-84.04839,46.11353],[-84.03472,46.1374],[-84.05488,46.15894],[-84.10884,46.17817],[-84.22705,46.18364],[-84.24795,46.20303],[-84.23848,46.22246],[-84.20366,46.24697],[-84.20225,46.28315],[-84.21333,46.30381],[-84.22905,46.36582],[-84.25478,46.40757],[-84.30674,46.46914],[-84.32744,46.49146],[-84.35801,46.50469],[-84.34395,46.53115],[-84.23565,46.55679]],[[-83.39229,45.98823],[-83.4374,45.96323],[-83.46665,45.93603],[-83.47998,45.90674],[-83.45332,45.88428],[-83.38657,45.86856],[-83.33198,45.88037],[-83.26919,45.94658],[-83.27105,45.96133],[-83.29639,45.97666],[-83.34526,45.99277],[-83.39229,45.98823]],[[-83.58008,46.08008],[-83.6082,46.09658],[-83.68389,46.10625],[-83.69941,46.0956],[-83.68022,46.07041],[-83.68325,46.05723],[-83.71479,46.0375],[-83.775,46.01108],[-83.82026,46.00498],[-83.85059,46.01914],[-83.87109,46.01738],[-83.87515,45.99126],[-83.86572,45.9791],[-83.82324,45.95566],[-83.73076,45.94297],[-83.58828,45.94111],[-83.51802,45.95786],[-83.49375,45.99082],[-83.50347,46.01313],[-83.529,46.02358],[-83.58008,46.08008]],[[-83.8083,46.1666],[-83.79458,46.21431],[-83.82212,46.25347],[-83.89106,46.28418],[-83.9707,46.30298],[-84.06113,46.30977],[-84.09702,46.2876],[-84.07822,46.23643],[-84.03877,46.17705],[-83.97861,46.10942],[-83.93027,46.0917],[-83.90684,46.09722],[-83.88726,46.1189],[-83.87593,46.1479],[-83.85649,46.15747],[-83.82895,46.14766],[-83.8083,46.1666]],[[-84.18814,46.32349],[-84.19551,46.30342],[-84.18491,46.27944],[-84.13486,46.24043],[-84.12065,46.2459],[-84.11558,46.26079],[-84.11958,46.28501],[-84.1373,46.30625],[-84.16875,46.32446],[-84.18814,46.32349]],[[-84.13281,46.36221],[-84.16357,46.41001],[-84.16509,46.45679],[-84.13735,46.50259],[-84.14243,46.53091],[-84.18027,46.5418],[-84.21553,46.53608],[-84.27417,46.4875],[-84.23506,46.44453],[-84.20947,46.38428],[-84.18896,46.36006],[-84.16343,46.34556],[-84.13272,46.34067],[-84.13281,46.36221]],[[-84.55718,45.82046],[-84.56309,45.80386],[-84.4875,45.75352],[-84.44121,45.73447],[-84.41231,45.73628],[-84.39014,45.74658],[-84.37476,45.76538],[-84.38027,45.78769],[-84.41675,45.81431],[-84.429,45.80654],[-84.55718,45.82046]],[[-82.93667,45.81099],[-82.73579,45.79673],[-82.62598,45.77217],[-82.5104,45.72749],[-82.40947,45.698],[-82.32319,45.68359],[-82.25606,45.66011],[-82.20806,45.62749],[-82.09111,45.59087],[-82.07598,45.56968],[-82.05527,45.56133],[-82.029,45.56597],[-81.82114,45.69155],[-81.75977,45.69756],[-81.75957,45.68516],[-81.8645,45.6106],[-81.90234,45.60308],[-81.92246,45.60371],[-81.97671,45.56987],[-81.9772,45.56143],[-81.94619,45.56611],[-81.91426,45.55747],[-81.88125,45.5355],[-81.82808,45.54668],[-81.75474,45.59111],[-81.68574,45.65669],[-81.59302,45.7917],[-81.60147,45.80117],[-81.68506,45.80137],[-81.69858,45.81484],[-81.67275,45.84468],[-81.66484,45.87192],[-81.67476,45.89648],[-81.69819,45.89375],[-81.73506,45.86367],[-81.76309,45.82119],[-81.79585,45.74038],[-81.80376,45.74321],[-81.83843,45.78843],[-81.84185,45.82275],[-81.82822,45.86216],[-81.84058,45.8854],[-81.879,45.89248],[-81.89731,45.9103],[-81.89546,45.93877],[-81.90933,45.96177],[-81.93887,45.97925],[-81.98731,45.97705],[-82.05459,45.95498],[-82.1064,45.91909],[-82.14258,45.86943],[-82.17534,45.87114],[-82.20459,45.92422],[-82.23555,45.9458],[-82.26836,45.93594],[-82.28799,45.94517],[-82.29453,45.97344],[-82.33203,45.98198],[-82.40063,45.97085],[-82.44414,45.95479],[-82.46265,45.93389],[-82.48057,45.93027],[-82.49795,45.9439],[-82.52725,45.93862],[-82.56851,45.9144],[-82.58047,45.89551],[-82.55625,45.86992],[-82.56001,45.85962],[-82.52041,45.84893],[-82.51489,45.83335],[-82.5314,45.80576],[-82.55425,45.80703],[-82.58345,45.83701],[-82.60781,45.84751],[-82.62734,45.83857],[-82.64482,45.84263],[-82.66025,45.85967],[-82.69092,45.86289],[-82.73686,45.85234],[-82.7646,45.85815],[-82.77402,45.88032],[-82.79346,45.89756],[-82.82295,45.90981],[-82.83208,45.93618],[-82.821,45.97656],[-82.84521,45.99043],[-82.90474,45.97778],[-82.94482,45.96269],[-82.96548,45.94521],[-82.9957,45.94346],[-83.0354,45.95742],[-83.06934,45.95459],[-83.09731,45.93506],[-83.12451,45.93794],[-83.15083,45.96323],[-83.17617,45.9689],[-83.20059,45.95488],[-83.21582,45.93267],[-83.22183,45.90215],[-83.16006,45.87519],[-82.96226,45.83345],[-82.93667,45.81099]],[[-81.73506,45.53057],[-81.82881,45.49766],[-81.8375,45.48398],[-81.83286,45.47251],[-81.81494,45.46323],[-81.78809,45.46582],[-81.72729,45.50049],[-81.7126,45.52632],[-81.73506,45.53057]],[[-80.17432,44.80889],[-80.15767,44.8479],[-80.17144,44.86484],[-80.21582,44.87168],[-80.23628,44.8645],[-80.23281,44.84331],[-80.21572,44.82266],[-80.17305,44.79624],[-80.17432,44.80889]]]}},{"type":"Feature","properties":{"kind":"lake","name":"Lago Madre"},"geometry":{"type":"Polygon","coordinates":[[[-97.4564,25.27334],[-97.53731,25.08154],[-97.61221,24.78193],[-97.68711,24.47637],[-97.72007,24.25464],[-97.75781,23.91484],[-97.76543,23.9167],[-97.77549,24.08213],[-97.75903,24.15874],[-97.75,24.26362],[-97.74097,24.39092],[-97.76826,24.43613],[-97.80469,24.44404],[-97.82832,24.47656],[-97.83315,24.51709],[-97.82417,24.54443],[-97.80034,24.546],[-97.7417,24.50171],[-97.72519,24.50127],[-97.68857,24.66348],[-97.69966,24.70884],[-97.70293,24.84453],[-97.64302,24.90767],[-97.65469,24.93711],[-97.70723,24.96577],[-97.72871,24.9937],[-97.69878,25.15913],[-97.69971,25.20078],[-97.70581,25.2251],[-97.75449,25.25727],[-97.72105,25.2875],[-97.68022,25.3458],[-97.65352,25.3648],[-97.64316,25.36352],[-97.61089,25.32583],[-97.57593,25.31211],[-97.54307,25.31152],[-97.53061,25.32749],[-97.51836,25.43545],[-97.50767,25.44736],[-97.47261,25.43994],[-97.43755,25.40596],[-97.42681,25.35356],[-97.4564,25.27334]]]}},{"type":"Feature","properties":{"kind":"lake","name":"Lake Mistassini"},"geometry":{"type":"Polygon","coordinates":[[[-72.98779,51.10356],[-73.11377,50.99678],[-73.13452,50.98897],[-73.25381,50.9125],[-73.37051,50.84463],[-73.45933,50.79326],[-73.45796,50.81377],[-73.39434,50.89268],[-73.26152,50.97734],[-73.18867,51.06924],[-73.17505,51.07134],[-73.15127,51.06958],[-73.13154,51.09033],[-73.12915,51.10552],[-73.14336,51.14473],[-73.15068,51.15606],[-73.17295,51.15781],[-73.29277,51.07686],[-73.39624,50.99351],[-73.57295,50.8353],[-73.59888,50.82456],[-73.63081,50.82402],[-73.77109,50.64077],[-73.8001,50.59517],[-73.81738,50.49902],[-73.8105,50.45195],[-73.79878,50.41206],[-73.78789,50.38994],[-73.80737,50.3877],[-73.83184,50.41289],[-73.84316,50.40571],[-73.83706,50.34077],[-73.81934,50.30063],[-73.79951,50.23618],[-73.81768,50.21138],[-73.90366,50.16177],[-74.00786,50.12041],[-74.03433,50.09063],[-74.07568,50.04268],[-74.15171,50.03774],[-74.21953,50.05757],[-74.19971,50.07573],[-74.09805,50.09185],[-74.01279,50.17827],[-73.87886,50.21797],[-73.82764,50.24936],[-73.83589,50.27583],[-73.87959,50.29702],[-73.89609,50.32744],[-73.89878,50.35244],[-73.87773,50.3811],[-73.83862,50.63931],[-73.88711,50.58994],[-73.91567,50.54385],[-73.92588,50.51416],[-73.91689,50.48916],[-73.91855,50.47427],[-73.93164,50.45767],[-74.00239,50.47808],[-74.10547,50.39878],[-74.13188,50.40317],[-74.10376,50.4478],[-73.95405,50.72192],[-73.84526,50.88818],[-73.85591,50.89795],[-73.91138,50.89746],[-73.91582,50.91035],[-73.88999,50.95381],[-73.90518,50.96274],[-73.8919,50.98101],[-73.64145,51.07759],[-73.37827,51.24028],[-73.20234,51.31977],[-73.06694,51.39038],[-72.98589,51.39702],[-72.98438,51.37803],[-73.06719,51.31724],[-73.04048,51.30938],[-72.88999,51.354],[-72.81133,51.36099],[-72.79189,51.35312],[-72.8001,51.33511],[-72.85107,51.30479],[-73.06743,51.20601],[-73.0915,51.17842],[-73.07183,51.16025],[-73.04087,51.15449],[-72.81128,51.24409],[-72.72349,51.25435],[-72.69014,51.24063],[-72.71855,51.21733],[-72.8999,51.14585],[-72.98779,51.10356]]]}},{"type":"Feature","properties":{"kind":"lake","name":"Lake of the Woods"},"geometry":{"type":"Polygon","coordinates":[[[-94.04111,49.35835],[-94.04727,49.26802],[-94.06523,49.23838],[-94.09229,49.2189],[-94.11899,49.20635],[-94.12871,49.21045],[-94.1147,49.23105],[-94.10947,49.26343],[-94.18213,49.33032],[-94.22114,49.3936],[-94.27837,49.40732],[-94.25137,49.45693],[-94.2542,49.4709],[-94.36455,49.48345],[-94.47383,49.47173],[-94.64639,49.44492],[-94.74522,49.40903],[-94.76953,49.39336],[-94.79014,49.35332],[-94.77813,49.3397],[-94.64023,49.35356],[-94.60898,49.34482],[-94.5772,49.29785],[-94.52207,49.26689],[-94.46411,49.23198],[-94.3541,49.26602],[-94.30264,49.25259],[-94.27158,49.22715],[-94.26743,49.19424],[-94.23999,49.18115],[-94.09883,49.16709],[-94.07402,49.15537],[-94.11733,49.12593],[-94.19688,49.09575],[-94.26499,49.11406],[-94.30952,49.10361],[-94.32378,49.0709],[-94.53682,48.94512],[-94.71279,48.86343],[-94.81777,48.86782],[-94.91572,48.92563],[-95.00264,48.96431],[-95.03731,48.95884],[-95.17925,48.89668],[-95.27353,48.88618],[-95.31284,48.92808],[-95.31548,48.96997],[-95.26729,49.02896],[-95.26562,49.05962],[-95.27656,49.10532],[-95.26055,49.13706],[-95.19854,49.16645],[-95.08506,49.17647],[-94.98276,49.19531],[-94.93564,49.23984],[-94.94087,49.32104],[-95.00898,49.34199],[-95.01421,49.36821],[-94.94067,49.4001],[-94.90937,49.43711],[-94.82231,49.51162],[-94.69087,49.56103],[-94.64541,49.60308],[-94.65049,49.6207],[-94.68823,49.62564],[-94.74487,49.61621],[-94.79556,49.59907],[-94.91084,49.52637],[-94.98511,49.49658],[-95.10742,49.46338],[-95.13862,49.47187],[-95.11606,49.54263],[-95.15249,49.62241],[-95.09922,49.63926],[-95.0084,49.63545],[-94.96152,49.6207],[-94.97339,49.58418],[-94.95806,49.57539],[-94.92627,49.57603],[-94.88838,49.58506],[-94.84014,49.6126],[-94.87026,49.66269],[-94.823,49.69043],[-94.58823,49.72378],[-94.55977,49.76382],[-94.57583,49.80732],[-94.67817,49.95273],[-94.65894,49.97446],[-94.6145,49.99268],[-94.58804,49.98799],[-94.53853,49.93125],[-94.53003,49.85273],[-94.49609,49.8041],[-94.45098,49.73755],[-94.34619,49.72446],[-94.31216,49.68516],[-94.33232,49.63936],[-94.3144,49.59976],[-94.36172,49.57627],[-94.36836,49.56314],[-94.30166,49.51489],[-94.17334,49.49658],[-94.13433,49.44844],[-94.14438,49.42744],[-94.05205,49.37315],[-94.04111,49.35835]],[[-94.7874,49.19248],[-94.78369,49.17012],[-94.73149,49.0918],[-94.65689,49.08994],[-94.63076,49.0564],[-94.59351,49.03589],[-94.52827,49.04145],[-94.50586,49.11792],[-94.44624,49.17944],[-94.4481,49.20176],[-94.51523,49.21484],[-94.62148,49.19058],[-94.70161,49.19058],[-94.7874,49.19248]]]}},{"type":"Feature","properties":{"kind":"lake","name":"Lake Nipigon"},"geometry":{"type":"Polygon","coordinates":[[[-88.10649,49.93423],[-88.14453,49.91216],[-88.14331,49.89487],[-88.10806,49.86782],[-88.12949,49.78491],[-88.1124,49.71143],[-88.13423,49.63525],[-88.16567,49.58042],[-88.15859,49.50747],[-88.18027,49.46621],[-88.30488,49.45918],[-88.36831,49.43408],[-88.40601,49.38906],[-88.43872,49.39365],[-88.46655,49.44321],[-88.49356,49.4625],[-88.51348,49.51416],[-88.5416,49.54878],[-88.5522,49.5437],[-88.54702,49.48833],[-88.5627,49.46221],[-88.62183,49.42788],[-88.66758,49.43345],[-88.70571,49.4415],[-88.77295,49.45811],[-88.78594,49.48833],[-88.75942,49.52695],[-88.71035,49.58696],[-88.61035,49.60649],[-88.59019,49.60781],[-88.58731,49.62793],[-88.60747,49.64663],[-88.68814,49.6332],[-88.74419,49.63081],[-88.7856,49.56709],[-88.82319,49.53955],[-88.86894,49.52051],[-88.90903,49.5104],[-88.96006,49.50127],[-89.00034,49.52861],[-89.0186,49.56782],[-89.01641,49.58281],[-88.96006,49.5603],[-88.92021,49.55967],[-88.90742,49.57944],[-88.90649,49.61763],[-88.92905,49.69434],[-88.93032,49.75469],[-88.95571,49.75601],[-89.00752,49.71426],[-89.04541,49.72593],[-89.09209,49.77554],[-89.08701,49.80405],[-89.06924,49.82402],[-89.00444,49.78652],[-88.94941,49.80977],[-88.94062,49.81992],[-88.95019,49.85513],[-88.94507,49.87974],[-88.88848,49.93252],[-88.90464,50.02339],[-88.89321,50.05684],[-88.76938,50.21328],[-88.70454,50.25361],[-88.63911,50.277],[-88.55107,50.23911],[-88.46479,50.23765],[-88.35591,50.16201],[-88.31465,50.14795],[-88.2876,50.15005],[-88.27778,50.15933],[-88.28818,50.17798],[-88.34004,50.22583],[-88.41484,50.26533],[-88.42051,50.28916],[-88.38394,50.29077],[-88.3438,50.275],[-88.23184,50.21279],[-88.19922,50.18774],[-88.17051,50.13481],[-88.17222,50.11289],[-88.20449,50.11147],[-88.21538,50.0958],[-88.22236,50.05923],[-88.21763,50.02695],[-88.23472,49.99058],[-88.21318,49.99346],[-88.16885,50.02778],[-88.13257,50.0352],[-88.08364,50.00068],[-88.03325,49.97905],[-88.03047,49.96123],[-88.10649,49.93423]],[[-88.55435,50.03579],[-88.58975,50.04658],[-88.61592,50.04658],[-88.62974,50.04351],[-88.63281,50.01738],[-88.63896,49.98501],[-88.65439,49.94966],[-88.68823,49.92656],[-88.71904,49.90039],[-88.74673,49.87881],[-88.74824,49.86807],[-88.71592,49.84961],[-88.67593,49.84961],[-88.62051,49.82036],[-88.58818,49.80498],[-88.58203,49.81572],[-88.58975,49.83574],[-88.61128,49.86191],[-88.63589,49.89731],[-88.63589,49.91577],[-88.62515,49.95117],[-88.58818,49.9835],[-88.56665,49.99731],[-88.55435,50.02197],[-88.55435,50.03579]],[[-88.37446,49.6894],[-88.39292,49.69995],[-88.42188,49.68545],[-88.48901,49.66045],[-88.49033,49.61172],[-88.39946,49.61699],[-88.38501,49.64727],[-88.37446,49.6894]]]}},{"type":"Feature","properties":{"kind":"lake","name":"Oneida Lake"},"geometry":{"type":"Polygon","coordinates":[[[-75.73345,43.20566],[-75.79961,43.18086],[-75.95918,43.17676],[-76.09561,43.23794],[-76.09639,43.25366],[-76.06006,43.26274],[-75.86074,43.24785],[-75.75,43.22554],[-75.73345,43.20566]]]}},{"type":"Feature","properties":{"kind":"lake","name":"Lake Tahoe"},"geometry":{"type":"Polygon","coordinates":[[[-119.96572,38.95742],[-120.0334,38.94526],[-120.08081,38.97095],[-120.11333,39.06035],[-120.13916,39.09077],[-120.13223,39.14292],[-120.05913,39.22144],[-119.98599,39.24238],[-119.96167,39.25395],[-119.93594,39.25395],[-119.91836,39.20654],[-119.94268,39.0251],[-119.96572,38.95742]]]}},{"type":"Feature","properties":{"kind":"lake","name":"Lake Winnebago"},"geometry":{"type":"Polygon","coordinates":[[[-88.33379,43.93814],[-88.38335,43.86602],[-88.43106,43.8081],[-88.46484,43.81343],[-88.49185,43.93916],[-88.51875,44.02905],[-88.48447,44.11045],[-88.41792,44.19453],[-88.3581,44.19604],[-88.32109,44.18018],[-88.3251,44.06758],[-88.33379,43.93814]]]}},{"type":"Feature","properties":{"kind":"lake","name":"Lake Champlain"},"geometry":{"type":"Polygon","coordinates":[[[-73.40493,44.05386],[-73.36934,43.87573],[-73.35571,43.78071],[-73.36763,43.75698],[-73.3856,43.8105],[-73.40322,43.86553],[-73.43027,44.00498],[-73.44697,44.0311],[-73.45122,44.0834],[-73.44394,44.19297],[-73.35405,44.28115],[-73.37686,44.39277],[-73.40034,44.43086],[-73.4438,44.63755],[-73.39985,44.7749],[-73.38286,44.93608],[-73.34678,45.01802],[-73.32393,45.02876],[-73.30796,44.95596],[-73.29639,44.91401],[-73.28506,44.91265],[-73.25542,44.94248],[-73.204,45.02168],[-73.14683,45.073],[-73.104,45.07798],[-73.08784,45.04614],[-73.11084,45.00933],[-73.16274,44.98545],[-73.19268,44.95659],[-73.17251,44.91909],[-73.17622,44.87398],[-73.19443,44.70713],[-73.21372,44.58643],[-73.2269,44.56323],[-73.26255,44.5418],[-73.25562,44.50684],[-73.22852,44.49326],[-73.22764,44.44497],[-73.23584,44.43281],[-73.24834,44.43667],[-73.27056,44.39673],[-73.28779,44.31997],[-73.32593,44.23384],[-73.37324,44.14771],[-73.40493,44.05386]]]}},{"type":"Feature","properties":{"kind":"lake","name":"Salton Sea"},"geometry":{"type":"Polygon","coordinates":[[[-115.61606,33.22261],[-115.6979,33.13828],[-115.78887,33.14658],[-115.91133,33.30254],[-116.06172,33.43262],[-116.05347,33.5021],[-116.01045,33.52192],[-115.94844,33.51943],[-115.88394,33.45166],[-115.65996,33.3208],[-115.61162,33.27446],[-115.61606,33.22261]]]}},{"type":"Feature","properties":{"kind":"lake","name":"Lac Saint-Jean"},"geometry":{"type":"Polygon","coordinates":[[[-72.13335,48.4689],[-72.16543,48.48101],[-72.24209,48.57485],[-72.30615,48.61934],[-72.33052,48.66855],[-72.29053,48.73315],[-72.15806,48.75527],[-71.99961,48.72363],[-71.90698,48.68144],[-71.8457,48.65942],[-71.77563,48.60991],[-71.77373,48.5606],[-71.78057,48.51821],[-71.82251,48.47515],[-71.92441,48.44375],[-72.05464,48.45366],[-72.13335,48.4689]]]}},{"type":"Feature","properties":{"kind":"lake","name":"Keuka L."},"geometry":{"type":"Polygon","coordinates":[[[-77.10737,42.521],[-77.19102,42.42539],[-77.20303,42.43735],[-77.16992,42.51196],[-77.14814,42.56836],[-77.11338,42.56885],[-77.07749,42.64849],[-77.05757,42.64448],[-77.10737,42.521]]]}},{"type":"Feature","properties":{"kind":"lake","name":"Seneca Lake"},"geometry":{"type":"Polygon","coordinates":[[[-76.91016,42.45923],[-76.91758,42.59136],[-76.954,42.73018],[-76.96992,42.87759],[-76.954,42.86963],[-76.88203,42.68276],[-76.88272,42.53672],[-76.87646,42.44419],[-76.8792,42.41631],[-76.91016,42.45923]]]}},{"type":"Feature","properties":{"kind":"lake","name":"Cayuga Lake"},"geometry":{"type":"Polygon","coordinates":[[[-76.52769,42.48916],[-76.58633,42.54736],[-76.66714,42.60269],[-76.77275,42.77798],[-76.75083,42.92539],[-76.73486,42.94331],[-76.70103,42.75786],[-76.66514,42.66841],[-76.60313,42.5939],[-76.51973,42.50107],[-76.52769,42.48916]]]}},{"type":"Feature","properties":{"kind":"lake","name":null},"geometry":{"type":"Polygon","coordinates":[[[-90.4666,30.19795],[-90.53745,30.17939],[-90.57402,30.19687],[-90.58003,30.23481],[-90.55688,30.28374],[-90.49312,30.34824],[-90.43272,30.32612],[-90.42505,30.27402],[-90.4666,30.19795]]]}},{"type":"Feature","properties":{"kind":"lake","name":"Lake Nipissing"},"geometry":{"type":"Polygon","coordinates":[[[-80.40913,46.28975],[-80.346,46.28555],[-80.31406,46.26372],[-80.25278,46.24932],[-80.14668,46.25752],[-80.11802,46.27749],[-80.14272,46.30171],[-80.12549,46.32363],[-80.05332,46.3458],[-79.85591,46.33955],[-79.77895,46.3479],[-79.65342,46.35825],[-79.49399,46.31065],[-79.43555,46.23545],[-79.48652,46.18423],[-79.57261,46.16592],[-79.77183,46.21294],[-79.87637,46.19297],[-79.98647,46.16079],[-80.00586,46.16577],[-79.99121,46.19883],[-80.01499,46.23213],[-80.0626,46.24404],[-80.29336,46.225],[-80.44722,46.28218],[-80.40913,46.28975]]]}},{"type":"Feature","properties":{"kind":"lake","name":"Yellowstone Lake"},"geometry":{"type":"Polygon","coordinates":[[[-110.2354,44.32217],[-110.27285,44.31885],[-110.2916,44.33648],[-110.32798,44.35635],[-110.34121,44.38281],[-110.39443,44.39141],[-110.3897,44.42471],[-110.42607,44.44673],[-110.48852,44.43657],[-110.53081,44.41367],[-110.55508,44.44673],[-110.52861,44.471],[-110.49028,44.47315],[-110.45034,44.47983],[-110.41758,44.50308],[-110.38091,44.55591],[-110.32685,44.5669],[-110.27178,44.54375],[-110.26406,44.44673],[-110.2023,44.39053],[-110.19902,44.3354],[-110.2354,44.32217]]]}},{"type":"Feature","properties":{"kind":"lake","name":"Flathead Lake"},"geometry":{"type":"Polygon","coordinates":[[[-114.18018,48.02212],[-114.19858,48.03955],[-114.19312,48.06934],[-114.13359,48.09136],[-114.04648,48.01533],[-114.02437,47.93423],[-114.00459,47.78491],[-114.02114,47.75625],[-114.0564,47.71104],[-114.11812,47.71768],[-114.1501,47.71435],[-114.16328,47.73984],[-114.12583,47.78379],[-114.1479,47.81245],[-114.19312,47.82568],[-114.24961,47.83662],[-114.254,47.85786],[-114.19419,47.89072],[-114.15561,47.93262],[-114.18018,48.02212]]]}},{"type":"Feature","properties":{"kind":"lake","name":"Lake Mead"},"geometry":{"type":"Polygon","coordinates":[[[-113.67036,35.84268],[-113.72598,35.92158],[-113.79453,36.00952],[-113.89458,36.0793],[-113.95234,36.12978],[-113.98857,36.16475],[-114.03901,36.16348],[-114.1104,36.03203],[-114.20845,36.00566],[-114.29404,36.02988],[-114.32114,36.07646],[-114.3727,36.1001],[-114.4063,36.09067],[-114.45088,36.0793],[-114.50386,36.10615],[-114.64038,36.10601],[-114.71421,36.02373],[-114.74136,36.01353],[-114.76856,36.01987],[-114.81191,36.07456],[-114.81616,36.12148],[-114.65337,36.15425],[-114.51196,36.1939],[-114.43154,36.23716],[-114.41304,36.34834],[-114.38682,36.48271],[-114.36367,36.5145],[-114.33643,36.51924],[-114.33457,36.44385],[-114.35874,36.33462],[-114.37031,36.20923],[-114.29512,36.1104],[-114.22588,36.04971],[-114.15933,36.07681],[-114.09722,36.15156],[-114.02988,36.24468],[-113.99634,36.24365],[-113.92388,36.17637],[-113.85791,36.11558],[-113.77749,36.04814],[-113.69883,35.95776],[-113.63286,35.85947],[-113.63569,35.83086],[-113.67036,35.84268]]]}},{"type":"Feature","properties":{"kind":"lake","name":"Lake St. Joseph"},"geometry":{"type":"Polygon","coordinates":[[[-91.30215,51.0355],[-91.27437,51.06899],[-91.21387,51.06631],[-91.09106,51.03765],[-90.97622,51.01113],[-90.91133,51.03745],[-90.84434,51.07251],[-90.79463,51.09429],[-90.74531,51.12041],[-90.66269,51.17622],[-90.6041,51.2145],[-90.52017,51.1915],[-90.47241,51.16982],[-90.43081,51.13955],[-90.4269,51.11919],[-90.52778,51.06807],[-90.74702,51.01411],[-90.93652,50.95444],[-91.11982,50.94556],[-91.23818,50.93374],[-91.31797,50.91846],[-91.36709,50.93047],[-91.34531,50.96885],[-91.30215,51.0355]]]}},{"type":"Feature","properties":{"kind":"lake","name":"Réservoir Gouin"},"geometry":{"type":"Polygon","coordinates":[[[-74.54531,48.43857],[-74.57451,48.4252],[-74.59609,48.41841],[-74.62139,48.42012],[-74.63848,48.41382],[-74.65142,48.39971],[-74.67666,48.36353],[-74.68604,48.35708],[-74.69165,48.38169],[-74.70566,48.41973],[-74.72217,48.43394],[-74.75552,48.44868],[-74.81641,48.5123],[-74.86655,48.55996],[-74.91113,48.57495],[-74.94546,48.57563],[-74.96426,48.5563],[-74.96855,48.51875],[-74.9603,48.49868],[-74.94199,48.48711],[-74.94497,48.45391],[-74.95405,48.37974],[-74.9603,48.36431],[-74.98628,48.36475],[-75.02344,48.35908],[-75.05933,48.34663],[-75.08174,48.34072],[-75.12978,48.2875],[-75.1395,48.28872],[-75.12998,48.32983],[-75.1145,48.41396],[-75.09922,48.47817],[-75.07334,48.49536],[-75.04248,48.51372],[-75.00801,48.56416],[-75.01816,48.61221],[-75.06997,48.59648],[-75.09453,48.57651],[-75.12876,48.55527],[-75.16484,48.52602],[-75.18198,48.47905],[-75.18101,48.43848],[-75.17388,48.4144],[-75.21348,48.40586],[-75.26875,48.4082],[-75.30044,48.42427],[-75.33603,48.43696],[-75.3626,48.429],[-75.38711,48.4437],[-75.41445,48.43784],[-75.38935,48.48345],[-75.34976,48.53159],[-75.30156,48.57979],[-75.28184,48.59727],[-75.24971,48.59819],[-75.2189,48.59204],[-75.18076,48.60181],[-75.14644,48.63647],[-75.10933,48.67495],[-75.06099,48.7063],[-75.04219,48.71167],[-74.96953,48.69356],[-74.92139,48.70972],[-74.81206,48.75718],[-74.76245,48.77339],[-74.72266,48.78477],[-74.63008,48.80107],[-74.55786,48.80239],[-74.54307,48.77827],[-74.52236,48.7561],[-74.5437,48.70376],[-74.57998,48.6396],[-74.55478,48.6083],[-74.50723,48.59399],[-74.4852,48.58003],[-74.45576,48.5812],[-74.41172,48.58852],[-74.39658,48.5793],[-74.40566,48.54717],[-74.36968,48.48574],[-74.31431,48.44917],[-74.26289,48.43857],[-74.22275,48.42622],[-74.17378,48.39819],[-74.11758,48.38843],[-74.10019,48.37222],[-74.15107,48.36011],[-74.2375,48.34683],[-74.31206,48.37685],[-74.39541,48.44023],[-74.46255,48.47065],[-74.51025,48.47974],[-74.53096,48.46084],[-74.54531,48.43857]]]}},{"type":"Feature","properties":{"kind":"lake","name":"Canandaigua Lake"},"geometry":{"type":"Polygon","coordinates":[[[-77.30938,42.76831],[-77.354,42.68892],[-77.36392,42.70381],[-77.36065,42.73354],[-77.33418,42.78481],[-77.29111,42.83648],[-77.27051,42.89478],[-77.24487,42.87578],[-77.26221,42.8146],[-77.30938,42.76831]]]}},{"type":"Feature","properties":{"kind":"lake","name":"Owasco Lake"},"geometry":{"type":"Polygon","coordinates":[[[-76.5272,42.83608],[-76.54868,42.89727],[-76.53628,42.92207],[-76.46934,42.78071],[-76.46846,42.76914],[-76.4792,42.76997],[-76.5272,42.83608]]]}},{"type":"Feature","properties":{"kind":"lake","name":"Skaneateles Lake"},"geometry":{"type":"Polygon","coordinates":[[[-76.36182,42.85015],[-76.42798,42.9105],[-76.42549,42.96011],[-76.37222,42.8873],[-76.29316,42.83276],[-76.27217,42.78721],[-76.36182,42.85015]]]}},{"type":"Feature","properties":{"kind":"lake","name":"Bear Lake"},"geometry":{"type":"Polygon","coordinates":[[[-111.30772,41.94912],[-111.32656,41.88921],[-111.34873,41.87144],[-111.3729,41.88315],[-111.39414,41.9374],[-111.40737,41.9876],[-111.40273,42.06162],[-111.39341,42.13081],[-111.34443,42.15239],[-111.31274,42.1481],[-111.28535,42.10918],[-111.28247,42.05874],[-111.28823,42.03281],[-111.30772,41.94912]]]}},{"type":"Feature","properties":{"kind":"lake","name":"Utah Lake"},"geometry":{"type":"Polygon","coordinates":[[[-111.82676,40.15801],[-111.84824,40.09517],[-111.86724,40.07036],[-111.8919,40.06367],[-111.89443,40.0814],[-111.89048,40.11704],[-111.89946,40.1542],[-111.91436,40.17622],[-111.85234,40.25229],[-111.86016,40.32261],[-111.8813,40.3771],[-111.79282,40.36885],[-111.76318,40.33735],[-111.73267,40.28452],[-111.70059,40.23774],[-111.68008,40.22539],[-111.6895,40.20596],[-111.74185,40.19028],[-111.82676,40.15801]]]}},{"type":"Feature","properties":{"kind":"lake","name":"Leech Lake"},"geometry":{"type":"Polygon","coordinates":[[[-94.26035,47.15005],[-94.30151,47.09668],[-94.34629,47.07471],[-94.39463,47.06699],[-94.43301,47.077],[-94.46094,47.10923],[-94.51938,47.14292],[-94.56567,47.11973],[-94.56973,47.07476],[-94.57808,47.06182],[-94.58584,47.07939],[-94.60464,47.12295],[-94.6208,47.16567],[-94.61084,47.20596],[-94.58906,47.20181],[-94.50225,47.22139],[-94.43696,47.23218],[-94.3793,47.24111],[-94.29648,47.28462],[-94.28149,47.27017],[-94.29692,47.2209],[-94.3081,47.18281],[-94.27793,47.18618],[-94.24531,47.19145],[-94.26035,47.15005]]]}},{"type":"Feature","properties":{"kind":"lake","name":"Lac des Mille Lacs"},"geometry":{"type":"Polygon","coordinates":[[[-90.28774,48.91562],[-90.31396,48.87832],[-90.33965,48.82148],[-90.37515,48.78594],[-90.44038,48.78467],[-90.45815,48.79795],[-90.52466,48.8061],[-90.60093,48.81138],[-90.63433,48.83276],[-90.63169,48.86709],[-90.65015,48.91665],[-90.68428,48.92036],[-90.68818,48.94414],[-90.66582,48.9669],[-90.62622,48.97383],[-90.59106,48.96025],[-90.56113,48.92617],[-90.54648,48.89517],[-90.47959,48.88457],[-90.40034,48.88584],[-90.36079,48.89253],[-90.32446,48.91577],[-90.2918,48.93496],[-90.28774,48.91562]]]}},{"type":"Feature","properties":{"kind":"lake","name":"Réservoir Baskatong"},"geometry":{"type":"Polygon","coordinates":[[[-75.68779,46.87207],[-75.69839,46.82485],[-75.73164,46.76812],[-75.75142,46.71763],[-75.79487,46.71494],[-75.86436,46.75493],[-75.94326,46.75864],[-76.01748,46.74673],[-76.0335,46.75947],[-76.00962,46.77773],[-75.97148,46.81909],[-75.95815,46.85898],[-75.95498,46.87485],[-75.89014,46.88867],[-75.83061,46.90161],[-75.77886,46.96372],[-75.73652,46.99707],[-75.72715,46.97407],[-75.69429,46.89663],[-75.68779,46.87207]]]}},{"type":"Feature","properties":{"kind":"lake","name":"Lake Rossignol"},"geometry":{"type":"Polygon","coordinates":[[[-64.96426,44.23848],[-65.00107,44.18174],[-65.02456,44.16382],[-65.09946,44.14873],[-65.17622,44.15513],[-65.19849,44.1814],[-65.19937,44.20791],[-65.18867,44.23467],[-65.16689,44.25654],[-65.13447,44.27017],[-65.10391,44.27178],[-65.09502,44.24707],[-65.07954,44.22764],[-65.05254,44.22407],[-65.00967,44.23027],[-64.96572,44.25244],[-64.96426,44.23848]]]}},{"type":"Feature","properties":{"kind":"lake","name":"Grand Lake"},"geometry":{"type":"Polygon","coordinates":[[[-66.15019,45.8561],[-66.18965,45.88076],[-66.13091,45.90981],[-66.0773,45.95288],[-66.048,46.00991],[-66.02685,46.04966],[-66.00176,46.06621],[-65.96992,46.08193],[-65.95762,46.09146],[-65.94214,46.09868],[-65.91958,46.09287],[-65.91987,46.06401],[-65.92978,46.03423],[-65.94961,46.00644],[-65.97861,45.96934],[-65.98857,45.94219],[-66.04131,45.90361],[-66.10635,45.87134],[-66.15019,45.8561]]]}},{"type":"Feature","properties":{"kind":"lake","name":"Goose Lake"},"geometry":{"type":"Polygon","coordinates":[[[-120.34995,41.92266],[-120.37847,41.83223],[-120.39556,41.79243],[-120.44282,41.78525],[-120.46582,41.80313],[-120.48389,41.86924],[-120.48945,41.98809],[-120.47515,42.06479],[-120.44941,42.0875],[-120.41069,42.10732],[-120.3749,42.0897],[-120.34399,42.06645],[-120.32329,42.04043],[-120.32417,41.98691],[-120.34995,41.92266]]]}},{"type":"Feature","properties":{"kind":"lake","name":"Pyramid Lake"},"geometry":{"type":"Polygon","coordinates":[[[-119.43301,39.88594],[-119.44619,39.86807],[-119.48652,39.87812],[-119.54707,39.92656],[-119.63584,40.02827],[-119.69614,40.12349],[-119.68359,40.15039],[-119.64116,40.19082],[-119.5773,40.20928],[-119.53359,40.18071],[-119.51514,40.08203],[-119.48296,39.97378],[-119.4543,39.9335],[-119.43218,39.90273],[-119.43301,39.88594]]]}},{"type":"Feature","properties":{"kind":"lake","name":"Millerton Lake"},"geometry":{"type":"Polygon","coordinates":[[[-119.59805,37.05083],[-119.60303,37.03096],[-119.64102,37.00781],[-119.69312,36.99956],[-119.67163,37.02764],[-119.62285,37.04585],[-119.60303,37.05742],[-119.59805,37.05083]]]}},{"type":"Feature","properties":{"kind":"lake","name":"Réservoir Pipmuacan"},"geometry":{"type":"Polygon","coordinates":[[[-70.1375,49.49077],[-70.13975,49.52954],[-70.13735,49.56523],[-70.15718,49.5917],[-70.19512,49.61743],[-70.2418,49.63491],[-70.28296,49.64102],[-70.32422,49.62378],[-70.35093,49.59033],[-70.33535,49.53965],[-70.3292,49.5231],[-70.35391,49.50386],[-70.40557,49.51909],[-70.43106,49.53203],[-70.44961,49.53667],[-70.46748,49.53154],[-70.48662,49.49927],[-70.50459,49.46104],[-70.50806,49.42666],[-70.51553,49.41084],[-70.53872,49.43882],[-70.57134,49.4727],[-70.63872,49.46616],[-70.67681,49.44849],[-70.70078,49.42739],[-70.73613,49.4417],[-70.75649,49.4875],[-70.78853,49.53594],[-70.81587,49.54346],[-70.83447,49.54175],[-70.85469,49.52524],[-70.89229,49.45664],[-70.94048,49.40815],[-70.96309,49.40596],[-70.9208,49.49717],[-70.85933,49.59922],[-70.83428,49.62544],[-70.82568,49.61616],[-70.7917,49.59595],[-70.74438,49.55986],[-70.71563,49.52481],[-70.66738,49.53115],[-70.58525,49.57227],[-70.51431,49.62983],[-70.47109,49.67207],[-70.44224,49.68355],[-70.41094,49.68174],[-70.34023,49.67021],[-70.30459,49.70054],[-70.30742,49.74815],[-70.35835,49.83193],[-70.3769,49.88696],[-70.33931,49.88359],[-70.31719,49.86357],[-70.28901,49.81323],[-70.25913,49.74971],[-70.23574,49.69853],[-70.20561,49.68193],[-70.17129,49.68398],[-70.13535,49.70825],[-70.09976,49.68979],[-70.07295,49.64272],[-70.0168,49.59673],[-69.95068,49.55488],[-69.89853,49.54512],[-69.84429,49.47222],[-69.78677,49.37036],[-69.78311,49.33862],[-69.8249,49.33315],[-69.85581,49.34248],[-69.86602,49.36563],[-69.88862,49.40669],[-69.90381,49.45068],[-69.90225,49.48091],[-69.91738,49.5041],[-69.94634,49.51763],[-69.98242,49.51689],[-70.02935,49.49775],[-70.06367,49.47481],[-70.06943,49.45879],[-70.08047,49.43989],[-70.1375,49.49077]]]}},{"type":"Feature","properties":{"kind":"lake","name":"Trout Lake"},"geometry":{"type":"Polygon","coordinates":[[[-93.18179,51.05493],[-93.19961,51.03857],[-93.2354,51.0335],[-93.31958,51.07461],[-93.4293,51.15361],[-93.4813,51.20815],[-93.48018,51.23657],[-93.45527,51.26401],[-93.40576,51.29204],[-93.37002,51.30151],[-93.34355,51.28613],[-93.2833,51.27949],[-93.21514,51.29893],[-93.17456,51.29473],[-93.14106,51.27295],[-93.12324,51.24077],[-93.10147,51.20732],[-93.07163,51.17334],[-93.07363,51.15903],[-93.1373,51.1228],[-93.1645,51.07119],[-93.18179,51.05493]]]}},{"type":"Feature","properties":{"kind":"lake","name":"Mille Lacs Lake"},"geometry":{"type":"Polygon","coordinates":[[[-93.52105,46.2103],[-93.51362,46.17661],[-93.53965,46.15015],[-93.59981,46.1356],[-93.66787,46.13682],[-93.72593,46.15791],[-93.775,46.20044],[-93.79546,46.25537],[-93.75835,46.30796],[-93.67881,46.34458],[-93.60723,46.36021],[-93.56943,46.35659],[-93.55176,46.34116],[-93.54155,46.30034],[-93.53809,46.26855],[-93.53428,46.24873],[-93.52105,46.2103]]]}},{"type":"Feature","properties":{"kind":"lake","name":"Lake Winnipesaukee"},"geometry":{"type":"Polygon","coordinates":[[[-71.26201,43.60933],[-71.21636,43.58652],[-71.21411,43.5687],[-71.23247,43.5397],[-71.27729,43.53203],[-71.37051,43.59751],[-71.44346,43.62773],[-71.43584,43.65586],[-71.42998,43.67861],[-71.40894,43.69453],[-71.39448,43.71123],[-71.39927,43.72456],[-71.37383,43.72227],[-71.33066,43.69961],[-71.30557,43.66694],[-71.29258,43.63467],[-71.26201,43.60933]]]}},{"type":"Feature","properties":{"kind":"lake","name":"Lake Simcoe"},"geometry":{"type":"Polygon","coordinates":[[[-79.47895,44.26978],[-79.48008,44.23579],[-79.49888,44.22686],[-79.51938,44.27432],[-79.53687,44.35283],[-79.57368,44.39307],[-79.58418,44.40508],[-79.56748,44.4313],[-79.50293,44.46289],[-79.44531,44.51001],[-79.41289,44.56216],[-79.39263,44.60264],[-79.38672,44.64067],[-79.3727,44.6981],[-79.35439,44.68989],[-79.34087,44.63643],[-79.26509,44.56279],[-79.21103,44.53525],[-79.17671,44.49136],[-79.16269,44.44951],[-79.17178,44.4189],[-79.20156,44.38437],[-79.34243,44.34297],[-79.44824,44.30962],[-79.47895,44.26978]]]}},{"type":"Feature","properties":{"kind":"lake","name":"Malheur Lake"},"geometry":{"type":"Polygon","coordinates":[[[-118.72061,43.29067],[-118.76606,43.25825],[-118.82095,43.24019],[-118.86411,43.26328],[-118.90332,43.30322],[-118.9354,43.35366],[-118.94761,43.39395],[-118.92871,43.41406],[-118.79111,43.42549],[-118.66397,43.40508],[-118.63335,43.34439],[-118.61245,43.29814],[-118.62314,43.28184],[-118.64311,43.28076],[-118.65352,43.28384],[-118.67978,43.29023],[-118.72061,43.29067]]]}},{"type":"Feature","properties":{"kind":"lake","name":"Rainy Lake"},"geometry":{"type":"Polygon","coordinates":[[[-92.99526,48.45059],[-93.05049,48.47954],[-93.07114,48.50444],[-93.05576,48.51284],[-92.98242,48.49067],[-92.86504,48.46196],[-92.7876,48.45493],[-92.74526,48.47686],[-92.70371,48.50454],[-92.69761,48.51704],[-92.81299,48.54048],[-92.93638,48.56455],[-92.94995,48.57642],[-92.94785,48.58648],[-93.00102,48.59311],[-93.07949,48.59058],[-93.10908,48.58052],[-93.09985,48.56421],[-93.11699,48.55317],[-93.16235,48.55757],[-93.19648,48.57891],[-93.27925,48.60684],[-93.33931,48.6],[-93.38159,48.61616],[-93.37007,48.63843],[-93.37031,48.65689],[-93.40088,48.68149],[-93.40332,48.70527],[-93.37773,48.71025],[-93.35239,48.7169],[-93.3645,48.74805],[-93.41694,48.7852],[-93.49614,48.81299],[-93.57895,48.82588],[-93.61279,48.83359],[-93.5833,48.84268],[-93.49136,48.83906],[-93.43389,48.84634],[-93.43887,48.86929],[-93.44976,48.8873],[-93.46279,48.90283],[-93.40845,48.91499],[-93.34521,48.929],[-93.32246,48.93442],[-93.29385,48.88477],[-93.26157,48.8251],[-93.2269,48.80523],[-93.20259,48.79082],[-93.20146,48.7668],[-93.1998,48.74565],[-93.22905,48.71807],[-93.26484,48.68638],[-93.26089,48.67373],[-93.24541,48.66704],[-93.2229,48.67026],[-93.17119,48.70073],[-93.12368,48.72832],[-93.13506,48.70615],[-93.14922,48.67476],[-93.11851,48.66797],[-93.0148,48.6832],[-92.97949,48.6876],[-92.94883,48.6813],[-92.89648,48.68301],[-92.79341,48.69531],[-92.779,48.67803],[-92.85342,48.64609],[-92.86992,48.63477],[-92.86836,48.62451],[-92.86631,48.61523],[-92.80757,48.60439],[-92.73184,48.58843],[-92.68506,48.59111],[-92.65464,48.59966],[-92.64082,48.5874],[-92.60322,48.56499],[-92.58535,48.53374],[-92.58252,48.50957],[-92.56968,48.50019],[-92.5999,48.48457],[-92.56748,48.46802],[-92.49062,48.45625],[-92.46968,48.43975],[-92.44868,48.42412],[-92.43457,48.39067],[-92.44116,48.35723],[-92.45586,48.35068],[-92.47822,48.36606],[-92.51982,48.39863],[-92.60039,48.42417],[-92.76396,48.43032],[-92.91782,48.43296],[-92.99526,48.45059]]]}},{"type":"Feature","properties":{"kind":"lake","name":"Ft. Peck Lake"},"geometry":{"type":"Polygon","coordinates":[[[-106.25127,47.55],[-106.26856,47.54814],[-106.25156,47.59961],[-106.25132,47.64399],[-106.28535,47.69736],[-106.31792,47.75508],[-106.33589,47.78486],[-106.3602,47.81314],[-106.38438,47.8479],[-106.41982,47.87583],[-106.45395,47.8792],[-106.48008,47.85825],[-106.52051,47.82783],[-106.5502,47.78501],[-106.55581,47.74951],[-106.59932,47.75254],[-106.6835,47.73853],[-106.76768,47.72427],[-106.81333,47.71553],[-106.83779,47.69356],[-106.84966,47.64941],[-106.8625,47.6313],[-106.87896,47.64878],[-106.90566,47.67183],[-106.94404,47.66675],[-106.99268,47.6439],[-107.01543,47.64487],[-107.02959,47.66567],[-107.18262,47.68452],[-107.30615,47.68496],[-107.33271,47.68462],[-107.38579,47.65356],[-107.42886,47.63462],[-107.50718,47.62427],[-107.61221,47.62339],[-107.71895,47.56314],[-107.84614,47.46777],[-107.91138,47.39043],[-107.92378,47.40703],[-107.90913,47.47109],[-107.91611,47.50889],[-107.92988,47.54248],[-107.94883,47.55796],[-107.98242,47.56919],[-108.04439,47.58037],[-108.17007,47.58379],[-108.19634,47.60161],[-108.17266,47.61309],[-108.04521,47.61397],[-107.95937,47.60142],[-107.93096,47.58765],[-107.8894,47.53769],[-107.84121,47.52612],[-107.77881,47.56953],[-107.71211,47.61318],[-107.68501,47.64619],[-107.68789,47.67139],[-107.71382,47.6876],[-107.60459,47.67607],[-107.45508,47.6624],[-107.42183,47.67998],[-107.38018,47.71577],[-107.33579,47.72798],[-107.29453,47.72153],[-107.23086,47.72412],[-107.12065,47.725],[-106.9898,47.71636],[-106.92954,47.725],[-106.93823,47.74634],[-106.9331,47.76387],[-106.88052,47.77788],[-106.821,47.7831],[-106.76924,47.78828],[-106.73765,47.80557],[-106.70879,47.82207],[-106.65479,47.84087],[-106.59619,47.85952],[-106.58223,47.87881],[-106.56582,47.90747],[-106.57446,47.93633],[-106.58994,47.95815],[-106.53789,47.98286],[-106.43281,48.02715],[-106.40581,48.02075],[-106.36641,48.0147],[-106.32524,47.98506],[-106.3312,47.94956],[-106.35791,47.92524],[-106.34473,47.87881],[-106.28491,47.83731],[-106.25332,47.81475],[-106.26729,47.79346],[-106.25293,47.76934],[-106.24097,47.73897],[-106.23189,47.69102],[-106.2167,47.62837],[-106.21719,47.58545],[-106.25127,47.55]]]}},{"type":"Feature","properties":{"kind":"lake","name":"Lake Sakakawea"},"geometry":{"type":"Polygon","coordinates":[[[-102.23691,47.58901],[-102.33325,47.58618],[-102.40937,47.56435],[-102.42939,47.56231],[-102.41982,47.58994],[-102.36065,47.62505],[-102.29922,47.65693],[-102.30757,47.70547],[-102.33594,47.75688],[-102.42451,47.76396],[-102.56094,47.7852],[-102.61587,47.8189],[-102.65313,47.91631],[-102.62227,47.95576],[-102.61392,47.99199],[-102.65669,48.0353],[-102.76128,48.08408],[-102.90132,48.12002],[-103.05884,48.12539],[-103.18643,48.09707],[-103.23779,48.06338],[-103.33877,48.02974],[-103.45928,48.01558],[-103.52017,48.02749],[-103.55132,48.07246],[-103.58252,48.09668],[-103.66479,48.06338],[-103.74985,48.01733],[-103.77231,48.0273],[-103.75869,48.07402],[-103.72148,48.10239],[-103.66636,48.14189],[-103.57505,48.15308],[-103.52432,48.10771],[-103.48232,48.0811],[-103.45044,48.06694],[-103.35269,48.07559],[-103.21123,48.14487],[-103.11772,48.1708],[-103.02959,48.18023],[-102.91631,48.1709],[-102.79023,48.14478],[-102.67471,48.10527],[-102.59844,48.05298],[-102.55742,47.96773],[-102.57866,47.91103],[-102.5769,47.8667],[-102.5751,47.8437],[-102.52729,47.82241],[-102.46172,47.81357],[-102.40845,47.80562],[-102.38447,47.81958],[-102.4,47.87685],[-102.41533,47.93828],[-102.37466,47.95249],[-102.31138,47.9644],[-102.27334,47.97837],[-102.2583,47.97769],[-102.26538,47.96128],[-102.2791,47.93818],[-102.28731,47.92534],[-102.29448,47.91182],[-102.27603,47.85566],[-102.25264,47.79277],[-102.2398,47.76606],[-102.18667,47.74756],[-102.16948,47.72935],[-102.21196,47.67725],[-102.1605,47.62398],[-102.09316,47.60449],[-102.02056,47.58501],[-101.88364,47.56133],[-101.71758,47.56728],[-101.62544,47.57969],[-101.60078,47.58594],[-101.58857,47.59853],[-101.45278,47.60781],[-101.27627,47.62783],[-101.20293,47.64482],[-101.16274,47.63374],[-101.14048,47.6064],[-101.18408,47.58477],[-101.24731,47.5669],[-101.32832,47.53276],[-101.39966,47.5062],[-101.5896,47.51465],[-101.67925,47.4981],[-101.77187,47.48765],[-101.88257,47.46733],[-101.91729,47.46387],[-101.95137,47.48813],[-102.03223,47.5293],[-102.09565,47.55254],[-102.14692,47.56773],[-102.23691,47.58901]]]}},{"type":"Feature","properties":{"kind":"lake","name":"Lower Arrow Lake"},"geometry":{"type":"Polygon","coordinates":[[[-117.95679,49.33574],[-118.06265,49.41182],[-118.09595,49.45049],[-118.13945,49.52129],[-118.15566,49.60137],[-118.1376,49.70308],[-118.12793,49.75166],[-118.09248,49.80151],[-118.08413,49.77398],[-118.10874,49.58315],[-118.0875,49.51509],[-118.0478,49.45669],[-117.97583,49.40601],[-117.91133,49.37461],[-117.90713,49.3416],[-117.95679,49.33574]]]}},{"type":"Feature","properties":{"kind":"lake","name":"Lake Pend Oreille"},"geometry":{"type":"Polygon","coordinates":[[[-116.30562,48.13853],[-116.40977,48.10698],[-116.44092,48.07505],[-116.446,48.02573],[-116.45601,47.98413],[-116.48892,47.96953],[-116.5291,47.96421],[-116.55327,47.9707],[-116.54087,47.99453],[-116.52246,48.0438],[-116.498,48.11475],[-116.45752,48.16821],[-116.40796,48.19062],[-116.37412,48.20825],[-116.38076,48.22876],[-116.40044,48.24727],[-116.4311,48.25391],[-116.46895,48.26328],[-116.52539,48.24219],[-116.56948,48.24976],[-116.53008,48.28423],[-116.49936,48.30147],[-116.4333,48.30186],[-116.36186,48.28369],[-116.30249,48.23608],[-116.23486,48.1831],[-116.2146,48.15991],[-116.30562,48.13853]]]}},{"type":"Feature","properties":{"kind":"lake","name":"Lake Chelan"},"geometry":{"type":"Polygon","coordinates":[[[-120.04961,47.85688],[-120.11841,47.88047],[-120.17217,47.91396],[-120.20479,47.96182],[-120.3334,48.04014],[-120.53037,48.1624],[-120.62505,48.25693],[-120.62827,48.2794],[-120.53472,48.20371],[-120.32031,48.06431],[-120.16279,47.9583],[-120.06885,47.88389],[-120.01064,47.85161],[-120.04961,47.85688]]]}},{"type":"Feature","properties":{"kind":"lake","name":"Lower Red Lake"},"geometry":{"type":"Polygon","coordinates":[[[-94.87075,48.004],[-94.7832,47.96963],[-94.77715,47.93628],[-94.79185,47.90967],[-94.89692,47.89209],[-95.11084,47.88926],[-95.24819,47.90732],[-95.2709,47.94238],[-95.25132,47.98887],[-95.18711,48.0334],[-95.08643,48.06514],[-95.01079,48.05972],[-94.97021,48.03203],[-94.87075,48.004]]]}},{"type":"Feature","properties":{"kind":"lake","name":"Upper Red Lake"},"geometry":{"type":"Polygon","coordinates":[[[-94.97476,48.15156],[-94.83989,48.18408],[-94.69023,48.20332],[-94.61211,48.19907],[-94.56104,48.17817],[-94.5582,48.14058],[-94.60024,48.10645],[-94.66284,48.08301],[-94.74971,48.06636],[-94.8939,48.06431],[-95.00806,48.07246],[-95.03071,48.09429],[-95.02041,48.12476],[-94.97476,48.15156]]]}},{"type":"Feature","properties":{"kind":"lake","name":"Amistad Reservoir"},"geometry":{"type":"Polygon","coordinates":[[[-100.92012,29.49507],[-100.93589,29.48589],[-100.97769,29.48008],[-101.03862,29.4603],[-101.09976,29.45835],[-101.15063,29.4668],[-101.1898,29.49175],[-101.23296,29.50254],[-101.27202,29.4979],[-101.28662,29.50596],[-101.27524,29.52607],[-101.26074,29.56245],[-101.2686,29.57812],[-101.28037,29.58467],[-101.30195,29.58398],[-101.31157,29.60264],[-101.31006,29.62202],[-101.30527,29.63447],[-101.27515,29.64756],[-101.21357,29.60303],[-101.18081,29.57944],[-101.14155,29.5585],[-101.10752,29.52837],[-101.07212,29.51006],[-101.03481,29.52588],[-101.00444,29.54805],[-100.99258,29.53516],[-100.97651,29.55723],[-100.95068,29.6104],[-100.94385,29.60566],[-100.95591,29.56489],[-100.95132,29.529],[-100.93267,29.50718],[-100.91821,29.5023],[-100.92012,29.49507]]]}},{"type":"Feature","properties":{"kind":"lake","name":"Cabonga Reservoir"},"geometry":{"type":"Polygon","coordinates":[[[-76.4352,47.12222],[-76.39409,47.12178],[-76.35894,47.11924],[-76.32685,47.10229],[-76.33145,47.08315],[-76.36299,47.06782],[-76.39253,47.05596],[-76.44268,47.06387],[-76.50464,47.09194],[-76.5353,47.10913],[-76.55264,47.121],[-76.58184,47.17832],[-76.60273,47.24141],[-76.62471,47.2689],[-76.65073,47.27837],[-76.66802,47.26621],[-76.6543,47.22227],[-76.63857,47.18491],[-76.66885,47.19985],[-76.70723,47.24214],[-76.7146,47.31089],[-76.74141,47.35459],[-76.7814,47.35737],[-76.78867,47.38506],[-76.77764,47.41621],[-76.76738,47.44941],[-76.77905,47.47637],[-76.82275,47.49771],[-76.81934,47.51738],[-76.74795,47.55825],[-76.65815,47.61064],[-76.5625,47.66743],[-76.52231,47.69082],[-76.51616,47.67305],[-76.59463,47.62393],[-76.69902,47.57036],[-76.72163,47.53965],[-76.71484,47.52417],[-76.65552,47.55171],[-76.60518,47.57222],[-76.61831,47.54287],[-76.6334,47.5102],[-76.55644,47.49771],[-76.45898,47.47554],[-76.40776,47.44604],[-76.42246,47.40019],[-76.47495,47.3314],[-76.48877,47.28359],[-76.49399,47.25024],[-76.50151,47.22187],[-76.5168,47.20083],[-76.51152,47.17051],[-76.47895,47.13843],[-76.4352,47.12222]]]}},{"type":"Feature","properties":{"kind":"lake","name":"Lake Manitoba"},"geometry":{"type":"Polygon","coordinates":[[[-98.01582,50.30415],[-98.07207,50.27412],[-98.15059,50.24033],[-98.24219,50.21392],[-98.33008,50.20176],[-98.40185,50.20352],[-98.45459,50.21099],[-98.51929,50.24204],[-98.55146,50.28711],[-98.54858,50.42129],[-98.56812,50.48843],[-98.60796,50.56758],[-98.71597,50.7374],[-98.81475,50.86401],[-98.85322,50.94551],[-98.94087,51.00762],[-98.99092,51.07627],[-99.00649,51.11392],[-99.0082,51.1395],[-98.98828,51.1523],[-98.94097,51.11543],[-98.8812,51.03686],[-98.86724,51.02793],[-98.84722,51.03911],[-98.82944,51.07192],[-98.83608,51.09976],[-98.8564,51.10913],[-98.89687,51.18814],[-98.95288,51.20205],[-98.97881,51.2229],[-99.02603,51.26719],[-99.07725,51.3394],[-99.13755,51.50308],[-99.16255,51.54346],[-99.25757,51.5626],[-99.31953,51.61699],[-99.36978,51.63535],[-99.42554,51.62705],[-99.52661,51.54624],[-99.54155,51.57812],[-99.53809,51.6604],[-99.54907,51.69927],[-99.54536,51.71372],[-99.49102,51.75762],[-99.44297,51.77734],[-99.39004,51.78115],[-99.33774,51.75884],[-99.2915,51.71563],[-99.23892,51.64634],[-99.21733,51.63618],[-99.18062,51.65273],[-99.16592,51.67539],[-99.1773,51.76245],[-99.16626,51.77666],[-99.10537,51.73613],[-99.06396,51.68643],[-98.99898,51.5106],[-98.95606,51.43262],[-98.91821,51.39526],[-98.90698,51.40391],[-98.90127,51.42803],[-98.91055,51.51274],[-98.97168,51.67549],[-98.9292,51.7022],[-98.89375,51.70894],[-98.86484,51.70747],[-98.83276,51.68433],[-98.7896,51.63867],[-98.75752,51.58779],[-98.7522,51.55215],[-98.77939,51.46567],[-98.77754,51.41006],[-98.75386,51.36279],[-98.70488,51.32593],[-98.59145,51.26904],[-98.57183,51.24326],[-98.58296,51.21807],[-98.63296,51.16504],[-98.66909,51.10371],[-98.71821,51.08784],[-98.72363,51.05918],[-98.75386,51.01626],[-98.7605,50.99497],[-98.74038,50.93467],[-98.72021,50.91167],[-98.5002,50.85996],[-98.41011,50.82334],[-98.24385,50.71899],[-98.17354,50.6604],[-98.07144,50.55156],[-97.97119,50.47007],[-97.95078,50.41992],[-97.95918,50.35723],[-98.01582,50.30415]]]}},{"type":"Feature","properties":{"kind":"lake","name":"Lake Winnipegosis"},"geometry":{"type":"MultiPolygon","coordinates":[[[[-99.77481,51.58955],[-99.85757,51.64307],[-99.93511,51.71748],[-99.95044,51.76294],[-99.89878,51.84087],[-99.95342,51.99932],[-99.95393,52.0],[-99.74443,52.0],[-99.74438,51.9729],[-99.75557,51.93857],[-99.79756,51.87578],[-99.80273,51.83018],[-99.7812,51.76108],[-99.74604,51.75215],[-99.66592,51.85366],[-99.64692,51.84248],[-99.64243,51.72012],[-99.62002,51.65098],[-99.62412,51.62852],[-99.64453,51.6166],[-99.67412,51.61313],[-99.77481,51.58955]]],[[[-99.98438,51.81231],[-99.99868,51.74409],[-100.01099,51.73076],[-100.02544,51.72729],[-100.04917,51.75552],[-100.11343,51.89072],[-100.13565,52.0],[-100.00379,52.0],[-99.98438,51.81231]]]]}},{"type":"Feature","properties":{"kind":"lake","name":"Réservoir Manicouagan"},"geometry":{"type":"Polygon","coordinates":[[[-68.2165,51.34507],[-68.20444,51.30581],[-68.22275,51.26504],[-68.31328,51.19199],[-68.35229,51.14898],[-68.44717,51.12022],[-68.52866,51.07461],[-68.64219,50.99072],[-68.7398,50.71597],[-68.74414,50.77627],[-68.73506,50.8418],[-68.74277,50.92158],[-68.78218,51.00386],[-68.86812,51.0939],[-68.99517,51.18037],[-69.14844,51.27432],[-69.17563,51.32373],[-69.16055,51.39087],[-69.13359,51.51831],[-69.15479,51.58013],[-69.2498,51.68223],[-69.23247,51.69951],[-69.20185,51.68442],[-69.13828,51.6563],[-69.11787,51.66055],[-69.09902,51.70884],[-69.09155,51.81328],[-69.06299,51.83804],[-69.04268,51.67549],[-69.01045,51.6333],[-68.97871,51.63066],[-68.93481,51.64839],[-68.85596,51.7206],[-68.80752,51.68301],[-68.76777,51.68374],[-68.69961,51.69141],[-68.63599,51.70981],[-68.59609,51.75644],[-68.53496,51.75523],[-68.50068,51.81079],[-68.45688,51.88281],[-68.43677,51.87398],[-68.42876,51.85884],[-68.44307,51.81777],[-68.4834,51.702],[-68.46113,51.67236],[-68.31875,51.64175],[-68.25176,51.68594],[-68.20649,51.70693],[-68.19658,51.69214],[-68.26899,51.61514],[-68.26733,51.57236],[-68.29092,51.53662],[-68.28574,51.50713],[-68.25127,51.46548],[-68.25513,51.39854],[-68.2165,51.34507]],[[-68.58003,51.45679],[-68.56235,51.48042],[-68.5394,51.47324],[-68.47295,51.40156],[-68.43633,51.37632],[-68.39136,51.36763],[-68.40732,51.4418],[-68.39648,51.50327],[-68.40454,51.53189],[-68.48647,51.59106],[-68.60547,51.63057],[-68.72148,51.63223],[-68.78286,51.62017],[-68.84414,51.60005],[-68.95937,51.53555],[-69.05449,51.47207],[-69.10147,51.41025],[-69.09155,51.36826],[-69.06274,51.33213],[-69.04634,51.3023],[-69.01465,51.27959],[-68.92441,51.2415],[-68.8647,51.1981],[-68.75757,51.16484],[-68.6831,51.15625],[-68.59624,51.16782],[-68.53711,51.19985],[-68.46792,51.21367],[-68.4272,51.23218],[-68.39951,51.25649],[-68.40342,51.28496],[-68.49199,51.34863],[-68.53833,51.39287],[-68.58003,51.45679]]]}},{"type":"Feature","properties":{"kind":"lake","name":"Lake Mead"},"geometry":{"type":"Polygon","coordinates":[[[-113.67036,35.84268],[-113.72598,35.92158],[-113.79453,36.00952],[-113.89458,36.0793],[-113.95234,36.12978],[-113.98857,36.16475],[-114.03901,36.16348],[-114.1104,36.03203],[-114.20845,36.00566],[-114.29404,36.02988],[-114.32114,36.07646],[-114.3727,36.1001],[-114.4063,36.09067],[-114.45088,36.0793],[-114.50386,36.10615],[-114.64038,36.10601],[-114.71421,36.02373],[-114.74136,36.01353],[-114.76856,36.01987],[-114.81191,36.07456],[-114.81616,36.12148],[-114.65337,36.15425],[-114.51196,36.1939],[-114.43154,36.23716],[-114.41304,36.34834],[-114.38682,36.48271],[-114.36367,36.5145],[-114.33643,36.51924],[-114.33457,36.44385],[-114.35874,36.33462],[-114.37031,36.20923],[-114.29512,36.1104],[-114.22588,36.04971],[-114.15933,36.07681],[-114.09722,36.15156],[-114.02988,36.24468],[-113.99634,36.24365],[-113.92388,36.17637],[-113.85791,36.11558],[-113.77749,36.04814],[-113.69883,35.95776],[-113.63286,35.85947],[-113.63569,35.83086],[-113.67036,35.84268]]]}},{"type":"Feature","properties":{"kind":"lake","name":"Lake Powell"},"geometry":{"type":"Polygon","coordinates":[[[-110.36641,37.87114],[-110.40586,37.81016],[-110.4334,37.71108],[-110.56094,37.58237],[-110.67349,37.4502],[-110.69663,37.39297],[-110.77573,37.31025],[-110.83564,37.22461],[-110.79224,37.19316],[-110.64985,37.2083],[-110.67622,37.17505],[-110.7918,37.16997],[-110.99556,37.11431],[-111.11211,37.07627],[-111.18852,37.0229],[-111.30698,37.01572],[-111.38184,36.97695],[-111.45547,36.91851],[-111.47344,36.93213],[-111.53008,37.02925],[-111.43857,37.05898],[-111.3856,37.05459],[-111.33921,37.06221],[-111.3041,37.09917],[-111.25586,37.14629],[-111.21084,37.11875],[-111.1831,37.13574],[-111.16333,37.16494],[-111.07261,37.13853],[-110.9626,37.15078],[-110.88711,37.26357],[-110.85845,37.33472],[-110.79888,37.35195],[-110.73623,37.43066],[-110.75542,37.52573],[-110.7335,37.53516],[-110.68144,37.53086],[-110.59619,37.59228],[-110.55488,37.63086],[-110.51533,37.67256],[-110.44712,37.7686],[-110.4352,37.87139],[-110.40376,37.90625],[-110.36758,37.8979],[-110.36641,37.87114]]]}},{"type":"Feature","properties":{"kind":"lake","name":"Lake Abitibi"},"geometry":{"type":"Polygon","coordinates":[[[-80.15322,48.83467],[-80.12339,48.877],[-80.10547,48.91274],[-80.05522,48.91929],[-79.95205,48.93472],[-79.88906,48.92422],[-79.86475,48.89028],[-79.83633,48.87471],[-79.83574,48.85288],[-79.85728,48.80669],[-79.85459,48.7646],[-79.83242,48.72978],[-79.76963,48.7169],[-79.70078,48.72305],[-79.65391,48.73857],[-79.61724,48.77007],[-79.57642,48.79717],[-79.49893,48.76089],[-79.4126,48.71465],[-79.32358,48.70474],[-79.25918,48.68955],[-79.24805,48.66548],[-79.25654,48.59883],[-79.24287,48.54419],[-79.23267,48.50317],[-79.22627,48.47222],[-79.24688,48.4561],[-79.28286,48.44897],[-79.31323,48.45249],[-79.31089,48.47481],[-79.31216,48.49751],[-79.31133,48.53184],[-79.29497,48.57764],[-79.29722,48.6083],[-79.31934,48.6311],[-79.37295,48.64473],[-79.43867,48.64824],[-79.47769,48.64175],[-79.48345,48.62959],[-79.48545,48.61826],[-79.51055,48.61294],[-79.60215,48.62046],[-79.70059,48.64102],[-79.75327,48.6437],[-79.80415,48.63198],[-79.86728,48.63345],[-79.91611,48.65864],[-79.97202,48.69858],[-79.98091,48.71665],[-80.00005,48.73433],[-80.01738,48.74834],[-80.06035,48.7831],[-80.09131,48.77461],[-80.14829,48.7895],[-80.18022,48.81211],[-80.15322,48.83467]]]}},{"type":"Feature","properties":{"kind":"lake","name":"Fort Peck Lake"},"geometry":{"type":"Polygon","coordinates":[[[-106.25127,47.55],[-106.26856,47.54814],[-106.25156,47.59961],[-106.25132,47.64399],[-106.28535,47.69736],[-106.31792,47.75508],[-106.33589,47.78486],[-106.3602,47.81314],[-106.38438,47.8479],[-106.41982,47.87583],[-106.45395,47.8792],[-106.48008,47.85825],[-106.52051,47.82783],[-106.5502,47.78501],[-106.55581,47.74951],[-106.59932,47.75254],[-106.6835,47.73853],[-106.76768,47.72427],[-106.81333,47.71553],[-106.83779,47.69356],[-106.84966,47.64941],[-106.8625,47.6313],[-106.87896,47.64878],[-106.90566,47.67183],[-106.94404,47.66675],[-106.99268,47.6439],[-107.01543,47.64487],[-107.02959,47.66567],[-107.18262,47.68452],[-107.30615,47.68496],[-107.33271,47.68462],[-107.38579,47.65356],[-107.42886,47.63462],[-107.50718,47.62427],[-107.61221,47.62339],[-107.71895,47.56314],[-107.84614,47.46777],[-107.91138,47.39043],[-107.92378,47.40703],[-107.90913,47.47109],[-107.91611,47.50889],[-107.92988,47.54248],[-107.94883,47.55796],[-107.98242,47.56919],[-108.04439,47.58037],[-108.17007,47.58379],[-108.19634,47.60161],[-108.17266,47.61309],[-108.04521,47.61397],[-107.95937,47.60142],[-107.93096,47.58765],[-107.8894,47.53769],[-107.84121,47.52612],[-107.77881,47.56953],[-107.71211,47.61318],[-107.68501,47.64619],[-107.68789,47.67139],[-107.71382,47.6876],[-107.60459,47.67607],[-107.45508,47.6624],[-107.42183,47.67998],[-107.38018,47.71577],[-107.33579,47.72798],[-107.29453,47.72153],[-107.23086,47.72412],[-107.12065,47.725],[-106.9898,47.71636],[-106.92954,47.725],[-106.93823,47.74634],[-106.9331,47.76387],[-106.88052,47.77788],[-106.821,47.7831],[-106.76924,47.78828],[-106.73765,47.80557],[-106.70879,47.82207],[-106.65479,47.84087],[-106.59619,47.85952],[-106.58223,47.87881],[-106.56582,47.90747],[-106.57446,47.93633],[-106.58994,47.95815],[-106.53789,47.98286],[-106.43281,48.02715],[-106.40581,48.02075],[-106.36641,48.0147],[-106.32524,47.98506],[-106.3312,47.94956],[-106.35791,47.92524],[-106.34473,47.87881],[-106.28491,47.83731],[-106.25332,47.81475],[-106.26729,47.79346],[-106.25293,47.76934],[-106.24097,47.73897],[-106.23189,47.69102],[-106.2167,47.62837],[-106.21719,47.58545],[-106.25127,47.55]]]}},{"type":"Feature","properties":{"kind":"lake","name":"Lake Oahe"},"geometry":{"type":"Polygon","coordinates":[[[-100.34063,45.00635],[-100.37026,44.98833],[-100.38184,44.95112],[-100.3918,44.8957],[-100.42715,44.84707],[-100.47612,44.79399],[-100.53247,44.7625],[-100.57319,44.75273],[-100.62529,44.76699],[-100.63584,44.75015],[-100.61426,44.66855],[-100.59536,44.60098],[-100.55947,44.58398],[-100.51558,44.59263],[-100.48765,44.57349],[-100.504,44.52217],[-100.47725,44.49873],[-100.41836,44.49219],[-100.39736,44.47017],[-100.38765,44.45088],[-100.3937,44.43442],[-100.41162,44.41865],[-100.47813,44.44311],[-100.56704,44.446],[-100.60977,44.47046],[-100.6374,44.50298],[-100.61978,44.53135],[-100.63325,44.5749],[-100.67139,44.6271],[-100.67627,44.67647],[-100.68184,44.71416],[-100.72422,44.73188],[-100.77353,44.74673],[-100.80322,44.76147],[-100.84785,44.76367],[-100.94551,44.74736],[-101.07227,44.73242],[-101.16274,44.72515],[-101.18818,44.72695],[-101.1582,44.74663],[-101.07148,44.76396],[-100.99517,44.77695],[-100.97593,44.79819],[-100.95952,44.81763],[-100.9084,44.81968],[-100.86143,44.83062],[-100.80547,44.83433],[-100.76685,44.85034],[-100.77788,44.88218],[-100.73721,44.88345],[-100.66982,44.86719],[-100.60361,44.82793],[-100.55879,44.81055],[-100.53989,44.83872],[-100.50049,44.87031],[-100.45708,44.87173],[-100.44141,44.89736],[-100.44341,44.93877],[-100.44678,44.99932],[-100.40078,45.05171],[-100.34687,45.10151],[-100.33457,45.15713],[-100.32266,45.21528],[-100.31675,45.25972],[-100.34521,45.30459],[-100.40703,45.34824],[-100.54297,45.35312],[-100.61221,45.35488],[-100.52817,45.37695],[-100.39971,45.38276],[-100.3438,45.39014],[-100.35459,45.42241],[-100.37773,45.44722],[-100.43398,45.50381],[-100.54336,45.58281],[-100.627,45.64746],[-100.6373,45.66231],[-100.60566,45.66436],[-100.53096,45.63647],[-100.4479,45.64448],[-100.40019,45.68711],[-100.39014,45.71011],[-100.39756,45.74653],[-100.41411,45.80772],[-100.47764,45.88955],[-100.57944,46.00776],[-100.65942,46.11958],[-100.66792,46.16167],[-100.64062,46.22275],[-100.61172,46.25005],[-100.59351,46.31372],[-100.59424,46.39165],[-100.60557,46.48853],[-100.6208,46.53696],[-100.63403,46.57993],[-100.71318,46.64082],[-100.76714,46.67256],[-100.78618,46.6957],[-100.77715,46.71377],[-100.71426,46.70532],[-100.6665,46.66934],[-100.58511,46.61724],[-100.56392,46.55942],[-100.54307,46.48486],[-100.52739,46.38647],[-100.55151,46.2794],[-100.57412,46.18735],[-100.55713,46.14009],[-100.55879,46.09624],[-100.53481,46.05903],[-100.49263,45.98794],[-100.43188,45.923],[-100.3769,45.89536],[-100.35044,45.854],[-100.34155,45.76719],[-100.34458,45.68516],[-100.35376,45.64482],[-100.39756,45.61836],[-100.4083,45.56377],[-100.37607,45.52398],[-100.30693,45.46914],[-100.2811,45.42686],[-100.27935,45.36875],[-100.271,45.29614],[-100.25527,45.2418],[-100.2729,45.1602],[-100.28603,45.08774],[-100.26455,45.07075],[-100.26216,45.04434],[-100.28877,45.01704],[-100.34063,45.00635]]]}},{"type":"Feature","properties":{"kind":"lake","name":"Lower Arrow Lake"},"geometry":{"type":"Polygon","coordinates":[[[-117.95679,49.33574],[-118.06265,49.41182],[-118.09595,49.45049],[-118.13945,49.52129],[-118.15566,49.60137],[-118.1376,49.70308],[-118.12793,49.75166],[-118.09248,49.80151],[-118.08413,49.77398],[-118.10874,49.58315],[-118.0875,49.51509],[-118.0478,49.45669],[-117.97583,49.40601],[-117.91133,49.37461],[-117.90713,49.3416],[-117.95679,49.33574]]]}},{"type":"Feature","properties":{"kind":"lake","name":"Lake Francis Case"},"geometry":{"type":"Polygon","coordinates":[[[-99.04023,43.35845],[-98.90459,43.28525],[-98.8314,43.20557],[-98.70649,43.13452],[-98.57085,43.10225],[-98.55967,43.05986],[-98.66563,43.05918],[-98.74683,43.10244],[-98.90019,43.15854],[-98.92993,43.22637],[-99.06914,43.31011],[-99.17803,43.37353],[-99.31523,43.46777],[-99.3438,43.53931],[-99.38257,43.60605],[-99.47085,43.66851],[-99.44067,43.75249],[-99.36533,43.84292],[-99.35244,43.88809],[-99.37398,43.94736],[-99.3644,43.99058],[-99.32227,43.95703],[-99.30288,43.90317],[-99.31523,43.84067],[-99.36963,43.75674],[-99.41055,43.70293],[-99.35,43.64307],[-99.24434,43.47651],[-99.14658,43.43306],[-99.04023,43.35845]]]}},{"type":"Feature","properties":{"kind":"lake","name":"Falcon Lake"},"geometry":{"type":"Polygon","coordinates":[[[-99.15034,26.75127],[-99.11909,26.74937],[-99.11299,26.72705],[-99.14941,26.65215],[-99.14951,26.59175],[-99.17207,26.56416],[-99.19995,26.56152],[-99.24326,26.58364],[-99.25493,26.66982],[-99.2832,26.75952],[-99.33076,26.80337],[-99.39409,26.79497],[-99.38574,26.80674],[-99.36377,26.82129],[-99.36802,26.88594],[-99.40078,26.9543],[-99.46362,27.02544],[-99.45654,27.05669],[-99.41465,27.04414],[-99.36851,27.00176],[-99.27739,26.92119],[-99.21797,26.91016],[-99.21773,26.80493],[-99.18359,26.75952],[-99.15034,26.75127]]]}},{"type":"Feature","properties":{"kind":"lake","name":"Kentucky Lake"},"geometry":{"type":"Polygon","coordinates":[[[-88.02251,36.52827],[-88.00688,36.4271],[-87.95635,36.30288],[-87.91025,36.18701],[-87.93359,36.07383],[-87.97539,35.94526],[-88.04131,35.94853],[-87.98271,36.09888],[-87.99121,36.23413],[-88.03882,36.30679],[-88.06636,36.31431],[-88.09189,36.26035],[-88.11611,36.29277],[-88.11909,36.35464],[-88.08594,36.44687],[-88.08389,36.55479],[-88.12646,36.65498],[-88.27178,36.95059],[-88.2833,37.02153],[-88.20664,36.9706],[-88.05693,36.66934],[-88.02251,36.52827]]]}},{"type":"Feature","properties":{"kind":"lake","name":"J. Strom Thurmond Lake"},"geometry":{"type":"Polygon","coordinates":[[[-82.38101,33.92686],[-82.32715,33.84702],[-82.24731,33.77393],[-82.18765,33.6938],[-82.20835,33.66357],[-82.33208,33.67217],[-82.46763,33.64072],[-82.57471,33.64268],[-82.54131,33.66235],[-82.43916,33.67119],[-82.27524,33.72544],[-82.30806,33.77588],[-82.41924,33.8457],[-82.49072,33.8979],[-82.52065,33.89321],[-82.55508,33.87944],[-82.5791,33.86543],[-82.55332,33.93731],[-82.5772,33.9564],[-82.58926,34.01738],[-82.546,34.00854],[-82.48472,33.96602],[-82.44121,33.93838],[-82.41065,33.9541],[-82.38101,33.92686]]]}},{"type":"Feature","properties":{"kind":"lake","name":"Lake George"},"geometry":{"type":"Polygon","coordinates":[[[-81.68286,29.50522],[-81.64004,29.41445],[-81.54028,29.28735],[-81.5292,29.22407],[-81.59546,29.19795],[-81.63955,29.25776],[-81.66313,29.31416],[-81.68389,29.36768],[-81.68286,29.50522]]]}},{"type":"Feature","properties":{"kind":"lake","name":"Lake Havasu"},"geometry":{"type":"Polygon","coordinates":[[[-114.40479,34.48828],[-114.3769,34.5397],[-114.32705,34.47773],[-114.22139,34.42065],[-114.08169,34.31802],[-114.13408,34.24165],[-114.16353,34.25337],[-114.18862,34.31802],[-114.26069,34.36826],[-114.35894,34.43809],[-114.40479,34.48828]]]}},{"type":"Feature","properties":{"kind":"lake","name":"Shasta Lake"},"geometry":{"type":"Polygon","coordinates":[[[-122.24228,40.80586],[-122.22886,40.79341],[-122.11558,40.7998],[-122.09468,40.7835],[-122.10166,40.76626],[-122.15122,40.7458],[-122.24072,40.75435],[-122.36426,40.72436],[-122.4106,40.72144],[-122.42617,40.74375],[-122.41709,40.76836],[-122.39521,40.8291],[-122.36216,40.81958],[-122.35098,40.78408],[-122.30127,40.80376],[-122.25889,40.86069],[-122.23169,40.871],[-122.24228,40.80586]]]}},{"type":"Feature","properties":{"kind":"lake","name":"Upper Klamath Lake"},"geometry":{"type":"Polygon","coordinates":[[[-121.9478,42.49936],[-121.92119,42.47515],[-121.82769,42.40903],[-121.80644,42.28877],[-121.80938,42.25127],[-121.8415,42.2563],[-121.92202,42.33237],[-121.9206,42.3604],[-121.95684,42.39595],[-122.04214,42.42832],[-122.05952,42.47471],[-122.01665,42.52266],[-121.96548,42.58984],[-121.94136,42.60435],[-121.9478,42.49936]]]}},{"type":"Feature","properties":{"kind":"lake","name":"Harney Lake"},"geometry":{"type":"Polygon","coordinates":[[[-119.20537,43.25557],[-119.18325,43.28189],[-119.13252,43.3082],[-119.01929,43.25859],[-119.00522,43.23877],[-119.02339,43.19741],[-119.0813,43.1602],[-119.16313,43.18418],[-119.19512,43.22935],[-119.20537,43.25557]]]}},{"type":"Feature","properties":{"kind":"lake","name":"Chiputneticook Lakes"},"geometry":{"type":"Polygon","coordinates":[[[-67.60044,45.6373],[-67.53271,45.64253],[-67.48008,45.68306],[-67.46094,45.64165],[-67.44941,45.60708],[-67.5124,45.58935],[-67.62549,45.60225],[-67.77895,45.67012],[-67.86299,45.7396],[-67.78706,45.75898],[-67.70776,45.69209],[-67.60044,45.6373]]]}},{"type":"Feature","properties":{"kind":"lake","name":"Wheeler Lake"},"geometry":{"type":"Polygon","coordinates":[[[-87.54214,34.85063],[-87.38281,34.85146],[-87.26763,34.80762],[-87.00606,34.68252],[-86.93496,34.6104],[-86.89853,34.57476],[-86.95869,34.56509],[-87.3231,34.76665],[-87.5125,34.79204],[-87.63677,34.76499],[-87.70044,34.77339],[-87.66108,34.81362],[-87.54214,34.85063]]]}},{"type":"Feature","properties":{"kind":"lake","name":null},"geometry":{"type":"Polygon","coordinates":[[[-76.55352,51.36401],[-76.56323,51.34448],[-76.75122,51.28823],[-77.02593,51.32871],[-76.98257,51.34316],[-76.90322,51.35464],[-76.86162,51.37969],[-76.8395,51.40435],[-76.81948,51.41577],[-76.76221,51.39082],[-76.6772,51.37344],[-76.55352,51.36401]]]}},{"type":"Feature","properties":{"kind":"lake","name":null},"geometry":{"type":"Polygon","coordinates":[[[-91.38989,51.07104],[-91.54155,51.0855],[-91.59131,51.11787],[-91.64678,51.15356],[-91.60859,51.16597],[-91.5043,51.16216],[-91.44146,51.16289],[-91.4167,51.14326],[-91.41777,51.11953],[-91.38989,51.07104]]]}},{"type":"Feature","properties":{"kind":"lake","name":null},"geometry":{"type":"Polygon","coordinates":[[[-91.94951,51.98208],[-91.89536,51.9519],[-91.91045,51.91108],[-91.93174,51.89424],[-91.96811,51.92441],[-91.99121,51.93682],[-91.97041,51.95772],[-91.94951,51.98208]]]}},{"type":"Feature","properties":{"kind":"lake","name":null},"geometry":{"type":"Polygon","coordinates":[[[-78.54981,51.03374],[-78.81299,51.09736],[-78.82739,51.1523],[-78.79434,51.1459],[-78.72041,51.10894],[-78.61631,51.07715],[-78.54981,51.03374]]]}},{"type":"Feature","properties":{"kind":"lake","name":null},"geometry":{"type":"Polygon","coordinates":[[[-78.69639,47.57666],[-78.76284,47.57026],[-78.78696,47.59492],[-78.798,47.62564],[-78.81279,47.6564],[-78.79194,47.69097],[-78.72407,47.68369],[-78.61186,47.68062],[-78.57124,47.65625],[-78.58379,47.62461],[-78.60425,47.6083],[-78.62793,47.59692],[-78.69639,47.57666]]]}},{"type":"Feature","properties":{"kind":"lake","name":null},"geometry":{"type":"Polygon","coordinates":[[[-77.23545,47.54951],[-77.17695,47.54697],[-77.12881,47.56084],[-77.10151,47.54512],[-77.06533,47.5085],[-76.96294,47.50234],[-76.93481,47.48755],[-76.96563,47.44233],[-77.11938,47.47729],[-77.18467,47.4562],[-77.17861,47.41152],[-77.16499,47.38936],[-77.18135,47.36899],[-77.25942,47.34673],[-77.28853,47.38599],[-77.27031,47.46289],[-77.30444,47.51318],[-77.32197,47.57349],[-77.30366,47.60693],[-77.28833,47.61372],[-77.27319,47.59126],[-77.23545,47.54951]]]}},{"type":"Feature","properties":{"kind":"lake","name":null},"geometry":{"type":"Polygon","coordinates":[[[-83.68814,48.33916],[-83.78125,48.30454],[-83.83213,48.31489],[-83.92515,48.30713],[-83.8541,48.33682],[-83.72109,48.42075],[-83.63989,48.42749],[-83.61777,48.42593],[-83.57251,48.42441],[-83.42925,48.50601],[-83.46797,48.43369],[-83.61094,48.37832],[-83.68814,48.33916]]]}},{"type":"Feature","properties":{"kind":"river","name":"Alabama"},"geometry":{"type":"MultiLineString","coordinates":[[[-86.52177,33.03212],[-86.44536,32.81125]],[[-86.20031,33.58782],[-86.32997,33.44447]]]}},{"type":"Feature","properties":{"kind":"river","name":"Albany"},"geometry":{"type":"MultiLineString","coordinates":[[[-91.31225,51.06272],[-91.07498,50.99849],[-90.87527,51.01363],[-90.48943,51.11564],[-90.41747,51.0928]],[[-91.59792,51.16204],[-91.41772,51.06779]],[[-91.78109,51.3348],[-91.88607,51.45805]],[[-91.91495,51.76162],[-91.88064,51.72253],[-91.92263,51.53409],[-91.89296,51.48688]],[[-91.92927,51.89234],[-91.97004,51.98752]]]}},{"type":"Feature","properties":{"kind":"river","name":"Chattahoochee"},"geometry":{"type":"MultiLineString","coordinates":[[[-84.96633,30.92263],[-84.88393,30.72094]],[[-85.06721,31.63538],[-85.12482,31.77677],[-85.12413,31.88053],[-85.06441,32.05053]],[[-83.81472,34.36379],[-84.07564,34.16696]]]}},{"type":"Feature","properties":{"kind":"river","name":"Colorado"},"geometry":{"type":"MultiLineString","coordinates":[[[-114.37691,34.5397],[-114.37102,34.48849],[-114.12507,34.31718],[-114.12561,34.28651],[-114.16352,34.25336]],[[-114.59098,35.35278],[-114.64853,35.47592],[-114.66206,35.54535],[-114.64517,35.63054]],[[-114.74136,36.01351],[-114.71576,36.08498],[-114.66915,36.12172],[-114.50528,36.15642],[-114.40609,36.14831],[-114.33154,36.1163],[-114.23214,36.0317],[-114.18321,36.03031],[-114.11944,36.07666],[-114.06192,36.17521],[-114.00459,36.19505],[-113.75987,36.00664],[-113.63577,35.83091]],[[-110.36773,37.89792],[-110.39881,37.8826],[-110.46992,37.70152],[-110.69233,37.48324],[-110.7221,37.40552],[-110.91558,37.15665],[-111.43087,37.00348],[-111.47345,36.93214]],[[-105.8208,40.1846],[-105.86136,40.16468]]]}},{"type":"Feature","properties":{"kind":"river","name":"Columbia"},"geometry":{"type":"MultiLineString","coordinates":[[[-118.07217,48.6639],[-118.17446,48.51213],[-118.19846,48.40425],[-118.16818,48.2324]],[[-118.09248,49.80151],[-118.13043,49.664],[-118.12795,49.57387],[-118.09736,49.48375],[-118.01385,49.40355],[-117.90719,49.34164]],[[-117.90572,50.68202],[-117.91652,50.46478],[-117.89249,50.33868],[-117.83725,50.2313],[-117.82727,50.15901],[-117.88019,50.10314]],[[-117.51708,51.65922],[-117.87275,51.87022]]]}},{"type":"Feature","properties":{"kind":"river","name":"Klamath"},"geometry":{"type":"LineString","coordinates":[[-121.92121,42.47513],[-121.91573,42.41891],[-121.80935,42.25125]]}},{"type":"Feature","properties":{"kind":"river","name":"Madison"},"geometry":{"type":"LineString","coordinates":[[-111.09967,44.75652],[-111.189,44.77119],[-111.30914,44.86842]]}},{"type":"Feature","properties":{"kind":"river","name":"Mississippi"},"geometry":{"type":"MultiLineString","coordinates":[[[-94.32649,47.40563],[-94.20166,47.45731],[-94.14358,47.46408],[-94.09412,47.43279]],[[-94.50681,47.45641],[-94.63706,47.44]]]}},{"type":"Feature","properties":{"kind":"river","name":"Missouri"},"geometry":{"type":"MultiLineString","coordinates":[[[-99.36489,43.99091],[-99.3276,43.89396],[-99.35339,43.81761],[-99.42982,43.72948],[-99.44191,43.67449],[-99.38969,43.65268],[-99.31272,43.51486],[-99.19608,43.41482],[-98.89202,43.22496],[-98.882,43.19168],[-98.55966,43.05988]],[[-111.51572,46.36249],[-111.53998,46.46908],[-111.58538,46.54385],[-111.69731,46.6616]],[[-100.77723,46.71332],[-100.62545,46.60837],[-100.56851,46.51334],[-100.55585,46.39316],[-100.57094,46.28746],[-100.61375,46.1962],[-100.55662,46.04117],[-100.39952,45.82227],[-100.36862,45.67375],[-100.43312,45.61256],[-100.43312,45.53484],[-100.34193,45.44849],[-100.29721,45.31589],[-100.32082,45.05312],[-100.37508,45.03332],[-100.4025,44.99286],[-100.40978,44.91808],[-100.44381,44.85395],[-100.50458,44.80047],[-100.58329,44.78311],[-100.67992,44.80181],[-100.69659,44.77616],[-100.65938,44.73479],[-100.60856,44.57847],[-100.56122,44.55506],[-100.56215,44.50408],[-100.53636,44.4763],[-100.39371,44.43442]],[[-101.40011,47.50578],[-101.42786,47.55172],[-101.77205,47.53328],[-101.97628,47.54723],[-102.16138,47.59766],[-102.26879,47.66869],[-102.29851,47.76031],[-102.34538,47.79941],[-102.40938,47.78597],[-102.59035,47.82395],[-102.61991,47.88095],[-102.5797,47.96503],[-102.61448,48.03797],[-102.72419,48.09973],[-102.87276,48.13742],[-103.06021,48.15107],[-103.17938,48.13618],[-103.23026,48.09272],[-103.41399,48.03562],[-103.49623,48.05379],[-103.5552,48.11368],[-103.63132,48.11497],[-103.77232,48.0273]],[[-106.40564,48.02032],[-106.51941,47.88599],[-106.59987,47.82194],[-106.87934,47.70701],[-107.38463,47.69394],[-107.40959,47.65864],[-107.57547,47.65254],[-107.68869,47.60831],[-107.81282,47.51209],[-107.8877,47.50201],[-107.9402,47.58123],[-108.19634,47.60159]]]}},{"type":"Feature","properties":{"kind":"river","name":"Nelson"},"geometry":{"type":"LineString","coordinates":[[-96.59764,50.97924],[-96.59526,51.30847],[-96.63071,51.48239],[-96.70321,51.61075],[-97.1126,52.0]]}},{"type":"Feature","properties":{"kind":"river","name":"Ottawa"},"geometry":{"type":"LineString","coordinates":[[-79.16555,46.82717],[-79.36494,47.02196],[-79.43491,47.13382],[-79.44194,47.22766],[-79.47923,47.31887],[-79.54672,47.40744],[-79.5593,47.48304],[-79.49576,47.57694]]}},{"type":"Feature","properties":{"kind":"river","name":"Pit"},"geometry":{"type":"LineString","coordinates":[[-122.09466,40.78351],[-122.36922,40.76335]]}},{"type":"Feature","properties":{"kind":"river","name":"R. des Outaouais"},"geometry":{"type":"MultiLineString","coordinates":[[[-77.45677,47.55612],[-77.48382,47.59479],[-77.61324,47.58219],[-77.54446,47.67068]],[[-77.32199,47.57348],[-77.21588,47.5071],[-77.15758,47.53131],[-77.11418,47.52635],[-77.08565,47.49219],[-77.03723,47.47824],[-76.93481,47.48757]],[[-78.72405,47.68371],[-78.81286,47.65639]],[[-77.52725,47.7443],[-77.54418,47.82018],[-77.56735,47.82977]]]}},{"type":"Feature","properties":{"kind":"river","name":"Rainy"},"geometry":{"type":"MultiLineString","coordinates":[[[-93.38158,48.61615],[-92.77901,48.67801]],[[-91.31907,48.82823],[-91.44002,48.9027],[-91.51764,48.91192],[-91.62952,48.86518]]]}},{"type":"Feature","properties":{"kind":"river","name":"Rio Grande"},"geometry":{"type":"MultiLineString","coordinates":[[[-99.45651,27.05662],[-99.30246,26.88472],[-99.22993,26.76193],[-99.17208,26.56414]],[[-101.03897,29.4604],[-101.30353,29.63408]],[[-107.29345,32.91037],[-107.28081,33.11428]],[[-107.18141,33.17319],[-107.16999,33.35574]]]}},{"type":"Feature","properties":{"kind":"river","name":"Rupert"},"geometry":{"type":"MultiLineString","coordinates":[[[-76.81949,51.41578],[-76.78141,51.3542],[-76.72983,51.33777],[-76.55349,51.364]],[[-75.20375,51.44634],[-75.08577,51.44234],[-75.0003,51.41888],[-74.94764,51.37428],[-74.8955,51.36699],[-74.81814,51.41216]]]}},{"type":"Feature","properties":{"kind":"river","name":"Sacramento"},"geometry":{"type":"LineString","coordinates":[[-122.36922,40.76335],[-122.41061,40.72144]]}},{"type":"Feature","properties":{"kind":"river","name":"San Joaquin"},"geometry":{"type":"LineString","coordinates":[[-119.69791,37.00043],[-119.60081,37.06234]]}},{"type":"Feature","properties":{"kind":"river","name":"Savannah"},"geometry":{"type":"LineString","coordinates":[[-82.58935,34.01761],[-82.25663,33.74923],[-82.20836,33.66358]]}},{"type":"Feature","properties":{"kind":"river","name":"Snake"},"geometry":{"type":"MultiLineString","coordinates":[[[-113.31628,42.65362],[-113.47222,42.67502]],[[-112.86367,42.81305],[-112.63953,43.02347]],[[-111.04787,43.20651],[-111.18595,43.33828]]]}},{"type":"Feature","properties":{"kind":"river","name":"South Saskatchewan"},"geometry":{"type":"LineString","coordinates":[[-106.85308,51.2624],[-106.68994,51.12975],[-106.69123,51.07213],[-106.80254,51.04544],[-106.90081,50.96257],[-106.98605,50.82351],[-107.15927,50.72277],[-107.42049,50.66027],[-107.66477,50.63629],[-108.00573,50.65805]]}},{"type":"Feature","properties":{"kind":"river","name":"Tennessee"},"geometry":{"type":"MultiLineString","coordinates":[[[-86.89852,34.57476],[-87.3996,34.81862],[-87.5724,34.81808],[-87.70046,34.77338]],[[-87.9754,35.94525],[-88.00364,35.96153],[-87.94881,36.09997],[-87.95941,36.21577],[-88.02348,36.35871],[-88.05589,36.48356],[-88.05671,36.59032],[-88.11366,36.73817],[-88.28329,37.02151]]]}},{"type":"Feature","properties":{"kind":"river","name":"Tugaloo"},"geometry":{"type":"LineString","coordinates":[[-83.1659,34.59853],[-83.05278,34.51087],[-82.84773,34.43692],[-82.81861,34.36607]]}},{"type":"Feature","properties":{"kind":"river","name":"Winnipeg"},"geometry":{"type":"MultiLineString","coordinates":[[[-94.6145,49.99266],[-94.50769,49.70735],[-94.54893,49.57351],[-94.80199,49.42499],[-94.84689,49.36055],[-94.86041,49.2586],[-94.8426,49.11917],[-94.80346,49.00295],[-94.71277,48.86343]],[[-96.02597,50.28303],[-95.98876,50.40481]],[[-96.59764,50.97924],[-96.3915,50.68533],[-96.29438,50.62389]]]}},{"type":"Feature","properties":{"kind":"river","name":"Alabama"},"geometry":{"type":"MultiLineString","coordinates":[[[-86.44624,32.812],[-86.26816,32.62248],[-86.24251,32.5269],[-86.33948,32.40931],[-86.42322,32.40784],[-86.48239,32.36795],[-86.5428,32.36345],[-86.65163,32.39756],[-86.68424,32.37301],[-86.75922,32.38402],[-86.80955,32.35281],[-86.85503,32.41978],[-86.94975,32.37301],[-87.0245,32.4036],[-87.05675,32.3912],[-87.02962,32.3417],[-87.04964,32.31699],[-87.11855,32.29653],[-87.13863,32.25994],[-87.10985,32.20734],[-87.13282,32.17646],[-87.20751,32.16734],[-87.24643,32.1383],[-87.2496,32.08939],[-87.28534,32.08561],[-87.35366,32.12698],[-87.40946,32.11034],[-87.45285,32.03562],[-87.45207,31.9796],[-87.40714,31.94224],[-87.41794,31.91619],[-87.48445,31.90144],[-87.49411,31.868],[-87.44688,31.81584],[-87.45587,31.76478],[-87.52109,31.71478],[-87.543,31.66026],[-87.5216,31.60117],[-87.53494,31.55931],[-87.58305,31.53461],[-87.6016,31.49859],[-87.59064,31.45118],[-87.6295,31.41253],[-87.71818,31.38263],[-87.79094,31.31643],[-87.89336,31.15862],[-87.94065,31.13986],[-87.95145,30.91925],[-87.97093,30.82882],[-88.00535,30.79952],[-88.01131,30.69417]],[[-86.32997,33.44447],[-86.36627,33.41843],[-86.37265,33.32701],[-86.40113,33.27575],[-86.4843,33.18911],[-86.46831,33.15785],[-86.47567,33.11475],[-86.52177,33.03235]],[[-85.18262,34.25946],[-85.72667,34.19215],[-85.73329,34.17357],[-85.70538,34.13352],[-85.73396,34.11244],[-85.83804,34.09988],[-85.86284,34.05772],[-85.89775,34.05025],[-85.92162,34.01046],[-85.94966,34.00976],[-85.98395,33.94416],[-86.03278,33.9279],[-86.05482,33.88506],[-86.04624,33.81065],[-86.08154,33.75298],[-86.1607,33.712],[-86.19109,33.66663],[-86.20026,33.58787]]]}},{"type":"Feature","properties":{"kind":"river","name":"Albany"},"geometry":{"type":"MultiLineString","coordinates":[[[-91.41759,51.06882],[-91.31225,51.06272]],[[-90.41647,51.09228],[-89.86234,51.19755],[-89.59269,51.27765],[-89.42278,51.36772],[-89.29343,51.41857],[-89.20468,51.43025],[-89.14137,51.46084],[-89.10352,51.51029],[-89.05557,51.51458],[-88.99753,51.4736],[-88.91193,51.48257],[-88.79876,51.54143],[-88.68905,51.57044],[-88.5828,51.56962],[-88.5095,51.5499],[-88.46919,51.51127],[-88.32876,51.49252],[-88.08823,51.4936],[-87.85329,51.43422],[-87.62395,51.31444],[-87.44765,51.25966],[-87.32446,51.26989],[-87.19769,51.3093],[-87.06737,51.37787],[-86.94143,51.41247],[-86.81999,51.41317],[-86.70176,51.44218],[-86.43857,51.58171],[-86.35232,51.74986],[-86.24708,51.77529],[-86.17696,51.7662],[-86.00082,51.6685],[-85.84114,51.64597],[-85.61583,51.66297],[-85.40013,51.60476],[-85.07839,51.37803],[-85.05317,51.32496],[-84.90641,51.25147],[-84.63811,51.15758],[-84.45523,51.13977],[-84.35777,51.19806],[-83.61492,51.43252],[-83.31431,51.57179],[-83.17582,51.71348],[-83.03539,51.82149],[-82.89302,51.8958],[-82.75817,51.93631],[-82.63079,51.94311],[-82.48173,52.0]],[[-91.78176,51.33638],[-91.72432,51.27713],[-91.65941,51.24372],[-91.64058,51.1898],[-91.59771,51.16145]],[[-91.89296,51.48688],[-91.88607,51.45805]],[[-91.92921,51.89198],[-91.91493,51.76162]],[[-92.29914,51.97388],[-92.23723,51.94784],[-92.15496,51.95125],[-91.97017,51.98752]]]}},{"type":"Feature","properties":{"kind":"river","name":"Allegheny"},"geometry":{"type":"LineString","coordinates":[[-77.86005,41.83187],[-77.99893,41.78112],[-78.08306,41.77073],[-78.19659,41.79027],[-78.33007,41.87775],[-78.36681,41.94225],[-78.35123,42.01284],[-78.41983,42.05924],[-78.57259,42.08144],[-78.67362,42.1096],[-78.72297,42.14373],[-78.79661,42.12751],[-78.89453,42.06095],[-78.95463,41.98478],[-78.97685,41.89899],[-79.05881,41.84879],[-79.20051,41.83416],[-79.30789,41.78918],[-79.41703,41.64991],[-79.41551,41.57116],[-79.45243,41.50589],[-79.69924,41.44714],[-79.81024,41.37355],[-79.78998,41.3522],[-79.83385,41.29986],[-79.81642,41.2642],[-79.68151,41.1547],[-79.62426,41.06633],[-79.60384,41.01212],[-79.6202,40.99212],[-79.52276,40.93854],[-79.51496,40.90562],[-79.54255,40.82376],[-79.69826,40.6368],[-79.8298,40.51941],[-79.99087,40.44771]]}},{"type":"Feature","properties":{"kind":"river","name":"Arkansas"},"geometry":{"type":"LineString","coordinates":[[-91.07715,33.7967],[-91.12216,33.8245],[-91.16701,33.92193],[-91.21665,33.95452],[-91.29858,33.96165],[-91.34266,34.00382],[-91.41868,34.02624],[-91.43914,34.06629],[-91.68246,34.15311],[-91.84364,34.24949],[-91.97301,34.27486],[-92.10897,34.44751],[-92.15515,34.56637],[-92.15515,34.67251],[-92.22524,34.75635],[-92.36547,34.8179],[-92.44683,34.87699],[-92.50642,34.97244],[-92.55809,34.99342],[-92.57664,35.03463],[-92.56217,35.09607],[-92.59452,35.11881],[-92.7133,35.09486],[-92.83115,35.16142],[-93.05026,35.18467],[-93.19283,35.24446],[-93.35815,35.36332],[-93.52137,35.415],[-93.68249,35.39944],[-93.79657,35.42073],[-93.86365,35.47882],[-93.95752,35.49422],[-94.13944,35.43406],[-94.16208,35.37332],[-94.20236,35.36655],[-94.35762,35.42962],[-94.42966,35.41513],[-94.48361,35.34182],[-94.52926,35.31366],[-94.56657,35.33071],[-94.66603,35.29971],[-94.69403,35.33345],[-94.7916,35.37531],[-94.95867,35.42523],[-95.07427,35.4883],[-95.19008,35.60349],[-95.22935,35.60519],[-95.25126,35.7465],[-95.29043,35.78045],[-95.54468,35.78957],[-95.62974,35.81616],[-95.64338,35.87456],[-95.72146,35.92494],[-95.86404,35.96731],[-95.95825,36.02904],[-96.00408,36.11015],[-96.08441,36.15162],[-96.19924,36.15348],[-96.25978,36.17392],[-96.26603,36.21296],[-96.31564,36.25608],[-96.47703,36.32194],[-96.52077,36.31197],[-96.54172,36.33194],[-96.53986,36.38186],[-96.71091,36.47258],[-96.74244,36.53891],[-96.80649,36.5318],[-96.92072,36.46894],[-96.98573,36.48645],[-96.99896,36.5125],[-96.9401,36.57865],[-97.04056,36.61906],[-97.05296,36.66448],[-96.99332,36.70639],[-96.86171,36.74481],[-96.8377,36.78168],[-96.877,36.79744],[-96.91341,36.8661],[-96.93219,36.98108],[-96.98581,37.05841],[-97.07428,37.09805],[-97.13461,37.18933],[-97.16685,37.33219],[-97.23667,37.49918],[-97.34405,37.69023],[-97.69478,37.92539],[-98.63312,38.34598],[-98.72759,38.34934],[-98.85362,38.30821],[-99.01124,38.22252],[-99.21789,38.05478],[-99.47356,37.80488],[-99.69778,37.69687],[-99.98697,37.74772],[-100.77607,37.935],[-101.12739,37.97099],[-101.30394,37.91815],[-101.62661,37.94978],[-102.09539,38.06587],[-102.55888,38.11809],[-103.01707,38.10646],[-103.31994,38.08098],[-103.46748,38.04179],[-103.59388,38.04763],[-103.69914,38.09855],[-104.07506,38.17397],[-104.23722,38.23803],[-104.4106,38.25984],[-104.64924,38.26074],[-104.82584,38.29792],[-104.94036,38.37148],[-105.09278,38.4252],[-105.28308,38.4591],[-105.4702,38.45063],[-105.65411,38.39972],[-105.83224,38.4251],[-106.00456,38.52674],[-106.08936,38.61062],[-106.08657,38.67676],[-106.13535,38.80182],[-106.38076,39.22236]]}},{"type":"Feature","properties":{"kind":"river","name":"Brazos"},"geometry":{"type":"LineString","coordinates":[[-100.50135,32.90468],[-100.44128,32.9568],[-100.11463,33.03434],[-99.99759,33.09111],[-99.96785,33.16459],[-99.96418,33.24753],[-99.98658,33.33993],[-99.89139,33.43476],[-99.67861,33.53201],[-99.49384,33.58167],[-99.33711,33.58374],[-99.24743,33.55568],[-99.22482,33.49749],[-99.18435,33.46752],[-99.12601,33.46581],[-99.08131,33.43765],[-99.0503,33.38305],[-98.97287,33.3545],[-98.95287,33.30693],[-98.88205,33.24634],[-98.6996,33.13601],[-98.71239,33.08201],[-98.64651,32.98985],[-98.6077,32.98739],[-98.57687,33.03194],[-98.51871,33.03339],[-98.43324,32.99173],[-98.406,32.95212],[-98.43706,32.91458],[-98.43476,32.87918],[-98.39918,32.84593],[-98.25841,32.85324],[-98.20116,32.83562],[-98.16871,32.78441],[-98.19434,32.73901],[-98.18627,32.71924],[-97.97319,32.64855],[-97.85043,32.57359],[-97.78754,32.47884],[-97.71623,32.41564],[-97.63649,32.38402],[-97.623,32.35771],[-97.67582,32.33679],[-97.6955,32.30348],[-97.68207,32.25785],[-97.54637,32.1676],[-97.46399,32.16264],[-97.46627,32.0898],[-97.26277,31.80865],[-97.26106,31.75217],[-96.97097,31.42062],[-96.90395,31.24414],[-96.65428,30.79068],[-96.51191,30.61015],[-96.39357,30.55142],[-96.31895,30.48522],[-96.28794,30.41158],[-96.24195,30.37639],[-96.13121,30.36238],[-96.09258,30.32451],[-96.0986,30.25828],[-96.14924,30.16369],[-96.15301,30.0917],[-96.10992,30.04233],[-96.03033,29.66574],[-95.758,29.60101],[-95.65589,29.55882],[-95.59915,29.50523],[-95.57158,29.41823],[-95.57321,29.29788],[-95.61933,29.14137],[-95.56979,29.0743],[-95.44045,29.00433],[-95.37751,28.94712],[-95.38764,28.89844]]}},{"type":"Feature","properties":{"kind":"river","name":"Chattahoochee"},"geometry":{"type":"MultiLineString","coordinates":[[[-84.88587,30.72066],[-84.89277,30.6679],[-84.96057,30.57359],[-85.11676,30.16984],[-85.11328,30.08002],[-85.04302,29.99502],[-85.01615,29.90911],[-85.02408,29.7719],[-84.96918,29.74529]],[[-85.06705,31.63518],[-85.05488,31.57267],[-85.0926,31.29571],[-85.06744,31.11758],[-84.96633,30.92263]],[[-84.07564,34.16696],[-84.10502,34.09094],[-84.15313,34.04208],[-84.22971,33.995],[-84.29162,33.9803],[-84.33885,33.99793],[-84.72947,33.62193],[-85.0371,33.39626],[-85.07721,33.32329],[-85.08894,33.25247],[-85.07219,33.18374],[-85.09632,33.10739],[-85.16133,33.02344],[-85.18451,32.93716],[-85.15653,32.80428],[-84.9739,32.40929],[-84.98597,32.36095],[-84.9685,32.31981],[-84.92153,32.28589],[-84.92969,32.24656],[-85.03462,32.14737],[-85.06457,32.05104]],[[-83.74625,34.71566],[-83.69137,34.70016],[-83.6361,34.58667],[-83.67207,34.50384],[-83.817,34.36374]]]}},{"type":"Feature","properties":{"kind":"river","name":"Chattooga"},"geometry":{"type":"LineString","coordinates":[[-83.12058,35.07626],[-83.12135,35.00055],[-83.1704,34.93291],[-83.31672,34.80565],[-83.35558,34.70832]]}},{"type":"Feature","properties":{"kind":"river","name":"Colorado"},"geometry":{"type":"MultiLineString","coordinates":[[[-114.72095,32.72449],[-114.788,32.56481],[-114.83932,32.50432],[-114.8973,32.48983],[-114.95908,32.41983],[-115.02463,32.29431],[-115.09305,32.21297],[-115.16431,32.17571],[-115.1986,32.12424],[-115.19591,32.05846],[-115.15294,32.03629],[-115.12565,31.9882],[-115.09279,31.96464],[-115.0352,31.96608],[-114.9336,31.90074]],[[-114.16352,34.25336],[-114.32932,34.14202],[-114.41828,34.05115],[-114.50905,33.90393],[-114.49926,33.68588],[-114.52156,33.60761],[-114.60261,33.4699],[-114.65116,33.43062],[-114.7017,33.41781],[-114.71943,33.33086],[-114.70439,33.16978],[-114.64809,33.07175],[-114.55055,33.03679],[-114.49086,32.98362],[-114.469,32.91231],[-114.47753,32.842],[-114.51647,32.77275],[-114.58217,32.73472],[-114.7209,32.72449]],[[-114.59098,35.35278],[-114.61093,34.9074],[-114.55747,34.79457],[-114.398,34.5897],[-114.37888,34.54063]],[[-114.74136,36.01351],[-114.6871,35.91734],[-114.67708,35.72981],[-114.64517,35.63054]],[[-112.87639,36.28042],[-113.20629,36.1242],[-113.29559,36.0477],[-113.32483,35.9947],[-113.32313,35.83536],[-113.35556,35.76405],[-113.42201,35.76242],[-113.63569,35.83084]],[[-111.47345,36.93214],[-111.59083,36.84953],[-111.68276,36.74771],[-111.85195,36.48795],[-111.87355,36.41416],[-111.86482,36.32001],[-111.82575,36.20559],[-111.83443,36.12586],[-111.89076,36.0808],[-111.99502,36.07284],[-112.14715,36.10198],[-112.25617,36.15144],[-112.3221,36.22115],[-112.3766,36.24611],[-112.45931,36.22875],[-112.49538,36.2536],[-112.4992,36.28812],[-112.46742,36.36595],[-112.53258,36.40065],[-112.5977,36.40152],[-112.69304,36.37158],[-112.88137,36.28042]],[[-105.86136,40.16468],[-106.12579,40.09269],[-106.28464,40.09099],[-106.40112,40.0621],[-106.63837,39.89408],[-106.79314,39.92444],[-106.87665,39.90247],[-106.96941,39.82811],[-107.13203,39.64373],[-107.23539,39.60239],[-107.73373,39.57919],[-107.84672,39.55676],[-107.94408,39.5117],[-108.24233,39.31455],[-108.31403,39.17831],[-108.43356,39.09942],[-108.55786,39.08986],[-108.80111,39.18397],[-108.95203,39.19838],[-109.19558,39.03289],[-109.26472,38.93514],[-109.30632,38.81184],[-109.36285,38.73417],[-109.43427,38.70221],[-109.59566,38.55377],[-109.63452,38.54617],[-109.64847,38.48535],[-109.72299,38.4143],[-109.7389,38.34975],[-109.78453,38.27937],[-109.89745,38.16516],[-110.13092,37.96177],[-110.24846,37.89495],[-110.36757,37.89792]],[[-105.84557,40.4041],[-105.82064,40.18491]]]}},{"type":"Feature","properties":{"kind":"river","name":"Columbia"},"geometry":{"type":"MultiLineString","coordinates":[[[-122.14993,45.59376],[-122.64985,45.62745],[-122.72591,45.67375],[-122.84337,45.9781],[-122.942,46.11486],[-123.1209,46.17878],[-123.22059,46.15362]],[[-118.16818,48.2324],[-118.23195,48.08559],[-118.28417,48.035],[-118.34608,48.03169],[-118.36768,47.99583],[-118.34887,47.92741],[-118.35145,47.87853],[-118.37533,47.84917],[-118.52534,47.90255],[-118.66544,47.92695],[-118.85359,47.93036],[-118.98258,47.9819],[-119.05234,48.08161],[-119.22835,48.10089],[-119.5105,48.0397],[-119.68109,48.03045],[-119.74,48.07303],[-119.80103,48.08474],[-119.86423,48.06554],[-119.88658,48.0289],[-119.87048,47.92886],[-119.89363,47.89119],[-119.96918,47.8131],[-120.13995,47.76277],[-120.21382,47.69347],[-120.26193,47.57524],[-120.27345,47.48692],[-120.24839,47.42858],[-120.19398,47.38173],[-120.06838,47.32882],[-120.06825,47.27536],[-120.01006,47.21859],[-119.99166,46.98535],[-119.93937,46.78045],[-119.83787,46.67421],[-119.68718,46.66666],[-119.57655,46.68061],[-119.50596,46.71601],[-119.41746,46.67875],[-119.31106,46.56879],[-119.2561,46.45618],[-119.25259,46.34102],[-119.20112,46.26855],[-119.03606,46.20648],[-118.92493,46.0798],[-118.95883,46.03838],[-119.04991,45.98148],[-119.17735,45.94508],[-119.42911,45.93417],[-119.93428,45.83787],[-120.15605,45.76217],[-120.35143,45.72517],[-121.04524,45.63905],[-121.18428,45.64378],[-121.2427,45.68703],[-121.40212,45.71184],[-121.66252,45.71814],[-121.88201,45.68946],[-122.08513,45.60264],[-122.1499,45.59386]],[[-117.90711,49.34159],[-117.72128,49.33097],[-117.6764,49.27549],[-117.71056,49.17162],[-117.70105,49.09799],[-117.64793,49.05452],[-117.71689,48.97453],[-117.90791,48.85795],[-118.02098,48.7656],[-118.07356,48.66349]],[[-117.88019,50.10314],[-117.9174,50.09237],[-117.91492,50.01591],[-117.94951,49.97072],[-118.02868,49.92887],[-118.07431,49.88135],[-118.09248,49.80151]],[[-115.86543,50.28747],[-116.08141,50.59149],[-116.36522,50.88956],[-116.54464,51.00996],[-116.7623,51.11967],[-116.93149,51.24416],[-117.0521,51.38348],[-117.18284,51.47097],[-117.32371,51.50662],[-117.42489,51.55815],[-117.51708,51.65922]],[[-117.87275,51.87022],[-118.16417,52.0]],[[-118.59493,52.0],[-118.58903,51.925],[-118.68123,51.74227],[-118.67231,51.69561],[-118.46256,51.42552],[-118.35895,51.32266],[-118.28867,51.28142],[-118.2373,51.21377],[-118.20487,51.11967],[-118.20841,51.00025],[-118.13787,50.90284],[-117.90644,50.68285]]]}},{"type":"Feature","properties":{"kind":"river","name":"Double Mountain Fork Brazos"},"geometry":{"type":"LineString","coordinates":[[-101.6665,33.54007],[-101.42628,33.40011],[-101.32319,33.26575],[-101.17989,33.16025],[-100.83216,33.10289],[-100.70865,33.04418],[-100.50135,32.90468]]}},{"type":"Feature","properties":{"kind":"river","name":"Fraser"},"geometry":{"type":"LineString","coordinates":[[-122.2715,52.0],[-122.29008,51.93678],[-122.39216,51.84614],[-122.40772,51.75824],[-122.26801,51.51851],[-122.22512,51.40725],[-122.23246,51.34452],[-122.14259,51.22137],[-121.95547,51.03782],[-121.8578,50.90144],[-121.84956,50.81225],[-121.8655,50.766],[-121.9056,50.76264],[-121.92374,50.74006],[-121.91992,50.69828],[-121.74445,50.49113],[-121.62763,50.30179],[-121.50971,50.04733],[-121.44891,49.79086],[-121.44522,49.53245],[-121.48961,49.38688],[-121.58211,49.35417],[-121.65156,49.30709],[-121.69802,49.24565],[-121.87367,49.1895],[-122.17851,49.13865],[-122.4449,49.14129],[-122.67279,49.19741],[-122.8502,49.20687],[-123.07956,49.13059]]}},{"type":"Feature","properties":{"kind":"river","name":"Gila"},"geometry":{"type":"MultiLineString","coordinates":[[[-111.24938,33.10426],[-111.45477,33.03977],[-111.64835,33.05416],[-111.89859,33.12588],[-112.12232,33.22185],[-112.31957,33.34205],[-112.51119,33.37161],[-112.69722,33.31052],[-112.76694,33.23792],[-112.72022,33.15384],[-112.70355,33.08661],[-112.71694,33.03625],[-112.80918,33.02982],[-112.98026,33.06728],[-113.08374,33.06746],[-113.1196,33.03034],[-113.19722,33.00088],[-113.31659,32.97907],[-114.00466,32.72451],[-114.06848,32.73464],[-114.19011,32.69591],[-114.26121,32.70852],[-114.34358,32.76291],[-114.42818,32.77604],[-114.58217,32.73472]],[[-108.20362,33.57687],[-108.11425,33.41271],[-108.24577,33.17614],[-108.34785,33.09131],[-108.46433,33.07935],[-108.5552,32.99171],[-108.62042,32.82836],[-108.71021,32.71756],[-108.82454,32.6593],[-108.9436,32.65718],[-109.06734,32.71113],[-109.15589,32.78585],[-109.2642,32.94011],[-109.32079,32.9622],[-109.59131,32.85285],[-109.69529,32.85037],[-109.84556,32.93246],[-110.04219,33.09907],[-110.22626,33.18583],[-110.39778,33.1927],[-110.55356,33.1495],[-110.69357,33.05617],[-110.8145,33.03814],[-110.9163,33.09535],[-111.03929,33.12092],[-111.25558,33.11173]]]}},{"type":"Feature","properties":{"kind":"river","name":"Great Pee Dee"},"geometry":{"type":"LineString","coordinates":[[-80.46376,36.23231],[-80.481,36.09304],[-80.45852,36.01072],[-80.36535,35.893],[-80.37842,35.86029],[-80.44692,35.84055],[-80.46516,35.8174],[-80.46036,35.77337],[-80.42317,35.74216],[-80.35362,35.72371],[-80.26975,35.6524],[-80.07105,35.40125],[-80.05834,35.17573],[-80.02743,35.10943],[-79.96263,35.11274],[-79.91468,35.09615],[-79.88357,35.05975],[-79.88352,34.97637],[-79.91452,34.84599],[-79.89065,34.73783],[-79.81179,34.65189],[-79.78145,34.58022],[-79.79055,34.50479],[-79.75381,34.50311],[-79.63392,34.30049],[-79.59604,34.28819],[-79.47075,33.93421],[-79.33373,33.78577],[-79.11527,33.6288],[-79.10563,33.58286],[-79.12299,33.52919],[-79.22648,33.40489]]}},{"type":"Feature","properties":{"kind":"river","name":"Holston"},"geometry":{"type":"LineString","coordinates":[[-81.41962,37.00914],[-81.69496,36.93229],[-81.87546,36.85253],[-82.58909,36.61001],[-82.66541,36.52247],[-82.93589,36.40124],[-83.38653,36.2565],[-83.45369,36.19983],[-83.74716,36.07617],[-83.8997,35.97832],[-83.97435,35.9146],[-83.96949,35.87014]]}},{"type":"Feature","properties":{"kind":"river","name":"Hudson"},"geometry":{"type":"LineString","coordinates":[[-74.07449,44.10015],[-74.06377,44.01556],[-74.07994,43.98212],[-74.15162,43.94238],[-74.17821,43.86042],[-73.97137,43.7355],[-73.88848,43.66082],[-73.83926,43.576],[-73.8304,43.50603],[-73.86192,43.45079],[-73.86719,43.38293],[-73.84616,43.30242],[-73.78074,43.2739],[-73.67087,43.29736],[-73.61744,43.23181],[-73.62199,42.99999],[-73.72818,42.71414],[-73.76668,42.54376],[-73.77283,42.39354],[-73.81753,42.26517],[-73.90078,42.15867],[-73.9438,42.02038],[-73.94804,41.76541],[-73.98372,41.57364],[-73.96008,41.33125],[-73.96995,41.24973]]}},{"type":"Feature","properties":{"kind":"river","name":"Klamath"},"geometry":{"type":"MultiLineString","coordinates":[[[-123.77985,41.27686],[-123.83711,41.30244],[-123.99116,41.52258],[-124.09301,41.53963]],[[-121.80935,42.25125],[-121.78489,42.21484],[-121.84519,42.13691],[-121.90064,42.12629],[-121.96627,42.14931],[-122.05159,42.11903],[-122.15659,42.03552],[-122.257,41.99103],[-122.35286,41.98555],[-122.44717,41.9509],[-122.53998,41.88708],[-122.63703,41.86659],[-122.81229,41.89202],[-122.99933,41.82561],[-123.09982,41.83026],[-123.22271,41.86623],[-123.34205,41.8113],[-123.45786,41.66547],[-123.5115,41.53204],[-123.50292,41.41096],[-123.53527,41.31489],[-123.60855,41.24379],[-123.67888,41.22542],[-123.77983,41.27696]]]}},{"type":"Feature","properties":{"kind":"river","name":"Madison"},"geometry":{"type":"MultiLineString","coordinates":[[[-110.7437,44.72673],[-110.85873,44.6682],[-110.93258,44.65299],[-111.00363,44.66161],[-111.05399,44.68926],[-111.09967,44.75652]],[[-111.30925,44.86848],[-111.40645,44.84284],[-111.47678,44.85235],[-111.55334,44.89158],[-111.62558,44.9879],[-111.69351,45.14128],[-111.71858,45.26344],[-111.70072,45.35449],[-111.64563,45.45774],[-111.55326,45.57324],[-111.4927,45.72181],[-111.46397,45.9035],[-111.42963,46.02458],[-111.38973,46.08499],[-111.4063,46.17651],[-111.51585,46.36037]]]}},{"type":"Feature","properties":{"kind":"river","name":"Mississippi"},"geometry":{"type":"MultiLineString","coordinates":[[[-89.37614,28.98133],[-89.25713,29.15491],[-89.01575,29.20287]],[[-89.26095,29.15515],[-89.2886,29.17752]],[[-89.2886,29.17752],[-89.18078,29.3357]],[[-89.2886,29.17752],[-89.43306,29.29439],[-89.66597,29.41559],[-89.66969,29.4435],[-89.71364,29.48564],[-89.97288,29.68881],[-90.00698,29.75389],[-90.01158,29.81089],[-89.98672,29.85978],[-89.9227,29.88828],[-89.93251,29.91386],[-90.2496,29.94277],[-90.39042,29.976],[-90.46396,30.03166],[-90.58183,30.04752],[-90.74409,30.02349],[-90.84923,30.04034],[-90.89721,30.09806],[-90.94416,30.12671],[-90.99005,30.12638],[-91.03772,30.18128],[-91.10989,30.20883],[-91.13348,30.2272],[-91.12952,30.24818],[-91.17939,30.2849],[-91.19513,30.35179],[-91.22562,30.36843],[-91.21792,30.47946],[-91.25807,30.53408],[-91.27603,30.61457],[-91.33832,30.70619],[-91.42266,30.75334],[-91.52908,30.75598],[-91.55707,30.78003],[-91.52327,30.85378],[-91.5456,30.90835],[-91.6597,30.97201],[-91.65262,31.02955],[-91.61104,31.0649],[-91.59637,31.10991],[-91.63081,31.2176],[-91.61825,31.27695],[-91.5587,31.28791],[-91.52895,31.34519],[-91.52901,31.44875],[-91.50573,31.5187],[-91.45909,31.55497],[-91.37253,31.77372],[-91.28649,31.88397],[-91.15652,31.97068],[-91.09255,32.04585],[-91.07459,32.13132],[-90.94773,32.24007],[-90.93765,32.27733],[-90.9447,32.33071],[-91.05927,32.42376],[-91.10381,32.4905],[-91.10082,32.54137],[-91.14965,32.62501],[-91.14242,32.66103],[-91.09436,32.69426],[-91.09208,32.72586],[-91.13559,32.75578],[-91.13606,32.80885],[-91.09337,32.88502],[-91.09609,32.93768],[-91.14417,32.96688],[-91.15285,33.04057],[-91.10679,33.21792],[-91.16335,33.29445],[-91.16846,33.35946],[-91.14102,33.4385],[-91.15433,33.5002],[-91.19295,33.52253],[-91.21458,33.5834],[-91.17272,33.61668],[-91.17037,33.64746],[-91.20748,33.67567],[-91.18412,33.71567],[-91.1003,33.76745],[-91.05271,33.8276],[-91.03818,33.90139],[-91.07017,33.97421],[-91.06035,33.98929],[-90.91473,34.04862],[-90.90879,34.07156],[-90.94026,34.12856],[-90.90972,34.18877],[-90.81722,34.25223],[-90.76812,34.30811],[-90.76234,34.35643],[-90.7181,34.3917],[-90.63542,34.41387],[-90.584,34.50371],[-90.53925,34.72816],[-90.47476,34.76005],[-90.46757,34.80527],[-90.41595,34.85162],[-90.31993,34.89916],[-90.28211,34.94531],[-90.29376,35.00448],[-90.25596,35.04639],[-90.14227,35.11429],[-90.09292,35.20359],[-90.10788,35.3142],[-90.06602,35.41412],[-89.96734,35.50331],[-89.92652,35.59165],[-89.9435,35.67914],[-89.89456,35.7505],[-89.77966,35.80575],[-89.76359,35.88877],[-89.68891,35.92096],[-89.70933,35.98305],[-89.6977,36.03031],[-89.64189,36.10451],[-89.63414,36.16792],[-89.67455,36.22058],[-89.65408,36.24797],[-89.58354,36.27223],[-89.61171,36.32197],[-89.60409,36.35192],[-89.55528,36.37292],[-89.5406,36.42667],[-89.56003,36.51309],[-89.54964,36.55307],[-89.51952,36.55482],[-89.47148,36.48888],[-89.39746,36.58779],[-89.33054,36.6159],[-89.25612,36.59441],[-89.20305,36.62552],[-89.12951,36.81106],[-89.12249,36.9116],[-89.15432,36.99211],[-89.2724,37.07999],[-89.29168,37.07066],[-89.29002,37.01278],[-89.35188,37.03552],[-89.48691,37.21274],[-89.50293,37.30051],[-89.46198,37.36568],[-89.46198,37.43412],[-89.52342,37.57595],[-89.52342,37.64452],[-89.62328,37.74726],[-89.82296,37.8841],[-90.17359,38.06905],[-90.36577,38.25425],[-90.37399,38.30976],[-90.3166,38.45781],[-90.13219,38.81864],[-90.13421,38.84667],[-90.22007,38.89768],[-90.47796,38.94811],[-90.57708,38.90962],[-90.66353,38.98749],[-90.73722,39.1818],[-90.91938,39.3869],[-91.37873,39.74941],[-91.42586,39.82682],[-91.50164,40.09753],[-91.49978,40.22602],[-91.44196,40.37945],[-91.39077,40.39712],[-91.39418,40.53665],[-91.33904,40.60398],[-91.21512,40.64956],[-91.10213,40.74979],[-91.00012,40.90469],[-90.954,41.01559],[-90.96382,41.08253],[-91.0665,41.20591],[-91.08211,41.28032],[-91.04811,41.3691],[-90.93876,41.42558],[-90.58674,41.49473],[-90.43667,41.56036],[-90.34753,41.63203],[-90.31924,41.70965],[-90.21777,41.81311],[-90.17661,41.88365],[-90.14943,42.05371],[-90.16751,42.1003],[-90.4105,42.27207],[-90.42504,42.32566],[-90.48473,42.38325],[-90.58963,42.4448],[-90.65733,42.52051],[-90.68787,42.61032],[-90.78874,42.67693],[-90.95995,42.72034],[-91.06958,42.78855],[-91.11759,42.88165],[-91.16133,43.10233],[-91.14758,43.19959],[-91.10697,43.27803],[-91.1172,43.33115],[-91.17836,43.35893],[-91.23828,43.44024],[-91.27843,43.79743],[-91.31992,43.93628],[-91.38268,43.9908],[-91.84098,44.19415],[-91.91229,44.28887],[-92.05513,44.39982],[-92.14858,44.44525],[-92.24031,44.46214],[-92.44159,44.58658],[-92.53703,44.60079],[-92.64354,44.64534],[-92.81988,44.75778],[-92.96256,44.79019],[-93.03021,44.83814],[-93.07041,44.9124],[-93.11875,44.93746],[-93.17524,44.91323],[-93.2325,44.96304],[-93.349,45.16665],[-93.40786,45.20236],[-94.06299,45.43919],[-94.13329,45.49634],[-94.18921,45.57704],[-94.212,45.63213],[-94.20171,45.66163],[-94.37054,45.85281],[-94.38883,45.90606],[-94.36579,46.12488],[-94.39423,46.19429],[-94.33346,46.28446],[-94.09138,46.48174],[-94.05723,46.54318],[-93.95948,46.56879],[-93.79809,46.55855],[-93.69179,46.58602],[-93.64061,46.65118],[-93.57203,46.69756],[-93.48605,46.72521],[-93.40367,46.80743],[-93.32482,46.94432],[-93.30916,47.02318],[-93.3566,47.04405],[-93.44494,47.16012],[-93.50855,47.21128],[-93.59276,47.24316],[-93.67611,47.2489],[-93.75869,47.22843],[-93.79825,47.24223],[-93.79484,47.29032],[-93.82894,47.31166],[-93.90057,47.30623],[-93.97584,47.33584],[-94.09412,47.43279]],[[-95.02582,47.15611],[-94.9681,47.3175],[-94.87707,47.45142],[-94.79429,47.48206],[-94.63706,47.44]],[[-94.50774,47.45654],[-94.32649,47.40563]]]}},{"type":"Feature","properties":{"kind":"river","name":"Missouri"},"geometry":{"type":"MultiLineString","coordinates":[[[-98.55966,43.05988],[-98.14328,42.85227],[-97.96495,42.80586],[-97.88092,42.84958],[-97.69814,42.87464],[-97.41666,42.881],[-97.23879,42.86054],[-97.16448,42.8132],[-96.80452,42.70143],[-96.67554,42.6376],[-96.63278,42.56867],[-96.55795,42.52479],[-96.45101,42.50599],[-96.38375,42.41777],[-96.3561,42.26013],[-96.29533,42.13291],[-96.20138,42.03612],[-96.1542,41.96529],[-96.13123,41.87243],[-96.08664,41.82138],[-96.06881,41.73433],[-96.07777,41.61129],[-96.05863,41.54579],[-96.01139,41.53788],[-95.98158,41.4738],[-95.94357,41.46093],[-95.93298,41.42546],[-95.94972,41.36742],[-95.93603,41.33099],[-95.89195,41.31616],[-95.88362,41.28756],[-95.91117,41.24518],[-95.9069,41.21196],[-95.87089,41.18782],[-95.8466,41.08033],[-95.83815,40.77774],[-95.859,40.74511],[-95.82611,40.67617],[-95.73955,40.57086],[-95.6847,40.46637],[-95.66157,40.36276],[-95.6071,40.29547],[-95.52122,40.26457],[-95.46365,40.19806],[-95.4343,40.09598],[-95.36247,40.01032],[-95.1162,39.87209],[-94.98402,39.89116],[-94.92994,39.86149],[-94.8933,39.78181],[-94.8986,39.74114],[-94.94583,39.73949],[-95.00476,39.69156],[-95.07535,39.59738],[-95.05794,39.50896],[-94.95252,39.42638],[-94.88229,39.34313],[-94.8472,39.25915],[-94.77785,39.19399],[-94.62238,39.12441],[-94.50412,39.12441],[-94.33416,39.20443],[-94.23925,39.20722],[-94.13647,39.1595],[-94.02823,39.15363],[-93.91455,39.1896],[-93.51281,39.23745],[-93.50085,39.26985],[-93.4184,39.24009],[-93.34298,39.27011],[-93.24314,39.36085],[-93.10842,39.35905],[-92.93882,39.26468],[-92.87663,39.192],[-92.92179,39.14102],[-92.93259,39.08712],[-92.90903,39.03033],[-92.81611,38.99328],[-92.65395,38.97602],[-92.50285,38.89026],[-92.29291,38.65888],[-92.12365,38.5861],[-91.97849,38.59785],[-91.80098,38.66989],[-91.61905,38.70627],[-91.43271,38.70694],[-91.23755,38.66658],[-91.03359,38.58519],[-90.87174,38.57881],[-90.66095,38.68146],[-90.59842,38.68064],[-90.51274,38.73172],[-90.40383,38.83471],[-90.31639,38.85952],[-90.13312,38.81903]],[[-100.39413,44.43553],[-100.34454,44.37398],[-99.92245,44.24453],[-99.93444,44.20536],[-99.88317,44.1418],[-99.68469,44.11312],[-99.64699,44.13209],[-99.69117,44.17927],[-99.68425,44.20459],[-99.62621,44.208],[-99.50989,44.06031],[-99.36442,43.9906]],[[-111.69876,46.66268],[-111.75813,46.67069],[-111.88521,46.78647],[-111.91334,46.83701],[-111.89815,46.86272],[-111.91908,46.91605],[-111.97613,46.99708],[-111.98931,47.05708],[-111.95872,47.09612],[-111.61608,47.3415],[-111.45389,47.41509],[-111.34775,47.41168],[-111.29297,47.43948],[-111.28951,47.4985],[-111.23736,47.54113],[-111.1366,47.56738],[-110.85641,47.78416],[-110.79233,47.77677],[-110.16668,48.04348],[-110.1242,48.02094],[-110.06235,47.88478],[-109.9947,47.81605],[-109.88647,47.76189],[-109.60943,47.7546],[-109.16364,47.79424],[-108.93461,47.79525],[-108.92234,47.75768],[-108.87353,47.71828],[-108.78816,47.67704],[-108.19063,47.60177]],[[-101.39967,47.5062],[-101.42261,47.48439],[-101.36153,47.33928],[-101.24761,47.28218],[-101.06553,47.25978],[-100.97877,47.23102],[-100.98735,47.19588],[-100.90156,47.03447],[-100.92078,46.98977],[-100.89208,46.90401],[-100.77712,46.71376]],[[-106.40582,48.02074],[-106.36671,48.05787],[-105.95567,48.03265],[-105.72923,48.04213],[-105.54172,48.08611],[-105.34023,48.09978],[-105.12477,48.08309],[-104.9778,48.0952],[-104.89925,48.13618],[-104.74952,48.14998],[-104.52855,48.13665],[-103.83464,47.99418],[-103.77232,48.0273]]]}},{"type":"Feature","properties":{"kind":"river","name":"Niagara"},"geometry":{"type":"LineString","coordinates":[[-79.05923,43.27806],[-79.06605,43.1061]]}},{"type":"Feature","properties":{"kind":"river","name":"North Saskatchewan"},"geometry":{"type":"LineString","coordinates":[[-116.8461,52.0],[-116.76673,52.0]]}},{"type":"Feature","properties":{"kind":"river","name":"Ohio"},"geometry":{"type":"MultiLineString","coordinates":[[[-85.18604,38.69366],[-85.30675,38.7372],[-85.40543,38.72996],[-85.44478,38.68309],[-85.42483,38.59658],[-85.45868,38.53021],[-85.54632,38.48401],[-85.6089,38.42303],[-85.64642,38.3473],[-85.70629,38.30136],[-85.78845,38.28521],[-85.85493,38.21503],[-85.90568,38.0909],[-85.96116,38.01401],[-86.02133,37.98435],[-86.10345,37.99187],[-86.20752,38.03657],[-86.26762,38.08259],[-86.3146,38.16377],[-86.36144,38.17899],[-86.36514,38.1446],[-86.45738,38.12015],[-86.44834,38.08597],[-86.49996,38.0475],[-86.54864,37.91707],[-86.59923,37.87479],[-86.67313,37.88903],[-86.77033,37.95978],[-86.86908,37.97613],[-86.96944,37.93805],[-87.04427,37.88645],[-87.09357,37.82128],[-87.14103,37.80524],[-87.2094,37.85485],[-87.37239,37.92347],[-87.45729,37.9381],[-87.51845,37.92156],[-87.56145,37.92905],[-87.58739,37.95569],[-87.6154,37.84893],[-87.64325,37.83304],[-87.67942,37.88637],[-87.71446,37.8996],[-87.76965,37.88523],[-87.89212,37.91298],[-87.91248,37.81769],[-87.93811,37.79382],[-88.02178,37.80043],[-88.07325,37.77092],[-88.12896,37.69951],[-88.14038,37.62065],[-88.10751,37.53435],[-88.1905,37.46456],[-88.49467,37.36428],[-88.50661,37.32359],[-88.44625,37.12042],[-88.47167,37.08838],[-88.61381,37.11009],[-88.87261,37.18553],[-89.04621,37.18298],[-89.1346,37.10246],[-89.16507,37.04156],[-89.15432,36.99211]],[[-79.99087,40.44771],[-80.14898,40.52158],[-80.22267,40.58447],[-80.26468,40.66101],[-80.344,40.6862],[-80.63753,40.60326],[-80.65905,40.56298],[-80.60409,40.44521],[-80.60182,40.36389],[-80.87219,39.73551],[-80.87431,39.6643],[-80.9633,39.57113],[-81.2625,39.38654],[-81.33335,39.36282],[-81.39242,39.36483],[-81.43965,39.39256],[-81.49272,39.37362],[-81.60646,39.27414],[-81.65721,39.27197],[-81.70059,39.22947],[-81.77066,39.09883],[-81.8026,39.08606],[-81.78012,38.94698],[-81.84376,38.93432],[-81.89668,38.89354],[-81.9498,38.98933],[-82.00109,39.01111],[-82.07227,38.96294],[-82.20353,38.76823],[-82.18007,38.63759],[-82.2025,38.60583],[-82.25231,38.59408],[-82.29086,38.55201],[-82.31815,38.47967],[-82.38706,38.43398],[-82.49754,38.41497],[-82.62128,38.45068],[-82.75822,38.54116],[-82.84463,38.62767],[-82.88044,38.71025],[-83.00007,38.71399],[-83.20347,38.63891],[-83.35697,38.62741],[-83.53838,38.69986],[-83.68987,38.64953],[-83.75227,38.66937],[-83.82808,38.73123],[-83.94839,38.77422],[-84.11323,38.79838],[-84.22728,38.8652],[-84.29043,38.9747],[-84.35802,39.04992],[-84.43006,39.0909],[-84.66054,39.09446],[-84.70694,39.1289],[-84.76591,39.125],[-84.83743,39.08268],[-84.8606,39.03971],[-84.83549,38.99604],[-84.8366,38.96057],[-84.86388,38.93323],[-84.78963,38.86838],[-84.80074,38.81939],[-84.90125,38.76957],[-85.13552,38.69725],[-85.16989,38.69038],[-85.18611,38.69366]]]}},{"type":"Feature","properties":{"kind":"river","name":"Ottawa"},"geometry":{"type":"MultiLineString","coordinates":[[[-76.90254,45.89239],[-76.8237,45.87968],[-76.75381,45.79783],[-76.66658,45.64259],[-76.55312,45.54208],[-76.41344,45.49634],[-76.26994,45.48394],[-76.12264,45.50487],[-76.00063,45.48363],[-75.90397,45.42023],[-75.62613,45.45077],[-74.86419,45.64218],[-74.71722,45.65137],[-74.57722,45.6322],[-74.3151,45.53107]],[[-77.37134,46.06285],[-77.2722,45.95428],[-77.1549,45.91167],[-76.90212,45.89245]],[[-77.68266,46.18667],[-77.373,46.0637]],[[-77.68266,46.18667],[-77.68213,46.18659]],[[-77.68401,46.18721],[-77.68266,46.18667]],[[-79.16555,46.82717],[-79.01458,46.60651],[-78.90316,46.48647],[-78.781,46.39345],[-78.46045,46.30689],[-77.68266,46.18667]]]}},{"type":"Feature","properties":{"kind":"river","name":"Pend Oreille"},"geometry":{"type":"LineString","coordinates":[[-117.68178,49.01523],[-117.41399,49.02706],[-117.33673,49.00693],[-117.32381,48.96063],[-117.38345,48.8402],[-117.39123,48.75338],[-117.3627,48.6446],[-117.32503,48.56905],[-117.27821,48.52673],[-117.24945,48.44702],[-117.2387,48.32987],[-117.12243,48.24145],[-116.90053,48.18166],[-116.76137,48.17784],[-116.6499,48.25447],[-116.56949,48.24977]]}},{"type":"Feature","properties":{"kind":"river","name":"Pit"},"geometry":{"type":"LineString","coordinates":[[-120.42936,41.70895],[-120.45729,41.55814],[-120.51419,41.49804],[-120.97129,41.39685],[-121.11547,41.28937],[-121.11172,41.12839],[-121.13033,41.02339],[-121.17131,40.97424],[-121.22267,40.97714],[-121.2844,41.03197],[-121.34734,41.04194],[-121.4115,41.00706],[-121.68949,41.01502],[-121.76308,40.98398],[-121.82917,40.98553],[-121.88783,41.01967],[-121.93242,41.01993],[-121.96296,40.98634],[-121.95227,40.90097],[-121.98136,40.85446],[-122.09466,40.78351]]}},{"type":"Feature","properties":{"kind":"river","name":"Potomac"},"geometry":{"type":"LineString","coordinates":[[-78.32537,39.63921],[-78.18114,39.68574],[-78.09779,39.67789],[-77.9557,39.6088],[-77.85542,39.5997],[-77.87217,39.57578],[-77.77959,39.48834],[-77.79171,39.44178],[-77.76235,39.42925],[-77.73905,39.35434],[-77.66882,39.30954],[-77.53415,39.26561],[-77.47886,39.22086],[-77.50645,39.14262],[-77.48092,39.11296],[-77.30109,39.05338],[-77.1903,38.96904],[-77.05304,38.9153],[-77.03036,38.88925]]}},{"type":"Feature","properties":{"kind":"river","name":"Pánuco"},"geometry":{"type":"LineString","coordinates":[[-98.41929,22.0],[-98.37559,22.04057],[-98.2579,22.06594],[-98.21713,22.10186],[-98.17754,22.09857],[-98.1392,22.05615],[-98.0969,22.04674],[-98.05068,22.07036],[-98.05068,22.12333],[-98.01502,22.17836],[-97.96551,22.20924],[-97.87051,22.21934],[-97.78237,22.27931]]}},{"type":"Feature","properties":{"kind":"river","name":"R. des Outaouais"},"geometry":{"type":"MultiLineString","coordinates":[[[-76.81934,47.51736],[-76.92024,47.53178],[-76.93481,47.48757]],[[-77.32199,47.57348],[-77.45677,47.55612]],[[-78.81281,47.65639],[-78.98737,47.55397],[-79.06796,47.5371],[-79.11274,47.57157],[-79.22529,47.58583],[-79.49576,47.57694]],[[-77.54446,47.67068],[-77.52725,47.7443]],[[-77.56733,47.82982],[-77.62123,47.81806],[-77.72871,47.73277],[-77.83437,47.72763],[-77.93296,47.79021],[-78.00368,47.78393],[-78.04657,47.70884],[-78.12742,47.6882],[-78.34196,47.76432],[-78.44872,47.86132],[-78.44485,47.90304],[-78.48536,47.92875],[-78.57031,47.93847],[-78.64116,47.92493],[-78.69788,47.88814],[-78.72568,47.82323],[-78.72405,47.68371]]]}},{"type":"Feature","properties":{"kind":"river","name":"Rainy"},"geometry":{"type":"MultiLineString","coordinates":[[[-93.37683,48.61721],[-93.46362,48.56127],[-93.70774,48.52546],[-93.80354,48.54895],[-93.85163,48.60729],[-94.05518,48.65902],[-94.62089,48.74261],[-94.70509,48.80852],[-94.71256,48.86301]],[[-91.62949,48.86523],[-91.65877,48.79185],[-91.75721,48.76199],[-91.93456,48.75113],[-92.05965,48.75956],[-92.13241,48.78715],[-92.32136,48.7702],[-92.77901,48.67801]],[[-90.50349,49.32913],[-90.61333,49.21927],[-90.59005,49.16857],[-90.6373,49.08641],[-90.75598,49.05378],[-90.95669,49.03202],[-91.12252,48.97293],[-91.31907,48.82823]]]}},{"type":"Feature","properties":{"kind":"river","name":"Rio Grande"},"geometry":{"type":"MultiLineString","coordinates":[[[-99.17208,26.56414],[-99.10777,26.44691],[-99.01527,26.39896],[-98.87321,26.38123],[-98.76523,26.34041],[-98.69141,26.27646],[-98.37812,26.18236],[-98.27503,26.1112],[-98.08279,26.06443],[-97.80142,26.04205],[-97.58724,25.9842],[-97.44027,25.89082],[-97.37563,25.87181],[-97.28178,25.94162],[-97.14624,25.96147]],[[-101.03863,29.46029],[-101.01633,29.40066],[-100.75459,29.18251],[-100.65863,29.06854],[-100.63631,28.97281],[-100.5497,28.82134],[-100.33173,28.50255],[-100.34816,28.48643],[-100.33627,28.42814],[-100.29604,28.32768],[-100.22127,28.24262],[-100.11195,28.17296],[-100.00141,28.04785],[-99.88963,27.86729],[-99.75427,27.72994],[-99.59531,27.63588],[-99.50532,27.54835],[-99.48583,27.39804],[-99.51007,27.34032],[-99.44026,27.17012],[-99.45653,27.05667]],[[-106.56636,31.81953],[-106.43603,31.76447],[-106.34697,31.679],[-106.25571,31.54466],[-106.14806,31.45092],[-106.02409,31.39777],[-105.81271,31.24104],[-105.51399,30.98077],[-105.27582,30.80727],[-104.97883,30.64593],[-104.91785,30.58335],[-104.68133,30.13436],[-104.68133,29.99052],[-104.62221,29.85428],[-104.50398,29.67767],[-104.40063,29.57375],[-104.31221,29.54244],[-104.11062,29.38611],[-103.98974,29.32317],[-103.85291,29.29108],[-103.2577,29.00112],[-103.1683,28.99818],[-103.09001,29.04187],[-103.02283,29.1322],[-102.95681,29.19036],[-102.89201,29.21638],[-102.86568,29.25803],[-102.87782,29.31532],[-102.834,29.44396],[-102.73419,29.64395],[-102.61495,29.75234],[-102.47625,29.76909],[-102.38566,29.80666],[-102.34308,29.86497],[-102.26892,29.87117],[-102.16309,29.82526],[-101.9909,29.7957],[-101.75234,29.78247],[-101.6116,29.78697],[-101.54638,29.80808],[-101.54462,29.78353],[-101.44039,29.77684],[-101.38034,29.74255],[-101.30353,29.63408]],[[-107.29345,32.91034],[-107.2404,32.74286],[-107.17164,32.67441],[-107.06951,32.64914],[-106.97535,32.58385],[-106.88916,32.47854],[-106.77717,32.19473],[-106.56628,31.81953]],[[-107.18141,33.17319],[-107.2798,33.11578]],[[-107.42656,37.77596],[-107.06695,37.74395],[-106.92435,37.80886],[-106.81391,37.79221],[-106.68813,37.71563],[-106.54155,37.6777],[-106.3742,37.67842],[-106.19597,37.64729],[-105.8786,37.52495],[-105.81124,37.46924],[-105.73525,37.33532],[-105.75248,37.11872],[-105.74292,36.97973],[-105.70282,36.82258],[-105.69481,36.65068],[-105.71894,36.46403],[-105.7607,36.33892],[-105.84986,36.24355],[-106.00626,36.13327],[-106.07262,36.04803],[-106.10104,35.95109],[-106.1661,35.85523],[-106.26769,35.76038],[-106.34319,35.64831],[-106.39249,35.51907],[-106.48732,35.37572],[-106.62759,35.21832],[-106.69242,35.08938],[-106.68178,34.98895],[-106.71627,34.78088],[-106.79585,34.46518],[-106.84986,34.29465],[-106.87828,34.26928],[-106.87417,33.9279],[-106.92802,33.74885],[-107.1234,33.49424],[-107.16994,33.356]]]}},{"type":"Feature","properties":{"kind":"river","name":"Rupert"},"geometry":{"type":"MultiLineString","coordinates":[[[-74.81814,51.41216],[-74.58963,51.47955],[-74.49051,51.49029],[-74.44462,51.46688],[-74.33688,51.46006],[-74.25575,51.40498],[-74.16903,51.37645],[-73.96641,51.38746],[-73.89109,51.34945],[-73.84665,51.25659],[-73.83655,51.17455],[-73.86083,51.10334],[-73.81507,51.07022],[-73.64144,51.07761]],[[-75.20375,51.44634],[-75.24171,51.52698],[-75.48092,51.54616],[-76.55349,51.364]],[[-78.73136,51.49748],[-78.45707,51.39666],[-78.15726,51.36239],[-77.71295,51.35418],[-77.30414,51.37849],[-76.93083,51.43529],[-76.8206,51.41529]]]}},{"type":"Feature","properties":{"kind":"river","name":"S. Branch Potomac"},"geometry":{"type":"LineString","coordinates":[[-79.5709,38.41456],[-79.38538,38.63356],[-79.25312,38.90062],[-79.16307,38.99873],[-79.07119,39.01684],[-78.95618,39.12412],[-78.70545,39.44723],[-78.57497,39.53286],[-78.49554,39.53335],[-78.40676,39.62787],[-78.32537,39.63921]]}},{"type":"Feature","properties":{"kind":"river","name":"Sacramento"},"geometry":{"type":"MultiLineString","coordinates":[[[-121.58076,38.65878],[-121.51374,38.6178],[-121.50351,38.5801],[-121.52769,38.53202],[-121.51886,38.36582],[-121.54645,38.34221],[-121.51209,38.27338],[-121.5725,38.19514],[-121.68926,38.14767],[-121.74863,38.08047]],[[-122.41061,40.72144],[-122.43208,40.64775],[-122.37408,40.57354],[-122.24375,40.47417],[-122.18166,40.40115],[-122.17721,40.32689],[-122.14983,40.31862],[-122.18708,40.21646],[-122.18409,40.17548],[-122.14409,40.15889],[-122.06371,39.89958],[-122.01694,39.794],[-121.96363,39.75021],[-121.95578,39.63226],[-122.00529,39.31664],[-121.99164,39.26174],[-121.853,39.09084],[-121.80504,39.00175],[-121.79703,38.91925],[-121.7623,38.85052],[-121.70083,38.79559],[-121.64882,38.76931],[-121.60624,38.77164],[-121.58392,38.74435],[-121.58074,38.65888]]]}},{"type":"Feature","properties":{"kind":"river","name":"Saint John"},"geometry":{"type":"LineString","coordinates":[[-70.26408,46.18349],[-70.20785,46.31487],[-70.16062,46.37397],[-70.0751,46.4198],[-70.01386,46.49442],[-69.86242,46.5183],[-69.86697,46.55814],[-69.72915,46.69953],[-69.26148,47.0802],[-69.0964,47.12198],[-69.05017,47.10834],[-68.66854,47.25345],[-68.37691,47.31616],[-68.35802,47.34453],[-68.23549,47.34595],[-68.09679,47.27484],[-67.79374,47.07418],[-67.71134,46.98385],[-67.69772,46.86794],[-67.72542,46.69638],[-67.70204,46.58449],[-67.59869,46.49153],[-67.61543,46.46213],[-67.54595,46.32673],[-67.52822,46.22726],[-67.54466,46.10871],[-67.49732,46.03047],[-67.38622,45.99254],[-67.12305,45.96371],[-67.01991,45.9142],[-66.93464,45.91247],[-66.7961,45.98236],[-66.68393,45.98489],[-66.52351,45.89854],[-66.2405,45.83395],[-66.13105,45.75721],[-66.05299,45.56874],[-66.21818,45.37868],[-66.21753,45.35542],[-66.18273,45.33522]]}},{"type":"Feature","properties":{"kind":"river","name":"San Joaquin"},"geometry":{"type":"MultiLineString","coordinates":[[[-119.69796,37.00043],[-119.77966,36.89661],[-119.93957,36.84307],[-120.20488,36.8052],[-120.39308,36.86558],[-120.50419,37.02415],[-120.6047,37.1182],[-120.69462,37.14766],[-120.85569,37.2847],[-121.20397,37.6515]],[[-118.73673,37.09598],[-118.80819,37.20321],[-119.18794,37.45596],[-119.22267,37.43777],[-119.32333,37.25266],[-119.40395,37.16709],[-119.54763,37.12032],[-119.60073,37.06249]],[[-121.20399,37.6514],[-121.25474,37.70261],[-121.30331,37.89986],[-121.34675,37.97089],[-121.4454,38.0038],[-121.52534,38.05592]]]}},{"type":"Feature","properties":{"kind":"river","name":"Savannah"},"geometry":{"type":"MultiLineString","coordinates":[[[-82.20836,33.66358],[-82.00571,33.52289],[-81.93639,33.44729],[-81.93285,33.38987],[-81.90874,33.34926],[-81.86409,33.32543],[-81.78033,33.19529],[-81.69932,33.12676],[-81.57824,33.06858],[-81.48977,32.93566],[-81.43381,32.72803],[-81.37696,32.60747],[-81.29033,32.55724],[-81.1715,32.38014],[-81.13295,32.27467],[-81.13502,32.18186],[-81.07481,32.10969],[-80.87234,32.02957]],[[-82.81858,34.36602],[-82.58927,34.01738]]]}},{"type":"Feature","properties":{"kind":"river","name":"Snake"},"geometry":{"type":"MultiLineString","coordinates":[[[-113.47392,42.67476],[-113.62378,42.57792],[-113.78519,42.53766],[-114.00805,42.52167],[-114.28436,42.55394],[-114.61406,42.6345],[-114.81322,42.7067],[-114.88174,42.77057],[-114.91347,42.82534],[-114.90841,42.87103],[-114.96127,42.90017],[-115.14359,42.9412],[-115.17563,42.98513],[-115.25652,42.98906],[-115.38626,42.95288],[-115.56945,42.95614],[-115.80605,42.99882],[-115.97403,42.97831],[-116.07945,43.01913],[-116.25711,43.12874],[-116.43852,43.30361],[-116.51611,43.31622],[-116.60556,43.36428],[-116.7069,43.44779],[-116.76674,43.51378],[-116.78514,43.5623],[-117.00642,43.67909],[-117.06378,43.73387],[-116.95764,43.96414],[-116.94397,44.03767],[-116.96068,44.07912],[-116.94978,44.11901],[-116.91131,44.15741],[-116.91242,44.19947],[-116.95319,44.24531],[-117.13974,44.29027],[-117.19731,44.34381],[-117.2017,44.4362],[-117.11892,44.57831],[-116.94895,44.77011],[-116.85586,44.90573],[-116.83956,44.98516],[-116.54916,45.45674],[-116.47705,45.64109],[-116.52092,45.72191],[-116.61683,45.79917],[-116.76473,45.87291],[-116.86919,45.95849],[-116.9302,46.05595],[-116.94784,46.12432],[-116.92211,46.16364],[-116.94296,46.23211],[-117.039,46.39655],[-117.02877,46.43288],[-117.06988,46.44915],[-117.16238,46.44543],[-117.2139,46.46809],[-117.22444,46.51711],[-117.39309,46.66421],[-117.50347,46.70852],[-117.61532,46.71549],[-117.70203,46.69759],[-117.76358,46.65485],[-117.87463,46.61783],[-118.03514,46.58646],[-118.38551,46.59023],[-118.54643,46.52662],[-118.68818,46.38652],[-118.82677,46.29113],[-119.03606,46.20648]],[[-112.8644,42.81191],[-113.02229,42.68595],[-113.13526,42.64639],[-113.31628,42.65362]],[[-111.18812,43.33888],[-111.34826,43.44797],[-111.40937,43.50995],[-111.4248,43.56127],[-111.58649,43.6347],[-111.89443,43.73035],[-112.04341,43.70798],[-112.03339,43.56757],[-112.07186,43.44603],[-112.15883,43.3433],[-112.31156,43.22485],[-112.6393,43.02358]],[[-110.63058,43.83707],[-110.72737,43.61956],[-110.83703,43.4782],[-110.82483,43.43492],[-110.73765,43.37836],[-110.72525,43.33565],[-110.7544,43.27354],[-110.8371,43.22561],[-110.98255,43.18956],[-111.04787,43.20651]]]}},{"type":"Feature","properties":{"kind":"river","name":"South Saskatchewan"},"geometry":{"type":"MultiLineString","coordinates":[[[-106.85324,51.26261],[-107.01519,51.38761],[-107.06684,51.46399],[-107.06217,51.53344],[-106.99292,51.60786],[-106.8591,51.68718],[-106.74379,51.79157],[-106.75474,51.97649],[-106.71981,52.0]],[[-116.42203,51.66731],[-116.35674,51.65114],[-116.31904,51.61173],[-116.27122,51.50967],[-115.85969,51.27315],[-115.65821,51.19406],[-115.52956,51.19352],[-115.41401,51.15869],[-115.31151,51.08954],[-115.10041,51.10277],[-114.78066,51.19837],[-114.47965,51.19553],[-114.19731,51.09432],[-114.04078,50.99865],[-114.01006,50.90852],[-113.9404,50.85049],[-113.83178,50.82452],[-113.58107,50.79907],[-113.31003,50.84785],[-113.19048,50.83809],[-113.08836,50.78326],[-113.00253,50.76657],[-112.93297,50.78801],[-112.80931,50.7893],[-112.63154,50.77034],[-112.52354,50.729],[-112.48527,50.66531],[-112.44403,50.63107],[-112.39988,50.62626],[-112.35714,50.57423],[-112.31588,50.47496],[-112.26265,50.42188],[-112.19746,50.41501],[-112.16759,50.39269],[-112.17304,50.35481],[-112.10103,50.23812],[-112.03111,50.20502],[-111.82544,50.17578],[-111.68411,50.12053],[-111.60907,50.06521],[-111.60044,50.00982],[-111.64259,49.93651],[-111.60695,49.90388],[-111.42247,49.93442],[-111.34227,50.00098],[-111.26413,50.04113],[-111.18812,50.05493],[-110.77507,50.04604],[-110.6604,50.05901],[-110.68107,50.09544],[-110.66391,50.12045],[-110.57996,50.15539],[-110.57686,50.18469],[-110.63161,50.23471],[-110.63151,50.29889],[-110.59368,50.40359],[-110.52852,50.44829],[-110.43597,50.43294],[-110.39067,50.46258],[-110.39261,50.53712],[-110.34398,50.58957],[-110.15821,50.66115],[-110.08415,50.7137],[-110.05408,50.75375],[-110.06803,50.7814],[-110.05423,50.80961],[-109.99824,50.8631],[-110.01116,50.88356],[-109.89721,50.93829],[-109.18772,51.00412],[-108.92521,51.00236],[-108.84637,50.9648],[-108.57608,50.92511],[-108.44141,50.85777],[-108.32607,50.73711],[-108.20272,50.6721],[-108.00573,50.65805]]]}},{"type":"Feature","properties":{"kind":"river","name":"Sprague"},"geometry":{"type":"LineString","coordinates":[[-120.88184,42.40041],[-121.04847,42.44067],[-121.43654,42.48167],[-121.60374,42.52467],[-121.67944,42.58334],[-121.77564,42.57854],[-121.92121,42.47513]]}},{"type":"Feature","properties":{"kind":"river","name":"St. Clair"},"geometry":{"type":"LineString","coordinates":[[-82.41724,43.01738],[-82.48834,42.73951],[-82.54532,42.62468],[-82.64513,42.55805]]}},{"type":"Feature","properties":{"kind":"river","name":"St. Lawrence"},"geometry":{"type":"LineString","coordinates":[[-74.70887,45.00387],[-74.85664,45.00392],[-75.17938,44.89938],[-75.40126,44.77228],[-75.79196,44.49705]]}},{"type":"Feature","properties":{"kind":"river","name":"Tennessee"},"geometry":{"type":"MultiLineString","coordinates":[[[-87.70046,34.77338],[-87.81404,34.76315],[-87.96486,34.84384],[-88.19079,35.01205],[-88.30621,35.12579],[-88.31117,35.18506],[-88.28181,35.23865],[-88.18774,35.32885],[-88.19048,35.36554],[-87.99372,35.41841],[-88.0179,35.43365],[-87.98579,35.51075],[-87.98734,35.57941],[-88.01995,35.67041],[-88.01031,35.76653],[-87.94318,35.92509],[-87.9754,35.94525]],[[-83.96949,35.87014],[-84.34358,35.7358],[-84.40032,35.74278],[-84.45696,35.77549],[-84.54176,35.86329],[-84.59822,35.80273],[-84.63,35.78924],[-84.65594,35.80267],[-84.81952,35.56618],[-84.86223,35.55948],[-84.88967,35.52822],[-84.90187,35.4723],[-84.92442,35.44977],[-84.95731,35.46063],[-85.01302,35.39143],[-85.09154,35.24214],[-85.18231,35.13246],[-85.28536,35.06231],[-85.3468,35.04975],[-85.36664,35.09478],[-85.39243,35.09646],[-85.42406,35.05486],[-85.55893,35.08044],[-85.63495,35.04887],[-85.83938,34.80268],[-86.11474,34.52838],[-86.29413,34.40307],[-86.37754,34.42663],[-86.54616,34.55694],[-86.666,34.59102],[-86.89852,34.57476]],[[-88.28329,37.02151],[-88.47167,37.08838]]]}},{"type":"Feature","properties":{"kind":"river","name":"Tugaloo"},"geometry":{"type":"LineString","coordinates":[[-83.35558,34.70832],[-83.16652,34.59959]]}},{"type":"Feature","properties":{"kind":"river","name":"Verde"},"geometry":{"type":"LineString","coordinates":[[-100.34395,22.11692],[-100.11242,22.0]]}},{"type":"Feature","properties":{"kind":"river","name":"Wabash"},"geometry":{"type":"LineString","coordinates":[[-84.75467,40.35896],[-84.64695,40.35565],[-84.63932,40.37139],[-84.75748,40.43983],[-84.75934,40.52453],[-84.7936,40.56734],[-84.88641,40.58817],[-85.15614,40.75167],[-85.31698,40.82567],[-85.48979,40.87161],[-85.67657,40.8634],[-85.87736,40.80102],[-86.1127,40.7632],[-86.38258,40.74981],[-86.61758,40.65995],[-86.81767,40.4936],[-86.95492,40.41177],[-87.02923,40.41451],[-87.11705,40.38952],[-87.40378,40.21413],[-87.44502,40.12747],[-87.43773,40.01833],[-87.38807,39.89472],[-87.37784,39.80837],[-87.41262,39.56771],[-87.45163,39.46669],[-87.61105,39.29135],[-87.61498,39.19329],[-87.64728,39.16875],[-87.53029,38.90889],[-87.51768,38.81182],[-87.52946,38.74229],[-87.58377,38.67937],[-87.63596,38.54261],[-87.68066,38.48799],[-87.73523,38.4699],[-87.87295,38.29503],[-87.92142,38.29751],[-87.98041,38.24919],[-87.94855,38.17801],[-87.95806,38.14429],[-88.00602,38.11328],[-87.99026,38.0893],[-88.04452,38.01329],[-88.0425,37.93665],[-88.05912,37.89836],[-88.09113,37.89665],[-88.09531,37.87557],[-88.04198,37.78886]]}},{"type":"Feature","properties":{"kind":"river","name":"Willamette"},"geometry":{"type":"LineString","coordinates":[[-122.09466,43.42205],[-122.21912,43.48512],[-122.37147,43.51502],[-122.42381,43.57403],[-122.42702,43.67211],[-122.45807,43.74573],[-122.51704,43.79477],[-122.9597,44.02398],[-123.11907,44.14989],[-123.18397,44.32298],[-123.2203,44.51312],[-123.1893,44.59893],[-123.1031,44.64379],[-123.07737,44.6797],[-123.11201,44.70673],[-123.09827,44.83587],[-123.13997,44.84946],[-123.02373,44.99893],[-123.04584,45.04175],[-123.03558,45.08102],[-122.993,45.11668],[-122.98724,45.15688],[-123.01825,45.20156],[-123.01615,45.2383],[-122.98091,45.26708],[-122.90192,45.28773],[-122.71783,45.30643],[-122.62055,45.36837],[-122.60349,45.42658],[-122.63419,45.50167],[-122.73243,45.60264],[-122.74532,45.64918],[-122.72591,45.67375]]}},{"type":"Feature","properties":{"kind":"river","name":"Winnipeg"},"geometry":{"type":"MultiLineString","coordinates":[[[-94.6145,49.99266],[-94.65114,50.02387],[-94.63921,50.10087],[-94.66804,50.13456],[-94.8087,50.1496],[-94.93133,50.13095],[-94.99939,50.14102],[-95.01288,50.17994],[-95.17881,50.26081],[-95.20664,50.3398],[-95.2757,50.36556],[-95.39753,50.36897],[-95.50556,50.32318],[-95.59982,50.2282],[-95.7257,50.16986],[-95.88311,50.14815],[-95.98664,50.14769],[-96.0363,50.16846],[-96.05235,50.20492],[-96.02594,50.28313]],[[-95.98871,50.40354],[-96.00455,50.45067],[-96.2953,50.62451]]]}},{"type":"Feature","properties":{"kind":"river","name":"Yadkin"},"geometry":{"type":"LineString","coordinates":[[-81.57636,36.07366],[-81.52238,36.04705],[-81.46549,36.05511],[-81.34891,36.10586],[-80.89916,36.22549],[-80.67411,36.25867],[-80.46376,36.23231]]}},{"type":"Feature","properties":{"kind":"river","name":null},"geometry":{"type":"LineString","coordinates":[[-72.99133,46.17744],[-73.07856,46.16013],[-73.1463,46.12354],[-73.17718,46.07062],[-73.16395,46.04417]]}}]}