{"type":"FeatureCollection","features":[{"type":"Feature","properties":{"kind":"physical-region","name":"カナダ楯状地","source":"Natural Earth 5.1.2","classification":"Tundra","area":32.644},"geometry":{"type":"MultiPolygon","coordinates":[[[[-83.83843,45.86024],[-84.53216,45.85212],[-84.781,45.86359],[-84.8592,45.8905],[-85.05932,45.95936],[-85.44719,46.0453],[-85.88518,45.77418],[-86.10442,45.50959],[-86.24132,45.23524],[-86.56414,45.36756],[-86.90313,45.41242],[-87.10387,45.43104],[-87.4002,45.19294],[-87.47201,45.13941],[-87.68761,44.9787],[-87.70597,44.9048],[-87.76732,44.65784],[-87.83253,44.64756],[-88.0244,44.61732],[-88.32695,44.58356],[-89.87475,44.90107],[-91.41515,45.04386],[-91.87237,45.08625],[-91.99444,45.11084],[-92.7636,45.26582],[-93.59746,45.30085],[-93.89458,45.37606],[-94.01146,45.40565],[-94.06375,45.48239],[-94.19671,45.67756],[-94.30994,45.78458],[-94.32689,45.8006],[-94.33001,45.81743],[-94.37975,46.08572],[-94.38854,46.13312],[-94.38673,46.33699],[-94.38585,46.43561],[-94.41632,46.75303],[-94.43157,46.91187],[-94.42229,47.12851],[-94.41661,47.26105],[-94.30004,47.46986],[-94.19112,47.67633],[-94.19077,47.677],[-94.14776,47.75855],[-94.04192,47.99665],[-93.72442,48.28766],[-93.80321,48.53193],[-94.13128,48.64301],[-94.29474,48.66947],[-94.52013,48.70594],[-94.54422,48.72834],[-94.41416,48.7041],[-94.05518,48.65903],[-93.85161,48.60728],[-93.80356,48.54893],[-93.70771,48.52544],[-93.56426,48.53691],[-93.46362,48.56128],[-93.37788,48.61655],[-93.25796,48.62886],[-93.15523,48.62534],[-93.05171,48.61987],[-92.99624,48.61182],[-92.83672,48.56777],[-92.73267,48.53184],[-92.58325,48.46509],[-92.50059,48.43535],[-92.46089,48.36587],[-92.4146,48.27661],[-92.34844,48.27661],[-92.29868,48.32891],[-92.17178,48.33838],[-92.00518,48.30186],[-91.8584,48.19756],[-91.64731,48.10459],[-91.51831,48.0583],[-91.38721,48.05855],[-91.22065,48.10459],[-91.04346,48.1937],[-90.91606,48.20913],[-90.84033,48.20054],[-90.79731,48.13106],[-90.74438,48.10459],[-90.60708,48.1126],[-90.32012,48.09917],[-90.0918,48.11812],[-90.03994,48.07817],[-89.99365,48.01533],[-89.90103,47.99546],[-89.77539,48.01533],[-89.55059,47.9999],[-89.45566,47.99624],[-89.27319,48.01997],[-89.18564,48.04741],[-89.0626,48.0938],[-88.89868,48.15571],[-88.61177,48.26401],[-88.37817,48.30308],[-88.16065,48.22539],[-87.98745,48.15689],[-87.92051,48.13037],[-87.7439,48.06055],[-87.49424,47.96177],[-87.20801,47.84849],[-86.92183,47.73521],[-86.67217,47.63643],[-86.49556,47.5666],[-86.42856,47.54009],[-86.23447,47.46006],[-86.04038,47.38003],[-85.84634,47.3],[-85.65225,47.21997],[-85.4582,47.13994],[-85.26411,47.05996],[-85.07007,46.97993],[-84.87598,46.8999],[-84.82705,46.76685],[-84.77939,46.6373],[-84.66577,46.54326],[-84.56177,46.45737],[-84.50156,46.46187],[-84.44048,46.49815],[-84.40171,46.51562],[-84.33672,46.51851],[-84.19219,46.54956],[-84.14946,46.54277],[-84.1252,46.52725],[-84.12319,46.50293],[-84.12812,46.48359],[-84.15049,46.44477],[-84.11519,46.3708],[-84.10776,46.28862],[-84.08838,46.22651],[-84.0292,46.14702],[-83.97778,46.08491],[-83.91304,46.0729],[-83.76443,46.10878],[-83.83843,45.86024]]],[[[-73.29741,44.88471],[-73.33941,44.74079],[-73.36663,44.5738],[-73.32958,44.52088],[-73.29381,44.40498],[-73.37212,44.20405],[-73.42516,44.03846],[-73.3947,43.85981],[-73.3518,43.77888],[-73.42485,43.63715],[-73.39837,43.57368],[-73.4309,43.41053],[-73.52788,43.26942],[-73.58428,43.08686],[-73.67369,42.92976],[-73.70537,42.79511],[-73.88823,42.84132],[-74.03441,42.88398],[-74.14238,42.93281],[-74.22533,42.96857],[-74.37127,42.956],[-74.50646,42.91553],[-74.6054,42.92976],[-74.64977,42.99433],[-74.85473,43.06214],[-75.00329,43.03712],[-75.29064,43.13526],[-75.44176,43.24457],[-75.73204,43.22248],[-76.11126,43.25367],[-76.30144,43.23249],[-76.35064,43.26179],[-76.51714,43.47785],[-76.80176,43.65182],[-76.69648,43.78481],[-76.58613,43.92432],[-76.4646,44.05762],[-76.24854,44.21411],[-76.18579,44.24224],[-76.15117,44.30396],[-76.02021,44.3626],[-75.87593,44.41699],[-75.81934,44.46802],[-75.79194,44.49707],[-75.40127,44.77227],[-75.17939,44.89937],[-74.99614,44.97012],[-74.85664,45.00391],[-74.76245,44.99907],[-74.70889,45.00386],[-74.66323,45.00391],[-74.43037,45.0042],[-74.01426,45.00469],[-73.59815,45.00518],[-73.31643,45.00547],[-73.29741,44.88471]]]]}},{"type":"Feature","properties":{"kind":"physical-region","name":"ロッキー山脈","source":"Natural Earth 5.1.2","classification":"Range/mtn","area":88.8055},"geometry":{"type":"Polygon","coordinates":[[[-112.23204,47.50715],[-111.2174,47.44501],[-110.10216,47.12354],[-109.62157,46.12244],[-107.77379,45.77418],[-106.66259,44.76874],[-106.10692,43.84272],[-105.10149,42.70502],[-104.88982,41.59376],[-104.46654,40.58832],[-104.46654,39.50355],[-104.35595,38.3874],[-104.35595,38.38734],[-104.12255,37.36042],[-104.12255,36.43439],[-104.5988,35.77289],[-105.15441,35.43421],[-106.00109,35.27021],[-106.59288,35.29914],[-106.6778,35.40183],[-107.00652,35.79938],[-107.01641,36.23261],[-107.01749,36.25871],[-107.04827,37.00153],[-107.38067,37.02643],[-107.40745,37.02938],[-108.1549,37.11164],[-108.44042,37.39722],[-108.42017,37.4738],[-108.30297,37.917],[-107.58861,38.36579],[-107.57491,38.46168],[-107.50921,38.92145],[-108.2365,38.88141],[-108.96441,39.26539],[-110.29949,39.0152],[-110.97527,38.38129],[-111.79546,37.73084],[-112.7744,37.36042],[-113.19253,37.58047],[-113.26775,37.62006],[-113.27715,37.62501],[-112.90673,37.94251],[-112.51982,38.52285],[-112.43047,38.65687],[-111.84276,39.26579],[-111.68993,39.42414],[-111.63671,40.53541],[-111.82195,40.83553],[-111.82334,40.83778],[-112.02062,41.15742],[-112.15038,41.47553],[-112.50967,41.92311],[-112.52392,41.94086],[-112.57881,41.9746],[-113.25066,42.38752],[-113.59245,42.51851],[-113.67819,42.55137],[-115.25267,43.15479],[-115.73241,43.55695],[-116.26696,43.81623],[-116.34319,44.42632],[-116.3463,44.45124],[-116.3154,44.61199],[-116.21404,45.13917],[-116.22631,45.22351],[-116.25838,45.44402],[-116.29265,45.67969],[-116.63732,46.19745],[-117.03905,46.75312],[-117.22222,47.5232],[-117.14284,47.59222],[-116.91065,47.7941],[-116.66948,48.00379],[-116.5184,48.28599],[-116.50813,48.30516],[-116.27666,48.73749],[-116.47199,48.99307],[-116.29063,48.99307],[-115.86426,48.99307],[-115.43789,48.99307],[-115.01152,48.99307],[-114.58511,48.99307],[-114.15874,48.99307],[-113.73237,48.99307],[-113.30596,48.99307],[-113.18542,48.99307],[-112.23204,47.50715]]]}},{"type":"Feature","properties":{"kind":"physical-region","name":"グレートプレーンズ","source":"Natural Earth 5.1.2","classification":"Plain","area":166.0037},"geometry":{"type":"Polygon","coordinates":[[[-97.87841,48.1554],[-97.52392,46.21345],[-97.42858,45.35084],[-97.40215,43.86915],[-97.40215,42.41395],[-96.76714,40.82648],[-96.39672,38.84211],[-96.87297,37.57209],[-97.3048,36.44288],[-97.25414,34.95954],[-96.6765,34.3819],[-95.86754,34.18543],[-95.62945,34.10602],[-95.56121,33.25935],[-95.71575,32.02277],[-96.77422,31.16463],[-96.81835,31.12885],[-97.30523,30.28492],[-97.95788,29.47358],[-99.09282,28.91633],[-100.20359,28.23134],[-100.22129,28.24263],[-100.29605,28.32769],[-100.33628,28.42813],[-100.34815,28.48643],[-100.33174,28.50254],[-100.39893,28.61421],[-100.54971,28.82134],[-100.63633,28.9728],[-100.65864,29.06855],[-100.75459,29.18252],[-100.92412,29.3147],[-101.01631,29.40068],[-101.03862,29.4603],[-101.03897,29.4604],[-101.30352,29.63408],[-101.38037,29.74258],[-101.44038,29.77686],[-101.50928,29.77314],[-101.54463,29.78355],[-101.54639,29.80806],[-101.5687,29.80923],[-101.61162,29.78696],[-101.75234,29.78247],[-101.84098,29.78739],[-101.85097,29.79979],[-102.07067,30.07246],[-102.37633,31.03687],[-103.09514,31.37324],[-103.11681,31.39927],[-103.31924,31.64245],[-103.3401,31.66751],[-104.0786,32.55469],[-104.25487,33.36518],[-104.11957,33.62289],[-103.69921,34.42353],[-103.60899,35.3482],[-103.59337,35.50831],[-104.12255,36.43439],[-104.12255,37.36042],[-104.35595,38.3874],[-104.38714,38.5246],[-104.46654,39.50355],[-104.46654,40.58832],[-104.88982,41.59376],[-105.10149,42.70502],[-106.10692,43.84272],[-106.66259,44.76874],[-107.77379,45.77418],[-108.49285,45.917],[-109.62157,46.12244],[-110.10216,47.12354],[-111.02807,47.63428],[-111.9013,47.8379],[-112.58922,48.84333],[-112.70515,48.99307],[-112.45322,48.99307],[-112.02681,48.99307],[-111.60044,48.99307],[-111.17407,48.99307],[-110.74766,48.99307],[-110.32129,48.99307],[-109.89492,48.99307],[-109.46855,48.99307],[-109.04214,48.99312],[-108.61577,48.99312],[-108.1894,48.99312],[-107.76299,48.99312],[-107.33662,48.99312],[-106.91025,48.99312],[-106.48384,48.99312],[-106.05747,48.99312],[-105.6311,48.99312],[-105.20469,48.99312],[-104.77832,48.99312],[-104.35195,48.99312],[-103.92559,48.99312],[-103.49917,48.99312],[-103.0728,48.99312],[-102.64644,48.99312],[-102.22002,48.99312],[-101.79365,48.99312],[-101.36728,48.99312],[-100.94087,48.99312],[-100.5145,48.99312],[-100.08813,48.99312],[-99.66172,48.99312],[-99.23535,48.99312],[-98.97002,48.99315],[-97.87841,48.1554]]]}},{"type":"Feature","properties":{"kind":"physical-region","name":"グレートベースン","source":"Natural Earth 5.1.2","classification":"Basin","area":57.4482},"geometry":{"type":"Polygon","coordinates":[[[-119.6007,43.63105],[-119.13683,43.63105],[-118.96569,43.63105],[-118.56878,43.57813],[-117.38867,43.08913],[-117.11321,42.97498],[-115.75786,42.4333],[-115.56349,42.28282],[-115.46056,42.20313],[-115.07988,42.14997],[-114.68151,42.31818],[-114.4666,42.35602],[-114.26067,42.39374],[-114.04876,42.41974],[-113.77849,42.4333],[-113.59245,42.51851],[-113.44988,42.58381],[-113.24737,42.63373],[-112.89495,42.75922],[-112.81877,42.66798],[-112.69506,42.51978],[-112.61571,42.00208],[-112.57881,41.9746],[-112.50967,41.92311],[-112.10369,41.6208],[-111.9768,41.30659],[-111.82195,40.85291],[-111.82334,40.83778],[-111.89452,40.06196],[-112.19237,39.55646],[-112.27172,39.08021],[-112.49663,38.85529],[-112.51982,38.52285],[-112.5363,38.28644],[-112.82732,37.917],[-113.17132,37.67792],[-113.26775,37.62006],[-113.70049,37.36042],[-113.88518,37.00153],[-114.33745,36.5907],[-114.43065,36.31177],[-114.62603,36.14429],[-114.7979,36.04694],[-114.68688,35.72053],[-114.60088,35.37775],[-114.63451,35.11536],[-114.56884,34.84418],[-114.40795,34.58063],[-114.38646,34.55931],[-114.19738,34.37165],[-114.101,34.31019],[-114.38237,34.12482],[-114.44451,34.01411],[-114.51055,33.80524],[-114.83818,34.00019],[-115.31453,34.19668],[-115.42028,34.2403],[-115.80797,34.47199],[-116.31981,34.47199],[-116.92839,34.47645],[-117.51049,34.55585],[-118.09258,34.71455],[-118.59526,34.8733],[-118.19841,35.11146],[-117.93383,35.48188],[-117.88091,35.93165],[-118.1455,36.83124],[-118.48943,37.33393],[-118.88628,38.02186],[-119.51555,38.67371],[-119.93755,39.09357],[-120.18279,39.50355],[-120.4738,39.92689],[-120.7119,40.27082],[-120.95006,40.58832],[-121.10833,40.80036],[-121.27819,41.04487],[-121.34545,41.25068],[-121.34484,41.51526],[-121.34435,41.75336],[-121.42797,42.00318],[-121.66088,42.17744],[-121.76568,42.62751],[-121.69854,43.15345],[-121.58361,43.6543],[-121.45537,44.24299],[-121.11767,44.22614],[-120.9569,44.07422],[-120.74242,43.98487],[-120.33179,43.78316],[-120.12987,43.68397],[-119.6007,43.63105]]]}},{"type":"Feature","properties":{"kind":"physical-region","name":"アパラチア山脈","source":"Natural Earth 5.1.2","classification":"Range/mtn","area":78.315},"geometry":{"type":"Polygon","coordinates":[[[-67.95403,46.03876],[-68.64196,45.95936],[-69.27691,45.32435],[-69.44738,44.93915],[-69.96483,44.45124],[-70.40288,43.90559],[-70.75859,43.57813],[-71.15545,43.18122],[-71.41875,42.72309],[-71.60528,42.20228],[-72.50487,41.63087],[-73.11339,41.3556],[-73.86406,41.08662],[-73.87408,41.07894],[-73.88223,41.17061],[-73.92534,41.21807],[-73.96992,41.24971],[-73.91768,41.13579],[-73.91246,41.04957],[-74.29216,40.75892],[-75.04485,40.47223],[-75.32866,40.20136],[-76.18865,40.08466],[-76.76464,39.70423],[-77.32311,39.22553],[-77.88512,38.47736],[-78.57293,37.68317],[-79.23778,36.93861],[-80.32805,35.98127],[-82.64159,34.59846],[-83.89147,33.88044],[-84.90197,33.50818],[-85.88591,33.00288],[-86.55999,32.91486],[-86.56145,32.94628],[-86.56145,32.94629],[-86.74822,32.78315],[-86.88054,32.65082],[-87.30388,32.61555],[-87.70958,32.62],[-87.92345,32.6352],[-88.01586,32.60584],[-88.17498,32.87012],[-88.19085,33.02735],[-88.29601,33.25397],[-88.42736,33.43201],[-88.48345,33.71375],[-88.54113,33.96998],[-88.40685,34.10981],[-88.42199,34.29786],[-88.3637,34.46796],[-88.26738,34.67109],[-88.2387,35.04969],[-88.25847,35.25928],[-88.09765,35.42011],[-88.02178,35.60572],[-87.98925,35.78193],[-87.99541,36.06934],[-87.99022,36.30298],[-88.06408,36.4881],[-88.09917,36.69636],[-88.23998,36.95417],[-88.52208,37.05976],[-88.48891,37.12599],[-88.45189,37.1999],[-88.50811,37.34382],[-88.3828,37.41877],[-88.14104,37.46723],[-88.15679,37.62202],[-88.13262,37.70051],[-87.94609,37.78968],[-87.77758,37.88148],[-87.62774,37.83234],[-87.54918,37.9145],[-87.44786,37.94349],[-87.25561,37.87922],[-87.08696,37.80659],[-87.01977,37.92023],[-86.81908,37.99634],[-86.70751,37.89973],[-86.59588,37.90552],[-86.52373,38.02027],[-86.40008,38.10749],[-86.34118,38.15559],[-86.25969,38.06013],[-86.2199,38.04328],[-86.04027,37.96992],[-85.92498,38.03889],[-85.89159,38.20319],[-85.75853,38.27088],[-85.6328,38.38795],[-85.59026,38.4621],[-85.42913,38.53974],[-85.45287,38.70545],[-85.32109,38.74439],[-85.18517,38.68867],[-85.03484,38.75837],[-84.82006,38.82929],[-84.83318,38.95808],[-84.84307,39.08918],[-84.67498,39.1023],[-84.36437,39.04804],[-84.2318,38.88636],[-84.08422,38.77888],[-83.8601,38.75837],[-83.65099,38.63715],[-83.49169,38.70014],[-83.34679,38.64191],[-83.15184,38.62006],[-83.03124,38.71699],[-82.89849,38.75275],[-82.82818,38.58375],[-82.6906,38.53608],[-82.5689,38.40382],[-82.42473,38.43415],[-82.299,38.52021],[-82.21538,38.59309],[-82.16149,38.83253],[-82.01323,39.01765],[-81.90441,38.93744],[-81.84874,38.91456],[-81.81286,39.08124],[-81.66253,39.27668],[-81.54229,39.34571],[-81.42077,39.40742],[-81.2473,39.39283],[-81.12603,39.45478],[-80.88085,39.62092],[-80.83184,39.82166],[-80.75823,39.97193],[-80.69463,40.15864],[-80.60039,40.3194],[-80.64855,40.62043],[-80.45421,40.63727],[-80.28582,40.70045],[-80.20183,40.54743],[-80.08104,40.49732],[-79.98473,40.45783],[-79.81395,40.54584],[-79.69176,40.67023],[-79.53173,40.79261],[-79.49816,40.92188],[-79.58916,40.98243],[-79.68316,41.154],[-79.79613,41.25812],[-79.82409,41.32593],[-79.76513,41.41413],[-79.96203,41.61103],[-80.11162,41.80543],[-80.13805,41.99061],[-80.14971,42.14252],[-80.19133,42.3545],[-80.0924,42.39899],[-79.77489,42.5207],[-79.47026,42.63532],[-79.08837,42.77766],[-79.07517,42.78724],[-79.03672,42.80234],[-78.93926,42.86372],[-78.91994,42.90002],[-78.91765,42.90168],[-78.91854,42.90265],[-78.91509,42.90913],[-78.92085,42.93521],[-78.946,42.96133],[-78.98076,42.98062],[-78.99683,42.98914],[-79.02318,43.01826],[-79.02648,43.02213],[-79.02905,43.06177],[-79.048,43.08731],[-79.06606,43.1061],[-79.05923,43.27808],[-79.08306,43.3314],[-79.17188,43.46655],[-79.02246,43.52],[-78.69939,43.62548],[-78.45825,43.63149],[-78.21479,43.63066],[-77.87925,43.62954],[-77.59653,43.62861],[-77.2667,43.62749],[-77.07334,43.62685],[-76.81997,43.62881],[-76.8175,43.63193],[-76.80626,43.6319],[-76.51714,43.47785],[-76.35064,43.26179],[-76.30144,43.23249],[-76.19188,43.2447],[-76.11126,43.25367],[-75.73204,43.22248],[-75.44176,43.24457],[-75.29064,43.13526],[-75.00329,43.03712],[-74.85473,43.06214],[-74.64977,42.99433],[-74.6054,42.92976],[-74.50646,42.91553],[-74.37127,42.956],[-74.22533,42.96857],[-74.14238,42.93281],[-74.03441,42.88398],[-73.88823,42.84132],[-73.70537,42.79511],[-73.67369,42.92976],[-73.58428,43.08686],[-73.52788,43.26942],[-73.4309,43.41053],[-73.39837,43.57368],[-73.42485,43.63715],[-73.3518,43.77888],[-73.3947,43.85981],[-73.42516,44.03846],[-73.37212,44.20405],[-73.29381,44.40498],[-73.32958,44.52088],[-73.36663,44.5738],[-73.33941,44.74079],[-73.29741,44.88471],[-73.31644,45.00547],[-73.18203,45.00561],[-72.76592,45.0061],[-72.34976,45.00659],[-71.93364,45.00708],[-71.51753,45.00757],[-71.41904,45.20034],[-71.3273,45.29009],[-71.20161,45.26035],[-71.13467,45.26284],[-71.06025,45.30913],[-70.9999,45.33726],[-70.96016,45.33311],[-70.92622,45.29072],[-70.898,45.26245],[-70.86504,45.2707],[-70.83682,45.31069],[-70.83779,45.36616],[-70.79917,45.40478],[-70.75332,45.41069],[-70.71094,45.40947],[-70.6898,45.42832],[-70.69214,45.45537],[-70.70742,45.49893],[-70.70225,45.55137],[-70.59639,45.64399],[-70.4666,45.70684],[-70.42109,45.73823],[-70.40786,45.8019],[-70.33345,45.86807],[-70.29624,45.9061],[-70.28716,45.93916],[-70.30644,45.97983],[-70.30449,46.05737],[-70.27891,46.15],[-70.24829,46.25088],[-70.17969,46.34185],[-70.06719,46.44106],[-70.03823,46.57144],[-70.00772,46.70894],[-69.87173,46.84292],[-69.71753,46.99487],[-69.62978,47.08135],[-69.47148,47.23867],[-69.35889,47.35063],[-69.30215,47.402],[-69.24287,47.46299],[-69.14629,47.44477],[-69.0502,47.42661],[-69.06426,47.33814],[-69.04858,47.27363],[-69.00312,47.23643],[-68.93721,47.21123],[-68.8874,47.20283],[-68.82871,47.20332],[-68.66855,47.25347],[-68.48037,47.28579],[-68.3769,47.31616],[-68.35801,47.34453],[-68.31089,47.35449],[-68.2355,47.34595],[-68.09678,47.27485],[-67.93486,47.16763],[-67.80679,47.08281],[-67.80283,46.93574],[-67.80034,46.77988],[-67.7977,46.61563],[-67.7958,46.49839],[-67.79253,46.3374],[-67.78994,46.20933],[-67.78719,46.07652],[-67.95403,46.03876]]]}},{"type":"Feature","properties":{"kind":"physical-region","name":"カスケード山脈","source":"Natural Earth 5.1.2","classification":"Range/mtn","area":12.9525},"geometry":{"type":"Polygon","coordinates":[[[-119.68468,48.47291],[-119.71527,48.33693],[-119.76958,48.09553],[-119.77867,48.08005],[-119.86126,47.93946],[-119.97112,47.8379],[-119.98409,47.83419],[-120.1563,47.78498],[-120.21712,47.59704],[-120.21721,47.59675],[-120.36815,47.33533],[-120.60607,47.04413],[-120.7119,46.6208],[-120.87066,46.19745],[-121.08233,45.58893],[-121.31597,44.98066],[-121.43423,44.38862],[-121.46355,44.24183],[-121.5905,43.65284],[-121.70427,43.15174],[-121.77025,42.62562],[-121.66442,42.17585],[-121.43114,42.00208],[-121.34691,41.75251],[-121.34691,41.51435],[-121.34691,41.24976],[-121.27922,41.04413],[-121.10882,40.79999],[-120.95006,40.58832],[-121.08233,40.40314],[-121.294,40.35016],[-121.55858,40.27082],[-121.77025,40.11207],[-121.95549,40.42957],[-122.08776,40.69416],[-122.32146,41.24531],[-122.40526,41.80543],[-122.48461,42.30811],[-122.48461,42.76771],[-122.59044,43.26063],[-122.72277,43.57813],[-122.97423,44.03718],[-123.03899,44.18018],[-122.8286,44.55707],[-122.69628,44.87458],[-122.45818,45.19208],[-122.45818,45.52033],[-122.55474,45.62324],[-122.64064,45.72499],[-122.77568,45.88495],[-122.80211,46.22394],[-122.77568,46.64728],[-122.75802,46.66216],[-122.27294,47.07062],[-122.14068,47.38813],[-122.03484,47.86439],[-122.19365,48.26124],[-122.44451,48.60444],[-122.51285,48.66344],[-122.51274,48.66943],[-122.54512,48.7623],[-122.56201,48.77798],[-122.58018,48.77959],[-122.59941,48.76709],[-122.63073,48.76521],[-122.71087,48.83439],[-122.72246,48.85303],[-122.78877,48.99302],[-122.68638,48.99302],[-122.26001,48.99302],[-121.83359,48.99302],[-121.40723,48.99302],[-120.98086,48.99302],[-120.55449,48.99302],[-120.12808,48.99302],[-119.70171,48.99302],[-119.68008,48.99302],[-119.68468,48.47291]]]}},{"type":"Feature","properties":{"kind":"physical-region","name":"大西洋海岸平野","source":"Natural Earth 5.1.2","classification":"Plain","area":53.4112},"geometry":{"type":"MultiPolygon","coordinates":[[[[-74.92344,38.94111],[-74.9543,38.94995],[-74.92031,39.04717],[-74.89702,39.14546],[-74.97529,39.18823],[-75.0502,39.21084],[-75.13613,39.20786],[-75.23105,39.28428],[-75.35342,39.33984],[-75.52422,39.49019],[-75.51924,39.53189],[-75.52353,39.60186],[-75.47163,39.7124],[-75.42188,39.7897],[-75.35317,39.82974],[-75.15381,39.87051],[-75.10381,39.93184],[-75.07417,39.9835],[-75.17295,39.89478],[-75.3209,39.8647],[-75.40063,39.83159],[-75.4644,39.78096],[-75.50215,39.71738],[-75.5876,39.64077],[-75.58159,39.58945],[-75.56728,39.55298],[-75.57388,39.47695],[-75.51982,39.40283],[-75.41265,39.2814],[-75.39219,39.09277],[-75.3104,38.96655],[-75.18506,38.81938],[-75.08867,38.77754],[-75.08398,38.7228],[-75.12847,38.63242],[-75.18711,38.59111],[-75.11084,38.59936],[-75.07285,38.57871],[-75.03589,38.50332],[-75.03877,38.42637],[-75.05127,38.38301],[-75.07437,38.36572],[-75.07339,38.41001],[-75.08975,38.42539],[-75.11675,38.4062],[-75.13423,38.38433],[-75.1415,38.29814],[-75.16001,38.25508],[-75.22544,38.24229],[-75.2918,38.1292],[-75.35352,38.06504],[-75.59639,37.6312],[-75.59056,37.58567],[-75.60631,37.56379],[-75.62085,37.54097],[-75.63154,37.53535],[-75.69883,37.51636],[-75.7669,37.473],[-75.81206,37.4252],[-75.854,37.29663],[-75.93438,37.1519],[-75.98452,37.21221],[-75.99736,37.26382],[-75.97505,37.39844],[-75.88814,37.61914],[-75.79238,37.75635],[-75.71934,37.82139],[-75.65928,37.95396],[-75.73516,37.97373],[-75.85083,37.97158],[-75.82905,38.03276],[-75.79531,38.08667],[-75.85562,38.14038],[-75.89131,38.14722],[-75.92808,38.16924],[-75.88496,38.21397],[-75.86392,38.26123],[-75.87676,38.31875],[-75.85869,38.36206],[-75.88882,38.35552],[-75.93726,38.30967],[-75.96738,38.29136],[-75.98574,38.33193],[-76.00669,38.32275],[-76.02031,38.29487],[-76.05122,38.27954],[-76.1165,38.31768],[-76.21167,38.36133],[-76.26465,38.43643],[-76.29487,38.49463],[-76.26416,38.59995],[-76.19839,38.61865],[-76.11294,38.60156],[-76.00093,38.60171],[-76.01694,38.6251],[-76.05693,38.62124],[-76.175,38.70669],[-76.21299,38.7583],[-76.27832,38.77246],[-76.3081,38.72285],[-76.34116,38.70967],[-76.30034,38.81821],[-76.24697,38.82266],[-76.16816,38.85273],[-76.19106,38.91558],[-76.24082,38.94307],[-76.33066,38.90859],[-76.32959,38.95278],[-76.31274,39.00937],[-76.24502,39.00918],[-76.18569,38.99072],[-76.1352,39.08213],[-76.13296,39.12295],[-76.21685,39.06362],[-76.23569,39.1916],[-76.15313,39.31504],[-76.07437,39.36885],[-75.97598,39.36729],[-75.87598,39.37598],[-75.93872,39.39858],[-76.00312,39.41084],[-75.95474,39.45962],[-75.91348,39.46836],[-75.87295,39.51089],[-75.97041,39.50459],[-75.95894,39.58506],[-76.0063,39.5687],[-76.06073,39.56144],[-75.32897,39.95789],[-74.85686,40.22986],[-74.53081,40.44111],[-74.24022,40.39667],[-74.08597,40.43481],[-74.04985,40.42983],[-73.99844,40.45215],[-73.97227,40.40034],[-73.95762,40.32837],[-73.97197,40.25054],[-74.004,40.17134],[-74.02832,40.073],[-74.04893,39.92305],[-74.07993,39.78813],[-74.08398,39.8291],[-74.0646,39.99312],[-74.096,39.97598],[-74.11763,39.93814],[-74.17612,39.72661],[-74.25654,39.61387],[-74.33061,39.53589],[-74.40703,39.54878],[-74.38984,39.48682],[-74.41084,39.45454],[-74.42881,39.38721],[-74.47437,39.34258],[-74.51719,39.34687],[-74.57871,39.31611],[-74.60298,39.29258],[-74.60479,39.24751],[-74.64595,39.20786],[-74.79193,39.00545],[-74.79924,38.99966],[-74.92344,38.94111]]],[[[-75.1374,38.24009],[-75.0979,38.2981],[-75.11453,38.24707],[-75.18651,38.14706],[-75.1374,38.24009]]],[[[-75.46475,35.44863],[-75.50933,35.28032],[-75.53601,35.24948],[-75.56209,35.23644],[-75.67827,35.21284],[-75.69009,35.22158],[-75.53638,35.27861],[-75.48789,35.47949],[-75.48125,35.57212],[-75.5043,35.7354],[-75.50359,35.76577],[-75.47574,35.69734],[-75.45645,35.56416],[-75.46475,35.44863]]],[[[-76.2562,34.9147],[-76.20737,34.93892],[-76.35771,34.80366],[-76.47489,34.67465],[-76.52504,34.6363],[-76.43701,34.75635],[-76.2562,34.9147]]],[[[-77.95327,34.16899],[-77.97056,33.99341],[-78.01333,33.91182],[-78.40586,33.91758],[-78.57769,33.87324],[-78.7738,33.76234],[-78.7755,33.76209],[-78.77761,33.76018],[-78.84145,33.72407],[-78.92031,33.65869],[-79.03066,33.53066],[-79.13256,33.43824],[-79.22858,33.35745],[-79.22734,33.36318],[-79.22647,33.40488],[-79.28135,33.31543],[-79.28064,33.31365],[-79.38516,33.22571],[-79.72002,32.94398],[-80.48076,32.55512],[-80.50776,32.52653],[-80.57222,32.53369],[-80.63418,32.51172],[-80.54961,32.48222],[-80.64326,32.38306],[-80.64722,32.39595],[-80.67778,32.3811],[-80.68306,32.34863],[-80.70933,32.33706],[-80.80254,32.44805],[-80.7979,32.36338],[-80.76533,32.29834],[-80.74419,32.27618],[-80.78868,32.22908],[-80.80195,32.21503],[-80.98363,32.02265],[-81.07341,31.89357],[-81.08286,31.89409],[-81.11328,31.87861],[-81.10137,31.85336],[-81.26287,31.62116],[-81.35312,31.43165],[-81.51366,31.09455],[-81.54143,30.70795],[-81.53425,30.69394],[-81.44096,30.51189],[-81.42716,30.48497],[-81.38574,30.26997],[-81.38481,30.26751],[-81.38353,30.26008],[-81.25597,29.79066],[-81.03673,29.2956],[-80.96606,29.18134],[-80.9,29.04985],[-80.73594,28.80869],[-80.58452,28.55091],[-80.59508,28.24396],[-80.52172,27.9914],[-80.49978,27.93495],[-80.61001,28.17759],[-80.62285,28.32036],[-80.60693,28.5229],[-80.63286,28.51802],[-80.65391,28.4522],[-80.66548,28.3749],[-80.69351,28.34497],[-80.73174,28.46289],[-80.72905,28.51621],[-80.68848,28.57852],[-80.70024,28.60093],[-80.76592,28.63281],[-80.77988,28.68296],[-80.771,28.73247],[-80.80869,28.75894],[-80.83818,28.75767],[-80.81841,28.6356],[-80.78721,28.56065],[-80.74863,28.38101],[-80.68638,28.27217],[-80.6501,28.18091],[-80.22612,27.20703],[-80.13361,27.09269],[-80.10286,27.02799],[-80.09737,27.01483],[-80.09382,27.0063],[-80.04933,26.78817],[-80.04382,26.63718],[-80.04376,26.63574],[-80.07527,26.35439],[-80.1106,26.13159],[-80.11505,26.04737],[-80.26953,25.66574],[-80.30083,25.61856],[-80.32374,25.45553],[-80.33482,25.40979],[-80.36694,25.33125],[-80.47204,25.24071],[-80.49701,25.23027],[-80.55762,25.23242],[-80.73617,25.1565],[-80.73713,25.15644],[-80.86221,25.17617],[-80.99555,25.13796],[-81.03272,25.13426],[-81.05396,25.13529],[-81.10886,25.13796],[-81.16468,25.24111],[-81.15869,25.26899],[-81.13604,25.30967],[-81.09766,25.31914],[-80.96538,25.22432],[-80.94043,25.26421],[-80.98037,25.31167],[-81.05684,25.33814],[-81.11333,25.36724],[-81.20087,25.5335],[-81.20171,25.54047],[-81.30846,25.77784],[-81.36105,25.81164],[-81.36494,25.83105],[-81.41396,25.84564],[-81.47466,25.88465],[-81.59588,25.90874],[-81.65374,25.94474],[-81.70199,25.97476],[-81.807,26.26441],[-81.85448,26.40681],[-81.86275,26.41508],[-81.86655,26.43501],[-81.89875,26.45111],[-81.95099,26.50338],[-81.89551,26.59717],[-81.82866,26.68706],[-81.88154,26.6647],[-81.92056,26.63144],[-81.97017,26.55205],[-81.9922,26.54463],[-82.02056,26.573],[-82.05465,26.61193],[-82.07788,26.70435],[-82.06694,26.89155],[-82.01328,26.96157],[-82.0957,26.96343],[-82.1811,26.93677],[-82.1686,26.87437],[-82.18066,26.84009],[-82.24287,26.84888],[-82.29004,26.8708],[-82.35405,26.93574],[-82.43808,27.05501],[-82.64959,27.48682],[-82.66424,27.51938],[-82.63584,27.52456],[-82.52085,27.67827],[-82.43052,27.77114],[-82.40054,27.8354],[-82.40576,27.86289],[-82.4457,27.90283],[-82.49814,27.86792],[-82.52061,27.87788],[-82.57959,27.95845],[-82.63594,27.9812],[-82.6752,27.96377],[-82.63379,27.89775],[-82.59658,27.87324],[-82.61099,27.77725],[-82.62602,27.746],[-82.66089,27.71841],[-82.71533,27.7331],[-82.74287,27.70938],[-82.75338,27.71748],[-82.7564,27.72419],[-82.82763,27.90217],[-82.78014,28.10395],[-82.72082,28.29383],[-82.70789,28.35198],[-82.66065,28.48584],[-82.65663,28.59929],[-82.62584,28.76856],[-82.64416,28.81129],[-82.64404,28.81201],[-82.65147,28.8875],[-82.71432,28.97498],[-82.73265,29.01777],[-82.87505,29.19581],[-82.98155,29.21459],[-83.19868,29.38138],[-83.23113,29.42133],[-83.38536,29.58747],[-83.44469,29.70612],[-83.604,29.81989],[-83.69438,29.92598],[-84.04424,30.10381],[-84.30967,30.06475],[-84.35562,30.029],[-84.37534,29.98228],[-84.36517,29.94997],[-84.43755,29.91999],[-84.46732,29.90846],[-84.55,29.89785],[-84.7437,29.80136],[-84.81485,29.77379],[-84.88892,29.77764],[-84.96919,29.74531],[-85.0293,29.72109],[-85.18604,29.70791],[-85.31894,29.68023],[-85.37637,29.69522],[-85.41382,29.76758],[-85.41382,29.84248],[-85.38345,29.78506],[-85.33643,29.74014],[-85.31489,29.75811],[-85.30684,29.79785],[-85.35361,29.87573],[-85.5043,29.97578],[-85.67578,30.12192],[-85.62349,30.11709],[-85.61025,30.14839],[-85.66343,30.18945],[-85.64097,30.23691],[-85.60352,30.28677],[-85.67588,30.2793],[-85.74082,30.24439],[-85.74297,30.20127],[-85.75581,30.16699],[-85.79077,30.17197],[-85.85566,30.2144],[-86.17515,30.33252],[-86.45444,30.39912],[-86.24009,30.4291],[-86.12383,30.40581],[-86.13769,30.44155],[-86.16567,30.46426],[-86.25737,30.49302],[-86.37417,30.48208],[-86.44795,30.49561],[-86.52339,30.46709],[-86.60605,30.42471],[-86.67964,30.40288],[-86.72547,30.39802],[-86.73943,30.40186],[-86.79599,30.39055],[-86.96763,30.37236],[-87.20117,30.33926],[-87.16372,30.37422],[-87.12378,30.39668],[-86.98579,30.43086],[-86.96514,30.5019],[-86.99756,30.57031],[-87.03389,30.55391],[-87.07202,30.50044],[-87.1188,30.53897],[-87.1706,30.53877],[-87.18467,30.45371],[-87.25107,30.39668],[-87.28105,30.33926],[-87.47578,30.29429],[-87.50073,30.30928],[-87.44375,30.36382],[-87.44829,30.39414],[-87.51328,30.36811],[-87.62227,30.26475],[-88.00596,30.23091],[-87.98501,30.25439],[-87.904,30.25908],[-87.79028,30.2918],[-87.81328,30.34688],[-87.85713,30.40742],[-87.89761,30.41416],[-87.92432,30.44966],[-87.923,30.56152],[-87.94888,30.6269],[-88.01133,30.69419],[-88.03242,30.68125],[-88.07837,30.56621],[-88.11655,30.41533],[-88.13545,30.3666],[-88.24922,30.36318],[-88.3499,30.37349],[-88.69209,30.35537],[-88.81992,30.40649],[-88.87295,30.41631],[-88.90523,30.41514],[-89.05405,30.36826],[-89.22363,30.33237],[-89.26357,30.34365],[-89.32056,30.34531],[-89.44351,30.22314],[-89.58848,30.16597],[-89.95425,30.26875],[-90.04521,30.35142],[-90.12598,30.36909],[-90.22529,30.3793],[-90.33198,30.27759],[-90.41304,30.14033],[-90.28496,30.06509],[-90.17534,30.0291],[-89.99419,30.05928],[-89.89404,30.12588],[-89.81226,30.12368],[-89.77314,30.13721],[-89.73745,30.17197],[-89.66753,30.14453],[-89.66504,30.11704],[-89.7147,30.07832],[-89.77725,30.0457],[-89.81519,30.00727],[-89.7438,29.92983],[-89.63169,29.90381],[-89.5895,29.91504],[-89.56338,30.0021],[-89.49443,30.05815],[-89.40073,30.04604],[-89.41406,30.01089],[-89.40093,29.97769],[-89.35786,29.921],[-89.36279,29.83979],[-89.35444,29.82022],[-89.45542,29.78438],[-89.53066,29.77222],[-89.59087,29.72529],[-89.55933,29.69805],[-89.62065,29.67412],[-89.66211,29.68369],[-89.68296,29.67485],[-89.68921,29.64605],[-89.7209,29.61929],[-89.67481,29.53867],[-89.58032,29.48604],[-89.51367,29.42007],[-89.2457,29.3332],[-89.18076,29.33569],[-89.11685,29.24824],[-89.06533,29.21816],[-89.01572,29.20288],[-89.02139,29.14272],[-89.10952,29.09868],[-89.13335,29.04614],[-89.15552,29.0166],[-89.19526,29.054],[-89.23608,29.0811],[-89.33057,28.99868],[-89.36745,28.98465],[-89.37536,28.98433],[-89.35352,29.07022],[-89.38921,29.10503],[-89.44316,29.19414],[-89.52178,29.24927],[-89.57715,29.26753],[-89.62026,29.30239],[-89.67246,29.3165],[-89.71699,29.31289],[-89.79238,29.3332],[-89.79736,29.38061],[-89.81826,29.41611],[-89.87725,29.45801],[-90.15908,29.53716],[-90.16079,29.50439],[-90.14126,29.47974],[-90.10078,29.46333],[-90.05234,29.4314],[-90.05278,29.33682],[-90.07373,29.29678],[-90.08271,29.23975],[-90.10137,29.18179],[-90.13584,29.13608],[-90.21279,29.10493],[-90.24673,29.13101],[-90.30161,29.25581],[-90.3792,29.29512],[-90.50249,29.29976],[-90.58623,29.27153],[-90.67749,29.15064],[-90.73529,29.13509],[-91.15106,29.31988],[-91.15537,29.35068],[-91.24399,29.45732],[-91.26025,29.50547],[-91.24883,29.56421],[-91.27773,29.56289],[-91.33096,29.51357],[-91.51421,29.55537],[-91.5648,29.60532],[-91.67246,29.74609],[-91.82441,29.75068],[-91.89316,29.83603],[-92.01733,29.80029],[-92.08022,29.76074],[-92.1355,29.69946],[-92.11396,29.66768],[-92.05889,29.61719],[-92.08403,29.59282],[-92.26084,29.55684],[-92.67129,29.59707],[-92.79131,29.63467],[-92.95239,29.71416],[-93.17568,29.77895],[-93.2832,29.7894],[-93.38848,29.77656],[-93.69482,29.76992],[-93.76592,29.75269],[-93.82646,29.72515],[-93.86572,29.75561],[-93.88389,29.81001],[-93.84834,29.81885],[-93.80879,29.85083],[-93.7731,29.91406],[-93.76904,29.95229],[-93.79399,29.97725],[-93.84145,29.97974],[-93.94629,29.81499],[-93.88638,29.72266],[-93.89048,29.68935],[-94.09966,29.67041],[-94.57446,29.48452],[-94.75962,29.38428],[-94.75015,29.41802],[-94.52627,29.54795],[-94.60532,29.56782],[-94.73262,29.53535],[-94.77827,29.54785],[-94.72437,29.65527],[-94.74194,29.75],[-94.83232,29.75259],[-94.88989,29.67695],[-94.92988,29.68018],[-94.98228,29.7126],[-95.02285,29.70234],[-94.99282,29.53096],[-94.93589,29.46045],[-94.88828,29.37056],[-95.01831,29.25947],[-95.13906,29.16782],[-95.15215,29.07925],[-95.27349,28.96387],[-95.38765,28.89844],[-95.65586,28.74463],[-95.73237,28.71172],[-95.85342,28.64033],[-96.02041,28.58682],[-96.18052,28.50185],[-96.23452,28.48897],[-96.13228,28.56089],[-96.01104,28.63193],[-96.11504,28.62222],[-96.27534,28.65513],[-96.37344,28.65703],[-96.37344,28.65703],[-96.37344,28.65703],[-96.37412,28.6311],[-96.44873,28.59448],[-96.52603,28.64829],[-96.55972,28.68447],[-96.57568,28.71572],[-96.6085,28.72329],[-96.64004,28.70879],[-96.52466,28.48872],[-96.47549,28.4792],[-96.42109,28.45732],[-96.48882,28.40605],[-96.56172,28.36714],[-96.67637,28.34131],[-96.77353,28.42163],[-96.79458,28.32085],[-96.80688,28.22021],[-96.8395,28.19439],[-96.8916,28.15757],[-96.91987,28.18535],[-96.9333,28.22427],[-96.96665,28.18955],[-97.01548,28.16348],[-97.09605,28.15825],[-97.15649,28.14434],[-97.15508,28.10264],[-97.14126,28.06074],[-97.03433,28.09385],[-97.0731,27.98608],[-97.17144,27.87959],[-97.25156,27.85444],[-97.37412,27.87002],[-97.40439,27.85933],[-97.43149,27.83721],[-97.28872,27.6706],[-97.38047,27.41934],[-97.43911,27.32827],[-97.47979,27.3166],[-97.52388,27.31396],[-97.68213,27.39492],[-97.76846,27.45752],[-97.69238,27.28716],[-97.48511,27.2374],[-97.47451,27.17295],[-97.47568,27.11787],[-97.5165,27.05322],[-97.55469,26.96733],[-97.52651,26.90752],[-97.4938,26.75962],[-97.46582,26.69175],[-97.43506,26.48584],[-97.40234,26.39653],[-97.21392,26.06787],[-97.16865,26.06606],[-97.14675,25.9614],[-97.28179,25.9416],[-97.33867,25.91118],[-97.34976,25.88477],[-97.35815,25.87051],[-97.37564,25.87183],[-97.44028,25.89082],[-97.58726,25.98418],[-97.80142,26.04204],[-98.08281,26.06445],[-98.27505,26.11118],[-98.37812,26.18237],[-98.48589,26.22456],[-98.59829,26.23784],[-98.69141,26.27647],[-98.76523,26.34043],[-98.87319,26.38125],[-99.01528,26.39898],[-99.07159,26.42817],[-99.11956,26.64625],[-99.22802,26.7554],[-99.22993,26.76191],[-99.30244,26.88472],[-99.33842,26.92346],[-99.34673,26.93745],[-99.4406,27.19855],[-99.40166,27.73914],[-99.30126,28.17524],[-98.84234,28.5583],[-98.08416,29.19117],[-97.23729,29.54047],[-96.28234,29.92762],[-95.07433,30.35047],[-93.45391,30.91627],[-92.74639,31.01697],[-91.92992,31.13319],[-90.15258,31.11622],[-87.5808,31.4441],[-86.24297,31.76447],[-84.46398,32.01582],[-83.54339,32.48408],[-82.65362,32.77302],[-81.60991,33.02235],[-80.91259,33.47736],[-79.49975,34.60975],[-78.182,35.57746],[-77.66631,36.4192],[-77.14281,37.68207],[-77.09602,38.15493],[-76.9251,38.03301],[-76.84917,37.94023],[-76.71543,37.81016],[-76.61982,37.75508],[-76.54946,37.66914],[-76.48408,37.62886],[-76.30557,37.57148],[-76.36763,37.53027],[-76.26856,37.49517],[-76.2544,37.43062],[-76.26348,37.35703],[-76.40098,37.38613],[-76.40547,37.33193],[-76.39316,37.29995],[-76.45391,37.27354],[-76.53838,37.30938],[-76.75772,37.50542],[-76.75586,37.4792],[-76.73809,37.44878],[-76.61089,37.32256],[-76.49736,37.24688],[-76.40112,37.21269],[-76.32695,37.14927],[-76.30078,37.11089],[-76.2833,37.05269],[-76.33828,37.01313],[-76.40088,36.99131],[-76.46201,37.03076],[-76.50684,37.07231],[-76.60229,37.14287],[-76.63091,37.22173],[-76.70352,37.21768],[-77.00698,37.31768],[-77.25088,37.3292],[-77.22705,37.30908],[-77.19619,37.2957],[-77.00195,37.27105],[-76.9252,37.225],[-76.76543,37.18413],[-76.67188,37.17295],[-76.63394,37.04741],[-76.50464,36.96104],[-76.48784,36.89702],[-76.39956,36.88984],[-76.24424,36.95264],[-76.14399,36.93062],[-75.99941,36.91265],[-75.96636,36.86196],[-75.94155,36.76553],[-75.89043,36.65703],[-75.75786,36.22925],[-75.55869,35.87935],[-75.53418,35.81909],[-75.58047,35.87197],[-75.72822,36.10371],[-75.80977,36.27105],[-75.89356,36.5665],[-75.91787,36.63267],[-75.94648,36.65908],[-75.96533,36.6376],[-75.97344,36.59995],[-75.95977,36.57104],[-75.99277,36.47378],[-75.97847,36.42915],[-75.92485,36.38301],[-75.8666,36.26787],[-75.82007,36.11284],[-75.88301,36.17568],[-75.95019,36.20898],[-76.05474,36.23452],[-76.14785,36.2793],[-76.14106,36.21509],[-76.15,36.14575],[-76.22178,36.16689],[-76.27061,36.18989],[-76.22739,36.11602],[-76.32119,36.13818],[-76.38369,36.13354],[-76.42432,36.06797],[-76.47881,36.02817],[-76.55938,36.01533],[-76.67891,36.07529],[-76.71763,36.1481],[-76.73364,36.22915],[-76.74004,36.1333],[-76.71875,36.0335],[-76.72622,35.95762],[-76.61113,35.94365],[-76.50352,35.95605],[-76.3583,35.95288],[-76.26357,35.96709],[-76.20654,35.99121],[-76.06978,35.97031],[-76.06006,35.87866],[-76.07568,35.78755],[-76.08359,35.69053],[-76.0457,35.69116],[-76.00117,35.72217],[-75.97891,35.89595],[-75.85391,35.96016],[-75.81201,35.95576],[-75.77222,35.8999],[-75.75884,35.84326],[-75.74473,35.76548],[-75.77393,35.64697],[-75.96597,35.5084],[-76.10352,35.38027],[-76.17383,35.35415],[-76.27524,35.36904],[-76.39023,35.40127],[-76.44663,35.40776],[-76.4895,35.39702],[-76.51562,35.43648],[-76.53247,35.50845],[-76.5772,35.53232],[-76.61104,35.52969],[-76.63413,35.45322],[-76.74141,35.43149],[-76.88726,35.46309],[-77.03999,35.52739],[-76.97446,35.4584],[-76.59546,35.32969],[-76.55278,35.30562],[-76.51294,35.27041],[-76.56597,35.21519],[-76.60752,35.15298],[-76.61338,35.10415],[-76.62803,35.07334],[-76.77915,34.99033],[-76.86104,35.00498],[-77.07026,35.15464],[-76.97495,35.02519],[-76.89863,34.97026],[-76.74497,34.94097],[-76.45674,34.98936],[-76.36221,34.93652],[-76.4398,34.84292],[-76.5169,34.77725],[-76.61802,34.76992],[-76.70708,34.75215],[-76.7332,34.70698],[-76.79668,34.70415],[-76.8959,34.70146],[-77.04951,34.69736],[-77.13389,34.70791],[-77.25176,34.61563],[-77.29624,34.60293],[-77.3584,34.62026],[-77.38447,34.69438],[-77.41226,34.73081],[-77.41294,34.59214],[-77.40205,34.55479],[-77.37978,34.52661],[-77.51768,34.45137],[-77.64966,34.35752],[-77.69697,34.33198],[-77.75073,34.28496],[-77.86084,34.14917],[-77.8876,34.05173],[-77.93234,33.99581],[-77.92602,34.07314],[-77.95327,34.16899]]],[[[-88.65923,30.22559],[-88.71309,30.24492],[-88.72285,30.26426],[-88.57398,30.22915],[-88.55918,30.21682],[-88.65701,30.22507],[-88.65923,30.22559]]],[[[-97.18452,26.11294],[-97.26733,26.32979],[-97.4021,26.82051],[-97.40718,27.10019],[-97.38599,27.19648],[-97.35122,26.80147],[-97.2541,26.47441],[-97.18096,26.12491],[-97.18452,26.11294]]],[[[-76.90635,38.19707],[-76.64487,38.13394],[-76.54951,38.09448],[-76.47178,38.01118],[-76.35493,37.96323],[-76.26426,37.89355],[-76.26182,37.8481],[-76.29321,37.79434],[-76.30562,37.72158],[-76.34414,37.67568],[-76.43662,37.67041],[-76.49248,37.68223],[-76.79277,37.93799],[-76.82861,37.96152],[-76.93999,38.09546],[-77.07065,38.16719],[-77.09489,38.16628],[-77.07545,38.36279],[-77.04678,38.35669],[-76.90635,38.19707]]],[[[-76.48515,39.15647],[-76.42759,39.12602],[-76.42007,39.07388],[-76.4731,39.03061],[-76.54624,39.06797],[-76.55854,39.06523],[-76.5188,39.00117],[-76.49375,38.94521],[-76.51953,38.89834],[-76.51553,38.84063],[-76.52109,38.78828],[-76.53687,38.74263],[-76.50132,38.53218],[-76.4585,38.47495],[-76.41641,38.42021],[-76.39409,38.36899],[-76.43877,38.36152],[-76.50991,38.40366],[-76.57241,38.43579],[-76.64687,38.53852],[-76.65918,38.57954],[-76.67734,38.61196],[-76.66855,38.5375],[-76.64199,38.45435],[-76.40879,38.26826],[-76.36572,38.19687],[-76.33291,38.14077],[-76.34116,38.08701],[-76.40195,38.12505],[-76.4544,38.17354],[-76.5936,38.22832],[-76.76914,38.26294],[-76.86812,38.39028],[-76.86777,38.33716],[-76.88975,38.29209],[-76.95024,38.34702],[-76.98838,38.3939],[-77.00117,38.44526],[-77.031,38.44388],[-76.69506,38.92768],[-76.48515,39.15647]]],[[[-76.4209,39.225],[-76.42198,39.22532],[-76.41753,39.23018],[-76.4209,39.225]]],[[[-76.27637,39.32275],[-76.30012,39.35815],[-76.25045,39.41228],[-76.25684,39.35215],[-76.27637,39.32275]]],[[[-76.06391,39.55971],[-76.08506,39.527],[-76.08071,39.47031],[-76.09727,39.4331],[-76.14136,39.40322],[-76.21582,39.37993],[-76.22305,39.42031],[-76.23496,39.42917],[-76.16588,39.50446],[-76.06391,39.55971]]],[[[-74.10674,39.74644],[-74.1332,39.68076],[-74.25049,39.5294],[-74.25317,39.5585],[-74.10674,39.74644]]],[[[-75.63667,35.88066],[-75.63569,35.85591],[-75.65078,35.8356],[-75.71719,35.94614],[-75.64888,35.9104],[-75.63667,35.88066]]],[[[-75.86494,35.17412],[-75.78193,35.19019],[-75.96367,35.11885],[-75.98418,35.1231],[-75.86494,35.17412]]],[[[-76.54624,34.65488],[-76.56851,34.65254],[-76.60781,34.66357],[-76.66196,34.68467],[-76.67393,34.70015],[-76.62227,34.69453],[-76.54624,34.65488]]],[[[-97.35361,27.30005],[-97.38481,27.24253],[-97.37622,27.32827],[-97.29502,27.5231],[-97.13003,27.77915],[-97.06055,27.82202],[-97.25088,27.54121],[-97.35361,27.30005]]],[[[-96.92134,28.01602],[-97.01435,27.90161],[-97.03603,27.89917],[-96.98765,27.98106],[-96.97866,28.01387],[-96.89932,28.11748],[-96.85742,28.13291],[-96.83975,28.08882],[-96.92134,28.01602]]],[[[-96.5439,28.27559],[-96.7644,28.15259],[-96.80112,28.14844],[-96.75562,28.20244],[-96.68164,28.22969],[-96.51934,28.33345],[-96.45312,28.34058],[-96.41865,28.37632],[-96.40356,28.38159],[-96.41333,28.33779],[-96.5439,28.27559]]],[[[-89.26943,30.06074],[-89.34199,30.06284],[-89.31006,30.07871],[-89.28765,30.09419],[-89.27647,30.11084],[-89.18467,30.16865],[-89.21069,30.12622],[-89.22397,30.08408],[-89.22046,30.0376],[-89.26943,30.06074]]],[[[-88.31626,30.24043],[-88.26392,30.25474],[-88.10938,30.27373],[-88.07134,30.25234],[-88.15933,30.23091],[-88.28975,30.23291],[-88.31626,30.24043]]],[[[-95.0397,29.1459],[-95.08965,29.13633],[-94.87168,29.29014],[-94.82598,29.34131],[-94.76763,29.33906],[-94.86494,29.25288],[-95.0397,29.1459]]],[[[-91.83086,29.48647],[-91.99624,29.5731],[-92.00664,29.6103],[-91.92505,29.64394],[-91.87524,29.64097],[-91.79648,29.59697],[-91.76768,29.58472],[-91.7543,29.56689],[-91.76191,29.53901],[-91.7937,29.50073],[-91.83086,29.48647]]]]}},{"type":"Feature","properties":{"kind":"physical-region","name":"中央低地","source":"Natural Earth 5.1.2","classification":"Plain","area":168.4429},"geometry":{"type":"MultiPolygon","coordinates":[[[[-94.71367,48.78669],[-94.67713,48.77646],[-94.67534,48.77441],[-94.6209,48.74263],[-94.42723,48.70654],[-94.29474,48.66947],[-93.80321,48.53193],[-93.72442,48.28766],[-94.02611,48.04017],[-94.19077,47.677],[-94.19091,47.6767],[-94.19112,47.67633],[-94.42229,47.28187],[-94.42229,47.12851],[-94.42229,46.90821],[-94.41632,46.75303],[-94.41271,46.65913],[-94.39354,46.43873],[-94.38673,46.33699],[-94.37975,46.2328],[-94.37975,46.08572],[-94.37975,45.89881],[-94.33001,45.81743],[-94.30994,45.78458],[-94.16362,45.54517],[-94.06375,45.48239],[-93.89458,45.37606],[-93.78814,45.30915],[-93.58367,45.25678],[-93.12529,45.2613],[-92.7636,45.26582],[-91.99498,45.11091],[-91.99444,45.11084],[-91.41515,45.04386],[-91.41484,45.04383],[-90.35497,44.9455],[-89.7,44.82551],[-88.32695,44.58356],[-87.83849,44.63544],[-87.83253,44.64756],[-87.70597,44.9048],[-87.66625,44.98554],[-87.47201,45.13941],[-87.10387,45.43104],[-86.24132,45.23524],[-85.88518,45.77418],[-85.44719,46.0453],[-84.8592,45.8905],[-84.82445,45.88135],[-83.83843,45.86024],[-83.76443,46.10878],[-83.76318,46.10908],[-83.66929,46.12275],[-83.61597,46.11685],[-83.52476,46.05869],[-83.48013,46.02373],[-83.46948,45.99468],[-83.59268,45.81714],[-83.39731,45.72905],[-83.1793,45.63276],[-82.91934,45.51797],[-82.7604,45.4477],[-82.55107,45.34736],[-82.51523,45.20439],[-82.48506,45.08374],[-82.44658,44.91553],[-82.40737,44.74394],[-82.36826,44.573],[-82.32681,44.39155],[-82.28125,44.19224],[-82.24077,44.01533],[-82.19658,43.82222],[-82.13784,43.5709],[-82.19038,43.47407],[-82.30478,43.26323],[-82.4082,43.07266],[-82.41724,43.01738],[-82.48833,42.7395],[-82.54531,42.62471],[-82.64512,42.55806],[-82.74419,42.49346],[-82.86777,42.3852],[-83.00371,42.33174],[-83.07314,42.30029],[-83.10952,42.25068],[-83.14966,42.14194],[-83.14194,41.97588],[-83.02998,41.83296],[-82.86621,41.75303],[-82.69004,41.6752],[-82.43906,41.67485],[-82.21333,41.77871],[-81.97417,41.88872],[-81.76094,41.98682],[-81.50732,42.10347],[-81.27764,42.20918],[-81.02822,42.24717],[-80.68262,42.29976],[-80.24756,42.36602],[-80.03574,42.44145],[-79.76201,42.53896],[-79.44624,42.65147],[-79.17373,42.74853],[-79.07517,42.78724],[-79.08837,42.77766],[-79.47026,42.63532],[-79.77489,42.5207],[-80.0924,42.39899],[-80.19133,42.3545],[-80.14971,42.14252],[-80.13805,41.99061],[-80.11162,41.80543],[-79.96203,41.61103],[-79.76513,41.41413],[-79.82409,41.32593],[-79.79613,41.25812],[-79.68316,41.154],[-79.58916,40.98243],[-79.49816,40.92188],[-79.53173,40.79261],[-79.69176,40.67023],[-79.81395,40.54584],[-79.98473,40.45783],[-80.08104,40.49732],[-80.20183,40.54743],[-80.28582,40.70045],[-80.45421,40.63727],[-80.64855,40.62043],[-80.60039,40.3194],[-80.69463,40.15864],[-80.75823,39.97193],[-80.83184,39.82166],[-80.88085,39.62092],[-81.12603,39.45478],[-81.2473,39.39283],[-81.42077,39.40742],[-81.54229,39.34571],[-81.66253,39.27668],[-81.81286,39.08124],[-81.84874,38.91456],[-81.90441,38.93744],[-82.01323,39.01765],[-82.16149,38.83253],[-82.21538,38.59309],[-82.299,38.52021],[-82.42473,38.43415],[-82.5689,38.40382],[-82.6906,38.53608],[-82.82818,38.58375],[-82.89849,38.75275],[-83.03124,38.71699],[-83.15184,38.62006],[-83.34679,38.64191],[-83.49169,38.70014],[-83.65099,38.63715],[-83.8601,38.75837],[-84.08422,38.77888],[-84.2318,38.88636],[-84.36437,39.04804],[-84.67498,39.1023],[-84.84307,39.08918],[-84.83318,38.95808],[-84.82006,38.82929],[-85.03484,38.75837],[-85.18517,38.68867],[-85.32109,38.74439],[-85.45287,38.70545],[-85.42913,38.53974],[-85.59026,38.4621],[-85.6328,38.38795],[-85.75853,38.27088],[-85.89159,38.20319],[-85.92498,38.03889],[-86.04027,37.96992],[-86.2199,38.04328],[-86.25969,38.06013],[-86.34118,38.15559],[-86.40008,38.10749],[-86.52373,38.02027],[-86.59588,37.90552],[-86.70751,37.89973],[-86.81908,37.99634],[-87.01977,37.92023],[-87.08696,37.80659],[-87.25561,37.87922],[-87.44786,37.94349],[-87.54918,37.9145],[-87.62774,37.83234],[-87.77758,37.88148],[-87.94609,37.78968],[-88.13262,37.70051],[-88.15679,37.62202],[-88.14104,37.46723],[-88.3828,37.41877],[-88.50811,37.34382],[-88.45189,37.1999],[-88.48888,37.12598],[-88.48891,37.12599],[-88.95574,37.22895],[-89.18841,36.9817],[-89.1874,36.94983],[-89.18391,36.83882],[-89.17821,36.6576],[-89.41244,36.52122],[-89.46837,36.48865],[-89.54214,36.35376],[-89.68067,36.10043],[-89.71599,36.03583],[-89.90319,35.62574],[-90.12005,35.34748],[-90.18167,35.14669],[-90.20769,35.0619],[-90.22186,35.04776],[-90.47142,34.79877],[-90.54333,34.61257],[-90.62651,34.39716],[-90.74273,34.31317],[-90.94262,34.16871],[-90.97539,34.06844],[-91.05181,33.8346],[-91.19433,33.39802],[-91.17846,33.01172],[-91.17321,32.80537],[-91.09911,32.46137],[-91.09942,32.13215],[-91.39544,31.70997],[-91.54888,31.35017],[-92.04192,31.21259],[-92.77288,31.09632],[-93.48034,30.99561],[-95.10076,30.42982],[-96.30877,30.00702],[-96.75683,30.02534],[-97.03185,30.51649],[-96.90285,30.88648],[-96.81835,31.12885],[-96.77422,31.16463],[-95.71575,32.02277],[-95.56121,33.25935],[-95.62945,34.10602],[-95.86754,34.18543],[-96.6765,34.3819],[-97.25414,34.95954],[-97.3048,36.44288],[-96.87297,37.57209],[-96.39672,38.84211],[-96.76714,40.82648],[-97.40215,42.41395],[-97.40215,43.86915],[-97.42858,45.35084],[-97.52392,46.21345],[-97.87841,48.1554],[-98.97002,48.99315],[-98.80898,48.99316],[-98.38262,48.99316],[-97.9562,48.99316],[-97.52983,48.99316],[-97.10347,48.99316],[-96.67705,48.99316],[-96.25068,48.99316],[-95.82432,48.99316],[-95.3979,48.99316],[-95.16206,48.99175],[-95.15825,49.20308],[-95.15527,49.36968],[-94.93936,49.34941],[-94.8748,49.31904],[-94.85435,49.30459],[-94.8604,49.25859],[-94.84258,49.11919],[-94.80347,49.00293],[-94.72291,48.87899],[-94.71367,48.78669]]],[[[-76.80626,43.6319],[-76.8175,43.63193],[-76.81312,43.63747],[-76.80626,43.6319]]],[[[-79.02246,43.52],[-79.00249,43.52715],[-78.84556,43.58335],[-78.72041,43.62495],[-78.69939,43.62548],[-79.02246,43.52]]],[[[-79.02318,43.01826],[-78.99683,42.98914],[-79.01167,42.99702],[-79.02617,43.01733],[-79.02648,43.02213],[-79.02318,43.01826]]],[[[-78.91765,42.90168],[-78.91994,42.90002],[-78.91854,42.90265],[-78.91765,42.90168]]]]}},{"type":"Feature","properties":{"kind":"physical-region","name":"太平洋岸山脈","source":"Natural Earth 5.1.2","classification":"Range/mtn","area":17.4191},"geometry":{"type":"MultiPolygon","coordinates":[[[[-124.09878,48.2],[-123.97578,48.16846],[-123.79498,48.15547],[-123.78905,48.15424],[-123.77816,48.15427],[-123.29443,48.11953],[-123.2499,48.12422],[-123.2005,48.14123],[-123.05085,48.10002],[-123.02422,48.08159],[-122.97388,48.07329],[-122.95715,48.07422],[-122.87273,48.05097],[-122.86257,47.74984],[-123.05063,47.55195],[-123.13106,47.43774],[-123.13906,47.38608],[-123.13633,47.35581],[-123.1042,47.34839],[-123.03091,47.36021],[-122.92217,47.40767],[-122.91689,47.41797],[-123.01821,47.40107],[-123.0668,47.39966],[-123.06016,47.45366],[-123.04863,47.47935],[-122.98247,47.55938],[-122.91289,47.60737],[-122.87586,47.62655],[-122.90532,47.39612],[-122.88046,47.30978],[-122.91953,47.28965],[-122.9562,47.24458],[-122.98765,47.17256],[-123.02759,47.13892],[-122.91416,47.13149],[-122.83246,47.14309],[-122.83098,47.13795],[-122.75802,46.66216],[-122.71599,46.38813],[-122.64336,45.88239],[-122.64064,45.72499],[-122.6361,45.46155],[-122.97405,45.24293],[-123.06127,44.68391],[-123.20727,44.39814],[-123.22545,43.76331],[-123.33129,43.23414],[-123.22545,42.83729],[-122.85503,42.30811],[-122.37877,41.54084],[-122.38004,41.42474],[-122.38367,41.09249],[-122.38408,41.05451],[-122.5125,40.73627],[-122.68613,40.58892],[-122.7268,40.55442],[-122.7492,40.53541],[-122.74481,40.45641],[-122.73804,40.33443],[-122.72277,40.05915],[-122.61439,39.78525],[-122.416,39.28388],[-122.06133,38.84211],[-122.00841,38.41877],[-122.00196,38.31365],[-121.98997,38.11834],[-121.99312,38.12012],[-122.03149,38.12353],[-122.15376,38.06553],[-122.2083,38.07256],[-122.33711,38.13589],[-122.39336,38.14482],[-122.48389,38.10884],[-122.49492,37.95356],[-122.46689,37.83818],[-122.51485,37.82782],[-122.5654,37.85983],[-122.58418,37.87407],[-122.59107,37.87609],[-122.64641,37.91114],[-122.94176,38.06598],[-122.97353,38.17121],[-122.97759,38.22734],[-122.87681,38.12334],[-122.90815,38.19658],[-122.98652,38.2771],[-123.00863,38.28746],[-123.04027,38.39228],[-123.35204,38.62604],[-123.67479,39.00178],[-123.73049,39.13898],[-123.78984,39.29058],[-123.78757,39.48122],[-123.77778,39.51494],[-123.7835,39.6187],[-123.83291,39.77549],[-123.88447,39.86079],[-123.89772,39.87462],[-123.92882,39.94898],[-124.10288,40.08867],[-124.1085,40.09453],[-124.12726,40.10824],[-124.32899,40.27013],[-124.32957,40.27229],[-124.33467,40.29097],[-124.36899,40.46987],[-124.37168,40.49121],[-124.33541,40.57339],[-124.24942,40.70362],[-124.22002,40.69648],[-124.20845,40.74609],[-124.19023,40.77173],[-124.20354,40.7731],[-124.15136,40.85212],[-124.11016,41.11239],[-124.06865,41.37466],[-124.0598,41.43055],[-124.07499,41.47038],[-124.11768,41.62173],[-124.16323,41.71899],[-124.17286,41.72715],[-124.18285,41.75336],[-124.18565,41.76264],[-124.21038,41.84468],[-124.2168,41.86598],[-124.20874,41.88857],[-124.21167,41.98462],[-124.26928,42.0401],[-124.27801,42.06904],[-124.39281,42.4499],[-124.41144,42.50909],[-124.40615,42.58369],[-124.4438,42.67021],[-124.47827,42.72153],[-124.48204,42.73353],[-124.41708,43.12643],[-124.34658,43.34165],[-124.32061,43.36821],[-124.27549,43.36738],[-124.19692,43.42334],[-124.23315,43.43638],[-124.28799,43.40972],[-124.23921,43.54004],[-124.18438,43.65156],[-124.14873,43.69175],[-124.13066,44.05566],[-124.10326,44.29767],[-124.09862,44.31891],[-124.09437,44.3423],[-124.04746,44.42549],[-124.0637,44.51098],[-123.93987,45.19208],[-123.91338,45.69477],[-123.95774,45.91654],[-123.94712,46.14058],[-123.97524,46.17832],[-123.98931,46.21939],[-123.96294,46.22544],[-123.91167,46.18218],[-123.67363,46.18262],[-123.52163,46.22266],[-123.46636,46.20942],[-123.40229,46.15498],[-123.32158,46.14399],[-123.22061,46.15361],[-123.25132,46.16728],[-123.29868,46.17085],[-123.40474,46.221],[-123.46484,46.27109],[-123.65034,46.26772],[-123.68838,46.29985],[-123.8957,46.26777],[-123.95977,46.30073],[-124.03188,46.28715],[-124.0457,46.35627],[-124.04742,46.36512],[-124.04512,46.3729],[-124.0502,46.49053],[-124.04434,46.60508],[-124.01641,46.52139],[-123.94614,46.43257],[-123.9124,46.53335],[-123.88916,46.66001],[-123.95771,46.70869],[-124.07168,46.74477],[-124.11255,46.8627],[-123.84287,46.96318],[-123.98604,46.98447],[-124.04224,47.02969],[-124.11172,47.0352],[-124.1168,47.00034],[-124.13926,46.95469],[-124.16357,47.01533],[-124.17051,47.08667],[-124.19883,47.20855],[-124.21681,47.24047],[-124.22246,47.26966],[-124.36102,47.60154],[-124.37602,47.65864],[-124.39953,47.69376],[-124.40362,47.70356],[-124.41237,47.71295],[-124.46006,47.78423],[-124.52107,47.82966],[-124.66536,47.98457],[-124.66944,48.00335],[-124.67349,48.02199],[-124.6834,48.24873],[-124.66576,48.32453],[-124.31286,48.26301],[-124.15248,48.22971],[-124.09878,48.2]]],[[[-122.85308,47.20474],[-122.8626,47.18506],[-122.87676,47.18613],[-122.90796,47.22612],[-122.91191,47.25435],[-122.88511,47.27471],[-122.8574,47.22968],[-122.85153,47.20931],[-122.85308,47.20474]]],[[[-121.77965,38.00513],[-121.52628,37.89777],[-121.52239,37.89612],[-121.29739,37.63714],[-121.2415,37.57281],[-121.23748,37.56818],[-121.00276,37.25795],[-120.92638,37.15699],[-120.80786,37.0446],[-120.80742,37.04419],[-120.6433,36.88856],[-120.39081,36.53549],[-120.37743,36.51679],[-120.23571,36.21632],[-119.89992,35.78014],[-119.89171,35.76948],[-119.6007,35.36225],[-119.13457,35.06739],[-119.41228,34.9162],[-119.85644,34.78565],[-120.26793,34.78071],[-120.60943,34.70795],[-120.63873,35.05428],[-120.63359,35.07646],[-120.64187,35.09138],[-120.6458,35.13788],[-120.87066,35.27021],[-120.88194,35.28572],[-120.8603,35.36543],[-120.89961,35.4251],[-121.02285,35.48076],[-121.02757,35.48594],[-121.08233,35.56123],[-121.33729,35.77956],[-121.34385,35.79224],[-121.38042,35.82138],[-121.58507,36.11689],[-121.71658,36.19745],[-121.86712,36.32252],[-121.91105,36.44756],[-121.91865,36.57236],[-121.88896,36.60263],[-121.80687,36.64704],[-121.8097,36.69963],[-121.78999,36.73228],[-121.79453,36.80098],[-121.80742,36.85122],[-121.81856,36.86456],[-121.82317,36.95032],[-121.99446,36.95981],[-122.01647,36.96385],[-122.07888,36.9753],[-122.32067,37.13782],[-122.36364,37.17816],[-122.40033,37.27378],[-122.40845,37.37315],[-122.48667,37.5192],[-122.47496,37.78686],[-122.44561,37.798],[-122.38408,37.78852],[-122.39028,37.74106],[-122.36973,37.65586],[-122.29761,37.59185],[-122.22866,37.56392],[-122.16602,37.50166],[-122.11904,37.48281],[-122.07051,37.47827],[-122.09653,37.51821],[-122.12412,37.5438],[-122.15806,37.62647],[-122.22222,37.73203],[-122.296,37.79033],[-122.33345,37.89658],[-122.36548,37.92119],[-122.38545,37.9606],[-122.31426,38.00732],[-122.21704,38.04062],[-122.08672,38.04961],[-121.87126,38.04056],[-121.78003,38.00528],[-121.77965,38.00513]]]]}},{"type":"Feature","properties":{"kind":"physical-region","name":"シエラネバダ山脈","source":"Natural Earth 5.1.2","classification":"Range/mtn","area":7.1781},"geometry":{"type":"Polygon","coordinates":[[[-118.59526,34.8733],[-118.72747,34.89466],[-118.84179,34.9947],[-118.87041,35.15192],[-118.87041,35.352],[-118.79894,35.7522],[-118.85466,36.09632],[-119.12255,36.44086],[-119.41832,36.82776],[-119.84758,37.04749],[-120.2748,37.51295],[-120.28533,37.52442],[-120.39078,37.61895],[-120.64489,37.84675],[-120.87133,38.11042],[-121.0714,38.52485],[-121.23249,38.89005],[-121.28576,39.01081],[-121.45727,39.29664],[-121.60021,39.59675],[-121.60464,39.60459],[-121.786,39.92548],[-121.77025,40.11207],[-121.55858,40.27082],[-121.08233,40.40314],[-120.95006,40.58832],[-120.7119,40.27082],[-120.4738,39.92689],[-120.18279,39.50355],[-119.93755,39.09357],[-118.88628,38.02186],[-118.1455,36.83124],[-117.88091,35.93165],[-117.93383,35.48188],[-118.19841,35.11146],[-118.59526,34.8733]]]}},{"type":"Feature","properties":{"kind":"physical-region","name":"フロリダ州","source":"Natural Earth 5.1.2","classification":"Pen/cape","area":10.0623},"geometry":{"type":"Polygon","coordinates":[[[-81.10886,25.13796],[-81.16468,25.24111],[-81.15869,25.26899],[-81.13604,25.30967],[-81.09766,25.31914],[-80.96538,25.22432],[-80.94043,25.26421],[-80.98037,25.31167],[-81.05684,25.33814],[-81.11333,25.36724],[-81.20087,25.5335],[-81.20171,25.54047],[-81.30846,25.77784],[-81.36105,25.81164],[-81.36494,25.83105],[-81.41396,25.84564],[-81.47466,25.88465],[-81.59588,25.90874],[-81.65374,25.94474],[-81.70199,25.97476],[-81.807,26.26441],[-81.85448,26.40681],[-81.86275,26.41508],[-81.86655,26.43501],[-81.89875,26.45111],[-81.95099,26.50338],[-81.89551,26.59717],[-81.82866,26.68706],[-81.88154,26.6647],[-81.92056,26.63144],[-81.97017,26.55205],[-81.9922,26.54463],[-82.02056,26.573],[-82.05465,26.61193],[-82.07788,26.70435],[-82.06694,26.89155],[-82.01328,26.96157],[-82.0957,26.96343],[-82.1811,26.93677],[-82.1686,26.87437],[-82.18066,26.84009],[-82.24287,26.84888],[-82.29004,26.8708],[-82.35405,26.93574],[-82.43808,27.05501],[-82.64959,27.48682],[-82.66424,27.51938],[-82.63584,27.52456],[-82.52085,27.67827],[-82.43052,27.77114],[-82.40054,27.8354],[-82.40576,27.86289],[-82.4457,27.90283],[-82.49814,27.86792],[-82.52061,27.87788],[-82.57959,27.95845],[-82.63594,27.9812],[-82.6752,27.96377],[-82.63379,27.89775],[-82.59658,27.87324],[-82.61099,27.77725],[-82.62602,27.746],[-82.66089,27.71841],[-82.71533,27.7331],[-82.74287,27.70938],[-82.75338,27.71748],[-82.7564,27.72419],[-82.82763,27.90217],[-82.78014,28.10395],[-82.72082,28.29383],[-82.70789,28.35198],[-82.66065,28.48584],[-82.65663,28.59929],[-82.62584,28.76856],[-82.64416,28.81129],[-82.64404,28.81201],[-82.65147,28.8875],[-82.71432,28.97498],[-82.73265,29.01777],[-82.87505,29.19581],[-82.98155,29.21459],[-83.19868,29.38138],[-83.23113,29.42133],[-83.38536,29.58747],[-83.44469,29.70612],[-83.604,29.81989],[-83.63248,29.85332],[-83.67275,29.90058],[-83.37206,30.13117],[-82.5139,30.49891],[-82.32519,30.59553],[-81.77831,30.71955],[-81.53883,30.69442],[-81.53425,30.69394],[-81.48176,30.68843],[-81.45718,30.64077],[-81.38574,30.26997],[-81.38481,30.26751],[-81.38353,30.26008],[-81.25597,29.79066],[-81.03673,29.2956],[-80.96606,29.18134],[-80.9,29.04985],[-80.73594,28.80869],[-80.58452,28.55091],[-80.59508,28.24396],[-80.52172,27.9914],[-80.49978,27.93495],[-80.61001,28.17759],[-80.62285,28.32036],[-80.60693,28.5229],[-80.63286,28.51802],[-80.65391,28.4522],[-80.66548,28.3749],[-80.69351,28.34497],[-80.73174,28.46289],[-80.72905,28.51621],[-80.68848,28.57852],[-80.70024,28.60093],[-80.76592,28.63281],[-80.77988,28.68296],[-80.771,28.73247],[-80.80869,28.75894],[-80.83818,28.75767],[-80.81841,28.6356],[-80.78721,28.56065],[-80.74863,28.38101],[-80.68638,28.27217],[-80.6501,28.18091],[-80.22612,27.20703],[-80.13361,27.09269],[-80.10286,27.02799],[-80.09737,27.01483],[-80.09382,27.0063],[-80.04933,26.78817],[-80.04382,26.63718],[-80.04376,26.63574],[-80.07527,26.35439],[-80.1106,26.13159],[-80.11505,26.04737],[-80.26953,25.66574],[-80.30083,25.61856],[-80.32374,25.45553],[-80.33482,25.40979],[-80.36694,25.33125],[-80.47204,25.24071],[-80.49701,25.23027],[-80.55762,25.23242],[-80.73617,25.1565],[-80.73713,25.15644],[-80.86221,25.17617],[-80.99555,25.13796],[-81.03272,25.13426],[-81.05396,25.13529],[-81.10886,25.13796]]]}},{"type":"Feature","properties":{"kind":"physical-region","name":"コロラド高原","source":"Natural Earth 5.1.2","classification":"Plateau","area":30.7299},"geometry":{"type":"Polygon","coordinates":[[[-106.6778,35.40183],[-106.7108,34.82325],[-106.93914,34.16663],[-107.3593,33.6739],[-108.22417,33.63166],[-108.38415,33.92164],[-109.04326,34.41395],[-109.29996,34.46257],[-109.55919,34.51166],[-110.02276,34.43232],[-110.62249,34.62635],[-110.83068,34.78678],[-111.02098,34.93342],[-111.48681,35.42719],[-112.59423,35.23664],[-112.9636,35.32684],[-113.05663,35.34956],[-113.66924,35.78168],[-113.83428,36.28168],[-113.87597,36.44851],[-113.95922,36.78162],[-113.63897,37.20191],[-113.19921,37.57667],[-113.19253,37.58047],[-112.73424,37.84162],[-112.4569,38.24299],[-111.96923,38.43165],[-111.71422,38.65156],[-111.32421,38.96162],[-111.14922,39.34162],[-110.95763,39.93561],[-110.75921,40.35663],[-110.48919,40.46162],[-109.83422,40.59663],[-109.41417,40.68159],[-108.9442,40.78663],[-108.81414,40.6316],[-108.35912,40.5066],[-107.83416,40.24164],[-107.63915,39.98664],[-107.49913,39.47163],[-107.47911,38.88166],[-107.53917,38.48163],[-107.57491,38.46168],[-107.92412,38.26667],[-108.11913,38.13166],[-108.49413,37.82661],[-108.52416,37.51661],[-108.42017,37.4738],[-108.09911,37.34162],[-107.53417,37.25666],[-107.40745,37.02938],[-107.36413,36.95167],[-107.10411,36.4416],[-107.01749,36.25871],[-106.92412,36.06159],[-106.66411,35.64167],[-106.6778,35.40183]]]}},{"type":"Feature","properties":{"kind":"physical-region","name":"コロンビア川台地","source":"Natural Earth 5.1.2","classification":"Plateau","area":25.5796},"geometry":{"type":"Polygon","coordinates":[[[-118.96843,48.00562],[-118.57152,47.92646],[-118.09258,47.9173],[-117.32525,47.81147],[-117.14284,47.59222],[-117.03905,47.46748],[-117.03905,47.01771],[-116.79607,46.7002],[-116.45214,46.54145],[-116.16112,46.25043],[-116.16295,45.85541],[-116.25838,45.44402],[-116.26159,45.43018],[-116.31597,45.11653],[-116.35482,44.89251],[-116.39922,44.63642],[-116.34319,44.42632],[-116.29339,44.23957],[-116.18755,43.7898],[-115.44671,43.49873],[-114.65294,43.36646],[-113.72692,43.44581],[-113.06548,43.7898],[-112.76582,43.97958],[-112.68142,44.03303],[-112.31038,44.268],[-112.27172,44.29249],[-112.0065,44.42545],[-111.90051,44.47857],[-111.80553,44.52619],[-111.62524,44.46545],[-111.50445,44.42475],[-111.23986,44.21308],[-111.18694,43.94855],[-111.26629,43.5741],[-111.68963,43.31354],[-112.24523,42.96955],[-112.81877,42.66798],[-112.81878,42.66797],[-113.24737,42.63373],[-113.63726,42.56244],[-113.67819,42.55137],[-114.26067,42.39374],[-114.68151,42.31818],[-115.07988,42.14997],[-115.56349,42.28282],[-115.56359,42.28284],[-115.75786,42.4333],[-116.27678,42.64069],[-116.80144,42.85041],[-117.38867,43.08913],[-117.3936,43.09113],[-117.98778,43.33735],[-118.56878,43.57813],[-119.13683,43.63105],[-119.65362,43.68397],[-120.33178,43.78315],[-120.33179,43.78316],[-120.9569,44.07422],[-121.11767,44.22614],[-121.45537,44.24299],[-121.43423,44.38862],[-121.43413,44.38929],[-121.31597,44.98066],[-121.08233,45.58893],[-120.93383,46.01582],[-120.7119,46.6208],[-120.60607,47.04413],[-120.27703,47.53925],[-120.21712,47.59704],[-120.0186,47.78852],[-119.98409,47.83419],[-119.7976,48.08094],[-119.77867,48.08005],[-119.7025,48.07648],[-119.50365,48.07117],[-119.16246,48.13373],[-118.96843,48.00562]]]}},{"type":"Feature","properties":{"kind":"physical-region","name":"アルゲイニー台地","source":"Natural Earth 5.1.2","classification":"Plateau","area":15.0862},"geometry":{"type":"Polygon","coordinates":[[[-76.51714,43.47785],[-76.35064,43.26179],[-76.30144,43.23249],[-76.11126,43.25367],[-75.73204,43.22248],[-75.44176,43.24457],[-75.29064,43.13526],[-75.00329,43.03712],[-74.8825,42.81965],[-74.96483,42.67817],[-74.97576,42.5282],[-75.17711,42.40632],[-75.39422,42.32648],[-75.48925,42.29175],[-75.4179,42.06983],[-75.33971,41.98505],[-75.14306,41.86353],[-75.05797,41.66834],[-75.02294,41.547],[-74.81347,41.44794],[-74.75121,41.34186],[-74.85888,41.23481],[-74.97857,41.10786],[-75.13982,40.98334],[-75.29619,40.86616],[-75.48144,40.74708],[-75.71953,40.69416],[-75.86504,40.86616],[-76.07671,40.99842],[-76.14525,41.07838],[-76.33947,41.04749],[-76.48973,40.94977],[-76.67144,40.93574],[-76.78276,40.89142],[-76.86998,40.99079],[-76.85082,41.1728],[-76.83373,41.23859],[-77.17614,41.21174],[-77.32537,41.19294],[-77.54894,41.18879],[-77.61004,41.31013],[-77.78319,41.33796],[-77.91015,41.25324],[-78.09795,41.11011],[-78.29912,41.07416],[-78.50768,40.98359],[-78.63488,40.9195],[-78.77465,40.8531],[-78.78753,40.74689],[-79.05327,40.61481],[-79.29143,40.456],[-79.51629,40.20466],[-79.66186,39.99299],[-79.88524,39.72138],[-80.09923,39.52259],[-80.16942,39.46052],[-79.98021,39.26191],[-80.05871,39.14582],[-79.99443,39.0478],[-79.87499,38.92078],[-79.92608,38.77698],[-79.99181,38.68537],[-80.04198,38.60786],[-80.12487,38.65687],[-80.36297,38.69654],[-80.57464,38.80237],[-80.82598,38.69654],[-81.0244,38.56428],[-81.24932,38.39228],[-81.4688,38.21815],[-81.56969,38.11732],[-81.73882,38.02186],[-81.96386,37.85004],[-82.23021,37.66303],[-82.39953,37.82172],[-82.54241,38.04401],[-82.63237,38.17628],[-82.5689,38.40382],[-82.42473,38.43415],[-82.299,38.52021],[-82.21538,38.59309],[-82.16149,38.83253],[-82.01323,39.01765],[-81.90441,38.93744],[-81.84874,38.91456],[-81.81286,39.08124],[-81.66253,39.27668],[-81.54229,39.34571],[-81.42077,39.40742],[-81.2473,39.39283],[-81.12603,39.45478],[-80.88085,39.62092],[-80.83184,39.82166],[-80.75823,39.97193],[-80.69463,40.15864],[-80.60039,40.3194],[-80.64855,40.62043],[-80.45421,40.63727],[-80.28582,40.70045],[-80.20183,40.54743],[-80.08104,40.49732],[-79.98473,40.45783],[-79.81395,40.54584],[-79.69176,40.67023],[-79.53173,40.79261],[-79.49816,40.92188],[-79.58916,40.98243],[-79.68316,41.154],[-79.79613,41.25812],[-79.82409,41.32593],[-79.76513,41.41413],[-79.96203,41.61103],[-80.11162,41.80543],[-80.13805,41.99061],[-80.14971,42.14252],[-80.19133,42.3545],[-80.0924,42.39899],[-79.77489,42.5207],[-79.47026,42.63532],[-79.08837,42.77766],[-79.07517,42.78724],[-79.03672,42.80234],[-78.93926,42.86372],[-78.91994,42.90002],[-78.91765,42.90168],[-78.91854,42.90265],[-78.91509,42.90913],[-78.92085,42.93521],[-78.946,42.96133],[-78.98076,42.98062],[-78.99683,42.98914],[-79.02318,43.01826],[-79.02648,43.02213],[-79.02905,43.06177],[-79.048,43.08731],[-79.06606,43.1061],[-79.05923,43.27808],[-79.08306,43.3314],[-79.17188,43.46655],[-79.02246,43.52],[-78.69939,43.62548],[-78.45825,43.63149],[-78.21479,43.63066],[-77.87925,43.62954],[-77.59653,43.62861],[-77.2667,43.62749],[-77.07334,43.62685],[-76.81997,43.62881],[-76.8175,43.63193],[-76.80626,43.6319],[-76.51714,43.47785]]]}},{"type":"Feature","properties":{"kind":"physical-region","name":"カンバーランド高原","source":"Natural Earth 5.1.2","classification":"Plateau","area":20.2032},"geometry":{"type":"Polygon","coordinates":[[[-83.65099,38.63715],[-83.49169,38.70014],[-83.34679,38.64191],[-83.15184,38.62006],[-83.03124,38.71699],[-82.89849,38.75275],[-82.82818,38.58375],[-82.6906,38.53608],[-82.5689,38.40382],[-82.63237,38.17628],[-82.54241,38.04401],[-82.39953,37.82172],[-82.23021,37.66303],[-82.43554,37.55439],[-82.75304,37.41334],[-83.05291,37.26649],[-83.1436,37.19404],[-83.59972,37.05134],[-83.82055,37.05134],[-84.02038,36.76685],[-84.29613,36.75623],[-84.48162,36.37263],[-84.48162,36.14332],[-84.56853,35.83515],[-84.71325,35.73353],[-84.83306,35.55543],[-85.01799,35.41199],[-85.12212,35.20087],[-85.33703,35.02845],[-85.29302,34.8733],[-85.34594,34.69691],[-85.53643,34.35383],[-85.70916,34.20423],[-85.84044,34.12348],[-86.00115,33.94593],[-86.05785,33.79835],[-86.20958,33.59504],[-86.25003,33.49351],[-86.27123,33.44031],[-86.48034,33.21332],[-86.52684,32.97651],[-86.56143,32.9463],[-86.56145,32.94628],[-86.74822,32.78315],[-86.88054,32.65082],[-87.30388,32.61555],[-87.70958,32.62],[-87.92345,32.6352],[-88.01586,32.60584],[-88.17498,32.87012],[-88.19085,33.02735],[-88.29601,33.25397],[-88.42736,33.43201],[-88.48345,33.71375],[-88.54113,33.96998],[-88.40685,34.10981],[-88.42199,34.29786],[-88.3637,34.46796],[-88.26738,34.67109],[-88.2387,35.04969],[-88.25847,35.25928],[-88.09765,35.42011],[-88.02178,35.60572],[-87.98925,35.78193],[-87.99541,36.06934],[-87.99022,36.30298],[-88.06408,36.4881],[-88.09917,36.69636],[-88.23998,36.95417],[-88.52208,37.05976],[-88.48891,37.12599],[-88.45189,37.1999],[-88.50811,37.34382],[-88.3828,37.41877],[-88.14104,37.46723],[-88.15679,37.62202],[-88.13262,37.70051],[-87.94609,37.78968],[-87.77758,37.88148],[-87.62774,37.83234],[-87.54918,37.9145],[-87.44786,37.94349],[-87.25561,37.87922],[-87.08696,37.80659],[-87.01977,37.92023],[-86.81908,37.99634],[-86.70751,37.89973],[-86.59588,37.90552],[-86.52373,38.02027],[-86.40008,38.10749],[-86.34118,38.15559],[-86.25969,38.06013],[-86.2199,38.04328],[-86.04027,37.96992],[-85.92498,38.03889],[-85.89159,38.20319],[-85.75853,38.27088],[-85.6328,38.38795],[-85.59026,38.4621],[-85.42913,38.53974],[-85.45287,38.70545],[-85.32109,38.74439],[-85.18517,38.68867],[-85.03484,38.75837],[-84.82006,38.82929],[-84.83318,38.95808],[-84.84307,39.08918],[-84.67498,39.1023],[-84.36437,39.04804],[-84.2318,38.88636],[-84.08422,38.77888],[-83.8601,38.75837],[-83.65099,38.63715]]]}},{"type":"Feature","properties":{"kind":"physical-region","name":"ピードモント台地","source":"Natural Earth 5.1.2","classification":"Foothills","area":23.7459},"geometry":{"type":"Polygon","coordinates":[[[-86.55999,32.91486],[-86.56143,32.9463],[-86.58068,33.36518],[-86.25003,33.49351],[-85.61498,33.74],[-85.01964,34.02668],[-84.58367,34.16694],[-83.47123,34.68398],[-83.17174,34.82318],[-82.34866,35.20572],[-82.07519,35.33283],[-81.13878,36.14753],[-81.08751,36.18549],[-80.52144,36.60467],[-79.92351,37.04743],[-79.90724,37.06039],[-79.52534,37.36459],[-79.14721,37.66578],[-78.67669,38.0265],[-78.29976,38.47088],[-78.29848,38.47239],[-77.99633,38.82862],[-77.78866,39.13932],[-77.66466,39.32484],[-76.89379,40.27759],[-76.3413,40.42957],[-75.89153,40.42957],[-75.58056,40.61091],[-75.04485,40.47223],[-75.07055,40.20136],[-76.18865,39.67188],[-76.51817,39.25384],[-76.57041,39.26934],[-76.57393,39.2543],[-76.54425,39.22075],[-76.65874,39.07551],[-77.13408,38.47163],[-77.13725,38.40763],[-77.15591,38.39712],[-77.23252,38.40772],[-77.2416,38.49482],[-77.2209,38.54097],[-77.13491,38.6501],[-77.05391,38.70581],[-77.01816,38.77773],[-77.03037,38.88926],[-77.0456,38.77578],[-77.09189,38.71953],[-77.16465,38.67656],[-77.2604,38.6],[-77.28379,38.5292],[-77.31367,38.39663],[-77.27324,38.35176],[-77.23193,38.34004],[-77.13947,38.36283],[-77.16924,37.76148],[-77.65252,36.59565],[-78.20848,35.65687],[-79.17553,34.94666],[-81.62169,33.09107],[-84.02306,32.45679],[-84.62383,32.07636],[-86.2119,31.83234],[-86.55999,32.91486]]]}},{"type":"Feature","properties":{"kind":"physical-region","name":"コロンビア山脈","source":"Natural Earth 5.1.2","classification":"Range/mtn","area":4.4204},"geometry":{"type":"Polygon","coordinates":[[[-115.39379,48.23481],[-115.6917,47.94251],[-115.96425,48.08812],[-115.98382,48.09858],[-116.1221,48.12637],[-116.26293,48.15467],[-116.30634,48.18132],[-116.50676,48.30433],[-116.50813,48.30516],[-116.51348,48.30842],[-116.5184,48.28599],[-116.57122,48.04511],[-116.69909,47.9173],[-116.84899,47.80262],[-116.91065,47.7941],[-117.10479,47.76728],[-117.32525,47.81147],[-118.09258,47.9173],[-118.57152,47.92646],[-118.96843,48.00562],[-119.16246,48.13373],[-119.50365,48.07117],[-119.7025,48.07648],[-119.77867,48.08005],[-119.7976,48.08094],[-119.71527,48.33693],[-119.68004,48.44648],[-119.6007,48.73749],[-119.62909,48.99303],[-119.27534,48.99307],[-118.84893,48.99307],[-118.42256,48.99307],[-117.99619,48.99307],[-117.56978,48.99307],[-117.14341,48.99307],[-116.71704,48.99307],[-116.29063,48.99307],[-115.86426,48.99307],[-115.43789,48.99307],[-115.2143,48.99307],[-115.23504,48.81684],[-115.28795,48.47291],[-115.39379,48.23481]]]}},{"type":"Feature","properties":{"kind":"physical-region","name":"チワワ砂漠","source":"Natural Earth 5.1.2","classification":"Desert","area":19.9315},"geometry":{"type":"Polygon","coordinates":[[[-106.38909,33.5517],[-105.95916,33.64667],[-105.92412,33.44166],[-105.90917,33.04169],[-105.8341,32.6117],[-105.61913,32.38672],[-105.29912,32.4217],[-105.0841,32.32172],[-104.88415,31.89667],[-104.64409,31.76667],[-104.64409,31.9267],[-104.46911,32.16169],[-104.61413,32.32172],[-104.92907,32.5467],[-105.22411,32.75165],[-105.20409,33.3617],[-105.13415,33.62665],[-104.73913,33.65668],[-104.6541,33.93165],[-104.34411,34.07166],[-104.26404,33.90755],[-104.14409,33.66169],[-104.11957,33.62289],[-103.92913,33.32166],[-103.91411,33.06165],[-103.81408,32.6717],[-103.74407,32.25165],[-103.46911,31.91169],[-103.3401,31.66751],[-103.32909,31.64667],[-103.31924,31.64245],[-102.73406,31.39167],[-102.27404,31.39667],[-102.06971,31.24406],[-101.87908,31.10169],[-101.64904,31.02167],[-101.34905,30.8617],[-100.90404,30.34168],[-100.67406,30.15168],[-100.65404,29.78175],[-100.78405,29.5467],[-101.03905,29.46674],[-101.30909,29.64195],[-101.38037,29.74258],[-101.44038,29.77686],[-101.50928,29.77314],[-101.54463,29.78355],[-101.54639,29.80806],[-101.5687,29.80923],[-101.61162,29.78696],[-101.75234,29.78247],[-101.99092,29.7957],[-102.16309,29.82524],[-102.26895,29.87119],[-102.34307,29.86499],[-102.38564,29.80664],[-102.47627,29.76909],[-102.61494,29.75234],[-102.73418,29.64394],[-102.83398,29.44394],[-102.87783,29.31533],[-102.86567,29.25801],[-102.89199,29.21641],[-102.95684,29.19038],[-103.02285,29.13223],[-103.08999,29.0419],[-103.16831,28.99819],[-103.25772,29.00112],[-103.42295,29.0707],[-103.66397,29.20688],[-103.85293,29.29106],[-103.98975,29.32315],[-104.1106,29.38613],[-104.21553,29.47988],[-104.31221,29.54243],[-104.40063,29.57373],[-104.504,29.67769],[-104.62222,29.8543],[-104.68135,29.99053],[-104.68135,30.13437],[-104.83589,30.44766],[-104.91787,30.58335],[-104.97881,30.64595],[-105.09815,30.72056],[-105.27583,30.80728],[-105.51401,30.98076],[-105.8127,31.24102],[-106.02407,31.39775],[-106.14805,31.45093],[-106.25571,31.54468],[-106.34697,31.679],[-106.43604,31.76445],[-106.44541,31.76841],[-106.45322,31.77017],[-106.67305,31.77134],[-106.89287,31.77246],[-107.1127,31.77363],[-107.33252,31.77476],[-107.55234,31.77588],[-107.77222,31.77705],[-107.99204,31.77817],[-108.21182,31.77935],[-108.2125,31.66685],[-108.21318,31.55439],[-108.21382,31.44189],[-108.21445,31.32944],[-108.56787,31.32881],[-108.92134,31.32812],[-109.27476,31.32744],[-109.62822,31.32681],[-109.98164,31.32617],[-110.33511,31.32554],[-110.68852,31.32485],[-110.78169,31.32469],[-111.01922,31.3617],[-110.93419,31.70173],[-110.85418,31.87665],[-110.6942,32.46168],[-110.42418,32.94666],[-110.72417,33.24164],[-110.70421,33.44166],[-110.42919,33.53168],[-110.10436,33.45112],[-109.76915,33.27167],[-109.24913,33.03669],[-109.04418,32.89667],[-108.79918,32.82166],[-108.57415,32.62165],[-108.39415,32.50165],[-108.34417,32.75672],[-108.16918,32.84669],[-107.88915,32.76166],[-107.74419,32.6067],[-107.61913,32.63666],[-107.56914,32.94666],[-107.55413,33.26166],[-107.38415,33.44166],[-107.19915,33.66663],[-107.00915,33.83668],[-106.93914,34.16663],[-106.82409,34.2967],[-106.48412,34.23163],[-106.44414,33.76166],[-106.38909,33.5517]]]}},{"type":"Feature","properties":{"kind":"physical-region","name":"ソノラ砂漠","source":"Natural Earth 5.1.2","classification":"Desert","area":11.7562},"geometry":{"type":"Polygon","coordinates":[[[-112.59423,34.27668],[-112.50921,34.16169],[-112.19921,34.08161],[-111.92424,33.89667],[-111.5692,33.5517],[-111.33422,33.39667],[-111.04418,33.20167],[-110.72417,33.24164],[-110.42418,32.94666],[-110.6942,32.46168],[-110.85418,31.87665],[-110.93419,31.70173],[-111.01922,31.3617],[-111.04599,31.32547],[-111.51621,31.47227],[-111.99048,31.62022],[-112.46475,31.76826],[-112.93896,31.91626],[-113.41318,32.06431],[-113.88745,32.21231],[-114.36172,32.3603],[-114.83594,32.5083],[-114.78799,32.56479],[-114.72476,32.71533],[-114.83906,32.70474],[-115.1252,32.6833],[-115.41138,32.66186],[-115.69751,32.64048],[-115.98369,32.61904],[-116.08616,32.61137],[-116.1643,32.68171],[-116.29424,32.8567],[-116.47429,33.07667],[-116.49932,33.37665],[-116.39428,33.45667],[-116.33428,33.5467],[-116.54924,33.67664],[-116.68926,33.85663],[-116.71929,33.99164],[-116.51928,34.03669],[-116.38427,33.92664],[-116.13927,33.78168],[-115.9193,33.69166],[-115.51427,33.75165],[-115.34429,33.90168],[-115.27929,34.01667],[-115.31453,34.19668],[-115.32921,34.27167],[-115.01928,34.3617],[-114.79924,34.52167],[-114.64428,34.61164],[-114.45427,34.53162],[-114.38646,34.55931],[-114.20922,34.63166],[-114.02428,34.71168],[-113.92424,34.85663],[-113.74419,34.90162],[-113.59423,34.99665],[-113.43425,34.90668],[-113.29924,34.82166],[-113.02422,34.66669],[-112.67742,34.45002],[-112.59423,34.27668]]]}},{"type":"Feature","properties":{"kind":"physical-region","name":"グレートソルトレイク砂漠","source":"Natural Earth 5.1.2","classification":"Desert","area":1.123},"geometry":{"type":"Polygon","coordinates":[[[-113.58526,39.90778],[-113.83086,40.31708],[-114.03862,40.78498],[-113.91588,41.16907],[-113.55871,41.43366],[-113.32384,41.47529],[-113.00225,41.13508],[-113.09063,40.36762],[-113.26616,39.9881],[-113.58526,39.90778]]]}},{"type":"Feature","properties":{"kind":"physical-region","name":"オザーク高原","source":"Natural Earth 5.1.2","classification":"Plateau","area":17.5883},"geometry":{"type":"Polygon","coordinates":[[[-90.26403,38.60786],[-90.27892,38.48847],[-90.37328,38.25538],[-90.13829,38.03864],[-89.97197,37.90644],[-89.71801,37.82703],[-89.55394,37.69477],[-89.45867,37.44605],[-89.52355,37.26911],[-89.35814,37.03327],[-89.1874,36.94983],[-89.12572,36.91968],[-89.18391,36.83882],[-89.41244,36.52122],[-89.41936,36.5116],[-89.54214,36.35376],[-89.65978,36.20252],[-89.68067,36.10043],[-89.73131,35.85291],[-90.11864,35.30183],[-90.18167,35.14669],[-90.22186,35.04776],[-90.27208,34.92414],[-90.54333,34.61257],[-90.57634,34.57465],[-90.66314,34.38056],[-90.74273,34.31317],[-90.87731,34.19922],[-90.97539,34.06844],[-91.13427,33.85657],[-91.6607,34.15009],[-92.0664,34.39704],[-92.26036,34.74982],[-92.38384,34.90858],[-92.59551,35.06733],[-92.70083,35.08708],[-92.87774,35.12025],[-92.94733,35.15504],[-93.20291,35.28283],[-93.2658,35.31428],[-93.58221,35.41975],[-93.5833,35.42011],[-93.88317,35.49067],[-93.89955,35.4867],[-94.11756,35.43385],[-94.33174,35.38192],[-94.46526,35.34956],[-94.51202,35.35448],[-94.8004,35.38483],[-95.18847,35.57886],[-95.42614,35.80457],[-95.13555,36.23151],[-94.8886,36.44318],[-94.67693,36.72541],[-94.60637,36.95472],[-94.44762,37.14875],[-94.32415,37.378],[-94.1654,37.58967],[-93.97136,37.88959],[-93.59594,38.18903],[-93.1693,38.23713],[-92.85753,38.15296],[-92.6671,38.21363],[-92.26507,38.3758],[-92.06737,38.56306],[-91.86046,38.67377],[-91.41369,38.70734],[-91.20934,38.61909],[-90.75689,38.63959],[-90.46306,38.81965],[-90.2824,38.92768],[-90.18059,38.82538],[-90.26403,38.60786]]]}},{"type":"Feature","properties":{"kind":"physical-region","name":"エドワーズ高原","source":"Natural Earth 5.1.2","classification":"Plateau","area":14.6565},"geometry":{"type":"Polygon","coordinates":[[[-99.24553,29.29719],[-100.64855,29.33759],[-100.78405,29.5467],[-100.65404,29.78175],[-100.67406,30.15168],[-100.90404,30.34168],[-101.34905,30.8617],[-101.64904,31.02167],[-101.87908,31.10169],[-101.87768,31.2285],[-101.87371,31.59022],[-101.59148,31.97828],[-101.5202,32.0949],[-101.39745,32.29572],[-100.95647,32.70148],[-100.53338,32.9986],[-100.27532,33.04694],[-99.97747,33.10627],[-99.96441,33.41743],[-99.88042,33.47291],[-99.55962,33.62464],[-99.2127,33.59193],[-98.90819,33.38172],[-98.72265,33.2425],[-98.55486,33.02534],[-98.31457,32.8794],[-97.82579,32.65644],[-97.64306,32.29761],[-97.35094,32.02552],[-97.05394,31.60822],[-96.77422,31.16463],[-96.7318,31.09736],[-96.90285,30.88648],[-97.07598,30.67304],[-97.30523,30.28492],[-97.60509,29.844],[-97.95788,29.47358],[-98.52233,29.29719],[-99.24553,29.29719]]]}},{"type":"Feature","properties":{"kind":"physical-region","name":"スペリオール・アップランド","source":"Natural Earth 5.1.2","classification":"Plateau","area":27.1331},"geometry":{"type":"Polygon","coordinates":[[[-91.41661,48.0398],[-91.33067,48.07417],[-91.22065,48.10459],[-91.10627,48.16211],[-90.9767,48.20179],[-90.91606,48.20913],[-90.84107,48.20062],[-90.83615,48.19378],[-90.79731,48.13106],[-90.78742,48.12611],[-90.77098,48.10328],[-90.5348,48.10922],[-90.32012,48.09917],[-90.18064,48.11074],[-90.07985,48.10891],[-90.03994,48.07817],[-89.99365,48.01533],[-89.90103,47.99546],[-89.77539,48.01533],[-89.55059,47.9999],[-89.45566,47.99624],[-89.45157,47.99677],[-89.3529,47.98157],[-89.22214,48.03597],[-89.18564,48.04741],[-89.0626,48.0938],[-88.89868,48.15571],[-88.61177,48.26401],[-88.37817,48.30308],[-88.16065,48.22539],[-87.98745,48.15689],[-87.92051,48.13037],[-87.7439,48.06055],[-87.49424,47.96177],[-87.20801,47.84849],[-86.92183,47.73521],[-86.67217,47.63643],[-86.49556,47.5666],[-86.42856,47.54009],[-86.23447,47.46006],[-86.04038,47.38003],[-85.84634,47.3],[-85.66948,47.22708],[-85.02086,46.93384],[-84.81173,46.72521],[-84.77939,46.6373],[-84.66577,46.54326],[-84.56177,46.45737],[-84.50156,46.46187],[-84.44048,46.49815],[-84.40171,46.51562],[-84.33672,46.51851],[-84.31745,46.52265],[-84.31676,46.52265],[-84.28893,46.48835],[-84.23162,46.3949],[-84.18957,46.27119],[-84.03158,46.15022],[-84.0292,46.14702],[-83.97778,46.08491],[-83.94843,46.07947],[-83.90435,46.04035],[-83.83843,45.86024],[-84.53216,45.85212],[-84.781,45.86359],[-84.8592,45.8905],[-85.05932,45.95936],[-85.44719,46.0453],[-85.88518,45.77418],[-86.10442,45.50959],[-86.24132,45.23524],[-86.56414,45.36756],[-86.90313,45.41242],[-87.10387,45.43104],[-87.4002,45.19294],[-87.47201,45.13941],[-87.68761,44.9787],[-87.70597,44.9048],[-87.76732,44.65784],[-87.83253,44.64756],[-88.0244,44.61732],[-88.32695,44.58356],[-89.87475,44.90107],[-91.41515,45.04386],[-91.87237,45.08625],[-91.99444,45.11084],[-92.7636,45.26582],[-93.59746,45.30085],[-93.89458,45.37606],[-94.01146,45.40565],[-94.06375,45.48239],[-94.19671,45.67756],[-94.30994,45.78458],[-94.32689,45.8006],[-94.33001,45.81743],[-94.37975,46.08572],[-94.38854,46.13312],[-94.38673,46.33699],[-94.38585,46.43561],[-94.41632,46.75303],[-94.43157,46.91187],[-94.42229,47.12851],[-94.41661,47.26105],[-94.30004,47.46986],[-94.19112,47.67633],[-94.19077,47.677],[-94.14776,47.75855],[-94.04192,47.99665],[-93.72442,48.28766],[-93.46604,48.56069],[-93.46362,48.56128],[-93.44117,48.57575],[-93.20531,48.6056],[-92.95458,48.57038],[-92.90984,48.56409],[-92.69719,48.48426],[-92.4991,48.43275],[-92.46089,48.36587],[-92.4146,48.27661],[-92.34844,48.27661],[-92.29868,48.32891],[-92.17178,48.33838],[-92.00518,48.30186],[-91.8584,48.19756],[-91.64731,48.10459],[-91.51831,48.0583],[-91.47052,48.05839],[-91.41661,48.0398]]]}},{"type":"Feature","properties":{"kind":"physical-region","name":"グランド・キャニオン","source":"Natural Earth 5.1.2","classification":"Gorge","area":4.1119},"geometry":{"type":"Polygon","coordinates":[[[-111.63671,35.65388],[-111.91454,35.66706],[-112.12621,35.48188],[-112.41723,35.37604],[-112.76122,35.37604],[-112.88024,35.34956],[-112.9636,35.32684],[-113.02581,35.30988],[-113.34325,35.27021],[-113.62108,35.30988],[-113.674,35.48188],[-113.88567,35.66706],[-114.04442,35.87873],[-114.08642,36.09669],[-113.98498,36.23743],[-113.88567,36.43439],[-113.87597,36.44851],[-113.74016,36.64606],[-113.56817,36.71882],[-113.36974,36.85767],[-113.16552,37.18677],[-112.95964,37.2281],[-112.61571,37.2281],[-112.3908,37.25458],[-112.15264,37.25458],[-111.75579,37.14875],[-111.53295,37.05274],[-111.40783,36.89136],[-111.39861,36.54023],[-111.38536,36.19623],[-111.35888,36.01105],[-111.37212,35.79938],[-111.63671,35.65388]]]}},{"type":"Feature","properties":{"kind":"physical-region","name":"カリフォルニアセントラルヴァレー","source":"Natural Earth 5.1.2","classification":"Valley","area":5.2447},"geometry":{"type":"Polygon","coordinates":[[[-119.44195,35.21729],[-119.65362,35.37604],[-119.86529,35.69355],[-119.89992,35.78014],[-119.97112,35.95814],[-120.23571,36.21632],[-120.39081,36.53549],[-120.4381,36.63282],[-120.67125,36.96564],[-120.80742,37.04419],[-120.80755,37.04426],[-120.80786,37.0446],[-121.00276,37.25795],[-121.00298,37.25818],[-121.16173,37.41334],[-121.2415,37.57281],[-121.24993,37.58967],[-121.29739,37.63714],[-121.44396,37.78376],[-121.52628,37.89777],[-121.55858,37.94251],[-121.78003,38.00528],[-121.88524,38.0351],[-121.91657,38.04247],[-121.71685,38.03408],[-121.63809,38.06128],[-121.573,38.05239],[-121.52534,38.05591],[-121.62573,38.08394],[-121.68223,38.0748],[-121.74863,38.08047],[-121.88076,38.075],[-121.93418,38.08682],[-121.99312,38.12012],[-122.01482,38.12205],[-122.0172,38.2071],[-122.00196,38.31365],[-121.99071,38.39228],[-122.0172,38.63923],[-122.03484,38.83326],[-122.1848,39.05378],[-122.416,39.28388],[-122.53276,39.57886],[-122.61439,39.78525],[-122.63775,39.84431],[-122.72277,40.05915],[-122.77568,40.28846],[-122.73804,40.33443],[-122.69628,40.38544],[-122.68613,40.58892],[-122.68544,40.60285],[-122.68371,40.63764],[-122.5125,40.73627],[-122.12743,40.66767],[-122.14068,40.32422],[-121.95549,40.16498],[-121.81206,39.83637],[-121.63799,39.64905],[-121.60464,39.60459],[-121.47924,39.43738],[-121.32049,39.14631],[-121.23249,38.89005],[-121.16832,38.70319],[-120.87133,38.11042],[-120.67614,37.88318],[-120.3944,37.62226],[-120.39078,37.61895],[-120.2748,37.51295],[-120.20922,37.45301],[-119.89171,37.09559],[-119.68218,36.96284],[-119.41832,36.82776],[-119.04503,36.35499],[-118.80693,36.03748],[-118.79894,35.7522],[-118.85912,35.41498],[-118.87041,35.15192],[-119.13457,35.06739],[-119.44195,35.21729]]]}},{"type":"Feature","properties":{"kind":"physical-region","name":"五大湖","source":"Natural Earth 5.1.2","classification":"Lake","area":15.3387},"geometry":{"type":"MultiPolygon","coordinates":[[[[-83.4525,43.76463],[-83.47411,43.72114],[-83.49039,43.70332],[-83.51024,43.70629],[-83.51464,43.71455],[-83.51895,43.72574],[-83.52591,43.73224],[-83.53787,43.72675],[-83.60452,43.65131],[-83.6398,43.62368],[-83.67882,43.60814],[-83.71939,43.61384],[-83.76102,43.63373],[-83.81188,43.6446],[-83.83231,43.65664],[-83.8817,43.67072],[-83.90441,43.68212],[-83.92544,43.70165],[-83.94339,43.72785],[-83.94957,43.75601],[-83.93541,43.78144],[-83.93228,43.79145],[-83.93497,43.82465],[-83.93175,43.83979],[-83.92081,43.85106],[-83.90982,43.85981],[-83.90823,43.86872],[-83.92544,43.88076],[-83.88972,43.9584],[-83.86327,43.98981],[-83.82189,44.00422],[-83.81005,44.0034],[-83.78787,43.99799],[-83.77465,43.99738],[-83.76505,44.00007],[-83.74796,44.0091],[-83.73681,44.01105],[-83.72667,44.00995],[-83.70714,44.00532],[-83.69583,44.00422],[-83.69005,44.00959],[-83.68277,44.03571],[-83.67846,44.04523],[-83.6599,44.05329],[-83.61038,44.05492],[-83.59252,44.06265],[-83.58983,44.07294],[-83.59166,44.08527],[-83.59048,44.09553],[-83.57913,44.09984],[-83.5725,44.1048],[-83.56969,44.1164],[-83.56408,44.18667],[-83.55407,44.23066],[-83.53246,44.26586],[-83.49352,44.28539],[-83.48355,44.28644],[-83.4525,44.28539],[-83.45592,44.27961],[-83.46264,44.26411],[-83.46618,44.25812],[-83.45238,44.26765],[-83.40701,44.31025],[-83.39725,44.32294],[-83.39139,44.3264],[-83.36278,44.32685],[-83.35326,44.3295],[-83.33768,44.34544],[-83.33288,44.35395],[-83.32844,44.36738],[-83.3214,44.40786],[-83.31473,44.62401],[-83.31033,44.64517],[-83.29137,44.68134],[-83.28738,44.70319],[-83.28995,44.72456],[-83.29955,44.7652],[-83.30362,44.81265],[-83.30907,44.83299],[-83.31749,44.85102],[-83.32844,44.86762],[-83.33129,44.87348],[-83.33279,44.88325],[-83.3358,44.88813],[-83.34244,44.8924],[-83.35892,44.89899],[-83.37723,44.91376],[-83.4053,44.9278],[-83.41775,44.93651],[-83.42846,44.94611],[-83.4346,44.95332],[-83.43753,44.96308],[-83.43826,44.98062],[-83.44156,44.98749],[-83.44876,44.99201],[-83.45621,44.9951],[-83.45999,44.99799],[-83.4593,45.00727],[-83.45421,45.01097],[-83.44848,45.01411],[-83.44567,45.02155],[-83.44359,45.04694],[-83.4346,45.06525],[-83.41482,45.07624],[-83.38024,45.0799],[-83.37096,45.07567],[-83.34899,45.05476],[-83.3358,45.04637],[-83.31969,45.04169],[-83.30276,45.0395],[-83.26696,45.03897],[-83.2764,45.05646],[-83.31408,45.07026],[-83.32217,45.09357],[-83.319,45.09333],[-83.31212,45.0939],[-83.30508,45.09614],[-83.30167,45.10102],[-83.30252,45.10773],[-83.30492,45.11205],[-83.3074,45.11506],[-83.3085,45.11774],[-83.30972,45.12767],[-83.31725,45.15339],[-83.32217,45.16181],[-83.33202,45.16596],[-83.34573,45.16812],[-83.3579,45.17133],[-83.36315,45.1789],[-83.3911,45.21027],[-83.40892,45.23802],[-83.41153,45.24775],[-83.40954,45.25926],[-83.4038,45.26618],[-83.38366,45.27912],[-83.42248,45.31147],[-83.46532,45.33902],[-83.51016,45.35879],[-83.55492,45.36734],[-83.58959,45.36579],[-83.60338,45.36734],[-83.64354,45.37983],[-83.65799,45.38154],[-83.67455,45.38691],[-83.70019,45.41315],[-83.71939,45.42255],[-83.73074,45.42406],[-83.7672,45.42255],[-83.78104,45.42475],[-83.80907,45.43403],[-83.84398,45.4416],[-83.86315,45.45458],[-83.89757,45.48404],[-83.94302,45.50117],[-84.09618,45.50446],[-84.11608,45.51179],[-84.13134,45.5268],[-84.14114,45.54523],[-84.14456,45.56281],[-84.14989,45.57844],[-84.16275,45.59447],[-84.19237,45.62177],[-84.22387,45.6424],[-84.26879,45.66108],[-84.31827,45.67381],[-84.36368,45.67642],[-84.45836,45.67064],[-84.49893,45.68134],[-84.57596,45.73045],[-84.70633,45.7788],[-84.73868,45.79987],[-84.75491,45.80463],[-84.77457,45.79987],[-84.78539,45.79076],[-84.79263,45.78001],[-84.80297,45.77045],[-84.82299,45.76512],[-84.95641,45.76952],[-84.99437,45.7788],[-84.99437,45.77196],[-84.98001,45.76349],[-84.94546,45.73713],[-84.94249,45.73163],[-84.95511,45.72574],[-84.99437,45.68317],[-85.05398,45.65111],[-85.08231,45.63129],[-85.10355,45.60065],[-85.11046,45.56391],[-85.10416,45.52705],[-85.0891,45.49453],[-85.06945,45.47089],[-85.03812,45.44648],[-85.02123,45.43891],[-84.93004,45.4289],[-84.91112,45.42255],[-84.9357,45.39582],[-84.98583,45.38272],[-85.04174,45.37922],[-85.13024,45.38349],[-85.17447,45.37702],[-85.33434,45.31562],[-85.36779,45.29361],[-85.39159,45.26488],[-85.39932,45.22724],[-85.37792,45.10102],[-85.39269,45.01],[-85.42422,44.93008],[-85.46866,44.85847],[-85.5347,44.77448],[-85.54332,44.76728],[-85.55545,44.7652],[-85.56591,44.76919],[-85.56985,44.77656],[-85.56749,44.78596],[-85.55313,44.80386],[-85.5502,44.81436],[-85.54918,44.8369],[-85.54552,44.84382],[-85.52188,44.86148],[-85.50975,44.87983],[-85.50121,44.9007],[-85.49621,44.92325],[-85.49462,44.94648],[-85.49242,44.95791],[-85.48253,44.97016],[-85.48034,44.98062],[-85.48477,44.99323],[-85.49564,45.00096],[-85.50931,45.00288],[-85.52188,44.99799],[-85.52733,44.98859],[-85.53165,44.97337],[-85.53555,44.94648],[-85.53917,44.9348],[-85.54796,44.9256],[-85.56969,44.90864],[-85.56163,44.90766],[-85.54239,44.90111],[-85.55114,44.89179],[-85.57286,44.87971],[-85.57714,44.87141],[-85.58178,44.84195],[-85.58707,44.82689],[-85.60098,44.81244],[-85.60375,44.79707],[-85.61014,44.78718],[-85.62804,44.79564],[-85.63598,44.80533],[-85.65355,44.83422],[-85.65954,44.85431],[-85.6455,44.88495],[-85.60704,44.94945],[-85.60277,44.96381],[-85.60387,44.97748],[-85.6105,44.98819],[-85.61905,44.99079],[-85.64542,44.98371],[-85.63748,45.00141],[-85.62304,45.02456],[-85.60501,45.04462],[-85.58678,45.05321],[-85.57913,45.06135],[-85.58548,45.08015],[-85.60387,45.11469],[-85.6035,45.14399],[-85.58873,45.15424],[-85.57128,45.15754],[-85.56286,45.1656],[-85.55541,45.18183],[-85.54296,45.19977],[-85.54044,45.21337],[-85.56286,45.2165],[-85.5902,45.1966],[-85.60489,45.19522],[-85.61791,45.19599],[-85.62999,45.19449],[-85.642,45.18602],[-85.69323,45.11469],[-85.70861,45.10098],[-85.75235,45.07119],[-85.7615,45.06249],[-85.76675,45.04515],[-85.81933,44.96524],[-85.83145,44.95417],[-85.84716,44.94953],[-85.86413,44.95392],[-85.89428,44.97313],[-85.90921,44.97748],[-85.91674,44.97846],[-85.92923,44.98273],[-85.9368,44.98371],[-85.94717,44.98163],[-85.9501,44.97663],[-85.95067,44.97016],[-85.95389,44.96381],[-85.98892,44.923],[-86.00109,44.91543],[-86.00931,44.91523],[-86.01651,44.91767],[-86.02282,44.92072],[-86.02835,44.92231],[-86.05972,44.92231],[-86.07653,44.91669],[-86.0808,44.90306],[-86.07681,44.87141],[-86.08983,44.78193],[-86.08361,44.7652],[-86.0924,44.75336],[-86.10314,44.74738],[-86.1162,44.74506],[-86.13207,44.74409],[-86.14184,44.7451],[-86.15819,44.75072],[-86.16617,44.75161],[-86.17309,44.74897],[-86.1892,44.73945],[-86.22619,44.73078],[-86.25467,44.71345],[-86.26964,44.68842],[-86.25866,44.65876],[-86.24161,44.63459],[-86.23375,44.61017],[-86.23416,44.58535],[-86.25231,44.51899],[-86.25866,44.50796],[-86.26366,44.49555],[-86.26403,44.46369],[-86.26859,44.4499],[-86.25418,44.41747],[-86.26749,44.37474],[-86.29166,44.33535],[-86.33731,44.27582],[-86.38109,44.19823],[-86.41263,44.16193],[-86.48876,44.11274],[-86.5183,44.08324],[-86.52184,44.04523],[-86.51138,44.02896],[-86.48099,43.99893],[-86.46951,43.97724],[-86.4595,43.96796],[-86.45263,43.95799],[-86.46154,43.93521],[-86.45995,43.92373],[-86.4536,43.90811],[-86.43676,43.82197],[-86.44188,43.7851],[-86.46719,43.75104],[-86.52196,43.69912],[-86.5397,43.66669],[-86.54296,43.62751],[-86.53567,43.6057],[-86.51346,43.57001],[-86.50491,43.53945],[-86.35635,43.258],[-86.33751,43.24331],[-86.32482,43.25422],[-86.25552,43.27058],[-86.26126,43.25702],[-86.27676,43.24348],[-86.29601,43.23314],[-86.31298,43.22899],[-86.32714,43.22264],[-86.32409,43.2071],[-86.27261,43.10334],[-86.26403,43.06363],[-86.25296,43.03905],[-86.23949,43.01651],[-86.22765,43.00373],[-86.22716,42.9997],[-86.22806,42.99706],[-86.22977,42.99628],[-86.22765,42.99628],[-86.23095,42.99555],[-86.23351,42.99555],[-86.23485,42.99433],[-86.23449,42.99006],[-86.22228,42.96418],[-86.21923,42.70942],[-86.27306,42.47183],[-86.30236,42.3968],[-86.37894,42.25511],[-86.49254,42.12962],[-86.60294,41.94033],[-86.65648,41.87604],[-86.72106,41.82441],[-86.78079,41.79873],[-86.78995,41.7875],[-86.80118,41.77717],[-87.02957,41.68106],[-87.20169,41.63491],[-87.29186,41.628],[-87.38585,41.64004],[-87.40775,41.64606],[-87.42313,41.65396],[-87.43008,41.6669],[-87.42679,41.68781],[-87.45877,41.67841],[-87.49364,41.69794],[-87.57755,41.78864],[-87.59463,41.82005],[-87.61856,41.8933],[-87.64835,41.94465],[-87.66129,42.0329],[-87.66702,42.05158],[-87.67565,42.07075],[-87.68069,42.07852],[-87.68749,42.08511],[-87.72301,42.09691],[-87.72842,42.1022],[-87.7327,42.10834],[-87.7421,42.11587],[-87.7515,42.12515],[-87.75577,42.13662],[-87.75784,42.14728],[-87.76305,42.15713],[-87.79686,42.20576],[-87.81273,42.24018],[-87.82254,42.27945],[-87.82616,42.35493],[-87.82461,42.36628],[-87.82103,42.37442],[-87.81631,42.3793],[-87.81216,42.38532],[-87.80358,42.4829],[-87.81041,42.56859],[-87.80814,42.57836],[-87.80407,42.5893],[-87.80236,42.60016],[-87.81033,42.6175],[-87.81188,42.63044],[-87.81176,42.64395],[-87.81041,42.65363],[-87.80142,42.67211],[-87.78038,42.70417],[-87.77005,42.77163],[-87.77123,42.78986],[-87.78307,42.81192],[-87.82461,42.85285],[-87.83446,42.86701],[-87.83829,42.87727],[-87.84118,42.95856],[-87.84923,42.98176],[-87.86563,43.00373],[-87.89306,43.00947],[-87.90054,43.02269],[-87.89562,43.04035],[-87.87515,43.07599],[-87.87267,43.08397],[-87.87182,43.09618],[-87.87621,43.10195],[-87.89538,43.11408],[-87.89977,43.12385],[-87.89574,43.14643],[-87.88842,43.16206],[-87.88512,43.17817],[-87.89293,43.20234],[-87.90197,43.22004],[-87.90612,43.23151],[-87.90722,43.26716],[-87.87869,43.34296],[-87.87182,43.3736],[-87.80789,43.46613],[-87.79336,43.50605],[-87.80358,43.53815],[-87.79849,43.562],[-87.78763,43.58161],[-87.72598,43.66254],[-87.70055,43.70942],[-87.708,43.71625],[-87.70226,43.72675],[-87.7034,43.72972],[-87.708,43.73729],[-87.69933,43.74755],[-87.69616,43.7569],[-87.69701,43.76679],[-87.70055,43.77831],[-87.72265,43.8072],[-87.72472,43.81184],[-87.73221,43.82315],[-87.73306,43.84882],[-87.72436,43.92536],[-87.72098,43.93537],[-87.70324,43.95726],[-87.70055,43.96638],[-87.69766,43.99136],[-87.69017,44.01211],[-87.6376,44.10029],[-87.6223,44.11726],[-87.60753,44.12641],[-87.55028,44.14826],[-87.53116,44.16193],[-87.51354,44.17914],[-87.50064,44.19892],[-87.49572,44.22028],[-87.50198,44.23627],[-87.54284,44.27798],[-87.55028,44.31273],[-87.54796,44.32429],[-87.53873,44.3439],[-87.53344,44.35936],[-87.5194,44.38056],[-87.51614,44.39094],[-87.5139,44.41389],[-87.48538,44.52631],[-87.46605,44.57001],[-87.44042,44.60692],[-87.39236,44.65103],[-87.3826,44.67072],[-87.36856,44.68744],[-87.36535,44.69261],[-87.36388,44.70392],[-87.36034,44.71589],[-87.32925,44.78156],[-87.32799,44.80353],[-87.34793,44.81306],[-87.37137,44.81891],[-87.39037,44.83332],[-87.41934,44.86762],[-87.4501,44.8863],[-87.47301,44.87641],[-87.49332,44.864],[-87.51614,44.87507],[-87.5546,44.84544],[-87.57022,44.83739],[-87.56457,44.85464],[-87.58959,44.85602],[-87.61767,44.84431],[-87.64306,44.8273],[-87.66015,44.81306],[-87.69628,44.77228],[-87.72842,44.72362],[-87.71951,44.70844],[-87.73034,44.69208],[-87.74706,44.67683],[-87.75577,44.66527],[-87.76712,44.65668],[-87.83829,44.63426],[-87.8828,44.6103],[-87.90429,44.59369],[-87.91344,44.57648],[-87.92248,44.55297],[-87.94445,44.54247],[-87.97134,44.5412],[-87.99535,44.54548],[-88.01256,44.55386],[-88.03262,44.56769],[-88.04349,44.58071],[-88.03319,44.58649],[-88.02428,44.61616],[-88.02038,44.63825],[-88.01488,44.64712],[-88.00809,44.654],[-87.99869,44.66694],[-87.99197,44.6708],[-87.98913,44.67524],[-87.99498,44.69058],[-87.99535,44.69636],[-87.98843,44.72012],[-87.98257,44.72948],[-87.97179,44.74067],[-87.94982,44.75483],[-87.93871,44.76411],[-87.93387,44.77485],[-87.932,44.78612],[-87.92703,44.7989],[-87.9204,44.81098],[-87.91344,44.8205],[-87.85839,44.8664],[-87.84069,44.89362],[-87.85196,44.92231],[-87.82299,44.9492],[-87.77713,44.96312],[-87.68749,44.97748],[-87.66613,44.98432],[-87.64855,44.99331],[-87.63663,45.00707],[-87.63223,45.02839],[-87.63341,45.04979],[-87.6326,45.06094],[-87.62914,45.06932],[-87.60245,45.09858],[-87.59813,45.10786],[-87.60692,45.15241],[-87.60363,45.17341],[-87.56041,45.19098],[-87.34484,45.42255],[-87.33939,45.43354],[-87.33292,45.45783],[-87.32779,45.46723],[-87.30826,45.48282],[-87.29992,45.4912],[-87.28222,45.53925],[-87.27115,45.55463],[-87.23632,45.59296],[-87.21276,45.6103],[-87.17357,45.66893],[-87.15526,45.67976],[-87.11181,45.69038],[-87.09439,45.70026],[-87.07999,45.73233],[-87.07738,45.73444],[-87.07116,45.7788],[-87.0563,45.81831],[-87.04275,45.83845],[-87.02615,45.84707],[-87.0181,45.8583],[-86.99942,45.90937],[-86.98794,45.92341],[-86.97082,45.92328],[-86.96483,45.91266],[-86.96544,45.89883],[-86.96813,45.88866],[-86.97598,45.87523],[-86.99649,45.85228],[-87.00223,45.84089],[-87.00211,45.82294],[-86.99584,45.80878],[-86.9877,45.79682],[-86.98172,45.78563],[-86.97985,45.76874],[-86.98794,45.72077],[-86.98367,45.70498],[-86.97436,45.69306],[-86.96487,45.68989],[-86.96068,45.70026],[-86.9525,45.70677],[-86.9143,45.71597],[-86.88834,45.71906],[-86.87137,45.72386],[-86.85692,45.73135],[-86.85082,45.74091],[-86.84386,45.7565],[-86.81729,45.78531],[-86.81725,45.79987],[-86.8048,45.80598],[-86.7954,45.81306],[-86.78812,45.82217],[-86.7825,45.83405],[-86.79198,45.85529],[-86.77908,45.86522],[-86.75683,45.86815],[-86.73843,45.86815],[-86.70193,45.84943],[-86.67736,45.84219],[-86.65555,45.85077],[-86.64151,45.86445],[-86.62694,45.87474],[-86.61046,45.88264],[-86.59073,45.88866],[-86.56998,45.89248],[-86.55724,45.89045],[-86.54764,45.88247],[-86.53612,45.86815],[-86.56876,45.80219],[-86.56652,45.79243],[-86.56314,45.79035],[-86.56204,45.78563],[-86.56314,45.78095],[-86.56652,45.7788],[-86.57388,45.77993],[-86.58727,45.78457],[-86.59415,45.78563],[-86.61832,45.78563],[-86.62857,45.78457],[-86.62975,45.78156],[-86.62853,45.77725],[-86.63378,45.7683],[-86.63736,45.75576],[-86.63915,45.75153],[-86.64261,45.74994],[-86.64806,45.7495],[-86.65396,45.74828],[-86.65905,45.74462],[-86.66942,45.71589],[-86.67638,45.70685],[-86.70889,45.68472],[-86.71231,45.67373],[-86.70059,45.65526],[-86.68993,45.64472],[-86.65905,45.628],[-86.6422,45.61612],[-86.63187,45.6105],[-86.62182,45.6081],[-86.61132,45.61286],[-86.61111,45.62324],[-86.61535,45.63377],[-86.61803,45.63882],[-86.61917,45.64379],[-86.6243,45.6529],[-86.62548,45.659],[-86.62255,45.66665],[-86.61588,45.66791],[-86.60855,45.66722],[-86.60375,45.66893],[-86.5841,45.70478],[-86.56896,45.71865],[-86.53714,45.72687],[-86.53197,45.73404],[-86.52978,45.74396],[-86.52929,45.75519],[-86.52428,45.76191],[-86.51244,45.76411],[-86.48831,45.76512],[-86.44738,45.7788],[-86.44144,45.78343],[-86.43309,45.79499],[-86.42626,45.79987],[-86.41141,45.80317],[-86.37389,45.80659],[-86.35794,45.81354],[-86.35049,45.81977],[-86.35794,45.82661],[-86.33145,45.88312],[-86.29813,45.92658],[-86.25186,45.95453],[-86.07994,45.9737],[-86.04202,45.97061],[-85.97838,45.95515],[-85.9191,45.92963],[-85.92333,45.95303],[-85.91592,45.96792],[-85.89745,45.97577],[-85.79015,45.98696],[-85.66186,45.98493],[-85.64464,45.99152],[-85.63097,46.00715],[-85.61063,46.0388],[-85.54581,46.09813],[-85.52526,46.10708],[-85.44555,46.10155],[-85.41466,46.11392],[-85.40518,46.11522],[-85.39419,46.11017],[-85.38211,46.10151],[-85.37039,46.0954],[-85.3605,46.09813],[-85.33947,46.1092],[-85.31815,46.10358],[-85.28173,46.08047],[-85.26089,46.07502],[-85.1929,46.07364],[-85.17064,46.06924],[-85.11783,46.04633],[-85.02098,46.02521],[-85.00414,46.01459],[-84.96837,45.98432],[-84.95617,45.97801],[-84.94669,45.9715],[-84.92504,45.94302],[-84.91482,45.93647],[-84.89493,45.93464],[-84.87137,45.92829],[-84.85171,45.91673],[-84.8435,45.89887],[-84.82433,45.88019],[-84.78087,45.86245],[-84.73449,45.857],[-84.70633,45.87507],[-84.72403,45.88231],[-84.73172,45.90152],[-84.72842,45.92276],[-84.71317,45.93647],[-84.72411,45.94331],[-84.72989,45.95283],[-84.72879,45.96455],[-84.71935,45.97801],[-84.70592,45.98578],[-84.69534,45.98672],[-84.68834,45.99091],[-84.67764,46.04361],[-84.65661,46.05622],[-84.6278,46.05256],[-84.59642,46.0388],[-84.5764,46.04755],[-84.55643,46.04198],[-84.54113,46.02729],[-84.53502,46.00849],[-84.53368,45.99535],[-84.5303,45.99091],[-84.52135,45.99168],[-84.51663,45.9936],[-84.50158,46.003],[-84.49405,46.00536],[-84.46609,45.98493],[-84.45987,46.00633],[-84.45336,46.01358],[-84.39749,46.00869],[-84.37283,45.99543],[-84.35623,45.99168],[-84.35558,45.99396],[-84.3494,45.9986],[-84.34073,46.00324],[-84.33267,46.00536],[-84.31981,46.00324],[-84.29922,45.99384],[-84.28856,45.99168],[-84.22305,45.99335],[-84.02233,45.96418],[-84.01427,45.96064],[-84.00357,45.95848],[-83.9945,45.96235],[-83.98502,45.96776],[-83.9733,45.97061],[-83.91934,45.97639],[-83.90441,45.97061],[-83.90311,45.98176],[-83.89969,45.99189],[-83.89074,46.01154],[-83.90811,46.01508],[-83.92117,46.02302],[-83.93277,46.03205],[-83.94595,46.0388],[-83.9663,46.04279],[-83.98257,46.04413],[-83.99747,46.04804],[-84.01358,46.06],[-84.04947,46.09333],[-84.05521,46.10155],[-84.05455,46.11652],[-84.04735,46.12714],[-84.03722,46.13691],[-84.02944,46.14735],[-84.0292,46.14702],[-83.97778,46.08491],[-83.95117,46.07997],[-83.94852,46.07563],[-83.93541,46.07364],[-83.92883,46.07583],[-83.91304,46.0729],[-83.76318,46.10908],[-83.66929,46.12275],[-83.61597,46.11685],[-83.52476,46.05869],[-83.48013,46.02373],[-83.46948,45.99468],[-83.59268,45.81714],[-83.39731,45.72905],[-83.1793,45.63276],[-82.91934,45.51797],[-82.7604,45.4477],[-82.55107,45.34736],[-82.51523,45.20439],[-82.48506,45.08374],[-82.44658,44.91553],[-82.40737,44.74394],[-82.36826,44.573],[-82.32681,44.39155],[-82.28125,44.19224],[-82.24077,44.01533],[-82.19658,43.82222],[-82.13784,43.5709],[-82.19038,43.47407],[-82.30478,43.26323],[-82.4082,43.07266],[-82.41723,43.01741],[-82.42467,43.02416],[-82.43187,43.03945],[-82.45885,43.08332],[-82.46874,43.09248],[-82.47594,43.10224],[-82.52652,43.27676],[-82.54723,43.45087],[-82.57958,43.52847],[-82.63695,43.81184],[-82.67272,43.87002],[-82.67789,43.88418],[-82.68114,43.90473],[-82.68944,43.92133],[-82.74254,43.98139],[-82.77465,44.00593],[-82.81163,44.02607],[-82.92349,44.06989],[-82.94852,44.0725],[-82.96837,44.07026],[-83.01834,44.05817],[-83.03356,44.05207],[-83.06896,44.02241],[-83.08654,44.01407],[-83.11986,44.01105],[-83.13244,44.00788],[-83.15563,43.9938],[-83.16824,43.99063],[-83.24026,43.98908],[-83.25015,43.98676],[-83.25829,43.98286],[-83.26696,43.9763],[-83.29686,43.94575],[-83.30167,43.93879],[-83.31595,43.9313],[-83.40478,43.9217],[-83.38598,43.91681],[-83.36551,43.91645],[-83.34752,43.91364],[-83.3358,43.90119],[-83.37051,43.8732],[-83.38919,43.85444],[-83.39725,43.83601],[-83.40429,43.81367],[-83.4525,43.76463]],[[-86.98172,45.24437],[-86.98807,45.25385],[-86.99169,45.26236],[-86.99185,45.27058],[-86.98794,45.27912],[-86.98294,45.2923],[-86.98998,45.29556],[-87.01529,45.29218],[-87.04581,45.29247],[-87.05761,45.29658],[-87.07116,45.30646],[-87.07815,45.29963],[-87.08206,45.29267],[-87.08377,45.28486],[-87.08422,45.27546],[-87.08792,45.26992],[-87.09642,45.26797],[-87.10562,45.26703],[-87.11148,45.26488],[-87.12865,45.22061],[-87.13134,45.20653],[-87.13895,45.19721],[-87.17276,45.18806],[-87.18041,45.1789],[-87.18737,45.16828],[-87.20348,45.16918],[-87.22171,45.17414],[-87.23498,45.17548],[-87.24853,45.1662],[-87.25931,45.15034],[-87.26651,45.13105],[-87.27103,45.09821],[-87.27599,45.08845],[-87.28958,45.07306],[-87.29031,45.06904],[-87.28869,45.05683],[-87.28958,45.05321],[-87.2941,45.05231],[-87.30569,45.05414],[-87.31009,45.05321],[-87.36868,45.00039],[-87.39322,44.96475],[-87.40628,44.92231],[-87.3992,44.88276],[-87.37393,44.84492],[-87.33743,44.82038],[-87.2965,44.8205],[-87.28043,44.83039],[-87.2316,44.87816],[-87.22448,44.88788],[-87.21923,44.90717],[-87.21451,44.91543],[-87.20511,44.92194],[-87.18338,44.92943],[-87.17357,44.93651],[-87.19717,44.95478],[-87.18411,44.98623],[-87.13878,45.03897],[-87.12967,45.06013],[-87.12271,45.06928],[-87.11148,45.07306],[-87.1044,45.07119],[-87.09537,45.06761],[-87.08751,45.0659],[-87.08422,45.06932],[-87.08523,45.08804],[-87.08348,45.09203],[-87.07738,45.10102],[-87.07181,45.10419],[-87.06412,45.10456],[-87.05626,45.10651],[-87.04943,45.11469],[-87.08792,45.14273],[-87.09781,45.15567],[-87.08414,45.15986],[-87.0712,45.15839],[-87.0432,45.14883],[-87.04601,45.15835],[-87.05492,45.17255],[-87.05687,45.18232],[-87.05508,45.19245],[-87.0432,45.22394],[-87.04723,45.23021],[-87.05508,45.23603],[-87.05704,45.24095],[-87.0432,45.24437],[-87.03299,45.24226],[-86.99478,45.22394],[-86.98172,45.24437]],[[-84.35623,45.78563],[-84.38854,45.79279],[-84.40091,45.80048],[-84.40526,45.81354],[-84.42007,45.82661],[-84.42479,45.82127],[-84.42638,45.80866],[-84.432,45.79987],[-84.44237,45.80036],[-84.46605,45.81086],[-84.53197,45.8225],[-84.55923,45.82368],[-84.58279,45.81354],[-84.56888,45.80207],[-84.52135,45.77196],[-84.48778,45.74396],[-84.47354,45.73721],[-84.45568,45.73355],[-84.43468,45.73233],[-84.41417,45.73347],[-84.39782,45.73721],[-84.38541,45.74653],[-84.36705,45.77473],[-84.35623,45.78563]],[[-86.07681,45.04637],[-86.08646,45.04719],[-86.09533,45.04963],[-86.1035,45.05366],[-86.11095,45.05939],[-86.12926,45.055],[-86.14354,45.04173],[-86.15026,45.02513],[-86.14566,45.01097],[-86.12369,45.00161],[-86.10611,45.01276],[-86.09109,45.03189],[-86.07681,45.04637]],[[-86.8529,45.40375],[-86.86449,45.41568],[-86.88341,45.41669],[-86.90294,45.4112],[-86.92044,45.40965],[-86.93334,45.42255],[-86.94384,45.43089],[-86.95255,45.42328],[-86.95848,45.40766],[-86.96068,45.39208],[-86.95665,45.36644],[-86.95995,45.35737],[-86.97436,45.3474],[-86.96463,45.34292],[-86.95181,45.34333],[-86.92711,45.3474],[-86.86449,45.34056],[-86.86925,45.35041],[-86.87186,45.35423],[-86.86217,45.36978],[-86.85399,45.38727],[-86.8529,45.40375]],[[-84.34256,45.95694],[-84.34866,45.96833],[-84.35782,45.97602],[-84.36954,45.97944],[-84.38357,45.97801],[-84.37796,45.99116],[-84.38415,45.99775],[-84.41149,46.00536],[-84.4254,45.99527],[-84.432,45.99168],[-84.432,45.98493],[-84.42406,45.98371],[-84.42007,45.98208],[-84.41698,45.98017],[-84.41149,45.97801],[-84.42516,45.97061],[-84.40221,45.96198],[-84.38419,45.95799],[-84.34256,45.95694]],[[-85.44555,45.8061],[-85.44701,45.8133],[-85.45279,45.81379],[-85.46044,45.81232],[-85.46728,45.81354],[-85.48221,45.82392],[-85.50084,45.83405],[-85.50455,45.83539],[-85.50796,45.83568],[-85.51122,45.83686],[-85.51443,45.84089],[-85.51834,45.82022],[-85.50601,45.805],[-85.48526,45.79564],[-85.46353,45.79243],[-85.45779,45.79389],[-85.45214,45.79743],[-85.44762,45.80191],[-85.44555,45.8061]],[[-85.82742,45.41596],[-85.83536,45.43256],[-85.85021,45.44693],[-85.87023,45.46064],[-85.87479,45.46296],[-85.87938,45.46247],[-85.885,45.45726],[-85.84158,45.40428],[-85.83348,45.39863],[-85.82742,45.41596]],[[-85.4877,45.65021],[-85.49804,45.67813],[-85.50084,45.69379],[-85.49905,45.70482],[-85.49621,45.71552],[-85.49564,45.72614],[-85.50084,45.73721],[-85.50601,45.74531],[-85.50504,45.75259],[-85.49869,45.75918],[-85.48778,45.76512],[-85.50394,45.77017],[-85.53917,45.77367],[-85.55545,45.7788],[-85.55594,45.7602],[-85.55809,45.7475],[-85.56241,45.73676],[-85.56969,45.72419],[-85.57824,45.71357],[-85.58739,45.70453],[-85.59463,45.69424],[-85.60599,45.65119],[-85.62039,45.63133],[-85.62511,45.61518],[-85.60411,45.59723],[-85.57291,45.59162],[-85.53616,45.59854],[-85.50426,45.61441],[-85.48778,45.63544],[-85.4877,45.65021]],[[-83.48229,45.99433],[-83.47924,46.00536],[-83.49853,46.01703],[-83.52371,46.02082],[-83.54556,46.02961],[-83.55492,46.05659],[-83.562,46.07612],[-83.5795,46.09016],[-83.62381,46.10782],[-83.68749,46.1105],[-83.71532,46.10611],[-83.7163,46.09101],[-83.70397,46.08466],[-83.68932,46.08259],[-83.67874,46.07697],[-83.67846,46.06],[-83.68468,46.05069],[-83.6953,46.04536],[-83.71939,46.0388],[-83.74356,46.02945],[-83.75548,46.02631],[-83.77098,46.02521],[-83.77807,46.02094],[-83.79357,46.00214],[-83.80508,45.99795],[-83.82352,46.00641],[-83.84463,46.02119],[-83.86583,46.02627],[-83.88451,46.00536],[-83.88687,45.99087],[-83.8815,45.98404],[-83.87401,45.98188],[-83.87023,45.98143],[-83.86583,45.99331],[-83.85595,45.99018],[-83.84549,45.98086],[-83.83951,45.97431],[-83.83263,45.96869],[-83.80822,45.95694],[-83.8024,45.94587],[-83.80199,45.94391],[-83.79552,45.94449],[-83.78494,45.94961],[-83.78087,45.95075],[-83.74364,45.95075],[-83.73375,45.94758],[-83.7224,45.94139],[-83.71129,45.93732],[-83.70238,45.94017],[-83.6796,45.95539],[-83.6577,45.95506],[-83.61636,45.93647],[-83.59268,45.93033],[-83.56322,45.92792],[-83.53543,45.93073],[-83.51708,45.94017],[-83.48229,45.99433]],[[-85.98815,45.09691],[-85.98563,45.10871],[-85.97745,45.12165],[-85.97436,45.13451],[-85.98168,45.14643],[-85.99425,45.15424],[-86.0089,45.16096],[-86.02221,45.16926],[-86.03783,45.1684],[-86.04886,45.1612],[-86.06314,45.14203],[-86.02953,45.08979],[-86.00406,45.07392],[-85.97436,45.08735],[-85.98815,45.09691]]],[[[-84.0421,46.14936],[-84.05346,46.15266],[-84.07571,46.16242],[-84.08239,46.16303],[-84.09708,46.16132],[-84.10363,46.16242],[-84.10806,46.16669],[-84.1173,46.1835],[-84.13577,46.18781],[-84.16556,46.19107],[-84.19323,46.18977],[-84.20543,46.18008],[-84.21654,46.17398],[-84.23949,46.1905],[-84.25841,46.21271],[-84.25756,46.22382],[-84.23465,46.22919],[-84.20275,46.25043],[-84.1787,46.25178],[-84.18936,46.26996],[-84.21471,46.29637],[-84.21972,46.3166],[-84.22448,46.35537],[-84.22985,46.37409],[-84.23672,46.38215],[-84.2683,46.43301],[-84.28014,46.45946],[-84.31871,46.49543],[-84.33605,46.50678],[-84.35867,46.51366],[-84.38296,46.51577],[-84.40526,46.51244],[-84.42296,46.50308],[-84.45987,46.46406],[-84.48973,46.4466],[-84.52916,46.42988],[-84.56981,46.42353],[-84.6033,46.4374],[-84.59411,46.45791],[-84.61832,46.48436],[-84.65652,46.5019],[-84.68928,46.49543],[-84.71508,46.47858],[-84.74954,46.46662],[-84.78649,46.45954],[-84.81957,46.45722],[-84.83544,46.45962],[-84.87759,46.47834],[-84.91482,46.48457],[-84.92178,46.48749],[-84.93603,46.50165],[-84.94591,46.50629],[-84.9591,46.50495],[-84.99205,46.49372],[-85.00796,46.49201],[-85.02713,46.49673],[-85.03966,46.50536],[-85.04825,46.51765],[-85.05578,46.53294],[-85.02794,46.55606],[-85.01793,46.57323],[-85.03124,46.60688],[-85.01334,46.72419],[-85.00796,46.739],[-84.99417,46.75145],[-84.9768,46.75943],[-84.96117,46.76899],[-84.95275,46.7862],[-84.97619,46.78408],[-85.01781,46.77464],[-85.03897,46.77253],[-85.1232,46.77973],[-85.20031,46.77534],[-85.29296,46.75458],[-85.47558,46.68952],[-85.52188,46.68378],[-85.86059,46.70873],[-85.89184,46.70429],[-85.89867,46.71109],[-85.92614,46.69929],[-86.09097,46.67548],[-86.11852,46.6789],[-86.14566,46.69062],[-86.28287,46.62173],[-86.39647,46.58609],[-86.43651,46.56244],[-86.47252,46.55805],[-86.48831,46.55341],[-86.53332,46.52656],[-86.54638,46.51586],[-86.59459,46.46556],[-86.62552,46.44391],[-86.65905,46.4374],[-86.65709,46.4418],[-86.65416,46.45283],[-86.65213,46.45722],[-86.68069,46.45759],[-86.70202,46.46068],[-86.72,46.46988],[-86.73843,46.48823],[-86.7598,46.50117],[-86.78014,46.49555],[-86.81046,46.47089],[-86.83043,46.46263],[-86.85782,46.45746],[-86.88199,46.45991],[-86.89236,46.47456],[-86.89713,46.4833],[-86.90832,46.48481],[-86.92093,46.48469],[-86.93021,46.48823],[-86.96068,46.51927],[-86.96561,46.52875],[-86.96683,46.53498],[-86.97025,46.54023],[-86.98172,46.54727],[-86.9945,46.55174],[-87.00841,46.55345],[-87.0218,46.55109],[-87.03295,46.54352],[-87.0421,46.53921],[-87.05517,46.53827],[-87.0808,46.53974],[-87.08646,46.53596],[-87.10302,46.51813],[-87.11148,46.51244],[-87.13561,46.51081],[-87.18322,46.5174],[-87.22619,46.50239],[-87.34817,46.51683],[-87.37356,46.52656],[-87.38769,46.54711],[-87.39269,46.59736],[-87.39672,46.6044],[-87.40709,46.60895],[-87.45934,46.62568],[-87.46939,46.63508],[-87.46776,46.6496],[-87.48595,46.65892],[-87.50613,46.67341],[-87.52249,46.69058],[-87.52921,46.70767],[-87.53921,46.71727],[-87.58499,46.75218],[-87.59813,46.76569],[-87.61441,46.80939],[-87.62975,46.8286],[-87.64965,46.82404],[-87.66076,46.82005],[-87.66812,46.82917],[-87.67691,46.85139],[-87.68436,46.85248],[-87.70897,46.84699],[-87.72098,46.84829],[-87.73095,46.85517],[-87.74075,46.87328],[-87.74893,46.88239],[-87.75833,46.88471],[-87.76964,46.88386],[-87.77916,46.88475],[-87.78307,46.89232],[-87.7965,46.90111],[-87.90286,46.92113],[-88.06387,46.93122],[-88.11901,46.92764],[-88.19852,46.91161],[-88.21508,46.89912],[-88.22423,46.87836],[-88.24633,46.85668],[-88.27322,46.84007],[-88.29699,46.83462],[-88.29699,46.84081],[-88.27648,46.86091],[-88.25915,46.88849],[-88.23941,46.91283],[-88.18362,46.93301],[-88.15433,46.95307],[-88.14415,46.97036],[-88.17349,46.97175],[-88.18883,46.96699],[-88.23498,46.94383],[-88.27855,46.91352],[-88.31005,46.90388],[-88.33934,46.88081],[-88.35534,46.87556],[-88.38915,46.8725],[-88.40042,46.8662],[-88.38638,46.85444],[-88.44091,46.80044],[-88.47472,46.77351],[-88.4888,46.77998],[-88.48465,46.78644],[-88.47562,46.79047],[-88.46569,46.79352],[-88.45836,46.79707],[-88.45604,46.80288],[-88.4591,46.80891],[-88.47952,46.83832],[-88.4827,46.84805],[-88.47887,46.85814],[-88.47252,46.86738],[-88.46927,46.87678],[-88.47,46.88622],[-88.47574,46.89545],[-88.46304,46.91275],[-88.45189,46.93574],[-88.444,46.96019],[-88.44103,46.98168],[-88.44689,47.00113],[-88.46121,47.02009],[-88.47928,47.03612],[-88.49625,47.04682],[-88.50296,47.04654],[-88.50943,47.04247],[-88.51614,47.04072],[-88.52355,47.04682],[-88.52396,47.05146],[-88.51781,47.06196],[-88.50963,47.0893],[-88.50784,47.10114],[-88.51269,47.11176],[-88.53539,47.12515],[-88.58739,47.12979],[-88.6129,47.13565],[-88.63492,47.15107],[-88.6372,47.16791],[-88.63061,47.1883],[-88.62597,47.21442],[-88.63585,47.23688],[-88.6586,47.23786],[-88.68387,47.2281],[-88.85192,47.12881],[-88.87963,47.11913],[-88.88663,47.11518],[-88.90652,47.08625],[-88.91055,47.08161],[-88.91625,47.0727],[-88.95181,47.03132],[-88.96862,47.01895],[-88.97887,47.01626],[-89.01016,47.01276],[-89.05004,47.0008],[-89.06139,46.99909],[-89.11022,47.00702],[-89.13077,47.00605],[-89.15355,46.99226],[-89.22671,46.93623],[-89.30797,46.89338],[-89.39769,46.86384],[-89.79422,46.83015],[-89.83483,46.81558],[-90.01757,46.69741],[-90.05968,46.68049],[-90.23697,46.64033],[-90.28958,46.61717],[-90.30179,46.61489],[-90.33495,46.61335],[-90.36185,46.60855],[-90.38695,46.60008],[-90.43521,46.57648],[-90.45446,46.57713],[-90.49734,46.59439],[-90.56973,46.607],[-90.6621,46.64452],[-90.73636,46.69501],[-90.75683,46.70429],[-90.75003,46.70026],[-90.73009,46.68378],[-90.74124,46.68452],[-90.75194,46.68334],[-90.76199,46.68049],[-90.77103,46.67634],[-90.77103,46.67011],[-90.73632,46.67011],[-90.75499,46.65087],[-90.78116,46.63715],[-90.90079,46.60212],[-90.93008,46.59772],[-90.95604,46.60741],[-90.94449,46.62702],[-90.9274,46.64688],[-90.86319,46.70087],[-90.85778,46.71247],[-90.86234,46.7226],[-90.87002,46.73224],[-90.87413,46.74213],[-90.8723,46.75935],[-90.866,46.78071],[-90.85428,46.79898],[-90.83597,46.80663],[-90.81871,46.81647],[-90.79373,46.86176],[-90.77725,46.87556],[-90.78185,46.88544],[-90.7847,46.88923],[-90.76159,46.89765],[-90.76415,46.90571],[-90.77701,46.91324],[-90.7847,46.91991],[-90.78869,46.93911],[-90.79898,46.94554],[-90.82909,46.94383],[-90.8345,46.94672],[-90.83654,46.95332],[-90.83739,46.96027],[-90.83934,46.9643],[-90.84846,46.96796],[-90.85696,46.97028],[-90.87723,46.97175],[-90.88431,46.96865],[-90.88854,46.96162],[-90.89151,46.95425],[-90.89456,46.95002],[-90.90416,46.94709],[-90.9147,46.94514],[-90.93582,46.94383],[-90.94424,46.94481],[-90.95922,46.94904],[-90.96597,46.95002],[-90.9757,46.94823],[-90.98192,46.94416],[-90.98619,46.93977],[-90.99014,46.937],[-91.03344,46.92284],[-91.04479,46.91649],[-91.04922,46.91039],[-91.05081,46.90347],[-91.0537,46.89777],[-91.06216,46.89545],[-91.08194,46.89484],[-91.09057,46.89305],[-91.0994,46.88923],[-91.11526,46.86668],[-91.12829,46.85936],[-91.14782,46.86811],[-91.14611,46.87401],[-91.14647,46.87641],[-91.14757,46.87816],[-91.14782,46.88239],[-91.16763,46.86783],[-91.19009,46.86156],[-91.20352,46.8675],[-91.1962,46.88923],[-91.22476,46.88447],[-91.27465,46.85346],[-91.35277,46.81843],[-91.40111,46.7862],[-91.4147,46.79438],[-91.49047,46.77253],[-91.56969,46.76415],[-91.79308,46.70596],[-91.93932,46.68985],[-91.96341,46.69062],[-92.02664,46.71357],[-92.04223,46.71727],[-92.05895,46.72407],[-92.08279,46.73994],[-92.1044,46.75837],[-92.11425,46.77253],[-92.09533,46.80414],[-92.04796,46.83422],[-91.95657,46.87556],[-91.89749,46.91161],[-91.85973,46.92084],[-91.79833,46.95002],[-91.74564,46.99283],[-91.7119,47.00312],[-91.65494,47.03319],[-91.64928,47.03925],[-91.63878,47.05443],[-91.63382,47.05988],[-91.62365,47.06387],[-91.61002,47.06712],[-91.59801,47.07306],[-91.59288,47.0847],[-91.58178,47.09658],[-91.51098,47.12202],[-91.01232,47.49299],[-90.94921,47.5124],[-90.79153,47.61603],[-90.53283,47.71166],[-90.3959,47.74193],[-90.34586,47.74641],[-90.32864,47.75011],[-90.28771,47.76765],[-90.08536,47.81135],[-89.74319,47.93073],[-89.72496,47.94147],[-89.69302,47.96674],[-89.66531,47.9759],[-89.64847,47.99474],[-89.63646,47.99897],[-89.60692,47.99156],[-89.5902,47.99067],[-89.57811,47.99897],[-89.57751,48.00175],[-89.55059,47.9999],[-89.45566,47.99624],[-89.27319,48.01997],[-89.18564,48.04741],[-89.0626,48.0938],[-88.89868,48.15571],[-88.61177,48.26401],[-88.37817,48.30308],[-88.16065,48.22539],[-87.98745,48.15689],[-87.92051,48.13037],[-87.7439,48.06055],[-87.49424,47.96177],[-87.20801,47.84849],[-86.92183,47.73521],[-86.67217,47.63643],[-86.49556,47.5666],[-86.42856,47.54009],[-86.23447,47.46006],[-86.04038,47.38003],[-85.84634,47.3],[-85.65225,47.21997],[-85.4582,47.13994],[-85.26411,47.05996],[-85.07007,46.97993],[-84.87598,46.8999],[-84.82705,46.76685],[-84.77939,46.6373],[-84.66577,46.54326],[-84.56177,46.45737],[-84.50156,46.46187],[-84.44048,46.49815],[-84.40171,46.51562],[-84.33672,46.51851],[-84.31895,46.52232],[-84.31656,46.52143],[-84.30223,46.51927],[-84.25768,46.52684],[-84.21947,46.54198],[-84.19181,46.5495],[-84.14946,46.54277],[-84.1252,46.52725],[-84.1251,46.52611],[-84.14196,46.53278],[-84.18151,46.53661],[-84.19921,46.54727],[-84.24975,46.51472],[-84.26439,46.50251],[-84.27737,46.48249],[-84.2672,46.47541],[-84.24954,46.47138],[-84.24014,46.46064],[-84.23803,46.44701],[-84.22598,46.40843],[-84.21972,46.39643],[-84.20348,46.38532],[-84.18472,46.37641],[-84.17321,46.36542],[-84.1787,46.34797],[-84.15506,46.34577],[-84.14297,46.34268],[-84.12259,46.33153],[-84.11742,46.33828],[-84.11718,46.34878],[-84.12039,46.35419],[-84.12918,46.35993],[-84.17186,46.41352],[-84.17772,46.42325],[-84.17894,46.43391],[-84.1787,46.45409],[-84.17345,46.46503],[-84.14745,46.50202],[-84.13305,46.51724],[-84.13085,46.52094],[-84.12857,46.52363],[-84.125,46.5249],[-84.12319,46.50293],[-84.12812,46.48359],[-84.15049,46.44477],[-84.11519,46.3708],[-84.10904,46.30272],[-84.10985,46.29955],[-84.10924,46.29263],[-84.10648,46.28352],[-84.10547,46.28128],[-84.08838,46.22651],[-84.03094,46.14936],[-84.0421,46.14936]],[[-88.59537,48.05964],[-88.59122,48.06419],[-88.59264,48.07189],[-88.59817,48.09016],[-88.59866,48.0952],[-88.57555,48.11591],[-88.50284,48.14623],[-88.47574,48.16344],[-88.46292,48.17426],[-88.45816,48.17939],[-88.4547,48.18464],[-88.46585,48.17463],[-88.47989,48.16938],[-88.50931,48.16344],[-88.50479,48.17186],[-88.4971,48.17902],[-88.47574,48.19078],[-88.5502,48.16242],[-88.57132,48.14985],[-88.588,48.15477],[-88.62023,48.14513],[-88.6328,48.14985],[-88.70853,48.10822],[-88.70853,48.1225],[-88.74026,48.10082],[-88.78746,48.07713],[-88.83288,48.06078],[-88.85936,48.0611],[-88.87804,48.0478],[-88.90307,48.0371],[-88.92838,48.03156],[-88.94811,48.03376],[-88.98294,48.0163],[-89.12365,47.96455],[-89.21561,47.91706],[-89.20511,47.90559],[-89.18838,47.90644],[-89.15355,47.91706],[-89.15355,47.91022],[-89.19249,47.89594],[-89.20193,47.88976],[-89.21561,47.86583],[-89.21439,47.85737],[-89.21117,47.85651],[-89.20678,47.85753],[-89.20193,47.85505],[-89.18265,47.838],[-89.16104,47.83263],[-89.13756,47.83519],[-88.96654,47.89073],[-88.91397,47.89659],[-88.91397,47.90343],[-89.00272,47.90343],[-88.98986,47.91498],[-88.95226,47.9311],[-88.94811,47.93818],[-88.68741,48.01264],[-88.63598,48.03465],[-88.59537,48.05964]],[[-86.59752,46.48457],[-86.60196,46.49673],[-86.61486,46.49803],[-86.62951,46.49616],[-86.63915,46.49885],[-86.63919,46.5069],[-86.63305,46.51626],[-86.61803,46.53294],[-86.62829,46.55329],[-86.63516,46.56078],[-86.64538,46.56647],[-86.6691,46.57168],[-86.68773,46.56704],[-86.69896,46.55378],[-86.70059,46.53294],[-86.69754,46.52289],[-86.69266,46.51582],[-86.68663,46.50873],[-86.68008,46.49885],[-86.67581,46.48566],[-86.67699,46.47883],[-86.6763,46.475],[-86.66649,46.47089],[-86.66019,46.47134],[-86.65726,46.48208],[-86.65213,46.48457],[-86.64696,46.48237],[-86.64171,46.47773],[-86.63846,46.47309],[-86.63915,46.47089],[-86.61693,46.46939],[-86.60416,46.47285],[-86.59752,46.48457]],[[-90.74022,46.92609],[-90.73009,46.91649],[-90.71036,46.92406],[-90.70055,46.93098],[-90.70222,46.9409],[-90.71642,46.95746],[-90.72313,46.96113],[-90.7412,46.96723],[-90.7506,46.97175],[-90.75455,46.96357],[-90.7589,46.95661],[-90.76427,46.95026],[-90.77103,46.94383],[-90.74022,46.92609]],[[-90.53067,46.96503],[-90.54654,46.96699],[-90.58548,46.95746],[-90.63536,46.94929],[-90.64818,46.94383],[-90.66385,46.92695],[-90.65579,46.92113],[-90.60123,46.92426],[-90.58328,46.9228],[-90.56676,46.91804],[-90.55199,46.90908],[-90.55651,46.92398],[-90.55179,46.9348],[-90.54178,46.94294],[-90.53087,46.95002],[-90.53067,46.96503]],[[-90.58389,46.85944],[-90.59976,46.87556],[-90.62027,46.87287],[-90.67736,46.8531],[-90.68912,46.84455],[-90.70104,46.83222],[-90.77725,46.80048],[-90.79715,46.77949],[-90.7963,46.76293],[-90.78165,46.75731],[-90.73717,46.77993],[-90.68192,46.79019],[-90.66808,46.80663],[-90.68619,46.80854],[-90.67606,46.82062],[-90.65172,46.8343],[-90.62707,46.84081],[-90.6007,46.84268],[-90.58519,46.8487],[-90.58389,46.85944]],[[-90.40795,47.07673],[-90.40795,47.08161],[-90.439,47.08153],[-90.45995,47.06367],[-90.47183,47.03486],[-90.47562,47.00218],[-90.43277,47.01557],[-90.41031,47.03376],[-90.41478,47.06733],[-90.41202,47.07103],[-90.40954,47.07368],[-90.40795,47.07673]],[[-84.10794,46.27017],[-84.12157,46.29719],[-84.14232,46.32119],[-84.15823,46.33369],[-84.18444,46.33356],[-84.19217,46.32563],[-84.19315,46.31167],[-84.19921,46.29336],[-84.18029,46.27473],[-84.16271,46.25129],[-84.14196,46.2377],[-84.11356,46.24868],[-84.10794,46.27017]],[[-90.9287,46.99909],[-90.94298,47.01276],[-90.95446,47.00292],[-90.98318,46.98749],[-90.984,46.97797],[-90.9678,46.96776],[-90.95079,46.97281],[-90.93663,46.98566],[-90.9287,46.99909]],[[-87.71475,47.42365],[-87.72794,47.43248],[-87.74767,47.45445],[-87.76256,47.46459],[-87.80004,47.47972],[-87.81969,47.48412],[-88.05248,47.4842],[-88.13707,47.47337],[-88.20946,47.45344],[-88.22346,47.44603],[-88.23864,47.43391],[-88.2495,47.42951],[-88.26085,47.43195],[-88.27237,47.43614],[-88.28332,47.43732],[-88.29088,47.43391],[-88.31749,47.41681],[-88.39806,47.3889],[-88.4313,47.37255],[-88.52664,47.28303],[-88.54442,47.27017],[-88.58764,47.25161],[-88.60546,47.23867],[-88.61364,47.22175],[-88.61767,47.19794],[-88.61913,47.15266],[-88.60619,47.13984],[-88.5161,47.13565],[-88.50601,47.12954],[-88.48904,47.11196],[-88.48229,47.10834],[-88.43761,47.11518],[-88.4241,47.12499],[-88.42349,47.1437],[-88.43615,47.15498],[-88.46215,47.14248],[-88.4523,47.15884],[-88.43419,47.17699],[-88.4143,47.19147],[-88.3994,47.19709],[-88.40518,47.18114],[-88.40933,47.14558],[-88.41369,47.12881],[-88.42345,47.11075],[-88.43301,47.10195],[-88.46215,47.08784],[-88.47757,47.07661],[-88.48351,47.06607],[-88.48025,47.05443],[-88.42422,46.99226],[-88.40966,46.99755],[-88.39696,47.01],[-88.37613,47.03661],[-88.34484,47.09125],[-88.33617,47.10041],[-88.29821,47.11371],[-88.28954,47.12539],[-88.28458,47.14057],[-88.2718,47.14753],[-88.25418,47.14936],[-88.23498,47.14924],[-88.23498,47.15615],[-88.24608,47.16913],[-88.24218,47.18797],[-88.22973,47.20637],[-88.21508,47.21821],[-88.20189,47.22102],[-88.18875,47.22061],[-88.17593,47.2215],[-88.16385,47.22846],[-88.12259,47.2626],[-88.11278,47.26813],[-88.08792,47.27485],[-88.07726,47.27969],[-88.0607,47.30317],[-88.05398,47.30695],[-88.03258,47.31049],[-88.01122,47.31932],[-87.94896,47.35505],[-87.96532,47.36787],[-88.00036,47.37812],[-88.03014,47.38325],[-88.01749,47.39545],[-87.9973,47.39777],[-87.95377,47.39631],[-87.89932,47.40843],[-87.87865,47.40998],[-87.85631,47.40782],[-87.81603,47.39842],[-87.79361,47.39631],[-87.77335,47.40009],[-87.73734,47.41547],[-87.71475,47.41681],[-87.71475,47.42365]]]]}}]}