{"type":"FeatureCollection","features":[{"type":"Feature","properties":{"id":"mackenzie","group":"mackenzie","name":"\u30de\u30c3\u30b1\u30f3\u30b8\u30fc\u5ddd","outletHydrobasinId":8040009560,"sourceIds":[8040009560,8040183170,8040183070,8040252610,8040252760,8040264770,8040264670,8040307300,8040307380]},"geometry":{"type":"Polygon","coordinates":[[[-118.98424241807723,53.23812357584638],[-119.0201721191406,53.22826707628041],[-118.99943271213104,53.20098809136287],[-119.0202192518446,53.186588372124596],[-119.02526448567706,53.15530395507815],[-119.00918409559459,53.14251742892798],[-119.04999999999997,53.12916666666669],[-119.05170966254337,53.14964192708336],[-119.1149244520399,53.16285332573788],[-119.13504909939233,53.187145996093776],[-119.20588226318357,53.18298000759552],[-119.21666666666664,53.19166666666669],[-119.20769059922958,53.20480041503909],[-119.23680216471351,53.225778876410615],[-119.23749999999997,53.241666666666696],[-119.26730041503903,53.23269059922963],[-119.31463504367402,53.26314273410376],[-119.33740505642358,53.28469577365454],[-119.32891642252602,53.29912448459204],[-119.34927944607202,53.304932827419734],[-119.35862257215709,53.345012749566],[-119.40619828965926,53.36602393256297],[-119.44791666666664,53.35001458062069],[-119.59871775309242,53.37951507568362],[-119.60512084960935,53.35908999972876],[-119.6313771565755,53.35890062120229],[-119.67304382324217,53.36723395453562],[-119.68424987792966,53.38690456814239],[-119.7333333333333,53.391666666666694],[-119.81666666666665,53.525000000000034],[-119.86969621446396,53.49556867811418],[-119.89583333333331,53.525000000000034],[-119.90026736789277,53.53238474527998],[-119.8792290581597,53.54306674533423],[-119.90092637803818,53.59490695529517],[-119.91666666666664,53.60000000000003],[-119.89699656168618,53.629532538519996],[-119.85587955050995,53.60381334092885],[-119.83124999999998,53.61248677571618],[-119.75322943793401,53.58693271213111],[-119.7208333333333,53.616666666666696],[-119.74620412190752,53.665750461154545],[-119.76999070909285,53.67167595757382],[-119.77575785319009,53.703430684407586],[-119.80441250271265,53.708988783094654],[-119.84017757839625,53.691011216905416],[-119.85106336805553,53.71177707248267],[-119.90024583604598,53.70767788357208],[-119.90833333333332,53.712500000000034],[-119.89166666666664,53.775000000000034],[-119.939660305447,53.783950975206196],[-119.95080871582027,53.80764007568363],[-120.04166666666663,53.80000000000003],[-120.04166666666664,53.875000000000036],[-120.07048000759545,53.90174221462677],[-120.0628533257378,53.927424452039965],[-120.07585076226125,53.978315734863315],[-120.0958333333333,53.98750000000002],[-120.13234693739146,53.9742828369141],[-120.15500793457028,53.93819224039717],[-120.17546929253469,53.93688235812721],[-120.22421366373695,53.95911983913849],[-120.22992621527774,53.99512040879995],[-120.2617058648003,53.99654473198788],[-120.23407999674475,54.04223395453561],[-120.20195617675778,54.03390062120228],[-120.16701999240448,54.06840888129342],[-120.16666666666664,54.12500000000002],[-120.20245225694441,54.11214667426217],[-120.28578694661455,54.117019992404536],[-120.33575778537323,54.10451999240453],[-120.38137715657548,54.113067287868944],[-120.40711839463972,54.13390062120228],[-120.41767815483938,54.117279052734396],[-120.4424133300781,54.11609937879776],[-120.46741333007809,54.12973395453561],[-120.4958333333333,54.120833333333366],[-120.55416666666663,54.14583333333337],[-120.57433878580726,54.16756625705297],[-120.57140062120223,54.22304382324221],[-120.60033094618052,54.28663838704429],[-120.62816704644094,54.29228413899742],[-120.63380262586803,54.27854919433596],[-120.6426578097873,54.29096611870662],[-120.670125664605,54.28827921549481],[-120.68015306260847,54.32428283691409],[-120.71596238878035,54.35091959635419],[-120.71193271213104,54.39241333007815],[-120.72499999999997,54.41250000000002],[-120.76028951009111,54.396400621202275],[-120.78248257107202,54.40085076226131],[-120.8035491943359,54.43117302788631],[-120.80928175184458,54.471100870768254],[-120.820125664605,54.46744588216148],[-120.82592637803816,54.494906955295164],[-120.85039265950518,54.51975436740454],[-120.88945617675778,54.45890062120228],[-121.02405158148869,54.466934204101584],[-121.0258141411675,54.45482245551217],[-121.06566704644094,54.45354919433596],[-121.06761508517792,54.466934204101584],[-121.09213595920136,54.461882527669296],[-121.12464667426212,54.48090888129342],[-121.13785332573782,54.518382432725716],[-121.12474975585934,54.553291151258705],[-121.1895833333333,54.56606038411461],[-121.20026601155597,54.550853135850716],[-121.25729064941403,54.54929640028214],[-121.27161220974389,54.517364501953146],[-121.32083333333331,54.508333333333354],[-121.32511393229164,54.52384134928388],[-121.39918535020614,54.5381527370877],[-121.40659111870657,54.55381334092884],[-121.44104309082029,54.524090915256096],[-121.4130672878689,54.48528951009117],[-121.44109937879772,54.464710489908875],[-121.4708333333333,54.40833333333335],[-121.57916666666664,54.44166666666669],[-121.58272823757594,54.41354641384551],[-121.63749999999997,54.425000000000026],[-121.64166666666664,54.387500000000024],[-121.69340888129338,54.412146674262175],[-121.76874999999998,54.41668124728735],[-121.86666666666665,54.45416666666669],[-121.87500203450519,54.41456807454429],[-121.86666666666665,54.40416666666669],[-121.88554382324216,54.400567287868945],[-121.90538160536022,54.42140062120228],[-121.9313771565755,54.41723395453561],[-121.98958333333331,54.45371263292103],[-122.0104078504774,54.43796183268231],[-122.06041666666664,54.44213528103301],[-122.09467010498045,54.48786587185332],[-122.10927056206594,54.4619327121311],[-122.14657999674478,54.488067287868944],[-122.18848809136283,54.470266045464435],[-122.23650071885848,54.496315511067735],[-122.23422071668834,54.46320834689672],[-122.25121493869355,54.4494327121311],[-122.27008666992185,54.45890062120228],[-122.30743696424695,54.45349290635853],[-122.2997353447808,54.42197062174481],[-122.33112284342444,54.400567287868945],[-122.35907999674475,54.3994327121311],[-122.37590908474388,54.41604309082034],[-122.40743374294702,54.41183878580731],[-122.4121415879991,54.37671135796443],[-122.37118665907114,54.352424452039955],[-122.38117302788625,54.342284138997414],[-122.41150037977427,54.346450805664084],[-122.42916666666663,54.320833333333354],[-122.46720716688364,54.346438259548634],[-122.47993842230899,54.329986572265646],[-122.5208333333333,54.33333333333336],[-122.51592169867618,54.29269680447051],[-122.49294772677948,54.27852376302086],[-122.61979810926645,54.278438313802106],[-122.67163119845917,54.234347534179705],[-122.71282179090709,54.23269042968752],[-122.81666666666663,54.28333333333335],[-122.80388014051645,54.30302802191842],[-122.76332533094615,54.31764729817711],[-122.7659013536241,54.345140245225714],[-122.73951924641923,54.346463690863736],[-122.71249999999996,54.37500000000002],[-122.78427056206594,54.38806728786894],[-122.84268052842879,54.33394300672745],[-122.88407999674476,54.32859937879776],[-122.89643724229597,54.353163655598976],[-122.93806728786889,54.37406277126738],[-122.92859937879771,54.43554382324221],[-122.8968105740017,54.463318549262176],[-122.90416666666664,54.483333333333356],[-122.88796183268227,54.50625881618926],[-122.89645690917966,54.5865909152561],[-122.90890062120222,54.5950866699219],[-122.90085076226126,54.61164923773874],[-122.94668409559459,54.64914923773874],[-123.01595967610675,54.649222140842035],[-123.02514987521698,54.61370951334638],[-123.03782179090709,54.60352376302086],[-123.05833333333331,54.608333333333356],[-123.07621493869355,54.591099378797765],[-123.1708333333333,54.59583333333336],[-123.20348815917966,54.60513814290367],[-123.21393280029294,54.633277045355925],[-123.28265363905162,54.642465888129365],[-123.27916666666664,54.675000000000026],[-123.29791666666664,54.68286471896704],[-123.38241865370006,54.674397447374155],[-123.39657999674476,54.6619327121311],[-123.41332668728296,54.68668450249569],[-123.48776041666665,54.70492723253041],[-123.50508100721568,54.72856275770402],[-123.54677056206594,54.724432712131104],[-123.60907999674477,54.779733954535615],[-123.68333333333331,54.762500000000024],[-123.68785332573782,54.797549099392384],[-123.65890062120224,54.87695617675784],[-123.66666666666664,54.925000000000026],[-123.69583333333331,54.925000000000026],[-123.76746453179251,54.98231913248701],[-123.8117253621419,54.99657253689239],[-123.81185726589625,55.03644951714412],[-123.82603810628252,55.04511447482642],[-123.89166666666664,55.04166666666669],[-123.89791632758244,55.02084757486982],[-123.93578711615666,55.016313340928846],[-123.98967285156247,55.02143825954864],[-124.03255649142793,55.04088168674048],[-124.0426069471571,55.0216237386068],[-124.05887383355032,55.02560492621531],[-124.18124999999998,54.98389485677086],[-124.21330702039928,55.011794365776936],[-124.26713595920137,55.0118825276693],[-124.33950636121959,55.03271586100263],[-124.45833333333331,55.00833333333336],[-124.46747911241317,55.02849867078996],[-124.48992445203992,55.02951999240454],[-124.51341349283852,55.05355902777781],[-124.57299363878036,55.04521586100263],[-124.59644911024304,55.0118825276693],[-124.60866427951387,55.0366383870443],[-124.64213595920137,55.04645080566409],[-124.69919738769529,55.028431532118084],[-124.70416666666665,55.016666666666694],[-124.74486558702255,55.03372938368058],[-124.73714667426214,55.05588277180992],[-124.74754774305553,55.06631198459204],[-124.82991333007811,55.05359937879777],[-124.89376186794703,55.074540540907144],[-124.92574666341145,55.032766045464435],[-125.00742424858939,55.05479024251305],[-125.07291463216144,55.1120524088542],[-125.0854051378038,55.10045979817711],[-125.13683878580727,55.13006625705298],[-125.14583333333331,55.1541666666667],[-125.17257554796005,55.16214667426218],[-125.19860534667967,55.158305189344645],[-125.2054953681098,55.14522840711808],[-125.2452926635742,55.15477159288197],[-125.28651987711588,55.14935302734378],[-125.29790937635633,55.133866712782144],[-125.38249003092447,55.129882473415826],[-125.38853810628254,55.149281141493084],[-125.43256191677516,55.16743808322485],[-125.45134955512151,55.212414042154975],[-125.49583333333332,55.208333333333364],[-125.50833333333333,55.22083333333336],[-125.48016018337673,55.26180792914499],[-125.49919297960068,55.26320563422312],[-125.50500081380207,55.27847391764326],[-125.56158667670354,55.27560746934682],[-125.57119920518662,55.290503438313834],[-125.54140201144747,55.301137118869384],[-125.54583333333332,55.32083333333336],[-125.58297915988497,55.34754689534508],[-125.58845977783201,55.41184404161244],[-125.62020975748698,55.42174258761939],[-125.62083333333332,55.433333333333366],[-125.73087955050997,55.41214667426218],[-125.74583333333332,55.4166666666667],[-125.75493808322481,55.44922858344187],[-125.79922858344183,55.45910474989152],[-125.80922071668836,55.511791483561225],[-125.85416666666666,55.554166666666696],[-125.82499999999999,55.5916666666667],[-125.88658057318793,55.60475056966149],[-125.89697045220268,55.62943132188588],[-125.94909074571397,55.62979024251305],[-125.95478413899737,55.68650037977434],[-125.92916666666666,55.6916666666667],[-125.93392876519094,55.740750122070345],[-125.94999999999999,55.76250000000003],[-125.98087972005206,55.77118665907121],[-126.02083333333331,55.76250000000003],[-126.06335076226127,55.79498240152998],[-126.11459214952255,55.808795166015656],[-126.1380672878689,55.82842000325524],[-126.12916666666666,55.85000000000004],[-126.14617818196612,55.88249070909291],[-126.16962076822915,55.87075873480906],[-126.19246927897133,55.89926486545142],[-126.22881198459199,55.91004655626089],[-126.21251288519963,55.977083502875466],[-126.2450965033637,55.996725802951424],[-126.25932379828556,56.053547498914966],[-126.28966030544703,56.06604902479387],[-126.32426215277776,56.02994215223528],[-126.34259304470484,56.06157362196184],[-126.38217468261716,56.0751139322917],[-126.39264899359807,56.10049862331818],[-126.4145063612196,56.07978430853953],[-126.44583333333331,56.0791666666667],[-126.47585076226126,56.11581573486332],[-126.51770087348088,56.12026604546445],[-126.57257554796006,56.153813340928856],[-126.58992445203991,56.153813340928856],[-126.60451999240449,56.1225755479601],[-126.62499999999999,56.11250000000003],[-126.6342329237196,56.13683878580731],[-126.70416666666665,56.17500000000002],[-126.77499999999998,56.24583333333335],[-126.75742153591578,56.261885918511304],[-126.70074666341144,56.271400621202275],[-126.64362284342447,56.27026604546443],[-126.60497775607637,56.251006740993944],[-126.58825853135849,56.26572062174481],[-126.61994086371526,56.2950622558594],[-126.57916666666665,56.295833333333356],[-126.55696546766491,56.32978413899742],[-126.53410169813367,56.32402818467884],[-126.53251919216578,56.313156806098114],[-126.45612284342445,56.2994327121311],[-126.42598809136283,56.278599378797765],[-126.35512661404078,56.29648912217884],[-126.33427056206595,56.32140062120228],[-126.3010060628255,56.3202328152127],[-126.28971048990883,56.304733954535614],[-126.24999999999997,56.295833333333356],[-126.23815680609806,56.30081414116756],[-126.23132697211369,56.34521586100263],[-126.15477939181855,56.34674546983509],[-126.15416666666664,56.40416666666669],[-126.13211839463973,56.39109937879776],[-126.12435946994356,56.41580437554256],[-126.10833333333332,56.41250000000002],[-126.10886298285588,56.43974812825523],[-126.20736219618054,56.475588650173634],[-126.20363701714408,56.506414794921895],[-126.10380079481334,56.52616305881079],[-126.13703816731768,56.55209214952259],[-126.11666666666666,56.58750000000002],[-126.17849833170571,56.61344943576391],[-126.18006625705293,56.64100545247398],[-126.23504909939234,56.64548000759551],[-126.27083333333331,56.65833333333336],[-126.27499999999999,56.675000000000026],[-126.33427056206595,56.683900621202284],[-126.37574666341143,56.6744327121311],[-126.3924133300781,56.683900621202284],[-126.42991333007811,56.657766045464435],[-126.48201836480033,56.69574211968318],[-126.4882371690538,56.72842949761287],[-126.55024583604599,56.7285112169054],[-126.60624999999997,56.78286471896704],[-126.71324666341144,56.7619327121311],[-126.77083333333331,56.77083333333336],[-126.78806728786891,56.761285061306445],[-126.78006625705294,56.7298278808594],[-126.83749999999998,56.71666666666669],[-126.8368431939019,56.69664747450089],[-126.81732652452256,56.690663994683185],[-126.81666666666665,56.675000000000026],[-126.9176547580295,56.69640062120228],[-126.94680684407551,56.66730617947051],[-126.98407999674478,56.67140062120228],[-127.00081108940971,56.64684007432728],[-127.02598809136283,56.650567287868945],[-127.09166666666665,56.62083333333336],[-127.11581590440537,56.62585076226131],[-127.14675292968748,56.67012905544707],[-127.1688771565755,56.67556728786895],[-127.23507554796005,56.74131334092884],[-127.25797932942707,56.72745123969187],[-127.25833333333333,56.71250000000003],[-127.27295566134981,56.71315544976131],[-127.31391262478297,56.745845540364606],[-127.3353776719835,56.72565544976131],[-127.34916551378036,56.72941080729169],[-127.350732421875,56.7093936496311],[-127.41007554796006,56.683686659071206],[-127.42499999999998,56.68750000000002],[-127.42566799587672,56.70335422092016],[-127.47700653076171,56.71604919433596],[-127.5375,56.70833333333336],[-127.53333333333332,56.74166666666669],[-127.49642622205945,56.75925055609812],[-127.49583333333332,56.78333333333336],[-127.54825778537325,56.79201999240454],[-127.60797848171657,56.843379720052106],[-127.59657999674478,56.85473395453562],[-127.56193271213107,56.85538160536027],[-127.60343000623914,56.9074408637153],[-127.54662289089626,56.90490315755211],[-127.55895097520616,56.92779880099829],[-127.54999999999998,56.93333333333336],[-127.59640062120225,56.977951727973114],[-127.5795199924045,56.98992445203996],[-127.62254621717663,57.000353325737876],[-127.6812506781684,56.983347235785615],[-127.70208333333332,56.9958187527127],[-127.73749999999998,56.991666666666696],[-127.71595052083332,57.028336927625894],[-127.6825458102756,57.01606174045141],[-127.66302998860677,57.03957994249134],[-127.7030787150065,57.06335720486114],[-127.67494642469617,57.08062744140628],[-127.68894687228732,57.09576653374569],[-127.73630099826389,57.10066223144534],[-127.7324240790473,57.13687642415368],[-127.67674221462673,57.16285332573788],[-127.66666666666666,57.179166666666696],[-127.62160525851779,57.182513427734406],[-127.60416666666666,57.145833333333364],[-127.58749999999999,57.145833333333364],[-127.58676266140407,57.15759599473744],[-127.53954433865016,57.16315544976131],[-127.5195315890842,57.187417941623295],[-127.49298146565754,57.187408786349856],[-127.47916666666666,57.2166666666667],[-127.5326905992296,57.26869828965932],[-127.53397606743705,57.27825113932295],[-127.51735229492186,57.279946729871995],[-127.51598341200085,57.31998511420359],[-127.48749999999998,57.32500000000003],[-127.45833333333331,57.370833333333366],[-127.43038160536022,57.36609937879777],[-127.36156684027776,57.43263092041018],[-127.3095482720269,57.43276604546444],[-127.30091976589625,57.461917114257844],[-127.3255672878689,57.47621493869361],[-127.32973395453558,57.507586669921906],[-127.32304382324217,57.578599378797776],[-127.28578355577255,57.57464667426218],[-127.24409111870658,57.59964667426218],[-127.18112284342446,57.603599378797774],[-127.1420199924045,57.56909111870663],[-127.13749999999999,57.5416666666667],[-127.08924221462672,57.53714667426218],[-127.04999999999998,57.5041666666667],[-127.02590569390189,57.50897098117407],[-127.00208333333332,57.541197882758276],[-126.93824666341145,57.53276604546444],[-126.90091179741752,57.54228091769751],[-126.88971048990884,57.56193271213111],[-126.86007554796005,57.55451999240454],[-126.82845052083331,57.570003594292565],[-126.78430887858072,57.57149709065759],[-126.77916666666665,57.583333333333364],[-126.80088738335502,57.603458150227894],[-126.86662631564668,57.626530456543],[-126.84660474989147,57.68256191677521],[-126.93159111870658,57.70035332573788],[-126.94547932942707,57.71421593560116],[-126.94510362413193,57.79512159559465],[-126.8618194580078,57.80425584581167],[-126.86734720865884,57.835430569118955],[-126.89195997450085,57.846770562066006],[-126.88333333333331,57.8666666666667],[-126.90088738335501,57.890958150227895],[-126.92916666666665,57.895833333333364],[-126.9709245469835,57.877851867675815],[-126.9993445502387,57.84795566134986],[-127.00621100531683,57.82148878309465],[-127.14975416395397,57.79934455023875],[-127.18683268229165,57.81732211642799],[-127.26276804606118,57.821633741590745],[-127.25565575493705,57.85065544976132],[-127.29130774603948,57.85170881483293],[-127.26668023003471,57.88958231608076],[-127.27499999999999,57.9041666666667],[-127.26338738335502,57.93262481689457],[-127.31249999999999,57.945833333333354],[-127.32257554796006,57.93368665907121],[-127.34828626844617,57.93297932942712],[-127.36495073106552,57.91214667426219],[-127.40659111870659,57.91631334092885],[-127.46249999999999,57.895833333333364],[-127.51816236707899,57.962486775716165],[-127.53541666666665,57.954635281033006],[-127.58333333333333,57.979166666666686],[-127.57025044759114,57.99908040364585],[-127.54072943793402,57.999432712131096],[-127.51315477159287,58.017639499240474],[-127.50318756103515,58.053533935546895],[-127.4769561767578,58.05890062120228],[-127.40416666666665,58.108333333333356],[-127.46450653076171,58.13688252766929],[-127.50046912299261,58.14228413899742],[-127.51887715657551,58.12973395453561],[-127.56424221462673,58.162146674262175],[-127.67083333333332,58.15416666666669],[-127.68390062120224,58.194618394639775],[-127.65391506618923,58.209106784396724],[-127.70833333333333,58.27500000000002],[-127.6905295477973,58.30859781901044],[-127.60416666666666,58.30000000000002],[-127.61225585937498,58.32833218044707],[-127.63263312445746,58.3299272325304],[-127.63333333333333,58.35000000000002],[-127.70495418972438,58.36727159288196],[-127.73387400309244,58.34106174045141],[-127.7908467610677,58.36327175564238],[-127.78418426513672,58.38664923773874],[-127.80327928331162,58.39237501356339],[-127.81399570041232,58.41248677571617],[-127.88971048990885,58.400567287868945],[-127.94999999999999,58.42916666666669],[-127.98542548285587,58.421295166015646],[-128.0174133300781,58.44223395453561],[-128.05907999674477,58.4244327121311],[-128.08851182725692,58.43806728786895],[-128.10924682617184,58.41310763888891],[-128.14999999999998,58.40416666666669],[-128.17695617675778,58.42859937879776],[-128.26459214952254,58.420371500651065],[-128.30331590440537,58.39914923773874],[-128.27033454047307,58.35931566026478],[-128.2951453314887,58.353357272677975],[-128.30906880696614,58.300799899631095],[-128.32145080566403,58.29446546766495],[-128.30001390245224,58.25625067816842],[-128.3083333333333,58.24166666666669],[-128.2965684678819,58.23669738769533],[-128.29654168023,58.20505405002172],[-128.37008666992185,58.17859937879776],[-128.40221048990884,58.18276604546443],[-128.42499999999998,58.14583333333336],[-128.47292616102428,58.17444525824655],[-128.49246927897133,58.14656846788196],[-128.5333333333333,58.133333333333354],[-128.54999999999998,58.14166666666669],[-128.55492078993055,58.16172315809464],[-128.57795715332028,58.1625447591146],[-128.60914577907985,58.22849867078995],[-128.6404113769531,58.229816012912345],[-128.6467817518446,58.283600870768254],[-128.67283969455292,58.295215861002625],[-128.71157362196178,58.28240695529516],[-128.73533969455292,58.258950805664085],[-128.77130262586803,58.258950805664085],[-128.79213595920137,58.24521586100263],[-128.87499999999997,58.27500000000002],[-128.88400132921007,58.26096937391495],[-128.87454664442274,58.24661593967016],[-128.89932217068142,58.24505242241756],[-128.90920884874132,58.19974975585939],[-129.06458333333333,58.253698052300365],[-129.17304382324218,58.25473395453561],[-129.18422580295137,58.27009650336374],[-129.21153225368923,58.27539605034724],[-129.20833333333331,58.295833333333356],[-129.28971048990883,58.29223395453561],[-129.3840799967448,58.32556728786894],[-129.5375,58.24583333333335],[-129.58528951009114,58.26609937879776],[-129.60300343831378,58.25796746148006],[-129.63248240152993,58.290815904405406],[-129.5840613471137,58.31296895345054],[-129.58258446587456,58.362733289930574],[-129.5432396782769,58.35765279134117],[-129.5243194580078,58.41258917914499],[-129.57721048990885,58.43390062120228],[-129.60833333333332,58.46250000000002],[-129.6375,58.45416666666669],[-129.62916666666666,58.425000000000026],[-129.63841332329642,58.400607638888914],[-129.78658464219833,58.388099839952275],[-129.7885543823242,58.41181369357641],[-129.79999999999998,58.416666666666686],[-129.93159111870656,58.4211866590712],[-129.9767130533854,58.44201999240454],[-130.0708333333333,58.42916666666669],[-130.0708333333333,58.45833333333336],[-130.09683532714843,58.466004096137176],[-130.1254692925347,58.46728413899742],[-130.1470757378472,58.44982130262589],[-130.207671101888,58.48835856119794],[-130.2,58.54166666666669],[-130.27157999674478,58.54640062120228],[-130.2800821940104,58.53393181694881],[-130.33504638671872,58.52464667426217],[-130.4083333333333,58.54166666666669],[-130.42556728786892,58.52795172797311],[-130.42978515624998,58.48017272949221],[-130.45416666666665,58.45833333333336],[-130.50833333333333,58.445833333333354],[-130.5256174723307,58.485493638780405],[-130.54093153211804,58.49246927897138],[-130.53819342719183,58.61562093098961],[-130.58749999999998,58.633333333333354],[-130.56054382324217,58.66609937879777],[-130.48871493869356,58.67026604546443],[-130.48749999999998,58.68750000000002],[-130.5315911187066,58.6961866590712],[-130.5375,58.70833333333336],[-130.62845967610676,58.684082709418426],[-130.6215847439236,58.71598815917971],[-130.64583333333331,58.71666666666669],[-130.65060492621527,58.75633951822919],[-130.67596028645832,58.782615152994815],[-130.70338982476127,58.779951646592906],[-130.70922512478296,58.795182969835096],[-130.725,58.795833333333356],[-130.72443271213106,58.814710489908876],[-130.71335008409287,58.83806728786895],[-130.69791666666666,58.833801947699676],[-130.68211839463973,58.85056728786895],[-130.6583333333333,58.84583333333336],[-130.65359937879774,58.863437228732664],[-130.66620686848955,58.88542819552954],[-130.62890218098957,58.913637288411486],[-130.6375,58.94583333333336],[-130.59265475802948,58.97556728786895],[-130.54684516059027,58.94109937879777],[-130.52601182725692,58.95890062120228],[-130.46773647732203,58.958979288737005],[-130.47831590440535,59.05331590440541],[-130.42499999999998,59.075000000000024],[-130.4451483832465,59.07996385362416],[-130.4464887830946,59.13663330078128],[-130.39142083062063,59.14648878309465],[-130.37291666666664,59.138127983941],[-130.33004625108504,59.1627126057943],[-130.3374087863498,59.19035186767581],[-130.3659013536241,59.200292629665825],[-130.36666666666665,59.21250000000003],[-130.44913974338107,59.211832004123295],[-130.44559326171873,59.24087626139326],[-130.48749999999998,59.2541666666667],[-130.48749999999998,59.270833333333364],[-130.47154710557723,59.25769059922963],[-130.4424414740668,59.26323920355906],[-130.40448845757376,59.33814273410376],[-130.36666666666665,59.32500000000003],[-130.34556884765624,59.33447045220272],[-130.3505672878689,59.36471048990889],[-130.36249999999998,59.370833333333366],[-130.35359937879772,59.394618394639785],[-130.3631612141927,59.41160040961375],[-130.38671976725257,59.413185628255235],[-130.39166666666665,59.45000000000003],[-130.44165174696178,59.4889817979601],[-130.41312900119357,59.500818040635885],[-130.41249999999997,59.5666666666667],[-130.46590847439234,59.58377719455298],[-130.48839043511282,59.554835171169735],[-130.55887383355034,59.545228237575984],[-130.62717285156248,59.56727176242408],[-130.64928588867187,59.588350253635014],[-130.6505672878689,59.62168341742625],[-130.61723395453558,59.64778951009118],[-130.6163133409288,59.68504774305559],[-130.63368665907117,59.70587955051001],[-130.62030368381073,59.76776682535811],[-130.66574028862846,59.788426378038224],[-130.6715684678819,59.81169738769535],[-130.71545410156247,59.81242540147573],[-130.7297841389974,59.846302456325986],[-130.72916666666666,59.875000000000036],[-130.67962849934895,59.91040785047746],[-130.67916666666665,59.94166666666667],[-130.67083333333332,59.9416666666667],[-130.67978413899738,59.96566704644098],[-130.66639912923176,59.967615085177954],[-130.684135945638,60.00343153211806],[-130.725,60.00833333333334],[-130.76592983669704,59.99104919433594],[-130.87299363878037,59.983950805664065],[-130.89089830186632,59.99263848198785],[-130.90932379828558,60.04938083224827],[-130.9410430908203,60.0550757514106],[-130.94640062120223,60.0840799967448],[-130.91248847113712,60.130683051215286],[-130.93971048990883,60.13806728786893],[-130.96249999999998,60.175000000000004],[-131.00588344997828,60.174646674262156],[-131.02257554796006,60.19131334092883],[-131.06909111870658,60.19618665907119],[-131.1253960503472,60.24069892035591],[-131.17499999999998,60.25416666666668],[-131.21075778537326,60.25381334092883],[-131.230881245931,60.22952134874133],[-131.2815911187066,60.21214667426216],[-131.31041666666664,60.188061523437504],[-131.33669043646918,60.19235466851129],[-131.35325741238063,60.21604309082032],[-131.31310170491534,60.234248182508686],[-131.31193271213107,60.269618394639764],[-131.41597459581163,60.300929768880216],[-131.4077660454644,60.33971048990886],[-131.3801547580295,60.37556728786893],[-131.3550777859158,60.37438354492188],[-131.33216213650172,60.35376925998265],[-131.27560746934677,60.396746826171885],[-131.27973395453557,60.43137715657553],[-131.3243925306532,60.46341349283855],[-131.325,60.47916666666667],[-131.31666666666666,60.50416666666668],[-131.27721048990884,60.52443271213109],[-131.19213578965926,60.46188252766928],[-131.16752031114365,60.463178168402784],[-131.1379692925347,60.50061747233074],[-131.06837972005206,60.48298000759549],[-131.01838243272567,60.504519992404525],[-130.92278951009112,60.49640062120226],[-130.88001742892794,60.5133507622613],[-130.87535332573782,60.53159111870661],[-130.92499999999998,60.558333333333344],[-130.95587531195744,60.59964090983074],[-131.04755011664494,60.57048000759549],[-131.07257554796004,60.59131334092883],[-131.12325778537326,60.58785332573785],[-131.1381612141927,60.619933742947055],[-131.19094407823349,60.63409220377605],[-131.20492926703557,60.682633124457475],[-131.30216013590493,60.683950805664075],[-131.32824028862845,60.69675971137154],[-131.33847011990017,60.733748372395844],[-131.3827156914605,60.689660305447056],[-131.39613003200952,60.65110643174914],[-131.4333333333333,60.64166666666668],[-131.44223395453557,60.69387715657553],[-131.4715799967448,60.68276604546442],[-131.4870381673177,60.70625881618925],[-131.462087504069,60.740491400824666],[-131.49754926893445,60.76631266276043],[-131.55245293511283,60.753812662760424],[-131.56666666666666,60.73333333333334],[-131.5866490681966,60.74668409559463],[-131.59943271213106,60.76862284342449],[-131.59223395453557,60.827210489908865],[-131.6156989203559,60.83789605034723],[-131.6381612141927,60.90743374294706],[-131.69495357937282,60.90759446885852],[-131.74362284342448,60.8797339545356],[-131.80093722873264,60.888067287868935],[-131.82598809136283,60.87443271213109],[-131.9309088812934,60.95381334092883],[-132.0033952501085,60.96743808322484],[-132.00359937879773,60.98137715657553],[-131.97716013590494,61.02854919433595],[-131.9176754421658,61.02980550130209],[-131.90316704644096,61.06728413899741],[-131.84783986409505,61.058950805664075],[-131.78333333333333,61.10833333333335],[-131.78714667426215,61.17742445203994],[-131.77403225368923,61.22043745252822],[-131.72859937879772,61.2408165825738],[-131.73682623969182,61.27827029758031],[-131.71821390787758,61.29171498616538],[-131.6980438232422,61.267233954535605],[-131.6172651502821,61.267582363552535],[-131.6160681830512,61.3074176364475],[-131.58393181694876,61.31758236355253],[-131.58368665907116,61.35242445203995],[-131.6,61.36666666666668],[-131.5826956854926,61.40742763943144],[-131.54241333007812,61.38276604546442],[-131.47916666666666,61.39166666666668],[-131.50473395453557,61.350988091362865],[-131.50355411105684,61.325995890299495],[-131.46998240152993,61.29668426513673],[-131.37257554796005,61.3336866590712],[-131.36998240152994,61.353315734863294],[-131.35,61.36250000000002],[-131.32292361789277,61.346434529622414],[-131.28850063747828,61.35332370334203],[-131.26046837700736,61.325642734103745],[-131.12916666666666,61.27916666666668],[-131.12054070366753,61.31590152316625],[-131.09657050238712,61.3174040052626],[-131.09640062120224,61.34387715657554],[-131.17825334337022,61.3631074693468],[-131.18842926025388,61.3784637451172],[-131.22438574896918,61.38841162787545],[-131.22916666666666,61.42083333333335],[-131.2190911187066,61.42881334092883],[-131.17425333658852,61.41609937879776],[-131.15331590440536,61.43664906819663],[-131.10932379828557,61.44938083224828],[-131.08687642415364,61.39674258761937],[-131.06054382324217,61.37556728786894],[-131.03112284342447,61.37443271213109],[-131.00625,61.35046878390843],[-130.95625881618923,61.37870483398439],[-130.89166666666665,61.37083333333335],[-130.87574666341143,61.38806728786894],[-130.85923733181423,61.38685557047528],[-130.8532511393229,61.3714318169488],[-130.75899454752602,61.367566257052964],[-130.73333333333332,61.43333333333335],[-130.67592095269094,61.433911810980916],[-130.65074666341144,61.45056728786894],[-130.62278951009114,61.44223395453561],[-130.58959214952256,61.45787150065106],[-130.50074666341143,61.436932712131096],[-130.47200859917533,61.454579162597675],[-130.46336195203992,61.44664103190106],[-130.44228074815535,61.467578294542115],[-130.42831590440537,61.5283157348633],[-130.35833333333332,61.541666666666686],[-130.39166666666665,61.600000000000016],[-130.35501742892794,61.63001759847007],[-130.33749999999998,61.68750000000002],[-130.27278951009112,61.69109937879776],[-130.25833333333333,61.67916666666669],[-130.25359937879773,61.71887715657554],[-130.2174133300781,61.75056728786894],[-130.16341959635415,61.73679572211373],[-130.14999999999998,61.70833333333335],[-130.09166666666664,61.71250000000002],[-130.08333333333331,61.77500000000002],[-130.0966067843967,61.82108493381078],[-130.11316799587672,61.8298287285699],[-130.09166666666667,61.87083333333335],[-130.1464148627387,61.875655449761304],[-130.15919596354166,61.85488094753691],[-130.1866753472222,61.8535112169054],[-130.19590877956813,61.886236572265645],[-130.2625,61.93750000000002],[-130.24223395453558,61.964456176757835],[-130.24105241563583,61.99075503879126],[-130.2144561767578,61.99526604546443],[-130.1605438232422,61.97140062120228],[-130.05612284342448,61.9744327121311],[-129.9920625474718,61.94903225368925],[-129.97083333333333,61.91250000000002],[-129.92257554796007,61.9086866590712],[-129.90588124593097,61.91285485161677],[-129.88504774305554,61.9461866590712],[-129.82987331814235,61.94656304253474],[-129.82916666666665,61.97083333333335],[-129.85090925428602,62.01187642415367],[-129.8826958550347,62.02182193332251],[-129.86984286838106,62.057714165581615],[-129.8019561767578,62.06306728786895],[-129.76075778537324,62.095480007595505],[-129.6394561767578,62.061932712131096],[-129.5979266696506,62.017127651638475],[-129.54804382324218,62.0494327121311],[-129.4767422146267,62.02951999240454],[-129.46666666666667,62.03750000000001],[-129.4827660454644,62.05612284342448],[-129.47859937879772,62.106377156575526],[-129.46179148356117,62.128279283311635],[-129.41732262505425,62.14679328070747],[-129.41193271213106,62.18554382324219],[-129.3875,62.20416666666667],[-129.30507422553168,62.178259277343756],[-129.29867129855685,62.153561740451394],[-129.25,62.154166666666676],[-129.22978430853948,62.18117302788629],[-129.2077156914605,62.211500379774314],[-129.2200981987847,62.213302612304695],[-129.23821716308592,62.27818027072483],[-129.25,62.29166666666667],[-129.29999999999998,62.300000000000004],[-129.29947052001953,62.31891479492188],[-129.27802886962888,62.36194254557292],[-129.23239254421657,62.37136298285591],[-129.20910593668617,62.36338636610244],[-129.2,62.40833333333334],[-129.24799346923828,62.4172841389974],[-129.26747911241318,62.44099867078994],[-129.31458333333333,62.453605143229176],[-129.33959282769095,62.44622158474393],[-129.36873643663193,62.470448472764765],[-129.3886001586914,62.466137017144106],[-129.40927412245009,62.48802964952258],[-129.47006072998045,62.45921969943577],[-129.49939592149522,62.505169677734386],[-129.50482788085935,62.55326707628039],[-129.5375,62.57083333333334],[-129.52464667426213,62.61004638671876],[-129.54964667426214,62.64340888129341],[-129.5375,62.67083333333334],[-129.575,62.683333333333344],[-129.56631334092882,62.73504909939237],[-129.57916666666665,62.76250000000001],[-129.6017128838433,62.76214667426216],[-129.6208333333333,62.779166666666676],[-129.68248240152994,62.78001742892796],[-129.70937313503688,62.83274129231772],[-129.75221048990883,62.83390062120227],[-129.77916666666667,62.86666666666668],[-129.81028951009114,62.87859937879775],[-129.89677056206597,62.87556728786893],[-129.93333333333334,62.85833333333335],[-129.94548000759548,62.89757554796008],[-129.94166666666666,62.95000000000001],[-129.90739610460068,62.94526604546442],[-129.85833333333332,62.98333333333335],[-129.9199200100369,62.99644097222223],[-129.96666666666664,63.05416666666668],[-129.91837955050997,63.08368665907119],[-129.8934088812934,63.07535332573786],[-129.86249999999998,63.10416666666668],[-129.86249999999998,63.12916666666668],[-129.91631266276042,63.13504706488717],[-129.9375,63.21250000000001],[-129.9688771565755,63.2172339545356],[-130.03112284342447,63.270266045464425],[-130.07695617675782,63.24640062120227],[-130.18359798855252,63.25113711886937],[-130.17017211914063,63.294933742947066],[-130.1184088812934,63.31701999240453],[-130.10381995307074,63.33631523980036],[-130.02008666992188,63.32443271213109],[-129.98554382324218,63.34943271213109],[-129.95195617675782,63.35056728786894],[-129.92083333333332,63.379166666666684],[-129.92973395453558,63.41128506130644],[-129.8907472398546,63.44929572211373],[-129.82056867811414,63.45947045220271],[-129.83372921413846,63.482365587022585],[-129.94911261664495,63.52987518310549],[-129.9517422146267,63.59964667426217],[-130.01004638671873,63.608686659071196],[-130.05659111870656,63.5961866590712],[-130.1392422146267,63.6204800075955],[-130.18407999674477,63.61609937879776],[-130.23112284342446,63.66609937879776],[-130.2937588161892,63.65879516601564],[-130.34166666666664,63.68750000000002],[-130.3545199924045,63.718383110894116],[-130.34166666666664,63.73750000000002],[-130.36909111870656,63.74201999240453],[-130.38088073730466,63.762146335177974],[-130.41595831976994,63.76755405002172],[-130.42499999999998,63.795833333333356],[-130.45221048990882,63.796400621202274],[-130.48287929958767,63.83124118381078],[-130.42407090928816,63.88679707845054],[-130.36335076226126,63.905017598470074],[-130.3503533257378,63.922575547960086],[-130.35587632921005,63.93297526041669],[-130.44804382324216,63.93276604546443],[-130.48863728841144,63.89973534478084],[-130.5375,63.916666666666686],[-130.56028951009114,63.89223395453561],[-130.594925265842,63.88812781439889],[-130.62591552734372,63.941068183051236],[-130.66875,63.95415208604603],[-130.7142130533854,63.945480007595506],[-130.8083333333333,63.983333333333356],[-130.79270765516492,64.04912143283421],[-130.87933519151474,64.0326653374566],[-130.91274007161456,64.03829040527344],[-130.90064731174044,64.08542005750868],[-130.91255764431423,64.09869893391928],[-130.99166666666665,64.125],[-130.99174126519097,64.19045410156251],[-130.97192145453556,64.20452711317274],[-130.9660491943359,64.24483371310765],[-131.0916327582465,64.28886108398439],[-131.06249999999997,64.32916666666668],[-131.1,64.34166666666667],[-131.09166666666664,64.37500000000001],[-131.16666666666666,64.4],[-131.18001759847004,64.38001742892796],[-131.28710411919485,64.33236558702258],[-131.30922071668834,64.27154168023004],[-131.32425333658853,64.26609937879775],[-131.34907073974608,64.27153625488282],[-131.3875,64.3125],[-131.44786495632593,64.2673095703125],[-131.5125,64.275],[-131.5520065307617,64.2422841389974],[-131.62283986409503,64.23395080566407],[-131.6576453314887,64.23830939398871],[-131.65911577012804,64.25767042371963],[-131.7433831108941,64.26285332573785],[-131.75625,64.25001288519965],[-131.86838226318358,64.30451999240452],[-131.88806728786892,64.2840799967448],[-131.86193271213108,64.23010389539931],[-131.89223395453558,64.18435872395834],[-131.88390062120226,64.1730438232422],[-131.8875,64.16666666666667],[-131.98824666341145,64.19640062120226],[-132.0083333333333,64.17500000000001],[-132.03006303575302,64.19099290635852],[-132.0549133300781,64.18693271213108],[-132.08658023410374,64.20474955240886],[-132.10506625705295,64.2368387858073],[-132.1878217909071,64.22435709635417],[-132.20865512424044,64.25897623697918],[-132.2437547471788,64.23810289171007],[-132.261624484592,64.25025024414063],[-132.2833099365234,64.20126173231337],[-132.31121893988714,64.18741149902344],[-132.33653564453124,64.21346435546876],[-132.32443271213106,64.2465799967448],[-132.34362284342447,64.27026604546441],[-132.4438771565755,64.25359937879774],[-132.4674133300781,64.23693271213108],[-132.51324666341145,64.2797339545356],[-132.52987501356336,64.25505405002171],[-132.5549133300781,64.24526604546442],[-132.575,64.25416666666668],[-132.60103454589841,64.30357971191407],[-132.68541666666664,64.30786471896702],[-132.7313771565755,64.29109937879775],[-132.77304382324218,64.25056728786893],[-132.83835076226126,64.31164923773872],[-132.92008700900607,64.33822326660157],[-132.91666666666666,64.37083333333334],[-132.95659111870657,64.36631334092883],[-132.9767130533854,64.34964667426216],[-133.0517130533854,64.35868665907118],[-133.09754638671873,64.3454800075955],[-133.11249999999998,64.35000000000001],[-133.11746927897133,64.38259819878473],[-133.17156999376084,64.42145080566407],[-133.2169977823893,64.37169494628907],[-133.24071807861327,64.36223246256512],[-133.26746656629774,64.41593119303386],[-133.32831573486328,64.39498257107206],[-133.35907999674478,64.37026604546442],[-133.47083333333333,64.42083333333335],[-133.5184088812934,64.39618665907119],[-133.57671559651692,64.38714667426215],[-133.61007554796007,64.41214667426216],[-133.69409111870658,64.41285332573786],[-133.7035388522678,64.44492526584202],[-133.6625,64.4625],[-133.65001424153644,64.51458367241754],[-133.6866490681966,64.53835076226129],[-133.69166666666666,64.56666666666668],[-133.8125,64.56250000000001],[-133.83689490424263,64.54383951822918],[-133.83412950303818,64.51320020887587],[-133.88541666666666,64.52862786187067],[-133.91887715657552,64.51609937879775],[-133.92556728786892,64.50758666992188],[-133.89999999999998,64.47083333333335],[-133.9284200032552,64.44526604546442],[-134.07425333658853,64.45056728786894],[-134.1190911187066,64.44131334092883],[-134.12916666666663,64.39583333333334],[-134.20587972005205,64.3579800075955],[-134.3326263427734,64.39244452582466],[-134.3381429036458,64.42713487413195],[-134.39674173990883,64.4785393608941],[-134.47574666341143,64.46609937879775],[-134.54461839463974,64.4797339545356],[-134.5644561767578,64.46306728786894],[-134.63824666341145,64.4672339545356],[-134.68749999999997,64.45416666666668],[-134.73297966851126,64.4933831108941],[-134.73945617675778,64.52859937879775],[-134.8426547580295,64.49526604546442],[-134.8862850613064,64.51306728786894],[-134.92574666341145,64.47859937879775],[-134.9937493218316,64.51248609754775],[-135.05339016384548,64.50488654242622],[-135.07286512586805,64.54102376302085],[-135.1193854437934,64.54647623697917],[-135.13430107964408,64.5170627170139],[-135.15267096625433,64.5083465576172],[-135.16788160536024,64.53806728786893],[-135.21874118381075,64.52962849934897],[-135.2625,64.55000000000001],[-135.32083333333333,64.55416666666667],[-135.33333333333331,64.52083333333334],[-135.36028951009112,64.53693271213109],[-135.4375,64.53333333333335],[-135.51620686848958,64.42709486219618],[-135.5005672878689,64.4105438232422],[-135.50174221462672,64.36285332573786],[-135.5433822631836,64.36214667426216],[-135.58924221462672,64.3954800075955],[-135.6590799967448,64.37026604546442],[-135.7174133300781,64.38806728786894],[-135.75587955050997,64.37464667426217],[-135.7937493218316,64.39165276421441],[-135.81349775526257,64.37151048448351],[-135.85752631293403,64.36596103244358],[-135.8672843085395,64.30046929253473],[-135.85,64.275],[-135.87257554796005,64.27118665907119],[-135.96837972005207,64.29201999240452],[-135.98333333333332,64.27083333333334],[-135.99673733181422,64.2951887342665],[-136.10907999674478,64.30056728786893],[-136.1299133300781,64.29109937879775],[-136.17916666666665,64.3125],[-136.22816704644094,64.30354919433594],[-136.23419765896264,64.32017822265625],[-136.2892422146267,64.32881334092883],[-136.4688771565755,64.3297339545356],[-136.54375,64.34953138563368],[-136.58824666341144,64.34109937879775],[-136.61075778537324,64.34964667426216],[-136.6642154269748,64.29618801540799],[-136.6833333333333,64.30000000000001],[-136.69757554796004,64.2836866590712],[-136.77574666341144,64.28276604546441],[-136.8174133300781,64.30890062120227],[-136.85074666341143,64.28693271213109],[-136.8894561767578,64.31193271213108],[-136.92157999674478,64.31306728786893],[-136.9688771565755,64.30776604546442],[-136.975,64.29583333333333],[-137.02499999999998,64.3125],[-137.04828694661458,64.29131334092882],[-137.07328694661456,64.30035332573786],[-137.11075778537324,64.29201999240452],[-137.13578355577255,64.30868665907118],[-137.19166666666666,64.3125],[-137.20506625705295,64.28816121419271],[-137.22304382324216,64.28806728786893],[-137.2605438232422,64.30473395453559],[-137.30587887234157,64.34964226616754],[-137.37325778537326,64.37118665907118],[-137.37916666666666,64.3875],[-137.40755191379122,64.38682759602865],[-137.41681654188366,64.36370951334636],[-137.45347934299045,64.35338677300348],[-137.44166666666666,64.27083333333334],[-137.44166666666666,64.24166666666667],[-137.4524244520399,64.24201999240452],[-137.46838056776258,64.26214463975695],[-137.50833333333333,64.26666666666668],[-137.51329786512585,64.28231913248699],[-137.53672858344183,64.28827141655816],[-137.52859937879774,64.31887715657552],[-137.504790242513,64.3300757514106],[-137.50501759847003,64.36164923773872],[-137.5270745171441,64.37870483398439],[-137.63843722873264,64.37443271213108],[-137.73211839463974,64.3922339545356],[-137.74045172797307,64.38276604546442],[-137.74672071668834,64.3992916531033],[-137.77574666341144,64.39943271213109],[-137.87083333333334,64.44583333333334],[-137.87083333333334,64.47083333333335],[-137.94409111870658,64.46701999240452],[-138.0019561767578,64.50359937879776],[-138.10833333333332,64.50833333333334],[-138.11666666666665,64.60000000000001],[-138.17708333333331,64.58812798394098],[-138.20621100531682,64.59934455023873],[-138.24926384819875,64.59507548014324],[-138.25065544976127,64.57287767198352],[-138.28954433865016,64.54648878309463],[-138.33128899468315,64.54517788357205],[-138.38121100531683,64.52148878309463],[-138.44191250271265,64.52565544976129],[-138.45086364746092,64.50904168023004],[-138.57721048990882,64.47443271213109],[-138.61352878146698,64.44226006401911],[-138.6549133300781,64.44109937879774],[-138.67574666341145,64.45890062120226],[-138.73971048990884,64.4547339545356],[-138.75833333333333,64.48750000000001],[-138.78088107638888,64.4829800075955],[-138.79548000759547,64.50174221462674],[-138.78390062120224,64.56887715657552],[-138.8366492377387,64.61335076226129],[-138.8130672878689,64.65221048990887],[-138.82973395453558,64.6855438232422],[-138.8714162190755,64.71991373697918],[-139.0090799967448,64.73390062120227],[-139.02598809136282,64.72443271213109],[-139.06308288574218,64.76158040364584],[-139.12254774305555,64.76701999240453],[-139.17916666666665,64.72083333333335],[-139.21249999999998,64.72083333333335],[-139.2259791056315,64.80353393554688],[-139.2769561767578,64.82443271213108],[-139.33636288113064,64.82473551432292],[-139.34583333333333,64.84166666666668],[-139.45221048990885,64.8797339545356],[-139.475910949707,64.92021620008681],[-139.51666666666665,64.91666666666669],[-139.53001759847004,64.93664923773872],[-139.57438167995875,64.9551727294922],[-139.57048000759548,64.98921644422744],[-139.6,65.025],[-139.68964758978947,65.02563035753039],[-139.73372955322264,65.05479702419706],[-139.83958333333334,65.00891723632813],[-139.86048092312282,65.0131303575304],[-139.89964667426216,65.07742445203995],[-139.88578626844617,65.09964599609377],[-139.84202440049913,65.11421169704863],[-139.82118665907117,65.13924221462675],[-139.8295199924045,65.16075778537328],[-139.86424221462673,65.1829800075955],[-139.8926074557834,65.17030385335288],[-139.96666666666664,65.18750000000001],[-139.96285332573785,65.21492445203995],[-139.9800799899631,65.2285591973199],[-140.04166666666663,65.22916666666669],[-140.0131176418728,65.27283986409506],[-140.0298546685113,65.3616904364692],[-140.0508797539605,65.37851765950522],[-140.1115736219618,65.38009304470488],[-140.13714192708332,65.41495683458118],[-140.09375,65.41668124728734],[-140.02177056206597,65.46306728786894],[-139.98407999674478,65.44526604546442],[-139.9625,65.45416666666668],[-139.95331573486328,65.4383509318034],[-139.89166666666665,65.43333333333335],[-139.83125881618923,65.45787150065105],[-139.75711839463975,65.41193271213109],[-139.6894561767578,65.4172339545356],[-139.6366004096137,65.45350545247398],[-139.4717329237196,65.5173278808594],[-139.4577660454644,65.54241333007815],[-139.47083333333333,65.55833333333335],[-139.44237518310547,65.54077928331165],[-139.42499999999998,65.49166666666669],[-139.38239610460067,65.51723395453561],[-139.35209214952255,65.49212849934898],[-139.26862284342445,65.50890062120227],[-139.25833333333333,65.54583333333335],[-139.22254808213975,65.54131113688153],[-139.1767098320855,65.51285807291669],[-139.11249999999998,65.55833333333335],[-139.0813771565755,65.51306728786894],[-139.0510348849826,65.51191355387371],[-139.03333333333333,65.47500000000002],[-139.00221048990883,65.49526604546443],[-138.9144561767578,65.49640062120227],[-138.88813781738278,65.50923902723525],[-138.886868625217,65.52816721598309],[-138.86324666341145,65.54640062120228],[-138.8091840955946,65.53001759847007],[-138.78693271213106,65.56567857530383],[-138.7910220675998,65.59076283772788],[-138.7625,65.60416666666669],[-138.73749999999998,65.63750000000002],[-138.7063771565755,65.60890062120228],[-138.60587972005206,65.56631334092884],[-138.56007554796005,65.5704800075955],[-138.53958401150172,65.55418056911894],[-138.49166666666665,65.56250000000001],[-138.48241882324217,65.57439761691624],[-138.42588738335502,65.58404184977215],[-138.4065911187066,65.64548000759551],[-138.36007554796004,65.65035332573787],[-138.19252336290148,65.75061764187285],[-138.13380245632595,65.71604902479386],[-137.92742445203993,65.76631334092883],[-137.81041666666667,65.77130211724177],[-137.7633509318034,65.78835093180341],[-137.77499999999998,65.85000000000001],[-137.73504621717663,65.86701999240454],[-137.65590888129339,65.86214667426218],[-137.59757554796005,65.8336866590712],[-137.56666666666666,65.85000000000002],[-137.5149244520399,65.91631334092884],[-137.38826819525823,65.94263831244577],[-137.3865003797743,65.95478430853952],[-137.35617319742838,65.95061764187285],[-137.33406999376083,65.97145097520618],[-137.30911729600692,65.96742197672528],[-137.28831939697264,66.00061764187285],[-137.23749999999998,65.99583333333335],[-137.22048000759548,66.06075778537328],[-137.1965799967448,66.07556728786895],[-137.15612284342447,66.0744327121311],[-137.12157999674477,66.04526604546443],[-137.0551038953993,66.06723395453561],[-137.014215766059,66.04964667426218],[-136.92254638671872,66.05451999240454],[-136.84258660210503,66.04941796196833],[-136.82425333658853,66.03693271213109],[-136.76175333658853,66.04640062120228],[-136.73871493869356,66.03693271213109],[-136.71666666666664,66.075],[-136.69338243272568,66.07951999240454],[-136.5958333333333,66.04583333333335],[-136.58688083224826,66.11150953504774],[-136.5303297254774,66.14203253851997],[-136.4958333333333,66.15],[-136.47806803385416,66.12986382378473],[-136.43316480848523,66.12849867078994],[-136.36872355143228,66.13816799587674],[-136.34271308051214,66.15439724392361],[-136.34603339301214,66.16998494466146],[-136.2382388644748,66.20072835286459],[-136.22721048990883,66.24109937879776],[-136.14166666666665,66.25833333333334],[-136.15890062120224,66.35093722873265],[-136.12983500162758,66.38011610243056],[-136.1375,66.40833333333335],[-136.12499999999997,66.43333333333334],[-136.09362284342447,66.4422339545356],[-136.0447567409939,66.48272637261286],[-135.9810852050781,66.47447035047743],[-135.95910576714408,66.45921969943578],[-136.02464667426216,66.53090888129341],[-136.02561764187283,66.60632697211372],[-136.0492648654514,66.62163594563803],[-136.05416666666665,66.68333333333334],[-136.08333333333331,66.68333333333334],[-136.07443271213106,66.72574666341147],[-136.08767005072698,66.75278354220922],[-136.03835093180336,66.76751742892796],[-136.04583333333332,66.79583333333335],[-135.98785417344834,66.82254909939238],[-135.98785332573783,66.8565911187066],[-136.0559088812934,66.91214667426216],[-136.11075778537327,66.9211866590712],[-136.16214531792534,66.95171508789063],[-136.15375417073568,66.9803419325087],[-136.17982788085936,67.03660040961373],[-136.2118387858073,67.05506625705297],[-136.21335093180338,67.08248257107206],[-136.23298000759547,67.09757554796008],[-136.23368665907117,67.1308810763889],[-136.199998304579,67.14373440212675],[-136.24130859375,67.18162350124784],[-136.17994130452473,67.19657253689238],[-136.1784216986762,67.2114698621962],[-136.1424314710829,67.23833584255644],[-136.12838999430338,67.28678012424047],[-136.10520935058594,67.2882035997179],[-136.09498240152993,67.3283157348633],[-136.06471048990883,67.35359937879775],[-135.94166666666666,67.35416666666669],[-135.9324459499783,67.38262481689455],[-135.8800799899631,67.39644080268013],[-135.86249999999998,67.41666666666669],[-135.87083333333334,67.45833333333334],[-135.82574666341145,67.4369327121311],[-135.74657999674477,67.4369327121311],[-135.58447045220268,67.4627646552192],[-135.54657999674478,67.4244327121311],[-135.48407999674478,67.43806728786893],[-135.34757554796005,67.44201999240452],[-135.32916666666665,67.47916666666669],[-135.28411593967013,67.47982771131728],[-135.22887742784286,67.54917941623266],[-135.1966047498915,67.55493808322484],[-135.19943847656248,67.59375000000001],[-135.18402133517793,67.60080956353083],[-135.178372531467,67.63670586480036],[-135.16604902479384,67.6421357896593],[-135.18344726562498,67.6946745130751],[-135.2188771565755,67.68806728786895],[-135.2253958808051,67.71986558702258],[-135.2801038953993,67.70359937879776],[-135.31986558702255,67.7295625474718],[-135.30798000759546,67.7683810763889],[-135.34995947943793,67.79835544162329],[-135.31351742214625,67.83386281331383],[-135.22708231608073,67.77918023003474],[-135.2059088812934,67.7954800075955],[-135.18298000759546,67.77671593560115],[-135.1815911187066,67.75035332573786],[-135.11036512586804,67.72147606743708],[-135.0757364908854,67.76353285047745],[-135.08211839463974,67.78390062120228],[-135.04999999999998,67.77500000000002],[-135.0255672878689,67.80195617675783],[-135.01609937879772,67.82157999674482],[-135.03751627604166,67.8390816582574],[-135.00416666666666,67.8875],[-134.96666666666664,67.86666666666669],[-134.94948628743487,67.90723266601564],[-135.01565416124132,67.94652523464629],[-134.9952660454644,67.99461839463977],[-135.0159278021918,68.0050464206272],[-135.00359937879773,68.03407999674481],[-135.03687201605902,68.05507473415801],[-135.02499999999998,68.09583333333333],[-134.9803039550781,68.07890201144751],[-134.95624118381076,68.09953816731773],[-134.91471048990883,68.07556728786895],[-134.86028951009112,68.06609937879776],[-134.84100545247395,68.03006625705297],[-134.81249999999997,68.01250000000002],[-134.78368665907115,68.06840888129342],[-134.79206271701386,68.0906989203559],[-134.89497172037758,68.14199761284723],[-134.9133070203993,68.17429436577692],[-134.9569654676649,68.17854919433594],[-134.94935709635416,68.20032179090713],[-134.96669447157117,68.21385192871094],[-134.9576904296875,68.22571377224394],[-134.98407253689234,68.28672519259983],[-135.0282023111979,68.30513102213543],[-134.99943271213107,68.34508666992188],[-135.04203253851995,68.37616305881077],[-135.02846238878035,68.40741373697918],[-135.0090799967448,68.4172339545356],[-134.95624999999998,68.38393961588542],[-134.92161187065972,68.38679843478734],[-134.91125013563365,68.3583485921224],[-134.8144561767578,68.30890062120227],[-134.79943271213105,68.33427056206598],[-134.8284278021918,68.35504625108507],[-134.8241492377387,68.37414923773872],[-134.7341840955946,68.41335076226129],[-134.70416666666665,68.47916666666667],[-134.68866305881073,68.4878658718533],[-134.62831590440535,68.4508507622613],[-134.61732211642794,68.45621100531685],[-134.60501675075952,68.49064263237848],[-134.67542792426212,68.51334906684029],[-134.6573503282335,68.56985032823351],[-134.62941250271265,68.55767788357205],[-134.5895833333333,68.59103868272571],[-134.55492621527776,68.58678690592448],[-134.55331319173175,68.56617906358508],[-134.51871100531682,68.58267788357206],[-134.38333333333333,68.5125],[-134.36004943847655,68.54201999240452],[-134.3458333333333,68.53750000000001],[-134.3202660454644,68.56128506130644],[-134.33685540093313,68.56757066514758],[-134.33243374294702,68.59517211914063],[-134.2301344129774,68.62122938368057],[-134.23007473415797,68.63687201605904],[-134.25074666341143,68.63806728786894],[-134.40392083062065,68.59934455023873],[-134.42892083062063,68.62982211642796],[-134.4492482503255,68.62581380208334],[-134.4508344862196,68.64607747395834],[-134.5200720893012,68.63819749620227],[-134.54362284342446,68.65776604546441],[-134.60074666341143,68.66306728786893],[-134.6862850613064,68.64526604546442],[-134.68785332573782,68.67742445203994],[-134.7190911187066,68.68785332573786],[-134.73785332573783,68.72325778537328],[-134.7746419270833,68.74754299587674],[-134.791653781467,68.76874966091582],[-134.7875,68.79166666666667],[-134.87499999999997,68.78333333333335],[-134.92916666666665,68.85000000000001],[-135.0116475423177,68.84661288791234],[-135.0254889594184,68.87422281901043],[-135.04648878309462,68.87941250271268],[-135.04092746310764,68.90762668185765],[-135.00351121690537,68.91101108127171],[-135.02181633843315,68.94485032823351],[-135.05340745713974,68.93821987575956],[-135.07943488226994,69.0033664279514],[-135.0589609781901,69.005074734158],[-135.0577660454644,69.0258500840929],[-135.13528951009113,69.0619327121311],[-135.20416666666665,69.06666666666668],[-135.19964667426214,69.13921440972224],[-135.23298000759547,69.17257554796008],[-135.18820563422307,69.19664035373265],[-135.18688235812715,69.21466013590496],[-135.14825778537326,69.2579800075955],[-135.0644561767578,69.25890062120227],[-135.0487850613064,69.27556728786894],[-135.0063771565755,69.26306728786894],[-134.9507592095269,69.26594967312285],[-134.94920586480032,69.24610578748917],[-134.93357916937933,69.23684455023873],[-134.88357916937932,69.24648878309463],[-134.8585791693793,69.2285112169054],[-134.78541666666666,69.23687184651695],[-134.74517788357204,69.22767757839628],[-134.75482211642793,69.20474819607206],[-134.74256625705294,69.16316121419273],[-134.79508666992186,69.14526604546442],[-134.82916666666665,69.16250000000001],[-134.92443847656247,69.12291666666668],[-134.91049363878037,69.1047841389974],[-134.87546929253472,69.09521586100261],[-134.81867302788626,69.09938252766928],[-134.75906846788192,69.06169738769533],[-134.74999999999997,69.04166666666669],[-134.76666666666665,69.00833333333334],[-134.7299116346571,69.0114698621962],[-134.71046820746525,68.97980957031251],[-134.68821987575953,68.97422349717883],[-134.68651360405815,68.93821716308595],[-134.671635945638,68.9367648654514],[-134.6655602349175,68.9169633653429],[-134.62716030544703,68.89228413899741],[-134.59683600531682,68.89100680881077],[-134.58333333333331,68.87083333333335],[-134.59900987413192,68.85498182508681],[-134.56054382324217,68.81306728786893],[-134.48749999999998,68.80000000000001],[-134.42157999674478,68.85056728786894],[-134.40195617675778,68.84943271213109],[-134.33333333333331,68.82916666666668],[-134.30331590440537,68.79668409559463],[-134.23957451714406,68.77129516601563],[-134.2019561767578,68.77859937879775],[-134.17570834689667,68.76577928331164],[-134.15748257107202,68.73418409559463],[-134.1259090847439,68.72854309082032],[-134.03504774305554,68.64964667426216],[-133.94241333007812,68.67140062120227],[-133.88850691053602,68.66606716579862],[-133.88262481689452,68.65088738335504],[-133.83843722873263,68.63693271213108],[-133.7625,68.64583333333334],[-133.7093309190538,68.56193271213108],[-133.6672339545356,68.56471048990886],[-133.66609937879772,68.51567857530382],[-133.67916666666665,68.48750000000001],[-133.64580976698133,68.48207160101997],[-133.63241780598958,68.44935709635418],[-133.55565575493705,68.47148878309463],[-133.52648908827038,68.46184455023872],[-133.50392286512584,68.48666483561199],[-133.47433268229165,68.47434455023873],[-133.46041785346137,68.48687879774306],[-133.43308749728732,68.47434455023873],[-133.39659118652344,68.48406948513455],[-133.39510091145831,68.50310635036894],[-133.35833333333332,68.53333333333335],[-133.28528951009113,68.52443271213109],[-133.2551038953993,68.49526604546442],[-133.2010023328993,68.50354410807293],[-133.17831573486328,68.4633507622613],[-133.1514957004123,68.46665344238282],[-133.13693271213106,68.44677056206598],[-133.16601070827906,68.3884009467231],[-133.10416666666666,68.37916666666668],[-133.09911261664496,68.35487501356337],[-133.03112284342447,68.33693271213109],[-132.9813771565755,68.30056728786893],[-132.9083333333333,68.27916666666667],[-132.8215799967448,68.28806728786893],[-132.73001742892794,68.27831590440539],[-132.72181057400172,68.25915188259549],[-132.75473395453557,68.22991333007813],[-132.7505672878689,68.20195617675782],[-132.77859937879774,68.1730438232422],[-132.77795172797306,68.15359937879775],[-132.74657999674477,68.15890062120226],[-132.71159091525607,68.13812357584636],[-132.63724975585936,68.12829115125868],[-132.6548095703125,68.09654710557726],[-132.6438015407986,68.08814290364583],[-132.6,68.07916666666667],[-132.56341824001734,68.08691101074221],[-132.5312506781684,68.06668056911894],[-132.43533969455294,68.06311764187285],[-132.4200222439236,68.08265702989368],[-132.354935031467,68.1009716457791],[-132.34799363878037,68.11604902479385],[-132.31666666666663,68.11666666666669],[-132.23658447265623,68.05476515028214],[-132.12708401150172,68.03334723578561],[-132.075,68.04166666666669],[-132.07552947998047,68.06058163113066],[-132.09108852810328,68.0634470621745],[-132.10776604546442,68.08945617675784],[-132.10074666341146,68.10473395453562],[-132.02291666666665,68.09213545057511],[-131.97291666666666,68.10786454942493],[-131.91041666666666,68.08796878390844],[-131.87935401068793,68.09079979790583],[-131.87426028781465,68.05904354519316],[-131.8312235514323,68.05766533745661],[-131.74909074571397,67.99645690917971],[-131.72599046495225,67.99521416558161],[-131.72083333333333,67.97500000000002],[-131.67174903021916,67.9702348497179],[-131.66193271213106,67.95074666341148],[-131.67382134331595,67.9085657755534],[-131.64166666666665,67.88750000000002],[-131.63616773817273,67.83821411132814],[-131.59649912516275,67.82780914306643],[-131.59514770507812,67.78828006320532],[-131.5585993448893,67.78664686414932],[-131.54999999999998,67.73750000000001],[-131.50865512424045,67.75064273410375],[-131.4992180718316,67.72983517116973],[-131.43536495632594,67.72852393256295],[-131.3753217909071,67.70352393256296],[-131.3253217909071,67.70897606743708],[-131.2938017103407,67.68814273410375],[-131.18992445203992,67.66285332573787],[-131.103229437934,67.68390062120227],[-131.0782555474175,67.66311679416235],[-131.05322943793402,67.66193271213109],[-131.0375,67.68750000000001],[-131.0125,67.69166666666669],[-131.00738491482204,67.66639929877388],[-130.91787923177083,67.65825873480904],[-130.91040717230902,67.67027876112198],[-130.8757368299696,67.63688235812718],[-130.77254638671874,67.62464667426217],[-130.7131880018446,67.63830956353084],[-130.70416666666665,67.67916666666669],[-130.6509107801649,67.67145046657988],[-130.63333333333333,67.68333333333335],[-130.61613701714407,67.64691636827258],[-130.6505672878689,67.63628506130644],[-130.64930928548176,67.62594028049047],[-130.58407999674478,67.59526604546443],[-130.5343594021267,67.60357038709854],[-130.52499999999998,67.59166666666668],[-130.50174221462672,67.59201999240453],[-130.4333333333333,67.61250000000001],[-130.38112284342446,67.60359937879777],[-130.34682142469615,67.56609937879776],[-130.3112850613064,67.57973395453561],[-130.28008626302082,67.57012905544707],[-130.27083333333331,67.51666666666668],[-130.2945836385091,67.50815599229603],[-130.30416666666665,67.46666666666668],[-130.25499148898655,67.45762888590497],[-130.2247326321072,67.4282180786133],[-130.21648796929253,67.3637424045139],[-130.24583333333334,67.32083333333335],[-130.22721048990886,67.3047339545356],[-130.17574666341145,67.29109937879775],[-130.12585093180337,67.29668426513673],[-130.08971048990884,67.31609937879776],[-129.97916666666666,67.32083333333335],[-129.90927056206596,67.2994327121311],[-129.8465799967448,67.31723395453561],[-129.83749999999998,67.31250000000001],[-129.85056728786893,67.28248324924047],[-129.79999999999998,67.25416666666668],[-129.69362284342446,67.25359937879776],[-129.67157999674478,67.24109937879776],[-129.6384292602539,67.25070292154949],[-129.60744594997828,67.30762481689455],[-129.5924133300781,67.31306728786893],[-129.51862284342448,67.30890062120227],[-129.480662367079,67.3333201090495],[-129.4092329237196,67.32433878580731],[-129.39999999999998,67.31250000000001],[-129.3313771565755,67.32443271213108],[-129.2395065307617,67.32145097520618],[-129.2188268025716,67.33688235812718],[-129.18117319742836,67.33811764187284],[-129.1379692925347,67.36728430853951],[-129.08924221462672,67.3586866590712],[-129.0375,67.37083333333335],[-129.02916666666664,67.35833333333335],[-129.0660237630208,67.31463504367406],[-129.07413194444442,67.27852393256295],[-129.01028951009113,67.2797339545356],[-128.95893656412758,67.32185923258466],[-128.9673095703125,67.35801154242623],[-128.94501274956596,67.4038774278429],[-128.88821885850692,67.4218714396159],[-128.88676079644097,67.4408920288086],[-128.86521877712673,67.45480940077042],[-128.84654710557723,67.44102393256296],[-128.82852376302083,67.44728139241538],[-128.83666992187497,67.48678351508248],[-128.79461839463974,67.50473395453561],[-128.7509090847439,67.49520975748699],[-128.72859937879772,67.46961839463977],[-128.72819892035588,67.4420625474718],[-128.70907999674478,67.43276604546443],[-128.6644561767578,67.43390062120227],[-128.5958333333333,67.46250000000002],[-128.5563771565755,67.42556728786894],[-128.479790242513,67.411590745714],[-128.46471048990884,67.37140062120227],[-128.4051605224609,67.34520144992406],[-128.37831590440535,67.31751759847006],[-128.33749999999998,67.31666666666668],[-128.32834031846787,67.29249318440756],[-128.27409091525607,67.24229024251304],[-128.20925292968747,67.26737094455297],[-128.19262627495658,67.3047339545356],[-128.12291666666664,67.30046878390843],[-128.06666666666666,67.31666666666668],[-128.01424221462673,67.29201999240453],[-127.98715328640407,67.31548190646703],[-127.94673902723524,67.32563764784072],[-127.93088124593098,67.3454784817166],[-127.91976810031466,67.32988349066842],[-127.89517788357205,67.3283420138889],[-127.90328691270615,67.27104593912762],[-127.87982211642795,67.25628899468317],[-127.8625,67.21250000000002],[-127.84583333333333,67.22083333333335],[-127.79489610460068,67.19109937879776],[-127.75893639458549,67.2176961263021],[-127.75833333333333,67.23333333333335],[-127.7354007297092,67.23333468967016],[-127.71249999999999,67.20833333333334],[-127.70071529812282,67.21333923339846],[-127.70477176242403,67.24867129855687],[-127.66581149631075,67.2701377020942],[-127.63007422553167,67.27174089219837],[-127.61622280544704,67.29507531060115],[-127.63268381754557,67.3092258029514],[-127.6339384290907,67.34033796522354],[-127.58117319742837,67.36604902479385],[-127.47916666666666,67.33750000000002],[-127.49201999240451,67.2933822631836],[-127.48159111870659,67.27951999240453],[-127.42574666341145,67.28390062120228],[-127.38008609347872,67.2659623887804],[-127.37156846788193,67.2383032904731],[-127.38958994547525,67.2255566067166],[-127.40804341634113,67.23241543240019],[-127.4132351345486,67.2133032904731],[-127.43746609157985,67.19719441731772],[-127.41744215223522,67.19092881944445],[-127.41170586480034,67.15079413519966],[-127.31330261230467,67.10343153211807],[-127.31169145372178,67.09236111111113],[-127.28009304470484,67.09675971137155],[-127.27015635172525,67.13233574761286],[-127.246635945638,67.13823513454862],[-127.24502088758679,67.14933200412328],[-127.18010355631509,67.14105597601998],[-127.17795172797308,67.1119327121311],[-127.13848809136283,67.12556728786893],[-127.10833333333332,67.11250000000001],[-127.07204827202689,67.12973395453561],[-127.03871493869356,67.11609937879776],[-127.0282511393229,67.13690151638457],[-126.9894561767578,67.13806728786894],[-126.94409111870658,67.17464667426216],[-126.87589959038627,67.17017211914064],[-126.79409111870658,67.13785332573786],[-126.58924221462672,67.14964667426217],[-126.54825778537327,67.09201999240453],[-126.46666666666664,67.04166666666669],[-126.46609937879772,66.96445617675782],[-126.43333333333331,66.86250000000001],[-126.45065544976127,66.82524583604602],[-126.43701239691838,66.80085347493491],[-126.45784437391491,66.79922281901042],[-126.47006429036456,66.7632551405165],[-126.42573242187498,66.74893968370226],[-126.40483398437497,66.70767788357206],[-126.38042738172742,66.71244676378039],[-126.32982211642793,66.6646223280165],[-126.32535332573782,66.61840888129342],[-126.34166666666664,66.60000000000001],[-126.31666666666665,66.59583333333335],[-126.20909220377602,66.6090559217665],[-126.20340779622394,66.64478115505644],[-126.15058152940536,66.66315544976129],[-126.08128899468313,66.61732211642796],[-125.8394561767578,66.62556728786893],[-125.77986280653211,66.6717241075304],[-125.73971048990884,66.72443271213109],[-125.7216100056966,66.72571987575955],[-125.73749999999998,66.82500000000002],[-125.63575778537326,66.72951999240452],[-125.61329379611544,66.72985161675348],[-125.60755869547525,66.74926079644098],[-125.56698845757377,66.7673095703125],[-125.5465838962131,66.74935709635417],[-125.51282179090711,66.77147623697918],[-125.44999999999999,66.75833333333334],[-125.42742445203992,66.7211866590712],[-125.37916666666665,66.7125],[-125.37418484157985,66.6839830186632],[-125.32916666666665,66.68750000000001],[-125.31597561306423,66.65079752604167],[-125.29366065131292,66.6535617404514],[-125.2630406697591,66.63689507378473],[-125.18431057400173,66.65350952148438],[-125.17819535997177,66.63817850748698],[-125.15470716688367,66.63272840711807],[-125.08429328070746,66.65767754448785],[-125.0782511393229,66.64643181694879],[-125.01319613986544,66.6324425591363],[-124.99076097276475,66.6048044840495],[-124.90833333333332,66.56666666666668],[-124.80590888129339,66.57464667426217],[-124.77325778537325,66.55868665907118],[-124.70612284342447,66.55359937879776],[-124.60833333333332,66.49166666666667],[-124.62140062120224,66.50758666992188],[-124.61249999999998,66.57916666666668],[-124.47163967556422,66.62561747233075],[-124.43831651475692,66.62154812282986],[-124.43233371310762,66.63811747233073],[-124.40617302788627,66.63688252766929],[-124.32299363878036,66.57561747233073],[-124.29999999999998,66.57083333333334],[-124.30760396321612,66.5508036295573],[-124.28811747233071,66.53966030544706],[-124.27854919433591,66.50880262586807],[-124.2825961642795,66.45907050238716],[-124.24999999999997,66.45],[-124.24045172797307,66.4672339545356],[-124.20833333333331,66.4625],[-124.20833333333331,66.47500000000001],[-124.18924221462672,66.4829800075955],[-124.14754943847655,66.44548000759549],[-124.10416666666664,66.45],[-124.07278951009113,66.47556728786893],[-123.98971048990883,66.57443271213108],[-123.85741187201603,66.60775756835939],[-123.78749999999998,66.60833333333335],[-123.79645097520614,66.65216030544705],[-123.81747368706596,66.68262769911026],[-123.87299346923825,66.70895080566407],[-123.9145065307617,66.74938252766928],[-123.94213578965926,66.74521586100262],[-124.04498240152992,66.80501742892797],[-123.93000505235457,66.90478413899741],[-123.89248046874998,66.90350850423178],[-123.8583333333333,66.87500000000001],[-123.77157999674476,66.87556728786893],[-123.72122955322263,66.84936964246963],[-123.69659813774955,66.85069783528647],[-123.69914143880206,66.87836371527779],[-123.62714758978947,66.90770297580296],[-123.59622955322263,66.88270297580296],[-123.57555491129554,66.90479702419707],[-123.52122955322262,66.8785363091363],[-123.50201907687715,66.88270297580296],[-123.40214758978946,66.85063035753039],[-123.35487518310543,66.85088738335504],[-123.3333333333333,66.87500000000001],[-123.31666666666663,66.83333333333334],[-123.1938771565755,66.75056728786893],[-123.1458333333333,66.76250000000002],[-123.07278951009111,66.74943271213108],[-123.03554382324216,66.71306728786894],[-122.9562588161892,66.69212849934897],[-122.8924133300781,66.72140062120226],[-122.8583333333333,66.70000000000002],[-122.82996080186629,66.709127468533],[-122.82130262586803,66.72561747233074],[-122.7833333333333,66.71666666666668],[-122.76909111870657,66.73714667426216],[-122.72585076226125,66.74668409559463],[-122.69547899034285,66.83995327419706],[-122.65590888129337,66.8461866590712],[-122.6208333333333,66.87500000000001],[-122.50910983615448,66.85761345757379],[-122.50213487413191,66.83814290364585],[-122.47703179253469,66.83685709635418],[-122.42499999999997,66.80416666666667],[-122.36840888129336,66.8079800075955],[-122.28628506130639,66.76609937879775],[-122.23714667426212,66.82254774305557],[-122.41075778537324,66.85451999240452],[-122.42916666666663,66.89583333333334],[-122.47023484971785,66.93008219401042],[-122.4833333333333,66.99583333333335],[-122.49926113552515,66.99654710557726],[-122.50416666666663,67.025],[-122.47535332573781,67.04757554796008],[-122.47464667426212,67.0808831108941],[-122.5142422146267,67.11214667426216],[-122.6024244520399,67.1211866590712],[-122.62859937879772,67.13945617675783],[-122.63806728786889,67.22574666341147],[-122.58430107964406,67.2795625474718],[-122.55890062120223,67.33528951009116],[-122.56723395453555,67.3529517279731],[-122.55776604546438,67.38211839463978],[-122.57409159342444,67.39510989718968],[-122.54672105577254,67.40891316731772],[-122.53610432942705,67.39153645833335],[-122.47562255859371,67.41578148735896],[-122.47438049316403,67.3842988755968],[-122.45057983398434,67.36886461046008],[-122.44931572808156,67.35076633029516],[-122.38112284342445,67.35056728786894],[-122.33090888129337,67.3829800075955],[-122.2833333333333,67.35833333333335],[-122.21887715657549,67.30056728786894],[-122.17499999999997,67.28750000000001],[-122.07257554796003,67.30381334092884],[-122.00880262586801,67.27854902479385],[-121.99501647949215,67.29102834065756],[-121.93841569688583,67.29226515028213],[-121.92991333007811,67.3047339545356],[-121.90331573486326,67.28001759847007],[-121.8458333333333,67.26250000000002],[-121.8237850613064,67.27556728786894],[-121.78436024983722,67.26726888020835],[-121.76961839463974,67.28806728786894],[-121.71054382324216,67.26306728786894],[-121.62278951009112,67.27026604546442],[-121.5958333333333,67.25416666666668],[-121.53504621717663,67.26701999240453],[-121.35416666666664,67.27083333333334],[-121.30326707628035,67.30767211914063],[-121.27499999999998,67.30833333333335],[-121.28007829454208,67.33271908230253],[-121.30742170545787,67.33394758436417],[-121.32536366780596,67.35169050428604],[-121.32426537407767,67.37011922200523],[-121.26320207383895,67.3885698106554],[-121.2622621324327,67.43665635850697],[-121.20075073242185,67.47146809895835],[-121.20898878309458,67.50750868055557],[-121.18404727511933,67.50907202826608],[-121.18333333333331,67.52500000000002],[-121.19908667670353,67.52560746934681],[-121.2083333333333,67.55000000000001],[-121.1545216878255,67.58087955051],[-121.15416666666664,67.62083333333335],[-121.1333333333333,67.64166666666668],[-120.98017917209198,67.62857377794056],[-120.9583333333333,67.60000000000002],[-120.92963595920136,67.62145097520619],[-120.87573682996958,67.61188235812719],[-120.8520833333333,67.62860514322918],[-120.81450636121959,67.62978430853951],[-120.75502353244354,67.68811764187285],[-120.73090888129337,67.68785332573786],[-120.72590908474389,67.71604309082034],[-120.7458333333333,67.72500000000002],[-120.78749999999997,67.71666666666668],[-120.79223395453556,67.77991333007814],[-120.76004638671871,67.82951999240453],[-120.63090888129337,67.81701999240454],[-120.54213595920136,67.84645097520618],[-120.51342637803816,67.83657362196182],[-120.5073337131076,67.81604902479386],[-120.47164679633244,67.81732703314889],[-120.45880262586802,67.84228430853952],[-120.42695617675778,67.83390062120228],[-120.39999999999996,67.85416666666669],[-120.30739610460066,67.86306728786894],[-120.29469604492184,67.84556867811416],[-120.16339959038625,67.87149454752605],[-120.09409111870656,67.91631334092884],[-119.90195617675779,67.93806728786895],[-119.80510389539928,67.99640062120228],[-119.75101776123044,67.98393876817494],[-119.73243374294702,68.01183878580731],[-119.68847452799477,68.024361843533],[-119.67157999674477,68.00359937879776],[-119.62083333333331,68.00416666666669],[-119.62154727511933,67.98823869493275],[-119.7642422146267,67.93785332573786],[-119.81164906819659,67.93664906819663],[-119.84627719455293,67.89090864393448],[-119.80924089219833,67.861592441135],[-119.79098815917966,67.81763797336157],[-119.75414649115666,67.81099667019316],[-119.72717268202038,67.7756050957574],[-119.58504621717663,67.76631334092883],[-119.56666666666663,67.77916666666668],[-119.5368949042426,67.73418545193144],[-119.55753580729164,67.72430894639758],[-119.54220733642576,67.7035615709093],[-119.48532731797957,67.70772823757598],[-119.42916666666665,67.69166666666669],[-119.4466842651367,67.65918426513673],[-119.47859937879771,67.6355438232422],[-119.47916666666664,67.60000000000002],[-119.46636098225909,67.5905705769857],[-119.48260396321612,67.55913679334854],[-119.45279880099824,67.54521569146053],[-119.41348249647349,67.553436448839],[-119.37299346923825,67.52561764187284],[-119.33447045220267,67.5164020114475],[-119.30221048990883,67.52859937879776],[-119.2383129543728,67.5243360731337],[-119.22716013590492,67.49645097520617],[-119.19213578965926,67.50478430853951],[-119.15428059895831,67.48634117974177],[-119.13749999999997,67.46250000000002],[-119.06371493869355,67.46193271213109],[-119.05833333333331,67.47500000000002],[-118.96887715657549,67.49109937879776],[-118.9053039550781,67.48306867811417],[-118.86249999999997,67.52916666666668],[-118.85279880099823,67.51188235812718],[-118.82700636121959,67.51311764187285],[-118.78132697211369,67.53688235812719],[-118.71450636121959,67.53811764187284],[-118.65916442871091,67.55903727213543],[-118.64900241427948,67.57432301839195],[-118.57533094618053,67.58419477674698],[-118.57009819878469,67.603364054362],[-118.5333333333333,67.61250000000001],[-118.51249999999996,67.60416666666669],[-118.50071275499128,67.52574869791668],[-118.52467820909285,67.52980940077042],[-118.65729539659284,67.48678097195098],[-118.6583333333333,67.45000000000002],[-118.54697062174476,67.44609798855254],[-118.52771877712671,67.42852393256295],[-118.49181654188365,67.4345426771376],[-118.4825507269965,67.45767381456164],[-118.4333333333333,67.45833333333334],[-118.43242594401038,67.4425742255317],[-118.41304050021698,67.43272823757597],[-118.3882873535156,67.44227176242406],[-118.37150878906246,67.42439490424263],[-118.3561604817708,67.42560509575739],[-118.28554382324215,67.4494327121311],[-118.2458333333333,67.45000000000002],[-118.23658667670354,67.47022586398656],[-118.12695617675779,67.47140062120228],[-118.03841654459633,67.48809543185766],[-118.02499999999996,67.50416666666668],[-117.95088738335501,67.48679148356122],[-117.9424133300781,67.47443271213109],[-117.88528951009113,67.47443271213109],[-117.8517164442274,67.44964667426217],[-117.79338005913627,67.4586878458659],[-117.78159111870657,67.47881334092884],[-117.75621100531681,67.4785112169054],[-117.72573242187498,67.46560618082684],[-117.70857916937932,67.42017788357207],[-117.67941250271265,67.4256554497613],[-117.65267757839624,67.41184455023873],[-117.60474819607202,67.42982211642797],[-117.55487314860024,67.40767788357206],[-117.48954433865015,67.4131554497613],[-117.45909220377601,67.41738925509985],[-117.45416666666664,67.43750000000001],[-117.42254706488713,67.4329793294271],[-117.41249999999998,67.41666666666669],[-117.43007592095266,67.3964569091797],[-117.4833333333333,67.38333333333335],[-117.45071394178599,67.35352393256295],[-117.4208333333333,67.36250000000001],[-117.40771569146048,67.34663967556425],[-117.40900370279945,67.31747877332901],[-117.42145097520614,67.31566704644099],[-117.41249999999998,67.28750000000001],[-117.31075778537324,67.31214667426217],[-117.25590888129338,67.29201999240453],[-117.17916666666663,67.32083333333335],[-117.1507151285807,67.29054650200739],[-117.14921976725257,67.24931945800783],[-117.07630547417531,67.25818956163197],[-117.05532531738278,67.21678059895835],[-117.11168924967446,67.21181945800782],[-117.12283969455292,67.19228430853951],[-117.15617302788625,67.17561764187285],[-117.23665466308591,67.17015465630426],[-117.24303453233505,67.15771569146052],[-117.34657999674477,67.16306728786894],[-117.35859798855249,67.157196214464],[-117.33368665907115,67.13575778537327],[-117.3333333333333,67.10833333333335],[-117.34367319742836,67.1047841389974],[-117.3882366604275,67.10895080566408],[-117.41713578965926,67.09521586100261],[-117.50335710313583,67.09097866482206],[-117.51713578965926,67.07438252766929],[-117.53380245632593,67.08395080566407],[-117.58293745252818,67.07403225368925],[-117.59193132188582,67.0344706217448],[-117.55074666341143,66.99109937879776],[-117.51967010498045,67.00453253851998],[-117.46324666341143,66.96193271213109],[-117.41592000325518,66.97140062120226],[-117.36457061767575,66.95787455240887],[-117.340753004286,66.92560662163629],[-117.30089959038625,66.92982788085939],[-117.30416666666665,67.00416666666668],[-117.26862284342445,67.00359937879776],[-117.20907999674476,66.95359937879776],[-117.16324666341143,66.96306728786894],[-117.12916666666663,66.95833333333334],[-117.10907999674477,66.94109937879776],[-117.08112284342445,66.9422339545356],[-117.06961839463973,66.9547339545356],[-117.02179972330727,66.95066663953995],[-116.98749999999997,66.97500000000001],[-116.96838344997826,66.95381334092883],[-116.8892422146267,66.9579800075955],[-116.82671305338539,66.9329800075955],[-116.73090888129337,66.9329800075955],[-116.68785332573782,66.88575778537327],[-116.68749999999997,66.82500000000002],[-116.72168409559458,66.79668409559463],[-116.7574276394314,66.7868621826172],[-116.77026604546438,66.7605438232422],[-116.76595967610675,66.700777859158],[-116.75028923882375,66.69917941623265],[-116.74081590440535,66.66751742892797],[-116.70612284342445,66.66306728786893],[-116.65074666341143,66.68806728786893],[-116.46007554796003,66.69131334092883],[-116.3657792833116,66.60904168023005],[-116.18117302788625,66.58271586100261],[-116.16586405436195,66.56740180121528],[-116.08380262586802,66.54521586100262],[-116.0556006537543,66.54991285536025],[-116.0208333333333,66.5125],[-115.98504638671871,66.50381334092883],[-115.8964901394314,66.52581414116754],[-115.8899244520399,66.54964667426216],[-115.73971048990883,66.60776604546442],[-115.68528951009112,66.60776604546442],[-115.66961839463973,66.59109937879775],[-115.65074666341144,66.59640062120226],[-115.63971048990882,66.58390062120226],[-115.56128506130639,66.57026604546442],[-115.496489461263,66.57421705457901],[-115.49618665907116,66.50590888129341],[-115.52916666666664,66.47083333333335],[-115.41737959120006,66.45757378472223],[-115.41701999240449,66.40590888129341],[-115.4380672878689,66.38454827202692],[-115.43397606743704,66.36453179253473],[-115.45519680447046,66.33824496799046],[-115.49092017279729,66.32842542860244],[-115.48749999999997,66.28750000000001],[-115.5090418497721,66.25505405002171],[-115.53971048990883,66.25359937879774],[-115.57083333333331,66.22916666666667],[-115.64999999999998,66.22083333333335],[-115.70798000759547,66.18992445203993],[-115.71214667426213,66.14757554796007],[-115.68298000759546,66.1183837890625],[-115.69547576904294,66.09754604763455],[-115.67499999999997,66.07916666666667],[-115.57704433865015,66.08684455023872],[-115.54191250271265,66.06184455023872],[-115.51454433865015,66.06601121690538],[-115.4715894911024,66.04924384223091],[-115.47007548014321,66.02990281846789],[-115.35934533013236,66.02853969997831],[-115.3458333333333,66.00416666666668],[-115.32671288384329,65.99964667426218],[-115.26249999999997,66.00416666666668],[-115.21349046495223,65.98688083224829],[-115.20771416558156,65.95932379828561],[-115.1938771565755,65.95056728786895],[-115.10456271701386,65.93653225368925],[-115.09166666666664,65.89583333333336],[-115.08255377875432,65.91164754231772],[-115.04517788357202,65.91582539876305],[-115.04648878309459,65.88121100531686],[-115.07859937879772,65.8355438232422],[-115.07916666666664,65.81666666666669],[-115.09926283094615,65.81592932807077],[-115.10495876736108,65.77573394775392],[-115.1406311035156,65.77002071804472],[-115.12152370876733,65.74261118570965],[-115.16148613823782,65.72855699327259],[-115.19674496120874,65.67144758436417],[-115.23276604546439,65.66054382324221],[-115.23267788357202,65.64371100531686],[-115.18684455023869,65.56274583604602],[-115.2083333333333,65.52500000000002],[-115.12579413519963,65.53404473198786],[-115.12406344943574,65.55065544976131],[-115.08404642740882,65.54507378472223],[-115.08261990017358,65.51324903700089],[-115.05833333333331,65.50000000000001],[-114.99999999999997,65.39166666666668],[-114.90934041341143,65.38268890380861],[-114.89863213433156,65.36604902479385],[-114.83431498209632,65.36593356662328],[-114.79863213433157,65.34104902479385],[-114.76747911241316,65.34233347574872],[-114.76049363878035,65.35771569146051],[-114.72963595920136,65.36311764187285],[-114.64166666666664,65.35833333333335],[-114.58824666341143,65.33693271213109],[-114.5300862630208,65.33679572211373],[-114.49374999999996,65.30046878390843],[-114.45491333007809,65.31306728786893],[-114.41007554796003,65.30035332573786],[-114.33785332573781,65.35590888129342],[-114.28159111870659,65.43298000759549],[-114.25171288384331,65.44618665907119],[-114.22916666666666,65.44166666666668],[-114.24519042968747,65.46036495632598],[-114.24091661241316,65.48259226481122],[-114.16737874348955,65.49661068386503],[-114.1660237630208,65.52115512424047],[-114.18714667426211,65.54340888129342],[-114.19201999240448,65.57254892985027],[-114.14166666666662,65.60416666666669],[-114.03546820746524,65.53814273410374],[-113.86217820909285,65.53269059922962],[-113.80717010498046,65.55869920518664],[-113.76572943793401,65.54526604546442],[-113.65949656168618,65.5628658718533],[-113.64492518107095,65.52979448106555],[-113.61320843166773,65.53422071668838],[-113.60833333333332,65.55000000000001],[-113.5892128838433,65.54131334092882],[-113.54754706488714,65.54964582655165],[-113.51005062527125,65.50381334092883],[-113.38507554796006,65.50451999240452],[-113.2642155965169,65.58368665907119],[-113.23992445203992,65.57118665907119],[-113.17575259738496,65.57572140163846],[-113.19100545247393,65.61576707628039],[-113.15745239257811,65.6325993008084],[-113.13239610460067,65.62443271213108],[-113.11732788085935,65.63423292371962],[-113.10359937879772,65.67721048990887],[-113.04166666666664,65.75833333333334],[-112.9920199924045,65.78924221462675],[-112.9833333333333,65.80416666666667],[-112.99166666666665,65.84166666666668],[-112.9674133300781,65.82443271213108],[-112.89778951009113,65.82859937879776],[-112.87408294677732,65.81309288872615],[-112.66766442192923,65.79522298177085],[-112.63650037977428,65.75771569146052],[-112.57283986409503,65.76311764187284],[-112.54999999999997,65.77916666666668],[-112.48258666992184,65.77026604546442],[-112.43258666992185,65.7797339545356],[-112.2674133300781,65.77556728786894],[-112.19256625705292,65.75350536770291],[-112.17598809136283,65.7369327121311],[-112.07574666341142,65.74109937879776],[-112.04804382324215,65.75776604546442],[-111.97674221462671,65.76214667426217],[-111.89999999999996,65.72500000000001],[-111.79999999999998,65.75000000000001],[-111.80346883138019,65.6882788764106],[-111.77521938747827,65.68241441514759],[-111.72978430853948,65.62716013590497],[-111.72001919216578,65.59232347276478],[-111.65619828965926,65.59102393256295],[-111.61325056287976,65.57019059922962],[-111.58536495632593,65.57147606743709],[-111.5460527208116,65.59258558485244],[-111.5407511393229,65.61314273410375],[-111.48546837700735,65.58814273410376],[-111.43995073106551,65.58298000759551],[-111.39999999999998,65.64166666666668],[-111.28842926025388,65.59929707845053],[-111.27408532036672,65.57560238308379],[-111.23850691053599,65.57440066867406],[-111.23368682861326,65.5183809068468],[-111.27499999999998,65.50416666666668],[-111.27499999999998,65.47916666666669],[-111.23405236138235,65.44062856038413],[-111.22840186225041,65.40500250922311],[-111.1799380832248,65.37839525010853],[-111.17115512424043,65.35769059922961],[-111.09999999999997,65.35416666666669],[-111.09647284613712,65.33014017740886],[-111.1333333333333,65.26666666666668],[-111.12819485134546,65.25493486192492],[-111.03874240451385,65.21232130262588],[-111.0254692925347,65.22561764187284],[-111.00084533691404,65.22432132297094],[-110.9833333333333,65.17500000000001],[-110.96249999999996,65.18333333333335],[-110.97859937879771,65.20195617675783],[-110.97973395453556,65.2279517279731],[-110.95776604546438,65.25927056206599],[-110.97412685818139,65.29107496473526],[-110.92278951009112,65.2922339545356],[-110.91193271213105,65.33971048990887],[-110.88921339246959,65.35797915988499],[-110.84337972005206,65.3329800075955],[-110.80590888129338,65.33714667426217],[-110.77916666666664,65.32083333333335],[-110.77843797471785,65.30489535861547],[-110.74671393500431,65.30344492594402],[-110.73749999999997,65.28333333333335],[-110.77408447265621,65.27856818305123],[-110.79494594997827,65.26179148356121],[-110.80416666666663,65.20833333333334],[-110.79288126627601,65.19122890896269],[-110.78401251898869,65.20474650065105],[-110.76760050455727,65.20350867377388],[-110.7480312771267,65.15891316731772],[-110.66445617675778,65.14526604546442],[-110.58945617675778,65.11609937879776],[-110.56600545247393,65.08423292371963],[-110.5049133300781,65.04526604546442],[-110.3892422146267,65.04131334092884],[-110.34999999999997,65.00000000000001],[-110.30590888129336,64.9829800075955],[-110.2382366604275,64.93271586100262],[-110.18380245632594,64.95061747233075],[-110.08829989963105,64.92843119303387],[-110.07162746853297,64.91170586480035],[-110.04505445692273,64.82986450195314],[-110.01453162299259,64.82852376302084],[-109.97296837700736,64.78397623697917],[-109.94615512424043,64.77435709635418],[-109.84658542209199,64.78817104763456],[-109.85480940077038,64.80801154242623],[-109.83333333333331,64.81666666666668],[-109.77916666666664,64.80000000000001],[-109.71719563802081,64.80900132921008],[-109.66041666666665,64.79648301866321],[-109.60469563802081,64.81316799587675],[-109.55907321506074,64.81179233127172],[-109.55752003987628,64.7826653374566],[-109.50489061143661,64.79094916449654],[-109.49166666666665,64.775],[-109.47600267198348,64.77565985785591],[-109.46529880099824,64.79645080566408],[-109.4169977823893,64.78663838704428],[-109.41168585883244,64.77149013943144],[-109.39166666666664,64.77083333333334],[-109.39235178629555,64.75079379611546],[-109.40866054958765,64.74483100043403],[-109.39935726589624,64.73396708170574],[-109.41730940077038,64.70075073242188],[-109.41337263319225,64.67435709635417],[-109.4534216986762,64.67396986219619],[-109.45496554904511,64.6588348388672],[-109.4833333333333,64.6375],[-109.40925089518227,64.63809136284723],[-109.40074666341143,64.65056728786894],[-109.32589959038626,64.63267211914064],[-109.3216842651367,64.59668409559463],[-109.34469621446395,64.5877644856771],[-109.35930684407549,64.56313951280383],[-109.38749999999997,64.55833333333334],[-109.28112284342446,64.52026604546442],[-109.2586225721571,64.50751274956598],[-109.24486914740666,64.48013102213542],[-109.20865512424042,64.46602376302084],[-109.17999318440752,64.47165968153213],[-109.16991780598956,64.50064290364584],[-109.14855211046005,64.49102376302085],[-109.10416666666664,64.50000000000001],[-109.07916666666664,64.48333333333335],[-109.04254116482201,64.48267856174046],[-109.02438252766925,64.46529880099827],[-109.02567308213973,64.4383497450087],[-109.11049363878035,64.42854919433594],[-109.1256174723307,64.42400037977431],[-109.124274359809,64.40914510091147],[-109.05483466254337,64.36585422092014],[-109.05416666666663,64.35000000000001],[-108.99338107638886,64.34131198459202],[-108.97325778537324,64.31701999240452],[-108.92499999999997,64.30833333333334],[-108.9158525254991,64.32434319390191],[-108.87257554796004,64.32535332573785],[-108.85868733723956,64.33921610514324],[-108.85416666666663,64.37500000000001],[-108.82168409559459,64.37566697862414],[-108.82000698513451,64.38667365180122],[-108.7924380832248,64.39243808322483],[-108.79089185926647,64.40759412977431],[-108.75534803602427,64.4252427842882],[-108.75343051486541,64.44090881347657],[-108.71249999999996,64.4625],[-108.65590888129337,64.44548000759549],[-108.5833333333333,64.4],[-108.49757554796004,64.4086866590712],[-108.4300862630208,64.45474955240886],[-108.40416666666663,64.50416666666668],[-108.3928039550781,64.49973551432292],[-108.3674133300781,64.52140062120226],[-108.31117112901472,64.5035617404514],[-108.24220784505205,64.51163940429689],[-108.23682047526039,64.47579922146268],[-108.22137383355032,64.47977159288195],[-108.17709282769094,64.45886501736112],[-108.0958333333333,64.46666666666667],[-108.09514058430986,64.44240688747831],[-108.0715911865234,64.44093051486546],[-108.06582404242617,64.4091759575738],[-108.0312110053168,64.40482211642797],[-108.01517774793832,64.42148878309463],[-108.01658460828989,64.4054684109158],[-107.98545566134979,64.38815544976129],[-107.9187110053168,64.39101121690538],[-107.907677883572,64.3860110812717],[-107.91244099934892,64.3637685139974],[-107.85416666666663,64.325],[-107.81593000623913,64.3422841389974],[-107.79266628689234,64.32854919433595],[-107.7698306613498,64.35350680881078],[-107.73850267198348,64.35482652452258],[-107.71666666666664,64.37500000000001],[-107.67994249131942,64.37432115342882],[-107.67426401774087,64.34659118652344],[-107.5300823635525,64.3327348497179],[-107.51909111870657,64.31701999240452],[-107.41766018337671,64.27430792914497],[-107.4035490247938,64.2611321343316],[-107.41666666666664,64.23333333333333],[-107.35463578965926,64.21604919433594],[-107.32156999376082,64.22561747233074],[-107.2504691229926,64.20354919433595],[-107.23425106472436,64.23755527072483],[-107.23252207438148,64.22567647298177],[-107.18380245632592,64.21188252766927],[-107.13380262586803,64.2297841389974],[-107.0708333333333,64.22083333333335],[-107.02535332573781,64.17742445203993],[-107.01994188096785,64.11801825629341],[-106.9789150661892,64.1216067843967],[-106.97177056206594,64.1422339545356],[-106.9458333333333,64.125],[-106.91837531195743,64.13714090983073],[-106.9131429036458,64.11036512586806],[-106.95441691080727,64.08245781792536],[-106.9583333333333,64.03750000000001],[-106.98259311252167,64.03680742051868],[-106.98405015733503,64.01356523301868],[-107.03774583604597,63.99517788357207],[-107.06457960340708,64.0077078925239],[-107.10753784179684,64.00346764458553],[-107.11160040961369,63.975661214192726],[-107.05510389539927,63.95359937879776],[-106.96340399848087,63.95768890380862],[-106.91634996202254,63.93448384602867],[-106.96249999999996,63.93750000000002],[-106.97440728081594,63.92824961344403],[-106.97570088704424,63.875721740722675],[-107.02294311523434,63.87849867078995],[-107.08749999999998,63.82916666666669],[-107.09103393554685,63.792645772298194],[-107.02499999999998,63.77500000000002],[-107.07426486545135,63.740864054362],[-107.05492553710934,63.72841067843969],[-107.06739773220482,63.69267476399742],[-107.09923875596785,63.674244181315125],[-107.1083333333333,63.65000000000002],[-107.15416666666664,63.65416666666668],[-107.15923292371959,63.61732788085939],[-107.22877078586151,63.582365587022586],[-107.23749999999997,63.475000000000016],[-107.27963578965927,63.48395097520618],[-107.3493230183919,63.469835578070764],[-107.3549608018663,63.434127468533],[-107.36666666666665,63.42916666666668],[-107.36335093180335,63.40501759847007],[-107.38333333333331,63.38750000000002],[-107.37573021782767,63.359315829806874],[-107.43811764187281,63.30880245632597],[-107.42987959120006,63.25909288194446],[-107.4833333333333,63.24166666666668],[-107.4833333333333,63.225000000000016],[-107.46740909152558,63.224257575141074],[-107.46176486545136,63.159231058756525],[-107.44592251247828,63.153486124674494],[-107.34300469292532,63.19995676676434],[-107.28404337565101,63.190952046712255],[-107.2833333333333,63.158333333333346],[-107.31349046495222,63.12978583441841],[-107.3958333333333,63.10833333333335],[-107.37842746310761,63.07577480740019],[-107.34647606743704,63.05630154079862],[-107.3202690972222,62.98845147026911],[-107.27826707628036,63.007672119140636],[-107.13528951009111,63.00890062120227],[-107.02590908474389,63.0339569091797],[-107.00742424858937,63.04937642415366],[-106.99201999240448,63.04409111870661],[-107.009092203776,63.009385511610255],[-107.04232211642793,62.994344414605045],[-107.0325995551215,62.95912543402779],[-106.97569274902341,62.94092644585505],[-106.98749999999997,62.90000000000001],[-107.07410040961369,62.86600545247397],[-107.10612284342444,62.83390062120227],[-107.1825973510742,62.82424214680991],[-107.18405015733504,62.80106540256077],[-107.20091518825951,62.78453606499567],[-107.21575893825953,62.79204440646703],[-107.21743028428817,62.77600504557293],[-107.2333333333333,62.783333333333346],[-107.27603013780379,62.750744967990464],[-107.31588999430336,62.74094679090713],[-107.27795172797306,62.699432712131085],[-107.24235500759546,62.7050014919705],[-107.23200463189016,62.73393825954862],[-107.21950463189016,62.724395073784734],[-107.17554066975909,62.742271592881956],[-107.13804050021699,62.7285617404514],[-107.07170511881507,62.74515821668838],[-107.05416666666663,62.72500000000001],[-107.06656494140623,62.67628682454428],[-107.02183532714841,62.66983133951824],[-107.00627644856768,62.64650132921008],[-106.97989501953121,62.64509446885852],[-106.97559848361541,62.62825113932293],[-106.97499999999997,62.60833333333334],[-106.98541666666664,62.604728190104176],[-107.0879692925347,62.61311747233074],[-107.10753072102861,62.60759819878473],[-107.1133392333984,62.592352973090286],[-107.1583333333333,62.58333333333334],[-107.15868699815536,62.50171407063803],[-107.2083333333333,62.491666666666674],[-107.17435726589623,62.45688544379341],[-107.18333333333331,62.37500000000001],[-107.24106682671439,62.357418145073794],[-107.23276604546439,62.2590799967448],[-107.24583333333331,62.23333333333334],[-107.21767493353947,62.23397352430556],[-107.2069654676649,62.25061747233074],[-107.15932956271699,62.24931776258681],[-107.14050801595049,62.21678059895834],[-107.10973341200084,62.20410427517362],[-107.09999999999997,62.175000000000004],[-107.08026733398435,62.16615295410157],[-107.06445617675779,62.17443271213108],[-106.96741333007809,62.15359937879775],[-106.88427056206594,62.17140062120226],[-106.85505405002166,62.16595831976997],[-106.85914272732202,62.134021335177955],[-106.94999999999997,62.112500000000004],[-106.94933742947046,62.0716528998481],[-106.90077141655813,62.053395250108515],[-106.89104309082028,62.009242418077264],[-106.84255405002168,61.98262498643663],[-106.833994547526,61.965767076280386],[-106.84757554796003,61.94201999240453],[-106.86185675726993,61.940762498643686],[-106.8458333333333,61.90416666666668],[-106.85416666666663,61.84166666666668],[-106.84548000759546,61.822575547960085],[-106.8333333333333,61.80833333333335],[-106.76740315755205,61.81181437174481],[-106.7708333333333,61.78333333333335],[-106.75908135308157,61.7826117621528],[-106.75776570638018,61.76623874240453],[-106.7958333333333,61.71250000000002],[-106.74757554796004,61.720480007595505],[-106.67499999999997,61.691666666666684],[-106.62585076226125,61.713350931803404],[-106.61600545247393,61.74493374294707],[-106.57574666341142,61.716099378797765],[-106.55195617675778,61.71723395453561],[-106.47600606282549,61.742284986707915],[-106.46576707628034,61.75767211914064],[-106.38427056206594,61.78390062120228],[-106.35758666992184,61.774432712131095],[-106.3208333333333,61.795833333333356],[-106.24787767198347,61.7910112169054],[-106.22141486273868,61.77017788357207],[-106.19641486273868,61.79232211642797],[-106.1340911865234,61.774264017740904],[-106.11045566134979,61.721488783094635],[-106.07083333333331,61.729166666666686],[-106.05052947998044,61.67724829779733],[-106.04944831000432,61.630121866862],[-106.0053032769097,61.636941189236126],[-105.98697052001951,61.60094078911677],[-105.98802947998044,61.560251702202706],[-106.02047559950084,61.50587819417319],[-105.97951999240449,61.469091118706615],[-105.94943271213106,61.40907999674481],[-105.95768890380857,61.367570495605484],[-105.94166666666665,61.34166666666668],[-105.98236558702254,61.25456254747181],[-105.9333333333333,61.19166666666668],[-105.8688771565755,61.15056728786894],[-105.81757592095266,61.15062357584637],[-105.78010389539928,61.171400621202274],[-105.72149454752602,61.15326707628039],[-105.7201721191406,61.1383995903863],[-105.67499999999997,61.120833333333344],[-105.69166666666665,61.08750000000001],[-105.73019188774954,61.08390062120227],[-105.78009592692055,61.03403625488283],[-105.8438771565755,61.02443271213109],[-105.87083333333331,61.00833333333335],[-105.90907999674475,61.00776604546442],[-105.93541666666663,61.02915208604602],[-105.98504638671871,61.01631334092883],[-106.01007554796003,61.0329800075955],[-106.02047526041663,61.02745700412328],[-106.06666666666663,60.94583333333335],[-106.06325107150604,60.90910678439671],[-106.07887742784284,60.90751274956598],[-106.11453179253469,60.85064290364585],[-106.17963697645396,60.843881225585946],[-106.19935709635413,60.82296820746529],[-106.19999999999996,60.79166666666668],[-106.18845960828989,60.77443271213109],[-106.13945617675778,60.77556728786894],[-106.0890472412109,60.81254848904081],[-106.08241882324215,60.800602552625875],[-106.01887715657548,60.78390062120227],[-105.95868665907116,60.78159111870661],[-105.95895690917966,60.767575751410604],[-105.99547763400605,60.74828559027779],[-105.98749999999998,60.720833333333346],[-105.99775170220266,60.71302964952258],[-106.02275170220267,60.70052964952258],[-106.05208825005423,60.70377468532987],[-106.07607760959199,60.66727227105036],[-106.1051074557834,60.68386298285591],[-106.13333333333331,60.683333333333344],[-106.18693271213105,60.62721048990886],[-106.18658023410372,60.617249552408865],[-106.10925309922958,60.61608378092449],[-106.09679294162325,60.59109937879775],[-106.04674496120874,60.59105258517796],[-106.02916666666664,60.533333333333346],[-106.08232235378686,60.54233466254341],[-106.07892676459416,60.52162373860678],[-106.18544311523435,60.48683200412327],[-106.20344492594398,60.47828606499567],[-106.20416666666665,60.462500000000006],[-106.23921644422741,60.48368665907119],[-106.26007554796006,60.46701999240452],[-106.37916666666663,60.45416666666667],[-106.38298000759545,60.41840888129341],[-106.3708319769965,60.38540072970921],[-106.40798000759546,60.364924452039936],[-106.42499999999997,60.34583333333334],[-106.43013848198781,60.30910169813369],[-106.47542080349389,60.29077385796442],[-106.46651679144962,60.28037618001303],[-106.41007554796003,60.27535332573785],[-106.36421576605899,60.29201999240452],[-106.24999999999996,60.29583333333334],[-106.21552937825517,60.28306884765626],[-106.20082889133027,60.29195014105903],[-106.20441691080727,60.267542182074656],[-106.16041666666665,60.25889485677084],[-106.10930345323348,60.28374837239584],[-106.10337253146699,60.259127468532995],[-106.0879691229926,60.253549194335946],[-106.0254691229926,60.27561747233074],[-105.9953642103407,60.27021586100261],[-105.9688268025716,60.29104919433595],[-105.92283986409502,60.2922841389974],[-105.91666666666664,60.31666666666668],[-105.88839959038626,60.32566121419271],[-105.89166666666664,60.400000000000006],[-105.84374999999997,60.420271809895844],[-105.79367319742836,60.41311747233074],[-105.75833333333331,60.433333333333344],[-105.7112384372287,60.35414326985678],[-105.67994452582462,60.34929300944011],[-105.6708333333333,60.32916666666667],[-105.6083333333333,60.341666666666676],[-105.5718310885959,60.32855631510417],[-105.55736558702255,60.2920627170139],[-105.5091842651367,60.265815904405386],[-105.50295172797307,60.24109937879775],[-105.49255710177948,60.242363484700526],[-105.48137715657549,60.257766045464415],[-105.44583333333331,60.26250000000001],[-105.45473395453557,60.28427056206598],[-105.44070688883461,60.30351087782119],[-105.41640201144746,60.3094706217448],[-105.4245402018229,60.32292819552952],[-105.38838738335501,60.35487501356337],[-105.37810940212671,60.382505967881954],[-105.31044311523435,60.41599867078994],[-105.27572140163842,60.41738823784723],[-105.26997443305119,60.46580776638456],[-105.22254486083982,60.482975599500875],[-105.19661220974389,60.470135498046886],[-105.19505327012801,60.454852294921885],[-105.12499999999997,60.44166666666668],[-105.11569485134545,60.47423163519966],[-105.06747911241317,60.48400132921008],[-105.05463595920136,60.50895080566407],[-104.98006218804251,60.50769687228733],[-104.9583333333333,60.491666666666674],[-104.9583333333333,60.466666666666676],[-104.93749999999997,60.466666666666676],[-104.82499999999997,60.370833333333344],[-104.80195617675778,60.382766045464415],[-104.77585076226126,60.361649237738725],[-104.76994594997826,60.334041680230044],[-104.74166666666663,60.32083333333334],[-104.68422987196178,60.33265957302518],[-104.67845831976993,60.31338738335504],[-104.64999999999996,60.30833333333334],[-104.64896952311194,60.32870110405817],[-104.60739237467445,60.362970987955734],[-104.59662068684892,60.3535617404514],[-104.5757873535156,60.363104926215286],[-104.49254625108503,60.353427802191845],[-104.48010389539927,60.33693271213109],[-104.41867302788626,60.345215861002615],[-104.36763848198781,60.32839830186633],[-104.34938252766923,60.30080634223091],[-104.35496927897132,60.27990180121528],[-104.38395080566403,60.274000379774314],[-104.37916666666663,60.25000000000001],[-104.33412068684892,60.24106174045139],[-104.32439507378469,60.24271308051216],[-104.32833692762583,60.26178385416667],[-104.29677361382375,60.263290405273445],[-104.27567545572913,60.296438259548616],[-104.18016866048174,60.30350409613716],[-104.16161261664493,60.271541680230044],[-104.12443271213104,60.24878506130643],[-104.12915344238277,60.218162367079],[-104.11335076226125,60.21164923773872],[-104.11249999999997,60.19583333333337],[-104.05720418294268,60.16197747124566],[-104.00626220703123,60.19961412217883],[-103.95528835720484,60.18280368381077],[-103.93862169053817,60.19636298285591],[-103.8770833333333,60.204152086046015],[-103.84657999674477,60.195266045464415],[-103.80927056206595,60.22556728786893],[-103.7833333333333,60.20833333333334],[-103.77304382324216,60.232766045464416],[-103.73713412814668,60.242829725477435],[-103.74518669976126,60.26997239854602],[-103.68660040961369,60.29517211914063],[-103.64337955050996,60.29131334092882],[-103.6083333333333,60.304166666666674],[-103.59089406331378,60.28421969943577],[-103.57564968532984,60.28654920789931],[-103.56666666666663,60.26666666666667],[-103.59085964626733,60.261794365776915],[-103.58881479899085,60.23740878634983],[-103.61693471272784,60.23253309461806],[-103.63267788357203,60.19787767198351],[-103.62767757839624,60.186844550238725],[-103.60024583604599,60.19648878309462],[-103.58338673909503,60.188760715060766],[-103.62831420898435,60.170053778754344],[-103.63687879774304,60.15208231608074],[-103.61341976589624,60.12141621907553],[-103.67026604546439,60.09387715657552],[-103.64104902479382,60.05696546766494],[-103.65478430853948,60.04029880099827],[-103.64104902479382,60.015298800998266],[-103.68749999999997,59.9541666666667],[-103.60414310031464,59.9320717705621],[-103.59926079644094,59.90910797119144],[-103.58276604546438,59.90074666341149],[-103.59926486545136,59.871635945638054],[-103.55910881890189,59.857595486111144],[-103.57145097520613,59.846302456325986],[-103.5667290581597,59.8347334120009],[-103.60895097520614,59.806965467664966],[-103.60300784640839,59.7876139322917],[-103.581085035536,59.77969614664717],[-103.5447326660156,59.80468020968971],[-103.49999999999997,59.79583333333337],[-103.47130245632593,59.76604902479387],[-103.43333333333331,59.78333333333337],[-103.43723534478079,59.746970452202724],[-103.48685421413843,59.719929843478766],[-103.50833333333331,59.67500000000003],[-103.43689490424259,59.69060448540585],[-103.4619689941406,59.65626051161028],[-103.44996778700084,59.63477664523658],[-103.4708333333333,59.616666666666696],[-103.41028951009112,59.63806728786896],[-103.30833333333331,59.712500000000034],[-103.30773484971786,59.692582363552546],[-103.27118665907115,59.677424452039965],[-103.2708333333333,59.645833333333364],[-103.23504553900821,59.654522365993955],[-103.21456739637584,59.675001356336836],[-103.19663340250648,59.66599290635854],[-103.19918009440102,59.64243859185116],[-103.14237501356334,59.624112616645],[-103.11998257107201,59.59251759847008],[-103.09166666666664,59.59583333333337],[-103.07140062120223,59.568622843424514],[-103.09886271158851,59.550264655219216],[-103.10904168023,59.5217207166884],[-103.13806728786889,59.50711839463979],[-103.1333333333333,59.4666666666667],[-103.10171305338538,59.48368665907121],[-103.08504672580293,59.48297882080081],[-103.07916666666664,59.4666666666667],[-103.02171427408851,59.470099216037354],[-103.02973395453556,59.44657999674482],[-103.01609937879772,59.42574666341149],[-103.037897406684,59.38867119683162],[-103.02574666341143,59.382766045464436],[-102.9833333333333,59.40000000000003],[-103.03390062120222,59.31961839463979],[-103.0208333333333,59.27500000000003],[-103.00024583604598,59.26601121690541],[-102.96691250271265,59.28398878309465],[-102.88954433865014,59.278511216905414],[-102.84607916937931,59.249344550238746],[-102.82166781955291,59.2544108072917],[-102.81996663411455,59.23267788357208],[-102.78833414713539,59.24076860215932],[-102.77916666666664,59.2166666666667],[-102.79536404079857,59.199382358127195],[-102.86587253146698,59.19087253146704],[-102.8842597113715,59.14259304470489],[-102.90895080566403,59.12546929253475],[-102.89638875325518,59.106258477105065],[-102.90617302788625,59.09228413899742],[-102.93333333333331,59.079166666666694],[-102.9549133300781,59.092233954535615],[-102.99674513075084,59.06728074815541],[-103.04076707628035,59.06183878580732],[-103.04263848198782,59.04243503146704],[-103.09166666666664,59.00000000000003],[-103.1174133300781,58.99526604546443],[-103.13482903374563,59.01248677571617],[-103.1799133300781,59.00890062120229],[-103.22386288113061,58.98723551432295],[-103.23019188774954,58.996400621202284],[-103.25416666666663,58.97083333333336],[-103.23714667426212,58.95171576605905],[-103.23749999999997,58.90416666666669],[-103.22292548285587,58.887961832682315],[-103.20434400770397,58.89458346896704],[-103.18693271213105,58.86741333007815],[-103.19583333333331,58.85833333333336],[-103.18785586886933,58.82254536946617],[-103.21214667426213,58.80659111870662],[-103.22511393229163,58.76782531738284],[-103.26586405436196,58.749264865451416],[-103.3292805989583,58.68032531738284],[-103.37363213433157,58.66728413899742],[-103.4008124457465,58.62566799587676],[-103.4424133300781,58.62973395453562],[-103.49878506130639,58.61609937879777],[-103.50113711886934,58.62526448567711],[-103.55507592095266,58.57979024251304],[-103.57721048990882,58.57859937879777],[-103.61755405002168,58.55070834689673],[-103.71862284342446,58.51306728786895],[-103.75416666666665,58.512500000000024],[-103.76758236355249,58.492265150282144],[-103.81627078586152,58.48653225368926],[-103.83689253065319,58.46991984049481],[-103.83749999999998,58.45416666666669],[-103.82535332573782,58.452424452039956],[-103.80834791395397,58.40625000000002],[-103.86693132188583,58.39052937825523],[-103.87212032741968,58.3667683919271],[-103.90808088514538,58.367439100477455],[-103.912239074707,58.39090677897138],[-103.94821539984807,58.39233262803822],[-103.95939059787324,58.371660698784744],[-103.98645901150171,58.36995476616756],[-104.0168250189887,58.34863077799481],[-104.04243469238278,58.30080498589412],[-104.07392544216577,58.29506089952259],[-104.07183532714842,58.25516866048179],[-104.1418250189887,58.227797444661476],[-104.16293809678817,58.20496758355037],[-104.13425309922958,58.196416219075545],[-104.18971048990883,58.17859937879776],[-104.23276604546439,58.13554382324221],[-104.22474975585935,58.13245781792537],[-104.2499535454644,58.09712727864585],[-104.21602393256292,58.07983601888023],[-104.22980940077038,58.054488457573804],[-104.22083333333332,58.02500000000002],[-104.23921440972218,58.02951999240453],[-104.26421169704858,58.000358412000885],[-104.29583333333329,58.00000000000002],[-104.34433763292097,57.96667989095054],[-104.35113728841142,57.97943115234377],[-104.3782792833116,57.974291653103315],[-104.39098748101125,57.94525349934898],[-104.41995747884111,57.94510531955297],[-104.42430352105032,57.92583143446183],[-104.39956224229597,57.922047932942725],[-104.42050882975256,57.911486477322065],[-104.42916666666663,57.88750000000002],[-104.44919976128469,57.891934882269986],[-104.4923173692491,57.834261237250466],[-104.51666666666664,57.84583333333337],[-104.53117302788625,57.82561764187286],[-104.56586405436195,57.815931532118086],[-104.56759813096785,57.78361324734161],[-104.59571940104163,57.77384117974179],[-104.63119845920136,57.7339760674371],[-104.67408447265622,57.728523932562965],[-104.69230957031246,57.77154727511939],[-104.6797685411241,57.78541039360898],[-104.69198845757376,57.7964760674371],[-104.81035257975257,57.721463521321645],[-104.84659356011282,57.725630187988315],[-104.86669582790796,57.71126878526479],[-104.86186964246959,57.7014077080621],[-104.92714742024737,57.67853647867842],[-104.94685363769528,57.64652353922529],[-105.02012193467878,57.63826344807946],[-105.02146369086368,57.659018792046474],[-104.99244791666663,57.69514363606774],[-105.00508219401038,57.6868572658963],[-105.04551154242618,57.696476067437096],[-105.06666666666663,57.67500000000003],[-105.09754638671872,57.687853325737876],[-105.15302937825518,57.679431321885886],[-105.19583333333331,57.63750000000003],[-105.24630245632592,57.654784308539526],[-105.26874999999997,57.64639485677087],[-105.26597866482201,57.68669043646921],[-105.24237043592662,57.70083346896705],[-105.23245985243052,57.73268992106123],[-105.16732262505423,57.750959777832065],[-105.16756625705293,57.76183878580733],[-105.20762481689451,57.7717207166884],[-105.2208333333333,57.80000000000003],[-105.24786495632593,57.77980940077043],[-105.30344679090709,57.76588999430342],[-105.30416666666665,57.7541666666667],[-105.3274244520399,57.75381334092885],[-105.35923902723522,57.713137647840746],[-105.39850429958764,57.70832010904951],[-105.41592000325518,57.68693271213111],[-105.43554382324216,57.69109937879777],[-105.46989610460066,57.67443271213111],[-105.49677056206595,57.68390062120229],[-105.53007049560544,57.66314442952477],[-105.5549133300781,57.667233954535625],[-105.58090888129338,57.64618665907121],[-105.62083333333331,57.645833333333364],[-105.6549608018663,57.575794135199686],[-105.7532028198242,57.524231974283886],[-105.73408949110241,57.5159105088976],[-105.71601121690536,57.484822421603766],[-105.79914906819658,57.45748240152998],[-105.846635945638,57.39240180121531],[-105.87006513807506,57.38652835422095],[-105.88117319742837,57.367284308539524],[-106.04089118109808,57.286762152777804],[-106.03333333333332,57.25000000000003],[-106.12304382324216,57.20359937879777],[-106.18790588378903,57.13032870822485],[-106.21185540093312,57.12409600151913],[-106.20806884765621,57.101137288411486],[-106.2227895100911,57.092233954535615],[-106.23843722873261,57.0869327121311],[-106.28796929253468,57.104784138997424],[-106.32997300889754,57.09521586100263],[-106.34374152289493,57.10777791341149],[-106.42821824815535,57.07473246256513],[-106.43415798611107,57.09096238878041],[-106.46587253146699,57.10079413519968],[-106.47499999999997,57.13750000000003],[-106.54074028862844,57.13009304470489],[-106.54653896755639,57.15752631293405],[-106.5698337131076,57.17145097520619],[-106.57533094618053,57.15502827962242],[-106.60463595920136,57.15895097520619],[-106.6131693522135,57.13837619357642],[-106.65060492621525,57.12137383355037],[-106.64094712999129,57.09662679036461],[-106.62022840711802,57.09893798828128],[-106.621590508355,57.08830532497833],[-106.6833333333333,57.07083333333336],[-106.70517917209199,57.14524061414933],[-106.74804382324216,57.14640062120228],[-106.75711839463972,57.158900621202285],[-106.8770833333333,57.12546861436635],[-106.87993062337236,57.1534610324436],[-106.95045912000865,57.15497911241322],[-106.94659457736542,57.17846917046444],[-107.04892408582896,57.171488783094645],[-107.05085245768227,57.15911288791236],[-107.16961839463973,57.12026604546444],[-107.17597910563148,57.13270060221357],[-107.24657999674477,57.14109937879777],[-107.30221048990883,57.163067287868955],[-107.31723395453557,57.173785061306454],[-107.28810509575734,57.202172682020425],[-107.31720733642575,57.20893842909074],[-107.37000359429251,57.18678385416669],[-107.36666666666665,57.16666666666669],[-107.38090888129338,57.154519992404545],[-107.43749999999997,57.175000000000026],[-107.45104268391924,57.15487026638458],[-107.4826248168945,57.14911261664499],[-107.47795172797306,57.12026604546444],[-107.43824666341143,57.13806728786895],[-107.4035239325629,57.125321790907144],[-107.41748725043401,57.09612257215714],[-107.49228430853947,57.058949110243084],[-107.47972191704642,57.035425143771725],[-107.48683607313366,56.97164645724829],[-107.45530175103079,56.95429789225263],[-107.49791666666664,56.942228190104196],[-107.5333333333333,56.954166666666694],[-107.54166666666664,56.92083333333336],[-107.56581573486325,56.915815904405406],[-107.55568033854163,56.88735453287763],[-107.60762769911022,56.84919297960072],[-107.60771569146048,56.82130262586808],[-107.62916666666663,56.78333333333336],[-107.63841094970701,56.79521620008683],[-107.69799346923826,56.788117472330754],[-107.72161950005423,56.81174485948353],[-107.75733371310761,56.80771586100263],[-107.759135945638,56.82009819878475],[-107.86882680257159,56.83811747233075],[-107.9196816338433,56.88386298285593],[-107.93575778537323,56.87951999240454],[-108.0352895100911,56.91609937879777],[-108.14615512424041,56.91602376302086],[-108.15504218207461,56.93775024414065],[-108.20907999674475,56.9369327121311],[-108.30416666666663,56.987500000000026],[-108.39362284342444,56.93806728786895],[-108.47574666341143,56.92026604546444],[-108.49878506130639,56.929733954535614],[-108.53423292371959,56.89649454752607],[-108.61882697211368,56.903549194335966],[-108.65624999999997,56.86722819010419],[-108.72426215277774,56.88255784776478],[-108.75910169813365,56.838471815321206],[-108.77990349663625,56.82854919433596],[-108.80331590440535,56.83664923773874],[-108.87499999999997,56.77083333333336],[-108.94093153211803,56.761697387695335],[-108.97122938368052,56.73430107964412],[-109.00221048990882,56.72859937879777],[-109.01757236056855,56.700637817382834],[-109.07380099826386,56.68662923177086],[-109.07020297580293,56.64368591308596],[-109.02577684190535,56.62424587673613],[-109.0243696424696,56.6121036105686],[-109.04169582790796,56.59460211859811],[-109.05833333333331,56.52916666666669],[-109.08924221462671,56.54964667426218],[-109.1083333333333,56.53750000000002],[-109.1313771565755,56.54223395453561],[-109.14999999999998,56.56666666666669],[-109.19783986409503,56.54228413899742],[-109.27130245632593,56.56311747233075],[-109.28676486545136,56.55753072102867],[-109.29166666666664,56.53750000000002],[-109.32424384223087,56.54242282443579],[-109.34272715250648,56.58260091145836],[-109.41249999999998,56.608333333333356],[-109.40381334092879,56.63505045572919],[-109.42602488199867,56.67007073296443],[-109.5003217909071,56.65352376302086],[-109.5277186075846,56.67564290364586],[-109.57703162299259,56.63814290364586],[-109.61521860758461,56.63685709635419],[-109.60776604546439,56.68211839463978],[-109.64999999999998,56.700000000000024],[-109.6742967393663,56.686535644531276],[-109.6757161458333,56.67166307237416],[-109.7132875230577,56.67977159288197],[-109.75470733642575,56.653561740451416],[-109.83575778537325,56.68714667426218],[-109.85501759847003,56.65918409559464],[-109.8958333333333,56.65000000000003],[-109.89109937879772,56.56445617675784],[-109.87564358181422,56.52173733181426],[-109.96458333333331,56.50046861436634],[-109.99045172797307,56.50890062120228],[-110.01007554796004,56.4836866590712],[-110.0895065307617,56.45061747233075],[-110.10463578965927,56.44938252766929],[-110.11740332709417,56.46728413899742],[-110.13414289686413,56.44652133517798],[-110.1570841471354,56.44517110188804],[-110.14521569146048,56.37599962022571],[-110.16589525010849,56.363271416558185],[-110.10352393256291,56.34438544379343],[-110.16028951009112,56.31306728786895],[-110.18032989501951,56.32119920518665],[-110.20221048990884,56.311932712131096],[-110.22916666666664,56.27083333333336],[-110.21961839463974,56.25776604546443],[-110.13407999674477,56.25776604546443],[-109.99362284342446,56.275567287868945],[-109.95497623019746,56.29514533148874],[-109.9489786783854,56.26645236545141],[-109.89999999999998,56.25000000000002],[-110.05758666992185,56.216099378797765],[-110.10342000325518,56.22556728786894],[-110.11341891818574,56.21308593750002],[-110.14583333333331,56.21250000000002],[-110.15000135633679,56.19790072970922],[-110.07291666666664,56.16251458062068],[-110.00416666666665,56.166666666666686],[-109.9755672878689,56.13971048990887],[-109.96666666666663,56.10000000000002],[-109.94938235812715,56.09483371310766],[-109.95895097520614,56.08196546766495],[-109.93688235812715,56.074000379774326],[-109.94992709689667,56.05558132595488],[-109.88657362196179,56.00925971137155],[-109.85463578965927,55.99938252766929],[-109.83380245632593,56.00895080566408],[-109.81666666666665,55.98750000000003],[-109.82572987874346,55.96752760145403],[-109.85295172797306,55.975567287868955],[-109.88824666341144,55.957766045464446],[-109.92499999999998,55.966666666666704],[-109.93714667426212,55.95242445203996],[-109.9241753472222,55.91601121690542],[-109.87577955457897,55.907480875651075],[-109.87620934380423,55.89598320855038],[-109.90480940077038,55.882283020019564],[-109.90345035129121,55.85911034478085],[-109.88778923882376,55.857512749566006],[-109.86740587022567,55.821539984809064],[-109.91666666666663,55.8166666666667],[-109.91225585937498,55.80083448621965],[-109.99999999999997,55.770833333333364],[-110.00482788085935,55.742566257052985],[-110.03255242241751,55.74098883734813],[-110.03851420084634,55.717464531792565],[-110.06248474121091,55.70708346896705],[-110.05476837158201,55.69374372694231],[-110.06687791612411,55.680357530381976],[-110.13258836534285,55.64480319552955],[-110.13747643364798,55.6262615627713],[-110.18507554796004,55.592019992404545],[-110.22820231119788,55.582369147406716],[-110.29680107964406,55.458729214138486],[-110.32409091525604,55.45354309082035],[-110.30316908094615,55.421510314941436],[-110.25100063747826,55.41599968804257],[-110.21728413899736,55.389660135904975],[-110.2381174723307,55.367135789659315],[-110.23678419325083,55.35080549452043],[-110.2167805989583,55.34467451307512],[-110.19660474989146,55.31743808322486],[-110.22499999999997,55.30626475016279],[-110.23090888129337,55.27118665907121],[-110.25416666666663,55.266666666666694],[-110.31028951009111,55.30776604546444],[-110.34166666666663,55.308333333333366],[-110.3562574598524,55.29641198052303],[-110.3686859130859,55.30770314534508],[-110.43372972276472,55.29936981201175],[-110.44791666666663,55.30774943033857],[-110.49096103244354,55.303402540418865],[-110.49704827202687,55.27859937879777],[-110.60216030544701,55.291049024793864],[-110.61347181532115,55.26326819525828],[-110.64503072102862,55.253431532118086],[-110.65463595920136,55.2368823581272],[-110.71887715657549,55.25473395453562],[-110.74237501356333,55.282445949978325],[-110.77157999674476,55.29223395453562],[-110.7833333333333,55.28750000000003],[-110.78820834689667,55.25505405002173],[-110.82254909939233,55.26701999240454],[-110.88749999999997,55.25000000000003],[-110.90085076226126,55.26998240152998],[-110.96075778537323,55.29201999240454],[-110.98945617675778,55.31609937879777],[-111.08507554796005,55.34964667426218],[-111.1313771565755,55.349432712131104],[-111.15207858615449,55.325465053982235],[-111.16993696424693,55.328492906358534],[-111.18112284342445,55.308900621202284],[-111.27411261664494,55.25762481689456],[-111.29246927897132,55.22573513454864],[-111.34799346923825,55.2118823581272],[-111.41164906819658,55.17414906819664],[-111.3879691229926,55.15771569146053],[-111.30200653076169,55.15895097520619],[-111.22291666666663,55.18693847656253],[-111.18688235812714,55.16529880099829],[-111.2006176418728,55.16150037977433],[-111.1993008083767,55.14249538845489],[-111.18271569146047,55.129635959201416],[-111.19672071668833,55.0923750135634],[-111.21665208604598,55.081250000000026],[-111.21666666666664,55.02500000000003],[-111.27109798855248,55.003029378255235],[-111.30085093180335,54.91751742892798],[-111.33242407904729,54.91312357584638],[-111.4083333333333,54.950000000000024],[-111.41751759847003,54.92585076226131],[-111.46609937879772,54.88971048990888],[-111.4833333333333,54.85833333333336],[-111.47916666666664,54.82083333333336],[-111.43693271213105,54.7718451605903],[-111.46347011990015,54.72875162760419],[-111.48950653076169,54.74521586100263],[-111.51580522325301,54.73716905381947],[-111.52579989963105,54.70906880696617],[-111.5408260769314,54.707601928710965],[-111.53749999999998,54.66250000000002],[-111.57854902479382,54.697839694552975],[-111.60424126519095,54.734545898437524],[-111.59556596544051,54.74905158148874],[-111.61033986409502,54.75354919433596],[-111.64240332709416,54.75478413899742],[-111.66666666666664,54.74583333333336],[-111.66666666666664,54.733333333333356],[-111.76179436577688,54.753402709960966],[-111.76249999999997,54.74166666666669],[-111.80208333333331,54.72963528103301],[-111.82429148356117,54.742554050021724],[-111.82916666666664,54.762500000000024],[-111.91324666341144,54.77140062120228],[-111.9755406697591,54.73272840711808],[-112.01317545572914,54.74643825954863],[-112.02160525851777,54.72998657226565],[-112.04583333333329,54.737500000000026],[-112.04166666666664,54.71250000000003],[-112.05242445203992,54.712853325737875],[-112.09409111870657,54.72118665907121],[-112.13924221462672,54.75798000759551],[-112.19757554796003,54.78298000759551],[-112.24409111870656,54.78368665907121],[-112.3083333333333,54.80416666666669],[-112.32700636121959,54.788117472330754],[-112.38823682996959,54.79645080566409],[-112.40912916395396,54.75078158908423],[-112.42363213433157,54.758950805664085],[-112.45617302788625,54.74228413899742],[-112.4833333333333,54.74583333333336],[-112.49778951009111,54.72973395453562],[-112.53945617675778,54.753599378797766],[-112.62499999999997,54.74166666666669],[-112.68703138563365,54.69791666666669],[-112.67411261664493,54.67570834689673],[-112.62963189019094,54.664588080512175],[-112.638387383355,54.64654168023006],[-112.6833333333333,54.633333333333354],[-112.68394741482201,54.584245130750894],[-112.69674241807722,54.567290242513046],[-112.74543728298607,54.557365587022595],[-112.74675292968747,54.53391621907554],[-112.78945617675778,54.50890062120228],[-112.8200035942925,54.51178385416669],[-112.82143825954859,54.46587931315106],[-112.80416666666663,54.41250000000002],[-112.81321953667532,54.39662679036461],[-112.832672797309,54.39916042751738],[-112.83949381510413,54.36727159288196],[-112.86466030544702,54.37145080566408],[-112.87156405978729,54.39915059407554],[-112.8948337131076,54.395215861002626],[-112.92130262586802,54.42145080566409],[-112.96249999999996,54.420833333333356],[-112.96666666666664,54.39583333333336],[-112.98015475802949,54.400567287868945],[-113.01760389539928,54.374432712131096],[-113.06249999999997,54.40416666666669],[-113.06759575737844,54.432630411783876],[-113.1253217909071,54.46314290364585],[-113.14386630588105,54.450498792860266],[-113.14599066840275,54.43017340766061],[-113.19505869547523,54.424260796441],[-113.24754486083981,54.35869106716582],[-113.2833333333333,54.358333333333356],[-113.27982652452255,54.330169338650194],[-113.3006176418728,54.31983371310766],[-113.29704945882159,54.29656609429256],[-113.34615512424043,54.28685709635419],[-113.37549336751299,54.313142903645854],[-113.38328687879772,54.307039388020854],[-113.37041252983938,54.28839280870228],[-113.40897606743704,54.27228122287328],[-113.40035332573783,54.25174221462676],[-113.42597724066837,54.22982381184898],[-113.47292395697697,54.229700046115475],[-113.47995741102427,54.257596503363736],[-113.49220733642575,54.25893825954863],[-113.54220733642576,54.22856174045141],[-113.61161261664493,54.22429165310332],[-113.65481245252819,54.146736992730055],[-113.71471048990882,54.153599378797765],[-113.76308288574216,54.117586263020854],[-113.78242001003687,54.116059027777794],[-113.78749999999998,54.10000000000002],[-113.84783986409502,54.05895080566408],[-113.90335422092012,54.05349867078995],[-113.92916666666665,54.03333333333335],[-113.93251342773435,54.01743842230905],[-113.90356157090926,53.98804050021703],[-113.9208333333333,53.97083333333337],[-114.01249999999997,53.99166666666669],[-114.01346774631074,53.925395880805155],[-114.04804382324217,53.917233954535625],[-114.06598341200085,53.932499525282154],[-114.09675038655597,53.858926222059495],[-114.17671305338538,53.841313340928856],[-114.21075778537323,53.84548000759552],[-114.29374999999996,53.81668124728736],[-114.33088107638885,53.83368665907121],[-114.35171440972219,53.80798000759552],[-114.3645840115017,53.82081943088111],[-114.3892422146267,53.80868665907121],[-114.41666666666663,53.812500000000036],[-114.40473395453556,53.785289510091175],[-114.42499999999997,53.76250000000003],[-114.45506625705292,53.782672119140656],[-114.52499999999996,53.79583333333337],[-114.60742424858938,53.78270975748701],[-114.6208333333333,53.770833333333364],[-114.65587972005206,53.779519992404545],[-114.69409111870657,53.770480007595516],[-114.68262905544702,53.742586093478764],[-114.65487501356334,53.724112616645],[-114.65612284342444,53.70473395453562],[-114.73921305338538,53.69131334092885],[-114.79999999999997,53.712500000000034],[-114.79089185926647,53.67573920355906],[-114.76666666666664,53.67083333333336],[-114.77577480740014,53.64657253689239],[-114.8799133300781,53.65473395453562],[-114.89261610243052,53.63816850450307],[-114.9313771565755,53.636932712131106],[-114.94119805230032,53.6229166666667],[-114.93276604546438,53.59906277126739],[-114.97183634440101,53.55893741183814],[-115.0006429036458,53.55561472574873],[-114.97980957031247,53.52296837700741],[-114.97839525010848,53.492438083224854],[-114.963239203559,53.490892028808624],[-114.94999999999997,53.4666666666667],[-114.97428622775604,53.4368572658963],[-115.0002746582031,53.44082556830515],[-115.0007636176215,53.40394337972008],[-115.01459723578556,53.40765279134118],[-115.05381334092878,53.36492445203996],[-115.04964667426212,53.30245378282338],[-115.07114562988278,53.29892425537112],[-115.04543592664928,53.25533786349829],[-115.09166666666664,53.22083333333336],[-115.10504218207463,53.17891642252607],[-115.12473381890189,53.18248019748267],[-115.1708333333333,53.1541666666667],[-115.1505672878689,53.135543823242216],[-115.15918426513669,53.10918409559464],[-115.23675333658852,53.07859937879777],[-115.3301547580295,53.06723395453562],[-115.35074666341143,53.05359937879777],[-115.40221048990882,53.05776604546444],[-115.44583333333331,53.03750000000003],[-115.47174428304034,53.00478379991322],[-115.5174133300781,53.00890062120229],[-115.56324666341143,52.9869327121311],[-115.59672071668834,53.01595831976999],[-115.66471048990883,53.02556728786895],[-115.70195617675779,53.05359937879777],[-115.72574666341143,53.04943271213111],[-115.7674133300781,53.07556728786895],[-115.79791666666664,53.06296861436635],[-115.80924665662975,53.07439236111114],[-115.87177056206595,53.07973395453562],[-115.94910040961369,53.057672119140655],[-115.97254621717663,53.03714667426218],[-116.08504621717663,53.05035332573787],[-116.17591552734372,53.01726515028214],[-116.2284525553385,53.01582099066843],[-116.23749999999997,52.99583333333336],[-116.38159111870657,52.97464667426218],[-116.44909091525604,52.92854309082034],[-116.44999999999996,52.91250000000002],[-116.48796929253469,52.89521586100263],[-116.52418755425344,52.90066799587676],[-116.54630262586802,52.92561747233076],[-116.65245056152341,52.88298000759551],[-116.77130262586802,52.90478413899742],[-116.78016526963972,52.89234076605906],[-116.80316704644095,52.89104919433596],[-116.81713595920135,52.90478413899742],[-116.87130262586803,52.89521586100263],[-116.94045410156247,52.933407931857666],[-116.95880262586803,52.924382527669295],[-116.99247300889753,52.93811747233075],[-117.02499999999998,52.90416666666669],[-117.10416666666664,52.94166666666669],[-117.16445617675778,52.904733954535615],[-117.24910040961369,52.903505452473986],[-117.27695617675778,52.87973395453562],[-117.3063771565755,52.88390062120228],[-117.34672580295137,52.91176317003041],[-117.41666666666664,52.90833333333336],[-117.33372921413843,52.865698920355925],[-117.31874118381074,52.84629516601565],[-117.30195617675778,52.85359937879777],[-117.19166666666663,52.80833333333336],[-117.19509667290579,52.78839246961808],[-117.12556728786889,52.73971048990888],[-117.17674221462671,52.70035332573787],[-117.22916666666664,52.704166666666694],[-117.25612284342445,52.67140062120228],[-117.28675333658852,52.657766045464435],[-117.34100545247394,52.678267076280406],[-117.36663852267793,52.63472798665367],[-117.30054066975909,52.59522840711808],[-117.27152167426212,52.5991651746962],[-117.26666666666664,52.575000000000024],[-117.34076707628036,52.53683878580731],[-117.32819892035587,52.517062717013914],[-117.28429311116534,52.499344211154536],[-117.28226335313582,52.479812622070334],[-117.24681243896481,52.47436726888023],[-117.23971048990883,52.44640062120228],[-117.20090569390189,52.43686218261721],[-117.1813771565755,52.41306728786895],[-117.14697062174476,52.41693115234377],[-117.14166666666664,52.40623508029516],[-117.18333333333331,52.37083333333336],[-117.16666666666664,52.34583333333335],[-117.17118886311846,52.33088039822051],[-117.20768890380856,52.31992933485245],[-117.20890062120223,52.303420003255226],[-117.17859937879771,52.27822943793405],[-117.19914906819659,52.263350762261304],[-117.16193271213105,52.23628506130645],[-117.16737094455293,52.19675292968752],[-117.19362284342445,52.18390062120228],[-117.28258666992184,52.15776604546443],[-117.31075778537324,52.16285332573787],[-117.32024044460718,52.186582777235266],[-117.32172885470918,52.159010484483524],[-117.35758666992184,52.13276604546443],[-117.42842000325518,52.146400621202275],[-117.48971048990883,52.14223395453561],[-117.51156277126734,52.15473395453561],[-117.53528951009112,52.13806728786894],[-117.60242445203991,52.1336866590712],[-117.62026604546439,52.147789510091165],[-117.64256625705292,52.203505452473976],[-117.70624118381073,52.18796183268231],[-117.81666666666665,52.21666666666669],[-117.8170199924045,52.24409111870662],[-117.84069892035588,52.2746039496528],[-117.77721048990882,52.316099378797766],[-117.74654184977211,52.32172071668839],[-117.73664906819658,52.34498257107207],[-117.71323547363279,52.35923292371964],[-117.71732788085936,52.386600409613735],[-117.76249999999997,52.41250000000002],[-117.85587955050995,52.412146674262175],[-117.91075778537324,52.4336866590712],[-117.95659111870657,52.458686659071205],[-117.99315117730032,52.50003289116756],[-118.02499999999996,52.47083333333335],[-118.01648796929251,52.459575737847246],[-118.04921858045788,52.453476969401066],[-118.03688235812714,52.433802625868076],[-118.04999999999998,52.40416666666669],[-118.13835008409285,52.40890062120228],[-118.1465196397569,52.392721218533005],[-118.17304382324215,52.39109937879776],[-118.1892422146267,52.3711866590712],[-118.22325778537322,52.3711866590712],[-118.24223395453555,52.43554382324221],[-118.25448337131073,52.442817179362],[-118.19556884765622,52.47613728841148],[-118.20113728841142,52.487764485677104],[-118.26164923773868,52.50501742892797],[-118.26666666666664,52.52500000000002],[-118.28776448567704,52.530303955078146],[-118.27591959635413,52.57012905544707],[-118.32831590440534,52.580017428927974],[-118.3285993787977,52.602951727973114],[-118.34911261664493,52.60904168023006],[-118.34914923773869,52.63664923773874],[-118.29999999999997,52.65416666666669],[-118.29131334092878,52.67671305338544],[-118.33749999999996,52.70833333333336],[-118.33306884765622,52.74052937825523],[-118.34674784342444,52.75356411404082],[-118.42083333333329,52.77083333333336],[-118.42003987630204,52.80860629611548],[-118.40514967176645,52.809316338433185],[-118.39668409559458,52.84914923773874],[-118.4657575819227,52.85479024251305],[-118.47556728786888,52.89387715657555],[-118.49757554796004,52.90381334092885],[-118.526715766059,52.89548000759551],[-118.54374999999996,52.9083187527127],[-118.61249999999997,52.88333333333336],[-118.61609937879771,52.93407999674482],[-118.65331590440535,52.95501742892798],[-118.66693115234372,52.9821960449219],[-118.65463528103295,52.99375000000003],[-118.6583333333333,53.03333333333336],[-118.70171305338539,53.03714667426218],[-118.72674221462671,53.05381334092885],[-118.77414923773868,53.04251742892798],[-118.76193271213104,53.08137715657555],[-118.73823682996958,53.10505913628475],[-118.74206271701385,53.119865587022595],[-118.83482903374563,53.187486775716174],[-118.85907999674475,53.18276604546444],[-118.87599385579423,53.20353478325741],[-118.91887715657549,53.20890062120228],[-118.93006625705291,53.22850545247399],[-118.98424241807723,53.23812357584638]],[[-107.15534159342445,63.658744642469635],[-107.15890062120224,63.65538160536026],[-107.15416666666664,63.65416666666668],[-107.15534159342445,63.658744642469635]],[[-121.24999999999997,62.22500000000002],[-121.2649244520399,62.22535332573787],[-121.24757554796004,62.224646674262175],[-121.24999999999997,62.22500000000002]],[[-115.06631334092879,61.923257785373266],[-115.06666666790275,61.908333333381016],[-115.06666666666663,61.90833333333335],[-115.06631334092879,61.923257785373266]]]}},{"type":"Feature","properties":{"id":"fraser","group":"fraser","name":"\u30d5\u30ec\u30fc\u30b6\u30fc\u5ddd","outletHydrobasinId":7040016260,"sourceIds":[7040016260]},"geometry":{"type":"Polygon","coordinates":[[[-126.01466013590495,54.27145080566408],[-126.05764753553602,54.309180365668425],[-126.0635026719835,54.34100680881079],[-126.07916666666664,54.34166666666669],[-126.08390062120225,54.36128506130645],[-126.03675333658853,54.37973395453561],[-125.97831658257378,54.37026604546443],[-125.94166666666666,54.47500000000002],[-125.88405015733505,54.46560126410593],[-125.88259735107421,54.44242451985679],[-125.813259379069,54.43679979112415],[-125.80753919813367,54.41277262369794],[-125.79101121690537,54.40725741916235],[-125.8124535454644,54.39453938802085],[-125.80755869547525,54.37573920355905],[-125.75833333333333,54.36666666666669],[-125.72574666341144,54.37973395453561],[-125.68372921413844,54.37403225368926],[-125.67083333333332,54.295833333333356],[-125.5019561767578,54.27026604546443],[-125.46054382324218,54.242233954535614],[-125.4188771565755,54.2619327121311],[-125.36666666666666,54.26666666666669],[-125.29461839463974,54.24526604546443],[-125.17916666666665,54.23750000000002],[-125.14241333007811,54.275567287868945],[-125.0926038953993,54.25776604546443],[-124.99679328070745,54.27148912217884],[-125.00370686848957,54.289571804470505],[-124.99166666666665,54.325000000000024],[-124.96421305338541,54.31631334092884],[-124.90587531195744,54.32464090983075],[-124.89491611056856,54.30059271918405],[-124.87083333333332,54.30000000000002],[-124.8742234971788,54.225719875759566],[-124.83396708170571,54.21185709635419],[-124.73813374837238,54.254809570312524],[-124.72135993109808,54.25339728461373],[-124.71105211046005,54.236857096354186],[-124.67115512424043,54.254809570312524],[-124.61666666666665,54.22500000000002],[-124.6017130533854,54.2336866590712],[-124.55416666666665,54.22083333333335],[-124.52535332573783,54.24757554796009],[-124.52499999999998,54.27083333333336],[-124.57674221462672,54.29548000759551],[-124.61838107638887,54.282980007595505],[-124.63536512586803,54.303523763020856],[-124.68261752658418,54.30500996907554],[-124.68404574924044,54.3282677544488],[-124.72948845757377,54.32435709635419],[-124.76874999999998,54.3535603841146],[-124.79999999999998,54.354166666666686],[-124.80756937662758,54.37834879557294],[-124.78414577907985,54.37566799587676],[-124.77978413899737,54.38950636121964],[-124.78749999999998,54.42916666666669],[-124.72167663574217,54.459049140082485],[-124.71249999999998,54.479166666666686],[-124.71666666666665,54.49583333333336],[-124.78433600531682,54.53267347547745],[-124.90587972005207,54.53785332573787],[-124.93749999999999,54.52916666666669],[-124.94340888129338,54.51285332573787],[-125.01909111870658,54.49964667426217],[-125.03958299424912,54.48334621853301],[-125.08554382324218,54.492233954535614],[-125.10832010904946,54.518162367079015],[-125.10416666666666,54.53750000000002],[-125.14340888129338,54.54548000759551],[-125.30171288384331,54.537146674262175],[-125.40624999999999,54.55415208604603],[-125.42671288384331,54.54548000759551],[-125.47742445203991,54.554519992404536],[-125.49757554796005,54.570480007595506],[-125.57466888427733,54.56336161295575],[-125.57419043646917,54.586811998155405],[-125.5577660454644,54.596579996744815],[-125.57292802598741,54.61204020182294],[-125.59657999674478,54.5994327121311],[-125.62325778537326,54.60798000759551],[-125.66666666666666,54.575000000000024],[-125.68243374294704,54.575661214192735],[-125.69640062120224,54.60637715657555],[-125.71854197184244,54.621275160047766],[-125.74045172797308,54.60359937879777],[-125.7577660454644,54.62695617675784],[-125.75879838731552,54.65625474717884],[-125.82083333333333,54.675000000000026],[-125.82149454752603,54.71160040961374],[-125.84493374294703,54.7173278808594],[-125.85064273410373,54.73782179090714],[-125.77174886067708,54.745190429687526],[-125.76666666666665,54.795833333333356],[-125.91176486545137,54.838302612304716],[-125.91314968532986,54.87001817491322],[-125.93333333333331,54.88333333333336],[-125.92859937879774,54.90295172797312],[-125.98528951009114,54.94109937879777],[-126.02499999999998,54.93750000000003],[-126.0550540500217,54.990958319769994],[-126.09583333333333,55.02500000000003],[-126.15748240152995,55.01751742892798],[-126.17535332573783,55.15659111870662],[-126.25833333333331,55.19166666666669],[-126.2628960503472,55.224032253689266],[-126.32429165310327,55.2592207166884],[-126.32852376302081,55.286051940918],[-126.35445590549043,55.320012749566004],[-126.38676079644095,55.329941304524766],[-126.38814290364581,55.347968377007405],[-126.41666666666664,55.366666666666696],[-126.40533345540362,55.383712768554716],[-126.33407999674478,55.353599378797774],[-126.30515475802949,55.36723395453562],[-126.25416666666665,55.35000000000003],[-126.24583333333331,55.370833333333366],[-126.29783969455293,55.40771569146053],[-126.3450981987847,55.41746927897138],[-126.36249999999998,55.48333333333336],[-126.38971048990884,55.48390062120229],[-126.40767923990883,55.50098097059465],[-126.4116492377387,55.51998240152998],[-126.38333333333331,55.5416666666667],[-126.40860087076821,55.555115254720086],[-126.40416666666664,55.583333333333364],[-126.48333333333332,55.60833333333336],[-126.48397793240015,55.63668416341149],[-126.52852206759981,55.64684041341149],[-126.52916666666664,55.67083333333336],[-126.56837972005206,55.65798000759552],[-126.62916666666665,55.683333333333366],[-126.64583333333331,55.708333333333364],[-126.6737850613064,55.703599378797776],[-126.68008626302081,55.71596238878041],[-126.74936218261718,55.74257236056861],[-126.75434400770398,55.80291697184248],[-126.77378506130641,55.79943271213111],[-126.84506496853297,55.82597164577911],[-126.87854919433592,55.86867319742842],[-126.88414272732203,55.89931199815542],[-126.90733574761283,55.90067698160811],[-126.92027791341144,55.918741522895],[-126.8895063612196,55.92978430853953],[-126.87083333333332,55.9541666666667],[-126.93243374294703,55.97149454752608],[-126.92026604546439,56.000988091362885],[-126.98688151041665,56.07183922661679],[-126.99223395453558,56.106377156575554],[-127.00890062120224,56.12574666341149],[-126.96998257107204,56.17414906819665],[-126.91308288574217,56.1449135674371],[-126.8755672878689,56.10221048990889],[-126.86602884928384,56.06757236056861],[-126.80659111870658,56.01285332573788],[-126.76350199381508,56.02183532714847],[-126.74620090060762,56.05066799587677],[-126.72516852484807,56.01599867078997],[-126.67140842013887,56.029929436577724],[-126.65330776638453,56.05747443305125],[-126.62084723578558,56.06874932183163],[-126.62499999999999,56.11250000000003],[-126.60451999240449,56.1225755479601],[-126.58749999999998,56.154166666666704],[-126.54362284342446,56.145266045464446],[-126.51770087348088,56.12026604546445],[-126.47585076226126,56.11581573486332],[-126.44583333333331,56.0791666666667],[-126.4145063612196,56.07978430853953],[-126.39264899359807,56.10049862331818],[-126.38217468261716,56.0751139322917],[-126.34259304470484,56.06157362196184],[-126.32426215277776,56.02994215223528],[-126.28966030544703,56.06604902479387],[-126.25932379828556,56.053547498914966],[-126.2450965033637,55.996725802951424],[-126.21251288519963,55.977083502875466],[-126.22881198459199,55.91004655626089],[-126.19246927897133,55.89926486545142],[-126.16962076822915,55.87075873480906],[-126.14617818196612,55.88249070909291],[-126.12916666666665,55.85000000000004],[-126.1380672878689,55.82842000325524],[-126.11459214952255,55.808795166015656],[-126.06335076226127,55.79498240152998],[-126.02083333333331,55.76250000000003],[-125.98087972005206,55.77118665907121],[-125.94999999999997,55.76250000000003],[-125.93392876519094,55.740750122070345],[-125.92916666666665,55.6916666666667],[-125.95478413899737,55.68650037977434],[-125.94909074571397,55.62979024251305],[-125.89697045220268,55.62943132188588],[-125.88658057318793,55.60475056966149],[-125.82499999999999,55.5916666666667],[-125.85416666666666,55.554166666666696],[-125.80922071668836,55.511791483561225],[-125.79922858344183,55.45910474989152],[-125.75493808322481,55.44922858344187],[-125.74583333333332,55.4166666666667],[-125.73087955050997,55.41214667426218],[-125.62083333333332,55.433333333333366],[-125.62020975748698,55.42174258761939],[-125.58845977783201,55.41184404161244],[-125.58297915988497,55.34754689534508],[-125.54583333333332,55.32083333333336],[-125.54140201144747,55.301137118869384],[-125.57119920518662,55.290503438313834],[-125.56158667670354,55.27560746934682],[-125.50500081380207,55.27847391764326],[-125.49919297960068,55.26320563422312],[-125.48016018337673,55.26180792914499],[-125.50833333333333,55.22083333333336],[-125.49583333333332,55.208333333333364],[-125.45134955512151,55.212414042154975],[-125.43256191677516,55.16743808322485],[-125.38853810628254,55.149281141493084],[-125.38249003092447,55.129882473415826],[-125.29790937635633,55.133866712782144],[-125.28651987711588,55.14935302734378],[-125.2452926635742,55.15477159288197],[-125.2054953681098,55.14522840711808],[-125.19860534667967,55.158305189344645],[-125.17257554796005,55.16214667426218],[-125.14583333333331,55.1541666666667],[-125.13683878580727,55.13006625705298],[-125.0854051378038,55.10045979817711],[-125.07291463216144,55.1120524088542],[-125.00742424858939,55.05479024251305],[-124.92574666341145,55.032766045464435],[-124.89376186794703,55.074540540907144],[-124.82991333007811,55.05359937879777],[-124.74754774305553,55.06631198459204],[-124.73714667426214,55.05588277180992],[-124.74486558702255,55.03372938368058],[-124.70416666666665,55.016666666666694],[-124.69919738769529,55.028431532118084],[-124.64213595920137,55.04645080566409],[-124.60866427951387,55.0366383870443],[-124.59644911024304,55.0118825276693],[-124.57299363878036,55.04521586100263],[-124.51341349283852,55.05355902777781],[-124.48992445203992,55.02951999240454],[-124.46747911241317,55.02849867078996],[-124.45833333333331,55.00833333333336],[-124.33950636121959,55.03271586100263],[-124.26713595920137,55.0118825276693],[-124.21330702039928,55.011794365776936],[-124.18124999999998,54.98389485677086],[-124.05887383355032,55.02560492621531],[-124.0426069471571,55.0216237386068],[-124.03255649142793,55.04088168674048],[-123.98967285156247,55.02143825954864],[-123.93578711615666,55.016313340928846],[-123.89791632758244,55.02084757486982],[-123.89166666666664,55.04166666666669],[-123.82603810628252,55.04511447482642],[-123.81185726589625,55.03644951714412],[-123.8117253621419,54.99657253689239],[-123.76746453179251,54.98231913248701],[-123.69583333333331,54.925000000000026],[-123.66666666666664,54.925000000000026],[-123.65890062120224,54.87695617675784],[-123.68785332573782,54.797549099392384],[-123.68333333333331,54.762500000000024],[-123.60907999674477,54.779733954535615],[-123.54677056206594,54.724432712131104],[-123.50508100721568,54.72856275770402],[-123.48776041666665,54.70492723253041],[-123.41332668728296,54.68668450249569],[-123.39657999674476,54.6619327121311],[-123.38241865370006,54.674397447374155],[-123.29791666666664,54.68286471896704],[-123.27916666666664,54.675000000000026],[-123.28265363905162,54.642465888129365],[-123.21393280029294,54.633277045355925],[-123.20348815917966,54.60513814290367],[-123.1708333333333,54.59583333333336],[-123.07621493869355,54.591099378797765],[-123.05833333333331,54.608333333333356],[-123.03782179090709,54.60352376302086],[-123.02514987521698,54.61370951334638],[-123.01595967610675,54.649222140842035],[-122.94668409559459,54.64914923773874],[-122.90085076226126,54.61164923773874],[-122.90890062120222,54.5950866699219],[-122.89645690917966,54.5865909152561],[-122.88796183268227,54.50625881618926],[-122.90416666666664,54.483333333333356],[-122.8968105740017,54.463318549262176],[-122.92859937879771,54.43554382324221],[-122.93806728786889,54.37406277126738],[-122.89643724229597,54.353163655598976],[-122.88407999674476,54.32859937879776],[-122.84268052842879,54.33394300672745],[-122.78427056206594,54.38806728786894],[-122.71249999999996,54.37500000000002],[-122.73951924641923,54.346463690863736],[-122.7659013536241,54.345140245225714],[-122.76332533094615,54.31764729817711],[-122.80388014051645,54.30302802191842],[-122.81666666666663,54.28333333333335],[-122.71282179090709,54.23269042968752],[-122.67163119845917,54.234347534179705],[-122.61979810926645,54.278438313802106],[-122.49294772677948,54.27852376302086],[-122.51592169867618,54.29269680447051],[-122.5208333333333,54.33333333333336],[-122.47993842230899,54.329986572265646],[-122.46720716688364,54.346438259548634],[-122.42916666666663,54.320833333333354],[-122.41150037977427,54.346450805664084],[-122.38117302788625,54.342284138997414],[-122.37118665907114,54.352424452039955],[-122.4121415879991,54.37671135796443],[-122.40743374294702,54.41183878580731],[-122.37590908474388,54.41604309082034],[-122.35907999674475,54.3994327121311],[-122.33112284342444,54.400567287868945],[-122.2997353447808,54.42197062174481],[-122.30743696424695,54.45349290635853],[-122.27008666992185,54.45890062120228],[-122.25121493869355,54.4494327121311],[-122.23422071668834,54.46320834689672],[-122.23650071885848,54.496315511067735],[-122.18848809136283,54.470266045464435],[-122.14657999674478,54.488067287868944],[-122.10927056206594,54.4619327121311],[-122.09467010498045,54.48786587185332],[-122.06041666666664,54.44213528103301],[-122.0104078504774,54.43796183268231],[-121.98958333333331,54.45371263292103],[-121.9313771565755,54.41723395453561],[-121.90538160536022,54.42140062120228],[-121.88554382324216,54.400567287868945],[-121.86666666666665,54.40416666666669],[-121.87500203450519,54.41456807454429],[-121.86666666666665,54.45416666666669],[-121.76874999999998,54.41668124728735],[-121.69340888129338,54.412146674262175],[-121.64166666666664,54.387500000000024],[-121.63749999999997,54.425000000000026],[-121.58272823757594,54.41354641384551],[-121.57916666666664,54.44166666666669],[-121.4708333333333,54.40833333333335],[-121.44109937879772,54.464710489908875],[-121.4130672878689,54.48528951009117],[-121.44104309082029,54.524090915256096],[-121.40659111870657,54.55381334092884],[-121.39918535020614,54.5381527370877],[-121.32511393229164,54.52384134928388],[-121.32083333333331,54.508333333333354],[-121.27161220974389,54.517364501953146],[-121.25729064941403,54.54929640028214],[-121.20026601155597,54.550853135850716],[-121.1895833333333,54.56606038411461],[-121.12474975585934,54.553291151258705],[-121.13785332573782,54.518382432725716],[-121.12464667426212,54.48090888129342],[-121.09213595920136,54.461882527669296],[-121.06761508517792,54.466934204101584],[-121.06566704644094,54.45354919433596],[-121.0258141411675,54.45482245551217],[-121.02405158148869,54.466934204101584],[-120.88945617675778,54.45890062120228],[-120.85039265950518,54.51975436740454],[-120.82592637803816,54.494906955295164],[-120.820125664605,54.46744588216148],[-120.80928175184458,54.471100870768254],[-120.8035491943359,54.43117302788631],[-120.78248257107202,54.40085076226131],[-120.76028951009111,54.396400621202275],[-120.72499999999997,54.41250000000002],[-120.71193271213104,54.39241333007815],[-120.71596238878035,54.35091959635419],[-120.68015306260847,54.32428283691409],[-120.670125664605,54.28827921549481],[-120.6426578097873,54.29096611870662],[-120.63380262586803,54.27854919433596],[-120.62816704644094,54.29228413899742],[-120.60033094618052,54.28663838704429],[-120.57140062120223,54.22304382324221],[-120.57433878580726,54.16756625705297],[-120.55416666666663,54.14583333333337],[-120.4958333333333,54.120833333333366],[-120.46741333007809,54.12973395453561],[-120.4424133300781,54.11609937879776],[-120.41767815483938,54.117279052734396],[-120.40711839463972,54.13390062120228],[-120.38137715657548,54.113067287868944],[-120.33575778537323,54.10451999240453],[-120.28578694661455,54.117019992404536],[-120.20245225694441,54.11214667426217],[-120.16666666666663,54.12500000000002],[-120.16701999240448,54.06840888129342],[-120.20195617675778,54.03390062120228],[-120.23407999674475,54.04223395453561],[-120.2617058648003,53.99654473198788],[-120.22992621527774,53.99512040879995],[-120.22421366373695,53.95911983913849],[-120.17546929253469,53.93688235812721],[-120.15500793457028,53.93819224039717],[-120.13234693739146,53.9742828369141],[-120.0958333333333,53.98750000000003],[-120.07585076226125,53.978315734863315],[-120.0628533257378,53.927424452039965],[-120.07048000759545,53.90174221462677],[-120.04166666666663,53.875000000000036],[-120.04166666666663,53.80000000000003],[-119.95080871582027,53.80764007568363],[-119.939660305447,53.783950975206196],[-119.89166666666662,53.775000000000034],[-119.90833333333332,53.712500000000034],[-119.90024583604598,53.70767788357208],[-119.85106336805553,53.71177707248267],[-119.84017757839625,53.691011216905416],[-119.80441250271265,53.708988783094654],[-119.77575785319009,53.703430684407586],[-119.76999070909285,53.67167595757382],[-119.74620412190752,53.665750461154545],[-119.7208333333333,53.616666666666696],[-119.75322943793401,53.58693271213111],[-119.83124999999998,53.61248677571618],[-119.85587955050995,53.60381334092885],[-119.89699656168618,53.629532538519996],[-119.91666666666664,53.60000000000003],[-119.90092637803818,53.59490695529517],[-119.8792290581597,53.54306674533423],[-119.90026736789277,53.53238474527998],[-119.89583333333331,53.525000000000034],[-119.86969621446396,53.49556867811418],[-119.81666666666665,53.525000000000034],[-119.7333333333333,53.391666666666694],[-119.68424987792966,53.38690456814239],[-119.67304382324217,53.36723395453562],[-119.6313771565755,53.35890062120229],[-119.60512084960935,53.35908999972876],[-119.59871775309242,53.37951507568362],[-119.44791666666664,53.35001458062069],[-119.40619828965926,53.36602393256297],[-119.35862257215709,53.345012749566],[-119.34927944607202,53.304932827419734],[-119.32891642252602,53.29912448459204],[-119.33740505642358,53.28469577365454],[-119.31463504367402,53.26314273410376],[-119.26730041503903,53.23269059922963],[-119.23749999999997,53.241666666666696],[-119.23680216471351,53.225778876410615],[-119.20769059922958,53.20480041503909],[-119.21666666666664,53.19166666666669],[-119.20588226318357,53.18298000759552],[-119.13504909939233,53.187145996093776],[-119.1149244520399,53.16285332573788],[-119.05170966254337,53.14964192708336],[-119.04999999999997,53.12916666666669],[-119.00918409559459,53.14251742892798],[-119.02526448567706,53.15530395507815],[-119.0202192518446,53.186588372124596],[-118.99943271213104,53.20098809136287],[-119.0208333333333,53.22083333333336],[-119.00734286838104,53.23688083224829],[-118.95207451714407,53.237038167317735],[-118.91887715657549,53.20890062120228],[-118.87599385579423,53.20353478325741],[-118.85907999674475,53.18276604546444],[-118.83482903374563,53.187486775716174],[-118.8063771565755,53.163067287868955],[-118.78749999999997,53.16250000000003],[-118.77433878580726,53.134232923719644],[-118.73693271213105,53.11324666341149],[-118.77414923773868,53.04251742892798],[-118.72674221462671,53.05381334092885],[-118.70171305338539,53.03714667426218],[-118.6583333333333,53.03333333333336],[-118.65463528103295,52.99375000000003],[-118.66693115234372,52.9821960449219],[-118.65331590440535,52.95501742892798],[-118.61609937879771,52.93407999674482],[-118.61249999999997,52.88333333333336],[-118.54374999999996,52.9083187527127],[-118.526715766059,52.89548000759551],[-118.49757554796004,52.90381334092885],[-118.47556728786888,52.89387715657555],[-118.4657575819227,52.85479024251305],[-118.39668409559458,52.84914923773874],[-118.40514967176645,52.809316338433185],[-118.42003987630204,52.80860629611548],[-118.42083333333329,52.77083333333336],[-118.34674784342444,52.75356411404082],[-118.33306884765622,52.74052937825523],[-118.33749999999996,52.70833333333336],[-118.29618665907114,52.68575778537329],[-118.29999999999997,52.65416666666669],[-118.332482571072,52.64914923773874],[-118.35369805230032,52.61875000000003],[-118.3285993787977,52.602951727973114],[-118.32831590440534,52.580017428927974],[-118.27026604546437,52.5633500840929],[-118.28423292371959,52.52566121419273],[-118.33749999999996,52.508333333333354],[-118.38945617675778,52.54526604546443],[-118.41751675075952,52.54109937879777],[-118.43006625705291,52.56183878580732],[-118.52047831217445,52.56421305338544],[-118.53749999999997,52.59583333333336],[-118.52499999999996,52.60416666666669],[-118.52943115234372,52.623862711588565],[-118.49648810492619,52.642639499240474],[-118.49109937879771,52.667654758029535],[-118.50501742892791,52.68664923773874],[-118.6333333333333,52.670833333333356],[-118.68546820746525,52.67564290364586],[-118.70087551540796,52.70441691080732],[-118.72499999999997,52.68750000000002],[-118.74941101074215,52.70925157335072],[-118.74999999999997,52.74166666666669],[-118.86595831976993,52.78838738335506],[-118.90416666666664,52.81666666666669],[-118.9083333333333,52.84583333333336],[-118.95099589029945,52.886887274848114],[-119.0458333333333,52.87083333333336],[-119.10786404079859,52.841049194335966],[-119.13703070746524,52.84645080566409],[-119.18240695529511,52.82407362196183],[-119.19367319742835,52.80478413899742],[-119.26585964626733,52.79929436577694],[-119.2708333333333,52.77916666666669],[-119.28924221462671,52.771186659071205],[-119.3333333333333,52.78750000000002],[-119.3331100463867,52.77159695095489],[-119.43959723578557,52.76318054199221],[-119.46456943088106,52.78681945800784],[-119.54900037977428,52.78271586100263],[-119.5629691229926,52.80061747233076],[-119.6112850613064,52.79526604546444],[-119.63010389539929,52.808900621202284],[-119.68945617675779,52.783900621202285],[-119.7208333333333,52.79166666666669],[-119.72870483398435,52.772925482855925],[-119.72020060221352,52.7426456027561],[-119.67916666666665,52.704166666666694],[-119.61757761637367,52.703549533420166],[-119.61605919731986,52.6842468261719],[-119.58971048990882,52.65890062120228],[-119.54661882188583,52.661744859483534],[-119.53233371310762,52.62854919433596],[-119.46666666666664,52.65416666666669],[-119.42257554796004,52.63785332573787],[-119.36873406304251,52.65833468967016],[-119.3630672878689,52.63528951009117],[-119.37453816731768,52.61459214952259],[-119.35416666666664,52.58750000000002],[-119.29791734483504,52.60415276421443],[-119.19583333333331,52.60000000000002],[-119.15739813910588,52.67429775661895],[-119.1142133924696,52.6829789903429],[-119.05473395453556,52.627210489908876],[-119.03971048990883,52.59640062120228],[-119.00039605034719,52.59903225368926],[-118.98971048990883,52.58390062120228],[-118.93001742892793,52.565815904405405],[-118.93703138563365,52.55208333333336],[-118.91346774631073,52.5371039496528],[-118.90748257107202,52.50085076226131],[-118.88693271213104,52.49045172797311],[-118.89362284342445,52.47140062120228],[-118.94109937879772,52.44804382324221],[-118.92916666666663,52.41250000000002],[-118.94166666666663,52.387500000000024],[-118.91998257107201,52.34668409559464],[-118.86028951009112,52.341099378797765],[-118.78751525878903,52.30958319769967],[-118.88678012424042,52.26172349717884],[-118.87712232801647,52.24232211642797],[-118.84142252604164,52.23249884711374],[-118.8491017659505,52.2050008138021],[-118.80416666666663,52.18333333333335],[-118.83686218261715,52.16159430609811],[-118.86620483398434,52.10209214952259],[-118.86631334092878,52.07257554796009],[-118.85067274305553,52.04672987196182],[-118.93159111870656,52.03714667426219],[-118.9506679958767,52.00081244574656],[-118.97021586100257,51.989660135904984],[-118.96993374294702,51.97566121419274],[-118.90509575737845,51.96179707845056],[-118.89640062120223,51.943622843424514],[-118.9083333333333,51.92500000000003],[-118.98687642415362,51.93659074571401],[-118.96613701714406,51.88427412245012],[-118.99081590440535,51.86751759847009],[-118.95487501356334,51.853279283311664],[-118.9618503146701,51.81347774929474],[-118.94511922200518,51.79251234266496],[-118.8958333333333,51.78333333333337],[-118.89251742892792,51.74251759847009],[-118.91600545247393,51.719933742947084],[-118.92499999999997,51.683333333333366],[-118.88554382324216,51.64640062120229],[-118.85624999999997,51.64953121609161],[-118.81701999240448,51.62742445203996],[-118.81739400227862,51.58827582465281],[-118.83397623697914,51.586584472656284],[-118.8333333333333,51.5291666666667],[-118.73007507324216,51.52853936089413],[-118.69586147732201,51.5057305230035],[-118.71703253851993,51.49050343831383],[-118.70744594997826,51.475708516438836],[-118.67157999674475,51.45776604546444],[-118.62122938368053,51.46153225368926],[-118.60879313151038,51.42290530734595],[-118.62016703287757,51.39678463406036],[-118.60359937879771,51.37574666341149],[-118.61723395453556,51.365451727973124],[-118.61193271213105,51.32278951009118],[-118.589215766059,51.30381334092885],[-118.54166666666663,51.304166666666696],[-118.54999999999997,51.266666666666694],[-118.57464667426211,51.24825778537329],[-118.54166666666663,51.2166666666667],[-118.56666666666663,51.204166666666694],[-118.56581590440535,51.19251759847008],[-118.5384372287326,51.17443271213111],[-118.47443271213105,51.169618394639784],[-118.4833333333333,51.13333333333336],[-118.50056728786889,51.1200866699219],[-118.46666666666663,51.079166666666694],[-118.43785332573782,51.06909111870662],[-118.42499999999997,51.00000000000003],[-118.38749999999996,51.00416666666669],[-118.3615804036458,50.95891621907555],[-118.33001742892792,50.944982571072075],[-118.31128506130639,50.8869327121311],[-118.26751742892792,50.89081590440541],[-118.29130859374996,50.8558763292101],[-118.27118665907115,50.83992445203996],[-118.25052964952253,50.76558363172745],[-118.20891944037541,50.73658108181426],[-118.21249999999996,50.68333333333336],[-118.17890218098955,50.66363728841148],[-118.20056728786889,50.65295172797312],[-118.19943271213104,50.63945617675784],[-118.16609937879771,50.61545172797312],[-118.17499999999998,50.56250000000002],[-118.21306728786891,50.540729437934054],[-118.20797441270614,50.51420864529082],[-118.18333333333331,50.50000000000002],[-118.18785485161673,50.47671305338544],[-118.20416666666662,50.46666666666669],[-118.20920884874128,50.428916422526065],[-118.26666666666664,50.43333333333336],[-118.28422071668834,50.384041680230055],[-118.30797729492184,50.37328796386721],[-118.30416666666663,50.33750000000002],[-118.2675862630208,50.33691609700523],[-118.26193271213104,50.32574666341148],[-118.27443271213104,50.272789510091165],[-118.25742424858937,50.22562357584638],[-118.23749999999998,50.20833333333336],[-118.25776604546438,50.18137715657554],[-118.25416666666663,50.16250000000002],[-118.29791666666664,50.13380194769967],[-118.35195617675778,50.16609937879776],[-118.39075758192271,50.16187642415367],[-118.40922580295135,50.13407016330297],[-118.45659111870657,50.132980007595506],[-118.50416666666663,50.091666666666704],[-118.53504638671872,50.11285332573788],[-118.58921440972219,50.10451999240455],[-118.60171373155379,50.08785400390629],[-118.67325778537324,50.091313340928856],[-118.67916666666663,50.07500000000004],[-118.69792514377167,50.078611416286925],[-118.71330939398868,50.05485466851132],[-118.74374355740014,50.04638994004995],[-118.76713595920135,50.05478430853953],[-118.78683878580726,50.04493374294708],[-118.78816121419268,50.03006625705299],[-118.81713595920135,50.020215691460535],[-118.88117302788625,50.053549024793874],[-118.91566704644094,50.05478430853953],[-118.91747233072914,50.04238043891063],[-118.93410068088104,50.04104902479387],[-118.9458333333333,50.05833333333335],[-119.0267130533854,50.03714667426219],[-119.09754638671872,50.05035332573788],[-119.14338243272566,50.04131334092885],[-119.17916666666663,50.05416666666669],[-119.14563191731767,50.115447998046896],[-119.18276604546438,50.127210489908876],[-119.1549133300781,50.15473395453561],[-119.12589687771265,50.146505398220505],[-119.07122938368053,50.163467746310786],[-119.05776604546438,50.18675333658856],[-119.07556728786889,50.20322943793405],[-119.06609937879772,50.248043823242206],[-119.04223395453556,50.272789510091165],[-119.04102884928382,50.29076097276478],[-119.01369900173609,50.30087076822919],[-119.01326633029511,50.33681572808162],[-119.04381408691404,50.3381303575304],[-119.06249999999997,50.354166666666686],[-119.06249999999997,50.37083333333336],[-119.11666666666663,50.36250000000002],[-119.13661261664494,50.37570834689672],[-119.13693271213104,50.413525390625026],[-119.17026604546439,50.4561228434245],[-119.18333333333331,50.508333333333354],[-119.19931369357636,50.513362630208356],[-119.21196662055118,50.54792412651912],[-119.18272823757593,50.58387383355037],[-119.20767093234589,50.58830193413631],[-119.20898725721568,50.61568840874568],[-119.22584567599823,50.63261854383683],[-119.2708333333333,50.65000000000003],[-119.29166666666664,50.633333333333354],[-119.29964667426212,50.602424452039955],[-119.2881176418728,50.58966030544707],[-119.2881176418728,50.55200636121964],[-119.32978430853947,50.47546929253475],[-119.32845102945961,50.459138997395854],[-119.29252743191186,50.45717739529082],[-119.29657253689233,50.41744147406686],[-119.4407533433702,50.40477430555558],[-119.45195617675779,50.41609937879777],[-119.53971048990883,50.429733954535614],[-119.57083333333331,50.46250000000002],[-119.6659235636393,50.436389160156274],[-119.67106679280596,50.409082370334225],[-119.64583333333331,50.40833333333335],[-119.63688235812714,50.37990349663631],[-119.67499999999997,50.33750000000002],[-119.68368733723956,50.26838039822051],[-119.75416666666665,50.262500000000024],[-119.74583333333331,50.20416666666669],[-119.79166666666664,50.20000000000002],[-119.79166666666664,50.11666666666669],[-119.75094078911673,50.12552964952259],[-119.7333333333333,50.108333333333356],[-119.76332651774086,50.04665985107425],[-119.79547746446396,50.035788133409326],[-119.7716842651367,50.00918426513675],[-119.86840888129338,49.967019992404545],[-119.89583333333331,49.96666666666668],[-119.95369754367402,49.92021569146054],[-119.99137674967446,49.936582099066875],[-120.02831573486326,49.89914906819665],[-120.02987959120007,49.87992621527781],[-120.04972754584416,49.87837253146705],[-120.0590684678819,49.842469278971386],[-120.07453070746524,49.836882358127205],[-120.19374999999997,49.86665344238285],[-120.21666666666663,49.84583333333337],[-120.25637715657548,49.84640062120229],[-120.27140062120222,49.86175333658858],[-120.26666666666664,49.8791666666667],[-120.3524244520399,49.90798000759552],[-120.44380154079857,49.895190599229636],[-120.47291191948781,49.87976938883467],[-120.51575113932289,49.8839760674371],[-120.5174414740668,49.86740587022573],[-120.53665941026472,49.86593254937069],[-120.54647623697913,49.83953162299265],[-120.57291191948781,49.82143605550134],[-120.58714497884111,49.83087955051002],[-120.58334723578555,49.91458401150177],[-120.59998609754771,49.9354159884983],[-120.59166666666664,49.9541666666667],[-120.64166666666664,49.97083333333337],[-120.64166666666664,49.98750000000003],[-120.66564059787324,49.962133619520436],[-120.65771586100257,49.93259667290585],[-120.66746080186628,49.913294135199685],[-120.69166666666663,49.8916666666667],[-120.7267171223958,49.87881334092885],[-120.76838107638886,49.908686659071215],[-120.78504638671872,49.86702151828345],[-120.84999999999997,49.8666666666667],[-120.87071940104164,49.85300784640845],[-120.88016425238712,49.82151031494144],[-120.90335727267792,49.820145331488746],[-120.95895080566403,49.742473008897605],[-120.95478481716577,49.705178663465745],[-120.9755672878689,49.69045172797312],[-120.95776604546438,49.673785061306454],[-120.9675621880425,49.61284179687503],[-120.98682827419702,49.6116624620226],[-121.00925055609807,49.56725955539282],[-121.0333333333333,49.5666666666667],[-121.0458333333333,49.5291666666667],[-121.07881062825518,49.519121466742654],[-121.05834791395397,49.48125000000003],[-121.08714667426213,49.44825778537329],[-121.09998609754771,49.40625067816843],[-121.09511277940535,49.379932827419736],[-121.06324632432722,49.37009209526913],[-121.06207784016924,49.355548265245254],[-121.09648878309459,49.34496663411461],[-121.07997368706594,49.32851121690541],[-121.04604593912758,49.33245357937286],[-121.02585076226126,49.30085093180342],[-121.05612284342445,49.27556728786895],[-121.08575778537323,49.275353325737875],[-121.14374999999997,49.295818752712705],[-121.16004926893443,49.28714667426218],[-121.17670983208548,49.3079752604167],[-121.19925333658851,49.29526604546444],[-121.24092000325518,49.313067287868954],[-121.32831573486325,49.27414906819664],[-121.3333333333333,49.26250000000003],[-121.32048000759546,49.251715935601155],[-121.32881334092879,49.23090888129343],[-121.3149244520399,49.20868665907121],[-121.28298000759546,49.19754774305559],[-121.27499999999998,49.16666666666669],[-121.31041734483505,49.17498626708987],[-121.34999999999997,49.09583333333336],[-121.30064731174042,49.052086724175375],[-121.2923139784071,49.03125339084204],[-121.30025160047741,49.01744011773006],[-121.26776038275821,49.01595458984378],[-121.24166666666665,48.97083333333336],[-121.26175333658851,48.949432712131106],[-121.2958333333333,48.954166666666694],[-121.31702440049911,48.9058783637153],[-121.36078779432506,48.887144300672766],[-121.37083333333331,48.85833333333336],[-121.46909111870657,48.8586866590712],[-121.48958333333331,48.8708187527127],[-121.52916666666664,48.862500000000026],[-121.5333333333333,48.891666666666694],[-121.56341773139103,48.920242648654536],[-121.61471048990883,48.92140062120228],[-121.64583333333331,48.95833333333336],[-121.69071807861326,48.95443420410159],[-121.69583333333331,48.93750000000003],[-121.72708333333331,48.92501458062068],[-121.78575778537324,48.933686659071206],[-121.80588056776256,48.970477973090304],[-121.86007554796005,48.98714667426218],[-121.92991333007808,48.98390062120228],[-121.96741333007809,48.96609937879777],[-122.0274244520399,48.97951999240454],[-122.0496456570095,48.99338175455732],[-122.04584723578556,49.01875067816843],[-122.0583333333333,49.04166666666669],[-122.16601087782115,48.9865400526259],[-122.17916666666663,48.91666666666669],[-122.21909111870656,48.91214667426218],[-122.25039605034719,48.86346774631079],[-122.28015475802948,48.845266045464435],[-122.3207831488715,48.88070983886721],[-122.32973395453556,48.92721048990888],[-122.39103664822045,48.975981648763046],[-122.39223395453556,48.99461839463979],[-122.34387715657549,49.02026604546444],[-122.31802130805119,49.01240403917103],[-122.3257171630859,49.04484693739152],[-122.35079989963104,49.06593119303388],[-122.39863213433156,49.0618825276693],[-122.4083333333333,49.075000000000024],[-122.41333448621958,49.053922526041696],[-122.44910040961368,49.0548278808594],[-122.48749999999997,49.083333333333364],[-122.54166666666663,49.054166666666696],[-122.55078735351559,49.0701107449002],[-122.59914042154945,49.084079318576414],[-122.59520297580292,49.1173519558377],[-122.6201022677951,49.134341430664094],[-122.62158779568139,49.149227227105065],[-122.65416666666664,49.141666666666694],[-122.66757575141055,49.16604309082034],[-122.73137715657549,49.17556728786895],[-122.77278951009112,49.199432712131106],[-122.8238627115885,49.187235344780845],[-122.83066236707896,49.19998677571618],[-122.89494594997826,49.17012481689456],[-122.9005672878689,49.15748324924048],[-122.87143656412758,49.13647393120662],[-122.87083333333331,49.12083333333336],[-122.93365512424042,49.12564290364586],[-122.96991780598955,49.11185709635419],[-122.97980957031247,49.138133748372425],[-122.9708333333333,49.15833333333336],[-122.9298163519965,49.1801444159614],[-122.93368665907116,49.21492445203996],[-123.0208333333333,49.22916666666669],[-123.0448543972439,49.24229939778649],[-123.05315992567272,49.265855746799076],[-123.01874999999997,49.287031216091606],[-122.96741333007809,49.2744327121311],[-122.89778951009112,49.27859937879777],[-122.86874999999996,49.25462070041235],[-122.82916666666664,49.25833333333336],[-122.81631334092879,49.33504892985029],[-122.82881334092879,49.35174221462677],[-122.83390062120222,49.388246663411486],[-122.82026604546438,49.40491333007815],[-122.82973395453556,49.43001675075958],[-122.80776604546438,49.450746663411486],[-122.8208333333333,49.5041666666667],[-122.77443271213104,49.57795172797312],[-122.81545172797306,49.574432712131106],[-122.8285993787977,49.59362284342451],[-122.8083323160807,49.622902764214444],[-122.82168409559459,49.65331573486331],[-122.8505672878689,49.671579996744825],[-122.81316121419268,49.68839959038632],[-122.80776604546438,49.711285061306455],[-122.8538133409288,49.751742214626766],[-122.8751773410373,49.827916971842484],[-122.94804382324216,49.82973395453563],[-122.99548000759546,49.85659111870663],[-122.96587253146699,49.89920586480038],[-122.93333333333331,49.92083333333337],[-122.88824666341142,49.891099378797776],[-122.85295172797306,49.92556728786896],[-122.80099555121525,49.91727973090281],[-122.79052937825517,49.93776465521922],[-122.7708333333333,49.933333333333366],[-122.74260389539927,49.95473395453563],[-122.71339246961803,49.95073666042755],[-122.67585076226125,49.97585093180342],[-122.67963189019093,50.014587910970086],[-122.72574666341143,50.02556728786896],[-122.7424133300781,50.016099378797776],[-122.78749999999997,50.03750000000002],[-122.80170966254337,50.0128580729167],[-122.84387715657549,50.01306728786896],[-122.94519551595049,50.05090569390193],[-122.96314561631941,50.090763007269985],[-123.02290412055119,50.12870788574221],[-123.06666666666663,50.12083333333335],[-123.07915140787757,50.16541680230037],[-123.0549380832248,50.171604749891515],[-123.05921291775171,50.19092780219186],[-123.10637715657549,50.19223395453561],[-123.12916666666663,50.21250000000002],[-123.16751675075952,50.20359937879776],[-123.1801571316189,50.22854749891495],[-123.21028951009112,50.2369327121311],[-123.23843722873261,50.2244327121311],[-123.26666666666664,50.233333333333356],[-123.30836758083764,50.27653537326391],[-123.29109937879771,50.30510389539933],[-123.29999999999997,50.36666666666669],[-123.31304066975909,50.361895073784744],[-123.36467268202037,50.3881049262153],[-123.37154947916665,50.40750359429256],[-123.42436235215926,50.409239027235266],[-123.42973395453556,50.443877156575546],[-123.4583333333333,50.46666666666669],[-123.52304382324216,50.47556728786895],[-123.53834567599824,50.511785888671895],[-123.56816236707897,50.533320109049505],[-123.6424133300781,50.5244327121311],[-123.74583333333331,50.545833333333356],[-123.76306728786889,50.603229437934054],[-123.72951999240449,50.698257785373286],[-123.77708333333331,50.724985419379365],[-123.82499999999997,50.71250000000003],[-123.83430497911239,50.736731635199675],[-123.84645097520614,50.73849962022572],[-123.83236168755423,50.78256496853301],[-123.79999999999998,50.795833333333356],[-123.8049608018663,50.815872531467036],[-123.82849867078991,50.82164577907989],[-123.82916666666664,50.83750000000003],[-123.7216842651367,50.834184095594644],[-123.67499999999997,50.87916666666669],[-123.71041666666665,50.89522705078127],[-123.76579115125865,50.88308308919274],[-123.77275170220267,50.90780368381079],[-123.82851562499998,50.905091010199676],[-123.84277496337889,50.92857021755645],[-123.881085035536,50.94530368381079],[-123.90927412245006,50.94636298285593],[-123.96249999999998,50.92083333333336],[-123.96723395453557,50.948043823242216],[-123.99320203993054,50.966700914171035],[-124.03124118381074,50.93796183268232],[-124.04657999674477,50.94640062120229],[-124.06666666666665,50.93750000000003],[-124.06188252766924,50.97779880099829],[-124.0904825846354,50.984011501736134],[-124.09249131944442,51.011795722113746],[-124.13651360405814,51.021550496419295],[-124.1708333333333,51.05833333333336],[-124.22254638671873,51.05381334092885],[-124.23381551106769,51.0656673855252],[-124.18391215006508,51.09279513888892],[-124.17916666666665,51.12916666666669],[-124.22674221462671,51.14964667426218],[-124.28507554796005,51.13368665907121],[-124.31249999999997,51.13333333333336],[-124.33119845920137,51.149357096354194],[-124.37430080837672,51.146583048502634],[-124.37499999999999,51.19583333333336],[-124.35001288519963,51.24375016954213],[-124.36249999999998,51.25833333333336],[-124.29166666666664,51.29166666666669],[-124.3045199924045,51.31837955051001],[-124.30443115234372,51.37802954779734],[-124.28795403374563,51.38958333333336],[-124.29537150065102,51.39790785047746],[-124.27859937879772,51.46054382324222],[-124.25833333333331,51.48333333333336],[-124.27499999999998,51.55000000000003],[-124.33749999999998,51.5291666666667],[-124.3129686143663,51.60625000000003],[-124.32453138563366,51.63125000000003],[-124.30359937879773,51.676011657714874],[-124.34166666666664,51.712500000000034],[-124.28504706488714,51.72535400390628],[-124.26075778537324,51.76631334092885],[-124.20624999999998,51.77501458062069],[-124.1952660454644,51.800746663411495],[-124.22083333333332,51.8291666666667],[-124.29166666666664,51.82500000000003],[-124.30416666666665,51.8541666666667],[-124.37574666341143,51.84526604546444],[-124.42721048990883,51.850567287868955],[-124.44362284342446,51.86609937879778],[-124.48211839463974,51.86723395453562],[-124.48447062174478,51.85806867811418],[-124.50416666666665,51.870833333333366],[-124.55022176106769,51.86153598361548],[-124.54520297580294,51.84960378011071],[-124.5743696424696,51.82298092312286],[-124.56326836480032,51.758997768825985],[-124.59999999999998,51.7541666666667],[-124.60478413899737,51.797993469238314],[-124.66720174153645,51.86583489312069],[-124.72709282769095,51.89111209445533],[-124.74863213433159,51.87438235812721],[-124.68333333333331,51.95833333333337],[-124.68817647298175,51.990855407714875],[-124.7030080159505,51.995947265625034],[-124.70833333333331,52.0166666666667],[-124.81471048990883,52.042233954535625],[-124.84374118381075,52.06620483398441],[-124.87157999674477,52.05776604546445],[-124.88816121419269,52.08660040961375],[-124.94166666666665,52.120833333333366],[-124.95833333333331,52.16250000000002],[-124.93540072970919,52.18333468967016],[-124.87257554796005,52.1586866590712],[-124.83159111870658,52.195480007595506],[-124.71666666666665,52.21666666666669],[-124.72574666341144,52.22973395453561],[-124.74045172797307,52.2244327121311],[-124.74166666666665,52.25000000000002],[-124.75416666666665,52.25000000000002],[-124.7413133409288,52.273286946614604],[-124.74999932183158,52.30209723578561],[-124.72083333333332,52.34166666666669],[-124.75907999674477,52.33276604546443],[-124.81203138563366,52.36041666666669],[-124.79583333333332,52.387500000000024],[-124.77257554796005,52.38785332573787],[-124.72674221462671,52.4211866590712],[-124.7176069471571,52.44504292805992],[-124.74103529188366,52.44247300889759],[-124.74166666666665,52.47083333333335],[-124.79099290635848,52.4633002387153],[-124.800540500217,52.4881049262153],[-124.82970716688367,52.47022840711808],[-124.86183166503905,52.49261610243058],[-124.85833333333332,52.52916666666669],[-124.82021586100258,52.54900037977433],[-124.84930487738714,52.55078091091582],[-124.83688252766926,52.603167046440994],[-124.85765618218315,52.609330919053846],[-124.86249999999998,52.637500000000024],[-124.82916666666665,52.68333333333336],[-124.8341840955946,52.70331590440541],[-124.88088311089408,52.699646674262176],[-124.89754638671873,52.712853325737875],[-124.91619737413193,52.69938252766929],[-124.9438269721137,52.700617472330755],[-124.96867302788627,52.72854919433596],[-125.03675333658853,52.73806728786895],[-125.22574666341144,52.72556728786895],[-125.25416666666665,52.71250000000003],[-125.30221048990884,52.72140062120228],[-125.32499999999999,52.74166666666669],[-125.30096774631075,52.767062717013914],[-125.30501759847004,52.78248257107207],[-125.37304382324217,52.81306728786895],[-125.41766933865016,52.86186862521704],[-125.48244594997828,52.87570834689673],[-125.48399709065754,52.890691121419295],[-125.5283447265625,52.90071682400176],[-125.52499999999999,52.94166666666669],[-125.62083333333332,52.95833333333336],[-125.65214758978948,52.94936964246965],[-125.6590874565972,52.92994350857207],[-125.67122955322264,52.92853630913631],[-125.728372531467,52.94662746853301],[-125.76311764187282,52.99092983669708],[-125.75717451307507,53.016552734375026],[-125.73749999999998,53.03333333333336],[-125.7425540500217,53.06179165310333],[-125.79791666666665,53.06296861436635],[-125.84166666666665,53.083333333333364],[-125.84236450195311,53.09922112358944],[-125.8673094007704,53.10688544379343],[-125.84935726589626,53.13188544379343],[-125.84973534478081,53.157196214464],[-125.87498541937933,53.177083333333364],[-125.86751759847004,53.19081573486331],[-125.88333333333333,53.19166666666669],[-125.89166666666665,53.175000000000026],[-125.92165069580078,53.21186557345923],[-126.02991333007812,53.21306728786895],[-126.08971048990885,53.20776604546444],[-126.1269561767578,53.188067287868954],[-126.14697045220268,53.196097988552545],[-126.21961839463974,53.188067287868954],[-126.22601453993053,53.17559051513675],[-126.24999999999997,53.175000000000026],[-126.24212849934894,53.1645921495226],[-126.2630672878689,53.13851182725697],[-126.24526604546439,53.107118394639784],[-126.2741004096137,53.09933878580732],[-126.28333333333332,53.083333333333364],[-126.3657511393229,53.08809848361548],[-126.39374999999998,53.10786471896704],[-126.47083333333332,53.10416666666669],[-126.47535434299043,53.03504672580298],[-126.53243374294703,53.01183878580732],[-126.54166666666664,52.97916666666669],[-126.56838344997828,52.98368665907121],[-126.58507554796005,52.96701999240454],[-126.61249999999998,52.97500000000003],[-126.61666666666665,53.00000000000003],[-126.64999999999998,53.03333333333336],[-126.71041666666665,52.98378736707902],[-126.71989610460068,52.992233954535614],[-126.74283786349825,52.98293592664933],[-126.79109937879772,53.01028951009117],[-126.79240349663627,53.044940863715304],[-126.81606411404078,53.05924784342451],[-126.81726616753471,53.094826253255235],[-126.83528951009113,53.10776604546444],[-126.85833333333332,53.112500000000026],[-126.89374999999998,53.07963528103301],[-126.95209655761717,53.09537489149308],[-126.99166666666665,53.06666666666669],[-127.01246609157984,53.0763610839844],[-127.02916666666665,53.112500000000026],[-127.00084364149303,53.129404364691865],[-126.99517788357203,53.15024583604603],[-127.01601121690537,53.172877671983535],[-127.01793518066404,53.20410783555776],[-127.04069417317707,53.19934455023874],[-127.04232211642794,53.213206481933625],[-127.02440219455293,53.232564798990914],[-127.00485873752169,53.23409457736548],[-126.99166666666665,53.308333333333366],[-127.05637715657551,53.29526604546444],[-127.09166666666665,53.237500000000026],[-127.12742445203992,53.24201999240454],[-127.15206841362846,53.27500016954213],[-127.20612284342447,53.246400621202284],[-127.240749613444,53.25059288872616],[-127.27083333333331,53.27500000000003],[-127.26666666666665,53.304166666666696],[-127.32022993299695,53.33851962619361],[-127.34337649875215,53.37464192708336],[-127.36214192708331,53.37670983208553],[-127.37118665907117,53.42742445203996],[-127.3991973876953,53.42990180121531],[-127.42155049641926,53.49068044026696],[-127.47304382324218,53.48693271213111],[-127.52499999999999,53.45000000000003],[-127.57109798855251,53.50719621446401],[-127.55416666666666,53.51250000000003],[-127.55482347276475,53.53251919216583],[-127.60216013590494,53.54645097520619],[-127.63533986409504,53.582715691460535],[-127.71049346923827,53.5743823581272],[-127.71747623019748,53.55902133517798],[-127.75416666666666,53.554166666666696],[-127.74943271213107,53.58001675075958],[-127.76666666666665,53.5916666666667],[-127.7507366604275,53.60089246961809],[-127.75473395453558,53.62721048990888],[-127.78676130506726,53.634213087293865],[-127.77395731608073,53.66179640028215],[-127.67115512424044,53.6839760674371],[-127.64615512424044,53.67852393256297],[-127.64510752360025,53.71589067247182],[-127.61041666666665,53.71668124728736],[-127.57177056206596,53.73806728786896],[-127.5375,53.73333333333336],[-127.48406999376084,53.77145097520619],[-127.44630245632594,53.75771569146054],[-127.42083333333332,53.775000000000034],[-127.3503217909071,53.7368572658963],[-127.33407406277125,53.73825378417972],[-127.32291666666666,53.76189388699005],[-127.28821987575954,53.75911000569665],[-127.27451799180771,53.80316738552521],[-127.29168345133462,53.814113362630245],[-127.27556304931639,53.826114230685796],[-127.27083333333331,53.85833333333337],[-127.28333333333332,53.90833333333337],[-127.26604902479383,53.91566704644101],[-127.27850986056856,53.91748080783424],[-127.27859937879774,53.93971048990889],[-127.24681955973305,53.95905049641931],[-127.22083333333332,54.000000000000036],[-127.16742468939886,54.01711052788632],[-127.15814988878037,54.00110914442278],[-127.12610914442273,53.991850111219655],[-127.11214667426214,54.056591118706635],[-127.09338277180989,54.08368665907122],[-127.05659111870658,54.067019992404546],[-126.95590888129338,54.05868665907121],[-126.91249999999998,54.11250000000002],[-126.8520063612196,54.09521586100262],[-126.77963595920137,54.05354919433596],[-126.72283969455293,54.05771586100262],[-126.67916666666665,54.03750000000002],[-126.66249999999998,54.06250000000002],[-126.64231126573348,54.06340399848092],[-126.64672071668835,54.107624986436655],[-126.71176452636718,54.13423292371964],[-126.7077660454644,54.18407999674481],[-126.76153225368923,54.233729383680576],[-126.77916666666665,54.26666666666669],[-126.73399454752602,54.261600409613735],[-126.71054382324218,54.22556728786894],[-126.6093570285373,54.203567843967036],[-126.5688771565755,54.16306728786894],[-126.54754909939234,54.1711866590712],[-126.43507554796005,54.162146674262175],[-126.34369845920136,54.14519042968752],[-126.32839016384547,54.1215532090929],[-126.24754638671872,54.10381334092884],[-126.21458333333331,54.116652086046024],[-126.16666666666664,54.108333333333356],[-126.1710691663954,54.14503682454429],[-126.19920959472655,54.1414265950521],[-126.20066799587673,54.168776448567726],[-126.22916666666666,54.18333333333335],[-126.22916666666666,54.195833333333354],[-126.20416666666667,54.191666666666684],[-126.17499999999998,54.21666666666669],[-126.14498240152994,54.18001742892797],[-126.05221048990884,54.12556728786895],[-125.99678259955512,54.11733500162762],[-125.97721048990884,54.153599378797765],[-125.9125,54.15833333333335],[-125.91285332573784,54.17742445203995],[-125.94206254747178,54.211532253689256],[-126.00833333333331,54.24166666666669],[-126.01466013590495,54.27145080566408]],[[-123.79882507324217,50.79125535753041],[-123.79526604546439,50.794618394639784],[-123.79999999999998,50.795833333333356],[-123.79882507324217,50.79125535753041]]]}},{"type":"Feature","properties":{"id":"columbia","group":"columbia","name":"\u30b3\u30ed\u30f3\u30d3\u30a2\u5ddd","outletHydrobasinId":7040014930,"sourceIds":[7040014930,7040394690,7040394680,7040395190,7040395340,7040379430,7040379310,7040388580,7040388740]},"geometry":{"type":"Polygon","coordinates":[[[-111.46666666666664,44.55416666666669],[-111.51587253146698,44.567460801866346],[-111.5256176418728,44.61529880099829],[-111.51160040961369,44.645172119140646],[-111.49461839463973,44.64526604546443],[-111.47443271213105,44.665729437934054],[-111.48676452636717,44.69910040961374],[-111.4438771565755,44.720266045464435],[-111.40590888129337,44.712853325737875],[-111.38333333333331,44.75833333333336],[-111.34657999674477,44.724432712131104],[-111.32499999999997,44.733333333333356],[-111.32017737494571,44.713459947374155],[-111.27443271213104,44.68211839463978],[-111.27809668646915,44.65064595540367],[-111.25081091986759,44.6489932590061],[-111.24109937879771,44.63427056206599],[-111.25415344238279,44.622329033745686],[-111.23749999999997,44.612500000000026],[-111.22880859374997,44.58087632921009],[-111.19754960801863,44.57464599609377],[-111.1708333333333,44.52500000000002],[-111.09825778537324,44.4836866590712],[-111.00063781738278,44.47409430609811],[-110.99936218261716,44.4550723605686],[-110.96312357584632,44.44075758192277],[-110.9583333333333,44.420833333333356],[-110.91249999999997,44.387500000000024],[-110.88233371310761,44.33688252766929],[-110.8333333333333,44.34166666666669],[-110.84955037434892,44.364580620659744],[-110.82404005262583,44.38684421115454],[-110.725887383355,44.42154168023006],[-110.72026604546437,44.442413330078146],[-110.7458333333333,44.46250000000002],[-110.7333333333333,44.483333333333356],[-110.65924411349823,44.483950466579884],[-110.63525187174476,44.49530368381079],[-110.60925767686629,44.48268229166669],[-110.61309848361542,44.4594173855252],[-110.62155320909285,44.442443169487866],[-110.66249999999997,44.425000000000026],[-110.63840569390187,44.420195515950546],[-110.63270161946612,44.39266052246096],[-110.57916666666664,44.36250000000002],[-110.56075778537323,44.333686659071205],[-110.53090888129337,44.325353325737865],[-110.4833333333333,44.35000000000002],[-110.45074666341142,44.32859937879776],[-110.42916666666663,44.34583333333335],[-110.39166666666664,44.33750000000002],[-110.35769042968747,44.304917399088566],[-110.3784966362847,44.27811381022138],[-110.3868262396918,44.21746690538197],[-110.3253526475694,44.22828538682728],[-110.32015482584632,44.205138142903664],[-110.27717285156247,44.18393825954863],[-110.19999999999996,44.17916666666669],[-110.21193271213104,44.147789510091165],[-110.18733011881507,44.136116875542555],[-110.20473395453556,44.06128506130646],[-110.16887715657549,44.02140062120229],[-110.11837972005205,43.99548000759552],[-110.0477895100911,44.00776604546444],[-110.01986558702254,43.97122921413849],[-110.00089959038624,43.96600545247399],[-109.99825778537323,43.95035332573788],[-109.9467373318142,43.961856418185796],[-109.92182142469615,43.94109937879778],[-109.89374999999995,43.94213545057512],[-109.8583333333333,43.95833333333337],[-109.87004174126517,43.92157118055559],[-109.85077463785805,43.92009412977434],[-109.84920840793184,43.904739040798646],[-109.82025349934894,43.880054389105936],[-109.82974650065101,43.8737477620443],[-109.82170562744139,43.85901302761505],[-109.84967549641925,43.84898630777998],[-109.88839959038626,43.808994547526076],[-109.93554382324217,43.80359937879778],[-109.95833333333331,43.78750000000003],[-110.01994594997828,43.795124816894564],[-110.07916666666662,43.7416666666667],[-110.0591842651367,43.728315734863315],[-110.04939659966361,43.68435295952694],[-110.03276604546438,43.673785061306454],[-110.05890062120224,43.65918341742625],[-110.03749999999998,43.61250000000003],[-110.0576721191406,43.59256625705298],[-110.03429311116534,43.586844041612444],[-110.02393001980249,43.55897945827911],[-109.95507236056855,43.54936235215932],[-109.9379687839084,43.522916666666696],[-109.95473395453557,43.49657999674482],[-109.94461839463973,43.47026604546444],[-109.8987850613064,43.48806728786896],[-109.82593722873261,43.45776604546444],[-109.80195617675778,43.46193271213111],[-109.76713545057507,43.43958333333337],[-109.7673404269748,43.40506303575307],[-109.78749999999997,43.40000000000003],[-109.78749999999998,43.38750000000003],[-109.87254621717662,43.38298000759551],[-109.99081590440534,43.43001759847008],[-110.0083333333333,43.454166666666694],[-110.02574666341143,43.44526604546444],[-110.04374999999996,43.46203121609161],[-110.082482571072,43.44914906819665],[-110.10833333333329,43.40833333333336],[-110.10918409559459,43.37585093180341],[-110.13971048990882,43.371400621202284],[-110.1649244520399,43.38298000759551],[-110.19754706488712,43.35452050103085],[-110.23159111870656,43.35381334092885],[-110.26249999999996,43.333333333333364],[-110.2458333333333,43.28750000000003],[-110.17499999999997,43.27500000000003],[-110.15798000759546,43.23504892985029],[-110.16249999999997,43.2166666666667],[-110.19166666666663,43.22083333333336],[-110.18723246256506,43.20928192138675],[-110.20061747233069,43.207333713107666],[-110.19222344292531,43.193756612141954],[-110.20914272732202,43.104854668511315],[-110.26466030544701,43.09521586100263],[-110.28541666666663,43.06713528103301],[-110.38137715657548,43.06609937879777],[-110.4083333333333,43.03750000000003],[-110.46589830186629,43.03236151801218],[-110.50912746853295,42.98412746853301],[-110.55590888129336,42.96701999240454],[-110.57590806749128,42.999372016059056],[-110.63749999999996,42.99583333333336],[-110.62859937879772,42.99045172797312],[-110.63359781901039,42.96363728841148],[-110.60473395453556,42.948043823242216],[-110.6006673177083,42.921794976128496],[-110.61214667426212,42.9100755479601],[-110.57130194769962,42.82291666666669],[-110.59340888129337,42.79201999240454],[-110.63688320583763,42.80325554741756],[-110.63264533148869,42.73414272732207],[-110.61666666666663,42.72916666666669],[-110.64201999240449,42.70171440972225],[-110.63749999999996,42.68333333333336],[-110.6160491943359,42.678167046441],[-110.61733127170136,42.646689860026065],[-110.62978413899737,42.64029880099829],[-110.62257554796004,42.53785332573787],[-110.69409111870657,42.52951999240454],[-110.72594841851125,42.591934204101584],[-110.75291510687931,42.60437791612416],[-110.76249999999997,42.60000000000002],[-110.75483330620656,42.57595079210072],[-110.82460394965274,42.532365587022596],[-110.8583333333333,42.487500000000026],[-110.88971048990882,42.488067287868944],[-110.93006625705291,42.53267211914065],[-110.9583333333333,42.54166666666669],[-110.98261074490014,42.53674112955731],[-110.98405422634545,42.509126790364604],[-111.01459214952254,42.50046183268231],[-111.04657999674477,42.51306728786895],[-111.12278951009111,42.48390062120228],[-111.2333333333333,42.47500000000002],[-111.22443271213105,42.56760389539933],[-111.24166666666665,42.59583333333336],[-111.28030378553599,42.54973551432294],[-111.34105919731985,42.56758015950523],[-111.34166666666664,42.58333333333336],[-111.37083333333331,42.58750000000002],[-111.41757236056856,42.64102884928388],[-111.45319892035587,42.65039605034725],[-111.46701999240449,42.68992445203995],[-111.51609937879772,42.747789510091174],[-111.52157372368704,42.778478664822075],[-111.5812538994683,42.77562527126739],[-111.60088975694443,42.8085388183594],[-111.62141486273869,42.79934455023874],[-111.63674129909937,42.809385511610266],[-111.63333333333331,42.85000000000002],[-111.65918341742619,42.85473395453562],[-111.68038160536022,42.80359937879777],[-111.69943271213106,42.79804382324221],[-111.7255672878689,42.732483249240474],[-111.65899454752602,42.692566257052974],[-111.74683600531682,42.63399319118926],[-111.80216013590493,42.6243825276693],[-111.82996927897133,42.600735134548636],[-111.89932623969182,42.57827012803822],[-111.90195617675779,42.54640062120228],[-111.93658532036673,42.54523078070749],[-111.92585093180337,42.51335076226131],[-111.9399244520399,42.512146674262176],[-111.97453816731769,42.468741183810785],[-111.95359937879772,42.43843722873266],[-111.99223395453556,42.35195617675783],[-112.00295172797307,42.341099378797765],[-112.005303785536,42.3502644856771],[-112.05491333007811,42.35056728786895],[-112.07721048990884,42.341099378797765],[-112.09583333333332,42.27083333333336],[-112.15637715657549,42.29640062120228],[-112.19259982638886,42.34513075086808],[-112.20907999674475,42.35056728786895],[-112.25741882324215,42.34106411404082],[-112.28088005913625,42.31702100965714],[-112.32254774305552,42.324646674262176],[-112.3285993787977,42.343877156575545],[-112.29223395453556,42.397789510091165],[-112.29652133517791,42.45335727267798],[-112.37081807454423,42.45958319769967],[-112.36750759548607,42.48360799153648],[-112.3958567301432,42.497095065646725],[-112.40091552734371,42.51730957031252],[-112.419832695855,42.513342963324675],[-112.43653564453122,42.53013102213544],[-112.4458333333333,42.56250000000002],[-112.48390062120222,42.51741333007815],[-112.48813781738278,42.471739027235266],[-112.49999999999997,42.46666666666669],[-112.49618665907114,42.430908881293426],[-112.52916802300344,42.36456739637589],[-112.51249999999996,42.354166666666686],[-112.52499999999996,42.33333333333336],[-112.65331590440535,42.38418409559464],[-112.64548000759545,42.43921305338544],[-112.65416666666664,42.47083333333335],[-112.6958333333333,42.46250000000002],[-112.71666666666664,42.44166666666669],[-112.71251390245223,42.406249321831616],[-112.72499999999997,42.36666666666669],[-112.74340888129338,42.35035332573787],[-112.79936726888018,42.34068773057728],[-112.80463528103296,42.289583333333354],[-112.82175292968746,42.2632042778863],[-112.8583333333333,42.250000000000036],[-112.90907999674477,42.258900621202294],[-112.92499999999997,42.229166666666686],[-112.96869845920136,42.21730957031252],[-113.01698845757376,42.221476236979186],[-113.04084608289928,42.20804409450957],[-113.0424414740668,42.19240587022571],[-113.07824774848088,42.178947279188385],[-113.0833333333333,42.16250000000002],[-113.12526448567705,42.153029378255226],[-113.12083333333331,42.11666666666669],[-113.09999999999997,42.11250000000002],[-113.10462849934893,42.0937411838108],[-113.14105631510414,42.06983557807078],[-113.14223395453556,42.043622843424515],[-113.26249999999997,41.92083333333337],[-113.33504621717663,41.903813340928856],[-113.4083333333333,41.90833333333335],[-113.54757554796004,41.86285332573788],[-113.58749999999998,41.879166666666684],[-113.64583333333331,41.870833333333366],[-113.67022586398652,41.85325334337026],[-113.67535400390622,41.776713731553855],[-113.71249999999998,41.750000000000036],[-113.75416666666665,41.7916666666667],[-113.780303785536,41.85859798855255],[-113.79657999674477,41.853599378797774],[-113.87410040961369,41.89100545247399],[-113.88839959038626,41.867327880859406],[-113.93248240152992,41.849149068196645],[-113.94166666666665,41.80000000000003],[-113.95416666666665,41.7916666666667],[-113.99791632758244,41.804153103298646],[-114.02257554796005,41.783686659071215],[-114.04512481689451,41.790779283311664],[-114.07464667426213,41.735757785373295],[-114.07535383436412,41.69754723442929],[-114.09999999999998,41.687500000000036],[-114.12257554796003,41.707980007595516],[-114.1958333333333,41.7166666666667],[-114.26249999999996,41.6791666666667],[-114.26757236056854,41.70769568549265],[-114.29104749891489,41.71349046495229],[-114.29229024251299,41.73659074571401],[-114.44804382324216,41.84943271213111],[-114.48297559950083,41.82745513916019],[-114.47535332573781,41.79340888129344],[-114.49235873752167,41.7384935167101],[-114.5270833333333,41.7047281901042],[-114.54926723904076,41.71128387451175],[-114.5958333333333,41.6666666666667],[-114.62499999999997,41.65833333333337],[-114.64201999240449,41.5850755479601],[-114.68404168023,41.4967207166884],[-114.72157999674477,41.50890062120229],[-114.7687588161892,41.50370483398441],[-114.83528951009112,41.46306728786895],[-114.93407999674476,41.44109937879777],[-114.96840888129337,41.462146674262186],[-114.99999999999997,41.462500000000034],[-115.01193271213104,41.50512627495663],[-115.03664923773869,41.517517598470086],[-115.03368665907115,41.54409111870663],[-115.0458333333333,41.56250000000003],[-115.12916666666663,41.583333333333364],[-115.12981126573348,41.60732625325524],[-115.17431199815536,41.62164289686418],[-115.19263831244572,41.665898471408454],[-115.23533986409502,41.68271569146054],[-115.33749999999998,41.6916666666667],[-115.32499999999997,41.72083333333337],[-115.34166666666664,41.75833333333337],[-115.36666666666665,41.775000000000034],[-115.42795172797307,41.78390062120229],[-115.43785332573782,41.747548929850296],[-115.43248240152992,41.72168426513675],[-115.41609937879771,41.709270562066],[-115.42973395453556,41.69265475802955],[-115.41193271213105,41.61741333007816],[-115.41666666666664,41.5791666666667],[-115.3987850613064,41.541099378797774],[-115.36862284342445,41.54943271213111],[-115.35868665907115,41.523257785373296],[-115.37147606743704,41.468698289659315],[-115.41327463785805,41.40907253689239],[-115.44914906819659,41.39668426513675],[-115.45451999240449,41.419091118706625],[-115.51214463975691,41.47254842122399],[-115.53749999999998,41.520833333333364],[-115.55632680257159,41.52145097520619],[-115.57164747450085,41.54517652723528],[-115.60774722629121,41.559252251519126],[-115.62163594563799,41.62426486545142],[-115.65587955050995,41.612146674262185],[-115.69583333333331,41.620833333333366],[-115.72056867811412,41.55113711886939],[-115.73390062120224,41.542413330078155],[-115.72208302815753,41.50851067437069],[-115.75833333333331,41.50000000000003],[-115.77916666666664,41.50000000000003],[-115.82257554796004,41.55798000759552],[-115.86041666666664,41.55834791395402],[-115.93124999999998,41.5958187527127],[-115.96838311089408,41.59131334092885],[-115.98554382324217,41.603599378797774],[-116.00416666666663,41.57083333333337],[-115.97083333333332,41.53750000000003],[-115.97083333333332,41.520833333333364],[-115.99929148356118,41.50744594997833],[-116.00416666666663,41.47083333333337],[-115.98393605550127,41.45625491672095],[-115.98261345757376,41.41327667236331],[-115.96641642252602,41.411624484592046],[-115.97019059922958,41.39369828965932],[-115.95769059922958,41.37988060845272],[-115.98005405002168,41.33404184977216],[-116.01164906819659,41.31998240152998],[-116.01666666666662,41.304166666666696],[-116.00416666666665,41.300000000000026],[-116.0038133409288,41.26424221462676],[-115.98749864366317,41.2395673963759],[-116.0083333333333,41.22500000000003],[-116.06324666341142,41.23806728786895],[-116.13958333333329,41.20777180989586],[-116.17443271213104,41.16887715657555],[-116.17979024251298,41.14257575141062],[-116.20416666666662,41.12916666666669],[-116.23124898274736,41.14998643663197],[-116.28749999999997,41.15833333333336],[-116.30416802300344,41.1770673963759],[-116.29964667426212,41.21837955051001],[-116.3128533257378,41.23921559651696],[-116.30418056911888,41.24791598849829],[-116.33297526041663,41.2683764987522],[-116.3458333333333,41.308333333333366],[-116.32535468207462,41.34338124593102],[-116.32996927897132,41.36593153211808],[-116.39825778537323,41.379519992404546],[-116.41421339246958,41.39964548746748],[-116.50742153591577,41.40894758436418],[-116.51666666666664,41.42500000000003],[-116.58670586480031,41.40337253146704],[-116.59265306260848,41.3840504964193],[-116.62499999999997,41.3791666666667],[-116.67140062120222,41.44906277126739],[-116.65416666666664,41.4791666666667],[-116.6909986707899,41.522890218098986],[-116.69657219780812,41.59093848334422],[-116.71600545247392,41.59256625705298],[-116.72140062120222,41.61471048990889],[-116.77026604546438,41.66862284342451],[-116.76249999999997,41.69583333333337],[-116.83554382324216,41.69109937879777],[-116.89791666666663,41.64630211724179],[-116.92023484971786,41.644917636447516],[-116.9208333333333,41.62500000000003],[-116.93945617675779,41.61306728786896],[-116.95295172797306,41.61193271213111],[-116.96741333007809,41.63390062120229],[-117.07157999674476,41.62026604546444],[-117.13749999999997,41.67500000000003],[-117.1333333333333,41.70000000000003],[-117.15914662679033,41.724338446723124],[-117.19382680257159,41.725617641872866],[-117.25203162299259,41.7618572658963],[-117.29088999430336,41.76738654242625],[-117.31609937879772,41.818622843424514],[-117.30833333333331,41.8541666666667],[-117.34537150065101,41.93957451714413],[-117.33749999999998,41.966666666666704],[-117.3583333333333,41.98750000000003],[-117.40209214952255,41.97962849934899],[-117.4407792833116,41.99654184977217],[-117.45901048448349,42.0199378119575],[-117.50319892035587,42.04206254747182],[-117.52558288574217,42.07408023410377],[-117.56075778537324,42.07535332573788],[-117.59166666666664,42.09583333333335],[-117.6170199924045,42.16838311089412],[-117.6038133409288,42.185049777560785],[-117.6292805989583,42.21967468261721],[-117.66214667426213,42.239242214626756],[-117.66327463785805,42.31592746310766],[-117.7208333333333,42.32916666666669],[-117.73112284342446,42.30890062120228],[-117.82304382324216,42.2994327121311],[-117.84166666666664,42.28333333333335],[-117.85736558702254,42.28789605034724],[-117.87585093180336,42.32414923773874],[-117.90758666992186,42.30776604546443],[-117.95323740641274,42.3257029215495],[-118.01609937879772,42.4061228434245],[-118.03287353515623,42.44790513780384],[-118.05026465521917,42.52386271158856],[-118.0458333333333,42.62916666666669],[-118.08575778537325,42.621186659071206],[-118.09618665907117,42.65659111870662],[-118.15195617675778,42.7119327121311],[-118.22378506130639,42.713067287868945],[-118.27011345757374,42.6882765028212],[-118.2756429036458,42.71978285047746],[-118.25835673014319,42.73207160101999],[-118.23301154242618,42.74647623697919],[-118.1951995849609,42.741023763020856],[-118.17996453179249,42.75101420084638],[-118.17435709635413,42.77948845757381],[-118.19166666666663,42.84166666666669],[-118.1727895100911,42.849432712131104],[-118.14166666666662,42.829166666666694],[-118.13751458062063,42.86458333333336],[-118.1583333333333,42.94583333333336],[-118.1534981621636,42.97838473849829],[-118.12278951009112,42.97556728786895],[-118.07916666666665,43.02500000000003],[-118.10416666666663,43.05833333333336],[-118.11782972547739,43.041300794813395],[-118.1333333333333,43.050000000000026],[-118.12473246256506,43.065718248155406],[-118.22257554796003,43.107980007595515],[-118.25074666341142,43.09109937879777],[-118.3020833333333,43.12036471896704],[-118.33749999999996,43.112500000000026],[-118.33368665907115,43.0975755479601],[-118.36666802300344,43.07293260362416],[-118.36285807291664,43.06004299587676],[-118.4083333333333,43.04166666666669],[-118.47916666666663,43.10416666666669],[-118.47422349717878,43.13678012424048],[-118.44411892361107,43.13298000759551],[-118.3958323160807,43.168735928005674],[-118.4583333333333,43.20000000000003],[-118.47443271213105,43.23528951009118],[-118.4708333333333,43.28333333333336],[-118.4827494303385,43.2884194268121],[-118.48418409559459,43.32831573486331],[-118.51176825629337,43.34673004150394],[-118.50380079481333,43.36550343831383],[-118.51998257107202,43.37168426513675],[-118.52859937879771,43.39362284342451],[-118.53266499837237,43.482384067111575],[-118.51311408148868,43.492578294542135],[-118.49999999999997,43.53750000000003],[-118.51701999240449,43.59409111870663],[-118.54166802300344,43.610400729709234],[-118.52951999240447,43.6607577853733],[-118.5573340521918,43.68381534152564],[-118.57916666666664,43.6666666666667],[-118.64469604492184,43.71693132188588],[-118.65907999674477,43.70776604546444],[-118.70221048990882,43.71723395453562],[-118.77122938368052,43.815698920355935],[-118.82795172797306,43.82026604546444],[-118.84131334092879,43.8600755479601],[-118.84493374294702,43.911838785807326],[-118.8208333333333,43.92083333333337],[-118.84998609754771,43.96874932183163],[-118.84131334092879,43.98921288384335],[-118.8496412489149,44.010789320204026],[-118.80067376030813,44.04672970241974],[-118.80416666666663,44.07500000000002],[-118.77859937879771,44.08871493869361],[-118.78232659233937,44.12002241346575],[-118.76545172797306,44.133900621202294],[-118.74260389539927,44.12443271213111],[-118.7083333333333,44.133333333333354],[-118.7256429036458,44.165751139322936],[-118.70910474989147,44.167438083224845],[-118.70758836534284,44.182303195529535],[-118.68403388129337,44.19661933051217],[-118.69999999999997,44.27500000000002],[-118.73422071668834,44.22987501356339],[-118.82695617675778,44.18806728786895],[-118.92499999999997,44.20833333333336],[-118.9467329237196,44.232672119140645],[-119.01471048990882,44.25890062120228],[-119.03749999999997,44.291666666666686],[-119.08843722873262,44.28276604546443],[-119.10907999674477,44.300567287868944],[-119.1333333333333,44.30000000000002],[-119.17591162787541,44.24644741482207],[-119.2229293823242,44.24954121907554],[-119.25733947753903,44.23270161946617],[-119.28749999999997,44.16250000000002],[-119.2549380832248,44.14922858344186],[-119.22850545247393,44.09256625705297],[-119.2083333333333,44.08750000000002],[-119.20381334092879,44.06007554796009],[-119.18368665907116,44.03992445203995],[-119.19704267713756,43.97514987521705],[-119.23459489610457,43.92080976698137],[-119.26634487575951,43.92980940077043],[-119.29928605821395,43.90352393256297],[-119.31606818305119,43.904929436577724],[-119.33004218207462,43.933583577473996],[-119.37916666666663,43.900000000000034],[-119.39503072102862,43.90490180121531],[-119.40073513454858,43.932530721028684],[-119.42499999999997,43.95416666666669],[-119.49999999999997,43.96250000000002],[-119.58090888129338,43.946186659071216],[-119.66666666666664,43.95000000000003],[-119.66726243760849,43.93017662896054],[-119.70793745252818,43.915698920355936],[-119.70490078396264,43.89254760742191],[-119.74105919731986,43.86992001003693],[-119.75371500651039,43.82708587646488],[-119.74583333333331,43.80000000000003],[-119.77083333333331,43.7916666666667],[-119.80093722873262,43.80056728786896],[-119.81581573486326,43.786649068196645],[-119.82453816731768,43.7562411838108],[-119.81630079481334,43.74699656168623],[-119.83333333333331,43.72500000000003],[-119.81285332573782,43.69409111870663],[-119.81188235812715,43.617666286892394],[-119.82434319390188,43.615852525499164],[-119.82499999999997,43.59583333333337],[-119.85711839463973,43.59526604546444],[-119.8639957004123,43.60832010904951],[-119.90833333333332,43.5791666666667],[-119.89512481689451,43.5467207166884],[-119.87026604546439,43.530103895399336],[-119.87565477159286,43.50097300211591],[-119.90342000325519,43.48276604546444],[-119.93749999999996,43.491666666666696],[-119.93830702039926,43.520127699110276],[-120.02546929253468,43.5243823581272],[-120.0708333333333,43.558333333333366],[-120.10590888129336,43.529519992404545],[-120.1458333333333,43.54583333333336],[-120.1617533365885,43.52026604546444],[-120.18008490668399,43.536911010742216],[-120.22574666341143,43.54223395453562],[-120.24999999999996,43.520833333333364],[-120.2708333333333,43.520833333333364],[-120.29256625705291,43.54517211914066],[-120.33664923773868,43.55501759847008],[-120.34622938368052,43.57819892035593],[-120.40074666341143,43.59223395453562],[-120.51421305338538,43.58785332573788],[-120.54338243272566,43.57048000759552],[-120.57109781901039,43.58030378553605],[-120.57973395453556,43.61054382324222],[-120.59999999999997,43.62500000000003],[-120.65039638943139,43.59103647867842],[-120.67285257975257,43.61603647867842],[-120.71706305609806,43.59936981201175],[-120.73017985026038,43.61178554958771],[-120.76887715657548,43.60890062120229],[-120.80098809136281,43.63806728786896],[-120.84166666666664,43.60833333333336],[-120.8895833333333,43.633318752712704],[-120.91249999999997,43.616666666666696],[-120.97916666666664,43.61250000000003],[-121.00588039822046,43.67881113688154],[-121.07254638671873,43.696186659071216],[-121.11004638671872,43.68714667426219],[-121.13507554796004,43.70381334092885],[-121.16249999999997,43.70000000000003],[-121.1708333333333,43.712500000000034],[-121.21164906819659,43.690815734863314],[-121.19583333333331,43.6416666666667],[-121.21179148356117,43.624112616645],[-121.22585093180335,43.56335093180342],[-121.26190168592662,43.544749450683625],[-121.27605200873478,43.51313544379343],[-121.34520060221351,43.45725945366757],[-121.37159983317055,43.409245300293],[-121.40524970160588,43.4130294799805],[-121.42436455620657,43.398947991265224],[-121.42916666666665,43.36250000000003],[-121.46574723985458,43.361916097005235],[-121.46356998019746,43.317312791612444],[-121.49999999999997,43.29166666666669],[-121.53851165771482,43.313067287868954],[-121.55624999999998,43.29628024631079],[-121.60087551540796,43.33358357747399],[-121.63458319769963,43.30418192545576],[-121.65135209825301,43.33336096869578],[-121.71693132188582,43.298862881130674],[-121.70416666666664,43.270833333333364],[-121.71737484402124,43.22575649685333],[-121.75833333333331,43.22083333333336],[-121.75930345323349,43.24624837239586],[-121.80497300889755,43.22021569146053],[-121.8218310885959,43.24098968505862],[-121.90208333333331,43.27453121609161],[-121.92991333007811,43.27556728786895],[-121.95416666666665,43.2541666666667],[-121.97916666666664,43.26250000000003],[-122.0075742933485,43.28408932156036],[-121.99999999999997,43.308333333333366],[-122.01674126519094,43.32204589843753],[-122.01188235812715,43.34240332709421],[-122.06249999999996,43.40000000000003],[-122.13749999999996,43.3791666666667],[-122.20098809136282,43.40473395453562],[-122.22695617675778,43.38390062120229],[-122.26054382324214,43.386932712131106],[-122.28112284342444,43.371400621202284],[-122.33628506130638,43.371400621202284],[-122.35491333007809,43.35776604546444],[-122.39999999999996,43.38750000000003],[-122.42499999999997,43.3791666666667],[-122.43504536946611,43.395477634006106],[-122.47916666666663,43.4041666666667],[-122.45356174045135,43.44450463189022],[-122.47993842230899,43.47834676106774],[-122.5155575222439,43.483516777886315],[-122.49526604546438,43.517413330078156],[-122.5583333333333,43.5791666666667],[-122.59778951009112,43.59526604546444],[-122.6208333333333,43.5791666666667],[-122.65416666666664,43.587500000000034],[-122.69166666666663,43.53333333333337],[-122.72991333007809,43.516099378797776],[-122.75927056206594,43.516099378797776],[-122.7833333333333,43.53333333333337],[-122.83090888129337,43.50868665907121],[-122.86041734483504,43.50834723578562],[-122.88090888129337,43.524646674262186],[-122.9524244520399,43.52535332573788],[-122.99375067816837,43.54165276421444],[-123.12083333333331,43.525000000000034],[-123.10416666666664,43.587500000000034],[-123.13276604546438,43.63528951009118],[-123.1333333333333,43.70000000000003],[-123.15464240180118,43.73243476019969],[-123.12573750813799,43.74241943359378],[-123.12435709635413,43.761051940918],[-123.13749999999997,43.770833333333364],[-123.13417900933158,43.790952724880675],[-123.14937676323783,43.79682040744361],[-123.14556884765622,43.82386288113067],[-123.16285332573781,43.839953782823386],[-123.12916666666663,43.870833333333366],[-123.16666666666664,43.8916666666667],[-123.20612284342445,43.86306728786896],[-123.25302954779728,43.86223534478085],[-123.26862284342445,43.87859937879778],[-123.3188771565755,43.88806728786896],[-123.31601121690535,43.919966634114616],[-123.33792792426213,43.921682230631546],[-123.32851121690535,43.93663330078128],[-123.34893951416012,43.938232421875036],[-123.37499999999997,43.975000000000016],[-123.41545172797306,43.97026604546444],[-123.42996656629772,43.995097859700536],[-123.4534495035807,44.00098639594186],[-123.4794977823893,44.044971720377625],[-123.52779880099824,44.041049194335955],[-123.54930572509762,44.059142049153664],[-123.54547932942705,44.12745293511287],[-123.48835093180335,44.16751742892797],[-123.47859937879771,44.18675333658856],[-123.48625030517576,44.20815599229603],[-123.42585093180335,44.23001742892797],[-123.44640062120223,44.270086669921895],[-123.44104902479381,44.337969292534744],[-123.4509862263997,44.36594950358075],[-123.46586405436196,44.3674018012153],[-123.47180497911239,44.38673163519967],[-123.5005672878689,44.4075866699219],[-123.4833333333333,44.420833333333356],[-123.48688235812715,44.46150037977433],[-123.51298014322914,44.48243815104169],[-123.52963578965927,44.47854919433596],[-123.55011393229164,44.50717468261721],[-123.58333333333331,44.508333333333354],[-123.58820563422306,44.53252631293405],[-123.63264126247827,44.563493516710096],[-123.64938235812714,44.597839694552974],[-123.64509548611109,44.62839118109812],[-123.59783986409502,44.61728413899742],[-123.58306596544051,44.621781751844644],[-123.57438235812714,44.64509650336374],[-123.57978430853947,44.69536404079864],[-123.56249999999997,44.71666666666669],[-123.56751759847003,44.732482571072076],[-123.65416666666664,44.77083333333336],[-123.63658430311412,44.81606818305124],[-123.59237094455293,44.82175292968753],[-123.58436347113712,44.85342169867624],[-123.6377502441406,44.87412448459204],[-123.59232788085934,44.90506625705298],[-123.58405320909286,44.936723497178846],[-123.64778951009112,44.970266045464435],[-123.75416666666665,44.9666666666667],[-123.75833333333331,44.991666666666696],[-123.73258666992186,44.9869327121311],[-123.7041805691189,45.00992262098527],[-123.71666666666664,45.03750000000003],[-123.70359937879772,45.06128506130645],[-123.73016933865014,45.091035291883706],[-123.74909430609807,45.09230448404951],[-123.75833333333331,45.13750000000003],[-123.72973395453556,45.160289510091175],[-123.71054382324216,45.20776604546444],[-123.64166666666664,45.179166666666696],[-123.62445933024085,45.19227176242407],[-123.60939551459415,45.18689490424265],[-123.61169704861109,45.21184590657555],[-123.53949398464624,45.20893842909074],[-123.5333333333333,45.23333333333336],[-123.51033986409503,45.23811764187286],[-123.46988474527993,45.283600701226156],[-123.44583333333331,45.28333333333336],[-123.41736348470049,45.31339043511288],[-123.43333333333331,45.3541666666667],[-123.44999999999997,45.3541666666667],[-123.44914906819659,45.39081573486331],[-123.42145690917967,45.40507592095272],[-123.41041734483504,45.42915293375654],[-123.3458333333333,45.4166666666667],[-123.35085093180336,45.44914906819665],[-123.39926333957246,45.463392469618086],[-123.39526604546438,45.484079996744825],[-123.40890062120224,45.50093722873267],[-123.39081573486325,45.54498240152998],[-123.36075778537324,45.57464667426218],[-123.29999999999997,45.583333333333364],[-123.30059848361542,45.603250969780845],[-123.34254642062714,45.62842797173397],[-123.38236558702255,45.62539588080515],[-123.40416666666664,45.6916666666667],[-123.3342130872938,45.684072028266094],[-123.29241333007809,45.71306728786896],[-123.26249999999997,45.708333333333364],[-123.24089525010848,45.74922858344188],[-123.1708333333333,45.75833333333337],[-123.1458333333333,45.750000000000036],[-123.08554382324216,45.795266045464444],[-123.04999999999997,45.79583333333337],[-123.05451999240448,45.81838226318363],[-123.03368665907115,45.8600755479601],[-123.03368665907115,45.88992445203996],[-123.05416666666663,45.895833333333364],[-123.03693271213105,45.91760389539934],[-123.11347893608938,45.982700602213576],[-123.15331590440536,45.99668426513675],[-123.20102691650388,46.036904907226585],[-123.23971048990883,46.03806728786894],[-123.31007554796004,46.08298000759552],[-123.36471048990883,46.09109937879778],[-123.41961839463973,46.06609937879778],[-123.44911261664494,46.08404184977217],[-123.46249999999998,46.18750000000002],[-123.44166666666663,46.22500000000002],[-123.4585979885525,46.23030395507814],[-123.46666666666664,46.262500000000024],[-123.3924133300781,46.28806728786894],[-123.31354573567705,46.284026760525194],[-123.30352393256291,46.31105211046009],[-123.34089525010847,46.334104749891516],[-123.34999999999997,46.36666666666669],[-123.28849046495223,46.38395250108509],[-123.28211839463972,46.396400621202275],[-123.21249999999998,46.40416666666669],[-123.17026604546439,46.379913330078146],[-123.18286454942489,46.36458333333336],[-123.17916666666663,46.33333333333336],[-123.16175333658852,46.32859937879776],[-123.125887383355,46.34237501356339],[-123.13395080566403,46.36740349663631],[-123.12402818467879,46.38256496853301],[-123.084135945638,46.3924018012153],[-123.06782396104597,46.40907457139759],[-123.07444322374128,46.42291022406686],[-123.0458333333333,46.47500000000002],[-123.00776604546438,46.49092000325523],[-123.0380672878689,46.52822943793405],[-123.03137715657549,46.54109937879777],[-122.99119737413191,46.54645080566409],[-122.95342983669701,46.524382527669296],[-122.93234490288626,46.54512363009985],[-122.91766628689233,46.54645080566409],[-122.91349962022566,46.53271586100263],[-122.9083333333333,46.550000000000026],[-122.84337972005206,46.558686659071206],[-122.7958333333333,46.545833333333356],[-122.68090888129338,46.558686659071206],[-122.64757554796003,46.56701999240454],[-122.60927056206594,46.59640062120228],[-122.56340399848087,46.5924014621311],[-122.53241373697914,46.641083780924504],[-122.4708333333333,46.65833333333336],[-122.4708333333333,46.675000000000026],[-122.36666666666663,46.69166666666669],[-122.36999138726125,46.658979966905406],[-122.32499999999996,46.65416666666669],[-122.27254638671872,46.679519992404536],[-122.22991333007809,46.6619327121311],[-122.1727895100911,46.66609937879777],[-122.15776604546437,46.65491333007815],[-122.17454121907548,46.63126254611547],[-122.16961839463973,46.62026604546443],[-122.15491333007809,46.63390062120228],[-122.10507744683156,46.62854953342016],[-122.06492445203989,46.59618665907121],[-121.99757554796005,46.59618665907121],[-121.97916666666664,46.65416666666669],[-121.94825778537324,46.67048000759551],[-121.88958299424911,46.65001424153648],[-121.84166666666664,46.65416666666669],[-121.82436642116969,46.69893222384985],[-121.80224829779729,46.71613701714412],[-121.77594943576386,46.71723666720923],[-121.77436455620658,46.74478115505645],[-121.75524970160588,46.75886298285593],[-121.72916666666664,46.75833333333336],[-121.71609937879772,46.805103895399334],[-121.74166666666665,46.85000000000002],[-121.6174133300781,46.849432712131104],[-121.56969621446395,46.87526448567711],[-121.54657999674477,46.86609937879777],[-121.52083333333331,46.87500000000003],[-121.49999999999997,46.90833333333336],[-121.45501759847002,46.92585076226131],[-121.45453253851994,46.959496392144125],[-121.40417989095049,47.001495700412356],[-121.37556728786889,47.056122843424504],[-121.37443271213105,47.07593722873267],[-121.39933878580726,47.09673292371964],[-121.40416666666664,47.12083333333336],[-121.36909111870656,47.141313340928846],[-121.31078559027775,47.13298000759551],[-121.29999999999997,47.141666666666694],[-121.31593509250214,47.167563374837265],[-121.31306728786889,47.20637715657555],[-121.36248677571612,47.22649570041236],[-121.33406999376082,47.25089246961809],[-121.33749999999998,47.27500000000003],[-121.37574666341143,47.29223395453562],[-121.41765475802949,47.286932712131104],[-121.44166666666663,47.308333333333366],[-121.43276604546438,47.34045172797312],[-121.46188235812714,47.360493469238314],[-121.43009304470483,47.384259711371556],[-121.42432369656031,47.42002207438154],[-121.38419477674694,47.43783111572269],[-121.36042548285587,47.47037150065107],[-121.30501759847003,47.480017598470084],[-121.28658023410371,47.51608378092451],[-121.26249999999997,47.520833333333364],[-121.23368750678165,47.547549438476594],[-121.2333333333333,47.5666666666667],[-121.17499999999997,47.5666666666667],[-121.1708333333333,47.5916666666667],[-121.11249999999997,47.59583333333337],[-121.11335076226126,47.624149068196644],[-121.1327718098958,47.647916666666696],[-121.120758734809,47.65954589843753],[-121.1256174723307,47.679782274034324],[-121.06249999999997,47.7166666666667],[-121.08297424316403,47.72670881483293],[-121.08749999999998,47.750000000000036],[-121.12083333333331,47.78333333333337],[-121.07978413899737,47.82299346923831],[-121.1530093722873,47.8465745713976],[-121.15498080783418,47.87850986056861],[-121.17499999999997,47.8791666666667],[-121.17870483398434,47.91875881618927],[-121.14999999999998,47.9791666666667],[-121.12499999999997,47.98750000000003],[-121.12026604546438,48.00491333007816],[-121.14999999999998,48.041666666666686],[-121.06875067816837,48.074986267089876],[-121.0083333333333,48.07500000000004],[-120.99907090928816,48.09096374511722],[-120.95506625705292,48.10899454752608],[-120.95741373697913,48.14929572211375],[-120.90416666666664,48.166666666666686],[-120.92154168023,48.19494594997832],[-120.96666666666664,48.20833333333336],[-120.96285332573781,48.227424452039955],[-121.00776604546438,48.272789510091165],[-121.00359937879772,48.29878506130645],[-121.06666666666663,48.31666666666669],[-121.07047458224824,48.335789320204015],[-121.03749999999997,48.358333333333356],[-121.06306728786889,48.386511908637175],[-121.03810289171004,48.43541191948787],[-121.06241421169702,48.459682888454886],[-121.0535237630208,48.48130154079863],[-121.03749999999997,48.49583333333336],[-120.94999999999997,48.50000000000002],[-120.95895080566403,48.5242631700304],[-120.95046929253469,48.533950805664084],[-120.90084126790362,48.52569207085506],[-120.89029880099824,48.54228413899742],[-120.85913323296438,48.53408677842884],[-120.8504692925347,48.55061747233075],[-120.82499999999997,48.545833333333356],[-120.79411722819007,48.50452067057294],[-120.76912027994788,48.50381334092884],[-120.71007554796003,48.521186659071205],[-120.70326707628035,48.55767211914065],[-120.68276604546438,48.567413330078146],[-120.70590888129337,48.59131334092884],[-120.75637715657548,48.57973395453561],[-120.7880672878689,48.620086669921896],[-120.77499999999996,48.641666666666694],[-120.71746927897132,48.667401801215306],[-120.70331963433156,48.69514736599395],[-120.6750339084201,48.7013610839844],[-120.6583333333333,48.72916666666669],[-120.73276604546437,48.78528951009117],[-120.74223395453556,48.82378506130645],[-120.73276604546437,48.85918341742624],[-120.77118665907115,48.88087972005211],[-120.7708333333333,48.92083333333336],[-120.75359937879772,48.93848809136287],[-120.76758083767358,48.95772942437068],[-120.80093722873261,48.95890062120228],[-120.8270833333333,48.93796861436635],[-120.87916666666663,48.96250000000003],[-120.88359781901039,48.973862711588566],[-120.85452100965709,48.989213392469644],[-120.87435709635413,49.01453179253475],[-120.87158474392358,49.049321492513045],[-120.8958333333333,49.050000000000026],[-120.89101121690535,49.07829996744795],[-120.96178317599824,49.09273206922746],[-120.96249999999996,49.10416666666669],[-120.85934244791663,49.129640706380236],[-120.8912923177083,49.17291090223527],[-120.89127061631942,49.19375000000003],[-120.88685234917531,49.20738186306426],[-120.86564907497826,49.20363718668623],[-120.84999999999997,49.2166666666667],[-120.8409006754557,49.25344611273874],[-120.81744316948782,49.25488654242624],[-120.81751742892791,49.29081573486331],[-120.86042650010847,49.29629431830515],[-120.87083333333331,49.32500000000003],[-120.89076707628035,49.32017211914066],[-120.93839653862844,49.27156490749786],[-120.9634372287326,49.27973395453562],[-120.97499999999997,49.270833333333364],[-120.99899088541663,49.279640706380235],[-121.00076666937932,49.311588033040394],[-121.02818366156681,49.30514967176652],[-121.04604593912758,49.33245357937286],[-121.07997368706594,49.32851121690541],[-121.09648878309459,49.34496663411461],[-121.06207784016924,49.355548265245254],[-121.06324632432722,49.37009209526913],[-121.09511277940535,49.379932827419736],[-121.09998609754771,49.40625067816843],[-121.08714667426213,49.44825778537329],[-121.05834791395397,49.48125000000003],[-121.07881062825518,49.519121466742654],[-121.0458333333333,49.5291666666667],[-121.0333333333333,49.5666666666667],[-121.00925055609807,49.56725955539282],[-120.98682827419702,49.6116624620226],[-120.9675621880425,49.61284179687503],[-120.95776604546438,49.673785061306454],[-120.9755672878689,49.69045172797312],[-120.95478481716577,49.705178663465745],[-120.95895080566403,49.742473008897605],[-120.90335727267792,49.820145331488746],[-120.88016425238712,49.82151031494144],[-120.87071940104164,49.85300784640845],[-120.84999999999997,49.8666666666667],[-120.78504638671872,49.86702151828345],[-120.76838107638886,49.908686659071215],[-120.7267171223958,49.87881334092885],[-120.69166666666663,49.8916666666667],[-120.66746080186628,49.913294135199685],[-120.65771586100257,49.93259667290585],[-120.66564059787324,49.962133619520436],[-120.64166666666664,49.98750000000003],[-120.64166666666664,49.97083333333337],[-120.59166666666664,49.9541666666667],[-120.59998609754771,49.9354159884983],[-120.58334723578555,49.91458401150177],[-120.58714497884111,49.83087955051002],[-120.57291191948781,49.82143605550134],[-120.54647623697913,49.83953162299265],[-120.53665941026472,49.86593254937069],[-120.5174414740668,49.86740587022573],[-120.51575113932289,49.8839760674371],[-120.47291191948781,49.87976938883467],[-120.44380154079857,49.895190599229636],[-120.3524244520399,49.90798000759552],[-120.26666666666664,49.8791666666667],[-120.27140062120222,49.86175333658858],[-120.25637715657548,49.84640062120229],[-120.21666666666663,49.84583333333337],[-120.19374999999997,49.86665344238285],[-120.07453070746524,49.836882358127205],[-120.0590684678819,49.842469278971386],[-120.04972754584416,49.87837253146705],[-120.02987959120007,49.87992621527781],[-120.02831573486326,49.89914906819665],[-119.99137674967446,49.936582099066875],[-119.95369754367402,49.92021569146054],[-119.89583333333331,49.96666666666668],[-119.86840888129338,49.967019992404545],[-119.7716842651367,50.00918426513675],[-119.79547746446396,50.035788133409326],[-119.76332651774086,50.04665985107425],[-119.7333333333333,50.108333333333356],[-119.75094078911673,50.12552964952259],[-119.79166666666664,50.11666666666669],[-119.79166666666664,50.20000000000002],[-119.74583333333331,50.20416666666669],[-119.75416666666665,50.262500000000024],[-119.68368733723956,50.26838039822051],[-119.67499999999997,50.33750000000002],[-119.63688235812714,50.37990349663631],[-119.64583333333331,50.40833333333335],[-119.67106679280596,50.409082370334225],[-119.6659235636393,50.436389160156274],[-119.57083333333331,50.46250000000002],[-119.53971048990883,50.429733954535614],[-119.45195617675779,50.41609937879777],[-119.4407533433702,50.40477430555558],[-119.29657253689233,50.41744147406686],[-119.29252743191186,50.45717739529082],[-119.32845102945961,50.459138997395854],[-119.32978430853947,50.47546929253475],[-119.2881176418728,50.55200636121964],[-119.2881176418728,50.58966030544707],[-119.29964667426212,50.602424452039955],[-119.29166666666664,50.633333333333354],[-119.2708333333333,50.65000000000003],[-119.22584567599823,50.63261854383683],[-119.20898725721568,50.61568840874568],[-119.20767093234589,50.58830193413631],[-119.18272823757593,50.58387383355037],[-119.21196662055118,50.54792412651912],[-119.19931369357636,50.513362630208356],[-119.18333333333331,50.508333333333354],[-119.17026604546439,50.4561228434245],[-119.13693271213104,50.413525390625026],[-119.13661261664494,50.37570834689672],[-119.11666666666663,50.36250000000002],[-119.06249999999997,50.37083333333336],[-119.06249999999997,50.354166666666686],[-119.04381408691404,50.3381303575304],[-119.01326633029511,50.33681572808162],[-119.01369900173609,50.30087076822919],[-119.04102884928382,50.29076097276478],[-119.04223395453556,50.272789510091165],[-119.06609937879772,50.248043823242206],[-119.07556728786889,50.20322943793405],[-119.05776604546438,50.18675333658856],[-119.07122938368053,50.163467746310786],[-119.12589687771265,50.146505398220505],[-119.1549133300781,50.15473395453561],[-119.18276604546438,50.127210489908876],[-119.14563191731767,50.115447998046896],[-119.17916666666663,50.05416666666669],[-119.14338243272566,50.04131334092885],[-119.09754638671872,50.05035332573788],[-119.0267130533854,50.03714667426219],[-118.9458333333333,50.05833333333335],[-118.93410068088104,50.04104902479387],[-118.91747233072914,50.04238043891063],[-118.91566704644094,50.05478430853953],[-118.88117302788625,50.053549024793874],[-118.81713595920135,50.020215691460535],[-118.78816121419268,50.03006625705299],[-118.78683878580726,50.04493374294708],[-118.76713595920135,50.05478430853953],[-118.74374355740014,50.04638994004995],[-118.71330939398868,50.05485466851132],[-118.69792514377167,50.078611416286925],[-118.67916666666663,50.07500000000004],[-118.67325778537324,50.091313340928856],[-118.60171373155379,50.08785400390629],[-118.58921440972219,50.10451999240455],[-118.53504638671872,50.11285332573788],[-118.50416666666663,50.091666666666704],[-118.45659111870657,50.132980007595506],[-118.40922580295135,50.13407016330297],[-118.39075758192271,50.16187642415367],[-118.35195617675778,50.16609937879776],[-118.29791666666664,50.13380194769967],[-118.25416666666663,50.16250000000002],[-118.25776604546438,50.18137715657554],[-118.23749999999998,50.20833333333336],[-118.25742424858937,50.22562357584638],[-118.27443271213104,50.272789510091165],[-118.26193271213104,50.32574666341148],[-118.2675862630208,50.33691609700523],[-118.30416666666663,50.33750000000002],[-118.30797729492184,50.37328796386721],[-118.28422071668834,50.384041680230055],[-118.26666666666664,50.43333333333336],[-118.20920884874128,50.428916422526065],[-118.20416666666662,50.46666666666669],[-118.18785485161673,50.47671305338544],[-118.18333333333331,50.50000000000002],[-118.20797441270614,50.51420864529082],[-118.21306728786891,50.540729437934054],[-118.17499999999998,50.56250000000002],[-118.16609937879771,50.61545172797312],[-118.19943271213104,50.63945617675784],[-118.20056728786889,50.65295172797312],[-118.17890218098955,50.66363728841148],[-118.21249999999996,50.68333333333336],[-118.20891944037541,50.73658108181426],[-118.25052964952253,50.76558363172745],[-118.27118665907115,50.83992445203996],[-118.29130859374996,50.8558763292101],[-118.26751742892792,50.89081590440541],[-118.31128506130639,50.8869327121311],[-118.33001742892792,50.944982571072075],[-118.3615804036458,50.95891621907555],[-118.38749999999996,51.00416666666669],[-118.42499999999997,51.00000000000003],[-118.43785332573782,51.06909111870662],[-118.46666666666663,51.079166666666694],[-118.50056728786889,51.1200866699219],[-118.4833333333333,51.13333333333336],[-118.47443271213105,51.169618394639784],[-118.5384372287326,51.17443271213111],[-118.56581590440535,51.19251759847008],[-118.56666666666663,51.204166666666694],[-118.54166666666663,51.2166666666667],[-118.57464667426211,51.24825778537329],[-118.54999999999997,51.266666666666694],[-118.54166666666663,51.304166666666696],[-118.589215766059,51.30381334092885],[-118.61193271213105,51.32278951009118],[-118.61723395453556,51.365451727973124],[-118.60359937879771,51.37574666341149],[-118.62016703287757,51.39678463406036],[-118.60879313151038,51.42290530734595],[-118.62122938368053,51.46153225368926],[-118.67157999674475,51.45776604546444],[-118.70744594997826,51.475708516438836],[-118.71703253851993,51.49050343831383],[-118.69586147732201,51.5057305230035],[-118.73007507324216,51.52853936089413],[-118.8333333333333,51.5291666666667],[-118.83397623697914,51.586584472656284],[-118.81739400227862,51.58827582465281],[-118.81701999240448,51.62742445203996],[-118.85624999999997,51.64953121609161],[-118.88554382324216,51.64640062120229],[-118.92499999999997,51.683333333333366],[-118.91600545247393,51.719933742947084],[-118.89251742892792,51.74251759847009],[-118.8958333333333,51.78333333333337],[-118.94511922200518,51.79251234266496],[-118.9618503146701,51.81347774929474],[-118.95487501356334,51.853279283311664],[-118.99081590440535,51.86751759847009],[-118.96613701714406,51.88427412245012],[-118.98687642415362,51.93659074571401],[-118.9083333333333,51.92500000000003],[-118.89640062120223,51.943622843424514],[-118.90509575737845,51.96179707845056],[-118.96993374294702,51.97566121419274],[-118.97021586100257,51.989660135904984],[-118.9506679958767,52.00081244574656],[-118.93159111870656,52.03714667426219],[-118.85067274305553,52.04672987196182],[-118.86631334092878,52.07257554796009],[-118.86620483398434,52.10209214952259],[-118.83686218261715,52.16159430609811],[-118.80416666666663,52.18333333333335],[-118.8491017659505,52.2050008138021],[-118.84142252604164,52.23249884711374],[-118.87712232801647,52.24232211642797],[-118.88678012424042,52.26172349717884],[-118.78751525878903,52.30958319769967],[-118.86028951009112,52.341099378797765],[-118.91998257107201,52.34668409559464],[-118.94166666666663,52.387500000000024],[-118.92916666666663,52.41250000000002],[-118.94109937879772,52.44804382324221],[-118.89362284342445,52.47140062120228],[-118.88693271213104,52.49045172797311],[-118.90748257107202,52.50085076226131],[-118.91346774631073,52.5371039496528],[-118.93703138563365,52.55208333333336],[-118.93001742892793,52.565815904405405],[-118.98971048990883,52.58390062120228],[-119.00039605034719,52.59903225368926],[-119.03971048990883,52.59640062120228],[-119.05473395453556,52.627210489908876],[-119.1142133924696,52.6829789903429],[-119.15739813910588,52.67429775661895],[-119.19583333333331,52.60000000000002],[-119.29791734483504,52.60415276421443],[-119.35416666666664,52.58750000000002],[-119.37453816731768,52.61459214952259],[-119.3630672878689,52.63528951009117],[-119.36873406304251,52.65833468967016],[-119.42257554796004,52.63785332573787],[-119.46666666666664,52.65416666666669],[-119.53233371310762,52.62854919433596],[-119.54661882188583,52.661744859483534],[-119.58971048990882,52.65890062120228],[-119.61605919731986,52.6842468261719],[-119.61757761637367,52.703549533420166],[-119.67916666666665,52.704166666666694],[-119.72020060221352,52.7426456027561],[-119.72870483398435,52.772925482855925],[-119.7208333333333,52.79166666666669],[-119.68945617675779,52.783900621202285],[-119.63010389539929,52.808900621202284],[-119.6112850613064,52.79526604546444],[-119.5629691229926,52.80061747233076],[-119.54900037977428,52.78271586100263],[-119.46456943088106,52.78681945800784],[-119.43959723578557,52.76318054199221],[-119.3331100463867,52.77159695095489],[-119.3333333333333,52.78750000000002],[-119.28924221462671,52.771186659071205],[-119.2708333333333,52.77916666666669],[-119.26585964626733,52.79929436577694],[-119.19367319742835,52.80478413899742],[-119.18240695529511,52.82407362196183],[-119.13703070746524,52.84645080566409],[-119.10786404079859,52.841049194335966],[-118.9759372287326,52.88806728786895],[-118.95099589029945,52.886887274848114],[-118.94081590440535,52.867517428927975],[-118.92172071668834,52.861791653103325],[-118.90416666666664,52.81666666666669],[-118.86595831976993,52.78838738335506],[-118.74999999999997,52.74166666666669],[-118.74941101074215,52.70925157335072],[-118.72499999999997,52.68750000000002],[-118.70087551540796,52.70441691080732],[-118.68546820746525,52.67564290364586],[-118.6333333333333,52.670833333333356],[-118.50501742892791,52.68664923773874],[-118.49109937879771,52.667654758029535],[-118.49648810492619,52.642639499240474],[-118.52943115234372,52.623862711588565],[-118.52499999999996,52.60416666666669],[-118.53749999999997,52.59583333333336],[-118.51492445203989,52.558686659071206],[-118.43006625705291,52.56183878580732],[-118.41751675075952,52.54109937879777],[-118.38945617675778,52.54526604546443],[-118.33749999999996,52.508333333333354],[-118.31028951009111,52.50890062120228],[-118.28090888129337,52.52881334092884],[-118.23971048990882,52.492233954535614],[-118.20113728841142,52.487764485677104],[-118.19556884765622,52.47613728841148],[-118.25448337131073,52.442817179362],[-118.2212951660156,52.38540785047745],[-118.22916666666663,52.37500000000002],[-118.2149244520399,52.367019992404536],[-118.1465196397569,52.392721218533005],[-118.13835008409285,52.40890062120228],[-118.04999999999998,52.40416666666669],[-118.03688235812714,52.433802625868076],[-118.04921858045788,52.453476969401066],[-118.01648796929251,52.459575737847246],[-118.02499999999998,52.47083333333335],[-117.99315117730032,52.50003289116756],[-117.95659111870657,52.458686659071205],[-117.91075778537324,52.4336866590712],[-117.85587955050995,52.412146674262175],[-117.76249999999997,52.41250000000002],[-117.71732788085936,52.386600409613735],[-117.71323547363279,52.35923292371964],[-117.73664906819658,52.34498257107207],[-117.74654184977211,52.32172071668839],[-117.77721048990882,52.316099378797766],[-117.84069892035588,52.2746039496528],[-117.8170199924045,52.24409111870662],[-117.81666666666665,52.21666666666669],[-117.70624118381073,52.18796183268231],[-117.64256625705292,52.203505452473976],[-117.62026604546439,52.147789510091165],[-117.60242445203991,52.1336866590712],[-117.53528951009112,52.13806728786894],[-117.51156277126734,52.15473395453561],[-117.48971048990883,52.14223395453561],[-117.42842000325518,52.146400621202275],[-117.35758666992184,52.13276604546443],[-117.32172885470918,52.159010484483524],[-117.31666666666663,52.18750000000002],[-117.31631283230249,52.16838073730471],[-117.29104902479381,52.14250488281252],[-117.29831136067706,52.06639336480037],[-117.26330702039928,52.05762769911026],[-117.24382680257159,52.033950805664084],[-117.21744961208765,52.03265550401478],[-117.23395097520614,52.01113213433162],[-117.1899244520399,51.975353325737885],[-117.14757554796005,51.97464667426219],[-117.0708333333333,51.9416666666667],[-117.0244703504774,51.88862169053823],[-117.03242119683156,51.8590998331706],[-116.97962849934893,51.835407850477466],[-116.98685641818574,51.80923750135637],[-116.96193271213104,51.788437228732676],[-116.96973639594181,51.75881991916236],[-116.9149244520399,51.71285332573788],[-116.81249999999997,51.7041666666667],[-116.79947747124562,51.71970418294274],[-116.81190151638452,51.73025054931644],[-116.80703226725257,51.749942525227894],[-116.75483466254337,51.78955688476566],[-116.7534254286024,51.8159840901693],[-116.69166666666663,51.8166666666667],[-116.65872938368052,51.79903225368927],[-116.6408498128255,51.74230431450741],[-116.62299363878034,51.725617641872866],[-116.58817647298174,51.720022074381546],[-116.59073520236542,51.662779914008276],[-116.53006625705292,51.64100545247399],[-116.51604309082028,51.60924258761939],[-116.4708333333333,51.620833333333366],[-116.47047966851125,51.57254757351349],[-116.44409111870657,51.55451999240454],[-116.3910993787977,51.54461839463979],[-116.39999999999996,51.51250000000003],[-116.38201836480032,51.48740878634986],[-116.33774583604597,51.461844550238744],[-116.29101121690535,51.46163330078128],[-116.28749999999997,51.40833333333336],[-116.30760294596351,51.37589772542321],[-116.28276604546437,51.359079996744825],[-116.28749999999997,51.333333333333364],[-116.25637715657548,51.30473395453562],[-116.22177056206594,51.291099378797774],[-116.1634141710069,51.29522925482859],[-116.15318044026691,51.26321716308597],[-116.05880245632594,51.25061764187286],[-116.03410085042316,51.21604902479387],[-116.00913323296439,51.22007971869577],[-116.00505405002168,51.18820851643883],[-116.02973395453557,51.167413330078155],[-116.00890062120223,51.15221048990888],[-116.00752376980249,51.125688001844644],[-115.96004316541881,51.11630859375003],[-115.95326097276474,51.10063781738284],[-115.92157999674477,51.0869327121311],[-115.86666666666665,51.0916666666667],[-115.8583333333333,51.079166666666694],[-115.7674133300781,51.07140062120229],[-115.7688771565755,51.04223395453562],[-115.71760389539928,51.01609937879777],[-115.69665357801647,51.02819654676652],[-115.67826097276473,51.00063781738284],[-115.64778951009112,50.99526604546443],[-115.60416666666664,50.95833333333336],[-115.60381215413409,50.918381415473114],[-115.56609937879772,50.89878506130645],[-115.64914906819659,50.87414923773874],[-115.64100545247393,50.84256625705298],[-115.62800343831378,50.83296746148006],[-115.60907999674477,50.846400621202285],[-115.57173716227211,50.84518873426652],[-115.54804382324217,50.79640062120228],[-115.52598809136282,50.782766045464435],[-115.50067715115014,50.786604478624156],[-115.4826721191406,50.755066257052974],[-115.4301571316189,50.753547498914955],[-115.41186235215926,50.71340569390193],[-115.30833333333331,50.72083333333336],[-115.27859937879772,50.65074666341148],[-115.30855797661673,50.632011583116345],[-115.27721048990882,50.60056728786895],[-115.2425860934787,50.590962388780405],[-115.22850545247393,50.54673292371964],[-115.18749999999997,50.53333333333336],[-115.19193132188582,50.55302937825523],[-115.16887715657549,50.570266045464436],[-115.103229437934,50.566099378797766],[-115.07425333658851,50.588067287868945],[-115.0520819769965,50.57128126356339],[-115.02671169704858,50.591308932834224],[-114.92499999999997,50.46250000000002],[-114.89914923773868,50.43835076226131],[-114.87587958441837,50.436761135525195],[-114.85762905544702,50.39675292968752],[-114.83017272949216,50.391048177083356],[-114.81041666666664,50.358801947699675],[-114.77499999999996,50.36250000000002],[-114.77118937174475,50.34754536946617],[-114.79131334092878,50.326742214626755],[-114.77916666666664,50.30000000000002],[-114.75912746853295,50.29920586480037],[-114.75416666666663,50.27500000000002],[-114.77140062120222,50.24925333658856],[-114.72458733452687,50.184508599175366],[-114.73242187499997,50.117187839084224],[-114.69910990397132,50.075274997287345],[-114.66742892795136,50.06594204372832],[-114.65416666666664,49.966666666666704],[-114.68671908908416,49.96598883734813],[-114.69230957031246,49.888550313313836],[-114.68018086751299,49.88670213487416],[-114.6410993787977,49.82593722873267],[-114.63693271213104,49.78824666341149],[-114.6505672878689,49.76324666341149],[-114.63811747233069,49.71033986409508],[-114.65532531738278,49.679280598958364],[-114.67145080566402,49.67400037977434],[-114.65914815266923,49.65471649169925],[-114.7458333333333,49.620833333333366],[-114.73267211914059,49.580066257052984],[-114.69374728732636,49.546284993489614],[-114.65491333007809,49.563067287868954],[-114.63015475802948,49.54943271213111],[-114.5899244520399,49.56631334092885],[-114.57499999999996,49.558333333333366],[-114.57130194769962,49.5354166666667],[-114.59524943033851,49.5074139065213],[-114.60416666666663,49.454166666666694],[-114.59548000759546,49.401742214626765],[-114.5645833333333,49.37556152343753],[-114.53950636121958,49.37854902479387],[-114.52419060601125,49.35902133517798],[-114.49259304470483,49.3532402886285],[-114.47916666666663,49.329166666666694],[-114.49223395453555,49.31961839463979],[-114.45487501356334,49.299112616645],[-114.44375474717879,49.262965053982235],[-114.38693271213104,49.25295172797312],[-114.39939236111108,49.24075334337026],[-114.39387715657548,49.20890062120228],[-114.3458333333333,49.19166666666669],[-114.31862284342445,49.199432712131106],[-114.28427056206594,49.17859937879777],[-114.22653028700083,49.19162648518883],[-114.21576707628034,49.175661214192736],[-114.15833333333332,49.15000000000003],[-114.16701999240449,49.13504909939239],[-114.14964667426213,49.11421610514326],[-114.15381096733938,49.09754808213978],[-114.05771569146049,49.044465467664956],[-114.0702660454644,48.997789510091174],[-114.05319892035588,48.96706271701392],[-114.03749999999998,48.96250000000003],[-114.04610137939451,48.93413357204864],[-114.01732211642793,48.92295566134985],[-114.0125534057617,48.909594048394126],[-114.04166666666663,48.887500000000024],[-113.98796183268227,48.847907850477455],[-114.00416666666665,48.83333333333336],[-113.95416666666665,48.81666666666669],[-113.90758666992186,48.846400621202285],[-113.87398834228513,48.8369327121311],[-113.84999999999998,48.85833333333336],[-113.8142155965169,48.84131334092884],[-113.78410474989147,48.8450619167752],[-113.78253445095484,48.82966817220055],[-113.76249999999997,48.81666666666669],[-113.77048000759547,48.7850755479601],[-113.71342637803816,48.740740288628494],[-113.70416666666664,48.71666666666669],[-113.71335093180336,48.69668409559464],[-113.7380672878689,48.69429796006947],[-113.72859937879772,48.67574666341148],[-113.74522586398652,48.65741984049482],[-113.74999999999997,48.62083333333336],[-113.74081573486326,48.60918409559464],[-113.66666666666664,48.58333333333336],[-113.64166666666664,48.60000000000002],[-113.60588344997828,48.578813340928846],[-113.54340888129337,48.58298000759551],[-113.51666666666664,48.575000000000024],[-113.51179148356117,48.559220716688394],[-113.47142232259112,48.54908175998266],[-113.4666803995768,48.477082655164956],[-113.47916666666664,48.450000000000024],[-113.42254316541882,48.43297526041669],[-113.41249999999998,48.416666666666686],[-113.35416666666664,48.425000000000026],[-113.3333333333333,48.387500000000024],[-113.36666666666665,48.358333333333356],[-113.34919738769528,48.29656846788197],[-113.29616444905596,48.28247172037763],[-113.29166666666664,48.26666666666669],[-113.22956254747176,48.236532253689255],[-113.23785332573782,48.210786946614604],[-113.22827928331161,48.17154168023006],[-113.20624118381073,48.16296183268231],[-113.18824666341143,48.175567287868944],[-113.13424241807722,48.153543090820335],[-113.1333333333333,48.13750000000002],[-113.08434482150605,48.13811238606773],[-113.06749403211802,48.153351508246544],[-113.04999999999997,48.12083333333335],[-113.0274244520399,48.13714667426219],[-112.99704589843748,48.133407931857676],[-112.98805677625865,48.118756612141965],[-112.99490186903209,48.09611324734161],[-112.97836405436195,48.075735134548644],[-112.93688252766924,48.05880245632599],[-112.95247802734372,48.03722686767582],[-112.9092119004991,48.03267873128259],[-112.87863701714407,47.980249701605935],[-112.91862284342444,47.946400621202294],[-112.98427056206594,47.95056728786896],[-113.09130859374997,47.91079016791453],[-113.0909986707899,47.89247911241323],[-113.07094726562497,47.88634117974179],[-113.06188252766924,47.86713578965932],[-113.06727193196612,47.78026038275828],[-113.08244696723088,47.7700607299805],[-113.08525187174476,47.74636281331384],[-113.14166666666664,47.745833333333366],[-113.16723395453556,47.72795172797312],[-113.16184404161238,47.69262644449873],[-113.1333333333333,47.65833333333337],[-113.14936150444876,47.596807691786054],[-113.11609937879771,47.56765475802955],[-113.12443271213105,47.52695617675784],[-113.11249999999997,47.491666666666696],[-113.0208333333333,47.48750000000003],[-112.97836405436195,47.421568467881976],[-112.91604919433591,47.37990332709421],[-112.93333333333331,47.3416666666667],[-112.87916666666663,47.329166666666694],[-112.8583333333333,47.308333333333366],[-112.8333333333333,47.31250000000003],[-112.79241333007809,47.291099378797774],[-112.73017374674475,47.28690066867407],[-112.7256439208984,47.26340399848093],[-112.74498257107201,47.249149068196644],[-112.74166666666663,47.237500000000026],[-112.60493333604597,47.224088033040395],[-112.59502393934459,47.188188001844644],[-112.57164272732201,47.18681199815541],[-112.55073682996958,47.166049024793864],[-112.47916666666663,47.175000000000026],[-112.44166666666663,47.16250000000003],[-112.42011617024735,47.1093197292752],[-112.39663323296438,47.103431193033884],[-112.37835727267792,47.07568800184465],[-112.32570834689666,47.05744594997832],[-112.31249999999997,47.02083333333336],[-112.36025187174475,46.97136298285593],[-112.41041666666663,46.95039605034725],[-112.4363627115885,46.95859781901044],[-112.45926649305552,46.92986924913197],[-112.49166666666663,46.91666666666669],[-112.50036587185326,46.88449639214412],[-112.46335076226126,46.85918409559464],[-112.51666666666664,46.83333333333336],[-112.52563781738277,46.77590569390193],[-112.53749999999997,46.77083333333336],[-112.51311747233069,46.74799363878041],[-112.51666666666664,46.737500000000026],[-112.46909111870656,46.72118665907121],[-112.38407999674476,46.716099378797765],[-112.34166666666663,46.733333333333356],[-112.3217329237196,46.72433878580732],[-112.31249999999997,46.695833333333354],[-112.32443271213104,46.67278951009117],[-112.29640062120222,46.61887715657554],[-112.3128533257378,46.58088311089412],[-112.29109937879771,46.53015475802954],[-112.30786471896698,46.50625000000002],[-112.30473395453555,46.464456176757835],[-112.3208333333333,46.43333333333336],[-112.31341959635414,46.417249552408876],[-112.35195617675778,46.38390062120228],[-112.41157090928816,46.38263041178388],[-112.42499999999997,46.354166666666686],[-112.44940151638451,46.34908447265627],[-112.44999999999996,46.32916666666669],[-112.4767422146267,46.34131334092884],[-112.53159111870656,46.33298000759551],[-112.5708333333333,46.30416666666669],[-112.55463528103296,46.27291666666669],[-112.59166666666664,46.233333333333356],[-112.57443271213104,46.21961839463978],[-112.57499999999996,46.17916666666669],[-112.5083333333333,46.18333333333335],[-112.52081943088105,46.13958401150175],[-112.49999999999997,46.10833333333337],[-112.4708333333333,46.10000000000004],[-112.46193271213104,46.07593722873268],[-112.47453138563364,46.05208333333337],[-112.4333333333333,46.0166666666667],[-112.43714667426212,45.943408881293436],[-112.40416666666663,45.88333333333337],[-112.45322129991317,45.84522349039717],[-112.44999999999996,45.8166666666667],[-112.47608303493921,45.811970520019564],[-112.4992275661892,45.8241136338976],[-112.5083333333333,45.7916666666667],[-112.52304382324215,45.792233954535625],[-112.58749999999996,45.833333333333364],[-112.6083333333333,45.900000000000034],[-112.68824666341142,45.87859937879778],[-112.75345831976993,45.90505405002173],[-112.7583333333333,45.92500000000002],[-112.79461839463973,45.920266045464444],[-112.80612284342445,45.93276604546445],[-112.8895833333333,45.93703121609161],[-112.90659111870657,45.92118665907122],[-112.93714667426212,45.9600755479601],[-112.92556728786889,46.00637715657555],[-112.95354309082028,46.01340925428606],[-112.95416666666664,46.02500000000002],[-112.9895833333333,46.017135450575125],[-113.02695617675778,46.03693271213111],[-113.15416666666664,46.066666666666684],[-113.21007554796005,46.04618665907122],[-113.27916666666664,46.05833333333335],[-113.28425309922957,46.03808288574222],[-113.33090888129338,46.004519992404546],[-113.3520840115017,46.01248609754778],[-113.36041700575085,46.00417955186636],[-113.3770823160807,46.020819769965314],[-113.41706254747176,45.988467746310796],[-113.46179148356117,45.982445949978334],[-113.45878380669485,45.960412767198385],[-113.47499999999998,45.937500000000036],[-113.5049133300781,45.95056728786896],[-113.52414906819659,45.92831573486332],[-113.53945617675778,45.87556728786896],[-113.58554382324216,45.87026604546444],[-113.59232788085934,45.85089959038632],[-113.62674221462672,45.83785332573788],[-113.70074666341144,45.84223395453562],[-113.79166666666664,45.78750000000003],[-113.78749999999998,45.7791666666667],[-113.81874999999998,45.75046878390845],[-113.84409111870657,45.754519992404546],[-113.87083333333331,45.7791666666667],[-113.91315544976126,45.75024583604604],[-113.90392252604164,45.70083448621965],[-113.93333333333331,45.69583333333337],[-113.93276604546439,45.68528951009118],[-113.89526604546438,45.648785061306455],[-113.89999999999998,45.620833333333366],[-113.85100148518877,45.62439405653215],[-113.80416666666665,45.6041666666667],[-113.79526604546439,45.584079996744826],[-113.82499999999997,45.525000000000034],[-113.76732788085936,45.51993374294708],[-113.75833333333331,45.48333333333336],[-113.77499999999998,45.43750000000003],[-113.75806867811413,45.42613711886939],[-113.77499999999998,45.40833333333336],[-113.73276604546439,45.392413330078156],[-113.73685557047524,45.325903828938834],[-113.6788133409288,45.28088260226782],[-113.69166666666665,45.270833333333364],[-113.68749999999997,45.25000000000003],[-113.66666666666664,45.25000000000003],[-113.59109937879772,45.18017832438154],[-113.59095815022783,45.15505405002173],[-113.57083333333331,45.145833333333364],[-113.57422858344181,45.12577141655819],[-113.55416666666665,45.112500000000026],[-113.51421288384329,45.11631164550784],[-113.51630774603947,45.089208645290825],[-113.45473395453557,45.05637715657555],[-113.44166666666663,45.00833333333336],[-113.4464660644531,44.95931226942277],[-113.49166666666665,44.929166666666696],[-113.4583333333333,44.866666666666696],[-113.42499999999997,44.85416666666669],[-113.4208333333333,44.84166666666669],[-113.37499999999997,44.83750000000003],[-113.35073513454859,44.82003072102867],[-113.33992445203991,44.78368665907121],[-113.25587955050996,44.82118665907121],[-113.13393181694876,44.77408447265628],[-113.1333333333333,44.75416666666669],[-113.1006174723307,44.72299363878041],[-113.09929640028209,44.7050001356337],[-113.0506174723307,44.63966030544707],[-113.07916666666664,44.60000000000002],[-113.03723551432289,44.565529378255235],[-113.04509446885848,44.54254625108509],[-113.00899454752602,44.52826707628041],[-113.02499999999998,44.49583333333336],[-113.00798000759545,44.460075547960095],[-112.94911261664494,44.41737501356339],[-112.88767734103729,44.40291680230037],[-112.8833333333333,44.383333333333354],[-112.8524244520399,44.3586866590712],[-112.81249999999997,44.37916666666669],[-112.83390062120222,44.42574666341148],[-112.82410040961368,44.45350545247398],[-112.78237338595918,44.48267754448787],[-112.70590888129337,44.50381334092884],[-112.6583333333333,44.483333333333356],[-112.64657999674476,44.492233954535614],[-112.5384141710069,44.48272942437068],[-112.50207451714407,44.46296183268231],[-112.46445617675778,44.47859937879777],[-112.4333333333333,44.45416666666669],[-112.3833333333333,44.450000000000024],[-112.36723395453555,44.4686228434245],[-112.35742153591576,44.53688591851131],[-112.31755405002167,44.542375013563394],[-112.29493374294701,44.57017211914065],[-112.22996927897132,44.56593153211808],[-112.21049363878035,44.54228413899742],[-112.16249999999997,44.545833333333356],[-112.11308085123696,44.52450256347659],[-112.03575778537325,44.541313340928845],[-111.9799133300781,44.532766045464435],[-111.93407999674477,44.558900621202284],[-111.86249999999998,44.56250000000002],[-111.82083333333331,44.512500000000024],[-111.72278951009112,44.54223395453561],[-111.70833333333331,44.55833333333336],[-111.61458265516491,44.545847235785615],[-111.5892164442274,44.56701999240454],[-111.54757554796004,44.55798000759551],[-111.52499999999998,44.53333333333336],[-111.46744554307723,44.542364501953145],[-111.46666666666664,44.55416666666669]],[[-123.34465840657549,45.41208869086375],[-123.34109937879772,45.41545172797312],[-123.3458333333333,45.4166666666667],[-123.34465840657549,45.41208869086375]]]}},{"type":"Feature","properties":{"id":"nelson","group":"nelson","name":"\u30cd\u30eb\u30bd\u30f3\u5ddd\u6c34\u7cfb","outletHydrobasinId":7040022240,"sourceIds":[7040022240,7040192420,7040192560,7040194860,7040194980,7040256540,7040256690,7040282770,7040282720]},"geometry":{"type":"MultiPolygon","coordinates":[[[[-95.26751759847002,47.42831573486331],[-95.24166666666665,47.395833333333364],[-95.25769568549259,47.39076097276479],[-95.25897098117402,47.37173902723527],[-95.31986829969615,47.35334506564673],[-95.29640062120222,47.31887715657555],[-95.29645250108504,47.29265713161895],[-95.34109937879772,47.25221048990888],[-95.34229939778643,47.23431243896487],[-95.39461839463974,47.20776604546444],[-95.40932685004337,47.228528679741785],[-95.4708333333333,47.22500000000003],[-95.44923180474173,47.16347164577911],[-95.43271569146047,47.15696546766496],[-95.44645097520613,47.144833713107666],[-95.44964582655162,47.09754842122398],[-95.43749999999997,47.08750000000003],[-95.44929945203991,47.07400885687937],[-95.44521569146048,47.04953070746531],[-95.4744433932834,47.01458977593319],[-95.47997623019745,46.975688001844645],[-95.54092797173392,46.97412041558162],[-95.53693271213105,46.957345241970515],[-95.55359937879771,46.93554382324221],[-95.54469621446395,46.90390218098961],[-95.51249999999997,46.91250000000002],[-95.5116995917426,46.925268215603325],[-95.41249999999998,46.87500000000003],[-95.46190321180553,46.83124796549482],[-95.44102393256291,46.80032179090714],[-95.44935726589624,46.77286512586808],[-95.42852393256291,46.73782179090714],[-95.45787150065101,46.68540785047745],[-95.3333333333333,46.633333333333354],[-95.32889929877385,46.621781751844644],[-95.34923180474172,46.61569485134551],[-95.35094858805336,46.60389912923179],[-95.38395097520613,46.59900037977433],[-95.37438235812715,46.59446546766495],[-95.37881334092879,46.54340888129342],[-95.36666666666665,46.52083333333336],[-95.38826870388452,46.467386881510436],[-95.41713578965926,46.47978413899742],[-95.47299346923826,46.46604919433596],[-95.49374966091577,46.43334757486981],[-95.56075778537324,46.42881334092884],[-95.5633346557617,46.40068834092884],[-95.61581573486326,46.374149237738735],[-95.61693132188583,46.33447062174481],[-95.6049133300781,46.32859937879776],[-95.53945617675778,46.333900621202275],[-95.51054382324216,46.3619327121311],[-95.49166666666665,46.36250000000002],[-95.48666415744356,46.33826463487415],[-95.47160474989147,46.33672858344186],[-95.45769059922958,46.30904710557728],[-95.46162177191837,46.27998521592884],[-95.42560611300996,46.27291666666669],[-95.44943271213106,46.248043823242206],[-95.44526604546438,46.21987372504342],[-95.50507592095266,46.17979024251304],[-95.55295172797307,46.179733954535614],[-95.54235873752168,46.14676310221356],[-95.57350429958765,46.13748677571617],[-95.57916666666664,46.12083333333335],[-95.63749999999997,46.11666666666669],[-95.65748240152992,46.12585076226131],[-95.66251356336804,46.17708435058596],[-95.68504621717662,46.19964226616756],[-95.7362850613064,46.18276604546443],[-95.73276604546439,46.205103895399326],[-95.76184404161239,46.22595994737415],[-95.75833333333331,46.27083333333336],[-95.92499999999998,46.27916666666669],[-95.92952084011499,46.24754672580297],[-95.94166666666665,46.24166666666669],[-95.97299346923826,46.24228413899742],[-96.01545410156248,46.266741265190994],[-96.04166666666663,46.23750000000002],[-96.02889862060545,46.23669976128474],[-96.02112782796222,46.200993855794295],[-96.04109937879772,46.1686228434245],[-96.0299133300781,46.153599378797765],[-96.00823737250431,46.15697869194881],[-96.01185557047523,46.134237331814255],[-95.98971048990883,46.10473395453561],[-95.9466842651367,46.0908159044054],[-95.94166666666663,46.0166666666667],[-95.90354902479382,45.95046912299266],[-95.93749999999996,45.933333333333366],[-95.90359937879772,45.91545172797312],[-95.92420671251082,45.899280463324686],[-95.91983133951821,45.85390370686852],[-95.90616065131292,45.85772823757599],[-95.88803337944876,45.839590623643694],[-95.92831573486326,45.80331573486332],[-95.9257648044162,45.775835842556454],[-95.94230940077037,45.76698845757382],[-95.93646986219616,45.750744967990485],[-95.92151896158852,45.74921993679474],[-95.92499999999998,45.69583333333337],[-95.97257554796005,45.67535332573788],[-96.01838107638886,45.67951999240454],[-96.026714070638,45.63785366482208],[-96.09387715657549,45.63276604546444],[-96.12974955240881,45.5884197658963],[-96.17411261664493,45.582624816894565],[-96.16613701714407,45.5469163682726],[-96.18244696723086,45.52422739664716],[-96.17537977430553,45.5104166666667],[-96.18863728841143,45.478902011447516],[-96.20907999674475,45.474432712131104],[-96.25416666666663,45.5041666666667],[-96.32990349663625,45.49521569146054],[-96.34213595920136,45.50478430853953],[-96.36713595920135,45.49104902479387],[-96.38958333333329,45.503605143229194],[-96.4075307210286,45.49926486545142],[-96.41754964192705,45.47981194390194],[-96.46882697211367,45.478549024793864],[-96.5083333333333,45.454166666666694],[-96.55416666666663,45.45000000000003],[-96.56249999999997,45.4666666666667],[-96.54938252766924,45.48406999376088],[-96.57561747233069,45.51713578965932],[-96.55409206814232,45.56128743489587],[-96.57861124674476,45.597908189561664],[-96.57499999999996,45.616666666666696],[-96.60711839463973,45.629733954535624],[-96.61761779785152,45.60483279758033],[-96.63015475802948,45.603599378797774],[-96.68628506130639,45.625567287868954],[-96.69649454752602,45.60923292371965],[-96.71471048990882,45.60890062120229],[-96.73824666341143,45.63390062120229],[-96.79241333007809,45.63806728786896],[-96.83424140082462,45.6006274753147],[-96.85501675075952,45.599432712131104],[-96.87122938368053,45.65319892035593],[-96.92422858344182,45.66743808322486],[-96.9395317925347,45.69102393256296],[-96.98648579915361,45.7007978651259],[-97.00798000759545,45.74340888129343],[-97.01701999240449,45.8107577853733],[-97.04499070909286,45.84617818196618],[-97.02978413899737,45.872839864095084],[-97.02928059895831,45.90717451307512],[-97.057526312934,45.913205634223125],[-97.06296929253469,45.92561764187286],[-97.09804382324216,45.917233954535625],[-97.13259446885847,45.94671308729387],[-97.12859937879772,45.963246663411496],[-97.14166666666664,45.97500000000004],[-97.1583333333333,45.97083333333335],[-97.1909481472439,45.899369812011756],[-97.22844356960718,45.903386264377204],[-97.2298911200629,45.88409542507599],[-97.24457143147784,45.89179992675785],[-97.2612380981445,45.87486673990889],[-97.26987559000648,45.882430521647166],[-97.28015967475041,45.86328311496314],[-97.3229809231228,45.84520314534509],[-97.34999999999997,45.820833333333354],[-97.35416666666664,45.7791666666667],[-97.3645833333333,45.77546878390845],[-97.42695617675778,45.79943271213111],[-97.44999999999997,45.79583333333337],[-97.45416666666664,45.80833333333335],[-97.49792514377168,45.788055250379806],[-97.52400037977428,45.795215691460534],[-97.52579989963105,45.80757971869578],[-97.56041666666664,45.8047281901042],[-97.63533986409503,45.84104902479387],[-97.6563771565755,45.84109937879778],[-97.69778951009113,45.80890062120229],[-97.73235321044919,45.804813469780846],[-97.74946119520396,45.83125000000003],[-97.74651184082029,45.869862026638486],[-97.81188184950085,45.90934533013241],[-97.8130672878689,45.93137715657556],[-97.83259463840058,45.955046420627205],[-97.82859937879772,45.97378506130646],[-97.88380245632594,45.971450975206196],[-97.90463578965927,45.95354902479387],[-97.93233371310761,45.957715691460535],[-97.93414187961152,45.97013905843102],[-97.96998240152993,45.96751742892797],[-97.95798000759547,46.0058797200521],[-97.96631334092879,46.04825778537328],[-97.875446234809,46.13958401150175],[-97.92278951009112,46.17443271213109],[-97.96458333333331,46.15880194769967],[-98.03211839463974,46.171400621202274],[-98.04583333333329,46.15833333333335],[-98.05776604546439,46.176956176757834],[-98.05890062120224,46.235964626736134],[-98.01756625705293,46.23816121419273],[-98.00890062120223,46.25195617675784],[-98.01706254747177,46.278198920355926],[-98.04208848741317,46.28860032823353],[-98.01214667426213,46.38921576605905],[-98.02915208604598,46.44375000000002],[-98.02499999999998,46.46250000000002],[-97.99166666666665,46.49166666666669],[-97.98677741156682,46.53257446289065],[-97.96642252604164,46.53416781955298],[-98.00835893419051,46.5804884168837],[-97.97631479899087,46.60407545301652],[-97.97083333333332,46.65000000000003],[-98.0438771565755,46.66306728786895],[-98.08899570041231,46.68748677571617],[-98.16343722873262,46.6744327121311],[-98.18644561767576,46.6923529730903],[-98.17916666666665,46.71250000000003],[-98.19878506130638,46.717233954535615],[-98.21760389539926,46.70359937879777],[-98.27021416558156,46.72182379828561],[-98.2660993787977,46.77991333007815],[-98.29995964897999,46.80986362033423],[-98.29140218098955,46.82386271158857],[-98.32048000759545,46.8475755479601],[-98.33818800184459,46.90335727267798],[-98.38329942491316,46.92219441731773],[-98.3798645019531,46.94922112358944],[-98.43824666341142,46.95776604546444],[-98.46593119303382,46.97996656629777],[-98.47951999240448,47.035046386718776],[-98.45908237033417,47.115958319769994],[-98.48672214084198,47.117373657226594],[-98.49786512586802,47.13685709635419],[-98.52825113932289,47.124357096354196],[-98.52993808322479,47.140895250108535],[-98.59506869845917,47.15916917588979],[-98.59660474989145,47.17422858344187],[-98.62996656629771,47.203413052029106],[-98.68132697211368,47.20478430853952],[-98.70061747233069,47.22779880099829],[-98.68749999999997,47.26250000000003],[-98.73749999999997,47.266666666666694],[-98.73368665907115,47.30659111870663],[-98.76631334092879,47.33090888129343],[-98.75748257107202,47.42414906819664],[-98.68693271213104,47.47574666341149],[-98.68422071668833,47.49512481689456],[-98.70776604546438,47.51445617675785],[-98.71214667426212,47.53575778537329],[-98.6892167833116,47.562853325737876],[-98.6458333333333,47.558333333333366],[-98.6464409722222,47.57408667670359],[-98.7208333333333,47.63333333333337],[-98.7823337131076,47.645215691460535],[-98.80831298828122,47.69433000352651],[-98.83643798828122,47.686894904242656],[-98.83321261935761,47.702972751193606],[-98.87164950900605,47.70356157090932],[-98.90199381510413,47.73272823757599],[-98.95749579535587,47.74650488959422],[-98.96685011121959,47.79055752224396],[-99.01887715657548,47.79640062120229],[-99.0333333333333,47.8166666666667],[-99.07499999999997,47.808333333333366],[-99.10174221462671,47.76285332573788],[-99.16666666666664,47.7791666666667],[-99.21874999999997,47.762968783908455],[-99.26054382324216,47.77140062120229],[-99.36458367241751,47.82915242513024],[-99.37083333333331,47.80000000000003],[-99.50329996744789,47.78684455023875],[-99.517413160536,47.824258761935795],[-99.5458333333333,47.833333333333364],[-99.56770155164928,47.80058644612634],[-99.6200978597005,47.79503343370229],[-99.62958170572914,47.77180345323354],[-99.59618665907115,47.7482577853733],[-99.60090416802298,47.73814358181427],[-99.66550343831378,47.76286587185333],[-99.69732903374563,47.73751322428389],[-99.76445617675779,47.766099378797776],[-99.84855194091794,47.763142734103766],[-99.85352393256291,47.732619391547345],[-99.88256191677515,47.71589525010854],[-99.90493486192489,47.675971645779114],[-99.9574523925781,47.66601206461592],[-99.97438235812714,47.647993469238315],[-100.00532548692489,47.5751139322917],[-100.0583333333333,47.525000000000034],[-100.04999999999997,47.5041666666667],[-100.1119218614366,47.48655293782555],[-100.12140062120221,47.45954827202694],[-100.10451999240448,47.443408881293436],[-100.13117302788625,47.408950975206196],[-100.16713595920135,47.40354902479387],[-100.23669738769527,47.421568467881976],[-100.25416666666663,47.47083333333337],[-100.29799363878034,47.46311764187286],[-100.30916815863712,47.48264177110463],[-100.36740349663626,47.46604902479387],[-100.38950636121959,47.486882358127204],[-100.45738491482201,47.47056596544057],[-100.45912068684892,47.482494099934925],[-100.49918484157983,47.47981635199656],[-100.50351392957896,47.53663397894968],[-100.48749999999997,47.54583333333336],[-100.50918409559458,47.59081573486331],[-100.55098809136281,47.58276604546444],[-100.57916666666664,47.60000000000003],[-100.57443271213104,47.62304382324222],[-100.54943271213104,47.646579996744826],[-100.56710849338104,47.68104197184248],[-100.54212849934892,47.70625881618927],[-100.55487501356333,47.732445949978334],[-100.6299133300781,47.75890062120229],[-100.64241333007809,47.75359937879777],[-100.67257554796004,47.77881334092885],[-100.7083333333333,47.75833333333337],[-100.73945617675778,47.78693271213111],[-100.77499999999996,47.78333333333337],[-100.81333414713538,47.8368072509766],[-100.85753919813365,47.828372531467046],[-100.86296929253469,47.81604902479387],[-100.8895833333333,47.825561523437536],[-100.92499999999997,47.8541666666667],[-100.96471048990882,47.854733954535625],[-100.97144741482202,47.8865883721246],[-100.98945617675778,47.895266045464446],[-101.09052937825518,47.883068678114185],[-101.09732903374564,47.89582010904951],[-101.16600545247393,47.86160040961375],[-101.19657999674476,47.82443271213111],[-101.21347910563148,47.84103393554691],[-101.29513905843096,47.850808546278245],[-101.29222327338321,47.87708994547529],[-101.30552775065101,47.89579942491323],[-101.34494594997827,47.89654184977217],[-101.34653354220917,47.920072767469655],[-101.37424129909937,47.926052347819045],[-101.37854207356769,47.943754916720955],[-101.36601121690535,47.96101091172964],[-101.43235032823348,47.95098300509986],[-101.4460979885525,47.99886288113068],[-101.42996927897133,48.00490180121531],[-101.42021569146047,48.03650037977434],[-101.4336007012261,48.03844858805342],[-101.43404184977211,48.06577928331167],[-101.51767832438148,48.05776604546445],[-101.55101386176213,48.0910569932726],[-101.6083333333333,48.1041666666667],[-101.60501759847003,48.1533159044054],[-101.62916666666663,48.17916666666669],[-101.70612284342445,48.2369327121311],[-101.74900037977429,48.236882527669295],[-101.7645065307617,48.25771586100262],[-101.79166666666664,48.262500000000024],[-101.79999999999998,48.30000000000002],[-101.84131215413409,48.31004672580297],[-101.85035332573783,48.33921576605905],[-101.84255405002168,48.353458319769985],[-101.87795172797307,48.3494327121311],[-101.8966842651367,48.38664923773874],[-101.94257236056855,48.41186218261721],[-101.98032989501951,48.42536587185332],[-101.99166666666663,48.41250000000002],[-102.01666666666662,48.420833333333356],[-102.01193271213106,48.44045172797311],[-102.02916666666664,48.487500000000026],[-102.06837955050996,48.50035332573787],[-102.11991763644747,48.49643181694881],[-102.12122938368051,48.51986558702259],[-102.1767422146267,48.55798000759551],[-102.20711839463972,48.5494327121311],[-102.24253167046437,48.62016771104603],[-102.27418755425343,48.62150132921009],[-102.29266425238711,48.640989515516516],[-102.34492763943139,48.632695515950545],[-102.36740180121524,48.58830261230471],[-102.3833333333333,48.58333333333336],[-102.38684455023868,48.62832946777346],[-102.42291564941402,48.61728786892363],[-102.4460791693793,48.633988783094644],[-102.4708333333333,48.62500000000002],[-102.48846435546872,48.67403564453127],[-102.53125033908417,48.68334757486981],[-102.6017422146267,48.74964667426218],[-102.61838107638886,48.74548000759551],[-102.7017422146267,48.77464667426218],[-102.82177395290796,48.77447035047746],[-102.90699089898,48.796362982855925],[-102.9395833333333,48.73751458062068],[-102.97408650716143,48.73810763888891],[-103.00092909071178,48.78263041178388],[-103.02695617675778,48.79109937879777],[-103.08541666666663,48.77956271701392],[-103.10316738552514,48.7879821777344],[-103.14999999999998,48.77500000000003],[-103.16756625705293,48.74649454752607],[-103.24092797173391,48.72412041558162],[-103.24166666666665,48.68333333333336],[-103.26007554796004,48.6711866590712],[-103.31882680257159,48.66604919433596],[-103.32579413519963,48.650794135199675],[-103.3458333333333,48.64583333333336],[-103.39257083468965,48.67018975151912],[-103.45744594997828,48.667375013563394],[-103.45086585150823,48.69612562391495],[-103.46329447428383,48.69103630913631],[-103.48813018798826,48.729851955837695],[-103.45084398057723,48.76725090874569],[-103.44243147108287,48.803468831380236],[-103.47568545871309,48.79936964246964],[-103.5145065307617,48.841049194335966],[-103.62254892985024,48.853813340928845],[-103.67842000325518,48.88806728786895],[-103.71249999999998,48.866666666666696],[-103.73657362196178,48.880093044704886],[-103.75764957004121,48.9008490668403],[-103.74521569146047,48.953167046440996],[-103.77499999999998,48.96250000000003],[-103.77083333333331,48.99583333333336],[-103.81007554796004,49.02464667426218],[-103.84999999999998,49.02500000000003],[-103.8416798909505,49.03958333333336],[-103.86004723442923,49.07881130642364],[-103.90833333333332,49.0916666666667],[-103.92586669921873,49.053511216905406],[-103.96225416395397,49.05898878309465],[-103.99561360677082,49.042536417643255],[-104.02536587185328,49.09282972547746],[-104.01609937879772,49.135543823242216],[-104.00064442952471,49.15090399848093],[-104.00416666666665,49.179166666666696],[-104.02802954779729,49.17890201144751],[-104.04684855143228,49.20354868570966],[-104.08992445203991,49.20868665907121],[-104.0880672878689,49.25221048990888],[-104.12411261664495,49.27154184977216],[-104.13333333333331,49.300000000000026],[-104.19387715657548,49.313067287868954],[-104.28945617675778,49.35776604546444],[-104.4458333333333,49.366666666666696],[-104.45066121419268,49.38660040961375],[-104.52180243598087,49.440980190700984],[-104.5575035942925,49.4367838541667],[-104.55912068684893,49.41606157090932],[-104.58124999999997,49.42862786187069],[-104.67499999999997,49.38750000000003],[-104.69091016981334,49.39678751627607],[-104.69113701714406,49.42615271674265],[-104.71357896592879,49.44936794704864],[-104.72816738552514,49.45464867485897],[-104.78749999999997,49.433333333333366],[-104.7921963161892,49.45322587754994],[-104.77017788357202,49.48275180392798],[-104.76588711208764,49.51998087565107],[-104.74101121690535,49.526076083713136],[-104.7461015489366,49.54086625840932],[-104.7211259629991,49.54243181016713],[-104.70416666666664,49.5666666666667],[-104.70868665907115,49.58992445203996],[-104.72674221462671,49.60381334092885],[-104.76592000325518,49.59109937879777],[-104.79999999999997,49.59583333333337],[-104.79109937879771,49.62157999674482],[-104.80473395453556,49.64045172797312],[-104.77962646484372,49.66459469265411],[-104.79166666666663,49.6916666666667],[-104.77951999240449,49.70242445203996],[-104.8134117974175,49.74521908230255],[-104.89677056206594,49.74109937879778],[-104.92585076226125,49.76581573486332],[-104.95745781792532,49.77058308919274],[-104.9895826551649,49.81248626708988],[-105.00753309461803,49.8038986206055],[-105.01273769802515,49.83248969184031],[-105.07941250271264,49.82851121690541],[-105.10441250271265,49.83815544976132],[-105.13601108127168,49.82851121690541],[-105.13749999999997,49.86250000000003],[-105.21909111870657,49.85868665907121],[-105.23714667426212,49.87674221462677],[-105.24999999999997,49.92916666666669],[-105.44757554796004,49.85035332573788],[-105.50416666666663,49.86250000000003],[-105.53693271213105,49.90195617675785],[-105.53703121609155,49.93958333333337],[-105.52142384847002,49.955181037055155],[-105.51998240152992,49.98248257107207],[-105.47987518310545,50.00088738335505],[-105.45035332573782,50.06007554796009],[-105.46249999999998,50.09166666666668],[-105.6260340372721,50.057766045464426],[-105.67819892035588,50.09622938368057],[-105.70833333333331,50.191666666666684],[-105.73507554796005,50.20798000759551],[-105.76909111870657,50.2086866590712],[-105.80416666666665,50.24583333333335],[-105.8438771565755,50.25473395453561],[-105.88863711886934,50.28359781901044],[-105.91592000325518,50.27026604546443],[-105.96758321126298,50.28690456814238],[-106.04166666666663,50.28750000000002],[-106.02501390245222,50.32291734483509],[-106.03504876030811,50.33297966851131],[-106.14825778537323,50.320480007595506],[-106.19791666666663,50.30001458062068],[-106.2833333333333,50.34166666666669],[-106.2884599473741,50.403510877821205],[-106.35074666341143,50.425567287868944],[-106.40927056206594,50.41609937879777],[-106.4615322536892,50.44206271701391],[-106.4621419270833,50.469123670789955],[-106.43785909016924,50.48087531195749],[-106.44998609754771,50.51041598849829],[-106.43749999999997,50.53333333333336],[-106.51175333658851,50.49109937879776],[-106.56054382324216,50.49640062120228],[-106.61041598849823,50.5333194308811],[-106.6526709662543,50.51667989095054],[-106.68112284342445,50.54526604546443],[-106.70738491482201,50.53306579589846],[-106.70912746853296,50.5450391981337],[-106.73394911024302,50.55061747233075],[-106.74166666666663,50.53750000000002],[-106.77916666666664,50.53750000000002],[-106.76606174045136,50.56317545572919],[-106.78667026095917,50.57154947916669],[-106.77022840711803,50.61304050021704],[-106.7833333333333,50.62500000000002],[-106.8033525254991,50.624343193901936],[-106.80919596354164,50.60899013943145],[-106.93124999999996,50.60369805230037],[-106.94045172797306,50.591099378797765],[-106.96457180447045,50.61204020182294],[-107.02499999999998,50.60000000000002],[-107.1282792833116,50.62570834689672],[-107.14999999999998,50.641666666666694],[-107.1799133300781,50.628599378797766],[-107.18867509629989,50.64207933213978],[-107.2208333333333,50.62083333333336],[-107.2208333333333,50.608333333333356],[-107.2549133300781,50.5994327121311],[-107.29878506130639,50.613067287868944],[-107.30416666666665,50.59583333333336],[-107.29102393256291,50.59061618381079],[-107.29242858886715,50.57577243381079],[-107.3688771565755,50.561932712131096],[-107.38399454752602,50.52589959038631],[-107.51623874240448,50.56723429361981],[-107.53261176215275,50.565918646918426],[-107.53528951009112,50.529733954535615],[-107.64127078586152,50.524032253689256],[-107.6450966729058,50.50922580295141],[-107.62499999999997,50.479166666666686],[-107.57118665907116,50.473257785373285],[-107.58390062120223,50.4387149386936],[-107.50063476562498,50.40742696126304],[-107.50416666666663,50.387500000000024],[-107.47438235812714,50.30099962022572],[-107.57593722873261,50.2619327121311],[-107.59257592095267,50.282709757487],[-107.64999999999998,50.30000000000002],[-107.659135945638,50.26323513454863],[-107.68749999999997,50.25000000000002],[-107.66254492865666,50.232123819987],[-107.6493698120117,50.20068528917103],[-107.6591101752387,50.16325412326391],[-107.70416666666664,50.15000000000002],[-107.68693271213105,50.129913330078146],[-107.69583333333331,50.0416666666667],[-107.74757554796004,50.01701999240455],[-107.82083333333331,50.03333333333335],[-107.82916666666664,50.02083333333335],[-107.82083333333331,49.97500000000004],[-107.8979280259874,49.93379313151045],[-107.94074690077038,49.958916219075554],[-107.97499999999998,50.004166666666684],[-107.9666805691189,49.96458401150177],[-107.97499999999998,49.9291666666667],[-108.01249999999996,49.92500000000003],[-107.98298000759546,49.864216444227466],[-107.99166666666665,49.8416666666667],[-108.01740332709416,49.846450975206196],[-108.0395065307617,49.82561764187286],[-108.07363213433158,49.82021569146054],[-108.08473341200084,49.83743760850698],[-108.13650037977429,49.82854902479387],[-108.14783986409503,49.84521569146054],[-108.19630245632594,49.850617641872866],[-108.2208333333333,49.79583333333337],[-108.25912068684892,49.79106157090932],[-108.30338982476125,49.803381856282584],[-108.32022840711802,49.777172682020435],[-108.3208333333333,49.7416666666667],[-108.33971048990882,49.74109937879778],[-108.37443271213104,49.702210489908886],[-108.39651048448347,49.63016442192929],[-108.42145080566402,49.611500379774334],[-108.408258734809,49.54704589843753],[-108.42145080566402,49.53796912299265],[-108.4131174723307,49.50617319742842],[-108.43749999999997,49.48333333333336],[-108.43749999999997,49.462500000000034],[-108.48088243272566,49.47118665907121],[-108.56837972005205,49.462146674262186],[-108.57443271213104,49.47304382324222],[-108.5537692599826,49.50716213650177],[-108.5958333333333,49.520833333333364],[-108.60091959635413,49.54512905544708],[-108.64387715657548,49.55056728786896],[-108.69999999999997,49.583333333333364],[-108.76875033908416,49.55418090820316],[-108.79754299587671,49.60380859375003],[-108.84166666666664,49.620833333333366],[-108.83749999999996,49.6541666666667],[-108.88427056206594,49.64943271213111],[-108.93267211914059,49.67173292371965],[-108.93399454752601,49.686600409613746],[-108.95195617675778,49.69526604546444],[-109.01993374294702,49.70767211914066],[-108.91867302788626,49.746450975206194],[-108.90908847384979,49.754952155219215],[-108.9131174723307,49.79446546766496],[-108.87400037977427,49.8339509752062],[-108.84483405219181,49.82035132514109],[-108.81320834689667,49.83838738335507],[-108.80768737792965,49.86559668646922],[-108.74362284342445,49.87140062120229],[-108.7333333333333,49.9166666666667],[-108.70637715657548,49.93276604546445],[-108.64337531195743,49.92119225396054],[-108.6208333333333,49.96666666666668],[-108.58554382324215,49.942233954535624],[-108.55516967773434,49.94106258816193],[-108.54878506130639,49.92859937879778],[-108.52154168023,49.9342207166884],[-108.49999999999997,50.004166666666684],[-108.43852098253035,49.99227854410811],[-108.41600545247393,50.04076707628042],[-108.38866305881074,50.03713412814674],[-108.38266838921437,50.06164330376522],[-108.35416666666663,50.06250000000002],[-108.34914923773869,50.0783159044054],[-108.23863728841143,50.1002644856771],[-108.21363728841142,50.087235514322934],[-108.20637715657548,50.0994327121311],[-108.17499999999997,50.104166666666686],[-108.14387715657548,50.14109937879776],[-108.10833333333329,50.14166666666669],[-108.08672858344183,50.18256191677519],[-108.04291653103296,50.183348592122414],[-108.02499999999998,50.20416666666669],[-107.93749999999997,50.229166666666686],[-107.93780534532333,50.25738864474828],[-107.91344011094833,50.254957071940126],[-107.90893842909068,50.26449381510419],[-107.90338982476126,50.315881686740475],[-107.79166666666664,50.295833333333356],[-107.78276604546438,50.33628506130645],[-107.81139356825085,50.34970330132381],[-107.76713578965926,50.39228413899742],[-107.7333333333333,50.387500000000024],[-107.70496080186629,50.40912746853301],[-107.70085093180336,50.43248257107207],[-107.76343722873261,50.47140062120228],[-107.78125881618921,50.45879516601565],[-107.83407999674476,50.47973395453561],[-107.86249999999998,50.46666666666669],[-107.87842797173391,50.47587958441842],[-107.87499999999997,50.49166666666669],[-107.83507554796005,50.51285332573787],[-107.81248372395831,50.54741516113283],[-107.86424221462671,50.58298000759551],[-107.88333333333331,50.58333333333336],[-107.88849962022567,50.55771586100263],[-107.94999999999997,50.55416666666669],[-108.0583333333333,50.575000000000024],[-108.10377061631941,50.54903225368926],[-108.10922071668833,50.52154168023006],[-108.19340888129337,50.47951999240453],[-108.23504706488711,50.520479329427104],[-108.24999999999996,50.52083333333336],[-108.27499999999996,50.49583333333336],[-108.28429328070743,50.51184421115454],[-108.35074666341143,50.51609937879777],[-108.40517849392357,50.54640062120228],[-108.43528951009111,50.525567287868945],[-108.4759372287326,50.53806728786895],[-108.51741333007809,50.52026604546443],[-108.54492424858938,50.525623575846375],[-108.56249999999997,50.56250000000002],[-108.59699639214406,50.55380079481339],[-108.61998257107201,50.56751742892798],[-108.6300862630208,50.590962388780405],[-108.68643798828121,50.591061740451416],[-108.70416666666664,50.637500000000024],[-108.67916666666663,50.66250000000002],[-108.70242445203989,50.66701999240454],[-108.73090888129337,50.69548000759551],[-108.78575778537324,50.6961866590712],[-108.80588073730466,50.737146335177975],[-108.87254909939233,50.746186659071206],[-108.93333333333331,50.737500000000026],[-108.98749999999997,50.77500000000003],[-109.0083333333333,50.75416666666669],[-109.0083333333333,50.766666666666694],[-109.03924221462671,50.787146674262175],[-109.1174133300781,50.79640062120228],[-109.16741333007809,50.782766045464435],[-109.23010389539928,50.79223395453562],[-109.24804382324216,50.779733954535615],[-109.29241333007809,50.81306728786895],[-109.34825778537324,50.80798000759551],[-109.35416666666664,50.79166666666669],[-109.38333333333331,50.795833333333356],[-109.3958333333333,50.75416666666669],[-109.47574666341143,50.73390062120228],[-109.53112284342446,50.67556728786895],[-109.5924133300781,50.683900621202284],[-109.60416666666664,50.66250000000002],[-109.6267128838433,50.65798000759551],[-109.71249999999998,50.67916666666669],[-109.81028951009112,50.62556728786895],[-109.9616004096137,50.60350545247398],[-109.94999999999997,50.570833333333354],[-109.96249999999998,50.56666666666669],[-109.97849290635848,50.48839653862849],[-109.96575503879122,50.442280748155405],[-109.92499999999998,50.43750000000002],[-109.91666666666664,50.39583333333336],[-109.92674221462671,50.38785332573787],[-110.09804382324215,50.407766045464435],[-110.14778951009112,50.37556728786895],[-110.17499999999997,50.37500000000002],[-110.21666666666663,50.34166666666669],[-110.20452168782549,50.2808793809679],[-110.22257554796003,50.267019992404535],[-110.27963595920136,50.27145080566408],[-110.28831481933591,50.25481736924915],[-110.33380262586802,50.25354919433596],[-110.4091396755642,50.26728413899742],[-110.43533969455292,50.25061747233075],[-110.46958414713538,50.25350443522137],[-110.45889010959198,50.23125644259985],[-110.4834079318576,50.21128743489585],[-110.47021586100257,50.178697374131964],[-110.47978413899736,50.159332953559044],[-110.38749999999996,50.13750000000002],[-110.38395080566403,50.11349962022572],[-110.35073513454857,50.103364054362],[-110.34926486545136,50.08830261230471],[-110.25080023871524,50.05765957302519],[-110.2583333333333,50.03750000000004],[-110.21249999999996,50.025000000000034],[-110.2208333333333,50.00833333333337],[-110.25073682996958,50.01728430853953],[-110.27027655707462,49.993756612141965],[-110.2410491943359,49.962030877007415],[-110.27017856174041,49.93245459662547],[-110.27145080566403,49.88796912299266],[-110.24085727267791,49.84235466851132],[-110.22916666666663,49.8416666666667],[-110.249277750651,49.820042588975724],[-110.25896369086368,49.77423977322052],[-110.24103630913625,49.72043711344404],[-110.24923604329423,49.69237230088979],[-110.21744961208763,49.68650699191627],[-110.2083333333333,49.65833333333337],[-110.24757554796005,49.629519992404546],[-110.33243374294702,49.63267211914066],[-110.38672858344181,49.61589525010854],[-110.4049173990885,49.57019059922963],[-110.45026448567705,49.59052954779734],[-110.44166666666663,49.554166666666696],[-110.41193271213105,49.54461839463979],[-110.41249999999997,49.50833333333336],[-110.44081590440534,49.48664906819665],[-110.43725585937497,49.442501152886315],[-110.46249999999996,49.433333333333366],[-110.49409111870656,49.44131334092885],[-110.5208333333333,49.414596557617216],[-110.49228888617618,49.32184160020619],[-110.52499999999996,49.300000000000026],[-110.51285332573781,49.26840888129343],[-110.54640062120222,49.229913330078155],[-110.52304382324215,49.19640062120229],[-110.48806728786889,49.18971048990888],[-110.47499999999997,49.16666666666669],[-110.4892422146267,49.15868665907121],[-110.52378506130638,49.163067287868955],[-110.52981262207028,49.13856981065541],[-110.59052937825517,49.13776448567711],[-110.59677056206594,49.12859937879777],[-110.63542819552949,49.15787353515628],[-110.64778951009112,49.14640062120228],[-110.70907999674476,49.14526604546444],[-110.7759372287326,49.16723395453562],[-110.81249999999997,49.141666666666694],[-110.86760389539927,49.15056728786895],[-110.96324666341143,49.14109937879777],[-110.99657999674476,49.154733954535615],[-111.1612850613064,49.1494327121311],[-111.18333333333331,49.16250000000003],[-111.17464667426212,49.230882263183624],[-111.18333333333331,49.241666666666696],[-111.2063771565755,49.24223395453562],[-111.22278951009112,49.257766045464436],[-111.2799133300781,49.2494327121311],[-111.3274244520399,49.25868665907121],[-111.34654184977211,49.286612616644994],[-111.37709554036455,49.295447285970084],[-111.42594078911672,49.26613718668623],[-111.52083333333331,49.270833333333364],[-111.54081573486326,49.23418426513675],[-111.49583333333331,49.204166666666694],[-111.51840888129338,49.15868665907121],[-111.58159111870657,49.14201999240454],[-111.66249999999998,49.17083333333336],[-111.67156846788193,49.13413594563805],[-111.7024244520399,49.12951999240454],[-111.77721048990882,49.13390062120229],[-111.81662648518878,49.164030456542996],[-111.8175354003906,49.195221964518254],[-111.86324666341143,49.19109937879777],[-111.92278951009112,49.228599378797774],[-111.95512627495657,49.21609937879777],[-111.97183634440103,49.24522925482859],[-112.0255672878689,49.2637149386936],[-112.00833333333331,49.27500000000003],[-112.02588738335501,49.29929148356123],[-112.10221048990883,49.30473395453562],[-112.12083333333331,49.32500000000003],[-112.14935726589624,49.31046837700741],[-112.16310407850476,49.25100301106774],[-112.22009599473739,49.24092932807078],[-112.23749999999997,49.19583333333336],[-112.39804382324215,49.23806728786895],[-112.46874118381074,49.27037150065107],[-112.62254638671871,49.270480007595516],[-112.67291598849823,49.29165276421444],[-112.72325778537324,49.28298000759551],[-112.74498257107201,49.27414906819664],[-112.76332058376732,49.21695590549048],[-112.79089016384546,49.21178012424048],[-112.7833333333333,49.13333333333336],[-112.86041666666664,49.12546861436635],[-112.90515475802948,49.14640062120228],[-112.95736558702254,49.112103949652806],[-112.96666666666664,49.0916666666667],[-112.98749999999997,49.09583333333336],[-113.00337253146698,49.08253919813371],[-113.02985873752168,49.02182685004343],[-113.07433200412324,48.999187554253496],[-113.07499999999997,48.98333333333336],[-113.13575778537323,48.96631334092885],[-113.17674221462671,48.933686659071206],[-113.21041666666663,48.92501458062068],[-113.33159111870657,48.92464667426218],[-113.3371422661675,48.914211697048636],[-113.32414906819659,48.900850762261314],[-113.29584757486977,48.89375033908423],[-113.2958333333333,48.85833333333336],[-113.35331573486326,48.82414923773874],[-113.38693271213106,48.723043823242215],[-113.39526604546438,48.65491333007815],[-113.42602132161456,48.617248874240474],[-113.46249999999998,48.61666666666669],[-113.51666666666664,48.575000000000024],[-113.58124932183158,48.58748609754777],[-113.60588344997828,48.578813340928846],[-113.63507554796004,48.599646674262175],[-113.66666666666664,48.58333333333336],[-113.68407999674477,48.59640062120228],[-113.72916666666664,48.60000000000002],[-113.74999999999997,48.62083333333336],[-113.74522586398652,48.65741984049482],[-113.72990214029946,48.667566257052975],[-113.7380672878689,48.69429796006947],[-113.71335093180336,48.69668409559464],[-113.70416666666664,48.71666666666669],[-113.71342637803816,48.740740288628494],[-113.77048000759547,48.7850755479601],[-113.76249999999997,48.81666666666669],[-113.78253445095484,48.82966817220055],[-113.78410474989147,48.8450619167752],[-113.8142155965169,48.84131334092884],[-113.84999999999998,48.85833333333336],[-113.87398834228513,48.8369327121311],[-113.90758666992186,48.846400621202285],[-113.95416666666665,48.81666666666669],[-114.00416666666665,48.83333333333336],[-113.98796183268227,48.847907850477455],[-114.04166666666663,48.887500000000024],[-114.0125534057617,48.909594048394126],[-114.01732211642793,48.92295566134985],[-114.04610137939451,48.93413357204864],[-114.03749999999998,48.96250000000003],[-114.05319892035588,48.96706271701392],[-114.0702660454644,48.997789510091174],[-114.05771569146049,49.044465467664956],[-114.15381096733938,49.09754808213978],[-114.14964667426213,49.11421610514326],[-114.16701999240449,49.13504909939239],[-114.15833333333332,49.15000000000003],[-114.21576707628034,49.175661214192736],[-114.22653028700083,49.19162648518883],[-114.28427056206594,49.17859937879777],[-114.31862284342445,49.199432712131106],[-114.3458333333333,49.19166666666669],[-114.39387715657548,49.20890062120228],[-114.39939236111108,49.24075334337026],[-114.38693271213104,49.25295172797312],[-114.44375474717879,49.262965053982235],[-114.45487501356334,49.299112616645],[-114.49223395453555,49.31961839463979],[-114.47916666666663,49.329166666666694],[-114.49259304470483,49.3532402886285],[-114.52419060601125,49.35902133517798],[-114.53950636121958,49.37854902479387],[-114.5645833333333,49.37556152343753],[-114.59548000759546,49.401742214626765],[-114.60416666666663,49.454166666666694],[-114.59524943033851,49.5074139065213],[-114.57130194769962,49.5354166666667],[-114.57499999999996,49.558333333333366],[-114.5899244520399,49.56631334092885],[-114.63015475802948,49.54943271213111],[-114.65491333007809,49.563067287868954],[-114.69374728732636,49.546284993489614],[-114.73267211914059,49.580066257052984],[-114.7458333333333,49.620833333333366],[-114.65914815266923,49.65471649169925],[-114.67145080566402,49.67400037977434],[-114.65532531738278,49.679280598958364],[-114.63811747233069,49.71033986409508],[-114.6505672878689,49.76324666341149],[-114.63693271213104,49.78824666341149],[-114.6410993787977,49.82593722873267],[-114.68018086751299,49.88670213487416],[-114.69230957031246,49.888550313313836],[-114.68671908908416,49.96598883734813],[-114.65416666666664,49.966666666666704],[-114.66742892795136,50.06594204372832],[-114.69910990397132,50.075274997287345],[-114.73242187499997,50.117187839084224],[-114.72458733452687,50.184508599175366],[-114.77140062120222,50.24925333658856],[-114.75416666666663,50.27500000000002],[-114.75912746853295,50.29920586480037],[-114.77916666666664,50.30000000000002],[-114.79131334092878,50.326742214626755],[-114.77118937174475,50.34754536946617],[-114.77499999999996,50.36250000000002],[-114.81041666666664,50.358801947699675],[-114.83017272949216,50.391048177083356],[-114.85762905544702,50.39675292968752],[-114.87587958441837,50.436761135525195],[-114.89914923773868,50.43835076226131],[-114.92499999999997,50.46250000000002],[-115.02671169704858,50.591308932834224],[-115.0520819769965,50.57128126356339],[-115.07425333658851,50.588067287868945],[-115.103229437934,50.566099378797766],[-115.16887715657549,50.570266045464436],[-115.19193132188582,50.55302937825523],[-115.18749999999997,50.53333333333336],[-115.22850545247393,50.54673292371964],[-115.2425860934787,50.590962388780405],[-115.27721048990882,50.60056728786895],[-115.30855797661673,50.632011583116345],[-115.27859937879772,50.65074666341148],[-115.30833333333331,50.72083333333336],[-115.41186235215926,50.71340569390193],[-115.4301571316189,50.753547498914955],[-115.4826721191406,50.755066257052974],[-115.50067715115014,50.786604478624156],[-115.52598809136282,50.782766045464435],[-115.54804382324217,50.79640062120228],[-115.57173716227211,50.84518873426652],[-115.60907999674477,50.846400621202285],[-115.62800343831378,50.83296746148006],[-115.64100545247393,50.84256625705298],[-115.64914906819659,50.87414923773874],[-115.56609937879772,50.89878506130645],[-115.60381215413409,50.918381415473114],[-115.60416666666664,50.95833333333336],[-115.64778951009112,50.99526604546443],[-115.67826097276473,51.00063781738284],[-115.69665357801647,51.02819654676652],[-115.71760389539928,51.01609937879777],[-115.7688771565755,51.04223395453562],[-115.7674133300781,51.07140062120229],[-115.8583333333333,51.079166666666694],[-115.86666666666665,51.0916666666667],[-115.92157999674477,51.0869327121311],[-115.95326097276474,51.10063781738284],[-115.96004316541881,51.11630859375003],[-116.00752376980249,51.125688001844644],[-116.00890062120223,51.15221048990888],[-116.02973395453557,51.167413330078155],[-116.00505405002168,51.18820851643883],[-116.00913323296439,51.22007971869577],[-116.03410085042316,51.21604902479387],[-116.05880245632594,51.25061764187286],[-116.15318044026691,51.26321716308597],[-116.1634141710069,51.29522925482859],[-116.22177056206594,51.291099378797774],[-116.25637715657548,51.30473395453562],[-116.28749999999997,51.333333333333364],[-116.28276604546437,51.359079996744825],[-116.30760294596351,51.37589772542321],[-116.28749999999997,51.40833333333336],[-116.29101121690535,51.46163330078128],[-116.33774583604597,51.461844550238744],[-116.38201836480032,51.48740878634986],[-116.39999999999996,51.51250000000003],[-116.3910993787977,51.54461839463979],[-116.44409111870657,51.55451999240454],[-116.47047966851125,51.57254757351349],[-116.4708333333333,51.620833333333366],[-116.51604309082028,51.60924258761939],[-116.53006625705292,51.64100545247399],[-116.59073520236542,51.662779914008276],[-116.58817647298174,51.720022074381546],[-116.62299363878034,51.725617641872866],[-116.6408498128255,51.74230431450741],[-116.65872938368052,51.79903225368927],[-116.69166666666663,51.8166666666667],[-116.7534254286024,51.8159840901693],[-116.75483466254337,51.78955688476566],[-116.80703226725257,51.749942525227894],[-116.81190151638452,51.73025054931644],[-116.79947747124562,51.71970418294274],[-116.81249999999997,51.7041666666667],[-116.9149244520399,51.71285332573788],[-116.96973639594181,51.75881991916236],[-116.96193271213104,51.788437228732676],[-116.98685641818574,51.80923750135637],[-116.97962849934893,51.835407850477466],[-117.03242119683156,51.8590998331706],[-117.0244703504774,51.88862169053823],[-117.0708333333333,51.9416666666667],[-117.14757554796005,51.97464667426219],[-117.1899244520399,51.975353325737885],[-117.23395097520614,52.01113213433162],[-117.21744961208765,52.03265550401478],[-117.24382680257159,52.033950805664084],[-117.26330702039928,52.05762769911026],[-117.29831136067706,52.06639336480037],[-117.29104902479381,52.14250488281252],[-117.30833333333331,52.16250000000002],[-117.25612284342445,52.16306728786894],[-117.16737094455293,52.19675292968752],[-117.16193271213105,52.23628506130645],[-117.19914906819659,52.263350762261304],[-117.17859937879771,52.27822943793405],[-117.20890062120223,52.303420003255226],[-117.20768890380856,52.31992933485245],[-117.17118886311846,52.33088039822051],[-117.16666666666664,52.34583333333335],[-117.18333333333331,52.37083333333336],[-117.14166666666664,52.40623508029516],[-117.14697062174476,52.41693115234377],[-117.1813771565755,52.41306728786895],[-117.20090569390189,52.43686218261721],[-117.23971048990883,52.44640062120228],[-117.24681243896481,52.47436726888023],[-117.28226335313582,52.479812622070334],[-117.28429311116534,52.499344211154536],[-117.32819892035587,52.517062717013914],[-117.34076707628036,52.53683878580731],[-117.26666666666664,52.575000000000024],[-117.27152167426212,52.5991651746962],[-117.30054066975909,52.59522840711808],[-117.36663852267793,52.63472798665367],[-117.34100545247394,52.678267076280406],[-117.28675333658852,52.657766045464435],[-117.25612284342445,52.67140062120228],[-117.22916666666664,52.704166666666694],[-117.17674221462671,52.70035332573787],[-117.12499999999997,52.737500000000026],[-117.19509667290579,52.78839246961808],[-117.19166666666663,52.80833333333336],[-117.30195617675778,52.85359937879777],[-117.31874118381074,52.84629516601565],[-117.33372921413843,52.865698920355925],[-117.41666666666664,52.90833333333336],[-117.34672580295137,52.91176317003041],[-117.3063771565755,52.88390062120228],[-117.27695617675778,52.87973395453562],[-117.24910040961369,52.903505452473986],[-117.16445617675778,52.904733954535615],[-117.10416666666664,52.94166666666669],[-117.02499999999998,52.90416666666669],[-116.99247300889753,52.93811747233075],[-116.95880262586803,52.924382527669295],[-116.94045410156247,52.933407931857666],[-116.87130262586803,52.89521586100263],[-116.81713595920135,52.90478413899742],[-116.80316704644095,52.89104919433596],[-116.78016526963972,52.89234076605906],[-116.77130262586802,52.90478413899742],[-116.65245056152341,52.88298000759551],[-116.56323682996958,52.92561747233076],[-116.5380479600694,52.92411736382381],[-116.52418755425344,52.90066799587676],[-116.48796929253469,52.89521586100263],[-116.44999999999996,52.91250000000002],[-116.44909091525604,52.92854309082034],[-116.38159111870657,52.97464667426218],[-116.23749999999997,52.99583333333336],[-116.2284525553385,53.01582099066843],[-116.17591552734372,53.01726515028214],[-116.08504621717663,53.05035332573787],[-115.97254621717663,53.03714667426218],[-115.94910040961369,53.057672119140655],[-115.87177056206595,53.07973395453562],[-115.80924665662975,53.07439236111114],[-115.79791666666664,53.06296861436635],[-115.7674133300781,53.07556728786895],[-115.72574666341143,53.04943271213111],[-115.70195617675779,53.05359937879777],[-115.66471048990883,53.02556728786895],[-115.59672071668834,53.01595831976999],[-115.56324666341143,52.9869327121311],[-115.5174133300781,53.00890062120229],[-115.47174428304034,53.00478379991322],[-115.44583333333331,53.03750000000003],[-115.40221048990882,53.05776604546444],[-115.35074666341143,53.05359937879777],[-115.3301547580295,53.06723395453562],[-115.23675333658852,53.07859937879777],[-115.15918426513669,53.10918409559464],[-115.1505672878689,53.135543823242216],[-115.1708333333333,53.1541666666667],[-115.12473381890189,53.18248019748267],[-115.10504218207463,53.17891642252607],[-115.09166666666664,53.22083333333336],[-115.04543592664928,53.25533786349829],[-115.07114562988278,53.29892425537112],[-115.04964667426212,53.30245378282338],[-115.05381334092878,53.36492445203996],[-115.01459723578556,53.40765279134118],[-115.0007636176215,53.40394337972008],[-115.0002746582031,53.44082556830515],[-114.97428622775604,53.4368572658963],[-114.94999999999997,53.4666666666667],[-114.963239203559,53.490892028808624],[-114.97839525010848,53.492438083224854],[-114.97980957031247,53.52296837700741],[-115.0006429036458,53.55561472574873],[-114.97183634440101,53.55893741183814],[-114.93276604546438,53.59906277126739],[-114.94119805230032,53.6229166666667],[-114.9313771565755,53.636932712131106],[-114.89261610243052,53.63816850450307],[-114.8799133300781,53.65473395453562],[-114.77577480740014,53.64657253689239],[-114.76666666666664,53.67083333333336],[-114.79089185926647,53.67573920355906],[-114.79999999999997,53.712500000000034],[-114.73921305338538,53.69131334092885],[-114.65612284342444,53.70473395453562],[-114.65487501356334,53.724112616645],[-114.68262905544702,53.742586093478764],[-114.69409111870657,53.770480007595516],[-114.65587972005206,53.779519992404545],[-114.6208333333333,53.770833333333364],[-114.60742424858938,53.78270975748701],[-114.52499999999996,53.79583333333337],[-114.45506625705292,53.782672119140656],[-114.42499999999997,53.76250000000003],[-114.40473395453556,53.785289510091175],[-114.41666666666663,53.812500000000036],[-114.3892422146267,53.80868665907121],[-114.3645840115017,53.82081943088111],[-114.35171440972219,53.80798000759552],[-114.33088107638885,53.83368665907121],[-114.29374999999996,53.81668124728736],[-114.21075778537323,53.84548000759552],[-114.17671305338538,53.841313340928856],[-114.09675038655597,53.858926222059495],[-114.06598341200085,53.932499525282154],[-114.04804382324217,53.917233954535625],[-114.01346774631074,53.925395880805155],[-114.01249999999997,53.9916666666667],[-113.9208333333333,53.97083333333337],[-113.90356157090926,53.98804050021703],[-113.93251342773435,54.01743842230905],[-113.92916666666665,54.03333333333335],[-113.90335422092012,54.05349867078995],[-113.84783986409502,54.05895080566408],[-113.78749999999998,54.10000000000002],[-113.78242001003687,54.116059027777794],[-113.76308288574216,54.117586263020854],[-113.71471048990882,54.153599378797765],[-113.65481245252819,54.146736992730055],[-113.61161261664493,54.22429165310332],[-113.54220733642576,54.22856174045141],[-113.49220733642575,54.25893825954863],[-113.47995741102427,54.257596503363736],[-113.47292395697697,54.229700046115475],[-113.42597724066837,54.22982381184898],[-113.40035332573783,54.25174221462676],[-113.40897606743704,54.27228122287328],[-113.37041252983938,54.28839280870228],[-113.38328687879772,54.307039388020854],[-113.37549336751299,54.313142903645854],[-113.34615512424043,54.28685709635419],[-113.29704945882159,54.29656609429256],[-113.3006176418728,54.31983371310766],[-113.27982652452255,54.330169338650194],[-113.2833333333333,54.358333333333356],[-113.24754486083981,54.35869106716582],[-113.19505869547523,54.424260796441],[-113.14599066840275,54.43017340766061],[-113.14386630588105,54.450498792860266],[-113.1253217909071,54.46314290364585],[-113.06759575737844,54.432630411783876],[-113.06249999999997,54.40416666666669],[-113.01760389539928,54.374432712131096],[-112.98015475802949,54.400567287868945],[-112.96666666666664,54.39583333333336],[-112.96249999999996,54.420833333333356],[-112.92130262586802,54.42145080566409],[-112.8948337131076,54.395215861002626],[-112.87156405978729,54.39915059407554],[-112.87079942491316,54.3763610839844],[-112.84166666666664,54.36666666666669],[-112.832672797309,54.39916042751738],[-112.81321953667532,54.39662679036461],[-112.80416666666663,54.41250000000002],[-112.77160169813365,54.40736151801217],[-112.7312564425998,54.371390109592035],[-112.72009548611108,54.38672451443144],[-112.66386786566837,54.38688252766929],[-112.6488627115885,54.41693115234377],[-112.6134134928385,54.411892361111136],[-112.60302937825517,54.38723551432294],[-112.52574666341143,54.41306728786895],[-112.4958333333333,54.36666666666669],[-112.42695617675778,54.374432712131096],[-112.40074666341143,54.35776604546443],[-112.37574666341142,54.37140062120228],[-112.32575412326385,54.365889824761304],[-112.31881408691403,54.346463690863736],[-112.25956454806854,54.345862494574675],[-112.24999999999996,54.32916666666669],[-112.18124999999996,54.33286471896704],[-112.15625474717878,54.30879855685766],[-112.07147098117403,54.28659430609811],[-112.06666666666665,54.262500000000024],[-112.04668426513669,54.26164923773874],[-111.98749999999998,54.18750000000002],[-111.90590888129339,54.19201999240453],[-111.87816704644095,54.217284138997414],[-111.8254691229926,54.19938252766929],[-111.8009602864583,54.20335896809898],[-111.79509785970049,54.179966566297765],[-111.74804382324217,54.15890062120228],[-111.67254621717663,54.1711866590712],[-111.62674221462672,54.16631334092884],[-111.61005011664494,54.14964667426217],[-111.58507554796005,54.162146674262175],[-111.54668426513669,54.13664923773874],[-111.53749999999998,54.108333333333356],[-111.52563374837237,54.11730957031252],[-111.49640570746526,54.10754157172311],[-111.48261345757376,54.071609836154536],[-111.44615512424042,54.06730957031252],[-111.44090186225041,54.050835842556445],[-111.39615512424042,54.03269042968752],[-111.32257554796004,54.037853325737885],[-111.3091842651367,54.061649237738735],[-111.37082010904945,54.10149570041234],[-111.41341942681204,54.15762905544707],[-111.50748240152993,54.22168409559464],[-111.49374999999998,54.232864718967036],[-111.42411261664493,54.17987501356339],[-111.39166666666664,54.170833333333356],[-111.39166666666664,54.18333333333335],[-111.37257554796004,54.1829800075955],[-111.33541734483504,54.14584723578561],[-111.28507554796005,54.15381334092884],[-111.26004316541881,54.14130859375002],[-111.17956288655596,54.074369642469634],[-111.13771837022567,54.08653157552085],[-111.11988796657984,54.05927870008682],[-111.08825412326387,54.057556491427974],[-111.03407999674477,54.020266045464446],[-111.01706271701386,54.02403225368927],[-110.9612850613064,53.96609937879778],[-110.93945617675779,53.97026604546444],[-110.89804382324216,53.93806728786896],[-110.78749999999997,54.03750000000002],[-110.6392167833116,54.05797949896922],[-110.58749999999996,53.98333333333337],[-110.51666666666664,53.95000000000003],[-110.54911261664493,54.0159581502279],[-110.48971048990882,54.04109937879778],[-110.42157016330292,54.02989586724179],[-110.40761074490014,54.07424112955733],[-110.37287767198347,54.07851121690542],[-110.35833333333329,54.0541666666667],[-110.33269042968746,54.05938364664717],[-110.34076300726993,54.079809400770436],[-110.29369845920135,54.078523932562966],[-110.26666666666664,54.066666666666706],[-110.2741570366753,54.04230872260203],[-110.25416666666663,54.0416666666667],[-110.17157999674475,54.07973395453563],[-110.14257948133677,54.078556993272606],[-110.13024970160586,54.066137186686234],[-110.08826666937931,54.069921366373734],[-110.06162448459199,54.020583089192726],[-110.02980940077038,54.014634874131964],[-110.04246656629772,53.97575361463762],[-110.08262769911022,53.97002631293406],[-110.08811764187281,53.940930006239185],[-110.07499999999996,53.895833333333364],[-110.0270065307617,53.895215691460535],[-109.99086405436196,53.859068467881976],[-109.93613213433157,53.836882358127205],[-109.89166666666664,53.833333333333364],[-109.85637715657549,53.84943271213111],[-109.8142128838433,53.85035332573788],[-109.77499999999998,53.833333333333364],[-109.77027672661673,53.864589945475295],[-109.71967451307506,53.92488606770837],[-109.66747368706595,53.95070563422313],[-109.66049346923826,53.96604902479387],[-109.5958333333333,53.98750000000003],[-109.57409074571395,53.96729024251306],[-109.50776604546438,53.94461839463979],[-109.5115283542209,53.90910152859161],[-109.47946336534285,53.898893568250905],[-109.47003072102862,53.87990180121531],[-109.39778951009112,53.87859937879778],[-109.3674133300781,53.857766045464444],[-109.35098622639971,53.861782836914095],[-109.3450981987847,53.83830261230472],[-109.26286027696395,53.819745042589005],[-109.24382680257159,53.788117641872866],[-109.21324666341143,53.78276604546444],[-109.18006303575301,53.79515957302521],[-109.1517130533854,53.774646674262186],[-109.07583923339841,53.78261803521054],[-109.0783542209201,53.759106275770435],[-109.06304050021699,53.75356157090932],[-109.05217285156247,53.770228237575985],[-109.02554050021699,53.783938429090746],[-109.00952724880639,53.77904595269101],[-109.0020833333333,53.79112786187069],[-108.93575778537323,53.754519992404546],[-108.89337972005205,53.75380910237634],[-108.86668023003469,53.72708435058597],[-108.87499999999997,53.6791666666667],[-108.84241333007809,53.688067287868954],[-108.80612284342445,53.67556728786896],[-108.74166666666663,53.708333333333364],[-108.71741333007809,53.68693271213111],[-108.6727895100911,53.688067287868954],[-108.6451721191406,53.72410040961375],[-108.58404168023,53.759220716688404],[-108.55890062120223,53.81028951009118],[-108.55659111870656,53.84548000759552],[-108.52254977756073,53.86285332573788],[-108.44999999999996,53.870833333333366],[-108.43685709635413,53.81036495632599],[-108.39987928602427,53.78620910644535],[-108.42991163465709,53.74269680447052],[-108.48653564453122,53.72820248074005],[-108.49092034233938,53.71324123806427],[-108.47158711751298,53.7117592705621],[-108.4660237630208,53.67703162299265],[-108.39166666666664,53.63333333333337],[-108.34804382324215,53.666099378797774],[-108.31746707492402,53.666934712727894],[-108.30624999999998,53.65001458062069],[-108.28835008409287,53.67973395453562],[-108.24778951009112,53.67140062120229],[-108.19673716227211,53.69102223714196],[-108.1788133409288,53.680879550510014],[-108.18749999999999,53.645833333333364],[-108.16760389539928,53.62443271213111],[-108.12157999674477,53.64640062120229],[-108.09166666666664,53.63750000000003],[-108.08693271213106,53.60093722873267],[-108.09999999999997,53.55000000000003],[-108.0642128838433,53.545480007595515],[-108.02511393229165,53.56134117974179],[-108.01604902479382,53.54213578965932],[-108.0381176418728,53.51296912299265],[-108.01983371310762,53.486882358127204],[-107.9842819213867,53.49193403455949],[-107.95625033908418,53.46251424153649],[-107.93333333333331,53.462500000000034],[-107.92916666666665,53.42500000000003],[-107.95624999999998,53.408802117241784],[-107.98432142469616,53.413067287868955],[-108.01164906819659,53.38248240152998],[-108.01191101074217,53.35091807047529],[-107.95221048990884,53.29223395453562],[-107.92587975396049,53.29092797173397],[-107.92157999674477,53.25359937879777],[-107.90093722873262,53.26306728786895],[-107.88390062120223,53.25221048990888],[-107.87433878580727,53.18839959038631],[-107.83010389539928,53.161932712131104],[-107.78824666341143,53.17973395453562],[-107.77177056206595,53.17026604546444],[-107.742803785536,53.19193132188588],[-107.67304382324217,53.12973395453562],[-107.59657999674477,53.13806728786895],[-107.56054382324216,53.10473395453562],[-107.49583333333331,53.10833333333336],[-107.46249999999998,53.12083333333336],[-107.40216013590492,53.17854902479387],[-107.31720174153644,53.200831773546035],[-107.28634117974173,53.237386067708364],[-107.24972686767575,53.24752197265628],[-107.23368665907115,53.26840888129343],[-107.2333333333333,53.28333333333336],[-107.25891486273869,53.28267788357208],[-107.2802318996853,53.30344984266496],[-107.30342932807072,53.304904005262614],[-107.30490061442055,53.32837473551435],[-107.33962232801646,53.33398878309465],[-107.34937455919051,53.34792056613501],[-107.34166666666664,53.370833333333366],[-107.29669867621524,53.375696478949685],[-107.29059583875865,53.3951343112522],[-107.25907202826603,53.39654727511939],[-107.24640062120223,53.41862284342451],[-107.27464599609372,53.435047064887186],[-107.27916666666664,53.4791666666667],[-107.25074666341143,53.49223395453562],[-107.1633124457465,53.499332004123296],[-107.13132697211368,53.467284308539526],[-107.11028951009112,53.46723395453562],[-107.09081658257375,53.49223395453562],[-107.06164991590708,53.46609937879777],[-107.04166666666664,53.525000000000034],[-107.02148878309458,53.5395443386502],[-107.00759616427948,53.607595994737444],[-106.929938422309,53.60334676106774],[-106.90343119303382,53.538299899631106],[-106.87130262586803,53.516049024793865],[-106.8498362223307,53.51919606526696],[-106.82181972927515,53.49928283691409],[-106.80833333333331,53.47083333333337],[-106.7520833333333,53.48703121609161],[-106.71666666666664,53.47500000000003],[-106.72147623697913,53.51462436252173],[-106.70920884874128,53.51224975585941],[-106.7035237630208,53.53396708170576],[-106.7333333333333,53.57500000000003],[-106.75659111870657,53.57535332573788],[-106.78297526041663,53.59754316541887],[-106.79110989040795,53.62291005452477],[-106.74521586100258,53.649000379774336],[-106.76181369357636,53.655005900065134],[-106.74973551432288,53.70302954779734],[-106.82846238878035,53.7634194268121],[-106.84166666666664,53.78750000000003],[-106.83254055447046,53.82010718451609],[-106.80808749728729,53.82148878309465],[-106.78725416395396,53.80351121690541],[-106.77841050889754,53.828410508897605],[-106.75081244574649,53.83436906602651],[-106.74478115505639,53.853407965766095],[-106.67287767198347,53.87565544976132],[-106.61666666666663,53.933333333333366],[-106.54367302788626,53.92021569146054],[-106.49799363878034,53.87978430853953],[-106.43533969455292,53.87854902479387],[-106.36962076822913,53.829092068142394],[-106.27546929253468,53.84228430853953],[-106.2258134629991,53.83683844672312],[-106.22400037977427,53.8243823581272],[-106.10100063747826,53.8465003119575],[-106.03130171034068,53.920190429687516],[-105.98528951009112,53.89640062120229],[-105.94369828965927,53.94102393256297],[-105.90077667236326,53.92844679090715],[-105.9005672878689,53.881122843424514],[-105.9208333333333,53.833333333333364],[-105.8862850613064,53.78693271213111],[-105.85923292371959,53.79100545247399],[-105.79411739773218,53.76631334092885],[-105.77328660753035,53.79964548746748],[-105.75590888129338,53.80035332573788],[-105.73507554796005,53.82464667426218],[-105.64583333333331,53.72500000000003],[-105.62443271213105,53.761753336588576],[-105.62535332573782,53.78992445203996],[-105.67943132188583,53.93030378553606],[-105.67980940077038,53.96634487575958],[-105.63334859212237,54.01791653103302],[-105.64647606743704,54.05801154242625],[-105.51909111870657,54.120480007595525],[-105.49371100531681,54.10482211642797],[-105.45492536756724,54.12605217827693],[-105.45846574571395,54.16150546603735],[-105.44517788357203,54.16357591417103],[-105.45065544976126,54.19142083062068],[-105.44140167236326,54.20064188639325],[-105.38117319742835,54.174382527669295],[-105.35753919813365,54.146627468533005],[-105.30759667290579,54.158950805664084],[-105.25833333333331,54.129166666666684],[-105.25359937879772,54.14461839463978],[-105.27109798855248,54.16136271158856],[-105.25890062120223,54.172789510091164],[-105.26249999999997,54.18750000000002],[-105.1583333333333,54.20833333333336],[-105.12616305881073,54.182967461480054],[-105.11874999999998,54.195364718967035],[-105.09672580295135,54.195096503363736],[-105.0708333333333,54.166666666666686],[-105.0708333333333,54.129166666666684],[-105.03337368435326,54.102636210123734],[-105.02411261664494,54.07570851643884],[-104.99508666992185,54.06193271213111],[-104.98087972005206,54.07535332573788],[-104.94999999999997,54.07500000000004],[-104.89799363878035,54.13271569146054],[-104.86763949924043,54.1381547715929],[-104.85074666341143,54.15890062120228],[-104.82232903374563,54.150013224283875],[-104.81251322428382,54.17767096625436],[-104.83390062120222,54.194896104600716],[-104.83269483778209,54.21152581108943],[-104.79266628689233,54.203549194335956],[-104.76583557128903,54.26179606119794],[-104.72599351671003,54.267358737521725],[-104.70451999240449,54.28924221462676],[-104.7083333333333,54.33333333333336],[-104.74919297960066,54.34653896755645],[-104.7676578097873,54.39096611870662],[-104.81875644259979,54.39222344292537],[-104.85324028862844,54.40925971137155],[-104.86188252766924,54.43533969455297],[-104.84920586480031,54.47837253146704],[-104.81761508517792,54.487232462565125],[-104.80880262586803,54.50478413899742],[-104.79886271158851,54.49556884765627],[-104.75476515028208,54.513415527343774],[-104.75416666666663,54.53333333333336],[-104.77430419921872,54.54685194227433],[-104.77159559461802,54.586775377061656],[-104.83230523003469,54.59232991536461],[-104.86028951009112,54.632766045464436],[-104.92973395453556,54.647048272026936],[-104.92128736707896,54.664583333333354],[-104.94609781901039,54.71552937825523],[-104.90416666666664,54.78750000000002],[-104.8785491943359,54.78859456380211],[-104.88271586100257,54.81049363878041],[-104.85771586100257,54.85369737413197],[-104.8631174723307,54.88286404079864],[-104.8409495035807,54.91568027072485],[-104.8160491943359,54.92636786566843],[-104.82375081380205,54.961837768554716],[-104.79166666666663,54.9666666666667],[-104.78679165310326,54.98661261664499],[-104.7498860677083,55.019674682617215],[-104.73124999999997,55.02860514322919],[-104.71947224934893,55.01253390842017],[-104.69246927897132,55.0299018012153],[-104.68159111870656,55.05381334092885],[-104.63578694661454,55.045480007595515],[-104.58380262586802,55.08395080566409],[-104.56747233072913,55.08261752658423],[-104.56375868055552,55.063142225477456],[-104.58657362196178,55.061573621961834],[-104.6086008707682,55.03844841851131],[-104.56249999999997,55.02083333333336],[-104.45073615180118,55.03825785319013],[-104.44999999999996,55.050000000000026],[-104.41613701714407,55.04865756564673],[-104.42083333333329,55.03333333333336],[-104.36874999999996,55.033939615885444],[-104.34230041503903,55.05064290364586],[-104.31682400173608,55.046840074327285],[-104.31158447265622,55.067309570312524],[-104.28749999999997,55.04583333333336],[-104.26545172797306,55.06723395453562],[-104.22186347113711,55.06175503200958],[-104.18412136501732,55.03689202202693],[-104.18245781792531,55.02058308919273],[-104.1514478895399,55.024357096354194],[-104.13205227322045,55.06675516764326],[-104.09263102213538,55.05736897786461],[-104.07644788953989,55.03269042968753],[-104.07426486545137,55.045030721028674],[-104.0082831488715,55.06809488932294],[-104.02414906819659,55.08664923773874],[-103.9938771565755,55.10359937879777],[-103.90932685004339,55.09514126247833],[-103.89630245632593,55.08271586100263],[-103.83407999674476,55.13806728786895],[-103.80491333007811,55.12026604546444],[-103.73424767388235,55.13272942437069],[-103.7049133300781,55.10776604546444],[-103.57708587646482,55.149548339843776],[-103.56028951009112,55.14223395453562],[-103.53010389539928,55.17140062120229],[-103.46666666666664,55.16250000000003],[-103.45798000759547,55.176712883843344],[-103.47254401312931,55.19964124891496],[-103.53669738769528,55.21323513454864],[-103.53829989963106,55.22424638536244],[-103.60463578965927,55.2243823581272],[-103.63661261664494,55.246541849772164],[-103.67870771620007,55.29373728434248],[-103.650713941786,55.300845675998296],[-103.64999999999998,55.333333333333364],[-103.53856998019745,55.346479458279106],[-103.51995357937281,55.38259463840064],[-103.48839959038627,55.38399454752607],[-103.46748216417097,55.400826687283015],[-103.4755672878689,55.41128506130645],[-103.44999999999997,55.42500000000003],[-103.41871100531681,55.41315544976131],[-103.4072572496202,55.429822116427985],[-103.40026804606117,55.413300408257406],[-103.37083333333331,55.40833333333336],[-103.2958333333333,55.462500000000034],[-103.2645833333333,55.454816351996556],[-103.22059343126082,55.46329040527347],[-103.2198313395182,55.490664672851594],[-103.18878106011282,55.4832450018989],[-103.17839525010848,55.51172858344187],[-103.15032179090709,55.5214760674371],[-103.10849066840275,55.51982676188154],[-103.08749999999998,55.462500000000034],[-103.06341722276473,55.4619071112739],[-103.03137715657549,55.42556728786895],[-103.00501742892791,55.41998240152998],[-102.99999999999997,55.38750000000003],[-102.97304382324215,55.35890062120229],[-102.9591840955946,55.35918426513675],[-102.95295172797306,55.375567287868954],[-102.92499999999997,55.36250000000003],[-102.90513949924042,55.36732143825958],[-102.89461839463972,55.38390062120229],[-102.86751742892793,55.388350931803416],[-102.8583333333333,55.40833333333336],[-102.85324571397567,55.39234195285376],[-102.83833380805119,55.3909834120009],[-102.84516465928816,55.36760660807295],[-102.80833333333331,55.35000000000003],[-102.79936218261716,55.296739027235276],[-102.7385060628255,55.29228498670793],[-102.71741333007809,55.313067287868954],[-102.70195617675778,55.30473395453562],[-102.67499999999997,55.32083333333336],[-102.66667989095049,55.33125000000003],[-102.67498609754772,55.33958265516496],[-102.65907999674477,55.350567287868955],[-102.57695617675778,55.324432712131106],[-102.5259372287326,55.28276604546444],[-102.4708333333333,55.29583333333336],[-102.47857428656681,55.221750556098115],[-102.43368665907114,55.202424452039956],[-102.40878499348955,55.16041920979821],[-102.42036471896698,55.13541666666669],[-102.40295172797306,55.11193271213111],[-102.38124999999997,55.12036471896704],[-102.35501234266489,55.10761922200523],[-102.40473395453556,55.075959608289956],[-102.3958333333333,55.050000000000026],[-102.36862284342445,55.04640062120228],[-102.35571390787757,55.05838182237416],[-102.34166666666663,55.04166666666669],[-102.31745707194007,55.04677361382381],[-102.32004835340709,55.07005649142798],[-102.30485297309025,55.07586263020836],[-102.2922715928819,55.11032714843753],[-102.29486185709632,55.14098815917971],[-102.25624999999997,55.162031216091606],[-102.20507236056854,55.14519551595055],[-102.18541666666663,55.11722819010419],[-102.1583333333333,55.13333333333336],[-102.12021586100256,55.11983371310767],[-102.12565409342444,55.06764763726131],[-102.17026604546437,55.02304382324221],[-102.18827480740013,54.97157253689239],[-102.24062567816837,54.967376030816],[-102.25281473795569,54.983361138237875],[-102.27003546820742,54.96148579915367],[-102.28645189073347,54.9173526340061],[-102.23685709635413,54.91158447265627],[-102.2458333333333,54.87500000000003],[-102.23575778537322,54.871186659071206],[-102.1267128838433,54.867019992404536],[-102.07325778537324,54.84618665907121],[-102.03333333333332,54.84583333333336],[-101.96421288384329,54.8586866590712],[-101.90171288384329,54.853813340928845],[-101.7953642103407,54.87561747233075],[-101.74119754367402,54.87021586100263],[-101.68414577907984,54.87983466254343],[-101.67021569146048,54.903167046441],[-101.68660040961369,54.91600545247398],[-101.60612284342446,54.92556728786895],[-101.54508666992184,54.95473395453562],[-101.45612284342445,54.945266045464436],[-101.4007366604275,54.899382527669296],[-101.37624240451386,54.91267869737416],[-101.35496656629772,54.90075344509551],[-101.34799346923825,54.91604919433596],[-101.31713578965926,54.92561747233076],[-101.2383124457465,54.91599867078995],[-101.22163323296438,54.89656880696617],[-101.19093153211803,54.94503072102867],[-101.16296912299259,54.954784138997425],[-101.12546929253469,54.94521586100263],[-101.08124999999997,54.95360514322919],[-101.06529880099824,54.9368825276693],[-101.00919528537324,54.946641031901066],[-100.98749999999997,54.96250000000003],[-101.00079413519963,55.011705864800376],[-101.02145080566403,55.029635959201414],[-100.98688252766924,55.055004882812526],[-101.02145080566403,55.09029880099829],[-100.99222208658851,55.11457485622832],[-101.00749409993486,55.13412068684899],[-101.0035491943359,55.150736829969645],[-101.03651360405813,55.16738382975263],[-101.03243374294702,55.19517211914065],[-100.98749999999997,55.204166666666694],[-101.00026448567705,55.228029547797334],[-100.98015475802949,55.24223395453562],[-100.94677056206594,55.228599378797774],[-100.91249999999997,55.245833333333366],[-100.9069654676649,55.29228430853953],[-100.83380262586802,55.270215691460535],[-100.81747233072913,55.271548970540394],[-100.81566704644094,55.283950975206196],[-100.78831651475691,55.279881456163224],[-100.7754692925347,55.304784308539524],[-100.74261813693573,55.30481431749135],[-100.7458333333333,55.32500000000003],[-100.76118503146698,55.32490878634986],[-100.78815544976125,55.35459764268666],[-100.7583333333333,55.38333333333336],[-100.77434387207028,55.39673428005646],[-100.76249999999997,55.429166666666696],[-100.82499999999997,55.462500000000034],[-100.81529880099824,55.48395097520619],[-100.78429361979164,55.479974365234405],[-100.73652818467879,55.54506513807512],[-100.68796929253469,55.563117641872864],[-100.65153537326385,55.55829908582903],[-100.63541666666663,55.57869788275828],[-100.60463595920136,55.5368823581272],[-100.57716030544701,55.55771569146054],[-100.55068800184459,55.55752376980255],[-100.5493228488498,55.53433108859595],[-100.51529880099822,55.50771569146053],[-100.47963595920136,55.52145097520619],[-100.42164272732201,55.509021335177984],[-100.40821940104163,55.53634117974178],[-100.35553453233503,55.545215691460534],[-100.34565463595916,55.56125759548614],[-100.3626786973741,55.56790907118059],[-100.3535491943359,55.59213578965932],[-100.3708333333333,55.620833333333366],[-100.35046522352427,55.631245422363314],[-100.38748677571611,55.698504299587704],[-100.36666666666663,55.712500000000034],[-100.31327785915795,55.69929300944014],[-100.30366516113278,55.6757988823785],[-100.24134487575951,55.63269059922963],[-100.2083333333333,55.645833333333364],[-100.18813781738278,55.632427639431455],[-100.16249999999997,55.5791666666667],[-100.12157999674476,55.62140062120229],[-100.08286421034069,55.5993823581272],[-100.06466013590493,55.611882358127204],[-99.98016628689234,55.607715691460534],[-99.93333333333331,55.6541666666667],[-99.85495147705076,55.636723158094654],[-99.8583333333333,55.61250000000003],[-99.78507554796005,55.592019992404545],[-99.75833333333331,55.60833333333336],[-99.74095815022784,55.65744594997833],[-99.71734381781681,55.663395521375904],[-99.6987850613064,55.688067287868954],[-99.66751759847003,55.67831573486331],[-99.65716213650171,55.662102762858105],[-99.61874999999998,55.68703121609161],[-99.6049133300781,55.67859937879778],[-99.57140062120223,55.69778951009118],[-99.57181243896481,55.72436726888024],[-99.6399244520399,55.73368665907121],[-99.64618665907116,55.76909111870663],[-99.66007554796005,55.77881334092885],[-99.71421288384329,55.76631334092885],[-99.74547848171656,55.77254621717668],[-99.70709092881943,55.81267869737417],[-99.69792327880857,55.80472327338328],[-99.64973263210717,55.81761525472009],[-99.66588389078774,55.84092966715498],[-99.63966013590492,55.857715691460534],[-99.60482788085935,55.86576707628041],[-99.59521569146048,55.84446546766496],[-99.60890062120224,55.81989610460073],[-99.5991490681966,55.80501759847009],[-99.4924133300781,55.78693271213111],[-99.37473534478079,55.813637118869394],[-99.34640062120224,55.83528951009118],[-99.32721048990882,55.87859937879778],[-99.28533986409502,55.875617641872864],[-99.25463578965926,55.88811764187287],[-99.2424397786458,55.886743333604635],[-99.24921858045788,55.87162933349613],[-99.2270840115017,55.85834723578562],[-99.18749999999997,55.8666666666667],[-99.2005208333333,55.89032643636071],[-99.18651377360023,55.90344950358076],[-99.13850267198347,55.90899319118927],[-99.13233981662323,55.924307929145],[-99.09259304470483,55.93842637803823],[-99.08688252766925,55.95733371310767],[-99.1006174723307,55.97156999376089],[-99.07438252766924,56.03650037977434],[-99.10625339084199,56.04222564697269],[-99.1131174723307,56.063236660427556],[-99.0756445990668,56.08414916992191],[-99.064215766059,56.12118665907121],[-99.04754672580292,56.12047882080082],[-99.02916666666664,56.10000000000004],[-98.992684258355,56.12136281331384],[-98.88119845920136,56.11730940077044],[-98.86579115125865,56.141916910807325],[-98.84166666666664,56.14166666666669],[-98.86341959635413,56.182629055447066],[-98.91128506130639,56.17859937879776],[-98.92026604546437,56.23137715657554],[-98.90501742892792,56.253315904405405],[-98.96054382324216,56.26306728786894],[-98.9842129177517,56.2867611355252],[-99.0063771565755,56.275567287868945],[-99.03749999999997,56.30000000000002],[-99.03132697211369,56.30771586100263],[-98.92182447645396,56.30486721462676],[-98.88831651475691,56.309048122829886],[-98.87499999999997,56.325000000000024],[-98.84657999674477,56.30776604546443],[-98.80506625705291,56.30350545247398],[-98.76324666341142,56.274432712131095],[-98.75085008409285,56.29223395453561],[-98.6924133300781,56.278599378797765],[-98.6583333333333,56.27916666666669],[-98.64791734483504,56.29165276421443],[-98.60590888129337,56.28785332573787],[-98.59657830132375,56.303136528862865],[-98.63021308051212,56.34922247992624],[-98.67107916937931,56.34648878309464],[-98.69049614800343,56.33267788357207],[-98.68763258192271,56.35733879937068],[-98.66236741807722,56.367661200629364],[-98.66744622124563,56.38664754231773],[-98.70345357259112,56.396592881944464],[-98.69522840711802,56.42162068684898],[-98.7083333333333,56.445833333333354],[-98.67721048990882,56.45776604546443],[-98.63407999674476,56.467233954535615],[-98.56007554796004,56.454519992404535],[-98.53159111870656,56.47048000759551],[-98.48419765896264,56.47017822265627],[-98.45917154947914,56.43688252766929],[-98.35200636121958,56.44104919433596],[-98.32580939398868,56.436811998155406],[-98.3083333333333,56.416666666666686],[-98.30321824815535,56.42943420410158],[-98.2729102240668,56.42139010959204],[-98.23333333333332,56.44166666666669],[-98.16743808322481,56.4325619167752],[-98.1657511393229,56.41602376302085],[-98.12286495632594,56.417309570312526],[-98.09061635335284,56.45064290364586],[-98.0645316229926,56.44935709635419],[-98.03333333333332,56.425000000000026],[-98.03266533745658,56.409145779079886],[-97.9833333333333,56.41250000000002],[-97.97083333333332,56.37083333333336],[-97.93749999999997,56.37916666666669],[-97.9243949042426,56.39498121473527],[-97.9281044854058,56.42143825954864],[-97.9130406697591,56.41606174045141],[-97.84782731797958,56.442271592881966],[-97.7833333333333,56.487500000000026],[-97.7784467909071,56.50339016384551],[-97.68124999999998,56.491681247287346],[-97.54791666666664,56.5083187527127],[-97.48504621717662,56.49964667426217],[-97.41007554796005,56.507980007595506],[-97.24999999999997,56.479166666666686],[-97.24074028862844,56.405093044704884],[-97.16699778238929,56.399138387044296],[-97.12083333333331,56.34166666666669],[-97.09659457736542,56.34235873752172],[-97.09508497450084,56.36164279513891],[-97.05495300292966,56.37995300292971],[-97.05336812337237,56.39516330295141],[-96.98507554796004,56.39548000759551],[-96.83749999999996,56.36666666666669],[-96.73945617675778,56.39223395453561],[-96.70907999674476,56.425567287868944],[-96.62130262586803,56.43811747233075],[-96.59664408365882,56.43681945800783],[-96.5948337131076,56.424382527669295],[-96.52963595920136,56.43395080566408],[-96.4708333333333,56.425000000000026],[-96.41004638671872,56.44201999240454],[-96.37257554796004,56.43785332573787],[-96.24778951009111,56.47556728786895],[-96.18554382324216,56.51609937879777],[-96.13333333333331,56.52083333333336],[-96.14233008490666,56.55730523003474],[-96.17563018798826,56.57728169759117],[-96.17423180474174,56.59100206163197],[-96.1216842651367,56.59668409559464],[-96.12827114529078,56.637770928276936],[-96.04622955322263,56.63686964246964],[-96.00214758978947,56.682702975802975],[-95.92257554796005,56.68714667426218],[-95.89999999999998,56.670833333333356],[-95.84778951009112,56.67556728786895],[-95.78423902723522,56.700637817382834],[-95.75221048990883,56.72859937879777],[-95.64999999999998,56.72916666666669],[-95.5937340630425,56.75000135633683],[-95.58410152859156,56.742638481987875],[-95.54918874104816,56.77015686035159],[-95.52164459228513,56.77150980631513],[-95.51146189371742,56.803447808159746],[-95.48822835286455,56.80909322102867],[-95.48685726589625,56.82948845757381],[-95.50480940077037,56.846467081705754],[-95.45077141655813,56.87160474989152],[-95.43159111870656,56.90381334092885],[-95.41595815022784,56.8842207166884],[-95.38007829454207,56.87855258517798],[-95.3583333333333,56.85000000000002],[-95.22695617675778,56.85473395453562],[-95.19657999674476,56.867233954535614],[-95.14166666666664,56.85833333333336],[-95.1117533365885,56.871400621202284],[-95.05954827202687,56.8619327121311],[-95.06723395453557,56.8762149386936],[-95.05416666666663,56.87916666666669],[-95.05744696723087,56.8950608995226],[-95.04166666666664,56.90833333333336],[-94.97716030544701,56.928549194335965],[-94.94926317003035,56.924382527669295],[-94.92580261230465,56.93406846788197],[-94.91566602918834,56.961833021375895],[-94.88406880696611,56.96746656629777],[-94.90080261230466,56.995098198784746],[-94.91543206108938,56.996526421441],[-94.91188252766923,57.01323682996964],[-94.93658650716142,57.05772569444447],[-94.80612284342445,57.07140062120229],[-94.738387383355,57.104875013563394],[-94.70934516059025,57.14223395453562],[-94.6333333333333,57.13750000000003],[-94.55416666666663,57.15000000000003],[-94.53407016330291,57.12854919433597],[-94.47581210666229,57.132662285698814],[-94.4583333333333,57.112500000000026],[-94.45868665907115,57.0725755479601],[-94.5083333333333,57.0291666666667],[-94.50416666666663,57.02083333333336],[-94.4895840115017,57.00834689670142],[-94.44340888129337,57.02464667426218],[-94.40416666666663,57.00416666666669],[-94.37916666666663,57.02500000000003],[-94.35880194769962,56.98958333333336],[-94.35359937879771,56.92278951009117],[-94.34070027669267,56.90899997287329],[-94.28945617675778,56.911932712131104],[-94.26567857530378,56.89109937879777],[-94.23395690917965,56.909242418077284],[-94.23789723714191,56.922004530164955],[-94.20046183268227,56.96457451714412],[-94.19498240152993,56.99081590440541],[-94.1708333333333,57.00000000000003],[-94.13971048990884,56.967233954535615],[-94.0674133300781,56.945266045464436],[-94.03447045220267,56.95026448567711],[-94.02157999674478,56.92859937879777],[-93.85416666666664,56.954166666666694],[-93.84409111870657,56.99131334092885],[-93.75833333333331,57.03333333333336],[-93.74338260226777,57.020480007595516],[-93.66424221462671,57.00868665907121],[-93.64618665907116,57.022575547960095],[-93.63297882080076,57.06495327419707],[-93.60399000379772,57.08847927517364],[-93.61730940077038,57.120199584960965],[-93.61180911593965,57.16172044542103],[-93.57325778537324,57.18298000759552],[-93.48405320909285,57.16588999430341],[-93.47839525010848,57.12993808322486],[-93.46353013780379,57.12842169867624],[-93.44898579915362,57.10496453179256],[-93.41249999999998,57.10833333333336],[-93.40745781792532,57.0872497558594],[-93.3642128838433,57.07464667426218],[-93.30590888129338,57.087853325737875],[-93.25659111870657,57.11631334092885],[-93.23824666341143,57.099432712131104],[-93.21760389539928,57.10890062120228],[-93.20416666666664,57.09583333333336],[-93.18749999999997,57.10833333333336],[-93.16249999999997,57.10416666666669],[-93.1756176418728,57.12546929253475],[-93.16986168755423,57.14923163519968],[-93.15354919433591,57.15696546766496],[-93.16601155598956,57.16336415608727],[-93.16666666666664,57.18333333333336],[-93.12157999674476,57.166099378797774],[-93.06040513780378,57.17870686848961],[-93.04237501356334,57.16577928331166],[-93.01631334092879,57.10587972005211],[-93.01702067057289,57.07254876030819],[-93.04964667426212,57.05242445203996],[-93.0299133300781,57.02859937879777],[-93.01820203993053,57.03753424750437],[-93.0112850613064,57.0244327121311],[-92.98124118381074,57.03287150065107],[-92.9208333333333,57.016666666666694],[-92.86874355740014,56.98389010959204],[-92.78410576714407,56.99928385416669],[-92.75480957031247,56.964634874131974],[-92.7535237630208,56.93536512586808],[-92.73749999999997,56.93333333333336],[-92.74618665907114,56.88087972005211],[-92.7333333333333,56.84583333333336],[-92.7399522569444,56.82048000759551],[-92.7583333333333,56.829166666666694],[-92.74526604546438,56.784079996744815],[-92.75536058213973,56.733212619357666],[-92.84757554796003,56.70451999240454],[-92.96004638671872,56.712853325737875],[-92.99166666666663,56.700000000000024],[-93.0017422146267,56.71631334092884],[-93.02254638671872,56.71701999240454],[-93.0524244520399,56.70798000759551],[-93.12278951009111,56.654733954535615],[-93.17499999999997,56.641666666666694],[-93.21007554796005,56.60451999240454],[-93.24412112765839,56.59131096733943],[-93.25416666666663,56.570833333333354],[-93.30590888129338,56.558686659071206],[-93.35416666666664,56.55833333333336],[-93.39166666666664,56.58750000000002],[-93.41974012586803,56.586914740668426],[-93.41609937879771,56.57404039171009],[-93.44934404161239,56.557373385959224],[-93.4591842651367,56.53418409559464],[-93.53242001003687,56.51189236111114],[-93.52826707628036,56.49649454752606],[-93.4583333333333,56.483333333333356],[-93.46642083062063,56.46184455023874],[-93.49975416395397,56.475655449761305],[-93.5617509629991,56.45761990017363],[-93.57606523301864,56.42988349066842],[-93.60026804606117,56.42836642795141],[-93.61815575493704,56.39934455023874],[-93.6729556613498,56.42017788357207],[-93.6964887830946,56.406844414605054],[-93.68785807291664,56.376709662543426],[-93.72257554796005,56.362853325737866],[-93.7833333333333,56.36250000000002],[-93.81989610460067,56.341099378797765],[-93.9399244520399,56.345480007595505],[-93.9755672878689,56.31128506130644],[-93.96666666666664,56.27500000000002],[-93.99213578965927,56.266049194335956],[-94.02843153211803,56.27580261230471],[-94.04029880099824,56.29228413899742],[-94.0919977823893,56.23419494628908],[-94.14929148356117,56.22411261664499],[-94.16666666666664,56.17500000000002],[-94.19999999999997,56.15000000000002],[-94.22585093180336,56.1008507622613],[-94.32408057318791,56.061795722113736],[-94.32499999999996,56.03333333333337],[-94.36666666666663,56.03333333333337],[-94.40054050021698,56.07977176242408],[-94.5403377956814,56.053561570909324],[-94.55054050021698,56.063105095757415],[-94.59516533745656,56.040854220920174],[-94.5958333333333,56.025000000000034],[-94.63654005262583,56.02017737494578],[-94.6583333333333,55.98333333333337],[-94.74757554796004,56.024646674262186],[-94.9270833333333,56.045818752712705],[-95.0899244520399,56.028813340928856],[-95.19583333333331,56.000000000000036],[-95.20091942681204,56.015962388780416],[-95.22574666341143,56.02140062120229],[-95.30612284342445,56.004733954535624],[-95.39657999674476,56.004733954535624],[-95.43749999999997,55.97083333333337],[-95.46754642062714,55.99926130506731],[-95.5924133300781,56.004733954535624],[-95.605083211263,55.98392876519101],[-95.7833333333333,55.98333333333337],[-95.79657202826604,55.892546420627205],[-95.82850545247393,55.89493374294708],[-95.83333333333331,55.870833333333366],[-95.91837955050995,55.862146674262185],[-96.03127644856768,55.871501329210105],[-96.04600168863931,55.89233466254343],[-96.10287967258027,55.86676839192712],[-96.10937432183158,55.88245476616757],[-96.15433502197264,55.88816799587677],[-96.19789021809893,55.867334662543435],[-96.22136230468747,55.87983466254344],[-96.2585016886393,55.87566799587677],[-96.30364820692273,55.849572923448385],[-96.33359425862628,55.85075988769535],[-96.33812357584632,55.87825741238068],[-96.3602895100911,55.891099378797776],[-96.41961839463973,55.87443271213111],[-96.43410474989146,55.90756191677521],[-96.46172858344181,55.90339525010854],[-96.45769042968746,55.8472813924154],[-96.50730319552947,55.832588365342914],[-96.51796061197913,55.80421312120229],[-96.52980041503903,55.8089760674371],[-96.55897623697913,55.791344875759584],[-96.55416666666663,55.770833333333364],[-96.5194654676649,55.74521569146054],[-96.4458333333333,55.7541666666667],[-96.44650132921004,55.73831244574656],[-96.46610989040795,55.72708994547529],[-96.46249999999996,55.708333333333364],[-96.48841857910153,55.68808729383684],[-96.65341254340275,55.68672315809465],[-96.66313035753035,55.6694256252713],[-96.64994981553816,55.64723205566409],[-96.69230957031246,55.62825113932295],[-96.69077317979597,55.6118572658963],[-96.61869845920135,55.607690599229635],[-96.58447062174476,55.591402011447514],[-96.57721048990882,55.603599378797774],[-96.5425862630208,55.60903761121965],[-96.54061211480031,55.62431352403432],[-96.51363728841143,55.637764655219215],[-96.49657999674476,55.61193271213111],[-96.38971048990882,55.64943271213111],[-96.2458333333333,55.6666666666667],[-96.2458333333333,55.712500000000034],[-96.21041666666665,55.72453121609161],[-96.18066236707897,55.71667989095055],[-96.11741333007811,55.750567287868954],[-96.05924258761934,55.724376424153675],[-96.0487850613064,55.703599378797776],[-95.8583333333333,55.73750000000003],[-95.89496103922524,55.69651302761505],[-95.85484602186412,55.69641316731774],[-95.83333333333331,55.683333333333366],[-95.81666666666665,55.645833333333364],[-95.83671993679468,55.64514770507816],[-95.84166666666663,55.62500000000003],[-95.80069783528643,55.60338779025611],[-95.79999999999998,55.583333333333364],[-95.83835093180336,55.54668426513675],[-95.94498240152993,55.50748240152998],[-95.9365514119466,55.487232632107236],[-95.91188235812714,55.483948940700984],[-95.93749999999997,55.45000000000003],[-95.97400037977428,55.44521569146053],[-95.98541666666665,55.46193847656253],[-96.0379691229926,55.44521569146053],[-96.05537923177081,55.45840793185767],[-96.0938268025716,55.4493823581272],[-96.34493374294703,55.345172119140656],[-96.35890062120224,55.30907999674482],[-96.34999999999998,55.266666666666694],[-96.45907999674476,55.288067287868955],[-96.5549133300781,55.25359937879777],[-96.58015475802948,55.26306728786895],[-96.60195617675778,55.246400621202284],[-96.62499999999997,55.25000000000003],[-96.64081590440534,55.24081573486331],[-96.63831990559892,55.21327192518449],[-96.6907541910807,55.20769348144534],[-96.71340569390188,55.18397098117407],[-96.87499999999997,55.16250000000003],[-96.88703816731768,55.139574517144126],[-96.87880079481334,55.13032972547746],[-96.92556728786889,55.100746663411485],[-96.91609937879771,55.084270562066],[-96.92695617675778,55.07140062120229],[-96.99792819552948,55.057873535156276],[-97.02499999999998,55.03333333333336],[-97.01113213433156,55.02021586100263],[-96.97130262586802,55.03395080566409],[-96.92375759548608,55.020654635959225],[-96.88117302788625,55.03271586100263],[-96.82985466851126,55.02002393934465],[-96.82499999999997,54.991666666666696],[-96.80872972276472,55.00063035753041],[-96.79166666666663,54.991666666666696],[-96.76054382324216,55.011932712131106],[-96.69508666992185,55.00359937879777],[-96.67596774631073,55.01289605034725],[-96.66569315592444,55.03686048719621],[-96.6117533365885,55.02859937879777],[-96.59999999999997,55.050000000000026],[-96.56374986436629,55.041681925455755],[-96.52532179090709,55.06314290364586],[-96.51176079644094,55.0382748074002],[-96.49519042968747,55.03658447265628],[-96.4910237630208,55.004488457573814],[-96.50858357747393,54.97170884874134],[-96.49166666666663,54.96250000000003],[-96.44412027994788,54.95798000759551],[-96.39999999999996,54.987500000000026],[-96.36713595920135,54.99645080566409],[-96.35696546766489,54.986882527669295],[-96.268027750651,55.01663275824656],[-96.2506679958767,54.999187554253496],[-96.25085093180337,54.98001742892798],[-96.30221048990883,54.970266045464435],[-96.37591959635414,54.92153761121964],[-96.41324666341143,54.92556728786895],[-96.4458333333333,54.91250000000002],[-96.44512973361542,54.9010426839193],[-96.40414326985673,54.882071601019994],[-96.3965918646918,54.85068630642364],[-96.4270833333333,54.84630194769968],[-96.44280395507809,54.85859781901044],[-96.51576707628035,54.82433878580731],[-96.6218587239583,54.72974412706166],[-96.67499999999997,54.72916666666669],[-96.68085530598955,54.69556003146704],[-96.69783969455293,54.68395080566409],[-96.74918924967444,54.675680541992215],[-96.7661973741319,54.69228413899742],[-96.80786404079858,54.674382527669295],[-96.86575927734371,54.67409261067711],[-96.88762071397566,54.6529727511936],[-96.88267957899302,54.621811591254364],[-96.85498657226559,54.611728244357664],[-96.8583333333333,54.59583333333336],[-96.88637797037757,54.59093763563371],[-96.87995775010847,54.567400444878494],[-96.92916666666663,54.575000000000024],[-96.95766635470918,54.55316602918839],[-96.96728413899737,54.50553453233509],[-96.95335557725691,54.47984313964846],[-96.91666666666663,54.46666666666669],[-96.97378506130639,54.45056728786895],[-96.99999999999997,54.416666666666686],[-96.98014424641924,54.404877726237004],[-97.02148878309458,54.394757419162346],[-96.99851108127167,54.361844550238736],[-96.97578396267357,54.36585693359377],[-96.97420789930553,54.350733778211826],[-96.96249999999996,54.35000000000002],[-96.96761508517793,54.32889912923179],[-96.99093153211803,54.328364054362],[-96.99238382975257,54.313486395941865],[-97.02466905381941,54.30330505371096],[-97.0333333333333,54.27500000000002],[-97.0701721191406,54.292566257052975],[-97.07597893608938,54.31186726888023],[-97.10074666341143,54.31723395453561],[-97.12083333333331,54.30833333333335],[-97.20300869411889,54.317246500651066],[-97.1878245035807,54.284346856011304],[-97.20951656765405,54.26218159993492],[-97.22984602186412,54.27141316731773],[-97.26446872287323,54.246413167317726],[-97.33656277126734,54.241036309136305],[-97.33851843939884,54.270137532552106],[-97.38333333333331,54.26666666666669],[-97.4149244520399,54.27881334092884],[-97.47008666992186,54.22026604546443],[-97.503229437934,54.238067287868944],[-97.56666666666663,54.22083333333335],[-97.59256625705292,54.17566121419273],[-97.6074766370985,54.174335055881095],[-97.5880672878689,54.148043823242205],[-97.5905078464084,54.12511393229168],[-97.55490180121525,54.12580261230471],[-97.54484710693357,54.157616170247415],[-97.52546912299259,54.16311747233075],[-97.46033986409502,54.15354919433596],[-97.43811764187281,54.1354936387804],[-97.44166683620874,54.11456841362849],[-97.41701999240449,54.098257785373285],[-97.43749999999997,54.05416666666669],[-97.42012905544702,54.02175276014543],[-97.38433634440102,54.01606258816193],[-97.36159430609807,53.98397098117408],[-97.32916666666664,53.9791666666667],[-97.32414906819659,53.96335093180342],[-97.25922071668835,53.93679148356123],[-97.24076097276473,53.90897098117408],[-97.1767128838433,53.88298000759552],[-97.04662746853296,53.86587253146705],[-97.0333333333333,53.837500000000034],[-97.0208333333333,53.85000000000004],[-96.96741841634112,53.85751970079213],[-96.9657999674479,53.83684455023875],[-96.9208333333333,53.8416666666667],[-96.92325778537324,53.817019992404546],[-96.84825778537324,53.80035332573788],[-96.82499999999997,53.8166666666667],[-96.80085008409284,53.795266045464444],[-96.76457451714407,53.81620483398441],[-96.7270833333333,53.80463545057512],[-96.58533969455291,53.82978430853953],[-96.53406846788191,53.846635945638056],[-96.51909111870657,53.87881334092885],[-96.42721048990882,53.895266045464446],[-96.37204827202687,53.891099378797776],[-96.34166666666663,53.92500000000002],[-96.27585076226124,53.90748240152998],[-96.2660491943359,53.8777988009983],[-96.27916666666663,53.8541666666667],[-96.29677056206593,53.85890062120229],[-96.32695617675778,53.83806728786896],[-96.40491333007809,53.83390062120229],[-96.43124999999996,53.81713545057512],[-96.45932142469614,53.82556728786896],[-96.50763075086802,53.79073350694448],[-96.52443271213104,53.75637715657555],[-96.51998257107202,53.73835093180342],[-96.37291598849824,53.70415276421444],[-96.3407575819227,53.68395690917972],[-96.25221048990882,53.667233954535625],[-96.19374999999998,53.67453121609161],[-96.15932142469616,53.64526604546444],[-96.1258109198676,53.64899325900611],[-96.11249999999997,53.62500000000003],[-96.0507637871636,53.61272328694665],[-96.05760498046872,53.57167477077911],[-96.0270784166124,53.563102722168],[-96.00546061197915,53.57495354546444],[-95.9989573160807,53.563203599717916],[-95.97171308729382,53.57009463840064],[-95.96587253146699,53.54246080186635],[-95.94660152859156,53.53652835422095],[-95.94483371310761,53.5243823581272],[-95.87700653076169,53.529784308539526],[-95.82163374159069,53.549249776204455],[-95.81249999999997,53.5041666666667],[-95.77083333333331,53.4666666666667],[-95.80868665907116,53.439214409722254],[-95.79999999999998,53.41250000000003],[-95.74804382324217,53.38390062120229],[-95.66755405002168,53.3659581502279],[-95.64804382324216,53.346400621202285],[-95.59254642062714,53.34092797173397],[-95.57026604546438,53.30711839463979],[-95.57083333333331,53.23333333333336],[-95.58824666341144,53.228599378797774],[-95.62708265516491,53.24998609754777],[-95.64754621717663,53.24548000759552],[-95.7208333333333,53.266666666666694],[-95.74272393120657,53.213327195909315],[-95.75768602159286,53.20624643961592],[-95.7414150661892,53.18410678439673],[-95.77566799587672,53.18254072401262],[-95.77077263726126,53.15956064860029],[-95.74583333333331,53.16250000000003],[-95.73669738769529,53.134068467881974],[-95.71604902479382,53.12561577690975],[-95.7256176418728,53.10463595920142],[-95.71666666666664,53.08750000000003],[-95.74999999999997,53.079166666666694],[-95.76249999999997,53.08750000000003],[-95.75359937879772,53.05907999674482],[-95.76249999999997,53.04583333333336],[-95.72982788085935,53.01576707628041],[-95.72429148356117,52.98838738335506],[-95.6757129245334,52.96590711805558],[-95.6719068739149,52.94184265136721],[-95.68395097520614,52.93613213433162],[-95.66330261230466,52.92843153211808],[-95.64583333333331,52.89583333333336],[-95.56723395453557,52.86471048990888],[-95.56738654242619,52.850776502821205],[-95.58749999999998,52.84583333333336],[-95.58693576388886,52.83011813693579],[-95.5682941012912,52.837473212348115],[-95.53005405002168,52.80762498643666],[-95.5490283542209,52.78256496853301],[-95.54387715657549,52.77140062120228],[-95.39697045220267,52.75026448567711],[-95.41763966878253,52.717321438259575],[-95.44804382324216,52.70776604546443],[-95.45332251654729,52.69206814236114],[-95.42294311523435,52.671501329210095],[-95.39141506618921,52.67005988226999],[-95.37291666666664,52.63334791395402],[-95.29198845757375,52.63814290364586],[-95.26521860758461,52.62852376302086],[-95.25074496799043,52.63436347113718],[-95.24908447265622,52.65064290364586],[-95.18365512424042,52.641023763020854],[-95.13365512424042,52.65480957031252],[-95.11313374837236,52.645190429687524],[-95.09061584472653,52.65765686035159],[-95.03432379828556,52.65354749891495],[-95.02026604546438,52.636285061306445],[-95.02996927897132,52.6049018012153],[-95.07363213433158,52.600617472330754],[-95.07860514322914,52.58958333333336],[-95.05895080566404,52.547993638780405],[-95.06323513454858,52.50080261230471],[-95.0742974175347,52.49919264051652],[-95.06995781792531,52.47058308919273],[-94.99778951009111,52.48276604546443],[-94.96458333333331,52.44584791395401],[-94.86766221788191,52.47022026909725],[-94.85762905544702,52.434252929687524],[-94.84166666666664,52.425000000000026],[-94.75200636121959,52.42854919433596],[-94.70907016330293,52.40771586100263],[-94.69247233072913,52.40904744466148],[-94.67824028862844,52.43657362196183],[-94.62499999999997,52.45416666666669],[-94.55416666666663,52.420833333333356],[-94.54025912814667,52.438130357530405],[-94.47056240505638,52.430062188042555],[-94.4698086208767,52.45063035753041],[-94.43554382324216,52.429733954535614],[-94.37997606065535,52.4243119981554],[-94.35324028862844,52.38842637803822],[-94.2747353447808,52.3571960449219],[-94.27806023491752,52.341963365342906],[-94.25880245632594,52.332715861002626],[-94.2382366604275,52.342284138997414],[-94.21713578965927,52.332715861002626],[-94.18406999376083,52.342284138997414],[-94.10080549452037,52.334049140082485],[-94.09900037977428,52.346450805664084],[-94.03380245632593,52.36311747233075],[-93.98820851643877,52.35505405002172],[-93.97499999999998,52.37500000000002],[-93.93112284342446,52.36609937879776],[-93.88835093180336,52.349149237738736],[-93.86666666666665,52.31250000000002],[-93.91458994547524,52.32444322374134],[-93.9367245144314,52.315928819444466],[-93.9325981987847,52.292469278971375],[-93.89265289306638,52.27011617024742],[-93.85279880099824,52.22438252766929],[-93.8270065307617,52.228549194335955],[-93.79265289306639,52.21178283691408],[-93.78749999999998,52.20000000000002],[-93.80748240152992,52.190815904405405],[-93.81957177056205,52.16664326985679],[-93.80448845757377,52.15769042968752],[-93.7592088487413,52.17108357747398],[-93.75728539360891,52.15901930067276],[-93.7257841322157,52.157635837131096],[-93.71185726589624,52.13813374837242],[-93.72564273410372,52.11938544379342],[-93.70769059922958,52.107417805989606],[-93.71249999999998,52.07916666666669],[-93.65091942681204,52.04512905544707],[-93.63958791097002,52.02546522352432],[-93.60208333333331,52.05786471896703],[-93.56840888129338,52.0579800075955],[-93.56249999999997,52.01250000000002],[-93.50497758653427,52.017673407660624],[-93.46545172797306,52.07973395453563],[-93.43112284342445,52.07556728786896],[-93.41545172797306,52.09223395453563],[-93.37328338623044,52.07881334092885],[-93.33540785047741,52.10370483398441],[-93.29778951009112,52.09640062120229],[-93.28070203993053,52.10836758083771],[-93.23422071668834,52.086791483561235],[-93.22800343831378,52.07046746148007],[-93.1253217909071,52.15480957031252],[-93.10516730414494,52.15084296332467],[-93.09898579915361,52.16586880154082],[-93.0708333333333,52.17500000000002],[-93.00170864529076,52.16285909016929],[-92.98958367241751,52.179152425130226],[-92.96751742892792,52.1783159044054],[-92.97470533582896,52.15932718912762],[-92.95626152886281,52.14629313151044],[-92.88090888129337,52.157980007595505],[-92.88781229654944,52.11357591417103],[-92.85487501356334,52.11161261664498],[-92.8451249864366,52.084220716688385],[-92.81445617675779,52.086932712131095],[-92.7833333333333,52.05833333333335],[-92.72204827202688,52.05359937879776],[-92.69132995605466,52.071717664930574],[-92.7256429036458,52.09021877712676],[-92.68749999999997,52.104166666666686],[-92.64630262586802,52.08688252766929],[-92.62990349663625,52.10478413899742],[-92.61296929253469,52.10478413899742],[-92.56329413519961,52.0950391981337],[-92.5395833333333,52.07556152343752],[-92.52499999999996,52.08333333333335],[-92.5083333333333,52.05000000000002],[-92.45659111870657,52.02951999240455],[-92.41770765516489,52.03679063585073],[-92.40865512424041,52.0243572658963],[-92.39894951714406,52.0464760674371],[-92.37948845757376,52.0243572658963],[-92.33953179253469,52.0368572658963],[-92.30911119249129,52.032626342773476],[-92.30741780598954,52.016023932562966],[-92.26350063747826,52.02415703667538],[-92.25688544379337,52.00769059922963],[-92.14999999999998,52.02500000000002],[-92.14101562499998,51.98009101019967],[-92.12083333333331,51.98750000000002],[-92.12982788085935,51.97173292371965],[-92.1949276394314,51.96186235215932],[-92.22026604546438,51.93137715657556],[-92.2208333333333,51.90833333333337],[-92.15922970241968,51.91182623969188],[-92.15505405002168,51.89654184977217],[-92.20331573486327,51.878315734863314],[-92.21755405002168,51.846541849772166],[-92.28669230143227,51.8116380479601],[-92.27083333333331,51.80000000000003],[-92.28823513454857,51.76330261230472],[-92.34799363878035,51.75771569146054],[-92.39907362196178,51.7157402886285],[-92.38554382324216,51.69640062120229],[-92.3458333333333,51.6916666666667],[-92.34086642795135,51.67056528727217],[-92.27916666666663,51.650000000000034],[-92.29119737413191,51.6243823581272],[-92.33549363878035,51.63271569146053],[-92.3962483723958,51.61569654676652],[-92.39174126519094,51.588712565104196],[-92.35451999240448,51.56909111870663],[-92.35899454752601,51.550899590386315],[-92.44910040961368,51.532672119140656],[-92.44791632758243,51.49584757486982],[-92.48507554796004,51.51631334092885],[-92.51249999999996,51.516666666666694],[-92.5178816053602,51.50359937879777],[-92.54592929416229,51.50697869194882],[-92.54240553114145,51.4925464206272],[-92.56874999999997,51.475468783908454],[-92.64804382324215,51.48693271213111],[-92.65390218098955,51.45530378553605],[-92.6951249864366,51.42827928331166],[-92.70872938368052,51.4009677463108],[-92.77831590440535,51.374149068196644],[-92.79081658257375,51.34109937879777],[-92.80949639214407,51.35453253852],[-92.87425333658851,51.3119327121311],[-92.92140062120222,51.32346462673614],[-92.90747138129338,51.28414103190107],[-92.88749999999997,51.29583333333336],[-92.84247606065534,51.27985466851131],[-92.84089830186629,51.29069502088762],[-92.80880262586803,51.30061764187286],[-92.77283969455291,51.295215691460534],[-92.74340888129338,51.27118665907121],[-92.64340888129337,51.29201999240454],[-92.58749999999996,51.32083333333336],[-92.56666666666663,51.300000000000026],[-92.56999070909285,51.27117818196618],[-92.55496080186629,51.26587253146704],[-92.54926452636715,51.2382998996311],[-92.51311747233069,51.22299346923831],[-92.51249999999996,51.15833333333336],[-92.47916666666663,51.179166666666696],[-92.47820231119788,51.20736914740671],[-92.40448845757375,51.246476067437094],[-92.37435709635413,51.228116353352895],[-92.38361680772566,51.20499555799699],[-92.34264594184025,51.21267666286895],[-92.32948845757375,51.195190599229626],[-92.27582634819875,51.20915985107425],[-92.27394951714406,51.221476067437095],[-92.24999999999996,51.2166666666667],[-92.21666666666663,51.25833333333336],[-92.15833333333332,51.245833333333366],[-92.15753902859156,51.22987806532121],[-91.94240400526256,51.203429328070776],[-91.95612284342445,51.183900621202284],[-91.98575778537324,51.18714667426218],[-92.01666802300345,51.17293260362416],[-92.01249999999996,51.1541666666667],[-91.96666666666664,51.145833333333364],[-91.97916666666664,51.116666666666696],[-92.04463941786022,51.120954047309056],[-92.05097130669486,51.104845174153674],[-92.0950035942925,51.09511718750003],[-92.08419596354165,51.05901963975697],[-92.24636281331378,51.01344061957468],[-92.22864413791231,50.99053751627607],[-92.24461839463973,50.9619327121311],[-92.20195617675779,50.974432712131104],[-92.14242282443574,50.95757717556426],[-92.140872531467,50.937772623697946],[-92.12712232801647,50.92982211642798],[-92.04246656629772,50.928413221571205],[-92.02499999999998,50.89583333333336],[-91.93011525472004,50.92110087076826],[-91.92407362196178,50.90092637803822],[-91.9063268025716,50.892284138997425],[-91.83333333333331,50.90416666666669],[-91.78824666341143,50.89109937879777],[-91.61471048990883,50.92859937879777],[-91.55094078911672,50.929696316189265],[-91.5174133300781,50.90359937879777],[-91.4833333333333,50.925000000000026],[-91.47389085557722,50.90435011121964],[-91.43001878526474,50.88272840711808],[-91.37162085639103,50.917271592881974],[-91.32165815565318,50.91593356662329],[-91.31999376085066,50.88816053602433],[-91.28967268202037,50.883938259548636],[-91.19583333333331,50.89583333333336],[-91.18333333333331,50.87916666666669],[-91.19720119900171,50.841049194335966],[-91.24502851698131,50.83676520453562],[-91.25895097520613,50.821652560763916],[-91.25420057508678,50.809694417317736],[-91.30324028862844,50.778240288628496],[-91.30081532796221,50.746660698784744],[-91.34109937879772,50.72721048990888],[-91.34999999999997,50.68750000000002],[-91.22916666666664,50.670833333333356],[-91.2381176418728,50.650469292534744],[-91.21733466254338,50.6366875542535],[-91.21666666666664,50.62083333333336],[-91.16701999240449,50.61492445203996],[-91.18258090549043,50.559106784396725],[-91.1717819213867,50.56276753743492],[-91.15385267469615,50.540503607855925],[-91.17145097520614,50.52167154947919],[-91.16335093180335,50.50085076226131],[-91.19937642415361,50.461590915256096],[-91.19061635335284,50.43685709635419],[-91.05865512424042,50.46314290364585],[-91.01271938747827,50.45741441514759],[-90.97916666666664,50.41250000000002],[-91.02916666666664,50.40416666666669],[-91.01594000922306,50.371719360351584],[-91.00209486219615,50.358816867404535],[-90.95915018717444,50.3700639512804],[-90.97816263834632,50.3256544325087],[-90.94248012966577,50.32433844672311],[-90.9365064832899,50.30485873752172],[-90.90279880099823,50.29104919433596],[-90.86450636121958,50.31188252766929],[-90.84704589843747,50.300074598524326],[-90.84166666666664,50.27500000000002],[-90.76713595920135,50.30478413899742],[-90.74999999999997,50.28750000000002],[-90.71666666666664,50.30416666666669],[-90.70770738389754,50.2841986762153],[-90.68424072265621,50.290936618381096],[-90.65359937879771,50.23843722873266],[-90.66703253851993,50.21366305881079],[-90.63824666341142,50.22973395453561],[-90.6009599473741,50.22017754448787],[-90.5035993787977,50.098785061306444],[-90.52973395453556,50.03010389539932],[-90.50906846788192,50.00080329047312],[-90.54246080186628,49.94662746853302],[-90.59074028862844,49.92824028862851],[-90.61867302788625,49.8964509752062],[-90.65318400065101,49.89926978217234],[-90.66728413899736,49.871569993760886],[-90.66249999999997,49.837500000000034],[-90.63844841851125,49.84193403455949],[-90.62428487141923,49.77989603678389],[-90.6083333333333,49.7791666666667],[-90.58824666341143,49.80056728786896],[-90.49517788357201,49.7776775783963],[-90.50085245768226,49.75911288791236],[-90.56315544976125,49.74079996744795],[-90.55416666666663,49.708333333333364],[-90.5880672878689,49.66788160536028],[-90.5785993787977,49.64508666992191],[-90.59943271213105,49.602210489908884],[-90.58693271213104,49.57182142469621],[-90.60056728786888,49.54461839463979],[-90.59229024251299,49.530075920952726],[-90.6175862630208,49.488082885742216],[-90.65398322211368,49.48222418891062],[-90.66584472656247,49.454883490668436],[-90.6463690863715,49.44792056613501],[-90.64926317003035,49.42995741102433],[-90.6208333333333,49.4416666666667],[-90.60771586100257,49.43196546766496],[-90.61684536404077,49.41374240451392],[-90.59938252766923,49.39863213433163],[-90.60895080566402,49.37963578965932],[-90.57570563422306,49.37419297960072],[-90.56249999999997,49.333333333333364],[-90.5083333333333,49.3416666666667],[-90.51620686848955,49.318738640679285],[-90.49645690917966,49.28242407904734],[-90.49998677571611,49.25982903374569],[-90.48693271213104,49.25295172797312],[-90.49999999999997,49.22916666666669],[-90.41453179253469,49.22564273410376],[-90.33837551540795,49.258583577473985],[-90.33749999999996,49.237500000000026],[-90.3160993787977,49.232118394639784],[-90.31976352267792,49.18397945827911],[-90.28749999999997,49.175000000000026],[-90.27435709635414,49.161051940918],[-90.27717895507809,49.12862820095489],[-90.24164326985674,49.12373826768666],[-90.23775024414059,49.09254218207468],[-90.22058308919267,49.090791151258706],[-90.22856038411454,49.07708333333336],[-90.21185709635412,49.061449517144126],[-90.22826775444875,49.025233629014785],[-90.1884372287326,49.011932712131106],[-90.13119828965927,49.024357096354194],[-90.11314273410372,49.01046820746531],[-90.11176079644095,48.992441474066865],[-90.07257554796004,48.98714667426218],[-90.03964758978948,48.95896369086374],[-89.97169918484155,48.962792290581625],[-89.97426588270397,48.92577819824221],[-89.94196336534286,48.915560234917564],[-89.93252003987628,48.89649488661027],[-89.89669358995224,48.895173475477456],[-89.86249999999998,48.84583333333336],[-89.88468288845483,48.816752454969645],[-89.90483584933808,48.82564290364586],[-89.91592559814451,48.815916273329016],[-89.92187601725259,48.77987026638458],[-89.94505666097002,48.77844679090714],[-89.95416666666665,48.75000000000003],[-89.98796929253469,48.741049194335965],[-90.04086405436195,48.750735134548634],[-90.05463595920135,48.77145080566409],[-90.10712076822912,48.74159206814239],[-90.11214531792531,48.756618923611136],[-90.08369140624997,48.76837632921009],[-90.07881334092878,48.79337972005211],[-90.09340888129337,48.80381334092885],[-90.12255011664493,48.79964667426218],[-90.14673021104598,48.84099460177954],[-90.15927056206594,48.842233954535615],[-90.18528951009111,48.82140062120228],[-90.24825778537323,48.82048000759551],[-90.27671305338538,48.77952168782554],[-90.29340888129337,48.775353325737875],[-90.35171576605899,48.766313340928846],[-90.38921305338538,48.77951999240454],[-90.43824666341142,48.7619327121311],[-90.52177056206594,48.77140062120228],[-90.59241333007809,48.753599378797766],[-90.60947062174476,48.76693115234377],[-90.64757554796003,48.742019992404536],[-90.6895833333333,48.74110514322919],[-90.72283969455292,48.725617472330754],[-90.77002393934458,48.72847866482207],[-90.7958333333333,48.700000000000024],[-90.83658786349824,48.699233330620686],[-90.82408447265622,48.66602376302086],[-90.69369845920136,48.68397623697919],[-90.67988043891056,48.696476236979194],[-90.64269680447045,48.68258836534291],[-90.64863213433156,48.649382527669296],[-90.55928175184458,48.66693420410159],[-90.55316704644093,48.64104919433596],[-90.52854919433591,48.64814961751304],[-90.54232245551212,48.60512661404082],[-90.58704223632809,48.58957926432294],[-90.55907999674476,48.55776604546443],[-90.53007066514753,48.56185540093318],[-90.49657999674476,48.54109937879777],[-90.44657999674476,48.558900621202284],[-90.42443271213104,48.55295172797312],[-90.42849290635847,48.5133965386285],[-90.38749999999996,48.508333333333354],[-90.3830657958984,48.496781751844644],[-90.40361565483937,48.47291666666669],[-90.37916666666663,48.450000000000024],[-90.41631334092878,48.414924452039955],[-90.39935709635414,48.40271877712676],[-90.40630154079858,48.375642903645854],[-90.38365512424042,48.37019042968752],[-90.32980041503903,48.38814290364586],[-90.27948845757375,48.37852376302086],[-90.24855211046004,48.39230957031252],[-90.2395833333333,48.371439615885436],[-90.19615512424042,48.379809570312524],[-90.17521938747826,48.36991441514759],[-90.16105211046003,48.332690429687524],[-90.07160678439666,48.33258226182728],[-90.07180107964408,48.31706271701391],[-90.09543745252819,48.30736558702259],[-90.10538160536022,48.2869327121311],[-90.1645833333333,48.2995313856337],[-90.18899570041229,48.27084655761721],[-90.2583333333333,48.262500000000024],[-90.34498257107201,48.224149237738736],[-90.3708333333333,48.20833333333336],[-90.37181260850691,48.1623233371311],[-90.40729539659284,48.16178114149307],[-90.43829379611542,48.12151828342016],[-90.5909020317925,48.094997490776926],[-90.5924414740668,48.079905870225716],[-90.6131429036458,48.07591552734377],[-90.55416666666663,48.06250000000002],[-90.5548882378472,48.0507480197483],[-90.58749999999996,48.05416666666669],[-90.62204827202687,48.016099378797776],[-90.66593831380204,48.015927802191875],[-90.66666666666663,48.000000000000036],[-90.71887715657549,47.99109937879778],[-90.72182379828556,47.96728583441844],[-90.77299363878035,47.96604902479387],[-90.79681972927514,47.9340504964193],[-90.82700636121959,47.92561764187286],[-90.86033969455292,47.94521569146054],[-90.91909111870656,47.94131334092885],[-90.93390062120223,47.91741333007816],[-90.91734042697479,47.880063035753075],[-90.94518737792966,47.86559668646922],[-90.95416666666664,47.775000000000034],[-90.98749999999997,47.775000000000034],[-90.98818325466577,47.790881686740484],[-91.00039638943139,47.79229685465498],[-91.04045715332029,47.77078840467668],[-91.03821309407549,47.72998453776045],[-91.09506496853295,47.686528354220954],[-91.09168260362411,47.66396704779734],[-91.14778951009112,47.62140062120229],[-91.16666666666664,47.6416666666667],[-91.24029880099823,47.60354902479387],[-91.26760389539928,47.64640062120229],[-91.31164906819659,47.624149068196644],[-91.30869106716577,47.59337887234161],[-91.33749999999998,47.5666666666667],[-91.37378506130639,47.57140062120229],[-91.40351070827906,47.557373555501336],[-91.4452472262912,47.50324774848093],[-91.44583333333331,47.47083333333337],[-91.47499999999998,47.454166666666694],[-91.50932142469615,47.471400621202285],[-91.58333333333331,47.4416666666667],[-91.60068172878687,47.46964314778649],[-91.62005649142793,47.467451477050815],[-91.62639465332029,47.48330518934465],[-91.67674221462671,47.442019992404546],[-91.69166666666665,47.458333333333364],[-91.71909111870657,47.45868665907121],[-91.72464192708331,47.464956834581194],[-91.67026604546439,47.50907999674482],[-91.68010389539928,47.51723395453562],[-91.69265475802949,47.50776604546444],[-91.72109798855249,47.526137118869386],[-91.70359937879772,47.57378506130645],[-91.71666666666664,47.61250000000003],[-91.74374999999998,47.60418124728736],[-91.78835008409285,47.61306728786896],[-91.81339959038627,47.56732788085941],[-91.83749999999998,47.554166666666696],[-91.8718082004123,47.59924265543623],[-91.89483371310762,47.59104902479387],[-91.92363213433157,47.654784308539526],[-91.9379691229926,47.645215691460535],[-91.95496927897133,47.66593153211809],[-91.97499999999997,47.6666666666667],[-91.9874325222439,47.70271894666887],[-92.01178046332463,47.696626620822514],[-92.02964477539061,47.732342698839005],[-92.0045199924045,47.75242445203996],[-92.07499999999996,47.79583333333337],[-92.09804382324215,47.795266045464444],[-92.11249999999997,47.7791666666667],[-92.1944654676649,47.77145097520619],[-92.20501708984371,47.742338901095955],[-92.24902818467878,47.74923180474178],[-92.24680107964406,47.66706254747182],[-92.29484524197045,47.641099378797776],[-92.30739610460066,47.65056728786895],[-92.35833333333329,47.63333333333337],[-92.35767822265622,47.61336415608727],[-92.33389010959198,47.585423278808626],[-92.33749999999996,47.554166666666696],[-92.38575778537323,47.545480007595515],[-92.5020833333333,47.47501458062069],[-92.51249999999996,47.4791666666667],[-92.5035491943359,47.51049346923831],[-92.45506625705292,47.561838785807325],[-92.53087972005206,47.57535332573788],[-92.6274244520399,47.56631334092885],[-92.68675333658851,47.545266045464444],[-92.71249999999996,47.55000000000003],[-92.83112284342445,47.504733954535624],[-92.89483405219181,47.5129820081923],[-92.90057678222654,47.488475036621125],[-92.97499999999997,47.47083333333337],[-92.98409220377602,47.53674401177304],[-93.0229807535807,47.54646352132165],[-93.02916666666664,47.56250000000003],[-93.07973395453556,47.57204827202694],[-93.06630079481334,47.58032989501956],[-93.0843061659071,47.603511895073815],[-93.13243374294701,47.621494547526076],[-93.14223395453556,47.642413330078156],[-93.13380194769962,47.65625000000003],[-93.14999999999998,47.6791666666667],[-93.18409135606551,47.64955613878041],[-93.24045172797307,47.67140062120229],[-93.26731245252819,47.63840348985463],[-93.28835008409285,47.64223395453562],[-93.3049133300781,47.62026604546444],[-93.36569892035588,47.646229214138486],[-93.38772176106768,47.68630761040585],[-93.40907999674477,47.67859937879778],[-93.43749999999997,47.7041666666667],[-93.44232788085935,47.65506625705299],[-93.4708333333333,47.63750000000003],[-93.4583333333333,47.6041666666667],[-93.48693271213105,47.54925333658857],[-93.50588226318357,47.53714667426218],[-93.52254926893444,47.54618665907121],[-93.54520144992402,47.52400614420576],[-93.54647098117402,47.505072360568604],[-93.55890062120223,47.51175333658857],[-93.55473395453556,47.53137715657555],[-93.57707451714407,47.54537150065107],[-93.60195617675778,47.52556728786895],[-93.62499999999997,47.525000000000034],[-93.64526604546438,47.49804382324222],[-93.64251759847002,47.450850931803416],[-93.68945617675779,47.474432712131104],[-93.74999999999997,47.4791666666667],[-93.84502207438149,47.44932369656036],[-93.84999999999998,47.43750000000003],[-93.85884568956159,47.46153581407338],[-93.96992492675777,47.50905676947703],[-94.01446872287323,47.54942016601566],[-94.03817918565534,47.55891316731774],[-94.06181674533417,47.54666714138458],[-94.13504197862409,47.59964107937286],[-94.20171305338538,47.59548000759552],[-94.26249999999996,47.620833333333366],[-94.29995964897999,47.651530456543],[-94.31249999999997,47.7291666666667],[-94.32880893283416,47.73921152750654],[-94.34166666666663,47.775000000000034],[-94.40750868055552,47.753462219238315],[-94.41803453233503,47.72854902479387],[-94.46586100260413,47.73678605821401],[-94.4708333333333,47.7166666666667],[-94.51887715657548,47.72026604546444],[-94.59677056206594,47.67859937879778],[-94.66249999999997,47.6916666666667],[-94.6988627115885,47.67890201144751],[-94.73239610460067,47.70473395453562],[-94.75732150607635,47.68693271213111],[-94.76249999999997,47.69583333333337],[-94.77916666666664,47.683333333333366],[-94.82671305338539,47.687853325737876],[-94.85501742892792,47.65918426513675],[-94.90463595920136,47.649382358127205],[-94.96466030544701,47.66728430853953],[-95.00496927897133,47.69926486545142],[-95.03966030544701,47.6993823581272],[-95.05068800184459,47.671642896864185],[-95.0833333333333,47.650000000000034],[-95.04662746853296,47.62003919813371],[-95.05501742892793,47.58835093180342],[-95.08258666992185,47.574432712131106],[-95.13219604492184,47.60026465521921],[-95.1583333333333,47.56250000000003],[-95.21324666341143,47.58806728786895],[-95.25510389539927,47.57973395453562],[-95.28430633544919,47.55065477159291],[-95.31158803304034,47.54506683349612],[-95.31249999999997,47.520833333333364],[-95.2755672878689,47.477210489908884],[-95.26751759847002,47.42831573486331]],[[-111.39049173990882,54.1662553575304],[-111.38693271213106,54.16961839463978],[-111.39166666666664,54.170833333333356],[-111.39049173990882,54.1662553575304]]],[[[-96.44461839463972,55.75890062120229],[-96.44125535753035,55.75534159342451],[-96.4458333333333,55.7541666666667],[-96.44461839463972,55.75890062120229]]]]}},{"type":"Feature","properties":{"id":"st-lawrence","group":"st-lawrence","name":"\u30bb\u30f3\u30c8\u30ed\u30fc\u30ec\u30f3\u30b9\u5ddd","outletHydrobasinId":7040034520,"sourceIds":[7040034520,7040374800,7040374950,7040402320,7040402430,7040426310,7040426320,7040392650,7040392520]},"geometry":{"type":"MultiPolygon","coordinates":[[[[-87.96249999999998,42.71666666666669],[-87.98368665907115,42.676715766059054],[-87.97464667426213,42.65588243272572],[-87.9833333333333,42.62083333333336],[-87.99498257107201,42.621684095594645],[-88.02576836480031,42.67819485134551],[-88.08196546766489,42.68271586100263],[-88.07973395453556,42.74682142469621],[-88.05806884765622,42.76363728841148],[-88.06619805230031,42.80208333333336],[-88.05776604546438,42.827951727973115],[-88.0708333333333,42.83333333333336],[-88.06306728786889,42.86054382324221],[-88.07556728786889,42.87822943793405],[-88.06242540147565,42.92795410156253],[-88.11249999999997,42.97083333333336],[-88.09935709635413,42.98478122287329],[-88.09661899142792,43.028333875868086],[-88.13747694227428,43.04724460177954],[-88.13263549804684,43.09505445692277],[-88.10767788357201,43.1544125027127],[-88.1325771755642,43.163256157769126],[-88.13766479492183,43.18655175103085],[-88.16772698296437,43.207600911458364],[-88.18643968370222,43.209065755208364],[-88.19166666666663,43.245833333333366],[-88.22916666666663,43.245833333333366],[-88.21224975585933,43.29079115125871],[-88.23653564453122,43.29679751926001],[-88.25868665907115,43.33992445203996],[-88.29130859374996,43.3558764987522],[-88.26312357584632,43.44492407904734],[-88.29516601562497,43.4717949761285],[-88.29140218098955,43.49052954779734],[-88.30763041178382,43.50092926025394],[-88.31666666666663,43.53333333333337],[-88.34910040961368,43.550661214192736],[-88.35033094618052,43.574138556586405],[-88.41875644259979,43.60055660671661],[-88.46666666666663,43.645833333333364],[-88.54066738552514,43.65881534152564],[-88.56249999999997,43.645833333333364],[-88.61891479492184,43.671362813313834],[-88.62564765082462,43.686548529730935],[-88.63749999999996,43.683333333333366],[-88.65416666666664,43.75833333333337],[-88.71741333007809,43.78390062120229],[-88.73407999674475,43.766099378797776],[-88.76324666341142,43.77556728786896],[-88.78428276909719,43.75900183783641],[-88.81666666666663,43.76250000000003],[-88.82943115234372,43.75302954779734],[-88.82566121419268,43.73423292371965],[-88.84502088758677,43.73266533745663],[-88.86386108398435,43.670867241753506],[-88.9004692925347,43.67978430853953],[-88.96666666666664,43.6541666666667],[-88.94522840711802,43.62970733642581],[-88.94653354220917,43.613296169704896],[-89.01883951822914,43.611894904242654],[-89.0493950737847,43.58967268202043],[-89.04999999999997,43.57083333333337],[-89.07499999999997,43.5916666666667],[-89.14198845757376,43.5618572658963],[-89.17948845757375,43.571476067437096],[-89.20619828965926,43.55480940077043],[-89.25755547417532,43.549293009440134],[-89.25910797119138,43.534072536892396],[-89.31313374837237,43.516023932562966],[-89.35688527425127,43.533976067437095],[-89.36326005723738,43.52156168619795],[-89.4083333333333,43.520833333333364],[-89.43954433865015,43.54517788357208],[-89.48646426730683,43.55081261528866],[-89.49648878309459,43.57829996744795],[-89.47154676649303,43.58408237033423],[-89.4708333333333,43.60000000000003],[-89.48255666097003,43.60071987575958],[-89.48410678439667,43.61591576470272],[-89.51458825005423,43.60893605550133],[-89.54792158338756,43.6202306111654],[-89.57916666666664,43.60833333333336],[-89.60141279432506,43.63336418999569],[-89.62400037977429,43.6243823581272],[-89.64719441731768,43.658299424913224],[-89.70416666666664,43.66250000000003],[-89.71214667426213,43.68090888129343],[-89.69201999240448,43.72674221462677],[-89.69526604546438,43.76054382324222],[-89.67962849934894,43.78125881618927],[-89.69583333333331,43.82083333333337],[-89.66249999999998,43.8666666666667],[-89.67019059922957,43.889635043674076],[-89.61744130452472,43.91323920355906],[-89.55416666666665,44.04583333333337],[-89.4591842651367,44.105017598470084],[-89.44999999999997,44.129166666666706],[-89.42164916992185,44.12981143527564],[-89.420026312934,44.14096103244361],[-89.37499999999997,44.154166666666704],[-89.3746419270833,44.16912350124787],[-89.3458333333333,44.191666666666684],[-89.37443847656247,44.23958333333336],[-89.37002088758678,44.25349867078995],[-89.35416666666664,44.25416666666669],[-89.36285332573782,44.30242445203995],[-89.38298000759546,44.33924221462676],[-89.39556867811412,44.42802937825523],[-89.41723395453556,44.46592000325523],[-89.41602834065752,44.48234558105471],[-89.39999999999998,44.49166666666669],[-89.40035332573783,44.52742445203995],[-89.42499999999997,44.545833333333356],[-89.41609937879771,44.61324666341148],[-89.4255672878689,44.63038160536027],[-89.39672071668834,44.642375013563395],[-89.3960979885525,44.661362711588566],[-89.37987518310544,44.66755405002173],[-89.3663133409288,44.73575778537329],[-89.34548000759546,44.760757785373286],[-89.29619106716576,44.78504503038197],[-89.31665208604598,44.81458333333336],[-89.29999999999997,44.87916666666669],[-89.2833333333333,44.87083333333336],[-89.27400037977428,44.954784138997425],[-89.26344858805336,44.94973246256513],[-89.24930216471351,44.9783877902561],[-89.18276604546438,45.02378506130645],[-89.20026465521916,45.038637288411486],[-89.17140062120222,45.06862284342451],[-89.16992407904728,45.08687642415367],[-89.12083333333331,45.10000000000003],[-89.02304382324216,45.19109937879777],[-88.98749999999997,45.19583333333336],[-88.8966840955946,45.24668426513675],[-88.92499999999997,45.28750000000003],[-88.95315856933591,45.288140360514355],[-88.99213595920136,45.32561764187286],[-89.00096028645831,45.31330769856774],[-89.02990349663625,45.3118823581272],[-89.11862284342445,45.36193271213111],[-89.14376152886283,45.36620686848961],[-89.15624728732637,45.354618326822944],[-89.19166666666663,45.37500000000003],[-89.19235466851126,45.386690436469216],[-89.23749999999997,45.395833333333364],[-89.23271569146047,45.43132680257165],[-89.20753072102862,45.465931532118084],[-89.17278951009112,45.471400621202285],[-89.13400709364146,45.50922970241974],[-89.14491882324216,45.56189761691626],[-89.09256625705292,45.56732788085941],[-89.06743503146699,45.58847164577911],[-89.06276753743487,45.63238474527998],[-89.03847181532115,45.63826819525828],[-89.0381174723307,45.658802456325986],[-88.97140062120222,45.756122843424514],[-88.99079895019528,45.79521721733944],[-88.96445617675778,45.79640062120229],[-88.93726908365882,45.82781626383467],[-88.96609937879771,45.84362284342451],[-88.96249999999996,45.88750000000003],[-88.9833333333333,45.8791666666667],[-89.02841322157116,45.921633232964446],[-89.01285332573782,45.960757785373296],[-89.04228413899736,45.99509667290585],[-89.0112850613064,46.038067287868955],[-88.98945617675778,46.03390062120229],[-88.91249999999997,46.07916666666669],[-88.90798000759546,46.09338226318363],[-88.92577887641056,46.124303181966184],[-89.00416666666663,46.108333333333356],[-89.01666666666664,46.12500000000002],[-88.99526604546438,46.16545172797311],[-89.06150037977427,46.166049194335955],[-89.06666666666663,46.191666666666684],[-89.09804382324216,46.191099378797766],[-89.11873847113712,46.1754597981771],[-89.1458333333333,46.18750000000002],[-89.17204827202688,46.17026604546443],[-89.26556599934894,46.18801371256512],[-89.27814924452038,46.17447035047745],[-89.31249999999997,46.191666666666684],[-89.34543745252819,46.16986558702259],[-89.34588351779512,46.15154317220054],[-89.37008666992185,46.13276604546443],[-89.39508666992185,46.146400621202275],[-89.41249999999998,46.133333333333354],[-89.45711839463974,46.14109937879776],[-89.52695617675779,46.17859937879776],[-89.59505598280163,46.16737874348961],[-89.6051571316189,46.186880832248285],[-89.63945617675779,46.1994327121311],[-89.65538160536022,46.191099378797766],[-89.68268229166664,46.19907565646703],[-89.69271477593314,46.179821438259566],[-89.76774970160588,46.17447035047745],[-89.81249999999996,46.195833333333354],[-89.79964667426214,46.218379720052106],[-89.80456254747176,46.24486558702259],[-89.8533984714084,46.25513848198787],[-89.88011525472002,46.30026753743492],[-89.96151360405813,46.29094950358075],[-89.96747606065534,46.27152133517797],[-89.97916666666663,46.27083333333336],[-89.99259575737844,46.29929707845054],[-90.04374999999996,46.30369805230037],[-90.08658820258243,46.29105258517797],[-90.09699198404944,46.25428059895835],[-90.1411973741319,46.228549194335955],[-90.16761508517791,46.254434204101585],[-90.18286404079858,46.24521586100263],[-90.22916666666663,46.262500000000024],[-90.2729807535807,46.25770297580297],[-90.27992078993051,46.2382768419054],[-90.30055508083764,46.24229702419707],[-90.31492445203989,46.22535332573787],[-90.3392422146267,46.24131334092884],[-90.39982401529944,46.24690687391495],[-90.42036404079857,46.26728413899742],[-90.44926317003035,46.24104919433596],[-90.46592983669701,46.25061747233075],[-90.55302937825518,46.2252644856771],[-90.61041666666664,46.18796861436634],[-90.66666666666663,46.17500000000004],[-90.75171305338539,46.204519992404535],[-90.8617533365885,46.19526604546443],[-90.87826266818573,46.19647793240019],[-90.88454827202688,46.213067287868945],[-90.90752224392358,46.20934007432728],[-90.9208333333333,46.22500000000002],[-90.96589423285587,46.21338636610245],[-90.97587551540795,46.26691691080731],[-90.98458319769962,46.254181925455754],[-91.0674133300781,46.304733954535614],[-91.1313771565755,46.29526604546443],[-91.1708333333333,46.262500000000024],[-91.21458333333331,46.27443847656252],[-91.24196336534285,46.238606431749155],[-91.27130245632593,46.232715861002625],[-91.29645097520614,46.25880262586808],[-91.29645097520614,46.28407016330297],[-91.2833333333333,46.295833333333356],[-91.29645097520614,46.30553453233509],[-91.2881891886393,46.332339138454884],[-91.31311764187281,46.35786404079863],[-91.28812357584633,46.39075758192276],[-91.31249999999997,46.40416666666669],[-91.34657999674477,46.39109937879776],[-91.36757236056854,46.40769551595054],[-91.4160681830512,46.417582194010436],[-91.41666666666664,46.43750000000002],[-91.46249999999998,46.47500000000002],[-91.51210378011065,46.457702975802974],[-91.55394829644095,46.46153157552086],[-91.55922342936195,46.43360833062068],[-91.57848120795353,46.42020297580297],[-91.63749999999997,46.420833333333356],[-91.63841196695961,46.400766669379365],[-91.67191721598304,46.363098483615474],[-91.70214758978948,46.36729702419707],[-91.71346401638452,46.38772176106773],[-91.76596103244356,46.367430623372414],[-91.77987213134763,46.42398444281686],[-91.80590888129338,46.43714667426217],[-91.8458333333333,46.416666666666686],[-91.90098809136282,46.42026604546443],[-91.92916666666665,46.44166666666669],[-91.94768371582029,46.395215861002626],[-91.97869754367402,46.408950805664084],[-92.0063771565755,46.403599378797765],[-92.03397911919485,46.36757032606339],[-92.07157999674477,46.37556728786895],[-92.08005405002169,46.36320834689673],[-92.11324666341143,46.35776604546443],[-92.15416666666663,46.39166666666669],[-92.19630262586801,46.361882527669295],[-92.2198337131076,46.38811747233075],[-92.2208333333333,46.34166666666669],[-92.25504218207462,46.35858357747398],[-92.29786512586801,46.32564290364586],[-92.3333333333333,46.320833333333354],[-92.35756191677514,46.334104749891516],[-92.3674645317925,46.36148579915367],[-92.4083333333333,46.35000000000002],[-92.45046929253469,46.383950805664085],[-92.47916666666663,46.383333333333354],[-92.4988369411892,46.36630079481339],[-92.52425503200952,46.38436347113718],[-92.52575920952688,46.399110243055574],[-92.64088711208764,46.417357720269116],[-92.63276604546438,46.448785061306445],[-92.64953816731767,46.46457451714412],[-92.6208333333333,46.52500000000002],[-92.64228413899737,46.55463595920141],[-92.5798431396484,46.58831108940974],[-92.57438252766924,46.63380262586808],[-92.6006174723307,46.66333821614586],[-92.5833333333333,46.68750000000002],[-92.62290072970917,46.729168023003496],[-92.64547458224823,46.714955986870685],[-92.63751390245223,46.664582655164956],[-92.64754842122393,46.654521009657145],[-92.72409430609805,46.65897115071617],[-92.77846238878035,46.69675292968753],[-92.78276604546438,46.761285061306445],[-92.80918409559459,46.790815904405406],[-92.86552937825518,46.787235514322944],[-92.87592909071178,46.80346374511721],[-92.92593722873261,46.80359937879777],[-92.97157999674477,46.82973395453561],[-93.04778951009112,46.81306728786895],[-93.12378506130639,46.820266045464436],[-93.1342373318142,46.83685540093319],[-93.17437642415362,46.842575751410614],[-93.18399454752601,46.88243374294707],[-93.20411648220484,46.89737650553388],[-93.19155799018009,46.9280456542969],[-93.17423977322046,46.91603630913631],[-93.14295789930553,46.929851616753496],[-93.14646369086368,46.94859246148006],[-93.13300916883678,46.96167839898006],[-93.08411017523869,46.963254123263916],[-93.08691609700517,46.981250000000024],[-93.0708333333333,47.00416666666669],[-93.09503072102862,47.009068467881974],[-93.14259304470484,47.0532402886285],[-93.21185557047524,47.0925706651476],[-93.20776604546438,47.135543823242216],[-93.18378499348955,47.172914123535186],[-93.19548000759546,47.18575778537329],[-93.17835540771482,47.21182369656036],[-93.1458333333333,47.2166666666667],[-93.13297797309025,47.24411858452694],[-93.0833333333333,47.27500000000003],[-93.04263848198782,47.32160152859161],[-93.02503390842011,47.35136108398441],[-93.03676689995656,47.359314982096386],[-93.0381174723307,47.40463578965932],[-93.01249999999997,47.454166666666694],[-92.91760728624129,47.49219614664717],[-92.90057678222654,47.488475036621125],[-92.89942186143661,47.51155293782555],[-92.83112284342445,47.504733954535624],[-92.73137715657549,47.545266045464444],[-92.68675333658851,47.545266045464444],[-92.60171305338538,47.57118665907121],[-92.53087972005206,47.57535332573788],[-92.45506625705292,47.561838785807325],[-92.5035491943359,47.51049346923831],[-92.51249999999996,47.4791666666667],[-92.5020833333333,47.47501458062069],[-92.38575778537323,47.545480007595515],[-92.33749999999996,47.554166666666696],[-92.33389010959198,47.585423278808626],[-92.35767822265622,47.61336415608727],[-92.35833333333329,47.63333333333337],[-92.30739610460066,47.65056728786895],[-92.29484524197045,47.641099378797776],[-92.24680107964406,47.66706254747182],[-92.24902818467878,47.74923180474178],[-92.20501708984371,47.742338901095955],[-92.1944654676649,47.77145097520619],[-92.11249999999997,47.7791666666667],[-92.09804382324215,47.795266045464444],[-92.07499999999996,47.79583333333337],[-92.0045199924045,47.75242445203996],[-92.02964477539061,47.732342698839005],[-92.01178046332463,47.696626620822514],[-91.9874325222439,47.70271894666887],[-91.97499999999997,47.6666666666667],[-91.95496927897133,47.66593153211809],[-91.9379691229926,47.645215691460535],[-91.92363213433157,47.654784308539526],[-91.89483371310762,47.59104902479387],[-91.8718082004123,47.59924265543623],[-91.83749999999998,47.554166666666696],[-91.81339959038627,47.56732788085941],[-91.78835008409285,47.61306728786896],[-91.74374999999998,47.60418124728736],[-91.71666666666664,47.61250000000003],[-91.70359937879772,47.57378506130645],[-91.72109798855249,47.526137118869386],[-91.69265475802949,47.50776604546444],[-91.68010389539928,47.51723395453562],[-91.67026604546439,47.50907999674482],[-91.72464192708331,47.464956834581194],[-91.71909111870657,47.45868665907121],[-91.69166666666665,47.458333333333364],[-91.67674221462671,47.442019992404546],[-91.62639465332029,47.48330518934465],[-91.62005649142793,47.467451477050815],[-91.60068172878687,47.46964314778649],[-91.58333333333331,47.4416666666667],[-91.50932142469615,47.471400621202285],[-91.47499999999998,47.454166666666694],[-91.44583333333331,47.47083333333337],[-91.4452472262912,47.50324774848093],[-91.40351070827906,47.557373555501336],[-91.37378506130639,47.57140062120229],[-91.33749999999998,47.5666666666667],[-91.30869106716577,47.59337887234161],[-91.31164906819659,47.624149068196644],[-91.26760389539928,47.64640062120229],[-91.24029880099823,47.60354902479387],[-91.16666666666664,47.6416666666667],[-91.14778951009112,47.62140062120229],[-91.09168260362411,47.66396704779734],[-91.09506496853295,47.686528354220954],[-91.03821309407549,47.72998453776045],[-91.04045715332029,47.77078840467668],[-91.00039638943139,47.79229685465498],[-90.98818325466577,47.790881686740484],[-90.98749999999997,47.775000000000034],[-90.95416666666664,47.775000000000034],[-90.94518737792966,47.86559668646922],[-90.91734042697479,47.880063035753075],[-90.93390062120223,47.91741333007816],[-90.91909111870656,47.94131334092885],[-90.86033969455292,47.94521569146054],[-90.83829413519962,47.93670586480038],[-90.83650037977428,47.924382358127204],[-90.79681972927514,47.9340504964193],[-90.77299363878035,47.96604902479387],[-90.72182379828556,47.96728583441844],[-90.71887715657549,47.99109937879778],[-90.66666666666663,48.000000000000036],[-90.66593831380204,48.015927802191875],[-90.62204827202687,48.016099378797776],[-90.58749999999996,48.05416666666669],[-90.5548882378472,48.0507480197483],[-90.55416666666663,48.06250000000002],[-90.6131429036458,48.07591552734377],[-90.5924414740668,48.079905870225716],[-90.5909020317925,48.094997490776926],[-90.43829379611542,48.12151828342016],[-90.40729539659284,48.16178114149307],[-90.37181260850691,48.1623233371311],[-90.3708333333333,48.20833333333336],[-90.34498257107201,48.224149237738736],[-90.2583333333333,48.262500000000024],[-90.18899570041229,48.27084655761721],[-90.1645833333333,48.2995313856337],[-90.10538160536022,48.2869327121311],[-90.09543745252819,48.30736558702259],[-90.07180107964408,48.31706271701391],[-90.07160678439666,48.33258226182728],[-90.16105211046003,48.332690429687524],[-90.18850063747826,48.37832370334203],[-90.2395833333333,48.371439615885436],[-90.24855211046004,48.39230957031252],[-90.27948845757375,48.37852376302086],[-90.32980041503903,48.38814290364586],[-90.38365512424042,48.37019042968752],[-90.41252780490449,48.38051859537762],[-90.39935709635414,48.40271877712676],[-90.41666666666663,48.41250000000002],[-90.41164923773869,48.4283159044054],[-90.37916666666663,48.450000000000024],[-90.40361565483937,48.47291666666669],[-90.3830657958984,48.496781751844644],[-90.38749999999996,48.508333333333354],[-90.42849290635847,48.5133965386285],[-90.43007066514754,48.55768873426651],[-90.49657999674476,48.54109937879777],[-90.53007066514753,48.56185540093318],[-90.56569892035587,48.56289605034725],[-90.58704223632809,48.58957926432294],[-90.54232245551212,48.60512661404082],[-90.52854919433591,48.64814961751304],[-90.55316704644093,48.64104919433596],[-90.55928175184458,48.66693420410159],[-90.64863213433156,48.649382527669296],[-90.64269680447045,48.68258836534291],[-90.67988043891056,48.696476236979194],[-90.69369845920136,48.68397623697919],[-90.82408447265622,48.66602376302086],[-90.83802964952254,48.694892713758705],[-90.7958333333333,48.700000000000024],[-90.77002393934458,48.72847866482207],[-90.72283969455292,48.725617472330754],[-90.6895833333333,48.74110514322919],[-90.64757554796003,48.742019992404536],[-90.60947062174476,48.76693115234377],[-90.59241333007809,48.753599378797766],[-90.52177056206594,48.77140062120228],[-90.43824666341142,48.7619327121311],[-90.38921305338538,48.77951999240454],[-90.35171576605899,48.766313340928846],[-90.29340888129337,48.775353325737875],[-90.27671305338538,48.77952168782554],[-90.24825778537323,48.82048000759551],[-90.18528951009111,48.82140062120228],[-90.15927056206594,48.842233954535615],[-90.14673021104598,48.84099460177954],[-90.12255011664493,48.79964667426218],[-90.09340888129337,48.80381334092885],[-90.07881334092878,48.79337972005211],[-90.08369140624997,48.76837632921009],[-90.11214531792531,48.756618923611136],[-90.10712076822912,48.74159206814239],[-90.05463595920135,48.77145080566409],[-90.04086405436195,48.750735134548634],[-89.98796929253469,48.741049194335965],[-89.95416666666665,48.75000000000003],[-89.94505666097002,48.77844679090714],[-89.92187601725259,48.77987026638458],[-89.91592559814451,48.815916273329016],[-89.90483584933808,48.82564290364586],[-89.88468288845483,48.816752454969645],[-89.86249999999998,48.84583333333336],[-89.89669358995224,48.895173475477456],[-89.93252003987628,48.89649488661027],[-89.94196336534286,48.915560234917564],[-89.97426588270397,48.92577819824221],[-89.97169918484155,48.962792290581625],[-90.03964758978948,48.95896369086374],[-90.07257554796004,48.98714667426218],[-90.11176079644095,48.992441474066865],[-90.11314273410372,49.01046820746531],[-90.13119828965927,49.024357096354194],[-90.1884372287326,49.011932712131106],[-90.22296820746524,49.0214762369792],[-90.22980957031247,49.0360521104601],[-90.21185709635412,49.061449517144126],[-90.22856038411454,49.07708333333336],[-90.22058308919267,49.090791151258706],[-90.23775024414059,49.09254218207468],[-90.24164326985674,49.12373826768666],[-90.27980957031247,49.13365512424048],[-90.27435709635414,49.161051940918],[-90.28749999999997,49.175000000000026],[-90.26666666666664,49.18750000000003],[-90.2257161458333,49.17999640570749],[-90.2208333333333,49.20000000000003],[-90.23390062120222,49.213714938693606],[-90.21576707628034,49.23267211914065],[-90.17499864366316,49.24373406304257],[-90.17083333333329,49.266666666666694],[-90.19492763943138,49.271470981174076],[-90.22831590440535,49.311649068196644],[-90.20203179253468,49.313142734103764],[-90.15818345811628,49.35712398952911],[-90.13405320909284,49.36327667236331],[-90.15924089219833,49.39909244113501],[-90.19899800618488,49.41223704020185],[-90.19672987196176,49.432659573025205],[-90.24362284342445,49.41723395453562],[-90.27499999999996,49.42083333333336],[-90.27021925184458,49.46992170545793],[-90.24673292371958,49.47566121419274],[-90.23806728786889,49.49362284342451],[-90.24223395453555,49.52795172797312],[-90.2035993787977,49.550850084092914],[-90.24101189507375,49.575973002115916],[-90.23724975585935,49.60329115125871],[-90.25313652886283,49.60491163465715],[-90.26248474121091,49.64041680230038],[-90.2063017103407,49.69102393256296],[-90.13119828965927,49.688142734103764],[-90.11669023301864,49.736238437228764],[-90.09374999999997,49.73796878390845],[-90.06609937879772,49.767413330078156],[-90.07083333333331,49.7791666666667],[-90.099149746365,49.77983737521705],[-90.10081973605683,49.81195288764109],[-90.12980940077038,49.82591552734378],[-90.09643605550129,49.85208825005429],[-90.12404412163626,49.89091406928172],[-90.08830702039928,49.89653896755646],[-90.07916666666665,49.9166666666667],[-90.05493486192489,49.917331102159324],[-90.05826466878253,49.936132642957936],[-90.04655185275605,49.94646352132165],[-90.01732788085936,49.94256625705299],[-90.01998240152993,49.982482401529985],[-89.988165113661,49.96335669623485],[-89.97817281087238,49.98686811659075],[-89.93528951009112,49.99640062120229],[-89.92410040961369,50.01600545247399],[-89.90063764784068,50.02173902723528],[-89.8958333333333,50.05000000000002],[-89.85416666666664,50.04583333333337],[-89.84999999999998,50.07916666666669],[-89.80506303575301,50.08817376030818],[-89.7688771565755,50.12026604546443],[-89.72278951009112,50.13806728786894],[-89.71232265896265,50.1612501356337],[-89.67621493869355,50.153599378797765],[-89.62721048990883,50.17443271213109],[-89.56862284342445,50.179733954535614],[-89.55739610460067,50.208900621202275],[-89.50907999674476,50.18276604546443],[-89.48824666341143,50.19223395453561],[-89.44166666666663,50.17916666666669],[-89.43776465521915,50.20719604492189],[-89.39159206814233,50.22204589843752],[-89.39093153211803,50.261697387695335],[-89.37156999376083,50.27145080566408],[-89.33749999999998,50.25416666666669],[-89.32916666666664,50.27083333333336],[-89.34223395453556,50.30510389539933],[-89.29913804796004,50.336692301432315],[-89.26175333658851,50.32859937879776],[-89.23507554796004,50.33714667426217],[-89.19999999999997,50.295833333333356],[-89.15497368706595,50.31737230088978],[-89.15336405436194,50.328431532118074],[-89.11004638671872,50.31214667426217],[-89.0833333333333,50.31666666666669],[-89.06249999999997,50.33333333333336],[-89.06586880154077,50.369819132487],[-89.01957160101993,50.44585673014325],[-89.000739203559,50.450774807400194],[-89.00340745713973,50.490830145941864],[-88.89754909939234,50.55035332573787],[-88.83688252766925,50.551367865668425],[-88.9131174723307,50.58433295355905],[-88.91180080837671,50.6033379448785],[-88.88749999999997,50.608333333333356],[-88.88272569444442,50.649086507161485],[-88.87145690917966,50.6490909152561],[-88.86457451714406,50.62962849934898],[-88.82278951009111,50.63806728786895],[-88.80359937879771,50.649149915907145],[-88.80769483778208,50.67401224772138],[-88.79804382324215,50.68276604546443],[-88.7424133300781,50.69640062120228],[-88.72199639214406,50.68296746148006],[-88.71574944390187,50.699407280816],[-88.69166666666663,50.700000000000024],[-88.69498257107202,50.74081590440541],[-88.67721048990882,50.7494327121311],[-88.6410491943359,50.74863213433162],[-88.65361735026039,50.7229187011719],[-88.6444654676649,50.707715861002626],[-88.63117302788625,50.70895080566409],[-88.60496080186628,50.72579413519968],[-88.59863213433157,50.74645080566409],[-88.58316955566403,50.743303765190994],[-88.5389000786675,50.77910427517364],[-88.52026604546438,50.74878506130645],[-88.5255672878689,50.725746663411485],[-88.51335008409285,50.695266045464436],[-88.4833333333333,50.700000000000024],[-88.47008836534285,50.74480319552954],[-88.45032179090708,50.754809570312524],[-88.4299140082465,50.7534376356337],[-88.43245781792531,50.712249755859396],[-88.37532179090708,50.729809570312526],[-88.35416666666663,50.72083333333336],[-88.35480855305985,50.70917527940541],[-88.39940151638451,50.69075113932294],[-88.41320834689667,50.64672071668839],[-88.43843722873261,50.6369327121311],[-88.47378506130639,50.64640062120228],[-88.4988627115885,50.62056884765627],[-88.5112850613064,50.62973395453562],[-88.51619805230031,50.61875000000003],[-88.47881334092878,50.58504774305558],[-88.48297526041664,50.55170966254342],[-88.45491333007809,50.528599378797765],[-88.38841078016489,50.53811713324655],[-88.3674133300781,50.554733954535614],[-88.34792548285587,50.546295166015646],[-88.32745463053382,50.5704772949219],[-88.3024505615234,50.56214667426217],[-88.28749999999997,50.59166666666669],[-88.25456271701385,50.605134412977456],[-88.22378506130639,50.64223395453561],[-88.20514831542965,50.641036648220506],[-88.17881334092878,50.618381076388914],[-88.17916666666665,50.59583333333336],[-88.21579437255858,50.567346530490475],[-88.20092112223305,50.565991210937526],[-88.18841213650171,50.532753499348985],[-88.14644097222218,50.53658650716148],[-88.1458333333333,50.52083333333336],[-88.21727159288191,50.492342122395854],[-88.19245164659284,50.48255649142797],[-88.19066908094615,50.454843817816865],[-88.14247606065534,50.4493119981554],[-88.12916666666663,50.42916666666669],[-88.09340888129339,50.445480007595506],[-88.03636288113061,50.403902180989604],[-87.965729437934,50.39109937879776],[-87.94508666992185,50.400567287868945],[-87.92425333658852,50.3869327121311],[-87.89583333333331,50.39583333333336],[-87.85416666666664,50.37500000000002],[-87.8270833333333,50.39536471896704],[-87.75924767388236,50.39106275770401],[-87.73843722873262,50.374432712131096],[-87.72499999999998,50.37916666666669],[-87.71566738552515,50.349517822265646],[-87.66763085259329,50.36763102213544],[-87.6339670817057,50.40064290364585],[-87.58821902804902,50.390628729926235],[-87.58125254313148,50.367270914713565],[-87.51666666666664,50.387500000000024],[-87.5173668755425,50.3674272325304],[-87.53664262559676,50.36591830783422],[-87.60473395453556,50.307586669921896],[-87.5813771565755,50.28806728786894],[-87.50612284342445,50.2869327121311],[-87.48276604546439,50.26741333007815],[-87.51933763292098,50.26248677571617],[-87.54166666666664,50.22500000000002],[-87.56723395453557,50.21788160536026],[-87.51007554796004,50.21285332573787],[-87.4517164442274,50.2461866590712],[-87.41666666666664,50.24166666666669],[-87.40350545247394,50.20923292371964],[-87.36320851643877,50.19911261664499],[-87.35776604546439,50.18407999674481],[-87.43244594997827,50.170124986436655],[-87.42848154703773,50.125793796115474],[-87.38365512424042,50.14230957031252],[-87.36445617675778,50.13390062120228],[-87.3049133300781,50.16306728786894],[-87.2880672878689,50.152210489908875],[-87.28689253065319,50.12174682617189],[-87.27499999999998,50.11666666666669],[-87.28390062120224,50.099062771267384],[-87.26249999999997,50.070833333333354],[-87.33253072102862,50.032598198784754],[-87.36867319742836,49.9964509752062],[-87.41666666666664,49.98333333333337],[-87.43001759847003,49.955017598470086],[-87.46991390652124,49.93262905544708],[-87.49069892035588,49.887895880805154],[-87.45089687771265,49.895161777072516],[-87.44911261664494,49.85904184977217],[-87.43010389539928,49.84943271213111],[-87.38528951009111,49.857766045464444],[-87.34693400065102,49.82448645697703],[-87.33749999999998,49.833333333333364],[-87.31666666666663,49.82500000000003],[-87.31004774305553,49.83785332573788],[-87.27499999999998,49.8291666666667],[-87.22991333007809,49.83806728786896],[-87.19672071668833,49.832624816894565],[-87.18824666341143,49.82026604546444],[-87.17157999674477,49.82973395453563],[-87.16249999999997,49.8166666666667],[-87.11075778537324,49.84964667426219],[-87.09999999999997,49.85000000000004],[-87.09999999999997,49.82500000000003],[-87.01363728841143,49.85443132188588],[-87.00416666666663,49.84583333333337],[-87.01840888129337,49.82535332573788],[-87.08358357747393,49.811624484592045],[-87.09230957031247,49.77884487575958],[-87.07435709635413,49.76811472574873],[-87.08397623697914,49.750915527343786],[-87.07596774631074,49.74622921413849],[-87.20350545247393,49.628267076280416],[-87.18749999999997,49.5916666666667],[-87.27409651014537,49.536854214138486],[-87.27951999240449,49.505908881293436],[-87.32177785237627,49.46319037543406],[-87.33824666341143,49.471400621202285],[-87.37304382324216,49.453599378797776],[-87.39236958821611,49.42176259358727],[-87.4255672878689,49.40295172797312],[-87.41295979817706,49.385428025987444],[-87.42916666666665,49.35833333333336],[-87.44100155300562,49.36164330376522],[-87.45416666666664,49.3166666666667],[-87.38408457438149,49.320152113172774],[-87.38241780598956,49.27852393256296],[-87.35352393256291,49.282171461317304],[-87.3631427341037,49.225321790907145],[-87.34943271213105,49.19265475802954],[-87.41054382324216,49.166099378797774],[-87.44166666666663,49.12916666666669],[-87.43554382324216,49.11723395453562],[-87.32083333333331,49.08750000000003],[-87.30415259467227,49.10563456217451],[-87.31746080186629,49.12837253146704],[-87.34045410156247,49.133258734809054],[-87.34155273437497,49.165507846408445],[-87.28433956570093,49.17564714219838],[-87.2333333333333,49.22916666666669],[-87.15463595920136,49.275617641872856],[-87.13749999999997,49.26250000000003],[-87.14109937879772,49.20195617675784],[-87.10035332573781,49.16075778537329],[-87.09886271158851,49.137235514322946],[-87.06755913628469,49.145096503363746],[-87.0549133300781,49.12859937879777],[-87.03012661404077,49.128510877821206],[-87.02916666666664,49.112500000000026],[-87.01341349283851,49.11310763888892],[-86.99657999674476,49.13390062120229],[-86.9833333333333,49.12916666666669],[-86.97009785970049,49.17420010036895],[-86.95771586100257,49.180534532335095],[-86.97027655707463,49.18958994547529],[-86.96728413899737,49.22036421034074],[-86.9455657958984,49.23011525472008],[-86.95895080566403,49.24926333957251],[-86.95346103244354,49.28669297960072],[-86.93749999999997,49.29166666666669],[-86.93676249186196,49.27990180121531],[-86.91398891872826,49.278511216905414],[-86.90898878309459,49.2895443386502],[-86.91315544976125,49.32712232801652],[-86.93390062120223,49.345086669921905],[-86.92802937825518,49.362764655219216],[-86.88112284342445,49.371400621202284],[-86.85074666341143,49.40473395453562],[-86.83432142469614,49.391099378797776],[-86.79668409559459,49.40501759847008],[-86.76306728786889,49.439456176757844],[-86.74914923773868,49.49081573486331],[-86.72325778537324,49.51631334092885],[-86.67580261230465,49.52156846788198],[-86.65880262586802,49.54228430853953],[-86.63306003146698,49.535811360677116],[-86.61875644259979,49.51722327338328],[-86.57286512586802,49.5464760674371],[-86.56589525010847,49.58672858344187],[-86.49675225151907,49.608552720811666],[-86.48685709635413,49.63241780598962],[-86.50340474446611,49.63410559760203],[-86.50480957031246,49.64894968668623],[-86.48042839898,49.65830976698137],[-86.47407362196176,49.70740695529517],[-86.40073682996959,49.725617641872866],[-86.3708333333333,49.70000000000003],[-86.37020975748695,49.75325741238068],[-86.35479838053382,49.7634938557943],[-86.34556884765621,49.798862881130674],[-86.37464667426212,49.81909111870663],[-86.36161261664493,49.857624816894564],[-86.34657999674475,49.86306728786896],[-86.32168409559458,49.85748240152998],[-86.27080485026038,49.801592678493954],[-86.29581604003903,49.78488447401262],[-86.27916666666663,49.770833333333364],[-86.29201999240449,49.73921559651696],[-86.27562357584634,49.715757412380675],[-86.27603013780379,49.70074496799048],[-86.29191691080726,49.69912448459205],[-86.27916666666663,49.66250000000003],[-86.2384863959418,49.65344950358076],[-86.21323682996959,49.6243823581272],[-86.19213595920135,49.6339509752062],[-86.17113003200951,49.6238935682509],[-86.16188252766923,49.613236660427546],[-86.16321411132809,49.596638997395864],[-86.17561747233069,49.59483371310767],[-86.17083333333329,49.5666666666667],[-86.10416666666664,49.57083333333337],[-86.0958333333333,49.55000000000003],[-86.0633095635308,49.54514533148875],[-86.05463578965927,49.52854902479387],[-86.00612284342446,49.52556728786895],[-85.95739610460068,49.567233954535624],[-85.93123728434243,49.55045895046661],[-85.90485873752168,49.571762932671476],[-85.90833333333332,49.60000000000003],[-85.89340888129338,49.59964667426218],[-85.84999999999998,49.5666666666667],[-85.8631176418728,49.550806342230935],[-85.8618203057183,49.525810750325554],[-85.82204589843748,49.53340793185767],[-85.78749999999998,49.516666666666694],[-85.76169738769529,49.570098198784756],[-85.74166666666665,49.583333333333364],[-85.7129691229926,49.55771569146054],[-85.68722686767576,49.57331136067712],[-85.71602478027341,49.51750878228085],[-85.69698944091795,49.52938232421878],[-85.66938527425128,49.50769059922963],[-85.6425120035807,49.50903557671444],[-85.6097213745117,49.55007375081383],[-85.59908447265623,49.52019059922963],[-85.55730319552949,49.582588365342914],[-85.51691250271264,49.57434455023875],[-85.50101826985674,49.583617316352026],[-85.49087677001951,49.554920281304284],[-85.47156931559242,49.553408813476594],[-85.4708333333333,49.5416666666667],[-85.43749999999997,49.54583333333336],[-85.42145097520614,49.535339864095086],[-85.46179436577688,49.482526312934056],[-85.48390062120222,49.41788160536027],[-85.47443271213105,49.403207058376765],[-85.51183878580727,49.374100409613746],[-85.52578006320527,49.33818562825524],[-85.54938574896916,49.336588372124595],[-85.5505672878689,49.310289510091174],[-85.57916666666664,49.27500000000003],[-85.51324666341144,49.24109937879777],[-85.46249999999998,49.25833333333336],[-85.46175113254121,49.23309987386071],[-85.41249999999998,49.2166666666667],[-85.40906151665578,49.16323767768015],[-85.4366995917426,49.154434882269996],[-85.44166666666663,49.12916666666669],[-85.42147606743704,49.11463487413197],[-85.41185726589624,49.08365512424048],[-85.43665703667531,49.04683397081166],[-85.40918426513669,49.04668409559464],[-85.37419738769529,49.086764865451414],[-85.33830702039928,49.09653896755645],[-85.33674485948347,49.13254767523874],[-85.32576751708982,49.142284138997425],[-85.3129691229926,49.1368825276693],[-85.21713578965927,49.19228430853953],[-85.21249999999998,49.16666666666669],[-85.27824723985458,49.12846238878041],[-85.28337351481117,49.1015302870009],[-85.31998240152993,49.08248257107208],[-85.34092627631291,49.0466732449002],[-85.27613711886933,49.06693115234378],[-85.2549133300781,49.05776604546444],[-85.22177056206594,49.07556728786895],[-85.20878787570527,49.06874186197919],[-85.22443271213105,49.05221048990888],[-85.21840888129337,49.02951999240454],[-85.14052937825518,49.10443115234378],[-85.11751742892793,49.09498257107207],[-85.10659111870658,49.058686659071206],[-85.06666666666663,49.04166666666669],[-85.06606818305119,49.02174886067711],[-85.04227430555552,49.00325317382815],[-85.04105902777775,48.9717468261719],[-85.02721048990882,48.96306728786895],[-84.97499999999997,48.9666666666667],[-84.96249999999996,48.94166666666669],[-84.88950636121959,48.95354919433596],[-84.8342597113715,48.932406955295164],[-84.82843153211802,48.90913594563805],[-84.80496080186629,48.90337253146704],[-84.80096774631073,48.88789605034725],[-84.82140062120223,48.86741333007815],[-84.80056728786889,48.83554382324221],[-84.80487501356333,48.81755405002173],[-84.84543728298608,48.807365587022595],[-84.85612284342444,48.79223395453562],[-84.89105902777774,48.79075317382815],[-84.89223395453556,48.76028951009117],[-84.91706271701386,48.730134412977456],[-84.94908040364581,48.71608378092451],[-84.94238145616316,48.63834567599829],[-84.98377719455291,48.615908474392384],[-84.97826707628035,48.60066121419273],[-84.95958319769963,48.59565599229603],[-84.94943271213104,48.55538160536027],[-84.96176317003035,48.54910753038197],[-84.95776604546438,48.53230794270836],[-84.98233778211802,48.48811306423613],[-84.94166666666663,48.49583333333336],[-84.94166666666663,48.47083333333335],[-84.90195617675778,48.4744327121311],[-84.88418341742619,48.45359937879777],[-84.80947062174477,48.50026448567711],[-84.77414991590709,48.49109937879776],[-84.76661817762583,48.497380574544295],[-84.77973395453556,48.51766425238718],[-84.76576402452254,48.53259819878475],[-84.75113728841143,48.528902180989604],[-84.69374118381073,48.55787150065107],[-84.68541564941403,48.55045301649308],[-84.62560763888885,48.600913492838565],[-84.617290242513,48.63242424858943],[-84.66666666666663,48.65416666666669],[-84.63001742892791,48.67168409559464],[-84.5833333333333,48.72500000000002],[-84.52130262586802,48.75061747233075],[-84.49261508517792,48.75026753743492],[-84.47963595920136,48.73271586100263],[-84.44483574761281,48.75348951551652],[-84.37182447645395,48.75763278537329],[-84.36584676106767,48.729938422309054],[-84.34999999999997,48.72500000000002],[-84.3785993787977,48.70637715657554],[-84.39675292968747,48.667249552408876],[-84.42831590440535,48.6533159044054],[-84.42026604546437,48.640451727973115],[-84.42853190104164,48.605073038737004],[-84.41249999999997,48.59583333333336],[-84.41702067057288,48.56004909939239],[-84.43161688910587,48.54548000759551],[-84.46581590440535,48.54914923773874],[-84.47499999999997,48.52916666666669],[-84.45776604546438,48.509079996744816],[-84.46585015190969,48.496656290690126],[-84.42574666341142,48.52140062120228],[-84.37499999999997,48.50000000000002],[-84.38264261881507,48.532393052842906],[-84.3509372287326,48.550567287868944],[-84.33422580295135,48.546570163302974],[-84.30637715657548,48.58276604546443],[-84.28112284342444,48.58390062120228],[-84.26576707628034,48.59933878580731],[-84.22695617675778,48.60056728786895],[-84.20624999999997,48.61619805230037],[-84.19052937825518,48.59973551432294],[-84.1333333333333,48.62500000000002],[-84.12254943847653,48.61214667426218],[-84.08507554796003,48.6086866590712],[-84.03417341444225,48.63259412977433],[-84.07831658257376,48.5744327121311],[-84.11158057318791,48.57429572211374],[-84.11666666666663,48.550000000000026],[-84.08959214952255,48.55787150065107],[-84.05833333333331,48.545833333333356],[-84.04651879204641,48.55896369086374],[-84.011919148763,48.52450256347659],[-83.96706288655596,48.54229702419707],[-83.94999999999997,48.52916666666669],[-83.95026465521916,48.54886271158856],[-83.9208333333333,48.550000000000026],[-83.91967451307507,48.51261393229169],[-83.87983517116969,48.51586778428822],[-83.87916666666665,48.50000000000002],[-83.92141316731768,48.48005438910592],[-83.90789557562931,48.467881266276066],[-83.92405988905162,48.44621412489151],[-83.85067935519746,48.45474650065106],[-83.84166666666664,48.445833333333354],[-83.88298000759546,48.39409111870662],[-83.87208302815753,48.36267734103735],[-83.91154022216794,48.34934421115454],[-83.90906745062932,48.325880940755226],[-83.95473395453557,48.30295172797311],[-83.94579908582897,48.28903537326391],[-84.06471048990883,48.2369327121311],[-84.10031670464407,48.21134948730471],[-84.09491390652124,48.20487094455297],[-84.07916666666665,48.191666666666684],[-84.04679311116534,48.19648912217884],[-84.02709520128036,48.22454054090714],[-83.98432142469616,48.242233954535614],[-83.94257761637368,48.23811713324655],[-83.89999999999998,48.26666666666669],[-83.89548000759547,48.21424221462676],[-83.8737850613064,48.186932712131096],[-83.8438771565755,48.216099378797765],[-83.76471048990884,48.24109937879776],[-83.7362850613064,48.211932712131095],[-83.70416666666664,48.21666666666669],[-83.69618750678165,48.18504842122398],[-83.70590888129338,48.175353325737866],[-83.7299133300781,48.18806728786895],[-83.76757592095267,48.14229024251304],[-83.79521416558157,48.136509535047765],[-83.79640062120224,48.114456176757834],[-83.81249999999997,48.108333333333356],[-83.81316121419269,48.07589959038631],[-83.82859937879772,48.064710489908876],[-83.82407362196179,48.04259304470488],[-83.77499999999998,48.008333333333354],[-83.73941836886934,48.00469614664717],[-83.71725514729815,48.01569552951393],[-83.71058163113062,47.99219614664717],[-83.64754689534503,47.99964430067278],[-83.6274244520399,47.971186659071215],[-83.5958333333333,47.95833333333337],[-83.58658447265623,47.975642734103765],[-83.56249999999997,47.975000000000016],[-83.55744035508894,47.94957919650611],[-83.54134487575952,47.9589760674371],[-83.51791653103297,47.950015258789094],[-83.50833333333331,47.979166666666686],[-83.47980940077038,47.98953162299266],[-83.47842746310761,48.007558695475296],[-83.46420983208547,48.0079752604167],[-83.44583333333331,47.98333333333337],[-83.44647437201603,47.950816345214875],[-83.50478430853947,47.908802456325986],[-83.4966388278537,47.8839516533746],[-83.52036421034069,47.86604902479387],[-83.5312566121419,47.87861005995012],[-83.56466013590492,47.86604902479387],[-83.58533986409503,47.84228430853953],[-83.61249999999997,47.837500000000034],[-83.61597696940102,47.817574225531715],[-83.58426700168184,47.81600867377391],[-83.57431674533417,47.78833380805125],[-83.53426903618704,47.795213656955326],[-83.52291666666665,47.78382568359378],[-83.42695617675778,47.81193271213111],[-83.4083333333333,47.79583333333337],[-83.42140062120222,47.777951727973125],[-83.41723395453556,47.74778951009118],[-83.43251139322913,47.73261650933163],[-83.42499999999997,47.69583333333337],[-83.43333333333331,47.683333333333366],[-83.22674221462671,47.645480007595516],[-83.16666666666664,47.60833333333336],[-83.06837972005205,47.587146674262186],[-83.03924221462671,47.59548000759552],[-83.02325778537323,47.57951999240454],[-82.97916666666664,47.57500000000003],[-82.93749999999997,47.587500000000034],[-82.9299133300781,47.578599378797776],[-82.87083333333331,47.583333333333364],[-82.882871500651,47.5395921495226],[-82.87130194769962,47.5104166666667],[-82.87436828613278,47.459327189127634],[-82.84526604546438,47.44668341742624],[-82.85776604546437,47.42695617675784],[-82.8333333333333,47.3791666666667],[-82.7729078504774,47.35046183268232],[-82.74677395290796,47.37136281331383],[-82.7333333333333,47.34583333333336],[-82.70389845106334,47.350800408257406],[-82.71320834689666,47.40327928331166],[-82.7333333333333,47.4041666666667],[-82.732526312934,47.42846103244361],[-82.69166666666663,47.44583333333336],[-82.67160508897567,47.434153238932325],[-82.61720716688365,47.48393842909074],[-82.53921305338538,47.457980007595516],[-82.48271586100257,47.45942789713545],[-82.49111565483938,47.47708333333336],[-82.47836405436195,47.507598198784756],[-82.46007554796003,47.50868665907121],[-82.43921305338539,47.54201999240455],[-82.38507554796003,47.54131334092885],[-82.3782792833116,47.50904184977217],[-82.33824666341143,47.49109937879777],[-82.28429497612844,47.490999518500466],[-82.25473395453555,47.46887715657555],[-82.25381198459198,47.43088124593102],[-82.2149505615234,47.40798000759552],[-82.20416666666662,47.42083333333336],[-82.22831590440535,47.43418426513675],[-82.22852884928382,47.465760972764784],[-82.21750047471785,47.465983412000895],[-82.21666666666663,47.45000000000003],[-82.16788160536021,47.453599378797776],[-82.12107103135847,47.48417697482642],[-82.11583218044701,47.50857747395836],[-82.09164123535153,47.51127946641713],[-82.08668755425343,47.496869066026505],[-82.06249999999996,47.491666666666696],[-82.04698927137585,47.50086076524526],[-82.0506176418728,47.515298800998295],[-82.01740451388886,47.50910881890194],[-82.00833333333331,47.53333333333337],[-81.99583333333331,47.53333333333337],[-81.97325778537324,47.500353325737876],[-81.93088311089407,47.47881334092885],[-81.87674221462672,47.482980007595515],[-81.86004621717663,47.47048000759552],[-81.81867319742837,47.478549024793864],[-81.78966013590492,47.44645097520619],[-81.75511525472002,47.43723263210723],[-81.72299346923826,47.478549024793864],[-81.6708333333333,47.48333333333336],[-81.66179148356117,47.4342207166884],[-81.63276604546438,47.40295172797312],[-81.63806728786889,47.37991333007815],[-81.61597866482202,47.30497623019751],[-81.55936347113713,47.30758836534291],[-81.55338999430336,47.28405320909291],[-81.52564273410371,47.27713504367407],[-81.52083333333331,47.25000000000003],[-81.49754621717662,47.25868665907121],[-81.4833333333333,47.25000000000003],[-81.47822129991317,47.205112033420164],[-81.45353647867836,47.20093722873267],[-81.45855492485892,47.21986931694882],[-81.43754492865666,47.22620951334638],[-81.41669582790796,47.277935451931455],[-81.35897606743704,47.285364956325985],[-81.35769059922957,47.29894968668623],[-81.39076758490665,47.31273345947268],[-81.38269059922958,47.33545769585506],[-81.39492170545788,47.33310869004994],[-81.39647606743704,47.34615512424048],[-81.38685726589624,47.36282179090715],[-81.4083333333333,47.38750000000003],[-81.39257998996308,47.38810746934682],[-81.38211839463973,47.40473395453562],[-81.35416666666664,47.38750000000003],[-81.37150132921005,47.42828097873267],[-81.30622355143227,47.45066799587676],[-81.3083346896701,47.4812659369575],[-81.28271569146048,47.496302456325985],[-81.31737230088973,47.57002631293406],[-81.34166666666664,47.587500000000034],[-81.34106818305119,47.607417636447515],[-81.32026604546438,47.62378506130646],[-81.3701985677083,47.646739705403675],[-81.37140062120223,47.66545172797312],[-81.25538160536021,47.67443271213111],[-81.25416666666663,47.7166666666667],[-81.23380245632593,47.7339509752062],[-81.22130245632593,47.72021569146054],[-81.19791005452471,47.72861005995012],[-81.17499999999997,47.708333333333364],[-81.17428707546655,47.72424045138892],[-81.15502387152775,47.7257483588325],[-81.15062527126733,47.73958723280168],[-81.1696365356445,47.77982211642799],[-81.13440043131507,47.77571055094404],[-81.08387383355031,47.80477176242408],[-81.05912679036456,47.80071953667538],[-81.06168009440101,47.82422807481557],[-81.0403377956814,47.83810509575741],[-81.0208333333333,47.812500000000036],[-80.98413119845917,47.821847534179724],[-80.95769042968747,47.85769958496097],[-80.96708747016056,47.87410702175568],[-80.95359937879772,47.88628506130646],[-80.96998257107202,47.892517598470086],[-80.97410040961368,47.936838785807325],[-80.94141642252602,47.94670884874135],[-80.94384562174476,47.95887162950307],[-80.89438544379337,47.9839760674371],[-80.86325853135848,47.980192735460086],[-80.87439371744789,48.035416666666684],[-80.86152072482636,48.05434332953561],[-80.84679463704424,48.049357096354186],[-80.8502502441406,48.06995781792536],[-80.8333333333333,48.07916666666669],[-80.81728685167097,48.06599867078995],[-80.79143202039927,48.06746453179255],[-80.795024617513,48.09116787380644],[-80.78125067816838,48.103521728515645],[-80.77136230468747,48.09516533745661],[-80.74183519151472,48.10900132921009],[-80.7194641113281,48.079008314344634],[-80.69999999999997,48.07500000000002],[-80.69908650716143,48.186892361111134],[-80.6833333333333,48.18750000000002],[-80.67833218044701,48.15808919270835],[-80.63407558865013,48.15761006673179],[-80.62351108127167,48.141011216905405],[-80.60416666666663,48.14583333333336],[-80.58782179090709,48.17147623697919],[-80.55495402018227,48.170139906141515],[-80.5339670817057,48.14935709635419],[-80.50904710557722,48.16730957031252],[-80.47577752007375,48.16321207682294],[-80.47019042968746,48.21634487575957],[-80.47958747016055,48.22827385796443],[-80.45865512424042,48.23397623697919],[-80.44438544379337,48.21602376302086],[-80.42573004828556,48.22827114529082],[-80.42425876193573,48.20907965766061],[-80.3833333333333,48.22083333333335],[-80.3833333333333,48.18750000000002],[-80.35171305338538,48.17881334092884],[-80.32916666666664,48.18333333333335],[-80.3326249864366,48.22411261664499],[-80.30121493869355,48.238067287868944],[-80.28554382324215,48.22140062120228],[-80.24092000325517,48.216099378797765],[-80.22386271158851,48.22943115234377],[-80.17008666992184,48.2244327121311],[-80.14171685112844,48.24320983886721],[-80.1458333333333,48.25416666666669],[-80.1267422146267,48.25381334092884],[-80.08575778537323,48.2336866590712],[-80.04340888129336,48.24131334092884],[-79.9594041612413,48.22153218587242],[-79.94975416395397,48.23398878309464],[-79.92170003255207,48.2285112169054],[-79.9116490681966,48.26164923773874],[-79.87083333333331,48.27916666666669],[-79.86576707628036,48.295172119140645],[-79.79790310329858,48.3003848605686],[-79.78125135633678,48.31629333496096],[-79.75191836886934,48.30052964952259],[-79.7135830349392,48.34219631618926],[-79.69166666666665,48.34166666666669],[-79.65416666666664,48.30416666666669],[-79.61450653076169,48.30895080566408],[-79.55632680257159,48.35354919433596],[-79.5145065307617,48.35895080566409],[-79.50335710313583,48.374311998155406],[-79.46780378553599,48.38359781901044],[-79.44999999999997,48.37500000000002],[-79.44526604546438,48.32278951009117],[-79.4299133300781,48.30776604546443],[-79.37987518310544,48.31338738335506],[-79.35927056206594,48.34640062120228],[-79.31349046495222,48.34645250108509],[-79.30416666666665,48.358333333333356],[-79.3116997612847,48.321795993381095],[-79.28413323296438,48.32007988823787],[-79.26152835422089,48.288268364800366],[-79.22949778238929,48.27830505371096],[-79.21666666666664,48.258333333333354],[-79.18248324924042,48.2619327121311],[-79.1505672878689,48.301956176757834],[-79.16249999999997,48.325000000000024],[-79.13337978786889,48.36379394531252],[-79.13243374294701,48.395172119140646],[-79.09267849392359,48.37026604546443],[-79.03407999674477,48.38390062120228],[-79.0063771565755,48.363067287868944],[-78.98368665907115,48.368408881293426],[-79.01450636121959,48.41188252766929],[-79.08395080566403,48.44536404079864],[-79.06179233127168,48.48672078450523],[-79.03688252766923,48.48849962022572],[-79.04091322157115,48.51586676703561],[-79.0208333333333,48.53333333333336],[-78.83958333333331,48.56619805230037],[-78.8063771565755,48.529733954535615],[-78.76343722873261,48.52026604546443],[-78.75295172797306,48.53390062120228],[-78.73112284342444,48.532766045464435],[-78.69673902723521,48.52019551595055],[-78.68224589029944,48.49226752387155],[-78.65080261230466,48.496568467881964],[-78.64166666666664,48.512500000000024],[-78.61041666666664,48.48751458062068],[-78.5708333333333,48.49583333333336],[-78.59645080566403,48.52130262586808],[-78.60389912923173,48.590718248155405],[-78.66249999999997,48.60416666666669],[-78.66167195638018,48.63264329698353],[-78.63409864637583,48.63402642144099],[-78.63630099826386,48.65746256510419],[-78.58131408691403,48.686869642469645],[-78.52916666666664,48.66666666666669],[-78.52422519259979,48.686760796441],[-78.48125474717878,48.70356377495662],[-78.45521714952254,48.69519042968752],[-78.45332132975257,48.70762973361548],[-78.40561455620656,48.71730957031252],[-78.39969991048173,48.704971652560786],[-78.3833333333333,48.71250000000003],[-78.37030368381073,48.70109998914933],[-78.3996415879991,48.67745496961808],[-78.39999999999996,48.64583333333336],[-78.26862284342444,48.5869327121311],[-78.23333333333329,48.56250000000002],[-78.21998257107201,48.53418409559464],[-78.18806728786889,48.51887715657554],[-78.20443115234372,48.45113728841148],[-78.18723551432288,48.4446960449219],[-78.19130893283416,48.376711697048634],[-78.18088277180986,48.36631334092884],[-78.14754638671872,48.3704783121745],[-78.13368665907115,48.348257785373285],[-78.1333333333333,48.33333333333336],[-78.15753919813365,48.32837253146703],[-78.20763075086802,48.27823350694447],[-78.21758626302079,48.25070427788631],[-78.32826707628034,48.22433878580731],[-78.36666666666663,48.18750000000002],[-78.3208333333333,48.15833333333335],[-78.3631429036458,48.04438527425134],[-78.34236450195309,48.036721123589444],[-78.34097188313798,48.00501319037547],[-78.30624999999996,48.01189388699005],[-78.28429768880204,47.99903581407339],[-78.29640062120222,47.984079996744825],[-78.28685709635413,47.939531622992654],[-78.25910983615448,47.92844679090715],[-78.25416666666663,47.88333333333337],[-78.21445617675778,47.895266045464446],[-78.19257236056853,47.89102901882599],[-78.18333333333331,47.870833333333366],[-78.13087955050996,47.912853325737885],[-78.06113213433157,47.87438235812721],[-77.99662746853296,47.90079413519969],[-77.99483371310761,47.913117641872866],[-77.97854902479382,47.904635789659324],[-77.98207804361977,47.89231601291236],[-77.96666666666664,47.8916666666667],[-77.94881523980033,47.94131995307078],[-77.91324666341144,47.95473395453563],[-77.88848809136283,47.94109937879778],[-77.8583333333333,47.945833333333354],[-77.89645097520614,47.89630245632599],[-77.91278330485024,47.85082889133033],[-77.87990654839408,47.86590169270837],[-77.8784476386176,47.84687143961592],[-77.86756625705293,47.84649454752608],[-77.82402089436846,47.89103393554691],[-77.79232262505423,47.900959777832064],[-77.80036587185327,47.92800343831384],[-77.77594078911673,47.9380294799805],[-77.69374999999998,47.91289588080515],[-77.67608388264972,47.91726498074005],[-77.65505303276908,47.9382726033529],[-77.65341000027124,47.96154581705733],[-77.60641496446395,47.999470520019564],[-77.5958333333333,48.00000000000002],[-77.60359937879772,47.97278951009118],[-77.58824666341144,47.957766045464446],[-77.5378958808051,47.9759677463108],[-77.52157999674476,48.00056728786896],[-77.50074666341143,47.99109937879778],[-77.4674133300781,48.00056728786896],[-77.45354309082029,47.967575920952726],[-77.39362284342445,47.96193271213111],[-77.34109937879772,47.92378506130646],[-77.34080522325301,47.85449778238936],[-77.3004691229926,47.84521569146054],[-77.29488474527992,47.85860070122616],[-77.27670983208547,47.85380859375003],[-77.26180216471352,47.80911220974396],[-77.23424903021916,47.80773484971792],[-77.21574859619137,47.77975565592451],[-77.18749999999997,47.7791666666667],[-77.12916666666663,47.837500000000034],[-77.12433878580727,47.85743374294708],[-77.03406948513452,47.89659118652347],[-77.02712232801646,47.92434455023875],[-76.94240790473087,47.942390102810364],[-76.9415846082899,47.969531589084234],[-76.91690436469182,47.980010308159756],[-76.9117516411675,48.00330929226349],[-76.85922309027775,48.029372321234845],[-76.8524244520399,48.01701999240455],[-76.83007236056855,48.02147098117408],[-76.78575778537324,48.053813340928855],[-76.66887715657549,48.07443271213111],[-76.5928816053602,48.07443271213111],[-76.57410040961368,48.09517211914064],[-76.49672071668833,48.11737501356339],[-76.48749999999997,48.133333333333354],[-76.43279283311628,48.12022840711808],[-76.41874627007375,48.12863091362849],[-76.41181165907115,48.105001491970505],[-76.3674380832248,48.1075619167752],[-76.3659020317925,48.09250250922311],[-76.35032179090709,48.08685709635419],[-76.3339670817057,48.096476236979186],[-76.30063374837236,48.08269042968752],[-76.24999999999999,48.09166666666668],[-76.23211839463974,48.0744327121311],[-76.0770833333333,48.08796861436634],[-76.04166666666664,48.108333333333356],[-76.04097985161673,48.136759440104186],[-76.00024583604599,48.14648878309464],[-75.95049506293401,48.13417833116321],[-75.8949730767144,48.19510362413197],[-75.87157999674477,48.186932712131096],[-75.80074666341143,48.213067287868945],[-75.7826721191406,48.17173292371964],[-75.75833333333331,48.170833333333356],[-75.74943271213105,48.13824666341148],[-75.77083333333331,48.045833333333356],[-75.7464162190755,48.040746900770436],[-75.72499999999998,48.0041666666667],[-75.71445617675779,48.004733954535624],[-75.67821740044485,48.04099816216366],[-75.65477583143443,48.03836924235029],[-75.65359937879772,48.06887715657555],[-75.62180107964407,48.087895880805156],[-75.61249999999997,48.14166666666669],[-75.59092000325518,48.13693271213111],[-75.55833333333331,48.166666666666686],[-75.51249999999997,48.1416666666667],[-75.50085008409286,48.15890062120229],[-75.45416666666664,48.16250000000002],[-75.4712483723958,48.23236321343318],[-75.45490214029945,48.238299899631095],[-75.44999999999997,48.262500000000024],[-75.47843644883895,48.30098266601565],[-75.4660490247938,48.34446546766495],[-75.48749999999997,48.36250000000002],[-75.47017788357202,48.427122328016516],[-75.41337042914493,48.47105238172745],[-75.42507629394528,48.498689778645854],[-75.40757548014321,48.53259718153214],[-75.3800103081597,48.5377376980252],[-75.37443271213105,48.60221048990888],[-75.34584130181204,48.630749511718776],[-75.35300784640839,48.64571940104169],[-75.27473263210717,48.659281751844645],[-75.27752939860024,48.67099711100263],[-75.23634117974173,48.729052734375024],[-75.19999999999997,48.75416666666669],[-75.24166666666665,48.75000000000003],[-75.27084486219616,48.76515028211808],[-75.20897098117402,48.8050723605686],[-75.19804382324216,48.83276604546444],[-75.10507575141057,48.85895690917971],[-75.08141479492184,48.886970350477455],[-75.05993041992184,48.891664632161486],[-75.04792175292965,48.87539198133683],[-75.01761271158851,48.88409186469187],[-75.01988796657983,48.9160569932726],[-74.98749999999997,48.92083333333336],[-74.98298000759546,48.956591118706626],[-74.96666666666664,48.97500000000003],[-74.9458333333333,48.97500000000003],[-74.95451999240449,48.99337972005211],[-74.93661261664494,49.04512498643666],[-74.85085076226126,49.07168409559465],[-74.82825758192271,49.10770975748701],[-74.80612284342445,49.10890062120228],[-74.73429328070743,49.15065578884551],[-74.7208333333333,49.175000000000026],[-74.70776604546438,49.155103895399336],[-74.7130672878689,49.13528951009118],[-74.74100545247393,49.11160040961374],[-74.76600172254771,49.063463677300376],[-74.7458333333333,49.050000000000026],[-74.70416666666664,49.06666666666669],[-74.67157999674475,49.01609937879777],[-74.64804382324215,49.036932712131104],[-74.62859937879772,49.03211839463978],[-74.62977939181854,49.00507880316843],[-74.66994594997827,48.990958319769994],[-74.67006734212237,48.97572055392798],[-74.59757554796003,48.958686659071205],[-74.56323682996958,49.00061747233076],[-74.53402642144094,48.98626539442277],[-74.5112850613064,48.9244327121311],[-74.45508015950517,48.933940972222246],[-74.44166666666663,48.950000000000024],[-74.42083333333329,48.93333333333336],[-74.34999999999997,48.93750000000003],[-74.3506679958767,48.92164577907989],[-74.3785491943359,48.89382697211374],[-74.383994547526,48.859232923719645],[-74.39953816731767,48.847907850477455],[-74.39166666666664,48.83750000000003],[-74.35497606065535,48.84235466851131],[-74.34086405436194,48.86593153211808],[-74.31592983669701,48.87145080566409],[-74.28418409559458,48.86164923773874],[-74.2959079318576,48.81128743489586],[-74.28196546766489,48.7868825276693],[-74.25463595920135,48.80061747233076],[-74.2017422146267,48.7961866590712],[-74.18504638671871,48.808686659071206],[-74.16007554796003,48.80798000759551],[-74.14375101725257,48.79168023003475],[-74.11666666666663,48.800000000000026],[-74.09804382324215,48.8244327121311],[-74.04583333333329,48.83750000000003],[-74.04964514838322,48.88995361328128],[-74.00416666666665,48.90833333333336],[-73.98676215277776,48.8757754855686],[-73.94382680257159,48.903549194335966],[-73.92168426513669,48.89498257107208],[-73.91986558702254,48.87956271701391],[-73.88693271213106,48.86545172797312],[-73.87403225368921,48.81706271701391],[-73.83824666341144,48.7994327121311],[-73.82254621717662,48.808686659071206],[-73.78921186659069,48.800356038411486],[-73.7649244520399,48.83714667426218],[-73.71331244574651,48.84233466254343],[-73.70833333333331,48.85416666666669],[-73.69615512424042,48.84102376302086],[-73.67947692871091,48.842457411024334],[-73.67412448459199,48.86275024414065],[-73.63838636610241,48.853394232855926],[-73.67082010904946,48.805662367079016],[-73.61604902479381,48.73380262586808],[-73.62011769612627,48.709138997395854],[-73.60073666042749,48.69938252766929],[-73.56450653076169,48.707715861002626],[-73.54799346923825,48.68811747233075],[-73.51334296332463,48.70100063747832],[-73.51666666666664,48.71666666666669],[-73.50214758978947,48.72853630913631],[-73.4761277940538,48.72020297580298],[-73.47830081515839,48.75029229058162],[-73.44658321804468,48.75081922743058],[-73.44088355170354,48.77817382812503],[-73.40588158501517,48.78785434299048],[-73.38504774305552,48.81701999240454],[-73.3583333333333,48.81666666666669],[-73.3576466878255,48.75908406575523],[-73.3333333333333,48.762500000000024],[-73.32325778537324,48.71701999240454],[-73.30512644449867,48.721489122178845],[-73.28030378553599,48.75859781901044],[-73.26666666666664,48.74166666666669],[-73.26183878580727,48.68839959038631],[-73.1924133300781,48.6494327121311],[-73.1174133300781,48.67140062120228],[-73.09076707628036,48.65066121419273],[-73.0311859130859,48.6506303575304],[-73.02576090494789,48.67009785970055],[-73.05456305609806,48.66603630913631],[-73.06313035753035,48.67539638943145],[-73.05413750542532,48.702935451931445],[-73.06631232367619,48.723286607530405],[-73.01666666666664,48.72916666666669],[-72.99240349663626,48.70354919433596],[-72.9708333333333,48.71250000000003],[-72.96604919433591,48.67546929253474],[-72.98395080566404,48.65880262586808],[-72.97846611870656,48.63015780978735],[-72.963192070855,48.62400648328995],[-72.94089830186628,48.57180514865454],[-72.91278008355032,48.569901869032144],[-72.87916666666663,48.52916666666669],[-72.85792066786021,48.5428419325087],[-72.87454935709633,48.56041293674048],[-72.86545172797305,48.57556728786895],[-72.85295172797306,48.566099378797766],[-72.81344943576386,48.57016499837242],[-72.79375881618921,48.54212849934898],[-72.76249999999997,48.55416666666669],[-72.76185709635413,48.52286512586808],[-72.75001525878903,48.5112501356337],[-72.75858357747393,48.46754218207467],[-72.73749999999997,48.46250000000002],[-72.73261345757375,48.490890163845506],[-72.69702724880639,48.487620713975716],[-72.67805752224389,48.44601677788631],[-72.62977159288191,48.41883951822919],[-72.63393825954857,48.39245402018231],[-72.61993679470483,48.359007093641516],[-72.55509779188365,48.38686286078561],[-72.54525349934893,48.347085571289085],[-72.55334303114147,48.33823479546443],[-72.50451999240448,48.33159111870662],[-72.51565992567271,48.300157335069464],[-72.4799414740668,48.286760796440994],[-72.47915140787757,48.26374986436634],[-72.4660237630208,48.25448845757381],[-72.47209506564667,48.237476603190125],[-72.49063652886281,48.232588365342906],[-72.48639356825083,48.208630032009566],[-72.46323682996959,48.19104919433596],[-72.44645182291663,48.19919433593752],[-72.43271586100256,48.18413967556425],[-72.43238491482201,48.149732462565126],[-72.3833333333333,48.14583333333336],[-72.4410481770833,48.06982727050783],[-72.42835964626732,48.00903896755646],[-72.40915798611108,48.007628885904985],[-72.39630262586802,47.991049024793874],[-72.37130262586803,48.004784308539534],[-72.36152818467879,47.98826819525828],[-72.3333333333333,47.98333333333337],[-72.32916666666664,47.962500000000034],[-72.25279880099822,47.98811764187286],[-72.22573682996958,47.961882358127205],[-72.1889000786675,47.958395724826424],[-72.1783525254991,47.97850986056861],[-72.12671508789059,47.970479159885016],[-72.09964667426212,47.939216783311664],[-72.09130859374996,47.85170983208554],[-72.06249999999996,47.837500000000034],[-72.05171440972218,47.86285332573788],[-72.0208333333333,47.84583333333337],[-72.02375013563365,47.82517734103736],[-71.97545403374562,47.7854166666667],[-71.99998677571611,47.751495700412356],[-71.9634616427951,47.75349951850047],[-71.9535993787977,47.74262627495663],[-71.97997894287107,47.674540879991355],[-71.99791666666664,47.68687184651696],[-72.0083333333333,47.67083333333336],[-71.96153225368921,47.575395880805154],[-71.91766442192923,47.570156351725295],[-71.89863213433158,47.54104902479387],[-71.87963578965926,47.563117641872864],[-71.87400037977429,47.549382358127204],[-71.84150271945528,47.55252939860029],[-71.82779880099824,47.52854902479387],[-71.78422071668834,47.53262481689456],[-71.68628506130639,47.44526604546444],[-71.66314612494573,47.448930019802546],[-71.65501675075953,47.42859937879777],[-71.64886288113061,47.43776465521921],[-71.61666666666665,47.429166666666696],[-71.60451999240449,47.45174221462677],[-71.60478498670787,47.46982744004994],[-71.63806728786889,47.48454827202694],[-71.63693271213106,47.49804382324222],[-71.58796183268227,47.572925482855936],[-71.61339636908635,47.59099290635854],[-71.64583333333331,47.5916666666667],[-71.62428385416663,47.6283369276259],[-71.58949398464624,47.624394904242656],[-71.57501390245223,47.61100413004561],[-71.57882486979165,47.59256235758467],[-71.55208333333331,47.588038804796035],[-71.53662363688149,47.60349731445316],[-71.49285685221352,47.61318172878693],[-71.49583333333331,47.63750000000003],[-71.47573666042749,47.64672580295142],[-71.47026604546438,47.68971048990889],[-71.42721048990883,47.71609937879778],[-71.40739610460066,47.703599378797776],[-71.36840888129338,47.72048000759552],[-71.34166666666664,47.7166666666667],[-71.31876559787324,47.695831637912356],[-71.29662746853296,47.699205864800376],[-71.29409111870658,47.66285332573788],[-71.18447045220266,47.658068678114184],[-71.15441250271265,47.68398878309465],[-71.14499884711368,47.66225585937503],[-71.1177300347222,47.66594373914934],[-71.09999999999997,47.616666666666696],[-71.13298000759546,47.5607577853733],[-71.13017340766056,47.538310919867655],[-71.19508666992185,47.46609937879777],[-71.24092000325518,47.48806728786896],[-71.26249999999997,47.458333333333364],[-71.21755405002168,47.4284581502279],[-71.20416666666664,47.38750000000003],[-71.17443271213105,47.365451727973124],[-71.18333333333331,47.33750000000003],[-71.1708333333333,47.300000000000026],[-71.18811764187281,47.26713578965932],[-71.18680572509763,47.24664187961157],[-71.17021569146047,47.23796912299265],[-71.17916666666663,47.16666666666669],[-71.25768890380857,47.144929334852456],[-71.26249999999997,47.10000000000003],[-71.31324666341143,47.0869327121311],[-71.35416666666664,47.10000000000003],[-71.36732788085935,47.06756625705298],[-71.39362284342445,47.04640062120228],[-71.43686235215927,47.03659430609812],[-71.45035332573782,47.00588243272572],[-71.44583333333331,46.98333333333336],[-71.4660490247938,46.960493638780406],[-71.45815463595918,46.93457573784725],[-71.47919752332896,46.92358703613284],[-71.47021569146048,46.91176317003041],[-71.50026736789277,46.867615085177974],[-71.46324666341143,46.84109937879777],[-71.41545172797306,46.85890062120228],[-71.37499999999997,46.85833333333336],[-71.36186235215926,46.8300723605686],[-71.32973395453557,46.81054382324221],[-71.31335008409286,46.76609937879777],[-71.24999999999997,46.78333333333336],[-71.19583333333331,46.81666666666669],[-71.17115512424043,46.803523763020856],[-71.0770317925347,46.79935709635419],[-71.05208808051212,46.77976955837676],[-71.01796061197913,46.78328687879777],[-71.01146986219615,46.77157830132381],[-70.98835550944007,46.77016737196183],[-70.98820563422306,46.742473687065996],[-71.04645080566404,46.70463595920141],[-71.0409996880425,46.66766730414499],[-71.01049363878035,46.638117472330755],[-70.95617302788625,46.633950805664085],[-70.93333333333331,46.64583333333336],[-70.86349148220484,46.625698513454886],[-70.84926486545136,46.653364054362],[-70.82299363878035,46.66604919433596],[-70.80969441731767,46.67079942491322],[-70.79340888129337,46.646186659071205],[-70.76341552734372,46.654765150282145],[-70.75708346896698,46.68315599229603],[-70.7424133300781,46.69223395453562],[-70.72157999674477,46.6744327121311],[-70.67593722873261,46.70056728786895],[-70.63554382324216,46.67140062120228],[-70.60919019911022,46.678501722547765],[-70.62037455240882,46.65207078721791],[-70.60359937879771,46.6343451605903],[-70.61249999999997,46.60416666666669],[-70.58088243272566,46.58714667426218],[-70.56041666666664,46.595818752712695],[-70.4649509006076,46.578813340928846],[-70.42083333333329,46.608333333333356],[-70.3958333333333,46.60000000000002],[-70.3658050537109,46.54199761284725],[-70.34973246256507,46.53655158148874],[-70.34999999999997,46.51666666666669],[-70.37916666666663,46.50000000000002],[-70.40035569932722,46.460045369466165],[-70.42880757649736,46.43920864529082],[-70.41545172797305,46.42026604546443],[-70.35091959635413,46.42012905544707],[-70.34682345920136,46.40914849175349],[-70.3833333333333,46.37916666666669],[-70.31874932183156,46.35834689670141],[-70.29999999999997,46.37083333333336],[-70.27499999999996,46.320833333333354],[-70.28407253689232,46.27994147406686],[-70.30047573513451,46.27826809353301],[-70.28833109537757,46.2551710340712],[-70.31146986219615,46.24925503200957],[-70.3458333333333,46.20416666666669],[-70.33662719726559,46.141023763020854],[-70.27571411132809,46.14866773817276],[-70.28806728786888,46.081122843424495],[-70.30480957031247,46.07408447265627],[-70.30327317979597,46.05769042968752],[-70.28749999999997,46.06250000000002],[-70.28334655761715,46.047329033745676],[-70.31666666666663,46.02083333333335],[-70.29130079481334,45.988663058810786],[-70.31249999999997,45.975000000000016],[-70.29999999999997,45.962500000000034],[-70.3048672146267,45.93015764024526],[-70.34527723524302,45.91042412651913],[-70.34513888888885,45.87997521294491],[-70.32916666666664,45.85833333333337],[-70.3708333333333,45.837500000000034],[-70.39660983615448,45.79655320909291],[-70.41576707628035,45.79517211914066],[-70.40797899034284,45.76421491834856],[-70.39166666666664,45.7541666666667],[-70.3958333333333,45.72083333333337],[-70.43507554796004,45.70451999240455],[-70.46838311089407,45.70868665907121],[-70.5208333333333,45.6666666666667],[-70.56600545247393,45.66993374294708],[-70.58840569390188,45.62980431450741],[-70.66991984049476,45.59105919731991],[-70.69662746853295,45.52996080186635],[-70.72438252766923,45.51049346923831],[-70.72920091417097,45.49320203993059],[-70.62979024251298,45.428257412380674],[-70.6208333333333,45.40000000000003],[-70.63749999999996,45.38333333333336],[-70.6583333333333,45.37500000000003],[-70.70113728841143,45.39609798855255],[-70.71770087348087,45.391099378797776],[-70.74674513075084,45.424385748969215],[-70.78407999674477,45.433900621202284],[-70.8063771565755,45.42026604546444],[-70.82499999999997,45.40000000000003],[-70.80776604546438,45.38628506130645],[-70.80890062120223,45.351956176757845],[-70.82140062120223,45.338488091362876],[-70.80890062120223,45.314456176757844],[-70.84526604546438,45.264710489908886],[-70.8333333333333,45.237500000000026],[-70.85612284342444,45.22973395453562],[-70.89461839463972,45.228599378797774],[-70.90505405002168,45.265958150227895],[-70.92499999999997,45.27500000000003],[-70.91609937879771,45.30074666341149],[-70.94999999999997,45.33750000000003],[-70.9892164442274,45.332980007595516],[-71.0083333333333,45.34583333333336],[-71.00480143229164,45.31757303873701],[-71.09999999999997,45.300000000000026],[-71.1333333333333,45.241666666666696],[-71.23749999999997,45.25000000000003],[-71.23749999999997,45.26250000000003],[-71.26602901882593,45.27590569390194],[-71.26723395453556,45.29387715657555],[-71.2833333333333,45.304166666666696],[-71.33945617675778,45.27140062120229],[-71.36249999999997,45.270833333333364],[-71.3542068481445,45.255697123209664],[-71.37695617675779,45.23390062120229],[-71.44045172797307,45.23806728786895],[-71.46873897976343,45.204697163899766],[-71.50316891140406,45.190989685058625],[-71.51696336534286,45.159439765082496],[-71.5341396755642,45.153549194335966],[-71.55696546766491,45.16728430853952],[-71.56761525472002,45.124732462565134],[-71.62916666666663,45.13750000000003],[-71.62881300184459,45.11421407063805],[-71.61249999999997,45.09583333333336],[-71.68749999999997,45.083333333333364],[-71.70511525472003,45.03723246256513],[-71.72521769205727,45.02625359429256],[-71.7044977823893,45.01580505371096],[-71.65416666666664,44.929166666666696],[-71.69089406331378,44.93005303276912],[-71.70108303493922,44.95052964952259],[-71.731085035536,44.929696316189265],[-71.78159111870657,44.93714667426218],[-71.78749999999998,44.92083333333336],[-71.81338094075518,44.909067450629365],[-71.84461839463974,44.91723395453562],[-71.8630672878689,44.859270562066],[-71.83276604546438,44.82378506130645],[-71.86249999999998,44.75833333333336],[-71.87707451714408,44.7662048339844],[-71.9049133300781,44.7494327121311],[-71.98575778537324,44.77048000759551],[-72.00355919731986,44.76158650716148],[-72.00490180121525,44.738302612304715],[-72.02561764187281,44.731965467664956],[-72.01604902479382,44.727798800998286],[-72.02150709364147,44.704966905381966],[-72.05740695529512,44.715740288628496],[-72.07164035373262,44.68403896755645],[-72.1267422146267,44.66701999240454],[-72.15171305338538,44.6711866590712],[-72.1871449788411,44.648286946614604],[-72.16666666666663,44.56250000000002],[-72.17083333333329,44.52916666666669],[-72.21882697211367,44.520215861002626],[-72.23749999999997,44.50416666666669],[-72.22890218098955,44.47613728841148],[-72.26666666666664,44.43333333333336],[-72.26169738769528,44.4049018012153],[-72.22181972927514,44.378449503580754],[-72.22562798394094,44.31757473415801],[-72.26344061957462,44.31197035047745],[-72.28639933268225,44.325513712565126],[-72.29696078830291,44.30054762098526],[-72.3208333333333,44.30000000000002],[-72.31186964246959,44.27956305609811],[-72.32152404785153,44.242479112413214],[-72.3534013536241,44.23680691189238],[-72.33818800184459,44.171642727322066],[-72.3660491943359,44.15216030544707],[-72.36670057508677,44.13052775065106],[-72.40360514322913,44.09375000000002],[-72.3958333333333,44.07500000000002],[-72.43971048990882,44.07556728786896],[-72.4937588161892,44.095371500651076],[-72.5208333333333,44.07500000000004],[-72.52956271701386,44.09069892035594],[-72.5833333333333,44.108333333333356],[-72.62974955240882,44.0509197658963],[-72.66961839463973,44.067233954535624],[-72.68009575737844,44.050702921549515],[-72.70929294162323,44.045266045464444],[-72.73014492458765,44.08267907036679],[-72.7833333333333,44.10000000000002],[-72.80831976996525,44.07291768391931],[-72.81249999999997,44.03750000000004],[-72.87254909939233,44.04201999240455],[-72.92012905544702,44.01574723985463],[-72.94618665907115,43.968379550510015],[-72.94202541775171,43.94337734646271],[-72.96214667426213,43.927424452039965],[-72.9788133409288,43.88159111870663],[-72.96666666666664,43.82500000000003],[-72.95100301106768,43.82439592149526],[-72.94131334092879,43.79340888129344],[-72.88368665907115,43.7482577853733],[-72.8583333333333,43.6916666666667],[-72.8333333333333,43.67500000000003],[-72.8333333333333,43.63750000000003],[-72.804790242513,43.586590745714005],[-72.80833333333331,43.525000000000034],[-72.77026604546438,43.49878506130646],[-72.77140062120222,43.472789510091175],[-72.77653537326385,43.44109937879777],[-72.79017096625431,43.44582010904951],[-72.80056728786889,43.42574666341149],[-72.78835076226126,43.38001759847008],[-72.84374999999997,43.37453121609161],[-72.86550360785587,43.353800794813395],[-72.87499999999997,43.36250000000003],[-72.90933091905379,43.31734364827477],[-72.93252393934459,43.315978664822076],[-72.93749999999997,43.2791666666667],[-72.96575113932289,43.27856818305124],[-72.98432718912757,43.24646521674265],[-73.0563771565755,43.24223395453562],[-73.09469604492185,43.258597988552545],[-73.14166666666664,43.241666666666696],[-73.17183634440102,43.28689592149526],[-73.24999999999997,43.26250000000003],[-73.25059848361542,43.28241763644751],[-73.28945617675778,43.30776604546444],[-73.32177056206595,43.29943271213111],[-73.34101070827906,43.31345977783206],[-73.34640062120224,43.354913330078155],[-73.3333333333333,43.38333333333336],[-73.34999999999997,43.40833333333336],[-73.41765475802949,43.37026604546444],[-73.4800837198893,43.39524044460723],[-73.5063771565755,43.39526604546444],[-73.54362284342446,43.35473395453562],[-73.58541666666665,43.37453121609161],[-73.63841942681204,43.32153761121965],[-73.67589636908635,43.309007093641526],[-73.7063771565755,43.313067287868954],[-73.72594926622176,43.336831495496995],[-73.74878506130639,43.33276604546444],[-73.77437269422741,43.36757490370012],[-73.77083333333331,43.43750000000003],[-73.74946492513018,43.46166822645402],[-73.71323547363279,43.475799899631106],[-73.70472327338322,43.49791005452477],[-73.72860514322915,43.53125000000003],[-73.70900132921004,43.55497911241323],[-73.7131176418728,43.587969122992654],[-73.6966147528754,43.600796000162795],[-73.70478430853947,43.621302456325985],[-73.68425971137151,43.63425971137156],[-73.67916666666665,43.67083333333336],[-73.65482211642792,43.681211005316875],[-73.65344306098088,43.70759514702694],[-73.60407545301646,43.71381479899092],[-73.58333333333331,43.7416666666667],[-73.59640062120224,43.76961839463979],[-73.57916666666664,43.7916666666667],[-73.61723395453556,43.836285061306455],[-73.55490298800996,43.880199517144135],[-73.55352393256291,43.894917805989614],[-73.57564273410371,43.90865512424048],[-73.57564273410371,43.93813374837243],[-73.55834859212237,43.96791653103302],[-73.57083333333331,44.000000000000036],[-73.5958333333333,43.9916666666667],[-73.59230940077038,44.018801710340746],[-73.61173434787324,44.0257719251845],[-73.6131427341037,44.04021860758467],[-73.58019680447046,44.05491163465715],[-73.55833333333331,44.108333333333356],[-73.5854053073459,44.10045979817712],[-73.63658294677732,44.11607377794057],[-73.77499999999998,44.062500000000036],[-73.79337887234155,44.09130893283424],[-73.82574666341144,44.09640062120229],[-73.85748240152992,44.069982401529984],[-73.87916666666665,44.02083333333335],[-73.93693271213105,44.0686228434245],[-73.93250359429251,44.11178385416669],[-73.91666666666664,44.12083333333335],[-73.98542327880857,44.14527655707467],[-74.0132366604275,44.12854919433596],[-74.04166666666663,44.15000000000002],[-74.0651943630642,44.14931504991321],[-74.06183200412323,44.134435356987865],[-74.0825059678819,44.12810940212675],[-74.10026787651906,44.09658304850262],[-74.13358493381072,44.095059882269986],[-74.13749999999996,44.070833333333354],[-74.1892422146267,44.033686659071215],[-74.26007554796003,44.07881334092885],[-74.26746690538191,44.066398620605504],[-74.31145358615449,44.07422247992625],[-74.33000929090709,44.02584262424049],[-74.35341830783416,44.019975958930154],[-74.35496080186628,44.00027245415585],[-74.37014431423607,43.994966803656716],[-74.37556728786889,43.95295172797312],[-74.36887715657548,43.93390062120229],[-74.30451999240448,43.93090888129343],[-74.32499999999996,43.900000000000034],[-74.34783969455292,43.89228430853953],[-74.39900037977426,43.90061764187286],[-74.40518086751298,43.871631198459234],[-74.42425503200951,43.86563652886288],[-74.42577887641056,43.85069783528649],[-74.45754937065969,43.849302334255675],[-74.48264126247827,43.83240373399526],[-74.46249999999996,43.79583333333337],[-74.50318569607201,43.79110768636071],[-74.49619106716577,43.751711527506544],[-74.54166666666663,43.72500000000003],[-74.51713528103295,43.68958333333337],[-74.51733500162757,43.66344926622182],[-74.54166666666663,43.65833333333337],[-74.54664442274303,43.6381763034397],[-74.62916666666663,43.6291666666667],[-74.6550862630208,43.58403761121965],[-74.69681226942271,43.56313273111982],[-74.75918341742619,43.563067287868954],[-74.76666666666664,43.55000000000003],[-74.81619737413192,43.5368823581272],[-74.87409566243487,43.541966247558626],[-74.8755208333333,43.53050689697269],[-74.82021586100257,43.51311560736765],[-74.8381174723307,43.496302456325985],[-74.834577094184,43.484006924099425],[-74.90416666666664,43.48750000000003],[-74.88402133517792,43.43414289686418],[-74.9283983018663,43.41986168755428],[-74.94536404079858,43.3993823581272],[-74.98652818467879,43.39506513807512],[-75.00749511718747,43.37021569146053],[-75.08132697211369,43.37021569146053],[-75.15212232801646,43.34232211642798],[-75.17427046034068,43.35086025661895],[-75.1757373385959,43.37426266140411],[-75.20752071804468,43.38020239935984],[-75.21271260579424,43.39495357937286],[-75.26909111870657,43.379519992404546],[-75.30910525851776,43.47001342773441],[-75.3355060153537,43.46606157090932],[-75.35086263020831,43.44235297309031],[-75.41459214952255,43.42546183268232],[-75.42855241563582,43.4342449612088],[-75.43351067437064,43.46541697184248],[-75.45352952745223,43.47182227240671],[-75.43834567599824,43.51178605821401],[-75.48448384602862,43.51698337131079],[-75.5333333333333,43.366666666666696],[-75.49166666666665,43.35000000000003],[-75.48276604546439,43.27991333007815],[-75.50345815022784,43.257445949978326],[-75.50894758436412,43.21757829454213],[-75.52973395453556,43.18843722873267],[-75.52414906819659,43.159184265136744],[-75.48379838731552,43.143754747178846],[-75.4833333333333,43.112500000000026],[-75.49583333333331,43.10416666666669],[-75.48276604546439,43.08015475802954],[-75.50473395453557,43.06128506130645],[-75.45416666666664,43.012500000000024],[-75.47118818495007,42.95588107638891],[-75.51495378282333,42.93714667426218],[-75.5524244520399,42.96214667426218],[-75.56666666666663,42.91666666666669],[-75.59786495632594,42.90480957031252],[-75.62771860758461,42.90352376302086],[-75.64923519558374,42.91750250922312],[-75.65078277587888,42.93267381456166],[-75.72916666666664,42.929166666666696],[-75.73424258761933,42.83812357584638],[-75.77083333333331,42.83333333333336],[-75.76701999240449,42.81840888129343],[-75.8020065307617,42.788117472330754],[-75.83380245632593,42.7868825276693],[-75.85073513454859,42.82003072102867],[-75.86574147542315,42.82528449164499],[-75.87928059895832,42.796991984049505],[-75.90723876953123,42.7868825276693],[-75.90354902479382,42.80463595920141],[-75.94166666666665,42.87083333333336],[-75.98656277126734,42.85770297580298],[-75.98409745958114,42.886794365776936],[-76.01249999999997,42.89583333333336],[-76.02978430853948,42.852006361219644],[-76.04610070122611,42.844884914822075],[-76.01666666666665,42.800000000000026],[-76.03541751437714,42.79584689670141],[-76.05588260226777,42.808686659071206],[-76.07499999999997,42.77083333333336],[-76.09998541937932,42.81041666666669],[-76.09166666666664,42.84583333333336],[-76.11214599609372,42.839952935112876],[-76.11837972005205,42.80452168782555],[-76.17083333333329,42.79166666666669],[-76.16729024251299,42.76340908474395],[-76.17842000325517,42.757766045464436],[-76.19492933485239,42.7589779324002],[-76.20918409559458,42.78664923773874],[-76.23243679470482,42.79510158962676],[-76.2259121365017,42.72993333604603],[-76.24775187174475,42.708862982855926],[-76.26666666666664,42.70833333333336],[-76.24526604546438,42.65295172797312],[-76.26599833170569,42.600949435763916],[-76.2208333333333,42.54166666666669],[-76.18007473415796,42.54520534939238],[-76.17499999999997,42.49166666666669],[-76.18412746853295,42.47162746853301],[-76.21585964626732,42.4659610324436],[-76.22116427951386,42.45086161295575],[-76.26261393229163,42.42615865071617],[-76.29409111870656,42.43714667426217],[-76.31631334092879,42.40242445203995],[-76.31837972005205,42.350355021158876],[-76.35517849392357,42.341099378797765],[-76.38211839463972,42.35890062120228],[-76.4015472412109,42.324951510959224],[-76.45612284342444,42.3619327121311],[-76.46998257107201,42.35748257107207],[-76.47464667426212,42.33924221462676],[-76.46249999999996,42.320833333333354],[-76.48433295355899,42.270215861002626],[-76.5237874348958,42.27075873480905],[-76.5347011990017,42.30061747233075],[-76.59043545193138,42.2999708387587],[-76.61291876898868,42.32406921386721],[-76.63609246148,42.32020297580297],[-76.64652540418834,42.36588270399308],[-76.67404751247827,42.366896565755226],[-76.66701999240448,42.414924452039955],[-76.68963487413191,42.424357096354186],[-76.75416666666663,42.387500000000024],[-76.757871500651,42.37290785047745],[-76.73723551432289,42.340529378255226],[-76.74223395453556,42.31028951009117],[-76.78703816731768,42.23959214952259],[-76.78841959635413,42.21308288574221],[-76.81179165310327,42.19911261664499],[-76.82204827202688,42.16609937879776],[-76.86158650716143,42.17144097222224],[-76.85890062120222,42.210543823242205],[-76.87146436903208,42.240662299262176],[-76.89362284342445,42.2619327121311],[-76.91249999999997,42.262500000000024],[-76.9083333333333,42.28750000000002],[-76.99109937879771,42.3311228434245],[-77.00893825954859,42.40779283311634],[-76.99583333333331,42.416666666666686],[-76.9910237630208,42.45032179090714],[-77.00504218207462,42.48775024414065],[-77.03782179090709,42.457690429687524],[-77.07355211046004,42.457690429687524],[-77.0774244520399,42.49964667426217],[-77.12083333333331,42.46250000000002],[-77.1258124457465,42.42454087999134],[-77.14552205403643,42.43234727647572],[-77.18749999999997,42.37500000000002],[-77.21348809136282,42.36609937879776],[-77.23843722873261,42.37973395453561],[-77.27278951009112,42.35890062120228],[-77.30295172797307,42.35776604546443],[-77.32024044460718,42.37591722276478],[-77.32048000759546,42.410757785373285],[-77.26078711615665,42.46631164550784],[-77.22745378282332,42.46214667426217],[-77.20035586886932,42.4808787027995],[-77.22573513454859,42.54503072102867],[-77.2381176418728,42.55046929253474],[-77.20898996988929,42.57600368923613],[-77.21261393229163,42.615508015950546],[-77.24914906819659,42.628315904405405],[-77.27982143825952,42.580139499240474],[-77.31862284342445,42.554733954535614],[-77.36041598849823,42.579152764214435],[-77.41909111870658,42.554519992404536],[-77.47464430067272,42.57671203613283],[-77.49548000759546,42.614242214626756],[-77.49263831244572,42.63673163519967],[-77.52839525010847,42.665895250108534],[-77.5590376112196,42.592586263020856],[-77.58390062120223,42.577951727973115],[-77.57845272488062,42.54667900933162],[-77.55890062120223,42.54387715657555],[-77.55505405002168,42.50487501356339],[-77.60416666666664,42.479166666666686],[-77.60035332573783,42.460075547960095],[-77.6300092909071,42.43417595757381],[-77.68259599473738,42.43823716905384],[-77.68333333333331,42.450000000000024],[-77.75316738552515,42.44631551106773],[-77.74947052001951,42.4198927137587],[-77.768585035536,42.392196316189256],[-77.86666666666665,42.40833333333335],[-77.89618665907116,42.38504638671877],[-77.87535332573782,42.36492445203995],[-77.87026604546439,42.31445617675784],[-77.84582994249129,42.29843004014759],[-77.84999999999998,42.262500000000024],[-77.79909074571395,42.22145690917971],[-77.74583333333331,42.22083333333335],[-77.73269059922957,42.21521877712676],[-77.7377502441406,42.20087551540801],[-77.72166917588973,42.19923536512589],[-77.70352393256292,42.154488457573805],[-77.71666666666664,42.1041666666667],[-77.69124586317272,42.09910702175568],[-77.70840793185761,42.06545410156254],[-77.70337253146698,42.05079413519969],[-77.66666666666664,42.03333333333337],[-77.71217820909285,41.982690599229635],[-77.73867119683158,41.9962305704753],[-77.75326317681204,41.982687547471826],[-77.72859937879772,41.959079996744826],[-77.7505672878689,41.94241333007816],[-77.72499999999998,41.9166666666667],[-77.72990180121525,41.89663662380646],[-77.78871256510415,41.862425401475726],[-77.82419297960067,41.86596103244361],[-77.83117319742836,41.850617641872866],[-77.86004774305553,41.84548000759552],[-77.87083333333331,41.875000000000014],[-77.92916666666663,41.88750000000003],[-77.92056867811412,41.90719604492189],[-77.9380672878689,41.94092000325523],[-77.92026604546439,41.95295172797311],[-77.97499999999997,41.97500000000004],[-77.97499999999998,42.03333333333335],[-77.99459092881942,42.02482130262589],[-78.03253445095484,42.058834838867206],[-78.03422631157767,42.07542080349394],[-78.06036495632593,42.058976236979184],[-78.08749999999996,42.062500000000036],[-78.09166666666664,42.108333333333356],[-78.1176622178819,42.12438693576392],[-78.15907999674475,42.12026604546445],[-78.17179328070743,42.1410108778212],[-78.20331590440534,42.15501742892797],[-78.22978413899736,42.19446546766495],[-78.20904914008243,42.20080566406252],[-78.20771586100257,42.21713595920141],[-78.2209079318576,42.226212565104184],[-78.21249999999996,42.24166666666669],[-78.24130893283416,42.260045708550365],[-78.2583333333333,42.31250000000002],[-78.28675944010413,42.313186984592036],[-78.28417968749997,42.33271314832901],[-78.3458333333333,42.325000000000024],[-78.37721048990882,42.342233954535615],[-78.38806728786889,42.3633500840929],[-78.3676344129774,42.37539605034724],[-78.37158745659718,42.39505649142797],[-78.3961256239149,42.392532348632834],[-78.39243062337236,42.407627699110265],[-78.41564636230466,42.409023708767386],[-78.45039638943139,42.44646369086374],[-78.46747606065534,42.421528116862],[-78.49235195583763,42.42020297580297],[-78.5563771565755,42.441099378797766],[-78.58259650336367,42.40327419704863],[-78.57916666666664,42.383333333333354],[-78.63749999999996,42.37083333333336],[-78.64999999999996,42.35000000000002],[-78.63834737141924,42.321858384874155],[-78.65766601562497,42.30767788357207],[-78.70333218044702,42.31274414062502],[-78.71666666666664,42.27500000000002],[-78.73486362033417,42.291626315646724],[-78.77182142469614,42.29223395453561],[-78.78541802300344,42.27961459689672],[-78.81666666666663,42.30000000000002],[-78.83088005913625,42.27952134874134],[-78.87009819878469,42.28830261230471],[-78.87511393229164,42.30717468261721],[-78.91157362196178,42.317593044704886],[-78.91693420410154,42.3282182481554],[-78.89221700032549,42.35625067816842],[-78.92851155598956,42.375864325629365],[-78.92916666666663,42.39583333333336],[-78.97304382324215,42.40890062120228],[-79.02499999999998,42.450000000000024],[-79.06324666341143,42.44640062120228],[-79.1270833333333,42.41668124728735],[-79.13840806749128,42.428538682725716],[-79.16887715657549,42.4244327121311],[-79.21249999999998,42.37916666666669],[-79.19661814371742,42.370056491427974],[-79.18749999999997,42.32916666666669],[-79.23243374294702,42.33399454752606],[-79.28407999674477,42.37140062120228],[-79.34790988498261,42.35045539008249],[-79.37499999999997,42.37500000000002],[-79.40590888129337,42.3461866590712],[-79.43995598687063,42.345474582248286],[-79.44999999999997,42.31250000000002],[-79.48680792914494,42.32008293999568],[-79.49164310031465,42.28042839898006],[-79.553178914388,42.258162773980054],[-79.54519059922957,42.23061455620662],[-79.5631427341037,42.212178209092905],[-79.55416666666665,42.18750000000002],[-79.62843153211803,42.178364054362],[-79.63447045220266,42.14556884765627],[-79.6774244520399,42.1461866590712],[-79.69201999240448,42.17742445203995],[-79.71837955050995,42.18785332573787],[-79.75416666666665,42.18333333333335],[-79.7595757378472,42.15398796929256],[-79.78286421034069,42.16728413899742],[-79.79266628689234,42.14938252766929],[-79.81619754367402,42.154784138997414],[-79.83578711615667,42.132980007595506],[-79.8649244520399,42.13714667426217],[-79.88298000759546,42.12325778537328],[-79.87026604546439,42.10074666341148],[-79.89166666666664,42.066666666666706],[-79.94337955050996,42.09201999240455],[-79.94757554796004,42.06285332573788],[-79.9958333333333,42.06250000000002],[-79.9833312988281,42.043734741210976],[-79.99720119900171,42.03271569146054],[-80.04502987331811,42.04510396321618],[-80.0583333333333,42.0166666666667],[-80.01723395453557,41.981377156575554],[-80.02674221462671,41.967019992404545],[-80.07499999999996,41.95833333333337],[-80.09900037977427,41.96728430853953],[-80.10930514865447,41.942434861924944],[-80.13117302788625,41.92978430853953],[-80.19505683051212,41.92428012424048],[-80.1958333333333,41.8916666666667],[-80.23010389539927,41.90473395453562],[-80.24498257107201,41.89498240152998],[-80.24828559027775,41.87048000759552],[-80.27916666666663,41.875000000000036],[-80.28806728786888,41.83824666341149],[-80.27565951877166,41.813357883029546],[-80.3333333333333,41.82083333333337],[-80.33266805013017,41.78411543104387],[-80.31734788682722,41.78255276150177],[-80.31189507378468,41.68804066975915],[-80.33949381510413,41.66310509575741],[-80.37742445203989,41.658686659071215],[-80.41335076226125,41.724149068196645],[-80.4409274631076,41.738274637858105],[-80.45087958441837,41.769587537977465],[-80.47916666666663,41.770833333333364],[-80.50337253146698,41.74920586480038],[-80.51323513454858,41.71340264214413],[-80.54482659233938,41.69085574679908],[-80.550887383355,41.663208516438836],[-80.63971048990882,41.63276604546444],[-80.66840888129337,41.60868665907121],[-80.69100545247393,41.61160040961375],[-80.69166666666663,41.56250000000003],[-80.75412631564667,41.54013621012373],[-80.7803297254774,41.45796746148007],[-80.78957451714406,41.466204833984406],[-80.79999999999997,41.454166666666694],[-80.78684455023868,41.43793097602],[-80.80524258083764,41.39517788357208],[-80.82020670572913,41.39375203450524],[-80.80065544976125,41.38128899468319],[-80.80073920355899,41.3257746378581],[-80.82707722981768,41.3131017049154],[-80.84134487575952,41.321476067437096],[-80.8833333333333,41.29166666666669],[-80.95448845757376,41.286857265896295],[-80.99903564453122,41.305130852593344],[-81.01682400173608,41.33232676188154],[-81.04198845757375,41.328523932562966],[-81.07115512424042,41.350642734103765],[-81.11577385796438,41.34124586317277],[-81.1083333333333,41.38750000000003],[-81.14929300944007,41.35338880750871],[-81.15924886067705,41.29519059922963],[-81.17893320719398,41.30326758490671],[-81.18811764187281,41.26450653076175],[-81.24503919813365,41.228372531467045],[-81.25061764187281,41.21203087700741],[-81.2296207004123,41.16041666666669],[-81.23693271213105,41.13112284342451],[-81.19583333333331,41.04583333333336],[-81.22020975748696,41.032424248589436],[-81.22140062120224,41.01028951009117],[-81.25359937879772,40.977210489908884],[-81.24166666666665,40.93750000000003],[-81.25612284342445,40.92556728786895],[-81.28125457763669,40.921298556857664],[-81.29677361382376,40.949309285481796],[-81.30947045220266,40.94140218098961],[-81.37842135959198,40.950270928276936],[-81.4044275919596,40.949240112304715],[-81.39933200412324,40.926530626085096],[-81.41683502197263,40.92016533745662],[-81.45752376980249,40.938188001844644],[-81.48052775065102,40.966632758246554],[-81.50339847140839,40.967638481987876],[-81.50511525472002,40.97943420410159],[-81.56249999999997,40.987500000000026],[-81.56701999240448,41.03087972005211],[-81.5545199924045,41.04757554796009],[-81.54672071668834,41.111791653103325],[-81.58010389539928,41.121400621202284],[-81.5968585544162,41.11193271213111],[-81.6342342800564,41.14101053873701],[-81.69657999674477,41.10776604546444],[-81.7216842651367,41.132482571072075],[-81.77185075547958,41.14636298285593],[-81.77969614664711,41.11975029839412],[-81.76666666666664,41.07083333333336],[-81.84069502088757,41.075768364800375],[-81.90416666666664,41.141666666666694],[-81.92599351671005,41.121471150716175],[-81.98749999999995,41.13333333333336],[-81.96666666666663,41.0916666666667],[-81.98811747233069,41.071302625868086],[-81.97917005750864,41.055618964301246],[-82.08533969455291,40.99228413899742],[-82.17378506130639,41.00473395453562],[-82.22826707628035,40.99649454752607],[-82.23418409559459,41.011649237738744],[-82.2708333333333,41.016666666666694],[-82.27590569390188,41.00063781738284],[-82.33390062120222,40.99045172797312],[-82.3285993787977,40.950746663411486],[-82.3428039550781,40.92890218098961],[-82.37842000325517,40.94640062120229],[-82.39901292588972,40.94521009657121],[-82.41249999999997,40.925000000000026],[-82.45491333007809,40.94223395453562],[-82.4867285834418,40.929938083224854],[-82.47499999999997,40.95833333333336],[-82.53090888129337,40.97048000759551],[-82.54825778537322,40.97048000759551],[-82.55954827202687,40.949432712131106],[-82.62157999674476,40.967233954535615],[-82.63030395507809,40.95390218098961],[-82.68554382324216,40.949432712131106],[-82.73236558702254,40.920437282986136],[-82.7708333333333,40.87500000000003],[-82.75053337944875,40.85207587348093],[-82.75878228081594,40.84263271755645],[-82.73036058213972,40.85012071397572],[-82.7230061848958,40.8381049262153],[-82.66727159288192,40.82300618489586],[-82.6458333333333,40.77083333333336],[-82.67011617024737,40.75734693739152],[-82.67580261230465,40.729901801215306],[-82.68400132921003,40.74502088758683],[-82.72299363878035,40.75061747233075],[-82.73016628689233,40.76182929144968],[-82.79382697211368,40.758950805664085],[-82.82549099392358,40.79078403049048],[-82.8958333333333,40.78333333333336],[-82.97580634223087,40.80061747233076],[-83.0405080159505,40.77488606770836],[-83.06747538248695,40.729861111111134],[-83.12916666666663,40.72916666666669],[-83.15337253146699,40.71170586480037],[-83.17973395453556,40.64778951009117],[-83.22671288384329,40.58714667426218],[-83.24757554796004,40.603813340928845],[-83.3774244520399,40.60451999240454],[-83.42674221462671,40.62881334092884],[-83.48671993679469,40.634018961588566],[-83.4882648044162,40.6491641574436],[-83.5020833333333,40.653560384114606],[-83.52707638210718,40.63393452962242],[-83.52859937879772,40.66128506130645],[-83.55907999674477,40.67556728786895],[-83.59362284342446,40.654733954535615],[-83.65335422092011,40.66316799587676],[-83.72291666666665,40.71665208604603],[-83.8899244520399,40.724646674262175],[-83.88751458062063,40.68958333333336],[-83.91078559027775,40.637146674262176],[-83.9524244520399,40.64548000759551],[-83.97671610514321,40.604520331488736],[-84.02499999999998,40.59166666666669],[-84.04999999999997,40.56250000000002],[-84.22589959038625,40.442327880859395],[-84.27554050021698,40.446438259548636],[-84.28762071397566,40.440472751193596],[-84.28412679036455,40.425719536675366],[-84.36576707628035,40.40767211914065],[-84.39362284342444,40.37973395453561],[-84.42721048990882,40.38390062120228],[-84.44999999999996,40.40416666666669],[-84.42443271213104,40.471579996744815],[-84.42973395453555,40.49265475802954],[-84.40880194769962,40.52708333333336],[-84.41249999999997,40.550000000000026],[-84.46141696506074,40.56302964952259],[-84.52916666666664,40.550000000000026],[-84.64045410156247,40.55825873480905],[-84.67002224392358,40.56734313964846],[-84.68006625705291,40.59933878580731],[-84.70074666341142,40.60473395453561],[-84.74409111870656,40.59618665907121],[-84.8145826551649,40.6208197699653],[-84.90416666666664,40.62083333333336],[-84.92597893608938,40.66186726888023],[-84.95711839463972,40.66723395453562],[-84.95947062174476,40.658068847656274],[-85.0063771565755,40.679733954535614],[-85.04964667426212,40.71840888129343],[-85.05456271701387,40.744865587022595],[-85.14920586480032,40.79662746853301],[-85.17854902479381,40.83950636121964],[-85.18390062120223,40.87721048990888],[-85.22851070827905,40.92179328070749],[-85.19645894368487,40.95930786132815],[-85.19166666666663,40.991666666666696],[-85.20098164876299,41.007600233289956],[-85.24919043646915,41.02152133517798],[-85.26674126519094,41.05537923177086],[-85.25354902479381,41.093826972113746],[-85.2032792833116,41.153458319769996],[-85.16507720947263,41.19165276421444],[-85.15063273111976,41.18847910563154],[-85.1458333333333,41.22083333333336],[-85.17090793185761,41.22204589843753],[-85.19246927897133,41.274264865451414],[-85.22424197726777,41.28377719455298],[-85.24366065131291,41.26310509575741],[-85.27916666666664,41.26250000000003],[-85.32443271213106,41.27695617675784],[-85.32017856174042,41.33236033121748],[-85.26604902479382,41.36983371310767],[-85.27837253146699,41.37162746853301],[-85.2833333333333,41.395833333333364],[-85.32521938747827,41.36341891818579],[-85.37108357747393,41.349124484592046],[-85.35352393256291,41.31394805908206],[-85.38605194091794,41.31730940077043],[-85.40862257215709,41.27582058376739],[-85.43333333333331,41.266666666666694],[-85.46445617675779,41.291099378797774],[-85.4862850613064,41.286932712131104],[-85.49316236707897,41.29998677571618],[-85.54914906819658,41.31335093180341],[-85.57591942681204,41.349295722113744],[-85.60768890380857,41.36340382893883],[-85.61249999999997,41.391666666666694],[-85.64674665662974,41.34644080268015],[-85.68971048990883,41.34223395453562],[-85.70954827202688,41.36306728786895],[-85.73124999999997,41.342135450575114],[-85.78921288384329,41.35035332573788],[-85.83046841091577,41.3209153917101],[-85.85058152940536,41.325655449761314],[-85.89191080729164,41.30749884711374],[-85.88749999999997,41.29583333333336],[-85.90741763644746,41.29643181694881],[-85.91666666666664,41.308333333333366],[-85.89943271213106,41.36324666341149],[-85.90931243896482,41.378533935546905],[-85.94515957302515,41.3883963690864],[-85.93417900933157,41.42845272488067],[-85.99999999999996,41.4416666666667],[-85.99999999999996,41.462500000000034],[-85.95096774631074,41.47956254747182],[-85.95416666666665,41.50833333333336],[-86.00046929253469,41.4993823581272],[-86.08564961751298,41.5118823581272],[-86.09259304470483,41.54907362196184],[-86.1573337131076,41.55354902479387],[-86.15913594563798,41.565931532118086],[-86.19467468261715,41.58344726562503],[-86.19999999999996,41.620833333333366],[-86.22912631564667,41.61513621012373],[-86.21313476562496,41.594926961263056],[-86.22539605034719,41.56346774631079],[-86.3041076660156,41.58460184733076],[-86.29928622775604,41.62009463840064],[-86.27575785319007,41.62156931559248],[-86.26701999240447,41.66909111870663],[-86.35764533148868,41.754976230197514],[-86.36261393229164,41.78217451307512],[-86.3958333333333,41.7541666666667],[-86.42613728841143,41.78359798855255],[-86.45294799804684,41.78353474934899],[-86.4925862630208,41.74237094455298],[-86.55074666341143,41.728599378797774],[-86.59461839463972,41.73390062120229],[-86.62916666666663,41.683333333333366],[-86.68159111870656,41.69548000759552],[-86.69166666666663,41.65833333333337],[-86.7708333333333,41.65833333333337],[-86.83248257107202,41.624149068196644],[-86.8458333333333,41.61250000000003],[-86.84166666666664,41.59583333333337],[-86.87408447265622,41.59106818305125],[-86.89366048177081,41.56727176242408],[-86.92970716688365,41.57560509575741],[-86.97300618489581,41.56189490424265],[-86.9924397786458,41.51747894287112],[-87.02819519042966,41.52567850748701],[-87.03749999999997,41.5416666666667],[-87.07136298285587,41.51551496717668],[-87.0426571316189,41.50354749891496],[-87.03686726888017,41.48014577229821],[-87.01737501356334,41.46994594997833],[-87.0083333333333,41.433333333333366],[-87.01581658257375,41.39943271213111],[-87.10221048990883,41.42140062120229],[-87.1708333333333,41.454166666666694],[-87.19166666666663,41.429166666666696],[-87.23249070909286,41.415824042426244],[-87.25756818983287,41.3913740370009],[-87.25907118055552,41.36739586724178],[-87.34434424506291,41.37982211642798],[-87.361749098036,41.37160678439673],[-87.36730041503904,41.40064273410376],[-87.41282179090709,41.386857265896296],[-87.43646189371742,41.39238569471574],[-87.430303785536,41.45859798855255],[-87.50074666341143,41.45890062120229],[-87.54069892035588,41.44960411919491],[-87.58528951009112,41.38806728786896],[-87.62411261664494,41.39654184977216],[-87.64166666666664,41.4166666666667],[-87.6583333333333,41.40000000000003],[-87.68824666341143,41.413067287868955],[-87.74583333333331,41.40000000000003],[-87.74583333333331,41.42083333333336],[-87.72980431450735,41.417572360568606],[-87.7201721191406,41.46993374294708],[-87.70056728786889,41.48945617675784],[-87.70416666666664,41.53750000000003],[-87.74503919813365,41.55912746853302],[-87.80122290717229,41.61689147949222],[-87.8174385918511,41.58831990559899],[-87.84505649142793,41.59504852294925],[-87.84999999999998,41.57083333333337],[-87.8813771565755,41.58806728786895],[-87.89223395453557,41.60515475802954],[-87.87916666666665,41.620833333333366],[-87.88785332573782,41.64337955051001],[-87.87916666666665,41.6666666666667],[-87.85893317328556,41.675915357801685],[-87.86249999999998,41.72083333333337],[-87.8270065307617,41.725617641872866],[-87.78380245632593,41.7589509752062],[-87.73749999999998,41.745833333333366],[-87.71666666666664,41.75833333333337],[-87.69526604546438,41.81961839463979],[-87.72997758653426,41.86565992567277],[-87.80868665907116,41.87328559027781],[-87.78693271213105,41.91961839463979],[-87.80473395453556,41.927951727973124],[-87.7958333333333,41.933333333333366],[-87.81620483398436,41.956241183810796],[-87.80880211724173,41.9729166666667],[-87.82464667426213,42.00174221462677],[-87.82048000759546,42.04337955051002],[-87.82951999240449,42.06492445203997],[-87.8583333333333,42.08333333333337],[-87.8538133409288,42.10587955051002],[-87.87084723578556,42.15625067816844],[-87.90415208604598,42.20625000000004],[-87.88390062120223,42.22304382324221],[-87.92037150065102,42.27290785047745],[-87.91193271213105,42.307586669921896],[-87.92036454942489,42.33541666666669],[-87.87916666666665,42.37083333333336],[-87.87026604546439,42.47842000325523],[-87.87973395453557,42.484548272026935],[-87.86666666666665,42.487500000000026],[-87.87499999999997,42.57916666666669],[-87.91457672119138,42.558890109592035],[-87.92499999999998,42.570833333333354],[-87.93331943088106,42.59374932183162],[-87.92499999999998,42.70833333333336],[-87.96249999999998,42.71666666666669]],[[-84.9462446424696,48.46965840657554],[-84.94288160536021,48.466099378797765],[-84.94166666666663,48.47083333333335],[-84.9462446424696,48.46965840657554]],[[-75.77083333333331,48.045833333333356],[-75.77409515380857,48.03782433403866],[-75.7715165879991,48.03833380805125],[-75.77083333333331,48.045833333333356]]],[[[-89.97916666666663,46.27083333333336],[-89.98038160536021,46.26609937879776],[-89.98374464246957,46.269658406575545],[-89.97916666666663,46.27083333333336]]],[[[-83.40711839463972,47.80056728786896],[-83.40375535753036,47.79700826009118],[-83.4083333333333,47.79583333333337],[-83.40711839463972,47.80056728786896]]]]}},{"type":"Feature","properties":{"id":"saint-john","group":"saint-john","name":"\u30bb\u30f3\u30c8\u30b8\u30e7\u30f3\u5ddd","outletHydrobasinId":7060038320,"sourceIds":[7060038320,7060390740,7060390750,7060364000,7060363990,7060363040,7060363050,7060355150,7060355260]},"geometry":{"type":"Polygon","coordinates":[[[-65.21961839463972,46.29109937879777],[-65.19657999674476,46.304733954535614],[-65.15880245632593,46.27854919433596],[-65.12083333333331,46.291666666666686],[-65.0550862630208,46.27012905544707],[-65.02973395453556,46.23971048990887],[-65.02952473958331,46.19754299587676],[-65.06249999999997,46.18333333333335],[-65.04519042968747,46.17408447265627],[-65.06867302788625,46.11728413899741],[-65.15336405436194,46.082598198784744],[-65.16347164577905,46.063268364800365],[-65.23504774305553,46.05035332573788],[-65.26569892035587,46.02460411919491],[-65.2755672878689,45.99288160536028],[-65.26609937879772,45.98871493869361],[-65.31161261664494,45.97012481689457],[-65.32414906819659,45.944982401529984],[-65.32869788275822,45.906250000000036],[-65.31316121419268,45.88006625705299],[-65.3583333333333,45.8541666666667],[-65.32916666666664,45.812500000000036],[-65.21421288384329,45.86285332573788],[-65.19337887234155,45.85797763400611],[-65.1767159356011,45.83298000759552],[-65.14999999999998,45.837500000000034],[-65.13814968532984,45.81875000000004],[-65.15900132921004,45.76683502197269],[-65.14531385633677,45.746619160970084],[-65.1867275661892,45.7405921088325],[-65.21249999999998,45.67500000000003],[-65.24583333333331,45.67083333333336],[-65.2520833333333,45.64213545057512],[-65.2708333333333,45.650000000000034],[-65.28454827202688,45.636932712131106],[-65.30352054172089,45.640596686469216],[-65.31028951009112,45.62140062120229],[-65.3479078504774,45.60462849934899],[-65.42824961344398,45.60357377794057],[-65.46599951850041,45.57403835720489],[-65.46193271213104,45.551214938693604],[-65.49234381781682,45.52172885470923],[-65.53251783582897,45.50333997938371],[-65.52499999999998,45.491666666666696],[-65.53422071668834,45.471541849772166],[-65.56210411919486,45.4573655870226],[-65.61339959038627,45.40066121419274],[-65.66874999999997,45.383347913954026],[-65.69999999999997,45.38333333333336],[-65.69658084445527,45.41177232530385],[-65.74495781792533,45.3997497558594],[-65.7563771565755,45.453599378797776],[-65.81324666341143,45.416099378797774],[-65.8299133300781,45.42973395453562],[-65.83820851643878,45.40088738335506],[-65.86875254313149,45.403715006510446],[-65.89929148356117,45.386612616644996],[-65.90416666666664,45.3541666666667],[-65.9479092068142,45.33803337944882],[-65.965879313151,45.35060509575741],[-65.98678317599823,45.342488606770864],[-65.98821512858069,45.357494099934925],[-66.0034779866536,45.36166975233293],[-66.02282714843746,45.32560509575741],[-66.06189236111108,45.32408667670359],[-66.05369093153207,45.30743476019968],[-66.08269042968746,45.27296837700741],[-66.07075873480899,45.25537923177086],[-66.1862874348958,45.22909206814239],[-66.19266628689232,45.25061764187286],[-66.23333333333329,45.2541666666667],[-66.23269042968747,45.29467146131731],[-66.25756089952253,45.30052405463328],[-66.253916422526,45.32412448459204],[-66.27015550401472,45.325780910915825],[-66.2708333333333,45.35000000000003],[-66.29672071668833,45.37429148356123],[-66.38749999999996,45.4166666666667],[-66.40659111870656,45.420480007595515],[-66.41909111870656,45.40868665907121],[-66.4475419786241,45.44964107937286],[-66.47795172797305,45.45890062120229],[-66.48806728786889,45.43407999674482],[-66.47150166829424,45.400949266221815],[-66.4946621365017,45.382936096191436],[-66.53921305338538,45.42118665907121],[-66.56249999999997,45.42083333333336],[-66.60758666992184,45.35776604546444],[-66.64288160536022,45.38390062120229],[-66.6833333333333,45.370833333333366],[-66.70659111870657,45.38368665907121],[-66.70473395453556,45.41887715657555],[-66.73262905544702,45.430086093478764],[-66.74166666666663,45.462500000000034],[-66.72951999240448,45.481591118706625],[-66.76164923773868,45.50501759847008],[-66.77179328070743,45.528510708279114],[-66.78660040961368,45.52982788085941],[-66.79999999999997,45.57083333333337],[-66.86150037977427,45.58395097520619],[-66.86330939398869,45.571521335177984],[-66.94409111870657,45.56631334092885],[-66.98945617675778,45.533900621202285],[-67.06666666666663,45.520833333333364],[-67.07140062120223,45.559270562066004],[-67.02917989095049,45.62232903374569],[-67.03390062120222,45.64260389539934],[-67.02129414876299,45.66459333631731],[-67.04077928331161,45.67570851643883],[-67.03368665907115,45.70242445203996],[-67.06335076226125,45.73664906819665],[-67.1282792833116,45.76320851643884],[-67.1506174723307,45.807333713107674],[-67.12916666666663,45.82500000000003],[-67.2104078504774,45.870371500651075],[-67.22291666666663,45.86296878390846],[-67.26862284342445,45.88276604546444],[-67.28359798855249,45.87802954779734],[-67.27443271213104,45.863246663411495],[-67.29537150065102,45.82707451714413],[-67.27859937879772,45.80510389539934],[-67.28449215359156,45.779280598958366],[-67.29610646565753,45.77668863932295],[-67.30771772596569,45.808950975206194],[-67.33395097520614,45.79483371310767],[-67.30912289089623,45.729903157552116],[-67.35748240152992,45.74668426513675],[-67.37122904459633,45.76970367431644],[-67.38541242811412,45.762957763671906],[-67.40085093180336,45.79914906819665],[-67.44166666666663,45.78333333333337],[-67.45587887234156,45.82464430067277],[-67.47708333333331,45.83748541937938],[-67.5149244520399,45.83368665907121],[-67.5392164442274,45.85035332573788],[-67.57880893283418,45.82745513916019],[-67.57854309082029,45.81340925428606],[-67.55521901448566,45.80757463243276],[-67.54589216444225,45.788768513997425],[-67.55920003255206,45.74101121690541],[-67.60331776936846,45.75042792426218],[-67.61539815266924,45.725058831108974],[-67.63333333333331,45.73750000000003],[-67.63427954779729,45.75340813530819],[-67.66174146864147,45.76344621446401],[-67.66760355631509,45.7910561455621],[-67.68749999999997,45.79583333333337],[-67.71342637803816,45.882406955295174],[-67.75279880099824,45.8868823581272],[-67.76734297010631,45.928355407714875],[-67.79262695312498,45.945025634765656],[-67.83992445203991,45.93714667426219],[-67.85868665907115,45.92254774305559],[-67.85416666666664,45.91250000000004],[-67.88333333333331,45.900000000000034],[-67.93217739529078,45.934194098578594],[-67.92895236545137,45.94481201171878],[-67.94928283691404,45.94068044026696],[-67.95416666666665,45.92500000000002],[-67.97953253851995,45.93866305881078],[-67.97585093180336,46.032482571072066],[-68.02291666666665,46.0620313856337],[-68.0424133300781,46.04943271213109],[-68.11249999999997,46.07500000000004],[-68.07997962103947,46.10477057562936],[-68.08410797119139,46.136760796440996],[-68.11730940077038,46.14615512424047],[-68.09102393256292,46.16698845757381],[-68.08333333333331,46.22083333333335],[-68.12708062065968,46.24538167317711],[-68.1895833333333,46.21713528103301],[-68.23824666341142,46.2244327121311],[-68.27695617675778,46.25776604546443],[-68.29166666666663,46.23750000000002],[-68.31354573567705,46.25347323947485],[-68.35624999999996,46.250606282552106],[-68.37916666666663,46.262500000000024],[-68.46004774305553,46.23298000759551],[-68.47499999999997,46.262500000000024],[-68.501715766059,46.24964667426217],[-68.54547559950083,46.27671169704863],[-68.54526604546437,46.31128506130644],[-68.57499999999996,46.35000000000002],[-68.66168755425343,46.34650132921009],[-68.66330261230465,46.35759819878474],[-68.7129692925347,46.37145080566408],[-68.73802964952253,46.334350925021724],[-68.7171963161892,46.3064147949219],[-68.72951999240448,46.29412027994794],[-68.72174886067705,46.270190429687524],[-68.76172146267358,46.27429843478735],[-68.76869845920136,46.254809570312524],[-68.82286512586802,46.24230957031252],[-68.89374999999997,46.23751458062068],[-68.96324666341143,46.26306728786894],[-68.9924133300781,46.249432712131096],[-69.06054382324216,46.26723395453561],[-69.08945617675778,46.29109937879777],[-69.12083333333331,46.28750000000002],[-69.13087972005205,46.300353325737866],[-69.21909111870657,46.282980007595505],[-69.22613711886933,46.24556884765627],[-69.30833333333331,46.23750000000002],[-69.32539588080509,46.26569892035592],[-69.3490322536892,46.27539605034724],[-69.36341942681204,46.315962388780406],[-69.39076707628035,46.321494547526065],[-69.42846238878036,46.35091959635419],[-69.4341842651367,46.36998257107207],[-69.47177056206594,46.38390062120228],[-69.492803785536,46.35806884765627],[-69.51459214952254,46.3662048339844],[-69.52574666341144,46.35776604546443],[-69.55376536051429,46.398170640733525],[-69.57844221327038,46.39659559461808],[-69.59229685465492,46.4299268934462],[-69.57916666666664,46.445833333333354],[-69.6020065307617,46.457715861002626],[-69.62845102945961,46.45336100260419],[-69.62492540147566,46.43037923177086],[-69.64791581895614,46.41304660373266],[-69.68009304470483,46.44490695529516],[-69.71075778537323,46.449646674262176],[-69.72881079779728,46.439954630533876],[-69.72535485161673,46.401713053385436],[-69.74583333333331,46.39166666666669],[-69.72916666666664,46.354166666666686],[-69.79223395453556,46.33628506130645],[-69.78687405056421,46.30086534288196],[-69.70833333333331,46.30416666666669],[-69.70902133517792,46.2799760606554],[-69.73395097520614,46.246302625868076],[-69.72021569146048,46.22997300889759],[-69.73369106716578,46.185045030381964],[-69.75833333333331,46.170833333333356],[-69.75888977050779,46.150953843858524],[-69.78802947998045,46.14276665581599],[-69.7841842651367,46.11751759847009],[-69.79925333658852,46.10359937879778],[-69.81363711886934,46.121097988552556],[-69.84095815022783,46.111612616645004],[-69.85026465521916,46.08030378553606],[-69.84166666666664,46.066666666666706],[-69.8649244520399,46.06214667426219],[-69.87499999999997,46.02083333333337],[-69.89929148356117,46.015779283311666],[-69.9237850613064,45.986932712131114],[-69.98749999999998,46.01250000000002],[-69.96666666666664,46.05416666666669],[-69.92988145616317,46.075816514756966],[-69.92118665907115,46.156591118706615],[-70.00174221462672,46.20381334092884],[-70.04999999999998,46.21666666666669],[-70.0464906480577,46.16764390733509],[-70.09087914360892,46.145228407118076],[-70.11249999999997,46.166666666666686],[-70.17257554796004,46.1211866590712],[-70.19999999999996,46.14166666666669],[-70.20473395453556,46.114456176757834],[-70.23016221788191,46.08394639756946],[-70.27831590440535,46.09251742892797],[-70.28689236111107,46.12825317382814],[-70.27571411132809,46.14866773817276],[-70.33662719726559,46.141023763020854],[-70.34506191677514,46.21172858344186],[-70.32993808322479,46.21327141655818],[-70.31146986219615,46.24925503200957],[-70.28833109537757,46.2551710340712],[-70.30047573513451,46.27826809353301],[-70.28407253689232,46.27994147406686],[-70.27499999999996,46.320833333333354],[-70.29999999999997,46.37083333333336],[-70.31874932183156,46.35834689670141],[-70.3833333333333,46.37916666666669],[-70.34682345920136,46.40914849175349],[-70.35091959635413,46.42012905544707],[-70.41545172797305,46.42026604546443],[-70.42951999240448,46.443382771809915],[-70.40035569932722,46.460045369466165],[-70.37916666666663,46.50000000000002],[-70.35085076226125,46.51335076226131],[-70.34973246256507,46.53655158148874],[-70.3658050537109,46.54199761284725],[-70.3994462754991,46.59373948838978],[-70.35463528103296,46.63125000000002],[-70.35329962836369,46.678547837999155],[-70.31371493869354,46.67026604546443],[-70.30058593749996,46.68841891818579],[-70.29914923773867,46.72414923773874],[-70.2838948567708,46.73958333333336],[-70.30895080566403,46.77363213433162],[-70.28417392306854,46.77989807128909],[-70.29111735026038,46.7979187011719],[-70.27916666666663,46.81666666666669],[-70.23442789713538,46.82439575195315],[-70.2243489583333,46.805091010199675],[-70.19999999999996,46.80833333333336],[-70.17499999999997,46.862500000000026],[-70.1836992051866,46.88217027452259],[-70.17083333333329,46.90000000000003],[-70.12058580186628,46.896561008029536],[-70.12433878580725,46.957433742947075],[-70.07083333333331,46.98333333333336],[-70.04066433376734,47.03271077473961],[-70.01363711886934,47.02890218098961],[-70.01132490370007,47.037912665473115],[-69.95625881618922,47.00879516601565],[-69.95351715087888,47.044855753580755],[-69.91249999999998,47.054166666666696],[-69.9005672878689,47.06862284342451],[-69.90340660942923,47.11177164713544],[-69.85808308919269,47.113375515408016],[-69.87007056342229,47.121858045789956],[-69.86635640462237,47.14087592230906],[-69.83301154242619,47.13269042968753],[-69.82083333333331,47.15000000000003],[-69.79757554796005,47.14964667426218],[-69.7833333333333,47.13333333333336],[-69.73001759847003,47.146684095594644],[-69.69640062120223,47.17695617675784],[-69.70416666666664,47.21250000000003],[-69.68399454752601,47.21756625705298],[-69.67916666666665,47.245833333333366],[-69.65416666666664,47.25833333333336],[-69.642803785536,47.245568678114175],[-69.62437405056421,47.29080115424265],[-69.55833333333331,47.28333333333336],[-69.55752292209199,47.33678215874569],[-69.52057291666664,47.338260735405846],[-69.5242248535156,47.36162787543406],[-69.49166666666665,47.370833333333366],[-69.51037767198348,47.399344550238744],[-69.52565544976126,47.400936720106365],[-69.51934424506291,47.43398878309465],[-69.46326022677948,47.42987247043189],[-69.44825778537324,47.462146674262186],[-69.40948927137585,47.48002743191192],[-69.4131176418728,47.51150037977433],[-69.39586724175345,47.51802775065107],[-69.37021569146047,47.583802456325984],[-69.37916666666663,47.6416666666667],[-69.3333333333333,47.6416666666667],[-69.33815544976126,47.66462232801653],[-69.37002343071829,47.68379448784725],[-69.37148878309459,47.69880320231123],[-69.31191847059459,47.704822116427984],[-69.3008122762044,47.69537421332468],[-69.29681633843313,47.73235032823354],[-69.33744116889103,47.7528981526693],[-69.32158762613929,47.759387037489184],[-69.32464633517793,47.79828440348311],[-69.3142159356011,47.80868665907121],[-69.2770826551649,47.804180569118955],[-69.25588226318357,47.821186659071216],[-69.24201999240448,47.8107577853733],[-69.2431701660156,47.69841664632165],[-69.19583333333331,47.69583333333337],[-69.17499999999997,47.72083333333337],[-69.1350429958767,47.679524739583364],[-69.09911261664493,47.765958150227895],[-69.06249999999997,47.78750000000003],[-69.05302937825518,47.80859798855255],[-69.03554382324216,47.792233954535625],[-69.01571723090275,47.80349816216366],[-68.98871493869355,47.79943271213111],[-68.97414923773869,47.84081573486331],[-68.94999999999997,47.84583333333337],[-68.94571940104164,47.865507846408455],[-68.89938252766925,47.8777988009983],[-68.91276753743486,47.92821807861331],[-68.89166666666664,47.9416666666667],[-68.90113728841143,47.958597988552555],[-68.92011345757375,47.95494333902998],[-68.9208333333333,47.966666666666704],[-68.88575778537323,48.00381334092886],[-68.78950636121958,48.03271569146054],[-68.721832953559,47.991049024793874],[-68.71596103244354,48.02419297960073],[-68.69263848198781,48.02993486192495],[-68.66666666666663,48.05833333333335],[-68.62916666666663,48.03750000000004],[-68.56403537326385,48.09170091417104],[-68.5458333333333,48.066666666666706],[-68.50924886067705,48.079809400770436],[-68.50744052463104,48.06207919650611],[-68.46811455620656,48.078523932562966],[-68.4583333333333,48.10000000000002],[-68.37291734483503,48.06251373291019],[-68.32499999999996,48.062500000000036],[-68.31595831976993,48.03005405002174],[-68.2787692599826,47.997004530164965],[-68.3083333333333,47.9916666666667],[-68.29658677842879,47.95079989963111],[-68.34487304687497,47.945025634765656],[-68.35419752332896,47.93057946099179],[-68.34104919433591,47.92363213433163],[-68.3363627115885,47.878902011447515],[-68.30590888129336,47.89548000759552],[-68.24340888129336,47.87464667426219],[-68.20242445203989,47.846186659071215],[-68.11862284342445,47.83693271213111],[-68.06757236056853,47.811862352159324],[-68.03848809136281,47.77859937879778],[-68.01545172797306,47.792233954535625],[-67.97443271213103,47.775850084092916],[-67.97973395453555,47.76324666341149],[-67.96751742892792,47.75085093180342],[-67.99583333333331,47.7416666666667],[-68.00077141655814,47.721604749891526],[-68.02591705322263,47.704759555392826],[-68.04999999999998,47.7041666666667],[-68.05912746853296,47.67579413519969],[-68.07145097520615,47.67400037977434],[-68.05324028862844,47.63425971137156],[-68.02083333333331,47.61250000000003],[-68.02535417344833,47.58504689534509],[-68.05415242513018,47.5729170057509],[-68.04907362196178,47.55092637803823],[-68.00067698160805,47.51150224473744],[-67.99931199815536,47.48830956353085],[-67.94799346923826,47.45478430853953],[-67.9218339708116,47.45349968804256],[-67.94893001980249,47.413146124945776],[-67.91874118381074,47.400461832682325],[-67.89362284342445,47.411932712131104],[-67.86604902479381,47.386132134331625],[-67.88811764187281,47.35073666042754],[-67.87499999999997,47.32500000000003],[-67.79338311089407,47.35451999240454],[-67.77083333333331,47.33750000000003],[-67.78360137939451,47.32580040825741],[-67.7586259629991,47.324234856499594],[-67.75416666666665,47.308333333333366],[-67.74206254747176,47.31346774631079],[-67.72859937879772,47.389710489908886],[-67.69583333333331,47.4166666666667],[-67.70026736789276,47.44488474527998],[-67.68333333333331,47.458333333333364],[-67.62916666666663,47.4416666666667],[-67.61988474527992,47.412232632107234],[-67.54799346923825,47.36311764187286],[-67.52157202826604,47.36321394178606],[-67.51124776204425,47.383913167317736],[-67.4800823635525,47.375598483615484],[-67.45213504367402,47.40352393256296],[-67.42291666666664,47.38393944634335],[-67.40075378417966,47.38824072943797],[-67.39935726589624,47.40448845757381],[-67.42008683946395,47.42842542860246],[-67.38407830132375,47.43853013780385],[-67.36343722873261,47.45890062120229],[-67.35153537326386,47.44996575249569],[-67.330303785536,47.47109798855255],[-67.31249999999997,47.462500000000034],[-67.29166666666664,47.4791666666667],[-67.28749999999997,47.51250000000003],[-67.26471048990882,47.49223395453562],[-67.23528951009112,47.48806728786896],[-67.18554382324216,47.52443271213111],[-67.1333333333333,47.53750000000003],[-67.11566704644095,47.50354902479387],[-67.0759090847439,47.50770975748701],[-67.06249999999997,47.48333333333336],[-67.00625101725258,47.53748643663197],[-66.98504909939233,47.524646674262186],[-66.95171305338539,47.54201999240455],[-66.93504774305552,47.520480007595516],[-66.89757554796005,47.520480007595516],[-66.88125067816837,47.50834723578562],[-66.82613728841143,47.53776465521921],[-66.80625067816837,47.49584706624352],[-66.78749999999997,47.50000000000003],[-66.81723395453555,47.45342000325524],[-66.79211459689667,47.414582146538656],[-66.82695617675778,47.38390062120229],[-66.87499999999997,47.3791666666667],[-66.8833333333333,47.32500000000003],[-66.81004808213973,47.33714548746748],[-66.80380859374996,47.31004316541887],[-66.77916666666664,47.304166666666696],[-66.77834676106768,47.27577192518449],[-66.75356174045136,47.259197658962705],[-66.76310492621525,47.248671298556886],[-66.75742594401038,47.225907558865046],[-66.72179768880206,47.21179673936635],[-66.72499999999997,47.19166666666669],[-66.70769042968747,47.158967081705754],[-66.73728061252167,47.13658108181426],[-66.74757554796004,47.10451999240454],[-66.77836405436194,47.090931532118084],[-66.78449198404945,47.07094726562503],[-66.82499999999997,47.06666666666669],[-66.83390062120222,47.050937228732664],[-66.77982788085934,47.01576707628041],[-66.77499999999996,46.99583333333336],[-66.82171291775171,46.95907219780818],[-66.84999999999997,46.9666666666667],[-66.85380757649736,46.935041978624156],[-66.82916666666664,46.90833333333336],[-66.94433763292098,46.912486775716175],[-66.9708333333333,46.85000000000002],[-66.9630672878689,46.81862284342451],[-67.01189066569007,46.80329759385853],[-67.01306728786889,46.77278951009117],[-67.04251742892792,46.75501742892798],[-67.09647623697914,46.78008219401044],[-67.08271586100257,46.80733371310767],[-67.118758477105,46.82027791341148],[-67.13117302788626,46.80895080566409],[-67.16471048990883,46.8119327121311],[-67.17591891818573,46.79225260416669],[-67.2083333333333,46.79166666666669],[-67.22499999999997,46.77083333333336],[-67.204522535536,46.714212036132835],[-67.2660727606879,46.703293863932316],[-67.26666666666664,46.67916666666669],[-67.29878506130639,46.68806728786895],[-67.3005672878689,46.651956176757835],[-67.3333333333333,46.633333333333354],[-67.34922112358939,46.63403116861981],[-67.35077141655813,46.64922858344187],[-67.40077073838972,46.68243882921009],[-67.44526333279077,46.67805820041235],[-67.44547559950084,46.664211697048636],[-67.41214667426213,46.639216105143255],[-67.41666666666664,46.608333333333356],[-67.34670054117836,46.60768195258249],[-67.33325873480901,46.59462076822919],[-67.3506176418728,46.57130262586808],[-67.35079413519962,46.54662746853301],[-67.38269297281899,46.53232523600263],[-67.38333333333331,46.50416666666669],[-67.37821807861326,46.491399129231795],[-67.33430497911239,46.48256496853301],[-67.32916666666664,46.43750000000002],[-67.30221048990883,46.41723395453561],[-67.26249999999997,46.40000000000002],[-67.25331573486325,46.48248257107207],[-67.1509084065755,46.47979397243926],[-67.13749999999997,46.49583333333336],[-67.08009575737844,46.47429707845054],[-67.07047526041664,46.44337632921009],[-67.04409111870656,46.425353325737866],[-66.92916666666663,46.42916666666669],[-66.9458333333333,46.39166666666669],[-66.91991780598956,46.35769042968752],[-66.89244316948782,46.36738654242624],[-66.87325778537323,46.39548000759551],[-66.78427056206594,46.374432712131096],[-66.59663594563798,46.399264865451414],[-66.57836405436194,46.3549018012153],[-66.50078396267358,46.345135837131096],[-66.49505547417532,46.325706990559915],[-66.42499999999997,46.30833333333335],[-66.42083333333329,46.28333333333335],[-66.46998765733504,46.229880777994815],[-66.43846774631074,46.21627061631946],[-66.41581590440535,46.18418409559464],[-66.38407999674476,46.17443271213109],[-66.26348809136282,46.24640062120228],[-66.22916666666663,46.233333333333356],[-66.21672566731768,46.242935180664084],[-66.22148878309459,46.26573011610245],[-66.17990383572045,46.27157050238717],[-66.17083333333329,46.30833333333335],[-66.08813781738277,46.32173902723527],[-66.07819892035586,46.353770616319466],[-66.0477895100911,46.35473395453561],[-66.03749999999998,46.37500000000002],[-65.93823666042749,46.40061747233075],[-65.9020065307617,46.39228413899742],[-65.86983557807072,46.415989515516515],[-65.80497792561846,46.42567647298179],[-65.79213578965927,46.442284138997415],[-65.74799346923825,46.41728413899742],[-65.71840888129339,46.4211866590712],[-65.70416666666664,46.44166666666669],[-65.63693271213106,46.47822943793405],[-65.6407792833116,46.51179165310332],[-65.57304382324216,46.5494327121311],[-65.54244554307724,46.549302164713566],[-65.54166666666664,46.52916666666669],[-65.51961839463974,46.5119327121311],[-65.46666666666664,46.52083333333336],[-65.47048000759546,46.50174221462676],[-65.44677056206595,46.47859937879777],[-65.3987850613064,46.492233954535614],[-65.3424133300781,46.488067287868944],[-65.27254621717663,46.449646674262176],[-65.24999999999997,46.45833333333336],[-65.22845815022784,46.400887383355055],[-65.21249999999998,46.39166666666669],[-65.25473395453557,46.352951727973114],[-65.22558898925779,46.328248426649324],[-65.21961839463972,46.29109937879777]]]}},{"type":"Feature","properties":{"id":"saskatchewan","group":"saskatchewan","name":"\u30b5\u30b9\u30ab\u30c1\u30e5\u30ef\u30f3\u5ddd","outletHydrobasinId":7060192420,"sourceIds":[7060192420,7060192820,7060192810,7060179770,7060179920,7060177100,7060177090,7060179090,7060179080,7060194860,7060194980,7060212920,7060213040,7060217900,7060226990,7060217780,7060227100,7060208410,7060208540,7060263820,7060263970,7060184430,7060184580,7060260120,7060260000,7060256540,7060256690,7060259190,7060259200,7060282770,7060282720,7060242880,7060242640,7060202930,7060203140,7060224630,7060224750,7060224740,7060224620],"parent":"nelson"},"geometry":{"type":"Polygon","coordinates":[[[-112.67291598849823,49.29165276421444],[-112.74498257107201,49.27414906819664],[-112.76332058376732,49.21695590549048],[-112.79089016384546,49.21178012424048],[-112.78945617675778,49.12973395453562],[-112.86041666666664,49.12546861436635],[-112.90515475802948,49.14640062120228],[-112.95736558702254,49.112103949652806],[-112.96666666666664,49.0916666666667],[-112.98749999999997,49.09583333333336],[-113.00337253146698,49.08253919813371],[-113.02985873752168,49.02182685004343],[-113.07433200412324,48.999187554253496],[-113.07499999999997,48.98333333333336],[-113.13575778537323,48.96631334092885],[-113.17674221462671,48.933686659071206],[-113.21041666666663,48.92501458062068],[-113.33159111870657,48.92464667426218],[-113.3371422661675,48.914211697048636],[-113.32414906819659,48.900850762261314],[-113.29584757486977,48.89375033908423],[-113.2958333333333,48.85833333333336],[-113.35331573486326,48.82414923773874],[-113.38693271213106,48.723043823242215],[-113.39526604546438,48.65491333007815],[-113.42602132161456,48.617248874240474],[-113.46249999999998,48.61666666666669],[-113.51666666666664,48.575000000000024],[-113.58124932183158,48.58748609754777],[-113.60588344997828,48.578813340928846],[-113.63507554796004,48.599646674262175],[-113.66666666666664,48.58333333333336],[-113.68407999674477,48.59640062120228],[-113.72916666666664,48.60000000000002],[-113.74999999999997,48.62083333333336],[-113.74522586398652,48.65741984049482],[-113.72990214029946,48.667566257052975],[-113.7380672878689,48.69429796006947],[-113.71335093180336,48.69668409559464],[-113.70416666666664,48.71666666666669],[-113.71342637803816,48.740740288628494],[-113.77048000759547,48.7850755479601],[-113.76249999999997,48.81666666666669],[-113.78253445095484,48.82966817220055],[-113.78410474989147,48.8450619167752],[-113.8142155965169,48.84131334092884],[-113.84999999999998,48.85833333333336],[-113.87398834228513,48.8369327121311],[-113.90758666992186,48.846400621202285],[-113.95416666666665,48.81666666666669],[-114.00416666666665,48.83333333333336],[-113.98796183268227,48.847907850477455],[-114.04166666666663,48.887500000000024],[-114.0125534057617,48.909594048394126],[-114.01732211642793,48.92295566134985],[-114.04610137939451,48.93413357204864],[-114.03749999999998,48.96250000000003],[-114.05319892035588,48.96706271701392],[-114.0702660454644,48.997789510091174],[-114.05771569146049,49.044465467664956],[-114.15381096733938,49.09754808213978],[-114.14964667426213,49.11421610514326],[-114.16701999240449,49.13504909939239],[-114.15833333333332,49.15000000000003],[-114.21576707628034,49.175661214192736],[-114.22653028700083,49.19162648518883],[-114.28427056206594,49.17859937879777],[-114.31862284342445,49.199432712131106],[-114.3458333333333,49.19166666666669],[-114.39387715657548,49.20890062120228],[-114.39939236111108,49.24075334337026],[-114.38693271213104,49.25295172797312],[-114.44375474717879,49.262965053982235],[-114.45487501356334,49.299112616645],[-114.49223395453555,49.31961839463979],[-114.47916666666663,49.329166666666694],[-114.49259304470483,49.3532402886285],[-114.52419060601125,49.35902133517798],[-114.53950636121958,49.37854902479387],[-114.5645833333333,49.37556152343753],[-114.59548000759546,49.401742214626765],[-114.60416666666663,49.454166666666694],[-114.59524943033851,49.5074139065213],[-114.57130194769962,49.5354166666667],[-114.57499999999996,49.558333333333366],[-114.5899244520399,49.56631334092885],[-114.63015475802948,49.54943271213111],[-114.65491333007809,49.563067287868954],[-114.69374728732636,49.546284993489614],[-114.73267211914059,49.580066257052984],[-114.7458333333333,49.620833333333366],[-114.65914815266923,49.65471649169925],[-114.67145080566402,49.67400037977434],[-114.65532531738278,49.679280598958364],[-114.63811747233069,49.71033986409508],[-114.6505672878689,49.76324666341149],[-114.63693271213104,49.78824666341149],[-114.6410993787977,49.82593722873267],[-114.68018086751299,49.88670213487416],[-114.69230957031246,49.888550313313836],[-114.68671908908416,49.96598883734813],[-114.65416666666664,49.966666666666704],[-114.66742892795136,50.06594204372832],[-114.69910990397132,50.075274997287345],[-114.73242187499997,50.117187839084224],[-114.72458733452687,50.184508599175366],[-114.77140062120222,50.24925333658856],[-114.75416666666663,50.27500000000002],[-114.75912746853295,50.29920586480037],[-114.77916666666664,50.30000000000002],[-114.79131334092878,50.326742214626755],[-114.77118937174475,50.34754536946617],[-114.77499999999996,50.36250000000002],[-114.81041666666664,50.358801947699675],[-114.83017272949216,50.391048177083356],[-114.85762905544702,50.39675292968752],[-114.87587958441837,50.436761135525195],[-114.89914923773868,50.43835076226131],[-114.92499999999997,50.46250000000002],[-115.02671169704858,50.591308932834224],[-115.0520819769965,50.57128126356339],[-115.07425333658851,50.588067287868945],[-115.103229437934,50.566099378797766],[-115.16887715657549,50.570266045464436],[-115.19193132188582,50.55302937825523],[-115.18749999999997,50.53333333333336],[-115.22850545247393,50.54673292371964],[-115.2425860934787,50.590962388780405],[-115.27721048990882,50.60056728786895],[-115.30855797661673,50.632011583116345],[-115.27859937879772,50.65074666341148],[-115.30833333333331,50.72083333333336],[-115.41186235215926,50.71340569390193],[-115.4301571316189,50.753547498914955],[-115.4826721191406,50.755066257052974],[-115.50067715115014,50.786604478624156],[-115.52598809136282,50.782766045464435],[-115.54804382324217,50.79640062120228],[-115.57173716227211,50.84518873426652],[-115.60907999674477,50.846400621202285],[-115.62800343831378,50.83296746148006],[-115.64100545247393,50.84256625705298],[-115.64914906819659,50.87414923773874],[-115.56609937879772,50.89878506130645],[-115.60381215413409,50.918381415473114],[-115.60416666666664,50.95833333333336],[-115.64778951009112,50.99526604546443],[-115.67826097276473,51.00063781738284],[-115.69665357801647,51.02819654676652],[-115.71760389539928,51.01609937879777],[-115.7688771565755,51.04223395453562],[-115.7674133300781,51.07140062120229],[-115.8583333333333,51.079166666666694],[-115.86666666666665,51.0916666666667],[-115.92157999674477,51.0869327121311],[-115.95326097276474,51.10063781738284],[-115.96004316541881,51.11630859375003],[-116.00752376980249,51.125688001844644],[-116.00890062120223,51.15221048990888],[-116.02973395453557,51.167413330078155],[-116.00505405002168,51.18820851643883],[-116.00913323296439,51.22007971869577],[-116.03410085042316,51.21604902479387],[-116.05880245632594,51.25061764187286],[-116.15318044026691,51.26321716308597],[-116.1634141710069,51.29522925482859],[-116.22177056206594,51.291099378797774],[-116.25637715657548,51.30473395453562],[-116.28749999999997,51.333333333333364],[-116.28276604546437,51.359079996744825],[-116.30760294596351,51.37589772542321],[-116.28749999999997,51.40833333333336],[-116.29101121690535,51.46163330078128],[-116.33774583604597,51.461844550238744],[-116.38201836480032,51.48740878634986],[-116.39999999999996,51.51250000000003],[-116.3910993787977,51.54461839463979],[-116.44409111870657,51.55451999240454],[-116.47047966851125,51.57254757351349],[-116.4708333333333,51.620833333333366],[-116.51604309082028,51.60924258761939],[-116.53006625705292,51.64100545247399],[-116.59073520236542,51.662779914008276],[-116.58817647298174,51.720022074381546],[-116.62299363878034,51.725617641872866],[-116.6408498128255,51.74230431450741],[-116.65872938368052,51.79903225368927],[-116.69166666666663,51.8166666666667],[-116.7534254286024,51.8159840901693],[-116.75483466254337,51.78955688476566],[-116.80703226725257,51.749942525227894],[-116.81190151638452,51.73025054931644],[-116.79947747124562,51.71970418294274],[-116.81249999999997,51.7041666666667],[-116.9149244520399,51.71285332573788],[-116.96973639594181,51.75881991916236],[-116.96193271213104,51.788437228732676],[-116.98685641818574,51.80923750135637],[-116.97962849934893,51.835407850477466],[-117.03242119683156,51.8590998331706],[-117.0244703504774,51.88862169053823],[-117.0708333333333,51.9416666666667],[-117.14757554796005,51.97464667426219],[-117.1899244520399,51.975353325737885],[-117.23395097520614,52.01113213433162],[-117.21744961208765,52.03265550401478],[-117.24382680257159,52.033950805664084],[-117.26330702039928,52.05762769911026],[-117.29831136067706,52.06639336480037],[-117.29104902479381,52.14250488281252],[-117.30833333333331,52.16250000000002],[-117.25612284342445,52.16306728786894],[-117.16737094455293,52.19675292968752],[-117.16193271213105,52.23628506130645],[-117.19914906819659,52.263350762261304],[-117.17859937879771,52.27822943793405],[-117.20890062120223,52.303420003255226],[-117.20768890380856,52.31992933485245],[-117.17118886311846,52.33088039822051],[-117.16666666666664,52.34583333333335],[-117.18333333333331,52.37083333333336],[-117.14166666666664,52.40623508029516],[-117.14697062174476,52.41693115234377],[-117.1813771565755,52.41306728786895],[-117.20090569390189,52.43686218261721],[-117.23971048990883,52.44640062120228],[-117.24681243896481,52.47436726888023],[-117.28226335313582,52.479812622070334],[-117.28429311116534,52.499344211154536],[-117.32819892035587,52.517062717013914],[-117.34076707628036,52.53683878580731],[-117.26666666666664,52.575000000000024],[-117.27152167426212,52.5991651746962],[-117.30054066975909,52.59522840711808],[-117.36663852267793,52.63472798665367],[-117.34100545247394,52.678267076280406],[-117.28675333658852,52.657766045464435],[-117.25612284342445,52.67140062120228],[-117.22916666666664,52.704166666666694],[-117.17674221462671,52.70035332573787],[-117.12499999999997,52.737500000000026],[-117.19509667290579,52.78839246961808],[-117.19166666666663,52.80833333333336],[-117.30195617675778,52.85359937879777],[-117.31874118381074,52.84629516601565],[-117.33372921413843,52.865698920355925],[-117.41666666666664,52.90833333333336],[-117.34672580295137,52.91176317003041],[-117.3063771565755,52.88390062120228],[-117.27695617675778,52.87973395453562],[-117.24910040961369,52.903505452473986],[-117.16445617675778,52.904733954535615],[-117.10416666666664,52.94166666666669],[-117.02499999999998,52.90416666666669],[-116.99247300889753,52.93811747233075],[-116.95880262586803,52.924382527669295],[-116.94045410156247,52.933407931857666],[-116.87130262586803,52.89521586100263],[-116.81713595920135,52.90478413899742],[-116.80316704644095,52.89104919433596],[-116.78016526963972,52.89234076605906],[-116.77130262586802,52.90478413899742],[-116.65245056152341,52.88298000759551],[-116.56323682996958,52.92561747233076],[-116.5380479600694,52.92411736382381],[-116.52418755425344,52.90066799587676],[-116.48796929253469,52.89521586100263],[-116.44999999999996,52.91250000000002],[-116.44909091525604,52.92854309082034],[-116.38159111870657,52.97464667426218],[-116.23749999999997,52.99583333333336],[-116.2284525553385,53.01582099066843],[-116.17591552734372,53.01726515028214],[-116.08504621717663,53.05035332573787],[-115.97254621717663,53.03714667426218],[-115.94910040961369,53.057672119140655],[-115.87177056206595,53.07973395453562],[-115.80924665662975,53.07439236111114],[-115.79791666666664,53.06296861436635],[-115.7674133300781,53.07556728786895],[-115.72574666341143,53.04943271213111],[-115.70195617675779,53.05359937879777],[-115.66471048990883,53.02556728786895],[-115.59672071668834,53.01595831976999],[-115.56324666341143,52.9869327121311],[-115.5174133300781,53.00890062120229],[-115.47174428304034,53.00478379991322],[-115.44583333333331,53.03750000000003],[-115.40221048990882,53.05776604546444],[-115.35074666341143,53.05359937879777],[-115.3301547580295,53.06723395453562],[-115.23675333658852,53.07859937879777],[-115.15918426513669,53.10918409559464],[-115.1505672878689,53.135543823242216],[-115.1708333333333,53.1541666666667],[-115.12473381890189,53.18248019748267],[-115.10504218207463,53.17891642252607],[-115.09166666666664,53.22083333333336],[-115.04543592664928,53.25533786349829],[-115.07114562988278,53.29892425537112],[-115.04964667426212,53.30245378282338],[-115.05381334092878,53.36492445203996],[-115.01459723578556,53.40765279134118],[-115.0007636176215,53.40394337972008],[-115.0002746582031,53.44082556830515],[-114.97428622775604,53.4368572658963],[-114.94999999999997,53.4666666666667],[-114.963239203559,53.490892028808624],[-114.97839525010848,53.492438083224854],[-114.97980957031247,53.52296837700741],[-115.0006429036458,53.55561472574873],[-114.97183634440101,53.55893741183814],[-114.93276604546438,53.59906277126739],[-114.94119805230032,53.6229166666667],[-114.9313771565755,53.636932712131106],[-114.89261610243052,53.63816850450307],[-114.8799133300781,53.65473395453562],[-114.77577480740014,53.64657253689239],[-114.76666666666664,53.67083333333336],[-114.79089185926647,53.67573920355906],[-114.79999999999997,53.712500000000034],[-114.73921305338538,53.69131334092885],[-114.65612284342444,53.70473395453562],[-114.65487501356334,53.724112616645],[-114.68262905544702,53.742586093478764],[-114.69409111870657,53.770480007595516],[-114.65587972005206,53.779519992404545],[-114.6208333333333,53.770833333333364],[-114.60742424858938,53.78270975748701],[-114.52499999999996,53.79583333333337],[-114.45506625705292,53.782672119140656],[-114.42499999999997,53.76250000000003],[-114.40473395453556,53.785289510091175],[-114.41666666666663,53.812500000000036],[-114.3892422146267,53.80868665907121],[-114.3645840115017,53.82081943088111],[-114.35171440972219,53.80798000759552],[-114.33088107638885,53.83368665907121],[-114.29374999999996,53.81668124728736],[-114.21075778537323,53.84548000759552],[-114.17671305338538,53.841313340928856],[-114.09675038655597,53.858926222059495],[-114.06598341200085,53.932499525282154],[-114.04804382324217,53.917233954535625],[-114.01346774631074,53.925395880805155],[-114.01249999999997,53.9916666666667],[-113.9208333333333,53.97083333333337],[-113.90356157090926,53.98804050021703],[-113.93251342773435,54.01743842230905],[-113.92916666666665,54.03333333333335],[-113.90335422092012,54.05349867078995],[-113.84783986409502,54.05895080566408],[-113.78749999999998,54.10000000000002],[-113.78242001003687,54.116059027777794],[-113.76308288574216,54.117586263020854],[-113.71471048990882,54.153599378797765],[-113.65481245252819,54.146736992730055],[-113.61161261664493,54.22429165310332],[-113.54220733642576,54.22856174045141],[-113.49220733642575,54.25893825954863],[-113.47995741102427,54.257596503363736],[-113.47292395697697,54.229700046115475],[-113.42597724066837,54.22982381184898],[-113.40035332573783,54.25174221462676],[-113.40897606743704,54.27228122287328],[-113.37041252983938,54.28839280870228],[-113.38328687879772,54.307039388020854],[-113.37549336751299,54.313142903645854],[-113.34615512424043,54.28685709635419],[-113.29704945882159,54.29656609429256],[-113.3006176418728,54.31983371310766],[-113.27982652452255,54.330169338650194],[-113.2833333333333,54.358333333333356],[-113.24754486083981,54.35869106716582],[-113.19505869547523,54.424260796441],[-113.14599066840275,54.43017340766061],[-113.14386630588105,54.450498792860266],[-113.1253217909071,54.46314290364585],[-113.06759575737844,54.432630411783876],[-113.06249999999997,54.40416666666669],[-113.01760389539928,54.374432712131096],[-112.98015475802949,54.400567287868945],[-112.96666666666664,54.39583333333336],[-112.96249999999996,54.420833333333356],[-112.92130262586802,54.42145080566409],[-112.8948337131076,54.395215861002626],[-112.87156405978729,54.39915059407554],[-112.87079942491316,54.3763610839844],[-112.84166666666664,54.36666666666669],[-112.832672797309,54.39916042751738],[-112.81321953667532,54.39662679036461],[-112.80416666666663,54.41250000000002],[-112.77160169813365,54.40736151801217],[-112.7312564425998,54.371390109592035],[-112.72009548611108,54.38672451443144],[-112.66386786566837,54.38688252766929],[-112.6488627115885,54.41693115234377],[-112.6134134928385,54.411892361111136],[-112.60302937825517,54.38723551432294],[-112.52574666341143,54.41306728786895],[-112.4958333333333,54.36666666666669],[-112.42695617675778,54.374432712131096],[-112.40074666341143,54.35776604546443],[-112.37574666341142,54.37140062120228],[-112.32575412326385,54.365889824761304],[-112.31881408691403,54.346463690863736],[-112.25956454806854,54.345862494574675],[-112.24999999999996,54.32916666666669],[-112.18124999999996,54.33286471896704],[-112.15625474717878,54.30879855685766],[-112.07147098117403,54.28659430609811],[-112.06666666666665,54.262500000000024],[-112.04668426513669,54.26164923773874],[-111.98749999999998,54.18750000000002],[-111.90590888129339,54.19201999240453],[-111.87816704644095,54.217284138997414],[-111.8254691229926,54.19938252766929],[-111.8009602864583,54.20335896809898],[-111.79509785970049,54.179966566297765],[-111.74804382324217,54.15890062120228],[-111.67254621717663,54.1711866590712],[-111.62674221462672,54.16631334092884],[-111.61005011664494,54.14964667426217],[-111.58507554796005,54.162146674262175],[-111.54668426513669,54.13664923773874],[-111.53749999999998,54.108333333333356],[-111.52563374837237,54.11730957031252],[-111.49640570746526,54.10754157172311],[-111.48261345757376,54.071609836154536],[-111.44615512424042,54.06730957031252],[-111.44090186225041,54.050835842556445],[-111.39615512424042,54.03269042968752],[-111.32257554796004,54.037853325737885],[-111.3091842651367,54.061649237738735],[-111.37082010904945,54.10149570041234],[-111.41341942681204,54.15762905544707],[-111.50748240152993,54.22168409559464],[-111.49374999999998,54.232864718967036],[-111.42411261664493,54.17987501356339],[-111.39166666666664,54.170833333333356],[-111.39166666666664,54.18333333333335],[-111.37257554796004,54.1829800075955],[-111.33541734483504,54.14584723578561],[-111.28507554796005,54.15381334092884],[-111.26004316541881,54.14130859375002],[-111.17956288655596,54.074369642469634],[-111.13771837022567,54.08653157552085],[-111.11988796657984,54.05927870008682],[-111.08825412326387,54.057556491427974],[-111.03407999674477,54.020266045464446],[-111.01706271701386,54.02403225368927],[-110.9612850613064,53.96609937879778],[-110.93945617675779,53.97026604546444],[-110.89804382324216,53.93806728786896],[-110.78749999999997,54.03750000000002],[-110.6392167833116,54.05797949896922],[-110.58749999999996,53.98333333333337],[-110.51666666666664,53.95000000000003],[-110.54911261664493,54.0159581502279],[-110.48971048990882,54.04109937879778],[-110.42157016330292,54.02989586724179],[-110.40761074490014,54.07424112955733],[-110.37287767198347,54.07851121690542],[-110.35833333333329,54.0541666666667],[-110.33269042968746,54.05938364664717],[-110.34076300726993,54.079809400770436],[-110.29369845920135,54.078523932562966],[-110.26666666666664,54.066666666666706],[-110.2741570366753,54.04230872260203],[-110.25416666666663,54.0416666666667],[-110.17157999674475,54.07973395453563],[-110.14257948133677,54.078556993272606],[-110.13024970160586,54.066137186686234],[-110.08826666937931,54.069921366373734],[-110.06162448459199,54.020583089192726],[-110.02980940077038,54.014634874131964],[-110.04246656629772,53.97575361463762],[-110.08262769911022,53.97002631293406],[-110.08811764187281,53.940930006239185],[-110.07499999999996,53.895833333333364],[-110.0270065307617,53.895215691460535],[-109.99086405436196,53.859068467881976],[-109.93613213433157,53.836882358127205],[-109.89166666666664,53.833333333333364],[-109.85637715657549,53.84943271213111],[-109.8142128838433,53.85035332573788],[-109.77499999999998,53.833333333333364],[-109.77027672661673,53.864589945475295],[-109.71967451307506,53.92488606770837],[-109.66747368706595,53.95070563422313],[-109.66049346923826,53.96604902479387],[-109.5958333333333,53.98750000000003],[-109.57409074571395,53.96729024251306],[-109.50776604546438,53.94461839463979],[-109.5115283542209,53.90910152859161],[-109.47946336534285,53.898893568250905],[-109.47003072102862,53.87990180121531],[-109.39778951009112,53.87859937879778],[-109.3674133300781,53.857766045464444],[-109.35098622639971,53.861782836914095],[-109.3450981987847,53.83830261230472],[-109.26286027696395,53.819745042589005],[-109.24382680257159,53.788117641872866],[-109.21324666341143,53.78276604546444],[-109.18006303575301,53.79515957302521],[-109.1517130533854,53.774646674262186],[-109.07583923339841,53.78261803521054],[-109.0783542209201,53.759106275770435],[-109.06304050021699,53.75356157090932],[-109.05217285156247,53.770228237575985],[-109.02554050021699,53.783938429090746],[-109.00952724880639,53.77904595269101],[-109.0020833333333,53.79112786187069],[-108.93575778537323,53.754519992404546],[-108.89337972005205,53.75380910237634],[-108.86668023003469,53.72708435058597],[-108.87499999999997,53.6791666666667],[-108.84241333007809,53.688067287868954],[-108.80612284342445,53.67556728786896],[-108.74166666666663,53.708333333333364],[-108.71741333007809,53.68693271213111],[-108.6727895100911,53.688067287868954],[-108.6451721191406,53.72410040961375],[-108.58404168023,53.759220716688404],[-108.55890062120223,53.81028951009118],[-108.55659111870656,53.84548000759552],[-108.52254977756073,53.86285332573788],[-108.44999999999996,53.870833333333366],[-108.43685709635413,53.81036495632599],[-108.39987928602427,53.78620910644535],[-108.42991163465709,53.74269680447052],[-108.48653564453122,53.72820248074005],[-108.49092034233938,53.71324123806427],[-108.47158711751298,53.7117592705621],[-108.4660237630208,53.67703162299265],[-108.39166666666664,53.63333333333337],[-108.34804382324215,53.666099378797774],[-108.31746707492402,53.666934712727894],[-108.30624999999998,53.65001458062069],[-108.28835008409287,53.67973395453562],[-108.24778951009112,53.67140062120229],[-108.19673716227211,53.69102223714196],[-108.1788133409288,53.680879550510014],[-108.18749999999999,53.645833333333364],[-108.16760389539928,53.62443271213111],[-108.12157999674477,53.64640062120229],[-108.09166666666664,53.63750000000003],[-108.08693271213106,53.60093722873267],[-108.09999999999997,53.55000000000003],[-108.0642128838433,53.545480007595515],[-108.02511393229165,53.56134117974179],[-108.01604902479382,53.54213578965932],[-108.0381176418728,53.51296912299265],[-108.01983371310762,53.486882358127204],[-107.9842819213867,53.49193403455949],[-107.95625033908418,53.46251424153649],[-107.93333333333331,53.462500000000034],[-107.92916666666665,53.42500000000003],[-107.95624999999998,53.408802117241784],[-107.98432142469616,53.413067287868955],[-108.01164906819659,53.38248240152998],[-108.01191101074217,53.35091807047529],[-107.95221048990884,53.29223395453562],[-107.92587975396049,53.29092797173397],[-107.92157999674477,53.25359937879777],[-107.90093722873262,53.26306728786895],[-107.88390062120223,53.25221048990888],[-107.87433878580727,53.18839959038631],[-107.83010389539928,53.161932712131104],[-107.78824666341143,53.17973395453562],[-107.77177056206595,53.17026604546444],[-107.742803785536,53.19193132188588],[-107.67304382324217,53.12973395453562],[-107.59657999674477,53.13806728786895],[-107.56054382324216,53.10473395453562],[-107.49583333333331,53.10833333333336],[-107.46249999999998,53.12083333333336],[-107.40216013590492,53.17854902479387],[-107.31720174153644,53.200831773546035],[-107.28634117974173,53.237386067708364],[-107.24972686767575,53.24752197265628],[-107.23368665907115,53.26840888129343],[-107.2333333333333,53.28333333333336],[-107.25891486273869,53.28267788357208],[-107.2802318996853,53.30344984266496],[-107.30342932807072,53.304904005262614],[-107.30490061442055,53.32837473551435],[-107.33962232801646,53.33398878309465],[-107.34937455919051,53.34792056613501],[-107.34166666666664,53.370833333333366],[-107.29669867621524,53.375696478949685],[-107.29059583875865,53.3951343112522],[-107.25907202826603,53.39654727511939],[-107.24640062120223,53.41862284342451],[-107.27464599609372,53.435047064887186],[-107.27916666666664,53.4791666666667],[-107.25074666341143,53.49223395453562],[-107.1633124457465,53.499332004123296],[-107.13132697211368,53.467284308539526],[-107.11028951009112,53.46723395453562],[-107.09081658257375,53.49223395453562],[-107.06164991590708,53.46609937879777],[-107.04166666666664,53.525000000000034],[-107.02148878309458,53.5395443386502],[-107.00759616427948,53.607595994737444],[-106.929938422309,53.60334676106774],[-106.90343119303382,53.538299899631106],[-106.87130262586803,53.516049024793865],[-106.8498362223307,53.51919606526696],[-106.82181972927515,53.49928283691409],[-106.80833333333331,53.47083333333337],[-106.7520833333333,53.48703121609161],[-106.71666666666664,53.47500000000003],[-106.72147623697913,53.51462436252173],[-106.70920884874128,53.51224975585941],[-106.7035237630208,53.53396708170576],[-106.7333333333333,53.57500000000003],[-106.75659111870657,53.57535332573788],[-106.78297526041663,53.59754316541887],[-106.79110989040795,53.62291005452477],[-106.74521586100258,53.649000379774336],[-106.76181369357636,53.655005900065134],[-106.74973551432288,53.70302954779734],[-106.82846238878035,53.7634194268121],[-106.84166666666664,53.78750000000003],[-106.83254055447046,53.82010718451609],[-106.80808749728729,53.82148878309465],[-106.78725416395396,53.80351121690541],[-106.77841050889754,53.828410508897605],[-106.75081244574649,53.83436906602651],[-106.74478115505639,53.853407965766095],[-106.67287767198347,53.87565544976132],[-106.61666666666663,53.933333333333366],[-106.54367302788626,53.92021569146054],[-106.49799363878034,53.87978430853953],[-106.43533969455292,53.87854902479387],[-106.36962076822913,53.829092068142394],[-106.27546929253468,53.84228430853953],[-106.2258134629991,53.83683844672312],[-106.22400037977427,53.8243823581272],[-106.10100063747826,53.8465003119575],[-106.03130171034068,53.920190429687516],[-105.98528951009112,53.89640062120229],[-105.94369828965927,53.94102393256297],[-105.90077667236326,53.92844679090715],[-105.9005672878689,53.881122843424514],[-105.9208333333333,53.833333333333364],[-105.8862850613064,53.78693271213111],[-105.85923292371959,53.79100545247399],[-105.79411739773218,53.76631334092885],[-105.77328660753035,53.79964548746748],[-105.75590888129338,53.80035332573788],[-105.73507554796005,53.82464667426218],[-105.64583333333331,53.72500000000003],[-105.62443271213105,53.761753336588576],[-105.62535332573782,53.78992445203996],[-105.67943132188583,53.93030378553606],[-105.67980940077038,53.96634487575958],[-105.63334859212237,54.01791653103302],[-105.64647606743704,54.05801154242625],[-105.51909111870657,54.120480007595525],[-105.49371100531681,54.10482211642797],[-105.45492536756724,54.12605217827693],[-105.45846574571395,54.16150546603735],[-105.44517788357203,54.16357591417103],[-105.45065544976126,54.19142083062068],[-105.44140167236326,54.20064188639325],[-105.38117319742835,54.174382527669295],[-105.35753919813365,54.146627468533005],[-105.30759667290579,54.158950805664084],[-105.25833333333331,54.129166666666684],[-105.25359937879772,54.14461839463978],[-105.27109798855248,54.16136271158856],[-105.25890062120223,54.172789510091164],[-105.26249999999997,54.18750000000002],[-105.1583333333333,54.20833333333336],[-105.12616305881073,54.182967461480054],[-105.11874999999998,54.195364718967035],[-105.09672580295135,54.195096503363736],[-105.0708333333333,54.166666666666686],[-105.0708333333333,54.129166666666684],[-105.03337368435326,54.102636210123734],[-105.02411261664494,54.07570851643884],[-104.99508666992185,54.06193271213111],[-104.98087972005206,54.07535332573788],[-104.94999999999997,54.07500000000004],[-104.89799363878035,54.13271569146054],[-104.86763949924043,54.1381547715929],[-104.85074666341143,54.15890062120228],[-104.82232903374563,54.150013224283875],[-104.81251322428382,54.17767096625436],[-104.83390062120222,54.194896104600716],[-104.83269483778209,54.21152581108943],[-104.79266628689233,54.203549194335956],[-104.76583557128903,54.26179606119794],[-104.72599351671003,54.267358737521725],[-104.70451999240449,54.28924221462676],[-104.7083333333333,54.33333333333336],[-104.74919297960066,54.34653896755645],[-104.7676578097873,54.39096611870662],[-104.81875644259979,54.39222344292537],[-104.85324028862844,54.40925971137155],[-104.86188252766924,54.43533969455297],[-104.84920586480031,54.47837253146704],[-104.81761508517792,54.487232462565125],[-104.80880262586803,54.50478413899742],[-104.79886271158851,54.49556884765627],[-104.75476515028208,54.513415527343774],[-104.75416666666663,54.53333333333336],[-104.77430419921872,54.54685194227433],[-104.77159559461802,54.586775377061656],[-104.83230523003469,54.59232991536461],[-104.86028951009112,54.632766045464436],[-104.92973395453556,54.647048272026936],[-104.92128736707896,54.664583333333354],[-104.94609781901039,54.71552937825523],[-104.90416666666664,54.78750000000002],[-104.8785491943359,54.78859456380211],[-104.88271586100257,54.81049363878041],[-104.85771586100257,54.85369737413197],[-104.8631174723307,54.88286404079864],[-104.8409495035807,54.91568027072485],[-104.8160491943359,54.92636786566843],[-104.82375081380205,54.961837768554716],[-104.79166666666663,54.9666666666667],[-104.78679165310326,54.98661261664499],[-104.7498860677083,55.019674682617215],[-104.73124999999997,55.02860514322919],[-104.71947224934893,55.01253390842017],[-104.69246927897132,55.0299018012153],[-104.68159111870656,55.05381334092885],[-104.63578694661454,55.045480007595515],[-104.58380262586802,55.08395080566409],[-104.56747233072913,55.08261752658423],[-104.56375868055552,55.063142225477456],[-104.58657362196178,55.061573621961834],[-104.6086008707682,55.03844841851131],[-104.56249999999997,55.02083333333336],[-104.45073615180118,55.03825785319013],[-104.44999999999996,55.050000000000026],[-104.41613701714407,55.04865756564673],[-104.42083333333329,55.03333333333336],[-104.36874999999996,55.033939615885444],[-104.34230041503903,55.05064290364586],[-104.31682400173608,55.046840074327285],[-104.31158447265622,55.067309570312524],[-104.28749999999997,55.04583333333336],[-104.26545172797306,55.06723395453562],[-104.22186347113711,55.06175503200958],[-104.18412136501732,55.03689202202693],[-104.18245781792531,55.02058308919273],[-104.1514478895399,55.024357096354194],[-104.13205227322045,55.06675516764326],[-104.09263102213538,55.05736897786461],[-104.07644788953989,55.03269042968753],[-104.07426486545137,55.045030721028674],[-104.0082831488715,55.06809488932294],[-104.02414906819659,55.08664923773874],[-103.9938771565755,55.10359937879777],[-103.90932685004339,55.09514126247833],[-103.89630245632593,55.08271586100263],[-103.83407999674476,55.13806728786895],[-103.80491333007811,55.12026604546444],[-103.73424767388235,55.13272942437069],[-103.7049133300781,55.10776604546444],[-103.57708587646482,55.149548339843776],[-103.56028951009112,55.14223395453562],[-103.53010389539928,55.17140062120229],[-103.46666666666664,55.16250000000003],[-103.45798000759547,55.176712883843344],[-103.47254401312931,55.19964124891496],[-103.53669738769528,55.21323513454864],[-103.53829989963106,55.22424638536244],[-103.60463578965927,55.2243823581272],[-103.63661261664494,55.246541849772164],[-103.67870771620007,55.29373728434248],[-103.650713941786,55.300845675998296],[-103.64999999999998,55.333333333333364],[-103.53856998019745,55.346479458279106],[-103.51995357937281,55.38259463840064],[-103.48839959038627,55.38399454752607],[-103.46748216417097,55.400826687283015],[-103.4755672878689,55.41128506130645],[-103.44999999999997,55.42500000000003],[-103.41871100531681,55.41315544976131],[-103.4072572496202,55.429822116427985],[-103.40026804606117,55.413300408257406],[-103.37083333333331,55.40833333333336],[-103.2958333333333,55.462500000000034],[-103.2645833333333,55.454816351996556],[-103.22059343126082,55.46329040527347],[-103.2198313395182,55.490664672851594],[-103.18878106011282,55.4832450018989],[-103.17839525010848,55.51172858344187],[-103.15032179090709,55.5214760674371],[-103.10849066840275,55.51982676188154],[-103.08749999999998,55.462500000000034],[-103.06341722276473,55.4619071112739],[-103.03137715657549,55.42556728786895],[-103.00501742892791,55.41998240152998],[-102.99999999999997,55.38750000000003],[-102.97304382324215,55.35890062120229],[-102.9591840955946,55.35918426513675],[-102.95295172797306,55.375567287868954],[-102.92499999999997,55.36250000000003],[-102.90513949924042,55.36732143825958],[-102.89461839463972,55.38390062120229],[-102.86751742892793,55.388350931803416],[-102.8583333333333,55.40833333333336],[-102.85324571397567,55.39234195285376],[-102.83833380805119,55.3909834120009],[-102.84516465928816,55.36760660807295],[-102.80833333333331,55.35000000000003],[-102.79936218261716,55.296739027235276],[-102.7385060628255,55.29228498670793],[-102.71741333007809,55.313067287868954],[-102.70195617675778,55.30473395453562],[-102.67499999999997,55.32083333333336],[-102.66667989095049,55.33125000000003],[-102.67498609754772,55.33958265516496],[-102.65907999674477,55.350567287868955],[-102.57695617675778,55.324432712131106],[-102.5259372287326,55.28276604546444],[-102.4708333333333,55.29583333333336],[-102.47857428656681,55.221750556098115],[-102.43368665907114,55.202424452039956],[-102.40878499348955,55.16041920979821],[-102.42036471896698,55.13541666666669],[-102.40295172797306,55.11193271213111],[-102.38124999999997,55.12036471896704],[-102.35501234266489,55.10761922200523],[-102.40473395453556,55.075959608289956],[-102.3958333333333,55.050000000000026],[-102.36862284342445,55.04640062120228],[-102.35571390787757,55.05838182237416],[-102.34166666666663,55.04166666666669],[-102.31745707194007,55.04677361382381],[-102.32004835340709,55.07005649142798],[-102.30485297309025,55.07586263020836],[-102.2922715928819,55.11032714843753],[-102.29486185709632,55.14098815917971],[-102.25624999999997,55.162031216091606],[-102.20507236056854,55.14519551595055],[-102.18541666666663,55.11722819010419],[-102.1583333333333,55.13333333333336],[-102.12021586100256,55.11983371310767],[-102.12565409342444,55.06764763726131],[-102.17026604546437,55.02304382324221],[-102.18827480740013,54.97157253689239],[-102.24062567816837,54.967376030816],[-102.25281473795569,54.983361138237875],[-102.27003546820742,54.96148579915367],[-102.28645189073347,54.9173526340061],[-102.23685709635413,54.91158447265627],[-102.2458333333333,54.87500000000003],[-102.23575778537322,54.871186659071206],[-102.1267128838433,54.867019992404536],[-102.07325778537324,54.84618665907121],[-102.03333333333332,54.84583333333336],[-101.96421288384329,54.8586866590712],[-101.90171288384329,54.853813340928845],[-101.7953642103407,54.87561747233075],[-101.74119754367402,54.87021586100263],[-101.68414577907984,54.87983466254343],[-101.67021569146048,54.903167046441],[-101.68660040961369,54.91600545247398],[-101.60612284342446,54.92556728786895],[-101.54508666992184,54.95473395453562],[-101.45612284342445,54.945266045464436],[-101.4007366604275,54.899382527669296],[-101.37624240451386,54.91267869737416],[-101.35496656629772,54.90075344509551],[-101.34799346923825,54.91604919433596],[-101.31713578965926,54.92561747233076],[-101.2383124457465,54.91599867078995],[-101.21666666666664,54.87916666666669],[-101.24526604546438,54.843622843424505],[-101.21782548692488,54.82094726562502],[-101.2742245144314,54.79092881944447],[-101.27499999999998,54.77500000000003],[-101.29409111870658,54.77048000759551],[-101.30623406304251,54.74999864366322],[-101.3274244520399,54.74964667426218],[-101.34251759847002,54.705017428927974],[-101.38266821967228,54.703309800889784],[-101.37426452636716,54.6507998996311],[-101.3454182942708,54.64069654676652],[-101.37861005995006,54.593743557400195],[-101.36972690158417,54.5794633653429],[-101.32431945800778,54.561595323350716],[-101.32941436767575,54.53406100802954],[-101.28616197374129,54.54162326388891],[-101.27499999999998,54.53333333333336],[-101.2756671481662,54.48846164279516],[-101.32831573486325,54.45748257107207],[-101.31521860758461,54.432690429687526],[-101.19374050564234,54.47138807508683],[-101.17036421034068,54.49645080566408],[-101.14119737413192,54.49104919433596],[-101.12403971354163,54.51585896809898],[-101.06203070746525,54.4993825276693],[-100.97499999999997,54.545833333333356],[-100.93839653862844,54.545159573025195],[-100.89374932183156,54.52084723578561],[-100.8774244520399,54.541313340928845],[-100.7967597113715,54.53240695529516],[-100.75880262586803,54.47438252766929],[-100.69630262586803,54.52561747233075],[-100.64783969455291,54.52145080566409],[-100.63668755425344,54.53683200412328],[-100.57703179253468,54.538142903645856],[-100.51730041503903,54.563142903645854],[-100.45769042968746,54.54478285047745],[-100.47846883138017,54.53255445692277],[-100.47916666666663,54.51666666666669],[-100.27994588216143,54.50345899793839],[-100.30060492621524,54.464817640516515],[-100.2833333333333,54.44166666666669],[-100.20456254747177,54.44486558702259],[-100.17026604546439,54.404913330078145],[-100.1880672878689,54.3843451605903],[-100.1848687065972,54.37026604546443],[-100.21471048990884,54.374432712131096],[-100.24640062120224,54.35711839463978],[-100.24166666666663,54.325000000000024],[-100.21748182508678,54.32435031467016],[-100.2158984714084,54.3134718153212],[-100.17589636908635,54.324326239691864],[-100.15624118381075,54.30879516601565],[-100.1424852159288,54.315689425998286],[-100.1313771565755,54.300567287868944],[-100.06458333333332,54.308318752712694],[-100.05416666666665,54.30416666666669],[-100.05416666666663,54.27916666666669],[-99.95833333333331,54.27916666666669],[-99.90633934868704,54.30356174045141],[-99.87970733642575,54.30893825954863],[-99.8519561767578,54.29640062120228],[-99.81324666341143,54.32556728786894],[-99.78433481852211,54.32439405653214],[-99.77020178900823,54.28015102810332],[-99.72995147705076,54.2658898247613],[-99.75897606743705,54.20480041503908],[-99.7532511393229,54.178523763020856],[-99.71004892985023,54.19201999240453],[-99.68749999999997,54.18333333333335],[-99.68653547498913,54.10477498372399],[-99.66358303493921,54.0953038533529],[-99.62130737304685,54.10732421875004],[-99.60416666666664,54.0791666666667],[-99.57577463785805,54.07426079644101],[-99.57083333333331,54.0541666666667],[-99.53921288384329,54.04131334092885],[-99.52254214816621,54.04964107937286],[-99.51756625705292,54.03816121419274],[-99.53272823757592,54.0313393486871],[-99.54066467285153,54.00390370686853],[-99.49637400309243,54.00893842909075],[-99.46644185384112,53.97622290717234],[-99.49522823757593,53.9563393486871],[-99.49166666666665,53.937500000000036],[-99.53749999999998,53.92083333333337],[-99.50839572482636,53.85556674533424],[-99.5411173502604,53.82291853162981],[-99.50833333333331,53.76250000000003],[-99.51095513237844,53.73733181423614],[-99.49492407904728,53.72145690917972],[-99.47174258761933,53.72020975748701],[-99.48390062120222,53.70295172797312],[-99.46874966091578,53.687513563368086],[-99.45171288384329,53.70035332573788],[-99.43693271213105,53.69461839463979],[-99.45349511040578,53.60923021104604],[-99.36744130452472,53.586760796441006],[-99.38669230143226,53.5616380479601],[-99.37859937879772,53.54508666992191],[-99.38749999999997,53.520833333333364],[-99.37420586480032,53.50079413519968],[-99.35416666666664,53.495833333333366],[-99.35346238878036,53.467586093478765],[-99.34130079481334,53.46133677164717],[-99.35473395453556,53.44241333007815],[-99.34943271213105,53.42278951009118],[-99.29223395453556,53.36054382324222],[-99.2875554402669,53.343216620551246],[-99.30696546766491,53.32021569146053],[-99.27579413519962,53.31587253146704],[-99.26466013590492,53.30061764187286],[-99.22990332709415,53.291049024793864],[-99.10932108561195,53.30480499267581],[-99.0958333333333,53.329166666666694],[-99.06838107638886,53.30381334092885],[-99.01249999999997,53.32500000000003],[-98.95094841851126,53.320565965440565],[-98.94923163519962,53.33236168755428],[-98.92963595920136,53.338117641872856],[-98.91529880099823,53.32021569146053],[-98.89166666666664,53.32083333333336],[-98.89065992567271,53.353355746799075],[-98.87254638671872,53.35868665907121],[-98.78921305338538,53.33714667426218],[-98.73507554796004,53.34548000759551],[-98.70416666666664,53.329166666666694],[-98.58006761338973,53.34934404161244],[-98.54459092881942,53.31648796929257],[-98.52204589843747,53.320758734809054],[-98.49166666666663,53.35000000000003],[-98.43656277126733,53.324432712131106],[-98.40390218098955,53.342803785536056],[-98.40416666666663,53.3541666666667],[-98.33124932183156,53.33751390245229],[-98.2833333333333,53.38750000000003],[-98.26989237467444,53.374529181586404],[-98.22970716688364,53.39227176242407],[-98.21788940429684,53.38310852050784],[-98.19792616102427,53.41196831597225],[-98.17083333333329,53.40833333333336],[-98.15711839463974,53.36193271213111],[-98.12997758653427,53.369826592339436],[-98.10035332573781,53.331591118706626],[-98.15496927897132,53.259068467881974],[-98.19926486545135,53.25753072102867],[-98.19276597764754,53.234210374620254],[-98.29583333333329,53.15000000000003],[-98.32499999999996,53.1541666666667],[-98.41249999999997,53.0916666666667],[-98.46184421115449,53.0740400526259],[-98.45806884765622,53.02613728841148],[-98.48112284342444,53.01306728786895],[-98.65758666992184,52.97859937879777],[-98.7458333333333,52.991666666666696],[-98.81666666666663,52.954166666666694],[-98.9149244520399,52.953813340928846],[-98.98664923773869,52.92414923773874],[-99.0395833333333,52.87539605034725],[-99.09900071885848,52.86618448893232],[-99.12122938368053,52.903198920355926],[-99.16909111870658,52.90798000759551],[-99.22558288574216,52.842586263020856],[-99.25295172797306,52.82859937879777],[-99.29237518310543,52.89494594997832],[-99.35612284342446,52.93276604546443],[-99.38824666341144,52.93806728786895],[-99.46424221462671,52.90868665907121],[-99.56075778537324,52.91214667426218],[-99.60208333333331,52.900014580620685],[-99.6392422146267,52.920480007595515],[-99.68159111870658,52.92535332573787],[-99.73112284342446,52.96609937879777],[-99.76666666666664,52.97500000000003],[-99.86054382324217,52.967233954535615],[-99.88528951009113,52.98276604546444],[-99.98971048990883,53.000567287868954],[-100.03422071668835,53.049291653103325],[-100.14166666666662,53.075000000000024],[-100.14166666666662,53.0916666666667],[-100.25587972005205,53.082980007595516],[-100.38241678873695,53.10476209852433],[-100.43749999999997,53.16250000000003],[-100.48090888129337,53.18298000759552],[-100.69374999999997,53.221302117241784],[-100.71766967773435,53.24522925482859],[-100.80741984049476,53.24644080268015],[-100.81193271213104,53.280103895399336],[-100.87695617675779,53.328599378797776],[-100.98137715657549,53.33806728786895],[-101.04999999999997,53.366666666666696],[-101.16471048990883,53.371400621202284],[-101.22591942681204,53.399416097005236],[-101.29804382324215,53.40056728786895],[-101.33298000759545,53.43090888129343],[-101.34201999240449,53.485757785373295],[-101.37499999999997,53.50833333333336],[-101.4299133300781,53.52973395453562],[-101.43841807047524,53.51725565592451],[-101.52291666666665,53.52498541937937],[-101.5333333333333,53.520833333333364],[-101.53269059922957,53.48953162299265],[-101.517488945855,53.442147996690565],[-101.5492265489366,53.43674909803605],[-101.55091552734372,53.42019059922963],[-101.63242407904728,53.42437642415368],[-101.6505672878689,53.37406277126739],[-101.64583333333331,53.34583333333336],[-101.63333333333331,53.34583333333336],[-101.63846774631074,53.321229214138484],[-101.74800601535371,53.266061570909315],[-101.76369391547307,53.237379286024336],[-101.79608493381075,53.24089321560333],[-101.78266533745658,53.20399831136071],[-101.79166666666664,53.179166666666696],[-101.84498240152992,53.16581573486331],[-101.85929989284936,53.14649997287329],[-101.8924133300781,53.158900621202285],[-101.93015475802949,53.1494327121311],[-101.950909254286,53.17020975748701],[-102.02304382324216,53.17973395453562],[-102.11028951009112,53.24109937879777],[-102.16862284342446,53.257766045464436],[-102.30711839463974,53.27140062120229],[-102.34791666666663,53.20880211724178],[-102.3833333333333,53.23333333333336],[-102.3958333333333,53.2166666666667],[-102.43542141384545,53.24120161268449],[-102.45092909071177,53.21320292154951],[-102.47157999674475,53.20776604546444],[-102.53971048990883,53.221400621202285],[-102.57141621907549,53.2574135674371],[-102.61666666666663,53.28333333333336],[-102.61320427788625,53.250919426812096],[-102.6449306911892,53.249264865451416],[-102.66605088975692,53.21604902479387],[-102.69503919813364,53.21170586480038],[-102.70507575141056,53.15479024251305],[-102.7395833333333,53.14222819010419],[-102.75970119900171,53.16728430853952],[-102.77426317003035,53.15771569146053],[-102.80786404079858,53.16728430853952],[-102.83015306260847,53.14238382975263],[-102.8958333333333,53.10833333333336],[-102.89642910427514,53.08851013183597],[-102.92140062120222,53.05711839463979],[-102.9083333333333,53.02500000000003],[-102.94409111870657,53.025353325737875],[-102.96837972005206,53.04618665907121],[-102.99375033908417,53.02501288519968],[-103.0083333333333,53.03750000000003],[-103.0520826551649,53.02084723578562],[-103.08824666341143,53.02556728786895],[-103.15770348442922,53.003185017903675],[-103.15035332573783,52.96840888129343],[-103.16007554796005,52.95451999240454],[-103.20074666341144,52.971400621202285],[-103.24260389539927,52.949432712131106],[-103.2782792833116,52.95345831976999],[-103.29254642062715,52.934072197808185],[-103.31324666341143,52.93806728786895],[-103.33840925428599,52.92145690917971],[-103.37916666666663,52.94583333333336],[-103.49786495632593,52.89230957031253],[-103.55745781792533,52.90441691080732],[-103.5675099690755,52.86321580674916],[-103.61463504367401,52.84935709635419],[-103.62159813774954,52.830002509223114],[-103.64198845757376,52.82019042968753],[-103.6708333333333,52.82083333333336],[-103.66604309082028,52.77590908474395],[-103.64565463595918,52.765424262152806],[-103.65306735568574,52.750876871744815],[-103.63670586480032,52.72996080186634],[-103.59999999999998,52.71666666666669],[-103.60067630343964,52.69688415527346],[-103.65416666666664,52.67916666666669],[-103.70208401150171,52.6958194308811],[-103.72916666666664,52.68750000000002],[-103.7343049791124,52.667435031467036],[-103.7461007012261,52.66571824815541],[-103.74234534369572,52.63417867024742],[-103.76728430853947,52.61740349663631],[-103.75833333333331,52.58333333333336],[-103.77916666666664,52.55416666666669],[-103.83262905544703,52.58425292968752],[-103.84251759847002,52.61581590440541],[-103.85927056206594,52.621400621202284],[-103.87916666666665,52.61666666666669],[-103.88433295355901,52.59938252766929],[-103.89267086452905,52.61184556749134],[-103.94953087700736,52.62145080566409],[-103.99503919813365,52.60753919813371],[-104.01349962022567,52.57854919433596],[-104.0862850613064,52.58390062120228],[-104.11741333007811,52.5744327121311],[-104.14583333333331,52.58333333333336],[-104.19790785047739,52.6287048339844],[-104.23427056206593,52.6244327121311],[-104.26341959635413,52.64512905544707],[-104.3477895100911,52.67026604546443],[-104.37325778537323,52.67048000759551],[-104.3708333333333,52.65416666666669],[-104.38825819227426,52.64538947211374],[-104.41883951822913,52.64643825954864],[-104.44945949978295,52.66727159288197],[-104.48695949978296,52.649395073784746],[-104.51666666666664,52.66666666666669],[-104.5083333333333,52.637500000000024],[-104.5333333333333,52.641666666666694],[-104.53403896755638,52.58830702039933],[-104.60416666666663,52.55972120496964],[-104.58688252766923,52.553167046441],[-104.6131174723307,52.513356865776935],[-104.61666666666663,52.483333333333356],[-104.6447828504774,52.49647623697919],[-104.65077650282115,52.46738654242624],[-104.67409091525604,52.467290242513045],[-104.74246080186629,52.57837253146704],[-104.81249999999997,52.59583333333336],[-104.82236362033417,52.61662631564673],[-104.8583333333333,52.59583333333336],[-104.87880859374997,52.61004299587676],[-104.90170864529077,52.657974243164084],[-104.93664923773869,52.65085076226131],[-104.96666666666664,52.670833333333356],[-104.9708333333333,52.68750000000002],[-104.98066236707896,52.67501322428388],[-105.00195617675779,52.6869327121311],[-105.04521925184459,52.68242153591582],[-105.04526604546437,52.63248324924047],[-105.0708333333333,52.62500000000002],[-105.07990587022566,52.64505852593318],[-105.09999999999997,52.65000000000003],[-105.10060763888886,52.66575317382815],[-105.13507554796004,52.68298000759551],[-105.21874999999997,52.66727294921878],[-105.27436625162758,52.70480957031253],[-105.31869828965927,52.67147623697919],[-105.38749999999997,52.65833333333336],[-105.3958333333333,52.69166666666669],[-105.4395833333333,52.691652086046034],[-105.63664906819659,52.565815904405405],[-105.67973395453556,52.52157999674481],[-105.66471048990883,52.50056728786895],[-105.63528951009113,52.499432712131096],[-105.62378506130639,52.4869327121311],[-105.58333333333331,52.49166666666669],[-105.57030385335284,52.44677395290801],[-105.57916666666664,52.39583333333336],[-105.54999999999997,52.40416666666669],[-105.54521569146048,52.38380262586808],[-105.55532548692489,52.34594726562502],[-105.58703087700735,52.33688252766929],[-105.61466013590493,52.34938252766929],[-105.62839847140839,52.34069485134551],[-105.64282548692489,52.295947265625024],[-105.67401835123695,52.29926689995662],[-105.67138994004989,52.27708977593318],[-105.68945617675779,52.26306728786894],[-105.79498240152992,52.25748257107207],[-105.80121493869355,52.22026604546443],[-105.81933763292098,52.22498677571617],[-105.82499999999997,52.20000000000002],[-105.85637715657549,52.19526604546443],[-105.87591942681205,52.16737094455297],[-105.98971048990882,52.12443271213111],[-106.00113728841141,52.095568678114184],[-106.01969604492184,52.095568678114184],[-106.0342373318142,52.12018890380863],[-106.09166666666663,52.11250000000002],[-106.09201999240447,52.005908881293436],[-106.10478430853948,51.980534532335106],[-106.09521569146048,51.97220119900177],[-106.11587253146699,51.96587253146705],[-106.12996656629772,51.938235473632844],[-106.15736168755423,51.93256513807512],[-106.16174638536239,51.90913323296444],[-106.1507351345486,51.90753072102868],[-106.1458333333333,51.88333333333337],[-106.19092983669701,51.87827419704865],[-106.18276604546438,51.78239610460073],[-106.1958333333333,51.7666666666667],[-106.19667256673173,51.729954189724424],[-106.23333333333329,51.683333333333366],[-106.17254909939233,51.66631334092885],[-106.12795172797307,51.67443271213111],[-106.11961839463973,51.688067287868954],[-106.08830261230466,51.68259819878475],[-106.078372531467,51.64246080186635],[-106.0247353447808,51.59886288113067],[-106.03957333034937,51.57546098497182],[-106.04939914279512,51.578079393174946],[-106.04999999999998,51.56250000000003],[-106.06588982476126,51.56588185628259],[-106.08419596354165,51.525686306423644],[-106.10713941786022,51.52071261935767],[-106.15416666666664,51.5416666666667],[-106.16178436279294,51.492472161187095],[-106.09166666666664,51.44583333333336],[-106.10925971137151,51.42175971137156],[-106.13669297960067,51.415961032443604],[-106.14223395453557,51.36028951009118],[-106.16320427788627,51.32175276014543],[-106.1833333333333,51.31250000000003],[-106.08007592095267,51.27020975748701],[-106.04974975585935,51.244957817925375],[-106.07564273410371,51.18365512424048],[-106.06330685085719,51.15082939995663],[-106.09387715657549,51.13806728786895],[-106.15295172797305,51.19223395453562],[-106.17291666666662,51.17963545057511],[-106.24069485134545,51.17993486192494],[-106.25079413519961,51.20337253146704],[-106.29069485134545,51.221601528591606],[-106.29680514865447,51.23673180474178],[-106.34066704644094,51.24521569146053],[-106.37170206705726,51.2868343777127],[-106.43380262586803,51.29645097520619],[-106.46874152289493,51.2755552503798],[-106.47621256510413,51.28757459852434],[-106.53124999999997,51.279635450575114],[-106.6225429958767,51.38714192708336],[-106.65339525010847,51.37422858344187],[-106.66214667426212,51.33090888129343],[-106.59660169813365,51.26152835422095],[-106.58682284884979,51.22183108859595],[-106.55389912923174,51.19488474527998],[-106.55731201171872,51.178952365451416],[-106.4842624240451,51.14096374511722],[-106.47436726888017,51.113478936089436],[-106.44387715657548,51.092233954535615],[-106.39251742892792,51.08664923773874],[-106.37026604546438,51.06348809136288],[-106.37585076226125,51.04251742892798],[-106.41666666666663,51.03750000000003],[-106.41733907063798,51.00911492241756],[-106.43685709635413,51.00213487413197],[-106.4410237630208,50.96869845920141],[-106.42083333333329,50.954166666666694],[-106.4698818630642,50.94101901584204],[-106.45924241807722,50.90062357584638],[-106.58661261664493,50.87429165310333],[-106.62916666666663,50.80833333333336],[-106.65587972005206,50.812853325737876],[-106.69757554796004,50.79201999240454],[-106.72022569444441,50.792580159505235],[-106.73749999999997,50.87083333333336],[-106.7730814615885,50.866137017144126],[-106.77180107964406,50.82539605034725],[-106.79288160536021,50.80359937879777],[-106.80739610460066,50.81306728786895],[-106.85748257107201,50.80748257107207],[-106.84701809353295,50.75451321072051],[-106.9208333333333,50.71250000000003],[-106.92019517686629,50.67581685384117],[-106.89938252766925,50.669465467664956],[-106.90443420410153,50.655115085177975],[-106.88271586100257,50.642403496636305],[-106.89166666666664,50.60416666666669],[-106.93124999999996,50.60369805230037],[-106.94045172797306,50.591099378797765],[-106.98432142469615,50.613067287868944],[-107.02499999999998,50.60000000000002],[-107.1282792833116,50.62570834689672],[-107.14999999999998,50.641666666666694],[-107.1799133300781,50.628599378797766],[-107.18867509629989,50.64207933213978],[-107.2208333333333,50.62083333333336],[-107.2208333333333,50.608333333333356],[-107.2549133300781,50.5994327121311],[-107.29878506130639,50.613067287868944],[-107.30416666666665,50.59583333333336],[-107.29102393256291,50.59061618381079],[-107.29242858886715,50.57577243381079],[-107.3688771565755,50.561932712131096],[-107.38399454752602,50.52589959038631],[-107.51623874240448,50.56723429361981],[-107.53261176215275,50.565918646918426],[-107.53528951009112,50.529733954535615],[-107.64127078586152,50.524032253689256],[-107.6450966729058,50.50922580295141],[-107.62499999999997,50.479166666666686],[-107.57118665907116,50.473257785373285],[-107.58390062120223,50.4387149386936],[-107.50063476562498,50.40742696126304],[-107.50416666666663,50.387500000000024],[-107.47438235812714,50.30099962022572],[-107.57593722873261,50.2619327121311],[-107.59257592095267,50.282709757487],[-107.64999999999998,50.30000000000002],[-107.659135945638,50.26323513454863],[-107.68749999999997,50.25000000000002],[-107.66254492865666,50.232123819987],[-107.6493698120117,50.20068528917103],[-107.6591101752387,50.16325412326391],[-107.70416666666664,50.15000000000002],[-107.68693271213105,50.129913330078146],[-107.69583333333331,50.0416666666667],[-107.74757554796004,50.01701999240455],[-107.82083333333331,50.03333333333335],[-107.82916666666664,50.02083333333335],[-107.82083333333331,49.97500000000004],[-107.8979280259874,49.93379313151045],[-107.94074690077038,49.958916219075554],[-107.97499999999998,50.004166666666684],[-107.9666805691189,49.96458401150177],[-107.97499999999998,49.9291666666667],[-108.01249999999996,49.92500000000003],[-107.98298000759546,49.864216444227466],[-107.99166666666665,49.8416666666667],[-108.01740332709416,49.846450975206196],[-108.0395065307617,49.82561764187286],[-108.07363213433158,49.82021569146054],[-108.08473341200084,49.83743760850698],[-108.13650037977429,49.82854902479387],[-108.14783986409503,49.84521569146054],[-108.19630245632594,49.850617641872866],[-108.2208333333333,49.79583333333337],[-108.25912068684892,49.79106157090932],[-108.30338982476125,49.803381856282584],[-108.32022840711802,49.777172682020435],[-108.3208333333333,49.7416666666667],[-108.33971048990882,49.74109937879778],[-108.37443271213104,49.702210489908886],[-108.39651048448347,49.63016442192929],[-108.42145080566402,49.611500379774334],[-108.408258734809,49.54704589843753],[-108.42145080566402,49.53796912299265],[-108.4131174723307,49.50617319742842],[-108.43749999999997,49.48333333333336],[-108.43749999999997,49.462500000000034],[-108.48088243272566,49.47118665907121],[-108.56837972005205,49.462146674262186],[-108.57443271213104,49.47304382324222],[-108.5537692599826,49.50716213650177],[-108.5958333333333,49.520833333333364],[-108.60091959635413,49.54512905544708],[-108.64387715657548,49.55056728786896],[-108.69999999999997,49.583333333333364],[-108.76875033908416,49.55418090820316],[-108.79754299587671,49.60380859375003],[-108.84166666666664,49.620833333333366],[-108.83749999999996,49.6541666666667],[-108.88427056206594,49.64943271213111],[-108.93267211914059,49.67173292371965],[-108.93399454752601,49.686600409613746],[-108.95195617675778,49.69526604546444],[-109.01993374294702,49.70767211914066],[-108.91867302788626,49.746450975206194],[-108.90908847384979,49.754952155219215],[-108.9131174723307,49.79446546766496],[-108.87400037977427,49.8339509752062],[-108.84483405219181,49.82035132514109],[-108.81320834689667,49.83838738335507],[-108.80768737792965,49.86559668646922],[-108.74362284342445,49.87140062120229],[-108.7333333333333,49.9166666666667],[-108.70637715657548,49.93276604546445],[-108.64337531195743,49.92119225396054],[-108.6208333333333,49.96666666666668],[-108.58554382324215,49.942233954535624],[-108.55516967773434,49.94106258816193],[-108.54878506130639,49.92859937879778],[-108.52154168023,49.9342207166884],[-108.49999999999997,50.004166666666684],[-108.43852098253035,49.99227854410811],[-108.41600545247393,50.04076707628042],[-108.38866305881074,50.03713412814674],[-108.38266838921437,50.06164330376522],[-108.35416666666663,50.06250000000002],[-108.34914923773869,50.0783159044054],[-108.23863728841143,50.1002644856771],[-108.21363728841142,50.087235514322934],[-108.20637715657548,50.0994327121311],[-108.17499999999997,50.104166666666686],[-108.14387715657548,50.14109937879776],[-108.10833333333329,50.14166666666669],[-108.08672858344183,50.18256191677519],[-108.04291653103296,50.183348592122414],[-108.02499999999998,50.20416666666669],[-107.93749999999997,50.229166666666686],[-107.93780534532333,50.25738864474828],[-107.91344011094833,50.254957071940126],[-107.90893842909068,50.26449381510419],[-107.90338982476126,50.315881686740475],[-107.79166666666664,50.295833333333356],[-107.78276604546438,50.33628506130645],[-107.81139356825085,50.34970330132381],[-107.76713578965926,50.39228413899742],[-107.7333333333333,50.387500000000024],[-107.70496080186629,50.40912746853301],[-107.70085093180336,50.43248257107207],[-107.76343722873261,50.47140062120228],[-107.78125881618921,50.45879516601565],[-107.83407999674476,50.47973395453561],[-107.86249999999998,50.46666666666669],[-107.87842797173391,50.47587958441842],[-107.87499999999997,50.49166666666669],[-107.83507554796005,50.51285332573787],[-107.81248372395831,50.54741516113283],[-107.86424221462671,50.58298000759551],[-107.88333333333331,50.58333333333336],[-107.88849962022567,50.55771586100263],[-107.94999999999997,50.55416666666669],[-108.0583333333333,50.575000000000024],[-108.10377061631941,50.54903225368926],[-108.10922071668833,50.52154168023006],[-108.19340888129337,50.47951999240453],[-108.23504706488711,50.520479329427104],[-108.24999999999996,50.52083333333336],[-108.27499999999996,50.49583333333336],[-108.28429328070743,50.51184421115454],[-108.35074666341143,50.51609937879777],[-108.40517849392357,50.54640062120228],[-108.43528951009111,50.525567287868945],[-108.4759372287326,50.53806728786895],[-108.51741333007809,50.52026604546443],[-108.54492424858938,50.525623575846375],[-108.56249999999997,50.56250000000002],[-108.59699639214406,50.55380079481339],[-108.61998257107201,50.56751742892798],[-108.6300862630208,50.590962388780405],[-108.68643798828121,50.591061740451416],[-108.70416666666664,50.637500000000024],[-108.67916666666663,50.66250000000002],[-108.70242445203989,50.66701999240454],[-108.73090888129337,50.69548000759551],[-108.78575778537324,50.6961866590712],[-108.80588073730466,50.737146335177975],[-108.87254909939233,50.746186659071206],[-108.93333333333331,50.737500000000026],[-108.98749999999997,50.77500000000003],[-109.0083333333333,50.75416666666669],[-109.0083333333333,50.766666666666694],[-109.03924221462671,50.787146674262175],[-109.1174133300781,50.79640062120228],[-109.16741333007809,50.782766045464435],[-109.23010389539928,50.79223395453562],[-109.24804382324216,50.779733954535615],[-109.28528951009112,50.8119327121311],[-109.32325778537324,50.81214667426218],[-109.34825778537324,50.80798000759551],[-109.35416666666664,50.79166666666669],[-109.38333333333331,50.795833333333356],[-109.3958333333333,50.75416666666669],[-109.47574666341143,50.73390062120228],[-109.53112284342446,50.67556728786895],[-109.5924133300781,50.683900621202284],[-109.60416666666664,50.66250000000002],[-109.6267128838433,50.65798000759551],[-109.71249999999998,50.67916666666669],[-109.81028951009112,50.62556728786895],[-109.9616004096137,50.60350545247398],[-109.94999999999997,50.570833333333354],[-109.96249999999998,50.56666666666669],[-109.97849290635848,50.48839653862849],[-109.96575503879122,50.442280748155405],[-109.92499999999998,50.43750000000002],[-109.91666666666664,50.39583333333336],[-109.92674221462671,50.38785332573787],[-110.09804382324215,50.407766045464435],[-110.14778951009112,50.37556728786895],[-110.17499999999997,50.37500000000002],[-110.21666666666663,50.34166666666669],[-110.20452168782549,50.2808793809679],[-110.22257554796003,50.267019992404535],[-110.27963595920136,50.27145080566408],[-110.28831481933591,50.25481736924915],[-110.33380262586802,50.25354919433596],[-110.4091396755642,50.26728413899742],[-110.43533969455292,50.25061747233075],[-110.46958414713538,50.25350443522137],[-110.45889010959198,50.23125644259985],[-110.4834079318576,50.21128743489585],[-110.47021586100257,50.178697374131964],[-110.47978413899736,50.159332953559044],[-110.38749999999996,50.13750000000002],[-110.38395080566403,50.11349962022572],[-110.35073513454857,50.103364054362],[-110.34926486545136,50.08830261230471],[-110.25080023871524,50.05765957302519],[-110.2583333333333,50.03750000000004],[-110.21249999999996,50.025000000000034],[-110.2208333333333,50.00833333333337],[-110.25073682996958,50.01728430853953],[-110.27027655707462,49.993756612141965],[-110.2410491943359,49.962030877007415],[-110.27017856174041,49.93245459662547],[-110.27145080566403,49.88796912299266],[-110.24085727267791,49.84235466851132],[-110.22916666666663,49.8416666666667],[-110.249277750651,49.820042588975724],[-110.25896369086368,49.77423977322052],[-110.24103630913625,49.72043711344404],[-110.24923604329423,49.69237230088979],[-110.21744961208763,49.68650699191627],[-110.2083333333333,49.65833333333337],[-110.24757554796005,49.629519992404546],[-110.33243374294702,49.63267211914066],[-110.38672858344181,49.61589525010854],[-110.4049173990885,49.57019059922963],[-110.45026448567705,49.59052954779734],[-110.44166666666663,49.554166666666696],[-110.41193271213105,49.54461839463979],[-110.41249999999997,49.50833333333336],[-110.44081590440534,49.48664906819665],[-110.43725585937497,49.442501152886315],[-110.46249999999996,49.433333333333366],[-110.49409111870656,49.44131334092885],[-110.5208333333333,49.414596557617216],[-110.49228888617618,49.32184160020619],[-110.52499999999996,49.300000000000026],[-110.51285332573781,49.26840888129343],[-110.54640062120222,49.229913330078155],[-110.52851087782115,49.20095977783206],[-110.49266967773434,49.19522925482859],[-110.47499999999997,49.16666666666669],[-110.52378506130638,49.163067287868955],[-110.52981262207028,49.13856981065541],[-110.59052937825517,49.13776448567711],[-110.59677056206594,49.12859937879777],[-110.63542819552949,49.15787353515628],[-110.64778951009112,49.14640062120228],[-110.70907999674476,49.14526604546444],[-110.7759372287326,49.16723395453562],[-110.81249999999997,49.141666666666694],[-110.86760389539927,49.15056728786895],[-110.96324666341143,49.14109937879777],[-110.99657999674476,49.154733954535615],[-111.1612850613064,49.1494327121311],[-111.18333333333331,49.16250000000003],[-111.17464667426212,49.230882263183624],[-111.18333333333331,49.241666666666696],[-111.2063771565755,49.24223395453562],[-111.22278951009112,49.257766045464436],[-111.2799133300781,49.2494327121311],[-111.3274244520399,49.25868665907121],[-111.34654184977211,49.286612616644994],[-111.37709554036455,49.295447285970084],[-111.42594078911672,49.26613718668623],[-111.52083333333331,49.270833333333364],[-111.54081573486326,49.23418426513675],[-111.49583333333331,49.204166666666694],[-111.51840888129338,49.15868665907121],[-111.58159111870657,49.14201999240454],[-111.66249999999998,49.17083333333336],[-111.67156846788193,49.13413594563805],[-111.69166666666665,49.12916666666669],[-111.77721048990882,49.13390062120229],[-111.81662648518878,49.164030456542996],[-111.8175354003906,49.195221964518254],[-111.86324666341143,49.19109937879777],[-111.92278951009112,49.228599378797774],[-111.95512627495657,49.21609937879777],[-111.97183634440103,49.24522925482859],[-112.0255672878689,49.2637149386936],[-112.00833333333331,49.27500000000003],[-112.02588738335501,49.29929148356123],[-112.10221048990883,49.30473395453562],[-112.12083333333331,49.32500000000003],[-112.14935726589624,49.31046837700741],[-112.16310407850476,49.25100301106774],[-112.22009599473739,49.24092932807078],[-112.23749999999997,49.19583333333336],[-112.39804382324215,49.23806728786895],[-112.46874118381074,49.27037150065107],[-112.62254638671871,49.270480007595516],[-112.67291598849823,49.29165276421444]],[[-111.39049173990882,54.1662553575304],[-111.38693271213106,54.16961839463978],[-111.39166666666664,54.170833333333356],[-111.39049173990882,54.1662553575304]],[[-109.15035332573783,52.60659111870662],[-109.17257554796004,52.62048000759551],[-109.21421440972219,52.61214667426218],[-109.22916666666664,52.62916666666669],[-109.24519958496091,52.616023763020856],[-109.25964558919269,52.63674757215714],[-109.30762973361543,52.659376017252626],[-109.2833333333333,52.72916666666669],[-109.29337955050995,52.74964497884117],[-109.3487850613064,52.7494327121311],[-109.36586405436195,52.76176486545141],[-109.39367319742836,52.729784138997424],[-109.44863213433158,52.711882527669296],[-109.4878958808051,52.77403225368926],[-109.54081573486326,52.79251742892798],[-109.55798000759546,52.835075547960095],[-109.5538133409288,52.855883110894126],[-109.6117233276367,52.89655320909291],[-109.63001759847003,52.92831590440541],[-109.66998240152992,52.93835076226131],[-109.68333333333331,52.954166666666694],[-109.70416666666664,52.94166666666669],[-109.73407999674477,52.95056728786895],[-109.8006176418728,52.923632134331626],[-109.78388994004989,52.9062435574002],[-109.80478430853947,52.890667046440996],[-109.79669816758896,52.86725938585072],[-109.81450653076169,52.850617472330754],[-109.84178975423174,52.84328477647572],[-109.88193325466578,52.891604275173634],[-109.91033986409504,52.854784138997424],[-109.94999999999997,52.85833333333336],[-109.94109937879772,52.825746663411486],[-109.96311764187281,52.78796929253475],[-109.95833333333331,52.77083333333336],[-110.04757554796004,52.70451999240454],[-110.06604309082027,52.70924241807728],[-110.11004638671871,52.7586866590712],[-110.12499999999996,52.737500000000026],[-110.15325113932288,52.74230957031253],[-110.1583333333333,52.72083333333336],[-110.21596476236975,52.71581827799481],[-110.21249999999996,52.68333333333336],[-110.23359781901038,52.6696960449219],[-110.21609937879771,52.636511908637175],[-110.22916666666663,52.62083333333336],[-110.20922071668834,52.607624986436655],[-110.19628499348954,52.57708062065974],[-110.23007575141055,52.53395690917971],[-110.27991333007809,52.5244327121311],[-110.31249999999997,52.53333333333336],[-110.30924546983503,52.51743333604603],[-110.36994086371524,52.50342983669707],[-110.38717820909285,52.47019042968752],[-110.40619845920135,52.491023763020856],[-110.46995781792532,52.504416910807315],[-110.47499999999997,52.47500000000002],[-110.5134372287326,52.488067287868944],[-110.52916666666664,52.47500000000002],[-110.5563771565755,52.47556728786895],[-110.56363728841143,52.487764485677104],[-110.60612284342444,52.463067287868945],[-110.6833333333333,52.45416666666669],[-110.69266425238712,52.46598951551652],[-110.73650037977427,52.471450805664084],[-110.74250590006507,52.446519639756964],[-110.76566908094615,52.44515618218318],[-110.80056728786889,52.404913330078145],[-110.7755672878689,52.377210489908876],[-110.77571309407548,52.35909288194446],[-110.80775180392791,52.36315544976131],[-110.81773749457462,52.34653218587242],[-110.84892917209199,52.34513448079429],[-110.8458333333333,52.291666666666686],[-110.87916666666663,52.258333333333354],[-110.96585557725692,52.23682352701825],[-110.9717597113715,52.217593044704884],[-111.02021179199215,52.199090237087695],[-111.01249999999997,52.133333333333354],[-111.05833333333331,52.133333333333354],[-111.08276604546438,52.09387715657554],[-111.08390062120223,52.0658165825738],[-111.05085076226125,52.03418426513675],[-111.08244594997826,52.0159581502279],[-111.10416666666664,51.98333333333337],[-111.17182379828556,52.02854749891497],[-111.19492407904728,52.02979024251306],[-111.2267164442274,52.07535332573788],[-111.24757554796004,52.05868665907121],[-111.29999999999997,52.0541666666667],[-111.33541666666665,52.05880211724179],[-111.34697045220267,52.079431321885885],[-111.37574666341143,52.08806728786896],[-111.3924133300781,52.078599378797776],[-111.4549133300781,52.09223395453563],[-111.49166666666665,52.07083333333337],[-111.55443471272784,52.104966905381964],[-111.54999999999997,52.12500000000002],[-111.60093722873262,52.11193271213109],[-111.630303785536,52.12943115234377],[-111.70074666341144,52.14223395453561],[-111.73211839463973,52.13276604546443],[-111.75907999674477,52.14223395453561],[-111.7958333333333,52.104166666666686],[-111.8562566121419,52.10889010959203],[-111.89579942491318,52.13052775065106],[-111.89104902479382,52.14446546766495],[-111.90914289686413,52.1618119981554],[-111.92436235215926,52.16340569390193],[-111.94223395453557,52.214710489908875],[-111.99583333333331,52.27083333333336],[-112.02291666666665,52.283318752712695],[-112.06164906819659,52.2658159044054],[-112.06740180121525,52.24246927897138],[-112.09909091525604,52.217290242513045],[-112.14206271701386,52.26569892035592],[-112.1770833333333,52.28286471896703],[-112.20333692762583,52.27428385416669],[-112.20078497992618,52.2382768419054],[-112.25217285156246,52.22856174045141],[-112.27008666992184,52.211932712131095],[-112.30680304633243,52.21670701768665],[-112.3208333333333,52.25000000000002],[-112.37419297960066,52.23679436577693],[-112.38703070746524,52.22021586100262],[-112.4517422146267,52.24964667426217],[-112.51183844672306,52.245019870334225],[-112.51311747233069,52.21033969455297],[-112.54340888129337,52.179519992404536],[-112.5708333333333,52.17500000000002],[-112.5958333333333,52.12500000000002],[-112.63687642415361,52.10325758192276],[-112.64964667426212,52.07742445203995],[-112.64939236111108,52.05924665662981],[-112.60889010959198,52.010410054524776],[-112.63253919813364,51.99087253146705],[-112.63749999999996,51.966666666666704],[-112.61728413899736,51.95632680257165],[-112.61600986056854,51.91748080783424],[-112.5881174723307,51.91049346923832],[-112.58395080566403,51.88950653076175],[-112.60331590440535,51.859184265136754],[-112.56329413519961,51.84087253146705],[-112.56156853569875,51.80861324734161],[-112.545125664605,51.77994588216149],[-112.52985975477426,51.78209855821401],[-112.53390062120222,51.73824666341149],[-112.51600545247392,51.71339959038632],[-112.48124999999996,51.6797281901042],[-112.43820563422305,51.67002631293406],[-112.43679436577688,51.65080702039934],[-112.4157792833116,51.63820851643884],[-112.3602895100911,51.62859937879777],[-112.32499999999996,51.5916666666667],[-112.28805541992185,51.635408189561666],[-112.29091322157115,51.65336676703562],[-112.24251742892791,51.65918426513675],[-112.23554382324215,51.670266045464444],[-112.16666666666663,51.6666666666667],[-112.09134487575953,51.67980940077043],[-112.03717820909286,51.670190599229635],[-111.92695617675778,51.692233954535624],[-111.90501675075953,51.71723395453562],[-111.88749999999997,51.708333333333364],[-111.88438771565752,51.732646857367655],[-111.91987355550128,51.746489291720955],[-111.92435607910154,51.76992933485246],[-111.90451999240449,51.785075547960105],[-111.90221048990882,51.80359937879778],[-111.8458333333333,51.8291666666667],[-111.84943271213105,51.860543823242224],[-111.82499999999997,51.88750000000003],[-111.8460979885525,51.95530378553606],[-111.82499999999997,51.97083333333337],[-111.79260389539928,51.953599378797776],[-111.76445617675779,51.97443271213111],[-111.73820851643877,51.961612616645],[-111.67414906819658,51.88001759847008],[-111.66075778537324,51.89548000759552],[-111.60195617675778,51.88276604546444],[-111.58812357584632,51.87409074571401],[-111.58687642415362,51.85090925428606],[-111.54240180121525,51.83253072102868],[-111.52048000759547,51.6975755479601],[-111.5024244520399,51.67535332573788],[-111.48541666666664,51.68286454942495],[-111.4299133300781,51.66193271213111],[-111.3583333333333,51.66250000000003],[-111.35797848171656,51.593379550510015],[-111.32499999999997,51.583333333333364],[-111.28422970241968,51.59515957302521],[-111.27851189507376,51.57180633544925],[-111.26193271213104,51.56128506130646],[-111.26693132188582,51.55113711886939],[-111.19999999999997,51.50000000000003],[-111.21666666666664,51.45000000000003],[-111.17145690917965,51.424090745714004],[-111.1694654676649,51.3743823581272],[-111.14719441731768,51.379132758246556],[-111.1381174723307,51.36466013590498],[-111.14095187717011,51.28414984809031],[-111.12438252766924,51.278167046441],[-111.1333333333333,51.25833333333336],[-111.1240061442057,51.24646521674265],[-111.07197062174477,51.24140201144751],[-111.06054382324216,51.257766045464436],[-111.01706271701386,51.263467746310795],[-111.00762905544701,51.299080573187965],[-110.99526604546438,51.305381605360274],[-111.01176113552515,51.36578691270619],[-110.96348809136282,51.34109937879777],[-110.93333333333331,51.36250000000003],[-110.93749999999997,51.37500000000003],[-110.98208346896698,51.38767734103735],[-110.9675123426649,51.44928605821401],[-110.98269382052948,51.455140177408886],[-110.97962443033852,51.47709757486982],[-111.0112850613064,51.51723395453562],[-110.94362284342445,51.50359937879777],[-110.88248257107202,51.455017598470086],[-110.83137715657548,51.433900621202284],[-110.80093722873261,51.42443271213111],[-110.77291666666663,51.432879299587704],[-110.74376254611542,51.40879228379994],[-110.71007554796003,51.41214667426218],[-110.6833333333333,51.370833333333366],[-110.63211839463972,51.379733954535624],[-110.59166666666664,51.36250000000003],[-110.56471048990882,51.382766045464436],[-110.51666666666664,51.38333333333336],[-110.49999999999997,51.433333333333366],[-110.44999999999996,51.40833333333336],[-110.43971048990882,51.38806728786896],[-110.39999999999996,51.395833333333364],[-110.34804382324215,51.36723395453562],[-110.31816236707895,51.36665344238284],[-110.30416666666663,51.34583333333336],[-110.25242445203989,51.32535332573788],[-110.181085035536,51.3203038533529],[-110.13785332573782,51.28159111870663],[-110.13554382324217,51.246400621202284],[-110.10929497612845,51.24516618516713],[-110.07721048990884,51.21306728786895],[-110.04754740397134,51.21214633517798],[-110.03672858344181,51.19660474989152],[-109.99166666666665,51.18750000000003],[-109.96164906819659,51.163350931803414],[-109.90416666666664,51.16666666666669],[-109.86666666666665,51.21250000000003],[-109.8380672878689,51.18137715657555],[-109.81727277967663,51.1229166666667],[-109.821686469184,51.09193284776478],[-109.84220496283635,51.089678955078156],[-109.84935726589624,51.06453179253475],[-109.83676079644096,51.02994147406687],[-109.79825778537324,51.00868665907121],[-109.71592000325518,51.02140062120228],[-109.68863711886934,51.008068847656276],[-109.67877078586152,51.0448655870226],[-109.6487850613064,51.07140062120229],[-109.62172970241969,51.06734042697485],[-109.6083333333333,51.079166666666694],[-109.66184404161238,51.15095994737416],[-109.64909430609806,51.17019568549265],[-109.57083333333331,51.19166666666669],[-109.54908667670354,51.154774305555584],[-109.50590888129338,51.154519992404545],[-109.46249999999998,51.179166666666696],[-109.44778951009111,51.17556728786895],[-109.42499999999997,51.19583333333336],[-109.42499999999997,51.2166666666667],[-109.3892422146267,51.22535332573788],[-109.37083333333331,51.25000000000003],[-109.33714667426213,51.230882602267826],[-109.34583536783852,51.2020680745443],[-109.32118665907116,51.18575778537329],[-109.29338107638885,51.13298000759551],[-109.23924221462671,51.13785332573787],[-109.22916666666664,51.145833333333364],[-109.23390062120222,51.16128506130645],[-109.09754401312931,51.20797458224829],[-109.06631334092879,51.16837955051001],[-109.07494981553816,51.13487650553388],[-109.04109937879771,51.10907999674482],[-109.04999999999997,51.083333333333364],[-108.93945617675779,51.05776604546444],[-108.89825778537323,51.03368665907121],[-108.86840888129338,51.03368665907121],[-108.86249999999997,51.054166666666696],[-108.79668409559459,51.05085076226131],[-108.76335076226125,51.08001742892798],[-108.76249999999997,51.10833333333336],[-108.73966030544702,51.08811747233076],[-108.71352708604597,51.088095092773465],[-108.69999999999997,51.10416666666669],[-108.6892161051432,51.09131334092885],[-108.65174221462671,51.09548000759551],[-108.62962070041229,51.07708333333336],[-108.65473395453556,51.05074666341149],[-108.64262627495657,51.007766045464436],[-108.55924784342444,51.00356411404083],[-108.54387715657549,50.967233954535615],[-108.46075778537323,50.92951999240454],[-108.44999999999996,50.929166666666696],[-108.44127061631941,50.95736558702259],[-108.40096774631073,50.96706271701392],[-108.36592000325517,51.00890062120229],[-108.32721048990882,50.98806728786895],[-108.26445617675778,50.98806728786895],[-108.23001742892791,51.025850762261314],[-108.22859937879771,51.06762627495662],[-108.3076249864366,51.13005405002173],[-108.32179497612843,51.170166185167126],[-108.35519205729163,51.166099378797774],[-108.41840888129337,51.21631334092885],[-108.47406277126733,51.17859937879777],[-108.5076249864366,51.188387383355064],[-108.5255672878689,51.21156277126739],[-108.5035993787977,51.25711839463979],[-108.53749999999997,51.28750000000003],[-108.50451999240448,51.339242214626765],[-108.49999999999997,51.3791666666667],[-108.53749999999997,51.40833333333336],[-108.53806728786888,51.43137715657555],[-108.55416666666663,51.44583333333336],[-108.53806728786888,51.46445617675784],[-108.53749999999997,51.50000000000003],[-108.51249999999996,51.50000000000003],[-108.51188252766924,51.53650037977434],[-108.60343119303383,51.61329989963111],[-108.60913594563799,51.64093153211809],[-108.63652818467878,51.64660152859161],[-108.65505405002168,51.670124816894564],[-108.76041666666663,51.69119788275828],[-108.8174133300781,51.68276604546444],[-108.8657548692491,51.692280917697516],[-108.88820834689668,51.74077928331167],[-108.93259650336368,51.77172580295142],[-108.91193271213105,51.81471048990889],[-108.88835076226125,51.825850931803416],[-108.90473395453556,51.850937228732676],[-108.87499999999997,51.90833333333337],[-108.93333333333331,51.9541666666667],[-108.99075758192271,51.96312357584639],[-109.01306728786889,51.99657999674483],[-109.00776604546438,52.01741333007816],[-109.0210978190104,52.02613711886939],[-108.97916666666664,52.04583333333337],[-108.98806728786889,52.05538160536026],[-108.98270060221351,52.107354397243945],[-108.94943271213104,52.12204827202693],[-108.95776604546438,52.18137715657554],[-108.91754218207463,52.27525024414064],[-108.95315992567271,52.28765733506947],[-108.94935709635413,52.31978285047745],[-108.97003546820744,52.32601420084637],[-108.9883107503255,52.35348985460072],[-109.08241780598955,52.35476515028214],[-109.08839246961803,52.36592983669707],[-109.14999999999998,52.37083333333336],[-109.16214667426212,52.42742445203995],[-109.1458333333333,52.46250000000002],[-109.1899244520399,52.46285332573787],[-109.24130893283417,52.49754570855037],[-109.25416666666663,52.52083333333336],[-109.21837649875214,52.53369140625002],[-109.19547526041664,52.57745700412329],[-109.15035332573783,52.60659111870662]],[[-102.43333333333331,53.63333333333337],[-102.4333333333333,53.63333333333337],[-102.43267788357203,53.63962232801653],[-102.43333333333331,53.63333333333337]]]}}]}