{"type":"FeatureCollection","features":[{"type":"Feature","id":"ne50-river-0002","properties":{"scalerank":3,"featurecla":"Lake Centerline","name":"Abay","note":null,"min_zoom":3.0,"name_alt":null,"name_en":"Abay","min_label":4.0,"id":"ne50-river-0002","sourceIndex":2,"category":"river","sourceName":"Abay"},"geometry":{"type":"LineString","coordinates":[[37.113012,11.854987],[37.150374,11.893848],[37.196624,11.905527],[37.26432,11.902943],[37.320389,11.834291],[37.387207,11.632288]]}},{"type":"Feature","id":"ne50-river-0003","properties":{"scalerank":3,"featurecla":"Lake Centerline","name":"Al Furat","note":null,"min_zoom":3.0,"name_alt":null,"name_en":"Al Furat","min_label":4.0,"id":"ne50-river-0003","sourceIndex":3,"category":"river","sourceName":"Al Furat"},"geometry":{"type":"LineString","coordinates":[[38.561192,35.862643],[38.365338,35.903261],[38.246224,35.951139],[38.138634,36.019843],[38.078534,36.074129],[38.065822,36.113972],[38.09197,36.166682],[38.156875,36.232156],[38.187985,36.284297],[38.183851,36.342485]]}},{"type":"Feature","id":"ne50-river-0006","properties":{"scalerank":1,"featurecla":"Lake Centerline","name":"Albert Nile","note":null,"min_zoom":2.0,"name_alt":null,"name_en":"Albert Nile","min_label":3.0,"id":"ne50-river-0006","sourceIndex":6,"category":"river","sourceName":"Albert Nile"},"geometry":{"type":"LineString","coordinates":[[31.366696,2.193355],[31.355637,2.254178],[31.382612,2.305932],[31.474699,2.400422]]}},{"type":"Feature","id":"ne50-river-0009","properties":{"scalerank":6,"featurecla":"Lake Centerline","name":"Atbara","note":null,"min_zoom":5.0,"name_alt":null,"name_en":"Atbara","min_label":6.0,"id":"ne50-river-0009","sourceIndex":9,"category":"river","sourceName":"Atbara"},"geometry":{"type":"LineString","coordinates":[[35.924144,14.935368],[35.900166,14.86346],[35.895411,14.619625]]}},{"type":"Feature","id":"ne50-river-0022","properties":{"scalerank":3,"featurecla":"Lake Centerline","name":"Blue Nile","note":null,"min_zoom":3.0,"name_alt":"Blue Nile","name_en":"Blue Nile","min_label":4.0,"id":"ne50-river-0022","sourceIndex":22,"category":"river","sourceName":"Blue Nile"},"geometry":{"type":"LineString","coordinates":[[34.379638,11.78308],[34.409249,11.638851],[34.508726,11.517178],[34.777547,11.296443]]}},{"type":"Feature","id":"ne50-river-0024","properties":{"scalerank":3,"featurecla":"Lake Centerline","name":"Firat","note":null,"min_zoom":3.0,"name_alt":null,"name_en":"Firat","min_label":4.0,"id":"ne50-river-0024","sourceIndex":24,"category":"river","sourceName":"Firat"},"geometry":{"type":"LineString","coordinates":[[38.767794,38.812825],[38.812649,38.874992],[38.76775180383387,39.0]]}},{"type":"Feature","id":"ne50-river-0030","properties":{"scalerank":6,"featurecla":"Lake Centerline","name":"Jordan","note":null,"min_zoom":5.0,"name_alt":null,"name_en":"Jordan","min_label":6.0,"id":"ne50-river-0030","sourceIndex":30,"category":"river","sourceName":"Jordan"},"geometry":{"type":"MultiLineString","coordinates":[[[35.422882,31.325375],[35.465463,31.562363],[35.499467,31.672382],[35.558998,31.765529]],[[35.598892,32.899723],[35.576878,32.720303]]]}},{"type":"Feature","id":"ne50-river-0040","properties":{"scalerank":5,"featurecla":"Lake Centerline","name":"Black Volta","note":null,"min_zoom":4.7,"name_alt":"Black Volta","name_en":"Black Volta","min_label":5.7,"id":"ne50-river-0040","sourceIndex":40,"category":"river","sourceName":"Black Volta"},"geometry":{"type":"LineString","coordinates":[[-1.712836,8.630585],[-1.57026,8.681822],[-1.501712,8.714197],[-1.436935,8.756107],[-1.376009,8.761817],[-1.299812,8.714197],[-1.176641,8.672443],[-0.97624,8.661616]]}},{"type":"Feature","id":"ne50-river-0042","properties":{"scalerank":6,"featurecla":"Lake Centerline","name":"White Volta","note":null,"min_zoom":5.0,"name_alt":"White Volta","name_en":"White Volta","min_label":6.0,"id":"ne50-river-0042","sourceIndex":42,"category":"river","sourceName":"White Volta"},"geometry":{"type":"LineString","coordinates":[[-0.974224,8.661203],[-1.111115,8.855661],[-1.155479,8.969505],[-1.151681,9.11655]]}},{"type":"Feature","id":"ne50-river-0046","properties":{"scalerank":3,"featurecla":"Lake Centerline","name":"Niger","note":null,"min_zoom":3.0,"name_alt":null,"name_en":"Niger","min_label":4.0,"id":"ne50-river-0046","sourceIndex":46,"category":"river","sourceName":"Niger"},"geometry":{"type":"MultiLineString","coordinates":[[[4.625692,9.864514],[4.529419,10.238548],[4.537119,10.424739],[4.656595,10.609275]],[[-3.979545,15.281238],[-4.166329,15.365057],[-4.24741,15.421488],[-4.303892,15.506961]]]}},{"type":"Feature","id":"ne50-river-0047","properties":{"scalerank":1,"featurecla":"Lake Centerline","name":"Nile","note":null,"min_zoom":2.0,"name_alt":null,"name_en":"Nile","min_label":3.0,"id":"ne50-river-0047","sourceIndex":47,"category":"river","sourceName":"Nile"},"geometry":{"type":"LineString","coordinates":[[32.879471,23.987683],[32.90872,23.80847],[32.902933,23.69628],[32.871823,23.591377],[32.877921,23.480893],[32.902623,23.41454],[32.914146,23.331884],[32.85508,23.207654],[32.679897,23.009423],[32.58688,22.875658],[32.576131,22.806386],[32.514222,22.740163],[32.418311,22.671536],[32.326275,22.652881],[32.231914,22.718071],[32.137088,22.733471],[32.041693,22.69908],[31.960716,22.629885],[31.894054,22.525835],[31.735355,22.395378],[31.544359,22.25151],[31.399975,22.093122],[31.362251,21.979796],[31.280241,21.844636],[31.09064,21.609198]]}},{"type":"Feature","id":"ne50-river-0049","properties":{"scalerank":6,"featurecla":"Lake Centerline","name":"Orange","note":null,"min_zoom":5.0,"name_alt":null,"name_en":"Orange","min_label":6.0,"id":"ne50-river-0049","sourceIndex":49,"category":"river","sourceName":"Orange"},"geometry":{"type":"MultiLineString","coordinates":[[[25.971779,-30.545422],[25.902326,-30.547541],[25.840676,-30.581337],[25.763678,-30.647586],[25.670402,-30.663503],[25.506071,-30.612136]],[[24.730822,-29.979203],[24.977835,-30.263062]]]}},{"type":"Feature","id":"ne50-river-0068","properties":{"scalerank":6,"featurecla":"Lake Centerline","name":"Sassandra","note":null,"min_zoom":5.0,"name_alt":null,"name_en":"Sassandra","min_label":6.0,"id":"ne50-river-0068","sourceIndex":68,"category":"river","sourceName":"Sassandra"},"geometry":{"type":"LineString","coordinates":[[-7.043492,7.041483],[-7.057445,6.910793],[-7.039126,6.824597],[-6.993134,6.739331],[-6.988741,6.585697],[-7.025638,6.365374],[-7.007655,6.263907]]}},{"type":"Feature","id":"ne50-river-0070","properties":{"scalerank":6,"featurecla":"Lake Centerline","name":"Semliki","note":null,"min_zoom":5.0,"name_alt":null,"name_en":"Semliki","min_label":6.0,"id":"ne50-river-0070","sourceIndex":70,"category":"river","sourceName":"Semliki"},"geometry":{"type":"MultiLineString","coordinates":[[[29.452187,-0.606939],[29.597191,-0.134152]],[[31.366696,2.193355],[31.158801,1.922002],[30.942535,1.682792],[30.478171,1.239046]]]}},{"type":"Feature","id":"ne50-river-0071","properties":{"scalerank":3,"featurecla":"Lake Centerline","name":"Shire","note":null,"min_zoom":3.0,"name_alt":null,"name_en":"Shire","min_label":4.0,"id":"ne50-river-0071","sourceIndex":71,"category":"river","sourceName":"Shire"},"geometry":{"type":"LineString","coordinates":[[35.257311,-14.504334],[35.277775,-14.757549]]}},{"type":"Feature","id":"ne50-river-0075","properties":{"scalerank":6,"featurecla":"Lake Centerline","name":"Suez Canal","note":null,"min_zoom":5.0,"name_alt":null,"name_en":"Suez Canal","min_label":6.0,"id":"ne50-river-0075","sourceIndex":75,"category":"river","sourceName":"Suez Canal"},"geometry":{"type":"LineString","coordinates":[[32.560938,30.180665],[32.359503,30.424293]]}},{"type":"Feature","id":"ne50-river-0088","properties":{"scalerank":4,"featurecla":"Lake Centerline","name":"Vaal","note":null,"min_zoom":4.0,"name_alt":null,"name_en":"Vaal","min_label":5.0,"id":"ne50-river-0088","sourceIndex":88,"category":"river","sourceName":"Vaal"},"geometry":{"type":"MultiLineString","coordinates":[[[26.090842,-27.603483],[26.059629,-27.689576],[26.036788,-27.698516],[26.011984,-27.659035],[25.954778,-27.624257],[25.865171,-27.594078],[25.770861,-27.601364],[25.622343,-27.668492]],[[28.49669,-26.990755],[28.44615,-26.972875],[28.123689,-26.866577]]]}},{"type":"Feature","id":"ne50-river-0090","properties":{"scalerank":1,"featurecla":"Lake Centerline","name":"Victoria Nile","note":null,"min_zoom":2.0,"name_alt":null,"name_en":"Victoria Nile","min_label":3.0,"id":"ne50-river-0090","sourceIndex":90,"category":"river","sourceName":"Victoria Nile"},"geometry":{"type":"MultiLineString","coordinates":[[[33.187256,0.428191],[33.25888,0.378634],[33.231646,0.294298],[33.12943,0.158802],[33.017913,-0.051883],[32.897093,-0.337602],[32.744389,-0.545444],[32.559698,-0.675462],[32.292427,-0.789254],[31.767601,-0.935705]],[[32.544712,1.521845],[32.61432,1.454459],[32.684651,1.426502],[32.779529,1.421593],[32.83534,1.404695],[32.893114,1.311445]],[[32.240957,1.665842],[32.475362,1.551637]]]}},{"type":"Feature","id":"ne50-river-0094","properties":{"scalerank":5,"featurecla":"Lake Centerline","name":"Volta","note":null,"min_zoom":4.7,"name_alt":null,"name_en":"Volta","min_label":5.7,"id":"ne50-river-0094","sourceIndex":94,"category":"river","sourceName":"Volta"},"geometry":{"type":"LineString","coordinates":[[-0.97624,8.661616],[-0.725712,8.36241],[-0.526396,8.197898],[-0.294834,8.068319],[-0.153086,7.945123],[-0.101203,7.828282],[-0.054022,7.759113],[-0.011492,7.737616],[0.03915,7.648009],[0.097855,7.490292],[0.154596,7.394174],[0.209269,7.359732],[0.23056,7.244933],[0.218364,7.049751],[0.194903,6.922472],[0.160151,6.863044],[0.1609,6.802272],[0.197229,6.740157],[0.194025,6.687861],[0.134261,6.634505],[0.107596,6.550686],[0.103358,6.338192]]}},{"type":"Feature","id":"ne50-river-0100","properties":{"scalerank":3,"featurecla":"Lake Centerline","name":"Zambezi","note":null,"min_zoom":3.0,"name_alt":null,"name_en":"Zambezi","min_label":4.0,"id":"ne50-river-0100","sourceIndex":100,"category":"river","sourceName":"Zambezi"},"geometry":{"type":"MultiLineString","coordinates":[[[27.020811,-17.958438],[27.130778,-17.849401],[27.271338,-17.642695],[27.43784,-17.511954],[27.636742,-17.26215],[27.756528,-17.060405],[27.932177,-16.896229],[28.16379,-16.769725],[28.399848,-16.662807],[28.760653,-16.53191]],[[32.708422,-15.579204],[32.496963,-15.565355],[32.345654,-15.589384],[32.184113,-15.646642],[31.924284,-15.666795],[31.56627,-15.649742],[31.329075,-15.662093],[31.212596,-15.703796],[31.064905,-15.704002],[30.796394,-15.642042]]]}},{"type":"Feature","id":"ne50-river-0103","properties":{"scalerank":3,"featurecla":"River","name":"Abay","note":null,"min_zoom":3.0,"name_alt":null,"name_en":"Abay","min_label":4.0,"id":"ne50-river-0103","sourceIndex":103,"category":"river","sourceName":"Abay"},"geometry":{"type":"LineString","coordinates":[[37.178951,11.035761],[37.021958,11.191875],[36.980927,11.287012],[37.014826,11.416254],[37.04976,11.580069],[37.096682,11.656395],[37.167065,11.699751],[37.179984,11.754864],[37.113012,11.855065]]}},{"type":"Feature","id":"ne50-river-0104","properties":{"scalerank":3,"featurecla":"River","name":"Blue Nile","note":null,"min_zoom":3.0,"name_alt":"Blue Nile","name_en":"Blue Nile","min_label":4.0,"id":"ne50-river-0104","sourceIndex":104,"category":"river","sourceName":"Blue Nile"},"geometry":{"type":"LineString","coordinates":[[37.38669,11.633993],[37.393408,11.570844],[37.450459,11.534387],[37.559909,11.503639],[37.680419,11.42137],[37.811987,11.287632],[38.019106,11.185674],[38.30188,11.115523],[38.46218,11.036794],[38.50011,10.949409],[38.513753,10.772056],[38.503211,10.504682],[38.478148,10.313789],[38.438564,10.199326],[38.375673,10.135712],[38.289374,10.122897],[38.110418,10.048069],[37.838704,9.91123],[37.659955,9.88379],[37.574275,9.965749],[37.490456,10.020681],[37.408601,10.048586],[37.354444,10.052358],[37.327882,10.032049],[37.308297,10.040059],[37.295584,10.07644],[37.263442,10.104603],[37.211869,10.12455],[37.188666,10.16447],[37.19373,10.224363],[37.158797,10.266402],[37.046142,10.302731],[36.677276,10.360195],[36.540798,10.40381],[36.513823,10.452721],[36.483438,10.46949],[36.449641,10.454091],[36.395278,10.375026],[36.320347,10.232296],[36.20702,10.155091],[36.055195,10.143464],[35.956958,10.110985],[35.912206,10.057733],[35.849316,10.035563],[35.768184,10.044478],[35.725809,10.029853],[35.723794,10.008743],[35.720383,9.998098],[35.705707,9.996057],[35.627883,10.016753],[35.369035,10.140467],[35.353377,10.155091]]}},{"type":"Feature","id":"ne50-river-0105","properties":{"scalerank":3,"featurecla":"River","name":"Al Furat","note":null,"min_zoom":3.0,"name_alt":null,"name_en":"Al Furat","min_label":4.0,"id":"ne50-river-0105","sourceIndex":105,"category":"river","sourceName":"Al Furat"},"geometry":{"type":"MultiLineString","coordinates":[[[38.559952,35.863289],[38.915744,35.912744],[39.227094,35.880756],[39.612601,35.783708],[39.833207,35.683249],[39.888914,35.579431],[40.004308,35.472564],[40.179284,35.3627],[40.263414,35.297536],[40.256592,35.277072],[40.294316,35.253042],[40.376585,35.225395],[40.424437,35.167414],[40.43777,35.079048],[40.47477,35.015796],[40.535438,34.977659],[40.583859,34.918179],[40.620136,34.837254],[40.710518,34.75222],[40.854902,34.663078],[40.927972,34.580964],[40.929729,34.505879],[40.946059,34.458362],[40.992568,34.428467]],[[38.025721,36.835633],[38.056416,36.741117],[38.102615,36.694246],[38.174445,36.663499],[38.231083,36.618127],[38.272424,36.558079],[38.265809,36.481649],[38.183851,36.342485]]]}},{"type":"Feature","id":"ne50-river-0108","properties":{"scalerank":1,"featurecla":"River","name":"Albert Nile","note":null,"min_zoom":2.0,"name_alt":null,"name_en":"Albert Nile","min_label":3.0,"id":"ne50-river-0108","sourceIndex":108,"category":"river","sourceName":"Albert Nile"},"geometry":{"type":"LineString","coordinates":[[32.015855,3.613656],[31.935343,3.528002],[31.885114,3.508391],[31.838501,3.526271],[31.784655,3.522989],[31.72378,3.498598],[31.623838,3.363283],[31.484828,3.117019],[31.404316,2.950725],[31.382095,2.864322],[31.387573,2.804015],[31.420646,2.769702],[31.433772,2.718749],[31.42695,2.651208],[31.449895,2.588318],[31.502501,2.530078],[31.515317,2.475922],[31.474803,2.400732]]}},{"type":"Feature","id":"ne50-river-0112","properties":{"scalerank":5,"featurecla":"River","name":"Amu  Darya","note":null,"min_zoom":4.7,"name_alt":null,"name_en":"Amu  Darya","min_label":5.7,"id":"ne50-river-0112","sourceIndex":112,"category":"river","sourceName":"Amu  Darya"},"geometry":{"type":"LineString","coordinates":[[64.0,38.7395494210282],[63.953182,38.799544],[63.903883,38.904499],[63.78448123906859,39.0]]}},{"type":"Feature","id":"ne50-river-0119","properties":{"scalerank":6,"featurecla":"River","name":"Atbara","note":null,"min_zoom":5.0,"name_alt":null,"name_en":"Atbara","min_label":6.0,"id":"ne50-river-0119","sourceIndex":119,"category":"river","sourceName":"Atbara"},"geometry":{"type":"MultiLineString","coordinates":[[[35.583389,16.000031],[35.352292,16.312545],[35.27302,16.445327],[35.268473,16.502585],[35.189615,16.631983],[35.036446,16.833521],[34.955055,16.962789],[34.945444,17.019788],[34.767315,17.138386],[34.420566,17.318633],[34.227503,17.45294],[34.188125,17.541307],[34.122496,17.605592],[33.951861,17.698507]],[[35.585663,16.003752],[35.612793,15.715656],[35.714441,15.469366],[35.899546,15.168894],[35.950395,15.044612],[35.958405,14.998749],[35.924144,14.935368]]]}},{"type":"Feature","id":"ne50-river-0123","properties":{"scalerank":4,"featurecla":"River","name":"Bafing","note":null,"min_zoom":4.0,"name_alt":null,"name_en":"Bafing","min_label":5.0,"id":"ne50-river-0123","sourceIndex":123,"category":"river","sourceName":"Bafing"},"geometry":{"type":"LineString","coordinates":[[-12.088249,10.590103],[-12.005851,10.52866],[-11.930455,10.521839],[-11.834543,10.549124],[-11.775064,10.61881],[-11.752016,10.730844],[-11.72809,10.792468],[-11.691012,10.809211],[-11.621171,10.812002],[-11.602413,10.863523],[-11.611405,10.964706],[-11.58014,11.072709],[-11.508672,11.187612],[-11.443482,11.251071],[-11.384648,11.263111],[-11.302948,11.316932],[-11.198355,11.412534],[-11.128049,11.498162],[-11.092056,11.573919],[-11.058932,11.599551],[-11.028753,11.575056],[-10.965475,11.573687],[-10.869176,11.595442],[-10.743809,11.734297],[-10.589503,11.990276],[-10.465816,12.138691],[-10.372772,12.179541],[-10.340836,12.230623],[-10.370059,12.291912],[-10.345358,12.394954],[-10.266758,12.539752],[-10.238336,12.635947],[-10.260066,12.683516],[-10.252469,12.724547],[-10.215495,12.758963],[-10.222626,12.796816],[-10.273812,12.83808],[-10.293656,12.883038],[-10.282183,12.931614],[-10.292002,12.957401],[-10.323034,12.96045],[-10.351947,13.020782],[-10.378715,13.138475],[-10.429771,13.211959],[-10.505064,13.241311],[-10.609063,13.255729],[-10.741716,13.255238],[-10.804038,13.297483],[-10.796028,13.382439],[-10.772438,13.427217],[-10.737711,13.437578],[-10.734404,13.454114],[-10.753447,13.50282],[-10.832951,13.640201],[-10.867316,13.735131],[-10.873052,13.751357],[-10.89243,13.777867]]}},{"type":"Feature","id":"ne50-river-0124","properties":{"scalerank":6,"featurecla":"River","name":"Bahr el  Zeraf","note":null,"min_zoom":5.0,"name_alt":null,"name_en":"Bahr el  Zeraf","min_label":6.0,"id":"ne50-river-0124","sourceIndex":124,"category":"river","sourceName":"Bahr el  Zeraf"},"geometry":{"type":"LineString","coordinates":[[30.535739,7.767226],[30.620798,8.030699],[30.646378,8.212264],[30.6409,8.399694],[30.669064,8.515785],[30.730765,8.56046],[30.783992,8.641178],[30.828537,8.757864],[30.840216,8.872715],[30.819029,8.985731],[30.891066,9.138099],[31.139009,9.425704]]}},{"type":"Feature","id":"ne50-river-0125","properties":{"scalerank":1,"featurecla":"River","name":"Mountain Nile","note":null,"min_zoom":2.0,"name_alt":"Mountain Nile","name_en":"Mountain Nile","min_label":3.0,"id":"ne50-river-0125","sourceIndex":125,"category":"river","sourceName":"Mountain Nile"},"geometry":{"type":"LineString","coordinates":[[32.015855,3.613656],[31.711222,3.944488],[31.587767,4.101352],[31.543946,4.194499],[31.517177,4.326041],[31.507462,4.495953],[31.525239,4.606024],[31.570404,4.656331],[31.635206,4.816606],[31.719439,5.086873],[31.770289,5.29978],[31.787652,5.455275],[31.788995,5.589478],[31.774319,5.702391],[31.743417,5.80161],[31.672827,5.929974],[31.460437,6.356615],[31.329282,6.581511],[31.148311,6.829661]]}},{"type":"Feature","id":"ne50-river-0126","properties":{"scalerank":1,"featurecla":"River","name":"White Nile","note":null,"min_zoom":2.0,"name_alt":"White Nile","name_en":"White Nile","min_label":3.0,"id":"ne50-river-0126","sourceIndex":126,"category":"river","sourceName":"White Nile"},"geometry":{"type":"LineString","coordinates":[[31.148311,6.829661],[30.921762,6.982778],[30.769678,7.152561],[30.616612,7.390014],[30.546694,7.520652],[30.560026,7.544501],[30.548503,7.581656],[30.512226,7.632118],[30.507937,7.693355],[30.535532,7.765366],[30.508092,7.880036],[30.425513,8.037365],[30.365878,8.124414],[30.329188,8.141157],[30.323142,8.227198],[30.347636,8.382538],[30.338748,8.484805],[30.29627,8.534001],[30.283609,8.590251],[30.300662,8.653555],[30.288725,8.703991],[30.247694,8.741534],[30.218187,8.817808],[30.2001,8.93284],[30.232811,9.042704],[30.316424,9.147401],[30.349807,9.236749],[30.333064,9.31075],[30.369702,9.394879],[30.459723,9.489137],[30.618473,9.530814],[30.845952,9.51991],[31.00093,9.493969],[31.124747,9.432525]]}},{"type":"Feature","id":"ne50-river-0127","properties":{"scalerank":6,"featurecla":"River","name":"Bamingui","note":null,"min_zoom":5.0,"name_alt":null,"name_en":"Bamingui","min_label":6.0,"id":"ne50-river-0127","sourceIndex":127,"category":"river","sourceName":"Bamingui"},"geometry":{"type":"LineString","coordinates":[[19.732884,7.537731],[19.626999,7.560417],[19.591704,7.600725],[19.591704,7.666199],[19.524059,7.725317],[19.38877,7.778079],[19.330583,7.885927],[19.349496,8.048863],[19.285159,8.247456],[19.063881,8.598829],[19.108684,8.656139],[19.064191,8.715437],[18.88601,8.83605]]}},{"type":"Feature","id":"ne50-river-0130","properties":{"scalerank":4,"featurecla":"River","name":"Benue","note":null,"min_zoom":4.0,"name_alt":null,"name_en":"Benue","min_label":5.0,"id":"ne50-river-0130","sourceIndex":130,"category":"river","sourceName":"Benue"},"geometry":{"type":"LineString","coordinates":[[11.924058,9.490558],[11.783498,9.496527],[11.574054,9.40909],[11.248802,9.230186],[11.037859,9.060713],[10.941224,8.900671],[10.857818,8.795329],[10.787642,8.744686],[10.635506,8.707427],[10.401412,8.683501],[10.218219,8.59007],[10.085824,8.427083],[9.976528,8.327244],[9.847027,8.272209],[9.530044,8.12059],[9.39522,8.038734],[9.337033,7.976051],[9.140972,7.89249],[8.807039,7.788052],[8.437294,7.799343],[7.828804,7.989978],[7.421542,8.018606],[7.156184,7.967524],[6.776,7.793013]]}},{"type":"Feature","id":"ne50-river-0140","properties":{"scalerank":6,"featurecla":"River","name":"Busira","note":null,"min_zoom":5.0,"name_alt":null,"name_en":"Busira","min_label":6.0,"id":"ne50-river-0140","sourceIndex":140,"category":"river","sourceName":"Busira"},"geometry":{"type":"LineString","coordinates":[[20.7537,-0.281585],[20.612158,-0.2944],[20.503379,-0.279828],[20.380183,-0.24231],[20.29719,-0.233577],[20.254299,-0.253783],[20.220709,-0.227221],[20.196318,-0.153892],[20.15632,-0.129863],[20.100613,-0.155184],[20.027543,-0.146761],[19.937006,-0.104748],[19.864142,-0.105058],[19.808848,-0.147639],[19.713247,-0.150016],[19.577234,-0.112138],[19.410836,-0.113636],[19.214052,-0.154667],[19.098504,-0.199161],[19.064191,-0.247271],[19.023056,-0.258227],[18.951226,-0.219159]]}},{"type":"Feature","id":"ne50-river-0142","properties":{"scalerank":4,"featurecla":"River","name":"Bénoué","note":null,"min_zoom":4.0,"name_alt":null,"name_en":"Bénoué","min_label":5.0,"id":"ne50-river-0142","sourceIndex":142,"category":"river","sourceName":"Bénoué"},"geometry":{"type":"LineString","coordinates":[[13.524167,7.777458],[13.673512,7.854508],[13.717075,7.922256],[13.70457,8.006333],[13.736247,8.070929],[13.850039,8.13847],[13.959903,8.240376],[13.997523,8.312335],[13.999487,8.388377],[13.977059,8.453024],[13.930137,8.506251],[13.926571,8.597383],[13.966362,8.726444],[13.924504,8.833105],[13.800998,8.917415],[13.68116,9.054461],[13.564991,9.244242],[13.475178,9.314212],[13.411616,9.264396],[13.319063,9.226],[13.197417,9.198974],[13.084194,9.222797],[12.926943,9.334728],[12.820799,9.375035],[12.71724,9.351264],[12.580917,9.276747],[12.455809,9.307339],[12.34181,9.443041],[12.194636,9.505803],[11.924058,9.490558]]}},{"type":"Feature","id":"ne50-river-0146","properties":{"scalerank":6,"featurecla":"River","name":"Chari","note":null,"min_zoom":5.0,"name_alt":null,"name_en":"Chari","min_label":6.0,"id":"ne50-river-0146","sourceIndex":146,"category":"river","sourceName":"Chari"},"geometry":{"type":"MultiLineString","coordinates":[[[18.88601,8.83605],[18.842292,8.815586],[18.760023,8.84375],[18.624734,8.91372],[18.475648,9.041335],[18.231477,9.319251],[17.79109,9.722146],[17.6234,9.912832],[17.581542,10.025693],[17.520512,10.128943],[17.372098,10.296168],[17.315667,10.349704],[17.248333,10.387583],[17.170094,10.409804],[17.104362,10.455693],[17.051135,10.525172],[17.004161,10.564291],[16.963337,10.57305],[16.875901,10.548064],[16.741852,10.48936],[16.610904,10.480756],[16.483263,10.5222],[16.339706,10.597855],[16.180232,10.707719],[16.016625,10.772728],[15.84878,10.792933],[15.710804,10.833732],[15.602593,10.895175],[15.520944,10.95698],[15.465651,11.019121],[15.433095,11.104852],[15.423173,11.214148],[15.386224,11.344372],[15.322249,11.4955],[15.300803,11.63823],[15.321887,11.772512],[15.282923,11.895347],[15.183807,12.006658],[15.07508,12.084999]],[[15.07508,12.084999],[14.949817,12.042728],[14.843363,12.07332],[14.691744,12.143884],[14.583534,12.218841],[14.518938,12.298268],[14.415379,12.344131],[14.272855,12.356507],[14.197459,12.383792],[14.176117,12.471177]],[[15.07508,12.084999],[14.956741,12.130345],[14.880673,12.269381],[14.847084,12.50208],[14.761249,12.65561],[14.623273,12.729921],[14.544777,12.820226],[14.516251,12.979751]]]}},{"type":"Feature","id":"ne50-river-0157","properties":{"scalerank":2,"featurecla":"River","name":"Congo","note":null,"min_zoom":2.1,"name_alt":null,"name_en":"Congo","min_label":3.1,"id":"ne50-river-0157","sourceIndex":157,"category":"river","sourceName":"Congo"},"geometry":{"type":"MultiLineString","coordinates":[[[26.441311,-8.272001],[26.654322,-8.223115],[26.742378,-8.19304],[26.776485,-8.165393],[26.793538,-8.124103],[26.793538,-8.069223],[26.83829,-8.01088],[26.92769,-7.94923],[26.972752,-7.900138],[26.973269,-7.863757],[26.928569,-7.803813],[26.838548,-7.720304],[26.865368,-7.528791],[27.009132,-7.229171],[27.048716,-6.991253],[26.984121,-6.815139],[26.961331,-6.663624],[26.980245,-6.536707],[26.970168,-6.421882],[26.931101,-6.319149],[26.906089,-6.172594],[26.895237,-5.982219],[26.89994,-5.817784],[26.930481,-5.610252]],[[24.292295,0.78171],[24.178194,0.923717],[24.004871,1.021592],[23.734397,1.122671],[23.460718,1.341831],[23.183836,1.679019],[22.967828,1.873245],[22.734871,1.950036],[22.557001,2.101216],[22.396494,2.160592],[22.194026,2.178498],[21.96882,2.177619],[21.720773,2.157931],[21.499288,2.112507],[21.304261,2.041374],[20.943818,1.994711],[20.417855,1.97249],[19.901866,1.864434],[19.142842,1.573599],[18.714135,1.223233],[18.526136,1.052184],[18.435909,0.943664],[18.342943,0.691999],[18.199231,0.099788],[18.184348,0.063097],[18.108538,-0.124075],[17.899817,-0.390829],[17.75285,-0.549062],[17.542837,-0.774991],[17.27877,-0.999577],[17.107618,-1.064483],[16.974706,-1.13993],[16.879931,-1.22592],[16.84908,-1.27248],[16.780092,-1.376401],[16.622479,-1.698966],[16.540727,-1.840146],[16.433602,-1.960862],[16.273922,-2.108243],[16.215372,-2.1778],[16.19155,-2.279137],[16.201833,-2.464707],[16.217336,-3.030254],[16.190619,-3.19443],[16.146746,-3.464129],[15.990063,-3.766178],[15.872448,-3.934282],[15.754625,-3.985545],[15.600061,-4.030916],[15.526009,-4.087967],[15.480947,-4.171786],[15.394647,-4.24496],[15.267213,-4.307592],[15.106293,-4.461071],[14.912093,-4.705604],[14.779284,-4.84575],[14.707867,-4.881717],[14.63397,-4.885076],[14.557592,-4.855776],[14.493927,-4.851642],[14.417653,-4.883061],[14.233943,-4.912413],[14.133122,-4.945021],[14.053851,-4.990599],[14.004551,-5.051991],[13.985224,-5.129247],[13.93794,-5.204643],[13.862803,-5.27823],[13.831694,-5.300968],[13.809008,-5.30288],[13.776555,-5.278696],[13.751802,-5.278696],[13.734749,-5.30288],[13.691909,-5.309908],[13.623386,-5.299676],[13.573673,-5.315903],[13.542977,-5.358536],[13.550005,-5.413778],[13.594757,-5.481577],[13.590726,-5.512945],[13.565198,-5.53129],[13.553106,-5.576042],[13.563545,-5.655003],[13.512126,-5.743422],[13.398748,-5.8414],[13.30263,-5.881863],[13.184343,-5.856283],[13.068174,-5.864861]]]}},{"type":"Feature","id":"ne50-river-0160","properties":{"scalerank":6,"featurecla":"River","name":"Cubango","note":null,"min_zoom":5.0,"name_alt":null,"name_en":"Cubango","min_label":6.0,"id":"ne50-river-0160","sourceIndex":160,"category":"river","sourceName":"Cubango"},"geometry":{"type":"LineString","coordinates":[[16.145092,-12.654059],[16.191601,-12.633595],[16.234131,-12.659537],[16.288184,-12.725114],[16.327614,-12.821026],[16.364821,-13.010317],[16.431328,-13.436234],[16.41412,-13.711152],[16.335262,-13.976976],[16.287926,-14.195877],[16.271906,-14.367857],[16.294024,-14.49343],[16.354175,-14.572599],[16.445591,-14.641225],[16.568271,-14.699413],[16.646147,-14.820645],[16.67922,-15.00513],[16.750017,-15.166464],[16.858537,-15.30475],[16.943545,-15.394667],[17.00504,-15.436318],[17.11971,-15.474146],[17.287658,-15.508252],[17.378712,-15.555174],[17.393078,-15.614861],[17.462066,-15.714131],[17.58578,-15.853037],[17.663759,-16.019022],[17.695902,-16.212085],[17.766802,-16.418171],[17.876356,-16.637227],[18.095361,-16.952557],[18.588147,-17.570038],[18.718062,-17.70326],[18.826014,-17.766305],[18.955308,-17.803564],[19.07649,-17.817672],[19.189454,-17.808473],[19.377143,-17.825475],[19.639349,-17.868625],[19.911788,-17.881337],[20.194354,-17.863664],[20.392998,-17.887435],[20.507617,-17.952547],[20.625129,-17.996679],[20.745535,-18.019778],[20.908316,-18.006084],[21.113471,-17.955751],[21.287931,-17.962986],[21.503422,-18.060241]]}},{"type":"Feature","id":"ne50-river-0165","properties":{"scalerank":1,"featurecla":"River","name":"Damietta Branch","note":null,"min_zoom":2.0,"name_alt":null,"name_en":"Damietta Branch","min_label":3.0,"id":"ne50-river-0165","sourceIndex":165,"category":"river","sourceName":"Damietta Branch"},"geometry":{"type":"LineString","coordinates":[[31.163297,30.151261],[31.078134,30.324764],[31.107332,30.418919],[31.210374,30.507699],[31.249804,30.623247],[31.225722,30.765693],[31.223965,30.868555],[31.244739,30.931911],[31.310007,31.01852],[31.419871,31.128385],[31.509426,31.186365],[31.578776,31.192412],[31.671225,31.277936],[31.839225,31.526319]]}},{"type":"Feature","id":"ne50-river-0170","properties":{"scalerank":4,"featurecla":"River","name":"Dicle","note":null,"min_zoom":4.0,"name_alt":null,"name_en":"Dicle","min_label":5.0,"id":"ne50-river-0170","sourceIndex":170,"category":"river","sourceName":"Dicle"},"geometry":{"type":"LineString","coordinates":[[39.64309,38.415588],[40.018467,38.347737],[40.024358,38.305621],[40.06756,38.268724],[40.149932,38.223042],[40.178251,38.178626],[40.152516,38.135502],[40.171429,38.106305],[40.234991,38.091112],[40.261863,38.023261],[40.251941,37.902751],[40.427383,37.832006],[40.96859,37.800484],[41.155349,37.757334],[41.358282,37.744053],[41.639712,37.746353],[41.800477,37.70881],[41.840475,37.631502],[41.853859,37.555589],[41.840527,37.481123],[41.882333,37.440842],[41.979278,37.434795],[42.093689,37.39516],[42.225671,37.321934],[42.312849,37.229614],[42.376566,37.062493]]}},{"type":"Feature","id":"ne50-river-0182","properties":{"scalerank":1,"featurecla":"River","name":"White Nile","note":null,"min_zoom":2.0,"name_alt":"White Nile","name_en":"White Nile","min_label":3.0,"id":"ne50-river-0182","sourceIndex":182,"category":"river","sourceName":"White Nile"},"geometry":{"type":"LineString","coordinates":[[31.124747,9.432525],[31.345922,9.365501],[31.452582,9.353977],[31.518418,9.375655],[31.580843,9.444876],[31.639651,9.561665],[31.745794,9.65693],[31.899066,9.730647],[32.036422,9.834284],[32.157758,9.967764],[32.23455,10.072254],[32.266796,10.147701],[32.270103,10.246481],[32.244368,10.368566],[32.200857,10.435074],[32.139362,10.445978],[32.107736,10.471041],[32.105875,10.510289],[32.240441,10.655939],[32.511329,10.908017],[32.645326,11.102785],[32.642328,11.240348],[32.672766,11.413929],[32.736638,11.62358],[32.763716,11.795146],[32.749144,11.99534],[32.729506,12.190006],[32.743149,12.332891],[32.783457,12.488954],[32.790795,12.651941],[32.76506,12.821853],[32.766713,12.939314],[32.795652,13.004297],[32.751727,13.116848],[32.634939,13.276994],[32.585536,13.424401],[32.603623,13.559069],[32.586828,13.638238],[32.535255,13.661854],[32.500011,13.703789],[32.481098,13.763992],[32.438775,13.82466],[32.373042,13.885819],[32.295011,14.032141],[32.204577,14.263652],[32.171711,14.465216],[32.196206,14.636859],[32.262248,14.782561],[32.369838,14.902347],[32.440222,15.130317],[32.490141,15.63455]]}},{"type":"Feature","id":"ne50-river-0183","properties":{"scalerank":3,"featurecla":"River","name":"Blue Nile","note":null,"min_zoom":3.0,"name_alt":"Blue Nile","name_en":"Blue Nile","min_label":4.0,"id":"ne50-river-0183","sourceIndex":183,"category":"river","sourceName":"Blue Nile"},"geometry":{"type":"MultiLineString","coordinates":[[[35.353377,10.155091],[35.342577,10.186665],[35.293174,10.411148],[35.242325,10.517084],[35.147447,10.572843],[35.181657,10.974447],[35.161038,11.139605],[35.097062,11.202159],[34.993193,11.249184],[34.777547,11.296443]],[[34.379638,11.78308],[34.323983,12.048205],[34.317161,12.193778],[34.340623,12.308112],[34.301142,12.402835],[34.198719,12.477947],[34.15712,12.534274],[34.176447,12.571894],[34.175206,12.636723],[34.153502,12.728758],[34.116812,12.804283],[34.065239,12.86335],[34.039711,12.872031],[34.000023,12.901797],[33.981316,12.958253],[33.960956,13.14403],[33.930415,13.257977],[33.889797,13.300093],[33.827579,13.325492],[33.74376,13.334173],[33.692032,13.380915],[33.672291,13.46569],[33.639373,13.529562],[33.593175,13.572531],[33.582374,13.618962],[33.606869,13.668882],[33.602115,13.708259],[33.577517,13.733581],[33.580824,13.755905],[33.596534,13.771614],[33.599014,13.793112],[33.580256,13.819208],[33.574209,13.839414],[33.581444,13.855976],[33.595707,13.866699],[33.603665,13.887421],[33.591366,13.937341],[33.609143,14.01129],[33.657202,14.109217],[33.566355,14.344164],[33.336601,14.716079],[33.210717,14.955883],[33.1886,15.063577],[33.133823,15.159514],[33.04649,15.243695],[32.949131,15.30364],[32.841954,15.339374],[32.734984,15.422573],[32.628427,15.553211],[32.553548,15.622044],[32.490141,15.63455]]]}},{"type":"Feature","id":"ne50-river-0187","properties":{"scalerank":3,"featurecla":"River","name":"Euphrates","note":null,"min_zoom":3.0,"name_alt":null,"name_en":"Euphrates","min_label":4.0,"id":"ne50-river-0187","sourceIndex":187,"category":"river","sourceName":"Euphrates"},"geometry":{"type":"MultiLineString","coordinates":[[[45.463096,31.305195],[45.540766,31.22874],[45.685098,31.18404],[45.922086,31.145541],[46.121144,31.086087],[46.363093,30.965371],[46.483292,30.902584],[46.579617,30.90168],[46.692065,30.941781],[46.885542,30.958834],[47.16015,30.952917],[47.331406,30.96656],[47.399309,30.999814],[47.442097,31.004439],[47.468452,30.968472]],[[40.992568,34.428467],[41.119072,34.38772],[41.176898,34.392888],[41.208214,34.430405],[41.275858,34.442859],[41.379935,34.43025],[41.430061,34.436038],[41.448251,34.439888],[41.470523,34.449164],[41.501788,34.436038],[41.590723,34.448337],[41.717123,34.497119],[41.827194,34.509057],[41.920935,34.484149],[41.989613,34.446115],[42.055035,34.369324],[42.122163,34.301731],[42.169602,34.28814],[42.219728,34.305942],[42.248047,34.296977],[42.26293,34.289561],[42.286184,34.292197],[42.303237,34.33408],[42.329851,34.346483],[42.365921,34.329429],[42.366334,34.301834],[42.330988,34.263645],[42.331814,34.231218],[42.368918,34.204502],[42.383284,34.165408],[42.375119,34.113887],[42.417236,34.058981],[42.446536,34.040506],[42.509736,34.000638],[42.551129,33.943587],[42.541414,33.887803],[42.563428,33.870336],[42.617172,33.891213],[42.672879,33.889611],[42.730446,33.865478],[42.747551,33.819641],[42.72409,33.751997],[42.767292,33.671123],[42.877156,33.576917],[42.965471,33.520848],[43.03234,33.502813],[43.078952,33.504622],[43.105514,33.526171],[43.155227,33.515009],[43.228194,33.471136],[43.287673,33.454832],[43.333665,33.466149],[43.45433,33.442429],[43.535617,33.417986],[43.649667,33.383673],[43.775757,33.31143],[43.832498,33.225698],[43.872289,33.198646],[43.905362,33.198646],[43.947633,33.194667],[44.029075,33.159708],[44.122041,33.052944],[44.253661,32.828177],[44.262549,32.792934],[44.263583,32.726995],[44.236608,32.624004],[44.25547,32.496363],[44.321305,32.348517],[44.354947,32.235449],[44.356497,32.157211],[44.387348,32.072461],[44.447603,31.981278],[44.476851,31.877874],[44.475094,31.762299],[44.548113,31.648094],[44.769805,31.478854],[45.041882,31.440717],[45.158154,31.402657],[45.209313,31.352014],[45.292874,31.321318],[45.46692,31.305195]]]}},{"type":"Feature","id":"ne50-river-0190","properties":{"scalerank":3,"featurecla":"River","name":"Firat","note":null,"min_zoom":3.0,"name_alt":null,"name_en":"Firat","min_label":4.0,"id":"ne50-river-0190","sourceIndex":190,"category":"river","sourceName":"Firat"},"geometry":{"type":"LineString","coordinates":[[38.767794,38.812825],[38.554629,38.768022],[38.449881,38.713735],[38.382598,38.635032],[38.355055,38.580901],[38.367354,38.551342],[38.452361,38.507624],[38.610078,38.449746],[38.719322,38.425665],[38.780093,38.435458],[38.847169,38.412901],[38.92055,38.357969],[38.996617,38.333784],[39.075476,38.340296],[39.114853,38.305879],[39.114853,38.230457],[39.14927,38.189504],[39.218206,38.182993],[39.248127,38.153795],[39.239135,38.102016],[39.17056,38.033596],[39.042403,37.948537],[38.978221,37.887068],[38.978014,37.849189],[38.95569,37.819862],[38.948868,37.797228],[38.92365,37.745293],[38.841485,37.713099],[38.828876,37.69031],[38.838488,37.665557],[38.812753,37.644679],[38.701338,37.631037],[38.607907,37.593313],[38.532563,37.53156],[38.439132,37.494611],[38.327718,37.482519],[38.25041,37.460582],[38.207312,37.428775],[38.136722,37.420869],[38.03864,37.436837],[37.966293,37.424564],[37.919681,37.384101],[37.854568,37.291884],[37.847799,37.217212],[37.862165,37.115874],[37.896736,37.061407],[37.95141,37.053863],[37.990529,36.996476],[38.025721,36.835633]]}},{"type":"Feature","id":"ne50-river-0196","properties":{"scalerank":6,"featurecla":"River","name":"Genala","note":null,"min_zoom":5.0,"name_alt":null,"name_en":"Genala","min_label":6.0,"id":"ne50-river-0196","sourceIndex":196,"category":"river","sourceName":"Genala"},"geometry":{"type":"LineString","coordinates":[[38.774099,6.604791],[38.723663,6.540919],[38.760043,6.453043],[38.91962,6.25321],[38.990623,6.125673],[39.110409,6.054463],[39.356906,5.980927],[39.387911,5.968525],[39.407342,5.951704],[39.478035,5.795305],[39.559477,5.724199],[39.654148,5.708696],[39.700761,5.65795],[39.699417,5.572063],[39.735901,5.526433],[39.810211,5.521162],[39.880284,5.487779],[39.946017,5.426284],[40.031025,5.385305],[40.135308,5.364841],[40.272819,5.369853],[40.443454,5.400343],[40.627216,5.48659],[40.824103,5.628546],[40.953707,5.702236],[41.016029,5.707611],[41.072977,5.6934],[41.124343,5.659526],[41.195863,5.525555],[41.287537,5.29146],[41.393887,5.090258],[41.514913,4.921922],[41.579406,4.800999],[41.58726,4.727515],[41.684825,4.598996],[41.965842,4.323664]]}},{"type":"Feature","id":"ne50-river-0197","properties":{"scalerank":4,"featurecla":"River","name":"Gharraf Canal","note":null,"min_zoom":4.0,"name_alt":null,"name_en":"Gharraf Canal","min_label":5.0,"id":"ne50-river-0197","sourceIndex":197,"category":"river","sourceName":"Gharraf Canal"},"geometry":{"type":"LineString","coordinates":[[45.809122,32.502202],[45.900744,32.430682],[45.928494,32.376706],[45.922913,32.316426],[45.942963,32.263922],[45.988542,32.219222],[45.997534,32.132974],[45.969835,32.005127],[45.985958,31.921669],[46.046006,31.88255],[46.089311,31.772712],[46.115976,31.592103],[46.15401,31.456995],[46.203309,31.367388],[46.275656,31.282406],[46.370844,31.202075],[46.405416,31.112313],[46.366193,30.963588]]}},{"type":"Feature","id":"ne50-river-0208","properties":{"scalerank":6,"featurecla":"River","name":"Helmand","note":null,"min_zoom":5.0,"name_alt":null,"name_en":"Helmand","min_label":6.0,"id":"ne50-river-0208","sourceIndex":208,"category":"river","sourceName":"Helmand"},"geometry":{"type":"LineString","coordinates":[[61.604126,31.204426],[61.754091,31.013559],[61.816723,30.801789],[61.841941,30.505528],[62.030664,30.31014],[62.382787,30.215727],[62.684836,30.191801],[62.936707,30.238361],[63.194107,30.342179],[63.456933,30.503203],[63.663019,30.570021],[63.812157,30.542632],[63.907552,30.538291],[63.948996,30.556998],[64.0,30.615567232991804]]}},{"type":"Feature","id":"ne50-river-0223","properties":{"scalerank":6,"featurecla":"River","name":"Ismailiya Canal","note":null,"min_zoom":5.0,"name_alt":null,"name_en":"Ismailiya Canal","min_label":6.0,"id":"ne50-river-0223","sourceIndex":223,"category":"river","sourceName":"Ismailiya Canal"},"geometry":{"type":"LineString","coordinates":[[31.237608,30.120694],[31.282153,30.128704],[31.323959,30.180096],[31.377806,30.277506],[31.483174,30.378844],[31.640167,30.484109],[31.864856,30.550823],[32.303486,30.593043]]}},{"type":"Feature","id":"ne50-river-0227","properties":{"scalerank":6,"featurecla":"River","name":"Jordan","note":null,"min_zoom":5.0,"name_alt":null,"name_en":"Jordan","min_label":6.0,"id":"ne50-river-0227","sourceIndex":227,"category":"river","sourceName":"Jordan"},"geometry":{"type":"MultiLineString","coordinates":[[[35.423502,31.324832],[35.400661,31.230497]],[[35.576878,32.720303],[35.551453,32.395516],[35.57202,32.237878],[35.53471,32.103002],[35.531506,31.984921],[35.558998,31.765529]],[[35.863889,33.596348],[35.695527,33.430828],[35.618942,33.243708],[35.594758,33.110951],[35.598892,32.899723]]]}},{"type":"Feature","id":"ne50-river-0228","properties":{"scalerank":6,"featurecla":"River","name":"Jubba","note":null,"min_zoom":5.0,"name_alt":null,"name_en":"Jubba","min_label":6.0,"id":"ne50-river-0228","sourceIndex":228,"category":"river","sourceName":"Jubba"},"geometry":{"type":"LineString","coordinates":[[41.965842,4.323664],[42.029197,4.290591],[42.055811,4.254986],[42.066869,4.205868],[42.121181,4.172536],[42.21885,4.155044],[42.341685,4.078356],[42.489789,3.94255],[42.542344,3.794678],[42.499246,3.634766],[42.497282,3.521697],[42.536453,3.4555],[42.533456,3.398346],[42.488497,3.350261],[42.472943,3.28011],[42.486895,3.187919],[42.515886,3.130352],[42.559914,3.107304],[42.575417,3.070407],[42.562498,3.019558],[42.501727,2.941965],[42.393103,2.837657],[42.345819,2.749445],[42.359771,2.677305],[42.345302,2.613846],[42.302411,2.559069],[42.294814,2.502535],[42.322409,2.444192],[42.315588,2.387555],[42.27435,2.332623],[42.228772,2.319394],[42.179059,2.347867],[42.144746,2.345309],[42.125935,2.31172],[42.144487,2.280481],[42.200401,2.251568],[42.20469,2.220769],[42.157251,2.188058],[42.177302,2.134935],[42.264635,2.061373],[42.297243,1.99285],[42.275022,1.929392],[42.305563,1.835444],[42.388762,1.710955],[42.425762,1.616749],[42.416357,1.552774],[42.423695,1.512621],[42.424522,1.46203],[42.462194,1.375188],[42.561103,1.218892],[42.605441,1.070323],[42.595209,0.929401],[42.625957,0.8076],[42.69758,0.704867],[42.737733,0.580688],[42.7506,0.362407],[42.729826,0.134514],[42.684764,0.014935],[42.608387,-0.07214],[42.585442,-0.147949],[42.634225,-0.250734]]}},{"type":"Feature","id":"ne50-river-0230","properties":{"scalerank":6,"featurecla":"River","name":"Kadéï","note":null,"min_zoom":5.0,"name_alt":null,"name_en":"Kadéï","min_label":6.0,"id":"ne50-river-0230","sourceIndex":230,"category":"river","sourceName":"Kadéï"},"geometry":{"type":"LineString","coordinates":[[14.616917,5.86512],[14.616917,5.495505],[14.4931,5.28743],[14.462818,5.182268],[14.484729,5.110696],[14.436773,5.030158],[14.318951,4.940655],[14.254303,4.796503],[14.242831,4.597756],[14.297143,4.429549],[14.417343,4.291883],[14.498475,4.230233],[14.538782,4.228967],[14.569685,4.211345],[14.574077,4.189279],[14.622601,4.171658],[14.680376,4.205325],[14.753963,4.227675],[14.826827,4.230001],[14.873387,4.203206],[14.893541,4.147292],[14.957,4.118147],[15.063763,4.115692],[15.14691,4.090733],[15.236104,4.019471],[15.367569,4.055334],[15.451388,4.046498],[15.53128,4.004924],[15.578409,3.931207],[15.592671,3.825374],[15.651376,3.756153],[15.754625,3.723597],[15.881439,3.649752],[16.031921,3.534617],[16.108092,3.400051],[16.109952,3.246133],[16.158012,3.103118],[16.252166,2.971085],[16.263018,2.923698],[16.245345,2.88401],[16.173721,2.823962],[16.117807,2.716036],[16.095483,2.599196],[16.106748,2.473467],[16.136101,2.363758],[16.183436,2.270068],[16.176615,2.204775],[16.11574,2.167827],[16.080032,2.106797],[16.069593,2.021686],[16.087938,1.918074],[16.134964,1.795963],[16.136204,1.714883],[16.097653,1.653698]]}},{"type":"Feature","id":"ne50-river-0231","properties":{"scalerank":6,"featurecla":"River","name":"Kafue","note":null,"min_zoom":5.0,"name_alt":null,"name_en":"Kafue","min_label":6.0,"id":"ne50-river-0231","sourceIndex":231,"category":"river","sourceName":"Kafue"},"geometry":{"type":"LineString","coordinates":[[27.15672,-11.626215],[27.143491,-11.748688],[27.183385,-11.851783],[27.316504,-12.038645],[27.36632,-12.154038],[27.444661,-12.254652],[27.567961,-12.378986],[27.655088,-12.42906],[27.705937,-12.404876],[27.821486,-12.419758],[28.001733,-12.473915],[28.135678,-12.585485],[28.223322,-12.754518],[28.239651,-12.943447],[28.184771,-13.152323],[28.124826,-13.284202],[28.059921,-13.339185],[27.964009,-13.368331],[27.837195,-13.371638],[27.760094,-13.407605],[27.732706,-13.476231],[27.68816,-13.515609],[27.626459,-13.525531],[27.602533,-13.573486],[27.616485,-13.659476],[27.56083,-13.76934],[27.435669,-13.903079],[27.385957,-14.011806],[27.411898,-14.095367],[27.409779,-14.164716],[27.379704,-14.219752],[27.317072,-14.27918],[27.221884,-14.342949],[27.120391,-14.383308],[26.958696,-14.408733],[26.656079,-14.440204],[26.500119,-14.51653],[26.389842,-14.648201],[26.291967,-14.690628],[26.20639,-14.643809],[26.151252,-14.647219],[26.12655,-14.700756],[26.130529,-14.736361],[26.163292,-14.754035],[26.179002,-14.789019],[26.177865,-14.841316],[26.112339,-14.880745],[25.982631,-14.90741],[25.947026,-14.946943],[26.005627,-14.999343],[26.015498,-15.05412],[25.976534,-15.11117],[25.966922,-15.288265],[25.986559,-15.585353],[26.04764,-15.754955],[26.15027,-15.796968],[26.285352,-15.776091],[26.45299,-15.692272],[26.567919,-15.663591],[26.630137,-15.689946],[26.747701,-15.66726],[26.92061,-15.59543],[27.080446,-15.605765],[27.22731,-15.698215],[27.372831,-15.720539],[27.517215,-15.67279],[27.573129,-15.673203],[27.624702,-15.685192],[27.643305,-15.683487],[27.652504,-15.664935],[27.674828,-15.647572],[27.709761,-15.645608],[27.893833,-15.659974],[28.036873,-15.704106],[28.169578,-15.780483],[28.274688,-15.810042],[28.352203,-15.792989],[28.481652,-15.826269],[28.663036,-15.910088],[28.801839,-15.953134],[28.972992,-15.950086]]}},{"type":"Feature","id":"ne50-river-0232","properties":{"scalerank":1,"featurecla":"River","name":"Kagera","note":null,"min_zoom":2.0,"name_alt":null,"name_en":"Kagera","min_label":3.0,"id":"ne50-river-0232","sourceIndex":232,"category":"river","sourceName":"Kagera"},"geometry":{"type":"LineString","coordinates":[[29.59347,-2.984365],[29.826635,-3.047101],[29.9011,-3.090819],[29.894589,-3.136604],[29.908697,-3.159652],[29.94332,-3.160169],[29.975773,-3.184146],[30.021145,-3.255563],[29.990449,-3.314681],[29.990294,-3.344653],[30.010448,-3.365014],[30.104964,-3.315405],[30.273739,-3.195619],[30.390631,-3.087667],[30.455433,-2.991497],[30.469748,-2.92039],[30.433471,-2.874501],[30.424014,-2.824065],[30.441274,-2.769081],[30.530364,-2.679164],[30.691181,-2.554314],[30.774225,-2.462588],[30.779496,-2.404091],[30.797635,-2.362698],[30.828744,-2.338513],[30.854996,-2.265391],[30.876596,-2.143383],[30.864607,-2.044061],[30.819132,-1.967476],[30.80673,-1.850688],[30.827504,-1.693695],[30.812621,-1.563057],[30.762185,-1.458722],[30.710715,-1.396814],[30.63196,-1.367461],[30.508092,-1.208246],[30.470213,-1.131145],[30.477034,-1.082983],[30.519874,-1.062519],[30.598732,-1.069702],[30.672784,-1.051357],[30.742031,-1.007535],[30.80921,-0.994926],[30.874323,-1.013323],[30.941812,-1.062622],[31.011782,-1.142824],[31.12454,-1.199978],[31.280293,-1.234291],[31.40938,-1.238632],[31.511803,-1.213104],[31.573401,-1.1575],[31.593969,-1.071717],[31.645128,-1.005571],[31.767601,-0.935705]]}},{"type":"Feature","id":"ne50-river-0235","properties":{"scalerank":3,"featurecla":"River","name":"Kasai","note":null,"min_zoom":3.0,"name_alt":null,"name_en":"Kasai","min_label":4.0,"id":"ne50-river-0235","sourceIndex":235,"category":"river","sourceName":"Kasai"},"geometry":{"type":"LineString","coordinates":[[22.237124,-11.249442],[22.21666,-11.012661],[22.177902,-10.892306],[22.203482,-10.829468],[22.28048,-10.783993],[22.307042,-10.691285],[22.283167,-10.551552],[22.281669,-10.453315],[22.302443,-10.396678],[22.274537,-10.259115],[22.197746,-10.040627],[22.089122,-9.862809],[21.948666,-9.725556],[21.856682,-9.594194],[21.81317,-9.468724],[21.829448,-9.168432],[21.905413,-8.693371],[21.895852,-8.341144],[21.800871,-8.111908],[21.780097,-7.865411],[21.833634,-7.601655],[21.841592,-7.420994],[21.785265,-7.274543],[21.692247,-7.109178],[21.547398,-6.963657],[21.205869,-6.692356],[20.939012,-6.534846],[20.782639,-6.366174],[20.647763,-6.133837],[20.579964,-5.992657],[20.579034,-5.942738],[20.637531,-5.876023],[20.755457,-5.792618],[20.835194,-5.712054],[20.897671,-5.595575],[21.038282,-5.33864],[21.075127,-5.101807],[21.055077,-4.799552],[20.966142,-4.611346],[20.808322,-4.537139],[20.688174,-4.455025],[20.605595,-4.364901],[20.521673,-4.309452],[20.463692,-4.295396],[20.403437,-4.299892],[20.374757,-4.319219],[20.355068,-4.361646],[20.323132,-4.389758],[20.284995,-4.390378],[20.145158,-4.31462],[19.903623,-4.162278],[19.741875,-4.081353],[19.66002,-4.071637],[19.409596,-3.958879],[18.990707,-3.742872],[18.739869,-3.626497],[18.615743,-3.60133],[18.510116,-3.598798],[18.413791,-3.550946],[18.291731,-3.45705],[18.129777,-3.411626],[17.928033,-3.414727],[17.796361,-3.390749],[17.734763,-3.339537],[17.673681,-3.312614],[17.613116,-3.309927],[17.427236,-3.234376],[17.355354,-3.200011],[17.060075,-3.059193],[16.978065,-3.052061],[16.885202,-3.072835],[16.745056,-3.086065],[16.518713,-3.069735],[16.364097,-3.073249],[16.281105,-3.096555],[16.230979,-3.138568],[16.190619,-3.19443]]}},{"type":"Feature","id":"ne50-river-0242","properties":{"scalerank":3,"featurecla":"River","name":"Kibali","note":null,"min_zoom":3.0,"name_alt":null,"name_en":"Kibali","min_label":4.0,"id":"ne50-river-0242","sourceIndex":242,"category":"river","sourceName":"Kibali"},"geometry":{"type":"LineString","coordinates":[[30.371201,2.333088],[30.438587,2.662706],[30.362778,2.824944],[30.277977,2.877861],[30.159017,2.875561],[30.008122,2.924344],[29.825291,3.024234],[29.679563,3.080691],[29.570733,3.093662],[29.509135,3.149834],[29.494562,3.249208],[29.440405,3.300212],[29.346664,3.302899],[29.244965,3.381241],[29.135411,3.535288],[29.032988,3.597507],[28.9378,3.567948],[28.814087,3.563814],[28.585987,3.595801]]}},{"type":"Feature","id":"ne50-river-0247","properties":{"scalerank":6,"featurecla":"River","name":"Koukourou","note":null,"min_zoom":5.0,"name_alt":null,"name_en":"Koukourou","min_label":6.0,"id":"ne50-river-0247","sourceIndex":247,"category":"river","sourceName":"Koukourou"},"geometry":{"type":"LineString","coordinates":[[20.934878,7.342653],[20.829354,7.259506],[20.767291,7.234107],[20.713444,7.238732],[20.673188,7.211912],[20.646626,7.153621],[20.596707,7.104941],[20.486946,7.046289],[20.38349,7.026496],[20.30365,7.033576],[20.213009,7.060861],[20.105936,7.117499],[19.982429,7.203488],[19.873754,7.319295],[19.732884,7.537731]]}},{"type":"Feature","id":"ne50-river-0251","properties":{"scalerank":6,"featurecla":"River","name":"Kwango","note":null,"min_zoom":5.0,"name_alt":null,"name_en":"Kwango","min_label":6.0,"id":"ne50-river-0251","sourceIndex":251,"category":"river","sourceName":"Kwango"},"geometry":{"type":"LineString","coordinates":[[18.79661,-11.256264],[18.70721,-10.879284],[18.631711,-10.731076],[18.621634,-10.657437],[18.651813,-10.608913],[18.610265,-10.526489],[18.49699,-10.410114],[18.480195,-10.36283],[18.487017,-10.338852],[18.495543,-10.316631],[18.481487,-10.280974],[18.49513,-10.232088],[18.536368,-10.170077],[18.587941,-10.11685],[18.649642,-10.07246],[18.677134,-9.997064],[18.670313,-9.89061],[18.648092,-9.804776],[18.610575,-9.739612],[18.545979,-9.681424],[18.454512,-9.630161],[18.361391,-9.522157],[18.266823,-9.35731],[18.189102,-9.253698],[18.128331,-9.21122],[18.09071,-9.204037],[18.056139,-9.190601],[18.042651,-9.152154],[18.049937,-9.114844],[18.042444,-9.011491],[18.013609,-8.875272],[17.938213,-8.71523],[17.816153,-8.531469],[17.707891,-8.414008],[17.613323,-8.3629],[17.558546,-8.27195],[17.536015,-8.075837],[17.245025,-7.623307],[17.155057,-7.461353],[17.12157,-7.41903],[17.063796,-7.363116],[16.984731,-7.257438],[16.95202,-7.157082],[16.965766,-7.062101],[16.919412,-6.933943],[16.813062,-6.772558],[16.742989,-6.618459],[16.709399,-6.471698],[16.700976,-6.346021],[16.717822,-6.241428],[16.697307,-6.164275],[16.639533,-6.11451],[16.602222,-6.039838],[16.577004,-5.890389],[16.515147,-5.391402],[16.508274,-5.157773],[16.535663,-5.023311],[16.535663,-4.8411],[16.508274,-4.611243],[16.507861,-4.459624],[16.534526,-4.38614],[16.536076,-4.314723],[16.512512,-4.245477],[16.586512,-4.180106],[16.758182,-4.118663],[16.869699,-4.062336],[16.921272,-4.011124],[16.993309,-3.991487],[17.085914,-4.003321],[17.183479,-3.920122],[17.286108,-3.741942],[17.322023,-3.610115],[17.291327,-3.524591],[17.298149,-3.453536],[17.364656,-3.36858],[17.376128,-3.295199],[17.355354,-3.200011]]}},{"type":"Feature","id":"ne50-river-0259","properties":{"scalerank":6,"featurecla":"River","name":"Limpopo","note":null,"min_zoom":5.0,"name_alt":null,"name_en":"Limpopo","min_label":6.0,"id":"ne50-river-0259","sourceIndex":259,"category":"river","sourceName":"Limpopo"},"geometry":{"type":"LineString","coordinates":[[26.96159,-23.73731],[27.08551,-23.57794],[27.146385,-23.524404],[27.185555,-23.523422],[27.241159,-23.490039],[27.313403,-23.424255],[27.399186,-23.383637],[27.498715,-23.368341],[27.563207,-23.324622],[27.592662,-23.252637],[27.643874,-23.217652],[27.716738,-23.219616],[27.758285,-23.196775],[27.768517,-23.148923],[27.812597,-23.107995],[27.890525,-23.073888],[27.93135,-23.033581],[27.93507,-22.98702],[28.027985,-22.873694],[28.210196,-22.693653],[28.381762,-22.593401],[28.542889,-22.572937],[28.695541,-22.53542],[28.839821,-22.48085],[28.94581,-22.39517],[29.013506,-22.278433],[29.129881,-22.213269],[29.377463,-22.192805],[29.66313,-22.146296],[29.902341,-22.184227],[30.190385,-22.291146],[30.460188,-22.329024],[30.711645,-22.297812],[30.916077,-22.29068],[31.07338,-22.307785],[31.1973,-22.344889],[31.287837,-22.402043],[31.392637,-22.437493],[31.511596,-22.451187],[31.630452,-22.505551],[31.748998,-22.600429],[31.877259,-22.739852],[32.015131,-22.923768],[32.118794,-23.035958],[32.188144,-23.076472],[32.231036,-23.1328],[32.247469,-23.205043],[32.302452,-23.302092],[32.39609,-23.423996],[32.487764,-23.635766],[32.577371,-23.937402],[32.672869,-24.140387],[32.824798,-24.296915],[32.87141,-24.403678],[32.905516,-24.439697],[32.942723,-24.440523],[33.010213,-24.484603],[33.107985,-24.571988],[33.182554,-24.613536],[33.23392,-24.609195],[33.264203,-24.623561],[33.273401,-24.656634],[33.329056,-24.699112],[33.431066,-24.75084],[33.485068,-24.771873],[33.509717,-24.770684],[33.52615,-24.756576],[33.536744,-24.744846],[33.551989,-24.738955],[33.567905,-24.75146],[33.597257,-24.822774],[33.63126,-24.948968],[33.61369,-25.04059],[33.544547,-25.097641],[33.514782,-25.142444],[33.530078,-25.18885]]}},{"type":"Feature","id":"ne50-river-0260","properties":{"scalerank":6,"featurecla":"River","name":"Lom","note":null,"min_zoom":5.0,"name_alt":null,"name_en":"Lom","min_label":6.0,"id":"ne50-river-0260","sourceIndex":260,"category":"river","sourceName":"Lom"},"geometry":{"type":"LineString","coordinates":[[14.665286,6.698403],[14.704767,6.660989],[14.687404,6.584741],[14.595833,6.393331],[14.471344,6.302251],[14.430623,6.222411],[14.432174,6.123503],[14.417188,6.041595],[14.385665,5.97669],[14.31368,5.92615],[14.201335,5.889873],[14.130125,5.814167],[14.100256,5.699032],[14.066563,5.640018],[14.029253,5.637201],[13.990805,5.606764],[13.951428,5.548731],[13.909673,5.52248],[13.865748,5.528009],[13.848488,5.498838],[13.857997,5.434966],[13.801308,5.372308],[13.678421,5.310839],[13.594757,5.29947],[13.528198,5.357503],[13.465876,5.381377],[13.422778,5.36205],[13.378026,5.307428],[13.364229,5.233738],[13.381282,5.140927],[13.359423,5.055764],[13.298755,4.978249],[13.232815,4.937993],[13.126052,4.933472]]}},{"type":"Feature","id":"ne50-river-0262","properties":{"scalerank":2,"featurecla":"River","name":"Lualaba","note":null,"min_zoom":2.1,"name_alt":null,"name_en":"Lualaba","min_label":3.1,"id":"ne50-river-0262","sourceIndex":262,"category":"river","sourceName":"Lualaba"},"geometry":{"type":"LineString","coordinates":[[26.249282,-11.7429],[26.165721,-11.67169],[26.11854,-11.657996],[26.079887,-11.678202],[26.029967,-11.679545],[25.938293,-11.6535],[25.8861,-11.622804],[25.839901,-11.547202],[25.782127,-11.416564],[25.715258,-11.330936],[25.639293,-11.290215],[25.602293,-11.246703],[25.60436,-11.20035],[25.590201,-11.168982],[25.559815,-11.152652],[25.551857,-11.114205],[25.566429,-11.05364],[25.610561,-11.005374],[25.684355,-10.969408],[25.725903,-10.877889],[25.735205,-10.730766],[25.696447,-10.607259],[25.609734,-10.507214],[25.540901,-10.466906],[25.490155,-10.486233],[25.448866,-10.484683],[25.417136,-10.462048],[25.414397,-10.407013],[25.440752,-10.319421],[25.440236,-10.229504],[25.413054,-10.13721],[25.441373,-10.036131],[25.525192,-9.926371],[25.546689,-9.811442],[25.505658,-9.691346],[25.48938,-9.587218],[25.501937,-9.45503],[25.561055,-9.266462],[25.610665,-9.228532],[25.670299,-9.278348],[25.728693,-9.275713],[25.785641,-9.220626],[25.843208,-9.196648],[25.901189,-9.203831],[25.965682,-9.136755],[26.036582,-8.995523],[26.058286,-8.880543],[26.030897,-8.791866],[26.085778,-8.705308],[26.22303,-8.620817],[26.283647,-8.543613],[26.267627,-8.473746],[26.281683,-8.420158],[26.325815,-8.382847],[26.345555,-8.347035],[26.340904,-8.312722],[26.364262,-8.289675],[26.441311,-8.272001]]}},{"type":"Feature","id":"ne50-river-0263","properties":{"scalerank":2,"featurecla":"River","name":"Congo","note":null,"min_zoom":2.1,"name_alt":"Congo","name_en":"Congo","min_label":3.1,"id":"ne50-river-0263","sourceIndex":263,"category":"river","sourceName":"Congo"},"geometry":{"type":"MultiLineString","coordinates":[[[26.930481,-5.610252],[27.002879,-5.378121],[27.013886,-5.28593],[26.987738,-5.256216],[26.958851,-5.122633],[26.927328,-4.885128],[26.878908,-4.73139],[26.813485,-4.661524],[26.652151,-4.550161],[26.394699,-4.397199],[26.199104,-4.250438],[26.065262,-4.109878],[26.01219,-3.958363],[26.039889,-3.795892],[26.0125,-3.649441],[25.930025,-3.51901],[25.904187,-3.362533],[25.934986,-3.180012],[25.948732,-3.022503],[25.945528,-2.890108],[25.926924,-2.804118],[25.876178,-2.744742]],[[25.876178,-2.752235],[25.788225,-2.456594],[25.784917,-2.112946],[25.837111,-1.622795],[25.817784,-1.286381],[25.681565,-1.012341],[25.534287,-0.815971],[25.464524,-0.682077],[25.423286,-0.545238],[25.443491,-0.385971],[25.525243,-0.204483],[25.553614,-0.035605],[25.528602,0.120665],[25.489432,0.23549],[25.409436,0.345664],[25.255337,0.459249],[25.136378,0.507463],[24.9336,0.538572],[24.790766,0.576813],[24.690204,0.627972],[24.584267,0.704763],[24.471613,0.752771],[24.292295,0.78171]]]}},{"type":"Feature","id":"ne50-river-0273","properties":{"scalerank":6,"featurecla":"River","name":"Mananantanana","note":null,"min_zoom":5.0,"name_alt":null,"name_en":"Mananantanana","min_label":6.0,"id":"ne50-river-0273","sourceIndex":273,"category":"river","sourceName":"Mananantanana"},"geometry":{"type":"LineString","coordinates":[[47.167075,-22.011266],[47.164284,-21.97287],[47.100981,-21.938661],[46.976234,-21.895769],[46.905075,-21.852258],[46.878617,-21.785802],[46.729996,-21.736296],[46.675012,-21.652993],[46.665038,-21.542664],[46.636771,-21.512537],[46.59636,-21.472643],[46.573571,-21.464168],[46.493214,-21.379728],[46.344696,-21.301594],[46.185739,-21.27529],[46.016344,-21.300767],[45.897592,-21.347586],[45.829482,-21.415643],[45.759719,-21.444376],[45.652749,-21.428356]]}},{"type":"Feature","id":"ne50-river-0274","properties":{"scalerank":6,"featurecla":"River","name":"Mangoky","note":null,"min_zoom":5.0,"name_alt":null,"name_en":"Mangoky","min_label":6.0,"id":"ne50-river-0274","sourceIndex":274,"category":"river","sourceName":"Mangoky"},"geometry":{"type":"LineString","coordinates":[[45.652749,-21.428356],[45.514463,-21.439621],[45.424546,-21.500548],[45.293184,-21.672062],[44.805565,-21.723532],[44.564856,-21.769885],[44.40869,-21.828383],[44.30172,-21.844558],[44.243946,-21.81841],[44.165501,-21.8289],[44.066179,-21.876029],[43.986132,-21.889981],[43.914043,-21.871585],[43.89482,-21.861043],[43.874201,-21.837633],[43.784956,-21.637387],[43.696847,-21.501065],[43.542283,-21.315753]]}},{"type":"Feature","id":"ne50-river-0284","properties":{"scalerank":5,"featurecla":"River","name":"Black Volta","note":null,"min_zoom":4.7,"name_alt":"Black Volta","name_en":"Black Volta","min_label":5.7,"id":"ne50-river-0284","sourceIndex":284,"category":"river","sourceName":"Black Volta"},"geometry":{"type":"LineString","coordinates":[[-5.263162,11.138804],[-5.18482,11.124489],[-5.125625,11.154384],[-5.059479,11.223734],[-4.989535,11.264352],[-4.878947,11.28218],[-4.714616,11.406022],[-4.638549,11.432016],[-4.595915,11.401527],[-4.539433,11.413309],[-4.469102,11.467388],[-4.381613,11.507412],[-4.27702,11.533302],[-4.123955,11.696728],[-3.922391,11.997666],[-3.819555,12.176208],[-3.815446,12.23238],[-3.784079,12.295684],[-3.725374,12.366067],[-3.666463,12.401362],[-3.607371,12.401517],[-3.56864,12.47712],[-3.550243,12.628118],[-3.51071,12.714935],[-3.450042,12.737569],[-3.405962,12.720309],[-3.378522,12.663258],[-3.33576,12.645275],[-3.277753,12.666359],[-3.248633,12.640107],[-3.248478,12.56652],[-3.207551,12.499883],[-3.12585,12.440145],[-3.022911,12.397435],[-2.898706,12.3717],[-2.849304,12.338524],[-2.874625,12.297906],[-2.86367,12.235429],[-2.816386,12.151197],[-2.823905,12.097867],[-2.886175,12.075465],[-2.895709,12.018595],[-2.852559,11.927231],[-2.854161,11.860568],[-2.900567,11.818607],[-2.8831,11.779436],[-2.801813,11.742953],[-2.790496,11.606217],[-2.849097,11.369125],[-2.857779,11.242363],[-2.816541,11.225878],[-2.804449,11.165339],[-2.830054,11.00845],[-2.907336,10.727976],[-2.914881,10.592325],[-2.878398,10.507938],[-2.837211,10.454659],[-2.791168,10.432438],[-2.78662,10.401898],[-2.823466,10.362934],[-2.820313,10.322833],[-2.777112,10.281595],[-2.766518,10.238161],[-2.788481,10.192582],[-2.78321,10.08308],[-2.750731,9.909654],[-2.749827,9.797232],[-2.780522,9.74584],[-2.76595,9.658067],[-2.706186,9.53394],[-2.68611,9.431724],[-2.705747,9.351393],[-2.701793,9.301681],[-2.674224,9.282612],[-2.68921,9.218611],[-2.746674,9.109625],[-2.746933,9.045133],[-2.689882,9.025083],[-2.649213,8.956611],[-2.624925,8.839616],[-2.557048,8.731121],[-2.445556,8.631076],[-2.363649,8.513951],[-2.311352,8.379696],[-2.246705,8.273836],[-2.169655,8.196373],[-2.087412,8.160484],[-1.999898,8.166169],[-1.934889,8.191774],[-1.892385,8.237275],[-1.845024,8.254716],[-1.792753,8.244071],[-1.767613,8.260426],[-1.769525,8.303731],[-1.797378,8.327967],[-1.85107,8.333187],[-1.886779,8.356519],[-1.904478,8.397989],[-1.899362,8.469974],[-1.871405,8.5725],[-1.821279,8.625469],[-1.712836,8.630585]]}},{"type":"Feature","id":"ne50-river-0287","properties":{"scalerank":6,"featurecla":"River","name":"White Volta","note":null,"min_zoom":5.0,"name_alt":"White Volta","name_en":"White Volta","min_label":6.0,"id":"ne50-river-0287","sourceIndex":287,"category":"river","sourceName":"White Volta"},"geometry":{"type":"LineString","coordinates":[[-2.082736,14.010101],[-2.055425,13.680509],[-2.107773,13.565942],[-2.104491,13.473467],[-2.063099,13.364869],[-2.069145,13.253171],[-2.122578,13.138346],[-2.134541,13.06804],[-2.104982,13.042305],[-1.989201,13.038119],[-1.787146,13.055482],[-1.627776,13.031582],[-1.511091,12.966418],[-1.410839,12.945928],[-1.327071,12.970165],[-1.262036,12.961767],[-1.215812,12.920788],[-1.182946,12.83609],[-1.163438,12.7077],[-1.140881,12.651218],[-1.115249,12.666617],[-1.095819,12.657677],[-1.082538,12.624346],[-1.091788,12.333253],[-1.044814,12.152799],[-0.940221,11.974928],[-0.857849,11.86708],[-0.79762,11.829304],[-0.770929,11.753753],[-0.777751,11.640478],[-0.72362,11.55746],[-0.608536,11.504699],[-0.533812,11.453771],[-0.499473,11.404679],[-0.492187,11.370004],[-0.51203,11.349747],[-0.483195,11.290939],[-0.405732,11.193581],[-0.372607,11.081339],[-0.383769,10.95419],[-0.374313,10.866986],[-0.344315,10.819805],[-0.339121,10.783993],[-0.35881,10.759602],[-0.360515,10.720018],[-0.336124,10.637904],[-0.608459,10.545739],[-0.700391,10.546075],[-0.702691,10.608138],[-0.724214,10.6401],[-0.764883,10.641935],[-0.816818,10.604056],[-0.879915,10.526438],[-0.936992,10.499204],[-0.987996,10.522355],[-1.026934,10.521632],[-1.053858,10.497034],[-1.067113,10.445409],[-1.066751,10.366809],[-1.050447,10.302653],[-1.018253,10.252992],[-1.024015,10.205682],[-1.067785,10.160724],[-1.069955,10.116825],[-1.030552,10.074011],[-0.999649,9.960891],[-0.977325,9.777466],[-1.020837,9.695662],[-1.130132,9.71548],[-1.237283,9.686282],[-1.342238,9.608148],[-1.385181,9.522985],[-1.366113,9.430794],[-1.327536,9.358964],[-1.269504,9.307468],[-1.242167,9.254242],[-1.245577,9.19931],[-1.223408,9.158046],[-1.151707,9.116601]]}},{"type":"Feature","id":"ne50-river-0297","properties":{"scalerank":3,"featurecla":"River","name":"Niger","note":null,"min_zoom":3.0,"name_alt":null,"name_en":"Niger","min_label":4.0,"id":"ne50-river-0297","sourceIndex":297,"category":"river","sourceName":"Niger"},"geometry":{"type":"MultiLineString","coordinates":[[[6.265799,4.991427],[6.223682,4.919132],[6.131182,4.844046],[6.077542,4.709868],[6.055372,4.419886],[6.07656,4.290643]],[[6.265799,4.991427],[6.270966,4.432107]],[[6.454831,5.3628],[6.373803,5.345695],[6.302334,5.316032],[6.240426,5.273813],[6.209678,5.235443],[6.210092,5.200975],[6.170301,5.163949],[6.090202,5.124416],[5.992172,5.130437],[5.876107,5.18201],[5.737562,5.191415],[5.475976,5.153846]],[[6.454831,5.3628],[6.393956,5.300969],[6.348584,5.256269],[6.330394,5.220819],[6.333495,5.195549],[6.357783,5.180382],[6.353649,5.153226],[6.320989,5.114107],[6.291844,5.094831],[6.266109,5.095452],[6.257427,5.060983],[6.265799,4.991427]],[[6.556944,5.542246],[6.60614,5.385615],[6.587485,5.301175],[6.522476,5.235314],[6.474365,5.156481],[6.443152,5.064704],[6.460516,5.002589],[6.526455,4.970136],[6.57255,4.907814],[6.598802,4.815624],[6.642933,4.729117],[6.708769,4.607471],[6.715177,4.500578],[6.710061,4.451641],[6.710061,4.424588],[6.715177,4.342423]],[[-10.732078,9.089911],[-10.664951,9.153757],[-10.621749,9.235044],[-10.580124,9.355114],[-10.583405,9.45286],[-10.655701,9.56598],[-10.642006,9.750387],[-10.684484,9.915054],[-10.778561,10.12145],[-10.815717,10.247747],[-10.79595,10.29392],[-10.746651,10.321799],[-10.667793,10.331411],[-10.633686,10.358593],[-10.644228,10.403267],[-10.613378,10.425617],[-10.541031,10.425617],[-10.480983,10.451533],[-10.433208,10.503364],[-10.363057,10.524009],[-10.270556,10.513467],[-10.21826,10.490936],[-10.198623,10.477552],[-10.17405,10.471609],[-10.151184,10.48241],[-10.053257,10.568683],[-9.970006,10.608397],[-9.901431,10.601524],[-9.86593,10.624778],[-9.848231,10.642477],[-9.801386,10.66245],[-9.658346,10.678367],[-9.535459,10.780634],[-9.432571,10.969253],[-9.343378,11.064803],[-9.267827,11.067283],[-9.198684,11.097101],[-9.135897,11.154332],[-9.116518,11.239469],[-9.140496,11.352486],[-9.088897,11.41858],[-8.961773,11.4377],[-8.851883,11.504931],[-8.759176,11.620247],[-8.650965,11.718872],[-8.5272,11.80083],[-8.432684,11.904881],[-8.367417,12.030997],[-8.281427,12.143652],[-8.174715,12.242793],[-8.098079,12.374723],[-8.051415,12.53939],[-7.96434,12.626516],[-7.836855,12.636051],[-7.666374,12.746664],[-7.452925,12.958331],[-7.279059,13.104007],[-7.077676,13.223534],[-6.949209,13.324768],[-6.787926,13.361769],[-6.550912,13.368228],[-6.367332,13.409053],[-6.237159,13.484294],[-6.146105,13.571988],[-6.094119,13.672241],[-6.021151,13.710326],[-5.902451,13.718698],[-5.785249,13.745234],[-5.595364,13.887111],[-5.435167,13.961732],[-5.304684,13.969173],[-5.214146,14.008138],[-5.163555,14.078624],[-4.996201,14.154666],[-4.712136,14.236289],[-4.548993,14.266365],[-4.48693,14.274323],[-4.41448,14.313313],[-4.200539,14.550714],[-4.116927,14.77176],[-4.042099,14.884828],[-3.948151,14.963609],[-3.920763,15.072569],[-3.979493,15.281186],[-3.954146,15.290281],[-3.913683,15.306766],[-3.85224,15.353585],[-3.820278,15.395236],[-3.817849,15.431746],[-3.853454,15.455801],[-3.927119,15.467428],[-3.922933,15.503524],[-3.795577,15.602872],[-3.786766,15.619719],[-3.860922,15.642146],[-3.849449,15.659665],[-3.811932,15.673566],[-3.748396,15.683798],[-3.71385,15.73196],[-3.708321,15.818053],[-3.681914,15.872236],[-3.634682,15.894456],[-3.597527,15.938872],[-3.570345,16.005457],[-3.503114,16.046669]],[[4.625692,9.864514],[4.644141,9.755167],[4.631118,9.669488],[4.592774,9.571018],[4.586418,9.472549],[4.612153,9.374002],[4.654373,9.3123],[4.71318,9.287444],[4.749612,9.243415],[4.763772,9.180319],[4.829607,9.160707],[4.94712,9.184659],[5.056829,9.149571],[5.158631,9.055417],[5.291646,8.988651],[5.455874,8.94917],[5.604082,8.882559],[5.802365,8.741844],[6.019871,8.754453],[6.158725,8.742464],[6.291327,8.710166],[6.384603,8.62844],[6.43845,8.497337],[6.521184,8.377241],[6.632701,8.268126],[6.715901,8.144361],[6.770678,8.005894],[6.776,7.793013],[6.709803,7.36198],[6.664379,6.973399],[6.659573,6.743],[6.690579,6.440357],[6.740912,6.202283],[6.707322,5.977542],[6.556324,5.541342],[6.495087,5.464266],[6.479843,5.421788],[6.490178,5.388147],[6.454831,5.3628]],[[-4.303918,15.507012],[-4.338257,15.620571],[-4.316966,15.682945],[-4.251544,15.73196],[-4.207567,15.792783],[-4.18514,15.865414],[-4.137856,15.892157],[-4.065715,15.873037],[-3.961226,15.924506],[-3.824438,16.046566],[-3.689356,16.112815],[-3.555953,16.123254],[-3.467457,16.161029]],[[-3.503114,16.046669],[-3.467457,16.161029]],[[-3.467457,16.161029],[-3.423894,16.226245],[-3.379142,16.261385],[-3.333305,16.266449],[-3.310413,16.291667],[-3.310464,16.337039],[-3.262767,16.385718],[-3.221839,16.408017]],[[-3.221839,16.408017],[-3.188973,16.300091],[-3.187216,16.252884],[-3.206026,16.225341],[-3.233802,16.20728],[-3.270518,16.198701],[-3.302196,16.163406],[-3.328784,16.101395],[-3.395756,16.062482],[-3.503114,16.046669]],[[-3.221839,16.408017],[-3.167217,16.437757],[-3.106394,16.511266],[-3.080194,16.606325],[-3.02751,16.650198],[-2.948264,16.64286],[-2.742902,16.690041],[-2.411346,16.79174],[-2.197406,16.837086],[-2.101029,16.826079],[-2.042893,16.835045],[-2.022946,16.863984],[-1.896597,16.91504],[-1.66395,16.988214],[-1.448459,17.035472],[-1.250177,17.056814],[-1.117885,17.047952],[-1.051532,17.008936],[-0.964509,16.9955],[-0.856816,17.007748],[-0.770361,16.992581],[-0.705145,16.950077],[-0.600552,16.937597],[-0.45653,16.955167],[-0.34602,16.872821],[-0.268996,16.690609],[-0.20285,16.577386],[-0.147712,16.533151],[-0.089395,16.425871],[0.002796,16.170254],[0.143511,15.983107],[0.259421,15.872106],[0.397423,15.774903],[0.471269,15.679147],[0.480881,15.584785],[0.54775,15.510449],[0.671877,15.456163],[0.738849,15.409706],[0.748668,15.371103],[0.727325,15.282582],[0.674926,15.144192],[0.657459,15.045852],[0.675029,14.987587],[0.722054,14.947718],[0.798536,14.926221],[0.854966,14.860721],[0.891346,14.751167],[0.964985,14.63027],[1.075883,14.497978],[1.208278,14.38119],[1.36217,14.279878],[1.463405,14.146165],[1.51198,13.980077],[1.581123,13.846933],[1.67073,13.746706],[1.811704,13.650537],[2.003837,13.558372],[2.124553,13.475689],[2.173852,13.402438],[2.235554,13.343424],[2.309658,13.29862],[2.354616,13.176044],[2.370326,12.975668],[2.415388,12.818184],[2.489699,12.703514],[2.520601,12.627343],[2.507992,12.589619],[2.515227,12.551947],[2.539773,12.528564],[2.57052,12.530114],[2.596669,12.551637],[2.615117,12.551637],[2.626279,12.531018],[2.653099,12.522337],[2.692012,12.530114],[2.71816,12.51934],[2.736453,12.467973],[2.767821,12.43211],[2.815053,12.419371],[2.843682,12.399424],[3.149555,12.118072],[3.267377,11.991878],[3.299106,11.927128],[3.35993,11.880464],[3.449847,11.851938],[3.531702,11.787446],[3.595419,11.696289],[3.69469,11.619963],[3.851373,11.569914],[4.022318,11.483976],[4.133112,11.390649],[4.240703,11.261303],[4.367517,11.169577],[4.513348,11.115498],[4.620111,11.044727],[4.687704,10.95729],[4.705171,10.836962],[4.656181,10.607208]]]}},{"type":"Feature","id":"ne50-river-0298","properties":{"scalerank":1,"featurecla":"River","name":"Nile","note":null,"min_zoom":2.0,"name_alt":null,"name_en":"Nile","min_label":3.0,"id":"ne50-river-0298","sourceIndex":298,"category":"river","sourceName":"Nile"},"geometry":{"type":"MultiLineString","coordinates":[[[32.490141,15.63455],[32.53541,16.040417],[32.628531,16.256476],[32.784594,16.41812],[32.928667,16.507959],[33.060649,16.525994],[33.164674,16.566173],[33.240638,16.628443],[33.358667,16.685881],[33.518761,16.738436],[33.634567,16.824503],[33.705984,16.944082],[33.731771,17.028883],[33.711824,17.078906],[33.714563,17.151331],[33.740091,17.246131],[33.810216,17.378888],[33.925041,17.549575],[33.951861,17.698507],[33.968811,17.792351],[33.941629,18.107267],[33.900391,18.278058],[33.845097,18.304723],[33.784429,18.363789],[33.71818,18.45523],[33.681903,18.554578],[33.675392,18.661859],[33.644954,18.723922],[33.590488,18.740769],[33.566768,18.847274],[33.573693,19.043386],[33.539069,19.173352],[33.462898,19.237198],[33.413496,19.307607],[33.379699,19.42313],[33.138267,19.502686],[33.017964,19.510773],[32.938486,19.473902],[32.838234,19.3829],[32.717207,19.237689],[32.619746,19.160691],[32.545642,19.151906],[32.46761,19.08297],[32.385445,18.953882],[32.306328,18.889933],[32.230157,18.891147],[32.153211,18.864999],[32.075593,18.811539],[32.039213,18.743404],[32.04407,18.660618],[32.004641,18.606255],[31.920822,18.58021],[31.799951,18.45244],[31.642028,18.222919],[31.474131,18.077243],[31.296261,18.015335],[31.145882,18.001744],[31.022996,18.03647],[30.910599,18.087113],[30.808693,18.153569],[30.743995,18.256974],[30.716503,18.397327],[30.673818,18.499026],[30.615837,18.561968],[30.561525,18.660205],[30.510779,18.793737],[30.486233,18.987989],[30.487886,19.243063],[30.457914,19.471112],[30.396419,19.672185],[30.349962,19.786389],[30.34774,19.821762],[30.369806,19.856928],[30.499772,19.914134],[30.575013,19.967283],[30.59434,20.015833],[30.599662,20.098128],[30.591084,20.214193],[30.570879,20.29101],[30.539149,20.328527],[30.48954,20.350954],[30.42205,20.358241],[30.365981,20.416945],[30.32123,20.527016],[30.31663,20.615796],[30.352287,20.683389],[30.362674,20.734755],[30.369754,20.774262],[30.397142,20.805009],[30.510417,20.840227],[30.576253,20.900275],[30.594753,20.985154],[30.631547,21.043832],[30.68684,21.076233],[30.709165,21.120623],[30.698623,21.176951],[30.763115,21.249065],[30.902745,21.336992],[30.969872,21.399133],[30.964601,21.435514],[30.994109,21.49259],[31.09064,21.609198]],[[32.879471,23.987683],[32.913061,24.328438],[32.912648,24.453986],[32.889393,24.477912],[32.891874,24.539562],[32.919882,24.638936],[32.920968,24.77022],[32.895026,24.933414],[32.870583,25.037464],[32.847639,25.082423],[32.767024,25.149473],[32.628737,25.238589],[32.540371,25.349822],[32.502027,25.483148],[32.492932,25.565365],[32.523214,25.612003],[32.704133,25.754268],[32.764026,25.87917],[32.763199,26.034173],[32.734364,26.128845],[32.677623,26.163261],[32.553393,26.142797],[32.361674,26.067427],[32.228658,26.076884],[32.154244,26.171168],[32.093938,26.189384],[32.04128,26.190004],[32.015235,26.200107],[31.996941,26.246719],[31.965522,26.297413],[31.871368,26.37467],[31.82026,26.445311],[31.812301,26.509287],[31.782174,26.541894],[31.729981,26.543083],[31.706468,26.564167],[31.711739,26.605095],[31.694686,26.631656],[31.655308,26.643749],[31.552627,26.761984],[31.369176,27.009902],[31.340651,27.057108],[31.303547,27.098553],[31.278432,27.122686],[31.244946,27.143641],[30.969304,27.35554],[30.868276,27.500311],[30.88905,27.618547],[30.883934,27.767659],[30.877475,27.901708],[30.863005,27.985217],[30.837426,28.037669],[30.80735,28.085418],[30.773967,28.119938],[30.744253,28.165465],[30.740015,28.229905],[30.762185,28.308557],[30.810864,28.401367],[30.83572,28.492499],[30.836857,28.581977],[30.857889,28.681609],[30.898714,28.791473],[30.994625,28.94304],[31.14552,29.136413],[31.219108,29.281986],[31.215387,29.379757],[31.236058,29.488691],[31.281016,29.608787],[31.286907,29.782601],[31.255385,29.998996],[31.253834,30.080154],[31.237608,30.120694]]]}},{"type":"Feature","id":"ne50-river-0308","properties":{"scalerank":6,"featurecla":"River","name":"Okavango","note":null,"min_zoom":5.0,"name_alt":null,"name_en":"Okavango","min_label":6.0,"id":"ne50-river-0308","sourceIndex":308,"category":"river","sourceName":"Okavango"},"geometry":{"type":"MultiLineString","coordinates":[[[24.738986,-21.264852],[24.689894,-21.184598],[24.596876,-21.117315],[24.443604,-21.036287],[24.366813,-20.943786],[24.366606,-20.839968],[24.399886,-20.705299],[24.466652,-20.53978],[24.49466,-20.440147],[24.483808,-20.406299],[24.453319,-20.390641],[24.403193,-20.393018],[24.322784,-20.345373],[24.212197,-20.247704],[24.098199,-20.228274],[23.98079,-20.287082],[23.881106,-20.281811],[23.799147,-20.212461],[23.69781,-20.160423],[23.57699,-20.125851],[23.45984,-20.119237],[23.404133,-20.11779],[23.370336,-20.103114],[23.368372,-20.079704],[23.391834,-20.047665],[23.545054,-19.885659],[23.59518,-19.735229],[23.578644,-19.682623]],[[23.354213,-19.555809],[23.434777,-19.622161],[23.578644,-19.682623]],[[23.528414,-19.522426],[23.578644,-19.682623]],[[23.237476,-19.338251],[23.354213,-19.555809]],[[23.237476,-19.338251],[23.29246,-19.387188],[23.369664,-19.405275],[23.437671,-19.44088],[23.525624,-19.52072]],[[22.527132,-18.942254],[22.54248,-19.072014],[22.634722,-19.200326],[22.770941,-19.367758],[22.891916,-19.473385],[22.997646,-19.517361],[23.123995,-19.544802],[23.354213,-19.555809]],[[22.527132,-18.942254],[22.580462,-19.040336],[22.662731,-19.082401],[22.773938,-19.068396],[22.893828,-19.078008],[23.022502,-19.111185],[23.128542,-19.190405],[23.212051,-19.315565],[23.237476,-19.338251]],[[21.503422,-18.060241],[21.637057,-18.096518],[21.737619,-18.185298],[21.849757,-18.338674],[21.937245,-18.41748],[22.000187,-18.421821],[22.087675,-18.517681],[22.199607,-18.705111],[22.316809,-18.822417],[22.439282,-18.869597],[22.527132,-18.942254]]]}},{"type":"Feature","id":"ne50-river-0311","properties":{"scalerank":6,"featurecla":"River","name":"Omo","note":null,"min_zoom":5.0,"name_alt":null,"name_en":"Omo","min_label":6.0,"id":"ne50-river-0311","sourceIndex":311,"category":"river","sourceName":"Omo"},"geometry":{"type":"LineString","coordinates":[[37.03188,9.151354],[37.030794,9.052368],[37.067071,8.997074],[37.140348,8.952503],[37.183705,8.907209],[37.203755,8.838246],[37.156781,8.741379],[37.149443,8.69208],[37.166083,8.658076],[37.410203,8.363986],[37.517741,8.261098],[37.57443,8.227741],[37.599597,8.112218],[37.589882,7.877401],[37.526836,7.648603],[37.410564,7.425826],[37.377181,7.286377],[37.426687,7.230205],[37.474643,7.202015],[37.520945,7.201783],[37.523736,7.183541],[37.482911,7.147264],[37.451699,7.071998],[37.430098,6.957715],[37.395992,6.892655],[37.349586,6.876816],[37.300029,6.820643],[37.247422,6.724164],[37.165256,6.65918],[37.053532,6.625746],[36.9832,6.632903],[36.954158,6.680704],[36.877677,6.706258],[36.753654,6.709513],[36.579401,6.634582],[36.354918,6.481413],[36.209449,6.414751],[36.142993,6.434595],[36.085064,6.418756],[36.035558,6.36726],[36.003829,6.305507],[35.982848,6.197503],[35.954839,6.172285],[35.96011,6.118722],[35.989152,6.028418],[35.978197,5.839902],[35.927141,5.553201],[35.912,5.390912],[35.932773,5.353059],[35.983985,5.344377],[36.06553,5.364841],[36.113486,5.410394],[36.127645,5.481035],[36.155137,5.500905],[36.195858,5.470002],[36.202421,5.417757],[36.174826,5.344196],[36.171415,5.285078],[36.192189,5.240404],[36.166609,5.207796],[36.094572,5.187332],[36.065582,5.164956],[36.079535,5.140772],[36.071835,5.113745],[36.042586,5.083928],[36.047547,5.042793],[36.086718,4.990393],[36.073902,4.913602],[36.0091,4.81242],[35.9937,4.706147],[36.044963,4.539026]]}},{"type":"Feature","id":"ne50-river-0312","properties":{"scalerank":4,"featurecla":"River","name":"Orange","note":null,"min_zoom":4.0,"name_alt":null,"name_en":"Orange","min_label":5.0,"id":"ne50-river-0312","sourceIndex":312,"category":"river","sourceName":"Orange"},"geometry":{"type":"MultiLineString","coordinates":[[[25.506071,-30.612136],[25.344117,-30.560357],[25.212084,-30.473127],[24.977835,-30.263062]],[[24.730822,-29.979203],[24.489389,-29.818283],[24.391824,-29.735704],[24.357718,-29.678033],[24.296016,-29.643307],[24.206719,-29.631731],[24.102746,-29.585791],[23.9842,-29.505537],[23.923429,-29.441252],[23.920432,-29.392883],[23.882088,-29.347097],[23.808397,-29.303689],[23.735533,-29.229998],[23.62753,-29.074039],[23.576783,-29.165506],[23.539163,-29.204729],[23.497925,-29.222092],[23.451933,-29.21894],[23.411522,-29.203023],[23.376434,-29.211395],[23.34796,-29.245295],[23.280057,-29.287979],[23.163062,-29.332214],[23.0995,-29.370145],[23.087511,-29.390092],[23.055782,-29.411796],[23.014441,-29.430503],[23.002348,-29.486107],[22.980541,-29.511842],[22.923593,-29.522435],[22.892122,-29.528688],[22.870418,-29.53706],[22.852177,-29.55804],[22.863442,-29.62429],[22.850109,-29.661187],[22.812282,-29.668835],[22.741486,-29.612714],[22.637719,-29.49267],[22.507185,-29.402701],[22.349882,-29.342756],[22.266476,-29.267619],[22.257071,-29.17734],[22.208857,-29.060862],[22.121937,-28.918183],[22.056359,-28.853587],[22.012228,-28.867127],[21.962825,-28.857721],[21.908151,-28.825475],[21.835494,-28.721037],[21.744647,-28.544459],[21.661552,-28.440073],[21.586001,-28.407826],[21.486265,-28.400333],[21.362138,-28.41749],[21.235634,-28.493713],[21.10665,-28.62895],[20.970328,-28.713854],[20.82677,-28.748477],[20.704039,-28.75964],[20.602236,-28.747444],[20.484983,-28.692047],[20.352381,-28.593448],[20.209754,-28.51366],[20.057308,-28.452682],[19.877836,-28.449426],[19.67144,-28.503893],[19.539821,-28.574638],[19.482873,-28.661661],[19.407219,-28.714474],[19.312651,-28.733285],[19.271,-28.777726],[19.282265,-28.847955],[19.245782,-28.901646],[19.161756,-28.93875],[19.026054,-28.92795],[18.838778,-28.869142],[18.600343,-28.855241],[18.310852,-28.886247],[18.102699,-28.871674],[17.976092,-28.811316],[17.84163,-28.7769],[17.699313,-28.768321],[17.616786,-28.743103],[17.447959,-28.698145],[17.415713,-28.621043],[17.395869,-28.562649],[17.34781,-28.501154],[17.34259,-28.451648],[17.380314,-28.413924],[17.385689,-28.353204],[17.358713,-28.269437],[17.31205,-28.228613],[17.2458,-28.230886],[17.204563,-28.198847],[17.18844,-28.132494],[17.149372,-28.082265],[17.056251,-28.031002],[16.933313,-28.069656],[16.87528,-28.127947],[16.841174,-28.218897],[16.810116,-28.264579],[16.794562,-28.340854],[16.787482,-28.394701],[16.755753,-28.452165],[16.723042,-28.475523],[16.689452,-28.464981],[16.6262,-28.487925],[16.487087,-28.572881],[16.447555,-28.617529]],[[29.057483,-29.081842],[29.016865,-29.217544],[28.958212,-29.276559],[28.867985,-29.304102],[28.808764,-29.358673],[28.766441,-29.480939],[28.721482,-29.549772],[28.725048,-29.585842],[28.762152,-29.611887],[28.768611,-29.64279],[28.744427,-29.678447],[28.745977,-29.731622],[28.773159,-29.80216],[28.753315,-29.850736],[28.686446,-29.877194],[28.666499,-29.909544],[28.693474,-29.947887],[28.686239,-29.983906],[28.644588,-30.017702],[28.567332,-30.037959],[28.454367,-30.044729],[28.373597,-30.032223],[28.324917,-30.000597],[28.208904,-30.006075],[28.025453,-30.04876],[27.924528,-30.101263],[27.906132,-30.163688],[27.876469,-30.213091],[27.835438,-30.249678],[27.791513,-30.264251],[27.744488,-30.256809],[27.713224,-30.281717],[27.697617,-30.338975],[27.656741,-30.373598],[27.590699,-30.385587],[27.50967,-30.371376],[27.431432,-30.33851],[27.408591,-30.325332],[27.389574,-30.326159],[27.387559,-30.335151],[27.388747,-30.352617],[27.377172,-30.372461],[27.344977,-30.386052],[27.338311,-30.402227],[27.337484,-30.416283],[27.334177,-30.427031],[27.309992,-30.430545],[27.295265,-30.444601],[27.282914,-30.475814],[27.22576,-30.499482],[27.081996,-30.521806],[27.041482,-30.541133],[27.027529,-30.572966],[26.987945,-30.609036],[26.897304,-30.654304],[26.795915,-30.677714],[26.683777,-30.679161],[26.581148,-30.64986],[26.487924,-30.589709],[26.401004,-30.564594],[26.320285,-30.574309],[26.246543,-30.555706],[26.179674,-30.508732],[26.102624,-30.500257],[25.971779,-30.545422]]]}},{"type":"Feature","id":"ne50-river-0316","properties":{"scalerank":6,"featurecla":"River","name":"Ouham","note":null,"min_zoom":5.0,"name_alt":null,"name_en":"Ouham","min_label":6.0,"id":"ne50-river-0316","sourceIndex":316,"category":"river","sourceName":"Ouham"},"geometry":{"type":"LineString","coordinates":[[15.32261,6.461906],[15.398471,6.34181],[15.496243,6.324679],[15.713698,6.393331],[15.789817,6.460872],[15.846144,6.485599],[15.908053,6.490095],[15.959677,6.437385],[16.000915,6.327521],[16.075071,6.269747],[16.182041,6.264062],[16.276351,6.301786],[16.358103,6.382867],[16.403888,6.448056],[16.413706,6.49733],[16.47391,6.560272],[16.584394,6.63696],[16.66289,6.670756],[16.709296,6.661713],[16.774046,6.609287],[16.857039,6.513505],[16.932848,6.472318],[17.001474,6.485651],[17.081986,6.475109],[17.174487,6.440641],[17.280734,6.448082],[17.400933,6.497433],[17.508937,6.519757],[17.604745,6.515107],[17.708718,6.558411],[17.820649,6.649594],[17.900282,6.772145],[17.947515,6.926089],[18.001568,7.022776],[18.062443,7.062308],[18.1274,7.139487],[18.196543,7.254364],[18.249098,7.312526],[18.285168,7.314024],[18.275453,7.362135],[18.219953,7.456909],[18.145177,7.489569],[18.051229,7.460113],[17.984412,7.469415],[17.944828,7.517474],[17.877441,7.548118],[17.782253,7.561348],[17.749129,7.61137],[17.777964,7.698161],[17.767732,7.825931],[17.71833,7.994706],[17.698796,8.127463],[17.709131,8.224201],[17.770109,8.368508],[17.881627,8.560382],[17.944931,8.744066],[17.959917,8.919611],[17.991595,9.010768],[18.040067,9.017589],[18.097531,9.05614],[18.164091,9.12642],[18.206775,9.200162],[18.234887,9.31584]]}},{"type":"Feature","id":"ne50-river-0342","properties":{"scalerank":1,"featurecla":"River","name":"Rosetta Branch","note":null,"min_zoom":2.0,"name_alt":null,"name_en":"Rosetta Branch","min_label":3.0,"id":"ne50-river-0342","sourceIndex":342,"category":"river","sourceName":"Rosetta Branch"},"geometry":{"type":"LineString","coordinates":[[31.237608,30.120694],[31.211821,30.139349],[31.163297,30.151261],[31.052503,30.192395],[30.972456,30.245441],[30.935352,30.305877],[30.89582,30.335487],[30.854789,30.354375],[30.858096,30.384141],[30.848174,30.470673],[30.785956,30.666449],[30.770195,30.780034],[30.785336,30.810781],[30.772107,30.843854],[30.762081,30.866127],[30.763012,30.944365],[30.747354,31.010614],[30.715211,31.064874],[30.655628,31.118101],[30.568708,31.170242],[30.52344,31.229257],[30.519822,31.295093],[30.488196,31.356846],[30.395075,31.457615]]}},{"type":"Feature","id":"ne50-river-0343","properties":{"scalerank":6,"featurecla":"River","name":"Ruki","note":null,"min_zoom":5.0,"name_alt":null,"name_en":"Ruki","min_label":6.0,"id":"ne50-river-0343","sourceIndex":343,"category":"river","sourceName":"Ruki"},"geometry":{"type":"LineString","coordinates":[[18.951226,-0.219159],[18.804103,-0.121181],[18.661528,-0.069401],[18.474563,-0.031264],[18.360151,0.012454],[18.318293,0.061805],[18.271681,0.082218],[18.184348,0.063097]]}},{"type":"Feature","id":"ne50-river-0345","properties":{"scalerank":6,"featurecla":"River","name":"Ruvuma","note":null,"min_zoom":5.0,"name_alt":null,"name_en":"Ruvuma","min_label":6.0,"id":"ne50-river-0345","sourceIndex":345,"category":"river","sourceName":"Ruvuma"},"geometry":{"type":"LineString","coordinates":[[35.599305,-10.806885],[35.358183,-10.711956],[35.259895,-10.695523],[35.224238,-10.725908],[35.204498,-10.775518],[35.198916,-10.878871],[35.368363,-11.406125],[35.451408,-11.589525],[35.504428,-11.604821],[35.564321,-11.602341],[35.630983,-11.58198],[35.704725,-11.532164],[35.785444,-11.452944],[35.911328,-11.454649],[36.08217,-11.537332],[36.175498,-11.609265],[36.191311,-11.670657],[36.305671,-11.706314],[36.518681,-11.716235],[36.673814,-11.684299],[36.771069,-11.610402],[36.872716,-11.571283],[36.978859,-11.566942],[37.059165,-11.592212],[37.113838,-11.647144],[37.21838,-11.686521],[37.372892,-11.710448],[37.541719,-11.675101],[37.72486,-11.580636],[37.829299,-11.481935],[37.855033,-11.379098],[37.885367,-11.316673],[37.920197,-11.294762],[38.017297,-11.282102],[38.176564,-11.278691],[38.315109,-11.311092],[38.491739,-11.413308],[38.794769,-11.228927],[38.987522,-11.167277],[39.170974,-11.166863],[39.321559,-11.122577],[39.439174,-11.03452],[39.563456,-10.978554],[39.694404,-10.954783],[39.817084,-10.912357],[39.988702,-10.820838],[40.463556,-10.464322]]}},{"type":"Feature","id":"ne50-river-0354","properties":{"scalerank":6,"featurecla":"River","name":"Sanaga","note":null,"min_zoom":5.0,"name_alt":null,"name_en":"Sanaga","min_label":6.0,"id":"ne50-river-0354","sourceIndex":354,"category":"river","sourceName":"Sanaga"},"geometry":{"type":"LineString","coordinates":[[13.126052,4.933472],[12.99407,4.983908],[12.900639,4.993442],[12.711969,4.959749],[12.63125,4.93603],[12.548206,4.876912],[12.46294,4.782499],[12.385219,4.732605],[12.280005,4.724596],[12.130557,4.575173],[12.0579,4.544426],[12.012321,4.582511],[11.907108,4.542204],[11.74226,4.423451],[11.595913,4.399163],[11.467962,4.469262],[11.295776,4.411979],[11.079252,4.227288],[10.85942,4.107708],[10.636075,4.053241],[10.502491,4.046575],[10.458566,4.087709],[10.392265,4.045231],[10.303692,3.919244],[10.235066,3.859196],[10.18649,3.865087],[10.116003,3.813127],[10.023502,3.703263],[9.937874,3.643189],[9.819587,3.627841],[9.76574,3.62381]]}},{"type":"Feature","id":"ne50-river-0355","properties":{"scalerank":6,"featurecla":"River","name":"Sangha","note":null,"min_zoom":5.0,"name_alt":null,"name_en":"Sangha","min_label":6.0,"id":"ne50-river-0355","sourceIndex":355,"category":"river","sourceName":"Sangha"},"geometry":{"type":"LineString","coordinates":[[16.097653,1.653698],[16.090109,1.616672],[16.150105,1.487403],[16.211755,1.425908],[16.281208,1.418983],[16.356656,1.366222],[16.437994,1.267572],[16.501453,1.221063],[16.55406,1.184062],[16.601189,1.058282],[16.664441,0.715771],[16.729656,0.523844],[16.796732,0.4824],[16.859674,0.474648],[16.904633,0.456458],[16.923339,0.43062],[16.964164,0.410156],[16.991397,0.407986],[17.035684,0.393723],[17.073511,0.362045],[17.095835,0.316105],[17.102657,0.255954],[17.13082,0.220917],[17.180326,0.210892],[17.190197,0.168827],[17.160534,0.094723],[17.15609,0.0],[17.176864,-0.115186],[17.174177,-0.214405],[17.148029,-0.297553],[17.146117,-0.346077],[17.168544,-0.359926],[17.172782,-0.391139],[17.158829,-0.439508],[17.170146,-0.470875],[17.206733,-0.485138],[17.228954,-0.555573],[17.236912,-0.682077],[17.227559,-0.74352],[17.180585,-0.772511],[17.166425,-0.841602],[17.102967,-0.920305],[16.990312,-1.008569],[16.912642,-1.102413],[16.84908,-1.27248]]}},{"type":"Feature","id":"ne50-river-0358","properties":{"scalerank":6,"featurecla":"River","name":"Sassandra","note":null,"min_zoom":5.0,"name_alt":null,"name_en":"Sassandra","min_label":6.0,"id":"ne50-river-0358","sourceIndex":358,"category":"river","sourceName":"Sassandra"},"geometry":{"type":"MultiLineString","coordinates":[[[-7.007655,6.263907],[-6.953291,6.185256],[-6.775731,6.053765],[-6.70111,5.973279],[-6.731031,5.94496],[-6.733459,5.902327],[-6.708293,5.845277],[-6.67615,5.810111],[-6.63698,5.796804],[-6.592434,5.736188],[-6.542515,5.628287],[-6.481433,5.538319],[-6.372939,5.430315],[-6.273849,5.319676],[-6.232327,5.225624],[-6.215403,5.111239],[-6.171323,5.029874],[-6.061717,4.952825]],[[-7.236323,8.945294],[-7.200924,8.827524],[-7.199374,8.747115],[-7.21989,8.664898],[-7.200795,8.548522],[-7.142143,8.397989],[-7.102584,8.171905],[-7.071837,7.719426],[-7.064292,7.643306],[-7.042123,7.610724],[-7.002745,7.596281],[-6.988844,7.553183],[-7.000317,7.481352],[-7.025922,7.425594],[-7.065661,7.385803],[-7.074731,7.284879],[-7.042329,7.041793]],[[-7.167438,9.713697],[-7.214464,9.605228],[-7.230122,9.510893],[-7.230122,9.33633],[-7.204077,9.192928],[-7.211673,9.126213],[-7.244307,9.088283],[-7.254565,9.040017],[-7.236323,8.952115]]]}},{"type":"Feature","id":"ne50-river-0362","properties":{"scalerank":6,"featurecla":"River","name":"Semliki","note":null,"min_zoom":5.0,"name_alt":null,"name_en":"Semliki","min_label":6.0,"id":"ne50-river-0362","sourceIndex":362,"category":"river","sourceName":"Semliki"},"geometry":{"type":"MultiLineString","coordinates":[[[29.83821,-1.200392],[29.781986,-1.141274],[29.696823,-1.148922],[29.563808,-1.203544],[29.475855,-1.220287],[29.432963,-1.199048],[29.396738,-1.15812],[29.367283,-1.097555],[29.377463,-0.952138],[29.452187,-0.606939]],[[29.597191,-0.134152],[29.638222,0.113017],[29.613624,0.233526],[29.537143,0.309645],[29.533888,0.386385],[29.603857,0.463693],[29.660753,0.558674],[29.704678,0.671277],[29.833508,0.772873],[30.047345,0.863513],[30.182892,0.973481],[30.240149,1.102775],[30.321075,1.185303],[30.477861,1.238839]]]}},{"type":"Feature","id":"ne50-river-0363","properties":{"scalerank":6,"featurecla":"River","name":"Setit","note":null,"min_zoom":5.0,"name_alt":null,"name_en":"Setit","min_label":6.0,"id":"ne50-river-0363","sourceIndex":363,"category":"river","sourceName":"Setit"},"geometry":{"type":"LineString","coordinates":[[37.816638,13.875329],[37.699591,13.909978],[37.629259,13.970414],[37.535208,14.117046],[37.35372,14.372482],[37.25724,14.453743],[37.185203,14.445992],[37.132649,14.406072],[37.099472,14.333957],[37.063505,14.289257],[37.024541,14.271997],[36.940722,14.280576],[36.811945,14.315018],[36.679136,14.307577],[36.5424,14.258226],[36.427472,14.24957],[36.334454,14.281609],[36.220249,14.279129],[36.084961,14.242128],[35.976543,14.257709],[35.894998,14.325896],[35.864561,14.424908],[35.895411,14.619625]]}},{"type":"Feature","id":"ne50-river-0364","properties":{"scalerank":3,"featurecla":"River","name":"Shatt al Arab","note":null,"min_zoom":3.0,"name_alt":null,"name_en":"Shatt al Arab","min_label":4.0,"id":"ne50-river-0364","sourceIndex":364,"category":"river","sourceName":"Shatt al Arab"},"geometry":{"type":"LineString","coordinates":[[47.468452,30.968472],[47.581778,30.830754],[47.646839,30.774608],[47.701512,30.754092],[47.735516,30.704224],[47.748951,30.624953],[47.785332,30.560874],[47.844656,30.511988],[47.938294,30.477623],[48.066141,30.457676],[48.147532,30.416826],[48.182362,30.355021],[48.226132,30.321354],[48.278945,30.315798],[48.331035,30.285439],[48.382608,30.230196],[48.401418,30.188339],[48.387569,30.159865],[48.398628,30.109609],[48.434594,30.037624],[48.478519,30.003802],[48.546526,29.962357]]}},{"type":"Feature","id":"ne50-river-0366","properties":{"scalerank":3,"featurecla":"River","name":"Shire","note":null,"min_zoom":3.0,"name_alt":null,"name_en":"Shire","min_label":4.0,"id":"ne50-river-0366","sourceIndex":366,"category":"river","sourceName":"Shire"},"geometry":{"type":"MultiLineString","coordinates":[[[35.277775,-14.757549],[35.293381,-14.920588],[35.250748,-15.056807],[35.107346,-15.302632],[34.960068,-15.37193],[34.874492,-15.44469],[34.801525,-15.54396],[34.757806,-15.624007],[34.743337,-15.684779],[34.750882,-15.784101],[34.795324,-15.990858],[34.889478,-16.130075],[34.925238,-16.225211],[34.93392,-16.322621],[34.975158,-16.392281],[35.049055,-16.434087],[35.133908,-16.516459],[35.229819,-16.639242],[35.281185,-16.807811],[35.291417,-17.129238],[35.291211,-17.705482]],[[35.257311,-14.504334],[35.236227,-14.401291]]]}},{"type":"Feature","id":"ne50-river-0378","properties":{"scalerank":6,"featurecla":"River","name":"Suez Canal","note":null,"min_zoom":5.0,"name_alt":null,"name_en":"Suez Canal","min_label":6.0,"id":"ne50-river-0378","sourceIndex":378,"category":"river","sourceName":"Suez Canal"},"geometry":{"type":"MultiLineString","coordinates":[[[32.560835,30.181517],[32.565692,29.973959]],[[32.359813,30.423595],[32.303486,30.593043],[32.334182,30.688696],[32.336766,30.858608],[32.323536,31.256077]]]}},{"type":"Feature","id":"ne50-river-0386","properties":{"scalerank":4,"featurecla":"River","name":"Sénégal","note":null,"min_zoom":4.0,"name_alt":null,"name_en":"Sénégal","min_label":5.0,"id":"ne50-river-0386","sourceIndex":386,"category":"river","sourceName":"Sénégal"},"geometry":{"type":"LineString","coordinates":[[-10.89243,13.777867],[-10.914005,13.78934],[-10.952065,13.801406],[-11.011235,13.855589],[-11.062187,13.972274],[-11.12947,14.04506],[-11.213083,14.073999],[-11.245639,14.104876],[-11.227242,14.13769],[-11.229516,14.191796],[-11.252512,14.267243],[-11.299589,14.342639],[-11.370799,14.418061],[-11.476839,14.489503],[-11.617709,14.556993],[-11.73964,14.597843],[-11.842631,14.612002],[-11.935829,14.646703],[-12.060938,14.729489],[-12.302525,14.817003],[-12.408669,14.889014],[-12.45988,14.974642],[-12.543544,15.039005],[-12.659635,15.082077],[-12.735238,15.131273],[-12.770326,15.18667],[-12.813166,15.223541],[-12.858512,15.242532],[-12.862646,15.262376],[-12.851897,15.289661],[-12.862724,15.340408],[-12.930859,15.453011],[-12.994318,15.504894],[-13.048526,15.496625],[-13.079274,15.510423],[-13.097903,15.535279],[-13.105293,15.571763],[-13.142371,15.603337],[-13.206449,15.616877],[-13.257997,15.700386],[-13.297012,15.853865],[-13.347552,15.973496],[-13.409641,16.059175],[-13.454083,16.091137],[-13.486949,16.097002],[-13.498163,16.110309],[-13.506999,16.135217],[-13.555524,16.144054],[-13.623556,16.118293],[-13.684689,16.126923],[-13.71492,16.168781],[-13.756648,16.172502],[-13.809798,16.138033],[-13.868476,16.148162],[-13.932607,16.202861],[-13.96816,16.257199],[-13.975033,16.311149],[-14.085672,16.418843],[-14.300078,16.58028],[-14.533733,16.65596],[-14.786689,16.645883],[-14.928618,16.653532],[-14.959521,16.678905],[-14.990604,16.676889],[-15.02192,16.647485],[-15.055225,16.640974],[-15.090572,16.657381],[-15.112638,16.644927],[-15.121423,16.603586],[-15.210565,16.582606],[-15.37996,16.581986],[-15.516696,16.556612],[-15.620772,16.50659],[-15.768205,16.485092],[-15.958995,16.49212],[-16.074026,16.510465],[-16.1133,16.540128],[-16.168336,16.547052],[-16.239029,16.531291],[-16.302307,16.451322],[-16.358117,16.30717],[-16.404342,16.224901],[-16.441032,16.204541],[-16.4801,16.097209],[-16.502062,15.917323],[-16.535238,15.838362]]}},{"type":"Feature","id":"ne50-river-0398","properties":{"scalerank":4,"featurecla":"River","name":"Tigris","note":null,"min_zoom":4.0,"name_alt":null,"name_en":"Tigris","min_label":5.0,"id":"ne50-river-0398","sourceIndex":398,"category":"river","sourceName":"Tigris"},"geometry":{"type":"LineString","coordinates":[[42.376566,37.062493],[42.433617,36.989784],[42.46638,36.967434],[42.489169,36.959579],[42.509323,36.940665],[42.51294,36.875837],[42.558674,36.832481],[42.713083,36.784783],[42.758558,36.755173],[42.774475,36.733159],[42.760832,36.718741],[42.85757,36.707527],[42.895191,36.691301],[42.901289,36.661561],[42.886096,36.6458],[42.849509,36.643991],[42.811165,36.60867],[42.771167,36.539837],[42.844341,36.478497],[43.030686,36.42465],[43.168663,36.333648],[43.258269,36.205439],[43.317491,36.076196],[43.346326,35.945868],[43.343226,35.857812],[43.307982,35.812026],[43.29744,35.765414],[43.3116,35.717975],[43.299301,35.681879],[43.260647,35.657074],[43.248348,35.586407],[43.262404,35.469825],[43.348031,35.31632],[43.505231,35.125867],[43.568431,35.006184],[43.537529,34.957221],[43.584038,34.832009],[43.707854,34.630496],[43.784646,34.453091],[43.814515,34.299715],[43.854202,34.193727],[43.903811,34.135074],[43.960345,34.098074],[44.05543,34.075104],[44.23237,34.050015],[44.32854,34.019009],[44.402851,33.973715],[44.427345,33.909197],[44.402024,33.825481],[44.398458,33.768895],[44.416752,33.73944],[44.400009,33.696858],[44.348436,33.641254],[44.318256,33.585857],[44.309678,33.530667],[44.323941,33.451033],[44.361045,33.346854],[44.396701,33.293369],[44.430808,33.290578],[44.480004,33.235078],[44.544289,33.126971],[44.674617,33.023695],[44.870988,32.925226],[44.980955,32.887192],[45.026585,32.891248],[45.041365,32.879156],[45.041365,32.856341],[45.044465,32.832286],[45.079502,32.803476],[45.139602,32.785389],[45.224764,32.778],[45.260214,32.751619],[45.258664,32.713662],[45.298403,32.663485],[45.383669,32.60354],[45.522007,32.555739],[45.809122,32.502202],[46.029883,32.618681],[46.136595,32.63222],[46.201397,32.587546],[46.343611,32.54158],[46.563236,32.494348],[46.692168,32.442568],[46.730409,32.386344],[46.735163,32.32149],[46.706328,32.248058],[46.698886,32.190697],[46.712632,32.149433],[46.755369,32.112123],[46.826992,32.078766],[46.888487,32.013886],[46.939854,31.917458],[47.00786,31.8679],[47.092506,31.865213],[47.138549,31.825758],[47.146094,31.749484],[47.220818,31.62732],[47.362929,31.459165],[47.433932,31.286049],[47.441322,30.99909]]}},{"type":"Feature","id":"ne50-river-0406","properties":{"scalerank":6,"featurecla":"River","name":"Tshuapa","note":null,"min_zoom":5.0,"name_alt":null,"name_en":"Tshuapa","min_label":6.0,"id":"ne50-river-0406","sourceIndex":406,"category":"river","sourceName":"Tshuapa"},"geometry":{"type":"LineString","coordinates":[[24.594499,-3.176757],[24.617237,-2.994546],[24.582924,-2.902096],[24.499208,-2.838534],[24.44009,-2.769081],[24.388414,-2.656013],[24.368983,-2.477316],[24.27085,-2.309161],[24.087605,-2.091965],[23.970816,-1.828467],[23.920483,-1.518512],[23.847723,-1.40224],[23.769123,-1.36126],[23.707577,-1.33134],[23.668613,-1.273049],[23.488107,-1.211347],[23.165956,-1.146183],[22.960232,-1.063914],[22.870832,-0.964644],[22.7712,-0.904906],[22.661335,-0.8847],[22.556897,-0.850542],[22.457885,-0.802483],[22.397269,-0.754114],[22.375048,-0.705641],[22.273194,-0.650658],[22.000962,-0.558674],[21.784645,-0.486327],[21.683049,-0.437751],[21.624034,-0.388658],[21.574838,-0.370933],[21.535358,-0.384421],[21.474741,-0.366644],[21.392989,-0.3175],[21.302814,-0.295486],[21.204112,-0.300498],[21.127321,-0.284892],[21.072234,-0.248512],[21.029394,-0.261069],[21.008775,-0.249132],[20.977769,-0.204742],[20.936014,-0.191151],[20.876535,-0.197042],[20.821448,-0.222467],[20.796023,-0.269027],[20.7537,-0.281585]]}},{"type":"Feature","id":"ne50-river-0410","properties":{"scalerank":3,"featurecla":"River","name":"Ubangi","note":null,"min_zoom":3.0,"name_alt":null,"name_en":"Ubangi","min_label":4.0,"id":"ne50-river-0410","sourceIndex":410,"category":"river","sourceName":"Ubangi"},"geometry":{"type":"LineString","coordinates":[[18.596726,3.67869],[18.622151,3.304036],[18.490944,2.924395],[18.211581,2.414918],[18.07221,2.013262],[18.07283,1.719379],[18.057792,1.534868],[18.011748,1.42211],[17.902453,1.118072],[17.885761,0.856899],[17.925242,0.53728],[17.887725,0.234146],[17.773107,-0.0524],[17.724117,-0.277554],[17.75285,-0.549062]]}},{"type":"Feature","id":"ne50-river-0412","properties":{"scalerank":3,"featurecla":"River","name":"Uele","note":null,"min_zoom":3.0,"name_alt":null,"name_en":"Uele","min_label":4.0,"id":"ne50-river-0412","sourceIndex":412,"category":"river","sourceName":"Uele"},"geometry":{"type":"LineString","coordinates":[[28.585987,3.595801],[28.429562,3.647426],[28.348275,3.65032],[28.290088,3.621691],[28.238618,3.636523],[28.194073,3.694762],[28.141259,3.729333],[28.080178,3.740237],[27.978272,3.720316],[27.835335,3.669647],[27.695912,3.643912],[27.560003,3.643085],[27.431122,3.696209],[27.309476,3.803282],[27.227517,3.851083],[27.185245,3.839637],[27.169536,3.788761],[27.180284,3.698431],[27.153361,3.61673],[27.088765,3.543557],[27.040035,3.516504],[27.007168,3.535598],[26.953528,3.535082],[26.879218,3.515005],[26.833484,3.583632],[26.816431,3.740961],[26.785115,3.863795],[26.739536,3.952136],[26.696593,4.001617],[26.656285,4.01221],[26.560994,3.95441],[26.335478,3.765016],[26.234502,3.679802],[26.156678,3.668639],[26.068414,3.703133],[25.988213,3.715329],[25.916176,3.705278],[25.858763,3.656521],[25.816078,3.569136],[25.76187,3.542626],[25.696241,3.577043],[25.618933,3.575906],[25.530049,3.539216],[25.427937,3.524204],[25.312698,3.530922],[25.225882,3.506195],[25.167487,3.450074],[25.102478,3.415296],[25.030648,3.401808],[24.979437,3.41744],[24.948741,3.462115],[24.838567,3.481932],[24.648914,3.476868],[24.461484,3.533118],[24.276172,3.650734],[24.081249,3.70918],[23.87661,3.708456],[23.733156,3.744888],[23.650784,3.818398],[23.544899,3.844727],[23.415398,3.82385],[23.300211,3.835632],[23.199339,3.879996],[23.04927,3.885138],[22.850006,3.85098],[22.668312,3.909167],[22.422125,4.134942],[21.908151,4.253901],[21.686976,4.281393],[21.537631,4.244806],[21.350201,4.311365],[21.268397,4.323096],[21.229743,4.302218],[21.125564,4.332191],[20.955755,4.413116],[20.792974,4.4473],[20.647453,4.435621],[20.558105,4.462699],[20.486481,4.541532],[20.393515,4.686174],[20.226342,4.829628],[20.002376,4.944711],[19.862488,5.031295],[19.806574,5.089328],[19.686065,5.121393],[19.50096,5.127491],[19.3234,5.07075],[19.068532,4.891407],[18.83175,4.523445],[18.699924,4.382601],[18.594194,4.346221],[18.567477,4.25757],[18.619877,4.116622],[18.633726,3.954281],[18.596726,3.67869]]}},{"type":"Feature","id":"ne50-river-0416","properties":{"scalerank":4,"featurecla":"River","name":"Vaal","note":null,"min_zoom":4.0,"name_alt":null,"name_en":"Vaal","min_label":5.0,"id":"ne50-river-0416","sourceIndex":416,"category":"river","sourceName":"Vaal"},"geometry":{"type":"MultiLineString","coordinates":[[[25.622343,-27.668492],[25.365512,-27.757789],[25.223246,-27.855199],[25.109868,-27.990591],[24.990237,-28.069759],[24.864353,-28.0926],[24.774075,-28.148617],[24.719401,-28.237811],[24.694235,-28.335945],[24.698575,-28.443173],[24.676251,-28.495883],[24.630569,-28.502911],[24.6053,-28.5303],[24.601114,-28.561874],[24.58158,-28.581201],[24.55476,-28.563993],[24.516468,-28.554071],[24.468357,-28.572416],[24.424122,-28.555569],[24.401746,-28.509112],[24.359268,-28.46312],[24.29736,-28.431908],[24.215814,-28.473249],[24.114735,-28.587144],[24.040011,-28.723466],[23.991745,-28.882216],[23.882708,-28.989393],[23.628047,-29.073109]],[[28.123689,-26.866577],[27.999873,-26.716612],[27.908974,-26.694443],[27.809652,-26.750046],[27.715549,-26.767823],[27.626769,-26.747773],[27.556799,-26.771751],[27.505639,-26.839963],[27.43691,-26.871176],[27.350507,-26.865388],[27.275576,-26.886989],[27.21222,-26.935978],[27.118479,-26.936598],[26.994456,-26.888849],[26.9434,-26.8904],[26.921437,-26.932774],[26.886711,-26.948484],[26.824596,-26.934841],[26.697885,-26.990239],[26.506579,-27.114675],[26.449528,-27.177049],[26.449683,-27.216788],[26.467046,-27.234668],[26.476813,-27.278645],[26.458933,-27.328202],[26.465754,-27.362412],[26.431855,-27.397552],[26.333411,-27.407164],[26.227888,-27.460339],[26.090842,-27.603483]],[[30.134729,-26.383402],[30.20966,-26.47859],[30.188266,-26.559981],[30.04905,-26.708912],[29.83945,-26.811128],[29.697133,-26.845441],[29.552336,-26.845855],[29.473478,-26.867197],[29.460662,-26.909365],[29.414877,-26.923886],[29.336019,-26.91076],[29.269356,-26.932774],[29.214786,-26.989825],[29.156185,-27.024758],[29.103578,-27.042018],[29.062237,-27.044085],[28.991853,-27.006723],[28.933459,-27.005535],[28.859458,-27.027962],[28.779773,-27.018351],[28.694301,-26.976699],[28.665362,-26.975872],[28.65606,-26.993442],[28.626811,-27.019074],[28.565316,-27.045326],[28.530745,-27.042949],[28.523562,-27.014423],[28.495553,-26.990032]]]}},{"type":"Feature","id":"ne50-river-0419","properties":{"scalerank":1,"featurecla":"River","name":"Victoria Nile","note":null,"min_zoom":2.0,"name_alt":null,"name_en":"Victoria Nile","min_label":3.0,"id":"ne50-river-0419","sourceIndex":419,"category":"river","sourceName":"Victoria Nile"},"geometry":{"type":"MultiLineString","coordinates":[[[32.893114,1.311445],[33.011246,0.809408],[33.084782,0.588543],[33.187256,0.428191]],[[32.475362,1.551637],[32.544712,1.521845]],[[31.365765,2.192864],[31.387366,2.200228],[31.750651,2.323631],[31.948366,2.333295],[32.087272,2.265495],[32.186697,2.235988],[32.246642,2.244773],[32.295321,2.199427],[32.332631,2.100001],[32.348858,2.004684],[32.344,1.913527],[32.282195,1.829837],[32.163546,1.753614],[32.104222,1.698605],[32.104222,1.664757],[32.138431,1.652354],[32.240957,1.665842]]]}},{"type":"Feature","id":"ne50-river-0423","properties":{"scalerank":5,"featurecla":"River","name":"Volta","note":null,"min_zoom":4.7,"name_alt":null,"name_en":"Volta","min_label":5.7,"id":"ne50-river-0423","sourceIndex":423,"category":"river","sourceName":"Volta"},"geometry":{"type":"LineString","coordinates":[[0.103358,6.338192],[0.098708,6.188124],[0.156559,6.113684],[0.275312,6.064901],[0.379853,6.042215],[0.470184,6.045626],[0.543616,6.02108],[0.60015,5.968473],[0.639269,5.896798],[0.671825,5.7597]]}},{"type":"Feature","id":"ne50-river-0448","properties":{"scalerank":3,"featurecla":"River","name":"Zambezi","note":null,"min_zoom":3.0,"name_alt":null,"name_en":"Zambezi","min_label":4.0,"id":"ne50-river-0448","sourceIndex":448,"category":"river","sourceName":"Zambezi"},"geometry":{"type":"MultiLineString","coordinates":[[[36.038917,-18.337227],[36.105218,-18.424353],[36.140254,-18.536078],[36.14537,-18.620414],[36.120462,-18.677464],[36.128937,-18.719632],[36.150228,-18.749656],[36.153432,-18.79477],[36.124958,-18.842364]],[[36.038917,-18.337227],[36.49801,-18.575765]],[[28.76055,-16.532117],[28.83269,-16.424113],[28.856771,-16.306188],[28.856771,-16.142322],[28.875581,-16.036178],[28.913099,-15.987809],[28.972992,-15.950086],[29.050558,-15.9012],[29.287856,-15.776504],[29.487275,-15.696768],[29.729586,-15.644626],[30.796394,-15.642042]],[[32.707492,-15.579979],[32.925153,-15.585767],[33.028041,-15.633567],[33.088709,-15.725293],[33.203379,-15.83495],[33.372155,-15.96254],[33.563667,-16.146663],[33.885095,-16.507519],[33.984159,-16.598625],[34.205489,-16.697172],[34.582107,-16.833598],[34.795065,-16.922533],[34.844364,-16.96408],[34.896919,-17.058545],[34.980635,-17.27972],[35.096132,-17.520532],[35.186824,-17.635667],[35.291211,-17.705482],[35.389086,-17.800257],[35.480346,-17.919991],[35.602251,-18.013215],[35.754696,-18.079981],[35.84637,-18.145921],[35.877273,-18.211033],[35.941455,-18.274802],[36.038917,-18.337227]],[[24.265527,-11.37915],[24.326815,-11.310679],[24.334102,-11.238952],[24.307747,-11.14118],[24.22646,-11.100666],[24.022234,-11.125936],[23.750416,-11.332331],[23.598798,-11.423075],[23.476738,-11.467052],[23.387338,-11.521209],[23.330494,-11.585597],[23.172984,-11.686108],[22.914808,-11.822741],[22.759624,-11.952087],[22.707431,-12.074043],[22.650225,-12.165872],[22.58811,-12.22747],[22.552815,-12.346275],[22.544443,-12.522388],[22.580875,-12.689923],[22.662007,-12.848879],[22.697561,-12.965048],[22.687329,-13.038325],[22.752648,-13.13248],[22.963901,-13.305182],[23.022967,-13.354998],[23.074023,-13.457731],[23.136759,-13.629917],[23.185851,-13.726345],[23.221301,-13.746809],[23.228278,-13.784636],[23.20678,-13.83993],[23.206677,-13.90928],[23.227968,-13.992789],[23.22466,-14.06648],[23.196652,-14.130558],[23.194585,-14.216341],[23.218356,-14.323932],[23.189262,-14.442736],[23.107303,-14.572754],[23.033768,-14.784265],[22.968552,-15.077219],[22.981781,-15.278085],[23.073352,-15.386812],[23.124718,-15.482],[23.13588,-15.563649],[23.127457,-15.625041],[23.099448,-15.666175],[23.120015,-15.737024],[23.189159,-15.837483],[23.246468,-16.013131],[23.292046,-16.26402],[23.491724,-16.548964],[23.845708,-16.867962],[24.076546,-17.14009],[24.238242,-17.478054],[24.732889,-17.517742],[24.932411,-17.543477],[25.001761,-17.568591],[25.092143,-17.634324],[25.259265,-17.794004],[25.451708,-17.845164],[25.557128,-17.849504],[25.639603,-17.82408],[25.741613,-17.858238],[25.863259,-17.951927],[25.995861,-17.969807],[26.139521,-17.911723],[26.333411,-17.929345],[26.577531,-18.022569],[26.779895,-18.041534],[27.020811,-17.958438]]]}}]}
