"REF_DATE","GEO","DGUID","Generation status (4)","Age (15C)","Statistics (3)","Population group (87)","Visible minority (15)","UOM","UOM_ID","SCALAR_FACTOR","SCALAR_ID","VECTOR","COORDINATE","VALUE","STATUS","SYMBOL","TERMINATED","DECIMALS"
"2021","Canada","2021A000011124","Total - Generation status","Total - Age","Count","Total - Population group","Total - Visible minority","","0","units","0","","1.1.1.1.1.1","36328475","","","","0"
"2021","Canada","2021A000011124","Total - Generation status","Total - Age","Count","White","Total - Visible minority","","0","units","0","","1.1.1.1.3.1","24493090","","","","0"
"2021","Canada","2021A000011124","Total - Generation status","Total - Age","Count","South Asian","Total - Visible minority","","0","units","0","","1.1.1.1.4.1","2496000","","","","0"
"2021","Canada","2021A000011124","Total - Generation status","Total - Age","Count","Chinese","Total - Visible minority","","0","units","0","","1.1.1.1.5.1","1625010","","","","0"
"2021","Canada","2021A000011124","Total - Generation status","Total - Age","Count","Black","Total - Visible minority","","0","units","0","","1.1.1.1.6.1","1389765","","","","0"
"2021","Canada","2021A000011124","Total - Generation status","Total - Age","Count","Filipino","Total - Visible minority","","0","units","0","","1.1.1.1.7.1","899300","","","","0"
"2021","Canada","2021A000011124","Total - Generation status","Total - Age","Count","Arab","Total - Visible minority","","0","units","0","","1.1.1.1.8.1","674125","","","","0"
"2021","Canada","2021A000011124","Total - Generation status","Total - Age","Count","Latin American","Total - Visible minority","","0","units","0","","1.1.1.1.9.1","579010","","","","0"
"2021","Canada","2021A000011124","Total - Generation status","Total - Age","Count","Southeast Asian","Total - Visible minority","","0","units","0","","1.1.1.1.10.1","359235","","","","0"
"2021","Canada","2021A000011124","Total - Generation status","Total - Age","Count","West Asian","Total - Visible minority","","0","units","0","","1.1.1.1.11.1","359340","","","","0"
"2021","Canada","2021A000011124","Total - Generation status","Total - Age","Count","Korean","Total - Visible minority","","0","units","0","","1.1.1.1.12.1","206085","","","","0"
"2021","Canada","2021A000011124","Total - Generation status","Total - Age","Count","Japanese","Total - Visible minority","","0","units","0","","1.1.1.1.13.1","61675","","","","0"
"2021","Canada","2021A000011124","Total - Generation status","Total - Age","Count","Other population groups, n.i.e.","Total - Visible minority","","0","units","0","","1.1.1.1.14.1","251750","","","","0"
"2021","Canada","2021A000011124","Total - Generation status","Total - Age","Count","Multiple population groups","Total - Visible minority","","0","units","0","","1.1.1.1.15.1","1162055","","","","0"
"2021","Canada","2021A000011124","Total - Generation status","Total - Age","Count","Indigenous peoples","Total - Visible minority","","0","units","0","","1.1.1.1.87.1","1772025","","","","0"
"2021","St. John's (CMA), N.L.","2021S0503001","Total - Generation status","Total - Age","Count","Total - Population group","Total - Visible minority","","0","units","0","","6.1.1.1.1.1","208815","","","","0"
"2021","St. John's (CMA), N.L.","2021S0503001","Total - Generation status","Total - Age","Count","White","Total - Visible minority","","0","units","0","","6.1.1.1.3.1","188960","","","","0"
"2021","St. John's (CMA), N.L.","2021S0503001","Total - Generation status","Total - Age","Count","South Asian","Total - Visible minority","","0","units","0","","6.1.1.1.4.1","3080","","","","0"
"2021","St. John's (CMA), N.L.","2021S0503001","Total - Generation status","Total - Age","Count","Chinese","Total - Visible minority","","0","units","0","","6.1.1.1.5.1","1385","","","","0"
"2021","St. John's (CMA), N.L.","2021S0503001","Total - Generation status","Total - Age","Count","Black","Total - Visible minority","","0","units","0","","6.1.1.1.6.1","2495","","","","0"
"2021","St. John's (CMA), N.L.","2021S0503001","Total - Generation status","Total - Age","Count","Filipino","Total - Visible minority","","0","units","0","","6.1.1.1.7.1","960","","","","0"
"2021","St. John's (CMA), N.L.","2021S0503001","Total - Generation status","Total - Age","Count","Arab","Total - Visible minority","","0","units","0","","6.1.1.1.8.1","1470","","","","0"
"2021","St. John's (CMA), N.L.","2021S0503001","Total - Generation status","Total - Age","Count","Latin American","Total - Visible minority","","0","units","0","","6.1.1.1.9.1","640","","","","0"
"2021","St. John's (CMA), N.L.","2021S0503001","Total - Generation status","Total - Age","Count","Southeast Asian","Total - Visible minority","","0","units","0","","6.1.1.1.10.1","305","","","","0"
"2021","St. John's (CMA), N.L.","2021S0503001","Total - Generation status","Total - Age","Count","West Asian","Total - Visible minority","","0","units","0","","6.1.1.1.11.1","495","","","","0"
"2021","St. John's (CMA), N.L.","2021S0503001","Total - Generation status","Total - Age","Count","Korean","Total - Visible minority","","0","units","0","","6.1.1.1.12.1","140","","","","0"
"2021","St. John's (CMA), N.L.","2021S0503001","Total - Generation status","Total - Age","Count","Japanese","Total - Visible minority","","0","units","0","","6.1.1.1.13.1","35","","","","0"
"2021","St. John's (CMA), N.L.","2021S0503001","Total - Generation status","Total - Age","Count","Other population groups, n.i.e.","Total - Visible minority","","0","units","0","","6.1.1.1.14.1","230","","","","0"
"2021","St. John's (CMA), N.L.","2021S0503001","Total - Generation status","Total - Age","Count","Multiple population groups","Total - Visible minority","","0","units","0","","6.1.1.1.15.1","1985","","","","0"
"2021","St. John's (CMA), N.L.","2021S0503001","Total - Generation status","Total - Age","Count","Indigenous peoples","Total - Visible minority","","0","units","0","","6.1.1.1.87.1","6645","","","","0"
"2021","Halifax (CMA), N.S.","2021S0503205","Total - Generation status","Total - Age","Count","Total - Population group","Total - Visible minority","","0","units","0","","12.1.1.1.1.1","461140","","","","0"
"2021","Halifax (CMA), N.S.","2021S0503205","Total - Generation status","Total - Age","Count","White","Total - Visible minority","","0","units","0","","12.1.1.1.3.1","365570","","","","0"
"2021","Halifax (CMA), N.S.","2021S0503205","Total - Generation status","Total - Age","Count","South Asian","Total - Visible minority","","0","units","0","","12.1.1.1.4.1","15940","","","","0"
"2021","Halifax (CMA), N.S.","2021S0503205","Total - Generation status","Total - Age","Count","Chinese","Total - Visible minority","","0","units","0","","12.1.1.1.5.1","8890","","","","0"
"2021","Halifax (CMA), N.S.","2021S0503205","Total - Generation status","Total - Age","Count","Black","Total - Visible minority","","0","units","0","","12.1.1.1.6.1","15530","","","","0"
"2021","Halifax (CMA), N.S.","2021S0503205","Total - Generation status","Total - Age","Count","Filipino","Total - Visible minority","","0","units","0","","12.1.1.1.7.1","4265","","","","0"
"2021","Halifax (CMA), N.S.","2021S0503205","Total - Generation status","Total - Age","Count","Arab","Total - Visible minority","","0","units","0","","12.1.1.1.8.1","9435","","","","0"
"2021","Halifax (CMA), N.S.","2021S0503205","Total - Generation status","Total - Age","Count","Latin American","Total - Visible minority","","0","units","0","","12.1.1.1.9.1","2280","","","","0"
"2021","Halifax (CMA), N.S.","2021S0503205","Total - Generation status","Total - Age","Count","Southeast Asian","Total - Visible minority","","0","units","0","","12.1.1.1.10.1","1600","","","","0"
"2021","Halifax (CMA), N.S.","2021S0503205","Total - Generation status","Total - Age","Count","West Asian","Total - Visible minority","","0","units","0","","12.1.1.1.11.1","1675","","","","0"
"2021","Halifax (CMA), N.S.","2021S0503205","Total - Generation status","Total - Age","Count","Korean","Total - Visible minority","","0","units","0","","12.1.1.1.12.1","2255","","","","0"
"2021","Halifax (CMA), N.S.","2021S0503205","Total - Generation status","Total - Age","Count","Japanese","Total - Visible minority","","0","units","0","","12.1.1.1.13.1","385","","","","0"
"2021","Halifax (CMA), N.S.","2021S0503205","Total - Generation status","Total - Age","Count","Other population groups, n.i.e.","Total - Visible minority","","0","units","0","","12.1.1.1.14.1","950","","","","0"
"2021","Halifax (CMA), N.S.","2021S0503205","Total - Generation status","Total - Age","Count","Multiple population groups","Total - Visible minority","","0","units","0","","12.1.1.1.15.1","14005","","","","0"
"2021","Halifax (CMA), N.S.","2021S0503205","Total - Generation status","Total - Age","Count","Indigenous peoples","Total - Visible minority","","0","units","0","","12.1.1.1.87.1","18345","","","","0"
"2021","Fredericton (CMA), N.B.","2021S0503320","Total - Generation status","Total - Age","Count","Total - Population group","Total - Visible minority","","0","units","0","","22.1.1.1.1.1","107160","","","","0"
"2021","Fredericton (CMA), N.B.","2021S0503320","Total - Generation status","Total - Age","Count","White","Total - Visible minority","","0","units","0","","22.1.1.1.3.1","91970","","","","0"
"2021","Fredericton (CMA), N.B.","2021S0503320","Total - Generation status","Total - Age","Count","South Asian","Total - Visible minority","","0","units","0","","22.1.1.1.4.1","1815","","","","0"
"2021","Fredericton (CMA), N.B.","2021S0503320","Total - Generation status","Total - Age","Count","Chinese","Total - Visible minority","","0","units","0","","22.1.1.1.5.1","1160","","","","0"
"2021","Fredericton (CMA), N.B.","2021S0503320","Total - Generation status","Total - Age","Count","Black","Total - Visible minority","","0","units","0","","22.1.1.1.6.1","1595","","","","0"
"2021","Fredericton (CMA), N.B.","2021S0503320","Total - Generation status","Total - Age","Count","Filipino","Total - Visible minority","","0","units","0","","22.1.1.1.7.1","655","","","","0"
"2021","Fredericton (CMA), N.B.","2021S0503320","Total - Generation status","Total - Age","Count","Arab","Total - Visible minority","","0","units","0","","22.1.1.1.8.1","1605","","","","0"
"2021","Fredericton (CMA), N.B.","2021S0503320","Total - Generation status","Total - Age","Count","Latin American","Total - Visible minority","","0","units","0","","22.1.1.1.9.1","575","","","","0"
"2021","Fredericton (CMA), N.B.","2021S0503320","Total - Generation status","Total - Age","Count","Southeast Asian","Total - Visible minority","","0","units","0","","22.1.1.1.10.1","330","","","","0"
"2021","Fredericton (CMA), N.B.","2021S0503320","Total - Generation status","Total - Age","Count","West Asian","Total - Visible minority","","0","units","0","","22.1.1.1.11.1","440","","","","0"
"2021","Fredericton (CMA), N.B.","2021S0503320","Total - Generation status","Total - Age","Count","Korean","Total - Visible minority","","0","units","0","","22.1.1.1.12.1","240","","","","0"
"2021","Fredericton (CMA), N.B.","2021S0503320","Total - Generation status","Total - Age","Count","Japanese","Total - Visible minority","","0","units","0","","22.1.1.1.13.1","35","","","","0"
"2021","Fredericton (CMA), N.B.","2021S0503320","Total - Generation status","Total - Age","Count","Other population groups, n.i.e.","Total - Visible minority","","0","units","0","","22.1.1.1.14.1","225","","","","0"
"2021","Fredericton (CMA), N.B.","2021S0503320","Total - Generation status","Total - Age","Count","Multiple population groups","Total - Visible minority","","0","units","0","","22.1.1.1.15.1","1580","","","","0"
"2021","Fredericton (CMA), N.B.","2021S0503320","Total - Generation status","Total - Age","Count","Indigenous peoples","Total - Visible minority","","0","units","0","","22.1.1.1.87.1","4940","","","","0"
"2021","Moncton (CMA), N.B.","2021S0503305","Total - Generation status","Total - Age","Count","Total - Population group","Total - Visible minority","","0","units","0","","24.1.1.1.1.1","154245","","","","0"
"2021","Moncton (CMA), N.B.","2021S0503305","Total - Generation status","Total - Age","Count","White","Total - Visible minority","","0","units","0","","24.1.1.1.3.1","133110","","","","0"
"2021","Moncton (CMA), N.B.","2021S0503305","Total - Generation status","Total - Age","Count","South Asian","Total - Visible minority","","0","units","0","","24.1.1.1.4.1","3050","","","","0"
"2021","Moncton (CMA), N.B.","2021S0503305","Total - Generation status","Total - Age","Count","Chinese","Total - Visible minority","","0","units","0","","24.1.1.1.5.1","755","","","","0"
"2021","Moncton (CMA), N.B.","2021S0503305","Total - Generation status","Total - Age","Count","Black","Total - Visible minority","","0","units","0","","24.1.1.1.6.1","4715","","","","0"
"2021","Moncton (CMA), N.B.","2021S0503305","Total - Generation status","Total - Age","Count","Filipino","Total - Visible minority","","0","units","0","","24.1.1.1.7.1","1485","","","","0"
"2021","Moncton (CMA), N.B.","2021S0503305","Total - Generation status","Total - Age","Count","Arab","Total - Visible minority","","0","units","0","","24.1.1.1.8.1","1740","","","","0"
"2021","Moncton (CMA), N.B.","2021S0503305","Total - Generation status","Total - Age","Count","Latin American","Total - Visible minority","","0","units","0","","24.1.1.1.9.1","855","","","","0"
"2021","Moncton (CMA), N.B.","2021S0503305","Total - Generation status","Total - Age","Count","Southeast Asian","Total - Visible minority","","0","units","0","","24.1.1.1.10.1","795","","","","0"
"2021","Moncton (CMA), N.B.","2021S0503305","Total - Generation status","Total - Age","Count","West Asian","Total - Visible minority","","0","units","0","","24.1.1.1.11.1","140","","","","0"
"2021","Moncton (CMA), N.B.","2021S0503305","Total - Generation status","Total - Age","Count","Korean","Total - Visible minority","","0","units","0","","24.1.1.1.12.1","835","","","","0"
"2021","Moncton (CMA), N.B.","2021S0503305","Total - Generation status","Total - Age","Count","Japanese","Total - Visible minority","","0","units","0","","24.1.1.1.13.1","60","","","","0"
"2021","Moncton (CMA), N.B.","2021S0503305","Total - Generation status","Total - Age","Count","Other population groups, n.i.e.","Total - Visible minority","","0","units","0","","24.1.1.1.14.1","220","","","","0"
"2021","Moncton (CMA), N.B.","2021S0503305","Total - Generation status","Total - Age","Count","Multiple population groups","Total - Visible minority","","0","units","0","","24.1.1.1.15.1","2580","","","","0"
"2021","Moncton (CMA), N.B.","2021S0503305","Total - Generation status","Total - Age","Count","Indigenous peoples","Total - Visible minority","","0","units","0","","24.1.1.1.87.1","3905","","","","0"
"2021","Saint John (CMA), N.B.","2021S0503310","Total - Generation status","Total - Age","Count","Total - Population group","Total - Visible minority","","0","units","0","","25.1.1.1.1.1","128385","","","","0"
"2021","Saint John (CMA), N.B.","2021S0503310","Total - Generation status","Total - Age","Count","White","Total - Visible minority","","0","units","0","","25.1.1.1.3.1","115090","","","","0"
"2021","Saint John (CMA), N.B.","2021S0503310","Total - Generation status","Total - Age","Count","South Asian","Total - Visible minority","","0","units","0","","25.1.1.1.4.1","1755","","","","0"
"2021","Saint John (CMA), N.B.","2021S0503310","Total - Generation status","Total - Age","Count","Chinese","Total - Visible minority","","0","units","0","","25.1.1.1.5.1","1335","","","","0"
"2021","Saint John (CMA), N.B.","2021S0503310","Total - Generation status","Total - Age","Count","Black","Total - Visible minority","","0","units","0","","25.1.1.1.6.1","1470","","","","0"
"2021","Saint John (CMA), N.B.","2021S0503310","Total - Generation status","Total - Age","Count","Filipino","Total - Visible minority","","0","units","0","","25.1.1.1.7.1","705","","","","0"
"2021","Saint John (CMA), N.B.","2021S0503310","Total - Generation status","Total - Age","Count","Arab","Total - Visible minority","","0","units","0","","25.1.1.1.8.1","1110","","","","0"
"2021","Saint John (CMA), N.B.","2021S0503310","Total - Generation status","Total - Age","Count","Latin American","Total - Visible minority","","0","units","0","","25.1.1.1.9.1","435","","","","0"
"2021","Saint John (CMA), N.B.","2021S0503310","Total - Generation status","Total - Age","Count","Southeast Asian","Total - Visible minority","","0","units","0","","25.1.1.1.10.1","260","","","","0"
"2021","Saint John (CMA), N.B.","2021S0503310","Total - Generation status","Total - Age","Count","West Asian","Total - Visible minority","","0","units","0","","25.1.1.1.11.1","275","","","","0"
"2021","Saint John (CMA), N.B.","2021S0503310","Total - Generation status","Total - Age","Count","Korean","Total - Visible minority","","0","units","0","","25.1.1.1.12.1","325","","","","0"
"2021","Saint John (CMA), N.B.","2021S0503310","Total - Generation status","Total - Age","Count","Japanese","Total - Visible minority","","0","units","0","","25.1.1.1.13.1","10","","","","0"
"2021","Saint John (CMA), N.B.","2021S0503310","Total - Generation status","Total - Age","Count","Other population groups, n.i.e.","Total - Visible minority","","0","units","0","","25.1.1.1.14.1","240","","","","0"
"2021","Saint John (CMA), N.B.","2021S0503310","Total - Generation status","Total - Age","Count","Multiple population groups","Total - Visible minority","","0","units","0","","25.1.1.1.15.1","2270","","","","0"
"2021","Saint John (CMA), N.B.","2021S0503310","Total - Generation status","Total - Age","Count","Indigenous peoples","Total - Visible minority","","0","units","0","","25.1.1.1.87.1","3125","","","","0"
"2021","Drummondville (CMA), Que.","2021S0503447","Total - Generation status","Total - Age","Count","Total - Population group","Total - Visible minority","","0","units","0","","32.1.1.1.1.1","98570","","","","0"
"2021","Drummondville (CMA), Que.","2021S0503447","Total - Generation status","Total - Age","Count","White","Total - Visible minority","","0","units","0","","32.1.1.1.3.1","92095","","","","0"
"2021","Drummondville (CMA), Que.","2021S0503447","Total - Generation status","Total - Age","Count","South Asian","Total - Visible minority","","0","units","0","","32.1.1.1.4.1","10","","","","0"
"2021","Drummondville (CMA), Que.","2021S0503447","Total - Generation status","Total - Age","Count","Chinese","Total - Visible minority","","0","units","0","","32.1.1.1.5.1","180","","","","0"
"2021","Drummondville (CMA), Que.","2021S0503447","Total - Generation status","Total - Age","Count","Black","Total - Visible minority","","0","units","0","","32.1.1.1.6.1","1540","","","","0"
"2021","Drummondville (CMA), Que.","2021S0503447","Total - Generation status","Total - Age","Count","Filipino","Total - Visible minority","","0","units","0","","32.1.1.1.7.1","60","","","","0"
"2021","Drummondville (CMA), Que.","2021S0503447","Total - Generation status","Total - Age","Count","Arab","Total - Visible minority","","0","units","0","","32.1.1.1.8.1","985","","","","0"
"2021","Drummondville (CMA), Que.","2021S0503447","Total - Generation status","Total - Age","Count","Latin American","Total - Visible minority","","0","units","0","","32.1.1.1.9.1","1205","","","","0"
"2021","Drummondville (CMA), Que.","2021S0503447","Total - Generation status","Total - Age","Count","Southeast Asian","Total - Visible minority","","0","units","0","","32.1.1.1.10.1","150","","","","0"
"2021","Drummondville (CMA), Que.","2021S0503447","Total - Generation status","Total - Age","Count","West Asian","Total - Visible minority","","0","units","0","","32.1.1.1.11.1","10","","","","0"
"2021","Drummondville (CMA), Que.","2021S0503447","Total - Generation status","Total - Age","Count","Korean","Total - Visible minority","","0","units","0","","32.1.1.1.12.1","15","","","","0"
"2021","Drummondville (CMA), Que.","2021S0503447","Total - Generation status","Total - Age","Count","Other population groups, n.i.e.","Total - Visible minority","","0","units","0","","32.1.1.1.14.1","85","","","","0"
"2021","Drummondville (CMA), Que.","2021S0503447","Total - Generation status","Total - Age","Count","Multiple population groups","Total - Visible minority","","0","units","0","","32.1.1.1.15.1","695","","","","0"
"2021","Drummondville (CMA), Que.","2021S0503447","Total - Generation status","Total - Age","Count","Indigenous peoples","Total - Visible minority","","0","units","0","","32.1.1.1.87.1","1530","","","","0"
"2021","Montréal (CMA), Que.","2021S0503462","Total - Generation status","Total - Age","Count","Total - Population group","Total - Visible minority","","0","units","0","","37.1.1.1.1.1","4206455","","","","0"
"2021","Montréal (CMA), Que.","2021S0503462","Total - Generation status","Total - Age","Count","White","Total - Visible minority","","0","units","0","","37.1.1.1.3.1","2888380","","","","0"
"2021","Montréal (CMA), Que.","2021S0503462","Total - Generation status","Total - Age","Count","South Asian","Total - Visible minority","","0","units","0","","37.1.1.1.4.1","116625","","","","0"
"2021","Montréal (CMA), Que.","2021S0503462","Total - Generation status","Total - Age","Count","Chinese","Total - Visible minority","","0","units","0","","37.1.1.1.5.1","98245","","","","0"
"2021","Montréal (CMA), Que.","2021S0503462","Total - Generation status","Total - Age","Count","Black","Total - Visible minority","","0","units","0","","37.1.1.1.6.1","319125","","","","0"
"2021","Montréal (CMA), Que.","2021S0503462","Total - Generation status","Total - Age","Count","Filipino","Total - Visible minority","","0","units","0","","37.1.1.1.7.1","37575","","","","0"
"2021","Montréal (CMA), Que.","2021S0503462","Total - Generation status","Total - Age","Count","Arab","Total - Visible minority","","0","units","0","","37.1.1.1.8.1","238485","","","","0"
"2021","Montréal (CMA), Que.","2021S0503462","Total - Generation status","Total - Age","Count","Latin American","Total - Visible minority","","0","units","0","","37.1.1.1.9.1","137645","","","","0"
"2021","Montréal (CMA), Que.","2021S0503462","Total - Generation status","Total - Age","Count","Southeast Asian","Total - Visible minority","","0","units","0","","37.1.1.1.10.1","55270","","","","0"
"2021","Montréal (CMA), Que.","2021S0503462","Total - Generation status","Total - Age","Count","West Asian","Total - Visible minority","","0","units","0","","37.1.1.1.11.1","39265","","","","0"
"2021","Montréal (CMA), Que.","2021S0503462","Total - Generation status","Total - Age","Count","Korean","Total - Visible minority","","0","units","0","","37.1.1.1.12.1","8265","","","","0"
"2021","Montréal (CMA), Que.","2021S0503462","Total - Generation status","Total - Age","Count","Japanese","Total - Visible minority","","0","units","0","","37.1.1.1.13.1","2515","","","","0"
"2021","Montréal (CMA), Que.","2021S0503462","Total - Generation status","Total - Age","Count","Other population groups, n.i.e.","Total - Visible minority","","0","units","0","","37.1.1.1.14.1","48800","","","","0"
"2021","Montréal (CMA), Que.","2021S0503462","Total - Generation status","Total - Age","Count","Multiple population groups","Total - Visible minority","","0","units","0","","37.1.1.1.15.1","172665","","","","0"
"2021","Montréal (CMA), Que.","2021S0503462","Total - Generation status","Total - Age","Count","Indigenous peoples","Total - Visible minority","","0","units","0","","37.1.1.1.87.1","43595","","","","0"
"2021","Québec (CMA), Que.","2021S0503421","Total - Generation status","Total - Age","Count","Total - Population group","Total - Visible minority","","0","units","0","","38.1.1.1.1.1","817105","","","","0"
"2021","Québec (CMA), Que.","2021S0503421","Total - Generation status","Total - Age","Count","White","Total - Visible minority","","0","units","0","","38.1.1.1.3.1","736980","","","","0"
"2021","Québec (CMA), Que.","2021S0503421","Total - Generation status","Total - Age","Count","South Asian","Total - Visible minority","","0","units","0","","38.1.1.1.4.1","1485","","","","0"
"2021","Québec (CMA), Que.","2021S0503421","Total - Generation status","Total - Age","Count","Chinese","Total - Visible minority","","0","units","0","","38.1.1.1.5.1","2930","","","","0"
"2021","Québec (CMA), Que.","2021S0503421","Total - Generation status","Total - Age","Count","Black","Total - Visible minority","","0","units","0","","38.1.1.1.6.1","23785","","","","0"
"2021","Québec (CMA), Que.","2021S0503421","Total - Generation status","Total - Age","Count","Filipino","Total - Visible minority","","0","units","0","","38.1.1.1.7.1","510","","","","0"
"2021","Québec (CMA), Que.","2021S0503421","Total - Generation status","Total - Age","Count","Arab","Total - Visible minority","","0","units","0","","38.1.1.1.8.1","10830","","","","0"
"2021","Québec (CMA), Que.","2021S0503421","Total - Generation status","Total - Age","Count","Latin American","Total - Visible minority","","0","units","0","","38.1.1.1.9.1","10190","","","","0"
"2021","Québec (CMA), Que.","2021S0503421","Total - Generation status","Total - Age","Count","Southeast Asian","Total - Visible minority","","0","units","0","","38.1.1.1.10.1","2680","","","","0"
"2021","Québec (CMA), Que.","2021S0503421","Total - Generation status","Total - Age","Count","West Asian","Total - Visible minority","","0","units","0","","38.1.1.1.11.1","895","","","","0"
"2021","Québec (CMA), Que.","2021S0503421","Total - Generation status","Total - Age","Count","Korean","Total - Visible minority","","0","units","0","","38.1.1.1.12.1","220","","","","0"
"2021","Québec (CMA), Que.","2021S0503421","Total - Generation status","Total - Age","Count","Japanese","Total - Visible minority","","0","units","0","","38.1.1.1.13.1","190","","","","0"
"2021","Québec (CMA), Que.","2021S0503421","Total - Generation status","Total - Age","Count","Other population groups, n.i.e.","Total - Visible minority","","0","units","0","","38.1.1.1.14.1","1815","","","","0"
"2021","Québec (CMA), Que.","2021S0503421","Total - Generation status","Total - Age","Count","Multiple population groups","Total - Visible minority","","0","units","0","","38.1.1.1.15.1","10550","","","","0"
"2021","Québec (CMA), Que.","2021S0503421","Total - Generation status","Total - Age","Count","Indigenous peoples","Total - Visible minority","","0","units","0","","38.1.1.1.87.1","14040","","","","0"
"2021","Saguenay (CMA), Que.","2021S0503408","Total - Generation status","Total - Age","Count","Total - Population group","Total - Visible minority","","0","units","0","","42.1.1.1.1.1","157895","","","","0"
"2021","Saguenay (CMA), Que.","2021S0503408","Total - Generation status","Total - Age","Count","White","Total - Visible minority","","0","units","0","","42.1.1.1.3.1","148645","","","","0"
"2021","Saguenay (CMA), Que.","2021S0503408","Total - Generation status","Total - Age","Count","South Asian","Total - Visible minority","","0","units","0","","42.1.1.1.4.1","60","","","","0"
"2021","Saguenay (CMA), Que.","2021S0503408","Total - Generation status","Total - Age","Count","Chinese","Total - Visible minority","","0","units","0","","42.1.1.1.5.1","230","","","","0"
"2021","Saguenay (CMA), Que.","2021S0503408","Total - Generation status","Total - Age","Count","Black","Total - Visible minority","","0","units","0","","42.1.1.1.6.1","1135","","","","0"
"2021","Saguenay (CMA), Que.","2021S0503408","Total - Generation status","Total - Age","Count","Filipino","Total - Visible minority","","0","units","0","","42.1.1.1.7.1","50","","","","0"
"2021","Saguenay (CMA), Que.","2021S0503408","Total - Generation status","Total - Age","Count","Arab","Total - Visible minority","","0","units","0","","42.1.1.1.8.1","415","","","","0"
"2021","Saguenay (CMA), Que.","2021S0503408","Total - Generation status","Total - Age","Count","Latin American","Total - Visible minority","","0","units","0","","42.1.1.1.9.1","435","","","","0"
"2021","Saguenay (CMA), Que.","2021S0503408","Total - Generation status","Total - Age","Count","Southeast Asian","Total - Visible minority","","0","units","0","","42.1.1.1.10.1","85","","","","0"
"2021","Saguenay (CMA), Que.","2021S0503408","Total - Generation status","Total - Age","Count","West Asian","Total - Visible minority","","0","units","0","","42.1.1.1.11.1","45","","","","0"
"2021","Saguenay (CMA), Que.","2021S0503408","Total - Generation status","Total - Age","Count","Korean","Total - Visible minority","","0","units","0","","42.1.1.1.12.1","15","","","","0"
"2021","Saguenay (CMA), Que.","2021S0503408","Total - Generation status","Total - Age","Count","Japanese","Total - Visible minority","","0","units","0","","42.1.1.1.13.1","10","","","","0"
"2021","Saguenay (CMA), Que.","2021S0503408","Total - Generation status","Total - Age","Count","Other population groups, n.i.e.","Total - Visible minority","","0","units","0","","42.1.1.1.14.1","85","","","","0"
"2021","Saguenay (CMA), Que.","2021S0503408","Total - Generation status","Total - Age","Count","Multiple population groups","Total - Visible minority","","0","units","0","","42.1.1.1.15.1","805","","","","0"
"2021","Saguenay (CMA), Que.","2021S0503408","Total - Generation status","Total - Age","Count","Indigenous peoples","Total - Visible minority","","0","units","0","","42.1.1.1.87.1","5885","","","","0"
"2021","Sherbrooke (CMA), Que.","2021S0503433","Total - Generation status","Total - Age","Count","Total - Population group","Total - Visible minority","","0","units","0","","50.1.1.1.1.1","220105","","","","0"
"2021","Sherbrooke (CMA), Que.","2021S0503433","Total - Generation status","Total - Age","Count","White","Total - Visible minority","","0","units","0","","50.1.1.1.3.1","197355","","","","0"
"2021","Sherbrooke (CMA), Que.","2021S0503433","Total - Generation status","Total - Age","Count","South Asian","Total - Visible minority","","0","units","0","","50.1.1.1.4.1","650","","","","0"
"2021","Sherbrooke (CMA), Que.","2021S0503433","Total - Generation status","Total - Age","Count","Chinese","Total - Visible minority","","0","units","0","","50.1.1.1.5.1","840","","","","0"
"2021","Sherbrooke (CMA), Que.","2021S0503433","Total - Generation status","Total - Age","Count","Black","Total - Visible minority","","0","units","0","","50.1.1.1.6.1","5090","","","","0"
"2021","Sherbrooke (CMA), Que.","2021S0503433","Total - Generation status","Total - Age","Count","Filipino","Total - Visible minority","","0","units","0","","50.1.1.1.7.1","215","","","","0"
"2021","Sherbrooke (CMA), Que.","2021S0503433","Total - Generation status","Total - Age","Count","Arab","Total - Visible minority","","0","units","0","","50.1.1.1.8.1","2855","","","","0"
"2021","Sherbrooke (CMA), Que.","2021S0503433","Total - Generation status","Total - Age","Count","Latin American","Total - Visible minority","","0","units","0","","50.1.1.1.9.1","3575","","","","0"
"2021","Sherbrooke (CMA), Que.","2021S0503433","Total - Generation status","Total - Age","Count","Southeast Asian","Total - Visible minority","","0","units","0","","50.1.1.1.10.1","505","","","","0"
"2021","Sherbrooke (CMA), Que.","2021S0503433","Total - Generation status","Total - Age","Count","West Asian","Total - Visible minority","","0","units","0","","50.1.1.1.11.1","1640","","","","0"
"2021","Sherbrooke (CMA), Que.","2021S0503433","Total - Generation status","Total - Age","Count","Korean","Total - Visible minority","","0","units","0","","50.1.1.1.12.1","70","","","","0"
"2021","Sherbrooke (CMA), Que.","2021S0503433","Total - Generation status","Total - Age","Count","Japanese","Total - Visible minority","","0","units","0","","50.1.1.1.13.1","50","","","","0"
"2021","Sherbrooke (CMA), Que.","2021S0503433","Total - Generation status","Total - Age","Count","Other population groups, n.i.e.","Total - Visible minority","","0","units","0","","50.1.1.1.14.1","615","","","","0"
"2021","Sherbrooke (CMA), Que.","2021S0503433","Total - Generation status","Total - Age","Count","Multiple population groups","Total - Visible minority","","0","units","0","","50.1.1.1.15.1","2925","","","","0"
"2021","Sherbrooke (CMA), Que.","2021S0503433","Total - Generation status","Total - Age","Count","Indigenous peoples","Total - Visible minority","","0","units","0","","50.1.1.1.87.1","3710","","","","0"
"2021","Trois-Rivières (CMA), Que.","2021S0503442","Total - Generation status","Total - Age","Count","Total - Population group","Total - Visible minority","","0","units","0","","53.1.1.1.1.1","155535","","","","0"
"2021","Trois-Rivières (CMA), Que.","2021S0503442","Total - Generation status","Total - Age","Count","White","Total - Visible minority","","0","units","0","","53.1.1.1.3.1","143560","","","","0"
"2021","Trois-Rivières (CMA), Que.","2021S0503442","Total - Generation status","Total - Age","Count","South Asian","Total - Visible minority","","0","units","0","","53.1.1.1.4.1","160","","","","0"
"2021","Trois-Rivières (CMA), Que.","2021S0503442","Total - Generation status","Total - Age","Count","Chinese","Total - Visible minority","","0","units","0","","53.1.1.1.5.1","425","","","","0"
"2021","Trois-Rivières (CMA), Que.","2021S0503442","Total - Generation status","Total - Age","Count","Black","Total - Visible minority","","0","units","0","","53.1.1.1.6.1","3515","","","","0"
"2021","Trois-Rivières (CMA), Que.","2021S0503442","Total - Generation status","Total - Age","Count","Filipino","Total - Visible minority","","0","units","0","","53.1.1.1.7.1","120","","","","0"
"2021","Trois-Rivières (CMA), Que.","2021S0503442","Total - Generation status","Total - Age","Count","Arab","Total - Visible minority","","0","units","0","","53.1.1.1.8.1","1350","","","","0"
"2021","Trois-Rivières (CMA), Que.","2021S0503442","Total - Generation status","Total - Age","Count","Latin American","Total - Visible minority","","0","units","0","","53.1.1.1.9.1","1665","","","","0"
"2021","Trois-Rivières (CMA), Que.","2021S0503442","Total - Generation status","Total - Age","Count","Southeast Asian","Total - Visible minority","","0","units","0","","53.1.1.1.10.1","220","","","","0"
"2021","Trois-Rivières (CMA), Que.","2021S0503442","Total - Generation status","Total - Age","Count","West Asian","Total - Visible minority","","0","units","0","","53.1.1.1.11.1","55","","","","0"
"2021","Trois-Rivières (CMA), Que.","2021S0503442","Total - Generation status","Total - Age","Count","Korean","Total - Visible minority","","0","units","0","","53.1.1.1.12.1","25","","","","0"
"2021","Trois-Rivières (CMA), Que.","2021S0503442","Total - Generation status","Total - Age","Count","Japanese","Total - Visible minority","","0","units","0","","53.1.1.1.13.1","15","","","","0"
"2021","Trois-Rivières (CMA), Que.","2021S0503442","Total - Generation status","Total - Age","Count","Other population groups, n.i.e.","Total - Visible minority","","0","units","0","","53.1.1.1.14.1","260","","","","0"
"2021","Trois-Rivières (CMA), Que.","2021S0503442","Total - Generation status","Total - Age","Count","Multiple population groups","Total - Visible minority","","0","units","0","","53.1.1.1.15.1","1325","","","","0"
"2021","Trois-Rivières (CMA), Que.","2021S0503442","Total - Generation status","Total - Age","Count","Indigenous peoples","Total - Visible minority","","0","units","0","","53.1.1.1.87.1","2845","","","","0"
"2021","Barrie (CMA), Ont.","2021S0503568","Total - Generation status","Total - Age","Count","Total - Population group","Total - Visible minority","","0","units","0","","57.1.1.1.1.1","210150","","","","0"
"2021","Barrie (CMA), Ont.","2021S0503568","Total - Generation status","Total - Age","Count","White","Total - Visible minority","","0","units","0","","57.1.1.1.3.1","168985","","","","0"
"2021","Barrie (CMA), Ont.","2021S0503568","Total - Generation status","Total - Age","Count","South Asian","Total - Visible minority","","0","units","0","","57.1.1.1.4.1","7390","","","","0"
"2021","Barrie (CMA), Ont.","2021S0503568","Total - Generation status","Total - Age","Count","Chinese","Total - Visible minority","","0","units","0","","57.1.1.1.5.1","2560","","","","0"
"2021","Barrie (CMA), Ont.","2021S0503568","Total - Generation status","Total - Age","Count","Black","Total - Visible minority","","0","units","0","","57.1.1.1.6.1","5460","","","","0"
"2021","Barrie (CMA), Ont.","2021S0503568","Total - Generation status","Total - Age","Count","Filipino","Total - Visible minority","","0","units","0","","57.1.1.1.7.1","2030","","","","0"
"2021","Barrie (CMA), Ont.","2021S0503568","Total - Generation status","Total - Age","Count","Arab","Total - Visible minority","","0","units","0","","57.1.1.1.8.1","1045","","","","0"
"2021","Barrie (CMA), Ont.","2021S0503568","Total - Generation status","Total - Age","Count","Latin American","Total - Visible minority","","0","units","0","","57.1.1.1.9.1","4125","","","","0"
"2021","Barrie (CMA), Ont.","2021S0503568","Total - Generation status","Total - Age","Count","Southeast Asian","Total - Visible minority","","0","units","0","","57.1.1.1.10.1","1300","","","","0"
"2021","Barrie (CMA), Ont.","2021S0503568","Total - Generation status","Total - Age","Count","West Asian","Total - Visible minority","","0","units","0","","57.1.1.1.11.1","1540","","","","0"
"2021","Barrie (CMA), Ont.","2021S0503568","Total - Generation status","Total - Age","Count","Korean","Total - Visible minority","","0","units","0","","57.1.1.1.12.1","895","","","","0"
"2021","Barrie (CMA), Ont.","2021S0503568","Total - Generation status","Total - Age","Count","Japanese","Total - Visible minority","","0","units","0","","57.1.1.1.13.1","125","","","","0"
"2021","Barrie (CMA), Ont.","2021S0503568","Total - Generation status","Total - Age","Count","Other population groups, n.i.e.","Total - Visible minority","","0","units","0","","57.1.1.1.14.1","1245","","","","0"
"2021","Barrie (CMA), Ont.","2021S0503568","Total - Generation status","Total - Age","Count","Multiple population groups","Total - Visible minority","","0","units","0","","57.1.1.1.15.1","6680","","","","0"
"2021","Barrie (CMA), Ont.","2021S0503568","Total - Generation status","Total - Age","Count","Indigenous peoples","Total - Visible minority","","0","units","0","","57.1.1.1.87.1","6775","","","","0"
"2021","Belleville - Quinte West (CMA), Ont.","2021S0503522","Total - Generation status","Total - Age","Count","Total - Population group","Total - Visible minority","","0","units","0","","58.1.1.1.1.1","109245","","","","0"
"2021","Belleville - Quinte West (CMA), Ont.","2021S0503522","Total - Generation status","Total - Age","Count","White","Total - Visible minority","","0","units","0","","58.1.1.1.3.1","95560","","","","0"
"2021","Belleville - Quinte West (CMA), Ont.","2021S0503522","Total - Generation status","Total - Age","Count","South Asian","Total - Visible minority","","0","units","0","","58.1.1.1.4.1","2350","","","","0"
"2021","Belleville - Quinte West (CMA), Ont.","2021S0503522","Total - Generation status","Total - Age","Count","Chinese","Total - Visible minority","","0","units","0","","58.1.1.1.5.1","600","","","","0"
"2021","Belleville - Quinte West (CMA), Ont.","2021S0503522","Total - Generation status","Total - Age","Count","Black","Total - Visible minority","","0","units","0","","58.1.1.1.6.1","980","","","","0"
"2021","Belleville - Quinte West (CMA), Ont.","2021S0503522","Total - Generation status","Total - Age","Count","Filipino","Total - Visible minority","","0","units","0","","58.1.1.1.7.1","570","","","","0"
"2021","Belleville - Quinte West (CMA), Ont.","2021S0503522","Total - Generation status","Total - Age","Count","Arab","Total - Visible minority","","0","units","0","","58.1.1.1.8.1","235","","","","0"
"2021","Belleville - Quinte West (CMA), Ont.","2021S0503522","Total - Generation status","Total - Age","Count","Latin American","Total - Visible minority","","0","units","0","","58.1.1.1.9.1","610","","","","0"
"2021","Belleville - Quinte West (CMA), Ont.","2021S0503522","Total - Generation status","Total - Age","Count","Southeast Asian","Total - Visible minority","","0","units","0","","58.1.1.1.10.1","220","","","","0"
"2021","Belleville - Quinte West (CMA), Ont.","2021S0503522","Total - Generation status","Total - Age","Count","West Asian","Total - Visible minority","","0","units","0","","58.1.1.1.11.1","100","","","","0"
"2021","Belleville - Quinte West (CMA), Ont.","2021S0503522","Total - Generation status","Total - Age","Count","Korean","Total - Visible minority","","0","units","0","","58.1.1.1.12.1","250","","","","0"
"2021","Belleville - Quinte West (CMA), Ont.","2021S0503522","Total - Generation status","Total - Age","Count","Japanese","Total - Visible minority","","0","units","0","","58.1.1.1.13.1","70","","","","0"
"2021","Belleville - Quinte West (CMA), Ont.","2021S0503522","Total - Generation status","Total - Age","Count","Other population groups, n.i.e.","Total - Visible minority","","0","units","0","","58.1.1.1.14.1","295","","","","0"
"2021","Belleville - Quinte West (CMA), Ont.","2021S0503522","Total - Generation status","Total - Age","Count","Multiple population groups","Total - Visible minority","","0","units","0","","58.1.1.1.15.1","1600","","","","0"
"2021","Belleville - Quinte West (CMA), Ont.","2021S0503522","Total - Generation status","Total - Age","Count","Indigenous peoples","Total - Visible minority","","0","units","0","","58.1.1.1.87.1","5810","","","","0"
"2021","Brantford (CMA), Ont.","2021S0503543","Total - Generation status","Total - Age","Count","Total - Population group","Total - Visible minority","","0","units","0","","59.1.1.1.1.1","141905","","","","0"
"2021","Brantford (CMA), Ont.","2021S0503543","Total - Generation status","Total - Age","Count","White","Total - Visible minority","","0","units","0","","59.1.1.1.3.1","116580","","","","0"
"2021","Brantford (CMA), Ont.","2021S0503543","Total - Generation status","Total - Age","Count","South Asian","Total - Visible minority","","0","units","0","","59.1.1.1.4.1","6770","","","","0"
"2021","Brantford (CMA), Ont.","2021S0503543","Total - Generation status","Total - Age","Count","Chinese","Total - Visible minority","","0","units","0","","59.1.1.1.5.1","665","","","","0"
"2021","Brantford (CMA), Ont.","2021S0503543","Total - Generation status","Total - Age","Count","Black","Total - Visible minority","","0","units","0","","59.1.1.1.6.1","3390","","","","0"
"2021","Brantford (CMA), Ont.","2021S0503543","Total - Generation status","Total - Age","Count","Filipino","Total - Visible minority","","0","units","0","","59.1.1.1.7.1","1180","","","","0"
"2021","Brantford (CMA), Ont.","2021S0503543","Total - Generation status","Total - Age","Count","Arab","Total - Visible minority","","0","units","0","","59.1.1.1.8.1","730","","","","0"
"2021","Brantford (CMA), Ont.","2021S0503543","Total - Generation status","Total - Age","Count","Latin American","Total - Visible minority","","0","units","0","","59.1.1.1.9.1","1105","","","","0"
"2021","Brantford (CMA), Ont.","2021S0503543","Total - Generation status","Total - Age","Count","Southeast Asian","Total - Visible minority","","0","units","0","","59.1.1.1.10.1","1145","","","","0"
"2021","Brantford (CMA), Ont.","2021S0503543","Total - Generation status","Total - Age","Count","West Asian","Total - Visible minority","","0","units","0","","59.1.1.1.11.1","285","","","","0"
"2021","Brantford (CMA), Ont.","2021S0503543","Total - Generation status","Total - Age","Count","Korean","Total - Visible minority","","0","units","0","","59.1.1.1.12.1","290","","","","0"
"2021","Brantford (CMA), Ont.","2021S0503543","Total - Generation status","Total - Age","Count","Japanese","Total - Visible minority","","0","units","0","","59.1.1.1.13.1","50","","","","0"
"2021","Brantford (CMA), Ont.","2021S0503543","Total - Generation status","Total - Age","Count","Other population groups, n.i.e.","Total - Visible minority","","0","units","0","","59.1.1.1.14.1","470","","","","0"
"2021","Brantford (CMA), Ont.","2021S0503543","Total - Generation status","Total - Age","Count","Multiple population groups","Total - Visible minority","","0","units","0","","59.1.1.1.15.1","3105","","","","0"
"2021","Brantford (CMA), Ont.","2021S0503543","Total - Generation status","Total - Age","Count","Indigenous peoples","Total - Visible minority","","0","units","0","","59.1.1.1.87.1","6140","","","","0"
"2021","Greater Sudbury (CMA), Ont.","2021S0503580","Total - Generation status","Total - Age","Count","Total - Population group","Total - Visible minority","","0","units","0","","68.1.1.1.1.1","167615","","","","0"
"2021","Greater Sudbury (CMA), Ont.","2021S0503580","Total - Generation status","Total - Age","Count","White","Total - Visible minority","","0","units","0","","68.1.1.1.3.1","137390","","","","0"
"2021","Greater Sudbury (CMA), Ont.","2021S0503580","Total - Generation status","Total - Age","Count","South Asian","Total - Visible minority","","0","units","0","","68.1.1.1.4.1","2945","","","","0"
"2021","Greater Sudbury (CMA), Ont.","2021S0503580","Total - Generation status","Total - Age","Count","Chinese","Total - Visible minority","","0","units","0","","68.1.1.1.5.1","840","","","","0"
"2021","Greater Sudbury (CMA), Ont.","2021S0503580","Total - Generation status","Total - Age","Count","Black","Total - Visible minority","","0","units","0","","68.1.1.1.6.1","3520","","","","0"
"2021","Greater Sudbury (CMA), Ont.","2021S0503580","Total - Generation status","Total - Age","Count","Filipino","Total - Visible minority","","0","units","0","","68.1.1.1.7.1","355","","","","0"
"2021","Greater Sudbury (CMA), Ont.","2021S0503580","Total - Generation status","Total - Age","Count","Arab","Total - Visible minority","","0","units","0","","68.1.1.1.8.1","340","","","","0"
"2021","Greater Sudbury (CMA), Ont.","2021S0503580","Total - Generation status","Total - Age","Count","Latin American","Total - Visible minority","","0","units","0","","68.1.1.1.9.1","705","","","","0"
"2021","Greater Sudbury (CMA), Ont.","2021S0503580","Total - Generation status","Total - Age","Count","Southeast Asian","Total - Visible minority","","0","units","0","","68.1.1.1.10.1","355","","","","0"
"2021","Greater Sudbury (CMA), Ont.","2021S0503580","Total - Generation status","Total - Age","Count","West Asian","Total - Visible minority","","0","units","0","","68.1.1.1.11.1","140","","","","0"
"2021","Greater Sudbury (CMA), Ont.","2021S0503580","Total - Generation status","Total - Age","Count","Korean","Total - Visible minority","","0","units","0","","68.1.1.1.12.1","130","","","","0"
"2021","Greater Sudbury (CMA), Ont.","2021S0503580","Total - Generation status","Total - Age","Count","Japanese","Total - Visible minority","","0","units","0","","68.1.1.1.13.1","55","","","","0"
"2021","Greater Sudbury (CMA), Ont.","2021S0503580","Total - Generation status","Total - Age","Count","Other population groups, n.i.e.","Total - Visible minority","","0","units","0","","68.1.1.1.14.1","205","","","","0"
"2021","Greater Sudbury (CMA), Ont.","2021S0503580","Total - Generation status","Total - Age","Count","Multiple population groups","Total - Visible minority","","0","units","0","","68.1.1.1.15.1","1825","","","","0"
"2021","Greater Sudbury (CMA), Ont.","2021S0503580","Total - Generation status","Total - Age","Count","Indigenous peoples","Total - Visible minority","","0","units","0","","68.1.1.1.87.1","18810","","","","0"
"2021","Guelph (CMA), Ont.","2021S0503550","Total - Generation status","Total - Age","Count","Total - Population group","Total - Visible minority","","0","units","0","","69.1.1.1.1.1","163485","","","","0"
"2021","Guelph (CMA), Ont.","2021S0503550","Total - Generation status","Total - Age","Count","White","Total - Visible minority","","0","units","0","","69.1.1.1.3.1","121245","","","","0"
"2021","Guelph (CMA), Ont.","2021S0503550","Total - Generation status","Total - Age","Count","South Asian","Total - Visible minority","","0","units","0","","69.1.1.1.4.1","10845","","","","0"
"2021","Guelph (CMA), Ont.","2021S0503550","Total - Generation status","Total - Age","Count","Chinese","Total - Visible minority","","0","units","0","","69.1.1.1.5.1","4030","","","","0"
"2021","Guelph (CMA), Ont.","2021S0503550","Total - Generation status","Total - Age","Count","Black","Total - Visible minority","","0","units","0","","69.1.1.1.6.1","5315","","","","0"
"2021","Guelph (CMA), Ont.","2021S0503550","Total - Generation status","Total - Age","Count","Filipino","Total - Visible minority","","0","units","0","","69.1.1.1.7.1","3580","","","","0"
"2021","Guelph (CMA), Ont.","2021S0503550","Total - Generation status","Total - Age","Count","Arab","Total - Visible minority","","0","units","0","","69.1.1.1.8.1","1680","","","","0"
"2021","Guelph (CMA), Ont.","2021S0503550","Total - Generation status","Total - Age","Count","Latin American","Total - Visible minority","","0","units","0","","69.1.1.1.9.1","2150","","","","0"
"2021","Guelph (CMA), Ont.","2021S0503550","Total - Generation status","Total - Age","Count","Southeast Asian","Total - Visible minority","","0","units","0","","69.1.1.1.10.1","3055","","","","0"
"2021","Guelph (CMA), Ont.","2021S0503550","Total - Generation status","Total - Age","Count","West Asian","Total - Visible minority","","0","units","0","","69.1.1.1.11.1","2095","","","","0"
"2021","Guelph (CMA), Ont.","2021S0503550","Total - Generation status","Total - Age","Count","Korean","Total - Visible minority","","0","units","0","","69.1.1.1.12.1","375","","","","0"
"2021","Guelph (CMA), Ont.","2021S0503550","Total - Generation status","Total - Age","Count","Japanese","Total - Visible minority","","0","units","0","","69.1.1.1.13.1","155","","","","0"
"2021","Guelph (CMA), Ont.","2021S0503550","Total - Generation status","Total - Age","Count","Other population groups, n.i.e.","Total - Visible minority","","0","units","0","","69.1.1.1.14.1","890","","","","0"
"2021","Guelph (CMA), Ont.","2021S0503550","Total - Generation status","Total - Age","Count","Multiple population groups","Total - Visible minority","","0","units","0","","69.1.1.1.15.1","5600","","","","0"
"2021","Guelph (CMA), Ont.","2021S0503550","Total - Generation status","Total - Age","Count","Indigenous peoples","Total - Visible minority","","0","units","0","","69.1.1.1.87.1","2475","","","","0"
"2021","Hamilton (CMA), Ont.","2021S0503537","Total - Generation status","Total - Age","Count","Total - Population group","Total - Visible minority","","0","units","0","","70.1.1.1.1.1","773440","","","","0"
"2021","Hamilton (CMA), Ont.","2021S0503537","Total - Generation status","Total - Age","Count","White","Total - Visible minority","","0","units","0","","70.1.1.1.3.1","568325","","","","0"
"2021","Hamilton (CMA), Ont.","2021S0503537","Total - Generation status","Total - Age","Count","South Asian","Total - Visible minority","","0","units","0","","70.1.1.1.4.1","45250","","","","0"
"2021","Hamilton (CMA), Ont.","2021S0503537","Total - Generation status","Total - Age","Count","Chinese","Total - Visible minority","","0","units","0","","70.1.1.1.5.1","13995","","","","0"
"2021","Hamilton (CMA), Ont.","2021S0503537","Total - Generation status","Total - Age","Count","Black","Total - Visible minority","","0","units","0","","70.1.1.1.6.1","28085","","","","0"
"2021","Hamilton (CMA), Ont.","2021S0503537","Total - Generation status","Total - Age","Count","Filipino","Total - Visible minority","","0","units","0","","70.1.1.1.7.1","13415","","","","0"
"2021","Hamilton (CMA), Ont.","2021S0503537","Total - Generation status","Total - Age","Count","Arab","Total - Visible minority","","0","units","0","","70.1.1.1.8.1","19335","","","","0"
"2021","Hamilton (CMA), Ont.","2021S0503537","Total - Generation status","Total - Age","Count","Latin American","Total - Visible minority","","0","units","0","","70.1.1.1.9.1","14575","","","","0"
"2021","Hamilton (CMA), Ont.","2021S0503537","Total - Generation status","Total - Age","Count","Southeast Asian","Total - Visible minority","","0","units","0","","70.1.1.1.10.1","8985","","","","0"
"2021","Hamilton (CMA), Ont.","2021S0503537","Total - Generation status","Total - Age","Count","West Asian","Total - Visible minority","","0","units","0","","70.1.1.1.11.1","8875","","","","0"
"2021","Hamilton (CMA), Ont.","2021S0503537","Total - Generation status","Total - Age","Count","Korean","Total - Visible minority","","0","units","0","","70.1.1.1.12.1","3320","","","","0"
"2021","Hamilton (CMA), Ont.","2021S0503537","Total - Generation status","Total - Age","Count","Japanese","Total - Visible minority","","0","units","0","","70.1.1.1.13.1","945","","","","0"
"2021","Hamilton (CMA), Ont.","2021S0503537","Total - Generation status","Total - Age","Count","Other population groups, n.i.e.","Total - Visible minority","","0","units","0","","70.1.1.1.14.1","4870","","","","0"
"2021","Hamilton (CMA), Ont.","2021S0503537","Total - Generation status","Total - Age","Count","Multiple population groups","Total - Visible minority","","0","units","0","","70.1.1.1.15.1","28615","","","","0"
"2021","Hamilton (CMA), Ont.","2021S0503537","Total - Generation status","Total - Age","Count","Indigenous peoples","Total - Visible minority","","0","units","0","","70.1.1.1.87.1","14860","","","","0"
"2021","Kingston (CMA), Ont.","2021S0503521","Total - Generation status","Total - Age","Count","Total - Population group","Total - Visible minority","","0","units","0","","77.1.1.1.1.1","168075","","","","0"
"2021","Kingston (CMA), Ont.","2021S0503521","Total - Generation status","Total - Age","Count","White","Total - Visible minority","","0","units","0","","77.1.1.1.3.1","141540","","","","0"
"2021","Kingston (CMA), Ont.","2021S0503521","Total - Generation status","Total - Age","Count","South Asian","Total - Visible minority","","0","units","0","","77.1.1.1.4.1","4275","","","","0"
"2021","Kingston (CMA), Ont.","2021S0503521","Total - Generation status","Total - Age","Count","Chinese","Total - Visible minority","","0","units","0","","77.1.1.1.5.1","2860","","","","0"
"2021","Kingston (CMA), Ont.","2021S0503521","Total - Generation status","Total - Age","Count","Black","Total - Visible minority","","0","units","0","","77.1.1.1.6.1","2105","","","","0"
"2021","Kingston (CMA), Ont.","2021S0503521","Total - Generation status","Total - Age","Count","Filipino","Total - Visible minority","","0","units","0","","77.1.1.1.7.1","920","","","","0"
"2021","Kingston (CMA), Ont.","2021S0503521","Total - Generation status","Total - Age","Count","Arab","Total - Visible minority","","0","units","0","","77.1.1.1.8.1","1575","","","","0"
"2021","Kingston (CMA), Ont.","2021S0503521","Total - Generation status","Total - Age","Count","Latin American","Total - Visible minority","","0","units","0","","77.1.1.1.9.1","1355","","","","0"
"2021","Kingston (CMA), Ont.","2021S0503521","Total - Generation status","Total - Age","Count","Southeast Asian","Total - Visible minority","","0","units","0","","77.1.1.1.10.1","625","","","","0"
"2021","Kingston (CMA), Ont.","2021S0503521","Total - Generation status","Total - Age","Count","West Asian","Total - Visible minority","","0","units","0","","77.1.1.1.11.1","740","","","","0"
"2021","Kingston (CMA), Ont.","2021S0503521","Total - Generation status","Total - Age","Count","Korean","Total - Visible minority","","0","units","0","","77.1.1.1.12.1","580","","","","0"
"2021","Kingston (CMA), Ont.","2021S0503521","Total - Generation status","Total - Age","Count","Japanese","Total - Visible minority","","0","units","0","","77.1.1.1.13.1","135","","","","0"
"2021","Kingston (CMA), Ont.","2021S0503521","Total - Generation status","Total - Age","Count","Other population groups, n.i.e.","Total - Visible minority","","0","units","0","","77.1.1.1.14.1","475","","","","0"
"2021","Kingston (CMA), Ont.","2021S0503521","Total - Generation status","Total - Age","Count","Multiple population groups","Total - Visible minority","","0","units","0","","77.1.1.1.15.1","4040","","","","0"
"2021","Kingston (CMA), Ont.","2021S0503521","Total - Generation status","Total - Age","Count","Indigenous peoples","Total - Visible minority","","0","units","0","","77.1.1.1.87.1","6840","","","","0"
"2021","Kitchener - Cambridge - Waterloo (CMA), Ont.","2021S0503541","Total - Generation status","Total - Age","Count","Total - Population group","Total - Visible minority","","0","units","0","","78.1.1.1.1.1","568065","","","","0"
"2021","Kitchener - Cambridge - Waterloo (CMA), Ont.","2021S0503541","Total - Generation status","Total - Age","Count","White","Total - Visible minority","","0","units","0","","78.1.1.1.3.1","393155","","","","0"
"2021","Kitchener - Cambridge - Waterloo (CMA), Ont.","2021S0503541","Total - Generation status","Total - Age","Count","South Asian","Total - Visible minority","","0","units","0","","78.1.1.1.4.1","53650","","","","0"
"2021","Kitchener - Cambridge - Waterloo (CMA), Ont.","2021S0503541","Total - Generation status","Total - Age","Count","Chinese","Total - Visible minority","","0","units","0","","78.1.1.1.5.1","15885","","","","0"
"2021","Kitchener - Cambridge - Waterloo (CMA), Ont.","2021S0503541","Total - Generation status","Total - Age","Count","Black","Total - Visible minority","","0","units","0","","78.1.1.1.6.1","23290","","","","0"
"2021","Kitchener - Cambridge - Waterloo (CMA), Ont.","2021S0503541","Total - Generation status","Total - Age","Count","Filipino","Total - Visible minority","","0","units","0","","78.1.1.1.7.1","5190","","","","0"
"2021","Kitchener - Cambridge - Waterloo (CMA), Ont.","2021S0503541","Total - Generation status","Total - Age","Count","Arab","Total - Visible minority","","0","units","0","","78.1.1.1.8.1","10690","","","","0"
"2021","Kitchener - Cambridge - Waterloo (CMA), Ont.","2021S0503541","Total - Generation status","Total - Age","Count","Latin American","Total - Visible minority","","0","units","0","","78.1.1.1.9.1","12765","","","","0"
"2021","Kitchener - Cambridge - Waterloo (CMA), Ont.","2021S0503541","Total - Generation status","Total - Age","Count","Southeast Asian","Total - Visible minority","","0","units","0","","78.1.1.1.10.1","9660","","","","0"
"2021","Kitchener - Cambridge - Waterloo (CMA), Ont.","2021S0503541","Total - Generation status","Total - Age","Count","West Asian","Total - Visible minority","","0","units","0","","78.1.1.1.11.1","6025","","","","0"
"2021","Kitchener - Cambridge - Waterloo (CMA), Ont.","2021S0503541","Total - Generation status","Total - Age","Count","Korean","Total - Visible minority","","0","units","0","","78.1.1.1.12.1","2980","","","","0"
"2021","Kitchener - Cambridge - Waterloo (CMA), Ont.","2021S0503541","Total - Generation status","Total - Age","Count","Japanese","Total - Visible minority","","0","units","0","","78.1.1.1.13.1","680","","","","0"
"2021","Kitchener - Cambridge - Waterloo (CMA), Ont.","2021S0503541","Total - Generation status","Total - Age","Count","Other population groups, n.i.e.","Total - Visible minority","","0","units","0","","78.1.1.1.14.1","4630","","","","0"
"2021","Kitchener - Cambridge - Waterloo (CMA), Ont.","2021S0503541","Total - Generation status","Total - Age","Count","Multiple population groups","Total - Visible minority","","0","units","0","","78.1.1.1.15.1","19905","","","","0"
"2021","Kitchener - Cambridge - Waterloo (CMA), Ont.","2021S0503541","Total - Generation status","Total - Age","Count","Indigenous peoples","Total - Visible minority","","0","units","0","","78.1.1.1.87.1","9565","","","","0"
"2021","London (CMA), Ont.","2021S0503555","Total - Generation status","Total - Age","Count","Total - Population group","Total - Visible minority","","0","units","0","","79.1.1.1.1.1","535780","","","","0"
"2021","London (CMA), Ont.","2021S0503555","Total - Generation status","Total - Age","Count","White","Total - Visible minority","","0","units","0","","79.1.1.1.3.1","391275","","","","0"
"2021","London (CMA), Ont.","2021S0503555","Total - Generation status","Total - Age","Count","South Asian","Total - Visible minority","","0","units","0","","79.1.1.1.4.1","27135","","","","0"
"2021","London (CMA), Ont.","2021S0503555","Total - Generation status","Total - Age","Count","Chinese","Total - Visible minority","","0","units","0","","79.1.1.1.5.1","11470","","","","0"
"2021","London (CMA), Ont.","2021S0503555","Total - Generation status","Total - Age","Count","Black","Total - Visible minority","","0","units","0","","79.1.1.1.6.1","15525","","","","0"
"2021","London (CMA), Ont.","2021S0503555","Total - Generation status","Total - Age","Count","Filipino","Total - Visible minority","","0","units","0","","79.1.1.1.7.1","5705","","","","0"
"2021","London (CMA), Ont.","2021S0503555","Total - Generation status","Total - Age","Count","Arab","Total - Visible minority","","0","units","0","","79.1.1.1.8.1","22055","","","","0"
"2021","London (CMA), Ont.","2021S0503555","Total - Generation status","Total - Age","Count","Latin American","Total - Visible minority","","0","units","0","","79.1.1.1.9.1","13250","","","","0"
"2021","London (CMA), Ont.","2021S0503555","Total - Generation status","Total - Age","Count","Southeast Asian","Total - Visible minority","","0","units","0","","79.1.1.1.10.1","5925","","","","0"
"2021","London (CMA), Ont.","2021S0503555","Total - Generation status","Total - Age","Count","West Asian","Total - Visible minority","","0","units","0","","79.1.1.1.11.1","5450","","","","0"
"2021","London (CMA), Ont.","2021S0503555","Total - Generation status","Total - Age","Count","Korean","Total - Visible minority","","0","units","0","","79.1.1.1.12.1","4250","","","","0"
"2021","London (CMA), Ont.","2021S0503555","Total - Generation status","Total - Age","Count","Japanese","Total - Visible minority","","0","units","0","","79.1.1.1.13.1","420","","","","0"
"2021","London (CMA), Ont.","2021S0503555","Total - Generation status","Total - Age","Count","Other population groups, n.i.e.","Total - Visible minority","","0","units","0","","79.1.1.1.14.1","2755","","","","0"
"2021","London (CMA), Ont.","2021S0503555","Total - Generation status","Total - Age","Count","Multiple population groups","Total - Visible minority","","0","units","0","","79.1.1.1.15.1","17230","","","","0"
"2021","London (CMA), Ont.","2021S0503555","Total - Generation status","Total - Age","Count","Indigenous peoples","Total - Visible minority","","0","units","0","","79.1.1.1.87.1","13330","","","","0"
"2021","Oshawa (CMA), Ont.","2021S0503532","Total - Generation status","Total - Age","Count","Total - Population group","Total - Visible minority","","0","units","0","","84.1.1.1.1.1","411405","","","","0"
"2021","Oshawa (CMA), Ont.","2021S0503532","Total - Generation status","Total - Age","Count","White","Total - Visible minority","","0","units","0","","84.1.1.1.3.1","283060","","","","0"
"2021","Oshawa (CMA), Ont.","2021S0503532","Total - Generation status","Total - Age","Count","South Asian","Total - Visible minority","","0","units","0","","84.1.1.1.4.1","36260","","","","0"
"2021","Oshawa (CMA), Ont.","2021S0503532","Total - Generation status","Total - Age","Count","Chinese","Total - Visible minority","","0","units","0","","84.1.1.1.5.1","7870","","","","0"
"2021","Oshawa (CMA), Ont.","2021S0503532","Total - Generation status","Total - Age","Count","Black","Total - Visible minority","","0","units","0","","84.1.1.1.6.1","27845","","","","0"
"2021","Oshawa (CMA), Ont.","2021S0503532","Total - Generation status","Total - Age","Count","Filipino","Total - Visible minority","","0","units","0","","84.1.1.1.7.1","8000","","","","0"
"2021","Oshawa (CMA), Ont.","2021S0503532","Total - Generation status","Total - Age","Count","Arab","Total - Visible minority","","0","units","0","","84.1.1.1.8.1","3055","","","","0"
"2021","Oshawa (CMA), Ont.","2021S0503532","Total - Generation status","Total - Age","Count","Latin American","Total - Visible minority","","0","units","0","","84.1.1.1.9.1","4645","","","","0"
"2021","Oshawa (CMA), Ont.","2021S0503532","Total - Generation status","Total - Age","Count","Southeast Asian","Total - Visible minority","","0","units","0","","84.1.1.1.10.1","1600","","","","0"
"2021","Oshawa (CMA), Ont.","2021S0503532","Total - Generation status","Total - Age","Count","West Asian","Total - Visible minority","","0","units","0","","84.1.1.1.11.1","4960","","","","0"
"2021","Oshawa (CMA), Ont.","2021S0503532","Total - Generation status","Total - Age","Count","Korean","Total - Visible minority","","0","units","0","","84.1.1.1.12.1","1010","","","","0"
"2021","Oshawa (CMA), Ont.","2021S0503532","Total - Generation status","Total - Age","Count","Japanese","Total - Visible minority","","0","units","0","","84.1.1.1.13.1","245","","","","0"
"2021","Oshawa (CMA), Ont.","2021S0503532","Total - Generation status","Total - Age","Count","Other population groups, n.i.e.","Total - Visible minority","","0","units","0","","84.1.1.1.14.1","4385","","","","0"
"2021","Oshawa (CMA), Ont.","2021S0503532","Total - Generation status","Total - Age","Count","Multiple population groups","Total - Visible minority","","0","units","0","","84.1.1.1.15.1","18735","","","","0"
"2021","Oshawa (CMA), Ont.","2021S0503532","Total - Generation status","Total - Age","Count","Indigenous peoples","Total - Visible minority","","0","units","0","","84.1.1.1.87.1","9740","","","","0"
"2021","Ottawa - Gatineau (CMA), Ont./Que.","2021S0503505","Total - Generation status","Total - Age","Count","Total - Population group","Total - Visible minority","","0","units","0","","85.1.1.1.1.1","1464495","","","","0"
"2021","Ottawa - Gatineau (CMA), Ont./Que.","2021S0503505","Total - Generation status","Total - Age","Count","White","Total - Visible minority","","0","units","0","","85.1.1.1.3.1","1007275","","","","0"
"2021","Ottawa - Gatineau (CMA), Ont./Que.","2021S0503505","Total - Generation status","Total - Age","Count","South Asian","Total - Visible minority","","0","units","0","","85.1.1.1.4.1","56225","","","","0"
"2021","Ottawa - Gatineau (CMA), Ont./Que.","2021S0503505","Total - Generation status","Total - Age","Count","Chinese","Total - Visible minority","","0","units","0","","85.1.1.1.5.1","45235","","","","0"
"2021","Ottawa - Gatineau (CMA), Ont./Que.","2021S0503505","Total - Generation status","Total - Age","Count","Black","Total - Visible minority","","0","units","0","","85.1.1.1.6.1","105330","","","","0"
"2021","Ottawa - Gatineau (CMA), Ont./Que.","2021S0503505","Total - Generation status","Total - Age","Count","Filipino","Total - Visible minority","","0","units","0","","85.1.1.1.7.1","14345","","","","0"
"2021","Ottawa - Gatineau (CMA), Ont./Que.","2021S0503505","Total - Generation status","Total - Age","Count","Arab","Total - Visible minority","","0","units","0","","85.1.1.1.8.1","67995","","","","0"
"2021","Ottawa - Gatineau (CMA), Ont./Que.","2021S0503505","Total - Generation status","Total - Age","Count","Latin American","Total - Visible minority","","0","units","0","","85.1.1.1.9.1","20550","","","","0"
"2021","Ottawa - Gatineau (CMA), Ont./Que.","2021S0503505","Total - Generation status","Total - Age","Count","Southeast Asian","Total - Visible minority","","0","units","0","","85.1.1.1.10.1","15145","","","","0"
"2021","Ottawa - Gatineau (CMA), Ont./Que.","2021S0503505","Total - Generation status","Total - Age","Count","West Asian","Total - Visible minority","","0","units","0","","85.1.1.1.11.1","14450","","","","0"
"2021","Ottawa - Gatineau (CMA), Ont./Que.","2021S0503505","Total - Generation status","Total - Age","Count","Korean","Total - Visible minority","","0","units","0","","85.1.1.1.12.1","3860","","","","0"
"2021","Ottawa - Gatineau (CMA), Ont./Que.","2021S0503505","Total - Generation status","Total - Age","Count","Japanese","Total - Visible minority","","0","units","0","","85.1.1.1.13.1","1375","","","","0"
"2021","Ottawa - Gatineau (CMA), Ont./Que.","2021S0503505","Total - Generation status","Total - Age","Count","Other population groups, n.i.e.","Total - Visible minority","","0","units","0","","85.1.1.1.14.1","7805","","","","0"
"2021","Ottawa - Gatineau (CMA), Ont./Que.","2021S0503505","Total - Generation status","Total - Age","Count","Multiple population groups","Total - Visible minority","","0","units","0","","85.1.1.1.15.1","59455","","","","0"
"2021","Ottawa - Gatineau (CMA), Ont./Que.","2021S0503505","Total - Generation status","Total - Age","Count","Indigenous peoples","Total - Visible minority","","0","units","0","","85.1.1.1.87.1","45460","","","","0"
"2021","Peterborough (CMA), Ont.","2021S0503529","Total - Generation status","Total - Age","Count","Total - Population group","Total - Visible minority","","0","units","0","","91.1.1.1.1.1","125995","","","","0"
"2021","Peterborough (CMA), Ont.","2021S0503529","Total - Generation status","Total - Age","Count","White","Total - Visible minority","","0","units","0","","91.1.1.1.3.1","110240","","","","0"
"2021","Peterborough (CMA), Ont.","2021S0503529","Total - Generation status","Total - Age","Count","South Asian","Total - Visible minority","","0","units","0","","91.1.1.1.4.1","2670","","","","0"
"2021","Peterborough (CMA), Ont.","2021S0503529","Total - Generation status","Total - Age","Count","Chinese","Total - Visible minority","","0","units","0","","91.1.1.1.5.1","840","","","","0"
"2021","Peterborough (CMA), Ont.","2021S0503529","Total - Generation status","Total - Age","Count","Black","Total - Visible minority","","0","units","0","","91.1.1.1.6.1","1000","","","","0"
"2021","Peterborough (CMA), Ont.","2021S0503529","Total - Generation status","Total - Age","Count","Filipino","Total - Visible minority","","0","units","0","","91.1.1.1.7.1","505","","","","0"
"2021","Peterborough (CMA), Ont.","2021S0503529","Total - Generation status","Total - Age","Count","Arab","Total - Visible minority","","0","units","0","","91.1.1.1.8.1","505","","","","0"
"2021","Peterborough (CMA), Ont.","2021S0503529","Total - Generation status","Total - Age","Count","Latin American","Total - Visible minority","","0","units","0","","91.1.1.1.9.1","500","","","","0"
"2021","Peterborough (CMA), Ont.","2021S0503529","Total - Generation status","Total - Age","Count","Southeast Asian","Total - Visible minority","","0","units","0","","91.1.1.1.10.1","540","","","","0"
"2021","Peterborough (CMA), Ont.","2021S0503529","Total - Generation status","Total - Age","Count","West Asian","Total - Visible minority","","0","units","0","","91.1.1.1.11.1","305","","","","0"
"2021","Peterborough (CMA), Ont.","2021S0503529","Total - Generation status","Total - Age","Count","Korean","Total - Visible minority","","0","units","0","","91.1.1.1.12.1","325","","","","0"
"2021","Peterborough (CMA), Ont.","2021S0503529","Total - Generation status","Total - Age","Count","Japanese","Total - Visible minority","","0","units","0","","91.1.1.1.13.1","60","","","","0"
"2021","Peterborough (CMA), Ont.","2021S0503529","Total - Generation status","Total - Age","Count","Other population groups, n.i.e.","Total - Visible minority","","0","units","0","","91.1.1.1.14.1","235","","","","0"
"2021","Peterborough (CMA), Ont.","2021S0503529","Total - Generation status","Total - Age","Count","Multiple population groups","Total - Visible minority","","0","units","0","","91.1.1.1.15.1","2075","","","","0"
"2021","Peterborough (CMA), Ont.","2021S0503529","Total - Generation status","Total - Age","Count","Indigenous peoples","Total - Visible minority","","0","units","0","","91.1.1.1.87.1","6185","","","","0"
"2021","St. Catharines - Niagara (CMA), Ont.","2021S0503539","Total - Generation status","Total - Age","Count","Total - Population group","Total - Visible minority","","0","units","0","","95.1.1.1.1.1","425480","","","","0"
"2021","St. Catharines - Niagara (CMA), Ont.","2021S0503539","Total - Generation status","Total - Age","Count","White","Total - Visible minority","","0","units","0","","95.1.1.1.3.1","350240","","","","0"
"2021","St. Catharines - Niagara (CMA), Ont.","2021S0503539","Total - Generation status","Total - Age","Count","South Asian","Total - Visible minority","","0","units","0","","95.1.1.1.4.1","12095","","","","0"
"2021","St. Catharines - Niagara (CMA), Ont.","2021S0503539","Total - Generation status","Total - Age","Count","Chinese","Total - Visible minority","","0","units","0","","95.1.1.1.5.1","5730","","","","0"
"2021","St. Catharines - Niagara (CMA), Ont.","2021S0503539","Total - Generation status","Total - Age","Count","Black","Total - Visible minority","","0","units","0","","95.1.1.1.6.1","10050","","","","0"
"2021","St. Catharines - Niagara (CMA), Ont.","2021S0503539","Total - Generation status","Total - Age","Count","Filipino","Total - Visible minority","","0","units","0","","95.1.1.1.7.1","5735","","","","0"
"2021","St. Catharines - Niagara (CMA), Ont.","2021S0503539","Total - Generation status","Total - Age","Count","Arab","Total - Visible minority","","0","units","0","","95.1.1.1.8.1","3370","","","","0"
"2021","St. Catharines - Niagara (CMA), Ont.","2021S0503539","Total - Generation status","Total - Age","Count","Latin American","Total - Visible minority","","0","units","0","","95.1.1.1.9.1","6610","","","","0"
"2021","St. Catharines - Niagara (CMA), Ont.","2021S0503539","Total - Generation status","Total - Age","Count","Southeast Asian","Total - Visible minority","","0","units","0","","95.1.1.1.10.1","2705","","","","0"
"2021","St. Catharines - Niagara (CMA), Ont.","2021S0503539","Total - Generation status","Total - Age","Count","West Asian","Total - Visible minority","","0","units","0","","95.1.1.1.11.1","900","","","","0"
"2021","St. Catharines - Niagara (CMA), Ont.","2021S0503539","Total - Generation status","Total - Age","Count","Korean","Total - Visible minority","","0","units","0","","95.1.1.1.12.1","1795","","","","0"
"2021","St. Catharines - Niagara (CMA), Ont.","2021S0503539","Total - Generation status","Total - Age","Count","Japanese","Total - Visible minority","","0","units","0","","95.1.1.1.13.1","400","","","","0"
"2021","St. Catharines - Niagara (CMA), Ont.","2021S0503539","Total - Generation status","Total - Age","Count","Other population groups, n.i.e.","Total - Visible minority","","0","units","0","","95.1.1.1.14.1","1715","","","","0"
"2021","St. Catharines - Niagara (CMA), Ont.","2021S0503539","Total - Generation status","Total - Age","Count","Multiple population groups","Total - Visible minority","","0","units","0","","95.1.1.1.15.1","11430","","","","0"
"2021","St. Catharines - Niagara (CMA), Ont.","2021S0503539","Total - Generation status","Total - Age","Count","Indigenous peoples","Total - Visible minority","","0","units","0","","95.1.1.1.87.1","12705","","","","0"
"2021","Thunder Bay (CMA), Ont.","2021S0503595","Total - Generation status","Total - Age","Count","Total - Population group","Total - Visible minority","","0","units","0","","97.1.1.1.1.1","120960","","","","0"
"2021","Thunder Bay (CMA), Ont.","2021S0503595","Total - Generation status","Total - Age","Count","White","Total - Visible minority","","0","units","0","","97.1.1.1.3.1","95595","","","","0"
"2021","Thunder Bay (CMA), Ont.","2021S0503595","Total - Generation status","Total - Age","Count","South Asian","Total - Visible minority","","0","units","0","","97.1.1.1.4.1","2645","","","","0"
"2021","Thunder Bay (CMA), Ont.","2021S0503595","Total - Generation status","Total - Age","Count","Chinese","Total - Visible minority","","0","units","0","","97.1.1.1.5.1","865","","","","0"
"2021","Thunder Bay (CMA), Ont.","2021S0503595","Total - Generation status","Total - Age","Count","Black","Total - Visible minority","","0","units","0","","97.1.1.1.6.1","870","","","","0"
"2021","Thunder Bay (CMA), Ont.","2021S0503595","Total - Generation status","Total - Age","Count","Filipino","Total - Visible minority","","0","units","0","","97.1.1.1.7.1","355","","","","0"
"2021","Thunder Bay (CMA), Ont.","2021S0503595","Total - Generation status","Total - Age","Count","Arab","Total - Visible minority","","0","units","0","","97.1.1.1.8.1","460","","","","0"
"2021","Thunder Bay (CMA), Ont.","2021S0503595","Total - Generation status","Total - Age","Count","Latin American","Total - Visible minority","","0","units","0","","97.1.1.1.9.1","400","","","","0"
"2021","Thunder Bay (CMA), Ont.","2021S0503595","Total - Generation status","Total - Age","Count","Southeast Asian","Total - Visible minority","","0","units","0","","97.1.1.1.10.1","710","","","","0"
"2021","Thunder Bay (CMA), Ont.","2021S0503595","Total - Generation status","Total - Age","Count","West Asian","Total - Visible minority","","0","units","0","","97.1.1.1.11.1","190","","","","0"
"2021","Thunder Bay (CMA), Ont.","2021S0503595","Total - Generation status","Total - Age","Count","Korean","Total - Visible minority","","0","units","0","","97.1.1.1.12.1","135","","","","0"
"2021","Thunder Bay (CMA), Ont.","2021S0503595","Total - Generation status","Total - Age","Count","Japanese","Total - Visible minority","","0","units","0","","97.1.1.1.13.1","145","","","","0"
"2021","Thunder Bay (CMA), Ont.","2021S0503595","Total - Generation status","Total - Age","Count","Other population groups, n.i.e.","Total - Visible minority","","0","units","0","","97.1.1.1.14.1","265","","","","0"
"2021","Thunder Bay (CMA), Ont.","2021S0503595","Total - Generation status","Total - Age","Count","Multiple population groups","Total - Visible minority","","0","units","0","","97.1.1.1.15.1","1615","","","","0"
"2021","Thunder Bay (CMA), Ont.","2021S0503595","Total - Generation status","Total - Age","Count","Indigenous peoples","Total - Visible minority","","0","units","0","","97.1.1.1.87.1","16700","","","","0"
"2021","Toronto (CMA), Ont.","2021S0503535","Total - Generation status","Total - Age","Count","Total - Population group","Total - Visible minority","","0","units","0","","100.1.1.1.1.1","6142885","","","","0"
"2021","Toronto (CMA), Ont.","2021S0503535","Total - Generation status","Total - Age","Count","White","Total - Visible minority","","0","units","0","","100.1.1.1.3.1","2499745","","","","0"
"2021","Toronto (CMA), Ont.","2021S0503535","Total - Generation status","Total - Age","Count","South Asian","Total - Visible minority","","0","units","0","","100.1.1.1.4.1","1160985","","","","0"
"2021","Toronto (CMA), Ont.","2021S0503535","Total - Generation status","Total - Age","Count","Chinese","Total - Visible minority","","0","units","0","","100.1.1.1.5.1","657900","","","","0"
"2021","Toronto (CMA), Ont.","2021S0503535","Total - Generation status","Total - Age","Count","Black","Total - Visible minority","","0","units","0","","100.1.1.1.6.1","450910","","","","0"
"2021","Toronto (CMA), Ont.","2021S0503535","Total - Generation status","Total - Age","Count","Filipino","Total - Visible minority","","0","units","0","","100.1.1.1.7.1","267765","","","","0"
"2021","Toronto (CMA), Ont.","2021S0503535","Total - Generation status","Total - Age","Count","Arab","Total - Visible minority","","0","units","0","","100.1.1.1.8.1","122620","","","","0"
"2021","Toronto (CMA), Ont.","2021S0503535","Total - Generation status","Total - Age","Count","Latin American","Total - Visible minority","","0","units","0","","100.1.1.1.9.1","156080","","","","0"
"2021","Toronto (CMA), Ont.","2021S0503535","Total - Generation status","Total - Age","Count","Southeast Asian","Total - Visible minority","","0","units","0","","100.1.1.1.10.1","98175","","","","0"
"2021","Toronto (CMA), Ont.","2021S0503535","Total - Generation status","Total - Age","Count","West Asian","Total - Visible minority","","0","units","0","","100.1.1.1.11.1","159855","","","","0"
"2021","Toronto (CMA), Ont.","2021S0503535","Total - Generation status","Total - Age","Count","Korean","Total - Visible minority","","0","units","0","","100.1.1.1.12.1","71100","","","","0"
"2021","Toronto (CMA), Ont.","2021S0503535","Total - Generation status","Total - Age","Count","Japanese","Total - Visible minority","","0","units","0","","100.1.1.1.13.1","14065","","","","0"
"2021","Toronto (CMA), Ont.","2021S0503535","Total - Generation status","Total - Age","Count","Other population groups, n.i.e.","Total - Visible minority","","0","units","0","","100.1.1.1.14.1","110840","","","","0"
"2021","Toronto (CMA), Ont.","2021S0503535","Total - Generation status","Total - Age","Count","Multiple population groups","Total - Visible minority","","0","units","0","","100.1.1.1.15.1","329900","","","","0"
"2021","Toronto (CMA), Ont.","2021S0503535","Total - Generation status","Total - Age","Count","Indigenous peoples","Total - Visible minority","","0","units","0","","100.1.1.1.87.1","42935","","","","0"
"2021","Windsor (CMA), Ont.","2021S0503559","Total - Generation status","Total - Age","Count","Total - Population group","Total - Visible minority","","0","units","0","","102.1.1.1.1.1","415505","","","","0"
"2021","Windsor (CMA), Ont.","2021S0503559","Total - Generation status","Total - Age","Count","White","Total - Visible minority","","0","units","0","","102.1.1.1.3.1","300190","","","","0"
"2021","Windsor (CMA), Ont.","2021S0503559","Total - Generation status","Total - Age","Count","South Asian","Total - Visible minority","","0","units","0","","102.1.1.1.4.1","20100","","","","0"
"2021","Windsor (CMA), Ont.","2021S0503559","Total - Generation status","Total - Age","Count","Chinese","Total - Visible minority","","0","units","0","","102.1.1.1.5.1","8150","","","","0"
"2021","Windsor (CMA), Ont.","2021S0503559","Total - Generation status","Total - Age","Count","Black","Total - Visible minority","","0","units","0","","102.1.1.1.6.1","12775","","","","0"
"2021","Windsor (CMA), Ont.","2021S0503559","Total - Generation status","Total - Age","Count","Filipino","Total - Visible minority","","0","units","0","","102.1.1.1.7.1","4120","","","","0"
"2021","Windsor (CMA), Ont.","2021S0503559","Total - Generation status","Total - Age","Count","Arab","Total - Visible minority","","0","units","0","","102.1.1.1.8.1","25705","","","","0"
"2021","Windsor (CMA), Ont.","2021S0503559","Total - Generation status","Total - Age","Count","Latin American","Total - Visible minority","","0","units","0","","102.1.1.1.9.1","6540","","","","0"
"2021","Windsor (CMA), Ont.","2021S0503559","Total - Generation status","Total - Age","Count","Southeast Asian","Total - Visible minority","","0","units","0","","102.1.1.1.10.1","4970","","","","0"
"2021","Windsor (CMA), Ont.","2021S0503559","Total - Generation status","Total - Age","Count","West Asian","Total - Visible minority","","0","units","0","","102.1.1.1.11.1","4570","","","","0"
"2021","Windsor (CMA), Ont.","2021S0503559","Total - Generation status","Total - Age","Count","Korean","Total - Visible minority","","0","units","0","","102.1.1.1.12.1","600","","","","0"
"2021","Windsor (CMA), Ont.","2021S0503559","Total - Generation status","Total - Age","Count","Japanese","Total - Visible minority","","0","units","0","","102.1.1.1.13.1","165","","","","0"
"2021","Windsor (CMA), Ont.","2021S0503559","Total - Generation status","Total - Age","Count","Other population groups, n.i.e.","Total - Visible minority","","0","units","0","","102.1.1.1.14.1","1410","","","","0"
"2021","Windsor (CMA), Ont.","2021S0503559","Total - Generation status","Total - Age","Count","Multiple population groups","Total - Visible minority","","0","units","0","","102.1.1.1.15.1","14465","","","","0"
"2021","Windsor (CMA), Ont.","2021S0503559","Total - Generation status","Total - Age","Count","Indigenous peoples","Total - Visible minority","","0","units","0","","102.1.1.1.87.1","11750","","","","0"
"2021","Winnipeg (CMA), Man.","2021S0503602","Total - Generation status","Total - Age","Count","Total - Population group","Total - Visible minority","","0","units","0","","110.1.1.1.1.1","819715","","","","0"
"2021","Winnipeg (CMA), Man.","2021S0503602","Total - Generation status","Total - Age","Count","White","Total - Visible minority","","0","units","0","","110.1.1.1.3.1","453210","","","","0"
"2021","Winnipeg (CMA), Man.","2021S0503602","Total - Generation status","Total - Age","Count","South Asian","Total - Visible minority","","0","units","0","","110.1.1.1.4.1","62440","","","","0"
"2021","Winnipeg (CMA), Man.","2021S0503602","Total - Generation status","Total - Age","Count","Chinese","Total - Visible minority","","0","units","0","","110.1.1.1.5.1","21465","","","","0"
"2021","Winnipeg (CMA), Man.","2021S0503602","Total - Generation status","Total - Age","Count","Black","Total - Visible minority","","0","units","0","","110.1.1.1.6.1","37300","","","","0"
"2021","Winnipeg (CMA), Man.","2021S0503602","Total - Generation status","Total - Age","Count","Filipino","Total - Visible minority","","0","units","0","","110.1.1.1.7.1","81360","","","","0"
"2021","Winnipeg (CMA), Man.","2021S0503602","Total - Generation status","Total - Age","Count","Arab","Total - Visible minority","","0","units","0","","110.1.1.1.8.1","6840","","","","0"
"2021","Winnipeg (CMA), Man.","2021S0503602","Total - Generation status","Total - Age","Count","Latin American","Total - Visible minority","","0","units","0","","110.1.1.1.9.1","9125","","","","0"
"2021","Winnipeg (CMA), Man.","2021S0503602","Total - Generation status","Total - Age","Count","Southeast Asian","Total - Visible minority","","0","units","0","","110.1.1.1.10.1","9745","","","","0"
"2021","Winnipeg (CMA), Man.","2021S0503602","Total - Generation status","Total - Age","Count","West Asian","Total - Visible minority","","0","units","0","","110.1.1.1.11.1","3310","","","","0"
"2021","Winnipeg (CMA), Man.","2021S0503602","Total - Generation status","Total - Age","Count","Korean","Total - Visible minority","","0","units","0","","110.1.1.1.12.1","3740","","","","0"
"2021","Winnipeg (CMA), Man.","2021S0503602","Total - Generation status","Total - Age","Count","Japanese","Total - Visible minority","","0","units","0","","110.1.1.1.13.1","955","","","","0"
"2021","Winnipeg (CMA), Man.","2021S0503602","Total - Generation status","Total - Age","Count","Other population groups, n.i.e.","Total - Visible minority","","0","units","0","","110.1.1.1.14.1","4095","","","","0"
"2021","Winnipeg (CMA), Man.","2021S0503602","Total - Generation status","Total - Age","Count","Multiple population groups","Total - Visible minority","","0","units","0","","110.1.1.1.15.1","24850","","","","0"
"2021","Winnipeg (CMA), Man.","2021S0503602","Total - Generation status","Total - Age","Count","Indigenous peoples","Total - Visible minority","","0","units","0","","110.1.1.1.87.1","101285","","","","0"
"2021","Regina (CMA), Sask.","2021S0503705","Total - Generation status","Total - Age","Count","Total - Population group","Total - Visible minority","","0","units","0","","116.1.1.1.1.1","244950","","","","0"
"2021","Regina (CMA), Sask.","2021S0503705","Total - Generation status","Total - Age","Count","White","Total - Visible minority","","0","units","0","","116.1.1.1.3.1","161390","","","","0"
"2021","Regina (CMA), Sask.","2021S0503705","Total - Generation status","Total - Age","Count","South Asian","Total - Visible minority","","0","units","0","","116.1.1.1.4.1","19065","","","","0"
"2021","Regina (CMA), Sask.","2021S0503705","Total - Generation status","Total - Age","Count","Chinese","Total - Visible minority","","0","units","0","","116.1.1.1.5.1","5495","","","","0"
"2021","Regina (CMA), Sask.","2021S0503705","Total - Generation status","Total - Age","Count","Black","Total - Visible minority","","0","units","0","","116.1.1.1.6.1","9180","","","","0"
"2021","Regina (CMA), Sask.","2021S0503705","Total - Generation status","Total - Age","Count","Filipino","Total - Visible minority","","0","units","0","","116.1.1.1.7.1","11795","","","","0"
"2021","Regina (CMA), Sask.","2021S0503705","Total - Generation status","Total - Age","Count","Arab","Total - Visible minority","","0","units","0","","116.1.1.1.8.1","1960","","","","0"
"2021","Regina (CMA), Sask.","2021S0503705","Total - Generation status","Total - Age","Count","Latin American","Total - Visible minority","","0","units","0","","116.1.1.1.9.1","1430","","","","0"
"2021","Regina (CMA), Sask.","2021S0503705","Total - Generation status","Total - Age","Count","Southeast Asian","Total - Visible minority","","0","units","0","","116.1.1.1.10.1","3395","","","","0"
"2021","Regina (CMA), Sask.","2021S0503705","Total - Generation status","Total - Age","Count","West Asian","Total - Visible minority","","0","units","0","","116.1.1.1.11.1","925","","","","0"
"2021","Regina (CMA), Sask.","2021S0503705","Total - Generation status","Total - Age","Count","Korean","Total - Visible minority","","0","units","0","","116.1.1.1.12.1","575","","","","0"
"2021","Regina (CMA), Sask.","2021S0503705","Total - Generation status","Total - Age","Count","Japanese","Total - Visible minority","","0","units","0","","116.1.1.1.13.1","150","","","","0"
"2021","Regina (CMA), Sask.","2021S0503705","Total - Generation status","Total - Age","Count","Other population groups, n.i.e.","Total - Visible minority","","0","units","0","","116.1.1.1.14.1","595","","","","0"
"2021","Regina (CMA), Sask.","2021S0503705","Total - Generation status","Total - Age","Count","Multiple population groups","Total - Visible minority","","0","units","0","","116.1.1.1.15.1","4700","","","","0"
"2021","Regina (CMA), Sask.","2021S0503705","Total - Generation status","Total - Age","Count","Indigenous peoples","Total - Visible minority","","0","units","0","","116.1.1.1.87.1","24295","","","","0"
"2021","Saskatoon (CMA), Sask.","2021S0503725","Total - Generation status","Total - Age","Count","Total - Population group","Total - Visible minority","","0","units","0","","117.1.1.1.1.1","311515","","","","0"
"2021","Saskatoon (CMA), Sask.","2021S0503725","Total - Generation status","Total - Age","Count","White","Total - Visible minority","","0","units","0","","117.1.1.1.3.1","208195","","","","0"
"2021","Saskatoon (CMA), Sask.","2021S0503725","Total - Generation status","Total - Age","Count","South Asian","Total - Visible minority","","0","units","0","","117.1.1.1.4.1","18865","","","","0"
"2021","Saskatoon (CMA), Sask.","2021S0503725","Total - Generation status","Total - Age","Count","Chinese","Total - Visible minority","","0","units","0","","117.1.1.1.5.1","8725","","","","0"
"2021","Saskatoon (CMA), Sask.","2021S0503725","Total - Generation status","Total - Age","Count","Black","Total - Visible minority","","0","units","0","","117.1.1.1.6.1","8005","","","","0"
"2021","Saskatoon (CMA), Sask.","2021S0503725","Total - Generation status","Total - Age","Count","Filipino","Total - Visible minority","","0","units","0","","117.1.1.1.7.1","14250","","","","0"
"2021","Saskatoon (CMA), Sask.","2021S0503725","Total - Generation status","Total - Age","Count","Arab","Total - Visible minority","","0","units","0","","117.1.1.1.8.1","3035","","","","0"
"2021","Saskatoon (CMA), Sask.","2021S0503725","Total - Generation status","Total - Age","Count","Latin American","Total - Visible minority","","0","units","0","","117.1.1.1.9.1","2735","","","","0"
"2021","Saskatoon (CMA), Sask.","2021S0503725","Total - Generation status","Total - Age","Count","Southeast Asian","Total - Visible minority","","0","units","0","","117.1.1.1.10.1","3320","","","","0"
"2021","Saskatoon (CMA), Sask.","2021S0503725","Total - Generation status","Total - Age","Count","West Asian","Total - Visible minority","","0","units","0","","117.1.1.1.11.1","1750","","","","0"
"2021","Saskatoon (CMA), Sask.","2021S0503725","Total - Generation status","Total - Age","Count","Korean","Total - Visible minority","","0","units","0","","117.1.1.1.12.1","480","","","","0"
"2021","Saskatoon (CMA), Sask.","2021S0503725","Total - Generation status","Total - Age","Count","Japanese","Total - Visible minority","","0","units","0","","117.1.1.1.13.1","180","","","","0"
"2021","Saskatoon (CMA), Sask.","2021S0503725","Total - Generation status","Total - Age","Count","Other population groups, n.i.e.","Total - Visible minority","","0","units","0","","117.1.1.1.14.1","995","","","","0"
"2021","Saskatoon (CMA), Sask.","2021S0503725","Total - Generation status","Total - Age","Count","Multiple population groups","Total - Visible minority","","0","units","0","","117.1.1.1.15.1","6370","","","","0"
"2021","Saskatoon (CMA), Sask.","2021S0503725","Total - Generation status","Total - Age","Count","Indigenous peoples","Total - Visible minority","","0","units","0","","117.1.1.1.87.1","34600","","","","0"
"2021","Calgary (CMA), Alta.","2021S0503825","Total - Generation status","Total - Age","Count","Total - Population group","Total - Visible minority","","0","units","0","","123.1.1.1.1.1","1465180","","","","0"
"2021","Calgary (CMA), Alta.","2021S0503825","Total - Generation status","Total - Age","Count","White","Total - Visible minority","","0","units","0","","123.1.1.1.3.1","834960","","","","0"
"2021","Calgary (CMA), Alta.","2021S0503825","Total - Generation status","Total - Age","Count","South Asian","Total - Visible minority","","0","units","0","","123.1.1.1.4.1","148900","","","","0"
"2021","Calgary (CMA), Alta.","2021S0503825","Total - Generation status","Total - Age","Count","Chinese","Total - Visible minority","","0","units","0","","123.1.1.1.5.1","86580","","","","0"
"2021","Calgary (CMA), Alta.","2021S0503825","Total - Generation status","Total - Age","Count","Black","Total - Visible minority","","0","units","0","","123.1.1.1.6.1","69745","","","","0"
"2021","Calgary (CMA), Alta.","2021S0503825","Total - Generation status","Total - Age","Count","Filipino","Total - Visible minority","","0","units","0","","123.1.1.1.7.1","84445","","","","0"
"2021","Calgary (CMA), Alta.","2021S0503825","Total - Generation status","Total - Age","Count","Arab","Total - Visible minority","","0","units","0","","123.1.1.1.8.1","32020","","","","0"
"2021","Calgary (CMA), Alta.","2021S0503825","Total - Generation status","Total - Age","Count","Latin American","Total - Visible minority","","0","units","0","","123.1.1.1.9.1","34310","","","","0"
"2021","Calgary (CMA), Alta.","2021S0503825","Total - Generation status","Total - Age","Count","Southeast Asian","Total - Visible minority","","0","units","0","","123.1.1.1.10.1","26470","","","","0"
"2021","Calgary (CMA), Alta.","2021S0503825","Total - Generation status","Total - Age","Count","West Asian","Total - Visible minority","","0","units","0","","123.1.1.1.11.1","15660","","","","0"
"2021","Calgary (CMA), Alta.","2021S0503825","Total - Generation status","Total - Age","Count","Korean","Total - Visible minority","","0","units","0","","123.1.1.1.12.1","12170","","","","0"
"2021","Calgary (CMA), Alta.","2021S0503825","Total - Generation status","Total - Age","Count","Japanese","Total - Visible minority","","0","units","0","","123.1.1.1.13.1","3550","","","","0"
"2021","Calgary (CMA), Alta.","2021S0503825","Total - Generation status","Total - Age","Count","Other population groups, n.i.e.","Total - Visible minority","","0","units","0","","123.1.1.1.14.1","6960","","","","0"
"2021","Calgary (CMA), Alta.","2021S0503825","Total - Generation status","Total - Age","Count","Multiple population groups","Total - Visible minority","","0","units","0","","123.1.1.1.15.1","61740","","","","0"
"2021","Calgary (CMA), Alta.","2021S0503825","Total - Generation status","Total - Age","Count","Indigenous peoples","Total - Visible minority","","0","units","0","","123.1.1.1.87.1","47655","","","","0"
"2021","Edmonton (CMA), Alta.","2021S0503835","Total - Generation status","Total - Age","Count","Total - Population group","Total - Visible minority","","0","units","0","","126.1.1.1.1.1","1397750","","","","0"
"2021","Edmonton (CMA), Alta.","2021S0503835","Total - Generation status","Total - Age","Count","White","Total - Visible minority","","0","units","0","","126.1.1.1.3.1","837630","","","","0"
"2021","Edmonton (CMA), Alta.","2021S0503835","Total - Generation status","Total - Age","Count","South Asian","Total - Visible minority","","0","units","0","","126.1.1.1.4.1","119605","","","","0"
"2021","Edmonton (CMA), Alta.","2021S0503835","Total - Generation status","Total - Age","Count","Chinese","Total - Visible minority","","0","units","0","","126.1.1.1.5.1","57545","","","","0"
"2021","Edmonton (CMA), Alta.","2021S0503835","Total - Generation status","Total - Age","Count","Black","Total - Visible minority","","0","units","0","","126.1.1.1.6.1","74765","","","","0"
"2021","Edmonton (CMA), Alta.","2021S0503835","Total - Generation status","Total - Age","Count","Filipino","Total - Visible minority","","0","units","0","","126.1.1.1.7.1","76515","","","","0"
"2021","Edmonton (CMA), Alta.","2021S0503835","Total - Generation status","Total - Age","Count","Arab","Total - Visible minority","","0","units","0","","126.1.1.1.8.1","31285","","","","0"
"2021","Edmonton (CMA), Alta.","2021S0503835","Total - Generation status","Total - Age","Count","Latin American","Total - Visible minority","","0","units","0","","126.1.1.1.9.1","21930","","","","0"
"2021","Edmonton (CMA), Alta.","2021S0503835","Total - Generation status","Total - Age","Count","Southeast Asian","Total - Visible minority","","0","units","0","","126.1.1.1.10.1","18950","","","","0"
"2021","Edmonton (CMA), Alta.","2021S0503835","Total - Generation status","Total - Age","Count","West Asian","Total - Visible minority","","0","units","0","","126.1.1.1.11.1","7950","","","","0"
"2021","Edmonton (CMA), Alta.","2021S0503835","Total - Generation status","Total - Age","Count","Korean","Total - Visible minority","","0","units","0","","126.1.1.1.12.1","8020","","","","0"
"2021","Edmonton (CMA), Alta.","2021S0503835","Total - Generation status","Total - Age","Count","Japanese","Total - Visible minority","","0","units","0","","126.1.1.1.13.1","1445","","","","0"
"2021","Edmonton (CMA), Alta.","2021S0503835","Total - Generation status","Total - Age","Count","Other population groups, n.i.e.","Total - Visible minority","","0","units","0","","126.1.1.1.14.1","6955","","","","0"
"2021","Edmonton (CMA), Alta.","2021S0503835","Total - Generation status","Total - Age","Count","Multiple population groups","Total - Visible minority","","0","units","0","","126.1.1.1.15.1","48500","","","","0"
"2021","Edmonton (CMA), Alta.","2021S0503835","Total - Generation status","Total - Age","Count","Indigenous peoples","Total - Visible minority","","0","units","0","","126.1.1.1.87.1","86645","","","","0"
"2021","Lethbridge (CMA), Alta.","2021S0503810","Total - Generation status","Total - Age","Count","Total - Population group","Total - Visible minority","","0","units","0","","130.1.1.1.1.1","120500","","","","0"
"2021","Lethbridge (CMA), Alta.","2021S0503810","Total - Generation status","Total - Age","Count","White","Total - Visible minority","","0","units","0","","130.1.1.1.3.1","95895","","","","0"
"2021","Lethbridge (CMA), Alta.","2021S0503810","Total - Generation status","Total - Age","Count","South Asian","Total - Visible minority","","0","units","0","","130.1.1.1.4.1","2910","","","","0"
"2021","Lethbridge (CMA), Alta.","2021S0503810","Total - Generation status","Total - Age","Count","Chinese","Total - Visible minority","","0","units","0","","130.1.1.1.5.1","1105","","","","0"
"2021","Lethbridge (CMA), Alta.","2021S0503810","Total - Generation status","Total - Age","Count","Black","Total - Visible minority","","0","units","0","","130.1.1.1.6.1","2860","","","","0"
"2021","Lethbridge (CMA), Alta.","2021S0503810","Total - Generation status","Total - Age","Count","Filipino","Total - Visible minority","","0","units","0","","130.1.1.1.7.1","2210","","","","0"
"2021","Lethbridge (CMA), Alta.","2021S0503810","Total - Generation status","Total - Age","Count","Arab","Total - Visible minority","","0","units","0","","130.1.1.1.8.1","435","","","","0"
"2021","Lethbridge (CMA), Alta.","2021S0503810","Total - Generation status","Total - Age","Count","Latin American","Total - Visible minority","","0","units","0","","130.1.1.1.9.1","2390","","","","0"
"2021","Lethbridge (CMA), Alta.","2021S0503810","Total - Generation status","Total - Age","Count","Southeast Asian","Total - Visible minority","","0","units","0","","130.1.1.1.10.1","700","","","","0"
"2021","Lethbridge (CMA), Alta.","2021S0503810","Total - Generation status","Total - Age","Count","West Asian","Total - Visible minority","","0","units","0","","130.1.1.1.11.1","305","","","","0"
"2021","Lethbridge (CMA), Alta.","2021S0503810","Total - Generation status","Total - Age","Count","Korean","Total - Visible minority","","0","units","0","","130.1.1.1.12.1","185","","","","0"
"2021","Lethbridge (CMA), Alta.","2021S0503810","Total - Generation status","Total - Age","Count","Japanese","Total - Visible minority","","0","units","0","","130.1.1.1.13.1","975","","","","0"
"2021","Lethbridge (CMA), Alta.","2021S0503810","Total - Generation status","Total - Age","Count","Other population groups, n.i.e.","Total - Visible minority","","0","units","0","","130.1.1.1.14.1","250","","","","0"
"2021","Lethbridge (CMA), Alta.","2021S0503810","Total - Generation status","Total - Age","Count","Multiple population groups","Total - Visible minority","","0","units","0","","130.1.1.1.15.1","3170","","","","0"
"2021","Lethbridge (CMA), Alta.","2021S0503810","Total - Generation status","Total - Age","Count","Indigenous peoples","Total - Visible minority","","0","units","0","","130.1.1.1.87.1","7110","","","","0"
"2021","Red Deer (CMA), Alta.","2021S0503830","Total - Generation status","Total - Age","Count","Total - Population group","Total - Visible minority","","0","units","0","","136.1.1.1.1.1","98045","","","","0"
"2021","Red Deer (CMA), Alta.","2021S0503830","Total - Generation status","Total - Age","Count","White","Total - Visible minority","","0","units","0","","136.1.1.1.3.1","72265","","","","0"
"2021","Red Deer (CMA), Alta.","2021S0503830","Total - Generation status","Total - Age","Count","South Asian","Total - Visible minority","","0","units","0","","136.1.1.1.4.1","2055","","","","0"
"2021","Red Deer (CMA), Alta.","2021S0503830","Total - Generation status","Total - Age","Count","Chinese","Total - Visible minority","","0","units","0","","136.1.1.1.5.1","795","","","","0"
"2021","Red Deer (CMA), Alta.","2021S0503830","Total - Generation status","Total - Age","Count","Black","Total - Visible minority","","0","units","0","","136.1.1.1.6.1","1640","","","","0"
"2021","Red Deer (CMA), Alta.","2021S0503830","Total - Generation status","Total - Age","Count","Filipino","Total - Visible minority","","0","units","0","","136.1.1.1.7.1","7765","","","","0"
"2021","Red Deer (CMA), Alta.","2021S0503830","Total - Generation status","Total - Age","Count","Arab","Total - Visible minority","","0","units","0","","136.1.1.1.8.1","695","","","","0"
"2021","Red Deer (CMA), Alta.","2021S0503830","Total - Generation status","Total - Age","Count","Latin American","Total - Visible minority","","0","units","0","","136.1.1.1.9.1","1715","","","","0"
"2021","Red Deer (CMA), Alta.","2021S0503830","Total - Generation status","Total - Age","Count","Southeast Asian","Total - Visible minority","","0","units","0","","136.1.1.1.10.1","755","","","","0"
"2021","Red Deer (CMA), Alta.","2021S0503830","Total - Generation status","Total - Age","Count","West Asian","Total - Visible minority","","0","units","0","","136.1.1.1.11.1","390","","","","0"
"2021","Red Deer (CMA), Alta.","2021S0503830","Total - Generation status","Total - Age","Count","Korean","Total - Visible minority","","0","units","0","","136.1.1.1.12.1","300","","","","0"
"2021","Red Deer (CMA), Alta.","2021S0503830","Total - Generation status","Total - Age","Count","Japanese","Total - Visible minority","","0","units","0","","136.1.1.1.13.1","105","","","","0"
"2021","Red Deer (CMA), Alta.","2021S0503830","Total - Generation status","Total - Age","Count","Other population groups, n.i.e.","Total - Visible minority","","0","units","0","","136.1.1.1.14.1","295","","","","0"
"2021","Red Deer (CMA), Alta.","2021S0503830","Total - Generation status","Total - Age","Count","Multiple population groups","Total - Visible minority","","0","units","0","","136.1.1.1.15.1","2875","","","","0"
"2021","Red Deer (CMA), Alta.","2021S0503830","Total - Generation status","Total - Age","Count","Indigenous peoples","Total - Visible minority","","0","units","0","","136.1.1.1.87.1","6380","","","","0"
"2021","Abbotsford - Mission (CMA), B.C.","2021S0503932","Total - Generation status","Total - Age","Count","Total - Population group","Total - Visible minority","","0","units","0","","142.1.1.1.1.1","192115","","","","0"
"2021","Abbotsford - Mission (CMA), B.C.","2021S0503932","Total - Generation status","Total - Age","Count","White","Total - Visible minority","","0","units","0","","142.1.1.1.3.1","112660","","","","0"
"2021","Abbotsford - Mission (CMA), B.C.","2021S0503932","Total - Generation status","Total - Age","Count","South Asian","Total - Visible minority","","0","units","0","","142.1.1.1.4.1","49060","","","","0"
"2021","Abbotsford - Mission (CMA), B.C.","2021S0503932","Total - Generation status","Total - Age","Count","Chinese","Total - Visible minority","","0","units","0","","142.1.1.1.5.1","2395","","","","0"
"2021","Abbotsford - Mission (CMA), B.C.","2021S0503932","Total - Generation status","Total - Age","Count","Black","Total - Visible minority","","0","units","0","","142.1.1.1.6.1","1675","","","","0"
"2021","Abbotsford - Mission (CMA), B.C.","2021S0503932","Total - Generation status","Total - Age","Count","Filipino","Total - Visible minority","","0","units","0","","142.1.1.1.7.1","2665","","","","0"
"2021","Abbotsford - Mission (CMA), B.C.","2021S0503932","Total - Generation status","Total - Age","Count","Arab","Total - Visible minority","","0","units","0","","142.1.1.1.8.1","740","","","","0"
"2021","Abbotsford - Mission (CMA), B.C.","2021S0503932","Total - Generation status","Total - Age","Count","Latin American","Total - Visible minority","","0","units","0","","142.1.1.1.9.1","1855","","","","0"
"2021","Abbotsford - Mission (CMA), B.C.","2021S0503932","Total - Generation status","Total - Age","Count","Southeast Asian","Total - Visible minority","","0","units","0","","142.1.1.1.10.1","2275","","","","0"
"2021","Abbotsford - Mission (CMA), B.C.","2021S0503932","Total - Generation status","Total - Age","Count","West Asian","Total - Visible minority","","0","units","0","","142.1.1.1.11.1","730","","","","0"
"2021","Abbotsford - Mission (CMA), B.C.","2021S0503932","Total - Generation status","Total - Age","Count","Korean","Total - Visible minority","","0","units","0","","142.1.1.1.12.1","1490","","","","0"
"2021","Abbotsford - Mission (CMA), B.C.","2021S0503932","Total - Generation status","Total - Age","Count","Japanese","Total - Visible minority","","0","units","0","","142.1.1.1.13.1","370","","","","0"
"2021","Abbotsford - Mission (CMA), B.C.","2021S0503932","Total - Generation status","Total - Age","Count","Other population groups, n.i.e.","Total - Visible minority","","0","units","0","","142.1.1.1.14.1","445","","","","0"
"2021","Abbotsford - Mission (CMA), B.C.","2021S0503932","Total - Generation status","Total - Age","Count","Multiple population groups","Total - Visible minority","","0","units","0","","142.1.1.1.15.1","5350","","","","0"
"2021","Abbotsford - Mission (CMA), B.C.","2021S0503932","Total - Generation status","Total - Age","Count","Indigenous peoples","Total - Visible minority","","0","units","0","","142.1.1.1.87.1","10400","","","","0"
"2021","Chilliwack (CMA), B.C.","2021S0503930","Total - Generation status","Total - Age","Count","Total - Population group","Total - Visible minority","","0","units","0","","144.1.1.1.1.1","111560","","","","0"
"2021","Chilliwack (CMA), B.C.","2021S0503930","Total - Generation status","Total - Age","Count","White","Total - Visible minority","","0","units","0","","144.1.1.1.3.1","88505","","","","0"
"2021","Chilliwack (CMA), B.C.","2021S0503930","Total - Generation status","Total - Age","Count","South Asian","Total - Visible minority","","0","units","0","","144.1.1.1.4.1","2920","","","","0"
"2021","Chilliwack (CMA), B.C.","2021S0503930","Total - Generation status","Total - Age","Count","Chinese","Total - Visible minority","","0","units","0","","144.1.1.1.5.1","1270","","","","0"
"2021","Chilliwack (CMA), B.C.","2021S0503930","Total - Generation status","Total - Age","Count","Black","Total - Visible minority","","0","units","0","","144.1.1.1.6.1","675","","","","0"
"2021","Chilliwack (CMA), B.C.","2021S0503930","Total - Generation status","Total - Age","Count","Filipino","Total - Visible minority","","0","units","0","","144.1.1.1.7.1","1350","","","","0"
"2021","Chilliwack (CMA), B.C.","2021S0503930","Total - Generation status","Total - Age","Count","Arab","Total - Visible minority","","0","units","0","","144.1.1.1.8.1","240","","","","0"
"2021","Chilliwack (CMA), B.C.","2021S0503930","Total - Generation status","Total - Age","Count","Latin American","Total - Visible minority","","0","units","0","","144.1.1.1.9.1","1115","","","","0"
"2021","Chilliwack (CMA), B.C.","2021S0503930","Total - Generation status","Total - Age","Count","Southeast Asian","Total - Visible minority","","0","units","0","","144.1.1.1.10.1","990","","","","0"
"2021","Chilliwack (CMA), B.C.","2021S0503930","Total - Generation status","Total - Age","Count","West Asian","Total - Visible minority","","0","units","0","","144.1.1.1.11.1","295","","","","0"
"2021","Chilliwack (CMA), B.C.","2021S0503930","Total - Generation status","Total - Age","Count","Korean","Total - Visible minority","","0","units","0","","144.1.1.1.12.1","580","","","","0"
"2021","Chilliwack (CMA), B.C.","2021S0503930","Total - Generation status","Total - Age","Count","Japanese","Total - Visible minority","","0","units","0","","144.1.1.1.13.1","205","","","","0"
"2021","Chilliwack (CMA), B.C.","2021S0503930","Total - Generation status","Total - Age","Count","Other population groups, n.i.e.","Total - Visible minority","","0","units","0","","144.1.1.1.14.1","345","","","","0"
"2021","Chilliwack (CMA), B.C.","2021S0503930","Total - Generation status","Total - Age","Count","Multiple population groups","Total - Visible minority","","0","units","0","","144.1.1.1.15.1","2755","","","","0"
"2021","Chilliwack (CMA), B.C.","2021S0503930","Total - Generation status","Total - Age","Count","Indigenous peoples","Total - Visible minority","","0","units","0","","144.1.1.1.87.1","10325","","","","0"
"2021","Kamloops (CMA), B.C.","2021S0503925","Total - Generation status","Total - Age","Count","Total - Population group","Total - Visible minority","","0","units","0","","150.1.1.1.1.1","110545","","","","0"
"2021","Kamloops (CMA), B.C.","2021S0503925","Total - Generation status","Total - Age","Count","White","Total - Visible minority","","0","units","0","","150.1.1.1.3.1","87055","","","","0"
"2021","Kamloops (CMA), B.C.","2021S0503925","Total - Generation status","Total - Age","Count","South Asian","Total - Visible minority","","0","units","0","","150.1.1.1.4.1","4140","","","","0"
"2021","Kamloops (CMA), B.C.","2021S0503925","Total - Generation status","Total - Age","Count","Chinese","Total - Visible minority","","0","units","0","","150.1.1.1.5.1","1145","","","","0"
"2021","Kamloops (CMA), B.C.","2021S0503925","Total - Generation status","Total - Age","Count","Black","Total - Visible minority","","0","units","0","","150.1.1.1.6.1","765","","","","0"
"2021","Kamloops (CMA), B.C.","2021S0503925","Total - Generation status","Total - Age","Count","Filipino","Total - Visible minority","","0","units","0","","150.1.1.1.7.1","905","","","","0"
"2021","Kamloops (CMA), B.C.","2021S0503925","Total - Generation status","Total - Age","Count","Arab","Total - Visible minority","","0","units","0","","150.1.1.1.8.1","170","","","","0"
"2021","Kamloops (CMA), B.C.","2021S0503925","Total - Generation status","Total - Age","Count","Latin American","Total - Visible minority","","0","units","0","","150.1.1.1.9.1","500","","","","0"
"2021","Kamloops (CMA), B.C.","2021S0503925","Total - Generation status","Total - Age","Count","Southeast Asian","Total - Visible minority","","0","units","0","","150.1.1.1.10.1","295","","","","0"
"2021","Kamloops (CMA), B.C.","2021S0503925","Total - Generation status","Total - Age","Count","West Asian","Total - Visible minority","","0","units","0","","150.1.1.1.11.1","150","","","","0"
"2021","Kamloops (CMA), B.C.","2021S0503925","Total - Generation status","Total - Age","Count","Korean","Total - Visible minority","","0","units","0","","150.1.1.1.12.1","265","","","","0"
"2021","Kamloops (CMA), B.C.","2021S0503925","Total - Generation status","Total - Age","Count","Japanese","Total - Visible minority","","0","units","0","","150.1.1.1.13.1","485","","","","0"
"2021","Kamloops (CMA), B.C.","2021S0503925","Total - Generation status","Total - Age","Count","Other population groups, n.i.e.","Total - Visible minority","","0","units","0","","150.1.1.1.14.1","130","","","","0"
"2021","Kamloops (CMA), B.C.","2021S0503925","Total - Generation status","Total - Age","Count","Multiple population groups","Total - Visible minority","","0","units","0","","150.1.1.1.15.1","2455","","","","0"
"2021","Kamloops (CMA), B.C.","2021S0503925","Total - Generation status","Total - Age","Count","Indigenous peoples","Total - Visible minority","","0","units","0","","150.1.1.1.87.1","12100","","","","0"
"2021","Kelowna (CMA), B.C.","2021S0503915","Total - Generation status","Total - Age","Count","Total - Population group","Total - Visible minority","","0","units","0","","151.1.1.1.1.1","218525","","","","0"
"2021","Kelowna (CMA), B.C.","2021S0503915","Total - Generation status","Total - Age","Count","White","Total - Visible minority","","0","units","0","","151.1.1.1.3.1","179530","","","","0"
"2021","Kelowna (CMA), B.C.","2021S0503915","Total - Generation status","Total - Age","Count","South Asian","Total - Visible minority","","0","units","0","","151.1.1.1.4.1","6845","","","","0"
"2021","Kelowna (CMA), B.C.","2021S0503915","Total - Generation status","Total - Age","Count","Chinese","Total - Visible minority","","0","units","0","","151.1.1.1.5.1","2735","","","","0"
"2021","Kelowna (CMA), B.C.","2021S0503915","Total - Generation status","Total - Age","Count","Black","Total - Visible minority","","0","units","0","","151.1.1.1.6.1","1735","","","","0"
"2021","Kelowna (CMA), B.C.","2021S0503915","Total - Generation status","Total - Age","Count","Filipino","Total - Visible minority","","0","units","0","","151.1.1.1.7.1","2650","","","","0"
"2021","Kelowna (CMA), B.C.","2021S0503915","Total - Generation status","Total - Age","Count","Arab","Total - Visible minority","","0","units","0","","151.1.1.1.8.1","675","","","","0"
"2021","Kelowna (CMA), B.C.","2021S0503915","Total - Generation status","Total - Age","Count","Latin American","Total - Visible minority","","0","units","0","","151.1.1.1.9.1","1785","","","","0"
"2021","Kelowna (CMA), B.C.","2021S0503915","Total - Generation status","Total - Age","Count","Southeast Asian","Total - Visible minority","","0","units","0","","151.1.1.1.10.1","1035","","","","0"
"2021","Kelowna (CMA), B.C.","2021S0503915","Total - Generation status","Total - Age","Count","West Asian","Total - Visible minority","","0","units","0","","151.1.1.1.11.1","825","","","","0"
"2021","Kelowna (CMA), B.C.","2021S0503915","Total - Generation status","Total - Age","Count","Korean","Total - Visible minority","","0","units","0","","151.1.1.1.12.1","790","","","","0"
"2021","Kelowna (CMA), B.C.","2021S0503915","Total - Generation status","Total - Age","Count","Japanese","Total - Visible minority","","0","units","0","","151.1.1.1.13.1","790","","","","0"
"2021","Kelowna (CMA), B.C.","2021S0503915","Total - Generation status","Total - Age","Count","Other population groups, n.i.e.","Total - Visible minority","","0","units","0","","151.1.1.1.14.1","470","","","","0"
"2021","Kelowna (CMA), B.C.","2021S0503915","Total - Generation status","Total - Age","Count","Multiple population groups","Total - Visible minority","","0","units","0","","151.1.1.1.15.1","5445","","","","0"
"2021","Kelowna (CMA), B.C.","2021S0503915","Total - Generation status","Total - Age","Count","Indigenous peoples","Total - Visible minority","","0","units","0","","151.1.1.1.87.1","13220","","","","0"
"2021","Nanaimo (CMA), B.C.","2021S0503938","Total - Generation status","Total - Age","Count","Total - Population group","Total - Visible minority","","0","units","0","","153.1.1.1.1.1","112405","","","","0"
"2021","Nanaimo (CMA), B.C.","2021S0503938","Total - Generation status","Total - Age","Count","White","Total - Visible minority","","0","units","0","","153.1.1.1.3.1","87960","","","","0"
"2021","Nanaimo (CMA), B.C.","2021S0503938","Total - Generation status","Total - Age","Count","South Asian","Total - Visible minority","","0","units","0","","153.1.1.1.4.1","2980","","","","0"
"2021","Nanaimo (CMA), B.C.","2021S0503938","Total - Generation status","Total - Age","Count","Chinese","Total - Visible minority","","0","units","0","","153.1.1.1.5.1","2515","","","","0"
"2021","Nanaimo (CMA), B.C.","2021S0503938","Total - Generation status","Total - Age","Count","Black","Total - Visible minority","","0","units","0","","153.1.1.1.6.1","885","","","","0"
"2021","Nanaimo (CMA), B.C.","2021S0503938","Total - Generation status","Total - Age","Count","Filipino","Total - Visible minority","","0","units","0","","153.1.1.1.7.1","1360","","","","0"
"2021","Nanaimo (CMA), B.C.","2021S0503938","Total - Generation status","Total - Age","Count","Arab","Total - Visible minority","","0","units","0","","153.1.1.1.8.1","430","","","","0"
"2021","Nanaimo (CMA), B.C.","2021S0503938","Total - Generation status","Total - Age","Count","Latin American","Total - Visible minority","","0","units","0","","153.1.1.1.9.1","725","","","","0"
"2021","Nanaimo (CMA), B.C.","2021S0503938","Total - Generation status","Total - Age","Count","Southeast Asian","Total - Visible minority","","0","units","0","","153.1.1.1.10.1","1100","","","","0"
"2021","Nanaimo (CMA), B.C.","2021S0503938","Total - Generation status","Total - Age","Count","West Asian","Total - Visible minority","","0","units","0","","153.1.1.1.11.1","315","","","","0"
"2021","Nanaimo (CMA), B.C.","2021S0503938","Total - Generation status","Total - Age","Count","Korean","Total - Visible minority","","0","units","0","","153.1.1.1.12.1","645","","","","0"
"2021","Nanaimo (CMA), B.C.","2021S0503938","Total - Generation status","Total - Age","Count","Japanese","Total - Visible minority","","0","units","0","","153.1.1.1.13.1","405","","","","0"
"2021","Nanaimo (CMA), B.C.","2021S0503938","Total - Generation status","Total - Age","Count","Other population groups, n.i.e.","Total - Visible minority","","0","units","0","","153.1.1.1.14.1","375","","","","0"
"2021","Nanaimo (CMA), B.C.","2021S0503938","Total - Generation status","Total - Age","Count","Multiple population groups","Total - Visible minority","","0","units","0","","153.1.1.1.15.1","3070","","","","0"
"2021","Nanaimo (CMA), B.C.","2021S0503938","Total - Generation status","Total - Age","Count","Indigenous peoples","Total - Visible minority","","0","units","0","","153.1.1.1.87.1","9645","","","","0"
"2021","Vancouver (CMA), B.C.","2021S0503933","Total - Generation status","Total - Age","Count","Total - Population group","Total - Visible minority","","0","units","0","","166.1.1.1.1.1","2607015","","","","0"
"2021","Vancouver (CMA), B.C.","2021S0503933","Total - Generation status","Total - Age","Count","White","Total - Visible minority","","0","units","0","","166.1.1.1.3.1","1095160","","","","0"
"2021","Vancouver (CMA), B.C.","2021S0503933","Total - Generation status","Total - Age","Count","South Asian","Total - Visible minority","","0","units","0","","166.1.1.1.4.1","359960","","","","0"
"2021","Vancouver (CMA), B.C.","2021S0503933","Total - Generation status","Total - Age","Count","Chinese","Total - Visible minority","","0","units","0","","166.1.1.1.5.1","491115","","","","0"
"2021","Vancouver (CMA), B.C.","2021S0503933","Total - Generation status","Total - Age","Count","Black","Total - Visible minority","","0","units","0","","166.1.1.1.6.1","32900","","","","0"
"2021","Vancouver (CMA), B.C.","2021S0503933","Total - Generation status","Total - Age","Count","Filipino","Total - Visible minority","","0","units","0","","166.1.1.1.7.1","133020","","","","0"
"2021","Vancouver (CMA), B.C.","2021S0503933","Total - Generation status","Total - Age","Count","Arab","Total - Visible minority","","0","units","0","","166.1.1.1.8.1","21920","","","","0"
"2021","Vancouver (CMA), B.C.","2021S0503933","Total - Generation status","Total - Age","Count","Latin American","Total - Visible minority","","0","units","0","","166.1.1.1.9.1","51355","","","","0"
"2021","Vancouver (CMA), B.C.","2021S0503933","Total - Generation status","Total - Age","Count","Southeast Asian","Total - Visible minority","","0","units","0","","166.1.1.1.10.1","53325","","","","0"
"2021","Vancouver (CMA), B.C.","2021S0503933","Total - Generation status","Total - Age","Count","West Asian","Total - Visible minority","","0","units","0","","166.1.1.1.11.1","64540","","","","0"
"2021","Vancouver (CMA), B.C.","2021S0503933","Total - Generation status","Total - Age","Count","Korean","Total - Visible minority","","0","units","0","","166.1.1.1.12.1","61370","","","","0"
"2021","Vancouver (CMA), B.C.","2021S0503933","Total - Generation status","Total - Age","Count","Japanese","Total - Visible minority","","0","units","0","","166.1.1.1.13.1","21780","","","","0"
"2021","Vancouver (CMA), B.C.","2021S0503933","Total - Generation status","Total - Age","Count","Other population groups, n.i.e.","Total - Visible minority","","0","units","0","","166.1.1.1.14.1","16450","","","","0"
"2021","Vancouver (CMA), B.C.","2021S0503933","Total - Generation status","Total - Age","Count","Multiple population groups","Total - Visible minority","","0","units","0","","166.1.1.1.15.1","141845","","","","0"
"2021","Vancouver (CMA), B.C.","2021S0503933","Total - Generation status","Total - Age","Count","Indigenous peoples","Total - Visible minority","","0","units","0","","166.1.1.1.87.1","62265","","","","0"
"2021","Victoria (CMA), B.C.","2021S0503935","Total - Generation status","Total - Age","Count","Total - Population group","Total - Visible minority","","0","units","0","","168.1.1.1.1.1","388470","","","","0"
"2021","Victoria (CMA), B.C.","2021S0503935","Total - Generation status","Total - Age","Count","White","Total - Visible minority","","0","units","0","","168.1.1.1.3.1","300630","","","","0"
"2021","Victoria (CMA), B.C.","2021S0503935","Total - Generation status","Total - Age","Count","South Asian","Total - Visible minority","","0","units","0","","168.1.1.1.4.1","12285","","","","0"
"2021","Victoria (CMA), B.C.","2021S0503935","Total - Generation status","Total - Age","Count","Chinese","Total - Visible minority","","0","units","0","","168.1.1.1.5.1","15095","","","","0"
"2021","Victoria (CMA), B.C.","2021S0503935","Total - Generation status","Total - Age","Count","Black","Total - Visible minority","","0","units","0","","168.1.1.1.6.1","3485","","","","0"
"2021","Victoria (CMA), B.C.","2021S0503935","Total - Generation status","Total - Age","Count","Filipino","Total - Visible minority","","0","units","0","","168.1.1.1.7.1","7445","","","","0"
"2021","Victoria (CMA), B.C.","2021S0503935","Total - Generation status","Total - Age","Count","Arab","Total - Visible minority","","0","units","0","","168.1.1.1.8.1","1915","","","","0"
"2021","Victoria (CMA), B.C.","2021S0503935","Total - Generation status","Total - Age","Count","Latin American","Total - Visible minority","","0","units","0","","168.1.1.1.9.1","3935","","","","0"
"2021","Victoria (CMA), B.C.","2021S0503935","Total - Generation status","Total - Age","Count","Southeast Asian","Total - Visible minority","","0","units","0","","168.1.1.1.10.1","3040","","","","0"
"2021","Victoria (CMA), B.C.","2021S0503935","Total - Generation status","Total - Age","Count","West Asian","Total - Visible minority","","0","units","0","","168.1.1.1.11.1","1510","","","","0"
"2021","Victoria (CMA), B.C.","2021S0503935","Total - Generation status","Total - Age","Count","Korean","Total - Visible minority","","0","units","0","","168.1.1.1.12.1","2170","","","","0"
"2021","Victoria (CMA), B.C.","2021S0503935","Total - Generation status","Total - Age","Count","Japanese","Total - Visible minority","","0","units","0","","168.1.1.1.13.1","1835","","","","0"
"2021","Victoria (CMA), B.C.","2021S0503935","Total - Generation status","Total - Age","Count","Other population groups, n.i.e.","Total - Visible minority","","0","units","0","","168.1.1.1.14.1","1075","","","","0"
"2021","Victoria (CMA), B.C.","2021S0503935","Total - Generation status","Total - Age","Count","Multiple population groups","Total - Visible minority","","0","units","0","","168.1.1.1.15.1","15015","","","","0"
"2021","Victoria (CMA), B.C.","2021S0503935","Total - Generation status","Total - Age","Count","Indigenous peoples","Total - Visible minority","","0","units","0","","168.1.1.1.87.1","19050","","","","0"


