{"type":"FeatureCollection","features":[{"type":"Feature","properties":{"id":"2500"},"geometry":{"type":"LineString","coordinates":[[-141.0,61.530742],[-141.0,61.51485],[-140.983333,61.51485],[-140.983333,61.49895],[-140.966667,61.49895],[-140.966667,61.483042],[-140.933333,61.483042],[-140.933333,61.49895],[-140.916667,61.49895],[-140.916667,61.51485],[-140.95,61.51485],[-140.95,61.530742],[-141.0,61.530742]]}},{"type":"Feature","properties":{"id":"2500"},"geometry":{"type":"LineString","coordinates":[[-140.133333,61.419328],[-140.133333,61.403379],[-140.1,61.403379],[-140.1,61.419328],[-140.133333,61.419328]]}},{"type":"Feature","properties":{"id":"2500"},"geometry":{"type":"LineString","coordinates":[[-140.616667,61.419328],[-140.616667,61.403379],[-140.583333,61.403379],[-140.583333,61.363471],[-140.55,61.363471],[-140.55,61.347493],[-140.516667,61.347493],[-140.516667,61.37944],[-140.55,61.37944],[-140.55,61.419328],[-140.616667,61.419328]]}},{"type":"Feature","properties":{"id":"2500"},"geometry":{"type":"LineString","coordinates":[[-141.0,61.419328],[-141.0,61.331508],[-140.983333,61.331508],[-140.983333,61.347493],[-140.916667,61.347493],[-140.916667,61.363471],[-140.933333,61.363471],[-140.933333,61.37944],[-140.95,61.37944],[-140.95,61.403379],[-140.983333,61.403379],[-140.983333,61.419328],[-141.0,61.419328]]}},{"type":"Feature","properties":{"id":"2500"},"geometry":{"type":"LineString","coordinates":[[-140.716667,61.331508],[-140.716667,61.315514],[-140.666667,61.315514],[-140.666667,61.331508],[-140.716667,61.331508]]}},{"type":"Feature","properties":{"id":"2500"},"geometry":{"type":"LineString","coordinates":[[-140.783333,61.37944],[-140.783333,61.363471],[-140.866667,61.363471],[-140.866667,61.347493],[-140.833333,61.347493],[-140.833333,61.331508],[-140.8,61.331508],[-140.8,61.299512],[-140.783333,61.299512],[-140.783333,61.315514],[-140.733333,61.315514],[-140.733333,61.331508],[-140.716667,61.331508],[-140.716667,61.347493],[-140.683333,61.347493],[-140.683333,61.363471],[-140.75,61.363471],[-140.75,61.37944],[-140.783333,61.37944]]}},{"type":"Feature","properties":{"id":"2500"},"geometry":{"type":"LineString","coordinates":[[-140.133333,61.315514],[-140.133333,61.299512],[-140.1,61.299512],[-140.1,61.315514],[-140.133333,61.315514]]}},{"type":"Feature","properties":{"id":"2500"},"geometry":{"type":"LineString","coordinates":[[-140.266667,61.299512],[-140.266667,61.283502],[-140.25,61.283502],[-140.25,61.299512],[-140.266667,61.299512]]}},{"type":"Feature","properties":{"id":"2500"},"geometry":{"type":"LineString","coordinates":[[-140.666667,61.283502],[-140.666667,61.267484],[-140.65,61.267484],[-140.65,61.283502],[-140.666667,61.283502]]}},{"type":"Feature","properties":{"id":"2500"},"geometry":{"type":"LineString","coordinates":[[-140.566667,61.283502],[-140.566667,61.267484],[-140.55,61.267484],[-140.55,61.283502],[-140.566667,61.283502]]}},{"type":"Feature","properties":{"id":"2500"},"geometry":{"type":"LineString","coordinates":[[-140.45,61.283502],[-140.45,61.267484],[-140.433333,61.267484],[-140.433333,61.283502],[-140.45,61.283502]]}},{"type":"Feature","properties":{"id":"2500"},"geometry":{"type":"LineString","coordinates":[[-139.783333,61.283502],[-139.783333,61.267484],[-139.766667,61.267484],[-139.766667,61.283502],[-139.783333,61.283502]]}},{"type":"Feature","properties":{"id":"2500"},"geometry":{"type":"LineString","coordinates":[[-140.733333,61.299512],[-140.733333,61.283502],[-140.75,61.283502],[-140.75,61.267484],[-140.783333,61.267484],[-140.783333,61.251458],[-140.683333,61.251458],[-140.683333,61.267484],[-140.7,61.267484],[-140.7,61.299512],[-140.733333,61.299512]]}},{"type":"Feature","properties":{"id":"2500"},"geometry":{"type":"LineString","coordinates":[[-140.65,61.267484],[-140.65,61.251458],[-140.633333,61.251458],[-140.633333,61.267484],[-140.65,61.267484]]}},{"type":"Feature","properties":{"id":"2500"},"geometry":{"type":"LineString","coordinates":[[-140.5,61.267484],[-140.5,61.251458],[-140.45,61.251458],[-140.45,61.267484],[-140.5,61.267484]]}},{"type":"Feature","properties":{"id":"2500"},"geometry":{"type":"LineString","coordinates":[[-140.616667,61.299512],[-140.616667,61.251458],[-140.633333,61.251458],[-140.633333,61.235423],[-140.6,61.235423],[-140.6,61.283502],[-140.583333,61.283502],[-140.583333,61.299512],[-140.616667,61.299512]]}},{"type":"Feature","properties":{"id":"2500"},"geometry":{"type":"LineString","coordinates":[[-139.416667,61.251458],[-139.416667,61.235423],[-139.366667,61.235423],[-139.366667,61.251458],[-139.416667,61.251458]]}},{"type":"Feature","properties":{"id":"2500"},"geometry":{"type":"LineString","coordinates":[[-140.983333,61.331508],[-140.983333,61.315514],[-140.95,61.315514],[-140.95,61.299512],[-141.0,61.299512],[-141.0,61.283502],[-140.983333,61.283502],[-140.983333,61.267484],[-140.95,61.267484],[-140.95,61.251458],[-140.933333,61.251458],[-140.933333,61.235423],[-140.95,61.235423],[-140.95,61.21938],[-140.883333,61.21938],[-140.883333,61.235423],[-140.866667,61.235423],[-140.866667,61.251458],[-140.9,61.251458],[-140.9,61.267484],[-140.933333,61.267484],[-140.933333,61.283502],[-140.916667,61.283502],[-140.916667,61.299512],[-140.883333,61.299512],[-140.883333,61.283502],[-140.85,61.283502],[-140.85,61.267484],[-140.816667,61.267484],[-140.816667,61.283502],[-140.8,61.283502],[-140.8,61.299512],[-140.866667,61.299512],[-140.866667,61.315514],[-140.833333,61.315514],[-140.833333,61.331508],[-140.9,61.331508],[-140.9,61.315514],[-140.933333,61.315514],[-140.933333,61.331508],[-140.983333,61.331508]]}},{"type":"Feature","properties":{"id":"2500"},"geometry":{"type":"LineString","coordinates":[[-140.85,61.235423],[-140.85,61.21938],[-140.833333,61.21938],[-140.833333,61.235423],[-140.85,61.235423]]}},{"type":"Feature","properties":{"id":"2500"},"geometry":{"type":"LineString","coordinates":[[-140.816667,61.235423],[-140.816667,61.21938],[-140.833333,61.21938],[-140.833333,61.203329],[-140.8,61.203329],[-140.8,61.21938],[-140.783333,61.21938],[-140.783333,61.235423],[-140.816667,61.235423]]}},{"type":"Feature","properties":{"id":"2500"},"geometry":{"type":"LineString","coordinates":[[-140.75,61.235423],[-140.75,61.21938],[-140.783333,61.21938],[-140.783333,61.203329],[-140.716667,61.203329],[-140.716667,61.235423],[-140.75,61.235423]]}},{"type":"Feature","properties":{"id":"2500"},"geometry":{"type":"LineString","coordinates":[[-140.666667,61.21938],[-140.666667,61.203329],[-140.65,61.203329],[-140.65,61.21938],[-140.666667,61.21938]]}},{"type":"Feature","properties":{"id":"2500"},"geometry":{"type":"LineString","coordinates":[[-140.7,61.21938],[-140.7,61.203329],[-140.716667,61.203329],[-140.716667,61.18727],[-140.666667,61.18727],[-140.666667,61.203329],[-140.683333,61.203329],[-140.683333,61.21938],[-140.7,61.21938]]}},{"type":"Feature","properties":{"id":"2500"},"geometry":{"type":"LineString","coordinates":[[-140.283333,61.203329],[-140.283333,61.18727],[-140.266667,61.18727],[-140.266667,61.203329],[-140.283333,61.203329]]}},{"type":"Feature","properties":{"id":"2500"},"geometry":{"type":"LineString","coordinates":[[-140.433333,61.251458],[-140.433333,61.235423],[-140.416667,61.235423],[-140.416667,61.21938],[-140.4,61.21938],[-140.4,61.203329],[-140.483333,61.203329],[-140.483333,61.18727],[-140.45,61.18727],[-140.45,61.163166],[-140.383333,61.163166],[-140.383333,61.18727],[-140.366667,61.18727],[-140.366667,61.203329],[-140.333333,61.203329],[-140.333333,61.21938],[-140.35,61.21938],[-140.35,61.235423],[-140.383333,61.235423],[-140.383333,61.251458],[-140.433333,61.251458]]}},{"type":"Feature","properties":{"id":"2500"},"geometry":{"type":"LineString","coordinates":[[-140.366667,61.18727],[-140.366667,61.163166],[-140.333333,61.163166],[-140.333333,61.18727],[-140.366667,61.18727]]}},{"type":"Feature","properties":{"id":"2500"},"geometry":{"type":"LineString","coordinates":[[-140.266667,61.18727],[-140.266667,61.163166],[-140.25,61.163166],[-140.25,61.18727],[-140.266667,61.18727]]}},{"type":"Feature","properties":{"id":"2500"},"geometry":{"type":"LineString","coordinates":[[-139.816667,61.18727],[-139.816667,61.163166],[-139.783333,61.163166],[-139.783333,61.18727],[-139.816667,61.18727]]}},{"type":"Feature","properties":{"id":"2500"},"geometry":{"type":"LineString","coordinates":[[-139.633333,61.18727],[-139.633333,61.163166],[-139.616667,61.163166],[-139.616667,61.18727],[-139.633333,61.18727]]}},{"type":"Feature","properties":{"id":"2500"},"geometry":{"type":"LineString","coordinates":[[-139.85,61.163166],[-139.85,61.147086],[-139.816667,61.147086],[-139.816667,61.163166],[-139.85,61.163166]]}},{"type":"Feature","properties":{"id":"2500"},"geometry":{"type":"LineString","coordinates":[[-140.966667,61.147086],[-140.966667,61.130999],[-140.95,61.130999],[-140.95,61.147086],[-140.966667,61.147086]]}},{"type":"Feature","properties":{"id":"2500"},"geometry":{"type":"LineString","coordinates":[[-139.883333,61.147086],[-139.883333,61.130999],[-139.85,61.130999],[-139.85,61.147086],[-139.883333,61.147086]]}},{"type":"Feature","properties":{"id":"2500"},"geometry":{"type":"LineString","coordinates":[[-140.316667,61.163166],[-140.316667,61.147086],[-140.366667,61.147086],[-140.366667,61.130999],[-140.316667,61.130999],[-140.316667,61.114903],[-140.25,61.114903],[-140.25,61.130999],[-140.266667,61.130999],[-140.266667,61.147086],[-140.283333,61.147086],[-140.283333,61.163166],[-140.316667,61.163166]]}},{"type":"Feature","properties":{"id":"2500"},"geometry":{"type":"LineString","coordinates":[[-140.9,61.18727],[-140.9,61.163166],[-140.933333,61.163166],[-140.933333,61.130999],[-140.95,61.130999],[-140.95,61.114903],[-140.9,61.114903],[-140.9,61.130999],[-140.85,61.130999],[-140.85,61.147086],[-140.816667,61.147086],[-140.816667,61.130999],[-140.783333,61.130999],[-140.783333,61.147086],[-140.766667,61.147086],[-140.766667,61.163166],[-140.733333,61.163166],[-140.733333,61.18727],[-140.85,61.18727],[-140.85,61.163166],[-140.883333,61.163166],[-140.883333,61.18727],[-140.9,61.18727]]}},{"type":"Feature","properties":{"id":"2500"},"geometry":{"type":"LineString","coordinates":[[-140.216667,61.130999],[-140.216667,61.114903],[-140.2,61.114903],[-140.2,61.130999],[-140.216667,61.130999]]}},{"type":"Feature","properties":{"id":"2500"},"geometry":{"type":"LineString","coordinates":[[-140.583333,61.098799],[-140.583333,61.082686],[-140.55,61.082686],[-140.55,61.098799],[-140.583333,61.098799]]}},{"type":"Feature","properties":{"id":"2500"},"geometry":{"type":"LineString","coordinates":[[-140.55,61.147086],[-140.55,61.130999],[-140.533333,61.130999],[-140.533333,61.114903],[-140.516667,61.114903],[-140.516667,61.098799],[-140.533333,61.098799],[-140.533333,61.082686],[-140.5,61.082686],[-140.5,61.098799],[-140.466667,61.098799],[-140.466667,61.066565],[-140.45,61.066565],[-140.45,61.098799],[-140.366667,61.098799],[-140.366667,61.114903],[-140.4,61.114903],[-140.4,61.130999],[-140.416667,61.130999],[-140.416667,61.114903],[-140.466667,61.114903],[-140.466667,61.130999],[-140.5,61.130999],[-140.5,61.147086],[-140.55,61.147086]]}},{"type":"Feature","properties":{"id":"2500"},"geometry":{"type":"LineString","coordinates":[[-140.116667,61.147086],[-140.116667,61.130999],[-140.133333,61.130999],[-140.133333,61.114903],[-140.15,61.114903],[-140.15,61.098799],[-140.233333,61.098799],[-140.233333,61.114903],[-140.25,61.114903],[-140.25,61.098799],[-140.266667,61.098799],[-140.266667,61.082686],[-140.2,61.082686],[-140.2,61.066565],[-140.15,61.066565],[-140.15,61.082686],[-140.133333,61.082686],[-140.133333,61.098799],[-140.116667,61.098799],[-140.116667,61.114903],[-140.066667,61.114903],[-140.066667,61.130999],[-140.083333,61.130999],[-140.083333,61.147086],[-140.116667,61.147086]]}},{"type":"Feature","properties":{"id":"2500"},"geometry":{"type":"LineString","coordinates":[[-140.55,61.082686],[-140.55,61.066565],[-140.533333,61.066565],[-140.533333,61.082686],[-140.55,61.082686]]}},{"type":"Feature","properties":{"id":"2500"},"geometry":{"type":"LineString","coordinates":[[-139.566667,61.082686],[-139.566667,61.066565],[-139.55,61.066565],[-139.55,61.082686],[-139.566667,61.082686]]}},{"type":"Feature","properties":{"id":"2500"},"geometry":{"type":"LineString","coordinates":[[-140.866667,61.098799],[-140.866667,61.082686],[-140.916667,61.082686],[-140.916667,61.066565],[-140.966667,61.066565],[-140.966667,61.082686],[-141.0,61.082686],[-141.0,61.066565],[-140.983333,61.066565],[-140.983333,61.050437],[-140.9,61.050437],[-140.9,61.066565],[-140.883333,61.066565],[-140.883333,61.050437],[-140.866667,61.050437],[-140.866667,61.066565],[-140.8,61.066565],[-140.8,61.098799],[-140.866667,61.098799]]}},{"type":"Feature","properties":{"id":"2500"},"geometry":{"type":"LineString","coordinates":[[-140.716667,61.147086],[-140.716667,61.130999],[-140.75,61.130999],[-140.75,61.098799],[-140.766667,61.098799],[-140.766667,61.082686],[-140.783333,61.082686],[-140.783333,61.066565],[-140.766667,61.066565],[-140.766667,61.050437],[-140.716667,61.050437],[-140.716667,61.066565],[-140.7,61.066565],[-140.7,61.082686],[-140.666667,61.082686],[-140.666667,61.066565],[-140.6,61.066565],[-140.6,61.082686],[-140.616667,61.082686],[-140.616667,61.098799],[-140.6,61.098799],[-140.6,61.114903],[-140.633333,61.114903],[-140.633333,61.082686],[-140.65,61.082686],[-140.65,61.098799],[-140.683333,61.098799],[-140.683333,61.130999],[-140.7,61.130999],[-140.7,61.147086],[-140.716667,61.147086]]}},{"type":"Feature","properties":{"id":"2500"},"geometry":{"type":"LineString","coordinates":[[-140.5,61.066565],[-140.5,61.050437],[-140.483333,61.050437],[-140.483333,61.066565],[-140.5,61.066565]]}},{"type":"Feature","properties":{"id":"2500"},"geometry":{"type":"LineString","coordinates":[[-139.1,61.050437],[-139.1,61.0343],[-139.083333,61.0343],[-139.083333,61.050437],[-139.1,61.050437]]}},{"type":"Feature","properties":{"id":"2500"},"geometry":{"type":"LineString","coordinates":[[-139.833333,61.267484],[-139.833333,61.251458],[-139.866667,61.251458],[-139.866667,61.235423],[-139.933333,61.235423],[-139.933333,61.21938],[-139.966667,61.21938],[-139.966667,61.251458],[-140.016667,61.251458],[-140.016667,61.21938],[-140.05,61.21938],[-140.05,61.235423],[-140.1,61.235423],[-140.1,61.18727],[-140.116667,61.18727],[-140.116667,61.203329],[-140.15,61.203329],[-140.15,61.18727],[-140.166667,61.18727],[-140.166667,61.163166],[-140.15,61.163166],[-140.15,61.147086],[-140.133333,61.147086],[-140.133333,61.163166],[-140.066667,61.163166],[-140.066667,61.203329],[-140.033333,61.203329],[-140.033333,61.18727],[-140.05,61.18727],[-140.05,61.163166],[-140.016667,61.163166],[-140.016667,61.130999],[-140.05,61.130999],[-140.05,61.082686],[-140.066667,61.082686],[-140.066667,61.066565],[-140.1,61.066565],[-140.1,61.050437],[-140.083333,61.050437],[-140.083333,61.0343],[-140.116667,61.0343],[-140.116667,61.018154],[-140.05,61.018154],[-140.05,61.0343],[-139.966667,61.0343],[-139.966667,61.050437],[-140.0,61.050437],[-140.0,61.066565],[-140.016667,61.066565],[-140.016667,61.050437],[-140.033333,61.050437],[-140.033333,61.082686],[-140.0,61.082686],[-140.0,61.114903],[-139.983333,61.114903],[-139.983333,61.130999],[-139.966667,61.130999],[-139.966667,61.114903],[-139.95,61.114903],[-139.95,61.130999],[-139.9,61.130999],[-139.9,61.147086],[-139.933333,61.147086],[-139.933333,61.163166],[-139.983333,61.163166],[-139.983333,61.18727],[-139.9,61.18727],[-139.9,61.203329],[-139.866667,61.203329],[-139.866667,61.21938],[-139.85,61.21938],[-139.85,61.235423],[-139.816667,61.235423],[-139.816667,61.251458],[-139.783333,61.251458],[-139.783333,61.267484],[-139.833333,61.267484]]}},{"type":"Feature","properties":{"id":"2500"},"geometry":{"type":"LineString","coordinates":[[-139.083333,61.0343],[-139.083333,61.018154],[-139.066667,61.018154],[-139.066667,61.0343],[-139.083333,61.0343]]}},{"type":"Feature","properties":{"id":"2500"},"geometry":{"type":"LineString","coordinates":[[-140.616667,61.050437],[-140.616667,61.0343],[-140.6,61.0343],[-140.6,61.018154],[-140.583333,61.018154],[-140.583333,61.002001],[-140.566667,61.002001],[-140.566667,61.050437],[-140.616667,61.050437]]}},{"type":"Feature","properties":{"id":"2500"},"geometry":{"type":"LineString","coordinates":[[-140.7,61.018154],[-140.7,61.002001],[-140.683333,61.002001],[-140.683333,61.018154],[-140.7,61.018154]]}},{"type":"Feature","properties":{"id":"2500"},"geometry":{"type":"LineString","coordinates":[[-139.25,61.018154],[-139.25,61.002001],[-139.233333,61.002001],[-139.233333,60.985839],[-139.2,60.985839],[-139.2,60.969669],[-139.183333,60.969669],[-139.183333,60.985839],[-139.166667,60.985839],[-139.166667,61.002001],[-139.183333,61.002001],[-139.183333,61.018154],[-139.25,61.018154]]}},{"type":"Feature","properties":{"id":"2500"},"geometry":{"type":"LineString","coordinates":[[-140.533333,60.985839],[-140.533333,60.969669],[-140.516667,60.969669],[-140.516667,60.985839],[-140.533333,60.985839]]}},{"type":"Feature","properties":{"id":"2500"},"geometry":{"type":"LineString","coordinates":[[-140.366667,60.985839],[-140.366667,60.969669],[-140.35,60.969669],[-140.35,60.985839],[-140.366667,60.985839]]}},{"type":"Feature","properties":{"id":"2500"},"geometry":{"type":"LineString","coordinates":[[-138.866667,60.985839],[-138.866667,60.969669],[-138.85,60.969669],[-138.85,60.985839],[-138.866667,60.985839]]}},{"type":"Feature","properties":{"id":"2500"},"geometry":{"type":"LineString","coordinates":[[-140.55,60.969669],[-140.55,60.953491],[-140.533333,60.953491],[-140.533333,60.969669],[-140.55,60.969669]]}},{"type":"Feature","properties":{"id":"2500"},"geometry":{"type":"LineString","coordinates":[[-138.833333,60.969669],[-138.833333,60.953491],[-138.816667,60.953491],[-138.816667,60.969669],[-138.833333,60.969669]]}},{"type":"Feature","properties":{"id":"2500"},"geometry":{"type":"LineString","coordinates":[[-140.983333,61.002001],[-140.983333,60.969669],[-141.0,60.969669],[-141.0,60.953491],[-140.983333,60.953491],[-140.983333,60.937305],[-140.95,60.937305],[-140.95,60.953491],[-140.933333,60.953491],[-140.933333,60.969669],[-140.95,60.969669],[-140.95,60.985839],[-140.966667,60.985839],[-140.966667,61.002001],[-140.983333,61.002001]]}},{"type":"Feature","properties":{"id":"2500"},"geometry":{"type":"LineString","coordinates":[[-140.9,60.985839],[-140.9,60.969669],[-140.883333,60.969669],[-140.883333,60.937305],[-140.816667,60.937305],[-140.816667,60.953491],[-140.8,60.953491],[-140.8,60.969669],[-140.75,60.969669],[-140.75,60.953491],[-140.766667,60.953491],[-140.766667,60.937305],[-140.733333,60.937305],[-140.733333,60.969669],[-140.716667,60.969669],[-140.716667,60.985839],[-140.816667,60.985839],[-140.816667,60.969669],[-140.85,60.969669],[-140.85,60.953491],[-140.866667,60.953491],[-140.866667,60.985839],[-140.9,60.985839]]}},{"type":"Feature","properties":{"id":"2500"},"geometry":{"type":"LineString","coordinates":[[-140.4,61.018154],[-140.4,61.002001],[-140.433333,61.002001],[-140.433333,60.985839],[-140.466667,60.985839],[-140.466667,60.953491],[-140.45,60.953491],[-140.45,60.937305],[-140.433333,60.937305],[-140.433333,60.91301],[-140.4,60.91301],[-140.4,60.969669],[-140.416667,60.969669],[-140.416667,60.985839],[-140.383333,60.985839],[-140.383333,61.018154],[-140.4,61.018154]]}},{"type":"Feature","properties":{"id":"2500"},"geometry":{"type":"LineString","coordinates":[[-140.733333,60.937305],[-140.733333,60.91301],[-140.683333,60.91301],[-140.683333,60.937305],[-140.733333,60.937305]]}},{"type":"Feature","properties":{"id":"2500"},"geometry":{"type":"LineString","coordinates":[[-139.616667,60.937305],[-139.616667,60.91301],[-139.6,60.91301],[-139.6,60.937305],[-139.616667,60.937305]]}},{"type":"Feature","properties":{"id":"2500"},"geometry":{"type":"LineString","coordinates":[[-139.166667,60.937305],[-139.166667,60.91301],[-139.133333,60.91301],[-139.133333,60.937305],[-139.166667,60.937305]]}},{"type":"Feature","properties":{"id":"2500"},"geometry":{"type":"LineString","coordinates":[[-140.516667,60.969669],[-140.516667,60.953491],[-140.533333,60.953491],[-140.533333,60.896803],[-140.45,60.896803],[-140.45,60.937305],[-140.483333,60.937305],[-140.483333,60.953491],[-140.5,60.953491],[-140.5,60.969669],[-140.516667,60.969669]]}},{"type":"Feature","properties":{"id":"2500"},"geometry":{"type":"LineString","coordinates":[[-140.5,60.937305],[-140.483333,60.937305],[-140.483333,60.91301],[-140.5,60.91301],[-140.5,60.937305]]}},{"type":"Feature","properties":{"id":"2500"},"geometry":{"type":"LineString","coordinates":[[-140.666667,61.002001],[-140.666667,60.985839],[-140.633333,60.985839],[-140.633333,60.953491],[-140.666667,60.953491],[-140.666667,60.969669],[-140.716667,60.969669],[-140.716667,60.953491],[-140.683333,60.953491],[-140.683333,60.937305],[-140.666667,60.937305],[-140.666667,60.91301],[-140.683333,60.91301],[-140.683333,60.896803],[-140.65,60.896803],[-140.65,60.91301],[-140.6,60.91301],[-140.6,60.937305],[-140.616667,60.937305],[-140.616667,60.969669],[-140.6,60.969669],[-140.6,60.953491],[-140.566667,60.953491],[-140.566667,60.969669],[-140.583333,60.969669],[-140.583333,61.002001],[-140.666667,61.002001]]}},{"type":"Feature","properties":{"id":"2500"},"geometry":{"type":"LineString","coordinates":[[-139.116667,61.002001],[-139.116667,60.985839],[-139.166667,60.985839],[-139.166667,60.969669],[-139.083333,60.969669],[-139.083333,60.953491],[-139.05,60.953491],[-139.05,60.937305],[-139.033333,60.937305],[-139.033333,60.91301],[-139.0,60.91301],[-139.0,60.896803],[-138.983333,60.896803],[-138.983333,60.880588],[-138.95,60.880588],[-138.95,60.896803],[-138.933333,60.896803],[-138.933333,60.91301],[-138.983333,60.91301],[-138.983333,60.937305],[-139.0,60.937305],[-139.0,60.953491],[-139.016667,60.953491],[-139.016667,61.002001],[-139.05,61.002001],[-139.05,60.985839],[-139.1,60.985839],[-139.1,61.002001],[-139.116667,61.002001]]}},{"type":"Feature","properties":{"id":"2500"},"geometry":{"type":"LineString","coordinates":[[-139.05,60.985839],[-139.033333,60.985839],[-139.033333,60.969669],[-139.05,60.969669],[-139.05,60.985839]]}},{"type":"Feature","properties":{"id":"2500"},"geometry":{"type":"LineString","coordinates":[[-138.916667,60.896803],[-138.916667,60.880588],[-138.9,60.880588],[-138.9,60.896803],[-138.916667,60.896803]]}},{"type":"Feature","properties":{"id":"2500"},"geometry":{"type":"LineString","coordinates":[[-139.416667,60.896803],[-139.416667,60.880588],[-139.483333,60.880588],[-139.483333,60.864364],[-139.5,60.864364],[-139.5,60.848133],[-139.433333,60.848133],[-139.433333,60.864364],[-139.416667,60.864364],[-139.416667,60.848133],[-139.4,60.848133],[-139.4,60.864364],[-139.366667,60.864364],[-139.366667,60.896803],[-139.416667,60.896803]]}},{"type":"Feature","properties":{"id":"2500"},"geometry":{"type":"LineString","coordinates":[[-139.283333,60.864364],[-139.283333,60.848133],[-139.266667,60.848133],[-139.266667,60.864364],[-139.283333,60.864364]]}},{"type":"Feature","properties":{"id":"2500"},"geometry":{"type":"LineString","coordinates":[[-140.35,60.848133],[-140.35,60.831893],[-140.333333,60.831893],[-140.333333,60.848133],[-140.35,60.848133]]}},{"type":"Feature","properties":{"id":"2500"},"geometry":{"type":"LineString","coordinates":[[-139.833333,60.848133],[-139.833333,60.831893],[-139.816667,60.831893],[-139.816667,60.848133],[-139.833333,60.848133]]}},{"type":"Feature","properties":{"id":"2500"},"geometry":{"type":"LineString","coordinates":[[-139.266667,60.848133],[-139.266667,60.831893],[-139.25,60.831893],[-139.25,60.848133],[-139.266667,60.848133]]}},{"type":"Feature","properties":{"id":"2500"},"geometry":{"type":"LineString","coordinates":[[-139.0,60.848133],[-139.0,60.831893],[-138.9,60.831893],[-138.9,60.848133],[-139.0,60.848133]]}},{"type":"Feature","properties":{"id":"2500"},"geometry":{"type":"LineString","coordinates":[[-139.133333,60.91301],[-139.133333,60.880588],[-139.116667,60.880588],[-139.116667,60.864364],[-139.166667,60.864364],[-139.166667,60.880588],[-139.2,60.880588],[-139.2,60.864364],[-139.183333,60.864364],[-139.183333,60.815645],[-139.133333,60.815645],[-139.133333,60.831893],[-139.116667,60.831893],[-139.116667,60.815645],[-139.066667,60.815645],[-139.066667,60.799388],[-139.05,60.799388],[-139.05,60.815645],[-139.033333,60.815645],[-139.033333,60.848133],[-139.0,60.848133],[-139.0,60.880588],[-139.066667,60.880588],[-139.066667,60.896803],[-139.1,60.896803],[-139.1,60.91301],[-139.133333,60.91301]]}},{"type":"Feature","properties":{"id":"2500"},"geometry":{"type":"LineString","coordinates":[[-140.416667,60.815645],[-140.416667,60.799388],[-140.35,60.799388],[-140.35,60.815645],[-140.416667,60.815645]]}},{"type":"Feature","properties":{"id":"2500"},"geometry":{"type":"LineString","coordinates":[[-139.5,60.815645],[-139.5,60.799388],[-139.466667,60.799388],[-139.466667,60.815645],[-139.5,60.815645]]}},{"type":"Feature","properties":{"id":"2500"},"geometry":{"type":"LineString","coordinates":[[-139.016667,60.815645],[-139.016667,60.799388],[-138.983333,60.799388],[-138.983333,60.815645],[-139.016667,60.815645]]}},{"type":"Feature","properties":{"id":"2500"},"geometry":{"type":"LineString","coordinates":[[-139.333333,60.831893],[-139.333333,60.799388],[-139.35,60.799388],[-139.35,60.815645],[-139.45,60.815645],[-139.45,60.799388],[-139.383333,60.799388],[-139.383333,60.783123],[-139.333333,60.783123],[-139.333333,60.76685],[-139.3,60.76685],[-139.3,60.783123],[-139.266667,60.783123],[-139.266667,60.799388],[-139.216667,60.799388],[-139.216667,60.815645],[-139.233333,60.815645],[-139.233333,60.831893],[-139.25,60.831893],[-139.25,60.815645],[-139.283333,60.815645],[-139.283333,60.831893],[-139.3,60.831893],[-139.3,60.815645],[-139.316667,60.815645],[-139.316667,60.831893],[-139.333333,60.831893]]}},{"type":"Feature","properties":{"id":"2500"},"geometry":{"type":"LineString","coordinates":[[-140.266667,60.783123],[-140.266667,60.76685],[-140.25,60.76685],[-140.25,60.783123],[-140.266667,60.783123]]}},{"type":"Feature","properties":{"id":"2500"},"geometry":{"type":"LineString","coordinates":[[-140.233333,60.76685],[-140.233333,60.750569],[-140.2,60.750569],[-140.2,60.76685],[-140.233333,60.76685]]}},{"type":"Feature","properties":{"id":"2500"},"geometry":{"type":"LineString","coordinates":[[-140.283333,60.848133],[-140.283333,60.831893],[-140.333333,60.831893],[-140.333333,60.783123],[-140.316667,60.783123],[-140.316667,60.799388],[-140.25,60.799388],[-140.25,60.815645],[-140.2,60.815645],[-140.2,60.799388],[-140.216667,60.799388],[-140.216667,60.783123],[-140.2,60.783123],[-140.2,60.76685],[-140.15,60.76685],[-140.15,60.783123],[-140.133333,60.783123],[-140.133333,60.76685],[-140.1,60.76685],[-140.1,60.750569],[-140.083333,60.750569],[-140.083333,60.76685],[-140.05,60.76685],[-140.05,60.73428],[-140.016667,60.73428],[-140.016667,60.750569],[-140.033333,60.750569],[-140.033333,60.783123],[-140.016667,60.783123],[-140.016667,60.799388],[-140.05,60.799388],[-140.05,60.815645],[-140.066667,60.815645],[-140.066667,60.831893],[-140.15,60.831893],[-140.15,60.848133],[-140.166667,60.848133],[-140.166667,60.831893],[-140.216667,60.831893],[-140.216667,60.848133],[-140.233333,60.848133],[-140.233333,60.831893],[-140.266667,60.831893],[-140.266667,60.848133],[-140.283333,60.848133]]}},{"type":"Feature","properties":{"id":"2500"},"geometry":{"type":"LineString","coordinates":[[-140.183333,60.815645],[-140.15,60.815645],[-140.15,60.799388],[-140.183333,60.799388],[-140.183333,60.815645]]}},{"type":"Feature","properties":{"id":"2500"},"geometry":{"type":"LineString","coordinates":[[-140.933333,60.783123],[-140.933333,60.76685],[-141.0,60.76685],[-141.0,60.717982],[-140.9,60.717982],[-140.9,60.73428],[-140.966667,60.73428],[-140.966667,60.750569],[-140.9,60.750569],[-140.9,60.783123],[-140.933333,60.783123]]}},{"type":"Feature","properties":{"id":"2500"},"geometry":{"type":"LineString","coordinates":[[-140.583333,60.73428],[-140.583333,60.717982],[-140.566667,60.717982],[-140.566667,60.73428],[-140.583333,60.73428]]}},{"type":"Feature","properties":{"id":"2500"},"geometry":{"type":"LineString","coordinates":[[-139.266667,60.73428],[-139.266667,60.717982],[-139.25,60.717982],[-139.25,60.73428],[-139.266667,60.73428]]}},{"type":"Feature","properties":{"id":"2500"},"geometry":{"type":"LineString","coordinates":[[-139.316667,60.73428],[-139.316667,60.701676],[-139.283333,60.701676],[-139.283333,60.73428],[-139.316667,60.73428]]}},{"type":"Feature","properties":{"id":"2500"},"geometry":{"type":"LineString","coordinates":[[-138.716667,60.73428],[-138.716667,60.717982],[-138.683333,60.717982],[-138.683333,60.701676],[-138.666667,60.701676],[-138.666667,60.73428],[-138.716667,60.73428]]}},{"type":"Feature","properties":{"id":"2500"},"geometry":{"type":"LineString","coordinates":[[-140.566667,60.717982],[-140.566667,60.701676],[-140.55,60.701676],[-140.55,60.717982],[-140.566667,60.717982]]}},{"type":"Feature","properties":{"id":"2500"},"geometry":{"type":"LineString","coordinates":[[-139.05,60.717982],[-139.05,60.701676],[-139.033333,60.701676],[-139.033333,60.717982],[-139.05,60.717982]]}},{"type":"Feature","properties":{"id":"2500"},"geometry":{"type":"LineString","coordinates":[[-141.0,60.701676],[-141.0,60.685362],[-140.966667,60.685362],[-140.966667,60.701676],[-141.0,60.701676]]}},{"type":"Feature","properties":{"id":"2500"},"geometry":{"type":"LineString","coordinates":[[-140.166667,60.701676],[-140.166667,60.685362],[-140.15,60.685362],[-140.15,60.701676],[-140.166667,60.701676]]}},{"type":"Feature","properties":{"id":"2500"},"geometry":{"type":"LineString","coordinates":[[-139.583333,60.701676],[-139.583333,60.685362],[-139.55,60.685362],[-139.55,60.701676],[-139.583333,60.701676]]}},{"type":"Feature","properties":{"id":"2500"},"geometry":{"type":"LineString","coordinates":[[-139.433333,60.685362],[-139.433333,60.669039],[-139.416667,60.669039],[-139.416667,60.685362],[-139.433333,60.685362]]}},{"type":"Feature","properties":{"id":"2500"},"geometry":{"type":"LineString","coordinates":[[-138.683333,60.685362],[-138.683333,60.669039],[-138.65,60.669039],[-138.65,60.685362],[-138.683333,60.685362]]}},{"type":"Feature","properties":{"id":"2500"},"geometry":{"type":"LineString","coordinates":[[-139.25,60.669039],[-139.25,60.636369],[-139.233333,60.636369],[-139.233333,60.652708],[-139.2,60.652708],[-139.2,60.669039],[-139.25,60.669039]]}},{"type":"Feature","properties":{"id":"2500"},"geometry":{"type":"LineString","coordinates":[[-138.883333,60.669039],[-138.883333,60.636369],[-138.866667,60.636369],[-138.866667,60.669039],[-138.883333,60.669039]]}},{"type":"Feature","properties":{"id":"2500"},"geometry":{"type":"LineString","coordinates":[[-140.133333,60.685362],[-140.133333,60.669039],[-140.116667,60.669039],[-140.116667,60.652708],[-140.1,60.652708],[-140.1,60.636369],[-140.066667,60.636369],[-140.066667,60.620022],[-140.033333,60.620022],[-140.033333,60.652708],[-140.05,60.652708],[-140.05,60.669039],[-140.1,60.669039],[-140.1,60.685362],[-140.133333,60.685362]]}},{"type":"Feature","properties":{"id":"2500"},"geometry":{"type":"LineString","coordinates":[[-140.766667,60.717982],[-140.766667,60.701676],[-140.716667,60.701676],[-140.716667,60.669039],[-140.7,60.669039],[-140.7,60.652708],[-140.75,60.652708],[-140.75,60.636369],[-140.65,60.636369],[-140.65,60.652708],[-140.666667,60.652708],[-140.666667,60.685362],[-140.65,60.685362],[-140.65,60.669039],[-140.633333,60.669039],[-140.633333,60.652708],[-140.4,60.652708],[-140.4,60.636369],[-140.383333,60.636369],[-140.383333,60.620022],[-140.25,60.620022],[-140.25,60.636369],[-140.366667,60.636369],[-140.366667,60.652708],[-140.383333,60.652708],[-140.383333,60.669039],[-140.433333,60.669039],[-140.433333,60.701676],[-140.45,60.701676],[-140.45,60.685362],[-140.466667,60.685362],[-140.466667,60.669039],[-140.616667,60.669039],[-140.616667,60.685362],[-140.566667,60.685362],[-140.566667,60.701676],[-140.666667,60.701676],[-140.666667,60.717982],[-140.766667,60.717982]]}},{"type":"Feature","properties":{"id":"2500"},"geometry":{"type":"LineString","coordinates":[[-140.233333,60.636369],[-140.233333,60.620022],[-140.216667,60.620022],[-140.216667,60.636369],[-140.233333,60.636369]]}},{"type":"Feature","properties":{"id":"2500"},"geometry":{"type":"LineString","coordinates":[[-140.2,60.636369],[-140.2,60.620022],[-140.183333,60.620022],[-140.183333,60.636369],[-140.2,60.636369]]}},{"type":"Feature","properties":{"id":"2500"},"geometry":{"type":"LineString","coordinates":[[-140.083333,60.620022],[-140.083333,60.603666],[-140.066667,60.603666],[-140.066667,60.620022],[-140.083333,60.620022]]}},{"type":"Feature","properties":{"id":"2500"},"geometry":{"type":"LineString","coordinates":[[-139.1,60.701676],[-139.1,60.685362],[-139.116667,60.685362],[-139.116667,60.652708],[-139.1,60.652708],[-139.1,60.620022],[-139.116667,60.620022],[-139.116667,60.636369],[-139.183333,60.636369],[-139.183333,60.652708],[-139.2,60.652708],[-139.2,60.636369],[-139.233333,60.636369],[-139.233333,60.620022],[-139.2,60.620022],[-139.2,60.603666],[-139.166667,60.603666],[-139.166667,60.620022],[-139.133333,60.620022],[-139.133333,60.603666],[-139.116667,60.603666],[-139.116667,60.587302],[-139.083333,60.587302],[-139.083333,60.603666],[-139.05,60.603666],[-139.05,60.620022],[-139.066667,60.620022],[-139.066667,60.636369],[-139.05,60.636369],[-139.05,60.652708],[-139.033333,60.652708],[-139.033333,60.669039],[-139.05,60.669039],[-139.05,60.685362],[-139.066667,60.685362],[-139.066667,60.701676],[-139.1,60.701676]]}},{"type":"Feature","properties":{"id":"2500"},"geometry":{"type":"LineString","coordinates":[[-139.1,60.669039],[-139.083333,60.669039],[-139.083333,60.652708],[-139.1,60.652708],[-139.1,60.669039]]}},{"type":"Feature","properties":{"id":"2500"},"geometry":{"type":"LineString","coordinates":[[-140.15,60.620022],[-140.15,60.587302],[-140.1,60.587302],[-140.1,60.603666],[-140.133333,60.603666],[-140.133333,60.620022],[-140.15,60.620022]]}},{"type":"Feature","properties":{"id":"2500"},"geometry":{"type":"LineString","coordinates":[[-139.7,61.18727],[-139.7,61.163166],[-139.716667,61.163166],[-139.716667,61.147086],[-139.733333,61.147086],[-139.733333,61.130999],[-139.766667,61.130999],[-139.766667,61.114903],[-139.75,61.114903],[-139.75,61.098799],[-139.783333,61.098799],[-139.783333,61.114903],[-139.816667,61.114903],[-139.816667,61.098799],[-139.883333,61.098799],[-139.883333,61.066565],[-139.966667,61.066565],[-139.966667,61.050437],[-139.866667,61.050437],[-139.866667,61.0343],[-139.9,61.0343],[-139.9,61.018154],[-139.933333,61.018154],[-139.933333,61.0343],[-139.95,61.0343],[-139.95,61.002001],[-139.933333,61.002001],[-139.933333,60.985839],[-139.9,60.985839],[-139.9,60.969669],[-139.916667,60.969669],[-139.916667,60.953491],[-139.933333,60.953491],[-139.933333,60.969669],[-139.966667,60.969669],[-139.966667,60.953491],[-140.016667,60.953491],[-140.016667,60.969669],[-140.033333,60.969669],[-140.033333,60.985839],[-140.1,60.985839],[-140.1,60.969669],[-140.083333,60.969669],[-140.083333,60.953491],[-140.066667,60.953491],[-140.066667,60.937305],[-140.05,60.937305],[-140.05,60.896803],[-140.066667,60.896803],[-140.066667,60.91301],[-140.083333,60.91301],[-140.083333,60.937305],[-140.1,60.937305],[-140.1,60.953491],[-140.15,60.953491],[-140.15,60.969669],[-140.166667,60.969669],[-140.166667,60.985839],[-140.183333,60.985839],[-140.183333,61.002001],[-140.2,61.002001],[-140.2,61.018154],[-140.216667,61.018154],[-140.216667,61.0343],[-140.25,61.0343],[-140.25,61.050437],[-140.283333,61.050437],[-140.283333,61.0343],[-140.316667,61.0343],[-140.316667,61.050437],[-140.35,61.050437],[-140.35,61.0343],[-140.333333,61.0343],[-140.333333,61.002001],[-140.35,61.002001],[-140.35,60.985839],[-140.3,60.985839],[-140.3,60.969669],[-140.316667,60.969669],[-140.316667,60.953491],[-140.283333,60.953491],[-140.283333,60.937305],[-140.333333,60.937305],[-140.333333,60.91301],[-140.3,60.91301],[-140.3,60.896803],[-140.25,60.896803],[-140.25,60.880588],[-140.216667,60.880588],[-140.216667,60.896803],[-140.2,60.896803],[-140.2,60.91301],[-140.183333,60.91301],[-140.183333,60.896803],[-140.15,60.896803],[-140.15,60.91301],[-140.166667,60.91301],[-140.166667,60.937305],[-140.116667,60.937305],[-140.116667,60.91301],[-140.1,60.91301],[-140.1,60.896803],[-140.083333,60.896803],[-140.083333,60.880588],[-140.05,60.880588],[-140.05,60.864364],[-140.0,60.864364],[-140.0,60.848133],[-139.983333,60.848133],[-139.983333,60.831893],[-139.95,60.831893],[-139.95,60.815645],[-139.933333,60.815645],[-139.933333,60.799388],[-139.9,60.799388],[-139.9,60.783123],[-139.766667,60.783123],[-139.766667,60.76685],[-139.783333,60.76685],[-139.783333,60.750569],[-139.833333,60.750569],[-139.833333,60.73428],[-139.816667,60.73428],[-139.816667,60.701676],[-139.833333,60.701676],[-139.833333,60.685362],[-139.816667,60.685362],[-139.816667,60.636369],[-139.8,60.636369],[-139.8,60.620022],[-139.816667,60.620022],[-139.816667,60.603666],[-139.766667,60.603666],[-139.766667,60.587302],[-139.716667,60.587302],[-139.716667,60.603666],[-139.733333,60.603666],[-139.733333,60.620022],[-139.75,60.620022],[-139.75,60.636369],[-139.766667,60.636369],[-139.766667,60.669039],[-139.733333,60.669039],[-139.733333,60.652708],[-139.7,60.652708],[-139.7,60.603666],[-139.666667,60.603666],[-139.666667,60.620022],[-139.6,60.620022],[-139.6,60.636369],[-139.633333,60.636369],[-139.633333,60.652708],[-139.65,60.652708],[-139.65,60.669039],[-139.716667,60.669039],[-139.716667,60.685362],[-139.733333,60.685362],[-139.733333,60.701676],[-139.583333,60.701676],[-139.583333,60.717982],[-139.55,60.717982],[-139.55,60.73428],[-139.5,60.73428],[-139.5,60.717982],[-139.45,60.717982],[-139.45,60.73428],[-139.433333,60.73428],[-139.433333,60.717982],[-139.4,60.717982],[-139.4,60.750569],[-139.416667,60.750569],[-139.416667,60.76685],[-139.55,60.76685],[-139.55,60.783123],[-139.533333,60.783123],[-139.533333,60.799388],[-139.516667,60.799388],[-139.516667,60.815645],[-139.55,60.815645],[-139.55,60.831893],[-139.533333,60.831893],[-139.533333,60.864364],[-139.516667,60.864364],[-139.516667,60.880588],[-139.566667,60.880588],[-139.566667,60.896803],[-139.633333,60.896803],[-139.633333,60.937305],[-139.616667,60.937305],[-139.616667,60.953491],[-139.45,60.953491],[-139.45,60.969669],[-139.533333,60.969669],[-139.533333,61.002001],[-139.483333,61.002001],[-139.483333,61.0343],[-139.5,61.0343],[-139.5,61.018154],[-139.55,61.018154],[-139.55,61.0343],[-139.566667,61.0343],[-139.566667,61.050437],[-139.583333,61.050437],[-139.583333,61.082686],[-139.566667,61.082686],[-139.566667,61.098799],[-139.583333,61.098799],[-139.583333,61.114903],[-139.6,61.114903],[-139.6,61.098799],[-139.616667,61.098799],[-139.616667,61.082686],[-139.633333,61.082686],[-139.633333,61.0343],[-139.616667,61.0343],[-139.616667,61.002001],[-139.6,61.002001],[-139.6,60.985839],[-139.65,60.985839],[-139.65,61.018154],[-139.666667,61.018154],[-139.666667,61.0343],[-139.7,61.0343],[-139.7,61.018154],[-139.716667,61.018154],[-139.716667,61.002001],[-139.7,61.002001],[-139.7,60.985839],[-139.75,60.985839],[-139.75,61.002001],[-139.766667,61.002001],[-139.766667,60.985839],[-139.783333,60.985839],[-139.783333,60.969669],[-139.816667,60.969669],[-139.816667,60.953491],[-139.85,60.953491],[-139.85,60.937305],[-139.866667,60.937305],[-139.866667,60.953491],[-139.883333,60.953491],[-139.883333,60.969669],[-139.866667,60.969669],[-139.866667,60.985839],[-139.85,60.985839],[-139.85,61.002001],[-139.883333,61.002001],[-139.883333,61.018154],[-139.816667,61.018154],[-139.816667,61.0343],[-139.833333,61.0343],[-139.833333,61.050437],[-139.8,61.050437],[-139.8,61.066565],[-139.75,61.066565],[-139.75,61.082686],[-139.716667,61.082686],[-139.716667,61.098799],[-139.7,61.098799],[-139.7,61.147086],[-139.666667,61.147086],[-139.666667,61.163166],[-139.65,61.163166],[-139.65,61.18727],[-139.7,61.18727]]}},{"type":"Feature","properties":{"id":"2500"},"geometry":{"type":"LineString","coordinates":[[-139.85,61.082686],[-139.816667,61.082686],[-139.816667,61.066565],[-139.85,61.066565],[-139.85,61.082686]]}},{"type":"Feature","properties":{"id":"2500"},"geometry":{"type":"LineString","coordinates":[[-139.866667,61.066565],[-139.85,61.066565],[-139.85,61.050437],[-139.866667,61.050437],[-139.866667,61.066565]]}},{"type":"Feature","properties":{"id":"2500"},"geometry":{"type":"LineString","coordinates":[[-140.266667,60.985839],[-140.2,60.985839],[-140.2,60.937305],[-140.233333,60.937305],[-140.233333,60.953491],[-140.216667,60.953491],[-140.216667,60.969669],[-140.25,60.969669],[-140.25,60.953491],[-140.266667,60.953491],[-140.266667,60.985839]]}},{"type":"Feature","properties":{"id":"2500"},"geometry":{"type":"LineString","coordinates":[[-139.683333,60.969669],[-139.65,60.969669],[-139.65,60.953491],[-139.683333,60.953491],[-139.683333,60.969669]]}},{"type":"Feature","properties":{"id":"2500"},"geometry":{"type":"LineString","coordinates":[[-139.733333,60.953491],[-139.683333,60.953491],[-139.683333,60.937305],[-139.666667,60.937305],[-139.666667,60.896803],[-139.633333,60.896803],[-139.633333,60.880588],[-139.65,60.880588],[-139.65,60.864364],[-139.666667,60.864364],[-139.666667,60.848133],[-139.716667,60.848133],[-139.716667,60.831893],[-139.733333,60.831893],[-139.733333,60.815645],[-139.833333,60.815645],[-139.833333,60.831893],[-139.9,60.831893],[-139.9,60.864364],[-139.85,60.864364],[-139.85,60.880588],[-139.833333,60.880588],[-139.833333,60.864364],[-139.816667,60.864364],[-139.816667,60.848133],[-139.8,60.848133],[-139.8,60.831893],[-139.783333,60.831893],[-139.783333,60.848133],[-139.75,60.848133],[-139.75,60.864364],[-139.766667,60.864364],[-139.766667,60.896803],[-139.816667,60.896803],[-139.816667,60.937305],[-139.783333,60.937305],[-139.783333,60.91301],[-139.733333,60.91301],[-139.733333,60.896803],[-139.7,60.896803],[-139.7,60.937305],[-139.733333,60.937305],[-139.733333,60.953491]]}},{"type":"Feature","properties":{"id":"2500"},"geometry":{"type":"LineString","coordinates":[[-140.266667,60.937305],[-140.233333,60.937305],[-140.233333,60.91301],[-140.266667,60.91301],[-140.266667,60.937305]]}},{"type":"Feature","properties":{"id":"2500"},"geometry":{"type":"LineString","coordinates":[[-139.983333,60.91301],[-139.933333,60.91301],[-139.933333,60.896803],[-139.983333,60.896803],[-139.983333,60.91301]]}},{"type":"Feature","properties":{"id":"2500"},"geometry":{"type":"LineString","coordinates":[[-139.916667,60.896803],[-139.9,60.896803],[-139.9,60.880588],[-139.916667,60.880588],[-139.916667,60.896803]]}},{"type":"Feature","properties":{"id":"2500"},"geometry":{"type":"LineString","coordinates":[[-140.066667,60.603666],[-140.066667,60.587302],[-140.033333,60.587302],[-140.033333,60.603666],[-140.066667,60.603666]]}},{"type":"Feature","properties":{"id":"2500"},"geometry":{"type":"LineString","coordinates":[[-138.733333,60.603666],[-138.733333,60.587302],[-138.716667,60.587302],[-138.716667,60.603666],[-138.733333,60.603666]]}},{"type":"Feature","properties":{"id":"2500"},"geometry":{"type":"LineString","coordinates":[[-138.733333,60.652708],[-138.733333,60.636369],[-138.683333,60.636369],[-138.683333,60.587302],[-138.716667,60.587302],[-138.716667,60.562741],[-138.683333,60.562741],[-138.683333,60.546356],[-138.65,60.546356],[-138.65,60.562741],[-138.666667,60.562741],[-138.666667,60.587302],[-138.65,60.587302],[-138.65,60.603666],[-138.666667,60.603666],[-138.666667,60.620022],[-138.65,60.620022],[-138.65,60.636369],[-138.666667,60.636369],[-138.666667,60.652708],[-138.733333,60.652708]]}},{"type":"Feature","properties":{"id":"2500"},"geometry":{"type":"LineString","coordinates":[[-140.283333,60.603666],[-140.283333,60.587302],[-140.266667,60.587302],[-140.266667,60.562741],[-140.25,60.562741],[-140.25,60.546356],[-140.216667,60.546356],[-140.216667,60.529963],[-140.166667,60.529963],[-140.166667,60.562741],[-140.233333,60.562741],[-140.233333,60.587302],[-140.183333,60.587302],[-140.183333,60.603666],[-140.283333,60.603666]]}},{"type":"Feature","properties":{"id":"2500"},"geometry":{"type":"LineString","coordinates":[[-140.583333,60.587302],[-140.583333,60.546356],[-140.55,60.546356],[-140.55,60.529963],[-140.533333,60.529963],[-140.533333,60.562741],[-140.566667,60.562741],[-140.566667,60.587302],[-140.583333,60.587302]]}},{"type":"Feature","properties":{"id":"2500"},"geometry":{"type":"LineString","coordinates":[[-139.85,60.587302],[-139.85,60.562741],[-139.833333,60.562741],[-139.833333,60.529963],[-139.8,60.529963],[-139.8,60.546356],[-139.816667,60.546356],[-139.816667,60.587302],[-139.85,60.587302]]}},{"type":"Feature","properties":{"id":"2500"},"geometry":{"type":"LineString","coordinates":[[-140.383333,60.546356],[-140.383333,60.529963],[-140.35,60.529963],[-140.35,60.546356],[-140.383333,60.546356]]}},{"type":"Feature","properties":{"id":"2500"},"geometry":{"type":"LineString","coordinates":[[-140.316667,60.546356],[-140.316667,60.529963],[-140.3,60.529963],[-140.3,60.546356],[-140.316667,60.546356]]}},{"type":"Feature","properties":{"id":"2500"},"geometry":{"type":"LineString","coordinates":[[-139.783333,60.546356],[-139.783333,60.529963],[-139.766667,60.529963],[-139.766667,60.546356],[-139.783333,60.546356]]}},{"type":"Feature","properties":{"id":"2500"},"geometry":{"type":"LineString","coordinates":[[-140.516667,60.562741],[-140.516667,60.513561],[-140.416667,60.513561],[-140.416667,60.529963],[-140.433333,60.529963],[-140.433333,60.546356],[-140.466667,60.546356],[-140.466667,60.529963],[-140.483333,60.529963],[-140.483333,60.562741],[-140.516667,60.562741]]}},{"type":"Feature","properties":{"id":"2500"},"geometry":{"type":"LineString","coordinates":[[-138.65,60.546356],[-138.65,60.513561],[-138.633333,60.513561],[-138.633333,60.529963],[-138.616667,60.529963],[-138.616667,60.546356],[-138.65,60.546356]]}},{"type":"Feature","properties":{"id":"2500"},"geometry":{"type":"LineString","coordinates":[[-140.4,60.529963],[-140.4,60.513561],[-140.383333,60.513561],[-140.383333,60.529963],[-140.4,60.529963]]}},{"type":"Feature","properties":{"id":"2500"},"geometry":{"type":"LineString","coordinates":[[-139.8,60.529963],[-139.8,60.513561],[-139.783333,60.513561],[-139.783333,60.529963],[-139.8,60.529963]]}},{"type":"Feature","properties":{"id":"2500"},"geometry":{"type":"LineString","coordinates":[[-138.766667,60.529963],[-138.766667,60.480734],[-138.716667,60.480734],[-138.716667,60.497152],[-138.666667,60.497152],[-138.666667,60.513561],[-138.683333,60.513561],[-138.683333,60.529963],[-138.733333,60.529963],[-138.733333,60.513561],[-138.75,60.513561],[-138.75,60.529963],[-138.766667,60.529963]]}},{"type":"Feature","properties":{"id":"2500"},"geometry":{"type":"LineString","coordinates":[[-139.75,60.513561],[-139.75,60.480734],[-139.733333,60.480734],[-139.733333,60.497152],[-139.716667,60.497152],[-139.716667,60.513561],[-139.75,60.513561]]}},{"type":"Feature","properties":{"id":"2500"},"geometry":{"type":"LineString","coordinates":[[-140.883333,60.701676],[-140.883333,60.685362],[-140.916667,60.685362],[-140.916667,60.669039],[-141.0,60.669039],[-141.0,60.587302],[-140.983333,60.587302],[-140.983333,60.562741],[-140.933333,60.562741],[-140.933333,60.587302],[-140.916667,60.587302],[-140.916667,60.546356],[-140.983333,60.546356],[-140.983333,60.529963],[-140.966667,60.529963],[-140.966667,60.513561],[-140.983333,60.513561],[-140.983333,60.497152],[-140.916667,60.497152],[-140.916667,60.480734],[-140.933333,60.480734],[-140.933333,60.464308],[-140.866667,60.464308],[-140.866667,60.480734],[-140.85,60.480734],[-140.85,60.497152],[-140.8,60.497152],[-140.8,60.513561],[-140.766667,60.513561],[-140.766667,60.497152],[-140.75,60.497152],[-140.75,60.513561],[-140.7,60.513561],[-140.7,60.497152],[-140.65,60.497152],[-140.65,60.513561],[-140.633333,60.513561],[-140.633333,60.529963],[-140.583333,60.529963],[-140.583333,60.546356],[-140.6,60.546356],[-140.6,60.562741],[-140.633333,60.562741],[-140.633333,60.546356],[-140.716667,60.546356],[-140.716667,60.562741],[-140.7,60.562741],[-140.7,60.587302],[-140.75,60.587302],[-140.75,60.603666],[-140.766667,60.603666],[-140.766667,60.620022],[-140.75,60.620022],[-140.75,60.636369],[-140.783333,60.636369],[-140.783333,60.652708],[-140.833333,60.652708],[-140.833333,60.669039],[-140.85,60.669039],[-140.85,60.685362],[-140.866667,60.685362],[-140.866667,60.701676],[-140.883333,60.701676]]}},{"type":"Feature","properties":{"id":"2500"},"geometry":{"type":"LineString","coordinates":[[-140.966667,60.652708],[-140.916667,60.652708],[-140.916667,60.636369],[-140.966667,60.636369],[-140.966667,60.652708]]}},{"type":"Feature","properties":{"id":"2500"},"geometry":{"type":"LineString","coordinates":[[-140.883333,60.652708],[-140.866667,60.652708],[-140.866667,60.636369],[-140.883333,60.636369],[-140.883333,60.652708]]}},{"type":"Feature","properties":{"id":"2500"},"geometry":{"type":"LineString","coordinates":[[-140.833333,60.636369],[-140.816667,60.636369],[-140.816667,60.620022],[-140.833333,60.620022],[-140.833333,60.636369]]}},{"type":"Feature","properties":{"id":"2500"},"geometry":{"type":"LineString","coordinates":[[-140.8,60.636369],[-140.783333,60.636369],[-140.783333,60.620022],[-140.8,60.620022],[-140.8,60.636369]]}},{"type":"Feature","properties":{"id":"2500"},"geometry":{"type":"LineString","coordinates":[[-140.75,60.546356],[-140.733333,60.546356],[-140.733333,60.529963],[-140.75,60.529963],[-140.75,60.546356]]}},{"type":"Feature","properties":{"id":"2500"},"geometry":{"type":"LineString","coordinates":[[-140.683333,60.529963],[-140.65,60.529963],[-140.65,60.513561],[-140.683333,60.513561],[-140.683333,60.529963]]}},{"type":"Feature","properties":{"id":"2500"},"geometry":{"type":"LineString","coordinates":[[-138.8,60.480734],[-138.8,60.464308],[-138.783333,60.464308],[-138.783333,60.480734],[-138.8,60.480734]]}},{"type":"Feature","properties":{"id":"2500"},"geometry":{"type":"LineString","coordinates":[[-139.233333,60.447873],[-139.233333,60.43143],[-139.216667,60.43143],[-139.216667,60.447873],[-139.233333,60.447873]]}},{"type":"Feature","properties":{"id":"2500"},"geometry":{"type":"LineString","coordinates":[[-138.983333,60.447873],[-138.983333,60.43143],[-138.966667,60.43143],[-138.966667,60.447873],[-138.983333,60.447873]]}},{"type":"Feature","properties":{"id":"2500"},"geometry":{"type":"LineString","coordinates":[[-138.833333,60.43143],[-138.833333,60.414979],[-138.816667,60.414979],[-138.816667,60.43143],[-138.833333,60.43143]]}},{"type":"Feature","properties":{"id":"2500"},"geometry":{"type":"LineString","coordinates":[[-139.783333,60.398519],[-139.783333,60.382051],[-139.75,60.382051],[-139.75,60.398519],[-139.783333,60.398519]]}},{"type":"Feature","properties":{"id":"2500"},"geometry":{"type":"LineString","coordinates":[[-139.733333,60.398519],[-139.733333,60.382051],[-139.7,60.382051],[-139.7,60.398519],[-139.733333,60.398519]]}},{"type":"Feature","properties":{"id":"2500"},"geometry":{"type":"LineString","coordinates":[[-139.633333,60.382051],[-139.633333,60.365575],[-139.6,60.365575],[-139.6,60.382051],[-139.633333,60.382051]]}},{"type":"Feature","properties":{"id":"2500"},"geometry":{"type":"LineString","coordinates":[[-140.983333,60.365575],[-140.983333,60.349091],[-140.966667,60.349091],[-140.966667,60.365575],[-140.983333,60.365575]]}},{"type":"Feature","properties":{"id":"2500"},"geometry":{"type":"LineString","coordinates":[[-140.766667,60.365575],[-140.766667,60.349091],[-140.75,60.349091],[-140.75,60.365575],[-140.766667,60.365575]]}},{"type":"Feature","properties":{"id":"2500"},"geometry":{"type":"LineString","coordinates":[[-139.816667,60.398519],[-139.816667,60.365575],[-139.833333,60.365575],[-139.833333,60.349091],[-139.8,60.349091],[-139.8,60.398519],[-139.816667,60.398519]]}},{"type":"Feature","properties":{"id":"2500"},"geometry":{"type":"LineString","coordinates":[[-139.783333,60.365575],[-139.783333,60.349091],[-139.75,60.349091],[-139.75,60.365575],[-139.783333,60.365575]]}},{"type":"Feature","properties":{"id":"2500"},"geometry":{"type":"LineString","coordinates":[[-139.65,60.365575],[-139.65,60.349091],[-139.633333,60.349091],[-139.633333,60.365575],[-139.65,60.365575]]}},{"type":"Feature","properties":{"id":"2500"},"geometry":{"type":"LineString","coordinates":[[-138.95,60.652708],[-138.95,60.636369],[-138.983333,60.636369],[-138.983333,60.562741],[-139.033333,60.562741],[-139.033333,60.587302],[-139.083333,60.587302],[-139.083333,60.562741],[-139.116667,60.562741],[-139.116667,60.587302],[-139.133333,60.587302],[-139.133333,60.603666],[-139.166667,60.603666],[-139.166667,60.562741],[-139.15,60.562741],[-139.15,60.546356],[-139.133333,60.546356],[-139.133333,60.529963],[-139.116667,60.529963],[-139.116667,60.497152],[-139.166667,60.497152],[-139.166667,60.529963],[-139.216667,60.529963],[-139.216667,60.562741],[-139.25,60.562741],[-139.25,60.546356],[-139.266667,60.546356],[-139.266667,60.529963],[-139.25,60.529963],[-139.25,60.497152],[-139.233333,60.497152],[-139.233333,60.480734],[-139.25,60.480734],[-139.25,60.464308],[-139.283333,60.464308],[-139.283333,60.447873],[-139.233333,60.447873],[-139.233333,60.464308],[-139.183333,60.464308],[-139.183333,60.43143],[-139.216667,60.43143],[-139.216667,60.398519],[-139.2,60.398519],[-139.2,60.382051],[-139.166667,60.382051],[-139.166667,60.365575],[-139.183333,60.365575],[-139.183333,60.349091],[-139.1,60.349091],[-139.1,60.365575],[-139.15,60.365575],[-139.15,60.382051],[-139.033333,60.382051],[-139.033333,60.365575],[-139.0,60.365575],[-139.0,60.349091],[-138.983333,60.349091],[-138.983333,60.365575],[-138.933333,60.365575],[-138.933333,60.382051],[-138.95,60.382051],[-138.95,60.398519],[-138.983333,60.398519],[-138.983333,60.382051],[-139.0,60.382051],[-139.0,60.398519],[-139.083333,60.398519],[-139.083333,60.43143],[-139.016667,60.43143],[-139.016667,60.447873],[-138.983333,60.447873],[-138.983333,60.464308],[-138.966667,60.464308],[-138.966667,60.447873],[-138.933333,60.447873],[-138.933333,60.43143],[-138.866667,60.43143],[-138.866667,60.447873],[-138.9,60.447873],[-138.9,60.464308],[-138.933333,60.464308],[-138.933333,60.480734],[-138.883333,60.480734],[-138.883333,60.497152],[-138.916667,60.497152],[-138.916667,60.513561],[-138.85,60.513561],[-138.85,60.529963],[-138.833333,60.529963],[-138.833333,60.546356],[-138.816667,60.546356],[-138.816667,60.587302],[-138.85,60.587302],[-138.85,60.546356],[-138.9,60.546356],[-138.9,60.529963],[-138.95,60.529963],[-138.95,60.546356],[-138.933333,60.546356],[-138.933333,60.652708],[-138.95,60.652708]]}},{"type":"Feature","properties":{"id":"2500"},"geometry":{"type":"LineString","coordinates":[[-139.083333,60.562741],[-139.066667,60.562741],[-139.066667,60.513561],[-139.05,60.513561],[-139.05,60.497152],[-139.016667,60.497152],[-139.016667,60.480734],[-139.0,60.480734],[-139.0,60.464308],[-139.033333,60.464308],[-139.033333,60.447873],[-139.066667,60.447873],[-139.066667,60.464308],[-139.083333,60.464308],[-139.083333,60.480734],[-139.066667,60.480734],[-139.066667,60.497152],[-139.1,60.497152],[-139.1,60.513561],[-139.083333,60.513561],[-139.083333,60.562741]]}},{"type":"Feature","properties":{"id":"2500"},"geometry":{"type":"LineString","coordinates":[[-139.166667,60.464308],[-139.133333,60.464308],[-139.133333,60.447873],[-139.166667,60.447873],[-139.166667,60.464308]]}},{"type":"Feature","properties":{"id":"2500"},"geometry":{"type":"LineString","coordinates":[[-139.633333,60.349091],[-139.633333,60.340845],[-139.6,60.340845],[-139.6,60.349091],[-139.633333,60.349091]]}},{"type":"Feature","properties":{"id":"2500"},"geometry":{"type":"LineString","coordinates":[[-140.933333,60.349091],[-140.933333,60.332598],[-140.816667,60.332598],[-140.816667,60.349091],[-140.933333,60.349091]]}},{"type":"Feature","properties":{"id":"2500"},"geometry":{"type":"LineString","coordinates":[[-139.75,60.349091],[-139.75,60.332598],[-139.733333,60.332598],[-139.733333,60.349091],[-139.75,60.349091]]}},{"type":"Feature","properties":{"id":"2500"},"geometry":{"type":"LineString","coordinates":[[-138.916667,60.349091],[-138.916667,60.332598],[-138.883333,60.332598],[-138.883333,60.349091],[-138.916667,60.349091]]}},{"type":"Feature","properties":{"id":"2500"},"geometry":{"type":"LineString","coordinates":[[-140.466667,60.332598],[-140.466667,60.316097],[-140.433333,60.316097],[-140.433333,60.332598],[-140.466667,60.332598]]}},{"type":"Feature","properties":{"id":"2500"},"geometry":{"type":"LineString","coordinates":[[-139.733333,60.332598],[-139.733333,60.316097],[-139.716667,60.316097],[-139.716667,60.332598],[-139.733333,60.332598]]}},{"type":"Feature","properties":{"id":"2500"},"geometry":{"type":"LineString","coordinates":[[-138.95,60.349091],[-138.95,60.316097],[-138.933333,60.316097],[-138.933333,60.299587],[-138.916667,60.299587],[-138.916667,60.332598],[-138.933333,60.332598],[-138.933333,60.349091],[-138.95,60.349091]]}},{"type":"Feature","properties":{"id":"2500"},"geometry":{"type":"LineString","coordinates":[[-140.783333,60.349091],[-140.783333,60.332598],[-140.8,60.332598],[-140.8,60.316097],[-140.666667,60.316097],[-140.666667,60.299587],[-140.616667,60.299587],[-140.616667,60.332598],[-140.6,60.332598],[-140.6,60.349091],[-140.683333,60.349091],[-140.683333,60.332598],[-140.7,60.332598],[-140.7,60.349091],[-140.75,60.349091],[-140.75,60.332598],[-140.766667,60.332598],[-140.766667,60.349091],[-140.783333,60.349091]]}},{"type":"Feature","properties":{"id":"2500"},"geometry":{"type":"LineString","coordinates":[[-140.65,60.332598],[-140.633333,60.332598],[-140.633333,60.316097],[-140.65,60.316097],[-140.65,60.332598]]}},{"type":"Feature","properties":{"id":"2500"},"geometry":{"type":"LineString","coordinates":[[-140.516667,60.332598],[-140.516667,60.299587],[-140.5,60.299587],[-140.5,60.332598],[-140.516667,60.332598]]}},{"type":"Feature","properties":{"id":"2500"},"geometry":{"type":"LineString","coordinates":[[-140.583333,60.332598],[-140.583333,60.316097],[-140.6,60.316097],[-140.6,60.299587],[-140.55,60.299587],[-140.55,60.316097],[-140.533333,60.316097],[-140.533333,60.332598],[-140.583333,60.332598]]}},{"type":"Feature","properties":{"id":"2500"},"geometry":{"type":"LineString","coordinates":[[-139.783333,60.316097],[-139.783333,60.299587],[-139.733333,60.299587],[-139.733333,60.316097],[-139.783333,60.316097]]}},{"type":"Feature","properties":{"id":"2500"},"geometry":{"type":"LineString","coordinates":[[-138.766667,60.316097],[-138.766667,60.299587],[-138.75,60.299587],[-138.75,60.316097],[-138.766667,60.316097]]}},{"type":"Feature","properties":{"id":"2500"},"geometry":{"type":"LineString","coordinates":[[-140.466667,60.299587],[-140.466667,60.291329],[-140.45,60.291329],[-140.45,60.299587],[-140.466667,60.299587]]}},{"type":"Feature","properties":{"id":"2500"},"geometry":{"type":"LineString","coordinates":[[-140.883333,60.316097],[-140.883333,60.299587],[-140.866667,60.299587],[-140.866667,60.283069],[-140.833333,60.283069],[-140.833333,60.316097],[-140.883333,60.316097]]}},{"type":"Feature","properties":{"id":"2500"},"geometry":{"type":"LineString","coordinates":[[-140.433333,60.316097],[-140.433333,60.299587],[-140.4,60.299587],[-140.4,60.291329],[-140.366667,60.291329],[-140.366667,60.283069],[-140.35,60.283069],[-140.35,60.299587],[-140.383333,60.299587],[-140.383333,60.316097],[-140.433333,60.316097]]}},{"type":"Feature","properties":{"id":"2500"},"geometry":{"type":"LineString","coordinates":[[-140.5,60.299587],[-140.5,60.283069],[-140.483333,60.283069],[-140.483333,60.299587],[-140.5,60.299587]]}},{"type":"Feature","properties":{"id":"2500"},"geometry":{"type":"LineString","coordinates":[[-140.833333,60.283069],[-140.833333,60.274807],[-140.816667,60.274807],[-140.816667,60.283069],[-140.833333,60.283069]]}},{"type":"Feature","properties":{"id":"2500"},"geometry":{"type":"LineString","coordinates":[[-139.083333,60.299587],[-139.083333,60.266543],[-139.05,60.266543],[-139.05,60.283069],[-139.066667,60.283069],[-139.066667,60.299587],[-139.083333,60.299587]]}},{"type":"Feature","properties":{"id":"2500"},"geometry":{"type":"LineString","coordinates":[[-138.883333,60.283069],[-138.883333,60.266543],[-138.866667,60.266543],[-138.866667,60.283069],[-138.883333,60.283069]]}},{"type":"Feature","properties":{"id":"2500"},"geometry":{"type":"LineString","coordinates":[[-139.1,60.266543],[-139.1,60.250008],[-139.083333,60.250008],[-139.083333,60.266543],[-139.1,60.266543]]}},{"type":"Feature","properties":{"id":"2500"},"geometry":{"type":"LineString","coordinates":[[-139.016667,60.316097],[-139.016667,60.299587],[-139.033333,60.299587],[-139.033333,60.283069],[-138.966667,60.283069],[-138.966667,60.266543],[-138.95,60.266543],[-138.95,60.250008],[-138.9,60.250008],[-138.9,60.233465],[-138.883333,60.233465],[-138.883333,60.266543],[-138.9,60.266543],[-138.9,60.283069],[-138.933333,60.283069],[-138.933333,60.299587],[-138.983333,60.299587],[-138.983333,60.316097],[-139.016667,60.316097]]}},{"type":"Feature","properties":{"id":"2500"},"geometry":{"type":"LineString","coordinates":[[-138.866667,60.250008],[-138.866667,60.233465],[-138.85,60.233465],[-138.85,60.250008],[-138.866667,60.250008]]}},{"type":"Feature","properties":{"id":"2500"},"geometry":{"type":"LineString","coordinates":[[-140.083333,60.216914],[-140.083333,60.208635],[-140.05,60.208635],[-140.05,60.200354],[-140.033333,60.200354],[-140.033333,60.216914],[-140.083333,60.216914]]}},{"type":"Feature","properties":{"id":"2500"},"geometry":{"type":"LineString","coordinates":[[-140.016667,60.216914],[-140.016667,60.200354],[-139.95,60.200354],[-139.95,60.216914],[-140.016667,60.216914]]}},{"type":"Feature","properties":{"id":"2500"},"geometry":{"type":"LineString","coordinates":[[-137.55,59.114468],[-137.55,59.097355],[-137.533333,59.097355],[-137.533333,59.114468],[-137.55,59.114468]]}},{"type":"Feature","properties":{"id":"2500"},"geometry":{"type":"LineString","coordinates":[[-137.4,59.097355],[-137.4,59.080233],[-137.383333,59.080233],[-137.383333,59.097355],[-137.4,59.097355]]}},{"type":"Feature","properties":{"id":"2500"},"geometry":{"type":"LineString","coordinates":[[-137.516667,59.037391],[-137.516667,59.020239],[-137.5,59.020239],[-137.5,59.037391],[-137.516667,59.037391]]}},{"type":"Feature","properties":{"id":"2500"},"geometry":{"type":"LineString","coordinates":[[-137.5,59.020239],[-137.5,59.003079],[-137.483333,59.003079],[-137.483333,59.020239],[-137.5,59.020239]]}},{"type":"Feature","properties":{"id":"2500"},"geometry":{"type":"LineString","coordinates":[[-137.483333,59.003079],[-137.483333,58.968733],[-137.5,58.968733],[-137.5,58.960141],[-137.516667,58.960141],[-137.516667,58.951547],[-137.45,58.951547],[-137.45,58.917149],[-137.416667,58.917149],[-137.416667,58.934352],[-137.4,58.934352],[-137.4,58.942951],[-137.383333,58.942951],[-137.383333,58.951547],[-137.4,58.951547],[-137.4,58.968733],[-137.416667,58.968733],[-137.416667,58.98591],[-137.45,58.98591],[-137.45,58.968733],[-137.466667,58.968733],[-137.466667,59.003079],[-137.483333,59.003079]]}},{"type":"Feature","properties":{"id":"2500"},"geometry":{"type":"LineString","coordinates":[[-124.75,58.265821],[-124.75,58.248286],[-124.733333,58.248286],[-124.733333,58.265821],[-124.75,58.265821]]}},{"type":"Feature","properties":{"id":"2500"},"geometry":{"type":"LineString","coordinates":[[-125.0,57.895758],[-125.0,57.886901],[-124.983333,57.886901],[-124.983333,57.895758],[-125.0,57.895758]]}},{"type":"Feature","properties":{"id":"2500"},"geometry":{"type":"LineString","coordinates":[[-130.65,57.753771],[-130.65,57.735983],[-130.666667,57.735983],[-130.666667,57.718187],[-130.65,57.718187],[-130.65,57.700381],[-130.633333,57.700381],[-130.633333,57.718187],[-130.616667,57.718187],[-130.616667,57.753771],[-130.65,57.753771]]}},{"type":"Feature","properties":{"id":"2500"},"geometry":{"type":"LineString","coordinates":[[-132.333333,57.43225],[-132.333333,57.414304],[-132.3,57.414304],[-132.3,57.43225],[-132.333333,57.43225]]}},{"type":"Feature","properties":{"id":"2500"},"geometry":{"type":"LineString","coordinates":[[-132.316667,57.39635],[-132.316667,57.387369],[-132.3,57.387369],[-132.3,57.39635],[-132.316667,57.39635]]}},{"type":"Feature","properties":{"id":"2500"},"geometry":{"type":"LineString","coordinates":[[-124.1,57.39635],[-124.1,57.387369],[-124.083333,57.387369],[-124.083333,57.39635],[-124.1,57.39635]]}},{"type":"Feature","properties":{"id":"2500"},"geometry":{"type":"LineString","coordinates":[[-131.183333,57.252397],[-131.183333,57.234363],[-131.166667,57.234363],[-131.166667,57.252397],[-131.183333,57.252397]]}},{"type":"Feature","properties":{"id":"2500"},"geometry":{"type":"LineString","coordinates":[[-132.066667,57.05354],[-132.066667,57.044475],[-132.05,57.044475],[-132.05,57.05354],[-132.066667,57.05354]]}},{"type":"Feature","properties":{"id":"2500"},"geometry":{"type":"LineString","coordinates":[[-120.583333,54.145895],[-120.583333,54.136133],[-120.533333,54.136133],[-120.533333,54.145895],[-120.583333,54.145895]]}},{"type":"Feature","properties":{"id":"2500"},"geometry":{"type":"LineString","coordinates":[[-120.333333,54.067733],[-120.333333,54.04817],[-120.316667,54.04817],[-120.316667,54.067733],[-120.333333,54.067733]]}},{"type":"Feature","properties":{"id":"2500"},"geometry":{"type":"LineString","coordinates":[[-120.4,53.950214],[-120.4,53.930596],[-120.416667,53.930596],[-120.416667,53.920783],[-120.366667,53.920783],[-120.366667,53.950214],[-120.4,53.950214]]}},{"type":"Feature","properties":{"id":"2500"},"geometry":{"type":"LineString","coordinates":[[-118.766667,53.466894],[-118.766667,53.447048],[-118.75,53.447048],[-118.75,53.466894],[-118.766667,53.466894]]}},{"type":"Feature","properties":{"id":"2500"},"geometry":{"type":"LineString","coordinates":[[-119.483333,53.466894],[-119.483333,53.447048],[-119.533333,53.447048],[-119.533333,53.437122],[-119.55,53.437122],[-119.55,53.417263],[-119.516667,53.417263],[-119.516667,53.397394],[-119.466667,53.397394],[-119.466667,53.387456],[-119.433333,53.387456],[-119.433333,53.397394],[-119.416667,53.397394],[-119.416667,53.417263],[-119.483333,53.417263],[-119.483333,53.437122],[-119.466667,53.437122],[-119.466667,53.466894],[-119.483333,53.466894]]}},{"type":"Feature","properties":{"id":"2500"},"geometry":{"type":"LineString","coordinates":[[-119.416667,53.397394],[-119.416667,53.347682],[-119.383333,53.347682],[-119.383333,53.337733],[-119.366667,53.337733],[-119.366667,53.367574],[-119.4,53.367574],[-119.4,53.387456],[-119.383333,53.387456],[-119.383333,53.397394],[-119.416667,53.397394]]}},{"type":"Feature","properties":{"id":"2500"},"geometry":{"type":"LineString","coordinates":[[-118.95,53.347682],[-118.95,53.337733],[-118.933333,53.337733],[-118.933333,53.347682],[-118.95,53.347682]]}},{"type":"Feature","properties":{"id":"2500"},"geometry":{"type":"LineString","coordinates":[[-118.9,53.337733],[-118.9,53.317827],[-118.883333,53.317827],[-118.883333,53.337733],[-118.9,53.337733]]}},{"type":"Feature","properties":{"id":"2500"},"geometry":{"type":"LineString","coordinates":[[-119.15,53.317827],[-119.15,53.297912],[-119.133333,53.297912],[-119.133333,53.317827],[-119.15,53.317827]]}},{"type":"Feature","properties":{"id":"2500"},"geometry":{"type":"LineString","coordinates":[[-119.733333,53.297912],[-119.733333,53.287951],[-119.716667,53.287951],[-119.716667,53.297912],[-119.733333,53.297912]]}},{"type":"Feature","properties":{"id":"2500"},"geometry":{"type":"LineString","coordinates":[[-119.133333,53.297912],[-119.133333,53.287951],[-119.116667,53.287951],[-119.116667,53.297912],[-119.133333,53.297912]]}},{"type":"Feature","properties":{"id":"2500"},"geometry":{"type":"LineString","coordinates":[[-119.1,53.287951],[-119.1,53.268022],[-119.083333,53.268022],[-119.083333,53.287951],[-119.1,53.287951]]}},{"type":"Feature","properties":{"id":"2500"},"geometry":{"type":"LineString","coordinates":[[-119.033333,53.287951],[-119.033333,53.268022],[-119.016667,53.268022],[-119.016667,53.248084],[-118.983333,53.248084],[-118.983333,53.268022],[-119.0,53.268022],[-119.0,53.287951],[-119.033333,53.287951]]}},{"type":"Feature","properties":{"id":"2500"},"geometry":{"type":"LineString","coordinates":[[-118.566667,53.268022],[-118.566667,53.248084],[-118.55,53.248084],[-118.55,53.268022],[-118.566667,53.268022]]}},{"type":"Feature","properties":{"id":"2500"},"geometry":{"type":"LineString","coordinates":[[-119.25,53.248084],[-119.25,53.238111],[-119.233333,53.238111],[-119.233333,53.248084],[-119.25,53.248084]]}},{"type":"Feature","properties":{"id":"2500"},"geometry":{"type":"LineString","coordinates":[[-118.583333,53.248084],[-118.583333,53.238111],[-118.566667,53.238111],[-118.566667,53.248084],[-118.583333,53.248084]]}},{"type":"Feature","properties":{"id":"2500"},"geometry":{"type":"LineString","coordinates":[[-119.533333,53.218159],[-119.533333,53.198197],[-119.516667,53.198197],[-119.516667,53.218159],[-119.533333,53.218159]]}},{"type":"Feature","properties":{"id":"2500"},"geometry":{"type":"LineString","coordinates":[[-119.016667,53.198197],[-119.016667,53.188213],[-119.0,53.188213],[-119.0,53.198197],[-119.016667,53.198197]]}},{"type":"Feature","properties":{"id":"2500"},"geometry":{"type":"LineString","coordinates":[[-118.866667,53.198197],[-118.866667,53.188213],[-118.85,53.188213],[-118.85,53.198197],[-118.866667,53.198197]]}},{"type":"Feature","properties":{"id":"2500"},"geometry":{"type":"LineString","coordinates":[[-119.383333,53.218159],[-119.383333,53.198197],[-119.366667,53.198197],[-119.366667,53.188213],[-119.35,53.188213],[-119.35,53.168238],[-119.366667,53.168238],[-119.366667,53.148253],[-119.333333,53.148253],[-119.333333,53.168238],[-119.316667,53.168238],[-119.316667,53.198197],[-119.333333,53.198197],[-119.333333,53.218159],[-119.383333,53.218159]]}},{"type":"Feature","properties":{"id":"2500"},"geometry":{"type":"LineString","coordinates":[[-120.25,53.188213],[-120.25,53.168238],[-120.266667,53.168238],[-120.266667,53.138257],[-120.25,53.138257],[-120.25,53.148253],[-120.233333,53.148253],[-120.233333,53.188213],[-120.25,53.188213]]}},{"type":"Feature","properties":{"id":"2500"},"geometry":{"type":"LineString","coordinates":[[-119.0,53.148253],[-119.0,53.138257],[-118.966667,53.138257],[-118.966667,53.148253],[-119.0,53.148253]]}},{"type":"Feature","properties":{"id":"2500"},"geometry":{"type":"LineString","coordinates":[[-119.216667,53.218159],[-119.216667,53.198197],[-119.233333,53.198197],[-119.233333,53.188213],[-119.283333,53.188213],[-119.283333,53.118258],[-119.25,53.118258],[-119.25,53.168238],[-119.216667,53.168238],[-119.216667,53.188213],[-119.2,53.188213],[-119.2,53.218159],[-119.216667,53.218159]]}},{"type":"Feature","properties":{"id":"2500"},"geometry":{"type":"LineString","coordinates":[[-119.4,53.138257],[-119.4,53.118258],[-119.383333,53.118258],[-119.383333,53.138257],[-119.4,53.138257]]}},{"type":"Feature","properties":{"id":"2500"},"geometry":{"type":"LineString","coordinates":[[-119.15,53.138257],[-119.15,53.118258],[-119.133333,53.118258],[-119.133333,53.138257],[-119.15,53.138257]]}},{"type":"Feature","properties":{"id":"2500"},"geometry":{"type":"LineString","coordinates":[[-119.066667,53.138257],[-119.066667,53.118258],[-119.033333,53.118258],[-119.033333,53.138257],[-119.066667,53.138257]]}},{"type":"Feature","properties":{"id":"2500"},"geometry":{"type":"LineString","coordinates":[[-119.183333,53.118258],[-119.183333,53.09825],[-119.166667,53.09825],[-119.166667,53.118258],[-119.183333,53.118258]]}},{"type":"Feature","properties":{"id":"2500"},"geometry":{"type":"LineString","coordinates":[[-119.133333,53.118258],[-119.133333,53.09825],[-119.15,53.09825],[-119.15,53.088243],[-119.1,53.088243],[-119.1,53.068221],[-119.083333,53.068221],[-119.083333,53.09825],[-119.066667,53.09825],[-119.066667,53.118258],[-119.1,53.118258],[-119.1,53.09825],[-119.116667,53.09825],[-119.116667,53.118258],[-119.133333,53.118258]]}},{"type":"Feature","properties":{"id":"2500"},"geometry":{"type":"LineString","coordinates":[[-120.483333,53.04819],[-120.483333,53.03817],[-120.466667,53.03817],[-120.466667,53.04819],[-120.483333,53.04819]]}},{"type":"Feature","properties":{"id":"2500"},"geometry":{"type":"LineString","coordinates":[[-120.116667,53.04819],[-120.116667,53.03817],[-120.1,53.03817],[-120.1,53.04819],[-120.116667,53.04819]]}},{"type":"Feature","properties":{"id":"2500"},"geometry":{"type":"LineString","coordinates":[[-118.333333,53.04819],[-118.333333,53.03817],[-118.316667,53.03817],[-118.316667,53.04819],[-118.333333,53.04819]]}},{"type":"Feature","properties":{"id":"2500"},"geometry":{"type":"LineString","coordinates":[[-120.133333,53.03817],[-120.133333,53.018125],[-120.116667,53.018125],[-120.116667,53.03817],[-120.133333,53.03817]]}},{"type":"Feature","properties":{"id":"2500"},"geometry":{"type":"LineString","coordinates":[[-118.45,53.018125],[-118.45,52.998071],[-118.433333,52.998071],[-118.433333,53.018125],[-118.45,53.018125]]}},{"type":"Feature","properties":{"id":"2500"},"geometry":{"type":"LineString","coordinates":[[-120.483333,53.018125],[-120.483333,52.998071],[-120.466667,52.998071],[-120.466667,52.98804],[-120.45,52.98804],[-120.45,52.967971],[-120.433333,52.967971],[-120.433333,53.018125],[-120.483333,53.018125]]}},{"type":"Feature","properties":{"id":"2500"},"geometry":{"type":"LineString","coordinates":[[-119.816667,52.967971],[-119.816667,52.937851],[-119.8,52.937851],[-119.8,52.967971],[-119.816667,52.967971]]}},{"type":"Feature","properties":{"id":"2500"},"geometry":{"type":"LineString","coordinates":[[-119.766667,52.947893],[-119.766667,52.937851],[-119.733333,52.937851],[-119.733333,52.947893],[-119.766667,52.947893]]}},{"type":"Feature","properties":{"id":"2500"},"geometry":{"type":"LineString","coordinates":[[-120.183333,52.947893],[-120.183333,52.917759],[-120.15,52.917759],[-120.15,52.947893],[-120.183333,52.947893]]}},{"type":"Feature","properties":{"id":"2500"},"geometry":{"type":"LineString","coordinates":[[-120.05,52.917759],[-120.05,52.897658],[-120.033333,52.897658],[-120.033333,52.917759],[-120.05,52.917759]]}},{"type":"Feature","properties":{"id":"2500"},"geometry":{"type":"LineString","coordinates":[[-120.016667,52.917759],[-120.016667,52.897658],[-120.0,52.897658],[-120.0,52.917759],[-120.016667,52.917759]]}},{"type":"Feature","properties":{"id":"2500"},"geometry":{"type":"LineString","coordinates":[[-119.666667,52.897658],[-119.666667,52.887604],[-119.65,52.887604],[-119.65,52.897658],[-119.666667,52.897658]]}},{"type":"Feature","properties":{"id":"2500"},"geometry":{"type":"LineString","coordinates":[[-120.216667,52.887604],[-120.216667,52.867489],[-120.2,52.867489],[-120.2,52.887604],[-120.216667,52.887604]]}},{"type":"Feature","properties":{"id":"2500"},"geometry":{"type":"LineString","coordinates":[[-120.15,52.887604],[-120.15,52.867489],[-120.133333,52.867489],[-120.133333,52.887604],[-120.15,52.887604]]}},{"type":"Feature","properties":{"id":"2500"},"geometry":{"type":"LineString","coordinates":[[-119.7,52.887604],[-119.7,52.867489],[-119.683333,52.867489],[-119.683333,52.887604],[-119.7,52.887604]]}},{"type":"Feature","properties":{"id":"2500"},"geometry":{"type":"LineString","coordinates":[[-120.333333,52.847364],[-120.333333,52.837298],[-120.316667,52.837298],[-120.316667,52.847364],[-120.333333,52.847364]]}},{"type":"Feature","properties":{"id":"2500"},"geometry":{"type":"LineString","coordinates":[[-119.666667,52.837298],[-119.666667,52.81716],[-119.65,52.81716],[-119.65,52.837298],[-119.666667,52.837298]]}},{"type":"Feature","properties":{"id":"2500"},"geometry":{"type":"LineString","coordinates":[[-120.033333,52.797012],[-120.033333,52.786934],[-120.016667,52.786934],[-120.016667,52.797012],[-120.033333,52.797012]]}},{"type":"Feature","properties":{"id":"2500"},"geometry":{"type":"LineString","coordinates":[[-117.2,52.797012],[-117.2,52.786934],[-117.183333,52.786934],[-117.183333,52.797012],[-117.2,52.797012]]}},{"type":"Feature","properties":{"id":"2500"},"geometry":{"type":"LineString","coordinates":[[-120.1,52.786934],[-120.1,52.766773],[-120.083333,52.766773],[-120.083333,52.786934],[-120.1,52.786934]]}},{"type":"Feature","properties":{"id":"2500"},"geometry":{"type":"LineString","coordinates":[[-117.116667,52.786934],[-117.116667,52.766773],[-117.1,52.766773],[-117.1,52.786934],[-117.116667,52.786934]]}},{"type":"Feature","properties":{"id":"2500"},"geometry":{"type":"LineString","coordinates":[[-118.2,52.797012],[-118.2,52.786934],[-118.216667,52.786934],[-118.216667,52.766773],[-118.233333,52.766773],[-118.233333,52.746601],[-118.2,52.746601],[-118.2,52.766773],[-118.166667,52.766773],[-118.166667,52.786934],[-118.183333,52.786934],[-118.183333,52.797012],[-118.2,52.797012]]}},{"type":"Feature","properties":{"id":"2500"},"geometry":{"type":"LineString","coordinates":[[-117.166667,52.766773],[-117.166667,52.746601],[-117.15,52.746601],[-117.15,52.766773],[-117.166667,52.766773]]}},{"type":"Feature","properties":{"id":"2500"},"geometry":{"type":"LineString","coordinates":[[-117.083333,52.766773],[-117.083333,52.746601],[-117.066667,52.746601],[-117.066667,52.766773],[-117.083333,52.766773]]}},{"type":"Feature","properties":{"id":"2500"},"geometry":{"type":"LineString","coordinates":[[-117.316667,52.766773],[-117.316667,52.746601],[-117.3,52.746601],[-117.3,52.736512],[-117.283333,52.736512],[-117.283333,52.746601],[-117.266667,52.746601],[-117.266667,52.766773],[-117.316667,52.766773]]}},{"type":"Feature","properties":{"id":"2500"},"geometry":{"type":"LineString","coordinates":[[-118.75,52.746601],[-118.75,52.736512],[-118.733333,52.736512],[-118.733333,52.746601],[-118.75,52.746601]]}},{"type":"Feature","properties":{"id":"2500"},"geometry":{"type":"LineString","coordinates":[[-118.116667,52.746601],[-118.116667,52.736512],[-118.1,52.736512],[-118.1,52.746601],[-118.116667,52.746601]]}},{"type":"Feature","properties":{"id":"2500"},"geometry":{"type":"LineString","coordinates":[[-117.133333,52.746601],[-117.133333,52.736512],[-117.116667,52.736512],[-117.116667,52.746601],[-117.133333,52.746601]]}},{"type":"Feature","properties":{"id":"2500"},"geometry":{"type":"LineString","coordinates":[[-117.1,52.746601],[-117.1,52.736512],[-117.083333,52.736512],[-117.083333,52.746601],[-117.1,52.746601]]}},{"type":"Feature","properties":{"id":"2500"},"geometry":{"type":"LineString","coordinates":[[-119.983333,52.736512],[-119.983333,52.716327],[-119.966667,52.716327],[-119.966667,52.736512],[-119.983333,52.736512]]}},{"type":"Feature","properties":{"id":"2500"},"geometry":{"type":"LineString","coordinates":[[-117.533333,52.736512],[-117.533333,52.716327],[-117.5,52.716327],[-117.5,52.736512],[-117.533333,52.736512]]}},{"type":"Feature","properties":{"id":"2500"},"geometry":{"type":"LineString","coordinates":[[-117.033333,52.736512],[-117.033333,52.716327],[-117.016667,52.716327],[-117.016667,52.736512],[-117.033333,52.736512]]}},{"type":"Feature","properties":{"id":"2500"},"geometry":{"type":"LineString","coordinates":[[-119.833333,52.897658],[-119.833333,52.867489],[-119.816667,52.867489],[-119.816667,52.837298],[-119.85,52.837298],[-119.85,52.786934],[-119.833333,52.786934],[-119.833333,52.797012],[-119.75,52.797012],[-119.75,52.786934],[-119.783333,52.786934],[-119.783333,52.766773],[-119.8,52.766773],[-119.8,52.746601],[-119.75,52.746601],[-119.75,52.736512],[-119.716667,52.736512],[-119.716667,52.716327],[-119.7,52.716327],[-119.7,52.696132],[-119.666667,52.696132],[-119.666667,52.716327],[-119.683333,52.716327],[-119.683333,52.746601],[-119.7,52.746601],[-119.7,52.766773],[-119.683333,52.766773],[-119.683333,52.786934],[-119.55,52.786934],[-119.55,52.766773],[-119.533333,52.766773],[-119.533333,52.81716],[-119.566667,52.81716],[-119.566667,52.847364],[-119.583333,52.847364],[-119.583333,52.81716],[-119.6,52.81716],[-119.6,52.837298],[-119.633333,52.837298],[-119.633333,52.81716],[-119.65,52.81716],[-119.65,52.797012],[-119.7,52.797012],[-119.7,52.81716],[-119.716667,52.81716],[-119.716667,52.867489],[-119.733333,52.867489],[-119.733333,52.847364],[-119.75,52.847364],[-119.75,52.837298],[-119.783333,52.837298],[-119.783333,52.847364],[-119.8,52.847364],[-119.8,52.887604],[-119.816667,52.887604],[-119.816667,52.897658],[-119.833333,52.897658]]}},{"type":"Feature","properties":{"id":"2500"},"geometry":{"type":"LineString","coordinates":[[-119.733333,52.81716],[-119.716667,52.81716],[-119.716667,52.786934],[-119.733333,52.786934],[-119.733333,52.81716]]}},{"type":"Feature","properties":{"id":"2500"},"geometry":{"type":"LineString","coordinates":[[-118.4,52.716327],[-118.4,52.696132],[-118.383333,52.696132],[-118.383333,52.716327],[-118.4,52.716327]]}},{"type":"Feature","properties":{"id":"2500"},"geometry":{"type":"LineString","coordinates":[[-117.416667,52.716327],[-117.416667,52.696132],[-117.4,52.696132],[-117.4,52.716327],[-117.416667,52.716327]]}},{"type":"Feature","properties":{"id":"2500"},"geometry":{"type":"LineString","coordinates":[[-117.066667,52.716327],[-117.066667,52.696132],[-117.05,52.696132],[-117.05,52.716327],[-117.066667,52.716327]]}},{"type":"Feature","properties":{"id":"2500"},"geometry":{"type":"LineString","coordinates":[[-117.0,52.716327],[-117.0,52.696132],[-116.983333,52.696132],[-116.983333,52.716327],[-117.0,52.716327]]}},{"type":"Feature","properties":{"id":"2500"},"geometry":{"type":"LineString","coordinates":[[-117.466667,52.696132],[-117.466667,52.686032],[-117.45,52.686032],[-117.45,52.696132],[-117.466667,52.696132]]}},{"type":"Feature","properties":{"id":"2500"},"geometry":{"type":"LineString","coordinates":[[-118.083333,52.686032],[-118.083333,52.665823],[-118.066667,52.665823],[-118.066667,52.686032],[-118.083333,52.686032]]}},{"type":"Feature","properties":{"id":"2500"},"geometry":{"type":"LineString","coordinates":[[-117.333333,52.696132],[-117.333333,52.686032],[-117.35,52.686032],[-117.35,52.665823],[-117.316667,52.665823],[-117.316667,52.696132],[-117.333333,52.696132]]}},{"type":"Feature","properties":{"id":"2500"},"geometry":{"type":"LineString","coordinates":[[-119.6,52.665823],[-119.6,52.645605],[-119.533333,52.645605],[-119.533333,52.665823],[-119.6,52.665823]]}},{"type":"Feature","properties":{"id":"2500"},"geometry":{"type":"LineString","coordinates":[[-118.15,52.665823],[-118.15,52.645605],[-118.133333,52.645605],[-118.133333,52.665823],[-118.15,52.665823]]}},{"type":"Feature","properties":{"id":"2500"},"geometry":{"type":"LineString","coordinates":[[-118.066667,52.665823],[-118.066667,52.645605],[-118.033333,52.645605],[-118.033333,52.665823],[-118.066667,52.665823]]}},{"type":"Feature","properties":{"id":"2500"},"geometry":{"type":"LineString","coordinates":[[-117.3,52.665823],[-117.3,52.645605],[-117.25,52.645605],[-117.25,52.665823],[-117.3,52.665823]]}},{"type":"Feature","properties":{"id":"2500"},"geometry":{"type":"LineString","coordinates":[[-117.25,52.746601],[-117.25,52.736512],[-117.266667,52.736512],[-117.266667,52.716327],[-117.25,52.716327],[-117.25,52.696132],[-117.216667,52.696132],[-117.216667,52.686032],[-117.183333,52.686032],[-117.183333,52.665823],[-117.15,52.665823],[-117.15,52.645605],[-117.1,52.645605],[-117.1,52.635493],[-117.066667,52.635493],[-117.066667,52.645605],[-117.083333,52.645605],[-117.083333,52.665823],[-117.133333,52.665823],[-117.133333,52.686032],[-117.166667,52.686032],[-117.166667,52.696132],[-117.183333,52.696132],[-117.183333,52.716327],[-117.233333,52.716327],[-117.233333,52.746601],[-117.25,52.746601]]}},{"type":"Feature","properties":{"id":"2500"},"geometry":{"type":"LineString","coordinates":[[-118.633333,52.645605],[-118.633333,52.635493],[-118.6,52.635493],[-118.6,52.645605],[-118.633333,52.645605]]}},{"type":"Feature","properties":{"id":"2500"},"geometry":{"type":"LineString","coordinates":[[-118.383333,52.645605],[-118.383333,52.635493],[-118.366667,52.635493],[-118.366667,52.645605],[-118.383333,52.645605]]}},{"type":"Feature","properties":{"id":"2500"},"geometry":{"type":"LineString","coordinates":[[-118.3,52.686032],[-118.3,52.665823],[-118.333333,52.665823],[-118.333333,52.645605],[-118.35,52.645605],[-118.35,52.635493],[-118.283333,52.635493],[-118.283333,52.686032],[-118.3,52.686032]]}},{"type":"Feature","properties":{"id":"2500"},"geometry":{"type":"LineString","coordinates":[[-117.833333,52.645605],[-117.833333,52.635493],[-117.816667,52.635493],[-117.816667,52.645605],[-117.833333,52.645605]]}},{"type":"Feature","properties":{"id":"2500"},"geometry":{"type":"LineString","coordinates":[[-117.433333,52.686032],[-117.433333,52.645605],[-117.45,52.645605],[-117.45,52.635493],[-117.433333,52.635493],[-117.433333,52.615261],[-117.4,52.615261],[-117.4,52.635493],[-117.366667,52.635493],[-117.366667,52.615261],[-117.35,52.615261],[-117.35,52.635493],[-117.316667,52.635493],[-117.316667,52.645605],[-117.366667,52.645605],[-117.366667,52.665823],[-117.4,52.665823],[-117.4,52.686032],[-117.433333,52.686032]]}},{"type":"Feature","properties":{"id":"2500"},"geometry":{"type":"LineString","coordinates":[[-118.366667,52.635493],[-118.366667,52.615261],[-118.35,52.615261],[-118.35,52.635493],[-118.366667,52.635493]]}},{"type":"Feature","properties":{"id":"2500"},"geometry":{"type":"LineString","coordinates":[[-118.266667,52.635493],[-118.266667,52.615261],[-118.25,52.615261],[-118.25,52.635493],[-118.266667,52.635493]]}},{"type":"Feature","properties":{"id":"2500"},"geometry":{"type":"LineString","coordinates":[[-116.966667,52.635493],[-116.966667,52.615261],[-116.95,52.615261],[-116.95,52.635493],[-116.966667,52.635493]]}},{"type":"Feature","properties":{"id":"2500"},"geometry":{"type":"LineString","coordinates":[[-118.35,52.615261],[-118.35,52.595019],[-118.333333,52.595019],[-118.333333,52.615261],[-118.35,52.615261]]}},{"type":"Feature","properties":{"id":"2500"},"geometry":{"type":"LineString","coordinates":[[-118.216667,52.615261],[-118.216667,52.595019],[-118.2,52.595019],[-118.2,52.615261],[-118.216667,52.615261]]}},{"type":"Feature","properties":{"id":"2500"},"geometry":{"type":"LineString","coordinates":[[-117.966667,52.615261],[-117.966667,52.595019],[-117.95,52.595019],[-117.95,52.615261],[-117.966667,52.615261]]}},{"type":"Feature","properties":{"id":"2500"},"geometry":{"type":"LineString","coordinates":[[-116.95,52.615261],[-116.95,52.595019],[-116.916667,52.595019],[-116.916667,52.615261],[-116.95,52.615261]]}},{"type":"Feature","properties":{"id":"2500"},"geometry":{"type":"LineString","coordinates":[[-117.55,52.635493],[-117.55,52.595019],[-117.533333,52.595019],[-117.533333,52.584895],[-117.5,52.584895],[-117.5,52.615261],[-117.533333,52.615261],[-117.533333,52.635493],[-117.55,52.635493]]}},{"type":"Feature","properties":{"id":"2500"},"geometry":{"type":"LineString","coordinates":[[-117.033333,52.615261],[-117.033333,52.584895],[-116.983333,52.584895],[-116.983333,52.595019],[-117.016667,52.595019],[-117.016667,52.615261],[-117.033333,52.615261]]}},{"type":"Feature","properties":{"id":"2500"},"geometry":{"type":"LineString","coordinates":[[-118.533333,52.635493],[-118.533333,52.595019],[-118.55,52.595019],[-118.55,52.584895],[-118.516667,52.584895],[-118.516667,52.635493],[-118.533333,52.635493]]}},{"type":"Feature","properties":{"id":"2500"},"geometry":{"type":"LineString","coordinates":[[-118.333333,52.595019],[-118.333333,52.584895],[-118.316667,52.584895],[-118.316667,52.595019],[-118.333333,52.595019]]}},{"type":"Feature","properties":{"id":"2500"},"geometry":{"type":"LineString","coordinates":[[-117.933333,52.584895],[-117.933333,52.56464],[-117.916667,52.56464],[-117.916667,52.584895],[-117.933333,52.584895]]}},{"type":"Feature","properties":{"id":"2500"},"geometry":{"type":"LineString","coordinates":[[-117.5,52.584895],[-117.5,52.56464],[-117.483333,52.56464],[-117.483333,52.554509],[-117.45,52.554509],[-117.45,52.534239],[-117.433333,52.534239],[-117.433333,52.56464],[-117.466667,52.56464],[-117.466667,52.584895],[-117.5,52.584895]]}},{"type":"Feature","properties":{"id":"2500"},"geometry":{"type":"LineString","coordinates":[[-117.066667,52.584895],[-117.066667,52.56464],[-117.1,52.56464],[-117.1,52.554509],[-117.116667,52.554509],[-117.116667,52.534239],[-117.066667,52.534239],[-117.066667,52.554509],[-117.05,52.554509],[-117.05,52.584895],[-117.066667,52.584895]]}},{"type":"Feature","properties":{"id":"2500"},"geometry":{"type":"LineString","coordinates":[[-117.05,52.554509],[-117.05,52.534239],[-117.033333,52.534239],[-117.033333,52.554509],[-117.05,52.554509]]}},{"type":"Feature","properties":{"id":"2500"},"geometry":{"type":"LineString","coordinates":[[-116.766667,52.554509],[-116.766667,52.534239],[-116.75,52.534239],[-116.75,52.554509],[-116.766667,52.554509]]}},{"type":"Feature","properties":{"id":"2500"},"geometry":{"type":"LineString","coordinates":[[-116.816667,52.56464],[-116.816667,52.513961],[-116.8,52.513961],[-116.8,52.56464],[-116.816667,52.56464]]}},{"type":"Feature","properties":{"id":"2500"},"geometry":{"type":"LineString","coordinates":[[-117.816667,52.534239],[-117.816667,52.513961],[-117.8,52.513961],[-117.8,52.534239],[-117.816667,52.534239]]}},{"type":"Feature","properties":{"id":"2500"},"geometry":{"type":"LineString","coordinates":[[-120.216667,52.513961],[-120.216667,52.503818],[-120.2,52.503818],[-120.2,52.513961],[-120.216667,52.513961]]}},{"type":"Feature","properties":{"id":"2500"},"geometry":{"type":"LineString","coordinates":[[-119.016667,52.513961],[-119.016667,52.503818],[-119.0,52.503818],[-119.0,52.513961],[-119.016667,52.513961]]}},{"type":"Feature","properties":{"id":"2500"},"geometry":{"type":"LineString","coordinates":[[-117.85,52.513961],[-117.85,52.503818],[-117.816667,52.503818],[-117.816667,52.513961],[-117.85,52.513961]]}},{"type":"Feature","properties":{"id":"2500"},"geometry":{"type":"LineString","coordinates":[[-117.266667,52.635493],[-117.266667,52.615261],[-117.35,52.615261],[-117.35,52.595019],[-117.316667,52.595019],[-117.316667,52.584895],[-117.3,52.584895],[-117.3,52.56464],[-117.35,52.56464],[-117.35,52.584895],[-117.4,52.584895],[-117.4,52.56464],[-117.383333,52.56464],[-117.383333,52.554509],[-117.366667,52.554509],[-117.366667,52.513961],[-117.383333,52.513961],[-117.383333,52.503818],[-117.3,52.503818],[-117.3,52.534239],[-117.283333,52.534239],[-117.283333,52.554509],[-117.25,52.554509],[-117.25,52.534239],[-117.233333,52.534239],[-117.233333,52.513961],[-117.216667,52.513961],[-117.216667,52.534239],[-117.2,52.534239],[-117.2,52.554509],[-117.166667,52.554509],[-117.166667,52.56464],[-117.133333,52.56464],[-117.133333,52.595019],[-117.15,52.595019],[-117.15,52.615261],[-117.166667,52.615261],[-117.166667,52.595019],[-117.183333,52.595019],[-117.183333,52.56464],[-117.216667,52.56464],[-117.216667,52.584895],[-117.25,52.584895],[-117.25,52.595019],[-117.233333,52.595019],[-117.233333,52.615261],[-117.25,52.615261],[-117.25,52.635493],[-117.266667,52.635493]]}},{"type":"Feature","properties":{"id":"2500"},"geometry":{"type":"LineString","coordinates":[[-117.35,52.554509],[-117.333333,52.554509],[-117.333333,52.513961],[-117.35,52.513961],[-117.35,52.554509]]}},{"type":"Feature","properties":{"id":"2500"},"geometry":{"type":"LineString","coordinates":[[-117.016667,52.513961],[-117.016667,52.503818],[-117.0,52.503818],[-117.0,52.513961],[-117.016667,52.513961]]}},{"type":"Feature","properties":{"id":"2500"},"geometry":{"type":"LineString","coordinates":[[-117.916667,52.56464],[-117.916667,52.554509],[-117.933333,52.554509],[-117.933333,52.513961],[-117.95,52.513961],[-117.95,52.503818],[-117.933333,52.503818],[-117.933333,52.483525],[-117.916667,52.483525],[-117.916667,52.534239],[-117.883333,52.534239],[-117.883333,52.554509],[-117.9,52.554509],[-117.9,52.56464],[-117.916667,52.56464]]}},{"type":"Feature","properties":{"id":"2500"},"geometry":{"type":"LineString","coordinates":[[-117.733333,52.503818],[-117.733333,52.483525],[-117.716667,52.483525],[-117.716667,52.503818],[-117.733333,52.503818]]}},{"type":"Feature","properties":{"id":"2500"},"geometry":{"type":"LineString","coordinates":[[-117.2,52.534239],[-117.2,52.503818],[-117.183333,52.503818],[-117.183333,52.483525],[-117.15,52.483525],[-117.15,52.463223],[-117.133333,52.463223],[-117.133333,52.503818],[-117.1,52.503818],[-117.1,52.513961],[-117.116667,52.513961],[-117.116667,52.534239],[-117.133333,52.534239],[-117.133333,52.513961],[-117.166667,52.513961],[-117.166667,52.534239],[-117.2,52.534239]]}},{"type":"Feature","properties":{"id":"2500"},"geometry":{"type":"LineString","coordinates":[[-116.8,52.513961],[-116.8,52.503818],[-116.733333,52.503818],[-116.733333,52.463223],[-116.7,52.463223],[-116.7,52.483525],[-116.716667,52.483525],[-116.716667,52.513961],[-116.8,52.513961]]}},{"type":"Feature","properties":{"id":"2500"},"geometry":{"type":"LineString","coordinates":[[-117.983333,52.483525],[-117.983333,52.463223],[-117.966667,52.463223],[-117.966667,52.483525],[-117.983333,52.483525]]}},{"type":"Feature","properties":{"id":"2500"},"geometry":{"type":"LineString","coordinates":[[-117.116667,52.483525],[-117.116667,52.463223],[-117.1,52.463223],[-117.1,52.453068],[-117.083333,52.453068],[-117.083333,52.483525],[-117.116667,52.483525]]}},{"type":"Feature","properties":{"id":"2500"},"geometry":{"type":"LineString","coordinates":[[-119.0,52.463223],[-119.0,52.453068],[-118.983333,52.453068],[-118.983333,52.463223],[-119.0,52.463223]]}},{"type":"Feature","properties":{"id":"2500"},"geometry":{"type":"LineString","coordinates":[[-116.783333,52.463223],[-116.783333,52.432752],[-116.766667,52.432752],[-116.766667,52.463223],[-116.783333,52.463223]]}},{"type":"Feature","properties":{"id":"2500"},"geometry":{"type":"LineString","coordinates":[[-117.75,52.483525],[-117.75,52.453068],[-117.766667,52.453068],[-117.766667,52.412426],[-117.733333,52.412426],[-117.733333,52.432752],[-117.716667,52.432752],[-117.716667,52.453068],[-117.733333,52.453068],[-117.733333,52.483525],[-117.75,52.483525]]}},{"type":"Feature","properties":{"id":"2500"},"geometry":{"type":"LineString","coordinates":[[-117.3,52.503818],[-117.3,52.463223],[-117.25,52.463223],[-117.25,52.453068],[-117.266667,52.453068],[-117.266667,52.432752],[-117.216667,52.432752],[-117.216667,52.412426],[-117.183333,52.412426],[-117.183333,52.432752],[-117.166667,52.432752],[-117.166667,52.453068],[-117.233333,52.453068],[-117.233333,52.463223],[-117.216667,52.463223],[-117.216667,52.483525],[-117.266667,52.483525],[-117.266667,52.503818],[-117.3,52.503818]]}},{"type":"Feature","properties":{"id":"2500"},"geometry":{"type":"LineString","coordinates":[[-117.0,52.503818],[-117.0,52.483525],[-117.05,52.483525],[-117.05,52.453068],[-117.083333,52.453068],[-117.083333,52.432752],[-117.05,52.432752],[-117.05,52.412426],[-117.016667,52.412426],[-117.016667,52.432752],[-116.966667,52.432752],[-116.966667,52.453068],[-117.016667,52.453068],[-117.016667,52.463223],[-116.933333,52.463223],[-116.933333,52.483525],[-116.966667,52.483525],[-116.966667,52.503818],[-117.0,52.503818]]}},{"type":"Feature","properties":{"id":"2500"},"geometry":{"type":"LineString","coordinates":[[-117.35,52.432752],[-117.35,52.412426],[-117.333333,52.412426],[-117.333333,52.432752],[-117.35,52.432752]]}},{"type":"Feature","properties":{"id":"2500"},"geometry":{"type":"LineString","coordinates":[[-116.766667,52.432752],[-116.766667,52.412426],[-116.75,52.412426],[-116.75,52.432752],[-116.766667,52.432752]]}},{"type":"Feature","properties":{"id":"2500"},"geometry":{"type":"LineString","coordinates":[[-117.55,52.453068],[-117.55,52.40226],[-117.516667,52.40226],[-117.516667,52.412426],[-117.533333,52.412426],[-117.533333,52.453068],[-117.55,52.453068]]}},{"type":"Feature","properties":{"id":"2500"},"geometry":{"type":"LineString","coordinates":[[-118.0,52.412426],[-118.0,52.40226],[-117.983333,52.40226],[-117.983333,52.412426],[-118.0,52.412426]]}},{"type":"Feature","properties":{"id":"2500"},"geometry":{"type":"LineString","coordinates":[[-118.066667,52.463223],[-118.066667,52.412426],[-118.116667,52.412426],[-118.116667,52.453068],[-118.133333,52.453068],[-118.133333,52.432752],[-118.166667,52.432752],[-118.166667,52.412426],[-118.15,52.412426],[-118.15,52.38192],[-118.133333,52.38192],[-118.133333,52.40226],[-118.1,52.40226],[-118.1,52.38192],[-118.066667,52.38192],[-118.066667,52.40226],[-118.05,52.40226],[-118.05,52.38192],[-118.0,52.38192],[-118.0,52.40226],[-118.033333,52.40226],[-118.033333,52.412426],[-118.016667,52.412426],[-118.016667,52.463223],[-118.066667,52.463223]]}},{"type":"Feature","properties":{"id":"2500"},"geometry":{"type":"LineString","coordinates":[[-117.183333,52.412426],[-117.183333,52.40226],[-117.15,52.40226],[-117.15,52.38192],[-117.116667,52.38192],[-117.116667,52.40226],[-117.133333,52.40226],[-117.133333,52.412426],[-117.183333,52.412426]]}},{"type":"Feature","properties":{"id":"2500"},"geometry":{"type":"LineString","coordinates":[[-116.65,52.40226],[-116.65,52.38192],[-116.616667,52.38192],[-116.616667,52.40226],[-116.65,52.40226]]}},{"type":"Feature","properties":{"id":"2500"},"geometry":{"type":"LineString","coordinates":[[-116.666667,52.463223],[-116.666667,52.432752],[-116.7,52.432752],[-116.7,52.453068],[-116.716667,52.453068],[-116.716667,52.412426],[-116.733333,52.412426],[-116.733333,52.40226],[-116.75,52.40226],[-116.75,52.38192],[-116.7,52.38192],[-116.7,52.371747],[-116.666667,52.371747],[-116.666667,52.38192],[-116.683333,52.38192],[-116.683333,52.40226],[-116.65,52.40226],[-116.65,52.412426],[-116.616667,52.412426],[-116.616667,52.432752],[-116.633333,52.432752],[-116.633333,52.453068],[-116.65,52.453068],[-116.65,52.463223],[-116.666667,52.463223]]}},{"type":"Feature","properties":{"id":"2500"},"geometry":{"type":"LineString","coordinates":[[-119.516667,52.38192],[-119.516667,52.371747],[-119.5,52.371747],[-119.5,52.38192],[-119.516667,52.38192]]}},{"type":"Feature","properties":{"id":"2500"},"geometry":{"type":"LineString","coordinates":[[-118.233333,52.38192],[-118.233333,52.371747],[-118.216667,52.371747],[-118.216667,52.38192],[-118.233333,52.38192]]}},{"type":"Feature","properties":{"id":"2500"},"geometry":{"type":"LineString","coordinates":[[-118.95,52.463223],[-118.95,52.432752],[-118.966667,52.432752],[-118.966667,52.412426],[-118.95,52.412426],[-118.95,52.40226],[-118.983333,52.40226],[-118.983333,52.351393],[-118.95,52.351393],[-118.95,52.371747],[-118.933333,52.371747],[-118.933333,52.40226],[-118.916667,52.40226],[-118.916667,52.412426],[-118.933333,52.412426],[-118.933333,52.453068],[-118.916667,52.453068],[-118.916667,52.463223],[-118.95,52.463223]]}},{"type":"Feature","properties":{"id":"2500"},"geometry":{"type":"LineString","coordinates":[[-118.483333,52.371747],[-118.483333,52.351393],[-118.466667,52.351393],[-118.466667,52.371747],[-118.483333,52.371747]]}},{"type":"Feature","properties":{"id":"2500"},"geometry":{"type":"LineString","coordinates":[[-117.183333,52.371747],[-117.183333,52.351393],[-117.166667,52.351393],[-117.166667,52.371747],[-117.183333,52.371747]]}},{"type":"Feature","properties":{"id":"2500"},"geometry":{"type":"LineString","coordinates":[[-116.983333,52.371747],[-116.983333,52.351393],[-116.966667,52.351393],[-116.966667,52.371747],[-116.983333,52.371747]]}},{"type":"Feature","properties":{"id":"2500"},"geometry":{"type":"LineString","coordinates":[[-116.666667,52.371747],[-116.666667,52.351393],[-116.65,52.351393],[-116.65,52.371747],[-116.666667,52.371747]]}},{"type":"Feature","properties":{"id":"2500"},"geometry":{"type":"LineString","coordinates":[[-116.766667,52.371747],[-116.766667,52.351393],[-116.716667,52.351393],[-116.716667,52.33103],[-116.7,52.33103],[-116.7,52.371747],[-116.766667,52.371747]]}},{"type":"Feature","properties":{"id":"2500"},"geometry":{"type":"LineString","coordinates":[[-117.866667,52.351393],[-117.866667,52.33103],[-117.833333,52.33103],[-117.833333,52.351393],[-117.866667,52.351393]]}},{"type":"Feature","properties":{"id":"2500"},"geometry":{"type":"LineString","coordinates":[[-117.166667,52.351393],[-117.166667,52.33103],[-117.15,52.33103],[-117.15,52.351393],[-117.166667,52.351393]]}},{"type":"Feature","properties":{"id":"2500"},"geometry":{"type":"LineString","coordinates":[[-117.066667,52.351393],[-117.066667,52.33103],[-117.05,52.33103],[-117.05,52.351393],[-117.066667,52.351393]]}},{"type":"Feature","properties":{"id":"2500"},"geometry":{"type":"LineString","coordinates":[[-116.566667,52.351393],[-116.566667,52.33103],[-116.55,52.33103],[-116.55,52.351393],[-116.566667,52.351393]]}},{"type":"Feature","properties":{"id":"2500"},"geometry":{"type":"LineString","coordinates":[[-117.5,52.40226],[-117.5,52.38192],[-117.483333,52.38192],[-117.483333,52.371747],[-117.55,52.371747],[-117.55,52.351393],[-117.533333,52.351393],[-117.533333,52.320845],[-117.516667,52.320845],[-117.516667,52.351393],[-117.483333,52.351393],[-117.483333,52.33103],[-117.45,52.33103],[-117.45,52.320845],[-117.416667,52.320845],[-117.416667,52.33103],[-117.433333,52.33103],[-117.433333,52.351393],[-117.45,52.351393],[-117.45,52.371747],[-117.433333,52.371747],[-117.433333,52.38192],[-117.45,52.38192],[-117.45,52.40226],[-117.5,52.40226]]}},{"type":"Feature","properties":{"id":"2500"},"geometry":{"type":"LineString","coordinates":[[-119.016667,52.351393],[-119.016667,52.33103],[-119.05,52.33103],[-119.05,52.320845],[-119.0,52.320845],[-119.0,52.33103],[-118.983333,52.33103],[-118.983333,52.351393],[-119.016667,52.351393]]}},{"type":"Feature","properties":{"id":"2500"},"geometry":{"type":"LineString","coordinates":[[-118.866667,52.33103],[-118.866667,52.320845],[-118.8,52.320845],[-118.8,52.33103],[-118.866667,52.33103]]}},{"type":"Feature","properties":{"id":"2500"},"geometry":{"type":"LineString","coordinates":[[-117.633333,52.33103],[-117.633333,52.320845],[-117.616667,52.320845],[-117.616667,52.33103],[-117.633333,52.33103]]}},{"type":"Feature","properties":{"id":"2500"},"geometry":{"type":"LineString","coordinates":[[-116.783333,52.33103],[-116.783333,52.320845],[-116.75,52.320845],[-116.75,52.33103],[-116.783333,52.33103]]}},{"type":"Feature","properties":{"id":"2500"},"geometry":{"type":"LineString","coordinates":[[-116.7,52.33103],[-116.7,52.320845],[-116.666667,52.320845],[-116.666667,52.33103],[-116.7,52.33103]]}},{"type":"Feature","properties":{"id":"2500"},"geometry":{"type":"LineString","coordinates":[[-117.1,52.38192],[-117.1,52.371747],[-117.116667,52.371747],[-117.116667,52.351393],[-117.133333,52.351393],[-117.133333,52.33103],[-117.15,52.33103],[-117.15,52.320845],[-117.116667,52.320845],[-117.116667,52.300468],[-117.1,52.300468],[-117.1,52.351393],[-117.083333,52.351393],[-117.083333,52.38192],[-117.1,52.38192]]}},{"type":"Feature","properties":{"id":"2500"},"geometry":{"type":"LineString","coordinates":[[-117.416667,52.320845],[-117.416667,52.300468],[-117.366667,52.300468],[-117.366667,52.320845],[-117.416667,52.320845]]}},{"type":"Feature","properties":{"id":"2500"},"geometry":{"type":"LineString","coordinates":[[-116.8,52.320845],[-116.8,52.300468],[-116.783333,52.300468],[-116.783333,52.320845],[-116.8,52.320845]]}},{"type":"Feature","properties":{"id":"2500"},"geometry":{"type":"LineString","coordinates":[[-116.666667,52.320845],[-116.666667,52.300468],[-116.65,52.300468],[-116.65,52.320845],[-116.666667,52.320845]]}},{"type":"Feature","properties":{"id":"2500"},"geometry":{"type":"LineString","coordinates":[[-117.9,52.320845],[-117.9,52.300468],[-117.883333,52.300468],[-117.883333,52.280082],[-117.866667,52.280082],[-117.866667,52.320845],[-117.9,52.320845]]}},{"type":"Feature","properties":{"id":"2500"},"geometry":{"type":"LineString","coordinates":[[-117.6,52.300468],[-117.6,52.280082],[-117.583333,52.280082],[-117.583333,52.300468],[-117.6,52.300468]]}},{"type":"Feature","properties":{"id":"2500"},"geometry":{"type":"LineString","coordinates":[[-117.3,52.300468],[-117.3,52.280082],[-117.25,52.280082],[-117.25,52.300468],[-117.3,52.300468]]}},{"type":"Feature","properties":{"id":"2500"},"geometry":{"type":"LineString","coordinates":[[-117.15,52.300468],[-117.15,52.280082],[-117.133333,52.280082],[-117.133333,52.300468],[-117.15,52.300468]]}},{"type":"Feature","properties":{"id":"2500"},"geometry":{"type":"LineString","coordinates":[[-116.616667,52.33103],[-116.616667,52.300468],[-116.65,52.300468],[-116.65,52.280082],[-116.6,52.280082],[-116.6,52.300468],[-116.583333,52.300468],[-116.583333,52.320845],[-116.566667,52.320845],[-116.566667,52.33103],[-116.616667,52.33103]]}},{"type":"Feature","properties":{"id":"2500"},"geometry":{"type":"LineString","coordinates":[[-116.5,52.300468],[-116.5,52.269885],[-116.483333,52.269885],[-116.483333,52.300468],[-116.5,52.300468]]}},{"type":"Feature","properties":{"id":"2500"},"geometry":{"type":"LineString","coordinates":[[-118.866667,52.280082],[-118.866667,52.269885],[-118.85,52.269885],[-118.85,52.280082],[-118.866667,52.280082]]}},{"type":"Feature","properties":{"id":"2500"},"geometry":{"type":"LineString","coordinates":[[-117.516667,52.300468],[-117.516667,52.280082],[-117.483333,52.280082],[-117.483333,52.269885],[-117.466667,52.269885],[-117.466667,52.280082],[-117.45,52.280082],[-117.45,52.269885],[-117.416667,52.269885],[-117.416667,52.249484],[-117.4,52.249484],[-117.4,52.269885],[-117.383333,52.269885],[-117.383333,52.280082],[-117.416667,52.280082],[-117.416667,52.300468],[-117.516667,52.300468]]}},{"type":"Feature","properties":{"id":"2500"},"geometry":{"type":"LineString","coordinates":[[-117.383333,52.269885],[-117.383333,52.249484],[-117.366667,52.249484],[-117.366667,52.269885],[-117.383333,52.269885]]}},{"type":"Feature","properties":{"id":"2500"},"geometry":{"type":"LineString","coordinates":[[-118.016667,52.33103],[-118.016667,52.320845],[-118.033333,52.320845],[-118.033333,52.300468],[-118.066667,52.300468],[-118.066667,52.269885],[-118.05,52.269885],[-118.05,52.229074],[-118.016667,52.229074],[-118.016667,52.249484],[-118.033333,52.249484],[-118.033333,52.269885],[-118.0,52.269885],[-118.0,52.300468],[-117.983333,52.300468],[-117.983333,52.320845],[-118.0,52.320845],[-118.0,52.33103],[-118.016667,52.33103]]}},{"type":"Feature","properties":{"id":"2500"},"geometry":{"type":"LineString","coordinates":[[-117.316667,52.38192],[-117.316667,52.371747],[-117.3,52.371747],[-117.3,52.33103],[-117.266667,52.33103],[-117.266667,52.320845],[-117.233333,52.320845],[-117.233333,52.300468],[-117.216667,52.300468],[-117.216667,52.280082],[-117.233333,52.280082],[-117.233333,52.269885],[-117.216667,52.269885],[-117.216667,52.249484],[-117.2,52.249484],[-117.2,52.229074],[-117.15,52.229074],[-117.15,52.249484],[-117.133333,52.249484],[-117.133333,52.269885],[-117.166667,52.269885],[-117.166667,52.280082],[-117.183333,52.280082],[-117.183333,52.300468],[-117.15,52.300468],[-117.15,52.320845],[-117.166667,52.320845],[-117.166667,52.33103],[-117.216667,52.33103],[-117.216667,52.371747],[-117.283333,52.371747],[-117.283333,52.38192],[-117.316667,52.38192]]}},{"type":"Feature","properties":{"id":"2500"},"geometry":{"type":"LineString","coordinates":[[-117.266667,52.351393],[-117.25,52.351393],[-117.25,52.33103],[-117.266667,52.33103],[-117.266667,52.351393]]}},{"type":"Feature","properties":{"id":"2500"},"geometry":{"type":"LineString","coordinates":[[-117.2,52.320845],[-117.183333,52.320845],[-117.183333,52.300468],[-117.2,52.300468],[-117.2,52.320845]]}},{"type":"Feature","properties":{"id":"2500"},"geometry":{"type":"LineString","coordinates":[[-118.9,52.269885],[-118.9,52.229074],[-118.883333,52.229074],[-118.883333,52.249484],[-118.866667,52.249484],[-118.866667,52.269885],[-118.9,52.269885]]}},{"type":"Feature","properties":{"id":"2500"},"geometry":{"type":"LineString","coordinates":[[-117.966667,52.269885],[-117.966667,52.249484],[-117.95,52.249484],[-117.95,52.229074],[-117.933333,52.229074],[-117.933333,52.269885],[-117.966667,52.269885]]}},{"type":"Feature","properties":{"id":"2500"},"geometry":{"type":"LineString","coordinates":[[-118.0,52.249484],[-118.0,52.229074],[-117.983333,52.229074],[-117.983333,52.249484],[-118.0,52.249484]]}},{"type":"Feature","properties":{"id":"2500"},"geometry":{"type":"LineString","coordinates":[[-118.916667,52.229074],[-118.916667,52.218866],[-118.9,52.218866],[-118.9,52.229074],[-118.916667,52.229074]]}},{"type":"Feature","properties":{"id":"2500"},"geometry":{"type":"LineString","coordinates":[[-118.016667,52.229074],[-118.016667,52.218866],[-118.0,52.218866],[-118.0,52.229074],[-118.016667,52.229074]]}},{"type":"Feature","properties":{"id":"2500"},"geometry":{"type":"LineString","coordinates":[[-117.4,52.229074],[-117.4,52.218866],[-117.383333,52.218866],[-117.383333,52.229074],[-117.4,52.229074]]}},{"type":"Feature","properties":{"id":"2500"},"geometry":{"type":"LineString","coordinates":[[-117.15,52.229074],[-117.15,52.218866],[-117.116667,52.218866],[-117.116667,52.229074],[-117.15,52.229074]]}},{"type":"Feature","properties":{"id":"2500"},"geometry":{"type":"LineString","coordinates":[[-117.083333,52.229074],[-117.083333,52.218866],[-117.066667,52.218866],[-117.066667,52.229074],[-117.083333,52.229074]]}},{"type":"Feature","properties":{"id":"2500"},"geometry":{"type":"LineString","coordinates":[[-116.716667,52.269885],[-116.716667,52.249484],[-116.733333,52.249484],[-116.733333,52.229074],[-116.716667,52.229074],[-116.716667,52.198442],[-116.683333,52.198442],[-116.683333,52.218866],[-116.65,52.218866],[-116.65,52.229074],[-116.7,52.229074],[-116.7,52.269885],[-116.716667,52.269885]]}},{"type":"Feature","properties":{"id":"2500"},"geometry":{"type":"LineString","coordinates":[[-117.466667,52.229074],[-117.466667,52.198442],[-117.45,52.198442],[-117.45,52.218866],[-117.433333,52.218866],[-117.433333,52.229074],[-117.466667,52.229074]]}},{"type":"Feature","properties":{"id":"2500"},"geometry":{"type":"LineString","coordinates":[[-117.35,52.229074],[-117.35,52.218866],[-117.316667,52.218866],[-117.316667,52.198442],[-117.3,52.198442],[-117.3,52.218866],[-117.266667,52.218866],[-117.266667,52.229074],[-117.35,52.229074]]}},{"type":"Feature","properties":{"id":"2500"},"geometry":{"type":"LineString","coordinates":[[-117.433333,52.218866],[-117.433333,52.198442],[-117.4,52.198442],[-117.4,52.218866],[-117.433333,52.218866]]}},{"type":"Feature","properties":{"id":"2500"},"geometry":{"type":"LineString","coordinates":[[-117.366667,52.218866],[-117.366667,52.198442],[-117.35,52.198442],[-117.35,52.218866],[-117.366667,52.218866]]}},{"type":"Feature","properties":{"id":"2500"},"geometry":{"type":"LineString","coordinates":[[-116.65,52.218866],[-116.65,52.198442],[-116.633333,52.198442],[-116.633333,52.218866],[-116.65,52.218866]]}},{"type":"Feature","properties":{"id":"2500"},"geometry":{"type":"LineString","coordinates":[[-116.883333,52.453068],[-116.883333,52.40226],[-116.916667,52.40226],[-116.916667,52.351393],[-116.966667,52.351393],[-116.966667,52.33103],[-117.0,52.33103],[-117.0,52.280082],[-117.033333,52.280082],[-117.033333,52.269885],[-117.016667,52.269885],[-117.016667,52.249484],[-117.0,52.249484],[-117.0,52.229074],[-116.983333,52.229074],[-116.983333,52.218866],[-116.95,52.218866],[-116.95,52.198442],[-116.9,52.198442],[-116.9,52.188226],[-116.8,52.188226],[-116.8,52.198442],[-116.816667,52.198442],[-116.816667,52.218866],[-116.833333,52.218866],[-116.833333,52.198442],[-116.85,52.198442],[-116.85,52.229074],[-116.866667,52.229074],[-116.866667,52.218866],[-116.9,52.218866],[-116.9,52.229074],[-116.883333,52.229074],[-116.883333,52.249484],[-116.983333,52.249484],[-116.983333,52.269885],[-116.933333,52.269885],[-116.933333,52.280082],[-116.966667,52.280082],[-116.966667,52.320845],[-116.916667,52.320845],[-116.916667,52.33103],[-116.9,52.33103],[-116.9,52.320845],[-116.866667,52.320845],[-116.866667,52.300468],[-116.85,52.300468],[-116.85,52.280082],[-116.816667,52.280082],[-116.816667,52.269885],[-116.783333,52.269885],[-116.783333,52.249484],[-116.733333,52.249484],[-116.733333,52.280082],[-116.716667,52.280082],[-116.716667,52.300468],[-116.75,52.300468],[-116.75,52.269885],[-116.766667,52.269885],[-116.766667,52.280082],[-116.8,52.280082],[-116.8,52.300468],[-116.816667,52.300468],[-116.816667,52.33103],[-116.8,52.33103],[-116.8,52.351393],[-116.816667,52.351393],[-116.816667,52.371747],[-116.8,52.371747],[-116.8,52.40226],[-116.816667,52.40226],[-116.816667,52.38192],[-116.833333,52.38192],[-116.833333,52.351393],[-116.85,52.351393],[-116.85,52.33103],[-116.866667,52.33103],[-116.866667,52.40226],[-116.833333,52.40226],[-116.833333,52.412426],[-116.866667,52.412426],[-116.866667,52.432752],[-116.85,52.432752],[-116.85,52.453068],[-116.883333,52.453068]]}},{"type":"Feature","properties":{"id":"2500"},"geometry":{"type":"LineString","coordinates":[[-117.066667,52.249484],[-117.066667,52.229074],[-117.033333,52.229074],[-117.033333,52.218866],[-117.066667,52.218866],[-117.066667,52.198442],[-117.033333,52.198442],[-117.033333,52.188226],[-117.016667,52.188226],[-117.016667,52.198442],[-117.0,52.198442],[-117.0,52.218866],[-117.016667,52.218866],[-117.016667,52.249484],[-117.066667,52.249484]]}},{"type":"Feature","properties":{"id":"2500"},"geometry":{"type":"LineString","coordinates":[[-119.0,52.198442],[-119.0,52.188226],[-118.95,52.188226],[-118.95,52.198442],[-119.0,52.198442]]}},{"type":"Feature","properties":{"id":"2500"},"geometry":{"type":"LineString","coordinates":[[-117.4,52.198442],[-117.4,52.188226],[-117.383333,52.188226],[-117.383333,52.198442],[-117.4,52.198442]]}},{"type":"Feature","properties":{"id":"2500"},"geometry":{"type":"LineString","coordinates":[[-118.75,52.229074],[-118.75,52.218866],[-118.8,52.218866],[-118.8,52.198442],[-118.816667,52.198442],[-118.816667,52.188226],[-118.8,52.188226],[-118.8,52.167788],[-118.766667,52.167788],[-118.766667,52.188226],[-118.733333,52.188226],[-118.733333,52.229074],[-118.75,52.229074]]}},{"type":"Feature","properties":{"id":"2500"},"geometry":{"type":"LineString","coordinates":[[-117.45,52.167788],[-117.45,52.14734],[-117.433333,52.14734],[-117.433333,52.167788],[-117.45,52.167788]]}},{"type":"Feature","properties":{"id":"2500"},"geometry":{"type":"LineString","coordinates":[[-116.933333,52.167788],[-116.933333,52.14734],[-116.916667,52.14734],[-116.916667,52.167788],[-116.933333,52.167788]]}},{"type":"Feature","properties":{"id":"2500"},"geometry":{"type":"LineString","coordinates":[[-117.683333,52.33103],[-117.683333,52.300468],[-117.666667,52.300468],[-117.666667,52.280082],[-117.65,52.280082],[-117.65,52.218866],[-117.666667,52.218866],[-117.666667,52.198442],[-117.7,52.198442],[-117.7,52.218866],[-117.716667,52.218866],[-117.716667,52.269885],[-117.733333,52.269885],[-117.733333,52.249484],[-117.75,52.249484],[-117.75,52.229074],[-117.733333,52.229074],[-117.733333,52.218866],[-117.8,52.218866],[-117.8,52.229074],[-117.816667,52.229074],[-117.816667,52.269885],[-117.8,52.269885],[-117.8,52.280082],[-117.783333,52.280082],[-117.783333,52.300468],[-117.766667,52.300468],[-117.766667,52.320845],[-117.8,52.320845],[-117.8,52.300468],[-117.833333,52.300468],[-117.833333,52.280082],[-117.866667,52.280082],[-117.866667,52.249484],[-117.833333,52.249484],[-117.833333,52.218866],[-117.85,52.218866],[-117.85,52.198442],[-117.866667,52.198442],[-117.866667,52.218866],[-117.883333,52.218866],[-117.883333,52.198442],[-117.933333,52.198442],[-117.933333,52.218866],[-117.95,52.218866],[-117.95,52.198442],[-117.966667,52.198442],[-117.966667,52.188226],[-117.95,52.188226],[-117.95,52.14734],[-117.933333,52.14734],[-117.933333,52.137113],[-117.916667,52.137113],[-117.916667,52.167788],[-117.883333,52.167788],[-117.883333,52.188226],[-117.816667,52.188226],[-117.816667,52.14734],[-117.8,52.14734],[-117.8,52.167788],[-117.783333,52.167788],[-117.783333,52.14734],[-117.766667,52.14734],[-117.766667,52.188226],[-117.733333,52.188226],[-117.733333,52.167788],[-117.633333,52.167788],[-117.633333,52.198442],[-117.566667,52.198442],[-117.566667,52.218866],[-117.583333,52.218866],[-117.583333,52.229074],[-117.616667,52.229074],[-117.616667,52.280082],[-117.633333,52.280082],[-117.633333,52.300468],[-117.65,52.300468],[-117.65,52.33103],[-117.683333,52.33103]]}},{"type":"Feature","properties":{"id":"2500"},"geometry":{"type":"LineString","coordinates":[[-117.0,52.198442],[-117.0,52.167788],[-116.983333,52.167788],[-116.983333,52.137113],[-116.95,52.137113],[-116.95,52.167788],[-116.933333,52.167788],[-116.933333,52.188226],[-116.983333,52.188226],[-116.983333,52.198442],[-117.0,52.198442]]}},{"type":"Feature","properties":{"id":"2500"},"geometry":{"type":"LineString","coordinates":[[-118.883333,52.167788],[-118.883333,52.14734],[-118.85,52.14734],[-118.85,52.137113],[-118.833333,52.137113],[-118.833333,52.167788],[-118.883333,52.167788]]}},{"type":"Feature","properties":{"id":"2500"},"geometry":{"type":"LineString","coordinates":[[-118.9,52.14734],[-118.9,52.137113],[-118.883333,52.137113],[-118.883333,52.14734],[-118.9,52.14734]]}},{"type":"Feature","properties":{"id":"2500"},"geometry":{"type":"LineString","coordinates":[[-117.85,52.14734],[-117.85,52.137113],[-117.816667,52.137113],[-117.816667,52.14734],[-117.85,52.14734]]}},{"type":"Feature","properties":{"id":"2500"},"geometry":{"type":"LineString","coordinates":[[-117.3,52.198442],[-117.3,52.167788],[-117.35,52.167788],[-117.35,52.188226],[-117.366667,52.188226],[-117.366667,52.14734],[-117.416667,52.14734],[-117.416667,52.137113],[-117.433333,52.137113],[-117.433333,52.116651],[-117.416667,52.116651],[-117.416667,52.09618],[-117.4,52.09618],[-117.4,52.116651],[-117.283333,52.116651],[-117.283333,52.09618],[-117.216667,52.09618],[-117.216667,52.137113],[-117.233333,52.137113],[-117.233333,52.14734],[-117.2,52.14734],[-117.2,52.167788],[-117.15,52.167788],[-117.15,52.188226],[-117.166667,52.188226],[-117.166667,52.198442],[-117.233333,52.198442],[-117.233333,52.188226],[-117.216667,52.188226],[-117.216667,52.167788],[-117.25,52.167788],[-117.25,52.188226],[-117.266667,52.188226],[-117.266667,52.198442],[-117.3,52.198442]]}},{"type":"Feature","properties":{"id":"2500"},"geometry":{"type":"LineString","coordinates":[[-116.933333,52.137113],[-116.933333,52.09618],[-116.916667,52.09618],[-116.916667,52.116651],[-116.9,52.116651],[-116.9,52.137113],[-116.933333,52.137113]]}},{"type":"Feature","properties":{"id":"2500"},"geometry":{"type":"LineString","coordinates":[[-116.766667,52.14734],[-116.766667,52.137113],[-116.8,52.137113],[-116.8,52.09618],[-116.783333,52.09618],[-116.783333,52.116651],[-116.75,52.116651],[-116.75,52.14734],[-116.766667,52.14734]]}},{"type":"Feature","properties":{"id":"2500"},"geometry":{"type":"LineString","coordinates":[[-117.6,52.167788],[-117.6,52.14734],[-117.633333,52.14734],[-117.633333,52.137113],[-117.666667,52.137113],[-117.666667,52.116651],[-117.65,52.116651],[-117.65,52.09618],[-117.666667,52.09618],[-117.666667,52.085941],[-117.633333,52.085941],[-117.633333,52.09618],[-117.616667,52.09618],[-117.616667,52.116651],[-117.533333,52.116651],[-117.533333,52.137113],[-117.45,52.137113],[-117.45,52.14734],[-117.5,52.14734],[-117.5,52.167788],[-117.533333,52.167788],[-117.533333,52.14734],[-117.566667,52.14734],[-117.566667,52.167788],[-117.6,52.167788]]}},{"type":"Feature","properties":{"id":"2500"},"geometry":{"type":"LineString","coordinates":[[-117.533333,52.09618],[-117.533333,52.085941],[-117.516667,52.085941],[-117.516667,52.09618],[-117.533333,52.09618]]}},{"type":"Feature","properties":{"id":"2500"},"geometry":{"type":"LineString","coordinates":[[-116.833333,52.09618],[-116.833333,52.085941],[-116.8,52.085941],[-116.8,52.09618],[-116.833333,52.09618]]}},{"type":"Feature","properties":{"id":"2500"},"geometry":{"type":"LineString","coordinates":[[-116.766667,52.09618],[-116.766667,52.085941],[-116.75,52.085941],[-116.75,52.09618],[-116.766667,52.09618]]}},{"type":"Feature","properties":{"id":"2500"},"geometry":{"type":"LineString","coordinates":[[-117.15,52.14734],[-117.15,52.137113],[-117.183333,52.137113],[-117.183333,52.065456],[-117.15,52.065456],[-117.15,52.085941],[-117.166667,52.085941],[-117.166667,52.116651],[-117.133333,52.116651],[-117.133333,52.09618],[-117.116667,52.09618],[-117.116667,52.085941],[-117.066667,52.085941],[-117.066667,52.09618],[-117.05,52.09618],[-117.05,52.14734],[-117.066667,52.14734],[-117.066667,52.137113],[-117.083333,52.137113],[-117.083333,52.116651],[-117.116667,52.116651],[-117.116667,52.137113],[-117.1,52.137113],[-117.1,52.14734],[-117.15,52.14734]]}},{"type":"Feature","properties":{"id":"2500"},"geometry":{"type":"LineString","coordinates":[[-116.866667,52.085941],[-116.866667,52.065456],[-116.833333,52.065456],[-116.833333,52.085941],[-116.866667,52.085941]]}},{"type":"Feature","properties":{"id":"2500"},"geometry":{"type":"LineString","coordinates":[[-116.583333,52.085941],[-116.583333,52.065456],[-116.566667,52.065456],[-116.566667,52.085941],[-116.583333,52.085941]]}},{"type":"Feature","properties":{"id":"2500"},"geometry":{"type":"LineString","coordinates":[[-116.25,52.085941],[-116.25,52.065456],[-116.233333,52.065456],[-116.233333,52.085941],[-116.25,52.085941]]}},{"type":"Feature","properties":{"id":"2500"},"geometry":{"type":"LineString","coordinates":[[-116.516667,52.085941],[-116.516667,52.044962],[-116.483333,52.044962],[-116.483333,52.065456],[-116.5,52.065456],[-116.5,52.085941],[-116.516667,52.085941]]}},{"type":"Feature","properties":{"id":"2500"},"geometry":{"type":"LineString","coordinates":[[-116.616667,52.085941],[-116.616667,52.065456],[-116.633333,52.065456],[-116.633333,52.044962],[-116.6,52.044962],[-116.6,52.085941],[-116.616667,52.085941]]}},{"type":"Feature","properties":{"id":"2500"},"geometry":{"type":"LineString","coordinates":[[-117.816667,52.116651],[-117.816667,52.09618],[-117.833333,52.09618],[-117.833333,52.034711],[-117.8,52.034711],[-117.8,52.044962],[-117.783333,52.044962],[-117.783333,52.065456],[-117.8,52.065456],[-117.8,52.09618],[-117.783333,52.09618],[-117.783333,52.116651],[-117.816667,52.116651]]}},{"type":"Feature","properties":{"id":"2500"},"geometry":{"type":"LineString","coordinates":[[-117.316667,52.085941],[-117.316667,52.034711],[-117.3,52.034711],[-117.3,52.044962],[-117.283333,52.044962],[-117.283333,52.065456],[-117.3,52.065456],[-117.3,52.085941],[-117.316667,52.085941]]}},{"type":"Feature","properties":{"id":"2500"},"geometry":{"type":"LineString","coordinates":[[-116.783333,52.085941],[-116.783333,52.044962],[-116.766667,52.044962],[-116.766667,52.034711],[-116.75,52.034711],[-116.75,52.065456],[-116.766667,52.065456],[-116.766667,52.085941],[-116.783333,52.085941]]}},{"type":"Feature","properties":{"id":"2500"},"geometry":{"type":"LineString","coordinates":[[-116.7,52.116651],[-116.7,52.09618],[-116.716667,52.09618],[-116.716667,52.085941],[-116.7,52.085941],[-116.7,52.065456],[-116.733333,52.065456],[-116.733333,52.044962],[-116.716667,52.044962],[-116.716667,52.034711],[-116.7,52.034711],[-116.7,52.044962],[-116.666667,52.044962],[-116.666667,52.065456],[-116.633333,52.065456],[-116.633333,52.085941],[-116.683333,52.085941],[-116.683333,52.09618],[-116.666667,52.09618],[-116.666667,52.116651],[-116.7,52.116651]]}},{"type":"Feature","properties":{"id":"2500"},"geometry":{"type":"LineString","coordinates":[[-116.216667,52.065456],[-116.216667,52.034711],[-116.2,52.034711],[-116.2,52.065456],[-116.216667,52.065456]]}},{"type":"Feature","properties":{"id":"2500"},"geometry":{"type":"LineString","coordinates":[[-117.533333,52.065456],[-117.533333,52.044962],[-117.55,52.044962],[-117.55,52.034711],[-117.5,52.034711],[-117.5,52.044962],[-117.516667,52.044962],[-117.516667,52.065456],[-117.533333,52.065456]]}},{"type":"Feature","properties":{"id":"2500"},"geometry":{"type":"LineString","coordinates":[[-117.35,52.044962],[-117.35,52.034711],[-117.333333,52.034711],[-117.333333,52.044962],[-117.35,52.044962]]}},{"type":"Feature","properties":{"id":"2500"},"geometry":{"type":"LineString","coordinates":[[-126.0,52.034711],[-126.0,52.014202],[-125.983333,52.014202],[-125.983333,52.034711],[-126.0,52.034711]]}},{"type":"Feature","properties":{"id":"2500"},"geometry":{"type":"LineString","coordinates":[[-116.233333,52.034711],[-116.233333,52.014202],[-116.216667,52.014202],[-116.216667,52.034711],[-116.233333,52.034711]]}},{"type":"Feature","properties":{"id":"2500"},"geometry":{"type":"LineString","coordinates":[[-116.166667,52.034711],[-116.166667,52.014202],[-116.15,52.014202],[-116.15,52.034711],[-116.166667,52.034711]]}},{"type":"Feature","properties":{"id":"2500"},"geometry":{"type":"LineString","coordinates":[[-116.833333,52.044962],[-116.833333,52.034711],[-116.816667,52.034711],[-116.816667,52.014202],[-116.8,52.014202],[-116.8,52.003944],[-116.766667,52.003944],[-116.766667,52.034711],[-116.783333,52.034711],[-116.783333,52.044962],[-116.833333,52.044962]]}},{"type":"Feature","properties":{"id":"2500"},"geometry":{"type":"LineString","coordinates":[[-117.483333,52.034711],[-117.483333,52.003944],[-117.466667,52.003944],[-117.466667,52.034711],[-117.483333,52.034711]]}},{"type":"Feature","properties":{"id":"2500"},"geometry":{"type":"LineString","coordinates":[[-117.6,52.014202],[-117.6,52.003944],[-117.583333,52.003944],[-117.583333,52.014202],[-117.6,52.014202]]}},{"type":"Feature","properties":{"id":"2500"},"geometry":{"type":"LineString","coordinates":[[-116.183333,52.014202],[-116.183333,52.003944],[-116.166667,52.003944],[-116.166667,52.014202],[-116.183333,52.014202]]}},{"type":"Feature","properties":{"id":"2500"},"geometry":{"type":"LineString","coordinates":[[-117.0,52.044962],[-117.0,52.014202],[-117.016667,52.014202],[-117.016667,52.034711],[-117.05,52.034711],[-117.05,52.014202],[-117.033333,52.014202],[-117.033333,51.96289],[-117.016667,51.96289],[-117.016667,51.983422],[-116.983333,51.983422],[-116.983333,52.003944],[-116.933333,52.003944],[-116.933333,52.014202],[-116.966667,52.014202],[-116.966667,52.034711],[-116.95,52.034711],[-116.95,52.044962],[-117.0,52.044962]]}},{"type":"Feature","properties":{"id":"2500"},"geometry":{"type":"LineString","coordinates":[[-125.816667,51.983422],[-125.816667,51.96289],[-125.8,51.96289],[-125.8,51.983422],[-125.816667,51.983422]]}},{"type":"Feature","properties":{"id":"2500"},"geometry":{"type":"LineString","coordinates":[[-118.25,51.983422],[-118.25,51.96289],[-118.233333,51.96289],[-118.233333,51.983422],[-118.25,51.983422]]}},{"type":"Feature","properties":{"id":"2500"},"geometry":{"type":"LineString","coordinates":[[-117.116667,51.983422],[-117.116667,51.96289],[-117.1,51.96289],[-117.1,51.983422],[-117.116667,51.983422]]}},{"type":"Feature","properties":{"id":"2500"},"geometry":{"type":"LineString","coordinates":[[-118.266667,51.96289],[-118.266667,51.95262],[-118.25,51.95262],[-118.25,51.96289],[-118.266667,51.96289]]}},{"type":"Feature","properties":{"id":"2500"},"geometry":{"type":"LineString","coordinates":[[-117.316667,51.96289],[-117.316667,51.95262],[-117.3,51.95262],[-117.3,51.96289],[-117.316667,51.96289]]}},{"type":"Feature","properties":{"id":"2500"},"geometry":{"type":"LineString","coordinates":[[-117.233333,52.034711],[-117.233333,52.014202],[-117.266667,52.014202],[-117.266667,52.003944],[-117.25,52.003944],[-117.25,51.983422],[-117.233333,51.983422],[-117.233333,51.96289],[-117.25,51.96289],[-117.25,51.95262],[-117.216667,51.95262],[-117.216667,51.96289],[-117.133333,51.96289],[-117.133333,51.983422],[-117.183333,51.983422],[-117.183333,52.003944],[-117.216667,52.003944],[-117.216667,52.014202],[-117.2,52.014202],[-117.2,52.034711],[-117.233333,52.034711]]}},{"type":"Feature","properties":{"id":"2500"},"geometry":{"type":"LineString","coordinates":[[-117.133333,51.96289],[-117.133333,51.95262],[-117.116667,51.95262],[-117.116667,51.96289],[-117.133333,51.96289]]}},{"type":"Feature","properties":{"id":"2500"},"geometry":{"type":"LineString","coordinates":[[-116.3,51.96289],[-116.3,51.95262],[-116.266667,51.95262],[-116.266667,51.96289],[-116.3,51.96289]]}},{"type":"Feature","properties":{"id":"2500"},"geometry":{"type":"LineString","coordinates":[[-126.2,51.983422],[-126.2,51.932074],[-126.183333,51.932074],[-126.183333,51.95262],[-126.166667,51.95262],[-126.166667,51.96289],[-126.183333,51.96289],[-126.183333,51.983422],[-126.2,51.983422]]}},{"type":"Feature","properties":{"id":"2500"},"geometry":{"type":"LineString","coordinates":[[-116.9,51.983422],[-116.9,51.96289],[-116.933333,51.96289],[-116.933333,51.95262],[-116.95,51.95262],[-116.95,51.932074],[-116.916667,51.932074],[-116.916667,51.95262],[-116.883333,51.95262],[-116.883333,51.983422],[-116.9,51.983422]]}},{"type":"Feature","properties":{"id":"2500"},"geometry":{"type":"LineString","coordinates":[[-117.3,51.95262],[-117.3,51.921797],[-117.283333,51.921797],[-117.283333,51.95262],[-117.3,51.95262]]}},{"type":"Feature","properties":{"id":"2500"},"geometry":{"type":"LineString","coordinates":[[-116.583333,51.95262],[-116.583333,51.921797],[-116.566667,51.921797],[-116.566667,51.95262],[-116.583333,51.95262]]}},{"type":"Feature","properties":{"id":"2500"},"geometry":{"type":"LineString","coordinates":[[-116.533333,51.932074],[-116.533333,51.921797],[-116.516667,51.921797],[-116.516667,51.932074],[-116.533333,51.932074]]}},{"type":"Feature","properties":{"id":"2500"},"geometry":{"type":"LineString","coordinates":[[-116.083333,51.96289],[-116.083333,51.95262],[-116.1,51.95262],[-116.1,51.921797],[-116.083333,51.921797],[-116.083333,51.901237],[-116.066667,51.901237],[-116.066667,51.96289],[-116.083333,51.96289]]}},{"type":"Feature","properties":{"id":"2500"},"geometry":{"type":"LineString","coordinates":[[-118.316667,51.932074],[-118.316667,51.901237],[-118.3,51.901237],[-118.3,51.932074],[-118.316667,51.932074]]}},{"type":"Feature","properties":{"id":"2500"},"geometry":{"type":"LineString","coordinates":[[-117.783333,51.921797],[-117.783333,51.901237],[-117.766667,51.901237],[-117.766667,51.921797],[-117.783333,51.921797]]}},{"type":"Feature","properties":{"id":"2500"},"geometry":{"type":"LineString","coordinates":[[-117.633333,51.921797],[-117.633333,51.901237],[-117.6,51.901237],[-117.6,51.921797],[-117.633333,51.921797]]}},{"type":"Feature","properties":{"id":"2500"},"geometry":{"type":"LineString","coordinates":[[-117.416667,51.921797],[-117.416667,51.901237],[-117.4,51.901237],[-117.4,51.921797],[-117.416667,51.921797]]}},{"type":"Feature","properties":{"id":"2500"},"geometry":{"type":"LineString","coordinates":[[-116.483333,51.95262],[-116.483333,51.932074],[-116.5,51.932074],[-116.5,51.921797],[-116.516667,51.921797],[-116.516667,51.901237],[-116.416667,51.901237],[-116.416667,51.921797],[-116.4,51.921797],[-116.4,51.95262],[-116.416667,51.95262],[-116.416667,51.932074],[-116.45,51.932074],[-116.45,51.95262],[-116.483333,51.95262]]}},{"type":"Feature","properties":{"id":"2500"},"geometry":{"type":"LineString","coordinates":[[-116.466667,51.932074],[-116.45,51.932074],[-116.45,51.921797],[-116.466667,51.921797],[-116.466667,51.932074]]}},{"type":"Feature","properties":{"id":"2500"},"geometry":{"type":"LineString","coordinates":[[-125.9,51.932074],[-125.9,51.901237],[-125.883333,51.901237],[-125.883333,51.880667],[-125.866667,51.880667],[-125.866667,51.901237],[-125.85,51.901237],[-125.85,51.921797],[-125.883333,51.921797],[-125.883333,51.932074],[-125.9,51.932074]]}},{"type":"Feature","properties":{"id":"2500"},"geometry":{"type":"LineString","coordinates":[[-117.066667,51.983422],[-117.066667,51.96289],[-117.083333,51.96289],[-117.083333,51.932074],[-117.1,51.932074],[-117.1,51.95262],[-117.116667,51.95262],[-117.116667,51.932074],[-117.133333,51.932074],[-117.133333,51.921797],[-117.15,51.921797],[-117.15,51.880667],[-117.133333,51.880667],[-117.133333,51.901237],[-117.116667,51.901237],[-117.116667,51.880667],[-117.1,51.880667],[-117.1,51.901237],[-117.083333,51.901237],[-117.083333,51.921797],[-117.05,51.921797],[-117.05,51.901237],[-117.033333,51.901237],[-117.033333,51.880667],[-117.016667,51.880667],[-117.016667,51.932074],[-117.033333,51.932074],[-117.033333,51.96289],[-117.05,51.96289],[-117.05,51.983422],[-117.066667,51.983422]]}},{"type":"Feature","properties":{"id":"2500"},"geometry":{"type":"LineString","coordinates":[[-116.05,51.921797],[-116.05,51.880667],[-116.033333,51.880667],[-116.033333,51.921797],[-116.05,51.921797]]}},{"type":"Feature","properties":{"id":"2500"},"geometry":{"type":"LineString","coordinates":[[-125.95,51.901237],[-125.95,51.880667],[-125.933333,51.880667],[-125.933333,51.901237],[-125.95,51.901237]]}},{"type":"Feature","properties":{"id":"2500"},"geometry":{"type":"LineString","coordinates":[[-118.083333,51.901237],[-118.083333,51.880667],[-118.066667,51.880667],[-118.066667,51.901237],[-118.083333,51.901237]]}},{"type":"Feature","properties":{"id":"2500"},"geometry":{"type":"LineString","coordinates":[[-117.733333,51.901237],[-117.733333,51.880667],[-117.716667,51.880667],[-117.716667,51.901237],[-117.733333,51.901237]]}},{"type":"Feature","properties":{"id":"2500"},"geometry":{"type":"LineString","coordinates":[[-116.616667,51.983422],[-116.616667,51.95262],[-116.633333,51.95262],[-116.633333,51.932074],[-116.616667,51.932074],[-116.616667,51.921797],[-116.65,51.921797],[-116.65,51.932074],[-116.666667,51.932074],[-116.666667,51.95262],[-116.683333,51.95262],[-116.683333,51.921797],[-116.666667,51.921797],[-116.666667,51.901237],[-116.65,51.901237],[-116.65,51.880667],[-116.633333,51.880667],[-116.633333,51.901237],[-116.616667,51.901237],[-116.616667,51.870378],[-116.566667,51.870378],[-116.566667,51.880667],[-116.6,51.880667],[-116.6,51.901237],[-116.583333,51.901237],[-116.583333,51.921797],[-116.6,51.921797],[-116.6,51.983422],[-116.616667,51.983422]]}},{"type":"Feature","properties":{"id":"2500"},"geometry":{"type":"LineString","coordinates":[[-115.966667,51.921797],[-115.966667,51.880667],[-115.933333,51.880667],[-115.933333,51.870378],[-115.916667,51.870378],[-115.916667,51.901237],[-115.95,51.901237],[-115.95,51.921797],[-115.966667,51.921797]]}},{"type":"Feature","properties":{"id":"2500"},"geometry":{"type":"LineString","coordinates":[[-116.783333,51.901237],[-116.783333,51.880667],[-116.766667,51.880667],[-116.766667,51.870378],[-116.75,51.870378],[-116.75,51.901237],[-116.783333,51.901237]]}},{"type":"Feature","properties":{"id":"2500"},"geometry":{"type":"LineString","coordinates":[[-117.683333,51.880667],[-117.683333,51.870378],[-117.666667,51.870378],[-117.666667,51.880667],[-117.683333,51.880667]]}},{"type":"Feature","properties":{"id":"2500"},"geometry":{"type":"LineString","coordinates":[[-117.183333,51.880667],[-117.183333,51.870378],[-117.166667,51.870378],[-117.166667,51.880667],[-117.183333,51.880667]]}},{"type":"Feature","properties":{"id":"2500"},"geometry":{"type":"LineString","coordinates":[[-116.45,51.880667],[-116.45,51.870378],[-116.433333,51.870378],[-116.433333,51.880667],[-116.45,51.880667]]}},{"type":"Feature","properties":{"id":"2500"},"geometry":{"type":"LineString","coordinates":[[-116.133333,51.901237],[-116.133333,51.880667],[-116.15,51.880667],[-116.15,51.870378],[-116.1,51.870378],[-116.1,51.880667],[-116.116667,51.880667],[-116.116667,51.901237],[-116.133333,51.901237]]}},{"type":"Feature","properties":{"id":"2500"},"geometry":{"type":"LineString","coordinates":[[-118.15,51.901237],[-118.15,51.870378],[-118.2,51.870378],[-118.2,51.849794],[-118.133333,51.849794],[-118.133333,51.870378],[-118.116667,51.870378],[-118.116667,51.901237],[-118.15,51.901237]]}},{"type":"Feature","properties":{"id":"2500"},"geometry":{"type":"LineString","coordinates":[[-116.75,51.870378],[-116.75,51.849794],[-116.733333,51.849794],[-116.733333,51.870378],[-116.75,51.870378]]}},{"type":"Feature","properties":{"id":"2500"},"geometry":{"type":"LineString","coordinates":[[-116.383333,51.849794],[-116.383333,51.829201],[-116.35,51.829201],[-116.35,51.849794],[-116.383333,51.849794]]}},{"type":"Feature","properties":{"id":"2500"},"geometry":{"type":"LineString","coordinates":[[-117.183333,51.849794],[-117.183333,51.818901],[-117.15,51.818901],[-117.15,51.829201],[-117.166667,51.829201],[-117.166667,51.849794],[-117.183333,51.849794]]}},{"type":"Feature","properties":{"id":"2500"},"geometry":{"type":"LineString","coordinates":[[-117.933333,51.829201],[-117.933333,51.818901],[-117.916667,51.818901],[-117.916667,51.829201],[-117.933333,51.829201]]}},{"type":"Feature","properties":{"id":"2500"},"geometry":{"type":"LineString","coordinates":[[-116.55,51.901237],[-116.55,51.870378],[-116.566667,51.870378],[-116.566667,51.849794],[-116.55,51.849794],[-116.55,51.829201],[-116.566667,51.829201],[-116.566667,51.818901],[-116.516667,51.818901],[-116.516667,51.849794],[-116.533333,51.849794],[-116.533333,51.870378],[-116.5,51.870378],[-116.5,51.880667],[-116.516667,51.880667],[-116.516667,51.901237],[-116.55,51.901237]]}},{"type":"Feature","properties":{"id":"2500"},"geometry":{"type":"LineString","coordinates":[[-115.983333,51.829201],[-115.983333,51.818901],[-115.966667,51.818901],[-115.966667,51.829201],[-115.983333,51.829201]]}},{"type":"Feature","properties":{"id":"2500"},"geometry":{"type":"LineString","coordinates":[[-116.733333,51.849794],[-116.733333,51.829201],[-116.7,51.829201],[-116.7,51.798293],[-116.666667,51.798293],[-116.666667,51.818901],[-116.683333,51.818901],[-116.683333,51.849794],[-116.733333,51.849794]]}},{"type":"Feature","properties":{"id":"2500"},"geometry":{"type":"LineString","coordinates":[[-115.883333,51.829201],[-115.883333,51.798293],[-115.866667,51.798293],[-115.866667,51.818901],[-115.85,51.818901],[-115.85,51.829201],[-115.883333,51.829201]]}},{"type":"Feature","properties":{"id":"2500"},"geometry":{"type":"LineString","coordinates":[[-117.083333,51.818901],[-117.083333,51.798293],[-117.066667,51.798293],[-117.066667,51.818901],[-117.083333,51.818901]]}},{"type":"Feature","properties":{"id":"2500"},"geometry":{"type":"LineString","coordinates":[[-116.883333,51.901237],[-116.883333,51.880667],[-116.966667,51.880667],[-116.966667,51.870378],[-117.0,51.870378],[-117.0,51.849794],[-117.016667,51.849794],[-117.016667,51.870378],[-117.05,51.870378],[-117.05,51.849794],[-117.033333,51.849794],[-117.033333,51.829201],[-117.0,51.829201],[-117.0,51.818901],[-117.033333,51.818901],[-117.033333,51.787986],[-117.016667,51.787986],[-117.016667,51.798293],[-116.983333,51.798293],[-116.983333,51.818901],[-116.966667,51.818901],[-116.966667,51.849794],[-116.916667,51.849794],[-116.916667,51.870378],[-116.883333,51.870378],[-116.883333,51.849794],[-116.85,51.849794],[-116.85,51.870378],[-116.866667,51.870378],[-116.866667,51.901237],[-116.883333,51.901237]]}},{"type":"Feature","properties":{"id":"2500"},"geometry":{"type":"LineString","coordinates":[[-125.1,51.798293],[-125.1,51.787986],[-125.083333,51.787986],[-125.083333,51.798293],[-125.1,51.798293]]}},{"type":"Feature","properties":{"id":"2500"},"geometry":{"type":"LineString","coordinates":[[-118.333333,51.798293],[-118.333333,51.787986],[-118.316667,51.787986],[-118.316667,51.798293],[-118.333333,51.798293]]}},{"type":"Feature","properties":{"id":"2500"},"geometry":{"type":"LineString","coordinates":[[-116.666667,51.798293],[-116.666667,51.787986],[-116.65,51.787986],[-116.65,51.798293],[-116.666667,51.798293]]}},{"type":"Feature","properties":{"id":"2500"},"geometry":{"type":"LineString","coordinates":[[-116.533333,51.798293],[-116.533333,51.787986],[-116.516667,51.787986],[-116.516667,51.798293],[-116.533333,51.798293]]}},{"type":"Feature","properties":{"id":"2500"},"geometry":{"type":"LineString","coordinates":[[-115.933333,51.798293],[-115.933333,51.767365],[-115.916667,51.767365],[-115.916667,51.798293],[-115.933333,51.798293]]}},{"type":"Feature","properties":{"id":"2500"},"geometry":{"type":"LineString","coordinates":[[-116.65,51.787986],[-116.65,51.767365],[-116.633333,51.767365],[-116.633333,51.787986],[-116.65,51.787986]]}},{"type":"Feature","properties":{"id":"2500"},"geometry":{"type":"LineString","coordinates":[[-116.466667,51.870378],[-116.466667,51.849794],[-116.483333,51.849794],[-116.483333,51.818901],[-116.516667,51.818901],[-116.516667,51.798293],[-116.5,51.798293],[-116.5,51.787986],[-116.516667,51.787986],[-116.516667,51.767365],[-116.5,51.767365],[-116.5,51.746734],[-116.483333,51.746734],[-116.483333,51.767365],[-116.466667,51.767365],[-116.466667,51.818901],[-116.45,51.818901],[-116.45,51.870378],[-116.466667,51.870378]]}},{"type":"Feature","properties":{"id":"2500"},"geometry":{"type":"LineString","coordinates":[[-116.666667,51.767365],[-116.666667,51.746734],[-116.65,51.746734],[-116.65,51.767365],[-116.666667,51.767365]]}},{"type":"Feature","properties":{"id":"2500"},"geometry":{"type":"LineString","coordinates":[[-116.216667,51.96289],[-116.216667,51.932074],[-116.233333,51.932074],[-116.233333,51.95262],[-116.266667,51.95262],[-116.266667,51.921797],[-116.25,51.921797],[-116.25,51.880667],[-116.216667,51.880667],[-116.216667,51.849794],[-116.233333,51.849794],[-116.233333,51.870378],[-116.25,51.870378],[-116.25,51.849794],[-116.266667,51.849794],[-116.266667,51.829201],[-116.283333,51.829201],[-116.283333,51.870378],[-116.316667,51.870378],[-116.316667,51.880667],[-116.333333,51.880667],[-116.333333,51.901237],[-116.35,51.901237],[-116.35,51.849794],[-116.333333,51.849794],[-116.333333,51.829201],[-116.35,51.829201],[-116.35,51.818901],[-116.366667,51.818901],[-116.366667,51.787986],[-116.35,51.787986],[-116.35,51.767365],[-116.316667,51.767365],[-116.316667,51.746734],[-116.3,51.746734],[-116.3,51.736414],[-116.216667,51.736414],[-116.216667,51.746734],[-116.183333,51.746734],[-116.183333,51.787986],[-116.2,51.787986],[-116.2,51.798293],[-116.216667,51.798293],[-116.216667,51.767365],[-116.233333,51.767365],[-116.233333,51.787986],[-116.266667,51.787986],[-116.266667,51.818901],[-116.166667,51.818901],[-116.166667,51.798293],[-116.15,51.798293],[-116.15,51.818901],[-116.116667,51.818901],[-116.116667,51.849794],[-116.133333,51.849794],[-116.133333,51.829201],[-116.15,51.829201],[-116.15,51.870378],[-116.183333,51.870378],[-116.183333,51.901237],[-116.166667,51.901237],[-116.166667,51.921797],[-116.2,51.921797],[-116.2,51.932074],[-116.183333,51.932074],[-116.183333,51.95262],[-116.2,51.95262],[-116.2,51.96289],[-116.216667,51.96289]]}},{"type":"Feature","properties":{"id":"2500"},"geometry":{"type":"LineString","coordinates":[[-116.35,51.818901],[-116.316667,51.818901],[-116.316667,51.798293],[-116.35,51.798293],[-116.35,51.818901]]}},{"type":"Feature","properties":{"id":"2500"},"geometry":{"type":"LineString","coordinates":[[-116.4,51.767365],[-116.4,51.736414],[-116.383333,51.736414],[-116.383333,51.767365],[-116.4,51.767365]]}},{"type":"Feature","properties":{"id":"2500"},"geometry":{"type":"LineString","coordinates":[[-115.916667,51.767365],[-115.916667,51.736414],[-115.866667,51.736414],[-115.866667,51.746734],[-115.883333,51.746734],[-115.883333,51.767365],[-115.916667,51.767365]]}},{"type":"Feature","properties":{"id":"2500"},"geometry":{"type":"LineString","coordinates":[[-118.9,51.746734],[-118.9,51.736414],[-118.883333,51.736414],[-118.883333,51.746734],[-118.9,51.746734]]}},{"type":"Feature","properties":{"id":"2500"},"geometry":{"type":"LineString","coordinates":[[-118.033333,51.746734],[-118.033333,51.736414],[-118.016667,51.736414],[-118.016667,51.746734],[-118.033333,51.746734]]}},{"type":"Feature","properties":{"id":"2500"},"geometry":{"type":"LineString","coordinates":[[-117.066667,51.746734],[-117.066667,51.736414],[-117.05,51.736414],[-117.05,51.746734],[-117.066667,51.746734]]}},{"type":"Feature","properties":{"id":"2500"},"geometry":{"type":"LineString","coordinates":[[-116.483333,51.746734],[-116.483333,51.736414],[-116.466667,51.736414],[-116.466667,51.715769],[-116.433333,51.715769],[-116.433333,51.736414],[-116.45,51.736414],[-116.45,51.746734],[-116.483333,51.746734]]}},{"type":"Feature","properties":{"id":"2500"},"geometry":{"type":"LineString","coordinates":[[-119.0,51.736414],[-119.0,51.715769],[-118.983333,51.715769],[-118.983333,51.736414],[-119.0,51.736414]]}},{"type":"Feature","properties":{"id":"2500"},"geometry":{"type":"LineString","coordinates":[[-117.966667,51.829201],[-117.966667,51.767365],[-117.95,51.767365],[-117.95,51.746734],[-117.933333,51.746734],[-117.933333,51.695115],[-117.916667,51.695115],[-117.916667,51.715769],[-117.8,51.715769],[-117.8,51.736414],[-117.816667,51.736414],[-117.816667,51.746734],[-117.916667,51.746734],[-117.916667,51.787986],[-117.933333,51.787986],[-117.933333,51.798293],[-117.95,51.798293],[-117.95,51.829201],[-117.966667,51.829201]]}},{"type":"Feature","properties":{"id":"2500"},"geometry":{"type":"LineString","coordinates":[[-115.833333,51.798293],[-115.833333,51.746734],[-115.816667,51.746734],[-115.816667,51.736414],[-115.783333,51.736414],[-115.783333,51.715769],[-115.75,51.715769],[-115.75,51.695115],[-115.733333,51.695115],[-115.733333,51.736414],[-115.75,51.736414],[-115.75,51.767365],[-115.766667,51.767365],[-115.766667,51.746734],[-115.8,51.746734],[-115.8,51.767365],[-115.783333,51.767365],[-115.783333,51.798293],[-115.833333,51.798293]]}},{"type":"Feature","properties":{"id":"2500"},"geometry":{"type":"LineString","coordinates":[[-115.816667,51.787986],[-115.8,51.787986],[-115.8,51.767365],[-115.816667,51.767365],[-115.816667,51.787986]]}},{"type":"Feature","properties":{"id":"2500"},"geometry":{"type":"LineString","coordinates":[[-115.983333,51.746734],[-115.983333,51.715769],[-115.966667,51.715769],[-115.966667,51.695115],[-115.933333,51.695115],[-115.933333,51.715769],[-115.95,51.715769],[-115.95,51.736414],[-115.933333,51.736414],[-115.933333,51.746734],[-115.983333,51.746734]]}},{"type":"Feature","properties":{"id":"2500"},"geometry":{"type":"LineString","coordinates":[[-116.266667,51.715769],[-116.266667,51.695115],[-116.216667,51.695115],[-116.216667,51.715769],[-116.266667,51.715769]]}},{"type":"Feature","properties":{"id":"2500"},"geometry":{"type":"LineString","coordinates":[[-116.383333,51.736414],[-116.383333,51.715769],[-116.366667,51.715769],[-116.366667,51.684784],[-116.35,51.684784],[-116.35,51.695115],[-116.316667,51.695115],[-116.316667,51.715769],[-116.35,51.715769],[-116.35,51.736414],[-116.383333,51.736414]]}},{"type":"Feature","properties":{"id":"2500"},"geometry":{"type":"LineString","coordinates":[[-116.433333,51.715769],[-116.433333,51.684784],[-116.4,51.684784],[-116.4,51.715769],[-116.433333,51.715769]]}},{"type":"Feature","properties":{"id":"2500"},"geometry":{"type":"LineString","coordinates":[[-117.95,51.695115],[-117.95,51.684784],[-117.933333,51.684784],[-117.933333,51.695115],[-117.95,51.695115]]}},{"type":"Feature","properties":{"id":"2500"},"geometry":{"type":"LineString","coordinates":[[-116.3,51.695115],[-116.3,51.684784],[-116.266667,51.684784],[-116.266667,51.695115],[-116.3,51.695115]]}},{"type":"Feature","properties":{"id":"2500"},"geometry":{"type":"LineString","coordinates":[[-116.383333,51.684784],[-116.383333,51.664115],[-116.366667,51.664115],[-116.366667,51.684784],[-116.383333,51.684784]]}},{"type":"Feature","properties":{"id":"2500"},"geometry":{"type":"LineString","coordinates":[[-116.266667,51.684784],[-116.266667,51.664115],[-116.233333,51.664115],[-116.233333,51.684784],[-116.266667,51.684784]]}},{"type":"Feature","properties":{"id":"2500"},"geometry":{"type":"LineString","coordinates":[[-116.933333,51.818901],[-116.933333,51.798293],[-116.966667,51.798293],[-116.966667,51.767365],[-116.983333,51.767365],[-116.983333,51.746734],[-116.966667,51.746734],[-116.966667,51.736414],[-116.95,51.736414],[-116.95,51.695115],[-116.9,51.695115],[-116.9,51.684784],[-116.883333,51.684784],[-116.883333,51.695115],[-116.866667,51.695115],[-116.866667,51.684784],[-116.85,51.684784],[-116.85,51.664115],[-116.866667,51.664115],[-116.866667,51.653777],[-116.816667,51.653777],[-116.816667,51.664115],[-116.833333,51.664115],[-116.833333,51.684784],[-116.766667,51.684784],[-116.766667,51.695115],[-116.783333,51.695115],[-116.783333,51.736414],[-116.8,51.736414],[-116.8,51.746734],[-116.783333,51.746734],[-116.783333,51.767365],[-116.816667,51.767365],[-116.816667,51.787986],[-116.866667,51.787986],[-116.866667,51.767365],[-116.883333,51.767365],[-116.883333,51.746734],[-116.85,51.746734],[-116.85,51.736414],[-116.916667,51.736414],[-116.916667,51.746734],[-116.95,51.746734],[-116.95,51.787986],[-116.9,51.787986],[-116.9,51.798293],[-116.883333,51.798293],[-116.883333,51.818901],[-116.933333,51.818901]]}},{"type":"Feature","properties":{"id":"2500"},"geometry":{"type":"LineString","coordinates":[[-115.633333,51.664115],[-115.633333,51.653777],[-115.6,51.653777],[-115.6,51.664115],[-115.633333,51.664115]]}},{"type":"Feature","properties":{"id":"2500"},"geometry":{"type":"LineString","coordinates":[[-115.716667,51.664115],[-115.716667,51.653777],[-115.7,51.653777],[-115.7,51.633094],[-115.65,51.633094],[-115.65,51.653777],[-115.683333,51.653777],[-115.683333,51.664115],[-115.716667,51.664115]]}},{"type":"Feature","properties":{"id":"2500"},"geometry":{"type":"LineString","coordinates":[[-124.566667,51.653777],[-124.566667,51.633094],[-124.55,51.633094],[-124.55,51.653777],[-124.566667,51.653777]]}},{"type":"Feature","properties":{"id":"2500"},"geometry":{"type":"LineString","coordinates":[[-124.533333,51.653777],[-124.533333,51.633094],[-124.516667,51.633094],[-124.516667,51.653777],[-124.533333,51.653777]]}},{"type":"Feature","properties":{"id":"2500"},"geometry":{"type":"LineString","coordinates":[[-118.066667,51.653777],[-118.066667,51.633094],[-118.016667,51.633094],[-118.016667,51.653777],[-118.066667,51.653777]]}},{"type":"Feature","properties":{"id":"2500"},"geometry":{"type":"LineString","coordinates":[[-117.9,51.664115],[-117.9,51.653777],[-117.95,51.653777],[-117.95,51.633094],[-117.883333,51.633094],[-117.883333,51.653777],[-117.783333,51.653777],[-117.783333,51.664115],[-117.9,51.664115]]}},{"type":"Feature","properties":{"id":"2500"},"geometry":{"type":"LineString","coordinates":[[-117.133333,51.653777],[-117.133333,51.633094],[-117.116667,51.633094],[-117.116667,51.653777],[-117.133333,51.653777]]}},{"type":"Feature","properties":{"id":"2500"},"geometry":{"type":"LineString","coordinates":[[-117.066667,51.653777],[-117.066667,51.633094],[-117.05,51.633094],[-117.05,51.653777],[-117.066667,51.653777]]}},{"type":"Feature","properties":{"id":"2500"},"geometry":{"type":"LineString","coordinates":[[-116.883333,51.653777],[-116.883333,51.633094],[-116.866667,51.633094],[-116.866667,51.653777],[-116.883333,51.653777]]}},{"type":"Feature","properties":{"id":"2500"},"geometry":{"type":"LineString","coordinates":[[-116.816667,51.653777],[-116.816667,51.633094],[-116.8,51.633094],[-116.8,51.653777],[-116.816667,51.653777]]}},{"type":"Feature","properties":{"id":"2500"},"geometry":{"type":"LineString","coordinates":[[-116.233333,51.664115],[-116.233333,51.653777],[-116.25,51.653777],[-116.25,51.633094],[-116.216667,51.633094],[-116.216667,51.664115],[-116.233333,51.664115]]}},{"type":"Feature","properties":{"id":"2500"},"geometry":{"type":"LineString","coordinates":[[-115.983333,51.633094],[-115.983333,51.612402],[-115.966667,51.612402],[-115.966667,51.633094],[-115.983333,51.633094]]}},{"type":"Feature","properties":{"id":"2500"},"geometry":{"type":"LineString","coordinates":[[-116.216667,51.633094],[-116.216667,51.612402],[-116.2,51.612402],[-116.2,51.602052],[-116.183333,51.602052],[-116.183333,51.633094],[-116.216667,51.633094]]}},{"type":"Feature","properties":{"id":"2500"},"geometry":{"type":"LineString","coordinates":[[-115.9,51.633094],[-115.9,51.612402],[-115.883333,51.612402],[-115.883333,51.602052],[-115.85,51.602052],[-115.85,51.612402],[-115.866667,51.612402],[-115.866667,51.633094],[-115.9,51.633094]]}},{"type":"Feature","properties":{"id":"2500"},"geometry":{"type":"LineString","coordinates":[[-115.766667,51.612402],[-115.766667,51.581346],[-115.733333,51.581346],[-115.733333,51.602052],[-115.75,51.602052],[-115.75,51.612402],[-115.766667,51.612402]]}},{"type":"Feature","properties":{"id":"2500"},"geometry":{"type":"LineString","coordinates":[[-124.816667,51.602052],[-124.816667,51.581346],[-124.8,51.581346],[-124.8,51.602052],[-124.816667,51.602052]]}},{"type":"Feature","properties":{"id":"2500"},"geometry":{"type":"LineString","coordinates":[[-124.7,51.602052],[-124.7,51.581346],[-124.683333,51.581346],[-124.683333,51.602052],[-124.7,51.602052]]}},{"type":"Feature","properties":{"id":"2500"},"geometry":{"type":"LineString","coordinates":[[-115.85,51.602052],[-115.85,51.581346],[-115.833333,51.581346],[-115.833333,51.602052],[-115.85,51.602052]]}},{"type":"Feature","properties":{"id":"2500"},"geometry":{"type":"LineString","coordinates":[[-117.883333,51.602052],[-117.883333,51.581346],[-117.85,51.581346],[-117.85,51.570989],[-117.816667,51.570989],[-117.816667,51.581346],[-117.8,51.581346],[-117.8,51.602052],[-117.883333,51.602052]]}},{"type":"Feature","properties":{"id":"2500"},"geometry":{"type":"LineString","coordinates":[[-116.016667,51.798293],[-116.016667,51.746734],[-116.05,51.746734],[-116.05,51.767365],[-116.066667,51.767365],[-116.066667,51.787986],[-116.083333,51.787986],[-116.083333,51.746734],[-116.066667,51.746734],[-116.066667,51.664115],[-116.1,51.664115],[-116.1,51.684784],[-116.116667,51.684784],[-116.116667,51.746734],[-116.15,51.746734],[-116.15,51.715769],[-116.183333,51.715769],[-116.183333,51.695115],[-116.166667,51.695115],[-116.166667,51.684784],[-116.183333,51.684784],[-116.183333,51.664115],[-116.116667,51.664115],[-116.116667,51.653777],[-116.133333,51.653777],[-116.133333,51.633094],[-116.083333,51.633094],[-116.083333,51.602052],[-116.1,51.602052],[-116.1,51.581346],[-116.083333,51.581346],[-116.083333,51.570989],[-116.05,51.570989],[-116.05,51.581346],[-116.016667,51.581346],[-116.016667,51.570989],[-115.983333,51.570989],[-115.983333,51.581346],[-116.0,51.581346],[-116.0,51.602052],[-116.016667,51.602052],[-116.016667,51.612402],[-116.033333,51.612402],[-116.033333,51.633094],[-115.983333,51.633094],[-115.983333,51.653777],[-115.966667,51.653777],[-115.966667,51.664115],[-116.016667,51.664115],[-116.016667,51.653777],[-116.05,51.653777],[-116.05,51.664115],[-116.033333,51.664115],[-116.033333,51.695115],[-116.016667,51.695115],[-116.016667,51.736414],[-116.0,51.736414],[-116.0,51.746734],[-115.983333,51.746734],[-115.983333,51.787986],[-116.0,51.787986],[-116.0,51.798293],[-116.016667,51.798293]]}},{"type":"Feature","properties":{"id":"2500"},"geometry":{"type":"LineString","coordinates":[[-125.3,51.581346],[-125.3,51.570989],[-125.283333,51.570989],[-125.283333,51.581346],[-125.3,51.581346]]}},{"type":"Feature","properties":{"id":"2500"},"geometry":{"type":"LineString","coordinates":[[-117.683333,51.581346],[-117.683333,51.570989],[-117.666667,51.570989],[-117.666667,51.581346],[-117.683333,51.581346]]}},{"type":"Feature","properties":{"id":"2500"},"geometry":{"type":"LineString","coordinates":[[-116.966667,51.581346],[-116.966667,51.570989],[-116.95,51.570989],[-116.95,51.581346],[-116.966667,51.581346]]}},{"type":"Feature","properties":{"id":"2500"},"geometry":{"type":"LineString","coordinates":[[-115.733333,51.581346],[-115.733333,51.570989],[-115.716667,51.570989],[-115.716667,51.581346],[-115.733333,51.581346]]}},{"type":"Feature","properties":{"id":"2500"},"geometry":{"type":"LineString","coordinates":[[-124.85,51.570989],[-124.85,51.550268],[-124.833333,51.550268],[-124.833333,51.570989],[-124.85,51.570989]]}},{"type":"Feature","properties":{"id":"2500"},"geometry":{"type":"LineString","coordinates":[[-116.05,51.570989],[-116.05,51.550268],[-116.033333,51.550268],[-116.033333,51.570989],[-116.05,51.570989]]}},{"type":"Feature","properties":{"id":"2500"},"geometry":{"type":"LineString","coordinates":[[-116.316667,51.653777],[-116.316667,51.633094],[-116.3,51.633094],[-116.3,51.612402],[-116.283333,51.612402],[-116.283333,51.570989],[-116.266667,51.570989],[-116.266667,51.550268],[-116.25,51.550268],[-116.25,51.529538],[-116.233333,51.529538],[-116.233333,51.581346],[-116.25,51.581346],[-116.25,51.612402],[-116.266667,51.612402],[-116.266667,51.653777],[-116.316667,51.653777]]}},{"type":"Feature","properties":{"id":"2500"},"geometry":{"type":"LineString","coordinates":[[-117.733333,51.570989],[-117.733333,51.550268],[-117.716667,51.550268],[-117.716667,51.529538],[-117.7,51.529538],[-117.7,51.550268],[-117.683333,51.550268],[-117.683333,51.570989],[-117.733333,51.570989]]}},{"type":"Feature","properties":{"id":"2500"},"geometry":{"type":"LineString","coordinates":[[-124.866667,51.550268],[-124.866667,51.529538],[-124.85,51.529538],[-124.85,51.550268],[-124.866667,51.550268]]}},{"type":"Feature","properties":{"id":"2500"},"geometry":{"type":"LineString","coordinates":[[-117.916667,51.570989],[-117.916667,51.550268],[-117.933333,51.550268],[-117.933333,51.529538],[-117.883333,51.529538],[-117.883333,51.550268],[-117.866667,51.550268],[-117.866667,51.570989],[-117.916667,51.570989]]}},{"type":"Feature","properties":{"id":"2500"},"geometry":{"type":"LineString","coordinates":[[-115.7,51.550268],[-115.7,51.529538],[-115.683333,51.529538],[-115.683333,51.550268],[-115.7,51.550268]]}},{"type":"Feature","properties":{"id":"2500"},"geometry":{"type":"LineString","coordinates":[[-124.983333,51.529538],[-124.983333,51.51917],[-124.933333,51.51917],[-124.933333,51.529538],[-124.983333,51.529538]]}},{"type":"Feature","properties":{"id":"2500"},"geometry":{"type":"LineString","coordinates":[[-124.716667,51.529538],[-124.716667,51.51917],[-124.7,51.51917],[-124.7,51.529538],[-124.716667,51.529538]]}},{"type":"Feature","properties":{"id":"2500"},"geometry":{"type":"LineString","coordinates":[[-117.75,51.529538],[-117.75,51.51917],[-117.733333,51.51917],[-117.733333,51.529538],[-117.75,51.529538]]}},{"type":"Feature","properties":{"id":"2500"},"geometry":{"type":"LineString","coordinates":[[-117.7,51.529538],[-117.7,51.51917],[-117.683333,51.51917],[-117.683333,51.529538],[-117.7,51.529538]]}},{"type":"Feature","properties":{"id":"2500"},"geometry":{"type":"LineString","coordinates":[[-116.6,51.767365],[-116.6,51.736414],[-116.616667,51.736414],[-116.616667,51.746734],[-116.65,51.746734],[-116.65,51.736414],[-116.633333,51.736414],[-116.633333,51.715769],[-116.6,51.715769],[-116.6,51.684784],[-116.65,51.684784],[-116.65,51.664115],[-116.616667,51.664115],[-116.616667,51.633094],[-116.6,51.633094],[-116.6,51.612402],[-116.616667,51.612402],[-116.616667,51.581346],[-116.633333,51.581346],[-116.633333,51.570989],[-116.616667,51.570989],[-116.616667,51.51917],[-116.6,51.51917],[-116.6,51.498425],[-116.583333,51.498425],[-116.583333,51.550268],[-116.6,51.550268],[-116.6,51.581346],[-116.566667,51.581346],[-116.566667,51.570989],[-116.55,51.570989],[-116.55,51.612402],[-116.533333,51.612402],[-116.533333,51.581346],[-116.516667,51.581346],[-116.516667,51.602052],[-116.45,51.602052],[-116.45,51.612402],[-116.4,51.612402],[-116.4,51.633094],[-116.45,51.633094],[-116.45,51.653777],[-116.466667,51.653777],[-116.466667,51.633094],[-116.5,51.633094],[-116.5,51.653777],[-116.516667,51.653777],[-116.516667,51.664115],[-116.5,51.664115],[-116.5,51.695115],[-116.516667,51.695115],[-116.516667,51.684784],[-116.533333,51.684784],[-116.533333,51.664115],[-116.566667,51.664115],[-116.566667,51.715769],[-116.583333,51.715769],[-116.583333,51.736414],[-116.566667,51.736414],[-116.566667,51.746734],[-116.583333,51.746734],[-116.583333,51.767365],[-116.6,51.767365]]}},{"type":"Feature","properties":{"id":"2500"},"geometry":{"type":"LineString","coordinates":[[-115.683333,51.529538],[-115.683333,51.498425],[-115.666667,51.498425],[-115.666667,51.529538],[-115.683333,51.529538]]}},{"type":"Feature","properties":{"id":"2500"},"geometry":{"type":"LineString","coordinates":[[-117.983333,51.51917],[-117.983333,51.498425],[-117.966667,51.498425],[-117.966667,51.51917],[-117.983333,51.51917]]}},{"type":"Feature","properties":{"id":"2500"},"geometry":{"type":"LineString","coordinates":[[-116.5,51.581346],[-116.5,51.570989],[-116.483333,51.570989],[-116.483333,51.550268],[-116.466667,51.550268],[-116.466667,51.529538],[-116.416667,51.529538],[-116.416667,51.51917],[-116.433333,51.51917],[-116.433333,51.498425],[-116.383333,51.498425],[-116.383333,51.51917],[-116.366667,51.51917],[-116.366667,51.529538],[-116.383333,51.529538],[-116.383333,51.550268],[-116.366667,51.550268],[-116.366667,51.570989],[-116.45,51.570989],[-116.45,51.581346],[-116.5,51.581346]]}},{"type":"Feature","properties":{"id":"2500"},"geometry":{"type":"LineString","coordinates":[[-116.15,51.51917],[-116.15,51.498425],[-116.133333,51.498425],[-116.133333,51.51917],[-116.15,51.51917]]}},{"type":"Feature","properties":{"id":"2500"},"geometry":{"type":"LineString","coordinates":[[-116.066667,51.51917],[-116.066667,51.498425],[-116.033333,51.498425],[-116.033333,51.51917],[-116.066667,51.51917]]}},{"type":"Feature","properties":{"id":"2500"},"geometry":{"type":"LineString","coordinates":[[-124.883333,51.498425],[-124.883333,51.48805],[-124.833333,51.48805],[-124.833333,51.498425],[-124.883333,51.498425]]}},{"type":"Feature","properties":{"id":"2500"},"geometry":{"type":"LineString","coordinates":[[-117.75,51.498425],[-117.75,51.48805],[-117.733333,51.48805],[-117.733333,51.498425],[-117.75,51.498425]]}},{"type":"Feature","properties":{"id":"2500"},"geometry":{"type":"LineString","coordinates":[[-116.566667,51.51917],[-116.566667,51.498425],[-116.583333,51.498425],[-116.583333,51.48805],[-116.516667,51.48805],[-116.516667,51.498425],[-116.55,51.498425],[-116.55,51.51917],[-116.566667,51.51917]]}},{"type":"Feature","properties":{"id":"2500"},"geometry":{"type":"LineString","coordinates":[[-116.1,51.51917],[-116.1,51.498425],[-116.133333,51.498425],[-116.133333,51.48805],[-116.083333,51.48805],[-116.083333,51.51917],[-116.1,51.51917]]}},{"type":"Feature","properties":{"id":"2500"},"geometry":{"type":"LineString","coordinates":[[-115.8,51.498425],[-115.8,51.467291],[-115.783333,51.467291],[-115.783333,51.498425],[-115.8,51.498425]]}},{"type":"Feature","properties":{"id":"2500"},"geometry":{"type":"LineString","coordinates":[[-125.35,51.48805],[-125.35,51.467291],[-125.316667,51.467291],[-125.316667,51.48805],[-125.35,51.48805]]}},{"type":"Feature","properties":{"id":"2500"},"geometry":{"type":"LineString","coordinates":[[-116.6,51.48805],[-116.6,51.467291],[-116.583333,51.467291],[-116.583333,51.48805],[-116.6,51.48805]]}},{"type":"Feature","properties":{"id":"2500"},"geometry":{"type":"LineString","coordinates":[[-115.85,51.48805],[-115.85,51.467291],[-115.833333,51.467291],[-115.833333,51.48805],[-115.85,51.48805]]}},{"type":"Feature","properties":{"id":"2500"},"geometry":{"type":"LineString","coordinates":[[-115.666667,51.48805],[-115.666667,51.467291],[-115.65,51.467291],[-115.65,51.48805],[-115.666667,51.48805]]}},{"type":"Feature","properties":{"id":"2500"},"geometry":{"type":"LineString","coordinates":[[-115.516667,51.48805],[-115.516667,51.446523],[-115.5,51.446523],[-115.5,51.48805],[-115.516667,51.48805]]}},{"type":"Feature","properties":{"id":"2500"},"geometry":{"type":"LineString","coordinates":[[-125.533333,51.467291],[-125.533333,51.446523],[-125.5,51.446523],[-125.5,51.467291],[-125.533333,51.467291]]}},{"type":"Feature","properties":{"id":"2500"},"geometry":{"type":"LineString","coordinates":[[-124.883333,51.467291],[-124.883333,51.446523],[-124.866667,51.446523],[-124.866667,51.467291],[-124.883333,51.467291]]}},{"type":"Feature","properties":{"id":"2500"},"geometry":{"type":"LineString","coordinates":[[-117.766667,51.467291],[-117.766667,51.446523],[-117.75,51.446523],[-117.75,51.467291],[-117.766667,51.467291]]}},{"type":"Feature","properties":{"id":"2500"},"geometry":{"type":"LineString","coordinates":[[-115.783333,51.467291],[-115.783333,51.446523],[-115.766667,51.446523],[-115.766667,51.467291],[-115.783333,51.467291]]}},{"type":"Feature","properties":{"id":"2500"},"geometry":{"type":"LineString","coordinates":[[-117.933333,51.467291],[-117.933333,51.436136],[-117.9,51.436136],[-117.9,51.467291],[-117.933333,51.467291]]}},{"type":"Feature","properties":{"id":"2500"},"geometry":{"type":"LineString","coordinates":[[-125.35,51.446523],[-125.35,51.436136],[-125.316667,51.436136],[-125.316667,51.446523],[-125.35,51.446523]]}},{"type":"Feature","properties":{"id":"2500"},"geometry":{"type":"LineString","coordinates":[[-117.783333,51.446523],[-117.783333,51.436136],[-117.766667,51.436136],[-117.766667,51.446523],[-117.783333,51.446523]]}},{"type":"Feature","properties":{"id":"2500"},"geometry":{"type":"LineString","coordinates":[[-115.766667,51.446523],[-115.766667,51.436136],[-115.75,51.436136],[-115.75,51.446523],[-115.766667,51.446523]]}},{"type":"Feature","properties":{"id":"2500"},"geometry":{"type":"LineString","coordinates":[[-115.55,51.446523],[-115.55,51.436136],[-115.533333,51.436136],[-115.533333,51.446523],[-115.55,51.446523]]}},{"type":"Feature","properties":{"id":"2500"},"geometry":{"type":"LineString","coordinates":[[-115.633333,51.48805],[-115.633333,51.467291],[-115.65,51.467291],[-115.65,51.415354],[-115.633333,51.415354],[-115.633333,51.446523],[-115.6,51.446523],[-115.6,51.467291],[-115.616667,51.467291],[-115.616667,51.48805],[-115.633333,51.48805]]}},{"type":"Feature","properties":{"id":"2500"},"geometry":{"type":"LineString","coordinates":[[-115.6,51.446523],[-115.6,51.415354],[-115.583333,51.415354],[-115.583333,51.446523],[-115.6,51.446523]]}},{"type":"Feature","properties":{"id":"2500"},"geometry":{"type":"LineString","coordinates":[[-117.733333,51.436136],[-117.733333,51.415354],[-117.7,51.415354],[-117.7,51.436136],[-117.733333,51.436136]]}},{"type":"Feature","properties":{"id":"2500"},"geometry":{"type":"LineString","coordinates":[[-116.85,51.436136],[-116.85,51.415354],[-116.816667,51.415354],[-116.816667,51.436136],[-116.85,51.436136]]}},{"type":"Feature","properties":{"id":"2500"},"geometry":{"type":"LineString","coordinates":[[-125.466667,51.415354],[-125.466667,51.404959],[-125.416667,51.404959],[-125.416667,51.415354],[-125.466667,51.415354]]}},{"type":"Feature","properties":{"id":"2500"},"geometry":{"type":"LineString","coordinates":[[-125.35,51.415354],[-125.35,51.404959],[-125.333333,51.404959],[-125.333333,51.415354],[-125.35,51.415354]]}},{"type":"Feature","properties":{"id":"2500"},"geometry":{"type":"LineString","coordinates":[[-118.033333,51.415354],[-118.033333,51.404959],[-118.0,51.404959],[-118.0,51.415354],[-118.033333,51.415354]]}},{"type":"Feature","properties":{"id":"2500"},"geometry":{"type":"LineString","coordinates":[[-115.833333,51.415354],[-115.833333,51.404959],[-115.816667,51.404959],[-115.816667,51.415354],[-115.833333,51.415354]]}},{"type":"Feature","properties":{"id":"2500"},"geometry":{"type":"LineString","coordinates":[[-115.433333,51.415354],[-115.433333,51.404959],[-115.416667,51.404959],[-115.416667,51.415354],[-115.433333,51.415354]]}},{"type":"Feature","properties":{"id":"2500"},"geometry":{"type":"LineString","coordinates":[[-116.4,51.415354],[-116.4,51.384163],[-116.383333,51.384163],[-116.383333,51.415354],[-116.4,51.415354]]}},{"type":"Feature","properties":{"id":"2500"},"geometry":{"type":"LineString","coordinates":[[-125.416667,51.404959],[-125.416667,51.384163],[-125.4,51.384163],[-125.4,51.404959],[-125.416667,51.404959]]}},{"type":"Feature","properties":{"id":"2500"},"geometry":{"type":"LineString","coordinates":[[-125.366667,51.404959],[-125.366667,51.384163],[-125.35,51.384163],[-125.35,51.404959],[-125.366667,51.404959]]}},{"type":"Feature","properties":{"id":"2500"},"geometry":{"type":"LineString","coordinates":[[-124.833333,51.404959],[-124.833333,51.384163],[-124.816667,51.384163],[-124.816667,51.404959],[-124.833333,51.404959]]}},{"type":"Feature","properties":{"id":"2500"},"geometry":{"type":"LineString","coordinates":[[-116.033333,51.404959],[-116.033333,51.384163],[-116.016667,51.384163],[-116.016667,51.404959],[-116.033333,51.404959]]}},{"type":"Feature","properties":{"id":"2500"},"geometry":{"type":"LineString","coordinates":[[-115.566667,51.404959],[-115.566667,51.384163],[-115.55,51.384163],[-115.55,51.404959],[-115.566667,51.404959]]}},{"type":"Feature","properties":{"id":"2500"},"geometry":{"type":"LineString","coordinates":[[-115.9,51.581346],[-115.9,51.550268],[-115.883333,51.550268],[-115.883333,51.51917],[-115.9,51.51917],[-115.9,51.467291],[-115.883333,51.467291],[-115.883333,51.446523],[-115.933333,51.446523],[-115.933333,51.467291],[-115.95,51.467291],[-115.95,51.529538],[-115.983333,51.529538],[-115.983333,51.498425],[-116.0,51.498425],[-116.0,51.48805],[-115.983333,51.48805],[-115.983333,51.467291],[-115.966667,51.467291],[-115.966667,51.415354],[-115.933333,51.415354],[-115.933333,51.404959],[-115.916667,51.404959],[-115.916667,51.363357],[-115.9,51.363357],[-115.9,51.404959],[-115.866667,51.404959],[-115.866667,51.436136],[-115.816667,51.436136],[-115.816667,51.446523],[-115.85,51.446523],[-115.85,51.467291],[-115.866667,51.467291],[-115.866667,51.48805],[-115.85,51.48805],[-115.85,51.51917],[-115.866667,51.51917],[-115.866667,51.529538],[-115.816667,51.529538],[-115.816667,51.570989],[-115.8,51.570989],[-115.8,51.581346],[-115.833333,51.581346],[-115.833333,51.550268],[-115.866667,51.550268],[-115.866667,51.570989],[-115.883333,51.570989],[-115.883333,51.581346],[-115.9,51.581346]]}},{"type":"Feature","properties":{"id":"2500"},"geometry":{"type":"LineString","coordinates":[[-125.183333,51.436136],[-125.183333,51.415354],[-125.2,51.415354],[-125.2,51.404959],[-125.183333,51.404959],[-125.183333,51.384163],[-125.166667,51.384163],[-125.166667,51.363357],[-125.15,51.363357],[-125.15,51.384163],[-125.133333,51.384163],[-125.133333,51.404959],[-125.15,51.404959],[-125.15,51.415354],[-125.166667,51.415354],[-125.166667,51.436136],[-125.183333,51.436136]]}},{"type":"Feature","properties":{"id":"2500"},"geometry":{"type":"LineString","coordinates":[[-125.283333,51.415354],[-125.283333,51.404959],[-125.316667,51.404959],[-125.316667,51.363357],[-125.283333,51.363357],[-125.283333,51.384163],[-125.266667,51.384163],[-125.266667,51.404959],[-125.216667,51.404959],[-125.216667,51.415354],[-125.283333,51.415354]]}},{"type":"Feature","properties":{"id":"2500"},"geometry":{"type":"LineString","coordinates":[[-123.866667,51.404959],[-123.866667,51.363357],[-123.85,51.363357],[-123.85,51.404959],[-123.866667,51.404959]]}},{"type":"Feature","properties":{"id":"2500"},"geometry":{"type":"LineString","coordinates":[[-116.45,51.404959],[-116.45,51.384163],[-116.433333,51.384163],[-116.433333,51.363357],[-116.416667,51.363357],[-116.416667,51.404959],[-116.45,51.404959]]}},{"type":"Feature","properties":{"id":"2500"},"geometry":{"type":"LineString","coordinates":[[-115.733333,51.404959],[-115.733333,51.363357],[-115.716667,51.363357],[-115.716667,51.404959],[-115.733333,51.404959]]}},{"type":"Feature","properties":{"id":"2500"},"geometry":{"type":"LineString","coordinates":[[-115.366667,51.404959],[-115.366667,51.363357],[-115.35,51.363357],[-115.35,51.404959],[-115.366667,51.404959]]}},{"type":"Feature","properties":{"id":"2500"},"geometry":{"type":"LineString","coordinates":[[-117.983333,51.384163],[-117.983333,51.363357],[-117.966667,51.363357],[-117.966667,51.384163],[-117.983333,51.384163]]}},{"type":"Feature","properties":{"id":"2500"},"geometry":{"type":"LineString","coordinates":[[-116.266667,51.384163],[-116.266667,51.363357],[-116.233333,51.363357],[-116.233333,51.384163],[-116.266667,51.384163]]}},{"type":"Feature","properties":{"id":"2500"},"geometry":{"type":"LineString","coordinates":[[-115.333333,51.384163],[-115.333333,51.363357],[-115.316667,51.363357],[-115.316667,51.384163],[-115.333333,51.384163]]}},{"type":"Feature","properties":{"id":"2500"},"geometry":{"type":"LineString","coordinates":[[-124.616667,51.363357],[-124.616667,51.352951],[-124.6,51.352951],[-124.6,51.363357],[-124.616667,51.363357]]}},{"type":"Feature","properties":{"id":"2500"},"geometry":{"type":"LineString","coordinates":[[-118.133333,51.363357],[-118.133333,51.352951],[-118.116667,51.352951],[-118.116667,51.363357],[-118.133333,51.363357]]}},{"type":"Feature","properties":{"id":"2500"},"geometry":{"type":"LineString","coordinates":[[-117.55,51.363357],[-117.55,51.352951],[-117.516667,51.352951],[-117.516667,51.363357],[-117.55,51.363357]]}},{"type":"Feature","properties":{"id":"2500"},"geometry":{"type":"LineString","coordinates":[[-116.466667,51.363357],[-116.466667,51.352951],[-116.433333,51.352951],[-116.433333,51.363357],[-116.466667,51.363357]]}},{"type":"Feature","properties":{"id":"2500"},"geometry":{"type":"LineString","coordinates":[[-116.4,51.363357],[-116.4,51.352951],[-116.383333,51.352951],[-116.383333,51.363357],[-116.4,51.363357]]}},{"type":"Feature","properties":{"id":"2500"},"geometry":{"type":"LineString","coordinates":[[-115.716667,51.363357],[-115.716667,51.352951],[-115.7,51.352951],[-115.7,51.363357],[-115.716667,51.363357]]}},{"type":"Feature","properties":{"id":"2500"},"geometry":{"type":"LineString","coordinates":[[-115.533333,51.363357],[-115.533333,51.352951],[-115.516667,51.352951],[-115.516667,51.363357],[-115.533333,51.363357]]}},{"type":"Feature","properties":{"id":"2500"},"geometry":{"type":"LineString","coordinates":[[-115.35,51.363357],[-115.35,51.352951],[-115.333333,51.352951],[-115.333333,51.363357],[-115.35,51.363357]]}},{"type":"Feature","properties":{"id":"2500"},"geometry":{"type":"LineString","coordinates":[[-115.866667,51.384163],[-115.866667,51.363357],[-115.883333,51.363357],[-115.883333,51.352951],[-115.85,51.352951],[-115.85,51.332131],[-115.833333,51.332131],[-115.833333,51.352951],[-115.816667,51.352951],[-115.816667,51.332131],[-115.8,51.332131],[-115.8,51.363357],[-115.85,51.363357],[-115.85,51.384163],[-115.866667,51.384163]]}},{"type":"Feature","properties":{"id":"2500"},"geometry":{"type":"LineString","coordinates":[[-124.733333,51.352951],[-124.733333,51.332131],[-124.7,51.332131],[-124.7,51.352951],[-124.733333,51.352951]]}},{"type":"Feature","properties":{"id":"2500"},"geometry":{"type":"LineString","coordinates":[[-124.25,51.352951],[-124.25,51.332131],[-124.233333,51.332131],[-124.233333,51.352951],[-124.25,51.352951]]}},{"type":"Feature","properties":{"id":"2500"},"geometry":{"type":"LineString","coordinates":[[-118.116667,51.352951],[-118.116667,51.332131],[-118.1,51.332131],[-118.1,51.352951],[-118.116667,51.352951]]}},{"type":"Feature","properties":{"id":"2500"},"geometry":{"type":"LineString","coordinates":[[-117.516667,51.352951],[-117.516667,51.332131],[-117.5,51.332131],[-117.5,51.352951],[-117.516667,51.352951]]}},{"type":"Feature","properties":{"id":"2500"},"geometry":{"type":"LineString","coordinates":[[-116.216667,51.363357],[-116.216667,51.352951],[-116.233333,51.352951],[-116.233333,51.332131],[-116.2,51.332131],[-116.2,51.352951],[-116.183333,51.352951],[-116.183333,51.363357],[-116.216667,51.363357]]}},{"type":"Feature","properties":{"id":"2500"},"geometry":{"type":"LineString","coordinates":[[-116.0,51.436136],[-116.0,51.384163],[-116.016667,51.384163],[-116.016667,51.363357],[-116.0,51.363357],[-116.0,51.352951],[-115.966667,51.352951],[-115.966667,51.321718],[-115.916667,51.321718],[-115.916667,51.332131],[-115.95,51.332131],[-115.95,51.384163],[-115.966667,51.384163],[-115.966667,51.415354],[-115.983333,51.415354],[-115.983333,51.436136],[-116.0,51.436136]]}},{"type":"Feature","properties":{"id":"2500"},"geometry":{"type":"LineString","coordinates":[[-124.416667,51.352951],[-124.416667,51.321718],[-124.4,51.321718],[-124.4,51.352951],[-124.416667,51.352951]]}},{"type":"Feature","properties":{"id":"2500"},"geometry":{"type":"LineString","coordinates":[[-124.316667,51.332131],[-124.316667,51.321718],[-124.266667,51.321718],[-124.266667,51.332131],[-124.316667,51.332131]]}},{"type":"Feature","properties":{"id":"2500"},"geometry":{"type":"LineString","coordinates":[[-117.566667,51.332131],[-117.566667,51.321718],[-117.55,51.321718],[-117.55,51.332131],[-117.566667,51.332131]]}},{"type":"Feature","properties":{"id":"2500"},"geometry":{"type":"LineString","coordinates":[[-115.8,51.332131],[-115.8,51.321718],[-115.783333,51.321718],[-115.783333,51.332131],[-115.8,51.332131]]}},{"type":"Feature","properties":{"id":"2500"},"geometry":{"type":"LineString","coordinates":[[-115.7,51.332131],[-115.7,51.321718],[-115.683333,51.321718],[-115.683333,51.332131],[-115.7,51.332131]]}},{"type":"Feature","properties":{"id":"2500"},"geometry":{"type":"LineString","coordinates":[[-115.45,51.332131],[-115.45,51.321718],[-115.416667,51.321718],[-115.416667,51.332131],[-115.45,51.332131]]}},{"type":"Feature","properties":{"id":"2500"},"geometry":{"type":"LineString","coordinates":[[-124.55,51.352951],[-124.55,51.300884],[-124.533333,51.300884],[-124.533333,51.352951],[-124.55,51.352951]]}},{"type":"Feature","properties":{"id":"2500"},"geometry":{"type":"LineString","coordinates":[[-115.5,51.446523],[-115.5,51.415354],[-115.516667,51.415354],[-115.516667,51.404959],[-115.5,51.404959],[-115.5,51.352951],[-115.516667,51.352951],[-115.516667,51.321718],[-115.483333,51.321718],[-115.483333,51.300884],[-115.466667,51.300884],[-115.466667,51.332131],[-115.483333,51.332131],[-115.483333,51.363357],[-115.466667,51.363357],[-115.466667,51.404959],[-115.483333,51.404959],[-115.483333,51.415354],[-115.466667,51.415354],[-115.466667,51.436136],[-115.483333,51.436136],[-115.483333,51.446523],[-115.5,51.446523]]}},{"type":"Feature","properties":{"id":"2500"},"geometry":{"type":"LineString","coordinates":[[-117.9,51.332131],[-117.9,51.300884],[-117.883333,51.300884],[-117.883333,51.332131],[-117.9,51.332131]]}},{"type":"Feature","properties":{"id":"2500"},"geometry":{"type":"LineString","coordinates":[[-124.383333,51.321718],[-124.383333,51.300884],[-124.366667,51.300884],[-124.366667,51.321718],[-124.383333,51.321718]]}},{"type":"Feature","properties":{"id":"2500"},"geometry":{"type":"LineString","coordinates":[[-118.55,51.321718],[-118.55,51.300884],[-118.5,51.300884],[-118.5,51.321718],[-118.55,51.321718]]}},{"type":"Feature","properties":{"id":"2500"},"geometry":{"type":"LineString","coordinates":[[-116.133333,51.321718],[-116.133333,51.300884],[-116.116667,51.300884],[-116.116667,51.321718],[-116.133333,51.321718]]}},{"type":"Feature","properties":{"id":"2500"},"geometry":{"type":"LineString","coordinates":[[-116.316667,51.415354],[-116.316667,51.404959],[-116.333333,51.404959],[-116.333333,51.384163],[-116.3,51.384163],[-116.3,51.332131],[-116.333333,51.332131],[-116.333333,51.321718],[-116.316667,51.321718],[-116.316667,51.300884],[-116.3,51.300884],[-116.3,51.28004],[-116.283333,51.28004],[-116.283333,51.321718],[-116.266667,51.321718],[-116.266667,51.332131],[-116.283333,51.332131],[-116.283333,51.352951],[-116.266667,51.352951],[-116.266667,51.363357],[-116.283333,51.363357],[-116.283333,51.404959],[-116.266667,51.404959],[-116.266667,51.415354],[-116.316667,51.415354]]}},{"type":"Feature","properties":{"id":"2500"},"geometry":{"type":"LineString","coordinates":[[-125.25,51.384163],[-125.25,51.363357],[-125.283333,51.363357],[-125.283333,51.352951],[-125.25,51.352951],[-125.25,51.332131],[-125.233333,51.332131],[-125.233333,51.321718],[-125.25,51.321718],[-125.25,51.300884],[-125.216667,51.300884],[-125.216667,51.28004],[-125.2,51.28004],[-125.2,51.300884],[-125.116667,51.300884],[-125.116667,51.321718],[-125.133333,51.321718],[-125.133333,51.332131],[-125.2,51.332131],[-125.2,51.352951],[-125.233333,51.352951],[-125.233333,51.384163],[-125.25,51.384163]]}},{"type":"Feature","properties":{"id":"2500"},"geometry":{"type":"LineString","coordinates":[[-125.216667,51.332131],[-125.2,51.332131],[-125.2,51.321718],[-125.216667,51.321718],[-125.216667,51.332131]]}},{"type":"Feature","properties":{"id":"2500"},"geometry":{"type":"LineString","coordinates":[[-115.683333,51.321718],[-115.683333,51.28004],[-115.666667,51.28004],[-115.666667,51.321718],[-115.683333,51.321718]]}},{"type":"Feature","properties":{"id":"2500"},"geometry":{"type":"LineString","coordinates":[[-117.866667,51.300884],[-117.866667,51.28004],[-117.85,51.28004],[-117.85,51.300884],[-117.866667,51.300884]]}},{"type":"Feature","properties":{"id":"2500"},"geometry":{"type":"LineString","coordinates":[[-117.233333,51.300884],[-117.233333,51.28004],[-117.216667,51.28004],[-117.216667,51.300884],[-117.233333,51.300884]]}},{"type":"Feature","properties":{"id":"2500"},"geometry":{"type":"LineString","coordinates":[[-115.783333,51.300884],[-115.783333,51.28004],[-115.766667,51.28004],[-115.766667,51.300884],[-115.783333,51.300884]]}},{"type":"Feature","properties":{"id":"2500"},"geometry":{"type":"LineString","coordinates":[[-115.3,51.300884],[-115.3,51.28004],[-115.283333,51.28004],[-115.283333,51.300884],[-115.3,51.300884]]}},{"type":"Feature","properties":{"id":"2500"},"geometry":{"type":"LineString","coordinates":[[-124.383333,51.28004],[-124.383333,51.269615],[-124.366667,51.269615],[-124.366667,51.28004],[-124.383333,51.28004]]}},{"type":"Feature","properties":{"id":"2500"},"geometry":{"type":"LineString","coordinates":[[-117.216667,51.28004],[-117.216667,51.269615],[-117.2,51.269615],[-117.2,51.28004],[-117.216667,51.28004]]}},{"type":"Feature","properties":{"id":"2500"},"geometry":{"type":"LineString","coordinates":[[-116.35,51.28004],[-116.35,51.269615],[-116.333333,51.269615],[-116.333333,51.28004],[-116.35,51.28004]]}},{"type":"Feature","properties":{"id":"2500"},"geometry":{"type":"LineString","coordinates":[[-115.6,51.28004],[-115.6,51.269615],[-115.583333,51.269615],[-115.583333,51.28004],[-115.6,51.28004]]}},{"type":"Feature","properties":{"id":"2500"},"geometry":{"type":"LineString","coordinates":[[-124.583333,51.300884],[-124.583333,51.248757],[-124.55,51.248757],[-124.55,51.269615],[-124.566667,51.269615],[-124.566667,51.300884],[-124.583333,51.300884]]}},{"type":"Feature","properties":{"id":"2500"},"geometry":{"type":"LineString","coordinates":[[-115.666667,51.28004],[-115.666667,51.248757],[-115.65,51.248757],[-115.65,51.28004],[-115.666667,51.28004]]}},{"type":"Feature","properties":{"id":"2500"},"geometry":{"type":"LineString","coordinates":[[-124.366667,51.269615],[-124.366667,51.248757],[-124.333333,51.248757],[-124.333333,51.269615],[-124.366667,51.269615]]}},{"type":"Feature","properties":{"id":"2500"},"geometry":{"type":"LineString","coordinates":[[-118.55,51.269615],[-118.55,51.248757],[-118.533333,51.248757],[-118.533333,51.269615],[-118.55,51.269615]]}},{"type":"Feature","properties":{"id":"2500"},"geometry":{"type":"LineString","coordinates":[[-116.533333,51.28004],[-116.533333,51.269615],[-116.55,51.269615],[-116.55,51.248757],[-116.483333,51.248757],[-116.483333,51.269615],[-116.516667,51.269615],[-116.516667,51.28004],[-116.533333,51.28004]]}},{"type":"Feature","properties":{"id":"2500"},"geometry":{"type":"LineString","coordinates":[[-116.266667,51.321718],[-116.266667,51.300884],[-116.25,51.300884],[-116.25,51.28004],[-116.216667,51.28004],[-116.216667,51.269615],[-116.183333,51.269615],[-116.183333,51.28004],[-116.166667,51.28004],[-116.166667,51.248757],[-116.15,51.248757],[-116.15,51.238325],[-116.133333,51.238325],[-116.133333,51.300884],[-116.166667,51.300884],[-116.166667,51.321718],[-116.183333,51.321718],[-116.183333,51.300884],[-116.233333,51.300884],[-116.233333,51.321718],[-116.266667,51.321718]]}},{"type":"Feature","properties":{"id":"2500"},"geometry":{"type":"LineString","coordinates":[[-115.583333,51.269615],[-115.583333,51.238325],[-115.55,51.238325],[-115.55,51.248757],[-115.566667,51.248757],[-115.566667,51.269615],[-115.583333,51.269615]]}},{"type":"Feature","properties":{"id":"2500"},"geometry":{"type":"LineString","coordinates":[[-115.733333,51.248757],[-115.733333,51.238325],[-115.716667,51.238325],[-115.716667,51.248757],[-115.733333,51.248757]]}},{"type":"Feature","properties":{"id":"2500"},"geometry":{"type":"LineString","coordinates":[[-115.433333,51.248757],[-115.433333,51.238325],[-115.416667,51.238325],[-115.416667,51.248757],[-115.433333,51.248757]]}},{"type":"Feature","properties":{"id":"2500"},"geometry":{"type":"LineString","coordinates":[[-123.5,51.248757],[-123.5,51.238325],[-123.483333,51.238325],[-123.483333,51.217453],[-123.433333,51.217453],[-123.433333,51.238325],[-123.466667,51.238325],[-123.466667,51.248757],[-123.5,51.248757]]}},{"type":"Feature","properties":{"id":"2500"},"geometry":{"type":"LineString","coordinates":[[-116.516667,51.238325],[-116.516667,51.196571],[-116.5,51.196571],[-116.5,51.238325],[-116.516667,51.238325]]}},{"type":"Feature","properties":{"id":"2500"},"geometry":{"type":"LineString","coordinates":[[-116.433333,51.238325],[-116.433333,51.196571],[-116.4,51.196571],[-116.4,51.217453],[-116.416667,51.217453],[-116.416667,51.238325],[-116.433333,51.238325]]}},{"type":"Feature","properties":{"id":"2500"},"geometry":{"type":"LineString","coordinates":[[-117.133333,51.217453],[-117.133333,51.196571],[-117.116667,51.196571],[-117.116667,51.217453],[-117.133333,51.217453]]}},{"type":"Feature","properties":{"id":"2500"},"geometry":{"type":"LineString","coordinates":[[-116.35,51.217453],[-116.35,51.196571],[-116.333333,51.196571],[-116.333333,51.217453],[-116.35,51.217453]]}},{"type":"Feature","properties":{"id":"2500"},"geometry":{"type":"LineString","coordinates":[[-115.383333,51.217453],[-115.383333,51.196571],[-115.366667,51.196571],[-115.366667,51.217453],[-115.383333,51.217453]]}},{"type":"Feature","properties":{"id":"2500"},"geometry":{"type":"LineString","coordinates":[[-123.35,51.248757],[-123.35,51.238325],[-123.333333,51.238325],[-123.333333,51.196571],[-123.316667,51.196571],[-123.316667,51.186127],[-123.283333,51.186127],[-123.283333,51.196571],[-123.3,51.196571],[-123.3,51.217453],[-123.316667,51.217453],[-123.316667,51.248757],[-123.35,51.248757]]}},{"type":"Feature","properties":{"id":"2500"},"geometry":{"type":"LineString","coordinates":[[-117.433333,51.269615],[-117.433333,51.238325],[-117.45,51.238325],[-117.45,51.196571],[-117.433333,51.196571],[-117.433333,51.217453],[-117.416667,51.217453],[-117.416667,51.196571],[-117.4,51.196571],[-117.4,51.186127],[-117.383333,51.186127],[-117.383333,51.217453],[-117.4,51.217453],[-117.4,51.238325],[-117.416667,51.238325],[-117.416667,51.269615],[-117.433333,51.269615]]}},{"type":"Feature","properties":{"id":"2500"},"geometry":{"type":"LineString","coordinates":[[-123.433333,51.217453],[-123.433333,51.196571],[-123.416667,51.196571],[-123.416667,51.186127],[-123.4,51.186127],[-123.4,51.217453],[-123.433333,51.217453]]}},{"type":"Feature","properties":{"id":"2500"},"geometry":{"type":"LineString","coordinates":[[-117.583333,51.217453],[-117.583333,51.196571],[-117.55,51.196571],[-117.55,51.186127],[-117.533333,51.186127],[-117.533333,51.196571],[-117.516667,51.196571],[-117.516667,51.217453],[-117.583333,51.217453]]}},{"type":"Feature","properties":{"id":"2500"},"geometry":{"type":"LineString","coordinates":[[-125.3,51.196571],[-125.3,51.186127],[-125.283333,51.186127],[-125.283333,51.196571],[-125.3,51.196571]]}},{"type":"Feature","properties":{"id":"2500"},"geometry":{"type":"LineString","coordinates":[[-123.266667,51.196571],[-123.266667,51.186127],[-123.233333,51.186127],[-123.233333,51.196571],[-123.266667,51.196571]]}},{"type":"Feature","properties":{"id":"2500"},"geometry":{"type":"LineString","coordinates":[[-116.35,51.186127],[-116.35,51.165232],[-116.333333,51.165232],[-116.333333,51.186127],[-116.35,51.186127]]}},{"type":"Feature","properties":{"id":"2500"},"geometry":{"type":"LineString","coordinates":[[-116.316667,51.186127],[-116.316667,51.15478],[-116.283333,51.15478],[-116.283333,51.186127],[-116.316667,51.186127]]}},{"type":"Feature","properties":{"id":"2500"},"geometry":{"type":"LineString","coordinates":[[-115.833333,51.186127],[-115.833333,51.15478],[-115.816667,51.15478],[-115.816667,51.186127],[-115.833333,51.186127]]}},{"type":"Feature","properties":{"id":"2500"},"geometry":{"type":"LineString","coordinates":[[-125.3,51.165232],[-125.3,51.15478],[-125.183333,51.15478],[-125.183333,51.165232],[-125.3,51.165232]]}},{"type":"Feature","properties":{"id":"2500"},"geometry":{"type":"LineString","coordinates":[[-116.4,51.196571],[-116.4,51.13387],[-116.383333,51.13387],[-116.383333,51.186127],[-116.366667,51.186127],[-116.366667,51.196571],[-116.4,51.196571]]}},{"type":"Feature","properties":{"id":"2500"},"geometry":{"type":"LineString","coordinates":[[-124.116667,51.165232],[-124.116667,51.13387],[-124.1,51.13387],[-124.1,51.165232],[-124.116667,51.165232]]}},{"type":"Feature","properties":{"id":"2500"},"geometry":{"type":"LineString","coordinates":[[-124.466667,51.15478],[-124.466667,51.13387],[-124.45,51.13387],[-124.45,51.15478],[-124.466667,51.15478]]}},{"type":"Feature","properties":{"id":"2500"},"geometry":{"type":"LineString","coordinates":[[-124.183333,51.15478],[-124.183333,51.13387],[-124.15,51.13387],[-124.15,51.15478],[-124.183333,51.15478]]}},{"type":"Feature","properties":{"id":"2500"},"geometry":{"type":"LineString","coordinates":[[-115.816667,51.15478],[-115.816667,51.13387],[-115.8,51.13387],[-115.8,51.15478],[-115.816667,51.15478]]}},{"type":"Feature","properties":{"id":"2500"},"geometry":{"type":"LineString","coordinates":[[-115.5,51.15478],[-115.5,51.13387],[-115.483333,51.13387],[-115.483333,51.15478],[-115.5,51.15478]]}},{"type":"Feature","properties":{"id":"2500"},"geometry":{"type":"LineString","coordinates":[[-116.016667,51.217453],[-116.016667,51.196571],[-116.033333,51.196571],[-116.033333,51.186127],[-116.066667,51.186127],[-116.066667,51.165232],[-116.05,51.165232],[-116.05,51.13387],[-116.016667,51.13387],[-116.016667,51.112951],[-116.0,51.112951],[-116.0,51.165232],[-116.016667,51.165232],[-116.016667,51.186127],[-115.983333,51.186127],[-115.983333,51.196571],[-116.0,51.196571],[-116.0,51.217453],[-116.016667,51.217453]]}},{"type":"Feature","properties":{"id":"2500"},"geometry":{"type":"LineString","coordinates":[[-116.266667,51.13387],[-116.266667,51.112951],[-116.25,51.112951],[-116.25,51.13387],[-116.266667,51.13387]]}},{"type":"Feature","properties":{"id":"2500"},"geometry":{"type":"LineString","coordinates":[[-115.483333,51.13387],[-115.483333,51.112951],[-115.466667,51.112951],[-115.466667,51.13387],[-115.483333,51.13387]]}},{"type":"Feature","properties":{"id":"2500"},"geometry":{"type":"LineString","coordinates":[[-123.666667,51.13387],[-123.666667,51.102488],[-123.65,51.102488],[-123.65,51.13387],[-123.666667,51.13387]]}},{"type":"Feature","properties":{"id":"2500"},"geometry":{"type":"LineString","coordinates":[[-116.25,51.112951],[-116.25,51.102488],[-116.233333,51.102488],[-116.233333,51.112951],[-116.25,51.112951]]}},{"type":"Feature","properties":{"id":"2500"},"geometry":{"type":"LineString","coordinates":[[-115.966667,51.112951],[-115.966667,51.102488],[-115.95,51.102488],[-115.95,51.112951],[-115.966667,51.112951]]}},{"type":"Feature","properties":{"id":"2500"},"geometry":{"type":"LineString","coordinates":[[-124.116667,51.102488],[-124.116667,51.081555],[-124.1,51.081555],[-124.1,51.102488],[-124.116667,51.102488]]}},{"type":"Feature","properties":{"id":"2500"},"geometry":{"type":"LineString","coordinates":[[-123.166667,51.102488],[-123.166667,51.081555],[-123.15,51.081555],[-123.15,51.102488],[-123.166667,51.102488]]}},{"type":"Feature","properties":{"id":"2500"},"geometry":{"type":"LineString","coordinates":[[-116.216667,51.102488],[-116.216667,51.081555],[-116.2,51.081555],[-116.2,51.102488],[-116.216667,51.102488]]}},{"type":"Feature","properties":{"id":"2500"},"geometry":{"type":"LineString","coordinates":[[-115.933333,51.102488],[-115.933333,51.081555],[-115.916667,51.081555],[-115.916667,51.102488],[-115.933333,51.102488]]}},{"type":"Feature","properties":{"id":"2500"},"geometry":{"type":"LineString","coordinates":[[-115.633333,51.102488],[-115.633333,51.081555],[-115.616667,51.081555],[-115.616667,51.102488],[-115.633333,51.102488]]}},{"type":"Feature","properties":{"id":"2500"},"geometry":{"type":"LineString","coordinates":[[-123.233333,51.13387],[-123.233333,51.112951],[-123.25,51.112951],[-123.25,51.102488],[-123.233333,51.102488],[-123.233333,51.081555],[-123.216667,51.081555],[-123.216667,51.071084],[-123.2,51.071084],[-123.2,51.102488],[-123.216667,51.102488],[-123.216667,51.13387],[-123.233333,51.13387]]}},{"type":"Feature","properties":{"id":"2500"},"geometry":{"type":"LineString","coordinates":[[-117.716667,51.081555],[-117.716667,51.071084],[-117.7,51.071084],[-117.7,51.081555],[-117.716667,51.081555]]}},{"type":"Feature","properties":{"id":"2500"},"geometry":{"type":"LineString","coordinates":[[-117.666667,51.081555],[-117.666667,51.071084],[-117.633333,51.071084],[-117.633333,51.081555],[-117.666667,51.081555]]}},{"type":"Feature","properties":{"id":"2500"},"geometry":{"type":"LineString","coordinates":[[-117.333333,51.081555],[-117.333333,51.071084],[-117.316667,51.071084],[-117.316667,51.081555],[-117.333333,51.081555]]}},{"type":"Feature","properties":{"id":"2500"},"geometry":{"type":"LineString","coordinates":[[-117.066667,51.081555],[-117.066667,51.071084],[-117.033333,51.071084],[-117.033333,51.081555],[-117.066667,51.081555]]}},{"type":"Feature","properties":{"id":"2500"},"geometry":{"type":"LineString","coordinates":[[-123.916667,51.102488],[-123.916667,51.050137],[-123.9,51.050137],[-123.9,51.071084],[-123.883333,51.071084],[-123.883333,51.081555],[-123.9,51.081555],[-123.9,51.102488],[-123.916667,51.102488]]}},{"type":"Feature","properties":{"id":"2500"},"geometry":{"type":"LineString","coordinates":[[-122.6,51.071084],[-122.6,51.050137],[-122.583333,51.050137],[-122.583333,51.071084],[-122.6,51.071084]]}},{"type":"Feature","properties":{"id":"2500"},"geometry":{"type":"LineString","coordinates":[[-117.516667,51.071084],[-117.516667,51.050137],[-117.5,51.050137],[-117.5,51.071084],[-117.516667,51.071084]]}},{"type":"Feature","properties":{"id":"2500"},"geometry":{"type":"LineString","coordinates":[[-116.183333,51.071084],[-116.183333,51.050137],[-116.15,51.050137],[-116.15,51.071084],[-116.183333,51.071084]]}},{"type":"Feature","properties":{"id":"2500"},"geometry":{"type":"LineString","coordinates":[[-123.666667,51.050137],[-123.666667,51.029179],[-123.65,51.029179],[-123.65,51.050137],[-123.666667,51.050137]]}},{"type":"Feature","properties":{"id":"2500"},"geometry":{"type":"LineString","coordinates":[[-117.866667,51.050137],[-117.866667,51.029179],[-117.833333,51.029179],[-117.833333,51.050137],[-117.866667,51.050137]]}},{"type":"Feature","properties":{"id":"2500"},"geometry":{"type":"LineString","coordinates":[[-117.116667,51.050137],[-117.116667,51.029179],[-117.1,51.029179],[-117.1,51.050137],[-117.116667,51.050137]]}},{"type":"Feature","properties":{"id":"2500"},"geometry":{"type":"LineString","coordinates":[[-115.716667,51.050137],[-115.716667,51.029179],[-115.7,51.029179],[-115.7,51.050137],[-115.716667,51.050137]]}},{"type":"Feature","properties":{"id":"2500"},"geometry":{"type":"LineString","coordinates":[[-115.583333,51.050137],[-115.583333,51.029179],[-115.566667,51.029179],[-115.566667,51.050137],[-115.583333,51.050137]]}},{"type":"Feature","properties":{"id":"2500"},"geometry":{"type":"LineString","coordinates":[[-117.433333,51.186127],[-117.433333,51.15478],[-117.45,51.15478],[-117.45,51.13387],[-117.433333,51.13387],[-117.433333,51.112951],[-117.466667,51.112951],[-117.466667,51.102488],[-117.483333,51.102488],[-117.483333,51.081555],[-117.466667,51.081555],[-117.466667,51.071084],[-117.483333,51.071084],[-117.483333,51.050137],[-117.45,51.050137],[-117.45,51.102488],[-117.4,51.102488],[-117.4,51.071084],[-117.383333,51.071084],[-117.383333,51.050137],[-117.366667,51.050137],[-117.366667,51.018697],[-117.333333,51.018697],[-117.333333,51.029179],[-117.3,51.029179],[-117.3,51.050137],[-117.333333,51.050137],[-117.333333,51.071084],[-117.366667,51.071084],[-117.366667,51.102488],[-117.35,51.102488],[-117.35,51.112951],[-117.333333,51.112951],[-117.333333,51.13387],[-117.35,51.13387],[-117.35,51.15478],[-117.366667,51.15478],[-117.366667,51.13387],[-117.383333,51.13387],[-117.383333,51.15478],[-117.4,51.15478],[-117.4,51.165232],[-117.416667,51.165232],[-117.416667,51.186127],[-117.433333,51.186127]]}},{"type":"Feature","properties":{"id":"2500"},"geometry":{"type":"LineString","coordinates":[[-117.766667,51.029179],[-117.766667,51.018697],[-117.75,51.018697],[-117.75,51.029179],[-117.766667,51.029179]]}},{"type":"Feature","properties":{"id":"2500"},"geometry":{"type":"LineString","coordinates":[[-117.183333,51.029179],[-117.183333,51.018697],[-117.133333,51.018697],[-117.133333,51.029179],[-117.183333,51.029179]]}},{"type":"Feature","properties":{"id":"2500"},"geometry":{"type":"LineString","coordinates":[[-115.7,51.029179],[-115.7,51.018697],[-115.683333,51.018697],[-115.683333,51.029179],[-115.7,51.029179]]}},{"type":"Feature","properties":{"id":"2500"},"geometry":{"type":"LineString","coordinates":[[-115.683333,51.018697],[-115.683333,50.997726],[-115.666667,50.997726],[-115.666667,51.018697],[-115.683333,51.018697]]}},{"type":"Feature","properties":{"id":"2500"},"geometry":{"type":"LineString","coordinates":[[-115.65,51.018697],[-115.65,50.997726],[-115.633333,50.997726],[-115.633333,51.018697],[-115.65,51.018697]]}},{"type":"Feature","properties":{"id":"2500"},"geometry":{"type":"LineString","coordinates":[[-115.55,51.018697],[-115.55,50.997726],[-115.533333,50.997726],[-115.533333,51.018697],[-115.55,51.018697]]}},{"type":"Feature","properties":{"id":"2500"},"geometry":{"type":"LineString","coordinates":[[-117.4,50.997726],[-117.4,50.987237],[-117.383333,50.987237],[-117.383333,50.997726],[-117.4,50.997726]]}},{"type":"Feature","properties":{"id":"2500"},"geometry":{"type":"LineString","coordinates":[[-115.666667,50.997726],[-115.666667,50.987237],[-115.65,50.987237],[-115.65,50.997726],[-115.666667,50.997726]]}},{"type":"Feature","properties":{"id":"2500"},"geometry":{"type":"LineString","coordinates":[[-115.616667,50.997726],[-115.616667,50.987237],[-115.6,50.987237],[-115.6,50.997726],[-115.616667,50.997726]]}},{"type":"Feature","properties":{"id":"2500"},"geometry":{"type":"LineString","coordinates":[[-124.533333,50.997726],[-124.533333,50.987237],[-124.55,50.987237],[-124.55,50.966251],[-124.5,50.966251],[-124.5,50.987237],[-124.516667,50.987237],[-124.516667,50.997726],[-124.533333,50.997726]]}},{"type":"Feature","properties":{"id":"2500"},"geometry":{"type":"LineString","coordinates":[[-123.683333,50.987237],[-123.683333,50.966251],[-123.666667,50.966251],[-123.666667,50.987237],[-123.683333,50.987237]]}},{"type":"Feature","properties":{"id":"2500"},"geometry":{"type":"LineString","coordinates":[[-122.566667,50.987237],[-122.566667,50.966251],[-122.55,50.966251],[-122.55,50.987237],[-122.566667,50.987237]]}},{"type":"Feature","properties":{"id":"2500"},"geometry":{"type":"LineString","coordinates":[[-117.116667,50.987237],[-117.116667,50.966251],[-117.066667,50.966251],[-117.066667,50.987237],[-117.116667,50.987237]]}},{"type":"Feature","properties":{"id":"2500"},"geometry":{"type":"LineString","coordinates":[[-115.75,50.987237],[-115.75,50.966251],[-115.733333,50.966251],[-115.733333,50.987237],[-115.75,50.987237]]}},{"type":"Feature","properties":{"id":"2500"},"geometry":{"type":"LineString","coordinates":[[-115.633333,50.987237],[-115.633333,50.966251],[-115.616667,50.966251],[-115.616667,50.987237],[-115.633333,50.987237]]}},{"type":"Feature","properties":{"id":"2500"},"geometry":{"type":"LineString","coordinates":[[-115.283333,50.987237],[-115.283333,50.966251],[-115.266667,50.966251],[-115.266667,50.987237],[-115.283333,50.987237]]}},{"type":"Feature","properties":{"id":"2500"},"geometry":{"type":"LineString","coordinates":[[-123.75,51.112951],[-123.75,51.071084],[-123.766667,51.071084],[-123.766667,51.081555],[-123.783333,51.081555],[-123.783333,51.102488],[-123.8,51.102488],[-123.8,51.050137],[-123.783333,51.050137],[-123.783333,51.018697],[-123.8,51.018697],[-123.8,50.987237],[-123.75,50.987237],[-123.75,50.966251],[-123.783333,50.966251],[-123.783333,50.945256],[-123.7,50.945256],[-123.7,50.966251],[-123.716667,50.966251],[-123.716667,50.997726],[-123.683333,50.997726],[-123.683333,51.029179],[-123.733333,51.029179],[-123.733333,51.050137],[-123.716667,51.050137],[-123.716667,51.081555],[-123.666667,51.081555],[-123.666667,51.102488],[-123.733333,51.102488],[-123.733333,51.112951],[-123.75,51.112951]]}},{"type":"Feature","properties":{"id":"2500"},"geometry":{"type":"LineString","coordinates":[[-123.783333,51.018697],[-123.75,51.018697],[-123.75,50.997726],[-123.783333,50.997726],[-123.783333,51.018697]]}},{"type":"Feature","properties":{"id":"2500"},"geometry":{"type":"LineString","coordinates":[[-122.55,50.966251],[-122.55,50.945256],[-122.533333,50.945256],[-122.533333,50.966251],[-122.55,50.966251]]}},{"type":"Feature","properties":{"id":"2500"},"geometry":{"type":"LineString","coordinates":[[-117.133333,50.966251],[-117.133333,50.945256],[-117.116667,50.945256],[-117.116667,50.966251],[-117.133333,50.966251]]}},{"type":"Feature","properties":{"id":"2500"},"geometry":{"type":"LineString","coordinates":[[-115.733333,50.966251],[-115.733333,50.945256],[-115.716667,50.945256],[-115.716667,50.966251],[-115.733333,50.966251]]}},{"type":"Feature","properties":{"id":"2500"},"geometry":{"type":"LineString","coordinates":[[-115.6,50.966251],[-115.6,50.945256],[-115.583333,50.945256],[-115.583333,50.966251],[-115.6,50.966251]]}},{"type":"Feature","properties":{"id":"2500"},"geometry":{"type":"LineString","coordinates":[[-115.4,50.966251],[-115.4,50.945256],[-115.383333,50.945256],[-115.383333,50.966251],[-115.4,50.966251]]}},{"type":"Feature","properties":{"id":"2500"},"geometry":{"type":"LineString","coordinates":[[-115.233333,50.966251],[-115.233333,50.945256],[-115.216667,50.945256],[-115.216667,50.966251],[-115.233333,50.966251]]}},{"type":"Feature","properties":{"id":"2500"},"geometry":{"type":"LineString","coordinates":[[-117.45,50.966251],[-117.45,50.934755],[-117.433333,50.934755],[-117.433333,50.945256],[-117.366667,50.945256],[-117.366667,50.966251],[-117.45,50.966251]]}},{"type":"Feature","properties":{"id":"2500"},"geometry":{"type":"LineString","coordinates":[[-117.05,50.966251],[-117.05,50.934755],[-117.033333,50.934755],[-117.033333,50.945256],[-117.0,50.945256],[-117.0,50.966251],[-117.05,50.966251]]}},{"type":"Feature","properties":{"id":"2500"},"geometry":{"type":"LineString","coordinates":[[-123.883333,50.945256],[-123.883333,50.934755],[-123.866667,50.934755],[-123.866667,50.945256],[-123.883333,50.945256]]}},{"type":"Feature","properties":{"id":"2500"},"geometry":{"type":"LineString","coordinates":[[-122.466667,50.945256],[-122.466667,50.934755],[-122.45,50.934755],[-122.45,50.945256],[-122.466667,50.945256]]}},{"type":"Feature","properties":{"id":"2500"},"geometry":{"type":"LineString","coordinates":[[-115.716667,50.945256],[-115.716667,50.934755],[-115.683333,50.934755],[-115.683333,50.945256],[-115.716667,50.945256]]}},{"type":"Feature","properties":{"id":"2500"},"geometry":{"type":"LineString","coordinates":[[-115.383333,50.945256],[-115.383333,50.934755],[-115.366667,50.934755],[-115.366667,50.945256],[-115.383333,50.945256]]}},{"type":"Feature","properties":{"id":"2500"},"geometry":{"type":"LineString","coordinates":[[-115.533333,50.966251],[-115.533333,50.934755],[-115.516667,50.934755],[-115.516667,50.913745],[-115.5,50.913745],[-115.5,50.945256],[-115.516667,50.945256],[-115.516667,50.966251],[-115.533333,50.966251]]}},{"type":"Feature","properties":{"id":"2500"},"geometry":{"type":"LineString","coordinates":[[-116.783333,50.934755],[-116.783333,50.913745],[-116.766667,50.913745],[-116.766667,50.934755],[-116.783333,50.934755]]}},{"type":"Feature","properties":{"id":"2500"},"geometry":{"type":"LineString","coordinates":[[-115.766667,50.934755],[-115.766667,50.913745],[-115.733333,50.913745],[-115.733333,50.934755],[-115.766667,50.934755]]}},{"type":"Feature","properties":{"id":"2500"},"geometry":{"type":"LineString","coordinates":[[-124.283333,50.913745],[-124.283333,50.903237],[-124.266667,50.903237],[-124.266667,50.913745],[-124.283333,50.913745]]}},{"type":"Feature","properties":{"id":"2500"},"geometry":{"type":"LineString","coordinates":[[-115.816667,50.913745],[-115.816667,50.903237],[-115.8,50.903237],[-115.8,50.913745],[-115.816667,50.913745]]}},{"type":"Feature","properties":{"id":"2500"},"geometry":{"type":"LineString","coordinates":[[-115.5,50.913745],[-115.5,50.903237],[-115.483333,50.903237],[-115.483333,50.913745],[-115.5,50.913745]]}},{"type":"Feature","properties":{"id":"2500"},"geometry":{"type":"LineString","coordinates":[[-115.266667,50.966251],[-115.266667,50.945256],[-115.283333,50.945256],[-115.283333,50.934755],[-115.266667,50.934755],[-115.266667,50.913745],[-115.283333,50.913745],[-115.283333,50.903237],[-115.233333,50.903237],[-115.233333,50.913745],[-115.25,50.913745],[-115.25,50.966251],[-115.266667,50.966251]]}},{"type":"Feature","properties":{"id":"2500"},"geometry":{"type":"LineString","coordinates":[[-117.266667,50.945256],[-117.266667,50.934755],[-117.3,50.934755],[-117.3,50.913745],[-117.283333,50.913745],[-117.283333,50.903237],[-117.266667,50.903237],[-117.266667,50.882214],[-117.25,50.882214],[-117.25,50.945256],[-117.266667,50.945256]]}},{"type":"Feature","properties":{"id":"2500"},"geometry":{"type":"LineString","coordinates":[[-115.583333,50.913745],[-115.583333,50.882214],[-115.566667,50.882214],[-115.566667,50.913745],[-115.583333,50.913745]]}},{"type":"Feature","properties":{"id":"2500"},"geometry":{"type":"LineString","coordinates":[[-117.416667,50.903237],[-117.416667,50.882214],[-117.4,50.882214],[-117.4,50.903237],[-117.416667,50.903237]]}},{"type":"Feature","properties":{"id":"2500"},"geometry":{"type":"LineString","coordinates":[[-117.383333,50.903237],[-117.383333,50.882214],[-117.366667,50.882214],[-117.366667,50.903237],[-117.383333,50.903237]]}},{"type":"Feature","properties":{"id":"2500"},"geometry":{"type":"LineString","coordinates":[[-115.2,50.903237],[-115.2,50.882214],[-115.183333,50.882214],[-115.183333,50.903237],[-115.2,50.903237]]}},{"type":"Feature","properties":{"id":"2500"},"geometry":{"type":"LineString","coordinates":[[-116.85,50.903237],[-116.85,50.882214],[-116.833333,50.882214],[-116.833333,50.871698],[-116.816667,50.871698],[-116.816667,50.882214],[-116.8,50.882214],[-116.8,50.903237],[-116.85,50.903237]]}},{"type":"Feature","properties":{"id":"2500"},"geometry":{"type":"LineString","coordinates":[[-115.933333,50.903237],[-115.933333,50.871698],[-115.916667,50.871698],[-115.916667,50.903237],[-115.933333,50.903237]]}},{"type":"Feature","properties":{"id":"2500"},"geometry":{"type":"LineString","coordinates":[[-115.816667,50.882214],[-115.816667,50.871698],[-115.8,50.871698],[-115.8,50.882214],[-115.816667,50.882214]]}},{"type":"Feature","properties":{"id":"2500"},"geometry":{"type":"LineString","coordinates":[[-115.283333,50.882214],[-115.283333,50.871698],[-115.266667,50.871698],[-115.266667,50.882214],[-115.283333,50.882214]]}},{"type":"Feature","properties":{"id":"2500"},"geometry":{"type":"LineString","coordinates":[[-124.266667,50.903237],[-124.266667,50.882214],[-124.283333,50.882214],[-124.283333,50.871698],[-124.266667,50.871698],[-124.266667,50.850661],[-124.233333,50.850661],[-124.233333,50.871698],[-124.25,50.871698],[-124.25,50.882214],[-124.216667,50.882214],[-124.216667,50.903237],[-124.266667,50.903237]]}},{"type":"Feature","properties":{"id":"2500"},"geometry":{"type":"LineString","coordinates":[[-116.966667,50.871698],[-116.966667,50.850661],[-116.95,50.850661],[-116.95,50.871698],[-116.966667,50.871698]]}},{"type":"Feature","properties":{"id":"2500"},"geometry":{"type":"LineString","coordinates":[[-116.783333,50.871698],[-116.783333,50.850661],[-116.766667,50.850661],[-116.766667,50.871698],[-116.783333,50.871698]]}},{"type":"Feature","properties":{"id":"2500"},"geometry":{"type":"LineString","coordinates":[[-115.316667,50.871698],[-115.316667,50.850661],[-115.283333,50.850661],[-115.283333,50.871698],[-115.316667,50.871698]]}},{"type":"Feature","properties":{"id":"2500"},"geometry":{"type":"LineString","coordinates":[[-115.666667,50.903237],[-115.666667,50.882214],[-115.7,50.882214],[-115.7,50.871698],[-115.666667,50.871698],[-115.666667,50.850661],[-115.65,50.850661],[-115.65,50.829613],[-115.6,50.829613],[-115.6,50.850661],[-115.633333,50.850661],[-115.633333,50.871698],[-115.616667,50.871698],[-115.616667,50.882214],[-115.65,50.882214],[-115.65,50.903237],[-115.666667,50.903237]]}},{"type":"Feature","properties":{"id":"2500"},"geometry":{"type":"LineString","coordinates":[[-123.866667,50.871698],[-123.866667,50.850661],[-123.883333,50.850661],[-123.883333,50.829613],[-123.833333,50.829613],[-123.833333,50.850661],[-123.85,50.850661],[-123.85,50.871698],[-123.866667,50.871698]]}},{"type":"Feature","properties":{"id":"2500"},"geometry":{"type":"LineString","coordinates":[[-116.7,50.913745],[-116.7,50.903237],[-116.716667,50.903237],[-116.716667,50.882214],[-116.75,50.882214],[-116.75,50.871698],[-116.733333,50.871698],[-116.733333,50.850661],[-116.766667,50.850661],[-116.766667,50.829613],[-116.7,50.829613],[-116.7,50.850661],[-116.716667,50.850661],[-116.716667,50.871698],[-116.7,50.871698],[-116.7,50.882214],[-116.683333,50.882214],[-116.683333,50.913745],[-116.7,50.913745]]}},{"type":"Feature","properties":{"id":"2500"},"geometry":{"type":"LineString","coordinates":[[-123.833333,50.829613],[-123.833333,50.819086],[-123.816667,50.819086],[-123.816667,50.829613],[-123.833333,50.829613]]}},{"type":"Feature","properties":{"id":"2500"},"geometry":{"type":"LineString","coordinates":[[-117.266667,50.829613],[-117.266667,50.819086],[-117.25,50.819086],[-117.25,50.829613],[-117.266667,50.829613]]}},{"type":"Feature","properties":{"id":"2500"},"geometry":{"type":"LineString","coordinates":[[-117.066667,50.829613],[-117.066667,50.819086],[-117.05,50.819086],[-117.05,50.829613],[-117.066667,50.829613]]}},{"type":"Feature","properties":{"id":"2500"},"geometry":{"type":"LineString","coordinates":[[-115.533333,50.829613],[-115.533333,50.819086],[-115.516667,50.819086],[-115.516667,50.829613],[-115.533333,50.829613]]}},{"type":"Feature","properties":{"id":"2500"},"geometry":{"type":"LineString","coordinates":[[-116.566667,50.819086],[-116.566667,50.798025],[-116.55,50.798025],[-116.55,50.819086],[-116.566667,50.819086]]}},{"type":"Feature","properties":{"id":"2500"},"geometry":{"type":"LineString","coordinates":[[-115.883333,50.819086],[-115.883333,50.798025],[-115.866667,50.798025],[-115.866667,50.819086],[-115.883333,50.819086]]}},{"type":"Feature","properties":{"id":"2500"},"geometry":{"type":"LineString","coordinates":[[-123.85,50.934755],[-123.85,50.903237],[-123.783333,50.903237],[-123.783333,50.882214],[-123.8,50.882214],[-123.8,50.871698],[-123.733333,50.871698],[-123.733333,50.850661],[-123.766667,50.850661],[-123.766667,50.829613],[-123.75,50.829613],[-123.75,50.819086],[-123.733333,50.819086],[-123.733333,50.78749],[-123.683333,50.78749],[-123.683333,50.798025],[-123.7,50.798025],[-123.7,50.819086],[-123.683333,50.819086],[-123.683333,50.850661],[-123.65,50.850661],[-123.65,50.903237],[-123.733333,50.903237],[-123.733333,50.913745],[-123.75,50.913745],[-123.75,50.934755],[-123.766667,50.934755],[-123.766667,50.913745],[-123.816667,50.913745],[-123.816667,50.934755],[-123.85,50.934755]]}},{"type":"Feature","properties":{"id":"2500"},"geometry":{"type":"LineString","coordinates":[[-123.733333,50.882214],[-123.716667,50.882214],[-123.716667,50.871698],[-123.733333,50.871698],[-123.733333,50.882214]]}},{"type":"Feature","properties":{"id":"2500"},"geometry":{"type":"LineString","coordinates":[[-116.616667,50.829613],[-116.616667,50.78749],[-116.6,50.78749],[-116.6,50.798025],[-116.583333,50.798025],[-116.583333,50.819086],[-116.6,50.819086],[-116.6,50.829613],[-116.616667,50.829613]]}},{"type":"Feature","properties":{"id":"2500"},"geometry":{"type":"LineString","coordinates":[[-115.283333,50.850661],[-115.283333,50.829613],[-115.3,50.829613],[-115.3,50.819086],[-115.266667,50.819086],[-115.266667,50.798025],[-115.25,50.798025],[-115.25,50.78749],[-115.233333,50.78749],[-115.233333,50.798025],[-115.216667,50.798025],[-115.216667,50.819086],[-115.233333,50.819086],[-115.233333,50.829613],[-115.266667,50.829613],[-115.266667,50.850661],[-115.283333,50.850661]]}},{"type":"Feature","properties":{"id":"2500"},"geometry":{"type":"LineString","coordinates":[[-115.05,50.819086],[-115.05,50.798025],[-115.033333,50.798025],[-115.033333,50.78749],[-115.016667,50.78749],[-115.016667,50.819086],[-115.05,50.819086]]}},{"type":"Feature","properties":{"id":"2500"},"geometry":{"type":"LineString","coordinates":[[-124.133333,50.829613],[-124.133333,50.798025],[-124.15,50.798025],[-124.15,50.78749],[-124.1,50.78749],[-124.1,50.798025],[-124.116667,50.798025],[-124.116667,50.829613],[-124.133333,50.829613]]}},{"type":"Feature","properties":{"id":"2500"},"geometry":{"type":"LineString","coordinates":[[-117.066667,50.798025],[-117.066667,50.78749],[-117.05,50.78749],[-117.05,50.798025],[-117.066667,50.798025]]}},{"type":"Feature","properties":{"id":"2500"},"geometry":{"type":"LineString","coordinates":[[-115.866667,50.798025],[-115.866667,50.78749],[-115.85,50.78749],[-115.85,50.798025],[-115.866667,50.798025]]}},{"type":"Feature","properties":{"id":"2500"},"geometry":{"type":"LineString","coordinates":[[-115.116667,50.798025],[-115.116667,50.78749],[-115.1,50.78749],[-115.1,50.798025],[-115.116667,50.798025]]}},{"type":"Feature","properties":{"id":"2500"},"geometry":{"type":"LineString","coordinates":[[-115.216667,50.798025],[-115.216667,50.766414],[-115.2,50.766414],[-115.2,50.798025],[-115.216667,50.798025]]}},{"type":"Feature","properties":{"id":"2500"},"geometry":{"type":"LineString","coordinates":[[-116.566667,50.78749],[-116.566667,50.766414],[-116.533333,50.766414],[-116.533333,50.78749],[-116.566667,50.78749]]}},{"type":"Feature","properties":{"id":"2500"},"geometry":{"type":"LineString","coordinates":[[-115.616667,50.798025],[-115.616667,50.78749],[-115.633333,50.78749],[-115.633333,50.766414],[-115.6,50.766414],[-115.6,50.798025],[-115.616667,50.798025]]}},{"type":"Feature","properties":{"id":"2500"},"geometry":{"type":"LineString","coordinates":[[-115.1,50.78749],[-115.1,50.745329],[-115.083333,50.745329],[-115.083333,50.78749],[-115.1,50.78749]]}},{"type":"Feature","properties":{"id":"2500"},"geometry":{"type":"LineString","coordinates":[[-118.25,50.766414],[-118.25,50.745329],[-118.216667,50.745329],[-118.216667,50.766414],[-118.25,50.766414]]}},{"type":"Feature","properties":{"id":"2500"},"geometry":{"type":"LineString","coordinates":[[-116.483333,50.766414],[-116.483333,50.745329],[-116.466667,50.745329],[-116.466667,50.766414],[-116.483333,50.766414]]}},{"type":"Feature","properties":{"id":"2500"},"geometry":{"type":"LineString","coordinates":[[-115.75,50.766414],[-115.75,50.745329],[-115.733333,50.745329],[-115.733333,50.766414],[-115.75,50.766414]]}},{"type":"Feature","properties":{"id":"2500"},"geometry":{"type":"LineString","coordinates":[[-115.066667,50.766414],[-115.066667,50.745329],[-115.05,50.745329],[-115.05,50.766414],[-115.066667,50.766414]]}},{"type":"Feature","properties":{"id":"2500"},"geometry":{"type":"LineString","coordinates":[[-114.933333,50.766414],[-114.933333,50.745329],[-114.916667,50.745329],[-114.916667,50.766414],[-114.933333,50.766414]]}},{"type":"Feature","properties":{"id":"2500"},"geometry":{"type":"LineString","coordinates":[[-116.6,50.78749],[-116.6,50.745329],[-116.583333,50.745329],[-116.583333,50.734783],[-116.55,50.734783],[-116.55,50.745329],[-116.566667,50.745329],[-116.566667,50.766414],[-116.583333,50.766414],[-116.583333,50.78749],[-116.6,50.78749]]}},{"type":"Feature","properties":{"id":"2500"},"geometry":{"type":"LineString","coordinates":[[-123.95,50.766414],[-123.95,50.745329],[-123.933333,50.745329],[-123.933333,50.734783],[-123.9,50.734783],[-123.9,50.766414],[-123.95,50.766414]]}},{"type":"Feature","properties":{"id":"2500"},"geometry":{"type":"LineString","coordinates":[[-123.85,50.745329],[-123.85,50.734783],[-123.833333,50.734783],[-123.833333,50.745329],[-123.85,50.745329]]}},{"type":"Feature","properties":{"id":"2500"},"geometry":{"type":"LineString","coordinates":[[-116.533333,50.745329],[-116.533333,50.734783],[-116.516667,50.734783],[-116.516667,50.745329],[-116.533333,50.745329]]}},{"type":"Feature","properties":{"id":"2500"},"geometry":{"type":"LineString","coordinates":[[-116.983333,50.850661],[-116.983333,50.819086],[-117.0,50.819086],[-117.0,50.798025],[-116.95,50.798025],[-116.95,50.78749],[-116.933333,50.78749],[-116.933333,50.745329],[-116.966667,50.745329],[-116.966667,50.713683],[-116.95,50.713683],[-116.95,50.734783],[-116.916667,50.734783],[-116.916667,50.766414],[-116.883333,50.766414],[-116.883333,50.745329],[-116.866667,50.745329],[-116.866667,50.766414],[-116.85,50.766414],[-116.85,50.78749],[-116.883333,50.78749],[-116.883333,50.798025],[-116.933333,50.798025],[-116.933333,50.819086],[-116.966667,50.819086],[-116.966667,50.850661],[-116.983333,50.850661]]}},{"type":"Feature","properties":{"id":"2500"},"geometry":{"type":"LineString","coordinates":[[-114.95,50.745329],[-114.95,50.713683],[-114.933333,50.713683],[-114.933333,50.745329],[-114.95,50.745329]]}},{"type":"Feature","properties":{"id":"2500"},"geometry":{"type":"LineString","coordinates":[[-115.033333,50.734783],[-115.033333,50.713683],[-115.016667,50.713683],[-115.016667,50.734783],[-115.033333,50.734783]]}},{"type":"Feature","properties":{"id":"2500"},"geometry":{"type":"LineString","coordinates":[[-116.85,50.819086],[-116.85,50.78749],[-116.833333,50.78749],[-116.833333,50.766414],[-116.816667,50.766414],[-116.816667,50.745329],[-116.833333,50.745329],[-116.833333,50.734783],[-116.816667,50.734783],[-116.816667,50.713683],[-116.8,50.713683],[-116.8,50.70313],[-116.766667,50.70313],[-116.766667,50.766414],[-116.783333,50.766414],[-116.783333,50.745329],[-116.8,50.745329],[-116.8,50.798025],[-116.833333,50.798025],[-116.833333,50.819086],[-116.85,50.819086]]}},{"type":"Feature","properties":{"id":"2500"},"geometry":{"type":"LineString","coordinates":[[-115.35,50.745329],[-115.35,50.70313],[-115.283333,50.70313],[-115.283333,50.713683],[-115.266667,50.713683],[-115.266667,50.734783],[-115.283333,50.734783],[-115.283333,50.745329],[-115.316667,50.745329],[-115.316667,50.734783],[-115.333333,50.734783],[-115.333333,50.745329],[-115.35,50.745329]]}},{"type":"Feature","properties":{"id":"2500"},"geometry":{"type":"LineString","coordinates":[[-115.55,50.713683],[-115.55,50.70313],[-115.533333,50.70313],[-115.533333,50.713683],[-115.55,50.713683]]}},{"type":"Feature","properties":{"id":"2500"},"geometry":{"type":"LineString","coordinates":[[-115.5,50.713683],[-115.5,50.70313],[-115.483333,50.70313],[-115.483333,50.713683],[-115.5,50.713683]]}},{"type":"Feature","properties":{"id":"2500"},"geometry":{"type":"LineString","coordinates":[[-115.266667,50.713683],[-115.266667,50.70313],[-115.25,50.70313],[-115.25,50.713683],[-115.266667,50.713683]]}},{"type":"Feature","properties":{"id":"2500"},"geometry":{"type":"LineString","coordinates":[[-115.066667,50.713683],[-115.066667,50.70313],[-115.05,50.70313],[-115.05,50.713683],[-115.066667,50.713683]]}},{"type":"Feature","properties":{"id":"2500"},"geometry":{"type":"LineString","coordinates":[[-114.983333,50.713683],[-114.983333,50.70313],[-114.95,50.70313],[-114.95,50.713683],[-114.983333,50.713683]]}},{"type":"Feature","properties":{"id":"2500"},"geometry":{"type":"LineString","coordinates":[[-123.833333,50.734783],[-123.833333,50.713683],[-123.85,50.713683],[-123.85,50.70313],[-123.833333,50.70313],[-123.833333,50.682016],[-123.816667,50.682016],[-123.816667,50.70313],[-123.8,50.70313],[-123.8,50.713683],[-123.766667,50.713683],[-123.766667,50.734783],[-123.833333,50.734783]]}},{"type":"Feature","properties":{"id":"2500"},"geometry":{"type":"LineString","coordinates":[[-118.216667,50.713683],[-118.216667,50.682016],[-118.2,50.682016],[-118.2,50.713683],[-118.216667,50.713683]]}},{"type":"Feature","properties":{"id":"2500"},"geometry":{"type":"LineString","coordinates":[[-117.216667,50.70313],[-117.216667,50.682016],[-117.2,50.682016],[-117.2,50.70313],[-117.216667,50.70313]]}},{"type":"Feature","properties":{"id":"2500"},"geometry":{"type":"LineString","coordinates":[[-116.4,50.70313],[-116.4,50.682016],[-116.383333,50.682016],[-116.383333,50.70313],[-116.4,50.70313]]}},{"type":"Feature","properties":{"id":"2500"},"geometry":{"type":"LineString","coordinates":[[-115.65,50.70313],[-115.65,50.682016],[-115.633333,50.682016],[-115.633333,50.70313],[-115.65,50.70313]]}},{"type":"Feature","properties":{"id":"2500"},"geometry":{"type":"LineString","coordinates":[[-115.25,50.70313],[-115.25,50.682016],[-115.233333,50.682016],[-115.233333,50.70313],[-115.25,50.70313]]}},{"type":"Feature","properties":{"id":"2500"},"geometry":{"type":"LineString","coordinates":[[-115.05,50.70313],[-115.05,50.682016],[-115.033333,50.682016],[-115.033333,50.70313],[-115.05,50.70313]]}},{"type":"Feature","properties":{"id":"2500"},"geometry":{"type":"LineString","coordinates":[[-115.016667,50.70313],[-115.016667,50.682016],[-115.0,50.682016],[-115.0,50.70313],[-115.016667,50.70313]]}},{"type":"Feature","properties":{"id":"2500"},"geometry":{"type":"LineString","coordinates":[[-116.45,50.682016],[-116.45,50.671456],[-116.416667,50.671456],[-116.416667,50.682016],[-116.45,50.682016]]}},{"type":"Feature","properties":{"id":"2500"},"geometry":{"type":"LineString","coordinates":[[-115.3,50.682016],[-115.3,50.671456],[-115.283333,50.671456],[-115.283333,50.682016],[-115.3,50.682016]]}},{"type":"Feature","properties":{"id":"2500"},"geometry":{"type":"LineString","coordinates":[[-115.233333,50.682016],[-115.233333,50.671456],[-115.216667,50.671456],[-115.216667,50.682016],[-115.233333,50.682016]]}},{"type":"Feature","properties":{"id":"2500"},"geometry":{"type":"LineString","coordinates":[[-115.416667,50.713683],[-115.416667,50.671456],[-115.4,50.671456],[-115.4,50.650328],[-115.383333,50.650328],[-115.383333,50.682016],[-115.4,50.682016],[-115.4,50.713683],[-115.416667,50.713683]]}},{"type":"Feature","properties":{"id":"2500"},"geometry":{"type":"LineString","coordinates":[[-115.033333,50.671456],[-115.033333,50.650328],[-115.016667,50.650328],[-115.016667,50.671456],[-115.033333,50.671456]]}},{"type":"Feature","properties":{"id":"2500"},"geometry":{"type":"LineString","coordinates":[[-114.9,50.671456],[-114.9,50.650328],[-114.883333,50.650328],[-114.883333,50.671456],[-114.9,50.671456]]}},{"type":"Feature","properties":{"id":"2500"},"geometry":{"type":"LineString","coordinates":[[-115.283333,50.671456],[-115.283333,50.62919],[-115.266667,50.62919],[-115.266667,50.671456],[-115.283333,50.671456]]}},{"type":"Feature","properties":{"id":"2500"},"geometry":{"type":"LineString","coordinates":[[-115.45,50.650328],[-115.45,50.62919],[-115.433333,50.62919],[-115.433333,50.650328],[-115.45,50.650328]]}},{"type":"Feature","properties":{"id":"2500"},"geometry":{"type":"LineString","coordinates":[[-114.866667,50.650328],[-114.866667,50.62919],[-114.85,50.62919],[-114.85,50.650328],[-114.866667,50.650328]]}},{"type":"Feature","properties":{"id":"2500"},"geometry":{"type":"LineString","coordinates":[[-115.316667,50.650328],[-115.316667,50.618618],[-115.3,50.618618],[-115.3,50.650328],[-115.316667,50.650328]]}},{"type":"Feature","properties":{"id":"2500"},"geometry":{"type":"LineString","coordinates":[[-117.15,50.62919],[-117.15,50.618618],[-117.133333,50.618618],[-117.133333,50.62919],[-117.15,50.62919]]}},{"type":"Feature","properties":{"id":"2500"},"geometry":{"type":"LineString","coordinates":[[-116.966667,50.62919],[-116.966667,50.618618],[-116.933333,50.618618],[-116.933333,50.62919],[-116.966667,50.62919]]}},{"type":"Feature","properties":{"id":"2500"},"geometry":{"type":"LineString","coordinates":[[-115.433333,50.62919],[-115.433333,50.618618],[-115.416667,50.618618],[-115.416667,50.62919],[-115.433333,50.62919]]}},{"type":"Feature","properties":{"id":"2500"},"geometry":{"type":"LineString","coordinates":[[-114.983333,50.650328],[-114.983333,50.62919],[-115.0,50.62919],[-115.0,50.618618],[-114.983333,50.618618],[-114.983333,50.597466],[-114.95,50.597466],[-114.95,50.62919],[-114.966667,50.62919],[-114.966667,50.650328],[-114.983333,50.650328]]}},{"type":"Feature","properties":{"id":"2500"},"geometry":{"type":"LineString","coordinates":[[-123.783333,50.618618],[-123.783333,50.597466],[-123.766667,50.597466],[-123.766667,50.618618],[-123.783333,50.618618]]}},{"type":"Feature","properties":{"id":"2500"},"geometry":{"type":"LineString","coordinates":[[-116.383333,50.618618],[-116.383333,50.597466],[-116.366667,50.597466],[-116.366667,50.618618],[-116.383333,50.618618]]}},{"type":"Feature","properties":{"id":"2500"},"geometry":{"type":"LineString","coordinates":[[-115.3,50.618618],[-115.3,50.597466],[-115.283333,50.597466],[-115.283333,50.618618],[-115.3,50.618618]]}},{"type":"Feature","properties":{"id":"2500"},"geometry":{"type":"LineString","coordinates":[[-116.583333,50.650328],[-116.583333,50.62919],[-116.6,50.62919],[-116.6,50.618618],[-116.566667,50.618618],[-116.566667,50.597466],[-116.483333,50.597466],[-116.483333,50.586887],[-116.45,50.586887],[-116.45,50.597466],[-116.466667,50.597466],[-116.466667,50.618618],[-116.516667,50.618618],[-116.516667,50.62919],[-116.566667,50.62919],[-116.566667,50.650328],[-116.583333,50.650328]]}},{"type":"Feature","properties":{"id":"2500"},"geometry":{"type":"LineString","coordinates":[[-116.933333,50.618618],[-116.933333,50.597466],[-116.916667,50.597466],[-116.916667,50.586887],[-116.866667,50.586887],[-116.866667,50.597466],[-116.85,50.597466],[-116.85,50.618618],[-116.933333,50.618618]]}},{"type":"Feature","properties":{"id":"2500"},"geometry":{"type":"LineString","coordinates":[[-115.033333,50.597466],[-115.033333,50.586887],[-115.016667,50.586887],[-115.016667,50.597466],[-115.033333,50.597466]]}},{"type":"Feature","properties":{"id":"2500"},"geometry":{"type":"LineString","coordinates":[[-114.95,50.597466],[-114.95,50.586887],[-114.933333,50.586887],[-114.933333,50.597466],[-114.95,50.597466]]}},{"type":"Feature","properties":{"id":"2500"},"geometry":{"type":"LineString","coordinates":[[-115.416667,50.618618],[-115.416667,50.565721],[-115.4,50.565721],[-115.4,50.586887],[-115.383333,50.586887],[-115.383333,50.597466],[-115.4,50.597466],[-115.4,50.618618],[-115.416667,50.618618]]}},{"type":"Feature","properties":{"id":"2500"},"geometry":{"type":"LineString","coordinates":[[-115.266667,50.618618],[-115.266667,50.586887],[-115.25,50.586887],[-115.25,50.565721],[-115.233333,50.565721],[-115.233333,50.586887],[-115.216667,50.586887],[-115.216667,50.597466],[-115.2,50.597466],[-115.2,50.618618],[-115.233333,50.618618],[-115.233333,50.597466],[-115.25,50.597466],[-115.25,50.618618],[-115.266667,50.618618]]}},{"type":"Feature","properties":{"id":"2500"},"geometry":{"type":"LineString","coordinates":[[-115.016667,50.586887],[-115.016667,50.565721],[-115.0,50.565721],[-115.0,50.586887],[-115.016667,50.586887]]}},{"type":"Feature","properties":{"id":"2500"},"geometry":{"type":"LineString","coordinates":[[-114.933333,50.586887],[-114.933333,50.555134],[-114.9,50.555134],[-114.9,50.565721],[-114.916667,50.565721],[-114.916667,50.586887],[-114.933333,50.586887]]}},{"type":"Feature","properties":{"id":"2500"},"geometry":{"type":"LineString","coordinates":[[-121.966667,50.555134],[-121.966667,50.533954],[-121.95,50.533954],[-121.95,50.555134],[-121.966667,50.555134]]}},{"type":"Feature","properties":{"id":"2500"},"geometry":{"type":"LineString","coordinates":[[-115.1,50.533954],[-115.1,50.512764],[-115.083333,50.512764],[-115.083333,50.533954],[-115.1,50.533954]]}},{"type":"Feature","properties":{"id":"2500"},"geometry":{"type":"LineString","coordinates":[[-123.833333,50.512764],[-123.833333,50.502165],[-123.816667,50.502165],[-123.816667,50.512764],[-123.833333,50.512764]]}},{"type":"Feature","properties":{"id":"2500"},"geometry":{"type":"LineString","coordinates":[[-116.5,50.533954],[-116.5,50.512764],[-116.516667,50.512764],[-116.516667,50.480961],[-116.5,50.480961],[-116.5,50.502165],[-116.483333,50.502165],[-116.483333,50.512764],[-116.466667,50.512764],[-116.466667,50.533954],[-116.5,50.533954]]}},{"type":"Feature","properties":{"id":"2500"},"geometry":{"type":"LineString","coordinates":[[-115.266667,50.502165],[-115.266667,50.480961],[-115.233333,50.480961],[-115.233333,50.502165],[-115.266667,50.502165]]}},{"type":"Feature","properties":{"id":"2500"},"geometry":{"type":"LineString","coordinates":[[-115.183333,50.597466],[-115.183333,50.565721],[-115.233333,50.565721],[-115.233333,50.533954],[-115.216667,50.533954],[-115.216667,50.512764],[-115.183333,50.512764],[-115.183333,50.502165],[-115.166667,50.502165],[-115.166667,50.470356],[-115.15,50.470356],[-115.15,50.533954],[-115.166667,50.533954],[-115.166667,50.555134],[-115.133333,50.555134],[-115.133333,50.565721],[-115.116667,50.565721],[-115.116667,50.586887],[-115.166667,50.586887],[-115.166667,50.597466],[-115.183333,50.597466]]}},{"type":"Feature","properties":{"id":"2500"},"geometry":{"type":"LineString","coordinates":[[-115.35,50.480961],[-115.35,50.449137],[-115.333333,50.449137],[-115.333333,50.480961],[-115.35,50.480961]]}},{"type":"Feature","properties":{"id":"2500"},"geometry":{"type":"LineString","coordinates":[[-115.25,50.470356],[-115.25,50.449137],[-115.233333,50.449137],[-115.233333,50.438525],[-115.216667,50.438525],[-115.216667,50.470356],[-115.25,50.470356]]}},{"type":"Feature","properties":{"id":"2500"},"geometry":{"type":"LineString","coordinates":[[-116.633333,50.449137],[-116.633333,50.438525],[-116.616667,50.438525],[-116.616667,50.449137],[-116.633333,50.449137]]}},{"type":"Feature","properties":{"id":"2500"},"geometry":{"type":"LineString","coordinates":[[-116.683333,50.438525],[-116.683333,50.417292],[-116.633333,50.417292],[-116.633333,50.438525],[-116.683333,50.438525]]}},{"type":"Feature","properties":{"id":"2500"},"geometry":{"type":"LineString","coordinates":[[-116.616667,50.438525],[-116.616667,50.417292],[-116.6,50.417292],[-116.6,50.438525],[-116.616667,50.438525]]}},{"type":"Feature","properties":{"id":"2500"},"geometry":{"type":"LineString","coordinates":[[-116.416667,50.533954],[-116.416667,50.480961],[-116.466667,50.480961],[-116.466667,50.502165],[-116.483333,50.502165],[-116.483333,50.480961],[-116.5,50.480961],[-116.5,50.470356],[-116.483333,50.470356],[-116.483333,50.438525],[-116.466667,50.438525],[-116.466667,50.417292],[-116.483333,50.417292],[-116.483333,50.39605],[-116.45,50.39605],[-116.45,50.438525],[-116.433333,50.438525],[-116.433333,50.449137],[-116.4,50.449137],[-116.4,50.438525],[-116.383333,50.438525],[-116.383333,50.449137],[-116.366667,50.449137],[-116.366667,50.438525],[-116.35,50.438525],[-116.35,50.449137],[-116.333333,50.449137],[-116.333333,50.470356],[-116.366667,50.470356],[-116.366667,50.480961],[-116.35,50.480961],[-116.35,50.502165],[-116.366667,50.502165],[-116.366667,50.512764],[-116.4,50.512764],[-116.4,50.533954],[-116.416667,50.533954]]}},{"type":"Feature","properties":{"id":"2500"},"geometry":{"type":"LineString","coordinates":[[-115.1,50.417292],[-115.1,50.39605],[-115.083333,50.39605],[-115.083333,50.417292],[-115.1,50.417292]]}},{"type":"Feature","properties":{"id":"2500"},"geometry":{"type":"LineString","coordinates":[[-116.616667,50.565721],[-116.616667,50.533954],[-116.633333,50.533954],[-116.633333,50.512764],[-116.65,50.512764],[-116.65,50.502165],[-116.666667,50.502165],[-116.666667,50.533954],[-116.716667,50.533954],[-116.716667,50.512764],[-116.7,50.512764],[-116.7,50.502165],[-116.716667,50.502165],[-116.716667,50.470356],[-116.816667,50.470356],[-116.816667,50.39605],[-116.783333,50.39605],[-116.783333,50.385425],[-116.75,50.385425],[-116.75,50.39605],[-116.766667,50.39605],[-116.766667,50.438525],[-116.783333,50.438525],[-116.783333,50.449137],[-116.65,50.449137],[-116.65,50.480961],[-116.633333,50.480961],[-116.633333,50.502165],[-116.6,50.502165],[-116.6,50.533954],[-116.566667,50.533954],[-116.566667,50.555134],[-116.6,50.555134],[-116.6,50.565721],[-116.616667,50.565721]]}},{"type":"Feature","properties":{"id":"2500"},"geometry":{"type":"LineString","coordinates":[[-116.583333,50.480961],[-116.583333,50.417292],[-116.6,50.417292],[-116.6,50.39605],[-116.583333,50.39605],[-116.583333,50.385425],[-116.55,50.385425],[-116.55,50.39605],[-116.516667,50.39605],[-116.516667,50.385425],[-116.5,50.385425],[-116.5,50.417292],[-116.516667,50.417292],[-116.516667,50.438525],[-116.55,50.438525],[-116.55,50.449137],[-116.566667,50.449137],[-116.566667,50.480961],[-116.583333,50.480961]]}},{"type":"Feature","properties":{"id":"2500"},"geometry":{"type":"LineString","coordinates":[[-116.566667,50.417292],[-116.55,50.417292],[-116.55,50.39605],[-116.566667,50.39605],[-116.566667,50.417292]]}},{"type":"Feature","properties":{"id":"2500"},"geometry":{"type":"LineString","coordinates":[[-116.433333,50.39605],[-116.433333,50.385425],[-116.383333,50.385425],[-116.383333,50.39605],[-116.433333,50.39605]]}},{"type":"Feature","properties":{"id":"2500"},"geometry":{"type":"LineString","coordinates":[[-115.283333,50.39605],[-115.283333,50.385425],[-115.266667,50.385425],[-115.266667,50.39605],[-115.283333,50.39605]]}},{"type":"Feature","properties":{"id":"2500"},"geometry":{"type":"LineString","coordinates":[[-115.016667,50.39605],[-115.016667,50.385425],[-115.0,50.385425],[-115.0,50.39605],[-115.016667,50.39605]]}},{"type":"Feature","properties":{"id":"2500"},"geometry":{"type":"LineString","coordinates":[[-115.416667,50.385425],[-115.416667,50.364168],[-115.4,50.364168],[-115.4,50.385425],[-115.416667,50.385425]]}},{"type":"Feature","properties":{"id":"2500"},"geometry":{"type":"LineString","coordinates":[[-115.15,50.470356],[-115.15,50.417292],[-115.133333,50.417292],[-115.133333,50.353537],[-115.116667,50.353537],[-115.116667,50.417292],[-115.1,50.417292],[-115.1,50.438525],[-115.116667,50.438525],[-115.116667,50.449137],[-115.133333,50.449137],[-115.133333,50.470356],[-115.15,50.470356]]}},{"type":"Feature","properties":{"id":"2500"},"geometry":{"type":"LineString","coordinates":[[-115.033333,50.385425],[-115.033333,50.353537],[-115.016667,50.353537],[-115.016667,50.385425],[-115.033333,50.385425]]}},{"type":"Feature","properties":{"id":"2500"},"geometry":{"type":"LineString","coordinates":[[-114.816667,50.364168],[-114.816667,50.353537],[-114.783333,50.353537],[-114.783333,50.364168],[-114.816667,50.364168]]}},{"type":"Feature","properties":{"id":"2500"},"geometry":{"type":"LineString","coordinates":[[-116.55,50.332266],[-116.55,50.321627],[-116.5,50.321627],[-116.5,50.332266],[-116.55,50.332266]]}},{"type":"Feature","properties":{"id":"2500"},"geometry":{"type":"LineString","coordinates":[[-116.633333,50.321627],[-116.633333,50.300342],[-116.6,50.300342],[-116.6,50.321627],[-116.633333,50.321627]]}},{"type":"Feature","properties":{"id":"2500"},"geometry":{"type":"LineString","coordinates":[[-116.3,50.321627],[-116.3,50.300342],[-116.283333,50.300342],[-116.283333,50.321627],[-116.3,50.321627]]}},{"type":"Feature","properties":{"id":"2500"},"geometry":{"type":"LineString","coordinates":[[-117.25,50.321627],[-117.25,50.279047],[-117.233333,50.279047],[-117.233333,50.321627],[-117.25,50.321627]]}},{"type":"Feature","properties":{"id":"2500"},"geometry":{"type":"LineString","coordinates":[[-116.716667,50.332266],[-116.716667,50.321627],[-116.75,50.321627],[-116.75,50.300342],[-116.716667,50.300342],[-116.716667,50.279047],[-116.683333,50.279047],[-116.683333,50.300342],[-116.666667,50.300342],[-116.666667,50.332266],[-116.716667,50.332266]]}},{"type":"Feature","properties":{"id":"2500"},"geometry":{"type":"LineString","coordinates":[[-116.7,50.321627],[-116.683333,50.321627],[-116.683333,50.300342],[-116.7,50.300342],[-116.7,50.321627]]}},{"type":"Feature","properties":{"id":"2500"},"geometry":{"type":"LineString","coordinates":[[-116.383333,50.321627],[-116.383333,50.279047],[-116.316667,50.279047],[-116.316667,50.300342],[-116.366667,50.300342],[-116.366667,50.321627],[-116.383333,50.321627]]}},{"type":"Feature","properties":{"id":"2500"},"geometry":{"type":"LineString","coordinates":[[-116.8,50.300342],[-116.8,50.279047],[-116.766667,50.279047],[-116.766667,50.300342],[-116.8,50.300342]]}},{"type":"Feature","properties":{"id":"2500"},"geometry":{"type":"LineString","coordinates":[[-116.666667,50.300342],[-116.666667,50.279047],[-116.65,50.279047],[-116.65,50.300342],[-116.666667,50.300342]]}},{"type":"Feature","properties":{"id":"2500"},"geometry":{"type":"LineString","coordinates":[[-114.816667,50.321627],[-114.816667,50.268396],[-114.8,50.268396],[-114.8,50.279047],[-114.783333,50.279047],[-114.783333,50.300342],[-114.766667,50.300342],[-114.766667,50.321627],[-114.816667,50.321627]]}},{"type":"Feature","properties":{"id":"2500"},"geometry":{"type":"LineString","coordinates":[[-115.133333,50.300342],[-115.133333,50.268396],[-115.116667,50.268396],[-115.116667,50.300342],[-115.133333,50.300342]]}},{"type":"Feature","properties":{"id":"2500"},"geometry":{"type":"LineString","coordinates":[[-114.766667,50.300342],[-114.766667,50.268396],[-114.75,50.268396],[-114.75,50.300342],[-114.766667,50.300342]]}},{"type":"Feature","properties":{"id":"2500"},"geometry":{"type":"LineString","coordinates":[[-116.416667,50.279047],[-116.416667,50.247088],[-116.4,50.247088],[-116.4,50.268396],[-116.383333,50.268396],[-116.383333,50.279047],[-116.416667,50.279047]]}},{"type":"Feature","properties":{"id":"2500"},"geometry":{"type":"LineString","coordinates":[[-115.116667,50.268396],[-115.116667,50.247088],[-115.1,50.247088],[-115.1,50.23643],[-115.083333,50.23643],[-115.083333,50.268396],[-115.116667,50.268396]]}},{"type":"Feature","properties":{"id":"2500"},"geometry":{"type":"LineString","coordinates":[[-116.45,50.247088],[-116.45,50.23643],[-116.416667,50.23643],[-116.416667,50.247088],[-116.45,50.247088]]}},{"type":"Feature","properties":{"id":"2500"},"geometry":{"type":"LineString","coordinates":[[-121.883333,50.23643],[-121.883333,50.215106],[-121.85,50.215106],[-121.85,50.23643],[-121.883333,50.23643]]}},{"type":"Feature","properties":{"id":"2500"},"geometry":{"type":"LineString","coordinates":[[-116.616667,50.247088],[-116.616667,50.204441],[-116.5,50.204441],[-116.5,50.23643],[-116.516667,50.23643],[-116.516667,50.215106],[-116.533333,50.215106],[-116.533333,50.23643],[-116.566667,50.23643],[-116.566667,50.215106],[-116.583333,50.215106],[-116.583333,50.23643],[-116.6,50.23643],[-116.6,50.247088],[-116.616667,50.247088]]}},{"type":"Feature","properties":{"id":"2500"},"geometry":{"type":"LineString","coordinates":[[-116.183333,50.215106],[-116.183333,50.204441],[-116.166667,50.204441],[-116.166667,50.215106],[-116.183333,50.215106]]}},{"type":"Feature","properties":{"id":"2500"},"geometry":{"type":"LineString","coordinates":[[-121.916667,50.204441],[-121.916667,50.183104],[-121.883333,50.183104],[-121.883333,50.204441],[-121.916667,50.204441]]}},{"type":"Feature","properties":{"id":"2500"},"geometry":{"type":"LineString","coordinates":[[-116.733333,50.204441],[-116.733333,50.183104],[-116.716667,50.183104],[-116.716667,50.204441],[-116.733333,50.204441]]}},{"type":"Feature","properties":{"id":"2500"},"geometry":{"type":"LineString","coordinates":[[-116.283333,50.204441],[-116.283333,50.183104],[-116.25,50.183104],[-116.25,50.204441],[-116.283333,50.204441]]}},{"type":"Feature","properties":{"id":"2500"},"geometry":{"type":"LineString","coordinates":[[-117.216667,50.183104],[-117.216667,50.161757],[-117.183333,50.161757],[-117.183333,50.183104],[-117.216667,50.183104]]}},{"type":"Feature","properties":{"id":"2500"},"geometry":{"type":"LineString","coordinates":[[-116.716667,50.183104],[-116.716667,50.161757],[-116.7,50.161757],[-116.7,50.183104],[-116.716667,50.183104]]}},{"type":"Feature","properties":{"id":"2500"},"geometry":{"type":"LineString","coordinates":[[-116.733333,50.161757],[-116.733333,50.15108],[-116.716667,50.15108],[-116.716667,50.161757],[-116.733333,50.161757]]}},{"type":"Feature","properties":{"id":"2500"},"geometry":{"type":"LineString","coordinates":[[-116.8,50.15108],[-116.8,50.129718],[-116.783333,50.129718],[-116.783333,50.15108],[-116.8,50.15108]]}},{"type":"Feature","properties":{"id":"2500"},"geometry":{"type":"LineString","coordinates":[[-116.183333,50.129718],[-116.183333,50.119034],[-116.166667,50.119034],[-116.166667,50.129718],[-116.183333,50.129718]]}},{"type":"Feature","properties":{"id":"2500"},"geometry":{"type":"LineString","coordinates":[[-116.583333,50.119034],[-116.583333,50.086967],[-116.566667,50.086967],[-116.566667,50.097658],[-116.55,50.097658],[-116.55,50.119034],[-116.583333,50.119034]]}},{"type":"Feature","properties":{"id":"2500"},"geometry":{"type":"LineString","coordinates":[[-115.216667,50.119034],[-115.216667,50.086967],[-115.2,50.086967],[-115.2,50.119034],[-115.216667,50.119034]]}},{"type":"Feature","properties":{"id":"2500"},"geometry":{"type":"LineString","coordinates":[[-121.966667,50.097658],[-121.966667,50.086967],[-121.95,50.086967],[-121.95,50.097658],[-121.966667,50.097658]]}},{"type":"Feature","properties":{"id":"2500"},"geometry":{"type":"LineString","coordinates":[[-114.716667,50.097658],[-114.716667,50.086967],[-114.7,50.086967],[-114.7,50.097658],[-114.716667,50.097658]]}},{"type":"Feature","properties":{"id":"2500"},"geometry":{"type":"LineString","coordinates":[[-116.5,50.129718],[-116.5,50.065577],[-116.483333,50.065577],[-116.483333,50.097658],[-116.466667,50.097658],[-116.466667,50.119034],[-116.483333,50.119034],[-116.483333,50.129718],[-116.5,50.129718]]}},{"type":"Feature","properties":{"id":"2500"},"geometry":{"type":"LineString","coordinates":[[-115.316667,50.097658],[-115.316667,50.065577],[-115.3,50.065577],[-115.3,50.097658],[-115.316667,50.097658]]}},{"type":"Feature","properties":{"id":"2500"},"geometry":{"type":"LineString","coordinates":[[-116.433333,50.065577],[-116.433333,50.054878],[-116.416667,50.054878],[-116.416667,50.065577],[-116.433333,50.065577]]}},{"type":"Feature","properties":{"id":"2500"},"geometry":{"type":"LineString","coordinates":[[-115.183333,50.086967],[-115.183333,50.065577],[-115.216667,50.065577],[-115.216667,50.054878],[-115.166667,50.054878],[-115.166667,50.065577],[-115.15,50.065577],[-115.15,50.086967],[-115.183333,50.086967]]}},{"type":"Feature","properties":{"id":"2500"},"geometry":{"type":"LineString","coordinates":[[-116.216667,50.086967],[-116.216667,50.033474],[-116.2,50.033474],[-116.2,50.086967],[-116.216667,50.086967]]}},{"type":"Feature","properties":{"id":"2500"},"geometry":{"type":"LineString","coordinates":[[-115.3,50.054878],[-115.3,50.033474],[-115.283333,50.033474],[-115.283333,50.054878],[-115.3,50.054878]]}},{"type":"Feature","properties":{"id":"2500"},"geometry":{"type":"LineString","coordinates":[[-114.683333,50.054878],[-114.683333,50.033474],[-114.666667,50.033474],[-114.666667,50.054878],[-114.683333,50.054878]]}},{"type":"Feature","properties":{"id":"2500"},"geometry":{"type":"LineString","coordinates":[[-116.483333,50.054878],[-116.483333,50.01206],[-116.45,50.01206],[-116.45,50.054878],[-116.483333,50.054878]]}},{"type":"Feature","properties":{"id":"2500"},"geometry":{"type":"LineString","coordinates":[[-114.666667,50.033474],[-114.666667,50.01206],[-114.65,50.01206],[-114.65,50.033474],[-114.666667,50.033474]]}},{"type":"Feature","properties":{"id":"2500"},"geometry":{"type":"LineString","coordinates":[[-116.216667,50.01206],[-116.216667,50.00135],[-116.2,50.00135],[-116.2,50.01206],[-116.216667,50.01206]]}},{"type":"Feature","properties":{"id":"2500"},"geometry":{"type":"LineString","coordinates":[[-114.683333,50.01206],[-114.683333,50.00135],[-114.666667,50.00135],[-114.666667,50.01206],[-114.683333,50.01206]]}},{"type":"Feature","properties":{"id":"2500"},"geometry":{"type":"LineString","coordinates":[[-116.466667,50.00135],[-116.466667,49.979922],[-116.433333,49.979922],[-116.433333,50.00135],[-116.466667,50.00135]]}},{"type":"Feature","properties":{"id":"2500"},"geometry":{"type":"LineString","coordinates":[[-114.666667,50.00135],[-114.666667,49.979922],[-114.65,49.979922],[-114.65,50.00135],[-114.666667,50.00135]]}},{"type":"Feature","properties":{"id":"2500"},"geometry":{"type":"LineString","coordinates":[[-115.283333,50.01206],[-115.283333,50.00135],[-115.266667,50.00135],[-115.266667,49.969204],[-115.25,49.969204],[-115.25,50.01206],[-115.283333,50.01206]]}},{"type":"Feature","properties":{"id":"2500"},"geometry":{"type":"LineString","coordinates":[[-116.6,49.979922],[-116.6,49.947762],[-116.566667,49.947762],[-116.566667,49.969204],[-116.583333,49.969204],[-116.583333,49.979922],[-116.6,49.979922]]}},{"type":"Feature","properties":{"id":"2500"},"geometry":{"type":"LineString","coordinates":[[-117.516667,49.969204],[-117.516667,49.947762],[-117.5,49.947762],[-117.5,49.969204],[-117.516667,49.969204]]}},{"type":"Feature","properties":{"id":"2500"},"geometry":{"type":"LineString","coordinates":[[-116.25,50.00135],[-116.25,49.969204],[-116.266667,49.969204],[-116.266667,49.947762],[-116.233333,49.947762],[-116.233333,50.00135],[-116.25,50.00135]]}},{"type":"Feature","properties":{"id":"2500"},"geometry":{"type":"LineString","coordinates":[[-116.35,49.947762],[-116.35,49.937037],[-116.333333,49.937037],[-116.333333,49.947762],[-116.35,49.947762]]}},{"type":"Feature","properties":{"id":"2500"},"geometry":{"type":"LineString","coordinates":[[-115.35,49.947762],[-115.35,49.937037],[-115.333333,49.937037],[-115.333333,49.947762],[-115.35,49.947762]]}},{"type":"Feature","properties":{"id":"2500"},"geometry":{"type":"LineString","coordinates":[[-116.383333,49.947762],[-116.383333,49.937037],[-116.4,49.937037],[-116.4,49.91558],[-116.366667,49.91558],[-116.366667,49.947762],[-116.383333,49.947762]]}},{"type":"Feature","properties":{"id":"2500"},"geometry":{"type":"LineString","coordinates":[[-115.583333,49.861896],[-115.583333,49.851152],[-115.566667,49.851152],[-115.566667,49.861896],[-115.583333,49.861896]]}},{"type":"Feature","properties":{"id":"2500"},"geometry":{"type":"LineString","coordinates":[[-115.1,49.861896],[-115.1,49.851152],[-115.083333,49.851152],[-115.083333,49.861896],[-115.1,49.861896]]}},{"type":"Feature","properties":{"id":"2500"},"geometry":{"type":"LineString","coordinates":[[-117.166667,49.765115],[-117.166667,49.75435],[-117.15,49.75435],[-117.15,49.765115],[-117.166667,49.765115]]}},{"type":"Feature","properties":{"id":"2500"},"geometry":{"type":"LineString","coordinates":[[-117.15,49.75435],[-117.15,49.732812],[-117.133333,49.732812],[-117.133333,49.75435],[-117.15,49.75435]]}}]}
