country_code,country_name,indicator,year,value
AGO,アンゴラ,AG.LND.PRCP.MM,2000,1010
AGO,アンゴラ,AG.LND.PRCP.MM,2001,1010
AGO,アンゴラ,AG.LND.PRCP.MM,2002,1010
AGO,アンゴラ,AG.LND.PRCP.MM,2003,1010
AGO,アンゴラ,AG.LND.PRCP.MM,2004,1010
AGO,アンゴラ,AG.LND.PRCP.MM,2005,1010
AGO,アンゴラ,AG.LND.PRCP.MM,2006,1010
AGO,アンゴラ,AG.LND.PRCP.MM,2007,1010
AGO,アンゴラ,AG.LND.PRCP.MM,2008,1010
AGO,アンゴラ,AG.LND.PRCP.MM,2009,1010
AGO,アンゴラ,AG.LND.PRCP.MM,2010,1010
AGO,アンゴラ,AG.LND.PRCP.MM,2011,1010
AGO,アンゴラ,AG.LND.PRCP.MM,2012,1010
AGO,アンゴラ,AG.LND.PRCP.MM,2013,1010
AGO,アンゴラ,AG.LND.PRCP.MM,2014,1010
AGO,アンゴラ,AG.LND.PRCP.MM,2015,1010
AGO,アンゴラ,AG.LND.PRCP.MM,2016,1010
AGO,アンゴラ,AG.LND.PRCP.MM,2017,1010
AGO,アンゴラ,AG.LND.PRCP.MM,2018,1010
AGO,アンゴラ,AG.LND.PRCP.MM,2019,1010
AGO,アンゴラ,AG.LND.PRCP.MM,2020,1010
AGO,アンゴラ,AG.LND.PRCP.MM,2021,1010
AGO,アンゴラ,AG.LND.PRCP.MM,2022,1010
AGO,アンゴラ,AG.LND.PRCP.MM,2023,
AGO,アンゴラ,AG.LND.PRCP.MM,2024,
BDI,ブルンジ,AG.LND.PRCP.MM,2000,1218
BDI,ブルンジ,AG.LND.PRCP.MM,2001,1274
BDI,ブルンジ,AG.LND.PRCP.MM,2002,1274
BDI,ブルンジ,AG.LND.PRCP.MM,2003,1274
BDI,ブルンジ,AG.LND.PRCP.MM,2004,1274
BDI,ブルンジ,AG.LND.PRCP.MM,2005,1274
BDI,ブルンジ,AG.LND.PRCP.MM,2006,1274
BDI,ブルンジ,AG.LND.PRCP.MM,2007,1274
BDI,ブルンジ,AG.LND.PRCP.MM,2008,1274
BDI,ブルンジ,AG.LND.PRCP.MM,2009,1274
BDI,ブルンジ,AG.LND.PRCP.MM,2010,1274
BDI,ブルンジ,AG.LND.PRCP.MM,2011,1274
BDI,ブルンジ,AG.LND.PRCP.MM,2012,1274
BDI,ブルンジ,AG.LND.PRCP.MM,2013,1274
BDI,ブルンジ,AG.LND.PRCP.MM,2014,1274
BDI,ブルンジ,AG.LND.PRCP.MM,2015,1274
BDI,ブルンジ,AG.LND.PRCP.MM,2016,1274
BDI,ブルンジ,AG.LND.PRCP.MM,2017,1274
BDI,ブルンジ,AG.LND.PRCP.MM,2018,1274
BDI,ブルンジ,AG.LND.PRCP.MM,2019,1274
BDI,ブルンジ,AG.LND.PRCP.MM,2020,1274
BDI,ブルンジ,AG.LND.PRCP.MM,2021,1274
BDI,ブルンジ,AG.LND.PRCP.MM,2022,1274
BDI,ブルンジ,AG.LND.PRCP.MM,2023,
BDI,ブルンジ,AG.LND.PRCP.MM,2024,
BEN,ベナン,AG.LND.PRCP.MM,2000,1039
BEN,ベナン,AG.LND.PRCP.MM,2001,1039
BEN,ベナン,AG.LND.PRCP.MM,2002,1039
BEN,ベナン,AG.LND.PRCP.MM,2003,1039
BEN,ベナン,AG.LND.PRCP.MM,2004,1039
BEN,ベナン,AG.LND.PRCP.MM,2005,1039
BEN,ベナン,AG.LND.PRCP.MM,2006,1039
BEN,ベナン,AG.LND.PRCP.MM,2007,1039
BEN,ベナン,AG.LND.PRCP.MM,2008,1039
BEN,ベナン,AG.LND.PRCP.MM,2009,1039
BEN,ベナン,AG.LND.PRCP.MM,2010,1039
BEN,ベナン,AG.LND.PRCP.MM,2011,1039
BEN,ベナン,AG.LND.PRCP.MM,2012,1039
BEN,ベナン,AG.LND.PRCP.MM,2013,1039
BEN,ベナン,AG.LND.PRCP.MM,2014,1039
BEN,ベナン,AG.LND.PRCP.MM,2015,1039
BEN,ベナン,AG.LND.PRCP.MM,2016,1039
BEN,ベナン,AG.LND.PRCP.MM,2017,1039
BEN,ベナン,AG.LND.PRCP.MM,2018,1039
BEN,ベナン,AG.LND.PRCP.MM,2019,1039
BEN,ベナン,AG.LND.PRCP.MM,2020,1039
BEN,ベナン,AG.LND.PRCP.MM,2021,1039
BEN,ベナン,AG.LND.PRCP.MM,2022,1039
BEN,ベナン,AG.LND.PRCP.MM,2023,
BEN,ベナン,AG.LND.PRCP.MM,2024,
BFA,ブルキナファソ,AG.LND.PRCP.MM,2000,748
BFA,ブルキナファソ,AG.LND.PRCP.MM,2001,748
BFA,ブルキナファソ,AG.LND.PRCP.MM,2002,748
BFA,ブルキナファソ,AG.LND.PRCP.MM,2003,748
BFA,ブルキナファソ,AG.LND.PRCP.MM,2004,748
BFA,ブルキナファソ,AG.LND.PRCP.MM,2005,748
BFA,ブルキナファソ,AG.LND.PRCP.MM,2006,748
BFA,ブルキナファソ,AG.LND.PRCP.MM,2007,748
BFA,ブルキナファソ,AG.LND.PRCP.MM,2008,748
BFA,ブルキナファソ,AG.LND.PRCP.MM,2009,748
BFA,ブルキナファソ,AG.LND.PRCP.MM,2010,748
BFA,ブルキナファソ,AG.LND.PRCP.MM,2011,748
BFA,ブルキナファソ,AG.LND.PRCP.MM,2012,748
BFA,ブルキナファソ,AG.LND.PRCP.MM,2013,748
BFA,ブルキナファソ,AG.LND.PRCP.MM,2014,748
BFA,ブルキナファソ,AG.LND.PRCP.MM,2015,748
BFA,ブルキナファソ,AG.LND.PRCP.MM,2016,748
BFA,ブルキナファソ,AG.LND.PRCP.MM,2017,748
BFA,ブルキナファソ,AG.LND.PRCP.MM,2018,748
BFA,ブルキナファソ,AG.LND.PRCP.MM,2019,748
BFA,ブルキナファソ,AG.LND.PRCP.MM,2020,748
BFA,ブルキナファソ,AG.LND.PRCP.MM,2021,748
BFA,ブルキナファソ,AG.LND.PRCP.MM,2022,748
BFA,ブルキナファソ,AG.LND.PRCP.MM,2023,
BFA,ブルキナファソ,AG.LND.PRCP.MM,2024,
BWA,ボツワナ,AG.LND.PRCP.MM,2000,416
BWA,ボツワナ,AG.LND.PRCP.MM,2001,416
BWA,ボツワナ,AG.LND.PRCP.MM,2002,416
BWA,ボツワナ,AG.LND.PRCP.MM,2003,416
BWA,ボツワナ,AG.LND.PRCP.MM,2004,416
BWA,ボツワナ,AG.LND.PRCP.MM,2005,416
BWA,ボツワナ,AG.LND.PRCP.MM,2006,416
BWA,ボツワナ,AG.LND.PRCP.MM,2007,416
BWA,ボツワナ,AG.LND.PRCP.MM,2008,416
BWA,ボツワナ,AG.LND.PRCP.MM,2009,416
BWA,ボツワナ,AG.LND.PRCP.MM,2010,416
BWA,ボツワナ,AG.LND.PRCP.MM,2011,416
BWA,ボツワナ,AG.LND.PRCP.MM,2012,416
BWA,ボツワナ,AG.LND.PRCP.MM,2013,416
BWA,ボツワナ,AG.LND.PRCP.MM,2014,416
BWA,ボツワナ,AG.LND.PRCP.MM,2015,416
BWA,ボツワナ,AG.LND.PRCP.MM,2016,416
BWA,ボツワナ,AG.LND.PRCP.MM,2017,416
BWA,ボツワナ,AG.LND.PRCP.MM,2018,416
BWA,ボツワナ,AG.LND.PRCP.MM,2019,416
BWA,ボツワナ,AG.LND.PRCP.MM,2020,416
BWA,ボツワナ,AG.LND.PRCP.MM,2021,416
BWA,ボツワナ,AG.LND.PRCP.MM,2022,416
BWA,ボツワナ,AG.LND.PRCP.MM,2023,
BWA,ボツワナ,AG.LND.PRCP.MM,2024,
CAF,中央アフリカ共和国,AG.LND.PRCP.MM,2000,1343
CAF,中央アフリカ共和国,AG.LND.PRCP.MM,2001,1343
CAF,中央アフリカ共和国,AG.LND.PRCP.MM,2002,1343
CAF,中央アフリカ共和国,AG.LND.PRCP.MM,2003,1343
CAF,中央アフリカ共和国,AG.LND.PRCP.MM,2004,1343
CAF,中央アフリカ共和国,AG.LND.PRCP.MM,2005,1343
CAF,中央アフリカ共和国,AG.LND.PRCP.MM,2006,1343
CAF,中央アフリカ共和国,AG.LND.PRCP.MM,2007,1343
CAF,中央アフリカ共和国,AG.LND.PRCP.MM,2008,1343
CAF,中央アフリカ共和国,AG.LND.PRCP.MM,2009,1343
CAF,中央アフリカ共和国,AG.LND.PRCP.MM,2010,1343
CAF,中央アフリカ共和国,AG.LND.PRCP.MM,2011,1343
CAF,中央アフリカ共和国,AG.LND.PRCP.MM,2012,1343
CAF,中央アフリカ共和国,AG.LND.PRCP.MM,2013,1343
CAF,中央アフリカ共和国,AG.LND.PRCP.MM,2014,1343
CAF,中央アフリカ共和国,AG.LND.PRCP.MM,2015,1343
CAF,中央アフリカ共和国,AG.LND.PRCP.MM,2016,1343
CAF,中央アフリカ共和国,AG.LND.PRCP.MM,2017,1343
CAF,中央アフリカ共和国,AG.LND.PRCP.MM,2018,1343
CAF,中央アフリカ共和国,AG.LND.PRCP.MM,2019,1343
CAF,中央アフリカ共和国,AG.LND.PRCP.MM,2020,1343
CAF,中央アフリカ共和国,AG.LND.PRCP.MM,2021,1343
CAF,中央アフリカ共和国,AG.LND.PRCP.MM,2022,1343
CAF,中央アフリカ共和国,AG.LND.PRCP.MM,2023,
CAF,中央アフリカ共和国,AG.LND.PRCP.MM,2024,
CIV,コートジボワール,AG.LND.PRCP.MM,2000,1348
CIV,コートジボワール,AG.LND.PRCP.MM,2001,1348
CIV,コートジボワール,AG.LND.PRCP.MM,2002,1348
CIV,コートジボワール,AG.LND.PRCP.MM,2003,1348
CIV,コートジボワール,AG.LND.PRCP.MM,2004,1348
CIV,コートジボワール,AG.LND.PRCP.MM,2005,1348
CIV,コートジボワール,AG.LND.PRCP.MM,2006,1348
CIV,コートジボワール,AG.LND.PRCP.MM,2007,1348
CIV,コートジボワール,AG.LND.PRCP.MM,2008,1348
CIV,コートジボワール,AG.LND.PRCP.MM,2009,1348
CIV,コートジボワール,AG.LND.PRCP.MM,2010,1348
CIV,コートジボワール,AG.LND.PRCP.MM,2011,1348
CIV,コートジボワール,AG.LND.PRCP.MM,2012,1348
CIV,コートジボワール,AG.LND.PRCP.MM,2013,1348
CIV,コートジボワール,AG.LND.PRCP.MM,2014,1348
CIV,コートジボワール,AG.LND.PRCP.MM,2015,1348
CIV,コートジボワール,AG.LND.PRCP.MM,2016,1348
CIV,コートジボワール,AG.LND.PRCP.MM,2017,1348
CIV,コートジボワール,AG.LND.PRCP.MM,2018,1348
CIV,コートジボワール,AG.LND.PRCP.MM,2019,1348
CIV,コートジボワール,AG.LND.PRCP.MM,2020,1348
CIV,コートジボワール,AG.LND.PRCP.MM,2021,1348
CIV,コートジボワール,AG.LND.PRCP.MM,2022,1348
CIV,コートジボワール,AG.LND.PRCP.MM,2023,
CIV,コートジボワール,AG.LND.PRCP.MM,2024,
CMR,カメルーン,AG.LND.PRCP.MM,2000,1604
CMR,カメルーン,AG.LND.PRCP.MM,2001,1604
CMR,カメルーン,AG.LND.PRCP.MM,2002,1604
CMR,カメルーン,AG.LND.PRCP.MM,2003,1604
CMR,カメルーン,AG.LND.PRCP.MM,2004,1604
CMR,カメルーン,AG.LND.PRCP.MM,2005,1604
CMR,カメルーン,AG.LND.PRCP.MM,2006,1604
CMR,カメルーン,AG.LND.PRCP.MM,2007,1604
CMR,カメルーン,AG.LND.PRCP.MM,2008,1604
CMR,カメルーン,AG.LND.PRCP.MM,2009,1604
CMR,カメルーン,AG.LND.PRCP.MM,2010,1604
CMR,カメルーン,AG.LND.PRCP.MM,2011,1604
CMR,カメルーン,AG.LND.PRCP.MM,2012,1604
CMR,カメルーン,AG.LND.PRCP.MM,2013,1604
CMR,カメルーン,AG.LND.PRCP.MM,2014,1604
CMR,カメルーン,AG.LND.PRCP.MM,2015,1604
CMR,カメルーン,AG.LND.PRCP.MM,2016,1604
CMR,カメルーン,AG.LND.PRCP.MM,2017,1604
CMR,カメルーン,AG.LND.PRCP.MM,2018,1604
CMR,カメルーン,AG.LND.PRCP.MM,2019,1604
CMR,カメルーン,AG.LND.PRCP.MM,2020,1604
CMR,カメルーン,AG.LND.PRCP.MM,2021,1604
CMR,カメルーン,AG.LND.PRCP.MM,2022,1604
CMR,カメルーン,AG.LND.PRCP.MM,2023,
CMR,カメルーン,AG.LND.PRCP.MM,2024,
COD,コンゴ民主共和国,AG.LND.PRCP.MM,2000,1543
COD,コンゴ民主共和国,AG.LND.PRCP.MM,2001,1543
COD,コンゴ民主共和国,AG.LND.PRCP.MM,2002,1543
COD,コンゴ民主共和国,AG.LND.PRCP.MM,2003,1543
COD,コンゴ民主共和国,AG.LND.PRCP.MM,2004,1543
COD,コンゴ民主共和国,AG.LND.PRCP.MM,2005,1543
COD,コンゴ民主共和国,AG.LND.PRCP.MM,2006,1543
COD,コンゴ民主共和国,AG.LND.PRCP.MM,2007,1543
COD,コンゴ民主共和国,AG.LND.PRCP.MM,2008,1543
COD,コンゴ民主共和国,AG.LND.PRCP.MM,2009,1543
COD,コンゴ民主共和国,AG.LND.PRCP.MM,2010,1543
COD,コンゴ民主共和国,AG.LND.PRCP.MM,2011,1543
COD,コンゴ民主共和国,AG.LND.PRCP.MM,2012,1543
COD,コンゴ民主共和国,AG.LND.PRCP.MM,2013,1543
COD,コンゴ民主共和国,AG.LND.PRCP.MM,2014,1543
COD,コンゴ民主共和国,AG.LND.PRCP.MM,2015,1543
COD,コンゴ民主共和国,AG.LND.PRCP.MM,2016,1543
COD,コンゴ民主共和国,AG.LND.PRCP.MM,2017,1543
COD,コンゴ民主共和国,AG.LND.PRCP.MM,2018,1543
COD,コンゴ民主共和国,AG.LND.PRCP.MM,2019,1543
COD,コンゴ民主共和国,AG.LND.PRCP.MM,2020,1543
COD,コンゴ民主共和国,AG.LND.PRCP.MM,2021,1543
COD,コンゴ民主共和国,AG.LND.PRCP.MM,2022,1543
COD,コンゴ民主共和国,AG.LND.PRCP.MM,2023,
COD,コンゴ民主共和国,AG.LND.PRCP.MM,2024,
COG,コンゴ共和国,AG.LND.PRCP.MM,2000,1646
COG,コンゴ共和国,AG.LND.PRCP.MM,2001,1646
COG,コンゴ共和国,AG.LND.PRCP.MM,2002,1646
COG,コンゴ共和国,AG.LND.PRCP.MM,2003,1646
COG,コンゴ共和国,AG.LND.PRCP.MM,2004,1646
COG,コンゴ共和国,AG.LND.PRCP.MM,2005,1646
COG,コンゴ共和国,AG.LND.PRCP.MM,2006,1646
COG,コンゴ共和国,AG.LND.PRCP.MM,2007,1646
COG,コンゴ共和国,AG.LND.PRCP.MM,2008,1646
COG,コンゴ共和国,AG.LND.PRCP.MM,2009,1646
COG,コンゴ共和国,AG.LND.PRCP.MM,2010,1646
COG,コンゴ共和国,AG.LND.PRCP.MM,2011,1646
COG,コンゴ共和国,AG.LND.PRCP.MM,2012,1646
COG,コンゴ共和国,AG.LND.PRCP.MM,2013,1646
COG,コンゴ共和国,AG.LND.PRCP.MM,2014,1646
COG,コンゴ共和国,AG.LND.PRCP.MM,2015,1646
COG,コンゴ共和国,AG.LND.PRCP.MM,2016,1646
COG,コンゴ共和国,AG.LND.PRCP.MM,2017,1646
COG,コンゴ共和国,AG.LND.PRCP.MM,2018,1646
COG,コンゴ共和国,AG.LND.PRCP.MM,2019,1646
COG,コンゴ共和国,AG.LND.PRCP.MM,2020,1646
COG,コンゴ共和国,AG.LND.PRCP.MM,2021,1646
COG,コンゴ共和国,AG.LND.PRCP.MM,2022,1646
COG,コンゴ共和国,AG.LND.PRCP.MM,2023,
COG,コンゴ共和国,AG.LND.PRCP.MM,2024,
COM,コモロ,AG.LND.PRCP.MM,2000,900
COM,コモロ,AG.LND.PRCP.MM,2001,900
COM,コモロ,AG.LND.PRCP.MM,2002,900
COM,コモロ,AG.LND.PRCP.MM,2003,900
COM,コモロ,AG.LND.PRCP.MM,2004,900
COM,コモロ,AG.LND.PRCP.MM,2005,900
COM,コモロ,AG.LND.PRCP.MM,2006,900
COM,コモロ,AG.LND.PRCP.MM,2007,900
COM,コモロ,AG.LND.PRCP.MM,2008,900
COM,コモロ,AG.LND.PRCP.MM,2009,900
COM,コモロ,AG.LND.PRCP.MM,2010,900
COM,コモロ,AG.LND.PRCP.MM,2011,900
COM,コモロ,AG.LND.PRCP.MM,2012,900
COM,コモロ,AG.LND.PRCP.MM,2013,900
COM,コモロ,AG.LND.PRCP.MM,2014,900
COM,コモロ,AG.LND.PRCP.MM,2015,900
COM,コモロ,AG.LND.PRCP.MM,2016,900
COM,コモロ,AG.LND.PRCP.MM,2017,900
COM,コモロ,AG.LND.PRCP.MM,2018,900
COM,コモロ,AG.LND.PRCP.MM,2019,900
COM,コモロ,AG.LND.PRCP.MM,2020,900
COM,コモロ,AG.LND.PRCP.MM,2021,900
COM,コモロ,AG.LND.PRCP.MM,2022,900
COM,コモロ,AG.LND.PRCP.MM,2023,
COM,コモロ,AG.LND.PRCP.MM,2024,
CPV,カーボベルデ,AG.LND.PRCP.MM,2000,228
CPV,カーボベルデ,AG.LND.PRCP.MM,2001,228
CPV,カーボベルデ,AG.LND.PRCP.MM,2002,228
CPV,カーボベルデ,AG.LND.PRCP.MM,2003,228
CPV,カーボベルデ,AG.LND.PRCP.MM,2004,228
CPV,カーボベルデ,AG.LND.PRCP.MM,2005,228
CPV,カーボベルデ,AG.LND.PRCP.MM,2006,228
CPV,カーボベルデ,AG.LND.PRCP.MM,2007,228
CPV,カーボベルデ,AG.LND.PRCP.MM,2008,228
CPV,カーボベルデ,AG.LND.PRCP.MM,2009,228
CPV,カーボベルデ,AG.LND.PRCP.MM,2010,228
CPV,カーボベルデ,AG.LND.PRCP.MM,2011,228
CPV,カーボベルデ,AG.LND.PRCP.MM,2012,228
CPV,カーボベルデ,AG.LND.PRCP.MM,2013,228
CPV,カーボベルデ,AG.LND.PRCP.MM,2014,228
CPV,カーボベルデ,AG.LND.PRCP.MM,2015,228
CPV,カーボベルデ,AG.LND.PRCP.MM,2016,228
CPV,カーボベルデ,AG.LND.PRCP.MM,2017,228
CPV,カーボベルデ,AG.LND.PRCP.MM,2018,228
CPV,カーボベルデ,AG.LND.PRCP.MM,2019,228
CPV,カーボベルデ,AG.LND.PRCP.MM,2020,228
CPV,カーボベルデ,AG.LND.PRCP.MM,2021,228
CPV,カーボベルデ,AG.LND.PRCP.MM,2022,228
CPV,カーボベルデ,AG.LND.PRCP.MM,2023,
CPV,カーボベルデ,AG.LND.PRCP.MM,2024,
DJI,ジブチ,AG.LND.PRCP.MM,2000,220
DJI,ジブチ,AG.LND.PRCP.MM,2001,220
DJI,ジブチ,AG.LND.PRCP.MM,2002,220
DJI,ジブチ,AG.LND.PRCP.MM,2003,220
DJI,ジブチ,AG.LND.PRCP.MM,2004,220
DJI,ジブチ,AG.LND.PRCP.MM,2005,220
DJI,ジブチ,AG.LND.PRCP.MM,2006,220
DJI,ジブチ,AG.LND.PRCP.MM,2007,220
DJI,ジブチ,AG.LND.PRCP.MM,2008,220
DJI,ジブチ,AG.LND.PRCP.MM,2009,220
DJI,ジブチ,AG.LND.PRCP.MM,2010,220
DJI,ジブチ,AG.LND.PRCP.MM,2011,220
DJI,ジブチ,AG.LND.PRCP.MM,2012,220
DJI,ジブチ,AG.LND.PRCP.MM,2013,220
DJI,ジブチ,AG.LND.PRCP.MM,2014,220
DJI,ジブチ,AG.LND.PRCP.MM,2015,220
DJI,ジブチ,AG.LND.PRCP.MM,2016,220
DJI,ジブチ,AG.LND.PRCP.MM,2017,220
DJI,ジブチ,AG.LND.PRCP.MM,2018,220
DJI,ジブチ,AG.LND.PRCP.MM,2019,220
DJI,ジブチ,AG.LND.PRCP.MM,2020,220
DJI,ジブチ,AG.LND.PRCP.MM,2021,220
DJI,ジブチ,AG.LND.PRCP.MM,2022,220
DJI,ジブチ,AG.LND.PRCP.MM,2023,
DJI,ジブチ,AG.LND.PRCP.MM,2024,
DZA,アルジェリア,AG.LND.PRCP.MM,2000,89
DZA,アルジェリア,AG.LND.PRCP.MM,2001,89
DZA,アルジェリア,AG.LND.PRCP.MM,2002,89
DZA,アルジェリア,AG.LND.PRCP.MM,2003,89
DZA,アルジェリア,AG.LND.PRCP.MM,2004,89
DZA,アルジェリア,AG.LND.PRCP.MM,2005,89
DZA,アルジェリア,AG.LND.PRCP.MM,2006,89
DZA,アルジェリア,AG.LND.PRCP.MM,2007,89
DZA,アルジェリア,AG.LND.PRCP.MM,2008,89
DZA,アルジェリア,AG.LND.PRCP.MM,2009,89
DZA,アルジェリア,AG.LND.PRCP.MM,2010,89
DZA,アルジェリア,AG.LND.PRCP.MM,2011,89
DZA,アルジェリア,AG.LND.PRCP.MM,2012,89
DZA,アルジェリア,AG.LND.PRCP.MM,2013,89
DZA,アルジェリア,AG.LND.PRCP.MM,2014,89
DZA,アルジェリア,AG.LND.PRCP.MM,2015,89
DZA,アルジェリア,AG.LND.PRCP.MM,2016,89
DZA,アルジェリア,AG.LND.PRCP.MM,2017,89
DZA,アルジェリア,AG.LND.PRCP.MM,2018,89
DZA,アルジェリア,AG.LND.PRCP.MM,2019,89
DZA,アルジェリア,AG.LND.PRCP.MM,2020,89
DZA,アルジェリア,AG.LND.PRCP.MM,2021,89
DZA,アルジェリア,AG.LND.PRCP.MM,2022,89
DZA,アルジェリア,AG.LND.PRCP.MM,2023,
DZA,アルジェリア,AG.LND.PRCP.MM,2024,
EGY,エジプト,AG.LND.PRCP.MM,2000,18.1
EGY,エジプト,AG.LND.PRCP.MM,2001,18.1
EGY,エジプト,AG.LND.PRCP.MM,2002,18.1
EGY,エジプト,AG.LND.PRCP.MM,2003,18.1
EGY,エジプト,AG.LND.PRCP.MM,2004,18.1
EGY,エジプト,AG.LND.PRCP.MM,2005,18.1
EGY,エジプト,AG.LND.PRCP.MM,2006,18.1
EGY,エジプト,AG.LND.PRCP.MM,2007,18.1
EGY,エジプト,AG.LND.PRCP.MM,2008,18.1
EGY,エジプト,AG.LND.PRCP.MM,2009,18.1
EGY,エジプト,AG.LND.PRCP.MM,2010,18.1
EGY,エジプト,AG.LND.PRCP.MM,2011,18.1
EGY,エジプト,AG.LND.PRCP.MM,2012,18.1
EGY,エジプト,AG.LND.PRCP.MM,2013,18.1
EGY,エジプト,AG.LND.PRCP.MM,2014,18.1
EGY,エジプト,AG.LND.PRCP.MM,2015,18.1
EGY,エジプト,AG.LND.PRCP.MM,2016,18.1
EGY,エジプト,AG.LND.PRCP.MM,2017,18.1
EGY,エジプト,AG.LND.PRCP.MM,2018,18.1
EGY,エジプト,AG.LND.PRCP.MM,2019,18.1
EGY,エジプト,AG.LND.PRCP.MM,2020,18.1
EGY,エジプト,AG.LND.PRCP.MM,2021,18.1
EGY,エジプト,AG.LND.PRCP.MM,2022,18.1
EGY,エジプト,AG.LND.PRCP.MM,2023,
EGY,エジプト,AG.LND.PRCP.MM,2024,
ERI,エリトリア,AG.LND.PRCP.MM,2000,384
ERI,エリトリア,AG.LND.PRCP.MM,2001,384
ERI,エリトリア,AG.LND.PRCP.MM,2002,384
ERI,エリトリア,AG.LND.PRCP.MM,2003,384
ERI,エリトリア,AG.LND.PRCP.MM,2004,384
ERI,エリトリア,AG.LND.PRCP.MM,2005,384
ERI,エリトリア,AG.LND.PRCP.MM,2006,384
ERI,エリトリア,AG.LND.PRCP.MM,2007,384
ERI,エリトリア,AG.LND.PRCP.MM,2008,384
ERI,エリトリア,AG.LND.PRCP.MM,2009,384
ERI,エリトリア,AG.LND.PRCP.MM,2010,384
ERI,エリトリア,AG.LND.PRCP.MM,2011,384
ERI,エリトリア,AG.LND.PRCP.MM,2012,384
ERI,エリトリア,AG.LND.PRCP.MM,2013,384
ERI,エリトリア,AG.LND.PRCP.MM,2014,384
ERI,エリトリア,AG.LND.PRCP.MM,2015,384
ERI,エリトリア,AG.LND.PRCP.MM,2016,384
ERI,エリトリア,AG.LND.PRCP.MM,2017,384
ERI,エリトリア,AG.LND.PRCP.MM,2018,384
ERI,エリトリア,AG.LND.PRCP.MM,2019,384
ERI,エリトリア,AG.LND.PRCP.MM,2020,384
ERI,エリトリア,AG.LND.PRCP.MM,2021,384
ERI,エリトリア,AG.LND.PRCP.MM,2022,384
ERI,エリトリア,AG.LND.PRCP.MM,2023,
ERI,エリトリア,AG.LND.PRCP.MM,2024,
ESH,西サハラ,AG.LND.PRCP.MM,2000,
ESH,西サハラ,AG.LND.PRCP.MM,2001,
ESH,西サハラ,AG.LND.PRCP.MM,2002,
ESH,西サハラ,AG.LND.PRCP.MM,2003,
ESH,西サハラ,AG.LND.PRCP.MM,2004,
ESH,西サハラ,AG.LND.PRCP.MM,2005,
ESH,西サハラ,AG.LND.PRCP.MM,2006,
ESH,西サハラ,AG.LND.PRCP.MM,2007,
ESH,西サハラ,AG.LND.PRCP.MM,2008,
ESH,西サハラ,AG.LND.PRCP.MM,2009,
ESH,西サハラ,AG.LND.PRCP.MM,2010,
ESH,西サハラ,AG.LND.PRCP.MM,2011,
ESH,西サハラ,AG.LND.PRCP.MM,2012,
ESH,西サハラ,AG.LND.PRCP.MM,2013,
ESH,西サハラ,AG.LND.PRCP.MM,2014,
ESH,西サハラ,AG.LND.PRCP.MM,2015,
ESH,西サハラ,AG.LND.PRCP.MM,2016,
ESH,西サハラ,AG.LND.PRCP.MM,2017,
ESH,西サハラ,AG.LND.PRCP.MM,2018,
ESH,西サハラ,AG.LND.PRCP.MM,2019,
ESH,西サハラ,AG.LND.PRCP.MM,2020,
ESH,西サハラ,AG.LND.PRCP.MM,2021,
ESH,西サハラ,AG.LND.PRCP.MM,2022,
ESH,西サハラ,AG.LND.PRCP.MM,2023,
ESH,西サハラ,AG.LND.PRCP.MM,2024,
ETH,エチオピア,AG.LND.PRCP.MM,2000,848
ETH,エチオピア,AG.LND.PRCP.MM,2001,848
ETH,エチオピア,AG.LND.PRCP.MM,2002,848
ETH,エチオピア,AG.LND.PRCP.MM,2003,848
ETH,エチオピア,AG.LND.PRCP.MM,2004,848
ETH,エチオピア,AG.LND.PRCP.MM,2005,848
ETH,エチオピア,AG.LND.PRCP.MM,2006,848
ETH,エチオピア,AG.LND.PRCP.MM,2007,848
ETH,エチオピア,AG.LND.PRCP.MM,2008,848
ETH,エチオピア,AG.LND.PRCP.MM,2009,848
ETH,エチオピア,AG.LND.PRCP.MM,2010,848
ETH,エチオピア,AG.LND.PRCP.MM,2011,848
ETH,エチオピア,AG.LND.PRCP.MM,2012,848
ETH,エチオピア,AG.LND.PRCP.MM,2013,848
ETH,エチオピア,AG.LND.PRCP.MM,2014,848
ETH,エチオピア,AG.LND.PRCP.MM,2015,848
ETH,エチオピア,AG.LND.PRCP.MM,2016,848
ETH,エチオピア,AG.LND.PRCP.MM,2017,848
ETH,エチオピア,AG.LND.PRCP.MM,2018,848
ETH,エチオピア,AG.LND.PRCP.MM,2019,848
ETH,エチオピア,AG.LND.PRCP.MM,2020,848
ETH,エチオピア,AG.LND.PRCP.MM,2021,848
ETH,エチオピア,AG.LND.PRCP.MM,2022,848
ETH,エチオピア,AG.LND.PRCP.MM,2023,
ETH,エチオピア,AG.LND.PRCP.MM,2024,
GAB,ガボン,AG.LND.PRCP.MM,2000,1831
GAB,ガボン,AG.LND.PRCP.MM,2001,1831
GAB,ガボン,AG.LND.PRCP.MM,2002,1831
GAB,ガボン,AG.LND.PRCP.MM,2003,1831
GAB,ガボン,AG.LND.PRCP.MM,2004,1831
GAB,ガボン,AG.LND.PRCP.MM,2005,1831
GAB,ガボン,AG.LND.PRCP.MM,2006,1831
GAB,ガボン,AG.LND.PRCP.MM,2007,1831
GAB,ガボン,AG.LND.PRCP.MM,2008,1831
GAB,ガボン,AG.LND.PRCP.MM,2009,1831
GAB,ガボン,AG.LND.PRCP.MM,2010,1831
GAB,ガボン,AG.LND.PRCP.MM,2011,1831
GAB,ガボン,AG.LND.PRCP.MM,2012,1831
GAB,ガボン,AG.LND.PRCP.MM,2013,1831
GAB,ガボン,AG.LND.PRCP.MM,2014,1831
GAB,ガボン,AG.LND.PRCP.MM,2015,1831
GAB,ガボン,AG.LND.PRCP.MM,2016,1831
GAB,ガボン,AG.LND.PRCP.MM,2017,1831
GAB,ガボン,AG.LND.PRCP.MM,2018,1831
GAB,ガボン,AG.LND.PRCP.MM,2019,1831
GAB,ガボン,AG.LND.PRCP.MM,2020,1831
GAB,ガボン,AG.LND.PRCP.MM,2021,1831
GAB,ガボン,AG.LND.PRCP.MM,2022,1831
GAB,ガボン,AG.LND.PRCP.MM,2023,
GAB,ガボン,AG.LND.PRCP.MM,2024,
GHA,ガーナ,AG.LND.PRCP.MM,2000,1187
GHA,ガーナ,AG.LND.PRCP.MM,2001,1187
GHA,ガーナ,AG.LND.PRCP.MM,2002,1187
GHA,ガーナ,AG.LND.PRCP.MM,2003,1187
GHA,ガーナ,AG.LND.PRCP.MM,2004,1187
GHA,ガーナ,AG.LND.PRCP.MM,2005,1187
GHA,ガーナ,AG.LND.PRCP.MM,2006,1187
GHA,ガーナ,AG.LND.PRCP.MM,2007,1187
GHA,ガーナ,AG.LND.PRCP.MM,2008,1187
GHA,ガーナ,AG.LND.PRCP.MM,2009,1187
GHA,ガーナ,AG.LND.PRCP.MM,2010,1187
GHA,ガーナ,AG.LND.PRCP.MM,2011,1187
GHA,ガーナ,AG.LND.PRCP.MM,2012,1187
GHA,ガーナ,AG.LND.PRCP.MM,2013,1187
GHA,ガーナ,AG.LND.PRCP.MM,2014,1187
GHA,ガーナ,AG.LND.PRCP.MM,2015,1187
GHA,ガーナ,AG.LND.PRCP.MM,2016,1187
GHA,ガーナ,AG.LND.PRCP.MM,2017,1187
GHA,ガーナ,AG.LND.PRCP.MM,2018,1187
GHA,ガーナ,AG.LND.PRCP.MM,2019,1187
GHA,ガーナ,AG.LND.PRCP.MM,2020,1187
GHA,ガーナ,AG.LND.PRCP.MM,2021,1187
GHA,ガーナ,AG.LND.PRCP.MM,2022,1187
GHA,ガーナ,AG.LND.PRCP.MM,2023,
GHA,ガーナ,AG.LND.PRCP.MM,2024,
GIN,ギニア,AG.LND.PRCP.MM,2000,1651
GIN,ギニア,AG.LND.PRCP.MM,2001,1651
GIN,ギニア,AG.LND.PRCP.MM,2002,1651
GIN,ギニア,AG.LND.PRCP.MM,2003,1651
GIN,ギニア,AG.LND.PRCP.MM,2004,1651
GIN,ギニア,AG.LND.PRCP.MM,2005,1651
GIN,ギニア,AG.LND.PRCP.MM,2006,1651
GIN,ギニア,AG.LND.PRCP.MM,2007,1651
GIN,ギニア,AG.LND.PRCP.MM,2008,1651
GIN,ギニア,AG.LND.PRCP.MM,2009,1651
GIN,ギニア,AG.LND.PRCP.MM,2010,1651
GIN,ギニア,AG.LND.PRCP.MM,2011,1651
GIN,ギニア,AG.LND.PRCP.MM,2012,1651
GIN,ギニア,AG.LND.PRCP.MM,2013,1651
GIN,ギニア,AG.LND.PRCP.MM,2014,1651
GIN,ギニア,AG.LND.PRCP.MM,2015,1651
GIN,ギニア,AG.LND.PRCP.MM,2016,1651
GIN,ギニア,AG.LND.PRCP.MM,2017,1651
GIN,ギニア,AG.LND.PRCP.MM,2018,1651
GIN,ギニア,AG.LND.PRCP.MM,2019,1651
GIN,ギニア,AG.LND.PRCP.MM,2020,1651
GIN,ギニア,AG.LND.PRCP.MM,2021,1651
GIN,ギニア,AG.LND.PRCP.MM,2022,1651
GIN,ギニア,AG.LND.PRCP.MM,2023,
GIN,ギニア,AG.LND.PRCP.MM,2024,
GMB,ガンビア,AG.LND.PRCP.MM,2000,836
GMB,ガンビア,AG.LND.PRCP.MM,2001,836
GMB,ガンビア,AG.LND.PRCP.MM,2002,836
GMB,ガンビア,AG.LND.PRCP.MM,2003,836
GMB,ガンビア,AG.LND.PRCP.MM,2004,836
GMB,ガンビア,AG.LND.PRCP.MM,2005,836
GMB,ガンビア,AG.LND.PRCP.MM,2006,836
GMB,ガンビア,AG.LND.PRCP.MM,2007,836
GMB,ガンビア,AG.LND.PRCP.MM,2008,836
GMB,ガンビア,AG.LND.PRCP.MM,2009,836
GMB,ガンビア,AG.LND.PRCP.MM,2010,836
GMB,ガンビア,AG.LND.PRCP.MM,2011,836
GMB,ガンビア,AG.LND.PRCP.MM,2012,836
GMB,ガンビア,AG.LND.PRCP.MM,2013,836
GMB,ガンビア,AG.LND.PRCP.MM,2014,836
GMB,ガンビア,AG.LND.PRCP.MM,2015,836
GMB,ガンビア,AG.LND.PRCP.MM,2016,836
GMB,ガンビア,AG.LND.PRCP.MM,2017,836
GMB,ガンビア,AG.LND.PRCP.MM,2018,836
GMB,ガンビア,AG.LND.PRCP.MM,2019,836
GMB,ガンビア,AG.LND.PRCP.MM,2020,836
GMB,ガンビア,AG.LND.PRCP.MM,2021,836
GMB,ガンビア,AG.LND.PRCP.MM,2022,836
GMB,ガンビア,AG.LND.PRCP.MM,2023,
GMB,ガンビア,AG.LND.PRCP.MM,2024,
GNB,ギニアビサウ,AG.LND.PRCP.MM,2000,1577
GNB,ギニアビサウ,AG.LND.PRCP.MM,2001,1577
GNB,ギニアビサウ,AG.LND.PRCP.MM,2002,1577
GNB,ギニアビサウ,AG.LND.PRCP.MM,2003,1577
GNB,ギニアビサウ,AG.LND.PRCP.MM,2004,1577
GNB,ギニアビサウ,AG.LND.PRCP.MM,2005,1577
GNB,ギニアビサウ,AG.LND.PRCP.MM,2006,1577
GNB,ギニアビサウ,AG.LND.PRCP.MM,2007,1577
GNB,ギニアビサウ,AG.LND.PRCP.MM,2008,1577
GNB,ギニアビサウ,AG.LND.PRCP.MM,2009,1577
GNB,ギニアビサウ,AG.LND.PRCP.MM,2010,1577
GNB,ギニアビサウ,AG.LND.PRCP.MM,2011,1577
GNB,ギニアビサウ,AG.LND.PRCP.MM,2012,1577
GNB,ギニアビサウ,AG.LND.PRCP.MM,2013,1577
GNB,ギニアビサウ,AG.LND.PRCP.MM,2014,1577
GNB,ギニアビサウ,AG.LND.PRCP.MM,2015,1577
GNB,ギニアビサウ,AG.LND.PRCP.MM,2016,1577
GNB,ギニアビサウ,AG.LND.PRCP.MM,2017,1577
GNB,ギニアビサウ,AG.LND.PRCP.MM,2018,1577
GNB,ギニアビサウ,AG.LND.PRCP.MM,2019,1577
GNB,ギニアビサウ,AG.LND.PRCP.MM,2020,1577
GNB,ギニアビサウ,AG.LND.PRCP.MM,2021,1577
GNB,ギニアビサウ,AG.LND.PRCP.MM,2022,1577
GNB,ギニアビサウ,AG.LND.PRCP.MM,2023,
GNB,ギニアビサウ,AG.LND.PRCP.MM,2024,
GNQ,赤道ギニア,AG.LND.PRCP.MM,2000,2156
GNQ,赤道ギニア,AG.LND.PRCP.MM,2001,2156
GNQ,赤道ギニア,AG.LND.PRCP.MM,2002,2156
GNQ,赤道ギニア,AG.LND.PRCP.MM,2003,2156
GNQ,赤道ギニア,AG.LND.PRCP.MM,2004,2156
GNQ,赤道ギニア,AG.LND.PRCP.MM,2005,2156
GNQ,赤道ギニア,AG.LND.PRCP.MM,2006,2156
GNQ,赤道ギニア,AG.LND.PRCP.MM,2007,2156
GNQ,赤道ギニア,AG.LND.PRCP.MM,2008,2156
GNQ,赤道ギニア,AG.LND.PRCP.MM,2009,2156
GNQ,赤道ギニア,AG.LND.PRCP.MM,2010,2156
GNQ,赤道ギニア,AG.LND.PRCP.MM,2011,2156
GNQ,赤道ギニア,AG.LND.PRCP.MM,2012,2156
GNQ,赤道ギニア,AG.LND.PRCP.MM,2013,2156
GNQ,赤道ギニア,AG.LND.PRCP.MM,2014,2156
GNQ,赤道ギニア,AG.LND.PRCP.MM,2015,2156
GNQ,赤道ギニア,AG.LND.PRCP.MM,2016,2156
GNQ,赤道ギニア,AG.LND.PRCP.MM,2017,2156
GNQ,赤道ギニア,AG.LND.PRCP.MM,2018,2156
GNQ,赤道ギニア,AG.LND.PRCP.MM,2019,2156
GNQ,赤道ギニア,AG.LND.PRCP.MM,2020,2156
GNQ,赤道ギニア,AG.LND.PRCP.MM,2021,2156
GNQ,赤道ギニア,AG.LND.PRCP.MM,2022,2156
GNQ,赤道ギニア,AG.LND.PRCP.MM,2023,
GNQ,赤道ギニア,AG.LND.PRCP.MM,2024,
KEN,ケニア,AG.LND.PRCP.MM,2000,692
KEN,ケニア,AG.LND.PRCP.MM,2001,630
KEN,ケニア,AG.LND.PRCP.MM,2002,630
KEN,ケニア,AG.LND.PRCP.MM,2003,630
KEN,ケニア,AG.LND.PRCP.MM,2004,630
KEN,ケニア,AG.LND.PRCP.MM,2005,630
KEN,ケニア,AG.LND.PRCP.MM,2006,630
KEN,ケニア,AG.LND.PRCP.MM,2007,630
KEN,ケニア,AG.LND.PRCP.MM,2008,630
KEN,ケニア,AG.LND.PRCP.MM,2009,630
KEN,ケニア,AG.LND.PRCP.MM,2010,630
KEN,ケニア,AG.LND.PRCP.MM,2011,630
KEN,ケニア,AG.LND.PRCP.MM,2012,630
KEN,ケニア,AG.LND.PRCP.MM,2013,630
KEN,ケニア,AG.LND.PRCP.MM,2014,630
KEN,ケニア,AG.LND.PRCP.MM,2015,630
KEN,ケニア,AG.LND.PRCP.MM,2016,630
KEN,ケニア,AG.LND.PRCP.MM,2017,630
KEN,ケニア,AG.LND.PRCP.MM,2018,630
KEN,ケニア,AG.LND.PRCP.MM,2019,630
KEN,ケニア,AG.LND.PRCP.MM,2020,630
KEN,ケニア,AG.LND.PRCP.MM,2021,630
KEN,ケニア,AG.LND.PRCP.MM,2022,630
KEN,ケニア,AG.LND.PRCP.MM,2023,
KEN,ケニア,AG.LND.PRCP.MM,2024,
LBR,リベリア,AG.LND.PRCP.MM,2000,2391
LBR,リベリア,AG.LND.PRCP.MM,2001,2391
LBR,リベリア,AG.LND.PRCP.MM,2002,2391
LBR,リベリア,AG.LND.PRCP.MM,2003,2391
LBR,リベリア,AG.LND.PRCP.MM,2004,2391
LBR,リベリア,AG.LND.PRCP.MM,2005,2391
LBR,リベリア,AG.LND.PRCP.MM,2006,2391
LBR,リベリア,AG.LND.PRCP.MM,2007,2391
LBR,リベリア,AG.LND.PRCP.MM,2008,2391
LBR,リベリア,AG.LND.PRCP.MM,2009,2391
LBR,リベリア,AG.LND.PRCP.MM,2010,2391
LBR,リベリア,AG.LND.PRCP.MM,2011,2391
LBR,リベリア,AG.LND.PRCP.MM,2012,2391
LBR,リベリア,AG.LND.PRCP.MM,2013,2391
LBR,リベリア,AG.LND.PRCP.MM,2014,2391
LBR,リベリア,AG.LND.PRCP.MM,2015,2391
LBR,リベリア,AG.LND.PRCP.MM,2016,2391
LBR,リベリア,AG.LND.PRCP.MM,2017,2391
LBR,リベリア,AG.LND.PRCP.MM,2018,2391
LBR,リベリア,AG.LND.PRCP.MM,2019,2391
LBR,リベリア,AG.LND.PRCP.MM,2020,2391
LBR,リベリア,AG.LND.PRCP.MM,2021,2391
LBR,リベリア,AG.LND.PRCP.MM,2022,2391
LBR,リベリア,AG.LND.PRCP.MM,2023,
LBR,リベリア,AG.LND.PRCP.MM,2024,
LBY,リビア,AG.LND.PRCP.MM,2000,56
LBY,リビア,AG.LND.PRCP.MM,2001,56
LBY,リビア,AG.LND.PRCP.MM,2002,56
LBY,リビア,AG.LND.PRCP.MM,2003,56
LBY,リビア,AG.LND.PRCP.MM,2004,56
LBY,リビア,AG.LND.PRCP.MM,2005,56
LBY,リビア,AG.LND.PRCP.MM,2006,56
LBY,リビア,AG.LND.PRCP.MM,2007,56
LBY,リビア,AG.LND.PRCP.MM,2008,56
LBY,リビア,AG.LND.PRCP.MM,2009,56
LBY,リビア,AG.LND.PRCP.MM,2010,56
LBY,リビア,AG.LND.PRCP.MM,2011,56
LBY,リビア,AG.LND.PRCP.MM,2012,56
LBY,リビア,AG.LND.PRCP.MM,2013,56
LBY,リビア,AG.LND.PRCP.MM,2014,56
LBY,リビア,AG.LND.PRCP.MM,2015,56
LBY,リビア,AG.LND.PRCP.MM,2016,56
LBY,リビア,AG.LND.PRCP.MM,2017,56
LBY,リビア,AG.LND.PRCP.MM,2018,56
LBY,リビア,AG.LND.PRCP.MM,2019,56
LBY,リビア,AG.LND.PRCP.MM,2020,56
LBY,リビア,AG.LND.PRCP.MM,2021,56
LBY,リビア,AG.LND.PRCP.MM,2022,56
LBY,リビア,AG.LND.PRCP.MM,2023,
LBY,リビア,AG.LND.PRCP.MM,2024,
LSO,レソト,AG.LND.PRCP.MM,2000,788
LSO,レソト,AG.LND.PRCP.MM,2001,788
LSO,レソト,AG.LND.PRCP.MM,2002,788
LSO,レソト,AG.LND.PRCP.MM,2003,788
LSO,レソト,AG.LND.PRCP.MM,2004,788
LSO,レソト,AG.LND.PRCP.MM,2005,788
LSO,レソト,AG.LND.PRCP.MM,2006,788
LSO,レソト,AG.LND.PRCP.MM,2007,788
LSO,レソト,AG.LND.PRCP.MM,2008,788
LSO,レソト,AG.LND.PRCP.MM,2009,788
LSO,レソト,AG.LND.PRCP.MM,2010,788
LSO,レソト,AG.LND.PRCP.MM,2011,788
LSO,レソト,AG.LND.PRCP.MM,2012,788
LSO,レソト,AG.LND.PRCP.MM,2013,788
LSO,レソト,AG.LND.PRCP.MM,2014,788
LSO,レソト,AG.LND.PRCP.MM,2015,788
LSO,レソト,AG.LND.PRCP.MM,2016,788
LSO,レソト,AG.LND.PRCP.MM,2017,788
LSO,レソト,AG.LND.PRCP.MM,2018,788
LSO,レソト,AG.LND.PRCP.MM,2019,788
LSO,レソト,AG.LND.PRCP.MM,2020,788
LSO,レソト,AG.LND.PRCP.MM,2021,788
LSO,レソト,AG.LND.PRCP.MM,2022,788
LSO,レソト,AG.LND.PRCP.MM,2023,
LSO,レソト,AG.LND.PRCP.MM,2024,
MAR,モロッコ,AG.LND.PRCP.MM,2000,346
MAR,モロッコ,AG.LND.PRCP.MM,2001,346
MAR,モロッコ,AG.LND.PRCP.MM,2002,346
MAR,モロッコ,AG.LND.PRCP.MM,2003,346
MAR,モロッコ,AG.LND.PRCP.MM,2004,346
MAR,モロッコ,AG.LND.PRCP.MM,2005,346
MAR,モロッコ,AG.LND.PRCP.MM,2006,346
MAR,モロッコ,AG.LND.PRCP.MM,2007,346
MAR,モロッコ,AG.LND.PRCP.MM,2008,346
MAR,モロッコ,AG.LND.PRCP.MM,2009,346
MAR,モロッコ,AG.LND.PRCP.MM,2010,346
MAR,モロッコ,AG.LND.PRCP.MM,2011,346
MAR,モロッコ,AG.LND.PRCP.MM,2012,346
MAR,モロッコ,AG.LND.PRCP.MM,2013,346
MAR,モロッコ,AG.LND.PRCP.MM,2014,346
MAR,モロッコ,AG.LND.PRCP.MM,2015,346
MAR,モロッコ,AG.LND.PRCP.MM,2016,346
MAR,モロッコ,AG.LND.PRCP.MM,2017,346
MAR,モロッコ,AG.LND.PRCP.MM,2018,346
MAR,モロッコ,AG.LND.PRCP.MM,2019,346
MAR,モロッコ,AG.LND.PRCP.MM,2020,346
MAR,モロッコ,AG.LND.PRCP.MM,2021,346
MAR,モロッコ,AG.LND.PRCP.MM,2022,346
MAR,モロッコ,AG.LND.PRCP.MM,2023,
MAR,モロッコ,AG.LND.PRCP.MM,2024,
MDG,マダガスカル,AG.LND.PRCP.MM,2000,1513
MDG,マダガスカル,AG.LND.PRCP.MM,2001,1513
MDG,マダガスカル,AG.LND.PRCP.MM,2002,1513
MDG,マダガスカル,AG.LND.PRCP.MM,2003,1513
MDG,マダガスカル,AG.LND.PRCP.MM,2004,1513
MDG,マダガスカル,AG.LND.PRCP.MM,2005,1513
MDG,マダガスカル,AG.LND.PRCP.MM,2006,1513
MDG,マダガスカル,AG.LND.PRCP.MM,2007,1513
MDG,マダガスカル,AG.LND.PRCP.MM,2008,1513
MDG,マダガスカル,AG.LND.PRCP.MM,2009,1513
MDG,マダガスカル,AG.LND.PRCP.MM,2010,1513
MDG,マダガスカル,AG.LND.PRCP.MM,2011,1513
MDG,マダガスカル,AG.LND.PRCP.MM,2012,1513
MDG,マダガスカル,AG.LND.PRCP.MM,2013,1513
MDG,マダガスカル,AG.LND.PRCP.MM,2014,1513
MDG,マダガスカル,AG.LND.PRCP.MM,2015,1513
MDG,マダガスカル,AG.LND.PRCP.MM,2016,1513
MDG,マダガスカル,AG.LND.PRCP.MM,2017,1513
MDG,マダガスカル,AG.LND.PRCP.MM,2018,1513
MDG,マダガスカル,AG.LND.PRCP.MM,2019,1513
MDG,マダガスカル,AG.LND.PRCP.MM,2020,1513
MDG,マダガスカル,AG.LND.PRCP.MM,2021,1513
MDG,マダガスカル,AG.LND.PRCP.MM,2022,1513
MDG,マダガスカル,AG.LND.PRCP.MM,2023,
MDG,マダガスカル,AG.LND.PRCP.MM,2024,
MLI,マリ,AG.LND.PRCP.MM,2000,282
MLI,マリ,AG.LND.PRCP.MM,2001,282
MLI,マリ,AG.LND.PRCP.MM,2002,282
MLI,マリ,AG.LND.PRCP.MM,2003,282
MLI,マリ,AG.LND.PRCP.MM,2004,282
MLI,マリ,AG.LND.PRCP.MM,2005,282
MLI,マリ,AG.LND.PRCP.MM,2006,282
MLI,マリ,AG.LND.PRCP.MM,2007,282
MLI,マリ,AG.LND.PRCP.MM,2008,282
MLI,マリ,AG.LND.PRCP.MM,2009,282
MLI,マリ,AG.LND.PRCP.MM,2010,282
MLI,マリ,AG.LND.PRCP.MM,2011,282
MLI,マリ,AG.LND.PRCP.MM,2012,282
MLI,マリ,AG.LND.PRCP.MM,2013,282
MLI,マリ,AG.LND.PRCP.MM,2014,282
MLI,マリ,AG.LND.PRCP.MM,2015,282
MLI,マリ,AG.LND.PRCP.MM,2016,282
MLI,マリ,AG.LND.PRCP.MM,2017,282
MLI,マリ,AG.LND.PRCP.MM,2018,282
MLI,マリ,AG.LND.PRCP.MM,2019,282
MLI,マリ,AG.LND.PRCP.MM,2020,282
MLI,マリ,AG.LND.PRCP.MM,2021,282
MLI,マリ,AG.LND.PRCP.MM,2022,282
MLI,マリ,AG.LND.PRCP.MM,2023,
MLI,マリ,AG.LND.PRCP.MM,2024,
MOZ,モザンビーク,AG.LND.PRCP.MM,2000,1032
MOZ,モザンビーク,AG.LND.PRCP.MM,2001,1032
MOZ,モザンビーク,AG.LND.PRCP.MM,2002,1032
MOZ,モザンビーク,AG.LND.PRCP.MM,2003,1032
MOZ,モザンビーク,AG.LND.PRCP.MM,2004,1032
MOZ,モザンビーク,AG.LND.PRCP.MM,2005,1032
MOZ,モザンビーク,AG.LND.PRCP.MM,2006,1032
MOZ,モザンビーク,AG.LND.PRCP.MM,2007,1032
MOZ,モザンビーク,AG.LND.PRCP.MM,2008,1032
MOZ,モザンビーク,AG.LND.PRCP.MM,2009,1032
MOZ,モザンビーク,AG.LND.PRCP.MM,2010,1032
MOZ,モザンビーク,AG.LND.PRCP.MM,2011,1032
MOZ,モザンビーク,AG.LND.PRCP.MM,2012,1032
MOZ,モザンビーク,AG.LND.PRCP.MM,2013,1032
MOZ,モザンビーク,AG.LND.PRCP.MM,2014,1032
MOZ,モザンビーク,AG.LND.PRCP.MM,2015,1032
MOZ,モザンビーク,AG.LND.PRCP.MM,2016,1032
MOZ,モザンビーク,AG.LND.PRCP.MM,2017,1032
MOZ,モザンビーク,AG.LND.PRCP.MM,2018,1032
MOZ,モザンビーク,AG.LND.PRCP.MM,2019,1032
MOZ,モザンビーク,AG.LND.PRCP.MM,2020,1032
MOZ,モザンビーク,AG.LND.PRCP.MM,2021,1032
MOZ,モザンビーク,AG.LND.PRCP.MM,2022,1032
MOZ,モザンビーク,AG.LND.PRCP.MM,2023,
MOZ,モザンビーク,AG.LND.PRCP.MM,2024,
MRT,モーリタニア,AG.LND.PRCP.MM,2000,92
MRT,モーリタニア,AG.LND.PRCP.MM,2001,92
MRT,モーリタニア,AG.LND.PRCP.MM,2002,92
MRT,モーリタニア,AG.LND.PRCP.MM,2003,92
MRT,モーリタニア,AG.LND.PRCP.MM,2004,92
MRT,モーリタニア,AG.LND.PRCP.MM,2005,92
MRT,モーリタニア,AG.LND.PRCP.MM,2006,92
MRT,モーリタニア,AG.LND.PRCP.MM,2007,92
MRT,モーリタニア,AG.LND.PRCP.MM,2008,92
MRT,モーリタニア,AG.LND.PRCP.MM,2009,92
MRT,モーリタニア,AG.LND.PRCP.MM,2010,92
MRT,モーリタニア,AG.LND.PRCP.MM,2011,92
MRT,モーリタニア,AG.LND.PRCP.MM,2012,92
MRT,モーリタニア,AG.LND.PRCP.MM,2013,92
MRT,モーリタニア,AG.LND.PRCP.MM,2014,92
MRT,モーリタニア,AG.LND.PRCP.MM,2015,92
MRT,モーリタニア,AG.LND.PRCP.MM,2016,92
MRT,モーリタニア,AG.LND.PRCP.MM,2017,92
MRT,モーリタニア,AG.LND.PRCP.MM,2018,92
MRT,モーリタニア,AG.LND.PRCP.MM,2019,92
MRT,モーリタニア,AG.LND.PRCP.MM,2020,92
MRT,モーリタニア,AG.LND.PRCP.MM,2021,92
MRT,モーリタニア,AG.LND.PRCP.MM,2022,92
MRT,モーリタニア,AG.LND.PRCP.MM,2023,
MRT,モーリタニア,AG.LND.PRCP.MM,2024,
MUS,モーリシャス,AG.LND.PRCP.MM,2000,2041
MUS,モーリシャス,AG.LND.PRCP.MM,2001,2041
MUS,モーリシャス,AG.LND.PRCP.MM,2002,2041
MUS,モーリシャス,AG.LND.PRCP.MM,2003,2041
MUS,モーリシャス,AG.LND.PRCP.MM,2004,2041
MUS,モーリシャス,AG.LND.PRCP.MM,2005,2041
MUS,モーリシャス,AG.LND.PRCP.MM,2006,2041
MUS,モーリシャス,AG.LND.PRCP.MM,2007,2041
MUS,モーリシャス,AG.LND.PRCP.MM,2008,2041
MUS,モーリシャス,AG.LND.PRCP.MM,2009,2041
MUS,モーリシャス,AG.LND.PRCP.MM,2010,2041
MUS,モーリシャス,AG.LND.PRCP.MM,2011,2041
MUS,モーリシャス,AG.LND.PRCP.MM,2012,2041
MUS,モーリシャス,AG.LND.PRCP.MM,2013,2041
MUS,モーリシャス,AG.LND.PRCP.MM,2014,2041
MUS,モーリシャス,AG.LND.PRCP.MM,2015,2041
MUS,モーリシャス,AG.LND.PRCP.MM,2016,2041
MUS,モーリシャス,AG.LND.PRCP.MM,2017,2041
MUS,モーリシャス,AG.LND.PRCP.MM,2018,2041
MUS,モーリシャス,AG.LND.PRCP.MM,2019,2041
MUS,モーリシャス,AG.LND.PRCP.MM,2020,2041
MUS,モーリシャス,AG.LND.PRCP.MM,2021,2041
MUS,モーリシャス,AG.LND.PRCP.MM,2022,2041
MUS,モーリシャス,AG.LND.PRCP.MM,2023,
MUS,モーリシャス,AG.LND.PRCP.MM,2024,
MWI,マラウイ,AG.LND.PRCP.MM,2000,1181
MWI,マラウイ,AG.LND.PRCP.MM,2001,1181
MWI,マラウイ,AG.LND.PRCP.MM,2002,1181
MWI,マラウイ,AG.LND.PRCP.MM,2003,1181
MWI,マラウイ,AG.LND.PRCP.MM,2004,1181
MWI,マラウイ,AG.LND.PRCP.MM,2005,1181
MWI,マラウイ,AG.LND.PRCP.MM,2006,1181
MWI,マラウイ,AG.LND.PRCP.MM,2007,1181
MWI,マラウイ,AG.LND.PRCP.MM,2008,1181
MWI,マラウイ,AG.LND.PRCP.MM,2009,1181
MWI,マラウイ,AG.LND.PRCP.MM,2010,1181
MWI,マラウイ,AG.LND.PRCP.MM,2011,1181
MWI,マラウイ,AG.LND.PRCP.MM,2012,1181
MWI,マラウイ,AG.LND.PRCP.MM,2013,1181
MWI,マラウイ,AG.LND.PRCP.MM,2014,1181
MWI,マラウイ,AG.LND.PRCP.MM,2015,1181
MWI,マラウイ,AG.LND.PRCP.MM,2016,1181
MWI,マラウイ,AG.LND.PRCP.MM,2017,1181
MWI,マラウイ,AG.LND.PRCP.MM,2018,1181
MWI,マラウイ,AG.LND.PRCP.MM,2019,1181
MWI,マラウイ,AG.LND.PRCP.MM,2020,1181
MWI,マラウイ,AG.LND.PRCP.MM,2021,1181
MWI,マラウイ,AG.LND.PRCP.MM,2022,1181
MWI,マラウイ,AG.LND.PRCP.MM,2023,
MWI,マラウイ,AG.LND.PRCP.MM,2024,
NAM,ナミビア,AG.LND.PRCP.MM,2000,285
NAM,ナミビア,AG.LND.PRCP.MM,2001,285
NAM,ナミビア,AG.LND.PRCP.MM,2002,285
NAM,ナミビア,AG.LND.PRCP.MM,2003,285
NAM,ナミビア,AG.LND.PRCP.MM,2004,285
NAM,ナミビア,AG.LND.PRCP.MM,2005,285
NAM,ナミビア,AG.LND.PRCP.MM,2006,285
NAM,ナミビア,AG.LND.PRCP.MM,2007,285
NAM,ナミビア,AG.LND.PRCP.MM,2008,285
NAM,ナミビア,AG.LND.PRCP.MM,2009,285
NAM,ナミビア,AG.LND.PRCP.MM,2010,285
NAM,ナミビア,AG.LND.PRCP.MM,2011,285
NAM,ナミビア,AG.LND.PRCP.MM,2012,285
NAM,ナミビア,AG.LND.PRCP.MM,2013,285
NAM,ナミビア,AG.LND.PRCP.MM,2014,285
NAM,ナミビア,AG.LND.PRCP.MM,2015,285
NAM,ナミビア,AG.LND.PRCP.MM,2016,285
NAM,ナミビア,AG.LND.PRCP.MM,2017,285
NAM,ナミビア,AG.LND.PRCP.MM,2018,285
NAM,ナミビア,AG.LND.PRCP.MM,2019,285
NAM,ナミビア,AG.LND.PRCP.MM,2020,285
NAM,ナミビア,AG.LND.PRCP.MM,2021,285
NAM,ナミビア,AG.LND.PRCP.MM,2022,285
NAM,ナミビア,AG.LND.PRCP.MM,2023,
NAM,ナミビア,AG.LND.PRCP.MM,2024,
NER,ニジェール,AG.LND.PRCP.MM,2000,151
NER,ニジェール,AG.LND.PRCP.MM,2001,151
NER,ニジェール,AG.LND.PRCP.MM,2002,151
NER,ニジェール,AG.LND.PRCP.MM,2003,151
NER,ニジェール,AG.LND.PRCP.MM,2004,151
NER,ニジェール,AG.LND.PRCP.MM,2005,151
NER,ニジェール,AG.LND.PRCP.MM,2006,151
NER,ニジェール,AG.LND.PRCP.MM,2007,151
NER,ニジェール,AG.LND.PRCP.MM,2008,151
NER,ニジェール,AG.LND.PRCP.MM,2009,151
NER,ニジェール,AG.LND.PRCP.MM,2010,151
NER,ニジェール,AG.LND.PRCP.MM,2011,151
NER,ニジェール,AG.LND.PRCP.MM,2012,151
NER,ニジェール,AG.LND.PRCP.MM,2013,151
NER,ニジェール,AG.LND.PRCP.MM,2014,151
NER,ニジェール,AG.LND.PRCP.MM,2015,151
NER,ニジェール,AG.LND.PRCP.MM,2016,151
NER,ニジェール,AG.LND.PRCP.MM,2017,151
NER,ニジェール,AG.LND.PRCP.MM,2018,151
NER,ニジェール,AG.LND.PRCP.MM,2019,151
NER,ニジェール,AG.LND.PRCP.MM,2020,151
NER,ニジェール,AG.LND.PRCP.MM,2021,151
NER,ニジェール,AG.LND.PRCP.MM,2022,151
NER,ニジェール,AG.LND.PRCP.MM,2023,
NER,ニジェール,AG.LND.PRCP.MM,2024,
NGA,ナイジェリア,AG.LND.PRCP.MM,2000,1150
NGA,ナイジェリア,AG.LND.PRCP.MM,2001,1150
NGA,ナイジェリア,AG.LND.PRCP.MM,2002,1150
NGA,ナイジェリア,AG.LND.PRCP.MM,2003,1150
NGA,ナイジェリア,AG.LND.PRCP.MM,2004,1150
NGA,ナイジェリア,AG.LND.PRCP.MM,2005,1150
NGA,ナイジェリア,AG.LND.PRCP.MM,2006,1150
NGA,ナイジェリア,AG.LND.PRCP.MM,2007,1150
NGA,ナイジェリア,AG.LND.PRCP.MM,2008,1150
NGA,ナイジェリア,AG.LND.PRCP.MM,2009,1150
NGA,ナイジェリア,AG.LND.PRCP.MM,2010,1150
NGA,ナイジェリア,AG.LND.PRCP.MM,2011,1150
NGA,ナイジェリア,AG.LND.PRCP.MM,2012,1150
NGA,ナイジェリア,AG.LND.PRCP.MM,2013,1150
NGA,ナイジェリア,AG.LND.PRCP.MM,2014,1150
NGA,ナイジェリア,AG.LND.PRCP.MM,2015,1150
NGA,ナイジェリア,AG.LND.PRCP.MM,2016,1150
NGA,ナイジェリア,AG.LND.PRCP.MM,2017,1150
NGA,ナイジェリア,AG.LND.PRCP.MM,2018,1150
NGA,ナイジェリア,AG.LND.PRCP.MM,2019,1150
NGA,ナイジェリア,AG.LND.PRCP.MM,2020,1150
NGA,ナイジェリア,AG.LND.PRCP.MM,2021,1150
NGA,ナイジェリア,AG.LND.PRCP.MM,2022,1150
NGA,ナイジェリア,AG.LND.PRCP.MM,2023,
NGA,ナイジェリア,AG.LND.PRCP.MM,2024,
RWA,ルワンダ,AG.LND.PRCP.MM,2000,1212
RWA,ルワンダ,AG.LND.PRCP.MM,2001,1212
RWA,ルワンダ,AG.LND.PRCP.MM,2002,1212
RWA,ルワンダ,AG.LND.PRCP.MM,2003,1212
RWA,ルワンダ,AG.LND.PRCP.MM,2004,1212
RWA,ルワンダ,AG.LND.PRCP.MM,2005,1212
RWA,ルワンダ,AG.LND.PRCP.MM,2006,1212
RWA,ルワンダ,AG.LND.PRCP.MM,2007,1212
RWA,ルワンダ,AG.LND.PRCP.MM,2008,1212
RWA,ルワンダ,AG.LND.PRCP.MM,2009,1212
RWA,ルワンダ,AG.LND.PRCP.MM,2010,1212
RWA,ルワンダ,AG.LND.PRCP.MM,2011,1212
RWA,ルワンダ,AG.LND.PRCP.MM,2012,1212
RWA,ルワンダ,AG.LND.PRCP.MM,2013,1212
RWA,ルワンダ,AG.LND.PRCP.MM,2014,1212
RWA,ルワンダ,AG.LND.PRCP.MM,2015,1212
RWA,ルワンダ,AG.LND.PRCP.MM,2016,1212
RWA,ルワンダ,AG.LND.PRCP.MM,2017,1212
RWA,ルワンダ,AG.LND.PRCP.MM,2018,1212
RWA,ルワンダ,AG.LND.PRCP.MM,2019,1212
RWA,ルワンダ,AG.LND.PRCP.MM,2020,1212
RWA,ルワンダ,AG.LND.PRCP.MM,2021,1212
RWA,ルワンダ,AG.LND.PRCP.MM,2022,1212
RWA,ルワンダ,AG.LND.PRCP.MM,2023,
RWA,ルワンダ,AG.LND.PRCP.MM,2024,
SDN,スーダン,AG.LND.PRCP.MM,2000,
SDN,スーダン,AG.LND.PRCP.MM,2001,
SDN,スーダン,AG.LND.PRCP.MM,2002,
SDN,スーダン,AG.LND.PRCP.MM,2003,
SDN,スーダン,AG.LND.PRCP.MM,2004,
SDN,スーダン,AG.LND.PRCP.MM,2005,
SDN,スーダン,AG.LND.PRCP.MM,2006,
SDN,スーダン,AG.LND.PRCP.MM,2007,
SDN,スーダン,AG.LND.PRCP.MM,2008,
SDN,スーダン,AG.LND.PRCP.MM,2009,
SDN,スーダン,AG.LND.PRCP.MM,2010,
SDN,スーダン,AG.LND.PRCP.MM,2011,
SDN,スーダン,AG.LND.PRCP.MM,2012,250
SDN,スーダン,AG.LND.PRCP.MM,2013,250
SDN,スーダン,AG.LND.PRCP.MM,2014,250
SDN,スーダン,AG.LND.PRCP.MM,2015,250
SDN,スーダン,AG.LND.PRCP.MM,2016,250
SDN,スーダン,AG.LND.PRCP.MM,2017,250
SDN,スーダン,AG.LND.PRCP.MM,2018,250
SDN,スーダン,AG.LND.PRCP.MM,2019,250
SDN,スーダン,AG.LND.PRCP.MM,2020,250
SDN,スーダン,AG.LND.PRCP.MM,2021,250
SDN,スーダン,AG.LND.PRCP.MM,2022,250
SDN,スーダン,AG.LND.PRCP.MM,2023,
SDN,スーダン,AG.LND.PRCP.MM,2024,
SEN,セネガル,AG.LND.PRCP.MM,2000,686
SEN,セネガル,AG.LND.PRCP.MM,2001,686
SEN,セネガル,AG.LND.PRCP.MM,2002,686
SEN,セネガル,AG.LND.PRCP.MM,2003,686
SEN,セネガル,AG.LND.PRCP.MM,2004,686
SEN,セネガル,AG.LND.PRCP.MM,2005,686
SEN,セネガル,AG.LND.PRCP.MM,2006,686
SEN,セネガル,AG.LND.PRCP.MM,2007,686
SEN,セネガル,AG.LND.PRCP.MM,2008,686
SEN,セネガル,AG.LND.PRCP.MM,2009,686
SEN,セネガル,AG.LND.PRCP.MM,2010,686
SEN,セネガル,AG.LND.PRCP.MM,2011,686
SEN,セネガル,AG.LND.PRCP.MM,2012,686
SEN,セネガル,AG.LND.PRCP.MM,2013,686
SEN,セネガル,AG.LND.PRCP.MM,2014,686
SEN,セネガル,AG.LND.PRCP.MM,2015,686
SEN,セネガル,AG.LND.PRCP.MM,2016,686
SEN,セネガル,AG.LND.PRCP.MM,2017,686
SEN,セネガル,AG.LND.PRCP.MM,2018,686
SEN,セネガル,AG.LND.PRCP.MM,2019,686
SEN,セネガル,AG.LND.PRCP.MM,2020,686
SEN,セネガル,AG.LND.PRCP.MM,2021,686
SEN,セネガル,AG.LND.PRCP.MM,2022,686
SEN,セネガル,AG.LND.PRCP.MM,2023,
SEN,セネガル,AG.LND.PRCP.MM,2024,
SLE,シエラレオネ,AG.LND.PRCP.MM,2000,2526
SLE,シエラレオネ,AG.LND.PRCP.MM,2001,2526
SLE,シエラレオネ,AG.LND.PRCP.MM,2002,2526
SLE,シエラレオネ,AG.LND.PRCP.MM,2003,2526
SLE,シエラレオネ,AG.LND.PRCP.MM,2004,2526
SLE,シエラレオネ,AG.LND.PRCP.MM,2005,2526
SLE,シエラレオネ,AG.LND.PRCP.MM,2006,2526
SLE,シエラレオネ,AG.LND.PRCP.MM,2007,2526
SLE,シエラレオネ,AG.LND.PRCP.MM,2008,2526
SLE,シエラレオネ,AG.LND.PRCP.MM,2009,2526
SLE,シエラレオネ,AG.LND.PRCP.MM,2010,2526
SLE,シエラレオネ,AG.LND.PRCP.MM,2011,2526
SLE,シエラレオネ,AG.LND.PRCP.MM,2012,2526
SLE,シエラレオネ,AG.LND.PRCP.MM,2013,2526
SLE,シエラレオネ,AG.LND.PRCP.MM,2014,2526
SLE,シエラレオネ,AG.LND.PRCP.MM,2015,2526
SLE,シエラレオネ,AG.LND.PRCP.MM,2016,2526
SLE,シエラレオネ,AG.LND.PRCP.MM,2017,2526
SLE,シエラレオネ,AG.LND.PRCP.MM,2018,2526
SLE,シエラレオネ,AG.LND.PRCP.MM,2019,2526
SLE,シエラレオネ,AG.LND.PRCP.MM,2020,2526
SLE,シエラレオネ,AG.LND.PRCP.MM,2021,2526
SLE,シエラレオネ,AG.LND.PRCP.MM,2022,2526
SLE,シエラレオネ,AG.LND.PRCP.MM,2023,
SLE,シエラレオネ,AG.LND.PRCP.MM,2024,
SOM,ソマリア,AG.LND.PRCP.MM,2000,282
SOM,ソマリア,AG.LND.PRCP.MM,2001,282
SOM,ソマリア,AG.LND.PRCP.MM,2002,282
SOM,ソマリア,AG.LND.PRCP.MM,2003,282
SOM,ソマリア,AG.LND.PRCP.MM,2004,282
SOM,ソマリア,AG.LND.PRCP.MM,2005,282
SOM,ソマリア,AG.LND.PRCP.MM,2006,282
SOM,ソマリア,AG.LND.PRCP.MM,2007,282
SOM,ソマリア,AG.LND.PRCP.MM,2008,282
SOM,ソマリア,AG.LND.PRCP.MM,2009,282
SOM,ソマリア,AG.LND.PRCP.MM,2010,282
SOM,ソマリア,AG.LND.PRCP.MM,2011,282
SOM,ソマリア,AG.LND.PRCP.MM,2012,282
SOM,ソマリア,AG.LND.PRCP.MM,2013,282
SOM,ソマリア,AG.LND.PRCP.MM,2014,282
SOM,ソマリア,AG.LND.PRCP.MM,2015,282
SOM,ソマリア,AG.LND.PRCP.MM,2016,282
SOM,ソマリア,AG.LND.PRCP.MM,2017,282
SOM,ソマリア,AG.LND.PRCP.MM,2018,282
SOM,ソマリア,AG.LND.PRCP.MM,2019,282
SOM,ソマリア,AG.LND.PRCP.MM,2020,282
SOM,ソマリア,AG.LND.PRCP.MM,2021,282
SOM,ソマリア,AG.LND.PRCP.MM,2022,282
SOM,ソマリア,AG.LND.PRCP.MM,2023,
SOM,ソマリア,AG.LND.PRCP.MM,2024,
SSD,南スーダン,AG.LND.PRCP.MM,2000,
SSD,南スーダン,AG.LND.PRCP.MM,2001,
SSD,南スーダン,AG.LND.PRCP.MM,2002,
SSD,南スーダン,AG.LND.PRCP.MM,2003,
SSD,南スーダン,AG.LND.PRCP.MM,2004,
SSD,南スーダン,AG.LND.PRCP.MM,2005,
SSD,南スーダン,AG.LND.PRCP.MM,2006,
SSD,南スーダン,AG.LND.PRCP.MM,2007,
SSD,南スーダン,AG.LND.PRCP.MM,2008,
SSD,南スーダン,AG.LND.PRCP.MM,2009,
SSD,南スーダン,AG.LND.PRCP.MM,2010,
SSD,南スーダン,AG.LND.PRCP.MM,2011,
SSD,南スーダン,AG.LND.PRCP.MM,2012,900
SSD,南スーダン,AG.LND.PRCP.MM,2013,900
SSD,南スーダン,AG.LND.PRCP.MM,2014,900
SSD,南スーダン,AG.LND.PRCP.MM,2015,900
SSD,南スーダン,AG.LND.PRCP.MM,2016,900
SSD,南スーダン,AG.LND.PRCP.MM,2017,900
SSD,南スーダン,AG.LND.PRCP.MM,2018,900
SSD,南スーダン,AG.LND.PRCP.MM,2019,900
SSD,南スーダン,AG.LND.PRCP.MM,2020,900
SSD,南スーダン,AG.LND.PRCP.MM,2021,900
SSD,南スーダン,AG.LND.PRCP.MM,2022,900
SSD,南スーダン,AG.LND.PRCP.MM,2023,
SSD,南スーダン,AG.LND.PRCP.MM,2024,
STP,サントメ・プリンシペ,AG.LND.PRCP.MM,2000,3200
STP,サントメ・プリンシペ,AG.LND.PRCP.MM,2001,3200
STP,サントメ・プリンシペ,AG.LND.PRCP.MM,2002,3200
STP,サントメ・プリンシペ,AG.LND.PRCP.MM,2003,3200
STP,サントメ・プリンシペ,AG.LND.PRCP.MM,2004,3200
STP,サントメ・プリンシペ,AG.LND.PRCP.MM,2005,3200
STP,サントメ・プリンシペ,AG.LND.PRCP.MM,2006,3200
STP,サントメ・プリンシペ,AG.LND.PRCP.MM,2007,3200
STP,サントメ・プリンシペ,AG.LND.PRCP.MM,2008,3200
STP,サントメ・プリンシペ,AG.LND.PRCP.MM,2009,3200
STP,サントメ・プリンシペ,AG.LND.PRCP.MM,2010,3200
STP,サントメ・プリンシペ,AG.LND.PRCP.MM,2011,3200
STP,サントメ・プリンシペ,AG.LND.PRCP.MM,2012,3200
STP,サントメ・プリンシペ,AG.LND.PRCP.MM,2013,3200
STP,サントメ・プリンシペ,AG.LND.PRCP.MM,2014,3200
STP,サントメ・プリンシペ,AG.LND.PRCP.MM,2015,3200
STP,サントメ・プリンシペ,AG.LND.PRCP.MM,2016,3200
STP,サントメ・プリンシペ,AG.LND.PRCP.MM,2017,3200
STP,サントメ・プリンシペ,AG.LND.PRCP.MM,2018,3200
STP,サントメ・プリンシペ,AG.LND.PRCP.MM,2019,3200
STP,サントメ・プリンシペ,AG.LND.PRCP.MM,2020,3200
STP,サントメ・プリンシペ,AG.LND.PRCP.MM,2021,3200
STP,サントメ・プリンシペ,AG.LND.PRCP.MM,2022,3200
STP,サントメ・プリンシペ,AG.LND.PRCP.MM,2023,
STP,サントメ・プリンシペ,AG.LND.PRCP.MM,2024,
SWZ,エスワティニ,AG.LND.PRCP.MM,2000,788
SWZ,エスワティニ,AG.LND.PRCP.MM,2001,788
SWZ,エスワティニ,AG.LND.PRCP.MM,2002,788
SWZ,エスワティニ,AG.LND.PRCP.MM,2003,788
SWZ,エスワティニ,AG.LND.PRCP.MM,2004,788
SWZ,エスワティニ,AG.LND.PRCP.MM,2005,788
SWZ,エスワティニ,AG.LND.PRCP.MM,2006,788
SWZ,エスワティニ,AG.LND.PRCP.MM,2007,788
SWZ,エスワティニ,AG.LND.PRCP.MM,2008,788
SWZ,エスワティニ,AG.LND.PRCP.MM,2009,788
SWZ,エスワティニ,AG.LND.PRCP.MM,2010,788
SWZ,エスワティニ,AG.LND.PRCP.MM,2011,788
SWZ,エスワティニ,AG.LND.PRCP.MM,2012,788
SWZ,エスワティニ,AG.LND.PRCP.MM,2013,788
SWZ,エスワティニ,AG.LND.PRCP.MM,2014,788
SWZ,エスワティニ,AG.LND.PRCP.MM,2015,788
SWZ,エスワティニ,AG.LND.PRCP.MM,2016,788
SWZ,エスワティニ,AG.LND.PRCP.MM,2017,788
SWZ,エスワティニ,AG.LND.PRCP.MM,2018,788
SWZ,エスワティニ,AG.LND.PRCP.MM,2019,788
SWZ,エスワティニ,AG.LND.PRCP.MM,2020,788
SWZ,エスワティニ,AG.LND.PRCP.MM,2021,788
SWZ,エスワティニ,AG.LND.PRCP.MM,2022,788
SWZ,エスワティニ,AG.LND.PRCP.MM,2023,
SWZ,エスワティニ,AG.LND.PRCP.MM,2024,
SYC,セーシェル,AG.LND.PRCP.MM,2000,1970
SYC,セーシェル,AG.LND.PRCP.MM,2001,2330
SYC,セーシェル,AG.LND.PRCP.MM,2002,2330
SYC,セーシェル,AG.LND.PRCP.MM,2003,2330
SYC,セーシェル,AG.LND.PRCP.MM,2004,2330
SYC,セーシェル,AG.LND.PRCP.MM,2005,2330
SYC,セーシェル,AG.LND.PRCP.MM,2006,2330
SYC,セーシェル,AG.LND.PRCP.MM,2007,2330
SYC,セーシェル,AG.LND.PRCP.MM,2008,2330
SYC,セーシェル,AG.LND.PRCP.MM,2009,2330
SYC,セーシェル,AG.LND.PRCP.MM,2010,2330
SYC,セーシェル,AG.LND.PRCP.MM,2011,2330
SYC,セーシェル,AG.LND.PRCP.MM,2012,2330
SYC,セーシェル,AG.LND.PRCP.MM,2013,2330
SYC,セーシェル,AG.LND.PRCP.MM,2014,2330
SYC,セーシェル,AG.LND.PRCP.MM,2015,2330
SYC,セーシェル,AG.LND.PRCP.MM,2016,2330
SYC,セーシェル,AG.LND.PRCP.MM,2017,2330
SYC,セーシェル,AG.LND.PRCP.MM,2018,2330
SYC,セーシェル,AG.LND.PRCP.MM,2019,2330
SYC,セーシェル,AG.LND.PRCP.MM,2020,2330
SYC,セーシェル,AG.LND.PRCP.MM,2021,2330
SYC,セーシェル,AG.LND.PRCP.MM,2022,2330
SYC,セーシェル,AG.LND.PRCP.MM,2023,
SYC,セーシェル,AG.LND.PRCP.MM,2024,
TCD,チャド,AG.LND.PRCP.MM,2000,322
TCD,チャド,AG.LND.PRCP.MM,2001,322
TCD,チャド,AG.LND.PRCP.MM,2002,322
TCD,チャド,AG.LND.PRCP.MM,2003,322
TCD,チャド,AG.LND.PRCP.MM,2004,322
TCD,チャド,AG.LND.PRCP.MM,2005,322
TCD,チャド,AG.LND.PRCP.MM,2006,322
TCD,チャド,AG.LND.PRCP.MM,2007,322
TCD,チャド,AG.LND.PRCP.MM,2008,322
TCD,チャド,AG.LND.PRCP.MM,2009,322
TCD,チャド,AG.LND.PRCP.MM,2010,322
TCD,チャド,AG.LND.PRCP.MM,2011,322
TCD,チャド,AG.LND.PRCP.MM,2012,322
TCD,チャド,AG.LND.PRCP.MM,2013,322
TCD,チャド,AG.LND.PRCP.MM,2014,322
TCD,チャド,AG.LND.PRCP.MM,2015,322
TCD,チャド,AG.LND.PRCP.MM,2016,322
TCD,チャド,AG.LND.PRCP.MM,2017,322
TCD,チャド,AG.LND.PRCP.MM,2018,322
TCD,チャド,AG.LND.PRCP.MM,2019,322
TCD,チャド,AG.LND.PRCP.MM,2020,322
TCD,チャド,AG.LND.PRCP.MM,2021,322
TCD,チャド,AG.LND.PRCP.MM,2022,322
TCD,チャド,AG.LND.PRCP.MM,2023,
TCD,チャド,AG.LND.PRCP.MM,2024,
TGO,トーゴ,AG.LND.PRCP.MM,2000,1168
TGO,トーゴ,AG.LND.PRCP.MM,2001,1168
TGO,トーゴ,AG.LND.PRCP.MM,2002,1168
TGO,トーゴ,AG.LND.PRCP.MM,2003,1168
TGO,トーゴ,AG.LND.PRCP.MM,2004,1168
TGO,トーゴ,AG.LND.PRCP.MM,2005,1168
TGO,トーゴ,AG.LND.PRCP.MM,2006,1168
TGO,トーゴ,AG.LND.PRCP.MM,2007,1168
TGO,トーゴ,AG.LND.PRCP.MM,2008,1168
TGO,トーゴ,AG.LND.PRCP.MM,2009,1168
TGO,トーゴ,AG.LND.PRCP.MM,2010,1168
TGO,トーゴ,AG.LND.PRCP.MM,2011,1168
TGO,トーゴ,AG.LND.PRCP.MM,2012,1168
TGO,トーゴ,AG.LND.PRCP.MM,2013,1168
TGO,トーゴ,AG.LND.PRCP.MM,2014,1168
TGO,トーゴ,AG.LND.PRCP.MM,2015,1168
TGO,トーゴ,AG.LND.PRCP.MM,2016,1168
TGO,トーゴ,AG.LND.PRCP.MM,2017,1168
TGO,トーゴ,AG.LND.PRCP.MM,2018,1168
TGO,トーゴ,AG.LND.PRCP.MM,2019,1168
TGO,トーゴ,AG.LND.PRCP.MM,2020,1168
TGO,トーゴ,AG.LND.PRCP.MM,2021,1168
TGO,トーゴ,AG.LND.PRCP.MM,2022,1168
TGO,トーゴ,AG.LND.PRCP.MM,2023,
TGO,トーゴ,AG.LND.PRCP.MM,2024,
TUN,チュニジア,AG.LND.PRCP.MM,2000,207
TUN,チュニジア,AG.LND.PRCP.MM,2001,207
TUN,チュニジア,AG.LND.PRCP.MM,2002,207
TUN,チュニジア,AG.LND.PRCP.MM,2003,207
TUN,チュニジア,AG.LND.PRCP.MM,2004,207
TUN,チュニジア,AG.LND.PRCP.MM,2005,207
TUN,チュニジア,AG.LND.PRCP.MM,2006,207
TUN,チュニジア,AG.LND.PRCP.MM,2007,207
TUN,チュニジア,AG.LND.PRCP.MM,2008,207
TUN,チュニジア,AG.LND.PRCP.MM,2009,207
TUN,チュニジア,AG.LND.PRCP.MM,2010,207
TUN,チュニジア,AG.LND.PRCP.MM,2011,207
TUN,チュニジア,AG.LND.PRCP.MM,2012,207
TUN,チュニジア,AG.LND.PRCP.MM,2013,207
TUN,チュニジア,AG.LND.PRCP.MM,2014,207
TUN,チュニジア,AG.LND.PRCP.MM,2015,207
TUN,チュニジア,AG.LND.PRCP.MM,2016,207
TUN,チュニジア,AG.LND.PRCP.MM,2017,207
TUN,チュニジア,AG.LND.PRCP.MM,2018,207
TUN,チュニジア,AG.LND.PRCP.MM,2019,207
TUN,チュニジア,AG.LND.PRCP.MM,2020,207
TUN,チュニジア,AG.LND.PRCP.MM,2021,207
TUN,チュニジア,AG.LND.PRCP.MM,2022,207
TUN,チュニジア,AG.LND.PRCP.MM,2023,
TUN,チュニジア,AG.LND.PRCP.MM,2024,
TZA,タンザニア,AG.LND.PRCP.MM,2000,1071
TZA,タンザニア,AG.LND.PRCP.MM,2001,1071
TZA,タンザニア,AG.LND.PRCP.MM,2002,1071
TZA,タンザニア,AG.LND.PRCP.MM,2003,1071
TZA,タンザニア,AG.LND.PRCP.MM,2004,1071
TZA,タンザニア,AG.LND.PRCP.MM,2005,1071
TZA,タンザニア,AG.LND.PRCP.MM,2006,1071
TZA,タンザニア,AG.LND.PRCP.MM,2007,1071
TZA,タンザニア,AG.LND.PRCP.MM,2008,1071
TZA,タンザニア,AG.LND.PRCP.MM,2009,1071
TZA,タンザニア,AG.LND.PRCP.MM,2010,1071
TZA,タンザニア,AG.LND.PRCP.MM,2011,1071
TZA,タンザニア,AG.LND.PRCP.MM,2012,1071
TZA,タンザニア,AG.LND.PRCP.MM,2013,1071
TZA,タンザニア,AG.LND.PRCP.MM,2014,1071
TZA,タンザニア,AG.LND.PRCP.MM,2015,1071
TZA,タンザニア,AG.LND.PRCP.MM,2016,1071
TZA,タンザニア,AG.LND.PRCP.MM,2017,1071
TZA,タンザニア,AG.LND.PRCP.MM,2018,1071
TZA,タンザニア,AG.LND.PRCP.MM,2019,1071
TZA,タンザニア,AG.LND.PRCP.MM,2020,1071
TZA,タンザニア,AG.LND.PRCP.MM,2021,1071
TZA,タンザニア,AG.LND.PRCP.MM,2022,1071
TZA,タンザニア,AG.LND.PRCP.MM,2023,
TZA,タンザニア,AG.LND.PRCP.MM,2024,
UGA,ウガンダ,AG.LND.PRCP.MM,2000,1180
UGA,ウガンダ,AG.LND.PRCP.MM,2001,1180
UGA,ウガンダ,AG.LND.PRCP.MM,2002,1180
UGA,ウガンダ,AG.LND.PRCP.MM,2003,1180
UGA,ウガンダ,AG.LND.PRCP.MM,2004,1180
UGA,ウガンダ,AG.LND.PRCP.MM,2005,1180
UGA,ウガンダ,AG.LND.PRCP.MM,2006,1180
UGA,ウガンダ,AG.LND.PRCP.MM,2007,1180
UGA,ウガンダ,AG.LND.PRCP.MM,2008,1180
UGA,ウガンダ,AG.LND.PRCP.MM,2009,1180
UGA,ウガンダ,AG.LND.PRCP.MM,2010,1180
UGA,ウガンダ,AG.LND.PRCP.MM,2011,1180
UGA,ウガンダ,AG.LND.PRCP.MM,2012,1180
UGA,ウガンダ,AG.LND.PRCP.MM,2013,1180
UGA,ウガンダ,AG.LND.PRCP.MM,2014,1180
UGA,ウガンダ,AG.LND.PRCP.MM,2015,1180
UGA,ウガンダ,AG.LND.PRCP.MM,2016,1180
UGA,ウガンダ,AG.LND.PRCP.MM,2017,1180
UGA,ウガンダ,AG.LND.PRCP.MM,2018,1180
UGA,ウガンダ,AG.LND.PRCP.MM,2019,1180
UGA,ウガンダ,AG.LND.PRCP.MM,2020,1180
UGA,ウガンダ,AG.LND.PRCP.MM,2021,1180
UGA,ウガンダ,AG.LND.PRCP.MM,2022,1180
UGA,ウガンダ,AG.LND.PRCP.MM,2023,
UGA,ウガンダ,AG.LND.PRCP.MM,2024,
ZAF,南アフリカ共和国,AG.LND.PRCP.MM,2000,495
ZAF,南アフリカ共和国,AG.LND.PRCP.MM,2001,495
ZAF,南アフリカ共和国,AG.LND.PRCP.MM,2002,495
ZAF,南アフリカ共和国,AG.LND.PRCP.MM,2003,495
ZAF,南アフリカ共和国,AG.LND.PRCP.MM,2004,495
ZAF,南アフリカ共和国,AG.LND.PRCP.MM,2005,495
ZAF,南アフリカ共和国,AG.LND.PRCP.MM,2006,495
ZAF,南アフリカ共和国,AG.LND.PRCP.MM,2007,495
ZAF,南アフリカ共和国,AG.LND.PRCP.MM,2008,495
ZAF,南アフリカ共和国,AG.LND.PRCP.MM,2009,495
ZAF,南アフリカ共和国,AG.LND.PRCP.MM,2010,495
ZAF,南アフリカ共和国,AG.LND.PRCP.MM,2011,495
ZAF,南アフリカ共和国,AG.LND.PRCP.MM,2012,495
ZAF,南アフリカ共和国,AG.LND.PRCP.MM,2013,495
ZAF,南アフリカ共和国,AG.LND.PRCP.MM,2014,495
ZAF,南アフリカ共和国,AG.LND.PRCP.MM,2015,495
ZAF,南アフリカ共和国,AG.LND.PRCP.MM,2016,495
ZAF,南アフリカ共和国,AG.LND.PRCP.MM,2017,495
ZAF,南アフリカ共和国,AG.LND.PRCP.MM,2018,495
ZAF,南アフリカ共和国,AG.LND.PRCP.MM,2019,495
ZAF,南アフリカ共和国,AG.LND.PRCP.MM,2020,495
ZAF,南アフリカ共和国,AG.LND.PRCP.MM,2021,495
ZAF,南アフリカ共和国,AG.LND.PRCP.MM,2022,495
ZAF,南アフリカ共和国,AG.LND.PRCP.MM,2023,
ZAF,南アフリカ共和国,AG.LND.PRCP.MM,2024,
ZMB,ザンビア,AG.LND.PRCP.MM,2000,1020
ZMB,ザンビア,AG.LND.PRCP.MM,2001,1020
ZMB,ザンビア,AG.LND.PRCP.MM,2002,1020
ZMB,ザンビア,AG.LND.PRCP.MM,2003,1020
ZMB,ザンビア,AG.LND.PRCP.MM,2004,1020
ZMB,ザンビア,AG.LND.PRCP.MM,2005,1020
ZMB,ザンビア,AG.LND.PRCP.MM,2006,1020
ZMB,ザンビア,AG.LND.PRCP.MM,2007,1020
ZMB,ザンビア,AG.LND.PRCP.MM,2008,1020
ZMB,ザンビア,AG.LND.PRCP.MM,2009,1020
ZMB,ザンビア,AG.LND.PRCP.MM,2010,1020
ZMB,ザンビア,AG.LND.PRCP.MM,2011,1020
ZMB,ザンビア,AG.LND.PRCP.MM,2012,1020
ZMB,ザンビア,AG.LND.PRCP.MM,2013,1020
ZMB,ザンビア,AG.LND.PRCP.MM,2014,1020
ZMB,ザンビア,AG.LND.PRCP.MM,2015,1020
ZMB,ザンビア,AG.LND.PRCP.MM,2016,1020
ZMB,ザンビア,AG.LND.PRCP.MM,2017,1020
ZMB,ザンビア,AG.LND.PRCP.MM,2018,1020
ZMB,ザンビア,AG.LND.PRCP.MM,2019,1020
ZMB,ザンビア,AG.LND.PRCP.MM,2020,1020
ZMB,ザンビア,AG.LND.PRCP.MM,2021,1020
ZMB,ザンビア,AG.LND.PRCP.MM,2022,1020
ZMB,ザンビア,AG.LND.PRCP.MM,2023,
ZMB,ザンビア,AG.LND.PRCP.MM,2024,
ZWE,ジンバブエ,AG.LND.PRCP.MM,2000,692
ZWE,ジンバブエ,AG.LND.PRCP.MM,2001,657
ZWE,ジンバブエ,AG.LND.PRCP.MM,2002,657
ZWE,ジンバブエ,AG.LND.PRCP.MM,2003,657
ZWE,ジンバブエ,AG.LND.PRCP.MM,2004,657
ZWE,ジンバブエ,AG.LND.PRCP.MM,2005,657
ZWE,ジンバブエ,AG.LND.PRCP.MM,2006,657
ZWE,ジンバブエ,AG.LND.PRCP.MM,2007,657
ZWE,ジンバブエ,AG.LND.PRCP.MM,2008,657
ZWE,ジンバブエ,AG.LND.PRCP.MM,2009,657
ZWE,ジンバブエ,AG.LND.PRCP.MM,2010,657
ZWE,ジンバブエ,AG.LND.PRCP.MM,2011,657
ZWE,ジンバブエ,AG.LND.PRCP.MM,2012,657
ZWE,ジンバブエ,AG.LND.PRCP.MM,2013,657
ZWE,ジンバブエ,AG.LND.PRCP.MM,2014,657
ZWE,ジンバブエ,AG.LND.PRCP.MM,2015,657
ZWE,ジンバブエ,AG.LND.PRCP.MM,2016,657
ZWE,ジンバブエ,AG.LND.PRCP.MM,2017,657
ZWE,ジンバブエ,AG.LND.PRCP.MM,2018,657
ZWE,ジンバブエ,AG.LND.PRCP.MM,2019,657
ZWE,ジンバブエ,AG.LND.PRCP.MM,2020,657
ZWE,ジンバブエ,AG.LND.PRCP.MM,2021,657
ZWE,ジンバブエ,AG.LND.PRCP.MM,2022,657
ZWE,ジンバブエ,AG.LND.PRCP.MM,2023,
ZWE,ジンバブエ,AG.LND.PRCP.MM,2024,
AGO,アンゴラ,ER.H2O.INTR.PC,2000,9138.69695395498
AGO,アンゴラ,ER.H2O.INTR.PC,2001,8837.29395371455
AGO,アンゴラ,ER.H2O.INTR.PC,2002,8541.23793355367
AGO,アンゴラ,ER.H2O.INTR.PC,2003,8248.01468057445
AGO,アンゴラ,ER.H2O.INTR.PC,2004,7956.80829409095
AGO,アンゴラ,ER.H2O.INTR.PC,2005,7671.90735694964
AGO,アンゴラ,ER.H2O.INTR.PC,2006,7394.35108548824
AGO,アンゴラ,ER.H2O.INTR.PC,2007,7122.72615991069
AGO,アンゴラ,ER.H2O.INTR.PC,2008,6858.62951143155
AGO,アンゴラ,ER.H2O.INTR.PC,2009,6602.78825933236
AGO,アンゴラ,ER.H2O.INTR.PC,2010,6353.34242691241
AGO,アンゴラ,ER.H2O.INTR.PC,2011,6111.06816846993
AGO,アンゴラ,ER.H2O.INTR.PC,2012,5878.28907153775
AGO,アンゴラ,ER.H2O.INTR.PC,2013,5656.27720650227
AGO,アンゴラ,ER.H2O.INTR.PC,2014,5449.03570292874
AGO,アンゴラ,ER.H2O.INTR.PC,2015,5256.09282373572
AGO,アンゴラ,ER.H2O.INTR.PC,2016,5071.43354006278
AGO,アンゴラ,ER.H2O.INTR.PC,2017,4895.01531660215
AGO,アンゴラ,ER.H2O.INTR.PC,2018,4728.86433287626
AGO,アンゴラ,ER.H2O.INTR.PC,2019,4571.3393332368
AGO,アンゴラ,ER.H2O.INTR.PC,2020,4424.36447292725
AGO,アンゴラ,ER.H2O.INTR.PC,2021,4285.82651976205
AGO,アンゴラ,ER.H2O.INTR.PC,2022,4153.21676881475
AGO,アンゴラ,ER.H2O.INTR.PC,2023,
AGO,アンゴラ,ER.H2O.INTR.PC,2024,
BDI,ブルンジ,ER.H2O.INTR.PC,2000,1554.82200379154
BDI,ブルンジ,ER.H2O.INTR.PC,2001,1516.34708069273
BDI,ブルンジ,ER.H2O.INTR.PC,2002,1474.18015946937
BDI,ブルンジ,ER.H2O.INTR.PC,2003,1428.33736135828
BDI,ブルンジ,ER.H2O.INTR.PC,2004,1376.07350147511
BDI,ブルンジ,ER.H2O.INTR.PC,2005,1325.90003372742
BDI,ブルンジ,ER.H2O.INTR.PC,2006,1278.99559941604
BDI,ブルンジ,ER.H2O.INTR.PC,2007,1232.56007137576
BDI,ブルンジ,ER.H2O.INTR.PC,2008,1182.74504308143
BDI,ブルンジ,ER.H2O.INTR.PC,2009,1124.31806086204
BDI,ブルンジ,ER.H2O.INTR.PC,2010,1072.90141123863
BDI,ブルンジ,ER.H2O.INTR.PC,2011,1035.19476994083
BDI,ブルンジ,ER.H2O.INTR.PC,2012,998.90497772422
BDI,ブルンジ,ER.H2O.INTR.PC,2013,963.662361445996
BDI,ブルンジ,ER.H2O.INTR.PC,2014,931.500025231984
BDI,ブルンジ,ER.H2O.INTR.PC,2015,910.606666799426
BDI,ブルンジ,ER.H2O.INTR.PC,2016,895.061511456387
BDI,ブルンジ,ER.H2O.INTR.PC,2017,874.268538794841
BDI,ブルンジ,ER.H2O.INTR.PC,2018,848.268966358125
BDI,ブルンジ,ER.H2O.INTR.PC,2019,820.866926863531
BDI,ブルンジ,ER.H2O.INTR.PC,2020,797.334651339665
BDI,ブルンジ,ER.H2O.INTR.PC,2021,775.906424142691
BDI,ブルンジ,ER.H2O.INTR.PC,2022,755.193059550576
BDI,ブルンジ,ER.H2O.INTR.PC,2023,
BDI,ブルンジ,ER.H2O.INTR.PC,2024,
BEN,ベナン,ER.H2O.INTR.PC,2000,1426.27297286107
BEN,ベナン,ER.H2O.INTR.PC,2001,1383.36810108956
BEN,ベナン,ER.H2O.INTR.PC,2002,1341.94505946641
BEN,ベナン,ER.H2O.INTR.PC,2003,1301.64398899542
BEN,ベナン,ER.H2O.INTR.PC,2004,1262.39506494226
BEN,ベナン,ER.H2O.INTR.PC,2005,1222.38594545738
BEN,ベナン,ER.H2O.INTR.PC,2006,1184.82839888732
BEN,ベナン,ER.H2O.INTR.PC,2007,1150.3278601925
BEN,ベナン,ER.H2O.INTR.PC,2008,1116.11182183474
BEN,ベナン,ER.H2O.INTR.PC,2009,1083.13616925023
BEN,ベナン,ER.H2O.INTR.PC,2010,1051.2903108594
BEN,ベナン,ER.H2O.INTR.PC,2011,1020.44627583178
BEN,ベナン,ER.H2O.INTR.PC,2012,990.607787889137
BEN,ベナン,ER.H2O.INTR.PC,2013,961.822734389197
BEN,ベナン,ER.H2O.INTR.PC,2014,933.81652445457
BEN,ベナン,ER.H2O.INTR.PC,2015,906.635790583329
BEN,ベナン,ER.H2O.INTR.PC,2016,880.50428446546
BEN,ベナン,ER.H2O.INTR.PC,2017,855.497359586305
BEN,ベナン,ER.H2O.INTR.PC,2018,831.762204515467
BEN,ベナン,ER.H2O.INTR.PC,2019,809.318636211666
BEN,ベナン,ER.H2O.INTR.PC,2020,788.054079484359
BEN,ベナン,ER.H2O.INTR.PC,2021,767.887854377449
BEN,ベナン,ER.H2O.INTR.PC,2022,748.573658303452
BEN,ベナン,ER.H2O.INTR.PC,2023,
BEN,ベナン,ER.H2O.INTR.PC,2024,
BFA,ブルキナファソ,ER.H2O.INTR.PC,2000,1048.17003766536
BFA,ブルキナファソ,ER.H2O.INTR.PC,2001,1016.67336179965
BFA,ブルキナファソ,ER.H2O.INTR.PC,2002,985.734684226203
BFA,ブルキナファソ,ER.H2O.INTR.PC,2003,955.472533910102
BFA,ブルキナファソ,ER.H2O.INTR.PC,2004,925.889370441893
BFA,ブルキナファソ,ER.H2O.INTR.PC,2005,897.207123422611
BFA,ブルキナファソ,ER.H2O.INTR.PC,2006,869.643439928197
BFA,ブルキナファソ,ER.H2O.INTR.PC,2007,843.665023949625
BFA,ブルキナファソ,ER.H2O.INTR.PC,2008,819.23737127569
BFA,ブルキナファソ,ER.H2O.INTR.PC,2009,795.66820406738
BFA,ブルキナファソ,ER.H2O.INTR.PC,2010,772.725963308004
BFA,ブルキナファソ,ER.H2O.INTR.PC,2011,750.214201158715
BFA,ブルキナファソ,ER.H2O.INTR.PC,2012,727.91702118652
BFA,ブルキナファソ,ER.H2O.INTR.PC,2013,706.39791371875
BFA,ブルキナファソ,ER.H2O.INTR.PC,2014,685.703214154275
BFA,ブルキナファソ,ER.H2O.INTR.PC,2015,665.690781732401
BFA,ブルキナファソ,ER.H2O.INTR.PC,2016,646.500806626126
BFA,ブルキナファソ,ER.H2O.INTR.PC,2017,628.317295408705
BFA,ブルキナファソ,ER.H2O.INTR.PC,2018,611.597214013228
BFA,ブルキナファソ,ER.H2O.INTR.PC,2019,596.318510795178
BFA,ブルキナファソ,ER.H2O.INTR.PC,2020,581.972178005269
BFA,ブルキナファソ,ER.H2O.INTR.PC,2021,568.304701157428
BFA,ブルキナファソ,ER.H2O.INTR.PC,2022,555.332484666826
BFA,ブルキナファソ,ER.H2O.INTR.PC,2023,
BFA,ブルキナファソ,ER.H2O.INTR.PC,2024,
BWA,ボツワナ,ER.H2O.INTR.PC,2000,1430.80109360897
BWA,ボツワナ,ER.H2O.INTR.PC,2001,1401.66120213473
BWA,ボツワナ,ER.H2O.INTR.PC,2002,1375.54498805855
BWA,ボツワナ,ER.H2O.INTR.PC,2003,1351.55225776805
BWA,ボツワナ,ER.H2O.INTR.PC,2004,1328.06093143553
BWA,ボツワナ,ER.H2O.INTR.PC,2005,1304.43502473263
BWA,ボツワナ,ER.H2O.INTR.PC,2006,1280.3304959787
BWA,ボツワナ,ER.H2O.INTR.PC,2007,1255.75488920318
BWA,ボツワナ,ER.H2O.INTR.PC,2008,1230.78816597178
BWA,ボツワナ,ER.H2O.INTR.PC,2009,1205.6224201564
BWA,ボツワナ,ER.H2O.INTR.PC,2010,1180.45694504629
BWA,ボツワナ,ER.H2O.INTR.PC,2011,1157.44368915885
BWA,ボツワナ,ER.H2O.INTR.PC,2012,1138.18678309053
BWA,ボツワナ,ER.H2O.INTR.PC,2013,1121.13802984283
BWA,ボツワナ,ER.H2O.INTR.PC,2014,1104.94999180495
BWA,ボツワナ,ER.H2O.INTR.PC,2015,1089.28852666011
BWA,ボツワナ,ER.H2O.INTR.PC,2016,1073.9331369229
BWA,ボツワナ,ER.H2O.INTR.PC,2017,1058.78600479012
BWA,ボツワナ,ER.H2O.INTR.PC,2018,1043.86812292069
BWA,ボツワナ,ER.H2O.INTR.PC,2019,1029.12289142368
BWA,ボツワナ,ER.H2O.INTR.PC,2020,1014.41569233448
BWA,ボツワナ,ER.H2O.INTR.PC,2021,999.399943617187
BWA,ボツワナ,ER.H2O.INTR.PC,2022,983.650095987855
BWA,ボツワナ,ER.H2O.INTR.PC,2023,
BWA,ボツワナ,ER.H2O.INTR.PC,2024,
CAF,中央アフリカ共和国,ER.H2O.INTR.PC,2000,36781.8154878051
CAF,中央アフリカ共和国,ER.H2O.INTR.PC,2001,35974.0955895504
CAF,中央アフリカ共和国,ER.H2O.INTR.PC,2002,35196.5276753293
CAF,中央アフリカ共和国,ER.H2O.INTR.PC,2003,34364.3784215101
CAF,中央アフリカ共和国,ER.H2O.INTR.PC,2004,33628.8698839399
CAF,中央アフリカ共和国,ER.H2O.INTR.PC,2005,32876.2523870258
CAF,中央アフリカ共和国,ER.H2O.INTR.PC,2006,32209.5843387407
CAF,中央アフリカ共和国,ER.H2O.INTR.PC,2007,31594.7270417252
CAF,中央アフリカ共和国,ER.H2O.INTR.PC,2008,30927.94359445
CAF,中央アフリカ共和国,ER.H2O.INTR.PC,2009,31132.377297034
CAF,中央アフリカ共和国,ER.H2O.INTR.PC,2010,31382.1849345481
CAF,中央アフリカ共和国,ER.H2O.INTR.PC,2011,30887.0430168886
CAF,中央アフリカ共和国,ER.H2O.INTR.PC,2012,30580.0581584993
CAF,中央アフリカ共和国,ER.H2O.INTR.PC,2013,30372.0969606578
CAF,中央アフリカ共和国,ER.H2O.INTR.PC,2014,30498.4748599558
CAF,中央アフリカ共和国,ER.H2O.INTR.PC,2015,30458.0370335168
CAF,中央アフリカ共和国,ER.H2O.INTR.PC,2016,29913.0421500222
CAF,中央アフリカ共和国,ER.H2O.INTR.PC,2017,29414.76508555
CAF,中央アフリカ共和国,ER.H2O.INTR.PC,2018,28901.3964293862
CAF,中央アフリカ共和国,ER.H2O.INTR.PC,2019,28515.3628033878
CAF,中央アフリカ共和国,ER.H2O.INTR.PC,2020,28050.6136519353
CAF,中央アフリカ共和国,ER.H2O.INTR.PC,2021,27581.6200778545
CAF,中央アフリカ共和国,ER.H2O.INTR.PC,2022,27657.6934778255
CAF,中央アフリカ共和国,ER.H2O.INTR.PC,2023,
CAF,中央アフリカ共和国,ER.H2O.INTR.PC,2024,
CIV,コートジボワール,ER.H2O.INTR.PC,2000,4341.48723849093
CIV,コートジボワール,ER.H2O.INTR.PC,2001,4226.8753912844
CIV,コートジボワール,ER.H2O.INTR.PC,2002,4119.05351183351
CIV,コートジボワール,ER.H2O.INTR.PC,2003,4017.66391770753
CIV,コートジボワール,ER.H2O.INTR.PC,2004,3921.40852258229
CIV,コートジボワール,ER.H2O.INTR.PC,2005,3828.89407845884
CIV,コートジボワール,ER.H2O.INTR.PC,2006,3739.75473166092
CIV,コートジボワール,ER.H2O.INTR.PC,2007,3653.7309185995
CIV,コートジボワール,ER.H2O.INTR.PC,2008,3571.55489854976
CIV,コートジボワール,ER.H2O.INTR.PC,2009,3493.05434963456
CIV,コートジボワール,ER.H2O.INTR.PC,2010,3416.92359925143
CIV,コートジボワール,ER.H2O.INTR.PC,2011,3343.48620659647
CIV,コートジボワール,ER.H2O.INTR.PC,2012,3274.3744236074
CIV,コートジボワール,ER.H2O.INTR.PC,2013,3209.72106045274
CIV,コートジボワール,ER.H2O.INTR.PC,2014,3132.82352243277
CIV,コートジボワール,ER.H2O.INTR.PC,2015,3043.60924842102
CIV,コートジボワール,ER.H2O.INTR.PC,2016,2956.58942557554
CIV,コートジボワール,ER.H2O.INTR.PC,2017,2874.31005710765
CIV,コートジボワール,ER.H2O.INTR.PC,2018,2797.826826972
CIV,コートジボワール,ER.H2O.INTR.PC,2019,2725.49836734348
CIV,コートジボワール,ER.H2O.INTR.PC,2020,2657.40296821952
CIV,コートジボワール,ER.H2O.INTR.PC,2021,2592.46573586216
CIV,コートジボワール,ER.H2O.INTR.PC,2022,2528.04720986694
CIV,コートジボワール,ER.H2O.INTR.PC,2023,
CIV,コートジボワール,ER.H2O.INTR.PC,2024,
CMR,カメルーン,ER.H2O.INTR.PC,2000,18306.6287900505
CMR,カメルーン,ER.H2O.INTR.PC,2001,17832.0767053638
CMR,カメルーン,ER.H2O.INTR.PC,2002,17360.3073931762
CMR,カメルーン,ER.H2O.INTR.PC,2003,16893.2089300101
CMR,カメルーン,ER.H2O.INTR.PC,2004,16435.4001180098
CMR,カメルーン,ER.H2O.INTR.PC,2005,15988.6671390254
CMR,カメルーン,ER.H2O.INTR.PC,2006,15555.1948168495
CMR,カメルーン,ER.H2O.INTR.PC,2007,15124.7408849336
CMR,カメルーン,ER.H2O.INTR.PC,2008,14697.9205834202
CMR,カメルーン,ER.H2O.INTR.PC,2009,14282.7441326435
CMR,カメルーン,ER.H2O.INTR.PC,2010,13880.3683087092
CMR,カメルーン,ER.H2O.INTR.PC,2011,13493.2729361915
CMR,カメルーン,ER.H2O.INTR.PC,2012,13118.9898627691
CMR,カメルーン,ER.H2O.INTR.PC,2013,12755.5931173249
CMR,カメルーン,ER.H2O.INTR.PC,2014,12375.4000076066
CMR,カメルーン,ER.H2O.INTR.PC,2015,11992.9286529692
CMR,カメルーン,ER.H2O.INTR.PC,2016,11639.7256759685
CMR,カメルーン,ER.H2O.INTR.PC,2017,11314.3733447289
CMR,カメルーン,ER.H2O.INTR.PC,2018,11005.2320001671
CMR,カメルーン,ER.H2O.INTR.PC,2019,10703.3240486245
CMR,カメルーン,ER.H2O.INTR.PC,2020,10415.6500597965
CMR,カメルーン,ER.H2O.INTR.PC,2021,10142.7572650936
CMR,カメルーン,ER.H2O.INTR.PC,2022,9879.57378577776
CMR,カメルーン,ER.H2O.INTR.PC,2023,
CMR,カメルーン,ER.H2O.INTR.PC,2024,
COD,コンゴ民主共和国,ER.H2O.INTR.PC,2000,17819.1562344416
COD,コンゴ民主共和国,ER.H2O.INTR.PC,2001,17263.6547164707
COD,コンゴ民主共和国,ER.H2O.INTR.PC,2002,16744.022811759
COD,コンゴ民主共和国,ER.H2O.INTR.PC,2003,16261.9644919283
COD,コンゴ民主共和国,ER.H2O.INTR.PC,2004,15790.0994707843
COD,コンゴ民主共和国,ER.H2O.INTR.PC,2005,15312.4443009839
COD,コンゴ民主共和国,ER.H2O.INTR.PC,2006,14847.5875342823
COD,コンゴ民主共和国,ER.H2O.INTR.PC,2007,14405.1277645201
COD,コンゴ民主共和国,ER.H2O.INTR.PC,2008,13977.181536752
COD,コンゴ民主共和国,ER.H2O.INTR.PC,2009,13551.7587743573
COD,コンゴ民主共和国,ER.H2O.INTR.PC,2010,13126.6062043517
COD,コンゴ民主共和国,ER.H2O.INTR.PC,2011,12703.0169707649
COD,コンゴ民主共和国,ER.H2O.INTR.PC,2012,12285.9148620501
COD,コンゴ民主共和国,ER.H2O.INTR.PC,2013,11875.0123285718
COD,コンゴ民主共和国,ER.H2O.INTR.PC,2014,11479.1171518137
COD,コンゴ民主共和国,ER.H2O.INTR.PC,2015,11106.2393112473
COD,コンゴ民主共和国,ER.H2O.INTR.PC,2016,10719.8479115622
COD,コンゴ民主共和国,ER.H2O.INTR.PC,2017,10334.9205551212
COD,コンゴ民主共和国,ER.H2O.INTR.PC,2018,9994.70902314779
COD,コンゴ民主共和国,ER.H2O.INTR.PC,2019,9682.89154208246
COD,コンゴ民主共和国,ER.H2O.INTR.PC,2020,9375.97685958906
COD,コンゴ民主共和国,ER.H2O.INTR.PC,2021,9077.25360067418
COD,コンゴ民主共和国,ER.H2O.INTR.PC,2022,8789.32274635319
COD,コンゴ民主共和国,ER.H2O.INTR.PC,2023,
COD,コンゴ民主共和国,ER.H2O.INTR.PC,2024,
COG,コンゴ共和国,ER.H2O.INTR.PC,2000,70446.1111049409
COG,コンゴ共和国,ER.H2O.INTR.PC,2001,67837.2773172618
COG,コンゴ共和国,ER.H2O.INTR.PC,2002,66253.4085438844
COG,コンゴ共和国,ER.H2O.INTR.PC,2003,64427.1368261161
COG,コンゴ共和国,ER.H2O.INTR.PC,2004,62262.4141998691
COG,コンゴ共和国,ER.H2O.INTR.PC,2005,60058.5489692249
COG,コンゴ共和国,ER.H2O.INTR.PC,2006,57851.5347204325
COG,コンゴ共和国,ER.H2O.INTR.PC,2007,55772.8687604103
COG,コンゴ共和国,ER.H2O.INTR.PC,2008,53968.4168073208
COG,コンゴ共和国,ER.H2O.INTR.PC,2009,51854.3900697441
COG,コンゴ共和国,ER.H2O.INTR.PC,2010,49750.2403474449
COG,コンゴ共和国,ER.H2O.INTR.PC,2011,48159.0654885195
COG,コンゴ共和国,ER.H2O.INTR.PC,2012,46830.9970572414
COG,コンゴ共和国,ER.H2O.INTR.PC,2013,45706.2950538995
COG,コンゴ共和国,ER.H2O.INTR.PC,2014,44615.2238398032
COG,コンゴ共和国,ER.H2O.INTR.PC,2015,43550.0681597801
COG,コンゴ共和国,ER.H2O.INTR.PC,2016,42508.0841951113
COG,コンゴ共和国,ER.H2O.INTR.PC,2017,41487.4871309366
COG,コンゴ共和国,ER.H2O.INTR.PC,2018,40487.9121696816
COG,コンゴ共和国,ER.H2O.INTR.PC,2019,39525.2624290481
COG,コンゴ共和国,ER.H2O.INTR.PC,2020,38589.9644190098
COG,コンゴ共和国,ER.H2O.INTR.PC,2021,37677.0375258202
COG,コンゴ共和国,ER.H2O.INTR.PC,2022,36784.7844875581
COG,コンゴ共和国,ER.H2O.INTR.PC,2023,
COG,コンゴ共和国,ER.H2O.INTR.PC,2024,
COM,コモロ,ER.H2O.INTR.PC,2000,2238.47186987017
COM,コモロ,ER.H2O.INTR.PC,2001,2192.90230620226
COM,コモロ,ER.H2O.INTR.PC,2002,2146.9862574988
COM,コモロ,ER.H2O.INTR.PC,2003,2106.00949810284
COM,コモロ,ER.H2O.INTR.PC,2004,2066.45726566375
COM,コモロ,ER.H2O.INTR.PC,2005,2024.71160514074
COM,コモロ,ER.H2O.INTR.PC,2006,1984.28118587258
COM,コモロ,ER.H2O.INTR.PC,2007,1945.12478785983
COM,コモロ,ER.H2O.INTR.PC,2008,1906.85945015708
COM,コモロ,ER.H2O.INTR.PC,2009,1869.31319875317
COM,コモロ,ER.H2O.INTR.PC,2010,1832.51989811189
COM,コモロ,ER.H2O.INTR.PC,2011,1796.25660124301
COM,コモロ,ER.H2O.INTR.PC,2012,1760.48589410677
COM,コモロ,ER.H2O.INTR.PC,2013,1723.66243794815
COM,コモロ,ER.H2O.INTR.PC,2014,1686.57054151564
COM,コモロ,ER.H2O.INTR.PC,2015,1651.34130197253
COM,コモロ,ER.H2O.INTR.PC,2016,1617.81538299757
COM,コモロ,ER.H2O.INTR.PC,2017,1585.89819326548
COM,コモロ,ER.H2O.INTR.PC,2018,1555.23010925492
COM,コモロ,ER.H2O.INTR.PC,2019,1525.59568154716
COM,コモロ,ER.H2O.INTR.PC,2020,1495.95531082835
COM,コモロ,ER.H2O.INTR.PC,2021,1466.6806816154
COM,コモロ,ER.H2O.INTR.PC,2022,1438.52464911986
COM,コモロ,ER.H2O.INTR.PC,2023,
COM,コモロ,ER.H2O.INTR.PC,2024,
CPV,カーボベルデ,ER.H2O.INTR.PC,2000,661.788549734512
CPV,カーボベルデ,ER.H2O.INTR.PC,2001,651.758771043661
CPV,カーボベルデ,ER.H2O.INTR.PC,2002,642.335016251076
CPV,カーボベルデ,ER.H2O.INTR.PC,2003,633.736319217209
CPV,カーボベルデ,ER.H2O.INTR.PC,2004,625.82139057513
CPV,カーボベルデ,ER.H2O.INTR.PC,2005,618.410067715902
CPV,カーボベルデ,ER.H2O.INTR.PC,2006,611.336626399961
CPV,カーボベルデ,ER.H2O.INTR.PC,2007,604.607106148854
CPV,カーボベルデ,ER.H2O.INTR.PC,2008,598.378394550767
CPV,カーボベルデ,ER.H2O.INTR.PC,2009,592.72021037616
CPV,カーボベルデ,ER.H2O.INTR.PC,2010,588.48453462643
CPV,カーボベルデ,ER.H2O.INTR.PC,2011,586.571042551819
CPV,カーボベルデ,ER.H2O.INTR.PC,2012,585.989002939711
CPV,カーボベルデ,ER.H2O.INTR.PC,2013,585.680121040558
CPV,カーボベルデ,ER.H2O.INTR.PC,2014,585.564660001639
CPV,カーボベルデ,ER.H2O.INTR.PC,2015,585.486949495896
CPV,カーボベルデ,ER.H2O.INTR.PC,2016,585.304182583689
CPV,カーボベルデ,ER.H2O.INTR.PC,2017,584.917321936544
CPV,カーボベルデ,ER.H2O.INTR.PC,2018,584.32262399813
CPV,カーボベルデ,ER.H2O.INTR.PC,2019,583.539517296111
CPV,カーボベルデ,ER.H2O.INTR.PC,2020,582.887586243076
CPV,カーボベルデ,ER.H2O.INTR.PC,2021,580.665016287654
CPV,カーボベルデ,ER.H2O.INTR.PC,2022,577.21057218884
CPV,カーボベルデ,ER.H2O.INTR.PC,2023,
CPV,カーボベルデ,ER.H2O.INTR.PC,2024,
DJI,ジブチ,ER.H2O.INTR.PC,2000,401.43553346768
DJI,ジブチ,ER.H2O.INTR.PC,2001,388.947158935478
DJI,ジブチ,ER.H2O.INTR.PC,2002,377.086229565069
DJI,ジブチ,ER.H2O.INTR.PC,2003,368.768277077733
DJI,ジブチ,ER.H2O.INTR.PC,2004,363.14161070251
DJI,ジブチ,ER.H2O.INTR.PC,2005,357.497375373436
DJI,ジブチ,ER.H2O.INTR.PC,2006,350.563940525659
DJI,ジブチ,ER.H2O.INTR.PC,2007,343.042189615427
DJI,ジブチ,ER.H2O.INTR.PC,2008,336.046347512249
DJI,ジブチ,ER.H2O.INTR.PC,2009,329.118062328379
DJI,ジブチ,ER.H2O.INTR.PC,2010,322.49360656425
DJI,ジブチ,ER.H2O.INTR.PC,2011,316.269537550682
DJI,ジブチ,ER.H2O.INTR.PC,2012,310.319039004
DJI,ジブチ,ER.H2O.INTR.PC,2013,304.622958010771
DJI,ジブチ,ER.H2O.INTR.PC,2014,299.187108625864
DJI,ジブチ,ER.H2O.INTR.PC,2015,294.027420997282
DJI,ジブチ,ER.H2O.INTR.PC,2016,289.113990900619
DJI,ジブチ,ER.H2O.INTR.PC,2017,284.403052213556
DJI,ジブチ,ER.H2O.INTR.PC,2018,279.881554126294
DJI,ジブチ,ER.H2O.INTR.PC,2019,275.555727012452
DJI,ジブチ,ER.H2O.INTR.PC,2020,271.4470298266
DJI,ジブチ,ER.H2O.INTR.PC,2021,267.559005679386
DJI,ジブチ,ER.H2O.INTR.PC,2022,263.829966862956
DJI,ジブチ,ER.H2O.INTR.PC,2023,
DJI,ジブチ,ER.H2O.INTR.PC,2024,
DZA,アルジェリア,ER.H2O.INTR.PC,2000,363.934731459237
DZA,アルジェリア,ER.H2O.INTR.PC,2001,358.971008502988
DZA,アルジェリア,ER.H2O.INTR.PC,2002,354.226904583769
DZA,アルジェリア,ER.H2O.INTR.PC,2003,349.548222829953
DZA,アルジェリア,ER.H2O.INTR.PC,2004,344.700913802214
DZA,アルジェリア,ER.H2O.INTR.PC,2005,339.693600419629
DZA,アルジェリア,ER.H2O.INTR.PC,2006,334.498133537889
DZA,アルジェリア,ER.H2O.INTR.PC,2007,328.961454035951
DZA,アルジェリア,ER.H2O.INTR.PC,2008,323.03221409818
DZA,アルジェリア,ER.H2O.INTR.PC,2009,316.90219719702
DZA,アルジェリア,ER.H2O.INTR.PC,2010,310.79160642149
DZA,アルジェリア,ER.H2O.INTR.PC,2011,304.768864507139
DZA,アルジェリア,ER.H2O.INTR.PC,2012,298.755522673942
DZA,アルジェリア,ER.H2O.INTR.PC,2013,292.782577554518
DZA,アルジェリア,ER.H2O.INTR.PC,2014,286.876447055991
DZA,アルジェリア,ER.H2O.INTR.PC,2015,281.037790324819
DZA,アルジェリア,ER.H2O.INTR.PC,2016,275.31949803285
DZA,アルジェリア,ER.H2O.INTR.PC,2017,269.781461185039
DZA,アルジェリア,ER.H2O.INTR.PC,2018,264.603946332476
DZA,アルジェリア,ER.H2O.INTR.PC,2019,259.778679744095
DZA,アルジェリア,ER.H2O.INTR.PC,2020,255.369346564404
DZA,アルジェリア,ER.H2O.INTR.PC,2021,251.267289035955
DZA,アルジェリア,ER.H2O.INTR.PC,2022,247.309712525493
DZA,アルジェリア,ER.H2O.INTR.PC,2023,
DZA,アルジェリア,ER.H2O.INTR.PC,2024,
EGY,エジプト,ER.H2O.INTR.PC,2000,13.6830194986859
EGY,エジプト,ER.H2O.INTR.PC,2001,13.3954831957749
EGY,エジプト,ER.H2O.INTR.PC,2002,13.1166227655489
EGY,エジプト,ER.H2O.INTR.PC,2003,12.844629765621
EGY,エジプト,ER.H2O.INTR.PC,2004,12.5821863695338
EGY,エジプト,ER.H2O.INTR.PC,2005,12.3303035804588
EGY,エジプト,ER.H2O.INTR.PC,2006,12.0918395040953
EGY,エジプト,ER.H2O.INTR.PC,2007,11.8657426812841
EGY,エジプト,ER.H2O.INTR.PC,2008,11.646217403504
EGY,エジプト,ER.H2O.INTR.PC,2009,11.4283577509339
EGY,エジプト,ER.H2O.INTR.PC,2010,11.2112560293014
EGY,エジプト,ER.H2O.INTR.PC,2011,10.9777848167334
EGY,エジプト,ER.H2O.INTR.PC,2012,10.7341053580994
EGY,エジプト,ER.H2O.INTR.PC,2013,10.4894863196801
EGY,エジプト,ER.H2O.INTR.PC,2014,10.2533969145109
EGY,エジプト,ER.H2O.INTR.PC,2015,10.0404285889477
EGY,エジプト,ER.H2O.INTR.PC,2016,9.83820201191428
EGY,エジプト,ER.H2O.INTR.PC,2017,9.64356822169236
EGY,エジプト,ER.H2O.INTR.PC,2018,9.46234089570557
EGY,エジプト,ER.H2O.INTR.PC,2019,9.29772791980687
EGY,エジプト,ER.H2O.INTR.PC,2020,9.14786502917931
EGY,エジプト,ER.H2O.INTR.PC,2021,9.01249968816751
EGY,エジプト,ER.H2O.INTR.PC,2022,8.8795554894522
EGY,エジプト,ER.H2O.INTR.PC,2023,
EGY,エジプト,ER.H2O.INTR.PC,2024,
ERI,エリトリア,ER.H2O.INTR.PC,2000,1246.08872774786
ERI,エリトリア,ER.H2O.INTR.PC,2001,1211.03128396564
ERI,エリトリア,ER.H2O.INTR.PC,2002,1170.09015544648
ERI,エリトリア,ER.H2O.INTR.PC,2003,1122.73813376062
ERI,エリトリア,ER.H2O.INTR.PC,2004,1077.63431557135
ERI,エリトリア,ER.H2O.INTR.PC,2005,1052.1509911826
ERI,エリトリア,ER.H2O.INTR.PC,2006,1035.693703944
ERI,エリトリア,ER.H2O.INTR.PC,2007,1020.69755929341
ERI,エリトリア,ER.H2O.INTR.PC,2008,994.202732850269
ERI,エリトリア,ER.H2O.INTR.PC,2009,969.567694004436
ERI,エリトリア,ER.H2O.INTR.PC,2010,950.703962330393
ERI,エリトリア,ER.H2O.INTR.PC,2011,933.804904810262
ERI,エリトリア,ER.H2O.INTR.PC,2012,921.966105891759
ERI,エリトリア,ER.H2O.INTR.PC,2013,910.758661965417
ERI,エリトリア,ER.H2O.INTR.PC,2014,904.634409772895
ERI,エリトリア,ER.H2O.INTR.PC,2015,901.612792082294
ERI,エリトリア,ER.H2O.INTR.PC,2016,896.086597808812
ERI,エリトリア,ER.H2O.INTR.PC,2017,888.790980803067
ERI,エリトリア,ER.H2O.INTR.PC,2018,876.984176699783
ERI,エリトリア,ER.H2O.INTR.PC,2019,864.145788801535
ERI,エリトリア,ER.H2O.INTR.PC,2020,850.735171913829
ERI,エリトリア,ER.H2O.INTR.PC,2021,835.775239740635
ERI,エリトリア,ER.H2O.INTR.PC,2022,821.247551289109
ERI,エリトリア,ER.H2O.INTR.PC,2023,
ERI,エリトリア,ER.H2O.INTR.PC,2024,
ESH,西サハラ,ER.H2O.INTR.PC,2000,
ESH,西サハラ,ER.H2O.INTR.PC,2001,
ESH,西サハラ,ER.H2O.INTR.PC,2002,
ESH,西サハラ,ER.H2O.INTR.PC,2003,
ESH,西サハラ,ER.H2O.INTR.PC,2004,
ESH,西サハラ,ER.H2O.INTR.PC,2005,
ESH,西サハラ,ER.H2O.INTR.PC,2006,
ESH,西サハラ,ER.H2O.INTR.PC,2007,
ESH,西サハラ,ER.H2O.INTR.PC,2008,
ESH,西サハラ,ER.H2O.INTR.PC,2009,
ESH,西サハラ,ER.H2O.INTR.PC,2010,
ESH,西サハラ,ER.H2O.INTR.PC,2011,
ESH,西サハラ,ER.H2O.INTR.PC,2012,
ESH,西サハラ,ER.H2O.INTR.PC,2013,
ESH,西サハラ,ER.H2O.INTR.PC,2014,
ESH,西サハラ,ER.H2O.INTR.PC,2015,
ESH,西サハラ,ER.H2O.INTR.PC,2016,
ESH,西サハラ,ER.H2O.INTR.PC,2017,
ESH,西サハラ,ER.H2O.INTR.PC,2018,
ESH,西サハラ,ER.H2O.INTR.PC,2019,
ESH,西サハラ,ER.H2O.INTR.PC,2020,
ESH,西サハラ,ER.H2O.INTR.PC,2021,
ESH,西サハラ,ER.H2O.INTR.PC,2022,
ESH,西サハラ,ER.H2O.INTR.PC,2023,
ESH,西サハラ,ER.H2O.INTR.PC,2024,
ETH,エチオピア,ER.H2O.INTR.PC,2000,1809.78039145669
ETH,エチオピア,ER.H2O.INTR.PC,2001,1755.70483907656
ETH,エチオピア,ER.H2O.INTR.PC,2002,1703.06581301005
ETH,エチオピア,ER.H2O.INTR.PC,2003,1652.38520517674
ETH,エチオピア,ER.H2O.INTR.PC,2004,1603.63407667732
ETH,エチオピア,ER.H2O.INTR.PC,2005,1556.76838872047
ETH,エチオピア,ER.H2O.INTR.PC,2006,1511.70661888352
ETH,エチオピア,ER.H2O.INTR.PC,2007,1468.05387810679
ETH,エチオピア,ER.H2O.INTR.PC,2008,1426.17218611669
ETH,エチオピア,ER.H2O.INTR.PC,2009,1386.24334824765
ETH,エチオピア,ER.H2O.INTR.PC,2010,1347.49284707721
ETH,エチオピア,ER.H2O.INTR.PC,2011,1309.71593442274
ETH,エチオピア,ER.H2O.INTR.PC,2012,1273.50282076177
ETH,エチオピア,ER.H2O.INTR.PC,2013,1239.34932900561
ETH,エチオピア,ER.H2O.INTR.PC,2014,1206.53972220511
ETH,エチオピア,ER.H2O.INTR.PC,2015,1174.57750230619
ETH,エチオピア,ER.H2O.INTR.PC,2016,1143.19809968241
ETH,エチオピア,ER.H2O.INTR.PC,2017,1112.46388949054
ETH,エチオピア,ER.H2O.INTR.PC,2018,1082.86440570733
ETH,エチオピア,ER.H2O.INTR.PC,2019,1054.11058067556
ETH,エチオピア,ER.H2O.INTR.PC,2020,1025.91985677217
ETH,エチオピア,ER.H2O.INTR.PC,2021,998.865321744181
ETH,エチオピア,ER.H2O.INTR.PC,2022,973.008683296975
ETH,エチオピア,ER.H2O.INTR.PC,2023,
ETH,エチオピア,ER.H2O.INTR.PC,2024,
GAB,ガボン,ER.H2O.INTR.PC,2000,128569.771051732
GAB,ガボン,ER.H2O.INTR.PC,2001,125230.129452828
GAB,ガボン,ER.H2O.INTR.PC,2002,121920.848093314
GAB,ガボン,ER.H2O.INTR.PC,2003,118638.550294788
GAB,ガボン,ER.H2O.INTR.PC,2004,115362.240953736
GAB,ガボン,ER.H2O.INTR.PC,2005,112060.512676845
GAB,ガボン,ER.H2O.INTR.PC,2006,108729.017454322
GAB,ガボン,ER.H2O.INTR.PC,2007,105382.40640725
GAB,ガボン,ER.H2O.INTR.PC,2008,102042.403596373
GAB,ガボン,ER.H2O.INTR.PC,2009,98702.6618422731
GAB,ガボン,ER.H2O.INTR.PC,2010,95355.5453610399
GAB,ガボン,ER.H2O.INTR.PC,2011,92032.2000465773
GAB,ガボン,ER.H2O.INTR.PC,2012,88797.9732404059
GAB,ガボン,ER.H2O.INTR.PC,2013,85726.5771729988
GAB,ガボン,ER.H2O.INTR.PC,2014,82895.3108043423
GAB,ガボン,ER.H2O.INTR.PC,2015,80353.2013156367
GAB,ガボン,ER.H2O.INTR.PC,2016,78083.8601613289
GAB,ガボン,ER.H2O.INTR.PC,2017,76035.0503036766
GAB,ガボン,ER.H2O.INTR.PC,2018,74130.3917429592
GAB,ガボン,ER.H2O.INTR.PC,2019,72319.780430091
GAB,ガボン,ER.H2O.INTR.PC,2020,70612.3772302639
GAB,ガボン,ER.H2O.INTR.PC,2021,69002.601061462
GAB,ガボン,ER.H2O.INTR.PC,2022,67468.9714725556
GAB,ガボン,ER.H2O.INTR.PC,2023,
GAB,ガボン,ER.H2O.INTR.PC,2024,
GHA,ガーナ,ER.H2O.INTR.PC,2000,1542.99871462605
GHA,ガーナ,ER.H2O.INTR.PC,2001,1502.44936435731
GHA,ガーナ,ER.H2O.INTR.PC,2002,1461.69293565251
GHA,ガーナ,ER.H2O.INTR.PC,2003,1422.7553041656
GHA,ガーナ,ER.H2O.INTR.PC,2004,1385.56736331287
GHA,ガーナ,ER.H2O.INTR.PC,2005,1349.69971185916
GHA,ガーナ,ER.H2O.INTR.PC,2006,1315.06409830742
GHA,ガーナ,ER.H2O.INTR.PC,2007,1281.60233622148
GHA,ガーナ,ER.H2O.INTR.PC,2008,1249.48731844599
GHA,ガーナ,ER.H2O.INTR.PC,2009,1218.69482690994
GHA,ガーナ,ER.H2O.INTR.PC,2010,1189.40160734085
GHA,ガーナ,ER.H2O.INTR.PC,2011,1161.13806552406
GHA,ガーナ,ER.H2O.INTR.PC,2012,1133.37683305935
GHA,ガーナ,ER.H2O.INTR.PC,2013,1106.39693512713
GHA,ガーナ,ER.H2O.INTR.PC,2014,1080.53779542902
GHA,ガーナ,ER.H2O.INTR.PC,2015,1055.89379004817
GHA,ガーナ,ER.H2O.INTR.PC,2016,1032.13088155355
GHA,ガーナ,ER.H2O.INTR.PC,2017,1009.71882696398
GHA,ガーナ,ER.H2O.INTR.PC,2018,988.981344319404
GHA,ガーナ,ER.H2O.INTR.PC,2019,969.322541115831
GHA,ガーナ,ER.H2O.INTR.PC,2020,950.206393923145
GHA,ガーナ,ER.H2O.INTR.PC,2021,931.77256815432
GHA,ガーナ,ER.H2O.INTR.PC,2022,914.050531368042
GHA,ガーナ,ER.H2O.INTR.PC,2023,
GHA,ガーナ,ER.H2O.INTR.PC,2024,
GIN,ギニア,ER.H2O.INTR.PC,2000,26812.7303996568
GIN,ギニア,ER.H2O.INTR.PC,2001,26463.8241865301
GIN,ギニア,ER.H2O.INTR.PC,2002,26054.6783941925
GIN,ギニア,ER.H2O.INTR.PC,2003,25476.8999482684
GIN,ギニア,ER.H2O.INTR.PC,2004,24937.309149587
GIN,ギニア,ER.H2O.INTR.PC,2005,24443.4147926355
GIN,ギニア,ER.H2O.INTR.PC,2006,23937.7085744978
GIN,ギニア,ER.H2O.INTR.PC,2007,23389.9221105244
GIN,ギニア,ER.H2O.INTR.PC,2008,22830.8887782141
GIN,ギニア,ER.H2O.INTR.PC,2009,22280.2033295299
GIN,ギニア,ER.H2O.INTR.PC,2010,21738.9506012166
GIN,ギニア,ER.H2O.INTR.PC,2011,21207.0966827784
GIN,ギニア,ER.H2O.INTR.PC,2012,20692.9747625367
GIN,ギニア,ER.H2O.INTR.PC,2013,20193.2241368357
GIN,ギニア,ER.H2O.INTR.PC,2014,19698.5528710902
GIN,ギニア,ER.H2O.INTR.PC,2015,19206.1405260613
GIN,ギニア,ER.H2O.INTR.PC,2016,18719.4101232251
GIN,ギニア,ER.H2O.INTR.PC,2017,18246.9095911651
GIN,ギニア,ER.H2O.INTR.PC,2018,17788.5887619882
GIN,ギニア,ER.H2O.INTR.PC,2019,17338.8062584805
GIN,ギニア,ER.H2O.INTR.PC,2020,16902.0198138041
GIN,ギニア,ER.H2O.INTR.PC,2021,16483.7012298519
GIN,ギニア,ER.H2O.INTR.PC,2022,16079.5302102
GIN,ギニア,ER.H2O.INTR.PC,2023,
GIN,ギニア,ER.H2O.INTR.PC,2024,
GMB,ガンビア,ER.H2O.INTR.PC,2000,2061.7366420083
GMB,ガンビア,ER.H2O.INTR.PC,2001,2006.67419838382
GMB,ガンビア,ER.H2O.INTR.PC,2002,1953.51799287747
GMB,ガンビア,ER.H2O.INTR.PC,2003,1901.609458859
GMB,ガンビア,ER.H2O.INTR.PC,2004,1850.35329412229
GMB,ガンビア,ER.H2O.INTR.PC,2005,1799.60012885137
GMB,ガンビア,ER.H2O.INTR.PC,2006,1748.99068662459
GMB,ガンビア,ER.H2O.INTR.PC,2007,1698.97166908109
GMB,ガンビア,ER.H2O.INTR.PC,2008,1650.29936430468
GMB,ガンビア,ER.H2O.INTR.PC,2009,1603.05906417687
GMB,ガンビア,ER.H2O.INTR.PC,2010,1557.12305943539
GMB,ガンビア,ER.H2O.INTR.PC,2011,1512.26141555734
GMB,ガンビア,ER.H2O.INTR.PC,2012,1468.36122077594
GMB,ガンビア,ER.H2O.INTR.PC,2013,1425.97750758145
GMB,ガンビア,ER.H2O.INTR.PC,2014,1385.98345690146
GMB,ガンビア,ER.H2O.INTR.PC,2015,1348.60008568106
GMB,ガンビア,ER.H2O.INTR.PC,2016,1313.61797099444
GMB,ガンビア,ER.H2O.INTR.PC,2017,1280.8530823089
GMB,ガンビア,ER.H2O.INTR.PC,2018,1250.19169606006
GMB,ガンビア,ER.H2O.INTR.PC,2019,1221.07874981073
GMB,ガンビア,ER.H2O.INTR.PC,2020,1192.49538802409
GMB,ガンビア,ER.H2O.INTR.PC,2021,1164.59175236121
GMB,ガンビア,ER.H2O.INTR.PC,2022,1137.88512670351
GMB,ガンビア,ER.H2O.INTR.PC,2023,
GMB,ガンビア,ER.H2O.INTR.PC,2024,
GNB,ギニアビサウ,ER.H2O.INTR.PC,2000,12958.1831331429
GNB,ギニアビサウ,ER.H2O.INTR.PC,2001,12685.596219058
GNB,ギニアビサウ,ER.H2O.INTR.PC,2002,12409.7674176903
GNB,ギニアビサウ,ER.H2O.INTR.PC,2003,12132.1862351248
GNB,ギニアビサウ,ER.H2O.INTR.PC,2004,11855.6895824797
GNB,ギニアビサウ,ER.H2O.INTR.PC,2005,11580.9016455737
GNB,ギニアビサウ,ER.H2O.INTR.PC,2006,11304.9997067766
GNB,ギニアビサウ,ER.H2O.INTR.PC,2007,11026.9844092224
GNB,ギニアビサウ,ER.H2O.INTR.PC,2008,10752.2979676813
GNB,ギニアビサウ,ER.H2O.INTR.PC,2009,10482.3382427801
GNB,ギニアビサウ,ER.H2O.INTR.PC,2010,10214.8502215665
GNB,ギニアビサウ,ER.H2O.INTR.PC,2011,9949.7784930563
GNB,ギニアビサウ,ER.H2O.INTR.PC,2012,9688.64920247278
GNB,ギニアビサウ,ER.H2O.INTR.PC,2013,9434.11245344118
GNB,ギニアビサウ,ER.H2O.INTR.PC,2014,9189.47667079044
GNB,ギニアビサウ,ER.H2O.INTR.PC,2015,8956.27490614104
GNB,ギニアビサウ,ER.H2O.INTR.PC,2016,8734.13458100446
GNB,ギニアビサウ,ER.H2O.INTR.PC,2017,8523.9138402789
GNB,ギニアビサウ,ER.H2O.INTR.PC,2018,8323.93422427176
GNB,ギニアビサウ,ER.H2O.INTR.PC,2019,8131.33736105577
GNB,ギニアビサウ,ER.H2O.INTR.PC,2020,7947.3290765452
GNB,ギニアビサウ,ER.H2O.INTR.PC,2021,7771.36262586572
GNB,ギニアビサウ,ER.H2O.INTR.PC,2022,7599.04043116955
GNB,ギニアビサウ,ER.H2O.INTR.PC,2023,
GNB,ギニアビサウ,ER.H2O.INTR.PC,2024,
GNQ,赤道ギニア,ER.H2O.INTR.PC,2000,36969.6805961788
GNQ,赤道ギニア,ER.H2O.INTR.PC,2001,34674.2487690642
GNQ,赤道ギニア,ER.H2O.INTR.PC,2002,32583.209370931
GNQ,赤道ギニア,ER.H2O.INTR.PC,2003,30665.367713142
GNQ,赤道ギニア,ER.H2O.INTR.PC,2004,28891.5533321406
GNQ,赤道ギニア,ER.H2O.INTR.PC,2005,27444.4856111729
GNQ,赤道ギニア,ER.H2O.INTR.PC,2006,26253.5303425177
GNQ,赤道ギニア,ER.H2O.INTR.PC,2007,25095.4592662088
GNQ,赤道ギニア,ER.H2O.INTR.PC,2008,23973.5184826607
GNQ,赤道ギニア,ER.H2O.INTR.PC,2009,22893.9140051758
GNQ,赤道ギニア,ER.H2O.INTR.PC,2010,21865.5520841656
GNQ,赤道ギニア,ER.H2O.INTR.PC,2011,20936.7589091949
GNQ,赤道ギニア,ER.H2O.INTR.PC,2012,20100.7666896279
GNQ,赤道ギニア,ER.H2O.INTR.PC,2013,19313.3652944768
GNQ,赤道ギニア,ER.H2O.INTR.PC,2014,18573.7104844309
GNQ,赤道ギニア,ER.H2O.INTR.PC,2015,17882.6526576717
GNQ,赤道ギニア,ER.H2O.INTR.PC,2016,17239.2529833853
GNQ,赤道ギニア,ER.H2O.INTR.PC,2017,16641.107632124
GNQ,赤道ギニア,ER.H2O.INTR.PC,2018,16084.908520176
GNQ,赤道ギニア,ER.H2O.INTR.PC,2019,15567.212337375
GNQ,赤道ギニア,ER.H2O.INTR.PC,2020,15147.3840467751
GNQ,赤道ギニア,ER.H2O.INTR.PC,2021,14782.9241306219
GNQ,赤道ギニア,ER.H2O.INTR.PC,2022,14416.052829289
GNQ,赤道ギニア,ER.H2O.INTR.PC,2023,
GNQ,赤道ギニア,ER.H2O.INTR.PC,2024,
KEN,ケニア,ER.H2O.INTR.PC,2000,675.523751186654
KEN,ケニア,ER.H2O.INTR.PC,2001,654.666140825328
KEN,ケニア,ER.H2O.INTR.PC,2002,634.389267629157
KEN,ケニア,ER.H2O.INTR.PC,2003,615.115381827822
KEN,ケニア,ER.H2O.INTR.PC,2004,596.310566032681
KEN,ケニア,ER.H2O.INTR.PC,2005,578.269083634024
KEN,ケニア,ER.H2O.INTR.PC,2006,560.914684388753
KEN,ケニア,ER.H2O.INTR.PC,2007,544.216270599473
KEN,ケニア,ER.H2O.INTR.PC,2008,527.975684347671
KEN,ケニア,ER.H2O.INTR.PC,2009,512.263501614038
KEN,ケニア,ER.H2O.INTR.PC,2010,497.61329518875
KEN,ケニア,ER.H2O.INTR.PC,2011,484.114711238087
KEN,ケニア,ER.H2O.INTR.PC,2012,471.651865874149
KEN,ケニア,ER.H2O.INTR.PC,2013,460.135064979407
KEN,ケニア,ER.H2O.INTR.PC,2014,449.497344708439
KEN,ケニア,ER.H2O.INTR.PC,2015,439.597535926268
KEN,ケニア,ER.H2O.INTR.PC,2016,429.998641245839
KEN,ケニア,ER.H2O.INTR.PC,2017,420.750812140535
KEN,ケニア,ER.H2O.INTR.PC,2018,412.292227871245
KEN,ケニア,ER.H2O.INTR.PC,2019,404.274553043722
KEN,ケニア,ER.H2O.INTR.PC,2020,396.420085330285
KEN,ケニア,ER.H2O.INTR.PC,2021,388.95761726142
KEN,ケニア,ER.H2O.INTR.PC,2022,381.549511643352
KEN,ケニア,ER.H2O.INTR.PC,2023,
KEN,ケニア,ER.H2O.INTR.PC,2024,
LBR,リベリア,ER.H2O.INTR.PC,2000,68303.2815970127
LBR,リベリア,ER.H2O.INTR.PC,2001,66327.5559821154
LBR,リベリア,ER.H2O.INTR.PC,2002,64624.9073440391
LBR,リベリア,ER.H2O.INTR.PC,2003,64112.1809297036
LBR,リベリア,ER.H2O.INTR.PC,2004,63353.4501655426
LBR,リベリア,ER.H2O.INTR.PC,2005,60587.4253827989
LBR,リベリア,ER.H2O.INTR.PC,2006,57293.6704531099
LBR,リベリア,ER.H2O.INTR.PC,2007,54510.0230304847
LBR,リベリア,ER.H2O.INTR.PC,2008,52342.2776689785
LBR,リベリア,ER.H2O.INTR.PC,2009,50722.439708772
LBR,リベリア,ER.H2O.INTR.PC,2010,49274.5553587311
LBR,リベリア,ER.H2O.INTR.PC,2011,47380.1389090912
LBR,リベリア,ER.H2O.INTR.PC,2012,45734.743518415
LBR,リベリア,ER.H2O.INTR.PC,2013,44740.3371497587
LBR,リベリア,ER.H2O.INTR.PC,2014,43818.3964088195
LBR,リベリア,ER.H2O.INTR.PC,2015,42923.6960478651
LBR,リベリア,ER.H2O.INTR.PC,2016,42055.6109755051
LBR,リベリア,ER.H2O.INTR.PC,2017,41246.2556133576
LBR,リベリア,ER.H2O.INTR.PC,2018,40447.1349878638
LBR,リベリア,ER.H2O.INTR.PC,2019,39653.2639295473
LBR,リベリア,ER.H2O.INTR.PC,2020,38839.0012706179
LBR,リベリア,ER.H2O.INTR.PC,2021,38027.708128974
LBR,リベリア,ER.H2O.INTR.PC,2022,37221.1161347211
LBR,リベリア,ER.H2O.INTR.PC,2023,
LBR,リベリア,ER.H2O.INTR.PC,2024,
LBY,リビア,ER.H2O.INTR.PC,2000,131.95046730258
LBY,リビア,ER.H2O.INTR.PC,2001,129.542332491123
LBY,リビア,ER.H2O.INTR.PC,2002,127.078412826932
LBY,リビア,ER.H2O.INTR.PC,2003,124.568503601275
LBY,リビア,ER.H2O.INTR.PC,2004,122.021520063911
LBY,リビア,ER.H2O.INTR.PC,2005,119.478432265458
LBY,リビア,ER.H2O.INTR.PC,2006,117.05272606602
LBY,リビア,ER.H2O.INTR.PC,2007,114.671760277047
LBY,リビア,ER.H2O.INTR.PC,2008,112.261704485497
LBY,リビア,ER.H2O.INTR.PC,2009,109.947310107645
LBY,リビア,ER.H2O.INTR.PC,2010,107.728123149866
LBY,リビア,ER.H2O.INTR.PC,2011,110.354343066113
LBY,リビア,ER.H2O.INTR.PC,2012,113.28092634021
LBY,リビア,ER.H2O.INTR.PC,2013,111.029548452343
LBY,リビア,ER.H2O.INTR.PC,2014,108.911242316312
LBY,リビア,ER.H2O.INTR.PC,2015,107.167697084074
LBY,リビア,ER.H2O.INTR.PC,2016,105.546848778205
LBY,リビア,ER.H2O.INTR.PC,2017,103.876523460513
LBY,リビア,ER.H2O.INTR.PC,2018,102.203880681349
LBY,リビア,ER.H2O.INTR.PC,2019,100.704456445538
LBY,リビア,ER.H2O.INTR.PC,2020,99.3556220165813
LBY,リビア,ER.H2O.INTR.PC,2021,98.1055124786708
LBY,リビア,ER.H2O.INTR.PC,2022,96.9018405120293
LBY,リビア,ER.H2O.INTR.PC,2023,
LBY,リビア,ER.H2O.INTR.PC,2024,
LSO,レソト,ER.H2O.INTR.PC,2000,2609.89374289203
LSO,レソト,ER.H2O.INTR.PC,2001,2613.8851779716
LSO,レソト,ER.H2O.INTR.PC,2002,2621.97576652684
LSO,レソト,ER.H2O.INTR.PC,2003,2634.68239483058
LSO,レソト,ER.H2O.INTR.PC,2004,2653.30173722775
LSO,レソト,ER.H2O.INTR.PC,2005,2677.82718132833
LSO,レソト,ER.H2O.INTR.PC,2006,2688.85892127916
LSO,レソト,ER.H2O.INTR.PC,2007,2677.56395947714
LSO,レソト,ER.H2O.INTR.PC,2008,2659.49197092763
LSO,レソト,ER.H2O.INTR.PC,2009,2640.23670252105
LSO,レソト,ER.H2O.INTR.PC,2010,2619.91102321301
LSO,レソト,ER.H2O.INTR.PC,2011,2596.81063987301
LSO,レソト,ER.H2O.INTR.PC,2012,2570.8406698146
LSO,レソト,ER.H2O.INTR.PC,2013,2543.15090075196
LSO,レソト,ER.H2O.INTR.PC,2014,2514.3154932313
LSO,レソト,ER.H2O.INTR.PC,2015,2485.01979700762
LSO,レソト,ER.H2O.INTR.PC,2016,2454.91268865981
LSO,レソト,ER.H2O.INTR.PC,2017,2424.54024134142
LSO,レソト,ER.H2O.INTR.PC,2018,2395.12402208643
LSO,レソト,ER.H2O.INTR.PC,2019,2367.15314756688
LSO,レソト,ER.H2O.INTR.PC,2020,2339.28382132523
LSO,レソト,ER.H2O.INTR.PC,2021,2312.58141568894
LSO,レソト,ER.H2O.INTR.PC,2022,2287.72893692779
LSO,レソト,ER.H2O.INTR.PC,2023,
LSO,レソト,ER.H2O.INTR.PC,2024,
MAR,モロッコ,ER.H2O.INTR.PC,2000,1020.28484593787
MAR,モロッコ,ER.H2O.INTR.PC,2001,1006.43273630008
MAR,モロッコ,ER.H2O.INTR.PC,2002,993.213883266956
MAR,モロッコ,ER.H2O.INTR.PC,2003,980.676778571468
MAR,モロッコ,ER.H2O.INTR.PC,2004,968.18290564243
MAR,モロッコ,ER.H2O.INTR.PC,2005,955.26261420988
MAR,モロッコ,ER.H2O.INTR.PC,2006,942.440357661965
MAR,モロッコ,ER.H2O.INTR.PC,2007,929.890489682897
MAR,モロッコ,ER.H2O.INTR.PC,2008,917.525035066067
MAR,モロッコ,ER.H2O.INTR.PC,2009,905.379194973035
MAR,モロッコ,ER.H2O.INTR.PC,2010,893.214208537058
MAR,モロッコ,ER.H2O.INTR.PC,2011,881.121837030865
MAR,モロッコ,ER.H2O.INTR.PC,2012,869.428585450784
MAR,モロッコ,ER.H2O.INTR.PC,2013,858.303782772665
MAR,モロッコ,ER.H2O.INTR.PC,2014,847.834717837682
MAR,モロッコ,ER.H2O.INTR.PC,2015,837.966517631914
MAR,モロッコ,ER.H2O.INTR.PC,2016,828.016491918545
MAR,モロッコ,ER.H2O.INTR.PC,2017,818.136864254054
MAR,モロッコ,ER.H2O.INTR.PC,2018,809.157204177707
MAR,モロッコ,ER.H2O.INTR.PC,2019,800.863872528099
MAR,モロッコ,ER.H2O.INTR.PC,2020,792.69175377529
MAR,モロッコ,ER.H2O.INTR.PC,2021,784.750044392498
MAR,モロッコ,ER.H2O.INTR.PC,2022,776.874555440233
MAR,モロッコ,ER.H2O.INTR.PC,2023,
MAR,モロッコ,ER.H2O.INTR.PC,2024,
MDG,マダガスカル,ER.H2O.INTR.PC,2000,20404.0387160883
MDG,マダガスカル,ER.H2O.INTR.PC,2001,19785.1938529223
MDG,マダガスカル,ER.H2O.INTR.PC,2002,19202.3743935369
MDG,マダガスカル,ER.H2O.INTR.PC,2003,18647.7823470685
MDG,マダガスカル,ER.H2O.INTR.PC,2004,18111.8449961433
MDG,マダガスカル,ER.H2O.INTR.PC,2005,17588.995489336
MDG,マダガスカル,ER.H2O.INTR.PC,2006,17079.8010370429
MDG,マダガスカル,ER.H2O.INTR.PC,2007,16585.8022678058
MDG,マダガスカル,ER.H2O.INTR.PC,2008,16106.0302506614
MDG,マダガスカル,ER.H2O.INTR.PC,2009,15640.0250982955
MDG,マダガスカル,ER.H2O.INTR.PC,2010,15191.5807087661
MDG,マダガスカル,ER.H2O.INTR.PC,2011,14766.2593165457
MDG,マダガスカル,ER.H2O.INTR.PC,2012,14363.3837199698
MDG,マダガスカル,ER.H2O.INTR.PC,2013,13978.0142841204
MDG,マダガスカル,ER.H2O.INTR.PC,2014,13608.2726668193
MDG,マダガスカル,ER.H2O.INTR.PC,2015,13253.7833652198
MDG,マダガスカル,ER.H2O.INTR.PC,2016,12911.9011406611
MDG,マダガスカル,ER.H2O.INTR.PC,2017,12580.0837116846
MDG,マダガスカル,ER.H2O.INTR.PC,2018,12256.8069468527
MDG,マダガスカル,ER.H2O.INTR.PC,2019,11942.0739250521
MDG,マダガスカル,ER.H2O.INTR.PC,2020,11639.3302432351
MDG,マダガスカル,ER.H2O.INTR.PC,2021,11350.2090846602
MDG,マダガスカル,ER.H2O.INTR.PC,2022,11071.9555218848
MDG,マダガスカル,ER.H2O.INTR.PC,2023,
MDG,マダガスカル,ER.H2O.INTR.PC,2024,
MLI,マリ,ER.H2O.INTR.PC,2000,5190.63022036821
MLI,マリ,ER.H2O.INTR.PC,2001,5036.87073324581
MLI,マリ,ER.H2O.INTR.PC,2002,4882.79263186592
MLI,マリ,ER.H2O.INTR.PC,2003,4730.01283804318
MLI,マリ,ER.H2O.INTR.PC,2004,4579.31056800318
MLI,マリ,ER.H2O.INTR.PC,2005,4431.75747177691
MLI,マリ,ER.H2O.INTR.PC,2006,4288.73508690657
MLI,マリ,ER.H2O.INTR.PC,2007,4150.01616777132
MLI,マリ,ER.H2O.INTR.PC,2008,4015.85405636733
MLI,マリ,ER.H2O.INTR.PC,2009,3887.13345222347
MLI,マリ,ER.H2O.INTR.PC,2010,3762.88836300434
MLI,マリ,ER.H2O.INTR.PC,2011,3643.19761268547
MLI,マリ,ER.H2O.INTR.PC,2012,3538.35485252638
MLI,マリ,ER.H2O.INTR.PC,2013,3436.50189308298
MLI,マリ,ER.H2O.INTR.PC,2014,3329.58440626879
MLI,マリ,ER.H2O.INTR.PC,2015,3227.01710351335
MLI,マリ,ER.H2O.INTR.PC,2016,3126.41844953718
MLI,マリ,ER.H2O.INTR.PC,2017,3028.31306155334
MLI,マリ,ER.H2O.INTR.PC,2018,2935.12924107831
MLI,マリ,ER.H2O.INTR.PC,2019,2847.86627179419
MLI,マリ,ER.H2O.INTR.PC,2020,2763.21512237635
MLI,マリ,ER.H2O.INTR.PC,2021,2679.93173320565
MLI,マリ,ER.H2O.INTR.PC,2022,2600.48264957976
MLI,マリ,ER.H2O.INTR.PC,2023,
MLI,マリ,ER.H2O.INTR.PC,2024,
MOZ,モザンビーク,ER.H2O.INTR.PC,2000,5532.37284795247
MOZ,モザンビーク,ER.H2O.INTR.PC,2001,5410.58724075641
MOZ,モザンビーク,ER.H2O.INTR.PC,2002,5290.54814826068
MOZ,モザンビーク,ER.H2O.INTR.PC,2003,5172.1092846581
MOZ,モザンビーク,ER.H2O.INTR.PC,2004,5055.36379390789
MOZ,モザンビーク,ER.H2O.INTR.PC,2005,4939.77488515023
MOZ,モザンビーク,ER.H2O.INTR.PC,2006,4825.11089697176
MOZ,モザンビーク,ER.H2O.INTR.PC,2007,4711.65538116376
MOZ,モザンビーク,ER.H2O.INTR.PC,2008,4596.90336456661
MOZ,モザンビーク,ER.H2O.INTR.PC,2009,4479.3293242666
MOZ,モザンビーク,ER.H2O.INTR.PC,2010,4361.01461635572
MOZ,モザンビーク,ER.H2O.INTR.PC,2011,4241.1871366105
MOZ,モザンビーク,ER.H2O.INTR.PC,2012,4121.15353182858
MOZ,モザンビーク,ER.H2O.INTR.PC,2013,4003.7345302863
MOZ,モザンビーク,ER.H2O.INTR.PC,2014,3889.33428595526
MOZ,モザンビーク,ER.H2O.INTR.PC,2015,3778.12328750818
MOZ,モザンビーク,ER.H2O.INTR.PC,2016,3669.00591704937
MOZ,モザンビーク,ER.H2O.INTR.PC,2017,3560.98134397258
MOZ,モザンビーク,ER.H2O.INTR.PC,2018,3456.39858292483
MOZ,モザンビーク,ER.H2O.INTR.PC,2019,3356.268391715
MOZ,モザンビーク,ER.H2O.INTR.PC,2020,3258.21909317688
MOZ,モザンビーク,ER.H2O.INTR.PC,2021,3163.25951343203
MOZ,モザンビーク,ER.H2O.INTR.PC,2022,3071.3879360169
MOZ,モザンビーク,ER.H2O.INTR.PC,2023,
MOZ,モザンビーク,ER.H2O.INTR.PC,2024,
MRT,モーリタニア,ER.H2O.INTR.PC,2000,153.054918783321
MRT,モーリタニア,ER.H2O.INTR.PC,2001,149.322821006734
MRT,モーリタニア,ER.H2O.INTR.PC,2002,146.05709737079
MRT,モーリタニア,ER.H2O.INTR.PC,2003,142.752831323968
MRT,モーリタニア,ER.H2O.INTR.PC,2004,139.437731292337
MRT,モーリタニア,ER.H2O.INTR.PC,2005,136.097982381436
MRT,モーリタニア,ER.H2O.INTR.PC,2006,132.728974071395
MRT,モーリタニア,ER.H2O.INTR.PC,2007,129.321813777235
MRT,モーリタニア,ER.H2O.INTR.PC,2008,125.656989717174
MRT,モーリタニア,ER.H2O.INTR.PC,2009,121.786065725504
MRT,モーリタニア,ER.H2O.INTR.PC,2010,117.960521562446
MRT,モーリタニア,ER.H2O.INTR.PC,2011,114.194000190133
MRT,モーリタニア,ER.H2O.INTR.PC,2012,110.526731719017
MRT,モーリタニア,ER.H2O.INTR.PC,2013,107.114605665613
MRT,モーリタニア,ER.H2O.INTR.PC,2014,103.936220577605
MRT,モーリタニア,ER.H2O.INTR.PC,2015,100.858329599474
MRT,モーリタニア,ER.H2O.INTR.PC,2016,97.8795137443637
MRT,モーリタニア,ER.H2O.INTR.PC,2017,94.9983375290932
MRT,モーリタニア,ER.H2O.INTR.PC,2018,92.2150870798594
MRT,モーリタニア,ER.H2O.INTR.PC,2019,89.5313659710975
MRT,モーリタニア,ER.H2O.INTR.PC,2020,86.9540454391408
MRT,モーリタニア,ER.H2O.INTR.PC,2021,84.4795447566292
MRT,モーリタニア,ER.H2O.INTR.PC,2022,82.040562084503
MRT,モーリタニア,ER.H2O.INTR.PC,2023,
MRT,モーリタニア,ER.H2O.INTR.PC,2024,
MUS,モーリシャス,ER.H2O.INTR.PC,2000,2317.85540660205
MUS,モーリシャス,ER.H2O.INTR.PC,2001,2299.61539329609
MUS,モーリシャス,ER.H2O.INTR.PC,2002,2283.70582946836
MUS,モーリシャス,ER.H2O.INTR.PC,2003,2267.23917683806
MUS,モーリシャス,ER.H2O.INTR.PC,2004,2253.06571728325
MUS,モーリシャス,ER.H2O.INTR.PC,2005,2239.76473921518
MUS,モーリシャス,ER.H2O.INTR.PC,2006,2229.34272072195
MUS,モーリシャス,ER.H2O.INTR.PC,2007,2219.21057089615
MUS,モーリシャス,ER.H2O.INTR.PC,2008,2211.19971449722
MUS,モーリシャス,ER.H2O.INTR.PC,2009,2205.33593495101
MUS,モーリシャス,ER.H2O.INTR.PC,2010,2200.09596928983
MUS,モーリシャス,ER.H2O.INTR.PC,2011,2196.57554591011
MUS,モーリシャス,ER.H2O.INTR.PC,2012,2190.49241887375
MUS,モーリシャス,ER.H2O.INTR.PC,2013,2185.19421698002
MUS,モーリシャス,ER.H2O.INTR.PC,2014,2181.24211073828
MUS,モーリシャス,ER.H2O.INTR.PC,2015,2178.35596284363
MUS,モーリシャス,ER.H2O.INTR.PC,2016,2176.85976702615
MUS,モーリシャス,ER.H2O.INTR.PC,2017,2174.89783672375
MUS,モーリシャス,ER.H2O.INTR.PC,2018,2173.71206967257
MUS,モーリシャス,ER.H2O.INTR.PC,2019,2173.01152857261
MUS,モーリシャス,ER.H2O.INTR.PC,2020,2172.96175239768
MUS,モーリシャス,ER.H2O.INTR.PC,2021,2172.4126494274
MUS,モーリシャス,ER.H2O.INTR.PC,2022,2178.97020489924
MUS,モーリシャス,ER.H2O.INTR.PC,2023,
MUS,モーリシャス,ER.H2O.INTR.PC,2024,
MWI,マラウイ,ER.H2O.INTR.PC,2000,1426.30635611247
MWI,マラウイ,ER.H2O.INTR.PC,2001,1392.21247750162
MWI,マラウイ,ER.H2O.INTR.PC,2002,1358.53554245466
MWI,マラウイ,ER.H2O.INTR.PC,2003,1324.95193149916
MWI,マラウイ,ER.H2O.INTR.PC,2004,1291.12387533631
MWI,マラウイ,ER.H2O.INTR.PC,2005,1257.00631096607
MWI,マラウイ,ER.H2O.INTR.PC,2006,1222.8476120491
MWI,マラウイ,ER.H2O.INTR.PC,2007,1188.83266281649
MWI,マラウイ,ER.H2O.INTR.PC,2008,1154.8024075126
MWI,マラウイ,ER.H2O.INTR.PC,2009,1121.16127300569
MWI,マラウイ,ER.H2O.INTR.PC,2010,1088.59409017511
MWI,マラウイ,ER.H2O.INTR.PC,2011,1057.31914438119
MWI,マラウイ,ER.H2O.INTR.PC,2012,1027.39876446069
MWI,マラウイ,ER.H2O.INTR.PC,2013,998.650151690874
MWI,マラウイ,ER.H2O.INTR.PC,2014,971.029275389558
MWI,マラウイ,ER.H2O.INTR.PC,2015,944.655866959678
MWI,マラウイ,ER.H2O.INTR.PC,2016,919.252758000333
MWI,マラウイ,ER.H2O.INTR.PC,2017,894.692626795933
MWI,マラウイ,ER.H2O.INTR.PC,2018,871.110181351215
MWI,マラウイ,ER.H2O.INTR.PC,2019,848.323892795407
MWI,マラウイ,ER.H2O.INTR.PC,2020,826.25640118342
MWI,マラウイ,ER.H2O.INTR.PC,2021,805.097634798734
MWI,マラウイ,ER.H2O.INTR.PC,2022,784.686345212985
MWI,マラウイ,ER.H2O.INTR.PC,2023,
MWI,マラウイ,ER.H2O.INTR.PC,2024,
NAM,ナミビア,ER.H2O.INTR.PC,2000,3387.13340191912
NAM,ナミビア,ER.H2O.INTR.PC,2001,3317.09250380173
NAM,ナミビア,ER.H2O.INTR.PC,2002,3259.31099435441
NAM,ナミビア,ER.H2O.INTR.PC,2003,3212.57661160783
NAM,ナミビア,ER.H2O.INTR.PC,2004,3171.85371163524
NAM,ナミビア,ER.H2O.INTR.PC,2005,3132.33823964625
NAM,ナミビア,ER.H2O.INTR.PC,2006,3092.54335585133
NAM,ナミビア,ER.H2O.INTR.PC,2007,3051.61993460814
NAM,ナミビア,ER.H2O.INTR.PC,2008,3009.19955291892
NAM,ナミビア,ER.H2O.INTR.PC,2009,2965.25358213223
NAM,ナミビア,ER.H2O.INTR.PC,2010,2919.69280660685
NAM,ナミビア,ER.H2O.INTR.PC,2011,2870.02201437341
NAM,ナミビア,ER.H2O.INTR.PC,2012,2806.82057399481
NAM,ナミビア,ER.H2O.INTR.PC,2013,2734.72946599968
NAM,ナミビア,ER.H2O.INTR.PC,2014,2664.19968695654
NAM,ナミビア,ER.H2O.INTR.PC,2015,2594.44889019922
NAM,ナミビア,ER.H2O.INTR.PC,2016,2525.40471045374
NAM,ナミビア,ER.H2O.INTR.PC,2017,2457.26414751882
NAM,ナミビア,ER.H2O.INTR.PC,2018,2390.07312614969
NAM,ナミビア,ER.H2O.INTR.PC,2019,2324.09505548777
NAM,ナミビア,ER.H2O.INTR.PC,2020,2257.43395723042
NAM,ナミビア,ER.H2O.INTR.PC,2021,2191.74338954538
NAM,ナミビア,ER.H2O.INTR.PC,2022,2131.73720663524
NAM,ナミビア,ER.H2O.INTR.PC,2023,
NAM,ナミビア,ER.H2O.INTR.PC,2024,
NER,ニジェール,ER.H2O.INTR.PC,2000,304.093181101391
NER,ニジェール,ER.H2O.INTR.PC,2001,293.608224452918
NER,ニジェール,ER.H2O.INTR.PC,2002,283.420454081676
NER,ニジェール,ER.H2O.INTR.PC,2003,273.50194389553
NER,ニジェール,ER.H2O.INTR.PC,2004,263.835615033987
NER,ニジェール,ER.H2O.INTR.PC,2005,254.430877382345
NER,ニジェール,ER.H2O.INTR.PC,2006,245.294188679309
NER,ニジェール,ER.H2O.INTR.PC,2007,236.428817025036
NER,ニジェール,ER.H2O.INTR.PC,2008,227.836177976509
NER,ニジェール,ER.H2O.INTR.PC,2009,219.522788817509
NER,ニジェール,ER.H2O.INTR.PC,2010,211.495250269883
NER,ニジェール,ER.H2O.INTR.PC,2011,203.769348700182
NER,ニジェール,ER.H2O.INTR.PC,2012,196.223878887482
NER,ニジェール,ER.H2O.INTR.PC,2013,188.985922060694
NER,ニジェール,ER.H2O.INTR.PC,2014,182.140745982925
NER,ニジェール,ER.H2O.INTR.PC,2015,175.530998824544
NER,ニジェール,ER.H2O.INTR.PC,2016,169.198578364539
NER,ニジェール,ER.H2O.INTR.PC,2017,163.280950627293
NER,ニジェール,ER.H2O.INTR.PC,2018,157.742433557422
NER,ニジェール,ER.H2O.INTR.PC,2019,152.520353078517
NER,ニジェール,ER.H2O.INTR.PC,2020,147.569656356228
NER,ニジェール,ER.H2O.INTR.PC,2021,142.844665812864
NER,ニジェール,ER.H2O.INTR.PC,2022,138.274483778882
NER,ニジェール,ER.H2O.INTR.PC,2023,
NER,ニジェール,ER.H2O.INTR.PC,2024,
NGA,ナイジェリア,ER.H2O.INTR.PC,2000,1748.65990538215
NGA,ナイジェリア,ER.H2O.INTR.PC,2001,1701.79873580995
NGA,ナイジェリア,ER.H2O.INTR.PC,2002,1655.77812734925
NGA,ナイジェリア,ER.H2O.INTR.PC,2003,1610.75613090955
NGA,ナイジェリア,ER.H2O.INTR.PC,2004,1566.74202270436
NGA,ナイジェリア,ER.H2O.INTR.PC,2005,1523.95660121903
NGA,ナイジェリア,ER.H2O.INTR.PC,2006,1482.45205404599
NGA,ナイジェリア,ER.H2O.INTR.PC,2007,1441.92568300676
NGA,ナイジェリア,ER.H2O.INTR.PC,2008,1402.32862950855
NGA,ナイジェリア,ER.H2O.INTR.PC,2009,1363.78112302797
NGA,ナイジェリア,ER.H2O.INTR.PC,2010,1326.18922598352
NGA,ナイジェリア,ER.H2O.INTR.PC,2011,1289.53505889307
NGA,ナイジェリア,ER.H2O.INTR.PC,2012,1254.25207770971
NGA,ナイジェリア,ER.H2O.INTR.PC,2013,1220.66103235678
NGA,ナイジェリア,ER.H2O.INTR.PC,2014,1188.83091739312
NGA,ナイジェリア,ER.H2O.INTR.PC,2015,1159.05922948952
NGA,ナイジェリア,ER.H2O.INTR.PC,2016,1130.76041847345
NGA,ナイジェリア,ER.H2O.INTR.PC,2017,1103.59523913808
NGA,ナイジェリア,ER.H2O.INTR.PC,2018,1078.37095038466
NGA,ナイジェリア,ER.H2O.INTR.PC,2019,1054.96490807215
NGA,ナイジェリア,ER.H2O.INTR.PC,2020,1032.72871023806
NGA,ナイジェリア,ER.H2O.INTR.PC,2021,1011.30610018101
NGA,ナイジェリア,ER.H2O.INTR.PC,2022,990.36124865033
NGA,ナイジェリア,ER.H2O.INTR.PC,2023,
NGA,ナイジェリア,ER.H2O.INTR.PC,2024,
RWA,ルワンダ,ER.H2O.INTR.PC,2000,1156.57168291285
RWA,ルワンダ,ER.H2O.INTR.PC,2001,1146.36083529401
RWA,ルワンダ,ER.H2O.INTR.PC,2002,1130.92814677781
RWA,ルワンダ,ER.H2O.INTR.PC,2003,1106.33961714826
RWA,ルワンダ,ER.H2O.INTR.PC,2004,1077.48305402704
RWA,ルワンダ,ER.H2O.INTR.PC,2005,1049.19880970052
RWA,ルワンダ,ER.H2O.INTR.PC,2006,1021.58820188217
RWA,ルワンダ,ER.H2O.INTR.PC,2007,994.771376930079
RWA,ルワンダ,ER.H2O.INTR.PC,2008,968.965661794877
RWA,ルワンダ,ER.H2O.INTR.PC,2009,944.293445848051
RWA,ルワンダ,ER.H2O.INTR.PC,2010,920.760959502704
RWA,ルワンダ,ER.H2O.INTR.PC,2011,898.452798079921
RWA,ルワンダ,ER.H2O.INTR.PC,2012,877.201001191054
RWA,ルワンダ,ER.H2O.INTR.PC,2013,856.369677662453
RWA,ルワンダ,ER.H2O.INTR.PC,2014,835.917565153395
RWA,ルワンダ,ER.H2O.INTR.PC,2015,816.149660198237
RWA,ルワンダ,ER.H2O.INTR.PC,2016,797.03449473005
RWA,ルワンダ,ER.H2O.INTR.PC,2017,778.557063315539
RWA,ルワンダ,ER.H2O.INTR.PC,2018,760.730544756741
RWA,ルワンダ,ER.H2O.INTR.PC,2019,743.575721016025
RWA,ルワンダ,ER.H2O.INTR.PC,2020,727.086982640301
RWA,ルワンダ,ER.H2O.INTR.PC,2021,711.330217457391
RWA,ルワンダ,ER.H2O.INTR.PC,2022,695.918183463079
RWA,ルワンダ,ER.H2O.INTR.PC,2023,
RWA,ルワンダ,ER.H2O.INTR.PC,2024,
SDN,スーダン,ER.H2O.INTR.PC,2000,
SDN,スーダン,ER.H2O.INTR.PC,2001,
SDN,スーダン,ER.H2O.INTR.PC,2002,
SDN,スーダン,ER.H2O.INTR.PC,2003,
SDN,スーダン,ER.H2O.INTR.PC,2004,
SDN,スーダン,ER.H2O.INTR.PC,2005,
SDN,スーダン,ER.H2O.INTR.PC,2006,
SDN,スーダン,ER.H2O.INTR.PC,2007,
SDN,スーダン,ER.H2O.INTR.PC,2008,
SDN,スーダン,ER.H2O.INTR.PC,2009,
SDN,スーダン,ER.H2O.INTR.PC,2010,
SDN,スーダン,ER.H2O.INTR.PC,2011,
SDN,スーダン,ER.H2O.INTR.PC,2012,108.333036771645
SDN,スーダン,ER.H2O.INTR.PC,2013,105.859736008578
SDN,スーダン,ER.H2O.INTR.PC,2014,103.03086408019
SDN,スーダン,ER.H2O.INTR.PC,2015,99.9389597818392
SDN,スーダン,ER.H2O.INTR.PC,2016,96.9464486237628
SDN,スーダン,ER.H2O.INTR.PC,2017,93.6454404760784
SDN,スーダン,ER.H2O.INTR.PC,2018,90.4351367998749
SDN,スーダン,ER.H2O.INTR.PC,2019,87.8191058148872
SDN,スーダン,ER.H2O.INTR.PC,2020,85.4897572477735
SDN,スーダン,ER.H2O.INTR.PC,2021,83.2173076022089
SDN,スーダン,ER.H2O.INTR.PC,2022,80.9989667366808
SDN,スーダン,ER.H2O.INTR.PC,2023,
SDN,スーダン,ER.H2O.INTR.PC,2024,
SEN,セネガル,ER.H2O.INTR.PC,2000,2588.2149943922
SEN,セネガル,ER.H2O.INTR.PC,2001,2526.20645451624
SEN,セネガル,ER.H2O.INTR.PC,2002,2465.07476342448
SEN,セネガル,ER.H2O.INTR.PC,2003,2406.45242648754
SEN,セネガル,ER.H2O.INTR.PC,2004,2350.64648244887
SEN,セネガル,ER.H2O.INTR.PC,2005,2296.29872247468
SEN,セネガル,ER.H2O.INTR.PC,2006,2243.45992302324
SEN,セネガル,ER.H2O.INTR.PC,2007,2191.94953010719
SEN,セネガル,ER.H2O.INTR.PC,2008,2141.26382204471
SEN,セネガル,ER.H2O.INTR.PC,2009,2091.20422481613
SEN,セネガル,ER.H2O.INTR.PC,2010,2041.88022979542
SEN,セネガル,ER.H2O.INTR.PC,2011,1990.91018317377
SEN,セネガル,ER.H2O.INTR.PC,2012,1938.32010004136
SEN,セネガル,ER.H2O.INTR.PC,2013,1881.72154765908
SEN,セネガル,ER.H2O.INTR.PC,2014,1823.05073832848
SEN,セネガル,ER.H2O.INTR.PC,2015,1767.93084457551
SEN,セネガル,ER.H2O.INTR.PC,2016,1716.05068096283
SEN,セネガル,ER.H2O.INTR.PC,2017,1667.20495415768
SEN,セネガル,ER.H2O.INTR.PC,2018,1621.16329399771
SEN,セネガル,ER.H2O.INTR.PC,2019,1577.69969183489
SEN,セネガル,ER.H2O.INTR.PC,2020,1536.70042662497
SEN,セネガル,ER.H2O.INTR.PC,2021,1498.18240858605
SEN,セネガル,ER.H2O.INTR.PC,2022,1461.66503022502
SEN,セネガル,ER.H2O.INTR.PC,2023,
SEN,セネガル,ER.H2O.INTR.PC,2024,
SLE,シエラレオネ,ER.H2O.INTR.PC,2000,36169.5456494705
SLE,シエラレオネ,ER.H2O.INTR.PC,2001,34095.3937975364
SLE,シエラレオネ,ER.H2O.INTR.PC,2002,32183.8664289084
SLE,シエラレオネ,ER.H2O.INTR.PC,2003,30901.8293303554
SLE,シエラレオネ,ER.H2O.INTR.PC,2004,29874.6180950188
SLE,シエラレオネ,ER.H2O.INTR.PC,2005,29081.8567020593
SLE,シエラレオネ,ER.H2O.INTR.PC,2006,28447.1450267456
SLE,シエラレオネ,ER.H2O.INTR.PC,2007,27829.2231889785
SLE,シエラレオネ,ER.H2O.INTR.PC,2008,27142.925484866
SLE,シエラレオネ,ER.H2O.INTR.PC,2009,26421.6237210696
SLE,シエラレオネ,ER.H2O.INTR.PC,2010,25712.2535279622
SLE,シエラレオネ,ER.H2O.INTR.PC,2011,25049.9001839759
SLE,シエラレオネ,ER.H2O.INTR.PC,2012,24423.4538427252
SLE,シエラレオネ,ER.H2O.INTR.PC,2013,23830.6202916838
SLE,シエラレオネ,ER.H2O.INTR.PC,2014,23268.0398203416
SLE,シエラレオネ,ER.H2O.INTR.PC,2015,22734.8456268459
SLE,シエラレオネ,ER.H2O.INTR.PC,2016,22205.7899376683
SLE,シエラレオネ,ER.H2O.INTR.PC,2017,21682.2763246211
SLE,シエラレオネ,ER.H2O.INTR.PC,2018,21179.2528568496
SLE,シエラレオネ,ER.H2O.INTR.PC,2019,20693.2470562886
SLE,シエラレオネ,ER.H2O.INTR.PC,2020,20221.0208127384
SLE,シエラレオネ,ER.H2O.INTR.PC,2021,19766.2590452254
SLE,シエラレオネ,ER.H2O.INTR.PC,2022,19331.1261214621
SLE,シエラレオネ,ER.H2O.INTR.PC,2023,
SLE,シエラレオネ,ER.H2O.INTR.PC,2024,
SOM,ソマリア,ER.H2O.INTR.PC,2000,678.831861607001
SOM,ソマリア,ER.H2O.INTR.PC,2001,652.280759467882
SOM,ソマリア,ER.H2O.INTR.PC,2002,628.268106713013
SOM,ソマリア,ER.H2O.INTR.PC,2003,605.500548633955
SOM,ソマリア,ER.H2O.INTR.PC,2004,583.600930571137
SOM,ソマリア,ER.H2O.INTR.PC,2005,563.685783506329
SOM,ソマリア,ER.H2O.INTR.PC,2006,546.672033771212
SOM,ソマリア,ER.H2O.INTR.PC,2007,529.914466505961
SOM,ソマリア,ER.H2O.INTR.PC,2008,514.443692594514
SOM,ソマリア,ER.H2O.INTR.PC,2009,501.621868907646
SOM,ソマリア,ER.H2O.INTR.PC,2010,489.326324875491
SOM,ソマリア,ER.H2O.INTR.PC,2011,485.875989871105
SOM,ソマリア,ER.H2O.INTR.PC,2012,481.496104696513
SOM,ソマリア,ER.H2O.INTR.PC,2013,466.215173532281
SOM,ソマリア,ER.H2O.INTR.PC,2014,449.792274682745
SOM,ソマリア,ER.H2O.INTR.PC,2015,434.563343147946
SOM,ソマリア,ER.H2O.INTR.PC,2016,418.1551829638
SOM,ソマリア,ER.H2O.INTR.PC,2017,402.235652572709
SOM,ソマリア,ER.H2O.INTR.PC,2018,388.287011663559
SOM,ソマリア,ER.H2O.INTR.PC,2019,374.275519555241
SOM,ソマリア,ER.H2O.INTR.PC,2020,360.334585075626
SOM,ソマリア,ER.H2O.INTR.PC,2021,347.394492095067
SOM,ソマリア,ER.H2O.INTR.PC,2022,337.042732018953
SOM,ソマリア,ER.H2O.INTR.PC,2023,
SOM,ソマリア,ER.H2O.INTR.PC,2024,
SSD,南スーダン,ER.H2O.INTR.PC,2000,
SSD,南スーダン,ER.H2O.INTR.PC,2001,
SSD,南スーダン,ER.H2O.INTR.PC,2002,
SSD,南スーダン,ER.H2O.INTR.PC,2003,
SSD,南スーダン,ER.H2O.INTR.PC,2004,
SSD,南スーダン,ER.H2O.INTR.PC,2005,
SSD,南スーダン,ER.H2O.INTR.PC,2006,
SSD,南スーダン,ER.H2O.INTR.PC,2007,
SSD,南スーダン,ER.H2O.INTR.PC,2008,
SSD,南スーダン,ER.H2O.INTR.PC,2009,
SSD,南スーダン,ER.H2O.INTR.PC,2010,
SSD,南スーダン,ER.H2O.INTR.PC,2011,
SSD,南スーダン,ER.H2O.INTR.PC,2012,2417.20154998401
SSD,南スーダン,ER.H2O.INTR.PC,2013,2328.43987811513
SSD,南スーダン,ER.H2O.INTR.PC,2014,2314.18167020366
SSD,南スーダン,ER.H2O.INTR.PC,2015,2340.74789235909
SSD,南スーダン,ER.H2O.INTR.PC,2016,2400.71607820499
SSD,南スーダン,ER.H2O.INTR.PC,2017,2534.32203084192
SSD,南スーダン,ER.H2O.INTR.PC,2018,2568.4144101088
SSD,南スーダン,ER.H2O.INTR.PC,2019,2494.39145674764
SSD,南スーダン,ER.H2O.INTR.PC,2020,2430.25472714923
SSD,南スーダン,ER.H2O.INTR.PC,2021,2392.83328026152
SSD,南スーダン,ER.H2O.INTR.PC,2022,2359.09467745596
SSD,南スーダン,ER.H2O.INTR.PC,2023,
SSD,南スーダン,ER.H2O.INTR.PC,2024,
STP,サントメ・プリンシペ,ER.H2O.INTR.PC,2000,15136.9967642934
STP,サントメ・プリンシペ,ER.H2O.INTR.PC,2001,14893.2536293766
STP,サントメ・プリンシペ,ER.H2O.INTR.PC,2002,14540.8945985246
STP,サントメ・プリンシペ,ER.H2O.INTR.PC,2003,14172.9621490892
STP,サントメ・プリンシペ,ER.H2O.INTR.PC,2004,13823.2776386291
STP,サントメ・プリンシペ,ER.H2O.INTR.PC,2005,13486.8441403374
STP,サントメ・プリンシペ,ER.H2O.INTR.PC,2006,13161.2311184632
STP,サントメ・プリンシペ,ER.H2O.INTR.PC,2007,12846.1991750147
STP,サントメ・プリンシペ,ER.H2O.INTR.PC,2008,12543.658260114
STP,サントメ・プリンシペ,ER.H2O.INTR.PC,2009,12257.3136241728
STP,サントメ・プリンシペ,ER.H2O.INTR.PC,2010,11991.0672049812
STP,サントメ・プリンシペ,ER.H2O.INTR.PC,2011,11742.5895103125
STP,サントメ・プリンシペ,ER.H2O.INTR.PC,2012,11507.6620970339
STP,サントメ・プリンシペ,ER.H2O.INTR.PC,2013,11286.6817155756
STP,サントメ・プリンシペ,ER.H2O.INTR.PC,2014,11079.0935471903
STP,サントメ・プリンシペ,ER.H2O.INTR.PC,2015,10884.1635420463
STP,サントメ・プリンシペ,ER.H2O.INTR.PC,2016,10702.5907142752
STP,サントメ・プリンシペ,ER.H2O.INTR.PC,2017,10532.9274774122
STP,サントメ・プリンシペ,ER.H2O.INTR.PC,2018,10371.716614253
STP,サントメ・プリンシペ,ER.H2O.INTR.PC,2019,10215.9406163305
STP,サントメ・プリンシペ,ER.H2O.INTR.PC,2020,10025.9847770598
STP,サントメ・プリンシペ,ER.H2O.INTR.PC,2021,9821.54522641365
STP,サントメ・プリンシペ,ER.H2O.INTR.PC,2022,9633.01738803827
STP,サントメ・プリンシペ,ER.H2O.INTR.PC,2023,
STP,サントメ・プリンシペ,ER.H2O.INTR.PC,2024,
SWZ,エスワティニ,ER.H2O.INTR.PC,2000,2535.0148932125
SWZ,エスワティニ,ER.H2O.INTR.PC,2001,2511.74048392867
SWZ,エスワティニ,ER.H2O.INTR.PC,2002,2491.88015189142
SWZ,エスワティニ,ER.H2O.INTR.PC,2003,2474.92265866692
SWZ,エスワティニ,ER.H2O.INTR.PC,2004,2460.02689256671
SWZ,エスワティニ,ER.H2O.INTR.PC,2005,2446.6600310281
SWZ,エスワティニ,ER.H2O.INTR.PC,2006,2434.4451862535
SWZ,エスワティニ,ER.H2O.INTR.PC,2007,2420.45282638294
SWZ,エスワティニ,ER.H2O.INTR.PC,2008,2404.17233180128
SWZ,エスワティニ,ER.H2O.INTR.PC,2009,2388.80951325292
SWZ,エスワティニ,ER.H2O.INTR.PC,2010,2374.84819862367
SWZ,エスワティニ,ER.H2O.INTR.PC,2011,2361.71234880344
SWZ,エスワティニ,ER.H2O.INTR.PC,2012,2349.04076386535
SWZ,エスワティニ,ER.H2O.INTR.PC,2013,2336.30386109612
SWZ,エスワティニ,ER.H2O.INTR.PC,2014,2323.33215113276
SWZ,エスワティニ,ER.H2O.INTR.PC,2015,2310.0892271964
SWZ,エスワティニ,ER.H2O.INTR.PC,2016,2296.63673209472
SWZ,エスワティニ,ER.H2O.INTR.PC,2017,2279.4089078264
SWZ,エスワティニ,ER.H2O.INTR.PC,2018,2258.47763208886
SWZ,エスワティニ,ER.H2O.INTR.PC,2019,2237.52705797399
SWZ,エスワティニ,ER.H2O.INTR.PC,2020,2213.41142874869
SWZ,エスワティニ,ER.H2O.INTR.PC,2021,2187.97887937358
SWZ,エスワティニ,ER.H2O.INTR.PC,2022,2165.85706820071
SWZ,エスワティニ,ER.H2O.INTR.PC,2023,
SWZ,エスワティニ,ER.H2O.INTR.PC,2024,
SYC,セーシェル,ER.H2O.INTR.PC,2000,
SYC,セーシェル,ER.H2O.INTR.PC,2001,
SYC,セーシェル,ER.H2O.INTR.PC,2002,
SYC,セーシェル,ER.H2O.INTR.PC,2003,
SYC,セーシェル,ER.H2O.INTR.PC,2004,
SYC,セーシェル,ER.H2O.INTR.PC,2005,
SYC,セーシェル,ER.H2O.INTR.PC,2006,
SYC,セーシェル,ER.H2O.INTR.PC,2007,
SYC,セーシェル,ER.H2O.INTR.PC,2008,
SYC,セーシェル,ER.H2O.INTR.PC,2009,
SYC,セーシェル,ER.H2O.INTR.PC,2010,
SYC,セーシェル,ER.H2O.INTR.PC,2011,
SYC,セーシェル,ER.H2O.INTR.PC,2012,
SYC,セーシェル,ER.H2O.INTR.PC,2013,
SYC,セーシェル,ER.H2O.INTR.PC,2014,
SYC,セーシェル,ER.H2O.INTR.PC,2015,
SYC,セーシェル,ER.H2O.INTR.PC,2016,
SYC,セーシェル,ER.H2O.INTR.PC,2017,
SYC,セーシェル,ER.H2O.INTR.PC,2018,
SYC,セーシェル,ER.H2O.INTR.PC,2019,
SYC,セーシェル,ER.H2O.INTR.PC,2020,
SYC,セーシェル,ER.H2O.INTR.PC,2021,
SYC,セーシェル,ER.H2O.INTR.PC,2022,
SYC,セーシェル,ER.H2O.INTR.PC,2023,
SYC,セーシェル,ER.H2O.INTR.PC,2024,
TCD,チャド,ER.H2O.INTR.PC,2000,1762.19879176602
TCD,チャド,ER.H2O.INTR.PC,2001,1703.74701673897
TCD,チャド,ER.H2O.INTR.PC,2002,1645.42387874235
TCD,チャド,ER.H2O.INTR.PC,2003,1580.97217773542
TCD,チャド,ER.H2O.INTR.PC,2004,1512.09128676549
TCD,チャド,ER.H2O.INTR.PC,2005,1452.34957240892
TCD,チャド,ER.H2O.INTR.PC,2006,1401.02801831872
TCD,チャド,ER.H2O.INTR.PC,2007,1353.58781987536
TCD,チャド,ER.H2O.INTR.PC,2008,1307.04192363111
TCD,チャド,ER.H2O.INTR.PC,2009,1261.16615494149
TCD,チャド,ER.H2O.INTR.PC,2010,1218.26669076127
TCD,チャド,ER.H2O.INTR.PC,2011,1176.00968467496
TCD,チャド,ER.H2O.INTR.PC,2012,1135.41762704074
TCD,チャド,ER.H2O.INTR.PC,2013,1095.60393304282
TCD,チャド,ER.H2O.INTR.PC,2014,1057.18094384833
TCD,チャド,ER.H2O.INTR.PC,2015,1024.05708066859
TCD,チャド,ER.H2O.INTR.PC,2016,992.414315774988
TCD,チャド,ER.H2O.INTR.PC,2017,960.137706790459
TCD,チャド,ER.H2O.INTR.PC,2018,928.417121224847
TCD,チャド,ER.H2O.INTR.PC,2019,898.999072412757
TCD,チャド,ER.H2O.INTR.PC,2020,870.843514703525
TCD,チャド,ER.H2O.INTR.PC,2021,841.360237191791
TCD,チャド,ER.H2O.INTR.PC,2022,812.773945458317
TCD,チャド,ER.H2O.INTR.PC,2023,
TCD,チャド,ER.H2O.INTR.PC,2024,
TGO,トーゴ,ER.H2O.INTR.PC,2000,2403.98585034833
TGO,トーゴ,ER.H2O.INTR.PC,2001,2344.95561304888
TGO,トーゴ,ER.H2O.INTR.PC,2002,2287.58754995395
TGO,トーゴ,ER.H2O.INTR.PC,2003,2231.22819216967
TGO,トーゴ,ER.H2O.INTR.PC,2004,2177.48593154742
TGO,トーゴ,ER.H2O.INTR.PC,2005,2124.45461555315
TGO,トーゴ,ER.H2O.INTR.PC,2006,2064.75650954887
TGO,トーゴ,ER.H2O.INTR.PC,2007,2000.54171190355
TGO,トーゴ,ER.H2O.INTR.PC,2008,1937.2864983934
TGO,トーゴ,ER.H2O.INTR.PC,2009,1875.730107556
TGO,トーゴ,ER.H2O.INTR.PC,2010,1817.95532825318
TGO,トーゴ,ER.H2O.INTR.PC,2011,1769.07236921248
TGO,トーゴ,ER.H2O.INTR.PC,2012,1728.35698777736
TGO,トーゴ,ER.H2O.INTR.PC,2013,1691.46302432412
TGO,トーゴ,ER.H2O.INTR.PC,2014,1657.62325077505
TGO,トーゴ,ER.H2O.INTR.PC,2015,1626.24573958969
TGO,トーゴ,ER.H2O.INTR.PC,2016,1597.02614290134
TGO,トーゴ,ER.H2O.INTR.PC,2017,1570.09747984336
TGO,トーゴ,ER.H2O.INTR.PC,2018,1541.92576606224
TGO,トーゴ,ER.H2O.INTR.PC,2019,1509.20120604862
TGO,トーゴ,ER.H2O.INTR.PC,2020,1476.62047541016
TGO,トーゴ,ER.H2O.INTR.PC,2021,1449.06060551076
TGO,トーゴ,ER.H2O.INTR.PC,2022,1425.27541278455
TGO,トーゴ,ER.H2O.INTR.PC,2023,
TGO,トーゴ,ER.H2O.INTR.PC,2024,
TUN,チュニジア,ER.H2O.INTR.PC,2000,429.598353701279
TUN,チュニジア,ER.H2O.INTR.PC,2001,425.039238872762
TUN,チュニジア,ER.H2O.INTR.PC,2002,420.698359276399
TUN,チュニジア,ER.H2O.INTR.PC,2003,416.516409654364
TUN,チュニジア,ER.H2O.INTR.PC,2004,412.643393579269
TUN,チュニジア,ER.H2O.INTR.PC,2005,409.049919886671
TUN,チュニジア,ER.H2O.INTR.PC,2006,405.454645621042
TUN,チュニジア,ER.H2O.INTR.PC,2007,401.754426625085
TUN,チュニジア,ER.H2O.INTR.PC,2008,397.908113104551
TUN,チュニジア,ER.H2O.INTR.PC,2009,393.871528027175
TUN,チュニジア,ER.H2O.INTR.PC,2010,389.653333927798
TUN,チュニジア,ER.H2O.INTR.PC,2011,385.356100729053
TUN,チュニジア,ER.H2O.INTR.PC,2012,381.029473515363
TUN,チュニジア,ER.H2O.INTR.PC,2013,376.524914685019
TUN,チュニジア,ER.H2O.INTR.PC,2014,372.085580925376
TUN,チュニジア,ER.H2O.INTR.PC,2015,367.909390626283
TUN,チュニジア,ER.H2O.INTR.PC,2016,363.875325124121
TUN,チュニジア,ER.H2O.INTR.PC,2017,360.07044505737
TUN,チュニジア,ER.H2O.INTR.PC,2018,356.550508545568
TUN,チュニジア,ER.H2O.INTR.PC,2019,353.26074828458
TUN,チュニジア,ER.H2O.INTR.PC,2020,350.340740819924
TUN,チュニジア,ER.H2O.INTR.PC,2021,348.172596003095
TUN,チュニジア,ER.H2O.INTR.PC,2022,346.141132837828
TUN,チュニジア,ER.H2O.INTR.PC,2023,
TUN,チュニジア,ER.H2O.INTR.PC,2024,
TZA,タンザニア,ER.H2O.INTR.PC,2000,2451.82893157556
TZA,タンザニア,ER.H2O.INTR.PC,2001,2386.47896024748
TZA,タンザニア,ER.H2O.INTR.PC,2002,2325.49744051322
TZA,タンザニア,ER.H2O.INTR.PC,2003,2264.78856378838
TZA,タンザニア,ER.H2O.INTR.PC,2004,2204.16509532437
TZA,タンザニア,ER.H2O.INTR.PC,2005,2143.83740157107
TZA,タンザニア,ER.H2O.INTR.PC,2006,2084.63095405965
TZA,タンザニア,ER.H2O.INTR.PC,2007,2027.24658017982
TZA,タンザニア,ER.H2O.INTR.PC,2008,1973.18683392025
TZA,タンザニア,ER.H2O.INTR.PC,2009,1925.1050706305
TZA,タンザニア,ER.H2O.INTR.PC,2010,1876.73899976246
TZA,タンザニア,ER.H2O.INTR.PC,2011,1824.92190257581
TZA,タンザニア,ER.H2O.INTR.PC,2012,1773.11476738634
TZA,タンザニア,ER.H2O.INTR.PC,2013,1720.46083444644
TZA,タンザニア,ER.H2O.INTR.PC,2014,1668.2716499159
TZA,タンザニア,ER.H2O.INTR.PC,2015,1614.73369139156
TZA,タンザニア,ER.H2O.INTR.PC,2016,1560.64171580815
TZA,タンザニア,ER.H2O.INTR.PC,2017,1509.35557883876
TZA,タンザニア,ER.H2O.INTR.PC,2018,1462.46823375361
TZA,タンザニア,ER.H2O.INTR.PC,2019,1419.52099244255
TZA,タンザニア,ER.H2O.INTR.PC,2020,1377.66352792273
TZA,タンザニア,ER.H2O.INTR.PC,2021,1336.9321850062
TZA,タンザニア,ER.H2O.INTR.PC,2022,1298.06268316881
TZA,タンザニア,ER.H2O.INTR.PC,2023,
TZA,タンザニア,ER.H2O.INTR.PC,2024,
UGA,ウガンダ,ER.H2O.INTR.PC,2000,1624.98984381348
UGA,ウガンダ,ER.H2O.INTR.PC,2001,1576.03291985234
UGA,ウガンダ,ER.H2O.INTR.PC,2002,1527.44286090831
UGA,ウガンダ,ER.H2O.INTR.PC,2003,1479.9566061544
UGA,ウガンダ,ER.H2O.INTR.PC,2004,1436.22524651978
UGA,ウガンダ,ER.H2O.INTR.PC,2005,1394.68572527359
UGA,ウガンダ,ER.H2O.INTR.PC,2006,1354.44870239126
UGA,ウガンダ,ER.H2O.INTR.PC,2007,1315.19355433756
UGA,ウガンダ,ER.H2O.INTR.PC,2008,1277.0324437951
UGA,ウガンダ,ER.H2O.INTR.PC,2009,1240.01821109822
UGA,ウガンダ,ER.H2O.INTR.PC,2010,1204.04551884822
UGA,ウガンダ,ER.H2O.INTR.PC,2011,1169.25601409079
UGA,ウガンダ,ER.H2O.INTR.PC,2012,1135.78654295641
UGA,ウガンダ,ER.H2O.INTR.PC,2013,1103.65774249016
UGA,ウガンダ,ER.H2O.INTR.PC,2014,1071.5598963928
UGA,ウガンダ,ER.H2O.INTR.PC,2015,1039.12862829745
UGA,ウガンダ,ER.H2O.INTR.PC,2016,1005.1766079836
UGA,ウガンダ,ER.H2O.INTR.PC,2017,970.695257740498
UGA,ウガンダ,ER.H2O.INTR.PC,2018,938.270667558649
UGA,ウガンダ,ER.H2O.INTR.PC,2019,906.984400821802
UGA,ウガンダ,ER.H2O.INTR.PC,2020,877.249176915336
UGA,ウガンダ,ER.H2O.INTR.PC,2021,849.470921194583
UGA,ウガンダ,ER.H2O.INTR.PC,2022,824.302657389021
UGA,ウガンダ,ER.H2O.INTR.PC,2023,
UGA,ウガンダ,ER.H2O.INTR.PC,2024,
ZAF,南アフリカ共和国,ER.H2O.INTR.PC,2000,949.963251477389
ZAF,南アフリカ共和国,ER.H2O.INTR.PC,2001,941.83337958408
ZAF,南アフリカ共和国,ER.H2O.INTR.PC,2002,932.95597207921
ZAF,南アフリカ共和国,ER.H2O.INTR.PC,2003,923.704712386806
ZAF,南アフリカ共和国,ER.H2O.INTR.PC,2004,914.445816952319
ZAF,南アフリカ共和国,ER.H2O.INTR.PC,2005,905.232776870446
ZAF,南アフリカ共和国,ER.H2O.INTR.PC,2006,896.030877224029
ZAF,南アフリカ共和国,ER.H2O.INTR.PC,2007,886.626864509007
ZAF,南アフリカ共和国,ER.H2O.INTR.PC,2008,876.461928225241
ZAF,南アフリカ共和国,ER.H2O.INTR.PC,2009,866.060027703095
ZAF,南アフリカ共和国,ER.H2O.INTR.PC,2010,855.875675346564
ZAF,南アフリカ共和国,ER.H2O.INTR.PC,2011,845.359499977404
ZAF,南アフリカ共和国,ER.H2O.INTR.PC,2012,832.983669225011
ZAF,南アフリカ共和国,ER.H2O.INTR.PC,2013,819.330478612814
ZAF,南アフリカ共和国,ER.H2O.INTR.PC,2014,805.830210351544
ZAF,南アフリカ共和国,ER.H2O.INTR.PC,2015,789.795601074735
ZAF,南アフリカ共和国,ER.H2O.INTR.PC,2016,782.402223167974
ZAF,南アフリカ共和国,ER.H2O.INTR.PC,2017,777.303271915849
ZAF,南アフリカ共和国,ER.H2O.INTR.PC,2018,764.335543917978
ZAF,南アフリカ共和国,ER.H2O.INTR.PC,2019,751.830678333356
ZAF,南アフリカ共和国,ER.H2O.INTR.PC,2020,739.733135657266
ZAF,南アフリカ共和国,ER.H2O.INTR.PC,2021,728.424453839783
ZAF,南アフリカ共和国,ER.H2O.INTR.PC,2022,718.197209579404
ZAF,南アフリカ共和国,ER.H2O.INTR.PC,2023,
ZAF,南アフリカ共和国,ER.H2O.INTR.PC,2024,
ZMB,ザンビア,ER.H2O.INTR.PC,2000,8005.88482446598
ZMB,ザンビア,ER.H2O.INTR.PC,2001,7767.41530539162
ZMB,ザンビア,ER.H2O.INTR.PC,2002,7531.96695438718
ZMB,ザンビア,ER.H2O.INTR.PC,2003,7301.79872801209
ZMB,ザンビア,ER.H2O.INTR.PC,2004,7073.43442053138
ZMB,ザンビア,ER.H2O.INTR.PC,2005,6843.69303766873
ZMB,ザンビア,ER.H2O.INTR.PC,2006,6611.9501683203
ZMB,ザンビア,ER.H2O.INTR.PC,2007,6382.76621288276
ZMB,ザンビア,ER.H2O.INTR.PC,2008,6159.12790435136
ZMB,ザンビア,ER.H2O.INTR.PC,2009,5944.97312123468
ZMB,ザンビア,ER.H2O.INTR.PC,2010,5742.68448588725
ZMB,ザンビア,ER.H2O.INTR.PC,2011,5554.86446823324
ZMB,ザンビア,ER.H2O.INTR.PC,2012,5377.6314269317
ZMB,ザンビア,ER.H2O.INTR.PC,2013,5208.13141271474
ZMB,ザンビア,ER.H2O.INTR.PC,2014,5045.51183792205
ZMB,ザンビア,ER.H2O.INTR.PC,2015,4890.51556461459
ZMB,ザンビア,ER.H2O.INTR.PC,2016,4741.51556928664
ZMB,ザンビア,ER.H2O.INTR.PC,2017,4598.27581857336
ZMB,ザンビア,ER.H2O.INTR.PC,2018,4462.10766487168
ZMB,ザンビア,ER.H2O.INTR.PC,2019,4331.89464378512
ZMB,ザンビア,ER.H2O.INTR.PC,2020,4207.89851933915
ZMB,ザンビア,ER.H2O.INTR.PC,2021,4091.08385002821
ZMB,ザンビア,ER.H2O.INTR.PC,2022,3979.56863659284
ZMB,ザンビア,ER.H2O.INTR.PC,2023,
ZMB,ザンビア,ER.H2O.INTR.PC,2024,
ZWE,ジンバブエ,ER.H2O.INTR.PC,2000,1030.94040516967
ZWE,ジンバブエ,ER.H2O.INTR.PC,2001,1024.06459926456
ZWE,ジンバブエ,ER.H2O.INTR.PC,2002,1014.25810287572
ZWE,ジンバブエ,ER.H2O.INTR.PC,2003,1002.26261193397
ZWE,ジンバブエ,ER.H2O.INTR.PC,2004,991.436447468101
ZWE,ジンバブエ,ER.H2O.INTR.PC,2005,982.101716899647
ZWE,ジンバブエ,ER.H2O.INTR.PC,2006,970.20958030522
ZWE,ジンバブエ,ER.H2O.INTR.PC,2007,957.508939743947
ZWE,ジンバブエ,ER.H2O.INTR.PC,2008,946.049775336328
ZWE,ジンバブエ,ER.H2O.INTR.PC,2009,932.830852505442
ZWE,ジンバブエ,ER.H2O.INTR.PC,2010,917.901841104453
ZWE,ジンバブエ,ER.H2O.INTR.PC,2011,901.774008666445
ZWE,ジンバブエ,ER.H2O.INTR.PC,2012,887.255772174139
ZWE,ジンバブエ,ER.H2O.INTR.PC,2013,874.851432244541
ZWE,ジンバブエ,ER.H2O.INTR.PC,2014,862.933075739129
ZWE,ジンバブエ,ER.H2O.INTR.PC,2015,851.44724850238
ZWE,ジンバブエ,ER.H2O.INTR.PC,2016,839.70911818625
ZWE,ジンバブエ,ER.H2O.INTR.PC,2017,827.680330683271
ZWE,ジンバブエ,ER.H2O.INTR.PC,2018,815.460383923538
ZWE,ジンバブエ,ER.H2O.INTR.PC,2019,802.809545287626
ZWE,ジンバブエ,ER.H2O.INTR.PC,2020,789.598018611328
ZWE,ジンバブエ,ER.H2O.INTR.PC,2021,776.086410195218
ZWE,ジンバブエ,ER.H2O.INTR.PC,2022,762.957077254569
ZWE,ジンバブエ,ER.H2O.INTR.PC,2023,
ZWE,ジンバブエ,ER.H2O.INTR.PC,2024,
AGO,アンゴラ,AG.LND.ARBL.ZS,2000,2.40635277131627
AGO,アンゴラ,AG.LND.ARBL.ZS,2001,2.40635277131627
AGO,アンゴラ,AG.LND.ARBL.ZS,2002,2.48656453036015
AGO,アンゴラ,AG.LND.ARBL.ZS,2003,2.6469880484479
AGO,アンゴラ,AG.LND.ARBL.ZS,2004,2.6469880484479
AGO,アンゴラ,AG.LND.ARBL.ZS,2005,2.6469880484479
AGO,アンゴラ,AG.LND.ARBL.ZS,2006,2.6469880484479
AGO,アンゴラ,AG.LND.ARBL.ZS,2007,2.72719980749178
AGO,アンゴラ,AG.LND.ARBL.ZS,2008,2.72719980749178
AGO,アンゴラ,AG.LND.ARBL.ZS,2009,3.20847036175503
AGO,アンゴラ,AG.LND.ARBL.ZS,2010,3.36889387984278
AGO,アンゴラ,AG.LND.ARBL.ZS,2011,3.76995267506216
AGO,アンゴラ,AG.LND.ARBL.ZS,2012,3.76995267506216
AGO,アンゴラ,AG.LND.ARBL.ZS,2013,3.88625972567578
AGO,アンゴラ,AG.LND.ARBL.ZS,2014,4.01860912809818
AGO,アンゴラ,AG.LND.ARBL.ZS,2015,4.11085265099864
AGO,アンゴラ,AG.LND.ARBL.ZS,2016,4.28892275607604
AGO,アンゴラ,AG.LND.ARBL.ZS,2017,4.28731852089516
AGO,アンゴラ,AG.LND.ARBL.ZS,2018,4.28571428571429
AGO,アンゴラ,AG.LND.ARBL.ZS,2019,4.28491216812385
AGO,アンゴラ,AG.LND.ARBL.ZS,2020,4.28330793294297
AGO,アンゴラ,AG.LND.ARBL.ZS,2021,4.28972487366648
AGO,アンゴラ,AG.LND.ARBL.ZS,2022,4.31940322451271
AGO,アンゴラ,AG.LND.ARBL.ZS,2023,4.31940322451271
AGO,アンゴラ,AG.LND.ARBL.ZS,2024,
BDI,ブルンジ,AG.LND.ARBL.ZS,2000,37.3831775700935
BDI,ブルンジ,AG.LND.ARBL.ZS,2001,37.9672897196262
BDI,ブルンジ,AG.LND.ARBL.ZS,2002,38.3956386292835
BDI,ブルンジ,AG.LND.ARBL.ZS,2003,38.5514018691589
BDI,ブルンジ,AG.LND.ARBL.ZS,2004,38.3566978193146
BDI,ブルンジ,AG.LND.ARBL.ZS,2005,37.2274143302181
BDI,ブルンジ,AG.LND.ARBL.ZS,2006,36.5654205607477
BDI,ブルンジ,AG.LND.ARBL.ZS,2007,36.6822429906542
BDI,ブルンジ,AG.LND.ARBL.ZS,2008,36.7990654205608
BDI,ブルンジ,AG.LND.ARBL.ZS,2009,36.9158878504673
BDI,ブルンジ,AG.LND.ARBL.ZS,2010,36.993769470405
BDI,ブルンジ,AG.LND.ARBL.ZS,2011,38.9408099688474
BDI,ブルンジ,AG.LND.ARBL.ZS,2012,39.9922118380062
BDI,ブルンジ,AG.LND.ARBL.ZS,2013,41.0436137071651
BDI,ブルンジ,AG.LND.ARBL.ZS,2014,42.095015576324
BDI,ブルンジ,AG.LND.ARBL.ZS,2015,43.1464174454829
BDI,ブルンジ,AG.LND.ARBL.ZS,2016,44.1978193146417
BDI,ブルンジ,AG.LND.ARBL.ZS,2017,45.2492211838006
BDI,ブルンジ,AG.LND.ARBL.ZS,2018,46.3006230529595
BDI,ブルンジ,AG.LND.ARBL.ZS,2019,47.3520249221184
BDI,ブルンジ,AG.LND.ARBL.ZS,2020,48.4034267912773
BDI,ブルンジ,AG.LND.ARBL.ZS,2021,49.4548286604361
BDI,ブルンジ,AG.LND.ARBL.ZS,2022,50.3702686915888
BDI,ブルンジ,AG.LND.ARBL.ZS,2023,51.4488629283489
BDI,ブルンジ,AG.LND.ARBL.ZS,2024,
BEN,ベナン,AG.LND.ARBL.ZS,2000,21.106775452288
BEN,ベナン,AG.LND.ARBL.ZS,2001,21.7275629655906
BEN,ベナン,AG.LND.ARBL.ZS,2002,22.6144022703086
BEN,ベナン,AG.LND.ARBL.ZS,2003,23.5012415750266
BEN,ベナン,AG.LND.ARBL.ZS,2004,23.5012415750266
BEN,ベナン,AG.LND.ARBL.ZS,2005,23.5367151472153
BEN,ベナン,AG.LND.ARBL.ZS,2006,22.1709826179496
BEN,ベナン,AG.LND.ARBL.ZS,2007,22.1709826179496
BEN,ベナン,AG.LND.ARBL.ZS,2008,22.1709826179496
BEN,ベナン,AG.LND.ARBL.ZS,2009,22.1709826179496
BEN,ベナン,AG.LND.ARBL.ZS,2010,22.1709826179496
BEN,ベナン,AG.LND.ARBL.ZS,2011,22.1709826179496
BEN,ベナン,AG.LND.ARBL.ZS,2012,23.0578219226676
BEN,ベナン,AG.LND.ARBL.ZS,2013,23.9446612273856
BEN,ベナン,AG.LND.ARBL.ZS,2014,23.9446612273856
BEN,ベナン,AG.LND.ARBL.ZS,2015,23.9446612273856
BEN,ベナン,AG.LND.ARBL.ZS,2016,24.8315005321036
BEN,ベナン,AG.LND.ARBL.ZS,2017,26.5482165661582
BEN,ベナン,AG.LND.ARBL.ZS,2018,30.291952820149
BEN,ベナン,AG.LND.ARBL.ZS,2019,31.3762185172047
BEN,ベナン,AG.LND.ARBL.ZS,2020,29.5429106065981
BEN,ベナン,AG.LND.ARBL.ZS,2021,30.9233283079106
BEN,ベナン,AG.LND.ARBL.ZS,2022,31.4468987229514
BEN,ベナン,AG.LND.ARBL.ZS,2023,31.4468987229514
BEN,ベナン,AG.LND.ARBL.ZS,2024,
BFA,ブルキナファソ,AG.LND.ARBL.ZS,2000,18.7833263888889
BFA,ブルキナファソ,AG.LND.ARBL.ZS,2001,19.2432331871345
BFA,ブルキナファソ,AG.LND.ARBL.ZS,2002,19.7031399853801
BFA,ブルキナファソ,AG.LND.ARBL.ZS,2003,20.1630467836257
BFA,ブルキナファソ,AG.LND.ARBL.ZS,2004,20.6229532163743
BFA,ブルキナファソ,AG.LND.ARBL.ZS,2005,21.0828600146199
BFA,ブルキナファソ,AG.LND.ARBL.ZS,2006,21.5427668128655
BFA,ブルキナファソ,AG.LND.ARBL.ZS,2007,22.0026736111111
BFA,ブルキナファソ,AG.LND.ARBL.ZS,2008,22.4625804093567
BFA,ブルキナファソ,AG.LND.ARBL.ZS,2009,22.9224868421053
BFA,ブルキナファソ,AG.LND.ARBL.ZS,2010,23.3823936403509
BFA,ブルキナファソ,AG.LND.ARBL.ZS,2011,23.8423004385965
BFA,ブルキナファソ,AG.LND.ARBL.ZS,2012,24.3022072368421
BFA,ブルキナファソ,AG.LND.ARBL.ZS,2013,24.7621140350877
BFA,ブルキナファソ,AG.LND.ARBL.ZS,2014,25.2220204678363
BFA,ブルキナファソ,AG.LND.ARBL.ZS,2015,25.6819272660819
BFA,ブルキナファソ,AG.LND.ARBL.ZS,2016,26.1418340643275
BFA,ブルキナファソ,AG.LND.ARBL.ZS,2017,26.6017408625731
BFA,ブルキナファソ,AG.LND.ARBL.ZS,2018,27.0616472953216
BFA,ブルキナファソ,AG.LND.ARBL.ZS,2019,27.5215540935673
BFA,ブルキナファソ,AG.LND.ARBL.ZS,2020,27.9814608918129
BFA,ブルキナファソ,AG.LND.ARBL.ZS,2021,28.4413676900585
BFA,ブルキナファソ,AG.LND.ARBL.ZS,2022,28.9012744883041
BFA,ブルキナファソ,AG.LND.ARBL.ZS,2023,28.9012744883041
BFA,ブルキナファソ,AG.LND.ARBL.ZS,2024,
BWA,ボツワナ,AG.LND.ARBL.ZS,2000,0.617578035396044
BWA,ボツワナ,AG.LND.ARBL.ZS,2001,0.352901734512025
BWA,ボツワナ,AG.LND.ARBL.ZS,2002,0.432304624777231
BWA,ボツワナ,AG.LND.ARBL.ZS,2003,0.344079191149224
BWA,ボツワナ,AG.LND.ARBL.ZS,2004,0.398778959998588
BWA,ボツワナ,AG.LND.ARBL.ZS,2005,0.376722601591587
BWA,ボツワナ,AG.LND.ARBL.ZS,2006,0.354666243184585
BWA,ボツワナ,AG.LND.ARBL.ZS,2007,0.321140578405943
BWA,ボツワナ,AG.LND.ARBL.ZS,2008,0.492297919644275
BWA,ボツワナ,AG.LND.ARBL.ZS,2009,0.557584740529
BWA,ボツワナ,AG.LND.ARBL.ZS,2010,0.457007746193072
BWA,ボツワナ,AG.LND.ARBL.ZS,2011,0.571700809909481
BWA,ボツワナ,AG.LND.ARBL.ZS,2012,0.502884971679636
BWA,ボツワナ,AG.LND.ARBL.ZS,2013,0.494062428316835
BWA,ボツワナ,AG.LND.ARBL.ZS,2014,0.70933248636917
BWA,ボツワナ,AG.LND.ARBL.ZS,2015,0.458066451396609
BWA,ボツワナ,AG.LND.ARBL.ZS,2016,0.458066451396609
BWA,ボツワナ,AG.LND.ARBL.ZS,2017,0.458066451396609
BWA,ボツワナ,AG.LND.ARBL.ZS,2018,0.458066451396609
BWA,ボツワナ,AG.LND.ARBL.ZS,2019,0.458772254865633
BWA,ボツワナ,AG.LND.ARBL.ZS,2020,0.458772254865633
BWA,ボツワナ,AG.LND.ARBL.ZS,2021,0.458772254865633
BWA,ボツワナ,AG.LND.ARBL.ZS,2022,0.458772254865633
BWA,ボツワナ,AG.LND.ARBL.ZS,2023,0.458772254865633
BWA,ボツワナ,AG.LND.ARBL.ZS,2024,
CAF,中央アフリカ共和国,AG.LND.ARBL.ZS,2000,3.00170149924556
CAF,中央アフリカ共和国,AG.LND.ARBL.ZS,2001,3.00170149924556
CAF,中央アフリカ共和国,AG.LND.ARBL.ZS,2002,3.00170149924556
CAF,中央アフリカ共和国,AG.LND.ARBL.ZS,2003,3.00170149924556
CAF,中央アフリカ共和国,AG.LND.ARBL.ZS,2004,3.00170149924556
CAF,中央アフリカ共和国,AG.LND.ARBL.ZS,2005,3.00170149924556
CAF,中央アフリカ共和国,AG.LND.ARBL.ZS,2006,3.00170149924556
CAF,中央アフリカ共和国,AG.LND.ARBL.ZS,2007,3.00170149924556
CAF,中央アフリカ共和国,AG.LND.ARBL.ZS,2008,3.00170149924556
CAF,中央アフリカ共和国,AG.LND.ARBL.ZS,2009,2.99528074737552
CAF,中央アフリカ共和国,AG.LND.ARBL.ZS,2010,2.94391473241517
CAF,中央アフリカ共和国,AG.LND.ARBL.ZS,2011,2.88933834151979
CAF,中央アフリカ共和国,AG.LND.ARBL.ZS,2012,2.88933834151979
CAF,中央アフリカ共和国,AG.LND.ARBL.ZS,2013,2.88933834151979
CAF,中央アフリカ共和国,AG.LND.ARBL.ZS,2014,2.88933834151979
CAF,中央アフリカ共和国,AG.LND.ARBL.ZS,2015,2.88933834151979
CAF,中央アフリカ共和国,AG.LND.ARBL.ZS,2016,2.88933834151979
CAF,中央アフリカ共和国,AG.LND.ARBL.ZS,2017,2.88933834151979
CAF,中央アフリカ共和国,AG.LND.ARBL.ZS,2018,2.88933834151979
CAF,中央アフリカ共和国,AG.LND.ARBL.ZS,2019,2.88933834151979
CAF,中央アフリカ共和国,AG.LND.ARBL.ZS,2020,2.88933834151979
CAF,中央アフリカ共和国,AG.LND.ARBL.ZS,2021,2.88933834151979
CAF,中央アフリカ共和国,AG.LND.ARBL.ZS,2022,2.88933834151979
CAF,中央アフリカ共和国,AG.LND.ARBL.ZS,2023,2.88933834151979
CAF,中央アフリカ共和国,AG.LND.ARBL.ZS,2024,
CIV,コートジボワール,AG.LND.ARBL.ZS,2000,8.80503144654088
CIV,コートジボワール,AG.LND.ARBL.ZS,2001,8.80503144654088
CIV,コートジボワール,AG.LND.ARBL.ZS,2002,8.80503144654088
CIV,コートジボワール,AG.LND.ARBL.ZS,2003,8.80503144654088
CIV,コートジボワール,AG.LND.ARBL.ZS,2004,8.80503144654088
CIV,コートジボワール,AG.LND.ARBL.ZS,2005,8.80503144654088
CIV,コートジボワール,AG.LND.ARBL.ZS,2006,8.80503144654088
CIV,コートジボワール,AG.LND.ARBL.ZS,2007,9.11949685534591
CIV,コートジボワール,AG.LND.ARBL.ZS,2008,9.11949685534591
CIV,コートジボワール,AG.LND.ARBL.ZS,2009,9.11949685534591
CIV,コートジボワール,AG.LND.ARBL.ZS,2010,9.11949685534591
CIV,コートジボワール,AG.LND.ARBL.ZS,2011,9.11949685534591
CIV,コートジボワール,AG.LND.ARBL.ZS,2012,9.43396226415094
CIV,コートジボワール,AG.LND.ARBL.ZS,2013,11.0062893081761
CIV,コートジボワール,AG.LND.ARBL.ZS,2014,11.0062893081761
CIV,コートジボワール,AG.LND.ARBL.ZS,2015,12.1187050314465
CIV,コートジボワール,AG.LND.ARBL.ZS,2016,11.888658490566
CIV,コートジボワール,AG.LND.ARBL.ZS,2017,12.5264462264151
CIV,コートジボワール,AG.LND.ARBL.ZS,2018,12.8193726415094
CIV,コートジボワール,AG.LND.ARBL.ZS,2019,13.6467194968553
CIV,コートジボワール,AG.LND.ARBL.ZS,2020,13.6325179245283
CIV,コートジボワール,AG.LND.ARBL.ZS,2021,13.8043987421384
CIV,コートジボワール,AG.LND.ARBL.ZS,2022,14.1790927672956
CIV,コートジボワール,AG.LND.ARBL.ZS,2023,15.1038040880503
CIV,コートジボワール,AG.LND.ARBL.ZS,2024,
CMR,カメルーン,AG.LND.ARBL.ZS,2000,12.6081529902054
CMR,カメルーン,AG.LND.ARBL.ZS,2001,12.6081529902054
CMR,カメルーン,AG.LND.ARBL.ZS,2002,12.6081529902054
CMR,カメルーン,AG.LND.ARBL.ZS,2003,12.6081529902054
CMR,カメルーン,AG.LND.ARBL.ZS,2004,12.6081529902054
CMR,カメルーン,AG.LND.ARBL.ZS,2005,12.6144993759387
CMR,カメルーン,AG.LND.ARBL.ZS,2006,12.6144993759387
CMR,カメルーン,AG.LND.ARBL.ZS,2007,12.6144993759387
CMR,カメルーン,AG.LND.ARBL.ZS,2008,12.6144993759387
CMR,カメルーン,AG.LND.ARBL.ZS,2009,12.6144993759387
CMR,カメルーン,AG.LND.ARBL.ZS,2010,13.1158638488714
CMR,カメルーン,AG.LND.ARBL.ZS,2011,13.1158638488714
CMR,カメルーン,AG.LND.ARBL.ZS,2012,13.1158638488714
CMR,カメルーン,AG.LND.ARBL.ZS,2013,13.1158638488714
CMR,カメルーン,AG.LND.ARBL.ZS,2014,13.1158638488714
CMR,カメルーン,AG.LND.ARBL.ZS,2015,13.1158638488714
CMR,カメルーン,AG.LND.ARBL.ZS,2016,13.1158638488714
CMR,カメルーン,AG.LND.ARBL.ZS,2017,13.1158638488714
CMR,カメルーン,AG.LND.ARBL.ZS,2018,13.1158638488714
CMR,カメルーン,AG.LND.ARBL.ZS,2019,13.1158638488714
CMR,カメルーン,AG.LND.ARBL.ZS,2020,13.1158638488714
CMR,カメルーン,AG.LND.ARBL.ZS,2021,13.1158638488714
CMR,カメルーン,AG.LND.ARBL.ZS,2022,13.1158638488714
CMR,カメルーン,AG.LND.ARBL.ZS,2023,13.1158638488714
CMR,カメルーン,AG.LND.ARBL.ZS,2024,
COD,コンゴ民主共和国,AG.LND.ARBL.ZS,2000,2.95538254559891
COD,コンゴ民主共和国,AG.LND.ARBL.ZS,2001,2.95538254559891
COD,コンゴ民主共和国,AG.LND.ARBL.ZS,2002,2.95538254559891
COD,コンゴ民主共和国,AG.LND.ARBL.ZS,2003,2.95538254559891
COD,コンゴ民主共和国,AG.LND.ARBL.ZS,2004,2.95538254559891
COD,コンゴ民主共和国,AG.LND.ARBL.ZS,2005,2.95538254559891
COD,コンゴ民主共和国,AG.LND.ARBL.ZS,2006,2.95538254559891
COD,コンゴ民主共和国,AG.LND.ARBL.ZS,2007,2.95538254559891
COD,コンゴ民主共和国,AG.LND.ARBL.ZS,2008,2.97743763922278
COD,コンゴ民主共和国,AG.LND.ARBL.ZS,2009,3.49882005249112
COD,コンゴ民主共和国,AG.LND.ARBL.ZS,2010,4.02020246575947
COD,コンゴ民主共和国,AG.LND.ARBL.ZS,2011,4.54158487902781
COD,コンゴ民主共和国,AG.LND.ARBL.ZS,2012,5.0620850885512
COD,コンゴ民主共和国,AG.LND.ARBL.ZS,2013,5.19838556714673
COD,コンゴ民主共和国,AG.LND.ARBL.ZS,2014,5.4317284576873
COD,コンゴ民主共和国,AG.LND.ARBL.ZS,2015,5.49612933106901
COD,コンゴ民主共和国,AG.LND.ARBL.ZS,2016,5.58523190930945
COD,コンゴ民主共和国,AG.LND.ARBL.ZS,2017,5.8406298934739
COD,コンゴ民主共和国,AG.LND.ARBL.ZS,2018,5.95222866721069
COD,コンゴ民主共和国,AG.LND.ARBL.ZS,2019,6.0342736154915
COD,コンゴ民主共和国,AG.LND.ARBL.ZS,2020,6.0342736154915
COD,コンゴ民主共和国,AG.LND.ARBL.ZS,2021,6.04502913477868
COD,コンゴ民主共和国,AG.LND.ARBL.ZS,2022,6.39680862795263
COD,コンゴ民主共和国,AG.LND.ARBL.ZS,2023,6.571475618094
COD,コンゴ民主共和国,AG.LND.ARBL.ZS,2024,
COG,コンゴ共和国,AG.LND.ARBL.ZS,2000,1.43484626647145
COG,コンゴ共和国,AG.LND.ARBL.ZS,2001,1.43484626647145
COG,コンゴ共和国,AG.LND.ARBL.ZS,2002,1.43484626647145
COG,コンゴ共和国,AG.LND.ARBL.ZS,2003,1.43484626647145
COG,コンゴ共和国,AG.LND.ARBL.ZS,2004,1.43484626647145
COG,コンゴ共和国,AG.LND.ARBL.ZS,2005,1.43484626647145
COG,コンゴ共和国,AG.LND.ARBL.ZS,2006,1.43484626647145
COG,コンゴ共和国,AG.LND.ARBL.ZS,2007,1.43484626647145
COG,コンゴ共和国,AG.LND.ARBL.ZS,2008,1.43484626647145
COG,コンゴ共和国,AG.LND.ARBL.ZS,2009,1.46412884333821
COG,コンゴ共和国,AG.LND.ARBL.ZS,2010,1.49341142020498
COG,コンゴ共和国,AG.LND.ARBL.ZS,2011,1.55197657393851
COG,コンゴ共和国,AG.LND.ARBL.ZS,2012,1.55197657393851
COG,コンゴ共和国,AG.LND.ARBL.ZS,2013,1.61054172767204
COG,コンゴ共和国,AG.LND.ARBL.ZS,2014,1.61054172767204
COG,コンゴ共和国,AG.LND.ARBL.ZS,2015,1.61054172767204
COG,コンゴ共和国,AG.LND.ARBL.ZS,2016,1.61054172767204
COG,コンゴ共和国,AG.LND.ARBL.ZS,2017,1.61054172767204
COG,コンゴ共和国,AG.LND.ARBL.ZS,2018,1.61054172767204
COG,コンゴ共和国,AG.LND.ARBL.ZS,2019,1.61054172767204
COG,コンゴ共和国,AG.LND.ARBL.ZS,2020,1.61054172767204
COG,コンゴ共和国,AG.LND.ARBL.ZS,2021,1.61054172767204
COG,コンゴ共和国,AG.LND.ARBL.ZS,2022,1.61054172767204
COG,コンゴ共和国,AG.LND.ARBL.ZS,2023,1.61054172767204
COG,コンゴ共和国,AG.LND.ARBL.ZS,2024,
COM,コモロ,AG.LND.ARBL.ZS,2000,34.9274583557227
COM,コモロ,AG.LND.ARBL.ZS,2001,34.9274583557227
COM,コモロ,AG.LND.ARBL.ZS,2002,34.9274583557227
COM,コモロ,AG.LND.ARBL.ZS,2003,34.9274583557227
COM,コモロ,AG.LND.ARBL.ZS,2004,34.9274583557227
COM,コモロ,AG.LND.ARBL.ZS,2005,34.9274583557227
COM,コモロ,AG.LND.ARBL.ZS,2006,34.9274583557227
COM,コモロ,AG.LND.ARBL.ZS,2007,34.9274583557227
COM,コモロ,AG.LND.ARBL.ZS,2008,34.9274583557227
COM,コモロ,AG.LND.ARBL.ZS,2009,34.9274583557227
COM,コモロ,AG.LND.ARBL.ZS,2010,34.9274583557227
COM,コモロ,AG.LND.ARBL.ZS,2011,34.9274583557227
COM,コモロ,AG.LND.ARBL.ZS,2012,34.9274583557227
COM,コモロ,AG.LND.ARBL.ZS,2013,34.9274583557227
COM,コモロ,AG.LND.ARBL.ZS,2014,34.9274583557227
COM,コモロ,AG.LND.ARBL.ZS,2015,34.9274583557227
COM,コモロ,AG.LND.ARBL.ZS,2016,34.9274583557227
COM,コモロ,AG.LND.ARBL.ZS,2017,34.9274583557227
COM,コモロ,AG.LND.ARBL.ZS,2018,34.9274583557227
COM,コモロ,AG.LND.ARBL.ZS,2019,34.9274583557227
COM,コモロ,AG.LND.ARBL.ZS,2020,34.9274583557227
COM,コモロ,AG.LND.ARBL.ZS,2021,34.9274583557227
COM,コモロ,AG.LND.ARBL.ZS,2022,34.9274583557227
COM,コモロ,AG.LND.ARBL.ZS,2023,34.9274583557227
COM,コモロ,AG.LND.ARBL.ZS,2024,
CPV,カーボベルデ,AG.LND.ARBL.ZS,2000,10.9181141439206
CPV,カーボベルデ,AG.LND.ARBL.ZS,2001,11.4143920595534
CPV,カーボベルデ,AG.LND.ARBL.ZS,2002,11.6625310173697
CPV,カーボベルデ,AG.LND.ARBL.ZS,2003,11.6625310173697
CPV,カーボベルデ,AG.LND.ARBL.ZS,2004,11.9106699751861
CPV,カーボベルデ,AG.LND.ARBL.ZS,2005,11.9106699751861
CPV,カーボベルデ,AG.LND.ARBL.ZS,2006,11.9106699751861
CPV,カーボベルデ,AG.LND.ARBL.ZS,2007,11.9106699751861
CPV,カーボベルデ,AG.LND.ARBL.ZS,2008,12.4069478908189
CPV,カーボベルデ,AG.LND.ARBL.ZS,2009,12.4069478908189
CPV,カーボベルデ,AG.LND.ARBL.ZS,2010,12.4069478908189
CPV,カーボベルデ,AG.LND.ARBL.ZS,2011,12.4069478908189
CPV,カーボベルデ,AG.LND.ARBL.ZS,2012,12.4069478908189
CPV,カーボベルデ,AG.LND.ARBL.ZS,2013,12.4069478908189
CPV,カーボベルデ,AG.LND.ARBL.ZS,2014,12.4069478908189
CPV,カーボベルデ,AG.LND.ARBL.ZS,2015,12.4069478908189
CPV,カーボベルデ,AG.LND.ARBL.ZS,2016,12.4069478908189
CPV,カーボベルデ,AG.LND.ARBL.ZS,2017,12.4069478908189
CPV,カーボベルデ,AG.LND.ARBL.ZS,2018,12.4069478908189
CPV,カーボベルデ,AG.LND.ARBL.ZS,2019,12.4069478908189
CPV,カーボベルデ,AG.LND.ARBL.ZS,2020,12.4069478908189
CPV,カーボベルデ,AG.LND.ARBL.ZS,2021,12.4069478908189
CPV,カーボベルデ,AG.LND.ARBL.ZS,2022,12.4069478908189
CPV,カーボベルデ,AG.LND.ARBL.ZS,2023,12.4069478908189
CPV,カーボベルデ,AG.LND.ARBL.ZS,2024,
DJI,ジブチ,AG.LND.ARBL.ZS,2000,0.0431406384814495
DJI,ジブチ,AG.LND.ARBL.ZS,2001,0.0431406384814495
DJI,ジブチ,AG.LND.ARBL.ZS,2002,0.0431406384814495
DJI,ジブチ,AG.LND.ARBL.ZS,2003,0.0431406384814495
DJI,ジブチ,AG.LND.ARBL.ZS,2004,0.0431406384814495
DJI,ジブチ,AG.LND.ARBL.ZS,2005,0.0431406384814495
DJI,ジブチ,AG.LND.ARBL.ZS,2006,0.0560828300258844
DJI,ジブチ,AG.LND.ARBL.ZS,2007,0.0647109577221743
DJI,ジブチ,AG.LND.ARBL.ZS,2008,0.0517687661777394
DJI,ジブチ,AG.LND.ARBL.ZS,2009,0.0560828300258844
DJI,ジブチ,AG.LND.ARBL.ZS,2010,0.0690250215703192
DJI,ジブチ,AG.LND.ARBL.ZS,2011,0.0862812769628991
DJI,ジブチ,AG.LND.ARBL.ZS,2012,0.0862812769628991
DJI,ジブチ,AG.LND.ARBL.ZS,2013,0.0862812769628991
DJI,ジブチ,AG.LND.ARBL.ZS,2014,0.0862812769628991
DJI,ジブチ,AG.LND.ARBL.ZS,2015,0.0862812769628991
DJI,ジブチ,AG.LND.ARBL.ZS,2016,0.0862812769628991
DJI,ジブチ,AG.LND.ARBL.ZS,2017,0.0862812769628991
DJI,ジブチ,AG.LND.ARBL.ZS,2018,0.0862812769628991
DJI,ジブチ,AG.LND.ARBL.ZS,2019,0.0862812769628991
DJI,ジブチ,AG.LND.ARBL.ZS,2020,0.129421915444349
DJI,ジブチ,AG.LND.ARBL.ZS,2021,0.129421915444349
DJI,ジブチ,AG.LND.ARBL.ZS,2022,0.129421915444349
DJI,ジブチ,AG.LND.ARBL.ZS,2023,0.129421915444349
DJI,ジブチ,AG.LND.ARBL.ZS,2024,
DZA,アルジェリア,AG.LND.ARBL.ZS,2000,3.21697582439729
DZA,アルジェリア,AG.LND.ARBL.ZS,2001,3.18380679671165
DZA,アルジェリア,AG.LND.ARBL.ZS,2002,3.16869179675363
DZA,アルジェリア,AG.LND.ARBL.ZS,2003,3.15051181069302
DZA,アルジェリア,AG.LND.ARBL.ZS,2004,3.14601929681661
DZA,アルジェリア,AG.LND.ARBL.ZS,2005,3.15357679679562
DZA,アルジェリア,AG.LND.ARBL.ZS,2006,3.13636249128788
DZA,アルジェリア,AG.LND.ARBL.ZS,2007,3.13594263017794
DZA,アルジェリア,AG.LND.ARBL.ZS,2008,3.14433985237683
DZA,アルジェリア,AG.LND.ARBL.ZS,2009,3.14601929681661
DZA,アルジェリア,AG.LND.ARBL.ZS,2010,3.14979804680612
DZA,アルジェリア,AG.LND.ARBL.ZS,2011,3.14979804680612
DZA,アルジェリア,AG.LND.ARBL.ZS,2012,3.15168742180087
DZA,アルジェリア,AG.LND.ARBL.ZS,2013,3.14736285236844
DZA,アルジェリア,AG.LND.ARBL.ZS,2014,3.13611057462191
DZA,アルジェリア,AG.LND.ARBL.ZS,2015,3.13304427307587
DZA,アルジェリア,AG.LND.ARBL.ZS,2016,3.10873432501687
DZA,アルジェリア,AG.LND.ARBL.ZS,2017,3.13670004421136
DZA,アルジェリア,AG.LND.ARBL.ZS,2018,3.14925241661457
DZA,アルジェリア,AG.LND.ARBL.ZS,2019,3.16197401899452
DZA,アルジェリア,AG.LND.ARBL.ZS,2020,3.16197401899452
DZA,アルジェリア,AG.LND.ARBL.ZS,2021,3.16197401899452
DZA,アルジェリア,AG.LND.ARBL.ZS,2022,3.16197401899452
DZA,アルジェリア,AG.LND.ARBL.ZS,2023,3.16197401899452
DZA,アルジェリア,AG.LND.ARBL.ZS,2024,
EGY,エジプト,AG.LND.ARBL.ZS,2000,2.81380280275252
EGY,エジプト,AG.LND.ARBL.ZS,2001,2.87407705058014
EGY,エジプト,AG.LND.ARBL.ZS,2002,2.94941986036466
EGY,エジプト,AG.LND.ARBL.ZS,2003,2.91928273645085
EGY,エジプト,AG.LND.ARBL.ZS,2004,2.97855241348134
EGY,エジプト,AG.LND.ARBL.ZS,2005,2.57471495303632
EGY,エジプト,AG.LND.ARBL.ZS,2006,2.61690692651565
EGY,エジプト,AG.LND.ARBL.ZS,2007,2.57571952383344
EGY,エジプト,AG.LND.ARBL.ZS,2008,2.65407604600934
EGY,エジプト,AG.LND.ARBL.ZS,2009,2.89718217891406
EGY,エジプト,AG.LND.ARBL.ZS,2010,2.88613190014566
EGY,エジプト,AG.LND.ARBL.ZS,2011,2.82083479833241
EGY,エジプト,AG.LND.ARBL.ZS,2012,2.84193078507208
EGY,エジプト,AG.LND.ARBL.ZS,2013,2.72034758149581
EGY,エジプト,AG.LND.ARBL.ZS,2014,2.65225777286654
EGY,エジプト,AG.LND.ARBL.ZS,2015,2.87897644281481
EGY,エジプト,AG.LND.ARBL.ZS,2016,2.79950313928374
EGY,エジプト,AG.LND.ARBL.ZS,2017,2.92527881862474
EGY,エジプト,AG.LND.ARBL.ZS,2018,3.06293636044
EGY,エジプト,AG.LND.ARBL.ZS,2019,3.23371339595158
EGY,エジプト,AG.LND.ARBL.ZS,2020,3.38038073233211
EGY,エジプト,AG.LND.ARBL.ZS,2021,3.09106434275956
EGY,エジプト,AG.LND.ARBL.ZS,2022,3.11718318348486
EGY,エジプト,AG.LND.ARBL.ZS,2023,3.11718318348486
EGY,エジプト,AG.LND.ARBL.ZS,2024,
ERI,エリトリア,AG.LND.ARBL.ZS,2000,5.54455445544555
ERI,エリトリア,AG.LND.ARBL.ZS,2001,5.56435643564356
ERI,エリトリア,AG.LND.ARBL.ZS,2002,5.56435643564356
ERI,エリトリア,AG.LND.ARBL.ZS,2003,5.91089108910891
ERI,エリトリア,AG.LND.ARBL.ZS,2004,4.94285853030549
ERI,エリトリア,AG.LND.ARBL.ZS,2005,5.12289469065343
ERI,エリトリア,AG.LND.ARBL.ZS,2006,5.53700562256476
ERI,エリトリア,AG.LND.ARBL.ZS,2007,5.53569837205687
ERI,エリトリア,AG.LND.ARBL.ZS,2008,5.53456029744016
ERI,エリトリア,AG.LND.ARBL.ZS,2009,5.69920149726779
ERI,エリトリア,AG.LND.ARBL.ZS,2010,5.6994128192333
ERI,エリトリア,AG.LND.ARBL.ZS,2011,5.69828855371813
ERI,エリトリア,AG.LND.ARBL.ZS,2012,5.6986118181611
ERI,エリトリア,AG.LND.ARBL.ZS,2013,5.70015791420086
ERI,エリトリア,AG.LND.ARBL.ZS,2014,5.70077452457709
ERI,エリトリア,AG.LND.ARBL.ZS,2015,5.69829862429445
ERI,エリトリア,AG.LND.ARBL.ZS,2016,5.69883119202229
ERI,エリトリア,AG.LND.ARBL.ZS,2017,5.69912425026678
ERI,エリトリア,AG.LND.ARBL.ZS,2018,5.69881918979739
ERI,エリトリア,AG.LND.ARBL.ZS,2019,5.69868589789808
ERI,エリトリア,AG.LND.ARBL.ZS,2020,5.70055580171216
ERI,エリトリア,AG.LND.ARBL.ZS,2021,5.69409349206375
ERI,エリトリア,AG.LND.ARBL.ZS,2022,5.69409349206375
ERI,エリトリア,AG.LND.ARBL.ZS,2023,5.69409349206375
ERI,エリトリア,AG.LND.ARBL.ZS,2024,
ESH,西サハラ,AG.LND.ARBL.ZS,2000,
ESH,西サハラ,AG.LND.ARBL.ZS,2001,
ESH,西サハラ,AG.LND.ARBL.ZS,2002,
ESH,西サハラ,AG.LND.ARBL.ZS,2003,
ESH,西サハラ,AG.LND.ARBL.ZS,2004,
ESH,西サハラ,AG.LND.ARBL.ZS,2005,
ESH,西サハラ,AG.LND.ARBL.ZS,2006,
ESH,西サハラ,AG.LND.ARBL.ZS,2007,
ESH,西サハラ,AG.LND.ARBL.ZS,2008,
ESH,西サハラ,AG.LND.ARBL.ZS,2009,
ESH,西サハラ,AG.LND.ARBL.ZS,2010,
ESH,西サハラ,AG.LND.ARBL.ZS,2011,
ESH,西サハラ,AG.LND.ARBL.ZS,2012,
ESH,西サハラ,AG.LND.ARBL.ZS,2013,
ESH,西サハラ,AG.LND.ARBL.ZS,2014,
ESH,西サハラ,AG.LND.ARBL.ZS,2015,
ESH,西サハラ,AG.LND.ARBL.ZS,2016,
ESH,西サハラ,AG.LND.ARBL.ZS,2017,
ESH,西サハラ,AG.LND.ARBL.ZS,2018,
ESH,西サハラ,AG.LND.ARBL.ZS,2019,
ESH,西サハラ,AG.LND.ARBL.ZS,2020,
ESH,西サハラ,AG.LND.ARBL.ZS,2021,
ESH,西サハラ,AG.LND.ARBL.ZS,2022,
ESH,西サハラ,AG.LND.ARBL.ZS,2023,
ESH,西サハラ,AG.LND.ARBL.ZS,2024,
ETH,エチオピア,AG.LND.ARBL.ZS,2000,9.872
ETH,エチオピア,AG.LND.ARBL.ZS,2001,9.862
ETH,エチオピア,AG.LND.ARBL.ZS,2002,9.853
ETH,エチオピア,AG.LND.ARBL.ZS,2003,10.928
ETH,エチオピア,AG.LND.ARBL.ZS,2004,10.9551919006009
ETH,エチオピア,AG.LND.ARBL.ZS,2005,11.3618662700454
ETH,エチオピア,AG.LND.ARBL.ZS,2006,11.8694340984139
ETH,エチオピア,AG.LND.ARBL.ZS,2007,12.4380754315493
ETH,エチオピア,AG.LND.ARBL.ZS,2008,12.0559827881042
ETH,エチオピア,AG.LND.ARBL.ZS,2009,12.3587993002942
ETH,エチオピア,AG.LND.ARBL.ZS,2010,12.9057011034308
ETH,エチオピア,AG.LND.ARBL.ZS,2011,13.4622853188946
ETH,エチオピア,AG.LND.ARBL.ZS,2012,13.5975929442794
ETH,エチオピア,AG.LND.ARBL.ZS,2013,13.7084728569845
ETH,エチオピア,AG.LND.ARBL.ZS,2014,13.8196461741706
ETH,エチオピア,AG.LND.ARBL.ZS,2015,13.9303953410931
ETH,エチオピア,AG.LND.ARBL.ZS,2016,14.0409203421887
ETH,エチオピア,AG.LND.ARBL.ZS,2017,14.1501576177916
ETH,エチオピア,AG.LND.ARBL.ZS,2018,14.3430388457376
ETH,エチオピア,AG.LND.ARBL.ZS,2019,14.3473484917961
ETH,エチオピア,AG.LND.ARBL.ZS,2020,14.3500889708883
ETH,エチオピア,AG.LND.ARBL.ZS,2021,14.560115607756
ETH,エチオピア,AG.LND.ARBL.ZS,2022,14.5325559938566
ETH,エチオピア,AG.LND.ARBL.ZS,2023,14.5325559938566
ETH,エチオピア,AG.LND.ARBL.ZS,2024,
GAB,ガボン,AG.LND.ARBL.ZS,2000,1.26130321729344
GAB,ガボン,AG.LND.ARBL.ZS,2001,1.26130321729344
GAB,ガボン,AG.LND.ARBL.ZS,2002,1.26130321729344
GAB,ガボン,AG.LND.ARBL.ZS,2003,1.26130321729344
GAB,ガボン,AG.LND.ARBL.ZS,2004,1.26130321729344
GAB,ガボン,AG.LND.ARBL.ZS,2005,1.26130321729344
GAB,ガボン,AG.LND.ARBL.ZS,2006,1.26130321729344
GAB,ガボン,AG.LND.ARBL.ZS,2007,1.26130321729344
GAB,ガボン,AG.LND.ARBL.ZS,2008,1.26130321729344
GAB,ガボン,AG.LND.ARBL.ZS,2009,1.26130321729344
GAB,ガボン,AG.LND.ARBL.ZS,2010,1.26130321729344
GAB,ガボン,AG.LND.ARBL.ZS,2011,1.26130321729344
GAB,ガボン,AG.LND.ARBL.ZS,2012,1.26130321729344
GAB,ガボン,AG.LND.ARBL.ZS,2013,1.26130321729344
GAB,ガボン,AG.LND.ARBL.ZS,2014,1.26130321729344
GAB,ガボン,AG.LND.ARBL.ZS,2015,1.26130321729344
GAB,ガボン,AG.LND.ARBL.ZS,2016,1.26130321729344
GAB,ガボン,AG.LND.ARBL.ZS,2017,1.26130321729344
GAB,ガボン,AG.LND.ARBL.ZS,2018,1.26130321729344
GAB,ガボン,AG.LND.ARBL.ZS,2019,1.26130321729344
GAB,ガボン,AG.LND.ARBL.ZS,2020,1.26130321729344
GAB,ガボン,AG.LND.ARBL.ZS,2021,1.26130321729344
GAB,ガボン,AG.LND.ARBL.ZS,2022,1.26130321729344
GAB,ガボン,AG.LND.ARBL.ZS,2023,1.26130321729344
GAB,ガボン,AG.LND.ARBL.ZS,2024,
GHA,ガーナ,AG.LND.ARBL.ZS,2000,16.4576320646919
GHA,ガーナ,AG.LND.ARBL.ZS,2001,16.6697112595588
GHA,ガーナ,AG.LND.ARBL.ZS,2002,16.8817904544256
GHA,ガーナ,AG.LND.ARBL.ZS,2003,17.0938696492924
GHA,ガーナ,AG.LND.ARBL.ZS,2004,17.3059492836424
GHA,ガーナ,AG.LND.ARBL.ZS,2005,17.5180284785093
GHA,ガーナ,AG.LND.ARBL.ZS,2006,17.7301076733761
GHA,ガーナ,AG.LND.ARBL.ZS,2007,17.9421868682429
GHA,ガーナ,AG.LND.ARBL.ZS,2008,18.1542660631098
GHA,ガーナ,AG.LND.ARBL.ZS,2009,18.3663456974598
GHA,ガーナ,AG.LND.ARBL.ZS,2010,18.5784248923266
GHA,ガーナ,AG.LND.ARBL.ZS,2011,18.7905040871935
GHA,ガーナ,AG.LND.ARBL.ZS,2012,19.0025832820603
GHA,ガーナ,AG.LND.ARBL.ZS,2013,19.2146624769271
GHA,ガーナ,AG.LND.ARBL.ZS,2014,19.4267421112771
GHA,ガーナ,AG.LND.ARBL.ZS,2015,19.638821306144
GHA,ガーナ,AG.LND.ARBL.ZS,2016,19.8509005010108
GHA,ガーナ,AG.LND.ARBL.ZS,2017,20.0629796958777
GHA,ガーナ,AG.LND.ARBL.ZS,2018,20.2750593302277
GHA,ガーナ,AG.LND.ARBL.ZS,2019,20.487768807162
GHA,ガーナ,AG.LND.ARBL.ZS,2020,20.7001274557201
GHA,ガーナ,AG.LND.ARBL.ZS,2021,20.6998545265961
GHA,ガーナ,AG.LND.ARBL.ZS,2022,20.6998545265961
GHA,ガーナ,AG.LND.ARBL.ZS,2023,20.6998545265961
GHA,ガーナ,AG.LND.ARBL.ZS,2024,
GIN,ギニア,AG.LND.ARBL.ZS,2000,11.1509034673612
GIN,ギニア,AG.LND.ARBL.ZS,2001,11.1509034673612
GIN,ギニア,AG.LND.ARBL.ZS,2002,11.1549731401595
GIN,ギニア,AG.LND.ARBL.ZS,2003,11.1590428129578
GIN,ギニア,AG.LND.ARBL.ZS,2004,11.1631124857561
GIN,ギニア,AG.LND.ARBL.ZS,2005,11.1549731401595
GIN,ギニア,AG.LND.ARBL.ZS,2006,11.4197969233274
GIN,ギニア,AG.LND.ARBL.ZS,2007,11.9405872537848
GIN,ギニア,AG.LND.ARBL.ZS,2008,12.46224116881
GIN,ギニア,AG.LND.ARBL.ZS,2009,12.0387290411851
GIN,ギニア,AG.LND.ARBL.ZS,2010,14.8265769982093
GIN,ギニア,AG.LND.ARBL.ZS,2011,14.9299556405665
GIN,ギニア,AG.LND.ARBL.ZS,2012,16.9222179716751
GIN,ギニア,AG.LND.ARBL.ZS,2013,17.269160833469
GIN,ギニア,AG.LND.ARBL.ZS,2014,18.697251342992
GIN,ギニア,AG.LND.ARBL.ZS,2015,19.5101782516686
GIN,ギニア,AG.LND.ARBL.ZS,2016,19.8483363177601
GIN,ギニア,AG.LND.ARBL.ZS,2017,20.5018305388247
GIN,ギニア,AG.LND.ARBL.ZS,2018,21.0845323945955
GIN,ギニア,AG.LND.ARBL.ZS,2019,20.0183118997233
GIN,ギニア,AG.LND.ARBL.ZS,2020,20.1584352108091
GIN,ギニア,AG.LND.ARBL.ZS,2021,21.3538258993977
GIN,ギニア,AG.LND.ARBL.ZS,2022,22.5862302620869
GIN,ギニア,AG.LND.ARBL.ZS,2023,24.4184071300667
GIN,ギニア,AG.LND.ARBL.ZS,2024,
GMB,ガンビア,AG.LND.ARBL.ZS,2000,23.1225296442688
GMB,ガンビア,AG.LND.ARBL.ZS,2001,24.1106719367589
GMB,ガンビア,AG.LND.ARBL.ZS,2002,25.098814229249
GMB,ガンビア,AG.LND.ARBL.ZS,2003,26.0869565217391
GMB,ガンビア,AG.LND.ARBL.ZS,2004,26.9762845849802
GMB,ガンビア,AG.LND.ARBL.ZS,2005,27.9644268774704
GMB,ガンビア,AG.LND.ARBL.ZS,2006,28.9525691699605
GMB,ガンビア,AG.LND.ARBL.ZS,2007,29.9407114624506
GMB,ガンビア,AG.LND.ARBL.ZS,2008,36.7588932806324
GMB,ガンビア,AG.LND.ARBL.ZS,2009,42.2924901185771
GMB,ガンビア,AG.LND.ARBL.ZS,2010,44.4664031620553
GMB,ガンビア,AG.LND.ARBL.ZS,2011,44.4664031620553
GMB,ガンビア,AG.LND.ARBL.ZS,2012,44.4664031620553
GMB,ガンビア,AG.LND.ARBL.ZS,2013,44.4664031620553
GMB,ガンビア,AG.LND.ARBL.ZS,2014,44.4664031620553
GMB,ガンビア,AG.LND.ARBL.ZS,2015,44.4664031620553
GMB,ガンビア,AG.LND.ARBL.ZS,2016,44.4664031620553
GMB,ガンビア,AG.LND.ARBL.ZS,2017,43.4782608695652
GMB,ガンビア,AG.LND.ARBL.ZS,2018,43.4782608695652
GMB,ガンビア,AG.LND.ARBL.ZS,2019,43.4782608695652
GMB,ガンビア,AG.LND.ARBL.ZS,2020,43.4782608695652
GMB,ガンビア,AG.LND.ARBL.ZS,2021,43.4782608695652
GMB,ガンビア,AG.LND.ARBL.ZS,2022,43.4782608695652
GMB,ガンビア,AG.LND.ARBL.ZS,2023,43.4782608695652
GMB,ガンビア,AG.LND.ARBL.ZS,2024,
GNB,ギニアビサウ,AG.LND.ARBL.ZS,2000,10.6685633001422
GNB,ギニアビサウ,AG.LND.ARBL.ZS,2001,10.6685633001422
GNB,ギニアビサウ,AG.LND.ARBL.ZS,2002,9.95732574679943
GNB,ギニアビサウ,AG.LND.ARBL.ZS,2003,9.60170697012802
GNB,ギニアビサウ,AG.LND.ARBL.ZS,2004,9.95732574679943
GNB,ギニアビサウ,AG.LND.ARBL.ZS,2005,9.95732574679943
GNB,ギニアビサウ,AG.LND.ARBL.ZS,2006,9.95732574679943
GNB,ギニアビサウ,AG.LND.ARBL.ZS,2007,9.95732574679943
GNB,ギニアビサウ,AG.LND.ARBL.ZS,2008,9.95732574679943
GNB,ギニアビサウ,AG.LND.ARBL.ZS,2009,9.95732574679943
GNB,ギニアビサウ,AG.LND.ARBL.ZS,2010,10.6685633001422
GNB,ギニアビサウ,AG.LND.ARBL.ZS,2011,10.6685633001422
GNB,ギニアビサウ,AG.LND.ARBL.ZS,2012,10.6685633001422
GNB,ギニアビサウ,AG.LND.ARBL.ZS,2013,10.6685633001422
GNB,ギニアビサウ,AG.LND.ARBL.ZS,2014,10.6685633001422
GNB,ギニアビサウ,AG.LND.ARBL.ZS,2015,10.6685633001422
GNB,ギニアビサウ,AG.LND.ARBL.ZS,2016,11.196493598862
GNB,ギニアビサウ,AG.LND.ARBL.ZS,2017,11.1978698435277
GNB,ギニアビサウ,AG.LND.ARBL.ZS,2018,11.7213300142248
GNB,ギニアビサウ,AG.LND.ARBL.ZS,2019,13.0495448079659
GNB,ギニアビサウ,AG.LND.ARBL.ZS,2020,13.3325533428165
GNB,ギニアビサウ,AG.LND.ARBL.ZS,2021,14.0239971550498
GNB,ギニアビサウ,AG.LND.ARBL.ZS,2022,13.7988762446657
GNB,ギニアビサウ,AG.LND.ARBL.ZS,2023,14.065807254623
GNB,ギニアビサウ,AG.LND.ARBL.ZS,2024,
GNQ,赤道ギニア,AG.LND.ARBL.ZS,2000,0.784313725490196
GNQ,赤道ギニア,AG.LND.ARBL.ZS,2001,1.06951871657754
GNQ,赤道ギニア,AG.LND.ARBL.ZS,2002,1.31907308377897
GNQ,赤道ギニア,AG.LND.ARBL.ZS,2003,1.31907308377897
GNQ,赤道ギニア,AG.LND.ARBL.ZS,2004,1.31907308377897
GNQ,赤道ギニア,AG.LND.ARBL.ZS,2005,1.31907308377897
GNQ,赤道ギニア,AG.LND.ARBL.ZS,2006,1.46167557932264
GNQ,赤道ギニア,AG.LND.ARBL.ZS,2007,1.46167557932264
GNQ,赤道ギニア,AG.LND.ARBL.ZS,2008,1.63992869875223
GNQ,赤道ギニア,AG.LND.ARBL.ZS,2009,1.92513368983957
GNQ,赤道ギニア,AG.LND.ARBL.ZS,2010,1.92513368983957
GNQ,赤道ギニア,AG.LND.ARBL.ZS,2011,1.92513368983957
GNQ,赤道ギニア,AG.LND.ARBL.ZS,2012,1.92513368983957
GNQ,赤道ギニア,AG.LND.ARBL.ZS,2013,1.92513368983957
GNQ,赤道ギニア,AG.LND.ARBL.ZS,2014,1.92513368983957
GNQ,赤道ギニア,AG.LND.ARBL.ZS,2015,1.92513368983957
GNQ,赤道ギニア,AG.LND.ARBL.ZS,2016,1.92513368983957
GNQ,赤道ギニア,AG.LND.ARBL.ZS,2017,1.92513368983957
GNQ,赤道ギニア,AG.LND.ARBL.ZS,2018,1.92513368983957
GNQ,赤道ギニア,AG.LND.ARBL.ZS,2019,1.88948306595365
GNQ,赤道ギニア,AG.LND.ARBL.ZS,2020,1.88948306595365
GNQ,赤道ギニア,AG.LND.ARBL.ZS,2021,1.88948306595365
GNQ,赤道ギニア,AG.LND.ARBL.ZS,2022,1.88948306595365
GNQ,赤道ギニア,AG.LND.ARBL.ZS,2023,1.88948306595365
GNQ,赤道ギニア,AG.LND.ARBL.ZS,2024,
KEN,ケニア,AG.LND.ARBL.ZS,2000,8.59366763889377
KEN,ケニア,AG.LND.ARBL.ZS,2001,9.01008539199494
KEN,ケニア,AG.LND.ARBL.ZS,2002,8.94507502547703
KEN,ケニア,AG.LND.ARBL.ZS,2003,9.04171205678743
KEN,ケニア,AG.LND.ARBL.ZS,2004,9.23850019327406
KEN,ケニア,AG.LND.ARBL.ZS,2005,9.24904241487156
KEN,ケニア,AG.LND.ARBL.ZS,2006,9.32986611378571
KEN,ケニア,AG.LND.ARBL.ZS,2007,9.31229574445655
KEN,ケニア,AG.LND.ARBL.ZS,2008,9.31229574445655
KEN,ケニア,AG.LND.ARBL.ZS,2009,9.66370313103982
KEN,ケニア,AG.LND.ARBL.ZS,2010,9.75751010296236
KEN,ケニア,AG.LND.ARBL.ZS,2011,10.6727525740591
KEN,ケニア,AG.LND.ARBL.ZS,2012,11.2297422426819
KEN,ケニア,AG.LND.ARBL.ZS,2013,11.313002424711
KEN,ケニア,AG.LND.ARBL.ZS,2014,11.2280256175985
KEN,ケニア,AG.LND.ARBL.ZS,2015,11.1356359407494
KEN,ケニア,AG.LND.ARBL.ZS,2016,11.3273218962115
KEN,ケニア,AG.LND.ARBL.ZS,2017,10.6862650555475
KEN,ケニア,AG.LND.ARBL.ZS,2018,11.4004605485054
KEN,ケニア,AG.LND.ARBL.ZS,2019,11.4560838042891
KEN,ケニア,AG.LND.ARBL.ZS,2020,11.4175064467254
KEN,ケニア,AG.LND.ARBL.ZS,2021,11.4175064467254
KEN,ケニア,AG.LND.ARBL.ZS,2022,11.4175064467254
KEN,ケニア,AG.LND.ARBL.ZS,2023,11.4175064467254
KEN,ケニア,AG.LND.ARBL.ZS,2024,
LBR,リベリア,AG.LND.ARBL.ZS,2000,4.15282392026578
LBR,リベリア,AG.LND.ARBL.ZS,2001,4.15282392026578
LBR,リベリア,AG.LND.ARBL.ZS,2002,4.15282392026578
LBR,リベリア,AG.LND.ARBL.ZS,2003,4.15282392026578
LBR,リベリア,AG.LND.ARBL.ZS,2004,4.15282392026578
LBR,リベリア,AG.LND.ARBL.ZS,2005,4.15282392026578
LBR,リベリア,AG.LND.ARBL.ZS,2006,4.15282392026578
LBR,リベリア,AG.LND.ARBL.ZS,2007,4.15282392026578
LBR,リベリア,AG.LND.ARBL.ZS,2008,4.46428571428571
LBR,リベリア,AG.LND.ARBL.ZS,2009,4.87956810631229
LBR,リベリア,AG.LND.ARBL.ZS,2010,4.98338870431894
LBR,リベリア,AG.LND.ARBL.ZS,2011,5.19102990033223
LBR,リベリア,AG.LND.ARBL.ZS,2012,5.19102990033223
LBR,リベリア,AG.LND.ARBL.ZS,2013,5.19102990033223
LBR,リベリア,AG.LND.ARBL.ZS,2014,5.19102990033223
LBR,リベリア,AG.LND.ARBL.ZS,2015,5.19102990033223
LBR,リベリア,AG.LND.ARBL.ZS,2016,5.19102990033223
LBR,リベリア,AG.LND.ARBL.ZS,2017,5.19102990033223
LBR,リベリア,AG.LND.ARBL.ZS,2018,5.19102990033223
LBR,リベリア,AG.LND.ARBL.ZS,2019,5.19102990033223
LBR,リベリア,AG.LND.ARBL.ZS,2020,5.19102990033223
LBR,リベリア,AG.LND.ARBL.ZS,2021,5.19102990033223
LBR,リベリア,AG.LND.ARBL.ZS,2022,5.19102990033223
LBR,リベリア,AG.LND.ARBL.ZS,2023,5.19102990033223
LBR,リベリア,AG.LND.ARBL.ZS,2024,
LBY,リビア,AG.LND.ARBL.ZS,2000,1.03151960171408
LBY,リビア,AG.LND.ARBL.ZS,2001,1.03151960171408
LBY,リビア,AG.LND.ARBL.ZS,2002,1.03151960171408
LBY,リビア,AG.LND.ARBL.ZS,2003,1.03151960171408
LBY,リビア,AG.LND.ARBL.ZS,2004,0.994578128374462
LBY,リビア,AG.LND.ARBL.ZS,2005,0.994578128374462
LBY,リビア,AG.LND.ARBL.ZS,2006,0.994578128374462
LBY,リビア,AG.LND.ARBL.ZS,2007,0.994578128374462
LBY,リビア,AG.LND.ARBL.ZS,2008,0.994578128374462
LBY,リビア,AG.LND.ARBL.ZS,2009,0.994578128374462
LBY,リビア,AG.LND.ARBL.ZS,2010,0.975254896166043
LBY,リビア,AG.LND.ARBL.ZS,2011,0.975254896166043
LBY,リビア,AG.LND.ARBL.ZS,2012,0.977528217602328
LBY,リビア,AG.LND.ARBL.ZS,2013,0.977528217602328
LBY,リビア,AG.LND.ARBL.ZS,2014,0.977528217602328
LBY,リビア,AG.LND.ARBL.ZS,2015,0.977528217602328
LBY,リビア,AG.LND.ARBL.ZS,2016,0.977528217602328
LBY,リビア,AG.LND.ARBL.ZS,2017,0.977528217602328
LBY,リビア,AG.LND.ARBL.ZS,2018,0.977528217602328
LBY,リビア,AG.LND.ARBL.ZS,2019,0.977528217602328
LBY,リビア,AG.LND.ARBL.ZS,2020,0.977528217602328
LBY,リビア,AG.LND.ARBL.ZS,2021,0.977528217602328
LBY,リビア,AG.LND.ARBL.ZS,2022,0.977528217602328
LBY,リビア,AG.LND.ARBL.ZS,2023,0.977528217602328
LBY,リビア,AG.LND.ARBL.ZS,2024,
LSO,レソト,AG.LND.ARBL.ZS,2000,10.8695652173913
LSO,レソト,AG.LND.ARBL.ZS,2001,10.8695652173913
LSO,レソト,AG.LND.ARBL.ZS,2002,9.88142292490119
LSO,レソト,AG.LND.ARBL.ZS,2003,9.88142292490119
LSO,レソト,AG.LND.ARBL.ZS,2004,10.2108036890646
LSO,レソト,AG.LND.ARBL.ZS,2005,10.6389986824769
LSO,レソト,AG.LND.ARBL.ZS,2006,9.9802371541502
LSO,レソト,AG.LND.ARBL.ZS,2007,10.7048748353096
LSO,レソト,AG.LND.ARBL.ZS,2008,11.7918313570487
LSO,レソト,AG.LND.ARBL.ZS,2009,11.034255599473
LSO,レソト,AG.LND.ARBL.ZS,2010,10.6060606060606
LSO,レソト,AG.LND.ARBL.ZS,2011,10.1449275362319
LSO,レソト,AG.LND.ARBL.ZS,2012,9.26548089591568
LSO,レソト,AG.LND.ARBL.ZS,2013,8.17193675889328
LSO,レソト,AG.LND.ARBL.ZS,2014,8.96903820816864
LSO,レソト,AG.LND.ARBL.ZS,2015,7.21343873517787
LSO,レソト,AG.LND.ARBL.ZS,2016,11.5942028985507
LSO,レソト,AG.LND.ARBL.ZS,2017,13.8142292490119
LSO,レソト,AG.LND.ARBL.ZS,2018,14.3181818181818
LSO,レソト,AG.LND.ARBL.ZS,2019,4.95388669301713
LSO,レソト,AG.LND.ARBL.ZS,2020,11.3768115942029
LSO,レソト,AG.LND.ARBL.ZS,2021,7.42424242424242
LSO,レソト,AG.LND.ARBL.ZS,2022,8.93939393939394
LSO,レソト,AG.LND.ARBL.ZS,2023,11.7505928853755
LSO,レソト,AG.LND.ARBL.ZS,2024,
MAR,モロッコ,AG.LND.ARBL.ZS,2000,19.6437373963702
MAR,モロッコ,AG.LND.ARBL.ZS,2001,19.0185973560385
MAR,モロッコ,AG.LND.ARBL.ZS,2002,18.8259018597356
MAR,モロッコ,AG.LND.ARBL.ZS,2003,20.2890432444544
MAR,モロッコ,AG.LND.ARBL.ZS,2004,18.3956979610128
MAR,モロッコ,AG.LND.ARBL.ZS,2005,18.1985211740981
MAR,モロッコ,AG.LND.ARBL.ZS,2006,18.068563746359
MAR,モロッコ,AG.LND.ARBL.ZS,2007,18.0708043916648
MAR,モロッコ,AG.LND.ARBL.ZS,2008,18.0416760026888
MAR,モロッコ,AG.LND.ARBL.ZS,2009,18.0138920008963
MAR,モロッコ,AG.LND.ARBL.ZS,2010,17.3186197624916
MAR,モロッコ,AG.LND.ARBL.ZS,2011,17.4855478377773
MAR,モロッコ,AG.LND.ARBL.ZS,2012,18.0304727761595
MAR,モロッコ,AG.LND.ARBL.ZS,2013,18.2119650459332
MAR,モロッコ,AG.LND.ARBL.ZS,2014,17.0313690342819
MAR,モロッコ,AG.LND.ARBL.ZS,2015,16.7987900515348
MAR,モロッコ,AG.LND.ARBL.ZS,2016,18.4203450593771
MAR,モロッコ,AG.LND.ARBL.ZS,2017,18.8634532825454
MAR,モロッコ,AG.LND.ARBL.ZS,2018,17.5939305399955
MAR,モロッコ,AG.LND.ARBL.ZS,2019,15.4581313018149
MAR,モロッコ,AG.LND.ARBL.ZS,2020,16.0767093883038
MAR,モロッコ,AG.LND.ARBL.ZS,2021,15.9842189110464
MAR,モロッコ,AG.LND.ARBL.ZS,2022,14.5113036074389
MAR,モロッコ,AG.LND.ARBL.ZS,2023,15.4023118978266
MAR,モロッコ,AG.LND.ARBL.ZS,2024,
MDG,マダガスカル,AG.LND.ARBL.ZS,2000,4.98675929428758
MDG,マダガスカル,AG.LND.ARBL.ZS,2001,5.07273790280978
MDG,マダガスカル,AG.LND.ARBL.ZS,2002,5.07273790280978
MDG,マダガスカル,AG.LND.ARBL.ZS,2003,5.07273790280978
MDG,マダガスカル,AG.LND.ARBL.ZS,2004,5.07273790280978
MDG,マダガスカル,AG.LND.ARBL.ZS,2005,5.15871651133198
MDG,マダガスカル,AG.LND.ARBL.ZS,2006,5.15871651133198
MDG,マダガスカル,AG.LND.ARBL.ZS,2007,5.15871651133198
MDG,マダガスカル,AG.LND.ARBL.ZS,2008,5.15871651133198
MDG,マダガスカル,AG.LND.ARBL.ZS,2009,5.15871651133198
MDG,マダガスカル,AG.LND.ARBL.ZS,2010,5.15871651133198
MDG,マダガスカル,AG.LND.ARBL.ZS,2011,5.15645545252194
MDG,マダガスカル,AG.LND.ARBL.ZS,2012,5.15645545252194
MDG,マダガスカル,AG.LND.ARBL.ZS,2013,5.15641113784806
MDG,マダガスカル,AG.LND.ARBL.ZS,2014,5.15641113784806
MDG,マダガスカル,AG.LND.ARBL.ZS,2015,5.15641113784806
MDG,マダガスカル,AG.LND.ARBL.ZS,2016,5.15641113784806
MDG,マダガスカル,AG.LND.ARBL.ZS,2017,5.15641113784806
MDG,マダガスカル,AG.LND.ARBL.ZS,2018,5.15641113784806
MDG,マダガスカル,AG.LND.ARBL.ZS,2019,5.15641113784806
MDG,マダガスカル,AG.LND.ARBL.ZS,2020,5.15641113784806
MDG,マダガスカル,AG.LND.ARBL.ZS,2021,5.15641113784806
MDG,マダガスカル,AG.LND.ARBL.ZS,2022,5.15641113784806
MDG,マダガスカル,AG.LND.ARBL.ZS,2023,5.15641113784806
MDG,マダガスカル,AG.LND.ARBL.ZS,2024,
MLI,マリ,AG.LND.ARBL.ZS,2000,3.71253657217319
MLI,マリ,AG.LND.ARBL.ZS,2001,3.71253657217319
MLI,マリ,AG.LND.ARBL.ZS,2002,4.01576803612552
MLI,マリ,AG.LND.ARBL.ZS,2003,4.86973340217507
MLI,マリ,AG.LND.ARBL.ZS,2004,4.01740712511986
MLI,マリ,AG.LND.ARBL.ZS,2005,4.59190781763496
MLI,マリ,AG.LND.ARBL.ZS,2006,4.65255411042543
MLI,マリ,AG.LND.ARBL.ZS,2007,4.7599144395545
MLI,マリ,AG.LND.ARBL.ZS,2008,4.94267286242307
MLI,マリ,AG.LND.ARBL.ZS,2009,5.12657864758767
MLI,マリ,AG.LND.ARBL.ZS,2010,5.13116809677181
MLI,マリ,AG.LND.ARBL.ZS,2011,5.28606200673666
MLI,マリ,AG.LND.ARBL.ZS,2012,5.4409559167015
MLI,マリ,AG.LND.ARBL.ZS,2013,5.59584982666634
MLI,マリ,AG.LND.ARBL.ZS,2014,5.75074373663118
MLI,マリ,AG.LND.ARBL.ZS,2015,5.90563764659602
MLI,マリ,AG.LND.ARBL.ZS,2016,6.06135110105803
MLI,マリ,AG.LND.ARBL.ZS,2017,6.21624501102287
MLI,マリ,AG.LND.ARBL.ZS,2018,6.37113892098771
MLI,マリ,AG.LND.ARBL.ZS,2019,6.52603283095256
MLI,マリ,AG.LND.ARBL.ZS,2020,6.6809267409174
MLI,マリ,AG.LND.ARBL.ZS,2021,6.83582065088224
MLI,マリ,AG.LND.ARBL.ZS,2022,6.83582065088224
MLI,マリ,AG.LND.ARBL.ZS,2023,6.83582065088224
MLI,マリ,AG.LND.ARBL.ZS,2024,
MOZ,モザンビーク,AG.LND.ARBL.ZS,2000,4.95943437015184
MOZ,モザンビーク,AG.LND.ARBL.ZS,2001,5.08659935400188
MOZ,モザンビーク,AG.LND.ARBL.ZS,2002,5.65884178132709
MOZ,モザンビーク,AG.LND.ARBL.ZS,2003,5.72242427325212
MOZ,モザンビーク,AG.LND.ARBL.ZS,2004,5.84958925710216
MOZ,モザンビーク,AG.LND.ARBL.ZS,2005,6.35824919250235
MOZ,モザンビーク,AG.LND.ARBL.ZS,2006,6.23108420865231
MOZ,モザンビーク,AG.LND.ARBL.ZS,2007,6.61257916020245
MOZ,モザンビーク,AG.LND.ARBL.ZS,2008,6.86690912790254
MOZ,モザンビーク,AG.LND.ARBL.ZS,2009,6.99407411175259
MOZ,モザンビーク,AG.LND.ARBL.ZS,2010,7.18482158752766
MOZ,モザンビーク,AG.LND.ARBL.ZS,2011,7.18482158752766
MOZ,モザンビーク,AG.LND.ARBL.ZS,2012,7.18482158752766
MOZ,モザンビーク,AG.LND.ARBL.ZS,2013,7.18482158752766
MOZ,モザンビーク,AG.LND.ARBL.ZS,2014,7.18482158752766
MOZ,モザンビーク,AG.LND.ARBL.ZS,2015,7.18482158752766
MOZ,モザンビーク,AG.LND.ARBL.ZS,2016,7.18482158752766
MOZ,モザンビーク,AG.LND.ARBL.ZS,2017,7.18482158752766
MOZ,モザンビーク,AG.LND.ARBL.ZS,2018,7.18482158752766
MOZ,モザンビーク,AG.LND.ARBL.ZS,2019,7.18482158752766
MOZ,モザンビーク,AG.LND.ARBL.ZS,2020,7.18482158752766
MOZ,モザンビーク,AG.LND.ARBL.ZS,2021,7.18482158752766
MOZ,モザンビーク,AG.LND.ARBL.ZS,2022,7.18482158752766
MOZ,モザンビーク,AG.LND.ARBL.ZS,2023,7.18482158752766
MOZ,モザンビーク,AG.LND.ARBL.ZS,2024,
MRT,モーリタニア,AG.LND.ARBL.ZS,2000,0.436596487823809
MRT,モーリタニア,AG.LND.ARBL.ZS,2001,0.436596487823809
MRT,モーリタニア,AG.LND.ARBL.ZS,2002,0.436596487823809
MRT,モーリタニア,AG.LND.ARBL.ZS,2003,0.436596487823809
MRT,モーリタニア,AG.LND.ARBL.ZS,2004,0.436596487823809
MRT,モーリタニア,AG.LND.ARBL.ZS,2005,0.436596487823809
MRT,モーリタニア,AG.LND.ARBL.ZS,2006,0.436596487823809
MRT,モーリタニア,AG.LND.ARBL.ZS,2007,0.436596487823809
MRT,モーリタニア,AG.LND.ARBL.ZS,2008,0.436596487823809
MRT,モーリタニア,AG.LND.ARBL.ZS,2009,0.436596487823809
MRT,モーリタニア,AG.LND.ARBL.ZS,2010,0.436596487823809
MRT,モーリタニア,AG.LND.ARBL.ZS,2011,0.436596487823809
MRT,モーリタニア,AG.LND.ARBL.ZS,2012,0.436596487823809
MRT,モーリタニア,AG.LND.ARBL.ZS,2013,0.436596487823809
MRT,モーリタニア,AG.LND.ARBL.ZS,2014,0.436596487823809
MRT,モーリタニア,AG.LND.ARBL.ZS,2015,0.436596487823809
MRT,モーリタニア,AG.LND.ARBL.ZS,2016,0.436596487823809
MRT,モーリタニア,AG.LND.ARBL.ZS,2017,0.436596487823809
MRT,モーリタニア,AG.LND.ARBL.ZS,2018,0.436596487823809
MRT,モーリタニア,AG.LND.ARBL.ZS,2019,0.436596487823809
MRT,モーリタニア,AG.LND.ARBL.ZS,2020,0.436596487823809
MRT,モーリタニア,AG.LND.ARBL.ZS,2021,0.436596487823809
MRT,モーリタニア,AG.LND.ARBL.ZS,2022,0.436596487823809
MRT,モーリタニア,AG.LND.ARBL.ZS,2023,0.436596487823809
MRT,モーリタニア,AG.LND.ARBL.ZS,2024,
MUS,モーリシャス,AG.LND.ARBL.ZS,2000,44.3349753694581
MUS,モーリシャス,AG.LND.ARBL.ZS,2001,44.8275862068966
MUS,モーリシャス,AG.LND.ARBL.ZS,2002,43.8423645320197
MUS,モーリシャス,AG.LND.ARBL.ZS,2003,43.3497536945813
MUS,モーリシャス,AG.LND.ARBL.ZS,2004,42.8571428571429
MUS,モーリシャス,AG.LND.ARBL.ZS,2005,41.871921182266
MUS,モーリシャス,AG.LND.ARBL.ZS,2006,40.8866995073892
MUS,モーリシャス,AG.LND.ARBL.ZS,2007,39.9014778325123
MUS,モーリシャス,AG.LND.ARBL.ZS,2008,39.4088669950739
MUS,モーリシャス,AG.LND.ARBL.ZS,2009,39.4088669950739
MUS,モーリシャス,AG.LND.ARBL.ZS,2010,39.4088669950739
MUS,モーリシャス,AG.LND.ARBL.ZS,2011,39.0585878818227
MUS,モーリシャス,AG.LND.ARBL.ZS,2012,38.0570856284427
MUS,モーリシャス,AG.LND.ARBL.ZS,2013,37.5563345017526
MUS,モーリシャス,AG.LND.ARBL.ZS,2014,37.5563345017526
MUS,モーリシャス,AG.LND.ARBL.ZS,2015,37.5563345017526
MUS,モーリシャス,AG.LND.ARBL.ZS,2016,37.5563345017526
MUS,モーリシャス,AG.LND.ARBL.ZS,2017,37.5563345017526
MUS,モーリシャス,AG.LND.ARBL.ZS,2018,37.5563345017526
MUS,モーリシャス,AG.LND.ARBL.ZS,2019,37.5563345017526
MUS,モーリシャス,AG.LND.ARBL.ZS,2020,37.5563345017526
MUS,モーリシャス,AG.LND.ARBL.ZS,2021,37.5563345017526
MUS,モーリシャス,AG.LND.ARBL.ZS,2022,37.5563345017526
MUS,モーリシャス,AG.LND.ARBL.ZS,2023,37.5563345017526
MUS,モーリシャス,AG.LND.ARBL.ZS,2024,
MWI,マラウイ,AG.LND.ARBL.ZS,2000,29.1684344505728
MWI,マラウイ,AG.LND.ARBL.ZS,2001,30.22910479423
MWI,マラウイ,AG.LND.ARBL.ZS,2002,30.22910479423
MWI,マラウイ,AG.LND.ARBL.ZS,2003,31.8201103097157
MWI,マラウイ,AG.LND.ARBL.ZS,2004,31.8201103097157
MWI,マラウイ,AG.LND.ARBL.ZS,2005,33.9414509970301
MWI,マラウイ,AG.LND.ARBL.ZS,2006,35.0021213406873
MWI,マラウイ,AG.LND.ARBL.ZS,2007,35.0021213406873
MWI,マラウイ,AG.LND.ARBL.ZS,2008,36.5931268561731
MWI,マラウイ,AG.LND.ARBL.ZS,2009,37.1234620280017
MWI,マラウイ,AG.LND.ARBL.ZS,2010,37.1234620280017
MWI,マラウイ,AG.LND.ARBL.ZS,2011,37.1234620280017
MWI,マラウイ,AG.LND.ARBL.ZS,2012,37.1234620280017
MWI,マラウイ,AG.LND.ARBL.ZS,2013,37.6007636826474
MWI,マラウイ,AG.LND.ARBL.ZS,2014,38.1947390750955
MWI,マラウイ,AG.LND.ARBL.ZS,2015,38.7781077641069
MWI,マラウイ,AG.LND.ARBL.ZS,2016,39.3720831565549
MWI,マラウイ,AG.LND.ARBL.ZS,2017,39.9554518455664
MWI,マラウイ,AG.LND.ARBL.ZS,2018,40.5494272380144
MWI,マラウイ,AG.LND.ARBL.ZS,2019,41.1327959270259
MWI,マラウイ,AG.LND.ARBL.ZS,2020,41.7267713194739
MWI,マラウイ,AG.LND.ARBL.ZS,2021,42.4268137462877
MWI,マラウイ,AG.LND.ARBL.ZS,2022,42.4268137462877
MWI,マラウイ,AG.LND.ARBL.ZS,2023,42.4268137462877
MWI,マラウイ,AG.LND.ARBL.ZS,2024,
NAM,ナミビア,AG.LND.ARBL.ZS,2000,0.991145282950115
NAM,ナミビア,AG.LND.ARBL.ZS,2001,0.991145282950115
NAM,ナミビア,AG.LND.ARBL.ZS,2002,0.991145282950115
NAM,ナミビア,AG.LND.ARBL.ZS,2003,0.98993064412297
NAM,ナミビア,AG.LND.ARBL.ZS,2004,0.98993064412297
NAM,ナミビア,AG.LND.ARBL.ZS,2005,0.988716005295825
NAM,ナミビア,AG.LND.ARBL.ZS,2006,0.987501366468681
NAM,ナミビア,AG.LND.ARBL.ZS,2007,0.971711061715799
NAM,ナミビア,AG.LND.ARBL.ZS,2008,0.971711061715799
NAM,ナミビア,AG.LND.ARBL.ZS,2009,0.971711061715799
NAM,ナミビア,AG.LND.ARBL.ZS,2010,0.971711061715799
NAM,ナミビア,AG.LND.ARBL.ZS,2011,0.971711061715799
NAM,ナミビア,AG.LND.ARBL.ZS,2012,0.971711061715799
NAM,ナミビア,AG.LND.ARBL.ZS,2013,0.971711061715799
NAM,ナミビア,AG.LND.ARBL.ZS,2014,0.971711061715799
NAM,ナミビア,AG.LND.ARBL.ZS,2015,0.971711061715799
NAM,ナミビア,AG.LND.ARBL.ZS,2016,0.971711061715799
NAM,ナミビア,AG.LND.ARBL.ZS,2017,0.971711061715799
NAM,ナミビア,AG.LND.ARBL.ZS,2018,0.971711061715799
NAM,ナミビア,AG.LND.ARBL.ZS,2019,0.971711061715799
NAM,ナミビア,AG.LND.ARBL.ZS,2020,0.971711061715799
NAM,ナミビア,AG.LND.ARBL.ZS,2021,0.971711061715799
NAM,ナミビア,AG.LND.ARBL.ZS,2022,0.971711061715799
NAM,ナミビア,AG.LND.ARBL.ZS,2023,0.971711061715799
NAM,ナミビア,AG.LND.ARBL.ZS,2024,
NER,ニジェール,AG.LND.ARBL.ZS,2000,11.0326044051472
NER,ニジェール,AG.LND.ARBL.ZS,2001,11.0286571406016
NER,ニジェール,AG.LND.ARBL.ZS,2002,11.0207626115102
NER,ニジェール,AG.LND.ARBL.ZS,2003,11.0918133733323
NER,ニジェール,AG.LND.ARBL.ZS,2004,11.1352332833346
NER,ニジェール,AG.LND.ARBL.ZS,2005,11.1494434356991
NER,ニジェール,AG.LND.ARBL.ZS,2006,11.1604957764269
NER,ニジェール,AG.LND.ARBL.ZS,2007,11.7825846688245
NER,ニジェール,AG.LND.ARBL.ZS,2008,11.7786374042788
NER,ニジェール,AG.LND.ARBL.ZS,2009,11.7628483460962
NER,ニジェール,AG.LND.ARBL.ZS,2010,11.9207389279229
NER,ニジェール,AG.LND.ARBL.ZS,2011,12.3154653824899
NER,ニジェール,AG.LND.ARBL.ZS,2012,12.5523012552301
NER,ニジェール,AG.LND.ARBL.ZS,2013,13.2628088734507
NER,ニジェール,AG.LND.ARBL.ZS,2014,13.2628088734507
NER,ニジェール,AG.LND.ARBL.ZS,2015,13.2628088734507
NER,ニジェール,AG.LND.ARBL.ZS,2016,13.8154259098445
NER,ニジェール,AG.LND.ARBL.ZS,2017,13.9733164916713
NER,ニジェール,AG.LND.ARBL.ZS,2018,13.9733164916713
NER,ニジェール,AG.LND.ARBL.ZS,2019,13.9733164916713
NER,ニジェール,AG.LND.ARBL.ZS,2020,13.9733164916713
NER,ニジェール,AG.LND.ARBL.ZS,2021,13.9733164916713
NER,ニジェール,AG.LND.ARBL.ZS,2022,13.9733164916713
NER,ニジェール,AG.LND.ARBL.ZS,2023,13.9733164916713
NER,ニジェール,AG.LND.ARBL.ZS,2024,
NGA,ナイジェリア,AG.LND.ARBL.ZS,2000,38.4290215971101
NGA,ナイジェリア,AG.LND.ARBL.ZS,2001,39.1438013988164
NGA,ナイジェリア,AG.LND.ARBL.ZS,2002,39.1844263645048
NGA,ナイジェリア,AG.LND.ARBL.ZS,2003,39.2184634979193
NGA,ナイジェリア,AG.LND.ARBL.ZS,2004,39.2535986033796
NGA,ナイジェリア,AG.LND.ARBL.ZS,2005,39.2876357367941
NGA,ナイジェリア,AG.LND.ARBL.ZS,2006,39.3227708422544
NGA,ナイジェリア,AG.LND.ARBL.ZS,2007,39.3568079756689
NGA,ナイジェリア,AG.LND.ARBL.ZS,2008,39.3919430811292
NGA,ナイジェリア,AG.LND.ARBL.ZS,2009,40.4844252665327
NGA,ナイジェリア,AG.LND.ARBL.ZS,2010,39.461115320004
NGA,ナイジェリア,AG.LND.ARBL.ZS,2011,39.4951524534185
NGA,ナイジェリア,AG.LND.ARBL.ZS,2012,39.5302875588788
NGA,ナイジェリア,AG.LND.ARBL.ZS,2013,39.5643246922933
NGA,ナイジェリア,AG.LND.ARBL.ZS,2014,39.5994597977536
NGA,ナイジェリア,AG.LND.ARBL.ZS,2015,39.6334969311681
NGA,ナイジェリア,AG.LND.ARBL.ZS,2016,39.6686320366283
NGA,ナイジェリア,AG.LND.ARBL.ZS,2017,39.7026691700429
NGA,ナイジェリア,AG.LND.ARBL.ZS,2018,39.9881419019072
NGA,ナイジェリア,AG.LND.ARBL.ZS,2019,40.4844252665327
NGA,ナイジェリア,AG.LND.ARBL.ZS,2020,40.4844252665327
NGA,ナイジェリア,AG.LND.ARBL.ZS,2021,40.4844252665327
NGA,ナイジェリア,AG.LND.ARBL.ZS,2022,40.4844252665327
NGA,ナイジェリア,AG.LND.ARBL.ZS,2023,40.4844252665327
NGA,ナイジェリア,AG.LND.ARBL.ZS,2024,
RWA,ルワンダ,AG.LND.ARBL.ZS,2000,40.5350628293474
RWA,ルワンダ,AG.LND.ARBL.ZS,2001,44.5885691122821
RWA,ルワンダ,AG.LND.ARBL.ZS,2002,45.2371301175517
RWA,ルワンダ,AG.LND.ARBL.ZS,2003,45.3587353060397
RWA,ルワンダ,AG.LND.ARBL.ZS,2004,45.4398054316984
RWA,ルワンダ,AG.LND.ARBL.ZS,2005,45.5614106201865
RWA,ルワンダ,AG.LND.ARBL.ZS,2006,45.6830158086745
RWA,ルワンダ,AG.LND.ARBL.ZS,2007,45.8046209971625
RWA,ルワンダ,AG.LND.ARBL.ZS,2008,45.8856911228212
RWA,ルワンダ,AG.LND.ARBL.ZS,2009,46.9396027563843
RWA,ルワンダ,AG.LND.ARBL.ZS,2010,47.9935143899473
RWA,ルワンダ,AG.LND.ARBL.ZS,2011,49.0474260235103
RWA,ルワンダ,AG.LND.ARBL.ZS,2012,50.060802594244
RWA,ルワンダ,AG.LND.ARBL.ZS,2013,51.1147142278071
RWA,ルワンダ,AG.LND.ARBL.ZS,2014,52.1686258613701
RWA,ルワンダ,AG.LND.ARBL.ZS,2015,52.2091609241994
RWA,ルワンダ,AG.LND.ARBL.ZS,2016,52.2091609241994
RWA,ルワンダ,AG.LND.ARBL.ZS,2017,52.2496959870288
RWA,ルワンダ,AG.LND.ARBL.ZS,2018,50.060802594244
RWA,ルワンダ,AG.LND.ARBL.ZS,2019,48.3177948925821
RWA,ルワンダ,AG.LND.ARBL.ZS,2020,49.2338873125253
RWA,ルワンダ,AG.LND.ARBL.ZS,2021,51.4146736927442
RWA,ルワンダ,AG.LND.ARBL.ZS,2022,50.2005391163356
RWA,ルワンダ,AG.LND.ARBL.ZS,2023,46.9830158086745
RWA,ルワンダ,AG.LND.ARBL.ZS,2024,
SDN,スーダン,AG.LND.ARBL.ZS,2000,
SDN,スーダン,AG.LND.ARBL.ZS,2001,
SDN,スーダン,AG.LND.ARBL.ZS,2002,
SDN,スーダン,AG.LND.ARBL.ZS,2003,
SDN,スーダン,AG.LND.ARBL.ZS,2004,
SDN,スーダン,AG.LND.ARBL.ZS,2005,
SDN,スーダン,AG.LND.ARBL.ZS,2006,
SDN,スーダン,AG.LND.ARBL.ZS,2007,
SDN,スーダン,AG.LND.ARBL.ZS,2008,
SDN,スーダン,AG.LND.ARBL.ZS,2009,
SDN,スーダン,AG.LND.ARBL.ZS,2010,
SDN,スーダン,AG.LND.ARBL.ZS,2011,
SDN,スーダン,AG.LND.ARBL.ZS,2012,10.6299571734475
SDN,スーダン,AG.LND.ARBL.ZS,2013,10.6209635974304
SDN,スーダン,AG.LND.ARBL.ZS,2014,10.6119700214133
SDN,スーダン,AG.LND.ARBL.ZS,2015,10.7495074946467
SDN,スーダン,AG.LND.ARBL.ZS,2016,10.9127408993576
SDN,スーダン,AG.LND.ARBL.ZS,2017,11.0759743040685
SDN,スーダン,AG.LND.ARBL.ZS,2018,11.2392933618844
SDN,スーダン,AG.LND.ARBL.ZS,2019,11.2392933618844
SDN,スーダン,AG.LND.ARBL.ZS,2020,11.2392933618844
SDN,スーダン,AG.LND.ARBL.ZS,2021,11.2392933618844
SDN,スーダン,AG.LND.ARBL.ZS,2022,11.2392933618844
SDN,スーダン,AG.LND.ARBL.ZS,2023,11.2392933618844
SDN,スーダン,AG.LND.ARBL.ZS,2024,
SEN,セネガル,AG.LND.ARBL.ZS,2000,17.2544538513478
SEN,セネガル,AG.LND.ARBL.ZS,2001,16.0961928011219
SEN,セネガル,AG.LND.ARBL.ZS,2002,15.8416870098167
SEN,セネガル,AG.LND.ARBL.ZS,2003,15.2287955123877
SEN,セネガル,AG.LND.ARBL.ZS,2004,15.5144652781385
SEN,セネガル,AG.LND.ARBL.ZS,2005,16.2364306861268
SEN,セネガル,AG.LND.ARBL.ZS,2006,14.7405599127409
SEN,セネガル,AG.LND.ARBL.ZS,2007,14.802887861632
SEN,セネガル,AG.LND.ARBL.ZS,2008,18.802264582143
SEN,セネガル,AG.LND.ARBL.ZS,2009,18.802264582143
SEN,セネガル,AG.LND.ARBL.ZS,2010,18.802264582143
SEN,セネガル,AG.LND.ARBL.ZS,2011,17.1401859450475
SEN,セネガル,AG.LND.ARBL.ZS,2012,17.1401859450475
SEN,セネガル,AG.LND.ARBL.ZS,2013,17.1401859450475
SEN,セネガル,AG.LND.ARBL.ZS,2014,17.1401859450475
SEN,セネガル,AG.LND.ARBL.ZS,2015,18.9840544330754
SEN,セネガル,AG.LND.ARBL.ZS,2016,18.7503246247338
SEN,セネガル,AG.LND.ARBL.ZS,2017,18.9321144756661
SEN,セネガル,AG.LND.ARBL.ZS,2018,19.1139043265985
SEN,セネガル,AG.LND.ARBL.ZS,2019,19.2956941775308
SEN,セネガル,AG.LND.ARBL.ZS,2020,19.4774840284631
SEN,セネガル,AG.LND.ARBL.ZS,2021,19.893003687737
SEN,セネガル,AG.LND.ARBL.ZS,2022,19.893003687737
SEN,セネガル,AG.LND.ARBL.ZS,2023,19.893003687737
SEN,セネガル,AG.LND.ARBL.ZS,2024,
SLE,シエラレオネ,AG.LND.ARBL.ZS,2000,6.78858409531726
SLE,シエラレオネ,AG.LND.ARBL.ZS,2001,9.44195067885841
SLE,シエラレオネ,AG.LND.ARBL.ZS,2002,12.6084788029925
SLE,シエラレオネ,AG.LND.ARBL.ZS,2003,17.1331393737878
SLE,シエラレオネ,AG.LND.ARBL.ZS,2004,19.9186755333888
SLE,シエラレオネ,AG.LND.ARBL.ZS,2005,20.3937378775284
SLE,シエラレオネ,AG.LND.ARBL.ZS,2006,23.412025491826
SLE,シエラレオネ,AG.LND.ARBL.ZS,2007,17.7849819894708
SLE,シエラレオネ,AG.LND.ARBL.ZS,2008,19.0112219451372
SLE,シエラレオネ,AG.LND.ARBL.ZS,2009,20.2406483790524
SLE,シエラレオネ,AG.LND.ARBL.ZS,2010,21.8949847603214
SLE,シエラレオネ,AG.LND.ARBL.ZS,2011,22.8959545580493
SLE,シエラレオネ,AG.LND.ARBL.ZS,2012,20.3886118038238
SLE,シエラレオネ,AG.LND.ARBL.ZS,2013,21.9402881684677
SLE,シエラレオネ,AG.LND.ARBL.ZS,2014,21.9451371571072
SLE,シエラレオネ,AG.LND.ARBL.ZS,2015,21.9451371571072
SLE,シエラレオネ,AG.LND.ARBL.ZS,2016,21.9451371571072
SLE,シエラレオネ,AG.LND.ARBL.ZS,2017,21.9451371571072
SLE,シエラレオネ,AG.LND.ARBL.ZS,2018,21.9451371571072
SLE,シエラレオネ,AG.LND.ARBL.ZS,2019,21.9451371571072
SLE,シエラレオネ,AG.LND.ARBL.ZS,2020,21.9451371571072
SLE,シエラレオネ,AG.LND.ARBL.ZS,2021,21.9451371571072
SLE,シエラレオネ,AG.LND.ARBL.ZS,2022,21.9451371571072
SLE,シエラレオネ,AG.LND.ARBL.ZS,2023,21.9451371571072
SLE,シエラレオネ,AG.LND.ARBL.ZS,2024,
SOM,ソマリア,AG.LND.ARBL.ZS,2000,1.66257531800937
SOM,ソマリア,AG.LND.ARBL.ZS,2001,1.66576338189817
SOM,ソマリア,AG.LND.ARBL.ZS,2002,1.69604998884178
SOM,ソマリア,AG.LND.ARBL.ZS,2003,1.72633659578538
SOM,ソマリア,AG.LND.ARBL.ZS,2004,1.80125609717219
SOM,ソマリア,AG.LND.ARBL.ZS,2005,1.75343513884018
SOM,ソマリア,AG.LND.ARBL.ZS,2006,1.67373354162017
SOM,ソマリア,AG.LND.ARBL.ZS,2007,1.59403194440017
SOM,ソマリア,AG.LND.ARBL.ZS,2008,1.75343513884018
SOM,ソマリア,AG.LND.ARBL.ZS,2009,1.75343513884018
SOM,ソマリア,AG.LND.ARBL.ZS,2010,1.75343513884018
SOM,ソマリア,AG.LND.ARBL.ZS,2011,1.59403194440017
SOM,ソマリア,AG.LND.ARBL.ZS,2012,1.59403194440017
SOM,ソマリア,AG.LND.ARBL.ZS,2013,1.75343513884018
SOM,ソマリア,AG.LND.ARBL.ZS,2014,1.75343513884018
SOM,ソマリア,AG.LND.ARBL.ZS,2015,1.75343513884018
SOM,ソマリア,AG.LND.ARBL.ZS,2016,1.75343513884018
SOM,ソマリア,AG.LND.ARBL.ZS,2017,1.75343513884018
SOM,ソマリア,AG.LND.ARBL.ZS,2018,1.75343513884018
SOM,ソマリア,AG.LND.ARBL.ZS,2019,1.75343513884018
SOM,ソマリア,AG.LND.ARBL.ZS,2020,1.75343513884018
SOM,ソマリア,AG.LND.ARBL.ZS,2021,1.75343513884018
SOM,ソマリア,AG.LND.ARBL.ZS,2022,1.75343513884018
SOM,ソマリア,AG.LND.ARBL.ZS,2023,1.75343513884018
SOM,ソマリア,AG.LND.ARBL.ZS,2024,
SSD,南スーダン,AG.LND.ARBL.ZS,2000,
SSD,南スーダン,AG.LND.ARBL.ZS,2001,
SSD,南スーダン,AG.LND.ARBL.ZS,2002,
SSD,南スーダン,AG.LND.ARBL.ZS,2003,
SSD,南スーダン,AG.LND.ARBL.ZS,2004,
SSD,南スーダン,AG.LND.ARBL.ZS,2005,
SSD,南スーダン,AG.LND.ARBL.ZS,2006,
SSD,南スーダン,AG.LND.ARBL.ZS,2007,
SSD,南スーダン,AG.LND.ARBL.ZS,2008,
SSD,南スーダン,AG.LND.ARBL.ZS,2009,
SSD,南スーダン,AG.LND.ARBL.ZS,2010,
SSD,南スーダン,AG.LND.ARBL.ZS,2011,
SSD,南スーダン,AG.LND.ARBL.ZS,2012,4.20728957321222
SSD,南スーダン,AG.LND.ARBL.ZS,2013,4.14037156014115
SSD,南スーダン,AG.LND.ARBL.ZS,2014,4.07503600082288
SSD,南スーダン,AG.LND.ARBL.ZS,2015,4.01603025651575
SSD,南スーダン,AG.LND.ARBL.ZS,2016,3.96018941971421
SSD,南スーダン,AG.LND.ARBL.ZS,2017,3.90434858291266
SSD,南スーダン,AG.LND.ARBL.ZS,2018,3.79266690930958
SSD,南スーダン,AG.LND.ARBL.ZS,2019,3.789502001804
SSD,南スーダン,AG.LND.ARBL.ZS,2020,3.789502001804
SSD,南スーダン,AG.LND.ARBL.ZS,2021,3.789502001804
SSD,南スーダン,AG.LND.ARBL.ZS,2022,3.789502001804
SSD,南スーダン,AG.LND.ARBL.ZS,2023,3.93909657715253
SSD,南スーダン,AG.LND.ARBL.ZS,2024,
STP,サントメ・プリンシペ,AG.LND.ARBL.ZS,2000,6.25
STP,サントメ・プリンシペ,AG.LND.ARBL.ZS,2001,6.25
STP,サントメ・プリンシペ,AG.LND.ARBL.ZS,2002,6.25
STP,サントメ・プリンシペ,AG.LND.ARBL.ZS,2003,6.25
STP,サントメ・プリンシペ,AG.LND.ARBL.ZS,2004,6.25
STP,サントメ・プリンシペ,AG.LND.ARBL.ZS,2005,6.25
STP,サントメ・プリンシペ,AG.LND.ARBL.ZS,2006,6.25
STP,サントメ・プリンシペ,AG.LND.ARBL.ZS,2007,6.25
STP,サントメ・プリンシペ,AG.LND.ARBL.ZS,2008,6.25
STP,サントメ・プリンシペ,AG.LND.ARBL.ZS,2009,6.25
STP,サントメ・プリンシペ,AG.LND.ARBL.ZS,2010,6.25
STP,サントメ・プリンシペ,AG.LND.ARBL.ZS,2011,4.16666666666667
STP,サントメ・プリンシペ,AG.LND.ARBL.ZS,2012,4.16666666666667
STP,サントメ・プリンシペ,AG.LND.ARBL.ZS,2013,4.16666666666667
STP,サントメ・プリンシペ,AG.LND.ARBL.ZS,2014,4.16666666666667
STP,サントメ・プリンシペ,AG.LND.ARBL.ZS,2015,4.16666666666667
STP,サントメ・プリンシペ,AG.LND.ARBL.ZS,2016,4.16666666666667
STP,サントメ・プリンシペ,AG.LND.ARBL.ZS,2017,4.16666666666667
STP,サントメ・プリンシペ,AG.LND.ARBL.ZS,2018,4.16666666666667
STP,サントメ・プリンシペ,AG.LND.ARBL.ZS,2019,4.16666666666667
STP,サントメ・プリンシペ,AG.LND.ARBL.ZS,2020,4.16666666666667
STP,サントメ・プリンシペ,AG.LND.ARBL.ZS,2021,4.16666666666667
STP,サントメ・プリンシペ,AG.LND.ARBL.ZS,2022,4.16666666666667
STP,サントメ・プリンシペ,AG.LND.ARBL.ZS,2023,4.16666666666667
STP,サントメ・プリンシペ,AG.LND.ARBL.ZS,2024,
SWZ,エスワティニ,AG.LND.ARBL.ZS,2000,10.3488372093023
SWZ,エスワティニ,AG.LND.ARBL.ZS,2001,10.3488372093023
SWZ,エスワティニ,AG.LND.ARBL.ZS,2002,10.3488372093023
SWZ,エスワティニ,AG.LND.ARBL.ZS,2003,10.3488372093023
SWZ,エスワティニ,AG.LND.ARBL.ZS,2004,10.3488372093023
SWZ,エスワティニ,AG.LND.ARBL.ZS,2005,10.3488372093023
SWZ,エスワティニ,AG.LND.ARBL.ZS,2006,10.2906976744186
SWZ,エスワティニ,AG.LND.ARBL.ZS,2007,10.2906976744186
SWZ,エスワティニ,AG.LND.ARBL.ZS,2008,10.2906976744186
SWZ,エスワティニ,AG.LND.ARBL.ZS,2009,10.2906976744186
SWZ,エスワティニ,AG.LND.ARBL.ZS,2010,10.2906976744186
SWZ,エスワティニ,AG.LND.ARBL.ZS,2011,10.2906976744186
SWZ,エスワティニ,AG.LND.ARBL.ZS,2012,10.2906976744186
SWZ,エスワティニ,AG.LND.ARBL.ZS,2013,10.2906976744186
SWZ,エスワティニ,AG.LND.ARBL.ZS,2014,10.2906976744186
SWZ,エスワティニ,AG.LND.ARBL.ZS,2015,10.2906976744186
SWZ,エスワティニ,AG.LND.ARBL.ZS,2016,10.2906976744186
SWZ,エスワティニ,AG.LND.ARBL.ZS,2017,10.2906976744186
SWZ,エスワティニ,AG.LND.ARBL.ZS,2018,10.2906976744186
SWZ,エスワティニ,AG.LND.ARBL.ZS,2019,10.2906976744186
SWZ,エスワティニ,AG.LND.ARBL.ZS,2020,10.2906976744186
SWZ,エスワティニ,AG.LND.ARBL.ZS,2021,10.2906976744186
SWZ,エスワティニ,AG.LND.ARBL.ZS,2022,10.2906976744186
SWZ,エスワティニ,AG.LND.ARBL.ZS,2023,10.2906976744186
SWZ,エスワティニ,AG.LND.ARBL.ZS,2024,
SYC,セーシェル,AG.LND.ARBL.ZS,2000,2.17391304347826
SYC,セーシェル,AG.LND.ARBL.ZS,2001,2.17391304347826
SYC,セーシェル,AG.LND.ARBL.ZS,2002,2.17391304347826
SYC,セーシェル,AG.LND.ARBL.ZS,2003,2.17391304347826
SYC,セーシェル,AG.LND.ARBL.ZS,2004,2.17391304347826
SYC,セーシェル,AG.LND.ARBL.ZS,2005,2.17391304347826
SYC,セーシェル,AG.LND.ARBL.ZS,2006,2.17391304347826
SYC,セーシェル,AG.LND.ARBL.ZS,2007,2.17391304347826
SYC,セーシェル,AG.LND.ARBL.ZS,2008,2.17391304347826
SYC,セーシェル,AG.LND.ARBL.ZS,2009,2.17391304347826
SYC,セーシェル,AG.LND.ARBL.ZS,2010,1.95652173913044
SYC,セーシェル,AG.LND.ARBL.ZS,2011,0.293478260869565
SYC,セーシェル,AG.LND.ARBL.ZS,2012,0.304347826086957
SYC,セーシェル,AG.LND.ARBL.ZS,2013,0.326086956521739
SYC,セーシェル,AG.LND.ARBL.ZS,2014,0.326086956521739
SYC,セーシェル,AG.LND.ARBL.ZS,2015,0.326086956521739
SYC,セーシェル,AG.LND.ARBL.ZS,2016,0.326086956521739
SYC,セーシェル,AG.LND.ARBL.ZS,2017,0.326086956521739
SYC,セーシェル,AG.LND.ARBL.ZS,2018,0.326086956521739
SYC,セーシェル,AG.LND.ARBL.ZS,2019,0.326086956521739
SYC,セーシェル,AG.LND.ARBL.ZS,2020,0.326086956521739
SYC,セーシェル,AG.LND.ARBL.ZS,2021,0.326086956521739
SYC,セーシェル,AG.LND.ARBL.ZS,2022,0.326086956521739
SYC,セーシェル,AG.LND.ARBL.ZS,2023,0.326086956521739
SYC,セーシェル,AG.LND.ARBL.ZS,2024,
TCD,チャド,AG.LND.ARBL.ZS,2000,2.85895806861499
TCD,チャド,AG.LND.ARBL.ZS,2001,2.93837357052097
TCD,チャド,AG.LND.ARBL.ZS,2002,2.93837357052097
TCD,チャド,AG.LND.ARBL.ZS,2003,3.01778907242694
TCD,チャド,AG.LND.ARBL.ZS,2004,3.01778907242694
TCD,チャド,AG.LND.ARBL.ZS,2005,3.09720457433291
TCD,チャド,AG.LND.ARBL.ZS,2006,3.09720457433291
TCD,チャド,AG.LND.ARBL.ZS,2007,3.09720457433291
TCD,チャド,AG.LND.ARBL.ZS,2008,3.09720457433291
TCD,チャド,AG.LND.ARBL.ZS,2009,3.17662007623888
TCD,チャド,AG.LND.ARBL.ZS,2010,3.33545108005083
TCD,チャド,AG.LND.ARBL.ZS,2011,3.4148665819568
TCD,チャド,AG.LND.ARBL.ZS,2012,3.6928208386277
TCD,チャド,AG.LND.ARBL.ZS,2013,3.9707750952986
TCD,チャド,AG.LND.ARBL.ZS,2014,4.12960609911055
TCD,チャド,AG.LND.ARBL.ZS,2015,4.12960609911055
TCD,チャド,AG.LND.ARBL.ZS,2016,4.20902160101652
TCD,チャド,AG.LND.ARBL.ZS,2017,4.20902160101652
TCD,チャド,AG.LND.ARBL.ZS,2018,4.20902160101652
TCD,チャド,AG.LND.ARBL.ZS,2019,4.20902160101652
TCD,チャド,AG.LND.ARBL.ZS,2020,4.20902160101652
TCD,チャド,AG.LND.ARBL.ZS,2021,4.20902160101652
TCD,チャド,AG.LND.ARBL.ZS,2022,4.20902160101652
TCD,チャド,AG.LND.ARBL.ZS,2023,4.20902160101652
TCD,チャド,AG.LND.ARBL.ZS,2024,
TGO,トーゴ,AG.LND.ARBL.ZS,2000,41.7356131641846
TGO,トーゴ,AG.LND.ARBL.ZS,2001,42.1033278176135
TGO,トーゴ,AG.LND.ARBL.ZS,2002,42.4710424710425
TGO,トーゴ,AG.LND.ARBL.ZS,2003,42.8387571244714
TGO,トーゴ,AG.LND.ARBL.ZS,2004,43.2064717779004
TGO,トーゴ,AG.LND.ARBL.ZS,2005,43.5741864313293
TGO,トーゴ,AG.LND.ARBL.ZS,2006,43.9419010847582
TGO,トーゴ,AG.LND.ARBL.ZS,2007,44.3096157381872
TGO,トーゴ,AG.LND.ARBL.ZS,2008,44.6773303916161
TGO,トーゴ,AG.LND.ARBL.ZS,2009,45.045045045045
TGO,トーゴ,AG.LND.ARBL.ZS,2010,45.2289023717595
TGO,トーゴ,AG.LND.ARBL.ZS,2011,45.2289023717595
TGO,トーゴ,AG.LND.ARBL.ZS,2012,48.7221915793344
TGO,トーゴ,AG.LND.ARBL.ZS,2013,48.7221915793344
TGO,トーゴ,AG.LND.ARBL.ZS,2014,48.7221915793344
TGO,トーゴ,AG.LND.ARBL.ZS,2015,48.7221915793344
TGO,トーゴ,AG.LND.ARBL.ZS,2016,48.7221915793344
TGO,トーゴ,AG.LND.ARBL.ZS,2017,48.7221915793344
TGO,トーゴ,AG.LND.ARBL.ZS,2018,48.7221915793344
TGO,トーゴ,AG.LND.ARBL.ZS,2019,48.7221915793344
TGO,トーゴ,AG.LND.ARBL.ZS,2020,48.7221915793344
TGO,トーゴ,AG.LND.ARBL.ZS,2021,48.7221915793344
TGO,トーゴ,AG.LND.ARBL.ZS,2022,48.7221915793344
TGO,トーゴ,AG.LND.ARBL.ZS,2023,48.7221915793344
TGO,トーゴ,AG.LND.ARBL.ZS,2024,
TUN,チュニジア,AG.LND.ARBL.ZS,2000,18.4346035015448
TUN,チュニジア,AG.LND.ARBL.ZS,2001,17.8553038105046
TUN,チュニジア,AG.LND.ARBL.ZS,2002,17.8359938208033
TUN,チュニジア,AG.LND.ARBL.ZS,2003,17.9582904222451
TUN,チュニジア,AG.LND.ARBL.ZS,2004,17.9647270854789
TUN,チュニジア,AG.LND.ARBL.ZS,2005,17.5720906282183
TUN,チュニジア,AG.LND.ARBL.ZS,2006,17.7845005149331
TUN,チュニジア,AG.LND.ARBL.ZS,2007,17.5914006179197
TUN,チュニジア,AG.LND.ARBL.ZS,2008,18.2479402677652
TUN,チュニジア,AG.LND.ARBL.ZS,2009,17.4240473738414
TUN,チュニジア,AG.LND.ARBL.ZS,2010,18.1707003089598
TUN,チュニジア,AG.LND.ARBL.ZS,2011,18.2736869207003
TUN,チュニジア,AG.LND.ARBL.ZS,2012,18.3316168898043
TUN,チュニジア,AG.LND.ARBL.ZS,2013,18.3638002059732
TUN,チュニジア,AG.LND.ARBL.ZS,2014,16.6580844490216
TUN,チュニジア,AG.LND.ARBL.ZS,2015,16.5422245108136
TUN,チュニジア,AG.LND.ARBL.ZS,2016,16.5010298661174
TUN,チュニジア,AG.LND.ARBL.ZS,2017,16.7797373841401
TUN,チュニジア,AG.LND.ARBL.ZS,2018,16.5396498455201
TUN,チュニジア,AG.LND.ARBL.ZS,2019,16.5396498455201
TUN,チュニジア,AG.LND.ARBL.ZS,2020,18.2241246138002
TUN,チュニジア,AG.LND.ARBL.ZS,2021,18.2241246138002
TUN,チュニジア,AG.LND.ARBL.ZS,2022,18.2241246138002
TUN,チュニジア,AG.LND.ARBL.ZS,2023,18.2241246138002
TUN,チュニジア,AG.LND.ARBL.ZS,2024,
TZA,タンザニア,AG.LND.ARBL.ZS,2000,9.70873786407767
TZA,タンザニア,AG.LND.ARBL.ZS,2001,9.62971325355611
TZA,タンザニア,AG.LND.ARBL.ZS,2002,9.70873786407767
TZA,タンザニア,AG.LND.ARBL.ZS,2003,9.64100248363062
TZA,タンザニア,AG.LND.ARBL.ZS,2004,10.2699254910815
TZA,タンザニア,AG.LND.ARBL.ZS,2005,10.8988484985324
TZA,タンザニア,AG.LND.ARBL.ZS,2006,11.5277715059833
TZA,タンザニア,AG.LND.ARBL.ZS,2007,12.1566945134342
TZA,タンザニア,AG.LND.ARBL.ZS,2008,12.7858433054866
TZA,タンザニア,AG.LND.ARBL.ZS,2009,12.9906299390382
TZA,タンザニア,AG.LND.ARBL.ZS,2010,13.1954165725897
TZA,タンザニア,AG.LND.ARBL.ZS,2011,13.4002032061413
TZA,タンザニア,AG.LND.ARBL.ZS,2012,13.6049898396929
TZA,タンザニア,AG.LND.ARBL.ZS,2013,13.8097764732445
TZA,タンザニア,AG.LND.ARBL.ZS,2014,14.0145631067961
TZA,タンザニア,AG.LND.ARBL.ZS,2015,14.2193497403477
TZA,タンザニア,AG.LND.ARBL.ZS,2016,14.4241363738993
TZA,タンザニア,AG.LND.ARBL.ZS,2017,14.6289230074509
TZA,タンザニア,AG.LND.ARBL.ZS,2018,14.8337096410025
TZA,タンザニア,AG.LND.ARBL.ZS,2019,15.0384962745541
TZA,タンザニア,AG.LND.ARBL.ZS,2020,15.2432829081057
TZA,タンザニア,AG.LND.ARBL.ZS,2021,15.2432829081057
TZA,タンザニア,AG.LND.ARBL.ZS,2022,15.2432829081057
TZA,タンザニア,AG.LND.ARBL.ZS,2023,15.2432829081057
TZA,タンザニア,AG.LND.ARBL.ZS,2024,
UGA,ウガンダ,AG.LND.ARBL.ZS,2000,26.525198938992
UGA,ウガンダ,AG.LND.ARBL.ZS,2001,27.0256743906711
UGA,ウガンダ,AG.LND.ARBL.ZS,2002,28.0266252940293
UGA,ウガンダ,AG.LND.ARBL.ZS,2003,29.2778139232271
UGA,ウガンダ,AG.LND.ARBL.ZS,2004,29.7782893749062
UGA,ウガンダ,AG.LND.ARBL.ZS,2005,29.7782893749062
UGA,ウガンダ,AG.LND.ARBL.ZS,2006,30.5290025524248
UGA,ウガンダ,AG.LND.ARBL.ZS,2007,31.2797157299434
UGA,ウガンダ,AG.LND.ARBL.ZS,2008,32.2806666333016
UGA,ウガンダ,AG.LND.ARBL.ZS,2009,33.0313798108203
UGA,ウガンダ,AG.LND.ARBL.ZS,2010,33.6624775583483
UGA,ウガンダ,AG.LND.ARBL.ZS,2011,34.1611809295831
UGA,ウガンダ,AG.LND.ARBL.ZS,2012,34.4105326152005
UGA,ウガンダ,AG.LND.ARBL.ZS,2013,34.4105326152005
UGA,ウガンダ,AG.LND.ARBL.ZS,2014,34.4105326152005
UGA,ウガンダ,AG.LND.ARBL.ZS,2015,34.4105326152005
UGA,ウガンダ,AG.LND.ARBL.ZS,2016,34.4105326152005
UGA,ウガンダ,AG.LND.ARBL.ZS,2017,34.4105326152005
UGA,ウガンダ,AG.LND.ARBL.ZS,2018,34.4105326152005
UGA,ウガンダ,AG.LND.ARBL.ZS,2019,34.4105326152005
UGA,ウガンダ,AG.LND.ARBL.ZS,2020,34.4105326152005
UGA,ウガンダ,AG.LND.ARBL.ZS,2021,34.4105326152005
UGA,ウガンダ,AG.LND.ARBL.ZS,2022,34.4105326152005
UGA,ウガンダ,AG.LND.ARBL.ZS,2023,34.4105326152005
UGA,ウガンダ,AG.LND.ARBL.ZS,2024,
ZAF,南アフリカ共和国,AG.LND.ARBL.ZS,2000,11.3857998994304
ZAF,南アフリカ共和国,AG.LND.ARBL.ZS,2001,11.2811085739723
ZAF,南アフリカ共和国,AG.LND.ARBL.ZS,2002,11.2934736911523
ZAF,南アフリカ共和国,AG.LND.ARBL.ZS,2003,11.2110395766184
ZAF,南アフリカ共和国,AG.LND.ARBL.ZS,2004,10.9637372330165
ZAF,南アフリカ共和国,AG.LND.ARBL.ZS,2005,10.8606945898491
ZAF,南アフリカ共和国,AG.LND.ARBL.ZS,2006,10.3866984312788
ZAF,南アフリカ共和国,AG.LND.ARBL.ZS,2007,10.3866984312788
ZAF,南アフリカ共和国,AG.LND.ARBL.ZS,2008,10.5515666603467
ZAF,南アフリカ共和国,AG.LND.ARBL.ZS,2009,10.4361588999992
ZAF,南アフリカ共和国,AG.LND.ARBL.ZS,2010,10.331467574541
ZAF,南アフリカ共和国,AG.LND.ARBL.ZS,2011,9.91929700187126
ZAF,南アフリカ共和国,AG.LND.ARBL.ZS,2012,9.89209374407505
ZAF,南アフリカ共和国,AG.LND.ARBL.ZS,2013,9.89209374407505
ZAF,南アフリカ共和国,AG.LND.ARBL.ZS,2014,9.89209374407505
ZAF,南アフリカ共和国,AG.LND.ARBL.ZS,2015,9.89209374407505
ZAF,南アフリカ共和国,AG.LND.ARBL.ZS,2016,9.89209374407505
ZAF,南アフリカ共和国,AG.LND.ARBL.ZS,2017,9.89209374407505
ZAF,南アフリカ共和国,AG.LND.ARBL.ZS,2018,9.89209374407505
ZAF,南アフリカ共和国,AG.LND.ARBL.ZS,2019,9.89209374407505
ZAF,南アフリカ共和国,AG.LND.ARBL.ZS,2020,9.89209374407505
ZAF,南アフリカ共和国,AG.LND.ARBL.ZS,2021,9.89209374407505
ZAF,南アフリカ共和国,AG.LND.ARBL.ZS,2022,9.89209374407505
ZAF,南アフリカ共和国,AG.LND.ARBL.ZS,2023,9.89209374407505
ZAF,南アフリカ共和国,AG.LND.ARBL.ZS,2024,
ZMB,ザンビア,AG.LND.ARBL.ZS,2000,3.82571732199788
ZMB,ザンビア,AG.LND.ARBL.ZS,2001,3.66160427232005
ZMB,ザンビア,AG.LND.ARBL.ZS,2002,3.47327782187008
ZMB,ザンビア,AG.LND.ARBL.ZS,2003,3.86607298995144
ZMB,ザンビア,AG.LND.ARBL.ZS,2004,3.84993072277001
ZMB,ザンビア,AG.LND.ARBL.ZS,2005,3.66833021697897
ZMB,ザンビア,AG.LND.ARBL.ZS,2006,4.05305425146962
ZMB,ザンビア,AG.LND.ARBL.ZS,2007,3.96696215983535
ZMB,ザンビア,AG.LND.ARBL.ZS,2008,4.10551661980925
ZMB,ザンビア,AG.LND.ARBL.ZS,2009,4.77542070783842
ZMB,ザンビア,AG.LND.ARBL.ZS,2010,4.5736423680706
ZMB,ザンビア,AG.LND.ARBL.ZS,2011,4.84268015442769
ZMB,ザンビア,AG.LND.ARBL.ZS,2012,5.11171794078478
ZMB,ザンビア,AG.LND.ARBL.ZS,2013,4.97719904760624
ZMB,ザンビア,AG.LND.ARBL.ZS,2014,4.97719904760624
ZMB,ザンビア,AG.LND.ARBL.ZS,2015,4.97719904760624
ZMB,ザンビア,AG.LND.ARBL.ZS,2016,4.97719904760624
ZMB,ザンビア,AG.LND.ARBL.ZS,2017,5.11171794078478
ZMB,ザンビア,AG.LND.ARBL.ZS,2018,5.11171794078478
ZMB,ザンビア,AG.LND.ARBL.ZS,2019,5.11171794078478
ZMB,ザンビア,AG.LND.ARBL.ZS,2020,5.11171794078478
ZMB,ザンビア,AG.LND.ARBL.ZS,2021,5.11171794078478
ZMB,ザンビア,AG.LND.ARBL.ZS,2022,5.11171794078478
ZMB,ザンビア,AG.LND.ARBL.ZS,2023,5.11171794078478
ZMB,ザンビア,AG.LND.ARBL.ZS,2024,
ZWE,ジンバブエ,AG.LND.ARBL.ZS,2000,9.56712343285511
ZWE,ジンバブエ,AG.LND.ARBL.ZS,2001,9.30593253198914
ZWE,ジンバブエ,AG.LND.ARBL.ZS,2002,9.43518159493344
ZWE,ジンバブエ,AG.LND.ARBL.ZS,2003,9.43518159493344
ZWE,ジンバブエ,AG.LND.ARBL.ZS,2004,9.82292878376632
ZWE,ジンバブエ,AG.LND.ARBL.ZS,2005,10.0814269096549
ZWE,ジンバブエ,AG.LND.ARBL.ZS,2006,10.5984231614321
ZWE,ジンバブエ,AG.LND.ARBL.ZS,2007,10.3399250355435
ZWE,ジンバブエ,AG.LND.ARBL.ZS,2008,10.986170350265
ZWE,ジンバブエ,AG.LND.ARBL.ZS,2009,10.5984231614321
ZWE,ジンバブエ,AG.LND.ARBL.ZS,2010,10.3399250355435
ZWE,ジンバブエ,AG.LND.ARBL.ZS,2011,10.8569212873207
ZWE,ジンバブエ,AG.LND.ARBL.ZS,2012,10.4786387488691
ZWE,ジンバブエ,AG.LND.ARBL.ZS,2013,10.4708240920253
ZWE,ジンバブエ,AG.LND.ARBL.ZS,2014,10.4630096936797
ZWE,ジンバブエ,AG.LND.ARBL.ZS,2015,10.455195036836
ZWE,ジンバブエ,AG.LND.ARBL.ZS,2016,10.4473803799922
ZWE,ジンバブエ,AG.LND.ARBL.ZS,2017,10.4395659816466
ZWE,ジンバブエ,AG.LND.ARBL.ZS,2018,10.4317513248029
ZWE,ジンバブエ,AG.LND.ARBL.ZS,2019,10.4239369264573
ZWE,ジンバブエ,AG.LND.ARBL.ZS,2020,10.4161222696135
ZWE,ジンバブエ,AG.LND.ARBL.ZS,2021,10.4083078712679
ZWE,ジンバブエ,AG.LND.ARBL.ZS,2022,10.4004932144242
ZWE,ジンバブエ,AG.LND.ARBL.ZS,2023,10.3926785575805
ZWE,ジンバブエ,AG.LND.ARBL.ZS,2024,
AGO,アンゴラ,AG.LND.FRST.ZS,2000,62.3314430095452
AGO,アンゴラ,AG.LND.FRST.ZS,2001,61.8862188176787
AGO,アンゴラ,AG.LND.FRST.ZS,2002,61.4409946258121
AGO,アンゴラ,AG.LND.FRST.ZS,2003,60.9957704339456
AGO,アンゴラ,AG.LND.FRST.ZS,2004,60.5505462420791
AGO,アンゴラ,AG.LND.FRST.ZS,2005,60.1053220502126
AGO,アンゴラ,AG.LND.FRST.ZS,2006,59.660097858346
AGO,アンゴラ,AG.LND.FRST.ZS,2007,59.2148736664795
AGO,アンゴラ,AG.LND.FRST.ZS,2008,58.769649474613
AGO,アンゴラ,AG.LND.FRST.ZS,2009,58.3244252827465
AGO,アンゴラ,AG.LND.FRST.ZS,2010,57.8792010908799
AGO,アンゴラ,AG.LND.FRST.ZS,2011,57.4339760968958
AGO,アンゴラ,AG.LND.FRST.ZS,2012,56.9887511029117
AGO,アンゴラ,AG.LND.FRST.ZS,2013,56.5435261089276
AGO,アンゴラ,AG.LND.FRST.ZS,2014,56.0983011149435
AGO,アンゴラ,AG.LND.FRST.ZS,2015,55.6530761209593
AGO,アンゴラ,AG.LND.FRST.ZS,2016,55.2078447100345
AGO,アンゴラ,AG.LND.FRST.ZS,2017,54.7626293414615
AGO,アンゴラ,AG.LND.FRST.ZS,2018,54.3174059517125
AGO,アンゴラ,AG.LND.FRST.ZS,2019,53.8721745407877
AGO,アンゴラ,AG.LND.FRST.ZS,2020,53.4269511510388
AGO,アンゴラ,AG.LND.FRST.ZS,2021,52.9817223871019
AGO,アンゴラ,AG.LND.FRST.ZS,2022,52.5364972326943
AGO,アンゴラ,AG.LND.FRST.ZS,2023,52.0912696719339
AGO,アンゴラ,AG.LND.FRST.ZS,2024,
BDI,ブルンジ,AG.LND.FRST.ZS,2000,7.55218068535826
BDI,ブルンジ,AG.LND.FRST.ZS,2001,7.55218068535826
BDI,ブルンジ,AG.LND.FRST.ZS,2002,7.55218068535826
BDI,ブルンジ,AG.LND.FRST.ZS,2003,7.55218068535826
BDI,ブルンジ,AG.LND.FRST.ZS,2004,7.55218068535826
BDI,ブルンジ,AG.LND.FRST.ZS,2005,7.55218068535826
BDI,ブルンジ,AG.LND.FRST.ZS,2006,7.55218068535826
BDI,ブルンジ,AG.LND.FRST.ZS,2007,7.55218068535826
BDI,ブルンジ,AG.LND.FRST.ZS,2008,7.55218068535826
BDI,ブルンジ,AG.LND.FRST.ZS,2009,7.55218068535826
BDI,ブルンジ,AG.LND.FRST.ZS,2010,7.55218068535826
BDI,ブルンジ,AG.LND.FRST.ZS,2011,8.2196261682243
BDI,ブルンジ,AG.LND.FRST.ZS,2012,8.88707165109034
BDI,ブルンジ,AG.LND.FRST.ZS,2013,9.55451713395639
BDI,ブルンジ,AG.LND.FRST.ZS,2014,10.2219626168224
BDI,ブルンジ,AG.LND.FRST.ZS,2015,10.8894080996885
BDI,ブルンジ,AG.LND.FRST.ZS,2016,10.8894080996885
BDI,ブルンジ,AG.LND.FRST.ZS,2017,10.8894080996885
BDI,ブルンジ,AG.LND.FRST.ZS,2018,10.8894080996885
BDI,ブルンジ,AG.LND.FRST.ZS,2019,10.8894080996885
BDI,ブルンジ,AG.LND.FRST.ZS,2020,10.8894080996885
BDI,ブルンジ,AG.LND.FRST.ZS,2021,10.8894080996885
BDI,ブルンジ,AG.LND.FRST.ZS,2022,10.8894080996885
BDI,ブルンジ,AG.LND.FRST.ZS,2023,10.8894080996885
BDI,ブルンジ,AG.LND.FRST.ZS,2024,
BEN,ベナン,AG.LND.FRST.ZS,2000,36.6721355090458
BEN,ベナン,AG.LND.FRST.ZS,2001,36.2287158566868
BEN,ベナン,AG.LND.FRST.ZS,2002,35.7852962043278
BEN,ベナン,AG.LND.FRST.ZS,2003,35.3418765519688
BEN,ベナン,AG.LND.FRST.ZS,2004,34.8984568996098
BEN,ベナン,AG.LND.FRST.ZS,2005,34.4550372472508
BEN,ベナン,AG.LND.FRST.ZS,2006,34.0116175948918
BEN,ベナン,AG.LND.FRST.ZS,2007,33.5681979425328
BEN,ベナン,AG.LND.FRST.ZS,2008,33.1247782901738
BEN,ベナン,AG.LND.FRST.ZS,2009,32.6813586378148
BEN,ベナン,AG.LND.FRST.ZS,2010,32.2379389854558
BEN,ベナン,AG.LND.FRST.ZS,2011,31.7945193330968
BEN,ベナン,AG.LND.FRST.ZS,2012,31.3510996807378
BEN,ベナン,AG.LND.FRST.ZS,2013,30.9076800283789
BEN,ベナン,AG.LND.FRST.ZS,2014,30.4642603760199
BEN,ベナン,AG.LND.FRST.ZS,2015,30.0208407236609
BEN,ベナン,AG.LND.FRST.ZS,2016,29.5774210713019
BEN,ベナン,AG.LND.FRST.ZS,2017,29.1340014189429
BEN,ベナン,AG.LND.FRST.ZS,2018,28.6905817665839
BEN,ベナン,AG.LND.FRST.ZS,2019,28.2471621142249
BEN,ベナン,AG.LND.FRST.ZS,2020,27.8037424618659
BEN,ベナン,AG.LND.FRST.ZS,2021,27.3603228095069
BEN,ベナン,AG.LND.FRST.ZS,2022,26.9169031571479
BEN,ベナン,AG.LND.FRST.ZS,2023,26.4734835047889
BEN,ベナン,AG.LND.FRST.ZS,2024,
BFA,ブルキナファソ,AG.LND.FRST.ZS,2000,26.3760964912281
BFA,ブルキナファソ,AG.LND.FRST.ZS,2001,26.1933479532164
BFA,ブルキナファソ,AG.LND.FRST.ZS,2002,26.0105994152047
BFA,ブルキナファソ,AG.LND.FRST.ZS,2003,25.827850877193
BFA,ブルキナファソ,AG.LND.FRST.ZS,2004,25.6451023391813
BFA,ブルキナファソ,AG.LND.FRST.ZS,2005,25.4623538011696
BFA,ブルキナファソ,AG.LND.FRST.ZS,2006,25.2796052631579
BFA,ブルキナファソ,AG.LND.FRST.ZS,2007,25.0968567251462
BFA,ブルキナファソ,AG.LND.FRST.ZS,2008,24.9141081871345
BFA,ブルキナファソ,AG.LND.FRST.ZS,2009,24.7313596491228
BFA,ブルキナファソ,AG.LND.FRST.ZS,2010,24.5486111111111
BFA,ブルキナファソ,AG.LND.FRST.ZS,2011,24.3657894736842
BFA,ブルキナファソ,AG.LND.FRST.ZS,2012,24.1829678362573
BFA,ブルキナファソ,AG.LND.FRST.ZS,2013,24.0001461988304
BFA,ブルキナファソ,AG.LND.FRST.ZS,2014,23.8173245614035
BFA,ブルキナファソ,AG.LND.FRST.ZS,2015,23.6345029239766
BFA,ブルキナファソ,AG.LND.FRST.ZS,2016,23.4517543859649
BFA,ブルキナファソ,AG.LND.FRST.ZS,2017,23.2690058479532
BFA,ブルキナファソ,AG.LND.FRST.ZS,2018,23.0862573099415
BFA,ブルキナファソ,AG.LND.FRST.ZS,2019,22.9035087719298
BFA,ブルキナファソ,AG.LND.FRST.ZS,2020,22.7207602339181
BFA,ブルキナファソ,AG.LND.FRST.ZS,2021,22.5380116959064
BFA,ブルキナファソ,AG.LND.FRST.ZS,2022,22.3552631578947
BFA,ブルキナファソ,AG.LND.FRST.ZS,2023,22.172514619883
BFA,ブルキナファソ,AG.LND.FRST.ZS,2024,
BWA,ボツワナ,AG.LND.FRST.ZS,2000,31.0918779665802
BWA,ボツワナ,AG.LND.FRST.ZS,2001,30.8831365906163
BWA,ボツワナ,AG.LND.FRST.ZS,2002,30.6743952146525
BWA,ボツワナ,AG.LND.FRST.ZS,2003,30.4656538386886
BWA,ボツワナ,AG.LND.FRST.ZS,2004,30.2569124627248
BWA,ボツワナ,AG.LND.FRST.ZS,2005,30.0481710867609
BWA,ボツワナ,AG.LND.FRST.ZS,2006,29.839429710797
BWA,ボツワナ,AG.LND.FRST.ZS,2007,29.6306883348332
BWA,ボツワナ,AG.LND.FRST.ZS,2008,29.4219469588693
BWA,ボツワナ,AG.LND.FRST.ZS,2009,29.2132055829054
BWA,ボツワナ,AG.LND.FRST.ZS,2010,29.0044642069416
BWA,ボツワナ,AG.LND.FRST.ZS,2011,28.7957228309777
BWA,ボツワナ,AG.LND.FRST.ZS,2012,28.5869814550138
BWA,ボツワナ,AG.LND.FRST.ZS,2013,28.37824007905
BWA,ボツワナ,AG.LND.FRST.ZS,2014,28.1694987030861
BWA,ボツワナ,AG.LND.FRST.ZS,2015,27.9607573271223
BWA,ボツワナ,AG.LND.FRST.ZS,2016,27.7520159511584
BWA,ボツワナ,AG.LND.FRST.ZS,2017,27.5432745751945
BWA,ボツワナ,AG.LND.FRST.ZS,2018,27.3345331992307
BWA,ボツワナ,AG.LND.FRST.ZS,2019,27.1257918232668
BWA,ボツワナ,AG.LND.FRST.ZS,2020,26.9170504473029
BWA,ボツワナ,AG.LND.FRST.ZS,2021,26.7083090713391
BWA,ボツワナ,AG.LND.FRST.ZS,2022,26.4995676953752
BWA,ボツワナ,AG.LND.FRST.ZS,2023,26.2908263194114
BWA,ボツワナ,AG.LND.FRST.ZS,2024,
CAF,中央アフリカ共和国,AG.LND.FRST.ZS,2000,36.7636200199043
CAF,中央アフリカ共和国,AG.LND.FRST.ZS,2001,36.715464380879
CAF,中央アフリカ共和国,AG.LND.FRST.ZS,2002,36.6673087418537
CAF,中央アフリカ共和国,AG.LND.FRST.ZS,2003,36.6191531028283
CAF,中央アフリカ共和国,AG.LND.FRST.ZS,2004,36.570997463803
CAF,中央アフリカ共和国,AG.LND.FRST.ZS,2005,36.5228418247777
CAF,中央アフリカ共和国,AG.LND.FRST.ZS,2006,36.4746861857524
CAF,中央アフリカ共和国,AG.LND.FRST.ZS,2007,36.426530546727
CAF,中央アフリカ共和国,AG.LND.FRST.ZS,2008,36.3783749077017
CAF,中央アフリカ共和国,AG.LND.FRST.ZS,2009,36.3302192686764
CAF,中央アフリカ共和国,AG.LND.FRST.ZS,2010,36.282063629651
CAF,中央アフリカ共和国,AG.LND.FRST.ZS,2011,36.2339079906257
CAF,中央アフリカ共和国,AG.LND.FRST.ZS,2012,36.1857523516004
CAF,中央アフリカ共和国,AG.LND.FRST.ZS,2013,36.137596712575
CAF,中央アフリカ共和国,AG.LND.FRST.ZS,2014,36.0894410735497
CAF,中央アフリカ共和国,AG.LND.FRST.ZS,2015,36.0412854345244
CAF,中央アフリカ共和国,AG.LND.FRST.ZS,2016,35.9931297954991
CAF,中央アフリカ共和国,AG.LND.FRST.ZS,2017,35.9449741564737
CAF,中央アフリカ共和国,AG.LND.FRST.ZS,2018,35.8968185174484
CAF,中央アフリカ共和国,AG.LND.FRST.ZS,2019,35.8486628784231
CAF,中央アフリカ共和国,AG.LND.FRST.ZS,2020,35.8005072393977
CAF,中央アフリカ共和国,AG.LND.FRST.ZS,2021,35.7523516003724
CAF,中央アフリカ共和国,AG.LND.FRST.ZS,2022,35.7041959613471
CAF,中央アフリカ共和国,AG.LND.FRST.ZS,2023,35.6560403223217
CAF,中央アフリカ共和国,AG.LND.FRST.ZS,2024,
CIV,コートジボワール,AG.LND.FRST.ZS,2000,16.0202830188679
CIV,コートジボワール,AG.LND.FRST.ZS,2001,15.6652924528302
CIV,コートジボワール,AG.LND.FRST.ZS,2002,15.3103018867925
CIV,コートジボワール,AG.LND.FRST.ZS,2003,14.9553113207547
CIV,コートジボワール,AG.LND.FRST.ZS,2004,14.600320754717
CIV,コートジボワール,AG.LND.FRST.ZS,2005,14.2453301886792
CIV,コートジボワール,AG.LND.FRST.ZS,2006,13.8903396226415
CIV,コートジボワール,AG.LND.FRST.ZS,2007,13.5353490566038
CIV,コートジボワール,AG.LND.FRST.ZS,2008,13.180358490566
CIV,コートジボワール,AG.LND.FRST.ZS,2009,12.8253679245283
CIV,コートジボワール,AG.LND.FRST.ZS,2010,12.4703773584906
CIV,コートジボワール,AG.LND.FRST.ZS,2011,12.1153899371069
CIV,コートジボワール,AG.LND.FRST.ZS,2012,11.7604025157233
CIV,コートジボワール,AG.LND.FRST.ZS,2013,11.4054150943396
CIV,コートジボワール,AG.LND.FRST.ZS,2014,11.050427672956
CIV,コートジボワール,AG.LND.FRST.ZS,2015,10.6954402515723
CIV,コートジボワール,AG.LND.FRST.ZS,2016,10.3404402515723
CIV,コートジボワール,AG.LND.FRST.ZS,2017,9.98544025157233
CIV,コートジボワール,AG.LND.FRST.ZS,2018,9.63044025157233
CIV,コートジボワール,AG.LND.FRST.ZS,2019,9.27547169811321
CIV,コートジボワール,AG.LND.FRST.ZS,2020,8.92047169811321
CIV,コートジボワール,AG.LND.FRST.ZS,2021,8.5654927672956
CIV,コートジボワール,AG.LND.FRST.ZS,2022,8.21049968553459
CIV,コートジボワール,AG.LND.FRST.ZS,2023,7.85551603773585
CIV,コートジボワール,AG.LND.FRST.ZS,2024,
CMR,カメルーン,AG.LND.FRST.ZS,2000,45.6886674705422
CMR,カメルーン,AG.LND.FRST.ZS,2001,45.541217659876
CMR,カメルーン,AG.LND.FRST.ZS,2002,45.3937678492099
CMR,カメルーン,AG.LND.FRST.ZS,2003,45.2463180385437
CMR,カメルーン,AG.LND.FRST.ZS,2004,45.0988682278776
CMR,カメルーン,AG.LND.FRST.ZS,2005,44.9514184172114
CMR,カメルーン,AG.LND.FRST.ZS,2006,44.8039686065452
CMR,カメルーン,AG.LND.FRST.ZS,2007,44.6565187958791
CMR,カメルーン,AG.LND.FRST.ZS,2008,44.5090689852129
CMR,カメルーン,AG.LND.FRST.ZS,2009,44.3616191745468
CMR,カメルーン,AG.LND.FRST.ZS,2010,44.2141693638806
CMR,カメルーン,AG.LND.FRST.ZS,2011,44.0957034968585
CMR,カメルーン,AG.LND.FRST.ZS,2012,43.9772376298365
CMR,カメルーン,AG.LND.FRST.ZS,2013,43.8587717628144
CMR,カメルーン,AG.LND.FRST.ZS,2014,43.7403058957923
CMR,カメルーン,AG.LND.FRST.ZS,2015,43.6218400287703
CMR,カメルーン,AG.LND.FRST.ZS,2016,43.5033741617482
CMR,カメルーン,AG.LND.FRST.ZS,2017,43.3849082947262
CMR,カメルーン,AG.LND.FRST.ZS,2018,43.2664424277041
CMR,カメルーン,AG.LND.FRST.ZS,2019,43.147976560682
CMR,カメルーン,AG.LND.FRST.ZS,2020,43.02951069366
CMR,カメルーン,AG.LND.FRST.ZS,2021,42.9110448266379
CMR,カメルーン,AG.LND.FRST.ZS,2022,42.7925789596158
CMR,カメルーン,AG.LND.FRST.ZS,2023,42.6741130925938
CMR,カメルーン,AG.LND.FRST.ZS,2024,
COD,コンゴ民主共和国,AG.LND.FRST.ZS,2000,63.4741183476324
COD,コンゴ民主共和国,AG.LND.FRST.ZS,2001,63.1772567874551
COD,コンゴ民主共和国,AG.LND.FRST.ZS,2002,62.8803952272777
COD,コンゴ民主共和国,AG.LND.FRST.ZS,2003,62.5835336671004
COD,コンゴ民主共和国,AG.LND.FRST.ZS,2004,62.2866721069231
COD,コンゴ民主共和国,AG.LND.FRST.ZS,2005,61.9898105467458
COD,コンゴ民主共和国,AG.LND.FRST.ZS,2006,61.6929489865685
COD,コンゴ民主共和国,AG.LND.FRST.ZS,2007,61.3960874263911
COD,コンゴ民主共和国,AG.LND.FRST.ZS,2008,61.0992258662138
COD,コンゴ民主共和国,AG.LND.FRST.ZS,2009,60.8023643060365
COD,コンゴ民主共和国,AG.LND.FRST.ZS,2010,60.5055027458592
COD,コンゴ民主共和国,AG.LND.FRST.ZS,2011,60.0196837299574
COD,コンゴ民主共和国,AG.LND.FRST.ZS,2012,59.5338647140557
COD,コンゴ民主共和国,AG.LND.FRST.ZS,2013,59.048045698154
COD,コンゴ民主共和国,AG.LND.FRST.ZS,2014,58.5622266822523
COD,コンゴ民主共和国,AG.LND.FRST.ZS,2015,58.0764076663505
COD,コンゴ民主共和国,AG.LND.FRST.ZS,2016,57.5905868860413
COD,コンゴ民主共和国,AG.LND.FRST.ZS,2017,57.1047705167508
COD,コンゴ民主共和国,AG.LND.FRST.ZS,2018,56.6189541474604
COD,コンゴ民主共和国,AG.LND.FRST.ZS,2019,56.1333009858627
COD,コンゴ民主共和国,AG.LND.FRST.ZS,2020,55.6472067223925
COD,コンゴ民主共和国,AG.LND.FRST.ZS,2021,55.1615535607949
COD,コンゴ民主共和国,AG.LND.FRST.ZS,2022,54.6754592973247
COD,コンゴ民主共和国,AG.LND.FRST.ZS,2023,54.1898572594341
COD,コンゴ民主共和国,AG.LND.FRST.ZS,2024,
COG,コンゴ共和国,AG.LND.FRST.ZS,2000,64.9926793557833
COG,コンゴ共和国,AG.LND.FRST.ZS,2001,64.9575402635432
COG,コンゴ共和国,AG.LND.FRST.ZS,2002,64.9224011713031
COG,コンゴ共和国,AG.LND.FRST.ZS,2003,64.887262079063
COG,コンゴ共和国,AG.LND.FRST.ZS,2004,64.8521229868228
COG,コンゴ共和国,AG.LND.FRST.ZS,2005,64.8169838945827
COG,コンゴ共和国,AG.LND.FRST.ZS,2006,64.7818448023426
COG,コンゴ共和国,AG.LND.FRST.ZS,2007,64.7467057101025
COG,コンゴ共和国,AG.LND.FRST.ZS,2008,64.7115666178624
COG,コンゴ共和国,AG.LND.FRST.ZS,2009,64.6764275256223
COG,コンゴ共和国,AG.LND.FRST.ZS,2010,64.6412884333821
COG,コンゴ共和国,AG.LND.FRST.ZS,2011,64.606149341142
COG,コンゴ共和国,AG.LND.FRST.ZS,2012,64.5710102489019
COG,コンゴ共和国,AG.LND.FRST.ZS,2013,64.5358711566618
COG,コンゴ共和国,AG.LND.FRST.ZS,2014,64.5007320644217
COG,コンゴ共和国,AG.LND.FRST.ZS,2015,64.4655929721816
COG,コンゴ共和国,AG.LND.FRST.ZS,2016,64.4304538799414
COG,コンゴ共和国,AG.LND.FRST.ZS,2017,64.3953147877013
COG,コンゴ共和国,AG.LND.FRST.ZS,2018,64.3513909224012
COG,コンゴ共和国,AG.LND.FRST.ZS,2019,64.307467057101
COG,コンゴ共和国,AG.LND.FRST.ZS,2020,64.2635431918009
COG,コンゴ共和国,AG.LND.FRST.ZS,2021,64.2196193265007
COG,コンゴ共和国,AG.LND.FRST.ZS,2022,64.1756954612006
COG,コンゴ共和国,AG.LND.FRST.ZS,2023,64.1317715959004
COG,コンゴ共和国,AG.LND.FRST.ZS,2024,
COM,コモロ,AG.LND.FRST.ZS,2000,22.3965609887157
COM,コモロ,AG.LND.FRST.ZS,2001,22.1612036539495
COM,コモロ,AG.LND.FRST.ZS,2002,21.9258463191832
COM,コモロ,AG.LND.FRST.ZS,2003,21.690488984417
COM,コモロ,AG.LND.FRST.ZS,2004,21.4551316496507
COM,コモロ,AG.LND.FRST.ZS,2005,21.2197743148845
COM,コモロ,AG.LND.FRST.ZS,2006,20.9844169801182
COM,コモロ,AG.LND.FRST.ZS,2007,20.749059645352
COM,コモロ,AG.LND.FRST.ZS,2008,20.5137023105857
COM,コモロ,AG.LND.FRST.ZS,2009,20.2783449758195
COM,コモロ,AG.LND.FRST.ZS,2010,20.0429876410532
COM,コモロ,AG.LND.FRST.ZS,2011,19.8076303062869
COM,コモロ,AG.LND.FRST.ZS,2012,19.5722729715207
COM,コモロ,AG.LND.FRST.ZS,2013,19.3369156367544
COM,コモロ,AG.LND.FRST.ZS,2014,19.1015583019882
COM,コモロ,AG.LND.FRST.ZS,2015,18.8662009672219
COM,コモロ,AG.LND.FRST.ZS,2016,18.6297689414293
COM,コモロ,AG.LND.FRST.ZS,2017,18.3933369156368
COM,コモロ,AG.LND.FRST.ZS,2018,18.1622783449758
COM,コモロ,AG.LND.FRST.ZS,2019,17.9258463191832
COM,コモロ,AG.LND.FRST.ZS,2020,17.6894142933906
COM,コモロ,AG.LND.FRST.ZS,2021,17.4529822675981
COM,コモロ,AG.LND.FRST.ZS,2022,17.2165502418055
COM,コモロ,AG.LND.FRST.ZS,2023,16.9801182160129
COM,コモロ,AG.LND.FRST.ZS,2024,
CPV,カーボベルデ,AG.LND.FRST.ZS,2000,9.8560794044665
CPV,カーボベルデ,AG.LND.FRST.ZS,2001,9.93052109181141
CPV,カーボベルデ,AG.LND.FRST.ZS,2002,10.0049627791563
CPV,カーボベルデ,AG.LND.FRST.ZS,2003,10.0794044665012
CPV,カーボベルデ,AG.LND.FRST.ZS,2004,10.1538461538462
CPV,カーボベルデ,AG.LND.FRST.ZS,2005,10.2282878411911
CPV,カーボベルデ,AG.LND.FRST.ZS,2006,10.302729528536
CPV,カーボベルデ,AG.LND.FRST.ZS,2007,10.3771712158809
CPV,カーボベルデ,AG.LND.FRST.ZS,2008,10.4516129032258
CPV,カーボベルデ,AG.LND.FRST.ZS,2009,10.5260545905707
CPV,カーボベルデ,AG.LND.FRST.ZS,2010,10.6004962779156
CPV,カーボベルデ,AG.LND.FRST.ZS,2011,10.6749379652605
CPV,カーボベルデ,AG.LND.FRST.ZS,2012,10.7493796526055
CPV,カーボベルデ,AG.LND.FRST.ZS,2013,10.8238213399504
CPV,カーボベルデ,AG.LND.FRST.ZS,2014,10.8982630272953
CPV,カーボベルデ,AG.LND.FRST.ZS,2015,10.9727047146402
CPV,カーボベルデ,AG.LND.FRST.ZS,2016,11.0471464019851
CPV,カーボベルデ,AG.LND.FRST.ZS,2017,11.12158808933
CPV,カーボベルデ,AG.LND.FRST.ZS,2018,11.1960297766749
CPV,カーボベルデ,AG.LND.FRST.ZS,2019,11.2704714640199
CPV,カーボベルデ,AG.LND.FRST.ZS,2020,11.3449131513648
CPV,カーボベルデ,AG.LND.FRST.ZS,2021,11.4193548387097
CPV,カーボベルデ,AG.LND.FRST.ZS,2022,11.4937965260546
CPV,カーボベルデ,AG.LND.FRST.ZS,2023,11.5682382133995
CPV,カーボベルデ,AG.LND.FRST.ZS,2024,
DJI,ジブチ,AG.LND.FRST.ZS,2000,0.241587575496117
DJI,ジブチ,AG.LND.FRST.ZS,2001,0.241587575496117
DJI,ジブチ,AG.LND.FRST.ZS,2002,0.241587575496117
DJI,ジブチ,AG.LND.FRST.ZS,2003,0.241587575496117
DJI,ジブチ,AG.LND.FRST.ZS,2004,0.241587575496117
DJI,ジブチ,AG.LND.FRST.ZS,2005,0.241587575496117
DJI,ジブチ,AG.LND.FRST.ZS,2006,0.241587575496117
DJI,ジブチ,AG.LND.FRST.ZS,2007,0.241587575496117
DJI,ジブチ,AG.LND.FRST.ZS,2008,0.241587575496117
DJI,ジブチ,AG.LND.FRST.ZS,2009,0.241587575496117
DJI,ジブチ,AG.LND.FRST.ZS,2010,0.241587575496117
DJI,ジブチ,AG.LND.FRST.ZS,2011,0.241587575496117
DJI,ジブチ,AG.LND.FRST.ZS,2012,0.241587575496117
DJI,ジブチ,AG.LND.FRST.ZS,2013,0.241587575496117
DJI,ジブチ,AG.LND.FRST.ZS,2014,0.241587575496117
DJI,ジブチ,AG.LND.FRST.ZS,2015,0.241587575496117
DJI,ジブチ,AG.LND.FRST.ZS,2016,0.241587575496117
DJI,ジブチ,AG.LND.FRST.ZS,2017,0.242018981880932
DJI,ジブチ,AG.LND.FRST.ZS,2018,0.243313201035375
DJI,ジブチ,AG.LND.FRST.ZS,2019,0.245901639344262
DJI,ジブチ,AG.LND.FRST.ZS,2020,0.250215703192407
DJI,ジブチ,AG.LND.FRST.ZS,2021,0.253377911993098
DJI,ジブチ,AG.LND.FRST.ZS,2022,0.257308024158758
DJI,ジブチ,AG.LND.FRST.ZS,2023,0.260724762726488
DJI,ジブチ,AG.LND.FRST.ZS,2024,
DZA,アルジェリア,AG.LND.FRST.ZS,2000,0.662960692602887
DZA,アルジェリア,AG.LND.FRST.ZS,2001,0.677193984230017
DZA,アルジェリア,AG.LND.FRST.ZS,2002,0.691427275857146
DZA,アルジェリア,AG.LND.FRST.ZS,2003,0.705660567484276
DZA,アルジェリア,AG.LND.FRST.ZS,2004,0.719893859111406
DZA,アルジェリア,AG.LND.FRST.ZS,2005,0.734127150738536
DZA,アルジェリア,AG.LND.FRST.ZS,2006,0.748360442365665
DZA,アルジェリア,AG.LND.FRST.ZS,2007,0.762593733992795
DZA,アルジェリア,AG.LND.FRST.ZS,2008,0.776827025619925
DZA,アルジェリア,AG.LND.FRST.ZS,2009,0.791060317247055
DZA,アルジェリア,AG.LND.FRST.ZS,2010,0.805293608874184
DZA,アルジェリア,AG.LND.FRST.ZS,2011,0.808484553309765
DZA,アルジェリア,AG.LND.FRST.ZS,2012,0.811675497745346
DZA,アルジェリア,AG.LND.FRST.ZS,2013,0.814866442180927
DZA,アルジェリア,AG.LND.FRST.ZS,2014,0.818057386616507
DZA,アルジェリア,AG.LND.FRST.ZS,2015,0.821247986241997
DZA,アルジェリア,AG.LND.FRST.ZS,2016,0.821247986241997
DZA,アルジェリア,AG.LND.FRST.ZS,2017,0.815789794104397
DZA,アルジェリア,AG.LND.FRST.ZS,2018,0.810331601966797
DZA,アルジェリア,AG.LND.FRST.ZS,2019,0.814110692183026
DZA,アルジェリア,AG.LND.FRST.ZS,2020,0.818309303282474
DZA,アルジェリア,AG.LND.FRST.ZS,2021,0.822088053271978
DZA,アルジェリア,AG.LND.FRST.ZS,2022,0.826286664371426
DZA,アルジェリア,AG.LND.FRST.ZS,2023,0.830314224054683
DZA,アルジェリア,AG.LND.FRST.ZS,2024,
EGY,エジプト,AG.LND.FRST.ZS,2000,0.0594806368978854
EGY,エジプト,AG.LND.FRST.ZS,2001,0.060126575920438
EGY,エジプト,AG.LND.FRST.ZS,2002,0.0607725149429906
EGY,エジプト,AG.LND.FRST.ZS,2003,0.0614184539655432
EGY,エジプト,AG.LND.FRST.ZS,2004,0.0620643929880958
EGY,エジプト,AG.LND.FRST.ZS,2005,0.0627103320106484
EGY,エジプト,AG.LND.FRST.ZS,2006,0.0633562710332011
EGY,エジプト,AG.LND.FRST.ZS,2007,0.0640022100557537
EGY,エジプト,AG.LND.FRST.ZS,2008,0.0646481490783063
EGY,エジプト,AG.LND.FRST.ZS,2009,0.0652940881008589
EGY,エジプト,AG.LND.FRST.ZS,2010,0.0659400271234115
EGY,エジプト,AG.LND.FRST.ZS,2011,0.0624802852981064
EGY,エジプト,AG.LND.FRST.ZS,2012,0.0590205434728013
EGY,エジプト,AG.LND.FRST.ZS,2013,0.0555608016474961
EGY,エジプト,AG.LND.FRST.ZS,2014,0.052101059822191
EGY,エジプト,AG.LND.FRST.ZS,2015,0.0486413179968858
EGY,エジプト,AG.LND.FRST.ZS,2016,0.0451855944547692
EGY,エジプト,AG.LND.FRST.ZS,2017,0.0451855944547692
EGY,エジプト,AG.LND.FRST.ZS,2018,0.0451855944547692
EGY,エジプト,AG.LND.FRST.ZS,2019,0.0451855944547692
EGY,エジプト,AG.LND.FRST.ZS,2020,0.0451855944547692
EGY,エジプト,AG.LND.FRST.ZS,2021,0.0451855944547692
EGY,エジプト,AG.LND.FRST.ZS,2022,0.0451855944547692
EGY,エジプト,AG.LND.FRST.ZS,2023,0.0451855944547692
EGY,エジプト,AG.LND.FRST.ZS,2024,
ERI,エリトリア,AG.LND.FRST.ZS,2000,11.0738613861386
ERI,エリトリア,AG.LND.FRST.ZS,2001,11.0425742574257
ERI,エリトリア,AG.LND.FRST.ZS,2002,11.0112871287129
ERI,エリトリア,AG.LND.FRST.ZS,2003,10.98
ERI,エリトリア,AG.LND.FRST.ZS,2004,9.14032076920136
ERI,エリトリア,AG.LND.FRST.ZS,2005,9.1109855799934
ERI,エリトリア,AG.LND.FRST.ZS,2006,9.08647415225366
ERI,エリトリア,AG.LND.FRST.ZS,2007,9.0582202286878
ERI,エリトリア,AG.LND.FRST.ZS,2008,9.03025466560542
ERI,エリトリア,AG.LND.FRST.ZS,2009,9.00325161746643
ERI,エリトリア,AG.LND.FRST.ZS,2010,8.97748379233609
ERI,エリトリア,AG.LND.FRST.ZS,2011,8.94961638502077
ERI,エリトリア,AG.LND.FRST.ZS,2012,8.92402610724028
ERI,エリトリア,AG.LND.FRST.ZS,2013,8.90034222261119
ERI,エリトリア,AG.LND.FRST.ZS,2014,8.87519711563943
ERI,エリトリア,AG.LND.FRST.ZS,2015,8.84524597758958
ERI,エリトリア,AG.LND.FRST.ZS,2016,8.81997366660957
ERI,エリトリア,AG.LND.FRST.ZS,2017,8.79432689018704
ERI,エリトリア,AG.LND.FRST.ZS,2018,8.76775721087697
ERI,エリトリア,AG.LND.FRST.ZS,2019,8.74145380877288
ERI,エリトリア,AG.LND.FRST.ZS,2020,8.71821523958664
ERI,エリトリア,AG.LND.FRST.ZS,2021,8.68225472898591
ERI,エリトリア,AG.LND.FRST.ZS,2022,8.65617743125414
ERI,エリトリア,AG.LND.FRST.ZS,2023,8.63010013352237
ERI,エリトリア,AG.LND.FRST.ZS,2024,
ESH,西サハラ,AG.LND.FRST.ZS,2000,
ESH,西サハラ,AG.LND.FRST.ZS,2001,
ESH,西サハラ,AG.LND.FRST.ZS,2002,
ESH,西サハラ,AG.LND.FRST.ZS,2003,
ESH,西サハラ,AG.LND.FRST.ZS,2004,
ESH,西サハラ,AG.LND.FRST.ZS,2005,
ESH,西サハラ,AG.LND.FRST.ZS,2006,
ESH,西サハラ,AG.LND.FRST.ZS,2007,
ESH,西サハラ,AG.LND.FRST.ZS,2008,
ESH,西サハラ,AG.LND.FRST.ZS,2009,
ESH,西サハラ,AG.LND.FRST.ZS,2010,
ESH,西サハラ,AG.LND.FRST.ZS,2011,
ESH,西サハラ,AG.LND.FRST.ZS,2012,
ESH,西サハラ,AG.LND.FRST.ZS,2013,
ESH,西サハラ,AG.LND.FRST.ZS,2014,
ESH,西サハラ,AG.LND.FRST.ZS,2015,
ESH,西サハラ,AG.LND.FRST.ZS,2016,
ESH,西サハラ,AG.LND.FRST.ZS,2017,
ESH,西サハラ,AG.LND.FRST.ZS,2018,
ESH,西サハラ,AG.LND.FRST.ZS,2019,
ESH,西サハラ,AG.LND.FRST.ZS,2020,
ESH,西サハラ,AG.LND.FRST.ZS,2021,
ESH,西サハラ,AG.LND.FRST.ZS,2022,
ESH,西サハラ,AG.LND.FRST.ZS,2023,
ESH,西サハラ,AG.LND.FRST.ZS,2024,
ETH,エチオピア,AG.LND.FRST.ZS,2000,18.5285
ETH,エチオピア,AG.LND.FRST.ZS,2001,18.4555
ETH,エチオピア,AG.LND.FRST.ZS,2002,18.3825
ETH,エチオピア,AG.LND.FRST.ZS,2003,18.3095
ETH,エチオピア,AG.LND.FRST.ZS,2004,16.1585536311313
ETH,エチオピア,AG.LND.FRST.ZS,2005,16.0938359195173
ETH,エチオピア,AG.LND.FRST.ZS,2006,16.0289636874706
ETH,エチオピア,AG.LND.FRST.ZS,2007,15.9640279304701
ETH,エチオピア,AG.LND.FRST.ZS,2008,15.9002339512815
ETH,エチオピア,AG.LND.FRST.ZS,2009,15.8352653925443
ETH,エチオピア,AG.LND.FRST.ZS,2010,15.7708287737324
ETH,エチオピア,AG.LND.FRST.ZS,2011,15.706088146017
ETH,エチオピア,AG.LND.FRST.ZS,2012,15.6413077967478
ETH,エチオピア,AG.LND.FRST.ZS,2013,15.5767628847107
ETH,エチオピア,AG.LND.FRST.ZS,2014,15.5125439694869
ETH,エチオピア,AG.LND.FRST.ZS,2015,15.4478434691779
ETH,エチオピア,AG.LND.FRST.ZS,2016,15.3828977407906
ETH,エチオピア,AG.LND.FRST.ZS,2017,15.3182908234333
ETH,エチオピア,AG.LND.FRST.ZS,2018,15.2534899740501
ETH,エチオピア,AG.LND.FRST.ZS,2019,15.1886779997606
ETH,エチオピア,AG.LND.FRST.ZS,2020,15.1239877246579
ETH,エチオピア,AG.LND.FRST.ZS,2021,15.0601822445542
ETH,エチオピア,AG.LND.FRST.ZS,2022,14.9955852855138
ETH,エチオピア,AG.LND.FRST.ZS,2023,14.9308975782695
ETH,エチオピア,AG.LND.FRST.ZS,2024,
GAB,ガボン,AG.LND.FRST.ZS,2000,91.9781115380137
GAB,ガボン,AG.LND.FRST.ZS,2001,91.9584778980867
GAB,ガボン,AG.LND.FRST.ZS,2002,91.9388442581597
GAB,ガボン,AG.LND.FRST.ZS,2003,91.9192106182326
GAB,ガボン,AG.LND.FRST.ZS,2004,91.8995769783056
GAB,ガボン,AG.LND.FRST.ZS,2005,91.8799433383785
GAB,ガボン,AG.LND.FRST.ZS,2006,91.8603096984515
GAB,ガボン,AG.LND.FRST.ZS,2007,91.8406760585245
GAB,ガボン,AG.LND.FRST.ZS,2008,91.8210424185974
GAB,ガボン,AG.LND.FRST.ZS,2009,91.8014087786704
GAB,ガボン,AG.LND.FRST.ZS,2010,91.7817751387434
GAB,ガボン,AG.LND.FRST.ZS,2011,91.7356618931191
GAB,ガボン,AG.LND.FRST.ZS,2012,91.6895486474949
GAB,ガボン,AG.LND.FRST.ZS,2013,91.6434354018706
GAB,ガボン,AG.LND.FRST.ZS,2014,91.5973221562464
GAB,ガボン,AG.LND.FRST.ZS,2015,91.5512089106221
GAB,ガボン,AG.LND.FRST.ZS,2016,91.5051034268638
GAB,ガボン,AG.LND.FRST.ZS,2017,91.4589979431055
GAB,ガボン,AG.LND.FRST.ZS,2018,91.4128924593472
GAB,ガボン,AG.LND.FRST.ZS,2019,91.3667869755889
GAB,ガボン,AG.LND.FRST.ZS,2020,91.3206814918306
GAB,ガボン,AG.LND.FRST.ZS,2021,91.2745760080723
GAB,ガボン,AG.LND.FRST.ZS,2022,91.228470524314
GAB,ガボン,AG.LND.FRST.ZS,2023,91.1823650405558
GAB,ガボン,AG.LND.FRST.ZS,2024,
GHA,ガーナ,AG.LND.FRST.ZS,2000,38.8881515337963
GHA,ガーナ,AG.LND.FRST.ZS,2001,38.490120418388
GHA,ガーナ,AG.LND.FRST.ZS,2002,38.0920893029797
GHA,ガーナ,AG.LND.FRST.ZS,2003,37.6940581875714
GHA,ガーナ,AG.LND.FRST.ZS,2004,37.2960270721631
GHA,ガーナ,AG.LND.FRST.ZS,2005,36.8979959567549
GHA,ガーナ,AG.LND.FRST.ZS,2006,36.4999648413466
GHA,ガーナ,AG.LND.FRST.ZS,2007,36.1019337259383
GHA,ガーナ,AG.LND.FRST.ZS,2008,35.70390261053
GHA,ガーナ,AG.LND.FRST.ZS,2009,35.3058714951217
GHA,ガーナ,AG.LND.FRST.ZS,2010,34.9078403797135
GHA,ガーナ,AG.LND.FRST.ZS,2011,34.8529137734025
GHA,ガーナ,AG.LND.FRST.ZS,2012,34.7979871670915
GHA,ガーナ,AG.LND.FRST.ZS,2013,34.7430605607805
GHA,ガーナ,AG.LND.FRST.ZS,2014,34.6881339544695
GHA,ガーナ,AG.LND.FRST.ZS,2015,34.6332073481586
GHA,ガーナ,AG.LND.FRST.ZS,2016,34.8169113122967
GHA,ガーナ,AG.LND.FRST.ZS,2017,35.0006152764349
GHA,ガーナ,AG.LND.FRST.ZS,2018,35.0323459611497
GHA,ガーナ,AG.LND.FRST.ZS,2019,35.0651553840542
GHA,ガーナ,AG.LND.FRST.ZS,2020,35.0973937502747
GHA,ガーナ,AG.LND.FRST.ZS,2021,35.1286771589176
GHA,ガーナ,AG.LND.FRST.ZS,2022,35.1604431005612
GHA,ガーナ,AG.LND.FRST.ZS,2023,35.1921958573042
GHA,ガーナ,AG.LND.FRST.ZS,2024,
GIN,ギニア,AG.LND.FRST.ZS,2000,28.1987628194693
GIN,ギニア,AG.LND.FRST.ZS,2001,28.0522545987303
GIN,ギニア,AG.LND.FRST.ZS,2002,27.9057463779912
GIN,ギニア,AG.LND.FRST.ZS,2003,27.7592381572522
GIN,ギニア,AG.LND.FRST.ZS,2004,27.6127299365131
GIN,ギニア,AG.LND.FRST.ZS,2005,27.4662217157741
GIN,ギニア,AG.LND.FRST.ZS,2006,27.319713495035
GIN,ギニア,AG.LND.FRST.ZS,2007,27.1732052742959
GIN,ギニア,AG.LND.FRST.ZS,2008,27.0266970535569
GIN,ギニア,AG.LND.FRST.ZS,2009,26.8801888328178
GIN,ギニア,AG.LND.FRST.ZS,2010,26.7336806120788
GIN,ギニア,AG.LND.FRST.ZS,2011,26.5871723913397
GIN,ギニア,AG.LND.FRST.ZS,2012,26.4406641706007
GIN,ギニア,AG.LND.FRST.ZS,2013,26.2941559498616
GIN,ギニア,AG.LND.FRST.ZS,2014,26.1476477291226
GIN,ギニア,AG.LND.FRST.ZS,2015,26.0011395083835
GIN,ギニア,AG.LND.FRST.ZS,2016,25.8383525964512
GIN,ギニア,AG.LND.FRST.ZS,2017,25.675565684519
GIN,ギニア,AG.LND.FRST.ZS,2018,25.5127787725867
GIN,ギニア,AG.LND.FRST.ZS,2019,25.3499918606544
GIN,ギニア,AG.LND.FRST.ZS,2020,25.1872049487221
GIN,ギニア,AG.LND.FRST.ZS,2021,25.0244180367898
GIN,ギニア,AG.LND.FRST.ZS,2022,24.8616311248576
GIN,ギニア,AG.LND.FRST.ZS,2023,24.6988442129253
GIN,ギニア,AG.LND.FRST.ZS,2024,
GMB,ガンビア,AG.LND.FRST.ZS,2000,35.3092885375494
GMB,ガンビア,AG.LND.FRST.ZS,2001,34.7427865612648
GMB,ガンビア,AG.LND.FRST.ZS,2002,34.1762845849802
GMB,ガンビア,AG.LND.FRST.ZS,2003,33.6097826086957
GMB,ガンビア,AG.LND.FRST.ZS,2004,33.0432806324111
GMB,ガンビア,AG.LND.FRST.ZS,2005,32.4767786561265
GMB,ガンビア,AG.LND.FRST.ZS,2006,31.9102766798419
GMB,ガンビア,AG.LND.FRST.ZS,2007,31.3437747035573
GMB,ガンビア,AG.LND.FRST.ZS,2008,30.7772727272727
GMB,ガンビア,AG.LND.FRST.ZS,2009,30.2107707509881
GMB,ガンビア,AG.LND.FRST.ZS,2010,29.6442687747036
GMB,ガンビア,AG.LND.FRST.ZS,2011,29.0778656126482
GMB,ガンビア,AG.LND.FRST.ZS,2012,28.5114624505929
GMB,ガンビア,AG.LND.FRST.ZS,2013,27.9450592885375
GMB,ガンビア,AG.LND.FRST.ZS,2014,27.3786561264822
GMB,ガンビア,AG.LND.FRST.ZS,2015,26.8122529644269
GMB,ガンビア,AG.LND.FRST.ZS,2016,26.2450592885375
GMB,ガンビア,AG.LND.FRST.ZS,2017,25.6788537549407
GMB,ガンビア,AG.LND.FRST.ZS,2018,25.1126482213439
GMB,ガンビア,AG.LND.FRST.ZS,2019,24.5454545454545
GMB,ガンビア,AG.LND.FRST.ZS,2020,23.9792490118577
GMB,ガンビア,AG.LND.FRST.ZS,2021,23.4123814229249
GMB,ガンビア,AG.LND.FRST.ZS,2022,22.8459584980237
GMB,ガンビア,AG.LND.FRST.ZS,2023,22.2792391304348
GMB,ガンビア,AG.LND.FRST.ZS,2024,
GNB,ギニアビサウ,AG.LND.FRST.ZS,2000,76.4182076813656
GNB,ギニアビサウ,AG.LND.FRST.ZS,2001,76.1178876244666
GNB,ギニアビサウ,AG.LND.FRST.ZS,2002,75.8175675675676
GNB,ギニアビサウ,AG.LND.FRST.ZS,2003,75.5172475106686
GNB,ギニアビサウ,AG.LND.FRST.ZS,2004,75.2169274537696
GNB,ギニアビサウ,AG.LND.FRST.ZS,2005,74.9166073968705
GNB,ギニアビサウ,AG.LND.FRST.ZS,2006,74.6162873399715
GNB,ギニアビサウ,AG.LND.FRST.ZS,2007,74.3159672830726
GNB,ギニアビサウ,AG.LND.FRST.ZS,2008,74.0156472261735
GNB,ギニアビサウ,AG.LND.FRST.ZS,2009,73.7153271692745
GNB,ギニアビサウ,AG.LND.FRST.ZS,2010,73.4150071123755
GNB,ギニアビサウ,AG.LND.FRST.ZS,2011,73.1147226173542
GNB,ギニアビサウ,AG.LND.FRST.ZS,2012,72.8144381223329
GNB,ギニアビサウ,AG.LND.FRST.ZS,2013,72.5141536273115
GNB,ギニアビサウ,AG.LND.FRST.ZS,2014,72.2138691322902
GNB,ギニアビサウ,AG.LND.FRST.ZS,2015,71.9135846372688
GNB,ギニアビサウ,AG.LND.FRST.ZS,2016,71.6134423897582
GNB,ギニアビサウ,AG.LND.FRST.ZS,2017,71.3133001422475
GNB,ギニアビサウ,AG.LND.FRST.ZS,2018,71.0131578947368
GNB,ギニアビサウ,AG.LND.FRST.ZS,2019,70.7130156472262
GNB,ギニアビサウ,AG.LND.FRST.ZS,2020,70.4128733997155
GNB,ギニアビサウ,AG.LND.FRST.ZS,2021,70.1127311522048
GNB,ギニアビサウ,AG.LND.FRST.ZS,2022,69.8125889046942
GNB,ギニアビサウ,AG.LND.FRST.ZS,2023,69.5124466571835
GNB,ギニアビサウ,AG.LND.FRST.ZS,2024,
GNQ,赤道ギニア,AG.LND.FRST.ZS,2000,93.2470588235294
GNQ,赤道ギニア,AG.LND.FRST.ZS,2001,92.9491265597148
GNQ,赤道ギニア,AG.LND.FRST.ZS,2002,92.6511942959002
GNQ,赤道ギニア,AG.LND.FRST.ZS,2003,92.3532620320856
GNQ,赤道ギニア,AG.LND.FRST.ZS,2004,92.0553297682709
GNQ,赤道ギニア,AG.LND.FRST.ZS,2005,91.7573975044563
GNQ,赤道ギニア,AG.LND.FRST.ZS,2006,91.4594652406417
GNQ,赤道ギニア,AG.LND.FRST.ZS,2007,91.1615329768271
GNQ,赤道ギニア,AG.LND.FRST.ZS,2008,90.8636007130125
GNQ,赤道ギニア,AG.LND.FRST.ZS,2009,90.5656684491979
GNQ,赤道ギニア,AG.LND.FRST.ZS,2010,90.2677361853832
GNQ,赤道ギニア,AG.LND.FRST.ZS,2011,89.9697682709447
GNQ,赤道ギニア,AG.LND.FRST.ZS,2012,89.6718003565062
GNQ,赤道ギニア,AG.LND.FRST.ZS,2013,89.3738324420677
GNQ,赤道ギニア,AG.LND.FRST.ZS,2014,89.0758645276292
GNQ,赤道ギニア,AG.LND.FRST.ZS,2015,88.7778966131907
GNQ,赤道ギニア,AG.LND.FRST.ZS,2016,88.4798573975044
GNQ,赤道ギニア,AG.LND.FRST.ZS,2017,88.1818181818182
GNQ,赤道ギニア,AG.LND.FRST.ZS,2018,87.8837789661319
GNQ,赤道ギニア,AG.LND.FRST.ZS,2019,87.5857397504456
GNQ,赤道ギニア,AG.LND.FRST.ZS,2020,87.2877005347594
GNQ,赤道ギニア,AG.LND.FRST.ZS,2021,86.9896613190731
GNQ,赤道ギニア,AG.LND.FRST.ZS,2022,86.6916221033868
GNQ,赤道ギニア,AG.LND.FRST.ZS,2023,86.3935828877005
GNQ,赤道ギニア,AG.LND.FRST.ZS,2024,
KEN,ケニア,AG.LND.FRST.ZS,2000,6.95995712829884
KEN,ケニア,AG.LND.FRST.ZS,2001,6.89936570966722
KEN,ケニア,AG.LND.FRST.ZS,2002,6.8387742910356
KEN,ケニア,AG.LND.FRST.ZS,2003,6.77818287240398
KEN,ケニア,AG.LND.FRST.ZS,2004,6.71759145377236
KEN,ケニア,AG.LND.FRST.ZS,2005,6.65700003514074
KEN,ケニア,AG.LND.FRST.ZS,2006,6.59640861650912
KEN,ケニア,AG.LND.FRST.ZS,2007,6.5358171978775
KEN,ケニア,AG.LND.FRST.ZS,2008,6.47522577924588
KEN,ケニア,AG.LND.FRST.ZS,2009,6.41463436061426
KEN,ケニア,AG.LND.FRST.ZS,2010,6.35404294198264
KEN,ケニア,AG.LND.FRST.ZS,2011,6.32103524616087
KEN,ケニア,AG.LND.FRST.ZS,2012,6.28802755033911
KEN,ケニア,AG.LND.FRST.ZS,2013,6.25501985451734
KEN,ケニア,AG.LND.FRST.ZS,2014,6.22201215869558
KEN,ケニア,AG.LND.FRST.ZS,2015,6.16780662377195
KEN,ケニア,AG.LND.FRST.ZS,2016,6.19833694004437
KEN,ケニア,AG.LND.FRST.ZS,2017,6.22865954160824
KEN,ケニア,AG.LND.FRST.ZS,2018,6.25877654107482
KEN,ケニア,AG.LND.FRST.ZS,2019,6.23762944896123
KEN,ケニア,AG.LND.FRST.ZS,2020,6.21662477880402
KEN,ケニア,AG.LND.FRST.ZS,2021,6.21662477880402
KEN,ケニア,AG.LND.FRST.ZS,2022,6.21662477880402
KEN,ケニア,AG.LND.FRST.ZS,2023,6.21662477880402
KEN,ケニア,AG.LND.FRST.ZS,2024,
LBR,リベリア,AG.LND.FRST.ZS,2000,85.3679401993355
LBR,リベリア,AG.LND.FRST.ZS,2001,85.0537790697674
LBR,リベリア,AG.LND.FRST.ZS,2002,84.7396179401993
LBR,リベリア,AG.LND.FRST.ZS,2003,84.4254568106312
LBR,リベリア,AG.LND.FRST.ZS,2004,84.1112956810631
LBR,リベリア,AG.LND.FRST.ZS,2005,83.797134551495
LBR,リベリア,AG.LND.FRST.ZS,2006,83.4829734219269
LBR,リベリア,AG.LND.FRST.ZS,2007,83.1688122923588
LBR,リベリア,AG.LND.FRST.ZS,2008,82.8546511627907
LBR,リベリア,AG.LND.FRST.ZS,2009,82.5404900332226
LBR,リベリア,AG.LND.FRST.ZS,2010,82.2263289036545
LBR,リベリア,AG.LND.FRST.ZS,2011,81.9121677740864
LBR,リベリア,AG.LND.FRST.ZS,2012,81.5980066445183
LBR,リベリア,AG.LND.FRST.ZS,2013,81.2838455149502
LBR,リベリア,AG.LND.FRST.ZS,2014,80.9696843853821
LBR,リベリア,AG.LND.FRST.ZS,2015,80.6555232558139
LBR,リベリア,AG.LND.FRST.ZS,2016,80.3413621262459
LBR,リベリア,AG.LND.FRST.ZS,2017,80.0272009966777
LBR,リベリア,AG.LND.FRST.ZS,2018,79.7130398671096
LBR,リベリア,AG.LND.FRST.ZS,2019,79.3988787375415
LBR,リベリア,AG.LND.FRST.ZS,2020,79.0847176079734
LBR,リベリア,AG.LND.FRST.ZS,2021,78.7705564784053
LBR,リベリア,AG.LND.FRST.ZS,2022,78.4563953488372
LBR,リベリア,AG.LND.FRST.ZS,2023,78.1422342192691
LBR,リベリア,AG.LND.FRST.ZS,2024,
LBY,リビア,AG.LND.FRST.ZS,2000,0.123327687918433
LBY,リビア,AG.LND.FRST.ZS,2001,0.123327687918433
LBY,リビア,AG.LND.FRST.ZS,2002,0.123327687918433
LBY,リビア,AG.LND.FRST.ZS,2003,0.123327687918433
LBY,リビア,AG.LND.FRST.ZS,2004,0.123327687918433
LBY,リビア,AG.LND.FRST.ZS,2005,0.123327687918433
LBY,リビア,AG.LND.FRST.ZS,2006,0.123327687918433
LBY,リビア,AG.LND.FRST.ZS,2007,0.123327687918433
LBY,リビア,AG.LND.FRST.ZS,2008,0.123327687918433
LBY,リビア,AG.LND.FRST.ZS,2009,0.123327687918433
LBY,リビア,AG.LND.FRST.ZS,2010,0.123327687918433
LBY,リビア,AG.LND.FRST.ZS,2011,0.123327687918433
LBY,リビア,AG.LND.FRST.ZS,2012,0.123327687918433
LBY,リビア,AG.LND.FRST.ZS,2013,0.123327687918433
LBY,リビア,AG.LND.FRST.ZS,2014,0.123327687918433
LBY,リビア,AG.LND.FRST.ZS,2015,0.123327687918433
LBY,リビア,AG.LND.FRST.ZS,2016,0.123327687918433
LBY,リビア,AG.LND.FRST.ZS,2017,0.123327687918433
LBY,リビア,AG.LND.FRST.ZS,2018,0.123327687918433
LBY,リビア,AG.LND.FRST.ZS,2019,0.123327687918433
LBY,リビア,AG.LND.FRST.ZS,2020,0.123327687918433
LBY,リビア,AG.LND.FRST.ZS,2021,0.123327687918433
LBY,リビア,AG.LND.FRST.ZS,2022,0.123327687918433
LBY,リビア,AG.LND.FRST.ZS,2023,0.123327687918433
LBY,リビア,AG.LND.FRST.ZS,2024,
LSO,レソト,AG.LND.FRST.ZS,2000,1.13702239789196
LSO,レソト,AG.LND.FRST.ZS,2001,1.13702239789196
LSO,レソト,AG.LND.FRST.ZS,2002,1.13702239789196
LSO,レソト,AG.LND.FRST.ZS,2003,1.13702239789196
LSO,レソト,AG.LND.FRST.ZS,2004,1.13702239789196
LSO,レソト,AG.LND.FRST.ZS,2005,1.13702239789196
LSO,レソト,AG.LND.FRST.ZS,2006,1.13702239789196
LSO,レソト,AG.LND.FRST.ZS,2007,1.13702239789196
LSO,レソト,AG.LND.FRST.ZS,2008,1.13702239789196
LSO,レソト,AG.LND.FRST.ZS,2009,1.13702239789196
LSO,レソト,AG.LND.FRST.ZS,2010,1.13702239789196
LSO,レソト,AG.LND.FRST.ZS,2011,1.13702239789196
LSO,レソト,AG.LND.FRST.ZS,2012,1.13702239789196
LSO,レソト,AG.LND.FRST.ZS,2013,1.13702239789196
LSO,レソト,AG.LND.FRST.ZS,2014,1.13702239789196
LSO,レソト,AG.LND.FRST.ZS,2015,1.13702239789196
LSO,レソト,AG.LND.FRST.ZS,2016,1.13702239789196
LSO,レソト,AG.LND.FRST.ZS,2017,1.13702239789196
LSO,レソト,AG.LND.FRST.ZS,2018,1.13702239789196
LSO,レソト,AG.LND.FRST.ZS,2019,1.13702239789196
LSO,レソト,AG.LND.FRST.ZS,2020,1.13702239789196
LSO,レソト,AG.LND.FRST.ZS,2021,1.13702239789196
LSO,レソト,AG.LND.FRST.ZS,2022,1.13702239789196
LSO,レソト,AG.LND.FRST.ZS,2023,1.13702239789196
LSO,レソト,AG.LND.FRST.ZS,2024,
MAR,モロッコ,AG.LND.FRST.ZS,2000,12.3382030024647
MAR,モロッコ,AG.LND.FRST.ZS,2001,12.3758525655389
MAR,モロッコ,AG.LND.FRST.ZS,2002,12.413502128613
MAR,モロッコ,AG.LND.FRST.ZS,2003,12.4511516916872
MAR,モロッコ,AG.LND.FRST.ZS,2004,12.4888012547614
MAR,モロッコ,AG.LND.FRST.ZS,2005,12.5264508178355
MAR,モロッコ,AG.LND.FRST.ZS,2006,12.5641003809097
MAR,モロッコ,AG.LND.FRST.ZS,2007,12.6017499439839
MAR,モロッコ,AG.LND.FRST.ZS,2008,12.639399507058
MAR,モロッコ,AG.LND.FRST.ZS,2009,12.6770490701322
MAR,モロッコ,AG.LND.FRST.ZS,2010,12.7146986332064
MAR,モロッコ,AG.LND.FRST.ZS,2011,12.7192336993054
MAR,モロッコ,AG.LND.FRST.ZS,2012,12.7237687654044
MAR,モロッコ,AG.LND.FRST.ZS,2013,12.7283038315035
MAR,モロッコ,AG.LND.FRST.ZS,2014,12.7328388976025
MAR,モロッコ,AG.LND.FRST.ZS,2015,12.7373739637015
MAR,モロッコ,AG.LND.FRST.ZS,2016,12.7712077078199
MAR,モロッコ,AG.LND.FRST.ZS,2017,12.7976473224289
MAR,モロッコ,AG.LND.FRST.ZS,2018,12.8200537754873
MAR,モロッコ,AG.LND.FRST.ZS,2019,12.8435805511987
MAR,モロッコ,AG.LND.FRST.ZS,2020,12.8668832623796
MAR,モロッコ,AG.LND.FRST.ZS,2021,12.8903354246023
MAR,モロッコ,AG.LND.FRST.ZS,2022,12.9136878781089
MAR,モロッコ,AG.LND.FRST.ZS,2023,12.9371068787811
MAR,モロッコ,AG.LND.FRST.ZS,2024,
MDG,マダガスカル,AG.LND.FRST.ZS,2000,22.4071774942394
MDG,マダガスカル,AG.LND.FRST.ZS,2001,22.3265828661829
MDG,マダガスカル,AG.LND.FRST.ZS,2002,22.2459882381264
MDG,マダガスカル,AG.LND.FRST.ZS,2003,22.1653936100698
MDG,マダガスカル,AG.LND.FRST.ZS,2004,22.0847989820133
MDG,マダガスカル,AG.LND.FRST.ZS,2005,22.0042043539567
MDG,マダガスカル,AG.LND.FRST.ZS,2006,21.9236097259002
MDG,マダガスカル,AG.LND.FRST.ZS,2007,21.8430150978437
MDG,マダガスカル,AG.LND.FRST.ZS,2008,21.7624204697871
MDG,マダガスカル,AG.LND.FRST.ZS,2009,21.6818258417306
MDG,マダガスカル,AG.LND.FRST.ZS,2010,21.601231213674
MDG,マダガスカル,AG.LND.FRST.ZS,2011,21.5690440791
MDG,マダガスカル,AG.LND.FRST.ZS,2012,21.5463247363762
MDG,マダガスカル,AG.LND.FRST.ZS,2013,21.5234204193881
MDG,マダガスカル,AG.LND.FRST.ZS,2014,21.5007012719147
MDG,マダガスカル,AG.LND.FRST.ZS,2015,21.4779821244414
MDG,マダガスカル,AG.LND.FRST.ZS,2016,21.4552767273977
MDG,マダガスカル,AG.LND.FRST.ZS,2017,21.4325541423169
MDG,マダガスカル,AG.LND.FRST.ZS,2018,21.4098315572362
MDG,マダガスカル,AG.LND.FRST.ZS,2019,21.3871261601925
MDG,マダガスカル,AG.LND.FRST.ZS,2020,21.3644035751117
MDG,マダガスカル,AG.LND.FRST.ZS,2021,21.3416925060158
MDG,マダガスカル,AG.LND.FRST.ZS,2022,21.3189737023032
MDG,マダガスカル,AG.LND.FRST.ZS,2023,21.2962600550017
MDG,マダガスカル,AG.LND.FRST.ZS,2024,
MLI,マリ,AG.LND.FRST.ZS,2000,10.896663634352
MLI,マリ,AG.LND.FRST.ZS,2001,10.896663634352
MLI,マリ,AG.LND.FRST.ZS,2002,10.896663634352
MLI,マリ,AG.LND.FRST.ZS,2003,10.896663634352
MLI,マリ,AG.LND.FRST.ZS,2004,10.896663634352
MLI,マリ,AG.LND.FRST.ZS,2005,10.896663634352
MLI,マリ,AG.LND.FRST.ZS,2006,10.896663634352
MLI,マリ,AG.LND.FRST.ZS,2007,10.896663634352
MLI,マリ,AG.LND.FRST.ZS,2008,10.896663634352
MLI,マリ,AG.LND.FRST.ZS,2009,10.896663634352
MLI,マリ,AG.LND.FRST.ZS,2010,10.896663634352
MLI,マリ,AG.LND.FRST.ZS,2011,10.896663634352
MLI,マリ,AG.LND.FRST.ZS,2012,10.896663634352
MLI,マリ,AG.LND.FRST.ZS,2013,10.896663634352
MLI,マリ,AG.LND.FRST.ZS,2014,10.896663634352
MLI,マリ,AG.LND.FRST.ZS,2015,10.896663634352
MLI,マリ,AG.LND.FRST.ZS,2016,10.896663634352
MLI,マリ,AG.LND.FRST.ZS,2017,10.896663634352
MLI,マリ,AG.LND.FRST.ZS,2018,10.896663634352
MLI,マリ,AG.LND.FRST.ZS,2019,10.896663634352
MLI,マリ,AG.LND.FRST.ZS,2020,10.896663634352
MLI,マリ,AG.LND.FRST.ZS,2021,10.896663634352
MLI,マリ,AG.LND.FRST.ZS,2022,10.896663634352
MLI,マリ,AG.LND.FRST.ZS,2023,10.896663634352
MLI,マリ,AG.LND.FRST.ZS,2024,
MOZ,モザンビーク,AG.LND.FRST.ZS,2000,52.3767135481574
MOZ,モザンビーク,AG.LND.FRST.ZS,2001,52.0949337470434
MOZ,モザンビーク,AG.LND.FRST.ZS,2002,51.8131539459295
MOZ,モザンビーク,AG.LND.FRST.ZS,2003,51.5313741448155
MOZ,モザンビーク,AG.LND.FRST.ZS,2004,51.2495943437015
MOZ,モザンビーク,AG.LND.FRST.ZS,2005,50.9678145425876
MOZ,モザンビーク,AG.LND.FRST.ZS,2006,50.6860347414736
MOZ,モザンビーク,AG.LND.FRST.ZS,2007,50.4042549403596
MOZ,モザンビーク,AG.LND.FRST.ZS,2008,50.1224751392457
MOZ,モザンビーク,AG.LND.FRST.ZS,2009,49.8406953381317
MOZ,モザンビーク,AG.LND.FRST.ZS,2010,49.5589155370177
MOZ,モザンビーク,AG.LND.FRST.ZS,2011,49.2964114041557
MOZ,モザンビーク,AG.LND.FRST.ZS,2012,49.0339072712938
MOZ,モザンビーク,AG.LND.FRST.ZS,2013,48.7714031384318
MOZ,モザンビーク,AG.LND.FRST.ZS,2014,48.5088990055698
MOZ,モザンビーク,AG.LND.FRST.ZS,2015,48.2463948727078
MOZ,モザンビーク,AG.LND.FRST.ZS,2016,47.8500089015489
MOZ,モザンビーク,AG.LND.FRST.ZS,2017,47.5680968488517
MOZ,モザンビーク,AG.LND.FRST.ZS,2018,47.3361072255144
MOZ,モザンビーク,AG.LND.FRST.ZS,2019,47.0079478114906
MOZ,モザンビーク,AG.LND.FRST.ZS,2020,46.7251964699
MOZ,モザンビーク,AG.LND.FRST.ZS,2021,46.412173122409
MOZ,モザンビーク,AG.LND.FRST.ZS,2022,46.1193311121849
MOZ,モザンビーク,AG.LND.FRST.ZS,2023,45.8130349195046
MOZ,モザンビーク,AG.LND.FRST.ZS,2024,
MRT,モーリタニア,AG.LND.FRST.ZS,2000,0.409081206946735
MRT,モーリタニア,AG.LND.FRST.ZS,2001,0.403803240516154
MRT,モーリタニア,AG.LND.FRST.ZS,2002,0.398525274085573
MRT,モーリタニア,AG.LND.FRST.ZS,2003,0.393247307654992
MRT,モーリタニア,AG.LND.FRST.ZS,2004,0.387969341224411
MRT,モーリタニア,AG.LND.FRST.ZS,2005,0.382691374793829
MRT,モーリタニア,AG.LND.FRST.ZS,2006,0.377413408363248
MRT,モーリタニア,AG.LND.FRST.ZS,2007,0.372135441932667
MRT,モーリタニア,AG.LND.FRST.ZS,2008,0.366857475502086
MRT,モーリタニア,AG.LND.FRST.ZS,2009,0.361579509071505
MRT,モーリタニア,AG.LND.FRST.ZS,2010,0.356301542640924
MRT,モーリタニア,AG.LND.FRST.ZS,2011,0.351023576210342
MRT,モーリタニア,AG.LND.FRST.ZS,2012,0.345745609779761
MRT,モーリタニア,AG.LND.FRST.ZS,2013,0.34046764334918
MRT,モーリタニア,AG.LND.FRST.ZS,2014,0.335189676918599
MRT,モーリタニア,AG.LND.FRST.ZS,2015,0.329911710488018
MRT,モーリタニア,AG.LND.FRST.ZS,2016,0.324633744057437
MRT,モーリタニア,AG.LND.FRST.ZS,2017,0.319394586203551
MRT,モーリタニア,AG.LND.FRST.ZS,2018,0.314058406907927
MRT,モーリタニア,AG.LND.FRST.ZS,2019,0.308819249054041
MRT,モーリタニア,AG.LND.FRST.ZS,2020,0.303483069758417
MRT,モーリタニア,AG.LND.FRST.ZS,2021,0.298211603764432
MRT,モーリタニア,AG.LND.FRST.ZS,2022,0.292896963228874
MRT,モーリタニア,AG.LND.FRST.ZS,2023,0.287611138061512
MRT,モーリタニア,AG.LND.FRST.ZS,2024,
MUS,モーリシャス,AG.LND.FRST.ZS,2000,20.6551724137931
MUS,モーリシャス,AG.LND.FRST.ZS,2001,20.4807881773399
MUS,モーリシャス,AG.LND.FRST.ZS,2002,20.3064039408867
MUS,モーリシャス,AG.LND.FRST.ZS,2003,20.1320197044335
MUS,モーリシャス,AG.LND.FRST.ZS,2004,19.9576354679803
MUS,モーリシャス,AG.LND.FRST.ZS,2005,19.7832512315271
MUS,モーリシャス,AG.LND.FRST.ZS,2006,19.6088669950739
MUS,モーリシャス,AG.LND.FRST.ZS,2007,19.4344827586207
MUS,モーリシャス,AG.LND.FRST.ZS,2008,19.2600985221675
MUS,モーリシャス,AG.LND.FRST.ZS,2009,19.0857142857143
MUS,モーリシャス,AG.LND.FRST.ZS,2010,18.9113300492611
MUS,モーリシャス,AG.LND.FRST.ZS,2011,19.21482223335
MUS,モーリシャス,AG.LND.FRST.ZS,2012,19.2058087130696
MUS,モーリシャス,AG.LND.FRST.ZS,2013,19.1967951927892
MUS,モーリシャス,AG.LND.FRST.ZS,2014,19.1877816725088
MUS,モーリシャス,AG.LND.FRST.ZS,2015,19.1787681522283
MUS,モーリシャス,AG.LND.FRST.ZS,2016,19.1737606409614
MUS,モーリシャス,AG.LND.FRST.ZS,2017,19.3540310465699
MUS,モーリシャス,AG.LND.FRST.ZS,2018,19.3740610916375
MUS,モーリシャス,AG.LND.FRST.ZS,2019,19.3940911367051
MUS,モーリシャス,AG.LND.FRST.ZS,2020,19.4141211817727
MUS,モーリシャス,AG.LND.FRST.ZS,2021,19.4341512268403
MUS,モーリシャス,AG.LND.FRST.ZS,2022,19.4541812719079
MUS,モーリシャス,AG.LND.FRST.ZS,2023,19.4742113169755
MUS,モーリシャス,AG.LND.FRST.ZS,2024,
MWI,マラウイ,AG.LND.FRST.ZS,2000,32.6866779804837
MWI,マラウイ,AG.LND.FRST.ZS,2001,32.2411964361476
MWI,マラウイ,AG.LND.FRST.ZS,2002,31.7957148918116
MWI,マラウイ,AG.LND.FRST.ZS,2003,31.3502333474756
MWI,マラウイ,AG.LND.FRST.ZS,2004,30.9047518031396
MWI,マラウイ,AG.LND.FRST.ZS,2005,30.4592702588036
MWI,マラウイ,AG.LND.FRST.ZS,2006,30.0137887144675
MWI,マラウイ,AG.LND.FRST.ZS,2007,29.5683071701315
MWI,マラウイ,AG.LND.FRST.ZS,2008,29.1228256257955
MWI,マラウイ,AG.LND.FRST.ZS,2009,28.6773440814595
MWI,マラウイ,AG.LND.FRST.ZS,2010,28.2318625371235
MWI,マラウイ,AG.LND.FRST.ZS,2011,27.7863809927874
MWI,マラウイ,AG.LND.FRST.ZS,2012,27.3408994484514
MWI,マラウイ,AG.LND.FRST.ZS,2013,26.8954179041154
MWI,マラウイ,AG.LND.FRST.ZS,2014,26.4499363597794
MWI,マラウイ,AG.LND.FRST.ZS,2015,26.0044548154434
MWI,マラウイ,AG.LND.FRST.ZS,2016,25.5589732711073
MWI,マラウイ,AG.LND.FRST.ZS,2017,25.1134917267713
MWI,マラウイ,AG.LND.FRST.ZS,2018,24.6680101824353
MWI,マラウイ,AG.LND.FRST.ZS,2019,24.2225286380993
MWI,マラウイ,AG.LND.FRST.ZS,2020,23.7770470937633
MWI,マラウイ,AG.LND.FRST.ZS,2021,23.3315655494272
MWI,マラウイ,AG.LND.FRST.ZS,2022,22.8860840050912
MWI,マラウイ,AG.LND.FRST.ZS,2023,22.4406024607552
MWI,マラウイ,AG.LND.FRST.ZS,2024,
NAM,ナミビア,AG.LND.FRST.ZS,2000,9.78887633762101
NAM,ナミビア,AG.LND.FRST.ZS,2001,9.70262556328876
NAM,ナミビア,AG.LND.FRST.ZS,2002,9.6163747889565
NAM,ナミビア,AG.LND.FRST.ZS,2003,9.53012401462425
NAM,ナミビア,AG.LND.FRST.ZS,2004,9.443873240292
NAM,ナミビア,AG.LND.FRST.ZS,2005,9.35762246595975
NAM,ナミビア,AG.LND.FRST.ZS,2006,9.2713716916275
NAM,ナミビア,AG.LND.FRST.ZS,2007,9.18512091729524
NAM,ナミビア,AG.LND.FRST.ZS,2008,9.09887014296299
NAM,ナミビア,AG.LND.FRST.ZS,2009,9.01261936863074
NAM,ナミビア,AG.LND.FRST.ZS,2010,8.92636859429849
NAM,ナミビア,AG.LND.FRST.ZS,2011,8.84011952046059
NAM,ナミビア,AG.LND.FRST.ZS,2012,8.7538704466227
NAM,ナミビア,AG.LND.FRST.ZS,2013,8.6676213727848
NAM,ナミビア,AG.LND.FRST.ZS,2014,8.58137229894691
NAM,ナミビア,AG.LND.FRST.ZS,2015,8.49512322510901
NAM,ナミビア,AG.LND.FRST.ZS,2016,8.40887172199347
NAM,ナミビア,AG.LND.FRST.ZS,2017,8.32262021887792
NAM,ナミビア,AG.LND.FRST.ZS,2018,8.23636871576237
NAM,ナミビア,AG.LND.FRST.ZS,2019,8.15011721264682
NAM,ナミビア,AG.LND.FRST.ZS,2020,8.06386570953127
NAM,ナミビア,AG.LND.FRST.ZS,2021,7.97761420641572
NAM,ナミビア,AG.LND.FRST.ZS,2022,7.89136270330017
NAM,ナミビア,AG.LND.FRST.ZS,2023,7.80511120018463
NAM,ナミビア,AG.LND.FRST.ZS,2024,
NER,ニジェール,AG.LND.FRST.ZS,2000,1.04847240862083
NER,ニジェール,AG.LND.FRST.ZS,2001,1.03866740348938
NER,ニジェール,AG.LND.FRST.ZS,2002,1.02886239835794
NER,ニジェール,AG.LND.FRST.ZS,2003,1.01905739322649
NER,ニジェール,AG.LND.FRST.ZS,2004,1.00925238809505
NER,ニジェール,AG.LND.FRST.ZS,2005,0.999447382963606
NER,ニジェール,AG.LND.FRST.ZS,2006,0.989642377832162
NER,ニジェール,AG.LND.FRST.ZS,2007,0.979837372700718
NER,ニジェール,AG.LND.FRST.ZS,2008,0.970032367569274
NER,ニジェール,AG.LND.FRST.ZS,2009,0.960227362437831
NER,ニジェール,AG.LND.FRST.ZS,2010,0.950422357306387
NER,ニジェール,AG.LND.FRST.ZS,2011,0.940617352174943
NER,ニジェール,AG.LND.FRST.ZS,2012,0.930812347043499
NER,ニジェール,AG.LND.FRST.ZS,2013,0.921007341912055
NER,ニジェール,AG.LND.FRST.ZS,2014,0.911202336780611
NER,ニジェール,AG.LND.FRST.ZS,2015,0.901397331649167
NER,ニジェール,AG.LND.FRST.ZS,2016,0.891592326517723
NER,ニジェール,AG.LND.FRST.ZS,2017,0.881787321386279
NER,ニジェール,AG.LND.FRST.ZS,2018,0.871982316254835
NER,ニジェール,AG.LND.FRST.ZS,2019,0.862177311123392
NER,ニジェール,AG.LND.FRST.ZS,2020,0.852372305991948
NER,ニジェール,AG.LND.FRST.ZS,2021,0.842567300860504
NER,ニジェール,AG.LND.FRST.ZS,2022,0.83276229572906
NER,ニジェール,AG.LND.FRST.ZS,2023,0.822957290597616
NER,ニジェール,AG.LND.FRST.ZS,2024,
NGA,ナイジェリア,AG.LND.FRST.ZS,2000,27.3318620507922
NGA,ナイジェリア,AG.LND.FRST.ZS,2001,27.1525566279083
NGA,ナイジェリア,AG.LND.FRST.ZS,2002,26.9732512050243
NGA,ナイジェリア,AG.LND.FRST.ZS,2003,26.7939457821404
NGA,ナイジェリア,AG.LND.FRST.ZS,2004,26.6146403592565
NGA,ナイジェリア,AG.LND.FRST.ZS,2005,26.4353349363725
NGA,ナイジェリア,AG.LND.FRST.ZS,2006,26.2560295134886
NGA,ナイジェリア,AG.LND.FRST.ZS,2007,26.0767240906047
NGA,ナイジェリア,AG.LND.FRST.ZS,2008,25.8974186677207
NGA,ナイジェリア,AG.LND.FRST.ZS,2009,25.7181132448368
NGA,ナイジェリア,AG.LND.FRST.ZS,2010,25.5388078219529
NGA,ナイジェリア,AG.LND.FRST.ZS,2011,25.3595023990689
NGA,ナイジェリア,AG.LND.FRST.ZS,2012,25.180196976185
NGA,ナイジェリア,AG.LND.FRST.ZS,2013,25.0008915533011
NGA,ナイジェリア,AG.LND.FRST.ZS,2014,24.8215861304171
NGA,ナイジェリア,AG.LND.FRST.ZS,2015,24.6422807075332
NGA,ナイジェリア,AG.LND.FRST.ZS,2016,24.4629795667402
NGA,ナイジェリア,AG.LND.FRST.ZS,2017,24.2836830374299
NGA,ナイジェリア,AG.LND.FRST.ZS,2018,24.1043842023782
NGA,ナイジェリア,AG.LND.FRST.ZS,2019,23.9250853673265
NGA,ナイジェリア,AG.LND.FRST.ZS,2020,23.7457865322749
NGA,ナイジェリア,AG.LND.FRST.ZS,2021,23.5664876972232
NGA,ナイジェリア,AG.LND.FRST.ZS,2022,23.3871888621716
NGA,ナイジェリア,AG.LND.FRST.ZS,2023,23.2078900271199
NGA,ナイジェリア,AG.LND.FRST.ZS,2024,
RWA,ルワンダ,AG.LND.FRST.ZS,2000,11.6335630320227
RWA,ルワンダ,AG.LND.FRST.ZS,2001,11.5443858937981
RWA,ルワンダ,AG.LND.FRST.ZS,2002,11.4552087555736
RWA,ルワンダ,AG.LND.FRST.ZS,2003,11.366031617349
RWA,ルワンダ,AG.LND.FRST.ZS,2004,11.2768544791244
RWA,ルワンダ,AG.LND.FRST.ZS,2005,11.1876773408999
RWA,ルワンダ,AG.LND.FRST.ZS,2006,11.0985002026753
RWA,ルワンダ,AG.LND.FRST.ZS,2007,11.0093230644508
RWA,ルワンダ,AG.LND.FRST.ZS,2008,10.9201459262262
RWA,ルワンダ,AG.LND.FRST.ZS,2009,10.8309687880016
RWA,ルワンダ,AG.LND.FRST.ZS,2010,10.7417916497771
RWA,ルワンダ,AG.LND.FRST.ZS,2011,10.7823267126064
RWA,ルワンダ,AG.LND.FRST.ZS,2012,10.8228617754358
RWA,ルワンダ,AG.LND.FRST.ZS,2013,10.8633968382651
RWA,ルワンダ,AG.LND.FRST.ZS,2014,10.9039319010944
RWA,ルワンダ,AG.LND.FRST.ZS,2015,10.9444669639238
RWA,ルワンダ,AG.LND.FRST.ZS,2016,11.0255370895825
RWA,ルワンダ,AG.LND.FRST.ZS,2017,11.0660721524118
RWA,ルワンダ,AG.LND.FRST.ZS,2018,11.1066072152412
RWA,ルワンダ,AG.LND.FRST.ZS,2019,11.1471422780705
RWA,ルワンダ,AG.LND.FRST.ZS,2020,11.1876773408999
RWA,ルワンダ,AG.LND.FRST.ZS,2021,11.2282124037292
RWA,ルワンダ,AG.LND.FRST.ZS,2022,11.2687474665586
RWA,ルワンダ,AG.LND.FRST.ZS,2023,11.3092825293879
RWA,ルワンダ,AG.LND.FRST.ZS,2024,
SDN,スーダン,AG.LND.FRST.ZS,2000,
SDN,スーダン,AG.LND.FRST.ZS,2001,
SDN,スーダン,AG.LND.FRST.ZS,2002,
SDN,スーダン,AG.LND.FRST.ZS,2003,
SDN,スーダン,AG.LND.FRST.ZS,2004,
SDN,スーダン,AG.LND.FRST.ZS,2005,
SDN,スーダン,AG.LND.FRST.ZS,2006,
SDN,スーダン,AG.LND.FRST.ZS,2007,
SDN,スーダン,AG.LND.FRST.ZS,2008,
SDN,スーダン,AG.LND.FRST.ZS,2009,
SDN,スーダン,AG.LND.FRST.ZS,2010,
SDN,スーダン,AG.LND.FRST.ZS,2011,
SDN,スーダン,AG.LND.FRST.ZS,2012,10.5635299785867
SDN,スーダン,AG.LND.FRST.ZS,2013,10.4702494646681
SDN,スーダン,AG.LND.FRST.ZS,2014,10.3769689507495
SDN,スーダン,AG.LND.FRST.ZS,2015,10.2836884368308
SDN,スーダン,AG.LND.FRST.ZS,2016,10.1971038543897
SDN,スーダン,AG.LND.FRST.ZS,2017,10.1049411134904
SDN,スーダン,AG.LND.FRST.ZS,2018,10.0128479657388
SDN,スーダン,AG.LND.FRST.ZS,2019,9.92077087794432
SDN,スーダン,AG.LND.FRST.ZS,2020,9.82869379014989
SDN,スーダン,AG.LND.FRST.ZS,2021,9.73608137044968
SDN,スーダン,AG.LND.FRST.ZS,2022,9.64400428265525
SDN,スーダン,AG.LND.FRST.ZS,2023,9.55196466809422
SDN,スーダン,AG.LND.FRST.ZS,2024,
SEN,セネガル,AG.LND.FRST.ZS,2000,45.9832753337142
SEN,セネガル,AG.LND.FRST.ZS,2001,45.7833064976887
SEN,セネガル,AG.LND.FRST.ZS,2002,45.5833376616631
SEN,セネガル,AG.LND.FRST.ZS,2003,45.3833688256376
SEN,セネガル,AG.LND.FRST.ZS,2004,45.183399989612
SEN,セネガル,AG.LND.FRST.ZS,2005,44.9834311535865
SEN,セネガル,AG.LND.FRST.ZS,2006,44.7834623175609
SEN,セネガル,AG.LND.FRST.ZS,2007,44.5834934815353
SEN,セネガル,AG.LND.FRST.ZS,2008,44.3835246455098
SEN,セネガル,AG.LND.FRST.ZS,2009,44.1835558094842
SEN,セネガル,AG.LND.FRST.ZS,2010,43.9835869734587
SEN,セネガル,AG.LND.FRST.ZS,2011,43.7758271438217
SEN,セネガル,AG.LND.FRST.ZS,2012,43.5680673141848
SEN,セネガル,AG.LND.FRST.ZS,2013,43.3603074845479
SEN,セネガル,AG.LND.FRST.ZS,2014,43.1525476549109
SEN,セネガル,AG.LND.FRST.ZS,2015,42.944787825274
SEN,セネガル,AG.LND.FRST.ZS,2016,42.737027995637
SEN,セネガル,AG.LND.FRST.ZS,2017,42.5292681660001
SEN,セネガル,AG.LND.FRST.ZS,2018,42.3215083363632
SEN,セネガル,AG.LND.FRST.ZS,2019,42.1137485067262
SEN,セネガル,AG.LND.FRST.ZS,2020,41.9059886770893
SEN,セネガル,AG.LND.FRST.ZS,2021,41.6982288474523
SEN,セネガル,AG.LND.FRST.ZS,2022,41.4904690178154
SEN,セネガル,AG.LND.FRST.ZS,2023,41.2827091881785
SEN,セネガル,AG.LND.FRST.ZS,2024,
SLE,シエラレオネ,AG.LND.FRST.ZS,2000,40.5850651149903
SLE,シエラレオネ,AG.LND.FRST.ZS,2001,40.3117622610141
SLE,シエラレオネ,AG.LND.FRST.ZS,2002,40.038459407038
SLE,シエラレオネ,AG.LND.FRST.ZS,2003,39.7651565530618
SLE,シエラレオネ,AG.LND.FRST.ZS,2004,39.4918536990856
SLE,シエラレオネ,AG.LND.FRST.ZS,2005,39.2185508451094
SLE,シエラレオネ,AG.LND.FRST.ZS,2006,38.9452479911333
SLE,シエラレオネ,AG.LND.FRST.ZS,2007,38.6719451371571
SLE,シエラレオネ,AG.LND.FRST.ZS,2008,38.3986422831809
SLE,シエラレオネ,AG.LND.FRST.ZS,2009,38.1253394292048
SLE,シエラレオネ,AG.LND.FRST.ZS,2010,37.8520365752286
SLE,シエラレオネ,AG.LND.FRST.ZS,2011,37.5787475755057
SLE,シエラレオネ,AG.LND.FRST.ZS,2012,37.3054585757828
SLE,シエラレオネ,AG.LND.FRST.ZS,2013,37.0321695760599
SLE,シエラレオネ,AG.LND.FRST.ZS,2014,36.7588805763369
SLE,シエラレオネ,AG.LND.FRST.ZS,2015,36.485591576614
SLE,シエラレオネ,AG.LND.FRST.ZS,2016,36.2122471598781
SLE,シエラレオネ,AG.LND.FRST.ZS,2017,35.9389027431422
SLE,シエラレオネ,AG.LND.FRST.ZS,2018,35.6655583264062
SLE,シエラレオネ,AG.LND.FRST.ZS,2019,35.3922139096703
SLE,シエラレオネ,AG.LND.FRST.ZS,2020,35.1188694929343
SLE,シエラレオネ,AG.LND.FRST.ZS,2021,34.8455250761984
SLE,シエラレオネ,AG.LND.FRST.ZS,2022,34.5721806594625
SLE,シエラレオネ,AG.LND.FRST.ZS,2023,34.2988362427265
SLE,シエラレオネ,AG.LND.FRST.ZS,2024,
SOM,ソマリア,AG.LND.FRST.ZS,2000,11.9791500621672
SOM,ソマリア,AG.LND.FRST.ZS,2001,11.8568081104345
SOM,ソマリア,AG.LND.FRST.ZS,2002,11.7344661587018
SOM,ソマリア,AG.LND.FRST.ZS,2003,11.6121242069691
SOM,ソマリア,AG.LND.FRST.ZS,2004,11.4897822552364
SOM,ソマリア,AG.LND.FRST.ZS,2005,11.3674403035037
SOM,ソマリア,AG.LND.FRST.ZS,2006,11.245098351771
SOM,ソマリア,AG.LND.FRST.ZS,2007,11.1227564000383
SOM,ソマリア,AG.LND.FRST.ZS,2008,11.0004144483055
SOM,ソマリア,AG.LND.FRST.ZS,2009,10.8780724965728
SOM,ソマリア,AG.LND.FRST.ZS,2010,10.7557305448401
SOM,ソマリア,AG.LND.FRST.ZS,2011,10.6333885931074
SOM,ソマリア,AG.LND.FRST.ZS,2012,10.5110466413747
SOM,ソマリア,AG.LND.FRST.ZS,2013,10.388704689642
SOM,ソマリア,AG.LND.FRST.ZS,2014,10.2663627379093
SOM,ソマリア,AG.LND.FRST.ZS,2015,10.1440207861766
SOM,ソマリア,AG.LND.FRST.ZS,2016,10.0216788344438
SOM,ソマリア,AG.LND.FRST.ZS,2017,9.89933688271113
SOM,ソマリア,AG.LND.FRST.ZS,2018,9.77699493097842
SOM,ソマリア,AG.LND.FRST.ZS,2019,9.6546529792457
SOM,ソマリア,AG.LND.FRST.ZS,2020,9.53231102751299
SOM,ソマリア,AG.LND.FRST.ZS,2021,9.40996907578028
SOM,ソマリア,AG.LND.FRST.ZS,2022,9.28762712404757
SOM,ソマリア,AG.LND.FRST.ZS,2023,9.16528517231485
SOM,ソマリア,AG.LND.FRST.ZS,2024,
SSD,南スーダン,AG.LND.FRST.ZS,2000,
SSD,南スーダン,AG.LND.FRST.ZS,2001,
SSD,南スーダン,AG.LND.FRST.ZS,2002,
SSD,南スーダン,AG.LND.FRST.ZS,2003,
SSD,南スーダン,AG.LND.FRST.ZS,2004,
SSD,南スーダン,AG.LND.FRST.ZS,2005,
SSD,南スーダン,AG.LND.FRST.ZS,2006,
SSD,南スーダン,AG.LND.FRST.ZS,2007,
SSD,南スーダン,AG.LND.FRST.ZS,2008,
SSD,南スーダン,AG.LND.FRST.ZS,2009,
SSD,南スーダン,AG.LND.FRST.ZS,2010,
SSD,南スーダン,AG.LND.FRST.ZS,2011,
SSD,南スーダン,AG.LND.FRST.ZS,2012,11.3256215087114
SSD,南スーダン,AG.LND.FRST.ZS,2013,11.3256215087114
SSD,南スーダン,AG.LND.FRST.ZS,2014,11.3256215087114
SSD,南スーダン,AG.LND.FRST.ZS,2015,11.3256215087114
SSD,南スーダン,AG.LND.FRST.ZS,2016,11.3256215087114
SSD,南スーダン,AG.LND.FRST.ZS,2017,11.3256215087114
SSD,南スーダン,AG.LND.FRST.ZS,2018,11.3256215087114
SSD,南スーダン,AG.LND.FRST.ZS,2019,11.3256215087114
SSD,南スーダン,AG.LND.FRST.ZS,2020,11.3256215087114
SSD,南スーダン,AG.LND.FRST.ZS,2021,11.3256215087114
SSD,南スーダン,AG.LND.FRST.ZS,2022,11.3256215087114
SSD,南スーダン,AG.LND.FRST.ZS,2023,11.3256215087114
SSD,南スーダン,AG.LND.FRST.ZS,2024,
STP,サントメ・プリンシペ,AG.LND.FRST.ZS,2000,60.7916666666667
STP,サントメ・プリンシペ,AG.LND.FRST.ZS,2001,60.7645833333333
STP,サントメ・プリンシペ,AG.LND.FRST.ZS,2002,60.7375
STP,サントメ・プリンシペ,AG.LND.FRST.ZS,2003,60.7104166666667
STP,サントメ・プリンシペ,AG.LND.FRST.ZS,2004,60.6833333333333
STP,サントメ・プリンシペ,AG.LND.FRST.ZS,2005,60.65625
STP,サントメ・プリンシペ,AG.LND.FRST.ZS,2006,60.6291666666667
STP,サントメ・プリンシペ,AG.LND.FRST.ZS,2007,60.6020833333333
STP,サントメ・プリンシペ,AG.LND.FRST.ZS,2008,60.575
STP,サントメ・プリンシペ,AG.LND.FRST.ZS,2009,60.5479166666667
STP,サントメ・プリンシペ,AG.LND.FRST.ZS,2010,60.5208333333333
STP,サントメ・プリンシペ,AG.LND.FRST.ZS,2011,59.875
STP,サントメ・プリンシペ,AG.LND.FRST.ZS,2012,59.2291666666667
STP,サントメ・プリンシペ,AG.LND.FRST.ZS,2013,58.5833333333333
STP,サントメ・プリンシペ,AG.LND.FRST.ZS,2014,57.9375
STP,サントメ・プリンシペ,AG.LND.FRST.ZS,2015,57.2916666666667
STP,サントメ・プリンシペ,AG.LND.FRST.ZS,2016,56.6458333333333
STP,サントメ・プリンシペ,AG.LND.FRST.ZS,2017,56
STP,サントメ・プリンシペ,AG.LND.FRST.ZS,2018,55.3541666666667
STP,サントメ・プリンシペ,AG.LND.FRST.ZS,2019,54.7083333333333
STP,サントメ・プリンシペ,AG.LND.FRST.ZS,2020,54.0625
STP,サントメ・プリンシペ,AG.LND.FRST.ZS,2021,53.4166666666667
STP,サントメ・プリンシペ,AG.LND.FRST.ZS,2022,52.7708333333333
STP,サントメ・プリンシペ,AG.LND.FRST.ZS,2023,52.125
STP,サントメ・プリンシペ,AG.LND.FRST.ZS,2024,
SWZ,エスワティニ,AG.LND.FRST.ZS,2000,27.5162790697674
SWZ,エスワティニ,AG.LND.FRST.ZS,2001,27.5869186046512
SWZ,エスワティニ,AG.LND.FRST.ZS,2002,27.6575581395349
SWZ,エスワティニ,AG.LND.FRST.ZS,2003,27.7281976744186
SWZ,エスワティニ,AG.LND.FRST.ZS,2004,27.7988372093023
SWZ,エスワティニ,AG.LND.FRST.ZS,2005,27.8694767441861
SWZ,エスワティニ,AG.LND.FRST.ZS,2006,27.9401162790698
SWZ,エスワティニ,AG.LND.FRST.ZS,2007,28.0107558139535
SWZ,エスワティニ,AG.LND.FRST.ZS,2008,28.0813953488372
SWZ,エスワティニ,AG.LND.FRST.ZS,2009,28.1520348837209
SWZ,エスワティニ,AG.LND.FRST.ZS,2010,28.2226744186047
SWZ,エスワティニ,AG.LND.FRST.ZS,2011,28.2932558139535
SWZ,エスワティニ,AG.LND.FRST.ZS,2012,28.3638372093023
SWZ,エスワティニ,AG.LND.FRST.ZS,2013,28.4344186046512
SWZ,エスワティニ,AG.LND.FRST.ZS,2014,28.505
SWZ,エスワティニ,AG.LND.FRST.ZS,2015,28.5755813953488
SWZ,エスワティニ,AG.LND.FRST.ZS,2016,28.646511627907
SWZ,エスワティニ,AG.LND.FRST.ZS,2017,28.7168604651163
SWZ,エスワティニ,AG.LND.FRST.ZS,2018,28.7872093023256
SWZ,エスワティニ,AG.LND.FRST.ZS,2019,28.8575581395349
SWZ,エスワティニ,AG.LND.FRST.ZS,2020,28.9279069767442
SWZ,エスワティニ,AG.LND.FRST.ZS,2021,28.9982558139535
SWZ,エスワティニ,AG.LND.FRST.ZS,2022,29.0686046511628
SWZ,エスワティニ,AG.LND.FRST.ZS,2023,29.1389534883721
SWZ,エスワティニ,AG.LND.FRST.ZS,2024,
SYC,セーシェル,AG.LND.FRST.ZS,2000,73.2608695652174
SYC,セーシェル,AG.LND.FRST.ZS,2001,73.2608695652174
SYC,セーシェル,AG.LND.FRST.ZS,2002,73.2608695652174
SYC,セーシェル,AG.LND.FRST.ZS,2003,73.2608695652174
SYC,セーシェル,AG.LND.FRST.ZS,2004,73.2608695652174
SYC,セーシェル,AG.LND.FRST.ZS,2005,73.2608695652174
SYC,セーシェル,AG.LND.FRST.ZS,2006,73.2608695652174
SYC,セーシェル,AG.LND.FRST.ZS,2007,73.2608695652174
SYC,セーシェル,AG.LND.FRST.ZS,2008,73.2608695652174
SYC,セーシェル,AG.LND.FRST.ZS,2009,73.2608695652174
SYC,セーシェル,AG.LND.FRST.ZS,2010,73.2608695652174
SYC,セーシェル,AG.LND.FRST.ZS,2011,73.2608695652174
SYC,セーシェル,AG.LND.FRST.ZS,2012,73.2608695652174
SYC,セーシェル,AG.LND.FRST.ZS,2013,73.2608695652174
SYC,セーシェル,AG.LND.FRST.ZS,2014,73.2608695652174
SYC,セーシェル,AG.LND.FRST.ZS,2015,73.2608695652174
SYC,セーシェル,AG.LND.FRST.ZS,2016,73.2608695652174
SYC,セーシェル,AG.LND.FRST.ZS,2017,73.2608695652174
SYC,セーシェル,AG.LND.FRST.ZS,2018,73.2608695652174
SYC,セーシェル,AG.LND.FRST.ZS,2019,73.2608695652174
SYC,セーシェル,AG.LND.FRST.ZS,2020,73.2608695652174
SYC,セーシェル,AG.LND.FRST.ZS,2021,73.2608695652174
SYC,セーシェル,AG.LND.FRST.ZS,2022,73.2608695652174
SYC,セーシェル,AG.LND.FRST.ZS,2023,73.2608695652174
SYC,セーシェル,AG.LND.FRST.ZS,2024,
TCD,チャド,AG.LND.FRST.ZS,2000,5.0452668360864
TCD,チャド,AG.LND.FRST.ZS,2001,4.97990787801779
TCD,チャド,AG.LND.FRST.ZS,2002,4.91454891994917
TCD,チャド,AG.LND.FRST.ZS,2003,4.84918996188056
TCD,チャド,AG.LND.FRST.ZS,2004,4.78383100381194
TCD,チャド,AG.LND.FRST.ZS,2005,4.71847204574333
TCD,チャド,AG.LND.FRST.ZS,2006,4.65311308767471
TCD,チャド,AG.LND.FRST.ZS,2007,4.5877541296061
TCD,チャド,AG.LND.FRST.ZS,2008,4.52239517153748
TCD,チャド,AG.LND.FRST.ZS,2009,4.45703621346887
TCD,チャド,AG.LND.FRST.ZS,2010,4.39167725540025
TCD,チャド,AG.LND.FRST.ZS,2011,4.29002541296061
TCD,チャド,AG.LND.FRST.ZS,2012,4.18837357052097
TCD,チャド,AG.LND.FRST.ZS,2013,4.08672172808132
TCD,チャド,AG.LND.FRST.ZS,2014,3.98506988564168
TCD,チャド,AG.LND.FRST.ZS,2015,3.88341804320203
TCD,チャド,AG.LND.FRST.ZS,2016,3.78732528589581
TCD,チャド,AG.LND.FRST.ZS,2017,3.69361499364676
TCD,チャド,AG.LND.FRST.ZS,2018,3.60149301143583
TCD,チャド,AG.LND.FRST.ZS,2019,3.51175349428208
TCD,チャド,AG.LND.FRST.ZS,2020,3.42519059720457
TCD,チャド,AG.LND.FRST.ZS,2021,3.33650992693774
TCD,チャド,AG.LND.FRST.ZS,2022,3.24924110546379
TCD,チャド,AG.LND.FRST.ZS,2023,3.16103105146125
TCD,チャド,AG.LND.FRST.ZS,2024,
TGO,トーゴ,AG.LND.FRST.ZS,2000,23.3216400073543
TGO,トーゴ,AG.LND.FRST.ZS,2001,23.2672292700864
TGO,トーゴ,AG.LND.FRST.ZS,2002,23.2128185328185
TGO,トーゴ,AG.LND.FRST.ZS,2003,23.1584077955507
TGO,トーゴ,AG.LND.FRST.ZS,2004,23.1039970582828
TGO,トーゴ,AG.LND.FRST.ZS,2005,23.0495863210149
TGO,トーゴ,AG.LND.FRST.ZS,2006,22.995175583747
TGO,トーゴ,AG.LND.FRST.ZS,2007,22.9407648464791
TGO,トーゴ,AG.LND.FRST.ZS,2008,22.8863541092113
TGO,トーゴ,AG.LND.FRST.ZS,2009,22.8319433719434
TGO,トーゴ,AG.LND.FRST.ZS,2010,22.7775326346755
TGO,トーゴ,AG.LND.FRST.ZS,2011,22.723110865968
TGO,トーゴ,AG.LND.FRST.ZS,2012,22.6686890972605
TGO,トーゴ,AG.LND.FRST.ZS,2013,22.614267328553
TGO,トーゴ,AG.LND.FRST.ZS,2014,22.5598455598456
TGO,トーゴ,AG.LND.FRST.ZS,2015,22.5054237911381
TGO,トーゴ,AG.LND.FRST.ZS,2016,22.4510020224306
TGO,トーゴ,AG.LND.FRST.ZS,2017,22.3965802537231
TGO,トーゴ,AG.LND.FRST.ZS,2018,22.3421584850156
TGO,トーゴ,AG.LND.FRST.ZS,2019,22.2877367163081
TGO,トーゴ,AG.LND.FRST.ZS,2020,22.2333149476007
TGO,トーゴ,AG.LND.FRST.ZS,2021,22.1788931788932
TGO,トーゴ,AG.LND.FRST.ZS,2022,22.1244714101857
TGO,トーゴ,AG.LND.FRST.ZS,2023,22.0700496414782
TGO,トーゴ,AG.LND.FRST.ZS,2024,
TUN,チュニジア,AG.LND.FRST.ZS,2000,4.29872554067971
TUN,チュニジア,AG.LND.FRST.ZS,2001,4.31132852729145
TUN,チュニジア,AG.LND.FRST.ZS,2002,4.32393151390319
TUN,チュニジア,AG.LND.FRST.ZS,2003,4.33653450051493
TUN,チュニジア,AG.LND.FRST.ZS,2004,4.34913748712667
TUN,チュニジア,AG.LND.FRST.ZS,2005,4.36174047373841
TUN,チュニジア,AG.LND.FRST.ZS,2006,4.37434346035015
TUN,チュニジア,AG.LND.FRST.ZS,2007,4.3869464469619
TUN,チュニジア,AG.LND.FRST.ZS,2008,4.39954943357364
TUN,チュニジア,AG.LND.FRST.ZS,2009,4.41215242018538
TUN,チュニジア,AG.LND.FRST.ZS,2010,4.42475540679712
TUN,チュニジア,AG.LND.FRST.ZS,2011,4.4346035015448
TUN,チュニジア,AG.LND.FRST.ZS,2012,4.44445159629248
TUN,チュニジア,AG.LND.FRST.ZS,2013,4.45429969104016
TUN,チュニジア,AG.LND.FRST.ZS,2014,4.46414778578785
TUN,チュニジア,AG.LND.FRST.ZS,2015,4.47399588053553
TUN,チュニジア,AG.LND.FRST.ZS,2016,4.48384397528321
TUN,チュニジア,AG.LND.FRST.ZS,2017,4.4936920700309
TUN,チュニジア,AG.LND.FRST.ZS,2018,4.50354016477858
TUN,チュニジア,AG.LND.FRST.ZS,2019,4.51338825952626
TUN,チュニジア,AG.LND.FRST.ZS,2020,4.52323635427395
TUN,チュニジア,AG.LND.FRST.ZS,2021,4.53308444902163
TUN,チュニジア,AG.LND.FRST.ZS,2022,4.54293254376931
TUN,チュニジア,AG.LND.FRST.ZS,2023,4.55278063851699
TUN,チュニジア,AG.LND.FRST.ZS,2024,
TZA,タンザニア,AG.LND.FRST.ZS,2000,60.5893090991194
TZA,タンザニア,AG.LND.FRST.ZS,2001,60.1693497403477
TZA,タンザニア,AG.LND.FRST.ZS,2002,59.749390381576
TZA,タンザニア,AG.LND.FRST.ZS,2003,59.3294310228042
TZA,タンザニア,AG.LND.FRST.ZS,2004,58.9094716640325
TZA,タンザニア,AG.LND.FRST.ZS,2005,58.4895123052608
TZA,タンザニア,AG.LND.FRST.ZS,2006,58.069552946489
TZA,タンザニア,AG.LND.FRST.ZS,2007,57.6495935877173
TZA,タンザニア,AG.LND.FRST.ZS,2008,57.2296342289456
TZA,タンザニア,AG.LND.FRST.ZS,2009,56.8096748701739
TZA,タンザニア,AG.LND.FRST.ZS,2010,56.3897155114021
TZA,タンザニア,AG.LND.FRST.ZS,2011,55.9697538947844
TZA,タンザニア,AG.LND.FRST.ZS,2012,55.5497922781666
TZA,タンザニア,AG.LND.FRST.ZS,2013,55.1298306615489
TZA,タンザニア,AG.LND.FRST.ZS,2014,54.7098690449311
TZA,タンザニア,AG.LND.FRST.ZS,2015,54.2899074283134
TZA,タンザニア,AG.LND.FRST.ZS,2016,53.7604425378189
TZA,タンザニア,AG.LND.FRST.ZS,2017,53.2309776473245
TZA,タンザニア,AG.LND.FRST.ZS,2018,52.70151275683
TZA,タンザニア,AG.LND.FRST.ZS,2019,52.1720478663355
TZA,タンザニア,AG.LND.FRST.ZS,2020,51.642582975841
TZA,タンザニア,AG.LND.FRST.ZS,2021,51.1131180853466
TZA,タンザニア,AG.LND.FRST.ZS,2022,50.5836531948521
TZA,タンザニア,AG.LND.FRST.ZS,2023,50.0541883043576
TZA,タンザニア,AG.LND.FRST.ZS,2024,
UGA,ウガンダ,AG.LND.FRST.ZS,2000,15.8297882988839
UGA,ウガンダ,AG.LND.FRST.ZS,2001,15.6233271608028
UGA,ウガンダ,AG.LND.FRST.ZS,2002,15.4168660227216
UGA,ウガンダ,AG.LND.FRST.ZS,2003,15.2104048846404
UGA,ウガンダ,AG.LND.FRST.ZS,2004,15.0039437465592
UGA,ウガンダ,AG.LND.FRST.ZS,2005,14.7974826084781
UGA,ウガンダ,AG.LND.FRST.ZS,2006,14.5910214703969
UGA,ウガンダ,AG.LND.FRST.ZS,2007,14.3845603323157
UGA,ウガンダ,AG.LND.FRST.ZS,2008,14.1780991942345
UGA,ウガンダ,AG.LND.FRST.ZS,2009,13.9716380561533
UGA,ウガンダ,AG.LND.FRST.ZS,2010,13.7164372631159
UGA,ウガンダ,AG.LND.FRST.ZS,2011,13.5107121484141
UGA,ウガンダ,AG.LND.FRST.ZS,2012,13.3049870337123
UGA,ウガンダ,AG.LND.FRST.ZS,2013,13.0992619190106
UGA,ウガンダ,AG.LND.FRST.ZS,2014,12.8935368043088
UGA,ウガンダ,AG.LND.FRST.ZS,2015,12.687811689607
UGA,ウガンダ,AG.LND.FRST.ZS,2016,12.4820965489727
UGA,ウガンダ,AG.LND.FRST.ZS,2017,12.2763814083383
UGA,ウガンダ,AG.LND.FRST.ZS,2018,12.070666267704
UGA,ウガンダ,AG.LND.FRST.ZS,2019,11.8649012567325
UGA,ウガンダ,AG.LND.FRST.ZS,2020,11.6591861160981
UGA,ウガンダ,AG.LND.FRST.ZS,2021,11.4534375623379
UGA,ウガンダ,AG.LND.FRST.ZS,2022,11.2477114502294
UGA,ウガンダ,AG.LND.FRST.ZS,2023,11.0419703770197
UGA,ウガンダ,AG.LND.FRST.ZS,2024,
ZAF,南アフリカ共和国,AG.LND.FRST.ZS,2000,14.6552110725503
ZAF,南アフリカ共和国,AG.LND.FRST.ZS,2001,14.6252050548599
ZAF,南アフリカ共和国,AG.LND.FRST.ZS,2002,14.5951990371695
ZAF,南アフリカ共和国,AG.LND.FRST.ZS,2003,14.5651930194792
ZAF,南アフリカ共和国,AG.LND.FRST.ZS,2004,14.5351870017888
ZAF,南アフリカ共和国,AG.LND.FRST.ZS,2005,14.5051809840985
ZAF,南アフリカ共和国,AG.LND.FRST.ZS,2006,14.4751749664081
ZAF,南アフリカ共和国,AG.LND.FRST.ZS,2007,14.4451689487177
ZAF,南アフリカ共和国,AG.LND.FRST.ZS,2008,14.4151629310274
ZAF,南アフリカ共和国,AG.LND.FRST.ZS,2009,14.385156913337
ZAF,南アフリカ共和国,AG.LND.FRST.ZS,2010,14.3551508956467
ZAF,南アフリカ共和国,AG.LND.FRST.ZS,2011,14.3251448779563
ZAF,南アフリカ共和国,AG.LND.FRST.ZS,2012,14.2951388602659
ZAF,南アフリカ共和国,AG.LND.FRST.ZS,2013,14.2651328425756
ZAF,南アフリカ共和国,AG.LND.FRST.ZS,2014,14.2351268248852
ZAF,南アフリカ共和国,AG.LND.FRST.ZS,2015,14.2051208071948
ZAF,南アフリカ共和国,AG.LND.FRST.ZS,2016,14.1751147895045
ZAF,南アフリカ共和国,AG.LND.FRST.ZS,2017,14.1451087718141
ZAF,南アフリカ共和国,AG.LND.FRST.ZS,2018,14.1151027541238
ZAF,南アフリカ共和国,AG.LND.FRST.ZS,2019,14.0850967364334
ZAF,南アフリカ共和国,AG.LND.FRST.ZS,2020,14.055090718743
ZAF,南アフリカ共和国,AG.LND.FRST.ZS,2021,14.0250847010527
ZAF,南アフリカ共和国,AG.LND.FRST.ZS,2022,13.9950786833623
ZAF,南アフリカ共和国,AG.LND.FRST.ZS,2023,13.965072665672
ZAF,南アフリカ共和国,AG.LND.FRST.ZS,2024,
ZMB,ザンビア,AG.LND.FRST.ZS,2000,63.2965199962335
ZMB,ザンビア,AG.LND.FRST.ZS,2001,63.2483622324756
ZMB,ザンビア,AG.LND.FRST.ZS,2002,63.2002044687176
ZMB,ザンビア,AG.LND.FRST.ZS,2003,63.1520467049597
ZMB,ザンビア,AG.LND.FRST.ZS,2004,63.1038889412018
ZMB,ザンビア,AG.LND.FRST.ZS,2005,63.0557311774439
ZMB,ザンビア,AG.LND.FRST.ZS,2006,63.0075734136859
ZMB,ザンビア,AG.LND.FRST.ZS,2007,62.959415649928
ZMB,ザンビア,AG.LND.FRST.ZS,2008,62.9112578861701
ZMB,ザンビア,AG.LND.FRST.ZS,2009,62.8631001224122
ZMB,ザンビア,AG.LND.FRST.ZS,2010,62.8149423586543
ZMB,ザンビア,AG.LND.FRST.ZS,2011,62.5618047054709
ZMB,ザンビア,AG.LND.FRST.ZS,2012,62.3086670522875
ZMB,ザンビア,AG.LND.FRST.ZS,2013,62.0555293991041
ZMB,ザンビア,AG.LND.FRST.ZS,2014,61.8023917459207
ZMB,ザンビア,AG.LND.FRST.ZS,2015,61.5492540927373
ZMB,ザンビア,AG.LND.FRST.ZS,2016,61.2959550168821
ZMB,ザンビア,AG.LND.FRST.ZS,2017,61.0428846231453
ZMB,ザンビア,AG.LND.FRST.ZS,2018,60.789706614294
ZMB,ザンビア,AG.LND.FRST.ZS,2019,60.5365151535533
ZMB,ザンビア,AG.LND.FRST.ZS,2020,60.283337144702
ZMB,ザンビア,AG.LND.FRST.ZS,2021,60.0301501230848
ZMB,ザンビア,AG.LND.FRST.ZS,2022,59.7769691548178
ZMB,ザンビア,AG.LND.FRST.ZS,2023,59.523784150984
ZMB,ザンビア,AG.LND.FRST.ZS,2024,
ZWE,ジンバブエ,AG.LND.FRST.ZS,2000,47.4757141010728
ZWE,ジンバブエ,AG.LND.FRST.ZS,2001,47.3566240144759
ZWE,ジンバブエ,AG.LND.FRST.ZS,2002,47.237533927879
ZWE,ジンバブエ,AG.LND.FRST.ZS,2003,47.1184438412822
ZWE,ジンバブエ,AG.LND.FRST.ZS,2004,46.9993537546853
ZWE,ジンバブエ,AG.LND.FRST.ZS,2005,46.8802636680884
ZWE,ジンバブエ,AG.LND.FRST.ZS,2006,46.7611735814915
ZWE,ジンバブエ,AG.LND.FRST.ZS,2007,46.6420834948947
ZWE,ジンバブエ,AG.LND.FRST.ZS,2008,46.5229934082978
ZWE,ジンバブエ,AG.LND.FRST.ZS,2009,46.4039033217009
ZWE,ジンバブエ,AG.LND.FRST.ZS,2010,46.284813235104
ZWE,ジンバブエ,AG.LND.FRST.ZS,2011,46.1657231485072
ZWE,ジンバブエ,AG.LND.FRST.ZS,2012,46.0466330619103
ZWE,ジンバブエ,AG.LND.FRST.ZS,2013,45.9275429753134
ZWE,ジンバブエ,AG.LND.FRST.ZS,2014,45.8084528887166
ZWE,ジンバブエ,AG.LND.FRST.ZS,2015,45.6893628021197
ZWE,ジンバブエ,AG.LND.FRST.ZS,2016,45.5702727155228
ZWE,ジンバブエ,AG.LND.FRST.ZS,2017,45.4511826289259
ZWE,ジンバブエ,AG.LND.FRST.ZS,2018,45.3320925423291
ZWE,ジンバブエ,AG.LND.FRST.ZS,2019,45.2130024557322
ZWE,ジンバブエ,AG.LND.FRST.ZS,2020,45.0939123691353
ZWE,ジンバブエ,AG.LND.FRST.ZS,2021,44.9748222825385
ZWE,ジンバブエ,AG.LND.FRST.ZS,2022,44.8557321959416
ZWE,ジンバブエ,AG.LND.FRST.ZS,2023,44.7366421093447
ZWE,ジンバブエ,AG.LND.FRST.ZS,2024,
AGO,アンゴラ,AG.YLD.CREL.KG,2000,564.4
AGO,アンゴラ,AG.YLD.CREL.KG,2001,585.4
AGO,アンゴラ,AG.YLD.CREL.KG,2002,627.2
AGO,アンゴラ,AG.YLD.CREL.KG,2003,646.1
AGO,アンゴラ,AG.YLD.CREL.KG,2004,491.7
AGO,アンゴラ,AG.YLD.CREL.KG,2005,583.4
AGO,アンゴラ,AG.YLD.CREL.KG,2006,445.9
AGO,アンゴラ,AG.YLD.CREL.KG,2007,464.3
AGO,アンゴラ,AG.YLD.CREL.KG,2008,652.7
AGO,アンゴラ,AG.YLD.CREL.KG,2009,571.4
AGO,アンゴラ,AG.YLD.CREL.KG,2010,629.3
AGO,アンゴラ,AG.YLD.CREL.KG,2011,662.4
AGO,アンゴラ,AG.YLD.CREL.KG,2012,552.6
AGO,アンゴラ,AG.YLD.CREL.KG,2013,814.5
AGO,アンゴラ,AG.YLD.CREL.KG,2014,888.6
AGO,アンゴラ,AG.YLD.CREL.KG,2015,982.3
AGO,アンゴラ,AG.YLD.CREL.KG,2016,852.3
AGO,アンゴラ,AG.YLD.CREL.KG,2017,809.2
AGO,アンゴラ,AG.YLD.CREL.KG,2018,948.3
AGO,アンゴラ,AG.YLD.CREL.KG,2019,961.1
AGO,アンゴラ,AG.YLD.CREL.KG,2020,984.8
AGO,アンゴラ,AG.YLD.CREL.KG,2021,996.1
AGO,アンゴラ,AG.YLD.CREL.KG,2022,1033
AGO,アンゴラ,AG.YLD.CREL.KG,2023,1061.8
AGO,アンゴラ,AG.YLD.CREL.KG,2024,
BDI,ブルンジ,AG.YLD.CREL.KG,2000,1228.2
BDI,ブルンジ,AG.YLD.CREL.KG,2001,1283.5
BDI,ブルンジ,AG.YLD.CREL.KG,2002,1308.8
BDI,ブルンジ,AG.YLD.CREL.KG,2003,1284.1
BDI,ブルンジ,AG.YLD.CREL.KG,2004,1328.1
BDI,ブルンジ,AG.YLD.CREL.KG,2005,1344.3
BDI,ブルンジ,AG.YLD.CREL.KG,2006,1277
BDI,ブルンジ,AG.YLD.CREL.KG,2007,1303.1
BDI,ブルンジ,AG.YLD.CREL.KG,2008,1281.8
BDI,ブルンジ,AG.YLD.CREL.KG,2009,1296.9
BDI,ブルンジ,AG.YLD.CREL.KG,2010,1231.7
BDI,ブルンジ,AG.YLD.CREL.KG,2011,1153.8
BDI,ブルンジ,AG.YLD.CREL.KG,2012,1107.5
BDI,ブルンジ,AG.YLD.CREL.KG,2013,1178.4
BDI,ブルンジ,AG.YLD.CREL.KG,2014,1332.4
BDI,ブルンジ,AG.YLD.CREL.KG,2015,1203.9
BDI,ブルンジ,AG.YLD.CREL.KG,2016,1482.5
BDI,ブルンジ,AG.YLD.CREL.KG,2017,1125.4
BDI,ブルンジ,AG.YLD.CREL.KG,2018,1322.8
BDI,ブルンジ,AG.YLD.CREL.KG,2019,1187.9
BDI,ブルンジ,AG.YLD.CREL.KG,2020,1160.9
BDI,ブルンジ,AG.YLD.CREL.KG,2021,1189
BDI,ブルンジ,AG.YLD.CREL.KG,2022,1202.9
BDI,ブルンジ,AG.YLD.CREL.KG,2023,1167.5
BDI,ブルンジ,AG.YLD.CREL.KG,2024,1163.4
BEN,ベナン,AG.YLD.CREL.KG,2000,1102.1
BEN,ベナン,AG.YLD.CREL.KG,2001,1069.3
BEN,ベナン,AG.YLD.CREL.KG,2002,1131.1
BEN,ベナン,AG.YLD.CREL.KG,2003,1148.7
BEN,ベナン,AG.YLD.CREL.KG,2004,1146
BEN,ベナン,AG.YLD.CREL.KG,2005,1136.4
BEN,ベナン,AG.YLD.CREL.KG,2006,1190.5
BEN,ベナン,AG.YLD.CREL.KG,2007,1286
BEN,ベナン,AG.YLD.CREL.KG,2008,1158.7
BEN,ベナン,AG.YLD.CREL.KG,2009,1423.5
BEN,ベナン,AG.YLD.CREL.KG,2010,1200.6
BEN,ベナン,AG.YLD.CREL.KG,2011,1517.8
BEN,ベナン,AG.YLD.CREL.KG,2012,1373.2
BEN,ベナン,AG.YLD.CREL.KG,2013,1479.6
BEN,ベナン,AG.YLD.CREL.KG,2014,1460.3
BEN,ベナン,AG.YLD.CREL.KG,2015,1336.7
BEN,ベナン,AG.YLD.CREL.KG,2016,1455.9
BEN,ベナン,AG.YLD.CREL.KG,2017,1405.4
BEN,ベナン,AG.YLD.CREL.KG,2018,1428.5
BEN,ベナン,AG.YLD.CREL.KG,2019,1238.3
BEN,ベナン,AG.YLD.CREL.KG,2020,1432.8
BEN,ベナン,AG.YLD.CREL.KG,2021,1408.6
BEN,ベナン,AG.YLD.CREL.KG,2022,1361.5
BEN,ベナン,AG.YLD.CREL.KG,2023,1126.7
BEN,ベナン,AG.YLD.CREL.KG,2024,1356
BFA,ブルキナファソ,AG.YLD.CREL.KG,2000,856.4
BFA,ブルキナファソ,AG.YLD.CREL.KG,2001,967.8
BFA,ブルキナファソ,AG.YLD.CREL.KG,2002,942.7
BFA,ブルキナファソ,AG.YLD.CREL.KG,2003,996.3
BFA,ブルキナファソ,AG.YLD.CREL.KG,2004,940.7
BFA,ブルキナファソ,AG.YLD.CREL.KG,2005,1127.2
BFA,ブルキナファソ,AG.YLD.CREL.KG,2006,1203.9
BFA,ブルキナファソ,AG.YLD.CREL.KG,2007,936.1
BFA,ブルキナファソ,AG.YLD.CREL.KG,2008,1039.9
BFA,ブルキナファソ,AG.YLD.CREL.KG,2009,1002
BFA,ブルキナファソ,AG.YLD.CREL.KG,2010,1062.7
BFA,ブルキナファソ,AG.YLD.CREL.KG,2011,995.1
BFA,ブルキナファソ,AG.YLD.CREL.KG,2012,1203
BFA,ブルキナファソ,AG.YLD.CREL.KG,2013,1156.5
BFA,ブルキナファソ,AG.YLD.CREL.KG,2014,1225.8
BFA,ブルキナファソ,AG.YLD.CREL.KG,2015,1168.9
BFA,ブルキナファソ,AG.YLD.CREL.KG,2016,1136.8
BFA,ブルキナファソ,AG.YLD.CREL.KG,2017,1009
BFA,ブルキナファソ,AG.YLD.CREL.KG,2018,1152.3
BFA,ブルキナファソ,AG.YLD.CREL.KG,2019,1156.1
BFA,ブルキナファソ,AG.YLD.CREL.KG,2020,1261.7
BFA,ブルキナファソ,AG.YLD.CREL.KG,2021,1095.7
BFA,ブルキナファソ,AG.YLD.CREL.KG,2022,1204.1
BFA,ブルキナファソ,AG.YLD.CREL.KG,2023,1221.1
BFA,ブルキナファソ,AG.YLD.CREL.KG,2024,1197.9
BWA,ボツワナ,AG.YLD.CREL.KG,2000,203.7
BWA,ボツワナ,AG.YLD.CREL.KG,2001,338.2
BWA,ボツワナ,AG.YLD.CREL.KG,2002,357.3
BWA,ボツワナ,AG.YLD.CREL.KG,2003,394.4
BWA,ボツワナ,AG.YLD.CREL.KG,2004,274.3
BWA,ボツワナ,AG.YLD.CREL.KG,2005,312.8
BWA,ボツワナ,AG.YLD.CREL.KG,2006,372.4
BWA,ボツワナ,AG.YLD.CREL.KG,2007,395.5
BWA,ボツワナ,AG.YLD.CREL.KG,2008,360.8
BWA,ボツワナ,AG.YLD.CREL.KG,2009,363.6
BWA,ボツワナ,AG.YLD.CREL.KG,2010,371.6
BWA,ボツワナ,AG.YLD.CREL.KG,2011,452.3
BWA,ボツワナ,AG.YLD.CREL.KG,2012,367.2
BWA,ボツワナ,AG.YLD.CREL.KG,2013,217.6
BWA,ボツワナ,AG.YLD.CREL.KG,2014,305.2
BWA,ボツワナ,AG.YLD.CREL.KG,2015,415.3
BWA,ボツワナ,AG.YLD.CREL.KG,2016,361.5
BWA,ボツワナ,AG.YLD.CREL.KG,2017,316.6
BWA,ボツワナ,AG.YLD.CREL.KG,2018,396.2
BWA,ボツワナ,AG.YLD.CREL.KG,2019,384.3
BWA,ボツワナ,AG.YLD.CREL.KG,2020,802.3
BWA,ボツワナ,AG.YLD.CREL.KG,2021,1002.6
BWA,ボツワナ,AG.YLD.CREL.KG,2022,1032
BWA,ボツワナ,AG.YLD.CREL.KG,2023,870.2
BWA,ボツワナ,AG.YLD.CREL.KG,2024,900.4
CAF,中央アフリカ共和国,AG.YLD.CREL.KG,2000,993.3
CAF,中央アフリカ共和国,AG.YLD.CREL.KG,2001,1032.6
CAF,中央アフリカ共和国,AG.YLD.CREL.KG,2002,1048.3
CAF,中央アフリカ共和国,AG.YLD.CREL.KG,2003,1009.5
CAF,中央アフリカ共和国,AG.YLD.CREL.KG,2004,1007.7
CAF,中央アフリカ共和国,AG.YLD.CREL.KG,2005,1018.2
CAF,中央アフリカ共和国,AG.YLD.CREL.KG,2006,989.7
CAF,中央アフリカ共和国,AG.YLD.CREL.KG,2007,951.2
CAF,中央アフリカ共和国,AG.YLD.CREL.KG,2008,946.8
CAF,中央アフリカ共和国,AG.YLD.CREL.KG,2009,948.4
CAF,中央アフリカ共和国,AG.YLD.CREL.KG,2010,907.7
CAF,中央アフリカ共和国,AG.YLD.CREL.KG,2011,965.7
CAF,中央アフリカ共和国,AG.YLD.CREL.KG,2012,942
CAF,中央アフリカ共和国,AG.YLD.CREL.KG,2013,910.9
CAF,中央アフリカ共和国,AG.YLD.CREL.KG,2014,896
CAF,中央アフリカ共和国,AG.YLD.CREL.KG,2015,884.1
CAF,中央アフリカ共和国,AG.YLD.CREL.KG,2016,875.1
CAF,中央アフリカ共和国,AG.YLD.CREL.KG,2017,871.5
CAF,中央アフリカ共和国,AG.YLD.CREL.KG,2018,863.8
CAF,中央アフリカ共和国,AG.YLD.CREL.KG,2019,859.3
CAF,中央アフリカ共和国,AG.YLD.CREL.KG,2020,713
CAF,中央アフリカ共和国,AG.YLD.CREL.KG,2021,807.2
CAF,中央アフリカ共和国,AG.YLD.CREL.KG,2022,830
CAF,中央アフリカ共和国,AG.YLD.CREL.KG,2023,878.1
CAF,中央アフリカ共和国,AG.YLD.CREL.KG,2024,
CIV,コートジボワール,AG.YLD.CREL.KG,2000,1682.3
CIV,コートジボワール,AG.YLD.CREL.KG,2001,1719.9
CIV,コートジボワール,AG.YLD.CREL.KG,2002,1750.9
CIV,コートジボワール,AG.YLD.CREL.KG,2003,1827
CIV,コートジボワール,AG.YLD.CREL.KG,2004,1853.9
CIV,コートジボワール,AG.YLD.CREL.KG,2005,1836.3
CIV,コートジボワール,AG.YLD.CREL.KG,2006,1827.9
CIV,コートジボワール,AG.YLD.CREL.KG,2007,1569.4
CIV,コートジボワール,AG.YLD.CREL.KG,2008,1735
CIV,コートジボワール,AG.YLD.CREL.KG,2009,1711.5
CIV,コートジボワール,AG.YLD.CREL.KG,2010,2270.5
CIV,コートジボワール,AG.YLD.CREL.KG,2011,1882.8
CIV,コートジボワール,AG.YLD.CREL.KG,2012,2079.8
CIV,コートジボワール,AG.YLD.CREL.KG,2013,2176.6
CIV,コートジボワール,AG.YLD.CREL.KG,2014,2206.9
CIV,コートジボワール,AG.YLD.CREL.KG,2015,2200.3
CIV,コートジボワール,AG.YLD.CREL.KG,2016,2219.8
CIV,コートジボワール,AG.YLD.CREL.KG,2017,2247.4
CIV,コートジボワール,AG.YLD.CREL.KG,2018,2254.4
CIV,コートジボワール,AG.YLD.CREL.KG,2019,2233.6
CIV,コートジボワール,AG.YLD.CREL.KG,2020,2248.7
CIV,コートジボワール,AG.YLD.CREL.KG,2021,2255.1
CIV,コートジボワール,AG.YLD.CREL.KG,2022,2326.7
CIV,コートジボワール,AG.YLD.CREL.KG,2023,2397.8
CIV,コートジボワール,AG.YLD.CREL.KG,2024,
CMR,カメルーン,AG.YLD.CREL.KG,2000,1763.5
CMR,カメルーン,AG.YLD.CREL.KG,2001,1708.9
CMR,カメルーン,AG.YLD.CREL.KG,2002,1682.7
CMR,カメルーン,AG.YLD.CREL.KG,2003,1619.9
CMR,カメルーン,AG.YLD.CREL.KG,2004,1563.2
CMR,カメルーン,AG.YLD.CREL.KG,2005,1669.7
CMR,カメルーン,AG.YLD.CREL.KG,2006,1700.3
CMR,カメルーン,AG.YLD.CREL.KG,2007,1676.3
CMR,カメルーン,AG.YLD.CREL.KG,2008,1678.5
CMR,カメルーン,AG.YLD.CREL.KG,2009,1722.9
CMR,カメルーン,AG.YLD.CREL.KG,2010,1648.7
CMR,カメルーン,AG.YLD.CREL.KG,2011,1710
CMR,カメルーン,AG.YLD.CREL.KG,2012,1591.5
CMR,カメルーン,AG.YLD.CREL.KG,2013,1676.4
CMR,カメルーン,AG.YLD.CREL.KG,2014,1630.4
CMR,カメルーン,AG.YLD.CREL.KG,2015,1615.3
CMR,カメルーン,AG.YLD.CREL.KG,2016,1578.1
CMR,カメルーン,AG.YLD.CREL.KG,2017,1711.2
CMR,カメルーン,AG.YLD.CREL.KG,2018,1826.3
CMR,カメルーン,AG.YLD.CREL.KG,2019,1849.5
CMR,カメルーン,AG.YLD.CREL.KG,2020,1670.7
CMR,カメルーン,AG.YLD.CREL.KG,2021,1726.7
CMR,カメルーン,AG.YLD.CREL.KG,2022,1693.9
CMR,カメルーン,AG.YLD.CREL.KG,2023,1770.4
CMR,カメルーン,AG.YLD.CREL.KG,2024,1770.4
COD,コンゴ民主共和国,AG.YLD.CREL.KG,2000,786.6
COD,コンゴ民主共和国,AG.YLD.CREL.KG,2001,786.6
COD,コンゴ民主共和国,AG.YLD.CREL.KG,2002,772
COD,コンゴ民主共和国,AG.YLD.CREL.KG,2003,771.5
COD,コンゴ民主共和国,AG.YLD.CREL.KG,2004,771.7
COD,コンゴ民主共和国,AG.YLD.CREL.KG,2005,771.7
COD,コンゴ民主共和国,AG.YLD.CREL.KG,2006,771.6
COD,コンゴ民主共和国,AG.YLD.CREL.KG,2007,771.6
COD,コンゴ民主共和国,AG.YLD.CREL.KG,2008,771.6
COD,コンゴ民主共和国,AG.YLD.CREL.KG,2009,771.6
COD,コンゴ民主共和国,AG.YLD.CREL.KG,2010,784.9
COD,コンゴ民主共和国,AG.YLD.CREL.KG,2011,771.1
COD,コンゴ民主共和国,AG.YLD.CREL.KG,2012,771.6
COD,コンゴ民主共和国,AG.YLD.CREL.KG,2013,772.1
COD,コンゴ民主共和国,AG.YLD.CREL.KG,2014,769
COD,コンゴ民主共和国,AG.YLD.CREL.KG,2015,768.9
COD,コンゴ民主共和国,AG.YLD.CREL.KG,2016,785.5
COD,コンゴ民主共和国,AG.YLD.CREL.KG,2017,794.1
COD,コンゴ民主共和国,AG.YLD.CREL.KG,2018,812.4
COD,コンゴ民主共和国,AG.YLD.CREL.KG,2019,836.2
COD,コンゴ民主共和国,AG.YLD.CREL.KG,2020,876.7
COD,コンゴ民主共和国,AG.YLD.CREL.KG,2021,897.4
COD,コンゴ民主共和国,AG.YLD.CREL.KG,2022,850.4
COD,コンゴ民主共和国,AG.YLD.CREL.KG,2023,863.2
COD,コンゴ民主共和国,AG.YLD.CREL.KG,2024,871.8
COG,コンゴ共和国,AG.YLD.CREL.KG,2000,753.9
COG,コンゴ共和国,AG.YLD.CREL.KG,2001,775
COG,コンゴ共和国,AG.YLD.CREL.KG,2002,772
COG,コンゴ共和国,AG.YLD.CREL.KG,2003,780.7
COG,コンゴ共和国,AG.YLD.CREL.KG,2004,776.4
COG,コンゴ共和国,AG.YLD.CREL.KG,2005,770.6
COG,コンゴ共和国,AG.YLD.CREL.KG,2006,777.8
COG,コンゴ共和国,AG.YLD.CREL.KG,2007,764.1
COG,コンゴ共和国,AG.YLD.CREL.KG,2008,771.4
COG,コンゴ共和国,AG.YLD.CREL.KG,2009,791.4
COG,コンゴ共和国,AG.YLD.CREL.KG,2010,785
COG,コンゴ共和国,AG.YLD.CREL.KG,2011,794.3
COG,コンゴ共和国,AG.YLD.CREL.KG,2012,809.8
COG,コンゴ共和国,AG.YLD.CREL.KG,2013,830.9
COG,コンゴ共和国,AG.YLD.CREL.KG,2014,832.8
COG,コンゴ共和国,AG.YLD.CREL.KG,2015,833.5
COG,コンゴ共和国,AG.YLD.CREL.KG,2016,845.6
COG,コンゴ共和国,AG.YLD.CREL.KG,2017,860.4
COG,コンゴ共和国,AG.YLD.CREL.KG,2018,870.8
COG,コンゴ共和国,AG.YLD.CREL.KG,2019,890.8
COG,コンゴ共和国,AG.YLD.CREL.KG,2020,871.5
COG,コンゴ共和国,AG.YLD.CREL.KG,2021,894.4
COG,コンゴ共和国,AG.YLD.CREL.KG,2022,877.1
COG,コンゴ共和国,AG.YLD.CREL.KG,2023,877.7
COG,コンゴ共和国,AG.YLD.CREL.KG,2024,
COM,コモロ,AG.YLD.CREL.KG,2000,899.5
COM,コモロ,AG.YLD.CREL.KG,2001,914.8
COM,コモロ,AG.YLD.CREL.KG,2002,935.5
COM,コモロ,AG.YLD.CREL.KG,2003,973.6
COM,コモロ,AG.YLD.CREL.KG,2004,921.7
COM,コモロ,AG.YLD.CREL.KG,2005,1128.4
COM,コモロ,AG.YLD.CREL.KG,2006,1248.9
COM,コモロ,AG.YLD.CREL.KG,2007,1378.9
COM,コモロ,AG.YLD.CREL.KG,2008,1596.4
COM,コモロ,AG.YLD.CREL.KG,2009,1704.6
COM,コモロ,AG.YLD.CREL.KG,2010,1953.8
COM,コモロ,AG.YLD.CREL.KG,2011,1934.6
COM,コモロ,AG.YLD.CREL.KG,2012,1918.3
COM,コモロ,AG.YLD.CREL.KG,2013,1899.9
COM,コモロ,AG.YLD.CREL.KG,2014,1877.5
COM,コモロ,AG.YLD.CREL.KG,2015,1860.6
COM,コモロ,AG.YLD.CREL.KG,2016,1843.6
COM,コモロ,AG.YLD.CREL.KG,2017,1826.6
COM,コモロ,AG.YLD.CREL.KG,2018,1800.2
COM,コモロ,AG.YLD.CREL.KG,2019,1782.6
COM,コモロ,AG.YLD.CREL.KG,2020,1781.7
COM,コモロ,AG.YLD.CREL.KG,2021,1770.3
COM,コモロ,AG.YLD.CREL.KG,2022,1755
COM,コモロ,AG.YLD.CREL.KG,2023,1734.4
COM,コモロ,AG.YLD.CREL.KG,2024,
CPV,カーボベルデ,AG.YLD.CREL.KG,2000,794.8
CPV,カーボベルデ,AG.YLD.CREL.KG,2001,637.3
CPV,カーボベルデ,AG.YLD.CREL.KG,2002,148.5
CPV,カーボベルデ,AG.YLD.CREL.KG,2003,379.2
CPV,カーボベルデ,AG.YLD.CREL.KG,2004,385.2
CPV,カーボベルデ,AG.YLD.CREL.KG,2005,243.2
CPV,カーボベルデ,AG.YLD.CREL.KG,2006,218
CPV,カーボベルデ,AG.YLD.CREL.KG,2007,158.8
CPV,カーボベルデ,AG.YLD.CREL.KG,2008,233.8
CPV,カーボベルデ,AG.YLD.CREL.KG,2009,230.8
CPV,カーボベルデ,AG.YLD.CREL.KG,2010,220
CPV,カーボベルデ,AG.YLD.CREL.KG,2011,177.8
CPV,カーボベルデ,AG.YLD.CREL.KG,2012,196.2
CPV,カーボベルデ,AG.YLD.CREL.KG,2013,182.3
CPV,カーボベルデ,AG.YLD.CREL.KG,2014,34.3
CPV,カーボベルデ,AG.YLD.CREL.KG,2015,276.5
CPV,カーボベルデ,AG.YLD.CREL.KG,2016,178
CPV,カーボベルデ,AG.YLD.CREL.KG,2017,0.1
CPV,カーボベルデ,AG.YLD.CREL.KG,2018,22.7
CPV,カーボベルデ,AG.YLD.CREL.KG,2019,23.2
CPV,カーボベルデ,AG.YLD.CREL.KG,2020,15.7
CPV,カーボベルデ,AG.YLD.CREL.KG,2021,16.3
CPV,カーボベルデ,AG.YLD.CREL.KG,2022,11.5
CPV,カーボベルデ,AG.YLD.CREL.KG,2023,23
CPV,カーボベルデ,AG.YLD.CREL.KG,2024,40.3
DJI,ジブチ,AG.YLD.CREL.KG,2000,1833.3
DJI,ジブチ,AG.YLD.CREL.KG,2001,1714.3
DJI,ジブチ,AG.YLD.CREL.KG,2002,1666.7
DJI,ジブチ,AG.YLD.CREL.KG,2003,1666.7
DJI,ジブチ,AG.YLD.CREL.KG,2004,1658.7
DJI,ジブチ,AG.YLD.CREL.KG,2005,1500
DJI,ジブチ,AG.YLD.CREL.KG,2006,1666.7
DJI,ジブチ,AG.YLD.CREL.KG,2007,1738.2
DJI,ジブチ,AG.YLD.CREL.KG,2008,1780.6
DJI,ジブチ,AG.YLD.CREL.KG,2009,1816.7
DJI,ジブチ,AG.YLD.CREL.KG,2010,1848.3
DJI,ジブチ,AG.YLD.CREL.KG,2011,1879.3
DJI,ジブチ,AG.YLD.CREL.KG,2012,2000
DJI,ジブチ,AG.YLD.CREL.KG,2013,2000
DJI,ジブチ,AG.YLD.CREL.KG,2014,1986.4
DJI,ジブチ,AG.YLD.CREL.KG,2015,2007.6
DJI,ジブチ,AG.YLD.CREL.KG,2016,1998.2
DJI,ジブチ,AG.YLD.CREL.KG,2017,1998.7
DJI,ジブチ,AG.YLD.CREL.KG,2018,1998.2
DJI,ジブチ,AG.YLD.CREL.KG,2019,2002.6
DJI,ジブチ,AG.YLD.CREL.KG,2020,2007.1
DJI,ジブチ,AG.YLD.CREL.KG,2021,2021.1
DJI,ジブチ,AG.YLD.CREL.KG,2022,2027.4
DJI,ジブチ,AG.YLD.CREL.KG,2023,2034.2
DJI,ジブチ,AG.YLD.CREL.KG,2024,2041
DZA,アルジェリア,AG.YLD.CREL.KG,2000,883.3
DZA,アルジェリア,AG.YLD.CREL.KG,2001,1106.9
DZA,アルジェリア,AG.YLD.CREL.KG,2002,1058.6
DZA,アルジェリア,AG.YLD.CREL.KG,2003,1470.3
DZA,アルジェリア,AG.YLD.CREL.KG,2004,1344.1
DZA,アルジェリア,AG.YLD.CREL.KG,2005,1500.8
DZA,アルジェリア,AG.YLD.CREL.KG,2006,1503.7
DZA,アルジェリア,AG.YLD.CREL.KG,2007,1253.5
DZA,アルジェリア,AG.YLD.CREL.KG,2008,1034
DZA,アルジェリア,AG.YLD.CREL.KG,2009,1653.9
DZA,アルジェリア,AG.YLD.CREL.KG,2010,1474.3
DZA,アルジェリア,AG.YLD.CREL.KG,2011,1643.3
DZA,アルジェリア,AG.YLD.CREL.KG,2012,1677.6
DZA,アルジェリア,AG.YLD.CREL.KG,2013,1813.1
DZA,アルジェリア,AG.YLD.CREL.KG,2014,1369.2
DZA,アルジェリア,AG.YLD.CREL.KG,2015,1400.2
DZA,アルジェリア,AG.YLD.CREL.KG,2016,1020.4
DZA,アルジェリア,AG.YLD.CREL.KG,2017,990.3
DZA,アルジェリア,AG.YLD.CREL.KG,2018,1952
DZA,アルジェリア,AG.YLD.CREL.KG,2019,1767.4
DZA,アルジェリア,AG.YLD.CREL.KG,2020,1520.4
DZA,アルジェリア,AG.YLD.CREL.KG,2021,1433.7
DZA,アルジェリア,AG.YLD.CREL.KG,2022,1505.6
DZA,アルジェリア,AG.YLD.CREL.KG,2023,1351.5
DZA,アルジェリア,AG.YLD.CREL.KG,2024,1536.6
EGY,エジプト,AG.YLD.CREL.KG,2000,7280.1
EGY,エジプト,AG.YLD.CREL.KG,2001,7099.4
EGY,エジプト,AG.YLD.CREL.KG,2002,7445.6
EGY,エジプト,AG.YLD.CREL.KG,2003,7515.4
EGY,エジプト,AG.YLD.CREL.KG,2004,7556.2
EGY,エジプト,AG.YLD.CREL.KG,2005,7536.9
EGY,エジプト,AG.YLD.CREL.KG,2006,7500.2
EGY,エジプト,AG.YLD.CREL.KG,2007,7418.5
EGY,エジプト,AG.YLD.CREL.KG,2008,7452.2
EGY,エジプト,AG.YLD.CREL.KG,2009,7158.3
EGY,エジプト,AG.YLD.CREL.KG,2010,6504.3
EGY,エジプト,AG.YLD.CREL.KG,2011,7246.3
EGY,エジプト,AG.YLD.CREL.KG,2012,7269
EGY,エジプト,AG.YLD.CREL.KG,2013,7285.3
EGY,エジプト,AG.YLD.CREL.KG,2014,7085
EGY,エジプト,AG.YLD.CREL.KG,2015,7117.3
EGY,エジプト,AG.YLD.CREL.KG,2016,7251.5
EGY,エジプト,AG.YLD.CREL.KG,2017,7400.6
EGY,エジプト,AG.YLD.CREL.KG,2018,6776
EGY,エジプト,AG.YLD.CREL.KG,2019,6043.8
EGY,エジプト,AG.YLD.CREL.KG,2020,7167.4
EGY,エジプト,AG.YLD.CREL.KG,2021,7340.5
EGY,エジプト,AG.YLD.CREL.KG,2022,7080.3
EGY,エジプト,AG.YLD.CREL.KG,2023,7402.2
EGY,エジプト,AG.YLD.CREL.KG,2024,
ERI,エリトリア,AG.YLD.CREL.KG,2000,377.2
ERI,エリトリア,AG.YLD.CREL.KG,2001,637.1
ERI,エリトリア,AG.YLD.CREL.KG,2002,158.2
ERI,エリトリア,AG.YLD.CREL.KG,2003,261
ERI,エリトリア,AG.YLD.CREL.KG,2004,275.3
ERI,エリトリア,AG.YLD.CREL.KG,2005,758.2
ERI,エリトリア,AG.YLD.CREL.KG,2006,798.5
ERI,エリトリア,AG.YLD.CREL.KG,2007,938.5
ERI,エリトリア,AG.YLD.CREL.KG,2008,252.2
ERI,エリトリア,AG.YLD.CREL.KG,2009,500.1
ERI,エリトリア,AG.YLD.CREL.KG,2010,511.7
ERI,エリトリア,AG.YLD.CREL.KG,2011,649.1
ERI,エリトリア,AG.YLD.CREL.KG,2012,689.4
ERI,エリトリア,AG.YLD.CREL.KG,2013,669.8
ERI,エリトリア,AG.YLD.CREL.KG,2014,666.4
ERI,エリトリア,AG.YLD.CREL.KG,2015,642.4
ERI,エリトリア,AG.YLD.CREL.KG,2016,639.7
ERI,エリトリア,AG.YLD.CREL.KG,2017,642.2
ERI,エリトリア,AG.YLD.CREL.KG,2018,638.9
ERI,エリトリア,AG.YLD.CREL.KG,2019,638.5
ERI,エリトリア,AG.YLD.CREL.KG,2020,638.6
ERI,エリトリア,AG.YLD.CREL.KG,2021,637.7
ERI,エリトリア,AG.YLD.CREL.KG,2022,638.2
ERI,エリトリア,AG.YLD.CREL.KG,2023,638.2
ERI,エリトリア,AG.YLD.CREL.KG,2024,638
ESH,西サハラ,AG.YLD.CREL.KG,2000,
ESH,西サハラ,AG.YLD.CREL.KG,2001,
ESH,西サハラ,AG.YLD.CREL.KG,2002,
ESH,西サハラ,AG.YLD.CREL.KG,2003,
ESH,西サハラ,AG.YLD.CREL.KG,2004,
ESH,西サハラ,AG.YLD.CREL.KG,2005,
ESH,西サハラ,AG.YLD.CREL.KG,2006,
ESH,西サハラ,AG.YLD.CREL.KG,2007,
ESH,西サハラ,AG.YLD.CREL.KG,2008,
ESH,西サハラ,AG.YLD.CREL.KG,2009,
ESH,西サハラ,AG.YLD.CREL.KG,2010,
ESH,西サハラ,AG.YLD.CREL.KG,2011,
ESH,西サハラ,AG.YLD.CREL.KG,2012,
ESH,西サハラ,AG.YLD.CREL.KG,2013,
ESH,西サハラ,AG.YLD.CREL.KG,2014,
ESH,西サハラ,AG.YLD.CREL.KG,2015,
ESH,西サハラ,AG.YLD.CREL.KG,2016,
ESH,西サハラ,AG.YLD.CREL.KG,2017,
ESH,西サハラ,AG.YLD.CREL.KG,2018,
ESH,西サハラ,AG.YLD.CREL.KG,2019,
ESH,西サハラ,AG.YLD.CREL.KG,2020,
ESH,西サハラ,AG.YLD.CREL.KG,2021,
ESH,西サハラ,AG.YLD.CREL.KG,2022,
ESH,西サハラ,AG.YLD.CREL.KG,2023,
ESH,西サハラ,AG.YLD.CREL.KG,2024,
ETH,エチオピア,AG.YLD.CREL.KG,2000,1115.5
ETH,エチオピア,AG.YLD.CREL.KG,2001,1197.3
ETH,エチオピア,AG.YLD.CREL.KG,2002,1352.9
ETH,エチオピア,AG.YLD.CREL.KG,2003,1122.7
ETH,エチオピア,AG.YLD.CREL.KG,2004,1162.1
ETH,エチオピア,AG.YLD.CREL.KG,2005,1361.2
ETH,エチオピア,AG.YLD.CREL.KG,2006,1563.2
ETH,エチオピア,AG.YLD.CREL.KG,2007,1448.5
ETH,エチオピア,AG.YLD.CREL.KG,2008,1425.6
ETH,エチオピア,AG.YLD.CREL.KG,2009,1650.2
ETH,エチオピア,AG.YLD.CREL.KG,2010,1760.3
ETH,エチオピア,AG.YLD.CREL.KG,2011,1764.2
ETH,エチオピア,AG.YLD.CREL.KG,2012,1939.8
ETH,エチオピア,AG.YLD.CREL.KG,2013,2066.1
ETH,エチオピア,AG.YLD.CREL.KG,2014,2227.9
ETH,エチオピア,AG.YLD.CREL.KG,2015,2337.1
ETH,エチオピア,AG.YLD.CREL.KG,2016,2326.6
ETH,エチオピア,AG.YLD.CREL.KG,2017,2518.7
ETH,エチオピア,AG.YLD.CREL.KG,2018,2521.6
ETH,エチオピア,AG.YLD.CREL.KG,2019,2711.2
ETH,エチオピア,AG.YLD.CREL.KG,2020,2712.8
ETH,エチオピア,AG.YLD.CREL.KG,2021,2660.6
ETH,エチオピア,AG.YLD.CREL.KG,2022,2690.9
ETH,エチオピア,AG.YLD.CREL.KG,2023,2656.3
ETH,エチオピア,AG.YLD.CREL.KG,2024,2631.6
GAB,ガボン,AG.YLD.CREL.KG,2000,1630.3
GAB,ガボン,AG.YLD.CREL.KG,2001,1541.5
GAB,ガボン,AG.YLD.CREL.KG,2002,1449.4
GAB,ガボン,AG.YLD.CREL.KG,2003,1538.1
GAB,ガボン,AG.YLD.CREL.KG,2004,1559.8
GAB,ガボン,AG.YLD.CREL.KG,2005,1569.9
GAB,ガボン,AG.YLD.CREL.KG,2006,1580
GAB,ガボン,AG.YLD.CREL.KG,2007,1667.1
GAB,ガボン,AG.YLD.CREL.KG,2008,1611.4
GAB,ガボン,AG.YLD.CREL.KG,2009,1589.1
GAB,ガボン,AG.YLD.CREL.KG,2010,1595
GAB,ガボン,AG.YLD.CREL.KG,2011,1596.1
GAB,ガボン,AG.YLD.CREL.KG,2012,1600.6
GAB,ガボン,AG.YLD.CREL.KG,2013,1600.4
GAB,ガボン,AG.YLD.CREL.KG,2014,1592.5
GAB,ガボン,AG.YLD.CREL.KG,2015,1591.7
GAB,ガボン,AG.YLD.CREL.KG,2016,1590.2
GAB,ガボン,AG.YLD.CREL.KG,2017,1587.6
GAB,ガボン,AG.YLD.CREL.KG,2018,1587
GAB,ガボン,AG.YLD.CREL.KG,2019,1586.2
GAB,ガボン,AG.YLD.CREL.KG,2020,1588.2
GAB,ガボン,AG.YLD.CREL.KG,2021,1587.1
GAB,ガボン,AG.YLD.CREL.KG,2022,1587.2
GAB,ガボン,AG.YLD.CREL.KG,2023,1587.5
GAB,ガボン,AG.YLD.CREL.KG,2024,1587.3
GHA,ガーナ,AG.YLD.CREL.KG,2000,1309.2
GHA,ガーナ,AG.YLD.CREL.KG,2001,1186.1
GHA,ガーナ,AG.YLD.CREL.KG,2002,1349
GHA,ガーナ,AG.YLD.CREL.KG,2003,1396.4
GHA,ガーナ,AG.YLD.CREL.KG,2004,1373.3
GHA,ガーナ,AG.YLD.CREL.KG,2005,1432.3
GHA,ガーナ,AG.YLD.CREL.KG,2006,1334.5
GHA,ガーナ,AG.YLD.CREL.KG,2007,1317
GHA,ガーナ,AG.YLD.CREL.KG,2008,1598.1
GHA,ガーナ,AG.YLD.CREL.KG,2009,1659.8
GHA,ガーナ,AG.YLD.CREL.KG,2010,1814.3
GHA,ガーナ,AG.YLD.CREL.KG,2011,1594.2
GHA,ガーナ,AG.YLD.CREL.KG,2012,1768.1
GHA,ガーナ,AG.YLD.CREL.KG,2013,1688.8
GHA,ガーナ,AG.YLD.CREL.KG,2014,1703.4
GHA,ガーナ,AG.YLD.CREL.KG,2015,1830.3
GHA,ガーナ,AG.YLD.CREL.KG,2016,1842.4
GHA,ガーナ,AG.YLD.CREL.KG,2017,1930.7
GHA,ガーナ,AG.YLD.CREL.KG,2018,2172.6
GHA,ガーナ,AG.YLD.CREL.KG,2019,2346.2
GHA,ガーナ,AG.YLD.CREL.KG,2020,2410.8
GHA,ガーナ,AG.YLD.CREL.KG,2021,2360.5
GHA,ガーナ,AG.YLD.CREL.KG,2022,2433.8
GHA,ガーナ,AG.YLD.CREL.KG,2023,2687.6
GHA,ガーナ,AG.YLD.CREL.KG,2024,
GIN,ギニア,AG.YLD.CREL.KG,2000,1492.1
GIN,ギニア,AG.YLD.CREL.KG,2001,1483
GIN,ギニア,AG.YLD.CREL.KG,2002,1487.2
GIN,ギニア,AG.YLD.CREL.KG,2003,1484.8
GIN,ギニア,AG.YLD.CREL.KG,2004,1491.3
GIN,ギニア,AG.YLD.CREL.KG,2005,1495.6
GIN,ギニア,AG.YLD.CREL.KG,2006,1502
GIN,ギニア,AG.YLD.CREL.KG,2007,1514
GIN,ギニア,AG.YLD.CREL.KG,2008,1464.7
GIN,ギニア,AG.YLD.CREL.KG,2009,1484.3
GIN,ギニア,AG.YLD.CREL.KG,2010,1184.7
GIN,ギニア,AG.YLD.CREL.KG,2011,1226
GIN,ギニア,AG.YLD.CREL.KG,2012,1152.2
GIN,ギニア,AG.YLD.CREL.KG,2013,1189.6
GIN,ギニア,AG.YLD.CREL.KG,2014,1123
GIN,ギニア,AG.YLD.CREL.KG,2015,1122.4
GIN,ギニア,AG.YLD.CREL.KG,2016,1155.5
GIN,ギニア,AG.YLD.CREL.KG,2017,1165.4
GIN,ギニア,AG.YLD.CREL.KG,2018,1186.7
GIN,ギニア,AG.YLD.CREL.KG,2019,1257.9
GIN,ギニア,AG.YLD.CREL.KG,2020,1323.7
GIN,ギニア,AG.YLD.CREL.KG,2021,1356.5
GIN,ギニア,AG.YLD.CREL.KG,2022,1369.5
GIN,ギニア,AG.YLD.CREL.KG,2023,1369.5
GIN,ギニア,AG.YLD.CREL.KG,2024,1351
GMB,ガンビア,AG.YLD.CREL.KG,2000,1305.3
GMB,ガンビア,AG.YLD.CREL.KG,2001,1292.5
GMB,ガンビア,AG.YLD.CREL.KG,2002,966.5
GMB,ガンビア,AG.YLD.CREL.KG,2003,1207.7
GMB,ガンビア,AG.YLD.CREL.KG,2004,1179
GMB,ガンビア,AG.YLD.CREL.KG,2005,1047.4
GMB,ガンビア,AG.YLD.CREL.KG,2006,1033
GMB,ガンビア,AG.YLD.CREL.KG,2007,805.3
GMB,ガンビア,AG.YLD.CREL.KG,2008,983.5
GMB,ガンビア,AG.YLD.CREL.KG,2009,1057.7
GMB,ガンビア,AG.YLD.CREL.KG,2010,1136.1
GMB,ガンビア,AG.YLD.CREL.KG,2011,879.2
GMB,ガンビア,AG.YLD.CREL.KG,2012,920
GMB,ガンビア,AG.YLD.CREL.KG,2013,968.9
GMB,ガンビア,AG.YLD.CREL.KG,2014,753.2
GMB,ガンビア,AG.YLD.CREL.KG,2015,893.1
GMB,ガンビア,AG.YLD.CREL.KG,2016,739.5
GMB,ガンビア,AG.YLD.CREL.KG,2017,575.3
GMB,ガンビア,AG.YLD.CREL.KG,2018,593.5
GMB,ガンビア,AG.YLD.CREL.KG,2019,450.9
GMB,ガンビア,AG.YLD.CREL.KG,2020,659.8
GMB,ガンビア,AG.YLD.CREL.KG,2021,1054.1
GMB,ガンビア,AG.YLD.CREL.KG,2022,805
GMB,ガンビア,AG.YLD.CREL.KG,2023,800.7
GMB,ガンビア,AG.YLD.CREL.KG,2024,
GNB,ギニアビサウ,AG.YLD.CREL.KG,2000,1097
GNB,ギニアビサウ,AG.YLD.CREL.KG,2001,1004.9
GNB,ギニアビサウ,AG.YLD.CREL.KG,2002,1067.3
GNB,ギニアビサウ,AG.YLD.CREL.KG,2003,1075.9
GNB,ギニアビサウ,AG.YLD.CREL.KG,2004,1164
GNB,ギニアビサウ,AG.YLD.CREL.KG,2005,1325.6
GNB,ギニアビサウ,AG.YLD.CREL.KG,2006,1412.6
GNB,ギニアビサウ,AG.YLD.CREL.KG,2007,1346.1
GNB,ギニアビサウ,AG.YLD.CREL.KG,2008,1490.3
GNB,ギニアビサウ,AG.YLD.CREL.KG,2009,1632.2
GNB,ギニアビサウ,AG.YLD.CREL.KG,2010,1723.8
GNB,ギニアビサウ,AG.YLD.CREL.KG,2011,1588.7
GNB,ギニアビサウ,AG.YLD.CREL.KG,2012,1512.1
GNB,ギニアビサウ,AG.YLD.CREL.KG,2013,1397.7
GNB,ギニアビサウ,AG.YLD.CREL.KG,2014,1394.8
GNB,ギニアビサウ,AG.YLD.CREL.KG,2015,1402.1
GNB,ギニアビサウ,AG.YLD.CREL.KG,2016,1414.4
GNB,ギニアビサウ,AG.YLD.CREL.KG,2017,1385.9
GNB,ギニアビサウ,AG.YLD.CREL.KG,2018,1397.3
GNB,ギニアビサウ,AG.YLD.CREL.KG,2019,1287
GNB,ギニアビサウ,AG.YLD.CREL.KG,2020,1342.9
GNB,ギニアビサウ,AG.YLD.CREL.KG,2021,1352.6
GNB,ギニアビサウ,AG.YLD.CREL.KG,2022,1462.7
GNB,ギニアビサウ,AG.YLD.CREL.KG,2023,1406.9
GNB,ギニアビサウ,AG.YLD.CREL.KG,2024,1333.4
GNQ,赤道ギニア,AG.YLD.CREL.KG,2000,
GNQ,赤道ギニア,AG.YLD.CREL.KG,2001,
GNQ,赤道ギニア,AG.YLD.CREL.KG,2002,
GNQ,赤道ギニア,AG.YLD.CREL.KG,2003,
GNQ,赤道ギニア,AG.YLD.CREL.KG,2004,
GNQ,赤道ギニア,AG.YLD.CREL.KG,2005,
GNQ,赤道ギニア,AG.YLD.CREL.KG,2006,
GNQ,赤道ギニア,AG.YLD.CREL.KG,2007,
GNQ,赤道ギニア,AG.YLD.CREL.KG,2008,
GNQ,赤道ギニア,AG.YLD.CREL.KG,2009,
GNQ,赤道ギニア,AG.YLD.CREL.KG,2010,
GNQ,赤道ギニア,AG.YLD.CREL.KG,2011,
GNQ,赤道ギニア,AG.YLD.CREL.KG,2012,
GNQ,赤道ギニア,AG.YLD.CREL.KG,2013,
GNQ,赤道ギニア,AG.YLD.CREL.KG,2014,
GNQ,赤道ギニア,AG.YLD.CREL.KG,2015,
GNQ,赤道ギニア,AG.YLD.CREL.KG,2016,
GNQ,赤道ギニア,AG.YLD.CREL.KG,2017,
GNQ,赤道ギニア,AG.YLD.CREL.KG,2018,
GNQ,赤道ギニア,AG.YLD.CREL.KG,2019,
GNQ,赤道ギニア,AG.YLD.CREL.KG,2020,
GNQ,赤道ギニア,AG.YLD.CREL.KG,2021,
GNQ,赤道ギニア,AG.YLD.CREL.KG,2022,
GNQ,赤道ギニア,AG.YLD.CREL.KG,2023,
GNQ,赤道ギニア,AG.YLD.CREL.KG,2024,
KEN,ケニア,AG.YLD.CREL.KG,2000,1375
KEN,ケニア,AG.YLD.CREL.KG,2001,1639.6
KEN,ケニア,AG.YLD.CREL.KG,2002,1488.3
KEN,ケニア,AG.YLD.CREL.KG,2003,1594
KEN,ケニア,AG.YLD.CREL.KG,2004,1805.7
KEN,ケニア,AG.YLD.CREL.KG,2005,1646.1
KEN,ケニア,AG.YLD.CREL.KG,2006,1646.4
KEN,ケニア,AG.YLD.CREL.KG,2007,1773.1
KEN,ケニア,AG.YLD.CREL.KG,2008,1417.5
KEN,ケニア,AG.YLD.CREL.KG,2009,1242.8
KEN,ケニア,AG.YLD.CREL.KG,2010,1710.1
KEN,ケニア,AG.YLD.CREL.KG,2011,1514.6
KEN,ケニア,AG.YLD.CREL.KG,2012,1744.8
KEN,ケニア,AG.YLD.CREL.KG,2013,1661.5
KEN,ケニア,AG.YLD.CREL.KG,2014,1583.4
KEN,ケニア,AG.YLD.CREL.KG,2015,1772.7
KEN,ケニア,AG.YLD.CREL.KG,2016,1383.1
KEN,ケニア,AG.YLD.CREL.KG,2017,1426
KEN,ケニア,AG.YLD.CREL.KG,2018,1709.2
KEN,ケニア,AG.YLD.CREL.KG,2019,1604.7
KEN,ケニア,AG.YLD.CREL.KG,2020,1842.6
KEN,ケニア,AG.YLD.CREL.KG,2021,1522.4
KEN,ケニア,AG.YLD.CREL.KG,2022,1477.4
KEN,ケニア,AG.YLD.CREL.KG,2023,1757.5
KEN,ケニア,AG.YLD.CREL.KG,2024,
LBR,リベリア,AG.YLD.CREL.KG,2000,1278
LBR,リベリア,AG.YLD.CREL.KG,2001,1115.4
LBR,リベリア,AG.YLD.CREL.KG,2002,916.7
LBR,リベリア,AG.YLD.CREL.KG,2003,833.3
LBR,リベリア,AG.YLD.CREL.KG,2004,916.7
LBR,リベリア,AG.YLD.CREL.KG,2005,1290
LBR,リベリア,AG.YLD.CREL.KG,2006,1261.5
LBR,リベリア,AG.YLD.CREL.KG,2007,1448.8
LBR,リベリア,AG.YLD.CREL.KG,2008,1553.4
LBR,リベリア,AG.YLD.CREL.KG,2009,1183.5
LBR,リベリア,AG.YLD.CREL.KG,2010,1178.6
LBR,リベリア,AG.YLD.CREL.KG,2011,1173.1
LBR,リベリア,AG.YLD.CREL.KG,2012,1285.3
LBR,リベリア,AG.YLD.CREL.KG,2013,1250.1
LBR,リベリア,AG.YLD.CREL.KG,2014,1172
LBR,リベリア,AG.YLD.CREL.KG,2015,1129.1
LBR,リベリア,AG.YLD.CREL.KG,2016,1073.2
LBR,リベリア,AG.YLD.CREL.KG,2017,1059.5
LBR,リベリア,AG.YLD.CREL.KG,2018,1083.6
LBR,リベリア,AG.YLD.CREL.KG,2019,1128.2
LBR,リベリア,AG.YLD.CREL.KG,2020,1148.1
LBR,リベリア,AG.YLD.CREL.KG,2021,1051.9
LBR,リベリア,AG.YLD.CREL.KG,2022,1120.6
LBR,リベリア,AG.YLD.CREL.KG,2023,1067.5
LBR,リベリア,AG.YLD.CREL.KG,2024,
LBY,リビア,AG.YLD.CREL.KG,2000,637.7
LBY,リビア,AG.YLD.CREL.KG,2001,619.4
LBY,リビア,AG.YLD.CREL.KG,2002,632.3
LBY,リビア,AG.YLD.CREL.KG,2003,620
LBY,リビア,AG.YLD.CREL.KG,2004,620
LBY,リビア,AG.YLD.CREL.KG,2005,622.8
LBY,リビア,AG.YLD.CREL.KG,2006,622.6
LBY,リビア,AG.YLD.CREL.KG,2007,623
LBY,リビア,AG.YLD.CREL.KG,2008,621.7
LBY,リビア,AG.YLD.CREL.KG,2009,634.1
LBY,リビア,AG.YLD.CREL.KG,2010,669.9
LBY,リビア,AG.YLD.CREL.KG,2011,664.5
LBY,リビア,AG.YLD.CREL.KG,2012,681.4
LBY,リビア,AG.YLD.CREL.KG,2013,663.8
LBY,リビア,AG.YLD.CREL.KG,2014,666.8
LBY,リビア,AG.YLD.CREL.KG,2015,665.3
LBY,リビア,AG.YLD.CREL.KG,2016,669.9
LBY,リビア,AG.YLD.CREL.KG,2017,676
LBY,リビア,AG.YLD.CREL.KG,2018,680.5
LBY,リビア,AG.YLD.CREL.KG,2019,679.7
LBY,リビア,AG.YLD.CREL.KG,2020,672.4
LBY,リビア,AG.YLD.CREL.KG,2021,673.4
LBY,リビア,AG.YLD.CREL.KG,2022,671.9
LBY,リビア,AG.YLD.CREL.KG,2023,672.2
LBY,リビア,AG.YLD.CREL.KG,2024,659.7
LSO,レソト,AG.YLD.CREL.KG,2000,718.8
LSO,レソト,AG.YLD.CREL.KG,2001,995.5
LSO,レソト,AG.YLD.CREL.KG,2002,736.3
LSO,レソト,AG.YLD.CREL.KG,2003,609.1
LSO,レソト,AG.YLD.CREL.KG,2004,595.4
LSO,レソト,AG.YLD.CREL.KG,2005,686.8
LSO,レソト,AG.YLD.CREL.KG,2006,490.8
LSO,レソト,AG.YLD.CREL.KG,2007,414.4
LSO,レソト,AG.YLD.CREL.KG,2008,374.5
LSO,レソト,AG.YLD.CREL.KG,2009,402.2
LSO,レソト,AG.YLD.CREL.KG,2010,909.1
LSO,レソト,AG.YLD.CREL.KG,2011,664.3
LSO,レソト,AG.YLD.CREL.KG,2012,655.6
LSO,レソト,AG.YLD.CREL.KG,2013,769
LSO,レソト,AG.YLD.CREL.KG,2014,683.2
LSO,レソト,AG.YLD.CREL.KG,2015,661.5
LSO,レソト,AG.YLD.CREL.KG,2016,471.4
LSO,レソト,AG.YLD.CREL.KG,2017,990.2
LSO,レソト,AG.YLD.CREL.KG,2018,715.9
LSO,レソト,AG.YLD.CREL.KG,2019,705
LSO,レソト,AG.YLD.CREL.KG,2020,436.7
LSO,レソト,AG.YLD.CREL.KG,2021,972.5
LSO,レソト,AG.YLD.CREL.KG,2022,728.9
LSO,レソト,AG.YLD.CREL.KG,2023,804.1
LSO,レソト,AG.YLD.CREL.KG,2024,
MAR,モロッコ,AG.YLD.CREL.KG,2000,366.8
MAR,モロッコ,AG.YLD.CREL.KG,2001,894.6
MAR,モロッコ,AG.YLD.CREL.KG,2002,1068.7
MAR,モロッコ,AG.YLD.CREL.KG,2003,1432.9
MAR,モロッコ,AG.YLD.CREL.KG,2004,1512.1
MAR,モロッコ,AG.YLD.CREL.KG,2005,783.9
MAR,モロッコ,AG.YLD.CREL.KG,2006,1652.1
MAR,モロッコ,AG.YLD.CREL.KG,2007,516.4
MAR,モロッコ,AG.YLD.CREL.KG,2008,1002.9
MAR,モロッコ,AG.YLD.CREL.KG,2009,1919.4
MAR,モロッコ,AG.YLD.CREL.KG,2010,1547.5
MAR,モロッコ,AG.YLD.CREL.KG,2011,1614.4
MAR,モロッコ,AG.YLD.CREL.KG,2012,1016.6
MAR,モロッコ,AG.YLD.CREL.KG,2013,1828.3
MAR,モロッコ,AG.YLD.CREL.KG,2014,1454.3
MAR,モロッコ,AG.YLD.CREL.KG,2015,2140.7
MAR,モロッコ,AG.YLD.CREL.KG,2016,936
MAR,モロッコ,AG.YLD.CREL.KG,2017,1757.4
MAR,モロッコ,AG.YLD.CREL.KG,2018,2263.2
MAR,モロッコ,AG.YLD.CREL.KG,2019,1453.6
MAR,モロッコ,AG.YLD.CREL.KG,2020,747.4
MAR,モロッコ,AG.YLD.CREL.KG,2021,2328.7
MAR,モロッコ,AG.YLD.CREL.KG,2022,943.3
MAR,モロッコ,AG.YLD.CREL.KG,2023,1482.1
MAR,モロッコ,AG.YLD.CREL.KG,2024,1240.1
MDG,マダガスカル,AG.YLD.CREL.KG,2000,1890.9
MDG,マダガスカル,AG.YLD.CREL.KG,2001,2020.7
MDG,マダガスカル,AG.YLD.CREL.KG,2002,1967.4
MDG,マダガスカル,AG.YLD.CREL.KG,2003,2201.7
MDG,マダガスカル,AG.YLD.CREL.KG,2004,2353.2
MDG,マダガスカル,AG.YLD.CREL.KG,2005,2514.5
MDG,マダガスカル,AG.YLD.CREL.KG,2006,2565.3
MDG,マダガスカル,AG.YLD.CREL.KG,2007,2620.1
MDG,マダガスカル,AG.YLD.CREL.KG,2008,2811.3
MDG,マダガスカル,AG.YLD.CREL.KG,2009,3183.4
MDG,マダガスカル,AG.YLD.CREL.KG,2010,3271.6
MDG,マダガスカル,AG.YLD.CREL.KG,2011,3238
MDG,マダガスカル,AG.YLD.CREL.KG,2012,3289.2
MDG,マダガスカル,AG.YLD.CREL.KG,2013,3203.2
MDG,マダガスカル,AG.YLD.CREL.KG,2014,3010.1
MDG,マダガスカル,AG.YLD.CREL.KG,2015,3057.8
MDG,マダガスカル,AG.YLD.CREL.KG,2016,2852.1
MDG,マダガスカル,AG.YLD.CREL.KG,2017,2750.2
MDG,マダガスカル,AG.YLD.CREL.KG,2018,2645.1
MDG,マダガスカル,AG.YLD.CREL.KG,2019,2389
MDG,マダガスカル,AG.YLD.CREL.KG,2020,2467.7
MDG,マダガスカル,AG.YLD.CREL.KG,2021,2776.5
MDG,マダガスカル,AG.YLD.CREL.KG,2022,2975.8
MDG,マダガスカル,AG.YLD.CREL.KG,2023,2425.6
MDG,マダガスカル,AG.YLD.CREL.KG,2024,
MLI,マリ,AG.YLD.CREL.KG,2000,1006.5
MLI,マリ,AG.YLD.CREL.KG,2001,986.3
MLI,マリ,AG.YLD.CREL.KG,2002,788.6
MLI,マリ,AG.YLD.CREL.KG,2003,981.4
MLI,マリ,AG.YLD.CREL.KG,2004,1206.5
MLI,マリ,AG.YLD.CREL.KG,2005,1089.5
MLI,マリ,AG.YLD.CREL.KG,2006,1124.8
MLI,マリ,AG.YLD.CREL.KG,2007,1101.2
MLI,マリ,AG.YLD.CREL.KG,2008,1397.7
MLI,マリ,AG.YLD.CREL.KG,2009,1800.4
MLI,マリ,AG.YLD.CREL.KG,2010,1452.8
MLI,マリ,AG.YLD.CREL.KG,2011,1046.8
MLI,マリ,AG.YLD.CREL.KG,2012,1506.8
MLI,マリ,AG.YLD.CREL.KG,2013,1512.4
MLI,マリ,AG.YLD.CREL.KG,2014,1550.7
MLI,マリ,AG.YLD.CREL.KG,2015,1575.5
MLI,マリ,AG.YLD.CREL.KG,2016,1607.5
MLI,マリ,AG.YLD.CREL.KG,2017,1601.9
MLI,マリ,AG.YLD.CREL.KG,2018,1728.9
MLI,マリ,AG.YLD.CREL.KG,2019,1767.7
MLI,マリ,AG.YLD.CREL.KG,2020,1686
MLI,マリ,AG.YLD.CREL.KG,2021,1441.2
MLI,マリ,AG.YLD.CREL.KG,2022,1671
MLI,マリ,AG.YLD.CREL.KG,2023,1587.6
MLI,マリ,AG.YLD.CREL.KG,2024,
MOZ,モザンビーク,AG.YLD.CREL.KG,2000,868.1
MOZ,モザンビーク,AG.YLD.CREL.KG,2001,880.1
MOZ,モザンビーク,AG.YLD.CREL.KG,2002,615.7
MOZ,モザンビーク,AG.YLD.CREL.KG,2003,775.2
MOZ,モザンビーク,AG.YLD.CREL.KG,2004,725.9
MOZ,モザンビーク,AG.YLD.CREL.KG,2005,444.7
MOZ,モザンビーク,AG.YLD.CREL.KG,2006,718.6
MOZ,モザンビーク,AG.YLD.CREL.KG,2007,609.3
MOZ,モザンビーク,AG.YLD.CREL.KG,2008,555
MOZ,モザンビーク,AG.YLD.CREL.KG,2009,837.6
MOZ,モザンビーク,AG.YLD.CREL.KG,2010,979.4
MOZ,モザンビーク,AG.YLD.CREL.KG,2011,990.9
MOZ,モザンビーク,AG.YLD.CREL.KG,2012,1167.4
MOZ,モザンビーク,AG.YLD.CREL.KG,2013,606
MOZ,モザンビーク,AG.YLD.CREL.KG,2014,745.3
MOZ,モザンビーク,AG.YLD.CREL.KG,2015,734
MOZ,モザンビーク,AG.YLD.CREL.KG,2016,662.6
MOZ,モザンビーク,AG.YLD.CREL.KG,2017,678.7
MOZ,モザンビーク,AG.YLD.CREL.KG,2018,798.9
MOZ,モザンビーク,AG.YLD.CREL.KG,2019,799.4
MOZ,モザンビーク,AG.YLD.CREL.KG,2020,685.2
MOZ,モザンビーク,AG.YLD.CREL.KG,2021,997.3
MOZ,モザンビーク,AG.YLD.CREL.KG,2022,1162.8
MOZ,モザンビーク,AG.YLD.CREL.KG,2023,737.7
MOZ,モザンビーク,AG.YLD.CREL.KG,2024,776.4
MRT,モーリタニア,AG.YLD.CREL.KG,2000,864.4
MRT,モーリタニア,AG.YLD.CREL.KG,2001,639.1
MRT,モーリタニア,AG.YLD.CREL.KG,2002,1011.8
MRT,モーリタニア,AG.YLD.CREL.KG,2003,797.7
MRT,モーリタニア,AG.YLD.CREL.KG,2004,637.5
MRT,モーリタニア,AG.YLD.CREL.KG,2005,841.2
MRT,モーリタニア,AG.YLD.CREL.KG,2006,661.3
MRT,モーリタニア,AG.YLD.CREL.KG,2007,705.8
MRT,モーリタニア,AG.YLD.CREL.KG,2008,765.8
MRT,モーリタニア,AG.YLD.CREL.KG,2009,713.3
MRT,モーリタニア,AG.YLD.CREL.KG,2010,955.2
MRT,モーリタニア,AG.YLD.CREL.KG,2011,1374.5
MRT,モーリタニア,AG.YLD.CREL.KG,2012,1034.4
MRT,モーリタニア,AG.YLD.CREL.KG,2013,1197
MRT,モーリタニア,AG.YLD.CREL.KG,2014,1678.8
MRT,モーリタニア,AG.YLD.CREL.KG,2015,1263.4
MRT,モーリタニア,AG.YLD.CREL.KG,2016,1232.4
MRT,モーリタニア,AG.YLD.CREL.KG,2017,1910.5
MRT,モーリタニア,AG.YLD.CREL.KG,2018,1506.4
MRT,モーリタニア,AG.YLD.CREL.KG,2019,1391.4
MRT,モーリタニア,AG.YLD.CREL.KG,2020,1322
MRT,モーリタニア,AG.YLD.CREL.KG,2021,2035.6
MRT,モーリタニア,AG.YLD.CREL.KG,2022,1499.4
MRT,モーリタニア,AG.YLD.CREL.KG,2023,1817
MRT,モーリタニア,AG.YLD.CREL.KG,2024,1537.4
MUS,モーリシャス,AG.YLD.CREL.KG,2000,8900
MUS,モーリシャス,AG.YLD.CREL.KG,2001,7203.7
MUS,モーリシャス,AG.YLD.CREL.KG,2002,7763.2
MUS,モーリシャス,AG.YLD.CREL.KG,2003,6555.6
MUS,モーリシャス,AG.YLD.CREL.KG,2004,6473.7
MUS,モーリシャス,AG.YLD.CREL.KG,2005,7539.7
MUS,モーリシャス,AG.YLD.CREL.KG,2006,7793.1
MUS,モーリシャス,AG.YLD.CREL.KG,2007,9453.7
MUS,モーリシャス,AG.YLD.CREL.KG,2008,7541
MUS,モーリシャス,AG.YLD.CREL.KG,2009,8000
MUS,モーリシャス,AG.YLD.CREL.KG,2010,6833.3
MUS,モーリシャス,AG.YLD.CREL.KG,2011,3901.8
MUS,モーリシャス,AG.YLD.CREL.KG,2012,3389.6
MUS,モーリシャス,AG.YLD.CREL.KG,2013,3219.1
MUS,モーリシャス,AG.YLD.CREL.KG,2014,3765.1
MUS,モーリシャス,AG.YLD.CREL.KG,2015,2695.9
MUS,モーリシャス,AG.YLD.CREL.KG,2016,3455
MUS,モーリシャス,AG.YLD.CREL.KG,2017,5234.8
MUS,モーリシャス,AG.YLD.CREL.KG,2018,5272.7
MUS,モーリシャス,AG.YLD.CREL.KG,2019,6880
MUS,モーリシャス,AG.YLD.CREL.KG,2020,8942.5
MUS,モーリシャス,AG.YLD.CREL.KG,2021,8640.6
MUS,モーリシャス,AG.YLD.CREL.KG,2022,9247.2
MUS,モーリシャス,AG.YLD.CREL.KG,2023,11643.4
MUS,モーリシャス,AG.YLD.CREL.KG,2024,
MWI,マラウイ,AG.YLD.CREL.KG,2000,1675.5
MWI,マラウイ,AG.YLD.CREL.KG,2001,1175.5
MWI,マラウイ,AG.YLD.CREL.KG,2002,1045.7
MWI,マラウイ,AG.YLD.CREL.KG,2003,1209
MWI,マラウイ,AG.YLD.CREL.KG,2004,1020.6
MWI,マラウイ,AG.YLD.CREL.KG,2005,777.8
MWI,マラウイ,AG.YLD.CREL.KG,2006,1444.7
MWI,マラウイ,AG.YLD.CREL.KG,2007,2467
MWI,マラウイ,AG.YLD.CREL.KG,2008,1598.7
MWI,マラウイ,AG.YLD.CREL.KG,2009,2124.3
MWI,マラウイ,AG.YLD.CREL.KG,2010,1906.9
MWI,マラウイ,AG.YLD.CREL.KG,2011,2094.3
MWI,マラウイ,AG.YLD.CREL.KG,2012,2087.1
MWI,マラウイ,AG.YLD.CREL.KG,2013,2068.8
MWI,マラウイ,AG.YLD.CREL.KG,2014,2218.1
MWI,マラウイ,AG.YLD.CREL.KG,2015,1590.6
MWI,マラウイ,AG.YLD.CREL.KG,2016,1347.4
MWI,マラウイ,AG.YLD.CREL.KG,2017,1903.1
MWI,マラウイ,AG.YLD.CREL.KG,2018,1531.2
MWI,マラウイ,AG.YLD.CREL.KG,2019,1874
MWI,マラウイ,AG.YLD.CREL.KG,2020,2004.4
MWI,マラウイ,AG.YLD.CREL.KG,2021,2319.1
MWI,マラウイ,AG.YLD.CREL.KG,2022,1944.2
MWI,マラウイ,AG.YLD.CREL.KG,2023,1856.9
MWI,マラウイ,AG.YLD.CREL.KG,2024,
NAM,ナミビア,AG.YLD.CREL.KG,2000,391.2
NAM,ナミビア,AG.YLD.CREL.KG,2001,440.9
NAM,ナミビア,AG.YLD.CREL.KG,2002,270.8
NAM,ナミビア,AG.YLD.CREL.KG,2003,301.5
NAM,ナミビア,AG.YLD.CREL.KG,2004,418.3
NAM,ナミビア,AG.YLD.CREL.KG,2005,465.6
NAM,ナミビア,AG.YLD.CREL.KG,2006,620.5
NAM,ナミビア,AG.YLD.CREL.KG,2007,481.3
NAM,ナミビア,AG.YLD.CREL.KG,2008,495.5
NAM,ナミビア,AG.YLD.CREL.KG,2009,364.8
NAM,ナミビア,AG.YLD.CREL.KG,2010,405
NAM,ナミビア,AG.YLD.CREL.KG,2011,427.5
NAM,ナミビア,AG.YLD.CREL.KG,2012,431.1
NAM,ナミビア,AG.YLD.CREL.KG,2013,458.7
NAM,ナミビア,AG.YLD.CREL.KG,2014,226.1
NAM,ナミビア,AG.YLD.CREL.KG,2015,370.7
NAM,ナミビア,AG.YLD.CREL.KG,2016,261.5
NAM,ナミビア,AG.YLD.CREL.KG,2017,426.3
NAM,ナミビア,AG.YLD.CREL.KG,2018,502.5
NAM,ナミビア,AG.YLD.CREL.KG,2019,943
NAM,ナミビア,AG.YLD.CREL.KG,2020,549.3
NAM,ナミビア,AG.YLD.CREL.KG,2021,471.2
NAM,ナミビア,AG.YLD.CREL.KG,2022,487.8
NAM,ナミビア,AG.YLD.CREL.KG,2023,451.2
NAM,ナミビア,AG.YLD.CREL.KG,2024,
NER,ニジェール,AG.YLD.CREL.KG,2000,289.2
NER,ニジェール,AG.YLD.CREL.KG,2001,394.4
NER,ニジェール,AG.YLD.CREL.KG,2002,422.9
NER,ニジェール,AG.YLD.CREL.KG,2003,429.5
NER,ニジェール,AG.YLD.CREL.KG,2004,341.5
NER,ニジェール,AG.YLD.CREL.KG,2005,436.6
NER,ニジェール,AG.YLD.CREL.KG,2006,449.6
NER,ニジェール,AG.YLD.CREL.KG,2007,424.8
NER,ニジェール,AG.YLD.CREL.KG,2008,496.5
NER,ニジェール,AG.YLD.CREL.KG,2009,386
NER,ニジェール,AG.YLD.CREL.KG,2010,494.8
NER,ニジェール,AG.YLD.CREL.KG,2011,362.8
NER,ニジェール,AG.YLD.CREL.KG,2012,520.3
NER,ニジェール,AG.YLD.CREL.KG,2013,407.7
NER,ニジェール,AG.YLD.CREL.KG,2014,446.8
NER,ニジェール,AG.YLD.CREL.KG,2015,551.3
NER,ニジェール,AG.YLD.CREL.KG,2016,536.5
NER,ニジェール,AG.YLD.CREL.KG,2017,541.9
NER,ニジェール,AG.YLD.CREL.KG,2018,554.8
NER,ニジェール,AG.YLD.CREL.KG,2019,501.5
NER,ニジェール,AG.YLD.CREL.KG,2020,551.8
NER,ニジェール,AG.YLD.CREL.KG,2021,360.5
NER,ニジェール,AG.YLD.CREL.KG,2022,559.8
NER,ニジェール,AG.YLD.CREL.KG,2023,488.8
NER,ニジェール,AG.YLD.CREL.KG,2024,577.4
NGA,ナイジェリア,AG.YLD.CREL.KG,2000,1171.5
NGA,ナイジェリア,AG.YLD.CREL.KG,2001,1233.6
NGA,ナイジェリア,AG.YLD.CREL.KG,2002,1255.2
NGA,ナイジェリア,AG.YLD.CREL.KG,2003,1308.8
NGA,ナイジェリア,AG.YLD.CREL.KG,2004,1372.8
NGA,ナイジェリア,AG.YLD.CREL.KG,2005,1421.7
NGA,ナイジェリア,AG.YLD.CREL.KG,2006,1507.5
NGA,ナイジェリア,AG.YLD.CREL.KG,2007,1399.8
NGA,ナイジェリア,AG.YLD.CREL.KG,2008,1598.4
NGA,ナイジェリア,AG.YLD.CREL.KG,2009,1531.1
NGA,ナイジェリア,AG.YLD.CREL.KG,2010,1528
NGA,ナイジェリア,AG.YLD.CREL.KG,2011,1334.4
NGA,ナイジェリア,AG.YLD.CREL.KG,2012,1399
NGA,ナイジェリア,AG.YLD.CREL.KG,2013,1297.3
NGA,ナイジェリア,AG.YLD.CREL.KG,2014,1555.4
NGA,ナイジェリア,AG.YLD.CREL.KG,2015,1527.1
NGA,ナイジェリア,AG.YLD.CREL.KG,2016,1596.9
NGA,ナイジェリア,AG.YLD.CREL.KG,2017,1506.1
NGA,ナイジェリア,AG.YLD.CREL.KG,2018,1549.3
NGA,ナイジェリア,AG.YLD.CREL.KG,2019,1629.7
NGA,ナイジェリア,AG.YLD.CREL.KG,2020,1619.9
NGA,ナイジェリア,AG.YLD.CREL.KG,2021,1621.9
NGA,ナイジェリア,AG.YLD.CREL.KG,2022,1659.5
NGA,ナイジェリア,AG.YLD.CREL.KG,2023,1548.6
NGA,ナイジェリア,AG.YLD.CREL.KG,2024,1558
RWA,ルワンダ,AG.YLD.CREL.KG,2000,848.3
RWA,ルワンダ,AG.YLD.CREL.KG,2001,913
RWA,ルワンダ,AG.YLD.CREL.KG,2002,1028.4
RWA,ルワンダ,AG.YLD.CREL.KG,2003,941.9
RWA,ルワンダ,AG.YLD.CREL.KG,2004,959.3
RWA,ルワンダ,AG.YLD.CREL.KG,2005,1183.6
RWA,ルワンダ,AG.YLD.CREL.KG,2006,1137.9
RWA,ルワンダ,AG.YLD.CREL.KG,2007,1015
RWA,ルワンダ,AG.YLD.CREL.KG,2008,1266.5
RWA,ルワンダ,AG.YLD.CREL.KG,2009,1734.1
RWA,ルワンダ,AG.YLD.CREL.KG,2010,1965.8
RWA,ルワンダ,AG.YLD.CREL.KG,2011,2089.4
RWA,ルワンダ,AG.YLD.CREL.KG,2012,2113.5
RWA,ルワンダ,AG.YLD.CREL.KG,2013,2129
RWA,ルワンダ,AG.YLD.CREL.KG,2014,1408
RWA,ルワンダ,AG.YLD.CREL.KG,2015,1428.8
RWA,ルワンダ,AG.YLD.CREL.KG,2016,1446.7
RWA,ルワンダ,AG.YLD.CREL.KG,2017,1387.1
RWA,ルワンダ,AG.YLD.CREL.KG,2018,1441.4
RWA,ルワンダ,AG.YLD.CREL.KG,2019,1443.2
RWA,ルワンダ,AG.YLD.CREL.KG,2020,1473.6
RWA,ルワンダ,AG.YLD.CREL.KG,2021,1519
RWA,ルワンダ,AG.YLD.CREL.KG,2022,1510.7
RWA,ルワンダ,AG.YLD.CREL.KG,2023,1605.1
RWA,ルワンダ,AG.YLD.CREL.KG,2024,1784
SDN,スーダン,AG.YLD.CREL.KG,2000,505.2
SDN,スーダン,AG.YLD.CREL.KG,2001,626.2
SDN,スーダン,AG.YLD.CREL.KG,2002,487.2
SDN,スーダン,AG.YLD.CREL.KG,2003,643.7
SDN,スーダン,AG.YLD.CREL.KG,2004,657.2
SDN,スーダン,AG.YLD.CREL.KG,2005,505.8
SDN,スーダン,AG.YLD.CREL.KG,2006,644.8
SDN,スーダン,AG.YLD.CREL.KG,2007,729.5
SDN,スーダン,AG.YLD.CREL.KG,2008,567.1
SDN,スーダン,AG.YLD.CREL.KG,2009,587.3
SDN,スーダン,AG.YLD.CREL.KG,2010,451.7
SDN,スーダン,AG.YLD.CREL.KG,2011,563.8
SDN,スーダン,AG.YLD.CREL.KG,2012,539.4
SDN,スーダン,AG.YLD.CREL.KG,2013,594.1
SDN,スーダン,AG.YLD.CREL.KG,2014,683.4
SDN,スーダン,AG.YLD.CREL.KG,2015,572.1
SDN,スーダン,AG.YLD.CREL.KG,2016,686
SDN,スーダン,AG.YLD.CREL.KG,2017,600.9
SDN,スーダン,AG.YLD.CREL.KG,2018,731.8
SDN,スーダン,AG.YLD.CREL.KG,2019,554.4
SDN,スーダン,AG.YLD.CREL.KG,2020,595.2
SDN,スーダン,AG.YLD.CREL.KG,2021,515
SDN,スーダン,AG.YLD.CREL.KG,2022,675.6
SDN,スーダン,AG.YLD.CREL.KG,2023,454.9
SDN,スーダン,AG.YLD.CREL.KG,2024,580.3
SEN,セネガル,AG.YLD.CREL.KG,2000,879.4
SEN,セネガル,AG.YLD.CREL.KG,2001,887.1
SEN,セネガル,AG.YLD.CREL.KG,2002,651.6
SEN,セネガル,AG.YLD.CREL.KG,2003,1090.7
SEN,セネガル,AG.YLD.CREL.KG,2004,974.5
SEN,セネガル,AG.YLD.CREL.KG,2005,1201.1
SEN,セネガル,AG.YLD.CREL.KG,2006,879
SEN,セネガル,AG.YLD.CREL.KG,2007,722.5
SEN,セネガル,AG.YLD.CREL.KG,2008,1174.2
SEN,セネガル,AG.YLD.CREL.KG,2009,1134.6
SEN,セネガル,AG.YLD.CREL.KG,2010,1196.5
SEN,セネガル,AG.YLD.CREL.KG,2011,966.9
SEN,セネガル,AG.YLD.CREL.KG,2012,1221.3
SEN,セネガル,AG.YLD.CREL.KG,2013,1124.1
SEN,セネガル,AG.YLD.CREL.KG,2014,1111.5
SEN,セネガル,AG.YLD.CREL.KG,2015,1376.1
SEN,セネガル,AG.YLD.CREL.KG,2016,1350.6
SEN,セネガル,AG.YLD.CREL.KG,2017,1476.2
SEN,セネガル,AG.YLD.CREL.KG,2018,1644.3
SEN,セネガル,AG.YLD.CREL.KG,2019,1601.3
SEN,セネガル,AG.YLD.CREL.KG,2020,1821.6
SEN,セネガル,AG.YLD.CREL.KG,2021,1854.7
SEN,セネガル,AG.YLD.CREL.KG,2022,1931.9
SEN,セネガル,AG.YLD.CREL.KG,2023,2192.1
SEN,セネガル,AG.YLD.CREL.KG,2024,
SLE,シエラレオネ,AG.YLD.CREL.KG,2000,1078.2
SLE,シエラレオネ,AG.YLD.CREL.KG,2001,998.2
SLE,シエラレオネ,AG.YLD.CREL.KG,2002,995.9
SLE,シエラレオネ,AG.YLD.CREL.KG,2003,1011.8
SLE,シエラレオネ,AG.YLD.CREL.KG,2004,1000.3
SLE,シエラレオネ,AG.YLD.CREL.KG,2005,1117.8
SLE,シエラレオネ,AG.YLD.CREL.KG,2006,1347.6
SLE,シエラレオネ,AG.YLD.CREL.KG,2007,1290.4
SLE,シエラレオネ,AG.YLD.CREL.KG,2008,1350.9
SLE,シエラレオネ,AG.YLD.CREL.KG,2009,1645.9
SLE,シエラレオネ,AG.YLD.CREL.KG,2010,1747.2
SLE,シエラレオネ,AG.YLD.CREL.KG,2011,1751.1
SLE,シエラレオネ,AG.YLD.CREL.KG,2012,1539
SLE,シエラレオネ,AG.YLD.CREL.KG,2013,1777.5
SLE,シエラレオネ,AG.YLD.CREL.KG,2014,1519.7
SLE,シエラレオネ,AG.YLD.CREL.KG,2015,1339.7
SLE,シエラレオネ,AG.YLD.CREL.KG,2016,1092.3
SLE,シエラレオネ,AG.YLD.CREL.KG,2017,1141.7
SLE,シエラレオネ,AG.YLD.CREL.KG,2018,813
SLE,シエラレオネ,AG.YLD.CREL.KG,2019,1523
SLE,シエラレオネ,AG.YLD.CREL.KG,2020,1636
SLE,シエラレオネ,AG.YLD.CREL.KG,2021,1967.5
SLE,シエラレオネ,AG.YLD.CREL.KG,2022,1963.1
SLE,シエラレオネ,AG.YLD.CREL.KG,2023,1469.7
SLE,シエラレオネ,AG.YLD.CREL.KG,2024,
SOM,ソマリア,AG.YLD.CREL.KG,2000,733
SOM,ソマリア,AG.YLD.CREL.KG,2001,812.7
SOM,ソマリア,AG.YLD.CREL.KG,2002,769.8
SOM,ソマリア,AG.YLD.CREL.KG,2003,688
SOM,ソマリア,AG.YLD.CREL.KG,2004,581.1
SOM,ソマリア,AG.YLD.CREL.KG,2005,650.9
SOM,ソマリア,AG.YLD.CREL.KG,2006,493.7
SOM,ソマリア,AG.YLD.CREL.KG,2007,605.8
SOM,ソマリア,AG.YLD.CREL.KG,2008,557.5
SOM,ソマリア,AG.YLD.CREL.KG,2009,416.4
SOM,ソマリア,AG.YLD.CREL.KG,2010,575.2
SOM,ソマリア,AG.YLD.CREL.KG,2011,457.2
SOM,ソマリア,AG.YLD.CREL.KG,2012,1190
SOM,ソマリア,AG.YLD.CREL.KG,2013,964
SOM,ソマリア,AG.YLD.CREL.KG,2014,582.9
SOM,ソマリア,AG.YLD.CREL.KG,2015,593.8
SOM,ソマリア,AG.YLD.CREL.KG,2016,507.3
SOM,ソマリア,AG.YLD.CREL.KG,2017,506.6
SOM,ソマリア,AG.YLD.CREL.KG,2018,710.2
SOM,ソマリア,AG.YLD.CREL.KG,2019,523.3
SOM,ソマリア,AG.YLD.CREL.KG,2020,503.5
SOM,ソマリア,AG.YLD.CREL.KG,2021,314
SOM,ソマリア,AG.YLD.CREL.KG,2022,396
SOM,ソマリア,AG.YLD.CREL.KG,2023,503.5
SOM,ソマリア,AG.YLD.CREL.KG,2024,
SSD,南スーダン,AG.YLD.CREL.KG,2000,
SSD,南スーダン,AG.YLD.CREL.KG,2001,
SSD,南スーダン,AG.YLD.CREL.KG,2002,
SSD,南スーダン,AG.YLD.CREL.KG,2003,
SSD,南スーダン,AG.YLD.CREL.KG,2004,
SSD,南スーダン,AG.YLD.CREL.KG,2005,
SSD,南スーダン,AG.YLD.CREL.KG,2006,
SSD,南スーダン,AG.YLD.CREL.KG,2007,
SSD,南スーダン,AG.YLD.CREL.KG,2008,
SSD,南スーダン,AG.YLD.CREL.KG,2009,
SSD,南スーダン,AG.YLD.CREL.KG,2010,
SSD,南スーダン,AG.YLD.CREL.KG,2011,
SSD,南スーダン,AG.YLD.CREL.KG,2012,705.2
SSD,南スーダン,AG.YLD.CREL.KG,2013,765.6
SSD,南スーダン,AG.YLD.CREL.KG,2014,1253.7
SSD,南スーダン,AG.YLD.CREL.KG,2015,907.3
SSD,南スーダン,AG.YLD.CREL.KG,2016,879.1
SSD,南スーダン,AG.YLD.CREL.KG,2017,885.2
SSD,南スーダン,AG.YLD.CREL.KG,2018,843.7
SSD,南スーダン,AG.YLD.CREL.KG,2019,880.5
SSD,南スーダン,AG.YLD.CREL.KG,2020,885.5
SSD,南スーダン,AG.YLD.CREL.KG,2021,844.6
SSD,南スーダン,AG.YLD.CREL.KG,2022,1055.7
SSD,南スーダン,AG.YLD.CREL.KG,2023,983.6
SSD,南スーダン,AG.YLD.CREL.KG,2024,
STP,サントメ・プリンシペ,AG.YLD.CREL.KG,2000,2230
STP,サントメ・プリンシペ,AG.YLD.CREL.KG,2001,2173.9
STP,サントメ・プリンシペ,AG.YLD.CREL.KG,2002,2107.4
STP,サントメ・プリンシペ,AG.YLD.CREL.KG,2003,2131.1
STP,サントメ・プリンシペ,AG.YLD.CREL.KG,2004,2145.7
STP,サントメ・プリンシペ,AG.YLD.CREL.KG,2005,2223.9
STP,サントメ・プリンシペ,AG.YLD.CREL.KG,2006,2454.5
STP,サントメ・プリンシペ,AG.YLD.CREL.KG,2007,2307.7
STP,サントメ・プリンシペ,AG.YLD.CREL.KG,2008,2153.8
STP,サントメ・プリンシペ,AG.YLD.CREL.KG,2009,1538.5
STP,サントメ・プリンシペ,AG.YLD.CREL.KG,2010,1615.2
STP,サントメ・プリンシペ,AG.YLD.CREL.KG,2011,2099.5
STP,サントメ・プリンシペ,AG.YLD.CREL.KG,2012,2099
STP,サントメ・プリンシペ,AG.YLD.CREL.KG,2013,2096
STP,サントメ・プリンシペ,AG.YLD.CREL.KG,2014,2065
STP,サントメ・プリンシペ,AG.YLD.CREL.KG,2015,2033.2
STP,サントメ・プリンシペ,AG.YLD.CREL.KG,2016,2012.5
STP,サントメ・プリンシペ,AG.YLD.CREL.KG,2017,2002.3
STP,サントメ・プリンシペ,AG.YLD.CREL.KG,2018,2002.4
STP,サントメ・プリンシペ,AG.YLD.CREL.KG,2019,2005.7
STP,サントメ・プリンシペ,AG.YLD.CREL.KG,2020,2003.5
STP,サントメ・プリンシペ,AG.YLD.CREL.KG,2021,2003.8
STP,サントメ・プリンシペ,AG.YLD.CREL.KG,2022,2004.3
STP,サントメ・プリンシペ,AG.YLD.CREL.KG,2023,2003.9
STP,サントメ・プリンシペ,AG.YLD.CREL.KG,2024,
SWZ,エスワティニ,AG.YLD.CREL.KG,2000,1632.7
SWZ,エスワティニ,AG.YLD.CREL.KG,2001,1417.6
SWZ,エスワティニ,AG.YLD.CREL.KG,2002,996.5
SWZ,エスワティニ,AG.YLD.CREL.KG,2003,1023.9
SWZ,エスワティニ,AG.YLD.CREL.KG,2004,1246.5
SWZ,エスワティニ,AG.YLD.CREL.KG,2005,1317.1
SWZ,エスワティニ,AG.YLD.CREL.KG,2006,1423.1
SWZ,エスワティニ,AG.YLD.CREL.KG,2007,567.6
SWZ,エスワティニ,AG.YLD.CREL.KG,2008,1001.4
SWZ,エスワティニ,AG.YLD.CREL.KG,2009,1289.5
SWZ,エスワティニ,AG.YLD.CREL.KG,2010,1205.3
SWZ,エスワティニ,AG.YLD.CREL.KG,2011,1343.6
SWZ,エスワティニ,AG.YLD.CREL.KG,2012,1337.2
SWZ,エスワティニ,AG.YLD.CREL.KG,2013,1367.3
SWZ,エスワティニ,AG.YLD.CREL.KG,2014,1362.3
SWZ,エスワティニ,AG.YLD.CREL.KG,2015,1259.7
SWZ,エスワティニ,AG.YLD.CREL.KG,2016,1224.9
SWZ,エスワティニ,AG.YLD.CREL.KG,2017,1240.4
SWZ,エスワティニ,AG.YLD.CREL.KG,2018,1271.9
SWZ,エスワティニ,AG.YLD.CREL.KG,2019,1280.2
SWZ,エスワティニ,AG.YLD.CREL.KG,2020,1287
SWZ,エスワティニ,AG.YLD.CREL.KG,2021,1438.5
SWZ,エスワティニ,AG.YLD.CREL.KG,2022,1597.3
SWZ,エスワティニ,AG.YLD.CREL.KG,2023,1227.8
SWZ,エスワティニ,AG.YLD.CREL.KG,2024,
SYC,セーシェル,AG.YLD.CREL.KG,2000,
SYC,セーシェル,AG.YLD.CREL.KG,2001,
SYC,セーシェル,AG.YLD.CREL.KG,2002,
SYC,セーシェル,AG.YLD.CREL.KG,2003,
SYC,セーシェル,AG.YLD.CREL.KG,2004,
SYC,セーシェル,AG.YLD.CREL.KG,2005,
SYC,セーシェル,AG.YLD.CREL.KG,2006,
SYC,セーシェル,AG.YLD.CREL.KG,2007,
SYC,セーシェル,AG.YLD.CREL.KG,2008,
SYC,セーシェル,AG.YLD.CREL.KG,2009,
SYC,セーシェル,AG.YLD.CREL.KG,2010,
SYC,セーシェル,AG.YLD.CREL.KG,2011,
SYC,セーシェル,AG.YLD.CREL.KG,2012,
SYC,セーシェル,AG.YLD.CREL.KG,2013,
SYC,セーシェル,AG.YLD.CREL.KG,2014,
SYC,セーシェル,AG.YLD.CREL.KG,2015,
SYC,セーシェル,AG.YLD.CREL.KG,2016,
SYC,セーシェル,AG.YLD.CREL.KG,2017,
SYC,セーシェル,AG.YLD.CREL.KG,2018,
SYC,セーシェル,AG.YLD.CREL.KG,2019,
SYC,セーシェル,AG.YLD.CREL.KG,2020,
SYC,セーシェル,AG.YLD.CREL.KG,2021,
SYC,セーシェル,AG.YLD.CREL.KG,2022,
SYC,セーシェル,AG.YLD.CREL.KG,2023,
SYC,セーシェル,AG.YLD.CREL.KG,2024,
TCD,チャド,AG.YLD.CREL.KG,2000,531.3
TCD,チャド,AG.YLD.CREL.KG,2001,634.7
TCD,チャド,AG.YLD.CREL.KG,2002,670.9
TCD,チャド,AG.YLD.CREL.KG,2003,827.3
TCD,チャド,AG.YLD.CREL.KG,2004,671.2
TCD,チャド,AG.YLD.CREL.KG,2005,749.9
TCD,チャド,AG.YLD.CREL.KG,2006,766.8
TCD,チャド,AG.YLD.CREL.KG,2007,799.3
TCD,チャド,AG.YLD.CREL.KG,2008,775.2
TCD,チャド,AG.YLD.CREL.KG,2009,598.3
TCD,チャド,AG.YLD.CREL.KG,2010,762.8
TCD,チャド,AG.YLD.CREL.KG,2011,632
TCD,チャド,AG.YLD.CREL.KG,2012,934.8
TCD,チャド,AG.YLD.CREL.KG,2013,822.8
TCD,チャド,AG.YLD.CREL.KG,2014,855.7
TCD,チャド,AG.YLD.CREL.KG,2015,801.9
TCD,チャド,AG.YLD.CREL.KG,2016,844.7
TCD,チャド,AG.YLD.CREL.KG,2017,825.2
TCD,チャド,AG.YLD.CREL.KG,2018,893
TCD,チャド,AG.YLD.CREL.KG,2019,886.3
TCD,チャド,AG.YLD.CREL.KG,2020,867.1
TCD,チャド,AG.YLD.CREL.KG,2021,814.3
TCD,チャド,AG.YLD.CREL.KG,2022,845.5
TCD,チャド,AG.YLD.CREL.KG,2023,819.3
TCD,チャド,AG.YLD.CREL.KG,2024,826.9
TGO,トーゴ,AG.YLD.CREL.KG,2000,1058.3
TGO,トーゴ,AG.YLD.CREL.KG,2001,1150.3
TGO,トーゴ,AG.YLD.CREL.KG,2002,1131.1
TGO,トーゴ,AG.YLD.CREL.KG,2003,1154.7
TGO,トーゴ,AG.YLD.CREL.KG,2004,1094.8
TGO,トーゴ,AG.YLD.CREL.KG,2005,1132.6
TGO,トーゴ,AG.YLD.CREL.KG,2006,1130.7
TGO,トーゴ,AG.YLD.CREL.KG,2007,1121.6
TGO,トーゴ,AG.YLD.CREL.KG,2008,1144.4
TGO,トーゴ,AG.YLD.CREL.KG,2009,1242.9
TGO,トーゴ,AG.YLD.CREL.KG,2010,1187.4
TGO,トーゴ,AG.YLD.CREL.KG,2011,1226.3
TGO,トーゴ,AG.YLD.CREL.KG,2012,1112.4
TGO,トーゴ,AG.YLD.CREL.KG,2013,1012.6
TGO,トーゴ,AG.YLD.CREL.KG,2014,1153.1
TGO,トーゴ,AG.YLD.CREL.KG,2015,1236.2
TGO,トーゴ,AG.YLD.CREL.KG,2016,1130.8
TGO,トーゴ,AG.YLD.CREL.KG,2017,1137.2
TGO,トーゴ,AG.YLD.CREL.KG,2018,1145.2
TGO,トーゴ,AG.YLD.CREL.KG,2019,1143
TGO,トーゴ,AG.YLD.CREL.KG,2020,1150.3
TGO,トーゴ,AG.YLD.CREL.KG,2021,1149.5
TGO,トーゴ,AG.YLD.CREL.KG,2022,1167.8
TGO,トーゴ,AG.YLD.CREL.KG,2023,1173.1
TGO,トーゴ,AG.YLD.CREL.KG,2024,
TUN,チュニジア,AG.YLD.CREL.KG,2000,984.5
TUN,チュニジア,AG.YLD.CREL.KG,2001,1715.3
TUN,チュニジア,AG.YLD.CREL.KG,2002,1233.7
TUN,チュニジア,AG.YLD.CREL.KG,2003,1515.5
TUN,チュニジア,AG.YLD.CREL.KG,2004,1309.6
TUN,チュニジア,AG.YLD.CREL.KG,2005,1442.8
TUN,チュニジア,AG.YLD.CREL.KG,2006,1256.1
TUN,チュニジア,AG.YLD.CREL.KG,2007,1622.5
TUN,チュニジア,AG.YLD.CREL.KG,2008,1467.3
TUN,チュニジア,AG.YLD.CREL.KG,2009,1877.6
TUN,チュニジア,AG.YLD.CREL.KG,2010,1694.1
TUN,チュニジア,AG.YLD.CREL.KG,2011,1710.8
TUN,チュニジア,AG.YLD.CREL.KG,2012,1674.3
TUN,チュニジア,AG.YLD.CREL.KG,2013,1136.2
TUN,チュニジア,AG.YLD.CREL.KG,2014,1805.8
TUN,チュニジア,AG.YLD.CREL.KG,2015,1102.7
TUN,チュニジア,AG.YLD.CREL.KG,2016,1541.2
TUN,チュニジア,AG.YLD.CREL.KG,2017,1304
TUN,チュニジア,AG.YLD.CREL.KG,2018,1223.4
TUN,チュニジア,AG.YLD.CREL.KG,2019,1946.8
TUN,チュニジア,AG.YLD.CREL.KG,2020,1324.4
TUN,チュニジア,AG.YLD.CREL.KG,2021,1451.5
TUN,チュニジア,AG.YLD.CREL.KG,2022,1640.1
TUN,チュニジア,AG.YLD.CREL.KG,2023,1300.5
TUN,チュニジア,AG.YLD.CREL.KG,2024,1891.1
TZA,タンザニア,AG.YLD.CREL.KG,2000,1440.7
TZA,タンザニア,AG.YLD.CREL.KG,2001,2043.5
TZA,タンザニア,AG.YLD.CREL.KG,2002,1899.5
TZA,タンザニア,AG.YLD.CREL.KG,2003,858.1
TZA,タンザニア,AG.YLD.CREL.KG,2004,1370.6
TZA,タンザニア,AG.YLD.CREL.KG,2005,1101.6
TZA,タンザニア,AG.YLD.CREL.KG,2006,1326.7
TZA,タンザニア,AG.YLD.CREL.KG,2007,1427.3
TZA,タンザニア,AG.YLD.CREL.KG,2008,1333.9
TZA,タンザニア,AG.YLD.CREL.KG,2009,1110.4
TZA,タンザニア,AG.YLD.CREL.KG,2010,1647.9
TZA,タンザニア,AG.YLD.CREL.KG,2011,1390.4
TZA,タンザニア,AG.YLD.CREL.KG,2012,1314.8
TZA,タンザニア,AG.YLD.CREL.KG,2013,1418
TZA,タンザニア,AG.YLD.CREL.KG,2014,1669.1
TZA,タンザニア,AG.YLD.CREL.KG,2015,1617.2
TZA,タンザニア,AG.YLD.CREL.KG,2016,1711.1
TZA,タンザニア,AG.YLD.CREL.KG,2017,1692
TZA,タンザニア,AG.YLD.CREL.KG,2018,1938.5
TZA,タンザニア,AG.YLD.CREL.KG,2019,1883.5
TZA,タンザニア,AG.YLD.CREL.KG,2020,1869.5
TZA,タンザニア,AG.YLD.CREL.KG,2021,1782.3
TZA,タンザニア,AG.YLD.CREL.KG,2022,1815.4
TZA,タンザニア,AG.YLD.CREL.KG,2023,1961.1
TZA,タンザニア,AG.YLD.CREL.KG,2024,
UGA,ウガンダ,AG.YLD.CREL.KG,2000,1539.4
UGA,ウガンダ,AG.YLD.CREL.KG,2001,1641.1
UGA,ウガンダ,AG.YLD.CREL.KG,2002,1638.8
UGA,ウガンダ,AG.YLD.CREL.KG,2003,1677.6
UGA,ウガンダ,AG.YLD.CREL.KG,2004,1468
UGA,ウガンダ,AG.YLD.CREL.KG,2005,1573.8
UGA,ウガンダ,AG.YLD.CREL.KG,2006,1522.9
UGA,ウガンダ,AG.YLD.CREL.KG,2007,1526
UGA,ウガンダ,AG.YLD.CREL.KG,2008,1827.7
UGA,ウガンダ,AG.YLD.CREL.KG,2009,2038.6
UGA,ウガンダ,AG.YLD.CREL.KG,2010,1978.5
UGA,ウガンダ,AG.YLD.CREL.KG,2011,2056.9
UGA,ウガンダ,AG.YLD.CREL.KG,2012,2029.1
UGA,ウガンダ,AG.YLD.CREL.KG,2013,1997.5
UGA,ウガンダ,AG.YLD.CREL.KG,2014,2080.6
UGA,ウガンダ,AG.YLD.CREL.KG,2015,2086.8
UGA,ウガンダ,AG.YLD.CREL.KG,2016,1880.5
UGA,ウガンダ,AG.YLD.CREL.KG,2017,1704
UGA,ウガンダ,AG.YLD.CREL.KG,2018,1338
UGA,ウガンダ,AG.YLD.CREL.KG,2019,1401.1
UGA,ウガンダ,AG.YLD.CREL.KG,2020,1616.9
UGA,ウガンダ,AG.YLD.CREL.KG,2021,1908.1
UGA,ウガンダ,AG.YLD.CREL.KG,2022,1964.8
UGA,ウガンダ,AG.YLD.CREL.KG,2023,1958.2
UGA,ウガンダ,AG.YLD.CREL.KG,2024,1919.8
ZAF,南アフリカ共和国,AG.YLD.CREL.KG,2000,2765.9
ZAF,南アフリカ共和国,AG.YLD.CREL.KG,2001,2424.1
ZAF,南アフリカ共和国,AG.YLD.CREL.KG,2002,2772.6
ZAF,南アフリカ共和国,AG.YLD.CREL.KG,2003,2536.8
ZAF,南アフリカ共和国,AG.YLD.CREL.KG,2004,2777.9
ZAF,南アフリカ共和国,AG.YLD.CREL.KG,2005,3309.6
ZAF,南アフリカ共和国,AG.YLD.CREL.KG,2006,3141
ZAF,南アフリカ共和国,AG.YLD.CREL.KG,2007,2790.3
ZAF,南アフリカ共和国,AG.YLD.CREL.KG,2008,4063.2
ZAF,南アフリカ共和国,AG.YLD.CREL.KG,2009,4405.5
ZAF,南アフリカ共和国,AG.YLD.CREL.KG,2010,4150.4
ZAF,南アフリカ共和国,AG.YLD.CREL.KG,2011,4017
ZAF,南アフリカ共和国,AG.YLD.CREL.KG,2012,4243.5
ZAF,南アフリカ共和国,AG.YLD.CREL.KG,2013,4043
ZAF,南アフリカ共和国,AG.YLD.CREL.KG,2014,4899.6
ZAF,南アフリカ共和国,AG.YLD.CREL.KG,2015,3348.4
ZAF,南アフリカ共和国,AG.YLD.CREL.KG,2016,3623.1
ZAF,南アフリカ共和国,AG.YLD.CREL.KG,2017,5331.8
ZAF,南アフリカ共和国,AG.YLD.CREL.KG,2018,4651.9
ZAF,南アフリカ共和国,AG.YLD.CREL.KG,2019,4101.6
ZAF,南アフリカ共和国,AG.YLD.CREL.KG,2020,5121
ZAF,南アフリカ共和国,AG.YLD.CREL.KG,2021,5493.8
ZAF,南アフリカ共和国,AG.YLD.CREL.KG,2022,5310.4
ZAF,南アフリカ共和国,AG.YLD.CREL.KG,2023,5703
ZAF,南アフリカ共和国,AG.YLD.CREL.KG,2024,4562
ZMB,ザンビア,AG.YLD.CREL.KG,2000,1682.3
ZMB,ザンビア,AG.YLD.CREL.KG,2001,1403.7
ZMB,ザンビア,AG.YLD.CREL.KG,2002,1629.6
ZMB,ザンビア,AG.YLD.CREL.KG,2003,1721.2
ZMB,ザンビア,AG.YLD.CREL.KG,2004,1825.3
ZMB,ザンビア,AG.YLD.CREL.KG,2005,1905.4
ZMB,ザンビア,AG.YLD.CREL.KG,2006,2145.9
ZMB,ザンビア,AG.YLD.CREL.KG,2007,2258.6
ZMB,ザンビア,AG.YLD.CREL.KG,2008,2188
ZMB,ザンビア,AG.YLD.CREL.KG,2009,2072.2
ZMB,ザンビア,AG.YLD.CREL.KG,2010,2540.9
ZMB,ザンビア,AG.YLD.CREL.KG,2011,2745.1
ZMB,ザンビア,AG.YLD.CREL.KG,2012,2708.8
ZMB,ザンビア,AG.YLD.CREL.KG,2013,2596.1
ZMB,ザンビア,AG.YLD.CREL.KG,2014,2774.9
ZMB,ザンビア,AG.YLD.CREL.KG,2015,3026.4
ZMB,ザンビア,AG.YLD.CREL.KG,2016,2432.2
ZMB,ザンビア,AG.YLD.CREL.KG,2017,2489.9
ZMB,ザンビア,AG.YLD.CREL.KG,2018,2168.1
ZMB,ザンビア,AG.YLD.CREL.KG,2019,2400.4
ZMB,ザンビア,AG.YLD.CREL.KG,2020,2481.6
ZMB,ザンビア,AG.YLD.CREL.KG,2021,2525
ZMB,ザンビア,AG.YLD.CREL.KG,2022,2457.4
ZMB,ザンビア,AG.YLD.CREL.KG,2023,2343.8
ZMB,ザンビア,AG.YLD.CREL.KG,2024,
ZWE,ジンバブエ,AG.YLD.CREL.KG,2000,1159.5
ZWE,ジンバブエ,AG.YLD.CREL.KG,2001,1193.9
ZWE,ジンバブエ,AG.YLD.CREL.KG,2002,539.1
ZWE,ジンバブエ,AG.YLD.CREL.KG,2003,795.3
ZWE,ジンバブエ,AG.YLD.CREL.KG,2004,1205.9
ZWE,ジンバブエ,AG.YLD.CREL.KG,2005,653.8
ZWE,ジンバブエ,AG.YLD.CREL.KG,2006,934.2
ZWE,ジンバブエ,AG.YLD.CREL.KG,2007,806.7
ZWE,ジンバブエ,AG.YLD.CREL.KG,2008,309.7
ZWE,ジンバブエ,AG.YLD.CREL.KG,2009,452.4
ZWE,ジンバブエ,AG.YLD.CREL.KG,2010,733.4
ZWE,ジンバブエ,AG.YLD.CREL.KG,2011,587.4
ZWE,ジンバブエ,AG.YLD.CREL.KG,2012,695.7
ZWE,ジンバブエ,AG.YLD.CREL.KG,2013,668.5
ZWE,ジンバブエ,AG.YLD.CREL.KG,2014,831.4
ZWE,ジンバブエ,AG.YLD.CREL.KG,2015,557.5
ZWE,ジンバブエ,AG.YLD.CREL.KG,2016,435.1
ZWE,ジンバブエ,AG.YLD.CREL.KG,2017,1203.3
ZWE,ジンバブエ,AG.YLD.CREL.KG,2018,1254.2
ZWE,ジンバブエ,AG.YLD.CREL.KG,2019,749.6
ZWE,ジンバブエ,AG.YLD.CREL.KG,2020,1149.4
ZWE,ジンバブエ,AG.YLD.CREL.KG,2021,1545.5
ZWE,ジンバブエ,AG.YLD.CREL.KG,2022,956.9
ZWE,ジンバブエ,AG.YLD.CREL.KG,2023,743.9
ZWE,ジンバブエ,AG.YLD.CREL.KG,2024,
AGO,アンゴラ,NV.AGR.TOTL.ZS,2000,
AGO,アンゴラ,NV.AGR.TOTL.ZS,2001,
AGO,アンゴラ,NV.AGR.TOTL.ZS,2002,9.38679060353171
AGO,アンゴラ,NV.AGR.TOTL.ZS,2003,10.000076846311
AGO,アンゴラ,NV.AGR.TOTL.ZS,2004,10.3635914451084
AGO,アンゴラ,NV.AGR.TOTL.ZS,2005,8.56536731672033
AGO,アンゴラ,NV.AGR.TOTL.ZS,2006,8.4410089784559
AGO,アンゴラ,NV.AGR.TOTL.ZS,2007,8.616240421891
AGO,アンゴラ,NV.AGR.TOTL.ZS,2008,7.81831803296579
AGO,アンゴラ,NV.AGR.TOTL.ZS,2009,10.3661474572377
AGO,アンゴラ,NV.AGR.TOTL.ZS,2010,10.0913068589156
AGO,アンゴラ,NV.AGR.TOTL.ZS,2011,9.55630602212879
AGO,アンゴラ,NV.AGR.TOTL.ZS,2012,9.69697932366603
AGO,アンゴラ,NV.AGR.TOTL.ZS,2013,10.3295507034721
AGO,アンゴラ,NV.AGR.TOTL.ZS,2014,11.4782158930435
AGO,アンゴラ,NV.AGR.TOTL.ZS,2015,13.663772327968
AGO,アンゴラ,NV.AGR.TOTL.ZS,2016,14.4558424371022
AGO,アンゴラ,NV.AGR.TOTL.ZS,2017,14.709941688499
AGO,アンゴラ,NV.AGR.TOTL.ZS,2018,13.1933917283997
AGO,アンゴラ,NV.AGR.TOTL.ZS,2019,12.3210508241048
AGO,アンゴラ,NV.AGR.TOTL.ZS,2020,15.1097674669231
AGO,アンゴラ,NV.AGR.TOTL.ZS,2021,16.8317967997029
AGO,アンゴラ,NV.AGR.TOTL.ZS,2022,19.4301170178768
AGO,アンゴラ,NV.AGR.TOTL.ZS,2023,20.9093369427559
AGO,アンゴラ,NV.AGR.TOTL.ZS,2024,21.5526709882832
BDI,ブルンジ,NV.AGR.TOTL.ZS,2000,44.1070401093686
BDI,ブルンジ,NV.AGR.TOTL.ZS,2001,43.8431420582797
BDI,ブルンジ,NV.AGR.TOTL.ZS,2002,43.3336112421252
BDI,ブルンジ,NV.AGR.TOTL.ZS,2003,42.8412837005394
BDI,ブルンジ,NV.AGR.TOTL.ZS,2004,41.9026049689034
BDI,ブルンジ,NV.AGR.TOTL.ZS,2005,40.8481233922949
BDI,ブルンジ,NV.AGR.TOTL.ZS,2006,40.6376822658218
BDI,ブルンジ,NV.AGR.TOTL.ZS,2007,34.9341719197591
BDI,ブルンジ,NV.AGR.TOTL.ZS,2008,38.0048233017065
BDI,ブルンジ,NV.AGR.TOTL.ZS,2009,36.8532403738342
BDI,ブルンジ,NV.AGR.TOTL.ZS,2010,38.4305452876335
BDI,ブルンジ,NV.AGR.TOTL.ZS,2011,36.7043515146528
BDI,ブルンジ,NV.AGR.TOTL.ZS,2012,35.5104159871754
BDI,ブルンジ,NV.AGR.TOTL.ZS,2013,38.3671182602277
BDI,ブルンジ,NV.AGR.TOTL.ZS,2014,34.9578238431604
BDI,ブルンジ,NV.AGR.TOTL.ZS,2015,35.2477391830275
BDI,ブルンジ,NV.AGR.TOTL.ZS,2016,35.5553158342758
BDI,ブルンジ,NV.AGR.TOTL.ZS,2017,37.4034350043265
BDI,ブルンジ,NV.AGR.TOTL.ZS,2018,35.3539025487206
BDI,ブルンジ,NV.AGR.TOTL.ZS,2019,34.2483545998177
BDI,ブルンジ,NV.AGR.TOTL.ZS,2020,31.1053893979777
BDI,ブルンジ,NV.AGR.TOTL.ZS,2021,33.9937846199417
BDI,ブルンジ,NV.AGR.TOTL.ZS,2022,35.331208452642
BDI,ブルンジ,NV.AGR.TOTL.ZS,2023,34.0372399254206
BDI,ブルンジ,NV.AGR.TOTL.ZS,2024,35.051222340227
BEN,ベナン,NV.AGR.TOTL.ZS,2000,23.5412339925262
BEN,ベナン,NV.AGR.TOTL.ZS,2001,25.0481627427766
BEN,ベナン,NV.AGR.TOTL.ZS,2002,25.38272927764
BEN,ベナン,NV.AGR.TOTL.ZS,2003,24.4539837351198
BEN,ベナン,NV.AGR.TOTL.ZS,2004,26.5208492800284
BEN,ベナン,NV.AGR.TOTL.ZS,2005,26.6894285026991
BEN,ベナン,NV.AGR.TOTL.ZS,2006,26.631803428758
BEN,ベナン,NV.AGR.TOTL.ZS,2007,26.9710869666408
BEN,ベナン,NV.AGR.TOTL.ZS,2008,26.8261561852139
BEN,ベナン,NV.AGR.TOTL.ZS,2009,26.9789553760994
BEN,ベナン,NV.AGR.TOTL.ZS,2010,25.8411354962681
BEN,ベナン,NV.AGR.TOTL.ZS,2011,25.7970008253273
BEN,ベナン,NV.AGR.TOTL.ZS,2012,25.7689758312295
BEN,ベナン,NV.AGR.TOTL.ZS,2013,25.2754046390823
BEN,ベナン,NV.AGR.TOTL.ZS,2014,25.6184529738008
BEN,ベナン,NV.AGR.TOTL.ZS,2015,26.3920850925037
BEN,ベナン,NV.AGR.TOTL.ZS,2016,27.7536354980493
BEN,ベナン,NV.AGR.TOTL.ZS,2017,28.4890165273264
BEN,ベナン,NV.AGR.TOTL.ZS,2018,28.0647739127077
BEN,ベナン,NV.AGR.TOTL.ZS,2019,26.8758016258337
BEN,ベナン,NV.AGR.TOTL.ZS,2020,27.1091750361118
BEN,ベナン,NV.AGR.TOTL.ZS,2021,28.5289506098592
BEN,ベナン,NV.AGR.TOTL.ZS,2022,26.8966787968124
BEN,ベナン,NV.AGR.TOTL.ZS,2023,25.4019723667563
BEN,ベナン,NV.AGR.TOTL.ZS,2024,24.2317229519649
BFA,ブルキナファソ,NV.AGR.TOTL.ZS,2000,24.9140364618327
BFA,ブルキナファソ,NV.AGR.TOTL.ZS,2001,26.9204304323679
BFA,ブルキナファソ,NV.AGR.TOTL.ZS,2002,26.3724484751209
BFA,ブルキナファソ,NV.AGR.TOTL.ZS,2003,25.9609768246545
BFA,ブルキナファソ,NV.AGR.TOTL.ZS,2004,23.3814384513092
BFA,ブルキナファソ,NV.AGR.TOTL.ZS,2005,26.7709190270281
BFA,ブルキナファソ,NV.AGR.TOTL.ZS,2006,25.2289761645165
BFA,ブルキナファソ,NV.AGR.TOTL.ZS,2007,21.8394874058463
BFA,ブルキナファソ,NV.AGR.TOTL.ZS,2008,27.314280245881
BFA,ブルキナファソ,NV.AGR.TOTL.ZS,2009,23.2048471286094
BFA,ブルキナファソ,NV.AGR.TOTL.ZS,2010,24.1433866229434
BFA,ブルキナファソ,NV.AGR.TOTL.ZS,2011,23.043650452489
BFA,ブルキナファソ,NV.AGR.TOTL.ZS,2012,23.7560050181575
BFA,ブルキナファソ,NV.AGR.TOTL.ZS,2013,23.6410927919708
BFA,ブルキナファソ,NV.AGR.TOTL.ZS,2014,23.6937727725999
BFA,ブルキナファソ,NV.AGR.TOTL.ZS,2015,22.6464984902029
BFA,ブルキナファソ,NV.AGR.TOTL.ZS,2016,21.7147178290213
BFA,ブルキナファソ,NV.AGR.TOTL.ZS,2017,20.5855872188282
BFA,ブルキナファソ,NV.AGR.TOTL.ZS,2018,20.9974732840091
BFA,ブルキナファソ,NV.AGR.TOTL.ZS,2019,18.2205245524421
BFA,ブルキナファソ,NV.AGR.TOTL.ZS,2020,17.9151635677562
BFA,ブルキナファソ,NV.AGR.TOTL.ZS,2021,17.2902157538449
BFA,ブルキナファソ,NV.AGR.TOTL.ZS,2022,20.6297585441708
BFA,ブルキナファソ,NV.AGR.TOTL.ZS,2023,19.0108450154804
BFA,ブルキナファソ,NV.AGR.TOTL.ZS,2024,20.9246381216982
BWA,ボツワナ,NV.AGR.TOTL.ZS,2000,2.79469978903454
BWA,ボツワナ,NV.AGR.TOTL.ZS,2001,2.59029062025391
BWA,ボツワナ,NV.AGR.TOTL.ZS,2002,2.4256159925616
BWA,ボツワナ,NV.AGR.TOTL.ZS,2003,2.72238695522266
BWA,ボツワナ,NV.AGR.TOTL.ZS,2004,2.25958534959102
BWA,ボツワナ,NV.AGR.TOTL.ZS,2005,1.82838052405033
BWA,ボツワナ,NV.AGR.TOTL.ZS,2006,1.73893509424301
BWA,ボツワナ,NV.AGR.TOTL.ZS,2007,1.92668435755015
BWA,ボツワナ,NV.AGR.TOTL.ZS,2008,2.14007027610337
BWA,ボツワナ,NV.AGR.TOTL.ZS,2009,2.37598419625963
BWA,ボツワナ,NV.AGR.TOTL.ZS,2010,2.0910409188325
BWA,ボツワナ,NV.AGR.TOTL.ZS,2011,2.11892300680962
BWA,ボツワナ,NV.AGR.TOTL.ZS,2012,2.3148110827158
BWA,ボツワナ,NV.AGR.TOTL.ZS,2013,1.99354322327234
BWA,ボツワナ,NV.AGR.TOTL.ZS,2014,1.81959835253259
BWA,ボツワナ,NV.AGR.TOTL.ZS,2015,1.94776486758829
BWA,ボツワナ,NV.AGR.TOTL.ZS,2016,1.97588757367029
BWA,ボツワナ,NV.AGR.TOTL.ZS,2017,1.8419939490754
BWA,ボツワナ,NV.AGR.TOTL.ZS,2018,2.11731083204729
BWA,ボツワナ,NV.AGR.TOTL.ZS,2019,2.08342949351655
BWA,ボツワナ,NV.AGR.TOTL.ZS,2020,2.20806905804054
BWA,ボツワナ,NV.AGR.TOTL.ZS,2021,1.78859292903854
BWA,ボツワナ,NV.AGR.TOTL.ZS,2022,1.57978982179367
BWA,ボツワナ,NV.AGR.TOTL.ZS,2023,1.67651816572999
BWA,ボツワナ,NV.AGR.TOTL.ZS,2024,1.76210010863351
CAF,中央アフリカ共和国,NV.AGR.TOTL.ZS,2000,
CAF,中央アフリカ共和国,NV.AGR.TOTL.ZS,2001,
CAF,中央アフリカ共和国,NV.AGR.TOTL.ZS,2002,
CAF,中央アフリカ共和国,NV.AGR.TOTL.ZS,2003,
CAF,中央アフリカ共和国,NV.AGR.TOTL.ZS,2004,
CAF,中央アフリカ共和国,NV.AGR.TOTL.ZS,2005,
CAF,中央アフリカ共和国,NV.AGR.TOTL.ZS,2006,
CAF,中央アフリカ共和国,NV.AGR.TOTL.ZS,2007,
CAF,中央アフリカ共和国,NV.AGR.TOTL.ZS,2008,
CAF,中央アフリカ共和国,NV.AGR.TOTL.ZS,2009,38.3338681608926
CAF,中央アフリカ共和国,NV.AGR.TOTL.ZS,2010,37.3635795959409
CAF,中央アフリカ共和国,NV.AGR.TOTL.ZS,2011,37.5690227836114
CAF,中央アフリカ共和国,NV.AGR.TOTL.ZS,2012,36.8141664735428
CAF,中央アフリカ共和国,NV.AGR.TOTL.ZS,2013,32.2589062460725
CAF,中央アフリカ共和国,NV.AGR.TOTL.ZS,2014,33.9856217226143
CAF,中央アフリカ共和国,NV.AGR.TOTL.ZS,2015,31.5273810283745
CAF,中央アフリカ共和国,NV.AGR.TOTL.ZS,2016,31.9189914897237
CAF,中央アフリカ共和国,NV.AGR.TOTL.ZS,2017,32.7901712257048
CAF,中央アフリカ共和国,NV.AGR.TOTL.ZS,2018,31.2413315121572
CAF,中央アフリカ共和国,NV.AGR.TOTL.ZS,2019,28.3418324649438
CAF,中央アフリカ共和国,NV.AGR.TOTL.ZS,2020,29.4959372264099
CAF,中央アフリカ共和国,NV.AGR.TOTL.ZS,2021,35.7553299980455
CAF,中央アフリカ共和国,NV.AGR.TOTL.ZS,2022,36.2171100024119
CAF,中央アフリカ共和国,NV.AGR.TOTL.ZS,2023,28.6110555239693
CAF,中央アフリカ共和国,NV.AGR.TOTL.ZS,2024,27.8986367879887
CIV,コートジボワール,NV.AGR.TOTL.ZS,2000,16.195154514693
CIV,コートジボワール,NV.AGR.TOTL.ZS,2001,17.2770975527184
CIV,コートジボワール,NV.AGR.TOTL.ZS,2002,18.737314157226
CIV,コートジボワール,NV.AGR.TOTL.ZS,2003,20.7760202202729
CIV,コートジボワール,NV.AGR.TOTL.ZS,2004,16.640018984398
CIV,コートジボワール,NV.AGR.TOTL.ZS,2005,16.0651853584803
CIV,コートジボワール,NV.AGR.TOTL.ZS,2006,15.9447949066292
CIV,コートジボワール,NV.AGR.TOTL.ZS,2007,15.5787463255399
CIV,コートジボワール,NV.AGR.TOTL.ZS,2008,16.1854841829726
CIV,コートジボワール,NV.AGR.TOTL.ZS,2009,15.2495816385759
CIV,コートジボワール,NV.AGR.TOTL.ZS,2010,17.4889170707842
CIV,コートジボワール,NV.AGR.TOTL.ZS,2011,18.4866714886447
CIV,コートジボワール,NV.AGR.TOTL.ZS,2012,16.3751498758861
CIV,コートジボワール,NV.AGR.TOTL.ZS,2013,15.3429019354945
CIV,コートジボワール,NV.AGR.TOTL.ZS,2014,15.2417555256185
CIV,コートジボワール,NV.AGR.TOTL.ZS,2015,18.3620416868752
CIV,コートジボワール,NV.AGR.TOTL.ZS,2016,17.4349684074971
CIV,コートジボワール,NV.AGR.TOTL.ZS,2017,16.9409871496938
CIV,コートジボワール,NV.AGR.TOTL.ZS,2018,17.8526014022659
CIV,コートジボワール,NV.AGR.TOTL.ZS,2019,15.6880480775561
CIV,コートジボワール,NV.AGR.TOTL.ZS,2020,16.9334154768944
CIV,コートジボワール,NV.AGR.TOTL.ZS,2021,16.1805529630135
CIV,コートジボワール,NV.AGR.TOTL.ZS,2022,16.5843332097616
CIV,コートジボワール,NV.AGR.TOTL.ZS,2023,15.9442578438607
CIV,コートジボワール,NV.AGR.TOTL.ZS,2024,15.8594343780948
CMR,カメルーン,NV.AGR.TOTL.ZS,2000,18.1177424642566
CMR,カメルーン,NV.AGR.TOTL.ZS,2001,18.6209582669445
CMR,カメルーン,NV.AGR.TOTL.ZS,2002,18.2716803952334
CMR,カメルーン,NV.AGR.TOTL.ZS,2003,17.473784234889
CMR,カメルーン,NV.AGR.TOTL.ZS,2004,17.5609527218813
CMR,カメルーン,NV.AGR.TOTL.ZS,2005,16.734176851979
CMR,カメルーン,NV.AGR.TOTL.ZS,2006,15.6250817945247
CMR,カメルーン,NV.AGR.TOTL.ZS,2007,15.8575319059376
CMR,カメルーン,NV.AGR.TOTL.ZS,2008,16.0011918854665
CMR,カメルーン,NV.AGR.TOTL.ZS,2009,16.3871903453991
CMR,カメルーン,NV.AGR.TOTL.ZS,2010,17.2697108767217
CMR,カメルーン,NV.AGR.TOTL.ZS,2011,16.6973907363193
CMR,カメルーン,NV.AGR.TOTL.ZS,2012,16.6572401682217
CMR,カメルーン,NV.AGR.TOTL.ZS,2013,16.7236611922507
CMR,カメルーン,NV.AGR.TOTL.ZS,2014,16.8258381780095
CMR,カメルーン,NV.AGR.TOTL.ZS,2015,17.2094159041593
CMR,カメルーン,NV.AGR.TOTL.ZS,2016,17.1926623891151
CMR,カメルーン,NV.AGR.TOTL.ZS,2017,16.6929418227731
CMR,カメルーン,NV.AGR.TOTL.ZS,2018,16.4988006978593
CMR,カメルーン,NV.AGR.TOTL.ZS,2019,16.8022835644401
CMR,カメルーン,NV.AGR.TOTL.ZS,2020,17.4968650540914
CMR,カメルーン,NV.AGR.TOTL.ZS,2021,16.9592035415957
CMR,カメルーン,NV.AGR.TOTL.ZS,2022,16.5461644132745
CMR,カメルーン,NV.AGR.TOTL.ZS,2023,17.0996372773511
CMR,カメルーン,NV.AGR.TOTL.ZS,2024,18.4616384352121
COD,コンゴ民主共和国,NV.AGR.TOTL.ZS,2000,31.9723582652415
COD,コンゴ民主共和国,NV.AGR.TOTL.ZS,2001,32.8709040200447
COD,コンゴ民主共和国,NV.AGR.TOTL.ZS,2002,26.5837793204992
COD,コンゴ民主共和国,NV.AGR.TOTL.ZS,2003,26.0538388066067
COD,コンゴ民主共和国,NV.AGR.TOTL.ZS,2004,23.8793594908244
COD,コンゴ民主共和国,NV.AGR.TOTL.ZS,2005,19.8446510872333
COD,コンゴ民主共和国,NV.AGR.TOTL.ZS,2006,20.3859027537723
COD,コンゴ民主共和国,NV.AGR.TOTL.ZS,2007,18.2652590798129
COD,コンゴ民主共和国,NV.AGR.TOTL.ZS,2008,18.2329625593996
COD,コンゴ民主共和国,NV.AGR.TOTL.ZS,2009,17.2150539616489
COD,コンゴ民主共和国,NV.AGR.TOTL.ZS,2010,28.8558506334207
COD,コンゴ民主共和国,NV.AGR.TOTL.ZS,2011,15.741544467002
COD,コンゴ民主共和国,NV.AGR.TOTL.ZS,2012,15.3232580698254
COD,コンゴ民主共和国,NV.AGR.TOTL.ZS,2013,13.6738761208634
COD,コンゴ民主共和国,NV.AGR.TOTL.ZS,2014,12.488689362081
COD,コンゴ民主共和国,NV.AGR.TOTL.ZS,2015,12.456053797914
COD,コンゴ民主共和国,NV.AGR.TOTL.ZS,2016,12.2895509013421
COD,コンゴ民主共和国,NV.AGR.TOTL.ZS,2017,12.2591059827241
COD,コンゴ民主共和国,NV.AGR.TOTL.ZS,2018,12.3021936655493
COD,コンゴ民主共和国,NV.AGR.TOTL.ZS,2019,13.1512157041087
COD,コンゴ民主共和国,NV.AGR.TOTL.ZS,2020,13.7461066368954
COD,コンゴ民主共和国,NV.AGR.TOTL.ZS,2021,11.3157062519
COD,コンゴ民主共和国,NV.AGR.TOTL.ZS,2022,10.3370074738162
COD,コンゴ民主共和国,NV.AGR.TOTL.ZS,2023,10.3773951595278
COD,コンゴ民主共和国,NV.AGR.TOTL.ZS,2024,10.0830175169735
COG,コンゴ共和国,NV.AGR.TOTL.ZS,2000,5.30425299890949
COG,コンゴ共和国,NV.AGR.TOTL.ZS,2001,5.79993165063711
COG,コンゴ共和国,NV.AGR.TOTL.ZS,2002,6.26158012257114
COG,コンゴ共和国,NV.AGR.TOTL.ZS,2003,6.27522393936411
COG,コンゴ共和国,NV.AGR.TOTL.ZS,2004,5.50940630344491
COG,コンゴ共和国,NV.AGR.TOTL.ZS,2005,6.10423786651851
COG,コンゴ共和国,NV.AGR.TOTL.ZS,2006,4.81314641849445
COG,コンゴ共和国,NV.AGR.TOTL.ZS,2007,4.91981108062473
COG,コンゴ共和国,NV.AGR.TOTL.ZS,2008,4.24815097163364
COG,コンゴ共和国,NV.AGR.TOTL.ZS,2009,5.27993327507586
COG,コンゴ共和国,NV.AGR.TOTL.ZS,2010,4.03853452122591
COG,コンゴ共和国,NV.AGR.TOTL.ZS,2011,3.98393619152519
COG,コンゴ共和国,NV.AGR.TOTL.ZS,2012,3.79877492298434
COG,コンゴ共和国,NV.AGR.TOTL.ZS,2013,4.26008218811564
COG,コンゴ共和国,NV.AGR.TOTL.ZS,2014,4.55765474287642
COG,コンゴ共和国,NV.AGR.TOTL.ZS,2015,5.81058893116428
COG,コンゴ共和国,NV.AGR.TOTL.ZS,2016,6.76365035154121
COG,コンゴ共和国,NV.AGR.TOTL.ZS,2017,7.30993971951451
COG,コンゴ共和国,NV.AGR.TOTL.ZS,2018,6.78839255400222
COG,コンゴ共和国,NV.AGR.TOTL.ZS,2019,7.3469917082119
COG,コンゴ共和国,NV.AGR.TOTL.ZS,2020,10.6904243097029
COG,コンゴ共和国,NV.AGR.TOTL.ZS,2021,9.09674868938002
COG,コンゴ共和国,NV.AGR.TOTL.ZS,2022,8.0419106943363
COG,コンゴ共和国,NV.AGR.TOTL.ZS,2023,8.95211587630601
COG,コンゴ共和国,NV.AGR.TOTL.ZS,2024,9.44033974046224
COM,コモロ,NV.AGR.TOTL.ZS,2000,29.3763199309883
COM,コモロ,NV.AGR.TOTL.ZS,2001,29.3762865752702
COM,コモロ,NV.AGR.TOTL.ZS,2002,29.376012439903
COM,コモロ,NV.AGR.TOTL.ZS,2003,29.3761272595016
COM,コモロ,NV.AGR.TOTL.ZS,2004,29.376019929184
COM,コモロ,NV.AGR.TOTL.ZS,2005,29.3762739037829
COM,コモロ,NV.AGR.TOTL.ZS,2006,29.3763406198683
COM,コモロ,NV.AGR.TOTL.ZS,2007,28.956646255431
COM,コモロ,NV.AGR.TOTL.ZS,2008,29.138915008097
COM,コモロ,NV.AGR.TOTL.ZS,2009,30.0330064008618
COM,コモロ,NV.AGR.TOTL.ZS,2010,30.4159781880526
COM,コモロ,NV.AGR.TOTL.ZS,2011,30.5642731101881
COM,コモロ,NV.AGR.TOTL.ZS,2012,30.1730899304755
COM,コモロ,NV.AGR.TOTL.ZS,2013,30.7898620674783
COM,コモロ,NV.AGR.TOTL.ZS,2014,30.0114530891401
COM,コモロ,NV.AGR.TOTL.ZS,2015,30.5986282117727
COM,コモロ,NV.AGR.TOTL.ZS,2016,31.3684720287721
COM,コモロ,NV.AGR.TOTL.ZS,2017,31.8988868689753
COM,コモロ,NV.AGR.TOTL.ZS,2018,33.7201530586489
COM,コモロ,NV.AGR.TOTL.ZS,2019,35.6200979878781
COM,コモロ,NV.AGR.TOTL.ZS,2020,35.7974035819198
COM,コモロ,NV.AGR.TOTL.ZS,2021,35.2409488047407
COM,コモロ,NV.AGR.TOTL.ZS,2022,35.1643241181568
COM,コモロ,NV.AGR.TOTL.ZS,2023,34.1551138143977
COM,コモロ,NV.AGR.TOTL.ZS,2024,36.0674263241968
CPV,カーボベルデ,NV.AGR.TOTL.ZS,2000,12.8717827032774
CPV,カーボベルデ,NV.AGR.TOTL.ZS,2001,11.4157660193474
CPV,カーボベルデ,NV.AGR.TOTL.ZS,2002,10.3514712488974
CPV,カーボベルデ,NV.AGR.TOTL.ZS,2003,10.1436982527383
CPV,カーボベルデ,NV.AGR.TOTL.ZS,2004,9.86346771915503
CPV,カーボベルデ,NV.AGR.TOTL.ZS,2005,9.00118732269349
CPV,カーボベルデ,NV.AGR.TOTL.ZS,2006,8.3187121345924
CPV,カーボベルデ,NV.AGR.TOTL.ZS,2007,6.09468707137093
CPV,カーボベルデ,NV.AGR.TOTL.ZS,2008,5.31578241870627
CPV,カーボベルデ,NV.AGR.TOTL.ZS,2009,6.02632246585572
CPV,カーボベルデ,NV.AGR.TOTL.ZS,2010,5.82909277007133
CPV,カーボベルデ,NV.AGR.TOTL.ZS,2011,5.39925327001121
CPV,カーボベルデ,NV.AGR.TOTL.ZS,2012,5.79088758494564
CPV,カーボベルデ,NV.AGR.TOTL.ZS,2013,5.82359125603063
CPV,カーボベルデ,NV.AGR.TOTL.ZS,2014,5.73506923863287
CPV,カーボベルデ,NV.AGR.TOTL.ZS,2015,6.4082863760272
CPV,カーボベルデ,NV.AGR.TOTL.ZS,2016,6.31352277353712
CPV,カーボベルデ,NV.AGR.TOTL.ZS,2017,5.37533502619645
CPV,カーボベルデ,NV.AGR.TOTL.ZS,2018,4.52276867410321
CPV,カーボベルデ,NV.AGR.TOTL.ZS,2019,4.437360866953
CPV,カーボベルデ,NV.AGR.TOTL.ZS,2020,6.19132745485182
CPV,カーボベルデ,NV.AGR.TOTL.ZS,2021,5.97147405923183
CPV,カーボベルデ,NV.AGR.TOTL.ZS,2022,4.95404868851136
CPV,カーボベルデ,NV.AGR.TOTL.ZS,2023,4.85483833304009
CPV,カーボベルデ,NV.AGR.TOTL.ZS,2024,4.94662582763129
DJI,ジブチ,NV.AGR.TOTL.ZS,2000,
DJI,ジブチ,NV.AGR.TOTL.ZS,2001,
DJI,ジブチ,NV.AGR.TOTL.ZS,2002,
DJI,ジブチ,NV.AGR.TOTL.ZS,2003,
DJI,ジブチ,NV.AGR.TOTL.ZS,2004,
DJI,ジブチ,NV.AGR.TOTL.ZS,2005,
DJI,ジブチ,NV.AGR.TOTL.ZS,2006,
DJI,ジブチ,NV.AGR.TOTL.ZS,2007,
DJI,ジブチ,NV.AGR.TOTL.ZS,2008,
DJI,ジブチ,NV.AGR.TOTL.ZS,2009,
DJI,ジブチ,NV.AGR.TOTL.ZS,2010,
DJI,ジブチ,NV.AGR.TOTL.ZS,2011,
DJI,ジブチ,NV.AGR.TOTL.ZS,2012,
DJI,ジブチ,NV.AGR.TOTL.ZS,2013,1.19392304728354
DJI,ジブチ,NV.AGR.TOTL.ZS,2014,1.22411023326762
DJI,ジブチ,NV.AGR.TOTL.ZS,2015,1.05900752644099
DJI,ジブチ,NV.AGR.TOTL.ZS,2016,0.99558771996226
DJI,ジブチ,NV.AGR.TOTL.ZS,2017,1.29424095183589
DJI,ジブチ,NV.AGR.TOTL.ZS,2018,1.41671102035767
DJI,ジブチ,NV.AGR.TOTL.ZS,2019,1.51935229833123
DJI,ジブチ,NV.AGR.TOTL.ZS,2020,1.99744473588682
DJI,ジブチ,NV.AGR.TOTL.ZS,2021,3.00716226184265
DJI,ジブチ,NV.AGR.TOTL.ZS,2022,2.63101792247644
DJI,ジブチ,NV.AGR.TOTL.ZS,2023,2.50202235262172
DJI,ジブチ,NV.AGR.TOTL.ZS,2024,2.5119476858486
DZA,アルジェリア,NV.AGR.TOTL.ZS,2000,8.39504849504573
DZA,アルジェリア,NV.AGR.TOTL.ZS,2001,8.886179657499
DZA,アルジェリア,NV.AGR.TOTL.ZS,2002,8.41302644785912
DZA,アルジェリア,NV.AGR.TOTL.ZS,2003,8.45671950735323
DZA,アルジェリア,NV.AGR.TOTL.ZS,2004,7.72217403415641
DZA,アルジェリア,NV.AGR.TOTL.ZS,2005,6.5592713699842
DZA,アルジェリア,NV.AGR.TOTL.ZS,2006,6.36600271426263
DZA,アルジェリア,NV.AGR.TOTL.ZS,2007,6.32601878401142
DZA,アルジェリア,NV.AGR.TOTL.ZS,2008,5.54975092049628
DZA,アルジェリア,NV.AGR.TOTL.ZS,2009,8.01121741497815
DZA,アルジェリア,NV.AGR.TOTL.ZS,2010,7.53171561491377
DZA,アルジェリア,NV.AGR.TOTL.ZS,2011,7.08352512171367
DZA,アルジェリア,NV.AGR.TOTL.ZS,2012,8.02697167412095
DZA,アルジェリア,NV.AGR.TOTL.ZS,2013,9.12007464194984
DZA,アルジェリア,NV.AGR.TOTL.ZS,2014,9.40707440856373
DZA,アルジェリア,NV.AGR.TOTL.ZS,2015,10.5327896965018
DZA,アルジェリア,NV.AGR.TOTL.ZS,2016,11.0683130545794
DZA,アルジェリア,NV.AGR.TOTL.ZS,2017,11.0318809304784
DZA,アルジェリア,NV.AGR.TOTL.ZS,2018,11.2438301354995
DZA,アルジェリア,NV.AGR.TOTL.ZS,2019,11.4791798857164
DZA,アルジェリア,NV.AGR.TOTL.ZS,2020,12.8341693887186
DZA,アルジェリア,NV.AGR.TOTL.ZS,2021,11.2354345605089
DZA,アルジェリア,NV.AGR.TOTL.ZS,2022,10.6470638553472
DZA,アルジェリア,NV.AGR.TOTL.ZS,2023,13.3692450434856
DZA,アルジェリア,NV.AGR.TOTL.ZS,2024,13.9597061505767
EGY,エジプト,NV.AGR.TOTL.ZS,2000,15.5380770361658
EGY,エジプト,NV.AGR.TOTL.ZS,2001,15.3512684694731
EGY,エジプト,NV.AGR.TOTL.ZS,2002,15.4048561625759
EGY,エジプト,NV.AGR.TOTL.ZS,2003,15.2867065868263
EGY,エジプト,NV.AGR.TOTL.ZS,2004,14.2699361219864
EGY,エジプト,NV.AGR.TOTL.ZS,2005,13.9816898792943
EGY,エジプト,NV.AGR.TOTL.ZS,2006,13.2372025254978
EGY,エジプト,NV.AGR.TOTL.ZS,2007,13.4201262083781
EGY,エジプト,NV.AGR.TOTL.ZS,2008,12.6302400893356
EGY,エジプト,NV.AGR.TOTL.ZS,2009,12.9979466513145
EGY,エジプト,NV.AGR.TOTL.ZS,2010,13.3407591579645
EGY,エジプト,NV.AGR.TOTL.ZS,2011,13.8691050980964
EGY,エジプト,NV.AGR.TOTL.ZS,2012,11.2727652713919
EGY,エジプト,NV.AGR.TOTL.ZS,2013,11.2743496022361
EGY,エジプト,NV.AGR.TOTL.ZS,2014,11.3377089201878
EGY,エジプト,NV.AGR.TOTL.ZS,2015,11.3940627685257
EGY,エジプト,NV.AGR.TOTL.ZS,2016,11.769316084742
EGY,エジプト,NV.AGR.TOTL.ZS,2017,10.9863806449848
EGY,エジプト,NV.AGR.TOTL.ZS,2018,10.8302490249025
EGY,エジプト,NV.AGR.TOTL.ZS,2019,10.6971354538956
EGY,エジプト,NV.AGR.TOTL.ZS,2020,11.1668239443487
EGY,エジプト,NV.AGR.TOTL.ZS,2021,11.4369326589725
EGY,エジプト,NV.AGR.TOTL.ZS,2022,10.9457535224737
EGY,エジプト,NV.AGR.TOTL.ZS,2023,10.6003111645036
EGY,エジプト,NV.AGR.TOTL.ZS,2024,13.7121128792805
ERI,エリトリア,NV.AGR.TOTL.ZS,2000,12.5904217689804
ERI,エリトリア,NV.AGR.TOTL.ZS,2001,15.163844400074
ERI,エリトリア,NV.AGR.TOTL.ZS,2002,13.6018100565387
ERI,エリトリア,NV.AGR.TOTL.ZS,2003,11.8299212236971
ERI,エリトリア,NV.AGR.TOTL.ZS,2004,10.642274296598
ERI,エリトリア,NV.AGR.TOTL.ZS,2005,22.6000002108942
ERI,エリトリア,NV.AGR.TOTL.ZS,2006,24.59999989582
ERI,エリトリア,NV.AGR.TOTL.ZS,2007,24.2659805873687
ERI,エリトリア,NV.AGR.TOTL.ZS,2008,16.7763073752775
ERI,エリトリア,NV.AGR.TOTL.ZS,2009,14.1242274354984
ERI,エリトリア,NV.AGR.TOTL.ZS,2010,
ERI,エリトリア,NV.AGR.TOTL.ZS,2011,
ERI,エリトリア,NV.AGR.TOTL.ZS,2012,
ERI,エリトリア,NV.AGR.TOTL.ZS,2013,
ERI,エリトリア,NV.AGR.TOTL.ZS,2014,
ERI,エリトリア,NV.AGR.TOTL.ZS,2015,
ERI,エリトリア,NV.AGR.TOTL.ZS,2016,
ERI,エリトリア,NV.AGR.TOTL.ZS,2017,
ERI,エリトリア,NV.AGR.TOTL.ZS,2018,
ERI,エリトリア,NV.AGR.TOTL.ZS,2019,
ERI,エリトリア,NV.AGR.TOTL.ZS,2020,
ERI,エリトリア,NV.AGR.TOTL.ZS,2021,
ERI,エリトリア,NV.AGR.TOTL.ZS,2022,
ERI,エリトリア,NV.AGR.TOTL.ZS,2023,
ERI,エリトリア,NV.AGR.TOTL.ZS,2024,
ESH,西サハラ,NV.AGR.TOTL.ZS,2000,
ESH,西サハラ,NV.AGR.TOTL.ZS,2001,
ESH,西サハラ,NV.AGR.TOTL.ZS,2002,
ESH,西サハラ,NV.AGR.TOTL.ZS,2003,
ESH,西サハラ,NV.AGR.TOTL.ZS,2004,
ESH,西サハラ,NV.AGR.TOTL.ZS,2005,
ESH,西サハラ,NV.AGR.TOTL.ZS,2006,
ESH,西サハラ,NV.AGR.TOTL.ZS,2007,
ESH,西サハラ,NV.AGR.TOTL.ZS,2008,
ESH,西サハラ,NV.AGR.TOTL.ZS,2009,
ESH,西サハラ,NV.AGR.TOTL.ZS,2010,
ESH,西サハラ,NV.AGR.TOTL.ZS,2011,
ESH,西サハラ,NV.AGR.TOTL.ZS,2012,
ESH,西サハラ,NV.AGR.TOTL.ZS,2013,
ESH,西サハラ,NV.AGR.TOTL.ZS,2014,
ESH,西サハラ,NV.AGR.TOTL.ZS,2015,
ESH,西サハラ,NV.AGR.TOTL.ZS,2016,
ESH,西サハラ,NV.AGR.TOTL.ZS,2017,
ESH,西サハラ,NV.AGR.TOTL.ZS,2018,
ESH,西サハラ,NV.AGR.TOTL.ZS,2019,
ESH,西サハラ,NV.AGR.TOTL.ZS,2020,
ESH,西サハラ,NV.AGR.TOTL.ZS,2021,
ESH,西サハラ,NV.AGR.TOTL.ZS,2022,
ESH,西サハラ,NV.AGR.TOTL.ZS,2023,
ESH,西サハラ,NV.AGR.TOTL.ZS,2024,
ETH,エチオピア,NV.AGR.TOTL.ZS,2000,44.6660179485759
ETH,エチオピア,NV.AGR.TOTL.ZS,2001,42.3405711240311
ETH,エチオピア,NV.AGR.TOTL.ZS,2002,38.6923716914638
ETH,エチオピア,NV.AGR.TOTL.ZS,2003,37.2850554139561
ETH,エチオピア,NV.AGR.TOTL.ZS,2004,38.6797549469264
ETH,エチオピア,NV.AGR.TOTL.ZS,2005,41.1744985607337
ETH,エチオピア,NV.AGR.TOTL.ZS,2006,42.5241701226393
ETH,エチオピア,NV.AGR.TOTL.ZS,2007,42.2650121920913
ETH,エチオピア,NV.AGR.TOTL.ZS,2008,45.1845583729593
ETH,エチオピア,NV.AGR.TOTL.ZS,2009,45.8826942649105
ETH,エチオピア,NV.AGR.TOTL.ZS,2010,41.4468200699758
ETH,エチオピア,NV.AGR.TOTL.ZS,2011,41.2499638574537
ETH,エチオピア,NV.AGR.TOTL.ZS,2012,44.3309427521463
ETH,エチオピア,NV.AGR.TOTL.ZS,2013,41.2395055340925
ETH,エチオピア,NV.AGR.TOTL.ZS,2014,38.5204496889284
ETH,エチオピア,NV.AGR.TOTL.ZS,2015,36.0569753905786
ETH,エチオピア,NV.AGR.TOTL.ZS,2016,34.6969564523634
ETH,エチオピア,NV.AGR.TOTL.ZS,2017,33.7792813400479
ETH,エチオピア,NV.AGR.TOTL.ZS,2018,31.218806650139
ETH,エチオピア,NV.AGR.TOTL.ZS,2019,33.6333246910556
ETH,エチオピア,NV.AGR.TOTL.ZS,2020,35.5582700358115
ETH,エチオピア,NV.AGR.TOTL.ZS,2021,37.5791137563489
ETH,エチオピア,NV.AGR.TOTL.ZS,2022,37.6422268391462
ETH,エチオピア,NV.AGR.TOTL.ZS,2023,35.7864807851174
ETH,エチオピア,NV.AGR.TOTL.ZS,2024,34.7737782046291
GAB,ガボン,NV.AGR.TOTL.ZS,2000,6.21362452192229
GAB,ガボン,NV.AGR.TOTL.ZS,2001,6.14393258219291
GAB,ガボン,NV.AGR.TOTL.ZS,2002,5.74386163895503
GAB,ガボン,NV.AGR.TOTL.ZS,2003,6.00402093513223
GAB,ガボン,NV.AGR.TOTL.ZS,2004,5.46729104251047
GAB,ガボン,NV.AGR.TOTL.ZS,2005,4.98463861102881
GAB,ガボン,NV.AGR.TOTL.ZS,2006,4.91120031463828
GAB,ガボン,NV.AGR.TOTL.ZS,2007,4.95783080287957
GAB,ガボン,NV.AGR.TOTL.ZS,2008,4.22984203194841
GAB,ガボン,NV.AGR.TOTL.ZS,2009,5.04416979273101
GAB,ガボン,NV.AGR.TOTL.ZS,2010,3.91445441728357
GAB,ガボン,NV.AGR.TOTL.ZS,2011,3.43228977977158
GAB,ガボン,NV.AGR.TOTL.ZS,2012,3.35369777676334
GAB,ガボン,NV.AGR.TOTL.ZS,2013,3.32908065074657
GAB,ガボン,NV.AGR.TOTL.ZS,2014,3.62120476996243
GAB,ガボン,NV.AGR.TOTL.ZS,2015,4.31162904410146
GAB,ガボン,NV.AGR.TOTL.ZS,2016,4.97313690987068
GAB,ガボン,NV.AGR.TOTL.ZS,2017,5.2657648440765
GAB,ガボン,NV.AGR.TOTL.ZS,2018,5.43595280305822
GAB,ガボン,NV.AGR.TOTL.ZS,2019,5.5544308701413
GAB,ガボン,NV.AGR.TOTL.ZS,2020,6.61619761297697
GAB,ガボン,NV.AGR.TOTL.ZS,2021,6.76982280995704
GAB,ガボン,NV.AGR.TOTL.ZS,2022,6.50616941615975
GAB,ガボン,NV.AGR.TOTL.ZS,2023,6.66942563518248
GAB,ガボン,NV.AGR.TOTL.ZS,2024,6.5591443804262
GHA,ガーナ,NV.AGR.TOTL.ZS,2000,35.2715219593039
GHA,ガーナ,NV.AGR.TOTL.ZS,2001,35.2418001245052
GHA,ガーナ,NV.AGR.TOTL.ZS,2002,35.1483770619295
GHA,ガーナ,NV.AGR.TOTL.ZS,2003,36.5454059013539
GHA,ガーナ,NV.AGR.TOTL.ZS,2004,37.9524260930096
GHA,ガーナ,NV.AGR.TOTL.ZS,2005,37.4530129301836
GHA,ガーナ,NV.AGR.TOTL.ZS,2006,28.3330959873622
GHA,ガーナ,NV.AGR.TOTL.ZS,2007,27.294114484663
GHA,ガーナ,NV.AGR.TOTL.ZS,2008,29.4080967578414
GHA,ガーナ,NV.AGR.TOTL.ZS,2009,30.9933842095403
GHA,ガーナ,NV.AGR.TOTL.ZS,2010,28.0387379636491
GHA,ガーナ,NV.AGR.TOTL.ZS,2011,23.663704967184
GHA,ガーナ,NV.AGR.TOTL.ZS,2012,22.1311546901572
GHA,ガーナ,NV.AGR.TOTL.ZS,2013,20.3698425406713
GHA,ガーナ,NV.AGR.TOTL.ZS,2014,19.5837731324669
GHA,ガーナ,NV.AGR.TOTL.ZS,2015,19.9826505985758
GHA,ガーナ,NV.AGR.TOTL.ZS,2016,20.8442929192419
GHA,ガーナ,NV.AGR.TOTL.ZS,2017,19.5617099184239
GHA,ガーナ,NV.AGR.TOTL.ZS,2018,18.1365503192521
GHA,ガーナ,NV.AGR.TOTL.ZS,2019,17.323230201462
GHA,ガーナ,NV.AGR.TOTL.ZS,2020,18.8537826616486
GHA,ガーナ,NV.AGR.TOTL.ZS,2021,19.6574735227332
GHA,ガーナ,NV.AGR.TOTL.ZS,2022,19.5136382081198
GHA,ガーナ,NV.AGR.TOTL.ZS,2023,20.9430687855615
GHA,ガーナ,NV.AGR.TOTL.ZS,2024,20.5752049341268
GIN,ギニア,NV.AGR.TOTL.ZS,2000,14.3900980537913
GIN,ギニア,NV.AGR.TOTL.ZS,2001,14.9105463439258
GIN,ギニア,NV.AGR.TOTL.ZS,2002,14.8357430403433
GIN,ギニア,NV.AGR.TOTL.ZS,2003,14.2516528815736
GIN,ギニア,NV.AGR.TOTL.ZS,2004,15.9897180256217
GIN,ギニア,NV.AGR.TOTL.ZS,2005,15.2811594891059
GIN,ギニア,NV.AGR.TOTL.ZS,2006,15.5845641334162
GIN,ギニア,NV.AGR.TOTL.ZS,2007,16.81970768631
GIN,ギニア,NV.AGR.TOTL.ZS,2008,15.980005361399
GIN,ギニア,NV.AGR.TOTL.ZS,2009,16.3606168762438
GIN,ギニア,NV.AGR.TOTL.ZS,2010,17.4849504866218
GIN,ギニア,NV.AGR.TOTL.ZS,2011,16.0697496615218
GIN,ギニア,NV.AGR.TOTL.ZS,2012,16.8316746641336
GIN,ギニア,NV.AGR.TOTL.ZS,2013,17.5452728357444
GIN,ギニア,NV.AGR.TOTL.ZS,2014,17.5238169176245
GIN,ギニア,NV.AGR.TOTL.ZS,2015,18.478241904135
GIN,ギニア,NV.AGR.TOTL.ZS,2016,17.5899474364211
GIN,ギニア,NV.AGR.TOTL.ZS,2017,20.5284733113745
GIN,ギニア,NV.AGR.TOTL.ZS,2018,22.9400092652548
GIN,ギニア,NV.AGR.TOTL.ZS,2019,26.4272768142306
GIN,ギニア,NV.AGR.TOTL.ZS,2020,26.3032774879888
GIN,ギニア,NV.AGR.TOTL.ZS,2021,27.0715374807562
GIN,ギニア,NV.AGR.TOTL.ZS,2022,28.3819737139685
GIN,ギニア,NV.AGR.TOTL.ZS,2023,29.4714397653024
GIN,ギニア,NV.AGR.TOTL.ZS,2024,30.9605751418184
GMB,ガンビア,NV.AGR.TOTL.ZS,2000,24.5322844709577
GMB,ガンビア,NV.AGR.TOTL.ZS,2001,25.4256323774963
GMB,ガンビア,NV.AGR.TOTL.ZS,2002,24.1249321438198
GMB,ガンビア,NV.AGR.TOTL.ZS,2003,26.7482904903386
GMB,ガンビア,NV.AGR.TOTL.ZS,2004,31.502618345017
GMB,ガンビア,NV.AGR.TOTL.ZS,2005,32.0906328098921
GMB,ガンビア,NV.AGR.TOTL.ZS,2006,25.6002258377034
GMB,ガンビア,NV.AGR.TOTL.ZS,2007,23.5661970390261
GMB,ガンビア,NV.AGR.TOTL.ZS,2008,29.7757115194915
GMB,ガンビア,NV.AGR.TOTL.ZS,2009,31.7342257887518
GMB,ガンビア,NV.AGR.TOTL.ZS,2010,35.1932434877047
GMB,ガンビア,NV.AGR.TOTL.ZS,2011,27.202420609824
GMB,ガンビア,NV.AGR.TOTL.ZS,2012,27.393571461515
GMB,ガンビア,NV.AGR.TOTL.ZS,2013,26.2221225134284
GMB,ガンビア,NV.AGR.TOTL.ZS,2014,22.4588391707898
GMB,ガンビア,NV.AGR.TOTL.ZS,2015,22.2088860199147
GMB,ガンビア,NV.AGR.TOTL.ZS,2016,21.8613793599274
GMB,ガンビア,NV.AGR.TOTL.ZS,2017,21.0018946913892
GMB,ガンビア,NV.AGR.TOTL.ZS,2018,19.8715961801257
GMB,ガンビア,NV.AGR.TOTL.ZS,2019,20.0040458725555
GMB,ガンビア,NV.AGR.TOTL.ZS,2020,21.2440052017636
GMB,ガンビア,NV.AGR.TOTL.ZS,2021,23.579267737043
GMB,ガンビア,NV.AGR.TOTL.ZS,2022,22.8604385781593
GMB,ガンビア,NV.AGR.TOTL.ZS,2023,22.0375866230172
GMB,ガンビア,NV.AGR.TOTL.ZS,2024,20.4335632430226
GNB,ギニアビサウ,NV.AGR.TOTL.ZS,2000,36.9574160737758
GNB,ギニアビサウ,NV.AGR.TOTL.ZS,2001,36.7663875434622
GNB,ギニアビサウ,NV.AGR.TOTL.ZS,2002,35.2759589835735
GNB,ギニアビサウ,NV.AGR.TOTL.ZS,2003,36.8098623857343
GNB,ギニアビサウ,NV.AGR.TOTL.ZS,2004,36.9704988860037
GNB,ギニアビサウ,NV.AGR.TOTL.ZS,2005,40.3978248032999
GNB,ギニアビサウ,NV.AGR.TOTL.ZS,2006,39.4804221992245
GNB,ギニアビサウ,NV.AGR.TOTL.ZS,2007,38.169319139059
GNB,ギニアビサウ,NV.AGR.TOTL.ZS,2008,38.2595218073501
GNB,ギニアビサウ,NV.AGR.TOTL.ZS,2009,39.1543740432148
GNB,ギニアビサウ,NV.AGR.TOTL.ZS,2010,37.9530889182683
GNB,ギニアビサウ,NV.AGR.TOTL.ZS,2011,37.5633896672074
GNB,ギニアビサウ,NV.AGR.TOTL.ZS,2012,38.08528951059
GNB,ギニアビサウ,NV.AGR.TOTL.ZS,2013,38.6615813465664
GNB,ギニアビサウ,NV.AGR.TOTL.ZS,2014,34.8258068713683
GNB,ギニアビサウ,NV.AGR.TOTL.ZS,2015,35.1577785508063
GNB,ギニアビサウ,NV.AGR.TOTL.ZS,2016,36.3487649050334
GNB,ギニアビサウ,NV.AGR.TOTL.ZS,2017,36.3584920912937
GNB,ギニアビサウ,NV.AGR.TOTL.ZS,2018,32.5475708900674
GNB,ギニアビサウ,NV.AGR.TOTL.ZS,2019,31.3857385123606
GNB,ギニアビサウ,NV.AGR.TOTL.ZS,2020,36.6407419590115
GNB,ギニアビサウ,NV.AGR.TOTL.ZS,2021,40.05238080001
GNB,ギニアビサウ,NV.AGR.TOTL.ZS,2022,39.6677212772359
GNB,ギニアビサウ,NV.AGR.TOTL.ZS,2023,36.8048503128592
GNB,ギニアビサウ,NV.AGR.TOTL.ZS,2024,41.1643366267632
GNQ,赤道ギニア,NV.AGR.TOTL.ZS,2000,
GNQ,赤道ギニア,NV.AGR.TOTL.ZS,2001,
GNQ,赤道ギニア,NV.AGR.TOTL.ZS,2002,
GNQ,赤道ギニア,NV.AGR.TOTL.ZS,2003,
GNQ,赤道ギニア,NV.AGR.TOTL.ZS,2004,
GNQ,赤道ギニア,NV.AGR.TOTL.ZS,2005,
GNQ,赤道ギニア,NV.AGR.TOTL.ZS,2006,1.51825527772648
GNQ,赤道ギニア,NV.AGR.TOTL.ZS,2007,1.37288404400353
GNQ,赤道ギニア,NV.AGR.TOTL.ZS,2008,0.892696119574311
GNQ,赤道ギニア,NV.AGR.TOTL.ZS,2009,1.05819979061204
GNQ,赤道ギニア,NV.AGR.TOTL.ZS,2010,1.06137128570531
GNQ,赤道ギニア,NV.AGR.TOTL.ZS,2011,1.05350238777482
GNQ,赤道ギニア,NV.AGR.TOTL.ZS,2012,1.05565709179581
GNQ,赤道ギニア,NV.AGR.TOTL.ZS,2013,1.19199068015273
GNQ,赤道ギニア,NV.AGR.TOTL.ZS,2014,1.29424877164029
GNQ,赤道ギニア,NV.AGR.TOTL.ZS,2015,1.88839087566802
GNQ,赤道ギニア,NV.AGR.TOTL.ZS,2016,2.33223920932761
GNQ,赤道ギニア,NV.AGR.TOTL.ZS,2017,2.31546339686272
GNQ,赤道ギニア,NV.AGR.TOTL.ZS,2018,2.25797968820385
GNQ,赤道ギニア,NV.AGR.TOTL.ZS,2019,2.43787857420381
GNQ,赤道ギニア,NV.AGR.TOTL.ZS,2020,3.15157383866339
GNQ,赤道ギニア,NV.AGR.TOTL.ZS,2021,2.8263690019315
GNQ,赤道ギニア,NV.AGR.TOTL.ZS,2022,2.48978303214525
GNQ,赤道ギニア,NV.AGR.TOTL.ZS,2023,2.76906225778674
GNQ,赤道ギニア,NV.AGR.TOTL.ZS,2024,2.73242769203816
KEN,ケニア,NV.AGR.TOTL.ZS,2000,28.7217806412905
KEN,ケニア,NV.AGR.TOTL.ZS,2001,27.8492601112896
KEN,ケニア,NV.AGR.TOTL.ZS,2002,25.8539676039456
KEN,ケニア,NV.AGR.TOTL.ZS,2003,25.8044393708329
KEN,ケニア,NV.AGR.TOTL.ZS,2004,24.9290410875057
KEN,ケニア,NV.AGR.TOTL.ZS,2005,24.2362747002419
KEN,ケニア,NV.AGR.TOTL.ZS,2006,20.5196878049409
KEN,ケニア,NV.AGR.TOTL.ZS,2007,20.5866644602991
KEN,ケニア,NV.AGR.TOTL.ZS,2008,22.1963401579826
KEN,ケニア,NV.AGR.TOTL.ZS,2009,16.2549814662286
KEN,ケニア,NV.AGR.TOTL.ZS,2010,17.5677598863696
KEN,ケニア,NV.AGR.TOTL.ZS,2011,18.8947112249953
KEN,ケニア,NV.AGR.TOTL.ZS,2012,18.8297259329446
KEN,ケニア,NV.AGR.TOTL.ZS,2013,18.6165515854622
KEN,ケニア,NV.AGR.TOTL.ZS,2014,18.3478393393556
KEN,ケニア,NV.AGR.TOTL.ZS,2015,19.4696147780528
KEN,ケニア,NV.AGR.TOTL.ZS,2016,20.0345164328349
KEN,ケニア,NV.AGR.TOTL.ZS,2017,20.8936374065292
KEN,ケニア,NV.AGR.TOTL.ZS,2018,20.314910419968
KEN,ケニア,NV.AGR.TOTL.ZS,2019,20.8611638110686
KEN,ケニア,NV.AGR.TOTL.ZS,2020,22.7027261604451
KEN,ケニア,NV.AGR.TOTL.ZS,2021,21.4770750957252
KEN,ケニア,NV.AGR.TOTL.ZS,2022,21.0361920649933
KEN,ケニア,NV.AGR.TOTL.ZS,2023,21.4522060902205
KEN,ケニア,NV.AGR.TOTL.ZS,2024,22.4419960332165
LBR,リベリア,NV.AGR.TOTL.ZS,2000,76.0745423340961
LBR,リベリア,NV.AGR.TOTL.ZS,2001,76.533587196468
LBR,リベリア,NV.AGR.TOTL.ZS,2002,79.0423624595469
LBR,リベリア,NV.AGR.TOTL.ZS,2003,72.2403877005348
LBR,リベリア,NV.AGR.TOTL.ZS,2004,65.0474024526198
LBR,リベリア,NV.AGR.TOTL.ZS,2005,66.0327291886196
LBR,リベリア,NV.AGR.TOTL.ZS,2006,63.8180250223414
LBR,リベリア,NV.AGR.TOTL.ZS,2007,65.5981500364166
LBR,リベリア,NV.AGR.TOTL.ZS,2008,65.1745654692932
LBR,リベリア,NV.AGR.TOTL.ZS,2009,58.0357466063348
LBR,リベリア,NV.AGR.TOTL.ZS,2010,35.9187137137137
LBR,リベリア,NV.AGR.TOTL.ZS,2011,35.9187155963303
LBR,リベリア,NV.AGR.TOTL.ZS,2012,35.918715839654
LBR,リベリア,NV.AGR.TOTL.ZS,2013,35.9187140392662
LBR,リベリア,NV.AGR.TOTL.ZS,2014,35.9187165881502
LBR,リベリア,NV.AGR.TOTL.ZS,2015,35.9187142712518
LBR,リベリア,NV.AGR.TOTL.ZS,2016,35.9187135102446
LBR,リベリア,NV.AGR.TOTL.ZS,2017,35.9426159185731
LBR,リベリア,NV.AGR.TOTL.ZS,2018,35.4966999096751
LBR,リベリア,NV.AGR.TOTL.ZS,2019,36.4371513224574
LBR,リベリア,NV.AGR.TOTL.ZS,2020,39.2922850706535
LBR,リベリア,NV.AGR.TOTL.ZS,2021,37.4176168027237
LBR,リベリア,NV.AGR.TOTL.ZS,2022,36.2030463526172
LBR,リベリア,NV.AGR.TOTL.ZS,2023,34.5650022779043
LBR,リベリア,NV.AGR.TOTL.ZS,2024,33.8327264558714
LBY,リビア,NV.AGR.TOTL.ZS,2000,
LBY,リビア,NV.AGR.TOTL.ZS,2001,
LBY,リビア,NV.AGR.TOTL.ZS,2002,5.18529909272643
LBY,リビア,NV.AGR.TOTL.ZS,2003,4.09220701963117
LBY,リビア,NV.AGR.TOTL.ZS,2004,3.34262291274763
LBY,リビア,NV.AGR.TOTL.ZS,2005,2.51001097978428
LBY,リビア,NV.AGR.TOTL.ZS,2006,1.51764483817067
LBY,リビア,NV.AGR.TOTL.ZS,2007,1.54141662252696
LBY,リビア,NV.AGR.TOTL.ZS,2008,1.38365254109486
LBY,リビア,NV.AGR.TOTL.ZS,2009,2.15806763082219
LBY,リビア,NV.AGR.TOTL.ZS,2010,1.79953001101668
LBY,リビア,NV.AGR.TOTL.ZS,2011,3.05766833710666
LBY,リビア,NV.AGR.TOTL.ZS,2012,1.81559365235981
LBY,リビア,NV.AGR.TOTL.ZS,2013,2.41548515289585
LBY,リビア,NV.AGR.TOTL.ZS,2014,3.51667860719144
LBY,リビア,NV.AGR.TOTL.ZS,2015,4.3862973349324
LBY,リビア,NV.AGR.TOTL.ZS,2016,4.61177989572916
LBY,リビア,NV.AGR.TOTL.ZS,2017,3.87477645520451
LBY,リビア,NV.AGR.TOTL.ZS,2018,3.66012922036917
LBY,リビア,NV.AGR.TOTL.ZS,2019,2.04201619232517
LBY,リビア,NV.AGR.TOTL.ZS,2020,4.326770152924
LBY,リビア,NV.AGR.TOTL.ZS,2021,1.9292341608539
LBY,リビア,NV.AGR.TOTL.ZS,2022,1.68643769937353
LBY,リビア,NV.AGR.TOTL.ZS,2023,1.7692779613025
LBY,リビア,NV.AGR.TOTL.ZS,2024,2.39197609901835
LSO,レソト,NV.AGR.TOTL.ZS,2000,7.82713481504646
LSO,レソト,NV.AGR.TOTL.ZS,2001,8.29887058675374
LSO,レソト,NV.AGR.TOTL.ZS,2002,6.39531283270571
LSO,レソト,NV.AGR.TOTL.ZS,2003,6.34688612370652
LSO,レソト,NV.AGR.TOTL.ZS,2004,5.98400675567569
LSO,レソト,NV.AGR.TOTL.ZS,2005,5.67113040473066
LSO,レソト,NV.AGR.TOTL.ZS,2006,4.8427648086475
LSO,レソト,NV.AGR.TOTL.ZS,2007,4.88998680002259
LSO,レソト,NV.AGR.TOTL.ZS,2008,4.8970487478767
LSO,レソト,NV.AGR.TOTL.ZS,2009,5.50352430775727
LSO,レソト,NV.AGR.TOTL.ZS,2010,4.86217527655246
LSO,レソト,NV.AGR.TOTL.ZS,2011,4.54395157549887
LSO,レソト,NV.AGR.TOTL.ZS,2012,4.89530867188129
LSO,レソト,NV.AGR.TOTL.ZS,2013,5.06436346227762
LSO,レソト,NV.AGR.TOTL.ZS,2014,3.9607145663379
LSO,レソト,NV.AGR.TOTL.ZS,2015,3.78190344669127
LSO,レソト,NV.AGR.TOTL.ZS,2016,4.92411763358152
LSO,レソト,NV.AGR.TOTL.ZS,2017,4.9636238571378
LSO,レソト,NV.AGR.TOTL.ZS,2018,4.24977543430507
LSO,レソト,NV.AGR.TOTL.ZS,2019,4.46380208822172
LSO,レソト,NV.AGR.TOTL.ZS,2020,5.30771204408517
LSO,レソト,NV.AGR.TOTL.ZS,2021,5.95625262808585
LSO,レソト,NV.AGR.TOTL.ZS,2022,5.95085393730342
LSO,レソト,NV.AGR.TOTL.ZS,2023,6.66144889853683
LSO,レソト,NV.AGR.TOTL.ZS,2024,6.6239113196142
MAR,モロッコ,NV.AGR.TOTL.ZS,2000,10.7286317929553
MAR,モロッコ,NV.AGR.TOTL.ZS,2001,11.8761776238587
MAR,モロッコ,NV.AGR.TOTL.ZS,2002,11.8432781663725
MAR,モロッコ,NV.AGR.TOTL.ZS,2003,12.4918601820552
MAR,モロッコ,NV.AGR.TOTL.ZS,2004,11.869333718001
MAR,モロッコ,NV.AGR.TOTL.ZS,2005,10.6988804483578
MAR,モロッコ,NV.AGR.TOTL.ZS,2006,12.304168098197
MAR,モロッコ,NV.AGR.TOTL.ZS,2007,9.8752466486995
MAR,モロッコ,NV.AGR.TOTL.ZS,2008,10.864961794312
MAR,モロッコ,NV.AGR.TOTL.ZS,2009,11.9650475529562
MAR,モロッコ,NV.AGR.TOTL.ZS,2010,11.9620812709231
MAR,モロッコ,NV.AGR.TOTL.ZS,2011,12.0819026098454
MAR,モロッコ,NV.AGR.TOTL.ZS,2012,11.3297511522793
MAR,モロッコ,NV.AGR.TOTL.ZS,2013,12.3583661932506
MAR,モロッコ,NV.AGR.TOTL.ZS,2014,10.3531465249527
MAR,モロッコ,NV.AGR.TOTL.ZS,2015,11.7961931846113
MAR,モロッコ,NV.AGR.TOTL.ZS,2016,10.3219651103177
MAR,モロッコ,NV.AGR.TOTL.ZS,2017,11.1602887992375
MAR,モロッコ,NV.AGR.TOTL.ZS,2018,11.3055402401365
MAR,モロッコ,NV.AGR.TOTL.ZS,2019,10.8424017370039
MAR,モロッコ,NV.AGR.TOTL.ZS,2020,10.6636401420592
MAR,モロッコ,NV.AGR.TOTL.ZS,2021,11.9779439009277
MAR,モロッコ,NV.AGR.TOTL.ZS,2022,9.79618893785634
MAR,モロッコ,NV.AGR.TOTL.ZS,2023,11.1311743840061
MAR,モロッコ,NV.AGR.TOTL.ZS,2024,10.5673287621047
MDG,マダガスカル,NV.AGR.TOTL.ZS,2000,30.8787172940737
MDG,マダガスカル,NV.AGR.TOTL.ZS,2001,29.8513134115876
MDG,マダガスカル,NV.AGR.TOTL.ZS,2002,34.1425139825593
MDG,マダガスカル,NV.AGR.TOTL.ZS,2003,32.0297909636333
MDG,マダガスカル,NV.AGR.TOTL.ZS,2004,31.4205052808436
MDG,マダガスカル,NV.AGR.TOTL.ZS,2005,30.7627339341287
MDG,マダガスカル,NV.AGR.TOTL.ZS,2006,30.1822717236059
MDG,マダガスカル,NV.AGR.TOTL.ZS,2007,28.0670132910209
MDG,マダガスカル,NV.AGR.TOTL.ZS,2008,27.0525720488789
MDG,マダガスカル,NV.AGR.TOTL.ZS,2009,30.4651481314923
MDG,マダガスカル,NV.AGR.TOTL.ZS,2010,29.0780963483597
MDG,マダガスカル,NV.AGR.TOTL.ZS,2011,29.0502057606452
MDG,マダガスカル,NV.AGR.TOTL.ZS,2012,28.0006123574142
MDG,マダガスカル,NV.AGR.TOTL.ZS,2013,26.4930339794941
MDG,マダガスカル,NV.AGR.TOTL.ZS,2014,25.8453829296172
MDG,マダガスカル,NV.AGR.TOTL.ZS,2015,25.7433543337656
MDG,マダガスカル,NV.AGR.TOTL.ZS,2016,25.1334543599723
MDG,マダガスカル,NV.AGR.TOTL.ZS,2017,24.5501377693098
MDG,マダガスカル,NV.AGR.TOTL.ZS,2018,23.9733833005861
MDG,マダガスカル,NV.AGR.TOTL.ZS,2019,22.9562520100657
MDG,マダガスカル,NV.AGR.TOTL.ZS,2020,24.6929443979329
MDG,マダガスカル,NV.AGR.TOTL.ZS,2021,22.5220913616157
MDG,マダガスカル,NV.AGR.TOTL.ZS,2022,21.608800850098
MDG,マダガスカル,NV.AGR.TOTL.ZS,2023,22.2232371808595
MDG,マダガスカル,NV.AGR.TOTL.ZS,2024,21.9198701119518
MLI,マリ,NV.AGR.TOTL.ZS,2000,26.567426793475
MLI,マリ,NV.AGR.TOTL.ZS,2001,26.4332165256538
MLI,マリ,NV.AGR.TOTL.ZS,2002,27.4767257862718
MLI,マリ,NV.AGR.TOTL.ZS,2003,22.9908148165647
MLI,マリ,NV.AGR.TOTL.ZS,2004,23.7241310013404
MLI,マリ,NV.AGR.TOTL.ZS,2005,24.2687063383404
MLI,マリ,NV.AGR.TOTL.ZS,2006,22.2004702801119
MLI,マリ,NV.AGR.TOTL.ZS,2007,23.3084533868685
MLI,マリ,NV.AGR.TOTL.ZS,2008,23.8672330806163
MLI,マリ,NV.AGR.TOTL.ZS,2009,25.1844479659999
MLI,マリ,NV.AGR.TOTL.ZS,2010,25.9857196705545
MLI,マリ,NV.AGR.TOTL.ZS,2011,27.5615497300786
MLI,マリ,NV.AGR.TOTL.ZS,2012,30.7772665368303
MLI,マリ,NV.AGR.TOTL.ZS,2013,28.4968116057941
MLI,マリ,NV.AGR.TOTL.ZS,2014,29.3244531264164
MLI,マリ,NV.AGR.TOTL.ZS,2015,30.525122276133
MLI,マリ,NV.AGR.TOTL.ZS,2016,30.9987192702461
MLI,マリ,NV.AGR.TOTL.ZS,2017,31.4007766435761
MLI,マリ,NV.AGR.TOTL.ZS,2018,32.4975413984656
MLI,マリ,NV.AGR.TOTL.ZS,2019,32.2682205547332
MLI,マリ,NV.AGR.TOTL.ZS,2020,32.2899608370191
MLI,マリ,NV.AGR.TOTL.ZS,2021,32.0375587266747
MLI,マリ,NV.AGR.TOTL.ZS,2022,32.7176729018653
MLI,マリ,NV.AGR.TOTL.ZS,2023,31.3747850068698
MLI,マリ,NV.AGR.TOTL.ZS,2024,32.59284355623
MOZ,モザンビーク,NV.AGR.TOTL.ZS,2000,19.0391748514099
MOZ,モザンビーク,NV.AGR.TOTL.ZS,2001,18.2257286235893
MOZ,モザンビーク,NV.AGR.TOTL.ZS,2002,22.734177349083
MOZ,モザンビーク,NV.AGR.TOTL.ZS,2003,22.7228305424377
MOZ,モザンビーク,NV.AGR.TOTL.ZS,2004,22.4901289092367
MOZ,モザンビーク,NV.AGR.TOTL.ZS,2005,22.9214059867823
MOZ,モザンビーク,NV.AGR.TOTL.ZS,2006,24.1133917238134
MOZ,モザンビーク,NV.AGR.TOTL.ZS,2007,24.0162173628877
MOZ,モザンビーク,NV.AGR.TOTL.ZS,2008,26.8457517275753
MOZ,モザンビーク,NV.AGR.TOTL.ZS,2009,27.9106017225191
MOZ,モザンビーク,NV.AGR.TOTL.ZS,2010,27.3093770922399
MOZ,モザンビーク,NV.AGR.TOTL.ZS,2011,26.4848729989708
MOZ,モザンビーク,NV.AGR.TOTL.ZS,2012,25.5177066547282
MOZ,モザンビーク,NV.AGR.TOTL.ZS,2013,24.2529090836336
MOZ,モザンビーク,NV.AGR.TOTL.ZS,2014,24.6554671607897
MOZ,モザンビーク,NV.AGR.TOTL.ZS,2015,23.5663164946958
MOZ,モザンビーク,NV.AGR.TOTL.ZS,2016,23.6272810887625
MOZ,モザンビーク,NV.AGR.TOTL.ZS,2017,26.0749604736416
MOZ,モザンビーク,NV.AGR.TOTL.ZS,2018,25.5425597958909
MOZ,モザンビーク,NV.AGR.TOTL.ZS,2019,24.7697818145637
MOZ,モザンビーク,NV.AGR.TOTL.ZS,2020,26.8819744087655
MOZ,モザンビーク,NV.AGR.TOTL.ZS,2021,26.8945913502365
MOZ,モザンビーク,NV.AGR.TOTL.ZS,2022,25.6382662600095
MOZ,モザンビーク,NV.AGR.TOTL.ZS,2023,25.3638190039758
MOZ,モザンビーク,NV.AGR.TOTL.ZS,2024,25.1688427290538
MRT,モーリタニア,NV.AGR.TOTL.ZS,2000,24.8287452979645
MRT,モーリタニア,NV.AGR.TOTL.ZS,2001,24.8689597080936
MRT,モーリタニア,NV.AGR.TOTL.ZS,2002,24.2300169627578
MRT,モーリタニア,NV.AGR.TOTL.ZS,2003,24.1788498451535
MRT,モーリタニア,NV.AGR.TOTL.ZS,2004,22.9178992193284
MRT,モーリタニア,NV.AGR.TOTL.ZS,2005,20.0701967217813
MRT,モーリタニア,NV.AGR.TOTL.ZS,2006,16.6071438940053
MRT,モーリタニア,NV.AGR.TOTL.ZS,2007,18.4325192807889
MRT,モーリタニア,NV.AGR.TOTL.ZS,2008,18.5594231007108
MRT,モーリタニア,NV.AGR.TOTL.ZS,2009,19.178182151624
MRT,モーリタニア,NV.AGR.TOTL.ZS,2010,16.7330487035243
MRT,モーリタニア,NV.AGR.TOTL.ZS,2011,14.5158947387598
MRT,モーリタニア,NV.AGR.TOTL.ZS,2012,16.0859607599369
MRT,モーリタニア,NV.AGR.TOTL.ZS,2013,16.2826011052317
MRT,モーリタニア,NV.AGR.TOTL.ZS,2014,18.8142560652114
MRT,モーリタニア,NV.AGR.TOTL.ZS,2015,20.6295456111909
MRT,モーリタニア,NV.AGR.TOTL.ZS,2016,21.7392133521855
MRT,モーリタニア,NV.AGR.TOTL.ZS,2017,22.7188300742502
MRT,モーリタニア,NV.AGR.TOTL.ZS,2018,23.655966000294
MRT,モーリタニア,NV.AGR.TOTL.ZS,2019,19.957882454072
MRT,モーリタニア,NV.AGR.TOTL.ZS,2020,19.1523401706647
MRT,モーリタニア,NV.AGR.TOTL.ZS,2021,19.1485811289032
MRT,モーリタニア,NV.AGR.TOTL.ZS,2022,21.2302013888594
MRT,モーリタニア,NV.AGR.TOTL.ZS,2023,19.1616076506323
MRT,モーリタニア,NV.AGR.TOTL.ZS,2024,19.3310648282597
MUS,モーリシャス,NV.AGR.TOTL.ZS,2000,5.62921764733664
MUS,モーリシャス,NV.AGR.TOTL.ZS,2001,6.06632136452678
MUS,モーリシャス,NV.AGR.TOTL.ZS,2002,5.12244932169367
MUS,モーリシャス,NV.AGR.TOTL.ZS,2003,5.10866283570549
MUS,モーリシャス,NV.AGR.TOTL.ZS,2004,5.20608568669627
MUS,モーリシャス,NV.AGR.TOTL.ZS,2005,4.91181106695197
MUS,モーリシャス,NV.AGR.TOTL.ZS,2006,4.83159024933392
MUS,モーリシャス,NV.AGR.TOTL.ZS,2007,4.30867522125942
MUS,モーリシャス,NV.AGR.TOTL.ZS,2008,4.01960001804534
MUS,モーリシャス,NV.AGR.TOTL.ZS,2009,3.82382443235357
MUS,モーリシャス,NV.AGR.TOTL.ZS,2010,3.59110980182453
MUS,モーリシャス,NV.AGR.TOTL.ZS,2011,3.65312332199749
MUS,モーリシャス,NV.AGR.TOTL.ZS,2012,3.6066947724863
MUS,モーリシャス,NV.AGR.TOTL.ZS,2013,3.29265321839171
MUS,モーリシャス,NV.AGR.TOTL.ZS,2014,3.15422608043165
MUS,モーリシャス,NV.AGR.TOTL.ZS,2015,3.03283321645437
MUS,モーリシャス,NV.AGR.TOTL.ZS,2016,3.05756982303852
MUS,モーリシャス,NV.AGR.TOTL.ZS,2017,2.95521989373646
MUS,モーリシャス,NV.AGR.TOTL.ZS,2018,2.52593212825691
MUS,モーリシャス,NV.AGR.TOTL.ZS,2019,2.66862745852887
MUS,モーリシャス,NV.AGR.TOTL.ZS,2020,3.09894065143015
MUS,モーリシャス,NV.AGR.TOTL.ZS,2021,3.2413713398879
MUS,モーリシャス,NV.AGR.TOTL.ZS,2022,3.55513254765837
MUS,モーリシャス,NV.AGR.TOTL.ZS,2023,4.01265286259242
MUS,モーリシャス,NV.AGR.TOTL.ZS,2024,4.23209224844774
MWI,マラウイ,NV.AGR.TOTL.ZS,2000,29.6608890123553
MWI,マラウイ,NV.AGR.TOTL.ZS,2001,29.3463400754759
MWI,マラウイ,NV.AGR.TOTL.ZS,2002,32.287184795846
MWI,マラウイ,NV.AGR.TOTL.ZS,2003,30.1281788478073
MWI,マラウイ,NV.AGR.TOTL.ZS,2004,28.8733040048574
MWI,マラウイ,NV.AGR.TOTL.ZS,2005,27.3766782308788
MWI,マラウイ,NV.AGR.TOTL.ZS,2006,25.6738776075689
MWI,マラウイ,NV.AGR.TOTL.ZS,2007,22.8824872507399
MWI,マラウイ,NV.AGR.TOTL.ZS,2008,24.9323563197161
MWI,マラウイ,NV.AGR.TOTL.ZS,2009,25.3093021258133
MWI,マラウイ,NV.AGR.TOTL.ZS,2010,24.6321400620979
MWI,マラウイ,NV.AGR.TOTL.ZS,2011,23.9314133083531
MWI,マラウイ,NV.AGR.TOTL.ZS,2012,23.5292854390256
MWI,マラウイ,NV.AGR.TOTL.ZS,2013,23.8492870296807
MWI,マラウイ,NV.AGR.TOTL.ZS,2014,23.8734416539637
MWI,マラウイ,NV.AGR.TOTL.ZS,2015,22.9948363698368
MWI,マラウイ,NV.AGR.TOTL.ZS,2016,22.1929077690151
MWI,マラウイ,NV.AGR.TOTL.ZS,2017,22.9262319821323
MWI,マラウイ,NV.AGR.TOTL.ZS,2018,21.632593506951
MWI,マラウイ,NV.AGR.TOTL.ZS,2019,22.9473991790142
MWI,マラウイ,NV.AGR.TOTL.ZS,2020,25.0150110062267
MWI,マラウイ,NV.AGR.TOTL.ZS,2021,25.5328304255348
MWI,マラウイ,NV.AGR.TOTL.ZS,2022,27.5975518762201
MWI,マラウイ,NV.AGR.TOTL.ZS,2023,28.869380408768
MWI,マラウイ,NV.AGR.TOTL.ZS,2024,31.7872465905099
NAM,ナミビア,NV.AGR.TOTL.ZS,2000,10.7310247713041
NAM,ナミビア,NV.AGR.TOTL.ZS,2001,9.67546592032238
NAM,ナミビア,NV.AGR.TOTL.ZS,2002,10.0391431809007
NAM,ナミビア,NV.AGR.TOTL.ZS,2003,10.2153432329886
NAM,ナミビア,NV.AGR.TOTL.ZS,2004,8.93977891691032
NAM,ナミビア,NV.AGR.TOTL.ZS,2005,10.3684887476335
NAM,ナミビア,NV.AGR.TOTL.ZS,2006,9.64647103887118
NAM,ナミビア,NV.AGR.TOTL.ZS,2007,8.44071366530831
NAM,ナミビア,NV.AGR.TOTL.ZS,2008,7.53168657065416
NAM,ナミビア,NV.AGR.TOTL.ZS,2009,8.14814459341021
NAM,ナミビア,NV.AGR.TOTL.ZS,2010,8.45536944089181
NAM,ナミビア,NV.AGR.TOTL.ZS,2011,8.11362720295374
NAM,ナミビア,NV.AGR.TOTL.ZS,2012,8.05447519990682
NAM,ナミビア,NV.AGR.TOTL.ZS,2013,7.82146490072164
NAM,ナミビア,NV.AGR.TOTL.ZS,2014,8.13893575439091
NAM,ナミビア,NV.AGR.TOTL.ZS,2015,6.65042679589334
NAM,ナミビア,NV.AGR.TOTL.ZS,2016,6.72011763526388
NAM,ナミビア,NV.AGR.TOTL.ZS,2017,7.67615608936274
NAM,ナミビア,NV.AGR.TOTL.ZS,2018,7.76829756756805
NAM,ナミビア,NV.AGR.TOTL.ZS,2019,7.08397673847435
NAM,ナミビア,NV.AGR.TOTL.ZS,2020,9.15817808891199
NAM,ナミビア,NV.AGR.TOTL.ZS,2021,9.56300379482636
NAM,ナミビア,NV.AGR.TOTL.ZS,2022,8.75889366457648
NAM,ナミビア,NV.AGR.TOTL.ZS,2023,7.60787868693767
NAM,ナミビア,NV.AGR.TOTL.ZS,2024,7.15434549494855
NER,ニジェール,NV.AGR.TOTL.ZS,2000,36.5755600708745
NER,ニジェール,NV.AGR.TOTL.ZS,2001,40.1819277330126
NER,ニジェール,NV.AGR.TOTL.ZS,2002,41.3669351734986
NER,ニジェール,NV.AGR.TOTL.ZS,2003,41.1955263001462
NER,ニジェール,NV.AGR.TOTL.ZS,2004,37.3717285561201
NER,ニジェール,NV.AGR.TOTL.ZS,2005,39.2805201285945
NER,ニジェール,NV.AGR.TOTL.ZS,2006,39.7450785783419
NER,ニジェール,NV.AGR.TOTL.ZS,2007,37.094506437909
NER,ニジェール,NV.AGR.TOTL.ZS,2008,38.7750062340041
NER,ニジェール,NV.AGR.TOTL.ZS,2009,34.7848102748131
NER,ニジェール,NV.AGR.TOTL.ZS,2010,35.8213879566765
NER,ニジェール,NV.AGR.TOTL.ZS,2011,33.6467642815211
NER,ニジェール,NV.AGR.TOTL.ZS,2012,33.6809938208632
NER,ニジェール,NV.AGR.TOTL.ZS,2013,32.2350107295479
NER,ニジェール,NV.AGR.TOTL.ZS,2014,33.4290442343639
NER,ニジェール,NV.AGR.TOTL.ZS,2015,32.4169952714448
NER,ニジェール,NV.AGR.TOTL.ZS,2016,37.2079514113705
NER,ニジェール,NV.AGR.TOTL.ZS,2017,38.2607137093769
NER,ニジェール,NV.AGR.TOTL.ZS,2018,37.6792191632916
NER,ニジェール,NV.AGR.TOTL.ZS,2019,36.1554960959216
NER,ニジェール,NV.AGR.TOTL.ZS,2020,38.8344569845244
NER,ニジェール,NV.AGR.TOTL.ZS,2021,38.1399427232346
NER,ニジェール,NV.AGR.TOTL.ZS,2022,41.4571749267894
NER,ニジェール,NV.AGR.TOTL.ZS,2023,43.9880889564123
NER,ニジェール,NV.AGR.TOTL.ZS,2024,47.9692032048983
NGA,ナイジェリア,NV.AGR.TOTL.ZS,2000,21.3572412972176
NGA,ナイジェリア,NV.AGR.TOTL.ZS,2001,24.4753546604632
NGA,ナイジェリア,NV.AGR.TOTL.ZS,2002,36.9650826661797
NGA,ナイジェリア,NV.AGR.TOTL.ZS,2003,33.8270605515687
NGA,ナイジェリア,NV.AGR.TOTL.ZS,2004,27.2304536006497
NGA,ナイジェリア,NV.AGR.TOTL.ZS,2005,26.0892828250796
NGA,ナイジェリア,NV.AGR.TOTL.ZS,2006,24.7349912601339
NGA,ナイジェリア,NV.AGR.TOTL.ZS,2007,24.6625772142283
NGA,ナイジェリア,NV.AGR.TOTL.ZS,2008,25.2797507802655
NGA,ナイジェリア,NV.AGR.TOTL.ZS,2009,26.7488545066519
NGA,ナイジェリア,NV.AGR.TOTL.ZS,2010,23.8937040912791
NGA,ナイジェリア,NV.AGR.TOTL.ZS,2011,22.2347109931956
NGA,ナイジェリア,NV.AGR.TOTL.ZS,2012,21.8599586165277
NGA,ナイジェリア,NV.AGR.TOTL.ZS,2013,20.7586228322439
NGA,ナイジェリア,NV.AGR.TOTL.ZS,2014,19.9902547680805
NGA,ナイジェリア,NV.AGR.TOTL.ZS,2015,20.6318934800012
NGA,ナイジェリア,NV.AGR.TOTL.ZS,2016,20.9831097083173
NGA,ナイジェリア,NV.AGR.TOTL.ZS,2017,20.8465714300542
NGA,ナイジェリア,NV.AGR.TOTL.ZS,2018,21.203773720121
NGA,ナイジェリア,NV.AGR.TOTL.ZS,2019,25.7349305728483
NGA,ナイジェリア,NV.AGR.TOTL.ZS,2020,28.3454204381389
NGA,ナイジェリア,NV.AGR.TOTL.ZS,2021,29.3882780434873
NGA,ナイジェリア,NV.AGR.TOTL.ZS,2022,28.5515522200407
NGA,ナイジェリア,NV.AGR.TOTL.ZS,2023,27.7182912792899
NGA,ナイジェリア,NV.AGR.TOTL.ZS,2024,25.8733343606303
RWA,ルワンダ,NV.AGR.TOTL.ZS,2000,31.1849871789041
RWA,ルワンダ,NV.AGR.TOTL.ZS,2001,31.7940006044905
RWA,ルワンダ,NV.AGR.TOTL.ZS,2002,30.1946865741942
RWA,ルワンダ,NV.AGR.TOTL.ZS,2003,33.0353672438095
RWA,ルワンダ,NV.AGR.TOTL.ZS,2004,33.895261824051
RWA,ルワンダ,NV.AGR.TOTL.ZS,2005,33.7756165293022
RWA,ルワンダ,NV.AGR.TOTL.ZS,2006,29.0520795791522
RWA,ルワンダ,NV.AGR.TOTL.ZS,2007,25.1019154407025
RWA,ルワンダ,NV.AGR.TOTL.ZS,2008,23.9109185815143
RWA,ルワンダ,NV.AGR.TOTL.ZS,2009,24.4107030429923
RWA,ルワンダ,NV.AGR.TOTL.ZS,2010,23.4080982541515
RWA,ルワンダ,NV.AGR.TOTL.ZS,2011,22.9164629891831
RWA,ルワンダ,NV.AGR.TOTL.ZS,2012,23.7888658574855
RWA,ルワンダ,NV.AGR.TOTL.ZS,2013,23.8917103230198
RWA,ルワンダ,NV.AGR.TOTL.ZS,2014,23.6787751489992
RWA,ルワンダ,NV.AGR.TOTL.ZS,2015,23.1107918816185
RWA,ルワンダ,NV.AGR.TOTL.ZS,2016,24.2954788777688
RWA,ルワンダ,NV.AGR.TOTL.ZS,2017,25.6342490728521
RWA,ルワンダ,NV.AGR.TOTL.ZS,2018,23.2642496908276
RWA,ルワンダ,NV.AGR.TOTL.ZS,2019,21.5583090597452
RWA,ルワンダ,NV.AGR.TOTL.ZS,2020,24.1891694102271
RWA,ルワンダ,NV.AGR.TOTL.ZS,2021,21.4316327202507
RWA,ルワンダ,NV.AGR.TOTL.ZS,2022,21.9285537380026
RWA,ルワンダ,NV.AGR.TOTL.ZS,2023,23.1373057605237
RWA,ルワンダ,NV.AGR.TOTL.ZS,2024,20.7932870939229
SDN,スーダン,NV.AGR.TOTL.ZS,2000,40.6821739143403
SDN,スーダン,NV.AGR.TOTL.ZS,2001,35.7807746157648
SDN,スーダン,NV.AGR.TOTL.ZS,2002,37.662742261404
SDN,スーダン,NV.AGR.TOTL.ZS,2003,38.416611009222
SDN,スーダン,NV.AGR.TOTL.ZS,2004,34.0060768565709
SDN,スーダン,NV.AGR.TOTL.ZS,2005,33.199920468691
SDN,スーダン,NV.AGR.TOTL.ZS,2006,31.8201079594306
SDN,スーダン,NV.AGR.TOTL.ZS,2007,35.6675143701418
SDN,スーダン,NV.AGR.TOTL.ZS,2008,36.1831633212385
SDN,スーダン,NV.AGR.TOTL.ZS,2009,33.5066805707755
SDN,スーダン,NV.AGR.TOTL.ZS,2010,30.6000000071348
SDN,スーダン,NV.AGR.TOTL.ZS,2011,30.599999994069
SDN,スーダン,NV.AGR.TOTL.ZS,2012,30.5999999961027
SDN,スーダン,NV.AGR.TOTL.ZS,2013,30.6000000025472
SDN,スーダン,NV.AGR.TOTL.ZS,2014,31.9000000019741
SDN,スーダン,NV.AGR.TOTL.ZS,2015,31.3999999994923
SDN,スーダン,NV.AGR.TOTL.ZS,2016,31.6000000015638
SDN,スーダン,NV.AGR.TOTL.ZS,2017,31.7999999982698
SDN,スーダン,NV.AGR.TOTL.ZS,2018,21.999999999848
SDN,スーダン,NV.AGR.TOTL.ZS,2019,20.19999999954
SDN,スーダン,NV.AGR.TOTL.ZS,2020,20.4
SDN,スーダン,NV.AGR.TOTL.ZS,2021,20.1999999999641
SDN,スーダン,NV.AGR.TOTL.ZS,2022,26.4
SDN,スーダン,NV.AGR.TOTL.ZS,2023,30.2756760075975
SDN,スーダン,NV.AGR.TOTL.ZS,2024,22.1813816000123
SEN,セネガル,NV.AGR.TOTL.ZS,2000,16.4392452034714
SEN,セネガル,NV.AGR.TOTL.ZS,2001,16.2524323093589
SEN,セネガル,NV.AGR.TOTL.ZS,2002,13.3807801250726
SEN,セネガル,NV.AGR.TOTL.ZS,2003,15.4910998381045
SEN,セネガル,NV.AGR.TOTL.ZS,2004,14.2017995388
SEN,セネガル,NV.AGR.TOTL.ZS,2005,15.1803964143562
SEN,セネガル,NV.AGR.TOTL.ZS,2006,13.3951515867003
SEN,セネガル,NV.AGR.TOTL.ZS,2007,12.2459105728806
SEN,セネガル,NV.AGR.TOTL.ZS,2008,14.6866270243556
SEN,セネガル,NV.AGR.TOTL.ZS,2009,16.1077336169075
SEN,セネガル,NV.AGR.TOTL.ZS,2010,15.945261535619
SEN,セネガル,NV.AGR.TOTL.ZS,2011,12.9470610352017
SEN,セネガル,NV.AGR.TOTL.ZS,2012,14.0976923523704
SEN,セネガル,NV.AGR.TOTL.ZS,2013,13.7248803755401
SEN,セネガル,NV.AGR.TOTL.ZS,2014,13.3687650760268
SEN,セネガル,NV.AGR.TOTL.ZS,2015,14.2825767344045
SEN,セネガル,NV.AGR.TOTL.ZS,2016,14.4140203888971
SEN,セネガル,NV.AGR.TOTL.ZS,2017,15.0045395764691
SEN,セネガル,NV.AGR.TOTL.ZS,2018,14.9875195578847
SEN,セネガル,NV.AGR.TOTL.ZS,2019,14.8962721234445
SEN,セネガル,NV.AGR.TOTL.ZS,2020,16.1487794824433
SEN,セネガル,NV.AGR.TOTL.ZS,2021,15.5512646222076
SEN,セネガル,NV.AGR.TOTL.ZS,2022,16.3333231968406
SEN,セネガル,NV.AGR.TOTL.ZS,2023,17.4112512141863
SEN,セネガル,NV.AGR.TOTL.ZS,2024,15.5697689407001
SLE,シエラレオネ,NV.AGR.TOTL.ZS,2000,55.0141620912989
SLE,シエラレオネ,NV.AGR.TOTL.ZS,2001,45.7908920894816
SLE,シエラレオネ,NV.AGR.TOTL.ZS,2002,46.8536780758378
SLE,シエラレオネ,NV.AGR.TOTL.ZS,2003,46.9023173495907
SLE,シエラレオネ,NV.AGR.TOTL.ZS,2004,49.1070997045261
SLE,シエラレオネ,NV.AGR.TOTL.ZS,2005,50.1028757149925
SLE,シエラレオネ,NV.AGR.TOTL.ZS,2006,27.5403133675948
SLE,シエラレオネ,NV.AGR.TOTL.ZS,2007,28.3984316094981
SLE,シエラレオネ,NV.AGR.TOTL.ZS,2008,28.9974768705335
SLE,シエラレオネ,NV.AGR.TOTL.ZS,2009,30.4719745904755
SLE,シエラレオネ,NV.AGR.TOTL.ZS,2010,30.542621858137
SLE,シエラレオネ,NV.AGR.TOTL.ZS,2011,31.5846615609542
SLE,シエラレオネ,NV.AGR.TOTL.ZS,2012,30.6570937162864
SLE,シエラレオネ,NV.AGR.TOTL.ZS,2013,30.1232322468759
SLE,シエラレオネ,NV.AGR.TOTL.ZS,2014,31.9043952976079
SLE,シエラレオネ,NV.AGR.TOTL.ZS,2015,34.3025554909897
SLE,シエラレオネ,NV.AGR.TOTL.ZS,2016,32.5776913387757
SLE,シエラレオネ,NV.AGR.TOTL.ZS,2017,33.3320506947837
SLE,シエラレオネ,NV.AGR.TOTL.ZS,2018,34.9852345791337
SLE,シエラレオネ,NV.AGR.TOTL.ZS,2019,34.547180978919
SLE,シエラレオネ,NV.AGR.TOTL.ZS,2020,35.1293857770036
SLE,シエラレオネ,NV.AGR.TOTL.ZS,2021,33.6443431144422
SLE,シエラレオネ,NV.AGR.TOTL.ZS,2022,33.7568527151259
SLE,シエラレオネ,NV.AGR.TOTL.ZS,2023,29.0526202422585
SLE,シエラレオネ,NV.AGR.TOTL.ZS,2024,29.1584830050923
SOM,ソマリア,NV.AGR.TOTL.ZS,2000,
SOM,ソマリア,NV.AGR.TOTL.ZS,2001,
SOM,ソマリア,NV.AGR.TOTL.ZS,2002,
SOM,ソマリア,NV.AGR.TOTL.ZS,2003,
SOM,ソマリア,NV.AGR.TOTL.ZS,2004,
SOM,ソマリア,NV.AGR.TOTL.ZS,2005,
SOM,ソマリア,NV.AGR.TOTL.ZS,2006,
SOM,ソマリア,NV.AGR.TOTL.ZS,2007,
SOM,ソマリア,NV.AGR.TOTL.ZS,2008,
SOM,ソマリア,NV.AGR.TOTL.ZS,2009,
SOM,ソマリア,NV.AGR.TOTL.ZS,2010,
SOM,ソマリア,NV.AGR.TOTL.ZS,2011,
SOM,ソマリア,NV.AGR.TOTL.ZS,2012,
SOM,ソマリア,NV.AGR.TOTL.ZS,2013,
SOM,ソマリア,NV.AGR.TOTL.ZS,2014,
SOM,ソマリア,NV.AGR.TOTL.ZS,2015,
SOM,ソマリア,NV.AGR.TOTL.ZS,2016,
SOM,ソマリア,NV.AGR.TOTL.ZS,2017,
SOM,ソマリア,NV.AGR.TOTL.ZS,2018,
SOM,ソマリア,NV.AGR.TOTL.ZS,2019,
SOM,ソマリア,NV.AGR.TOTL.ZS,2020,
SOM,ソマリア,NV.AGR.TOTL.ZS,2021,
SOM,ソマリア,NV.AGR.TOTL.ZS,2022,
SOM,ソマリア,NV.AGR.TOTL.ZS,2023,
SOM,ソマリア,NV.AGR.TOTL.ZS,2024,
SSD,南スーダン,NV.AGR.TOTL.ZS,2000,
SSD,南スーダン,NV.AGR.TOTL.ZS,2001,
SSD,南スーダン,NV.AGR.TOTL.ZS,2002,
SSD,南スーダン,NV.AGR.TOTL.ZS,2003,
SSD,南スーダン,NV.AGR.TOTL.ZS,2004,
SSD,南スーダン,NV.AGR.TOTL.ZS,2005,
SSD,南スーダン,NV.AGR.TOTL.ZS,2006,
SSD,南スーダン,NV.AGR.TOTL.ZS,2007,
SSD,南スーダン,NV.AGR.TOTL.ZS,2008,4.19544282441311
SSD,南スーダン,NV.AGR.TOTL.ZS,2009,5.22004160956288
SSD,南スーダン,NV.AGR.TOTL.ZS,2010,5.29379348275505
SSD,南スーダン,NV.AGR.TOTL.ZS,2011,4.67693681681883
SSD,南スーダン,NV.AGR.TOTL.ZS,2012,6.17613217428162
SSD,南スーダン,NV.AGR.TOTL.ZS,2013,9.635809346303
SSD,南スーダン,NV.AGR.TOTL.ZS,2014,7.59650844428456
SSD,南スーダン,NV.AGR.TOTL.ZS,2015,10.3550274477245
SSD,南スーダン,NV.AGR.TOTL.ZS,2016,
SSD,南スーダン,NV.AGR.TOTL.ZS,2017,
SSD,南スーダン,NV.AGR.TOTL.ZS,2018,
SSD,南スーダン,NV.AGR.TOTL.ZS,2019,
SSD,南スーダン,NV.AGR.TOTL.ZS,2020,
SSD,南スーダン,NV.AGR.TOTL.ZS,2021,
SSD,南スーダン,NV.AGR.TOTL.ZS,2022,
SSD,南スーダン,NV.AGR.TOTL.ZS,2023,
SSD,南スーダン,NV.AGR.TOTL.ZS,2024,
STP,サントメ・プリンシペ,NV.AGR.TOTL.ZS,2000,
STP,サントメ・プリンシペ,NV.AGR.TOTL.ZS,2001,
STP,サントメ・プリンシペ,NV.AGR.TOTL.ZS,2002,
STP,サントメ・プリンシペ,NV.AGR.TOTL.ZS,2003,
STP,サントメ・プリンシペ,NV.AGR.TOTL.ZS,2004,
STP,サントメ・プリンシペ,NV.AGR.TOTL.ZS,2005,
STP,サントメ・プリンシペ,NV.AGR.TOTL.ZS,2006,
STP,サントメ・プリンシペ,NV.AGR.TOTL.ZS,2007,
STP,サントメ・プリンシペ,NV.AGR.TOTL.ZS,2008,9.47767452078513
STP,サントメ・プリンシペ,NV.AGR.TOTL.ZS,2009,10.4916229997386
STP,サントメ・プリンシペ,NV.AGR.TOTL.ZS,2010,11.6318930270323
STP,サントメ・プリンシペ,NV.AGR.TOTL.ZS,2011,12.3319074378557
STP,サントメ・プリンシペ,NV.AGR.TOTL.ZS,2012,12.8657292793474
STP,サントメ・プリンシペ,NV.AGR.TOTL.ZS,2013,13.4069603438231
STP,サントメ・プリンシペ,NV.AGR.TOTL.ZS,2014,13.2795768636645
STP,サントメ・プリンシペ,NV.AGR.TOTL.ZS,2015,14.1348690685509
STP,サントメ・プリンシペ,NV.AGR.TOTL.ZS,2016,13.0514022257346
STP,サントメ・プリンシペ,NV.AGR.TOTL.ZS,2017,12.7475187137291
STP,サントメ・プリンシペ,NV.AGR.TOTL.ZS,2018,11.8181222110283
STP,サントメ・プリンシペ,NV.AGR.TOTL.ZS,2019,11.9296548194696
STP,サントメ・プリンシペ,NV.AGR.TOTL.ZS,2020,14.1470498019151
STP,サントメ・プリンシペ,NV.AGR.TOTL.ZS,2021,15.2661766239364
STP,サントメ・プリンシペ,NV.AGR.TOTL.ZS,2022,13.9317577053548
STP,サントメ・プリンシペ,NV.AGR.TOTL.ZS,2023,13.4511863976653
STP,サントメ・プリンシペ,NV.AGR.TOTL.ZS,2024,12.4515703883627
SWZ,エスワティニ,NV.AGR.TOTL.ZS,2000,10.1383058001151
SWZ,エスワティニ,NV.AGR.TOTL.ZS,2001,9.98162263550156
SWZ,エスワティニ,NV.AGR.TOTL.ZS,2002,10.3254630626656
SWZ,エスワティニ,NV.AGR.TOTL.ZS,2003,10.1773781294435
SWZ,エスワティニ,NV.AGR.TOTL.ZS,2004,7.93542577068212
SWZ,エスワティニ,NV.AGR.TOTL.ZS,2005,9.04728048608606
SWZ,エスワティニ,NV.AGR.TOTL.ZS,2006,9.20239622112456
SWZ,エスワティニ,NV.AGR.TOTL.ZS,2007,8.84366174301086
SWZ,エスワティニ,NV.AGR.TOTL.ZS,2008,8.1820020018654
SWZ,エスワティニ,NV.AGR.TOTL.ZS,2009,7.55189409574541
SWZ,エスワティニ,NV.AGR.TOTL.ZS,2010,8.30965206310733
SWZ,エスワティニ,NV.AGR.TOTL.ZS,2011,7.97421442671441
SWZ,エスワティニ,NV.AGR.TOTL.ZS,2012,8.44107107954548
SWZ,エスワティニ,NV.AGR.TOTL.ZS,2013,8.37545690425617
SWZ,エスワティニ,NV.AGR.TOTL.ZS,2014,8.20388205629893
SWZ,エスワティニ,NV.AGR.TOTL.ZS,2015,7.37857520050359
SWZ,エスワティニ,NV.AGR.TOTL.ZS,2016,5.37686940648276
SWZ,エスワティニ,NV.AGR.TOTL.ZS,2017,8.11477800092546
SWZ,エスワティニ,NV.AGR.TOTL.ZS,2018,7.38537092360196
SWZ,エスワティニ,NV.AGR.TOTL.ZS,2019,7.42401138221192
SWZ,エスワティニ,NV.AGR.TOTL.ZS,2020,7.62881465189563
SWZ,エスワティニ,NV.AGR.TOTL.ZS,2021,7.17040128400091
SWZ,エスワティニ,NV.AGR.TOTL.ZS,2022,7.57116956723157
SWZ,エスワティニ,NV.AGR.TOTL.ZS,2023,6.63100879033993
SWZ,エスワティニ,NV.AGR.TOTL.ZS,2024,6.477307702895
SYC,セーシェル,NV.AGR.TOTL.ZS,2000,2.64100273246754
SYC,セーシェル,NV.AGR.TOTL.ZS,2001,2.63784400306895
SYC,セーシェル,NV.AGR.TOTL.ZS,2002,2.69362339108723
SYC,セーシェル,NV.AGR.TOTL.ZS,2003,2.46144781055938
SYC,セーシェル,NV.AGR.TOTL.ZS,2004,3.22710437515749
SYC,セーシェル,NV.AGR.TOTL.ZS,2005,3.03800915305174
SYC,セーシェル,NV.AGR.TOTL.ZS,2006,2.78226337941348
SYC,セーシェル,NV.AGR.TOTL.ZS,2007,2.62790252151546
SYC,セーシェル,NV.AGR.TOTL.ZS,2008,2.53632156141561
SYC,セーシェル,NV.AGR.TOTL.ZS,2009,2.24128896994315
SYC,セーシェル,NV.AGR.TOTL.ZS,2010,2.23545934618328
SYC,セーシェル,NV.AGR.TOTL.ZS,2011,2.19346218388635
SYC,セーシェル,NV.AGR.TOTL.ZS,2012,1.99985279931942
SYC,セーシェル,NV.AGR.TOTL.ZS,2013,2.71276034719474
SYC,セーシェル,NV.AGR.TOTL.ZS,2014,2.33075493440682
SYC,セーシェル,NV.AGR.TOTL.ZS,2015,2.05307446564115
SYC,セーシェル,NV.AGR.TOTL.ZS,2016,1.9149122831203
SYC,セーシェル,NV.AGR.TOTL.ZS,2017,2.13180786598013
SYC,セーシェル,NV.AGR.TOTL.ZS,2018,2.0783484846252
SYC,セーシェル,NV.AGR.TOTL.ZS,2019,2.12955445087691
SYC,セーシェル,NV.AGR.TOTL.ZS,2020,1.96124535557297
SYC,セーシェル,NV.AGR.TOTL.ZS,2021,2.44466263831241
SYC,セーシェル,NV.AGR.TOTL.ZS,2022,2.45808085762332
SYC,セーシェル,NV.AGR.TOTL.ZS,2023,2.51465392069906
SYC,セーシェル,NV.AGR.TOTL.ZS,2024,2.63411383218554
TCD,チャド,NV.AGR.TOTL.ZS,2000,40.7051378475034
TCD,チャド,NV.AGR.TOTL.ZS,2001,40.2954389961717
TCD,チャド,NV.AGR.TOTL.ZS,2002,37.9029324681757
TCD,チャド,NV.AGR.TOTL.ZS,2003,25.6339405315666
TCD,チャド,NV.AGR.TOTL.ZS,2004,29.7742610425581
TCD,チャド,NV.AGR.TOTL.ZS,2005,29.2819873014385
TCD,チャド,NV.AGR.TOTL.ZS,2006,32.1335493075332
TCD,チャド,NV.AGR.TOTL.ZS,2007,29.351416386452
TCD,チャド,NV.AGR.TOTL.ZS,2008,29.0575437948301
TCD,チャド,NV.AGR.TOTL.ZS,2009,33.1566904523959
TCD,チャド,NV.AGR.TOTL.ZS,2010,33.2509512944262
TCD,チャド,NV.AGR.TOTL.ZS,2011,27.1563338879622
TCD,チャド,NV.AGR.TOTL.ZS,2012,27.0843972280265
TCD,チャド,NV.AGR.TOTL.ZS,2013,31.7128603274934
TCD,チャド,NV.AGR.TOTL.ZS,2014,31.1688076695246
TCD,チャド,NV.AGR.TOTL.ZS,2015,33.6210255108379
TCD,チャド,NV.AGR.TOTL.ZS,2016,39.3716151096934
TCD,チャド,NV.AGR.TOTL.ZS,2017,38.4300853118306
TCD,チャド,NV.AGR.TOTL.ZS,2018,37.6181441617191
TCD,チャド,NV.AGR.TOTL.ZS,2019,37.5903652533914
TCD,チャド,NV.AGR.TOTL.ZS,2020,40.687470063118
TCD,チャド,NV.AGR.TOTL.ZS,2021,37.4420946884713
TCD,チャド,NV.AGR.TOTL.ZS,2022,35.2279823985979
TCD,チャド,NV.AGR.TOTL.ZS,2023,35.191694250722
TCD,チャド,NV.AGR.TOTL.ZS,2024,37.1603429829388
TGO,トーゴ,NV.AGR.TOTL.ZS,2000,14.8052104263334
TGO,トーゴ,NV.AGR.TOTL.ZS,2001,15.1644610248179
TGO,トーゴ,NV.AGR.TOTL.ZS,2002,15.7403641419633
TGO,トーゴ,NV.AGR.TOTL.ZS,2003,14.5723915809563
TGO,トーゴ,NV.AGR.TOTL.ZS,2004,15.4058695261762
TGO,トーゴ,NV.AGR.TOTL.ZS,2005,17.3325641240129
TGO,トーゴ,NV.AGR.TOTL.ZS,2006,16.9609148487036
TGO,トーゴ,NV.AGR.TOTL.ZS,2007,16.9297833739432
TGO,トーゴ,NV.AGR.TOTL.ZS,2008,20.68166838543
TGO,トーゴ,NV.AGR.TOTL.ZS,2009,21.3483480008088
TGO,トーゴ,NV.AGR.TOTL.ZS,2010,21.077801220787
TGO,トーゴ,NV.AGR.TOTL.ZS,2011,19.8649717432319
TGO,トーゴ,NV.AGR.TOTL.ZS,2012,20.975947911624
TGO,トーゴ,NV.AGR.TOTL.ZS,2013,19.1395466909651
TGO,トーゴ,NV.AGR.TOTL.ZS,2014,19.3388381580273
TGO,トーゴ,NV.AGR.TOTL.ZS,2015,18.9218601496344
TGO,トーゴ,NV.AGR.TOTL.ZS,2016,20.385078914717
TGO,トーゴ,NV.AGR.TOTL.ZS,2017,20.3155597844213
TGO,トーゴ,NV.AGR.TOTL.ZS,2018,19.6494784155019
TGO,トーゴ,NV.AGR.TOTL.ZS,2019,19.5287220037284
TGO,トーゴ,NV.AGR.TOTL.ZS,2020,19.1736551821772
TGO,トーゴ,NV.AGR.TOTL.ZS,2021,20.550806619999
TGO,トーゴ,NV.AGR.TOTL.ZS,2022,21.2198485197121
TGO,トーゴ,NV.AGR.TOTL.ZS,2023,20.7728226848382
TGO,トーゴ,NV.AGR.TOTL.ZS,2024,21.344334944837
TUN,チュニジア,NV.AGR.TOTL.ZS,2000,10.006319351485
TUN,チュニジア,NV.AGR.TOTL.ZS,2001,9.4218557064738
TUN,チュニジア,NV.AGR.TOTL.ZS,2002,8.29848151435206
TUN,チュニジア,NV.AGR.TOTL.ZS,2003,9.2914975178949
TUN,チュニジア,NV.AGR.TOTL.ZS,2004,9.90254515493647
TUN,チュニジア,NV.AGR.TOTL.ZS,2005,9.16983114804996
TUN,チュニジア,NV.AGR.TOTL.ZS,2006,9.28070949947767
TUN,チュニジア,NV.AGR.TOTL.ZS,2007,8.64201987385816
TUN,チュニジア,NV.AGR.TOTL.ZS,2008,7.8486499786515
TUN,チュニジア,NV.AGR.TOTL.ZS,2009,8.45660665471427
TUN,チュニジア,NV.AGR.TOTL.ZS,2010,6.846146170059
TUN,チュニジア,NV.AGR.TOTL.ZS,2011,7.57684450427472
TUN,チュニジア,NV.AGR.TOTL.ZS,2012,8.30025725587419
TUN,チュニジア,NV.AGR.TOTL.ZS,2013,7.96930864809374
TUN,チュニジア,NV.AGR.TOTL.ZS,2014,8.57165956609159
TUN,チュニジア,NV.AGR.TOTL.ZS,2015,9.20589918732503
TUN,チュニジア,NV.AGR.TOTL.ZS,2016,8.52541115305462
TUN,チュニジア,NV.AGR.TOTL.ZS,2017,8.986045690927
TUN,チュニジア,NV.AGR.TOTL.ZS,2018,9.88852551876126
TUN,チュニジア,NV.AGR.TOTL.ZS,2019,9.76625873287072
TUN,チュニジア,NV.AGR.TOTL.ZS,2020,10.3917002295357
TUN,チュニジア,NV.AGR.TOTL.ZS,2021,10.0900379034943
TUN,チュニジア,NV.AGR.TOTL.ZS,2022,10.8217247722212
TUN,チュニジア,NV.AGR.TOTL.ZS,2023,9.47367928951245
TUN,チュニジア,NV.AGR.TOTL.ZS,2024,9.73863393101929
TZA,タンザニア,NV.AGR.TOTL.ZS,2000,26.2172723620722
TZA,タンザニア,NV.AGR.TOTL.ZS,2001,25.8091623025794
TZA,タンザニア,NV.AGR.TOTL.ZS,2002,25.1717362899073
TZA,タンザニア,NV.AGR.TOTL.ZS,2003,24.9192926509551
TZA,タンザニア,NV.AGR.TOTL.ZS,2004,25.7058139887433
TZA,タンザニア,NV.AGR.TOTL.ZS,2005,24.6488410843814
TZA,タンザニア,NV.AGR.TOTL.ZS,2006,23.6693107278646
TZA,タンザニア,NV.AGR.TOTL.ZS,2007,23.245488236772
TZA,タンザニア,NV.AGR.TOTL.ZS,2008,24.7654938768997
TZA,タンザニア,NV.AGR.TOTL.ZS,2009,26.0351903601219
TZA,タンザニア,NV.AGR.TOTL.ZS,2010,25.582406886144
TZA,タンザニア,NV.AGR.TOTL.ZS,2011,24.9768644460885
TZA,タンザニア,NV.AGR.TOTL.ZS,2012,26.5509265207861
TZA,タンザニア,NV.AGR.TOTL.ZS,2013,26.7908679172376
TZA,タンザニア,NV.AGR.TOTL.ZS,2014,25.8025774475571
TZA,タンザニア,NV.AGR.TOTL.ZS,2015,26.745885729563
TZA,タンザニア,NV.AGR.TOTL.ZS,2016,27.4441425717754
TZA,タンザニア,NV.AGR.TOTL.ZS,2017,28.7534809528128
TZA,タンザニア,NV.AGR.TOTL.ZS,2018,27.868599477377
TZA,タンザニア,NV.AGR.TOTL.ZS,2019,26.5943119516018
TZA,タンザニア,NV.AGR.TOTL.ZS,2020,25.254901665343
TZA,タンザニア,NV.AGR.TOTL.ZS,2021,24.7884506158783
TZA,タンザニア,NV.AGR.TOTL.ZS,2022,24.2569694569552
TZA,タンザニア,NV.AGR.TOTL.ZS,2023,23.6871473778631
TZA,タンザニア,NV.AGR.TOTL.ZS,2024,23.3180780856441
UGA,ウガンダ,NV.AGR.TOTL.ZS,2000,27.5091068813608
UGA,ウガンダ,NV.AGR.TOTL.ZS,2001,27.8502414795273
UGA,ウガンダ,NV.AGR.TOTL.ZS,2002,23.4334280026675
UGA,ウガンダ,NV.AGR.TOTL.ZS,2003,24.5070225774825
UGA,ウガンダ,NV.AGR.TOTL.ZS,2004,21.6703526422179
UGA,ウガンダ,NV.AGR.TOTL.ZS,2005,25.0749361336647
UGA,ウガンダ,NV.AGR.TOTL.ZS,2006,24.0349329838703
UGA,ウガンダ,NV.AGR.TOTL.ZS,2007,22.2781136788689
UGA,ウガンダ,NV.AGR.TOTL.ZS,2008,21.3845985625607
UGA,ウガンダ,NV.AGR.TOTL.ZS,2009,34.872859937466
UGA,ウガンダ,NV.AGR.TOTL.ZS,2010,32.8680090776536
UGA,ウガンダ,NV.AGR.TOTL.ZS,2011,28.9692474777902
UGA,ウガンダ,NV.AGR.TOTL.ZS,2012,27.177257747558
UGA,ウガンダ,NV.AGR.TOTL.ZS,2013,26.0303237402959
UGA,ウガンダ,NV.AGR.TOTL.ZS,2014,24.8199759353437
UGA,ウガンダ,NV.AGR.TOTL.ZS,2015,23.4723696930371
UGA,ウガンダ,NV.AGR.TOTL.ZS,2016,22.6603227869887
UGA,ウガンダ,NV.AGR.TOTL.ZS,2017,23.4588353827426
UGA,ウガンダ,NV.AGR.TOTL.ZS,2018,23.2502935412734
UGA,ウガンダ,NV.AGR.TOTL.ZS,2019,22.9455088065564
UGA,ウガンダ,NV.AGR.TOTL.ZS,2020,23.9290337205103
UGA,ウガンダ,NV.AGR.TOTL.ZS,2021,23.8418038272172
UGA,ウガンダ,NV.AGR.TOTL.ZS,2022,24.0117220529553
UGA,ウガンダ,NV.AGR.TOTL.ZS,2023,24.0895746897278
UGA,ウガンダ,NV.AGR.TOTL.ZS,2024,24.618950598633
ZAF,南アフリカ共和国,NV.AGR.TOTL.ZS,2000,2.61474799327768
ZAF,南アフリカ共和国,NV.AGR.TOTL.ZS,2001,2.8124516945524
ZAF,南アフリカ共和国,NV.AGR.TOTL.ZS,2002,2.95697182549084
ZAF,南アフリカ共和国,NV.AGR.TOTL.ZS,2003,2.65397752870021
ZAF,南アフリカ共和国,NV.AGR.TOTL.ZS,2004,2.411716114862
ZAF,南アフリカ共和国,NV.AGR.TOTL.ZS,2005,2.08511798972012
ZAF,南アフリカ共和国,NV.AGR.TOTL.ZS,2006,2.05097651238464
ZAF,南アフリカ共和国,NV.AGR.TOTL.ZS,2007,2.35591400504256
ZAF,南アフリカ共和国,NV.AGR.TOTL.ZS,2008,2.57248876696489
ZAF,南アフリカ共和国,NV.AGR.TOTL.ZS,2009,2.39949613487755
ZAF,南アフリカ共和国,NV.AGR.TOTL.ZS,2010,2.10778749314158
ZAF,南アフリカ共和国,NV.AGR.TOTL.ZS,2011,2.04389308620297
ZAF,南アフリカ共和国,NV.AGR.TOTL.ZS,2012,1.97670959546361
ZAF,南アフリカ共和国,NV.AGR.TOTL.ZS,2013,1.92684924597199
ZAF,南アフリカ共和国,NV.AGR.TOTL.ZS,2014,2.12574854869936
ZAF,南アフリカ共和国,NV.AGR.TOTL.ZS,2015,2.23397839045912
ZAF,南アフリカ共和国,NV.AGR.TOTL.ZS,2016,2.41418607394576
ZAF,南アフリカ共和国,NV.AGR.TOTL.ZS,2017,2.49379863849766
ZAF,南アフリカ共和国,NV.AGR.TOTL.ZS,2018,2.2607038266992
ZAF,南アフリカ共和国,NV.AGR.TOTL.ZS,2019,1.9503211452698
ZAF,南アフリカ共和国,NV.AGR.TOTL.ZS,2020,2.57866122238783
ZAF,南アフリカ共和国,NV.AGR.TOTL.ZS,2021,2.45787199667371
ZAF,南アフリカ共和国,NV.AGR.TOTL.ZS,2022,2.60577484985618
ZAF,南アフリカ共和国,NV.AGR.TOTL.ZS,2023,2.53517112309848
ZAF,南アフリカ共和国,NV.AGR.TOTL.ZS,2024,2.81119526983539
ZMB,ザンビア,NV.AGR.TOTL.ZS,2000,16.1497734560385
ZMB,ザンビア,NV.AGR.TOTL.ZS,2001,15.5274822358648
ZMB,ザンビア,NV.AGR.TOTL.ZS,2002,15.361429938368
ZMB,ザンビア,NV.AGR.TOTL.ZS,2003,15.6170996158156
ZMB,ザンビア,NV.AGR.TOTL.ZS,2004,15.5809428822284
ZMB,ザンビア,NV.AGR.TOTL.ZS,2005,14.5885513717285
ZMB,ザンビア,NV.AGR.TOTL.ZS,2006,13.2062710587766
ZMB,ザンビア,NV.AGR.TOTL.ZS,2007,12.1055962375597
ZMB,ザンビア,NV.AGR.TOTL.ZS,2008,11.4539997547605
ZMB,ザンビア,NV.AGR.TOTL.ZS,2009,11.5527836333973
ZMB,ザンビア,NV.AGR.TOTL.ZS,2010,9.42094610981773
ZMB,ザンビア,NV.AGR.TOTL.ZS,2011,9.64805782176724
ZMB,ザンビア,NV.AGR.TOTL.ZS,2012,9.32163953570601
ZMB,ザンビア,NV.AGR.TOTL.ZS,2013,8.22652318427817
ZMB,ザンビア,NV.AGR.TOTL.ZS,2014,6.77959785217865
ZMB,ザンビア,NV.AGR.TOTL.ZS,2015,4.98083656431146
ZMB,ザンビア,NV.AGR.TOTL.ZS,2016,6.22847198956029
ZMB,ザンビア,NV.AGR.TOTL.ZS,2017,4.0242711937365
ZMB,ザンビア,NV.AGR.TOTL.ZS,2018,3.34112399209449
ZMB,ザンビア,NV.AGR.TOTL.ZS,2019,2.86077493680796
ZMB,ザンビア,NV.AGR.TOTL.ZS,2020,2.97263384548847
ZMB,ザンビア,NV.AGR.TOTL.ZS,2021,3.00091831533747
ZMB,ザンビア,NV.AGR.TOTL.ZS,2022,3.09401583407622
ZMB,ザンビア,NV.AGR.TOTL.ZS,2023,2.23012034259343
ZMB,ザンビア,NV.AGR.TOTL.ZS,2024,2.83370764465019
ZWE,ジンバブエ,NV.AGR.TOTL.ZS,2000,15.6687707765286
ZWE,ジンバブエ,NV.AGR.TOTL.ZS,2001,15.6288021236589
ZWE,ジンバブエ,NV.AGR.TOTL.ZS,2002,12.5684567195934
ZWE,ジンバブエ,NV.AGR.TOTL.ZS,2003,14.7936480237327
ZWE,ジンバブエ,NV.AGR.TOTL.ZS,2004,18.0640440733408
ZWE,ジンバブエ,NV.AGR.TOTL.ZS,2005,17.1493075153041
ZWE,ジンバブエ,NV.AGR.TOTL.ZS,2006,19.2316519025107
ZWE,ジンバブエ,NV.AGR.TOTL.ZS,2007,21.1955238679824
ZWE,ジンバブエ,NV.AGR.TOTL.ZS,2008,19.018786781349
ZWE,ジンバブエ,NV.AGR.TOTL.ZS,2009,10.7437375591345
ZWE,ジンバブエ,NV.AGR.TOTL.ZS,2010,9.60967815567222
ZWE,ジンバブエ,NV.AGR.TOTL.ZS,2011,8.66645403643065
ZWE,ジンバブエ,NV.AGR.TOTL.ZS,2012,8.04450024819692
ZWE,ジンバブエ,NV.AGR.TOTL.ZS,2013,7.14500739499758
ZWE,ジンバブエ,NV.AGR.TOTL.ZS,2014,8.74496936761426
ZWE,ジンバブエ,NV.AGR.TOTL.ZS,2015,8.28483096141089
ZWE,ジンバブエ,NV.AGR.TOTL.ZS,2016,7.87358488271703
ZWE,ジンバブエ,NV.AGR.TOTL.ZS,2017,7.24788152959223
ZWE,ジンバブエ,NV.AGR.TOTL.ZS,2018,7.31920056282215
ZWE,ジンバブエ,NV.AGR.TOTL.ZS,2019,22.7056524805476
ZWE,ジンバブエ,NV.AGR.TOTL.ZS,2020,20.8470510913708
ZWE,ジンバブエ,NV.AGR.TOTL.ZS,2021,21.4856530160599
ZWE,ジンバブエ,NV.AGR.TOTL.ZS,2022,17.0612308931471
ZWE,ジンバブエ,NV.AGR.TOTL.ZS,2023,11.4948694011417
ZWE,ジンバブエ,NV.AGR.TOTL.ZS,2024,8.69209937295811
AGO,アンゴラ,NV.IND.MANF.ZS,2000,
AGO,アンゴラ,NV.IND.MANF.ZS,2001,
AGO,アンゴラ,NV.IND.MANF.ZS,2002,3.7265752859826
AGO,アンゴラ,NV.IND.MANF.ZS,2003,3.88517172307403
AGO,アンゴラ,NV.IND.MANF.ZS,2004,4.6791798482336
AGO,アンゴラ,NV.IND.MANF.ZS,2005,3.89578199204648
AGO,アンゴラ,NV.IND.MANF.ZS,2006,3.66184959886999
AGO,アンゴラ,NV.IND.MANF.ZS,2007,3.44269649206673
AGO,アンゴラ,NV.IND.MANF.ZS,2008,3.53235139638941
AGO,アンゴラ,NV.IND.MANF.ZS,2009,4.97545309528854
AGO,アンゴラ,NV.IND.MANF.ZS,2010,4.48722885516549
AGO,アンゴラ,NV.IND.MANF.ZS,2011,4.17808505799367
AGO,アンゴラ,NV.IND.MANF.ZS,2012,4.36191802502351
AGO,アンゴラ,NV.IND.MANF.ZS,2013,4.77964373360143
AGO,アンゴラ,NV.IND.MANF.ZS,2014,4.72618092401216
AGO,アンゴラ,NV.IND.MANF.ZS,2015,5.24051559648007
AGO,アンゴラ,NV.IND.MANF.ZS,2016,5.78278899499157
AGO,アンゴラ,NV.IND.MANF.ZS,2017,5.72896944472047
AGO,アンゴラ,NV.IND.MANF.ZS,2018,5.34074629509659
AGO,アンゴラ,NV.IND.MANF.ZS,2019,5.41144877224206
AGO,アンゴラ,NV.IND.MANF.ZS,2020,6.09745718184245
AGO,アンゴラ,NV.IND.MANF.ZS,2021,6.19373756013277
AGO,アンゴラ,NV.IND.MANF.ZS,2022,6.71647813736907
AGO,アンゴラ,NV.IND.MANF.ZS,2023,7.40066624442506
AGO,アンゴラ,NV.IND.MANF.ZS,2024,6.57616259795953
BDI,ブルンジ,NV.IND.MANF.ZS,2000,10.9012327822256
BDI,ブルンジ,NV.IND.MANF.ZS,2001,10.9248179595289
BDI,ブルンジ,NV.IND.MANF.ZS,2002,11.0867341007995
BDI,ブルンジ,NV.IND.MANF.ZS,2003,11.043038042334
BDI,ブルンジ,NV.IND.MANF.ZS,2004,11.4508331727514
BDI,ブルンジ,NV.IND.MANF.ZS,2005,11.8858442500025
BDI,ブルンジ,NV.IND.MANF.ZS,2006,10.3640735934041
BDI,ブルンジ,NV.IND.MANF.ZS,2007,11.6489496200666
BDI,ブルンジ,NV.IND.MANF.ZS,2008,10.7362677439998
BDI,ブルンジ,NV.IND.MANF.ZS,2009,11.356314071616
BDI,ブルンジ,NV.IND.MANF.ZS,2010,10.2427903194142
BDI,ブルンジ,NV.IND.MANF.ZS,2011,10.0291751373636
BDI,ブルンジ,NV.IND.MANF.ZS,2012,10.537573299425
BDI,ブルンジ,NV.IND.MANF.ZS,2013,10.7472815074837
BDI,ブルンジ,NV.IND.MANF.ZS,2014,10.9548809982925
BDI,ブルンジ,NV.IND.MANF.ZS,2015,10.926889688067
BDI,ブルンジ,NV.IND.MANF.ZS,2016,12.2780862183938
BDI,ブルンジ,NV.IND.MANF.ZS,2017,12.3453951671993
BDI,ブルンジ,NV.IND.MANF.ZS,2018,13.2601608970739
BDI,ブルンジ,NV.IND.MANF.ZS,2019,12.8092756010809
BDI,ブルンジ,NV.IND.MANF.ZS,2020,11.0223247815652
BDI,ブルンジ,NV.IND.MANF.ZS,2021,10.7567898510229
BDI,ブルンジ,NV.IND.MANF.ZS,2022,11.2360651354458
BDI,ブルンジ,NV.IND.MANF.ZS,2023,12.5338401479649
BDI,ブルンジ,NV.IND.MANF.ZS,2024,12.2559292843161
BEN,ベナン,NV.IND.MANF.ZS,2000,13.9838577181885
BEN,ベナン,NV.IND.MANF.ZS,2001,15.6382657209159
BEN,ベナン,NV.IND.MANF.ZS,2002,15.6429961497365
BEN,ベナン,NV.IND.MANF.ZS,2003,15.7466383947755
BEN,ベナン,NV.IND.MANF.ZS,2004,14.8084293484338
BEN,ベナン,NV.IND.MANF.ZS,2005,15.6708185798349
BEN,ベナン,NV.IND.MANF.ZS,2006,15.4383500380973
BEN,ベナン,NV.IND.MANF.ZS,2007,13.7419112978014
BEN,ベナン,NV.IND.MANF.ZS,2008,12.2499787599105
BEN,ベナン,NV.IND.MANF.ZS,2009,12.2191205154048
BEN,ベナン,NV.IND.MANF.ZS,2010,11.7398853272359
BEN,ベナン,NV.IND.MANF.ZS,2011,11.7335701368448
BEN,ベナン,NV.IND.MANF.ZS,2012,10.7121556949179
BEN,ベナン,NV.IND.MANF.ZS,2013,10.9217698965752
BEN,ベナン,NV.IND.MANF.ZS,2014,10.3866281769808
BEN,ベナン,NV.IND.MANF.ZS,2015,10.0356700779199
BEN,ベナン,NV.IND.MANF.ZS,2016,9.93126564010032
BEN,ベナン,NV.IND.MANF.ZS,2017,9.62006825024772
BEN,ベナン,NV.IND.MANF.ZS,2018,9.16246199522064
BEN,ベナン,NV.IND.MANF.ZS,2019,9.86572844000364
BEN,ベナン,NV.IND.MANF.ZS,2020,9.68791310326743
BEN,ベナン,NV.IND.MANF.ZS,2021,9.47976782659619
BEN,ベナン,NV.IND.MANF.ZS,2022,9.82357547560919
BEN,ベナン,NV.IND.MANF.ZS,2023,10.0620868210039
BEN,ベナン,NV.IND.MANF.ZS,2024,10.1743449588896
BFA,ブルキナファソ,NV.IND.MANF.ZS,2000,15.3569387785973
BFA,ブルキナファソ,NV.IND.MANF.ZS,2001,14.9412026654593
BFA,ブルキナファソ,NV.IND.MANF.ZS,2002,14.8511840913686
BFA,ブルキナファソ,NV.IND.MANF.ZS,2003,15.5877482965007
BFA,ブルキナファソ,NV.IND.MANF.ZS,2004,15.1405667549036
BFA,ブルキナファソ,NV.IND.MANF.ZS,2005,13.3407610225118
BFA,ブルキナファソ,NV.IND.MANF.ZS,2006,14.0439735303659
BFA,ブルキナファソ,NV.IND.MANF.ZS,2007,14.3377242679516
BFA,ブルキナファソ,NV.IND.MANF.ZS,2008,13.0131387415025
BFA,ブルキナファソ,NV.IND.MANF.ZS,2009,13.5479824440917
BFA,ブルキナファソ,NV.IND.MANF.ZS,2010,12.1399885526317
BFA,ブルキナファソ,NV.IND.MANF.ZS,2011,11.6121572602355
BFA,ブルキナファソ,NV.IND.MANF.ZS,2012,10.3423290173696
BFA,ブルキナファソ,NV.IND.MANF.ZS,2013,10.1697715451051
BFA,ブルキナファソ,NV.IND.MANF.ZS,2014,10.9960425440905
BFA,ブルキナファソ,NV.IND.MANF.ZS,2015,11.6602964471487
BFA,ブルキナファソ,NV.IND.MANF.ZS,2016,11.120438157279
BFA,ブルキナファソ,NV.IND.MANF.ZS,2017,10.2593862096842
BFA,ブルキナファソ,NV.IND.MANF.ZS,2018,10.5252036549404
BFA,ブルキナファソ,NV.IND.MANF.ZS,2019,10.4105983913211
BFA,ブルキナファソ,NV.IND.MANF.ZS,2020,10.0313185254464
BFA,ブルキナファソ,NV.IND.MANF.ZS,2021,9.8115542260696
BFA,ブルキナファソ,NV.IND.MANF.ZS,2022,10.2229346053963
BFA,ブルキナファソ,NV.IND.MANF.ZS,2023,9.92698519220076
BFA,ブルキナファソ,NV.IND.MANF.ZS,2024,9.49879234134125
BWA,ボツワナ,NV.IND.MANF.ZS,2000,5.62698732514078
BWA,ボツワナ,NV.IND.MANF.ZS,2001,5.84016041963581
BWA,ボツワナ,NV.IND.MANF.ZS,2002,6.05706648070665
BWA,ボツワナ,NV.IND.MANF.ZS,2003,5.70554308280267
BWA,ボツワナ,NV.IND.MANF.ZS,2004,5.55412817168828
BWA,ボツワナ,NV.IND.MANF.ZS,2005,4.94950472169885
BWA,ボツワナ,NV.IND.MANF.ZS,2006,7.10239133904861
BWA,ボツワナ,NV.IND.MANF.ZS,2007,8.52846709373412
BWA,ボツワナ,NV.IND.MANF.ZS,2008,7.68182107607842
BWA,ボツワナ,NV.IND.MANF.ZS,2009,8.46943952869678
BWA,ボツワナ,NV.IND.MANF.ZS,2010,8.49944449224391
BWA,ボツワナ,NV.IND.MANF.ZS,2011,7.73125571429564
BWA,ボツワナ,NV.IND.MANF.ZS,2012,8.07371084190363
BWA,ボツワナ,NV.IND.MANF.ZS,2013,7.99324227477702
BWA,ボツワナ,NV.IND.MANF.ZS,2014,7.84878664502911
BWA,ボツワナ,NV.IND.MANF.ZS,2015,7.24202388476034
BWA,ボツワナ,NV.IND.MANF.ZS,2016,6.50323631121373
BWA,ボツワナ,NV.IND.MANF.ZS,2017,6.17360420564063
BWA,ボツワナ,NV.IND.MANF.ZS,2018,6.14746152595732
BWA,ボツワナ,NV.IND.MANF.ZS,2019,6.09236991211812
BWA,ボツワナ,NV.IND.MANF.ZS,2020,5.65905088338406
BWA,ボツワナ,NV.IND.MANF.ZS,2021,5.22765482092896
BWA,ボツワナ,NV.IND.MANF.ZS,2022,5.38508407298654
BWA,ボツワナ,NV.IND.MANF.ZS,2023,5.62365533369453
BWA,ボツワナ,NV.IND.MANF.ZS,2024,5.5799170251968
CAF,中央アフリカ共和国,NV.IND.MANF.ZS,2000,
CAF,中央アフリカ共和国,NV.IND.MANF.ZS,2001,
CAF,中央アフリカ共和国,NV.IND.MANF.ZS,2002,
CAF,中央アフリカ共和国,NV.IND.MANF.ZS,2003,
CAF,中央アフリカ共和国,NV.IND.MANF.ZS,2004,
CAF,中央アフリカ共和国,NV.IND.MANF.ZS,2005,
CAF,中央アフリカ共和国,NV.IND.MANF.ZS,2006,
CAF,中央アフリカ共和国,NV.IND.MANF.ZS,2007,
CAF,中央アフリカ共和国,NV.IND.MANF.ZS,2008,
CAF,中央アフリカ共和国,NV.IND.MANF.ZS,2009,19.3069663346622
CAF,中央アフリカ共和国,NV.IND.MANF.ZS,2010,18.3964978276495
CAF,中央アフリカ共和国,NV.IND.MANF.ZS,2011,19.9685611230259
CAF,中央アフリカ共和国,NV.IND.MANF.ZS,2012,23.6514687946965
CAF,中央アフリカ共和国,NV.IND.MANF.ZS,2013,21.0613882528401
CAF,中央アフリカ共和国,NV.IND.MANF.ZS,2014,17.4432276090289
CAF,中央アフリカ共和国,NV.IND.MANF.ZS,2015,19.744921164342
CAF,中央アフリカ共和国,NV.IND.MANF.ZS,2016,19.4541735859664
CAF,中央アフリカ共和国,NV.IND.MANF.ZS,2017,18.4404200364989
CAF,中央アフリカ共和国,NV.IND.MANF.ZS,2018,18.1315380967628
CAF,中央アフリカ共和国,NV.IND.MANF.ZS,2019,17.7823211129395
CAF,中央アフリカ共和国,NV.IND.MANF.ZS,2020,17.7270265677463
CAF,中央アフリカ共和国,NV.IND.MANF.ZS,2021,18.7145668307096
CAF,中央アフリカ共和国,NV.IND.MANF.ZS,2022,18.3417721525793
CAF,中央アフリカ共和国,NV.IND.MANF.ZS,2023,17.9512378857809
CAF,中央アフリカ共和国,NV.IND.MANF.ZS,2024,
CIV,コートジボワール,NV.IND.MANF.ZS,2000,11.1544711278649
CIV,コートジボワール,NV.IND.MANF.ZS,2001,10.7672585033538
CIV,コートジボワール,NV.IND.MANF.ZS,2002,9.79702179289704
CIV,コートジボワール,NV.IND.MANF.ZS,2003,8.88995122139567
CIV,コートジボワール,NV.IND.MANF.ZS,2004,8.79290482659688
CIV,コートジボワール,NV.IND.MANF.ZS,2005,10.2822652747136
CIV,コートジボワール,NV.IND.MANF.ZS,2006,10.0288786056082
CIV,コートジボワール,NV.IND.MANF.ZS,2007,10.3106092817882
CIV,コートジボワール,NV.IND.MANF.ZS,2008,10.2040236477777
CIV,コートジボワール,NV.IND.MANF.ZS,2009,9.62769349501281
CIV,コートジボワール,NV.IND.MANF.ZS,2010,9.00191119633441
CIV,コートジボワール,NV.IND.MANF.ZS,2011,9.2213557501251
CIV,コートジボワール,NV.IND.MANF.ZS,2012,10.3182515272799
CIV,コートジボワール,NV.IND.MANF.ZS,2013,11.8501855603565
CIV,コートジボワール,NV.IND.MANF.ZS,2014,12.2006998127999
CIV,コートジボワール,NV.IND.MANF.ZS,2015,11.4305990168412
CIV,コートジボワール,NV.IND.MANF.ZS,2016,12.5430342990523
CIV,コートジボワール,NV.IND.MANF.ZS,2017,11.2836181003932
CIV,コートジボワール,NV.IND.MANF.ZS,2018,11.2909843422326
CIV,コートジボワール,NV.IND.MANF.ZS,2019,12.3199684287316
CIV,コートジボワール,NV.IND.MANF.ZS,2020,12.0519433981248
CIV,コートジボワール,NV.IND.MANF.ZS,2021,13.3970815019321
CIV,コートジボワール,NV.IND.MANF.ZS,2022,12.8110776060833
CIV,コートジボワール,NV.IND.MANF.ZS,2023,13.2606544139547
CIV,コートジボワール,NV.IND.MANF.ZS,2024,12.918437529424
CMR,カメルーン,NV.IND.MANF.ZS,2000,14.7402693384168
CMR,カメルーン,NV.IND.MANF.ZS,2001,14.5294467948212
CMR,カメルーン,NV.IND.MANF.ZS,2002,15.5306950238032
CMR,カメルーン,NV.IND.MANF.ZS,2003,15.5805470862548
CMR,カメルーン,NV.IND.MANF.ZS,2004,15.410790288914
CMR,カメルーン,NV.IND.MANF.ZS,2005,15.026144152072
CMR,カメルーン,NV.IND.MANF.ZS,2006,15.1145771495117
CMR,カメルーン,NV.IND.MANF.ZS,2007,15.2099676527559
CMR,カメルーン,NV.IND.MANF.ZS,2008,14.3056947684094
CMR,カメルーン,NV.IND.MANF.ZS,2009,14.8792991867479
CMR,カメルーン,NV.IND.MANF.ZS,2010,14.5199737898429
CMR,カメルーン,NV.IND.MANF.ZS,2011,15.1890862079643
CMR,カメルーン,NV.IND.MANF.ZS,2012,15.532770064592
CMR,カメルーン,NV.IND.MANF.ZS,2013,15.2287357474586
CMR,カメルーン,NV.IND.MANF.ZS,2014,14.5140212331135
CMR,カメルーン,NV.IND.MANF.ZS,2015,14.3500581853268
CMR,カメルーン,NV.IND.MANF.ZS,2016,13.8415343692757
CMR,カメルーン,NV.IND.MANF.ZS,2017,13.7129455296811
CMR,カメルーン,NV.IND.MANF.ZS,2018,13.6850154316949
CMR,カメルーン,NV.IND.MANF.ZS,2019,12.8257802062343
CMR,カメルーン,NV.IND.MANF.ZS,2020,13.1809876103324
CMR,カメルーン,NV.IND.MANF.ZS,2021,13.2966086416538
CMR,カメルーン,NV.IND.MANF.ZS,2022,13.3641819102017
CMR,カメルーン,NV.IND.MANF.ZS,2023,13.2180996575412
CMR,カメルーン,NV.IND.MANF.ZS,2024,12.880227254442
COD,コンゴ民主共和国,NV.IND.MANF.ZS,2000,9.90831810404657
COD,コンゴ民主共和国,NV.IND.MANF.ZS,2001,19.8076885846759
COD,コンゴ民主共和国,NV.IND.MANF.ZS,2002,21.2167905566391
COD,コンゴ民主共和国,NV.IND.MANF.ZS,2003,18.2984058567587
COD,コンゴ民主共和国,NV.IND.MANF.ZS,2004,17.6415058357846
COD,コンゴ民主共和国,NV.IND.MANF.ZS,2005,15.0082781288568
COD,コンゴ民主共和国,NV.IND.MANF.ZS,2006,13.4106294053824
COD,コンゴ民主共和国,NV.IND.MANF.ZS,2007,14.8285019089602
COD,コンゴ民主共和国,NV.IND.MANF.ZS,2008,13.3109785359421
COD,コンゴ民主共和国,NV.IND.MANF.ZS,2009,19.9293745544653
COD,コンゴ民主共和国,NV.IND.MANF.ZS,2010,5.52544053811403
COD,コンゴ民主共和国,NV.IND.MANF.ZS,2011,14.3031352127062
COD,コンゴ民主共和国,NV.IND.MANF.ZS,2012,16.1921118341111
COD,コンゴ民主共和国,NV.IND.MANF.ZS,2013,14.3921788875029
COD,コンゴ民主共和国,NV.IND.MANF.ZS,2014,15.0815603659497
COD,コンゴ民主共和国,NV.IND.MANF.ZS,2015,16.825427556868
COD,コンゴ民主共和国,NV.IND.MANF.ZS,2016,16.3700223244065
COD,コンゴ民主共和国,NV.IND.MANF.ZS,2017,13.8219778041361
COD,コンゴ民主共和国,NV.IND.MANF.ZS,2018,11.1749836363491
COD,コンゴ民主共和国,NV.IND.MANF.ZS,2019,11.5012106732224
COD,コンゴ民主共和国,NV.IND.MANF.ZS,2020,12.1178201890634
COD,コンゴ民主共和国,NV.IND.MANF.ZS,2021,10.1832245901882
COD,コンゴ民主共和国,NV.IND.MANF.ZS,2022,9.48948032952368
COD,コンゴ民主共和国,NV.IND.MANF.ZS,2023,8.24579751255639
COD,コンゴ民主共和国,NV.IND.MANF.ZS,2024,8.59982013240739
COG,コンゴ共和国,NV.IND.MANF.ZS,2000,3.47655398037077
COG,コンゴ共和国,NV.IND.MANF.ZS,2001,4.51105795049553
COG,コンゴ共和国,NV.IND.MANF.ZS,2002,5.32091785833056
COG,コンゴ共和国,NV.IND.MANF.ZS,2003,6.02421498178955
COG,コンゴ共和国,NV.IND.MANF.ZS,2004,4.98004723511687
COG,コンゴ共和国,NV.IND.MANF.ZS,2005,6.41356952361613
COG,コンゴ共和国,NV.IND.MANF.ZS,2006,6.19527888192557
COG,コンゴ共和国,NV.IND.MANF.ZS,2007,6.46856648598448
COG,コンゴ共和国,NV.IND.MANF.ZS,2008,5.59626870511912
COG,コンゴ共和国,NV.IND.MANF.ZS,2009,6.77669543676046
COG,コンゴ共和国,NV.IND.MANF.ZS,2010,5.31217687243179
COG,コンゴ共和国,NV.IND.MANF.ZS,2011,5.24200489645789
COG,コンゴ共和国,NV.IND.MANF.ZS,2012,4.25728211443351
COG,コンゴ共和国,NV.IND.MANF.ZS,2013,5.92085614812511
COG,コンゴ共和国,NV.IND.MANF.ZS,2014,6.05990720251214
COG,コンゴ共和国,NV.IND.MANF.ZS,2015,8.36764019343637
COG,コンゴ共和国,NV.IND.MANF.ZS,2016,11.4670700612109
COG,コンゴ共和国,NV.IND.MANF.ZS,2017,12.3763983593463
COG,コンゴ共和国,NV.IND.MANF.ZS,2018,9.20702262871982
COG,コンゴ共和国,NV.IND.MANF.ZS,2019,9.56929234054286
COG,コンゴ共和国,NV.IND.MANF.ZS,2020,12.8531970155196
COG,コンゴ共和国,NV.IND.MANF.ZS,2021,
COG,コンゴ共和国,NV.IND.MANF.ZS,2022,
COG,コンゴ共和国,NV.IND.MANF.ZS,2023,
COG,コンゴ共和国,NV.IND.MANF.ZS,2024,
COM,コモロ,NV.IND.MANF.ZS,2000,
COM,コモロ,NV.IND.MANF.ZS,2001,
COM,コモロ,NV.IND.MANF.ZS,2002,
COM,コモロ,NV.IND.MANF.ZS,2003,
COM,コモロ,NV.IND.MANF.ZS,2004,
COM,コモロ,NV.IND.MANF.ZS,2005,
COM,コモロ,NV.IND.MANF.ZS,2006,
COM,コモロ,NV.IND.MANF.ZS,2007,7.80003291005402
COM,コモロ,NV.IND.MANF.ZS,2008,7.20694248550384
COM,コモロ,NV.IND.MANF.ZS,2009,7.33531246477021
COM,コモロ,NV.IND.MANF.ZS,2010,7.14526957330884
COM,コモロ,NV.IND.MANF.ZS,2011,7.37133641360762
COM,コモロ,NV.IND.MANF.ZS,2012,6.99768131568035
COM,コモロ,NV.IND.MANF.ZS,2013,7.45623354044825
COM,コモロ,NV.IND.MANF.ZS,2014,7.6967553622608
COM,コモロ,NV.IND.MANF.ZS,2015,7.25254817367269
COM,コモロ,NV.IND.MANF.ZS,2016,7.20500978543137
COM,コモロ,NV.IND.MANF.ZS,2017,6.93730193066321
COM,コモロ,NV.IND.MANF.ZS,2018,6.81171565014589
COM,コモロ,NV.IND.MANF.ZS,2019,6.48746017933343
COM,コモロ,NV.IND.MANF.ZS,2020,6.4188382450488
COM,コモロ,NV.IND.MANF.ZS,2021,7.12380839577824
COM,コモロ,NV.IND.MANF.ZS,2022,7.50072769002747
COM,コモロ,NV.IND.MANF.ZS,2023,8.01820670547685
COM,コモロ,NV.IND.MANF.ZS,2024,7.16172397348532
CPV,カーボベルデ,NV.IND.MANF.ZS,2000,9.26292546604522
CPV,カーボベルデ,NV.IND.MANF.ZS,2001,7.19686072187906
CPV,カーボベルデ,NV.IND.MANF.ZS,2002,7.54417803697063
CPV,カーボベルデ,NV.IND.MANF.ZS,2003,7.0046803559319
CPV,カーボベルデ,NV.IND.MANF.ZS,2004,6.40819472659056
CPV,カーボベルデ,NV.IND.MANF.ZS,2005,6.45346061692512
CPV,カーボベルデ,NV.IND.MANF.ZS,2006,5.80760974036909
CPV,カーボベルデ,NV.IND.MANF.ZS,2007,3.7666250544867
CPV,カーボベルデ,NV.IND.MANF.ZS,2008,3.97777581626725
CPV,カーボベルデ,NV.IND.MANF.ZS,2009,4.08574643244157
CPV,カーボベルデ,NV.IND.MANF.ZS,2010,4.46400638155718
CPV,カーボベルデ,NV.IND.MANF.ZS,2011,4.42882055667018
CPV,カーボベルデ,NV.IND.MANF.ZS,2012,4.6413002429543
CPV,カーボベルデ,NV.IND.MANF.ZS,2013,4.83628033255732
CPV,カーボベルデ,NV.IND.MANF.ZS,2014,5.18841665051269
CPV,カーボベルデ,NV.IND.MANF.ZS,2015,4.94193017807392
CPV,カーボベルデ,NV.IND.MANF.ZS,2016,5.10374951041088
CPV,カーボベルデ,NV.IND.MANF.ZS,2017,4.70095840974587
CPV,カーボベルデ,NV.IND.MANF.ZS,2018,4.57817868676343
CPV,カーボベルデ,NV.IND.MANF.ZS,2019,4.81797005885477
CPV,カーボベルデ,NV.IND.MANF.ZS,2020,5.1850224169666
CPV,カーボベルデ,NV.IND.MANF.ZS,2021,5.38569912694724
CPV,カーボベルデ,NV.IND.MANF.ZS,2022,4.75265212921098
CPV,カーボベルデ,NV.IND.MANF.ZS,2023,4.94839107397334
CPV,カーボベルデ,NV.IND.MANF.ZS,2024,5.16025422926084
DJI,ジブチ,NV.IND.MANF.ZS,2000,
DJI,ジブチ,NV.IND.MANF.ZS,2001,
DJI,ジブチ,NV.IND.MANF.ZS,2002,
DJI,ジブチ,NV.IND.MANF.ZS,2003,
DJI,ジブチ,NV.IND.MANF.ZS,2004,
DJI,ジブチ,NV.IND.MANF.ZS,2005,
DJI,ジブチ,NV.IND.MANF.ZS,2006,
DJI,ジブチ,NV.IND.MANF.ZS,2007,
DJI,ジブチ,NV.IND.MANF.ZS,2008,
DJI,ジブチ,NV.IND.MANF.ZS,2009,
DJI,ジブチ,NV.IND.MANF.ZS,2010,
DJI,ジブチ,NV.IND.MANF.ZS,2011,
DJI,ジブチ,NV.IND.MANF.ZS,2012,
DJI,ジブチ,NV.IND.MANF.ZS,2013,1.95656960422745
DJI,ジブチ,NV.IND.MANF.ZS,2014,2.7748356788478
DJI,ジブチ,NV.IND.MANF.ZS,2015,2.73555807602599
DJI,ジブチ,NV.IND.MANF.ZS,2016,2.83557314687334
DJI,ジブチ,NV.IND.MANF.ZS,2017,3.10152709601158
DJI,ジブチ,NV.IND.MANF.ZS,2018,3.31583463198092
DJI,ジブチ,NV.IND.MANF.ZS,2019,3.70296002372685
DJI,ジブチ,NV.IND.MANF.ZS,2020,4.48288266022238
DJI,ジブチ,NV.IND.MANF.ZS,2021,5.21745786343541
DJI,ジブチ,NV.IND.MANF.ZS,2022,5.02666091887994
DJI,ジブチ,NV.IND.MANF.ZS,2023,4.70200377488926
DJI,ジブチ,NV.IND.MANF.ZS,2024,5.28432022949322
DZA,アルジェリア,NV.IND.MANF.ZS,2000,44.9803977869361
DZA,アルジェリア,NV.IND.MANF.ZS,2001,10.3451538024072
DZA,アルジェリア,NV.IND.MANF.ZS,2002,9.26121851105326
DZA,アルジェリア,NV.IND.MANF.ZS,2003,8.64007998371067
DZA,アルジェリア,NV.IND.MANF.ZS,2004,7.86118213503579
DZA,アルジェリア,NV.IND.MANF.ZS,2005,8.06151876196538
DZA,アルジェリア,NV.IND.MANF.ZS,2006,8.11584656308032
DZA,アルジェリア,NV.IND.MANF.ZS,2007,8.46045227925819
DZA,アルジェリア,NV.IND.MANF.ZS,2008,8.82116731993132
DZA,アルジェリア,NV.IND.MANF.ZS,2009,7.87621943005796
DZA,アルジェリア,NV.IND.MANF.ZS,2010,9.3708250521221
DZA,アルジェリア,NV.IND.MANF.ZS,2011,9.73343874629741
DZA,アルジェリア,NV.IND.MANF.ZS,2012,8.5589556099004
DZA,アルジェリア,NV.IND.MANF.ZS,2013,8.02018645677549
DZA,アルジェリア,NV.IND.MANF.ZS,2014,9.87797970942307
DZA,アルジェリア,NV.IND.MANF.ZS,2015,7.11001759889613
DZA,アルジェリア,NV.IND.MANF.ZS,2016,6.89853876611083
DZA,アルジェリア,NV.IND.MANF.ZS,2017,7.33456829401543
DZA,アルジェリア,NV.IND.MANF.ZS,2018,7.07738040001596
DZA,アルジェリア,NV.IND.MANF.ZS,2019,6.40396994400067
DZA,アルジェリア,NV.IND.MANF.ZS,2020,6.28239503315548
DZA,アルジェリア,NV.IND.MANF.ZS,2021,8.18955643268695
DZA,アルジェリア,NV.IND.MANF.ZS,2022,10.2173706724576
DZA,アルジェリア,NV.IND.MANF.ZS,2023,9.12018358899041
DZA,アルジェリア,NV.IND.MANF.ZS,2024,9.45462250569716
EGY,エジプト,NV.IND.MANF.ZS,2000,17.9979711849456
EGY,エジプト,NV.IND.MANF.ZS,2001,17.6980763869529
EGY,エジプト,NV.IND.MANF.ZS,2002,18.4967537608868
EGY,エジプト,NV.IND.MANF.ZS,2003,17.3038323353293
EGY,エジプト,NV.IND.MANF.ZS,2004,17.2369668246446
EGY,エジプト,NV.IND.MANF.ZS,2005,16.709452181987
EGY,エジプト,NV.IND.MANF.ZS,2006,15.9775619232637
EGY,エジプト,NV.IND.MANF.ZS,2007,15.3699248120301
EGY,エジプト,NV.IND.MANF.ZS,2008,15.5223673925181
EGY,エジプト,NV.IND.MANF.ZS,2009,15.786154289004
EGY,エジプト,NV.IND.MANF.ZS,2010,16.102270843693
EGY,エジプト,NV.IND.MANF.ZS,2011,15.7671942236161
EGY,エジプト,NV.IND.MANF.ZS,2012,16.1654744133278
EGY,エジプト,NV.IND.MANF.ZS,2013,16.608374543109
EGY,エジプト,NV.IND.MANF.ZS,2014,16.7744460093897
EGY,エジプト,NV.IND.MANF.ZS,2015,16.6974467040386
EGY,エジプト,NV.IND.MANF.ZS,2016,16.8413264929505
EGY,エジプト,NV.IND.MANF.ZS,2017,16.59352061052
EGY,エジプト,NV.IND.MANF.ZS,2018,16.3508895889589
EGY,エジプト,NV.IND.MANF.ZS,2019,15.9882989635454
EGY,エジプト,NV.IND.MANF.ZS,2020,16.3804560673536
EGY,エジプト,NV.IND.MANF.ZS,2021,15.4852838768741
EGY,エジプト,NV.IND.MANF.ZS,2022,15.9705322282435
EGY,エジプト,NV.IND.MANF.ZS,2023,15.0639098410698
EGY,エジプト,NV.IND.MANF.ZS,2024,13.8934615296088
ERI,エリトリア,NV.IND.MANF.ZS,2000,9.30749870959208
ERI,エリトリア,NV.IND.MANF.ZS,2001,8.93181225354148
ERI,エリトリア,NV.IND.MANF.ZS,2002,9.11393683318789
ERI,エリトリア,NV.IND.MANF.ZS,2003,9.09978335560365
ERI,エリトリア,NV.IND.MANF.ZS,2004,8.58016451301376
ERI,エリトリア,NV.IND.MANF.ZS,2005,6.82807879487262
ERI,エリトリア,NV.IND.MANF.ZS,2006,5.98477825812939
ERI,エリトリア,NV.IND.MANF.ZS,2007,5.46334518790395
ERI,エリトリア,NV.IND.MANF.ZS,2008,6.52391009279051
ERI,エリトリア,NV.IND.MANF.ZS,2009,5.49275511380493
ERI,エリトリア,NV.IND.MANF.ZS,2010,
ERI,エリトリア,NV.IND.MANF.ZS,2011,
ERI,エリトリア,NV.IND.MANF.ZS,2012,
ERI,エリトリア,NV.IND.MANF.ZS,2013,
ERI,エリトリア,NV.IND.MANF.ZS,2014,
ERI,エリトリア,NV.IND.MANF.ZS,2015,
ERI,エリトリア,NV.IND.MANF.ZS,2016,
ERI,エリトリア,NV.IND.MANF.ZS,2017,
ERI,エリトリア,NV.IND.MANF.ZS,2018,
ERI,エリトリア,NV.IND.MANF.ZS,2019,
ERI,エリトリア,NV.IND.MANF.ZS,2020,
ERI,エリトリア,NV.IND.MANF.ZS,2021,
ERI,エリトリア,NV.IND.MANF.ZS,2022,
ERI,エリトリア,NV.IND.MANF.ZS,2023,
ERI,エリトリア,NV.IND.MANF.ZS,2024,
ESH,西サハラ,NV.IND.MANF.ZS,2000,
ESH,西サハラ,NV.IND.MANF.ZS,2001,
ESH,西サハラ,NV.IND.MANF.ZS,2002,
ESH,西サハラ,NV.IND.MANF.ZS,2003,
ESH,西サハラ,NV.IND.MANF.ZS,2004,
ESH,西サハラ,NV.IND.MANF.ZS,2005,
ESH,西サハラ,NV.IND.MANF.ZS,2006,
ESH,西サハラ,NV.IND.MANF.ZS,2007,
ESH,西サハラ,NV.IND.MANF.ZS,2008,
ESH,西サハラ,NV.IND.MANF.ZS,2009,
ESH,西サハラ,NV.IND.MANF.ZS,2010,
ESH,西サハラ,NV.IND.MANF.ZS,2011,
ESH,西サハラ,NV.IND.MANF.ZS,2012,
ESH,西サハラ,NV.IND.MANF.ZS,2013,
ESH,西サハラ,NV.IND.MANF.ZS,2014,
ESH,西サハラ,NV.IND.MANF.ZS,2015,
ESH,西サハラ,NV.IND.MANF.ZS,2016,
ESH,西サハラ,NV.IND.MANF.ZS,2017,
ESH,西サハラ,NV.IND.MANF.ZS,2018,
ESH,西サハラ,NV.IND.MANF.ZS,2019,
ESH,西サハラ,NV.IND.MANF.ZS,2020,
ESH,西サハラ,NV.IND.MANF.ZS,2021,
ESH,西サハラ,NV.IND.MANF.ZS,2022,
ESH,西サハラ,NV.IND.MANF.ZS,2023,
ESH,西サハラ,NV.IND.MANF.ZS,2024,
ETH,エチオピア,NV.IND.MANF.ZS,2000,5.60524515046047
ETH,エチオピア,NV.IND.MANF.ZS,2001,5.77622813871001
ETH,エチオピア,NV.IND.MANF.ZS,2002,5.76649058338808
ETH,エチオピア,NV.IND.MANF.ZS,2003,5.77003750137346
ETH,エチオピア,NV.IND.MANF.ZS,2004,5.35070561062316
ETH,エチオピア,NV.IND.MANF.ZS,2005,4.84296124606208
ETH,エチオピア,NV.IND.MANF.ZS,2006,4.63773836603377
ETH,エチオピア,NV.IND.MANF.ZS,2007,4.57968246789691
ETH,エチオピア,NV.IND.MANF.ZS,2008,4.10813533633752
ETH,エチオピア,NV.IND.MANF.ZS,2009,3.88025579578888
ETH,エチオピア,NV.IND.MANF.ZS,2010,3.97390612014563
ETH,エチオピア,NV.IND.MANF.ZS,2011,3.68255139559386
ETH,エチオピア,NV.IND.MANF.ZS,2012,3.42006071889612
ETH,エチオピア,NV.IND.MANF.ZS,2013,3.702189003056
ETH,エチオピア,NV.IND.MANF.ZS,2014,3.99132524576571
ETH,エチオピア,NV.IND.MANF.ZS,2015,4.4046191387627
ETH,エチオピア,NV.IND.MANF.ZS,2016,5.69139715520615
ETH,エチオピア,NV.IND.MANF.ZS,2017,6.18658862115693
ETH,エチオピア,NV.IND.MANF.ZS,2018,5.82761795063908
ETH,エチオピア,NV.IND.MANF.ZS,2019,5.59436815447675
ETH,エチオピア,NV.IND.MANF.ZS,2020,5.30328095402222
ETH,エチオピア,NV.IND.MANF.ZS,2021,4.60568847862545
ETH,エチオピア,NV.IND.MANF.ZS,2022,4.24106228559317
ETH,エチオピア,NV.IND.MANF.ZS,2023,4.47900683976997
ETH,エチオピア,NV.IND.MANF.ZS,2024,4.39391406309022
GAB,ガボン,NV.IND.MANF.ZS,2000,3.7248489551577
GAB,ガボン,NV.IND.MANF.ZS,2001,2.54116032821713
GAB,ガボン,NV.IND.MANF.ZS,2002,2.67453927337973
GAB,ガボン,NV.IND.MANF.ZS,2003,2.66733858794842
GAB,ガボン,NV.IND.MANF.ZS,2004,2.78172324218578
GAB,ガボン,NV.IND.MANF.ZS,2005,12.9297908424628
GAB,ガボン,NV.IND.MANF.ZS,2006,11.4678387263822
GAB,ガボン,NV.IND.MANF.ZS,2007,12.7816305042674
GAB,ガボン,NV.IND.MANF.ZS,2008,14.2227835357047
GAB,ガボン,NV.IND.MANF.ZS,2009,19.0243730718995
GAB,ガボン,NV.IND.MANF.ZS,2010,17.0804611102848
GAB,ガボン,NV.IND.MANF.ZS,2011,19.1528007507603
GAB,ガボン,NV.IND.MANF.ZS,2012,16.5014056434654
GAB,ガボン,NV.IND.MANF.ZS,2013,17.1624139596913
GAB,ガボン,NV.IND.MANF.ZS,2014,17.393405866881
GAB,ガボン,NV.IND.MANF.ZS,2015,16.6870330418249
GAB,ガボン,NV.IND.MANF.ZS,2016,17.456006771994
GAB,ガボン,NV.IND.MANF.ZS,2017,17.6224186689537
GAB,ガボン,NV.IND.MANF.ZS,2018,18.9415576135283
GAB,ガボン,NV.IND.MANF.ZS,2019,18.8025688304726
GAB,ガボン,NV.IND.MANF.ZS,2020,18.576470941158
GAB,ガボン,NV.IND.MANF.ZS,2021,21.6495470772862
GAB,ガボン,NV.IND.MANF.ZS,2022,20.8000410208541
GAB,ガボン,NV.IND.MANF.ZS,2023,20.5364678514336
GAB,ガボン,NV.IND.MANF.ZS,2024,19.4598269676401
GHA,ガーナ,NV.IND.MANF.ZS,2000,9.01684927723046
GHA,ガーナ,NV.IND.MANF.ZS,2001,9.00298654871069
GHA,ガーナ,NV.IND.MANF.ZS,2002,9.02726044779174
GHA,ガーナ,NV.IND.MANF.ZS,2003,8.97552363519288
GHA,ガーナ,NV.IND.MANF.ZS,2004,8.74199863283443
GHA,ガーナ,NV.IND.MANF.ZS,2005,8.65538839902612
GHA,ガーナ,NV.IND.MANF.ZS,2006,9.54101659905651
GHA,ガーナ,NV.IND.MANF.ZS,2007,8.59640481520955
GHA,ガーナ,NV.IND.MANF.ZS,2008,7.54411818600718
GHA,ガーナ,NV.IND.MANF.ZS,2009,6.77209063372257
GHA,ガーナ,NV.IND.MANF.ZS,2010,6.38865862680317
GHA,ガーナ,NV.IND.MANF.ZS,2011,6.42376585885943
GHA,ガーナ,NV.IND.MANF.ZS,2012,5.66058649920669
GHA,ガーナ,NV.IND.MANF.ZS,2013,11.5885474629749
GHA,ガーナ,NV.IND.MANF.ZS,2014,11.0199488260173
GHA,ガーナ,NV.IND.MANF.ZS,2015,11.0982995618487
GHA,ガーナ,NV.IND.MANF.ZS,2016,10.8204245904679
GHA,ガーナ,NV.IND.MANF.ZS,2017,10.1522230921101
GHA,ガーナ,NV.IND.MANF.ZS,2018,10.1201333350505
GHA,ガーナ,NV.IND.MANF.ZS,2019,10.1612187308728
GHA,ガーナ,NV.IND.MANF.ZS,2020,10.9530558483938
GHA,ガーナ,NV.IND.MANF.ZS,2021,10.8854255442819
GHA,ガーナ,NV.IND.MANF.ZS,2022,11.4844320300242
GHA,ガーナ,NV.IND.MANF.ZS,2023,11.1414262606686
GHA,ガーナ,NV.IND.MANF.ZS,2024,10.5715045941892
GIN,ギニア,NV.IND.MANF.ZS,2000,2.58930253651401
GIN,ギニア,NV.IND.MANF.ZS,2001,2.58991914295949
GIN,ギニア,NV.IND.MANF.ZS,2002,2.59679162088128
GIN,ギニア,NV.IND.MANF.ZS,2003,4.06562141316577
GIN,ギニア,NV.IND.MANF.ZS,2004,3.88563379973758
GIN,ギニア,NV.IND.MANF.ZS,2005,4.17262160793595
GIN,ギニア,NV.IND.MANF.ZS,2006,11.3806170792337
GIN,ギニア,NV.IND.MANF.ZS,2007,11.4378591383573
GIN,ギニア,NV.IND.MANF.ZS,2008,12.6717179303236
GIN,ギニア,NV.IND.MANF.ZS,2009,12.563672251459
GIN,ギニア,NV.IND.MANF.ZS,2010,10.6332855654235
GIN,ギニア,NV.IND.MANF.ZS,2011,10.4712769261704
GIN,ギニア,NV.IND.MANF.ZS,2012,10.5298592048946
GIN,ギニア,NV.IND.MANF.ZS,2013,10.8007785486665
GIN,ギニア,NV.IND.MANF.ZS,2014,11.0824935422383
GIN,ギニア,NV.IND.MANF.ZS,2015,12.1187356683819
GIN,ギニア,NV.IND.MANF.ZS,2016,10.9266759656277
GIN,ギニア,NV.IND.MANF.ZS,2017,10.021586832517
GIN,ギニア,NV.IND.MANF.ZS,2018,12.0732499471316
GIN,ギニア,NV.IND.MANF.ZS,2019,10.4003589799348
GIN,ギニア,NV.IND.MANF.ZS,2020,9.56625663157385
GIN,ギニア,NV.IND.MANF.ZS,2021,11.4227929712381
GIN,ギニア,NV.IND.MANF.ZS,2022,12.7453563521224
GIN,ギニア,NV.IND.MANF.ZS,2023,
GIN,ギニア,NV.IND.MANF.ZS,2024,
GMB,ガンビア,NV.IND.MANF.ZS,2000,6.76669154778218
GMB,ガンビア,NV.IND.MANF.ZS,2001,6.63161138282925
GMB,ガンビア,NV.IND.MANF.ZS,2002,7.02089937790987
GMB,ガンビア,NV.IND.MANF.ZS,2003,5.91664280935593
GMB,ガンビア,NV.IND.MANF.ZS,2004,5.26207572618229
GMB,ガンビア,NV.IND.MANF.ZS,2005,6.3020169269571
GMB,ガンビア,NV.IND.MANF.ZS,2006,6.64541321314976
GMB,ガンビア,NV.IND.MANF.ZS,2007,6.50907547854568
GMB,ガンビア,NV.IND.MANF.ZS,2008,5.59132896443498
GMB,ガンビア,NV.IND.MANF.ZS,2009,4.82997484310863
GMB,ガンビア,NV.IND.MANF.ZS,2010,4.55083957510618
GMB,ガンビア,NV.IND.MANF.ZS,2011,5.48871420220461
GMB,ガンビア,NV.IND.MANF.ZS,2012,5.74815979853717
GMB,ガンビア,NV.IND.MANF.ZS,2013,5.61120256265393
GMB,ガンビア,NV.IND.MANF.ZS,2014,6.51178104456846
GMB,ガンビア,NV.IND.MANF.ZS,2015,6.34925434673243
GMB,ガンビア,NV.IND.MANF.ZS,2016,5.58625701329089
GMB,ガンビア,NV.IND.MANF.ZS,2017,4.46929213423085
GMB,ガンビア,NV.IND.MANF.ZS,2018,4.25546144640921
GMB,ガンビア,NV.IND.MANF.ZS,2019,3.78717703681072
GMB,ガンビア,NV.IND.MANF.ZS,2020,2.61338378758132
GMB,ガンビア,NV.IND.MANF.ZS,2021,1.90207190148837
GMB,ガンビア,NV.IND.MANF.ZS,2022,1.43076291164454
GMB,ガンビア,NV.IND.MANF.ZS,2023,1.69958942566501
GMB,ガンビア,NV.IND.MANF.ZS,2024,1.45425336279474
GNB,ギニアビサウ,NV.IND.MANF.ZS,2000,7.6912629361246
GNB,ギニアビサウ,NV.IND.MANF.ZS,2001,7.36131278388881
GNB,ギニアビサウ,NV.IND.MANF.ZS,2002,8.97342051003067
GNB,ギニアビサウ,NV.IND.MANF.ZS,2003,9.20014584509569
GNB,ギニアビサウ,NV.IND.MANF.ZS,2004,8.73536903376508
GNB,ギニアビサウ,NV.IND.MANF.ZS,2005,9.57667229249213
GNB,ギニアビサウ,NV.IND.MANF.ZS,2006,9.50906128514104
GNB,ギニアビサウ,NV.IND.MANF.ZS,2007,8.35125970456935
GNB,ギニアビサウ,NV.IND.MANF.ZS,2008,9.28539510023503
GNB,ギニアビサウ,NV.IND.MANF.ZS,2009,9.34637919594461
GNB,ギニアビサウ,NV.IND.MANF.ZS,2010,9.09763504455566
GNB,ギニアビサウ,NV.IND.MANF.ZS,2011,9.20015795024493
GNB,ギニアビサウ,NV.IND.MANF.ZS,2012,8.89294919275182
GNB,ギニアビサウ,NV.IND.MANF.ZS,2013,8.72465651267683
GNB,ギニアビサウ,NV.IND.MANF.ZS,2014,9.34358994488158
GNB,ギニアビサウ,NV.IND.MANF.ZS,2015,8.85890712355589
GNB,ギニアビサウ,NV.IND.MANF.ZS,2016,8.65569406834563
GNB,ギニアビサウ,NV.IND.MANF.ZS,2017,8.13997490489753
GNB,ギニアビサウ,NV.IND.MANF.ZS,2018,11.2138251559825
GNB,ギニアビサウ,NV.IND.MANF.ZS,2019,9.74186134692523
GNB,ギニアビサウ,NV.IND.MANF.ZS,2020,6.4553502508066
GNB,ギニアビサウ,NV.IND.MANF.ZS,2021,6.62896452426188
GNB,ギニアビサウ,NV.IND.MANF.ZS,2022,7.00649344964373
GNB,ギニアビサウ,NV.IND.MANF.ZS,2023,8.90885380390361
GNB,ギニアビサウ,NV.IND.MANF.ZS,2024,9.17231237257561
GNQ,赤道ギニア,NV.IND.MANF.ZS,2000,
GNQ,赤道ギニア,NV.IND.MANF.ZS,2001,
GNQ,赤道ギニア,NV.IND.MANF.ZS,2002,
GNQ,赤道ギニア,NV.IND.MANF.ZS,2003,
GNQ,赤道ギニア,NV.IND.MANF.ZS,2004,
GNQ,赤道ギニア,NV.IND.MANF.ZS,2005,
GNQ,赤道ギニア,NV.IND.MANF.ZS,2006,7.13368571897706
GNQ,赤道ギニア,NV.IND.MANF.ZS,2007,14.5144150685699
GNQ,赤道ギニア,NV.IND.MANF.ZS,2008,20.3675170370508
GNQ,赤道ギニア,NV.IND.MANF.ZS,2009,18.0379595652092
GNQ,赤道ギニア,NV.IND.MANF.ZS,2010,21.0164819339437
GNQ,赤道ギニア,NV.IND.MANF.ZS,2011,22.4684911736905
GNQ,赤道ギニア,NV.IND.MANF.ZS,2012,17.0897521554373
GNQ,赤道ギニア,NV.IND.MANF.ZS,2013,19.2857889394799
GNQ,赤道ギニア,NV.IND.MANF.ZS,2014,20.1256330691071
GNQ,赤道ギニア,NV.IND.MANF.ZS,2015,17.8446575040216
GNQ,赤道ギニア,NV.IND.MANF.ZS,2016,18.5043115557231
GNQ,赤道ギニア,NV.IND.MANF.ZS,2017,25.7505953453878
GNQ,赤道ギニア,NV.IND.MANF.ZS,2018,25.5701377749619
GNQ,赤道ギニア,NV.IND.MANF.ZS,2019,20.8538394751509
GNQ,赤道ギニア,NV.IND.MANF.ZS,2020,19.5270653898342
GNQ,赤道ギニア,NV.IND.MANF.ZS,2021,20.9306894237757
GNQ,赤道ギニア,NV.IND.MANF.ZS,2022,25.393375596966
GNQ,赤道ギニア,NV.IND.MANF.ZS,2023,22.1454133346932
GNQ,赤道ギニア,NV.IND.MANF.ZS,2024,25.8098188120152
KEN,ケニア,NV.IND.MANF.ZS,2000,10.3155807456118
KEN,ケニア,NV.IND.MANF.ZS,2001,9.77993983656482
KEN,ケニア,NV.IND.MANF.ZS,2002,9.82360946248357
KEN,ケニア,NV.IND.MANF.ZS,2003,9.70902523630876
KEN,ケニア,NV.IND.MANF.ZS,2004,10.0007925739742
KEN,ケニア,NV.IND.MANF.ZS,2005,10.5360857511169
KEN,ケニア,NV.IND.MANF.ZS,2006,12.6893553901337
KEN,ケニア,NV.IND.MANF.ZS,2007,12.7904398588978
KEN,ケニア,NV.IND.MANF.ZS,2008,12.0957706183263
KEN,ケニア,NV.IND.MANF.ZS,2009,11.4929531371255
KEN,ケニア,NV.IND.MANF.ZS,2010,11.160375024669
KEN,ケニア,NV.IND.MANF.ZS,2011,12.0477672867887
KEN,ケニア,NV.IND.MANF.ZS,2012,11.0833402731294
KEN,ケニア,NV.IND.MANF.ZS,2013,10.9090166252394
KEN,ケニア,NV.IND.MANF.ZS,2014,10.0650334327975
KEN,ケニア,NV.IND.MANF.ZS,2015,9.97517981812866
KEN,ケニア,NV.IND.MANF.ZS,2016,9.32149110147083
KEN,ケニア,NV.IND.MANF.ZS,2017,8.7391417305051
KEN,ケニア,NV.IND.MANF.ZS,2018,8.40838529183248
KEN,ケニア,NV.IND.MANF.ZS,2019,7.90461593672111
KEN,ケニア,NV.IND.MANF.ZS,2020,7.59983835849882
KEN,ケニア,NV.IND.MANF.ZS,2021,7.36330136314107
KEN,ケニア,NV.IND.MANF.ZS,2022,7.74068726212304
KEN,ケニア,NV.IND.MANF.ZS,2023,7.48743648398488
KEN,ケニア,NV.IND.MANF.ZS,2024,7.29301063096746
LBR,リベリア,NV.IND.MANF.ZS,2000,2.45297482837529
LBR,リベリア,NV.IND.MANF.ZS,2001,2.37581677704194
LBR,リベリア,NV.IND.MANF.ZS,2002,1.87307443365696
LBR,リベリア,NV.IND.MANF.ZS,2003,2.25552139037433
LBR,リベリア,NV.IND.MANF.ZS,2004,4.02463768115942
LBR,リベリア,NV.IND.MANF.ZS,2005,4.1272602739726
LBR,リベリア,NV.IND.MANF.ZS,2006,4.09355674709562
LBR,リベリア,NV.IND.MANF.ZS,2007,3.95002184996358
LBR,リベリア,NV.IND.MANF.ZS,2008,2.95900926998841
LBR,リベリア,NV.IND.MANF.ZS,2009,2.80824660633484
LBR,リベリア,NV.IND.MANF.ZS,2010,2.60644144144144
LBR,リベリア,NV.IND.MANF.ZS,2011,2.27703502919099
LBR,リベリア,NV.IND.MANF.ZS,2012,
LBR,リベリア,NV.IND.MANF.ZS,2013,
LBR,リベリア,NV.IND.MANF.ZS,2014,
LBR,リベリア,NV.IND.MANF.ZS,2015,
LBR,リベリア,NV.IND.MANF.ZS,2016,
LBR,リベリア,NV.IND.MANF.ZS,2017,
LBR,リベリア,NV.IND.MANF.ZS,2018,
LBR,リベリア,NV.IND.MANF.ZS,2019,
LBR,リベリア,NV.IND.MANF.ZS,2020,
LBR,リベリア,NV.IND.MANF.ZS,2021,
LBR,リベリア,NV.IND.MANF.ZS,2022,
LBR,リベリア,NV.IND.MANF.ZS,2023,
LBR,リベリア,NV.IND.MANF.ZS,2024,
LBY,リビア,NV.IND.MANF.ZS,2000,
LBY,リビア,NV.IND.MANF.ZS,2001,
LBY,リビア,NV.IND.MANF.ZS,2002,3.12586498539136
LBY,リビア,NV.IND.MANF.ZS,2003,5.92415229030339
LBY,リビア,NV.IND.MANF.ZS,2004,5.68684827794422
LBY,リビア,NV.IND.MANF.ZS,2005,5.05667506297229
LBY,リビア,NV.IND.MANF.ZS,2006,4.66973489354317
LBY,リビア,NV.IND.MANF.ZS,2007,4.59514676693655
LBY,リビア,NV.IND.MANF.ZS,2008,4.55926707887197
LBY,リビア,NV.IND.MANF.ZS,2009,5.03820238869881
LBY,リビア,NV.IND.MANF.ZS,2010,3.95888224723431
LBY,リビア,NV.IND.MANF.ZS,2011,3.70922472929545
LBY,リビア,NV.IND.MANF.ZS,2012,2.31116044510223
LBY,リビア,NV.IND.MANF.ZS,2013,2.96399418096206
LBY,リビア,NV.IND.MANF.ZS,2014,4.56529868891668
LBY,リビア,NV.IND.MANF.ZS,2015,4.14078951865904
LBY,リビア,NV.IND.MANF.ZS,2016,3.65524337067447
LBY,リビア,NV.IND.MANF.ZS,2017,2.80678251468398
LBY,リビア,NV.IND.MANF.ZS,2018,
LBY,リビア,NV.IND.MANF.ZS,2019,
LBY,リビア,NV.IND.MANF.ZS,2020,
LBY,リビア,NV.IND.MANF.ZS,2021,
LBY,リビア,NV.IND.MANF.ZS,2022,
LBY,リビア,NV.IND.MANF.ZS,2023,
LBY,リビア,NV.IND.MANF.ZS,2024,
LSO,レソト,NV.IND.MANF.ZS,2000,13.6208970702257
LSO,レソト,NV.IND.MANF.ZS,2001,20.5135114064332
LSO,レソト,NV.IND.MANF.ZS,2002,24.5578158367639
LSO,レソト,NV.IND.MANF.ZS,2003,22.6620895427505
LSO,レソト,NV.IND.MANF.ZS,2004,23.0281695904797
LSO,レソト,NV.IND.MANF.ZS,2005,19.9852900026128
LSO,レソト,NV.IND.MANF.ZS,2006,21.8240965624683
LSO,レソト,NV.IND.MANF.ZS,2007,22.2396609149273
LSO,レソト,NV.IND.MANF.ZS,2008,21.2285474821898
LSO,レソト,NV.IND.MANF.ZS,2009,17.5062218269523
LSO,レソト,NV.IND.MANF.ZS,2010,13.0847200506572
LSO,レソト,NV.IND.MANF.ZS,2011,12.7826465299986
LSO,レソト,NV.IND.MANF.ZS,2012,11.4515114166879
LSO,レソト,NV.IND.MANF.ZS,2013,10.9395682131417
LSO,レソト,NV.IND.MANF.ZS,2014,12.250538441436
LSO,レソト,NV.IND.MANF.ZS,2015,15.1330287921212
LSO,レソト,NV.IND.MANF.ZS,2016,16.6630766961045
LSO,レソト,NV.IND.MANF.ZS,2017,15.2367098583169
LSO,レソト,NV.IND.MANF.ZS,2018,16.6313078018797
LSO,レソト,NV.IND.MANF.ZS,2019,17.2191325178187
LSO,レソト,NV.IND.MANF.ZS,2020,16.3470534698184
LSO,レソト,NV.IND.MANF.ZS,2021,16.5400949605905
LSO,レソト,NV.IND.MANF.ZS,2022,16.282824396699
LSO,レソト,NV.IND.MANF.ZS,2023,14.0512623185036
LSO,レソト,NV.IND.MANF.ZS,2024,12.0673877533326
MAR,モロッコ,NV.IND.MANF.ZS,2000,18.0763657282067
MAR,モロッコ,NV.IND.MANF.ZS,2001,16.5845285409606
MAR,モロッコ,NV.IND.MANF.ZS,2002,16.4974942856657
MAR,モロッコ,NV.IND.MANF.ZS,2003,16.8384502498086
MAR,モロッコ,NV.IND.MANF.ZS,2004,16.7597013638067
MAR,モロッコ,NV.IND.MANF.ZS,2005,15.59981062964
MAR,モロッコ,NV.IND.MANF.ZS,2006,15.3969313917173
MAR,モロッコ,NV.IND.MANF.ZS,2007,14.9436919597767
MAR,モロッコ,NV.IND.MANF.ZS,2008,15.1469873525987
MAR,モロッコ,NV.IND.MANF.ZS,2009,14.8768328118816
MAR,モロッコ,NV.IND.MANF.ZS,2010,14.8171920253699
MAR,モロッコ,NV.IND.MANF.ZS,2011,14.6656401995519
MAR,モロッコ,NV.IND.MANF.ZS,2012,14.3615270032686
MAR,モロッコ,NV.IND.MANF.ZS,2013,14.5581548719729
MAR,モロッコ,NV.IND.MANF.ZS,2014,15.3452879513188
MAR,モロッコ,NV.IND.MANF.ZS,2015,14.984152955286
MAR,モロッコ,NV.IND.MANF.ZS,2016,14.7595291382492
MAR,モロッコ,NV.IND.MANF.ZS,2017,14.5941970328011
MAR,モロッコ,NV.IND.MANF.ZS,2018,14.8703562557049
MAR,モロッコ,NV.IND.MANF.ZS,2019,14.7633235363387
MAR,モロッコ,NV.IND.MANF.ZS,2020,15.177396164956
MAR,モロッコ,NV.IND.MANF.ZS,2021,15.2356757950841
MAR,モロッコ,NV.IND.MANF.ZS,2022,16.0498493107438
MAR,モロッコ,NV.IND.MANF.ZS,2023,15.7918531548633
MAR,モロッコ,NV.IND.MANF.ZS,2024,15.2654153716279
MDG,マダガスカル,NV.IND.MANF.ZS,2000,
MDG,マダガスカル,NV.IND.MANF.ZS,2001,
MDG,マダガスカル,NV.IND.MANF.ZS,2002,
MDG,マダガスカル,NV.IND.MANF.ZS,2003,
MDG,マダガスカル,NV.IND.MANF.ZS,2004,
MDG,マダガスカル,NV.IND.MANF.ZS,2005,
MDG,マダガスカル,NV.IND.MANF.ZS,2006,
MDG,マダガスカル,NV.IND.MANF.ZS,2007,9.16294312518312
MDG,マダガスカル,NV.IND.MANF.ZS,2008,9.69123347574797
MDG,マダガスカル,NV.IND.MANF.ZS,2009,9.15887832281025
MDG,マダガスカル,NV.IND.MANF.ZS,2010,8.95902902316701
MDG,マダガスカル,NV.IND.MANF.ZS,2011,8.72437045917635
MDG,マダガスカル,NV.IND.MANF.ZS,2012,8.66520369091448
MDG,マダガスカル,NV.IND.MANF.ZS,2013,8.62986885227877
MDG,マダガスカル,NV.IND.MANF.ZS,2014,9.03893525393852
MDG,マダガスカル,NV.IND.MANF.ZS,2015,8.50771119517862
MDG,マダガスカル,NV.IND.MANF.ZS,2016,10.1953106769595
MDG,マダガスカル,NV.IND.MANF.ZS,2017,9.18815731963744
MDG,マダガスカル,NV.IND.MANF.ZS,2018,9.3695954221963
MDG,マダガスカル,NV.IND.MANF.ZS,2019,10.0900513520788
MDG,マダガスカル,NV.IND.MANF.ZS,2020,9.72498440591811
MDG,マダガスカル,NV.IND.MANF.ZS,2021,11.3691307142802
MDG,マダガスカル,NV.IND.MANF.ZS,2022,12.0636550720283
MDG,マダガスカル,NV.IND.MANF.ZS,2023,13.0134291724491
MDG,マダガスカル,NV.IND.MANF.ZS,2024,13.1203166064313
MLI,マリ,NV.IND.MANF.ZS,2000,6.32733025258402
MLI,マリ,NV.IND.MANF.ZS,2001,6.0885660247421
MLI,マリ,NV.IND.MANF.ZS,2002,6.16412552944843
MLI,マリ,NV.IND.MANF.ZS,2003,7.26863137427661
MLI,マリ,NV.IND.MANF.ZS,2004,5.96052298021019
MLI,マリ,NV.IND.MANF.ZS,2005,8.69131788753833
MLI,マリ,NV.IND.MANF.ZS,2006,8.55028091248625
MLI,マリ,NV.IND.MANF.ZS,2007,9.39869144314332
MLI,マリ,NV.IND.MANF.ZS,2008,10.0224865885141
MLI,マリ,NV.IND.MANF.ZS,2009,9.92316248772129
MLI,マリ,NV.IND.MANF.ZS,2010,9.34518439962104
MLI,マリ,NV.IND.MANF.ZS,2011,8.49025048418122
MLI,マリ,NV.IND.MANF.ZS,2012,8.24735982194434
MLI,マリ,NV.IND.MANF.ZS,2013,8.17093004225246
MLI,マリ,NV.IND.MANF.ZS,2014,9.95859136216064
MLI,マリ,NV.IND.MANF.ZS,2015,8.9191214245065
MLI,マリ,NV.IND.MANF.ZS,2016,8.21316833674848
MLI,マリ,NV.IND.MANF.ZS,2017,8.25970658668328
MLI,マリ,NV.IND.MANF.ZS,2018,8.40614559340644
MLI,マリ,NV.IND.MANF.ZS,2019,7.48007971697158
MLI,マリ,NV.IND.MANF.ZS,2020,7.07217561614672
MLI,マリ,NV.IND.MANF.ZS,2021,7.73961490810533
MLI,マリ,NV.IND.MANF.ZS,2022,7.37164441273169
MLI,マリ,NV.IND.MANF.ZS,2023,7.1599881566647
MLI,マリ,NV.IND.MANF.ZS,2024,7.31689987854967
MOZ,モザンビーク,NV.IND.MANF.ZS,2000,13.9854442293981
MOZ,モザンビーク,NV.IND.MANF.ZS,2001,15.9319911383504
MOZ,モザンビーク,NV.IND.MANF.ZS,2002,12.7735630464788
MOZ,モザンビーク,NV.IND.MANF.ZS,2003,14.4625821515101
MOZ,モザンビーク,NV.IND.MANF.ZS,2004,15.1440170379742
MOZ,モザンビーク,NV.IND.MANF.ZS,2005,13.6989605665189
MOZ,モザンビーク,NV.IND.MANF.ZS,2006,14.4925558982687
MOZ,モザンビーク,NV.IND.MANF.ZS,2007,14.1078689442492
MOZ,モザンビーク,NV.IND.MANF.ZS,2008,11.9483347125902
MOZ,モザンビーク,NV.IND.MANF.ZS,2009,10.6264937113478
MOZ,モザンビーク,NV.IND.MANF.ZS,2010,10.0398442546042
MOZ,モザンビーク,NV.IND.MANF.ZS,2011,9.54977522476
MOZ,モザンビーク,NV.IND.MANF.ZS,2012,8.62619404009544
MOZ,モザンビーク,NV.IND.MANF.ZS,2013,8.32603551504896
MOZ,モザンビーク,NV.IND.MANF.ZS,2014,8.22056509258821
MOZ,モザンビーク,NV.IND.MANF.ZS,2015,8.30864034953938
MOZ,モザンビーク,NV.IND.MANF.ZS,2016,8.1178325868925
MOZ,モザンビーク,NV.IND.MANF.ZS,2017,7.81988703506551
MOZ,モザンビーク,NV.IND.MANF.ZS,2018,8.61313111852956
MOZ,モザンビーク,NV.IND.MANF.ZS,2019,8.72772955303203
MOZ,モザンビーク,NV.IND.MANF.ZS,2020,8.33878131161498
MOZ,モザンビーク,NV.IND.MANF.ZS,2021,8.06496004743725
MOZ,モザンビーク,NV.IND.MANF.ZS,2022,8.13801372931829
MOZ,モザンビーク,NV.IND.MANF.ZS,2023,7.11530845519637
MOZ,モザンビーク,NV.IND.MANF.ZS,2024,6.44238780425953
MRT,モーリタニア,NV.IND.MANF.ZS,2000,9.87460079879379
MRT,モーリタニア,NV.IND.MANF.ZS,2001,10.1414070985278
MRT,モーリタニア,NV.IND.MANF.ZS,2002,11.7437803005771
MRT,モーリタニア,NV.IND.MANF.ZS,2003,10.7189754366692
MRT,モーリタニア,NV.IND.MANF.ZS,2004,10.7572252544121
MRT,モーリタニア,NV.IND.MANF.ZS,2005,9.64026850620405
MRT,モーリタニア,NV.IND.MANF.ZS,2006,8.48146691673681
MRT,モーリタニア,NV.IND.MANF.ZS,2007,7.31429758700937
MRT,モーリタニア,NV.IND.MANF.ZS,2008,5.52653936778465
MRT,モーリタニア,NV.IND.MANF.ZS,2009,8.43513370910217
MRT,モーリタニア,NV.IND.MANF.ZS,2010,6.70568704975108
MRT,モーリタニア,NV.IND.MANF.ZS,2011,5.7428286811951
MRT,モーリタニア,NV.IND.MANF.ZS,2012,6.52113211769316
MRT,モーリタニア,NV.IND.MANF.ZS,2013,6.40698414824321
MRT,モーリタニア,NV.IND.MANF.ZS,2014,7.41409391870427
MRT,モーリタニア,NV.IND.MANF.ZS,2015,7.43834550490809
MRT,モーリタニア,NV.IND.MANF.ZS,2016,6.11114757762785
MRT,モーリタニア,NV.IND.MANF.ZS,2017,6.41366370468545
MRT,モーリタニア,NV.IND.MANF.ZS,2018,6.33751578922103
MRT,モーリタニア,NV.IND.MANF.ZS,2019,7.09653030823484
MRT,モーリタニア,NV.IND.MANF.ZS,2020,6.68554622970244
MRT,モーリタニア,NV.IND.MANF.ZS,2021,6.08850874065005
MRT,モーリタニア,NV.IND.MANF.ZS,2022,6.6252529930727
MRT,モーリタニア,NV.IND.MANF.ZS,2023,6.5042739977732
MRT,モーリタニア,NV.IND.MANF.ZS,2024,5.01102049175112
MUS,モーリシャス,NV.IND.MANF.ZS,2000,19.4835145458236
MUS,モーリシャス,NV.IND.MANF.ZS,2001,19.7749229983482
MUS,モーリシャス,NV.IND.MANF.ZS,2002,18.8113140001412
MUS,モーリシャス,NV.IND.MANF.ZS,2003,17.7901357090201
MUS,モーリシャス,NV.IND.MANF.ZS,2004,17.303584828909
MUS,モーリシャス,NV.IND.MANF.ZS,2005,16.667948872433
MUS,モーリシャス,NV.IND.MANF.ZS,2006,15.5830384008696
MUS,モーリシャス,NV.IND.MANF.ZS,2007,15.2288983711294
MUS,モーリシャス,NV.IND.MANF.ZS,2008,15.1029105055125
MUS,モーリシャス,NV.IND.MANF.ZS,2009,14.690753856078
MUS,モーリシャス,NV.IND.MANF.ZS,2010,13.9673838212738
MUS,モーリシャス,NV.IND.MANF.ZS,2011,13.6769882465247
MUS,モーリシャス,NV.IND.MANF.ZS,2012,13.4590126588687
MUS,モーリシャス,NV.IND.MANF.ZS,2013,13.565364536265
MUS,モーリシャス,NV.IND.MANF.ZS,2014,13.3643021284053
MUS,モーリシャス,NV.IND.MANF.ZS,2015,12.8429263990881
MUS,モーリシャス,NV.IND.MANF.ZS,2016,12.2243247057993
MUS,モーリシャス,NV.IND.MANF.ZS,2017,11.6831460017613
MUS,モーリシャス,NV.IND.MANF.ZS,2018,11.1569718760774
MUS,モーリシャス,NV.IND.MANF.ZS,2019,10.3699968047305
MUS,モーリシャス,NV.IND.MANF.ZS,2020,10.6686355036685
MUS,モーリシャス,NV.IND.MANF.ZS,2021,11.5598454642265
MUS,モーリシャス,NV.IND.MANF.ZS,2022,11.8013954595079
MUS,モーリシャス,NV.IND.MANF.ZS,2023,11.5004474027095
MUS,モーリシャス,NV.IND.MANF.ZS,2024,11.0866884451464
MWI,マラウイ,NV.IND.MANF.ZS,2000,
MWI,マラウイ,NV.IND.MANF.ZS,2001,
MWI,マラウイ,NV.IND.MANF.ZS,2002,
MWI,マラウイ,NV.IND.MANF.ZS,2003,
MWI,マラウイ,NV.IND.MANF.ZS,2004,
MWI,マラウイ,NV.IND.MANF.ZS,2005,
MWI,マラウイ,NV.IND.MANF.ZS,2006,
MWI,マラウイ,NV.IND.MANF.ZS,2007,
MWI,マラウイ,NV.IND.MANF.ZS,2008,
MWI,マラウイ,NV.IND.MANF.ZS,2009,
MWI,マラウイ,NV.IND.MANF.ZS,2010,
MWI,マラウイ,NV.IND.MANF.ZS,2011,
MWI,マラウイ,NV.IND.MANF.ZS,2012,
MWI,マラウイ,NV.IND.MANF.ZS,2013,
MWI,マラウイ,NV.IND.MANF.ZS,2014,
MWI,マラウイ,NV.IND.MANF.ZS,2015,
MWI,マラウイ,NV.IND.MANF.ZS,2016,
MWI,マラウイ,NV.IND.MANF.ZS,2017,11.2970614757279
MWI,マラウイ,NV.IND.MANF.ZS,2018,11.4196722780594
MWI,マラウイ,NV.IND.MANF.ZS,2019,11.5294189563407
MWI,マラウイ,NV.IND.MANF.ZS,2020,12.0584896143033
MWI,マラウイ,NV.IND.MANF.ZS,2021,11.8858408111006
MWI,マラウイ,NV.IND.MANF.ZS,2022,10.7499433718723
MWI,マラウイ,NV.IND.MANF.ZS,2023,12.8020310699741
MWI,マラウイ,NV.IND.MANF.ZS,2024,10.9707650162053
NAM,ナミビア,NV.IND.MANF.ZS,2000,9.73959016013473
NAM,ナミビア,NV.IND.MANF.ZS,2001,9.62278059308071
NAM,ナミビア,NV.IND.MANF.ZS,2002,9.42146187028967
NAM,ナミビア,NV.IND.MANF.ZS,2003,11.3943880429537
NAM,ナミビア,NV.IND.MANF.ZS,2004,10.5919607788378
NAM,ナミビア,NV.IND.MANF.ZS,2005,10.488028634917
NAM,ナミビア,NV.IND.MANF.ZS,2006,12.5930620079147
NAM,ナミビア,NV.IND.MANF.ZS,2007,13.4726917149161
NAM,ナミビア,NV.IND.MANF.ZS,2008,11.2725489700267
NAM,ナミビア,NV.IND.MANF.ZS,2009,12.8648225649603
NAM,ナミビア,NV.IND.MANF.ZS,2010,12.2993867891641
NAM,ナミビア,NV.IND.MANF.ZS,2011,13.457262374441
NAM,ナミビア,NV.IND.MANF.ZS,2012,12.1900058944767
NAM,ナミビア,NV.IND.MANF.ZS,2013,10.3182587782274
NAM,ナミビア,NV.IND.MANF.ZS,2014,9.90856529052312
NAM,ナミビア,NV.IND.MANF.ZS,2015,11.4171848223968
NAM,ナミビア,NV.IND.MANF.ZS,2016,11.6787885338894
NAM,ナミビア,NV.IND.MANF.ZS,2017,12.2200432439665
NAM,ナミビア,NV.IND.MANF.ZS,2018,12.2988345926351
NAM,ナミビア,NV.IND.MANF.ZS,2019,12.4623985360334
NAM,ナミビア,NV.IND.MANF.ZS,2020,11.0196431958005
NAM,ナミビア,NV.IND.MANF.ZS,2021,10.7769295016123
NAM,ナミビア,NV.IND.MANF.ZS,2022,11.1588551402011
NAM,ナミビア,NV.IND.MANF.ZS,2023,11.0004116837326
NAM,ナミビア,NV.IND.MANF.ZS,2024,10.289538159484
NER,ニジェール,NV.IND.MANF.ZS,2000,9.24669139274837
NER,ニジェール,NV.IND.MANF.ZS,2001,8.86970509631528
NER,ニジェール,NV.IND.MANF.ZS,2002,8.77459766202221
NER,ニジェール,NV.IND.MANF.ZS,2003,9.11498220982298
NER,ニジェール,NV.IND.MANF.ZS,2004,9.39101059744582
NER,ニジェール,NV.IND.MANF.ZS,2005,8.41473702588333
NER,ニジェール,NV.IND.MANF.ZS,2006,8.12440913215915
NER,ニジェール,NV.IND.MANF.ZS,2007,7.68246033765395
NER,ニジェール,NV.IND.MANF.ZS,2008,7.11226370543793
NER,ニジェール,NV.IND.MANF.ZS,2009,7.42479262703465
NER,ニジェール,NV.IND.MANF.ZS,2010,6.9172054649943
NER,ニジェール,NV.IND.MANF.ZS,2011,6.68117680609331
NER,ニジェール,NV.IND.MANF.ZS,2012,7.51657609334777
NER,ニジェール,NV.IND.MANF.ZS,2013,8.014047553372
NER,ニジェール,NV.IND.MANF.ZS,2014,8.48320463944569
NER,ニジェール,NV.IND.MANF.ZS,2015,7.62575595401117
NER,ニジェール,NV.IND.MANF.ZS,2016,8.08395708603598
NER,ニジェール,NV.IND.MANF.ZS,2017,8.25380996272984
NER,ニジェール,NV.IND.MANF.ZS,2018,8.10479958493543
NER,ニジェール,NV.IND.MANF.ZS,2019,8.4320382937839
NER,ニジェール,NV.IND.MANF.ZS,2020,7.89452211611081
NER,ニジェール,NV.IND.MANF.ZS,2021,7.6362299622084
NER,ニジェール,NV.IND.MANF.ZS,2022,6.92081274422267
NER,ニジェール,NV.IND.MANF.ZS,2023,7.27706793409145
NER,ニジェール,NV.IND.MANF.ZS,2024,6.98726571949007
NGA,ナイジェリア,NV.IND.MANF.ZS,2000,13.93340041394
NGA,ナイジェリア,NV.IND.MANF.ZS,2001,13.9253596044022
NGA,ナイジェリア,NV.IND.MANF.ZS,2002,11.8118130815755
NGA,ナイジェリア,NV.IND.MANF.ZS,2003,12.0606068369615
NGA,ナイジェリア,NV.IND.MANF.ZS,2004,10.8615699226756
NGA,ナイジェリア,NV.IND.MANF.ZS,2005,10.0610833215667
NGA,ナイジェリア,NV.IND.MANF.ZS,2006,8.85287260810424
NGA,ナイジェリア,NV.IND.MANF.ZS,2007,8.40137965701994
NGA,ナイジェリア,NV.IND.MANF.ZS,2008,8.16891297221069
NGA,ナイジェリア,NV.IND.MANF.ZS,2009,7.83841193667148
NGA,ナイジェリア,NV.IND.MANF.ZS,2010,6.55281697605782
NGA,ナイジェリア,NV.IND.MANF.ZS,2011,7.17108429622259
NGA,ナイジェリア,NV.IND.MANF.ZS,2012,7.72454667174331
NGA,ナイジェリア,NV.IND.MANF.ZS,2013,8.92892932163337
NGA,ナイジェリア,NV.IND.MANF.ZS,2014,9.63581160269249
NGA,ナイジェリア,NV.IND.MANF.ZS,2015,9.42843732193195
NGA,ナイジェリア,NV.IND.MANF.ZS,2016,8.67969778226601
NGA,ナイジェリア,NV.IND.MANF.ZS,2017,8.74199349233524
NGA,ナイジェリア,NV.IND.MANF.ZS,2018,9.64894748123428
NGA,ナイジェリア,NV.IND.MANF.ZS,2019,9.10054556616305
NGA,ナイジェリア,NV.IND.MANF.ZS,2020,8.08452488335187
NGA,ナイジェリア,NV.IND.MANF.ZS,2021,8.81727551851363
NGA,ナイジェリア,NV.IND.MANF.ZS,2022,9.13653170096745
NGA,ナイジェリア,NV.IND.MANF.ZS,2023,9.27310124869983
NGA,ナイジェリア,NV.IND.MANF.ZS,2024,8.65727818023026
RWA,ルワンダ,NV.IND.MANF.ZS,2000,9.63672597137736
RWA,ルワンダ,NV.IND.MANF.ZS,2001,9.07112442912915
RWA,ルワンダ,NV.IND.MANF.ZS,2002,9.76910210581291
RWA,ルワンダ,NV.IND.MANF.ZS,2003,8.89860393782707
RWA,ルワンダ,NV.IND.MANF.ZS,2004,8.85306276240368
RWA,ルワンダ,NV.IND.MANF.ZS,2005,8.71904488918662
RWA,ルワンダ,NV.IND.MANF.ZS,2006,9.12448670069663
RWA,ルワンダ,NV.IND.MANF.ZS,2007,8.24663673521038
RWA,ルワンダ,NV.IND.MANF.ZS,2008,8.03200329962091
RWA,ルワンダ,NV.IND.MANF.ZS,2009,8.0845491368897
RWA,ルワンダ,NV.IND.MANF.ZS,2010,8.35730570559983
RWA,ルワンダ,NV.IND.MANF.ZS,2011,8.47147925157509
RWA,ルワンダ,NV.IND.MANF.ZS,2012,8.39219860144914
RWA,ルワンダ,NV.IND.MANF.ZS,2013,6.91956424679743
RWA,ルワンダ,NV.IND.MANF.ZS,2014,6.90861755922836
RWA,ルワンダ,NV.IND.MANF.ZS,2015,6.9117718224902
RWA,ルワンダ,NV.IND.MANF.ZS,2016,6.78206077593307
RWA,ルワンダ,NV.IND.MANF.ZS,2017,7.75200634084875
RWA,ルワンダ,NV.IND.MANF.ZS,2018,7.56329641002415
RWA,ルワンダ,NV.IND.MANF.ZS,2019,8.11348479192272
RWA,ルワンダ,NV.IND.MANF.ZS,2020,8.38267576356643
RWA,ルワンダ,NV.IND.MANF.ZS,2021,8.93722335173867
RWA,ルワンダ,NV.IND.MANF.ZS,2022,9.19458568443561
RWA,ルワンダ,NV.IND.MANF.ZS,2023,8.57287430645499
RWA,ルワンダ,NV.IND.MANF.ZS,2024,8.12432309976712
SDN,スーダン,NV.IND.MANF.ZS,2000,8.30158158924497
SDN,スーダン,NV.IND.MANF.ZS,2001,6.44579943046677
SDN,スーダン,NV.IND.MANF.ZS,2002,6.41767751984662
SDN,スーダン,NV.IND.MANF.ZS,2003,5.91752966208072
SDN,スーダン,NV.IND.MANF.ZS,2004,5.55673419562193
SDN,スーダン,NV.IND.MANF.ZS,2005,5.05750519440466
SDN,スーダン,NV.IND.MANF.ZS,2006,4.52774136461153
SDN,スーダン,NV.IND.MANF.ZS,2007,4.49630585613712
SDN,スーダン,NV.IND.MANF.ZS,2008,4.50574781979841
SDN,スーダン,NV.IND.MANF.ZS,2009,5.13451130938813
SDN,スーダン,NV.IND.MANF.ZS,2010,
SDN,スーダン,NV.IND.MANF.ZS,2011,
SDN,スーダン,NV.IND.MANF.ZS,2012,
SDN,スーダン,NV.IND.MANF.ZS,2013,
SDN,スーダン,NV.IND.MANF.ZS,2014,
SDN,スーダン,NV.IND.MANF.ZS,2015,
SDN,スーダン,NV.IND.MANF.ZS,2016,
SDN,スーダン,NV.IND.MANF.ZS,2017,
SDN,スーダン,NV.IND.MANF.ZS,2018,
SDN,スーダン,NV.IND.MANF.ZS,2019,
SDN,スーダン,NV.IND.MANF.ZS,2020,
SDN,スーダン,NV.IND.MANF.ZS,2021,
SDN,スーダン,NV.IND.MANF.ZS,2022,
SDN,スーダン,NV.IND.MANF.ZS,2023,
SDN,スーダン,NV.IND.MANF.ZS,2024,
SEN,セネガル,NV.IND.MANF.ZS,2000,20.83892501498
SEN,セネガル,NV.IND.MANF.ZS,2001,20.9839620681588
SEN,セネガル,NV.IND.MANF.ZS,2002,21.586895139585
SEN,セネガル,NV.IND.MANF.ZS,2003,20.5758896261028
SEN,セネガル,NV.IND.MANF.ZS,2004,20.9593657923194
SEN,セネガル,NV.IND.MANF.ZS,2005,19.9057752906815
SEN,セネガル,NV.IND.MANF.ZS,2006,19.245473801956
SEN,セネガル,NV.IND.MANF.ZS,2007,18.6161273761302
SEN,セネガル,NV.IND.MANF.ZS,2008,17.5393313172084
SEN,セネガル,NV.IND.MANF.ZS,2009,15.7656823110789
SEN,セネガル,NV.IND.MANF.ZS,2010,15.5728888059142
SEN,セネガル,NV.IND.MANF.ZS,2011,17.2457486401925
SEN,セネガル,NV.IND.MANF.ZS,2012,16.9951058363143
SEN,セネガル,NV.IND.MANF.ZS,2013,17.3800241394178
SEN,セネガル,NV.IND.MANF.ZS,2014,16.9974155601834
SEN,セネガル,NV.IND.MANF.ZS,2015,17.0430550070656
SEN,セネガル,NV.IND.MANF.ZS,2016,16.4126562605797
SEN,セネガル,NV.IND.MANF.ZS,2017,15.8290512161897
SEN,セネガル,NV.IND.MANF.ZS,2018,15.5256232627653
SEN,セネガル,NV.IND.MANF.ZS,2019,14.8921153803941
SEN,セネガル,NV.IND.MANF.ZS,2020,14.6422445114601
SEN,セネガル,NV.IND.MANF.ZS,2021,15.0896077803993
SEN,セネガル,NV.IND.MANF.ZS,2022,15.5609051361032
SEN,セネガル,NV.IND.MANF.ZS,2023,14.5435051681933
SEN,セネガル,NV.IND.MANF.ZS,2024,14.2223141039377
SLE,シエラレオネ,NV.IND.MANF.ZS,2000,3.34575648419318
SLE,シエラレオネ,NV.IND.MANF.ZS,2001,3.59876695457669
SLE,シエラレオネ,NV.IND.MANF.ZS,2002,3.2698116036867
SLE,シエラレオネ,NV.IND.MANF.ZS,2003,2.79139289745854
SLE,シエラレオネ,NV.IND.MANF.ZS,2004,2.63011431961094
SLE,シエラレオネ,NV.IND.MANF.ZS,2005,2.52464751916334
SLE,シエラレオネ,NV.IND.MANF.ZS,2006,7.92877363886895
SLE,シエラレオネ,NV.IND.MANF.ZS,2007,7.68677209561571
SLE,シエラレオネ,NV.IND.MANF.ZS,2008,7.69056779302369
SLE,シエラレオネ,NV.IND.MANF.ZS,2009,6.91782684994826
SLE,シエラレオネ,NV.IND.MANF.ZS,2010,6.89630319664452
SLE,シエラレオネ,NV.IND.MANF.ZS,2011,7.14561732770987
SLE,シエラレオネ,NV.IND.MANF.ZS,2012,6.54113502844438
SLE,シエラレオネ,NV.IND.MANF.ZS,2013,5.63693625962841
SLE,シエラレオネ,NV.IND.MANF.ZS,2014,5.23858699050427
SLE,シエラレオネ,NV.IND.MANF.ZS,2015,5.69338045126701
SLE,シエラレオネ,NV.IND.MANF.ZS,2016,6.41412567952553
SLE,シエラレオネ,NV.IND.MANF.ZS,2017,6.68856342167286
SLE,シエラレオネ,NV.IND.MANF.ZS,2018,7.0274983448093
SLE,シエラレオネ,NV.IND.MANF.ZS,2019,6.99748360957935
SLE,シエラレオネ,NV.IND.MANF.ZS,2020,7.03123684678619
SLE,シエラレオネ,NV.IND.MANF.ZS,2021,7.3553279341256
SLE,シエラレオネ,NV.IND.MANF.ZS,2022,7.00369132025097
SLE,シエラレオネ,NV.IND.MANF.ZS,2023,7.66535537404543
SLE,シエラレオネ,NV.IND.MANF.ZS,2024,6.95777965373964
SOM,ソマリア,NV.IND.MANF.ZS,2000,
SOM,ソマリア,NV.IND.MANF.ZS,2001,
SOM,ソマリア,NV.IND.MANF.ZS,2002,
SOM,ソマリア,NV.IND.MANF.ZS,2003,
SOM,ソマリア,NV.IND.MANF.ZS,2004,
SOM,ソマリア,NV.IND.MANF.ZS,2005,
SOM,ソマリア,NV.IND.MANF.ZS,2006,
SOM,ソマリア,NV.IND.MANF.ZS,2007,
SOM,ソマリア,NV.IND.MANF.ZS,2008,
SOM,ソマリア,NV.IND.MANF.ZS,2009,
SOM,ソマリア,NV.IND.MANF.ZS,2010,
SOM,ソマリア,NV.IND.MANF.ZS,2011,
SOM,ソマリア,NV.IND.MANF.ZS,2012,
SOM,ソマリア,NV.IND.MANF.ZS,2013,
SOM,ソマリア,NV.IND.MANF.ZS,2014,
SOM,ソマリア,NV.IND.MANF.ZS,2015,
SOM,ソマリア,NV.IND.MANF.ZS,2016,
SOM,ソマリア,NV.IND.MANF.ZS,2017,
SOM,ソマリア,NV.IND.MANF.ZS,2018,
SOM,ソマリア,NV.IND.MANF.ZS,2019,
SOM,ソマリア,NV.IND.MANF.ZS,2020,
SOM,ソマリア,NV.IND.MANF.ZS,2021,
SOM,ソマリア,NV.IND.MANF.ZS,2022,
SOM,ソマリア,NV.IND.MANF.ZS,2023,
SOM,ソマリア,NV.IND.MANF.ZS,2024,
SSD,南スーダン,NV.IND.MANF.ZS,2000,
SSD,南スーダン,NV.IND.MANF.ZS,2001,
SSD,南スーダン,NV.IND.MANF.ZS,2002,
SSD,南スーダン,NV.IND.MANF.ZS,2003,
SSD,南スーダン,NV.IND.MANF.ZS,2004,
SSD,南スーダン,NV.IND.MANF.ZS,2005,
SSD,南スーダン,NV.IND.MANF.ZS,2006,
SSD,南スーダン,NV.IND.MANF.ZS,2007,
SSD,南スーダン,NV.IND.MANF.ZS,2008,1.83867341920301
SSD,南スーダン,NV.IND.MANF.ZS,2009,2.61002080478144
SSD,南スーダン,NV.IND.MANF.ZS,2010,2.33112377386204
SSD,南スーダン,NV.IND.MANF.ZS,2011,2.06310989233561
SSD,南スーダン,NV.IND.MANF.ZS,2012,2.71597155176802
SSD,南スーダン,NV.IND.MANF.ZS,2013,4.01725107910169
SSD,南スーダン,NV.IND.MANF.ZS,2014,2.67583561781046
SSD,南スーダン,NV.IND.MANF.ZS,2015,3.53427701123526
SSD,南スーダン,NV.IND.MANF.ZS,2016,
SSD,南スーダン,NV.IND.MANF.ZS,2017,
SSD,南スーダン,NV.IND.MANF.ZS,2018,
SSD,南スーダン,NV.IND.MANF.ZS,2019,
SSD,南スーダン,NV.IND.MANF.ZS,2020,
SSD,南スーダン,NV.IND.MANF.ZS,2021,
SSD,南スーダン,NV.IND.MANF.ZS,2022,
SSD,南スーダン,NV.IND.MANF.ZS,2023,
SSD,南スーダン,NV.IND.MANF.ZS,2024,
STP,サントメ・プリンシペ,NV.IND.MANF.ZS,2000,
STP,サントメ・プリンシペ,NV.IND.MANF.ZS,2001,
STP,サントメ・プリンシペ,NV.IND.MANF.ZS,2002,
STP,サントメ・プリンシペ,NV.IND.MANF.ZS,2003,
STP,サントメ・プリンシペ,NV.IND.MANF.ZS,2004,
STP,サントメ・プリンシペ,NV.IND.MANF.ZS,2005,
STP,サントメ・プリンシペ,NV.IND.MANF.ZS,2006,
STP,サントメ・プリンシペ,NV.IND.MANF.ZS,2007,
STP,サントメ・プリンシペ,NV.IND.MANF.ZS,2008,6.588541694942
STP,サントメ・プリンシペ,NV.IND.MANF.ZS,2009,6.55854799543504
STP,サントメ・プリンシペ,NV.IND.MANF.ZS,2010,4.677117878574
STP,サントメ・プリンシペ,NV.IND.MANF.ZS,2011,2.81079312324834
STP,サントメ・プリンシペ,NV.IND.MANF.ZS,2012,2.73910329053107
STP,サントメ・プリンシペ,NV.IND.MANF.ZS,2013,3.02979207945376
STP,サントメ・プリンシペ,NV.IND.MANF.ZS,2014,2.52655211733207
STP,サントメ・プリンシペ,NV.IND.MANF.ZS,2015,2.74449627561178
STP,サントメ・プリンシペ,NV.IND.MANF.ZS,2016,2.31862386843945
STP,サントメ・プリンシペ,NV.IND.MANF.ZS,2017,2.19251364104976
STP,サントメ・プリンシペ,NV.IND.MANF.ZS,2018,2.20859008888061
STP,サントメ・プリンシペ,NV.IND.MANF.ZS,2019,2.09781377976579
STP,サントメ・プリンシペ,NV.IND.MANF.ZS,2020,0.855948991907762
STP,サントメ・プリンシペ,NV.IND.MANF.ZS,2021,0.833839104393614
STP,サントメ・プリンシペ,NV.IND.MANF.ZS,2022,0.734058326876875
STP,サントメ・プリンシペ,NV.IND.MANF.ZS,2023,0.605602080954194
STP,サントメ・プリンシペ,NV.IND.MANF.ZS,2024,0.637185275766883
SWZ,エスワティニ,NV.IND.MANF.ZS,2000,33.9732411316741
SWZ,エスワティニ,NV.IND.MANF.ZS,2001,34.4507712541022
SWZ,エスワティニ,NV.IND.MANF.ZS,2002,33.9178216589787
SWZ,エスワティニ,NV.IND.MANF.ZS,2003,33.0628374388087
SWZ,エスワティニ,NV.IND.MANF.ZS,2004,33.9795236589938
SWZ,エスワティニ,NV.IND.MANF.ZS,2005,34.4057188252992
SWZ,エスワティニ,NV.IND.MANF.ZS,2006,34.58525262124
SWZ,エスワティニ,NV.IND.MANF.ZS,2007,35.2929491387981
SWZ,エスワティニ,NV.IND.MANF.ZS,2008,34.5003486072007
SWZ,エスワティニ,NV.IND.MANF.ZS,2009,34.6156046346502
SWZ,エスワティニ,NV.IND.MANF.ZS,2010,32.4350420511082
SWZ,エスワティニ,NV.IND.MANF.ZS,2011,31.6838085870718
SWZ,エスワティニ,NV.IND.MANF.ZS,2012,31.2739621292408
SWZ,エスワティニ,NV.IND.MANF.ZS,2013,29.9101627041266
SWZ,エスワティニ,NV.IND.MANF.ZS,2014,30.4155023058964
SWZ,エスワティニ,NV.IND.MANF.ZS,2015,31.7176270961474
SWZ,エスワティニ,NV.IND.MANF.ZS,2016,31.0882206536821
SWZ,エスワティニ,NV.IND.MANF.ZS,2017,28.6458021897982
SWZ,エスワティニ,NV.IND.MANF.ZS,2018,28.1918368502844
SWZ,エスワティニ,NV.IND.MANF.ZS,2019,29.3474849519253
SWZ,エスワティニ,NV.IND.MANF.ZS,2020,26.4362438490836
SWZ,エスワティニ,NV.IND.MANF.ZS,2021,28.2906811722309
SWZ,エスワティニ,NV.IND.MANF.ZS,2022,29.6218331591913
SWZ,エスワティニ,NV.IND.MANF.ZS,2023,29.1853167673391
SWZ,エスワティニ,NV.IND.MANF.ZS,2024,29.1215996440591
SYC,セーシェル,NV.IND.MANF.ZS,2000,18.0548686629357
SYC,セーシェル,NV.IND.MANF.ZS,2001,16.8846935817484
SYC,セーシェル,NV.IND.MANF.ZS,2002,17.1628509157561
SYC,セーシェル,NV.IND.MANF.ZS,2003,15.3682508607527
SYC,セーシェル,NV.IND.MANF.ZS,2004,7.19738498131513
SYC,セーシェル,NV.IND.MANF.ZS,2005,8.21759762381949
SYC,セーシェル,NV.IND.MANF.ZS,2006,8.42422567976521
SYC,セーシェル,NV.IND.MANF.ZS,2007,9.18497582320039
SYC,セーシェル,NV.IND.MANF.ZS,2008,9.17619747377096
SYC,セーシェル,NV.IND.MANF.ZS,2009,7.79191190185066
SYC,セーシェル,NV.IND.MANF.ZS,2010,7.93649629227722
SYC,セーシェル,NV.IND.MANF.ZS,2011,7.35524983230244
SYC,セーシェル,NV.IND.MANF.ZS,2012,8.19556132878971
SYC,セーシェル,NV.IND.MANF.ZS,2013,7.23589892008202
SYC,セーシェル,NV.IND.MANF.ZS,2014,7.26865319905086
SYC,セーシェル,NV.IND.MANF.ZS,2015,5.85840609143849
SYC,セーシェル,NV.IND.MANF.ZS,2016,6.16692105113208
SYC,セーシェル,NV.IND.MANF.ZS,2017,5.68102116851509
SYC,セーシェル,NV.IND.MANF.ZS,2018,5.76475360984903
SYC,セーシェル,NV.IND.MANF.ZS,2019,5.02282787419409
SYC,セーシェル,NV.IND.MANF.ZS,2020,6.67522557671927
SYC,セーシェル,NV.IND.MANF.ZS,2021,6.56579304941984
SYC,セーシェル,NV.IND.MANF.ZS,2022,5.64135545123318
SYC,セーシェル,NV.IND.MANF.ZS,2023,4.79337800992083
SYC,セーシェル,NV.IND.MANF.ZS,2024,5.05727278342238
TCD,チャド,NV.IND.MANF.ZS,2000,8.58808890264911
TCD,チャド,NV.IND.MANF.ZS,2001,9.21145414740298
TCD,チャド,NV.IND.MANF.ZS,2002,9.06218890801013
TCD,チャド,NV.IND.MANF.ZS,2003,7.67136255389169
TCD,チャド,NV.IND.MANF.ZS,2004,5.02070881603883
TCD,チャド,NV.IND.MANF.ZS,2005,2.61771119196044
TCD,チャド,NV.IND.MANF.ZS,2006,3.44102855686309
TCD,チャド,NV.IND.MANF.ZS,2007,3.59386030859367
TCD,チャド,NV.IND.MANF.ZS,2008,3.99393823572794
TCD,チャド,NV.IND.MANF.ZS,2009,4.24677823575839
TCD,チャド,NV.IND.MANF.ZS,2010,4.95687520033187
TCD,チャド,NV.IND.MANF.ZS,2011,5.06180490476507
TCD,チャド,NV.IND.MANF.ZS,2012,6.99150747782119
TCD,チャド,NV.IND.MANF.ZS,2013,5.97295728900177
TCD,チャド,NV.IND.MANF.ZS,2014,5.80454204831159
TCD,チャド,NV.IND.MANF.ZS,2015,6.90651696275599
TCD,チャド,NV.IND.MANF.ZS,2016,8.95389084216371
TCD,チャド,NV.IND.MANF.ZS,2017,10.1271530345387
TCD,チャド,NV.IND.MANF.ZS,2018,8.93335720178995
TCD,チャド,NV.IND.MANF.ZS,2019,9.07793576934831
TCD,チャド,NV.IND.MANF.ZS,2020,8.50520996276163
TCD,チャド,NV.IND.MANF.ZS,2021,8.28077619009905
TCD,チャド,NV.IND.MANF.ZS,2022,7.45447343491262
TCD,チャド,NV.IND.MANF.ZS,2023,6.41488844615466
TCD,チャド,NV.IND.MANF.ZS,2024,6.30970731722674
TGO,トーゴ,NV.IND.MANF.ZS,2000,
TGO,トーゴ,NV.IND.MANF.ZS,2001,
TGO,トーゴ,NV.IND.MANF.ZS,2002,
TGO,トーゴ,NV.IND.MANF.ZS,2003,
TGO,トーゴ,NV.IND.MANF.ZS,2004,
TGO,トーゴ,NV.IND.MANF.ZS,2005,
TGO,トーゴ,NV.IND.MANF.ZS,2006,
TGO,トーゴ,NV.IND.MANF.ZS,2007,19.0928210841583
TGO,トーゴ,NV.IND.MANF.ZS,2008,16.1759132215501
TGO,トーゴ,NV.IND.MANF.ZS,2009,15.1024937034854
TGO,トーゴ,NV.IND.MANF.ZS,2010,14.5912364779847
TGO,トーゴ,NV.IND.MANF.ZS,2011,14.2284890680882
TGO,トーゴ,NV.IND.MANF.ZS,2012,11.9533213358718
TGO,トーゴ,NV.IND.MANF.ZS,2013,14.5441187843168
TGO,トーゴ,NV.IND.MANF.ZS,2014,16.176499471291
TGO,トーゴ,NV.IND.MANF.ZS,2015,14.8812969958509
TGO,トーゴ,NV.IND.MANF.ZS,2016,13.3433190431507
TGO,トーゴ,NV.IND.MANF.ZS,2017,13.0097567985773
TGO,トーゴ,NV.IND.MANF.ZS,2018,13.2526439079663
TGO,トーゴ,NV.IND.MANF.ZS,2019,12.6329857987397
TGO,トーゴ,NV.IND.MANF.ZS,2020,13.7268253399105
TGO,トーゴ,NV.IND.MANF.ZS,2021,12.513699123235
TGO,トーゴ,NV.IND.MANF.ZS,2022,11.6124998586211
TGO,トーゴ,NV.IND.MANF.ZS,2023,11.8370561525706
TGO,トーゴ,NV.IND.MANF.ZS,2024,11.4183866369158
TUN,チュニジア,NV.IND.MANF.ZS,2000,16.3100423328599
TUN,チュニジア,NV.IND.MANF.ZS,2001,16.550538013759
TUN,チュニジア,NV.IND.MANF.ZS,2002,16.5486365238958
TUN,チュニジア,NV.IND.MANF.ZS,2003,16.0796874469938
TUN,チュニジア,NV.IND.MANF.ZS,2004,15.7768708884226
TUN,チュニジア,NV.IND.MANF.ZS,2005,15.6523608225263
TUN,チュニジア,NV.IND.MANF.ZS,2006,16.1547506130317
TUN,チュニジア,NV.IND.MANF.ZS,2007,16.8400364989121
TUN,チュニジア,NV.IND.MANF.ZS,2008,18.1386277617362
TUN,チュニジア,NV.IND.MANF.ZS,2009,16.9369022380073
TUN,チュニジア,NV.IND.MANF.ZS,2010,15.7239104074122
TUN,チュニジア,NV.IND.MANF.ZS,2011,15.9695160833215
TUN,チュニジア,NV.IND.MANF.ZS,2012,15.4349464715618
TUN,チュニジア,NV.IND.MANF.ZS,2013,15.008243022509
TUN,チュニジア,NV.IND.MANF.ZS,2014,14.5464536962829
TUN,チュニジア,NV.IND.MANF.ZS,2015,14.0105698969513
TUN,チュニジア,NV.IND.MANF.ZS,2016,13.8091385069721
TUN,チュニジア,NV.IND.MANF.ZS,2017,14.2010459605045
TUN,チュニジア,NV.IND.MANF.ZS,2018,14.5169070367437
TUN,チュニジア,NV.IND.MANF.ZS,2019,14.3189397678933
TUN,チュニジア,NV.IND.MANF.ZS,2020,13.6939016134445
TUN,チュニジア,NV.IND.MANF.ZS,2021,14.4468111955945
TUN,チュニジア,NV.IND.MANF.ZS,2022,15.6275077181244
TUN,チュニジア,NV.IND.MANF.ZS,2023,15.1735279542762
TUN,チュニジア,NV.IND.MANF.ZS,2024,14.7948868494485
TZA,タンザニア,NV.IND.MANF.ZS,2000,9.86151299438944
TZA,タンザニア,NV.IND.MANF.ZS,2001,9.46889199709689
TZA,タンザニア,NV.IND.MANF.ZS,2002,9.37021402466056
TZA,タンザニア,NV.IND.MANF.ZS,2003,9.37908176360761
TZA,タンザニア,NV.IND.MANF.ZS,2004,9.19337723892357
TZA,タンザニア,NV.IND.MANF.ZS,2005,9.0265030743805
TZA,タンザニア,NV.IND.MANF.ZS,2006,8.82143925430885
TZA,タンザニア,NV.IND.MANF.ZS,2007,8.81741434533145
TZA,タンザニア,NV.IND.MANF.ZS,2008,8.74458896067224
TZA,タンザニア,NV.IND.MANF.ZS,2009,8.66667526929843
TZA,タンザニア,NV.IND.MANF.ZS,2010,8.66582930166506
TZA,タンザニア,NV.IND.MANF.ZS,2011,9.54869845954528
TZA,タンザニア,NV.IND.MANF.ZS,2012,9.43823326401605
TZA,タンザニア,NV.IND.MANF.ZS,2013,9.11089516632175
TZA,タンザニア,NV.IND.MANF.ZS,2014,9.12010900018828
TZA,タンザニア,NV.IND.MANF.ZS,2015,7.85556496098664
TZA,タンザニア,NV.IND.MANF.ZS,2016,7.81371783783383
TZA,タンザニア,NV.IND.MANF.ZS,2017,7.6655871547421
TZA,タンザニア,NV.IND.MANF.ZS,2018,8.07382315106412
TZA,タンザニア,NV.IND.MANF.ZS,2019,8.50181055578149
TZA,タンザニア,NV.IND.MANF.ZS,2020,8.03212809036323
TZA,タンザニア,NV.IND.MANF.ZS,2021,8.02487463288165
TZA,タンザニア,NV.IND.MANF.ZS,2022,8.18310234075459
TZA,タンザニア,NV.IND.MANF.ZS,2023,8.39851072327136
TZA,タンザニア,NV.IND.MANF.ZS,2024,
UGA,ウガンダ,NV.IND.MANF.ZS,2000,7.09897810521975
UGA,ウガンダ,NV.IND.MANF.ZS,2001,7.06198877586283
UGA,ウガンダ,NV.IND.MANF.ZS,2002,7.35414434191544
UGA,ウガンダ,NV.IND.MANF.ZS,2003,7.05568380237508
UGA,ウガンダ,NV.IND.MANF.ZS,2004,6.36493400639722
UGA,ウガンダ,NV.IND.MANF.ZS,2005,7.00931559756286
UGA,ウガンダ,NV.IND.MANF.ZS,2006,7.09061606634003
UGA,ウガンダ,NV.IND.MANF.ZS,2007,7.1258231005253
UGA,ウガンダ,NV.IND.MANF.ZS,2008,7.30696526018952
UGA,ウガンダ,NV.IND.MANF.ZS,2009,20.0778457884048
UGA,ウガンダ,NV.IND.MANF.ZS,2010,19.6563071685531
UGA,ウガンダ,NV.IND.MANF.ZS,2011,19.0863072206078
UGA,ウガンダ,NV.IND.MANF.ZS,2012,18.6700067419467
UGA,ウガンダ,NV.IND.MANF.ZS,2013,16.5485616173407
UGA,ウガンダ,NV.IND.MANF.ZS,2014,15.6338628298848
UGA,ウガンダ,NV.IND.MANF.ZS,2015,17.6085476770624
UGA,ウガンダ,NV.IND.MANF.ZS,2016,16.2297475967432
UGA,ウガンダ,NV.IND.MANF.ZS,2017,15.5229960881974
UGA,ウガンダ,NV.IND.MANF.ZS,2018,15.7793556188555
UGA,ウガンダ,NV.IND.MANF.ZS,2019,15.4663074825279
UGA,ウガンダ,NV.IND.MANF.ZS,2020,15.7952567223933
UGA,ウガンダ,NV.IND.MANF.ZS,2021,16.4337491871358
UGA,ウガンダ,NV.IND.MANF.ZS,2022,16.371869705691
UGA,ウガンダ,NV.IND.MANF.ZS,2023,15.6493486803365
UGA,ウガンダ,NV.IND.MANF.ZS,2024,15.1091911678522
ZAF,南アフリカ共和国,NV.IND.MANF.ZS,2000,18.968266431053
ZAF,南アフリカ共和国,NV.IND.MANF.ZS,2001,19.0369578655221
ZAF,南アフリカ共和国,NV.IND.MANF.ZS,2002,19.0721822951943
ZAF,南アフリカ共和国,NV.IND.MANF.ZS,2003,18.502111880883
ZAF,南アフリカ共和国,NV.IND.MANF.ZS,2004,17.9898145212371
ZAF,南アフリカ共和国,NV.IND.MANF.ZS,2005,17.3705797296878
ZAF,南アフリカ共和国,NV.IND.MANF.ZS,2006,15.5955245517406
ZAF,南アフリカ共和国,NV.IND.MANF.ZS,2007,15.4419248277389
ZAF,南アフリカ共和国,NV.IND.MANF.ZS,2008,15.6086910770333
ZAF,南アフリカ共和国,NV.IND.MANF.ZS,2009,14.5078043632622
ZAF,南アフリカ共和国,NV.IND.MANF.ZS,2010,13.8595736133129
ZAF,南アフリカ共和国,NV.IND.MANF.ZS,2011,12.861770015896
ZAF,南アフリカ共和国,NV.IND.MANF.ZS,2012,12.4825918463265
ZAF,南アフリカ共和国,NV.IND.MANF.ZS,2013,12.3667757766351
ZAF,南アフリカ共和国,NV.IND.MANF.ZS,2014,12.4807113856549
ZAF,南アフリカ共和国,NV.IND.MANF.ZS,2015,12.5179444713924
ZAF,南アフリカ共和国,NV.IND.MANF.ZS,2016,12.4836443520042
ZAF,南アフリカ共和国,NV.IND.MANF.ZS,2017,12.5127045016941
ZAF,南アフリカ共和国,NV.IND.MANF.ZS,2018,12.4570332833175
ZAF,南アフリカ共和国,NV.IND.MANF.ZS,2019,12.4008912661528
ZAF,南アフリカ共和国,NV.IND.MANF.ZS,2020,11.725046778088
ZAF,南アフリカ共和国,NV.IND.MANF.ZS,2021,12.0775538850278
ZAF,南アフリカ共和国,NV.IND.MANF.ZS,2022,12.4454055010392
ZAF,南アフリカ共和国,NV.IND.MANF.ZS,2023,12.9800055529093
ZAF,南アフリカ共和国,NV.IND.MANF.ZS,2024,12.7973009661441
ZMB,ザンビア,NV.IND.MANF.ZS,2000,9.45329654710977
ZMB,ザンビア,NV.IND.MANF.ZS,2001,9.08186722580454
ZMB,ザンビア,NV.IND.MANF.ZS,2002,9.58587925084779
ZMB,ザンビア,NV.IND.MANF.ZS,2003,10.1481367154848
ZMB,ザンビア,NV.IND.MANF.ZS,2004,10.0652389840384
ZMB,ザンビア,NV.IND.MANF.ZS,2005,9.84046097664779
ZMB,ザンビア,NV.IND.MANF.ZS,2006,9.40791898209265
ZMB,ザンビア,NV.IND.MANF.ZS,2007,8.67980436647481
ZMB,ザンビア,NV.IND.MANF.ZS,2008,8.45396814884328
ZMB,ザンビア,NV.IND.MANF.ZS,2009,8.68492781683595
ZMB,ザンビア,NV.IND.MANF.ZS,2010,7.57828393600663
ZMB,ザンビア,NV.IND.MANF.ZS,2011,7.51615952950012
ZMB,ザンビア,NV.IND.MANF.ZS,2012,7.07581325081866
ZMB,ザンビア,NV.IND.MANF.ZS,2013,6.02373452894648
ZMB,ザンビア,NV.IND.MANF.ZS,2014,6.81998335857482
ZMB,ザンビア,NV.IND.MANF.ZS,2015,7.52231130815079
ZMB,ザンビア,NV.IND.MANF.ZS,2016,7.68612523021962
ZMB,ザンビア,NV.IND.MANF.ZS,2017,8.12723823562854
ZMB,ザンビア,NV.IND.MANF.ZS,2018,6.84776647956377
ZMB,ザンビア,NV.IND.MANF.ZS,2019,6.78893009670748
ZMB,ザンビア,NV.IND.MANF.ZS,2020,7.70383075007966
ZMB,ザンビア,NV.IND.MANF.ZS,2021,8.66831474510408
ZMB,ザンビア,NV.IND.MANF.ZS,2022,7.99635289190961
ZMB,ザンビア,NV.IND.MANF.ZS,2023,8.50295879923877
ZMB,ザンビア,NV.IND.MANF.ZS,2024,9.04858570665344
ZWE,ジンバブエ,NV.IND.MANF.ZS,2000,13.3866208493632
ZWE,ジンバブエ,NV.IND.MANF.ZS,2001,13.1438262729049
ZWE,ジンバブエ,NV.IND.MANF.ZS,2002,11.8710846696348
ZWE,ジンバブエ,NV.IND.MANF.ZS,2003,12.1673501439665
ZWE,ジンバブエ,NV.IND.MANF.ZS,2004,13.9493845226823
ZWE,ジンバブエ,NV.IND.MANF.ZS,2005,15.1217817913429
ZWE,ジンバブエ,NV.IND.MANF.ZS,2006,16.0141368706109
ZWE,ジンバブエ,NV.IND.MANF.ZS,2007,16.0961329618962
ZWE,ジンバブエ,NV.IND.MANF.ZS,2008,16.3365776369398
ZWE,ジンバブエ,NV.IND.MANF.ZS,2009,11.0306853139622
ZWE,ジンバブエ,NV.IND.MANF.ZS,2010,9.20918843767508
ZWE,ジンバブエ,NV.IND.MANF.ZS,2011,9.1732227656106
ZWE,ジンバブエ,NV.IND.MANF.ZS,2012,14.0435658597833
ZWE,ジンバブエ,NV.IND.MANF.ZS,2013,12.9196497519731
ZWE,ジンバブエ,NV.IND.MANF.ZS,2014,12.5913203968112
ZWE,ジンバブエ,NV.IND.MANF.ZS,2015,11.8884007359844
ZWE,ジンバブエ,NV.IND.MANF.ZS,2016,11.5957537361528
ZWE,ジンバブエ,NV.IND.MANF.ZS,2017,14.0269868344529
ZWE,ジンバブエ,NV.IND.MANF.ZS,2018,13.6782294074574
ZWE,ジンバブエ,NV.IND.MANF.ZS,2019,12.1572073269899
ZWE,ジンバブエ,NV.IND.MANF.ZS,2020,13.7884829583698
ZWE,ジンバブエ,NV.IND.MANF.ZS,2021,11.167122709592
ZWE,ジンバブエ,NV.IND.MANF.ZS,2022,18.0604469295427
ZWE,ジンバブエ,NV.IND.MANF.ZS,2023,15.2783309053186
ZWE,ジンバブエ,NV.IND.MANF.ZS,2024,15.5710868492927
AGO,アンゴラ,NV.IND.TOTL.ZS,2000,
AGO,アンゴラ,NV.IND.TOTL.ZS,2001,
AGO,アンゴラ,NV.IND.TOTL.ZS,2002,52.0338602281507
AGO,アンゴラ,NV.IND.TOTL.ZS,2003,49.0778338149701
AGO,アンゴラ,NV.IND.TOTL.ZS,2004,50.4346227422796
AGO,アンゴラ,NV.IND.TOTL.ZS,2005,56.2244955384729
AGO,アンゴラ,NV.IND.TOTL.ZS,2006,54.3786607942638
AGO,アンゴラ,NV.IND.TOTL.ZS,2007,58.1146552872547
AGO,アンゴラ,NV.IND.TOTL.ZS,2008,56.3778763244437
AGO,アンゴラ,NV.IND.TOTL.ZS,2009,41.1797313432495
AGO,アンゴラ,NV.IND.TOTL.ZS,2010,48.7187943753018
AGO,アンゴラ,NV.IND.TOTL.ZS,2011,52.3009161856827
AGO,アンゴラ,NV.IND.TOTL.ZS,2012,53.4845191974217
AGO,アンゴラ,NV.IND.TOTL.ZS,2013,50.5176777357803
AGO,アンゴラ,NV.IND.TOTL.ZS,2014,44.1321246613696
AGO,アンゴラ,NV.IND.TOTL.ZS,2015,36.8949662869579
AGO,アンゴラ,NV.IND.TOTL.ZS,2016,37.0197637586645
AGO,アンゴラ,NV.IND.TOTL.ZS,2017,36.6969299145389
AGO,アンゴラ,NV.IND.TOTL.ZS,2018,40.9023531140042
AGO,アンゴラ,NV.IND.TOTL.ZS,2019,42.1702338802178
AGO,アンゴラ,NV.IND.TOTL.ZS,2020,37.1380634426867
AGO,アンゴラ,NV.IND.TOTL.ZS,2021,38.9945687670048
AGO,アンゴラ,NV.IND.TOTL.ZS,2022,35.9473211759091
AGO,アンゴラ,NV.IND.TOTL.ZS,2023,35.7012470046254
AGO,アンゴラ,NV.IND.TOTL.ZS,2024,33.8842284287983
BDI,ブルンジ,NV.IND.TOTL.ZS,2000,15.5395706894248
BDI,ブルンジ,NV.IND.TOTL.ZS,2001,15.5731910756723
BDI,ブルンジ,NV.IND.TOTL.ZS,2002,15.8040004931229
BDI,ブルンジ,NV.IND.TOTL.ZS,2003,15.7417123072253
BDI,ブルンジ,NV.IND.TOTL.ZS,2004,16.3230191571129
BDI,ブルンジ,NV.IND.TOTL.ZS,2005,16.9330035986109
BDI,ブルンジ,NV.IND.TOTL.ZS,2006,15.3152912436064
BDI,ブルンジ,NV.IND.TOTL.ZS,2007,17.1561942189062
BDI,ブルンジ,NV.IND.TOTL.ZS,2008,15.415205278109
BDI,ブルンジ,NV.IND.TOTL.ZS,2009,16.9763256366128
BDI,ブルンジ,NV.IND.TOTL.ZS,2010,15.3861562777509
BDI,ブルンジ,NV.IND.TOTL.ZS,2011,14.8097338415988
BDI,ブルンジ,NV.IND.TOTL.ZS,2012,15.791005307553
BDI,ブルンジ,NV.IND.TOTL.ZS,2013,15.5846860549996
BDI,ブルンジ,NV.IND.TOTL.ZS,2014,15.4515364871187
BDI,ブルンジ,NV.IND.TOTL.ZS,2015,15.4180338407269
BDI,ブルンジ,NV.IND.TOTL.ZS,2016,16.9063592990669
BDI,ブルンジ,NV.IND.TOTL.ZS,2017,16.9790944347346
BDI,ブルンジ,NV.IND.TOTL.ZS,2018,17.9191253800086
BDI,ブルンジ,NV.IND.TOTL.ZS,2019,17.5450876204546
BDI,ブルンジ,NV.IND.TOTL.ZS,2020,15.0960001503387
BDI,ブルンジ,NV.IND.TOTL.ZS,2021,16.1379436540909
BDI,ブルンジ,NV.IND.TOTL.ZS,2022,16.0748131612992
BDI,ブルンジ,NV.IND.TOTL.ZS,2023,17.3685971500712
BDI,ブルンジ,NV.IND.TOTL.ZS,2024,17.2629747721706
BEN,ベナン,NV.IND.TOTL.ZS,2000,18.7563482119071
BEN,ベナン,NV.IND.TOTL.ZS,2001,21.6063061308323
BEN,ベナン,NV.IND.TOTL.ZS,2002,21.2560648162627
BEN,ベナン,NV.IND.TOTL.ZS,2003,21.7653358858628
BEN,ベナン,NV.IND.TOTL.ZS,2004,20.4994246078487
BEN,ベナン,NV.IND.TOTL.ZS,2005,21.6135923867357
BEN,ベナン,NV.IND.TOTL.ZS,2006,21.1570137776206
BEN,ベナン,NV.IND.TOTL.ZS,2007,19.5111771844474
BEN,ベナン,NV.IND.TOTL.ZS,2008,17.6606220766815
BEN,ベナン,NV.IND.TOTL.ZS,2009,17.9195079292369
BEN,ベナン,NV.IND.TOTL.ZS,2010,18.0090531395068
BEN,ベナン,NV.IND.TOTL.ZS,2011,18.1374491115974
BEN,ベナン,NV.IND.TOTL.ZS,2012,16.9566846878966
BEN,ベナン,NV.IND.TOTL.ZS,2013,17.2437092893088
BEN,ベナン,NV.IND.TOTL.ZS,2014,16.4115774866134
BEN,ベナン,NV.IND.TOTL.ZS,2015,16.3850954444902
BEN,ベナン,NV.IND.TOTL.ZS,2016,15.7020683118185
BEN,ベナン,NV.IND.TOTL.ZS,2017,15.1075858507501
BEN,ベナン,NV.IND.TOTL.ZS,2018,14.6419567509163
BEN,ベナン,NV.IND.TOTL.ZS,2019,16.3125612015902
BEN,ベナン,NV.IND.TOTL.ZS,2020,16.2905490528658
BEN,ベナン,NV.IND.TOTL.ZS,2021,16.4674003775761
BEN,ベナン,NV.IND.TOTL.ZS,2022,17.017826707817
BEN,ベナン,NV.IND.TOTL.ZS,2023,17.3021977561605
BEN,ベナン,NV.IND.TOTL.ZS,2024,17.3838276050023
BFA,ブルキナファソ,NV.IND.TOTL.ZS,2000,21.8707545475914
BFA,ブルキナファソ,NV.IND.TOTL.ZS,2001,20.6389246484114
BFA,ブルキナファソ,NV.IND.TOTL.ZS,2002,20.6338145094446
BFA,ブルキナファソ,NV.IND.TOTL.ZS,2003,22.6250739908394
BFA,ブルキナファソ,NV.IND.TOTL.ZS,2004,22.6591757180332
BFA,ブルキナファソ,NV.IND.TOTL.ZS,2005,20.1658324331189
BFA,ブルキナファソ,NV.IND.TOTL.ZS,2006,20.5038527918156
BFA,ブルキナファソ,NV.IND.TOTL.ZS,2007,22.5483344043863
BFA,ブルキナファソ,NV.IND.TOTL.ZS,2008,20.5479237002055
BFA,ブルキナファソ,NV.IND.TOTL.ZS,2009,22.9558804915607
BFA,ブルキナファソ,NV.IND.TOTL.ZS,2010,26.0555520336446
BFA,ブルキナファソ,NV.IND.TOTL.ZS,2011,28.3722709055706
BFA,ブルキナファソ,NV.IND.TOTL.ZS,2012,26.8675103794383
BFA,ブルキナファソ,NV.IND.TOTL.ZS,2013,24.0957515828697
BFA,ブルキナファソ,NV.IND.TOTL.ZS,2014,24.9295392471244
BFA,ブルキナファソ,NV.IND.TOTL.ZS,2015,24.3613757844362
BFA,ブルキナファソ,NV.IND.TOTL.ZS,2016,24.8815173666488
BFA,ブルキナファソ,NV.IND.TOTL.ZS,2017,25.1402372200063
BFA,ブルキナファソ,NV.IND.TOTL.ZS,2018,25.5894433780973
BFA,ブルキナファソ,NV.IND.TOTL.ZS,2019,27.4259133812459
BFA,ブルキナファソ,NV.IND.TOTL.ZS,2020,29.4694767840377
BFA,ブルキナファソ,NV.IND.TOTL.ZS,2021,28.5306243008568
BFA,ブルキナファソ,NV.IND.TOTL.ZS,2022,26.0439614485811
BFA,ブルキナファソ,NV.IND.TOTL.ZS,2023,25.7574137805107
BFA,ブルキナファソ,NV.IND.TOTL.ZS,2024,26.5128276060609
BWA,ボツワナ,NV.IND.TOTL.ZS,2000,46.3005302919992
BWA,ボツワナ,NV.IND.TOTL.ZS,2001,44.7677938245925
BWA,ボツワナ,NV.IND.TOTL.ZS,2002,43.9650990818224
BWA,ボツワナ,NV.IND.TOTL.ZS,2003,39.6164131871252
BWA,ボツワナ,NV.IND.TOTL.ZS,2004,38.8219550208892
BWA,ボツワナ,NV.IND.TOTL.ZS,2005,42.8549522076655
BWA,ボツワナ,NV.IND.TOTL.ZS,2006,46.6243434434334
BWA,ボツワナ,NV.IND.TOTL.ZS,2007,45.484421235941
BWA,ボツワナ,NV.IND.TOTL.ZS,2008,41.10966210137
BWA,ボツワナ,NV.IND.TOTL.ZS,2009,32.9148698460083
BWA,ボツワナ,NV.IND.TOTL.ZS,2010,37.2789379627304
BWA,ボツワナ,NV.IND.TOTL.ZS,2011,41.4322152540452
BWA,ボツワナ,NV.IND.TOTL.ZS,2012,37.5753342991212
BWA,ボツワナ,NV.IND.TOTL.ZS,2013,39.106229887551
BWA,ボツワナ,NV.IND.TOTL.ZS,2014,41.7777034040156
BWA,ボツワナ,NV.IND.TOTL.ZS,2015,37.5439994873569
BWA,ボツワナ,NV.IND.TOTL.ZS,2016,40.3451621913098
BWA,ボツワナ,NV.IND.TOTL.ZS,2017,37.1010050249191
BWA,ボツワナ,NV.IND.TOTL.ZS,2018,34.8003276690785
BWA,ボツワナ,NV.IND.TOTL.ZS,2019,31.947105419301
BWA,ボツワナ,NV.IND.TOTL.ZS,2020,26.690568101143
BWA,ボツワナ,NV.IND.TOTL.ZS,2021,33.0400332471158
BWA,ボツワナ,NV.IND.TOTL.ZS,2022,37.4571297119178
BWA,ボツワナ,NV.IND.TOTL.ZS,2023,34.0669401658997
BWA,ボツワナ,NV.IND.TOTL.ZS,2024,29.0804641383636
CAF,中央アフリカ共和国,NV.IND.TOTL.ZS,2000,
CAF,中央アフリカ共和国,NV.IND.TOTL.ZS,2001,
CAF,中央アフリカ共和国,NV.IND.TOTL.ZS,2002,
CAF,中央アフリカ共和国,NV.IND.TOTL.ZS,2003,
CAF,中央アフリカ共和国,NV.IND.TOTL.ZS,2004,
CAF,中央アフリカ共和国,NV.IND.TOTL.ZS,2005,
CAF,中央アフリカ共和国,NV.IND.TOTL.ZS,2006,
CAF,中央アフリカ共和国,NV.IND.TOTL.ZS,2007,
CAF,中央アフリカ共和国,NV.IND.TOTL.ZS,2008,
CAF,中央アフリカ共和国,NV.IND.TOTL.ZS,2009,24.5736807244034
CAF,中央アフリカ共和国,NV.IND.TOTL.ZS,2010,24.5099241422375
CAF,中央アフリカ共和国,NV.IND.TOTL.ZS,2011,26.6383554299084
CAF,中央アフリカ共和国,NV.IND.TOTL.ZS,2012,27.5230753744847
CAF,中央アフリカ共和国,NV.IND.TOTL.ZS,2013,24.1910676004515
CAF,中央アフリカ共和国,NV.IND.TOTL.ZS,2014,19.4826086120024
CAF,中央アフリカ共和国,NV.IND.TOTL.ZS,2015,22.1252513485047
CAF,中央アフリカ共和国,NV.IND.TOTL.ZS,2016,21.6382374370791
CAF,中央アフリカ共和国,NV.IND.TOTL.ZS,2017,20.7372245546503
CAF,中央アフリカ共和国,NV.IND.TOTL.ZS,2018,20.5557559569889
CAF,中央アフリカ共和国,NV.IND.TOTL.ZS,2019,20.5119712162628
CAF,中央アフリカ共和国,NV.IND.TOTL.ZS,2020,20.4481887695507
CAF,中央アフリカ共和国,NV.IND.TOTL.ZS,2021,21.5873200020514
CAF,中央アフリカ共和国,NV.IND.TOTL.ZS,2022,21.157300000739
CAF,中央アフリカ共和国,NV.IND.TOTL.ZS,2023,20.7068173193684
CAF,中央アフリカ共和国,NV.IND.TOTL.ZS,2024,20.0334561668613
CIV,コートジボワール,NV.IND.TOTL.ZS,2000,13.9368025202647
CIV,コートジボワール,NV.IND.TOTL.ZS,2001,14.1786160309594
CIV,コートジボワール,NV.IND.TOTL.ZS,2002,14.5005281247497
CIV,コートジボワール,NV.IND.TOTL.ZS,2003,15.2123312134125
CIV,コートジボワール,NV.IND.TOTL.ZS,2004,15.5260750475447
CIV,コートジボワール,NV.IND.TOTL.ZS,2005,16.2241764456125
CIV,コートジボワール,NV.IND.TOTL.ZS,2006,16.5839543942617
CIV,コートジボワール,NV.IND.TOTL.ZS,2007,16.483170824856
CIV,コートジボワール,NV.IND.TOTL.ZS,2008,17.4088361491375
CIV,コートジボワール,NV.IND.TOTL.ZS,2009,18.0163071461274
CIV,コートジボワール,NV.IND.TOTL.ZS,2010,15.9765793754723
CIV,コートジボワール,NV.IND.TOTL.ZS,2011,16.7624007263304
CIV,コートジボワール,NV.IND.TOTL.ZS,2012,17.7324551897287
CIV,コートジボワール,NV.IND.TOTL.ZS,2013,18.9795295741683
CIV,コートジボワール,NV.IND.TOTL.ZS,2014,19.8455486242141
CIV,コートジボワール,NV.IND.TOTL.ZS,2015,20.1215578301808
CIV,コートジボワール,NV.IND.TOTL.ZS,2016,20.820713814142
CIV,コートジボワール,NV.IND.TOTL.ZS,2017,19.8085626532407
CIV,コートジボワール,NV.IND.TOTL.ZS,2018,19.1116818893978
CIV,コートジボワール,NV.IND.TOTL.ZS,2019,21.6420400540965
CIV,コートジボワール,NV.IND.TOTL.ZS,2020,20.7022034045474
CIV,コートジボワール,NV.IND.TOTL.ZS,2021,22.1030350664638
CIV,コートジボワール,NV.IND.TOTL.ZS,2022,23.0445423474416
CIV,コートジボワール,NV.IND.TOTL.ZS,2023,23.9006374307143
CIV,コートジボワール,NV.IND.TOTL.ZS,2024,24.0438599104554
CMR,カメルーン,NV.IND.TOTL.ZS,2000,28.4827009917297
CMR,カメルーン,NV.IND.TOTL.ZS,2001,26.1843316001578
CMR,カメルーン,NV.IND.TOTL.ZS,2002,27.4755881959079
CMR,カメルーン,NV.IND.TOTL.ZS,2003,28.4233912786935
CMR,カメルーン,NV.IND.TOTL.ZS,2004,27.6768854698155
CMR,カメルーン,NV.IND.TOTL.ZS,2005,27.9657412557505
CMR,カメルーン,NV.IND.TOTL.ZS,2006,28.704565046287
CMR,カメルーン,NV.IND.TOTL.ZS,2007,27.1251768898711
CMR,カメルーン,NV.IND.TOTL.ZS,2008,27.6000470998579
CMR,カメルーン,NV.IND.TOTL.ZS,2009,26.5112531811637
CMR,カメルーン,NV.IND.TOTL.ZS,2010,25.8445117305141
CMR,カメルーン,NV.IND.TOTL.ZS,2011,25.7767597299444
CMR,カメルーン,NV.IND.TOTL.ZS,2012,26.624872181086
CMR,カメルーン,NV.IND.TOTL.ZS,2013,26.7419459294765
CMR,カメルーン,NV.IND.TOTL.ZS,2014,25.7078027839026
CMR,カメルーン,NV.IND.TOTL.ZS,2015,25.0914880063978
CMR,カメルーン,NV.IND.TOTL.ZS,2016,24.1821445706245
CMR,カメルーン,NV.IND.TOTL.ZS,2017,24.2621952863109
CMR,カメルーン,NV.IND.TOTL.ZS,2018,24.6822312095632
CMR,カメルーン,NV.IND.TOTL.ZS,2019,23.826878053897
CMR,カメルーン,NV.IND.TOTL.ZS,2020,23.0380654380784
CMR,カメルーン,NV.IND.TOTL.ZS,2021,24.4925542356924
CMR,カメルーン,NV.IND.TOTL.ZS,2022,27.1303593377196
CMR,カメルーン,NV.IND.TOTL.ZS,2023,25.1308706019034
CMR,カメルーン,NV.IND.TOTL.ZS,2024,23.2350957105105
COD,コンゴ民主共和国,NV.IND.TOTL.ZS,2000,22.4057063027137
COD,コンゴ民主共和国,NV.IND.TOTL.ZS,2001,30.0162665475473
COD,コンゴ民主共和国,NV.IND.TOTL.ZS,2002,32.6183368838049
COD,コンゴ民主共和国,NV.IND.TOTL.ZS,2003,28.8579384069788
COD,コンゴ民主共和国,NV.IND.TOTL.ZS,2004,31.7824234941503
COD,コンゴ民主共和国,NV.IND.TOTL.ZS,2005,31.706002446974
COD,コンゴ民主共和国,NV.IND.TOTL.ZS,2006,29.2943469787201
COD,コンゴ民主共和国,NV.IND.TOTL.ZS,2007,34.3633671355341
COD,コンゴ民主共和国,NV.IND.TOTL.ZS,2008,32.9518891770136
COD,コンゴ民主共和国,NV.IND.TOTL.ZS,2009,35.9314571550511
COD,コンゴ民主共和国,NV.IND.TOTL.ZS,2010,29.1029769216412
COD,コンゴ民主共和国,NV.IND.TOTL.ZS,2011,38.636424619178
COD,コンゴ民主共和国,NV.IND.TOTL.ZS,2012,39.1726260796598
COD,コンゴ民主共和国,NV.IND.TOTL.ZS,2013,39.9816041724909
COD,コンゴ民主共和国,NV.IND.TOTL.ZS,2014,41.6198309477347
COD,コンゴ民主共和国,NV.IND.TOTL.ZS,2015,40.537636098592
COD,コンゴ民主共和国,NV.IND.TOTL.ZS,2016,38.655052456977
COD,コンゴ民主共和国,NV.IND.TOTL.ZS,2017,39.2934247373311
COD,コンゴ民主共和国,NV.IND.TOTL.ZS,2018,38.2165467089592
COD,コンゴ民主共和国,NV.IND.TOTL.ZS,2019,34.4712510908167
COD,コンゴ民主共和国,NV.IND.TOTL.ZS,2020,35.1616850161085
COD,コンゴ民主共和国,NV.IND.TOTL.ZS,2021,42.3529383597517
COD,コンゴ民主共和国,NV.IND.TOTL.ZS,2022,41.9573891532378
COD,コンゴ民主共和国,NV.IND.TOTL.ZS,2023,39.5009688150508
COD,コンゴ民主共和国,NV.IND.TOTL.ZS,2024,38.9655598232235
COG,コンゴ共和国,NV.IND.TOTL.ZS,2000,72.1526717557252
COG,コンゴ共和国,NV.IND.TOTL.ZS,2001,65.4884538397696
COG,コンゴ共和国,NV.IND.TOTL.ZS,2002,63.3189225141337
COG,コンゴ共和国,NV.IND.TOTL.ZS,2003,61.1723594842012
COG,コンゴ共和国,NV.IND.TOTL.ZS,2004,65.864484078508
COG,コンゴ共和国,NV.IND.TOTL.ZS,2005,61.7104106958137
COG,コンゴ共和国,NV.IND.TOTL.ZS,2006,62.6291888487541
COG,コンゴ共和国,NV.IND.TOTL.ZS,2007,57.0704175228573
COG,コンゴ共和国,NV.IND.TOTL.ZS,2008,63.9419789342891
COG,コンゴ共和国,NV.IND.TOTL.ZS,2009,55.6979481298564
COG,コンゴ共和国,NV.IND.TOTL.ZS,2010,66.1791697837805
COG,コンゴ共和国,NV.IND.TOTL.ZS,2011,65.8738951997526
COG,コンゴ共和国,NV.IND.TOTL.ZS,2012,65.3102191154701
COG,コンゴ共和国,NV.IND.TOTL.ZS,2013,61.989308125115
COG,コンゴ共和国,NV.IND.TOTL.ZS,2014,58.0014155398265
COG,コンゴ共和国,NV.IND.TOTL.ZS,2015,48.6789561936062
COG,コンゴ共和国,NV.IND.TOTL.ZS,2016,38.4474514101503
COG,コンゴ共和国,NV.IND.TOTL.ZS,2017,45.9671895089887
COG,コンゴ共和国,NV.IND.TOTL.ZS,2018,54.391991835456
COG,コンゴ共和国,NV.IND.TOTL.ZS,2019,50.1286715725578
COG,コンゴ共和国,NV.IND.TOTL.ZS,2020,33.9517597969829
COG,コンゴ共和国,NV.IND.TOTL.ZS,2021,42.893702942357
COG,コンゴ共和国,NV.IND.TOTL.ZS,2022,49.2455523632312
COG,コンゴ共和国,NV.IND.TOTL.ZS,2023,45.2236339577947
COG,コンゴ共和国,NV.IND.TOTL.ZS,2024,40.121557238814
COM,コモロ,NV.IND.TOTL.ZS,2000,12.2062715454078
COM,コモロ,NV.IND.TOTL.ZS,2001,12.2063718015717
COM,コモロ,NV.IND.TOTL.ZS,2002,12.2063143076875
COM,コモロ,NV.IND.TOTL.ZS,2003,12.2062786708097
COM,コモロ,NV.IND.TOTL.ZS,2004,12.2062936509226
COM,コモロ,NV.IND.TOTL.ZS,2005,12.2064983176676
COM,コモロ,NV.IND.TOTL.ZS,2006,12.206432106225
COM,コモロ,NV.IND.TOTL.ZS,2007,12.4102413287259
COM,コモロ,NV.IND.TOTL.ZS,2008,12.1356370474847
COM,コモロ,NV.IND.TOTL.ZS,2009,12.073328072351
COM,コモロ,NV.IND.TOTL.ZS,2010,11.7753249597724
COM,コモロ,NV.IND.TOTL.ZS,2011,11.6973185669348
COM,コモロ,NV.IND.TOTL.ZS,2012,11.2226651445449
COM,コモロ,NV.IND.TOTL.ZS,2013,11.6482403154856
COM,コモロ,NV.IND.TOTL.ZS,2014,11.6109257835089
COM,コモロ,NV.IND.TOTL.ZS,2015,10.4084081560234
COM,コモロ,NV.IND.TOTL.ZS,2016,9.85451807028183
COM,コモロ,NV.IND.TOTL.ZS,2017,9.13735009601101
COM,コモロ,NV.IND.TOTL.ZS,2018,8.87679586458954
COM,コモロ,NV.IND.TOTL.ZS,2019,8.53100061504245
COM,コモロ,NV.IND.TOTL.ZS,2020,8.08945323604662
COM,コモロ,NV.IND.TOTL.ZS,2021,9.37922763874058
COM,コモロ,NV.IND.TOTL.ZS,2022,9.63879809027371
COM,コモロ,NV.IND.TOTL.ZS,2023,10.3295767510686
COM,コモロ,NV.IND.TOTL.ZS,2024,9.69608688463436
CPV,カーボベルデ,NV.IND.TOTL.ZS,2000,21.7471907808972
CPV,カーボベルデ,NV.IND.TOTL.ZS,2001,19.1640713762081
CPV,カーボベルデ,NV.IND.TOTL.ZS,2002,19.0535136023722
CPV,カーボベルデ,NV.IND.TOTL.ZS,2003,18.5259962998519
CPV,カーボベルデ,NV.IND.TOTL.ZS,2004,18.2180833159781
CPV,カーボベルデ,NV.IND.TOTL.ZS,2005,19.2110778495222
CPV,カーボベルデ,NV.IND.TOTL.ZS,2006,19.0922781266815
CPV,カーボベルデ,NV.IND.TOTL.ZS,2007,14.0115441145192
CPV,カーボベルデ,NV.IND.TOTL.ZS,2008,15.4815103318879
CPV,カーボベルデ,NV.IND.TOTL.ZS,2009,15.9694598343425
CPV,カーボベルデ,NV.IND.TOTL.ZS,2010,14.9414577543955
CPV,カーボベルデ,NV.IND.TOTL.ZS,2011,14.5699784845003
CPV,カーボベルデ,NV.IND.TOTL.ZS,2012,14.00680796227
CPV,カーボベルデ,NV.IND.TOTL.ZS,2013,14.5782787253826
CPV,カーボベルデ,NV.IND.TOTL.ZS,2014,15.4556956659682
CPV,カーボベルデ,NV.IND.TOTL.ZS,2015,14.6158909934146
CPV,カーボベルデ,NV.IND.TOTL.ZS,2016,12.6668493291087
CPV,カーボベルデ,NV.IND.TOTL.ZS,2017,12.5188038438799
CPV,カーボベルデ,NV.IND.TOTL.ZS,2018,14.6286899740782
CPV,カーボベルデ,NV.IND.TOTL.ZS,2019,13.2851974278212
CPV,カーボベルデ,NV.IND.TOTL.ZS,2020,14.6866327211119
CPV,カーボベルデ,NV.IND.TOTL.ZS,2021,12.5191470013199
CPV,カーボベルデ,NV.IND.TOTL.ZS,2022,11.0789238411144
CPV,カーボベルデ,NV.IND.TOTL.ZS,2023,10.9776694022766
CPV,カーボベルデ,NV.IND.TOTL.ZS,2024,10.7133600078346
DJI,ジブチ,NV.IND.TOTL.ZS,2000,
DJI,ジブチ,NV.IND.TOTL.ZS,2001,
DJI,ジブチ,NV.IND.TOTL.ZS,2002,
DJI,ジブチ,NV.IND.TOTL.ZS,2003,
DJI,ジブチ,NV.IND.TOTL.ZS,2004,
DJI,ジブチ,NV.IND.TOTL.ZS,2005,
DJI,ジブチ,NV.IND.TOTL.ZS,2006,
DJI,ジブチ,NV.IND.TOTL.ZS,2007,
DJI,ジブチ,NV.IND.TOTL.ZS,2008,
DJI,ジブチ,NV.IND.TOTL.ZS,2009,
DJI,ジブチ,NV.IND.TOTL.ZS,2010,
DJI,ジブチ,NV.IND.TOTL.ZS,2011,
DJI,ジブチ,NV.IND.TOTL.ZS,2012,
DJI,ジブチ,NV.IND.TOTL.ZS,2013,11.3865800627511
DJI,ジブチ,NV.IND.TOTL.ZS,2014,11.612957172612
DJI,ジブチ,NV.IND.TOTL.ZS,2015,11.3951494809576
DJI,ジブチ,NV.IND.TOTL.ZS,2016,11.3387071221455
DJI,ジブチ,NV.IND.TOTL.ZS,2017,12.4061244543166
DJI,ジブチ,NV.IND.TOTL.ZS,2018,13.991615352663
DJI,ジブチ,NV.IND.TOTL.ZS,2019,14.6103467336685
DJI,ジブチ,NV.IND.TOTL.ZS,2020,14.5456933567204
DJI,ジブチ,NV.IND.TOTL.ZS,2021,15.4059788148715
DJI,ジブチ,NV.IND.TOTL.ZS,2022,15.0308727802738
DJI,ジブチ,NV.IND.TOTL.ZS,2023,14.432376023443
DJI,ジブチ,NV.IND.TOTL.ZS,2024,15.913892950777
DZA,アルジェリア,NV.IND.TOTL.ZS,2000,53.3309696535528
DZA,アルジェリア,NV.IND.TOTL.ZS,2001,40.8145902645976
DZA,アルジェリア,NV.IND.TOTL.ZS,2002,39.7667145410183
DZA,アルジェリア,NV.IND.TOTL.ZS,2003,42.0401015762179
DZA,アルジェリア,NV.IND.TOTL.ZS,2004,44.9814633218361
DZA,アルジェリア,NV.IND.TOTL.ZS,2005,48.5068360058496
DZA,アルジェリア,NV.IND.TOTL.ZS,2006,50.8913842012469
DZA,アルジェリア,NV.IND.TOTL.ZS,2007,50.3717168823853
DZA,アルジェリア,NV.IND.TOTL.ZS,2008,51.6161712058703
DZA,アルジェリア,NV.IND.TOTL.ZS,2009,42.0128802106709
DZA,アルジェリア,NV.IND.TOTL.ZS,2010,45.2431946364671
DZA,アルジェリア,NV.IND.TOTL.ZS,2011,44.9869856015855
DZA,アルジェリア,NV.IND.TOTL.ZS,2012,43.1950549091774
DZA,アルジェリア,NV.IND.TOTL.ZS,2013,39.7438543670176
DZA,アルジェリア,NV.IND.TOTL.ZS,2014,38.5614138325673
DZA,アルジェリア,NV.IND.TOTL.ZS,2015,32.7565009315894
DZA,アルジェリア,NV.IND.TOTL.ZS,2016,32.205164049828
DZA,アルジェリア,NV.IND.TOTL.ZS,2017,33.4766949498416
DZA,アルジェリア,NV.IND.TOTL.ZS,2018,35.3432586054084
DZA,アルジェリア,NV.IND.TOTL.ZS,2019,33.5743211841578
DZA,アルジェリア,NV.IND.TOTL.ZS,2020,30.0235803787213
DZA,アルジェリア,NV.IND.TOTL.ZS,2021,36.3214812457704
DZA,アルジェリア,NV.IND.TOTL.ZS,2022,43.0521306240802
DZA,アルジェリア,NV.IND.TOTL.ZS,2023,37.5476547378243
DZA,アルジェリア,NV.IND.TOTL.ZS,2024,36.1956789537864
EGY,エジプト,NV.IND.TOTL.ZS,2000,30.7518670979124
EGY,エジプト,NV.IND.TOTL.ZS,2001,30.8988569835517
EGY,エジプト,NV.IND.TOTL.ZS,2002,32.5835048825548
EGY,エジプト,NV.IND.TOTL.ZS,2003,33.3705868263473
EGY,エジプト,NV.IND.TOTL.ZS,2004,34.6679167525242
EGY,エジプト,NV.IND.TOTL.ZS,2005,34.1486722376973
EGY,エジプト,NV.IND.TOTL.ZS,2006,36.1547353084021
EGY,エジプト,NV.IND.TOTL.ZS,2007,35.0653866809882
EGY,エジプト,NV.IND.TOTL.ZS,2008,36.2125516471245
EGY,エジプト,NV.IND.TOTL.ZS,2009,35.8164459796584
EGY,エジプト,NV.IND.TOTL.ZS,2010,35.7845184816841
EGY,エジプト,NV.IND.TOTL.ZS,2011,35.9517175990081
EGY,エジプト,NV.IND.TOTL.ZS,2012,39.2513148623634
EGY,エジプト,NV.IND.TOTL.ZS,2013,39.8869544184046
EGY,エジプト,NV.IND.TOTL.ZS,2014,39.890323943662
EGY,エジプト,NV.IND.TOTL.ZS,2015,36.6302017267482
EGY,エジプト,NV.IND.TOTL.ZS,2016,32.4559533476046
EGY,エジプト,NV.IND.TOTL.ZS,2017,34.3958677753768
EGY,エジプト,NV.IND.TOTL.ZS,2018,35.3298750589345
EGY,エジプト,NV.IND.TOTL.ZS,2019,35.8254244102931
EGY,エジプト,NV.IND.TOTL.ZS,2020,32.3694442999707
EGY,エジプト,NV.IND.TOTL.ZS,2021,31.1876357851451
EGY,エジプト,NV.IND.TOTL.ZS,2022,32.7114314313038
EGY,エジプト,NV.IND.TOTL.ZS,2023,32.7344752545444
EGY,エジプト,NV.IND.TOTL.ZS,2024,32.5624789967949
ERI,エリトリア,NV.IND.TOTL.ZS,2000,19.160680418751
ERI,エリトリア,NV.IND.TOTL.ZS,2001,18.5335104260986
ERI,エリトリア,NV.IND.TOTL.ZS,2002,19.1738449069837
ERI,エリトリア,NV.IND.TOTL.ZS,2003,19.69660113404
ERI,エリトリア,NV.IND.TOTL.ZS,2004,19.6127388525368
ERI,エリトリア,NV.IND.TOTL.ZS,2005,20.4623875049573
ERI,エリトリア,NV.IND.TOTL.ZS,2006,18.1529072515031
ERI,エリトリア,NV.IND.TOTL.ZS,2007,19.1952082293037
ERI,エリトリア,NV.IND.TOTL.ZS,2008,25.9146824489119
ERI,エリトリア,NV.IND.TOTL.ZS,2009,21.8193391437224
ERI,エリトリア,NV.IND.TOTL.ZS,2010,
ERI,エリトリア,NV.IND.TOTL.ZS,2011,
ERI,エリトリア,NV.IND.TOTL.ZS,2012,
ERI,エリトリア,NV.IND.TOTL.ZS,2013,
ERI,エリトリア,NV.IND.TOTL.ZS,2014,
ERI,エリトリア,NV.IND.TOTL.ZS,2015,
ERI,エリトリア,NV.IND.TOTL.ZS,2016,
ERI,エリトリア,NV.IND.TOTL.ZS,2017,
ERI,エリトリア,NV.IND.TOTL.ZS,2018,
ERI,エリトリア,NV.IND.TOTL.ZS,2019,
ERI,エリトリア,NV.IND.TOTL.ZS,2020,
ERI,エリトリア,NV.IND.TOTL.ZS,2021,
ERI,エリトリア,NV.IND.TOTL.ZS,2022,
ERI,エリトリア,NV.IND.TOTL.ZS,2023,
ERI,エリトリア,NV.IND.TOTL.ZS,2024,
ESH,西サハラ,NV.IND.TOTL.ZS,2000,
ESH,西サハラ,NV.IND.TOTL.ZS,2001,
ESH,西サハラ,NV.IND.TOTL.ZS,2002,
ESH,西サハラ,NV.IND.TOTL.ZS,2003,
ESH,西サハラ,NV.IND.TOTL.ZS,2004,
ESH,西サハラ,NV.IND.TOTL.ZS,2005,
ESH,西サハラ,NV.IND.TOTL.ZS,2006,
ESH,西サハラ,NV.IND.TOTL.ZS,2007,
ESH,西サハラ,NV.IND.TOTL.ZS,2008,
ESH,西サハラ,NV.IND.TOTL.ZS,2009,
ESH,西サハラ,NV.IND.TOTL.ZS,2010,
ESH,西サハラ,NV.IND.TOTL.ZS,2011,
ESH,西サハラ,NV.IND.TOTL.ZS,2012,
ESH,西サハラ,NV.IND.TOTL.ZS,2013,
ESH,西サハラ,NV.IND.TOTL.ZS,2014,
ESH,西サハラ,NV.IND.TOTL.ZS,2015,
ESH,西サハラ,NV.IND.TOTL.ZS,2016,
ESH,西サハラ,NV.IND.TOTL.ZS,2017,
ESH,西サハラ,NV.IND.TOTL.ZS,2018,
ESH,西サハラ,NV.IND.TOTL.ZS,2019,
ESH,西サハラ,NV.IND.TOTL.ZS,2020,
ESH,西サハラ,NV.IND.TOTL.ZS,2021,
ESH,西サハラ,NV.IND.TOTL.ZS,2022,
ESH,西サハラ,NV.IND.TOTL.ZS,2023,
ESH,西サハラ,NV.IND.TOTL.ZS,2024,
ETH,エチオピア,NV.IND.TOTL.ZS,2000,11.4104671171237
ETH,エチオピア,NV.IND.TOTL.ZS,2001,11.9279294612334
ETH,エチオピア,NV.IND.TOTL.ZS,2002,12.7402796419574
ETH,エチオピア,NV.IND.TOTL.ZS,2003,12.8995022232624
ETH,エチオピア,NV.IND.TOTL.ZS,2004,12.6855403366012
ETH,エチオピア,NV.IND.TOTL.ZS,2005,11.7888335264129
ETH,エチオピア,NV.IND.TOTL.ZS,2006,11.5923160493911
ETH,エチオピア,NV.IND.TOTL.ZS,2007,11.5894966658928
ETH,エチオピア,NV.IND.TOTL.ZS,2008,10.2068542889297
ETH,エチオピア,NV.IND.TOTL.ZS,2009,9.68348044252178
ETH,エチオピア,NV.IND.TOTL.ZS,2010,9.43512813822331
ETH,エチオピア,NV.IND.TOTL.ZS,2011,9.6646421928884
ETH,エチオピア,NV.IND.TOTL.ZS,2012,9.47613796506918
ETH,エチオピア,NV.IND.TOTL.ZS,2013,10.9445569914695
ETH,エチオピア,NV.IND.TOTL.ZS,2014,13.4713245062584
ETH,エチオピア,NV.IND.TOTL.ZS,2015,16.2977936386153
ETH,エチオピア,NV.IND.TOTL.ZS,2016,21.9325618536317
ETH,エチオピア,NV.IND.TOTL.ZS,2017,23.5819066692345
ETH,エチオピア,NV.IND.TOTL.ZS,2018,27.3057073073258
ETH,エチオピア,NV.IND.TOTL.ZS,2019,24.8223642567601
ETH,エチオピア,NV.IND.TOTL.ZS,2020,23.1022952225268
ETH,エチオピア,NV.IND.TOTL.ZS,2021,21.8500262627975
ETH,エチオピア,NV.IND.TOTL.ZS,2022,22.7175269594537
ETH,エチオピア,NV.IND.TOTL.ZS,2023,24.4836822236256
ETH,エチオピア,NV.IND.TOTL.ZS,2024,25.3549716563985
GAB,ガボン,NV.IND.TOTL.ZS,2000,56.2551964968682
GAB,ガボン,NV.IND.TOTL.ZS,2001,47.7100745088105
GAB,ガボン,NV.IND.TOTL.ZS,2002,47.3156667989635
GAB,ガボン,NV.IND.TOTL.ZS,2003,47.039168102841
GAB,ガボン,NV.IND.TOTL.ZS,2004,51.5005373966573
GAB,ガボン,NV.IND.TOTL.ZS,2005,59.9223608108533
GAB,ガボン,NV.IND.TOTL.ZS,2006,59.4663196551434
GAB,ガボン,NV.IND.TOTL.ZS,2007,57.2222057277107
GAB,ガボン,NV.IND.TOTL.ZS,2008,61.7420000109434
GAB,ガボン,NV.IND.TOTL.ZS,2009,50.4467532257807
GAB,ガボン,NV.IND.TOTL.ZS,2010,55.1924628115731
GAB,ガボン,NV.IND.TOTL.ZS,2011,60.8812104614947
GAB,ガボン,NV.IND.TOTL.ZS,2012,58.8246016166913
GAB,ガボン,NV.IND.TOTL.ZS,2013,56.6086168756874
GAB,ガボン,NV.IND.TOTL.ZS,2014,52.7222416503812
GAB,ガボン,NV.IND.TOTL.ZS,2015,48.1836272968661
GAB,ガボン,NV.IND.TOTL.ZS,2016,45.0378509048684
GAB,ガボン,NV.IND.TOTL.ZS,2017,45.4673089938161
GAB,ガボン,NV.IND.TOTL.ZS,2018,47.1270856238547
GAB,ガボン,NV.IND.TOTL.ZS,2019,47.6788640928906
GAB,ガボン,NV.IND.TOTL.ZS,2020,41.6943815016922
GAB,ガボン,NV.IND.TOTL.ZS,2021,50.0677458026055
GAB,ガボン,NV.IND.TOTL.ZS,2022,56.1297414411451
GAB,ガボン,NV.IND.TOTL.ZS,2023,53.869796194007
GAB,ガボン,NV.IND.TOTL.ZS,2024,52.9002411657459
GHA,ガーナ,NV.IND.TOTL.ZS,2000,25.4039222907651
GHA,ガーナ,NV.IND.TOTL.ZS,2001,25.2159797429519
GHA,ガーナ,NV.IND.TOTL.ZS,2002,25.2756743481642
GHA,ガーナ,NV.IND.TOTL.ZS,2003,25.2099150968066
GHA,ガーナ,NV.IND.TOTL.ZS,2004,24.716756265122
GHA,ガーナ,NV.IND.TOTL.ZS,2005,25.1254359413042
GHA,ガーナ,NV.IND.TOTL.ZS,2006,19.3820947702815
GHA,ガーナ,NV.IND.TOTL.ZS,2007,19.4928065701
GHA,ガーナ,NV.IND.TOTL.ZS,2008,19.3995645523361
GHA,ガーナ,NV.IND.TOTL.ZS,2009,18.5140921293401
GHA,ガーナ,NV.IND.TOTL.ZS,2010,18.0149428066597
GHA,ガーナ,NV.IND.TOTL.ZS,2011,23.8636600934779
GHA,ガーナ,NV.IND.TOTL.ZS,2012,27.1365335859295
GHA,ガーナ,NV.IND.TOTL.ZS,2013,34.0898222065997
GHA,ガーナ,NV.IND.TOTL.ZS,2014,33.8982030516643
GHA,ガーナ,NV.IND.TOTL.ZS,2015,31.1193795046839
GHA,ガーナ,NV.IND.TOTL.ZS,2016,27.6932546491989
GHA,ガーナ,NV.IND.TOTL.ZS,2017,29.9522176933621
GHA,ガーナ,NV.IND.TOTL.ZS,2018,31.1777436281076
GHA,ガーナ,NV.IND.TOTL.ZS,2019,31.1077243700312
GHA,ガーナ,NV.IND.TOTL.ZS,2020,29.8767542337189
GHA,ガーナ,NV.IND.TOTL.ZS,2021,28.4050146696866
GHA,ガーナ,NV.IND.TOTL.ZS,2022,31.4700505018425
GHA,ガーナ,NV.IND.TOTL.ZS,2023,29.466622381614
GHA,ガーナ,NV.IND.TOTL.ZS,2024,29.1998890155684
GIN,ギニア,NV.IND.TOTL.ZS,2000,21.5230896940631
GIN,ギニア,NV.IND.TOTL.ZS,2001,21.8203987016552
GIN,ギニア,NV.IND.TOTL.ZS,2002,21.4815029343945
GIN,ギニア,NV.IND.TOTL.ZS,2003,21.7573715436192
GIN,ギニア,NV.IND.TOTL.ZS,2004,20.9236440966749
GIN,ギニア,NV.IND.TOTL.ZS,2005,21.9879538645841
GIN,ギニア,NV.IND.TOTL.ZS,2006,34.2753959440443
GIN,ギニア,NV.IND.TOTL.ZS,2007,30.7663957919196
GIN,ギニア,NV.IND.TOTL.ZS,2008,32.9328375718068
GIN,ギニア,NV.IND.TOTL.ZS,2009,32.2887263194246
GIN,ギニア,NV.IND.TOTL.ZS,2010,32.3138372958105
GIN,ギニア,NV.IND.TOTL.ZS,2011,32.6144005582332
GIN,ギニア,NV.IND.TOTL.ZS,2012,31.5767582978151
GIN,ギニア,NV.IND.TOTL.ZS,2013,29.6407139185782
GIN,ギニア,NV.IND.TOTL.ZS,2014,29.6941648521559
GIN,ギニア,NV.IND.TOTL.ZS,2015,26.3246416118291
GIN,ギニア,NV.IND.TOTL.ZS,2016,30.1038432883843
GIN,ギニア,NV.IND.TOTL.ZS,2017,31.653986926333
GIN,ギニア,NV.IND.TOTL.ZS,2018,33.3410014345781
GIN,ギニア,NV.IND.TOTL.ZS,2019,29.390798702636
GIN,ギニア,NV.IND.TOTL.ZS,2020,28.5122742669412
GIN,ギニア,NV.IND.TOTL.ZS,2021,28.8210712335353
GIN,ギニア,NV.IND.TOTL.ZS,2022,26.5029300686511
GIN,ギニア,NV.IND.TOTL.ZS,2023,25.7306393241004
GIN,ギニア,NV.IND.TOTL.ZS,2024,25.1163848517133
GMB,ガンビア,NV.IND.TOTL.ZS,2000,14.8226733584981
GMB,ガンビア,NV.IND.TOTL.ZS,2001,14.7668246416842
GMB,ガンビア,NV.IND.TOTL.ZS,2002,15.8069767662158
GMB,ガンビア,NV.IND.TOTL.ZS,2003,14.849025053224
GMB,ガンビア,NV.IND.TOTL.ZS,2004,11.4516644496493
GMB,ガンビア,NV.IND.TOTL.ZS,2005,11.4940795967501
GMB,ガンビア,NV.IND.TOTL.ZS,2006,12.1238923802598
GMB,ガンビア,NV.IND.TOTL.ZS,2007,11.8795399698303
GMB,ガンビア,NV.IND.TOTL.ZS,2008,11.16205074884
GMB,ガンビア,NV.IND.TOTL.ZS,2009,10.211007546291
GMB,ガンビア,NV.IND.TOTL.ZS,2010,9.82816623642272
GMB,ガンビア,NV.IND.TOTL.ZS,2011,11.5126603208193
GMB,ガンビア,NV.IND.TOTL.ZS,2012,11.9583688371148
GMB,ガンビア,NV.IND.TOTL.ZS,2013,11.8946963108623
GMB,ガンビア,NV.IND.TOTL.ZS,2014,13.214834279827
GMB,ガンビア,NV.IND.TOTL.ZS,2015,17.1434530643603
GMB,ガンビア,NV.IND.TOTL.ZS,2016,20.9355929614924
GMB,ガンビア,NV.IND.TOTL.ZS,2017,17.8927550195818
GMB,ガンビア,NV.IND.TOTL.ZS,2018,17.3104257988738
GMB,ガンビア,NV.IND.TOTL.ZS,2019,17.2826008332323
GMB,ガンビア,NV.IND.TOTL.ZS,2020,16.8536853891411
GMB,ガンビア,NV.IND.TOTL.ZS,2021,15.8821231471213
GMB,ガンビア,NV.IND.TOTL.ZS,2022,15.5889695262957
GMB,ガンビア,NV.IND.TOTL.ZS,2023,16.4224206550964
GMB,ガンビア,NV.IND.TOTL.ZS,2024,15.3332836015651
GNB,ギニアビサウ,NV.IND.TOTL.ZS,2000,8.88112869526954
GNB,ギニアビサウ,NV.IND.TOTL.ZS,2001,9.96976622237475
GNB,ギニアビサウ,NV.IND.TOTL.ZS,2002,15.8232800934822
GNB,ギニアビサウ,NV.IND.TOTL.ZS,2003,16.7545534859258
GNB,ギニアビサウ,NV.IND.TOTL.ZS,2004,12.4404404161973
GNB,ギニアビサウ,NV.IND.TOTL.ZS,2005,12.4400960708697
GNB,ギニアビサウ,NV.IND.TOTL.ZS,2006,12.0924056056146
GNB,ギニアビサウ,NV.IND.TOTL.ZS,2007,12.5990180965363
GNB,ギニアビサウ,NV.IND.TOTL.ZS,2008,12.3813756165574
GNB,ギニアビサウ,NV.IND.TOTL.ZS,2009,12.7564033361704
GNB,ギニアビサウ,NV.IND.TOTL.ZS,2010,13.7495149088181
GNB,ギニアビサウ,NV.IND.TOTL.ZS,2011,12.2556709039964
GNB,ギニアビサウ,NV.IND.TOTL.ZS,2012,12.0457512726254
GNB,ギニアビサウ,NV.IND.TOTL.ZS,2013,13.1545314595145
GNB,ギニアビサウ,NV.IND.TOTL.ZS,2014,14.6822693955448
GNB,ギニアビサウ,NV.IND.TOTL.ZS,2015,12.9268475259906
GNB,ギニアビサウ,NV.IND.TOTL.ZS,2016,12.0226933283458
GNB,ギニアビサウ,NV.IND.TOTL.ZS,2017,11.7058928971019
GNB,ギニアビサウ,NV.IND.TOTL.ZS,2018,16.3705721944585
GNB,ギニアビサウ,NV.IND.TOTL.ZS,2019,15.6396986873955
GNB,ギニアビサウ,NV.IND.TOTL.ZS,2020,12.3948582237414
GNB,ギニアビサウ,NV.IND.TOTL.ZS,2021,11.8030876365994
GNB,ギニアビサウ,NV.IND.TOTL.ZS,2022,12.668084648349
GNB,ギニアビサウ,NV.IND.TOTL.ZS,2023,15.4120002197218
GNB,ギニアビサウ,NV.IND.TOTL.ZS,2024,15.9953075258397
GNQ,赤道ギニア,NV.IND.TOTL.ZS,2000,
GNQ,赤道ギニア,NV.IND.TOTL.ZS,2001,
GNQ,赤道ギニア,NV.IND.TOTL.ZS,2002,
GNQ,赤道ギニア,NV.IND.TOTL.ZS,2003,
GNQ,赤道ギニア,NV.IND.TOTL.ZS,2004,
GNQ,赤道ギニア,NV.IND.TOTL.ZS,2005,
GNQ,赤道ギニア,NV.IND.TOTL.ZS,2006,82.9149022419933
GNQ,赤道ギニア,NV.IND.TOTL.ZS,2007,81.3016985801085
GNQ,赤道ギニア,NV.IND.TOTL.ZS,2008,84.3491943279293
GNQ,赤道ギニア,NV.IND.TOTL.ZS,2009,75.3247324271881
GNQ,赤道ギニア,NV.IND.TOTL.ZS,2010,74.7445614275894
GNQ,赤道ギニア,NV.IND.TOTL.ZS,2011,78.0648736933954
GNQ,赤道ギニア,NV.IND.TOTL.ZS,2012,77.3115042713314
GNQ,赤道ギニア,NV.IND.TOTL.ZS,2013,72.4492577432395
GNQ,赤道ギニア,NV.IND.TOTL.ZS,2014,70.1909452181904
GNQ,赤道ギニア,NV.IND.TOTL.ZS,2015,59.1005872679086
GNQ,赤道ギニア,NV.IND.TOTL.ZS,2016,52.3302543282798
GNQ,赤道ギニア,NV.IND.TOTL.ZS,2017,56.8622280929059
GNQ,赤道ギニア,NV.IND.TOTL.ZS,2018,57.2950816179221
GNQ,赤道ギニア,NV.IND.TOTL.ZS,2019,52.0754100364789
GNQ,赤道ギニア,NV.IND.TOTL.ZS,2020,45.4054105758078
GNQ,赤道ギニア,NV.IND.TOTL.ZS,2021,50.201792113968
GNQ,赤道ギニア,NV.IND.TOTL.ZS,2022,56.2109990617835
GNQ,赤道ギニア,NV.IND.TOTL.ZS,2023,48.2938369793055
GNQ,赤道ギニア,NV.IND.TOTL.ZS,2024,48.4114570890471
KEN,ケニア,NV.IND.TOTL.ZS,2000,15.0158560285564
KEN,ケニア,NV.IND.TOTL.ZS,2001,15.3096240912508
KEN,ケニア,NV.IND.TOTL.ZS,2002,15.4535611803669
KEN,ケニア,NV.IND.TOTL.ZS,2003,15.6231500412624
KEN,ケニア,NV.IND.TOTL.ZS,2004,16.2050773387406
KEN,ケニア,NV.IND.TOTL.ZS,2005,17.0126260396617
KEN,ケニア,NV.IND.TOTL.ZS,2006,19.3841059353688
KEN,ケニア,NV.IND.TOTL.ZS,2007,19.3021680815154
KEN,ケニア,NV.IND.TOTL.ZS,2008,18.5827717274425
KEN,ケニア,NV.IND.TOTL.ZS,2009,18.386624667775
KEN,ケニア,NV.IND.TOTL.ZS,2010,18.5746727706851
KEN,ケニア,NV.IND.TOTL.ZS,2011,19.6629008334867
KEN,ケニア,NV.IND.TOTL.ZS,2012,19.26155255789
KEN,ケニア,NV.IND.TOTL.ZS,2013,19.0802591143975
KEN,ケニア,NV.IND.TOTL.ZS,2014,19.0360328023672
KEN,ケニア,NV.IND.TOTL.ZS,2015,18.8940456983605
KEN,ケニア,NV.IND.TOTL.ZS,2016,18.1621592865164
KEN,ケニア,NV.IND.TOTL.ZS,2017,17.5035092078691
KEN,ケニア,NV.IND.TOTL.ZS,2018,17.313146131064
KEN,ケニア,NV.IND.TOTL.ZS,2019,16.9305452274709
KEN,ケニア,NV.IND.TOTL.ZS,2020,17.4002876322786
KEN,ケニア,NV.IND.TOTL.ZS,2021,17.1524357767952
KEN,ケニア,NV.IND.TOTL.ZS,2022,17.5274480968435
KEN,ケニア,NV.IND.TOTL.ZS,2023,17.1222148239844
KEN,ケニア,NV.IND.TOTL.ZS,2024,16.3272229835646
LBR,リベリア,NV.IND.TOTL.ZS,2000,4.24715102974828
LBR,リベリア,NV.IND.TOTL.ZS,2001,4.18618101545254
LBR,リベリア,NV.IND.TOTL.ZS,2002,3.24309600862999
LBR,リベリア,NV.IND.TOTL.ZS,2003,4.14903743315508
LBR,リベリア,NV.IND.TOTL.ZS,2004,7.72698996655518
LBR,リベリア,NV.IND.TOTL.ZS,2005,7.2181875658588
LBR,リベリア,NV.IND.TOTL.ZS,2006,7.7032618409294
LBR,リベリア,NV.IND.TOTL.ZS,2007,7.92931536780772
LBR,リベリア,NV.IND.TOTL.ZS,2008,7.0949594438007
LBR,リベリア,NV.IND.TOTL.ZS,2009,5.00973981900453
LBR,リベリア,NV.IND.TOTL.ZS,2010,4.99961461461461
LBR,リベリア,NV.IND.TOTL.ZS,2011,8.30011676396997
LBR,リベリア,NV.IND.TOTL.ZS,2012,14.5889259761557
LBR,リベリア,NV.IND.TOTL.ZS,2013,19.5182541497806
LBR,リベリア,NV.IND.TOTL.ZS,2014,18.554810004303
LBR,リベリア,NV.IND.TOTL.ZS,2015,16.8248454785241
LBR,リベリア,NV.IND.TOTL.ZS,2016,13.7704420019235
LBR,リベリア,NV.IND.TOTL.ZS,2017,15.4416514284322
LBR,リベリア,NV.IND.TOTL.ZS,2018,16.9238649522893
LBR,リベリア,NV.IND.TOTL.ZS,2019,16.9896070200098
LBR,リベリア,NV.IND.TOTL.ZS,2020,16.8438326901547
LBR,リベリア,NV.IND.TOTL.ZS,2021,19.1148288687649
LBR,リベリア,NV.IND.TOTL.ZS,2022,20.6885472727514
LBR,リベリア,NV.IND.TOTL.ZS,2023,23.3467448747153
LBR,リベリア,NV.IND.TOTL.ZS,2024,21.9697403860887
LBY,リビア,NV.IND.TOTL.ZS,2000,
LBY,リビア,NV.IND.TOTL.ZS,2001,
LBY,リビア,NV.IND.TOTL.ZS,2002,65.8303859757035
LBY,リビア,NV.IND.TOTL.ZS,2003,70.8938132064248
LBY,リビア,NV.IND.TOTL.ZS,2004,76.6425137601895
LBY,リビア,NV.IND.TOTL.ZS,2005,80.9742943873926
LBY,リビア,NV.IND.TOTL.ZS,2006,86.6695550057577
LBY,リビア,NV.IND.TOTL.ZS,2007,84.727507668667
LBY,リビア,NV.IND.TOTL.ZS,2008,85.9203928517569
LBY,リビア,NV.IND.TOTL.ZS,2009,73.7972544656913
LBY,リビア,NV.IND.TOTL.ZS,2010,75.7449869936204
LBY,リビア,NV.IND.TOTL.ZS,2011,53.8989087023988
LBY,リビア,NV.IND.TOTL.ZS,2012,73.7369299183248
LBY,リビア,NV.IND.TOTL.ZS,2013,65.1237589148371
LBY,リビア,NV.IND.TOTL.ZS,2014,46.7692775548728
LBY,リビア,NV.IND.TOTL.ZS,2015,34.8289693278703
LBY,リビア,NV.IND.TOTL.ZS,2016,26.0770762664238
LBY,リビア,NV.IND.TOTL.ZS,2017,38.9800161101817
LBY,リビア,NV.IND.TOTL.ZS,2018,49.676758007488
LBY,リビア,NV.IND.TOTL.ZS,2019,49.9776179313478
LBY,リビア,NV.IND.TOTL.ZS,2020,15.9502036425113
LBY,リビア,NV.IND.TOTL.ZS,2021,74.9121008371648
LBY,リビア,NV.IND.TOTL.ZS,2022,76.8380798647142
LBY,リビア,NV.IND.TOTL.ZS,2023,78.8995280792827
LBY,リビア,NV.IND.TOTL.ZS,2024,73.4971404182672
LSO,レソト,NV.IND.TOTL.ZS,2000,35.1643078480714
LSO,レソト,NV.IND.TOTL.ZS,2001,37.992056881911
LSO,レソト,NV.IND.TOTL.ZS,2002,38.7001356295907
LSO,レソト,NV.IND.TOTL.ZS,2003,36.4702881221952
LSO,レソト,NV.IND.TOTL.ZS,2004,34.6653077489584
LSO,レソト,NV.IND.TOTL.ZS,2005,33.7701071067011
LSO,レソト,NV.IND.TOTL.ZS,2006,35.4813196531581
LSO,レソト,NV.IND.TOTL.ZS,2007,39.1258617120697
LSO,レソト,NV.IND.TOTL.ZS,2008,40.56384007448
LSO,レソト,NV.IND.TOTL.ZS,2009,33.3003223937152
LSO,レソト,NV.IND.TOTL.ZS,2010,31.463352131548
LSO,レソト,NV.IND.TOTL.ZS,2011,33.1996499097292
LSO,レソト,NV.IND.TOTL.ZS,2012,30.8179398182836
LSO,レソト,NV.IND.TOTL.ZS,2013,29.0232445602992
LSO,レソト,NV.IND.TOTL.ZS,2014,32.1608736210412
LSO,レソト,NV.IND.TOTL.ZS,2015,33.7385657003649
LSO,レソト,NV.IND.TOTL.ZS,2016,30.5866475742865
LSO,レソト,NV.IND.TOTL.ZS,2017,28.5730617255808
LSO,レソト,NV.IND.TOTL.ZS,2018,31.139042579725
LSO,レソト,NV.IND.TOTL.ZS,2019,30.5436539026894
LSO,レソト,NV.IND.TOTL.ZS,2020,31.0792075147298
LSO,レソト,NV.IND.TOTL.ZS,2021,32.0714579927576
LSO,レソト,NV.IND.TOTL.ZS,2022,30.4887414630726
LSO,レソト,NV.IND.TOTL.ZS,2023,28.522771885001
LSO,レソト,NV.IND.TOTL.ZS,2024,28.0994911212337
MAR,モロッコ,NV.IND.TOTL.ZS,2000,24.3526302035856
MAR,モロッコ,NV.IND.TOTL.ZS,2001,22.8696929940867
MAR,モロッコ,NV.IND.TOTL.ZS,2002,22.6361224434387
MAR,モロッコ,NV.IND.TOTL.ZS,2003,23.3248013144818
MAR,モロッコ,NV.IND.TOTL.ZS,2004,24.0029876116656
MAR,モロッコ,NV.IND.TOTL.ZS,2005,23.6812068826614
MAR,モロッコ,NV.IND.TOTL.ZS,2006,22.7530814100902
MAR,モロッコ,NV.IND.TOTL.ZS,2007,22.422939278529
MAR,モロッコ,NV.IND.TOTL.ZS,2008,24.3155822554726
MAR,モロッコ,NV.IND.TOTL.ZS,2009,22.25957486397
MAR,モロッコ,NV.IND.TOTL.ZS,2010,23.7119126900355
MAR,モロッコ,NV.IND.TOTL.ZS,2011,24.5065191885483
MAR,モロッコ,NV.IND.TOTL.ZS,2012,24.2659773507632
MAR,モロッコ,NV.IND.TOTL.ZS,2013,24.1531288845084
MAR,モロッコ,NV.IND.TOTL.ZS,2014,25.8132675090419
MAR,モロッコ,NV.IND.TOTL.ZS,2015,25.6226817262287
MAR,モロッコ,NV.IND.TOTL.ZS,2016,25.685104578574
MAR,モロッコ,NV.IND.TOTL.ZS,2017,25.405454806575
MAR,モロッコ,NV.IND.TOTL.ZS,2018,25.2413538068182
MAR,モロッコ,NV.IND.TOTL.ZS,2019,25.2499524130611
MAR,モロッコ,NV.IND.TOTL.ZS,2020,26.0436433872433
MAR,モロッコ,NV.IND.TOTL.ZS,2021,25.9539090511005
MAR,モロッコ,NV.IND.TOTL.ZS,2022,26.0855513037114
MAR,モロッコ,NV.IND.TOTL.ZS,2023,25.3229740167851
MAR,モロッコ,NV.IND.TOTL.ZS,2024,25.6379794827026
MDG,マダガスカル,NV.IND.TOTL.ZS,2000,
MDG,マダガスカル,NV.IND.TOTL.ZS,2001,
MDG,マダガスカル,NV.IND.TOTL.ZS,2002,
MDG,マダガスカル,NV.IND.TOTL.ZS,2003,
MDG,マダガスカル,NV.IND.TOTL.ZS,2004,
MDG,マダガスカル,NV.IND.TOTL.ZS,2005,
MDG,マダガスカル,NV.IND.TOTL.ZS,2006,
MDG,マダガスカル,NV.IND.TOTL.ZS,2007,18.9068307503233
MDG,マダガスカル,NV.IND.TOTL.ZS,2008,20.4685954426536
MDG,マダガスカル,NV.IND.TOTL.ZS,2009,18.8332096319198
MDG,マダガスカル,NV.IND.TOTL.ZS,2010,18.0075205568584
MDG,マダガスカル,NV.IND.TOTL.ZS,2011,17.8532728101343
MDG,マダガスカル,NV.IND.TOTL.ZS,2012,17.2760843242701
MDG,マダガスカル,NV.IND.TOTL.ZS,2013,17.9096138237139
MDG,マダガスカル,NV.IND.TOTL.ZS,2014,19.2497828687657
MDG,マダガスカル,NV.IND.TOTL.ZS,2015,18.950884731327
MDG,マダガスカル,NV.IND.TOTL.ZS,2016,19.4099444668858
MDG,マダガスカル,NV.IND.TOTL.ZS,2017,20.1123576645922
MDG,マダガスカル,NV.IND.TOTL.ZS,2018,21.4819574714216
MDG,マダガスカル,NV.IND.TOTL.ZS,2019,22.445497353094
MDG,マダガスカル,NV.IND.TOTL.ZS,2020,19.4661871057193
MDG,マダガスカル,NV.IND.TOTL.ZS,2021,22.2500946222266
MDG,マダガスカル,NV.IND.TOTL.ZS,2022,22.5011585296043
MDG,マダガスカル,NV.IND.TOTL.ZS,2023,23.1235899500024
MDG,マダガスカル,NV.IND.TOTL.ZS,2024,22.9199286228503
MLI,マリ,NV.IND.TOTL.ZS,2000,16.1980631408723
MLI,マリ,NV.IND.TOTL.ZS,2001,18.1624782035294
MLI,マリ,NV.IND.TOTL.ZS,2002,18.7136583156893
MLI,マリ,NV.IND.TOTL.ZS,2003,18.5180716362561
MLI,マリ,NV.IND.TOTL.ZS,2004,16.8551885174624
MLI,マリ,NV.IND.TOTL.ZS,2005,20.6177348465815
MLI,マリ,NV.IND.TOTL.ZS,2006,24.1071894394744
MLI,マリ,NV.IND.TOTL.ZS,2007,22.8987343034991
MLI,マリ,NV.IND.TOTL.ZS,2008,22.9179833313711
MLI,マリ,NV.IND.TOTL.ZS,2009,24.1177890503252
MLI,マリ,NV.IND.TOTL.ZS,2010,23.7762389658198
MLI,マリ,NV.IND.TOTL.ZS,2011,23.9979253886532
MLI,マリ,NV.IND.TOTL.ZS,2012,23.4100351455807
MLI,マリ,NV.IND.TOTL.ZS,2013,22.6884096462692
MLI,マリ,NV.IND.TOTL.ZS,2014,24.0582958026283
MLI,マリ,NV.IND.TOTL.ZS,2015,22.3555320283093
MLI,マリ,NV.IND.TOTL.ZS,2016,21.8908239361417
MLI,マリ,NV.IND.TOTL.ZS,2017,22.1743386291663
MLI,マリ,NV.IND.TOTL.ZS,2018,23.2080317204235
MLI,マリ,NV.IND.TOTL.ZS,2019,23.0829741121544
MLI,マリ,NV.IND.TOTL.ZS,2020,26.7389536942111
MLI,マリ,NV.IND.TOTL.ZS,2021,25.7140408570411
MLI,マリ,NV.IND.TOTL.ZS,2022,25.8229787953173
MLI,マリ,NV.IND.TOTL.ZS,2023,26.8809778070534
MLI,マリ,NV.IND.TOTL.ZS,2024,24.4493818887214
MOZ,モザンビーク,NV.IND.TOTL.ZS,2000,19.5292283612147
MOZ,モザンビーク,NV.IND.TOTL.ZS,2001,21.3938558593765
MOZ,モザンビーク,NV.IND.TOTL.ZS,2002,17.0821002587651
MOZ,モザンビーク,NV.IND.TOTL.ZS,2003,18.8768129822828
MOZ,モザンビーク,NV.IND.TOTL.ZS,2004,19.8066623565294
MOZ,モザンビーク,NV.IND.TOTL.ZS,2005,18.6061383452371
MOZ,モザンビーク,NV.IND.TOTL.ZS,2006,19.8162320132045
MOZ,モザンビーク,NV.IND.TOTL.ZS,2007,19.5085348189008
MOZ,モザンビーク,NV.IND.TOTL.ZS,2008,17.1677445681711
MOZ,モザンビーク,NV.IND.TOTL.ZS,2009,16.9004327987887
MOZ,モザンビーク,NV.IND.TOTL.ZS,2010,16.8681862980766
MOZ,モザンビーク,NV.IND.TOTL.ZS,2011,16.5093372512898
MOZ,モザンビーク,NV.IND.TOTL.ZS,2012,16.8740038772507
MOZ,モザンビーク,NV.IND.TOTL.ZS,2013,16.4457246085988
MOZ,モザンビーク,NV.IND.TOTL.ZS,2014,17.4884683555603
MOZ,モザンビーク,NV.IND.TOTL.ZS,2015,18.6152107018236
MOZ,モザンビーク,NV.IND.TOTL.ZS,2016,20.5669830121929
MOZ,モザンビーク,NV.IND.TOTL.ZS,2017,23.6070708049686
MOZ,モザンビーク,NV.IND.TOTL.ZS,2018,25.3339200589579
MOZ,モザンビーク,NV.IND.TOTL.ZS,2019,23.8882628185244
MOZ,モザンビーク,NV.IND.TOTL.ZS,2020,21.7539907155538
MOZ,モザンビーク,NV.IND.TOTL.ZS,2021,21.9411773134421
MOZ,モザンビーク,NV.IND.TOTL.ZS,2022,23.2454561696458
MOZ,モザンビーク,NV.IND.TOTL.ZS,2023,21.5320629009049
MOZ,モザンビーク,NV.IND.TOTL.ZS,2024,21.9239967009316
MRT,モーリタニア,NV.IND.TOTL.ZS,2000,29.9518502588297
MRT,モーリタニア,NV.IND.TOTL.ZS,2001,29.0361452374828
MRT,モーリタニア,NV.IND.TOTL.ZS,2002,28.4202988789773
MRT,モーリタニア,NV.IND.TOTL.ZS,2003,26.7345508064393
MRT,モーリタニア,NV.IND.TOTL.ZS,2004,27.5321174229442
MRT,モーリタニア,NV.IND.TOTL.ZS,2005,33.1903259431241
MRT,モーリタニア,NV.IND.TOTL.ZS,2006,43.8696654452959
MRT,モーリタニア,NV.IND.TOTL.ZS,2007,37.0052476846203
MRT,モーリタニア,NV.IND.TOTL.ZS,2008,36.4890884250653
MRT,モーリタニア,NV.IND.TOTL.ZS,2009,32.7544135712229
MRT,モーリタニア,NV.IND.TOTL.ZS,2010,38.1929057291098
MRT,モーリタニア,NV.IND.TOTL.ZS,2011,44.1079037874106
MRT,モーリタニア,NV.IND.TOTL.ZS,2012,37.4741781305192
MRT,モーリタニア,NV.IND.TOTL.ZS,2013,38.6097701177997
MRT,モーリタニア,NV.IND.TOTL.ZS,2014,28.4373706611028
MRT,モーリタニア,NV.IND.TOTL.ZS,2015,22.7465105988095
MRT,モーリタニア,NV.IND.TOTL.ZS,2016,25.2197600424352
MRT,モーリタニア,NV.IND.TOTL.ZS,2017,23.7456292323677
MRT,モーリタニア,NV.IND.TOTL.ZS,2018,23.6350387192204
MRT,モーリタニア,NV.IND.TOTL.ZS,2019,28.5984350915107
MRT,モーリタニア,NV.IND.TOTL.ZS,2020,33.6465387739026
MRT,モーリタニア,NV.IND.TOTL.ZS,2021,32.0818928944898
MRT,モーリタニア,NV.IND.TOTL.ZS,2022,29.1375503330515
MRT,モーリタニア,NV.IND.TOTL.ZS,2023,30.9364727932156
MRT,モーリタニア,NV.IND.TOTL.ZS,2024,30.5052071100395
MUS,モーリシャス,NV.IND.TOTL.ZS,2000,25.640266746151
MUS,モーリシャス,NV.IND.TOTL.ZS,2001,26.3874036179347
MUS,モーリシャス,NV.IND.TOTL.ZS,2002,25.6239987275773
MUS,モーリシャス,NV.IND.TOTL.ZS,2003,24.9152577893048
MUS,モーリシャス,NV.IND.TOTL.ZS,2004,24.0862009085375
MUS,モーリシャス,NV.IND.TOTL.ZS,2005,23.0539698198427
MUS,モーリシャス,NV.IND.TOTL.ZS,2006,21.9955550253399
MUS,モーリシャス,NV.IND.TOTL.ZS,2007,22.1984737536555
MUS,モーリシャス,NV.IND.TOTL.ZS,2008,23.0209985320808
MUS,モーリシャス,NV.IND.TOTL.ZS,2009,23.0077915235519
MUS,モーリシャス,NV.IND.TOTL.ZS,2010,22.1595330116331
MUS,モーリシャス,NV.IND.TOTL.ZS,2011,21.3051130600799
MUS,モーリシャス,NV.IND.TOTL.ZS,2012,20.6501837940607
MUS,モーリシャス,NV.IND.TOTL.ZS,2013,20.0954005013634
MUS,モーリシャス,NV.IND.TOTL.ZS,2014,19.4849175221344
MUS,モーリシャス,NV.IND.TOTL.ZS,2015,18.9486991254014
MUS,モーリシャス,NV.IND.TOTL.ZS,2016,18.3463010991725
MUS,モーリシャス,NV.IND.TOTL.ZS,2017,17.5282666855876
MUS,モーリシャス,NV.IND.TOTL.ZS,2018,17.3385214007782
MUS,モーリシャス,NV.IND.TOTL.ZS,2019,16.6696822824233
MUS,モーリシャス,NV.IND.TOTL.ZS,2020,16.4140798213984
MUS,モーリシャス,NV.IND.TOTL.ZS,2021,18.0229822432452
MUS,モーリシャス,NV.IND.TOTL.ZS,2022,18.0660918735828
MUS,モーリシャス,NV.IND.TOTL.ZS,2023,17.8391234046561
MUS,モーリシャス,NV.IND.TOTL.ZS,2024,17.793162134291
MWI,マラウイ,NV.IND.TOTL.ZS,2000,19.0442214399711
MWI,マラウイ,NV.IND.TOTL.ZS,2001,17.8929694043274
MWI,マラウイ,NV.IND.TOTL.ZS,2002,19.8051602224861
MWI,マラウイ,NV.IND.TOTL.ZS,2003,21.1842295520251
MWI,マラウイ,NV.IND.TOTL.ZS,2004,18.4439345804436
MWI,マラウイ,NV.IND.TOTL.ZS,2005,17.5211453129149
MWI,マラウイ,NV.IND.TOTL.ZS,2006,19.2118062737994
MWI,マラウイ,NV.IND.TOTL.ZS,2007,21.2991638406833
MWI,マラウイ,NV.IND.TOTL.ZS,2008,18.9378891840899
MWI,マラウイ,NV.IND.TOTL.ZS,2009,18.0681311857964
MWI,マラウイ,NV.IND.TOTL.ZS,2010,17.9317288193438
MWI,マラウイ,NV.IND.TOTL.ZS,2011,18.1661996680566
MWI,マラウイ,NV.IND.TOTL.ZS,2012,17.7185220797601
MWI,マラウイ,NV.IND.TOTL.ZS,2013,17.4239449035616
MWI,マラウイ,NV.IND.TOTL.ZS,2014,17.2649267145494
MWI,マラウイ,NV.IND.TOTL.ZS,2015,17.556172133103
MWI,マラウイ,NV.IND.TOTL.ZS,2016,17.655842210407
MWI,マラウイ,NV.IND.TOTL.ZS,2017,17.747962478614
MWI,マラウイ,NV.IND.TOTL.ZS,2018,18.3907940135861
MWI,マラウイ,NV.IND.TOTL.ZS,2019,18.4990069222553
MWI,マラウイ,NV.IND.TOTL.ZS,2020,19.0817402966585
MWI,マラウイ,NV.IND.TOTL.ZS,2021,18.4239731099779
MWI,マラウイ,NV.IND.TOTL.ZS,2022,16.9073435383995
MWI,マラウイ,NV.IND.TOTL.ZS,2023,19.2940863985344
MWI,マラウイ,NV.IND.TOTL.ZS,2024,17.0754631156175
NAM,ナミビア,NV.IND.TOTL.ZS,2000,23.4721656586449
NAM,ナミビア,NV.IND.TOTL.ZS,2001,26.4736692021938
NAM,ナミビア,NV.IND.TOTL.ZS,2002,27.0947589417095
NAM,ナミビア,NV.IND.TOTL.ZS,2003,24.046084192885
NAM,ナミビア,NV.IND.TOTL.ZS,2004,25.0806097462037
NAM,ナミビア,NV.IND.TOTL.ZS,2005,24.7834954243766
NAM,ナミビア,NV.IND.TOTL.ZS,2006,30.1227634369521
NAM,ナミビア,NV.IND.TOTL.ZS,2007,31.8127689142862
NAM,ナミビア,NV.IND.TOTL.ZS,2008,34.1905617107713
NAM,ナミビア,NV.IND.TOTL.ZS,2009,28.7519450755932
NAM,ナミビア,NV.IND.TOTL.ZS,2010,27.429068418358
NAM,ナミビア,NV.IND.TOTL.ZS,2011,29.3288911804647
NAM,ナミビア,NV.IND.TOTL.ZS,2012,29.9807546724013
NAM,ナミビア,NV.IND.TOTL.ZS,2013,26.5483435015895
NAM,ナミビア,NV.IND.TOTL.ZS,2014,26.630102972046
NAM,ナミビア,NV.IND.TOTL.ZS,2015,27.5636536225028
NAM,ナミビア,NV.IND.TOTL.ZS,2016,27.5134032744188
NAM,ナミビア,NV.IND.TOTL.ZS,2017,26.0770180870695
NAM,ナミビア,NV.IND.TOTL.ZS,2018,26.869904619845
NAM,ナミビア,NV.IND.TOTL.ZS,2019,27.0505811124767
NAM,ナミビア,NV.IND.TOTL.ZS,2020,25.8187349480714
NAM,ナミビア,NV.IND.TOTL.ZS,2021,24.4475967861445
NAM,ナミビア,NV.IND.TOTL.ZS,2022,27.11172557706
NAM,ナミビア,NV.IND.TOTL.ZS,2023,30.6216880290967
NAM,ナミビア,NV.IND.TOTL.ZS,2024,29.5325900513732
NER,ニジェール,NV.IND.TOTL.ZS,2000,18.0983791582371
NER,ニジェール,NV.IND.TOTL.ZS,2001,17.2090719474884
NER,ニジェール,NV.IND.TOTL.ZS,2002,16.5393297044005
NER,ニジェール,NV.IND.TOTL.ZS,2003,17.3087523149077
NER,ニジェール,NV.IND.TOTL.ZS,2004,17.7534672936549
NER,ニジェール,NV.IND.TOTL.ZS,2005,16.3274879150549
NER,ニジェール,NV.IND.TOTL.ZS,2006,16.6265686310414
NER,ニジェール,NV.IND.TOTL.ZS,2007,19.6749864140836
NER,ニジェール,NV.IND.TOTL.ZS,2008,21.2545623661563
NER,ニジェール,NV.IND.TOTL.ZS,2009,22.3397565462644
NER,ニジェール,NV.IND.TOTL.ZS,2010,23.0003411876002
NER,ニジェール,NV.IND.TOTL.ZS,2011,22.7795105220039
NER,ニジェール,NV.IND.TOTL.ZS,2012,26.5372397334702
NER,ニジェール,NV.IND.TOTL.ZS,2013,26.0465019475956
NER,ニジェール,NV.IND.TOTL.ZS,2014,23.6059602383299
NER,ニジェール,NV.IND.TOTL.ZS,2015,22.5383286848915
NER,ニジェール,NV.IND.TOTL.ZS,2016,21.242496389367
NER,ニジェール,NV.IND.TOTL.ZS,2017,20.561494013468
NER,ニジェール,NV.IND.TOTL.ZS,2018,19.0863881970443
NER,ニジェール,NV.IND.TOTL.ZS,2019,20.868402300904
NER,ニジェール,NV.IND.TOTL.ZS,2020,19.3470191218221
NER,ニジェール,NV.IND.TOTL.ZS,2021,19.1356274247573
NER,ニジェール,NV.IND.TOTL.ZS,2022,17.7519854309675
NER,ニジェール,NV.IND.TOTL.ZS,2023,17.4144203773581
NER,ニジェール,NV.IND.TOTL.ZS,2024,17.3014386031403
NGA,ナイジェリア,NV.IND.TOTL.ZS,2000,33.823003290999
NGA,ナイジェリア,NV.IND.TOTL.ZS,2001,28.2762662656489
NGA,ナイジェリア,NV.IND.TOTL.ZS,2002,23.0408371863292
NGA,ナイジェリア,NV.IND.TOTL.ZS,2003,26.0024149026732
NGA,ナイジェリア,NV.IND.TOTL.ZS,2004,28.390040064544
NGA,ナイジェリア,NV.IND.TOTL.ZS,2005,28.2015834476344
NGA,ナイジェリア,NV.IND.TOTL.ZS,2006,25.7516355955536
NGA,ナイジェリア,NV.IND.TOTL.ZS,2007,24.344717837607
NGA,ナイジェリア,NV.IND.TOTL.ZS,2008,24.7142488981493
NGA,ナイジェリア,NV.IND.TOTL.ZS,2009,21.236761481448
NGA,ナイジェリア,NV.IND.TOTL.ZS,2010,25.3174522378126
NGA,ナイジェリア,NV.IND.TOTL.ZS,2011,28.2777998870502
NGA,ナイジェリア,NV.IND.TOTL.ZS,2012,27.0730175029593
NGA,ナイジェリア,NV.IND.TOTL.ZS,2013,25.7423212364316
NGA,ナイジェリア,NV.IND.TOTL.ZS,2014,24.6436085906069
NGA,ナイジェリア,NV.IND.TOTL.ZS,2015,20.160782897492
NGA,ナイジェリア,NV.IND.TOTL.ZS,2016,18.17313172689
NGA,ナイジェリア,NV.IND.TOTL.ZS,2017,22.3151171946859
NGA,ナイジェリア,NV.IND.TOTL.ZS,2018,25.7333065832929
NGA,ナイジェリア,NV.IND.TOTL.ZS,2019,21.0040409410141
NGA,ナイジェリア,NV.IND.TOTL.ZS,2020,18.36499630957
NGA,ナイジェリア,NV.IND.TOTL.ZS,2021,18.2539292141029
NGA,ナイジェリア,NV.IND.TOTL.ZS,2022,19.1690558861491
NGA,ナイジェリア,NV.IND.TOTL.ZS,2023,19.1302382466487
NGA,ナイジェリア,NV.IND.TOTL.ZS,2024,18.1967486362453
RWA,ルワンダ,NV.IND.TOTL.ZS,2000,16.8199894205861
RWA,ルワンダ,NV.IND.TOTL.ZS,2001,16.4383277981487
RWA,ルワンダ,NV.IND.TOTL.ZS,2002,16.3918384200183
RWA,ルワンダ,NV.IND.TOTL.ZS,2003,14.2873220806925
RWA,ルワンダ,NV.IND.TOTL.ZS,2004,14.5850139685545
RWA,ルワンダ,NV.IND.TOTL.ZS,2005,14.9498202744611
RWA,ルワンダ,NV.IND.TOTL.ZS,2006,16.0533855705121
RWA,ルワンダ,NV.IND.TOTL.ZS,2007,16.9522530235253
RWA,ルワンダ,NV.IND.TOTL.ZS,2008,16.4518609361601
RWA,ルワンダ,NV.IND.TOTL.ZS,2009,15.8875875856559
RWA,ルワンダ,NV.IND.TOTL.ZS,2010,16.5245338051269
RWA,ルワンダ,NV.IND.TOTL.ZS,2011,18.3874761244512
RWA,ルワンダ,NV.IND.TOTL.ZS,2012,18.4620756532774
RWA,ルワンダ,NV.IND.TOTL.ZS,2013,17.8582103688638
RWA,ルワンダ,NV.IND.TOTL.ZS,2014,17.7866580515786
RWA,ルワンダ,NV.IND.TOTL.ZS,2015,17.646380467203
RWA,ルワンダ,NV.IND.TOTL.ZS,2016,17.0298263869752
RWA,ルワンダ,NV.IND.TOTL.ZS,2017,17.4511150472023
RWA,ルワンダ,NV.IND.TOTL.ZS,2018,17.5630583877926
RWA,ルワンダ,NV.IND.TOTL.ZS,2019,19.2240401187369
RWA,ルワンダ,NV.IND.TOTL.ZS,2020,19.1415388692569
RWA,ルワンダ,NV.IND.TOTL.ZS,2021,21.1980328228289
RWA,ルワンダ,NV.IND.TOTL.ZS,2022,21.7535065322494
RWA,ルワンダ,NV.IND.TOTL.ZS,2023,21.4768679680262
RWA,ルワンダ,NV.IND.TOTL.ZS,2024,22.0688127135735
SDN,スーダン,NV.IND.TOTL.ZS,2000,20.0797178625874
SDN,スーダン,NV.IND.TOTL.ZS,2001,19.5381154442319
SDN,スーダン,NV.IND.TOTL.ZS,2002,20.7757913955766
SDN,スーダン,NV.IND.TOTL.ZS,2003,19.8413102544769
SDN,スーダン,NV.IND.TOTL.ZS,2004,21.4151752034683
SDN,スーダン,NV.IND.TOTL.ZS,2005,21.9763462611458
SDN,スーダン,NV.IND.TOTL.ZS,2006,22.9778613068907
SDN,スーダン,NV.IND.TOTL.ZS,2007,26.3285235935348
SDN,スーダン,NV.IND.TOTL.ZS,2008,28.2073396404398
SDN,スーダン,NV.IND.TOTL.ZS,2009,25.6508731569437
SDN,スーダン,NV.IND.TOTL.ZS,2010,20.4000000028071
SDN,スーダン,NV.IND.TOTL.ZS,2011,20.3999999944516
SDN,スーダン,NV.IND.TOTL.ZS,2012,20.4000000003543
SDN,スーダン,NV.IND.TOTL.ZS,2013,21.1000000025472
SDN,スーダン,NV.IND.TOTL.ZS,2014,16.0000000018153
SDN,スーダン,NV.IND.TOTL.ZS,2015,15.4000000002734
SDN,スーダン,NV.IND.TOTL.ZS,2016,16.9000000015638
SDN,スーダン,NV.IND.TOTL.ZS,2017,17.2999999991349
SDN,スーダン,NV.IND.TOTL.ZS,2018,20.6999999991489
SDN,スーダン,NV.IND.TOTL.ZS,2019,21.7999999999489
SDN,スーダン,NV.IND.TOTL.ZS,2020,21.5
SDN,スーダン,NV.IND.TOTL.ZS,2021,22.5000000000373
SDN,スーダン,NV.IND.TOTL.ZS,2022,22.2
SDN,スーダン,NV.IND.TOTL.ZS,2023,28.3364187359122
SDN,スーダン,NV.IND.TOTL.ZS,2024,23.1519847472415
SEN,セネガル,NV.IND.TOTL.ZS,2000,24.0081947042607
SEN,セネガル,NV.IND.TOTL.ZS,2001,23.8843480318636
SEN,セネガル,NV.IND.TOTL.ZS,2002,24.7837929266149
SEN,セネガル,NV.IND.TOTL.ZS,2003,24.2086161157819
SEN,セネガル,NV.IND.TOTL.ZS,2004,25.0673709569857
SEN,セネガル,NV.IND.TOTL.ZS,2005,23.6818582271971
SEN,セネガル,NV.IND.TOTL.ZS,2006,23.4152166861911
SEN,セネガル,NV.IND.TOTL.ZS,2007,23.6352865631739
SEN,セネガル,NV.IND.TOTL.ZS,2008,22.0817260947223
SEN,セネガル,NV.IND.TOTL.ZS,2009,22.0007291744608
SEN,セネガル,NV.IND.TOTL.ZS,2010,21.7761763055679
SEN,セネガル,NV.IND.TOTL.ZS,2011,23.3061329625455
SEN,セネガル,NV.IND.TOTL.ZS,2012,23.1117975253125
SEN,セネガル,NV.IND.TOTL.ZS,2013,24.294212523467
SEN,セネガル,NV.IND.TOTL.ZS,2014,23.1526032786161
SEN,セネガル,NV.IND.TOTL.ZS,2015,23.586664319394
SEN,セネガル,NV.IND.TOTL.ZS,2016,23.3440535101312
SEN,セネガル,NV.IND.TOTL.ZS,2017,23.3126616353809
SEN,セネガル,NV.IND.TOTL.ZS,2018,24.0134453886227
SEN,セネガル,NV.IND.TOTL.ZS,2019,23.5728096206578
SEN,セネガル,NV.IND.TOTL.ZS,2020,23.2090411645804
SEN,セネガル,NV.IND.TOTL.ZS,2021,23.9124863648596
SEN,セネガル,NV.IND.TOTL.ZS,2022,24.8999790711237
SEN,セネガル,NV.IND.TOTL.ZS,2023,22.888647826957
SEN,セネガル,NV.IND.TOTL.ZS,2024,25.3624818539801
SLE,シエラレオネ,NV.IND.TOTL.ZS,2000,26.7592113729712
SLE,シエラレオネ,NV.IND.TOTL.ZS,2001,8.02011314843721
SLE,シエラレオネ,NV.IND.TOTL.ZS,2002,8.92815293953229
SLE,シエラレオネ,NV.IND.TOTL.ZS,2003,10.4640211289669
SLE,シエラレオネ,NV.IND.TOTL.ZS,2004,11.9277477569509
SLE,シエラレオネ,NV.IND.TOTL.ZS,2005,11.4194355058338
SLE,シエラレオネ,NV.IND.TOTL.ZS,2006,25.2475228320461
SLE,シエラレオネ,NV.IND.TOTL.ZS,2007,24.3286197684471
SLE,シエラレオネ,NV.IND.TOTL.ZS,2008,22.4354575177107
SLE,シエラレオネ,NV.IND.TOTL.ZS,2009,19.4026088860298
SLE,シエラレオネ,NV.IND.TOTL.ZS,2010,20.2650996328359
SLE,シエラレオネ,NV.IND.TOTL.ZS,2011,19.6837646221541
SLE,シエラレオネ,NV.IND.TOTL.ZS,2012,23.5297216066996
SLE,シエラレオネ,NV.IND.TOTL.ZS,2013,26.4303748873975
SLE,シエラレオネ,NV.IND.TOTL.ZS,2014,20.452711739982
SLE,シエラレオネ,NV.IND.TOTL.ZS,2015,16.6428629261418
SLE,シエラレオネ,NV.IND.TOTL.ZS,2016,19.515679548632
SLE,シエラレオネ,NV.IND.TOTL.ZS,2017,19.5143905015015
SLE,シエラレオネ,NV.IND.TOTL.ZS,2018,17.510686344572
SLE,シエラレオネ,NV.IND.TOTL.ZS,2019,17.9304531714096
SLE,シエラレオネ,NV.IND.TOTL.ZS,2020,17.6375324657774
SLE,シエラレオネ,NV.IND.TOTL.ZS,2021,19.1836741354882
SLE,シエラレオネ,NV.IND.TOTL.ZS,2022,20.7563898924633
SLE,シエラレオネ,NV.IND.TOTL.ZS,2023,26.0790881010936
SLE,シエラレオネ,NV.IND.TOTL.ZS,2024,25.5643098640533
SOM,ソマリア,NV.IND.TOTL.ZS,2000,
SOM,ソマリア,NV.IND.TOTL.ZS,2001,
SOM,ソマリア,NV.IND.TOTL.ZS,2002,
SOM,ソマリア,NV.IND.TOTL.ZS,2003,
SOM,ソマリア,NV.IND.TOTL.ZS,2004,
SOM,ソマリア,NV.IND.TOTL.ZS,2005,
SOM,ソマリア,NV.IND.TOTL.ZS,2006,
SOM,ソマリア,NV.IND.TOTL.ZS,2007,
SOM,ソマリア,NV.IND.TOTL.ZS,2008,
SOM,ソマリア,NV.IND.TOTL.ZS,2009,
SOM,ソマリア,NV.IND.TOTL.ZS,2010,
SOM,ソマリア,NV.IND.TOTL.ZS,2011,
SOM,ソマリア,NV.IND.TOTL.ZS,2012,
SOM,ソマリア,NV.IND.TOTL.ZS,2013,
SOM,ソマリア,NV.IND.TOTL.ZS,2014,
SOM,ソマリア,NV.IND.TOTL.ZS,2015,
SOM,ソマリア,NV.IND.TOTL.ZS,2016,
SOM,ソマリア,NV.IND.TOTL.ZS,2017,
SOM,ソマリア,NV.IND.TOTL.ZS,2018,
SOM,ソマリア,NV.IND.TOTL.ZS,2019,
SOM,ソマリア,NV.IND.TOTL.ZS,2020,
SOM,ソマリア,NV.IND.TOTL.ZS,2021,
SOM,ソマリア,NV.IND.TOTL.ZS,2022,
SOM,ソマリア,NV.IND.TOTL.ZS,2023,
SOM,ソマリア,NV.IND.TOTL.ZS,2024,
SSD,南スーダン,NV.IND.TOTL.ZS,2000,
SSD,南スーダン,NV.IND.TOTL.ZS,2001,
SSD,南スーダン,NV.IND.TOTL.ZS,2002,
SSD,南スーダン,NV.IND.TOTL.ZS,2003,
SSD,南スーダン,NV.IND.TOTL.ZS,2004,
SSD,南スーダン,NV.IND.TOTL.ZS,2005,
SSD,南スーダン,NV.IND.TOTL.ZS,2006,
SSD,南スーダン,NV.IND.TOTL.ZS,2007,
SSD,南スーダン,NV.IND.TOTL.ZS,2008,59.1868406244764
SSD,南スーダン,NV.IND.TOTL.ZS,2009,59.2778277419938
SSD,南スーダン,NV.IND.TOTL.ZS,2010,61.1436996609911
SSD,南スーダン,NV.IND.TOTL.ZS,2011,61.2256432446357
SSD,南スーダン,NV.IND.TOTL.ZS,2012,51.1502922242999
SSD,南スーダン,NV.IND.TOTL.ZS,2013,22.2248278451082
SSD,南スーダン,NV.IND.TOTL.ZS,2014,46.6994007328919
SSD,南スーダン,NV.IND.TOTL.ZS,2015,33.0945353993221
SSD,南スーダン,NV.IND.TOTL.ZS,2016,
SSD,南スーダン,NV.IND.TOTL.ZS,2017,
SSD,南スーダン,NV.IND.TOTL.ZS,2018,
SSD,南スーダン,NV.IND.TOTL.ZS,2019,
SSD,南スーダン,NV.IND.TOTL.ZS,2020,
SSD,南スーダン,NV.IND.TOTL.ZS,2021,
SSD,南スーダン,NV.IND.TOTL.ZS,2022,
SSD,南スーダン,NV.IND.TOTL.ZS,2023,
SSD,南スーダン,NV.IND.TOTL.ZS,2024,
STP,サントメ・プリンシペ,NV.IND.TOTL.ZS,2000,
STP,サントメ・プリンシペ,NV.IND.TOTL.ZS,2001,
STP,サントメ・プリンシペ,NV.IND.TOTL.ZS,2002,
STP,サントメ・プリンシペ,NV.IND.TOTL.ZS,2003,
STP,サントメ・プリンシペ,NV.IND.TOTL.ZS,2004,
STP,サントメ・プリンシペ,NV.IND.TOTL.ZS,2005,
STP,サントメ・プリンシペ,NV.IND.TOTL.ZS,2006,
STP,サントメ・プリンシペ,NV.IND.TOTL.ZS,2007,
STP,サントメ・プリンシペ,NV.IND.TOTL.ZS,2008,15.6164167398658
STP,サントメ・プリンシペ,NV.IND.TOTL.ZS,2009,16.2938340677334
STP,サントメ・プリンシペ,NV.IND.TOTL.ZS,2010,14.6892729961318
STP,サントメ・プリンシペ,NV.IND.TOTL.ZS,2011,11.9865058848595
STP,サントメ・プリンシペ,NV.IND.TOTL.ZS,2012,12.1111029187838
STP,サントメ・プリンシペ,NV.IND.TOTL.ZS,2013,13.3437075212036
STP,サントメ・プリンシペ,NV.IND.TOTL.ZS,2014,12.8163490377908
STP,サントメ・プリンシペ,NV.IND.TOTL.ZS,2015,11.6794591576073
STP,サントメ・プリンシペ,NV.IND.TOTL.ZS,2016,10.3295203947605
STP,サントメ・プリンシペ,NV.IND.TOTL.ZS,2017,9.07470301028009
STP,サントメ・プリンシペ,NV.IND.TOTL.ZS,2018,8.38826200521501
STP,サントメ・プリンシペ,NV.IND.TOTL.ZS,2019,7.52611285056454
STP,サントメ・プリンシペ,NV.IND.TOTL.ZS,2020,6.0588366873729
STP,サントメ・プリンシペ,NV.IND.TOTL.ZS,2021,5.04457167443837
STP,サントメ・プリンシペ,NV.IND.TOTL.ZS,2022,4.3554064353605
STP,サントメ・プリンシペ,NV.IND.TOTL.ZS,2023,2.72715391447786
STP,サントメ・プリンシペ,NV.IND.TOTL.ZS,2024,2.25414592437041
SWZ,エスワティニ,NV.IND.TOTL.ZS,2000,40.5992598426629
SWZ,エスワティニ,NV.IND.TOTL.ZS,2001,40.5236959549355
SWZ,エスワティニ,NV.IND.TOTL.ZS,2002,40.6081262544602
SWZ,エスワティニ,NV.IND.TOTL.ZS,2003,39.4301244039439
SWZ,エスワティニ,NV.IND.TOTL.ZS,2004,41.0771172653395
SWZ,エスワティニ,NV.IND.TOTL.ZS,2005,41.0212746530708
SWZ,エスワティニ,NV.IND.TOTL.ZS,2006,40.8003700979418
SWZ,エスワティニ,NV.IND.TOTL.ZS,2007,41.1762081293634
SWZ,エスワティニ,NV.IND.TOTL.ZS,2008,40.0734428796074
SWZ,エスワティニ,NV.IND.TOTL.ZS,2009,40.6050176238161
SWZ,エスワティニ,NV.IND.TOTL.ZS,2010,38.7137888432086
SWZ,エスワティニ,NV.IND.TOTL.ZS,2011,37.8793869465389
SWZ,エスワティニ,NV.IND.TOTL.ZS,2012,37.7231797224699
SWZ,エスワティニ,NV.IND.TOTL.ZS,2013,36.5678764085872
SWZ,エスワティニ,NV.IND.TOTL.ZS,2014,36.1654875610372
SWZ,エスワティニ,NV.IND.TOTL.ZS,2015,36.9658639938824
SWZ,エスワティニ,NV.IND.TOTL.ZS,2016,37.821426598306
SWZ,エスワティニ,NV.IND.TOTL.ZS,2017,34.9112500521839
SWZ,エスワティニ,NV.IND.TOTL.ZS,2018,34.0032885839109
SWZ,エスワティニ,NV.IND.TOTL.ZS,2019,34.6470784405459
SWZ,エスワティニ,NV.IND.TOTL.ZS,2020,31.4449555517552
SWZ,エスワティニ,NV.IND.TOTL.ZS,2021,33.159909885424
SWZ,エスワティニ,NV.IND.TOTL.ZS,2022,34.6863783098992
SWZ,エスワティニ,NV.IND.TOTL.ZS,2023,34.5064388032849
SWZ,エスワティニ,NV.IND.TOTL.ZS,2024,34.7365662380883
SYC,セーシェル,NV.IND.TOTL.ZS,2000,41.7175677617359
SYC,セーシェル,NV.IND.TOTL.ZS,2001,40.3770010669744
SYC,セーシェル,NV.IND.TOTL.ZS,2002,43.5117612493021
SYC,セーシェル,NV.IND.TOTL.ZS,2003,39.3949624195466
SYC,セーシェル,NV.IND.TOTL.ZS,2004,21.2664381340441
SYC,セーシェル,NV.IND.TOTL.ZS,2005,23.5711088030511
SYC,セーシェル,NV.IND.TOTL.ZS,2006,23.3438748508432
SYC,セーシェル,NV.IND.TOTL.ZS,2007,23.0158256328238
SYC,セーシェル,NV.IND.TOTL.ZS,2008,22.4143519418529
SYC,セーシェル,NV.IND.TOTL.ZS,2009,20.1824627484302
SYC,セーシェル,NV.IND.TOTL.ZS,2010,19.6134912354854
SYC,セーシェル,NV.IND.TOTL.ZS,2011,20.6952608634553
SYC,セーシェル,NV.IND.TOTL.ZS,2012,19.7343819448264
SYC,セーシェル,NV.IND.TOTL.ZS,2013,16.5413009747671
SYC,セーシェル,NV.IND.TOTL.ZS,2014,15.7700469714181
SYC,セーシェル,NV.IND.TOTL.ZS,2015,14.2030327151444
SYC,セーシェル,NV.IND.TOTL.ZS,2016,13.6909528775658
SYC,セーシェル,NV.IND.TOTL.ZS,2017,11.7738883980069
SYC,セーシェル,NV.IND.TOTL.ZS,2018,11.8099756005606
SYC,セーシェル,NV.IND.TOTL.ZS,2019,12.2185624290623
SYC,セーシェル,NV.IND.TOTL.ZS,2020,14.271545381162
SYC,セーシェル,NV.IND.TOTL.ZS,2021,11.7537279327877
SYC,セーシェル,NV.IND.TOTL.ZS,2022,12.12283632287
SYC,セーシェル,NV.IND.TOTL.ZS,2023,13.295595742584
SYC,セーシェル,NV.IND.TOTL.ZS,2024,13.4190142367438
TCD,チャド,NV.IND.TOTL.ZS,2000,10.9126742297265
TCD,チャド,NV.IND.TOTL.ZS,2001,13.0831347755703
TCD,チャド,NV.IND.TOTL.ZS,2002,14.2598695954881
TCD,チャド,NV.IND.TOTL.ZS,2003,30.0655483375136
TCD,チャド,NV.IND.TOTL.ZS,2004,39.0982018059117
TCD,チャド,NV.IND.TOTL.ZS,2005,39.9644961738127
TCD,チャド,NV.IND.TOTL.ZS,2006,39.4591190324475
TCD,チャド,NV.IND.TOTL.ZS,2007,41.0245051426906
TCD,チャド,NV.IND.TOTL.ZS,2008,42.2215131050333
TCD,チャド,NV.IND.TOTL.ZS,2009,34.9025737106603
TCD,チャド,NV.IND.TOTL.ZS,2010,37.9286133933223
TCD,チャド,NV.IND.TOTL.ZS,2011,41.0747792133064
TCD,チャド,NV.IND.TOTL.ZS,2012,43.4028876654672
TCD,チャド,NV.IND.TOTL.ZS,2013,38.4745522079809
TCD,チャド,NV.IND.TOTL.ZS,2014,37.1094347348857
TCD,チャド,NV.IND.TOTL.ZS,2015,33.9182904673272
TCD,チャド,NV.IND.TOTL.ZS,2016,25.3450186548517
TCD,チャド,NV.IND.TOTL.ZS,2017,26.4585882128612
TCD,チャド,NV.IND.TOTL.ZS,2018,29.0064942875454
TCD,チャド,NV.IND.TOTL.ZS,2019,28.75903709786
TCD,チャド,NV.IND.TOTL.ZS,2020,23.903002699075
TCD,チャド,NV.IND.TOTL.ZS,2021,28.6098546099848
TCD,チャド,NV.IND.TOTL.ZS,2022,33.0636052300641
TCD,チャド,NV.IND.TOTL.ZS,2023,30.7971003752402
TCD,チャド,NV.IND.TOTL.ZS,2024,28.7578773684714
TGO,トーゴ,NV.IND.TOTL.ZS,2000,30.3028277716404
TGO,トーゴ,NV.IND.TOTL.ZS,2001,29.378615828701
TGO,トーゴ,NV.IND.TOTL.ZS,2002,30.2198722396307
TGO,トーゴ,NV.IND.TOTL.ZS,2003,31.0741865107219
TGO,トーゴ,NV.IND.TOTL.ZS,2004,28.0385993487176
TGO,トーゴ,NV.IND.TOTL.ZS,2005,24.4297143100711
TGO,トーゴ,NV.IND.TOTL.ZS,2006,25.0511547993418
TGO,トーゴ,NV.IND.TOTL.ZS,2007,26.2884068802458
TGO,トーゴ,NV.IND.TOTL.ZS,2008,23.8623598669256
TGO,トーゴ,NV.IND.TOTL.ZS,2009,20.6628801268805
TGO,トーゴ,NV.IND.TOTL.ZS,2010,20.3367703008535
TGO,トーゴ,NV.IND.TOTL.ZS,2011,21.7641490273027
TGO,トーゴ,NV.IND.TOTL.ZS,2012,20.0154635557205
TGO,トーゴ,NV.IND.TOTL.ZS,2013,22.1985252830239
TGO,トーゴ,NV.IND.TOTL.ZS,2014,23.8476899946971
TGO,トーゴ,NV.IND.TOTL.ZS,2015,22.8664405321196
TGO,トーゴ,NV.IND.TOTL.ZS,2016,20.8834101208291
TGO,トーゴ,NV.IND.TOTL.ZS,2017,20.4016230144725
TGO,トーゴ,NV.IND.TOTL.ZS,2018,21.0297583235942
TGO,トーゴ,NV.IND.TOTL.ZS,2019,19.3445737400915
TGO,トーゴ,NV.IND.TOTL.ZS,2020,20.1418010121018
TGO,トーゴ,NV.IND.TOTL.ZS,2021,20.0216103603057
TGO,トーゴ,NV.IND.TOTL.ZS,2022,21.2257076314374
TGO,トーゴ,NV.IND.TOTL.ZS,2023,20.6747193049682
TGO,トーゴ,NV.IND.TOTL.ZS,2024,20.444604561795
TUN,チュニジア,NV.IND.TOTL.ZS,2000,26.8066210495559
TUN,チュニジア,NV.IND.TOTL.ZS,2001,26.4366983342993
TUN,チュニジア,NV.IND.TOTL.ZS,2002,26.5762343014844
TUN,チュニジア,NV.IND.TOTL.ZS,2003,25.5614419956351
TUN,チュニジア,NV.IND.TOTL.ZS,2004,25.5797726482743
TUN,チュニジア,NV.IND.TOTL.ZS,2005,26.4335697738291
TUN,チュニジア,NV.IND.TOTL.ZS,2006,27.1847312495356
TUN,チュニジア,NV.IND.TOTL.ZS,2007,28.9083416057516
TUN,チュニジア,NV.IND.TOTL.ZS,2008,31.44941852471
TUN,チュニジア,NV.IND.TOTL.ZS,2009,28.0412153272481
TUN,チュニジア,NV.IND.TOTL.ZS,2010,29.5235517709565
TUN,チュニジア,NV.IND.TOTL.ZS,2011,30.54812597421
TUN,チュニジア,NV.IND.TOTL.ZS,2012,30.1215368230456
TUN,チュニジア,NV.IND.TOTL.ZS,2013,29.1379467288349
TUN,チュニジア,NV.IND.TOTL.ZS,2014,27.1288836396189
TUN,チュニジア,NV.IND.TOTL.ZS,2015,24.8970515198959
TUN,チュニジア,NV.IND.TOTL.ZS,2016,24.0076023041992
TUN,チュニジア,NV.IND.TOTL.ZS,2017,23.624101204276
TUN,チュニジア,NV.IND.TOTL.ZS,2018,23.6862252235906
TUN,チュニジア,NV.IND.TOTL.ZS,2019,23.2353115777678
TUN,チュニジア,NV.IND.TOTL.ZS,2020,21.5120069019708
TUN,チュニジア,NV.IND.TOTL.ZS,2021,23.3568690771039
TUN,チュニジア,NV.IND.TOTL.ZS,2022,25.9624438396638
TUN,チュニジア,NV.IND.TOTL.ZS,2023,24.0937583898893
TUN,チュニジア,NV.IND.TOTL.ZS,2024,22.5572512872385
TZA,タンザニア,NV.IND.TOTL.ZS,2000,19.21152665607
TZA,タンザニア,NV.IND.TOTL.ZS,2001,19.3805148755861
TZA,タンザニア,NV.IND.TOTL.ZS,2002,21.4945294072568
TZA,タンザニア,NV.IND.TOTL.ZS,2003,23.2451517323038
TZA,タンザニア,NV.IND.TOTL.ZS,2004,23.1054997824457
TZA,タンザニア,NV.IND.TOTL.ZS,2005,22.9395155844488
TZA,タンザニア,NV.IND.TOTL.ZS,2006,22.84522243779
TZA,タンザニア,NV.IND.TOTL.ZS,2007,23.1971900747875
TZA,タンザニア,NV.IND.TOTL.ZS,2008,23.7375391938967
TZA,タンザニア,NV.IND.TOTL.ZS,2009,21.6769086388074
TZA,タンザニア,NV.IND.TOTL.ZS,2010,23.5561736572068
TZA,タンザニア,NV.IND.TOTL.ZS,2011,26.3820840879185
TZA,タンザニア,NV.IND.TOTL.ZS,2012,25.3994987211663
TZA,タンザニア,NV.IND.TOTL.ZS,2013,25.4467450324696
TZA,タンザニア,NV.IND.TOTL.ZS,2014,25.1415034758525
TZA,タンザニア,NV.IND.TOTL.ZS,2015,24.4873501095853
TZA,タンザニア,NV.IND.TOTL.ZS,2016,24.8583993681558
TZA,タンザニア,NV.IND.TOTL.ZS,2017,25.0421511861537
TZA,タンザニア,NV.IND.TOTL.ZS,2018,27.0077655110967
TZA,タンザニア,NV.IND.TOTL.ZS,2019,28.6718333565052
TZA,タンザニア,NV.IND.TOTL.ZS,2020,27.0844502877132
TZA,タンザニア,NV.IND.TOTL.ZS,2021,27.2961418878518
TZA,タンザニア,NV.IND.TOTL.ZS,2022,27.6848111756783
TZA,タンザニア,NV.IND.TOTL.ZS,2023,28.0339433523146
TZA,タンザニア,NV.IND.TOTL.ZS,2024,28.5715529789959
UGA,ウガンダ,NV.IND.TOTL.ZS,2000,21.4381815994678
UGA,ウガンダ,NV.IND.TOTL.ZS,2001,21.168654308304
UGA,ウガンダ,NV.IND.TOTL.ZS,2002,22.9201021171547
UGA,ウガンダ,NV.IND.TOTL.ZS,2003,22.6767077659616
UGA,ウガンダ,NV.IND.TOTL.ZS,2004,20.8640088141741
UGA,ウガンダ,NV.IND.TOTL.ZS,2005,23.5101064935397
UGA,ウガンダ,NV.IND.TOTL.ZS,2006,22.7661611506903
UGA,ウガンダ,NV.IND.TOTL.ZS,2007,25.0773314305706
UGA,ウガンダ,NV.IND.TOTL.ZS,2008,25.768110035453
UGA,ウガンダ,NV.IND.TOTL.ZS,2009,27.2861852856713
UGA,ウガンダ,NV.IND.TOTL.ZS,2010,27.5918336188994
UGA,ウガンダ,NV.IND.TOTL.ZS,2011,27.5582956754514
UGA,ウガンダ,NV.IND.TOTL.ZS,2012,27.1786073378959
UGA,ウガンダ,NV.IND.TOTL.ZS,2013,25.4646646803777
UGA,ウガンダ,NV.IND.TOTL.ZS,2014,25.222682012996
UGA,ウガンダ,NV.IND.TOTL.ZS,2015,27.1098848763257
UGA,ウガンダ,NV.IND.TOTL.ZS,2016,26.1664603884593
UGA,ウガンダ,NV.IND.TOTL.ZS,2017,26.0309948147929
UGA,ウガンダ,NV.IND.TOTL.ZS,2018,26.2360116484378
UGA,ウガンダ,NV.IND.TOTL.ZS,2019,26.6204366953482
UGA,ウガンダ,NV.IND.TOTL.ZS,2020,26.4905245869762
UGA,ウガンダ,NV.IND.TOTL.ZS,2021,27.149441688847
UGA,ウガンダ,NV.IND.TOTL.ZS,2022,26.7661486333726
UGA,ウガンダ,NV.IND.TOTL.ZS,2023,25.7532114394482
UGA,ウガンダ,NV.IND.TOTL.ZS,2024,24.8658125296098
ZAF,南アフリカ共和国,NV.IND.TOTL.ZS,2000,28.2297555130289
ZAF,南アフリカ共和国,NV.IND.TOTL.ZS,2001,28.531613122664
ZAF,南アフリカ共和国,NV.IND.TOTL.ZS,2002,28.5059160154765
ZAF,南アフリカ共和国,NV.IND.TOTL.ZS,2003,26.8928680646111
ZAF,南アフリカ共和国,NV.IND.TOTL.ZS,2004,26.3036366679746
ZAF,南アフリカ共和国,NV.IND.TOTL.ZS,2005,26.0150792659507
ZAF,南アフリカ共和国,NV.IND.TOTL.ZS,2006,24.8591176319147
ZAF,南アフリカ共和国,NV.IND.TOTL.ZS,2007,25.2946183090828
ZAF,南アフリカ共和国,NV.IND.TOTL.ZS,2008,26.9415561091344
ZAF,南アフリカ共和国,NV.IND.TOTL.ZS,2009,25.7430761887593
ZAF,南アフリカ共和国,NV.IND.TOTL.ZS,2010,25.3034630993363
ZAF,南アフリカ共和国,NV.IND.TOTL.ZS,2011,24.8394911507999
ZAF,南アフリカ共和国,NV.IND.TOTL.ZS,2012,24.4686002355753
ZAF,南アフリカ共和国,NV.IND.TOTL.ZS,2013,24.5517417673484
ZAF,南アフリカ共和国,NV.IND.TOTL.ZS,2014,24.3052820058227
ZAF,南アフリカ共和国,NV.IND.TOTL.ZS,2015,23.7323079746326
ZAF,南アフリカ共和国,NV.IND.TOTL.ZS,2016,23.7825372977493
ZAF,南アフリカ共和国,NV.IND.TOTL.ZS,2017,23.6105564955695
ZAF,南アフリカ共和国,NV.IND.TOTL.ZS,2018,23.5370608392744
ZAF,南アフリカ共和国,NV.IND.TOTL.ZS,2019,23.6220152843652
ZAF,南アフリカ共和国,NV.IND.TOTL.ZS,2020,23.3394384079582
ZAF,南アフリカ共和国,NV.IND.TOTL.ZS,2021,24.9006017482132
ZAF,南アフリカ共和国,NV.IND.TOTL.ZS,2022,24.9820287872223
ZAF,南アフリカ共和国,NV.IND.TOTL.ZS,2023,24.5639655120651
ZAF,南アフリカ共和国,NV.IND.TOTL.ZS,2024,24.3105308888817
ZMB,ザンビア,NV.IND.TOTL.ZS,2000,23.2438941549244
ZMB,ザンビア,NV.IND.TOTL.ZS,2001,23.3606116903584
ZMB,ザンビア,NV.IND.TOTL.ZS,2002,23.8755524352252
ZMB,ザンビア,NV.IND.TOTL.ZS,2003,24.1349730396824
ZMB,ザンビア,NV.IND.TOTL.ZS,2004,25.6961251757115
ZMB,ザンビア,NV.IND.TOTL.ZS,2005,26.8496240283076
ZMB,ザンビア,NV.IND.TOTL.ZS,2006,30.3961173223662
ZMB,ザンビア,NV.IND.TOTL.ZS,2007,31.9096804308122
ZMB,ザンビア,NV.IND.TOTL.ZS,2008,30.9906155705809
ZMB,ザンビア,NV.IND.TOTL.ZS,2009,30.2244688791227
ZMB,ザンビア,NV.IND.TOTL.ZS,2010,32.2389147610701
ZMB,ザンビア,NV.IND.TOTL.ZS,2011,34.4442819243584
ZMB,ザンビア,NV.IND.TOTL.ZS,2012,32.0106503918136
ZMB,ザンビア,NV.IND.TOTL.ZS,2013,32.5564491082462
ZMB,ザンビア,NV.IND.TOTL.ZS,2014,32.9441480248783
ZMB,ザンビア,NV.IND.TOTL.ZS,2015,33.65724911523
ZMB,ザンビア,NV.IND.TOTL.ZS,2016,34.8771666095938
ZMB,ザンビア,NV.IND.TOTL.ZS,2017,37.3040449214626
ZMB,ザンビア,NV.IND.TOTL.ZS,2018,34.4853215849232
ZMB,ザンビア,NV.IND.TOTL.ZS,2019,34.9419812171167
ZMB,ザンビア,NV.IND.TOTL.ZS,2020,40.1976896628281
ZMB,ザンビア,NV.IND.TOTL.ZS,2021,41.8319384724467
ZMB,ザンビア,NV.IND.TOTL.ZS,2022,35.2838210182449
ZMB,ザンビア,NV.IND.TOTL.ZS,2023,35.107778069402
ZMB,ザンビア,NV.IND.TOTL.ZS,2024,35.2465830565142
ZWE,ジンバブエ,NV.IND.TOTL.ZS,2000,
ZWE,ジンバブエ,NV.IND.TOTL.ZS,2001,
ZWE,ジンバブエ,NV.IND.TOTL.ZS,2002,
ZWE,ジンバブエ,NV.IND.TOTL.ZS,2003,
ZWE,ジンバブエ,NV.IND.TOTL.ZS,2004,24.3823706636825
ZWE,ジンバブエ,NV.IND.TOTL.ZS,2005,26.4793991229974
ZWE,ジンバブエ,NV.IND.TOTL.ZS,2006,30.6513058245743
ZWE,ジンバブエ,NV.IND.TOTL.ZS,2007,32.4614004438359
ZWE,ジンバブエ,NV.IND.TOTL.ZS,2008,30.4832503395201
ZWE,ジンバブエ,NV.IND.TOTL.ZS,2009,21.4538686244604
ZWE,ジンバブエ,NV.IND.TOTL.ZS,2010,20.6947355315308
ZWE,ジンバブエ,NV.IND.TOTL.ZS,2011,21.7201786093983
ZWE,ジンバブエ,NV.IND.TOTL.ZS,2012,25.3306858994948
ZWE,ジンバブエ,NV.IND.TOTL.ZS,2013,23.8001125610251
ZWE,ジンバブエ,NV.IND.TOTL.ZS,2014,23.7189510650842
ZWE,ジンバブエ,NV.IND.TOTL.ZS,2015,22.3586547006621
ZWE,ジンバブエ,NV.IND.TOTL.ZS,2016,22.1153495385289
ZWE,ジンバブエ,NV.IND.TOTL.ZS,2017,32.0157377663457
ZWE,ジンバブエ,NV.IND.TOTL.ZS,2018,31.0377751295783
ZWE,ジンバブエ,NV.IND.TOTL.ZS,2019,38.9749459493832
ZWE,ジンバブエ,NV.IND.TOTL.ZS,2020,40.4336448935323
ZWE,ジンバブエ,NV.IND.TOTL.ZS,2021,36.9163101350258
ZWE,ジンバブエ,NV.IND.TOTL.ZS,2022,46.4723635392825
ZWE,ジンバブエ,NV.IND.TOTL.ZS,2023,33.2555519083931
ZWE,ジンバブエ,NV.IND.TOTL.ZS,2024,35.0073057776054
AGO,アンゴラ,NV.SRV.TOTL.ZS,2000,
AGO,アンゴラ,NV.SRV.TOTL.ZS,2001,
AGO,アンゴラ,NV.SRV.TOTL.ZS,2002,37.8662138843585
AGO,アンゴラ,NV.SRV.TOTL.ZS,2003,40.67328377417
AGO,アンゴラ,NV.SRV.TOTL.ZS,2004,39.5769219502253
AGO,アンゴラ,NV.SRV.TOTL.ZS,2005,35.3991288225964
AGO,アンゴラ,NV.SRV.TOTL.ZS,2006,36.9867318113165
AGO,アンゴラ,NV.SRV.TOTL.ZS,2007,33.8874052551591
AGO,アンゴラ,NV.SRV.TOTL.ZS,2008,34.0512438732676
AGO,アンゴラ,NV.SRV.TOTL.ZS,2009,46.4498079531523
AGO,アンゴラ,NV.SRV.TOTL.ZS,2010,40.2372398198261
AGO,アンゴラ,NV.SRV.TOTL.ZS,2011,37.6975621074608
AGO,アンゴラ,NV.SRV.TOTL.ZS,2012,38.0294790823922
AGO,アンゴラ,NV.SRV.TOTL.ZS,2013,40.3587407582939
AGO,アンゴラ,NV.SRV.TOTL.ZS,2014,43.9177454496788
AGO,アンゴラ,NV.SRV.TOTL.ZS,2015,47.8808485052352
AGO,アンゴラ,NV.SRV.TOTL.ZS,2016,45.8633066698305
AGO,アンゴラ,NV.SRV.TOTL.ZS,2017,45.7963043301289
AGO,アンゴラ,NV.SRV.TOTL.ZS,2018,42.8506625299305
AGO,アンゴラ,NV.SRV.TOTL.ZS,2019,43.2679607784459
AGO,アンゴラ,NV.SRV.TOTL.ZS,2020,45.3907678638756
AGO,アンゴラ,NV.SRV.TOTL.ZS,2021,43.0765796492149
AGO,アンゴラ,NV.SRV.TOTL.ZS,2022,44.4812270107558
AGO,アンゴラ,NV.SRV.TOTL.ZS,2023,43.5544158271394
AGO,アンゴラ,NV.SRV.TOTL.ZS,2024,44.6075572777557
BDI,ブルンジ,NV.SRV.TOTL.ZS,2000,32.1289977027999
BDI,ブルンジ,NV.SRV.TOTL.ZS,2001,34.998612766489
BDI,ブルンジ,NV.SRV.TOTL.ZS,2002,35.5059476836453
BDI,ブルンジ,NV.SRV.TOTL.ZS,2003,33.826561596154
BDI,ブルンジ,NV.SRV.TOTL.ZS,2004,33.9799370317603
BDI,ブルンジ,NV.SRV.TOTL.ZS,2005,37.1551607125713
BDI,ブルンジ,NV.SRV.TOTL.ZS,2006,38.410794717154
BDI,ブルンジ,NV.SRV.TOTL.ZS,2007,43.0883071581775
BDI,ブルンジ,NV.SRV.TOTL.ZS,2008,41.2312238931862
BDI,ブルンジ,NV.SRV.TOTL.ZS,2009,40.2616179915822
BDI,ブルンジ,NV.SRV.TOTL.ZS,2010,40.5940392163762
BDI,ブルンジ,NV.SRV.TOTL.ZS,2011,41.7536789897869
BDI,ブルンジ,NV.SRV.TOTL.ZS,2012,42.0859556112354
BDI,ブルンジ,NV.SRV.TOTL.ZS,2013,38.7863445996969
BDI,ブルンジ,NV.SRV.TOTL.ZS,2014,42.3702517475232
BDI,ブルンジ,NV.SRV.TOTL.ZS,2015,43.4303438397491
BDI,ブルンジ,NV.SRV.TOTL.ZS,2016,40.2511188119853
BDI,ブルンジ,NV.SRV.TOTL.ZS,2017,39.5777148070243
BDI,ブルンジ,NV.SRV.TOTL.ZS,2018,40.9310421788399
BDI,ブルンジ,NV.SRV.TOTL.ZS,2019,41.989857353193
BDI,ブルンジ,NV.SRV.TOTL.ZS,2020,47.781711244642
BDI,ブルンジ,NV.SRV.TOTL.ZS,2021,43.7762145018789
BDI,ブルンジ,NV.SRV.TOTL.ZS,2022,43.673989855559
BDI,ブルンジ,NV.SRV.TOTL.ZS,2023,43.7934582056073
BDI,ブルンジ,NV.SRV.TOTL.ZS,2024,43.3401181504744
BEN,ベナン,NV.SRV.TOTL.ZS,2000,35.3186631524293
BEN,ベナン,NV.SRV.TOTL.ZS,2001,37.595219547784
BEN,ベナン,NV.SRV.TOTL.ZS,2002,35.7896106948174
BEN,ベナン,NV.SRV.TOTL.ZS,2003,37.2055321288927
BEN,ベナン,NV.SRV.TOTL.ZS,2004,36.8973075406702
BEN,ベナン,NV.SRV.TOTL.ZS,2005,38.0187915766517
BEN,ベナン,NV.SRV.TOTL.ZS,2006,39.2378743115272
BEN,ベナン,NV.SRV.TOTL.ZS,2007,41.0098695799623
BEN,ベナン,NV.SRV.TOTL.ZS,2008,43.8028111047733
BEN,ベナン,NV.SRV.TOTL.ZS,2009,44.0902785058205
BEN,ベナン,NV.SRV.TOTL.ZS,2010,44.5474397323122
BEN,ベナン,NV.SRV.TOTL.ZS,2011,46.9792375495936
BEN,ベナン,NV.SRV.TOTL.ZS,2012,48.8721211959796
BEN,ベナン,NV.SRV.TOTL.ZS,2013,49.4207609001386
BEN,ベナン,NV.SRV.TOTL.ZS,2014,49.528551651517
BEN,ベナン,NV.SRV.TOTL.ZS,2015,49.2408968968993
BEN,ベナン,NV.SRV.TOTL.ZS,2016,48.2031996094347
BEN,ベナン,NV.SRV.TOTL.ZS,2017,48.4009792238265
BEN,ベナン,NV.SRV.TOTL.ZS,2018,48.8000788401919
BEN,ベナン,NV.SRV.TOTL.ZS,2019,48.0268213377537
BEN,ベナン,NV.SRV.TOTL.ZS,2020,47.8973320949726
BEN,ベナン,NV.SRV.TOTL.ZS,2021,45.8849731676344
BEN,ベナン,NV.SRV.TOTL.ZS,2022,46.8939149661431
BEN,ベナン,NV.SRV.TOTL.ZS,2023,47.7222264116164
BEN,ベナン,NV.SRV.TOTL.ZS,2024,48.8795399933978
BFA,ブルキナファソ,NV.SRV.TOTL.ZS,2000,47.7431323544295
BFA,ブルキナファソ,NV.SRV.TOTL.ZS,2001,46.3932165940742
BFA,ブルキナファソ,NV.SRV.TOTL.ZS,2002,46.5996342910245
BFA,ブルキナファソ,NV.SRV.TOTL.ZS,2003,44.9144762732164
BFA,ブルキナファソ,NV.SRV.TOTL.ZS,2004,46.4776363991653
BFA,ブルキナファソ,NV.SRV.TOTL.ZS,2005,44.5494891325644
BFA,ブルキナファソ,NV.SRV.TOTL.ZS,2006,47.138528226651
BFA,ブルキナファソ,NV.SRV.TOTL.ZS,2007,48.1789341308636
BFA,ブルキナファソ,NV.SRV.TOTL.ZS,2008,45.0673520982897
BFA,ブルキナファソ,NV.SRV.TOTL.ZS,2009,45.889730891061
BFA,ブルキナファソ,NV.SRV.TOTL.ZS,2010,42.120724852489
BFA,ブルキナファソ,NV.SRV.TOTL.ZS,2011,40.5626068793802
BFA,ブルキナファソ,NV.SRV.TOTL.ZS,2012,40.3188210511278
BFA,ブルキナファソ,NV.SRV.TOTL.ZS,2013,41.5589270375237
BFA,ブルキナファソ,NV.SRV.TOTL.ZS,2014,42.4959291277041
BFA,ブルキナファソ,NV.SRV.TOTL.ZS,2015,44.0578267356519
BFA,ブルキナファソ,NV.SRV.TOTL.ZS,2016,43.8058266776224
BFA,ブルキナファソ,NV.SRV.TOTL.ZS,2017,43.9679835884394
BFA,ブルキナファソ,NV.SRV.TOTL.ZS,2018,43.5508126426667
BFA,ブルキナファソ,NV.SRV.TOTL.ZS,2019,45.3162521473929
BFA,ブルキナファソ,NV.SRV.TOTL.ZS,2020,44.9534162457844
BFA,ブルキナファソ,NV.SRV.TOTL.ZS,2021,45.3590661191773
BFA,ブルキナファソ,NV.SRV.TOTL.ZS,2022,46.619688810885
BFA,ブルキナファソ,NV.SRV.TOTL.ZS,2023,47.5650783349721
BFA,ブルキナファソ,NV.SRV.TOTL.ZS,2024,43.961173085479
BWA,ボツワナ,NV.SRV.TOTL.ZS,2000,42.7469105242306
BWA,ボツワナ,NV.SRV.TOTL.ZS,2001,45.2880633320755
BWA,ボツワナ,NV.SRV.TOTL.ZS,2002,47.5973823221757
BWA,ボツワナ,NV.SRV.TOTL.ZS,2003,49.6970639811907
BWA,ボツワナ,NV.SRV.TOTL.ZS,2004,47.9542918751357
BWA,ボツワナ,NV.SRV.TOTL.ZS,2005,45.2838110727775
BWA,ボツワナ,NV.SRV.TOTL.ZS,2006,47.8447641984648
BWA,ボツワナ,NV.SRV.TOTL.ZS,2007,48.3122262132745
BWA,ボツワナ,NV.SRV.TOTL.ZS,2008,51.7687267100204
BWA,ボツワナ,NV.SRV.TOTL.ZS,2009,58.2732243529614
BWA,ボツワナ,NV.SRV.TOTL.ZS,2010,54.7364972019634
BWA,ボツワナ,NV.SRV.TOTL.ZS,2011,51.7079246698274
BWA,ボツワナ,NV.SRV.TOTL.ZS,2012,55.5813284118705
BWA,ボツワナ,NV.SRV.TOTL.ZS,2013,55.1237948788188
BWA,ボツワナ,NV.SRV.TOTL.ZS,2014,53.0342439684547
BWA,ボツワナ,NV.SRV.TOTL.ZS,2015,56.8759086148366
BWA,ボツワナ,NV.SRV.TOTL.ZS,2016,54.1248911898208
BWA,ボツワナ,NV.SRV.TOTL.ZS,2017,56.9680635291786
BWA,ボツワナ,NV.SRV.TOTL.ZS,2018,58.4362759257556
BWA,ボツワナ,NV.SRV.TOTL.ZS,2019,61.2229282385628
BWA,ボツワナ,NV.SRV.TOTL.ZS,2020,65.9173322923721
BWA,ボツワナ,NV.SRV.TOTL.ZS,2021,60.2496232733043
BWA,ボツワナ,NV.SRV.TOTL.ZS,2022,56.4282614493451
BWA,ボツワナ,NV.SRV.TOTL.ZS,2023,59.1865773950101
BWA,ボツワナ,NV.SRV.TOTL.ZS,2024,63.5075554087284
CAF,中央アフリカ共和国,NV.SRV.TOTL.ZS,2000,
CAF,中央アフリカ共和国,NV.SRV.TOTL.ZS,2001,
CAF,中央アフリカ共和国,NV.SRV.TOTL.ZS,2002,
CAF,中央アフリカ共和国,NV.SRV.TOTL.ZS,2003,
CAF,中央アフリカ共和国,NV.SRV.TOTL.ZS,2004,
CAF,中央アフリカ共和国,NV.SRV.TOTL.ZS,2005,
CAF,中央アフリカ共和国,NV.SRV.TOTL.ZS,2006,
CAF,中央アフリカ共和国,NV.SRV.TOTL.ZS,2007,
CAF,中央アフリカ共和国,NV.SRV.TOTL.ZS,2008,
CAF,中央アフリカ共和国,NV.SRV.TOTL.ZS,2009,29.3114300877529
CAF,中央アフリカ共和国,NV.SRV.TOTL.ZS,2010,29.3293728575983
CAF,中央アフリカ共和国,NV.SRV.TOTL.ZS,2011,28.5700359301451
CAF,中央アフリカ共和国,NV.SRV.TOTL.ZS,2012,30.8711017267223
CAF,中央アフリカ共和国,NV.SRV.TOTL.ZS,2013,40.8557991891824
CAF,中央アフリカ共和国,NV.SRV.TOTL.ZS,2014,42.740209795442
CAF,中央アフリカ共和国,NV.SRV.TOTL.ZS,2015,43.231643579841
CAF,中央アフリカ共和国,NV.SRV.TOTL.ZS,2016,42.7610872146136
CAF,中央アフリカ共和国,NV.SRV.TOTL.ZS,2017,42.9438787890876
CAF,中央アフリカ共和国,NV.SRV.TOTL.ZS,2018,43.0085884398546
CAF,中央アフリカ共和国,NV.SRV.TOTL.ZS,2019,40.1295759610892
CAF,中央アフリカ共和国,NV.SRV.TOTL.ZS,2020,39.0027421513241
CAF,中央アフリカ共和国,NV.SRV.TOTL.ZS,2021,42.4647199982968
CAF,中央アフリカ共和国,NV.SRV.TOTL.ZS,2022,42.4276300000596
CAF,中央アフリカ共和国,NV.SRV.TOTL.ZS,2023,40.5107724497781
CAF,中央アフリカ共和国,NV.SRV.TOTL.ZS,2024,42.0803155255449
CIV,コートジボワール,NV.SRV.TOTL.ZS,2000,34.67687694007
CIV,コートジボワール,NV.SRV.TOTL.ZS,2001,35.1831669144554
CIV,コートジボワール,NV.SRV.TOTL.ZS,2002,35.472387041315
CIV,コートジボワール,NV.SRV.TOTL.ZS,2003,36.198594385247
CIV,コートジボワール,NV.SRV.TOTL.ZS,2004,38.3730686607013
CIV,コートジボワール,NV.SRV.TOTL.ZS,2005,38.8167783655946
CIV,コートジボワール,NV.SRV.TOTL.ZS,2006,37.9448192296392
CIV,コートジボワール,NV.SRV.TOTL.ZS,2007,38.7672870732728
CIV,コートジボワール,NV.SRV.TOTL.ZS,2008,37.7795452078374
CIV,コートジボワール,NV.SRV.TOTL.ZS,2009,38.6653601228599
CIV,コートジボワール,NV.SRV.TOTL.ZS,2010,37.8322011028794
CIV,コートジボワール,NV.SRV.TOTL.ZS,2011,34.0131352473082
CIV,コートジボワール,NV.SRV.TOTL.ZS,2012,39.6867369938255
CIV,コートジボワール,NV.SRV.TOTL.ZS,2013,38.8134449737706
CIV,コートジボワール,NV.SRV.TOTL.ZS,2014,37.3151438010014
CIV,コートジボワール,NV.SRV.TOTL.ZS,2015,54.1326121734967
CIV,コートジボワール,NV.SRV.TOTL.ZS,2016,54.493573696894
CIV,コートジボワール,NV.SRV.TOTL.ZS,2017,55.7500354113374
CIV,コートジボワール,NV.SRV.TOTL.ZS,2018,55.6186479812729
CIV,コートジボワール,NV.SRV.TOTL.ZS,2019,54.9974768932861
CIV,コートジボワール,NV.SRV.TOTL.ZS,2020,55.5728121351951
CIV,コートジボワール,NV.SRV.TOTL.ZS,2021,54.1000329007516
CIV,コートジボワール,NV.SRV.TOTL.ZS,2022,52.9655573840158
CIV,コートジボワール,NV.SRV.TOTL.ZS,2023,52.2715206592214
CIV,コートジボワール,NV.SRV.TOTL.ZS,2024,51.8581209074307
CMR,カメルーン,NV.SRV.TOTL.ZS,2000,45.0294526824351
CMR,カメルーン,NV.SRV.TOTL.ZS,2001,46.4356337030915
CMR,カメルーン,NV.SRV.TOTL.ZS,2002,45.9507243180747
CMR,カメルーン,NV.SRV.TOTL.ZS,2003,45.9000169949749
CMR,カメルーン,NV.SRV.TOTL.ZS,2004,48.1104019430089
CMR,カメルーン,NV.SRV.TOTL.ZS,2005,48.1626860371302
CMR,カメルーン,NV.SRV.TOTL.ZS,2006,47.9296207330584
CMR,カメルーン,NV.SRV.TOTL.ZS,2007,49.1015543996337
CMR,カメルーン,NV.SRV.TOTL.ZS,2008,49.5994999231808
CMR,カメルーン,NV.SRV.TOTL.ZS,2009,50.6233092722091
CMR,カメルーン,NV.SRV.TOTL.ZS,2010,50.6327279323192
CMR,カメルーン,NV.SRV.TOTL.ZS,2011,51.7703818821919
CMR,カメルーン,NV.SRV.TOTL.ZS,2012,50.7616920668838
CMR,カメルーン,NV.SRV.TOTL.ZS,2013,50.3174153036428
CMR,カメルーン,NV.SRV.TOTL.ZS,2014,50.4278201457651
CMR,カメルーン,NV.SRV.TOTL.ZS,2015,49.5603216890022
CMR,カメルーン,NV.SRV.TOTL.ZS,2016,50.4664605241712
CMR,カメルーン,NV.SRV.TOTL.ZS,2017,50.3626877993823
CMR,カメルーン,NV.SRV.TOTL.ZS,2018,50.4464488185533
CMR,カメルーン,NV.SRV.TOTL.ZS,2019,51.0268734763051
CMR,カメルーン,NV.SRV.TOTL.ZS,2020,51.7619207732303
CMR,カメルーン,NV.SRV.TOTL.ZS,2021,50.9412872338294
CMR,カメルーン,NV.SRV.TOTL.ZS,2022,49.4045983659894
CMR,カメルーン,NV.SRV.TOTL.ZS,2023,50.8743844860078
CMR,カメルーン,NV.SRV.TOTL.ZS,2024,50.7191439587575
COD,コンゴ民主共和国,NV.SRV.TOTL.ZS,2000,44.5134186173392
COD,コンゴ民主共和国,NV.SRV.TOTL.ZS,2001,34.5450001204126
COD,コンゴ民主共和国,NV.SRV.TOTL.ZS,2002,38.0515982890655
COD,コンゴ民主共和国,NV.SRV.TOTL.ZS,2003,41.9888095470269
COD,コンゴ民主共和国,NV.SRV.TOTL.ZS,2004,40.173975662304
COD,コンゴ民主共和国,NV.SRV.TOTL.ZS,2005,44.6160533240911
COD,コンゴ民主共和国,NV.SRV.TOTL.ZS,2006,44.9515505509654
COD,コンゴ民主共和国,NV.SRV.TOTL.ZS,2007,43.5982480710875
COD,コンゴ民主共和国,NV.SRV.TOTL.ZS,2008,44.4684392267681
COD,コンゴ民主共和国,NV.SRV.TOTL.ZS,2009,42.0586123920764
COD,コンゴ民主共和国,NV.SRV.TOTL.ZS,2010,37.5993158688842
COD,コンゴ民主共和国,NV.SRV.TOTL.ZS,2011,40.2616539649032
COD,コンゴ民主共和国,NV.SRV.TOTL.ZS,2012,39.5487534325728
COD,コンゴ民主共和国,NV.SRV.TOTL.ZS,2013,40.9779095596647
COD,コンゴ民主共和国,NV.SRV.TOTL.ZS,2014,41.408347283971
COD,コンゴ民主共和国,NV.SRV.TOTL.ZS,2015,42.3570507639146
COD,コンゴ民主共和国,NV.SRV.TOTL.ZS,2016,44.4535955216769
COD,コンゴ民主共和国,NV.SRV.TOTL.ZS,2017,45.173960243307
COD,コンゴ民主共和国,NV.SRV.TOTL.ZS,2018,46.4519161839569
COD,コンゴ民主共和国,NV.SRV.TOTL.ZS,2019,49.4130479383798
COD,コンゴ民主共和国,NV.SRV.TOTL.ZS,2020,48.5387767038177
COD,コンゴ民主共和国,NV.SRV.TOTL.ZS,2021,42.7733743352095
COD,コンゴ民主共和国,NV.SRV.TOTL.ZS,2022,43.7585675954837
COD,コンゴ民主共和国,NV.SRV.TOTL.ZS,2023,45.9224027196
COD,コンゴ民主共和国,NV.SRV.TOTL.ZS,2024,47.2744495433871
COG,コンゴ共和国,NV.SRV.TOTL.ZS,2000,22.5430752453653
COG,コンゴ共和国,NV.SRV.TOTL.ZS,2001,28.7116145095933
COG,コンゴ共和国,NV.SRV.TOTL.ZS,2002,30.4194973632952
COG,コンゴ共和国,NV.SRV.TOTL.ZS,2003,32.5524165764347
COG,コンゴ共和国,NV.SRV.TOTL.ZS,2004,28.6261096180471
COG,コンゴ共和国,NV.SRV.TOTL.ZS,2005,29.4011383610328
COG,コンゴ共和国,NV.SRV.TOTL.ZS,2006,30.4641799648533
COG,コンゴ共和国,NV.SRV.TOTL.ZS,2007,35.7365110433718
COG,コンゴ共和国,NV.SRV.TOTL.ZS,2008,29.2296120913724
COG,コンゴ共和国,NV.SRV.TOTL.ZS,2009,33.8304898548024
COG,コンゴ共和国,NV.SRV.TOTL.ZS,2010,25.4331744328979
COG,コンゴ共和国,NV.SRV.TOTL.ZS,2011,25.5372291556931
COG,コンゴ共和国,NV.SRV.TOTL.ZS,2012,26.9856799806227
COG,コンゴ共和国,NV.SRV.TOTL.ZS,2013,28.5856778748643
COG,コンゴ共和国,NV.SRV.TOTL.ZS,2014,31.9010854029803
COG,コンゴ共和国,NV.SRV.TOTL.ZS,2015,39.1611584474461
COG,コンゴ共和国,NV.SRV.TOTL.ZS,2016,47.2058789987295
COG,コンゴ共和国,NV.SRV.TOTL.ZS,2017,41.6484311025105
COG,コンゴ共和国,NV.SRV.TOTL.ZS,2018,34.7072948885714
COG,コンゴ共和国,NV.SRV.TOTL.ZS,2019,39.0356482656264
COG,コンゴ共和国,NV.SRV.TOTL.ZS,2020,49.9693238336694
COG,コンゴ共和国,NV.SRV.TOTL.ZS,2021,42.6029216790532
COG,コンゴ共和国,NV.SRV.TOTL.ZS,2022,37.3148215907803
COG,コンゴ共和国,NV.SRV.TOTL.ZS,2023,40.4265379027812
COG,コンゴ共和国,NV.SRV.TOTL.ZS,2024,45.0183730208308
COM,コモロ,NV.SRV.TOTL.ZS,2000,54.5341780810555
COM,コモロ,NV.SRV.TOTL.ZS,2001,54.5345235385765
COM,コモロ,NV.SRV.TOTL.ZS,2002,54.5345022914427
COM,コモロ,NV.SRV.TOTL.ZS,2003,54.5345234180861
COM,コモロ,NV.SRV.TOTL.ZS,2004,54.5343190862136
COM,コモロ,NV.SRV.TOTL.ZS,2005,54.5345549922057
COM,コモロ,NV.SRV.TOTL.ZS,2006,54.5342926673759
COM,コモロ,NV.SRV.TOTL.ZS,2007,54.8484562033701
COM,コモロ,NV.SRV.TOTL.ZS,2008,56.6091391109022
COM,コモロ,NV.SRV.TOTL.ZS,2009,54.2970951862012
COM,コモロ,NV.SRV.TOTL.ZS,2010,54.0054310859982
COM,コモロ,NV.SRV.TOTL.ZS,2011,54.3921363004447
COM,コモロ,NV.SRV.TOTL.ZS,2012,55.0537112418448
COM,コモロ,NV.SRV.TOTL.ZS,2013,54.0402959215736
COM,コモロ,NV.SRV.TOTL.ZS,2014,54.3103321111155
COM,コモロ,NV.SRV.TOTL.ZS,2015,55.4362594724825
COM,コモロ,NV.SRV.TOTL.ZS,2016,54.6435814900957
COM,コモロ,NV.SRV.TOTL.ZS,2017,54.7750827442314
COM,コモロ,NV.SRV.TOTL.ZS,2018,53.184649711753
COM,コモロ,NV.SRV.TOTL.ZS,2019,52.4105665435947
COM,コモロ,NV.SRV.TOTL.ZS,2020,51.9683502321615
COM,コモロ,NV.SRV.TOTL.ZS,2021,51.6690324479081
COM,コモロ,NV.SRV.TOTL.ZS,2022,51.7591697307714
COM,コモロ,NV.SRV.TOTL.ZS,2023,50.8044143464761
COM,コモロ,NV.SRV.TOTL.ZS,2024,49.3455366817842
CPV,カーボベルデ,NV.SRV.TOTL.ZS,2000,65.3810265158254
CPV,カーボベルデ,NV.SRV.TOTL.ZS,2001,69.4201626044445
CPV,カーボベルデ,NV.SRV.TOTL.ZS,2002,70.5950151487304
CPV,カーボベルデ,NV.SRV.TOTL.ZS,2003,71.3303054474098
CPV,カーボベルデ,NV.SRV.TOTL.ZS,2004,71.9184489648669
CPV,カーボベルデ,NV.SRV.TOTL.ZS,2005,71.7877348277842
CPV,カーボベルデ,NV.SRV.TOTL.ZS,2006,72.5890097387261
CPV,カーボベルデ,NV.SRV.TOTL.ZS,2007,67.317461028727
CPV,カーボベルデ,NV.SRV.TOTL.ZS,2008,66.4825423782969
CPV,カーボベルデ,NV.SRV.TOTL.ZS,2009,66.710352533179
CPV,カーボベルデ,NV.SRV.TOTL.ZS,2010,67.4390099531524
CPV,カーボベルデ,NV.SRV.TOTL.ZS,2011,67.2515707697687
CPV,カーボベルデ,NV.SRV.TOTL.ZS,2012,68.6678487003577
CPV,カーボベルデ,NV.SRV.TOTL.ZS,2013,68.0412785531692
CPV,カーボベルデ,NV.SRV.TOTL.ZS,2014,67.549886141101
CPV,カーボベルデ,NV.SRV.TOTL.ZS,2015,67.1524928863825
CPV,カーボベルデ,NV.SRV.TOTL.ZS,2016,69.284837494372
CPV,カーボベルデ,NV.SRV.TOTL.ZS,2017,69.6071007918803
CPV,カーボベルデ,NV.SRV.TOTL.ZS,2018,67.4290612920901
CPV,カーボベルデ,NV.SRV.TOTL.ZS,2019,69.8257387373996
CPV,カーボベルデ,NV.SRV.TOTL.ZS,2020,65.9834164849906
CPV,カーボベルデ,NV.SRV.TOTL.ZS,2021,68.5396766166644
CPV,カーボベルデ,NV.SRV.TOTL.ZS,2022,69.0054495299915
CPV,カーボベルデ,NV.SRV.TOTL.ZS,2023,68.8870203755182
CPV,カーボベルデ,NV.SRV.TOTL.ZS,2024,68.8339507034776
DJI,ジブチ,NV.SRV.TOTL.ZS,2000,
DJI,ジブチ,NV.SRV.TOTL.ZS,2001,
DJI,ジブチ,NV.SRV.TOTL.ZS,2002,
DJI,ジブチ,NV.SRV.TOTL.ZS,2003,
DJI,ジブチ,NV.SRV.TOTL.ZS,2004,
DJI,ジブチ,NV.SRV.TOTL.ZS,2005,
DJI,ジブチ,NV.SRV.TOTL.ZS,2006,
DJI,ジブチ,NV.SRV.TOTL.ZS,2007,
DJI,ジブチ,NV.SRV.TOTL.ZS,2008,
DJI,ジブチ,NV.SRV.TOTL.ZS,2009,
DJI,ジブチ,NV.SRV.TOTL.ZS,2010,
DJI,ジブチ,NV.SRV.TOTL.ZS,2011,
DJI,ジブチ,NV.SRV.TOTL.ZS,2012,
DJI,ジブチ,NV.SRV.TOTL.ZS,2013,80.5749435790169
DJI,ジブチ,NV.SRV.TOTL.ZS,2014,80.3757215180893
DJI,ジブチ,NV.SRV.TOTL.ZS,2015,80.2864982413037
DJI,ジブチ,NV.SRV.TOTL.ZS,2016,80.6844688233518
DJI,ジブチ,NV.SRV.TOTL.ZS,2017,79.2106257072114
DJI,ジブチ,NV.SRV.TOTL.ZS,2018,77.5190312641123
DJI,ジブチ,NV.SRV.TOTL.ZS,2019,76.9845361801201
DJI,ジブチ,NV.SRV.TOTL.ZS,2020,77.268147602583
DJI,ジブチ,NV.SRV.TOTL.ZS,2021,75.1140795195897
DJI,ジブチ,NV.SRV.TOTL.ZS,2022,76.3885243704718
DJI,ジブチ,NV.SRV.TOTL.ZS,2023,77.1152748633996
DJI,ジブチ,NV.SRV.TOTL.ZS,2024,76.0847593876274
DZA,アルジェリア,NV.SRV.TOTL.ZS,2000,33.1105460051791
DZA,アルジェリア,NV.SRV.TOTL.ZS,2001,43.9930011441695
DZA,アルジェリア,NV.SRV.TOTL.ZS,2002,44.6845597055727
DZA,アルジェリア,NV.SRV.TOTL.ZS,2003,43.0000362219583
DZA,アルジェリア,NV.SRV.TOTL.ZS,2004,41.318485873096
DZA,アルジェリア,NV.SRV.TOTL.ZS,2005,39.5234001714181
DZA,アルジェリア,NV.SRV.TOTL.ZS,2006,38.3695971271538
DZA,アルジェリア,NV.SRV.TOTL.ZS,2007,39.7143271260495
DZA,アルジェリア,NV.SRV.TOTL.ZS,2008,39.5735544641773
DZA,アルジェリア,NV.SRV.TOTL.ZS,2009,46.1374615012615
DZA,アルジェリア,NV.SRV.TOTL.ZS,2010,43.6024032576579
DZA,アルジェリア,NV.SRV.TOTL.ZS,2011,44.6513051761826
DZA,アルジェリア,NV.SRV.TOTL.ZS,2012,44.9114940485958
DZA,アルジェリア,NV.SRV.TOTL.ZS,2013,46.7933663667477
DZA,アルジェリア,NV.SRV.TOTL.ZS,2014,47.9036022305248
DZA,アルジェリア,NV.SRV.TOTL.ZS,2015,52.1103711658838
DZA,アルジェリア,NV.SRV.TOTL.ZS,2016,52.3939905220294
DZA,アルジェリア,NV.SRV.TOTL.ZS,2017,51.2221393515536
DZA,アルジェリア,NV.SRV.TOTL.ZS,2018,49.4261444653673
DZA,アルジェリア,NV.SRV.TOTL.ZS,2019,50.4800694011749
DZA,アルジェリア,NV.SRV.TOTL.ZS,2020,52.8041887035021
DZA,アルジェリア,NV.SRV.TOTL.ZS,2021,48.4879581553143
DZA,アルジェリア,NV.SRV.TOTL.ZS,2022,42.7463000437695
DZA,アルジェリア,NV.SRV.TOTL.ZS,2023,45.5476795606292
DZA,アルジェリア,NV.SRV.TOTL.ZS,2024,46.7949847002474
EGY,エジプト,NV.SRV.TOTL.ZS,2000,46.5259923551897
EGY,エジプト,NV.SRV.TOTL.ZS,2001,46.457987175913
EGY,エジプト,NV.SRV.TOTL.ZS,2002,45.5887833201372
EGY,エジプト,NV.SRV.TOTL.ZS,2003,44.9042395209581
EGY,エジプト,NV.SRV.TOTL.ZS,2004,45.0910776839069
EGY,エジプト,NV.SRV.TOTL.ZS,2005,45.9292479108635
EGY,エジプト,NV.SRV.TOTL.ZS,2006,44.6899951432734
EGY,エジプト,NV.SRV.TOTL.ZS,2007,46.8939983888292
EGY,エジプト,NV.SRV.TOTL.ZS,2008,46.6682970407594
EGY,エジプト,NV.SRV.TOTL.ZS,2009,46.5660621761658
EGY,エジプト,NV.SRV.TOTL.ZS,2010,46.2327200397812
EGY,エジプト,NV.SRV.TOTL.ZS,2011,45.7160236306615
EGY,エジプト,NV.SRV.TOTL.ZS,2012,51.771621185884
EGY,エジプト,NV.SRV.TOTL.ZS,2013,52.3007390883681
EGY,エジプト,NV.SRV.TOTL.ZS,2014,52.320985915493
EGY,エジプト,NV.SRV.TOTL.ZS,2015,53.1705429845738
EGY,エジプト,NV.SRV.TOTL.ZS,2016,54.4832841219458
EGY,エジプト,NV.SRV.TOTL.ZS,2017,53.1699504909872
EGY,エジプト,NV.SRV.TOTL.ZS,2018,51.6422459388796
EGY,エジプト,NV.SRV.TOTL.ZS,2019,50.7617519656898
EGY,エジプト,NV.SRV.TOTL.ZS,2020,52.0271088645451
EGY,エジプト,NV.SRV.TOTL.ZS,2021,52.4773050081794
EGY,エジプト,NV.SRV.TOTL.ZS,2022,51.4288499840612
EGY,エジプト,NV.SRV.TOTL.ZS,2023,51.6487720818481
EGY,エジプト,NV.SRV.TOTL.ZS,2024,48.932455490468
ERI,エリトリア,NV.SRV.TOTL.ZS,2000,
ERI,エリトリア,NV.SRV.TOTL.ZS,2001,
ERI,エリトリア,NV.SRV.TOTL.ZS,2002,
ERI,エリトリア,NV.SRV.TOTL.ZS,2003,
ERI,エリトリア,NV.SRV.TOTL.ZS,2004,
ERI,エリトリア,NV.SRV.TOTL.ZS,2005,
ERI,エリトリア,NV.SRV.TOTL.ZS,2006,
ERI,エリトリア,NV.SRV.TOTL.ZS,2007,
ERI,エリトリア,NV.SRV.TOTL.ZS,2008,
ERI,エリトリア,NV.SRV.TOTL.ZS,2009,
ERI,エリトリア,NV.SRV.TOTL.ZS,2010,
ERI,エリトリア,NV.SRV.TOTL.ZS,2011,
ERI,エリトリア,NV.SRV.TOTL.ZS,2012,
ERI,エリトリア,NV.SRV.TOTL.ZS,2013,
ERI,エリトリア,NV.SRV.TOTL.ZS,2014,
ERI,エリトリア,NV.SRV.TOTL.ZS,2015,
ERI,エリトリア,NV.SRV.TOTL.ZS,2016,
ERI,エリトリア,NV.SRV.TOTL.ZS,2017,
ERI,エリトリア,NV.SRV.TOTL.ZS,2018,
ERI,エリトリア,NV.SRV.TOTL.ZS,2019,
ERI,エリトリア,NV.SRV.TOTL.ZS,2020,
ERI,エリトリア,NV.SRV.TOTL.ZS,2021,
ERI,エリトリア,NV.SRV.TOTL.ZS,2022,
ERI,エリトリア,NV.SRV.TOTL.ZS,2023,
ERI,エリトリア,NV.SRV.TOTL.ZS,2024,
ESH,西サハラ,NV.SRV.TOTL.ZS,2000,
ESH,西サハラ,NV.SRV.TOTL.ZS,2001,
ESH,西サハラ,NV.SRV.TOTL.ZS,2002,
ESH,西サハラ,NV.SRV.TOTL.ZS,2003,
ESH,西サハラ,NV.SRV.TOTL.ZS,2004,
ESH,西サハラ,NV.SRV.TOTL.ZS,2005,
ESH,西サハラ,NV.SRV.TOTL.ZS,2006,
ESH,西サハラ,NV.SRV.TOTL.ZS,2007,
ESH,西サハラ,NV.SRV.TOTL.ZS,2008,
ESH,西サハラ,NV.SRV.TOTL.ZS,2009,
ESH,西サハラ,NV.SRV.TOTL.ZS,2010,
ESH,西サハラ,NV.SRV.TOTL.ZS,2011,
ESH,西サハラ,NV.SRV.TOTL.ZS,2012,
ESH,西サハラ,NV.SRV.TOTL.ZS,2013,
ESH,西サハラ,NV.SRV.TOTL.ZS,2014,
ESH,西サハラ,NV.SRV.TOTL.ZS,2015,
ESH,西サハラ,NV.SRV.TOTL.ZS,2016,
ESH,西サハラ,NV.SRV.TOTL.ZS,2017,
ESH,西サハラ,NV.SRV.TOTL.ZS,2018,
ESH,西サハラ,NV.SRV.TOTL.ZS,2019,
ESH,西サハラ,NV.SRV.TOTL.ZS,2020,
ESH,西サハラ,NV.SRV.TOTL.ZS,2021,
ESH,西サハラ,NV.SRV.TOTL.ZS,2022,
ESH,西サハラ,NV.SRV.TOTL.ZS,2023,
ESH,西サハラ,NV.SRV.TOTL.ZS,2024,
ETH,エチオピア,NV.SRV.TOTL.ZS,2000,37.4479927810305
ETH,エチオピア,NV.SRV.TOTL.ZS,2001,38.499283331384
ETH,エチオピア,NV.SRV.TOTL.ZS,2002,41.4431413187039
ETH,エチオピア,NV.SRV.TOTL.ZS,2003,42.7501557957854
ETH,エチオピア,NV.SRV.TOTL.ZS,2004,40.0736578229212
ETH,エチオピア,NV.SRV.TOTL.ZS,2005,39.1449503016171
ETH,エチオピア,NV.SRV.TOTL.ZS,2006,38.572635142107
ETH,エチオピア,NV.SRV.TOTL.ZS,2007,39.1141105816058
ETH,エチオピア,NV.SRV.TOTL.ZS,2008,37.9001296082826
ETH,エチオピア,NV.SRV.TOTL.ZS,2009,38.7708154845259
ETH,エチオピア,NV.SRV.TOTL.ZS,2010,41.7550740909194
ETH,エチオピア,NV.SRV.TOTL.ZS,2011,41.4300565862634
ETH,エチオピア,NV.SRV.TOTL.ZS,2012,38.5815204962798
ETH,エチオピア,NV.SRV.TOTL.ZS,2013,39.6700979759192
ETH,エチオピア,NV.SRV.TOTL.ZS,2014,39.8920084959331
ETH,エチオピア,NV.SRV.TOTL.ZS,2015,39.5457091545031
ETH,エチオピア,NV.SRV.TOTL.ZS,2016,36.7245794030803
ETH,エチオピア,NV.SRV.TOTL.ZS,2017,36.6336554444575
ETH,エチオピア,NV.SRV.TOTL.ZS,2018,36.4097339173082
ETH,エチオピア,NV.SRV.TOTL.ZS,2019,37.1502538857618
ETH,エチオピア,NV.SRV.TOTL.ZS,2020,36.8280723461663
ETH,エチオピア,NV.SRV.TOTL.ZS,2021,36.5357433727102
ETH,エチオピア,NV.SRV.TOTL.ZS,2022,36.5535172722288
ETH,エチオピア,NV.SRV.TOTL.ZS,2023,36.9795925806776
ETH,エチオピア,NV.SRV.TOTL.ZS,2024,37.4719406431566
GAB,ガボン,NV.SRV.TOTL.ZS,2000,37.5311789812095
GAB,ガボン,NV.SRV.TOTL.ZS,2001,37.9417335230936
GAB,ガボン,NV.SRV.TOTL.ZS,2002,38.8653039103033
GAB,ガボン,NV.SRV.TOTL.ZS,2003,38.816350461147
GAB,ガボン,NV.SRV.TOTL.ZS,2004,36.2849149195174
GAB,ガボン,NV.SRV.TOTL.ZS,2005,29.5650974359157
GAB,ガボン,NV.SRV.TOTL.ZS,2006,30.9213104046742
GAB,ガボン,NV.SRV.TOTL.ZS,2007,31.3484397338356
GAB,ガボン,NV.SRV.TOTL.ZS,2008,28.9831186458055
GAB,ガボン,NV.SRV.TOTL.ZS,2009,36.8182126957151
GAB,ガボン,NV.SRV.TOTL.ZS,2010,30.8276344945018
GAB,ガボン,NV.SRV.TOTL.ZS,2011,25.6325683424911
GAB,ガボン,NV.SRV.TOTL.ZS,2012,27.4556887815273
GAB,ガボン,NV.SRV.TOTL.ZS,2013,29.6057833629131
GAB,ガボン,NV.SRV.TOTL.ZS,2014,32.6789965337499
GAB,ガボン,NV.SRV.TOTL.ZS,2015,39.0291929804191
GAB,ガボン,NV.SRV.TOTL.ZS,2016,41.7428124794395
GAB,ガボン,NV.SRV.TOTL.ZS,2017,42.6496912552085
GAB,ガボン,NV.SRV.TOTL.ZS,2018,41.1181969705571
GAB,ガボン,NV.SRV.TOTL.ZS,2019,40.4703782489961
GAB,ガボン,NV.SRV.TOTL.ZS,2020,44.8162559682671
GAB,ガボン,NV.SRV.TOTL.ZS,2021,38.5759625634196
GAB,ガボン,NV.SRV.TOTL.ZS,2022,33.438074510583
GAB,ガボン,NV.SRV.TOTL.ZS,2023,37.8093779845924
GAB,ガボン,NV.SRV.TOTL.ZS,2024,36.82191091397
GHA,ガーナ,NV.SRV.TOTL.ZS,2000,28.8150262406777
GHA,ガーナ,NV.SRV.TOTL.ZS,2001,29.1589069809591
GHA,ガーナ,NV.SRV.TOTL.ZS,2002,29.2141132168147
GHA,ガーナ,NV.SRV.TOTL.ZS,2003,29.0667601805988
GHA,ガーナ,NV.SRV.TOTL.ZS,2004,28.6782943752065
GHA,ガーナ,NV.SRV.TOTL.ZS,2005,28.9146295321445
GHA,ガーナ,NV.SRV.TOTL.ZS,2006,45.4706783561681
GHA,ガーナ,NV.SRV.TOTL.ZS,2007,47.1685501017468
GHA,ガーナ,NV.SRV.TOTL.ZS,2008,46.173896812569
GHA,ガーナ,NV.SRV.TOTL.ZS,2009,47.9362071143916
GHA,ガーナ,NV.SRV.TOTL.ZS,2010,48.1811608328439
GHA,ガーナ,NV.SRV.TOTL.ZS,2011,45.844878600683
GHA,ガーナ,NV.SRV.TOTL.ZS,2012,47.5829502482676
GHA,ガーナ,NV.SRV.TOTL.ZS,2013,40.5885509559734
GHA,ガーナ,NV.SRV.TOTL.ZS,2014,37.4136837490477
GHA,ガーナ,NV.SRV.TOTL.ZS,2015,40.515265169488
GHA,ガーナ,NV.SRV.TOTL.ZS,2016,43.9159268124684
GHA,ガーナ,NV.SRV.TOTL.ZS,2017,43.4828610342125
GHA,ガーナ,NV.SRV.TOTL.ZS,2018,43.6785254609153
GHA,ガーナ,NV.SRV.TOTL.ZS,2019,45.1411499576786
GHA,ガーナ,NV.SRV.TOTL.ZS,2020,45.1881802776604
GHA,ガーナ,NV.SRV.TOTL.ZS,2021,45.322010852638
GHA,ガーナ,NV.SRV.TOTL.ZS,2022,42.776031666238
GHA,ガーナ,NV.SRV.TOTL.ZS,2023,43.1127691309747
GHA,ガーナ,NV.SRV.TOTL.ZS,2024,43.6467320265881
GIN,ギニア,NV.SRV.TOTL.ZS,2000,28.3990447435042
GIN,ギニア,NV.SRV.TOTL.ZS,2001,27.4606418222
GIN,ギニア,NV.SRV.TOTL.ZS,2002,27.0328819344223
GIN,ギニア,NV.SRV.TOTL.ZS,2003,27.8168506391328
GIN,ギニア,NV.SRV.TOTL.ZS,2004,26.9160103925124
GIN,ギニア,NV.SRV.TOTL.ZS,2005,25.9855472680562
GIN,ギニア,NV.SRV.TOTL.ZS,2006,44.9064387061431
GIN,ギニア,NV.SRV.TOTL.ZS,2007,45.5641193441512
GIN,ギニア,NV.SRV.TOTL.ZS,2008,43.7134631537269
GIN,ギニア,NV.SRV.TOTL.ZS,2009,44.2802622043022
GIN,ギニア,NV.SRV.TOTL.ZS,2010,43.4042055577507
GIN,ギニア,NV.SRV.TOTL.ZS,2011,43.876515571947
GIN,ギニア,NV.SRV.TOTL.ZS,2012,42.2230260009564
GIN,ギニア,NV.SRV.TOTL.ZS,2013,43.5254453103127
GIN,ギニア,NV.SRV.TOTL.ZS,2014,43.3533895682141
GIN,ギニア,NV.SRV.TOTL.ZS,2015,45.5062249188801
GIN,ギニア,NV.SRV.TOTL.ZS,2016,41.9293096001372
GIN,ギニア,NV.SRV.TOTL.ZS,2017,37.9415078481777
GIN,ギニア,NV.SRV.TOTL.ZS,2018,35.073938251438
GIN,ギニア,NV.SRV.TOTL.ZS,2019,35.2028277402344
GIN,ギニア,NV.SRV.TOTL.ZS,2020,36.7567524729286
GIN,ギニア,NV.SRV.TOTL.ZS,2021,36.1679565508537
GIN,ギニア,NV.SRV.TOTL.ZS,2022,37.5197238443532
GIN,ギニア,NV.SRV.TOTL.ZS,2023,37.2149809110336
GIN,ギニア,NV.SRV.TOTL.ZS,2024,36.3402000065096
GMB,ガンビア,NV.SRV.TOTL.ZS,2000,60.6450421705442
GMB,ガンビア,NV.SRV.TOTL.ZS,2001,59.8075429808194
GMB,ガンビア,NV.SRV.TOTL.ZS,2002,60.0680910899644
GMB,ガンビア,NV.SRV.TOTL.ZS,2003,58.4026844564374
GMB,ガンビア,NV.SRV.TOTL.ZS,2004,51.0583066586641
GMB,ガンビア,NV.SRV.TOTL.ZS,2005,50.7407068402588
GMB,ガンビア,NV.SRV.TOTL.ZS,2006,55.604171967315
GMB,ガンビア,NV.SRV.TOTL.ZS,2007,57.3573555365326
GMB,ガンビア,NV.SRV.TOTL.ZS,2008,52.9886067537314
GMB,ガンビア,NV.SRV.TOTL.ZS,2009,51.1004157150967
GMB,ガンビア,NV.SRV.TOTL.ZS,2010,49.2005371228435
GMB,ガンビア,NV.SRV.TOTL.ZS,2011,54.9002009575039
GMB,ガンビア,NV.SRV.TOTL.ZS,2012,54.4512163689269
GMB,ガンビア,NV.SRV.TOTL.ZS,2013,55.1262970634853
GMB,ガンビア,NV.SRV.TOTL.ZS,2014,56.4387318873601
GMB,ガンビア,NV.SRV.TOTL.ZS,2015,51.8897873643178
GMB,ガンビア,NV.SRV.TOTL.ZS,2016,48.7980343537923
GMB,ガンビア,NV.SRV.TOTL.ZS,2017,53.4253570663483
GMB,ガンビア,NV.SRV.TOTL.ZS,2018,54.9037669522881
GMB,ガンビア,NV.SRV.TOTL.ZS,2019,54.7742280253178
GMB,ガンビア,NV.SRV.TOTL.ZS,2020,53.9537064155422
GMB,ガンビア,NV.SRV.TOTL.ZS,2021,53.3931544906643
GMB,ガンビア,NV.SRV.TOTL.ZS,2022,55.6295443372656
GMB,ガンビア,NV.SRV.TOTL.ZS,2023,55.0253325479023
GMB,ガンビア,NV.SRV.TOTL.ZS,2024,56.7898192162385
GNB,ギニアビサウ,NV.SRV.TOTL.ZS,2000,43.1329398458196
GNB,ギニアビサウ,NV.SRV.TOTL.ZS,2001,44.4464362435261
GNB,ギニアビサウ,NV.SRV.TOTL.ZS,2002,41.8114448834773
GNB,ギニアビサウ,NV.SRV.TOTL.ZS,2003,39.4007174330464
GNB,ギニアビサウ,NV.SRV.TOTL.ZS,2004,43.019059195807
GNB,ギニアビサウ,NV.SRV.TOTL.ZS,2005,39.0351052317049
GNB,ギニアビサウ,NV.SRV.TOTL.ZS,2006,39.4736739112045
GNB,ギニアビサウ,NV.SRV.TOTL.ZS,2007,40.3321026483106
GNB,ギニアビサウ,NV.SRV.TOTL.ZS,2008,41.5344447847426
GNB,ギニアビサウ,NV.SRV.TOTL.ZS,2009,40.0697490889581
GNB,ギニアビサウ,NV.SRV.TOTL.ZS,2010,40.7970506467317
GNB,ギニアビサウ,NV.SRV.TOTL.ZS,2011,42.2690538725093
GNB,ギニアビサウ,NV.SRV.TOTL.ZS,2012,41.7821081516497
GNB,ギニアビサウ,NV.SRV.TOTL.ZS,2013,41.926787833799
GNB,ギニアビサウ,NV.SRV.TOTL.ZS,2014,43.7615995372166
GNB,ギニアビサウ,NV.SRV.TOTL.ZS,2015,45.109885029128
GNB,ギニアビサウ,NV.SRV.TOTL.ZS,2016,45.4263673055603
GNB,ギニアビサウ,NV.SRV.TOTL.ZS,2017,45.08331644315
GNB,ギニアビサウ,NV.SRV.TOTL.ZS,2018,44.9473957355909
GNB,ギニアビサウ,NV.SRV.TOTL.ZS,2019,47.5438496974201
GNB,ギニアビサウ,NV.SRV.TOTL.ZS,2020,47.1603083015334
GNB,ギニアビサウ,NV.SRV.TOTL.ZS,2021,43.0250625977536
GNB,ギニアビサウ,NV.SRV.TOTL.ZS,2022,43.5693999273337
GNB,ギニアビサウ,NV.SRV.TOTL.ZS,2023,43.6027620894956
GNB,ギニアビサウ,NV.SRV.TOTL.ZS,2024,38.6103960473833
GNQ,赤道ギニア,NV.SRV.TOTL.ZS,2000,
GNQ,赤道ギニア,NV.SRV.TOTL.ZS,2001,
GNQ,赤道ギニア,NV.SRV.TOTL.ZS,2002,
GNQ,赤道ギニア,NV.SRV.TOTL.ZS,2003,
GNQ,赤道ギニア,NV.SRV.TOTL.ZS,2004,
GNQ,赤道ギニア,NV.SRV.TOTL.ZS,2005,
GNQ,赤道ギニア,NV.SRV.TOTL.ZS,2006,15.6913934502382
GNQ,赤道ギニア,NV.SRV.TOTL.ZS,2007,17.4690950886762
GNQ,赤道ギニア,NV.SRV.TOTL.ZS,2008,15.4146710346223
GNQ,赤道ギニア,NV.SRV.TOTL.ZS,2009,23.6771022893581
GNQ,赤道ギニア,NV.SRV.TOTL.ZS,2010,24.7325512094271
GNQ,赤道ギニア,NV.SRV.TOTL.ZS,2011,22.1315186516791
GNQ,赤道ギニア,NV.SRV.TOTL.ZS,2012,22.9343465047188
GNQ,赤道ギニア,NV.SRV.TOTL.ZS,2013,27.1661850938714
GNQ,赤道ギニア,NV.SRV.TOTL.ZS,2014,29.01926071002
GNQ,赤道ギニア,NV.SRV.TOTL.ZS,2015,39.1222153520914
GNQ,赤道ギニア,NV.SRV.TOTL.ZS,2016,45.1807218132753
GNQ,赤道ギニア,NV.SRV.TOTL.ZS,2017,40.8999564262649
GNQ,赤道ギニア,NV.SRV.TOTL.ZS,2018,40.4782944837917
GNQ,赤道ギニア,NV.SRV.TOTL.ZS,2019,45.2983496969454
GNQ,赤道ギニア,NV.SRV.TOTL.ZS,2020,51.2909630438292
GNQ,赤道ギニア,NV.SRV.TOTL.ZS,2021,46.9525113861133
GNQ,赤道ギニア,NV.SRV.TOTL.ZS,2022,40.9755396882589
GNQ,赤道ギニア,NV.SRV.TOTL.ZS,2023,48.957690058444
GNQ,赤道ギニア,NV.SRV.TOTL.ZS,2024,49.3417725803112
KEN,ケニア,NV.SRV.TOTL.ZS,2000,
KEN,ケニア,NV.SRV.TOTL.ZS,2001,
KEN,ケニア,NV.SRV.TOTL.ZS,2002,
KEN,ケニア,NV.SRV.TOTL.ZS,2003,
KEN,ケニア,NV.SRV.TOTL.ZS,2004,
KEN,ケニア,NV.SRV.TOTL.ZS,2005,
KEN,ケニア,NV.SRV.TOTL.ZS,2006,50.3566785049309
KEN,ケニア,NV.SRV.TOTL.ZS,2007,50.2276478618764
KEN,ケニア,NV.SRV.TOTL.ZS,2008,50.1247655109144
KEN,ケニア,NV.SRV.TOTL.ZS,2009,58.4144115871026
KEN,ケニア,NV.SRV.TOTL.ZS,2010,56.99824606755
KEN,ケニア,NV.SRV.TOTL.ZS,2011,55.2138923736953
KEN,ケニア,NV.SRV.TOTL.ZS,2012,55.6497106996552
KEN,ケニア,NV.SRV.TOTL.ZS,2013,56.0807083434218
KEN,ケニア,NV.SRV.TOTL.ZS,2014,56.9548463607011
KEN,ケニア,NV.SRV.TOTL.ZS,2015,56.1313780292221
KEN,ケニア,NV.SRV.TOTL.ZS,2016,56.4465087468317
KEN,ケニア,NV.SRV.TOTL.ZS,2017,55.8541060679002
KEN,ケニア,NV.SRV.TOTL.ZS,2018,56.0189509830887
KEN,ケニア,NV.SRV.TOTL.ZS,2019,55.9598629656759
KEN,ケニア,NV.SRV.TOTL.ZS,2020,53.9774355183867
KEN,ケニア,NV.SRV.TOTL.ZS,2021,55.1214442175046
KEN,ケニア,NV.SRV.TOTL.ZS,2022,55.4146210848294
KEN,ケニア,NV.SRV.TOTL.ZS,2023,55.4743471461612
KEN,ケニア,NV.SRV.TOTL.ZS,2024,55.6862723354892
LBR,リベリア,NV.SRV.TOTL.ZS,2000,19.6801945080092
LBR,リベリア,NV.SRV.TOTL.ZS,2001,19.3857947019868
LBR,リベリア,NV.SRV.TOTL.ZS,2002,17.8637108953614
LBR,リベリア,NV.SRV.TOTL.ZS,2003,23.7980748663102
LBR,リベリア,NV.SRV.TOTL.ZS,2004,27.1750501672241
LBR,リベリア,NV.SRV.TOTL.ZS,2005,26.7272602739726
LBR,リベリア,NV.SRV.TOTL.ZS,2006,30.2998033958892
LBR,リベリア,NV.SRV.TOTL.ZS,2007,28.4765404224326
LBR,リベリア,NV.SRV.TOTL.ZS,2008,27.7257821552723
LBR,リベリア,NV.SRV.TOTL.ZS,2009,36.9545135746606
LBR,リベリア,NV.SRV.TOTL.ZS,2010,52.5302352352352
LBR,リベリア,NV.SRV.TOTL.ZS,2011,49.3673561301084
LBR,リベリア,NV.SRV.TOTL.ZS,2012,34.5571020921947
LBR,リベリア,NV.SRV.TOTL.ZS,2013,36.7766177374964
LBR,リベリア,NV.SRV.TOTL.ZS,2014,40.7273599259933
LBR,リベリア,NV.SRV.TOTL.ZS,2015,44.5122901827187
LBR,リベリア,NV.SRV.TOTL.ZS,2016,46.0395120131722
LBR,リベリア,NV.SRV.TOTL.ZS,2017,44.2886245963006
LBR,リベリア,NV.SRV.TOTL.ZS,2018,42.9373526844517
LBR,リベリア,NV.SRV.TOTL.ZS,2019,41.3512545877187
LBR,リベリア,NV.SRV.TOTL.ZS,2020,38.8263243813699
LBR,リベリア,NV.SRV.TOTL.ZS,2021,38.4012095474317
LBR,リベリア,NV.SRV.TOTL.ZS,2022,37.3426880514025
LBR,リベリア,NV.SRV.TOTL.ZS,2023,40.4903758542141
LBR,リベリア,NV.SRV.TOTL.ZS,2024,43.2908503417309
LBY,リビア,NV.SRV.TOTL.ZS,2000,
LBY,リビア,NV.SRV.TOTL.ZS,2001,
LBY,リビア,NV.SRV.TOTL.ZS,2002,
LBY,リビア,NV.SRV.TOTL.ZS,2003,
LBY,リビア,NV.SRV.TOTL.ZS,2004,
LBY,リビア,NV.SRV.TOTL.ZS,2005,
LBY,リビア,NV.SRV.TOTL.ZS,2006,21.4916497863516
LBY,リビア,NV.SRV.TOTL.ZS,2007,24.5170340448071
LBY,リビア,NV.SRV.TOTL.ZS,2008,22.6422296787815
LBY,リビア,NV.SRV.TOTL.ZS,2009,33.6406666526731
LBY,リビア,NV.SRV.TOTL.ZS,2010,32.1610487205157
LBY,リビア,NV.SRV.TOTL.ZS,2011,60.4271917105475
LBY,リビア,NV.SRV.TOTL.ZS,2012,38.0498684426903
LBY,リビア,NV.SRV.TOTL.ZS,2013,49.5688944454069
LBY,リビア,NV.SRV.TOTL.ZS,2014,67.8416782304827
LBY,リビア,NV.SRV.TOTL.ZS,2015,72.4462059977024
LBY,リビア,NV.SRV.TOTL.ZS,2016,77.8397088024993
LBY,リビア,NV.SRV.TOTL.ZS,2017,64.0663893322394
LBY,リビア,NV.SRV.TOTL.ZS,2018,52.9941083689439
LBY,リビア,NV.SRV.TOTL.ZS,2019,56.1374562146309
LBY,リビア,NV.SRV.TOTL.ZS,2020,88.3298040421117
LBY,リビア,NV.SRV.TOTL.ZS,2021,32.2272169143777
LBY,リビア,NV.SRV.TOTL.ZS,2022,26.5756015796149
LBY,リビア,NV.SRV.TOTL.ZS,2023,23.9767815007079
LBY,リビア,NV.SRV.TOTL.ZS,2024,28.3399914639351
LSO,レソト,NV.SRV.TOTL.ZS,2000,51.3188103835103
LSO,レソト,NV.SRV.TOTL.ZS,2001,48.2710293560451
LSO,レソト,NV.SRV.TOTL.ZS,2002,49.1061150518713
LSO,レソト,NV.SRV.TOTL.ZS,2003,49.2361832841348
LSO,レソト,NV.SRV.TOTL.ZS,2004,48.7010986075853
LSO,レソト,NV.SRV.TOTL.ZS,2005,48.8777892583314
LSO,レソト,NV.SRV.TOTL.ZS,2006,47.453282212477
LSO,レソト,NV.SRV.TOTL.ZS,2007,48.7741435228289
LSO,レソト,NV.SRV.TOTL.ZS,2008,48.1946196438854
LSO,レソト,NV.SRV.TOTL.ZS,2009,53.8868003720555
LSO,レソト,NV.SRV.TOTL.ZS,2010,53.84333484589
LSO,レソト,NV.SRV.TOTL.ZS,2011,51.8923641324372
LSO,レソト,NV.SRV.TOTL.ZS,2012,52.8520996716815
LSO,レソト,NV.SRV.TOTL.ZS,2013,54.8845910948592
LSO,レソト,NV.SRV.TOTL.ZS,2014,53.0682808394329
LSO,レソト,NV.SRV.TOTL.ZS,2015,51.5336434103419
LSO,レソト,NV.SRV.TOTL.ZS,2016,53.3450312980122
LSO,レソト,NV.SRV.TOTL.ZS,2017,54.5137388790934
LSO,レソト,NV.SRV.TOTL.ZS,2018,52.4296644724323
LSO,レソト,NV.SRV.TOTL.ZS,2019,52.6035846981333
LSO,レソト,NV.SRV.TOTL.ZS,2020,51.8634418089356
LSO,レソト,NV.SRV.TOTL.ZS,2021,49.8038795533452
LSO,レソト,NV.SRV.TOTL.ZS,2022,50.0662331477834
LSO,レソト,NV.SRV.TOTL.ZS,2023,50.4968662504575
LSO,レソト,NV.SRV.TOTL.ZS,2024,51.3500898821643
MAR,モロッコ,NV.SRV.TOTL.ZS,2000,45.6643826902591
MAR,モロッコ,NV.SRV.TOTL.ZS,2001,45.6511101629935
MAR,モロッコ,NV.SRV.TOTL.ZS,2002,45.676137521941
MAR,モロッコ,NV.SRV.TOTL.ZS,2003,45.0015319782644
MAR,モロッコ,NV.SRV.TOTL.ZS,2004,45.6602444605801
MAR,モロッコ,NV.SRV.TOTL.ZS,2005,47.3638124036934
MAR,モロッコ,NV.SRV.TOTL.ZS,2006,46.499023933398
MAR,モロッコ,NV.SRV.TOTL.ZS,2007,48.6528084619907
MAR,モロッコ,NV.SRV.TOTL.ZS,2008,46.5404621172017
MAR,モロッコ,NV.SRV.TOTL.ZS,2009,47.3016732715882
MAR,モロッコ,NV.SRV.TOTL.ZS,2010,47.166110243688
MAR,モロッコ,NV.SRV.TOTL.ZS,2011,48.2264357061115
MAR,モロッコ,NV.SRV.TOTL.ZS,2012,49.1349653712344
MAR,モロッコ,NV.SRV.TOTL.ZS,2013,47.6140626235819
MAR,モロッコ,NV.SRV.TOTL.ZS,2014,54.7549862499925
MAR,モロッコ,NV.SRV.TOTL.ZS,2015,52.2029571874719
MAR,モロッコ,NV.SRV.TOTL.ZS,2016,53.3932404781727
MAR,モロッコ,NV.SRV.TOTL.ZS,2017,53.0987601129781
MAR,モロッコ,NV.SRV.TOTL.ZS,2018,53.070813570865
MAR,モロッコ,NV.SRV.TOTL.ZS,2019,53.4781212999139
MAR,モロッコ,NV.SRV.TOTL.ZS,2020,53.1903022793513
MAR,モロッコ,NV.SRV.TOTL.ZS,2021,51.7882000339975
MAR,モロッコ,NV.SRV.TOTL.ZS,2022,54.4992684878357
MAR,モロッコ,NV.SRV.TOTL.ZS,2023,53.7147502674415
MAR,モロッコ,NV.SRV.TOTL.ZS,2024,52.7268616776438
MDG,マダガスカル,NV.SRV.TOTL.ZS,2000,48.3695987195514
MDG,マダガスカル,NV.SRV.TOTL.ZS,2001,50.9264110852576
MDG,マダガスカル,NV.SRV.TOTL.ZS,2002,50.2028794922736
MDG,マダガスカル,NV.SRV.TOTL.ZS,2003,49.9000478604401
MDG,マダガスカル,NV.SRV.TOTL.ZS,2004,50.2445789659486
MDG,マダガスカル,NV.SRV.TOTL.ZS,2005,51.4124515283538
MDG,マダガスカル,NV.SRV.TOTL.ZS,2006,52.4774184184697
MDG,マダガスカル,NV.SRV.TOTL.ZS,2007,48.0405252639591
MDG,マダガスカル,NV.SRV.TOTL.ZS,2008,47.7475305832466
MDG,マダガスカル,NV.SRV.TOTL.ZS,2009,47.015745609716
MDG,マダガスカル,NV.SRV.TOTL.ZS,2010,48.7541183093285
MDG,マダガスカル,NV.SRV.TOTL.ZS,2011,49.1347880329208
MDG,マダガスカル,NV.SRV.TOTL.ZS,2012,50.9548624555702
MDG,マダガスカル,NV.SRV.TOTL.ZS,2013,51.5008530957731
MDG,マダガスカル,NV.SRV.TOTL.ZS,2014,50.8124409881822
MDG,マダガスカル,NV.SRV.TOTL.ZS,2015,50.7680550591088
MDG,マダガスカル,NV.SRV.TOTL.ZS,2016,51.0107328908938
MDG,マダガスカル,NV.SRV.TOTL.ZS,2017,51.0493152393528
MDG,マダガスカル,NV.SRV.TOTL.ZS,2018,48.7393975825603
MDG,マダガスカル,NV.SRV.TOTL.ZS,2019,49.803398923588
MDG,マダガスカル,NV.SRV.TOTL.ZS,2020,50.3929947592946
MDG,マダガスカル,NV.SRV.TOTL.ZS,2021,49.6063940347523
MDG,マダガスカル,NV.SRV.TOTL.ZS,2022,49.577409052757
MDG,マダガスカル,NV.SRV.TOTL.ZS,2023,48.7872684386948
MDG,マダガスカル,NV.SRV.TOTL.ZS,2024,49.2953656188918
MLI,マリ,NV.SRV.TOTL.ZS,2000,49.5097474364567
MLI,マリ,NV.SRV.TOTL.ZS,2001,47.6144991379551
MLI,マリ,NV.SRV.TOTL.ZS,2002,45.38490800091
MLI,マリ,NV.SRV.TOTL.ZS,2003,49.6160489293411
MLI,マリ,NV.SRV.TOTL.ZS,2004,50.1080870432385
MLI,マリ,NV.SRV.TOTL.ZS,2005,46.3414087053589
MLI,マリ,NV.SRV.TOTL.ZS,2006,45.2894690289656
MLI,マリ,NV.SRV.TOTL.ZS,2007,46.1041215564856
MLI,マリ,NV.SRV.TOTL.ZS,2008,46.1069254021678
MLI,マリ,NV.SRV.TOTL.ZS,2009,42.5421004232069
MLI,マリ,NV.SRV.TOTL.ZS,2010,42.7504445332345
MLI,マリ,NV.SRV.TOTL.ZS,2011,41.272214841564
MLI,マリ,NV.SRV.TOTL.ZS,2012,38.7717273817901
MLI,マリ,NV.SRV.TOTL.ZS,2013,41.5078597878379
MLI,マリ,NV.SRV.TOTL.ZS,2014,40.198721339629
MLI,マリ,NV.SRV.TOTL.ZS,2015,40.0970307151047
MLI,マリ,NV.SRV.TOTL.ZS,2016,39.318867039934
MLI,マリ,NV.SRV.TOTL.ZS,2017,38.465341607849
MLI,マリ,NV.SRV.TOTL.ZS,2018,37.7025904458647
MLI,マリ,NV.SRV.TOTL.ZS,2019,37.2907298223604
MLI,マリ,NV.SRV.TOTL.ZS,2020,35.2593907469673
MLI,マリ,NV.SRV.TOTL.ZS,2021,35.3863444638051
MLI,マリ,NV.SRV.TOTL.ZS,2022,35.4460346344289
MLI,マリ,NV.SRV.TOTL.ZS,2023,35.5057869330752
MLI,マリ,NV.SRV.TOTL.ZS,2024,36.0673356857186
MOZ,モザンビーク,NV.SRV.TOTL.ZS,2000,45.3843932799378
MOZ,モザンビーク,NV.SRV.TOTL.ZS,2001,47.0298196369858
MOZ,モザンビーク,NV.SRV.TOTL.ZS,2002,50.0444497396591
MOZ,モザンビーク,NV.SRV.TOTL.ZS,2003,47.4111747462593
MOZ,モザンビーク,NV.SRV.TOTL.ZS,2004,46.7802468120728
MOZ,モザンビーク,NV.SRV.TOTL.ZS,2005,47.8301891535813
MOZ,モザンビーク,NV.SRV.TOTL.ZS,2006,46.0372364063382
MOZ,モザンビーク,NV.SRV.TOTL.ZS,2007,47.066127757555
MOZ,モザンビーク,NV.SRV.TOTL.ZS,2008,46.6288684700152
MOZ,モザンビーク,NV.SRV.TOTL.ZS,2009,46.0759228321161
MOZ,モザンビーク,NV.SRV.TOTL.ZS,2010,46.4980980243579
MOZ,モザンビーク,NV.SRV.TOTL.ZS,2011,47.0499217311335
MOZ,モザンビーク,NV.SRV.TOTL.ZS,2012,47.6027313250162
MOZ,モザンビーク,NV.SRV.TOTL.ZS,2013,48.1774792195794
MOZ,モザンビーク,NV.SRV.TOTL.ZS,2014,47.4439817727919
MOZ,モザンビーク,NV.SRV.TOTL.ZS,2015,46.6230720271826
MOZ,モザンビーク,NV.SRV.TOTL.ZS,2016,44.7281700621036
MOZ,モザンビーク,NV.SRV.TOTL.ZS,2017,40.5397924322416
MOZ,モザンビーク,NV.SRV.TOTL.ZS,2018,39.3943049006571
MOZ,モザンビーク,NV.SRV.TOTL.ZS,2019,40.4529777243247
MOZ,モザンビーク,NV.SRV.TOTL.ZS,2020,40.4876511190227
MOZ,モザンビーク,NV.SRV.TOTL.ZS,2021,39.034021346609
MOZ,モザンビーク,NV.SRV.TOTL.ZS,2022,39.3236217630203
MOZ,モザンビーク,NV.SRV.TOTL.ZS,2023,41.0960094164264
MOZ,モザンビーク,NV.SRV.TOTL.ZS,2024,41.0839779014212
MRT,モーリタニア,NV.SRV.TOTL.ZS,2000,40.367653425841
MRT,モーリタニア,NV.SRV.TOTL.ZS,2001,41.2732318333519
MRT,モーリタニア,NV.SRV.TOTL.ZS,2002,42.0579788251562
MRT,モーリタニア,NV.SRV.TOTL.ZS,2003,43.3594627143196
MRT,モーリタニア,NV.SRV.TOTL.ZS,2004,42.8464291437464
MRT,モーリタニア,NV.SRV.TOTL.ZS,2005,40.6837476533578
MRT,モーリタニア,NV.SRV.TOTL.ZS,2006,34.0804263088307
MRT,モーリタニア,NV.SRV.TOTL.ZS,2007,38.304859791134
MRT,モーリタニア,NV.SRV.TOTL.ZS,2008,39.238285130247
MRT,モーリタニア,NV.SRV.TOTL.ZS,2009,42.7452015890838
MRT,モーリタニア,NV.SRV.TOTL.ZS,2010,39.9492728035458
MRT,モーリタニア,NV.SRV.TOTL.ZS,2011,36.1958838869826
MRT,モーリタニア,NV.SRV.TOTL.ZS,2012,38.8685569000327
MRT,モーリタニア,NV.SRV.TOTL.ZS,2013,37.9017288839036
MRT,モーリタニア,NV.SRV.TOTL.ZS,2014,44.3634547026997
MRT,モーリタニア,NV.SRV.TOTL.ZS,2015,46.4932179805674
MRT,モーリタニア,NV.SRV.TOTL.ZS,2016,43.8844616566403
MRT,モーリタニア,NV.SRV.TOTL.ZS,2017,43.9182291052554
MRT,モーリタニア,NV.SRV.TOTL.ZS,2018,43.4303714104838
MRT,モーリタニア,NV.SRV.TOTL.ZS,2019,42.835788176362
MRT,モーリタニア,NV.SRV.TOTL.ZS,2020,38.980438494127
MRT,モーリタニア,NV.SRV.TOTL.ZS,2021,41.2809978730915
MRT,モーリタニア,NV.SRV.TOTL.ZS,2022,44.6134039235348
MRT,モーリタニア,NV.SRV.TOTL.ZS,2023,43.0208316833302
MRT,モーリタニア,NV.SRV.TOTL.ZS,2024,42.4294833153804
MUS,モーリシャス,NV.SRV.TOTL.ZS,2000,55.2422252046632
MUS,モーリシャス,NV.SRV.TOTL.ZS,2001,55.4900618091756
MUS,モーリシャス,NV.SRV.TOTL.ZS,2002,56.3205984623161
MUS,モーリシャス,NV.SRV.TOTL.ZS,2003,56.6063415748585
MUS,モーリシャス,NV.SRV.TOTL.ZS,2004,56.7403832844542
MUS,モーリシャス,NV.SRV.TOTL.ZS,2005,58.7567132591815
MUS,モーリシャス,NV.SRV.TOTL.ZS,2006,62.4293598087689
MUS,モーリシャス,NV.SRV.TOTL.ZS,2007,62.4788771518299
MUS,モーリシャス,NV.SRV.TOTL.ZS,2008,62.1321960140615
MUS,モーリシャス,NV.SRV.TOTL.ZS,2009,62.7871161230838
MUS,モーリシャス,NV.SRV.TOTL.ZS,2010,63.3764437286062
MUS,モーリシャス,NV.SRV.TOTL.ZS,2011,63.6969751208162
MUS,モーリシャス,NV.SRV.TOTL.ZS,2012,64.1212056440386
MUS,モーリシャス,NV.SRV.TOTL.ZS,2013,64.2908222203013
MUS,モーリシャス,NV.SRV.TOTL.ZS,2014,65.3592964389999
MUS,モーリシャス,NV.SRV.TOTL.ZS,2015,65.970161855866
MUS,モーリシャス,NV.SRV.TOTL.ZS,2016,66.6247640219482
MUS,モーリシャス,NV.SRV.TOTL.ZS,2017,67.0349300689085
MUS,モーリシャス,NV.SRV.TOTL.ZS,2018,67.3947692459243
MUS,モーリシャス,NV.SRV.TOTL.ZS,2019,67.8825372749356
MUS,モーリシャス,NV.SRV.TOTL.ZS,2020,68.4838856404543
MUS,モーリシャス,NV.SRV.TOTL.ZS,2021,67.318201705507
MUS,モーリシャス,NV.SRV.TOTL.ZS,2022,65.965029532794
MUS,モーリシャス,NV.SRV.TOTL.ZS,2023,64.8658576788433
MUS,モーリシャス,NV.SRV.TOTL.ZS,2024,64.3727148822015
MWI,マラウイ,NV.SRV.TOTL.ZS,2000,45.5596539072455
MWI,マラウイ,NV.SRV.TOTL.ZS,2001,47.8472542285068
MWI,マラウイ,NV.SRV.TOTL.ZS,2002,47.1018174090037
MWI,マラウイ,NV.SRV.TOTL.ZS,2003,45.9888017430968
MWI,マラウイ,NV.SRV.TOTL.ZS,2004,46.4939592314372
MWI,マラウイ,NV.SRV.TOTL.ZS,2005,47.8108177015335
MWI,マラウイ,NV.SRV.TOTL.ZS,2006,48.8725353335126
MWI,マラウイ,NV.SRV.TOTL.ZS,2007,49.5765681184685
MWI,マラウイ,NV.SRV.TOTL.ZS,2008,49.887973712386
MWI,マラウイ,NV.SRV.TOTL.ZS,2009,50.3807859032207
MWI,マラウイ,NV.SRV.TOTL.ZS,2010,51.1943503329606
MWI,マラウイ,NV.SRV.TOTL.ZS,2011,51.6606062394182
MWI,マラウイ,NV.SRV.TOTL.ZS,2012,52.5104116951348
MWI,マラウイ,NV.SRV.TOTL.ZS,2013,52.4849872843715
MWI,マラウイ,NV.SRV.TOTL.ZS,2014,52.6198508476428
MWI,マラウイ,NV.SRV.TOTL.ZS,2015,53.2072107130481
MWI,マラウイ,NV.SRV.TOTL.ZS,2016,53.9094692362352
MWI,マラウイ,NV.SRV.TOTL.ZS,2017,53.1222211157681
MWI,マラウイ,NV.SRV.TOTL.ZS,2018,53.509369127
MWI,マラウイ,NV.SRV.TOTL.ZS,2019,52.5126504640364
MWI,マラウイ,NV.SRV.TOTL.ZS,2020,50.3386872937921
MWI,マラウイ,NV.SRV.TOTL.ZS,2021,49.7686602288935
MWI,マラウイ,NV.SRV.TOTL.ZS,2022,49.2359417778991
MWI,マラウイ,NV.SRV.TOTL.ZS,2023,45.1244920082931
MWI,マラウイ,NV.SRV.TOTL.ZS,2024,44.2239100785329
NAM,ナミビア,NV.SRV.TOTL.ZS,2000,56.9022867868021
NAM,ナミビア,NV.SRV.TOTL.ZS,2001,56.1672441058378
NAM,ナミビア,NV.SRV.TOTL.ZS,2002,54.2589464654707
NAM,ナミビア,NV.SRV.TOTL.ZS,2003,59.0144586199366
NAM,ナミビア,NV.SRV.TOTL.ZS,2004,57.7762103915834
NAM,ナミビア,NV.SRV.TOTL.ZS,2005,56.489272532684
NAM,ナミビア,NV.SRV.TOTL.ZS,2006,52.5972185880007
NAM,ナミビア,NV.SRV.TOTL.ZS,2007,49.6642964935729
NAM,ナミビア,NV.SRV.TOTL.ZS,2008,48.3622002913174
NAM,ナミビア,NV.SRV.TOTL.ZS,2009,52.6102586571458
NAM,ナミビア,NV.SRV.TOTL.ZS,2010,53.9557685578527
NAM,ナミビア,NV.SRV.TOTL.ZS,2011,54.1611624054591
NAM,ナミビア,NV.SRV.TOTL.ZS,2012,53.9227923543527
NAM,ナミビア,NV.SRV.TOTL.ZS,2013,57.738663851131
NAM,ナミビア,NV.SRV.TOTL.ZS,2014,57.7023463281603
NAM,ナミビア,NV.SRV.TOTL.ZS,2015,57.9429326539944
NAM,ナミビア,NV.SRV.TOTL.ZS,2016,57.7470985015528
NAM,ナミビア,NV.SRV.TOTL.ZS,2017,58.6183280617479
NAM,ナミビア,NV.SRV.TOTL.ZS,2018,57.8454369766385
NAM,ナミビア,NV.SRV.TOTL.ZS,2019,58.4304525510312
NAM,ナミビア,NV.SRV.TOTL.ZS,2020,58.7746205569356
NAM,ナミビア,NV.SRV.TOTL.ZS,2021,57.8264516685608
NAM,ナミビア,NV.SRV.TOTL.ZS,2022,55.4104498097798
NAM,ナミビア,NV.SRV.TOTL.ZS,2023,52.9829111469469
NAM,ナミビア,NV.SRV.TOTL.ZS,2024,54.0604480745882
NER,ニジェール,NV.SRV.TOTL.ZS,2000,40.3631282931906
NER,ニジェール,NV.SRV.TOTL.ZS,2001,37.3699413638536
NER,ニジェール,NV.SRV.TOTL.ZS,2002,36.1658912024804
NER,ニジェール,NV.SRV.TOTL.ZS,2003,35.9778240858115
NER,ニジェール,NV.SRV.TOTL.ZS,2004,38.3835492189962
NER,ニジェール,NV.SRV.TOTL.ZS,2005,37.9194605692429
NER,ニジェール,NV.SRV.TOTL.ZS,2006,37.4439531922514
NER,ニジェール,NV.SRV.TOTL.ZS,2007,37.3635820305751
NER,ニジェール,NV.SRV.TOTL.ZS,2008,34.2841235924332
NER,ニジェール,NV.SRV.TOTL.ZS,2009,36.908757364448
NER,ニジェール,NV.SRV.TOTL.ZS,2010,35.1075507996062
NER,ニジェール,NV.SRV.TOTL.ZS,2011,36.6722707602193
NER,ニジェール,NV.SRV.TOTL.ZS,2012,34.9550459944691
NER,ニジェール,NV.SRV.TOTL.ZS,2013,35.9846069967701
NER,ニジェール,NV.SRV.TOTL.ZS,2014,37.0689591319954
NER,ニジェール,NV.SRV.TOTL.ZS,2015,38.5305288045027
NER,ニジェール,NV.SRV.TOTL.ZS,2016,36.3012340200953
NER,ニジェール,NV.SRV.TOTL.ZS,2017,36.0846750833268
NER,ニジェール,NV.SRV.TOTL.ZS,2018,36.1390837609924
NER,ニジェール,NV.SRV.TOTL.ZS,2019,36.918339965666
NER,ニジェール,NV.SRV.TOTL.ZS,2020,36.5834036530258
NER,ニジェール,NV.SRV.TOTL.ZS,2021,37.3824229156708
NER,ニジェール,NV.SRV.TOTL.ZS,2022,35.7657969370643
NER,ニジェール,NV.SRV.TOTL.ZS,2023,34.6334163812351
NER,ニジェール,NV.SRV.TOTL.ZS,2024,32.2470424171469
NGA,ナイジェリア,NV.SRV.TOTL.ZS,2000,43.7984549227611
NGA,ナイジェリア,NV.SRV.TOTL.ZS,2001,46.2224797158223
NGA,ナイジェリア,NV.SRV.TOTL.ZS,2002,38.9699324729488
NGA,ナイジェリア,NV.SRV.TOTL.ZS,2003,39.1455112028244
NGA,ナイジェリア,NV.SRV.TOTL.ZS,2004,43.355018249934
NGA,ナイジェリア,NV.SRV.TOTL.ZS,2005,44.6842057357904
NGA,ナイジェリア,NV.SRV.TOTL.ZS,2006,48.488798713658
NGA,ナイジェリア,NV.SRV.TOTL.ZS,2007,49.962371047205
NGA,ナイジェリア,NV.SRV.TOTL.ZS,2008,48.9753597288614
NGA,ナイジェリア,NV.SRV.TOTL.ZS,2009,50.981397065431
NGA,ナイジェリア,NV.SRV.TOTL.ZS,2010,50.7888436709083
NGA,ナイジェリア,NV.SRV.TOTL.ZS,2011,49.2430315160577
NGA,ナイジェリア,NV.SRV.TOTL.ZS,2012,50.1858844831558
NGA,ナイジェリア,NV.SRV.TOTL.ZS,2013,52.3666011224583
NGA,ナイジェリア,NV.SRV.TOTL.ZS,2014,54.1531280154165
NGA,ナイジェリア,NV.SRV.TOTL.ZS,2015,58.1222219182291
NGA,ナイジェリア,NV.SRV.TOTL.ZS,2016,59.7850976800938
NGA,ナイジェリア,NV.SRV.TOTL.ZS,2017,55.8046968877557
NGA,ナイジェリア,NV.SRV.TOTL.ZS,2018,52.017050934471
NGA,ナイジェリア,NV.SRV.TOTL.ZS,2019,52.8970825940835
NGA,ナイジェリア,NV.SRV.TOTL.ZS,2020,52.3869989741131
NGA,ナイジェリア,NV.SRV.TOTL.ZS,2021,51.3106033400341
NGA,ナイジェリア,NV.SRV.TOTL.ZS,2022,51.1748657609976
NGA,ナイジェリア,NV.SRV.TOTL.ZS,2023,51.7143247369192
NGA,ナイジェリア,NV.SRV.TOTL.ZS,2024,53.7295617367143
RWA,ルワンダ,NV.SRV.TOTL.ZS,2000,44.3325422142963
RWA,ルワンダ,NV.SRV.TOTL.ZS,2001,43.4295280432737
RWA,ルワンダ,NV.SRV.TOTL.ZS,2002,44.3972019839823
RWA,ルワンダ,NV.SRV.TOTL.ZS,2003,43.6823937428764
RWA,ルワンダ,NV.SRV.TOTL.ZS,2004,42.4570134790914
RWA,ルワンダ,NV.SRV.TOTL.ZS,2005,42.5382621808924
RWA,ルワンダ,NV.SRV.TOTL.ZS,2006,45.83415458599
RWA,ルワンダ,NV.SRV.TOTL.ZS,2007,48.8259515002823
RWA,ルワンダ,NV.SRV.TOTL.ZS,2008,49.8799239036562
RWA,ルワンダ,NV.SRV.TOTL.ZS,2009,50.1383757634202
RWA,ルワンダ,NV.SRV.TOTL.ZS,2010,50.4766390452197
RWA,ルワンダ,NV.SRV.TOTL.ZS,2011,48.4766774083086
RWA,ルワンダ,NV.SRV.TOTL.ZS,2012,49.4831481824775
RWA,ルワンダ,NV.SRV.TOTL.ZS,2013,50.4831229134323
RWA,ルワンダ,NV.SRV.TOTL.ZS,2014,49.8811513692983
RWA,ルワンダ,NV.SRV.TOTL.ZS,2015,50.3124438022485
RWA,ルワンダ,NV.SRV.TOTL.ZS,2016,49.8527431715312
RWA,ルワンダ,NV.SRV.TOTL.ZS,2017,48.3387635185545
RWA,ルワンダ,NV.SRV.TOTL.ZS,2018,50.8454682645895
RWA,ルワンダ,NV.SRV.TOTL.ZS,2019,50.8785484273068
RWA,ルワンダ,NV.SRV.TOTL.ZS,2020,48.784377217219
RWA,ルワンダ,NV.SRV.TOTL.ZS,2021,51.6873626920897
RWA,ルワンダ,NV.SRV.TOTL.ZS,2022,50.8527033368015
RWA,ルワンダ,NV.SRV.TOTL.ZS,2023,50.331537576817
RWA,ルワンダ,NV.SRV.TOTL.ZS,2024,52.1933573536168
SDN,スーダン,NV.SRV.TOTL.ZS,2000,35.7090117949857
SDN,スーダン,NV.SRV.TOTL.ZS,2001,25.3402380871451
SDN,スーダン,NV.SRV.TOTL.ZS,2002,20.0077535626802
SDN,スーダン,NV.SRV.TOTL.ZS,2003,20.8411829708171
SDN,スーダン,NV.SRV.TOTL.ZS,2004,19.6136870640777
SDN,スーダン,NV.SRV.TOTL.ZS,2005,17.9950722184399
SDN,スーダン,NV.SRV.TOTL.ZS,2006,19.855472715377
SDN,スーダン,NV.SRV.TOTL.ZS,2007,10.8761534344019
SDN,スーダン,NV.SRV.TOTL.ZS,2008,15.4985357509151
SDN,スーダン,NV.SRV.TOTL.ZS,2009,26.4598144889249
SDN,スーダン,NV.SRV.TOTL.ZS,2010,49.0000000134509
SDN,スーダン,NV.SRV.TOTL.ZS,2011,48.9999999923471
SDN,スーダン,NV.SRV.TOTL.ZS,2012,48.9999999946855
SDN,スーダン,NV.SRV.TOTL.ZS,2013,48.3000000076415
SDN,スーダン,NV.SRV.TOTL.ZS,2014,52.1000000052871
SDN,スーダン,NV.SRV.TOTL.ZS,2015,53.2000000002343
SDN,スーダン,NV.SRV.TOTL.ZS,2016,51.5000000031277
SDN,スーダン,NV.SRV.TOTL.ZS,2017,50.8999999979814
SDN,スーダン,NV.SRV.TOTL.ZS,2018,57.2999999987234
SDN,スーダン,NV.SRV.TOTL.ZS,2019,57.9999999994889
SDN,スーダン,NV.SRV.TOTL.ZS,2020,58.1
SDN,スーダン,NV.SRV.TOTL.ZS,2021,57.2999999999985
SDN,スーダン,NV.SRV.TOTL.ZS,2022,51.4
SDN,スーダン,NV.SRV.TOTL.ZS,2023,41.3879052564524
SDN,スーダン,NV.SRV.TOTL.ZS,2024,54.6666336526563
SEN,セネガル,NV.SRV.TOTL.ZS,2000,50.5601905708335
SEN,セネガル,NV.SRV.TOTL.ZS,2001,49.2404719048245
SEN,セネガル,NV.SRV.TOTL.ZS,2002,50.4637711431131
SEN,セネガル,NV.SRV.TOTL.ZS,2003,50.7893753360918
SEN,セネガル,NV.SRV.TOTL.ZS,2004,50.6690012194278
SEN,セネガル,NV.SRV.TOTL.ZS,2005,49.6862123536231
SEN,セネガル,NV.SRV.TOTL.ZS,2006,51.9152517286897
SEN,セネガル,NV.SRV.TOTL.ZS,2007,53.2209644120259
SEN,セネガル,NV.SRV.TOTL.ZS,2008,53.5524725330782
SEN,セネガル,NV.SRV.TOTL.ZS,2009,52.3709526949588
SEN,セネガル,NV.SRV.TOTL.ZS,2010,52.4270621171615
SEN,セネガル,NV.SRV.TOTL.ZS,2011,53.7636944684195
SEN,セネガル,NV.SRV.TOTL.ZS,2012,53.7359773167972
SEN,セネガル,NV.SRV.TOTL.ZS,2013,52.6932478038648
SEN,セネガル,NV.SRV.TOTL.ZS,2014,53.6085329173623
SEN,セネガル,NV.SRV.TOTL.ZS,2015,51.4368734328387
SEN,セネガル,NV.SRV.TOTL.ZS,2016,51.9681042834976
SEN,セネガル,NV.SRV.TOTL.ZS,2017,52.1227287660287
SEN,セネガル,NV.SRV.TOTL.ZS,2018,52.1727885084918
SEN,セネガル,NV.SRV.TOTL.ZS,2019,50.9547929398667
SEN,セネガル,NV.SRV.TOTL.ZS,2020,50.524794927837
SEN,セネガル,NV.SRV.TOTL.ZS,2021,50.5239032603048
SEN,セネガル,NV.SRV.TOTL.ZS,2022,49.7964440298548
SEN,セネガル,NV.SRV.TOTL.ZS,2023,49.5867335830147
SEN,セネガル,NV.SRV.TOTL.ZS,2024,49.0753249208956
SLE,シエラレオネ,NV.SRV.TOTL.ZS,2000,12.4902278563224
SLE,シエラレオネ,NV.SRV.TOTL.ZS,2001,42.0811948835244
SLE,シエラレオネ,NV.SRV.TOTL.ZS,2002,40.285598845559
SLE,シエラレオネ,NV.SRV.TOTL.ZS,2003,38.4981709162677
SLE,シエラレオネ,NV.SRV.TOTL.ZS,2004,37.1364563850909
SLE,シエラレオネ,NV.SRV.TOTL.ZS,2005,36.9336543211186
SLE,シエラレオネ,NV.SRV.TOTL.ZS,2006,44.5914531432815
SLE,シエラレオネ,NV.SRV.TOTL.ZS,2007,44.7910836628184
SLE,シエラレオネ,NV.SRV.TOTL.ZS,2008,46.0455986673751
SLE,シエラレオネ,NV.SRV.TOTL.ZS,2009,47.3878490822662
SLE,シエラレオネ,NV.SRV.TOTL.ZS,2010,46.2373485307333
SLE,シエラレオネ,NV.SRV.TOTL.ZS,2011,46.9470284022028
SLE,シエラレオネ,NV.SRV.TOTL.ZS,2012,43.980867472737
SLE,シエラレオネ,NV.SRV.TOTL.ZS,2013,41.5447698876166
SLE,シエラレオネ,NV.SRV.TOTL.ZS,2014,41.7591458652869
SLE,シエラレオネ,NV.SRV.TOTL.ZS,2015,45.7694782043029
SLE,シエラレオネ,NV.SRV.TOTL.ZS,2016,44.7998859384513
SLE,シエラレオネ,NV.SRV.TOTL.ZS,2017,44.7627784849758
SLE,シエラレオネ,NV.SRV.TOTL.ZS,2018,43.9222664822583
SLE,シエラレオネ,NV.SRV.TOTL.ZS,2019,44.0831280750694
SLE,シエラレオネ,NV.SRV.TOTL.ZS,2020,43.3938484059076
SLE,シエラレオネ,NV.SRV.TOTL.ZS,2021,43.460957579481
SLE,シエラレオネ,NV.SRV.TOTL.ZS,2022,42.1255781428385
SLE,シエラレオネ,NV.SRV.TOTL.ZS,2023,42.1624443748343
SLE,シエラレオネ,NV.SRV.TOTL.ZS,2024,42.5650434659461
SOM,ソマリア,NV.SRV.TOTL.ZS,2000,
SOM,ソマリア,NV.SRV.TOTL.ZS,2001,
SOM,ソマリア,NV.SRV.TOTL.ZS,2002,
SOM,ソマリア,NV.SRV.TOTL.ZS,2003,
SOM,ソマリア,NV.SRV.TOTL.ZS,2004,
SOM,ソマリア,NV.SRV.TOTL.ZS,2005,
SOM,ソマリア,NV.SRV.TOTL.ZS,2006,
SOM,ソマリア,NV.SRV.TOTL.ZS,2007,
SOM,ソマリア,NV.SRV.TOTL.ZS,2008,
SOM,ソマリア,NV.SRV.TOTL.ZS,2009,
SOM,ソマリア,NV.SRV.TOTL.ZS,2010,
SOM,ソマリア,NV.SRV.TOTL.ZS,2011,
SOM,ソマリア,NV.SRV.TOTL.ZS,2012,
SOM,ソマリア,NV.SRV.TOTL.ZS,2013,
SOM,ソマリア,NV.SRV.TOTL.ZS,2014,
SOM,ソマリア,NV.SRV.TOTL.ZS,2015,
SOM,ソマリア,NV.SRV.TOTL.ZS,2016,
SOM,ソマリア,NV.SRV.TOTL.ZS,2017,
SOM,ソマリア,NV.SRV.TOTL.ZS,2018,
SOM,ソマリア,NV.SRV.TOTL.ZS,2019,
SOM,ソマリア,NV.SRV.TOTL.ZS,2020,
SOM,ソマリア,NV.SRV.TOTL.ZS,2021,
SOM,ソマリア,NV.SRV.TOTL.ZS,2022,
SOM,ソマリア,NV.SRV.TOTL.ZS,2023,
SOM,ソマリア,NV.SRV.TOTL.ZS,2024,
SSD,南スーダン,NV.SRV.TOTL.ZS,2000,
SSD,南スーダン,NV.SRV.TOTL.ZS,2001,
SSD,南スーダン,NV.SRV.TOTL.ZS,2002,
SSD,南スーダン,NV.SRV.TOTL.ZS,2003,
SSD,南スーダン,NV.SRV.TOTL.ZS,2004,
SSD,南スーダン,NV.SRV.TOTL.ZS,2005,
SSD,南スーダン,NV.SRV.TOTL.ZS,2006,
SSD,南スーダン,NV.SRV.TOTL.ZS,2007,
SSD,南スーダン,NV.SRV.TOTL.ZS,2008,36.6177162232871
SSD,南スーダン,NV.SRV.TOTL.ZS,2009,35.5021306484434
SSD,南スーダン,NV.SRV.TOTL.ZS,2010,33.5625068562538
SSD,南スーダン,NV.SRV.TOTL.ZS,2011,34.0974199385455
SSD,南スーダン,NV.SRV.TOTL.ZS,2012,42.6735756014185
SSD,南スーダン,NV.SRV.TOTL.ZS,2013,68.1393629925541
SSD,南スーダン,NV.SRV.TOTL.ZS,2014,45.7040840248141
SSD,南スーダン,NV.SRV.TOTL.ZS,2015,56.5504512594544
SSD,南スーダン,NV.SRV.TOTL.ZS,2016,
SSD,南スーダン,NV.SRV.TOTL.ZS,2017,
SSD,南スーダン,NV.SRV.TOTL.ZS,2018,
SSD,南スーダン,NV.SRV.TOTL.ZS,2019,
SSD,南スーダン,NV.SRV.TOTL.ZS,2020,
SSD,南スーダン,NV.SRV.TOTL.ZS,2021,
SSD,南スーダン,NV.SRV.TOTL.ZS,2022,
SSD,南スーダン,NV.SRV.TOTL.ZS,2023,
SSD,南スーダン,NV.SRV.TOTL.ZS,2024,
STP,サントメ・プリンシペ,NV.SRV.TOTL.ZS,2000,
STP,サントメ・プリンシペ,NV.SRV.TOTL.ZS,2001,
STP,サントメ・プリンシペ,NV.SRV.TOTL.ZS,2002,
STP,サントメ・プリンシペ,NV.SRV.TOTL.ZS,2003,
STP,サントメ・プリンシペ,NV.SRV.TOTL.ZS,2004,
STP,サントメ・プリンシペ,NV.SRV.TOTL.ZS,2005,
STP,サントメ・プリンシペ,NV.SRV.TOTL.ZS,2006,
STP,サントメ・プリンシペ,NV.SRV.TOTL.ZS,2007,
STP,サントメ・プリンシペ,NV.SRV.TOTL.ZS,2008,68.3965198810427
STP,サントメ・プリンシペ,NV.SRV.TOTL.ZS,2009,65.4948025356472
STP,サントメ・プリンシペ,NV.SRV.TOTL.ZS,2010,64.579368078385
STP,サントメ・プリンシペ,NV.SRV.TOTL.ZS,2011,68.8767010224354
STP,サントメ・プリンシペ,NV.SRV.TOTL.ZS,2012,70.7205515705525
STP,サントメ・プリンシペ,NV.SRV.TOTL.ZS,2013,70.9654138761469
STP,サントメ・プリンシペ,NV.SRV.TOTL.ZS,2014,72.5379455733083
STP,サントメ・プリンシペ,NV.SRV.TOTL.ZS,2015,74.022423308339
STP,サントメ・プリンシペ,NV.SRV.TOTL.ZS,2016,79.4684593365187
STP,サントメ・プリンシペ,NV.SRV.TOTL.ZS,2017,81.0252683615241
STP,サントメ・プリンシペ,NV.SRV.TOTL.ZS,2018,81.9818212460338
STP,サントメ・プリンシペ,NV.SRV.TOTL.ZS,2019,83.814052123567
STP,サントメ・プリンシペ,NV.SRV.TOTL.ZS,2020,75.1246918450436
STP,サントメ・プリンシペ,NV.SRV.TOTL.ZS,2021,75.4550774311808
STP,サントメ・プリンシペ,NV.SRV.TOTL.ZS,2022,78.5910726252264
STP,サントメ・プリンシペ,NV.SRV.TOTL.ZS,2023,79.4810607790889
STP,サントメ・プリンシペ,NV.SRV.TOTL.ZS,2024,81.053939821981
SWZ,エスワティニ,NV.SRV.TOTL.ZS,2000,45.0543785867107
SWZ,エスワティニ,NV.SRV.TOTL.ZS,2001,44.7139148360376
SWZ,エスワティニ,NV.SRV.TOTL.ZS,2002,43.8694395543022
SWZ,エスワティニ,NV.SRV.TOTL.ZS,2003,45.3459369237015
SWZ,エスワティニ,NV.SRV.TOTL.ZS,2004,46.7013574264685
SWZ,エスワティニ,NV.SRV.TOTL.ZS,2005,45.8925845414106
SWZ,エスワティニ,NV.SRV.TOTL.ZS,2006,46.1550782944538
SWZ,エスワティニ,NV.SRV.TOTL.ZS,2007,46.164834199628
SWZ,エスワティニ,NV.SRV.TOTL.ZS,2008,47.4447004657942
SWZ,エスワティニ,NV.SRV.TOTL.ZS,2009,47.4643792697457
SWZ,エスワティニ,NV.SRV.TOTL.ZS,2010,48.4208880754558
SWZ,エスワティニ,NV.SRV.TOTL.ZS,2011,49.2864972661237
SWZ,エスワティニ,NV.SRV.TOTL.ZS,2012,47.7032450637046
SWZ,エスワティニ,NV.SRV.TOTL.ZS,2013,48.71792201446
SWZ,エスワティニ,NV.SRV.TOTL.ZS,2014,49.1684512239842
SWZ,エスワティニ,NV.SRV.TOTL.ZS,2015,49.1854194326331
SWZ,エスワティニ,NV.SRV.TOTL.ZS,2016,50.8591368524579
SWZ,エスワティニ,NV.SRV.TOTL.ZS,2017,50.8419175517782
SWZ,エスワティニ,NV.SRV.TOTL.ZS,2018,51.8895724612563
SWZ,エスワティニ,NV.SRV.TOTL.ZS,2019,51.314217349782
SWZ,エスワティニ,NV.SRV.TOTL.ZS,2020,52.9824038173017
SWZ,エスワティニ,NV.SRV.TOTL.ZS,2021,52.6580541771703
SWZ,エスワティニ,NV.SRV.TOTL.ZS,2022,50.7755818619716
SWZ,エスワティニ,NV.SRV.TOTL.ZS,2023,51.8939982654127
SWZ,エスワティニ,NV.SRV.TOTL.ZS,2024,51.3633744946129
SYC,セーシェル,NV.SRV.TOTL.ZS,2000,38.8526916133463
SYC,セーシェル,NV.SRV.TOTL.ZS,2001,40.4504628927915
SYC,セーシェル,NV.SRV.TOTL.ZS,2002,36.6931400773371
SYC,セーシェル,NV.SRV.TOTL.ZS,2003,35.4266788198821
SYC,セーシェル,NV.SRV.TOTL.ZS,2004,57.092652626233
SYC,セーシェル,NV.SRV.TOTL.ZS,2005,57.1255555460939
SYC,セーシェル,NV.SRV.TOTL.ZS,2006,59.8814589396797
SYC,セーシェル,NV.SRV.TOTL.ZS,2007,61.663102285032
SYC,セーシェル,NV.SRV.TOTL.ZS,2008,61.0312008131524
SYC,セーシェル,NV.SRV.TOTL.ZS,2009,62.3094945737398
SYC,セーシェル,NV.SRV.TOTL.ZS,2010,61.5630454862737
SYC,セーシェル,NV.SRV.TOTL.ZS,2011,59.697762704269
SYC,セーシェル,NV.SRV.TOTL.ZS,2012,60.6962628362195
SYC,セーシェル,NV.SRV.TOTL.ZS,2013,64.3204210082484
SYC,セーシェル,NV.SRV.TOTL.ZS,2014,64.8365134500149
SYC,セーシェル,NV.SRV.TOTL.ZS,2015,67.2463184086625
SYC,セーシェル,NV.SRV.TOTL.ZS,2016,68.48212565237
SYC,セーシェル,NV.SRV.TOTL.ZS,2017,69.2741357827459
SYC,セーシェル,NV.SRV.TOTL.ZS,2018,69.9476824400139
SYC,セーシェル,NV.SRV.TOTL.ZS,2019,70.9429679692474
SYC,セーシェル,NV.SRV.TOTL.ZS,2020,69.3076224483376
SYC,セーシェル,NV.SRV.TOTL.ZS,2021,71.792890047776
SYC,セーシェル,NV.SRV.TOTL.ZS,2022,70.160713985426
SYC,セーシェル,NV.SRV.TOTL.ZS,2023,68.9360904700897
SYC,セーシェル,NV.SRV.TOTL.ZS,2024,68.9157410209691
TCD,チャド,NV.SRV.TOTL.ZS,2000,44.5794947284954
TCD,チャド,NV.SRV.TOTL.ZS,2001,42.9981522742084
TCD,チャド,NV.SRV.TOTL.ZS,2002,43.932055082335
TCD,チャド,NV.SRV.TOTL.ZS,2003,40.3986743087963
TCD,チャド,NV.SRV.TOTL.ZS,2004,28.6879271461279
TCD,チャド,NV.SRV.TOTL.ZS,2005,29.1810706375521
TCD,チャド,NV.SRV.TOTL.ZS,2006,27.0031286995248
TCD,チャド,NV.SRV.TOTL.ZS,2007,27.8661086086361
TCD,チャド,NV.SRV.TOTL.ZS,2008,27.0698321111535
TCD,チャド,NV.SRV.TOTL.ZS,2009,30.0492470258094
TCD,チャド,NV.SRV.TOTL.ZS,2010,26.4840061921648
TCD,チャド,NV.SRV.TOTL.ZS,2011,29.3196564962166
TCD,チャド,NV.SRV.TOTL.ZS,2012,27.528208864441
TCD,チャド,NV.SRV.TOTL.ZS,2013,27.2750923582337
TCD,チャド,NV.SRV.TOTL.ZS,2014,29.1571665027258
TCD,チャド,NV.SRV.TOTL.ZS,2015,30.5025562206002
TCD,チャド,NV.SRV.TOTL.ZS,2016,33.3539046432824
TCD,チャド,NV.SRV.TOTL.ZS,2017,32.4399116473542
TCD,チャド,NV.SRV.TOTL.ZS,2018,30.7913779429149
TCD,チャド,NV.SRV.TOTL.ZS,2019,31.0792692848196
TCD,チャド,NV.SRV.TOTL.ZS,2020,32.1091259774243
TCD,チャド,NV.SRV.TOTL.ZS,2021,30.7213002298951
TCD,チャド,NV.SRV.TOTL.ZS,2022,28.3478520444522
TCD,チャド,NV.SRV.TOTL.ZS,2023,30.2993342727587
TCD,チャド,NV.SRV.TOTL.ZS,2024,31.0401498284472
TGO,トーゴ,NV.SRV.TOTL.ZS,2000,47.8963795644462
TGO,トーゴ,NV.SRV.TOTL.ZS,2001,50.3120943875614
TGO,トーゴ,NV.SRV.TOTL.ZS,2002,48.669760988867
TGO,トーゴ,NV.SRV.TOTL.ZS,2003,48.3943762784048
TGO,トーゴ,NV.SRV.TOTL.ZS,2004,49.640805026636
TGO,トーゴ,NV.SRV.TOTL.ZS,2005,51.4590483352783
TGO,トーゴ,NV.SRV.TOTL.ZS,2006,50.5916665209396
TGO,トーゴ,NV.SRV.TOTL.ZS,2007,49.1843669168086
TGO,トーゴ,NV.SRV.TOTL.ZS,2008,48.8432869805883
TGO,トーゴ,NV.SRV.TOTL.ZS,2009,50.5030682140054
TGO,トーゴ,NV.SRV.TOTL.ZS,2010,50.6230186694827
TGO,トーゴ,NV.SRV.TOTL.ZS,2011,50.8512251121876
TGO,トーゴ,NV.SRV.TOTL.ZS,2012,52.1384498382369
TGO,トーゴ,NV.SRV.TOTL.ZS,2013,51.3808071604133
TGO,トーゴ,NV.SRV.TOTL.ZS,2014,48.4642413421922
TGO,トーゴ,NV.SRV.TOTL.ZS,2015,49.1710391824831
TGO,トーゴ,NV.SRV.TOTL.ZS,2016,50.351464002526
TGO,トーゴ,NV.SRV.TOTL.ZS,2017,50.5464826373095
TGO,トーゴ,NV.SRV.TOTL.ZS,2018,50.5321112102312
TGO,トーゴ,NV.SRV.TOTL.ZS,2019,51.2355140360272
TGO,トーゴ,NV.SRV.TOTL.ZS,2020,51.5098326585601
TGO,トーゴ,NV.SRV.TOTL.ZS,2021,49.7102678979533
TGO,トーゴ,NV.SRV.TOTL.ZS,2022,48.7608627653264
TGO,トーゴ,NV.SRV.TOTL.ZS,2023,49.2368248822454
TGO,トーゴ,NV.SRV.TOTL.ZS,2024,49.1964794843188
TUN,チュニジア,NV.SRV.TOTL.ZS,2000,53.2221897572146
TUN,チュニジア,NV.SRV.TOTL.ZS,2001,54.0810926593252
TUN,チュニジア,NV.SRV.TOTL.ZS,2002,55.5745687087401
TUN,チュニジア,NV.SRV.TOTL.ZS,2003,55.9420691370868
TUN,チュニジア,NV.SRV.TOTL.ZS,2004,55.8026185357313
TUN,チュニジア,NV.SRV.TOTL.ZS,2005,56.3292015953763
TUN,チュニジア,NV.SRV.TOTL.ZS,2006,56.5741910385915
TUN,チュニジア,NV.SRV.TOTL.ZS,2007,56.0306430426456
TUN,チュニジア,NV.SRV.TOTL.ZS,2008,55.0762394795308
TUN,チュニジア,NV.SRV.TOTL.ZS,2009,56.0072736940413
TUN,チュニジア,NV.SRV.TOTL.ZS,2010,55.8976948687167
TUN,チュニジア,NV.SRV.TOTL.ZS,2011,56.8340831798214
TUN,チュニジア,NV.SRV.TOTL.ZS,2012,57.0947002042078
TUN,チュニジア,NV.SRV.TOTL.ZS,2013,58.023672140101
TUN,チュニジア,NV.SRV.TOTL.ZS,2014,57.5059874486204
TUN,チュニジア,NV.SRV.TOTL.ZS,2015,58.9457719298636
TUN,チュニジア,NV.SRV.TOTL.ZS,2016,59.7022255944941
TUN,チュニジア,NV.SRV.TOTL.ZS,2017,60.2679109708219
TUN,チュニジア,NV.SRV.TOTL.ZS,2018,59.4591341366813
TUN,チュニジア,NV.SRV.TOTL.ZS,2019,59.9417090281883
TUN,チュニジア,NV.SRV.TOTL.ZS,2020,60.1899882930928
TUN,チュニジア,NV.SRV.TOTL.ZS,2021,59.5291634928382
TUN,チュニジア,NV.SRV.TOTL.ZS,2022,61.0687406100635
TUN,チュニジア,NV.SRV.TOTL.ZS,2023,62.0931279377135
TUN,チュニジア,NV.SRV.TOTL.ZS,2024,62.6074263616937
TZA,タンザニア,NV.SRV.TOTL.ZS,2000,49.0990079360563
TZA,タンザニア,NV.SRV.TOTL.ZS,2001,49.1163480266487
TZA,タンザニア,NV.SRV.TOTL.ZS,2002,47.6254339102486
TZA,タンザニア,NV.SRV.TOTL.ZS,2003,46.0085454870166
TZA,タンザニア,NV.SRV.TOTL.ZS,2004,45.0959930932601
TZA,タンザニア,NV.SRV.TOTL.ZS,2005,45.078966625744
TZA,タンザニア,NV.SRV.TOTL.ZS,2006,45.5521443499129
TZA,タンザニア,NV.SRV.TOTL.ZS,2007,45.5364294139161
TZA,タンザニア,NV.SRV.TOTL.ZS,2008,43.7191784966665
TZA,タンザニア,NV.SRV.TOTL.ZS,2009,44.5514742946567
TZA,タンザニア,NV.SRV.TOTL.ZS,2010,43.3162282485783
TZA,タンザニア,NV.SRV.TOTL.ZS,2011,41.4050375845078
TZA,タンザニア,NV.SRV.TOTL.ZS,2012,40.6114766481977
TZA,タンザニア,NV.SRV.TOTL.ZS,2013,40.2655507384318
TZA,タンザニア,NV.SRV.TOTL.ZS,2014,41.2956954905769
TZA,タンザニア,NV.SRV.TOTL.ZS,2015,40.4311664337765
TZA,タンザニア,NV.SRV.TOTL.ZS,2016,39.4485885215938
TZA,タンザニア,NV.SRV.TOTL.ZS,2017,37.961527710078
TZA,タンザニア,NV.SRV.TOTL.ZS,2018,37.2427988727653
TZA,タンザニア,NV.SRV.TOTL.ZS,2019,36.83250438588
TZA,タンザニア,NV.SRV.TOTL.ZS,2020,34.2374729758264
TZA,タンザニア,NV.SRV.TOTL.ZS,2021,32.5519716058525
TZA,タンザニア,NV.SRV.TOTL.ZS,2022,30.6423919827317
TZA,タンザニア,NV.SRV.TOTL.ZS,2023,28.6974346292653
TZA,タンザニア,NV.SRV.TOTL.ZS,2024,29.5630742232271
UGA,ウガンダ,NV.SRV.TOTL.ZS,2000,44.6702768031338
UGA,ウガンダ,NV.SRV.TOTL.ZS,2001,44.7796646510108
UGA,ウガンダ,NV.SRV.TOTL.ZS,2002,47.7413871970957
UGA,ウガンダ,NV.SRV.TOTL.ZS,2003,46.5378749382528
UGA,ウガンダ,NV.SRV.TOTL.ZS,2004,52.0323458233141
UGA,ウガンダ,NV.SRV.TOTL.ZS,2005,45.3122507865985
UGA,ウガンダ,NV.SRV.TOTL.ZS,2006,47.119794496076
UGA,ウガンダ,NV.SRV.TOTL.ZS,2007,46.9260980681393
UGA,ウガンダ,NV.SRV.TOTL.ZS,2008,46.8958814777585
UGA,ウガンダ,NV.SRV.TOTL.ZS,2009,44.6270560606876
UGA,ウガンダ,NV.SRV.TOTL.ZS,2010,44.7858823687755
UGA,ウガンダ,NV.SRV.TOTL.ZS,2011,45.776796908869
UGA,ウガンダ,NV.SRV.TOTL.ZS,2012,44.4441204774638
UGA,ウガンダ,NV.SRV.TOTL.ZS,2013,44.5372887962385
UGA,ウガンダ,NV.SRV.TOTL.ZS,2014,44.0459519330973
UGA,ウガンダ,NV.SRV.TOTL.ZS,2015,44.2988124381619
UGA,ウガンダ,NV.SRV.TOTL.ZS,2016,44.4324164008995
UGA,ウガンダ,NV.SRV.TOTL.ZS,2017,43.4784994061797
UGA,ウガンダ,NV.SRV.TOTL.ZS,2018,43.3388930035876
UGA,ウガンダ,NV.SRV.TOTL.ZS,2019,42.9981110493193
UGA,ウガンダ,NV.SRV.TOTL.ZS,2020,42.8380040896187
UGA,ウガンダ,NV.SRV.TOTL.ZS,2021,41.8463858299692
UGA,ウガンダ,NV.SRV.TOTL.ZS,2022,41.6521408721143
UGA,ウガンダ,NV.SRV.TOTL.ZS,2023,42.5125306078843
UGA,ウガンダ,NV.SRV.TOTL.ZS,2024,43.1413581135321
ZAF,南アフリカ共和国,NV.SRV.TOTL.ZS,2000,61.1859808725457
ZAF,南アフリカ共和国,NV.SRV.TOTL.ZS,2001,60.7831497223987
ZAF,南アフリカ共和国,NV.SRV.TOTL.ZS,2002,60.791789515513
ZAF,南アフリカ共和国,NV.SRV.TOTL.ZS,2003,62.5769415025101
ZAF,南アフリカ共和国,NV.SRV.TOTL.ZS,2004,62.5295022900426
ZAF,南アフリカ共和国,NV.SRV.TOTL.ZS,2005,62.6447743317012
ZAF,南アフリカ共和国,NV.SRV.TOTL.ZS,2006,63.4994322880989
ZAF,南アフリカ共和国,NV.SRV.TOTL.ZS,2007,62.7545126209971
ZAF,南アフリカ共和国,NV.SRV.TOTL.ZS,2008,61.5371405407045
ZAF,南アフリカ共和国,NV.SRV.TOTL.ZS,2009,63.6360883195073
ZAF,南アフリカ共和国,NV.SRV.TOTL.ZS,2010,64.2752626096743
ZAF,南アフリカ共和国,NV.SRV.TOTL.ZS,2011,64.3421981264186
ZAF,南アフリカ共和国,NV.SRV.TOTL.ZS,2012,64.3045111542673
ZAF,南アフリカ共和国,NV.SRV.TOTL.ZS,2013,64.0537426456394
ZAF,南アフリカ共和国,NV.SRV.TOTL.ZS,2014,64.0117818477066
ZAF,南アフリカ共和国,NV.SRV.TOTL.ZS,2015,64.1025757790295
ZAF,南アフリカ共和国,NV.SRV.TOTL.ZS,2016,63.913401523834
ZAF,南アフリカ共和国,NV.SRV.TOTL.ZS,2017,64.3304256202533
ZAF,南アフリカ共和国,NV.SRV.TOTL.ZS,2018,64.2531759654529
ZAF,南アフリカ共和国,NV.SRV.TOTL.ZS,2019,64.3473048295753
ZAF,南アフリカ共和国,NV.SRV.TOTL.ZS,2020,64.6102537818073
ZAF,南アフリカ共和国,NV.SRV.TOTL.ZS,2021,62.7445288151422
ZAF,南アフリカ共和国,NV.SRV.TOTL.ZS,2022,62.2719610043357
ZAF,南アフリカ共和国,NV.SRV.TOTL.ZS,2023,62.7205686343674
ZAF,南アフリカ共和国,NV.SRV.TOTL.ZS,2024,62.9921807546005
ZMB,ザンビア,NV.SRV.TOTL.ZS,2000,48.9595335232782
ZMB,ザンビア,NV.SRV.TOTL.ZS,2001,49.0993517149354
ZMB,ザンビア,NV.SRV.TOTL.ZS,2002,49.7243429106408
ZMB,ザンビア,NV.SRV.TOTL.ZS,2003,49.7205872731509
ZMB,ザンビア,NV.SRV.TOTL.ZS,2004,48.8099285446496
ZMB,ザンビア,NV.SRV.TOTL.ZS,2005,48.9576146258726
ZMB,ザンビア,NV.SRV.TOTL.ZS,2006,47.5154757432367
ZMB,ザンビア,NV.SRV.TOTL.ZS,2007,47.4546801554357
ZMB,ザンビア,NV.SRV.TOTL.ZS,2008,49.0298347278234
ZMB,ザンビア,NV.SRV.TOTL.ZS,2009,51.5546034007674
ZMB,ザンビア,NV.SRV.TOTL.ZS,2010,52.8064557009767
ZMB,ザンビア,NV.SRV.TOTL.ZS,2011,50.3856175027169
ZMB,ザンビア,NV.SRV.TOTL.ZS,2012,53.193632268128
ZMB,ザンビア,NV.SRV.TOTL.ZS,2013,53.1376428491188
ZMB,ザンビア,NV.SRV.TOTL.ZS,2014,53.5124177356887
ZMB,ザンビア,NV.SRV.TOTL.ZS,2015,56.2204142195756
ZMB,ザンビア,NV.SRV.TOTL.ZS,2016,54.1825064091292
ZMB,ザンビア,NV.SRV.TOTL.ZS,2017,52.0938849633709
ZMB,ザンビア,NV.SRV.TOTL.ZS,2018,54.2445428614432
ZMB,ザンビア,NV.SRV.TOTL.ZS,2019,54.6037591025552
ZMB,ザンビア,NV.SRV.TOTL.ZS,2020,53.6857479089843
ZMB,ザンビア,NV.SRV.TOTL.ZS,2021,50.9368691958614
ZMB,ザンビア,NV.SRV.TOTL.ZS,2022,55.5345677860761
ZMB,ザンビア,NV.SRV.TOTL.ZS,2023,56.8167642432298
ZMB,ザンビア,NV.SRV.TOTL.ZS,2024,57.1882934058153
ZWE,ジンバブエ,NV.SRV.TOTL.ZS,2000,70.1266201023419
ZWE,ジンバブエ,NV.SRV.TOTL.ZS,2001,74.6672565719131
ZWE,ジンバブエ,NV.SRV.TOTL.ZS,2002,77.0221819471258
ZWE,ジンバブエ,NV.SRV.TOTL.ZS,2003,74.3608760143094
ZWE,ジンバブエ,NV.SRV.TOTL.ZS,2004,49.8321425497116
ZWE,ジンバブエ,NV.SRV.TOTL.ZS,2005,48.6823253592671
ZWE,ジンバブエ,NV.SRV.TOTL.ZS,2006,44.9350530132648
ZWE,ジンバブエ,NV.SRV.TOTL.ZS,2007,44.4874639973559
ZWE,ジンバブエ,NV.SRV.TOTL.ZS,2008,48.5457220461747
ZWE,ジンバブエ,NV.SRV.TOTL.ZS,2009,54.9155959982421
ZWE,ジンバブエ,NV.SRV.TOTL.ZS,2010,57.8323753397937
ZWE,ジンバブエ,NV.SRV.TOTL.ZS,2011,57.8956694308597
ZWE,ジンバブエ,NV.SRV.TOTL.ZS,2012,55.0851169445499
ZWE,ジンバブエ,NV.SRV.TOTL.ZS,2013,58.3262437338848
ZWE,ジンバブエ,NV.SRV.TOTL.ZS,2014,57.5914485657891
ZWE,ジンバブエ,NV.SRV.TOTL.ZS,2015,58.6509456397932
ZWE,ジンバブエ,NV.SRV.TOTL.ZS,2016,60.4095480136678
ZWE,ジンバブエ,NV.SRV.TOTL.ZS,2017,54.9436180469088
ZWE,ジンバブエ,NV.SRV.TOTL.ZS,2018,55.9846516102169
ZWE,ジンバブエ,NV.SRV.TOTL.ZS,2019,34.7344486451697
ZWE,ジンバブエ,NV.SRV.TOTL.ZS,2020,34.9749502869668
ZWE,ジンバブエ,NV.SRV.TOTL.ZS,2021,37.6780323490396
ZWE,ジンバブエ,NV.SRV.TOTL.ZS,2022,28.6606568162383
ZWE,ジンバブエ,NV.SRV.TOTL.ZS,2023,49.5634542472646
ZWE,ジンバブエ,NV.SRV.TOTL.ZS,2024,50.5845539917432
AGO,アンゴラ,NY.GDP.TOTL.RT.ZS,2000,59.1425103628059
AGO,アンゴラ,NY.GDP.TOTL.RT.ZS,2001,44.219476594374
AGO,アンゴラ,NY.GDP.TOTL.RT.ZS,2002,32.8837159773494
AGO,アンゴラ,NY.GDP.TOTL.RT.ZS,2003,28.4066969543848
AGO,アンゴラ,NY.GDP.TOTL.RT.ZS,2004,33.7707170143085
AGO,アンゴラ,NY.GDP.TOTL.RT.ZS,2005,42.7600742732017
AGO,アンゴラ,NY.GDP.TOTL.RT.ZS,2006,40.7534428993222
AGO,アンゴラ,NY.GDP.TOTL.RT.ZS,2007,45.881176080136
AGO,アンゴラ,NY.GDP.TOTL.RT.ZS,2008,52.5607729557913
AGO,アンゴラ,NY.GDP.TOTL.RT.ZS,2009,30.3114661376593
AGO,アンゴラ,NY.GDP.TOTL.RT.ZS,2010,38.1623101146694
AGO,アンゴラ,NY.GDP.TOTL.RT.ZS,2011,39.0226784952754
AGO,アンゴラ,NY.GDP.TOTL.RT.ZS,2012,34.7310076331615
AGO,アンゴラ,NY.GDP.TOTL.RT.ZS,2013,29.4000452272015
AGO,アンゴラ,NY.GDP.TOTL.RT.ZS,2014,22.124247625088
AGO,アンゴラ,NY.GDP.TOTL.RT.ZS,2015,13.3056748880613
AGO,アンゴラ,NY.GDP.TOTL.RT.ZS,2016,20.8851202682195
AGO,アンゴラ,NY.GDP.TOTL.RT.ZS,2017,25.9503299089307
AGO,アンゴラ,NY.GDP.TOTL.RT.ZS,2018,32.045405604301
AGO,アンゴラ,NY.GDP.TOTL.RT.ZS,2019,28.8978590593907
AGO,アンゴラ,NY.GDP.TOTL.RT.ZS,2020,20.2476653863539
AGO,アンゴラ,NY.GDP.TOTL.RT.ZS,2021,29.9674348417559
AGO,アンゴラ,NY.GDP.TOTL.RT.ZS,2022,
AGO,アンゴラ,NY.GDP.TOTL.RT.ZS,2023,
AGO,アンゴラ,NY.GDP.TOTL.RT.ZS,2024,
BDI,ブルンジ,NY.GDP.TOTL.RT.ZS,2000,15.0609351884312
BDI,ブルンジ,NY.GDP.TOTL.RT.ZS,2001,18.812078088637
BDI,ブルンジ,NY.GDP.TOTL.RT.ZS,2002,24.3014254644156
BDI,ブルンジ,NY.GDP.TOTL.RT.ZS,2003,40.4921952045604
BDI,ブルンジ,NY.GDP.TOTL.RT.ZS,2004,30.4545201860965
BDI,ブルンジ,NY.GDP.TOTL.RT.ZS,2005,26.6807675145409
BDI,ブルンジ,NY.GDP.TOTL.RT.ZS,2006,23.9491794618101
BDI,ブルンジ,NY.GDP.TOTL.RT.ZS,2007,32.3563567682481
BDI,ブルンジ,NY.GDP.TOTL.RT.ZS,2008,33.0482440437363
BDI,ブルンジ,NY.GDP.TOTL.RT.ZS,2009,30.3366575642074
BDI,ブルンジ,NY.GDP.TOTL.RT.ZS,2010,23.8533757417192
BDI,ブルンジ,NY.GDP.TOTL.RT.ZS,2011,24.9891589486881
BDI,ブルンジ,NY.GDP.TOTL.RT.ZS,2012,17.5501999315408
BDI,ブルンジ,NY.GDP.TOTL.RT.ZS,2013,17.7328553188701
BDI,ブルンジ,NY.GDP.TOTL.RT.ZS,2014,17.4547483367972
BDI,ブルンジ,NY.GDP.TOTL.RT.ZS,2015,15.5344531520944
BDI,ブルンジ,NY.GDP.TOTL.RT.ZS,2016,19.1016499815056
BDI,ブルンジ,NY.GDP.TOTL.RT.ZS,2017,18.5076749744059
BDI,ブルンジ,NY.GDP.TOTL.RT.ZS,2018,13.4317629933204
BDI,ブルンジ,NY.GDP.TOTL.RT.ZS,2019,13.1274376353104
BDI,ブルンジ,NY.GDP.TOTL.RT.ZS,2020,13.8475521568267
BDI,ブルンジ,NY.GDP.TOTL.RT.ZS,2021,13.9570339894077
BDI,ブルンジ,NY.GDP.TOTL.RT.ZS,2022,
BDI,ブルンジ,NY.GDP.TOTL.RT.ZS,2023,
BDI,ブルンジ,NY.GDP.TOTL.RT.ZS,2024,
BEN,ベナン,NY.GDP.TOTL.RT.ZS,2000,3.26095148548745
BEN,ベナン,NY.GDP.TOTL.RT.ZS,2001,3.08482932392509
BEN,ベナン,NY.GDP.TOTL.RT.ZS,2002,3.30280929086919
BEN,ベナン,NY.GDP.TOTL.RT.ZS,2003,4.14024746183491
BEN,ベナン,NY.GDP.TOTL.RT.ZS,2004,3.12542829249992
BEN,ベナン,NY.GDP.TOTL.RT.ZS,2005,3.07234403993019
BEN,ベナン,NY.GDP.TOTL.RT.ZS,2006,3.0487620934124
BEN,ベナン,NY.GDP.TOTL.RT.ZS,2007,3.6269150463223
BEN,ベナン,NY.GDP.TOTL.RT.ZS,2008,3.64875464694908
BEN,ベナン,NY.GDP.TOTL.RT.ZS,2009,3.7029183280864
BEN,ベナン,NY.GDP.TOTL.RT.ZS,2010,3.42232994008176
BEN,ベナン,NY.GDP.TOTL.RT.ZS,2011,3.47893234434337
BEN,ベナン,NY.GDP.TOTL.RT.ZS,2012,3.92162835813785
BEN,ベナン,NY.GDP.TOTL.RT.ZS,2013,3.56116585676154
BEN,ベナン,NY.GDP.TOTL.RT.ZS,2014,3.70461552370497
BEN,ベナン,NY.GDP.TOTL.RT.ZS,2015,4.30030313599698
BEN,ベナン,NY.GDP.TOTL.RT.ZS,2016,4.4537224695981
BEN,ベナン,NY.GDP.TOTL.RT.ZS,2017,4.09835325309901
BEN,ベナン,NY.GDP.TOTL.RT.ZS,2018,2.60830727598415
BEN,ベナン,NY.GDP.TOTL.RT.ZS,2019,2.46799590195586
BEN,ベナン,NY.GDP.TOTL.RT.ZS,2020,2.42798483756811
BEN,ベナン,NY.GDP.TOTL.RT.ZS,2021,2.30442028320417
BEN,ベナン,NY.GDP.TOTL.RT.ZS,2022,
BEN,ベナン,NY.GDP.TOTL.RT.ZS,2023,
BEN,ベナン,NY.GDP.TOTL.RT.ZS,2024,
BFA,ブルキナファソ,NY.GDP.TOTL.RT.ZS,2000,5.33460866542021
BFA,ブルキナファソ,NY.GDP.TOTL.RT.ZS,2001,4.7678329673339
BFA,ブルキナファソ,NY.GDP.TOTL.RT.ZS,2002,5.7281615453601
BFA,ブルキナファソ,NY.GDP.TOTL.RT.ZS,2003,6.32363457743713
BFA,ブルキナファソ,NY.GDP.TOTL.RT.ZS,2004,5.43726005672726
BFA,ブルキナファソ,NY.GDP.TOTL.RT.ZS,2005,6.37352650275332
BFA,ブルキナファソ,NY.GDP.TOTL.RT.ZS,2006,6.43344765321295
BFA,ブルキナファソ,NY.GDP.TOTL.RT.ZS,2007,7.8129241337381
BFA,ブルキナファソ,NY.GDP.TOTL.RT.ZS,2008,8.59697070774107
BFA,ブルキナファソ,NY.GDP.TOTL.RT.ZS,2009,9.57845327918773
BFA,ブルキナファソ,NY.GDP.TOTL.RT.ZS,2010,11.0860921412972
BFA,ブルキナファソ,NY.GDP.TOTL.RT.ZS,2011,13.6361933357251
BFA,ブルキナファソ,NY.GDP.TOTL.RT.ZS,2012,12.4016028413011
BFA,ブルキナファソ,NY.GDP.TOTL.RT.ZS,2013,10.7523406528446
BFA,ブルキナファソ,NY.GDP.TOTL.RT.ZS,2014,10.3109055603822
BFA,ブルキナファソ,NY.GDP.TOTL.RT.ZS,2015,11.6328502278275
BFA,ブルキナファソ,NY.GDP.TOTL.RT.ZS,2016,12.6155172354896
BFA,ブルキナファソ,NY.GDP.TOTL.RT.ZS,2017,12.3099089646115
BFA,ブルキナファソ,NY.GDP.TOTL.RT.ZS,2018,8.87619594401664
BFA,ブルキナファソ,NY.GDP.TOTL.RT.ZS,2019,8.32797318460633
BFA,ブルキナファソ,NY.GDP.TOTL.RT.ZS,2020,9.17782687692865
BFA,ブルキナファソ,NY.GDP.TOTL.RT.ZS,2021,20.1354014379911
BFA,ブルキナファソ,NY.GDP.TOTL.RT.ZS,2022,
BFA,ブルキナファソ,NY.GDP.TOTL.RT.ZS,2023,
BFA,ブルキナファソ,NY.GDP.TOTL.RT.ZS,2024,
BWA,ボツワナ,NY.GDP.TOTL.RT.ZS,2000,2.37714702277095
BWA,ボツワナ,NY.GDP.TOTL.RT.ZS,2001,1.16385362507893
BWA,ボツワナ,NY.GDP.TOTL.RT.ZS,2002,0.914120248089873
BWA,ボツワナ,NY.GDP.TOTL.RT.ZS,2003,1.93144907309188
BWA,ボツワナ,NY.GDP.TOTL.RT.ZS,2004,3.22396760199793
BWA,ボツワナ,NY.GDP.TOTL.RT.ZS,2005,2.34343304226201
BWA,ボツワナ,NY.GDP.TOTL.RT.ZS,2006,6.44214501334577
BWA,ボツワナ,NY.GDP.TOTL.RT.ZS,2007,7.41241849763415
BWA,ボツワナ,NY.GDP.TOTL.RT.ZS,2008,3.96220451892022
BWA,ボツワナ,NY.GDP.TOTL.RT.ZS,2009,2.2457224349065
BWA,ボツワナ,NY.GDP.TOTL.RT.ZS,2010,2.10519505915873
BWA,ボツワナ,NY.GDP.TOTL.RT.ZS,2011,1.89428505199175
BWA,ボツワナ,NY.GDP.TOTL.RT.ZS,2012,2.25863530970605
BWA,ボツワナ,NY.GDP.TOTL.RT.ZS,2013,1.42514080375562
BWA,ボツワナ,NY.GDP.TOTL.RT.ZS,2014,0.927757760163875
BWA,ボツワナ,NY.GDP.TOTL.RT.ZS,2015,0.804774555171728
BWA,ボツワナ,NY.GDP.TOTL.RT.ZS,2016,0.762292638118151
BWA,ボツワナ,NY.GDP.TOTL.RT.ZS,2017,0.880112468848718
BWA,ボツワナ,NY.GDP.TOTL.RT.ZS,2018,0.869694754311434
BWA,ボツワナ,NY.GDP.TOTL.RT.ZS,2019,0.656053805525875
BWA,ボツワナ,NY.GDP.TOTL.RT.ZS,2020,0.675042393475679
BWA,ボツワナ,NY.GDP.TOTL.RT.ZS,2021,1.03853443914101
BWA,ボツワナ,NY.GDP.TOTL.RT.ZS,2022,
BWA,ボツワナ,NY.GDP.TOTL.RT.ZS,2023,
BWA,ボツワナ,NY.GDP.TOTL.RT.ZS,2024,
CAF,中央アフリカ共和国,NY.GDP.TOTL.RT.ZS,2000,11.1834541155259
CAF,中央アフリカ共和国,NY.GDP.TOTL.RT.ZS,2001,10.8709245460195
CAF,中央アフリカ共和国,NY.GDP.TOTL.RT.ZS,2002,11.3592017688794
CAF,中央アフリカ共和国,NY.GDP.TOTL.RT.ZS,2003,11.7035944958621
CAF,中央アフリカ共和国,NY.GDP.TOTL.RT.ZS,2004,8.16831180133758
CAF,中央アフリカ共和国,NY.GDP.TOTL.RT.ZS,2005,8.63532012713763
CAF,中央アフリカ共和国,NY.GDP.TOTL.RT.ZS,2006,10.0149391864689
CAF,中央アフリカ共和国,NY.GDP.TOTL.RT.ZS,2007,9.94773670399437
CAF,中央アフリカ共和国,NY.GDP.TOTL.RT.ZS,2008,11.7427274520468
CAF,中央アフリカ共和国,NY.GDP.TOTL.RT.ZS,2009,8.76357439936913
CAF,中央アフリカ共和国,NY.GDP.TOTL.RT.ZS,2010,7.89856275992667
CAF,中央アフリカ共和国,NY.GDP.TOTL.RT.ZS,2011,8.45049853159435
CAF,中央アフリカ共和国,NY.GDP.TOTL.RT.ZS,2012,9.16768384336065
CAF,中央アフリカ共和国,NY.GDP.TOTL.RT.ZS,2013,13.29568815319
CAF,中央アフリカ共和国,NY.GDP.TOTL.RT.ZS,2014,11.2660722533116
CAF,中央アフリカ共和国,NY.GDP.TOTL.RT.ZS,2015,12.6926233912315
CAF,中央アフリカ共和国,NY.GDP.TOTL.RT.ZS,2016,13.0582628938186
CAF,中央アフリカ共和国,NY.GDP.TOTL.RT.ZS,2017,13.4175903775497
CAF,中央アフリカ共和国,NY.GDP.TOTL.RT.ZS,2018,11.1787424768372
CAF,中央アフリカ共和国,NY.GDP.TOTL.RT.ZS,2019,9.81112301862311
CAF,中央アフリカ共和国,NY.GDP.TOTL.RT.ZS,2020,9.88532886509892
CAF,中央アフリカ共和国,NY.GDP.TOTL.RT.ZS,2021,10.2601957578803
CAF,中央アフリカ共和国,NY.GDP.TOTL.RT.ZS,2022,
CAF,中央アフリカ共和国,NY.GDP.TOTL.RT.ZS,2023,
CAF,中央アフリカ共和国,NY.GDP.TOTL.RT.ZS,2024,
CIV,コートジボワール,NY.GDP.TOTL.RT.ZS,2000,2.86211491053466
CIV,コートジボワール,NY.GDP.TOTL.RT.ZS,2001,2.32208785748223
CIV,コートジボワール,NY.GDP.TOTL.RT.ZS,2002,2.45890647990383
CIV,コートジボワール,NY.GDP.TOTL.RT.ZS,2003,2.64883554896755
CIV,コートジボワール,NY.GDP.TOTL.RT.ZS,2004,2.49321707811937
CIV,コートジボワール,NY.GDP.TOTL.RT.ZS,2005,3.71197677716882
CIV,コートジボワール,NY.GDP.TOTL.RT.ZS,2006,5.60158447625658
CIV,コートジボワール,NY.GDP.TOTL.RT.ZS,2007,4.9838724678869
CIV,コートジボワール,NY.GDP.TOTL.RT.ZS,2008,5.56200251854781
CIV,コートジボワール,NY.GDP.TOTL.RT.ZS,2009,3.87323197312723
CIV,コートジボワール,NY.GDP.TOTL.RT.ZS,2010,4.33013803473931
CIV,コートジボワール,NY.GDP.TOTL.RT.ZS,2011,5.53239950172039
CIV,コートジボワール,NY.GDP.TOTL.RT.ZS,2012,5.36757176448081
CIV,コートジボワール,NY.GDP.TOTL.RT.ZS,2013,4.15503587681362
CIV,コートジボワール,NY.GDP.TOTL.RT.ZS,2014,3.41935511091434
CIV,コートジボワール,NY.GDP.TOTL.RT.ZS,2015,3.07259669730878
CIV,コートジボワール,NY.GDP.TOTL.RT.ZS,2016,3.23053071841614
CIV,コートジボワール,NY.GDP.TOTL.RT.ZS,2017,3.38876801583982
CIV,コートジボワール,NY.GDP.TOTL.RT.ZS,2018,3.10996909544373
CIV,コートジボワール,NY.GDP.TOTL.RT.ZS,2019,2.95827158248838
CIV,コートジボワール,NY.GDP.TOTL.RT.ZS,2020,2.59163858078542
CIV,コートジボワール,NY.GDP.TOTL.RT.ZS,2021,4.73502206212113
CIV,コートジボワール,NY.GDP.TOTL.RT.ZS,2022,
CIV,コートジボワール,NY.GDP.TOTL.RT.ZS,2023,
CIV,コートジボワール,NY.GDP.TOTL.RT.ZS,2024,
CMR,カメルーン,NY.GDP.TOTL.RT.ZS,2000,8.33574817486337
CMR,カメルーン,NY.GDP.TOTL.RT.ZS,2001,5.68439536844397
CMR,カメルーン,NY.GDP.TOTL.RT.ZS,2002,5.27982808459118
CMR,カメルーン,NY.GDP.TOTL.RT.ZS,2003,5.0826805069134
CMR,カメルーン,NY.GDP.TOTL.RT.ZS,2004,4.73178788679167
CMR,カメルーン,NY.GDP.TOTL.RT.ZS,2005,7.39166566634719
CMR,カメルーン,NY.GDP.TOTL.RT.ZS,2006,8.54390800832229
CMR,カメルーン,NY.GDP.TOTL.RT.ZS,2007,8.98192175035093
CMR,カメルーン,NY.GDP.TOTL.RT.ZS,2008,10.0769277835546
CMR,カメルーン,NY.GDP.TOTL.RT.ZS,2009,5.82385438485316
CMR,カメルーン,NY.GDP.TOTL.RT.ZS,2010,6.92041886170631
CMR,カメルーン,NY.GDP.TOTL.RT.ZS,2011,8.16416608406496
CMR,カメルーン,NY.GDP.TOTL.RT.ZS,2012,8.40581417479506
CMR,カメルーン,NY.GDP.TOTL.RT.ZS,2013,7.33302882488587
CMR,カメルーン,NY.GDP.TOTL.RT.ZS,2014,7.03590731300358
CMR,カメルーン,NY.GDP.TOTL.RT.ZS,2015,5.63563339959601
CMR,カメルーン,NY.GDP.TOTL.RT.ZS,2016,5.36737216526029
CMR,カメルーン,NY.GDP.TOTL.RT.ZS,2017,6.08352640758934
CMR,カメルーン,NY.GDP.TOTL.RT.ZS,2018,6.10463986256462
CMR,カメルーン,NY.GDP.TOTL.RT.ZS,2019,5.55584424286198
CMR,カメルーン,NY.GDP.TOTL.RT.ZS,2020,4.34202268521826
CMR,カメルーン,NY.GDP.TOTL.RT.ZS,2021,5.52598268395679
CMR,カメルーン,NY.GDP.TOTL.RT.ZS,2022,
CMR,カメルーン,NY.GDP.TOTL.RT.ZS,2023,
CMR,カメルーン,NY.GDP.TOTL.RT.ZS,2024,
COD,コンゴ民主共和国,NY.GDP.TOTL.RT.ZS,2000,7.51126046065517
COD,コンゴ民主共和国,NY.GDP.TOTL.RT.ZS,2001,18.4200094895652
COD,コンゴ民主共和国,NY.GDP.TOTL.RT.ZS,2002,18.8676859222972
COD,コンゴ民主共和国,NY.GDP.TOTL.RT.ZS,2003,29.5533566420657
COD,コンゴ民主共和国,NY.GDP.TOTL.RT.ZS,2004,24.0864214623167
COD,コンゴ民主共和国,NY.GDP.TOTL.RT.ZS,2005,23.7428655133964
COD,コンゴ民主共和国,NY.GDP.TOTL.RT.ZS,2006,24.0258161811706
COD,コンゴ民主共和国,NY.GDP.TOTL.RT.ZS,2007,25.7637080243213
COD,コンゴ民主共和国,NY.GDP.TOTL.RT.ZS,2008,28.4584070916592
COD,コンゴ民主共和国,NY.GDP.TOTL.RT.ZS,2009,28.261800820164
COD,コンゴ民主共和国,NY.GDP.TOTL.RT.ZS,2010,25.9608846428413
COD,コンゴ民主共和国,NY.GDP.TOTL.RT.ZS,2011,28.8830474855316
COD,コンゴ民主共和国,NY.GDP.TOTL.RT.ZS,2012,27.1229704627568
COD,コンゴ民主共和国,NY.GDP.TOTL.RT.ZS,2013,25.746219512295
COD,コンゴ民主共和国,NY.GDP.TOTL.RT.ZS,2014,24.5568779878184
COD,コンゴ民主共和国,NY.GDP.TOTL.RT.ZS,2015,20.1093927301662
COD,コンゴ民主共和国,NY.GDP.TOTL.RT.ZS,2016,20.5721227000572
COD,コンゴ民主共和国,NY.GDP.TOTL.RT.ZS,2017,24.7656558437341
COD,コンゴ民主共和国,NY.GDP.TOTL.RT.ZS,2018,18.4167757889728
COD,コンゴ民主共和国,NY.GDP.TOTL.RT.ZS,2019,12.7500585788424
COD,コンゴ民主共和国,NY.GDP.TOTL.RT.ZS,2020,15.9281973313702
COD,コンゴ民主共和国,NY.GDP.TOTL.RT.ZS,2021,38.8272665239082
COD,コンゴ民主共和国,NY.GDP.TOTL.RT.ZS,2022,
COD,コンゴ民主共和国,NY.GDP.TOTL.RT.ZS,2023,
COD,コンゴ民主共和国,NY.GDP.TOTL.RT.ZS,2024,
COG,コンゴ共和国,NY.GDP.TOTL.RT.ZS,2000,59.6838725227388
COG,コンゴ共和国,NY.GDP.TOTL.RT.ZS,2001,48.0984534986102
COG,コンゴ共和国,NY.GDP.TOTL.RT.ZS,2002,46.645011436159
COG,コンゴ共和国,NY.GDP.TOTL.RT.ZS,2003,39.3172945315231
COG,コンゴ共和国,NY.GDP.TOTL.RT.ZS,2004,40.0820482272883
COG,コンゴ共和国,NY.GDP.TOTL.RT.ZS,2005,48.0989114251068
COG,コンゴ共和国,NY.GDP.TOTL.RT.ZS,2006,53.3147620920685
COG,コンゴ共和国,NY.GDP.TOTL.RT.ZS,2007,47.4870837640152
COG,コンゴ共和国,NY.GDP.TOTL.RT.ZS,2008,52.6445029945798
COG,コンゴ共和国,NY.GDP.TOTL.RT.ZS,2009,35.5779092675085
COG,コンゴ共和国,NY.GDP.TOTL.RT.ZS,2010,43.9398414162223
COG,コンゴ共和国,NY.GDP.TOTL.RT.ZS,2011,51.8437302128778
COG,コンゴ共和国,NY.GDP.TOTL.RT.ZS,2012,41.3573491386651
COG,コンゴ共和国,NY.GDP.TOTL.RT.ZS,2013,33.1448495573332
COG,コンゴ共和国,NY.GDP.TOTL.RT.ZS,2014,27.6582312920434
COG,コンゴ共和国,NY.GDP.TOTL.RT.ZS,2015,15.885704604199
COG,コンゴ共和国,NY.GDP.TOTL.RT.ZS,2016,17.0000392659621
COG,コンゴ共和国,NY.GDP.TOTL.RT.ZS,2017,29.8063807729514
COG,コンゴ共和国,NY.GDP.TOTL.RT.ZS,2018,42.6682046537325
COG,コンゴ共和国,NY.GDP.TOTL.RT.ZS,2019,39.2430391553175
COG,コンゴ共和国,NY.GDP.TOTL.RT.ZS,2020,26.2181324216101
COG,コンゴ共和国,NY.GDP.TOTL.RT.ZS,2021,37.7125480946685
COG,コンゴ共和国,NY.GDP.TOTL.RT.ZS,2022,
COG,コンゴ共和国,NY.GDP.TOTL.RT.ZS,2023,
COG,コンゴ共和国,NY.GDP.TOTL.RT.ZS,2024,
COM,コモロ,NY.GDP.TOTL.RT.ZS,2000,1.39951988105558
COM,コモロ,NY.GDP.TOTL.RT.ZS,2001,1.27343022376926
COM,コモロ,NY.GDP.TOTL.RT.ZS,2002,1.37514673190594
COM,コモロ,NY.GDP.TOTL.RT.ZS,2003,1.65536751885293
COM,コモロ,NY.GDP.TOTL.RT.ZS,2004,1.23259320703783
COM,コモロ,NY.GDP.TOTL.RT.ZS,2005,1.29730854580131
COM,コモロ,NY.GDP.TOTL.RT.ZS,2006,1.26530963882956
COM,コモロ,NY.GDP.TOTL.RT.ZS,2007,1.58338531970231
COM,コモロ,NY.GDP.TOTL.RT.ZS,2008,1.71669245535594
COM,コモロ,NY.GDP.TOTL.RT.ZS,2009,1.74911916314292
COM,コモロ,NY.GDP.TOTL.RT.ZS,2010,1.59344239758779
COM,コモロ,NY.GDP.TOTL.RT.ZS,2011,1.63354218561465
COM,コモロ,NY.GDP.TOTL.RT.ZS,2012,1.91653686564634
COM,コモロ,NY.GDP.TOTL.RT.ZS,2013,1.84106336379863
COM,コモロ,NY.GDP.TOTL.RT.ZS,2014,1.97695678379704
COM,コモロ,NY.GDP.TOTL.RT.ZS,2015,2.46576426845081
COM,コモロ,NY.GDP.TOTL.RT.ZS,2016,2.50675650816682
COM,コモロ,NY.GDP.TOTL.RT.ZS,2017,2.36385311111587
COM,コモロ,NY.GDP.TOTL.RT.ZS,2018,1.55194278873705
COM,コモロ,NY.GDP.TOTL.RT.ZS,2019,1.48652356146246
COM,コモロ,NY.GDP.TOTL.RT.ZS,2020,1.59920965443734
COM,コモロ,NY.GDP.TOTL.RT.ZS,2021,1.62843413378353
COM,コモロ,NY.GDP.TOTL.RT.ZS,2022,
COM,コモロ,NY.GDP.TOTL.RT.ZS,2023,
COM,コモロ,NY.GDP.TOTL.RT.ZS,2024,
CPV,カーボベルデ,NY.GDP.TOTL.RT.ZS,2000,17.4649201812329
CPV,カーボベルデ,NY.GDP.TOTL.RT.ZS,2001,24.2633064289875
CPV,カーボベルデ,NY.GDP.TOTL.RT.ZS,2002,19.1975373411355
CPV,カーボベルデ,NY.GDP.TOTL.RT.ZS,2003,14.3561834653377
CPV,カーボベルデ,NY.GDP.TOTL.RT.ZS,2004,25.6539720118683
CPV,カーボベルデ,NY.GDP.TOTL.RT.ZS,2005,32.1530220394275
CPV,カーボベルデ,NY.GDP.TOTL.RT.ZS,2006,30.8532933725145
CPV,カーボベルデ,NY.GDP.TOTL.RT.ZS,2007,22.0523330657685
CPV,カーボベルデ,NY.GDP.TOTL.RT.ZS,2008,49.2057876087633
CPV,カーボベルデ,NY.GDP.TOTL.RT.ZS,2009,21.7497375837386
CPV,カーボベルデ,NY.GDP.TOTL.RT.ZS,2010,33.2873704914624
CPV,カーボベルデ,NY.GDP.TOTL.RT.ZS,2011,40.1340983255841
CPV,カーボベルデ,NY.GDP.TOTL.RT.ZS,2012,25.055847063546
CPV,カーボベルデ,NY.GDP.TOTL.RT.ZS,2013,16.5579387748728
CPV,カーボベルデ,NY.GDP.TOTL.RT.ZS,2014,12.0093542433174
CPV,カーボベルデ,NY.GDP.TOTL.RT.ZS,2015,9.49812397150104
CPV,カーボベルデ,NY.GDP.TOTL.RT.ZS,2016,10.1923207968108
CPV,カーボベルデ,NY.GDP.TOTL.RT.ZS,2017,12.3203094483764
CPV,カーボベルデ,NY.GDP.TOTL.RT.ZS,2018,14.343668170972
CPV,カーボベルデ,NY.GDP.TOTL.RT.ZS,2019,13.1611296712207
CPV,カーボベルデ,NY.GDP.TOTL.RT.ZS,2020,11.5827986817016
CPV,カーボベルデ,NY.GDP.TOTL.RT.ZS,2021,17.6577234520724
CPV,カーボベルデ,NY.GDP.TOTL.RT.ZS,2022,
CPV,カーボベルデ,NY.GDP.TOTL.RT.ZS,2023,
CPV,カーボベルデ,NY.GDP.TOTL.RT.ZS,2024,
DJI,ジブチ,NY.GDP.TOTL.RT.ZS,2000,0.382079268168498
DJI,ジブチ,NY.GDP.TOTL.RT.ZS,2001,0.415974590900068
DJI,ジブチ,NY.GDP.TOTL.RT.ZS,2002,0.454277724249501
DJI,ジブチ,NY.GDP.TOTL.RT.ZS,2003,0.623059168138342
DJI,ジブチ,NY.GDP.TOTL.RT.ZS,2004,0.573154706409986
DJI,ジブチ,NY.GDP.TOTL.RT.ZS,2005,0.539507984654084
DJI,ジブチ,NY.GDP.TOTL.RT.ZS,2006,0.616385691846383
DJI,ジブチ,NY.GDP.TOTL.RT.ZS,2007,0.523310116566421
DJI,ジブチ,NY.GDP.TOTL.RT.ZS,2008,0.790439021922725
DJI,ジブチ,NY.GDP.TOTL.RT.ZS,2009,0.743212074330782
DJI,ジブチ,NY.GDP.TOTL.RT.ZS,2010,0.838156180608274
DJI,ジブチ,NY.GDP.TOTL.RT.ZS,2011,0.888463490648047
DJI,ジブチ,NY.GDP.TOTL.RT.ZS,2012,0.945907199473507
DJI,ジブチ,NY.GDP.TOTL.RT.ZS,2013,0.526727088783967
DJI,ジブチ,NY.GDP.TOTL.RT.ZS,2014,0.788998443214345
DJI,ジブチ,NY.GDP.TOTL.RT.ZS,2015,0.662618364843773
DJI,ジブチ,NY.GDP.TOTL.RT.ZS,2016,0.484424417766637
DJI,ジブチ,NY.GDP.TOTL.RT.ZS,2017,0.571398008790601
DJI,ジブチ,NY.GDP.TOTL.RT.ZS,2018,0.278959298930402
DJI,ジブチ,NY.GDP.TOTL.RT.ZS,2019,0.358531614173272
DJI,ジブチ,NY.GDP.TOTL.RT.ZS,2020,0.322148755925581
DJI,ジブチ,NY.GDP.TOTL.RT.ZS,2021,0.277110490356489
DJI,ジブチ,NY.GDP.TOTL.RT.ZS,2022,
DJI,ジブチ,NY.GDP.TOTL.RT.ZS,2023,
DJI,ジブチ,NY.GDP.TOTL.RT.ZS,2024,
DZA,アルジェリア,NY.GDP.TOTL.RT.ZS,2000,26.6868973861091
DZA,アルジェリア,NY.GDP.TOTL.RT.ZS,2001,23.6309412932778
DZA,アルジェリア,NY.GDP.TOTL.RT.ZS,2002,23.4709385218627
DZA,アルジェリア,NY.GDP.TOTL.RT.ZS,2003,24.452322612612
DZA,アルジェリア,NY.GDP.TOTL.RT.ZS,2004,26.1573130077943
DZA,アルジェリア,NY.GDP.TOTL.RT.ZS,2005,32.6800315430258
DZA,アルジェリア,NY.GDP.TOTL.RT.ZS,2006,34.1913224229422
DZA,アルジェリア,NY.GDP.TOTL.RT.ZS,2007,32.0600728476928
DZA,アルジェリア,NY.GDP.TOTL.RT.ZS,2008,32.865091355443
DZA,アルジェリア,NY.GDP.TOTL.RT.ZS,2009,24.2022509333631
DZA,アルジェリア,NY.GDP.TOTL.RT.ZS,2010,25.5383244245491
DZA,アルジェリア,NY.GDP.TOTL.RT.ZS,2011,28.5812899587159
DZA,アルジェリア,NY.GDP.TOTL.RT.ZS,2012,26.2525144621236
DZA,アルジェリア,NY.GDP.TOTL.RT.ZS,2013,24.2231338959379
DZA,アルジェリア,NY.GDP.TOTL.RT.ZS,2014,22.6123097835033
DZA,アルジェリア,NY.GDP.TOTL.RT.ZS,2015,14.9252527493911
DZA,アルジェリア,NY.GDP.TOTL.RT.ZS,2016,12.8191814025545
DZA,アルジェリア,NY.GDP.TOTL.RT.ZS,2017,15.372392970843
DZA,アルジェリア,NY.GDP.TOTL.RT.ZS,2018,20.7172028374976
DZA,アルジェリア,NY.GDP.TOTL.RT.ZS,2019,18.5236789388593
DZA,アルジェリア,NY.GDP.TOTL.RT.ZS,2020,14.0343770936226
DZA,アルジェリア,NY.GDP.TOTL.RT.ZS,2021,22.5902703479201
DZA,アルジェリア,NY.GDP.TOTL.RT.ZS,2022,
DZA,アルジェリア,NY.GDP.TOTL.RT.ZS,2023,
DZA,アルジェリア,NY.GDP.TOTL.RT.ZS,2024,
EGY,エジプト,NY.GDP.TOTL.RT.ZS,2000,7.41974591133175
EGY,エジプト,NY.GDP.TOTL.RT.ZS,2001,6.46938580220137
EGY,エジプト,NY.GDP.TOTL.RT.ZS,2002,7.30037527584326
EGY,エジプト,NY.GDP.TOTL.RT.ZS,2003,9.13743176464721
EGY,エジプト,NY.GDP.TOTL.RT.ZS,2004,11.3771125904479
EGY,エジプト,NY.GDP.TOTL.RT.ZS,2005,14.464485213491
EGY,エジプト,NY.GDP.TOTL.RT.ZS,2006,14.8463875493972
EGY,エジプト,NY.GDP.TOTL.RT.ZS,2007,13.5101746020733
EGY,エジプト,NY.GDP.TOTL.RT.ZS,2008,15.5824855619458
EGY,エジプト,NY.GDP.TOTL.RT.ZS,2009,9.1307819389596
EGY,エジプト,NY.GDP.TOTL.RT.ZS,2010,9.45061556541184
EGY,エジプト,NY.GDP.TOTL.RT.ZS,2011,12.3388401952225
EGY,エジプト,NY.GDP.TOTL.RT.ZS,2012,10.7454978351353
EGY,エジプト,NY.GDP.TOTL.RT.ZS,2013,9.78188256424924
EGY,エジプト,NY.GDP.TOTL.RT.ZS,2014,8.43222797439408
EGY,エジプト,NY.GDP.TOTL.RT.ZS,2015,4.12906894708286
EGY,エジプト,NY.GDP.TOTL.RT.ZS,2016,3.20908060820144
EGY,エジプト,NY.GDP.TOTL.RT.ZS,2017,5.69886428656261
EGY,エジプト,NY.GDP.TOTL.RT.ZS,2018,7.59656355901849
EGY,エジプト,NY.GDP.TOTL.RT.ZS,2019,5.72496131230483
EGY,エジプト,NY.GDP.TOTL.RT.ZS,2020,3.25774327235436
EGY,エジプト,NY.GDP.TOTL.RT.ZS,2021,5.1391200748227
EGY,エジプト,NY.GDP.TOTL.RT.ZS,2022,
EGY,エジプト,NY.GDP.TOTL.RT.ZS,2023,
EGY,エジプト,NY.GDP.TOTL.RT.ZS,2024,
ERI,エリトリア,NY.GDP.TOTL.RT.ZS,2000,4.92225490549683
ERI,エリトリア,NY.GDP.TOTL.RT.ZS,2001,4.51420535244362
ERI,エリトリア,NY.GDP.TOTL.RT.ZS,2002,3.09853412022536
ERI,エリトリア,NY.GDP.TOTL.RT.ZS,2003,4.52985692591209
ERI,エリトリア,NY.GDP.TOTL.RT.ZS,2004,3.2592329853456
ERI,エリトリア,NY.GDP.TOTL.RT.ZS,2005,3.27617159606179
ERI,エリトリア,NY.GDP.TOTL.RT.ZS,2006,2.81942129990668
ERI,エリトリア,NY.GDP.TOTL.RT.ZS,2007,3.96277101960281
ERI,エリトリア,NY.GDP.TOTL.RT.ZS,2008,4.28450780281294
ERI,エリトリア,NY.GDP.TOTL.RT.ZS,2009,2.40173936826907
ERI,エリトリア,NY.GDP.TOTL.RT.ZS,2010,2.52187707517148
ERI,エリトリア,NY.GDP.TOTL.RT.ZS,2011,26.9562621368195
ERI,エリトリア,NY.GDP.TOTL.RT.ZS,2012,
ERI,エリトリア,NY.GDP.TOTL.RT.ZS,2013,
ERI,エリトリア,NY.GDP.TOTL.RT.ZS,2014,
ERI,エリトリア,NY.GDP.TOTL.RT.ZS,2015,
ERI,エリトリア,NY.GDP.TOTL.RT.ZS,2016,
ERI,エリトリア,NY.GDP.TOTL.RT.ZS,2017,
ERI,エリトリア,NY.GDP.TOTL.RT.ZS,2018,
ERI,エリトリア,NY.GDP.TOTL.RT.ZS,2019,
ERI,エリトリア,NY.GDP.TOTL.RT.ZS,2020,
ERI,エリトリア,NY.GDP.TOTL.RT.ZS,2021,
ERI,エリトリア,NY.GDP.TOTL.RT.ZS,2022,
ERI,エリトリア,NY.GDP.TOTL.RT.ZS,2023,
ERI,エリトリア,NY.GDP.TOTL.RT.ZS,2024,
ESH,西サハラ,NY.GDP.TOTL.RT.ZS,2000,
ESH,西サハラ,NY.GDP.TOTL.RT.ZS,2001,
ESH,西サハラ,NY.GDP.TOTL.RT.ZS,2002,
ESH,西サハラ,NY.GDP.TOTL.RT.ZS,2003,
ESH,西サハラ,NY.GDP.TOTL.RT.ZS,2004,
ESH,西サハラ,NY.GDP.TOTL.RT.ZS,2005,
ESH,西サハラ,NY.GDP.TOTL.RT.ZS,2006,
ESH,西サハラ,NY.GDP.TOTL.RT.ZS,2007,
ESH,西サハラ,NY.GDP.TOTL.RT.ZS,2008,
ESH,西サハラ,NY.GDP.TOTL.RT.ZS,2009,
ESH,西サハラ,NY.GDP.TOTL.RT.ZS,2010,
ESH,西サハラ,NY.GDP.TOTL.RT.ZS,2011,
ESH,西サハラ,NY.GDP.TOTL.RT.ZS,2012,
ESH,西サハラ,NY.GDP.TOTL.RT.ZS,2013,
ESH,西サハラ,NY.GDP.TOTL.RT.ZS,2014,
ESH,西サハラ,NY.GDP.TOTL.RT.ZS,2015,
ESH,西サハラ,NY.GDP.TOTL.RT.ZS,2016,
ESH,西サハラ,NY.GDP.TOTL.RT.ZS,2017,
ESH,西サハラ,NY.GDP.TOTL.RT.ZS,2018,
ESH,西サハラ,NY.GDP.TOTL.RT.ZS,2019,
ESH,西サハラ,NY.GDP.TOTL.RT.ZS,2020,
ESH,西サハラ,NY.GDP.TOTL.RT.ZS,2021,
ESH,西サハラ,NY.GDP.TOTL.RT.ZS,2022,
ESH,西サハラ,NY.GDP.TOTL.RT.ZS,2023,
ESH,西サハラ,NY.GDP.TOTL.RT.ZS,2024,
ETH,エチオピア,NY.GDP.TOTL.RT.ZS,2000,18.4852654796037
ETH,エチオピア,NY.GDP.TOTL.RT.ZS,2001,18.1488127694134
ETH,エチオピア,NY.GDP.TOTL.RT.ZS,2002,23.1893231496073
ETH,エチオピア,NY.GDP.TOTL.RT.ZS,2003,36.1413210442662
ETH,エチオピア,NY.GDP.TOTL.RT.ZS,2004,27.810993348368
ETH,エチオピア,NY.GDP.TOTL.RT.ZS,2005,23.4931936600342
ETH,エチオピア,NY.GDP.TOTL.RT.ZS,2006,18.828854826567
ETH,エチオピア,NY.GDP.TOTL.RT.ZS,2007,21.9115368349794
ETH,エチオピア,NY.GDP.TOTL.RT.ZS,2008,18.7793493652542
ETH,エチオピア,NY.GDP.TOTL.RT.ZS,2009,16.4317377452986
ETH,エチオピア,NY.GDP.TOTL.RT.ZS,2010,15.8199957578791
ETH,エチオピア,NY.GDP.TOTL.RT.ZS,2011,17.4282532150132
ETH,エチオピア,NY.GDP.TOTL.RT.ZS,2012,14.9281805721075
ETH,エチオピア,NY.GDP.TOTL.RT.ZS,2013,14.0104012014584
ETH,エチオピア,NY.GDP.TOTL.RT.ZS,2014,13.3844820157845
ETH,エチオピア,NY.GDP.TOTL.RT.ZS,2015,12.1932229078984
ETH,エチオピア,NY.GDP.TOTL.RT.ZS,2016,11.2339790417281
ETH,エチオピア,NY.GDP.TOTL.RT.ZS,2017,9.87787063669115
ETH,エチオピア,NY.GDP.TOTL.RT.ZS,2018,6.36887574699294
ETH,エチオピア,NY.GDP.TOTL.RT.ZS,2019,5.50373971369559
ETH,エチオピア,NY.GDP.TOTL.RT.ZS,2020,5.49770060254135
ETH,エチオピア,NY.GDP.TOTL.RT.ZS,2021,5.86707347361267
ETH,エチオピア,NY.GDP.TOTL.RT.ZS,2022,
ETH,エチオピア,NY.GDP.TOTL.RT.ZS,2023,
ETH,エチオピア,NY.GDP.TOTL.RT.ZS,2024,
GAB,ガボン,NY.GDP.TOTL.RT.ZS,2000,47.7698658424489
GAB,ガボン,NY.GDP.TOTL.RT.ZS,2001,32.5167942663475
GAB,ガボン,NY.GDP.TOTL.RT.ZS,2002,31.7271986277113
GAB,ガボン,NY.GDP.TOTL.RT.ZS,2003,26.0570264508303
GAB,ガボン,NY.GDP.TOTL.RT.ZS,2004,27.4567837566907
GAB,ガボン,NY.GDP.TOTL.RT.ZS,2005,37.767344326428
GAB,ガボン,NY.GDP.TOTL.RT.ZS,2006,37.655973866027
GAB,ガボン,NY.GDP.TOTL.RT.ZS,2007,37.533512307082
GAB,ガボン,NY.GDP.TOTL.RT.ZS,2008,41.0680827434693
GAB,ガボン,NY.GDP.TOTL.RT.ZS,2009,27.7362590783372
GAB,ガボン,NY.GDP.TOTL.RT.ZS,2010,35.6548863864577
GAB,ガボン,NY.GDP.TOTL.RT.ZS,2011,39.1459946806966
GAB,ガボン,NY.GDP.TOTL.RT.ZS,2012,40.6293332424739
GAB,ガボン,NY.GDP.TOTL.RT.ZS,2013,32.806984483505
GAB,ガボン,NY.GDP.TOTL.RT.ZS,2014,24.7540184011901
GAB,ガボン,NY.GDP.TOTL.RT.ZS,2015,12.5534347249347
GAB,ガボン,NY.GDP.TOTL.RT.ZS,2016,11.6621945364629
GAB,ガボン,NY.GDP.TOTL.RT.ZS,2017,17.699784026005
GAB,ガボン,NY.GDP.TOTL.RT.ZS,2018,21.16026297404
GAB,ガボン,NY.GDP.TOTL.RT.ZS,2019,19.1754988018892
GAB,ガボン,NY.GDP.TOTL.RT.ZS,2020,13.4988249621846
GAB,ガボン,NY.GDP.TOTL.RT.ZS,2021,18.4933440925176
GAB,ガボン,NY.GDP.TOTL.RT.ZS,2022,
GAB,ガボン,NY.GDP.TOTL.RT.ZS,2023,
GAB,ガボン,NY.GDP.TOTL.RT.ZS,2024,
GHA,ガーナ,NY.GDP.TOTL.RT.ZS,2000,13.7597235776938
GHA,ガーナ,NY.GDP.TOTL.RT.ZS,2001,12.746063574387
GHA,ガーナ,NY.GDP.TOTL.RT.ZS,2002,13.4249078896054
GHA,ガーナ,NY.GDP.TOTL.RT.ZS,2003,15.6197723814453
GHA,ガーナ,NY.GDP.TOTL.RT.ZS,2004,12.3974101450175
GHA,ガーナ,NY.GDP.TOTL.RT.ZS,2005,11.7318044619005
GHA,ガーナ,NY.GDP.TOTL.RT.ZS,2006,7.57618461499477
GHA,ガーナ,NY.GDP.TOTL.RT.ZS,2007,8.82815308813168
GHA,ガーナ,NY.GDP.TOTL.RT.ZS,2008,9.16190193076971
GHA,ガーナ,NY.GDP.TOTL.RT.ZS,2009,10.8115826827154
GHA,ガーナ,NY.GDP.TOTL.RT.ZS,2010,10.1146292384946
GHA,ガーナ,NY.GDP.TOTL.RT.ZS,2011,16.0706874677608
GHA,ガーナ,NY.GDP.TOTL.RT.ZS,2012,15.8226771827735
GHA,ガーナ,NY.GDP.TOTL.RT.ZS,2013,10.8892140729202
GHA,ガーナ,NY.GDP.TOTL.RT.ZS,2014,12.249534681472
GHA,ガーナ,NY.GDP.TOTL.RT.ZS,2015,10.5635168212992
GHA,ガーナ,NY.GDP.TOTL.RT.ZS,2016,8.64980290681468
GHA,ガーナ,NY.GDP.TOTL.RT.ZS,2017,10.3700404312643
GHA,ガーナ,NY.GDP.TOTL.RT.ZS,2018,9.7904078745383
GHA,ガーナ,NY.GDP.TOTL.RT.ZS,2019,9.76736656039863
GHA,ガーナ,NY.GDP.TOTL.RT.ZS,2020,8.48657958474163
GHA,ガーナ,NY.GDP.TOTL.RT.ZS,2021,13.3474845007777
GHA,ガーナ,NY.GDP.TOTL.RT.ZS,2022,
GHA,ガーナ,NY.GDP.TOTL.RT.ZS,2023,
GHA,ガーナ,NY.GDP.TOTL.RT.ZS,2024,
GIN,ギニア,NY.GDP.TOTL.RT.ZS,2000,12.3846874448677
GIN,ギニア,NY.GDP.TOTL.RT.ZS,2001,12.0823443635609
GIN,ギニア,NY.GDP.TOTL.RT.ZS,2002,12.1114517779361
GIN,ギニア,NY.GDP.TOTL.RT.ZS,2003,14.8963920119094
GIN,ギニア,NY.GDP.TOTL.RT.ZS,2004,14.1598705167376
GIN,ギニア,NY.GDP.TOTL.RT.ZS,2005,21.0874675395337
GIN,ギニア,NY.GDP.TOTL.RT.ZS,2006,17.7856920060446
GIN,ギニア,NY.GDP.TOTL.RT.ZS,2007,16.2933051533271
GIN,ギニア,NY.GDP.TOTL.RT.ZS,2008,15.2239654800407
GIN,ギニア,NY.GDP.TOTL.RT.ZS,2009,15.5855333124984
GIN,ギニア,NY.GDP.TOTL.RT.ZS,2010,15.2920806038969
GIN,ギニア,NY.GDP.TOTL.RT.ZS,2011,18.1995114826407
GIN,ギニア,NY.GDP.TOTL.RT.ZS,2012,16.6316633604097
GIN,ギニア,NY.GDP.TOTL.RT.ZS,2013,14.2501576757042
GIN,ギニア,NY.GDP.TOTL.RT.ZS,2014,14.9319543061707
GIN,ギニア,NY.GDP.TOTL.RT.ZS,2015,14.1138586026586
GIN,ギニア,NY.GDP.TOTL.RT.ZS,2016,18.1063644814226
GIN,ギニア,NY.GDP.TOTL.RT.ZS,2017,18.9531246230915
GIN,ギニア,NY.GDP.TOTL.RT.ZS,2018,13.7023759938136
GIN,ギニア,NY.GDP.TOTL.RT.ZS,2019,4.65794341633325
GIN,ギニア,NY.GDP.TOTL.RT.ZS,2020,4.8276880509577
GIN,ギニア,NY.GDP.TOTL.RT.ZS,2021,4.51955879028644
GIN,ギニア,NY.GDP.TOTL.RT.ZS,2022,
GIN,ギニア,NY.GDP.TOTL.RT.ZS,2023,
GIN,ギニア,NY.GDP.TOTL.RT.ZS,2024,
GMB,ガンビア,NY.GDP.TOTL.RT.ZS,2000,2.25584549955561
GMB,ガンビア,NY.GDP.TOTL.RT.ZS,2001,2.48956240559623
GMB,ガンビア,NY.GDP.TOTL.RT.ZS,2002,3.54757628277213
GMB,ガンビア,NY.GDP.TOTL.RT.ZS,2003,6.12286065692919
GMB,ガンビア,NY.GDP.TOTL.RT.ZS,2004,2.5497949802114
GMB,ガンビア,NY.GDP.TOTL.RT.ZS,2005,2.63182573752435
GMB,ガンビア,NY.GDP.TOTL.RT.ZS,2006,2.72961175784069
GMB,ガンビア,NY.GDP.TOTL.RT.ZS,2007,3.04093237747013
GMB,ガンビア,NY.GDP.TOTL.RT.ZS,2008,3.18489288621072
GMB,ガンビア,NY.GDP.TOTL.RT.ZS,2009,3.29749846666455
GMB,ガンビア,NY.GDP.TOTL.RT.ZS,2010,3.03032430579774
GMB,ガンビア,NY.GDP.TOTL.RT.ZS,2011,4.46743879941924
GMB,ガンビア,NY.GDP.TOTL.RT.ZS,2012,5.78123297887422
GMB,ガンビア,NY.GDP.TOTL.RT.ZS,2013,5.90666401996967
GMB,ガンビア,NY.GDP.TOTL.RT.ZS,2014,5.2409154628157
GMB,ガンビア,NY.GDP.TOTL.RT.ZS,2015,5.55888177634649
GMB,ガンビア,NY.GDP.TOTL.RT.ZS,2016,6.56105812711213
GMB,ガンビア,NY.GDP.TOTL.RT.ZS,2017,6.49323709656864
GMB,ガンビア,NY.GDP.TOTL.RT.ZS,2018,2.72252448983926
GMB,ガンビア,NY.GDP.TOTL.RT.ZS,2019,2.81390983977653
GMB,ガンビア,NY.GDP.TOTL.RT.ZS,2020,3.03439304457224
GMB,ガンビア,NY.GDP.TOTL.RT.ZS,2021,2.85673041093642
GMB,ガンビア,NY.GDP.TOTL.RT.ZS,2022,
GMB,ガンビア,NY.GDP.TOTL.RT.ZS,2023,
GMB,ガンビア,NY.GDP.TOTL.RT.ZS,2024,
GNB,ギニアビサウ,NY.GDP.TOTL.RT.ZS,2000,11.8568115340533
GNB,ギニアビサウ,NY.GDP.TOTL.RT.ZS,2001,11.0270151878701
GNB,ギニアビサウ,NY.GDP.TOTL.RT.ZS,2002,12.5778661904573
GNB,ギニアビサウ,NY.GDP.TOTL.RT.ZS,2003,17.8267671662477
GNB,ギニアビサウ,NY.GDP.TOTL.RT.ZS,2004,14.1311490985512
GNB,ギニアビサウ,NY.GDP.TOTL.RT.ZS,2005,13.3963690749939
GNB,ギニアビサウ,NY.GDP.TOTL.RT.ZS,2006,13.3637311240334
GNB,ギニアビサウ,NY.GDP.TOTL.RT.ZS,2007,16.7234362875899
GNB,ギニアビサウ,NY.GDP.TOTL.RT.ZS,2008,15.9806489073256
GNB,ギニアビサウ,NY.GDP.TOTL.RT.ZS,2009,17.1974480172831
GNB,ギニアビサウ,NY.GDP.TOTL.RT.ZS,2010,14.9307329026999
GNB,ギニアビサウ,NY.GDP.TOTL.RT.ZS,2011,13.2487755763413
GNB,ギニアビサウ,NY.GDP.TOTL.RT.ZS,2012,17.1198567468218
GNB,ギニアビサウ,NY.GDP.TOTL.RT.ZS,2013,16.9399233052409
GNB,ギニアビサウ,NY.GDP.TOTL.RT.ZS,2014,18.6987838921976
GNB,ギニアビサウ,NY.GDP.TOTL.RT.ZS,2015,19.8714177012089
GNB,ギニアビサウ,NY.GDP.TOTL.RT.ZS,2016,18.7015046109056
GNB,ギニアビサウ,NY.GDP.TOTL.RT.ZS,2017,15.9857332638944
GNB,ギニアビサウ,NY.GDP.TOTL.RT.ZS,2018,9.88886799180997
GNB,ギニアビサウ,NY.GDP.TOTL.RT.ZS,2019,9.94740073583492
GNB,ギニアビサウ,NY.GDP.TOTL.RT.ZS,2020,11.1515860354561
GNB,ギニアビサウ,NY.GDP.TOTL.RT.ZS,2021,10.4285037712862
GNB,ギニアビサウ,NY.GDP.TOTL.RT.ZS,2022,
GNB,ギニアビサウ,NY.GDP.TOTL.RT.ZS,2023,
GNB,ギニアビサウ,NY.GDP.TOTL.RT.ZS,2024,
GNQ,赤道ギニア,NY.GDP.TOTL.RT.ZS,2000,88.5923456549581
GNQ,赤道ギニア,NY.GDP.TOTL.RT.ZS,2001,
GNQ,赤道ギニア,NY.GDP.TOTL.RT.ZS,2002,
GNQ,赤道ギニア,NY.GDP.TOTL.RT.ZS,2003,
GNQ,赤道ギニア,NY.GDP.TOTL.RT.ZS,2004,
GNQ,赤道ギニア,NY.GDP.TOTL.RT.ZS,2005,56.289114416548
GNQ,赤道ギニア,NY.GDP.TOTL.RT.ZS,2006,53.9325201023447
GNQ,赤道ギニア,NY.GDP.TOTL.RT.ZS,2007,50.1443326959341
GNQ,赤道ギニア,NY.GDP.TOTL.RT.ZS,2008,46.4378660078331
GNQ,赤道ギニア,NY.GDP.TOTL.RT.ZS,2009,27.7370036664958
GNQ,赤道ギニア,NY.GDP.TOTL.RT.ZS,2010,36.311150239718
GNQ,赤道ギニア,NY.GDP.TOTL.RT.ZS,2011,37.6841563581666
GNQ,赤道ギニア,NY.GDP.TOTL.RT.ZS,2012,39.0027634245776
GNQ,赤道ギニア,NY.GDP.TOTL.RT.ZS,2013,33.3474569225038
GNQ,赤道ギニア,NY.GDP.TOTL.RT.ZS,2014,27.1072398964958
GNQ,赤道ギニア,NY.GDP.TOTL.RT.ZS,2015,17.5005073478909
GNQ,赤道ギニア,NY.GDP.TOTL.RT.ZS,2016,16.4599653575836
GNQ,赤道ギニア,NY.GDP.TOTL.RT.ZS,2017,21.9589067386853
GNQ,赤道ギニア,NY.GDP.TOTL.RT.ZS,2018,27.8023533090755
GNQ,赤道ギニア,NY.GDP.TOTL.RT.ZS,2019,25.4372801609757
GNQ,赤道ギニア,NY.GDP.TOTL.RT.ZS,2020,16.6815988795919
GNQ,赤道ギニア,NY.GDP.TOTL.RT.ZS,2021,23.500064053404
GNQ,赤道ギニア,NY.GDP.TOTL.RT.ZS,2022,
GNQ,赤道ギニア,NY.GDP.TOTL.RT.ZS,2023,
GNQ,赤道ギニア,NY.GDP.TOTL.RT.ZS,2024,
KEN,ケニア,NY.GDP.TOTL.RT.ZS,2000,3.31396754858766
KEN,ケニア,NY.GDP.TOTL.RT.ZS,2001,3.14162066789234
KEN,ケニア,NY.GDP.TOTL.RT.ZS,2002,3.73954391156623
KEN,ケニア,NY.GDP.TOTL.RT.ZS,2003,5.08542139634021
KEN,ケニア,NY.GDP.TOTL.RT.ZS,2004,4.12367812938474
KEN,ケニア,NY.GDP.TOTL.RT.ZS,2005,4.07693603995981
KEN,ケニア,NY.GDP.TOTL.RT.ZS,2006,2.95041850869952
KEN,ケニア,NY.GDP.TOTL.RT.ZS,2007,3.63389849443088
KEN,ケニア,NY.GDP.TOTL.RT.ZS,2008,3.63886873395414
KEN,ケニア,NY.GDP.TOTL.RT.ZS,2009,3.24572373518734
KEN,ケニア,NY.GDP.TOTL.RT.ZS,2010,2.67307931109746
KEN,ケニア,NY.GDP.TOTL.RT.ZS,2011,2.9431872828815
KEN,ケニア,NY.GDP.TOTL.RT.ZS,2012,2.90888320855534
KEN,ケニア,NY.GDP.TOTL.RT.ZS,2013,2.66940200706872
KEN,ケニア,NY.GDP.TOTL.RT.ZS,2014,2.64310943602707
KEN,ケニア,NY.GDP.TOTL.RT.ZS,2015,2.70967011611946
KEN,ケニア,NY.GDP.TOTL.RT.ZS,2016,2.65839831359762
KEN,ケニア,NY.GDP.TOTL.RT.ZS,2017,2.31435620783369
KEN,ケニア,NY.GDP.TOTL.RT.ZS,2018,1.36132463517161
KEN,ケニア,NY.GDP.TOTL.RT.ZS,2019,1.22718421158535
KEN,ケニア,NY.GDP.TOTL.RT.ZS,2020,1.26881196888613
KEN,ケニア,NY.GDP.TOTL.RT.ZS,2021,1.22792857770901
KEN,ケニア,NY.GDP.TOTL.RT.ZS,2022,
KEN,ケニア,NY.GDP.TOTL.RT.ZS,2023,
KEN,ケニア,NY.GDP.TOTL.RT.ZS,2024,
LBR,リベリア,NY.GDP.TOTL.RT.ZS,2000,17.8409546807596
LBR,リベリア,NY.GDP.TOTL.RT.ZS,2001,17.2522953084162
LBR,リベリア,NY.GDP.TOTL.RT.ZS,2002,23.8997704226428
LBR,リベリア,NY.GDP.TOTL.RT.ZS,2003,34.1776687503452
LBR,リベリア,NY.GDP.TOTL.RT.ZS,2004,19.7880546295418
LBR,リベリア,NY.GDP.TOTL.RT.ZS,2005,20.0544068144487
LBR,リベリア,NY.GDP.TOTL.RT.ZS,2006,17.6485875136497
LBR,リベリア,NY.GDP.TOTL.RT.ZS,2007,21.5770270088301
LBR,リベリア,NY.GDP.TOTL.RT.ZS,2008,21.7673829953965
LBR,リベリア,NY.GDP.TOTL.RT.ZS,2009,22.0777491215739
LBR,リベリア,NY.GDP.TOTL.RT.ZS,2010,18.3646624868945
LBR,リベリア,NY.GDP.TOTL.RT.ZS,2011,23.2729658968842
LBR,リベリア,NY.GDP.TOTL.RT.ZS,2012,26.7116015359801
LBR,リベリア,NY.GDP.TOTL.RT.ZS,2013,28.3711783328734
LBR,リベリア,NY.GDP.TOTL.RT.ZS,2014,26.1806367790867
LBR,リベリア,NY.GDP.TOTL.RT.ZS,2015,19.4462580281234
LBR,リベリア,NY.GDP.TOTL.RT.ZS,2016,20.1143619477823
LBR,リベリア,NY.GDP.TOTL.RT.ZS,2017,21.3240563239483
LBR,リベリア,NY.GDP.TOTL.RT.ZS,2018,14.0250297312743
LBR,リベリア,NY.GDP.TOTL.RT.ZS,2019,14.2604895547102
LBR,リベリア,NY.GDP.TOTL.RT.ZS,2020,17.4661654481066
LBR,リベリア,NY.GDP.TOTL.RT.ZS,2021,21.9156000871056
LBR,リベリア,NY.GDP.TOTL.RT.ZS,2022,
LBR,リベリア,NY.GDP.TOTL.RT.ZS,2023,
LBR,リベリア,NY.GDP.TOTL.RT.ZS,2024,
LBY,リビア,NY.GDP.TOTL.RT.ZS,2000,34.2584472905959
LBY,リビア,NY.GDP.TOTL.RT.ZS,2001,30.3865708781182
LBY,リビア,NY.GDP.TOTL.RT.ZS,2002,49.6150940004484
LBY,リビア,NY.GDP.TOTL.RT.ZS,2003,48.7223667831708
LBY,リビア,NY.GDP.TOTL.RT.ZS,2004,55.8476922630083
LBY,リビア,NY.GDP.TOTL.RT.ZS,2005,62.3347404677918
LBY,リビア,NY.GDP.TOTL.RT.ZS,2006,62.2912324061948
LBY,リビア,NY.GDP.TOTL.RT.ZS,2007,61.3668774257785
LBY,リビア,NY.GDP.TOTL.RT.ZS,2008,66.0598935506205
LBY,リビア,NY.GDP.TOTL.RT.ZS,2009,51.7322646352647
LBY,リビア,NY.GDP.TOTL.RT.ZS,2010,55.9661611105459
LBY,リビア,NY.GDP.TOTL.RT.ZS,2011,37.5617320657366
LBY,リビア,NY.GDP.TOTL.RT.ZS,2012,59.1030408512754
LBY,リビア,NY.GDP.TOTL.RT.ZS,2013,47.7413993201726
LBY,リビア,NY.GDP.TOTL.RT.ZS,2014,31.016947831293
LBY,リビア,NY.GDP.TOTL.RT.ZS,2015,16.3921988648858
LBY,リビア,NY.GDP.TOTL.RT.ZS,2016,12.2468654255016
LBY,リビア,NY.GDP.TOTL.RT.ZS,2017,22.1587604827104
LBY,リビア,NY.GDP.TOTL.RT.ZS,2018,31.6168598912657
LBY,リビア,NY.GDP.TOTL.RT.ZS,2019,34.4990280272661
LBY,リビア,NY.GDP.TOTL.RT.ZS,2020,11.4789831280341
LBY,リビア,NY.GDP.TOTL.RT.ZS,2021,61.0347089411103
LBY,リビア,NY.GDP.TOTL.RT.ZS,2022,
LBY,リビア,NY.GDP.TOTL.RT.ZS,2023,
LBY,リビア,NY.GDP.TOTL.RT.ZS,2024,
LSO,レソト,NY.GDP.TOTL.RT.ZS,2000,3.45870923985656
LSO,レソト,NY.GDP.TOTL.RT.ZS,2001,3.61294719864822
LSO,レソト,NY.GDP.TOTL.RT.ZS,2002,4.64972989607064
LSO,レソト,NY.GDP.TOTL.RT.ZS,2003,5.46817367450901
LSO,レソト,NY.GDP.TOTL.RT.ZS,2004,3.85504573954824
LSO,レソト,NY.GDP.TOTL.RT.ZS,2005,3.46065787841255
LSO,レソト,NY.GDP.TOTL.RT.ZS,2006,3.06843905736909
LSO,レソト,NY.GDP.TOTL.RT.ZS,2007,5.0525676359588
LSO,レソト,NY.GDP.TOTL.RT.ZS,2008,5.45904125705999
LSO,レソト,NY.GDP.TOTL.RT.ZS,2009,5.90302783789186
LSO,レソト,NY.GDP.TOTL.RT.ZS,2010,3.93439968984273
LSO,レソト,NY.GDP.TOTL.RT.ZS,2011,3.88951380908295
LSO,レソト,NY.GDP.TOTL.RT.ZS,2012,4.7058759222187
LSO,レソト,NY.GDP.TOTL.RT.ZS,2013,5.10158145699247
LSO,レソト,NY.GDP.TOTL.RT.ZS,2014,5.59052228450031
LSO,レソト,NY.GDP.TOTL.RT.ZS,2015,6.21135692867531
LSO,レソト,NY.GDP.TOTL.RT.ZS,2016,7.27012601835192
LSO,レソト,NY.GDP.TOTL.RT.ZS,2017,6.29773888103094
LSO,レソト,NY.GDP.TOTL.RT.ZS,2018,3.60958084633478
LSO,レソト,NY.GDP.TOTL.RT.ZS,2019,3.73425482845294
LSO,レソト,NY.GDP.TOTL.RT.ZS,2020,4.55548495060365
LSO,レソト,NY.GDP.TOTL.RT.ZS,2021,4.31788190525398
LSO,レソト,NY.GDP.TOTL.RT.ZS,2022,
LSO,レソト,NY.GDP.TOTL.RT.ZS,2023,
LSO,レソト,NY.GDP.TOTL.RT.ZS,2024,
MAR,モロッコ,NY.GDP.TOTL.RT.ZS,2000,0.305325348108431
MAR,モロッコ,NY.GDP.TOTL.RT.ZS,2001,0.208998473305515
MAR,モロッコ,NY.GDP.TOTL.RT.ZS,2002,0.194633365567
MAR,モロッコ,NY.GDP.TOTL.RT.ZS,2003,0.242738945207909
MAR,モロッコ,NY.GDP.TOTL.RT.ZS,2004,0.57019059079328
MAR,モロッコ,NY.GDP.TOTL.RT.ZS,2005,0.739189609529312
MAR,モロッコ,NY.GDP.TOTL.RT.ZS,2006,1.17487783805592
MAR,モロッコ,NY.GDP.TOTL.RT.ZS,2007,1.4811164112028
MAR,モロッコ,NY.GDP.TOTL.RT.ZS,2008,6.0135640292616
MAR,モロッコ,NY.GDP.TOTL.RT.ZS,2009,4.04625319267701
MAR,モロッコ,NY.GDP.TOTL.RT.ZS,2010,5.52351711568337
MAR,モロッコ,NY.GDP.TOTL.RT.ZS,2011,7.44006663292583
MAR,モロッコ,NY.GDP.TOTL.RT.ZS,2012,6.48582252084039
MAR,モロッコ,NY.GDP.TOTL.RT.ZS,2013,4.55138703939471
MAR,モロッコ,NY.GDP.TOTL.RT.ZS,2014,3.52679771804417
MAR,モロッコ,NY.GDP.TOTL.RT.ZS,2015,2.61402225287558
MAR,モロッコ,NY.GDP.TOTL.RT.ZS,2016,2.89821223160529
MAR,モロッコ,NY.GDP.TOTL.RT.ZS,2017,3.29989896331367
MAR,モロッコ,NY.GDP.TOTL.RT.ZS,2018,2.41389789515822
MAR,モロッコ,NY.GDP.TOTL.RT.ZS,2019,0.321780512925498
MAR,モロッコ,NY.GDP.TOTL.RT.ZS,2020,0.296128236742874
MAR,モロッコ,NY.GDP.TOTL.RT.ZS,2021,0.391702933228196
MAR,モロッコ,NY.GDP.TOTL.RT.ZS,2022,
MAR,モロッコ,NY.GDP.TOTL.RT.ZS,2023,
MAR,モロッコ,NY.GDP.TOTL.RT.ZS,2024,
MDG,マダガスカル,NY.GDP.TOTL.RT.ZS,2000,3.28334073398533
MDG,マダガスカル,NY.GDP.TOTL.RT.ZS,2001,2.78738585949357
MDG,マダガスカル,NY.GDP.TOTL.RT.ZS,2002,3.50534579179508
MDG,マダガスカル,NY.GDP.TOTL.RT.ZS,2003,5.21855839818452
MDG,マダガスカル,NY.GDP.TOTL.RT.ZS,2004,6.16053834340743
MDG,マダガスカル,NY.GDP.TOTL.RT.ZS,2005,5.46552559841922
MDG,マダガスカル,NY.GDP.TOTL.RT.ZS,2006,5.6245995828571
MDG,マダガスカル,NY.GDP.TOTL.RT.ZS,2007,6.43424742692885
MDG,マダガスカル,NY.GDP.TOTL.RT.ZS,2008,5.80936537783052
MDG,マダガスカル,NY.GDP.TOTL.RT.ZS,2009,6.87903891334948
MDG,マダガスカル,NY.GDP.TOTL.RT.ZS,2010,5.80844502636667
MDG,マダガスカル,NY.GDP.TOTL.RT.ZS,2011,5.89544167157359
MDG,マダガスカル,NY.GDP.TOTL.RT.ZS,2012,6.69129717051904
MDG,マダガスカル,NY.GDP.TOTL.RT.ZS,2013,6.77436297702956
MDG,マダガスカル,NY.GDP.TOTL.RT.ZS,2014,7.17890334828133
MDG,マダガスカル,NY.GDP.TOTL.RT.ZS,2015,8.60993537983163
MDG,マダガスカル,NY.GDP.TOTL.RT.ZS,2016,8.77277190379424
MDG,マダガスカル,NY.GDP.TOTL.RT.ZS,2017,7.63973631390415
MDG,マダガスカル,NY.GDP.TOTL.RT.ZS,2018,5.16989441363436
MDG,マダガスカル,NY.GDP.TOTL.RT.ZS,2019,4.7078522848274
MDG,マダガスカル,NY.GDP.TOTL.RT.ZS,2020,5.65950524677075
MDG,マダガスカル,NY.GDP.TOTL.RT.ZS,2021,5.5311886434036
MDG,マダガスカル,NY.GDP.TOTL.RT.ZS,2022,
MDG,マダガスカル,NY.GDP.TOTL.RT.ZS,2023,
MDG,マダガスカル,NY.GDP.TOTL.RT.ZS,2024,
MLI,マリ,NY.GDP.TOTL.RT.ZS,2000,5.46367811888986
MLI,マリ,NY.GDP.TOTL.RT.ZS,2001,5.3525949253061
MLI,マリ,NY.GDP.TOTL.RT.ZS,2002,6.81256049490343
MLI,マリ,NY.GDP.TOTL.RT.ZS,2003,5.30099092296633
MLI,マリ,NY.GDP.TOTL.RT.ZS,2004,3.89561485181635
MLI,マリ,NY.GDP.TOTL.RT.ZS,2005,2.79148479768263
MLI,マリ,NY.GDP.TOTL.RT.ZS,2006,7.41659931305695
MLI,マリ,NY.GDP.TOTL.RT.ZS,2007,7.86264147796427
MLI,マリ,NY.GDP.TOTL.RT.ZS,2008,6.91973321599543
MLI,マリ,NY.GDP.TOTL.RT.ZS,2009,8.60703288880241
MLI,マリ,NY.GDP.TOTL.RT.ZS,2010,7.66975245102324
MLI,マリ,NY.GDP.TOTL.RT.ZS,2011,8.91011559605289
MLI,マリ,NY.GDP.TOTL.RT.ZS,2012,12.1110881558093
MLI,マリ,NY.GDP.TOTL.RT.ZS,2013,8.51315574828752
MLI,マリ,NY.GDP.TOTL.RT.ZS,2014,7.24892090404468
MLI,マリ,NY.GDP.TOTL.RT.ZS,2015,7.42711000514874
MLI,マリ,NY.GDP.TOTL.RT.ZS,2016,8.99083015150657
MLI,マリ,NY.GDP.TOTL.RT.ZS,2017,7.81614668872422
MLI,マリ,NY.GDP.TOTL.RT.ZS,2018,7.74269774600288
MLI,マリ,NY.GDP.TOTL.RT.ZS,2019,7.85842877214771
MLI,マリ,NY.GDP.TOTL.RT.ZS,2020,9.46967710138959
MLI,マリ,NY.GDP.TOTL.RT.ZS,2021,18.4178821970492
MLI,マリ,NY.GDP.TOTL.RT.ZS,2022,
MLI,マリ,NY.GDP.TOTL.RT.ZS,2023,
MLI,マリ,NY.GDP.TOTL.RT.ZS,2024,
MOZ,モザンビーク,NY.GDP.TOTL.RT.ZS,2000,6.21223527949675
MOZ,モザンビーク,NY.GDP.TOTL.RT.ZS,2001,6.28945069549311
MOZ,モザンビーク,NY.GDP.TOTL.RT.ZS,2002,7.15607959007746
MOZ,モザンビーク,NY.GDP.TOTL.RT.ZS,2003,10.0969874352829
MOZ,モザンビーク,NY.GDP.TOTL.RT.ZS,2004,7.99532685365388
MOZ,モザンビーク,NY.GDP.TOTL.RT.ZS,2005,7.51808300528586
MOZ,モザンビーク,NY.GDP.TOTL.RT.ZS,2006,8.50524215312992
MOZ,モザンビーク,NY.GDP.TOTL.RT.ZS,2007,9.80505322870557
MOZ,モザンビーク,NY.GDP.TOTL.RT.ZS,2008,10.2039173979552
MOZ,モザンビーク,NY.GDP.TOTL.RT.ZS,2009,10.0220013623256
MOZ,モザンビーク,NY.GDP.TOTL.RT.ZS,2010,10.2684840762505
MOZ,モザンビーク,NY.GDP.TOTL.RT.ZS,2011,11.3709466025082
MOZ,モザンビーク,NY.GDP.TOTL.RT.ZS,2012,11.9192598207508
MOZ,モザンビーク,NY.GDP.TOTL.RT.ZS,2013,11.6325534065914
MOZ,モザンビーク,NY.GDP.TOTL.RT.ZS,2014,11.9039028509476
MOZ,モザンビーク,NY.GDP.TOTL.RT.ZS,2015,12.2160721685778
MOZ,モザンビーク,NY.GDP.TOTL.RT.ZS,2016,16.3133886142564
MOZ,モザンビーク,NY.GDP.TOTL.RT.ZS,2017,18.0510410834352
MOZ,モザンビーク,NY.GDP.TOTL.RT.ZS,2018,16.3975888133586
MOZ,モザンビーク,NY.GDP.TOTL.RT.ZS,2019,12.6767242973038
MOZ,モザンビーク,NY.GDP.TOTL.RT.ZS,2020,11.8639361284365
MOZ,モザンビーク,NY.GDP.TOTL.RT.ZS,2021,14.9074768559672
MOZ,モザンビーク,NY.GDP.TOTL.RT.ZS,2022,
MOZ,モザンビーク,NY.GDP.TOTL.RT.ZS,2023,
MOZ,モザンビーク,NY.GDP.TOTL.RT.ZS,2024,
MRT,モーリタニア,NY.GDP.TOTL.RT.ZS,2000,3.27487284480144
MRT,モーリタニア,NY.GDP.TOTL.RT.ZS,2001,6.76491230332295
MRT,モーリタニア,NY.GDP.TOTL.RT.ZS,2002,7.673552402895
MRT,モーリタニア,NY.GDP.TOTL.RT.ZS,2003,4.46007581951187
MRT,モーリタニア,NY.GDP.TOTL.RT.ZS,2004,8.86006911174684
MRT,モーリタニア,NY.GDP.TOTL.RT.ZS,2005,19.3863218849001
MRT,モーリタニア,NY.GDP.TOTL.RT.ZS,2006,25.6238205360937
MRT,モーリタニア,NY.GDP.TOTL.RT.ZS,2007,32.0888421353342
MRT,モーリタニア,NY.GDP.TOTL.RT.ZS,2008,38.3954688806903
MRT,モーリタニア,NY.GDP.TOTL.RT.ZS,2009,20.8447858815571
MRT,モーリタニア,NY.GDP.TOTL.RT.ZS,2010,33.2699514566613
MRT,モーリタニア,NY.GDP.TOTL.RT.ZS,2011,30.8504418081025
MRT,モーリタニア,NY.GDP.TOTL.RT.ZS,2012,21.4879263870309
MRT,モーリタニア,NY.GDP.TOTL.RT.ZS,2013,16.9330193063232
MRT,モーリタニア,NY.GDP.TOTL.RT.ZS,2014,13.1805355570468
MRT,モーリタニア,NY.GDP.TOTL.RT.ZS,2015,6.19132704450206
MRT,モーリタニア,NY.GDP.TOTL.RT.ZS,2016,8.04558334879584
MRT,モーリタニア,NY.GDP.TOTL.RT.ZS,2017,9.09659277147784
MRT,モーリタニア,NY.GDP.TOTL.RT.ZS,2018,2.808310001036
MRT,モーリタニア,NY.GDP.TOTL.RT.ZS,2019,2.61191416207025
MRT,モーリタニア,NY.GDP.TOTL.RT.ZS,2020,2.43870903966116
MRT,モーリタニア,NY.GDP.TOTL.RT.ZS,2021,11.4487520863931
MRT,モーリタニア,NY.GDP.TOTL.RT.ZS,2022,
MRT,モーリタニア,NY.GDP.TOTL.RT.ZS,2023,
MRT,モーリタニア,NY.GDP.TOTL.RT.ZS,2024,
MUS,モーリシャス,NY.GDP.TOTL.RT.ZS,2000,0.0117784211704657
MUS,モーリシャス,NY.GDP.TOTL.RT.ZS,2001,0.0117589422349643
MUS,モーリシャス,NY.GDP.TOTL.RT.ZS,2002,0.0113185119211624
MUS,モーリシャス,NY.GDP.TOTL.RT.ZS,2003,0.010684499152159
MUS,モーリシャス,NY.GDP.TOTL.RT.ZS,2004,0.00681953407733824
MUS,モーリシャス,NY.GDP.TOTL.RT.ZS,2005,0.00657606583814967
MUS,モーリシャス,NY.GDP.TOTL.RT.ZS,2006,0.00816434745435896
MUS,モーリシャス,NY.GDP.TOTL.RT.ZS,2007,0.00837909473560662
MUS,モーリシャス,NY.GDP.TOTL.RT.ZS,2008,0.00857162807576386
MUS,モーリシャス,NY.GDP.TOTL.RT.ZS,2009,0.0114110119806519
MUS,モーリシャス,NY.GDP.TOTL.RT.ZS,2010,0.0974197638212974
MUS,モーリシャス,NY.GDP.TOTL.RT.ZS,2011,0.11394942379722
MUS,モーリシャス,NY.GDP.TOTL.RT.ZS,2012,0.0967703151522881
MUS,モーリシャス,NY.GDP.TOTL.RT.ZS,2013,0.0778091714247043
MUS,モーリシャス,NY.GDP.TOTL.RT.ZS,2014,0.0835433781723541
MUS,モーリシャス,NY.GDP.TOTL.RT.ZS,2015,0.0279823507404004
MUS,モーリシャス,NY.GDP.TOTL.RT.ZS,2016,0.0271234375700913
MUS,モーリシャス,NY.GDP.TOTL.RT.ZS,2017,0.00339252211144264
MUS,モーリシャス,NY.GDP.TOTL.RT.ZS,2018,0.00240720178247387
MUS,モーリシャス,NY.GDP.TOTL.RT.ZS,2019,0.00235978741871314
MUS,モーリシャス,NY.GDP.TOTL.RT.ZS,2020,0.00262996135685098
MUS,モーリシャス,NY.GDP.TOTL.RT.ZS,2021,0.00271526913227865
MUS,モーリシャス,NY.GDP.TOTL.RT.ZS,2022,
MUS,モーリシャス,NY.GDP.TOTL.RT.ZS,2023,
MUS,モーリシャス,NY.GDP.TOTL.RT.ZS,2024,
MWI,マラウイ,NY.GDP.TOTL.RT.ZS,2000,10.1509116653401
MWI,マラウイ,NY.GDP.TOTL.RT.ZS,2001,9.93791742339101
MWI,マラウイ,NY.GDP.TOTL.RT.ZS,2002,5.80694889486208
MWI,マラウイ,NY.GDP.TOTL.RT.ZS,2003,8.64215061116182
MWI,マラウイ,NY.GDP.TOTL.RT.ZS,2004,6.39211290059216
MWI,マラウイ,NY.GDP.TOTL.RT.ZS,2005,6.82450197846741
MWI,マラウイ,NY.GDP.TOTL.RT.ZS,2006,6.78461168008871
MWI,マラウイ,NY.GDP.TOTL.RT.ZS,2007,7.97931680799651
MWI,マラウイ,NY.GDP.TOTL.RT.ZS,2008,8.72702659415971
MWI,マラウイ,NY.GDP.TOTL.RT.ZS,2009,7.04042216088488
MWI,マラウイ,NY.GDP.TOTL.RT.ZS,2010,6.02572508561474
MWI,マラウイ,NY.GDP.TOTL.RT.ZS,2011,5.97687719996186
MWI,マラウイ,NY.GDP.TOTL.RT.ZS,2012,8.95123535585595
MWI,マラウイ,NY.GDP.TOTL.RT.ZS,2013,10.1501360274794
MWI,マラウイ,NY.GDP.TOTL.RT.ZS,2014,9.61846301856776
MWI,マラウイ,NY.GDP.TOTL.RT.ZS,2015,8.89901041042248
MWI,マラウイ,NY.GDP.TOTL.RT.ZS,2016,10.9739875833904
MWI,マラウイ,NY.GDP.TOTL.RT.ZS,2017,7.00371862797528
MWI,マラウイ,NY.GDP.TOTL.RT.ZS,2018,5.20814805353589
MWI,マラウイ,NY.GDP.TOTL.RT.ZS,2019,4.24376277062568
MWI,マラウイ,NY.GDP.TOTL.RT.ZS,2020,4.09928170325885
MWI,マラウイ,NY.GDP.TOTL.RT.ZS,2021,4.22250421289741
MWI,マラウイ,NY.GDP.TOTL.RT.ZS,2022,
MWI,マラウイ,NY.GDP.TOTL.RT.ZS,2023,
MWI,マラウイ,NY.GDP.TOTL.RT.ZS,2024,
NAM,ナミビア,NY.GDP.TOTL.RT.ZS,2000,0.592005978212752
NAM,ナミビア,NY.GDP.TOTL.RT.ZS,2001,0.634861422008575
NAM,ナミビア,NY.GDP.TOTL.RT.ZS,2002,0.598634291159831
NAM,ナミビア,NY.GDP.TOTL.RT.ZS,2003,0.930610729240151
NAM,ナミビア,NY.GDP.TOTL.RT.ZS,2004,0.794488876889435
NAM,ナミビア,NY.GDP.TOTL.RT.ZS,2005,1.18277131353143
NAM,ナミビア,NY.GDP.TOTL.RT.ZS,2006,2.66281251772741
NAM,ナミビア,NY.GDP.TOTL.RT.ZS,2007,5.84952043001738
NAM,ナミビア,NY.GDP.TOTL.RT.ZS,2008,2.25103912617622
NAM,ナミビア,NY.GDP.TOTL.RT.ZS,2009,1.93055021806173
NAM,ナミビア,NY.GDP.TOTL.RT.ZS,2010,2.39089689019764
NAM,ナミビア,NY.GDP.TOTL.RT.ZS,2011,2.071941381811
NAM,ナミビア,NY.GDP.TOTL.RT.ZS,2012,1.73059224032469
NAM,ナミビア,NY.GDP.TOTL.RT.ZS,2013,1.17402632983259
NAM,ナミビア,NY.GDP.TOTL.RT.ZS,2014,1.64153563776896
NAM,ナミビア,NY.GDP.TOTL.RT.ZS,2015,1.8752743624842
NAM,ナミビア,NY.GDP.TOTL.RT.ZS,2016,2.60379046438201
NAM,ナミビア,NY.GDP.TOTL.RT.ZS,2017,3.35579400030648
NAM,ナミビア,NY.GDP.TOTL.RT.ZS,2018,1.26282912430688
NAM,ナミビア,NY.GDP.TOTL.RT.ZS,2019,1.43731396410693
NAM,ナミビア,NY.GDP.TOTL.RT.ZS,2020,1.93029383948291
NAM,ナミビア,NY.GDP.TOTL.RT.ZS,2021,4.03058059383138
NAM,ナミビア,NY.GDP.TOTL.RT.ZS,2022,
NAM,ナミビア,NY.GDP.TOTL.RT.ZS,2023,
NAM,ナミビア,NY.GDP.TOTL.RT.ZS,2024,
NER,ニジェール,NY.GDP.TOTL.RT.ZS,2000,7.26831682770737
NER,ニジェール,NY.GDP.TOTL.RT.ZS,2001,6.55942488973714
NER,ニジェール,NY.GDP.TOTL.RT.ZS,2002,7.01295308601143
NER,ニジェール,NY.GDP.TOTL.RT.ZS,2003,9.26317259194414
NER,ニジェール,NY.GDP.TOTL.RT.ZS,2004,7.50759997659221
NER,ニジェール,NY.GDP.TOTL.RT.ZS,2005,7.20852272920724
NER,ニジェール,NY.GDP.TOTL.RT.ZS,2006,6.89459669021653
NER,ニジェール,NY.GDP.TOTL.RT.ZS,2007,8.30057946231934
NER,ニジェール,NY.GDP.TOTL.RT.ZS,2008,7.94563898176327
NER,ニジェール,NY.GDP.TOTL.RT.ZS,2009,7.96220358501721
NER,ニジェール,NY.GDP.TOTL.RT.ZS,2010,6.88472156897825
NER,ニジェール,NY.GDP.TOTL.RT.ZS,2011,8.1477117559769
NER,ニジェール,NY.GDP.TOTL.RT.ZS,2012,10.3335481762903
NER,ニジェール,NY.GDP.TOTL.RT.ZS,2013,11.466881046248
NER,ニジェール,NY.GDP.TOTL.RT.ZS,2014,10.2730531340882
NER,ニジェール,NY.GDP.TOTL.RT.ZS,2015,9.74015905746736
NER,ニジェール,NY.GDP.TOTL.RT.ZS,2016,9.68635453036973
NER,ニジェール,NY.GDP.TOTL.RT.ZS,2017,9.37929042574549
NER,ニジェール,NY.GDP.TOTL.RT.ZS,2018,6.79609733342576
NER,ニジェール,NY.GDP.TOTL.RT.ZS,2019,5.81263963543114
NER,ニジェール,NY.GDP.TOTL.RT.ZS,2020,5.56826403591678
NER,ニジェール,NY.GDP.TOTL.RT.ZS,2021,6.40907047167716
NER,ニジェール,NY.GDP.TOTL.RT.ZS,2022,
NER,ニジェール,NY.GDP.TOTL.RT.ZS,2023,
NER,ニジェール,NY.GDP.TOTL.RT.ZS,2024,
NGA,ナイジェリア,NY.GDP.TOTL.RT.ZS,2000,24.9357339994509
NGA,ナイジェリア,NY.GDP.TOTL.RT.ZS,2001,18.1012267482663
NGA,ナイジェリア,NY.GDP.TOTL.RT.ZS,2002,13.6048166584392
NGA,ナイジェリア,NY.GDP.TOTL.RT.ZS,2003,15.512504112848
NGA,ナイジェリア,NY.GDP.TOTL.RT.ZS,2004,16.775506962461
NGA,ナイジェリア,NY.GDP.TOTL.RT.ZS,2005,19.3875677161802
NGA,ナイジェリア,NY.GDP.TOTL.RT.ZS,2006,16.6989726330047
NGA,ナイジェリア,NY.GDP.TOTL.RT.ZS,2007,15.8610116948726
NGA,ナイジェリア,NY.GDP.TOTL.RT.ZS,2008,17.590261235625
NGA,ナイジェリア,NY.GDP.TOTL.RT.ZS,2009,10.6511450158162
NGA,ナイジェリア,NY.GDP.TOTL.RT.ZS,2010,13.8029914948457
NGA,ナイジェリア,NY.GDP.TOTL.RT.ZS,2011,17.5539035632028
NGA,ナイジェリア,NY.GDP.TOTL.RT.ZS,2012,15.1485150031193
NGA,ナイジェリア,NY.GDP.TOTL.RT.ZS,2013,11.6227181116144
NGA,ナイジェリア,NY.GDP.TOTL.RT.ZS,2014,8.78193552361452
NGA,ナイジェリア,NY.GDP.TOTL.RT.ZS,2015,4.55410681800406
NGA,ナイジェリア,NY.GDP.TOTL.RT.ZS,2016,4.65772615666869
NGA,ナイジェリア,NY.GDP.TOTL.RT.ZS,2017,7.80498492445019
NGA,ナイジェリア,NY.GDP.TOTL.RT.ZS,2018,9.79850822600435
NGA,ナイジェリア,NY.GDP.TOTL.RT.ZS,2019,8.35322267194456
NGA,ナイジェリア,NY.GDP.TOTL.RT.ZS,2020,5.07484002483035
NGA,ナイジェリア,NY.GDP.TOTL.RT.ZS,2021,8.55295423830806
NGA,ナイジェリア,NY.GDP.TOTL.RT.ZS,2022,
NGA,ナイジェリア,NY.GDP.TOTL.RT.ZS,2023,
NGA,ナイジェリア,NY.GDP.TOTL.RT.ZS,2024,
RWA,ルワンダ,NY.GDP.TOTL.RT.ZS,2000,5.03496552984893
RWA,ルワンダ,NY.GDP.TOTL.RT.ZS,2001,5.37510520142139
RWA,ルワンダ,NY.GDP.TOTL.RT.ZS,2002,6.4377693588679
RWA,ルワンダ,NY.GDP.TOTL.RT.ZS,2003,9.07682974388652
RWA,ルワンダ,NY.GDP.TOTL.RT.ZS,2004,7.02043949824649
RWA,ルワンダ,NY.GDP.TOTL.RT.ZS,2005,5.9570253928291
RWA,ルワンダ,NY.GDP.TOTL.RT.ZS,2006,5.2964919730077
RWA,ルワンダ,NY.GDP.TOTL.RT.ZS,2007,6.22572427896954
RWA,ルワンダ,NY.GDP.TOTL.RT.ZS,2008,8.30580145177946
RWA,ルワンダ,NY.GDP.TOTL.RT.ZS,2009,6.935422955435
RWA,ルワンダ,NY.GDP.TOTL.RT.ZS,2010,6.48655252910732
RWA,ルワンダ,NY.GDP.TOTL.RT.ZS,2011,6.99565680326328
RWA,ルワンダ,NY.GDP.TOTL.RT.ZS,2012,6.39423290634701
RWA,ルワンダ,NY.GDP.TOTL.RT.ZS,2013,6.50475580749802
RWA,ルワンダ,NY.GDP.TOTL.RT.ZS,2014,6.4521550362679
RWA,ルワンダ,NY.GDP.TOTL.RT.ZS,2015,5.77813915585401
RWA,ルワンダ,NY.GDP.TOTL.RT.ZS,2016,5.99862102587479
RWA,ルワンダ,NY.GDP.TOTL.RT.ZS,2017,6.01492971463291
RWA,ルワンダ,NY.GDP.TOTL.RT.ZS,2018,4.71387568610559
RWA,ルワンダ,NY.GDP.TOTL.RT.ZS,2019,3.81709032313618
RWA,ルワンダ,NY.GDP.TOTL.RT.ZS,2020,4.10481845130795
RWA,ルワンダ,NY.GDP.TOTL.RT.ZS,2021,4.01723634071877
RWA,ルワンダ,NY.GDP.TOTL.RT.ZS,2022,
RWA,ルワンダ,NY.GDP.TOTL.RT.ZS,2023,
RWA,ルワンダ,NY.GDP.TOTL.RT.ZS,2024,
SDN,スーダン,NY.GDP.TOTL.RT.ZS,2000,10.7834600175368
SDN,スーダン,NY.GDP.TOTL.RT.ZS,2001,6.91016926563004
SDN,スーダン,NY.GDP.TOTL.RT.ZS,2002,7.22283531579549
SDN,スーダン,NY.GDP.TOTL.RT.ZS,2003,7.00622430942374
SDN,スーダン,NY.GDP.TOTL.RT.ZS,2004,10.1433483895059
SDN,スーダン,NY.GDP.TOTL.RT.ZS,2005,12.4802287524508
SDN,スーダン,NY.GDP.TOTL.RT.ZS,2006,12.5389562552987
SDN,スーダン,NY.GDP.TOTL.RT.ZS,2007,13.677466454982
SDN,スーダン,NY.GDP.TOTL.RT.ZS,2008,17.9797789026983
SDN,スーダン,NY.GDP.TOTL.RT.ZS,2009,9.8427070618575
SDN,スーダン,NY.GDP.TOTL.RT.ZS,2010,11.9428584964653
SDN,スーダン,NY.GDP.TOTL.RT.ZS,2011,16.7759073133375
SDN,スーダン,NY.GDP.TOTL.RT.ZS,2012,6.64669345938477
SDN,スーダン,NY.GDP.TOTL.RT.ZS,2013,7.51778871746273
SDN,スーダン,NY.GDP.TOTL.RT.ZS,2014,5.17423775201674
SDN,スーダン,NY.GDP.TOTL.RT.ZS,2015,2.97569090164715
SDN,スーダン,NY.GDP.TOTL.RT.ZS,2016,2.74050635867162
SDN,スーダン,NY.GDP.TOTL.RT.ZS,2017,2.48029512284545
SDN,スーダン,NY.GDP.TOTL.RT.ZS,2018,6.14770644131694
SDN,スーダン,NY.GDP.TOTL.RT.ZS,2019,8.25976911220096
SDN,スーダン,NY.GDP.TOTL.RT.ZS,2020,9.29265238055366
SDN,スーダン,NY.GDP.TOTL.RT.ZS,2021,12.7502116848016
SDN,スーダン,NY.GDP.TOTL.RT.ZS,2022,
SDN,スーダン,NY.GDP.TOTL.RT.ZS,2023,
SDN,スーダン,NY.GDP.TOTL.RT.ZS,2024,
SEN,セネガル,NY.GDP.TOTL.RT.ZS,2000,2.30805328155825
SEN,セネガル,NY.GDP.TOTL.RT.ZS,2001,2.05976120051983
SEN,セネガル,NY.GDP.TOTL.RT.ZS,2002,2.2894897302113
SEN,セネガル,NY.GDP.TOTL.RT.ZS,2003,2.68475374294378
SEN,セネガル,NY.GDP.TOTL.RT.ZS,2004,1.97163158742871
SEN,セネガル,NY.GDP.TOTL.RT.ZS,2005,1.9916257642601
SEN,セネガル,NY.GDP.TOTL.RT.ZS,2006,1.9932129479554
SEN,セネガル,NY.GDP.TOTL.RT.ZS,2007,2.3034822903582
SEN,セネガル,NY.GDP.TOTL.RT.ZS,2008,3.07242721618133
SEN,セネガル,NY.GDP.TOTL.RT.ZS,2009,3.83444920218272
SEN,セネガル,NY.GDP.TOTL.RT.ZS,2010,2.97597316384999
SEN,セネガル,NY.GDP.TOTL.RT.ZS,2011,3.6495940769705
SEN,セネガル,NY.GDP.TOTL.RT.ZS,2012,4.86398118749562
SEN,セネガル,NY.GDP.TOTL.RT.ZS,2013,3.42436224964169
SEN,セネガル,NY.GDP.TOTL.RT.ZS,2014,3.1569476524477
SEN,セネガル,NY.GDP.TOTL.RT.ZS,2015,3.47911885653568
SEN,セネガル,NY.GDP.TOTL.RT.ZS,2016,3.9796411050175
SEN,セネガル,NY.GDP.TOTL.RT.ZS,2017,3.21232528542185
SEN,セネガル,NY.GDP.TOTL.RT.ZS,2018,2.88655464408866
SEN,セネガル,NY.GDP.TOTL.RT.ZS,2019,2.75988310568798
SEN,セネガル,NY.GDP.TOTL.RT.ZS,2020,2.86963190075436
SEN,セネガル,NY.GDP.TOTL.RT.ZS,2021,4.40159712005452
SEN,セネガル,NY.GDP.TOTL.RT.ZS,2022,
SEN,セネガル,NY.GDP.TOTL.RT.ZS,2023,
SEN,セネガル,NY.GDP.TOTL.RT.ZS,2024,
SLE,シエラレオネ,NY.GDP.TOTL.RT.ZS,2000,14.2566872840621
SLE,シエラレオネ,NY.GDP.TOTL.RT.ZS,2001,8.05230833851418
SLE,シエラレオネ,NY.GDP.TOTL.RT.ZS,2002,8.43552502197745
SLE,シエラレオネ,NY.GDP.TOTL.RT.ZS,2003,12.876788824159
SLE,シエラレオネ,NY.GDP.TOTL.RT.ZS,2004,11.1023236756794
SLE,シエラレオネ,NY.GDP.TOTL.RT.ZS,2005,9.90200209747713
SLE,シエラレオネ,NY.GDP.TOTL.RT.ZS,2006,9.42718135843611
SLE,シエラレオネ,NY.GDP.TOTL.RT.ZS,2007,12.2555158372532
SLE,シエラレオネ,NY.GDP.TOTL.RT.ZS,2008,11.6115795671527
SLE,シエラレオネ,NY.GDP.TOTL.RT.ZS,2009,12.2691742280754
SLE,シエラレオネ,NY.GDP.TOTL.RT.ZS,2010,10.5288662404631
SLE,シエラレオネ,NY.GDP.TOTL.RT.ZS,2011,10.9869587677677
SLE,シエラレオネ,NY.GDP.TOTL.RT.ZS,2012,9.77051963302454
SLE,シエラレオネ,NY.GDP.TOTL.RT.ZS,2013,7.22686963531629
SLE,シエラレオネ,NY.GDP.TOTL.RT.ZS,2014,8.02771244072182
SLE,シエラレオネ,NY.GDP.TOTL.RT.ZS,2015,10.5713602396516
SLE,シエラレオネ,NY.GDP.TOTL.RT.ZS,2016,14.6732645434772
SLE,シエラレオネ,NY.GDP.TOTL.RT.ZS,2017,14.9365306672881
SLE,シエラレオネ,NY.GDP.TOTL.RT.ZS,2018,8.55532841443589
SLE,シエラレオネ,NY.GDP.TOTL.RT.ZS,2019,7.49079656656829
SLE,シエラレオネ,NY.GDP.TOTL.RT.ZS,2020,8.22978194152241
SLE,シエラレオネ,NY.GDP.TOTL.RT.ZS,2021,9.03701414128967
SLE,シエラレオネ,NY.GDP.TOTL.RT.ZS,2022,
SLE,シエラレオネ,NY.GDP.TOTL.RT.ZS,2023,
SLE,シエラレオネ,NY.GDP.TOTL.RT.ZS,2024,
SOM,ソマリア,NY.GDP.TOTL.RT.ZS,2000,
SOM,ソマリア,NY.GDP.TOTL.RT.ZS,2001,
SOM,ソマリア,NY.GDP.TOTL.RT.ZS,2002,
SOM,ソマリア,NY.GDP.TOTL.RT.ZS,2003,
SOM,ソマリア,NY.GDP.TOTL.RT.ZS,2004,
SOM,ソマリア,NY.GDP.TOTL.RT.ZS,2005,
SOM,ソマリア,NY.GDP.TOTL.RT.ZS,2006,
SOM,ソマリア,NY.GDP.TOTL.RT.ZS,2007,
SOM,ソマリア,NY.GDP.TOTL.RT.ZS,2008,
SOM,ソマリア,NY.GDP.TOTL.RT.ZS,2009,
SOM,ソマリア,NY.GDP.TOTL.RT.ZS,2010,
SOM,ソマリア,NY.GDP.TOTL.RT.ZS,2011,
SOM,ソマリア,NY.GDP.TOTL.RT.ZS,2012,
SOM,ソマリア,NY.GDP.TOTL.RT.ZS,2013,17.8127642098138
SOM,ソマリア,NY.GDP.TOTL.RT.ZS,2014,18.2921917574279
SOM,ソマリア,NY.GDP.TOTL.RT.ZS,2015,18.8761765982543
SOM,ソマリア,NY.GDP.TOTL.RT.ZS,2016,19.5454511774019
SOM,ソマリア,NY.GDP.TOTL.RT.ZS,2017,18.697269661953
SOM,ソマリア,NY.GDP.TOTL.RT.ZS,2018,11.735774261604
SOM,ソマリア,NY.GDP.TOTL.RT.ZS,2019,10.7304105687897
SOM,ソマリア,NY.GDP.TOTL.RT.ZS,2020,11.455284804417
SOM,ソマリア,NY.GDP.TOTL.RT.ZS,2021,11.2356934915275
SOM,ソマリア,NY.GDP.TOTL.RT.ZS,2022,
SOM,ソマリア,NY.GDP.TOTL.RT.ZS,2023,
SOM,ソマリア,NY.GDP.TOTL.RT.ZS,2024,
SSD,南スーダン,NY.GDP.TOTL.RT.ZS,2000,
SSD,南スーダン,NY.GDP.TOTL.RT.ZS,2001,
SSD,南スーダン,NY.GDP.TOTL.RT.ZS,2002,
SSD,南スーダン,NY.GDP.TOTL.RT.ZS,2003,
SSD,南スーダン,NY.GDP.TOTL.RT.ZS,2004,
SSD,南スーダン,NY.GDP.TOTL.RT.ZS,2005,
SSD,南スーダン,NY.GDP.TOTL.RT.ZS,2006,
SSD,南スーダン,NY.GDP.TOTL.RT.ZS,2007,
SSD,南スーダン,NY.GDP.TOTL.RT.ZS,2008,58.2776601424041
SSD,南スーダン,NY.GDP.TOTL.RT.ZS,2009,35.188657039956
SSD,南スーダン,NY.GDP.TOTL.RT.ZS,2010,43.7092935094988
SSD,南スーダン,NY.GDP.TOTL.RT.ZS,2011,51.7868586633182
SSD,南スーダン,NY.GDP.TOTL.RT.ZS,2012,5.60460947133863
SSD,南スーダン,NY.GDP.TOTL.RT.ZS,2013,14.7084526216951
SSD,南スーダン,NY.GDP.TOTL.RT.ZS,2014,28.4570049428564
SSD,南スーダン,NY.GDP.TOTL.RT.ZS,2015,13.0532234224485
SSD,南スーダン,NY.GDP.TOTL.RT.ZS,2016,
SSD,南スーダン,NY.GDP.TOTL.RT.ZS,2017,
SSD,南スーダン,NY.GDP.TOTL.RT.ZS,2018,
SSD,南スーダン,NY.GDP.TOTL.RT.ZS,2019,
SSD,南スーダン,NY.GDP.TOTL.RT.ZS,2020,
SSD,南スーダン,NY.GDP.TOTL.RT.ZS,2021,
SSD,南スーダン,NY.GDP.TOTL.RT.ZS,2022,
SSD,南スーダン,NY.GDP.TOTL.RT.ZS,2023,
SSD,南スーダン,NY.GDP.TOTL.RT.ZS,2024,
STP,サントメ・プリンシペ,NY.GDP.TOTL.RT.ZS,2000,
STP,サントメ・プリンシペ,NY.GDP.TOTL.RT.ZS,2001,2.97851781674319
STP,サントメ・プリンシペ,NY.GDP.TOTL.RT.ZS,2002,3.20434365847031
STP,サントメ・プリンシペ,NY.GDP.TOTL.RT.ZS,2003,4.00630925326351
STP,サントメ・プリンシペ,NY.GDP.TOTL.RT.ZS,2004,3.05849147819464
STP,サントメ・プリンシペ,NY.GDP.TOTL.RT.ZS,2005,2.74523195490654
STP,サントメ・プリンシペ,NY.GDP.TOTL.RT.ZS,2006,2.68486078996349
STP,サントメ・プリンシペ,NY.GDP.TOTL.RT.ZS,2007,3.62146494582258
STP,サントメ・プリンシペ,NY.GDP.TOTL.RT.ZS,2008,3.51834389031727
STP,サントメ・プリンシペ,NY.GDP.TOTL.RT.ZS,2009,3.5091899751829
STP,サントメ・プリンシペ,NY.GDP.TOTL.RT.ZS,2010,3.97441398723173
STP,サントメ・プリンシペ,NY.GDP.TOTL.RT.ZS,2011,3.82221922487921
STP,サントメ・プリンシペ,NY.GDP.TOTL.RT.ZS,2012,3.81740404574064
STP,サントメ・プリンシペ,NY.GDP.TOTL.RT.ZS,2013,3.33902231905861
STP,サントメ・プリンシペ,NY.GDP.TOTL.RT.ZS,2014,3.04723492306762
STP,サントメ・プリンシペ,NY.GDP.TOTL.RT.ZS,2015,3.41287577328636
STP,サントメ・プリンシペ,NY.GDP.TOTL.RT.ZS,2016,3.27531389837999
STP,サントメ・プリンシペ,NY.GDP.TOTL.RT.ZS,2017,3.15239782697584
STP,サントメ・プリンシペ,NY.GDP.TOTL.RT.ZS,2018,2.33693840944991
STP,サントメ・プリンシペ,NY.GDP.TOTL.RT.ZS,2019,2.04664899329107
STP,サントメ・プリンシペ,NY.GDP.TOTL.RT.ZS,2020,1.98018939747641
STP,サントメ・プリンシペ,NY.GDP.TOTL.RT.ZS,2021,1.88439596006627
STP,サントメ・プリンシペ,NY.GDP.TOTL.RT.ZS,2022,
STP,サントメ・プリンシペ,NY.GDP.TOTL.RT.ZS,2023,
STP,サントメ・プリンシペ,NY.GDP.TOTL.RT.ZS,2024,
SWZ,エスワティニ,NY.GDP.TOTL.RT.ZS,2000,2.96474122584246
SWZ,エスワティニ,NY.GDP.TOTL.RT.ZS,2001,3.46238536598299
SWZ,エスワティニ,NY.GDP.TOTL.RT.ZS,2002,4.47317674745905
SWZ,エスワティニ,NY.GDP.TOTL.RT.ZS,2003,2.85629396804877
SWZ,エスワティニ,NY.GDP.TOTL.RT.ZS,2004,2.36992798917747
SWZ,エスワティニ,NY.GDP.TOTL.RT.ZS,2005,2.05352202116111
SWZ,エスワティニ,NY.GDP.TOTL.RT.ZS,2006,2.01403860027349
SWZ,エスワティニ,NY.GDP.TOTL.RT.ZS,2007,2.65465043431262
SWZ,エスワティニ,NY.GDP.TOTL.RT.ZS,2008,3.77519043420084
SWZ,エスワティニ,NY.GDP.TOTL.RT.ZS,2009,2.67177186311795
SWZ,エスワティニ,NY.GDP.TOTL.RT.ZS,2010,2.3895930131961
SWZ,エスワティニ,NY.GDP.TOTL.RT.ZS,2011,2.64276236861755
SWZ,エスワティニ,NY.GDP.TOTL.RT.ZS,2012,4.18067033297096
SWZ,エスワティニ,NY.GDP.TOTL.RT.ZS,2013,4.50064467722075
SWZ,エスワティニ,NY.GDP.TOTL.RT.ZS,2014,3.43977917921013
SWZ,エスワティニ,NY.GDP.TOTL.RT.ZS,2015,3.40740844429257
SWZ,エスワティニ,NY.GDP.TOTL.RT.ZS,2016,4.60471033148777
SWZ,エスワティニ,NY.GDP.TOTL.RT.ZS,2017,4.03940046980401
SWZ,エスワティニ,NY.GDP.TOTL.RT.ZS,2018,3.14380015317315
SWZ,エスワティニ,NY.GDP.TOTL.RT.ZS,2019,3.2760764754406
SWZ,エスワティニ,NY.GDP.TOTL.RT.ZS,2020,3.38164464300091
SWZ,エスワティニ,NY.GDP.TOTL.RT.ZS,2021,2.99915237990705
SWZ,エスワティニ,NY.GDP.TOTL.RT.ZS,2022,
SWZ,エスワティニ,NY.GDP.TOTL.RT.ZS,2023,
SWZ,エスワティニ,NY.GDP.TOTL.RT.ZS,2024,
SYC,セーシェル,NY.GDP.TOTL.RT.ZS,2000,0.106839697103305
SYC,セーシェル,NY.GDP.TOTL.RT.ZS,2001,0.100866292801415
SYC,セーシェル,NY.GDP.TOTL.RT.ZS,2002,0.104835241294799
SYC,セーシェル,NY.GDP.TOTL.RT.ZS,2003,0.118386036607082
SYC,セーシェル,NY.GDP.TOTL.RT.ZS,2004,0.0655728027215241
SYC,セーシェル,NY.GDP.TOTL.RT.ZS,2005,0.0909496426772842
SYC,セーシェル,NY.GDP.TOTL.RT.ZS,2006,0.102807711673663
SYC,セーシェル,NY.GDP.TOTL.RT.ZS,2007,0.108712512691565
SYC,セーシェル,NY.GDP.TOTL.RT.ZS,2008,0.178453829903448
SYC,セーシェル,NY.GDP.TOTL.RT.ZS,2009,0.160955511131527
SYC,セーシェル,NY.GDP.TOTL.RT.ZS,2010,0.146953956678162
SYC,セーシェル,NY.GDP.TOTL.RT.ZS,2011,0.149780680938161
SYC,セーシェル,NY.GDP.TOTL.RT.ZS,2012,0.1644793129234
SYC,セーシェル,NY.GDP.TOTL.RT.ZS,2013,0.136887236537623
SYC,セーシェル,NY.GDP.TOTL.RT.ZS,2014,0.122451367247677
SYC,セーシェル,NY.GDP.TOTL.RT.ZS,2015,0.100073979606541
SYC,セーシェル,NY.GDP.TOTL.RT.ZS,2016,0.0990332020466637
SYC,セーシェル,NY.GDP.TOTL.RT.ZS,2017,0.11671286310133
SYC,セーシェル,NY.GDP.TOTL.RT.ZS,2018,0.121453194976473
SYC,セーシェル,NY.GDP.TOTL.RT.ZS,2019,0.0974947166802459
SYC,セーシェル,NY.GDP.TOTL.RT.ZS,2020,0.13148617576909
SYC,セーシェル,NY.GDP.TOTL.RT.ZS,2021,0.120645132507182
SYC,セーシェル,NY.GDP.TOTL.RT.ZS,2022,
SYC,セーシェル,NY.GDP.TOTL.RT.ZS,2023,
SYC,セーシェル,NY.GDP.TOTL.RT.ZS,2024,
TCD,チャド,NY.GDP.TOTL.RT.ZS,2000,10.5734977135563
TCD,チャド,NY.GDP.TOTL.RT.ZS,2001,8.36504776729485
TCD,チャド,NY.GDP.TOTL.RT.ZS,2002,8.65186088391704
TCD,チャド,NY.GDP.TOTL.RT.ZS,2003,14.3393379007977
TCD,チャド,NY.GDP.TOTL.RT.ZS,2004,34.9264279168197
TCD,チャド,NY.GDP.TOTL.RT.ZS,2005,36.3205988355502
TCD,チャド,NY.GDP.TOTL.RT.ZS,2006,34.2599109523942
TCD,チャド,NY.GDP.TOTL.RT.ZS,2007,33.0605206762299
TCD,チャド,NY.GDP.TOTL.RT.ZS,2008,33.9195928441547
TCD,チャド,NY.GDP.TOTL.RT.ZS,2009,19.3963985864073
TCD,チャド,NY.GDP.TOTL.RT.ZS,2010,23.7814056347722
TCD,チャド,NY.GDP.TOTL.RT.ZS,2011,28.1688125971144
TCD,チャド,NY.GDP.TOTL.RT.ZS,2012,24.7933556227023
TCD,チャド,NY.GDP.TOTL.RT.ZS,2013,20.0436304196548
TCD,チャド,NY.GDP.TOTL.RT.ZS,2014,15.6882203824047
TCD,チャド,NY.GDP.TOTL.RT.ZS,2015,11.9712071081449
TCD,チャド,NY.GDP.TOTL.RT.ZS,2016,13.110061160108
TCD,チャド,NY.GDP.TOTL.RT.ZS,2017,16.8846139020106
TCD,チャド,NY.GDP.TOTL.RT.ZS,2018,20.9399413766231
TCD,チャド,NY.GDP.TOTL.RT.ZS,2019,19.6499588651766
TCD,チャド,NY.GDP.TOTL.RT.ZS,2020,13.9330901678111
TCD,チャド,NY.GDP.TOTL.RT.ZS,2021,21.3429312625159
TCD,チャド,NY.GDP.TOTL.RT.ZS,2022,
TCD,チャド,NY.GDP.TOTL.RT.ZS,2023,
TCD,チャド,NY.GDP.TOTL.RT.ZS,2024,
TGO,トーゴ,NY.GDP.TOTL.RT.ZS,2000,7.14401583181283
TGO,トーゴ,NY.GDP.TOTL.RT.ZS,2001,6.64861942296073
TGO,トーゴ,NY.GDP.TOTL.RT.ZS,2002,6.84815672076429
TGO,トーゴ,NY.GDP.TOTL.RT.ZS,2003,9.30157253117212
TGO,トーゴ,NY.GDP.TOTL.RT.ZS,2004,6.31025984592111
TGO,トーゴ,NY.GDP.TOTL.RT.ZS,2005,6.87103075962386
TGO,トーゴ,NY.GDP.TOTL.RT.ZS,2006,8.39328796217993
TGO,トーゴ,NY.GDP.TOTL.RT.ZS,2007,10.5484843902413
TGO,トーゴ,NY.GDP.TOTL.RT.ZS,2008,15.1545627268664
TGO,トーゴ,NY.GDP.TOTL.RT.ZS,2009,14.6752963580582
TGO,トーゴ,NY.GDP.TOTL.RT.ZS,2010,11.3076284343152
TGO,トーゴ,NY.GDP.TOTL.RT.ZS,2011,17.924810571738
TGO,トーゴ,NY.GDP.TOTL.RT.ZS,2012,20.9936889901917
TGO,トーゴ,NY.GDP.TOTL.RT.ZS,2013,15.5653200902369
TGO,トーゴ,NY.GDP.TOTL.RT.ZS,2014,13.3950715961836
TGO,トーゴ,NY.GDP.TOTL.RT.ZS,2015,12.7280087175611
TGO,トーゴ,NY.GDP.TOTL.RT.ZS,2016,9.003109569313
TGO,トーゴ,NY.GDP.TOTL.RT.ZS,2017,7.77733835842081
TGO,トーゴ,NY.GDP.TOTL.RT.ZS,2018,4.87362329556752
TGO,トーゴ,NY.GDP.TOTL.RT.ZS,2019,4.32587635811955
TGO,トーゴ,NY.GDP.TOTL.RT.ZS,2020,4.73168572169493
TGO,トーゴ,NY.GDP.TOTL.RT.ZS,2021,7.86417419787513
TGO,トーゴ,NY.GDP.TOTL.RT.ZS,2022,
TGO,トーゴ,NY.GDP.TOTL.RT.ZS,2023,
TGO,トーゴ,NY.GDP.TOTL.RT.ZS,2024,
TUN,チュニジア,NY.GDP.TOTL.RT.ZS,2000,3.70327177976697
TUN,チュニジア,NY.GDP.TOTL.RT.ZS,2001,2.92496870132318
TUN,チュニジア,NY.GDP.TOTL.RT.ZS,2002,2.84157068666264
TUN,チュニジア,NY.GDP.TOTL.RT.ZS,2003,2.55468043997787
TUN,チュニジア,NY.GDP.TOTL.RT.ZS,2004,3.04495874209081
TUN,チュニジア,NY.GDP.TOTL.RT.ZS,2005,4.33097628210826
TUN,チュニジア,NY.GDP.TOTL.RT.ZS,2006,4.79955838418535
TUN,チュニジア,NY.GDP.TOTL.RT.ZS,2007,6.35147319614426
TUN,チュニジア,NY.GDP.TOTL.RT.ZS,2008,9.88012098886805
TUN,チュニジア,NY.GDP.TOTL.RT.ZS,2009,6.99090855049675
TUN,チュニジア,NY.GDP.TOTL.RT.ZS,2010,5.80230500738706
TUN,チュニジア,NY.GDP.TOTL.RT.ZS,2011,6.26002372605509
TUN,チュニジア,NY.GDP.TOTL.RT.ZS,2012,6.61237658820711
TUN,チュニジア,NY.GDP.TOTL.RT.ZS,2013,5.46168537320013
TUN,チュニジア,NY.GDP.TOTL.RT.ZS,2014,4.59413759866907
TUN,チュニジア,NY.GDP.TOTL.RT.ZS,2015,2.68828674720116
TUN,チュニジア,NY.GDP.TOTL.RT.ZS,2016,2.18515588296029
TUN,チュニジア,NY.GDP.TOTL.RT.ZS,2017,2.51025972718522
TUN,チュニジア,NY.GDP.TOTL.RT.ZS,2018,2.82187987069052
TUN,チュニジア,NY.GDP.TOTL.RT.ZS,2019,2.24739229652362
TUN,チュニジア,NY.GDP.TOTL.RT.ZS,2020,1.46717230583582
TUN,チュニジア,NY.GDP.TOTL.RT.ZS,2021,2.24923087429424
TUN,チュニジア,NY.GDP.TOTL.RT.ZS,2022,
TUN,チュニジア,NY.GDP.TOTL.RT.ZS,2023,
TUN,チュニジア,NY.GDP.TOTL.RT.ZS,2024,
TZA,タンザニア,NY.GDP.TOTL.RT.ZS,2000,3.75533581161388
TZA,タンザニア,NY.GDP.TOTL.RT.ZS,2001,4.04412476360876
TZA,タンザニア,NY.GDP.TOTL.RT.ZS,2002,4.85747358130828
TZA,タンザニア,NY.GDP.TOTL.RT.ZS,2003,6.86273700817164
TZA,タンザニア,NY.GDP.TOTL.RT.ZS,2004,5.35429372711806
TZA,タンザニア,NY.GDP.TOTL.RT.ZS,2005,4.99358813102763
TZA,タンザニア,NY.GDP.TOTL.RT.ZS,2006,5.52196373960203
TZA,タンザニア,NY.GDP.TOTL.RT.ZS,2007,6.20610344090512
TZA,タンザニア,NY.GDP.TOTL.RT.ZS,2008,5.0765951351817
TZA,タンザニア,NY.GDP.TOTL.RT.ZS,2009,5.53625650735826
TZA,タンザニア,NY.GDP.TOTL.RT.ZS,2010,5.55945838220369
TZA,タンザニア,NY.GDP.TOTL.RT.ZS,2011,7.33646177996057
TZA,タンザニア,NY.GDP.TOTL.RT.ZS,2012,6.8325198508577
TZA,タンザニア,NY.GDP.TOTL.RT.ZS,2013,5.76723525319283
TZA,タンザニア,NY.GDP.TOTL.RT.ZS,2014,5.04690559304949
TZA,タンザニア,NY.GDP.TOTL.RT.ZS,2015,5.30193884393363
TZA,タンザニア,NY.GDP.TOTL.RT.ZS,2016,5.61603835789229
TZA,タンザニア,NY.GDP.TOTL.RT.ZS,2017,5.13616759488345
TZA,タンザニア,NY.GDP.TOTL.RT.ZS,2018,3.61159728659091
TZA,タンザニア,NY.GDP.TOTL.RT.ZS,2019,3.53145044367484
TZA,タンザニア,NY.GDP.TOTL.RT.ZS,2020,3.85169508025186
TZA,タンザニア,NY.GDP.TOTL.RT.ZS,2021,6.69370906979479
TZA,タンザニア,NY.GDP.TOTL.RT.ZS,2022,
TZA,タンザニア,NY.GDP.TOTL.RT.ZS,2023,
TZA,タンザニア,NY.GDP.TOTL.RT.ZS,2024,
UGA,ウガンダ,NY.GDP.TOTL.RT.ZS,2000,12.0494143938765
UGA,ウガンダ,NY.GDP.TOTL.RT.ZS,2001,12.4643931713023
UGA,ウガンダ,NY.GDP.TOTL.RT.ZS,2002,14.2481201571521
UGA,ウガンダ,NY.GDP.TOTL.RT.ZS,2003,20.8852302359366
UGA,ウガンダ,NY.GDP.TOTL.RT.ZS,2004,15.1925629839147
UGA,ウガンダ,NY.GDP.TOTL.RT.ZS,2005,13.9239561199514
UGA,ウガンダ,NY.GDP.TOTL.RT.ZS,2006,13.2519669621419
UGA,ウガンダ,NY.GDP.TOTL.RT.ZS,2007,16.1640796388529
UGA,ウガンダ,NY.GDP.TOTL.RT.ZS,2008,16.4379945980784
UGA,ウガンダ,NY.GDP.TOTL.RT.ZS,2009,9.46245873827469
UGA,ウガンダ,NY.GDP.TOTL.RT.ZS,2010,8.10229439370414
UGA,ウガンダ,NY.GDP.TOTL.RT.ZS,2011,9.15620849237058
UGA,ウガンダ,NY.GDP.TOTL.RT.ZS,2012,10.6585708011681
UGA,ウガンダ,NY.GDP.TOTL.RT.ZS,2013,10.6586103842094
UGA,ウガンダ,NY.GDP.TOTL.RT.ZS,2014,10.3312319703494
UGA,ウガンダ,NY.GDP.TOTL.RT.ZS,2015,10.7947576138514
UGA,ウガンダ,NY.GDP.TOTL.RT.ZS,2016,12.7336513052995
UGA,ウガンダ,NY.GDP.TOTL.RT.ZS,2017,12.1305147407764
UGA,ウガンダ,NY.GDP.TOTL.RT.ZS,2018,8.38888217833344
UGA,ウガンダ,NY.GDP.TOTL.RT.ZS,2019,7.38833937837014
UGA,ウガンダ,NY.GDP.TOTL.RT.ZS,2020,7.56349041713714
UGA,ウガンダ,NY.GDP.TOTL.RT.ZS,2021,7.47552032336567
UGA,ウガンダ,NY.GDP.TOTL.RT.ZS,2022,
UGA,ウガンダ,NY.GDP.TOTL.RT.ZS,2023,
UGA,ウガンダ,NY.GDP.TOTL.RT.ZS,2024,
ZAF,南アフリカ共和国,NY.GDP.TOTL.RT.ZS,2000,3.71688450048923
ZAF,南アフリカ共和国,NY.GDP.TOTL.RT.ZS,2001,4.94658656928292
ZAF,南アフリカ共和国,NY.GDP.TOTL.RT.ZS,2002,4.67923392268105
ZAF,南アフリカ共和国,NY.GDP.TOTL.RT.ZS,2003,2.99086668200306
ZAF,南アフリカ共和国,NY.GDP.TOTL.RT.ZS,2004,4.77963979439938
ZAF,南アフリカ共和国,NY.GDP.TOTL.RT.ZS,2005,4.56849246597233
ZAF,南アフリカ共和国,NY.GDP.TOTL.RT.ZS,2006,5.2274047401405
ZAF,南アフリカ共和国,NY.GDP.TOTL.RT.ZS,2007,6.3657074741337
ZAF,南アフリカ共和国,NY.GDP.TOTL.RT.ZS,2008,11.9900580422374
ZAF,南アフリカ共和国,NY.GDP.TOTL.RT.ZS,2009,4.93797499670312
ZAF,南アフリカ共和国,NY.GDP.TOTL.RT.ZS,2010,6.84683101275869
ZAF,南アフリカ共和国,NY.GDP.TOTL.RT.ZS,2011,7.81466074244917
ZAF,南アフリカ共和国,NY.GDP.TOTL.RT.ZS,2012,6.40436399402211
ZAF,南アフリカ共和国,NY.GDP.TOTL.RT.ZS,2013,6.11153096342063
ZAF,南アフリカ共和国,NY.GDP.TOTL.RT.ZS,2014,4.66573419871465
ZAF,南アフリカ共和国,NY.GDP.TOTL.RT.ZS,2015,2.80794769347075
ZAF,南アフリカ共和国,NY.GDP.TOTL.RT.ZS,2016,3.56159906611897
ZAF,南アフリカ共和国,NY.GDP.TOTL.RT.ZS,2017,3.8355856656622
ZAF,南アフリカ共和国,NY.GDP.TOTL.RT.ZS,2018,3.86949148830953
ZAF,南アフリカ共和国,NY.GDP.TOTL.RT.ZS,2019,4.18782227881945
ZAF,南アフリカ共和国,NY.GDP.TOTL.RT.ZS,2020,4.01777511009808
ZAF,南アフリカ共和国,NY.GDP.TOTL.RT.ZS,2021,7.32857859192335
ZAF,南アフリカ共和国,NY.GDP.TOTL.RT.ZS,2022,
ZAF,南アフリカ共和国,NY.GDP.TOTL.RT.ZS,2023,
ZAF,南アフリカ共和国,NY.GDP.TOTL.RT.ZS,2024,
ZMB,ザンビア,NY.GDP.TOTL.RT.ZS,2000,9.12122495945449
ZMB,ザンビア,NY.GDP.TOTL.RT.ZS,2001,6.91796764834799
ZMB,ザンビア,NY.GDP.TOTL.RT.ZS,2002,8.58178422740853
ZMB,ザンビア,NY.GDP.TOTL.RT.ZS,2003,12.6388158009955
ZMB,ザンビア,NY.GDP.TOTL.RT.ZS,2004,13.7756377211636
ZMB,ザンビア,NY.GDP.TOTL.RT.ZS,2005,14.1027021273131
ZMB,ザンビア,NY.GDP.TOTL.RT.ZS,2006,19.2015029596777
ZMB,ザンビア,NY.GDP.TOTL.RT.ZS,2007,21.7874311599282
ZMB,ザンビア,NY.GDP.TOTL.RT.ZS,2008,16.052538455331
ZMB,ザンビア,NY.GDP.TOTL.RT.ZS,2009,16.7968643399172
ZMB,ザンビア,NY.GDP.TOTL.RT.ZS,2010,18.6647201093496
ZMB,ザンビア,NY.GDP.TOTL.RT.ZS,2011,17.4237334954232
ZMB,ザンビア,NY.GDP.TOTL.RT.ZS,2012,13.5753487511819
ZMB,ザンビア,NY.GDP.TOTL.RT.ZS,2013,12.023594729012
ZMB,ザンビア,NY.GDP.TOTL.RT.ZS,2014,10.842259058696
ZMB,ザンビア,NY.GDP.TOTL.RT.ZS,2015,11.1602533885932
ZMB,ザンビア,NY.GDP.TOTL.RT.ZS,2016,11.6772125402718
ZMB,ザンビア,NY.GDP.TOTL.RT.ZS,2017,13.2264399699464
ZMB,ザンビア,NY.GDP.TOTL.RT.ZS,2018,11.7483463033985
ZMB,ザンビア,NY.GDP.TOTL.RT.ZS,2019,7.91506539515975
ZMB,ザンビア,NY.GDP.TOTL.RT.ZS,2020,16.2222307618142
ZMB,ザンビア,NY.GDP.TOTL.RT.ZS,2021,35.2641479964325
ZMB,ザンビア,NY.GDP.TOTL.RT.ZS,2022,
ZMB,ザンビア,NY.GDP.TOTL.RT.ZS,2023,
ZMB,ザンビア,NY.GDP.TOTL.RT.ZS,2024,
ZWE,ジンバブエ,NY.GDP.TOTL.RT.ZS,2000,3.90170876645193
ZWE,ジンバブエ,NY.GDP.TOTL.RT.ZS,2001,4.02799179313518
ZWE,ジンバブエ,NY.GDP.TOTL.RT.ZS,2002,5.17219377081197
ZWE,ジンバブエ,NY.GDP.TOTL.RT.ZS,2003,6.98217572203532
ZWE,ジンバブエ,NY.GDP.TOTL.RT.ZS,2004,8.43730994677101
ZWE,ジンバブエ,NY.GDP.TOTL.RT.ZS,2005,8.5582074673681
ZWE,ジンバブエ,NY.GDP.TOTL.RT.ZS,2006,11.4813042316831
ZWE,ジンバブエ,NY.GDP.TOTL.RT.ZS,2007,15.559238462362
ZWE,ジンバブエ,NY.GDP.TOTL.RT.ZS,2008,18.3230470823159
ZWE,ジンバブエ,NY.GDP.TOTL.RT.ZS,2009,6.76260898727295
ZWE,ジンバブエ,NY.GDP.TOTL.RT.ZS,2010,7.09847064162797
ZWE,ジンバブエ,NY.GDP.TOTL.RT.ZS,2011,7.87938898914128
ZWE,ジンバブエ,NY.GDP.TOTL.RT.ZS,2012,5.96773281078297
ZWE,ジンバブエ,NY.GDP.TOTL.RT.ZS,2013,5.04283935109174
ZWE,ジンバブエ,NY.GDP.TOTL.RT.ZS,2014,5.62126327970579
ZWE,ジンバブエ,NY.GDP.TOTL.RT.ZS,2015,4.60618520596556
ZWE,ジンバブエ,NY.GDP.TOTL.RT.ZS,2016,4.49541367401877
ZWE,ジンバブエ,NY.GDP.TOTL.RT.ZS,2017,6.09544838030308
ZWE,ジンバブエ,NY.GDP.TOTL.RT.ZS,2018,3.37818944674235
ZWE,ジンバブエ,NY.GDP.TOTL.RT.ZS,2019,4.71576545765887
ZWE,ジンバブエ,NY.GDP.TOTL.RT.ZS,2020,4.74666809490234
ZWE,ジンバブエ,NY.GDP.TOTL.RT.ZS,2021,6.39845161112644
ZWE,ジンバブエ,NY.GDP.TOTL.RT.ZS,2022,
ZWE,ジンバブエ,NY.GDP.TOTL.RT.ZS,2023,
ZWE,ジンバブエ,NY.GDP.TOTL.RT.ZS,2024,
AGO,アンゴラ,NY.GDP.PCAP.CD,2000,563.733795571487
AGO,アンゴラ,NY.GDP.PCAP.CD,2001,533.586202412447
AGO,アンゴラ,NY.GDP.PCAP.CD,2002,999.065855956628
AGO,アンゴラ,NY.GDP.PCAP.CD,2003,1133.66331960414
AGO,アンゴラ,NY.GDP.PCAP.CD,2004,1451.47117870872
AGO,アンゴラ,NY.GDP.PCAP.CD,2005,2145.88621098663
AGO,アンゴラ,NY.GDP.PCAP.CD,2006,2930.44428606516
AGO,アンゴラ,NY.GDP.PCAP.CD,2007,3515.05678985496
AGO,アンゴラ,NY.GDP.PCAP.CD,2008,4578.15526451058
AGO,アンゴラ,NY.GDP.PCAP.CD,2009,3645.14846565169
AGO,アンゴラ,NY.GDP.PCAP.CD,2010,4101.63715564669
AGO,アンゴラ,NY.GDP.PCAP.CD,2011,5184.15269151846
AGO,アンゴラ,NY.GDP.PCAP.CD,2012,5702.45306277434
AGO,アンゴラ,NY.GDP.PCAP.CD,2013,5688.57916213471
AGO,アンゴラ,NY.GDP.PCAP.CD,2014,5649.68762467535
AGO,アンゴラ,NY.GDP.PCAP.CD,2015,3641.72893920253
AGO,アンゴラ,NY.GDP.PCAP.CD,2016,2082.37343594705
AGO,アンゴラ,NY.GDP.PCAP.CD,2017,2832.14997950512
AGO,アンゴラ,NY.GDP.PCAP.CD,2018,2891.83032378747
AGO,アンゴラ,NY.GDP.PCAP.CD,2019,2507.86807213642
AGO,アンゴラ,NY.GDP.PCAP.CD,2020,1749.1794838482
AGO,アンゴラ,NY.GDP.PCAP.CD,2021,2266.96834861584
AGO,アンゴラ,NY.GDP.PCAP.CD,2022,3598.53669077341
AGO,アンゴラ,NY.GDP.PCAP.CD,2023,2885.51349130806
AGO,アンゴラ,NY.GDP.PCAP.CD,2024,2720.81900669715
BDI,ブルンジ,NY.GDP.PCAP.CD,2000,134.537861752389
BDI,ブルンジ,NY.GDP.PCAP.CD,2001,132.159554541932
BDI,ブルンジ,NY.GDP.PCAP.CD,2002,120.952308575468
BDI,ブルンジ,NY.GDP.PCAP.CD,2003,111.406682804391
BDI,ブルンジ,NY.GDP.PCAP.CD,2004,125.194965184533
BDI,ブルンジ,NY.GDP.PCAP.CD,2005,147.234619294225
BDI,ブルンジ,NY.GDP.PCAP.CD,2006,161.892755640319
BDI,ブルンジ,NY.GDP.PCAP.CD,2007,166.162744906755
BDI,ブルンジ,NY.GDP.PCAP.CD,2008,189.502074570768
BDI,ブルンジ,NY.GDP.PCAP.CD,2009,198.431524048225
BDI,ブルンジ,NY.GDP.PCAP.CD,2010,216.727705301976
BDI,ブルンジ,NY.GDP.PCAP.CD,2011,230.069761381132
BDI,ブルンジ,NY.GDP.PCAP.CD,2012,231.098787811507
BDI,ブルンジ,NY.GDP.PCAP.CD,2013,234.844770150871
BDI,ブルンジ,NY.GDP.PCAP.CD,2014,250.544492155185
BDI,ブルンジ,NY.GDP.PCAP.CD,2015,254.402585226788
BDI,ブルンジ,NY.GDP.PCAP.CD,2016,232.937812100153
BDI,ブルンジ,NY.GDP.PCAP.CD,2017,246.060725714184
BDI,ブルンジ,NY.GDP.PCAP.CD,2018,245.661678332009
BDI,ブルンジ,NY.GDP.PCAP.CD,2019,234.31061590725
BDI,ブルンジ,NY.GDP.PCAP.CD,2020,252.702452750006
BDI,ブルンジ,NY.GDP.PCAP.CD,2021,264.172844085398
BDI,ブルンジ,NY.GDP.PCAP.CD,2022,301.832255755105
BDI,ブルンジ,NY.GDP.PCAP.CD,2023,249.795164039029
BDI,ブルンジ,NY.GDP.PCAP.CD,2024,216.231928531758
BEN,ベナン,NY.GDP.PCAP.CD,2000,487.424141384242
BEN,ベナン,NY.GDP.PCAP.CD,2001,492.401499509072
BEN,ベナン,NY.GDP.PCAP.CD,2002,546.463829658159
BEN,ベナン,NY.GDP.PCAP.CD,2003,676.002878084282
BEN,ベナン,NY.GDP.PCAP.CD,2004,758.695803786371
BEN,ベナン,NY.GDP.PCAP.CD,2005,779.437777753268
BEN,ベナン,NY.GDP.PCAP.CD,2006,809.147072506221
BEN,ベナン,NY.GDP.PCAP.CD,2007,912.338247188342
BEN,ベナン,NY.GDP.PCAP.CD,2008,1060.60254502099
BEN,ベナン,NY.GDP.PCAP.CD,2009,1024.10277858112
BEN,ベナン,NY.GDP.PCAP.CD,2010,973.244254931526
BEN,ベナン,NY.GDP.PCAP.CD,2011,1059.41358852588
BEN,ベナン,NY.GDP.PCAP.CD,2012,1071.5258366283
BEN,ベナン,NY.GDP.PCAP.CD,2013,1168.92699279226
BEN,ベナン,NY.GDP.PCAP.CD,2014,1204.39918670094
BEN,ベナン,NY.GDP.PCAP.CD,2015,1002.41886879614
BEN,ベナン,NY.GDP.PCAP.CD,2016,1010.5338961993
BEN,ベナン,NY.GDP.PCAP.CD,2017,1054.97408066814
BEN,ベナン,NY.GDP.PCAP.CD,2018,1151.7409703472
BEN,ベナン,NY.GDP.PCAP.CD,2019,1130.82135339795
BEN,ベナン,NY.GDP.PCAP.CD,2020,1200.19426557789
BEN,ベナン,NY.GDP.PCAP.CD,2021,1318.65158075198
BEN,ベナン,NY.GDP.PCAP.CD,2022,1266.42711031904
BEN,ベナン,NY.GDP.PCAP.CD,2023,1394.17784721831
BEN,ベナン,NY.GDP.PCAP.CD,2024,1485.38018885134
BFA,ブルキナファソ,NY.GDP.PCAP.CD,2000,248.908526921752
BFA,ブルキナファソ,NY.GDP.PCAP.CD,2001,259.485223380436
BFA,ブルキナファソ,NY.GDP.PCAP.CD,2002,285.654087637533
BFA,ブルキナファソ,NY.GDP.PCAP.CD,2003,362.373899996953
BFA,ブルキナファソ,NY.GDP.PCAP.CD,2004,403.81283743461
BFA,ブルキナファソ,NY.GDP.PCAP.CD,2005,441.164148016012
BFA,ブルキナファソ,NY.GDP.PCAP.CD,2006,455.513655620024
BFA,ブルキナファソ,NY.GDP.PCAP.CD,2007,514.684451177238
BFA,ブルキナファソ,NY.GDP.PCAP.CD,2008,619.437533256264
BFA,ブルキナファソ,NY.GDP.PCAP.CD,2009,601.569520671859
BFA,ブルキナファソ,NY.GDP.PCAP.CD,2010,624.957252224766
BFA,ブルキナファソ,NY.GDP.PCAP.CD,2011,725.024767725475
BFA,ブルキナファソ,NY.GDP.PCAP.CD,2012,731.470138867833
BFA,ブルキナファソ,NY.GDP.PCAP.CD,2013,759.762065168498
BFA,ブルキナファソ,NY.GDP.PCAP.CD,2014,764.861675106225
BFA,ブルキナファソ,NY.GDP.PCAP.CD,2015,630.124750752312
BFA,ブルキナファソ,NY.GDP.PCAP.CD,2016,663.742364842886
BFA,ブルキナファソ,NY.GDP.PCAP.CD,2017,709.091535894695
BFA,ブルキナファソ,NY.GDP.PCAP.CD,2018,777.465618514048
BFA,ブルキナファソ,NY.GDP.PCAP.CD,2019,764.853077774946
BFA,ブルキナファソ,NY.GDP.PCAP.CD,2020,825.237038782475
BFA,ブルキナファソ,NY.GDP.PCAP.CD,2021,895.535288442991
BFA,ブルキナファソ,NY.GDP.PCAP.CD,2022,827.330843486661
BFA,ブルキナファソ,NY.GDP.PCAP.CD,2023,873.198061670247
BFA,ブルキナファソ,NY.GDP.PCAP.CD,2024,982.493100418428
BWA,ボツワナ,NY.GDP.PCAP.CD,2000,3450.81180622992
BWA,ボツワナ,NY.GDP.PCAP.CD,2001,3206.07123689853
BWA,ボツワナ,NY.GDP.PCAP.CD,2002,3117.25087183011
BWA,ボツワナ,NY.GDP.PCAP.CD,2003,4230.12326909926
BWA,ボツワナ,NY.GDP.PCAP.CD,2004,4956.69287735214
BWA,ボツワナ,NY.GDP.PCAP.CD,2005,5391.07076619634
BWA,ボツワナ,NY.GDP.PCAP.CD,2006,5291.58379144849
BWA,ボツワナ,NY.GDP.PCAP.CD,2007,5529.12574632532
BWA,ボツワナ,NY.GDP.PCAP.CD,2008,5503.07395314313
BWA,ボツワナ,NY.GDP.PCAP.CD,2009,5082.93388332404
BWA,ボツワナ,NY.GDP.PCAP.CD,2010,6215.73216077919
BWA,ボツワナ,NY.GDP.PCAP.CD,2011,7287.38295334919
BWA,ボツワナ,NY.GDP.PCAP.CD,2012,6595.53845015424
BWA,ボツワナ,NY.GDP.PCAP.CD,2013,6666.91219583487
BWA,ボツワナ,NY.GDP.PCAP.CD,2014,7122.36423421503
BWA,ボツワナ,NY.GDP.PCAP.CD,2015,6141.20394726616
BWA,ボツワナ,NY.GDP.PCAP.CD,2016,6749.05994339013
BWA,ボツワナ,NY.GDP.PCAP.CD,2017,7104.96401088027
BWA,ボツワナ,NY.GDP.PCAP.CD,2018,7407.95940141786
BWA,ボツワナ,NY.GDP.PCAP.CD,2019,7172.08956480028
BWA,ボツワナ,NY.GDP.PCAP.CD,2020,6323.2974967659
BWA,ボツワナ,NY.GDP.PCAP.CD,2021,7807.88794570471
BWA,ボツワナ,NY.GDP.PCAP.CD,2022,8328.7090572666
BWA,ボツワナ,NY.GDP.PCAP.CD,2023,7827.30027960734
BWA,ボツワナ,NY.GDP.PCAP.CD,2024,7649.81663744354
CAF,中央アフリカ共和国,NY.GDP.PCAP.CD,2000,239.154133726071
CAF,中央アフリカ共和国,NY.GDP.PCAP.CD,2001,237.951702544735
CAF,中央アフリカ共和国,NY.GDP.PCAP.CD,2002,248.639290978403
CAF,中央アフリカ共和国,NY.GDP.PCAP.CD,2003,278.403992150941
CAF,中央アフリカ共和国,NY.GDP.PCAP.CD,2004,303.461321152782
CAF,中央アフリカ共和国,NY.GDP.PCAP.CD,2005,311.950023138687
CAF,中央アフリカ共和国,NY.GDP.PCAP.CD,2006,333.942519903031
CAF,中央アフリカ共和国,NY.GDP.PCAP.CD,2007,380.887048839475
CAF,中央アフリカ共和国,NY.GDP.PCAP.CD,2008,437.24827472489
CAF,中央アフリカ共和国,NY.GDP.PCAP.CD,2009,456.471673898404
CAF,中央アフリカ共和国,NY.GDP.PCAP.CD,2010,476.873786950728
CAF,中央アフリカ共和国,NY.GDP.PCAP.CD,2011,534.057281471636
CAF,中央アフリカ共和国,NY.GDP.PCAP.CD,2012,544.395849142785
CAF,中央アフリカ共和国,NY.GDP.PCAP.CD,2013,364.36696260838
CAF,中央アフリカ共和国,NY.GDP.PCAP.CD,2014,409.8504859647
CAF,中央アフリカ共和国,NY.GDP.PCAP.CD,2015,366.322853938121
CAF,中央アフリカ共和国,NY.GDP.PCAP.CD,2016,387.176203444318
CAF,中央アフリカ共和国,NY.GDP.PCAP.CD,2017,432.324025684263
CAF,中央アフリカ共和国,NY.GDP.PCAP.CD,2018,455.243962859534
CAF,中央アフリカ共和国,NY.GDP.PCAP.CD,2019,449.228467602439
CAF,中央アフリカ共和国,NY.GDP.PCAP.CD,2020,462.879071294011
CAF,中央アフリカ共和国,NY.GDP.PCAP.CD,2021,492.263142830507
CAF,中央アフリカ共和国,NY.GDP.PCAP.CD,2022,467.359825026238
CAF,中央アフリカ共和国,NY.GDP.PCAP.CD,2023,495.978897288721
CAF,中央アフリカ共和国,NY.GDP.PCAP.CD,2024,516.160999996036
CIV,コートジボワール,NY.GDP.PCAP.CD,2000,936.636541348798
CIV,コートジボワール,NY.GDP.PCAP.CD,2001,924.727294962066
CIV,コートジボワール,NY.GDP.PCAP.CD,2002,967.815864415991
CIV,コートジボワール,NY.GDP.PCAP.CD,2003,1111.17135087887
CIV,コートジボワール,NY.GDP.PCAP.CD,2004,1199.82524528546
CIV,コートジボワール,NY.GDP.PCAP.CD,2005,1197.74616979415
CIV,コートジボワール,NY.GDP.PCAP.CD,2006,1230.43056838584
CIV,コートジボワール,NY.GDP.PCAP.CD,2007,1367.53817722326
CIV,コートジボワール,NY.GDP.PCAP.CD,2008,1583.97066701372
CIV,コートジボワール,NY.GDP.PCAP.CD,2009,1540.45393569596
CIV,コートジボワール,NY.GDP.PCAP.CD,2010,1553.54887048143
CIV,コートジボワール,NY.GDP.PCAP.CD,2011,1596.62826565998
CIV,コートジボワール,NY.GDP.PCAP.CD,2012,1546.9460184731
CIV,コートジボワール,NY.GDP.PCAP.CD,2013,1786.15862031324
CIV,コートジボワール,NY.GDP.PCAP.CD,2014,1991.36539423404
CIV,コートジボワール,NY.GDP.PCAP.CD,2015,1814.71855088017
CIV,コートジボワール,NY.GDP.PCAP.CD,2016,1862.59597081287
CIV,コートジボワール,NY.GDP.PCAP.CD,2017,1964.29930338343
CIV,コートジボワール,NY.GDP.PCAP.CD,2018,2130.86619381144
CIV,コートジボワール,NY.GDP.PCAP.CD,2019,2141.76836170115
CIV,コートジボワール,NY.GDP.PCAP.CD,2020,2179.72934832935
CIV,コートジボワール,NY.GDP.PCAP.CD,2021,2455.98127641148
CIV,コートジボワール,NY.GDP.PCAP.CD,2022,2333.37128301259
CIV,コートジボワール,NY.GDP.PCAP.CD,2023,2591.9659048119
CIV,コートジボワール,NY.GDP.PCAP.CD,2024,2727.8935220697
CMR,カメルーン,NY.GDP.PCAP.CD,2000,708.565731625965
CMR,カメルーン,NY.GDP.PCAP.CD,2001,715.470296470585
CMR,カメルーン,NY.GDP.PCAP.CD,2002,789.623811072554
CMR,カメルーン,NY.GDP.PCAP.CD,2003,988.241276791846
CMR,カメルーン,NY.GDP.PCAP.CD,2004,1133.39326749673
CMR,カメルーン,NY.GDP.PCAP.CD,2005,1142.62466252106
CMR,カメルーン,NY.GDP.PCAP.CD,2006,1191.45458990968
CMR,カメルーン,NY.GDP.PCAP.CD,2007,1325.67248215933
CMR,カメルーン,NY.GDP.PCAP.CD,2008,1492.14269801453
CMR,カメルーン,NY.GDP.PCAP.CD,2009,1461.38999232337
CMR,カメルーン,NY.GDP.PCAP.CD,2010,1398.58702025047
CMR,カメルーン,NY.GDP.PCAP.CD,2011,1513.96056994878
CMR,カメルーン,NY.GDP.PCAP.CD,2012,1449.09874362279
CMR,カメルーン,NY.GDP.PCAP.CD,2013,1575.92882118897
CMR,カメルーン,NY.GDP.PCAP.CD,2014,1649.4433905949
CMR,カメルーン,NY.GDP.PCAP.CD,2015,1415.00009710569
CMR,カメルーン,NY.GDP.PCAP.CD,2016,1441.7201725688
CMR,カメルーン,NY.GDP.PCAP.CD,2017,1496.08951771242
CMR,カメルーン,NY.GDP.PCAP.CD,2018,1610.69641591017
CMR,カメルーン,NY.GDP.PCAP.CD,2019,1555.22660476477
CMR,カメルーン,NY.GDP.PCAP.CD,2020,1555.60370660749
CMR,カメルーン,NY.GDP.PCAP.CD,2021,1672.32657340872
CMR,カメルーン,NY.GDP.PCAP.CD,2022,1604.87726954895
CMR,カメルーン,NY.GDP.PCAP.CD,2023,1720.47510154506
CMR,カメルーン,NY.GDP.PCAP.CD,2024,1830.00833684727
COD,コンゴ民主共和国,NY.GDP.PCAP.CD,2000,377.925421481395
COD,コンゴ民主共和国,NY.GDP.PCAP.CD,2001,142.678142604412
COD,コンゴ民主共和国,NY.GDP.PCAP.CD,2002,162.38052907429
COD,コンゴ民主共和国,NY.GDP.PCAP.CD,2003,161.491553524396
COD,コンゴ民主共和国,NY.GDP.PCAP.CD,2004,180.664764963633
COD,コンゴ民主共和国,NY.GDP.PCAP.CD,2005,214.539740473519
COD,コンゴ民主共和国,NY.GDP.PCAP.CD,2006,255.445229568751
COD,コンゴ民主共和国,NY.GDP.PCAP.CD,2007,294.101615124419
COD,コンゴ民主共和国,NY.GDP.PCAP.CD,2008,352.900363371995
COD,コンゴ民主共和国,NY.GDP.PCAP.CD,2009,280.178991035792
COD,コンゴ民主共和国,NY.GDP.PCAP.CD,2010,352.400398754692
COD,コンゴ民主共和国,NY.GDP.PCAP.CD,2011,372.514273875789
COD,コンゴ民主共和国,NY.GDP.PCAP.CD,2012,409.931424783784
COD,コンゴ民主共和国,NY.GDP.PCAP.CD,2013,460.370334930107
COD,コンゴ民主共和国,NY.GDP.PCAP.CD,2014,489.175952097319
COD,コンゴ民主共和国,NY.GDP.PCAP.CD,2015,495.826633014883
COD,コンゴ民主共和国,NY.GDP.PCAP.CD,2016,459.765036590388
COD,コンゴ民主共和国,NY.GDP.PCAP.CD,2017,431.052559128788
COD,コンゴ民主共和国,NY.GDP.PCAP.CD,2018,518.169626875371
COD,コンゴ民主共和国,NY.GDP.PCAP.CD,2019,504.00419142286
COD,コンゴ民主共和国,NY.GDP.PCAP.CD,2020,486.425572682256
COD,コンゴ民主共和国,NY.GDP.PCAP.CD,2021,595.743074403567
COD,コンゴ民主共和国,NY.GDP.PCAP.CD,2022,687.738587554685
COD,コンゴ民主共和国,NY.GDP.PCAP.CD,2023,660.21205238997
COD,コンゴ民主共和国,NY.GDP.PCAP.CD,2024,692.887665085098
COG,コンゴ共和国,NY.GDP.PCAP.CD,2000,1024.30159109181
COG,コンゴ共和国,NY.GDP.PCAP.CD,2001,854.598314408095
COG,コンゴ共和国,NY.GDP.PCAP.CD,2002,905.538135544704
COG,コンゴ共和国,NY.GDP.PCAP.CD,2003,1016.82363412143
COG,コンゴ共和国,NY.GDP.PCAP.CD,2004,1306.10136324599
COG,コンゴ共和国,NY.GDP.PCAP.CD,2005,1799.05158366154
COG,コンゴ共和国,NY.GDP.PCAP.CD,2006,2103.5821381211
COG,コンゴ共和国,NY.GDP.PCAP.CD,2007,2206.47101863414
COG,コンゴ共和国,NY.GDP.PCAP.CD,2008,2832.09177777643
COG,コンゴ共和国,NY.GDP.PCAP.CD,2009,2271.15219175966
COG,コンゴ共和国,NY.GDP.PCAP.CD,2010,2946.55798067708
COG,コンゴ共和国,NY.GDP.PCAP.CD,2011,3396.16505817952
COG,コンゴ共和国,NY.GDP.PCAP.CD,2012,3732.32737320389
COG,コンゴ共和国,NY.GDP.PCAP.CD,2013,3697.41705884249
COG,コンゴ共和国,NY.GDP.PCAP.CD,2014,3601.2365808718
COG,コンゴ共和国,NY.GDP.PCAP.CD,2015,2439.35189403696
COG,コンゴ共和国,NY.GDP.PCAP.CD,2016,2093.10728558843
COG,コンゴ共和国,NY.GDP.PCAP.CD,2017,2211.63309874797
COG,コンゴ共和国,NY.GDP.PCAP.CD,2018,2694.43413191427
COG,コンゴ共和国,NY.GDP.PCAP.CD,2019,2488.42466724916
COG,コンゴ共和国,NY.GDP.PCAP.CD,2020,1993.586671931
COG,コンゴ共和国,NY.GDP.PCAP.CD,2021,2516.16255145432
COG,コンゴ共和国,NY.GDP.PCAP.CD,2022,2620.83804267402
COG,コンゴ共和国,NY.GDP.PCAP.CD,2023,2477.97845544866
COG,コンゴ共和国,NY.GDP.PCAP.CD,2024,2482.2489948456
COM,コモロ,NY.GDP.PCAP.CD,2000,633.309032776244
COM,コモロ,NY.GDP.PCAP.CD,2001,681.163857619963
COM,コモロ,NY.GDP.PCAP.CD,2002,764.61349832543
COM,コモロ,NY.GDP.PCAP.CD,2003,959.691049354812
COM,コモロ,NY.GDP.PCAP.CD,2004,1072.28409029621
COM,コモロ,NY.GDP.PCAP.CD,2005,1105.78796866788
COM,コモロ,NY.GDP.PCAP.CD,2006,1138.47908404345
COM,コモロ,NY.GDP.PCAP.CD,2007,1289.73631056361
COM,コモロ,NY.GDP.PCAP.CD,2008,1455.02768595586
COM,コモロ,NY.GDP.PCAP.CD,2009,1410.30516959473
COM,コモロ,NY.GDP.PCAP.CD,2010,1386.57533553376
COM,コモロ,NY.GDP.PCAP.CD,2011,1531.43969320468
COM,コモロ,NY.GDP.PCAP.CD,2012,1490.31425650871
COM,コモロ,NY.GDP.PCAP.CD,2013,1603.32653496691
COM,コモロ,NY.GDP.PCAP.CD,2014,1615.71709756316
COM,コモロ,NY.GDP.PCAP.CD,2015,1329.37048235986
COM,コモロ,NY.GDP.PCAP.CD,2016,1365.48403444497
COM,コモロ,NY.GDP.PCAP.CD,2017,1423.9248027797
COM,コモロ,NY.GDP.PCAP.CD,2018,1540.71132257526
COM,コモロ,NY.GDP.PCAP.CD,2019,1519.26386436068
COM,コモロ,NY.GDP.PCAP.CD,2020,1527.16991011916
COM,コモロ,NY.GDP.PCAP.CD,2021,1587.72988658008
COM,コモロ,NY.GDP.PCAP.CD,2022,1533.87755393614
COM,コモロ,NY.GDP.PCAP.CD,2023,1723.89474946474
COM,コモロ,NY.GDP.PCAP.CD,2024,1857.87060684189
CPV,カーボベルデ,NY.GDP.PCAP.CD,2000,1189.51479345891
CPV,カーボベルデ,NY.GDP.PCAP.CD,2001,1223.33055331575
CPV,カーボベルデ,NY.GDP.PCAP.CD,2002,1328.57874270666
CPV,カーボベルデ,NY.GDP.PCAP.CD,2003,1717.97565369655
CPV,カーボベルデ,NY.GDP.PCAP.CD,2004,1929.49081468781
CPV,カーボベルデ,NY.GDP.PCAP.CD,2005,2004.14680417563
CPV,カーボベルデ,NY.GDP.PCAP.CD,2006,2256.99666191075
CPV,カーボベルデ,NY.GDP.PCAP.CD,2007,3324.57675212498
CPV,カーボベルデ,NY.GDP.PCAP.CD,2008,3908.64885822576
CPV,カーボベルデ,NY.GDP.PCAP.CD,2009,3659.72046361628
CPV,カーボベルデ,NY.GDP.PCAP.CD,2010,3579.46006137809
CPV,カーボベルデ,NY.GDP.PCAP.CD,2011,4002.01386888785
CPV,カーボベルデ,NY.GDP.PCAP.CD,2012,3736.81517011087
CPV,カーボベルデ,NY.GDP.PCAP.CD,2013,3960.97596791345
CPV,カーボベルデ,NY.GDP.PCAP.CD,2014,3985.60706548134
CPV,カーボベルデ,NY.GDP.PCAP.CD,2015,3415.06266730931
CPV,カーボベルデ,NY.GDP.PCAP.CD,2016,3608.96605234906
CPV,カーボベルデ,NY.GDP.PCAP.CD,2017,3893.09571382506
CPV,カーボベルデ,NY.GDP.PCAP.CD,2018,4294.96510035729
CPV,カーボベルデ,NY.GDP.PCAP.CD,2019,4380.78117331128
CPV,カーボベルデ,NY.GDP.PCAP.CD,2020,3539.22661248299
CPV,カーボベルデ,NY.GDP.PCAP.CD,2021,3971.44409203423
CPV,カーボベルデ,NY.GDP.PCAP.CD,2022,4323.31362032709
CPV,カーボベルデ,NY.GDP.PCAP.CD,2023,4794.90119772843
CPV,カーボベルデ,NY.GDP.PCAP.CD,2024,5170.20531932535
DJI,ジブチ,NY.GDP.PCAP.CD,2000,737.612183644052
DJI,ジブチ,NY.GDP.PCAP.CD,2001,742.133791107063
DJI,ジブチ,NY.GDP.PCAP.CD,2002,743.013270420348
DJI,ジブチ,NY.GDP.PCAP.CD,2003,764.634465224597
DJI,ジブチ,NY.GDP.PCAP.CD,2004,806.261652944964
DJI,ジブチ,NY.GDP.PCAP.CD,2005,844.4483573908
DJI,ジブチ,NY.GDP.PCAP.CD,2006,898.464628136774
DJI,ジブチ,NY.GDP.PCAP.CD,2007,969.573220191902
DJI,ジブチ,NY.GDP.PCAP.CD,2008,1119.15233346969
DJI,ジブチ,NY.GDP.PCAP.CD,2009,1150.9375857489
DJI,ジブチ,NY.GDP.PCAP.CD,2010,1213.23352553429
DJI,ジブチ,NY.GDP.PCAP.CD,2011,1306.34552844977
DJI,ジブチ,NY.GDP.PCAP.CD,2012,1400.19357858954
DJI,ジブチ,NY.GDP.PCAP.CD,2013,2075.94498424748
DJI,ジブチ,NY.GDP.PCAP.CD,2014,2214.62084142432
DJI,ジブチ,NY.GDP.PCAP.CD,2015,2376.12554719873
DJI,ジブチ,NY.GDP.PCAP.CD,2016,2510.4300076241
DJI,ジブチ,NY.GDP.PCAP.CD,2017,2618.95521147369
DJI,ジブチ,NY.GDP.PCAP.CD,2018,2718.08338799203
DJI,ジブチ,NY.GDP.PCAP.CD,2019,2837.16902340932
DJI,ジブチ,NY.GDP.PCAP.CD,2020,2844.88810647853
DJI,ジブチ,NY.GDP.PCAP.CD,2021,3025.91126413549
DJI,ジブチ,NY.GDP.PCAP.CD,2022,3133.25779772463
DJI,ジブチ,NY.GDP.PCAP.CD,2023,3381.29779710722
DJI,ジブチ,NY.GDP.PCAP.CD,2024,3552.72335079222
DZA,アルジェリア,NY.GDP.PCAP.CD,2000,1772.92869122761
DZA,アルジェリア,NY.GDP.PCAP.CD,2001,1896.30020878013
DZA,アルジェリア,NY.GDP.PCAP.CD,2002,1937.46411413019
DZA,アルジェリア,NY.GDP.PCAP.CD,2003,2283.77299346126
DZA,アルジェリア,NY.GDP.PCAP.CD,2004,2816.99384960555
DZA,アルジェリア,NY.GDP.PCAP.CD,2005,3233.13339634212
DZA,アルジェリア,NY.GDP.PCAP.CD,2006,3660.66104745322
DZA,アルジェリア,NY.GDP.PCAP.CD,2007,4167.45169937531
DZA,アルジェリア,NY.GDP.PCAP.CD,2008,5180.91881514686
DZA,アルジェリア,NY.GDP.PCAP.CD,2009,4235.42990456612
DZA,アルジェリア,NY.GDP.PCAP.CD,2010,4912.78585503672
DZA,アルジェリア,NY.GDP.PCAP.CD,2011,5916.31364364343
DZA,アルジェリア,NY.GDP.PCAP.CD,2012,6033.64884689543
DZA,アルジェリア,NY.GDP.PCAP.CD,2013,5979.60138960585
DZA,アルジェリア,NY.GDP.PCAP.CD,2014,6094.69392314956
DZA,アルジェリア,NY.GDP.PCAP.CD,2015,4685.05902729002
DZA,アルジェリア,NY.GDP.PCAP.CD,2016,4424.98529027556
DZA,アルジェリア,NY.GDP.PCAP.CD,2017,4554.66753957828
DZA,アルジェリア,NY.GDP.PCAP.CD,2018,4577.21029180491
DZA,アルジェリア,NY.GDP.PCAP.CD,2019,4468.45341883656
DZA,アルジェリア,NY.GDP.PCAP.CD,2020,3743.5419522929
DZA,アルジェリア,NY.GDP.PCAP.CD,2021,4160.55926736925
DZA,アルジェリア,NY.GDP.PCAP.CD,2022,4960.30334332888
DZA,アルジェリア,NY.GDP.PCAP.CD,2023,5370.477235078
DZA,アルジェリア,NY.GDP.PCAP.CD,2024,5752.99076651465
EGY,エジプト,NY.GDP.PCAP.CD,2000,1366.09274372613
EGY,エジプト,NY.GDP.PCAP.CD,2001,1295.1374184163
EGY,エジプト,NY.GDP.PCAP.CD,2002,1116.82884626213
EGY,エジプト,NY.GDP.PCAP.CD,2003,1031.27556291284
EGY,エジプト,NY.GDP.PCAP.CD,2004,991.255689145253
EGY,エジプト,NY.GDP.PCAP.CD,2005,1105.53920713903
EGY,エジプト,NY.GDP.PCAP.CD,2006,1298.97900203124
EGY,エジプト,NY.GDP.PCAP.CD,2007,1547.74170735909
EGY,エジプト,NY.GDP.PCAP.CD,2008,1896.21594269779
EGY,エジプト,NY.GDP.PCAP.CD,2009,2161.63964573927
EGY,エジプト,NY.GDP.PCAP.CD,2010,2455.08194645282
EGY,エジプト,NY.GDP.PCAP.CD,2011,2590.64384891965
EGY,エジプト,NY.GDP.PCAP.CD,2012,2996.0677072015
EGY,エジプト,NY.GDP.PCAP.CD,2013,3025.52563552448
EGY,エジプト,NY.GDP.PCAP.CD,2014,3133.39102265541
EGY,エジプト,NY.GDP.PCAP.CD,2015,3306.98159414141
EGY,エジプト,NY.GDP.PCAP.CD,2016,3270.6287768197
EGY,エジプト,NY.GDP.PCAP.CD,2017,2395.10333299491
EGY,エジプト,NY.GDP.PCAP.CD,2018,2484.70315630508
EGY,エジプト,NY.GDP.PCAP.CD,2019,2962.98892023003
EGY,エジプト,NY.GDP.PCAP.CD,2020,3511.11381026379
EGY,エジプト,NY.GDP.PCAP.CD,2021,3827.35415374308
EGY,エジプト,NY.GDP.PCAP.CD,2022,4233.30783744856
EGY,エジプト,NY.GDP.PCAP.CD,2023,3456.78965212363
EGY,エジプト,NY.GDP.PCAP.CD,2024,3338.47371043679
ERI,エリトリア,NY.GDP.PCAP.CD,2000,314.357396753501
ERI,エリトリア,NY.GDP.PCAP.CD,2001,325.409161513593
ERI,エリトリア,NY.GDP.PCAP.CD,2002,304.775756465092
ERI,エリトリア,NY.GDP.PCAP.CD,2003,348.950327077742
ERI,エリトリア,NY.GDP.PCAP.CD,2004,426.840947887032
ERI,エリトリア,NY.GDP.PCAP.CD,2005,412.753079199423
ERI,エリトリア,NY.GDP.PCAP.CD,2006,447.997404727201
ERI,エリトリア,NY.GDP.PCAP.CD,2007,480.44762365456
ERI,エリトリア,NY.GDP.PCAP.CD,2008,490.066956003333
ERI,エリトリア,NY.GDP.PCAP.CD,2009,642.92572288007
ERI,エリトリア,NY.GDP.PCAP.CD,2010,539.699512069686
ERI,エリトリア,NY.GDP.PCAP.CD,2011,688.68165957684
ERI,エリトリア,NY.GDP.PCAP.CD,2012,
ERI,エリトリア,NY.GDP.PCAP.CD,2013,
ERI,エリトリア,NY.GDP.PCAP.CD,2014,
ERI,エリトリア,NY.GDP.PCAP.CD,2015,
ERI,エリトリア,NY.GDP.PCAP.CD,2016,
ERI,エリトリア,NY.GDP.PCAP.CD,2017,
ERI,エリトリア,NY.GDP.PCAP.CD,2018,
ERI,エリトリア,NY.GDP.PCAP.CD,2019,
ERI,エリトリア,NY.GDP.PCAP.CD,2020,
ERI,エリトリア,NY.GDP.PCAP.CD,2021,
ERI,エリトリア,NY.GDP.PCAP.CD,2022,
ERI,エリトリア,NY.GDP.PCAP.CD,2023,
ERI,エリトリア,NY.GDP.PCAP.CD,2024,
ESH,西サハラ,NY.GDP.PCAP.CD,2000,
ESH,西サハラ,NY.GDP.PCAP.CD,2001,
ESH,西サハラ,NY.GDP.PCAP.CD,2002,
ESH,西サハラ,NY.GDP.PCAP.CD,2003,
ESH,西サハラ,NY.GDP.PCAP.CD,2004,
ESH,西サハラ,NY.GDP.PCAP.CD,2005,
ESH,西サハラ,NY.GDP.PCAP.CD,2006,
ESH,西サハラ,NY.GDP.PCAP.CD,2007,
ESH,西サハラ,NY.GDP.PCAP.CD,2008,
ESH,西サハラ,NY.GDP.PCAP.CD,2009,
ESH,西サハラ,NY.GDP.PCAP.CD,2010,
ESH,西サハラ,NY.GDP.PCAP.CD,2011,
ESH,西サハラ,NY.GDP.PCAP.CD,2012,
ESH,西サハラ,NY.GDP.PCAP.CD,2013,
ESH,西サハラ,NY.GDP.PCAP.CD,2014,
ESH,西サハラ,NY.GDP.PCAP.CD,2015,
ESH,西サハラ,NY.GDP.PCAP.CD,2016,
ESH,西サハラ,NY.GDP.PCAP.CD,2017,
ESH,西サハラ,NY.GDP.PCAP.CD,2018,
ESH,西サハラ,NY.GDP.PCAP.CD,2019,
ESH,西サハラ,NY.GDP.PCAP.CD,2020,
ESH,西サハラ,NY.GDP.PCAP.CD,2021,
ESH,西サハラ,NY.GDP.PCAP.CD,2022,
ESH,西サハラ,NY.GDP.PCAP.CD,2023,
ESH,西サハラ,NY.GDP.PCAP.CD,2024,
ETH,エチオピア,NY.GDP.PCAP.CD,2000,122.269202606069
ETH,エチオピア,NY.GDP.PCAP.CD,2001,118.457204255261
ETH,エチオピア,NY.GDP.PCAP.CD,2002,109.593813612988
ETH,エチオピア,NY.GDP.PCAP.CD,2003,116.800491132777
ETH,エチオピア,NY.GDP.PCAP.CD,2004,133.169812538096
ETH,エチオピア,NY.GDP.PCAP.CD,2005,158.243458082465
ETH,エチオピア,NY.GDP.PCAP.CD,2006,189.345737521418
ETH,エチオピア,NY.GDP.PCAP.CD,2007,237.146255996319
ETH,エチオピア,NY.GDP.PCAP.CD,2008,316.410475118075
ETH,エチオピア,NY.GDP.PCAP.CD,2009,368.574712267445
ETH,エチオピア,NY.GDP.PCAP.CD,2010,330.619412798644
ETH,エチオピア,NY.GDP.PCAP.CD,2011,343.024942351887
ETH,エチオピア,NY.GDP.PCAP.CD,2012,452.101031885754
ETH,エチオピア,NY.GDP.PCAP.CD,2013,484.039833104062
ETH,エチオピア,NY.GDP.PCAP.CD,2014,549.986577082588
ETH,エチオピア,NY.GDP.PCAP.CD,2015,597.912113218663
ETH,エチオピア,NY.GDP.PCAP.CD,2016,641.651523286233
ETH,エチオピア,NY.GDP.PCAP.CD,2017,696.348429076216
ETH,エチオピア,NY.GDP.PCAP.CD,2018,739.702022272086
ETH,エチオピア,NY.GDP.PCAP.CD,2019,793.473247218996
ETH,エチオピア,NY.GDP.PCAP.CD,2020,829.790982552951
ETH,エチオピア,NY.GDP.PCAP.CD,2021,893.009835441784
ETH,エチオピア,NY.GDP.PCAP.CD,2022,982.103161502198
ETH,エチオピア,NY.GDP.PCAP.CD,2023,1055.81091593061
ETH,エチオピア,NY.GDP.PCAP.CD,2024,1133.88279681256
GAB,ガボン,NY.GDP.PCAP.CD,2000,3982.906200928
GAB,ガボン,NY.GDP.PCAP.CD,2001,3835.75718279727
GAB,ガボン,NY.GDP.PCAP.CD,2002,3966.48001864663
GAB,ガボン,NY.GDP.PCAP.CD,2003,4710.74862768151
GAB,ガボン,NY.GDP.PCAP.CD,2004,5465.79193590708
GAB,ガボン,NY.GDP.PCAP.CD,2005,6547.87613955186
GAB,ガボン,NY.GDP.PCAP.CD,2006,6847.00985685394
GAB,ガボン,NY.GDP.PCAP.CD,2007,8003.54289696049
GAB,ガボン,NY.GDP.PCAP.CD,2008,9688.64519690633
GAB,ガボン,NY.GDP.PCAP.CD,2009,7290.57526093114
GAB,ガボン,NY.GDP.PCAP.CD,2010,8356.74662013345
GAB,ガボン,NY.GDP.PCAP.CD,2011,10219.1139339454
GAB,ガボン,NY.GDP.PCAP.CD,2012,9296.96587941088
GAB,ガボン,NY.GDP.PCAP.CD,2013,9197.70106323947
GAB,ガボン,NY.GDP.PCAP.CD,2014,9201.36276648105
GAB,ガボン,NY.GDP.PCAP.CD,2015,7047.12654634355
GAB,ガボン,NY.GDP.PCAP.CD,2016,6677.07003901644
GAB,ガボン,NY.GDP.PCAP.CD,2017,6921.73373135624
GAB,ガボン,NY.GDP.PCAP.CD,2018,7624.2775233771
GAB,ガボン,NY.GDP.PCAP.CD,2019,7441.1786472281
GAB,ガボン,NY.GDP.PCAP.CD,2020,6605.80346077904
GAB,ガボン,NY.GDP.PCAP.CD,2021,8181.40914134398
GAB,ガボン,NY.GDP.PCAP.CD,2022,8409.20741452279
GAB,ガボン,NY.GDP.PCAP.CD,2023,7802.82433276138
GAB,ガボン,NY.GDP.PCAP.CD,2024,8230.04311451151
GHA,ガーナ,NY.GDP.PCAP.CD,2000,253.746936203344
GHA,ガーナ,NY.GDP.PCAP.CD,2001,263.542156494853
GHA,ガーナ,NY.GDP.PCAP.CD,2002,297.46164468774
GHA,ガーナ,NY.GDP.PCAP.CD,2003,358.39927142073
GHA,ガーナ,NY.GDP.PCAP.CD,2004,406.132105329565
GHA,ガーナ,NY.GDP.PCAP.CD,2005,478.611909191028
GHA,ガーナ,NY.GDP.PCAP.CD,2006,906.441027564887
GHA,ガーナ,NY.GDP.PCAP.CD,2007,1050.12461524926
GHA,ガーナ,NY.GDP.PCAP.CD,2008,1182.65761256016
GHA,ガーナ,NY.GDP.PCAP.CD,2009,1047.70430093586
GHA,ガーナ,NY.GDP.PCAP.CD,2010,1263.89251760539
GHA,ガーナ,NY.GDP.PCAP.CD,2011,1507.43573198753
GHA,ガーナ,NY.GDP.PCAP.CD,2012,1543.77524235764
GHA,ガーナ,NY.GDP.PCAP.CD,2013,2294.79584693743
GHA,ガーナ,NY.GDP.PCAP.CD,2014,1949.90832923846
GHA,ガーナ,NY.GDP.PCAP.CD,2015,1722.77282833606
GHA,ガーナ,NY.GDP.PCAP.CD,2016,1912.47991339951
GHA,ガーナ,NY.GDP.PCAP.CD,2017,2012.28662641265
GHA,ガーナ,NY.GDP.PCAP.CD,2018,2195.32166016377
GHA,ガーナ,NY.GDP.PCAP.CD,2019,2186.65822682613
GHA,ガーナ,NY.GDP.PCAP.CD,2020,2195.45481659987
GHA,ガーナ,NY.GDP.PCAP.CD,2021,2445.18662529344
GHA,ガーナ,NY.GDP.PCAP.CD,2022,2229.89122654479
GHA,ガーナ,NY.GDP.PCAP.CD,2023,2383.90410476221
GHA,ガーナ,NY.GDP.PCAP.CD,2024,2419.2518672482
GIN,ギニア,NY.GDP.PCAP.CD,2000,518.157066924026
GIN,ギニア,NY.GDP.PCAP.CD,2001,483.085120214741
GIN,ギニア,NY.GDP.PCAP.CD,2002,495.916073559269
GIN,ギニア,NY.GDP.PCAP.CD,2003,566.48540588068
GIN,ギニア,NY.GDP.PCAP.CD,2004,584.897740538081
GIN,ギニア,NY.GDP.PCAP.CD,2005,463.17768685098
GIN,ギニア,NY.GDP.PCAP.CD,2006,446.980554135013
GIN,ギニア,NY.GDP.PCAP.CD,2007,650.148575304743
GIN,ギニア,NY.GDP.PCAP.CD,2008,703.532825784369
GIN,ギニア,NY.GDP.PCAP.CD,2009,662.185914665575
GIN,ギニア,NY.GDP.PCAP.CD,2010,659.235326211315
GIN,ギニア,NY.GDP.PCAP.CD,2011,636.694958747648
GIN,ギニア,NY.GDP.PCAP.CD,2012,699.353377212197
GIN,ギニア,NY.GDP.PCAP.CD,2013,748.455020824734
GIN,ギニア,NY.GDP.PCAP.CD,2014,765.146999389279
GIN,ギニア,NY.GDP.PCAP.CD,2015,747.356966759448
GIN,ギニア,NY.GDP.PCAP.CD,2016,711.996509782316
GIN,ギニア,NY.GDP.PCAP.CD,2017,833.598621691121
GIN,ギニア,NY.GDP.PCAP.CD,2018,933.273615633705
GIN,ギニア,NY.GDP.PCAP.CD,2019,1031.34146480732
GIN,ギニア,NY.GDP.PCAP.CD,2020,1053.66097696415
GIN,ギニア,NY.GDP.PCAP.CD,2021,1244.96550477914
GIN,ギニア,NY.GDP.PCAP.CD,2022,1416.59612011764
GIN,ギニア,NY.GDP.PCAP.CD,2023,1555.49375806861
GIN,ギニア,NY.GDP.PCAP.CD,2024,1694.95375862185
GMB,ガンビア,NY.GDP.PCAP.CD,2000,538.054072348854
GMB,ガンビア,NY.GDP.PCAP.CD,2001,459.803068381399
GMB,ガンビア,NY.GDP.PCAP.CD,2002,376.531026962584
GMB,ガンビア,NY.GDP.PCAP.CD,2003,308.719123437587
GMB,ガンビア,NY.GDP.PCAP.CD,2004,593.285346326581
GMB,ガンビア,NY.GDP.PCAP.CD,2005,616.483657865348
GMB,ガンビア,NY.GDP.PCAP.CD,2006,614.544307904464
GMB,ガンビア,NY.GDP.PCAP.CD,2007,724.726407242432
GMB,ガンビア,NY.GDP.PCAP.CD,2008,859.127671411226
GMB,ガンビア,NY.GDP.PCAP.CD,2009,774.888030908091
GMB,ガンビア,NY.GDP.PCAP.CD,2010,801.033372714536
GMB,ガンビア,NY.GDP.PCAP.CD,2011,710.608411468152
GMB,ガンビア,NY.GDP.PCAP.CD,2012,692.579361628102
GMB,ガンビア,NY.GDP.PCAP.CD,2013,653.862713272743
GMB,ガンビア,NY.GDP.PCAP.CD,2014,568.00453558864
GMB,ガンビア,NY.GDP.PCAP.CD,2015,619.536364296461
GMB,ガンビア,NY.GDP.PCAP.CD,2016,650.056501323611
GMB,ガンビア,NY.GDP.PCAP.CD,2017,642.522641296331
GMB,ガンビア,NY.GDP.PCAP.CD,2018,696.219806960615
GMB,ガンビア,NY.GDP.PCAP.CD,2019,738.186751987483
GMB,ガンビア,NY.GDP.PCAP.CD,2020,720.335143352133
GMB,ガンビア,NY.GDP.PCAP.CD,2021,781.890925169531
GMB,ガンビア,NY.GDP.PCAP.CD,2022,836.244875868476
GMB,ガンビア,NY.GDP.PCAP.CD,2023,883.024111978927
GMB,ガンビア,NY.GDP.PCAP.CD,2024,871.340287547821
GNB,ギニアビサウ,NY.GDP.PCAP.CD,2000,316.945495037639
GNB,ギニアビサウ,NY.GDP.PCAP.CD,2001,327.138431972397
GNB,ギニアビサウ,NY.GDP.PCAP.CD,2002,362.034574570354
GNB,ギニアビサウ,NY.GDP.PCAP.CD,2003,419.78486611807
GNB,ギニアビサウ,NY.GDP.PCAP.CD,2004,431.376557669634
GNB,ギニアビサウ,NY.GDP.PCAP.CD,2005,463.073962650452
GNB,ギニアビサウ,NY.GDP.PCAP.CD,2006,448.513075469701
GNB,ギニアビサウ,NY.GDP.PCAP.CD,2007,519.069789794741
GNB,ギニアビサウ,NY.GDP.PCAP.CD,2008,640.210331101753
GNB,ギニアビサウ,NY.GDP.PCAP.CD,2009,583.190020139094
GNB,ギニアビサウ,NY.GDP.PCAP.CD,2010,600.194298540768
GNB,ギニアビサウ,NY.GDP.PCAP.CD,2011,719.539573498937
GNB,ギニアビサウ,NY.GDP.PCAP.CD,2012,635.461653303881
GNB,ギニアビサウ,NY.GDP.PCAP.CD,2013,654.304534409417
GNB,ギニアビサウ,NY.GDP.PCAP.CD,2014,652.022501029449
GNB,ギニアビサウ,NY.GDP.PCAP.CD,2015,645.066837207039
GNB,ギニアビサウ,NY.GDP.PCAP.CD,2016,679.665386626818
GNB,ギニアビサウ,NY.GDP.PCAP.CD,2017,783.123186602022
GNB,ギニアビサウ,NY.GDP.PCAP.CD,2018,808.531613218504
GNB,ギニアビサウ,NY.GDP.PCAP.CD,2019,811.210004050041
GNB,ギニアビサウ,NY.GDP.PCAP.CD,2020,846.918134967613
GNB,ギニアビサウ,NY.GDP.PCAP.CD,2021,926.54619187706
GNB,ギニアビサウ,NY.GDP.PCAP.CD,2022,881.602654162231
GNB,ギニアビサウ,NY.GDP.PCAP.CD,2023,964.431832665395
GNB,ギニアビサウ,NY.GDP.PCAP.CD,2024,998.376093392688
GNQ,赤道ギニア,NY.GDP.PCAP.CD,2000,1487.3165506701
GNQ,赤道ギニア,NY.GDP.PCAP.CD,2001,1948.61145907844
GNQ,赤道ギニア,NY.GDP.PCAP.CD,2002,2264.21065580365
GNQ,赤道ギニア,NY.GDP.PCAP.CD,2003,2930.60183743733
GNQ,赤道ギニア,NY.GDP.PCAP.CD,2004,4901.30127408119
GNQ,赤道ギニア,NY.GDP.PCAP.CD,2005,8673.9026086535
GNQ,赤道ギニア,NY.GDP.PCAP.CD,2006,10184.8841248541
GNQ,赤道ギニア,NY.GDP.PCAP.CD,2007,12616.9532942011
GNQ,赤道ギニア,NY.GDP.PCAP.CD,2008,18210.5552970599
GNQ,赤道ギニア,NY.GDP.PCAP.CD,2009,13232.5019378102
GNQ,赤道ギニア,NY.GDP.PCAP.CD,2010,13720.1658723222
GNQ,赤道ギニア,NY.GDP.PCAP.CD,2011,17198.2136668275
GNQ,赤道ギニア,NY.GDP.PCAP.CD,2012,17308.5723924575
GNQ,赤道ギニア,NY.GDP.PCAP.CD,2013,16304.0713196418
GNQ,赤道ギニア,NY.GDP.PCAP.CD,2014,15548.6624656619
GNQ,赤道ギニア,NY.GDP.PCAP.CD,2015,9068.91003238645
GNQ,赤道ギニア,NY.GDP.PCAP.CD,2016,7453.19797948517
GNQ,赤道ギニア,NY.GDP.PCAP.CD,2017,7809.10465655488
GNQ,赤道ギニア,NY.GDP.PCAP.CD,2018,8102.47084834031
GNQ,赤道ギニア,NY.GDP.PCAP.CD,2019,6804.14923073888
GNQ,赤道ギニア,NY.GDP.PCAP.CD,2020,5764.05502912947
GNQ,赤道ギニア,NY.GDP.PCAP.CD,2021,6945.63069794539
GNQ,赤道ギニア,NY.GDP.PCAP.CD,2022,7589.29964909381
GNQ,赤道ギニア,NY.GDP.PCAP.CD,2023,6788.35271638376
GNQ,赤道ギニア,NY.GDP.PCAP.CD,2024,7003.58055684906
KEN,ケニア,NY.GDP.PCAP.CD,2000,414.626365130846
KEN,ケニア,NY.GDP.PCAP.CD,2001,410.700452474814
KEN,ケニア,NY.GDP.PCAP.CD,2002,402.936385605382
KEN,ケニア,NY.GDP.PCAP.CD,2003,442.898457253405
KEN,ケニア,NY.GDP.PCAP.CD,2004,463.662781300121
KEN,ケニア,NY.GDP.PCAP.CD,2005,523.456312433863
KEN,ケニア,NY.GDP.PCAP.CD,2006,699.80237063381
KEN,ケニア,NY.GDP.PCAP.CD,2007,840.201439476765
KEN,ケニア,NY.GDP.PCAP.CD,2008,915.54435473604
KEN,ケニア,NY.GDP.PCAP.CD,2009,1047.9678324485
KEN,ケニア,NY.GDP.PCAP.CD,2010,1091.51873101194
KEN,ケニア,NY.GDP.PCAP.CD,2011,1096.14499807675
KEN,ケニア,NY.GDP.PCAP.CD,2012,1285.00536171512
KEN,ケニア,NY.GDP.PCAP.CD,2013,1370.87885214659
KEN,ケニア,NY.GDP.PCAP.CD,2014,1482.81566253497
KEN,ケニア,NY.GDP.PCAP.CD,2015,1489.11959777284
KEN,ケニア,NY.GDP.PCAP.CD,2016,1554.12610314423
KEN,ケニア,NY.GDP.PCAP.CD,2017,1667.48447230835
KEN,ケニア,NY.GDP.PCAP.CD,2018,1836.45275528993
KEN,ケニア,NY.GDP.PCAP.CD,2019,1960.40808854893
KEN,ケニア,NY.GDP.PCAP.CD,2020,1927.66459027849
KEN,ケニア,NY.GDP.PCAP.CD,2021,2061.35622089594
KEN,ケニア,NY.GDP.PCAP.CD,2022,2109.56288513137
KEN,ケニア,NY.GDP.PCAP.CD,2023,1942.58802756191
KEN,ケニア,NY.GDP.PCAP.CD,2024,2133.46193404026
LBR,リベリア,NY.GDP.PCAP.CD,2000,298.485340578945
LBR,リベリア,NY.GDP.PCAP.CD,2001,300.463828598983
LBR,リベリア,NY.GDP.PCAP.CD,2002,299.536445539621
LBR,リベリア,NY.GDP.PCAP.CD,2003,239.779556677091
LBR,リベリア,NY.GDP.PCAP.CD,2004,284.140223992458
LBR,リベリア,NY.GDP.PCAP.CD,2005,287.487333441381
LBR,リベリア,NY.GDP.PCAP.CD,2006,320.55808618515
LBR,リベリア,NY.GDP.PCAP.CD,2007,374.211308104278
LBR,リベリア,NY.GDP.PCAP.CD,2008,451.713856283285
LBR,リベリア,NY.GDP.PCAP.CD,2009,448.386367025545
LBR,リベリア,NY.GDP.PCAP.CD,2010,492.252808033724
LBR,リベリア,NY.GDP.PCAP.CD,2011,568.087865520004
LBR,リベリア,NY.GDP.PCAP.CD,2012,638.368751462083
LBR,リベリア,NY.GDP.PCAP.CD,2013,710.744570927863
LBR,リベリア,NY.GDP.PCAP.CD,2014,706.714490064507
LBR,リベリア,NY.GDP.PCAP.CD,2015,692.590082351257
LBR,リベリア,NY.GDP.PCAP.CD,2016,714.613063145659
LBR,リベリア,NY.GDP.PCAP.CD,2017,699.269095727404
LBR,リベリア,NY.GDP.PCAP.CD,2018,692.203127129794
LBR,リベリア,NY.GDP.PCAP.CD,2019,658.164180770507
LBR,リベリア,NY.GDP.PCAP.CD,2020,616.787867006715
LBR,リベリア,NY.GDP.PCAP.CD,2021,667.96610514319
LBR,リベリア,NY.GDP.PCAP.CD,2022,744.617175237387
LBR,リベリア,NY.GDP.PCAP.CD,2023,799.194470229642
LBR,リベリア,NY.GDP.PCAP.CD,2024,851.497723870206
LBY,リビア,NY.GDP.PCAP.CD,2000,7214.10040377084
LBY,リビア,NY.GDP.PCAP.CD,2001,6312.80030498965
LBY,リビア,NY.GDP.PCAP.CD,2002,3718.29434696755
LBY,リビア,NY.GDP.PCAP.CD,2003,4674.09943200321
LBY,リビア,NY.GDP.PCAP.CD,2004,5773.76333234281
LBY,リビア,NY.GDP.PCAP.CD,2005,8079.24957329001
LBY,リビア,NY.GDP.PCAP.CD,2006,10048.8480434289
LBY,リビア,NY.GDP.PCAP.CD,2007,11144.9448413435
LBY,リビア,NY.GDP.PCAP.CD,2008,13906.1407818125
LBY,リビア,NY.GDP.PCAP.CD,2009,9551.05403869755
LBY,リビア,NY.GDP.PCAP.CD,2010,11600.9068649472
LBY,リビア,NY.GDP.PCAP.CD,2011,7593.8391525702
LBY,リビア,NY.GDP.PCAP.CD,2012,14975.8902795144
LBY,リビア,NY.GDP.PCAP.CD,2013,11951.7134126011
LBY,リビア,NY.GDP.PCAP.CD,2014,8926.42074591474
LBY,リビア,NY.GDP.PCAP.CD,2015,7458.48917756374
LBY,リビア,NY.GDP.PCAP.CD,2016,7525.80299308216
LBY,リビア,NY.GDP.PCAP.CD,2017,9965.83236729757
LBY,リビア,NY.GDP.PCAP.CD,2018,11196.5854810844
LBY,リビア,NY.GDP.PCAP.CD,2019,9963.19489084483
LBY,リビア,NY.GDP.PCAP.CD,2020,6650.33810585348
LBY,リビア,NY.GDP.PCAP.CD,2021,4935.82787349801
LBY,リビア,NY.GDP.PCAP.CD,2022,5986.63694851258
LBY,リビア,NY.GDP.PCAP.CD,2023,6026.51518708812
LBY,リビア,NY.GDP.PCAP.CD,2024,6569.16408678648
LSO,レソト,NY.GDP.PCAP.CD,2000,442.779545779081
LSO,レソト,NY.GDP.PCAP.CD,2001,412.677473676821
LSO,レソト,NY.GDP.PCAP.CD,2002,388.92334985135
LSO,レソト,NY.GDP.PCAP.CD,2003,583.270036200288
LSO,レソト,NY.GDP.PCAP.CD,2004,766.685820928242
LSO,レソト,NY.GDP.PCAP.CD,2005,861.381496414995
LSO,レソト,NY.GDP.PCAP.CD,2006,925.467485502842
LSO,レソト,NY.GDP.PCAP.CD,2007,861.188420899563
LSO,レソト,NY.GDP.PCAP.CD,2008,898.482517882593
LSO,レソト,NY.GDP.PCAP.CD,2009,878.847950537772
LSO,レソト,NY.GDP.PCAP.CD,2010,1119.47557793042
LSO,レソト,NY.GDP.PCAP.CD,2011,1280.73390931581
LSO,レソト,NY.GDP.PCAP.CD,2012,1217.93071228944
LSO,レソト,NY.GDP.PCAP.CD,2013,1151.03735837227
LSO,レソト,NY.GDP.PCAP.CD,2014,1173.5377928819
LSO,レソト,NY.GDP.PCAP.CD,2015,1121.19851342518
LSO,レソト,NY.GDP.PCAP.CD,2016,992.491840678465
LSO,レソト,NY.GDP.PCAP.CD,2017,1069.36673247542
LSO,レソト,NY.GDP.PCAP.CD,2018,1170.65569702819
LSO,レソト,NY.GDP.PCAP.CD,2019,1082.05706777516
LSO,レソト,NY.GDP.PCAP.CD,2020,918.582574704447
LSO,レソト,NY.GDP.PCAP.CD,2021,1066.58645143823
LSO,レソト,NY.GDP.PCAP.CD,2022,1030.12582947757
LSO,レソト,NY.GDP.PCAP.CD,2023,921.435141557056
LSO,レソト,NY.GDP.PCAP.CD,2024,1023.04227681523
MAR,モロッコ,NY.GDP.PCAP.CD,2000,1499.107421875
MAR,モロッコ,NY.GDP.PCAP.CD,2001,1506.24523925781
MAR,モロッコ,NY.GDP.PCAP.CD,2002,1596.02062988281
MAR,モロッコ,NY.GDP.PCAP.CD,2003,1941.87255859375
MAR,モロッコ,NY.GDP.PCAP.CD,2004,2183.55541992188
MAR,モロッコ,NY.GDP.PCAP.CD,2005,2242.98828125
MAR,モロッコ,NY.GDP.PCAP.CD,2006,2438.12646484375
MAR,モロッコ,NY.GDP.PCAP.CD,2007,2755.5859375
MAR,モロッコ,NY.GDP.PCAP.CD,2008,3183.20043945313
MAR,モロッコ,NY.GDP.PCAP.CD,2009,3119.58862304688
MAR,モロッコ,NY.GDP.PCAP.CD,2010,3067.9853515625
MAR,モロッコ,NY.GDP.PCAP.CD,2011,3301.98876953125
MAR,モロッコ,NY.GDP.PCAP.CD,2012,3164.17724609375
MAR,モロッコ,NY.GDP.PCAP.CD,2013,3379.7431640625
MAR,モロッコ,NY.GDP.PCAP.CD,2014,3435.40698242188
MAR,モロッコ,NY.GDP.PCAP.CD,2015,3146.24780273438
MAR,モロッコ,NY.GDP.PCAP.CD,2016,3140.85546875
MAR,モロッコ,NY.GDP.PCAP.CD,2017,3296.52661132813
MAR,モロッコ,NY.GDP.PCAP.CD,2018,3501.69799804688
MAR,モロッコ,NY.GDP.PCAP.CD,2019,3508.09765625
MAR,モロッコ,NY.GDP.PCAP.CD,2020,3268.0302734375
MAR,モロッコ,NY.GDP.PCAP.CD,2021,3785.93627929688
MAR,モロッコ,NY.GDP.PCAP.CD,2022,3463.1376953125
MAR,モロッコ,NY.GDP.PCAP.CD,2023,3813.72607421875
MAR,モロッコ,NY.GDP.PCAP.CD,2024,4153.1943359375
MDG,マダガスカル,NY.GDP.PCAP.CD,2000,280.282905559649
MDG,マダガスカル,NY.GDP.PCAP.CD,2001,319.283278235657
MDG,マダガスカル,NY.GDP.PCAP.CD,2002,304.941777398445
MDG,マダガスカル,NY.GDP.PCAP.CD,2003,352.620095849925
MDG,マダガスカル,NY.GDP.PCAP.CD,2004,272.20074858856
MDG,マダガスカル,NY.GDP.PCAP.CD,2005,305.812074924388
MDG,マダガスカル,NY.GDP.PCAP.CD,2006,324.146874882604
MDG,マダガスカル,NY.GDP.PCAP.CD,2007,419.548001431865
MDG,マダガスカル,NY.GDP.PCAP.CD,2008,512.579800058444
MDG,マダガスカル,NY.GDP.PCAP.CD,2009,446.315238370592
MDG,マダガスカル,NY.GDP.PCAP.CD,2010,450.009391645726
MDG,マダガスカル,NY.GDP.PCAP.CD,2011,506.163691559309
MDG,マダガスカル,NY.GDP.PCAP.CD,2012,493.511162904211
MDG,マダガスカル,NY.GDP.PCAP.CD,2013,515.301589361832
MDG,マダガスカル,NY.GDP.PCAP.CD,2014,505.684922503435
MDG,マダガスカル,NY.GDP.PCAP.CD,2015,445.320069480568
MDG,マダガスカル,NY.GDP.PCAP.CD,2016,453.970714522463
MDG,マダガスカル,NY.GDP.PCAP.CD,2017,491.866848718929
MDG,マダガスカル,NY.GDP.PCAP.CD,2018,500.45718552916
MDG,マダガスカル,NY.GDP.PCAP.CD,2019,499.818837622534
MDG,マダガスカル,NY.GDP.PCAP.CD,2020,450.771615205157
MDG,マダガスカル,NY.GDP.PCAP.CD,2021,483.469463351195
MDG,マダガスカル,NY.GDP.PCAP.CD,2022,504.059106969168
MDG,マダガスカル,NY.GDP.PCAP.CD,2023,514.064076551927
MDG,マダガスカル,NY.GDP.PCAP.CD,2024,550.37875528856
MLI,マリ,NY.GDP.PCAP.CD,2000,304.652870189314
MLI,マリ,NY.GDP.PCAP.CD,2001,346.224554248587
MLI,マリ,NY.GDP.PCAP.CD,2002,378.191678628068
MLI,マリ,NY.GDP.PCAP.CD,2003,441.910358475171
MLI,マリ,NY.GDP.PCAP.CD,2004,495.006294675661
MLI,マリ,NY.GDP.PCAP.CD,2005,548.730382848879
MLI,マリ,NY.GDP.PCAP.CD,2006,586.985415512593
MLI,マリ,NY.GDP.PCAP.CD,2007,670.853394978069
MLI,マリ,NY.GDP.PCAP.CD,2008,767.194838946144
MLI,マリ,NY.GDP.PCAP.CD,2009,787.48256428259
MLI,マリ,NY.GDP.PCAP.CD,2010,797.151541141189
MLI,マリ,NY.GDP.PCAP.CD,2011,938.292902579598
MLI,マリ,NY.GDP.PCAP.CD,2012,872.506092463946
MLI,マリ,NY.GDP.PCAP.CD,2013,901.920957649814
MLI,マリ,NY.GDP.PCAP.CD,2014,947.915033293219
MLI,マリ,NY.GDP.PCAP.CD,2015,838.11986940103
MLI,マリ,NY.GDP.PCAP.CD,2016,872.468587171653
MLI,マリ,NY.GDP.PCAP.CD,2017,924.057531692284
MLI,マリ,NY.GDP.PCAP.CD,2018,996.379292136901
MLI,マリ,NY.GDP.PCAP.CD,2019,971.949318638092
MLI,マリ,NY.GDP.PCAP.CD,2020,953.242943290974
MLI,マリ,NY.GDP.PCAP.CD,2021,1027.27345365357
MLI,マリ,NY.GDP.PCAP.CD,2022,976.914116406452
MLI,マリ,NY.GDP.PCAP.CD,2023,1042.44223444837
MLI,マリ,NY.GDP.PCAP.CD,2024,1093.2523323649
MOZ,モザンビーク,NY.GDP.PCAP.CD,2000,327.12623979157
MOZ,モザンビーク,NY.GDP.PCAP.CD,2001,304.792138621913
MOZ,モザンビーク,NY.GDP.PCAP.CD,2002,313.886661721198
MOZ,モザンビーク,NY.GDP.PCAP.CD,2003,339.488737800648
MOZ,モザンビーク,NY.GDP.PCAP.CD,2004,400.056973161545
MOZ,モザンビーク,NY.GDP.PCAP.CD,2005,436.773856167384
MOZ,モザンビーク,NY.GDP.PCAP.CD,2006,457.487647833183
MOZ,モザンビーク,NY.GDP.PCAP.CD,2007,507.874923914304
MOZ,モザンビーク,NY.GDP.PCAP.CD,2008,592.159111184122
MOZ,モザンビーク,NY.GDP.PCAP.CD,2009,547.697144193651
MOZ,モザンビーク,NY.GDP.PCAP.CD,2010,496.185839392659
MOZ,モザンビーク,NY.GDP.PCAP.CD,2011,618.17649286789
MOZ,モザンビーク,NY.GDP.PCAP.CD,2012,685.685748199513
MOZ,モザンビーク,NY.GDP.PCAP.CD,2013,686.505672517351
MOZ,モザンビーク,NY.GDP.PCAP.CD,2014,697.142680444123
MOZ,モザンビーク,NY.GDP.PCAP.CD,2015,610.563774706589
MOZ,モザンビーク,NY.GDP.PCAP.CD,2016,441.489734819071
MOZ,モザンビーク,NY.GDP.PCAP.CD,2017,470.93856305196
MOZ,モザンビーク,NY.GDP.PCAP.CD,2018,517.507260258101
MOZ,モザンビーク,NY.GDP.PCAP.CD,2019,519.09255091362
MOZ,モザンビーク,NY.GDP.PCAP.CD,2020,462.433876479921
MOZ,モザンビーク,NY.GDP.PCAP.CD,2021,509.907829475551
MOZ,モザンビーク,NY.GDP.PCAP.CD,2022,578.273222184503
MOZ,モザンビーク,NY.GDP.PCAP.CD,2023,622.191133245967
MOZ,モザンビーク,NY.GDP.PCAP.CD,2024,656.976148587772
MRT,モーリタニア,NY.GDP.PCAP.CD,2000,680.911061879778
MRT,モーリタニア,NY.GDP.PCAP.CD,2001,651.817840199777
MRT,モーリタニア,NY.GDP.PCAP.CD,2002,648.879643934862
MRT,モーリタニア,NY.GDP.PCAP.CD,2003,732.017820812675
MRT,モーリタニア,NY.GDP.PCAP.CD,2004,823.554457141893
MRT,モーリタニア,NY.GDP.PCAP.CD,2005,998.96583416747
MRT,モーリタニア,NY.GDP.PCAP.CD,2006,1300.60367988659
MRT,モーリタニア,NY.GDP.PCAP.CD,2007,1405.15016203368
MRT,モーリタニア,NY.GDP.PCAP.CD,2008,1635.5630623124
MRT,モーリタニア,NY.GDP.PCAP.CD,2009,1435.43010811893
MRT,モーリタニア,NY.GDP.PCAP.CD,2010,1659.96369705455
MRT,モーリタニア,NY.GDP.PCAP.CD,2011,1931.19975525465
MRT,モーリタニア,NY.GDP.PCAP.CD,2012,1859.11733247641
MRT,モーリタニア,NY.GDP.PCAP.CD,2013,1936.26950446101
MRT,モーリタニア,NY.GDP.PCAP.CD,2014,1718.97089374709
MRT,モーリタニア,NY.GDP.PCAP.CD,2015,1558.84205473416
MRT,モーリタニア,NY.GDP.PCAP.CD,2016,1568.00551190332
MRT,モーリタニア,NY.GDP.PCAP.CD,2017,1617.93401542267
MRT,モーリタニア,NY.GDP.PCAP.CD,2018,1723.37809442655
MRT,モーリタニア,NY.GDP.PCAP.CD,2019,1767.072710621
MRT,モーリタニア,NY.GDP.PCAP.CD,2020,1795.72437324423
MRT,モーリタニア,NY.GDP.PCAP.CD,2021,1947.47413907209
MRT,モーリタニア,NY.GDP.PCAP.CD,2022,1961.28166648869
MRT,モーリタニア,NY.GDP.PCAP.CD,2023,2127.9576285973
MRT,モーリタニア,NY.GDP.PCAP.CD,2024,2104.54260769051
MUS,モーリシャス,NY.GDP.PCAP.CD,2000,3981.98343249582
MUS,モーリシャス,NY.GDP.PCAP.CD,2001,3908.55694927435
MUS,モーリシャス,NY.GDP.PCAP.CD,2002,4073.06053055903
MUS,モーリシャス,NY.GDP.PCAP.CD,2003,4858.26575549747
MUS,モーリシャス,NY.GDP.PCAP.CD,2004,5460.60800184198
MUS,モーリシャス,NY.GDP.PCAP.CD,2005,5354.02974260642
MUS,モーリシャス,NY.GDP.PCAP.CD,2006,5784.22491883026
MUS,モーリシャス,NY.GDP.PCAP.CD,2007,6677.37538616398
MUS,モーリシャス,NY.GDP.PCAP.CD,2008,8140.47983639243
MUS,モーリシャス,NY.GDP.PCAP.CD,2009,7426.86137313939
MUS,モーリシャス,NY.GDP.PCAP.CD,2010,8113.17670740212
MUS,モーリシャス,NY.GDP.PCAP.CD,2011,9324.24232310496
MUS,モーリシャス,NY.GDP.PCAP.CD,2012,9421.52514098225
MUS,モーリシャス,NY.GDP.PCAP.CD,2013,9877.13865958834
MUS,モーリシャス,NY.GDP.PCAP.CD,2014,10490.3315563853
MUS,モーリシャス,NY.GDP.PCAP.CD,2015,9630.5437837507
MUS,モーリシャス,NY.GDP.PCAP.CD,2016,10095.1225574156
MUS,モーリシャス,NY.GDP.PCAP.CD,2017,10986.7034093005
MUS,モーリシャス,NY.GDP.PCAP.CD,2018,11818.7480619272
MUS,モーリシャス,NY.GDP.PCAP.CD,2019,11568.2533399824
MUS,モーリシャス,NY.GDP.PCAP.CD,2020,9135.84773751062
MUS,モーリシャス,NY.GDP.PCAP.CD,2021,9177.71195973013
MUS,モーリシャス,NY.GDP.PCAP.CD,2022,10246.5017455553
MUS,モーリシャス,NY.GDP.PCAP.CD,2023,11269.9684462139
MUS,モーリシャス,NY.GDP.PCAP.CD,2024,11990.9355434317
MWI,マラウイ,NY.GDP.PCAP.CD,2000,224.22415918428
MWI,マラウイ,NY.GDP.PCAP.CD,2001,215.474524898357
MWI,マラウイ,NY.GDP.PCAP.CD,2002,428.210439838398
MWI,マラウイ,NY.GDP.PCAP.CD,2003,383.348596852642
MWI,マラウイ,NY.GDP.PCAP.CD,2004,404.674248445428
MWI,マラウイ,NY.GDP.PCAP.CD,2005,414.361121984475
MWI,マラウイ,NY.GDP.PCAP.CD,2006,440.822149023873
MWI,マラウイ,NY.GDP.PCAP.CD,2007,475.180261659331
MWI,マラウイ,NY.GDP.PCAP.CD,2008,554.048820396119
MWI,マラウイ,NY.GDP.PCAP.CD,2009,625.869729869625
MWI,マラウイ,NY.GDP.PCAP.CD,2010,683.124694716799
MWI,マラウイ,NY.GDP.PCAP.CD,2011,763.061000394572
MWI,マラウイ,NY.GDP.PCAP.CD,2012,558.46208832772
MWI,マラウイ,NY.GDP.PCAP.CD,2013,496.947368267313
MWI,マラウイ,NY.GDP.PCAP.CD,2014,529.5133440206
MWI,マラウイ,NY.GDP.PCAP.CD,2015,539.605363240686
MWI,マラウイ,NY.GDP.PCAP.CD,2016,450.506105510719
MWI,マラウイ,NY.GDP.PCAP.CD,2017,495.769683367165
MWI,マラウイ,NY.GDP.PCAP.CD,2018,533.202567189331
MWI,マラウイ,NY.GDP.PCAP.CD,2019,580.889139762475
MWI,マラウイ,NY.GDP.PCAP.CD,2020,602.507478176106
MWI,マラウイ,NY.GDP.PCAP.CD,2021,617.446994451007
MWI,マラウイ,NY.GDP.PCAP.CD,2022,604.269740360317
MWI,マラウイ,NY.GDP.PCAP.CD,2023,633.214767978695
MWI,マラウイ,NY.GDP.PCAP.CD,2024,522.365366146003
NAM,ナミビア,NY.GDP.PCAP.CD,2000,2156.67590512714
NAM,ナミビア,NY.GDP.PCAP.CD,2001,1915.58926594875
NAM,ナミビア,NY.GDP.PCAP.CD,2002,1772.07565537493
NAM,ナミビア,NY.GDP.PCAP.CD,2003,2569.24739317883
NAM,ナミビア,NY.GDP.PCAP.CD,2004,3403.15496192955
NAM,ナミビア,NY.GDP.PCAP.CD,2005,3685.77299991587
NAM,ナミビア,NY.GDP.PCAP.CD,2006,4017.1834716928
NAM,ナミビア,NY.GDP.PCAP.CD,2007,4379.04313682732
NAM,ナミビア,NY.GDP.PCAP.CD,2008,4204.78555422749
NAM,ナミビア,NY.GDP.PCAP.CD,2009,4302.91374148376
NAM,ナミビア,NY.GDP.PCAP.CD,2010,5418.21633365814
NAM,ナミビア,NY.GDP.PCAP.CD,2011,5834.7917675794
NAM,ナミビア,NY.GDP.PCAP.CD,2012,5942.64680978673
NAM,ナミビア,NY.GDP.PCAP.CD,2013,5346.62131149967
NAM,ナミビア,NY.GDP.PCAP.CD,2014,5378.32326241205
NAM,ナミビア,NY.GDP.PCAP.CD,2015,4774.10650865775
NAM,ナミビア,NY.GDP.PCAP.CD,2016,4395.68776162376
NAM,ナミビア,NY.GDP.PCAP.CD,2017,5143.96072323076
NAM,ナミビア,NY.GDP.PCAP.CD,2018,5308.60813408705
NAM,ナミビア,NY.GDP.PCAP.CD,2019,4731.9210318831
NAM,ナミビア,NY.GDP.PCAP.CD,2020,3878.58982993966
NAM,ナミビア,NY.GDP.PCAP.CD,2021,4412.8355693052
NAM,ナミビア,NY.GDP.PCAP.CD,2022,4349.79908493314
NAM,ナミビア,NY.GDP.PCAP.CD,2023,4225.99102418102
NAM,ナミビア,NY.GDP.PCAP.CD,2024,4501.84849548225
NER,ニジェール,NY.GDP.PCAP.CD,2000,194.771959898935
NER,ニジェール,NY.GDP.PCAP.CD,2001,205.417936120931
NER,ニジェール,NY.GDP.PCAP.CD,2002,225.294391147438
NER,ニジェール,NY.GDP.PCAP.CD,2003,265.225363452469
NER,ニジェール,NY.GDP.PCAP.CD,2004,283.468281798296
NER,ニジェール,NY.GDP.PCAP.CD,2005,318.643121918273
NER,ニジェール,NY.GDP.PCAP.CD,2006,333.345078419447
NER,ニジェール,NY.GDP.PCAP.CD,2007,387.168065883301
NER,ニジェール,NY.GDP.PCAP.CD,2008,475.044955398162
NER,ニジェール,NY.GDP.PCAP.CD,2009,461.131533961487
NER,ニジェール,NY.GDP.PCAP.CD,2010,474.425692340831
NER,ニジェール,NY.GDP.PCAP.CD,2011,510.75956176268
NER,ニジェール,NY.GDP.PCAP.CD,2012,528.510104469655
NER,ニジェール,NY.GDP.PCAP.CD,2013,552.103334363117
NER,ニジェール,NY.GDP.PCAP.CD,2014,565.30989731175
NER,ニジェール,NY.GDP.PCAP.CD,2015,485.662574175279
NER,ニジェール,NY.GDP.PCAP.CD,2016,499.910520068193
NER,ニジェール,NY.GDP.PCAP.CD,2017,529.929418934868
NER,ニジェール,NY.GDP.PCAP.CD,2018,576.927536415462
NER,ニジェール,NY.GDP.PCAP.CD,2019,541.265819870273
NER,ニジェール,NY.GDP.PCAP.CD,2020,575.451340306915
NER,ニジェール,NY.GDP.PCAP.CD,2021,609.585703670137
NER,ニジェール,NY.GDP.PCAP.CD,2022,613.614736429298
NER,ニジェール,NY.GDP.PCAP.CD,2023,647.930108509567
NER,ニジェール,NY.GDP.PCAP.CD,2024,729.856664168989
NGA,ナイジェリア,NY.GDP.PCAP.CD,2000,547.318298903379
NGA,ナイジェリア,NY.GDP.PCAP.CD,2001,566.428231812933
NGA,ナイジェリア,NY.GDP.PCAP.CD,2002,712.164852077686
NGA,ナイジェリア,NY.GDP.PCAP.CD,2003,763.388745367223
NGA,ナイジェリア,NY.GDP.PCAP.CD,2004,962.48104194733
NGA,ナイジェリア,NY.GDP.PCAP.CD,2005,1211.37703504386
NGA,ナイジェリア,NY.GDP.PCAP.CD,2006,1599.53891556365
NGA,ナイジェリア,NY.GDP.PCAP.CD,2007,1815.52697545827
NGA,ナイジェリア,NY.GDP.PCAP.CD,2008,2154.10543545364
NGA,ナイジェリア,NY.GDP.PCAP.CD,2009,1820.48633854782
NGA,ナイジェリア,NY.GDP.PCAP.CD,2010,2202.25672957344
NGA,ナイジェリア,NY.GDP.PCAP.CD,2011,2418.41316975875
NGA,ナイジェリア,NY.GDP.PCAP.CD,2012,2633.19734671361
NGA,ナイジェリア,NY.GDP.PCAP.CD,2013,2872.79083379398
NGA,ナイジェリア,NY.GDP.PCAP.CD,2014,3088.72131316169
NGA,ナイジェリア,NY.GDP.PCAP.CD,2015,2585.73360671797
NGA,ナイジェリア,NY.GDP.PCAP.CD,2016,2070.4127339595
NGA,ナイジェリア,NY.GDP.PCAP.CD,2017,1876.34027111773
NGA,ナイジェリア,NY.GDP.PCAP.CD,2018,2057.87944554011
NGA,ナイジェリア,NY.GDP.PCAP.CD,2019,3189.81286496183
NGA,ナイジェリア,NY.GDP.PCAP.CD,2020,2797.184580679
NGA,ナイジェリア,NY.GDP.PCAP.CD,2021,2787.48779220991
NGA,ナイジェリア,NY.GDP.PCAP.CD,2022,2899.16047469267
NGA,ナイジェリア,NY.GDP.PCAP.CD,2023,2138.76383718757
NGA,ナイジェリア,NY.GDP.PCAP.CD,2024,1084.16041805058
RWA,ルワンダ,NY.GDP.PCAP.CD,2000,251.86926386091
RWA,ルワンダ,NY.GDP.PCAP.CD,2001,237.308846200901
RWA,ルワンダ,NY.GDP.PCAP.CD,2002,234.043016755733
RWA,ルワンダ,NY.GDP.PCAP.CD,2003,249.012274982252
RWA,ルワンダ,NY.GDP.PCAP.CD,2004,269.540446333402
RWA,ルワンダ,NY.GDP.PCAP.CD,2005,324.016863847189
RWA,ルワンダ,NY.GDP.PCAP.CD,2006,352.093916578347
RWA,ルワンダ,NY.GDP.PCAP.CD,2007,420.733580702508
RWA,ルワンダ,NY.GDP.PCAP.CD,2008,522.288339420679
RWA,ルワンダ,NY.GDP.PCAP.CD,2009,556.97399621739
RWA,ルワンダ,NY.GDP.PCAP.CD,2010,586.599950359877
RWA,ルワンダ,NY.GDP.PCAP.CD,2011,643.356138618166
RWA,ルワンダ,NY.GDP.PCAP.CD,2012,697.760143509565
RWA,ルワンダ,NY.GDP.PCAP.CD,2013,695.397140963607
RWA,ルワンダ,NY.GDP.PCAP.CD,2014,715.36808783393
RWA,ルワンダ,NY.GDP.PCAP.CD,2015,725.691418696952
RWA,ルワンダ,NY.GDP.PCAP.CD,2016,721.258515833094
RWA,ルワンダ,NY.GDP.PCAP.CD,2017,751.049039527547
RWA,ルワンダ,NY.GDP.PCAP.CD,2018,772.754982959354
RWA,ルワンダ,NY.GDP.PCAP.CD,2019,823.355304065304
RWA,ルワンダ,NY.GDP.PCAP.CD,2020,802.638686936204
RWA,ルワンダ,NY.GDP.PCAP.CD,2021,842.581492947672
RWA,ルワンダ,NY.GDP.PCAP.CD,2022,1007.05989322914
RWA,ルワンダ,NY.GDP.PCAP.CD,2023,1061.05788154076
RWA,ルワンダ,NY.GDP.PCAP.CD,2024,1059.93709298801
SDN,スーダン,NY.GDP.PCAP.CD,2000,362.116882324219
SDN,スーダン,NY.GDP.PCAP.CD,2001,451.293304443359
SDN,スーダン,NY.GDP.PCAP.CD,2002,506.262634277344
SDN,スーダン,NY.GDP.PCAP.CD,2003,580.320251464844
SDN,スーダン,NY.GDP.PCAP.CD,2004,705.113342285156
SDN,スーダン,NY.GDP.PCAP.CD,2005,905.543640136719
SDN,スーダン,NY.GDP.PCAP.CD,2006,1132.474609375
SDN,スーダン,NY.GDP.PCAP.CD,2007,1444.37219238281
SDN,スーダン,NY.GDP.PCAP.CD,2008,1527.58239746094
SDN,スーダン,NY.GDP.PCAP.CD,2009,1178.22180175781
SDN,スーダン,NY.GDP.PCAP.CD,2010,1305.63598632813
SDN,スーダン,NY.GDP.PCAP.CD,2011,1332.6572265625
SDN,スーダン,NY.GDP.PCAP.CD,2012,1019.22210693359
SDN,スーダン,NY.GDP.PCAP.CD,2013,1138.62780761719
SDN,スーダン,NY.GDP.PCAP.CD,2014,1275.43835449219
SDN,スーダン,NY.GDP.PCAP.CD,2015,1292.37963867188
SDN,スーダン,NY.GDP.PCAP.CD,2016,1033.21594238281
SDN,スーダン,NY.GDP.PCAP.CD,2017,966.505676269531
SDN,スーダン,NY.GDP.PCAP.CD,2018,731.027465820313
SDN,スーダン,NY.GDP.PCAP.CD,2019,709.975280761719
SDN,スーダン,NY.GDP.PCAP.CD,2020,577.795227050781
SDN,スーダン,NY.GDP.PCAP.CD,2021,712.122009277344
SDN,スーダン,NY.GDP.PCAP.CD,2022,1046.24084472656
SDN,スーダン,NY.GDP.PCAP.CD,2023,797.283447265625
SDN,スーダン,NY.GDP.PCAP.CD,2024,984.607666015625
SEN,セネガル,NY.GDP.PCAP.CD,2000,603.233162455158
SEN,セネガル,NY.GDP.PCAP.CD,2001,637.213530563724
SEN,セネガル,NY.GDP.PCAP.CD,2002,669.430447319209
SEN,セネガル,NY.GDP.PCAP.CD,2003,817.888034221442
SEN,セネガル,NY.GDP.PCAP.CD,2004,918.102079522155
SEN,セネガル,NY.GDP.PCAP.CD,2005,979.846101520171
SEN,セネガル,NY.GDP.PCAP.CD,2006,1017.20196747987
SEN,セネガル,NY.GDP.PCAP.CD,2007,1188.93877808175
SEN,セネガル,NY.GDP.PCAP.CD,2008,1398.79218010021
SEN,セネガル,NY.GDP.PCAP.CD,2009,1308.69404336205
SEN,セネガル,NY.GDP.PCAP.CD,2010,1275.88357492357
SEN,セネガル,NY.GDP.PCAP.CD,2011,1374.67591873844
SEN,セネガル,NY.GDP.PCAP.CD,2012,1326.83798848379
SEN,セネガル,NY.GDP.PCAP.CD,2013,1379.83196553924
SEN,セネガル,NY.GDP.PCAP.CD,2014,1398.89137601382
SEN,セネガル,NY.GDP.PCAP.CD,2015,1218.00613555438
SEN,セネガル,NY.GDP.PCAP.CD,2016,1266.43957151587
SEN,セネガル,NY.GDP.PCAP.CD,2017,1354.77007193387
SEN,セネガル,NY.GDP.PCAP.CD,2018,1452.55612562445
SEN,セネガル,NY.GDP.PCAP.CD,2019,1431.18128932159
SEN,セネガル,NY.GDP.PCAP.CD,2020,1461.08720350553
SEN,セネガル,NY.GDP.PCAP.CD,2021,1598.10676952274
SEN,セネガル,NY.GDP.PCAP.CD,2022,1574.0281059306
SEN,セネガル,NY.GDP.PCAP.CD,2023,1698.03387300843
SEN,セネガル,NY.GDP.PCAP.CD,2024,1738.73223822106
SLE,シエラレオネ,NY.GDP.PCAP.CD,2000,143.743743239644
SLE,シエラレオネ,NY.GDP.PCAP.CD,2001,358.315716051546
SLE,シエラレオネ,NY.GDP.PCAP.CD,2002,388.995111216836
SLE,シエラレオネ,NY.GDP.PCAP.CD,2003,413.817607346927
SLE,シエラレオネ,NY.GDP.PCAP.CD,2004,417.749983329227
SLE,シエラレオネ,NY.GDP.PCAP.CD,2005,462.633324427945
SLE,シエラレオネ,NY.GDP.PCAP.CD,2006,580.26796974773
SLE,シエラレオネ,NY.GDP.PCAP.CD,2007,631.889926264998
SLE,シエラレオネ,NY.GDP.PCAP.CD,2008,705.359014080005
SLE,シエラレオネ,NY.GDP.PCAP.CD,2009,652.845806767943
SLE,シエラレオネ,NY.GDP.PCAP.CD,2010,685.039673490948
SLE,シエラレオネ,NY.GDP.PCAP.CD,2011,761.146365577281
SLE,シエラレオネ,NY.GDP.PCAP.CD,2012,937.504428180231
SLE,シエラレオネ,NY.GDP.PCAP.CD,2013,1117.47183075115
SLE,シエラレオネ,NY.GDP.PCAP.CD,2014,1117.7586465721
SLE,シエラレオネ,NY.GDP.PCAP.CD,2015,964.575980888989
SLE,シエラレオネ,NY.GDP.PCAP.CD,2016,844.416411175476
SLE,シエラレオネ,NY.GDP.PCAP.CD,2017,779.186007841728
SLE,シエラレオネ,NY.GDP.PCAP.CD,2018,845.914540460932
SLE,シエラレオネ,NY.GDP.PCAP.CD,2019,843.71251730417
SLE,シエラレオネ,NY.GDP.PCAP.CD,2020,845.277558236182
SLE,シエラレオネ,NY.GDP.PCAP.CD,2021,885.396401613729
SLE,シエラレオネ,NY.GDP.PCAP.CD,2022,860.371067874555
SLE,シエラレオネ,NY.GDP.PCAP.CD,2023,758.329137301888
SLE,シエラレオネ,NY.GDP.PCAP.CD,2024,806.654650274255
SOM,ソマリア,NY.GDP.PCAP.CD,2000,386.119274401275
SOM,ソマリア,NY.GDP.PCAP.CD,2001,244.914842538455
SOM,ソマリア,NY.GDP.PCAP.CD,2002,229.598918310039
SOM,ソマリア,NY.GDP.PCAP.CD,2003,286.273025198975
SOM,ソマリア,NY.GDP.PCAP.CD,2004,375.410326225387
SOM,ソマリア,NY.GDP.PCAP.CD,2005,439.979907805478
SOM,ソマリア,NY.GDP.PCAP.CD,2006,457.996662206659
SOM,ソマリア,NY.GDP.PCAP.CD,2007,479.635628065289
SOM,ソマリア,NY.GDP.PCAP.CD,2008,507.03744334738
SOM,ソマリア,NY.GDP.PCAP.CD,2009,246.513251675105
SOM,ソマリア,NY.GDP.PCAP.CD,2010,219.202453852397
SOM,ソマリア,NY.GDP.PCAP.CD,2011,235.325945610434
SOM,ソマリア,NY.GDP.PCAP.CD,2012,350.261946720512
SOM,ソマリア,NY.GDP.PCAP.CD,2013,393.398703952979
SOM,ソマリア,NY.GDP.PCAP.CD,2014,429.431656725102
SOM,ソマリア,NY.GDP.PCAP.CD,2015,445.583080073396
SOM,ソマリア,NY.GDP.PCAP.CD,2016,460.928490585175
SOM,ソマリア,NY.GDP.PCAP.CD,2017,510.939952317726
SOM,ソマリア,NY.GDP.PCAP.CD,2018,509.497273804534
SOM,ソマリア,NY.GDP.PCAP.CD,2019,539.954816211694
SOM,ソマリア,NY.GDP.PCAP.CD,2020,518.16113333875
SOM,ソマリア,NY.GDP.PCAP.CD,2021,549.056994756254
SOM,ソマリア,NY.GDP.PCAP.CD,2022,573.141165798229
SOM,ソマリア,NY.GDP.PCAP.CD,2023,596.885985135589
SOM,ソマリア,NY.GDP.PCAP.CD,2024,629.538899449007
SSD,南スーダン,NY.GDP.PCAP.CD,2000,
SSD,南スーダン,NY.GDP.PCAP.CD,2001,
SSD,南スーダン,NY.GDP.PCAP.CD,2002,
SSD,南スーダン,NY.GDP.PCAP.CD,2003,
SSD,南スーダン,NY.GDP.PCAP.CD,2004,
SSD,南スーダン,NY.GDP.PCAP.CD,2005,
SSD,南スーダン,NY.GDP.PCAP.CD,2006,
SSD,南スーダン,NY.GDP.PCAP.CD,2007,
SSD,南スーダン,NY.GDP.PCAP.CD,2008,1654.21153546555
SSD,南スーダン,NY.GDP.PCAP.CD,2009,1323.22068747862
SSD,南スーダン,NY.GDP.PCAP.CD,2010,1498.27034985194
SSD,南スーダン,NY.GDP.PCAP.CD,2011,1448.98435006408
SSD,南スーダン,NY.GDP.PCAP.CD,2012,1109.26050083408
SSD,南スーダン,NY.GDP.PCAP.CD,2013,1650.18943353528
SSD,南スーダン,NY.GDP.PCAP.CD,2014,1242.73450181032
SSD,南スーダン,NY.GDP.PCAP.CD,2015,1080.14718624765
SSD,南スーダン,NY.GDP.PCAP.CD,2016,
SSD,南スーダン,NY.GDP.PCAP.CD,2017,
SSD,南スーダン,NY.GDP.PCAP.CD,2018,
SSD,南スーダン,NY.GDP.PCAP.CD,2019,
SSD,南スーダン,NY.GDP.PCAP.CD,2020,
SSD,南スーダン,NY.GDP.PCAP.CD,2021,
SSD,南スーダン,NY.GDP.PCAP.CD,2022,
SSD,南スーダン,NY.GDP.PCAP.CD,2023,
SSD,南スーダン,NY.GDP.PCAP.CD,2024,
STP,サントメ・プリンシペ,NY.GDP.PCAP.CD,2000,529.089383412262
STP,サントメ・プリンシペ,NY.GDP.PCAP.CD,2001,518.88050130005
STP,サントメ・プリンシペ,NY.GDP.PCAP.CD,2002,568.10257252271
STP,サントメ・プリンシペ,NY.GDP.PCAP.CD,2003,663.696211810494
STP,サントメ・プリンシペ,NY.GDP.PCAP.CD,2004,726.560882130444
STP,サントメ・プリンシペ,NY.GDP.PCAP.CD,2005,844.169181884274
STP,サントメ・プリンシペ,NY.GDP.PCAP.CD,2006,861.970707697664
STP,サントメ・プリンシペ,NY.GDP.PCAP.CD,2007,878.885791918745
STP,サントメ・プリンシペ,NY.GDP.PCAP.CD,2008,1081.8684584729
STP,サントメ・プリンシペ,NY.GDP.PCAP.CD,2009,1128.28046213305
STP,サントメ・プリンシペ,NY.GDP.PCAP.CD,2010,1045.20958234528
STP,サントメ・プリンシペ,NY.GDP.PCAP.CD,2011,1219.80189089671
STP,サントメ・プリンシペ,NY.GDP.PCAP.CD,2012,1210.7926479817
STP,サントメ・プリンシペ,NY.GDP.PCAP.CD,2013,1382.5757842916
STP,サントメ・プリンシペ,NY.GDP.PCAP.CD,2014,1489.67633417608
STP,サントメ・プリンシペ,NY.GDP.PCAP.CD,2015,1298.10946596396
STP,サントメ・プリンシペ,NY.GDP.PCAP.CD,2016,1434.87018050521
STP,サントメ・プリンシペ,NY.GDP.PCAP.CD,2017,1555.79477812888
STP,サントメ・プリンシペ,NY.GDP.PCAP.CD,2018,1825.59971753966
STP,サントメ・プリンシペ,NY.GDP.PCAP.CD,2019,1935.2931816596
STP,サントメ・プリンシペ,NY.GDP.PCAP.CD,2020,2167.22001796925
STP,サントメ・プリンシペ,NY.GDP.PCAP.CD,2021,2362.58827248102
STP,サントメ・プリンシペ,NY.GDP.PCAP.CD,2022,2389.73729784737
STP,サントメ・プリンシペ,NY.GDP.PCAP.CD,2023,2990.6606143535
STP,サントメ・プリンシペ,NY.GDP.PCAP.CD,2024,3502.6176807171
SWZ,エスワティニ,NY.GDP.PCAP.CD,2000,1629.67038842815
SWZ,エスワティニ,NY.GDP.PCAP.CD,2001,1429.85630359447
SWZ,エスワティニ,NY.GDP.PCAP.CD,2002,1315.73634647994
SWZ,エスワティニ,NY.GDP.PCAP.CD,2003,2015.21743065251
SWZ,エスワティニ,NY.GDP.PCAP.CD,2004,2525.5640452625
SWZ,エスワティニ,NY.GDP.PCAP.CD,2005,2871.06877437449
SWZ,エスワティニ,NY.GDP.PCAP.CD,2006,2964.95865200682
SWZ,エスワティニ,NY.GDP.PCAP.CD,2007,3109.11097608864
SWZ,エスワティニ,NY.GDP.PCAP.CD,2008,2946.8606613746
SWZ,エスワティニ,NY.GDP.PCAP.CD,2009,3189.79679956637
SWZ,エスワティニ,NY.GDP.PCAP.CD,2010,3922.74039390733
SWZ,エスワティニ,NY.GDP.PCAP.CD,2011,4225.06049411911
SWZ,エスワティニ,NY.GDP.PCAP.CD,2012,4224.54789174487
SWZ,エスワティニ,NY.GDP.PCAP.CD,2013,3949.94310039907
SWZ,エスワティニ,NY.GDP.PCAP.CD,2014,3771.07228381938
SWZ,エスワティニ,NY.GDP.PCAP.CD,2015,3419.82276559528
SWZ,エスワティニ,NY.GDP.PCAP.CD,2016,3238.17611961364
SWZ,エスワティニ,NY.GDP.PCAP.CD,2017,3853.09956569679
SWZ,エスワティニ,NY.GDP.PCAP.CD,2018,3972.65450620357
SWZ,エスワティニ,NY.GDP.PCAP.CD,2019,3913.14577547336
SWZ,エスワティニ,NY.GDP.PCAP.CD,2020,3466.56936278145
SWZ,エスワティニ,NY.GDP.PCAP.CD,2021,3984.00229174306
SWZ,エスワティニ,NY.GDP.PCAP.CD,2022,3894.1620089869
SWZ,エスワティニ,NY.GDP.PCAP.CD,2023,3755.52111232464
SWZ,エスワティニ,NY.GDP.PCAP.CD,2024,3909.55892378182
SYC,セーシェル,NY.GDP.PCAP.CD,2000,8063.65500575169
SYC,セーシェル,NY.GDP.PCAP.CD,2001,8153.2986369879
SYC,セーシェル,NY.GDP.PCAP.CD,2002,8864.16919495467
SYC,セーシェル,NY.GDP.PCAP.CD,2003,9070.28460757013
SYC,セーシェル,NY.GDP.PCAP.CD,2004,10827.671636033
SYC,セーシェル,NY.GDP.PCAP.CD,2005,11802.1118276833
SYC,セーシェル,NY.GDP.PCAP.CD,2006,12782.9938926475
SYC,セーシェル,NY.GDP.PCAP.CD,2007,12669.3026687222
SYC,セーシェル,NY.GDP.PCAP.CD,2008,11265.4376270005
SYC,セーシェル,NY.GDP.PCAP.CD,2009,9747.09180546291
SYC,セーシェル,NY.GDP.PCAP.CD,2010,10934.79494629
SYC,セーシェル,NY.GDP.PCAP.CD,2011,12110.0937461973
SYC,セーシェル,NY.GDP.PCAP.CD,2012,12337.1554669388
SYC,セーシェル,NY.GDP.PCAP.CD,2013,14821.2921476077
SYC,セーシェル,NY.GDP.PCAP.CD,2014,15188.1902175113
SYC,セーシェル,NY.GDP.PCAP.CD,2015,15333.1051727105
SYC,セーシェル,NY.GDP.PCAP.CD,2016,16566.9946042294
SYC,セーシェル,NY.GDP.PCAP.CD,2017,17480.3651911372
SYC,セーシェル,NY.GDP.PCAP.CD,2018,18440.2340460932
SYC,セーシェル,NY.GDP.PCAP.CD,2019,19141.5118743615
SYC,セーシェル,NY.GDP.PCAP.CD,2020,14041.4754074575
SYC,セーシェル,NY.GDP.PCAP.CD,2021,14982.9111487767
SYC,セーシェル,NY.GDP.PCAP.CD,2022,16682.6990711785
SYC,セーシェル,NY.GDP.PCAP.CD,2023,18130.5297135548
SYC,セーシェル,NY.GDP.PCAP.CD,2024,18364.5259678223
TCD,チャド,NY.GDP.PCAP.CD,2000,163.121663683369
TCD,チャド,NY.GDP.PCAP.CD,2001,194.32295331156
TCD,チャド,NY.GDP.PCAP.CD,2002,219.061391951349
TCD,チャド,NY.GDP.PCAP.CD,2003,289.087621122168
TCD,チャド,NY.GDP.PCAP.CD,2004,445.850767157087
TCD,チャド,NY.GDP.PCAP.CD,2005,838.092107712557
TCD,チャド,NY.GDP.PCAP.CD,2006,906.897260572747
TCD,チャド,NY.GDP.PCAP.CD,2007,980.483531485103
TCD,チャド,NY.GDP.PCAP.CD,2008,1166.36883453841
TCD,チャド,NY.GDP.PCAP.CD,2009,1035.63719694254
TCD,チャド,NY.GDP.PCAP.CD,2010,1141.80069268412
TCD,チャド,NY.GDP.PCAP.CD,2011,1308.1421872538
TCD,チャド,NY.GDP.PCAP.CD,2012,1354.34344701937
TCD,チャド,NY.GDP.PCAP.CD,2013,1304.88742971475
TCD,チャド,NY.GDP.PCAP.CD,2014,1278.78981422494
TCD,チャド,NY.GDP.PCAP.CD,2015,993.990730610869
TCD,チャド,NY.GDP.PCAP.CD,2016,861.831767630746
TCD,チャド,NY.GDP.PCAP.CD,2017,854.46120040098
TCD,チャド,NY.GDP.PCAP.CD,2018,948.656629871231
TCD,チャド,NY.GDP.PCAP.CD,2019,893.336441643325
TCD,チャド,NY.GDP.PCAP.CD,2020,866.947814890409
TCD,チャド,NY.GDP.PCAP.CD,2021,946.358500208374
TCD,チャド,NY.GDP.PCAP.CD,2022,966.036468278568
TCD,チャド,NY.GDP.PCAP.CD,2023,949.991054236266
TCD,チャド,NY.GDP.PCAP.CD,2024,980.668312111718
TGO,トーゴ,NY.GDP.PCAP.CD,2000,440.420399069497
TGO,トーゴ,NY.GDP.PCAP.CD,2001,426.883605884489
TGO,トーゴ,NY.GDP.PCAP.CD,2002,479.438373869587
TGO,トーゴ,NY.GDP.PCAP.CD,2003,579.728195854724
TGO,トーゴ,NY.GDP.PCAP.CD,2004,604.311329116751
TGO,トーゴ,NY.GDP.PCAP.CD,2005,595.200212014134
TGO,トーゴ,NY.GDP.PCAP.CD,2006,596.249203137762
TGO,トーゴ,NY.GDP.PCAP.CD,2007,654.083697666439
TGO,トーゴ,NY.GDP.PCAP.CD,2008,771.351190404751
TGO,トーゴ,NY.GDP.PCAP.CD,2009,770.172869777254
TGO,トーゴ,NY.GDP.PCAP.CD,2010,750.323421086121
TGO,トーゴ,NY.GDP.PCAP.CD,2011,834.14671980279
TGO,トーゴ,NY.GDP.PCAP.CD,2012,813.611525037432
TGO,トーゴ,NY.GDP.PCAP.CD,2013,885.698522723929
TGO,トーゴ,NY.GDP.PCAP.CD,2014,921.539748631461
TGO,トーゴ,NY.GDP.PCAP.CD,2015,813.894676975085
TGO,トーゴ,NY.GDP.PCAP.CD,2016,843.114204338675
TGO,トーゴ,NY.GDP.PCAP.CD,2017,872.076408845752
TGO,トーゴ,NY.GDP.PCAP.CD,2018,942.480774393154
TGO,トーゴ,NY.GDP.PCAP.CD,2019,917.718016777619
TGO,トーゴ,NY.GDP.PCAP.CD,2020,961.219781201934
TGO,トーゴ,NY.GDP.PCAP.CD,2021,1076.29520076949
TGO,トーゴ,NY.GDP.PCAP.CD,2022,1071.61539220759
TGO,トーゴ,NY.GDP.PCAP.CD,2023,1182.32951436696
TGO,トーゴ,NY.GDP.PCAP.CD,2024,1266.08777721447
TUN,チュニジア,NY.GDP.PCAP.CD,2000,2199.04465936314
TUN,チュニジア,NY.GDP.PCAP.CD,2001,2235.71981624751
TUN,チュニジア,NY.GDP.PCAP.CD,2002,2320.7723805785
TUN,チュニジア,NY.GDP.PCAP.CD,2003,2725.8643148859
TUN,チュニジア,NY.GDP.PCAP.CD,2004,3067.41936376975
TUN,チュニジア,NY.GDP.PCAP.CD,2005,3146.8260743927
TUN,チュニジア,NY.GDP.PCAP.CD,2006,3322.56933570096
TUN,チュニジア,NY.GDP.PCAP.CD,2007,3726.91672935667
TUN,チュニジア,NY.GDP.PCAP.CD,2008,4255.05008019523
TUN,チュニジア,NY.GDP.PCAP.CD,2009,4080.09032448781
TUN,チュニジア,NY.GDP.PCAP.CD,2010,4291.86120891575
TUN,チュニジア,NY.GDP.PCAP.CD,2011,4420.64772206537
TUN,チュニジア,NY.GDP.PCAP.CD,2012,4297.26782454273
TUN,チュニジア,NY.GDP.PCAP.CD,2013,4369.79345826358
TUN,チュニジア,NY.GDP.PCAP.CD,2014,4458.97895464547
TUN,チュニジア,NY.GDP.PCAP.CD,2015,4014.94773686432
TUN,チュニジア,NY.GDP.PCAP.CD,2016,3847.80354448809
TUN,チュニジア,NY.GDP.PCAP.CD,2017,3619.03247319953
TUN,チュニジア,NY.GDP.PCAP.CD,2018,3628.10366464236
TUN,チュニジア,NY.GDP.PCAP.CD,2019,3528.87213306798
TUN,チュニジア,NY.GDP.PCAP.CD,2020,3548.65363663803
TUN,チュニジア,NY.GDP.PCAP.CD,2021,3906.93926319391
TUN,チュニジア,NY.GDP.PCAP.CD,2022,3707.29283414381
TUN,チュニジア,NY.GDP.PCAP.CD,2023,3951.11683376921
TUN,チュニジア,NY.GDP.PCAP.CD,2024,4187.64079392362
TZA,タンザニア,NY.GDP.PCAP.CD,2000,401.698150634766
TZA,タンザニア,NY.GDP.PCAP.CD,2001,396.638732910156
TZA,タンザニア,NY.GDP.PCAP.CD,2002,402.649047851563
TZA,タンザニア,NY.GDP.PCAP.CD,2003,422.18359375
TZA,タンザニア,NY.GDP.PCAP.CD,2004,450.385284423828
TZA,タンザニア,NY.GDP.PCAP.CD,2005,483.334869384766
TZA,タンザニア,NY.GDP.PCAP.CD,2006,475.746734619141
TZA,タンザニア,NY.GDP.PCAP.CD,2007,543.198303222656
TZA,タンザニア,NY.GDP.PCAP.CD,2008,675.977233886719
TZA,タンザニア,NY.GDP.PCAP.CD,2009,693.823547363281
TZA,タンザニア,NY.GDP.PCAP.CD,2010,736.530151367188
TZA,タンザニア,NY.GDP.PCAP.CD,2011,775.392761230469
TZA,タンザニア,NY.GDP.PCAP.CD,2012,861.969909667969
TZA,タンザニア,NY.GDP.PCAP.CD,2013,963.05712890625
TZA,タンザニア,NY.GDP.PCAP.CD,2014,1022.74841308594
TZA,タンザニア,NY.GDP.PCAP.CD,2015,939.127319335938
TZA,タンザニア,NY.GDP.PCAP.CD,2016,953.0107421875
TZA,タンザニア,NY.GDP.PCAP.CD,2017,986.674011230469
TZA,タンザニア,NY.GDP.PCAP.CD,2018,1023.10626220703
TZA,タンザニア,NY.GDP.PCAP.CD,2019,1063.32250976563
TZA,タンザニア,NY.GDP.PCAP.CD,2020,1117.41528320313
TZA,タンザニア,NY.GDP.PCAP.CD,2021,1159.85656738281
TZA,タンザニア,NY.GDP.PCAP.CD,2022,1207.52062988281
TZA,タンザニア,NY.GDP.PCAP.CD,2023,1224.00219726563
TZA,タンザニア,NY.GDP.PCAP.CD,2024,1192.60668945313
UGA,ウガンダ,NY.GDP.PCAP.CD,2000,258.050338731086
UGA,ウガンダ,NY.GDP.PCAP.CD,2001,236.021188853993
UGA,ウガンダ,NY.GDP.PCAP.CD,2002,241.984688408335
UGA,ウガンダ,NY.GDP.PCAP.CD,2003,250.71543664681
UGA,ウガンダ,NY.GDP.PCAP.CD,2004,292.38185796262
UGA,ウガンダ,NY.GDP.PCAP.CD,2005,330.405402707025
UGA,ウガンダ,NY.GDP.PCAP.CD,2006,346.518255310647
UGA,ウガンダ,NY.GDP.PCAP.CD,2007,401.389130865581
UGA,ウガンダ,NY.GDP.PCAP.CD,2008,472.842681495852
UGA,ウガンダ,NY.GDP.PCAP.CD,2009,798.947089938247
UGA,ウガンダ,NY.GDP.PCAP.CD,2010,823.488144282
UGA,ウガンダ,NY.GDP.PCAP.CD,2011,835.620060555838
UGA,ウガンダ,NY.GDP.PCAP.CD,2012,795.222867553127
UGA,ウガンダ,NY.GDP.PCAP.CD,2013,818.285427416713
UGA,ウガンダ,NY.GDP.PCAP.CD,2014,896.054795546394
UGA,ウガンダ,NY.GDP.PCAP.CD,2015,862.934610355811
UGA,ウガンダ,NY.GDP.PCAP.CD,2016,752.696571725656
UGA,ウガンダ,NY.GDP.PCAP.CD,2017,765.218332297361
UGA,ウガンダ,NY.GDP.PCAP.CD,2018,792.16570022814
UGA,ウガンダ,NY.GDP.PCAP.CD,2019,822.171150036357
UGA,ウガンダ,NY.GDP.PCAP.CD,2020,845.766463890124
UGA,ウガンダ,NY.GDP.PCAP.CD,2021,882.791717542504
UGA,ウガンダ,NY.GDP.PCAP.CD,2022,963.067314117178
UGA,ウガンダ,NY.GDP.PCAP.CD,2023,1002.30913917142
UGA,ウガンダ,NY.GDP.PCAP.CD,2024,1077.91278438613
ZAF,南アフリカ共和国,NY.GDP.PCAP.CD,2000,3217.84693448467
ZAF,南アフリカ共和国,NY.GDP.PCAP.CD,2001,2847.15191945908
ZAF,南アフリカ共和国,NY.GDP.PCAP.CD,2002,2688.23676032806
ZAF,南アフリカ共和国,NY.GDP.PCAP.CD,2003,4062.21755993786
ZAF,南アフリカ共和国,NY.GDP.PCAP.CD,2004,5221.46333731721
ZAF,南アフリカ共和国,NY.GDP.PCAP.CD,2005,5836.87663325127
ZAF,南アフリカ共和国,NY.GDP.PCAP.CD,2006,6077.38293388876
ZAF,南アフリカ共和国,NY.GDP.PCAP.CD,2007,6591.85535960564
ZAF,南アフリカ共和国,NY.GDP.PCAP.CD,2008,6184.75474328399
ZAF,南アフリカ共和国,NY.GDP.PCAP.CD,2009,6374.70560042992
ZAF,南アフリカ共和国,NY.GDP.PCAP.CD,2010,7973.47195771517
ZAF,南アフリカ共和国,NY.GDP.PCAP.CD,2011,8646.05571071635
ZAF,南アフリカ共和国,NY.GDP.PCAP.CD,2012,8076.97678479741
ZAF,南アフリカ共和国,NY.GDP.PCAP.CD,2013,7331.65467384919
ZAF,南アフリカ共和国,NY.GDP.PCAP.CD,2014,6856.73137092522
ZAF,南アフリカ共和国,NY.GDP.PCAP.CD,2015,6112.27382485974
ZAF,南アフリカ共和国,NY.GDP.PCAP.CD,2016,5651.20585165749
ZAF,南アフリカ共和国,NY.GDP.PCAP.CD,2017,6618.33508255701
ZAF,南アフリカ共和国,NY.GDP.PCAP.CD,2018,6914.1780318076
ZAF,南アフリカ共和国,NY.GDP.PCAP.CD,2019,6533.71121032856
ZAF,南アフリカ共和国,NY.GDP.PCAP.CD,2020,5580.60383075189
ZAF,南アフリカ共和国,NY.GDP.PCAP.CD,2021,6828.75624590017
ZAF,南アフリカ共和国,NY.GDP.PCAP.CD,2022,6534.24867783397
ZAF,南アフリカ共和国,NY.GDP.PCAP.CD,2023,6034.27208964673
ZAF,南アフリカ共和国,NY.GDP.PCAP.CD,2024,6267.186814093
ZMB,ザンビア,NY.GDP.PCAP.CD,2000,359.429500988221
ZMB,ザンビア,NY.GDP.PCAP.CD,2001,396.548952993504
ZMB,ザンビア,NY.GDP.PCAP.CD,2002,393.864625518616
ZMB,ザンビア,NY.GDP.PCAP.CD,2003,446.290104839041
ZMB,ザンビア,NY.GDP.PCAP.CD,2004,548.685974566277
ZMB,ザンビア,NY.GDP.PCAP.CD,2005,710.982068171696
ZMB,ザンビア,NY.GDP.PCAP.CD,2006,1051.71714895686
ZMB,ザンビア,NY.GDP.PCAP.CD,2007,1118.73162626953
ZMB,ザンビア,NY.GDP.PCAP.CD,2008,1375.50211006997
ZMB,ザンビア,NY.GDP.PCAP.CD,2009,1136.24168316848
ZMB,ザンビア,NY.GDP.PCAP.CD,2010,1451.10616017155
ZMB,ザンビア,NY.GDP.PCAP.CD,2011,1624.86817763443
ZMB,ザンビア,NY.GDP.PCAP.CD,2012,1710.05061343728
ZMB,ザンビア,NY.GDP.PCAP.CD,2013,1820.71854827391
ZMB,ザンビア,NY.GDP.PCAP.CD,2014,1707.48573136694
ZMB,ザンビア,NY.GDP.PCAP.CD,2015,1295.87788680068
ZMB,ザンビア,NY.GDP.PCAP.CD,2016,1239.08527877713
ZMB,ザンビア,NY.GDP.PCAP.CD,2017,1483.46577328065
ZMB,ザンビア,NY.GDP.PCAP.CD,2018,1463.89997855593
ZMB,ザンビア,NY.GDP.PCAP.CD,2019,1258.98619844462
ZMB,ザンビア,NY.GDP.PCAP.CD,2020,951.644316655957
ZMB,ザンビア,NY.GDP.PCAP.CD,2021,1127.16077872857
ZMB,ザンビア,NY.GDP.PCAP.CD,2022,1447.12310138035
ZMB,ザンビア,NY.GDP.PCAP.CD,2023,1330.72780576709
ZMB,ザンビア,NY.GDP.PCAP.CD,2024,1187.10943350064
ZWE,ジンバブエ,NY.GDP.PCAP.CD,2000,562.833757496076
ZWE,ジンバブエ,NY.GDP.PCAP.CD,2001,566.388746448872
ZWE,ジンバブエ,NY.GDP.PCAP.CD,2002,524.936478570323
ZWE,ジンバブエ,NY.GDP.PCAP.CD,2003,468.471932927213
ZWE,ジンバブエ,NY.GDP.PCAP.CD,2004,469.719298949304
ZWE,ジンバブエ,NY.GDP.PCAP.CD,2005,461.271387547912
ZWE,ジンバブエ,NY.GDP.PCAP.CD,2006,431.034994414964
ZWE,ジンバブエ,NY.GDP.PCAP.CD,2007,413.521244592925
ZWE,ジンバブエ,NY.GDP.PCAP.CD,2008,340.917447588572
ZWE,ジンバブエ,NY.GDP.PCAP.CD,2009,735.821693871697
ZWE,ジンバブエ,NY.GDP.PCAP.CD,2010,902.010759067388
ZWE,ジンバブエ,NY.GDP.PCAP.CD,2011,1037.77565157218
ZWE,ジンバブエ,NY.GDP.PCAP.CD,2012,1239.22709745709
ZWE,ジンバブエ,NY.GDP.PCAP.CD,2013,1362.99498323368
ZWE,ジンバブエ,NY.GDP.PCAP.CD,2014,1372.91526173161
ZWE,ジンバブエ,NY.GDP.PCAP.CD,2015,1387.12632595026
ZWE,ジンバブエ,NY.GDP.PCAP.CD,2016,1408.13945253431
ZWE,ジンバブエ,NY.GDP.PCAP.CD,2017,3445.44941020134
ZWE,ジンバブエ,NY.GDP.PCAP.CD,2018,2270.89531874302
ZWE,ジンバブエ,NY.GDP.PCAP.CD,2019,2184.52155388801
ZWE,ジンバブエ,NY.GDP.PCAP.CD,2020,2059.63704025274
ZWE,ジンバブエ,NY.GDP.PCAP.CD,2021,2613.6167414057
ZWE,ジンバブエ,NY.GDP.PCAP.CD,2022,2536.40197087505
ZWE,ジンバブエ,NY.GDP.PCAP.CD,2023,2195.22502010174
ZWE,ジンバブエ,NY.GDP.PCAP.CD,2024,2496.15514995576
AGO,アンゴラ,SP.POP.TOTL,2000,16194869
AGO,アンゴラ,SP.POP.TOTL,2001,16747208
AGO,アンゴラ,SP.POP.TOTL,2002,17327699
AGO,アンゴラ,SP.POP.TOTL,2003,17943712
AGO,アンゴラ,SP.POP.TOTL,2004,18600423
AGO,アンゴラ,SP.POP.TOTL,2005,19291161
AGO,アンゴラ,SP.POP.TOTL,2006,20015279
AGO,アンゴラ,SP.POP.TOTL,2007,20778561
AGO,アンゴラ,SP.POP.TOTL,2008,21578655
AGO,アンゴラ,SP.POP.TOTL,2009,22414773
AGO,アンゴラ,SP.POP.TOTL,2010,23294825
AGO,アンゴラ,SP.POP.TOTL,2011,24218352
AGO,アンゴラ,SP.POP.TOTL,2012,25177394
AGO,アンゴラ,SP.POP.TOTL,2013,26165620
AGO,アンゴラ,SP.POP.TOTL,2014,27160769
AGO,アンゴラ,SP.POP.TOTL,2015,28157798
AGO,アンゴラ,SP.POP.TOTL,2016,29183070
AGO,アンゴラ,SP.POP.TOTL,2017,30234839
AGO,アンゴラ,SP.POP.TOTL,2018,31297155
AGO,アンゴラ,SP.POP.TOTL,2019,32375632
AGO,アンゴラ,SP.POP.TOTL,2020,33451132
AGO,アンゴラ,SP.POP.TOTL,2021,34532429
AGO,アンゴラ,SP.POP.TOTL,2022,35635029
AGO,アンゴラ,SP.POP.TOTL,2023,36749906
AGO,アンゴラ,SP.POP.TOTL,2024,37885849
BDI,ブルンジ,SP.POP.TOTL,2000,6470194
BDI,ブルンジ,SP.POP.TOTL,2001,6634365
BDI,ブルンジ,SP.POP.TOTL,2002,6824132
BDI,ブルンジ,SP.POP.TOTL,2003,7043154
BDI,ブルンジ,SP.POP.TOTL,2004,7310656
BDI,ブルンジ,SP.POP.TOTL,2005,7587299
BDI,ブルンジ,SP.POP.TOTL,2006,7865547
BDI,ブルンジ,SP.POP.TOTL,2007,8161874
BDI,ブルンジ,SP.POP.TOTL,2008,8505637
BDI,ブルンジ,SP.POP.TOTL,2009,8947646
BDI,ブルンジ,SP.POP.TOTL,2010,9376444
BDI,ブルンジ,SP.POP.TOTL,2011,9717978
BDI,ブルンジ,SP.POP.TOTL,2012,10071028
BDI,ブルンジ,SP.POP.TOTL,2013,10439341
BDI,ブルンジ,SP.POP.TOTL,2014,10799785
BDI,ブルンジ,SP.POP.TOTL,2015,11047580
BDI,ブルンジ,SP.POP.TOTL,2016,11239451
BDI,ブルンジ,SP.POP.TOTL,2017,11506762
BDI,ブルンジ,SP.POP.TOTL,2018,11859446
BDI,ブルンジ,SP.POP.TOTL,2019,12255336
BDI,ブルンジ,SP.POP.TOTL,2020,12617036
BDI,ブルンジ,SP.POP.TOTL,2021,12965481
BDI,ブルンジ,SP.POP.TOTL,2022,13321097
BDI,ブルンジ,SP.POP.TOTL,2023,13689450
BDI,ブルンジ,SP.POP.TOTL,2024,14047786
BEN,ベナン,SP.POP.TOTL,2000,7221619
BEN,ベナン,SP.POP.TOTL,2001,7445596
BEN,ベナン,SP.POP.TOTL,2002,7675426
BEN,ベナン,SP.POP.TOTL,2003,7913070
BEN,ベナン,SP.POP.TOTL,2004,8159094
BEN,ベナン,SP.POP.TOTL,2005,8426144
BEN,ベナン,SP.POP.TOTL,2006,8693242
BEN,ベナン,SP.POP.TOTL,2007,8953969
BEN,ベナン,SP.POP.TOTL,2008,9228466
BEN,ベナン,SP.POP.TOTL,2009,9509423
BEN,ベナン,SP.POP.TOTL,2010,9797484
BEN,ベナン,SP.POP.TOTL,2011,10093623
BEN,ベナン,SP.POP.TOTL,2012,10397657
BEN,ベナン,SP.POP.TOTL,2013,10708834
BEN,ベナン,SP.POP.TOTL,2014,11030004
BEN,ベナン,SP.POP.TOTL,2015,11360681
BEN,ベナン,SP.POP.TOTL,2016,11697842
BEN,ベナン,SP.POP.TOTL,2017,12039780
BEN,ベナン,SP.POP.TOTL,2018,12383347
BEN,ベナン,SP.POP.TOTL,2019,12726755
BEN,ベナン,SP.POP.TOTL,2020,13070169
BEN,ベナン,SP.POP.TOTL,2021,13413417
BEN,ベナン,SP.POP.TOTL,2022,13759501
BEN,ベナン,SP.POP.TOTL,2023,14111034
BEN,ベナン,SP.POP.TOTL,2024,14462724
BFA,ブルキナファソ,SP.POP.TOTL,2000,11925546
BFA,ブルキナファソ,SP.POP.TOTL,2001,12295001
BFA,ブルキナファソ,SP.POP.TOTL,2002,12680897
BFA,ブルキナファソ,SP.POP.TOTL,2003,13082532
BFA,ブルキナファソ,SP.POP.TOTL,2004,13500533
BFA,ブルキナファソ,SP.POP.TOTL,2005,13932123
BFA,ブルキナファソ,SP.POP.TOTL,2006,14373707
BFA,ブルキナファソ,SP.POP.TOTL,2007,14816307
BFA,ブルキナファソ,SP.POP.TOTL,2008,15258093
BFA,ブルキナファソ,SP.POP.TOTL,2009,15710066
BFA,ブルキナファソ,SP.POP.TOTL,2010,16176498
BFA,ブルキナファソ,SP.POP.TOTL,2011,16661908
BFA,ブルキナファソ,SP.POP.TOTL,2012,17172287
BFA,ブルキナファソ,SP.POP.TOTL,2013,17695409
BFA,ブルキナファソ,SP.POP.TOTL,2014,18229461
BFA,ブルキナファソ,SP.POP.TOTL,2015,18777487
BFA,ブルキナファソ,SP.POP.TOTL,2016,19334856
BFA,ブルキナファソ,SP.POP.TOTL,2017,19894407
BFA,ブルキナファソ,SP.POP.TOTL,2018,20438288
BFA,ブルキナファソ,SP.POP.TOTL,2019,20961952
BFA,ブルキナファソ,SP.POP.TOTL,2020,21478690
BFA,ブルキナファソ,SP.POP.TOTL,2021,21995243
BFA,ブルキナファソ,SP.POP.TOTL,2022,22509038
BFA,ブルキナファソ,SP.POP.TOTL,2023,23025776
BFA,ブルキナファソ,SP.POP.TOTL,2024,23548781
BWA,ボツワナ,SP.POP.TOTL,2000,1677382
BWA,ボツワナ,SP.POP.TOTL,2001,1712254
BWA,ボツワナ,SP.POP.TOTL,2002,1744763
BWA,ボツワナ,SP.POP.TOTL,2003,1775736
BWA,ボツワナ,SP.POP.TOTL,2004,1807146
BWA,ボツワナ,SP.POP.TOTL,2005,1839877
BWA,ボツワナ,SP.POP.TOTL,2006,1874516
BWA,ボツワナ,SP.POP.TOTL,2007,1911201
BWA,ボツワナ,SP.POP.TOTL,2008,1949970
BWA,ボツワナ,SP.POP.TOTL,2009,1990673
BWA,ボツワナ,SP.POP.TOTL,2010,2033111
BWA,ボツワナ,SP.POP.TOTL,2011,2073535
BWA,ボツワナ,SP.POP.TOTL,2012,2108617
BWA,ボツワナ,SP.POP.TOTL,2013,2140682
BWA,ボツワナ,SP.POP.TOTL,2014,2172044
BWA,ボツワナ,SP.POP.TOTL,2015,2203273
BWA,ボツワナ,SP.POP.TOTL,2016,2234776
BWA,ボツワナ,SP.POP.TOTL,2017,2266747
BWA,ボツワナ,SP.POP.TOTL,2018,2299141
BWA,ボツワナ,SP.POP.TOTL,2019,2332083
BWA,ボツワナ,SP.POP.TOTL,2020,2365894
BWA,ボツワナ,SP.POP.TOTL,2021,2401441
BWA,ボツワナ,SP.POP.TOTL,2022,2439892
BWA,ボツワナ,SP.POP.TOTL,2023,2480244
BWA,ボツワナ,SP.POP.TOTL,2024,2521139
CAF,中央アフリカ共和国,SP.POP.TOTL,2000,3833416
CAF,中央アフリカ共和国,SP.POP.TOTL,2001,3919487
CAF,中央アフリカ共和国,SP.POP.TOTL,2002,4006077
CAF,中央アフリカ共和国,SP.POP.TOTL,2003,4103086
CAF,中央アフリカ共和国,SP.POP.TOTL,2004,4192826
CAF,中央アフリカ共和国,SP.POP.TOTL,2005,4288810
CAF,中央アフリカ共和国,SP.POP.TOTL,2006,4377579
CAF,中央アフリカ共和国,SP.POP.TOTL,2007,4462770
CAF,中央アフリカ共和国,SP.POP.TOTL,2008,4558984
CAF,中央アフリカ共和国,SP.POP.TOTL,2009,4529047
CAF,中央アフリカ共和国,SP.POP.TOTL,2010,4492995
CAF,中央アフリカ共和国,SP.POP.TOTL,2011,4565021
CAF,中央アフリカ共和国,SP.POP.TOTL,2012,4610848
CAF,中央アフリカ共和国,SP.POP.TOTL,2013,4642419
CAF,中央アフリカ共和国,SP.POP.TOTL,2014,4623182
CAF,中央アフリカ共和国,SP.POP.TOTL,2015,4629320
CAF,中央アフリカ共和国,SP.POP.TOTL,2016,4713663
CAF,中央アフリカ共和国,SP.POP.TOTL,2017,4793511
CAF,中央アフリカ共和国,SP.POP.TOTL,2018,4878657
CAF,中央アフリカ共和国,SP.POP.TOTL,2019,4944703
CAF,中央アフリカ共和国,SP.POP.TOTL,2020,5026628
CAF,中央アフリカ共和国,SP.POP.TOTL,2021,5112100
CAF,中央アフリカ共和国,SP.POP.TOTL,2022,5098039
CAF,中央アフリカ共和国,SP.POP.TOTL,2023,5152421
CAF,中央アフリカ共和国,SP.POP.TOTL,2024,5330690
CIV,コートジボワール,SP.POP.TOTL,2000,17699004
CIV,コートジボワール,SP.POP.TOTL,2001,18178913
CIV,コートジボワール,SP.POP.TOTL,2002,18654771
CIV,コートジボワール,SP.POP.TOTL,2003,19125542
CIV,コートジボワール,SP.POP.TOTL,2004,19595000
CIV,コートジボワール,SP.POP.TOTL,2005,20068458
CIV,コートジボワール,SP.POP.TOTL,2006,20546802
CIV,コートジボワール,SP.POP.TOTL,2007,21030558
CIV,コートジボワール,SP.POP.TOTL,2008,21514439
CIV,コートジボワール,SP.POP.TOTL,2009,21997940
CIV,コートジボワール,SP.POP.TOTL,2010,22488065
CIV,コートジボワール,SP.POP.TOTL,2011,22982000
CIV,コートジボワール,SP.POP.TOTL,2012,23467078
CIV,コートジボワール,SP.POP.TOTL,2013,23939775
CIV,コートジボワール,SP.POP.TOTL,2014,24527395
CIV,コートジボワール,SP.POP.TOTL,2015,25246342
CIV,コートジボワール,SP.POP.TOTL,2016,25989405
CIV,コートジボワール,SP.POP.TOTL,2017,26733372
CIV,コートジボワール,SP.POP.TOTL,2018,27464173
CIV,コートジボワール,SP.POP.TOTL,2019,28193009
CIV,コートジボワール,SP.POP.TOTL,2020,28915449
CIV,コートジボワール,SP.POP.TOTL,2021,29639736
CIV,コートジボワール,SP.POP.TOTL,2022,30395002
CIV,コートジボワール,SP.POP.TOTL,2023,31165654
CIV,コートジボワール,SP.POP.TOTL,2024,31934230
CMR,カメルーン,SP.POP.TOTL,2000,14912631
CMR,カメルーン,SP.POP.TOTL,2001,15309490
CMR,カメルーン,SP.POP.TOTL,2002,15725528
CMR,カメルーン,SP.POP.TOTL,2003,16160340
CMR,カメルーン,SP.POP.TOTL,2004,16610487
CMR,カメルーン,SP.POP.TOTL,2005,17074594
CMR,カメルーン,SP.POP.TOTL,2006,17550407
CMR,カメルーン,SP.POP.TOTL,2007,18049896
CMR,カメルーン,SP.POP.TOTL,2008,18574056
CMR,カメルーン,SP.POP.TOTL,2009,19113974
CMR,カメルーン,SP.POP.TOTL,2010,19668066
CMR,カメルーン,SP.POP.TOTL,2011,20232304
CMR,カメルーン,SP.POP.TOTL,2012,20809529
CMR,カメルーン,SP.POP.TOTL,2013,21402376
CMR,カメルーン,SP.POP.TOTL,2014,22059893
CMR,カメルーン,SP.POP.TOTL,2015,22763414
CMR,カメルーン,SP.POP.TOTL,2016,23454161
CMR,カメルーン,SP.POP.TOTL,2017,24128601
CMR,カメルーン,SP.POP.TOTL,2018,24806383
CMR,カメルーン,SP.POP.TOTL,2019,25506095
CMR,カメルーン,SP.POP.TOTL,2020,26210558
CMR,カメルーン,SP.POP.TOTL,2021,26915758
CMR,カメルーン,SP.POP.TOTL,2022,27632771
CMR,カメルーン,SP.POP.TOTL,2023,28372687
CMR,カメルーン,SP.POP.TOTL,2024,29123744
COD,コンゴ民主共和国,SP.POP.TOTL,2000,50507442
COD,コンゴ民主共和国,SP.POP.TOTL,2001,52132646
COD,コンゴ民主共和国,SP.POP.TOTL,2002,53750524
COD,コンゴ民主共和国,SP.POP.TOTL,2003,55343867
COD,コンゴ民主共和国,SP.POP.TOTL,2004,56997741
COD,コンゴ民主共和国,SP.POP.TOTL,2005,58775724
COD,コンゴ民主共和国,SP.POP.TOTL,2006,60615908
COD,コンゴ民主共和国,SP.POP.TOTL,2007,62477752
COD,コンゴ民主共和国,SP.POP.TOTL,2008,64390664
COD,コンゴ民主共和国,SP.POP.TOTL,2009,66412044
COD,コンゴ民主共和国,SP.POP.TOTL,2010,68563038
COD,コンゴ民主共和国,SP.POP.TOTL,2011,70849311
COD,コンゴ民主共和国,SP.POP.TOTL,2012,73254618
COD,コンゴ民主共和国,SP.POP.TOTL,2013,75789395
COD,コンゴ民主共和国,SP.POP.TOTL,2014,78403242
COD,コンゴ民主共和国,SP.POP.TOTL,2015,81035531
COD,コンゴ民主共和国,SP.POP.TOTL,2016,83956415
COD,コンゴ民主共和国,SP.POP.TOTL,2017,87083398
COD,コンゴ民主共和国,SP.POP.TOTL,2018,90047644
COD,コンゴ民主共和国,SP.POP.TOTL,2019,92947442
COD,コンゴ民主共和国,SP.POP.TOTL,2020,95989998
COD,コンゴ民主共和国,SP.POP.TOTL,2021,99148932
COD,コンゴ民主共和国,SP.POP.TOTL,2022,102396968
COD,コンゴ民主共和国,SP.POP.TOTL,2023,105789731
COD,コンゴ民主共和国,SP.POP.TOTL,2024,109276265
COG,コンゴ共和国,SP.POP.TOTL,2000,3151345
COG,コンゴ共和国,SP.POP.TOTL,2001,3272537
COG,コンゴ共和国,SP.POP.TOTL,2002,3350771
COG,コンゴ共和国,SP.POP.TOTL,2003,3445753
COG,コンゴ共和国,SP.POP.TOTL,2004,3565554
COG,コンゴ共和国,SP.POP.TOTL,2005,3696393
COG,コンゴ共和国,SP.POP.TOTL,2006,3837409
COG,コンゴ共和国,SP.POP.TOTL,2007,3980430
COG,コンゴ共和国,SP.POP.TOTL,2008,4113517
COG,コンゴ共和国,SP.POP.TOTL,2009,4281219
COG,コンゴ共和国,SP.POP.TOTL,2010,4462290
COG,コンゴ共和国,SP.POP.TOTL,2011,4609724
COG,コンゴ共和国,SP.POP.TOTL,2012,4740450
COG,コンゴ共和国,SP.POP.TOTL,2013,4857099
COG,コンゴ共和国,SP.POP.TOTL,2014,4975880
COG,コンゴ共和国,SP.POP.TOTL,2015,5097581
COG,コンゴ共和国,SP.POP.TOTL,2016,5222536
COG,コンゴ共和国,SP.POP.TOTL,2017,5351011
COG,コンゴ共和国,SP.POP.TOTL,2018,5483118
COG,コンゴ共和国,SP.POP.TOTL,2019,5616661
COG,コンゴ共和国,SP.POP.TOTL,2020,5752791
COG,コンゴ共和国,SP.POP.TOTL,2021,5892183
COG,コンゴ共和国,SP.POP.TOTL,2022,6035104
COG,コンゴ共和国,SP.POP.TOTL,2023,6182885
COG,コンゴ共和国,SP.POP.TOTL,2024,6332961
COM,コモロ,SP.POP.TOTL,2000,536080
COM,コモロ,SP.POP.TOTL,2001,547220
COM,コモロ,SP.POP.TOTL,2002,558923
COM,コモロ,SP.POP.TOTL,2003,569798
COM,コモロ,SP.POP.TOTL,2004,580704
COM,コモロ,SP.POP.TOTL,2005,592677
COM,コモロ,SP.POP.TOTL,2006,604753
COM,コモロ,SP.POP.TOTL,2007,616927
COM,コモロ,SP.POP.TOTL,2008,629307
COM,コモロ,SP.POP.TOTL,2009,641947
COM,コモロ,SP.POP.TOTL,2010,654836
COM,コモロ,SP.POP.TOTL,2011,668056
COM,コモロ,SP.POP.TOTL,2012,681630
COM,コモロ,SP.POP.TOTL,2013,696192
COM,コモロ,SP.POP.TOTL,2014,711503
COM,コモロ,SP.POP.TOTL,2015,726682
COM,コモロ,SP.POP.TOTL,2016,741741
COM,コモロ,SP.POP.TOTL,2017,756669
COM,コモロ,SP.POP.TOTL,2018,771590
COM,コモロ,SP.POP.TOTL,2019,786578
COM,コモロ,SP.POP.TOTL,2020,802163
COM,コモロ,SP.POP.TOTL,2021,818174
COM,コモロ,SP.POP.TOTL,2022,834188
COM,コモロ,SP.POP.TOTL,2023,850387
COM,コモロ,SP.POP.TOTL,2024,866628
CPV,カーボベルデ,SP.POP.TOTL,2000,453317
CPV,カーボベルデ,SP.POP.TOTL,2001,460293
CPV,カーボベルデ,SP.POP.TOTL,2002,467046
CPV,カーボベルデ,SP.POP.TOTL,2003,473383
CPV,カーボベルデ,SP.POP.TOTL,2004,479370
CPV,カーボベルデ,SP.POP.TOTL,2005,485115
CPV,カーボベルデ,SP.POP.TOTL,2006,490728
CPV,カーボベルデ,SP.POP.TOTL,2007,496190
CPV,カーボベルデ,SP.POP.TOTL,2008,501355
CPV,カーボベルデ,SP.POP.TOTL,2009,506141
CPV,カーボベルデ,SP.POP.TOTL,2010,509784
CPV,カーボベルデ,SP.POP.TOTL,2011,511447
CPV,カーボベルデ,SP.POP.TOTL,2012,511955
CPV,カーボベルデ,SP.POP.TOTL,2013,512225
CPV,カーボベルデ,SP.POP.TOTL,2014,512326
CPV,カーボベルデ,SP.POP.TOTL,2015,512394
CPV,カーボベルデ,SP.POP.TOTL,2016,512554
CPV,カーボベルデ,SP.POP.TOTL,2017,512893
CPV,カーボベルデ,SP.POP.TOTL,2018,513415
CPV,カーボベルデ,SP.POP.TOTL,2019,514104
CPV,カーボベルデ,SP.POP.TOTL,2020,514679
CPV,カーボベルデ,SP.POP.TOTL,2021,516649
CPV,カーボベルデ,SP.POP.TOTL,2022,519741
CPV,カーボベルデ,SP.POP.TOTL,2023,522331
CPV,カーボベルデ,SP.POP.TOTL,2024,524877
DJI,ジブチ,SP.POP.TOTL,2000,747318
DJI,ジブチ,SP.POP.TOTL,2001,771313
DJI,ジブチ,SP.POP.TOTL,2002,795574
DJI,ジブチ,SP.POP.TOTL,2003,813519
DJI,ジブチ,SP.POP.TOTL,2004,826124
DJI,ジブチ,SP.POP.TOTL,2005,839167
DJI,ジブチ,SP.POP.TOTL,2006,855764
DJI,ジブチ,SP.POP.TOTL,2007,874528
DJI,ジブチ,SP.POP.TOTL,2008,892734
DJI,ジブチ,SP.POP.TOTL,2009,911527
DJI,ジブチ,SP.POP.TOTL,2010,930251
DJI,ジブチ,SP.POP.TOTL,2011,948558
DJI,ジブチ,SP.POP.TOTL,2012,966747
DJI,ジブチ,SP.POP.TOTL,2013,984824
DJI,ジブチ,SP.POP.TOTL,2014,1002717
DJI,ジブチ,SP.POP.TOTL,2015,1020313
DJI,ジブチ,SP.POP.TOTL,2016,1037653
DJI,ジブチ,SP.POP.TOTL,2017,1054841
DJI,ジブチ,SP.POP.TOTL,2018,1071882
DJI,ジブチ,SP.POP.TOTL,2019,1088709
DJI,ジブチ,SP.POP.TOTL,2020,1105188
DJI,ジブチ,SP.POP.TOTL,2021,1121248
DJI,ジブチ,SP.POP.TOTL,2022,1137096
DJI,ジブチ,SP.POP.TOTL,2023,1152944
DJI,ジブチ,SP.POP.TOTL,2024,1168722
DZA,アルジェリア,SP.POP.TOTL,2000,30903893
DZA,アルジェリア,SP.POP.TOTL,2001,31331221
DZA,アルジェリア,SP.POP.TOTL,2002,31750835
DZA,アルジェリア,SP.POP.TOTL,2003,32175818
DZA,アルジェリア,SP.POP.TOTL,2004,32628286
DZA,アルジェリア,SP.POP.TOTL,2005,33109249
DZA,アルジェリア,SP.POP.TOTL,2006,33623506
DZA,アルジェリア,SP.POP.TOTL,2007,34189416
DZA,アルジェリア,SP.POP.TOTL,2008,34816961
DZA,アルジェリア,SP.POP.TOTL,2009,35490445
DZA,アルジェリア,SP.POP.TOTL,2010,36188236
DZA,アルジェリア,SP.POP.TOTL,2011,36903376
DZA,アルジェリア,SP.POP.TOTL,2012,37646166
DZA,アルジェリア,SP.POP.TOTL,2013,38414171
DZA,アルジェリア,SP.POP.TOTL,2014,39205031
DZA,アルジェリア,SP.POP.TOTL,2015,40019529
DZA,アルジェリア,SP.POP.TOTL,2016,40850721
DZA,アルジェリア,SP.POP.TOTL,2017,41689299
DZA,アルジェリア,SP.POP.TOTL,2018,42505035
DZA,アルジェリア,SP.POP.TOTL,2019,43294546
DZA,アルジェリア,SP.POP.TOTL,2020,44042091
DZA,アルジェリア,SP.POP.TOTL,2021,44761099
DZA,アルジェリア,SP.POP.TOTL,2022,45477389
DZA,アルジェリア,SP.POP.TOTL,2023,46164219
DZA,アルジェリア,SP.POP.TOTL,2024,46814308
EGY,エジプト,SP.POP.TOTL,2000,73083284
EGY,エジプト,SP.POP.TOTL,2001,74652029
EGY,エジプト,SP.POP.TOTL,2002,76239137
EGY,エジプト,SP.POP.TOTL,2003,77853548
EGY,エジプト,SP.POP.TOTL,2004,79477443
EGY,エジプト,SP.POP.TOTL,2005,81101004
EGY,エジプト,SP.POP.TOTL,2006,82700403
EGY,エジプト,SP.POP.TOTL,2007,84276225
EGY,エジプト,SP.POP.TOTL,2008,85864789
EGY,エジプト,SP.POP.TOTL,2009,87501636
EGY,エジプト,SP.POP.TOTL,2010,89196072
EGY,エジプト,SP.POP.TOTL,2011,91093059
EGY,エジプト,SP.POP.TOTL,2012,93161001
EGY,エジプト,SP.POP.TOTL,2013,95333553
EGY,エジプト,SP.POP.TOTL,2014,97528654
EGY,エジプト,SP.POP.TOTL,2015,99597342
EGY,エジプト,SP.POP.TOTL,2016,101644589
EGY,エジプト,SP.POP.TOTL,2017,103696057
EGY,エジプト,SP.POP.TOTL,2018,105682094
EGY,エジプト,SP.POP.TOTL,2019,107553158
EGY,エジプト,SP.POP.TOTL,2020,109315124
EGY,エジプト,SP.POP.TOTL,2021,110957008
EGY,エジプト,SP.POP.TOTL,2022,112618250
EGY,エジプト,SP.POP.TOTL,2023,114535772
EGY,エジプト,SP.POP.TOTL,2024,116538258
ERI,エリトリア,SP.POP.TOTL,2000,2247031
ERI,エリトリア,SP.POP.TOTL,2001,2312079
ERI,エリトリア,SP.POP.TOTL,2002,2392978
ERI,エリトリア,SP.POP.TOTL,2003,2493903
ERI,エリトリア,SP.POP.TOTL,2004,2598284
ERI,エリトリア,SP.POP.TOTL,2005,2661215
ERI,エリトリア,SP.POP.TOTL,2006,2703502
ERI,エリトリア,SP.POP.TOTL,2007,2743222
ERI,エリトリア,SP.POP.TOTL,2008,2816327
ERI,エリトリア,SP.POP.TOTL,2009,2887885
ERI,エリトリア,SP.POP.TOTL,2010,2945186
ERI,エリトリア,SP.POP.TOTL,2011,2998485
ERI,エリトリア,SP.POP.TOTL,2012,3036988
ERI,エリトリア,SP.POP.TOTL,2013,3074360
ERI,エリトリア,SP.POP.TOTL,2014,3095173
ERI,エリトリア,SP.POP.TOTL,2015,3105546
ERI,エリトリア,SP.POP.TOTL,2016,3124698
ERI,エリトリア,SP.POP.TOTL,2017,3150347
ERI,エリトリア,SP.POP.TOTL,2018,3192760
ERI,エリトリア,SP.POP.TOTL,2019,3240194
ERI,エリトリア,SP.POP.TOTL,2020,3291271
ERI,エリトリア,SP.POP.TOTL,2021,3350183
ERI,エリトリア,SP.POP.TOTL,2022,3409447
ERI,エリトリア,SP.POP.TOTL,2023,3470390
ERI,エリトリア,SP.POP.TOTL,2024,3535603
ESH,西サハラ,SP.POP.TOTL,2000,
ESH,西サハラ,SP.POP.TOTL,2001,
ESH,西サハラ,SP.POP.TOTL,2002,
ESH,西サハラ,SP.POP.TOTL,2003,
ESH,西サハラ,SP.POP.TOTL,2004,
ESH,西サハラ,SP.POP.TOTL,2005,
ESH,西サハラ,SP.POP.TOTL,2006,
ESH,西サハラ,SP.POP.TOTL,2007,
ESH,西サハラ,SP.POP.TOTL,2008,
ESH,西サハラ,SP.POP.TOTL,2009,
ESH,西サハラ,SP.POP.TOTL,2010,
ESH,西サハラ,SP.POP.TOTL,2011,
ESH,西サハラ,SP.POP.TOTL,2012,
ESH,西サハラ,SP.POP.TOTL,2013,
ESH,西サハラ,SP.POP.TOTL,2014,
ESH,西サハラ,SP.POP.TOTL,2015,
ESH,西サハラ,SP.POP.TOTL,2016,
ESH,西サハラ,SP.POP.TOTL,2017,
ESH,西サハラ,SP.POP.TOTL,2018,
ESH,西サハラ,SP.POP.TOTL,2019,
ESH,西サハラ,SP.POP.TOTL,2020,
ESH,西サハラ,SP.POP.TOTL,2021,
ESH,西サハラ,SP.POP.TOTL,2022,
ESH,西サハラ,SP.POP.TOTL,2023,
ESH,西サハラ,SP.POP.TOTL,2024,
ETH,エチオピア,SP.POP.TOTL,2000,67411494
ETH,エチオピア,SP.POP.TOTL,2001,69487762
ETH,エチオピア,SP.POP.TOTL,2002,71635517
ETH,エチオピア,SP.POP.TOTL,2003,73832663
ETH,エチオピア,SP.POP.TOTL,2004,76077206
ETH,エチオピア,SP.POP.TOTL,2005,78367470
ETH,エチオピア,SP.POP.TOTL,2006,80703490
ETH,エチオピア,SP.POP.TOTL,2007,83103217
ETH,エチオピア,SP.POP.TOTL,2008,85543668
ETH,エチオピア,SP.POP.TOTL,2009,88007636
ETH,エチオピア,SP.POP.TOTL,2010,90538514
ETH,エチオピア,SP.POP.TOTL,2011,93149970
ETH,エチオピア,SP.POP.TOTL,2012,95798767
ETH,エチオピア,SP.POP.TOTL,2013,98438751
ETH,エチオピア,SP.POP.TOTL,2014,101115610
ETH,エチオピア,SP.POP.TOTL,2015,103867135
ETH,エチオピア,SP.POP.TOTL,2016,106718162
ETH,エチオピア,SP.POP.TOTL,2017,109666481
ETH,エチオピア,SP.POP.TOTL,2018,112664152
ETH,エチオピア,SP.POP.TOTL,2019,115737383
ETH,エチオピア,SP.POP.TOTL,2020,118917671
ETH,エチオピア,SP.POP.TOTL,2021,122138588
ETH,エチオピア,SP.POP.TOTL,2022,125384287
ETH,エチオピア,SP.POP.TOTL,2023,128691692
ETH,エチオピア,SP.POP.TOTL,2024,132059767
GAB,ガボン,SP.POP.TOTL,2000,1275572
GAB,ガボン,SP.POP.TOTL,2001,1309589
GAB,ガボン,SP.POP.TOTL,2002,1345135
GAB,ガボン,SP.POP.TOTL,2003,1382350
GAB,ガボン,SP.POP.TOTL,2004,1421609
GAB,ガボン,SP.POP.TOTL,2005,1463495
GAB,ガボン,SP.POP.TOTL,2006,1508337
GAB,ガボン,SP.POP.TOTL,2007,1556237
GAB,ガボン,SP.POP.TOTL,2008,1607175
GAB,ガボン,SP.POP.TOTL,2009,1661556
GAB,ガボン,SP.POP.TOTL,2010,1719879
GAB,ガボン,SP.POP.TOTL,2011,1781985
GAB,ガボン,SP.POP.TOTL,2012,1846889
GAB,ガボン,SP.POP.TOTL,2013,1913059
GAB,ガボン,SP.POP.TOTL,2014,1978399
GAB,ガボン,SP.POP.TOTL,2015,2040989
GAB,ガボン,SP.POP.TOTL,2016,2100306
GAB,ガボン,SP.POP.TOTL,2017,2156900
GAB,ガボン,SP.POP.TOTL,2018,2212318
GAB,ガボン,SP.POP.TOTL,2019,2267706
GAB,ガボン,SP.POP.TOTL,2020,2322539
GAB,ガボン,SP.POP.TOTL,2021,2376722
GAB,ガボン,SP.POP.TOTL,2022,2430747
GAB,ガボン,SP.POP.TOTL,2023,2484789
GAB,ガボン,SP.POP.TOTL,2024,2538952
GHA,ガーナ,SP.POP.TOTL,2000,19637087
GHA,ガーナ,SP.POP.TOTL,2001,20167069
GHA,ガーナ,SP.POP.TOTL,2002,20729388
GHA,ガーナ,SP.POP.TOTL,2003,21296705
GHA,ガーナ,SP.POP.TOTL,2004,21868298
GHA,ガーナ,SP.POP.TOTL,2005,22449438
GHA,ガーナ,SP.POP.TOTL,2006,23040702
GHA,ガーナ,SP.POP.TOTL,2007,23642279
GHA,ガーナ,SP.POP.TOTL,2008,24249946
GHA,ガーナ,SP.POP.TOTL,2009,24862664
GHA,ガーナ,SP.POP.TOTL,2010,25474995
GHA,ガーナ,SP.POP.TOTL,2011,26095088
GHA,ガーナ,SP.POP.TOTL,2012,26734268
GHA,ガーナ,SP.POP.TOTL,2013,27386193
GHA,ガーナ,SP.POP.TOTL,2014,28041592
GHA,ガーナ,SP.POP.TOTL,2015,28696068
GHA,ガーナ,SP.POP.TOTL,2016,29356742
GHA,ガーナ,SP.POP.TOTL,2017,30008354
GHA,ガーナ,SP.POP.TOTL,2018,30637585
GHA,ガーナ,SP.POP.TOTL,2019,31258945
GHA,ガーナ,SP.POP.TOTL,2020,31887809
GHA,ガーナ,SP.POP.TOTL,2021,32518665
GHA,ガーナ,SP.POP.TOTL,2022,33149152
GHA,ガーナ,SP.POP.TOTL,2023,33787914
GHA,ガーナ,SP.POP.TOTL,2024,34427414
GIN,ギニア,SP.POP.TOTL,2000,8428832
GIN,ギニア,SP.POP.TOTL,2001,8539960
GIN,ギニア,SP.POP.TOTL,2002,8674066
GIN,ギニア,SP.POP.TOTL,2003,8870781
GIN,ギニア,SP.POP.TOTL,2004,9062726
GIN,ギニア,SP.POP.TOTL,2005,9245844
GIN,ギニア,SP.POP.TOTL,2006,9441171
GIN,ギニア,SP.POP.TOTL,2007,9662281
GIN,ギニア,SP.POP.TOTL,2008,9898870
GIN,ギニア,SP.POP.TOTL,2009,10143534
GIN,ギニア,SP.POP.TOTL,2010,10396086
GIN,ギニア,SP.POP.TOTL,2011,10656810
GIN,ギニア,SP.POP.TOTL,2012,10921581
GIN,ギニア,SP.POP.TOTL,2013,11191873
GIN,ギニア,SP.POP.TOTL,2014,11472924
GIN,ギニア,SP.POP.TOTL,2015,11767070
GIN,ギニア,SP.POP.TOTL,2016,12073030
GIN,ギニア,SP.POP.TOTL,2017,12385659
GIN,ギニア,SP.POP.TOTL,2018,12704774
GIN,ギニア,SP.POP.TOTL,2019,13034346
GIN,ギニア,SP.POP.TOTL,2020,13371183
GIN,ギニア,SP.POP.TOTL,2021,13710513
GIN,ギニア,SP.POP.TOTL,2022,14055137
GIN,ギニア,SP.POP.TOTL,2023,14405468
GIN,ギニア,SP.POP.TOTL,2024,14754785
GMB,ガンビア,SP.POP.TOTL,2000,1455084
GMB,ガンビア,SP.POP.TOTL,2001,1495011
GMB,ガンビア,SP.POP.TOTL,2002,1535691
GMB,ガンビア,SP.POP.TOTL,2003,1577611
GMB,ガンビア,SP.POP.TOTL,2004,1621312
GMB,ガンビア,SP.POP.TOTL,2005,1667037
GMB,ガンビア,SP.POP.TOTL,2006,1715275
GMB,ガンビア,SP.POP.TOTL,2007,1765774
GMB,ガンビア,SP.POP.TOTL,2008,1817852
GMB,ガンビア,SP.POP.TOTL,2009,1871422
GMB,ガンビア,SP.POP.TOTL,2010,1926630
GMB,ガンビア,SP.POP.TOTL,2011,1983784
GMB,ガンビア,SP.POP.TOTL,2012,2043094
GMB,ガンビア,SP.POP.TOTL,2013,2103820
GMB,ガンビア,SP.POP.TOTL,2014,2164528
GMB,ガンビア,SP.POP.TOTL,2015,2224529
GMB,ガンビア,SP.POP.TOTL,2016,2283769
GMB,ガンビア,SP.POP.TOTL,2017,2342189
GMB,ガンビア,SP.POP.TOTL,2018,2399632
GMB,ガンビア,SP.POP.TOTL,2019,2456844
GMB,ガンビア,SP.POP.TOTL,2020,2515733
GMB,ガンビア,SP.POP.TOTL,2021,2576010
GMB,ガンビア,SP.POP.TOTL,2022,2636470
GMB,ガンビア,SP.POP.TOTL,2023,2697845
GMB,ガンビア,SP.POP.TOTL,2024,2759988
GNB,ギニアビサウ,SP.POP.TOTL,2000,1234741
GNB,ギニアビサウ,SP.POP.TOTL,2001,1261273
GNB,ギニアビサウ,SP.POP.TOTL,2002,1289307
GNB,ギニアビサウ,SP.POP.TOTL,2003,1318806
GNB,ギニアビサウ,SP.POP.TOTL,2004,1349563
GNB,ギニアビサウ,SP.POP.TOTL,2005,1381585
GNB,ギニアビサウ,SP.POP.TOTL,2006,1415303
GNB,ギニアビサウ,SP.POP.TOTL,2007,1450986
GNB,ギニアビサウ,SP.POP.TOTL,2008,1488054
GNB,ギニアビサウ,SP.POP.TOTL,2009,1526377
GNB,ギニアビサウ,SP.POP.TOTL,2010,1566347
GNB,ギニアビサウ,SP.POP.TOTL,2011,1608076
GNB,ギニアビサウ,SP.POP.TOTL,2012,1651417
GNB,ギニアビサウ,SP.POP.TOTL,2013,1695973
GNB,ギニアビサウ,SP.POP.TOTL,2014,1741122
GNB,ギニアビサウ,SP.POP.TOTL,2015,1786457
GNB,ギニアビサウ,SP.POP.TOTL,2016,1831893
GNB,ギニアビサウ,SP.POP.TOTL,2017,1877072
GNB,ギニアビサウ,SP.POP.TOTL,2018,1922168
GNB,ギニアビサウ,SP.POP.TOTL,2019,1967696
GNB,ギニアビサウ,SP.POP.TOTL,2020,2013255
GNB,ギニアビサウ,SP.POP.TOTL,2021,2058841
GNB,ギニアビサウ,SP.POP.TOTL,2022,2105529
GNB,ギニアビサウ,SP.POP.TOTL,2023,2153339
GNB,ギニアビサウ,SP.POP.TOTL,2024,2201352
GNQ,赤道ギニア,SP.POP.TOTL,2000,703279
GNQ,赤道ギニア,SP.POP.TOTL,2001,749836
GNQ,赤道ギニア,SP.POP.TOTL,2002,797957
GNQ,赤道ギニア,SP.POP.TOTL,2003,847862
GNQ,赤道ギニア,SP.POP.TOTL,2004,899917
GNQ,赤道ギニア,SP.POP.TOTL,2005,947367
GNQ,赤道ギニア,SP.POP.TOTL,2006,990343
GNQ,赤道ギニア,SP.POP.TOTL,2007,1036044
GNQ,赤道ギニア,SP.POP.TOTL,2008,1084530
GNQ,赤道ギニア,SP.POP.TOTL,2009,1135673
GNQ,赤道ギニア,SP.POP.TOTL,2010,1189085
GNQ,赤道ギニア,SP.POP.TOTL,2011,1241835
GNQ,赤道ギニア,SP.POP.TOTL,2012,1293483
GNQ,赤道ギニア,SP.POP.TOTL,2013,1346218
GNQ,赤道ギニア,SP.POP.TOTL,2014,1399828
GNQ,赤道ギニア,SP.POP.TOTL,2015,1453923
GNQ,赤道ギニア,SP.POP.TOTL,2016,1508186
GNQ,赤道ギニア,SP.POP.TOTL,2017,1562396
GNQ,赤道ギニア,SP.POP.TOTL,2018,1616422
GNQ,赤道ギニア,SP.POP.TOTL,2019,1670177
GNQ,赤道ギニア,SP.POP.TOTL,2020,1716468
GNQ,赤道ギニア,SP.POP.TOTL,2021,1758786
GNQ,赤道ギニア,SP.POP.TOTL,2022,1803545
GNQ,赤道ギニア,SP.POP.TOTL,2023,1847549
GNQ,赤道ギニア,SP.POP.TOTL,2024,1892516
KEN,ケニア,SP.POP.TOTL,2000,30642890
KEN,ケニア,SP.POP.TOTL,2001,31619170
KEN,ケニア,SP.POP.TOTL,2002,32629808
KEN,ケニア,SP.POP.TOTL,2003,33652223
KEN,ケニア,SP.POP.TOTL,2004,34713455
KEN,ケニア,SP.POP.TOTL,2005,35796484
KEN,ケニア,SP.POP.TOTL,2006,36904008
KEN,ケニア,SP.POP.TOTL,2007,38036349
KEN,ケニア,SP.POP.TOTL,2008,39206351
KEN,ケニア,SP.POP.TOTL,2009,40408891
KEN,ケニア,SP.POP.TOTL,2010,41598567
KEN,ケニア,SP.POP.TOTL,2011,42758461
KEN,ケニア,SP.POP.TOTL,2012,43888303
KEN,ケニア,SP.POP.TOTL,2013,44986791
KEN,ケニア,SP.POP.TOTL,2014,46051440
KEN,ケニア,SP.POP.TOTL,2015,47088526
KEN,ケニア,SP.POP.TOTL,2016,48139687
KEN,ケニア,SP.POP.TOTL,2017,49197766
KEN,ケニア,SP.POP.TOTL,2018,50207107
KEN,ケニア,SP.POP.TOTL,2019,51202827
KEN,ケニア,SP.POP.TOTL,2020,52217334
KEN,ケニア,SP.POP.TOTL,2021,53219166
KEN,ケニア,SP.POP.TOTL,2022,54252461
KEN,ケニア,SP.POP.TOTL,2023,55339003
KEN,ケニア,SP.POP.TOTL,2024,56432944
LBR,リベリア,SP.POP.TOTL,2000,2928117
LBR,リベリア,SP.POP.TOTL,2001,3015338
LBR,リベリア,SP.POP.TOTL,2002,3094782
LBR,リベリア,SP.POP.TOTL,2003,3119532
LBR,リベリア,SP.POP.TOTL,2004,3156892
LBR,リベリア,SP.POP.TOTL,2005,3301015
LBR,リベリア,SP.POP.TOTL,2006,3490787
LBR,リベリア,SP.POP.TOTL,2007,3669050
LBR,リベリア,SP.POP.TOTL,2008,3821003
LBR,リベリア,SP.POP.TOTL,2009,3943028
LBR,リベリア,SP.POP.TOTL,2010,4058890
LBR,リベリア,SP.POP.TOTL,2011,4221178
LBR,リベリア,SP.POP.TOTL,2012,4373043
LBR,リベリア,SP.POP.TOTL,2013,4470239
LBR,リベリア,SP.POP.TOTL,2014,4564293
LBR,リベリア,SP.POP.TOTL,2015,4659431
LBR,リベリア,SP.POP.TOTL,2016,4755608
LBR,リベリア,SP.POP.TOTL,2017,4848925
LBR,リベリア,SP.POP.TOTL,2018,4944726
LBR,リベリア,SP.POP.TOTL,2019,5043721
LBR,リベリア,SP.POP.TOTL,2020,5149463
LBR,リベリア,SP.POP.TOTL,2021,5259323
LBR,リベリア,SP.POP.TOTL,2022,5373294
LBR,リベリア,SP.POP.TOTL,2023,5493031
LBR,リベリア,SP.POP.TOTL,2024,5612817
LBY,リビア,SP.POP.TOTL,2000,5305021
LBY,リビア,SP.POP.TOTL,2001,5403639
LBY,リビア,SP.POP.TOTL,2002,5508410
LBY,リビア,SP.POP.TOTL,2003,5619398
LBY,リビア,SP.POP.TOTL,2004,5736693
LBY,リビア,SP.POP.TOTL,2005,5858798
LBY,リビア,SP.POP.TOTL,2006,5980211
LBY,リビア,SP.POP.TOTL,2007,6104380
LBY,リビア,SP.POP.TOTL,2008,6235430
LBY,リビア,SP.POP.TOTL,2009,6366686
LBY,リビア,SP.POP.TOTL,2010,6497839
LBY,リビア,SP.POP.TOTL,2011,6343203
LBY,リビア,SP.POP.TOTL,2012,6179328
LBY,リビア,SP.POP.TOTL,2013,6304628
LBY,リビア,SP.POP.TOTL,2014,6427252
LBY,リビア,SP.POP.TOTL,2015,6531819
LBY,リビア,SP.POP.TOTL,2016,6632126
LBY,リビア,SP.POP.TOTL,2017,6738770
LBY,リビア,SP.POP.TOTL,2018,6849055
LBY,リビア,SP.POP.TOTL,2019,6951033
LBY,リビア,SP.POP.TOTL,2020,7045399
LBY,リビア,SP.POP.TOTL,2021,7135175
LBY,リビア,SP.POP.TOTL,2022,7223805
LBY,リビア,SP.POP.TOTL,2023,7305659
LBY,リビア,SP.POP.TOTL,2024,7381023
LSO,レソト,SP.POP.TOTL,2000,2003913
LSO,レソト,SP.POP.TOTL,2001,2000853
LSO,レソト,SP.POP.TOTL,2002,1994679
LSO,レソト,SP.POP.TOTL,2003,1985059
LSO,レソト,SP.POP.TOTL,2004,1971129
LSO,レソト,SP.POP.TOTL,2005,1953076
LSO,レソト,SP.POP.TOTL,2006,1945063
LSO,レソト,SP.POP.TOTL,2007,1953268
LSO,レソト,SP.POP.TOTL,2008,1966541
LSO,レソト,SP.POP.TOTL,2009,1980883
LSO,レソト,SP.POP.TOTL,2010,1996251
LSO,レソト,SP.POP.TOTL,2011,2014009
LSO,レソト,SP.POP.TOTL,2012,2034354
LSO,レソト,SP.POP.TOTL,2013,2056504
LSO,レソト,SP.POP.TOTL,2014,2080089
LSO,レソト,SP.POP.TOTL,2015,2104611
LSO,レソト,SP.POP.TOTL,2016,2130422
LSO,レソト,SP.POP.TOTL,2017,2157110
LSO,レソト,SP.POP.TOTL,2018,2183603
LSO,レソト,SP.POP.TOTL,2019,2209405
LSO,レソト,SP.POP.TOTL,2020,2235727
LSO,レソト,SP.POP.TOTL,2021,2261542
LSO,レソト,SP.POP.TOTL,2022,2286110
LSO,レソト,SP.POP.TOTL,2023,2311472
LSO,レソト,SP.POP.TOTL,2024,2337423
MAR,モロッコ,SP.POP.TOTL,2000,28423435
MAR,モロッコ,SP.POP.TOTL,2001,28814643
MAR,モロッコ,SP.POP.TOTL,2002,29198142
MAR,モロッコ,SP.POP.TOTL,2003,29571415
MAR,モロッコ,SP.POP.TOTL,2004,29953018
MAR,モロッコ,SP.POP.TOTL,2005,30358144
MAR,モロッコ,SP.POP.TOTL,2006,30771178
MAR,モロッコ,SP.POP.TOTL,2007,31186468
MAR,モロッコ,SP.POP.TOTL,2008,31606767
MAR,モロッコ,SP.POP.TOTL,2009,32030778
MAR,モロッコ,SP.POP.TOTL,2010,32467016
MAR,モロッコ,SP.POP.TOTL,2011,32912588
MAR,モロッコ,SP.POP.TOTL,2012,33355241
MAR,モロッコ,SP.POP.TOTL,2013,33787571
MAR,モロッコ,SP.POP.TOTL,2014,34204780
MAR,モロッコ,SP.POP.TOTL,2015,34607588
MAR,モロッコ,SP.POP.TOTL,2016,35023457
MAR,モロッコ,SP.POP.TOTL,2017,35446392
MAR,モロッコ,SP.POP.TOTL,2018,35839760
MAR,モロッコ,SP.POP.TOTL,2019,36210898
MAR,モロッコ,SP.POP.TOTL,2020,36584208
MAR,モロッコ,SP.POP.TOTL,2021,36954442
MAR,モロッコ,SP.POP.TOTL,2022,37329064
MAR,モロッコ,SP.POP.TOTL,2023,37712505
MAR,モロッコ,SP.POP.TOTL,2024,38081173
MDG,マダガスカル,SP.POP.TOTL,2000,16516338
MDG,マダガスカル,SP.POP.TOTL,2001,17032939
MDG,マダガスカル,SP.POP.TOTL,2002,17549913
MDG,マダガスカル,SP.POP.TOTL,2003,18071854
MDG,マダガスカル,SP.POP.TOTL,2004,18606608
MDG,マダガスカル,SP.POP.TOTL,2005,19159707
MDG,マダガスカル,SP.POP.TOTL,2006,19730909
MDG,マダガスカル,SP.POP.TOTL,2007,20318583
MDG,マダガスカル,SP.POP.TOTL,2008,20923840
MDG,マダガスカル,SP.POP.TOTL,2009,21547280
MDG,マダガスカル,SP.POP.TOTL,2010,22183340
MDG,マダガスカル,SP.POP.TOTL,2011,22822300
MDG,マダガスカル,SP.POP.TOTL,2012,23462438
MDG,マダガスカル,SP.POP.TOTL,2013,24109290
MDG,マダガスカル,SP.POP.TOTL,2014,24764348
MDG,マダガスカル,SP.POP.TOTL,2015,25426702
MDG,マダガスカル,SP.POP.TOTL,2016,26099952
MDG,マダガスカル,SP.POP.TOTL,2017,26788375
MDG,マダガスカル,SP.POP.TOTL,2018,27494926
MDG,マダガスカル,SP.POP.TOTL,2019,28219554
MDG,マダガスカル,SP.POP.TOTL,2020,28953556
MDG,マダガスカル,SP.POP.TOTL,2021,29691083
MDG,マダガスカル,SP.POP.TOTL,2022,30437261
MDG,マダガスカル,SP.POP.TOTL,2023,31195932
MDG,マダガスカル,SP.POP.TOTL,2024,31964956
MLI,マリ,SP.POP.TOTL,2000,11559290
MLI,マリ,SP.POP.TOTL,2001,11912158
MLI,マリ,SP.POP.TOTL,2002,12288050
MLI,マリ,SP.POP.TOTL,2003,12684955
MLI,マリ,SP.POP.TOTL,2004,13102409
MLI,マリ,SP.POP.TOTL,2005,13538647
MLI,マリ,SP.POP.TOTL,2006,13990139
MLI,マリ,SP.POP.TOTL,2007,14457775
MLI,マリ,SP.POP.TOTL,2008,14940782
MLI,マリ,SP.POP.TOTL,2009,15435539
MLI,マリ,SP.POP.TOTL,2010,15945198
MLI,マリ,SP.POP.TOTL,2011,16469049
MLI,マリ,SP.POP.TOTL,2012,16957033
MLI,マリ,SP.POP.TOTL,2013,17459615
MLI,マリ,SP.POP.TOTL,2014,18020267
MLI,マリ,SP.POP.TOTL,2015,18593022
MLI,マリ,SP.POP.TOTL,2016,19191289
MLI,マリ,SP.POP.TOTL,2017,19813011
MLI,マリ,SP.POP.TOTL,2018,20442030
MLI,マリ,SP.POP.TOTL,2019,21068405
MLI,マリ,SP.POP.TOTL,2020,21713836
MLI,マリ,SP.POP.TOTL,2021,22388630
MLI,マリ,SP.POP.TOTL,2022,23072640
MLI,マリ,SP.POP.TOTL,2023,23769127
MLI,マリ,SP.POP.TOTL,2024,24478595
MOZ,モザンビーク,SP.POP.TOTL,2000,18129653
MOZ,モザンビーク,SP.POP.TOTL,2001,18537729
MOZ,モザンビーク,SP.POP.TOTL,2002,18958338
MOZ,モザンビーク,SP.POP.TOTL,2003,19392475
MOZ,モザンビーク,SP.POP.TOTL,2004,19840313
MOZ,モザンビーク,SP.POP.TOTL,2005,20304569
MOZ,モザンビーク,SP.POP.TOTL,2006,20787087
MOZ,モザンビーク,SP.POP.TOTL,2007,21287635
MOZ,モザンビーク,SP.POP.TOTL,2008,21819036
MOZ,モザンビーク,SP.POP.TOTL,2009,22391745
MOZ,モザンビーク,SP.POP.TOTL,2010,22999235
MOZ,モザンビーク,SP.POP.TOTL,2011,23649039
MOZ,モザンビーク,SP.POP.TOTL,2012,24337846
MOZ,モザンビーク,SP.POP.TOTL,2013,25051611
MOZ,モザンビーク,SP.POP.TOTL,2014,25788475
MOZ,モザンビーク,SP.POP.TOTL,2015,26547572
MOZ,モザンビーク,SP.POP.TOTL,2016,27337105
MOZ,モザンビーク,SP.POP.TOTL,2017,28166393
MOZ,モザンビーク,SP.POP.TOTL,2018,29018644
MOZ,モザンビーク,SP.POP.TOTL,2019,29884380
MOZ,モザンビーク,SP.POP.TOTL,2020,30783688
MOZ,モザンビーク,SP.POP.TOTL,2021,31707800
MOZ,モザンビーク,SP.POP.TOTL,2022,32656246
MOZ,モザンビーク,SP.POP.TOTL,2023,33635160
MOZ,モザンビーク,SP.POP.TOTL,2024,34631766
MRT,モーリタニア,SP.POP.TOTL,2000,2613441
MRT,モーリタニア,SP.POP.TOTL,2001,2678760
MRT,モーリタニア,SP.POP.TOTL,2002,2738655
MRT,モーリタニア,SP.POP.TOTL,2003,2802046
MRT,モーリタニア,SP.POP.TOTL,2004,2868664
MRT,モーリタニア,SP.POP.TOTL,2005,2939059
MRT,モーリタニア,SP.POP.TOTL,2006,3013660
MRT,モーリタニア,SP.POP.TOTL,2007,3093059
MRT,モーリタニア,SP.POP.TOTL,2008,3183269
MRT,モーリタニア,SP.POP.TOTL,2009,3284448
MRT,モーリタニア,SP.POP.TOTL,2010,3390965
MRT,モーリタニア,SP.POP.TOTL,2011,3502811
MRT,モーリタニア,SP.POP.TOTL,2012,3619034
MRT,モーリタニア,SP.POP.TOTL,2013,3734318
MRT,モーリタニア,SP.POP.TOTL,2014,3848514
MRT,モーリタニア,SP.POP.TOTL,2015,3965959
MRT,モーリタニア,SP.POP.TOTL,2016,4086657
MRT,モーリタニア,SP.POP.TOTL,2017,4210600
MRT,モーリタニア,SP.POP.TOTL,2018,4337685
MRT,モーリタニア,SP.POP.TOTL,2019,4467708
MRT,モーリタニア,SP.POP.TOTL,2020,4600131
MRT,モーリタニア,SP.POP.TOTL,2021,4734874
MRT,モーリタニア,SP.POP.TOTL,2022,4875637
MRT,モーリタニア,SP.POP.TOTL,2023,5022441
MRT,モーリタニア,SP.POP.TOTL,2024,5169395
MUS,モーリシャス,SP.POP.TOTL,2000,1186873
MUS,モーリシャス,SP.POP.TOTL,2001,1196287
MUS,モーリシャス,SP.POP.TOTL,2002,1204621
MUS,モーリシャス,SP.POP.TOTL,2003,1213370
MUS,モーリシャス,SP.POP.TOTL,2004,1221003
MUS,モーリシャス,SP.POP.TOTL,2005,1228254
MUS,モーリシャス,SP.POP.TOTL,2006,1233996
MUS,モーリシャス,SP.POP.TOTL,2007,1239630
MUS,モーリシャス,SP.POP.TOTL,2008,1244121
MUS,モーリシャス,SP.POP.TOTL,2009,1247429
MUS,モーリシャス,SP.POP.TOTL,2010,1250400
MUS,モーリシャス,SP.POP.TOTL,2011,1252404
MUS,モーリシャス,SP.POP.TOTL,2012,1255882
MUS,モーリシャス,SP.POP.TOTL,2013,1258927
MUS,モーリシャス,SP.POP.TOTL,2014,1261208
MUS,モーリシャス,SP.POP.TOTL,2015,1262879
MUS,モーリシャス,SP.POP.TOTL,2016,1263747
MUS,モーリシャス,SP.POP.TOTL,2017,1264887
MUS,モーリシャス,SP.POP.TOTL,2018,1265577
MUS,モーリシャス,SP.POP.TOTL,2019,1265985
MUS,モーリシャス,SP.POP.TOTL,2020,1266014
MUS,モーリシャス,SP.POP.TOTL,2021,1266334
MUS,モーリシャス,SP.POP.TOTL,2022,1262523
MUS,モーリシャス,SP.POP.TOTL,2023,1248647
MUS,モーリシャス,SP.POP.TOTL,2024,1245779
MWI,マラウイ,SP.POP.TOTL,2000,11315942
MWI,マラウイ,SP.POP.TOTL,2001,11593058
MWI,マラウイ,SP.POP.TOTL,2002,11880440
MWI,マラウイ,SP.POP.TOTL,2003,12181574
MWI,マラウイ,SP.POP.TOTL,2004,12500737
MWI,マラウイ,SP.POP.TOTL,2005,12840031
MWI,マラウイ,SP.POP.TOTL,2006,13198701
MWI,マラウイ,SP.POP.TOTL,2007,13576343
MWI,マラウイ,SP.POP.TOTL,2008,13976417
MWI,マラウイ,SP.POP.TOTL,2009,14395788
MWI,マラウイ,SP.POP.TOTL,2010,14826463
MWI,マラウイ,SP.POP.TOTL,2011,15265022
MWI,マラウイ,SP.POP.TOTL,2012,15709577
MWI,マラウイ,SP.POP.TOTL,2013,16161816
MWI,マラウイ,SP.POP.TOTL,2014,16621538
MWI,マラウイ,SP.POP.TOTL,2015,17085587
MWI,マラウイ,SP.POP.TOTL,2016,17557739
MWI,マラウイ,SP.POP.TOTL,2017,18039715
MWI,マラウイ,SP.POP.TOTL,2018,18528081
MWI,マラウイ,SP.POP.TOTL,2019,19025752
MWI,マラウイ,SP.POP.TOTL,2020,19533888
MWI,マラウイ,SP.POP.TOTL,2021,20047258
MWI,マラウイ,SP.POP.TOTL,2022,20568728
MWI,マラウイ,SP.POP.TOTL,2023,21104482
MWI,マラウイ,SP.POP.TOTL,2024,21655286
NAM,ナミビア,SP.POP.TOTL,2000,1818647
NAM,ナミビア,SP.POP.TOTL,2001,1857048
NAM,ナミビア,SP.POP.TOTL,2002,1889970
NAM,ナミビア,SP.POP.TOTL,2003,1917464
NAM,ナミビア,SP.POP.TOTL,2004,1942082
NAM,ナミビア,SP.POP.TOTL,2005,1966582
NAM,ナミビア,SP.POP.TOTL,2006,1991888
NAM,ナミビア,SP.POP.TOTL,2007,2018600
NAM,ナミビア,SP.POP.TOTL,2008,2047056
NAM,ナミビア,SP.POP.TOTL,2009,2077394
NAM,ナミビア,SP.POP.TOTL,2010,2109811
NAM,ナミビア,SP.POP.TOTL,2011,2146325
NAM,ナミビア,SP.POP.TOTL,2012,2194654
NAM,ナミビア,SP.POP.TOTL,2013,2252508
NAM,ナミビア,SP.POP.TOTL,2014,2312139
NAM,ナミビア,SP.POP.TOTL,2015,2374300
NAM,ナミビア,SP.POP.TOTL,2016,2439213
NAM,ナミビア,SP.POP.TOTL,2017,2506853
NAM,ナミビア,SP.POP.TOTL,2018,2577327
NAM,ナミビア,SP.POP.TOTL,2019,2650494
NAM,ナミビア,SP.POP.TOTL,2020,2728762
NAM,ナミビア,SP.POP.TOTL,2021,2810548
NAM,ナミビア,SP.POP.TOTL,2022,2889662
NAM,ナミビア,SP.POP.TOTL,2023,2963095
NAM,ナミビア,SP.POP.TOTL,2024,3030131
NER,ニジェール,SP.POP.TOTL,2000,11509630
NER,ニジェール,SP.POP.TOTL,2001,11920647
NER,ニジェール,SP.POP.TOTL,2002,12349144
NER,ニジェール,SP.POP.TOTL,2003,12796984
NER,ニジェール,SP.POP.TOTL,2004,13265836
NER,ニジェール,SP.POP.TOTL,2005,13756192
NER,ニジェール,SP.POP.TOTL,2006,14268581
NER,ニジェール,SP.POP.TOTL,2007,14803610
NER,ニジェール,SP.POP.TOTL,2008,15361915
NER,ニジェール,SP.POP.TOTL,2009,15943675
NER,ニジェール,SP.POP.TOTL,2010,16548835
NER,ニジェール,SP.POP.TOTL,2011,17176283
NER,ニジェール,SP.POP.TOTL,2012,17836769
NER,ニジェール,SP.POP.TOTL,2013,18519898
NER,ニジェール,SP.POP.TOTL,2014,19215909
NER,ニジェール,SP.POP.TOTL,2015,19939498
NER,ニジェール,SP.POP.TOTL,2016,20685753
NER,ニジェール,SP.POP.TOTL,2017,21435446
NER,ニジェール,SP.POP.TOTL,2018,22188069
NER,ニジェール,SP.POP.TOTL,2019,22947757
NER,ニジェール,SP.POP.TOTL,2020,23717613
NER,ニジェール,SP.POP.TOTL,2021,24502140
NER,ニジェール,SP.POP.TOTL,2022,25311973
NER,ニジェール,SP.POP.TOTL,2023,26159867
NER,ニジェール,SP.POP.TOTL,2024,27032412
NGA,ナイジェリア,SP.POP.TOTL,2000,126382494
NGA,ナイジェリア,SP.POP.TOTL,2001,129862595
NGA,ナイジェリア,SP.POP.TOTL,2002,133471989
NGA,ナイジェリア,SP.POP.TOTL,2003,137202644
NGA,ナイジェリア,SP.POP.TOTL,2004,141057045
NGA,ナイジェリア,SP.POP.TOTL,2005,145017253
NGA,ナイジェリア,SP.POP.TOTL,2006,149077334
NGA,ナイジェリア,SP.POP.TOTL,2007,153267261
NGA,ナイジェリア,SP.POP.TOTL,2008,157595014
NGA,ナイジェリア,SP.POP.TOTL,2009,162049464
NGA,ナイジェリア,SP.POP.TOTL,2010,166642886
NGA,ナイジェリア,SP.POP.TOTL,2011,171379598
NGA,ナイジェリア,SP.POP.TOTL,2012,176200625
NGA,ナイジェリア,SP.POP.TOTL,2013,181049443
NGA,ナイジェリア,SP.POP.TOTL,2014,185896915
NGA,ナイジェリア,SP.POP.TOTL,2015,190671878
NGA,ナイジェリア,SP.POP.TOTL,2016,195443700
NGA,ナイジェリア,SP.POP.TOTL,2017,200254579
NGA,ナイジェリア,SP.POP.TOTL,2018,204938755
NGA,ナイジェリア,SP.POP.TOTL,2019,209485641
NGA,ナイジェリア,SP.POP.TOTL,2020,213996181
NGA,ナイジェリア,SP.POP.TOTL,2021,218529286
NGA,ナイジェリア,SP.POP.TOTL,2022,223150896
NGA,ナイジェリア,SP.POP.TOTL,2023,227882945
NGA,ナイジェリア,SP.POP.TOTL,2024,232679478
RWA,ルワンダ,SP.POP.TOTL,2000,8213931
RWA,ルワンダ,SP.POP.TOTL,2001,8287094
RWA,ルワンダ,SP.POP.TOTL,2002,8400180
RWA,ルワンダ,SP.POP.TOTL,2003,8586875
RWA,ルワンダ,SP.POP.TOTL,2004,8816844
RWA,ルワンダ,SP.POP.TOTL,2005,9054528
RWA,ルワンダ,SP.POP.TOTL,2006,9299246
RWA,ルワンダ,SP.POP.TOTL,2007,9549933
RWA,ルワンダ,SP.POP.TOTL,2008,9804269
RWA,ルワンダ,SP.POP.TOTL,2009,10060432
RWA,ルワンダ,SP.POP.TOTL,2010,10317553
RWA,ルワンダ,SP.POP.TOTL,2011,10573733
RWA,ルワンダ,SP.POP.TOTL,2012,10829901
RWA,ルワンダ,SP.POP.TOTL,2013,11093340
RWA,ルワンダ,SP.POP.TOTL,2014,11364757
RWA,ルワンダ,SP.POP.TOTL,2015,11640022
RWA,ルワンダ,SP.POP.TOTL,2016,11919183
RWA,ルワンダ,SP.POP.TOTL,2017,12202060
RWA,ルワンダ,SP.POP.TOTL,2018,12487996
RWA,ルワンダ,SP.POP.TOTL,2019,12776103
RWA,ルワンダ,SP.POP.TOTL,2020,13065837
RWA,ルワンダ,SP.POP.TOTL,2021,13355260
RWA,ルワンダ,SP.POP.TOTL,2022,13651030
RWA,ルワンダ,SP.POP.TOTL,2023,13954471
RWA,ルワンダ,SP.POP.TOTL,2024,14256567
SDN,スーダン,SP.POP.TOTL,2000,27816745
SDN,スーダン,SP.POP.TOTL,2001,28516770
SDN,スーダン,SP.POP.TOTL,2002,29228727
SDN,スーダン,SP.POP.TOTL,2003,29896035
SDN,スーダン,SP.POP.TOTL,2004,30556637
SDN,スーダン,SP.POP.TOTL,2005,31262444
SDN,スーダン,SP.POP.TOTL,2006,31992435
SDN,スーダン,SP.POP.TOTL,2007,32764135
SDN,スーダン,SP.POP.TOTL,2008,33623980
SDN,スーダン,SP.POP.TOTL,2009,34569113
SDN,スーダン,SP.POP.TOTL,2010,35414399
SDN,スーダン,SP.POP.TOTL,2011,36140806
SDN,スーダン,SP.POP.TOTL,2012,36923178
SDN,スーダン,SP.POP.TOTL,2013,37785849
SDN,スーダン,SP.POP.TOTL,2014,38823318
SDN,スーダン,SP.POP.TOTL,2015,40024431
SDN,スーダン,SP.POP.TOTL,2016,41259892
SDN,スーダン,SP.POP.TOTL,2017,42714306
SDN,スーダン,SP.POP.TOTL,2018,44230596
SDN,スーダン,SP.POP.TOTL,2019,45548175
SDN,スーダン,SP.POP.TOTL,2020,46789231
SDN,スーダン,SP.POP.TOTL,2021,48066924
SDN,スーダン,SP.POP.TOTL,2022,49383346
SDN,スーダン,SP.POP.TOTL,2023,50042791
SDN,スーダン,SP.POP.TOTL,2024,50448963
SEN,セネガル,SP.POP.TOTL,2000,9968260
SEN,セネガル,SP.POP.TOTL,2001,10212942
SEN,セネガル,SP.POP.TOTL,2002,10466214
SEN,セネガル,SP.POP.TOTL,2003,10721176
SEN,セネガル,SP.POP.TOTL,2004,10975704
SEN,セネガル,SP.POP.TOTL,2005,11235472
SEN,セネガル,SP.POP.TOTL,2006,11500094
SEN,セネガル,SP.POP.TOTL,2007,11770344
SEN,セネガル,SP.POP.TOTL,2008,12048959
SEN,セネガル,SP.POP.TOTL,2009,12337389
SEN,セネガル,SP.POP.TOTL,2010,12635413
SEN,セネガル,SP.POP.TOTL,2011,12958897
SEN,セネガル,SP.POP.TOTL,2012,13310495
SEN,セネガル,SP.POP.TOTL,2013,13710849
SEN,セネガル,SP.POP.TOTL,2014,14152102
SEN,セネガル,SP.POP.TOTL,2015,14593331
SEN,セネガル,SP.POP.TOTL,2016,15034521
SEN,セネガル,SP.POP.TOTL,2017,15475002
SEN,セネガル,SP.POP.TOTL,2018,15914498
SEN,セネガル,SP.POP.TOTL,2019,16352922
SEN,セネガル,SP.POP.TOTL,2020,16789219
SEN,セネガル,SP.POP.TOTL,2021,17220867
SEN,セネガル,SP.POP.TOTL,2022,17651103
SEN,セネガル,SP.POP.TOTL,2023,18077573
SEN,セネガル,SP.POP.TOTL,2024,18501984
SLE,シエラレオネ,SP.POP.TOTL,2000,4423611
SLE,シエラレオネ,SP.POP.TOTL,2001,4692716
SLE,シエラレオネ,SP.POP.TOTL,2002,4971435
SLE,シエラレオネ,SP.POP.TOTL,2003,5177687
SLE,シエラレオネ,SP.POP.TOTL,2004,5355717
SLE,シエラレオネ,SP.POP.TOTL,2005,5501712
SLE,シエラレオネ,SP.POP.TOTL,2006,5624466
SLE,シエラレオネ,SP.POP.TOTL,2007,5749352
SLE,シエラレオネ,SP.POP.TOTL,2008,5894722
SLE,シエラレオネ,SP.POP.TOTL,2009,6055646
SLE,シエラレオネ,SP.POP.TOTL,2010,6222714
SLE,シエラレオネ,SP.POP.TOTL,2011,6387251
SLE,シエラレオネ,SP.POP.TOTL,2012,6551080
SLE,シエラレオネ,SP.POP.TOTL,2013,6714051
SLE,シエラレオネ,SP.POP.TOTL,2014,6876385
SLE,シエラレオネ,SP.POP.TOTL,2015,7037655
SLE,シエラレオネ,SP.POP.TOTL,2016,7205328
SLE,シエラレオネ,SP.POP.TOTL,2017,7379299
SLE,シエラレオネ,SP.POP.TOTL,2018,7554563
SLE,シエラレオネ,SP.POP.TOTL,2019,7731991
SLE,シエラレオネ,SP.POP.TOTL,2020,7912558
SLE,シエラレオネ,SP.POP.TOTL,2021,8094602
SLE,シエラレオネ,SP.POP.TOTL,2022,8276807
SLE,シエラレオネ,SP.POP.TOTL,2023,8460512
SLE,シエラレオネ,SP.POP.TOTL,2024,8642022
SOM,ソマリア,SP.POP.TOTL,2000,8838713
SOM,ソマリア,SP.POP.TOTL,2001,9198493
SOM,ソマリア,SP.POP.TOTL,2002,9550063
SOM,ソマリア,SP.POP.TOTL,2003,9909157
SOM,ソマリア,SP.POP.TOTL,2004,10280998
SOM,ソマリア,SP.POP.TOTL,2005,10644228
SOM,ソマリア,SP.POP.TOTL,2006,10975502
SOM,ソマリア,SP.POP.TOTL,2007,11322582
SOM,ソマリア,SP.POP.TOTL,2008,11663084
SOM,ソマリア,SP.POP.TOTL,2009,11961201
SOM,ソマリア,SP.POP.TOTL,2010,12261756
SOM,ソマリア,SP.POP.TOTL,2011,12348830
SOM,ソマリア,SP.POP.TOTL,2012,12461160
SOM,ソマリア,SP.POP.TOTL,2013,12869594
SOM,ソマリア,SP.POP.TOTL,2014,13339491
SOM,ソマリア,SP.POP.TOTL,2015,13806963
SOM,ソマリア,SP.POP.TOTL,2016,14348740
SOM,ソマリア,SP.POP.TOTL,2017,14916629
SOM,ソマリア,SP.POP.TOTL,2018,15452487
SOM,ソマリア,SP.POP.TOTL,2019,16030971
SOM,ソマリア,SP.POP.TOTL,2020,16651191
SOM,ソマリア,SP.POP.TOTL,2021,17271431
SOM,ソマリア,SP.POP.TOTL,2022,17801897
SOM,ソマリア,SP.POP.TOTL,2023,18358615
SOM,ソマリア,SP.POP.TOTL,2024,19009151
SSD,南スーダン,SP.POP.TOTL,2000,6032267
SSD,南スーダン,SP.POP.TOTL,2001,6308391
SSD,南スーダン,SP.POP.TOTL,2002,6596806
SSD,南スーダン,SP.POP.TOTL,2003,6903127
SSD,南スーダン,SP.POP.TOTL,2004,7233041
SSD,南スーダン,SP.POP.TOTL,2005,7590143
SSD,南スーダン,SP.POP.TOTL,2006,7976526
SSD,南スーダン,SP.POP.TOTL,2007,8388788
SSD,南スーダン,SP.POP.TOTL,2008,8817647
SSD,南スーダン,SP.POP.TOTL,2009,9243556
SSD,南スーダン,SP.POP.TOTL,2010,9745953
SSD,南スーダン,SP.POP.TOTL,2011,10288109
SSD,南スーダン,SP.POP.TOTL,2012,10756240
SSD,南スーダン,SP.POP.TOTL,2013,11166275
SSD,南スーダン,SP.POP.TOTL,2014,11235073
SSD,南スーダン,SP.POP.TOTL,2015,11107561
SSD,南スーダン,SP.POP.TOTL,2016,10830102
SSD,南スーダン,SP.POP.TOTL,2017,10259154
SSD,南スーダン,SP.POP.TOTL,2018,10122977
SSD,南スーダン,SP.POP.TOTL,2019,10423384
SSD,南スーダン,SP.POP.TOTL,2020,10698467
SSD,南スーダン,SP.POP.TOTL,2021,10865780
SSD,南スーダン,SP.POP.TOTL,2022,11021177
SSD,南スーダン,SP.POP.TOTL,2023,11483374
SSD,南スーダン,SP.POP.TOTL,2024,11943408
STP,サントメ・プリンシペ,SP.POP.TOTL,2000,144018
STP,サントメ・プリンシペ,SP.POP.TOTL,2001,146375
STP,サントメ・プリンシペ,SP.POP.TOTL,2002,149922
STP,サントメ・プリンシペ,SP.POP.TOTL,2003,153814
STP,サントメ・プリンシペ,SP.POP.TOTL,2004,157705
STP,サントメ・プリンシペ,SP.POP.TOTL,2005,161639
STP,サントメ・プリンシペ,SP.POP.TOTL,2006,165638
STP,サントメ・プリンシペ,SP.POP.TOTL,2007,169700
STP,サントメ・プリンシペ,SP.POP.TOTL,2008,173793
STP,サントメ・プリンシペ,SP.POP.TOTL,2009,177853
STP,サントメ・プリンシペ,SP.POP.TOTL,2010,181802
STP,サントメ・プリンシペ,SP.POP.TOTL,2011,185649
STP,サントメ・プリンシペ,SP.POP.TOTL,2012,189439
STP,サントメ・プリンシペ,SP.POP.TOTL,2013,193148
STP,サントメ・プリンシペ,SP.POP.TOTL,2014,196767
STP,サントメ・プリンシペ,SP.POP.TOTL,2015,200291
STP,サントメ・プリンシペ,SP.POP.TOTL,2016,203689
STP,サントメ・プリンシペ,SP.POP.TOTL,2017,206970
STP,サントメ・プリンシペ,SP.POP.TOTL,2018,210187
STP,サントメ・プリンシペ,SP.POP.TOTL,2019,213392
STP,サントメ・プリンシペ,SP.POP.TOTL,2020,217435
STP,サントメ・プリンシペ,SP.POP.TOTL,2021,221961
STP,サントメ・プリンシペ,SP.POP.TOTL,2022,226305
STP,サントメ・プリンシペ,SP.POP.TOTL,2023,230871
STP,サントメ・プリンシペ,SP.POP.TOTL,2024,235536
SWZ,エスワティニ,SP.POP.TOTL,2000,1041414
SWZ,エスワティニ,SP.POP.TOTL,2001,1051064
SWZ,エスワティニ,SP.POP.TOTL,2002,1059441
SWZ,エスワティニ,SP.POP.TOTL,2003,1066700
SWZ,エスワティニ,SP.POP.TOTL,2004,1073159
SWZ,エスワティニ,SP.POP.TOTL,2005,1079022
SWZ,エスワティニ,SP.POP.TOTL,2006,1084436
SWZ,エスワティニ,SP.POP.TOTL,2007,1090705
SWZ,エスワティニ,SP.POP.TOTL,2008,1098091
SWZ,エスワティニ,SP.POP.TOTL,2009,1105153
SWZ,エスワティニ,SP.POP.TOTL,2010,1111650
SWZ,エスワティニ,SP.POP.TOTL,2011,1117833
SWZ,エスワティニ,SP.POP.TOTL,2012,1123863
SWZ,エスワティニ,SP.POP.TOTL,2013,1129990
SWZ,エスワティニ,SP.POP.TOTL,2014,1136299
SWZ,エスワティニ,SP.POP.TOTL,2015,1142813
SWZ,エスワティニ,SP.POP.TOTL,2016,1149507
SWZ,エスワティニ,SP.POP.TOTL,2017,1158195
SWZ,エスワティニ,SP.POP.TOTL,2018,1168929
SWZ,エスワティニ,SP.POP.TOTL,2019,1179874
SWZ,エスワティニ,SP.POP.TOTL,2020,1192729
SWZ,エスワティニ,SP.POP.TOTL,2021,1206593
SWZ,エスワティニ,SP.POP.TOTL,2022,1218917
SWZ,エスワティニ,SP.POP.TOTL,2023,1230506
SWZ,エスワティニ,SP.POP.TOTL,2024,1242822
SYC,セーシェル,SP.POP.TOTL,2000,81131
SYC,セーシェル,SP.POP.TOTL,2001,81202
SYC,セーシェル,SP.POP.TOTL,2002,83723
SYC,セーシェル,SP.POP.TOTL,2003,82781
SYC,セーシェル,SP.POP.TOTL,2004,82475
SYC,セーシェル,SP.POP.TOTL,2005,82858
SYC,セーシェル,SP.POP.TOTL,2006,84600
SYC,セーシェル,SP.POP.TOTL,2007,85033
SYC,セーシェル,SP.POP.TOTL,2008,86956
SYC,セーシェル,SP.POP.TOTL,2009,87298
SYC,セーシェル,SP.POP.TOTL,2010,89770
SYC,セーシェル,SP.POP.TOTL,2011,87441
SYC,セーシェル,SP.POP.TOTL,2012,88303
SYC,セーシェル,SP.POP.TOTL,2013,89949
SYC,セーシェル,SP.POP.TOTL,2014,91359
SYC,セーシェル,SP.POP.TOTL,2015,93419
SYC,セーシェル,SP.POP.TOTL,2016,94677
SYC,セーシェル,SP.POP.TOTL,2017,95843
SYC,セーシェル,SP.POP.TOTL,2018,96762
SYC,セーシェル,SP.POP.TOTL,2019,97625
SYC,セーシェル,SP.POP.TOTL,2020,98462
SYC,セーシェル,SP.POP.TOTL,2021,99258
SYC,セーシェル,SP.POP.TOTL,2022,119878
SYC,セーシェル,SP.POP.TOTL,2023,119773
SYC,セーシェル,SP.POP.TOTL,2024,121354
TCD,チャド,SP.POP.TOTL,2000,8512093
TCD,チャド,SP.POP.TOTL,2001,8804124
TCD,チャド,SP.POP.TOTL,2002,9116192
TCD,チャド,SP.POP.TOTL,2003,9487833
TCD,チャド,SP.POP.TOTL,2004,9920036
TCD,チャド,SP.POP.TOTL,2005,10328092
TCD,チャド,SP.POP.TOTL,2006,10706424
TCD,チャド,SP.POP.TOTL,2007,11081660
TCD,チャド,SP.POP.TOTL,2008,11476296
TCD,チャド,SP.POP.TOTL,2009,11893754
TCD,チャド,SP.POP.TOTL,2010,12312575
TCD,チャド,SP.POP.TOTL,2011,12754997
TCD,チャド,SP.POP.TOTL,2012,13210998
TCD,チャド,SP.POP.TOTL,2013,13691079
TCD,チャド,SP.POP.TOTL,2014,14188678
TCD,チャド,SP.POP.TOTL,2015,14647621
TCD,チャド,SP.POP.TOTL,2016,15114655
TCD,チャド,SP.POP.TOTL,2017,15622759
TCD,チャド,SP.POP.TOTL,2018,16156531
TCD,チャド,SP.POP.TOTL,2019,16685223
TCD,チャド,SP.POP.TOTL,2020,17224679
TCD,チャド,SP.POP.TOTL,2021,17828273
TCD,チャド,SP.POP.TOTL,2022,18455316
TCD,チャド,SP.POP.TOTL,2023,19319064
TCD,チャド,SP.POP.TOTL,2024,20299123
TGO,トーゴ,SP.POP.TOTL,2000,4783722
TGO,トーゴ,SP.POP.TOTL,2001,4904144
TGO,トーゴ,SP.POP.TOTL,2002,5027130
TGO,トーゴ,SP.POP.TOTL,2003,5154112
TGO,トーゴ,SP.POP.TOTL,2004,5281320
TGO,トーゴ,SP.POP.TOTL,2005,5413154
TGO,トーゴ,SP.POP.TOTL,2006,5569664
TGO,トーゴ,SP.POP.TOTL,2007,5748443
TGO,トーゴ,SP.POP.TOTL,2008,5936138
TGO,トーゴ,SP.POP.TOTL,2009,6130946
TGO,トーゴ,SP.POP.TOTL,2010,6325788
TGO,トーゴ,SP.POP.TOTL,2011,6500582
TGO,トーゴ,SP.POP.TOTL,2012,6653718
TGO,トーゴ,SP.POP.TOTL,2013,6798848
TGO,トーゴ,SP.POP.TOTL,2014,6937644
TGO,トーゴ,SP.POP.TOTL,2015,7071502
TGO,トーゴ,SP.POP.TOTL,2016,7200884
TGO,トーゴ,SP.POP.TOTL,2017,7324386
TGO,トーゴ,SP.POP.TOTL,2018,7458206
TGO,トーゴ,SP.POP.TOTL,2019,7619925
TGO,トーゴ,SP.POP.TOTL,2020,7788054
TGO,トーゴ,SP.POP.TOTL,2021,7936176
TGO,トーゴ,SP.POP.TOTL,2022,8068616
TGO,トーゴ,SP.POP.TOTL,2023,8223850
TGO,トーゴ,SP.POP.TOTL,2024,8406558
TUN,チュニジア,SP.POP.TOTL,2000,9764935
TUN,チュニジア,SP.POP.TOTL,2001,9869677
TUN,チュニジア,SP.POP.TOTL,2002,9971515
TUN,チュニジア,SP.POP.TOTL,2003,10071632
TUN,チュニジア,SP.POP.TOTL,2004,10166163
TUN,チュニジア,SP.POP.TOTL,2005,10255472
TUN,チュニジア,SP.POP.TOTL,2006,10346410
TUN,チュニジア,SP.POP.TOTL,2007,10441702
TUN,チュニジア,SP.POP.TOTL,2008,10542635
TUN,チュニジア,SP.POP.TOTL,2009,10650681
TUN,チュニジア,SP.POP.TOTL,2010,10765980
TUN,チュニジア,SP.POP.TOTL,2011,10886035
TUN,チュニジア,SP.POP.TOTL,2012,11009647
TUN,チュニジア,SP.POP.TOTL,2013,11141361
TUN,チュニジア,SP.POP.TOTL,2014,11274288
TUN,チュニジア,SP.POP.TOTL,2015,11402264
TUN,チュニジア,SP.POP.TOTL,2016,11528674
TUN,チュニジア,SP.POP.TOTL,2017,11650498
TUN,チュニジア,SP.POP.TOTL,2018,11765514
TUN,チュニジア,SP.POP.TOTL,2019,11875081
TUN,チュニジア,SP.POP.TOTL,2020,11974057
TUN,チュニジア,SP.POP.TOTL,2021,12048622
TUN,チュニジア,SP.POP.TOTL,2022,12119334
TUN,チュニジア,SP.POP.TOTL,2023,12200431
TUN,チュニジア,SP.POP.TOTL,2024,12277109
TZA,タンザニア,SP.POP.TOTL,2000,34260139
TZA,タンザニア,SP.POP.TOTL,2001,35198299
TZA,タンザニア,SP.POP.TOTL,2002,36121304
TZA,タンザニア,SP.POP.TOTL,2003,37089555
TZA,タンザニア,SP.POP.TOTL,2004,38109668
TZA,タンザニア,SP.POP.TOTL,2005,39182076
TZA,タンザニア,SP.POP.TOTL,2006,40294902
TZA,タンザニア,SP.POP.TOTL,2007,41435512
TZA,タンザニア,SP.POP.TOTL,2008,42570728
TZA,タンザニア,SP.POP.TOTL,2009,43633982
TZA,タンザニア,SP.POP.TOTL,2010,44758488
TZA,タンザニア,SP.POP.TOTL,2011,46029367
TZA,タンザニア,SP.POP.TOTL,2012,47374260
TZA,タンザニア,SP.POP.TOTL,2013,48824128
TZA,タンザニア,SP.POP.TOTL,2014,50351512
TZA,タンザニア,SP.POP.TOTL,2015,52020962
TZA,タンザニア,SP.POP.TOTL,2016,53824013
TZA,タンザニア,SP.POP.TOTL,2017,55652890
TZA,タンザニア,SP.POP.TOTL,2018,57437145
TZA,タンザニア,SP.POP.TOTL,2019,59174891
TZA,タンザニア,SP.POP.TOTL,2020,60972798
TZA,タンザニア,SP.POP.TOTL,2021,62830412
TZA,タンザニア,SP.POP.TOTL,2022,64711821
TZA,タンザニア,SP.POP.TOTL,2023,66617606
TZA,タンザニア,SP.POP.TOTL,2024,68560157
UGA,ウガンダ,SP.POP.TOTL,2000,24000150
UGA,ウガンダ,SP.POP.TOTL,2001,24745676
UGA,ウガンダ,SP.POP.TOTL,2002,25532870
UGA,ウガンダ,SP.POP.TOTL,2003,26352124
UGA,ウガンダ,SP.POP.TOTL,2004,27154515
UGA,ウガンダ,SP.POP.TOTL,2005,27963289
UGA,ウガンダ,SP.POP.TOTL,2006,28794003
UGA,ウガンダ,SP.POP.TOTL,2007,29653430
UGA,ウガンダ,SP.POP.TOTL,2008,30539553
UGA,ウガンダ,SP.POP.TOTL,2009,31451151
UGA,ウガンダ,SP.POP.TOTL,2010,32390802
UGA,ウガンダ,SP.POP.TOTL,2011,33354543
UGA,ウガンダ,SP.POP.TOTL,2012,34337438
UGA,ウガンダ,SP.POP.TOTL,2013,35337042
UGA,ウガンダ,SP.POP.TOTL,2014,36395539
UGA,ウガンダ,SP.POP.TOTL,2015,37531446
UGA,ウガンダ,SP.POP.TOTL,2016,38799152
UGA,ウガンダ,SP.POP.TOTL,2017,40177388
UGA,ウガンダ,SP.POP.TOTL,2018,41565831
UGA,ウガンダ,SP.POP.TOTL,2019,42999637
UGA,ウガンダ,SP.POP.TOTL,2020,44457152
UGA,ウガンダ,SP.POP.TOTL,2021,45910930
UGA,ウガンダ,SP.POP.TOTL,2022,47312719
UGA,ウガンダ,SP.POP.TOTL,2023,48656601
UGA,ウガンダ,SP.POP.TOTL,2024,50015092
ZAF,南アフリカ共和国,SP.POP.TOTL,2000,47159719
ZAF,南アフリカ共和国,SP.POP.TOTL,2001,47566800
ZAF,南アフリカ共和国,SP.POP.TOTL,2002,48019415
ZAF,南アフリカ共和国,SP.POP.TOTL,2003,48500348
ZAF,南アフリカ共和国,SP.POP.TOTL,2004,48991421
ZAF,南アフリカ共和国,SP.POP.TOTL,2005,49490033
ZAF,南アフリカ共和国,SP.POP.TOTL,2006,49998277
ZAF,南アフリカ共和国,SP.POP.TOTL,2007,50528584
ZAF,南アフリカ共和国,SP.POP.TOTL,2008,51114599
ZAF,南アフリカ共和国,SP.POP.TOTL,2009,51728516
ZAF,南アフリカ共和国,SP.POP.TOTL,2010,52344051
ZAF,南アフリカ共和国,SP.POP.TOTL,2011,52995205
ZAF,南アフリカ共和国,SP.POP.TOTL,2012,53782567
ZAF,南アフリカ共和国,SP.POP.TOTL,2013,54678791
ZAF,南アフリカ共和国,SP.POP.TOTL,2014,55594838
ZAF,南アフリカ共和国,SP.POP.TOTL,2015,56723537
ZAF,南アフリカ共和国,SP.POP.TOTL,2016,57259551
ZAF,南アフリカ共和国,SP.POP.TOTL,2017,57635162
ZAF,南アフリカ共和国,SP.POP.TOTL,2018,58613001
ZAF,南アフリカ共和国,SP.POP.TOTL,2019,59587885
ZAF,南アフリカ共和国,SP.POP.TOTL,2020,60562381
ZAF,南アフリカ共和国,SP.POP.TOTL,2021,61502603
ZAF,南アフリカ共和国,SP.POP.TOTL,2022,62378410
ZAF,南アフリカ共和国,SP.POP.TOTL,2023,63212384
ZAF,南アフリカ共和国,SP.POP.TOTL,2024,64007187
ZMB,ザンビア,SP.POP.TOTL,2000,10017631
ZMB,ザンビア,SP.POP.TOTL,2001,10325185
ZMB,ザンビア,SP.POP.TOTL,2002,10647949
ZMB,ザンビア,SP.POP.TOTL,2003,10983595
ZMB,ザンビア,SP.POP.TOTL,2004,11338198
ZMB,ザンビア,SP.POP.TOTL,2005,11718819
ZMB,ザンビア,SP.POP.TOTL,2006,12129553
ZMB,ザンビア,SP.POP.TOTL,2007,12565085
ZMB,ザンビア,SP.POP.TOTL,2008,13021324
ZMB,ザンビア,SP.POP.TOTL,2009,13490389
ZMB,ザンビア,SP.POP.TOTL,2010,13965594
ZMB,ザンビア,SP.POP.TOTL,2011,14437796
ZMB,ザンビア,SP.POP.TOTL,2012,14913629
ZMB,ザンビア,SP.POP.TOTL,2013,15398997
ZMB,ザンビア,SP.POP.TOTL,2014,15895315
ZMB,ザンビア,SP.POP.TOTL,2015,16399089
ZMB,ザンビア,SP.POP.TOTL,2016,16914423
ZMB,ザンビア,SP.POP.TOTL,2017,17441320
ZMB,ザンビア,SP.POP.TOTL,2018,17973569
ZMB,ザンビア,SP.POP.TOTL,2019,18513839
ZMB,ザンビア,SP.POP.TOTL,2020,19059395
ZMB,ザンビア,SP.POP.TOTL,2021,19603607
ZMB,ザンビア,SP.POP.TOTL,2022,20152938
ZMB,ザンビア,SP.POP.TOTL,2023,20723965
ZMB,ザンビア,SP.POP.TOTL,2024,21314956
ZWE,ジンバブエ,SP.POP.TOTL,2000,11892055
ZWE,ジンバブエ,SP.POP.TOTL,2001,11971901
ZWE,ジンバブエ,SP.POP.TOTL,2002,12087653
ZWE,ジンバブエ,SP.POP.TOTL,2003,12232323
ZWE,ジンバブエ,SP.POP.TOTL,2004,12365896
ZWE,ジンバブエ,SP.POP.TOTL,2005,12483432
ZWE,ジンバブエ,SP.POP.TOTL,2006,12636445
ZWE,ジンバブエ,SP.POP.TOTL,2007,12804058
ZWE,ジンバブエ,SP.POP.TOTL,2008,12959149
ZWE,ジンバブエ,SP.POP.TOTL,2009,13142790
ZWE,ジンバブエ,SP.POP.TOTL,2010,13356548
ZWE,ジンバブエ,SP.POP.TOTL,2011,13595424
ZWE,ジンバブエ,SP.POP.TOTL,2012,13817887
ZWE,ジンバブエ,SP.POP.TOTL,2013,14013808
ZWE,ジンバブエ,SP.POP.TOTL,2014,14207359
ZWE,ジンバブエ,SP.POP.TOTL,2015,14399013
ZWE,ジンバブエ,SP.POP.TOTL,2016,14600294
ZWE,ジンバブエ,SP.POP.TOTL,2017,14812482
ZWE,ジンバブエ,SP.POP.TOTL,2018,15034452
ZWE,ジンバブエ,SP.POP.TOTL,2019,15271368
ZWE,ジンバブエ,SP.POP.TOTL,2020,15526888
ZWE,ジンバブエ,SP.POP.TOTL,2021,15797210
ZWE,ジンバブエ,SP.POP.TOTL,2022,16069056
ZWE,ジンバブエ,SP.POP.TOTL,2023,16340822
ZWE,ジンバブエ,SP.POP.TOTL,2024,16634373
AGO,アンゴラ,EN.POP.DNST,2000,12.9901892997513
AGO,アンゴラ,EN.POP.DNST,2001,13.4332301275367
AGO,アンゴラ,EN.POP.DNST,2002,13.8988521697281
AGO,アンゴラ,EN.POP.DNST,2003,14.392967032967
AGO,アンゴラ,EN.POP.DNST,2004,14.9197264779017
AGO,アンゴラ,EN.POP.DNST,2005,15.4737795780861
AGO,アンゴラ,EN.POP.DNST,2006,16.0546073634395
AGO,アンゴラ,EN.POP.DNST,2007,16.6668492821048
AGO,アンゴラ,EN.POP.DNST,2008,17.3086187535093
AGO,アンゴラ,EN.POP.DNST,2009,17.9792837089917
AGO,アンゴラ,EN.POP.DNST,2010,18.6851888986925
AGO,アンゴラ,EN.POP.DNST,2011,19.4259661506377
AGO,アンゴラ,EN.POP.DNST,2012,20.1952306088073
AGO,アンゴラ,EN.POP.DNST,2013,20.9879040667362
AGO,アンゴラ,EN.POP.DNST,2014,21.7861305847437
AGO,アンゴラ,EN.POP.DNST,2015,22.5858650838213
AGO,アンゴラ,EN.POP.DNST,2016,23.4082537900056
AGO,アンゴラ,EN.POP.DNST,2017,24.2518962059838
AGO,アンゴラ,EN.POP.DNST,2018,25.1039985561883
AGO,アンゴラ,EN.POP.DNST,2019,25.969063928772
AGO,アンゴラ,EN.POP.DNST,2020,26.8317413972888
AGO,アンゴラ,EN.POP.DNST,2021,27.6990687414775
AGO,アンゴラ,EN.POP.DNST,2022,28.5834835966953
AGO,アンゴラ,EN.POP.DNST,2023,29.4777460495709
AGO,アンゴラ,EN.POP.DNST,2024,
BDI,ブルンジ,EN.POP.DNST,2000,251.954595015576
BDI,ブルンジ,EN.POP.DNST,2001,258.347546728972
BDI,ブルンジ,EN.POP.DNST,2002,265.73722741433
BDI,ブルンジ,EN.POP.DNST,2003,274.266121495327
BDI,ブルンジ,EN.POP.DNST,2004,284.682866043614
BDI,ブルンジ,EN.POP.DNST,2005,295.455568535826
BDI,ブルンジ,EN.POP.DNST,2006,306.290771028037
BDI,ブルンジ,EN.POP.DNST,2007,317.829984423676
BDI,ブルンジ,EN.POP.DNST,2008,331.216394080997
BDI,ブルンジ,EN.POP.DNST,2009,348.428582554517
BDI,ブルンジ,EN.POP.DNST,2010,365.126323987539
BDI,ブルンジ,EN.POP.DNST,2011,378.425934579439
BDI,ブルンジ,EN.POP.DNST,2012,392.173987538941
BDI,ブルンジ,EN.POP.DNST,2013,406.516394080997
BDI,ブルンジ,EN.POP.DNST,2014,420.552375389408
BDI,ブルンジ,EN.POP.DNST,2015,430.201713395639
BDI,ブルンジ,EN.POP.DNST,2016,437.673325545171
BDI,ブルンジ,EN.POP.DNST,2017,448.082632398754
BDI,ブルンジ,EN.POP.DNST,2018,461.816433021807
BDI,ブルンジ,EN.POP.DNST,2019,477.232710280374
BDI,ブルンジ,EN.POP.DNST,2020,491.317601246106
BDI,ブルンジ,EN.POP.DNST,2021,504.886331775701
BDI,ブルンジ,EN.POP.DNST,2022,518.734306853583
BDI,ブルンジ,EN.POP.DNST,2023,533.078271028037
BDI,ブルンジ,EN.POP.DNST,2024,
BEN,ベナン,EN.POP.DNST,2000,64.0441557289819
BEN,ベナン,EN.POP.DNST,2001,66.0304717985101
BEN,ベナン,EN.POP.DNST,2002,68.0686945725434
BEN,ベナン,EN.POP.DNST,2003,70.1762149698475
BEN,ベナン,EN.POP.DNST,2004,72.3580525008868
BEN,ベナン,EN.POP.DNST,2005,74.7263568641362
BEN,ベナン,EN.POP.DNST,2006,77.0950869102519
BEN,ベナン,EN.POP.DNST,2007,79.4073164242639
BEN,ベナン,EN.POP.DNST,2008,81.8416637105357
BEN,ベナン,EN.POP.DNST,2009,84.3333008158922
BEN,ベナン,EN.POP.DNST,2010,86.8879389854558
BEN,ベナン,EN.POP.DNST,2011,89.5142160340546
BEN,ベナン,EN.POP.DNST,2012,92.2105090457609
BEN,ベナン,EN.POP.DNST,2013,94.9701489890032
BEN,ベナン,EN.POP.DNST,2014,97.8184107839659
BEN,ベナン,EN.POP.DNST,2015,100.750984391628
BEN,ベナン,EN.POP.DNST,2016,103.741060659808
BEN,ベナン,EN.POP.DNST,2017,106.773501241575
BEN,ベナン,EN.POP.DNST,2018,109.820388435615
BEN,ベナン,EN.POP.DNST,2019,112.865865555161
BEN,ベナン,EN.POP.DNST,2020,115.911395885066
BEN,ベナン,EN.POP.DNST,2021,118.955454061724
BEN,ベナン,EN.POP.DNST,2022,122.024663001064
BEN,ベナン,EN.POP.DNST,2023,125.142195814118
BEN,ベナン,EN.POP.DNST,2024,
BFA,ブルキナファソ,EN.POP.DNST,2000,43.5875219298246
BFA,ブルキナファソ,EN.POP.DNST,2001,44.9378691520468
BFA,ブルキナファソ,EN.POP.DNST,2002,46.348307748538
BFA,ブルキナファソ,EN.POP.DNST,2003,47.8162719298246
BFA,ブルキナファソ,EN.POP.DNST,2004,49.3440533625731
BFA,ブルキナファソ,EN.POP.DNST,2005,50.9215021929825
BFA,ブルキナファソ,EN.POP.DNST,2006,52.5354788011696
BFA,ブルキナファソ,EN.POP.DNST,2007,54.1531688596491
BFA,ブルキナファソ,EN.POP.DNST,2008,55.7678837719298
BFA,ブルキナファソ,EN.POP.DNST,2009,57.419831871345
BFA,ブルキナファソ,EN.POP.DNST,2010,59.1246271929825
BFA,ブルキナファソ,EN.POP.DNST,2011,60.8987865497076
BFA,ブルキナファソ,EN.POP.DNST,2012,62.764206871345
BFA,ブルキナファソ,EN.POP.DNST,2013,64.6762024853801
BFA,ブルキナファソ,EN.POP.DNST,2014,66.6281469298246
BFA,ブルキナファソ,EN.POP.DNST,2015,68.6311659356725
BFA,ブルキナファソ,EN.POP.DNST,2016,70.6683333333333
BFA,ブルキナファソ,EN.POP.DNST,2017,72.713475877193
BFA,ブルキナファソ,EN.POP.DNST,2018,74.7013450292398
BFA,ブルキナファソ,EN.POP.DNST,2019,76.6153216374269
BFA,ブルキナファソ,EN.POP.DNST,2020,78.5039839181287
BFA,ブルキナファソ,EN.POP.DNST,2021,80.3919700292398
BFA,ブルキナファソ,EN.POP.DNST,2022,82.2698757309942
BFA,ブルキナファソ,EN.POP.DNST,2023,84.1585380116959
BFA,ブルキナファソ,EN.POP.DNST,2024,
BWA,ボツワナ,EN.POP.DNST,2000,2.95975508619625
BWA,ボツワナ,EN.POP.DNST,2001,3.02128703262577
BWA,ボツワナ,EN.POP.DNST,2002,3.07864944506202
BWA,ボツワナ,EN.POP.DNST,2003,3.13330157217723
BWA,ボツワナ,EN.POP.DNST,2004,3.18872478958234
BWA,ボツワナ,EN.POP.DNST,2005,3.24647892294391
BWA,ボツワナ,EN.POP.DNST,2006,3.30759973885272
BWA,ボツワナ,EN.POP.DNST,2007,3.37233073950558
BWA,ボツワナ,EN.POP.DNST,2008,3.44073897623207
BWA,ボツワナ,EN.POP.DNST,2009,3.51255977273128
BWA,ボツワナ,EN.POP.DNST,2010,3.58744199177739
BWA,ボツワナ,EN.POP.DNST,2011,3.65877049035696
BWA,ボツワナ,EN.POP.DNST,2012,3.72067298360771
BWA,ボツワナ,EN.POP.DNST,2013,3.77725195419335
BWA,ボツワナ,EN.POP.DNST,2014,3.83259047518219
BWA,ボツワナ,EN.POP.DNST,2015,3.88769431651757
BWA,ボツワナ,EN.POP.DNST,2016,3.94328163322923
BWA,ボツワナ,EN.POP.DNST,2017,3.99969473999965
BWA,ボツワナ,EN.POP.DNST,2018,4.05685423393856
BWA,ボツワナ,EN.POP.DNST,2019,4.11498067863004
BWA,ボツワナ,EN.POP.DNST,2020,4.17464048135797
BWA,ボツワナ,EN.POP.DNST,2021,4.23736347114146
BWA,ボツワナ,EN.POP.DNST,2022,4.30521059411007
BWA,ボツワナ,EN.POP.DNST,2023,4.37641204806522
BWA,ボツワナ,EN.POP.DNST,2024,
CAF,中央アフリカ共和国,EN.POP.DNST,2000,6.15335323766413
CAF,中央アフリカ共和国,EN.POP.DNST,2001,6.29151337121577
CAF,中央アフリカ共和国,EN.POP.DNST,2002,6.43050659732255
CAF,中央アフリカ共和国,EN.POP.DNST,2003,6.58622427686282
CAF,中央アフリカ共和国,EN.POP.DNST,2004,6.73027384506726
CAF,中央アフリカ共和国,EN.POP.DNST,2005,6.88434620694083
CAF,中央アフリカ共和国,EN.POP.DNST,2006,7.02683713762882
CAF,中央アフリカ共和国,EN.POP.DNST,2007,7.16358470576905
CAF,中央アフリカ共和国,EN.POP.DNST,2008,7.31802626087515
CAF,中央アフリカ共和国,EN.POP.DNST,2009,7.26997174869177
CAF,中央アフリカ共和国,EN.POP.DNST,2010,7.21210151208707
CAF,中央アフリカ共和国,EN.POP.DNST,2011,7.32771678063501
CAF,中央アフリカ共和国,EN.POP.DNST,2012,7.40127772962214
CAF,中央アフリカ共和国,EN.POP.DNST,2013,7.45195511894443
CAF,中央アフリカ共和国,EN.POP.DNST,2014,7.42107611801342
CAF,中央アフリカ共和国,EN.POP.DNST,2015,7.430928761758
CAF,中央アフリカ共和国,EN.POP.DNST,2016,7.56631513050178
CAF,中央アフリカ共和国,EN.POP.DNST,2017,7.6944861793316
CAF,中央アフリカ共和国,EN.POP.DNST,2018,7.83116151401329
CAF,中央アフリカ共和国,EN.POP.DNST,2019,7.93717775851552
CAF,中央アフリカ共和国,EN.POP.DNST,2020,8.06868278275386
CAF,中央アフリカ共和国,EN.POP.DNST,2021,8.20588140871296
CAF,中央アフリカ共和国,EN.POP.DNST,2022,8.18331086070179
CAF,中央アフリカ共和国,EN.POP.DNST,2023,8.27060419275097
CAF,中央アフリカ共和国,EN.POP.DNST,2024,
CIV,コートジボワール,EN.POP.DNST,2000,55.6572452830189
CIV,コートジボワール,EN.POP.DNST,2001,57.166393081761
CIV,コートジボワール,EN.POP.DNST,2002,58.6628018867925
CIV,コートジボワール,EN.POP.DNST,2003,60.143213836478
CIV,コートジボワール,EN.POP.DNST,2004,61.6194968553459
CIV,コートジボワール,EN.POP.DNST,2005,63.108358490566
CIV,コートジボワール,EN.POP.DNST,2006,64.6125849056604
CIV,コートジボワール,EN.POP.DNST,2007,66.1338301886792
CIV,コートジボワール,EN.POP.DNST,2008,67.6554685534591
CIV,コートジボワール,EN.POP.DNST,2009,69.1759119496855
CIV,コートジボワール,EN.POP.DNST,2010,70.7171855345912
CIV,コートジボワール,EN.POP.DNST,2011,72.2704402515723
CIV,コートジボワール,EN.POP.DNST,2012,73.7958427672956
CIV,コートジボワール,EN.POP.DNST,2013,75.2823113207547
CIV,コートジボワール,EN.POP.DNST,2014,77.1301729559748
CIV,コートジボワール,EN.POP.DNST,2015,79.3910125786164
CIV,コートジボワール,EN.POP.DNST,2016,81.7276886792453
CIV,コートジボワール,EN.POP.DNST,2017,84.0672075471698
CIV,コートジボワール,EN.POP.DNST,2018,86.3653238993711
CIV,コートジボワール,EN.POP.DNST,2019,88.6572610062893
CIV,コートジボワール,EN.POP.DNST,2020,90.9290849056604
CIV,コートジボワール,EN.POP.DNST,2021,93.2067169811321
CIV,コートジボワール,EN.POP.DNST,2022,95.5817672955975
CIV,コートジボワール,EN.POP.DNST,2023,98.0052012578616
CIV,コートジボワール,EN.POP.DNST,2024,
CMR,カメルーン,EN.POP.DNST,2000,31.5471028749127
CMR,カメルーン,EN.POP.DNST,2001,32.3866429734933
CMR,カメルーン,EN.POP.DNST,2002,33.2667555160669
CMR,カメルーン,EN.POP.DNST,2003,34.1865837405598
CMR,カメルーン,EN.POP.DNST,2004,35.1388525734594
CMR,カメルーン,EN.POP.DNST,2005,36.1206532546381
CMR,カメルーン,EN.POP.DNST,2006,37.1272175329483
CMR,カメルーン,EN.POP.DNST,2007,38.1838674874659
CMR,カメルーン,EN.POP.DNST,2008,39.2927080027924
CMR,カメルーン,EN.POP.DNST,2009,40.4348839669142
CMR,カメルーン,EN.POP.DNST,2010,41.607044488164
CMR,カメルーン,EN.POP.DNST,2011,42.8006684859639
CMR,カメルーン,EN.POP.DNST,2012,44.0217659876034
CMR,カメルーン,EN.POP.DNST,2013,45.2759112352182
CMR,カメルーン,EN.POP.DNST,2014,46.6668634046244
CMR,カメルーン,EN.POP.DNST,2015,48.1551352837892
CMR,カメルーン,EN.POP.DNST,2016,49.6163842525015
CMR,カメルーン,EN.POP.DNST,2017,51.0431363838294
CMR,カメルーン,EN.POP.DNST,2018,52.4769583888642
CMR,カメルーン,EN.POP.DNST,2019,53.9571724736096
CMR,カメルーン,EN.POP.DNST,2020,55.4474371178947
CMR,カメルーン,EN.POP.DNST,2021,56.9392608576083
CMR,カメルーン,EN.POP.DNST,2022,58.4560745488777
CMR,カメルーン,EN.POP.DNST,2023,60.0213386642973
CMR,カメルーン,EN.POP.DNST,2024,
COD,コンゴ民主共和国,EN.POP.DNST,2000,22.2789272402461
COD,コンゴ民主共和国,EN.POP.DNST,2001,22.995807767804
COD,コンゴ民主共和国,EN.POP.DNST,2002,23.709456783044
COD,コンゴ民主共和国,EN.POP.DNST,2003,24.4122833638429
COD,コンゴ民主共和国,EN.POP.DNST,2004,25.1418102820846
COD,コンゴ民主共和国,EN.POP.DNST,2005,25.9260819126177
COD,コンゴ民主共和国,EN.POP.DNST,2006,26.7377905207208
COD,コンゴ民主共和国,EN.POP.DNST,2007,27.5590533953817
COD,コンゴ民主共和国,EN.POP.DNST,2008,28.4028424604662
COD,コンゴ民主共和国,EN.POP.DNST,2009,29.2944769634547
COD,コンゴ民主共和国,EN.POP.DNST,2010,30.2432844445425
COD,コンゴ民主共和国,EN.POP.DNST,2011,31.2517637458371
COD,コンゴ民主共和国,EN.POP.DNST,2012,32.3127491674202
COD,コンゴ民主共和国,EN.POP.DNST,2013,33.430844048433
COD,コンゴ民主共和国,EN.POP.DNST,2014,34.5838168545025
COD,コンゴ民主共和国,EN.POP.DNST,2015,35.7449244613043
COD,コンゴ民主共和国,EN.POP.DNST,2016,37.0333318629938
COD,コンゴ民主共和国,EN.POP.DNST,2017,38.4126499194989
COD,コンゴ民主共和国,EN.POP.DNST,2018,39.7201843805827
COD,コンゴ民主共和国,EN.POP.DNST,2019,40.9992907081891
COD,コンゴ民主共和国,EN.POP.DNST,2020,42.3413678569066
COD,コンゴ民主共和国,EN.POP.DNST,2021,43.7347795593392
COD,コンゴ民主共和国,EN.POP.DNST,2022,45.1674943208134
COD,コンゴ民主共和国,EN.POP.DNST,2023,46.6640484329856
COD,コンゴ民主共和国,EN.POP.DNST,2024,
COG,コンゴ共和国,EN.POP.DNST,2000,9.22795021961933
COG,コンゴ共和国,EN.POP.DNST,2001,9.58283162518302
COG,コンゴ共和国,EN.POP.DNST,2002,9.81192093704246
COG,コンゴ共和国,EN.POP.DNST,2003,10.0900527086384
COG,コンゴ共和国,EN.POP.DNST,2004,10.4408609077599
COG,コンゴ共和国,EN.POP.DNST,2005,10.8239912152269
COG,コンゴ共和国,EN.POP.DNST,2006,11.2369224011713
COG,コンゴ共和国,EN.POP.DNST,2007,11.6557247437775
COG,コンゴ共和国,EN.POP.DNST,2008,12.0454377745242
COG,コンゴ共和国,EN.POP.DNST,2009,12.5365124450952
COG,コンゴ共和国,EN.POP.DNST,2010,13.0667349926794
COG,コンゴ共和国,EN.POP.DNST,2011,13.4984597364568
COG,コンゴ共和国,EN.POP.DNST,2012,13.8812591508053
COG,コンゴ共和国,EN.POP.DNST,2013,14.2228374816984
COG,コンゴ共和国,EN.POP.DNST,2014,14.5706588579795
COG,コンゴ共和国,EN.POP.DNST,2015,14.9270307467057
COG,コンゴ共和国,EN.POP.DNST,2016,15.2929311859444
COG,コンゴ共和国,EN.POP.DNST,2017,15.6691390922401
COG,コンゴ共和国,EN.POP.DNST,2018,16.0559824304539
COG,コンゴ共和国,EN.POP.DNST,2019,16.4470307467057
COG,コンゴ共和国,EN.POP.DNST,2020,16.845654465593
COG,コンゴ共和国,EN.POP.DNST,2021,17.2538301610542
COG,コンゴ共和国,EN.POP.DNST,2022,17.6723396778917
COG,コンゴ共和国,EN.POP.DNST,2023,18.1050805270864
COG,コンゴ共和国,EN.POP.DNST,2024,
COM,コモロ,EN.POP.DNST,2000,288.060182697474
COM,コモロ,EN.POP.DNST,2001,294.046211714132
COM,コモロ,EN.POP.DNST,2002,300.334766254702
COM,コモロ,EN.POP.DNST,2003,306.178398710371
COM,コモロ,EN.POP.DNST,2004,312.038688876948
COM,コモロ,EN.POP.DNST,2005,318.472326706072
COM,コモロ,EN.POP.DNST,2006,324.961311123052
COM,コモロ,EN.POP.DNST,2007,331.502955400322
COM,コモロ,EN.POP.DNST,2008,338.155292853305
COM,コモロ,EN.POP.DNST,2009,344.94734013971
COM,コモロ,EN.POP.DNST,2010,351.873186458893
COM,コモロ,EN.POP.DNST,2011,358.976894142934
COM,コモロ,EN.POP.DNST,2012,366.270822138635
COM,コモロ,EN.POP.DNST,2013,374.095647501343
COM,コモロ,EN.POP.DNST,2014,382.322944653412
COM,コモロ,EN.POP.DNST,2015,390.479312197743
COM,コモロ,EN.POP.DNST,2016,398.571198280494
COM,コモロ,EN.POP.DNST,2017,406.592692101021
COM,コモロ,EN.POP.DNST,2018,414.610424502955
COM,コモロ,EN.POP.DNST,2019,422.664159054272
COM,コモロ,EN.POP.DNST,2020,431.038688876948
COM,コモロ,EN.POP.DNST,2021,439.642127888232
COM,コモロ,EN.POP.DNST,2022,448.247178936056
COM,コモロ,EN.POP.DNST,2023,456.951638903815
COM,コモロ,EN.POP.DNST,2024,
CPV,カーボベルデ,EN.POP.DNST,2000,112.485607940447
CPV,カーボベルデ,EN.POP.DNST,2001,114.216625310174
CPV,カーボベルデ,EN.POP.DNST,2002,115.892307692308
CPV,カーボベルデ,EN.POP.DNST,2003,117.46476426799
CPV,カーボベルデ,EN.POP.DNST,2004,118.950372208437
CPV,カーボベルデ,EN.POP.DNST,2005,120.375930521092
CPV,カーボベルデ,EN.POP.DNST,2006,121.768734491315
CPV,カーボベルデ,EN.POP.DNST,2007,123.124069478908
CPV,カーボベルデ,EN.POP.DNST,2008,124.40570719603
CPV,カーボベルデ,EN.POP.DNST,2009,125.593300248139
CPV,カーボベルデ,EN.POP.DNST,2010,126.497270471464
CPV,カーボベルデ,EN.POP.DNST,2011,126.909925558313
CPV,カーボベルデ,EN.POP.DNST,2012,127.035980148883
CPV,カーボベルデ,EN.POP.DNST,2013,127.102977667494
CPV,カーボベルデ,EN.POP.DNST,2014,127.128039702233
CPV,カーボベルデ,EN.POP.DNST,2015,127.144913151365
CPV,カーボベルデ,EN.POP.DNST,2016,127.184615384615
CPV,カーボベルデ,EN.POP.DNST,2017,127.268734491315
CPV,カーボベルデ,EN.POP.DNST,2018,127.398263027295
CPV,カーボベルデ,EN.POP.DNST,2019,127.569230769231
CPV,カーボベルデ,EN.POP.DNST,2020,127.711910669975
CPV,カーボベルデ,EN.POP.DNST,2021,128.200744416873
CPV,カーボベルデ,EN.POP.DNST,2022,128.967990074442
CPV,カーボベルデ,EN.POP.DNST,2023,129.610669975186
CPV,カーボベルデ,EN.POP.DNST,2024,
DJI,ジブチ,EN.POP.DNST,2000,32.2397756686799
DJI,ジブチ,EN.POP.DNST,2001,33.2749352890423
DJI,ジブチ,EN.POP.DNST,2002,34.3215703192407
DJI,ジブチ,EN.POP.DNST,2003,35.0957290767903
DJI,ジブチ,EN.POP.DNST,2004,35.639516824849
DJI,ジブチ,EN.POP.DNST,2005,36.2022001725626
DJI,ジブチ,EN.POP.DNST,2006,36.9182053494392
DJI,ジブチ,EN.POP.DNST,2007,37.7276962899051
DJI,ジブチ,EN.POP.DNST,2008,38.5131147540984
DJI,ジブチ,EN.POP.DNST,2009,39.3238567730802
DJI,ジブチ,EN.POP.DNST,2010,40.1316220880069
DJI,ジブチ,EN.POP.DNST,2011,40.9213977566868
DJI,ジブチ,EN.POP.DNST,2012,41.7060828300259
DJI,ジブチ,EN.POP.DNST,2013,42.4859361518551
DJI,ジブチ,EN.POP.DNST,2014,43.2578515962036
DJI,ジブチ,EN.POP.DNST,2015,44.0169542709232
DJI,ジブチ,EN.POP.DNST,2016,44.7650129421915
DJI,ジブチ,EN.POP.DNST,2017,45.5065142364107
DJI,ジブチ,EN.POP.DNST,2018,46.2416738567731
DJI,ジブチ,EN.POP.DNST,2019,46.9676013805004
DJI,ジブチ,EN.POP.DNST,2020,47.6785159620362
DJI,ジブチ,EN.POP.DNST,2021,48.3713546160483
DJI,ジブチ,EN.POP.DNST,2022,49.0550474547023
DJI,ジブチ,EN.POP.DNST,2023,49.7387402933563
DJI,ジブチ,EN.POP.DNST,2024,
DZA,アルジェリア,EN.POP.DNST,2000,12.9753428165963
DZA,アルジェリア,EN.POP.DNST,2001,13.1547612249868
DZA,アルジェリア,EN.POP.DNST,2002,13.3309408247752
DZA,アルジェリア,EN.POP.DNST,2003,13.5093746588628
DZA,アルジェリア,EN.POP.DNST,2004,13.6993483755574
DZA,アルジェリア,EN.POP.DNST,2005,13.9012860345798
DZA,アルジェリア,EN.POP.DNST,2006,14.1172025493967
DZA,アルジェリア,EN.POP.DNST,2007,14.3548061501255
DZA,アルジェリア,EN.POP.DNST,2008,14.6182878903659
DZA,アルジェリア,EN.POP.DNST,2009,14.901057630136
DZA,アルジェリア,EN.POP.DNST,2010,15.1940329339055
DZA,アルジェリア,EN.POP.DNST,2011,15.4942924080714
DZA,アルジェリア,EN.POP.DNST,2012,15.8061610419273
DZA,アルジェリア,EN.POP.DNST,2013,16.1286164736705
DZA,アルジェリア,EN.POP.DNST,2014,16.4606678310815
DZA,アルジェリア,EN.POP.DNST,2015,16.8026368106356
DZA,アルジェリア,EN.POP.DNST,2016,17.1516218598076
DZA,アルジェリア,EN.POP.DNST,2017,17.5037080018356
DZA,アルジェリア,EN.POP.DNST,2018,17.846203680417
DZA,アルジェリア,EN.POP.DNST,2019,18.1776961381175
DZA,アルジェリア,EN.POP.DNST,2020,18.4915612115512
DZA,アルジェリア,EN.POP.DNST,2021,18.7934447084904
DZA,アルジェリア,EN.POP.DNST,2022,19.0941870229328
DZA,アルジェリア,EN.POP.DNST,2023,19.3825602290762
DZA,アルジェリア,EN.POP.DNST,2024,
EGY,エジプト,EN.POP.DNST,2000,73.4173328645336
EGY,エジプト,EN.POP.DNST,2001,74.9932482796725
EGY,エジプト,EN.POP.DNST,2002,76.587610628359
EGY,エジプト,EN.POP.DNST,2003,78.2094007735195
EGY,エジプト,EN.POP.DNST,2004,79.8407182681199
EGY,エジプト,EN.POP.DNST,2005,81.4717002360741
EGY,エジプト,EN.POP.DNST,2006,83.0784097644281
EGY,エジプト,EN.POP.DNST,2007,84.6614345270983
EGY,エジプト,EN.POP.DNST,2008,86.2572595308654
EGY,エジプト,EN.POP.DNST,2009,87.9015882264303
EGY,エジプト,EN.POP.DNST,2010,89.6037691496308
EGY,エジプト,EN.POP.DNST,2011,91.5094268923602
EGY,エジプト,EN.POP.DNST,2012,93.5868210357125
EGY,エジプト,EN.POP.DNST,2013,95.7693033301522
EGY,エジプト,EN.POP.DNST,2014,97.9744376914963
EGY,エジプト,EN.POP.DNST,2015,100.052581244663
EGY,エジプト,EN.POP.DNST,2016,102.109185795369
EGY,エジプト,EN.POP.DNST,2017,104.170030639409
EGY,エジプト,EN.POP.DNST,2018,106.165145411623
EGY,エジプト,EN.POP.DNST,2019,108.044761665578
EGY,エジプト,EN.POP.DNST,2020,109.814781254709
EGY,エジプト,EN.POP.DNST,2021,111.464169973379
EGY,エジプト,EN.POP.DNST,2022,113.13300517354
EGY,エジプト,EN.POP.DNST,2023,115.059291777588
EGY,エジプト,EN.POP.DNST,2024,
ERI,エリトリア,EN.POP.DNST,2000,22.2478316831683
ERI,エリトリア,EN.POP.DNST,2001,22.8918712871287
ERI,エリトリア,EN.POP.DNST,2002,23.6928514851485
ERI,エリトリア,EN.POP.DNST,2003,24.6921089108911
ERI,エリトリア,EN.POP.DNST,2004,21.4765054072847
ERI,エリトリア,EN.POP.DNST,2005,21.9889099906246
ERI,エリトリア,EN.POP.DNST,2006,22.3422474247986
ERI,エリトリア,EN.POP.DNST,2007,22.6651485964038
ERI,エリトリア,EN.POP.DNST,2008,23.2643755206101
ERI,エリトリア,EN.POP.DNST,2009,23.8530992984597
ERI,エリトリア,EN.POP.DNST,2010,24.3272910774296
ERI,エリトリア,EN.POP.DNST,2011,24.7626561652109
ERI,エリトリア,EN.POP.DNST,2012,25.0820517513238
ERI,エリトリア,EN.POP.DNST,2013,25.3975905581196
ERI,エリトリア,EN.POP.DNST,2014,25.572294764578
ERI,エリトリア,EN.POP.DNST,2015,25.6468528978016
ERI,エリトリア,EN.POP.DNST,2016,25.8074296058691
ERI,エリトリア,EN.POP.DNST,2017,26.0206072238481
ERI,エリトリア,EN.POP.DNST,2018,26.3695100817645
ERI,エリトリア,EN.POP.DNST,2019,26.7606490641362
ERI,エリトリア,EN.POP.DNST,2020,27.1914115855899
ERI,エリトリア,EN.POP.DNST,2021,27.6467466920618
ERI,エリトリア,EN.POP.DNST,2022,28.1358115568642
ERI,エリトリア,EN.POP.DNST,2023,28.638732049164
ERI,エリトリア,EN.POP.DNST,2024,
ESH,西サハラ,EN.POP.DNST,2000,
ESH,西サハラ,EN.POP.DNST,2001,
ESH,西サハラ,EN.POP.DNST,2002,
ESH,西サハラ,EN.POP.DNST,2003,
ESH,西サハラ,EN.POP.DNST,2004,
ESH,西サハラ,EN.POP.DNST,2005,
ESH,西サハラ,EN.POP.DNST,2006,
ESH,西サハラ,EN.POP.DNST,2007,
ESH,西サハラ,EN.POP.DNST,2008,
ESH,西サハラ,EN.POP.DNST,2009,
ESH,西サハラ,EN.POP.DNST,2010,
ESH,西サハラ,EN.POP.DNST,2011,
ESH,西サハラ,EN.POP.DNST,2012,
ESH,西サハラ,EN.POP.DNST,2013,
ESH,西サハラ,EN.POP.DNST,2014,
ESH,西サハラ,EN.POP.DNST,2015,
ESH,西サハラ,EN.POP.DNST,2016,
ESH,西サハラ,EN.POP.DNST,2017,
ESH,西サハラ,EN.POP.DNST,2018,
ESH,西サハラ,EN.POP.DNST,2019,
ESH,西サハラ,EN.POP.DNST,2020,
ESH,西サハラ,EN.POP.DNST,2021,
ESH,西サハラ,EN.POP.DNST,2022,
ESH,西サハラ,EN.POP.DNST,2023,
ESH,西サハラ,EN.POP.DNST,2024,
ETH,エチオピア,EN.POP.DNST,2000,67.411494
ETH,エチオピア,EN.POP.DNST,2001,69.487762
ETH,エチオピア,EN.POP.DNST,2002,71.635517
ETH,エチオピア,EN.POP.DNST,2003,73.832663
ETH,エチオピア,EN.POP.DNST,2004,67.4086372526321
ETH,エチオピア,EN.POP.DNST,2005,69.4377847665754
ETH,エチオピア,EN.POP.DNST,2006,71.5067748631684
ETH,エチオピア,EN.POP.DNST,2007,73.6318622061839
ETH,エチオピア,EN.POP.DNST,2008,75.7983969601131
ETH,エチオピア,EN.POP.DNST,2009,77.9802631357432
ETH,エチオピア,EN.POP.DNST,2010,80.224030211657
ETH,エチオピア,EN.POP.DNST,2011,82.537679592612
ETH,エチオピア,EN.POP.DNST,2012,84.8841807786957
ETH,エチオピア,EN.POP.DNST,2013,87.224157853982
ETH,エチオピア,EN.POP.DNST,2014,89.598740246565
ETH,エチオピア,EN.POP.DNST,2015,92.0367822337439
ETH,エチオピア,EN.POP.DNST,2016,94.5614799764478
ETH,エチオピア,EN.POP.DNST,2017,97.1744352590326
ETH,エチオピア,EN.POP.DNST,2018,99.8298825389562
ETH,エチオピア,EN.POP.DNST,2019,102.552159549746
ETH,エチオピア,EN.POP.DNST,2020,105.370090895445
ETH,エチオピア,EN.POP.DNST,2021,108.230378298522
ETH,エチオピア,EN.POP.DNST,2022,111.107151376678
ETH,エチオピア,EN.POP.DNST,2023,114.037952012
ETH,エチオピア,EN.POP.DNST,2024,
GAB,ガボン,EN.POP.DNST,2000,4.950409438429
GAB,ガボン,EN.POP.DNST,2001,5.08242713548337
GAB,ガボン,EN.POP.DNST,2002,5.22037877905849
GAB,ガボン,EN.POP.DNST,2003,5.36480769977103
GAB,ガボン,EN.POP.DNST,2004,5.5171692474871
GAB,ガボン,EN.POP.DNST,2005,5.67972600613187
GAB,ガボン,EN.POP.DNST,2006,5.85375480265456
GAB,ガボン,EN.POP.DNST,2007,6.03965149221873
GAB,ガボン,EN.POP.DNST,2008,6.23733845616486
GAB,ガボン,EN.POP.DNST,2009,6.44838747234835
GAB,ガボン,EN.POP.DNST,2010,6.67473512632437
GAB,ガボン,EN.POP.DNST,2011,6.91576434974968
GAB,ガボン,EN.POP.DNST,2012,7.16765242364264
GAB,ガボン,EN.POP.DNST,2013,7.42445375868359
GAB,ガボン,EN.POP.DNST,2014,7.67803391935421
GAB,ガボン,EN.POP.DNST,2015,7.92094151434005
GAB,ガボン,EN.POP.DNST,2016,8.15114681569449
GAB,ガボン,EN.POP.DNST,2017,8.37078433655451
GAB,ガボン,EN.POP.DNST,2018,8.58585788023441
GAB,ガボン,EN.POP.DNST,2019,8.80081499592502
GAB,ガボン,EN.POP.DNST,2020,9.01361819381379
GAB,ガボン,EN.POP.DNST,2021,9.22389878526798
GAB,ガボン,EN.POP.DNST,2022,9.43356618931191
GAB,ガボン,EN.POP.DNST,2023,9.64329956921644
GAB,ガボン,EN.POP.DNST,2024,
GHA,ガーナ,EN.POP.DNST,2000,86.301692010196
GHA,ガーナ,EN.POP.DNST,2001,88.6308736925376
GHA,ガーナ,EN.POP.DNST,2002,91.1021710468489
GHA,ガーナ,EN.POP.DNST,2003,93.5954337698866
GHA,ガーナ,EN.POP.DNST,2004,96.1074887931792
GHA,ガーナ,EN.POP.DNST,2005,98.6615012745012
GHA,ガーナ,EN.POP.DNST,2006,101.260007031731
GHA,ガーナ,EN.POP.DNST,2007,103.903836688055
GHA,ガーナ,EN.POP.DNST,2008,106.574430869298
GHA,ガーナ,EN.POP.DNST,2009,109.267223345346
GHA,ガーナ,EN.POP.DNST,2010,111.958315021535
GHA,ガーナ,EN.POP.DNST,2011,114.683519381208
GHA,ガーナ,EN.POP.DNST,2012,117.492607893118
GHA,ガーナ,EN.POP.DNST,2013,120.357708534763
GHA,ガーナ,EN.POP.DNST,2014,123.238076821658
GHA,ガーナ,EN.POP.DNST,2015,126.114388678914
GHA,ガーナ,EN.POP.DNST,2016,129.017939702909
GHA,ガーナ,EN.POP.DNST,2017,131.88166476224
GHA,ガーナ,EN.POP.DNST,2018,134.647029093786
GHA,ガーナ,EN.POP.DNST,2019,137.382028101418
GHA,ガーナ,EN.POP.DNST,2020,140.147712389575
GHA,ガーナ,EN.POP.DNST,2021,142.918455784436
GHA,ガーナ,EN.POP.DNST,2022,145.689425270181
GHA,ガーナ,EN.POP.DNST,2023,148.49676310689
GHA,ガーナ,EN.POP.DNST,2024,
GIN,ギニア,EN.POP.DNST,2000,34.3025883118997
GIN,ギニア,EN.POP.DNST,2001,34.75484291063
GIN,ギニア,EN.POP.DNST,2002,35.3006104509197
GIN,ギニア,EN.POP.DNST,2003,36.1011761354387
GIN,ギニア,EN.POP.DNST,2004,36.8823294807097
GIN,ギニア,EN.POP.DNST,2005,37.6275598241901
GIN,ギニア,EN.POP.DNST,2006,38.422476802865
GIN,ギニア,EN.POP.DNST,2007,39.3223221552987
GIN,ギニア,EN.POP.DNST,2008,40.2851619729774
GIN,ギニア,EN.POP.DNST,2009,41.2808643985024
GIN,ギニア,EN.POP.DNST,2010,42.3086684030604
GIN,ギニア,EN.POP.DNST,2011,43.3697297737262
GIN,ギニア,EN.POP.DNST,2012,44.4472611102067
GIN,ギニア,EN.POP.DNST,2013,45.5472611102067
GIN,ギニア,EN.POP.DNST,2014,46.6910467198437
GIN,ギニア,EN.POP.DNST,2015,47.8881246947745
GIN,ギニア,EN.POP.DNST,2016,49.1332817841446
GIN,ギニア,EN.POP.DNST,2017,50.4055795214065
GIN,ギニア,EN.POP.DNST,2018,51.7042731564382
GIN,ギニア,EN.POP.DNST,2019,53.0455233599219
GIN,ギニア,EN.POP.DNST,2020,54.4163397362852
GIN,ギニア,EN.POP.DNST,2021,55.7973018069347
GIN,ギニア,EN.POP.DNST,2022,57.1998087253785
GIN,ギニア,EN.POP.DNST,2023,58.6255412664822
GIN,ギニア,EN.POP.DNST,2024,
GMB,ガンビア,EN.POP.DNST,2000,143.783003952569
GMB,ガンビア,EN.POP.DNST,2001,147.728359683794
GMB,ガンビア,EN.POP.DNST,2002,151.748122529644
GMB,ガンビア,EN.POP.DNST,2003,155.890415019763
GMB,ガンビア,EN.POP.DNST,2004,160.208695652174
GMB,ガンビア,EN.POP.DNST,2005,164.726976284585
GMB,ガンビア,EN.POP.DNST,2006,169.493577075099
GMB,ガンビア,EN.POP.DNST,2007,174.483596837945
GMB,ガンビア,EN.POP.DNST,2008,179.629644268775
GMB,ガンビア,EN.POP.DNST,2009,184.923122529644
GMB,ガンビア,EN.POP.DNST,2010,190.378458498024
GMB,ガンビア,EN.POP.DNST,2011,196.026086956522
GMB,ガンビア,EN.POP.DNST,2012,201.886758893281
GMB,ガンビア,EN.POP.DNST,2013,207.887351778656
GMB,ガンビア,EN.POP.DNST,2014,213.886166007905
GMB,ガンビア,EN.POP.DNST,2015,219.815118577075
GMB,ガンビア,EN.POP.DNST,2016,225.668873517787
GMB,ガンビア,EN.POP.DNST,2017,231.441600790514
GMB,ガンビア,EN.POP.DNST,2018,237.117786561265
GMB,ガンビア,EN.POP.DNST,2019,242.771146245059
GMB,ガンビア,EN.POP.DNST,2020,248.590217391304
GMB,ガンビア,EN.POP.DNST,2021,254.546442687747
GMB,ガンビア,EN.POP.DNST,2022,260.520750988142
GMB,ガンビア,EN.POP.DNST,2023,266.5854743083
GMB,ガンビア,EN.POP.DNST,2024,
GNB,ギニアビサウ,EN.POP.DNST,2000,43.9097083926031
GNB,ギニアビサウ,EN.POP.DNST,2001,44.8532361308677
GNB,ギニアビサウ,EN.POP.DNST,2002,45.8501778093883
GNB,ギニアビサウ,EN.POP.DNST,2003,46.8992176386913
GNB,ギニアビサウ,EN.POP.DNST,2004,47.9929943100996
GNB,ギニアビサウ,EN.POP.DNST,2005,49.1317567567568
GNB,ギニアビサウ,EN.POP.DNST,2006,50.3308321479374
GNB,ギニアビサウ,EN.POP.DNST,2007,51.599786628734
GNB,ギニアビサウ,EN.POP.DNST,2008,52.9179943100996
GNB,ギニアビサウ,EN.POP.DNST,2009,54.2808321479374
GNB,ギニアビサウ,EN.POP.DNST,2010,55.702240398293
GNB,ギニアビサウ,EN.POP.DNST,2011,57.1862019914651
GNB,ギニアビサウ,EN.POP.DNST,2012,58.7274893314367
GNB,ギニアビサウ,EN.POP.DNST,2013,60.3119843527738
GNB,ギニアビサウ,EN.POP.DNST,2014,61.9175675675676
GNB,ギニアビサウ,EN.POP.DNST,2015,63.5297652916074
GNB,ギニアビサウ,EN.POP.DNST,2016,65.1455547652916
GNB,ギニアビサウ,EN.POP.DNST,2017,66.7522048364154
GNB,ギニアビサウ,EN.POP.DNST,2018,68.3559032716927
GNB,ギニアビサウ,EN.POP.DNST,2019,69.9749644381223
GNB,ギニアビサウ,EN.POP.DNST,2020,71.5951280227596
GNB,ギニアビサウ,EN.POP.DNST,2021,73.2162517780939
GNB,ギニアビサウ,EN.POP.DNST,2022,74.8765647226174
GNB,ギニアビサウ,EN.POP.DNST,2023,76.5767780938834
GNB,ギニアビサウ,EN.POP.DNST,2024,
GNQ,赤道ギニア,EN.POP.DNST,2000,25.0723351158645
GNQ,赤道ギニア,EN.POP.DNST,2001,26.7321212121212
GNQ,赤道ギニア,EN.POP.DNST,2002,28.4476648841355
GNQ,赤道ギニア,EN.POP.DNST,2003,30.2268092691622
GNQ,赤道ギニア,EN.POP.DNST,2004,32.0826024955437
GNQ,赤道ギニア,EN.POP.DNST,2005,33.7742245989305
GNQ,赤道ギニア,EN.POP.DNST,2006,35.3063458110517
GNQ,赤道ギニア,EN.POP.DNST,2007,36.935614973262
GNQ,赤道ギニア,EN.POP.DNST,2008,38.6641711229947
GNQ,赤道ギニア,EN.POP.DNST,2009,40.4874509803922
GNQ,赤道ギニア,EN.POP.DNST,2010,42.3916221033868
GNQ,赤道ギニア,EN.POP.DNST,2011,44.272192513369
GNQ,赤道ギニア,EN.POP.DNST,2012,46.1134759358289
GNQ,赤道ギニア,EN.POP.DNST,2013,47.9935115864528
GNQ,赤道ギニア,EN.POP.DNST,2014,49.9047415329768
GNQ,赤道ギニア,EN.POP.DNST,2015,51.8332620320856
GNQ,赤道ギニア,EN.POP.DNST,2016,53.7677718360071
GNQ,赤道ギニア,EN.POP.DNST,2017,55.7003921568627
GNQ,赤道ギニア,EN.POP.DNST,2018,57.6264527629233
GNQ,赤道ギニア,EN.POP.DNST,2019,59.5428520499109
GNQ,赤道ギニア,EN.POP.DNST,2020,61.1931550802139
GNQ,赤道ギニア,EN.POP.DNST,2021,62.7018181818182
GNQ,赤道ギニア,EN.POP.DNST,2022,64.297504456328
GNQ,赤道ギニア,EN.POP.DNST,2023,65.8662745098039
GNQ,赤道ギニア,EN.POP.DNST,2024,
KEN,ケニア,EN.POP.DNST,2000,53.8406894612925
KEN,ケニア,EN.POP.DNST,2001,55.55604947816
KEN,ケニア,EN.POP.DNST,2002,57.3317777699687
KEN,ケニア,EN.POP.DNST,2003,59.1281986857364
KEN,ケニア,EN.POP.DNST,2004,60.992822504129
KEN,ケニア,EN.POP.DNST,2005,62.8957444565485
KEN,ケニア,EN.POP.DNST,2006,64.8417050286397
KEN,ケニア,EN.POP.DNST,2007,66.8312699862951
KEN,ケニア,EN.POP.DNST,2008,68.8870067118811
KEN,ケニア,EN.POP.DNST,2009,70.9999139051903
KEN,ケニア,EN.POP.DNST,2010,73.0902185753945
KEN,ケニア,EN.POP.DNST,2011,75.1281951716625
KEN,ケニア,EN.POP.DNST,2012,77.1133692940226
KEN,ケニア,EN.POP.DNST,2013,79.043453280388
KEN,ケニア,EN.POP.DNST,2014,80.9140808939804
KEN,ケニア,EN.POP.DNST,2015,82.4529008736797
KEN,ケニア,EN.POP.DNST,2016,84.0057771361452
KEN,ケニア,EN.POP.DNST,2017,85.5601194522199
KEN,ケニア,EN.POP.DNST,2018,87.019449386981
KEN,ケニア,EN.POP.DNST,2019,88.4453894988127
KEN,ケニア,EN.POP.DNST,2020,89.8940686683206
KEN,ケニア,EN.POP.DNST,2021,91.6187594501618
KEN,ケニア,EN.POP.DNST,2022,93.3976149483117
KEN,ケニア,EN.POP.DNST,2023,95.2681371231706
KEN,ケニア,EN.POP.DNST,2024,
LBR,リベリア,EN.POP.DNST,2000,30.3998857973422
LBR,リベリア,EN.POP.DNST,2001,31.3054194352159
LBR,リベリア,EN.POP.DNST,2002,32.1302117940199
LBR,リベリア,EN.POP.DNST,2003,32.3871677740864
LBR,リベリア,EN.POP.DNST,2004,32.7750415282392
LBR,リベリア,EN.POP.DNST,2005,34.2713351328904
LBR,リベリア,EN.POP.DNST,2006,36.2415593853821
LBR,リベリア,EN.POP.DNST,2007,38.0922965116279
LBR,リベリア,EN.POP.DNST,2008,39.6698816445183
LBR,リベリア,EN.POP.DNST,2009,40.9367524916943
LBR,リベリア,EN.POP.DNST,2010,42.1396387043189
LBR,リベリア,EN.POP.DNST,2011,43.8245224252492
LBR,リベリア,EN.POP.DNST,2012,45.4011939368771
LBR,リベリア,EN.POP.DNST,2013,46.4102886212625
LBR,リベリア,EN.POP.DNST,2014,47.3867628737542
LBR,リベリア,EN.POP.DNST,2015,48.3744912790698
LBR,リベリア,EN.POP.DNST,2016,49.3730066445183
LBR,リベリア,EN.POP.DNST,2017,50.3418293189369
LBR,リベリア,EN.POP.DNST,2018,51.3364410299003
LBR,リベリア,EN.POP.DNST,2019,52.3642130398671
LBR,リベリア,EN.POP.DNST,2020,53.462032807309
LBR,リベリア,EN.POP.DNST,2021,54.60260589701
LBR,リベリア,EN.POP.DNST,2022,55.7858596345515
LBR,リベリア,EN.POP.DNST,2023,57.0289763289037
LBR,リベリア,EN.POP.DNST,2024,
LBY,リビア,EN.POP.DNST,2000,3.01500448980984
LBY,リビア,EN.POP.DNST,2001,3.07105209316071
LBY,リビア,EN.POP.DNST,2002,3.13059663321095
LBY,リビア,EN.POP.DNST,2003,3.19367448310354
LBY,リビア,EN.POP.DNST,2004,3.26033679257079
LBY,リビア,EN.POP.DNST,2005,3.32973277106516
LBY,リビア,EN.POP.DNST,2006,3.39873546495107
LBY,リビア,EN.POP.DNST,2007,3.46930447730657
LBY,リビア,EN.POP.DNST,2008,3.54378417086284
LBY,リビア,EN.POP.DNST,2009,3.61838094047308
LBY,リビア,EN.POP.DNST,2010,3.69291917205633
LBY,リビア,EN.POP.DNST,2011,3.60503483865101
LBY,リビア,EN.POP.DNST,2012,3.51189970105823
LBY,リビア,EN.POP.DNST,2013,3.58311149504984
LBY,リビア,EN.POP.DNST,2014,3.65280243700058
LBY,リビア,EN.POP.DNST,2015,3.71223103765757
LBY,リビア,EN.POP.DNST,2016,3.76923855098492
LBY,リビア,EN.POP.DNST,2017,3.8298475737977
LBY,リビア,EN.POP.DNST,2018,3.89252588744786
LBY,リビア,EN.POP.DNST,2019,3.95048308080521
LBY,リビア,EN.POP.DNST,2020,4.00411414346932
LBY,リビア,EN.POP.DNST,2021,4.05513656978528
LBY,リビア,EN.POP.DNST,2022,4.10550768950976
LBY,リビア,EN.POP.DNST,2023,4.15202780272117
LBY,リビア,EN.POP.DNST,2024,
LSO,レソト,EN.POP.DNST,2000,66.0050395256917
LSO,レソト,EN.POP.DNST,2001,65.9042490118577
LSO,レソト,EN.POP.DNST,2002,65.7008893280632
LSO,レソト,EN.POP.DNST,2003,65.3840250329381
LSO,レソト,EN.POP.DNST,2004,64.9251976284585
LSO,レソト,EN.POP.DNST,2005,64.3305665349144
LSO,レソト,EN.POP.DNST,2006,64.0666337285902
LSO,レソト,EN.POP.DNST,2007,64.3368906455863
LSO,レソト,EN.POP.DNST,2008,64.7740777338603
LSO,レソト,EN.POP.DNST,2009,65.2464756258235
LSO,レソト,EN.POP.DNST,2010,65.7526679841897
LSO,レソト,EN.POP.DNST,2011,66.337582345191
LSO,レソト,EN.POP.DNST,2012,67.0077075098814
LSO,レソト,EN.POP.DNST,2013,67.7372859025033
LSO,レソト,EN.POP.DNST,2014,68.5141304347826
LSO,レソト,EN.POP.DNST,2015,69.321837944664
LSO,レソト,EN.POP.DNST,2016,70.1720026350461
LSO,レソト,EN.POP.DNST,2017,71.0510540184453
LSO,レソト,EN.POP.DNST,2018,71.9236824769433
LSO,レソト,EN.POP.DNST,2019,72.7735507246377
LSO,レソト,EN.POP.DNST,2020,73.6405467720685
LSO,レソト,EN.POP.DNST,2021,74.4908432147563
LSO,レソト,EN.POP.DNST,2022,75.3000658761528
LSO,レソト,EN.POP.DNST,2023,76.135441370224
LSO,レソト,EN.POP.DNST,2024,
MAR,モロッコ,EN.POP.DNST,2000,63.6868362088281
MAR,モロッコ,EN.POP.DNST,2001,64.5633945776384
MAR,モロッコ,EN.POP.DNST,2002,65.4226798117858
MAR,モロッコ,EN.POP.DNST,2003,66.2590522070356
MAR,モロッコ,EN.POP.DNST,2004,67.1140891776832
MAR,モロッコ,EN.POP.DNST,2005,68.0218328478602
MAR,モロッコ,EN.POP.DNST,2006,68.9472955411158
MAR,モロッコ,EN.POP.DNST,2007,69.8778131301815
MAR,モロッコ,EN.POP.DNST,2008,70.8195541115841
MAR,モロッコ,EN.POP.DNST,2009,71.7696123683621
MAR,モロッコ,EN.POP.DNST,2010,72.7470669952946
MAR,モロッコ,EN.POP.DNST,2011,73.745435805512
MAR,モロッコ,EN.POP.DNST,2012,74.7372641720816
MAR,モロッコ,EN.POP.DNST,2013,75.7059623571589
MAR,モロッコ,EN.POP.DNST,2014,76.6407797445664
MAR,モロッコ,EN.POP.DNST,2015,77.5433295989245
MAR,モロッコ,EN.POP.DNST,2016,78.4751445216222
MAR,モロッコ,EN.POP.DNST,2017,79.4227918440511
MAR,モロッコ,EN.POP.DNST,2018,80.3041900067219
MAR,モロッコ,EN.POP.DNST,2019,81.1357786242438
MAR,モロッコ,EN.POP.DNST,2020,81.9722339233699
MAR,モロッコ,EN.POP.DNST,2021,82.8017969975353
MAR,モロッコ,EN.POP.DNST,2022,83.6411920233027
MAR,モロッコ,EN.POP.DNST,2023,84.5003473000224
MAR,モロッコ,EN.POP.DNST,2024,
MDG,マダガスカル,EN.POP.DNST,2000,28.4010351824466
MDG,マダガスカル,EN.POP.DNST,2001,29.2893678852701
MDG,マダガスカル,EN.POP.DNST,2002,30.1783419885133
MDG,マダガスカル,EN.POP.DNST,2003,31.075857206727
MDG,マダガスカル,EN.POP.DNST,2004,31.9954053031606
MDG,マダガスカル,EN.POP.DNST,2005,32.946498951061
MDG,マダガスカル,EN.POP.DNST,2006,33.9287220139629
MDG,マダガスカル,EN.POP.DNST,2007,34.9392698696564
MDG,マダガスカル,EN.POP.DNST,2008,35.9800529628229
MDG,マダガスカル,EN.POP.DNST,2009,37.0521030367644
MDG,マダガスカル,EN.POP.DNST,2010,38.1458541114971
MDG,マダガスカル,EN.POP.DNST,2011,39.2273910913638
MDG,マダガスカル,EN.POP.DNST,2012,40.327672118186
MDG,マダガスカル,EN.POP.DNST,2013,41.4391371605363
MDG,マダガスカル,EN.POP.DNST,2014,42.5650532829151
MDG,マダガスカル,EN.POP.DNST,2015,43.7035097971812
MDG,マダガスカル,EN.POP.DNST,2016,44.8606943966999
MDG,マダガスカル,EN.POP.DNST,2017,46.0439584049502
MDG,マダガスカル,EN.POP.DNST,2018,47.2583808869027
MDG,マダガスカル,EN.POP.DNST,2019,48.5038741835682
MDG,マダガスカル,EN.POP.DNST,2020,49.7654795462358
MDG,マダガスカル,EN.POP.DNST,2021,51.0331436919904
MDG,マダガスカル,EN.POP.DNST,2022,52.3156772086628
MDG,マダガスカル,EN.POP.DNST,2023,53.6196837401169
MDG,マダガスカル,EN.POP.DNST,2024,
MLI,マリ,EN.POP.DNST,2000,9.47335251067457
MLI,マリ,EN.POP.DNST,2001,9.76254353830141
MLI,マリ,EN.POP.DNST,2002,10.0706037584311
MLI,マリ,EN.POP.DNST,2003,10.3958850670797
MLI,マリ,EN.POP.DNST,2004,10.7380071956007
MLI,マリ,EN.POP.DNST,2005,11.0955236479565
MLI,マリ,EN.POP.DNST,2006,11.4655414320721
MLI,マリ,EN.POP.DNST,2007,11.8487899425499
MLI,マリ,EN.POP.DNST,2008,12.2446356714938
MLI,マリ,EN.POP.DNST,2009,12.6501110482794
MLI,マリ,EN.POP.DNST,2010,13.0677992771618
MLI,マリ,EN.POP.DNST,2011,13.497118481548
MLI,マリ,EN.POP.DNST,2012,13.8970430834542
MLI,マリ,EN.POP.DNST,2013,14.3089313959301
MLI,マリ,EN.POP.DNST,2014,14.7684106573566
MLI,マリ,EN.POP.DNST,2015,15.2378088658324
MLI,マリ,EN.POP.DNST,2016,15.7281152935199
MLI,マリ,EN.POP.DNST,2017,16.2376441373884
MLI,マリ,EN.POP.DNST,2018,16.7531531974529
MLI,マリ,EN.POP.DNST,2019,17.2664953818668
MLI,マリ,EN.POP.DNST,2020,17.7954548062187
MLI,マリ,EN.POP.DNST,2021,18.348478515641
MLI,マリ,EN.POP.DNST,2022,18.9090551471492
MLI,マリ,EN.POP.DNST,2023,19.4798572353486
MLI,マリ,EN.POP.DNST,2024,
MOZ,モザンビーク,EN.POP.DNST,2000,23.0545703095196
MOZ,モザンビーク,EN.POP.DNST,2001,23.5735000890155
MOZ,モザンビーク,EN.POP.DNST,2002,24.1083674559373
MOZ,モザンビーク,EN.POP.DNST,2003,24.6604377018744
MOZ,モザンビーク,EN.POP.DNST,2004,25.2299308222488
MOZ,モザンビーク,EN.POP.DNST,2005,25.8203018896717
MOZ,モザンビーク,EN.POP.DNST,2006,26.4338958264452
MOZ,モザンビーク,EN.POP.DNST,2007,27.070417609807
MOZ,モザンビーク,EN.POP.DNST,2008,27.746173605636
MOZ,モザンビーク,EN.POP.DNST,2009,28.4744589129937
MOZ,モザンビーク,EN.POP.DNST,2010,29.2469734733844
MOZ,モザンビーク,EN.POP.DNST,2011,30.0732966250413
MOZ,モザンビーク,EN.POP.DNST,2012,30.9492179353493
MOZ,モザンビーク,EN.POP.DNST,2013,31.8568770823266
MOZ,モザンビーク,EN.POP.DNST,2014,32.7939100689234
MOZ,モザンビーク,EN.POP.DNST,2015,33.7592156463796
MOZ,モザンビーク,EN.POP.DNST,2016,34.7632251583204
MOZ,モザンビーク,EN.POP.DNST,2017,35.8177891095908
MOZ,モザンビーク,EN.POP.DNST,2018,36.9015539561026
MOZ,モザンビーク,EN.POP.DNST,2019,38.0024670006867
MOZ,モザンビーク,EN.POP.DNST,2020,39.1460718736489
MOZ,モザンビーク,EN.POP.DNST,2021,40.3212187492052
MOZ,モザンビーク,EN.POP.DNST,2022,41.5273099519316
MOZ,モザンビーク,EN.POP.DNST,2023,42.7721457819375
MOZ,モザンビーク,EN.POP.DNST,2024,
MRT,モーリタニア,EN.POP.DNST,2000,2.53559813718832
MRT,モーリタニア,EN.POP.DNST,2001,2.59897157271757
MRT,モーリタニア,EN.POP.DNST,2002,2.65708256524692
MRT,モーリタニア,EN.POP.DNST,2003,2.71858542737945
MRT,モーリタニア,EN.POP.DNST,2004,2.78321917143689
MRT,モーリタニア,EN.POP.DNST,2005,2.85151741534879
MRT,モーリタニア,EN.POP.DNST,2006,2.92389638110022
MRT,モーリタニア,EN.POP.DNST,2007,3.00093043562627
MRT,モーリタニア,EN.POP.DNST,2008,3.08845347821869
MRT,モーリタニア,EN.POP.DNST,2009,3.18661880275541
MRT,モーリタニア,EN.POP.DNST,2010,3.28996313185214
MRT,モーリタニア,EN.POP.DNST,2011,3.39847773357912
MRT,モーリタニア,EN.POP.DNST,2012,3.511238963811
MRT,モーリタニア,EN.POP.DNST,2013,3.62308916270496
MRT,モーリタニア,EN.POP.DNST,2014,3.7338837683128
MRT,モーリタニア,EN.POP.DNST,2015,3.84783060056272
MRT,モーリタニア,EN.POP.DNST,2016,3.96493354031241
MRT,モーリタニア,EN.POP.DNST,2017,4.08518482584651
MRT,モーリタニア,EN.POP.DNST,2018,4.20848452508004
MRT,モーリタニア,EN.POP.DNST,2019,4.33463471427185
MRT,モーリタニア,EN.POP.DNST,2020,4.46311341806539
MRT,モーリタニア,EN.POP.DNST,2021,4.59384301930727
MRT,モーリタニア,EN.POP.DNST,2022,4.73041331134181
MRT,モーリタニア,EN.POP.DNST,2023,4.87284466867178
MRT,モーリタニア,EN.POP.DNST,2024,
MUS,モーリシャス,EN.POP.DNST,2000,584.666502463054
MUS,モーリシャス,EN.POP.DNST,2001,589.303940886699
MUS,モーリシャス,EN.POP.DNST,2002,593.409359605911
MUS,モーリシャス,EN.POP.DNST,2003,597.71921182266
MUS,モーリシャス,EN.POP.DNST,2004,601.479310344828
MUS,モーリシャス,EN.POP.DNST,2005,605.051231527094
MUS,モーリシャス,EN.POP.DNST,2006,607.879802955665
MUS,モーリシャス,EN.POP.DNST,2007,610.655172413793
MUS,モーリシャス,EN.POP.DNST,2008,612.867487684729
MUS,モーリシャス,EN.POP.DNST,2009,614.497044334975
MUS,モーリシャス,EN.POP.DNST,2010,615.960591133005
MUS,モーリシャス,EN.POP.DNST,2011,627.142714071107
MUS,モーリシャス,EN.POP.DNST,2012,628.884326489735
MUS,モーリシャス,EN.POP.DNST,2013,630.409113670506
MUS,モーリシャス,EN.POP.DNST,2014,631.551326990486
MUS,モーリシャス,EN.POP.DNST,2015,632.388082123185
MUS,モーリシャス,EN.POP.DNST,2016,632.822734101152
MUS,モーリシャス,EN.POP.DNST,2017,633.393590385578
MUS,モーリシャス,EN.POP.DNST,2018,633.739108662994
MUS,モーリシャス,EN.POP.DNST,2019,633.943415122684
MUS,モーリシャス,EN.POP.DNST,2020,633.957936905358
MUS,モーリシャス,EN.POP.DNST,2021,634.118177265899
MUS,モーリシャス,EN.POP.DNST,2022,632.209814722083
MUS,モーリシャス,EN.POP.DNST,2023,625.261392088132
MUS,モーリシャス,EN.POP.DNST,2024,
MWI,マラウイ,EN.POP.DNST,2000,120.024840899448
MWI,マラウイ,EN.POP.DNST,2001,122.964128128978
MWI,マラウイ,EN.POP.DNST,2002,126.012303775986
MWI,マラウイ,EN.POP.DNST,2003,129.206342808655
MWI,マラウイ,EN.POP.DNST,2004,132.591610097582
MWI,マラウイ,EN.POP.DNST,2005,136.19040093339
MWI,マラウイ,EN.POP.DNST,2006,139.994707254985
MWI,マラウイ,EN.POP.DNST,2007,144.000243954179
MWI,マラウイ,EN.POP.DNST,2008,148.243710224862
MWI,マラウイ,EN.POP.DNST,2009,152.691854051761
MWI,マラウイ,EN.POP.DNST,2010,157.259896054306
MWI,マラウイ,EN.POP.DNST,2011,161.911561306746
MWI,マラウイ,EN.POP.DNST,2012,166.626824352991
MWI,マラウイ,EN.POP.DNST,2013,171.423589308443
MWI,マラウイ,EN.POP.DNST,2014,176.299724225711
MWI,マラウイ,EN.POP.DNST,2015,181.221754348748
MWI,マラウイ,EN.POP.DNST,2016,186.229730589733
MWI,マラウイ,EN.POP.DNST,2017,191.341907085278
MWI,マラウイ,EN.POP.DNST,2018,196.521860415783
MWI,マラウイ,EN.POP.DNST,2019,201.800509121765
MWI,マラウイ,EN.POP.DNST,2020,207.190156979211
MWI,マラウイ,EN.POP.DNST,2021,212.635320322444
MWI,マラウイ,EN.POP.DNST,2022,218.166397963513
MWI,マラウイ,EN.POP.DNST,2023,223.84898175647
MWI,マラウイ,EN.POP.DNST,2024,
NAM,ナミビア,EN.POP.DNST,2000,2.20899925907032
NAM,ナミビア,EN.POP.DNST,2001,2.2556426046715
NAM,ナミビア,EN.POP.DNST,2002,2.29563094413876
NAM,ナミビア,EN.POP.DNST,2003,2.32902622405228
NAM,ナミビア,EN.POP.DNST,2004,2.35892820269893
NAM,ナミビア,EN.POP.DNST,2005,2.38868685396397
NAM,ナミビア,EN.POP.DNST,2006,2.4194245041237
NAM,ナミビア,EN.POP.DNST,2007,2.45186993647439
NAM,ナミビア,EN.POP.DNST,2008,2.48643369893962
NAM,ナミビア,EN.POP.DNST,2009,2.52328341167754
NAM,ナミビア,EN.POP.DNST,2010,2.56265835853709
NAM,ナミビア,EN.POP.DNST,2011,2.60700968067145
NAM,ナミビア,EN.POP.DNST,2012,2.66571196054853
NAM,ナミビア,EN.POP.DNST,2013,2.73598367525416
NAM,ナミビア,EN.POP.DNST,2014,2.80841380315563
NAM,ナミビア,EN.POP.DNST,2015,2.88391696728978
NAM,ナミビア,EN.POP.DNST,2016,2.96276281747622
NAM,ナミビア,EN.POP.DNST,2017,3.04492098774429
NAM,ナミビア,EN.POP.DNST,2018,3.13052144444849
NAM,ナミビア,EN.POP.DNST,2019,3.21939292351419
NAM,ナミビア,EN.POP.DNST,2020,3.31446027523716
NAM,ナミビア,EN.POP.DNST,2021,3.41380072635402
NAM,ナミビア,EN.POP.DNST,2022,3.50989566252475
NAM,ナミビア,EN.POP.DNST,2023,3.59909023551847
NAM,ナミビア,EN.POP.DNST,2024,
NER,ニジェール,EN.POP.DNST,2000,9.08631088655562
NER,ニジェール,EN.POP.DNST,2001,9.41078945290913
NER,ニジェール,EN.POP.DNST,2002,9.74906765611431
NER,ニジェール,EN.POP.DNST,2003,10.1026162469409
NER,ニジェール,EN.POP.DNST,2004,10.4727528222942
NER,ニジェール,EN.POP.DNST,2005,10.8598657930054
NER,ニジェール,EN.POP.DNST,2006,11.2643727796637
NER,ニジェール,EN.POP.DNST,2007,11.6867529801847
NER,ニジェール,EN.POP.DNST,2008,12.1275084866188
NER,ニジェール,EN.POP.DNST,2009,12.5867806110366
NER,ニジェール,EN.POP.DNST,2010,13.0645259335281
NER,ニジェール,EN.POP.DNST,2011,13.5598665824584
NER,ニジェール,EN.POP.DNST,2012,14.0812891766006
NER,ニジェール,EN.POP.DNST,2013,14.6205873529644
NER,ニジェール,EN.POP.DNST,2014,15.1700552617036
NER,ニジェール,EN.POP.DNST,2015,15.741294702771
NER,ニジェール,EN.POP.DNST,2016,16.3304278834768
NER,ニジェール,EN.POP.DNST,2017,16.9222752032841
NER,ニジェール,EN.POP.DNST,2018,17.5164356201153
NER,ニジェール,EN.POP.DNST,2019,18.1161735217494
NER,ニジェール,EN.POP.DNST,2020,18.7239385805637
NER,ニジェール,EN.POP.DNST,2021,19.3432857030078
NER,ニジェール,EN.POP.DNST,2022,19.9826107207705
NER,ニジェール,EN.POP.DNST,2023,20.6519831057077
NER,ニジェール,EN.POP.DNST,2024,
NGA,ナイジェリア,EN.POP.DNST,2000,138.764445469218
NGA,ナイジェリア,EN.POP.DNST,2001,142.585499083193
NGA,ナイジェリア,EN.POP.DNST,2002,146.548512796864
NGA,ナイジェリア,EN.POP.DNST,2003,150.64466769876
NGA,ナイジェリア,EN.POP.DNST,2004,154.876692249415
NGA,ナイジェリア,EN.POP.DNST,2005,159.224889928302
NGA,ナイジェリア,EN.POP.DNST,2006,163.682745369303
NGA,ナイジェリア,EN.POP.DNST,2007,168.28316808854
NGA,ナイジェリア,EN.POP.DNST,2008,173.034919902939
NGA,ナイジェリア,EN.POP.DNST,2009,177.925781481603
NGA,ナイジェリア,EN.POP.DNST,2010,182.969230431393
NGA,ナイジェリア,EN.POP.DNST,2011,188.170007795602
NGA,ナイジェリア,EN.POP.DNST,2012,193.463360672837
NGA,ナイジェリア,EN.POP.DNST,2013,198.787227291193
NGA,ナイジェリア,EN.POP.DNST,2014,204.109616039176
NGA,ナイジェリア,EN.POP.DNST,2015,209.352391932101
NGA,ナイジェリア,EN.POP.DNST,2016,214.591719094832
NGA,ナイジェリア,EN.POP.DNST,2017,219.873929751749
NGA,ナイジェリア,EN.POP.DNST,2018,225.017024056568
NGA,ナイジェリア,EN.POP.DNST,2019,230.009377779242
NGA,ナイジェリア,EN.POP.DNST,2020,234.961824609945
NGA,ナイジェリア,EN.POP.DNST,2021,239.939047179859
NGA,ナイジェリア,EN.POP.DNST,2022,245.013445765671
NGA,ナイジェリア,EN.POP.DNST,2023,250.20910328623
NGA,ナイジェリア,EN.POP.DNST,2024,
RWA,ルワンダ,EN.POP.DNST,2000,332.952209160924
RWA,ルワンダ,EN.POP.DNST,2001,335.917875962708
RWA,ルワンダ,EN.POP.DNST,2002,340.501824077827
RWA,ルワンダ,EN.POP.DNST,2003,348.069517632752
RWA,ルワンダ,EN.POP.DNST,2004,357.391325496555
RWA,ルワンダ,EN.POP.DNST,2005,367.025861370085
RWA,ルワンダ,EN.POP.DNST,2006,376.945520875557
RWA,ルワンダ,EN.POP.DNST,2007,387.107134171058
RWA,ルワンダ,EN.POP.DNST,2008,397.416659910823
RWA,ルワンダ,EN.POP.DNST,2009,407.800243210377
RWA,ルワンダ,EN.POP.DNST,2010,418.222659100122
RWA,ルワンダ,EN.POP.DNST,2011,428.606931495744
RWA,ルワンダ,EN.POP.DNST,2012,438.990717470612
RWA,ルワンダ,EN.POP.DNST,2013,449.669233887313
RWA,ルワンダ,EN.POP.DNST,2014,460.671139035266
RWA,ルワンダ,EN.POP.DNST,2015,471.829023104986
RWA,ルワンダ,EN.POP.DNST,2016,483.144831779489
RWA,ルワンダ,EN.POP.DNST,2017,494.611268747467
RWA,ルワンダ,EN.POP.DNST,2018,506.201702472639
RWA,ルワンダ,EN.POP.DNST,2019,517.880137819214
RWA,ルワンダ,EN.POP.DNST,2020,529.624523713012
RWA,ルワンダ,EN.POP.DNST,2021,541.35630320227
RWA,ルワンダ,EN.POP.DNST,2022,553.345358735306
RWA,ルワンダ,EN.POP.DNST,2023,565.645358735306
RWA,ルワンダ,EN.POP.DNST,2024,
SDN,スーダン,EN.POP.DNST,2000,
SDN,スーダン,EN.POP.DNST,2001,
SDN,スーダン,EN.POP.DNST,2002,
SDN,スーダン,EN.POP.DNST,2003,
SDN,スーダン,EN.POP.DNST,2004,
SDN,スーダン,EN.POP.DNST,2005,
SDN,スーダン,EN.POP.DNST,2006,
SDN,スーダン,EN.POP.DNST,2007,
SDN,スーダン,EN.POP.DNST,2008,
SDN,スーダン,EN.POP.DNST,2009,
SDN,スーダン,EN.POP.DNST,2010,
SDN,スーダン,EN.POP.DNST,2011,
SDN,スーダン,EN.POP.DNST,2012,19.7661552462527
SDN,スーダン,EN.POP.DNST,2013,20.2279705567452
SDN,スーダン,EN.POP.DNST,2014,20.7833608137045
SDN,スーダン,EN.POP.DNST,2015,21.4263549250535
SDN,スーダン,EN.POP.DNST,2016,22.0877366167024
SDN,スーダン,EN.POP.DNST,2017,22.8663308351178
SDN,スーダン,EN.POP.DNST,2018,23.6780492505353
SDN,スーダン,EN.POP.DNST,2019,24.3833913276231
SDN,スーダン,EN.POP.DNST,2020,25.0477682012848
SDN,スーダン,EN.POP.DNST,2021,25.7317580299786
SDN,スーダン,EN.POP.DNST,2022,26.4364807280514
SDN,スーダン,EN.POP.DNST,2023,26.7895026766595
SDN,スーダン,EN.POP.DNST,2024,
SEN,セネガル,EN.POP.DNST,2000,51.775099984418
SEN,セネガル,EN.POP.DNST,2001,53.0459772502987
SEN,セネガル,EN.POP.DNST,2002,54.3614709395938
SEN,セネガル,EN.POP.DNST,2003,55.6857424816912
SEN,セネガル,EN.POP.DNST,2004,57.0077598296369
SEN,セネガル,EN.POP.DNST,2005,58.3569937152652
SEN,セネガル,EN.POP.DNST,2006,59.7314392562198
SEN,セネガル,EN.POP.DNST,2007,61.1351166052044
SEN,セネガル,EN.POP.DNST,2008,62.5822417285618
SEN,セネガル,EN.POP.DNST,2009,64.0803459201163
SEN,セネガル,EN.POP.DNST,2010,65.6282813068093
SEN,セネガル,EN.POP.DNST,2011,67.3084558250662
SEN,セネガル,EN.POP.DNST,2012,69.1346543395834
SEN,セネガル,EN.POP.DNST,2013,71.2140913104451
SEN,セネガル,EN.POP.DNST,2014,73.5059575131148
SEN,セネガル,EN.POP.DNST,2015,75.7976990598868
SEN,セネガル,EN.POP.DNST,2016,78.0892380408248
SEN,セネガル,EN.POP.DNST,2017,80.3770944787825
SEN,セネガル,EN.POP.DNST,2018,82.6598348309354
SEN,セネガル,EN.POP.DNST,2019,84.9370072196541
SEN,セネガル,EN.POP.DNST,2020,87.2031319794318
SEN,セネガル,EN.POP.DNST,2021,89.4451098530099
SEN,セネガル,EN.POP.DNST,2022,91.6797538046019
SEN,セネガル,EN.POP.DNST,2023,93.8948371682335
SEN,セネガル,EN.POP.DNST,2024,
SLE,シエラレオネ,EN.POP.DNST,2000,61.2858270989194
SLE,シエラレオネ,EN.POP.DNST,2001,65.0140759213078
SLE,シエラレオネ,EN.POP.DNST,2002,68.8755195344971
SLE,シエラレオネ,EN.POP.DNST,2003,71.7329869770019
SLE,シエラレオネ,EN.POP.DNST,2004,74.199459684123
SLE,シエラレオネ,EN.POP.DNST,2005,76.2221113881962
SLE,シエラレオネ,EN.POP.DNST,2006,77.9227763923524
SLE,シエラレオネ,EN.POP.DNST,2007,79.65297866445
SLE,シエラレオネ,EN.POP.DNST,2008,81.6669714602383
SLE,シエラレオネ,EN.POP.DNST,2009,83.8964533111665
SLE,シエラレオネ,EN.POP.DNST,2010,86.2110556940981
SLE,シエラレオネ,EN.POP.DNST,2011,88.4905929620393
SLE,シエラレオネ,EN.POP.DNST,2012,90.7603214186755
SLE,シエラレオネ,EN.POP.DNST,2013,93.0181629260183
SLE,シエラレオネ,EN.POP.DNST,2014,95.2671792740371
SLE,シエラレオネ,EN.POP.DNST,2015,97.5014546965918
SLE,シエラレオネ,EN.POP.DNST,2016,99.8244389027431
SLE,シエラレオネ,EN.POP.DNST,2017,102.234677195899
SLE,シエラレオネ,EN.POP.DNST,2018,104.662829038515
SLE,シエラレオネ,EN.POP.DNST,2019,107.120961485176
SLE,シエラレオネ,EN.POP.DNST,2020,109.622582432807
SLE,シエラレオネ,EN.POP.DNST,2021,112.144666112497
SLE,シエラレオネ,EN.POP.DNST,2022,114.66898032696
SLE,シエラレオネ,EN.POP.DNST,2023,117.214075921308
SLE,シエラレオネ,EN.POP.DNST,2024,
SOM,ソマリア,EN.POP.DNST,2000,14.089190869385
SOM,ソマリア,EN.POP.DNST,2001,14.6626916823413
SOM,ソマリア,EN.POP.DNST,2002,15.2231054930341
SOM,ソマリア,EN.POP.DNST,2003,15.7955128000765
SOM,ソマリア,EN.POP.DNST,2004,16.3882392323142
SOM,ソマリア,EN.POP.DNST,2005,16.9672394554787
SOM,ソマリア,EN.POP.DNST,2006,17.4953007938279
SOM,ソマリア,EN.POP.DNST,2007,18.0485574010903
SOM,ソマリア,EN.POP.DNST,2008,18.5913284662225
SOM,ソマリア,EN.POP.DNST,2009,19.0665364873912
SOM,ソマリア,EN.POP.DNST,2010,19.5456307584404
SOM,ソマリア,EN.POP.DNST,2011,19.6844294959671
SOM,ソマリア,EN.POP.DNST,2012,19.8634871042816
SOM,ソマリア,EN.POP.DNST,2013,20.5145439474607
SOM,ソマリア,EN.POP.DNST,2014,21.2635747760385
SOM,ソマリア,EN.POP.DNST,2015,22.0087400771511
SOM,ソマリア,EN.POP.DNST,2016,22.8723499218924
SOM,ソマリア,EN.POP.DNST,2017,23.7775831287659
SOM,ソマリア,EN.POP.DNST,2018,24.6317578984283
SOM,ソマリア,EN.POP.DNST,2019,25.5538798737527
SOM,ソマリア,EN.POP.DNST,2020,26.5425303663085
SOM,ソマリア,EN.POP.DNST,2021,27.5312127395033
SOM,ソマリア,EN.POP.DNST,2022,28.3767924889215
SOM,ソマリア,EN.POP.DNST,2023,29.2642187649441
SOM,ソマリア,EN.POP.DNST,2024,
SSD,南スーダン,EN.POP.DNST,2000,
SSD,南スーダン,EN.POP.DNST,2001,
SSD,南スーダン,EN.POP.DNST,2002,
SSD,南スーダン,EN.POP.DNST,2003,
SSD,南スーダン,EN.POP.DNST,2004,
SSD,南スーダン,EN.POP.DNST,2005,
SSD,南スーダン,EN.POP.DNST,2006,
SSD,南スーダン,EN.POP.DNST,2007,
SSD,南スーダン,EN.POP.DNST,2008,
SSD,南スーダン,EN.POP.DNST,2009,
SSD,南スーダン,EN.POP.DNST,2010,
SSD,南スーダン,EN.POP.DNST,2011,
SSD,南スーダン,EN.POP.DNST,2012,17.0212523539
SSD,南スーダン,EN.POP.DNST,2013,17.6701137784248
SSD,南スーダン,EN.POP.DNST,2014,17.7789834317092
SSD,南スーダン,EN.POP.DNST,2015,17.5772015887836
SSD,南スーダン,EN.POP.DNST,2016,17.1381355529885
SSD,南スーダン,EN.POP.DNST,2017,16.234636747741
SSD,南スーダン,EN.POP.DNST,2018,16.0191429430475
SSD,南スーダン,EN.POP.DNST,2019,16.4945231275616
SSD,南スーダン,EN.POP.DNST,2020,16.9298292532401
SSD,南スーダン,EN.POP.DNST,2021,17.1945943379805
SSD,南スーダン,EN.POP.DNST,2022,17.4405029038026
SSD,南スーダン,EN.POP.DNST,2023,18.1719082809805
SSD,南スーダン,EN.POP.DNST,2024,
STP,サントメ・プリンシペ,EN.POP.DNST,2000,150.01875
STP,サントメ・プリンシペ,EN.POP.DNST,2001,152.473958333333
STP,サントメ・プリンシペ,EN.POP.DNST,2002,156.16875
STP,サントメ・プリンシペ,EN.POP.DNST,2003,160.222916666667
STP,サントメ・プリンシペ,EN.POP.DNST,2004,164.276041666667
STP,サントメ・プリンシペ,EN.POP.DNST,2005,168.373958333333
STP,サントメ・プリンシペ,EN.POP.DNST,2006,172.539583333333
STP,サントメ・プリンシペ,EN.POP.DNST,2007,176.770833333333
STP,サントメ・プリンシペ,EN.POP.DNST,2008,181.034375
STP,サントメ・プリンシペ,EN.POP.DNST,2009,185.263541666667
STP,サントメ・プリンシペ,EN.POP.DNST,2010,189.377083333333
STP,サントメ・プリンシペ,EN.POP.DNST,2011,193.384375
STP,サントメ・プリンシペ,EN.POP.DNST,2012,197.332291666667
STP,サントメ・プリンシペ,EN.POP.DNST,2013,201.195833333333
STP,サントメ・プリンシペ,EN.POP.DNST,2014,204.965625
STP,サントメ・プリンシペ,EN.POP.DNST,2015,208.636458333333
STP,サントメ・プリンシペ,EN.POP.DNST,2016,212.176041666667
STP,サントメ・プリンシペ,EN.POP.DNST,2017,215.59375
STP,サントメ・プリンシペ,EN.POP.DNST,2018,218.944791666667
STP,サントメ・プリンシペ,EN.POP.DNST,2019,222.283333333333
STP,サントメ・プリンシペ,EN.POP.DNST,2020,226.494791666667
STP,サントメ・プリンシペ,EN.POP.DNST,2021,231.209375
STP,サントメ・プリンシペ,EN.POP.DNST,2022,235.734375
STP,サントメ・プリンシペ,EN.POP.DNST,2023,240.490625
STP,サントメ・プリンシペ,EN.POP.DNST,2024,
SWZ,エスワティニ,EN.POP.DNST,2000,60.5473255813953
SWZ,エスワティニ,EN.POP.DNST,2001,61.1083720930233
SWZ,エスワティニ,EN.POP.DNST,2002,61.5954069767442
SWZ,エスワティニ,EN.POP.DNST,2003,62.0174418604651
SWZ,エスワティニ,EN.POP.DNST,2004,62.3929651162791
SWZ,エスワティニ,EN.POP.DNST,2005,62.7338372093023
SWZ,エスワティニ,EN.POP.DNST,2006,63.0486046511628
SWZ,エスワティニ,EN.POP.DNST,2007,63.4130813953488
SWZ,エスワティニ,EN.POP.DNST,2008,63.8425
SWZ,エスワティニ,EN.POP.DNST,2009,64.2530813953488
SWZ,エスワティニ,EN.POP.DNST,2010,64.6308139534884
SWZ,エスワティニ,EN.POP.DNST,2011,64.9902906976744
SWZ,エスワティニ,EN.POP.DNST,2012,65.3408720930233
SWZ,エスワティニ,EN.POP.DNST,2013,65.6970930232558
SWZ,エスワティニ,EN.POP.DNST,2014,66.0638953488372
SWZ,エスワティニ,EN.POP.DNST,2015,66.4426162790698
SWZ,エスワティニ,EN.POP.DNST,2016,66.8318023255814
SWZ,エスワティニ,EN.POP.DNST,2017,67.3369186046512
SWZ,エスワティニ,EN.POP.DNST,2018,67.960988372093
SWZ,エスワティニ,EN.POP.DNST,2019,68.5973255813954
SWZ,エスワティニ,EN.POP.DNST,2020,69.3447093023256
SWZ,エスワティニ,EN.POP.DNST,2021,70.1507558139535
SWZ,エスワティニ,EN.POP.DNST,2022,70.8672674418605
SWZ,エスワティニ,EN.POP.DNST,2023,71.5410465116279
SWZ,エスワティニ,EN.POP.DNST,2024,
SYC,セーシェル,EN.POP.DNST,2000,176.371739130435
SYC,セーシェル,EN.POP.DNST,2001,176.526086956522
SYC,セーシェル,EN.POP.DNST,2002,182.00652173913
SYC,セーシェル,EN.POP.DNST,2003,179.958695652174
SYC,セーシェル,EN.POP.DNST,2004,179.29347826087
SYC,セーシェル,EN.POP.DNST,2005,180.126086956522
SYC,セーシェル,EN.POP.DNST,2006,183.913043478261
SYC,セーシェル,EN.POP.DNST,2007,184.854347826087
SYC,セーシェル,EN.POP.DNST,2008,189.034782608696
SYC,セーシェル,EN.POP.DNST,2009,189.778260869565
SYC,セーシェル,EN.POP.DNST,2010,195.152173913043
SYC,セーシェル,EN.POP.DNST,2011,190.089130434783
SYC,セーシェル,EN.POP.DNST,2012,191.963043478261
SYC,セーシェル,EN.POP.DNST,2013,195.541304347826
SYC,セーシェル,EN.POP.DNST,2014,198.60652173913
SYC,セーシェル,EN.POP.DNST,2015,203.084782608696
SYC,セーシェル,EN.POP.DNST,2016,205.819565217391
SYC,セーシェル,EN.POP.DNST,2017,208.354347826087
SYC,セーシェル,EN.POP.DNST,2018,210.352173913043
SYC,セーシェル,EN.POP.DNST,2019,212.228260869565
SYC,セーシェル,EN.POP.DNST,2020,214.047826086957
SYC,セーシェル,EN.POP.DNST,2021,215.778260869565
SYC,セーシェル,EN.POP.DNST,2022,260.604347826087
SYC,セーシェル,EN.POP.DNST,2023,260.376086956522
SYC,セーシェル,EN.POP.DNST,2024,
TCD,チャド,EN.POP.DNST,2000,6.75992137865311
TCD,チャド,EN.POP.DNST,2001,6.99183926302414
TCD,チャド,EN.POP.DNST,2002,7.23966963151207
TCD,チャド,EN.POP.DNST,2003,7.53481019695044
TCD,チャド,EN.POP.DNST,2004,7.87804637865311
TCD,チャド,EN.POP.DNST,2005,8.20210609911055
TCD,チャド,EN.POP.DNST,2006,8.50256035578145
TCD,チャド,EN.POP.DNST,2007,8.80055590851334
TCD,チャド,EN.POP.DNST,2008,9.11395806861499
TCD,チャド,EN.POP.DNST,2009,9.44548443456163
TCD,チャド,EN.POP.DNST,2010,9.77809323379924
TCD,チャド,EN.POP.DNST,2011,10.1294448856417
TCD,チャド,EN.POP.DNST,2012,10.4915803684879
TCD,チャド,EN.POP.DNST,2013,10.8728391041931
TCD,チャド,EN.POP.DNST,2014,11.2680098475222
TCD,チャド,EN.POP.DNST,2015,11.6324817344346
TCD,チャド,EN.POP.DNST,2016,12.0033791296061
TCD,チャド,EN.POP.DNST,2017,12.4068924714104
TCD,チャド,EN.POP.DNST,2018,12.830790184244
TCD,チャド,EN.POP.DNST,2019,13.2506535895807
TCD,チャド,EN.POP.DNST,2020,13.6790652795426
TCD,チャド,EN.POP.DNST,2021,14.1584124841169
TCD,チャド,EN.POP.DNST,2022,14.6563818297332
TCD,チャド,EN.POP.DNST,2023,15.342331639136
TCD,チャド,EN.POP.DNST,2024,
TGO,トーゴ,EN.POP.DNST,2000,87.9522338665196
TGO,トーゴ,EN.POP.DNST,2001,90.1662805662806
TGO,トーゴ,EN.POP.DNST,2002,92.4274682846111
TGO,トーゴ,EN.POP.DNST,2003,94.7621253906968
TGO,トーゴ,EN.POP.DNST,2004,97.1009376723662
TGO,トーゴ,EN.POP.DNST,2005,99.5248023533738
TGO,トーゴ,EN.POP.DNST,2006,102.402353373782
TGO,トーゴ,EN.POP.DNST,2007,105.689336275051
TGO,トーゴ,EN.POP.DNST,2008,109.140246368818
TGO,トーゴ,EN.POP.DNST,2009,112.721934179077
TGO,トーゴ,EN.POP.DNST,2010,116.304247104247
TGO,トーゴ,EN.POP.DNST,2011,119.51796286082
TGO,トーゴ,EN.POP.DNST,2012,122.333480419195
TGO,トーゴ,EN.POP.DNST,2013,125.001801801802
TGO,トーゴ,EN.POP.DNST,2014,127.553667953668
TGO,トーゴ,EN.POP.DNST,2015,130.014745357602
TGO,トーゴ,EN.POP.DNST,2016,132.3935282221
TGO,トーゴ,EN.POP.DNST,2017,134.664202978489
TGO,トーゴ,EN.POP.DNST,2018,137.124581724582
TGO,トーゴ,EN.POP.DNST,2019,140.097904026475
TGO,トーゴ,EN.POP.DNST,2020,143.189078874793
TGO,トーゴ,EN.POP.DNST,2021,145.912410369553
TGO,トーゴ,EN.POP.DNST,2022,148.34741680456
TGO,トーゴ,EN.POP.DNST,2023,151.201507630079
TGO,トーゴ,EN.POP.DNST,2024,
TUN,チュニジア,EN.POP.DNST,2000,62.8535980947477
TUN,チュニジア,EN.POP.DNST,2001,63.5277870751802
TUN,チュニジア,EN.POP.DNST,2002,64.1832839855819
TUN,チュニジア,EN.POP.DNST,2003,64.8277033985582
TUN,チュニジア,EN.POP.DNST,2004,65.4361676107106
TUN,チュニジア,EN.POP.DNST,2005,66.0110195674562
TUN,チュニジア,EN.POP.DNST,2006,66.5963568486097
TUN,チュニジア,EN.POP.DNST,2007,67.209719361483
TUN,チュニジア,EN.POP.DNST,2008,67.8593910916581
TUN,チュニジア,EN.POP.DNST,2009,68.554846807415
TUN,チュニジア,EN.POP.DNST,2010,69.2969876416066
TUN,チュニジア,EN.POP.DNST,2011,70.069741246138
TUN,チュニジア,EN.POP.DNST,2012,70.865390061792
TUN,チュニジア,EN.POP.DNST,2013,71.713188722966
TUN,チュニジア,EN.POP.DNST,2014,72.5687950566426
TUN,チュニジア,EN.POP.DNST,2015,73.3925334706488
TUN,チュニジア,EN.POP.DNST,2016,74.2061920700309
TUN,チュニジア,EN.POP.DNST,2017,74.9903321318229
TUN,チュニジア,EN.POP.DNST,2018,75.7306513903193
TUN,チュニジア,EN.POP.DNST,2019,76.4358972708548
TUN,チュニジア,EN.POP.DNST,2020,77.0729724510814
TUN,チュニジア,EN.POP.DNST,2021,77.5529222451081
TUN,チュニジア,EN.POP.DNST,2022,78.0080715756952
TUN,チュニジア,EN.POP.DNST,2023,78.530065653965
TUN,チュニジア,EN.POP.DNST,2024,
TZA,タンザニア,EN.POP.DNST,2000,38.6770591555656
TZA,タンザニア,EN.POP.DNST,2001,39.7361695642357
TZA,タンザニア,EN.POP.DNST,2002,40.7781711447279
TZA,タンザニア,EN.POP.DNST,2003,41.8712519756153
TZA,タンザニア,EN.POP.DNST,2004,43.022881011515
TZA,タンザニア,EN.POP.DNST,2005,44.2335470760894
TZA,タンザニア,EN.POP.DNST,2006,45.489841950779
TZA,タンザニア,EN.POP.DNST,2007,46.7775028223075
TZA,タンザニア,EN.POP.DNST,2008,48.0590742831339
TZA,タンザニア,EN.POP.DNST,2009,49.2594061864981
TZA,タンザニア,EN.POP.DNST,2010,50.5288868819147
TZA,タンザニア,EN.POP.DNST,2011,51.9636114247008
TZA,タンザニア,EN.POP.DNST,2012,53.4818920749605
TZA,タンザニア,EN.POP.DNST,2013,55.1186814179273
TZA,タンザニア,EN.POP.DNST,2014,56.8429803567397
TZA,タンザニア,EN.POP.DNST,2015,58.7276608715286
TZA,タンザニア,EN.POP.DNST,2016,60.7631666290359
TZA,タンザニア,EN.POP.DNST,2017,62.8278279521337
TZA,タンザニア,EN.POP.DNST,2018,64.842114472793
TZA,タンザニア,EN.POP.DNST,2019,66.8038959132987
TZA,タンザニア,EN.POP.DNST,2020,68.8335944908557
TZA,タンザニア,EN.POP.DNST,2021,70.9306976744186
TZA,タンザニア,EN.POP.DNST,2022,73.0546635809438
TZA,タンザニア,EN.POP.DNST,2023,75.2061481146986
TZA,タンザニア,EN.POP.DNST,2024,
UGA,ウガンダ,EN.POP.DNST,2000,120.11485911616
UGA,ウガンダ,EN.POP.DNST,2001,123.846033732045
UGA,ウガンダ,EN.POP.DNST,2002,127.785746459136
UGA,ウガンダ,EN.POP.DNST,2003,131.885911616035
UGA,ウガンダ,EN.POP.DNST,2004,135.901681597518
UGA,ウガンダ,EN.POP.DNST,2005,139.949396927081
UGA,ウガンダ,EN.POP.DNST,2006,144.106916570742
UGA,ウガンダ,EN.POP.DNST,2007,148.408137730844
UGA,ウガンダ,EN.POP.DNST,2008,152.842965817527
UGA,ウガンダ,EN.POP.DNST,2009,157.405290025524
UGA,ウガンダ,EN.POP.DNST,2010,161.534021543986
UGA,ウガンダ,EN.POP.DNST,2011,166.340230400958
UGA,ウガンダ,EN.POP.DNST,2012,171.241960901656
UGA,ウガンダ,EN.POP.DNST,2013,176.227019748654
UGA,ウガンダ,EN.POP.DNST,2014,181.505779972073
UGA,ウガンダ,EN.POP.DNST,2015,187.170586475165
UGA,ウガンダ,EN.POP.DNST,2016,193.49267903451
UGA,ウガンダ,EN.POP.DNST,2017,200.365988430082
UGA,ウガンダ,EN.POP.DNST,2018,207.290200478755
UGA,ウガンダ,EN.POP.DNST,2019,214.440639337722
UGA,ウガンダ,EN.POP.DNST,2020,221.709315778975
UGA,ウガンダ,EN.POP.DNST,2021,228.959355675244
UGA,ウガンダ,EN.POP.DNST,2022,235.950124675843
UGA,ウガンダ,EN.POP.DNST,2023,242.65210951526
UGA,ウガンダ,EN.POP.DNST,2024,
ZAF,南アフリカ共和国,EN.POP.DNST,2000,38.8756967743531
ZAF,南アフリカ共和国,EN.POP.DNST,2001,39.2112703921391
ZAF,南アフリカ共和国,EN.POP.DNST,2002,39.584379559637
ZAF,南アフリカ共和国,EN.POP.DNST,2003,39.9808324196886
ZAF,南アフリカ共和国,EN.POP.DNST,2004,40.3856440989539
ZAF,南アフリカ共和国,EN.POP.DNST,2005,40.796670486114
ZAF,南アフリカ共和国,EN.POP.DNST,2006,41.2156369271859
ZAF,南アフリカ共和国,EN.POP.DNST,2007,41.6527908069476
ZAF,南アフリカ共和国,EN.POP.DNST,2008,42.1358670832337
ZAF,南アフリカ共和国,EN.POP.DNST,2009,42.6419441261572
ZAF,南アフリカ共和国,EN.POP.DNST,2010,43.1493549530538
ZAF,南アフリカ共和国,EN.POP.DNST,2011,43.6861279872062
ZAF,南アフリカ共和国,EN.POP.DNST,2012,44.3351828800831
ZAF,南アフリカ共和国,EN.POP.DNST,2013,45.0739771987239
ZAF,南アフリカ共和国,EN.POP.DNST,2014,45.8291124318888
ZAF,南アフリカ共和国,EN.POP.DNST,2015,46.7595454582925
ZAF,南アフリカ共和国,EN.POP.DNST,2016,47.2014038529705
ZAF,南アフリカ共和国,EN.POP.DNST,2017,47.5110354549127
ZAF,南アフリカ共和国,EN.POP.DNST,2018,48.3171083761304
ZAF,南アフリカ共和国,EN.POP.DNST,2019,49.1207453692636
ZAF,南アフリカ共和国,EN.POP.DNST,2020,49.9240625180325
ZAF,南アフリカ共和国,EN.POP.DNST,2021,50.6991261983859
ZAF,南アフリカ共和国,EN.POP.DNST,2022,51.4210899438624
ZAF,南アフリカ共和国,EN.POP.DNST,2023,52.1085690262058
ZAF,南アフリカ共和国,EN.POP.DNST,2024,
ZMB,ザンビア,EN.POP.DNST,2000,13.475606343911
ZMB,ザンビア,EN.POP.DNST,2001,13.8893245806373
ZMB,ザンビア,EN.POP.DNST,2002,14.3235031410162
ZMB,ザンビア,EN.POP.DNST,2003,14.7750104252142
ZMB,ザンビア,EN.POP.DNST,2004,15.2520184559921
ZMB,ザンビア,EN.POP.DNST,2005,15.7640256123973
ZMB,ザンビア,EN.POP.DNST,2006,16.3165404431052
ZMB,ザンビア,EN.POP.DNST,2007,16.9024132689436
ZMB,ザンビア,EN.POP.DNST,2008,17.5161409219925
ZMB,ザンビア,EN.POP.DNST,2009,18.1471219682804
ZMB,ザンビア,EN.POP.DNST,2010,18.7863624746096
ZMB,ザンビア,EN.POP.DNST,2011,19.4215633785765
ZMB,ザンビア,EN.POP.DNST,2012,20.0616486635548
ZMB,ザンビア,EN.POP.DNST,2013,20.7145603249976
ZMB,ザンビア,EN.POP.DNST,2014,21.3822018052435
ZMB,ザンビア,EN.POP.DNST,2015,22.0598730141648
ZMB,ザンビア,EN.POP.DNST,2016,22.7530946071376
ZMB,ザンビア,EN.POP.DNST,2017,23.4618706197285
ZMB,ザンビア,EN.POP.DNST,2018,24.1778460834824
ZMB,ザンビア,EN.POP.DNST,2019,24.9046113076582
ZMB,ザンビア,EN.POP.DNST,2020,25.6384872005273
ZMB,ザンビア,EN.POP.DNST,2021,26.3705551594721
ZMB,ザンビア,EN.POP.DNST,2022,27.1095091405588
ZMB,ザンビア,EN.POP.DNST,2023,27.8776483407095
ZMB,ザンビア,EN.POP.DNST,2024,
ZWE,ジンバブエ,EN.POP.DNST,2000,30.74073930464
ZWE,ジンバブエ,EN.POP.DNST,2001,30.947139718237
ZWE,ジンバブエ,EN.POP.DNST,2002,31.2463564689156
ZWE,ジンバブエ,EN.POP.DNST,2003,31.6203257076386
ZWE,ジンバブエ,EN.POP.DNST,2004,31.9656094093318
ZWE,ジンバブエ,EN.POP.DNST,2005,32.2694377665762
ZWE,ジンバブエ,EN.POP.DNST,2006,32.6649735039421
ZWE,ジンバブエ,EN.POP.DNST,2007,33.0982499676877
ZWE,ジンバブエ,EN.POP.DNST,2008,33.4991572961096
ZWE,ジンバブエ,EN.POP.DNST,2009,33.9738658394727
ZWE,ジンバブエ,EN.POP.DNST,2010,34.5264262634096
ZWE,ジンバブエ,EN.POP.DNST,2011,35.1439162466072
ZWE,ジンバブエ,EN.POP.DNST,2012,35.7189789324027
ZWE,ジンバブエ,EN.POP.DNST,2013,36.2254310456249
ZWE,ジンバブエ,EN.POP.DNST,2014,36.7257567532635
ZWE,ジンバブエ,EN.POP.DNST,2015,37.2211787514541
ZWE,ジンバブエ,EN.POP.DNST,2016,37.7414863642239
ZWE,ジンバブエ,EN.POP.DNST,2017,38.2899883675843
ZWE,ジンバブエ,EN.POP.DNST,2018,38.8637766576192
ZWE,ジンバブエ,EN.POP.DNST,2019,39.4762000775494
ZWE,ジンバブエ,EN.POP.DNST,2020,40.13671448882
ZWE,ジンバブエ,EN.POP.DNST,2021,40.8354917926845
ZWE,ジンバブエ,EN.POP.DNST,2022,41.5382086079876
ZWE,ジンバブエ,EN.POP.DNST,2023,42.24071862479
ZWE,ジンバブエ,EN.POP.DNST,2024,
AGO,アンゴラ,SP.URB.TOTL.IN.ZS,2000,50.5070653484197
AGO,アンゴラ,SP.URB.TOTL.IN.ZS,2001,51.7224790407329
AGO,アンゴラ,SP.URB.TOTL.IN.ZS,2002,52.8926234794038
AGO,アンゴラ,SP.URB.TOTL.IN.ZS,2003,54.0043545370761
AGO,アンゴラ,SP.URB.TOTL.IN.ZS,2004,55.0445280863936
AGO,アンゴラ,SP.URB.TOTL.IN.ZS,2005,56
AGO,アンゴラ,SP.URB.TOTL.IN.ZS,2006,56.8939032662772
AGO,アンゴラ,SP.URB.TOTL.IN.ZS,2007,57.7564632930133
AGO,アンゴラ,SP.URB.TOTL.IN.ZS,2008,58.5851745819614
AGO,アンゴラ,SP.URB.TOTL.IN.ZS,2009,59.3775316348744
AGO,アンゴラ,SP.URB.TOTL.IN.ZS,2010,60.1310289535053
AGO,アンゴラ,SP.URB.TOTL.IN.ZS,2011,60.8431610396073
AGO,アンゴラ,SP.URB.TOTL.IN.ZS,2012,61.5114223949332
AGO,アンゴラ,SP.URB.TOTL.IN.ZS,2013,62.1333075212361
AGO,アンゴラ,SP.URB.TOTL.IN.ZS,2014,62.723115793241
AGO,アンゴラ,SP.URB.TOTL.IN.ZS,2015,63.51567832685
AGO,アンゴラ,SP.URB.TOTL.IN.ZS,2016,64.2992302517989
AGO,アンゴラ,SP.URB.TOTL.IN.ZS,2017,65.0850525086068
AGO,アンゴラ,SP.URB.TOTL.IN.ZS,2018,65.8732136723372
AGO,アンゴラ,SP.URB.TOTL.IN.ZS,2019,66.6637823180533
AGO,アンゴラ,SP.URB.TOTL.IN.ZS,2020,67.4568270208187
AGO,アンゴラ,SP.URB.TOTL.IN.ZS,2021,68.2524163556969
AGO,アンゴラ,SP.URB.TOTL.IN.ZS,2022,69.0506188977513
AGO,アンゴラ,SP.URB.TOTL.IN.ZS,2023,69.8515032220457
AGO,アンゴラ,SP.URB.TOTL.IN.ZS,2024,70.6551379036435
BDI,ブルンジ,SP.URB.TOTL.IN.ZS,2000,8.04381449833197
BDI,ブルンジ,SP.URB.TOTL.IN.ZS,2001,8.24107308668089
BDI,ブルンジ,SP.URB.TOTL.IN.ZS,2002,8.45108277415092
BDI,ブルンジ,SP.URB.TOTL.IN.ZS,2003,8.67614339385788
BDI,ブルンジ,SP.URB.TOTL.IN.ZS,2004,8.9185547789176
BDI,ブルンジ,SP.URB.TOTL.IN.ZS,2005,9.1806167624459
BDI,ブルンジ,SP.URB.TOTL.IN.ZS,2006,9.4646291775586
BDI,ブルンジ,SP.URB.TOTL.IN.ZS,2007,9.77289185737152
BDI,ブルンジ,SP.URB.TOTL.IN.ZS,2008,10.1064353383035
BDI,ブルンジ,SP.URB.TOTL.IN.ZS,2009,10.4979900434482
BDI,ブルンジ,SP.URB.TOTL.IN.ZS,2010,10.9843097335487
BDI,ブルンジ,SP.URB.TOTL.IN.ZS,2011,11.5616652230006
BDI,ブルンジ,SP.URB.TOTL.IN.ZS,2012,12.2244596804615
BDI,ブルンジ,SP.URB.TOTL.IN.ZS,2013,12.9670962745892
BDI,ブルンジ,SP.URB.TOTL.IN.ZS,2014,13.7839781740413
BDI,ブルンジ,SP.URB.TOTL.IN.ZS,2015,14.6695085474754
BDI,ブルンジ,SP.URB.TOTL.IN.ZS,2016,15.6180905635494
BDI,ブルンジ,SP.URB.TOTL.IN.ZS,2017,16.6241273909209
BDI,ブルンジ,SP.URB.TOTL.IN.ZS,2018,17.6820221982475
BDI,ブルンジ,SP.URB.TOTL.IN.ZS,2019,18.786178154187
BDI,ブルンジ,SP.URB.TOTL.IN.ZS,2020,19.9309984273971
BDI,ブルンジ,SP.URB.TOTL.IN.ZS,2021,21.1108861865354
BDI,ブルンジ,SP.URB.TOTL.IN.ZS,2022,22.3202446002597
BDI,ブルンジ,SP.URB.TOTL.IN.ZS,2023,23.5534768372276
BDI,ブルンジ,SP.URB.TOTL.IN.ZS,2024,24.8302838651025
BEN,ベナン,SP.URB.TOTL.IN.ZS,2000,38.2759517258875
BEN,ベナン,SP.URB.TOTL.IN.ZS,2001,38.6186257669218
BEN,ベナン,SP.URB.TOTL.IN.ZS,2002,39.0035069872981
BEN,ベナン,SP.URB.TOTL.IN.ZS,2003,39.4169696013044
BEN,ベナン,SP.URB.TOTL.IN.ZS,2004,39.8525699078742
BEN,ベナン,SP.URB.TOTL.IN.ZS,2005,40.3097749006517
BEN,ベナン,SP.URB.TOTL.IN.ZS,2006,40.7877794072449
BEN,ベナン,SP.URB.TOTL.IN.ZS,2007,41.2857782552618
BEN,ベナン,SP.URB.TOTL.IN.ZS,2008,41.8029662723105
BEN,ベナン,SP.URB.TOTL.IN.ZS,2009,42.338538285999
BEN,ベナン,SP.URB.TOTL.IN.ZS,2010,42.8916891239353
BEN,ベナン,SP.URB.TOTL.IN.ZS,2011,43.4616136137276
BEN,ベナン,SP.URB.TOTL.IN.ZS,2012,44.0475065829838
BEN,ベナン,SP.URB.TOTL.IN.ZS,2013,44.6502883669319
BEN,ベナン,SP.URB.TOTL.IN.ZS,2014,45.2880529235999
BEN,ベナン,SP.URB.TOTL.IN.ZS,2015,45.9407403257663
BEN,ベナン,SP.URB.TOTL.IN.ZS,2016,46.6094559006664
BEN,ベナン,SP.URB.TOTL.IN.ZS,2017,47.2942774880391
BEN,ベナン,SP.URB.TOTL.IN.ZS,2018,47.9952829275963
BEN,ベナン,SP.URB.TOTL.IN.ZS,2019,48.7125500590248
BEN,ベナン,SP.URB.TOTL.IN.ZS,2020,49.4461567219896
BEN,ベナン,SP.URB.TOTL.IN.ZS,2021,50.1961807561354
BEN,ベナン,SP.URB.TOTL.IN.ZS,2022,50.9627000010887
BEN,ベナン,SP.URB.TOTL.IN.ZS,2023,51.7457922964593
BEN,ベナン,SP.URB.TOTL.IN.ZS,2024,52.5455354818423
BFA,ブルキナファソ,SP.URB.TOTL.IN.ZS,2000,18.0003503329444
BFA,ブルキナファソ,SP.URB.TOTL.IN.ZS,2001,18.8591452143893
BFA,ブルキナファソ,SP.URB.TOTL.IN.ZS,2002,19.725053583448
BFA,ブルキナファソ,SP.URB.TOTL.IN.ZS,2003,20.563327262892
BFA,ブルキナファソ,SP.URB.TOTL.IN.ZS,2004,21.3392180754924
BFA,ブルキナファソ,SP.URB.TOTL.IN.ZS,2005,22.0179778440204
BFA,ブルキナファソ,SP.URB.TOTL.IN.ZS,2006,22.5528306908743
BFA,ブルキナファソ,SP.URB.TOTL.IN.ZS,2007,22.9741760828193
BFA,ブルキナファソ,SP.URB.TOTL.IN.ZS,2008,23.3633747838557
BFA,ブルキナファソ,SP.URB.TOTL.IN.ZS,2009,23.7452325601116
BFA,ブルキナファソ,SP.URB.TOTL.IN.ZS,2010,24.115092498158
BFA,ブルキナファソ,SP.URB.TOTL.IN.ZS,2011,24.4682976845657
BFA,ブルキナファソ,SP.URB.TOTL.IN.ZS,2012,24.8001912059054
BFA,ブルキナファソ,SP.URB.TOTL.IN.ZS,2013,25.106116148748
BFA,ブルキナファソ,SP.URB.TOTL.IN.ZS,2014,25.3814155996643
BFA,ブルキナファソ,SP.URB.TOTL.IN.ZS,2015,25.621432645225
BFA,ブルキナファソ,SP.URB.TOTL.IN.ZS,2016,25.821510372001
BFA,ブルキナファソ,SP.URB.TOTL.IN.ZS,2017,25.9769918665632
BFA,ブルキナファソ,SP.URB.TOTL.IN.ZS,2018,26.0832202154822
BFA,ブルキナファソ,SP.URB.TOTL.IN.ZS,2019,26.1187254401157
BFA,ブルキナファソ,SP.URB.TOTL.IN.ZS,2020,26.3578373628627
BFA,ブルキナファソ,SP.URB.TOTL.IN.ZS,2021,26.8114307743017
BFA,ブルキナファソ,SP.URB.TOTL.IN.ZS,2022,27.2791369742712
BFA,ブルキナファソ,SP.URB.TOTL.IN.ZS,2023,27.7872478365158
BFA,ブルキナファソ,SP.URB.TOTL.IN.ZS,2024,28.3352514896662
BWA,ボツワナ,SP.URB.TOTL.IN.ZS,2000,53.2047727398794
BWA,ボツワナ,SP.URB.TOTL.IN.ZS,2001,54.0489894446035
BWA,ボツワナ,SP.URB.TOTL.IN.ZS,2002,55.0142988603802
BWA,ボツワナ,SP.URB.TOTL.IN.ZS,2003,56.0979233496432
BWA,ボツワナ,SP.URB.TOTL.IN.ZS,2004,57.2582489329358
BWA,ボツワナ,SP.URB.TOTL.IN.ZS,2005,58.4535554684584
BWA,ボツワナ,SP.URB.TOTL.IN.ZS,2006,59.6421228144112
BWA,ボツワナ,SP.URB.TOTL.IN.ZS,2007,60.7822308289942
BWA,ボツワナ,SP.URB.TOTL.IN.ZS,2008,61.8321593704079
BWA,ボツワナ,SP.URB.TOTL.IN.ZS,2009,62.7501882968523
BWA,ボツワナ,SP.URB.TOTL.IN.ZS,2010,63.4945974665277
BWA,ボツワナ,SP.URB.TOTL.IN.ZS,2011,64.0187810722889
BWA,ボツワナ,SP.URB.TOTL.IN.ZS,2012,64.3993247826904
BWA,ボツワナ,SP.URB.TOTL.IN.ZS,2013,64.7579735458393
BWA,ボツワナ,SP.URB.TOTL.IN.ZS,2014,65.0965122400825
BWA,ボツワナ,SP.URB.TOTL.IN.ZS,2015,65.4103584313295
BWA,ボツワナ,SP.URB.TOTL.IN.ZS,2016,65.6949296854899
BWA,ボツワナ,SP.URB.TOTL.IN.ZS,2017,65.9456435684731
BWA,ボツワナ,SP.URB.TOTL.IN.ZS,2018,66.1579176461888
BWA,ボツワナ,SP.URB.TOTL.IN.ZS,2019,66.3271694845464
BWA,ボツワナ,SP.URB.TOTL.IN.ZS,2020,66.4488166494554
BWA,ボツワナ,SP.URB.TOTL.IN.ZS,2021,66.5182767068255
BWA,ボツワナ,SP.URB.TOTL.IN.ZS,2022,66.5889787170477
BWA,ボツワナ,SP.URB.TOTL.IN.ZS,2023,67.0212655349864
BWA,ボツワナ,SP.URB.TOTL.IN.ZS,2024,67.4623537838418
CAF,中央アフリカ共和国,SP.URB.TOTL.IN.ZS,2000,37.7014879765364
CAF,中央アフリカ共和国,SP.URB.TOTL.IN.ZS,2001,37.7560236207831
CAF,中央アフリカ共和国,SP.URB.TOTL.IN.ZS,2002,37.8169752995511
CAF,中央アフリカ共和国,SP.URB.TOTL.IN.ZS,2003,37.8863171931924
CAF,中央アフリカ共和国,SP.URB.TOTL.IN.ZS,2004,37.9626889392062
CAF,中央アフリカ共和国,SP.URB.TOTL.IN.ZS,2005,38.0448510426866
CAF,中央アフリカ共和国,SP.URB.TOTL.IN.ZS,2006,38.134433681123
CAF,中央アフリカ共和国,SP.URB.TOTL.IN.ZS,2007,38.2343339436079
CAF,中央アフリカ共和国,SP.URB.TOTL.IN.ZS,2008,38.3474489192338
CAF,中央アフリカ共和国,SP.URB.TOTL.IN.ZS,2009,38.476675697093
CAF,中央アフリカ共和国,SP.URB.TOTL.IN.ZS,2010,38.6244963104203
CAF,中央アフリカ共和国,SP.URB.TOTL.IN.ZS,2011,38.8030669465007
CAF,中央アフリカ共和国,SP.URB.TOTL.IN.ZS,2012,39.0301696038517
CAF,中央アフリカ共和国,SP.URB.TOTL.IN.ZS,2013,39.3042963482777
CAF,中央アフリカ共和国,SP.URB.TOTL.IN.ZS,2014,39.6226521868738
CAF,中央アフリカ共和国,SP.URB.TOTL.IN.ZS,2015,39.9824421267351
CAF,中央アフリカ共和国,SP.URB.TOTL.IN.ZS,2016,40.3808711749566
CAF,中央アフリカ共和国,SP.URB.TOTL.IN.ZS,2017,40.8151443386334
CAF,中央アフリカ共和国,SP.URB.TOTL.IN.ZS,2018,41.2824666248606
CAF,中央アフリカ共和国,SP.URB.TOTL.IN.ZS,2019,41.7800430407332
CAF,中央アフリカ共和国,SP.URB.TOTL.IN.ZS,2020,42.3050785933463
CAF,中央アフリカ共和国,SP.URB.TOTL.IN.ZS,2021,42.8547782897949
CAF,中央アフリカ共和国,SP.URB.TOTL.IN.ZS,2022,43.2751967457285
CAF,中央アフリカ共和国,SP.URB.TOTL.IN.ZS,2023,43.6983692134165
CAF,中央アフリカ共和国,SP.URB.TOTL.IN.ZS,2024,44.1243555638904
CIV,コートジボワール,SP.URB.TOTL.IN.ZS,2000,43.0840065011913
CIV,コートジボワール,SP.URB.TOTL.IN.ZS,2001,43.4670149035012
CIV,コートジボワール,SP.URB.TOTL.IN.ZS,2002,43.859032147728
CIV,コートジボワール,SP.URB.TOTL.IN.ZS,2003,44.2593744150531
CIV,コートジボワール,SP.URB.TOTL.IN.ZS,2004,44.667357886658
CIV,コートジボワール,SP.URB.TOTL.IN.ZS,2005,45.082298743724
CIV,コートジボワール,SP.URB.TOTL.IN.ZS,2006,45.5035131674326
CIV,コートジボワール,SP.URB.TOTL.IN.ZS,2007,45.930317338965
CIV,コートジボワール,SP.URB.TOTL.IN.ZS,2008,46.3620274395029
CIV,コートジボワール,SP.URB.TOTL.IN.ZS,2009,46.7979596502274
CIV,コートジボワール,SP.URB.TOTL.IN.ZS,2010,47.2374301523201
CIV,コートジボワール,SP.URB.TOTL.IN.ZS,2011,47.6797551269623
CIV,コートジボワール,SP.URB.TOTL.IN.ZS,2012,48.1242507553354
CIV,コートジボワール,SP.URB.TOTL.IN.ZS,2013,48.5702332186208
CIV,コートジボワール,SP.URB.TOTL.IN.ZS,2014,49.0173144557368
CIV,コートジボワール,SP.URB.TOTL.IN.ZS,2015,49.4694894689553
CIV,コートジボワール,SP.URB.TOTL.IN.ZS,2016,49.929991034032
CIV,コートジボワール,SP.URB.TOTL.IN.ZS,2017,50.3977309654344
CIV,コートジボワール,SP.URB.TOTL.IN.ZS,2018,50.8718477756395
CIV,コートジボワール,SP.URB.TOTL.IN.ZS,2019,51.3514799771241
CIV,コートジボワール,SP.URB.TOTL.IN.ZS,2020,51.8357660823651
CIV,コートジボワール,SP.URB.TOTL.IN.ZS,2021,52.3183461956059
CIV,コートジボワール,SP.URB.TOTL.IN.ZS,2022,52.8492549676673
CIV,コートジボワール,SP.URB.TOTL.IN.ZS,2023,53.4075201638704
CIV,コートジボワール,SP.URB.TOTL.IN.ZS,2024,53.9733113940142
CMR,カメルーン,SP.URB.TOTL.IN.ZS,2000,46.2449829402599
CMR,カメルーン,SP.URB.TOTL.IN.ZS,2001,46.7627509050978
CMR,カメルーン,SP.URB.TOTL.IN.ZS,2002,47.2589242513436
CMR,カメルーン,SP.URB.TOTL.IN.ZS,2003,47.7325523560061
CMR,カメルーン,SP.URB.TOTL.IN.ZS,2004,48.1826845960942
CMR,カメルーン,SP.URB.TOTL.IN.ZS,2005,48.5837852394685
CMR,カメルーン,SP.URB.TOTL.IN.ZS,2006,49.2044173412861
CMR,カメルーン,SP.URB.TOTL.IN.ZS,2007,49.7027028593758
CMR,カメルーン,SP.URB.TOTL.IN.ZS,2008,50.0858325268669
CMR,カメルーン,SP.URB.TOTL.IN.ZS,2009,50.4714131335678
CMR,カメルーン,SP.URB.TOTL.IN.ZS,2010,50.8505075371362
CMR,カメルーン,SP.URB.TOTL.IN.ZS,2011,51.2229843034125
CMR,カメルーン,SP.URB.TOTL.IN.ZS,2012,51.5887119982861
CMR,カメルーン,SP.URB.TOTL.IN.ZS,2013,51.9475591877024
CMR,カメルーン,SP.URB.TOTL.IN.ZS,2014,52.2993944376709
CMR,カメルーン,SP.URB.TOTL.IN.ZS,2015,52.6440863142742
CMR,カメルーン,SP.URB.TOTL.IN.ZS,2016,52.9815033836792
CMR,カメルーン,SP.URB.TOTL.IN.ZS,2017,53.3115142121504
CMR,カメルーン,SP.URB.TOTL.IN.ZS,2018,53.6339873660653
CMR,カメルーン,SP.URB.TOTL.IN.ZS,2019,53.9487914119331
CMR,カメルーン,SP.URB.TOTL.IN.ZS,2020,54.2557949164174
CMR,カメルーン,SP.URB.TOTL.IN.ZS,2021,54.5548664463635
CMR,カメルーン,SP.URB.TOTL.IN.ZS,2022,54.8458745688318
CMR,カメルーン,SP.URB.TOTL.IN.ZS,2023,55.1286878511388
CMR,カメルーン,SP.URB.TOTL.IN.ZS,2024,55.4031748609078
COD,コンゴ民主共和国,SP.URB.TOTL.IN.ZS,2000,34.9008752617485
COD,コンゴ民主共和国,SP.URB.TOTL.IN.ZS,2001,35.4153526820763
COD,コンゴ民主共和国,SP.URB.TOTL.IN.ZS,2002,35.937064393184
COD,コンゴ民主共和国,SP.URB.TOTL.IN.ZS,2003,36.4654627231369
COD,コンゴ民主共和国,SP.URB.TOTL.IN.ZS,2004,37
COD,コンゴ民主共和国,SP.URB.TOTL.IN.ZS,2005,37.4018738621901
COD,コンゴ民主共和国,SP.URB.TOTL.IN.ZS,2006,37.8024827128113
COD,コンゴ民主共和国,SP.URB.TOTL.IN.ZS,2007,38.201781337298
COD,コンゴ民主共和国,SP.URB.TOTL.IN.ZS,2008,38.5997245210844
COD,コンゴ民主共和国,SP.URB.TOTL.IN.ZS,2009,38.9962670496049
COD,コンゴ民主共和国,SP.URB.TOTL.IN.ZS,2010,39.391363708294
COD,コンゴ民主共和国,SP.URB.TOTL.IN.ZS,2011,39.7849692825859
COD,コンゴ民主共和国,SP.URB.TOTL.IN.ZS,2012,40.1770385579151
COD,コンゴ民主共和国,SP.URB.TOTL.IN.ZS,2013,40.5675263197158
COD,コンゴ民主共和国,SP.URB.TOTL.IN.ZS,2014,40.9563873534225
COD,コンゴ民主共和国,SP.URB.TOTL.IN.ZS,2015,41.3435764444694
COD,コンゴ民主共和国,SP.URB.TOTL.IN.ZS,2016,41.7290483782911
COD,コンゴ民主共和国,SP.URB.TOTL.IN.ZS,2017,42.1127579403217
COD,コンゴ民主共和国,SP.URB.TOTL.IN.ZS,2018,42.4946599159958
COD,コンゴ民主共和国,SP.URB.TOTL.IN.ZS,2019,42.8747090907476
COD,コンゴ民主共和国,SP.URB.TOTL.IN.ZS,2020,43.2528602500115
COD,コンゴ民主共和国,SP.URB.TOTL.IN.ZS,2021,43.6290681792218
COD,コンゴ民主共和国,SP.URB.TOTL.IN.ZS,2022,44.003287663813
COD,コンゴ民主共和国,SP.URB.TOTL.IN.ZS,2023,44.3754734892194
COD,コンゴ民主共和国,SP.URB.TOTL.IN.ZS,2024,44.7455804408753
COG,コンゴ共和国,SP.URB.TOTL.IN.ZS,2000,58.8947380255871
COG,コンゴ共和国,SP.URB.TOTL.IN.ZS,2001,59.4417859130405
COG,コンゴ共和国,SP.URB.TOTL.IN.ZS,2002,59.9716066874511
COG,コンゴ共和国,SP.URB.TOTL.IN.ZS,2003,60.4694583791889
COG,コンゴ共和国,SP.URB.TOTL.IN.ZS,2004,60.9205990186239
COG,コンゴ共和国,SP.URB.TOTL.IN.ZS,2005,61.310286636126
COG,コンゴ共和国,SP.URB.TOTL.IN.ZS,2006,61.6237792620651
COG,コンゴ共和国,SP.URB.TOTL.IN.ZS,2007,61.8502563370293
COG,コンゴ共和国,SP.URB.TOTL.IN.ZS,2008,62.0354815675203
COG,コンゴ共和国,SP.URB.TOTL.IN.ZS,2009,62.2172294650265
COG,コンゴ共和国,SP.URB.TOTL.IN.ZS,2010,62.3922871058739
COG,コンゴ共和国,SP.URB.TOTL.IN.ZS,2011,62.5597508130231
COG,コンゴ共和国,SP.URB.TOTL.IN.ZS,2012,62.7187169094345
COG,コンゴ共和国,SP.URB.TOTL.IN.ZS,2013,62.8682817180686
COG,コンゴ共和国,SP.URB.TOTL.IN.ZS,2014,63.0075415618859
COG,コンゴ共和国,SP.URB.TOTL.IN.ZS,2015,63.135592763847
COG,コンゴ共和国,SP.URB.TOTL.IN.ZS,2016,63.2515316469123
COG,コンゴ共和国,SP.URB.TOTL.IN.ZS,2017,63.3544545340423
COG,コンゴ共和国,SP.URB.TOTL.IN.ZS,2018,63.4434577481975
COG,コンゴ共和国,SP.URB.TOTL.IN.ZS,2019,63.5176376123385
COG,コンゴ共和国,SP.URB.TOTL.IN.ZS,2020,63.5760904494257
COG,コンゴ共和国,SP.URB.TOTL.IN.ZS,2021,63.6179125824196
COG,コンゴ共和国,SP.URB.TOTL.IN.ZS,2022,63.6422003342807
COG,コンゴ共和国,SP.URB.TOTL.IN.ZS,2023,63.6626757615625
COG,コンゴ共和国,SP.URB.TOTL.IN.ZS,2024,63.8866111699904
COM,コモロ,SP.URB.TOTL.IN.ZS,2000,28.0360512192055
COM,コモロ,SP.URB.TOTL.IN.ZS,2001,27.9902886596605
COM,コモロ,SP.URB.TOTL.IN.ZS,2002,27.9586267103537
COM,コモロ,SP.URB.TOTL.IN.ZS,2003,27.9448864609618
COM,コモロ,SP.URB.TOTL.IN.ZS,2004,27.9596300229124
COM,コモロ,SP.URB.TOTL.IN.ZS,2005,28.016895208368
COM,コモロ,SP.URB.TOTL.IN.ZS,2006,28.1143215973031
COM,コモロ,SP.URB.TOTL.IN.ZS,2007,28.2493321448949
COM,コモロ,SP.URB.TOTL.IN.ZS,2008,28.4193498063202
COM,コモロ,SP.URB.TOTL.IN.ZS,2009,28.6217975367563
COM,コモロ,SP.URB.TOTL.IN.ZS,2010,28.8540982913801
COM,コモロ,SP.URB.TOTL.IN.ZS,2011,29.1136750253686
COM,コモロ,SP.URB.TOTL.IN.ZS,2012,29.397950693899
COM,コモロ,SP.URB.TOTL.IN.ZS,2013,29.7043482521482
COM,コモロ,SP.URB.TOTL.IN.ZS,2014,30.0302906552932
COM,コモロ,SP.URB.TOTL.IN.ZS,2015,30.3732008585112
COM,コモロ,SP.URB.TOTL.IN.ZS,2016,30.7305018169792
COM,コモロ,SP.URB.TOTL.IN.ZS,2017,31.0996559689293
COM,コモロ,SP.URB.TOTL.IN.ZS,2018,31.4073645195839
COM,コモロ,SP.URB.TOTL.IN.ZS,2019,31.7287584068243
COM,コモロ,SP.URB.TOTL.IN.ZS,2020,32.0638072194881
COM,コモロ,SP.URB.TOTL.IN.ZS,2021,32.4124444313246
COM,コモロ,SP.URB.TOTL.IN.ZS,2022,32.7746035528748
COM,コモロ,SP.URB.TOTL.IN.ZS,2023,33.1502180946901
COM,コモロ,SP.URB.TOTL.IN.ZS,2024,33.5392215673301
CPV,カーボベルデ,SP.URB.TOTL.IN.ZS,2000,53.9332149202283
CPV,カーボベルデ,SP.URB.TOTL.IN.ZS,2001,54.7762172320995
CPV,カーボベルデ,SP.URB.TOTL.IN.ZS,2002,55.5703407979481
CPV,カーボベルデ,SP.URB.TOTL.IN.ZS,2003,56.3297071979641
CPV,カーボベルデ,SP.URB.TOTL.IN.ZS,2004,57.0677167011018
CPV,カーボベルデ,SP.URB.TOTL.IN.ZS,2005,57.7977695763157
CPV,カーボベルデ,SP.URB.TOTL.IN.ZS,2006,58.5332660925599
CPV,カーボベルデ,SP.URB.TOTL.IN.ZS,2007,59.287606518789
CPV,カーボベルデ,SP.URB.TOTL.IN.ZS,2008,60.0741911239572
CPV,カーボベルデ,SP.URB.TOTL.IN.ZS,2009,60.906420177019
CPV,カーボベルデ,SP.URB.TOTL.IN.ZS,2010,61.7974262732302
CPV,カーボベルデ,SP.URB.TOTL.IN.ZS,2011,62.7419929036884
CPV,カーボベルデ,SP.URB.TOTL.IN.ZS,2012,63.7260454520996
CPV,カーボベルデ,SP.URB.TOTL.IN.ZS,2013,64.7486207521826
CPV,カーボベルデ,SP.URB.TOTL.IN.ZS,2014,65.8085112712742
CPV,カーボベルデ,SP.URB.TOTL.IN.ZS,2015,66.9045094767116
CPV,カーボベルデ,SP.URB.TOTL.IN.ZS,2016,68.0354078358316
CPV,カーボベルデ,SP.URB.TOTL.IN.ZS,2017,69.1999988159713
CPV,カーボベルデ,SP.URB.TOTL.IN.ZS,2018,70.3970748844677
CPV,カーボベルデ,SP.URB.TOTL.IN.ZS,2019,71.6254285086577
CPV,カーボベルデ,SP.URB.TOTL.IN.ZS,2020,72.8838521558784
CPV,カーボベルデ,SP.URB.TOTL.IN.ZS,2021,74.1607930892827
CPV,カーボベルデ,SP.URB.TOTL.IN.ZS,2022,75.033738060849
CPV,カーボベルデ,SP.URB.TOTL.IN.ZS,2023,75.9064245753376
CPV,カーボベルデ,SP.URB.TOTL.IN.ZS,2024,76.7721471004354
DJI,ジブチ,SP.URB.TOTL.IN.ZS,2000,73.3486361649708
DJI,ジブチ,SP.URB.TOTL.IN.ZS,2001,72.8935327252495
DJI,ジブチ,SP.URB.TOTL.IN.ZS,2002,72.4503357641707
DJI,ジブチ,SP.URB.TOTL.IN.ZS,2003,72.0304414068997
DJI,ジブチ,SP.URB.TOTL.IN.ZS,2004,71.6452457786012
DJI,ジブチ,SP.URB.TOTL.IN.ZS,2005,71.3061450044404
DJI,ジブチ,SP.URB.TOTL.IN.ZS,2006,71.0245352095823
DJI,ジブチ,SP.URB.TOTL.IN.ZS,2007,70.8118125191918
DJI,ジブチ,SP.URB.TOTL.IN.ZS,2008,70.6793730584341
DJI,ジブチ,SP.URB.TOTL.IN.ZS,2009,70.6383251554484
DJI,ジブチ,SP.URB.TOTL.IN.ZS,2010,70.6486554782903
DJI,ジブチ,SP.URB.TOTL.IN.ZS,2011,70.6776532458676
DJI,ジブチ,SP.URB.TOTL.IN.ZS,2012,70.7266311335377
DJI,ジブチ,SP.URB.TOTL.IN.ZS,2013,70.7969331287484
DJI,ジブチ,SP.URB.TOTL.IN.ZS,2014,70.8899032189478
DJI,ジブチ,SP.URB.TOTL.IN.ZS,2015,71.0068853915837
DJI,ジブチ,SP.URB.TOTL.IN.ZS,2016,71.1492236341041
DJI,ジブチ,SP.URB.TOTL.IN.ZS,2017,71.318261933957
DJI,ジブチ,SP.URB.TOTL.IN.ZS,2018,71.5153442785902
DJI,ジブチ,SP.URB.TOTL.IN.ZS,2019,71.7418146554518
DJI,ジブチ,SP.URB.TOTL.IN.ZS,2020,71.9990170519895
DJI,ジブチ,SP.URB.TOTL.IN.ZS,2021,72.2882954556515
DJI,ジブチ,SP.URB.TOTL.IN.ZS,2022,72.6109938538856
DJI,ジブチ,SP.URB.TOTL.IN.ZS,2023,72.8408245988921
DJI,ジブチ,SP.URB.TOTL.IN.ZS,2024,72.9052635052978
DZA,アルジェリア,SP.URB.TOTL.IN.ZS,2000,59.8521239445692
DZA,アルジェリア,SP.URB.TOTL.IN.ZS,2001,60.6177172788536
DZA,アルジェリア,SP.URB.TOTL.IN.ZS,2002,61.3812658601162
DZA,アルジェリア,SP.URB.TOTL.IN.ZS,2003,62.1427907986812
DZA,アルジェリア,SP.URB.TOTL.IN.ZS,2004,62.9023132048725
DZA,アルジェリア,SP.URB.TOTL.IN.ZS,2005,63.6598541890144
DZA,アルジェリア,SP.URB.TOTL.IN.ZS,2006,64.4154348614309
DZA,アルジェリア,SP.URB.TOTL.IN.ZS,2007,65.1690763324461
DZA,アルジェリア,SP.URB.TOTL.IN.ZS,2008,65.901485871159
DZA,アルジェリア,SP.URB.TOTL.IN.ZS,2009,66.5097384559521
DZA,アルジェリア,SP.URB.TOTL.IN.ZS,2010,67.1235057867459
DZA,アルジェリア,SP.URB.TOTL.IN.ZS,2011,67.7344007507578
DZA,アルジェリア,SP.URB.TOTL.IN.ZS,2012,68.3421258553675
DZA,アルジェリア,SP.URB.TOTL.IN.ZS,2013,68.9463836079277
DZA,アルジェリア,SP.URB.TOTL.IN.ZS,2014,69.5468765157615
DZA,アルジェリア,SP.URB.TOTL.IN.ZS,2015,70.1433070861612
DZA,アルジェリア,SP.URB.TOTL.IN.ZS,2016,70.7353778263851
DZA,アルジェリア,SP.URB.TOTL.IN.ZS,2017,71.3227912436551
DZA,アルジェリア,SP.URB.TOTL.IN.ZS,2018,71.905249845153
DZA,アルジェリア,SP.URB.TOTL.IN.ZS,2019,72.4824561380175
DZA,アルジェリア,SP.URB.TOTL.IN.ZS,2020,73.0541126293395
DZA,アルジェリア,SP.URB.TOTL.IN.ZS,2021,73.6199218261573
DZA,アルジェリア,SP.URB.TOTL.IN.ZS,2022,74.1795862354514
DZA,アルジェリア,SP.URB.TOTL.IN.ZS,2023,74.732808364138
DZA,アルジェリア,SP.URB.TOTL.IN.ZS,2024,75.2792907190618
EGY,エジプト,SP.URB.TOTL.IN.ZS,2000,42.7339398932519
EGY,エジプト,SP.URB.TOTL.IN.ZS,2001,42.7835506765333
EGY,エジプト,SP.URB.TOTL.IN.ZS,2002,42.8347629483917
EGY,エジプト,SP.URB.TOTL.IN.ZS,2003,42.8834685533792
EGY,エジプト,SP.URB.TOTL.IN.ZS,2004,42.9255593360476
EGY,エジプト,SP.URB.TOTL.IN.ZS,2005,42.9569271409488
EGY,エジプト,SP.URB.TOTL.IN.ZS,2006,42.9729991680104
EGY,エジプト,SP.URB.TOTL.IN.ZS,2007,42.9729666344509
EGY,エジプト,SP.URB.TOTL.IN.ZS,2008,42.9608989120873
EGY,エジプト,SP.URB.TOTL.IN.ZS,2009,42.9383470624904
EGY,エジプト,SP.URB.TOTL.IN.ZS,2010,42.9057175520154
EGY,エジプト,SP.URB.TOTL.IN.ZS,2011,42.8634168470177
EGY,エジプト,SP.URB.TOTL.IN.ZS,2012,42.8118514138525
EGY,エジプト,SP.URB.TOTL.IN.ZS,2013,42.7514277188751
EGY,エジプト,SP.URB.TOTL.IN.ZS,2014,42.6825522284408
EGY,エジプト,SP.URB.TOTL.IN.ZS,2015,42.6056314089048
EGY,エジプト,SP.URB.TOTL.IN.ZS,2016,42.5210717266225
EGY,エジプト,SP.URB.TOTL.IN.ZS,2017,42.4486008687179
EGY,エジプト,SP.URB.TOTL.IN.ZS,2018,42.4577177449969
EGY,エジプト,SP.URB.TOTL.IN.ZS,2019,42.4812027332648
EGY,エジプト,SP.URB.TOTL.IN.ZS,2020,42.5181534630674
EGY,エジプト,SP.URB.TOTL.IN.ZS,2021,42.5686062621468
EGY,エジプト,SP.URB.TOTL.IN.ZS,2022,42.6325129008032
EGY,エジプト,SP.URB.TOTL.IN.ZS,2023,42.7098115041919
EGY,エジプト,SP.URB.TOTL.IN.ZS,2024,42.8004363938404
ERI,エリトリア,SP.URB.TOTL.IN.ZS,2000,34.0983619689941
ERI,エリトリア,SP.URB.TOTL.IN.ZS,2001,34.3253211975098
ERI,エリトリア,SP.URB.TOTL.IN.ZS,2002,34.5420799255371
ERI,エリトリア,SP.URB.TOTL.IN.ZS,2003,34.7451286315918
ERI,エリトリア,SP.URB.TOTL.IN.ZS,2004,34.9324645996094
ERI,エリトリア,SP.URB.TOTL.IN.ZS,2005,35.1022033691406
ERI,エリトリア,SP.URB.TOTL.IN.ZS,2006,35.2525177001953
ERI,エリトリア,SP.URB.TOTL.IN.ZS,2007,35.3820953369141
ERI,エリトリア,SP.URB.TOTL.IN.ZS,2008,35.4897117614746
ERI,エリトリア,SP.URB.TOTL.IN.ZS,2009,35.5742034912109
ERI,エリトリア,SP.URB.TOTL.IN.ZS,2010,35.6346549987793
ERI,エリトリア,SP.URB.TOTL.IN.ZS,2011,35.6706275939941
ERI,エリトリア,SP.URB.TOTL.IN.ZS,2012,35.6824264526367
ERI,エリトリア,SP.URB.TOTL.IN.ZS,2013,35.6713333129883
ERI,エリトリア,SP.URB.TOTL.IN.ZS,2014,35.639720916748
ERI,エリトリア,SP.URB.TOTL.IN.ZS,2015,35.591007232666
ERI,エリトリア,SP.URB.TOTL.IN.ZS,2016,35.5254287719727
ERI,エリトリア,SP.URB.TOTL.IN.ZS,2017,35.4427146911621
ERI,エリトリア,SP.URB.TOTL.IN.ZS,2018,35.3451042175293
ERI,エリトリア,SP.URB.TOTL.IN.ZS,2019,35.2352333068848
ERI,エリトリア,SP.URB.TOTL.IN.ZS,2020,35.116138458252
ERI,エリトリア,SP.URB.TOTL.IN.ZS,2021,34.9871139526367
ERI,エリトリア,SP.URB.TOTL.IN.ZS,2022,34.8469276428223
ERI,エリトリア,SP.URB.TOTL.IN.ZS,2023,34.696403503418
ERI,エリトリア,SP.URB.TOTL.IN.ZS,2024,34.5365524291992
ESH,西サハラ,SP.URB.TOTL.IN.ZS,2000,
ESH,西サハラ,SP.URB.TOTL.IN.ZS,2001,
ESH,西サハラ,SP.URB.TOTL.IN.ZS,2002,
ESH,西サハラ,SP.URB.TOTL.IN.ZS,2003,
ESH,西サハラ,SP.URB.TOTL.IN.ZS,2004,
ESH,西サハラ,SP.URB.TOTL.IN.ZS,2005,
ESH,西サハラ,SP.URB.TOTL.IN.ZS,2006,
ESH,西サハラ,SP.URB.TOTL.IN.ZS,2007,
ESH,西サハラ,SP.URB.TOTL.IN.ZS,2008,
ESH,西サハラ,SP.URB.TOTL.IN.ZS,2009,
ESH,西サハラ,SP.URB.TOTL.IN.ZS,2010,
ESH,西サハラ,SP.URB.TOTL.IN.ZS,2011,
ESH,西サハラ,SP.URB.TOTL.IN.ZS,2012,
ESH,西サハラ,SP.URB.TOTL.IN.ZS,2013,
ESH,西サハラ,SP.URB.TOTL.IN.ZS,2014,
ESH,西サハラ,SP.URB.TOTL.IN.ZS,2015,
ESH,西サハラ,SP.URB.TOTL.IN.ZS,2016,
ESH,西サハラ,SP.URB.TOTL.IN.ZS,2017,
ESH,西サハラ,SP.URB.TOTL.IN.ZS,2018,
ESH,西サハラ,SP.URB.TOTL.IN.ZS,2019,
ESH,西サハラ,SP.URB.TOTL.IN.ZS,2020,
ESH,西サハラ,SP.URB.TOTL.IN.ZS,2021,
ESH,西サハラ,SP.URB.TOTL.IN.ZS,2022,
ESH,西サハラ,SP.URB.TOTL.IN.ZS,2023,
ESH,西サハラ,SP.URB.TOTL.IN.ZS,2024,
ETH,エチオピア,SP.URB.TOTL.IN.ZS,2000,14.9193096160889
ETH,エチオピア,SP.URB.TOTL.IN.ZS,2001,15.1177673339844
ETH,エチオピア,SP.URB.TOTL.IN.ZS,2002,15.333233833313
ETH,エチオピア,SP.URB.TOTL.IN.ZS,2003,15.5438537597656
ETH,エチオピア,SP.URB.TOTL.IN.ZS,2004,15.7585906982422
ETH,エチオピア,SP.URB.TOTL.IN.ZS,2005,15.982967376709
ETH,エチオピア,SP.URB.TOTL.IN.ZS,2006,16.2148475646973
ETH,エチオピア,SP.URB.TOTL.IN.ZS,2007,16.0948330261902
ETH,エチオピア,SP.URB.TOTL.IN.ZS,2008,16.7936706542969
ETH,エチオピア,SP.URB.TOTL.IN.ZS,2009,17.1511001586914
ETH,エチオピア,SP.URB.TOTL.IN.ZS,2010,17.4937839508057
ETH,エチオピア,SP.URB.TOTL.IN.ZS,2011,17.863790512085
ETH,エチオピア,SP.URB.TOTL.IN.ZS,2012,18.2061367034912
ETH,エチオピア,SP.URB.TOTL.IN.ZS,2013,18.615514755249
ETH,エチオピア,SP.URB.TOTL.IN.ZS,2014,19.0262870788574
ETH,エチオピア,SP.URB.TOTL.IN.ZS,2015,19.451566696167
ETH,エチオピア,SP.URB.TOTL.IN.ZS,2016,19.8763618469238
ETH,エチオピア,SP.URB.TOTL.IN.ZS,2017,20.3084850311279
ETH,エチオピア,SP.URB.TOTL.IN.ZS,2018,20.7838096618652
ETH,エチオピア,SP.URB.TOTL.IN.ZS,2019,21.2486705780029
ETH,エチオピア,SP.URB.TOTL.IN.ZS,2020,21.6260051727295
ETH,エチオピア,SP.URB.TOTL.IN.ZS,2021,22.1067085266113
ETH,エチオピア,SP.URB.TOTL.IN.ZS,2022,22.7367687225342
ETH,エチオピア,SP.URB.TOTL.IN.ZS,2023,23.0586471557617
ETH,エチオピア,SP.URB.TOTL.IN.ZS,2024,23.6222839355469
GAB,ガボン,SP.URB.TOTL.IN.ZS,2000,79.5660404650438
GAB,ガボン,SP.URB.TOTL.IN.ZS,2001,80.4090993437448
GAB,ガボン,SP.URB.TOTL.IN.ZS,2002,81.2205241874174
GAB,ガボン,SP.URB.TOTL.IN.ZS,2003,81.9970830091574
GAB,ガボン,SP.URB.TOTL.IN.ZS,2004,82.7355438220611
GAB,ガボン,SP.URB.TOTL.IN.ZS,2005,83.4326746392243
GAB,ガボン,SP.URB.TOTL.IN.ZS,2006,84.0852434737431
GAB,ガボン,SP.URB.TOTL.IN.ZS,2007,84.6900183387136
GAB,ガボン,SP.URB.TOTL.IN.ZS,2008,85.2437672472316
GAB,ガボン,SP.URB.TOTL.IN.ZS,2009,85.7432582123932
GAB,ガボン,SP.URB.TOTL.IN.ZS,2010,86.1852592472945
GAB,ガボン,SP.URB.TOTL.IN.ZS,2011,86.5665383650315
GAB,ガボン,SP.URB.TOTL.IN.ZS,2012,86.8838635787001
GAB,ガボン,SP.URB.TOTL.IN.ZS,2013,87.1482480671637
GAB,ガボン,SP.URB.TOTL.IN.ZS,2014,87.6236017962969
GAB,ガボン,SP.URB.TOTL.IN.ZS,2015,88.085308383892
GAB,ガボン,SP.URB.TOTL.IN.ZS,2016,88.5445883406178
GAB,ガボン,SP.URB.TOTL.IN.ZS,2017,89.0009733256896
GAB,ガボン,SP.URB.TOTL.IN.ZS,2018,89.4539949981866
GAB,ガボン,SP.URB.TOTL.IN.ZS,2019,89.9031850170394
GAB,ガボン,SP.URB.TOTL.IN.ZS,2020,90.3480750410147
GAB,ガボン,SP.URB.TOTL.IN.ZS,2021,90.7881967286967
GAB,ガボン,SP.URB.TOTL.IN.ZS,2022,91.2243355459988
GAB,ガボン,SP.URB.TOTL.IN.ZS,2023,91.6375962797313
GAB,ガボン,SP.URB.TOTL.IN.ZS,2024,91.8632094677575
GHA,ガーナ,SP.URB.TOTL.IN.ZS,2000,43.9373786640616
GHA,ガーナ,SP.URB.TOTL.IN.ZS,2001,44.6410507317701
GHA,ガーナ,SP.URB.TOTL.IN.ZS,2002,45.3484692124806
GHA,ガーナ,SP.URB.TOTL.IN.ZS,2003,46.0547973581418
GHA,ガーナ,SP.URB.TOTL.IN.ZS,2004,46.7572004525685
GHA,ガーナ,SP.URB.TOTL.IN.ZS,2005,47.4528437795757
GHA,ガーナ,SP.URB.TOTL.IN.ZS,2006,48.1388926229785
GHA,ガーナ,SP.URB.TOTL.IN.ZS,2007,48.8125122665918
GHA,ガーナ,SP.URB.TOTL.IN.ZS,2008,49.4708679942306
GHA,ガーナ,SP.URB.TOTL.IN.ZS,2009,50.1111250897099
GHA,ガーナ,SP.URB.TOTL.IN.ZS,2010,50.7296926788704
GHA,ガーナ,SP.URB.TOTL.IN.ZS,2011,51.3304086646488
GHA,ガーナ,SP.URB.TOTL.IN.ZS,2012,51.9197918381031
GHA,ガーナ,SP.URB.TOTL.IN.ZS,2013,52.4985794475913
GHA,ガーナ,SP.URB.TOTL.IN.ZS,2014,53.0663398797148
GHA,ガーナ,SP.URB.TOTL.IN.ZS,2015,53.6226415210752
GHA,ガーナ,SP.URB.TOTL.IN.ZS,2016,54.167052758274
GHA,ガーナ,SP.URB.TOTL.IN.ZS,2017,54.6991419779128
GHA,ガーナ,SP.URB.TOTL.IN.ZS,2018,55.218477566593
GHA,ガーナ,SP.URB.TOTL.IN.ZS,2019,55.7246279109161
GHA,ガーナ,SP.URB.TOTL.IN.ZS,2020,56.2171613974837
GHA,ガーナ,SP.URB.TOTL.IN.ZS,2021,56.6952556826536
GHA,ガーナ,SP.URB.TOTL.IN.ZS,2022,57.250609602871
GHA,ガーナ,SP.URB.TOTL.IN.ZS,2023,57.8074737774654
GHA,ガーナ,SP.URB.TOTL.IN.ZS,2024,58.3654868038581
GIN,ギニア,SP.URB.TOTL.IN.ZS,2000,30.9231105645224
GIN,ギニア,SP.URB.TOTL.IN.ZS,2001,31.2176948406254
GIN,ギニア,SP.URB.TOTL.IN.ZS,2002,31.5131362085814
GIN,ギニア,SP.URB.TOTL.IN.ZS,2003,31.8086015036327
GIN,ギニア,SP.URB.TOTL.IN.ZS,2004,32.1032575610216
GIN,ギニア,SP.URB.TOTL.IN.ZS,2005,32.3962712159907
GIN,ギニア,SP.URB.TOTL.IN.ZS,2006,32.6868093037822
GIN,ギニア,SP.URB.TOTL.IN.ZS,2007,32.9740386596386
GIN,ギニア,SP.URB.TOTL.IN.ZS,2008,33.2571261188022
GIN,ギニア,SP.URB.TOTL.IN.ZS,2009,33.5352385165154
GIN,ギニア,SP.URB.TOTL.IN.ZS,2010,33.8075426880206
GIN,ギニア,SP.URB.TOTL.IN.ZS,2011,34.0732054685603
GIN,ギニア,SP.URB.TOTL.IN.ZS,2012,34.3313936933767
GIN,ギニア,SP.URB.TOTL.IN.ZS,2013,34.5812741977122
GIN,ギニア,SP.URB.TOTL.IN.ZS,2014,34.8177920826682
GIN,ギニア,SP.URB.TOTL.IN.ZS,2015,35.0373191833496
GIN,ギニア,SP.URB.TOTL.IN.ZS,2016,35.3100280761719
GIN,ギニア,SP.URB.TOTL.IN.ZS,2017,35.5827331542969
GIN,ギニア,SP.URB.TOTL.IN.ZS,2018,35.8554382324219
GIN,ギニア,SP.URB.TOTL.IN.ZS,2019,36.1281547546387
GIN,ギニア,SP.URB.TOTL.IN.ZS,2020,36.4802208060551
GIN,ギニア,SP.URB.TOTL.IN.ZS,2021,36.8502178436256
GIN,ギニア,SP.URB.TOTL.IN.ZS,2022,37.2384967469106
GIN,ギニア,SP.URB.TOTL.IN.ZS,2023,37.6454083954705
GIN,ギニア,SP.URB.TOTL.IN.ZS,2024,38.0713036688655
GMB,ガンビア,SP.URB.TOTL.IN.ZS,2000,46.9722332873784
GMB,ガンビア,SP.URB.TOTL.IN.ZS,2001,48.3491979765917
GMB,ガンビア,SP.URB.TOTL.IN.ZS,2002,49.5731153377033
GMB,ガンビア,SP.URB.TOTL.IN.ZS,2003,50.6010077995371
GMB,ガンビア,SP.URB.TOTL.IN.ZS,2004,51.5062022597801
GMB,ガンビア,SP.URB.TOTL.IN.ZS,2005,52.3582132660613
GMB,ガンビア,SP.URB.TOTL.IN.ZS,2006,53.1603285370566
GMB,ガンビア,SP.URB.TOTL.IN.ZS,2007,53.9196109423854
GMB,ガンビア,SP.URB.TOTL.IN.ZS,2008,54.6431233516671
GMB,ガンビア,SP.URB.TOTL.IN.ZS,2009,55.3379286345209
GMB,ガンビア,SP.URB.TOTL.IN.ZS,2010,56.0110896605662
GMB,ガンビア,SP.URB.TOTL.IN.ZS,2011,56.6696692994225
GMB,ガンビア,SP.URB.TOTL.IN.ZS,2012,57.3207304207091
GMB,ガンビア,SP.URB.TOTL.IN.ZS,2013,57.970305611505
GMB,ガンビア,SP.URB.TOTL.IN.ZS,2014,58.6141799655551
GMB,ガンビア,SP.URB.TOTL.IN.ZS,2015,59.2458499408388
GMB,ガンビア,SP.URB.TOTL.IN.ZS,2016,59.8652472486563
GMB,ガンビア,SP.URB.TOTL.IN.ZS,2017,60.471712657237
GMB,ガンビア,SP.URB.TOTL.IN.ZS,2018,61.0645869348107
GMB,ガンビア,SP.URB.TOTL.IN.ZS,2019,61.643210849607
GMB,ガンビア,SP.URB.TOTL.IN.ZS,2020,62.2069251698555
GMB,ガンビア,SP.URB.TOTL.IN.ZS,2021,62.7550706637859
GMB,ガンビア,SP.URB.TOTL.IN.ZS,2022,63.2869880996278
GMB,ガンビア,SP.URB.TOTL.IN.ZS,2023,63.8020182456108
GMB,ガンビア,SP.URB.TOTL.IN.ZS,2024,64.2994103409645
GNB,ギニアビサウ,SP.URB.TOTL.IN.ZS,2000,36.8412054388232
GNB,ギニアビサウ,SP.URB.TOTL.IN.ZS,2001,37.1627839410066
GNB,ギニアビサウ,SP.URB.TOTL.IN.ZS,2002,37.4734924367695
GNB,ギニアビサウ,SP.URB.TOTL.IN.ZS,2003,37.7773055741583
GNB,ギニアビサウ,SP.URB.TOTL.IN.ZS,2004,38.0781980012196
GNB,ギニアビサウ,SP.URB.TOTL.IN.ZS,2005,38.3801443659997
GNB,ギニアビサウ,SP.URB.TOTL.IN.ZS,2006,38.6871193165452
GNB,ギニアビサウ,SP.URB.TOTL.IN.ZS,2007,39.0030975009025
GNB,ギニアビサウ,SP.URB.TOTL.IN.ZS,2008,39.3320535671181
GNB,ギニアビサウ,SP.URB.TOTL.IN.ZS,2009,39.6716434222135
GNB,ギニアビサウ,SP.URB.TOTL.IN.ZS,2010,40.0095596313477
GNB,ギニアビサウ,SP.URB.TOTL.IN.ZS,2011,40.4391136169434
GNB,ギニアビサウ,SP.URB.TOTL.IN.ZS,2012,40.8686027526855
GNB,ギニアビサウ,SP.URB.TOTL.IN.ZS,2013,41.2976379394531
GNB,ギニアビサウ,SP.URB.TOTL.IN.ZS,2014,41.7271995544434
GNB,ギニアビサウ,SP.URB.TOTL.IN.ZS,2015,42.1568145751953
GNB,ギニアビサウ,SP.URB.TOTL.IN.ZS,2016,42.586109161377
GNB,ギニアビサウ,SP.URB.TOTL.IN.ZS,2017,43.0155792236328
GNB,ギニアビサウ,SP.URB.TOTL.IN.ZS,2018,43.4449081420898
GNB,ギニアビサウ,SP.URB.TOTL.IN.ZS,2019,43.8745574951172
GNB,ギニアビサウ,SP.URB.TOTL.IN.ZS,2020,44.3038330078125
GNB,ギニアビサウ,SP.URB.TOTL.IN.ZS,2021,44.7334136962891
GNB,ギニアビサウ,SP.URB.TOTL.IN.ZS,2022,45.1627159118652
GNB,ギニアビサウ,SP.URB.TOTL.IN.ZS,2023,45.5923843383789
GNB,ギニアビサウ,SP.URB.TOTL.IN.ZS,2024,46.113204421822
GNQ,赤道ギニア,SP.URB.TOTL.IN.ZS,2000,38.8154587133988
GNQ,赤道ギニア,SP.URB.TOTL.IN.ZS,2001,38.8638365386531
GNQ,赤道ギニア,SP.URB.TOTL.IN.ZS,2002,39.1969150391705
GNQ,赤道ギニア,SP.URB.TOTL.IN.ZS,2003,39.895902485648
GNQ,赤道ギニア,SP.URB.TOTL.IN.ZS,2004,40.9304009672368
GNQ,赤道ギニア,SP.URB.TOTL.IN.ZS,2005,42.2814597171299
GNQ,赤道ギニア,SP.URB.TOTL.IN.ZS,2006,43.9301279685204
GNQ,赤道ギニア,SP.URB.TOTL.IN.ZS,2007,45.8574549546013
GNQ,赤道ギニア,SP.URB.TOTL.IN.ZS,2008,48.0444899085658
GNQ,赤道ギニア,SP.URB.TOTL.IN.ZS,2009,50.4722820636069
GNQ,赤道ギニア,SP.URB.TOTL.IN.ZS,2010,53.1218806529176
GNQ,赤道ギニア,SP.URB.TOTL.IN.ZS,2011,55.9743349096911
GNQ,赤道ギニア,SP.URB.TOTL.IN.ZS,2012,59.0106940671203
GNQ,赤道ギニア,SP.URB.TOTL.IN.ZS,2013,62.2120073583984
GNQ,赤道ギニア,SP.URB.TOTL.IN.ZS,2014,65.5593240167184
GNQ,赤道ギニア,SP.URB.TOTL.IN.ZS,2015,68.951270615355
GNQ,赤道ギニア,SP.URB.TOTL.IN.ZS,2016,69.253269853051
GNQ,赤道ギニア,SP.URB.TOTL.IN.ZS,2017,69.5516019132985
GNQ,赤道ギニア,SP.URB.TOTL.IN.ZS,2018,69.8396623666175
GNQ,赤道ギニア,SP.URB.TOTL.IN.ZS,2019,70.1175419547293
GNQ,赤道ギニア,SP.URB.TOTL.IN.ZS,2020,70.3853314193247
GNQ,赤道ギニア,SP.URB.TOTL.IN.ZS,2021,70.6431215020592
GNQ,赤道ギニア,SP.URB.TOTL.IN.ZS,2022,70.8910029445467
GNQ,赤道ギニア,SP.URB.TOTL.IN.ZS,2023,71.1290664883517
GNQ,赤道ギニア,SP.URB.TOTL.IN.ZS,2024,71.3574028749806
KEN,ケニア,SP.URB.TOTL.IN.ZS,2000,19.4553832211834
KEN,ケニア,SP.URB.TOTL.IN.ZS,2001,20.4416297068833
KEN,ケニア,SP.URB.TOTL.IN.ZS,2002,21.8586568137501
KEN,ケニア,SP.URB.TOTL.IN.ZS,2003,23.563889811899
KEN,ケニア,SP.URB.TOTL.IN.ZS,2004,25.4147539714454
KEN,ケニア,SP.URB.TOTL.IN.ZS,2005,27.2686745625048
KEN,ケニア,SP.URB.TOTL.IN.ZS,2006,28.9830768551925
KEN,ケニア,SP.URB.TOTL.IN.ZS,2007,30.4153861196239
KEN,ケニア,SP.URB.TOTL.IN.ZS,2008,31.4230276259143
KEN,ケニア,SP.URB.TOTL.IN.ZS,2009,31.8603086707305
KEN,ケニア,SP.URB.TOTL.IN.ZS,2010,31.8713287706458
KEN,ケニア,SP.URB.TOTL.IN.ZS,2011,31.8673949025409
KEN,ケニア,SP.URB.TOTL.IN.ZS,2012,31.8558130142761
KEN,ケニア,SP.URB.TOTL.IN.ZS,2013,31.8324454433988
KEN,ケニア,SP.URB.TOTL.IN.ZS,2014,31.7931545274563
KEN,ケニア,SP.URB.TOTL.IN.ZS,2015,31.7338026039958
KEN,ケニア,SP.URB.TOTL.IN.ZS,2016,31.6502520105647
KEN,ケニア,SP.URB.TOTL.IN.ZS,2017,31.5383650847102
KEN,ケニア,SP.URB.TOTL.IN.ZS,2018,31.3940041639796
KEN,ケニア,SP.URB.TOTL.IN.ZS,2019,31.1895566421135
KEN,ケニア,SP.URB.TOTL.IN.ZS,2020,31.2063494632616
KEN,ケニア,SP.URB.TOTL.IN.ZS,2021,31.2879334021971
KEN,ケニア,SP.URB.TOTL.IN.ZS,2022,31.4307820066946
KEN,ケニア,SP.URB.TOTL.IN.ZS,2023,31.6330340816429
KEN,ケニア,SP.URB.TOTL.IN.ZS,2024,31.8937831721599
LBR,リベリア,SP.URB.TOTL.IN.ZS,2000,43.7710042955819
LBR,リベリア,SP.URB.TOTL.IN.ZS,2001,44.1509656015089
LBR,リベリア,SP.URB.TOTL.IN.ZS,2002,44.566701526991
LBR,リベリア,SP.URB.TOTL.IN.ZS,2003,45.0004573003041
LBR,リベリア,SP.URB.TOTL.IN.ZS,2004,45.4344781497244
LBR,リベリア,SP.URB.TOTL.IN.ZS,2005,45.8510093035277
LBR,リベリア,SP.URB.TOTL.IN.ZS,2006,46.2322959899902
LBR,リベリア,SP.URB.TOTL.IN.ZS,2007,46.6104850769043
LBR,リベリア,SP.URB.TOTL.IN.ZS,2008,47.1080497871025
LBR,リベリア,SP.URB.TOTL.IN.ZS,2009,47.6245255922562
LBR,リベリア,SP.URB.TOTL.IN.ZS,2010,48.1407517057907
LBR,リベリア,SP.URB.TOTL.IN.ZS,2011,48.6583302770849
LBR,リベリア,SP.URB.TOTL.IN.ZS,2012,49.1773247639526
LBR,リベリア,SP.URB.TOTL.IN.ZS,2013,49.6977986242077
LBR,リベリア,SP.URB.TOTL.IN.ZS,2014,50.2198153156642
LBR,リベリア,SP.URB.TOTL.IN.ZS,2015,50.7434382961363
LBR,リベリア,SP.URB.TOTL.IN.ZS,2016,51.2687310234384
LBR,リベリア,SP.URB.TOTL.IN.ZS,2017,51.7957569553849
LBR,リベリア,SP.URB.TOTL.IN.ZS,2018,52.3245795497906
LBR,リベリア,SP.URB.TOTL.IN.ZS,2019,52.85526226447
LBR,リベリア,SP.URB.TOTL.IN.ZS,2020,53.3878685572381
LBR,リベリア,SP.URB.TOTL.IN.ZS,2021,53.9224618859098
LBR,リベリア,SP.URB.TOTL.IN.ZS,2022,54.4591057083
LBR,リベリア,SP.URB.TOTL.IN.ZS,2023,54.997863482224
LBR,リベリア,SP.URB.TOTL.IN.ZS,2024,55.5387986654968
LBY,リビア,SP.URB.TOTL.IN.ZS,2000,86.9508513726842
LBY,リビア,SP.URB.TOTL.IN.ZS,2001,87.3194455877457
LBY,リビア,SP.URB.TOTL.IN.ZS,2002,87.6256192750746
LBY,リビア,SP.URB.TOTL.IN.ZS,2003,87.8659880500458
LBY,リビア,SP.URB.TOTL.IN.ZS,2004,88.0371675280346
LBY,リビア,SP.URB.TOTL.IN.ZS,2005,88.135773324416
LBY,リビア,SP.URB.TOTL.IN.ZS,2006,88.1599560242948
LBY,リビア,SP.URB.TOTL.IN.ZS,2007,88.1560287475586
LBY,リビア,SP.URB.TOTL.IN.ZS,2008,88.1474456787109
LBY,リビア,SP.URB.TOTL.IN.ZS,2009,88.1345825195312
LBY,リビア,SP.URB.TOTL.IN.ZS,2010,88.1177139282227
LBY,リビア,SP.URB.TOTL.IN.ZS,2011,88.0970458984375
LBY,リビア,SP.URB.TOTL.IN.ZS,2012,88.0727920532227
LBY,リビア,SP.URB.TOTL.IN.ZS,2013,88.0451431274414
LBY,リビア,SP.URB.TOTL.IN.ZS,2014,88.0142059326172
LBY,リビア,SP.URB.TOTL.IN.ZS,2015,87.8159103393555
LBY,リビア,SP.URB.TOTL.IN.ZS,2016,87.8160056703177
LBY,リビア,SP.URB.TOTL.IN.ZS,2017,87.8166729870528
LBY,リビア,SP.URB.TOTL.IN.ZS,2018,87.818484275334
LBY,リビア,SP.URB.TOTL.IN.ZS,2019,87.8220115209342
LBY,リビア,SP.URB.TOTL.IN.ZS,2020,87.8278267096263
LBY,リビア,SP.URB.TOTL.IN.ZS,2021,87.8365018271835
LBY,リビア,SP.URB.TOTL.IN.ZS,2022,87.8486088593786
LBY,リビア,SP.URB.TOTL.IN.ZS,2023,87.8647197919848
LBY,リビア,SP.URB.TOTL.IN.ZS,2024,87.8854066107749
LSO,レソト,SP.URB.TOTL.IN.ZS,2000,19.3273988558381
LSO,レソト,SP.URB.TOTL.IN.ZS,2001,19.8975236019886
LSO,レソト,SP.URB.TOTL.IN.ZS,2002,20.4926272688562
LSO,レソト,SP.URB.TOTL.IN.ZS,2003,21.1231084926925
LSO,レソト,SP.URB.TOTL.IN.ZS,2004,21.7993659097494
LSO,レソト,SP.URB.TOTL.IN.ZS,2005,22.5317981562788
LSO,レソト,SP.URB.TOTL.IN.ZS,2006,23.3329886243114
LSO,レソト,SP.URB.TOTL.IN.ZS,2007,24.2187949905661
LSO,レソト,SP.URB.TOTL.IN.ZS,2008,25.1966303659683
LSO,レソト,SP.URB.TOTL.IN.ZS,2009,26.2591028264855
LSO,レソト,SP.URB.TOTL.IN.ZS,2010,27.4004815007995
LSO,レソト,SP.URB.TOTL.IN.ZS,2011,28.6150355175921
LSO,レソト,SP.URB.TOTL.IN.ZS,2012,29.8970340055453
LSO,レソト,SP.URB.TOTL.IN.ZS,2013,31.2407460933407
LSO,レソト,SP.URB.TOTL.IN.ZS,2014,32.6404409096604
LSO,レソト,SP.URB.TOTL.IN.ZS,2015,34.0903875831861
LSO,レソト,SP.URB.TOTL.IN.ZS,2016,35.5077950709441
LSO,レソト,SP.URB.TOTL.IN.ZS,2017,36.5283648068846
LSO,レソト,SP.URB.TOTL.IN.ZS,2018,37.569092747415
LSO,レソト,SP.URB.TOTL.IN.ZS,2019,38.6040920446259
LSO,レソト,SP.URB.TOTL.IN.ZS,2020,39.6329305425532
LSO,レソト,SP.URB.TOTL.IN.ZS,2021,40.6551760851997
LSO,レソト,SP.URB.TOTL.IN.ZS,2022,41.6703965165322
LSO,レソト,SP.URB.TOTL.IN.ZS,2023,42.6781596804785
LSO,レソト,SP.URB.TOTL.IN.ZS,2024,43.6780334209246
MAR,モロッコ,SP.URB.TOTL.IN.ZS,2000,53.58724711125
MAR,モロッコ,SP.URB.TOTL.IN.ZS,2001,53.8972613497219
MAR,モロッコ,SP.URB.TOTL.IN.ZS,2002,54.222745830177
MAR,モロッコ,SP.URB.TOTL.IN.ZS,2003,54.5782811140771
MAR,モロッコ,SP.URB.TOTL.IN.ZS,2004,54.9787569660869
MAR,モロッコ,SP.URB.TOTL.IN.ZS,2005,55.4397798676399
MAR,モロッコ,SP.URB.TOTL.IN.ZS,2006,55.9627589629824
MAR,モロッコ,SP.URB.TOTL.IN.ZS,2007,56.5303841299064
MAR,モロッコ,SP.URB.TOTL.IN.ZS,2008,57.1254169272616
MAR,モロッコ,SP.URB.TOTL.IN.ZS,2009,57.7306189138977
MAR,モロッコ,SP.URB.TOTL.IN.ZS,2010,58.3287516486646
MAR,モロッコ,SP.URB.TOTL.IN.ZS,2011,58.902576690412
MAR,モロッコ,SP.URB.TOTL.IN.ZS,2012,59.4348555979895
MAR,モロッコ,SP.URB.TOTL.IN.ZS,2013,59.9083499302469
MAR,モロッコ,SP.URB.TOTL.IN.ZS,2014,60.3030486171654
MAR,モロッコ,SP.URB.TOTL.IN.ZS,2015,60.6417124737154
MAR,モロッコ,SP.URB.TOTL.IN.ZS,2016,60.9657656537179
MAR,モロッコ,SP.URB.TOTL.IN.ZS,2017,61.2761057031842
MAR,モロッコ,SP.URB.TOTL.IN.ZS,2018,61.5695822753314
MAR,モロッコ,SP.URB.TOTL.IN.ZS,2019,61.8430450233765
MAR,モロッコ,SP.URB.TOTL.IN.ZS,2020,62.0933436005366
MAR,モロッコ,SP.URB.TOTL.IN.ZS,2021,62.3173276600289
MAR,モロッコ,SP.URB.TOTL.IN.ZS,2022,62.5118468550703
MAR,モロッコ,SP.URB.TOTL.IN.ZS,2023,62.673750838878
MAR,モロッコ,SP.URB.TOTL.IN.ZS,2024,62.7998124018197
MDG,マダガスカル,SP.URB.TOTL.IN.ZS,2000,25.0095755608264
MDG,マダガスカル,SP.URB.TOTL.IN.ZS,2001,25.3079943968146
MDG,マダガスカル,SP.URB.TOTL.IN.ZS,2002,25.6037489918904
MDG,マダガスカル,SP.URB.TOTL.IN.ZS,2003,25.8967668078478
MDG,マダガスカル,SP.URB.TOTL.IN.ZS,2004,26.1869753064804
MDG,マダガスカル,SP.URB.TOTL.IN.ZS,2005,26.4743019495822
MDG,マダガスカル,SP.URB.TOTL.IN.ZS,2006,26.7586741989468
MDG,マダガスカル,SP.URB.TOTL.IN.ZS,2007,27.0400195163682
MDG,マダガスカル,SP.URB.TOTL.IN.ZS,2008,27.31826536364
MDG,マダガスカル,SP.URB.TOTL.IN.ZS,2009,27.5933392025561
MDG,マダガスカル,SP.URB.TOTL.IN.ZS,2010,27.8651684949103
MDG,マダガスカル,SP.URB.TOTL.IN.ZS,2011,28.1336807024963
MDG,マダガスカル,SP.URB.TOTL.IN.ZS,2012,28.3988032871081
MDG,マダガスカル,SP.URB.TOTL.IN.ZS,2013,28.6604637105393
MDG,マダガスカル,SP.URB.TOTL.IN.ZS,2014,28.9185894345838
MDG,マダガスカル,SP.URB.TOTL.IN.ZS,2015,29.1731079210354
MDG,マダガスカル,SP.URB.TOTL.IN.ZS,2016,29.4239466316878
MDG,マダガスカル,SP.URB.TOTL.IN.ZS,2017,29.671033028335
MDG,マダガスカル,SP.URB.TOTL.IN.ZS,2018,29.9181125346909
MDG,マダガスカル,SP.URB.TOTL.IN.ZS,2019,30.3046972370204
MDG,マダガスカル,SP.URB.TOTL.IN.ZS,2020,30.7019474167548
MDG,マダガスカル,SP.URB.TOTL.IN.ZS,2021,31.1137123216036
MDG,マダガスカル,SP.URB.TOTL.IN.ZS,2022,31.5397813465886
MDG,マダガスカル,SP.URB.TOTL.IN.ZS,2023,31.9799438860946
MDG,マダガスカル,SP.URB.TOTL.IN.ZS,2024,32.4339893339844
MLI,マリ,SP.URB.TOTL.IN.ZS,2000,18.977631037325
MLI,マリ,SP.URB.TOTL.IN.ZS,2001,19.3181950112665
MLI,マリ,SP.URB.TOTL.IN.ZS,2002,19.6792980362731
MLI,マリ,SP.URB.TOTL.IN.ZS,2003,20.0594231247985
MLI,マリ,SP.URB.TOTL.IN.ZS,2004,20.4570532892964
MLI,マリ,SP.URB.TOTL.IN.ZS,2005,20.8706715422205
MLI,マリ,SP.URB.TOTL.IN.ZS,2006,21.2987608960246
MLI,マリ,SP.URB.TOTL.IN.ZS,2007,21.7398043631622
MLI,マリ,SP.URB.TOTL.IN.ZS,2008,22.1922849560871
MLI,マリ,SP.URB.TOTL.IN.ZS,2009,22.6557955217884
MLI,マリ,SP.URB.TOTL.IN.ZS,2010,23.1359461824894
MLI,マリ,SP.URB.TOTL.IN.ZS,2011,23.6379674039304
MLI,マリ,SP.URB.TOTL.IN.ZS,2012,24.1606168848588
MLI,マリ,SP.URB.TOTL.IN.ZS,2013,24.7033626854883
MLI,マリ,SP.URB.TOTL.IN.ZS,2014,25.2656728660325
MLI,マリ,SP.URB.TOTL.IN.ZS,2015,25.847015486705
MLI,マリ,SP.URB.TOTL.IN.ZS,2016,26.4468586077195
MLI,マリ,SP.URB.TOTL.IN.ZS,2017,27.0646702892896
MLI,マリ,SP.URB.TOTL.IN.ZS,2018,27.6999185916288
MLI,マリ,SP.URB.TOTL.IN.ZS,2019,28.3520715749509
MLI,マリ,SP.URB.TOTL.IN.ZS,2020,29.0205972994693
MLI,マリ,SP.URB.TOTL.IN.ZS,2021,29.7049638253978
MLI,マリ,SP.URB.TOTL.IN.ZS,2022,30.4015705681899
MLI,マリ,SP.URB.TOTL.IN.ZS,2023,31.0031889023235
MLI,マリ,SP.URB.TOTL.IN.ZS,2024,31.6075621182225
MOZ,モザンビーク,SP.URB.TOTL.IN.ZS,2000,29.2423697311441
MOZ,モザンビーク,SP.URB.TOTL.IN.ZS,2001,29.4137097764239
MOZ,モザンビーク,SP.URB.TOTL.IN.ZS,2002,29.5686323334348
MOZ,モザンビーク,SP.URB.TOTL.IN.ZS,2003,29.7146340268639
MOZ,モザンビーク,SP.URB.TOTL.IN.ZS,2004,29.8592114813982
MOZ,モザンビーク,SP.URB.TOTL.IN.ZS,2005,30.0098613217248
MOZ,モザンビーク,SP.URB.TOTL.IN.ZS,2006,30.1740801725307
MOZ,モザンビーク,SP.URB.TOTL.IN.ZS,2007,30.3598131347122
MOZ,モザンビーク,SP.URB.TOTL.IN.ZS,2008,30.5625357695184
MOZ,モザンビーク,SP.URB.TOTL.IN.ZS,2009,30.7715592059159
MOZ,モザンビーク,SP.URB.TOTL.IN.ZS,2010,30.9861779822921
MOZ,モザンビーク,SP.URB.TOTL.IN.ZS,2011,31.2062230032794
MOZ,モザンビーク,SP.URB.TOTL.IN.ZS,2012,31.4315251735105
MOZ,モザンビーク,SP.URB.TOTL.IN.ZS,2013,31.6619153976179
MOZ,モザンビーク,SP.URB.TOTL.IN.ZS,2014,31.8972245802342
MOZ,モザンビーク,SP.URB.TOTL.IN.ZS,2015,32.1372836259918
MOZ,モザンビーク,SP.URB.TOTL.IN.ZS,2016,32.3819234395234
MOZ,モザンビーク,SP.URB.TOTL.IN.ZS,2017,32.6274411492675
MOZ,モザンビーク,SP.URB.TOTL.IN.ZS,2018,32.9902559073541
MOZ,モザンビーク,SP.URB.TOTL.IN.ZS,2019,33.4177241517032
MOZ,モザンビーク,SP.URB.TOTL.IN.ZS,2020,33.9044006416285
MOZ,モザンビーク,SP.URB.TOTL.IN.ZS,2021,34.4499259401554
MOZ,モザンビーク,SP.URB.TOTL.IN.ZS,2022,35.0536638047945
MOZ,モザンビーク,SP.URB.TOTL.IN.ZS,2023,35.7149783148407
MOZ,モザンビーク,SP.URB.TOTL.IN.ZS,2024,36.4332337447237
MRT,モーリタニア,SP.URB.TOTL.IN.ZS,2000,38.0555858542174
MRT,モーリタニア,SP.URB.TOTL.IN.ZS,2001,38.1070763150421
MRT,モーリタニア,SP.URB.TOTL.IN.ZS,2002,38.3900378438208
MRT,モーリタニア,SP.URB.TOTL.IN.ZS,2003,38.8866922319919
MRT,モーリタニア,SP.URB.TOTL.IN.ZS,2004,39.5685575664461
MRT,モーリタニア,SP.URB.TOTL.IN.ZS,2005,40.407151934074
MRT,モーリタニア,SP.URB.TOTL.IN.ZS,2006,41.3739934217664
MRT,モーリタニア,SP.URB.TOTL.IN.ZS,2007,42.4406001164139
MRT,モーリタニア,SP.URB.TOTL.IN.ZS,2008,43.5784901049073
MRT,モーリタニア,SP.URB.TOTL.IN.ZS,2009,44.7591814741371
MRT,モーリタニア,SP.URB.TOTL.IN.ZS,2010,45.9541923109942
MRT,モーリタニア,SP.URB.TOTL.IN.ZS,2011,47.1350407023691
MRT,モーリタニア,SP.URB.TOTL.IN.ZS,2012,48.2732447351525
MRT,モーリタニア,SP.URB.TOTL.IN.ZS,2013,49.3553973225913
MRT,モーリタニア,SP.URB.TOTL.IN.ZS,2014,50.4694791226856
MRT,モーリタニア,SP.URB.TOTL.IN.ZS,2015,51.6680350049622
MRT,モーリタニア,SP.URB.TOTL.IN.ZS,2016,52.9185627319946
MRT,モーリタニア,SP.URB.TOTL.IN.ZS,2017,54.1970448502004
MRT,モーリタニア,SP.URB.TOTL.IN.ZS,2018,55.1305077000081
MRT,モーリタニア,SP.URB.TOTL.IN.ZS,2019,56.0596215779146
MRT,モーリタニア,SP.URB.TOTL.IN.ZS,2020,56.9836701058893
MRT,モーリタニア,SP.URB.TOTL.IN.ZS,2021,57.901535141641
MRT,モーリタニア,SP.URB.TOTL.IN.ZS,2022,58.8120996197226
MRT,モーリタニア,SP.URB.TOTL.IN.ZS,2023,59.7142464747058
MRT,モーリタニア,SP.URB.TOTL.IN.ZS,2024,60.6068586411829
MUS,モーリシャス,SP.URB.TOTL.IN.ZS,2000,42.063123063288
MUS,モーリシャス,SP.URB.TOTL.IN.ZS,2001,41.8827214180181
MUS,モーリシャス,SP.URB.TOTL.IN.ZS,2002,41.6986829938864
MUS,モーリシャス,SP.URB.TOTL.IN.ZS,2003,41.5127065251754
MUS,モーリシャス,SP.URB.TOTL.IN.ZS,2004,41.3265540022042
MUS,モーリシャス,SP.URB.TOTL.IN.ZS,2005,41.1419874152917
MUS,モーリシャス,SP.URB.TOTL.IN.ZS,2006,40.9607687547567
MUS,モーリシャス,SP.URB.TOTL.IN.ZS,2007,40.7846600109183
MUS,モーリシャス,SP.URB.TOTL.IN.ZS,2008,40.6154231740954
MUS,モーリシャス,SP.URB.TOTL.IN.ZS,2009,40.4548202346069
MUS,モーリシャス,SP.URB.TOTL.IN.ZS,2010,40.3046131827718
MUS,モーリシャス,SP.URB.TOTL.IN.ZS,2011,40.1665923228716
MUS,モーリシャス,SP.URB.TOTL.IN.ZS,2012,40.0369511615085
MUS,モーリシャス,SP.URB.TOTL.IN.ZS,2013,39.9108848558771
MUS,モーリシャス,SP.URB.TOTL.IN.ZS,2014,39.7887571971735
MUS,モーリシャス,SP.URB.TOTL.IN.ZS,2015,39.6709610617726
MUS,モーリシャス,SP.URB.TOTL.IN.ZS,2016,39.5578893260494
MUS,モーリシャス,SP.URB.TOTL.IN.ZS,2017,39.4499348663789
MUS,モーリシャス,SP.URB.TOTL.IN.ZS,2018,39.3474905591359
MUS,モーリシャス,SP.URB.TOTL.IN.ZS,2019,39.2509492806955
MUS,モーリシャス,SP.URB.TOTL.IN.ZS,2020,39.1607039074325
MUS,モーリシャス,SP.URB.TOTL.IN.ZS,2021,39.077147315722
MUS,モーリシャス,SP.URB.TOTL.IN.ZS,2022,39.0000125885784
MUS,モーリシャス,SP.URB.TOTL.IN.ZS,2023,39.0039901092226
MUS,モーリシャス,SP.URB.TOTL.IN.ZS,2024,39.0162147027917
MWI,マラウイ,SP.URB.TOTL.IN.ZS,2000,14.6770603287659
MWI,マラウイ,SP.URB.TOTL.IN.ZS,2001,14.780400724713
MWI,マラウイ,SP.URB.TOTL.IN.ZS,2002,14.8722487440558
MWI,マラウイ,SP.URB.TOTL.IN.ZS,2003,14.9551384691108
MWI,マラウイ,SP.URB.TOTL.IN.ZS,2004,15.0316039821946
MWI,マラウイ,SP.URB.TOTL.IN.ZS,2005,15.1041793656241
MWI,マラウイ,SP.URB.TOTL.IN.ZS,2006,15.1753987017157
MWI,マラウイ,SP.URB.TOTL.IN.ZS,2007,15.2477960727861
MWI,マラウイ,SP.URB.TOTL.IN.ZS,2008,15.3238029928378
MWI,マラウイ,SP.URB.TOTL.IN.ZS,2009,15.4015312766848
MWI,マラウイ,SP.URB.TOTL.IN.ZS,2010,15.4776969380518
MWI,マラウイ,SP.URB.TOTL.IN.ZS,2011,15.5523153908723
MWI,マラウイ,SP.URB.TOTL.IN.ZS,2012,15.6253133040464
MWI,マラウイ,SP.URB.TOTL.IN.ZS,2013,15.6966173464742
MWI,マラウイ,SP.URB.TOTL.IN.ZS,2014,15.766154187056
MWI,マラウイ,SP.URB.TOTL.IN.ZS,2015,15.8338504946918
MWI,マラウイ,SP.URB.TOTL.IN.ZS,2016,15.899632938282
MWI,マラウイ,SP.URB.TOTL.IN.ZS,2017,15.9634281867266
MWI,マラウイ,SP.URB.TOTL.IN.ZS,2018,16.0221486554255
MWI,マラウイ,SP.URB.TOTL.IN.ZS,2019,16.1383746619001
MWI,マラウイ,SP.URB.TOTL.IN.ZS,2020,16.2961471756409
MWI,マラウイ,SP.URB.TOTL.IN.ZS,2021,16.4881925800694
MWI,マラウイ,SP.URB.TOTL.IN.ZS,2022,16.7146031979436
MWI,マラウイ,SP.URB.TOTL.IN.ZS,2023,16.9748746665356
MWI,マラウイ,SP.URB.TOTL.IN.ZS,2024,17.268503531213
NAM,ナミビア,SP.URB.TOTL.IN.ZS,2000,32.1168956399877
NAM,ナミビア,SP.URB.TOTL.IN.ZS,2001,32.8575058425719
NAM,ナミビア,SP.URB.TOTL.IN.ZS,2002,33.6459301456028
NAM,ナミビア,SP.URB.TOTL.IN.ZS,2003,34.5460063719633
NAM,ナミビア,SP.URB.TOTL.IN.ZS,2004,35.5356476670033
NAM,ナミビア,SP.URB.TOTL.IN.ZS,2005,36.5870014553064
NAM,ナミビア,SP.URB.TOTL.IN.ZS,2006,37.6722151614564
NAM,ナミビア,SP.URB.TOTL.IN.ZS,2007,38.763436210037
NAM,ナミビア,SP.URB.TOTL.IN.ZS,2008,39.8328120256318
NAM,ナミビア,SP.URB.TOTL.IN.ZS,2009,40.8524900328246
NAM,ナミビア,SP.URB.TOTL.IN.ZS,2010,41.7946176561991
NAM,ナミビア,SP.URB.TOTL.IN.ZS,2011,42.6276075621535
NAM,ナミビア,SP.URB.TOTL.IN.ZS,2012,43.3804079185694
NAM,ナミビア,SP.URB.TOTL.IN.ZS,2013,44.1106769079132
NAM,ナミビア,SP.URB.TOTL.IN.ZS,2014,44.8214248210559
NAM,ナミビア,SP.URB.TOTL.IN.ZS,2015,45.5103554445325
NAM,ナミビア,SP.URB.TOTL.IN.ZS,2016,46.1751725648784
NAM,ナミビア,SP.URB.TOTL.IN.ZS,2017,46.8135799686288
NAM,ナミビア,SP.URB.TOTL.IN.ZS,2018,47.4232814423189
NAM,ナミビア,SP.URB.TOTL.IN.ZS,2019,48.0019807724839
NAM,ナミビア,SP.URB.TOTL.IN.ZS,2020,48.547381745659
NAM,ナミビア,SP.URB.TOTL.IN.ZS,2021,49.0571881483796
NAM,ナミビア,SP.URB.TOTL.IN.ZS,2022,49.5291037671807
NAM,ナミビア,SP.URB.TOTL.IN.ZS,2023,49.9545837830821
NAM,ナミビア,SP.URB.TOTL.IN.ZS,2024,50.4088030252155
NER,ニジェール,SP.URB.TOTL.IN.ZS,2000,16.1307678222656
NER,ニジェール,SP.URB.TOTL.IN.ZS,2001,16.2687225341797
NER,ニジェール,SP.URB.TOTL.IN.ZS,2002,16.2687206268311
NER,ニジェール,SP.URB.TOTL.IN.ZS,2003,16.2687225341797
NER,ニジェール,SP.URB.TOTL.IN.ZS,2004,16.2687225341797
NER,ニジェール,SP.URB.TOTL.IN.ZS,2005,16.2687225341797
NER,ニジェール,SP.URB.TOTL.IN.ZS,2006,16.2675724894628
NER,ニジェール,SP.URB.TOTL.IN.ZS,2007,16.2641887037781
NER,ニジェール,SP.URB.TOTL.IN.ZS,2008,16.2586706998252
NER,ニジェール,SP.URB.TOTL.IN.ZS,2009,16.2511180003032
NER,ニジェール,SP.URB.TOTL.IN.ZS,2010,16.2416301279116
NER,ニジェール,SP.URB.TOTL.IN.ZS,2011,16.2303066053496
NER,ニジェール,SP.URB.TOTL.IN.ZS,2012,16.2141284004355
NER,ニジェール,SP.URB.TOTL.IN.ZS,2013,16.2162595696064
NER,ニジェール,SP.URB.TOTL.IN.ZS,2014,16.2450424611665
NER,ニジェール,SP.URB.TOTL.IN.ZS,2015,16.3035606587493
NER,ニジェール,SP.URB.TOTL.IN.ZS,2016,16.3898280543236
NER,ニジェール,SP.URB.TOTL.IN.ZS,2017,16.5036987906896
NER,ニジェール,SP.URB.TOTL.IN.ZS,2018,16.6449011799221
NER,ニジェール,SP.URB.TOTL.IN.ZS,2019,16.813146499685
NER,ニジェール,SP.URB.TOTL.IN.ZS,2020,17.0081420003794
NER,ニジェール,SP.URB.TOTL.IN.ZS,2021,17.2295936666686
NER,ニジェール,SP.URB.TOTL.IN.ZS,2022,17.477207007512
NER,ニジェール,SP.URB.TOTL.IN.ZS,2023,17.7506873295237
NER,ニジェール,SP.URB.TOTL.IN.ZS,2024,18.0497398450803
NGA,ナイジェリア,SP.URB.TOTL.IN.ZS,2000,43.2785051250243
NGA,ナイジェリア,SP.URB.TOTL.IN.ZS,2001,44.1262421418539
NGA,ナイジェリア,SP.URB.TOTL.IN.ZS,2002,44.9793025536893
NGA,ナイジェリア,SP.URB.TOTL.IN.ZS,2003,45.8372080921761
NGA,ナイジェリア,SP.URB.TOTL.IN.ZS,2004,46.6994804889599
NGA,ナイジェリア,SP.URB.TOTL.IN.ZS,2005,47.5656414756863
NGA,ナイジェリア,SP.URB.TOTL.IN.ZS,2006,48.424271994461
NGA,ナイジェリア,SP.URB.TOTL.IN.ZS,2007,49.2357987173198
NGA,ナイジェリア,SP.URB.TOTL.IN.ZS,2008,50.0505212312351
NGA,ナイジェリア,SP.URB.TOTL.IN.ZS,2009,50.86453484762
NGA,ナイジェリア,SP.URB.TOTL.IN.ZS,2010,51.6778188255446
NGA,ナイジェリア,SP.URB.TOTL.IN.ZS,2011,52.490352424079
NGA,ナイジェリア,SP.URB.TOTL.IN.ZS,2012,53.302114902293
NGA,ナイジェリア,SP.URB.TOTL.IN.ZS,2013,54.1130855192568
NGA,ナイジェリア,SP.URB.TOTL.IN.ZS,2014,54.9232435340404
NGA,ナイジェリア,SP.URB.TOTL.IN.ZS,2015,55.7325682057138
NGA,ナイジェリア,SP.URB.TOTL.IN.ZS,2016,56.541038793347
NGA,ナイジェリア,SP.URB.TOTL.IN.ZS,2017,57.3486345560101
NGA,ナイジェリア,SP.URB.TOTL.IN.ZS,2018,58.1553347527729
NGA,ナイジェリア,SP.URB.TOTL.IN.ZS,2019,58.9611186427056
NGA,ナイジェリア,SP.URB.TOTL.IN.ZS,2020,59.7659654848781
NGA,ナイジェリア,SP.URB.TOTL.IN.ZS,2021,60.5698545383604
NGA,ナイジェリア,SP.URB.TOTL.IN.ZS,2022,61.3727650622225
NGA,ナイジェリア,SP.URB.TOTL.IN.ZS,2023,62.1746763155343
NGA,ナイジェリア,SP.URB.TOTL.IN.ZS,2024,62.9755675573659
RWA,ルワンダ,SP.URB.TOTL.IN.ZS,2000,15.7804474645996
RWA,ルワンダ,SP.URB.TOTL.IN.ZS,2001,16.5487399668155
RWA,ルワンダ,SP.URB.TOTL.IN.ZS,2002,16.8778847116752
RWA,ルワンダ,SP.URB.TOTL.IN.ZS,2003,16.8947432312369
RWA,ルワンダ,SP.URB.TOTL.IN.ZS,2004,16.9020099536792
RWA,ルワンダ,SP.URB.TOTL.IN.ZS,2005,16.9072114459454
RWA,ルワンダ,SP.URB.TOTL.IN.ZS,2006,16.9110139245047
RWA,ルワンダ,SP.URB.TOTL.IN.ZS,2007,16.9140836058266
RWA,ルワンダ,SP.URB.TOTL.IN.ZS,2008,16.9170867063804
RWA,ルワンダ,SP.URB.TOTL.IN.ZS,2009,16.9206894426355
RWA,ルワンダ,SP.URB.TOTL.IN.ZS,2010,16.9255580310614
RWA,ルワンダ,SP.URB.TOTL.IN.ZS,2011,16.9323586881273
RWA,ルワンダ,SP.URB.TOTL.IN.ZS,2012,16.9410248882148
RWA,ルワンダ,SP.URB.TOTL.IN.ZS,2013,17.0742206053612
RWA,ルワンダ,SP.URB.TOTL.IN.ZS,2014,17.5020716539756
RWA,ルワンダ,SP.URB.TOTL.IN.ZS,2015,18.1953149858416
RWA,ルワンダ,SP.URB.TOTL.IN.ZS,2016,19.1213951786548
RWA,ルワンダ,SP.URB.TOTL.IN.ZS,2017,20.2477568101111
RWA,ルワンダ,SP.URB.TOTL.IN.ZS,2018,21.5418444579064
RWA,ルワンダ,SP.URB.TOTL.IN.ZS,2019,22.9711026997362
RWA,ルワンダ,SP.URB.TOTL.IN.ZS,2020,24.5029761132966
RWA,ルワンダ,SP.URB.TOTL.IN.ZS,2021,26.1049092762833
RWA,ルワンダ,SP.URB.TOTL.IN.ZS,2022,27.7806702737761
RWA,ルワンダ,SP.URB.TOTL.IN.ZS,2023,28.8555310645477
RWA,ルワンダ,SP.URB.TOTL.IN.ZS,2024,29.8849714294083
SDN,スーダン,SP.URB.TOTL.IN.ZS,2000,32.3435880462815
SDN,スーダン,SP.URB.TOTL.IN.ZS,2001,32.3760415318304
SDN,スーダン,SP.URB.TOTL.IN.ZS,2002,32.4038820246832
SDN,スーダン,SP.URB.TOTL.IN.ZS,2003,32.4271684741748
SDN,スーダン,SP.URB.TOTL.IN.ZS,2004,32.4459598296403
SDN,スーダン,SP.URB.TOTL.IN.ZS,2005,32.4603150404146
SDN,スーダン,SP.URB.TOTL.IN.ZS,2006,32.4702930558327
SDN,スーダン,SP.URB.TOTL.IN.ZS,2007,32.4759528252296
SDN,スーダン,SP.URB.TOTL.IN.ZS,2008,32.4816230749746
SDN,スーダン,SP.URB.TOTL.IN.ZS,2009,32.5774622972843
SDN,スーダン,SP.URB.TOTL.IN.ZS,2010,32.7174026591513
SDN,スーダン,SP.URB.TOTL.IN.ZS,2011,32.9059760141986
SDN,スーダン,SP.URB.TOTL.IN.ZS,2012,33.1425561614901
SDN,スーダン,SP.URB.TOTL.IN.ZS,2013,33.4264777958103
SDN,スーダン,SP.URB.TOTL.IN.ZS,2014,33.7624582408117
SDN,スーダン,SP.URB.TOTL.IN.ZS,2015,34.0914394628597
SDN,スーダン,SP.URB.TOTL.IN.ZS,2016,34.1881958841213
SDN,スーダン,SP.URB.TOTL.IN.ZS,2017,34.2872225663509
SDN,スーダン,SP.URB.TOTL.IN.ZS,2018,34.382054222005
SDN,スーダン,SP.URB.TOTL.IN.ZS,2019,34.4727685824236
SDN,スーダン,SP.URB.TOTL.IN.ZS,2020,34.5594433789246
SDN,スーダン,SP.URB.TOTL.IN.ZS,2021,34.6421563427994
SDN,スーダン,SP.URB.TOTL.IN.ZS,2022,34.7209852053086
SDN,スーダン,SP.URB.TOTL.IN.ZS,2023,34.7960076976764
SDN,スーダン,SP.URB.TOTL.IN.ZS,2024,34.8673015510839
SEN,セネガル,SP.URB.TOTL.IN.ZS,2000,40.6667555531967
SEN,セネガル,SP.URB.TOTL.IN.ZS,2001,40.8763420163126
SEN,セネガル,SP.URB.TOTL.IN.ZS,2002,41.1081471561292
SEN,セネガル,SP.URB.TOTL.IN.ZS,2003,41.35893934855
SEN,セネガル,SP.URB.TOTL.IN.ZS,2004,41.6248193895895
SEN,セネガル,SP.URB.TOTL.IN.ZS,2005,41.9057599695838
SEN,セネガル,SP.URB.TOTL.IN.ZS,2006,42.2046413043069
SEN,セネガル,SP.URB.TOTL.IN.ZS,2007,42.524343609533
SEN,セネガル,SP.URB.TOTL.IN.ZS,2008,42.867747101036
SEN,セネガル,SP.URB.TOTL.IN.ZS,2009,43.23773199459
SEN,セネガル,SP.URB.TOTL.IN.ZS,2010,43.6371785059692
SEN,セネガル,SP.URB.TOTL.IN.ZS,2011,44.0689668509475
SEN,セネガル,SP.URB.TOTL.IN.ZS,2012,44.5359772452989
SEN,セネガル,SP.URB.TOTL.IN.ZS,2013,45.0398750539456
SEN,セネガル,SP.URB.TOTL.IN.ZS,2014,45.6020905341588
SEN,セネガル,SP.URB.TOTL.IN.ZS,2015,46.2747669629858
SEN,セネガル,SP.URB.TOTL.IN.ZS,2016,47.0553579909929
SEN,セネガル,SP.URB.TOTL.IN.ZS,2017,47.9338349639053
SEN,セネガル,SP.URB.TOTL.IN.ZS,2018,48.9001692274485
SEN,セネガル,SP.URB.TOTL.IN.ZS,2019,49.9443321273477
SEN,セネガル,SP.URB.TOTL.IN.ZS,2020,51.0562950093282
SEN,セネガル,SP.URB.TOTL.IN.ZS,2021,52.2260292191155
SEN,セネガル,SP.URB.TOTL.IN.ZS,2022,53.4435061024348
SEN,セネガル,SP.URB.TOTL.IN.ZS,2023,54.6992276190794
SEN,セネガル,SP.URB.TOTL.IN.ZS,2024,55.2368169057304
SLE,シエラレオネ,SP.URB.TOTL.IN.ZS,2000,35.5327867241975
SLE,シエラレオネ,SP.URB.TOTL.IN.ZS,2001,35.763651295501
SLE,シエラレオネ,SP.URB.TOTL.IN.ZS,2002,36.0082791496616
SLE,シエラレオネ,SP.URB.TOTL.IN.ZS,2003,36.2690511597053
SLE,シエラレオネ,SP.URB.TOTL.IN.ZS,2004,36.5491283814755
SLE,シエラレオネ,SP.URB.TOTL.IN.ZS,2005,36.8485519672439
SLE,シエラレオネ,SP.URB.TOTL.IN.ZS,2006,37.1703805343647
SLE,シエラレオネ,SP.URB.TOTL.IN.ZS,2007,37.5122859420526
SLE,シエラレオネ,SP.URB.TOTL.IN.ZS,2008,37.8725951588418
SLE,シエラレオネ,SP.URB.TOTL.IN.ZS,2009,38.2496351532666
SLE,シエラレオネ,SP.URB.TOTL.IN.ZS,2010,38.6417328938613
SLE,シエラレオネ,SP.URB.TOTL.IN.ZS,2011,39.0472153491602
SLE,シエラレオネ,SP.URB.TOTL.IN.ZS,2012,39.4644094876975
SLE,シエラレオネ,SP.URB.TOTL.IN.ZS,2013,39.8916422780075
SLE,シエラレオネ,SP.URB.TOTL.IN.ZS,2014,40.3272406886245
SLE,シエラレオネ,SP.URB.TOTL.IN.ZS,2015,40.7669565187099
SLE,シエラレオネ,SP.URB.TOTL.IN.ZS,2016,41.229411538771
SLE,シエラレオネ,SP.URB.TOTL.IN.ZS,2017,41.7106682105058
SLE,シエラレオネ,SP.URB.TOTL.IN.ZS,2018,42.2011025267803
SLE,シエラレオネ,SP.URB.TOTL.IN.ZS,2019,42.7018444914441
SLE,シエラレオネ,SP.URB.TOTL.IN.ZS,2020,43.2129659123546
SLE,シエラレオネ,SP.URB.TOTL.IN.ZS,2021,43.7345385973699
SLE,シエラレオネ,SP.URB.TOTL.IN.ZS,2022,44.2666343543487
SLE,シエラレオネ,SP.URB.TOTL.IN.ZS,2023,44.809324991151
SLE,シエラレオネ,SP.URB.TOTL.IN.ZS,2024,45.3626823156371
SOM,ソマリア,SP.URB.TOTL.IN.ZS,2000,33.0596136927225
SOM,ソマリア,SP.URB.TOTL.IN.ZS,2001,33.5128183866634
SOM,ソマリア,SP.URB.TOTL.IN.ZS,2002,33.9872055053711
SOM,ソマリア,SP.URB.TOTL.IN.ZS,2003,34.4719665654476
SOM,ソマリア,SP.URB.TOTL.IN.ZS,2004,34.9620706047618
SOM,ソマリア,SP.URB.TOTL.IN.ZS,2005,35.4674928136211
SOM,ソマリア,SP.URB.TOTL.IN.ZS,2006,35.9982083823331
SOM,ソマリア,SP.URB.TOTL.IN.ZS,2007,36.5641925012053
SOM,ソマリア,SP.URB.TOTL.IN.ZS,2008,37.1754203605454
SOM,ソマリア,SP.URB.TOTL.IN.ZS,2009,37.8418671506609
SOM,ソマリア,SP.URB.TOTL.IN.ZS,2010,38.5735080618592
SOM,ソマリア,SP.URB.TOTL.IN.ZS,2011,39.380318284448
SOM,ソマリア,SP.URB.TOTL.IN.ZS,2012,40.2722730087349
SOM,ソマリア,SP.URB.TOTL.IN.ZS,2013,41.2593474250273
SOM,ソマリア,SP.URB.TOTL.IN.ZS,2014,42.3515167236328
SOM,ソマリア,SP.URB.TOTL.IN.ZS,2015,43.8618107408479
SOM,ソマリア,SP.URB.TOTL.IN.ZS,2016,45.942842729174
SOM,ソマリア,SP.URB.TOTL.IN.ZS,2017,48.3639630032265
SOM,ソマリア,SP.URB.TOTL.IN.ZS,2018,50.9506215336872
SOM,ソマリア,SP.URB.TOTL.IN.ZS,2019,51.6421170703225
SOM,ソマリア,SP.URB.TOTL.IN.ZS,2020,52.286318011754
SOM,ソマリア,SP.URB.TOTL.IN.ZS,2021,52.9060649733324
SOM,ソマリア,SP.URB.TOTL.IN.ZS,2022,53.5010115886789
SOM,ソマリア,SP.URB.TOTL.IN.ZS,2023,54.0714435506882
SOM,ソマリア,SP.URB.TOTL.IN.ZS,2024,54.6176465524521
SSD,南スーダン,SP.URB.TOTL.IN.ZS,2000,16.0428540117317
SSD,南スーダン,SP.URB.TOTL.IN.ZS,2001,16.2559618671544
SSD,南スーダン,SP.URB.TOTL.IN.ZS,2002,16.447645411794
SSD,南スーダン,SP.URB.TOTL.IN.ZS,2003,16.6154472307377
SSD,南スーダン,SP.URB.TOTL.IN.ZS,2004,16.7569099090725
SSD,南スーダン,SP.URB.TOTL.IN.ZS,2005,16.8695760318857
SSD,南スーダン,SP.URB.TOTL.IN.ZS,2006,16.9509881842643
SSD,南スーダン,SP.URB.TOTL.IN.ZS,2007,16.9986889512954
SSD,南スーダン,SP.URB.TOTL.IN.ZS,2008,17.0301141193955
SSD,南スーダン,SP.URB.TOTL.IN.ZS,2009,17.2937284639317
SSD,南スーダン,SP.URB.TOTL.IN.ZS,2010,17.535620199576
SSD,南スーダン,SP.URB.TOTL.IN.ZS,2011,17.7817678106789
SSD,南スーダン,SP.URB.TOTL.IN.ZS,2012,18.0321885447664
SSD,南スーダン,SP.URB.TOTL.IN.ZS,2013,18.2868996493633
SSD,南スーダン,SP.URB.TOTL.IN.ZS,2014,18.5459183719929
SSD,南スーダン,SP.URB.TOTL.IN.ZS,2015,18.8092619601773
SSD,南スーダン,SP.URB.TOTL.IN.ZS,2016,19.0769476614377
SSD,南スーダン,SP.URB.TOTL.IN.ZS,2017,19.3489927232944
SSD,南スーダン,SP.URB.TOTL.IN.ZS,2018,19.6254143932663
SSD,南スーダン,SP.URB.TOTL.IN.ZS,2019,19.9062299188719
SSD,南スーダン,SP.URB.TOTL.IN.ZS,2020,20.1914565476286
SSD,南スーダン,SP.URB.TOTL.IN.ZS,2021,20.4811115270532
SSD,南スーダン,SP.URB.TOTL.IN.ZS,2022,20.7752121046616
SSD,南スーダン,SP.URB.TOTL.IN.ZS,2023,21.0737755279692
SSD,南スーダン,SP.URB.TOTL.IN.ZS,2024,21.3768190444906
STP,サントメ・プリンシペ,SP.URB.TOTL.IN.ZS,2000,52.9663437052108
STP,サントメ・プリンシペ,SP.URB.TOTL.IN.ZS,2001,53.9612039920776
STP,サントメ・プリンシペ,SP.URB.TOTL.IN.ZS,2002,55.0882710997103
STP,サントメ・プリンシペ,SP.URB.TOTL.IN.ZS,2003,56.4128470868097
STP,サントメ・プリンシペ,SP.URB.TOTL.IN.ZS,2004,57.8774845467458
STP,サントメ・プリンシペ,SP.URB.TOTL.IN.ZS,2005,59.4188016908917
STP,サントメ・プリンシペ,SP.URB.TOTL.IN.ZS,2006,60.9734167306206
STP,サントメ・プリンシペ,SP.URB.TOTL.IN.ZS,2007,62.4779478773056
STP,サントメ・プリンシペ,SP.URB.TOTL.IN.ZS,2008,63.8690133423199
STP,サントメ・プリンシペ,SP.URB.TOTL.IN.ZS,2009,65.0832313370367
STP,サントメ・プリンシペ,SP.URB.TOTL.IN.ZS,2010,66.0572200728291
STP,サントメ・プリンシペ,SP.URB.TOTL.IN.ZS,2011,66.7275977610702
STP,サントメ・プリンシペ,SP.URB.TOTL.IN.ZS,2012,67.0335889448132
STP,サントメ・プリンシペ,SP.URB.TOTL.IN.ZS,2013,67.1306686401367
STP,サントメ・プリンシペ,SP.URB.TOTL.IN.ZS,2014,67.2606735229492
STP,サントメ・プリンシペ,SP.URB.TOTL.IN.ZS,2015,67.3915710449219
STP,サントメ・プリンシペ,SP.URB.TOTL.IN.ZS,2016,67.5218887329102
STP,サントメ・プリンシペ,SP.URB.TOTL.IN.ZS,2017,67.6520004272461
STP,サントメ・プリンシペ,SP.URB.TOTL.IN.ZS,2018,67.7828826904297
STP,サントメ・プリンシペ,SP.URB.TOTL.IN.ZS,2019,67.9129943847656
STP,サントメ・プリンシペ,SP.URB.TOTL.IN.ZS,2020,68.0436706542969
STP,サントメ・プリンシペ,SP.URB.TOTL.IN.ZS,2021,68.1738967895508
STP,サントメ・プリンシペ,SP.URB.TOTL.IN.ZS,2022,68.3720919798341
STP,サントメ・プリンシペ,SP.URB.TOTL.IN.ZS,2023,68.6043921103568
STP,サントメ・プリンシペ,SP.URB.TOTL.IN.ZS,2024,68.8710170184884
SWZ,エスワティニ,SP.URB.TOTL.IN.ZS,2000,22.8409330761997
SWZ,エスワティニ,SP.URB.TOTL.IN.ZS,2001,22.7095619136459
SWZ,エスワティニ,SP.URB.TOTL.IN.ZS,2002,22.5690884303038
SWZ,エスワティニ,SP.URB.TOTL.IN.ZS,2003,22.4312316968119
SWZ,エスワティニ,SP.URB.TOTL.IN.ZS,2004,22.3077107838089
SWZ,エスワティニ,SP.URB.TOTL.IN.ZS,2005,22.2102447619336
SWZ,エスワティニ,SP.URB.TOTL.IN.ZS,2006,22.1505527018245
SWZ,エスワティニ,SP.URB.TOTL.IN.ZS,2007,22.139989967508
SWZ,エスワティニ,SP.URB.TOTL.IN.ZS,2008,22.1692008829856
SWZ,エスワティニ,SP.URB.TOTL.IN.ZS,2009,22.2343865624794
SWZ,エスワティニ,SP.URB.TOTL.IN.ZS,2010,22.3330792067471
SWZ,エスワティニ,SP.URB.TOTL.IN.ZS,2011,22.4634753665393
SWZ,エスワティニ,SP.URB.TOTL.IN.ZS,2012,22.6237715926065
SWZ,エスワティニ,SP.URB.TOTL.IN.ZS,2013,22.8121644356992
SWZ,エスワティニ,SP.URB.TOTL.IN.ZS,2014,23.026850446568
SWZ,エスワティニ,SP.URB.TOTL.IN.ZS,2015,23.2660261759632
SWZ,エスワティニ,SP.URB.TOTL.IN.ZS,2016,23.5278881746356
SWZ,エスワティニ,SP.URB.TOTL.IN.ZS,2017,23.8052004963161
SWZ,エスワティニ,SP.URB.TOTL.IN.ZS,2018,24.0579295404227
SWZ,エスワティニ,SP.URB.TOTL.IN.ZS,2019,24.3459549517751
SWZ,エスワティニ,SP.URB.TOTL.IN.ZS,2020,24.6652798922192
SWZ,エスワティニ,SP.URB.TOTL.IN.ZS,2021,25.0156180525173
SWZ,エスワティニ,SP.URB.TOTL.IN.ZS,2022,25.396682918542
SWZ,エスワティニ,SP.URB.TOTL.IN.ZS,2023,25.8081878500755
SWZ,エスワティニ,SP.URB.TOTL.IN.ZS,2024,26.2498461258639
SYC,セーシェル,SP.URB.TOTL.IN.ZS,2000,43.3974230710038
SYC,セーシェル,SP.URB.TOTL.IN.ZS,2001,43.2172985855685
SYC,セーシェル,SP.URB.TOTL.IN.ZS,2002,43.0948464521927
SYC,セーシェル,SP.URB.TOTL.IN.ZS,2003,43.0049328648162
SYC,セーシェル,SP.URB.TOTL.IN.ZS,2004,42.9237756892027
SYC,セーシェル,SP.URB.TOTL.IN.ZS,2005,42.8510349075107
SYC,セーシェル,SP.URB.TOTL.IN.ZS,2006,42.7880431397027
SYC,セーシェル,SP.URB.TOTL.IN.ZS,2007,42.7361330057413
SYC,セーシェル,SP.URB.TOTL.IN.ZS,2008,42.696637125589
SYC,セーシェル,SP.URB.TOTL.IN.ZS,2009,42.6708881192085
SYC,セーシェル,SP.URB.TOTL.IN.ZS,2010,42.660307244583
SYC,セーシェル,SP.URB.TOTL.IN.ZS,2011,42.6739844860866
SYC,セーシェル,SP.URB.TOTL.IN.ZS,2012,42.7261758463169
SYC,セーシェル,SP.URB.TOTL.IN.ZS,2013,42.815069634181
SYC,セーシェル,SP.URB.TOTL.IN.ZS,2014,42.9386256186342
SYC,セーシェル,SP.URB.TOTL.IN.ZS,2015,43.094803568632
SYC,セーシェル,SP.URB.TOTL.IN.ZS,2016,43.2815632531296
SYC,セーシェル,SP.URB.TOTL.IN.ZS,2017,43.4968644410824
SYC,セーシェル,SP.URB.TOTL.IN.ZS,2018,43.7386669014459
SYC,セーシェル,SP.URB.TOTL.IN.ZS,2019,44.0049304031754
SYC,セーシェル,SP.URB.TOTL.IN.ZS,2020,44.2936147152263
SYC,セーシェル,SP.URB.TOTL.IN.ZS,2021,44.6026796065539
SYC,セーシェル,SP.URB.TOTL.IN.ZS,2022,44.9108209981157
SYC,セーシェル,SP.URB.TOTL.IN.ZS,2023,45.0971081321658
SYC,セーシェル,SP.URB.TOTL.IN.ZS,2024,45.2898622460415
TCD,チャド,SP.URB.TOTL.IN.ZS,2000,21.6527690760484
TCD,チャド,SP.URB.TOTL.IN.ZS,2001,21.6780982595188
TCD,チャド,SP.URB.TOTL.IN.ZS,2002,21.7007762031515
TCD,チャド,SP.URB.TOTL.IN.ZS,2003,21.7207031172239
TCD,チャド,SP.URB.TOTL.IN.ZS,2004,21.7377792120134
TCD,チャド,SP.URB.TOTL.IN.ZS,2005,21.7519046977973
TCD,チャド,SP.URB.TOTL.IN.ZS,2006,21.7629797848529
TCD,チャド,SP.URB.TOTL.IN.ZS,2007,21.7709046834576
TCD,チャド,SP.URB.TOTL.IN.ZS,2008,21.7755796038887
TCD,チャド,SP.URB.TOTL.IN.ZS,2009,21.7784396568755
TCD,チャド,SP.URB.TOTL.IN.ZS,2010,21.8472378191095
TCD,チャド,SP.URB.TOTL.IN.ZS,2011,21.9558736797638
TCD,チャド,SP.URB.TOTL.IN.ZS,2012,22.1061904148178
TCD,チャド,SP.URB.TOTL.IN.ZS,2013,22.2975929852391
TCD,チャド,SP.URB.TOTL.IN.ZS,2014,22.5294513486009
TCD,チャド,SP.URB.TOTL.IN.ZS,2015,22.8011258828974
TCD,チャド,SP.URB.TOTL.IN.ZS,2016,23.1119734707179
TCD,チャド,SP.URB.TOTL.IN.ZS,2017,23.461349471105
TCD,チャド,SP.URB.TOTL.IN.ZS,2018,23.8486084924975
TCD,チャド,SP.URB.TOTL.IN.ZS,2019,24.2731047386633
TCD,チャド,SP.URB.TOTL.IN.ZS,2020,24.7341921795416
TCD,チャド,SP.URB.TOTL.IN.ZS,2021,25.2312246423075
TCD,チャド,SP.URB.TOTL.IN.ZS,2022,25.7635558629694
TCD,チャド,SP.URB.TOTL.IN.ZS,2023,26.3305395171046
TCD,チャド,SP.URB.TOTL.IN.ZS,2024,26.9315292389497
TGO,トーゴ,SP.URB.TOTL.IN.ZS,2000,33.0994844063309
TGO,トーゴ,SP.URB.TOTL.IN.ZS,2001,33.5503635916513
TGO,トーゴ,SP.URB.TOTL.IN.ZS,2002,34.0011370438307
TGO,トーゴ,SP.URB.TOTL.IN.ZS,2003,34.4513989657696
TGO,トーゴ,SP.URB.TOTL.IN.ZS,2004,34.9007435603688
TGO,トーゴ,SP.URB.TOTL.IN.ZS,2005,35.3487650305291
TGO,トーゴ,SP.URB.TOTL.IN.ZS,2006,35.795057579151
TGO,トーゴ,SP.URB.TOTL.IN.ZS,2007,36.2392154091353
TGO,トーゴ,SP.URB.TOTL.IN.ZS,2008,36.6808327233827
TGO,トーゴ,SP.URB.TOTL.IN.ZS,2009,37.1195037247939
TGO,トーゴ,SP.URB.TOTL.IN.ZS,2010,37.5545882975638
TGO,トーゴ,SP.URB.TOTL.IN.ZS,2011,37.9872305648732
TGO,トーゴ,SP.URB.TOTL.IN.ZS,2012,38.4194359598204
TGO,トーゴ,SP.URB.TOTL.IN.ZS,2013,38.8516767884103
TGO,トーゴ,SP.URB.TOTL.IN.ZS,2014,39.2839506458368
TGO,トーゴ,SP.URB.TOTL.IN.ZS,2015,39.7162551272934
TGO,トーゴ,SP.URB.TOTL.IN.ZS,2016,40.1485878279739
TGO,トーゴ,SP.URB.TOTL.IN.ZS,2017,40.5809463430719
TGO,トーゴ,SP.URB.TOTL.IN.ZS,2018,41.013328267781
TGO,トーゴ,SP.URB.TOTL.IN.ZS,2019,41.445731197295
TGO,トーゴ,SP.URB.TOTL.IN.ZS,2020,41.8781527268075
TGO,トーゴ,SP.URB.TOTL.IN.ZS,2021,42.3105904515122
TGO,トーゴ,SP.URB.TOTL.IN.ZS,2022,42.7332327975627
TGO,トーゴ,SP.URB.TOTL.IN.ZS,2023,43.2496853032436
TGO,トーゴ,SP.URB.TOTL.IN.ZS,2024,43.8148491605996
TUN,チュニジア,SP.URB.TOTL.IN.ZS,2000,63.6166653822584
TUN,チュニジア,SP.URB.TOTL.IN.ZS,2001,63.9541757453358
TUN,チュニジア,SP.URB.TOTL.IN.ZS,2002,64.2822554892505
TUN,チュニジア,SP.URB.TOTL.IN.ZS,2003,64.6055972687544
TUN,チュニジア,SP.URB.TOTL.IN.ZS,2004,64.9272741461338
TUN,チュニジア,SP.URB.TOTL.IN.ZS,2005,65.2340901739004
TUN,チュニジア,SP.URB.TOTL.IN.ZS,2006,65.5209809651521
TUN,チュニジア,SP.URB.TOTL.IN.ZS,2007,65.8000030517578
TUN,チュニジア,SP.URB.TOTL.IN.ZS,2008,66.0676053984361
TUN,チュニジア,SP.URB.TOTL.IN.ZS,2009,66.3362197875977
TUN,チュニジア,SP.URB.TOTL.IN.ZS,2010,66.6280059814453
TUN,チュニジア,SP.URB.TOTL.IN.ZS,2011,66.9191886197857
TUN,チュニジア,SP.URB.TOTL.IN.ZS,2012,67.2098922729492
TUN,チュニジア,SP.URB.TOTL.IN.ZS,2013,67.4999542236328
TUN,チュニジア,SP.URB.TOTL.IN.ZS,2014,67.7524643379101
TUN,チュニジア,SP.URB.TOTL.IN.ZS,2015,67.8807907104492
TUN,チュニジア,SP.URB.TOTL.IN.ZS,2016,68.0623356528248
TUN,チュニジア,SP.URB.TOTL.IN.ZS,2017,68.2877807617188
TUN,チュニジア,SP.URB.TOTL.IN.ZS,2018,68.5485240272509
TUN,チュニジア,SP.URB.TOTL.IN.ZS,2019,68.8206382576031
TUN,チュニジア,SP.URB.TOTL.IN.ZS,2020,69.1043166438476
TUN,チュニジア,SP.URB.TOTL.IN.ZS,2021,69.3997523770568
TUN,チュニジア,SP.URB.TOTL.IN.ZS,2022,69.707138648303
TUN,チュニジア,SP.URB.TOTL.IN.ZS,2023,70.0266686486584
TUN,チュニジア,SP.URB.TOTL.IN.ZS,2024,70.3585355691955
TZA,タンザニア,SP.URB.TOTL.IN.ZS,2000,22.1944164040635
TZA,タンザニア,SP.URB.TOTL.IN.ZS,2001,22.5963228653037
TZA,タンザニア,SP.URB.TOTL.IN.ZS,2002,23.0306918214565
TZA,タンザニア,SP.URB.TOTL.IN.ZS,2003,23.5202087261949
TZA,タンザニア,SP.URB.TOTL.IN.ZS,2004,24.0832469119457
TZA,タンザニア,SP.URB.TOTL.IN.ZS,2005,24.7061884538741
TZA,タンザニア,SP.URB.TOTL.IN.ZS,2006,25.3741033202009
TZA,タンザニア,SP.URB.TOTL.IN.ZS,2007,26.0720614791471
TZA,タンザニア,SP.URB.TOTL.IN.ZS,2008,26.7851328989335
TZA,タンザニア,SP.URB.TOTL.IN.ZS,2009,27.498387547781
TZA,タンザニア,SP.URB.TOTL.IN.ZS,2010,28.1968953939105
TZA,タンザニア,SP.URB.TOTL.IN.ZS,2011,28.865726405543
TZA,タンザニア,SP.URB.TOTL.IN.ZS,2012,29.4878764597911
TZA,タンザニア,SP.URB.TOTL.IN.ZS,2013,30.0725108782502
TZA,タンザニア,SP.URB.TOTL.IN.ZS,2014,30.6443077170742
TZA,タンザニア,SP.URB.TOTL.IN.ZS,2015,31.2061566592472
TZA,タンザニア,SP.URB.TOTL.IN.ZS,2016,31.7577303242916
TZA,タンザニア,SP.URB.TOTL.IN.ZS,2017,32.2987013317296
TZA,タンザニア,SP.URB.TOTL.IN.ZS,2018,32.8287423010834
TZA,タンザニア,SP.URB.TOTL.IN.ZS,2019,33.3475258518752
TZA,タンザニア,SP.URB.TOTL.IN.ZS,2020,33.8547246036273
TZA,タンザニア,SP.URB.TOTL.IN.ZS,2021,34.3500111758619
TZA,タンザニア,SP.URB.TOTL.IN.ZS,2022,34.8234736377147
TZA,タンザニア,SP.URB.TOTL.IN.ZS,2023,35.4748019434954
TZA,タンザニア,SP.URB.TOTL.IN.ZS,2024,36.1684458862992
UGA,ウガンダ,SP.URB.TOTL.IN.ZS,2000,11.6414758125187
UGA,ウガンダ,SP.URB.TOTL.IN.ZS,2001,11.9013889740088
UGA,ウガンダ,SP.URB.TOTL.IN.ZS,2002,12.202793574555
UGA,ウガンダ,SP.URB.TOTL.IN.ZS,2003,12.5904136719317
UGA,ウガンダ,SP.URB.TOTL.IN.ZS,2004,13.1221118400615
UGA,ウガンダ,SP.URB.TOTL.IN.ZS,2005,13.7907239496723
UGA,ウガンダ,SP.URB.TOTL.IN.ZS,2006,14.5851520274647
UGA,ウガンダ,SP.URB.TOTL.IN.ZS,2007,15.494298100139
UGA,ウガンダ,SP.URB.TOTL.IN.ZS,2008,16.5070641943955
UGA,ウガンダ,SP.URB.TOTL.IN.ZS,2009,17.6123523369348
UGA,ウガンダ,SP.URB.TOTL.IN.ZS,2010,18.7990645544572
UGA,ウガンダ,SP.URB.TOTL.IN.ZS,2011,20.0561028736631
UGA,ウガンダ,SP.URB.TOTL.IN.ZS,2012,21.372369321253
UGA,ウガンダ,SP.URB.TOTL.IN.ZS,2013,22.7367659239271
UGA,ウガンダ,SP.URB.TOTL.IN.ZS,2014,24.1938503391826
UGA,ウガンダ,SP.URB.TOTL.IN.ZS,2015,24.9777856560427
UGA,ウガンダ,SP.URB.TOTL.IN.ZS,2016,25.6953567134098
UGA,ウガンダ,SP.URB.TOTL.IN.ZS,2017,26.4139260579546
UGA,ウガンダ,SP.URB.TOTL.IN.ZS,2018,27.1280475018884
UGA,ウガンダ,SP.URB.TOTL.IN.ZS,2019,27.8369781799403
UGA,ウガンダ,SP.URB.TOTL.IN.ZS,2020,28.5399752271502
UGA,ウガンダ,SP.URB.TOTL.IN.ZS,2021,29.2362957789022
UGA,ウガンダ,SP.URB.TOTL.IN.ZS,2022,29.9251969709665
UGA,ウガンダ,SP.URB.TOTL.IN.ZS,2023,30.6059359395495
UGA,ウガンダ,SP.URB.TOTL.IN.ZS,2024,31.2777698213557
ZAF,南アフリカ共和国,SP.URB.TOTL.IN.ZS,2000,56.2589954883628
ZAF,南アフリカ共和国,SP.URB.TOTL.IN.ZS,2001,57.0014339378269
ZAF,南アフリカ共和国,SP.URB.TOTL.IN.ZS,2002,57.6723587528482
ZAF,南アフリカ共和国,SP.URB.TOTL.IN.ZS,2003,58.3724341232066
ZAF,南アフリカ共和国,SP.URB.TOTL.IN.ZS,2004,59.0977390950102
ZAF,南アフリカ共和国,SP.URB.TOTL.IN.ZS,2005,59.8241758378997
ZAF,南アフリカ共和国,SP.URB.TOTL.IN.ZS,2006,60.5276465215157
ZAF,南アフリカ共和国,SP.URB.TOTL.IN.ZS,2007,61.1840533154988
ZAF,南アフリカ共和国,SP.URB.TOTL.IN.ZS,2008,61.7692983894896
ZAF,南アフリカ共和国,SP.URB.TOTL.IN.ZS,2009,62.2592839131287
ZAF,南アフリカ共和国,SP.URB.TOTL.IN.ZS,2010,62.6299120560569
ZAF,南アフリカ共和国,SP.URB.TOTL.IN.ZS,2011,62.850627754452
ZAF,南アフリカ共和国,SP.URB.TOTL.IN.ZS,2012,62.9616560303263
ZAF,南アフリカ共和国,SP.URB.TOTL.IN.ZS,2013,63.0524024097034
ZAF,南アフリカ共和国,SP.URB.TOTL.IN.ZS,2014,63.1352327065742
ZAF,南アフリカ共和国,SP.URB.TOTL.IN.ZS,2015,63.2096349937231
ZAF,南アフリカ共和国,SP.URB.TOTL.IN.ZS,2016,63.2750973439347
ZAF,南アフリカ共和国,SP.URB.TOTL.IN.ZS,2017,63.3311078299936
ZAF,南アフリカ共和国,SP.URB.TOTL.IN.ZS,2018,63.3771545246841
ZAF,南アフリカ共和国,SP.URB.TOTL.IN.ZS,2019,63.4127255007908
ZAF,南アフリカ共和国,SP.URB.TOTL.IN.ZS,2020,63.4373088310982
ZAF,南アフリカ共和国,SP.URB.TOTL.IN.ZS,2021,63.4503925883909
ZAF,南アフリカ共和国,SP.URB.TOTL.IN.ZS,2022,63.4766699210327
ZAF,南アフリカ共和国,SP.URB.TOTL.IN.ZS,2023,63.5823705163545
ZAF,南アフリカ共和国,SP.URB.TOTL.IN.ZS,2024,63.6917984858172
ZMB,ザンビア,SP.URB.TOTL.IN.ZS,2000,35.8735460960387
ZMB,ザンビア,SP.URB.TOTL.IN.ZS,2001,35.8846482932758
ZMB,ザンビア,SP.URB.TOTL.IN.ZS,2002,36.0706035730014
ZMB,ザンビア,SP.URB.TOTL.IN.ZS,2003,36.3858560115875
ZMB,ザンビア,SP.URB.TOTL.IN.ZS,2004,36.8035881130253
ZMB,ザンビア,SP.URB.TOTL.IN.ZS,2005,37.2969823813059
ZMB,ザンビア,SP.URB.TOTL.IN.ZS,2006,37.8392213204204
ZMB,ザンビア,SP.URB.TOTL.IN.ZS,2007,38.4034874343601
ZMB,ザンビア,SP.URB.TOTL.IN.ZS,2008,38.9629632271162
ZMB,ザンビア,SP.URB.TOTL.IN.ZS,2009,39.4908312026796
ZMB,ザンビア,SP.URB.TOTL.IN.ZS,2010,39.9558857709992
ZMB,ザンビア,SP.URB.TOTL.IN.ZS,2011,40.3684491825881
ZMB,ザンビア,SP.URB.TOTL.IN.ZS,2012,40.7698556821596
ZMB,ザンビア,SP.URB.TOTL.IN.ZS,2013,41.1682266235825
ZMB,ザンビア,SP.URB.TOTL.IN.ZS,2014,41.5634741658525
ZMB,ザンビア,SP.URB.TOTL.IN.ZS,2015,41.9555104679652
ZMB,ザンビア,SP.URB.TOTL.IN.ZS,2016,42.3442476889162
ZMB,ザンビア,SP.URB.TOTL.IN.ZS,2017,42.7295979877011
ZMB,ザンビア,SP.URB.TOTL.IN.ZS,2018,43.1114735233156
ZMB,ザンビア,SP.URB.TOTL.IN.ZS,2019,43.4897864547552
ZMB,ザンビア,SP.URB.TOTL.IN.ZS,2020,43.8644489410157
ZMB,ザンビア,SP.URB.TOTL.IN.ZS,2021,44.2353731410926
ZMB,ザンビア,SP.URB.TOTL.IN.ZS,2022,44.5988511178469
ZMB,ザンビア,SP.URB.TOTL.IN.ZS,2023,45.0285853521585
ZMB,ザンビア,SP.URB.TOTL.IN.ZS,2024,45.4703838491279
ZWE,ジンバブエ,SP.URB.TOTL.IN.ZS,2000,32.3991568853313
ZWE,ジンバブエ,SP.URB.TOTL.IN.ZS,2001,32.4999278382836
ZWE,ジンバブエ,SP.URB.TOTL.IN.ZS,2002,32.5631884166934
ZWE,ジンバブエ,SP.URB.TOTL.IN.ZS,2003,32.6003372313948
ZWE,ジンバブエ,SP.URB.TOTL.IN.ZS,2004,32.6278168233873
ZWE,ジンバブエ,SP.URB.TOTL.IN.ZS,2005,32.6482709722903
ZWE,ジンバブエ,SP.URB.TOTL.IN.ZS,2006,32.6640794641194
ZWE,ジンバブエ,SP.URB.TOTL.IN.ZS,2007,32.67762208489
ZWE,ジンバブエ,SP.URB.TOTL.IN.ZS,2008,32.6912786206175
ZWE,ジンバブエ,SP.URB.TOTL.IN.ZS,2009,32.7074288573175
ZWE,ジンバブエ,SP.URB.TOTL.IN.ZS,2010,32.7284525810054
ZWE,ジンバブエ,SP.URB.TOTL.IN.ZS,2011,32.7567295776968
ZWE,ジンバブエ,SP.URB.TOTL.IN.ZS,2012,32.7931752128328
ZWE,ジンバブエ,SP.URB.TOTL.IN.ZS,2013,32.9019343169941
ZWE,ジンバブエ,SP.URB.TOTL.IN.ZS,2014,33.1628075970801
ZWE,ジンバブエ,SP.URB.TOTL.IN.ZS,2015,33.5612641766874
ZWE,ジンバブエ,SP.URB.TOTL.IN.ZS,2016,34.0799460726314
ZWE,ジンバブエ,SP.URB.TOTL.IN.ZS,2017,34.7014953017273
ZWE,ジンバブエ,SP.URB.TOTL.IN.ZS,2018,35.4085538807905
ZWE,ジンバブエ,SP.URB.TOTL.IN.ZS,2019,36.1837638266364
ZWE,ジンバブエ,SP.URB.TOTL.IN.ZS,2020,37.0097671560802
ZWE,ジンバブエ,SP.URB.TOTL.IN.ZS,2021,37.8692058859373
ZWE,ジンバブエ,SP.URB.TOTL.IN.ZS,2022,38.7055207169041
ZWE,ジンバブエ,SP.URB.TOTL.IN.ZS,2023,39.2919370795795
ZWE,ジンバブエ,SP.URB.TOTL.IN.ZS,2024,39.8933716820696
AGO,アンゴラ,SP.POP.GROW,2000,3.31228746945312
AGO,アンゴラ,SP.POP.GROW,2001,3.35370941359163
AGO,アンゴラ,SP.POP.GROW,2002,3.40747615681454
AGO,アンゴラ,SP.POP.GROW,2003,3.49334277776736
AGO,アンゴラ,SP.POP.GROW,2004,3.59445752400652
AGO,アンゴラ,SP.POP.GROW,2005,3.64626893356444
AGO,アンゴラ,SP.POP.GROW,2006,3.68489201610335
AGO,アンゴラ,SP.POP.GROW,2007,3.74258021023639
AGO,アンゴラ,SP.POP.GROW,2008,3.77828976645524
AGO,アンゴラ,SP.POP.GROW,2009,3.80156187494836
AGO,アンゴラ,SP.POP.GROW,2010,3.85109824897149
AGO,アンゴラ,SP.POP.GROW,2011,3.8879459971363
AGO,アンゴラ,SP.POP.GROW,2012,3.88358355528674
AGO,アンゴラ,SP.POP.GROW,2013,3.84998068971631
AGO,アンゴラ,SP.POP.GROW,2014,3.73272806660513
AGO,アンゴラ,SP.POP.GROW,2015,3.60507162233632
AGO,アンゴラ,SP.POP.GROW,2016,3.57644143982026
AGO,アンゴラ,SP.POP.GROW,2017,3.54061221486272
AGO,アンゴラ,SP.POP.GROW,2018,3.45323300897802
AGO,アンゴラ,SP.POP.GROW,2019,3.38788422184303
AGO,アンゴラ,SP.POP.GROW,2020,3.26795864914978
AGO,アンゴラ,SP.POP.GROW,2021,3.18132259995095
AGO,アンゴラ,SP.POP.GROW,2022,3.14302612044601
AGO,アンゴラ,SP.POP.GROW,2023,3.08065530722915
AGO,アンゴラ,SP.POP.GROW,2024,3.04419972245653
BDI,ブルンジ,SP.POP.GROW,2000,2.07761630416467
BDI,ブルンジ,SP.POP.GROW,2001,2.50568660000274
BDI,ブルンジ,SP.POP.GROW,2002,2.82021948884885
BDI,ブルンジ,SP.POP.GROW,2003,3.15909277106132
BDI,ブルンジ,SP.POP.GROW,2004,3.72769286109058
BDI,ブルンジ,SP.POP.GROW,2005,3.71426552783148
BDI,ブルンジ,SP.POP.GROW,2006,3.6016417629351
BDI,ブルンジ,SP.POP.GROW,2007,3.69817167466282
BDI,ブルンジ,SP.POP.GROW,2008,4.12553206908571
BDI,ブルンジ,SP.POP.GROW,2009,5.06613607694958
BDI,ブルンジ,SP.POP.GROW,2010,4.68101057302388
BDI,ブルンジ,SP.POP.GROW,2011,3.57769854786004
BDI,ブルンジ,SP.POP.GROW,2012,3.56852147814432
BDI,ブルンジ,SP.POP.GROW,2013,3.59186709345175
BDI,ブルンジ,SP.POP.GROW,2014,3.39447686677984
BDI,ブルンジ,SP.POP.GROW,2015,2.26851729292704
BDI,ブルンジ,SP.POP.GROW,2016,1.72186004024144
BDI,ブルンジ,SP.POP.GROW,2017,2.35048627086438
BDI,ブルンジ,SP.POP.GROW,2018,3.01898182778662
BDI,ブルンジ,SP.POP.GROW,2019,3.28367531420808
BDI,ブルンジ,SP.POP.GROW,2020,2.9086530249822
BDI,ブルンジ,SP.POP.GROW,2021,2.72425539520386
BDI,ブルンジ,SP.POP.GROW,2022,2.70585008916716
BDI,ブルンジ,SP.POP.GROW,2023,2.72764441044431
BDI,ブルンジ,SP.POP.GROW,2024,2.5839340108674
BEN,ベナン,SP.POP.GROW,2000,3.07665265205002
BEN,ベナン,SP.POP.GROW,2001,3.05435506649292
BEN,ベナン,SP.POP.GROW,2002,3.04010801597376
BEN,ベナン,SP.POP.GROW,2003,3.04920259714654
BEN,ベナン,SP.POP.GROW,2004,3.06173106096489
BEN,ベナン,SP.POP.GROW,2005,3.22061199704122
BEN,ベナン,SP.POP.GROW,2006,3.12066888297415
BEN,ベナン,SP.POP.GROW,2007,2.95509554727715
BEN,ベナン,SP.POP.GROW,2008,3.01959398464251
BEN,ベナン,SP.POP.GROW,2009,2.99903642214246
BEN,ベナン,SP.POP.GROW,2010,2.98424162798508
BEN,ベナン,SP.POP.GROW,2011,2.97782202797765
BEN,ベナン,SP.POP.GROW,2012,2.96766540040992
BEN,ベナン,SP.POP.GROW,2013,2.94885160135819
BEN,ベナン,SP.POP.GROW,2014,2.9550187594558
BEN,ベナン,SP.POP.GROW,2015,2.95391627666724
BEN,ベナン,SP.POP.GROW,2016,2.92460216679542
BEN,ベナン,SP.POP.GROW,2017,2.88117869411855
BEN,ベナン,SP.POP.GROW,2018,2.8136418840483
BEN,ベナン,SP.POP.GROW,2019,2.73538842831436
BEN,ベナン,SP.POP.GROW,2020,2.66259875153288
BEN,ベナン,SP.POP.GROW,2021,2.59230167510348
BEN,ベナン,SP.POP.GROW,2022,2.54740926342667
BEN,ベナン,SP.POP.GROW,2023,2.52274772277722
BEN,ベナン,SP.POP.GROW,2024,2.46175361912328
BFA,ブルキナファソ,SP.POP.GROW,2000,2.98414422391968
BFA,ブルキナファソ,SP.POP.GROW,2001,3.05099351122556
BFA,ブルキナファソ,SP.POP.GROW,2002,3.09039308299234
BFA,ブルキナファソ,SP.POP.GROW,2003,3.11812174449527
BFA,ブルキナファソ,SP.POP.GROW,2004,3.14512608695879
BFA,ブルキナファソ,SP.POP.GROW,2005,3.14680149143287
BFA,ブルキナファソ,SP.POP.GROW,2006,3.12034537509581
BFA,ブルキナファソ,SP.POP.GROW,2007,3.03277637197036
BFA,ブルキナファソ,SP.POP.GROW,2008,2.93816522811728
BFA,ブルキナファソ,SP.POP.GROW,2009,2.91916025918168
BFA,ブルキナファソ,SP.POP.GROW,2010,2.92577947499021
BFA,ブルキナファソ,SP.POP.GROW,2011,2.95657078370668
BFA,ブルキナファソ,SP.POP.GROW,2012,3.0171707485343
BFA,ブルキナファソ,SP.POP.GROW,2013,3.00083639274971
BFA,ブルキナファソ,SP.POP.GROW,2014,2.9733794200807
BFA,ブルキナファソ,SP.POP.GROW,2015,2.96196306547686
BFA,ブルキナファソ,SP.POP.GROW,2016,2.92508251378454
BFA,ブルキナファソ,SP.POP.GROW,2017,2.85291595529266
BFA,ブルキナファソ,SP.POP.GROW,2018,2.69713675384815
BFA,ブルキナファソ,SP.POP.GROW,2019,2.52989803984158
BFA,ブルキナファソ,SP.POP.GROW,2020,2.43522959287393
BFA,ブルキナファソ,SP.POP.GROW,2021,2.37649218888363
BFA,ブルキナファソ,SP.POP.GROW,2022,2.30907147387783
BFA,ブルキナファソ,SP.POP.GROW,2023,2.26973666268599
BFA,ブルキナファソ,SP.POP.GROW,2024,2.24597728439097
BWA,ボツワナ,SP.POP.GROW,2000,2.13210606291764
BWA,ボツワナ,SP.POP.GROW,2001,2.05763865830609
BWA,ボツワナ,SP.POP.GROW,2002,1.88080986109573
BWA,ボツワナ,SP.POP.GROW,2003,1.75962550604573
BWA,ボツワナ,SP.POP.GROW,2004,1.75338203751141
BWA,ボツワナ,SP.POP.GROW,2005,1.79499163132533
BWA,ボツワナ,SP.POP.GROW,2006,1.86517712065057
BWA,ボツワナ,SP.POP.GROW,2007,1.9381347493906
BWA,ボツワナ,SP.POP.GROW,2008,2.0082147581123
BWA,ボツワナ,SP.POP.GROW,2009,2.06587846755776
BWA,ボツワナ,SP.POP.GROW,2010,2.10943597528371
BWA,ボツワナ,SP.POP.GROW,2011,1.96877479635498
BWA,ボツワナ,SP.POP.GROW,2012,1.67774021157009
BWA,ボツワナ,SP.POP.GROW,2013,1.50921875015756
BWA,ボツワナ,SP.POP.GROW,2014,1.45441898422222
BWA,ボツワナ,SP.POP.GROW,2015,1.42753223737773
BWA,ボツワナ,SP.POP.GROW,2016,1.41970172619868
BWA,ボツワナ,SP.POP.GROW,2017,1.42047647332447
BWA,ボツワナ,SP.POP.GROW,2018,1.41898108514606
BWA,ボツワナ,SP.POP.GROW,2019,1.42262847077389
BWA,ボツワナ,SP.POP.GROW,2020,1.4394103578493
BWA,ボツワナ,SP.POP.GROW,2021,1.49130106425067
BWA,ボツワナ,SP.POP.GROW,2022,1.58848021878269
BWA,ボツワナ,SP.POP.GROW,2023,1.64031664035479
BWA,ボツワナ,SP.POP.GROW,2024,1.63538411022867
CAF,中央アフリカ共和国,SP.POP.GROW,2000,2.74955419856204
CAF,中央アフリカ共和国,SP.POP.GROW,2001,2.2204466205594
CAF,中央アフリカ共和国,SP.POP.GROW,2002,2.18516803355959
CAF,中央アフリカ共和国,SP.POP.GROW,2003,2.39269152862068
CAF,中央アフリカ共和国,SP.POP.GROW,2004,2.16355960798951
CAF,中央アフリカ共和国,SP.POP.GROW,2005,2.2634335589763
CAF,中央アフリカ共和国,SP.POP.GROW,2006,2.04865266623958
CAF,中央アフリカ共和国,SP.POP.GROW,2007,1.92738176317224
CAF,中央アフリカ共和国,SP.POP.GROW,2008,2.1330142206447
CAF,中央アフリカ共和国,SP.POP.GROW,2009,-0.65882495965577
CAF,中央アフリカ共和国,SP.POP.GROW,2010,-0.799202484181735
CAF,中央アフリカ共和国,SP.POP.GROW,2011,1.59035970102042
CAF,中央アフリカ共和国,SP.POP.GROW,2012,0.998867377606297
CAF,中央アフリカ共和国,SP.POP.GROW,2013,0.682377856508138
CAF,中央アフリカ共和国,SP.POP.GROW,2014,-0.415235398986532
CAF,中央アフリカ共和国,SP.POP.GROW,2015,0.132677645471712
CAF,中央アフリカ共和国,SP.POP.GROW,2016,1.80553237158984
CAF,中央アフリカ共和国,SP.POP.GROW,2017,1.67978155291511
CAF,中央アフリカ共和国,SP.POP.GROW,2018,1.76068487647458
CAF,中央アフリカ共和国,SP.POP.GROW,2019,1.34469255324203
CAF,中央アフリカ共和国,SP.POP.GROW,2020,1.64324789708014
CAF,中央アフリカ共和国,SP.POP.GROW,2021,1.68608971248183
CAF,中央アフリカ共和国,SP.POP.GROW,2022,-0.275432271573156
CAF,中央アフリカ共和国,SP.POP.GROW,2023,1.06107453184959
CAF,中央アフリカ共和国,SP.POP.GROW,2024,3.40139844069992
CIV,コートジボワール,SP.POP.GROW,2000,2.76729583954346
CIV,コートジボワール,SP.POP.GROW,2001,2.67539291726228
CIV,コートジボワール,SP.POP.GROW,2002,2.58396350857445
CIV,コートジボワール,SP.POP.GROW,2003,2.49227881118865
CIV,コートジボワール,SP.POP.GROW,2004,2.42497124712807
CIV,コートジボワール,SP.POP.GROW,2005,2.38748971138117
CIV,コートジボワール,SP.POP.GROW,2006,2.35559796287643
CIV,コートジボワール,SP.POP.GROW,2007,2.3271214491968
CIV,コートジボワール,SP.POP.GROW,2008,2.27477682329573
CIV,コートジボワール,SP.POP.GROW,2009,2.22245214914258
CIV,コートジボワール,SP.POP.GROW,2010,2.20359114199838
CIV,コートジボワール,SP.POP.GROW,2011,2.17265768049368
CIV,コートジボワール,SP.POP.GROW,2012,2.08872019159152
CIV,コートジボワール,SP.POP.GROW,2013,1.99427988380631
CIV,コートジボワール,SP.POP.GROW,2014,2.42493545476417
CIV,コートジボワール,SP.POP.GROW,2015,2.88906178023194
CIV,コートジボワール,SP.POP.GROW,2016,2.90076810314127
CIV,コートジボワール,SP.POP.GROW,2017,2.82237176165589
CIV,コートジボワール,SP.POP.GROW,2018,2.69696827034562
CIV,コートジボワール,SP.POP.GROW,2019,2.61916841176218
CIV,コートジボワール,SP.POP.GROW,2020,2.53019803537112
CIV,コートジボワール,SP.POP.GROW,2021,2.47398737434864
CIV,コートジボワール,SP.POP.GROW,2022,2.51622934953513
CIV,コートジボワール,SP.POP.GROW,2023,2.50384681190665
CIV,コートジボワール,SP.POP.GROW,2024,2.43618201263834
CMR,カメルーン,SP.POP.GROW,2000,2.63276307164066
CMR,カメルーン,SP.POP.GROW,2001,2.62643255915311
CMR,カメルーン,SP.POP.GROW,2002,2.68124815756453
CMR,カメルーン,SP.POP.GROW,2003,2.72747133462562
CMR,カメルーン,SP.POP.GROW,2004,2.74741504067453
CMR,カメルーン,SP.POP.GROW,2005,2.75573848394242
CMR,カメルーン,SP.POP.GROW,2006,2.74855128044116
CMR,カメルーン,SP.POP.GROW,2007,2.80627824632764
CMR,カメルーン,SP.POP.GROW,2008,2.86258453269924
CMR,カメルーン,SP.POP.GROW,2009,2.86539222671372
CMR,カメルーン,SP.POP.GROW,2010,2.85766146651935
CMR,カメルーン,SP.POP.GROW,2011,2.82842297078772
CMR,カメルーン,SP.POP.GROW,2012,2.8130471843416
CMR,カメルーン,SP.POP.GROW,2013,2.80909371019789
CMR,カメルーン,SP.POP.GROW,2014,3.02592195035823
CMR,カメルーン,SP.POP.GROW,2015,3.13934346036401
CMR,カメルーン,SP.POP.GROW,2016,2.98933225067819
CMR,カメルーン,SP.POP.GROW,2017,2.83499798189177
CMR,カメルーン,SP.POP.GROW,2018,2.77030987519388
CMR,カメルーン,SP.POP.GROW,2019,2.78164441246944
CMR,カメルーン,SP.POP.GROW,2020,2.7244863481235
CMR,カメルーン,SP.POP.GROW,2021,2.65496076580698
CMR,カメルーン,SP.POP.GROW,2022,2.62905090961273
CMR,カメルーン,SP.POP.GROW,2023,2.64245336134821
CMR,カメルーン,SP.POP.GROW,2024,2.61268294319567
COD,コンゴ民主共和国,SP.POP.GROW,2000,3.20780748301006
COD,コンゴ民主共和国,SP.POP.GROW,2001,3.1670663452371
COD,コンゴ民主共和国,SP.POP.GROW,2002,3.05620605844951
COD,コンゴ民主共和国,SP.POP.GROW,2003,2.92124332432638
COD,コンゴ民主共和国,SP.POP.GROW,2004,2.94457864295254
COD,コンゴ民主共和国,SP.POP.GROW,2005,3.07172770424984
COD,コンゴ民主共和国,SP.POP.GROW,2006,3.08284543640824
COD,コンゴ民主共和国,SP.POP.GROW,2007,3.02531584938763
COD,コンゴ民主共和国,SP.POP.GROW,2008,3.01581282864875
COD,コンゴ民主共和国,SP.POP.GROW,2009,3.09097719189927
COD,コンゴ民主共和国,SP.POP.GROW,2010,3.18751592835336
COD,コンゴ民主共和国,SP.POP.GROW,2011,3.28016564590395
COD,コンゴ民主共和国,SP.POP.GROW,2012,3.33860489598034
COD,コンゴ民主共和国,SP.POP.GROW,2013,3.40170849300578
COD,コンゴ民主共和国,SP.POP.GROW,2014,3.39069033335839
COD,コンゴ民主共和国,SP.POP.GROW,2015,3.3022434270539
COD,コンゴ民主共和国,SP.POP.GROW,2016,3.54100823238224
COD,コンゴ民主共和国,SP.POP.GROW,2017,3.65684620577994
COD,コンゴ民主共和国,SP.POP.GROW,2018,3.34726508426912
COD,コンゴ民主共和国,SP.POP.GROW,2019,3.1695285579572
COD,コンゴ民主共和国,SP.POP.GROW,2020,3.22098049233111
COD,コンゴ民主共和国,SP.POP.GROW,2021,3.23790848096045
COD,コンゴ民主共和国,SP.POP.GROW,2022,3.2234019442495
COD,コンゴ民主共和国,SP.POP.GROW,2023,3.25963514299902
COD,コンゴ民主共和国,SP.POP.GROW,2024,3.24257627586721
COG,コンゴ共和国,SP.POP.GROW,2000,3.83186610159414
COG,コンゴ共和国,SP.POP.GROW,2001,3.77361792459761
COG,コンゴ共和国,SP.POP.GROW,2002,2.36249435317099
COG,コンゴ共和国,SP.POP.GROW,2003,2.79519896193446
COG,コンゴ共和国,SP.POP.GROW,2004,3.41769832826944
COG,コンゴ共和国,SP.POP.GROW,2005,3.60380377830421
COG,コンゴ共和国,SP.POP.GROW,2006,3.74399199815897
COG,コンゴ共和国,SP.POP.GROW,2007,3.65924543843284
COG,コンゴ共和国,SP.POP.GROW,2008,3.28885266905607
COG,コンゴ共和国,SP.POP.GROW,2009,3.99594017742806
COG,コンゴ共和国,SP.POP.GROW,2010,4.14243050486562
COG,コンゴ共和国,SP.POP.GROW,2011,3.25058981932031
COG,コンゴ共和国,SP.POP.GROW,2012,2.79640825415116
COG,コンゴ共和国,SP.POP.GROW,2013,2.43092781986762
COG,コンゴ共和国,SP.POP.GROW,2014,2.41608932821437
COG,コンゴ共和国,SP.POP.GROW,2015,2.41638740919909
COG,コンゴ共和国,SP.POP.GROW,2016,2.42169941927317
COG,コンゴ共和国,SP.POP.GROW,2017,2.43024073423953
COG,コンゴ共和国,SP.POP.GROW,2018,2.43884022378671
COG,コンゴ共和国,SP.POP.GROW,2019,2.40634419722279
COG,コンゴ共和国,SP.POP.GROW,2020,2.39477691216791
COG,コンゴ共和国,SP.POP.GROW,2021,2.39414288318435
COG,コンゴ共和国,SP.POP.GROW,2022,2.39665300284304
COG,コンゴ共和国,SP.POP.GROW,2023,2.41919038084212
COG,コンゴ共和国,SP.POP.GROW,2024,2.39829082784283
COM,コモロ,SP.POP.GROW,2000,1.91989444545768
COM,コモロ,SP.POP.GROW,2001,2.05675116831034
COM,コモロ,SP.POP.GROW,2002,2.11608023442771
COM,コモロ,SP.POP.GROW,2003,1.92701943618421
COM,コモロ,SP.POP.GROW,2004,1.89592485384757
COM,コモロ,SP.POP.GROW,2005,2.04084019817184
COM,コモロ,SP.POP.GROW,2006,2.0170547631074
COM,コモロ,SP.POP.GROW,2007,1.99305922756432
COM,コモロ,SP.POP.GROW,2008,1.98685114604965
COM,コモロ,SP.POP.GROW,2009,1.98865318234701
COM,コモロ,SP.POP.GROW,2010,1.98790768401212
COM,コモロ,SP.POP.GROW,2011,1.99871797531046
COM,コモロ,SP.POP.GROW,2012,2.01149862727803
COM,コモロ,SP.POP.GROW,2013,2.11384957294193
COM,コモロ,SP.POP.GROW,2014,2.17541496047092
COM,コモロ,SP.POP.GROW,2015,2.11093338446849
COM,コモロ,SP.POP.GROW,2016,2.05111578193354
COM,コモロ,SP.POP.GROW,2017,1.99257798738542
COM,コモロ,SP.POP.GROW,2018,1.95274153616222
COM,コモロ,SP.POP.GROW,2019,1.92385702700328
COM,コモロ,SP.POP.GROW,2020,1.96199379762606
COM,コモロ,SP.POP.GROW,2021,1.97631988078353
COM,コモロ,SP.POP.GROW,2022,1.93837687010445
COM,コモロ,SP.POP.GROW,2023,1.92327433672711
COM,コモロ,SP.POP.GROW,2024,1.89182789744612
CPV,カーボベルデ,SP.POP.GROW,2000,1.51097073984668
CPV,カーボベルデ,SP.POP.GROW,2001,1.52715832330257
CPV,カーボベルデ,SP.POP.GROW,2002,1.45645106544752
CPV,カーボベルデ,SP.POP.GROW,2003,1.34770321112892
CPV,カーボベルデ,SP.POP.GROW,2004,1.25679558194683
CPV,カーボベルデ,SP.POP.GROW,2005,1.19132344131983
CPV,カーボベルデ,SP.POP.GROW,2006,1.15040265762577
CPV,カーボベルデ,SP.POP.GROW,2007,1.10689150817132
CPV,カーボベルデ,SP.POP.GROW,2008,1.03555151023311
CPV,カーボベルデ,SP.POP.GROW,2009,0.950085360363308
CPV,カーボベルデ,SP.POP.GROW,2010,0.717181999615317
CPV,カーボベルデ,SP.POP.GROW,2011,0.325685661710053
CPV,カーボベルデ,SP.POP.GROW,2012,0.0992767342106355
CPV,カーボベルデ,SP.POP.GROW,2013,0.052725108136232
CPV,カーボベルデ,SP.POP.GROW,2014,0.0197159536864678
CPV,カーボベルデ,SP.POP.GROW,2015,0.0132719182020122
CPV,カーボベルデ,SP.POP.GROW,2016,0.0312210963482392
CPV,カーボベルデ,SP.POP.GROW,2017,0.0661175101881539
CPV,カーボベルデ,SP.POP.GROW,2018,0.101723857752759
CPV,カーボベルデ,SP.POP.GROW,2019,0.134109462358547
CPV,カーボベルデ,SP.POP.GROW,2020,0.11178257414313
CPV,カーボベルデ,SP.POP.GROW,2021,0.38203217521266
CPV,カーボベルデ,SP.POP.GROW,2022,0.596688345869947
CPV,カーボベルデ,SP.POP.GROW,2023,0.497087597239901
CPV,カーボベルデ,SP.POP.GROW,2024,0.486246288487151
DJI,ジブチ,SP.POP.GROW,2000,3.13983453232405
DJI,ジブチ,SP.POP.GROW,2001,3.16034601005493
DJI,ジブチ,SP.POP.GROW,2002,3.09696092483835
DJI,ジブチ,SP.POP.GROW,2003,2.23054155487864
DJI,ジブチ,SP.POP.GROW,2004,1.53756010632665
DJI,ジブチ,SP.POP.GROW,2005,1.56648498246787
DJI,ジブチ,SP.POP.GROW,2006,1.95849040506805
DJI,ジブチ,SP.POP.GROW,2007,2.16896750475782
DJI,ジブチ,SP.POP.GROW,2008,2.06043519210448
DJI,ジブチ,SP.POP.GROW,2009,2.08325510197307
DJI,ジブチ,SP.POP.GROW,2010,2.03332270229716
DJI,ジブチ,SP.POP.GROW,2011,1.94884944824561
DJI,ジブチ,SP.POP.GROW,2012,1.8993890613377
DJI,ジブチ,SP.POP.GROW,2013,1.85261177020025
DJI,ジブチ,SP.POP.GROW,2014,1.80056496059208
DJI,ジブチ,SP.POP.GROW,2015,1.73961273409176
DJI,ジブチ,SP.POP.GROW,2016,1.68519891610854
DJI,ジブチ,SP.POP.GROW,2017,1.64286125399062
DJI,ジブチ,SP.POP.GROW,2018,1.60259372935612
DJI,ジブチ,SP.POP.GROW,2019,1.55766086478885
DJI,ジブチ,SP.POP.GROW,2020,1.50228656339009
DJI,ジブチ,SP.POP.GROW,2021,1.44268944208775
DJI,ジブチ,SP.POP.GROW,2022,1.40352932560807
DJI,ジブチ,SP.POP.GROW,2023,1.38410272350128
DJI,ジブチ,SP.POP.GROW,2024,1.3592172957681
DZA,アルジェリア,SP.POP.GROW,2000,1.3996685583388
DZA,アルジェリア,SP.POP.GROW,2001,1.37329134127777
DZA,アルジェリア,SP.POP.GROW,2002,1.33039477696898
DZA,アルジェリア,SP.POP.GROW,2003,1.32961524189621
DZA,アルジェリア,SP.POP.GROW,2004,1.39644042529783
DZA,アルジェリア,SP.POP.GROW,2005,1.46330884553002
DZA,アルジェリア,SP.POP.GROW,2006,1.54127363754195
DZA,アルジェリア,SP.POP.GROW,2007,1.6690716779345
DZA,アルジェリア,SP.POP.GROW,2008,1.81885306168943
DZA,アルジェリア,SP.POP.GROW,2009,1.91588522187232
DZA,アルジェリア,SP.POP.GROW,2010,1.9470588317966
DZA,アルジェリア,SP.POP.GROW,2011,1.9568943735315
DZA,アルジェリア,SP.POP.GROW,2012,1.99280790148967
DZA,アルジェリア,SP.POP.GROW,2013,2.01953115835273
DZA,アルジェリア,SP.POP.GROW,2014,2.03786524232338
DZA,アルジェリア,SP.POP.GROW,2015,2.05624795728459
DZA,アルジェリア,SP.POP.GROW,2016,2.05569111181654
DZA,アルジェリア,SP.POP.GROW,2017,2.03200060784518
DZA,アルジェリア,SP.POP.GROW,2018,1.93780623340147
DZA,アルジェリア,SP.POP.GROW,2019,1.84041291439333
DZA,アルジェリア,SP.POP.GROW,2020,1.71191216459393
DZA,アルジェリア,SP.POP.GROW,2021,1.61936460233826
DZA,アルジェリア,SP.POP.GROW,2022,1.58758210690673
DZA,アルジェリア,SP.POP.GROW,2023,1.49897601193923
DZA,アルジェリア,SP.POP.GROW,2024,1.39838651912702
EGY,エジプト,SP.POP.GROW,2000,2.16091978529782
EGY,エジプト,SP.POP.GROW,2001,2.12380362345226
EGY,エジプト,SP.POP.GROW,2002,2.10372359745955
EGY,エジプト,SP.POP.GROW,2003,2.09545323003183
EGY,エジプト,SP.POP.GROW,2004,2.06437734857129
EGY,エジプト,SP.POP.GROW,2005,2.02220952721924
EGY,エジプト,SP.POP.GROW,2006,1.95291342300488
EGY,エジプト,SP.POP.GROW,2007,1.88753217077119
EGY,エジプト,SP.POP.GROW,2008,1.86740413264217
EGY,エジプト,SP.POP.GROW,2009,1.88836522446639
EGY,エジプト,SP.POP.GROW,2010,1.91795124102801
EGY,エジプト,SP.POP.GROW,2011,2.1044607622412
EGY,エジプト,SP.POP.GROW,2012,2.24475795490011
EGY,エジプト,SP.POP.GROW,2013,2.30526364315625
EGY,エジプト,SP.POP.GROW,2014,2.27643956620182
EGY,エジプト,SP.POP.GROW,2015,2.09892554805563
EGY,エジプト,SP.POP.GROW,2016,2.03468294927084
EGY,エジプト,SP.POP.GROW,2017,1.99817843887244
EGY,エジプト,SP.POP.GROW,2018,1.89713831833082
EGY,エジプト,SP.POP.GROW,2019,1.75497438173801
EGY,エジプト,SP.POP.GROW,2020,1.62495386951696
EGY,エジプト,SP.POP.GROW,2021,1.4908053906311
EGY,エジプト,SP.POP.GROW,2022,1.48609697540294
EGY,エジプト,SP.POP.GROW,2023,1.68834126904494
EGY,エジプト,SP.POP.GROW,2024,1.73324205302065
ERI,エリトリア,SP.POP.GROW,2000,1.53601457156771
ERI,エリトリア,SP.POP.GROW,2001,2.85373304958379
ERI,エリトリア,SP.POP.GROW,2002,3.43914956264516
ERI,エリトリア,SP.POP.GROW,2003,4.13103377544635
ERI,エリトリア,SP.POP.GROW,2004,4.10022739741036
ERI,エリトリア,SP.POP.GROW,2005,2.39315582930907
ERI,エリトリア,SP.POP.GROW,2006,1.57651841967655
ERI,エリトリア,SP.POP.GROW,2007,1.45851723438561
ERI,エリトリア,SP.POP.GROW,2008,2.63004117479615
ERI,エリトリア,SP.POP.GROW,2009,2.50908465799155
ERI,エリトリア,SP.POP.GROW,2010,1.96475727107645
ERI,エリトリア,SP.POP.GROW,2011,1.79351881087532
ERI,エリトリア,SP.POP.GROW,2012,1.27590736754429
ERI,エリトリア,SP.POP.GROW,2013,1.22305147270022
ERI,エリトリア,SP.POP.GROW,2014,0.674705166672434
ERI,エリトリア,SP.POP.GROW,2015,0.334574415524454
ERI,エリトリア,SP.POP.GROW,2016,0.614809318134095
ERI,エリトリア,SP.POP.GROW,2017,0.817496698225399
ERI,エリトリア,SP.POP.GROW,2018,1.33731409848117
ERI,エリトリア,SP.POP.GROW,2019,1.47474580694345
ERI,エリトリア,SP.POP.GROW,2020,1.56406078076077
ERI,エリトリア,SP.POP.GROW,2021,1.77411588481268
ERI,エリトリア,SP.POP.GROW,2022,1.75351368458045
ERI,エリトリア,SP.POP.GROW,2023,1.77168715176453
ERI,エリトリア,SP.POP.GROW,2024,1.86168851424672
ESH,西サハラ,SP.POP.GROW,2000,
ESH,西サハラ,SP.POP.GROW,2001,
ESH,西サハラ,SP.POP.GROW,2002,
ESH,西サハラ,SP.POP.GROW,2003,
ESH,西サハラ,SP.POP.GROW,2004,
ESH,西サハラ,SP.POP.GROW,2005,
ESH,西サハラ,SP.POP.GROW,2006,
ESH,西サハラ,SP.POP.GROW,2007,
ESH,西サハラ,SP.POP.GROW,2008,
ESH,西サハラ,SP.POP.GROW,2009,
ESH,西サハラ,SP.POP.GROW,2010,
ESH,西サハラ,SP.POP.GROW,2011,
ESH,西サハラ,SP.POP.GROW,2012,
ESH,西サハラ,SP.POP.GROW,2013,
ESH,西サハラ,SP.POP.GROW,2014,
ESH,西サハラ,SP.POP.GROW,2015,
ESH,西サハラ,SP.POP.GROW,2016,
ESH,西サハラ,SP.POP.GROW,2017,
ESH,西サハラ,SP.POP.GROW,2018,
ESH,西サハラ,SP.POP.GROW,2019,
ESH,西サハラ,SP.POP.GROW,2020,
ESH,西サハラ,SP.POP.GROW,2021,
ESH,西サハラ,SP.POP.GROW,2022,
ESH,西サハラ,SP.POP.GROW,2023,
ESH,西サハラ,SP.POP.GROW,2024,
ETH,エチオピア,SP.POP.GROW,2000,3.06823302462214
ETH,エチオピア,SP.POP.GROW,2001,3.03351132311934
ETH,エチオピア,SP.POP.GROW,2002,3.04403477269573
ETH,エチオピア,SP.POP.GROW,2003,3.02102233073437
ETH,エチオピア,SP.POP.GROW,2004,2.99474712931538
ETH,エチオピア,SP.POP.GROW,2005,2.96602247201649
ETH,エチオピア,SP.POP.GROW,2006,2.93729031507005
ETH,エチオピア,SP.POP.GROW,2007,2.93015925736888
ETH,エチオピア,SP.POP.GROW,2008,2.89435688963486
ETH,エチオピア,SP.POP.GROW,2009,2.83966010377931
ETH,エチオピア,SP.POP.GROW,2010,2.83517457968806
ETH,エチオピア,SP.POP.GROW,2011,2.84354457485296
ETH,エチオピア,SP.POP.GROW,2012,2.80390393439601
ETH,エチオピア,SP.POP.GROW,2013,2.71847231803133
ETH,エチオピア,SP.POP.GROW,2014,2.68299781796922
ETH,エチオピア,SP.POP.GROW,2015,2.68480186138776
ETH,エチオピア,SP.POP.GROW,2016,2.70788250761242
ETH,エチオピア,SP.POP.GROW,2017,2.72524097063889
ETH,エチオピア,SP.POP.GROW,2018,2.69675179524869
ETH,エチオピア,SP.POP.GROW,2019,2.69123978261516
ETH,エチオピア,SP.POP.GROW,2020,2.71077284780816
ETH,エチオピア,SP.POP.GROW,2021,2.67249538803955
ETH,エチオピア,SP.POP.GROW,2022,2.62269500936104
ETH,エチオピア,SP.POP.GROW,2023,2.6036241976442
ETH,エチオピア,SP.POP.GROW,2024,2.58350411214521
GAB,ガボン,SP.POP.GROW,2000,2.58540209287646
GAB,ガボン,SP.POP.GROW,2001,2.6318642070048
GAB,ガボン,SP.POP.GROW,2002,2.67810322358967
GAB,ガボン,SP.POP.GROW,2003,2.72905696679518
GAB,ガボン,SP.POP.GROW,2004,2.80043793009716
GAB,ガボン,SP.POP.GROW,2005,2.90380819435636
GAB,ガボン,SP.POP.GROW,2006,3.01803087434569
GAB,ガボン,SP.POP.GROW,2007,3.12630083622847
GAB,ガボン,SP.POP.GROW,2008,3.22072516127824
GAB,ガボン,SP.POP.GROW,2009,3.32765333333101
GAB,ガボン,SP.POP.GROW,2010,3.44994267851283
GAB,ガボン,SP.POP.GROW,2011,3.54739719912158
GAB,ガボン,SP.POP.GROW,2012,3.57746904510728
GAB,ガボン,SP.POP.GROW,2013,3.52009296367142
GAB,ガボン,SP.POP.GROW,2014,3.35844001734251
GAB,ガボン,SP.POP.GROW,2015,3.11465625322556
GAB,ガボン,SP.POP.GROW,2016,2.86485541015556
GAB,ガボン,SP.POP.GROW,2017,2.65889572463952
GAB,ガボン,SP.POP.GROW,2018,2.53688289832205
GAB,ガボン,SP.POP.GROW,2019,2.47279132038176
GAB,ガボン,SP.POP.GROW,2020,2.38922359813697
GAB,ガボン,SP.POP.GROW,2021,2.30612435799096
GAB,ガボン,SP.POP.GROW,2022,2.24763901253797
GAB,ガボン,SP.POP.GROW,2023,2.19891289669511
GAB,ガボン,SP.POP.GROW,2024,2.15636509762581
GHA,ガーナ,SP.POP.GROW,2000,2.51243583964957
GHA,ガーナ,SP.POP.GROW,2001,2.6631054412646
GHA,ガーナ,SP.POP.GROW,2002,2.75013769977312
GHA,ガーナ,SP.POP.GROW,2003,2.69999623325849
GHA,ガーナ,SP.POP.GROW,2004,2.64856422445373
GHA,ガーナ,SP.POP.GROW,2005,2.62275723095941
GHA,ガーナ,SP.POP.GROW,2006,2.59967236461776
GHA,ガーナ,SP.POP.GROW,2007,2.57742881770877
GHA,ガーナ,SP.POP.GROW,2008,2.5377798286274
GHA,ガーナ,SP.POP.GROW,2009,2.49528498609835
GHA,ガーナ,SP.POP.GROW,2010,2.43301424000427
GHA,ガーナ,SP.POP.GROW,2011,2.40497145453178
GHA,ガーナ,SP.POP.GROW,2012,2.4199090803465
GHA,ガーナ,SP.POP.GROW,2013,2.40927930949909
GHA,ガーナ,SP.POP.GROW,2014,2.36498553072391
GHA,ガーナ,SP.POP.GROW,2015,2.30712733064921
GHA,ガーナ,SP.POP.GROW,2016,2.27621203911157
GHA,ガーナ,SP.POP.GROW,2017,2.19535792776401
GHA,ガーナ,SP.POP.GROW,2018,2.07517136640112
GHA,ガーナ,SP.POP.GROW,2019,2.00780519953703
GHA,ガーナ,SP.POP.GROW,2020,1.99181985149439
GHA,ガーナ,SP.POP.GROW,2021,1.95904584379494
GHA,ガーナ,SP.POP.GROW,2022,1.92029034344132
GHA,ガーナ,SP.POP.GROW,2023,1.90860289687983
GHA,ガーナ,SP.POP.GROW,2024,1.87500010333119
GIN,ギニア,SP.POP.GROW,2000,1.96135964318577
GIN,ギニア,SP.POP.GROW,2001,1.3098114321983
GIN,ギニア,SP.POP.GROW,2002,1.55813303817429
GIN,ギニア,SP.POP.GROW,2003,2.24251877202579
GIN,ギニア,SP.POP.GROW,2004,2.14071157501219
GIN,ギニア,SP.POP.GROW,2005,2.00041954618802
GIN,ギニア,SP.POP.GROW,2006,2.09058658116716
GIN,ギニア,SP.POP.GROW,2007,2.31497296404672
GIN,ギニア,SP.POP.GROW,2008,2.41908604968745
GIN,ギニア,SP.POP.GROW,2009,2.44158489420853
GIN,ギニア,SP.POP.GROW,2010,2.45929310036327
GIN,ギニア,SP.POP.GROW,2011,2.47697352651722
GIN,ギニア,SP.POP.GROW,2012,2.45416156342286
GIN,ギニア,SP.POP.GROW,2013,2.44471498509098
GIN,ギニア,SP.POP.GROW,2014,2.48019346390261
GIN,ギニア,SP.POP.GROW,2015,2.53151277572433
GIN,ギニア,SP.POP.GROW,2016,2.56690869267138
GIN,ギニア,SP.POP.GROW,2017,2.55652318226129
GIN,ギニア,SP.POP.GROW,2018,2.54385572881799
GIN,ギニア,SP.POP.GROW,2019,2.56100451729991
GIN,ギニア,SP.POP.GROW,2020,2.55139953603925
GIN,ギニア,SP.POP.GROW,2021,2.50610419423246
GIN,ギニア,SP.POP.GROW,2022,2.48250409145397
GIN,ギニア,SP.POP.GROW,2023,2.46199049961035
GIN,ギニア,SP.POP.GROW,2024,2.39595802290484
GMB,ガンビア,SP.POP.GROW,2000,2.73837212713207
GMB,ガンビア,SP.POP.GROW,2001,2.70699337593192
GMB,ガンビア,SP.POP.GROW,2002,2.68468779375919
GMB,ガンビア,SP.POP.GROW,2003,2.69312348458537
GMB,ガンビア,SP.POP.GROW,2004,2.73240205558954
GMB,ガンビア,SP.POP.GROW,2005,2.78121010687734
GMB,ガンビア,SP.POP.GROW,2006,2.852561853424
GMB,ガンビア,SP.POP.GROW,2007,2.90157035551494
GMB,ガンビア,SP.POP.GROW,2008,2.90664631280342
GMB,ガンビア,SP.POP.GROW,2009,2.90429853945953
GMB,ガンビア,SP.POP.GROW,2010,2.90737929979677
GMB,ガンビア,SP.POP.GROW,2011,2.92337692748517
GMB,ガンビア,SP.POP.GROW,2012,2.94591935774346
GMB,ガンビア,SP.POP.GROW,2013,2.92894143394412
GMB,ガンビア,SP.POP.GROW,2014,2.84475839442236
GMB,ガンビア,SP.POP.GROW,2015,2.73428839872651
GMB,ガンビア,SP.POP.GROW,2016,2.62819405087404
GMB,ガンビア,SP.POP.GROW,2017,2.52588138504562
GMB,ガンビア,SP.POP.GROW,2018,2.42294300881827
GMB,ガンビア,SP.POP.GROW,2019,2.35622071960344
GMB,ガンビア,SP.POP.GROW,2020,2.3686612920428
GMB,ガンビア,SP.POP.GROW,2021,2.36774778418782
GMB,ガンビア,SP.POP.GROW,2022,2.31992109797091
GMB,ガンビア,SP.POP.GROW,2023,2.30124049704572
GMB,ガンビア,SP.POP.GROW,2024,2.27730257212036
GNB,ギニアビサウ,SP.POP.GROW,2000,2.00706384351502
GNB,ギニアビサウ,SP.POP.GROW,2001,2.12602969093669
GNB,ギニアビサウ,SP.POP.GROW,2002,2.19833363261225
GNB,ギニアビサウ,SP.POP.GROW,2003,2.26219170729877
GNB,ギニアビサウ,SP.POP.GROW,2004,2.30540545476551
GNB,ギニアビサウ,SP.POP.GROW,2005,2.34505544706955
GNB,ギニアビサウ,SP.POP.GROW,2006,2.41122516333709
GNB,ギニアビサウ,SP.POP.GROW,2007,2.48996828898925
GNB,ギニアビサウ,SP.POP.GROW,2008,2.52259007377628
GNB,ギニアビサウ,SP.POP.GROW,2009,2.54277273891846
GNB,ギニアビサウ,SP.POP.GROW,2010,2.58492032110101
GNB,ギニアビサウ,SP.POP.GROW,2011,2.62922766462762
GNB,ギニアビサウ,SP.POP.GROW,2012,2.65952739224803
GNB,ギニアビサウ,SP.POP.GROW,2013,2.66229101877146
GNB,ギニアビサウ,SP.POP.GROW,2014,2.62731155689981
GNB,ギニアビサウ,SP.POP.GROW,2015,2.57045957815277
GNB,ギニアビサウ,SP.POP.GROW,2016,2.51155296505032
GNB,ギニアビサウ,SP.POP.GROW,2017,2.4363257519627
GNB,ギニアビサウ,SP.POP.GROW,2018,2.37405997248475
GNB,ギニアビサウ,SP.POP.GROW,2019,2.34095994762157
GNB,ギニアビサウ,SP.POP.GROW,2020,2.28895000835492
GNB,ギニアビサウ,SP.POP.GROW,2021,2.23903878745423
GNB,ギニアビサウ,SP.POP.GROW,2022,2.24235388639993
GNB,ギニアビサウ,SP.POP.GROW,2023,2.24529187264064
GNB,ギニアビサウ,SP.POP.GROW,2024,2.20520563612008
GNQ,赤道ギニア,SP.POP.GROW,2000,5.26428495953201
GNQ,赤道ギニア,SP.POP.GROW,2001,6.41008323195062
GNQ,赤道ギニア,SP.POP.GROW,2002,6.2200195333548
GNQ,赤道ギニア,SP.POP.GROW,2003,6.06631754137354
GNQ,赤道ギニア,SP.POP.GROW,2004,5.95846501494265
GNQ,赤道ギニア,SP.POP.GROW,2005,5.13840208613784
GNQ,赤道ギニア,SP.POP.GROW,2006,4.43647900593476
GNQ,赤道ギニア,SP.POP.GROW,2007,4.51135451899463
GNQ,赤道ギニア,SP.POP.GROW,2008,4.57370994415875
GNQ,赤道ギニア,SP.POP.GROW,2009,4.60787133294314
GNQ,赤道ギニア,SP.POP.GROW,2010,4.59586770504622
GNQ,赤道ギニア,SP.POP.GROW,2011,4.34060206449919
GNQ,赤道ギニア,SP.POP.GROW,2012,4.07484554769573
GNQ,赤道ギニア,SP.POP.GROW,2013,3.99605995538999
GNQ,赤道ギニア,SP.POP.GROW,2014,3.90501924555756
GNQ,赤道ギニア,SP.POP.GROW,2015,3.79160484192286
GNQ,赤道ギニア,SP.POP.GROW,2016,3.66421838047825
GNQ,赤道ギニア,SP.POP.GROW,2017,3.53129362583944
GNQ,赤道ギニア,SP.POP.GROW,2018,3.39945242088076
GNQ,赤道ギニア,SP.POP.GROW,2019,3.271454421427
GNQ,赤道ギニア,SP.POP.GROW,2020,2.73390823188935
GNQ,赤道ギニア,SP.POP.GROW,2021,2.43551071649529
GNQ,赤道ギニア,SP.POP.GROW,2022,2.5130374213272
GNQ,赤道ギニア,SP.POP.GROW,2023,2.41057232825781
GNQ,赤道ギニア,SP.POP.GROW,2024,2.40472649031131
KEN,ケニア,SP.POP.GROW,2000,3.01293994477925
KEN,ケニア,SP.POP.GROW,2001,3.13629206541925
KEN,ケニア,SP.POP.GROW,2002,3.14626442047843
KEN,ケニア,SP.POP.GROW,2003,3.08528898836117
KEN,ケニア,SP.POP.GROW,2004,3.10482476419105
KEN,ケニア,SP.POP.GROW,2005,3.07223123352542
KEN,ケニア,SP.POP.GROW,2006,3.04704867411558
KEN,ケニア,SP.POP.GROW,2007,3.02220921188685
KEN,ケニア,SP.POP.GROW,2008,3.02964938264436
KEN,ケニア,SP.POP.GROW,2009,3.0211086032266
KEN,ケニア,SP.POP.GROW,2010,2.90158845467743
KEN,ケニア,SP.POP.GROW,2011,2.75013743696978
KEN,ケニア,SP.POP.GROW,2012,2.6080744180495
KEN,ケニア,SP.POP.GROW,2013,2.47210752389349
KEN,ケニア,SP.POP.GROW,2014,2.33901192230694
KEN,ケニア,SP.POP.GROW,2015,2.2270329432256
KEN,ケニア,SP.POP.GROW,2016,2.20775684612709
KEN,ケニア,SP.POP.GROW,2017,2.17412854990493
KEN,ケニア,SP.POP.GROW,2018,2.03083744189606
KEN,ケニア,SP.POP.GROW,2019,1.96381549826771
KEN,ケニア,SP.POP.GROW,2020,1.96197633664853
KEN,ケニア,SP.POP.GROW,2021,1.90040858948898
KEN,ケニア,SP.POP.GROW,2022,1.92297608206469
KEN,ケニア,SP.POP.GROW,2023,1.98296028478422
KEN,ケニア,SP.POP.GROW,2024,1.95751431565234
LBR,リベリア,SP.POP.GROW,2000,3.70256844774732
LBR,リベリア,SP.POP.GROW,2001,2.9352375714594
LBR,リベリア,SP.POP.GROW,2002,2.60055374367034
LBR,リベリア,SP.POP.GROW,2003,0.79655231018503
LBR,リベリア,SP.POP.GROW,2004,1.19050087276777
LBR,リベリア,SP.POP.GROW,2005,4.46419976403406
LBR,リベリア,SP.POP.GROW,2006,5.58972152870902
LBR,リベリア,SP.POP.GROW,2007,4.98055607463838
LBR,リベリア,SP.POP.GROW,2008,4.05801806274783
LBR,リベリア,SP.POP.GROW,2009,3.14360024630264
LBR,リベリア,SP.POP.GROW,2010,2.89605811562763
LBR,リベリア,SP.POP.GROW,2011,3.92046987945605
LBR,リベリア,SP.POP.GROW,2012,3.53448694358844
LBR,リベリア,SP.POP.GROW,2013,2.19827693086756
LBR,リベリア,SP.POP.GROW,2014,2.08217532534285
LBR,リベリア,SP.POP.GROW,2015,2.06297096669961
LBR,リベリア,SP.POP.GROW,2016,2.04312155500225
LBR,リベリア,SP.POP.GROW,2017,1.94324776688719
LBR,リベリア,SP.POP.GROW,2018,1.95645231379837
LBR,リベリア,SP.POP.GROW,2019,1.98225492944197
LBR,リベリア,SP.POP.GROW,2020,2.07483340649162
LBR,リベリア,SP.POP.GROW,2021,2.11098738475006
LBR,リベリア,SP.POP.GROW,2022,2.14388170425267
LBR,リベリア,SP.POP.GROW,2023,2.20390696065654
LBR,リベリア,SP.POP.GROW,2024,2.15725346515291
LBY,リビア,SP.POP.GROW,2000,1.65322614160708
LBY,リビア,SP.POP.GROW,2001,1.84188849101584
LBY,リビア,SP.POP.GROW,2002,1.92033997804202
LBY,リビア,SP.POP.GROW,2003,1.99485254520156
LBY,リビア,SP.POP.GROW,2004,2.06583711688529
LBY,リビア,SP.POP.GROW,2005,2.10615511958762
LBY,リビア,SP.POP.GROW,2006,2.05113885258773
LBY,リビア,SP.POP.GROW,2007,2.05506946829407
LBY,リビア,SP.POP.GROW,2008,2.12409959672873
LBY,リビア,SP.POP.GROW,2009,2.08315407578494
LBY,リビア,SP.POP.GROW,2010,2.0390577056462
LBY,リビア,SP.POP.GROW,2011,-2.4085814162192
LBY,リビア,SP.POP.GROW,2012,-2.61743182302169
LBY,リビア,SP.POP.GROW,2013,2.00744391901146
LBY,リビア,SP.POP.GROW,2014,1.92631083217923
LBY,リビア,SP.POP.GROW,2015,1.61383897825773
LBY,リビア,SP.POP.GROW,2016,1.52399514586306
LBY,リビア,SP.POP.GROW,2017,1.59519992425695
LBY,リビア,SP.POP.GROW,2018,1.62332708641058
LBY,リビア,SP.POP.GROW,2019,1.47795950725002
LBY,リビア,SP.POP.GROW,2020,1.3484498033463
LBY,リビア,SP.POP.GROW,2021,1.26619979488109
LBY,リビア,SP.POP.GROW,2022,1.23450447871795
LBY,リビア,SP.POP.GROW,2023,1.12674309223491
LBY,リビア,SP.POP.GROW,2024,1.02629935747641
LSO,レソト,SP.POP.GROW,2000,0.0338894483530851
LSO,レソト,SP.POP.GROW,2001,-0.152817947191406
LSO,レソト,SP.POP.GROW,2002,-0.30904544946415
LSO,レソト,SP.POP.GROW,2003,-0.483449852068026
LSO,レソト,SP.POP.GROW,2004,-0.704216157980622
LSO,レソト,SP.POP.GROW,2005,-0.920090941162442
LSO,レソト,SP.POP.GROW,2006,-0.411119833657806
LSO,レソト,SP.POP.GROW,2007,0.420949997112671
LSO,レソト,SP.POP.GROW,2008,0.677229463442686
LSO,レソト,SP.POP.GROW,2009,0.726654299508152
LSO,レソト,SP.POP.GROW,2010,0.772821659424366
LSO,レソト,SP.POP.GROW,2011,0.885634151913232
LSO,レソト,SP.POP.GROW,2012,1.00510607755205
LSO,レソト,SP.POP.GROW,2013,1.08291299578498
LSO,レソト,SP.POP.GROW,2014,1.14032275206417
LSO,レソト,SP.POP.GROW,2015,1.17199706979444
LSO,レソト,SP.POP.GROW,2016,1.21894302061673
LSO,レソト,SP.POP.GROW,2017,1.24492806980041
LSO,レソト,SP.POP.GROW,2018,1.22069019410404
LSO,レソト,SP.POP.GROW,2019,1.17469837087993
LSO,レソト,SP.POP.GROW,2020,1.18432063043163
LSO,レソト,SP.POP.GROW,2021,1.14804266920884
LSO,レソト,SP.POP.GROW,2022,1.08048016923391
LSO,レソト,SP.POP.GROW,2023,1.10328678263994
LSO,レソト,SP.POP.GROW,2024,1.11644894351979
MAR,モロッコ,SP.POP.GROW,2000,1.40392630100829
MAR,モロッコ,SP.POP.GROW,2001,1.36697144784375
MAR,モロッコ,SP.POP.GROW,2002,1.32213816814169
MAR,モロッコ,SP.POP.GROW,2003,1.27031081599857
MAR,モロッコ,SP.POP.GROW,2004,1.28219021585352
MAR,モロッコ,SP.POP.GROW,2005,1.34347301576107
MAR,モロッコ,SP.POP.GROW,2006,1.35136550551358
MAR,モロッコ,SP.POP.GROW,2007,1.34058101398506
MAR,モロッコ,SP.POP.GROW,2008,1.33869604527126
MAR,モロッコ,SP.POP.GROW,2009,1.33260098178586
MAR,モロッコ,SP.POP.GROW,2010,1.35274286216317
MAR,モロッコ,SP.POP.GROW,2011,1.36305168989377
MAR,モロッコ,SP.POP.GROW,2012,1.3359712863904
MAR,モロッコ,SP.POP.GROW,2013,1.28781015302784
MAR,モロッコ,SP.POP.GROW,2014,1.22723874148544
MAR,モロッコ,SP.POP.GROW,2015,1.17075639938741
MAR,モロッコ,SP.POP.GROW,2016,1.19450726277516
MAR,モロッコ,SP.POP.GROW,2017,1.20034336418867
MAR,モロッコ,SP.POP.GROW,2018,1.1036421008163
MAR,モロッコ,SP.POP.GROW,2019,1.03022315933698
MAR,モロッコ,SP.POP.GROW,2020,1.02565486360782
MAR,モロッコ,SP.POP.GROW,2021,1.00691847923959
MAR,モロッコ,SP.POP.GROW,2022,1.00863622672701
MAR,モロッコ,SP.POP.GROW,2023,1.02195181223548
MAR,モロッコ,SP.POP.GROW,2024,0.972827595296714
MDG,マダガスカル,SP.POP.GROW,2000,3.17297260783499
MDG,マダガスカル,SP.POP.GROW,2001,3.0798984770565
MDG,マダガスカル,SP.POP.GROW,2002,2.9899935045994
MDG,マダガスカル,SP.POP.GROW,2003,2.93067077025108
MDG,マダガスカル,SP.POP.GROW,2004,2.91610861061954
MDG,マダガスカル,SP.POP.GROW,2005,2.92926937068758
MDG,マダガスカル,SP.POP.GROW,2006,2.93769107946479
MDG,マダガスカル,SP.POP.GROW,2007,2.93494950819065
MDG,マダガスカル,SP.POP.GROW,2008,2.93532927308935
MDG,マダガスカル,SP.POP.GROW,2009,2.93604117284744
MDG,マダガスカル,SP.POP.GROW,2010,2.90919662127516
MDG,マダガスカル,SP.POP.GROW,2011,2.83965714379658
MDG,マダガスカル,SP.POP.GROW,2012,2.76626312576328
MDG,マダガスカル,SP.POP.GROW,2013,2.71964840033078
MDG,マダガスカル,SP.POP.GROW,2014,2.68077948175383
MDG,マダガスカル,SP.POP.GROW,2015,2.63948434650119
MDG,マダガスカル,SP.POP.GROW,2016,2.61335935661539
MDG,マダガスカル,SP.POP.GROW,2017,2.60345495087599
MDG,マダガスカル,SP.POP.GROW,2018,2.60334538024635
MDG,マダガスカル,SP.POP.GROW,2019,2.60136633480103
MDG,マダガスカル,SP.POP.GROW,2020,2.56778870397591
MDG,マダガスカル,SP.POP.GROW,2021,2.51537360931706
MDG,マダガスカル,SP.POP.GROW,2022,2.48207836172625
MDG,マダガスカル,SP.POP.GROW,2023,2.46201530433165
MDG,マダガスカル,SP.POP.GROW,2024,2.43524760129506
MLI,マリ,SP.POP.GROW,2000,2.91308874187569
MLI,マリ,SP.POP.GROW,2001,3.00701165563643
MLI,マリ,SP.POP.GROW,2002,3.10676861781848
MLI,マリ,SP.POP.GROW,2003,3.17894001404545
MLI,マリ,SP.POP.GROW,2004,3.23794608826987
MLI,マリ,SP.POP.GROW,2005,3.27522299158149
MLI,マリ,SP.POP.GROW,2006,3.2804387949943
MLI,マリ,SP.POP.GROW,2007,3.28796078422057
MLI,マリ,SP.POP.GROW,2008,3.2862188900418
MLI,マリ,SP.POP.GROW,2009,3.25780569403424
MLI,マリ,SP.POP.GROW,2010,3.2485140091385
MLI,マリ,SP.POP.GROW,2011,3.23250831038309
MLI,マリ,SP.POP.GROW,2012,2.91998728475051
MLI,マリ,SP.POP.GROW,2013,2.92078257453733
MLI,マリ,SP.POP.GROW,2014,3.16065691731413
MLI,マリ,SP.POP.GROW,2015,3.1289280097663
MLI,マリ,SP.POP.GROW,2016,3.16701291267986
MLI,マリ,SP.POP.GROW,2017,3.18823649379751
MLI,マリ,SP.POP.GROW,2018,3.1254232369578
MLI,マリ,SP.POP.GROW,2019,3.01814494306617
MLI,マリ,SP.POP.GROW,2020,3.01751361469378
MLI,マリ,SP.POP.GROW,2021,3.06035796580474
MLI,マリ,SP.POP.GROW,2022,3.00942592606239
MLI,マリ,SP.POP.GROW,2023,2.97400537620334
MLI,マリ,SP.POP.GROW,2024,2.94115084753028
MOZ,モザンビーク,SP.POP.GROW,2000,2.20366517231952
MOZ,モザンビーク,SP.POP.GROW,2001,2.22591756896921
MOZ,モザンビーク,SP.POP.GROW,2002,2.24357740312433
MOZ,モザンビーク,SP.POP.GROW,2003,2.26412694670583
MOZ,モザンビーク,SP.POP.GROW,2004,2.28307737180822
MOZ,モザンビーク,SP.POP.GROW,2005,2.31300566720779
MOZ,モザンビーク,SP.POP.GROW,2006,2.3486041998682
MOZ,モザンビーク,SP.POP.GROW,2007,2.37944111058302
MOZ,モザンビーク,SP.POP.GROW,2008,2.46564120587285
MOZ,モザンビーク,SP.POP.GROW,2009,2.59095643753164
MOZ,モザンビーク,SP.POP.GROW,2010,2.67685903538336
MOZ,モザンビーク,SP.POP.GROW,2011,2.78615253564474
MOZ,モザンビーク,SP.POP.GROW,2012,2.87101074780924
MOZ,モザンビーク,SP.POP.GROW,2013,2.89055494992619
MOZ,モザンビーク,SP.POP.GROW,2014,2.89895498583923
MOZ,モザンビーク,SP.POP.GROW,2015,2.90106067133475
MOZ,モザンビーク,SP.POP.GROW,2016,2.93066434696089
MOZ,モザンビーク,SP.POP.GROW,2017,2.98845927899068
MOZ,モザンビーク,SP.POP.GROW,2018,2.98089902972538
MOZ,モザンビーク,SP.POP.GROW,2019,2.9397415898529
MOZ,モザンビーク,SP.POP.GROW,2020,2.96490034295304
MOZ,モザンビーク,SP.POP.GROW,2021,2.9577768101764
MOZ,モザンビーク,SP.POP.GROW,2022,2.9473431712575
MOZ,モザンビーク,SP.POP.GROW,2023,2.95358093047219
MOZ,モザンビーク,SP.POP.GROW,2024,2.91994049442347
MRT,モーリタニア,SP.POP.GROW,2000,2.78353822069134
MRT,モーリタニア,SP.POP.GROW,2001,2.46862570579989
MRT,モーリタニア,SP.POP.GROW,2002,2.2112923085405
MRT,モーリタニア,SP.POP.GROW,2003,2.28829406566231
MRT,モーリタニア,SP.POP.GROW,2004,2.34965515386841
MRT,モーリタニア,SP.POP.GROW,2005,2.42430459268211
MRT,モーリタニア,SP.POP.GROW,2006,2.50658248493226
MRT,モーリタニア,SP.POP.GROW,2007,2.60052819123955
MRT,モーリタニア,SP.POP.GROW,2008,2.87480873438379
MRT,モーリタニア,SP.POP.GROW,2009,3.12899450909418
MRT,モーリタニア,SP.POP.GROW,2010,3.19159403639576
MRT,モーリタニア,SP.POP.GROW,2011,3.24512473547367
MRT,モーリタニア,SP.POP.GROW,2012,3.26413503920642
MRT,モーリタニア,SP.POP.GROW,2013,3.135806545909
MRT,モーリタニア,SP.POP.GROW,2014,3.01218949095495
MRT,モーリタニア,SP.POP.GROW,2015,3.00605924056849
MRT,モーリタニア,SP.POP.GROW,2016,2.99795842489143
MRT,モーリタニア,SP.POP.GROW,2017,2.98778789331469
MRT,モーリタニア,SP.POP.GROW,2018,2.97356403059489
MRT,モーリタニア,SP.POP.GROW,2019,2.95347297852629
MRT,モーリタニア,SP.POP.GROW,2020,2.92092559048913
MRT,モーリタニア,SP.POP.GROW,2021,2.88703345850902
MRT,モーリタニア,SP.POP.GROW,2022,2.92956466448208
MRT,モーリタニア,SP.POP.GROW,2023,2.96653079197429
MRT,モーリタニア,SP.POP.GROW,2024,2.88395898961435
MUS,モーリシャス,SP.POP.GROW,2000,0.982676166064297
MUS,モーリシャス,SP.POP.GROW,2001,0.790047581068153
MUS,モーリシャス,SP.POP.GROW,2002,0.694240135210974
MUS,モーリシャス,SP.POP.GROW,2003,0.723661765578573
MUS,モーリシャス,SP.POP.GROW,2004,0.627103982385528
MUS,モーリシャス,SP.POP.GROW,2005,0.592099659929956
MUS,モーリシャス,SP.POP.GROW,2006,0.466403525955087
MUS,モーリシャス,SP.POP.GROW,2007,0.455526400702738
MUS,モーリシャス,SP.POP.GROW,2008,0.361630847401639
MUS,モーリシャス,SP.POP.GROW,2009,0.265537672832765
MUS,モーリシャス,SP.POP.GROW,2010,0.237886692890185
MUS,モーリシャス,SP.POP.GROW,2011,0.160140420765724
MUS,モーリシャス,SP.POP.GROW,2012,0.277321025514609
MUS,モーリシャス,SP.POP.GROW,2013,0.242165626741126
MUS,モーリシャス,SP.POP.GROW,2014,0.181022097854624
MUS,モーリシャス,SP.POP.GROW,2015,0.132404330287967
MUS,モーリシャス,SP.POP.GROW,2016,0.0687082325715694
MUS,モーリシャス,SP.POP.GROW,2017,0.0901672663767558
MUS,モーリシャス,SP.POP.GROW,2018,0.0545354541381391
MUS,モーリシャス,SP.POP.GROW,2019,0.0322330642925213
MUS,モーリシャス,SP.POP.GROW,2020,0.00229068020969373
MUS,モーリシャス,SP.POP.GROW,2021,0.0252729878913446
MUS,モーリシャス,SP.POP.GROW,2022,-0.301401216835277
MUS,モーリシャス,SP.POP.GROW,2023,-1.1051534726941
MUS,モーリシャス,SP.POP.GROW,2024,-0.2299528038748
MWI,マラウイ,SP.POP.GROW,2000,2.39808527580859
MWI,マラウイ,SP.POP.GROW,2001,2.41939427546647
MWI,マラウイ,SP.POP.GROW,2002,2.44868795908692
MWI,マラウイ,SP.POP.GROW,2003,2.50311318898405
MWI,マラウイ,SP.POP.GROW,2004,2.58631203946607
MWI,マラウイ,SP.POP.GROW,2005,2.67801100189358
MWI,マラウイ,SP.POP.GROW,2006,2.75507030698051
MWI,マラウイ,SP.POP.GROW,2007,2.82103771276785
MWI,マラウイ,SP.POP.GROW,2008,2.90426164632368
MWI,マラウイ,SP.POP.GROW,2009,2.95642545456471
MWI,マラウイ,SP.POP.GROW,2010,2.94779608735928
MWI,マラウイ,SP.POP.GROW,2011,2.91504427220952
MWI,マラウイ,SP.POP.GROW,2012,2.87064589887138
MWI,マラウイ,SP.POP.GROW,2013,2.83808966369485
MWI,マラウイ,SP.POP.GROW,2014,2.80479012384928
MWI,マラウイ,SP.POP.GROW,2015,2.75359183453625
MWI,マラウイ,SP.POP.GROW,2016,2.72595787740448
MWI,マラウイ,SP.POP.GROW,2017,2.70808949087835
MWI,マラウイ,SP.POP.GROW,2018,2.67117568591664
MWI,マラウイ,SP.POP.GROW,2019,2.65059567621331
MWI,マラウイ,SP.POP.GROW,2020,2.63573735113183
MWI,マラウイ,SP.POP.GROW,2021,2.59415828794597
MWI,マラウイ,SP.POP.GROW,2022,2.567947782963
MWI,マラウイ,SP.POP.GROW,2023,2.57135708610945
MWI,マラウイ,SP.POP.GROW,2024,2.57641467045761
NAM,ナミビア,SP.POP.GROW,2000,2.35219877188535
NAM,ナミビア,SP.POP.GROW,2001,2.08953121470852
NAM,ナミビア,SP.POP.GROW,2002,1.75728257510242
NAM,ナミビア,SP.POP.GROW,2003,1.44425237074387
NAM,ナミビア,SP.POP.GROW,2004,1.27571138513782
NAM,ナミビア,SP.POP.GROW,2005,1.25364169808749
NAM,ナミビア,SP.POP.GROW,2006,1.27859222127371
NAM,ナミビア,SP.POP.GROW,2007,1.3321269140493
NAM,ナミビア,SP.POP.GROW,2008,1.39984615902945
NAM,ナミビア,SP.POP.GROW,2009,1.47115601688196
NAM,ナミビア,SP.POP.GROW,2010,1.54841464345813
NAM,ナミビア,SP.POP.GROW,2011,1.71587072736176
NAM,ナミビア,SP.POP.GROW,2012,2.22673258326321
NAM,ナミビア,SP.POP.GROW,2013,2.60198589808047
NAM,ナミビア,SP.POP.GROW,2014,2.61288080068243
NAM,ナミビア,SP.POP.GROW,2015,2.65295870908636
NAM,ナミビア,SP.POP.GROW,2016,2.69727890929136
NAM,ナミビア,SP.POP.GROW,2017,2.73527353433315
NAM,ナミビア,SP.POP.GROW,2018,2.77246337174234
NAM,ナミビア,SP.POP.GROW,2019,2.79932223646079
NAM,ナミビア,SP.POP.GROW,2020,2.91019887709682
NAM,ナミビア,SP.POP.GROW,2021,2.95314556354467
NAM,ナミビア,SP.POP.GROW,2022,2.77600581415178
NAM,ナミビア,SP.POP.GROW,2023,2.50947899094054
NAM,ナミビア,SP.POP.GROW,2024,2.23715227334598
NER,ニジェール,SP.POP.GROW,2000,3.46716382832898
NER,ニジェール,SP.POP.GROW,2001,3.50878624306039
NER,ニジェール,SP.POP.GROW,2002,3.53148102432579
NER,ニジェール,SP.POP.GROW,2003,3.5622769230714
NER,ニジェール,SP.POP.GROW,2004,3.59824904350361
NER,ニジェール,SP.POP.GROW,2005,3.62970414217364
NER,ニジェール,SP.POP.GROW,2006,3.65709371425878
NER,ニジェール,SP.POP.GROW,2007,3.68110827846052
NER,ニジェール,SP.POP.GROW,2008,3.70203244818704
NER,ニジェール,SP.POP.GROW,2009,3.71708044318123
NER,ニジェール,SP.POP.GROW,2010,3.72535077368531
NER,ニジェール,SP.POP.GROW,2011,3.72138303234104
NER,ニジェール,SP.POP.GROW,2012,3.77324639644684
NER,ニジェール,SP.POP.GROW,2013,3.75837207594511
NER,ニジェール,SP.POP.GROW,2014,3.6892808045974
NER,ニジェール,SP.POP.GROW,2015,3.69640590007582
NER,ニジェール,SP.POP.GROW,2016,3.67426137513091
NER,ニジェール,SP.POP.GROW,2017,3.56007044831691
NER,ニジェール,SP.POP.GROW,2018,3.45088050525461
NER,ニジェール,SP.POP.GROW,2019,3.36654855482346
NER,ニジェール,SP.POP.GROW,2020,3.29977391625444
NER,ニジェール,SP.POP.GROW,2021,3.25425239869281
NER,ニジェール,SP.POP.GROW,2022,3.25170642220024
NER,ニジェール,SP.POP.GROW,2023,3.29489175812772
NER,ニジェール,SP.POP.GROW,2024,3.28101480132484
NGA,ナイジェリア,SP.POP.GROW,2000,2.67439784501828
NGA,ナイジェリア,SP.POP.GROW,2001,2.7163954653619
NGA,ナイジェリア,SP.POP.GROW,2002,2.74147056608815
NGA,ナイジェリア,SP.POP.GROW,2003,2.75673506428828
NGA,ナイジェリア,SP.POP.GROW,2004,2.77053967849452
NGA,ナイジェリア,SP.POP.GROW,2005,2.76883385211034
NGA,ナイジェリア,SP.POP.GROW,2006,2.76124698861505
NGA,ナイジェリア,SP.POP.GROW,2007,2.77180099910734
NGA,ナイジェリア,SP.POP.GROW,2008,2.78453384410814
NGA,ナイジェリア,SP.POP.GROW,2009,2.78730820935027
NGA,ナイジェリア,SP.POP.GROW,2010,2.795149361277
NGA,ナイジェリア,SP.POP.GROW,2011,2.80278519998649
NGA,ナイジェリア,SP.POP.GROW,2012,2.77422930277333
NGA,ナイジェリア,SP.POP.GROW,2013,2.71468991073627
NGA,ナイジェリア,SP.POP.GROW,2014,2.64221399374699
NGA,ナイジェリア,SP.POP.GROW,2015,2.53617348598208
NGA,ナイジェリア,SP.POP.GROW,2016,2.47183239057048
NGA,ナイジェリア,SP.POP.GROW,2017,2.43170936923065
NGA,ナイジェリア,SP.POP.GROW,2018,2.31217263003389
NGA,ナイジェリア,SP.POP.GROW,2019,2.1944019229433
NGA,ナイジェリア,SP.POP.GROW,2020,2.13029714344341
NGA,ナイジェリア,SP.POP.GROW,2021,2.09618685225463
NGA,ナイジェリア,SP.POP.GROW,2022,2.09281687128387
NGA,ナイジェリア,SP.POP.GROW,2023,2.09838916935738
NGA,ナイジェリア,SP.POP.GROW,2024,2.08297776184189
RWA,ルワンダ,SP.POP.GROW,2000,0.806991709703052
RWA,ルワンダ,SP.POP.GROW,2001,0.886774966312804
RWA,ルワンダ,SP.POP.GROW,2002,1.35537693210796
RWA,ルワンダ,SP.POP.GROW,2003,2.19817405049677
RWA,ルワンダ,SP.POP.GROW,2004,2.6429108159401
RWA,ルワンダ,SP.POP.GROW,2005,2.66009812240039
RWA,ルワンダ,SP.POP.GROW,2006,2.66683575241351
RWA,ルワンダ,SP.POP.GROW,2007,2.66008171576066
RWA,ルワンダ,SP.POP.GROW,2008,2.62837643087324
RWA,ルワンダ,SP.POP.GROW,2009,2.57922030255665
RWA,ルワンダ,SP.POP.GROW,2010,2.52365134392041
RWA,ルワンダ,SP.POP.GROW,2011,2.45262873450153
RWA,ルワンダ,SP.POP.GROW,2012,2.39380128171382
RWA,ルワンダ,SP.POP.GROW,2013,2.40340085493768
RWA,ルワンダ,SP.POP.GROW,2014,2.41721473954366
RWA,ルワンダ,SP.POP.GROW,2015,2.39322566941773
RWA,ルワンダ,SP.POP.GROW,2016,2.36997866838859
RWA,ルワンダ,SP.POP.GROW,2017,2.34556709244995
RWA,ルワンダ,SP.POP.GROW,2018,2.31630729613291
RWA,ルワンダ,SP.POP.GROW,2019,2.28086099658628
RWA,ルワンダ,SP.POP.GROW,2020,2.24244883430144
RWA,ルワンダ,SP.POP.GROW,2021,2.1909353521865
RWA,ルワンダ,SP.POP.GROW,2022,2.19046619232976
RWA,ルワンダ,SP.POP.GROW,2023,2.1984982050137
RWA,ルワンダ,SP.POP.GROW,2024,2.14176839550509
SDN,スーダン,SP.POP.GROW,2000,2.49754561643296
SDN,スーダン,SP.POP.GROW,2001,2.48541577821616
SDN,スーダン,SP.POP.GROW,2002,2.46596917532427
SDN,スーダン,SP.POP.GROW,2003,2.25738358789851
SDN,スーダン,SP.POP.GROW,2004,2.18560495236388
SDN,スーダン,SP.POP.GROW,2005,2.28355924873297
SDN,スーダン,SP.POP.GROW,2006,2.30819636827177
SDN,スーダン,SP.POP.GROW,2007,2.38350034195252
SDN,スーダン,SP.POP.GROW,2008,2.59050308685206
SDN,スーダン,SP.POP.GROW,2009,2.77210926299041
SDN,スーダン,SP.POP.GROW,2010,2.41578933319134
SDN,スーダン,SP.POP.GROW,2011,2.0304098222439
SDN,スーダン,SP.POP.GROW,2012,2.14168968629865
SDN,スーダン,SP.POP.GROW,2013,2.30951835174238
SDN,スーダン,SP.POP.GROW,2014,2.70863780408064
SDN,スーダン,SP.POP.GROW,2015,3.04689971719172
SDN,スーダン,SP.POP.GROW,2016,3.04008474256183
SDN,スーダン,SP.POP.GROW,2017,3.46430091592296
SDN,スーダン,SP.POP.GROW,2018,3.48828675547566
SDN,スーダン,SP.POP.GROW,2019,2.93537902352139
SDN,スーダン,SP.POP.GROW,2020,2.6882512565735
SDN,スーダン,SP.POP.GROW,2021,2.6941220236505
SDN,スーダン,SP.POP.GROW,2022,2.70189520043666
SDN,スーダン,SP.POP.GROW,2023,1.32652175747925
SDN,スーダン,SP.POP.GROW,2024,0.808373216038761
SEN,セネガル,SP.POP.GROW,2000,2.41009917724256
SEN,セネガル,SP.POP.GROW,2001,2.42496943712898
SEN,セネガル,SP.POP.GROW,2002,2.44966153599012
SEN,セネガル,SP.POP.GROW,2003,2.40684962152091
SEN,セネガル,SP.POP.GROW,2004,2.34632515714346
SEN,セネガル,SP.POP.GROW,2005,2.33918136359556
SEN,セネガル,SP.POP.GROW,2006,2.32792929230269
SEN,セネガル,SP.POP.GROW,2007,2.32279384441662
SEN,セネガル,SP.POP.GROW,2008,2.3395118470328
SEN,セネガル,SP.POP.GROW,2009,2.36561415953051
SEN,セネガル,SP.POP.GROW,2010,2.38690195279185
SEN,セネガル,SP.POP.GROW,2011,2.52791519909846
SEN,セネガル,SP.POP.GROW,2012,2.67702425205872
SEN,セネガル,SP.POP.GROW,2013,2.96345954605318
SEN,セネガル,SP.POP.GROW,2014,3.16757470346908
SEN,セネガル,SP.POP.GROW,2015,3.07014792428801
SEN,セネガル,SP.POP.GROW,2016,2.97843134010735
SEN,セネガル,SP.POP.GROW,2017,2.88769908740551
SEN,セネガル,SP.POP.GROW,2018,2.8004569855314
SEN,セネガル,SP.POP.GROW,2019,2.71760793051867
SEN,セネガル,SP.POP.GROW,2020,2.63303572524896
SEN,セネガル,SP.POP.GROW,2021,2.53848919398481
SEN,セネガル,SP.POP.GROW,2022,2.46764281803509
SEN,セネガル,SP.POP.GROW,2023,2.38738348832592
SEN,セネガル,SP.POP.GROW,2024,2.32058603495657
SLE,シエラレオネ,SP.POP.GROW,2000,2.41540405213567
SLE,シエラレオネ,SP.POP.GROW,2001,5.90551884410875
SLE,シエラレオネ,SP.POP.GROW,2002,5.76970115082171
SLE,シエラレオネ,SP.POP.GROW,2003,4.06499006251213
SLE,シエラレオネ,SP.POP.GROW,2004,3.38061570413438
SLE,シエラレオネ,SP.POP.GROW,2005,2.68947280362006
SLE,シエラレオネ,SP.POP.GROW,2006,2.2066693720303
SLE,シエラレオネ,SP.POP.GROW,2007,2.19611425557566
SLE,シエラレオネ,SP.POP.GROW,2008,2.49702214618885
SLE,シエラレオネ,SP.POP.GROW,2009,2.69336857329164
SLE,シエラレオネ,SP.POP.GROW,2010,2.72150859888002
SLE,シエラレオネ,SP.POP.GROW,2011,2.60978263924562
SLE,シエラレオネ,SP.POP.GROW,2012,2.53259491687101
SLE,シエラレオネ,SP.POP.GROW,2013,2.45725730456865
SLE,シエラレオネ,SP.POP.GROW,2014,2.38905832119365
SLE,シエラレオネ,SP.POP.GROW,2015,2.31819402812025
SLE,シエラレオネ,SP.POP.GROW,2016,2.35457342669593
SLE,シエラレオネ,SP.POP.GROW,2017,2.38578952940087
SLE,シエラレオネ,SP.POP.GROW,2018,2.34731039123252
SLE,シエラレオネ,SP.POP.GROW,2019,2.32146457882717
SLE,シエラレオネ,SP.POP.GROW,2020,2.30847202655897
SLE,シエラレオネ,SP.POP.GROW,2021,2.27463021517533
SLE,シエラレオネ,SP.POP.GROW,2022,2.22598462352813
SLE,シエラレオネ,SP.POP.GROW,2023,2.19524258771884
SLE,シエラレオネ,SP.POP.GROW,2024,2.1226891332086
SOM,ソマリア,SP.POP.GROW,2000,4.00097862828906
SOM,ソマリア,SP.POP.GROW,2001,3.98983884745091
SOM,ソマリア,SP.POP.GROW,2002,3.75080850397474
SOM,ソマリア,SP.POP.GROW,2003,3.69115278037828
SOM,ソマリア,SP.POP.GROW,2004,3.68380578936556
SOM,ソマリア,SP.POP.GROW,2005,3.47204363776718
SOM,ソマリア,SP.POP.GROW,2006,3.06479248294565
SOM,ソマリア,SP.POP.GROW,2007,3.11334404047468
SOM,ソマリア,SP.POP.GROW,2008,2.96295013077131
SOM,ソマリア,SP.POP.GROW,2009,2.52395215945852
SOM,ソマリア,SP.POP.GROW,2010,2.48169887268086
SOM,ソマリア,SP.POP.GROW,2011,0.707617147612372
SOM,ソマリア,SP.POP.GROW,2012,0.905528519522503
SOM,ソマリア,SP.POP.GROW,2013,3.22508679396084
SOM,ソマリア,SP.POP.GROW,2014,3.58614089585868
SOM,ソマリア,SP.POP.GROW,2015,3.44441462928404
SOM,ソマリア,SP.POP.GROW,2016,3.8489103342184
SOM,ソマリア,SP.POP.GROW,2017,3.88144974373944
SOM,ソマリア,SP.POP.GROW,2018,3.52933303532182
SOM,ソマリア,SP.POP.GROW,2019,3.67525774477084
SOM,ソマリア,SP.POP.GROW,2020,3.79592066888979
SOM,ソマリア,SP.POP.GROW,2021,3.65720037777736
SOM,ソマリア,SP.POP.GROW,2022,3.0251275475745
SOM,ソマリア,SP.POP.GROW,2023,3.07939219638342
SOM,ソマリア,SP.POP.GROW,2024,3.48215481810475
SSD,南スーダン,SP.POP.GROW,2000,4.41687038815206
SSD,南スーダン,SP.POP.GROW,2001,4.47577583092792
SSD,南スーダン,SP.POP.GROW,2002,4.47049405409342
SSD,南スーダン,SP.POP.GROW,2003,4.53889048481808
SSD,南スーダン,SP.POP.GROW,2004,4.66850589649025
SSD,南スーダン,SP.POP.GROW,2005,4.81908754947047
SSD,南スーダン,SP.POP.GROW,2006,4.96525465188372
SSD,南スーダン,SP.POP.GROW,2007,5.03930740277703
SSD,南スーダン,SP.POP.GROW,2008,4.98590020248472
SSD,南スーダン,SP.POP.GROW,2009,4.71716057220357
SSD,南スーダン,SP.POP.GROW,2010,5.29254618151503
SSD,南スーダン,SP.POP.GROW,2011,5.41366403885379
SSD,南スーダン,SP.POP.GROW,2012,4.44972889782953
SSD,南スーダン,SP.POP.GROW,2013,3.74120236356755
SSD,南スーダン,SP.POP.GROW,2014,0.614232824755906
SSD,南スーダン,SP.POP.GROW,2015,-1.14143555707987
SSD,南スーダン,SP.POP.GROW,2016,-2.52965683465808
SSD,南スーダン,SP.POP.GROW,2017,-5.41590990485178
SSD,南スーダン,SP.POP.GROW,2018,-1.33625896422837
SSD,南スーダン,SP.POP.GROW,2019,2.92439531185626
SSD,南スーダン,SP.POP.GROW,2020,2.60487164966918
SSD,南スーダン,SP.POP.GROW,2021,1.55179411079181
SSD,南スーダン,SP.POP.GROW,2022,1.42002025455897
SSD,南スーダン,SP.POP.GROW,2023,4.10816463205266
SSD,南スーダン,SP.POP.GROW,2024,3.92792442239756
STP,サントメ・プリンシペ,SP.POP.GROW,2000,1.10033924534294
STP,サントメ・プリンシペ,SP.POP.GROW,2001,1.62335301537299
STP,サントメ・プリンシペ,SP.POP.GROW,2002,2.39433369314868
STP,サントメ・プリンシペ,SP.POP.GROW,2003,2.56289213876339
STP,サントメ・プリンシペ,SP.POP.GROW,2004,2.49821189998236
STP,サントメ・プリンシペ,SP.POP.GROW,2005,2.46392543668319
STP,サントメ・プリンシペ,SP.POP.GROW,2006,2.44392306226435
STP,サントメ・プリンシペ,SP.POP.GROW,2007,2.42274880138795
STP,サントメ・プリンシペ,SP.POP.GROW,2008,2.38327636004872
STP,サントメ・プリンシペ,SP.POP.GROW,2009,2.30924305588459
STP,サントメ・プリンシペ,SP.POP.GROW,2010,2.1960816383463
STP,サントメ・プリンシペ,SP.POP.GROW,2011,2.09396113456698
STP,サントメ・プリンシペ,SP.POP.GROW,2012,2.02092788368455
STP,サントメ・プリンシペ,SP.POP.GROW,2013,1.93896614465408
STP,サントメ・プリンシペ,SP.POP.GROW,2014,1.85635532189371
STP,サントメ・プリンシペ,SP.POP.GROW,2015,1.77510214302047
STP,サントメ・プリンシペ,SP.POP.GROW,2016,1.6823011731644
STP,サントメ・プリンシペ,SP.POP.GROW,2017,1.59795344333085
STP,サントメ・プリンシペ,SP.POP.GROW,2018,1.54237554431048
STP,サントメ・プリンシペ,SP.POP.GROW,2019,1.51332392108067
STP,サントメ・プリンシペ,SP.POP.GROW,2020,1.87691054092554
STP,サントメ・プリンシペ,SP.POP.GROW,2021,2.06017354745306
STP,サントメ・プリンシペ,SP.POP.GROW,2022,1.93819561963228
STP,サントメ・プリンシペ,SP.POP.GROW,2023,1.99754660166419
STP,サントメ・プリンシペ,SP.POP.GROW,2024,2.0004655038868
SWZ,エスワティニ,SP.POP.GROW,2000,1.02616676195214
SWZ,エスワティニ,SP.POP.GROW,2001,0.922357932930459
SWZ,エスワティニ,SP.POP.GROW,2002,0.793842610388924
SWZ,エスワティニ,SP.POP.GROW,2003,0.682836011828583
SWZ,エスワティニ,SP.POP.GROW,2004,0.603686468671865
SWZ,エスワティニ,SP.POP.GROW,2005,0.544843998142576
SWZ,エスワティニ,SP.POP.GROW,2006,0.500496085577333
SWZ,エスワティニ,SP.POP.GROW,2007,0.576423998080883
SWZ,エスワティニ,SP.POP.GROW,2008,0.6748941459051
SWZ,エスワティニ,SP.POP.GROW,2009,0.6410569310186
SWZ,エスワティニ,SP.POP.GROW,2010,0.586161116007687
SWZ,エスワティニ,SP.POP.GROW,2011,0.554659161024556
SWZ,エスワティニ,SP.POP.GROW,2012,0.537986822820009
SWZ,エスワティニ,SP.POP.GROW,2013,0.54369252057836
SWZ,エスワティニ,SP.POP.GROW,2014,0.556770676458685
SWZ,エスワティニ,SP.POP.GROW,2015,0.57162769864017
SWZ,エスワティニ,SP.POP.GROW,2016,0.584038792817515
SWZ,エスワティニ,SP.POP.GROW,2017,0.752960394981198
SWZ,エスワティニ,SP.POP.GROW,2018,0.922518621738631
SWZ,エスワティニ,SP.POP.GROW,2019,0.931970814127083
SWZ,エスワティニ,SP.POP.GROW,2020,1.0836305772053
SWZ,エスワティニ,SP.POP.GROW,2021,1.15567266949473
SWZ,エスワティニ,SP.POP.GROW,2022,1.01620740015869
SWZ,エスワティニ,SP.POP.GROW,2023,0.946270731993531
SWZ,エスワティニ,SP.POP.GROW,2024,0.995913343966098
SYC,セーシェル,SP.POP.GROW,2000,0.892658566766174
SYC,セーシェル,SP.POP.GROW,2001,0.0874745178458057
SYC,セーシェル,SP.POP.GROW,2002,3.05738532610948
SYC,セーシェル,SP.POP.GROW,2003,-1.13151642070391
SYC,セーシェル,SP.POP.GROW,2004,-0.370334934558794
SYC,セーシェル,SP.POP.GROW,2005,0.463308214458562
SYC,セーシェル,SP.POP.GROW,2006,2.0805967352947
SYC,セーシェル,SP.POP.GROW,2007,0.510514982843497
SYC,セーシェル,SP.POP.GROW,2008,2.23628271543202
SYC,セーシェル,SP.POP.GROW,2009,0.39253094807516
SYC,セーシェル,SP.POP.GROW,2010,2.79232906929128
SYC,セーシェル,SP.POP.GROW,2011,-2.62865635521684
SYC,セーシェル,SP.POP.GROW,2012,0.980980190128322
SYC,セーシェル,SP.POP.GROW,2013,1.84687609296508
SYC,セーシェル,SP.POP.GROW,2014,1.55539570911507
SYC,セーシェル,SP.POP.GROW,2015,2.22979505321923
SYC,セーシェル,SP.POP.GROW,2016,1.33763477950025
SYC,セーシェル,SP.POP.GROW,2017,1.22403375818123
SYC,セーシェル,SP.POP.GROW,2018,0.954291917891324
SYC,セーシェル,SP.POP.GROW,2019,0.887925293341637
SYC,セーシェル,SP.POP.GROW,2020,0.853707878128979
SYC,セーシェル,SP.POP.GROW,2021,0.805183391179401
SYC,セーシェル,SP.POP.GROW,2022,
SYC,セーシェル,SP.POP.GROW,2023,-0.0876274304874622
SYC,セーシェル,SP.POP.GROW,2024,1.31136094801067
TCD,チャド,SP.POP.GROW,2000,3.45886279310456
TCD,チャド,SP.POP.GROW,2001,3.3732389780589
TCD,チャド,SP.POP.GROW,2002,3.48319249588089
TCD,チャド,SP.POP.GROW,2003,3.9958067889148
TCD,チャド,SP.POP.GROW,2004,4.4546309402426
TCD,チャド,SP.POP.GROW,2005,4.03110110056051
TCD,チャド,SP.POP.GROW,2006,3.59763738193098
TCD,チャド,SP.POP.GROW,2007,3.44475544445336
TCD,チャド,SP.POP.GROW,2008,3.49922011538019
TCD,チャド,SP.POP.GROW,2009,3.57296976276489
TCD,チャド,SP.POP.GROW,2010,3.46077094768596
TCD,チャド,SP.POP.GROW,2011,3.53020185416521
TCD,チャド,SP.POP.GROW,2012,3.51265481153462
TCD,チャド,SP.POP.GROW,2013,3.5694788341769
TCD,チャド,SP.POP.GROW,2014,3.56998697827762
TCD,チャド,SP.POP.GROW,2015,3.18336105662872
TCD,チャド,SP.POP.GROW,2016,3.13868697646131
TCD,チャド,SP.POP.GROW,2017,3.30639583736028
TCD,チャド,SP.POP.GROW,2018,3.35956028710956
TCD,チャド,SP.POP.GROW,2019,3.21991132048391
TCD,チャド,SP.POP.GROW,2020,3.18197036099619
TCD,チャド,SP.POP.GROW,2021,3.44423869357111
TCD,チャド,SP.POP.GROW,2022,3.45668911084691
TCD,チャド,SP.POP.GROW,2023,4.57399213394625
TCD,チャド,SP.POP.GROW,2024,4.94853027382671
TGO,トーゴ,SP.POP.GROW,2000,2.49694541999729
TGO,トーゴ,SP.POP.GROW,2001,2.48616573955035
TGO,トーゴ,SP.POP.GROW,2002,2.47686827426846
TGO,トーゴ,SP.POP.GROW,2003,2.49455979585183
TGO,トーゴ,SP.POP.GROW,2004,2.43812237847062
TGO,トーゴ,SP.POP.GROW,2005,2.465585096448
TGO,トーゴ,SP.POP.GROW,2006,2.85028115220356
TGO,トーゴ,SP.POP.GROW,2007,3.15943065724402
TGO,トーゴ,SP.POP.GROW,2008,3.21297180409526
TGO,トーゴ,SP.POP.GROW,2009,3.22903074698961
TGO,トーゴ,SP.POP.GROW,2010,3.12855507905751
TGO,トーゴ,SP.POP.GROW,2011,2.72570995210441
TGO,トーゴ,SP.POP.GROW,2012,2.32840848204104
TGO,トーゴ,SP.POP.GROW,2013,2.15773898903495
TGO,トーゴ,SP.POP.GROW,2014,2.02090495483301
TGO,トーゴ,SP.POP.GROW,2015,1.91106686899123
TGO,トーゴ,SP.POP.GROW,2016,1.81308919594096
TGO,トーゴ,SP.POP.GROW,2017,1.70055326010166
TGO,トーゴ,SP.POP.GROW,2018,1.81055738571426
TGO,トーゴ,SP.POP.GROW,2019,2.14516244090598
TGO,トーゴ,SP.POP.GROW,2020,2.18244940997049
TGO,トーゴ,SP.POP.GROW,2021,1.88405259258743
TGO,トーゴ,SP.POP.GROW,2022,1.65504210377245
TGO,トーゴ,SP.POP.GROW,2023,1.90565010531245
TGO,トーゴ,SP.POP.GROW,2024,2.197364628925
TUN,チュニジア,SP.POP.GROW,2000,1.12222559070037
TUN,チュニジア,SP.POP.GROW,2001,1.06692195988269
TUN,チュニジア,SP.POP.GROW,2002,1.02654008179225
TUN,チュニジア,SP.POP.GROW,2003,0.999023084325491
TUN,チュニジア,SP.POP.GROW,2004,0.934209359397325
TUN,チュニジア,SP.POP.GROW,2005,0.874656405933051
TUN,チュニジア,SP.POP.GROW,2006,0.8828182844401
TUN,チュニジア,SP.POP.GROW,2007,0.916799634880203
TUN,チュニジア,SP.POP.GROW,2008,0.961991588143559
TUN,チュニジア,SP.POP.GROW,2009,1.01963219046734
TUN,チュニジア,SP.POP.GROW,2010,1.07673286637757
TUN,チュニジア,SP.POP.GROW,2011,1.10896127086771
TUN,チュニジア,SP.POP.GROW,2012,1.12911133130148
TUN,チュニジア,SP.POP.GROW,2013,1.18925109300243
TUN,チュニジア,SP.POP.GROW,2014,1.18603354474404
TUN,チュニジア,SP.POP.GROW,2015,1.12871973379756
TUN,チュニジア,SP.POP.GROW,2016,1.10253911569433
TUN,チュニジア,SP.POP.GROW,2017,1.05116025482594
TUN,チュニジア,SP.POP.GROW,2018,0.982378425356264
TUN,チュニジア,SP.POP.GROW,2019,0.926946081730267
TUN,チュニジア,SP.POP.GROW,2020,0.830022185577052
TUN,チュニジア,SP.POP.GROW,2021,0.620790374510459
TUN,チュニジア,SP.POP.GROW,2022,0.585173208533683
TUN,チュニジア,SP.POP.GROW,2023,0.666925034776371
TUN,チュニジア,SP.POP.GROW,2024,0.626519256572759
TZA,タンザニア,SP.POP.GROW,2000,2.84152432501121
TZA,タンザニア,SP.POP.GROW,2001,2.70152074754623
TZA,タンザニア,SP.POP.GROW,2002,2.58850722069614
TZA,タンザニア,SP.POP.GROW,2003,2.64525638066994
TZA,タンザニア,SP.POP.GROW,2004,2.71326096371365
TZA,タンザニア,SP.POP.GROW,2005,2.77513941065557
TZA,タンザニア,SP.POP.GROW,2006,2.80055623798532
TZA,タンザニア,SP.POP.GROW,2007,2.79133312179469
TZA,タンザニア,SP.POP.GROW,2008,2.70285900109119
TZA,タンザニア,SP.POP.GROW,2009,2.46693695085578
TZA,タンザニア,SP.POP.GROW,2010,2.54448522649017
TZA,タンザニア,SP.POP.GROW,2011,2.79985031213535
TZA,タンザニア,SP.POP.GROW,2012,2.8799437394168
TZA,タンザニア,SP.POP.GROW,2013,3.01455736724095
TZA,タンザニア,SP.POP.GROW,2014,3.08040316049107
TZA,タンザニア,SP.POP.GROW,2015,3.26181042317192
TZA,タンザニア,SP.POP.GROW,2016,3.40729531415315
TZA,タンザニア,SP.POP.GROW,2017,3.3414302210835
TZA,タンザニア,SP.POP.GROW,2018,3.15572113764533
TZA,タンザニア,SP.POP.GROW,2019,2.98060939385811
TZA,タンザニア,SP.POP.GROW,2020,2.99305168844906
TZA,タンザニア,SP.POP.GROW,2021,3.00113934816488
TZA,タンザニア,SP.POP.GROW,2022,2.95046658393064
TZA,タンザニア,SP.POP.GROW,2023,2.90250073555304
TZA,タンザニア,SP.POP.GROW,2024,2.87426672866542
UGA,ウガンダ,SP.POP.GROW,2000,3.14418360294887
UGA,ウガンダ,SP.POP.GROW,2001,3.05906863525199
UGA,ウガンダ,SP.POP.GROW,2002,3.13158750187579
UGA,ウガンダ,SP.POP.GROW,2003,3.15822372497188
UGA,ウガンダ,SP.POP.GROW,2004,2.99944519470383
UGA,ウガンダ,SP.POP.GROW,2005,2.93492118829227
UGA,ウガンダ,SP.POP.GROW,2006,2.92745935131587
UGA,ウガンダ,SP.POP.GROW,2007,2.94106654284048
UGA,ウガンダ,SP.POP.GROW,2008,2.9444861420196
UGA,ウガンダ,SP.POP.GROW,2009,2.94129171098808
UGA,ウガンダ,SP.POP.GROW,2010,2.9438913354304
UGA,ウガンダ,SP.POP.GROW,2011,2.93194913680129
UGA,ウガンダ,SP.POP.GROW,2012,2.90422608403173
UGA,ウガンダ,SP.POP.GROW,2013,2.86955163863091
UGA,ウガンダ,SP.POP.GROW,2014,2.95144499872136
UGA,ウガンダ,SP.POP.GROW,2015,3.07329293941893
UGA,ウガンダ,SP.POP.GROW,2016,3.32192491389275
UGA,ウガンダ,SP.POP.GROW,2017,3.49059590870242
UGA,ウガンダ,SP.POP.GROW,2018,3.39741097582772
UGA,ウガンダ,SP.POP.GROW,2019,3.39132142318772
UGA,ウガンダ,SP.POP.GROW,2020,3.33341751069644
UGA,ウガンダ,SP.POP.GROW,2021,3.21773661761443
UGA,ウガンダ,SP.POP.GROW,2022,3.00759449042677
UGA,ウガンダ,SP.POP.GROW,2023,2.80083228962433
UGA,ウガンダ,SP.POP.GROW,2024,2.75373170025335
ZAF,南アフリカ共和国,SP.POP.GROW,2000,0.914659168313889
ZAF,南アフリカ共和国,SP.POP.GROW,2001,0.859492168208101
ZAF,南アフリカ共和国,SP.POP.GROW,2002,0.947036940076663
ZAF,南アフリカ共和国,SP.POP.GROW,2003,0.996556488051653
ZAF,南アフリカ共和国,SP.POP.GROW,2004,1.00742279739678
ZAF,南アフリカ共和国,SP.POP.GROW,2005,1.01260946155511
ZAF,南アフリカ共和国,SP.POP.GROW,2006,1.02172490694402
ZAF,南アフリカ共和国,SP.POP.GROW,2007,1.05506511201209
ZAF,南アフリカ共和国,SP.POP.GROW,2008,1.15309551684298
ZAF,南アフリカ共和国,SP.POP.GROW,2009,1.19390450655684
ZAF,南アフリカ共和国,SP.POP.GROW,2010,1.1829095702162
ZAF,南アフリカ共和国,SP.POP.GROW,2011,1.23631458705301
ZAF,南アフリカ共和国,SP.POP.GROW,2012,1.47479434391075
ZAF,南アフリカ共和国,SP.POP.GROW,2013,1.65265199501405
ZAF,南アフリカ共和国,SP.POP.GROW,2014,1.66144540694123
ZAF,南アフリカ共和国,SP.POP.GROW,2015,2.00988840160514
ZAF,南アフリカ共和国,SP.POP.GROW,2016,0.940521897823675
ZAF,南アフリカ共和国,SP.POP.GROW,2017,0.653837462693277
ZAF,南アフリカ共和国,SP.POP.GROW,2018,1.68236992028419
ZAF,南アフリカ共和国,SP.POP.GROW,2019,1.64957495527878
ZAF,南アフリカ共和国,SP.POP.GROW,2020,1.62216431400652
ZAF,南アフリカ共和国,SP.POP.GROW,2021,1.54055743832642
ZAF,南アフリカ共和国,SP.POP.GROW,2022,1.41397227960081
ZAF,南アフリカ共和国,SP.POP.GROW,2023,1.32810094082844
ZAF,南アフリカ共和国,SP.POP.GROW,2024,1.24951426055192
ZMB,ザンビア,SP.POP.GROW,2000,2.8105009556372
ZMB,ザンビア,SP.POP.GROW,2001,3.02394158044151
ZMB,ザンビア,SP.POP.GROW,2002,3.07812350873629
ZMB,ザンビア,SP.POP.GROW,2003,3.10355045228564
ZMB,ザンビア,SP.POP.GROW,2004,3.17745831747123
ZMB,ザンビア,SP.POP.GROW,2005,3.30186320062968
ZMB,ザンビア,SP.POP.GROW,2006,3.44488603404196
ZMB,ザンビア,SP.POP.GROW,2007,3.52770643018252
ZMB,ザンビア,SP.POP.GROW,2008,3.56663855229215
ZMB,ザンビア,SP.POP.GROW,2009,3.53891846603377
ZMB,ザンビア,SP.POP.GROW,2010,3.46192274224024
ZMB,ザンビア,SP.POP.GROW,2011,3.32527568350911
ZMB,ザンビア,SP.POP.GROW,2012,3.24260026203654
ZMB,ザンビア,SP.POP.GROW,2013,3.20268845716982
ZMB,ザンビア,SP.POP.GROW,2014,3.17220342906789
ZMB,ザンビア,SP.POP.GROW,2015,3.12013727876838
ZMB,ザンビア,SP.POP.GROW,2016,3.09409054089327
ZMB,ザンビア,SP.POP.GROW,2017,3.06754137743233
ZMB,ザンビア,SP.POP.GROW,2018,3.0060186177754
ZMB,ザンビア,SP.POP.GROW,2019,2.96162166175699
ZMB,ザンビア,SP.POP.GROW,2020,2.9041649369132
ZMB,ザンビア,SP.POP.GROW,2021,2.81534240626742
ZMB,ザンビア,SP.POP.GROW,2022,2.76365042984169
ZMB,ザンビア,SP.POP.GROW,2023,2.79406758723844
ZMB,ザンビア,SP.POP.GROW,2024,2.81182258530958
ZWE,ジンバブエ,SP.POP.GROW,2000,0.917384654947152
ZWE,ジンバブエ,SP.POP.GROW,2001,0.669179057812887
ZWE,ジンバブエ,SP.POP.GROW,2002,0.962219774230462
ZWE,ジンバブエ,SP.POP.GROW,2003,1.18973560223894
ZWE,ジンバブエ,SP.POP.GROW,2004,1.08604865181957
ZWE,ジンバブエ,SP.POP.GROW,2005,0.945996419158278
ZWE,ジンバブエ,SP.POP.GROW,2006,1.21827740248004
ZWE,ジンバブエ,SP.POP.GROW,2007,1.3177052771271
ZWE,ジンバブエ,SP.POP.GROW,2008,1.20398732561507
ZWE,ジンバブエ,SP.POP.GROW,2009,1.40712940970909
ZWE,ジンバブエ,SP.POP.GROW,2010,1.61334322032425
ZWE,ジンバブエ,SP.POP.GROW,2011,1.7726514046574
ZWE,ジンバブエ,SP.POP.GROW,2012,1.62306467591426
ZWE,ジンバブエ,SP.POP.GROW,2013,1.40792169753746
ZWE,ジンバブエ,SP.POP.GROW,2014,1.37169405347957
ZWE,ジンバブエ,SP.POP.GROW,2015,1.3399592762046
ZWE,ジンバブエ,SP.POP.GROW,2016,1.38820029316449
ZWE,ジンバブエ,SP.POP.GROW,2017,1.44285382068925
ZWE,ジンバブエ,SP.POP.GROW,2018,1.48741637841697
ZWE,ジンバブエ,SP.POP.GROW,2019,1.56353351552455
ZWE,ジンバブエ,SP.POP.GROW,2020,1.65935280874134
ZWE,ジンバブエ,SP.POP.GROW,2021,1.72601114303872
ZWE,ジンバブエ,SP.POP.GROW,2022,1.7062092862652
ZWE,ジンバブエ,SP.POP.GROW,2023,1.67709591394986
ZWE,ジンバブエ,SP.POP.GROW,2024,1.7804822981922
