{"type":"FeatureCollection","bbox":[-27,-36,64,39],"features":[{"type":"Feature","id":"contour-200","properties":{"id":"contour-200","elevationM":200,"source":"ETOPO 2022 derived display DEM"},"geometry":{"type":"MultiLineString","coordinates":[[[6.521875,36.95],[6.544422,36.85],[6.55,36.838618],[6.616667,36.85],[6.65,36.869444],[6.75,36.931333]],[[7.451136,36.95],[7.55,36.89759],[7.61124,36.85],[7.65,36.827273],[7.671552,36.85]],[[8.65,36.941892],[8.75,36.906452],[8.85,36.928165],[8.95,36.947531],[9.05,36.937069],[9.15,36.937075],[9.162838,36.95],[9.231818,37.05],[9.25,37.059195],[9.35,37.103374],[9.45,37.138095],[9.483945,37.05],[9.55,37.001351],[9.615517,36.95],[9.65,36.897368],[9.709016,36.85],[9.65,36.766279],[9.645906,36.75],[9.55,36.681381],[9.45,36.674038],[9.35,36.670202],[9.273077,36.65],[9.35,36.60122],[9.371649,36.55],[9.45,36.465556],[9.55,36.549333],[9.65,36.525676],[9.75,36.453226],[9.824074,36.55],[9.85,36.573596],[9.89375,36.55],[9.871739,36.45],[9.85,36.359091],[9.847222,36.35],[9.85,36.349462],[9.854348,36.35],[9.95,36.387931],[10.05,36.427005],[10.15,36.440449],[10.217932,36.35],[10.25,36.27963],[10.279091,36.25],[10.25,36.218932],[10.15,36.190323],[10.05,36.1692],[10.034713,36.15],[9.95,36.052206],[9.946296,36.05],[9.905479,35.95],[9.85,35.880172],[9.835477,35.85],[9.829452,35.75],[9.849153,35.65],[9.782759,35.55],[9.824,35.45],[9.833333,35.35],[9.85,35.328182],[9.893,35.25],[9.893678,35.15],[9.95,35.075758],[9.978814,35.05],[9.95,35.02069],[9.896053,34.95],[9.85,34.904545],[9.773636,34.85],[9.75,34.8175],[9.723786,34.75],[9.709184,34.65],[9.738889,34.55],[9.65,34.486255],[9.569469,34.45],[9.55,34.428431],[9.460112,34.35],[9.45,34.341818],[9.35,34.292197],[9.279126,34.25],[9.285294,34.15],[9.25,34.124194],[9.15,34.123333],[9.05,34.081694],[8.95,34.061111],[8.85,34.07809],[8.75,34.09902],[8.65,34.148361],[8.647436,34.15],[8.586893,34.25],[8.55,34.319091],[8.45,34.285468],[8.35,34.285567],[8.25,34.281203],[8.15,34.289941],[8.05,34.300689],[7.95,34.309011],[7.858661,34.35],[7.85,34.353274],[7.75,34.361164],[7.65,34.37899],[7.55,34.407459],[7.484188,34.45],[7.45,34.489604],[7.362857,34.55],[7.35,34.559474],[7.25,34.610227],[7.15,34.646471],[7.145161,34.65],[7.05,34.685119],[6.95,34.73125],[6.910377,34.75],[6.85,34.760224],[6.75,34.77526],[6.65,34.777606],[6.55,34.795977],[6.45,34.817797],[6.35,34.821667],[6.25,34.812656],[6.15,34.825],[6.05,34.826077],[5.95,34.838757],[5.928409,34.85],[5.85,34.882394],[5.75,34.916667],[5.65,34.921154],[5.590323,34.85],[5.55,34.821264],[5.469355,34.85],[5.508333,34.95],[5.45,34.956731],[5.424074,34.95],[5.445349,34.85],[5.358696,34.75],[5.35,34.747561],[5.25,34.715385],[5.15,34.692105],[5.075,34.65],[5.088235,34.55],[5.119565,34.45],[5.15,34.431579],[5.243939,34.35],[5.25,34.325],[5.26875,34.25],[5.294737,34.15],[5.343548,34.05],[5.35,34.025],[5.381579,33.95],[5.445,33.85],[5.45,33.827778],[5.480435,33.75],[5.45,33.703333],[5.432222,33.65],[5.447619,33.55],[5.442857,33.45],[5.35,33.417089],[5.25,33.438],[5.17,33.35],[5.16194,33.25],[5.171569,33.15],[5.221053,33.05],[5.15,32.970588],[5.115,32.95],[5.05,32.890909],[5.0125,32.85],[5.05,32.805],[5.15,32.85],[5.15,32.85],[5.15,32.85],[5.155882,32.75],[5.203659,32.65],[5.25,32.582143],[5.266981,32.55],[5.255556,32.45],[5.25,32.434615],[5.174138,32.35],[5.15,32.30625],[5.105,32.25],[5.144737,32.15],[5.05,32.083333],[5.026316,32.05],[5.05,32.022727],[5.120588,31.95],[5.15,31.914286],[5.181579,31.85],[5.208065,31.75],[5.15,31.709091],[5.05,31.6975],[4.95,31.696667],[4.893243,31.65],[4.85,31.577273],[4.81,31.55],[4.75,31.507143],[4.723333,31.45],[4.7375,31.35],[4.65,31.2625],[4.6375,31.25],[4.58125,31.15],[4.65,31.113333],[4.75,31.146154],[4.842593,31.05],[4.8,30.95],[4.75,30.892105],[4.711905,30.85],[4.696667,30.75],[4.6625,30.65],[4.7125,30.55],[4.75,30.516667],[4.85,30.491667],[4.95,30.523333],[5.0,30.55],[5.05,30.576667],[5.128571,30.65],[5.15,30.671429],[5.25,30.7],[5.35,30.683333],[5.45,30.67],[5.5,30.65],[5.55,30.625],[5.65,30.575],[5.75,30.59],[5.8,30.55],[5.85,30.53],[5.916667,30.55],[5.95,30.57],[6.05,30.607143],[6.15,30.605556],[6.25,30.578571],[6.35,30.566667],[6.45,30.583333],[6.55,30.55],[6.65,30.564286],[6.75,30.55],[6.85,30.578571],[6.95,30.564286],[7.05,30.566667],[7.15,30.55],[7.25,30.566667],[7.35,30.59],[7.45,30.616667],[7.55,30.638889],[7.6,30.65],[7.65,30.666667],[7.75,30.716667],[7.85,30.75],[7.85,30.75],[7.95,30.783333],[8.05,30.833333],[8.075,30.85],[8.15,30.9],[8.225,30.95],[8.25,30.975],[8.31,31.05],[8.35,31.09],[8.41,31.15],[8.45,31.216667],[8.466667,31.25],[8.516667,31.35],[8.55,31.416667],[8.566667,31.45],[8.616667,31.55],[8.65,31.616667],[8.666667,31.65],[8.73,31.75],[8.75,31.783333],[8.783333,31.85],[8.807143,31.95],[8.8375,32.05],[8.828571,32.15],[8.85,32.225],[8.854545,32.25],[8.885714,32.35],[8.942857,32.45],[8.95,32.459091],[9.033333,32.55],[9.05,32.57],[9.111538,32.65],[9.15,32.691667],[9.2,32.75],[9.25,32.79375],[9.30625,32.85],[9.35,32.89375],[9.425,32.95],[9.45,32.977273],[9.507143,33.05],[9.55,33.081579],[9.598148,33.15],[9.643939,33.25],[9.65,33.264286],[9.680769,33.35],[9.686765,33.45],[9.686364,33.55],[9.75,33.626562],[9.85,33.646914],[9.95,33.647619],[10.05,33.610694],[10.15,33.560714],[10.161321,33.55],[10.246789,33.45],[10.25,33.420833],[10.274638,33.35],[10.35,33.280667],[10.380667,33.25],[10.440625,33.15],[10.45,33.05],[10.45,33.05],[10.55,33.005],[10.60641,32.95],[10.646078,32.85],[10.65,32.828571],[10.676506,32.75],[10.65,32.69359],[10.623846,32.65],[10.588235,32.55],[10.55,32.463333],[10.545122,32.45],[10.55,32.442308],[10.642308,32.35],[10.65,32.341304],[10.75,32.25],[10.75,32.25],[10.828261,32.15],[10.85,32.137179],[10.95,32.094118],[11.05,32.066129],[11.121429,32.05],[11.15,32.047143],[11.25,32.029167],[11.35,32.019048],[11.45,32.021429],[11.55,32.030537],[11.65,32.033582],[11.75,32.036],[11.85,32.039617],[11.95,32.044569],[11.9925,32.05],[12.05,32.073711],[12.15,32.084314],[12.25,32.103226],[12.35,32.13299],[12.406897,32.15],[12.45,32.20814],[12.48,32.25],[12.55,32.29],[12.65,32.251389],[12.655,32.25],[12.75,32.237333],[12.826,32.25],[12.85,32.262245],[12.95,32.326471],[13.05,32.346853],[13.131818,32.35],[13.15,32.353922],[13.25,32.403409],[13.343182,32.45],[13.35,32.454762],[13.421429,32.55],[13.45,32.572857],[13.55,32.606364],[13.65,32.619945],[13.75,32.617808],[13.85,32.636667],[13.95,32.628986],[14.05,32.6],[14.141228,32.55],[14.114474,32.45],[14.117188,32.35],[14.080435,32.25],[14.05,32.1625],[14.04697,32.15],[14.05,32.14726],[14.15,32.118493],[14.239286,32.05],[14.198889,31.95],[14.15,31.871429],[14.13,31.85],[14.125676,31.75],[14.109459,31.65],[14.1425,31.55],[14.05,31.452632],[14.040909,31.45],[14.05,31.444444],[14.144444,31.35],[14.15,31.349074],[14.25,31.334071],[14.276087,31.35],[14.317857,31.45],[14.35,31.468],[14.381034,31.45],[14.45,31.399367],[14.55,31.359877],[14.575806,31.35],[14.65,31.264815],[14.664815,31.25],[14.65,31.239474],[14.55,31.223333],[14.497619,31.15],[14.473256,31.05],[14.459677,30.95],[14.54375,30.85],[14.55,30.836667],[14.642857,30.75],[14.65,30.747297],[14.75,30.690909],[14.769149,30.65],[14.799057,30.55],[14.85,30.456897],[14.855556,30.45],[14.95,30.390351],[14.987705,30.35],[15.05,30.270833],[15.078571,30.25],[15.15,30.208333],[15.204688,30.15],[15.25,30.085556],[15.281373,30.05],[15.35,29.955405],[15.356667,29.95],[15.435714,29.85],[15.45,29.836441],[15.55,29.761538],[15.583333,29.75],[15.65,29.721429],[15.662766,29.75],[15.734,29.85],[15.75,29.868182],[15.773684,29.95],[15.760526,30.05],[15.75,30.108824],[15.71875,30.05],[15.65,29.99359],[15.55,29.953448],[15.507576,30.05],[15.533607,30.15],[15.55,30.182258],[15.597619,30.15],[15.65,30.116667],[15.711111,30.15],[15.695,30.25],[15.66,30.35],[15.65,30.37],[15.621084,30.45],[15.65,30.525],[15.75,30.512069],[15.834615,30.55],[15.85,30.555882],[15.857143,30.55],[15.95,30.486585],[16.015217,30.45],[16.05,30.423333],[16.120968,30.35],[16.15,30.317857],[16.25,30.25],[16.26,30.35],[16.278571,30.45],[16.35,30.510976],[16.45,30.454348],[16.55,30.456452],[16.568182,30.45],[16.65,30.397059],[16.75,30.358696],[16.77,30.35],[16.85,30.31],[16.95,30.303846],[17.05,30.295],[17.15,30.25],[17.15,30.25],[17.25,30.2375],[17.35,30.201852],[17.45,30.175714],[17.55,30.15],[17.65,30.2375],[17.686842,30.15],[17.65,30.116667],[17.611111,30.05],[17.65,30.004839],[17.704839,29.95],[17.75,29.90625],[17.85,29.940909],[17.854255,29.95],[17.881034,30.05],[17.95,30.093478],[18.05,30.123913],[18.15,30.126316],[18.25,30.105],[18.31875,30.05],[18.35,30.035714],[18.41383,29.95],[18.45,29.911364],[18.507447,29.85],[18.55,29.795946],[18.598571,29.75],[18.65,29.675],[18.665789,29.65],[18.75,29.55],[18.75,29.55],[18.81,29.45],[18.75,29.435714],[18.65,29.407143],[18.55,29.373684],[18.537324,29.35],[18.55,29.315385],[18.584,29.25],[18.590299,29.15],[18.55,29.072857],[18.45,29.065909],[18.422,29.05],[18.45,28.967647],[18.456818,28.95],[18.55,28.87931],[18.595946,28.85],[18.638333,28.75],[18.65,28.723077],[18.72037,28.65],[18.65,28.605814],[18.55,28.556667],[18.45,28.563684],[18.381579,28.55],[18.35,28.51],[18.25,28.508333],[18.197368,28.55],[18.15,28.564062],[18.05,28.561268],[18.01,28.55],[18.05,28.522414],[18.108333,28.45],[18.15,28.378571],[18.25,28.416667],[18.35,28.4125],[18.45,28.358696],[18.55,28.391463],[18.65,28.407407],[18.742,28.45],[18.75,28.463333],[18.755714,28.45],[18.85,28.378261],[18.875,28.35],[18.878125,28.25],[18.95,28.189474],[19.05,28.22027],[19.1,28.25],[19.15,28.295833],[19.25,28.303846],[19.35,28.25],[19.35,28.25],[19.45,28.216667],[19.516667,28.15],[19.55,28.11],[19.65,28.083333],[19.75,28.092857],[19.792857,28.05],[19.85,27.992857],[19.91,27.95],[19.95,27.921429],[20.05,27.85],[20.05,27.85],[20.15,27.77],[20.16,27.75],[20.2125,27.65],[20.25,27.59],[20.27,27.55],[20.3375,27.45],[20.35,27.435714],[20.45,27.35],[20.45,27.35],[20.55,27.33],[20.65,27.3],[20.69,27.25],[20.75,27.15],[20.75,27.15],[20.79,27.05],[20.85,26.95],[20.85,26.95],[20.89,26.85],[20.93,26.75],[20.95,26.725],[21.01,26.65],[21.05,26.6],[21.083333,26.55],[21.15,26.45],[21.15,26.45],[21.25,26.366667],[21.35,26.35],[21.45,26.36],[21.55,26.375],[21.65,26.37],[21.75,26.37],[21.85,26.35],[21.95,26.35],[22.05,26.36],[22.15,26.361111],[22.2,26.35],[22.25,26.34],[22.283333,26.35],[22.35,26.383333],[22.45,26.45],[22.45,26.45],[22.55,26.55],[22.55,26.55],[22.61,26.65],[22.65,26.716667],[22.683333,26.75],[22.75,26.807143],[22.81,26.85],[22.85,26.878571],[22.95,26.935714],[23.0,26.95],[23.05,26.9625],[23.15,27.0],[23.25,26.977273],[23.325,26.95],[23.35,26.942308],[23.45,26.916667],[23.495455,26.95],[23.55,27.01],[23.594444,27.05],[23.65,27.1],[23.7125,27.15],[23.75,27.177273],[23.85,27.216667],[23.95,27.216667],[24.05,27.205556],[24.15,27.25],[24.15,27.25],[24.25,27.31],[24.35,27.327778],[24.45,27.294444],[24.55,27.2625],[24.575,27.25],[24.65,27.216667],[24.75,27.15],[24.75,27.15],[24.85,27.104545],[24.95,27.1],[25.05,27.083333],[25.092857,27.05],[25.14,26.95],[25.15,26.938889],[25.175,26.95],[25.25,26.966667],[25.35,27.05],[25.35,27.05],[25.45,27.136667],[25.475,27.15],[25.55,27.216667],[25.592857,27.25],[25.65,27.3],[25.75,27.341667],[25.783333,27.35],[25.85,27.368182],[25.95,27.366667],[26.0,27.35],[26.05,27.334615],[26.15,27.313636],[26.25,27.27],[26.29,27.25],[26.35,27.222727],[26.45,27.203846],[26.55,27.165385],[26.65,27.15],[26.75,27.178571],[26.797059,27.15],[26.818182,27.05],[26.85,27.03],[26.95,27.001111],[27.05,26.966923],[27.15,26.974242],[27.25,27.026471],[27.262121,27.05],[27.35,27.102727],[27.405319,27.15],[27.45,27.241304],[27.55,27.205556],[27.65,27.230142],[27.687333,27.25],[27.75,27.294762],[27.848305,27.35],[27.75,27.411702],[27.65,27.388889],[27.591667,27.35],[27.55,27.316667],[27.459091,27.35],[27.45,27.3625],[27.372222,27.45],[27.428571,27.55],[27.45,27.58],[27.55,27.632143],[27.583333,27.65],[27.65,27.705556],[27.75,27.75],[27.75,27.75],[27.75,27.75],[27.85,27.7475],[27.95,27.75],[27.95,27.75],[27.95,27.75],[28.046078,27.65],[28.05,27.640476],[28.15,27.55],[28.15,27.55],[28.05,27.463636],[28.007143,27.45],[27.95,27.445789],[27.851087,27.35],[27.893529,27.25],[27.879534,27.15],[27.85,27.114151],[27.796032,27.05],[27.75,26.958421],[27.744702,26.95],[27.660744,26.85],[27.65,26.833544],[27.55,26.765672],[27.518182,26.75],[27.55,26.719565],[27.65,26.676667],[27.7,26.65],[27.75,26.6],[27.832759,26.55],[27.85,26.544505],[27.905556,26.55],[27.95,26.566],[28.05,26.565789],[28.104545,26.55],[28.15,26.538889],[28.25,26.470588],[28.288889,26.45],[28.35,26.409259],[28.45,26.393478],[28.55,26.423913],[28.596154,26.45],[28.597368,26.55],[28.59375,26.65],[28.65,26.725],[28.719231,26.65],[28.75,26.619231],[28.781034,26.55],[28.85,26.454762],[28.8625,26.45],[28.95,26.422],[28.960294,26.45],[28.957692,26.55],[28.95,26.583333],[28.930769,26.65],[28.866,26.75],[28.85,26.757843],[28.777692,26.85],[28.77963,26.95],[28.75,26.986782],[28.705285,27.05],[28.711972,27.15],[28.709333,27.25],[28.65,27.318462],[28.55,27.336525],[28.533333,27.35],[28.515385,27.45],[28.55,27.506962],[28.586559,27.55],[28.55,27.618],[28.45,27.607576],[28.361628,27.55],[28.35,27.546183],[28.316667,27.55],[28.283333,27.65],[28.25,27.713636],[28.225,27.75],[28.25,27.807143],[28.271429,27.85],[28.288462,27.95],[28.25,28.05],[28.25,28.05],[28.253846,28.15],[28.25,28.166667],[28.2,28.25],[28.15,28.3125],[28.05,28.325],[28.01,28.35],[27.95,28.377273],[27.9,28.45],[27.95,28.467391],[28.05,28.469149],[28.15,28.485714],[28.227143,28.55],[28.25,28.583333],[28.35,28.65],[28.35,28.65],[28.45,28.7],[28.55,28.715217],[28.65,28.735714],[28.75,28.664706],[28.835294,28.75],[28.85,28.759259],[28.872727,28.75],[28.95,28.65],[28.95,28.65],[29.05,28.6375],[29.127778,28.55],[29.15,28.52931],[29.2075,28.45],[29.178571,28.35],[29.25,28.2875],[29.267143,28.25],[29.283333,28.15],[29.31,28.05],[29.35,27.983333],[29.371212,27.95],[29.45,27.86875],[29.476087,27.85],[29.55,27.755556],[29.55303,27.75],[29.598485,27.65],[29.627778,27.55],[29.614,27.45],[29.65,27.405],[29.686667,27.35],[29.742,27.25],[29.75,27.183333],[29.755882,27.15],[29.831818,27.05],[29.85,27.022727],[29.922727,26.95],[29.95,26.931818],[30.01,26.95],[30.05,26.9625],[30.15,27.002381],[30.25,27.03],[30.286364,27.05],[30.35,27.086842],[30.391379,27.15],[30.45,27.204839],[30.55,27.232927],[30.65,27.187931],[30.711111,27.15],[30.731818,27.05],[30.75,27.045556],[30.765385,27.05],[30.85,27.095833],[30.95,27.13125],[31.05,27.083721],[31.15,27.074779],[31.169858,27.05],[31.210714,26.95],[31.25,26.906],[31.278966,26.85],[31.328431,26.75],[31.35,26.729048],[31.407241,26.65],[31.45,26.613314],[31.55,26.550725],[31.55098,26.55],[31.626316,26.45],[31.637121,26.35],[31.65,26.329762],[31.747101,26.25],[31.75,26.247872],[31.85,26.190659],[31.902482,26.15],[31.904545,26.05],[31.921429,25.95],[31.95,25.921654],[32.05,25.916467],[32.15,25.930916],[32.25,25.867757],[32.35,25.915761],[32.42875,25.95],[32.45,25.963821],[32.55,26.02033],[32.590299,26.05],[32.65,26.091237],[32.704795,26.05],[32.697085,25.95],[32.65,25.869847],[32.639344,25.85],[32.589333,25.75],[32.55,25.717039],[32.45,25.677843],[32.4145,25.65],[32.35,25.573669],[32.329695,25.55],[32.338889,25.45],[32.35,25.43927],[32.42482,25.35],[32.444346,25.25],[32.446078,25.15],[32.45,25.135714],[32.482877,25.05],[32.522174,24.95],[32.515306,24.85],[32.528571,24.75],[32.522727,24.65],[32.469643,24.55],[32.45,24.5],[32.438542,24.45],[32.45,24.417647],[32.4775,24.45],[32.55,24.489189],[32.589726,24.45],[32.62197,24.35],[32.55,24.273387],[32.4775,24.25],[32.55,24.203226],[32.606897,24.15],[32.638235,24.05],[32.568182,23.95],[32.55,23.91],[32.540323,23.85],[32.532353,23.75],[32.455,23.65],[32.45,23.63],[32.434,23.55],[32.423333,23.45],[32.45,23.438889],[32.55,23.414516],[32.65,23.393333],[32.726471,23.35],[32.69,23.25],[32.65,23.177273],[32.639831,23.15],[32.614,23.05],[32.566129,22.95],[32.55,22.904545],[32.538679,22.85],[32.45,22.752083],[32.447619,22.75],[32.43,22.65],[32.45,22.643103],[32.460526,22.65],[32.55,22.708621],[32.65,22.744286],[32.653509,22.75],[32.671622,22.85],[32.75,22.917442],[32.85,22.923585],[32.95,22.888889],[33.045652,22.95],[32.982432,23.05],[32.994,23.15],[33.05,23.246552],[33.051124,23.25],[33.05875,23.35],[33.05,23.368421],[32.956061,23.45],[32.968919,23.55],[32.994643,23.65],[33.009375,23.75],[32.959677,23.85],[32.95,23.877273],[32.923333,23.95],[32.95,23.974242],[33.0,24.05],[33.0,24.15],[33.05,24.225],[33.088095,24.25],[33.15,24.289394],[33.226923,24.35],[33.25,24.36],[33.35,24.375333],[33.404286,24.35],[33.45,24.296667],[33.544118,24.35],[33.55,24.3625],[33.572581,24.45],[33.55,24.468421],[33.45,24.525556],[33.43,24.55],[33.35,24.622131],[33.265,24.65],[33.25,24.667647],[33.226923,24.65],[33.15,24.637654],[33.117742,24.65],[33.113636,24.75],[33.15,24.83],[33.161111,24.85],[33.15,24.86],[33.068182,24.95],[33.12541,25.05],[33.15,25.125],[33.160204,25.15],[33.15,25.157576],[33.130769,25.15],[33.05,25.118657],[32.95,25.129104],[32.925439,25.15],[32.85,25.195745],[32.75,25.248876],[32.748889,25.25],[32.687778,25.35],[32.65,25.365455],[32.557921,25.45],[32.614045,25.55],[32.65,25.572535],[32.75,25.582456],[32.830208,25.65],[32.85,25.682203],[32.9,25.75],[32.95,25.792553],[33.05,25.769231],[33.105556,25.75],[33.15,25.736047],[33.25,25.719643],[33.315385,25.75],[33.339744,25.85],[33.267778,25.95],[33.25,25.968605],[33.15,26.015909],[33.05,26.019231],[33.012667,26.05],[32.95,26.086434],[32.880508,26.15],[32.85,26.228261],[32.839796,26.25],[32.85,26.268182],[32.914286,26.35],[32.852597,26.45],[32.85,26.453361],[32.84661,26.45],[32.752174,26.35],[32.75,26.348876],[32.65,26.310714],[32.55,26.267699],[32.468367,26.25],[32.45,26.242623],[32.35,26.18615],[32.310309,26.15],[32.25,26.102049],[32.200633,26.15],[32.2005,26.25],[32.167327,26.35],[32.15,26.381532],[32.05,26.38908],[31.95,26.359494],[31.880918,26.45],[31.86789,26.55],[31.85,26.572807],[31.770482,26.65],[31.75,26.666832],[31.65,26.727457],[31.621533,26.75],[31.604491,26.85],[31.55,26.932727],[31.533333,26.95],[31.461111,27.05],[31.45,27.0825],[31.427119,27.15],[31.445918,27.25],[31.45,27.271053],[31.525,27.35],[31.45,27.363761],[31.43,27.35],[31.35,27.311039],[31.271053,27.35],[31.25,27.375806],[31.15,27.437368],[31.105556,27.45],[31.055882,27.55],[31.05,27.562],[31.022152,27.65],[31.003333,27.75],[31.002941,27.85],[31.007143,27.95],[31.042308,28.05],[31.05,28.055714],[31.15,28.134375],[31.221429,28.15],[31.25,28.17],[31.277586,28.25],[31.25,28.307143],[31.23125,28.35],[31.15,28.404167],[31.12284,28.45],[31.05,28.517045],[31.026423,28.55],[31.05,28.632857],[31.060909,28.65],[31.15,28.721014],[31.25,28.701282],[31.35,28.728947],[31.3625,28.75],[31.35,28.8],[31.338571,28.85],[31.302632,28.95],[31.273333,29.05],[31.329245,29.15],[31.35,29.180986],[31.380625,29.25],[31.414341,29.35],[31.429259,29.45],[31.448374,29.55],[31.45,29.559091],[31.459804,29.65],[31.460323,29.75],[31.45,29.771053],[31.41319,29.85],[31.365652,29.95],[31.42,30.05],[31.45,30.070833],[31.55,30.107325],[31.65,30.133929],[31.71,30.15],[31.75,30.166901],[31.85,30.161765],[31.95,30.17766],[32.05,30.180612],[32.15,30.221642],[32.25,30.230702],[32.3075,30.15],[32.35,30.084615],[32.361538,30.05],[32.4326,29.95],[32.45,29.88252]],[[3.892446,36.85],[3.85,36.780588],[3.824757,36.75],[3.75,36.710309],[3.65,36.678646],[3.55,36.721282],[3.45,36.679796],[3.391129,36.65],[3.35,36.63526],[3.25,36.62199],[3.15,36.575112],[3.110839,36.55],[3.05,36.533365],[2.95,36.535651],[2.85,36.532399],[2.75,36.482579],[2.663253,36.45],[2.65,36.447264],[2.633077,36.45],[2.55,36.480857],[2.45,36.49604],[2.35,36.535479],[2.256383,36.55]],[[6.070792,36.85],[6.15,36.805801],[6.198485,36.85]],[[6.84196,36.85],[6.785433,36.75],[6.837952,36.65],[6.85,36.646904],[6.856098,36.65],[6.95,36.714435],[7.05,36.744615],[7.15,36.71],[7.25,36.666541],[7.35,36.659032],[7.45,36.689231],[7.543578,36.65],[7.55,36.647697],[7.65,36.614762],[7.736076,36.55],[7.75,36.521429],[7.756509,36.55],[7.85,36.648442],[7.95,36.65],[7.95,36.65],[8.05,36.689048],[8.15,36.677564],[8.25,36.706132],[8.35,36.724912],[8.45,36.740685],[8.486559,36.75],[8.55,36.791844],[8.594565,36.85]],[[7.018586,36.85],[7.05,36.760448],[7.140909,36.85]],[[5.774752,36.75],[5.85,36.732998],[5.95,36.746177],[5.956376,36.75]],[[5.171839,36.65],[5.25,36.640015],[5.35,36.640299],[5.375616,36.65]],[[0.55,36.205491],[0.65,36.233796],[0.664463,36.25]],[[0.422603,36.15],[0.422059,36.05],[0.45,36.007778],[0.55,36.024519],[0.65,36.024286],[0.75,36.026804],[0.85,36.017532],[0.893103,36.05],[0.95,36.070755],[1.05,36.094643],[1.103757,36.15],[1.15,36.186866],[1.25,36.223016],[1.35,36.173288],[1.386559,36.15],[1.35,36.134475],[1.25,36.078125],[1.175,36.05],[1.15,36.045588],[1.05,36.015596],[0.95,35.970482],[0.93595,35.95],[0.85,35.878276],[0.806842,35.85],[0.75,35.801351],[0.709859,35.75],[0.65,35.675439],[0.620408,35.65],[0.55,35.605769],[0.474176,35.65],[0.45,35.665278],[0.35,35.724809],[0.25,35.675743],[0.231944,35.65],[0.15,35.607246],[0.076852,35.55],[0.05,35.524783],[-0.05,35.522789],[-0.15,35.51142],[-0.25,35.513319],[-0.345455,35.55],[-0.35,35.557843],[-0.357692,35.55],[-0.45,35.532022],[-0.55,35.515613],[-0.636911,35.45],[-0.65,35.443421],[-0.75,35.406604],[-0.85,35.389645],[-0.93375,35.35],[-0.95,35.343596],[-1.05,35.334862],[-1.15,35.32521],[-1.25,35.294041],[-1.334158,35.25],[-1.35,35.239116],[-1.424011,35.15],[-1.428333,35.05],[-1.45,35.041096],[-1.506522,35.05],[-1.491071,35.15],[-1.533486,35.25]],[[-5.413743,35.85],[-5.419712,35.75],[-5.41129,35.65],[-5.45,35.581707],[-5.48,35.55],[-5.45,35.531776],[-5.390909,35.55],[-5.35,35.566875]],[[-5.63169,35.75],[-5.611905,35.65],[-5.641,35.55],[-5.65,35.547472],[-5.75,35.536928],[-5.800379,35.45],[-5.75625,35.35],[-5.807627,35.25],[-5.804924,35.15],[-5.777222,35.05],[-5.75,35.007759],[-5.65,34.975828],[-5.612136,34.95],[-5.644118,34.85],[-5.65,34.834211],[-5.678571,34.85],[-5.75,34.868293],[-5.825,34.85],[-5.790816,34.75],[-5.75,34.724843],[-5.65,34.719524],[-5.55,34.703333],[-5.45,34.654202],[-5.441525,34.65],[-5.40098,34.55],[-5.35,34.488824],[-5.306303,34.55],[-5.25,34.586413],[-5.175556,34.55],[-5.201136,34.45],[-5.15,34.407547],[-5.076506,34.35],[-5.15,34.292991],[-5.200549,34.25],[-5.25,34.213115],[-5.35,34.207025],[-5.45,34.192697],[-5.512195,34.25],[-5.55,34.289241],[-5.597328,34.25],[-5.65,34.178125],[-5.75,34.188618],[-5.846939,34.15],[-5.85,34.14717],[-5.928626,34.05],[-5.95,34.004098],[-6.009574,34.05],[-6.05,34.069588],[-6.15,34.080108],[-6.25,34.063924],[-6.287931,34.05],[-6.35,34.028571],[-6.45,34.006944],[-6.503947,33.95],[-6.55,33.912766],[-6.65,33.857407],[-6.658163,33.85],[-6.735217,33.75],[-6.75,33.727922],[-6.777869,33.75],[-6.85,33.809459],[-6.95,33.755556],[-6.96,33.75],[-7.05,33.697573],[-7.15,33.663158],[-7.172727,33.65],[-7.25,33.569048],[-7.269048,33.55],[-7.35,33.455556],[-7.363636,33.45],[-7.45,33.394118],[-7.55,33.354167],[-7.566667,33.35],[-7.65,33.323684],[-7.75,33.308065],[-7.85,33.288235],[-7.915,33.25],[-7.95,33.203333],[-7.975806,33.15],[-7.987037,33.05],[-8.01701,32.95],[-8.017568,32.85],[-8.05,32.82551],[-8.15,32.766216],[-8.181579,32.75],[-8.25,32.698],[-8.316667,32.65],[-8.35,32.633784],[-8.45,32.55],[-8.45,32.55],[-8.55,32.51],[-8.635714,32.45],[-8.65,32.440909],[-8.705556,32.35],[-8.75,32.332222],[-8.836047,32.25],[-8.85,32.242683],[-8.95,32.209794],[-9.01988,32.15],[-9.05,32.134568],[-9.15,32.061765],[-9.157229,32.05],[-9.21,31.95],[-9.15,31.873913],[-9.069512,31.85],[-9.15,31.8236],[-9.25,31.83104],[-9.35,31.85],[-9.35,31.85],[-9.35,31.85],[-9.45,31.81568],[-9.52351,31.75],[-9.546226,31.65],[-9.55,31.636667],[-9.592857,31.55],[-9.601064,31.45],[-9.65,31.384286],[-9.673841,31.35],[-9.744366,31.25],[-9.75,31.23797]],[[-0.95,35.590625],[-0.85,35.586842],[-0.75,35.605769],[-0.69491,35.65]],[[-3.071176,35.25],[-3.091791,35.15],[-3.099123,35.05],[-3.15,35.022115],[-3.25,35.04916],[-3.250917,35.05],[-3.25,35.054545],[-3.228788,35.15]],[[-2.984545,35.25],[-3.018539,35.15],[-3.024775,35.05],[-2.95,34.992361],[-2.85,34.975532],[-2.75,35.017164],[-2.700562,35.05]],[[-4.425342,35.15],[-4.35,35.136146],[-4.31519,35.15]],[[-3.917403,35.15],[-3.85,35.111875],[-3.81039,35.15]],[[-2.509589,35.05],[-2.55,35.011184],[-2.65,34.96],[-2.655263,34.95],[-2.75,34.887063],[-2.783125,34.85],[-2.75,34.826444],[-2.65,34.838857],[-2.622727,34.85],[-2.55,34.902792],[-2.45,34.914012],[-2.35,34.932713],[-2.25,34.947731],[-2.227419,34.95],[-2.15,34.995283],[-2.05,35.04837],[-2.016667,35.05]],[[-1.864286,35.05],[-1.85,35.04969],[-1.84918,35.05]],[[21.05,32.734239],[21.15,32.736232],[21.25,32.713536],[21.35,32.717206],[21.45,32.739496],[21.465152,32.75]],[[22.794928,32.65],[22.85,32.601899],[22.893158,32.55],[22.863924,32.45],[22.85,32.431967],[22.760714,32.35],[22.75,32.336957],[22.65,32.292857],[22.55,32.254615],[22.5375,32.25],[22.45,32.177586],[22.35,32.164286],[22.25,32.163924],[22.15,32.163131],[22.05,32.153226],[22.026923,32.15],[21.95,32.122973],[21.85,32.095161],[21.75,32.078846],[21.65,32.055882],[21.631481,32.05],[21.55,32.005102],[21.45,31.98],[21.35,31.960256],[21.3,31.95],[21.25,31.938889],[21.15,31.9],[21.071739,31.85],[21.05,31.838372],[20.95,31.789024],[20.901515,31.75],[20.85,31.718519],[20.75,31.705319],[20.65,31.69],[20.55,31.718182],[20.533133,31.75],[20.45,31.838462],[20.441176,31.85],[20.35,31.947895],[20.347561,31.95],[20.316667,32.05],[20.339063,32.15],[20.35,32.163333],[20.401705,32.25],[20.45,32.297753],[20.497692,32.35],[20.55,32.414151],[20.581844,32.45]],[[34.297917,30.85],[34.25,30.82013],[34.15,30.776374],[34.05,30.785043],[33.991429,30.75],[33.95,30.738017],[33.85,30.656897],[33.846429,30.65],[33.775,30.55],[33.75,30.541176],[33.74,30.55],[33.65,30.604545],[33.606731,30.65],[33.605102,30.75],[33.55,30.803642],[33.478571,30.85],[33.45,30.868301],[33.35,30.86],[33.324545,30.85],[33.25,30.810577],[33.15,30.778155],[33.1,30.75],[33.05,30.698214],[32.980769,30.65],[32.95,30.63],[32.865789,30.55],[32.85,30.533636],[32.778125,30.45],[32.75,30.406098],[32.711667,30.35],[32.72767,30.25],[32.75,30.180303],[32.758403,30.15],[32.778676,30.05],[32.804015,29.95],[32.812209,29.85],[32.85,29.752985],[32.850851,29.75],[32.89581,29.65],[32.95,29.571774],[32.964835,29.55],[32.95,29.485714],[32.939209,29.45],[32.948936,29.35]],[[-9.55,30.425966],[-9.45,30.42277],[-9.400847,30.45],[-9.35,30.464019],[-9.25,30.491232],[-9.15,30.4996],[-9.05,30.491667],[-8.961765,30.45],[-9.01383,30.35],[-9.05,30.327632],[-9.15,30.297222],[-9.223913,30.25],[-9.25,30.234416],[-9.305085,30.15],[-9.345221,30.05],[-9.35,30.042121],[-9.432162,29.95],[-9.437143,29.85],[-9.45,29.816038],[-9.55,29.776724],[-9.65,29.754396],[-9.662903,29.75],[-9.75,29.725229],[-9.85,29.735833]],[[32.35,29.820455],[32.269753,29.85],[32.25,29.857207],[32.234314,29.85],[32.182877,29.75],[32.15,29.692169],[32.057895,29.65],[32.15,29.627987],[32.25,29.61511],[32.35,29.581915]],[[32.536593,29.35],[32.504878,29.25],[32.45,29.185096],[32.35,29.152439],[32.336667,29.15],[32.25,29.051087],[32.246429,29.05],[32.25,29.049138],[32.35,29.048246],[32.45,29.047254],[32.55,29.03327]],[[-10.327387,29.15],[-10.29,29.05],[-10.311538,28.95],[-10.35,28.916667],[-10.369231,28.85],[-10.45,28.825148],[-10.55,28.792308],[-10.65,28.762632],[-10.67,28.75],[-10.75,28.671311],[-10.826471,28.65],[-10.825,28.55],[-10.75,28.504867],[-10.65,28.474648],[-10.625862,28.45],[-10.65,28.425862],[-10.75,28.419608],[-10.85,28.401079],[-10.95,28.360526],[-10.958955,28.35],[-11.05,28.287113],[-11.107143,28.25],[-11.15,28.204237],[-11.192667,28.15],[-11.25,28.09625],[-11.276056,28.05],[-11.333495,27.95],[-11.35,27.918519],[-11.419811,27.85],[-11.35,27.80375],[-11.25,27.807143],[-11.202542,27.75],[-11.25,27.705556],[-11.309322,27.65],[-11.35,27.60102],[-11.45,27.586842],[-11.468182,27.65],[-11.472727,27.75],[-11.522727,27.85],[-11.540991,27.95],[-11.55,28.016667],[-11.566129,28.05],[-11.65,28.080233],[-11.688235,28.05],[-11.75,27.972222],[-11.796154,27.95],[-11.85,27.921429],[-11.95,27.863158],[-11.985714,27.85],[-12.05,27.829545],[-12.104687,27.75],[-12.15,27.690816],[-12.25,27.661765],[-12.26875,27.65],[-12.35,27.586585],[-12.381915,27.55],[-12.35,27.501613],[-12.280435,27.45],[-12.328571,27.35],[-12.35,27.318421],[-12.45,27.267241],[-12.468519,27.25],[-12.495238,27.15],[-12.475,27.05],[-12.45,27.038],[-12.363725,26.95],[-12.35,26.935106],[-12.25,26.915957],[-12.15,26.941045],[-12.127778,26.95],[-12.05,26.963462],[-11.95,26.958247],[-11.85,26.965094],[-11.75,26.97549],[-11.65,26.988889],[-11.563158,27.05],[-11.55,27.07],[-11.51,27.15],[-11.46978,27.25],[-11.45,27.35],[-11.35,27.438235],[-11.25,27.36],[-11.237324,27.35],[-11.232812,27.25],[-11.25,27.215625],[-11.295652,27.15],[-11.25,27.069231],[-11.194444,27.05],[-11.25,27.008333],[-11.281818,26.95],[-11.35,26.85],[-11.35,26.85],[-11.35,26.85],[-11.316667,26.75],[-11.35,26.734211],[-11.45,26.738889],[-11.55,26.75],[-11.55,26.75],[-11.55,26.75],[-11.65,26.719048],[-11.75,26.69186],[-11.85,26.732895],[-11.906522,26.75],[-11.95,26.765873],[-12.05,26.796903],[-12.15,26.796957],[-12.25,26.770513],[-12.316667,26.75],[-12.35,26.716667],[-12.438889,26.65],[-12.45,26.643939],[-12.55,26.604167],[-12.65,26.63],[-12.675,26.55],[-12.725,26.45],[-12.75,26.4],[-12.85,26.426471],[-12.896429,26.35],[-12.95,26.25],[-12.95,26.25],[-13.004839,26.15],[-13.05,26.05],[-13.05,26.05],[-13.111111,25.95],[-13.15,25.856667],[-13.152222,25.85],[-13.176316,25.75],[-13.226923,25.65],[-13.236957,25.55],[-13.25,25.475],[-13.253704,25.45],[-13.259677,25.35],[-13.25,25.307143],[-13.225,25.25],[-13.222727,25.15],[-13.183333,25.05],[-13.1625,24.95],[-13.25,24.886364],[-13.35,24.923333],[-13.39,24.95],[-13.45,25.035714],[-13.454,25.05],[-13.466216,25.15],[-13.476415,25.25],[-13.502273,25.35],[-13.55,25.445455],[-13.65,25.395098],[-13.75,25.39],[-13.835714,25.35],[-13.85,25.336957],[-13.926923,25.25],[-13.9,25.15],[-13.9175,25.05],[-13.95,25.013889],[-14.05,24.97],[-14.055556,24.95],[-14.103571,24.85],[-14.15,24.790909],[-14.183333,24.75],[-14.24375,24.65],[-14.25,24.640909],[-14.302632,24.55],[-14.35,24.509091],[-14.418421,24.45],[-14.45,24.418421],[-14.504167,24.35],[-14.55,24.265385],[-14.557143,24.25],[-14.59375,24.15],[-14.616667,24.05],[-14.65,23.9875],[-14.75,23.995],[-14.85,24.025],[-14.95,23.976667],[-14.99,23.95],[-15.05,23.9],[-15.063333,23.85],[-15.113636,23.75],[-15.15,23.692857],[-15.175,23.65],[-15.21,23.55],[-15.25,23.483333],[-15.262821,23.45],[-15.25,23.408333],[-15.2,23.35],[-15.15,23.331081],[-15.05,23.280189],[-14.97381,23.25],[-14.95,23.21875],[-14.885294,23.15],[-14.95,23.104167],[-15.05,23.115714],[-15.119697,23.05],[-15.15,22.966667],[-15.191667,23.05],[-15.25,23.1375],[-15.259091,23.15],[-15.297059,23.25],[-15.35,23.276471],[-15.419231,23.25],[-15.45,23.235714],[-15.55,23.161538],[-15.559091,23.15],[-15.58913,23.05],[-15.575,22.95],[-15.55,22.913636],[-15.523077,22.85],[-15.55,22.819565],[-15.614,22.75],[-15.65,22.71087],[-15.703846,22.65],[-15.732609,22.55],[-15.65,22.470833],[-15.55,22.482143],[-15.475,22.45],[-15.45,22.422727],[-15.416667,22.35],[-15.45,22.283333],[-15.47,22.25],[-15.501852,22.15],[-15.514706,22.05],[-15.53,21.95],[-15.45,21.921429],[-15.391176,21.85],[-15.35,21.828125],[-15.308824,21.85],[-15.25,21.879412],[-15.15,21.886364],[-15.05,21.85],[-14.95,21.940909],[-14.891176,21.85],[-14.879412,21.75],[-14.85,21.708333],[-14.75,21.721429],[-14.659091,21.65],[-14.65,21.644444],[-14.633333,21.65],[-14.55,21.683333],[-14.45,21.694444],[-14.35,21.75],[-14.25,21.65],[-14.25,21.65],[-14.24,21.55],[-14.203333,21.45],[-14.25,21.418182],[-14.303571,21.35],[-14.338889,21.25],[-14.283333,21.15],[-14.25,21.144737],[-14.24,21.15],[-14.177273,21.25],[-14.15,21.304545],[-14.1,21.35],[-14.05,21.388462],[-13.95,21.413636],[-13.85,21.4],[-13.796154,21.45],[-13.75,21.55],[-13.703846,21.45],[-13.65,21.391667],[-13.55,21.39375],[-13.45,21.35],[-13.45,21.35],[-13.43,21.25],[-13.418421,21.15],[-13.45,21.05],[-13.45,21.05],[-13.459524,20.95],[-13.45,20.938889],[-13.35,20.913636],[-13.3,20.95],[-13.25,21.0],[-13.243846,20.95],[-13.241195,20.85],[-13.247561,20.75],[-13.240323,20.65],[-13.25,20.597826],[-13.278947,20.55],[-13.262162,20.45],[-13.268182,20.35],[-13.25,20.318627],[-13.230769,20.25],[-13.25,20.225524],[-13.316667,20.15],[-13.35,20.112759],[-13.45,20.100633],[-13.511069,20.05],[-13.55,20.014583],[-13.628814,19.95],[-13.55,19.884043],[-13.45,19.883684],[-13.374096,19.95],[-13.35,19.968018],[-13.311538,19.95],[-13.309341,19.85],[-13.35,19.805952],[-13.399474,19.75],[-13.35,19.683803],[-13.25,19.702128],[-13.15,19.713768],[-13.089024,19.75],[-13.05,19.778571],[-13.02193,19.75],[-13.05,19.716667],[-13.092105,19.65],[-13.05,19.625573],[-12.97,19.65],[-12.95,19.666327],[-12.923333,19.65],[-12.885135,19.55],[-12.95,19.467241],[-12.957752,19.45],[-12.95,19.431481],[-12.85,19.439583],[-12.832143,19.45],[-12.75,19.47987],[-12.655263,19.55],[-12.65,19.553261],[-12.55,19.571348],[-12.463636,19.55],[-12.45,19.54434],[-12.35,19.522857],[-12.25,19.509155],[-12.15,19.478571],[-12.112162,19.45],[-12.05,19.358],[-11.95,19.377083],[-11.85,19.45],[-11.803333,19.35],[-11.846721,19.25],[-11.85,19.243939],[-11.910784,19.15],[-11.85,19.102308],[-11.75,19.15],[-11.73,19.05],[-11.75,19.038679],[-11.845918,18.95],[-11.85,18.942857],[-11.95,18.884247],[-11.98125,18.85],[-12.05,18.762698],[-12.065094,18.75],[-12.15,18.698276],[-12.21,18.65],[-12.25,18.55],[-12.25,18.55],[-12.25,18.55],[-12.210345,18.45],[-12.162727,18.35],[-12.25,18.25],[-12.25,18.25],[-12.25,18.25],[-12.242308,18.15],[-12.192857,18.05],[-12.15,18.026923],[-12.104128,17.95],[-12.08913,17.85],[-12.15,17.825439],[-12.25,17.786364],[-12.27,17.75],[-12.35,17.715957],[-12.383155,17.65],[-12.400276,17.55],[-12.386527,17.45],[-12.35,17.412112],[-12.303704,17.35],[-12.25,17.291117],[-12.21087,17.25],[-12.25,17.158989],[-12.256061,17.15],[-12.253306,17.05],[-12.25,17.044286],[-12.194538,16.95],[-12.15,16.858621],[-12.14569,16.85],[-12.083333,16.75],[-12.087,16.65],[-12.05,16.595985],[-11.992727,16.55],[-11.960938,16.45],[-11.95,16.386364],[-11.943043,16.35],[-11.95,16.337097],[-11.98,16.25],[-11.965942,16.15],[-11.965172,16.05],[-11.95,15.962],[-11.943478,15.95],[-11.95,15.922727],[-11.959412,15.85],[-12.003488,15.75],[-11.95,15.651075],[-11.85,15.656604],[-11.772656,15.75],[-11.779897,15.85],[-11.811947,15.95],[-11.75,16.005118],[-11.656557,16.05],[-11.650813,16.15],[-11.65,16.17],[-11.645349,16.25],[-11.65,16.280769],[-11.661111,16.35],[-11.75,16.432759],[-11.766129,16.45],[-11.75,16.538235],[-11.65,16.526],[-11.62907,16.55],[-11.642187,16.65],[-11.65,16.671739],[-11.685294,16.75],[-11.75,16.812264],[-11.85,16.843333],[-11.854196,16.85],[-11.922222,16.95],[-11.85,16.965951],[-11.828333,16.95],[-11.75,16.867544],[-11.65,16.871538],[-11.570312,16.95],[-11.65,17.046226],[-11.653922,17.05],[-11.679091,17.15],[-11.65,17.22619],[-11.622881,17.15],[-11.55,17.088571],[-11.464,17.15],[-11.466667,17.25],[-11.45,17.259524],[-11.398649,17.35],[-11.35,17.414286],[-11.259091,17.45],[-11.25,17.452857],[-11.15,17.509091],[-11.068182,17.55],[-11.05,17.561111],[-10.95,17.555],[-10.9,17.55],[-10.85,17.5375],[-10.75,17.506522],[-10.65,17.535185],[-10.55,17.495833],[-10.525556,17.45],[-10.55,17.35],[-10.55,17.35],[-10.598571,17.25],[-10.65,17.175],[-10.75,17.159524],[-10.757692,17.15],[-10.807778,17.05],[-10.85,17.0],[-10.945,16.95],[-10.95,16.944444],[-10.969101,16.85],[-10.95,16.80641],[-10.920667,16.75],[-10.85,16.677397],[-10.75,16.65],[-10.75,16.65],[-10.739189,16.55],[-10.75,16.544872],[-10.85,16.511798],[-10.930882,16.45],[-10.870896,16.35],[-10.860638,16.25],[-10.85,16.229167],[-10.821642,16.15],[-10.85,16.08871],[-10.881579,16.05],[-10.95,16.002727],[-11.0225,15.95],[-11.05,15.931967],[-11.15,15.873529],[-11.177907,15.85],[-11.20942,15.75],[-11.21506,15.65],[-11.206452,15.55],[-11.25,15.488636],[-11.282075,15.45],[-11.25,15.415306],[-11.15,15.359524],[-11.128947,15.35],[-11.05,15.298276],[-10.996429,15.35],[-10.95,15.380952],[-10.885556,15.45],[-10.859677,15.55],[-10.914583,15.65],[-10.859459,15.75],[-10.85,15.757368],[-10.834444,15.75],[-10.75,15.657317],[-10.72,15.65],[-10.65,15.631579],[-10.635106,15.65],[-10.609615,15.75],[-10.554651,15.85],[-10.55,15.859524],[-10.476923,15.95],[-10.45,15.979167],[-10.369048,16.05],[-10.35,16.086364],[-10.308824,16.15],[-10.261111,16.25],[-10.272581,16.35],[-10.283333,16.45],[-10.25,16.450806],[-10.2375,16.45],[-10.15,16.408824],[-10.072222,16.45],[-10.054839,16.55],[-10.05,16.558333],[-9.95,16.55],[-9.95,16.55],[-9.85,16.529167],[-9.82619,16.55],[-9.75,16.582],[-9.65,16.56087],[-9.628261,16.55],[-9.55,16.468182],[-9.45,16.538235],[-9.442857,16.55],[-9.45,16.564286],[-9.513158,16.65],[-9.485484,16.75],[-9.477273,16.85],[-9.525,16.95],[-9.45,17.025],[-9.35,17.025],[-9.25,17.0375],[-9.15,17.05],[-9.05,17.092857],[-8.95,17.135714],[-8.925,17.15],[-8.85,17.2],[-8.79,17.25],[-8.75,17.272222],[-8.65,17.3],[-8.625,17.25],[-8.6125,17.15],[-8.616667,17.05],[-8.55,17.0],[-8.51,16.95],[-8.516667,16.85],[-8.55,16.75],[-8.55,16.75],[-8.616667,16.65],[-8.59,16.55],[-8.55,16.51],[-8.49,16.45],[-8.45,16.427778],[-8.4,16.45],[-8.35,16.5],[-8.25,16.504545],[-8.194444,16.55],[-8.15,16.594444],[-8.05,16.626471],[-7.983333,16.65],[-7.95,16.66],[-7.85,16.70625],[-7.816667,16.75],[-7.75,16.81087],[-7.702632,16.85],[-7.65,16.902632],[-7.59,16.95],[-7.55,16.981579],[-7.46875,17.05],[-7.45,17.060345],[-7.422727,17.05],[-7.437879,16.95],[-7.45,16.85],[-7.45,16.85],[-7.45,16.85],[-7.440244,16.75],[-7.43,16.65],[-7.45,16.6],[-7.5,16.55],[-7.505556,16.45],[-7.494444,16.35],[-7.55,16.322222],[-7.65,16.297059],[-7.75,16.316667],[-7.85,16.273529],[-7.95,16.295455],[-8.004545,16.35],[-8.05,16.385714],[-8.15,16.3875],[-8.25,16.364286],[-8.2625,16.35],[-8.275,16.25],[-8.35,16.2],[-8.45,16.25],[-8.45,16.25],[-8.45,16.25],[-8.55,16.225],[-8.65,16.2125],[-8.75,16.216667],[-8.79,16.15],[-8.85,16.1],[-8.95,16.08],[-8.9875,16.05],[-9.022727,15.95],[-8.95,15.85],[-9.05,15.796154],[-9.1,15.75],[-9.15,15.65],[-9.235714,15.75],[-9.25,15.757692],[-9.35,15.836667],[-9.418421,15.75],[-9.383333,15.65],[-9.405556,15.55],[-9.45,15.47],[-9.55,15.535714],[-9.63,15.45],[-9.65,15.4125],[-9.75,15.391667],[-9.85,15.443333],[-9.8625,15.45],[-9.95,15.501852],[-10.05,15.502778],[-10.136364,15.45],[-10.15,15.440909],[-10.25,15.409459],[-10.341667,15.35],[-10.35,15.347938],[-10.45,15.277273],[-10.467647,15.25],[-10.487405,15.15],[-10.45,15.075758],[-10.411364,15.05],[-10.45,15.026712],[-10.55,15.012992],[-10.599383,14.95],[-10.609091,14.85],[-10.65,14.805446],[-10.75,14.761881],[-10.760435,14.75],[-10.75,14.723913],[-10.684615,14.65],[-10.65,14.56],[-10.644286,14.55],[-10.65,14.543333],[-10.75,14.506863],[-10.85,14.459259],[-10.858475,14.45],[-10.884177,14.35],[-10.882639,14.25],[-10.894048,14.15],[-10.85,14.104878],[-10.791558,14.05],[-10.75,14.004286],[-10.723611,13.95],[-10.661765,13.85],[-10.65,13.833607],[-10.610156,13.75],[-10.55,13.69031],[-10.45,13.742105],[-10.408824,13.65],[-10.45,13.60679],[-10.513889,13.55],[-10.55,13.492222],[-10.575676,13.45],[-10.575424,13.35],[-10.55,13.296429],[-10.523469,13.25],[-10.55,13.236022],[-10.65,13.204],[-10.692187,13.15],[-10.728481,13.05],[-10.75,13.03046],[-10.801515,13.05],[-10.85,13.082],[-10.904839,13.15],[-10.917532,13.25],[-10.95,13.288462],[-11.045238,13.35],[-11.05,13.358333],[-11.078571,13.45],[-11.078571,13.55],[-11.15,13.65],[-11.227358,13.75],[-11.25,13.825],[-11.35,13.787037],[-11.403125,13.85],[-11.404545,13.95],[-11.430435,14.05],[-11.35625,14.15],[-11.419048,14.25],[-11.45,14.281325],[-11.533871,14.25],[-11.55,14.240385],[-11.65,14.25],[-11.65,14.25],[-11.65,14.25],[-11.656122,14.15],[-11.65,14.132353],[-11.630556,14.05],[-11.600562,13.95],[-11.55,13.85],[-11.55,13.85],[-11.501402,13.75],[-11.497945,13.65],[-11.45,13.570455],[-11.442105,13.55],[-11.388095,13.45],[-11.35,13.404286],[-11.31686,13.35],[-11.25,13.266058],[-11.22284,13.25],[-11.232278,13.15],[-11.203333,13.05],[-11.204545,12.95],[-11.241707,12.85],[-11.228846,12.75],[-11.160638,12.65],[-11.15,12.604545],[-11.064286,12.55],[-11.05,12.544737],[-10.95,12.470833],[-10.938636,12.45],[-10.948496,12.35],[-10.95,12.25],[-10.95,12.25],[-11.0125,12.15],[-11.05,12.146954],[-11.053871,12.15],[-11.082353,12.25],[-11.15,12.32931],[-11.16,12.35],[-11.25,12.41506],[-11.35,12.416917],[-11.438,12.45],[-11.45,12.46],[-11.55,12.466667],[-11.65,12.488889],[-11.75,12.464815],[-11.85,12.496739],[-11.95,12.507971],[-12.05,12.506818],[-12.15,12.475],[-12.188596,12.45],[-12.25,12.430556],[-12.35,12.418912],[-12.45,12.418273],[-12.55,12.403073],[-12.642233,12.35],[-12.631765,12.25],[-12.65,12.205072],[-12.69026,12.25],[-12.75,12.298421],[-12.85,12.266393],[-12.885714,12.25],[-12.85,12.2],[-12.821429,12.15],[-12.85,12.130769],[-12.925,12.05],[-12.95,12.028125],[-13.00102,11.95],[-13.008333,11.85],[-12.95,11.75],[-13.006122,11.65],[-13.05,11.603005],[-13.120803,11.55],[-13.15,11.499367],[-13.238636,11.45],[-13.25,11.43],[-13.254167,11.45],[-13.297143,11.55],[-13.331197,11.65],[-13.345775,11.75],[-13.35,11.753846],[-13.356977,11.75],[-13.45,11.706044],[-13.543023,11.75],[-13.55,11.78],[-13.6,11.75],[-13.65,11.739655],[-13.685135,11.65],[-13.75,11.584247],[-13.781646,11.55],[-13.808974,11.45],[-13.809091,11.35],[-13.821186,11.25],[-13.85,11.191379],[-13.896154,11.15],[-13.85,11.079412],[-13.832759,11.05],[-13.85,11.038889],[-13.897619,10.95],[-13.9,10.85],[-13.87,10.75],[-13.85,10.730952],[-13.824468,10.75],[-13.75,10.785714],[-13.711957,10.75],[-13.65,10.682143],[-13.596,10.65],[-13.55,10.611667],[-13.513366,10.55],[-13.486111,10.45],[-13.45,10.409375],[-13.410417,10.35],[-13.376797,10.25],[-13.35,10.215833],[-13.308201,10.15],[-13.25,10.066667],[-13.236982,10.05],[-13.15,9.964035],[-13.136667,9.95],[-13.15,9.92],[-13.204369,9.85],[-13.25,9.822989],[-13.30875,9.85],[-13.35,9.928571],[-13.45,9.85],[-13.45,9.85],[-13.45,9.85],[-13.371818,9.75],[-13.35,9.743548],[-13.25,9.673494],[-13.15,9.68913],[-13.141388,9.65],[-13.05,9.592814],[-12.95,9.566957],[-12.927259,9.55],[-12.85,9.48099],[-12.782051,9.55],[-12.772494,9.65],[-12.75779,9.75],[-12.764286,9.85],[-12.775888,9.95],[-12.762658,10.05],[-12.758503,10.15],[-12.786139,10.25],[-12.75,10.289247],[-12.65,10.271845],[-12.640066,10.25],[-12.617725,10.15],[-12.55,10.068471],[-12.457914,10.15],[-12.45,10.154955],[-12.35,10.180282],[-12.322956,10.15],[-12.341429,10.05],[-12.340517,9.95],[-12.306667,9.85],[-12.25,9.834545],[-12.23046,9.85],[-12.156805,9.95],[-12.15,9.967164],[-12.086111,9.95],[-12.05,9.922917],[-11.95,9.870112],[-11.926623,9.85],[-11.95,9.791935],[-11.9825,9.75],[-11.996281,9.65],[-11.999194,9.55],[-11.95,9.461594],[-11.944558,9.45],[-11.883645,9.35],[-11.892857,9.25],[-11.917114,9.15],[-11.85,9.076471],[-11.819748,9.05],[-11.801818,8.95],[-11.786634,8.85],[-11.766216,8.75],[-11.789506,8.65],[-11.799231,8.55],[-11.75,8.454],[-11.74779,8.45],[-11.676,8.35],[-11.65,8.314865],[-11.613636,8.25],[-11.568627,8.15],[-11.55,8.130808],[-11.45,8.076786],[-11.382787,8.15],[-11.35,8.247561],[-11.301807,8.15],[-11.275455,8.05],[-11.272353,7.95],[-11.25,7.910417],[-11.15,7.896],[-11.083333,7.95],[-11.05,8.031818],[-11.026,8.05],[-10.984783,8.15],[-10.95,8.192105],[-10.855882,8.15],[-10.85,8.138889],[-10.75,8.119231],[-10.685714,8.05],[-10.75,8.018966],[-10.8125,7.95],[-10.85,7.897826],[-10.885484,7.85],[-10.95,7.783333],[-11.026923,7.75],[-11.040123,7.65],[-10.95,7.576263],[-10.85,7.575564],[-10.803425,7.55],[-10.85,7.485849],[-10.874051,7.45],[-10.85,7.382143],[-10.838,7.35],[-10.75,7.2972],[-10.65,7.283051],[-10.585,7.25],[-10.612887,7.15],[-10.55,7.053175],[-10.5,7.05],[-10.45,7.046154],[-10.35,7.05],[-10.25,7.115517],[-10.159091,7.15],[-10.15,7.151124],[-10.125,7.15],[-10.05,7.13125],[-9.977778,7.05],[-10.05,7.008065],[-10.08913,6.95],[-10.14,6.85],[-10.05,6.7996],[-9.994144,6.75],[-9.955882,6.65],[-9.95,6.637879],[-9.85,6.574],[-9.75,6.63],[-9.65,6.642308],[-9.575,6.55],[-9.55,6.519231],[-9.515385,6.45],[-9.55,6.405],[-9.57973,6.35],[-9.55,6.309259],[-9.483333,6.25],[-9.45,6.229487],[-9.35,6.217347],[-9.25,6.223077],[-9.15,6.235714],[-9.133333,6.25],[-9.05,6.269608],[-8.966667,6.25],[-8.95,6.221429],[-8.942308,6.25],[-8.85,6.278916],[-8.75,6.289683],[-8.70283,6.25],[-8.731633,6.15],[-8.7,6.05],[-8.65,6.025],[-8.580769,5.95],[-8.616667,5.85],[-8.55,5.803333],[-8.511905,5.75],[-8.45,5.673529],[-8.377273,5.65],[-8.395,5.55],[-8.45,5.495],[-8.463846,5.45],[-8.451961,5.35],[-8.45,5.348413],[-8.442308,5.35],[-8.35,5.39],[-8.25,5.405319],[-8.196939,5.35],[-8.16625,5.25],[-8.16831,5.15],[-8.15,5.133951],[-8.06875,5.15],[-8.05,5.1625],[-7.975,5.15],[-7.95,5.145],[-7.9375,5.15],[-7.85,5.25],[-7.796341,5.35],[-7.778,5.45],[-7.794444,5.55],[-7.85,5.628947],[-7.93,5.65],[-7.95,5.657143],[-8.05,5.75],[-8.057407,5.85],[-8.05,5.9],[-7.95,5.877027],[-7.85,5.8875],[-7.828261,5.95],[-7.75,6.028261],[-7.65,5.988636],[-7.55,6.016667],[-7.5,6.05],[-7.45,6.1375],[-7.35,6.13],[-7.283333,6.05],[-7.25,6.0],[-7.15,6.035714],[-7.05,5.95],[-7.074,5.85],[-7.05,5.818421],[-7.023913,5.85],[-6.95,5.939474],[-6.91,5.95],[-6.95,6.05],[-7.021429,6.15],[-7.05,6.1875],[-7.15,6.240909],[-7.153846,6.25],[-7.15,6.27],[-7.105556,6.35],[-7.05,6.395455],[-7.020588,6.35],[-6.95,6.286842],[-6.891667,6.25],[-6.85,6.222222],[-6.766667,6.25],[-6.75,6.257143],[-6.66875,6.35],[-6.69,6.45],[-6.65,6.516667],[-6.55,6.455],[-6.540909,6.45],[-6.502941,6.35],[-6.55,6.305556],[-6.585714,6.25],[-6.603846,6.15],[-6.597619,6.05],[-6.55,6.015517],[-6.45,5.989474],[-6.35,6.0],[-6.25,5.95],[-6.240909,6.05],[-6.25,6.1],[-6.261111,6.15],[-6.25,6.153448],[-6.15,6.167647],[-6.13,6.15],[-6.05,6.064286],[-6.016667,6.05],[-6.0,5.95],[-5.985484,5.85],[-5.95,5.776667],[-5.85,5.775714],[-5.768182,5.75],[-5.75,5.742593],[-5.65,5.698649],[-5.55,5.73],[-5.543939,5.75],[-5.55,5.757692],[-5.611538,5.85],[-5.55,5.907143],[-5.45,5.903571],[-5.398,5.95],[-5.362821,6.05],[-5.45,6.114151],[-5.545,6.15],[-5.45,6.229167],[-5.404545,6.25],[-5.429545,6.35],[-5.45,6.371429],[-5.55,6.365385],[-5.609459,6.45],[-5.55,6.531481],[-5.516667,6.55],[-5.482727,6.65],[-5.55,6.734091],[-5.585,6.75],[-5.65,6.818421],[-5.69,6.85],[-5.65,6.869355],[-5.55,6.876761],[-5.45,6.901724],[-5.35625,6.85],[-5.35,6.840476],[-5.274,6.75],[-5.25,6.722727],[-5.2,6.75],[-5.161111,6.85],[-5.21,6.95],[-5.25,7.0125],[-5.273077,7.05],[-5.25,7.135714],[-5.238889,7.15],[-5.15,7.184783],[-5.083333,7.15],[-5.05,7.13],[-5.034,7.15],[-4.978571,7.25],[-4.95,7.296154],[-4.85,7.344118],[-4.783333,7.25],[-4.75,7.227778],[-4.728378,7.25],[-4.65,7.346667],[-4.648,7.35],[-4.638889,7.45],[-4.65,7.461538],[-4.75,7.494444],[-4.772727,7.55],[-4.75,7.560417],[-4.65,7.632143],[-4.634375,7.65],[-4.65,7.679412],[-4.671429,7.75],[-4.65,7.779268],[-4.579412,7.75],[-4.55,7.734375],[-4.478571,7.75],[-4.45,7.77],[-4.427778,7.85],[-4.375581,7.95],[-4.36087,8.05],[-4.35,8.066129],[-4.25,8.059459],[-4.232051,8.05],[-4.230851,7.95],[-4.248113,7.85],[-4.240909,7.75],[-4.25,7.683333],[-4.252222,7.65],[-4.25,7.646296],[-4.241667,7.65],[-4.15,7.685484],[-4.071429,7.65],[-4.05,7.575],[-4.046667,7.55],[-4.05,7.546552],[-4.112222,7.45],[-4.11,7.35],[-4.115517,7.25],[-4.15,7.197368],[-4.171951,7.15],[-4.15,7.116667],[-4.118421,7.05],[-4.140278,6.95],[-4.15,6.933333],[-4.187634,6.85],[-4.173636,6.75],[-4.15,6.701852],[-4.120455,6.75],[-4.05,6.8275],[-4.0125,6.85],[-3.962162,6.95],[-3.95,7.05],[-3.85,7.083333],[-3.776667,7.15],[-3.76,7.25],[-3.75,7.272727],[-3.695161,7.35],[-3.663043,7.45],[-3.733333,7.55],[-3.75,7.565385],[-3.816667,7.65],[-3.85,7.681429],[-3.914865,7.75],[-3.95,7.811905],[-3.974242,7.85],[-4.042593,7.95],[-4.025,8.05],[-4.007895,8.15],[-3.95,8.2],[-3.921053,8.15],[-3.920968,8.05],[-3.876471,7.95],[-3.85,7.916667],[-3.79,7.85],[-3.75,7.817568],[-3.676471,7.75],[-3.65,7.718966],[-3.56,7.75],[-3.565152,7.85],[-3.55,7.9],[-3.508333,7.85],[-3.45,7.75],[-3.45,7.75],[-3.35,7.65],[-3.35,7.65],[-3.333784,7.55],[-3.25,7.4725],[-3.209091,7.45],[-3.244595,7.35],[-3.25,7.316667],[-3.35,7.260714],[-3.3875,7.25],[-3.45,7.204545],[-3.464634,7.15],[-3.495,7.05],[-3.544505,6.95],[-3.522727,6.85],[-3.453226,6.75],[-3.45,6.740909],[-3.44375,6.75],[-3.35,6.807692],[-3.271429,6.85],[-3.25,6.859375],[-3.175,6.85],[-3.15,6.840909],[-3.11,6.75],[-3.05,6.65625],[-2.95,6.65],[-2.9,6.75],[-2.860345,6.85],[-2.85,6.9],[-2.835714,6.85],[-2.8,6.75],[-2.821429,6.65],[-2.85,6.63626],[-2.95,6.65],[-2.95,6.65],[-2.930142,6.55],[-2.941011,6.45],[-2.85,6.365625],[-2.75,6.422414],[-2.707895,6.45],[-2.65,6.489286],[-2.55,6.485],[-2.511765,6.55],[-2.488889,6.65],[-2.536364,6.75],[-2.476087,6.85],[-2.45,6.867143],[-2.375,6.85],[-2.367391,6.75],[-2.35,6.723333],[-2.342361,6.65],[-2.278571,6.55],[-2.35,6.522603],[-2.406989,6.45],[-2.406977,6.35],[-2.439744,6.25],[-2.45,6.233333],[-2.482258,6.15],[-2.45,6.117742],[-2.421014,6.15],[-2.35,6.208333],[-2.281373,6.25],[-2.296739,6.35],[-2.269697,6.45],[-2.25,6.511905],[-2.15,6.475],[-2.105882,6.55],[-2.05,6.645],[-2.027907,6.55],[-2.011538,6.45],[-1.95,6.377273],[-1.85,6.410465],[-1.75,6.39],[-1.702,6.35],[-1.713793,6.25],[-1.671212,6.15],[-1.65,6.123077],[-1.55,6.147368],[-1.545455,6.15],[-1.45,6.199412],[-1.35,6.177586],[-1.285714,6.25],[-1.347059,6.35],[-1.25,6.428571],[-1.15,6.386364],[-1.10625,6.45],[-1.05,6.502941],[-0.95,6.45],[-0.95,6.45],[-0.85,6.368182],[-0.75,6.415957],[-0.67,6.45],[-0.65,6.451581],[-0.647037,6.45],[-0.623,6.35],[-0.65,6.26],[-0.656818,6.25],[-0.728947,6.15],[-0.738372,6.05],[-0.742308,5.95],[-0.65,5.885135],[-0.57,5.95],[-0.55,5.974793],[-0.45,6.038571],[-0.428947,6.05],[-0.415217,6.15],[-0.35,6.161719],[-0.340506,6.15],[-0.25,6.052721],[-0.166374,6.15],[-0.15,6.173333],[-0.10942,6.15],[-0.112162,6.05],[-0.15,6.03],[-0.203846,5.95],[-0.209091,5.85],[-0.15,5.832432],[-0.13587,5.85],[-0.05,5.940805],[-0.039744,5.95],[-0.036391,6.05],[-0.026571,6.15],[-0.05,6.211194],[-0.072034,6.25],[-0.095181,6.35],[-0.10679,6.45],[-0.15,6.488889],[-0.244017,6.55],[-0.25,6.555512],[-0.35,6.614765],[-0.418182,6.65],[-0.45,6.680247],[-0.55,6.709328],[-0.65,6.72637],[-0.75,6.742835],[-0.787097,6.75],[-0.85,6.783333],[-0.95,6.837791],[-0.970588,6.85],[-1.05,6.9175],[-1.09875,6.95],[-1.15,7.003947],[-1.175926,7.05],[-1.25,7.123529],[-1.29557,7.15],[-1.35,7.2],[-1.415152,7.25],[-1.45,7.301111],[-1.480137,7.35],[-1.45,7.386066],[-1.385294,7.35],[-1.35,7.328182],[-1.303846,7.35],[-1.338889,7.45],[-1.35,7.463793],[-1.45,7.508209],[-1.55,7.477273],[-1.580769,7.55],[-1.55,7.611538],[-1.524138,7.65],[-1.546552,7.75],[-1.55,7.755882],[-1.604237,7.85],[-1.55,7.880769],[-1.45,7.921622],[-1.402273,7.95],[-1.35,8.032143],[-1.343243,8.05],[-1.35,8.062821],[-1.444444,8.15],[-1.45,8.153448],[-1.55,8.153448],[-1.65,8.184328],[-1.681944,8.15],[-1.75,8.107759],[-1.85,8.058197],[-1.861905,8.05],[-1.95,8.018103],[-2.046341,7.95],[-2.05,7.945312],[-2.137143,7.85],[-2.15,7.820968],[-2.181034,7.85],[-2.247619,7.95],[-2.25,7.983333],[-2.257407,8.05],[-2.276667,8.15],[-2.296575,8.25],[-2.35,8.320909],[-2.382,8.35],[-2.431579,8.45],[-2.35,8.546875],[-2.25,8.485714],[-2.175,8.55],[-2.15,8.631818],[-2.145745,8.65],[-2.136047,8.75],[-2.083333,8.85],[-2.05,8.858889],[-2.039474,8.85],[-1.95,8.814211],[-1.85,8.821795],[-1.75,8.80625],[-1.65,8.830556],[-1.628462,8.85],[-1.65,8.927778],[-1.66,8.95],[-1.75,9.015455],[-1.837805,8.95],[-1.85,8.91875],[-1.859615,8.95],[-1.92027,9.05],[-1.85,9.105319],[-1.75,9.087255],[-1.67381,9.15],[-1.75,9.207143],[-1.85,9.191176],[-1.904545,9.25],[-1.929661,9.35],[-1.95,9.442308],[-1.953846,9.45],[-1.99,9.55],[-1.95,9.603846],[-1.867647,9.55],[-1.85,9.543023],[-1.810396,9.45],[-1.75,9.360294],[-1.65,9.382787],[-1.56087,9.45],[-1.575,9.55],[-1.55,9.609459],[-1.525,9.65],[-1.466438,9.75],[-1.45,9.791379],[-1.398485,9.85],[-1.35,9.880189],[-1.276,9.95],[-1.325,10.05],[-1.35,10.064925],[-1.45,10.104867],[-1.55,10.137097],[-1.642045,10.05],[-1.65,10.044853],[-1.738356,9.95],[-1.75,9.902778],[-1.85,9.902381],[-1.877778,9.95],[-1.854167,10.05],[-1.85,10.053226],[-1.75,10.081579],[-1.705172,10.15],[-1.65,10.2],[-1.580435,10.25],[-1.559804,10.35],[-1.55,10.4125],[-1.542308,10.45],[-1.55,10.464286],[-1.602941,10.55],[-1.561765,10.65],[-1.55,10.661429],[-1.45,10.682143],[-1.35,10.75],[-1.25,10.8],[-1.197727,10.85],[-1.15,10.941304],[-1.131818,10.95],[-1.05,10.971951],[-0.95,10.951754],[-0.945,10.95],[-0.85,10.859524],[-0.843939,10.85],[-0.775,10.75],[-0.75,10.736],[-0.65,10.702],[-0.55,10.75],[-0.45,10.691667],[-0.422,10.75],[-0.45,10.796667],[-0.5,10.85],[-0.45,10.888095],[-0.395833,10.95],[-0.356818,11.05],[-0.361538,11.15],[-0.35,11.157895],[-0.29,11.15],[-0.340625,11.05],[-0.28125,10.95],[-0.25,10.8875],[-0.238,10.85],[-0.25,10.835714],[-0.3,10.75],[-0.347727,10.65],[-0.35,10.649422],[-0.45,10.646732],[-0.55,10.642754],[-0.645522,10.55],[-0.65,10.544828],[-0.716265,10.45],[-0.65,10.372535],[-0.55,10.357778],[-0.45,10.368182],[-0.35,10.378723],[-0.25,10.384568],[-0.15,10.377273],[-0.05,10.431818],[-0.016667,10.45],[0.05,10.468391],[0.15,10.518254],[0.19878,10.55],[0.25,10.581343],[0.35,10.64697],[0.353125,10.65],[0.45,10.72561],[0.477027,10.75],[0.463043,10.85],[0.55,10.910606],[0.65,10.941892],[0.656667,10.95],[0.65,11.0],[0.63,11.05],[0.573333,11.15],[0.55,11.175926],[0.503488,11.25],[0.51875,11.35],[0.55,11.363514],[0.564706,11.35],[0.65,11.253333],[0.657143,11.25],[0.690351,11.15],[0.75,11.1],[0.85,11.12027],[0.882353,11.15],[0.902174,11.25],[0.85,11.291379],[0.787037,11.35],[0.75,11.421429],[0.721429,11.45],[0.75,11.516667],[0.763333,11.55],[0.85,11.626471],[0.909091,11.55],[0.95,11.475],[1.05,11.512963],[1.15,11.480769],[1.159756,11.45],[1.25,11.385088],[1.316071,11.45],[1.25,11.544872],[1.231818,11.55],[1.25,11.566667],[1.3125,11.65],[1.35,11.685294],[1.45,11.743333],[1.481111,11.65],[1.55,11.566216],[1.65,11.55678],[1.672222,11.55],[1.75,11.498148],[1.8375,11.55],[1.85,11.572222],[1.883333,11.55],[1.95,11.483333],[1.951887,11.45],[1.95,11.444444],[1.85,11.371053],[1.75,11.406667],[1.676087,11.35],[1.65,11.338889],[1.55,11.332609],[1.490625,11.25],[1.45,11.205172],[1.386,11.15],[1.369048,11.05],[1.35,10.977273],[1.32,10.95],[1.309375,10.85],[1.282558,10.75],[1.25,10.716667],[1.203333,10.75],[1.15,10.792105],[1.07381,10.75],[1.05,10.732143],[1.002083,10.65],[0.966216,10.55],[0.95,10.507143],[0.924194,10.45],[0.916667,10.35],[0.95,10.315385],[1.030952,10.25],[1.04,10.15],[1.05,10.136667],[1.061017,10.05],[1.05,10.029032],[0.95,10.013333],[0.882143,9.95],[0.930645,9.85],[0.85,9.757407],[0.838889,9.75],[0.75,9.680435],[0.7,9.65],[0.660526,9.55],[0.65,9.542308],[0.589241,9.45],[0.55,9.389216],[0.512963,9.35],[0.486082,9.25],[0.47451,9.15],[0.471951,9.05],[0.55,8.951538],[0.644118,9.05],[0.65,9.078571],[0.67,9.05],[0.657813,8.95],[0.65,8.938506],[0.588889,8.85],[0.56694,8.75],[0.55,8.658824],[0.534211,8.65],[0.540323,8.55],[0.486364,8.45],[0.471053,8.35],[0.45,8.286],[0.427215,8.25],[0.374306,8.15],[0.368318,8.05],[0.375287,7.95],[0.364865,7.85],[0.35566,7.75],[0.401613,7.65],[0.35,7.596667],[0.330142,7.55],[0.35,7.495098],[0.415714,7.45],[0.394444,7.35],[0.35,7.307895],[0.308824,7.25],[0.318098,7.15],[0.35,7.103982],[0.45,7.131633],[0.47454,7.05],[0.45,6.978571],[0.433505,6.95],[0.373906,6.85],[0.35,6.766471],[0.33,6.75],[0.35,6.720213],[0.4325,6.65],[0.45,6.643],[0.461475,6.65],[0.55,6.721053],[0.577848,6.75],[0.65,6.839062],[0.75,6.803191],[0.805462,6.85],[0.85,6.926812],[0.881373,6.95],[0.932558,7.05],[0.95,7.075],[1.025,7.15],[1.05,7.21],[1.083333,7.25],[1.103333,7.35],[1.15,7.417308],[1.188636,7.45],[1.225701,7.55],[1.218504,7.65],[1.15,7.747753],[1.148758,7.75],[1.15,7.766667],[1.187037,7.85],[1.25,7.944444],[1.35,7.940476],[1.405882,7.85],[1.414706,7.75],[1.45,7.707143],[1.534211,7.65],[1.55,7.63],[1.65,7.65],[1.732143,7.75],[1.727778,7.85],[1.73,7.95],[1.75,7.9875],[1.793478,8.05],[1.85,8.126471],[1.898148,8.05],[1.95,7.994],[1.975455,8.05],[1.996939,8.15],[2.036111,8.25],[2.05,8.28125],[2.077778,8.25],[2.15,8.193478],[2.190625,8.25],[2.224359,8.35],[2.228261,8.45],[2.25,8.502632],[2.35,8.534848],[2.42,8.45],[2.422917,8.35],[2.45,8.309375],[2.536364,8.25],[2.52,8.15],[2.55,8.09375],[2.65,8.133333],[2.666129,8.15],[2.720732,8.25],[2.75,8.28],[2.767647,8.25],[2.779213,8.15],[2.780137,8.05],[2.7825,7.95],[2.8,7.85],[2.85,7.780435],[2.934211,7.85],[2.95,7.871429],[3.034615,7.95],[3.05,7.957407],[3.059524,7.95],[3.1125,7.85],[3.15,7.771053],[3.25,7.85],[3.35,7.853226],[3.366667,7.85],[3.45,7.821429],[3.55,7.75],[3.65,7.756522],[3.666667,7.75],[3.672,7.65],[3.725676,7.55],[3.75,7.480769],[3.776667,7.45],[3.85,7.421795],[3.95,7.364815],[4.042,7.45],[4.05,7.455882],[4.15,7.507692],[4.201724,7.45],[4.19,7.35],[4.25,7.253226],[4.338235,7.35],[4.35,7.369048],[4.394444,7.35],[4.45,7.33],[4.55,7.278571],[4.580769,7.25],[4.636111,7.15],[4.65,7.128261],[4.701429,7.05],[4.75,7.018519],[4.816071,6.95],[4.85,6.921642],[4.95,6.933333],[5.05,6.928462],[5.15,6.935897],[5.25,6.941892],[5.35,6.938172],[5.372,6.95],[5.45,7.028],[5.55,7.036747],[5.65,7.037302],[5.675,7.05],[5.75,7.104545],[5.801282,7.15],[5.85,7.185849],[5.872093,7.15],[5.941429,7.05],[5.95,7.045455],[6.05,7.045122],[6.083333,7.05],[6.124324,7.15],[6.15,7.174359],[6.188776,7.15],[6.25,7.11],[6.316667,7.15],[6.35,7.161538],[6.394118,7.15],[6.45,7.125641],[6.483929,7.15],[6.518182,7.25],[6.55,7.29375],[6.576627,7.35],[6.55,7.44375],[6.45,7.373529],[6.373529,7.45],[6.45,7.487143],[6.482836,7.55],[6.45,7.580556],[6.35,7.607377],[6.292222,7.65],[6.330645,7.75],[6.35,7.772222],[6.445455,7.85],[6.45,7.855882],[6.55,7.897959],[6.65,7.879412],[6.712176,7.95],[6.671839,8.05],[6.65,8.064394],[6.603659,8.05],[6.55,8.019863],[6.525556,8.05],[6.45,8.143151],[6.442647,8.15],[6.396575,8.25],[6.35,8.304839],[6.28,8.35],[6.25,8.371053],[6.184783,8.45],[6.15,8.471622],[6.083333,8.45],[6.05,8.427778],[5.99,8.45],[5.95,8.462698],[5.911905,8.45],[5.85,8.425],[5.793478,8.45],[5.75,8.48125],[5.666667,8.45],[5.65,8.44],[5.643939,8.45],[5.65,8.465385],[5.683333,8.55],[5.65,8.582353],[5.584286,8.65],[5.55,8.66791],[5.45,8.694615],[5.386957,8.65],[5.35,8.61383],[5.253226,8.55],[5.25,8.545833],[5.248361,8.55],[5.227778,8.65],[5.25,8.681818],[5.286145,8.75],[5.25,8.8],[5.15,8.783721],[5.093137,8.75],[5.05,8.702174],[5.019014,8.75],[5.042381,8.85],[5.05,8.89],[5.080769,8.95],[5.05,8.962371],[4.95,8.952326],[4.93,8.95],[4.85,8.932222],[4.77,8.95],[4.75,8.958696],[4.65,9.045238],[4.64726,9.05],[4.646226,9.15],[4.55,9.218919],[4.458,9.25],[4.452273,9.35],[4.483784,9.45],[4.45,9.506818],[4.4,9.55],[4.45,9.65],[4.494898,9.75],[4.456818,9.85],[4.464035,9.95],[4.45,9.967391],[4.374,10.05],[4.35,10.116667],[4.335,10.15],[4.310714,10.25],[4.306818,10.35],[4.25,10.409524],[4.21383,10.45],[4.25,10.494737],[4.345455,10.55],[4.31,10.65],[4.3,10.75],[4.35,10.8],[4.45,10.791935],[4.518421,10.75],[4.55,10.73125],[4.568182,10.75],[4.613043,10.85],[4.55,10.915909],[4.501613,10.95],[4.45,11.0],[4.365789,11.05],[4.35,11.061538],[4.25,11.146154],[4.246296,11.15],[4.15,11.233871],[4.125,11.25],[4.072449,11.35],[4.05,11.382353],[3.95,11.35],[3.909524,11.45],[3.85,11.496296],[3.75,11.481579],[3.675,11.45],[3.65,11.431818],[3.638889,11.45],[3.646,11.55],[3.55,11.635714],[3.535185,11.65],[3.45,11.724194],[3.35,11.686364],[3.298148,11.75],[3.25,11.794828],[3.183333,11.85],[3.15,11.876667],[3.092857,11.85],[3.05,11.795455],[2.983333,11.85],[2.955882,11.95],[3.05,12.007143],[3.11,12.05],[3.05,12.09],[2.95,12.140909],[2.943939,12.15],[2.93,12.25],[2.85,12.308824],[2.772222,12.35],[2.75,12.386364],[2.719565,12.45],[2.75,12.503846],[2.776087,12.55],[2.815217,12.65],[2.85,12.744118],[2.858333,12.75],[2.873077,12.85],[2.892857,12.95],[2.95,12.976667],[2.973529,12.95],[2.985714,12.85],[2.975581,12.75],[2.975532,12.65],[2.983333,12.55],[3.03,12.45],[3.05,12.433333],[3.073256,12.35],[3.120588,12.25],[3.15,12.221429],[3.25,12.160714],[3.259375,12.15],[3.335714,12.05],[3.347297,11.95],[3.35,11.94697],[3.45,11.926596],[3.51875,11.95],[3.508065,12.05],[3.5,12.15],[3.460526,12.25],[3.477778,12.35],[3.495455,12.45],[3.505,12.55],[3.55,12.61],[3.575714,12.55],[3.5875,12.45],[3.586111,12.35],[3.586957,12.25],[3.572857,12.15],[3.5825,12.05],[3.591667,11.95],[3.65,11.923077],[3.707576,11.85],[3.75,11.772222],[3.85,11.763043],[3.861538,11.75],[3.95,11.707407],[4.05,11.65],[4.117164,11.75],[4.108929,11.85],[4.07,11.95],[4.05,11.977778],[4.013889,12.05],[4.022222,12.15],[4.05,12.191667],[4.077778,12.15],[4.136667,12.05],[4.15,12.040909],[4.197619,11.95],[4.184848,11.85],[4.220968,11.75],[4.25,11.709091],[4.278261,11.65],[4.333333,11.55],[4.319643,11.45],[4.35,11.411364],[4.431818,11.35],[4.45,11.334615],[4.483333,11.35],[4.55,11.416667],[4.59,11.35],[4.65,11.29375],[4.701852,11.25],[4.738889,11.15],[4.75,11.133333],[4.806818,11.05],[4.85,10.97963],[4.87963,10.95],[4.85,10.888462],[4.83913,10.85],[4.85,10.75],[4.85,10.75],[4.877273,10.65],[4.85,10.616667],[4.823333,10.55],[4.75,10.471429],[4.736567,10.45],[4.75,10.409091],[4.76625,10.35],[4.772785,10.25],[4.75,10.198571],[4.708537,10.15],[4.69375,10.05],[4.704839,9.95],[4.721951,9.85],[4.713265,9.75],[4.686538,9.65],[4.65,9.618852],[4.611818,9.55],[4.65,9.487313],[4.739286,9.45],[4.75,9.445714],[4.757317,9.45],[4.821667,9.55],[4.8325,9.65],[4.85,9.663462],[4.896667,9.65],[4.95,9.588462],[4.973529,9.65],[5.05,9.722222],[5.133333,9.75],[5.15,9.754],[5.16,9.75],[5.25,9.7],[5.35,9.671739],[5.37,9.65],[5.43,9.55],[5.403846,9.45],[5.45,9.39],[5.482432,9.45],[5.453125,9.55],[5.494444,9.65],[5.55,9.702083],[5.65,9.675],[5.75,9.678571],[5.763158,9.75],[5.811682,9.85],[5.75,9.931481],[5.72973,9.95],[5.65,10.05],[5.75,10.103704],[5.85,10.062245],[5.874,10.05],[5.95,10.012],[6.001667,9.95],[6.05,9.900847],[6.15,9.906098],[6.235714,9.95],[6.25,9.973077],[6.261321,9.95],[6.25,9.914706],[6.230702,9.85],[6.25,9.765385],[6.25274,9.75],[6.25,9.65],[6.25,9.65],[6.25,9.65],[6.283333,9.55],[6.35,9.52193],[6.45,9.481111],[6.477451,9.45],[6.502459,9.35],[6.496667,9.25],[6.511194,9.15],[6.55,9.094681],[6.62,9.05],[6.65,9.030851],[6.75,8.98617],[6.825,9.05],[6.85,9.059524],[6.95,9.077451],[7.0375,9.05],[7.05,9.0375],[7.069178,8.95],[7.05,8.872222],[7.040909,8.85],[7.0,8.75],[7.05,8.671622],[7.067021,8.65],[7.05,8.64],[6.956494,8.55],[7.046296,8.45],[7.05,8.446875],[7.09697,8.35],[7.05,8.306338],[6.95,8.266667],[6.935714,8.25],[6.884483,8.15],[6.947403,8.05],[6.95,8.048165],[6.957407,8.05],[7.05,8.119444],[7.15,8.144382],[7.15625,8.15],[7.193878,8.25],[7.22,8.35],[7.206,8.45],[7.25,8.456707],[7.35,8.464516],[7.45,8.45625],[7.55,8.459677],[7.58871,8.45],[7.621795,8.35],[7.65,8.327083],[7.682353,8.35],[7.75,8.404762],[7.85,8.354808],[7.95,8.391558],[8.023171,8.45],[8.05,8.487931],[8.116667,8.55],[8.15,8.573077],[8.219231,8.65],[8.25,8.705556],[8.35,8.669626],[8.45,8.661724],[8.55,8.669388],[8.65,8.692222],[8.72027,8.75],[8.740909,8.85],[8.75,8.85625],[8.792857,8.85],[8.85,8.838889],[8.95,8.829545],[9.05,8.780952],[9.15,8.75],[9.25,8.764286],[9.279167,8.75],[9.35,8.70641],[9.423913,8.75],[9.45,8.79],[9.55,8.7625],[9.65,8.813043],[9.712963,8.85],[9.75,8.868519],[9.85,8.903846],[9.95,8.9375],[9.955882,8.95],[10.05,8.998485],[10.15,9.004348],[10.225,9.05],[10.25,9.07],[10.35,9.093478],[10.426471,9.15],[10.45,9.164286],[10.522727,9.25],[10.540741,9.35],[10.55,9.391667],[10.572727,9.35],[10.65,9.301429],[10.75,9.25303],[10.752174,9.25],[10.75,9.245],[10.676923,9.15],[10.75,9.106818],[10.798718,9.15],[10.85,9.180769],[10.933333,9.25],[10.95,9.267308],[11.05,9.307426],[11.106579,9.35],[11.15,9.367838],[11.25,9.405963],[11.309259,9.45],[11.35,9.477049],[11.45,9.506977],[11.55,9.492446],[11.65,9.507265],[11.704348,9.55],[11.75,9.5668],[11.85,9.645082],[11.8875,9.65],[11.95,9.660638],[12.023684,9.75],[12.05,9.85],[11.95,9.892857],[11.948684,9.85],[11.95,9.843333],[12.05,9.85],[12.088462,9.75],[12.120833,9.65],[12.15,9.620833],[12.25,9.566535],[12.35,9.557059],[12.38871,9.55],[12.445745,9.45],[12.45,9.442],[12.468548,9.35],[12.51,9.25],[12.45,9.18617],[12.35,9.245918],[12.25,9.223171],[12.197619,9.25],[12.194444,9.35],[12.15,9.380189],[12.05,9.41],[11.95,9.35],[11.85,9.369672],[11.792857,9.35],[11.75,9.337671],[11.65,9.27037],[11.607692,9.25],[11.55,9.232558],[11.45,9.157843],[11.4375,9.15],[11.35,9.123077],[11.276923,9.05],[11.252857,8.95],[11.25,8.94],[11.207143,8.85],[11.15,8.8125],[11.112963,8.75],[11.139474,8.65],[11.05,8.552857],[10.95,8.623913],[10.895161,8.55],[10.85,8.51],[10.75,8.5375],[10.70625,8.45],[10.708824,8.35],[10.75,8.293243],[10.803846,8.35],[10.85,8.396154],[10.922,8.35],[10.95,8.296154],[10.978571,8.25],[11.016667,8.15],[10.95,8.05],[10.95,8.05],[10.95,8.05],[10.9925,7.95],[10.95,7.921186],[10.860638,7.85],[10.85,7.848534],[10.846552,7.85],[10.75,7.945238],[10.65,7.94697],[10.576437,7.85],[10.55,7.795238],[10.517241,7.75],[10.45,7.709375],[10.35,7.656061],[10.343333,7.65],[10.305357,7.55],[10.314444,7.45],[10.25,7.380952],[10.15,7.372581],[10.05,7.437097],[9.95,7.431081],[9.85,7.41],[9.761765,7.35],[9.75,7.325],[9.721429,7.25],[9.75,7.183333],[9.757895,7.15],[9.75,7.147619],[9.655385,7.05],[9.65,7.003333],[9.636792,7.05],[9.55,7.142],[9.496512,7.05],[9.492553,6.95],[9.45,6.907447],[9.35,6.89],[9.25,6.932759],[9.161111,6.85],[9.159589,6.75],[9.15,6.711111],[9.121053,6.65],[9.05,6.605],[9.020796,6.55],[8.95,6.463043],[8.936813,6.45],[8.867778,6.35],[8.95,6.255128],[8.963483,6.25],[9.05,6.193382],[9.115812,6.25],[9.097368,6.35],[9.15,6.421429],[9.164706,6.35],[9.195455,6.25],[9.25,6.167241],[9.35,6.160169],[9.368367,6.15],[9.45,6.087984],[9.462997,6.05],[9.453521,5.95],[9.45,5.943151],[9.3879,5.85],[9.45,5.783659],[9.537342,5.75],[9.55,5.722973],[9.58375,5.65],[9.55,5.619318],[9.45,5.634302],[9.35,5.5875],[9.25,5.604545],[9.164286,5.55],[9.17029,5.45],[9.162025,5.35],[9.15,5.323973],[9.137248,5.35],[9.05,5.439041],[9.038732,5.45],[8.970339,5.55],[8.95,5.575532],[8.85,5.634191],[8.75,5.617647],[8.740756,5.65],[8.679365,5.75],[8.65,5.781356],[8.55,5.823611],[8.45,5.766667],[8.420455,5.75],[8.366,5.65],[8.402055,5.55],[8.45,5.50625],[8.538235,5.45],[8.55,5.44],[8.65,5.39375],[8.730198,5.45],[8.75,5.496512],[8.759302,5.45],[8.766768,5.35],[8.773834,5.25],[8.803472,5.15],[8.85,5.09322],[8.890157,5.05],[8.930892,4.95],[8.95,4.927778],[9.027778,4.85],[9.05,4.822222],[9.069949,4.75],[9.142899,4.65],[9.15,4.642157],[9.25,4.62686],[9.35,4.580723],[9.45,4.609091],[9.498649,4.65],[9.55,4.714045],[9.608763,4.65],[9.65,4.624522],[9.69878,4.65],[9.75,4.66573],[9.835714,4.65],[9.85,4.643694],[9.95,4.610526],[10.05,4.569481],[10.15,4.644231],[10.25,4.608537],[10.314151,4.65],[10.35,4.674675],[10.436567,4.75],[10.45,4.756667],[10.4725,4.75],[10.45567,4.65],[10.45,4.647699],[10.35,4.592424],[10.327419,4.55],[10.25,4.528667],[10.1792,4.45],[10.16934,4.35],[10.176549,4.25],[10.22563,4.15],[10.215347,4.05],[10.25,3.970455],[10.35,4.000769],[10.41875,3.95],[10.45,3.929167],[10.537692,3.85],[10.55,3.813636],[10.65,3.8375],[10.732353,3.75],[10.65,3.676316],[10.634848,3.65],[10.65,3.608333],[10.658434,3.55],[10.65,3.527419],[10.623913,3.45],[10.55,3.389286],[10.45,3.377174],[10.425962,3.35],[10.402976,3.25],[10.389482,3.15],[10.45,3.074597],[10.496212,3.05],[10.45,3.009603],[10.35,3.03254],[10.251887,2.95],[10.32561,2.85],[10.306627,2.75],[10.25,2.656931],[10.243069,2.65],[10.204348,2.55],[10.160061,2.45],[10.177727,2.35],[10.158966,2.25],[10.15,2.221111],[10.122174,2.15],[10.078261,2.05],[10.05,1.971212],[10.035714,1.95],[9.981469,1.85],[9.957216,1.75],[9.951299,1.65],[9.95,1.6475],[9.924,1.55],[9.874,1.45],[9.85,1.394444],[9.818,1.35],[9.85,1.315957],[9.90503,1.25],[9.95,1.200649],[9.987681,1.15],[10.05,1.058511],[10.055172,1.05],[10.05812,0.95],[10.05,0.914815],[10.033254,0.85],[10.05,0.789655],[10.113889,0.75],[10.122362,0.65],[10.15,0.579487],[10.159312,0.55],[10.215,0.45],[10.25,0.412963],[10.34084,0.35],[10.35,0.33209],[10.388194,0.25],[10.45,0.180469],[10.55,0.153571],[10.585294,0.15],[10.65,0.134507],[10.711856,0.05],[10.75,-0.02551],[10.779268,-0.05],[10.85,-0.072835],[10.95,-0.136792],[11.0375,-0.15],[10.95,-0.155],[10.87963,-0.25],[10.85,-0.301376],[10.791111,-0.35],[10.775806,-0.45],[10.75,-0.503333],[10.729412,-0.55],[10.692537,-0.65],[10.75,-0.743902],[10.753165,-0.75],[10.794937,-0.85],[10.784266,-0.95],[10.7924,-1.05],[10.772778,-1.15],[10.753297,-1.25],[10.85,-1.324576],[10.859934,-1.35],[10.890435,-1.45],[10.95,-1.527841],[10.963781,-1.55],[11.03,-1.65],[11.05,-1.67381],[11.087736,-1.75],[11.15,-1.834615],[11.192857,-1.85],[11.25,-1.89507],[11.322222,-1.95],[11.35,-1.98125],[11.38587,-2.05],[11.422881,-2.15],[11.45,-2.176667],[11.513768,-2.25],[11.55,-2.290984],[11.611017,-2.35],[11.65,-2.394231],[11.715909,-2.45],[11.65,-2.532857],[11.638679,-2.55],[11.65,-2.567647],[11.695902,-2.65],[11.70102,-2.75],[11.75,-2.804545],[11.807143,-2.85],[11.85,-2.878846],[11.940244,-2.95],[11.95,-2.960256],[12.05,-3.044595],[12.061765,-3.05],[12.15,-3.097619],[12.228947,-3.05],[12.218889,-2.95],[12.25,-2.936792],[12.272581,-2.95],[12.35,-3.012338],[12.381183,-3.05],[12.45,-3.110952],[12.483333,-3.15],[12.55,-3.22193],[12.582,-3.25],[12.65,-3.337179],[12.667241,-3.35],[12.710759,-3.45],[12.75,-3.498438],[12.85,-3.539796],[12.859804,-3.55],[12.95,-3.646842],[12.953947,-3.65],[12.95,-3.683333],[12.936364,-3.75],[12.95,-3.763636],[13.021698,-3.85],[13.015217,-3.95],[13.05,-3.996154],[13.089437,-4.05],[13.15,-4.10375],[13.25,-4.10974],[13.35,-4.116667],[13.45,-4.132353],[13.55,-4.133333],[13.65,-4.139865],[13.725,-4.15],[13.65,-4.172388],[13.55,-4.159559],[13.45,-4.159302],[13.36,-4.25],[13.35,-4.280952],[13.25,-4.321875],[13.15,-4.3],[13.05,-4.255185],[13.044017,-4.25],[12.969643,-4.15],[12.95,-4.133333],[12.8875,-4.05],[12.85,-4.012069],[12.764286,-3.95],[12.75,-3.933333],[12.706311,-3.85],[12.65,-3.797273],[12.55,-3.791176],[12.453226,-3.85],[12.45,-3.850943],[12.35,-3.876984],[12.259804,-3.95],[12.25,-3.953623],[12.216667,-3.95],[12.15,-3.902381],[12.102174,-3.85],[12.05,-3.792857],[11.997059,-3.75],[12.02381,-3.65],[12.05,-3.642466],[12.071154,-3.65],[12.15,-3.690594],[12.25,-3.652],[12.251282,-3.65],[12.25,-3.648276],[12.209574,-3.55],[12.15,-3.481707],[12.122143,-3.45],[12.055,-3.35],[12.05,-3.343182],[11.99058,-3.25],[11.95,-3.17],[11.9325,-3.15],[11.85,-3.102857],[11.782653,-3.15],[11.75,-3.177119],[11.720909,-3.15],[11.65,-3.06875],[11.639412,-3.05],[11.65,-3.034211],[11.720588,-2.95],[11.683333,-2.85],[11.65,-2.821429],[11.55,-2.795],[11.533784,-2.75],[11.45,-2.664679],[11.380435,-2.65],[11.35,-2.635106],[11.3,-2.55],[11.25,-2.50122],[11.218657,-2.45],[11.198214,-2.35],[11.15,-2.300909],[11.110563,-2.25],[11.058791,-2.15],[11.05,-2.141398],[10.98609,-2.05],[10.95,-2.008974],[10.875806,-1.95],[10.85,-1.9125],[10.793662,-1.85],[10.75,-1.801563],[10.685294,-1.75],[10.65,-1.722308],[10.594706,-1.65],[10.55,-1.610417],[10.509574,-1.65],[10.497059,-1.75],[10.472556,-1.85],[10.48,-1.95],[10.505172,-2.05],[10.55,-2.132979],[10.564035,-2.15],[10.626768,-2.25],[10.65,-2.288983],[10.698649,-2.35],[10.73785,-2.45],[10.75,-2.46625],[10.790625,-2.45],[10.85,-2.410417],[10.880159,-2.45],[10.892593,-2.55],[10.918539,-2.65],[10.95,-2.732353],[10.956897,-2.75],[10.996324,-2.85],[11.05,-2.914602],[11.097619,-2.95],[11.15,-3.019841],[11.165966,-3.05],[11.25,-3.104348],[11.35,-3.113636],[11.441429,-3.15],[11.45,-3.157143],[11.55,-3.244413],[11.593478,-3.25],[11.65,-3.26383],[11.719828,-3.35],[11.75,-3.386082],[11.80082,-3.45],[11.75,-3.541176],[11.65,-3.525439],[11.55,-3.453509],[11.547059,-3.45],[11.463978,-3.35],[11.45,-3.335714],[11.35,-3.269101],[11.309036,-3.25],[11.25,-3.213158],[11.15,-3.17971],[11.084921,-3.15],[11.05,-3.1225],[10.95,-3.074528],[10.85,-3.093796],[10.79539,-3.15],[10.801408,-3.25],[10.85,-3.3075],[10.889844,-3.35],[10.95,-3.40461],[10.99812,-3.45],[11.05,-3.491071],[11.15,-3.528059],[11.217532,-3.55],[11.25,-3.568797],[11.35,-3.629339],[11.39902,-3.65],[11.45,-3.672222],[11.55,-3.725862],[11.578926,-3.75],[11.65,-3.816667],[11.75,-3.822603],[11.770202,-3.85],[11.85,-3.920536],[11.900769,-3.95],[11.95,-3.985165],[12.045161,-4.05],[12.05,-4.052885],[12.15,-4.0675],[12.167838,-4.15],[12.15,-4.183333],[12.087143,-4.25],[12.15,-4.297826],[12.246,-4.35],[12.25,-4.352479],[12.257895,-4.35],[12.35,-4.324265],[12.45,-4.342593],[12.457299,-4.35],[12.45,-4.372727],[12.35,-4.413636],[12.335507,-4.45],[12.35,-4.480769],[12.407692,-4.55],[12.45,-4.595833],[12.53125,-4.65],[12.55,-4.657563],[12.65,-4.75],[12.65,-4.75],[12.75,-4.772388],[12.788462,-4.75],[12.85,-4.736127],[12.882877,-4.75],[12.871583,-4.85],[12.85,-4.940909],[12.844444,-4.95],[12.85,-4.963043],[12.914516,-5.05],[12.85,-5.07439],[12.780337,-5.15],[12.85,-5.209048],[12.934314,-5.25],[12.95,-5.262698],[12.994355,-5.35],[12.993548,-5.45],[13.011667,-5.55],[13.05,-5.615714],[13.073077,-5.65],[13.121845,-5.75],[13.15,-5.773387],[13.25,-5.787313],[13.35,-5.790476],[13.45,-5.837879],[13.468182,-5.85],[13.45,-5.857843],[13.400265,-5.95],[13.370588,-6.05],[13.35,-6.116667],[13.331579,-6.15],[13.35,-6.191176],[13.361765,-6.25],[13.35,-6.305556],[13.323333,-6.35],[13.25,-6.39],[13.195,-6.45],[13.200562,-6.55],[13.18038,-6.65],[13.202857,-6.75],[13.176415,-6.85],[13.15,-6.932353],[13.144737,-6.95],[13.15,-6.956977],[13.214516,-7.05],[13.25,-7.103659],[13.287255,-7.15],[13.269298,-7.25],[13.315385,-7.35],[13.35,-7.40625],[13.381818,-7.45],[13.39375,-7.55],[13.45,-7.599315],[13.55,-7.643902],[13.65,-7.644375],[13.7,-7.65],[13.713793,-7.75],[13.65,-7.79625],[13.593421,-7.85],[13.604,-7.95],[13.65,-8.026667],[13.660606,-8.05],[13.65,-8.127778],[13.64661,-8.15],[13.65,-8.216667],[13.651667,-8.25],[13.75,-8.336765],[13.771429,-8.35],[13.828667,-8.45],[13.85,-8.468182],[13.95,-8.522662],[14.007576,-8.55],[14.029688,-8.65],[14.05,-8.711905],[14.068182,-8.75],[14.15,-8.80625],[14.191176,-8.85],[14.211728,-8.95],[14.25,-9.033784],[14.266216,-9.05],[14.25,-9.15],[14.25,-9.15],[14.25,-9.15],[14.309434,-9.25],[14.35,-9.310563],[14.406,-9.35],[14.45,-9.383333],[14.498352,-9.45],[14.504386,-9.55],[14.516165,-9.65],[14.531538,-9.75],[14.45,-9.81625],[14.426522,-9.85],[14.363669,-9.95],[14.35,-9.967117],[14.305122,-10.05],[14.313158,-10.15],[14.282669,-10.25],[14.264483,-10.35],[14.25,-10.426364],[14.241558,-10.45],[14.195581,-10.55],[14.170463,-10.65],[14.171693,-10.75],[14.15,-10.841111],[14.146078,-10.85],[14.15,-10.93],[14.15073,-10.95],[14.15,-10.952941],[14.119444,-11.05],[14.05,-11.146154],[14.03125,-11.15],[14.05,-11.175],[14.056429,-11.25],[14.05,-11.265],[13.95,-11.307143],[13.935542,-11.35],[13.95,-11.413158],[13.975,-11.45],[13.95,-11.456863],[13.85,-11.493243]],[[33.15,29.123214],[33.183607,29.05],[33.25,28.976027],[33.2652,28.95],[33.280978,28.85],[33.317544,28.75],[33.329333,28.65]],[[-10.45,28.951471],[-10.433333,28.95],[-10.45,28.947674],[-10.45101,28.95]],[[32.620213,28.85],[32.641304,28.75],[32.65,28.725],[32.691739,28.65],[32.75,28.587963]],[[33.35,28.5725],[33.45,28.630519],[33.55,28.557026],[33.556369,28.55],[33.65,28.451782],[33.651566,28.45],[33.707709,28.35],[33.75,28.277273],[33.760588,28.25],[33.810843,28.15]],[[32.775309,28.55],[32.831982,28.45],[32.85,28.431651],[32.914029,28.35],[32.95,28.2875],[32.972222,28.25],[33.033886,28.15],[33.05,28.112637],[33.112637,28.05],[33.15,27.997692],[33.173308,27.95],[33.21962,27.85],[33.241667,27.75],[33.243333,27.65],[33.25,27.618182],[33.270833,27.55],[33.3375,27.45],[33.35,27.436614],[33.438,27.35],[33.45,27.32619],[33.516667,27.25],[33.55,27.239958],[33.65,27.158911],[33.656923,27.15],[33.722917,27.05],[33.75,27.009794],[33.794961,26.95],[33.85,26.867442]],[[34.05,27.924586],[34.15,27.853599],[34.25,27.89]],[[33.897479,26.65],[33.904362,26.55],[33.95,26.503425]],[[33.995614,26.45],[34.033582,26.35],[34.05,26.321429],[34.084161,26.25],[34.104955,26.15],[34.135714,26.05],[34.15,26.026119],[34.228462,25.95],[34.25,25.876316],[34.25463,25.85],[34.35,25.75],[34.35,25.75],[34.437931,25.65],[34.45,25.641083],[34.524869,25.55],[34.55,25.461111]],[[34.554225,25.45],[34.601316,25.35],[34.65,25.260843]],[[34.657692,25.25],[34.730165,25.15],[34.75,25.122414]],[[34.790127,25.05],[34.836667,24.95],[34.85,24.925556],[34.894156,24.85],[34.9475,24.75],[34.95,24.738889],[34.96791,24.65],[34.999573,24.55],[35.05,24.454839],[35.052273,24.45],[35.15,24.36457]],[[35.164667,24.35],[35.245798,24.25],[35.25,24.241379],[35.291406,24.15],[35.305932,24.05],[35.335841,23.95],[35.35,23.919231],[35.379388,23.85],[35.391975,23.75],[35.403047,23.65],[35.419147,23.55],[35.419341,23.45],[35.388172,23.35],[35.35,23.297407],[35.27967,23.25],[35.25,23.200909],[35.203333,23.15],[35.25,23.131818],[35.315625,23.05],[35.35,22.974138],[35.371212,22.95],[35.425325,22.85],[35.45,22.763636],[35.455357,22.75],[35.55,22.682051],[35.586765,22.65],[35.65,22.582812],[35.675301,22.55],[35.75,22.480337],[35.794262,22.45],[35.85,22.41092],[35.901456,22.35],[35.95,22.277536],[36.05,22.316923],[36.15,22.35],[36.15,22.35],[36.15,22.35],[36.25,22.319853],[36.35,22.291837],[36.411194,22.25],[36.45,22.214865],[36.538889,22.15],[36.55,22.141367],[36.640071,22.05],[36.65,22.035714],[36.707534,21.95],[36.746356,21.85],[36.741379,21.75],[36.75,21.675926],[36.754242,21.65],[36.76338,21.55],[36.793902,21.45],[36.833085,21.35],[36.85,21.296032],[36.871014,21.25],[36.911688,21.15],[36.95,21.060606],[36.955,21.05],[37.021032,20.95],[37.035255,20.85],[37.03815,20.75],[37.045322,20.65],[37.040833,20.55],[37.041411,20.45],[37.021739,20.35],[37.026571,20.25],[37.018116,20.15],[37.018889,20.05],[37.019182,19.95],[37.009664,19.85],[37.02069,19.75],[37.044468,19.65],[37.05,19.633544],[37.084737,19.55],[37.088462,19.45],[37.117826,19.35],[37.11686,19.25],[37.15,19.186667],[37.169527,19.15],[37.182331,19.05],[37.228142,18.95],[37.249278,18.85],[37.25,18.848387],[37.307277,18.75],[37.336522,18.65],[37.35,18.584043],[37.3628,18.55],[37.400794,18.45],[37.42619,18.35],[37.45,18.30098],[37.469259,18.25],[37.487824,18.15],[37.45431,18.05],[37.45,18.039362],[37.433529,17.95],[37.418545,17.85],[37.402756,17.75],[37.35,17.661842],[37.346018,17.65],[37.25,17.555652],[37.211765,17.55],[37.25,17.529687],[37.35,17.531818],[37.409016,17.45],[37.444444,17.35],[37.45,17.341667],[37.455769,17.35],[37.485211,17.45],[37.523684,17.55],[37.522941,17.65],[37.55,17.696],[37.598214,17.75],[37.588835,17.85],[37.596939,17.95],[37.641736,18.05],[37.65,18.058929],[37.75,18.133841],[37.85,18.063131],[37.95,18.091935],[38.05,18.103812],[38.15,18.100193],[38.212802,18.05],[38.25,17.984746],[38.276115,17.95],[38.31696,17.85],[38.35,17.75625],[38.357246,17.75],[38.45,17.661111],[38.460959,17.65],[38.547368,17.55],[38.55,17.5475],[38.65,17.458333],[38.655376,17.45],[38.714151,17.35],[38.75,17.276923],[38.763592,17.25],[38.775455,17.15],[38.768681,17.05],[38.817586,16.95],[38.835098,16.85],[38.846755,16.75],[38.85,16.737209],[38.914103,16.65],[38.941837,16.55],[38.95,16.519231],[38.973478,16.45],[38.99433,16.35],[38.982927,16.25],[39.010656,16.15],[39.05,16.086842],[39.066471,16.05],[39.072581,15.95],[39.05,15.88],[39.048305,15.85],[39.047539,15.75],[39.05,15.74127],[39.15,15.695833],[39.190741,15.65],[39.25,15.581915],[39.288961,15.55],[39.35,15.534839],[39.438255,15.45],[39.45,15.42619],[39.478455,15.45]],[[39.580556,15.35],[39.55,15.293103],[39.535915,15.25],[39.55,15.23615],[39.62458,15.15],[39.65,15.133988],[39.74026,15.05],[39.75,15.036813],[39.836957,15.05],[39.85,15.054891],[39.95,15.050641],[39.950806,15.05],[40.04125,14.95],[39.959195,14.85],[39.95,14.844074],[39.927402,14.75],[39.95,14.702963],[40.005,14.65],[40.05,14.55],[40.05,14.55],[40.107068,14.45],[40.128252,14.35],[40.15,14.310839],[40.185438,14.25],[40.205009,14.15],[40.199543,14.05],[40.1875,13.95],[40.192105,13.85],[40.199799,13.75],[40.221667,13.65],[40.241026,13.55],[40.25,13.532323],[40.308845,13.45],[40.332114,13.35],[40.339059,13.25],[40.35,13.219286],[40.41831,13.15],[40.45,13.11371],[40.55,13.125117],[40.65,13.08681],[40.694118,13.05],[40.75,12.964607],[40.762621,12.95],[40.780252,12.85],[40.85,12.770952],[40.87619,12.75],[40.95,12.72156],[41.05,12.685644],[41.15,12.663068],[41.25,12.688793],[41.296405,12.75],[41.35,12.795304],[41.418333,12.75],[41.45,12.699333],[41.55,12.706725],[41.65,12.740722],[41.705696,12.65],[41.75,12.56954],[41.85,12.623196],[41.858814,12.65],[41.85,12.679885],[41.817027,12.75],[41.85,12.834722],[41.855851,12.85],[41.87,12.95],[41.85,13.03],[41.75,13.031884],[41.65,12.981657],[41.55,13.007655],[41.507792,13.05],[41.456224,13.15],[41.45,13.172901],[41.41203,13.25],[41.38745,13.35],[41.361312,13.45],[41.35,13.46773],[41.279697,13.55],[41.25,13.571778],[41.15,13.633432],[41.133626,13.65],[41.05,13.724479],[41.025862,13.75],[40.950529,13.85],[40.95,13.85113],[40.882432,13.95],[40.853681,14.05],[40.85,14.064634],[40.808824,14.15],[40.75,14.209524],[40.717308,14.25],[40.674164,14.35],[40.651183,14.45],[40.75,14.544886],[40.85,14.489098],[40.95,14.539431],[41.05,14.491139],[41.094828,14.45],[41.15,14.397368],[41.25,14.358392]],[[41.257792,14.35],[41.320563,14.25],[41.35,14.17],[41.361888,14.15],[41.406395,14.05],[41.436538,13.95],[41.45,13.933969],[41.544828,13.85],[41.55,13.847665],[41.65,13.8],[41.75,13.766766],[41.792424,13.75],[41.85,13.732648],[41.943782,13.65],[41.95,13.628571],[41.992718,13.55],[42.034685,13.45],[42.05,13.430233],[42.103077,13.35],[42.109,13.25],[42.15,13.224214],[42.247521,13.15],[42.25,13.147931],[42.35,13.136667],[42.45,13.114467],[42.55,13.05289]],[[42.553185,13.05],[42.596377,12.95],[42.55,12.881429],[42.515354,12.85],[42.55,12.804639],[42.603535,12.75],[42.65,12.716423],[42.75,12.665596],[42.783333,12.65],[42.85,12.612637],[42.95,12.579927],[42.985652,12.55],[43.05,12.488843],[43.098454,12.45],[43.15,12.365254],[43.156429,12.35],[43.232266,12.25],[43.176174,12.15],[43.15,12.085],[43.142708,12.05],[43.120743,11.95]],[[50.924265,11.85],[50.95,11.793548],[50.978421,11.75],[50.95,11.738312],[50.85,11.701111],[50.75,11.723333],[50.65,11.725352],[50.55,11.719655]],[[42.504597,11.65],[42.45,11.716897],[42.389241,11.75],[42.35,11.82686],[42.322321,11.75],[42.310645,11.65],[42.35,11.563475],[42.445,11.55],[42.45,11.54964]],[[42.982609,11.55],[43.05,11.477344],[43.075735,11.45],[43.122449,11.35],[43.136207,11.25],[43.137681,11.15],[43.15,11.091379],[43.167391,11.05],[43.225,10.95],[43.25,10.905882],[43.288,10.85],[43.35,10.7725],[43.365254,10.75],[43.45,10.662281],[43.463725,10.65],[43.55,10.591333],[43.592466,10.55],[43.65,10.519343],[43.741346,10.45],[43.75,10.445213],[43.85,10.424074],[43.95,10.355063],[43.963333,10.35],[44.05,10.325238],[44.15,10.313265],[44.238571,10.25],[44.25,10.246396],[44.35,10.221271],[44.45,10.23271],[44.55,10.242032],[44.576667,10.25],[44.65,10.2775],[44.75,10.277397],[44.85,10.29424],[44.95,10.315116],[45.045745,10.35]],[[49.910092,11.45],[49.95,11.42803],[50.037879,11.45]],[[51.05,11.391489],[51.043434,11.35],[51.021957,11.25],[50.984766,11.15],[50.95,11.079365],[50.926433,11.05],[50.875581,10.95],[50.858571,10.85],[50.95,10.770988],[50.965315,10.75],[50.95,10.726712],[50.877273,10.65],[50.864286,10.55],[50.85,10.542701],[50.75,10.540598],[50.704167,10.55],[50.65,10.572414],[50.632192,10.55],[50.584,10.45],[50.55,10.396875],[50.507746,10.35],[50.55,10.319697],[50.65,10.330822],[50.716667,10.35],[50.75,10.356195],[50.760448,10.35],[50.840588,10.25],[50.85,10.227778]],[[48.35,11.196025],[48.45,11.207598],[48.526797,11.15],[48.55,11.121825],[48.65,11.112869],[48.75,11.114626],[48.85,11.112128],[48.95,11.126695],[49.05,11.120426],[49.15,11.090714],[49.21748,11.15],[49.25,11.177778],[49.306216,11.25]],[[47.35,11.065957],[47.45,11.103727],[47.55,11.089576]],[[48.05,11.103415],[48.15,11.111131],[48.25,11.128221],[48.302174,11.15]],[[47.73254,11.05],[47.75,11.047253],[47.786667,11.05]],[[46.85,10.77625],[46.95,10.847539],[46.958333,10.85]],[[45.780921,10.75],[45.75,10.694706],[45.708696,10.65],[45.65,10.600909],[45.598148,10.55],[45.55,10.453704],[45.544444,10.45],[45.45,10.415657],[45.35,10.433168],[45.25,10.438024],[45.15,10.394976],[45.05,10.352299]],[[45.891667,10.75],[45.915972,10.65],[45.95,10.633934],[46.05,10.619944],[46.15,10.65],[46.15,10.65],[46.15,10.65],[46.25,10.629545],[46.327778,10.65],[46.35,10.655187]],[[46.820423,10.75],[46.75,10.693182],[46.713981,10.65],[46.69,10.55],[46.65,10.520455],[46.6292,10.55],[46.55,10.593421],[46.45,10.607738],[46.36125,10.65]],[[50.75,9.634615],[50.658333,9.55],[50.75,9.45],[50.673611,9.35]],[[50.65,9.328205],[50.55,9.27027],[50.498276,9.25],[50.535714,9.15],[50.466216,9.05]],[[50.45,9.031818],[50.35,8.955063],[50.34403,8.95],[50.309375,8.85],[50.282787,8.75]],[[50.25,8.630952],[50.223643,8.55],[50.167978,8.45]],[[50.05,8.281579],[50.015909,8.25],[49.95,8.175641],[49.924684,8.15]],[[49.85,8.064493],[49.75,8.11],[49.673636,8.05],[49.675714,7.95],[49.65,7.92],[49.6125,7.85],[49.564634,7.75],[49.55,7.732857],[49.4775,7.65],[49.45,7.6225],[49.371622,7.55],[49.35,7.527778],[49.2625,7.45],[49.25,7.441111],[49.15,7.359091],[49.137234,7.35],[49.05,7.282787],[48.95,7.253333],[48.925,7.25],[48.85,7.230645],[48.75,7.178571],[48.67,7.15],[48.65,7.144872],[48.55,7.087143],[48.488095,7.05],[48.45,7.025],[48.35,6.956452],[48.341304,6.95],[48.254762,6.85],[48.25,6.845455],[48.1625,6.75],[48.15,6.732353],[48.072222,6.65],[48.05,6.616667],[47.996667,6.55],[47.95,6.50625],[47.85,6.45],[47.788462,6.35],[47.75,6.308333],[47.672222,6.25],[47.65,6.238889],[47.55,6.194444],[47.526471,6.15],[47.486842,6.05],[47.45,6.013158],[47.35,5.96],[47.331818,5.95],[47.26,5.85],[47.25,5.838235],[47.181818,5.75],[47.15,5.691667],[47.094444,5.65],[47.05,5.55],[46.96,5.45],[46.95,5.444444],[46.85,5.35],[46.75,5.25],[46.65,5.159091],[46.63,5.15],[46.55,5.116667],[46.45,5.059091],[46.44,5.05],[46.35,4.95],[46.288462,4.85],[46.25,4.766667],[46.235714,4.75],[46.168182,4.65],[46.15,4.625],[46.103846,4.55],[46.077778,4.45],[46.05,4.35],[46.1025,4.25],[46.107692,4.15],[46.094231,4.05],[46.09359,3.95],[46.11,3.85],[46.058,3.75],[46.05,3.716667],[46.023333,3.65],[45.973333,3.55],[45.9575,3.45],[45.95,3.44],[45.85,3.414516],[45.804167,3.45],[45.793902,3.55],[45.830952,3.65],[45.774,3.75],[45.75,3.776667],[45.705405,3.85],[45.675275,3.95],[45.65,4.045833],[45.646774,4.05],[45.638,4.15],[45.55,4.220968],[45.525676,4.25],[45.45,4.291791],[45.390909,4.35],[45.361864,4.45],[45.35,4.491176],[45.306522,4.55],[45.273333,4.65],[45.25,4.687838],[45.176316,4.65],[45.181579,4.55],[45.25,4.45],[45.25,4.45],[45.291304,4.35],[45.25,4.303659],[45.192105,4.25],[45.202941,4.15],[45.202,4.05],[45.25,3.995455],[45.29,3.95],[45.342308,3.85],[45.35,3.8],[45.356977,3.75],[45.35,3.732353],[45.298148,3.65],[45.25,3.609375],[45.170833,3.55],[45.15,3.534375],[45.056897,3.45],[45.05,3.439474],[44.996875,3.35],[44.95,3.304545],[44.90814,3.25],[44.85,3.180556],[44.823171,3.15],[44.75,3.091176],[44.677586,3.05],[44.65,3.029487],[44.55,2.973684],[44.468182,2.95],[44.45,2.944118],[44.35,2.914516],[44.25,2.875],[44.191667,2.85],[44.15,2.828261],[44.05,2.756667],[44.038889,2.75],[43.95,2.688462],[43.928261,2.65],[43.85,2.555263],[43.845455,2.55],[43.754348,2.45],[43.75,2.444118],[43.65,2.366667],[43.625,2.35],[43.55,2.303846],[43.486364,2.25],[43.45,2.224194],[43.35,2.182143],[43.29375,2.15],[43.25,2.1],[43.15,2.086667],[43.05,2.0625],[43.025,2.05],[42.95,2.007143],[42.85,1.95],[42.75,1.919697],[42.714286,1.95],[42.65,1.986735],[42.55,2.025],[42.532759,2.05],[42.482258,2.15],[42.45,2.202632],[42.437324,2.25],[42.45,2.281034],[42.47381,2.35],[42.476667,2.45],[42.45,2.543333],[42.35,2.545775],[42.25,2.509259],[42.202941,2.45],[42.15,2.417568],[42.05,2.393182],[41.95,2.37],[41.935714,2.35],[41.95,2.339062],[42.039062,2.25],[42.05,2.15],[42.05,2.15],[42.07069,2.05],[42.05,1.997059],[42.006757,1.95],[41.988636,1.85],[41.95,1.809524],[41.885897,1.75],[41.85,1.703333],[41.75,1.75],[41.75,1.75],[41.756667,1.85],[41.824194,1.95],[41.767647,2.05],[41.75,2.066667],[41.65625,2.15],[41.65,2.156897],[41.635714,2.15],[41.55,2.113636],[41.45,2.121053],[41.35,2.089024],[41.25,2.083333],[41.234211,2.05],[41.1875,1.95],[41.15,1.897826],[41.08125,1.85],[41.05,1.822222],[40.95,1.783333],[40.89,1.75],[40.85,1.726471],[40.75,1.7],[40.65,1.683333],[40.55,1.65],[40.45,1.611111],[40.35,1.5625],[40.322727,1.55],[40.25,1.5],[40.161111,1.45],[40.15,1.4],[40.138889,1.35],[40.1,1.25],[40.05,1.21],[40.026923,1.15],[40.0125,1.05],[39.95,1.004545],[39.883333,0.95],[39.85,0.93],[39.821429,0.85],[39.846774,0.75],[39.85,0.733333],[39.87,0.65],[39.85,0.630769],[39.75,0.646774],[39.745455,0.65],[39.65,0.75],[39.565385,0.85],[39.55,0.875],[39.45,0.95],[39.41,0.85],[39.419565,0.75],[39.416667,0.65],[39.441176,0.55],[39.45,0.53],[39.51,0.45],[39.536667,0.35],[39.55,0.33],[39.616667,0.25],[39.65,0.2],[39.688095,0.15],[39.75,0.090909],[39.80625,0.05],[39.835,-0.05],[39.85,-0.092857],[39.865385,-0.15],[39.902,-0.25],[39.935714,-0.35],[39.935714,-0.45],[39.85,-0.504545],[39.75,-0.485417],[39.72069,-0.45],[39.670455,-0.35],[39.65,-0.328571],[39.586538,-0.25],[39.55,-0.217241],[39.45,-0.16],[39.433333,-0.15],[39.35,-0.132558],[39.25,-0.13169],[39.15,-0.145652],[39.145238,-0.15],[39.15,-0.151923],[39.25,-0.176],[39.35,-0.196875],[39.388636,-0.25],[39.45,-0.286986],[39.508974,-0.35],[39.55,-0.434211],[39.562766,-0.45],[39.591176,-0.55],[39.614286,-0.65],[39.578571,-0.75],[39.55,-0.786364],[39.529412,-0.85],[39.45,-0.943103],[39.440909,-0.95],[39.376923,-1.05],[39.391667,-1.15],[39.435714,-1.25],[39.434211,-1.35],[39.45,-1.435714],[39.452778,-1.45],[39.45,-1.475],[39.435714,-1.55],[39.419565,-1.65],[39.4,-1.75],[39.3625,-1.85],[39.35,-1.8875],[39.329167,-1.95],[39.286364,-2.05],[39.292105,-2.15],[39.334211,-2.25],[39.35,-2.31],[39.36,-2.35],[39.360526,-2.45],[39.35,-2.483333],[39.327778,-2.55],[39.291176,-2.65],[39.25,-2.7375],[39.241667,-2.75],[39.220588,-2.85],[39.25,-2.921429],[39.266667,-2.95],[39.25,-2.978571],[39.211538,-3.05],[39.25,-3.068519],[39.296809,-3.15],[39.335484,-3.25],[39.35,-3.314286],[39.365625,-3.35],[39.45,-3.429412],[39.55,-3.417308],[39.573288,-3.45],[39.628824,-3.55],[39.618627,-3.65],[39.65,-3.689024],[39.670161,-3.75],[39.65,-3.78125],[39.55,-3.827612],[39.45,-3.783333],[39.37,-3.85],[39.35,-3.86875],[39.309375,-3.95],[39.35,-4.006522],[39.37,-4.05],[39.35,-4.126923],[39.339655,-4.15],[39.35,-4.16],[39.360345,-4.15],[39.45,-4.110606],[39.466774,-4.15],[39.465341,-4.25]],[[48.158696,5.05],[48.233425,5.15],[48.25,5.170833],[48.294706,5.25],[48.312567,5.35],[48.25,5.448319],[48.15,5.376923],[48.121622,5.35],[48.05,5.253636],[48.046226,5.25],[47.95,5.157273],[47.940909,5.15],[47.85,5.074528],[47.820455,5.05],[47.75,4.994643],[47.69898,4.95],[47.65,4.906364],[47.577907,4.85],[47.55,4.827358],[47.45,4.75],[47.45,4.75],[47.35,4.698276],[47.276316,4.65],[47.25,4.620588],[47.214706,4.55],[47.179412,4.45],[47.15,4.404545],[47.126923,4.35],[47.088636,4.25],[47.05,4.21092],[46.98375,4.15],[46.95,4.091304],[46.928161,4.05],[46.90641,3.95],[46.95,3.896032],[47.05,3.936154],[47.068,3.95],[47.15,4.02069],[47.18617,4.05],[47.25,4.100847],[47.343548,4.15],[47.35,4.154124],[47.45,4.232075],[47.470213,4.25],[47.55,4.320755],[47.57844,4.35],[47.65,4.428],[47.670183,4.45],[47.75,4.528378],[47.775806,4.55],[47.85,4.611607],[47.893434,4.65],[47.95,4.706],[47.97953,4.75],[48.036429,4.85],[48.05,4.868812],[48.098521,4.95],[48.15,5.037879]],[[8.969481,4.35],[9.05,4.446373],[9.15,4.445245],[9.25,4.442268],[9.34585,4.35],[9.35,4.328169],[9.389643,4.25],[9.382963,4.15],[9.35,4.114542],[9.25,4.050144],[9.249788,4.05]],[[39.45,-4.270769],[39.35,-4.275472],[39.272857,-4.25],[39.25,-4.226471],[39.15,-4.198],[39.070408,-4.25],[39.05,-4.293478],[39.039431,-4.35],[38.985556,-4.45],[38.95,-4.489506],[38.885526,-4.55],[38.928761,-4.65],[38.911667,-4.75],[38.863333,-4.85],[38.85,-4.885714],[38.831633,-4.95],[38.801667,-5.05],[38.83,-5.15],[38.804321,-5.25],[38.75,-5.291509],[38.65,-5.333077],[38.64,-5.35],[38.612791,-5.45],[38.63,-5.55],[38.611429,-5.65],[38.587755,-5.75],[38.592636,-5.85],[38.569118,-5.95],[38.581776,-6.05],[38.618889,-6.15],[38.55,-6.171678],[38.45,-6.215546],[38.35,-6.25],[38.437234,-6.35],[38.418254,-6.45],[38.393103,-6.55],[38.35,-6.602083],[38.287838,-6.65],[38.285,-6.75],[38.25,-6.795161],[38.15,-6.825],[38.142771,-6.85],[38.11875,-6.95],[38.05,-7.039189],[37.95,-7.028519],[37.928519,-7.05],[37.886842,-7.15],[37.87782,-7.25],[37.85,-7.299333],[37.820079,-7.35],[37.75,-7.409333],[37.65,-7.432126],[37.593939,-7.45],[37.65,-7.468137],[37.75,-7.515591],[37.791026,-7.55],[37.85,-7.602273],[37.880657,-7.65],[37.944118,-7.75],[37.85,-7.808182],[37.75,-7.803968],[37.656452,-7.85],[37.65,-7.89],[37.644737,-7.95],[37.59,-8.05],[37.57931,-8.15],[37.55,-8.188636],[37.475,-8.25],[37.45,-8.292857],[37.430328,-8.35],[37.45,-8.43],[37.55,-8.35],[37.55,-8.35],[37.65,-8.252778],[37.652703,-8.25],[37.75,-8.171739],[37.764706,-8.15],[37.85,-8.069444],[37.906,-8.05],[37.95,-8.031356],[37.980556,-8.05],[38.05,-8.090984],[38.099315,-8.15],[38.15,-8.193529],[38.204545,-8.25],[38.25,-8.347561],[38.252222,-8.35],[38.331356,-8.45],[38.35,-8.4775],[38.405769,-8.55],[38.45,-8.577059],[38.503913,-8.65],[38.543103,-8.75],[38.55,-8.771053],[38.65,-8.803333],[38.662963,-8.85],[38.682143,-8.95],[38.75,-9.013333],[38.85,-9.03125],[38.876087,-9.05],[38.876866,-9.15],[38.898571,-9.25],[38.95,-9.33],[39.014286,-9.35],[39.011111,-9.45],[39.033505,-9.55],[39.003731,-9.65],[38.95,-9.71],[38.91129,-9.75],[38.95,-9.803333],[39.05,-9.781111],[39.15,-9.768049],[39.196835,-9.75],[39.25,-9.714103],[39.35,-9.728333],[39.45,-9.713265],[39.55,-9.719231],[39.570253,-9.75],[39.55,-9.821111],[39.539844,-9.85],[39.540164,-9.95],[39.492574,-10.05],[39.512946,-10.15],[39.45,-10.231503],[39.425573,-10.25],[39.45,-10.338889],[39.486364,-10.35],[39.55,-10.354605],[39.636826,-10.45],[39.65,-10.46746],[39.707895,-10.45],[39.75,-10.430723],[39.85,-10.372581],[39.901064,-10.45],[39.920588,-10.55],[39.92551,-10.65],[39.868182,-10.75],[39.85,-10.762281],[39.75099,-10.85],[39.75,-10.85101],[39.65,-10.889548],[39.55,-10.923418],[39.512832,-10.95],[39.45,-10.988378],[39.35,-11.045238],[39.302941,-11.05],[39.25,-11.0644],[39.195455,-11.05],[39.15,-11.036842],[39.05,-11.01],[38.95,-11.048438],[38.85,-11.037719],[38.78,-11.05],[38.75,-11.075],[38.735246,-11.15],[38.65,-11.205914],[38.55,-11.24863],[38.54697,-11.25],[38.45,-11.310377],[38.35,-11.27973],[38.25,-11.322727],[38.245161,-11.35],[38.25,-11.359677],[38.35,-11.45],[38.35,-11.45],[38.348718,-11.55],[38.341429,-11.65],[38.35,-11.68],[38.413636,-11.75],[38.414,-11.85],[38.45,-11.902941],[38.47093,-11.85],[38.455556,-11.75],[38.464925,-11.65],[38.516667,-11.55],[38.55,-11.471429],[38.556667,-11.45],[38.65,-11.381148],[38.72037,-11.35],[38.75,-11.338406],[38.85,-11.329412],[38.95,-11.286364],[39.05,-11.333333],[39.15,-11.345714],[39.25,-11.255238],[39.254641,-11.25],[39.35,-11.178481],[39.419231,-11.15],[39.45,-11.124026],[39.55,-11.118103],[39.65,-11.091497],[39.733562,-11.05],[39.75,-11.039091],[39.794444,-11.05],[39.85,-11.118182],[39.864286,-11.15],[39.909459,-11.25],[39.95,-11.328947],[39.963559,-11.35],[40.00875,-11.45],[39.976829,-11.55],[39.95,-11.57],[39.906,-11.65],[39.95,-11.720968],[39.962162,-11.75],[39.95,-11.777273],[39.92913,-11.85],[39.85,-11.945288],[39.839286,-11.95],[39.75,-12.014655],[39.65,-12.004651],[39.55,-12.05],[39.65,-12.128],[39.687931,-12.15],[39.75,-12.170455],[39.85,-12.153333],[39.851026,-12.15],[39.900435,-12.05],[39.95,-12.017614],[40.05,-12.028947],[40.089437,-12.05],[40.102083,-12.15],[40.15,-12.182394],[40.219565,-12.25],[40.231739,-12.35],[40.15,-12.402222],[40.05,-12.367284],[39.958219,-12.45],[39.95,-12.525],[39.943548,-12.55],[39.859091,-12.65],[39.95,-12.726923],[40.05,-12.727528],[40.083898,-12.75],[40.129208,-12.85],[40.110784,-12.95],[40.15,-13.018966],[40.161111,-13.05],[40.2125,-13.15],[40.15,-13.2125],[40.05,-13.235714],[40.020732,-13.25],[40.05,-13.294444],[40.098387,-13.35],[40.05,-13.381915],[39.99386,-13.45],[39.95,-13.530645],[39.932353,-13.55],[39.95,-13.563333],[39.992857,-13.55],[40.05,-13.53],[40.075806,-13.55],[40.15,-13.577381],[40.25,-13.622],[40.285897,-13.65],[40.341379,-13.75],[40.319048,-13.85],[40.251667,-13.95],[40.25,-13.954],[40.191463,-14.05],[40.183333,-14.15],[40.15,-14.166667],[40.1,-14.15],[40.05,-14.13625],[39.95,-14.142683],[39.926,-14.15],[39.95,-14.172222],[40.005263,-14.25],[40.05,-14.301515],[40.15,-14.34322],[40.159756,-14.35],[40.158571,-14.45],[40.25,-14.515306],[40.28617,-14.55],[40.301282,-14.65],[40.25,-14.724074],[40.15,-14.717949],[40.05,-14.719841],[40.007778,-14.75],[39.95,-14.822222],[39.921429,-14.85],[39.91875,-14.95],[39.90625,-15.05],[39.85,-15.10625],[39.813158,-15.15],[39.75,-15.214865],[39.719048,-15.25],[39.703846,-15.35],[39.65,-15.42],[39.620968,-15.45],[39.604902,-15.55],[39.55,-15.604902],[39.45,-15.631579],[39.35,-15.5875],[39.25,-15.569231],[39.177586,-15.65],[39.15,-15.674242],[39.085897,-15.75],[39.05,-15.82],[39.036667,-15.85],[38.985417,-15.95],[38.95,-15.982692],[38.879167,-15.95],[38.85,-15.923077],[38.8,-15.95],[38.75,-15.985],[38.711765,-16.05],[38.75,-16.104167],[38.767188,-16.15],[38.75,-16.207895],[38.65,-16.177273],[38.55,-16.192466],[38.45,-16.202381],[38.405556,-16.25],[38.391176,-16.35],[38.35,-16.383333],[38.25,-16.44661],[38.15,-16.390909],[38.10814,-16.35],[38.05,-16.30614],[37.95,-16.29],[37.903846,-16.35],[37.85,-16.427778],[37.75,-16.43],[37.71,-16.45],[37.65,-16.49186],[37.612687,-16.55],[37.55,-16.632353],[37.45,-16.622941],[37.35,-16.63209],[37.25,-16.589024],[37.153846,-16.65],[37.15,-16.652564],[37.142857,-16.65],[37.05,-16.55],[36.95,-16.578],[36.85,-16.638333],[36.75,-16.641892],[36.714706,-16.65],[36.75,-16.683333],[36.78,-16.75],[36.85,-16.82],[36.869048,-16.85],[36.85,-16.876667],[36.782653,-16.95],[36.75,-16.988095],[36.65,-17.037179],[36.55,-16.991935],[36.46,-17.05],[36.45,-17.054082],[36.416667,-17.05],[36.35,-17.043548],[36.34,-17.05],[36.25,-17.117925],[36.15,-17.15],[36.05,-17.212745],[36.009574,-17.25],[35.980612,-17.35],[35.95,-17.381915],[35.861111,-17.45],[35.85,-17.459091],[35.75,-17.538889],[35.740164,-17.55],[35.65,-17.609783],[35.5575,-17.65],[35.55,-17.654348],[35.45,-17.657843],[35.442727,-17.65],[35.389344,-17.55],[35.35,-17.528182],[35.315873,-17.45],[35.35,-17.413248],[35.431768,-17.35],[35.440683,-17.25],[35.45,-17.21875],[35.487079,-17.15],[35.502475,-17.05],[35.55,-16.967241],[35.564085,-16.95],[35.65,-16.85],[35.65,-16.85],[35.655263,-16.75],[35.65,-16.745349],[35.55,-16.661268],[35.539474,-16.65],[35.45,-16.608282],[35.396328,-16.55],[35.35,-16.481667],[35.318595,-16.45],[35.25,-16.411033],[35.15,-16.408204],[35.089355,-16.35],[35.05,-16.29218],[35.010619,-16.25],[34.964039,-16.15],[34.95,-16.130769],[34.868018,-16.05],[34.85,-16.02235],[34.772277,-15.95],[34.75,-15.901087],[34.713415,-15.95],[34.676667,-16.05],[34.65,-16.082877],[34.592353,-16.15],[34.601562,-16.25],[34.65,-16.341176],[34.655882,-16.35],[34.75,-16.425],[34.767978,-16.45],[34.85,-16.528495],[34.869802,-16.55],[34.95,-16.632653],[34.970238,-16.65],[35.024419,-16.75],[35.05,-16.765714],[35.060891,-16.75],[35.15,-16.701351],[35.194776,-16.75],[35.236824,-16.85],[35.218983,-16.95],[35.174413,-17.05],[35.15,-17.123239],[35.138554,-17.15],[35.05,-17.25],[34.992126,-17.15],[34.96619,-17.05],[34.96913,-16.95],[34.971333,-16.85],[34.95,-16.816667],[34.85,-16.772],[34.829817,-16.75],[34.75,-16.659375],[34.736364,-16.65],[34.65,-16.593],[34.581746,-16.55],[34.55,-16.5],[34.473077,-16.55],[34.45,-16.559091],[34.35,-16.579054],[34.25,-16.568605],[34.15,-16.597222],[34.108696,-16.65],[34.137709,-16.75],[34.134,-16.85],[34.15,-16.874242],[34.25,-16.858333],[34.35,-16.930597],[34.383333,-16.95],[34.419737,-17.05],[34.356977,-17.15],[34.45,-17.197619],[34.55,-17.161905],[34.576316,-17.15],[34.65,-17.128788],[34.678,-17.15],[34.667143,-17.25],[34.65,-17.279268],[34.571622,-17.35],[34.65,-17.389726],[34.75,-17.425],[34.774324,-17.45],[34.817347,-17.55],[34.75,-17.606897],[34.70098,-17.65],[34.75,-17.75],[34.75,-17.75],[34.75,-17.85],[34.65,-17.889216],[34.6,-17.95],[34.55,-18.013265],[34.468182,-18.05],[34.45,-18.058889],[34.37,-18.05],[34.35,-18.044737],[34.348889,-18.05],[34.35,-18.064286],[34.362766,-18.15],[34.398148,-18.25],[34.35,-18.283333],[34.321739,-18.35],[34.296094,-18.45],[34.284746,-18.55],[34.268868,-18.65],[34.25,-18.673256],[34.194382,-18.75],[34.15,-18.842941],[34.142105,-18.85],[34.064103,-18.95],[34.05,-18.97973],[34.030451,-19.05],[33.958,-19.15],[33.95,-19.164286],[33.898571,-19.25],[33.85,-19.300746],[33.75,-19.345833],[33.745588,-19.35],[33.65,-19.407522],[33.632156,-19.45],[33.55,-19.539837],[33.538839,-19.55],[33.519444,-19.65],[33.465217,-19.75],[33.45,-19.766667],[33.35,-19.840393],[33.340476,-19.85],[33.25,-19.945434],[33.246516,-19.95],[33.25,-19.984483],[33.282203,-20.05],[33.318852,-20.15],[33.308182,-20.25],[33.25,-20.321111],[33.241391,-20.35],[33.212857,-20.45],[33.25,-20.483333],[33.35,-20.50102],[33.45,-20.475],[33.49,-20.45],[33.55,-20.444118],[33.65,-20.395161],[33.707143,-20.35],[33.75,-20.32],[33.802688,-20.25],[33.85,-20.195679],[33.898684,-20.15],[33.95,-20.099351],[34.05,-20.125676],[34.064286,-20.15],[34.071154,-20.25],[34.05,-20.275],[34.003521,-20.35],[33.95,-20.402055],[33.888596,-20.45],[33.85,-20.492308],[33.810526,-20.55],[33.75,-20.636792],[33.736792,-20.65],[33.659434,-20.75],[33.65,-20.765152],[33.581707,-20.85],[33.55,-20.936667],[33.546078,-20.95],[33.489024,-21.05],[33.45,-21.114],[33.4125,-21.15],[33.35,-21.228947],[33.25,-21.247619],[33.245652,-21.25],[33.15,-21.3],[33.090541,-21.35],[33.05,-21.405556],[32.95,-21.410606],[32.893662,-21.35],[32.85,-21.263889],[32.81875,-21.25],[32.75,-21.221053],[32.65,-21.25],[32.55,-21.310656],[32.461111,-21.35],[32.55,-21.420588],[32.577778,-21.45],[32.65,-21.513415],[32.715217,-21.55],[32.75,-21.638889],[32.754762,-21.65],[32.75,-21.656667],[32.686364,-21.75],[32.65,-21.811538],[32.629167,-21.85],[32.570833,-21.95],[32.55,-21.979412],[32.49,-22.05],[32.45,-22.111538],[32.41875,-22.15],[32.35,-22.214706],[32.3125,-22.25],[32.25,-22.321429],[32.23,-22.35],[32.176087,-22.45],[32.154545,-22.55],[32.186364,-22.65],[32.210714,-22.75],[32.222,-22.85],[32.202941,-22.95],[32.15,-22.966071],[32.12907,-22.95],[32.05,-22.884615],[32.020492,-22.85],[31.95,-22.784848],[31.889437,-22.85],[31.95,-22.908904],[31.996875,-22.95],[32.047959,-23.05],[32.05,-23.054],[32.15,-23.144],[32.154286,-23.15],[32.161538,-23.25],[32.154255,-23.35],[32.15,-23.39],[32.135714,-23.45],[32.05,-23.55],[31.95,-23.482353],[31.909259,-23.45],[31.85,-23.422414],[31.811905,-23.45],[31.841176,-23.55],[31.85,-23.563333],[31.905714,-23.65],[31.95,-23.736111],[31.957246,-23.75],[31.95,-23.78125],[31.937778,-23.85],[31.908065,-23.95],[31.95,-23.975243],[32.05,-23.97],[32.15,-24.040476],[32.156667,-24.05],[32.209016,-24.15],[32.218333,-24.25],[32.222549,-24.35],[32.15,-24.398052],[32.05,-24.393243],[31.95,-24.435185],[31.940909,-24.45],[31.95,-24.4625],[32.05,-24.530769],[32.057463,-24.55],[32.104286,-24.65],[32.073077,-24.75],[32.055333,-24.85],[32.07381,-24.95],[32.05,-25.033333],[32.030952,-25.05],[31.95,-25.094737],[31.911818,-25.15],[31.95,-25.20122],[32.05,-25.25],[32.05,-25.25],[32.065238,-25.35],[32.05,-25.37963],[31.992857,-25.35],[31.95,-25.3125],[31.85,-25.341667],[31.840625,-25.35],[31.85,-25.371429],[31.883333,-25.45],[31.85,-25.55],[31.95,-25.564894],[32.05,-25.583333],[32.087363,-25.65],[32.114881,-25.75],[32.128475,-25.85],[32.138679,-25.95],[32.119202,-26.05],[32.1,-26.15],[32.128281,-26.25],[32.138571,-26.35],[32.14031,-26.45],[32.15,-26.542593],[32.151408,-26.55],[32.15,-26.583333],[32.148222,-26.65],[32.139583,-26.75],[32.11917,-26.85],[32.124164,-26.95],[32.113636,-27.05],[32.112651,-27.15],[32.106452,-27.25],[32.098182,-27.35],[32.087778,-27.45],[32.11,-27.55],[32.15,-27.619767],[32.172543,-27.65],[32.15,-27.7475],[32.145455,-27.75],[32.135047,-27.85],[32.15,-27.903333],[32.161024,-27.95],[32.151786,-28.05],[32.15,-28.059524],[32.05,-28.133234],[32.029259,-28.15],[31.972414,-28.25],[31.95,-28.260656],[31.925472,-28.25],[31.85,-28.231567],[31.793662,-28.25],[31.784568,-28.35],[31.766667,-28.45],[31.796237,-28.55],[31.75,-28.612319],[31.702727,-28.65],[31.65,-28.687662],[31.55,-28.747273],[31.546226,-28.75],[31.55,-28.754724],[31.65,-28.807143],[31.696753,-28.85],[31.65,-28.871302],[31.55,-28.922455],[31.520323,-28.95],[31.45,-29.037903],[31.440625,-29.05],[31.35,-29.12398],[31.295745,-29.15],[31.305026,-29.25],[31.25,-29.307459],[31.200323,-29.35],[31.15,-29.418421],[31.132692,-29.45],[31.05,-29.539583],[31.04061,-29.55],[30.995455,-29.65],[30.95,-29.715068],[30.928112,-29.75],[30.905866,-29.85],[30.85,-29.931301],[30.839593,-29.95],[30.787423,-30.05]],[[43.301216,-11.55],[43.264607,-11.65],[43.25,-11.706173]],[[13.85,-11.714516],[13.894898,-11.75],[13.85,-11.845652]],[[13.85,-11.851923],[13.8925,-11.95],[13.855921,-12.05],[13.85,-12.065517],[13.778986,-12.15],[13.776282,-12.25],[13.75,-12.297126],[13.65,-12.337671]],[[13.639595,-12.35],[13.65,-12.380508],[13.708571,-12.45],[13.65,-12.502564],[13.55,-12.507225]],[[48.941803,-12.55],[48.95,-12.53855],[49.05,-12.45084],[49.050885,-12.45],[49.15,-12.376797],[49.25,-12.390956],[49.338718,-12.45],[49.35,-12.477848],[49.393511,-12.55],[49.37,-12.65],[49.393636,-12.75],[49.45,-12.769497],[49.507407,-12.75],[49.55,-12.738442]],[[13.521094,-12.55],[13.50931,-12.65],[13.45,-12.693],[13.35,-12.724566],[13.301111,-12.75],[13.25,-12.788655],[13.182407,-12.85],[13.170809,-12.95],[13.15,-12.982143],[13.05,-13.003623],[12.993363,-13.05],[12.95,-13.091176]],[[48.95,-12.568072],[49.0,-12.65],[49.05,-12.72234],[49.057647,-12.75],[49.120968,-12.85],[49.15,-12.901724],[49.177815,-12.95],[49.25,-13.027857],[49.35,-12.99717],[49.365723,-12.95],[49.45,-12.898855],[49.517016,-12.85],[49.55,-12.776744],[49.565862,-12.75]],[[12.55,-13.505556],[12.557882,-13.55],[12.554778,-13.65],[12.55,-13.683333]],[[48.046809,-13.75],[48.05,-13.755263],[48.054839,-13.75]],[[12.478194,-13.95],[12.486667,-14.05],[12.468605,-14.15],[12.451761,-14.25],[12.45,-14.252907],[12.396302,-14.35],[12.387725,-14.45],[12.363386,-14.55],[12.35,-14.65]],[[12.346053,-14.75],[12.327586,-14.85],[12.298966,-14.95],[12.318852,-15.05],[12.328226,-15.15],[12.25,-15.247],[12.24781,-15.25],[12.214179,-15.35],[12.224227,-15.45],[12.25,-15.533333],[12.257246,-15.55],[12.270833,-15.65],[12.25,-15.702632],[12.241089,-15.75],[12.248864,-15.85],[12.25,-15.857143],[12.265294,-15.95],[12.254444,-16.05],[12.25,-16.07],[12.221429,-16.05],[12.15,-16.02561],[12.131132,-16.05],[12.079412,-16.15],[12.056383,-16.25],[12.05,-16.2875],[12.039362,-16.35],[12.020732,-16.45],[12.05,-16.516667],[12.056522,-16.55],[12.05,-16.560526],[11.992045,-16.65],[11.95,-16.7],[11.919672,-16.75],[11.881646,-16.85],[11.85,-16.911728]],[[49.859722,-15.35],[49.85,-15.341277],[49.75,-15.291379],[49.65,-15.263793],[49.571875,-15.35],[49.594408,-15.45],[49.581633,-15.55],[49.613472,-15.65],[49.636196,-15.75],[49.65,-15.85],[49.64441,-15.95],[49.566667,-16.05],[49.609788,-16.15],[49.65,-16.215517],[49.714516,-16.25],[49.75,-16.264013]],[[50.123006,-15.75],[50.15,-15.721975],[50.196122,-15.65],[50.25,-15.556383],[50.255882,-15.55],[50.313158,-15.45],[50.297093,-15.35],[50.286774,-15.25],[50.25,-15.177848],[50.241698,-15.15],[50.15,-15.060989],[50.134127,-15.05],[50.099485,-14.95],[50.05,-14.880935],[49.986765,-14.85],[49.95,-14.771875],[49.945597,-14.75],[49.95,-14.743636],[50.003093,-14.65],[49.986257,-14.55],[49.954082,-14.45],[49.95,-14.444495],[49.912816,-14.35],[49.858974,-14.25],[49.85,-14.20625],[49.836567,-14.15],[49.85,-14.131633],[49.875,-14.15],[49.95,-14.177551],[49.979508,-14.15],[49.95,-14.107813],[49.901948,-14.05],[49.906716,-13.95],[49.917537,-13.85],[49.888636,-13.75],[49.85,-13.687037],[49.75,-13.675243],[49.73587,-13.65],[49.718051,-13.55],[49.75,-13.45991],[49.75679,-13.45],[49.75,-13.43625],[49.717757,-13.35],[49.722321,-13.25],[49.65,-13.188636],[49.605652,-13.15],[49.55,-13.106757],[49.497967,-13.15],[49.450253,-13.25],[49.45,-13.250229],[49.448485,-13.25],[49.35,-13.209627],[49.307516,-13.25],[49.25,-13.312411],[49.208594,-13.35],[49.15,-13.414103],[49.108824,-13.45],[49.05199,-13.55],[49.05,-13.552151],[48.95,-13.550898],[48.85,-13.592586],[48.75,-13.565126],[48.65,-13.615844],[48.590714,-13.65],[48.55,-13.741935],[48.546269,-13.75],[48.55,-13.8],[48.550868,-13.85],[48.556432,-13.95],[48.55,-13.955049],[48.543849,-13.95],[48.45,-13.856706],[48.35,-13.85],[48.35,-13.85],[48.35,-13.85],[48.25,-13.866364],[48.170346,-13.95],[48.189286,-14.05],[48.25,-14.13],[48.255519,-14.15],[48.308537,-14.25],[48.279739,-14.35],[48.266094,-14.45],[48.268511,-14.55],[48.25,-14.63932],[48.24321,-14.65],[48.25,-14.661702],[48.275228,-14.75],[48.35,-14.847619],[48.352128,-14.85],[48.35,-14.878571],[48.294444,-14.95],[48.25,-14.991379],[48.23046,-15.05],[48.23,-15.15],[48.203448,-15.25],[48.208333,-15.35],[48.216667,-15.45],[48.21,-15.55],[48.15,-15.635714],[48.130769,-15.65],[48.105,-15.75],[48.05,-15.784375],[47.95,-15.828723],[47.939362,-15.85],[47.886709,-15.95],[47.85,-15.996032],[47.818807,-16.05],[47.759434,-16.15],[47.75,-16.160204],[47.695679,-16.25],[47.65,-16.298684],[47.60618,-16.35],[47.55,-16.395045],[47.499167,-16.45],[47.45,-16.521951],[47.417606,-16.55],[47.35,-16.623846],[47.322131,-16.65],[47.25,-16.688596],[47.182692,-16.75],[47.15,-16.780357],[47.07973,-16.85],[47.05,-16.878696],[46.975455,-16.95],[46.95,-16.983735],[46.85678,-17.05],[46.85,-17.054348],[46.75,-17.13835],[46.731818,-17.15],[46.65,-17.195],[46.585294,-17.25],[46.55,-17.302174],[46.45,-17.300562],[46.425806,-17.25],[46.45,-17.209459],[46.487931,-17.15],[46.5,-17.05],[46.45,-16.977679],[46.35,-17.006667],[46.285849,-16.95],[46.25,-16.926829],[46.15,-16.921698],[46.12,-16.95],[46.05,-16.99023],[45.983962,-16.95],[45.96791,-16.85],[45.95,-16.822093],[45.877907,-16.75],[45.85,-16.675],[45.75,-16.680137],[45.65,-16.667073],[45.55,-16.657071],[45.535106,-16.65],[45.45,-16.583333],[45.35,-16.55597],[45.304348,-16.65],[45.251942,-16.75],[45.25,-16.752469],[45.238235,-16.75],[45.15,-16.737705],[45.094444,-16.75],[45.05,-16.767143],[44.95,-16.819672],[44.888333,-16.85],[44.90125,-16.95],[44.908559,-17.05],[44.85,-17.099618],[44.75,-17.123643],[44.714583,-17.15],[44.70625,-17.25],[44.75,-17.312687],[44.76269,-17.35],[44.767742,-17.45],[44.75,-17.507895],[44.65,-17.491667],[44.634444,-17.55],[44.62395,-17.65],[44.65,-17.685632],[44.75,-17.74879],[44.754615,-17.75],[44.777273,-17.85],[44.785556,-17.95],[44.75,-18.003333],[44.701515,-17.95],[44.65,-17.910465],[44.601852,-17.85],[44.55,-17.816667],[44.48,-17.85],[44.456977,-17.95],[44.461538,-18.05],[44.457857,-18.15],[44.483929,-18.25],[44.48253,-18.35],[44.514634,-18.45],[44.55,-18.509184],[44.624359,-18.45],[44.65,-18.442593],[44.653861,-18.45],[44.677919,-18.55],[44.704321,-18.65],[44.742174,-18.75],[44.75,-18.769565],[44.764453,-18.85],[44.770664,-18.95],[44.802128,-19.05],[44.85,-19.133333],[44.862,-19.15],[44.893689,-19.25],[44.937234,-19.35],[44.95,-19.360084],[45.007219,-19.45],[45.05,-19.509259],[45.076066,-19.55],[45.112019,-19.65],[45.15,-19.719298],[45.25,-19.721111],[45.268182,-19.65],[45.307028,-19.55],[45.313218,-19.45],[45.314186,-19.35],[45.271212,-19.25],[45.25,-19.23427],[45.15,-19.165882],[45.100909,-19.15],[45.120508,-19.05],[45.108235,-18.95],[45.120492,-18.85],[45.15,-18.755263],[45.154444,-18.75],[45.15,-18.71],[45.142683,-18.65],[45.15,-18.6],[45.171429,-18.55],[45.25,-18.526087],[45.252292,-18.55],[45.25,-18.614706],[45.183333,-18.65],[45.25,-18.662245],[45.266165,-18.75],[45.28128,-18.85],[45.35,-18.949315],[45.350219,-18.95],[45.35799,-19.05],[45.35979,-19.15],[45.379545,-19.25],[45.419369,-19.35],[45.45,-19.418],[45.456751,-19.45],[45.485769,-19.55],[45.495318,-19.65],[45.544891,-19.75],[45.55,-19.770588],[45.569286,-19.85],[45.571759,-19.95],[45.609854,-20.05],[45.640526,-20.15],[45.65,-20.20625],[45.653955,-20.25],[45.666912,-20.35],[45.656275,-20.45],[45.65,-20.493243],[45.612791,-20.45],[45.55,-20.404237],[45.455882,-20.35],[45.45,-20.342],[45.402083,-20.25],[45.368824,-20.15],[45.383333,-20.05],[45.406067,-19.95],[45.35155,-19.85],[45.35,-19.848473],[45.25,-19.764773],[45.189024,-19.85],[45.178497,-19.95],[45.15,-20.008511],[45.05,-19.956316],[44.95,-20.027966],[44.934524,-20.05],[44.907813,-20.15],[44.915823,-20.25],[44.87,-20.35],[44.913768,-20.45],[44.85,-20.50641],[44.804054,-20.55],[44.85,-20.623913],[44.88871,-20.65],[44.85,-20.691379],[44.75,-20.714706],[44.675,-20.75],[44.713158,-20.85],[44.65,-20.881579],[44.55,-20.871818],[44.45,-20.903731],[44.4,-20.95],[44.35,-21.020455],[44.33169,-21.05],[44.290698,-21.15],[44.284328,-21.25],[44.255263,-21.35],[44.25,-21.3575],[44.15,-21.4125],[44.107143,-21.45],[44.084375,-21.55],[44.15,-21.583333],[44.1875,-21.65],[44.176842,-21.75],[44.207,-21.85],[44.1755,-21.95],[44.15,-22.046226],[44.05,-21.960417],[43.950463,-22.05],[43.95,-22.05099],[43.881507,-22.15],[43.85,-22.197423],[43.801429,-22.25],[43.75,-22.346429],[43.742593,-22.35],[43.658163,-22.45],[43.670779,-22.55],[43.7,-22.65],[43.696602,-22.75],[43.694131,-22.85],[43.698718,-22.95],[43.729085,-23.05],[43.75,-23.107143],[43.781579,-23.15],[43.85,-23.198148],[43.907732,-23.25],[43.928431,-23.35],[43.95,-23.36358],[44.05,-23.45],[44.05,-23.45],[44.15,-23.548095],[44.25,-23.504455],[44.306122,-23.45],[44.35,-23.373214],[44.45,-23.45],[44.45,-23.45],[44.55,-23.473913],[44.65,-23.541748],[44.75,-23.531868],[44.826744,-23.55],[44.75,-23.600769],[44.695763,-23.65],[44.65,-23.678723],[44.601786,-23.65],[44.55,-23.604688],[44.45,-23.605634],[44.376744,-23.65],[44.35,-23.678395],[44.25,-23.665054],[44.215,-23.65],[44.15,-23.557143],[44.112319,-23.65],[44.113415,-23.75],[44.12963,-23.85],[44.085088,-23.95],[44.072414,-24.05],[44.054412,-24.15],[44.057812,-24.25],[44.056452,-24.35],[44.15,-24.432857],[44.161765,-24.45],[44.19918,-24.55],[44.25,-24.62381],[44.285484,-24.65],[44.331818,-24.75],[44.35,-24.778571],[44.45,-24.847917],[44.458333,-24.85],[44.55,-24.911111],[44.623333,-24.85],[44.65,-24.844118],[44.75,-24.77],[44.808824,-24.75],[44.85,-24.736],[44.896667,-24.75],[44.95,-24.772222],[45.008333,-24.85],[45.0125,-24.95],[45.05,-25.035714],[45.15,-24.995],[45.25,-24.955714],[45.264286,-24.95],[45.35,-24.921429],[45.435714,-24.95],[45.45,-24.955263],[45.544737,-25.05],[45.55,-25.057407],[45.65,-25.118421],[45.692857,-25.15],[45.75,-25.173188],[45.85,-25.156897],[45.861111,-25.15],[45.85,-25.145],[45.75,-25.065789],[45.739655,-25.05],[45.737755,-24.95],[45.75,-24.935714],[45.85,-24.895588],[45.888272,-24.85],[45.865789,-24.75],[45.933846,-24.65],[45.932828,-24.55],[45.95,-24.487037],[46.05,-24.495902],[46.15,-24.509091],[46.20625,-24.55],[46.15,-24.623469],[46.126786,-24.65],[46.15,-24.693333],[46.166346,-24.75],[46.25,-24.792857],[46.35,-24.773585],[46.40814,-24.75],[46.45,-24.7375],[46.456338,-24.75],[46.530645,-24.85],[46.522928,-24.95],[46.55,-24.984266],[46.65,-25.032282],[46.75,-25.025719],[46.81188,-24.95],[46.845993,-24.85],[46.85,-24.843314],[46.868254,-24.85],[46.95,-24.933065],[47.00202,-24.85],[47.030122,-24.75],[47.05,-24.711111],[47.103472,-24.65],[47.15,-24.604422]],[[49.75,-16.536441],[49.740533,-16.55],[49.684513,-16.65]],[[49.65,-16.688235],[49.55,-16.739302],[49.521605,-16.75],[49.4725,-16.85],[49.45,-16.900943],[49.425926,-16.95],[49.35,-17.003947],[49.30625,-17.05],[49.324324,-17.15],[49.25,-17.206701],[49.226136,-17.25],[49.162621,-17.35],[49.15,-17.422222],[49.146689,-17.45],[49.15,-17.455319],[49.25,-17.512963],[49.316667,-17.55],[49.25,-17.630645],[49.239474,-17.65],[49.25,-17.675532],[49.27349,-17.75],[49.284078,-17.85],[49.25,-17.907547],[49.182836,-17.95],[49.21383,-18.05],[49.15,-18.122115],[49.107971,-18.15],[49.061927,-18.25],[49.065152,-18.35],[49.05,-18.374691],[49.028521,-18.45],[49.017698,-18.55],[48.95,-18.613344],[48.85,-18.638725],[48.839732,-18.65],[48.777481,-18.75],[48.813087,-18.85],[48.785429,-18.95],[48.811682,-19.05],[48.85,-19.143182],[48.851765,-19.15],[48.85,-19.152521],[48.771088,-19.25],[48.75,-19.278704],[48.69918,-19.25],[48.65,-19.233957],[48.641279,-19.25],[48.643609,-19.35],[48.65,-19.38617],[48.668182,-19.45],[48.683514,-19.55],[48.661602,-19.65],[48.65,-19.676582],[48.626327,-19.75],[48.592593,-19.85],[48.55,-19.883333],[48.45,-19.947849],[48.449078,-19.95],[48.45,-19.961765],[48.464706,-20.05],[48.45,-20.067442],[48.398921,-20.15],[48.35,-20.223118],[48.339796,-20.25],[48.298276,-20.35],[48.33125,-20.45],[48.277815,-20.55],[48.25,-20.609155],[48.228519,-20.65],[48.208,-20.75],[48.15,-20.776126],[48.110952,-20.85],[48.078082,-20.95],[48.05,-20.990196],[47.97561,-21.05],[47.974138,-21.15],[47.95,-21.173973],[47.85,-21.158537],[47.81696,-21.25],[47.843722,-21.35],[47.85,-21.375],[47.885,-21.45],[47.85,-21.523684],[47.829452,-21.55],[47.809504,-21.65],[47.75354,-21.75],[47.760619,-21.85],[47.75,-21.875],[47.723913,-21.95],[47.65,-22.041071],[47.612963,-22.05],[47.55,-22.073288],[47.45,-22.0525],[47.403012,-22.15],[47.403254,-22.25],[47.35,-22.346774],[47.345385,-22.35],[47.35,-22.360345],[47.382099,-22.45],[47.365116,-22.55],[47.35,-22.602],[47.341429,-22.65],[47.335465,-22.75],[47.344969,-22.85],[47.322289,-22.95],[47.291176,-23.05],[47.25,-23.096667],[47.241557,-23.15],[47.25,-23.174806],[47.307396,-23.25],[47.302193,-23.35],[47.25,-23.422561],[47.238491,-23.45],[47.25,-23.491667],[47.284054,-23.55],[47.25,-23.585196],[47.228832,-23.65],[47.242551,-23.75],[47.227899,-23.85],[47.226708,-23.95],[47.237162,-24.05],[47.217043,-24.15],[47.171244,-24.25],[47.159195,-24.35],[47.164595,-24.45],[47.199689,-24.55]],[[11.85,-17.162121],[11.877885,-17.25],[11.85,-17.325325],[11.83984,-17.35],[11.837429,-17.45],[11.82,-17.55],[11.844444,-17.65],[11.85,-17.671277],[11.866972,-17.75],[11.891026,-17.85],[11.92,-17.95],[11.95,-18.001639],[11.984503,-18.05],[12.034817,-18.15],[12.05,-18.175],[12.100289,-18.25],[12.15,-18.316667],[12.16886,-18.35],[12.210538,-18.45],[12.25,-18.517176],[12.28945,-18.55],[12.35,-18.604098],[12.381111,-18.65],[12.445652,-18.75]],[[12.55,-18.903165],[12.584906,-18.95],[12.65,-19.040789],[12.653743,-19.05],[12.687705,-19.15],[12.743642,-19.25]],[[12.75,-19.259322],[12.820861,-19.35],[12.85,-19.390367],[12.899618,-19.45],[12.915104,-19.55],[12.95,-19.619792],[12.967901,-19.65],[13.012667,-19.75],[13.05,-19.818293],[13.072222,-19.85],[13.15,-19.941919],[13.154908,-19.95],[13.219461,-20.05],[13.25,-20.104255],[13.288739,-20.15],[13.338356,-20.25],[13.35,-20.269767],[13.392857,-20.35],[13.426866,-20.45],[13.45,-20.531579],[13.454268,-20.55],[13.495455,-20.65],[13.54708,-20.75],[13.55,-20.75396],[13.65,-20.812821],[13.75,-20.8375],[13.752158,-20.85],[13.755195,-20.95],[13.85,-21.017593],[13.877778,-21.05],[13.8825,-21.15],[13.934375,-21.25],[13.95,-21.27459],[13.980872,-21.35],[14.002713,-21.45],[14.05,-21.521765],[14.08038,-21.55],[14.15,-21.637302],[14.160959,-21.65],[14.25,-21.735526],[14.265714,-21.75],[14.35,-21.834286],[14.371569,-21.85],[14.45,-21.920175],[14.469101,-21.95],[14.507143,-22.05],[14.55,-22.145745],[14.55155,-22.15],[14.587037,-22.25],[14.641954,-22.35],[14.65,-22.365217],[14.681707,-22.45],[14.704867,-22.55],[14.75,-22.641071],[14.756579,-22.65],[14.75,-22.665625],[14.718966,-22.75],[14.75,-22.801923],[14.780488,-22.85],[14.767526,-22.95],[14.75,-23.020833],[14.742929,-23.05],[14.741139,-23.15],[14.706,-23.25],[14.65,-23.291176],[14.625309,-23.35],[14.607647,-23.45],[14.602273,-23.55],[14.608763,-23.65],[14.620588,-23.75],[14.636992,-23.85],[14.65,-23.92619],[14.656329,-23.95],[14.692735,-24.05],[14.716667,-24.15],[14.734,-24.25],[14.75,-24.35],[14.75,-24.35],[14.77906,-24.45],[14.803793,-24.55],[14.823143,-24.65],[14.837006,-24.75]],[[57.55,-20.166187],[57.65,-20.163913],[57.697143,-20.25],[57.662069,-20.35]],[[14.85,-24.838462],[14.852098,-24.85],[14.864894,-24.95],[14.897783,-25.05],[14.894068,-25.15],[14.891212,-25.25],[14.887415,-25.35],[14.886879,-25.45]],[[46.1875,-25.15],[46.15,-25.124648],[46.093617,-25.05],[46.15,-24.993011],[46.25,-25.046203],[46.253871,-25.05],[46.323171,-25.15]],[[14.95,-25.842308],[14.952878,-25.85],[14.981902,-25.95],[15.018889,-26.05]],[[15.05,-26.16358],[15.086649,-26.25],[15.117111,-26.35]],[[15.25,-26.596602],[15.275943,-26.65],[15.296218,-26.75],[15.345506,-26.85],[15.35,-26.859524],[15.383333,-26.95],[15.366912,-27.05],[15.372599,-27.15],[15.407792,-27.25],[15.45,-27.33125],[15.466667,-27.35],[15.544776,-27.45],[15.55,-27.46],[15.6025,-27.55],[15.65,-27.622152],[15.677848,-27.65],[15.75,-27.715517],[15.85,-27.748913],[15.851562,-27.75],[15.906579,-27.85],[15.886885,-27.95],[15.95,-28.023333],[16.012222,-28.05],[16.05,-28.067526],[16.15,-28.124747],[16.16938,-28.15],[16.25,-28.244545],[16.256522,-28.25],[16.335938,-28.35],[16.35,-28.37069],[16.45,-28.417308],[16.508621,-28.45],[16.55,-28.466327],[16.611538,-28.45],[16.65,-28.438806],[16.711658,-28.35],[16.72,-28.25],[16.75,-28.218163],[16.815234,-28.15],[16.85,-28.0788],[16.904938,-28.15],[16.872222,-28.25],[16.868959,-28.35],[16.870408,-28.45],[16.85,-28.464286],[16.79,-28.55],[16.75,-28.638889],[16.733607,-28.65],[16.726,-28.75],[16.75,-28.773529],[16.80493,-28.85],[16.84823,-28.95]],[[16.85,-28.952703],[16.897059,-29.05],[16.941463,-29.15]],[[16.95,-29.161864],[17.05,-29.175532],[17.144595,-29.25],[17.065789,-29.35],[17.123874,-29.45],[17.15,-29.489726],[17.25,-29.49],[17.33,-29.45],[17.35,-29.42561],[17.358621,-29.45],[17.45,-29.543805],[17.451939,-29.55],[17.45,-29.56129],[17.373611,-29.65],[17.35,-29.682075],[17.25,-29.75],[17.25,-29.75],[17.25,-29.75],[17.256316,-29.85],[17.252778,-29.95],[17.35,-30.018627],[17.45,-29.9875],[17.55,-30.044017],[17.554321,-30.05],[17.55,-30.071212],[17.505932,-30.15],[17.45,-30.2325],[17.441358,-30.25],[17.45,-30.258974],[17.55,-30.303261],[17.578667,-30.35],[17.65,-30.449074],[17.65119,-30.45],[17.715306,-30.55],[17.67963,-30.65],[17.75,-30.692537],[17.85,-30.716129],[17.95,-30.723256],[17.977711,-30.75],[17.993056,-30.85],[17.95,-30.879808],[17.85875,-30.95],[17.856522,-31.05],[17.95,-31.093434],[18.05,-31.078846],[18.095122,-31.15],[18.15,-31.233333],[18.15989,-31.25],[18.162329,-31.35],[18.25,-31.39812],[18.35,-31.42541],[18.45,-31.400847],[18.508824,-31.35],[18.55,-31.323077],[18.65,-31.25],[18.75,-31.220588],[18.778571,-31.25],[18.85,-31.29386],[18.880769,-31.35],[18.917273,-31.45],[18.860145,-31.55],[18.851974,-31.65],[18.85,-31.650935],[18.75,-31.659459],[18.65,-31.740741],[18.641667,-31.75],[18.65,-31.777027],[18.664439,-31.85],[18.65,-31.878421],[18.61625,-31.85],[18.55,-31.817485],[18.475352,-31.85],[18.48913,-31.95],[18.524648,-32.05],[18.55,-32.080508],[18.579927,-32.15],[18.617692,-32.25],[18.6,-32.35],[18.599673,-32.45],[18.65,-32.5],[18.717544,-32.55],[18.705224,-32.65],[18.65,-32.674422],[18.598252,-32.65],[18.55,-32.609172],[18.496094,-32.65],[18.526074,-32.75],[18.55,-32.771429],[18.610851,-32.85],[18.65,-32.892009],[18.75,-32.928439],[18.828731,-32.85],[18.832474,-32.75],[18.792857,-32.65],[18.85,-32.611353],[18.885398,-32.65],[18.95,-32.738485],[18.958559,-32.75],[18.958537,-32.85],[18.962165,-32.95],[18.969524,-33.05],[18.990559,-33.15],[19.013942,-33.25],[19.05,-33.337209],[19.074444,-33.35],[19.05,-33.369298],[19.020513,-33.45],[19.0276,-33.55],[18.976201,-33.65],[18.95,-33.705556],[18.898936,-33.75],[18.85,-33.816667],[18.826289,-33.85],[18.85,-33.902273],[18.855147,-33.95],[18.851802,-34.05],[18.875606,-34.15],[18.85,-34.174749]],[[30.75,-30.103982],[30.685802,-30.15],[30.684211,-30.25]],[[30.65,-30.292623],[30.60858,-30.35],[30.55,-30.417808],[30.520064,-30.45],[30.45,-30.53871],[30.438136,-30.55],[30.404945,-30.65]],[[29.55,-31.538623],[29.45,-31.538417],[29.431366,-31.55],[29.35,-31.633439],[29.333333,-31.65],[29.294886,-31.75]],[[28.85,-32.175984],[28.75,-32.201724],[28.737826,-32.25],[28.65,-32.343519],[28.64375,-32.35],[28.55,-32.44292],[28.542661,-32.45]],[[28.05,-32.778571],[27.95,-32.827778],[27.922727,-32.85],[27.85,-32.907143],[27.786,-32.95],[27.75,-32.977],[27.65,-33.048876],[27.647059,-33.05],[27.55,-33.071854],[27.45,-33.107143],[27.35,-33.114286],[27.295,-33.15],[27.25,-33.203571],[27.203571,-33.25],[27.15,-33.295455],[27.077027,-33.35],[27.05,-33.369802],[26.961957,-33.45]],[[26.95,-33.459016],[26.85,-33.480328],[26.75,-33.49023],[26.65,-33.523684],[26.55,-33.545146],[26.533333,-33.55],[26.45,-33.583784],[26.366949,-33.65],[26.35,-33.7]],[[26.116667,-33.65],[26.05,-33.64619],[25.95,-33.610127],[25.85,-33.607447],[25.779412,-33.55],[25.779787,-33.45],[25.75,-33.440278],[25.65,-33.415098],[25.55,-33.418248],[25.45,-33.42343],[25.35,-33.426923],[25.287209,-33.45],[25.35,-33.4725],[25.45,-33.513953],[25.508491,-33.55],[25.511538,-33.65],[25.45,-33.666162],[25.35,-33.729941],[25.311582,-33.75],[25.33855,-33.85],[25.35,-33.94375],[25.355882,-33.95]],[[22.728333,-33.95],[22.75,-33.94732],[22.85,-33.947431],[22.876531,-33.95]],[[25.347674,-33.95],[25.25,-33.923418],[25.15,-33.924299],[25.051242,-33.85],[25.05,-33.849407],[24.95,-33.824582],[24.85,-33.771212],[24.815333,-33.85],[24.845041,-33.95],[24.75,-34.006373],[24.65,-34.026224],[24.55,-34.032906],[24.502381,-34.05]],[[22.35,-34.014407],[22.25,-34.006967],[22.15,-34.002896],[22.05,-34.006039],[21.974167,-34.05],[21.95,-34.128378],[21.85,-34.110638],[21.812,-34.05],[21.75,-34.016904],[21.65,-34.006436],[21.571429,-34.05],[21.55,-34.074],[21.465556,-34.15],[21.45,-34.161475],[21.43,-34.15],[21.35,-34.053448],[21.3,-34.05],[21.25,-34.049722],[21.248795,-34.05],[21.15,-34.117769],[21.05,-34.113636],[20.959,-34.05],[20.95,-34.047959],[20.932353,-34.05],[20.85,-34.105263],[20.77093,-34.15],[20.75,-34.164754],[20.723529,-34.15],[20.65,-34.082432],[20.63835,-34.05],[20.55,-34.033837],[20.45,-34.03819],[20.35,-34.037751],[20.25,-34.01713],[20.16369,-33.95],[20.15,-33.942282],[20.05,-33.926316],[20.039286,-33.95],[20.05,-33.958911],[20.147872,-34.05],[20.05,-34.140196],[20.002381,-34.15],[20.05,-34.17439],[20.15,-34.195455],[20.25,-34.154878],[20.303425,-34.25],[20.25,-34.280709],[20.15,-34.269149],[20.05,-34.297692],[19.95,-34.338095],[19.93,-34.35],[19.853448,-34.45],[19.85,-34.462],[19.75,-34.517539],[19.65,-34.545041],[19.578125,-34.45],[19.55,-34.368182],[19.45,-34.408952],[19.35,-34.405118]],[[22.95,-33.977907],[23.05,-33.999784],[23.126821,-34.05]],[[24.15,-34.040096],[24.25,-34.045378],[24.341667,-34.05]],[[21.641765,-34.35],[21.65,-34.326667],[21.671875,-34.35]],[[3.95,36.763978],[3.916667,36.75],[3.95,36.738393],[4.03125,36.75],[3.95,36.763978]],[[4.25,36.754198],[4.228,36.75],[4.25,36.747128],[4.258661,36.75],[4.25,36.754198]],[[6.25,36.784109],[6.219655,36.75],[6.25,36.735526],[6.35,36.749696],[6.350704,36.75],[6.35,36.751538],[6.25,36.784109]],[[4.85,36.659366],[4.834186,36.65],[4.85,36.642511],[4.891975,36.65],[4.85,36.659366]],[[8.95,36.655389],[8.925,36.65],[8.85,36.601351],[8.791237,36.55],[8.75,36.489394],[8.72234,36.45],[8.75,36.432313],[8.833871,36.45],[8.85,36.458065],[8.95,36.491818],[9.05,36.546992],[9.054762,36.55],[9.05,36.583333],[9.002941,36.65],[8.95,36.655389]],[[10.15,36.560526],[10.134615,36.55],[10.15,36.501515],[10.25,36.475974],[10.284483,36.45],[10.35,36.426687],[10.396341,36.45],[10.45,36.494898],[10.481579,36.55],[10.45,36.579348],[10.35,36.611972],[10.25,36.577536],[10.15,36.560526]],[[0.25,35.979825],[0.193333,35.95],[0.25,35.882],[0.25597,35.85],[0.35,35.770755],[0.45,35.82093],[0.475773,35.85],[0.45,35.915789],[0.405172,35.95],[0.35,35.989506],[0.25,35.979825]],[[10.15,34.852128],[10.147059,34.85],[10.15,34.845652],[10.175,34.85],[10.15,34.852128]],[[-5.35,34.414516],[-5.3875,34.35],[-5.35,34.296429],[-5.284066,34.35],[-5.35,34.414516]],[[8.65,34.360526],[8.604839,34.35],[8.65,34.332278],[8.678,34.35],[8.65,34.360526]],[[9.55,33.757692],[9.515625,33.75],[9.45,33.7125],[9.35,33.664583],[9.320833,33.65],[9.35,33.630556],[9.45,33.60679],[9.513636,33.65],[9.55,33.714516],[9.597826,33.75],[9.55,33.757692]],[[4.95,32.954762],[4.946429,32.95],[4.95,32.933333],[4.96875,32.95],[4.95,32.954762]],[[23.15,31.97],[23.116667,31.95],[23.15,31.938889],[23.19,31.95],[23.15,31.97]],[[-9.05,31.761111],[-9.051075,31.75],[-9.05,31.749526],[-9.033333,31.75],[-9.05,31.761111]],[[24.65,31.759091],[24.566667,31.75],[24.55,31.7],[24.533333,31.65],[24.55,31.63],[24.616667,31.55],[24.65,31.525],[24.75,31.475],[24.85,31.45],[24.85,31.45],[24.95,31.416667],[25.05,31.4],[25.061111,31.45],[25.05,31.466667],[24.978571,31.55],[24.973077,31.65],[24.95,31.7],[24.91,31.75],[24.85,31.760465],[24.75,31.766949],[24.65,31.759091]],[[13.95,31.3875],[13.875,31.35],[13.95,31.341045],[13.976087,31.35],[13.95,31.3875]],[[25.15,31.35],[25.15,31.35],[25.15,31.35],[25.15,31.35],[25.15,31.35]],[[25.25,31.283333],[25.216667,31.25],[25.216667,31.15],[25.17,31.05],[25.15,31.025],[25.107143,30.95],[25.15,30.89],[25.2,30.85],[25.25,30.8],[25.316667,30.75],[25.35,30.73],[25.45,30.683333],[25.478571,30.65],[25.53,30.55],[25.55,30.516667],[25.59,30.45],[25.65,30.428571],[25.75,30.408333],[25.85,30.388462],[25.95,30.372222],[26.016667,30.35],[26.05,30.335714],[26.15,30.316667],[26.25,30.27],[26.29,30.35],[26.35,30.435714],[26.355556,30.45],[26.35,30.483333],[26.327778,30.55],[26.35,30.583333],[26.45,30.605556],[26.55,30.63],[26.65,30.640909],[26.75,30.632353],[26.85,30.630769],[26.895455,30.65],[26.95,30.683333],[27.025,30.65],[27.05,30.638235],[27.15,30.564286],[27.17,30.55],[27.15,30.538235],[27.1125,30.45],[27.134615,30.35],[27.15,30.343258],[27.25,30.308182],[27.35,30.336014],[27.45,30.339922],[27.474528,30.35],[27.55,30.416667],[27.65,30.428443],[27.75,30.443939],[27.82,30.45],[27.85,30.485294],[27.914706,30.55],[27.85,30.590741],[27.75,30.65],[27.65,30.672727],[27.55,30.691176],[27.45,30.735714],[27.416667,30.75],[27.392857,30.85],[27.35,30.91],[27.333333,30.95],[27.25,30.982258],[27.15,31.027778],[27.132609,31.05],[27.05,31.0975],[26.95,31.090625],[26.85,31.102174],[26.75,31.107576],[26.65,31.1],[26.55,31.095],[26.45,31.106522],[26.35,31.11],[26.25,31.135714],[26.15,31.14375],[26.1,31.15],[26.05,31.15303],[25.95,31.177586],[25.85,31.233333],[25.75,31.25],[25.75,31.25],[25.75,31.25],[25.65,31.178571],[25.55,31.163158],[25.45,31.185714],[25.378,31.25],[25.35,31.256542],[25.25,31.283333]],[[14.25,30.959091],[14.234783,30.95],[14.25,30.934444],[14.285,30.95],[14.25,30.959091]],[[14.05,30.885294],[14.022727,30.85],[14.05,30.830645],[14.08,30.85],[14.05,30.885294]],[[27.95,30.45],[27.95,30.45],[27.95,30.45],[27.95,30.45],[27.95,30.45]],[[28.25,30.468605],[28.236667,30.45],[28.25,30.446981],[28.35,30.447338],[28.362963,30.45],[28.35,30.473333],[28.25,30.468605]],[[29.95,29.85],[29.95,29.85],[30.05,29.919231],[30.15,29.878125],[30.202941,29.85],[30.25,29.821429],[30.35,29.81],[30.45,29.812903],[30.55,29.8125],[30.65,29.808621],[30.737179,29.75],[30.65,29.67766],[30.633117,29.65],[30.55,29.617347],[30.45,29.595122],[30.361905,29.55],[30.35,29.544118],[30.25,29.498555],[30.164286,29.45],[30.15,29.440345],[30.05,29.391379],[30.015468,29.35],[29.963402,29.25],[29.95,29.211765],[29.918657,29.15],[29.901852,29.05],[29.87,28.95],[29.85,28.933333],[29.813636,28.95],[29.75,28.974138],[29.65,29.0],[29.55,28.996154],[29.45,28.98],[29.375,28.95],[29.35,28.933333],[29.25,28.922727],[29.225,28.95],[29.15,29.00625],[29.05,29.045238],[29.042593,29.05],[28.95,29.1125],[28.875,29.15],[28.869231,29.25],[28.85,29.291667],[28.75,29.333333],[28.705556,29.35],[28.75,29.394444],[28.8125,29.45],[28.85,29.459677],[28.95,29.478],[29.05,29.469231],[29.15,29.476316],[29.25,29.53],[29.2875,29.55],[29.35,29.571739],[29.45,29.614286],[29.55,29.636111],[29.595455,29.65],[29.65,29.661765],[29.75,29.698437],[29.85,29.738525],[29.875926,29.75],[29.95,29.85]],[[30.85,29.860294],[30.791667,29.85],[30.833333,29.75],[30.85,29.749281],[30.86,29.75],[30.95,29.782143],[30.97043,29.85],[30.95,29.91129],[30.85,29.860294]],[[17.35,29.55],[17.32193,29.45],[17.340244,29.35],[17.311538,29.25],[17.280952,29.15],[17.35,29.121],[17.423958,29.05],[17.45,29.020588],[17.502174,28.95],[17.500862,28.85],[17.505319,28.75],[17.55,28.711818],[17.578571,28.65],[17.573256,28.55],[17.65,28.516327],[17.75,28.458065],[17.805556,28.45],[17.85,28.444521],[17.858511,28.45],[17.85,28.516667],[17.84661,28.55],[17.85,28.557692],[17.95,28.594444],[17.969231,28.65],[17.95,28.668987],[17.895763,28.75],[17.852439,28.85],[17.85,28.855405],[17.778571,28.95],[17.751064,29.05],[17.75,29.052857],[17.709524,29.15],[17.720968,29.25],[17.701064,29.35],[17.65,29.41],[17.620909,29.45],[17.55,29.494828],[17.45,29.512921],[17.35,29.55]],[[0.05,29.083333],[-0.0125,29.05],[-0.05,29.014],[-0.101613,28.95],[-0.15,28.861765],[-0.154167,28.85],[-0.15,28.842593],[-0.05,28.831132],[-0.024359,28.85],[0.05,28.910417],[0.077941,28.95],[0.098387,29.05],[0.05,29.083333]],[[30.15,28.871667],[30.098,28.85],[30.15,28.763333],[30.179545,28.85],[30.15,28.871667]],[[19.45,28.81],[19.398864,28.75],[19.45,28.693038],[19.487778,28.65],[19.55,28.592268],[19.618333,28.55],[19.65,28.521212],[19.75,28.503333],[19.85,28.548],[19.95,28.516364],[20.014602,28.45],[20.05,28.375926],[20.072222,28.35],[20.07931,28.25],[20.1,28.15],[20.15,28.086111],[20.186111,28.05],[20.25,28.014615],[20.35,27.977907],[20.45,27.996154],[20.519231,27.95],[20.55,27.861111],[20.638889,27.95],[20.588462,28.05],[20.584783,28.15],[20.554545,28.25],[20.55,28.25625],[20.4875,28.35],[20.45,28.4],[20.35,28.45],[20.25,28.538889],[20.241176,28.55],[20.15,28.65],[20.05,28.688095],[19.95,28.673529],[19.85,28.725949],[19.75,28.730597],[19.65,28.74],[19.63806,28.75],[19.55,28.821951],[19.45,28.81]],[[28.85,28.55],[28.795455,28.45],[28.75,28.398276],[28.721429,28.35],[28.702381,28.25],[28.683333,28.15],[28.65,28.148039],[28.563793,28.05],[28.562821,27.95],[28.55,27.933333],[28.508333,27.85],[28.55,27.797917],[28.584722,27.85],[28.65,27.908025],[28.694156,27.95],[28.75,28.00443],[28.816667,28.05],[28.85,28.093902],[28.95,28.127273],[29.05,28.146875],[29.054,28.15],[29.122222,28.25],[29.142308,28.35],[29.05,28.437273],[29.036792,28.45],[28.95,28.526667],[28.85,28.55]],[[27.75,28.35],[27.75,28.35],[27.75,28.35],[27.75,28.35],[27.75,28.35]],[[-11.35,28.252941],[-11.352752,28.25],[-11.35,28.245833],[-11.338462,28.25],[-11.35,28.252941]],[[-11.15,27.851923],[-11.154545,27.85],[-11.15,27.846875],[-11.148039,27.85],[-11.15,27.851923]],[[-0.65,27.6],[-0.66875,27.55],[-0.664815,27.45],[-0.666667,27.35],[-0.652,27.25],[-0.65,27.244118],[-0.611905,27.15],[-0.564634,27.05],[-0.55,27.026],[-0.45,26.964286],[-0.438889,26.95],[-0.35,26.855882],[-0.343548,26.85],[-0.283333,26.75],[-0.25,26.675],[-0.239474,26.65],[-0.166667,26.55],[-0.15,26.542],[-0.05,26.518571],[0.05,26.486],[0.15,26.45],[0.15,26.45],[0.25,26.447222],[0.3,26.45],[0.35,26.455556],[0.357692,26.45],[0.45,26.41129],[0.515517,26.35],[0.55,26.322973],[0.598214,26.25],[0.627778,26.15],[0.65,26.107143],[0.75,26.135366],[0.822917,26.05],[0.85,26.006667],[0.95,25.95],[0.95,25.95],[1.002381,25.85],[1.05,25.812963],[1.101515,25.75],[1.09,25.65],[1.1125,25.55],[1.15,25.542683],[1.25,25.502381],[1.293478,25.55],[1.294444,25.65],[1.35,25.704054],[1.439474,25.75],[1.45,25.757143],[1.55,25.785],[1.618421,25.85],[1.65,25.867143],[1.75,25.916667],[1.8,25.95],[1.85,26.01],[1.861111,26.05],[1.916667,26.15],[1.95,26.204286],[2.022727,26.25],[1.971333,26.35],[2.05,26.446721],[2.078571,26.45],[2.123333,26.55],[2.15,26.607143],[2.183333,26.65],[2.15,26.663636],[2.076923,26.75],[2.05,26.77],[2.00625,26.85],[1.951449,26.95],[1.95,26.951613],[1.948182,26.95],[1.876531,26.85],[1.869231,26.75],[1.85,26.71875],[1.75,26.662727],[1.65,26.665385],[1.583333,26.65],[1.55,26.642187],[1.522222,26.65],[1.45,26.66625],[1.35,26.697945],[1.25,26.679032],[1.202632,26.65],[1.15,26.634127],[1.05,26.622131],[0.95,26.6],[0.85,26.572222],[0.837302,26.55],[0.85,26.507895],[0.864286,26.45],[0.85,26.431034],[0.75,26.405172],[0.712857,26.45],[0.685294,26.55],[0.65,26.628947],[0.55,26.615625],[0.488889,26.65],[0.45,26.666667],[0.434783,26.65],[0.35,26.580357],[0.259302,26.65],[0.25,26.655128],[0.15,26.711538],[0.111538,26.75],[0.05,26.808182],[0.013492,26.85],[-0.043243,26.95],[-0.05,26.958065],[-0.11,27.05],[-0.15,27.138372],[-0.161364,27.15],[-0.224419,27.25],[-0.25,27.307895],[-0.307143,27.35],[-0.325926,27.45],[-0.35,27.494828],[-0.434211,27.55],[-0.45,27.575],[-0.55,27.625],[-0.65,27.6]],[[27.25,27.483333],[27.191667,27.45],[27.25,27.431579],[27.313636,27.45],[27.25,27.483333]],[[26.95,27.292105],[26.883333,27.25],[26.95,27.216667],[26.957767,27.25],[26.95,27.292105]],[[27.55,26.554],[27.542,26.55],[27.538889,26.45],[27.55,26.435714],[27.601064,26.35],[27.65,26.282353],[27.698936,26.35],[27.75,26.411538],[27.764851,26.45],[27.75,26.488462],[27.65,26.546552],[27.6,26.55],[27.55,26.554]],[[32.75,26.576667],[32.748354,26.55],[32.75,26.54661],[32.753361,26.55],[32.75,26.576667]],[[28.25,25.955556],[28.183333,25.95],[28.15,25.930952],[28.05,25.89],[27.95,25.885714],[27.928261,25.85],[27.943333,25.75],[27.95,25.742],[27.975,25.75],[28.05,25.804545],[28.135714,25.75],[28.15,25.742593],[28.25,25.683333],[28.283333,25.65],[28.35,25.583333],[28.385,25.55],[28.45,25.493478],[28.55,25.508491],[28.6,25.55],[28.643617,25.65],[28.65,25.65566],[28.678249,25.75],[28.65,25.820423],[28.631081,25.85],[28.55,25.894554],[28.45,25.906897],[28.385897,25.95],[28.35,25.962069],[28.25,25.955556]],[[30.55,25.973129],[30.495161,25.95],[30.55,25.858108],[30.554054,25.85],[30.559009,25.75],[30.55,25.736486],[30.45303,25.65],[30.460753,25.55],[30.45,25.538235],[30.434127,25.55],[30.446429,25.65],[30.35,25.710674],[30.25,25.664894],[30.223077,25.65],[30.242361,25.55],[30.22451,25.45],[30.22,25.35],[30.25,25.3],[30.264634,25.25],[30.283333,25.15],[30.257143,25.05],[30.25,25.023333],[30.214516,24.95],[30.15,24.863043],[30.142105,24.85],[30.138095,24.75],[30.15,24.65],[30.15,24.65],[30.131081,24.55],[30.078571,24.45],[30.057143,24.35],[30.15,24.281579],[30.25,24.292105],[30.35,24.302381],[30.45,24.3125],[30.472388,24.25],[30.45,24.222727],[30.35,24.225],[30.25,24.202941],[30.180769,24.15],[30.15,24.105556],[30.123684,24.05],[30.128571,23.95],[30.132927,23.85],[30.12381,23.75],[30.059524,23.65],[30.05,23.619231],[30.017857,23.55],[29.95,23.455],[29.946,23.45],[29.9125,23.35],[29.857692,23.25],[29.85,23.24],[29.75,23.175],[29.71,23.15],[29.75,23.1],[29.783333,23.05],[29.816667,22.95],[29.85,22.933333],[29.95,22.920588],[29.995455,22.95],[30.05,22.973077],[30.15,22.985484],[30.2,22.95],[30.15,22.907692],[30.114286,22.85],[30.05,22.788636],[29.995161,22.75],[29.95,22.686364],[29.923333,22.65],[29.922222,22.55],[29.95,22.520588],[30.05,22.535714],[30.15,22.525],[30.25,22.5],[30.35,22.514286],[30.392857,22.55],[30.45,22.59878],[30.55,22.58],[30.65,22.575806],[30.692105,22.55],[30.711905,22.45],[30.75,22.430488],[30.85,22.436667],[30.86875,22.45],[30.85,22.48],[30.794,22.55],[30.85,22.627778],[30.861111,22.65],[30.930435,22.75],[30.95,22.768367],[31.05,22.75],[31.15,22.794444],[31.25,22.847619],[31.35,22.841176],[31.38,22.85],[31.45,22.880435],[31.49,22.95],[31.523333,23.05],[31.55,23.094444],[31.585714,23.15],[31.65,23.24],[31.655714,23.25],[31.733333,23.35],[31.65,23.364388],[31.55,23.370354],[31.45,23.367647],[31.35,23.385632],[31.25,23.384568],[31.15,23.363725],[31.10625,23.35],[31.15,23.313158],[31.25,23.298148],[31.346296,23.25],[31.25,23.21],[31.15,23.23],[31.05,23.25],[30.95,23.325],[30.907143,23.35],[30.85,23.4],[30.83209,23.45],[30.85,23.516667],[30.858451,23.55],[30.85,23.565],[30.75,23.65],[30.678571,23.75],[30.75,23.821429],[30.764286,23.85],[30.85,23.9],[30.876087,23.95],[30.861538,24.05],[30.85,24.058955],[30.75,24.126812],[30.734,24.15],[30.75,24.214],[30.761392,24.25],[30.804878,24.35],[30.85,24.420476],[30.868452,24.45],[30.85,24.47562],[30.807944,24.55],[30.754023,24.65],[30.75,24.654965],[30.699813,24.75],[30.75,24.822826],[30.85,24.847203],[30.9,24.85],[30.915455,24.95],[30.885556,25.05],[30.854082,25.15],[30.85,25.154545],[30.787546,25.25],[30.778938,25.35],[30.786145,25.45],[30.787799,25.55],[30.765306,25.65],[30.75,25.68125],[30.710479,25.75],[30.68287,25.85],[30.6825,25.95],[30.65,25.990881],[30.55,25.973129]],[[1.55,25.686364],[1.541304,25.65],[1.496667,25.55],[1.55,25.496667],[1.582,25.55],[1.572222,25.65],[1.55,25.686364]],[[28.75,25.658633],[28.67,25.65],[28.681429,25.55],[28.75,25.457692],[28.85,25.452985],[28.854878,25.45],[28.95,25.405682],[29.023134,25.35],[29.05,25.297059],[29.15,25.252326],[29.25,25.28125],[29.35,25.322527],[29.45,25.331081],[29.503846,25.35],[29.461732,25.45],[29.45,25.458434],[29.359163,25.55],[29.35,25.562849],[29.25,25.579289],[29.15,25.567687],[29.05,25.574476],[28.97,25.65],[28.95,25.685065],[28.85,25.690625],[28.75,25.658633]],[[29.65,25.257143],[29.62,25.25],[29.65,25.241304],[29.75,25.229412],[29.85,25.236364],[29.883333,25.25],[29.85,25.251049],[29.75,25.253271],[29.65,25.257143]],[[30.05,25.156667],[30.046,25.15],[30.05,25.145652],[30.15,25.125],[30.163636,25.15],[30.15,25.21],[30.05,25.156667]],[[-4.75,24.952778],[-4.757143,24.95],[-4.75,24.945238],[-4.745,24.95],[-4.75,24.952778]],[[-5.45,24.683333],[-5.53,24.65],[-5.55,24.621429],[-5.5625,24.55],[-5.55,24.529167],[-5.47963,24.45],[-5.45,24.43961],[-5.429487,24.45],[-5.391667,24.55],[-5.35,24.65],[-5.45,24.683333]],[[-4.95,24.7],[-4.96875,24.65],[-4.95,24.633333],[-4.935,24.65],[-4.95,24.7]],[[-5.25,24.59],[-5.266667,24.55],[-5.25,24.542],[-5.239474,24.55],[-5.25,24.59]],[[-12.75,24.371429],[-12.81,24.35],[-12.78,24.25],[-12.75,24.2125],[-12.734211,24.25],[-12.732353,24.35],[-12.75,24.371429]],[[-14.55,23.959091],[-14.575,23.95],[-14.55,23.940909],[-14.546154,23.95],[-14.55,23.959091]],[[-2.25,23.91087],[-2.323684,23.85],[-2.35,23.778571],[-2.354545,23.75],[-2.387778,23.65],[-2.35,23.576087],[-2.332857,23.55],[-2.25,23.45],[-2.25,23.45],[-2.15,23.376087],[-2.095161,23.45],[-2.07931,23.55],[-2.076316,23.65],[-2.109091,23.75],[-2.132692,23.85],[-2.15,23.871429],[-2.25,23.91087]],[[32.75,23.775],[32.725,23.75],[32.75,23.7375],[32.76,23.75],[32.75,23.775]],[[30.65,23.575],[30.647778,23.55],[30.65,23.548611],[30.655,23.55],[30.65,23.575]],[[30.65,23.072917],[30.592105,23.05],[30.65,23.024419],[30.719565,22.95],[30.75,22.911111],[30.85,22.922222],[30.901282,22.95],[30.85,22.987037],[30.77093,23.05],[30.75,23.063636],[30.65,23.072917]],[[30.45,22.970588],[30.415,22.95],[30.45,22.931081],[30.55,22.927083],[30.575581,22.95],[30.55,23.007895],[30.45,22.970588]],[[-4.45,22.855263],[-4.460345,22.85],[-4.45,22.828571],[-4.4125,22.85],[-4.45,22.855263]],[[33.15,22.876087],[33.130645,22.85],[33.15,22.826923],[33.172222,22.85],[33.15,22.876087]],[[-4.35,22.811538],[-4.392105,22.75],[-4.35,22.661111],[-4.344118,22.65],[-4.28125,22.55],[-4.25,22.494444],[-4.15,22.466129],[-4.05,22.461364],[-3.966667,22.45],[-3.95,22.440909],[-3.85,22.364706],[-3.75,22.35],[-3.65,22.356977],[-3.638889,22.35],[-3.608824,22.25],[-3.55,22.197368],[-3.45,22.174],[-3.416667,22.15],[-3.35,22.103846],[-3.25,22.1],[-3.175,22.15],[-3.207143,22.25],[-3.25,22.321429],[-3.274,22.35],[-3.35,22.380645],[-3.414179,22.45],[-3.45,22.481169],[-3.55,22.52907],[-3.578125,22.55],[-3.65,22.593396],[-3.75,22.639362],[-3.85,22.65],[-3.95,22.723077],[-3.991176,22.75],[-4.05,22.772727],[-4.15,22.78662],[-4.25,22.816],[-4.35,22.811538]],[[31.45,22.7625],[31.446875,22.75],[31.45,22.745455],[31.466667,22.75],[31.45,22.7625]],[[31.65,22.754444],[31.621429,22.75],[31.558,22.65],[31.578571,22.55],[31.55,22.45],[31.55,22.35],[31.45,22.25],[31.35,22.196341],[31.304762,22.15],[31.293182,22.05],[31.25,21.976923],[31.236275,21.95],[31.15,21.865385],[31.131395,21.85],[31.128378,21.75],[31.108824,21.65],[31.15,21.626667],[31.163208,21.65],[31.25,21.742],[31.316667,21.75],[31.35,21.778571],[31.355814,21.85],[31.369444,21.95],[31.39386,22.05],[31.45,22.108182],[31.521875,22.15],[31.55,22.179032],[31.65,22.2425],[31.661538,22.25],[31.75,22.3075],[31.85,22.326],[31.87449,22.35],[31.899091,22.45],[31.95,22.504902],[31.991071,22.55],[32.05,22.628571],[32.092857,22.65],[32.15,22.685294],[32.198,22.65],[32.25,22.577778],[32.333333,22.55],[32.35,22.546],[32.353571,22.55],[32.35,22.561111],[32.311905,22.65],[32.264583,22.75],[32.25,22.779167],[32.15,22.814706],[32.05,22.783333],[31.994,22.75],[31.95,22.713333],[31.85,22.663043],[31.75,22.67069],[31.658,22.75],[31.65,22.754444]],[[33.25,22.67],[33.248148,22.65],[33.25,22.642857],[33.254167,22.65],[33.25,22.67]],[[-15.05,21.85],[-15.05,21.85],[-15.05,21.85]],[[31.05,21.559091],[31.047143,21.55],[31.05,21.547059],[31.054167,21.55],[31.05,21.559091]],[[-13.35,20.78],[-13.41,20.75],[-13.35,20.731818],[-13.275,20.75],[-13.35,20.78]],[[-12.35,19.190541],[-12.381915,19.15],[-12.35,19.119388],[-12.298276,19.15],[-12.35,19.190541]],[[-10.75,18.356173],[-10.757246,18.35],[-10.85,18.260801],[-10.941176,18.25],[-10.85,18.212195],[-10.75,18.221053],[-10.65,18.228261],[-10.55,18.227049],[-10.483333,18.25],[-10.55,18.260937],[-10.637023,18.35],[-10.65,18.355449],[-10.75,18.356173]],[[-8.05,17.96875],[-8.07093,17.95],[-8.054762,17.85],[-8.05,17.827778],[-8.032927,17.75],[-7.95,17.680612],[-7.85,17.675373],[-7.75,17.663514],[-7.72619,17.65],[-7.65,17.55],[-7.65,17.55],[-7.625,17.45],[-7.55,17.377273],[-7.49375,17.35],[-7.45,17.331081],[-7.35,17.332353],[-7.334615,17.35],[-7.35,17.357792],[-7.413964,17.45],[-7.426692,17.55],[-7.446154,17.65],[-7.45,17.655435],[-7.525652,17.75],[-7.55,17.770741],[-7.65,17.781967],[-7.75,17.773358],[-7.85,17.820423],[-7.879167,17.85],[-7.95,17.928462],[-8.01087,17.95],[-8.05,17.96875]],[[17.45,17.395455],[17.394444,17.35],[17.35,17.27],[17.3,17.25],[17.25,17.24],[17.2,17.25],[17.15,17.264286],[17.138889,17.25],[17.05,17.161111],[17.033333,17.15],[16.95,17.078571],[16.925,17.05],[16.916667,16.95],[16.95,16.883333],[16.97,16.85],[17.016667,16.75],[17.0,16.65],[17.025,16.55],[17.05,16.533333],[17.15,16.45],[17.15,16.45],[17.25,16.440909],[17.35,16.4375],[17.45,16.45],[17.45,16.45],[17.55,16.4625],[17.65,16.5125],[17.75,16.516667],[17.85,16.55],[17.85,16.55],[17.95,16.592857],[18.007143,16.65],[18.05,16.681579],[18.15,16.664286],[18.25,16.67],[18.35,16.723529],[18.3875,16.75],[18.45,16.798387],[18.534211,16.85],[18.55,16.862],[18.65,16.9375],[18.665385,16.95],[18.75,17.01875],[18.797619,17.05],[18.85,17.11875],[18.895455,17.15],[18.85,17.25],[18.75,17.24375],[18.7,17.25],[18.65,17.26],[18.55,17.325],[18.45,17.338235],[18.35,17.31875],[18.25,17.344444],[18.216667,17.35],[18.15,17.357692],[18.083333,17.35],[18.05,17.344444],[17.95,17.319565],[17.85,17.304839],[17.75,17.3125],[17.65,17.316667],[17.602941,17.35],[17.55,17.45],[17.45,17.395455]],[[-12.05,17.094444],[-12.062121,17.05],[-12.05,17.034615],[-11.95,16.969231],[-11.926536,17.05],[-11.95,17.08],[-12.05,17.094444]],[[-9.15,16.5625],[-9.172222,16.55],[-9.202941,16.45],[-9.15,16.405],[-9.097059,16.45],[-9.136667,16.55],[-9.15,16.5625]],[[-8.95,16.533333],[-8.988462,16.45],[-8.95,16.4],[-8.866667,16.35],[-8.85,16.3375],[-8.8,16.35],[-8.7625,16.45],[-8.85,16.5],[-8.95,16.533333]],[[-7.75,16.473529],[-7.83,16.45],[-7.75,16.392857],[-7.716667,16.45],[-7.75,16.473529]],[[39.85,15.041509],[39.830285,14.95],[39.85,14.901256],[39.907059,14.95],[39.85,15.041509]],[[-10.05,14.18],[-10.056122,14.15],[-10.068182,14.05],[-10.1,13.95],[-10.15,13.909375],[-10.163971,13.85],[-10.192574,13.75],[-10.21625,13.65],[-10.15,13.570896],[-10.116667,13.55],[-10.05,13.474324],[-9.95,13.497727],[-9.85,13.481579],[-9.825926,13.55],[-9.840625,13.65],[-9.85,13.665789],[-9.88,13.65],[-9.95,13.626667],[-9.971212,13.65],[-9.95,13.708333],[-9.92619,13.75],[-9.95,13.759091],[-10.024627,13.85],[-10.027586,13.95],[-10.022222,14.05],[-10.038889,14.15],[-10.05,14.18]],[[-10.95,14.056],[-10.963043,14.05],[-10.95,14.045455],[-10.94375,14.05],[-10.95,14.056]],[[40.65,13.675749],[40.625,13.65],[40.600157,13.55],[40.65,13.476728],[40.737845,13.55],[40.670976,13.65],[40.65,13.675749]],[[2.95,13.55],[2.943103,13.45],[2.95,13.383333],[2.959524,13.45],[2.95,13.55]],[[2.25,13.357692],[2.2475,13.35],[2.25,13.347436],[2.27,13.35],[2.25,13.357692]],[[2.35,13.27],[2.347436,13.25],[2.35,13.2],[2.352564,13.25],[2.35,13.27]],[[41.05,13.339091],[41.019375,13.25],[41.05,13.194633],[41.15,13.221429],[41.151026,13.25],[41.15,13.251923],[41.05,13.339091]],[[-12.05,13.165625],[-12.07,13.15],[-12.056061,13.05],[-12.05,13.033333],[-12.044737,13.05],[-12.041667,13.15],[-12.05,13.165625]],[[2.85,13.25],[2.844444,13.15],[2.85,13.1],[2.872222,13.15],[2.85,13.25]],[[2.35,13.125],[2.343333,13.05],[2.33125,12.95],[2.35,12.922727],[2.37,12.95],[2.362,13.05],[2.35,13.125]],[[40.85,13.123653],[40.788191,13.05],[40.85,12.992254],[40.894245,13.05],[40.85,13.123653]],[[2.45,12.895455],[2.394444,12.85],[2.427778,12.75],[2.45,12.719231],[2.4625,12.75],[2.475641,12.85],[2.45,12.895455]],[[41.65,12.914333],[41.589117,12.85],[41.65,12.754455],[41.718929,12.85],[41.65,12.914333]],[[2.55,12.575],[2.538889,12.55],[2.55,12.538889],[2.65,12.511538],[2.7125,12.55],[2.65,12.57],[2.55,12.575]],[[4.05,12.455882],[4.039474,12.45],[4.05,12.44],[4.061765,12.45],[4.05,12.455882]],[[42.25,12.075556],[42.243195,12.05],[42.25,12.040336],[42.277381,12.05],[42.25,12.075556]],[[-13.55,11.959091],[-13.556897,11.95],[-13.55,11.903846],[-13.543103,11.95],[-13.55,11.959091]],[[42.35,11.967568],[42.344298,11.95],[42.35,11.918293],[42.353601,11.95],[42.35,11.967568]],[[41.75,11.850331],[41.749711,11.85],[41.75,11.84982],[41.751408,11.85],[41.75,11.850331]],[[1.15,11.77],[1.1375,11.75],[1.15,11.738235],[1.25,11.705556],[1.292105,11.75],[1.25,11.83],[1.15,11.77]],[[1.55,11.771429],[1.475,11.75],[1.55,11.741176],[1.555769,11.75],[1.55,11.771429]],[[4.35,11.758],[4.319231,11.75],[4.35,11.739189],[4.45,11.75],[4.35,11.758]],[[42.15,11.752058],[42.149094,11.75],[42.15,11.748339],[42.152016,11.75],[42.15,11.752058]],[[-13.15,11.673585],[-13.170833,11.65],[-13.15,11.611538],[-13.127477,11.65],[-13.15,11.673585]],[[4.05,11.65],[4.05,11.65],[4.05,11.65]],[[41.95,11.575714],[41.940132,11.55],[41.95,11.535804],[42.01338,11.55],[41.95,11.575714]],[[42.25,11.557389],[42.245427,11.55],[42.25,11.532558],[42.294118,11.55],[42.25,11.557389]],[[42.05,11.506667],[42.038889,11.45],[42.05,11.433962],[42.072222,11.45],[42.05,11.506667]],[[42.35,11.501282],[42.328022,11.45],[42.35,11.432456],[42.356734,11.45],[42.35,11.501282]],[[3.85,11.286842],[3.828125,11.25],[3.85,11.224074],[3.861475,11.25],[3.85,11.286842]],[[-13.75,11.158696],[-13.775,11.15],[-13.75,11.135714],[-13.746552,11.15],[-13.75,11.158696]],[[-14.15,10.878302],[-14.171127,10.85],[-14.15,10.809459],[-14.128261,10.85],[-14.15,10.878302]],[[-14.05,10.701724],[-14.086,10.65],[-14.05,10.58662],[-14.008716,10.65],[-14.05,10.701724]],[[-13.65,10.486364],[-13.668898,10.45],[-13.65,10.410656],[-13.598936,10.45],[-13.65,10.486364]],[[-1.95,10.15625],[-1.953846,10.15],[-1.95,10.145833],[-1.946774,10.15],[-1.95,10.15625]],[[-13.55,10.059524],[-13.555229,10.05],[-13.595833,9.95],[-13.55,9.90559],[-13.465385,9.95],[-13.45,9.972414],[-13.38662,10.05],[-13.45,10.138235],[-13.55,10.059524]],[[-0.05,10.05],[-0.05,10.05],[-0.05,10.05],[-0.05,10.05],[-0.05,10.05]],[[0.85,10.05],[0.85,10.05],[0.85,10.05],[0.85,10.05],[0.85,10.05]],[[11.95,10.059091],[11.908824,10.05],[11.95,9.986364],[11.971212,10.05],[11.95,10.059091]],[[-0.35,9.895833],[-0.37,9.85],[-0.35,9.82381],[-0.284043,9.75],[-0.269355,9.65],[-0.30625,9.55],[-0.35,9.4625],[-0.3525,9.45],[-0.35,9.441667],[-0.285294,9.35],[-0.25,9.321429],[-0.222727,9.35],[-0.163636,9.45],[-0.15,9.483333],[-0.107143,9.55],[-0.13,9.65],[-0.107576,9.75],[-0.115957,9.85],[-0.15,9.905172],[-0.25,9.893396],[-0.35,9.895833]],[[0.65,9.754762],[0.6375,9.75],[0.65,9.727778],[0.661111,9.75],[0.65,9.754762]],[[-2.05,9.657895],[-2.063636,9.65],[-2.05,9.6375],[-2.03,9.65],[-2.05,9.657895]],[[12.75,9.56],[12.747917,9.55],[12.75,9.546],[12.753704,9.55],[12.75,9.56]],[[12.85,9.485],[12.813158,9.45],[12.75,9.407895],[12.717647,9.35],[12.65,9.266867],[12.608824,9.25],[12.55,9.15],[12.65,9.09],[12.716667,9.15],[12.75,9.192857],[12.85,9.2],[12.883333,9.15],[12.923333,9.05],[12.95,9.026471],[12.969048,9.05],[12.958,9.15],[13.05,9.216667],[13.132143,9.25],[13.083333,9.35],[13.05,9.376923],[12.976923,9.45],[12.95,9.464583],[12.85,9.485]],[[4.95,9.382203],[4.912,9.35],[4.95,9.330612],[4.996341,9.35],[4.95,9.382203]],[[13.45,9.351333],[13.442308,9.35],[13.45,9.343333],[13.55,9.315385],[13.635,9.25],[13.628431,9.15],[13.65,9.102174],[13.687931,9.15],[13.663043,9.25],[13.665385,9.35],[13.65,9.353571],[13.55,9.364286],[13.45,9.351333]],[[5.55,9.328571],[5.510714,9.25],[5.532353,9.15],[5.55,9.136364],[5.637692,9.05],[5.65,9.04375],[5.677586,9.05],[5.689062,9.15],[5.65,9.19717],[5.594,9.25],[5.55,9.328571]],[[13.25,9.261538],[13.195455,9.25],[13.25,9.240625],[13.35,9.229412],[13.383333,9.25],[13.35,9.286842],[13.25,9.261538]],[[9.15,8.75],[9.15,8.75],[9.15,8.75]],[[8.65,8.595714],[8.610976,8.55],[8.6,8.45],[8.65,8.406667],[8.736667,8.45],[8.691026,8.55],[8.65,8.595714]],[[-3.95,8.516667],[-3.961765,8.45],[-4.0,8.35],[-3.95,8.323333],[-3.935185,8.35],[-3.943103,8.45],[-3.95,8.516667]],[[-2.15,8.354444],[-2.183333,8.35],[-2.15,8.345238],[-2.146364,8.35],[-2.15,8.354444]],[[8.55,8.395833],[8.5,8.35],[8.45,8.297619],[8.35,8.262727],[8.3375,8.25],[8.258475,8.15],[8.35,8.062195],[8.4364,8.15],[8.45,8.212963],[8.55,8.25],[8.589286,8.35],[8.55,8.395833]],[[8.95,8.25],[8.95,8.25],[8.95,8.25],[8.95,8.25],[8.95,8.25]],[[10.65,8.25625],[10.646721,8.25],[10.65,8.246154],[10.661111,8.25],[10.65,8.25625]],[[7.25,7.858411],[7.230435,7.85],[7.15,7.806471],[7.100515,7.75],[7.05,7.712016],[6.95,7.719231],[6.85,7.68253],[6.815385,7.65],[6.75,7.57766],[6.722917,7.55],[6.75,7.523288],[6.85,7.505639],[6.905639,7.45],[6.888211,7.35],[6.85,7.274194],[6.839655,7.25],[6.85,7.232955],[6.95,7.247917],[7.05,7.208503],[7.15,7.22551],[7.25,7.1975],[7.286538,7.15],[7.287963,7.05],[7.25,6.968],[7.240323,6.95],[7.183333,6.85],[7.197826,6.75],[7.237629,6.65],[7.25,6.564286],[7.251389,6.55],[7.277273,6.45],[7.298205,6.35],[7.32625,6.25],[7.3125,6.15],[7.322642,6.05],[7.328082,5.95],[7.35,5.901515],[7.372222,5.95],[7.45,6.028873],[7.459934,6.05],[7.487356,6.15],[7.470833,6.25],[7.513235,6.35],[7.523529,6.45],[7.534615,6.55],[7.543464,6.65],[7.55,6.677778],[7.618421,6.75],[7.65,6.81],[7.672222,6.85],[7.707143,6.95],[7.75,7.027778],[7.769355,7.05],[7.814912,7.15],[7.823913,7.25],[7.85,7.29186],[7.95,7.319697],[7.993478,7.35],[7.976471,7.45],[7.95,7.473684],[7.889583,7.55],[7.85,7.596341],[7.811404,7.65],[7.783333,7.75],[7.75,7.766667],[7.717213,7.85],[7.65,7.886937],[7.593056,7.85],[7.5575,7.75],[7.55,7.748101],[7.546552,7.75],[7.463889,7.85],[7.45,7.855],[7.35,7.896341],[7.25,7.858411]],[[6.65,7.757407],[6.637879,7.75],[6.65,7.745455],[6.65303,7.75],[6.65,7.757407]],[[9.25,7.758475],[9.238636,7.75],[9.25,7.742537],[9.270833,7.75],[9.25,7.758475]],[[10.15,7.752703],[10.148462,7.75],[10.15,7.748305],[10.155556,7.75],[10.15,7.752703]],[[-5.65,7.672222],[-5.655882,7.65],[-5.65,7.621429],[-5.645918,7.65],[-5.65,7.672222]],[[3.55,7.75],[3.55,7.75],[3.55,7.75]],[[2.65,7.62234],[2.619091,7.55],[2.640323,7.45],[2.65,7.444],[2.677273,7.45],[2.719388,7.55],[2.65,7.62234]],[[9.65,7.579032],[9.585714,7.55],[9.65,7.520968],[9.75,7.475],[9.81,7.55],[9.75,7.5875],[9.65,7.579032]],[[-5.65,7.275],[-5.677273,7.25],[-5.678,7.15],[-5.65,7.1325],[-5.55,7.1375],[-5.45,7.15],[-5.55,7.207143],[-5.616667,7.25],[-5.65,7.275]],[[-5.25,7.255556],[-5.254348,7.25],[-5.25,7.2],[-5.24375,7.25],[-5.25,7.255556]],[[2.05,7.3025],[2.017188,7.25],[2.05,7.218182],[2.086842,7.25],[2.05,7.3025]],[[-5.95,7.171053],[-5.966667,7.15],[-5.95,7.121429],[-5.897368,7.05],[-5.874,6.95],[-5.85,6.923913],[-5.75,6.88],[-5.704348,6.95],[-5.75,7.05],[-5.819231,7.15],[-5.85,7.17963],[-5.95,7.171053]],[[-5.45,7.15],[-5.455085,7.05],[-5.45,7.040323],[-5.436957,7.05],[-5.45,7.15]],[[-2.35,6.972222],[-2.367143,6.95],[-2.35,6.875],[-2.29,6.95],[-2.35,6.972222]],[[-0.25,6.953636],[-0.252941,6.95],[-0.25,6.94697],[-0.239474,6.95],[-0.25,6.953636]],[[9.55,6.870588],[9.529412,6.85],[9.55,6.842632],[9.565909,6.85],[9.55,6.870588]],[[-5.05,6.813158],[-5.13,6.75],[-5.05,6.707895],[-5.017568,6.75],[-5.05,6.813158]],[[6.05,6.802381],[5.963483,6.75],[5.95,6.727778],[5.85,6.673529],[5.75,6.660738],[5.728947,6.65],[5.75,6.63],[5.85,6.618421],[5.95,6.593243],[6.05,6.633051],[6.15,6.577143],[6.170652,6.55],[6.227982,6.45],[6.25,6.403846],[6.301064,6.45],[6.35,6.521875],[6.366364,6.55],[6.43375,6.65],[6.414375,6.75],[6.35,6.810947],[6.25,6.82963],[6.15,6.817614],[6.05,6.802381]],[[-5.25,6.615957],[-5.293662,6.55],[-5.25,6.493636],[-5.163889,6.55],[-5.25,6.615957]],[[-3.05,6.55],[-3.05,6.55],[-3.05,6.55],[-3.05,6.55],[-3.05,6.55]],[[0.25,6.558081],[0.2375,6.55],[0.25,6.542523],[0.259302,6.55],[0.25,6.558081]],[[-2.65,6.376667],[-2.666,6.35],[-2.75,6.254545],[-2.751961,6.25],[-2.794444,6.15],[-2.833333,6.05],[-2.805,5.95],[-2.75,5.919725],[-2.655714,5.95],[-2.65,5.983333],[-2.637879,6.05],[-2.65,6.116667],[-2.655263,6.15],[-2.65,6.155405],[-2.610227,6.25],[-2.627778,6.35],[-2.65,6.376667]],[[-2.15,6.3875],[-2.156522,6.35],[-2.15,6.340909],[-2.136364,6.35],[-2.15,6.3875]],[[6.35,6.402083],[6.30283,6.35],[6.291935,6.25],[6.35,6.221429],[6.45,6.22963],[6.541667,6.25],[6.55,6.261111],[6.556015,6.35],[6.55,6.359302],[6.45,6.379752],[6.35,6.402083]],[[-5.25,6.17973],[-5.323333,6.15],[-5.25,6.106],[-5.214516,6.15],[-5.25,6.17973]],[[7.05,6.1],[6.967241,6.05],[7.05,5.972581],[7.09472,6.05],[7.05,6.1]],[[-6.25,5.95],[-6.25,5.95],[-6.25,5.95]],[[9.65,5.582911],[9.620115,5.55],[9.65,5.47973],[9.718421,5.55],[9.65,5.582911]],[[-6.95,5.404545],[-7.01,5.35],[-6.95,5.332857],[-6.926,5.35],[-6.95,5.404545]],[[-7.05,5.31],[-7.08,5.25],[-7.05,5.2],[-7.032857,5.25],[-7.05,5.31]],[[45.05,5.003846],[45.040278,4.95],[45.05,4.930556],[45.1,4.95],[45.05,5.003846]],[[45.15,4.85],[45.132353,4.75],[45.15,4.7125],[45.161538,4.75],[45.15,4.85]],[[41.95,4.372581],[41.913158,4.35],[41.95,4.25],[41.95,4.25],[41.994828,4.15],[42.05,4.061111],[42.1,4.05],[42.15,4.039474],[42.25,3.982143],[42.281034,3.95],[42.35,3.85],[42.35,3.85],[42.439091,3.75],[42.45,3.664286],[42.47,3.65],[42.45,3.642308],[42.428947,3.55],[42.428846,3.45],[42.35,3.364583],[42.313158,3.35],[42.35,3.328788],[42.388806,3.25],[42.375373,3.15],[42.433333,3.05],[42.45,3.048529],[42.461111,3.05],[42.55,3.072857],[42.597368,3.15],[42.618519,3.25],[42.65,3.320833],[42.661864,3.35],[42.65,3.45],[42.65,3.45],[42.657143,3.55],[42.65,3.56875],[42.573529,3.65],[42.611224,3.75],[42.65,3.798718],[42.682787,3.85],[42.66875,3.95],[42.689216,4.05],[42.65,4.15],[42.55,4.15],[42.458333,4.25],[42.45,4.261538],[42.35,4.323684],[42.286364,4.25],[42.25,4.213636],[42.15,4.222414],[42.107895,4.25],[42.07,4.35],[42.05,4.421429],[41.95,4.372581]],[[10.45,4.070513],[10.43,4.05],[10.45,4.015217],[10.462698,4.05],[10.45,4.070513]],[[46.75,3.757143],[46.716667,3.75],[46.75,3.735714],[46.758511,3.75],[46.75,3.757143]],[[46.55,3.663333],[46.532609,3.65],[46.45,3.587705],[46.408929,3.55],[46.35,3.471429],[46.29375,3.45],[46.25,3.416667],[46.15,3.353333],[46.145455,3.35],[46.05,3.284375],[46.019444,3.25],[46.015714,3.15],[46.015854,3.05],[45.95,2.958475],[45.943902,2.95],[45.913636,2.85],[45.95,2.773077],[46.05,2.843617],[46.05531,2.85],[46.146552,2.95],[46.15,2.952128],[46.242,3.05],[46.25,3.058696],[46.32,3.15],[46.35,3.180508],[46.4,3.25],[46.45,3.295556],[46.496226,3.35],[46.55,3.415517],[46.57521,3.45],[46.635937,3.55],[46.65,3.575],[46.702941,3.65],[46.65,3.727143],[46.55,3.663333]],[[42.25,3.65],[42.223913,3.55],[42.25,3.45],[42.261765,3.55],[42.25,3.65]],[[45.85,2.760256],[45.841667,2.75],[45.75,2.666981],[45.739157,2.65],[45.75,2.568182],[45.85,2.640816],[45.859278,2.65],[45.89,2.75],[45.85,2.760256]],[[42.35,2.664286],[42.348592,2.65],[42.35,2.625],[42.352,2.65],[42.35,2.664286]],[[11.15,0.0075],[11.093902,-0.05],[11.15,-0.07],[11.25,-0.055263],[11.257576,-0.05],[11.25,-0.040385],[11.15,0.0075]],[[11.65,-0.040411],[11.620833,-0.05],[11.65,-0.132353],[11.662281,-0.05],[11.65,-0.040411]],[[11.35,-0.141045],[11.34375,-0.15],[11.35,-0.154762],[11.41,-0.15],[11.35,-0.141045]],[[10.35,-1.128226],[10.333436,-1.15],[10.347333,-1.25],[10.35,-1.25625],[10.38352,-1.35],[10.45,-1.435],[10.55,-1.449174],[10.618768,-1.35],[10.593931,-1.25],[10.55,-1.196853],[10.479474,-1.15],[10.45,-1.090426],[10.35,-1.128226]],[[10.35,-1.75],[10.35,-1.75],[10.35,-1.75],[10.267308,-1.85],[10.28172,-1.95],[10.309777,-2.05],[10.312694,-2.15],[10.285838,-2.25],[10.304918,-2.35],[10.262258,-2.45],[10.35,-2.55],[10.35,-2.55],[10.437075,-2.65],[10.45,-2.667757],[10.55,-2.743651],[10.600427,-2.65],[10.56,-2.55],[10.55,-2.513636],[10.53877,-2.45],[10.482258,-2.35],[10.469149,-2.25],[10.45,-2.217273],[10.416055,-2.15],[10.41,-2.05],[10.425148,-1.95],[10.431132,-1.85],[10.35,-1.75]],[[12.25,-3.15],[12.25,-3.15],[12.25,-3.15],[12.25,-3.15],[12.25,-3.15]],[[14.15,-4.949487],[14.148667,-4.95],[14.15,-4.951042],[14.152564,-4.95],[14.15,-4.949487]],[[13.55,-5.533673],[13.545,-5.55],[13.55,-5.567778],[13.564545,-5.55],[13.55,-5.533673]],[[13.55,-5.724],[13.53169,-5.75],[13.55,-5.776531],[13.571667,-5.75],[13.55,-5.724]],[[12.95,-6.322549],[12.915,-6.35],[12.95,-6.378571],[12.973333,-6.35],[12.95,-6.322549]],[[12.85,-6.39],[12.806667,-6.45],[12.85,-6.49875],[12.902703,-6.45],[12.85,-6.39]],[[38.95,-6.92193],[38.877273,-6.95],[38.85,-6.964634],[38.785185,-7.05],[38.75,-7.094186],[38.715217,-7.15],[38.651786,-7.25],[38.65,-7.251709],[38.567857,-7.35],[38.55,-7.423529],[38.54011,-7.45],[38.55,-7.462857],[38.625,-7.45],[38.65,-7.447458],[38.75,-7.380841],[38.797826,-7.35],[38.85,-7.30443],[38.926786,-7.25],[38.95,-7.208065],[38.967308,-7.15],[39.00431,-7.05],[38.998485,-6.95],[38.95,-6.92193]],[[38.65,-8.128307],[38.615833,-8.15],[38.55,-8.25],[38.55,-8.25],[38.55,-8.25],[38.590972,-8.35],[38.648684,-8.45],[38.65,-8.46],[38.668,-8.55],[38.75,-8.637234],[38.85,-8.642593],[38.95,-8.631618],[39.05,-8.597368],[39.074545,-8.55],[39.081469,-8.45],[39.064953,-8.35],[39.05,-8.324603],[38.962963,-8.25],[38.95,-8.244531],[38.85,-8.203896],[38.75,-8.153571],[38.737234,-8.15],[38.65,-8.128307]],[[39.15,-9.016372],[39.094928,-9.05],[39.15,-9.098101],[39.187624,-9.05],[39.15,-9.016372]],[[39.15,-9.237234],[39.140323,-9.25],[39.055155,-9.35],[39.15,-9.442],[39.158602,-9.45],[39.25,-9.507432],[39.35,-9.468792],[39.372951,-9.45],[39.386275,-9.35],[39.35,-9.267778],[39.32037,-9.25],[39.25,-9.2025],[39.15,-9.237234]],[[13.55,-9.455882],[13.502941,-9.55],[13.55,-9.580769],[13.65,-9.57931],[13.712963,-9.55],[13.65,-9.512222],[13.55,-9.455882]],[[13.85,-9.620968],[13.802632,-9.65],[13.75,-9.680303],[13.65,-9.730392],[13.635507,-9.75],[13.65,-9.775641],[13.75,-9.798936],[13.835714,-9.85],[13.85,-9.858163],[13.95,-9.862121],[13.960667,-9.85],[13.983803,-9.75],[13.95,-9.668644],[13.895,-9.65],[13.85,-9.620968]],[[38.85,-9.845],[38.845455,-9.85],[38.85,-9.854651],[38.858696,-9.85],[38.85,-9.845]],[[39.75,-10.139362],[39.744318,-10.15],[39.747521,-10.25],[39.75,-10.254286],[39.754918,-10.25],[39.765873,-10.15],[39.75,-10.139362]],[[49.85,-13.519907],[49.810606,-13.55],[49.85,-13.606522],[49.891935,-13.55],[49.85,-13.519907]],[[47.75,-15.044915],[47.745522,-15.05],[47.75,-15.056977],[47.751807,-15.05],[47.75,-15.044915]],[[47.65,-15.2],[47.640566,-15.25],[47.65,-15.260989],[47.660638,-15.25],[47.65,-15.2]],[[33.45,-16.03764],[33.439109,-16.05],[33.45,-16.082353],[33.4775,-16.05],[33.45,-16.03764]],[[33.55,-16.091429],[33.485938,-16.15],[33.55,-16.182031],[33.614444,-16.25],[33.65,-16.298485],[33.699038,-16.35],[33.669048,-16.45],[33.75,-16.486559],[33.810204,-16.55],[33.85,-16.628],[33.95,-16.605645],[33.997917,-16.55],[33.97027,-16.45],[33.95,-16.426923],[33.85,-16.375641],[33.822603,-16.35],[33.85,-16.281034],[33.865254,-16.25],[33.85,-16.238312],[33.75,-16.167308],[33.734746,-16.15],[33.65,-16.069355],[33.55,-16.091429]],[[46.95,-16.222222],[46.922527,-16.25],[46.95,-16.278409],[47.05,-16.291892],[47.142537,-16.25],[47.05,-16.171519],[46.95,-16.222222]],[[33.55,-16.442793],[33.534615,-16.45],[33.55,-16.455755],[33.6,-16.45],[33.55,-16.442793]],[[46.25,-16.446429],[46.245833,-16.45],[46.225862,-16.55],[46.25,-16.603846],[46.275,-16.55],[46.35,-16.5],[46.367355,-16.45],[46.35,-16.418657],[46.25,-16.446429]],[[46.15,-16.732456],[46.137179,-16.75],[46.15,-16.770833],[46.25,-16.797059],[46.299123,-16.75],[46.25,-16.659677],[46.15,-16.732456]],[[34.35,-17.183333],[34.328571,-17.25],[34.35,-17.263333],[34.362,-17.25],[34.35,-17.183333]],[[35.05,-17.25],[35.05,-17.25],[35.05,-17.25]],[[46.35,-17.342763],[46.344811,-17.35],[46.35,-17.358594],[46.37,-17.35],[46.35,-17.342763]],[[44.55,-17.445035],[44.5444,-17.45],[44.55,-17.458434],[44.591176,-17.45],[44.55,-17.445035]],[[46.05,-17.447674],[46.048485,-17.45],[46.05,-17.45084],[46.051639,-17.45],[46.05,-17.447674]],[[35.25,-18.158955],[35.156154,-18.25],[35.15,-18.266667],[35.05,-18.302941],[34.963043,-18.35],[34.95,-18.356742],[34.87243,-18.45],[34.85,-18.525],[34.84292,-18.55],[34.788947,-18.65],[34.753774,-18.75],[34.798485,-18.85],[34.85,-18.915385],[34.894737,-18.85],[34.941071,-18.75],[34.95,-18.736486],[35.02619,-18.65],[35.05,-18.62561],[35.1275,-18.55],[35.15,-18.520968],[35.185484,-18.45],[35.25,-18.392029],[35.311702,-18.35],[35.342424,-18.25],[35.25,-18.158955]],[[34.75,-18.92619],[34.745,-18.95],[34.75,-18.964706],[34.785714,-18.95],[34.75,-18.92619]],[[45.05,-20.427778],[45.00814,-20.45],[45.0,-20.55],[45.05,-20.595161],[45.075,-20.55],[45.085294,-20.45],[45.05,-20.427778]],[[32.45,-21.237931],[32.418182,-21.25],[32.45,-21.32],[32.465909,-21.25],[32.45,-21.237931]],[[45.15,-21.645968],[45.104545,-21.65],[45.15,-21.721429],[45.25,-21.653846],[45.275,-21.65],[45.25,-21.648551],[45.15,-21.645968]],[[44.55,-21.724026],[44.498718,-21.75],[44.55,-21.787736],[44.65,-21.786066],[44.75,-21.776866],[44.85,-21.751136],[44.86,-21.75],[44.85,-21.747826],[44.75,-21.673404],[44.65,-21.674138],[44.55,-21.724026]],[[34.05,-21.825],[34.040909,-21.85],[34.05,-21.854167],[34.051961,-21.85],[34.05,-21.825]],[[44.35,-21.824783],[44.309722,-21.85],[44.35,-21.893284],[44.45,-21.90814],[44.493103,-21.85],[44.45,-21.793182],[44.35,-21.824783]],[[33.75,-22.25],[33.75,-22.25],[33.75,-22.25],[33.75,-22.25],[33.75,-22.25]],[[31.55,-22.372222],[31.523077,-22.45],[31.55,-22.465909],[31.619811,-22.55],[31.65,-22.565534],[31.739691,-22.65],[31.75,-22.661111],[31.848765,-22.75],[31.85,-22.753448],[31.854167,-22.75],[31.855952,-22.65],[31.85,-22.644565],[31.765534,-22.55],[31.75,-22.531609],[31.663415,-22.45],[31.65,-22.432258],[31.55,-22.372222]],[[32.05,-23.55],[32.05,-23.55],[32.05,-23.55]],[[47.05,-24.434983],[47.036164,-24.45],[47.05,-24.467886],[47.111972,-24.45],[47.05,-24.434983]],[[46.95,-24.530352],[46.937818,-24.55],[46.95,-24.627907],[46.974907,-24.55],[46.95,-24.530352]],[[32.25,-24.620423],[32.193243,-24.65],[32.25,-24.717742],[32.279577,-24.65],[32.25,-24.620423]],[[31.95,-26.636806],[31.911224,-26.65],[31.85,-26.728947],[31.75,-26.737879],[31.743548,-26.75],[31.75,-26.780769],[31.770455,-26.85],[31.85,-26.88125],[31.95,-26.921287],[31.97915,-26.85],[31.980364,-26.75],[31.957917,-26.65],[31.95,-26.636806]],[[31.95,-27.396988],[31.9225,-27.45],[31.95,-27.525862],[31.989286,-27.45],[31.95,-27.396988]],[[32.05,-27.630838],[32.025758,-27.65],[32.05,-27.710377],[32.09507,-27.65],[32.05,-27.630838]],[[26.85,-33.115882],[26.799123,-33.15],[26.85,-33.182044],[26.934058,-33.15],[26.85,-33.115882]],[[26.95,-33.187931],[26.937234,-33.25],[26.95,-33.293902],[26.993902,-33.25],[26.95,-33.187931]],[[18.75,-33.271429],[18.728846,-33.35],[18.75,-33.383333],[18.794,-33.45],[18.75,-33.483333],[18.719655,-33.55],[18.75,-33.591121],[18.85,-33.595238],[18.866379,-33.55],[18.87029,-33.45],[18.8875,-33.35],[18.85,-33.306604],[18.75,-33.271429]],[[24.75,-33.737003],[24.701485,-33.75],[24.75,-33.775],[24.82,-33.75],[24.75,-33.737003]],[[19.25,-34.203383],[19.201938,-34.25],[19.25,-34.277928],[19.35,-34.252778],[19.355556,-34.25],[19.35,-34.243939],[19.25,-34.203383]],[[19.65,-34.314957],[19.569608,-34.35],[19.65,-34.376282],[19.694565,-34.35],[19.65,-34.314957]]]}},{"type":"Feature","id":"contour-500","properties":{"id":"contour-500","elevationM":500,"source":"ETOPO 2022 derived display DEM"},"geometry":{"type":"MultiLineString","coordinates":[[[4.85,36.763679],[4.796296,36.75],[4.85,36.742011],[4.86014,36.75]],[[5.65,36.724531],[5.75,36.69186],[5.85,36.665884],[5.95,36.685815],[6.05,36.740948],[6.15,36.71004],[6.238201,36.65],[6.212736,36.55],[6.15,36.50233],[6.05,36.472955],[6.003968,36.45],[6.05,36.426486],[6.15,36.416282],[6.228919,36.45],[6.25,36.483051],[6.277083,36.45],[6.35,36.427895],[6.45,36.430409],[6.55,36.427193],[6.570103,36.45],[6.55,36.47191],[6.45,36.475573],[6.35,36.519536],[6.3132,36.55],[6.308824,36.65],[6.35,36.658511],[6.45,36.676389],[6.55,36.660329],[6.559821,36.65],[6.65,36.583333],[6.75,36.564662],[6.85,36.554025],[6.887143,36.55],[6.95,36.542414],[6.962644,36.55],[7.05,36.596201],[7.15,36.569118],[7.174841,36.55],[7.25,36.457813],[7.261364,36.45],[7.35,36.428862],[7.45,36.400273],[7.55,36.356178],[7.65,36.361154],[7.75,36.382692],[7.85,36.433461],[7.884759,36.45],[7.85,36.530247],[7.845266,36.55],[7.85,36.554984],[7.95,36.565254],[7.979032,36.55],[8.05,36.496988],[8.15,36.501648],[8.185628,36.55],[8.25,36.596765],[8.35,36.617647],[8.42395,36.65],[8.45,36.658493],[8.485632,36.65],[8.45,36.570513],[8.445833,36.55],[8.35,36.48405],[8.315328,36.45],[8.35,36.420769],[8.45,36.393514],[8.55,36.356061],[8.563223,36.35],[8.55,36.261111],[8.54927,36.25],[8.45,36.163376],[8.415,36.15],[8.377885,36.05],[8.35,36.016279],[8.25,35.983663],[8.208537,35.95],[8.25,35.9075],[8.35,35.884483],[8.45,35.922131],[8.470606,35.95],[8.538235,36.05],[8.55,36.059091],[8.65,36.136667],[8.658511,36.15],[8.705985,36.25],[8.75,36.288908],[8.85,36.304362],[8.908273,36.25],[8.939041,36.15],[8.95,36.142079],[8.982,36.15],[9.05,36.16619],[9.094737,36.15],[9.15,36.134091],[9.189623,36.15],[9.25,36.174615],[9.279907,36.15],[9.35,36.062791],[9.392614,36.15],[9.45,36.209064],[9.55,36.218041],[9.65,36.247368],[9.75,36.161111],[9.7625,36.15],[9.75,36.141824],[9.700171,36.05],[9.65,35.978293],[9.630984,35.95],[9.630851,35.85],[9.55,35.789683],[9.53062,35.75],[9.513717,35.65],[9.55,35.566327],[9.554678,35.55],[9.55,35.545322],[9.502941,35.55],[9.45,35.561111],[9.397059,35.55],[9.35,35.525758],[9.340347,35.45],[9.31117,35.35],[9.25,35.285028],[9.202308,35.25],[9.18211,35.15],[9.15,35.082692],[9.13777,35.05],[9.147368,34.95],[9.101064,34.85],[9.05,34.764286],[8.95,34.755096],[8.936667,34.75],[8.85,34.701852],[8.75,34.696667],[8.6625,34.65],[8.65,34.55],[8.55,34.487398],[8.454348,34.55],[8.45,34.556364],[8.443069,34.55],[8.35,34.503234],[8.25,34.492308],[8.175,34.45],[8.15,34.431513],[8.090541,34.45],[8.05,34.461194],[7.95,34.474022],[7.886765,34.45],[7.85,34.44256],[7.75,34.432423],[7.702564,34.45],[7.75,34.548667],[7.750781,34.55],[7.75,34.550962],[7.65,34.633193],[7.634733,34.65],[7.55,34.68284],[7.45,34.711149],[7.362879,34.75],[7.35,34.756204],[7.25,34.79362],[7.15,34.799123],[7.05,34.815862],[6.95,34.823037],[6.865574,34.85],[6.85,34.85239],[6.75,34.876087],[6.65,34.870093],[6.55,34.885333],[6.45,34.891397],[6.35,34.896283],[6.25,34.881343],[6.15,34.881626],[6.05,34.911881],[5.99359,34.95],[5.95,34.973992],[5.85,34.993454],[5.776449,35.05],[5.75,35.078405],[5.659804,35.15],[5.65,35.155141],[5.55,35.162245],[5.467647,35.15],[5.45,35.145755],[5.35,35.107225],[5.25,35.139474],[5.23961,35.15],[5.25,35.159639],[5.35,35.217273],[5.369149,35.25],[5.394304,35.35],[5.35,35.410345],[5.304,35.45],[5.25,35.476214],[5.15,35.536667],[5.120588,35.55],[5.05,35.568182],[4.95,35.585075],[4.85,35.629381],[4.807447,35.65],[4.75,35.664362],[4.65,35.692105],[4.55,35.722727],[4.45,35.723077],[4.35,35.74375],[4.292857,35.75],[4.25,35.751422],[4.2,35.75],[4.15,35.736364],[4.111224,35.65],[4.134146,35.55],[4.15,35.485],[4.157292,35.45],[4.20597,35.35],[4.25,35.263235],[4.290909,35.25],[4.35,35.244064],[4.418421,35.25],[4.45,35.256316],[4.55,35.292384],[4.65,35.278467],[4.702703,35.25],[4.75,35.199275],[4.85,35.219565],[4.95,35.213514],[5.045918,35.15],[5.05,35.146226],[5.111078,35.05],[5.05202,34.95],[5.081731,34.85],[5.05,34.827778],[4.95,34.844444],[4.85,34.821242],[4.782716,34.75],[4.75,34.675352],[4.730435,34.65],[4.65,34.581481],[4.55,34.555217],[4.541667,34.55],[4.45,34.495],[4.371739,34.45],[4.35,34.430519],[4.25,34.351111],[4.24875,34.35],[4.161864,34.25],[4.25,34.157143],[4.258511,34.15],[4.317925,34.05],[4.35,34.021667],[4.45,33.983333],[4.472917,33.95],[4.5225,33.85],[4.473684,33.75],[4.538571,33.65],[4.55,33.623333],[4.573404,33.55],[4.55,33.48125],[4.535294,33.45],[4.501724,33.35],[4.45,33.292308],[4.35,33.252439],[4.348182,33.25],[4.296875,33.15],[4.25,33.119388],[4.180612,33.05],[4.15,32.99],[4.131818,32.95],[4.075,32.85],[4.05,32.818571],[3.95,32.833871],[3.893478,32.75],[3.890426,32.65],[3.85,32.586667],[3.83,32.55],[3.751613,32.45],[3.75,32.444118],[3.728947,32.35],[3.705882,32.25],[3.671429,32.15],[3.65,32.097059],[3.6375,32.05],[3.55,31.967647],[3.523913,31.95],[3.55,31.879412],[3.561364,31.85],[3.55,31.830769],[3.5,31.75],[3.45,31.69878],[3.35,31.688462],[3.25,31.727778],[3.15,31.690741],[3.121795,31.65],[3.15,31.628431],[3.25,31.625862],[3.35,31.580556],[3.37619,31.55],[3.35,31.507692],[3.292308,31.45],[3.25,31.404167],[3.176667,31.45],[3.15,31.459091],[3.05,31.457692],[3.041304,31.45],[3.034211,31.35],[2.95,31.261111],[2.934615,31.25],[2.861111,31.15],[2.85,31.14],[2.75,31.1],[2.683333,31.05],[2.65,31.025],[2.55,30.99],[2.47,30.95],[2.45,30.940909],[2.35,30.9],[2.25,30.859091],[2.23,30.85],[2.15,30.816667],[2.05,30.786364],[1.95,30.75],[1.85,30.719231],[1.75,30.695455],[1.65,30.664286],[1.6,30.65],[1.55,30.633333],[1.45,30.63],[1.35,30.621429],[1.25,30.6],[1.15,30.573077],[1.05,30.55],[0.95,30.525],[0.85,30.483333],[0.775,30.45],[0.75,30.442857],[0.65,30.411538],[0.55,30.383333],[0.45,30.35],[0.35,30.367647],[0.29,30.35],[0.25,30.334615],[0.15,30.316667],[0.05,30.2875],[-0.05,30.255263],[-0.0625,30.25],[-0.15,30.203333],[-0.25,30.18],[-0.35,30.15],[-0.45,30.092105],[-0.55,30.061765],[-0.6,30.05],[-0.65,30.038889],[-0.75,30.020588],[-0.85,30.00625],[-0.95,29.98125],[-1.05,29.955882],[-1.066667,29.95],[-1.15,29.920588],[-1.25,29.897059],[-1.35,29.875],[-1.45,29.875],[-1.55,29.873077],[-1.65,29.897059],[-1.75,29.937097],[-1.794444,29.95],[-1.85,29.967857],[-1.95,30.012222],[-2.018,30.05],[-2.05,30.066667],[-2.15,30.084483],[-2.178571,30.05],[-2.15,30.011538],[-2.115217,29.95],[-2.15,29.910976],[-2.25,29.905556],[-2.35,29.916667],[-2.45,29.95],[-2.55,29.857692],[-2.551333,29.85],[-2.55,29.849351],[-2.45,29.83],[-2.366049,29.75],[-2.35,29.739344],[-2.292328,29.65],[-2.275714,29.55],[-2.25,29.462195],[-2.15,29.472727],[-2.096429,29.45],[-2.15,29.4],[-2.182609,29.35],[-2.25,29.286735],[-2.35,29.255714],[-2.37,29.25],[-2.35,29.183333],[-2.338889,29.15],[-2.35,29.146875],[-2.4,29.15],[-2.45,29.161111],[-2.53,29.25],[-2.55,29.253279],[-2.59,29.25],[-2.65,29.15],[-2.743333,29.05],[-2.75,29.049254],[-2.752222,29.05],[-2.85,29.123333],[-2.95,29.125806],[-2.995455,29.15],[-3.05,29.198],[-3.15,29.232692],[-3.181034,29.25],[-3.25,29.321429],[-3.340909,29.25],[-3.35,29.239474],[-3.364286,29.25],[-3.45,29.3],[-3.55,29.326923],[-3.65,29.315217],[-3.75,29.292857],[-3.76,29.25],[-3.75,29.243333],[-3.678814,29.15],[-3.65,29.128205],[-3.565278,29.05],[-3.55,28.985294],[-3.521429,28.95],[-3.55,28.927778],[-3.575,28.95],[-3.65,28.972785],[-3.7,28.95],[-3.75,28.895455],[-3.85,28.888235],[-3.95,28.92931],[-3.985294,28.95],[-4.05,28.97],[-4.15,28.969048],[-4.25,29.012069],[-4.35,29.042308],[-4.45,29.014286],[-4.55,29.016667],[-4.65,29.005556],[-4.75,28.997826],[-4.85,28.996429],[-4.93125,28.95],[-4.95,28.928571],[-5.05,28.879412],[-5.121429,28.85],[-5.15,28.838235],[-5.25,28.83125],[-5.35,28.783333],[-5.45,28.759524],[-5.55,28.75],[-5.65,28.718],[-5.75,28.697059],[-5.85,28.695455],[-5.95,28.657692],[-5.978571,28.65],[-6.05,28.630769],[-6.15,28.598387],[-6.25,28.579032],[-6.35,28.575],[-6.45,28.552857],[-6.461111,28.55],[-6.55,28.51],[-6.65,28.497619],[-6.75,28.497619],[-6.85,28.5],[-6.95,28.497059],[-7.05,28.489286],[-7.15,28.5],[-7.25,28.5075],[-7.35,28.498718],[-7.45,28.478571],[-7.508824,28.45],[-7.55,28.403333],[-7.607143,28.35],[-7.65,28.316667],[-7.75,28.285714],[-7.85,28.261765],[-7.916667,28.25],[-7.95,28.246],[-8.05,28.234211],[-8.15,28.21],[-8.25,28.183333],[-8.35,28.15],[-8.45,28.13125],[-8.55,28.107895],[-8.65,28.064286],[-8.7,28.05],[-8.75,28.025],[-8.85,27.983333],[-8.95,27.95],[-9.05,27.95],[-9.15,27.88],[-9.21,27.85],[-9.25,27.81],[-9.35,27.75],[-9.35,27.65],[-9.41,27.55],[-9.45,27.5],[-9.53,27.45],[-9.5,27.35],[-9.466667,27.25],[-9.45,27.24],[-9.35,27.177273],[-9.322727,27.15],[-9.292857,27.05],[-9.35,27.031395],[-9.45,26.978571],[-9.476667,26.95],[-9.55,26.879032],[-9.574324,26.85],[-9.55,26.802632],[-9.52561,26.75],[-9.55,26.704545],[-9.586364,26.65],[-9.607143,26.55],[-9.55,26.45],[-9.55,26.45],[-9.65,26.440476],[-9.716667,26.45],[-9.75,26.459091],[-9.79,26.55],[-9.85,26.578302],[-9.95,26.624576],[-9.964019,26.65],[-9.970792,26.75],[-9.95,26.798837],[-9.909259,26.85],[-9.85,26.891026],[-9.795238,26.95],[-9.82027,27.05],[-9.85,27.141667],[-9.95,27.14881],[-10.05,27.1324],[-10.15,27.136826],[-10.171569,27.15],[-10.25,27.25],[-10.35,27.258333],[-10.45,27.335],[-10.457317,27.35],[-10.476786,27.45],[-10.45,27.48125],[-10.35,27.530435],[-10.330435,27.55],[-10.255882,27.65],[-10.35,27.709259],[-10.375581,27.75],[-10.35,27.771569],[-10.25,27.833333],[-10.172222,27.85],[-10.15,27.851923],[-10.134615,27.85],[-10.05,27.831667],[-10.014516,27.85],[-9.95,27.869608],[-9.85,27.881667],[-9.75,27.887113],[-9.65,27.878571],[-9.574658,27.95],[-9.55,27.9625],[-9.45,27.989796],[-9.35,27.96134],[-9.258333,27.95],[-9.25,27.916667],[-9.2375,27.95],[-9.185,28.05],[-9.15,28.087333],[-9.05,28.115789],[-9.015789,28.15],[-8.95,28.170661],[-8.8732,28.25],[-8.85,28.275217],[-8.786296,28.35],[-8.75,28.384028],[-8.65,28.405682],[-8.55,28.383607],[-8.45,28.409259],[-8.35,28.4],[-8.29,28.45],[-8.289,28.55],[-8.35,28.639706],[-8.354828,28.65],[-8.35,28.654895],[-8.25,28.727241],[-8.178261,28.75],[-8.15,28.757692],[-8.05,28.816216],[-7.95,28.798795],[-7.85,28.765094],[-7.75,28.780952],[-7.656452,28.85],[-7.65,28.860909],[-7.590964,28.95],[-7.55,29.006667],[-7.45,29.005],[-7.35,28.986449],[-7.25,28.996753],[-7.15,29.015217],[-7.111905,29.05],[-7.15,29.088095],[-7.218421,29.15],[-7.25,29.198649],[-7.279687,29.25],[-7.25,29.292222],[-7.215789,29.35],[-7.15,29.38937],[-7.05,29.423446],[-6.95,29.430114],[-6.85,29.39375],[-6.785714,29.45],[-6.75,29.487736],[-6.688889,29.55],[-6.65,29.608333],[-6.55,29.614706],[-6.45,29.601852],[-6.35,29.595455],[-6.25,29.618182],[-6.15,29.630769],[-6.059091,29.65],[-6.05,29.75],[-6.15,29.816667],[-6.177778,29.85],[-6.25,29.870968],[-6.329032,29.95],[-6.35,29.95276],[-6.45,29.952075],[-6.454651,29.95],[-6.55,29.865984],[-6.65,29.852319],[-6.75,29.85],[-6.75,29.75],[-6.85,29.778261],[-6.95,29.780061],[-7.05,29.779839],[-7.15,29.798649],[-7.25,29.77973],[-7.297826,29.75],[-7.35,29.702],[-7.45,29.665132],[-7.55,29.662787],[-7.65,29.652632],[-7.733333,29.65],[-7.75,29.648718],[-7.85,29.606667],[-7.95,29.556329],[-7.957143,29.55],[-8.05,29.482292],[-8.06422,29.45],[-8.15,29.367621],[-8.25,29.350606],[-8.251053,29.35],[-8.35,29.288158],[-8.45,29.255607],[-8.465385,29.25],[-8.55,29.195902],[-8.603333,29.15],[-8.55,29.117251],[-8.493627,29.05],[-8.55,28.999782],[-8.616092,29.05],[-8.65,29.10463],[-8.75,29.075463],[-8.816265,29.05],[-8.85,29.024074],[-8.922072,28.95],[-8.95,28.930503],[-9.05,28.864439],[-9.060305,28.85],[-9.15,28.781085],[-9.244643,28.75],[-9.25,28.747],[-9.35,28.69399],[-9.45,28.686082],[-9.493568,28.65],[-9.55,28.590088],[-9.596907,28.55],[-9.65,28.519971],[-9.75,28.532772],[-9.85,28.529008],[-9.95,28.481034],[-10.05,28.49472],[-10.117925,28.45],[-10.15,28.439308],[-10.25,28.440706],[-10.271008,28.45],[-10.35,28.484815],[-10.45,28.522121],[-10.475843,28.55],[-10.45,28.580464],[-10.361017,28.65],[-10.35,28.654779],[-10.25,28.66704],[-10.15,28.728571],[-10.12907,28.75],[-10.05,28.825556],[-10.015263,28.85],[-9.95,28.877928],[-9.915169,28.85],[-9.924658,28.75],[-9.95,28.661905],[-9.955263,28.65],[-9.95,28.645238],[-9.942424,28.65],[-9.85,28.685882],[-9.75,28.705814],[-9.684932,28.75],[-9.702414,28.85],[-9.730114,28.95],[-9.726271,29.05],[-9.75,29.059396],[-9.778571,29.05],[-9.85,29.032143],[-9.901471,29.05],[-9.95,29.074812],[-10.05,29.09898],[-10.15,29.135366],[-10.16978,29.15],[-10.15,29.171176],[-10.05,29.238757],[-10.038623,29.25],[-9.95,29.324372],[-9.934545,29.35],[-9.897222,29.45],[-9.85,29.518],[-9.75,29.541185],[-9.697273,29.55],[-9.65,29.563],[-9.55,29.577941],[-9.452564,29.55],[-9.45,29.549061],[-9.449577,29.55],[-9.419725,29.65],[-9.375562,29.75],[-9.35,29.783829],[-9.279365,29.85],[-9.287288,29.95],[-9.25,30.018217],[-9.230569,30.05],[-9.15,30.128704],[-9.120513,30.15],[-9.05,30.181339],[-8.95,30.206802],[-8.884892,30.25],[-8.85,30.290928],[-8.806113,30.35],[-8.75,30.399311],[-8.65,30.430759],[-8.621486,30.45],[-8.55,30.515683],[-8.4756,30.55],[-8.55,30.614138],[-8.65,30.60102],[-8.75,30.589829],[-8.85,30.590042],[-8.95,30.590789],[-9.05,30.596154],[-9.15,30.585373],[-9.25,30.58513],[-9.322131,30.55],[-9.35,30.534112],[-9.45,30.500104],[-9.55,30.539706],[-9.561618,30.55],[-9.65,30.622945]],[[5.555442,36.65],[5.55,36.645789],[5.45,36.628437],[5.35,36.584328],[5.25,36.595962],[5.15,36.611241],[5.05,36.631303],[4.95,36.578329],[4.85,36.576432],[4.75,36.617036],[4.721256,36.65],[4.739451,36.75],[4.65,36.796593],[4.55,36.801653],[4.45,36.818996],[4.403801,36.75],[4.381797,36.65],[4.35,36.635625],[4.301064,36.65],[4.25,36.668799],[4.213636,36.65],[4.15,36.551563],[4.05,36.602459],[4.014045,36.55],[3.95,36.525693],[3.85,36.496114],[3.75,36.507143],[3.65,36.450926],[3.55,36.477363],[3.476633,36.55],[3.45,36.568929],[3.358621,36.55],[3.35,36.547817],[3.25,36.546996],[3.15,36.505556],[3.05,36.476004],[2.95,36.491272],[2.85,36.48567],[2.799891,36.45],[2.75,36.403846],[2.65,36.372637],[2.5772,36.35],[2.55,36.321186],[2.472936,36.25],[2.45,36.209016],[2.417857,36.15],[2.35,36.121429],[2.25,36.088889],[2.15,36.107769],[2.05,36.102727],[1.95,36.080928],[1.85,36.079811],[1.75,36.104769],[1.65,36.071495],[1.608182,36.05],[1.55,36.029553],[1.45,36.021171],[1.395517,35.95],[1.35,35.913128],[1.255042,35.85],[1.25,35.846591],[1.192568,35.75],[1.1775,35.65],[1.15,35.625373],[1.12871,35.65],[1.05,35.71455],[0.95,35.669095],[0.85,35.659016],[0.832258,35.65],[0.793506,35.55],[0.85,35.498214],[0.905479,35.45],[0.85,35.402071],[0.75,35.392955],[0.65,35.356316],[0.55,35.402256],[0.45,35.413248],[0.411947,35.45],[0.420518,35.55],[0.35,35.596702],[0.25,35.559571],[0.233041,35.55],[0.15,35.49251],[0.104936,35.45],[0.15,35.361017],[0.25,35.354348],[0.258197,35.35],[0.25,35.346835],[0.15,35.277778],[0.077778,35.35],[0.05,35.353759],[0.047326,35.35],[0.05,35.25],[0.045833,35.15],[-0.05,35.101408],[-0.15,35.094643],[-0.25,35.129851],[-0.27126,35.15],[-0.25,35.167763],[-0.167219,35.25],[-0.15,35.279885],[-0.124897,35.35],[-0.15,35.387654],[-0.187654,35.35],[-0.25,35.30531],[-0.35,35.30099],[-0.45,35.268182],[-0.457692,35.25],[-0.55,35.194186],[-0.65,35.176471],[-0.67551,35.25],[-0.75,35.278854],[-0.85,35.267082],[-0.88038,35.25],[-0.95,35.199074],[-1.05,35.152542],[-1.15,35.1532],[-1.155882,35.15],[-1.15,35.135714],[-1.05,35.143023],[-1.023684,35.05],[-1.05,35.019697],[-1.15,35.041781],[-1.25,34.981646],[-1.309055,34.95],[-1.35,34.940424],[-1.45,34.90825],[-1.55,34.857583],[-1.561348,34.85],[-1.65,34.777326],[-1.75,34.755102],[-1.779412,34.75],[-1.85,34.742053],[-1.896154,34.75],[-1.95,34.772951],[-1.989831,34.85],[-2.05,34.887368],[-2.15,34.90942],[-2.25,34.899109],[-2.35,34.867068],[-2.398447,34.85],[-2.45,34.829302],[-2.55,34.806152],[-2.65,34.753143],[-2.657914,34.75],[-2.689378,34.65],[-2.666949,34.55],[-2.75,34.487179],[-2.793939,34.45],[-2.85,34.399315],[-2.946,34.35],[-2.95,34.346629],[-3.05,34.276136],[-3.090351,34.25],[-3.15,34.216337],[-3.25,34.158621],[-3.262048,34.15],[-3.35,34.096715],[-3.415979,34.05],[-3.45,34.011176],[-3.483333,34.05],[-3.55,34.127647],[-3.596341,34.15],[-3.65,34.20641],[-3.674638,34.25],[-3.65,34.258293],[-3.55,34.344872],[-3.546078,34.35],[-3.45,34.390833],[-3.381068,34.45],[-3.35,34.507658],[-3.302525,34.55],[-3.25,34.569923],[-3.15,34.625879],[-3.128667,34.65],[-3.099351,34.75],[-3.05,34.774204],[-3.000209,34.85],[-3.05,34.880357],[-3.1375,34.85],[-3.15,34.819643],[-3.196988,34.75],[-3.25,34.732609],[-3.272798,34.75],[-3.35,34.840854],[-3.394118,34.85],[-3.45,34.862838],[-3.55,34.926923],[-3.558298,34.95],[-3.55,34.972414],[-3.479687,35.05],[-3.55,35.09927],[-3.65,35.1066],[-3.75,35.121066],[-3.823298,35.05],[-3.85,35.001196],[-3.95,35.047201],[-4.025,35.05],[-4.05,35.053371],[-4.15,35.108238],[-4.25,35.081359],[-4.35,35.060579],[-4.45,35.088428],[-4.55,35.127157],[-4.65,35.124254],[-4.676236,35.15]],[[1.75,36.493346],[1.85,36.502332],[1.95,36.494475],[2.05,36.479524],[2.15,36.505164],[2.25,36.482192],[2.327473,36.45],[2.35,36.406383],[2.377895,36.35],[2.35,36.298039],[2.25,36.274578],[2.15,36.295833],[2.05,36.330632],[1.95,36.309524],[1.85,36.331818],[1.75,36.346831],[1.720968,36.35],[1.706489,36.45]],[[1.421429,36.45],[1.423958,36.35],[1.45,36.339669],[1.504348,36.35],[1.51,36.45]],[[-4.75,35.185018],[-4.85,35.230836],[-4.95,35.240378],[-4.956763,35.25],[-5.05,35.323946],[-5.15,35.333436],[-5.1716,35.35],[-5.25,35.434665],[-5.277626,35.45],[-5.35,35.490523],[-5.409807,35.45],[-5.45,35.385567],[-5.55,35.399488],[-5.594753,35.35],[-5.611607,35.25],[-5.55,35.18511],[-5.509124,35.15],[-5.45,35.100459],[-5.35,35.078696],[-5.327652,35.05],[-5.35,34.985294],[-5.380168,34.95],[-5.380732,34.85],[-5.35,34.774096],[-5.285714,34.85],[-5.25,34.869231],[-5.15,34.87224],[-5.05,34.880928],[-4.976829,34.85],[-4.95,34.838776],[-4.933889,34.75],[-4.888889,34.65],[-4.85,34.598876],[-4.75,34.619545],[-4.65,34.594796],[-4.55,34.556557],[-4.547516,34.55],[-4.45,34.45],[-4.45,34.45],[-4.409174,34.35],[-4.440244,34.25],[-4.35,34.213366],[-4.316839,34.15],[-4.35,34.124603],[-4.45,34.064286],[-4.468421,34.05],[-4.55,33.996087],[-4.65,33.982642],[-4.75,33.995926],[-4.85,33.955263],[-4.95,33.973316],[-5.05,33.968072],[-5.081915,33.95],[-5.15,33.936147],[-5.25,33.930156],[-5.35,33.944444],[-5.376471,33.95],[-5.379363,34.05],[-5.45,34.103236],[-5.55,34.052186],[-5.551852,34.05],[-5.55,34.046396],[-5.468939,33.95],[-5.55,33.893386],[-5.65,33.869079],[-5.695312,33.85],[-5.75,33.826351],[-5.841129,33.75],[-5.85,33.738172],[-5.95,33.68838],[-6.05,33.667816],[-6.083696,33.65],[-6.15,33.613905],[-6.25,33.55226],[-6.254878,33.55],[-6.35,33.469588],[-6.45,33.519421],[-6.55,33.517895],[-6.65,33.460569],[-6.679545,33.45],[-6.75,33.417368],[-6.802459,33.35],[-6.85,33.313057],[-6.920213,33.25],[-6.95,33.221233],[-7.05,33.181373],[-7.15,33.174167],[-7.210417,33.15],[-7.25,33.13662],[-7.35,33.084161],[-7.423333,33.05],[-7.45,33.017213],[-7.533673,32.95],[-7.55,32.935455],[-7.602809,32.85],[-7.55,32.782857],[-7.464815,32.75],[-7.467778,32.65],[-7.45,32.642593],[-7.35,32.615347],[-7.25,32.584737],[-7.15,32.567431],[-7.05,32.579524],[-6.95,32.591935],[-6.85,32.593269],[-6.75,32.604321],[-6.65,32.599333],[-6.55,32.595614],[-6.45,32.585821],[-6.35,32.569672],[-6.3125,32.55],[-6.344286,32.45],[-6.35,32.445402],[-6.41748,32.35],[-6.45,32.322973],[-6.524483,32.25],[-6.55,32.243833],[-6.65,32.242354],[-6.75,32.228836],[-6.85,32.202558],[-6.95,32.168831],[-6.975664,32.15],[-7.05,32.100296],[-7.143407,32.05],[-7.15,32.042683],[-7.25,32.016216],[-7.35,32.01625],[-7.45,32.030992],[-7.55,32.031633],[-7.65,32.026339],[-7.75,32.005747],[-7.84898,31.95],[-7.85,31.948876],[-7.95,31.926786],[-8.05,31.923134],[-8.135965,31.85],[-8.05,31.803774],[-7.95,31.783846],[-7.85,31.768519],[-7.814912,31.75],[-7.786,31.65],[-7.85,31.610494],[-7.95,31.595652],[-8.05,31.570652],[-8.086538,31.55],[-8.15,31.5225],[-8.25,31.509877],[-8.35,31.496491],[-8.45,31.477083],[-8.55,31.453261],[-8.583333,31.45],[-8.65,31.441176],[-8.75,31.413095],[-8.841176,31.45],[-8.85,31.452804],[-8.863043,31.45],[-8.95,31.44061],[-9.05,31.438298],[-9.092308,31.45],[-9.15,31.485714],[-9.25,31.518182],[-9.33,31.45],[-9.35,31.433696],[-9.405,31.35],[-9.45,31.3249],[-9.55,31.266438],[-9.602941,31.25],[-9.595122,31.15],[-9.579384,31.05],[-9.631111,30.95],[-9.564286,30.85],[-9.59346,30.75],[-9.65,30.687089],[-9.699686,30.65]],[[34.45,30.495455],[34.403333,30.45],[34.433333,30.35],[34.45,30.331915],[34.54625,30.25],[34.55,30.19]],[[34.556452,30.15],[34.55,30.145455],[34.45,30.060092],[34.425,30.05],[34.35,29.988889],[34.25,29.979126],[34.15,29.962903],[34.131818,29.95],[34.074,29.85],[34.05,29.834211],[33.95,29.769355],[33.85,29.753846],[33.75,29.77069],[33.675,29.75],[33.65,29.743939],[33.55,29.723333],[33.532609,29.75],[33.45,29.815517],[33.35,29.841803],[33.283333,29.85],[33.25,29.861628],[33.203659,29.95],[33.219079,30.05],[33.224444,30.15],[33.187415,30.25],[33.15,30.284161],[33.05,30.307377],[32.983333,30.25],[33.022368,30.15],[32.990833,30.05],[32.95,29.952],[32.94958,29.95],[32.923899,29.85],[32.95,29.794667],[33.05,29.794928],[33.085632,29.75],[33.05,29.7004],[33.026316,29.65],[33.05,29.619712],[33.095741,29.55],[33.124653,29.45],[33.15,29.397857],[33.175573,29.35],[33.162295,29.25],[33.25,29.175175],[33.313717,29.15],[33.35,29.084921],[33.36746,29.05],[33.35,28.995],[33.3452,28.95],[33.35,28.940576],[33.443514,28.85],[33.45,28.805556],[33.46049,28.75],[33.524607,28.65],[33.55,28.627283],[33.620064,28.55],[33.65,28.518597],[33.710274,28.45],[33.75,28.400123],[33.780357,28.35],[33.848824,28.25],[33.85,28.248326],[33.910881,28.15],[33.95,28.106358],[33.996875,28.05],[34.05,28.003474],[34.127204,27.95],[34.15,27.93072],[34.17809,27.95],[34.226861,28.05],[34.234916,28.15],[34.25,28.227143],[34.261823,28.25],[34.35,28.302647]],[[32.35,29.503333],[32.25,29.537247],[32.15,29.518905],[32.05,29.517992],[31.95,29.547786],[31.9,29.55],[31.85,29.55339],[31.75,29.568248],[31.65,29.583898],[31.636486,29.55],[31.596923,29.45],[31.628261,29.35],[31.65,29.292308],[31.664286,29.25],[31.75,29.184653],[31.816038,29.15],[31.85,29.132],[31.95,29.056522],[32.05,29.102787],[32.15,29.133742],[32.170229,29.15],[32.25,29.181957],[32.35,29.204704],[32.411176,29.25],[32.45,29.313707],[32.470659,29.35]],[[34.65,29.180343],[34.601477,29.15],[34.556792,29.05],[34.590517,28.95]],[[34.45,28.588326],[34.434436,28.55],[34.413553,28.45]],[[42.800292,11.85],[42.85,11.86468],[42.95,11.883793],[43.048715,11.95],[43.030357,12.05],[42.956145,12.15],[43.05,12.230383],[43.073563,12.25],[43.05,12.275153],[42.958955,12.35],[42.95,12.362371],[42.85,12.368817],[42.792623,12.35],[42.75,12.335714],[42.692222,12.35],[42.65,12.378358],[42.6116,12.45],[42.576761,12.55],[42.55,12.574051],[42.45,12.637611],[42.372222,12.65],[42.35,12.658163],[42.25,12.678889],[42.167949,12.75],[42.15,12.764894],[42.1,12.75],[42.05,12.736],[41.991892,12.65],[42.004545,12.55],[42.05,12.518254],[42.081852,12.45],[42.15,12.398889],[42.233019,12.35],[42.25,12.33125],[42.263953,12.35],[42.35,12.375874],[42.45,12.36986],[42.512963,12.35],[42.510759,12.25],[42.509143,12.15],[42.482764,12.05],[42.45,11.979448],[42.436704,11.95],[42.406904,11.85],[42.45,11.793094],[42.470772,11.75],[42.55,11.658882],[42.65,11.666769]],[[50.55,11.667931],[50.65,11.65493],[50.665672,11.65],[50.75,11.621247],[50.85,11.588095],[50.95,11.606364],[51.02218,11.65],[51.05,11.663755],[51.15,11.73239]],[[50.35,11.571053],[50.45,11.635405],[50.470611,11.65]],[[51.15,11.622246],[51.05,11.609341],[51.019663,11.55],[50.996272,11.45],[50.992929,11.35],[50.956739,11.25],[50.95,11.23719],[50.85,11.173864],[50.75,11.190845],[50.65,11.206897],[50.605752,11.25],[50.556383,11.35],[50.55,11.35396],[50.45,11.420718],[50.421658,11.45],[50.35,11.508261],[50.3,11.55]],[[42.85,11.486508],[42.89964,11.45],[42.925641,11.35],[42.908861,11.25],[42.931295,11.15],[42.94,11.05],[42.949371,10.95],[42.923196,10.85],[42.95,10.801852],[42.966667,10.75],[43.031548,10.65],[43.05,10.621296],[43.15,10.557826],[43.162329,10.55],[43.25,10.527385],[43.35,10.499686],[43.44186,10.45],[43.45,10.443665],[43.55,10.4],[43.599624,10.35],[43.646859,10.25],[43.65,10.248107],[43.75,10.231963],[43.85,10.222293],[43.95,10.169444],[43.991667,10.15],[44.05,10.139813],[44.15,10.141579],[44.25,10.11993],[44.35,10.076609],[44.45,10.100602],[44.55,10.123256],[44.65,10.139503],[44.67375,10.15],[44.75,10.169003],[44.85,10.150488],[44.95,10.198437],[45.05,10.215652],[45.15,10.191315],[45.25,10.155229],[45.3,10.15],[45.35,10.147576],[45.45,10.14887],[45.460256,10.15],[45.531416,10.25],[45.55,10.260194],[45.564789,10.25],[45.65,10.154724],[45.662245,10.15],[45.75,10.111607],[45.85,10.127895],[45.885593,10.15],[45.858235,10.25],[45.85,10.255738],[45.783908,10.35],[45.85,10.402273],[45.95,10.43125],[45.956574,10.45],[46.05,10.540192],[46.077419,10.55],[46.15,10.581034],[46.221053,10.55],[46.25,10.528599],[46.35,10.505556],[46.45,10.490449],[46.485122,10.45],[46.55,10.396371],[46.65,10.373226],[46.712609,10.35],[46.691463,10.25],[46.75,10.226238],[46.758276,10.25],[46.759328,10.35],[46.797755,10.45],[46.806371,10.55],[46.85,10.620383],[46.882443,10.65],[46.915482,10.75],[46.95,10.780425],[47.05,10.797507],[47.141795,10.85],[47.15,10.855405],[47.25,10.888519],[47.35,10.929341],[47.434146,10.95],[47.45,10.966993],[47.55,11.001795],[47.65,11.020659],[47.75,11.0098],[47.85,11.023695],[47.95,11.033381],[48.05,11.042555],[48.119828,11.05],[48.15,11.056387],[48.25,11.073775],[48.35,11.119156],[48.45,11.136258],[48.527419,11.05],[48.55,11.040585],[48.65,11.037987],[48.75,11.029251],[48.85,11.036747],[48.921296,11.05],[48.95,11.063136],[49.026543,11.05],[49.05,11.040452],[49.142784,10.95],[49.15,10.935567],[49.25,10.905556],[49.254566,10.95],[49.266062,11.05],[49.35,11.122321],[49.379952,11.15],[49.445633,11.25]],[[42.491818,11.45],[42.45,11.42013],[42.429231,11.35],[42.397059,11.25],[42.35,11.164286],[42.342661,11.15],[42.35,11.113636],[42.358284,11.05],[42.35,11.016667],[42.27,10.95],[42.25,10.928788],[42.195833,10.85],[42.15,10.842334],[42.08125,10.85],[42.05,10.858621],[41.95,10.880601],[41.85,10.91087],[41.838462,10.95],[41.75,10.991317],[41.65,10.999537],[41.579605,10.95],[41.555963,10.85],[41.55,10.844009],[41.539256,10.85],[41.515909,10.95],[41.45,11.044565],[41.445327,11.05],[41.35,11.105435],[41.25,11.132778],[41.15,11.10082],[41.120588,11.15],[41.15,11.181088],[41.206356,11.25],[41.25,11.293096],[41.328161,11.35],[41.308667,11.45],[41.25,11.515428],[41.15,11.538186],[41.113158,11.55],[41.05,11.585556],[41.00514,11.55],[41.021296,11.45],[41.05,11.382609],[41.055639,11.35],[41.053623,11.25],[41.05,11.246644],[40.974211,11.15],[40.95,11.07459],[40.875,11.05],[40.85,11.02619],[40.844737,11.05],[40.789535,11.15],[40.75,11.223913],[40.736667,11.25],[40.75,11.292857],[40.767021,11.35],[40.79878,11.45],[40.835526,11.55],[40.85,11.586667],[40.896914,11.65],[40.893066,11.75],[40.85,11.8],[40.81776,11.85],[40.81371,11.95],[40.75,12.026699],[40.733784,12.05],[40.65,12.1492],[40.64931,12.15],[40.63377,12.25],[40.65,12.269018],[40.691333,12.25],[40.75,12.211062],[40.85,12.173188],[40.95,12.15098],[41.05,12.152907],[41.061111,12.15],[41.15,12.117742],[41.25,12.061111],[41.31087,12.05],[41.35,12.040909],[41.356923,12.05],[41.45,12.093369],[41.55,12.094755],[41.570189,12.05],[41.65,11.98125],[41.749138,11.95],[41.75,11.949669],[41.752083,11.95],[41.814706,12.05],[41.75,12.104373],[41.65,12.140036],[41.623832,12.15],[41.55,12.183475],[41.465135,12.25],[41.45,12.273729],[41.35,12.321257],[41.3116,12.35],[41.305435,12.45],[41.25,12.488931],[41.15,12.485246],[41.05,12.534136],[40.974324,12.55],[40.95,12.561111],[40.85,12.634906],[40.774581,12.55],[40.75,12.489726],[40.724561,12.45],[40.65,12.410829],[40.55,12.387008],[40.45,12.419186],[40.369697,12.45],[40.35,12.459155],[40.25,12.482857],[40.15,12.539773],[40.14441,12.55],[40.15,12.60625],[40.15814,12.65],[40.15,12.7],[40.147746,12.75],[40.15,12.813636],[40.155161,12.85],[40.239109,12.95],[40.25,12.959116],[40.35,13.039076],[40.355556,13.05],[40.35,13.056019],[40.287538,13.15],[40.262723,13.25],[40.250813,13.35],[40.25,13.352143],[40.198881,13.45],[40.164103,13.55],[40.15,13.580055],[40.115123,13.65],[40.108095,13.75],[40.113039,13.85],[40.090614,13.95],[40.105376,14.05],[40.15,14.136458],[40.152285,14.15],[40.15,14.159353],[40.106701,14.25],[40.07,14.35],[40.054712,14.45],[40.05,14.458257],[40.0365,14.45],[39.95,14.358947],[39.91498,14.45],[39.91435,14.55],[39.901242,14.65],[39.874021,14.75],[39.85,14.790541],[39.827828,14.85],[39.769309,14.95],[39.75,14.970879],[39.691558,15.05],[39.65,15.088671],[39.552638,15.15],[39.55,15.153047],[39.451408,15.25],[39.45,15.252591],[39.409041,15.35],[39.35,15.437987],[39.25,15.448346],[39.243989,15.45],[39.15,15.499143],[39.081801,15.55],[39.05,15.58097],[39.014147,15.65],[38.980425,15.75],[38.963559,15.85],[38.95,15.937273],[38.948988,15.95],[38.91879,16.05],[38.890766,16.15],[38.867523,16.25],[38.85,16.288411],[38.806542,16.35],[38.784328,16.45],[38.775339,16.55],[38.783036,16.65],[38.75826,16.75],[38.75,16.775225],[38.729805,16.85],[38.702246,16.95],[38.65,17.034351],[38.642365,17.05],[38.630175,17.15],[38.572105,17.25],[38.55,17.27234],[38.479126,17.35],[38.45,17.376087],[38.393144,17.45],[38.35,17.530625],[38.34642,17.55],[38.324189,17.65],[38.279762,17.75],[38.25,17.795788],[38.198252,17.85],[38.15,17.932635],[38.118478,17.95],[38.05,17.975926],[37.95,17.954082],[37.942188,17.95],[37.85,17.91943],[37.757087,17.95],[37.75,17.976471],[37.746104,17.95],[37.743676,17.85],[37.75,17.83961],[37.778106,17.75],[37.756965,17.65],[37.792388,17.55],[37.754167,17.45],[37.75,17.419697],[37.745349,17.45],[37.65,17.521678],[37.605338,17.45],[37.630707,17.35],[37.65,17.313855],[37.75,17.328095],[37.765769,17.25],[37.75,17.187405],[37.718987,17.15],[37.673913,17.05],[37.65,17.017],[37.631667,17.05],[37.55,17.107422],[37.509726,17.05],[37.55,16.963018],[37.574719,16.95],[37.55,16.942414],[37.477763,16.85],[37.470306,16.75],[37.467935,16.65],[37.473288,16.55],[37.472356,16.45],[37.481606,16.35],[37.45,16.277381],[37.432963,16.25],[37.45,16.22013],[37.55,16.161932],[37.568103,16.15],[37.623684,16.05],[37.561765,15.95],[37.55,15.918421],[37.521739,15.85],[37.524074,15.75],[37.45,15.691176],[37.37,15.75],[37.35,15.763889],[37.263889,15.85],[37.25,15.863514],[37.155882,15.95],[37.15,15.956897],[37.05,16.02],[36.992857,16.05],[37.05,16.142308],[37.051724,16.15],[37.082184,16.25],[37.05,16.343333],[37.048675,16.35],[37.039316,16.45],[36.991237,16.55],[37.05,16.643443],[37.053774,16.65],[37.123384,16.75],[37.15,16.831395],[37.161429,16.85],[37.159016,16.95],[37.206522,17.05],[37.189516,17.15],[37.15,17.186029],[37.05,17.197561],[36.983846,17.25],[36.95,17.267886],[36.919863,17.25],[36.871818,17.15],[36.85,17.107143],[36.828378,17.05],[36.804878,16.95],[36.801852,16.85],[36.75,16.756667],[36.746078,16.75],[36.707447,16.65],[36.67766,16.55],[36.660417,16.45],[36.668605,16.35],[36.685135,16.25],[36.65,16.188095],[36.618,16.15],[36.559375,16.05],[36.55,16.035714],[36.514706,15.95],[36.484,15.85],[36.45,15.765],[36.441176,15.75],[36.422414,15.65],[36.40625,15.55],[36.35,15.468182],[36.331818,15.45],[36.257143,15.35],[36.25,15.335714],[36.21,15.25],[36.19,15.15],[36.192105,15.05],[36.19375,14.95],[36.18125,14.85],[36.15,14.816667],[36.05,14.757143],[36.043333,14.75],[35.95,14.656667],[35.942308,14.65],[35.933333,14.55],[35.85,14.4875],[35.814286,14.55],[35.75,14.614286],[35.65,14.628571],[35.607143,14.65],[35.55,14.75],[35.4875,14.85],[35.472222,14.95],[35.45,14.975],[35.357692,15.05],[35.35,15.061111],[35.296667,15.15],[35.25,15.208333],[35.1875,15.25],[35.15,15.265],[35.05,15.25],[34.95,15.35],[34.85,15.386],[34.75,15.406522],[34.65,15.386364],[34.607895,15.35],[34.607143,15.25],[34.6125,15.15],[34.628571,15.05],[34.605,14.95],[34.63,14.85],[34.614286,14.75],[34.65,14.666667],[34.659091,14.65],[34.75,14.578571],[34.79,14.55],[34.82,14.45],[34.75,14.411111],[34.695,14.35],[34.716667,14.25],[34.6875,14.15],[34.75,14.130769],[34.85,14.102381],[34.95,14.08125],[35.0,14.05],[35.008824,13.95],[35.044118,13.85],[34.983333,13.75],[34.95,13.746875],[34.866216,13.65],[34.90625,13.55],[34.935714,13.45],[34.95,13.425],[34.994118,13.35],[35.05,13.295714],[35.15,13.29359],[35.228571,13.35],[35.25,13.39],[35.35,13.388889],[35.45,13.375],[35.473529,13.35],[35.55,13.25],[35.55,13.25],[35.61,13.15],[35.605556,13.05],[35.578571,12.95],[35.565385,12.85],[35.55,12.816667],[35.51,12.75],[35.46,12.65],[35.45,12.625],[35.4125,12.55],[35.35,12.4875],[35.333333,12.45],[35.286842,12.35],[35.25,12.303333],[35.17,12.25],[35.15,12.225],[35.05,12.172222],[35.016667,12.15],[34.95,12.132609],[34.85,12.116667],[34.764286,12.15],[34.75,12.156667],[34.744118,12.15],[34.673529,12.05],[34.67381,11.95],[34.65,11.940741],[34.55,11.861111],[34.538235,11.85],[34.52619,11.75],[34.516667,11.65],[34.493478,11.55],[34.45,11.491176],[34.35,11.55],[34.289286,11.65],[34.25,11.7],[34.188889,11.75],[34.15,11.8],[34.115,11.85],[34.05,11.909091],[33.975,11.95],[33.95,11.98],[33.9,12.05],[33.85,12.080435],[33.75,12.122727],[33.65,12.095455],[33.631481,12.05],[33.628261,11.95],[33.55,11.885714],[33.506522,11.85],[33.51087,11.75],[33.505556,11.65],[33.55,11.592857],[33.561111,11.55],[33.55,11.45],[33.55,11.45],[33.511905,11.35],[33.540476,11.25],[33.535714,11.15],[33.55,11.092857],[33.56,11.05],[33.565625,10.95],[33.577027,10.85],[33.65,10.76],[33.66875,10.75],[33.686,10.65],[33.667143,10.55],[33.731818,10.45],[33.75,10.44],[33.822,10.35],[33.771429,10.25],[33.85,10.187143],[33.881707,10.15],[33.9,10.05],[33.95,9.992105],[33.99,9.95],[33.95,9.932222],[33.85,9.871212],[33.83,9.85],[33.805556,9.75],[33.807534,9.65],[33.81125,9.55],[33.85,9.458824],[33.852885,9.45],[33.908824,9.35],[33.95,9.282258],[33.972222,9.25],[33.964865,9.15],[33.96105,9.05],[33.981538,8.95],[34.05,8.861881],[34.074,8.85],[34.15,8.763636],[34.162245,8.75],[34.25,8.668868],[34.266393,8.65],[34.282203,8.55],[34.334848,8.45],[34.35,8.429167],[34.45,8.356557],[34.4625,8.35],[34.55,8.291667],[34.618966,8.25],[34.55,8.166667],[34.531395,8.15],[34.55,8.05],[34.55,8.05],[34.592,7.95],[34.65,7.873684],[34.665517,7.85],[34.65,7.823529],[34.560714,7.75],[34.55,7.744],[34.461321,7.65],[34.45,7.621429],[34.415116,7.55],[34.45,7.504545],[34.55,7.5],[34.588333,7.45],[34.55,7.412295],[34.45,7.375],[34.43125,7.35],[34.413043,7.25],[34.407895,7.15],[34.45,7.11],[34.504545,7.05],[34.45,6.957692],[34.446774,6.95],[34.443333,6.85],[34.428261,6.75],[34.35,6.65],[34.35,6.65],[34.305882,6.55],[34.28,6.45],[34.259302,6.35],[34.25,6.337097],[34.207813,6.25],[34.25,6.175],[34.263636,6.15],[34.3,6.05],[34.35,5.974138],[34.353084,5.95],[34.354461,5.85],[34.3875,5.75],[34.45,5.676966],[34.49898,5.65],[34.55,5.59186],[34.562245,5.55],[34.55,5.503846],[34.501163,5.45],[34.483333,5.35],[34.455208,5.25],[34.461875,5.15],[34.55,5.055051],[34.65,5.073923],[34.75,5.13],[34.85,5.090385],[34.95,5.126596],[35.05,5.15],[35.15,5.15],[35.25,5.095],[35.35,5.12451],[35.390625,5.15],[35.45,5.162752],[35.55,5.207471],[35.594048,5.25],[35.637448,5.35],[35.65,5.374194],[35.713087,5.45],[35.75,5.517901],[35.780233,5.55],[35.760606,5.65],[35.816438,5.75],[35.820588,5.85],[35.845855,5.95],[35.85,5.984783],[35.892857,6.05],[35.878,6.15],[35.934354,6.25],[35.95,6.271296],[36.001111,6.25],[36.05,6.154348],[36.050917,6.15],[36.06875,6.05],[36.064583,5.95],[36.05,5.893243],[36.027465,5.85],[35.994444,5.75],[35.969697,5.65],[35.959217,5.55],[35.95,5.45],[35.95,5.45],[36.05,5.471825],[36.123507,5.55],[36.15,5.563922],[36.242227,5.65],[36.25,5.668227],[36.35,5.716667],[36.363861,5.65],[36.350567,5.55],[36.35,5.547436],[36.3,5.45],[36.281395,5.35],[36.268153,5.25],[36.25,5.184483],[36.228417,5.15],[36.222185,5.05],[36.225694,4.95],[36.242437,4.85],[36.25,4.785714],[36.253906,4.75],[36.284375,4.65],[36.320543,4.55],[36.35,4.47549],[36.363978,4.45],[36.374432,4.35],[36.390741,4.25],[36.406897,4.15],[36.45,4.071875],[36.458642,4.05],[36.454255,3.95],[36.45,3.9125],[36.440741,3.85],[36.424046,3.75],[36.388679,3.65],[36.35,3.602326],[36.25,3.582283],[36.227095,3.55],[36.25,3.47807],[36.282,3.45],[36.35,3.402778],[36.379688,3.35],[36.413866,3.25],[36.4375,3.15],[36.45,3.117857],[36.494706,3.05],[36.55,2.995349],[36.65,2.991481],[36.697863,2.95],[36.75,2.854687],[36.751024,2.85],[36.761966,2.75],[36.75,2.727778],[36.695956,2.65],[36.696416,2.55],[36.685294,2.45],[36.65,2.415517],[36.55,2.433459],[36.540698,2.45],[36.52896,2.55],[36.45,2.643548],[36.408491,2.65],[36.35,2.75],[36.35,2.75],[36.35,2.75],[36.313529,2.65],[36.281624,2.55],[36.25,2.4575],[36.15,2.517857],[36.138312,2.55],[36.106322,2.65],[36.05,2.716216],[36.017105,2.75],[35.95,2.812195],[35.884043,2.85],[35.851389,2.95],[35.85,2.957692],[35.833333,2.95],[35.75,2.927273],[35.739796,2.95],[35.711905,3.05],[35.65,3.15],[35.75,3.25],[35.77623,3.35],[35.75,3.382653],[35.65,3.383333],[35.615217,3.45],[35.65,3.516667],[35.683333,3.55],[35.75,3.588095],[35.767333,3.65],[35.75,3.716667],[35.73169,3.75],[35.72623,3.85],[35.749648,3.95],[35.75,3.953333],[35.772137,4.05],[35.830255,4.15],[35.842905,4.25],[35.844203,4.35],[35.85,4.419565],[35.855,4.45],[35.85,4.457368],[35.770721,4.55],[35.75,4.573232],[35.694526,4.65],[35.65,4.72093],[35.643351,4.75],[35.65,4.830645],[35.654651,4.85],[35.669608,4.95],[35.65,4.992857],[35.55,5.036154],[35.45,5.029167],[35.35,5.003086],[35.293421,4.95],[35.25,4.938814],[35.15,4.942308],[35.05,4.95],[35.05,4.95],[35.05,4.95],[35.05,4.95],[35.056796,4.85],[35.069394,4.75],[35.064451,4.65],[35.068966,4.55],[35.059005,4.45],[35.075,4.35],[35.073077,4.25],[35.05,4.222727],[34.95,4.241667],[34.85,4.242857],[34.833333,4.25],[34.75,4.291667],[34.708824,4.35],[34.65,4.408824],[34.596154,4.45],[34.55,4.481579],[34.525472,4.55],[34.46,4.65],[34.45,4.666667],[34.41,4.75],[34.363043,4.85],[34.35,4.865789],[34.292857,4.95],[34.25,4.98871],[34.176923,5.05],[34.15,5.068421],[34.05,5.106],[33.95,5.111538],[33.85,5.139655],[33.834211,5.15],[33.75,5.198485],[33.65,5.213889],[33.55,5.195161],[33.45,5.175],[33.383333,5.15],[33.35,5.142308],[33.25,5.1375],[33.15,5.126923],[33.05,5.07],[33.027778,5.05],[32.95,5.015],[32.85,5.009091],[32.75,4.997826],[32.65,5.028378],[32.559375,4.95],[32.55,4.907143],[32.45,4.896154],[32.35,4.911905],[32.25,4.927778],[32.15,4.911111],[32.05,4.85],[31.95,4.854762],[31.85,4.859091],[31.75,4.855556],[31.744444,4.85],[31.65,4.75],[31.65,4.75],[31.6,4.65],[31.55,4.631579],[31.538525,4.65],[31.546429,4.75],[31.544737,4.85],[31.45,4.916667],[31.422727,4.95],[31.4125,5.05],[31.45,5.104545],[31.55,5.131818],[31.560811,5.15],[31.55,5.167391],[31.45,5.205556],[31.432609,5.25],[31.35,5.32037],[31.283333,5.35],[31.25,5.383333],[31.211905,5.45],[31.15,5.506522],[31.05,5.542308],[31.042308,5.55],[31.05,5.59],[31.061111,5.65],[31.05,5.661538],[30.95,5.65],[30.95,5.65],[30.85,5.608333],[30.796154,5.55],[30.75,5.51],[30.718421,5.55],[30.71,5.65],[30.65,5.7375],[30.635714,5.75],[30.583333,5.85],[30.55,5.868182],[30.45,5.931818],[30.405556,5.95],[30.35,6.005556],[30.336111,5.95],[30.35,5.914286],[30.383333,5.85],[30.372857,5.75],[30.35,5.716667],[30.27,5.75],[30.25,5.760526],[30.2,5.85],[30.15,5.908621],[30.103846,5.95],[30.05,6.043333],[29.95,5.976316],[29.894444,5.95],[29.85,5.937097],[29.75,5.934615],[29.65,5.941667],[29.621429,5.95],[29.607143,6.05],[29.65,6.104545],[29.677778,6.15],[29.65,6.216667],[29.55,6.234211],[29.528571,6.25],[29.455556,6.35],[29.45,6.357692],[29.446,6.35],[29.412069,6.25],[29.4,6.15],[29.38125,6.05],[29.35,5.95],[29.329167,6.05],[29.2625,6.15],[29.25,6.183333],[29.15,6.246774],[29.05,6.183333],[28.997826,6.25],[29.018182,6.35],[29.05,6.396667],[29.088095,6.45],[29.05,6.476667],[28.95,6.516667],[28.940476,6.55],[28.901724,6.65],[28.908824,6.75],[28.85,6.821429],[28.815517,6.75],[28.7875,6.65],[28.75,6.6125],[28.69,6.65],[28.663636,6.75],[28.65,6.762],[28.638,6.75],[28.55,6.658333],[28.543333,6.65],[28.529167,6.55],[28.514,6.45],[28.477907,6.35],[28.463514,6.25],[28.45,6.178571],[28.430769,6.25],[28.419231,6.35],[28.37,6.45],[28.35,6.507143],[28.343023,6.55],[28.321795,6.65],[28.330952,6.75],[28.304286,6.85],[28.35,6.9],[28.389024,6.95],[28.405556,7.05],[28.391667,7.15],[28.35,7.221429],[28.342857,7.25],[28.25,7.342857],[28.189535,7.25],[28.25,7.15],[28.175,7.05],[28.15,7.045],[28.095714,6.95],[28.087838,6.85],[28.107692,6.75],[28.05,6.681818],[27.95625,6.75],[27.95,6.754762],[27.881034,6.85],[27.85,6.914286],[27.836842,6.95],[27.85,6.972727],[27.901515,7.05],[27.95,7.107143],[27.977273,7.15],[27.95,7.220588],[27.914286,7.25],[27.85,7.286],[27.75,7.252632],[27.746667,7.25],[27.71129,7.15],[27.65,7.07963],[27.619231,7.05],[27.55,6.983333],[27.45,6.957692],[27.35,7.009091],[27.309091,7.05],[27.35,7.119231],[27.45,7.13],[27.463636,7.15],[27.480435,7.25],[27.497368,7.35],[27.55,7.397619],[27.61875,7.45],[27.65,7.495455],[27.696154,7.55],[27.65,7.576087],[27.55,7.613333],[27.474,7.55],[27.45,7.526],[27.414706,7.55],[27.380769,7.65],[27.35,7.73],[27.25,7.698148],[27.18913,7.75],[27.236957,7.85],[27.214516,7.95],[27.198649,8.05],[27.15,8.122],[27.125862,8.15],[27.15,8.186842],[27.25,8.2],[27.272222,8.25],[27.25,8.28],[27.15,8.313158],[27.115,8.35],[27.068421,8.45],[27.05,8.5],[27.0,8.45],[26.95,8.391667],[26.911111,8.45],[26.85,8.495833],[26.75,8.473333],[26.65,8.465789],[26.601515,8.55],[26.65,8.65],[26.61875,8.75],[26.55,8.797826],[26.464286,8.85],[26.45,8.856897],[26.425,8.85],[26.35,8.828571],[26.258333,8.75],[26.25,8.734615],[26.15,8.702632],[26.05,8.716667],[25.99,8.75],[25.95,8.85],[26.05,8.871053],[26.118182,8.95],[26.05,9.025],[26.030769,9.05],[26.016667,9.15],[26.05,9.177778],[26.15,9.15],[26.25,9.194444],[26.279412,9.25],[26.25,9.27],[26.15,9.35],[26.15,9.35],[26.15,9.35],[26.05,9.33125],[25.95,9.33],[25.936957,9.35],[25.95,9.45],[25.875,9.55],[25.85,9.563636],[25.75,9.615],[25.732927,9.65],[25.65,9.723913],[25.59,9.75],[25.562,9.85],[25.55,9.8625],[25.507143,9.85],[25.45,9.825],[25.405556,9.85],[25.35,9.87],[25.25,9.892857],[25.188462,9.95],[25.15,10.021429],[25.11875,9.95],[25.05,9.871429],[24.99,9.85],[24.95,9.842593],[24.931818,9.85],[24.95,9.883333],[24.976667,9.95],[24.95,10.007143],[24.916667,10.05],[24.867391,10.15],[24.85,10.166667],[24.75,10.183333],[24.686842,10.25],[24.65,10.285],[24.55,10.275],[24.49,10.35],[24.466667,10.45],[24.516667,10.55],[24.55,10.6],[24.59,10.65],[24.65,10.75],[24.75,10.85],[24.821429,10.95],[24.85,11.0],[24.872222,11.05],[24.9,11.15],[24.95,11.233333],[24.956667,11.25],[25.020588,11.35],[25.05,11.385714],[25.097368,11.45],[25.15,11.502632],[25.197368,11.55],[25.25,11.584483],[25.35,11.65],[25.45,11.657143],[25.55,11.7],[25.65,11.735714],[25.75,11.735714],[25.783333,11.75],[25.85,11.775],[25.95,11.773077],[26.05,11.8125],[26.15,11.833333],[26.183333,11.85],[26.25,11.878571],[26.35,11.938889],[26.4,11.95],[26.45,11.9625],[26.55,11.983333],[26.65,12.05],[26.75,12.127778],[26.8,12.15],[26.85,12.175],[26.95,12.207143],[27.01,12.25],[27.05,12.275],[27.15,12.33],[27.175,12.35],[27.25,12.45],[27.35,12.35],[27.33,12.25],[27.35,12.225],[27.45,12.183333],[27.55,12.15],[27.65,12.164286],[27.75,12.166667],[27.783333,12.15],[27.85,12.125],[27.95,12.13],[27.961111,12.15],[28.022727,12.25],[28.05,12.277273],[28.08,12.25],[28.088095,12.15],[28.134615,12.05],[28.127778,11.95],[28.135,11.85],[28.15,11.807143],[28.163333,11.75],[28.15,11.713636],[28.127419,11.65],[28.146296,11.55],[28.15,11.540909],[28.157692,11.55],[28.25,11.591379],[28.296154,11.55],[28.270968,11.45],[28.25,11.398],[28.218421,11.35],[28.233721,11.25],[28.25,11.224074],[28.35,11.191176],[28.375,11.15],[28.434615,11.05],[28.45,11.034],[28.476667,11.05],[28.545455,11.15],[28.55,11.155],[28.557692,11.15],[28.65,11.057692],[28.69,11.15],[28.72619,11.25],[28.75,11.276316],[28.832353,11.35],[28.85,11.365],[28.875,11.35],[28.892424,11.25],[28.95,11.155],[28.958333,11.15],[29.05,11.104167],[29.126471,11.05],[29.15,11.013636],[29.183333,11.05],[29.25,11.072857],[29.35,11.15],[29.384426,11.05],[29.45,10.979825],[29.46828,10.95],[29.55,10.882743],[29.634091,10.85],[29.65,10.8375],[29.75,10.834783],[29.776923,10.85],[29.815854,10.95],[29.85,11.032353],[29.923684,10.95],[29.95,10.928261],[30.0,10.85],[29.95,10.771739],[29.938095,10.75],[29.95,10.728261],[30.05,10.680556],[30.065068,10.65],[30.15,10.601938],[30.25,10.637692],[30.35,10.575],[30.437755,10.65],[30.45,10.71],[30.54,10.65],[30.55,10.639474],[30.65,10.609459],[30.71,10.65],[30.75,10.677027],[30.85,10.71129],[30.902174,10.75],[30.95,10.782353],[31.042,10.85],[31.05,10.858333],[31.065385,10.85],[31.15,10.827551],[31.197826,10.85],[31.25,10.916667],[31.316667,10.95],[31.35,11.01],[31.356667,11.05],[31.42,11.15],[31.45,11.19],[31.495,11.25],[31.55,11.297826],[31.65,11.316667],[31.702381,11.35],[31.75,11.405556],[31.778571,11.45],[31.779032,11.55],[31.791667,11.65],[31.798148,11.75],[31.831081,11.85],[31.841892,11.95],[31.798837,12.05],[31.764706,12.15],[31.75,12.176316],[31.696154,12.25],[31.65,12.296154],[31.58913,12.35],[31.55,12.384615],[31.455556,12.45],[31.45,12.454167],[31.35,12.507692],[31.295,12.55],[31.25,12.578125],[31.15,12.609375],[31.05,12.621429],[30.95,12.621875],[30.85,12.615714],[30.75,12.622917],[30.65,12.620455],[30.593478,12.65],[30.55,12.733333],[30.533333,12.75],[30.55,12.816667],[30.65,12.75],[30.75,12.766667],[30.795455,12.85],[30.75,12.95],[30.664286,13.05],[30.663333,13.15],[30.65,13.178571],[30.623684,13.25],[30.578571,13.35],[30.55,13.386364],[30.48,13.45],[30.45,13.473077],[30.35,13.519231],[30.313636,13.55],[30.279412,13.65],[30.321429,13.75],[30.35,13.79],[30.374,13.85],[30.398485,13.95],[30.417647,14.05],[30.446429,14.15],[30.45,14.2],[30.455,14.25],[30.45,14.283333],[30.439474,14.35],[30.384783,14.45],[30.40641,14.55],[30.45,14.608621],[30.492857,14.65],[30.55,14.709259],[30.597826,14.75],[30.55,14.792308],[30.45,14.758333],[30.44,14.75],[30.35,14.668182],[30.337097,14.65],[30.287143,14.55],[30.296667,14.45],[30.25,14.391667],[30.232143,14.35],[30.184783,14.25],[30.15,14.15],[30.05,14.161765],[30.0375,14.15],[29.95,14.0625],[29.85,14.09],[29.75,14.0625],[29.65,14.140909],[29.645652,14.15],[29.646,14.25],[29.65,14.264286],[29.692857,14.35],[29.75,14.407143],[29.796154,14.45],[29.811538,14.55],[29.842308,14.65],[29.85,14.716667],[29.854762,14.75],[29.912162,14.85],[29.85,14.95],[29.75,14.95],[29.747143,15.05],[29.726923,15.15],[29.7,15.25],[29.659677,15.35],[29.65,15.41],[29.645349,15.45],[29.641892,15.55],[29.6,15.65],[29.55,15.712069],[29.48125,15.75],[29.45,15.765152],[29.35,15.85],[29.292857,15.95],[29.25,15.975714],[29.2125,15.95],[29.15,15.894444],[29.05,15.859091],[29.04375,15.85],[28.994737,15.75],[28.98125,15.65],[28.956897,15.55],[28.95,15.531818],[28.915385,15.45],[28.881818,15.35],[28.854167,15.25],[28.85,15.2375],[28.7625,15.15],[28.75,15.140909],[28.712963,15.05],[28.690625,14.95],[28.6625,14.85],[28.65,14.811538],[28.55,14.75],[28.538889,14.85],[28.523684,14.95],[28.476667,15.05],[28.45,15.073529],[28.373529,15.15],[28.35,15.216667],[28.344444,15.25],[28.305556,15.35],[28.25,15.45],[28.202632,15.55],[28.18913,15.65],[28.156667,15.75],[28.1625,15.85],[28.19,15.95],[28.193333,16.05],[28.15,16.15],[28.1125,16.25],[28.084783,16.35],[28.080769,16.45],[28.05,16.494444],[27.95,16.542308],[27.942857,16.55],[27.893478,16.65],[27.892424,16.75],[27.855,16.85],[27.85,16.85625],[27.8,16.85],[27.75,16.842857],[27.744118,16.85],[27.67,16.95],[27.65,16.963333],[27.573529,17.05],[27.55,17.07],[27.455882,17.15],[27.45,17.158333],[27.406,17.25],[27.45,17.286667],[27.487255,17.35],[27.45,17.392222],[27.36875,17.45],[27.35,17.477273],[27.328571,17.45],[27.25,17.406863],[27.15,17.355263],[27.135714,17.35],[27.05,17.326923],[26.95,17.35],[26.944118,17.45],[26.928571,17.55],[26.95,17.561111],[27.038889,17.65],[27.05,17.675],[27.125,17.65],[27.15,17.645],[27.155556,17.65],[27.25,17.695946],[27.35,17.71],[27.431818,17.65],[27.45,17.645],[27.454545,17.65],[27.453333,17.75],[27.505556,17.85],[27.55,17.873529],[27.59,17.85],[27.65,17.83125],[27.674,17.85],[27.65,17.904545],[27.622222,17.95],[27.65,17.988462],[27.722727,18.05],[27.75,18.058108],[27.792857,18.05],[27.85,18.037879],[27.876667,18.05],[27.95,18.11875],[28.05,18.125],[28.096667,18.15],[28.142308,18.25],[28.101613,18.35],[28.07,18.45],[28.05,18.476087],[27.95,18.524286],[27.885714,18.55],[27.85,18.571739],[27.75,18.609091],[27.668182,18.65],[27.65,18.672222],[27.613158,18.75],[27.65,18.827778],[27.659091,18.85],[27.675926,18.95],[27.65,19.0375],[27.646552,19.05],[27.65,19.15],[27.578947,19.25],[27.55,19.314706],[27.537755,19.35],[27.508696,19.45],[27.507778,19.55],[27.476923,19.65],[27.45,19.703846],[27.423913,19.75],[27.45,19.79],[27.486,19.85],[27.55,19.886364],[27.632353,19.95],[27.65,19.961765],[27.75,20.020175],[27.76828,20.05],[27.75,20.073288],[27.65,20.107692],[27.610714,20.15],[27.65,20.241667],[27.75,20.1948],[27.85,20.176437],[27.906098,20.15],[27.95,20.136765],[28.05,20.14633],[28.060526,20.15],[28.122414,20.25],[28.15,20.288095],[28.25,20.342593],[28.278571,20.35],[28.35,20.4],[28.367241,20.45],[28.35,20.460204],[28.25,20.46],[28.15,20.453448],[28.13,20.45],[28.05,20.439189],[27.95,20.434783],[27.85,20.425],[27.78125,20.45],[27.75,20.468519],[27.65,20.5],[27.55,20.514516],[27.502174,20.55],[27.471212,20.65],[27.45,20.676923],[27.35,20.692424],[27.25,20.702941],[27.165789,20.75],[27.155714,20.85],[27.15,20.856667],[27.05,20.864706],[26.95,20.860714],[26.85,20.901852],[26.821739,20.95],[26.85,21.011905],[26.897059,21.05],[26.927778,21.15],[26.882353,21.25],[26.896667,21.35],[26.85,21.443333],[26.847059,21.45],[26.85,21.4625],[26.868919,21.55],[26.85,21.6],[26.832051,21.65],[26.75,21.738889],[26.73,21.75],[26.65,21.798485],[26.565,21.85],[26.65,21.918],[26.692105,21.95],[26.75,21.972917],[26.838095,22.05],[26.85,22.091667],[26.878,22.15],[26.95,22.183333],[27.017925,22.25],[26.970455,22.35],[26.95,22.37093],[26.85,22.434906],[26.827143,22.45],[26.75,22.500943],[26.65,22.522222],[26.615116,22.55],[26.65,22.595455],[26.75,22.639655],[26.764286,22.65],[26.797059,22.75],[26.806522,22.85],[26.795455,22.95],[26.804545,23.05],[26.842593,23.15],[26.838235,23.25],[26.85,23.264286],[26.95,23.261364],[26.977778,23.25],[27.05,23.202727],[27.15,23.179839],[27.25,23.168103],[27.35,23.198718],[27.422727,23.25],[27.45,23.284884],[27.495902,23.35],[27.477059,23.45],[27.45,23.503488],[27.428947,23.55],[27.433562,23.65],[27.35,23.735915],[27.25,23.730488],[27.188462,23.75],[27.241304,23.85],[27.25,23.87],[27.288095,23.95],[27.292857,24.05],[27.27619,24.15],[27.291667,24.25],[27.35,24.281818],[27.45,24.319091],[27.499275,24.35],[27.539474,24.45],[27.462,24.55],[27.45,24.5625],[27.3975,24.65],[27.35,24.726],[27.31,24.75],[27.25,24.825],[27.233333,24.85],[27.2,24.95],[27.15,24.997826],[27.092857,25.05],[27.05,25.090909],[26.95,25.132759],[26.911538,25.15],[26.85,25.184783],[26.75,25.235714],[26.716667,25.25],[26.65,25.278571],[26.55,25.285714],[26.45,25.274],[26.35,25.253571],[26.342857,25.25],[26.25,25.15],[26.25,25.15],[26.15,25.070833],[26.114286,25.05],[26.05,25.021875],[25.95,24.97963],[25.902941,24.95],[25.85,24.92],[25.75,24.9375],[25.742308,24.95],[25.673077,25.05],[25.65,25.071429],[25.55,25.115385],[25.505,25.15],[25.45,25.186667],[25.35,25.227273],[25.25,25.22069],[25.216667,25.25],[25.15,25.315385],[25.05,25.330435],[24.95,25.331667],[24.88875,25.25],[24.95,25.152],[24.951282,25.15],[25.011538,25.05],[24.95,24.97381],[24.904545,24.95],[24.86,24.85],[24.871739,24.75],[24.865238,24.65],[24.857,24.55],[24.851449,24.45],[24.85,24.43],[24.842,24.35],[24.85,24.321429],[24.865152,24.25],[24.891667,24.15],[24.887778,24.05],[24.95,23.95],[24.95,23.95],[24.959184,23.85],[24.95,23.834211],[24.872581,23.75],[24.85,23.714103],[24.794444,23.65],[24.85,23.5875],[24.876316,23.55],[24.85,23.520588],[24.75,23.547561],[24.74,23.55],[24.65,23.571429],[24.609091,23.55],[24.566,23.45],[24.55,23.43],[24.45,23.402632],[24.36,23.45],[24.35,23.454762],[24.25,23.525],[24.234615,23.55],[24.213158,23.65],[24.183333,23.75],[24.25,23.8],[24.259302,23.85],[24.258108,23.95],[24.2975,24.05],[24.281579,24.15],[24.25,24.174],[24.19,24.15],[24.198649,24.05],[24.19,23.95],[24.15,23.939474],[24.098485,23.85],[24.05,23.755882],[24.045455,23.75],[23.959091,23.65],[23.95,23.622727],[23.91,23.55],[23.85,23.518421],[23.75,23.508621],[23.691379,23.45],[23.75,23.355556],[23.85,23.373529],[23.886364,23.35],[23.94,23.25],[23.95,23.241667],[24.05,23.15],[24.15,23.157143],[24.183333,23.15],[24.213636,23.05],[24.184483,22.95],[24.15,22.8875],[24.083333,22.85],[24.093333,22.75],[24.058571,22.65],[24.05,22.622727],[24.02,22.65],[23.95,22.7375],[23.944444,22.75],[23.85,22.839474],[23.838235,22.85],[23.75,22.880612],[23.65,22.887143],[23.55,22.89],[23.45,22.856667],[23.391667,22.95],[23.35,23.05],[23.3,23.15],[23.25,23.21],[23.205556,23.25],[23.15,23.302632],[23.05,23.35],[23.017568,23.45],[23.05,23.516667],[23.15,23.51],[23.1875,23.45],[23.15,23.3875],[23.05,23.35],[23.005556,23.25],[22.96875,23.15],[22.994444,23.05],[22.95,22.97],[22.940909,22.95],[22.85,22.906522],[22.75,22.896875],[22.684783,22.85],[22.668182,22.75],[22.65,22.72931],[22.607143,22.75],[22.55,22.778571],[22.461111,22.75],[22.45,22.743333],[22.3625,22.65],[22.386364,22.55],[22.45,22.486364],[22.475,22.45],[22.45,22.37],[22.35,22.37],[22.25,22.35],[22.204167,22.45],[22.182,22.55],[22.15,22.586364],[22.05,22.6],[21.965385,22.65],[22.05,22.707895],[22.15,22.7375],[22.159524,22.75],[22.15,22.764286],[22.102,22.85],[22.15,22.907143],[22.186,22.95],[22.25,23.038889],[22.268182,23.05],[22.35,23.084615],[22.39359,23.15],[22.35,23.187778],[22.284615,23.15],[22.25,23.068182],[22.15,23.068182],[22.115385,23.15],[22.05,23.227273],[22.040566,23.25],[22.05,23.275],[22.096875,23.35],[22.15,23.377419],[22.241837,23.45],[22.25,23.49],[22.285294,23.55],[22.25,23.581579],[22.212857,23.65],[22.175,23.75],[22.234211,23.85],[22.25,23.854],[22.35,23.9],[22.45,23.941176],[22.463636,23.95],[22.489394,24.05],[22.55,24.08125],[22.634615,24.15],[22.65,24.164545],[22.75,24.187736],[22.820213,24.25],[22.85,24.315116],[22.889474,24.35],[22.852857,24.45],[22.85,24.451449],[22.844118,24.45],[22.75,24.411905],[22.67973,24.35],[22.65,24.331034],[22.55,24.298936],[22.45,24.267143],[22.426923,24.25],[22.352381,24.15],[22.35,24.146552],[22.25,24.147368],[22.2375,24.15],[22.15,24.174138],[22.136792,24.15],[22.088298,24.05],[22.05,23.971739],[22.0,23.95],[21.95,23.940566],[21.904545,23.95],[21.85,23.96875],[21.75,23.960345],[21.69,23.95],[21.65,23.944595],[21.55,23.928788],[21.45,23.882143],[21.41087,23.85],[21.35,23.8],[21.256667,23.75],[21.3125,23.65],[21.25,23.601613],[21.192857,23.55],[21.15,23.45],[21.15,23.45],[21.05,23.431579],[21.013158,23.45],[20.95,23.513158],[20.891667,23.55],[20.85,23.565625],[20.83,23.55],[20.75,23.495946],[20.65,23.47],[20.636667,23.45],[20.6,23.35],[20.55,23.340625],[20.534211,23.35],[20.495833,23.45],[20.544915,23.55],[20.55,23.560714],[20.60102,23.65],[20.65,23.742308],[20.657143,23.75],[20.65,23.816667],[20.641667,23.85],[20.580303,23.95],[20.55,23.99],[20.45,24.036957],[20.4375,24.05],[20.438889,24.15],[20.35,24.216667],[20.305556,24.25],[20.35,24.273529],[20.45,24.2625],[20.52,24.35],[20.45,24.385897],[20.35,24.406522],[20.25,24.398],[20.15,24.424286],[20.05,24.439744],[19.95,24.434615],[19.913636,24.45],[19.85,24.475926],[19.75,24.463636],[19.65,24.475],[19.55,24.45],[19.45,24.457317],[19.35,24.5],[19.25,24.498649],[19.209551,24.45],[19.233636,24.35],[19.25,24.326316],[19.28494,24.25],[19.25,24.211842],[19.15,24.200909],[19.05,24.154545],[19.045455,24.15],[19.015306,24.05],[19.018182,23.95],[18.95,23.863462],[18.85,23.853846],[18.84,23.85],[18.75,23.785714],[18.708333,23.75],[18.65,23.725862],[18.55,23.706757],[18.45,23.719231],[18.35,23.675],[18.316667,23.65],[18.25,23.59],[18.15,23.583333],[18.05,23.594444],[17.95,23.616667],[17.85,23.627778],[17.841304,23.65],[17.816667,23.75],[17.75,23.826923],[17.69,23.85],[17.65,23.8625],[17.55,23.871429],[17.45,23.85],[17.35,23.916667],[17.325,23.95],[17.25,23.996154],[17.196154,24.05],[17.15,24.116667],[17.1125,24.15],[17.05,24.221429],[17.021429,24.25],[16.95,24.3],[16.878571,24.35],[16.85,24.366667],[16.75,24.3875],[16.65,24.407143],[16.55,24.414706],[16.507143,24.45],[16.45,24.507143],[16.433333,24.55],[16.360345,24.65],[16.398718,24.75],[16.385135,24.85],[16.35,24.93125],[16.25,24.941429],[16.15303,24.85],[16.15,24.846667],[16.05,24.759091],[16.012963,24.85],[16.05,24.924074],[16.088889,24.95],[16.066667,25.05],[16.15,25.095455],[16.2125,25.05],[16.25,25.0],[16.35,24.958333],[16.45,25.045455],[16.453448,25.05],[16.509091,25.15],[16.543939,25.25],[16.55,25.272222],[16.575,25.35],[16.602055,25.45],[16.611111,25.55],[16.65,25.586842],[16.725,25.65],[16.75,25.681579],[16.82027,25.75],[16.85,25.805],[16.8875,25.85],[16.95,25.884884],[17.01,25.85],[17.05,25.819697],[17.126667,25.75],[17.112,25.65],[17.14,25.55],[17.15,25.523333],[17.25,25.486667],[17.35,25.512791],[17.444118,25.55],[17.394444,25.65],[17.37,25.75],[17.35,25.797619],[17.309259,25.85],[17.35,25.892308],[17.45,25.911538],[17.475641,25.95],[17.512791,26.05],[17.530769,26.15],[17.55,26.216667],[17.556098,26.25],[17.55,26.279412],[17.535542,26.35],[17.55,26.39],[17.604545,26.45],[17.65,26.470833],[17.75,26.535106],[17.774138,26.55],[17.85,26.614706],[17.880769,26.65],[17.901111,26.75],[17.95,26.814706],[17.976667,26.85],[18.012857,26.95],[17.997917,27.05],[17.995763,27.15],[18.0,27.25],[17.99918,27.35],[17.998889,27.45],[17.95,27.528571],[17.938462,27.55],[17.887143,27.65],[17.85,27.678889],[17.75,27.747222],[17.744444,27.75],[17.65,27.78617],[17.55,27.839552],[17.535106,27.85],[17.45,27.920175],[17.365,27.95],[17.35,27.956522],[17.25,27.96194],[17.15,27.984848],[17.05,28.022727],[16.95,28.014],[16.85,28.027273],[16.75,28.036792],[16.696154,28.05],[16.65,28.062766],[16.55,28.084615],[16.487037,28.15],[16.45,28.226923],[16.440625,28.25],[16.35,28.35],[16.414516,28.45],[16.45,28.4775],[16.491429,28.55],[16.45,28.637879],[16.434,28.65],[16.35,28.688889],[16.291071,28.75],[16.25,28.768852],[16.15,28.776582],[16.081148,28.75],[16.05,28.703659],[16.0,28.75],[15.95,28.77043],[15.85,28.827381],[15.827108,28.85],[15.75,28.881841],[15.651538,28.85],[15.65,28.84878],[15.648246,28.85],[15.55,28.925676],[15.45,28.918707],[15.380303,28.95],[15.35,28.990816],[15.307447,28.95],[15.25,28.935638],[15.192553,28.95],[15.15,29.0],[15.117742,28.95],[15.05,28.90625],[14.966,28.95],[14.95,28.9625],[14.85,29.03],[14.75,29.042308],[14.714706,28.95],[14.65,28.879032],[14.575,28.85],[14.55,28.842857],[14.532353,28.85],[14.45,28.903846],[14.403846,28.95],[14.35,29.013636],[14.328378,29.05],[14.252941,29.15],[14.25,29.153571],[14.15,29.154762],[14.05,29.16],[13.985714,29.25],[13.976316,29.35],[13.95,29.408824],[13.908824,29.45],[13.95,29.55],[13.990909,29.65],[13.997059,29.75],[13.990625,29.85],[13.95,29.95],[13.914286,30.05],[13.85,30.074324],[13.753448,30.15],[13.75,30.152941],[13.65,30.226596],[13.612069,30.25],[13.55,30.35],[13.552174,30.45],[13.55,30.451316],[13.546296,30.45],[13.45,30.398],[13.39902,30.45],[13.35122,30.55],[13.35,30.551333],[13.273711,30.65],[13.25,30.688983],[13.221875,30.75],[13.25,30.784951],[13.294079,30.85],[13.308252,30.95],[13.25,31.026433],[13.228235,31.05],[13.197297,31.15],[13.15,31.214815],[13.070833,31.25],[13.05,31.291667],[13.035106,31.35],[12.96875,31.45],[13.05,31.473214],[13.15,31.462308],[13.25,31.4875],[13.35,31.531356],[13.373656,31.55],[13.405556,31.65],[13.45,31.6875],[13.540909,31.75],[13.55,31.767143],[13.578713,31.85],[13.579167,31.95],[13.563333,32.05],[13.55,32.072222],[13.503333,32.15],[13.45,32.195714],[13.35,32.191975],[13.25,32.163706],[13.15,32.161392],[13.05,32.234354],[12.95,32.180408],[12.904673,32.15],[12.85,32.114],[12.75,32.064213],[12.65,32.129767],[12.55,32.097619],[12.493478,32.05],[12.45,32.013899],[12.35,32.007879],[12.25,31.976183],[12.15,31.974069],[12.05,31.982767],[11.952878,31.95],[11.95,31.9475],[11.85,31.892128],[11.75,31.86046],[11.65,31.857843],[11.55,31.874051],[11.45,31.871311],[11.35,31.876444],[11.25,31.854706],[11.15,31.877273],[11.05,31.861934],[10.95,31.893868],[10.85,31.902555],[10.75,31.8772],[10.65,31.85],[10.65,31.85],[10.65,31.85],[10.745122,31.75],[10.694898,31.65],[10.65,31.562],[10.643617,31.55],[10.65,31.528571],[10.695833,31.45],[10.75,31.395833],[10.85,31.355],[10.856667,31.35],[10.858333,31.25],[10.85,31.221429],[10.836842,31.15],[10.829167,31.05],[10.75,30.990625],[10.65,30.967308],[10.632692,30.95],[10.584483,30.85],[10.60814,30.75],[10.58125,30.65],[10.580435,30.55],[10.65,30.477273],[10.685294,30.45],[10.75,30.371429],[10.767647,30.35],[10.75,30.29],[10.740476,30.25],[10.654,30.15],[10.65,30.141667],[10.609259,30.05],[10.55,29.998387],[10.52973,29.95],[10.55,29.913415],[10.580952,29.85],[10.55,29.814865],[10.452041,29.75],[10.45,29.748649],[10.370652,29.65],[10.35,29.627907],[10.25,29.59375],[10.15,29.555357],[10.05,29.65],[10.05,29.65],[10.05,29.65],[9.95,29.571818],[9.857692,29.55],[9.85,29.548437],[9.847059,29.55],[9.75,29.612264],[9.65,29.591304],[9.55,29.59],[9.45,29.557143],[9.442593,29.55],[9.39,29.45],[9.35,29.43125],[9.25,29.416667],[9.15,29.392105],[9.107895,29.35],[9.05,29.288889],[9.026667,29.25],[9.035714,29.15],[9.015672,29.05],[8.958621,28.95],[8.95,28.935714],[8.85,28.872785],[8.75,28.872727],[8.65,28.867647],[8.55,28.863433],[8.517857,28.85],[8.45,28.817797],[8.35,28.782075],[8.25,28.75],[8.25,28.75],[8.15,28.708182],[8.05,28.677869],[8.0,28.65],[7.95,28.555556],[7.945652,28.55],[7.85,28.495],[7.785294,28.55],[7.75,28.568462],[7.69,28.55],[7.65,28.523333],[7.574138,28.45],[7.65,28.358333],[7.75,28.436667],[7.85,28.426],[7.95,28.422816],[8.05,28.419],[8.15,28.430882],[8.204167,28.45],[8.25,28.473404],[8.35,28.48125],[8.45,28.467241],[8.485714,28.45],[8.48,28.35],[8.55,28.25],[8.65,28.28],[8.75,28.316667],[8.759091,28.35],[8.779167,28.45],[8.801852,28.55],[8.85,28.568056],[8.865476,28.55],[8.95,28.455333],[8.959524,28.45],[8.955556,28.35],[8.95,28.343548],[8.85,28.2875],[8.775,28.25],[8.75,28.216667],[8.734,28.15],[8.75,28.127778],[8.81087,28.05],[8.75,28.001724],[8.661765,27.95],[8.671951,27.85],[8.65,27.785714],[8.634848,27.75],[8.625,27.65],[8.614444,27.55],[8.65,27.5],[8.681373,27.45],[8.75,27.372222],[8.793478,27.35],[8.75,27.25],[8.75,27.25],[8.65,27.18],[8.622727,27.15],[8.65,27.05],[8.55,27.013636],[8.45,26.964286],[8.433333,26.95],[8.35,26.866667],[8.25,26.916667],[8.15,26.938889],[8.05,26.95],[7.95,27.004054],[7.85,27.005556],[7.75,27.026667],[7.65,27.035714],[7.55,27.038235],[7.45,27.032609],[7.35,27.021429],[7.271053,26.95],[7.31,26.85],[7.25,26.836957],[7.231143,26.85],[7.15,26.927174],[7.103846,26.95],[7.05,26.996226],[6.97875,27.05],[6.95,27.075556],[6.9,27.15],[6.85,27.225281],[6.782323,27.15],[6.755128,27.05],[6.75,27.042308],[6.740244,27.05],[6.681915,27.15],[6.65,27.207692],[6.55,27.183333],[6.45,27.186842],[6.420833,27.15],[6.392029,27.05],[6.385366,26.95],[6.384328,26.85],[6.404098,26.75],[6.45,26.68],[6.464118,26.65],[6.520968,26.55],[6.45,26.516154],[6.407692,26.55],[6.35,26.606604],[6.291026,26.65],[6.25,26.691026],[6.222289,26.75],[6.15,26.814516],[6.05,26.844764],[6.045575,26.85],[6.019006,26.95],[5.978916,27.05],[5.95,27.102174],[5.89359,27.15],[5.85,27.212963],[5.769048,27.15],[5.75,27.13],[5.716667,27.15],[5.661765,27.25],[5.65,27.259524],[5.616667,27.25],[5.55,27.205556],[5.45,27.233333],[5.35,27.207143],[5.25,27.183333],[5.155882,27.25],[5.15,27.25625],[5.05,27.29375],[4.95,27.326923],[4.85,27.316667],[4.75,27.291667],[4.65,27.266667],[4.616667,27.25],[4.592857,27.15],[4.65,27.11],[4.69,27.05],[4.65,27.003846],[4.5625,26.95],[4.65,26.9],[4.703846,26.85],[4.683582,26.75],[4.681429,26.65],[4.65,26.597619],[4.622222,26.55],[4.631333,26.45],[4.571429,26.35],[4.55,26.324839],[4.47,26.25],[4.45,26.22563],[4.35,26.181481],[4.313441,26.15],[4.25,26.100833],[4.191905,26.05],[4.15,26.017407],[4.088926,25.95],[4.05,25.897748],[3.95,25.917836],[3.882099,25.95],[3.85,25.992623],[3.801389,26.05],[3.777679,26.15],[3.75,26.188272],[3.697917,26.25],[3.675789,26.35],[3.65,26.382237],[3.586364,26.35],[3.60534,26.25],[3.558621,26.15],[3.568543,26.05],[3.55,25.985632],[3.5,25.95],[3.511039,25.85],[3.45,25.772314],[3.35,25.784848],[3.293902,25.75],[3.264493,25.65],[3.25,25.602381],[3.225556,25.55],[3.2004,25.45],[3.216667,25.35],[3.25,25.3],[3.35,25.275],[3.444286,25.25],[3.438889,25.15],[3.370588,25.05],[3.35,25.011111],[3.25,25.024194],[3.15,24.980952],[3.111842,25.05],[3.05,25.103409],[3.00566,25.05],[3.05,24.978788],[3.109375,24.95],[3.05,24.917797],[2.95,24.9225],[2.85,24.862963],[2.75,24.854706],[2.730952,24.85],[2.65,24.772727],[2.633871,24.75],[2.55,24.681579],[2.535714,24.65],[2.55,24.635366],[2.616038,24.55],[2.65,24.509091],[2.694444,24.45],[2.65,24.392857],[2.59507,24.35],[2.632051,24.25],[2.65,24.235417],[2.733673,24.15],[2.692105,24.05],[2.65,23.961111],[2.643548,23.95],[2.65,23.942857],[2.75,23.863793],[2.775,23.85],[2.85,23.802],[2.942308,23.85],[2.95,23.854545],[2.961111,23.85],[3.016667,23.75],[2.95,23.716667],[2.85,23.698],[2.75,23.698485],[2.65,23.694828],[2.604386,23.65],[2.56092,23.55],[2.55,23.524667],[2.492857,23.45],[2.55,23.389785],[2.65,23.364595],[2.721053,23.35],[2.65,23.310294],[2.6,23.25],[2.65,23.20119],[2.75,23.171374],[2.842793,23.25],[2.85,23.303333],[2.911538,23.25],[2.883333,23.15],[2.85,23.086364],[2.828947,23.05],[2.75,22.984783],[2.702941,22.95],[2.7,22.85],[2.75,22.81],[2.775,22.75],[2.85,22.668182],[2.883333,22.65],[2.95,22.55],[2.95,22.55],[2.992857,22.45],[3.016667,22.35],[3.05,22.305556],[3.085714,22.25],[3.078571,22.15],[3.05,22.1],[3.01,22.05],[2.95,22.042683],[2.872449,21.95],[2.85,21.892105],[2.82037,21.85],[2.85,21.777273],[2.853226,21.75],[2.85,21.675],[2.8,21.65],[2.75,21.616667],[2.71,21.55],[2.65,21.541667],[2.55,21.531818],[2.475,21.45],[2.45,21.4125],[2.35,21.378571],[2.325,21.35],[2.254545,21.25],[2.25,21.244444],[2.216667,21.25],[2.15,21.259091],[2.131818,21.25],[2.05,21.2125],[1.981818,21.15],[1.95,21.0625],[1.943333,21.05],[1.85,20.98],[1.783333,20.95],[1.75,20.935],[1.65,20.858696],[1.625,20.85],[1.55,20.814706],[1.504167,20.75],[1.472727,20.65],[1.45,20.627273],[1.355556,20.55],[1.35,20.547297],[1.25,20.51129],[1.170833,20.45],[1.15,20.432143],[1.061538,20.35],[1.05,20.345082],[0.9775,20.25],[0.95,20.185294],[0.923333,20.15],[0.95,20.102],[1.05,20.052532],[1.061111,20.05],[1.15,19.961111],[1.157407,19.95],[1.15,19.916667],[1.137097,19.85],[1.106923,19.75],[1.069444,19.65],[1.05,19.55],[1.05,19.55],[1.045833,19.45],[1.05,19.421429],[1.070833,19.35],[1.05,19.3],[1.036842,19.25],[1.05,19.228261],[1.086,19.15],[1.089024,19.05],[1.05,19.029747],[0.992727,18.95],[0.993678,18.85],[1.05,18.810163],[1.139091,18.85],[1.15,18.869355],[1.242593,18.95],[1.25,18.955882],[1.272222,18.95],[1.35,18.918182],[1.45,18.881579],[1.55,18.875806],[1.65,18.85],[1.55,18.816667],[1.5,18.75],[1.538889,18.65],[1.55,18.635714],[1.625,18.55],[1.65,18.541667],[1.75,18.512963],[1.823913,18.45],[1.85,18.430645],[1.9,18.45],[1.95,18.496154],[2.05,18.491176],[2.080435,18.45],[2.05,18.419565],[1.996667,18.35],[2.05,18.27],[2.15,18.255882],[2.25,18.322727],[2.35,18.343548],[2.372222,18.35],[2.44375,18.45],[2.45,18.453846],[2.55,18.49],[2.635714,18.55],[2.613636,18.65],[2.65,18.716667],[2.6875,18.75],[2.75,18.793478],[2.85,18.828947],[2.9,18.85],[2.85,18.916667],[2.840909,18.95],[2.85,19.016667],[2.866667,19.05],[2.946,19.15],[2.95,19.157692],[3.05,19.1625],[3.15,19.234615],[3.25,19.225],[3.257143,19.25],[3.3,19.35],[3.32619,19.45],[3.35,19.483333],[3.45,19.55],[3.55,19.574],[3.617857,19.65],[3.620588,19.75],[3.65,19.78125],[3.705556,19.75],[3.75,19.721429],[3.85,19.681818],[3.903846,19.65],[3.95,19.63],[4.05,19.642593],[4.058333,19.65],[4.05,19.675],[4.016667,19.75],[4.05,19.765385],[4.092857,19.75],[4.15,19.723333],[4.25,19.696154],[4.29,19.75],[4.25,19.79],[4.186364,19.85],[4.22,19.95],[4.25,20.0],[4.272785,19.95],[4.35,19.870779],[4.394444,19.85],[4.45,19.775926],[4.503846,19.75],[4.55,19.722727],[4.65,19.75],[4.626,19.85],[4.578947,19.95],[4.55,19.980556],[4.471875,20.05],[4.55,20.130645],[4.65,20.1],[4.680769,20.05],[4.75,19.985714],[4.85,19.990541],[4.878846,19.95],[4.921739,19.85],[4.95,19.827193],[5.036667,19.85],[5.05,19.86],[5.101429,19.95],[5.15,19.98617],[5.231081,20.05],[5.25,20.061475],[5.329412,20.15],[5.35,20.184146],[5.421053,20.25],[5.45,20.2775],[5.472917,20.25],[5.55,20.163953],[5.578571,20.15],[5.6125,20.05],[5.65,19.984783],[5.690541,20.05],[5.683333,20.15],[5.704348,20.25],[5.75,20.327778],[5.85,20.294444],[5.872857,20.25],[5.921154,20.15],[5.929167,20.05],[5.95,19.991176],[6.05,20.016667],[6.063433,20.05],[6.05,20.092857],[6.005556,20.15],[6.034375,20.25],[6.047222,20.35],[6.05,20.355882],[6.134211,20.45],[6.124359,20.55],[6.135,20.65],[6.15,20.725],[6.25,20.68125],[6.35,20.745],[6.45,20.738889],[6.47,20.75],[6.55,20.765385],[6.572222,20.75],[6.65,20.656667],[6.656667,20.65],[6.695455,20.55],[6.75,20.516667],[6.835714,20.55],[6.85,20.564286],[6.855,20.55],[6.95,20.476923],[7.05,20.475],[7.15,20.539474],[7.175,20.55],[7.15,20.6],[7.127778,20.65],[7.05,20.7375],[7.0375,20.75],[7.05,20.7625],[7.15,20.85],[7.192857,20.75],[7.19,20.65],[7.25,20.616667],[7.268182,20.55],[7.261765,20.45],[7.25,20.430645],[7.15,20.360526],[7.083333,20.35],[7.15,20.25],[7.05,20.18],[7.04,20.15],[7.05,20.12],[7.15,20.065152],[7.185714,20.05],[7.25,20.017857],[7.32037,19.95],[7.35,19.928378],[7.45,19.865385],[7.483333,19.85],[7.511364,19.75],[7.55,19.669048],[7.59,19.65],[7.55,19.616667],[7.492857,19.65],[7.45,19.66],[7.438,19.65],[7.423077,19.55],[7.45,19.528788],[7.55,19.483333],[7.564286,19.45],[7.561905,19.35],[7.610976,19.25],[7.615116,19.15],[7.643333,19.05],[7.65,19.016667],[7.683333,18.95],[7.75,18.91129],[7.777143,18.85],[7.784066,18.75],[7.791176,18.65],[7.775,18.55],[7.7625,18.45],[7.75,18.377273],[7.738,18.35],[7.716667,18.25],[7.75,18.225],[7.757692,18.15],[7.75,18.05],[7.65,18.116667],[7.641111,18.05],[7.65,18.030952],[7.75,18.05],[7.76,17.95],[7.759091,17.85],[7.75,17.833333],[7.7375,17.75],[7.75,17.716667],[7.821429,17.65],[7.807692,17.55],[7.805172,17.45],[7.75,17.365789],[7.741892,17.35],[7.743103,17.25],[7.75,17.225],[7.78,17.15],[7.85,17.091667],[7.877778,17.05],[7.95,16.985],[8.05,16.95],[8.05,16.95],[8.15,16.943103],[8.178571,16.95],[8.25,16.957937],[8.35,16.960769],[8.413636,16.95],[8.368557,16.85],[8.35,16.778],[8.332051,16.75],[8.35,16.725862],[8.45,16.667021],[8.55,16.667857],[8.65,16.660811],[8.75,16.677778],[8.85,16.680769],[8.95,16.676667],[9.05,16.6625],[9.15,16.673529],[9.2,16.65],[9.15,16.613636],[9.10625,16.55],[9.05,16.516667],[8.985714,16.45],[8.95,16.425],[8.85,16.371212],[8.75,16.357143],[8.65,16.363333],[8.55,16.41875],[8.508333,16.45],[8.45,16.464286],[8.437273,16.45],[8.397826,16.35],[8.35,16.304167],[8.25,16.288095],[8.15,16.302381],[8.05,16.3375],[8.022727,16.35],[7.95,16.39],[7.85,16.362195],[7.75,16.378],[7.65,16.366393],[7.55,16.366176],[7.45,16.361765],[7.35,16.380769],[7.25,16.37381],[7.15,16.364286],[7.05,16.366667],[6.95,16.386364],[6.87,16.35],[6.85,16.339474],[6.760526,16.25],[6.838889,16.15],[6.75,16.092857],[6.695455,16.05],[6.65,16.03],[6.55,15.970833],[6.53,15.95],[6.55,15.928261],[6.65,15.891176],[6.75,15.904839],[6.85,15.866667],[6.95,15.877586],[7.022727,15.85],[6.95,15.761111],[6.9,15.75],[6.85,15.73],[6.840909,15.75],[6.75,15.787037],[6.65,15.803333],[6.6,15.75],[6.65,15.690741],[6.75,15.6875],[6.81,15.65],[6.85,15.626471],[6.95,15.55],[7.05,15.626923],[7.15,15.633333],[7.25,15.611538],[7.285714,15.65],[7.35,15.690909],[7.442857,15.75],[7.45,15.754167],[7.5,15.75],[7.55,15.74375],[7.57,15.75],[7.65,15.83],[7.661111,15.85],[7.75,15.872857],[7.85,15.874],[7.95,15.897619],[8.05,15.9],[8.15,15.858333],[8.156667,15.85],[8.15,15.8375],[8.08,15.75],[8.05,15.7125],[8.014286,15.65],[7.996154,15.55],[8.025,15.45],[8.05,15.439474],[8.068182,15.45],[8.15,15.531818],[8.25,15.5],[8.35,15.513636],[8.407143,15.55],[8.45,15.6],[8.55,15.575],[8.616667,15.65],[8.65,15.67],[8.75,15.73],[8.777273,15.75],[8.85,15.782],[8.95,15.796154],[9.05,15.764286],[9.15,15.833871],[9.170833,15.85],[9.25,15.926],[9.292857,15.95],[9.35,15.988095],[9.418421,16.05],[9.45,16.074],[9.545,16.15],[9.55,16.155],[9.636364,16.25],[9.65,16.26875],[9.709091,16.35],[9.75,16.4],[9.78913,16.45],[9.85,16.516667],[9.875,16.55],[9.92619,16.65],[9.95,16.7125],[9.97,16.75],[10.001282,16.85],[10.032051,16.95],[10.05,17.05],[10.075,17.15],[10.085294,17.25],[10.11,17.35],[10.106,17.45],[10.0875,17.55],[10.076667,17.65],[10.083333,17.75],[10.09375,17.85],[10.085714,17.95],[10.05,18.021429],[10.033333,18.05],[9.985714,18.15],[9.964286,18.25],[9.966667,18.35],[9.968519,18.45],[9.981579,18.55],[9.991667,18.65],[10.05,18.7375],[10.06,18.75],[10.108333,18.85],[10.116667,18.95],[10.15,19.05],[10.175,19.15],[10.191176,19.25],[10.2,19.35],[10.205556,19.45],[10.216667,19.55],[10.222222,19.65],[10.225,19.75],[10.23,19.85],[10.23,19.95],[10.20625,20.05],[10.16875,20.15],[10.15,20.25],[10.133333,20.35],[10.114706,20.45],[10.120588,20.55],[10.143333,20.65],[10.143333,20.75],[10.15,20.783333],[10.19,20.85],[10.25,20.8875],[10.35,20.938889],[10.366667,20.95],[10.45,21.033333],[10.466667,21.05],[10.55,21.121429],[10.59,21.15],[10.65,21.2],[10.7,21.25],[10.75,21.3],[10.81,21.35],[10.85,21.378571],[10.95,21.405556],[11.05,21.427778],[11.15,21.45],[11.25,21.483333],[11.35,21.468182],[11.416667,21.45],[11.45,21.440909],[11.55,21.43],[11.65,21.45],[11.75,21.41],[11.77069,21.35],[11.85,21.286111],[11.876,21.25],[11.95,21.155128],[11.953333,21.15],[11.996512,21.05],[12.05,21.001064],[12.114865,20.95],[12.15,20.893478],[12.209091,20.95],[12.209184,21.05],[12.25,21.083333],[12.287736,21.05],[12.35,20.997619],[12.387037,20.95],[12.45,20.882895],[12.55,20.85],[12.55,20.85],[12.65,20.797368],[12.731818,20.75],[12.75,20.734615],[12.772222,20.75],[12.85,20.759333],[12.908333,20.75],[12.95,20.694444],[12.967391,20.65],[12.955,20.55],[13.031481,20.45],[13.05,20.408333],[13.15,20.375],[13.170833,20.35],[13.15,20.332143],[13.05,20.327419],[13.020732,20.25],[13.034211,20.15],[13.027778,20.05],[12.95,20.027419],[12.906364,19.95],[12.95,19.879412],[13.05,19.868182],[13.15,19.908824],[13.180435,19.95],[13.183333,20.05],[13.15,20.12],[13.11,20.15],[13.15,20.17069],[13.25,20.210417],[13.326,20.25],[13.35,20.285294],[13.386667,20.35],[13.35,20.402381],[13.291176,20.45],[13.35,20.526923],[13.361538,20.55],[13.45,20.576136],[13.55,20.613768],[13.613768,20.55],[13.65,20.49898],[13.75,20.470339],[13.85,20.503763],[13.902439,20.55],[13.940805,20.65],[13.85,20.721171],[13.75,20.744505],[13.704545,20.75],[13.664706,20.85],[13.705556,20.95],[13.671951,21.05],[13.65,21.092857],[13.621429,21.15],[13.644118,21.25],[13.65,21.265385],[13.75,21.273333],[13.785,21.25],[13.85,21.209375],[13.926,21.15],[13.937879,21.05],[13.95,21.043846],[13.964815,21.05],[14.05,21.104762],[14.132609,21.15],[14.083333,21.25],[14.05,21.278571],[13.95,21.35],[13.880769,21.45],[13.85,21.53],[13.84375,21.55],[13.85,21.57],[13.95,21.5875],[14.05,21.619231],[14.15,21.65],[14.25,21.711538],[14.267241,21.75],[14.272581,21.85],[14.35,21.913158],[14.427778,21.95],[14.45,21.962121],[14.546667,22.05],[14.55,22.055882],[14.555556,22.05],[14.569355,21.95],[14.55,21.875],[14.538235,21.85],[14.541304,21.75],[14.4875,21.65],[14.45,21.575],[14.439474,21.55],[14.45,21.51],[14.4875,21.45],[14.55,21.366667],[14.566667,21.35],[14.65,21.278571],[14.661111,21.25],[14.69,21.15],[14.75,21.123913],[14.839474,21.05],[14.81,20.95],[14.85,20.895455],[14.933333,20.85],[14.95,20.835714],[14.99,20.75],[14.99,20.65],[14.95,20.592857],[14.89,20.55],[14.89,20.45],[14.95,20.4125],[15.005556,20.35],[14.97,20.25],[15.0125,20.15],[15.05,20.09],[15.072222,20.05],[15.05,19.983333],[15.04,19.95],[15.05,19.933333],[15.072727,19.85],[15.14375,19.75],[15.069048,19.65],[15.05,19.628947],[14.978571,19.55],[14.95,19.514706],[14.892105,19.45],[14.85,19.383333],[14.816667,19.35],[14.775,19.25],[14.85,19.23],[14.892857,19.25],[14.95,19.283333],[15.05,19.272222],[15.116667,19.25],[15.15,19.2],[15.2,19.15],[15.25,19.1375],[15.35,19.140909],[15.45,19.1375],[15.55,19.13],[15.65,19.145833],[15.675,19.15],[15.75,19.161111],[15.85,19.166],[15.95,19.216667],[16.05,19.158889],[16.15,19.202381],[16.25,19.24375],[16.35,19.151852],[16.45,19.157143],[16.536667,19.25],[16.55,19.266667],[16.564286,19.25],[16.621429,19.15],[16.65,19.128947],[16.75,19.073256],[16.85,19.08913],[16.877273,19.05],[16.95,18.988462],[17.0,18.95],[17.038235,18.85],[17.05,18.821429],[17.15,18.85],[17.25,18.925],[17.31,18.85],[17.35,18.826],[17.45,18.788889],[17.534615,18.85],[17.55,18.859091],[17.65,18.907143],[17.75,18.9],[17.85,18.945652],[17.854762,18.95],[17.95,18.985714],[18.042308,19.05],[18.05,19.053659],[18.1,19.05],[18.15,19.039655],[18.25,19.043939],[18.255556,19.05],[18.35,19.130952],[18.37,19.15],[18.45,19.212745],[18.55,19.240164],[18.569355,19.25],[18.65,19.276596],[18.736207,19.25],[18.75,19.243333],[18.798276,19.15],[18.85,19.075],[18.873256,19.05],[18.95,18.993103],[19.05,18.962903],[19.086364,18.95],[19.15,18.932278],[19.181818,18.95],[19.25,19.002632],[19.296552,19.05],[19.35,19.143939],[19.3525,19.15],[19.35,19.156897],[19.314,19.25],[19.35,19.311364],[19.369101,19.35],[19.35,19.376154],[19.255556,19.35],[19.25,19.347959],[19.246154,19.35],[19.25,19.361111],[19.264286,19.45],[19.35,19.527419],[19.4,19.55],[19.45,19.573333],[19.55,19.6],[19.629592,19.55],[19.65,19.535714],[19.740909,19.55],[19.75,19.551818],[19.755263,19.55],[19.75,19.533333],[19.742308,19.45],[19.75,19.441379],[19.8125,19.45],[19.85,19.464286],[19.95,19.473404],[20.05,19.480909],[20.15,19.49],[20.25,19.508824],[20.279167,19.55],[20.35,19.65],[20.45,19.703333],[20.55,19.71875],[20.65,19.730952],[20.678571,19.75],[20.75,19.85],[20.802632,19.75],[20.771951,19.65],[20.75,19.6125],[20.65,19.576087],[20.61,19.55],[20.65,19.523913],[20.75,19.505882],[20.85,19.48913],[20.95,19.513889],[20.991935,19.55],[21.05,19.60625],[21.103846,19.65],[21.15,19.691379],[21.215385,19.75],[21.25,19.797368],[21.271951,19.75],[21.25,19.66],[21.242308,19.65],[21.21,19.55],[21.159804,19.45],[21.15,19.430769],[21.08,19.35],[21.05,19.285714],[21.0375,19.25],[21.05,19.233871],[21.124286,19.15],[21.05,19.075714],[20.95,19.051695],[20.942308,19.05],[20.95,19.046667],[21.024359,18.95],[21.05,18.925],[21.15,18.907627],[21.242593,18.95],[21.231818,19.05],[21.25,19.057143],[21.35,19.05],[21.35,19.05],[21.45,19.05],[21.55,19.038235],[21.65,19.014706],[21.75,18.961111],[21.777586,18.95],[21.85,18.854545],[21.852439,18.85],[21.85,18.816667],[21.75,18.7875],[21.723913,18.75],[21.65,18.660526],[21.625,18.65],[21.55,18.6125],[21.5,18.65],[21.45,18.68],[21.35,18.67069],[21.264286,18.65],[21.25,18.644444],[21.193333,18.55],[21.15,18.527966],[21.119048,18.55],[21.127551,18.65],[21.05,18.714407],[20.95,18.727027],[20.85,18.715517],[20.75,18.688889],[20.65,18.736364],[20.55,18.65],[20.55,18.65],[20.55,18.65],[20.65,18.6025],[20.734,18.55],[20.75,18.546262],[20.85,18.473437],[20.883333,18.45],[20.95,18.420297],[21.05,18.437097],[21.15,18.398889],[21.25,18.386364],[21.35,18.396154],[21.435714,18.35],[21.45,18.347959],[21.55,18.321429],[21.65,18.277419],[21.75,18.292553],[21.85,18.256122],[21.865,18.25],[21.95,18.195161],[22.05,18.152941],[22.061111,18.15],[22.05,18.133333],[22.0,18.05],[22.05,17.978571],[22.15,17.95],[22.05,17.9375],[21.95,17.938],[21.85,17.898148],[21.75,17.877586],[21.65,17.892857],[21.55,17.911538],[21.45,17.911702],[21.35,17.913636],[21.25,17.940278],[21.215,17.95],[21.15,17.970312],[21.05,17.964815],[21.027143,17.95],[20.95,17.865625],[20.932143,17.85],[20.95,17.808333],[20.959722,17.75],[21.05,17.695378],[21.094262,17.65],[21.112105,17.55],[21.136538,17.45],[21.095,17.35],[21.15,17.28125],[21.19878,17.25],[21.25,17.172222],[21.35,17.153448],[21.353922,17.15],[21.35,17.145745],[21.25,17.1],[21.214706,17.05],[21.25,17.0125],[21.280303,16.95],[21.277778,16.85],[21.35,16.75],[21.35,16.75],[21.4,16.65],[21.35,16.604545],[21.29,16.55],[21.25,16.516667],[21.15,16.483333],[21.134615,16.45],[21.15,16.41],[21.18,16.35],[21.15,16.32],[21.1,16.25],[21.075,16.15],[21.080769,16.05],[21.104545,15.95],[21.15,15.904545],[21.1875,15.85],[21.16,15.75],[21.15,15.73],[21.127778,15.65],[21.125,15.55],[21.116667,15.45],[21.05,15.35],[21.05,15.35],[21.03,15.25],[21.05,15.183333],[21.058333,15.15],[21.05,15.146429],[20.978947,15.05],[21.05,14.962903],[21.060256,14.95],[21.05,14.934615],[20.979032,14.85],[20.95,14.76],[20.942308,14.75],[20.916667,14.65],[20.874138,14.55],[20.85,14.50625],[20.818966,14.45],[20.816667,14.35],[20.75,14.26],[20.740909,14.25],[20.716667,14.15],[20.666949,14.05],[20.65,14.015517],[20.604762,13.95],[20.561364,13.85],[20.55,13.834127],[20.493011,13.75],[20.55,13.669697],[20.65,13.687037],[20.733333,13.65],[20.722727,13.55],[20.65,13.529221],[20.579885,13.45],[20.602632,13.35],[20.65,13.287209],[20.716667,13.25],[20.65,13.155882],[20.647297,13.15],[20.65,13.14375],[20.715217,13.05],[20.75,13.025758],[20.85,12.956383],[20.865789,12.95],[20.85,12.875],[20.845455,12.85],[20.85,12.845833],[20.95,12.818],[21.05,12.805556],[21.068519,12.75],[21.075,12.65],[21.058571,12.55],[21.05,12.538889],[20.95,12.503846],[20.918182,12.45],[20.85,12.405882],[20.8025,12.35],[20.75,12.29878],[20.678571,12.25],[20.653226,12.15],[20.75,12.066667],[20.773077,12.05],[20.85,11.994444],[20.916667,11.95],[20.912857,11.85],[20.95,11.785],[21.018421,11.85],[21.05,11.876087],[21.104545,11.85],[21.15,11.811538],[21.25,11.774],[21.323077,11.85],[21.341176,11.95],[21.35,11.975],[21.425,11.95],[21.45,11.916667],[21.49,11.85],[21.55,11.79],[21.59,11.75],[21.65,11.726923],[21.75,11.665385],[21.768182,11.65],[21.85,11.597059],[21.897059,11.55],[21.926471,11.45],[21.95,11.35],[22.05,11.383333],[22.15,11.375],[22.177273,11.35],[22.21875,11.25],[22.18,11.15],[22.25,11.094],[22.3375,11.15],[22.35,11.163333],[22.378571,11.15],[22.45,11.11875],[22.55,11.09],[22.588095,11.05],[22.65,10.96875],[22.692857,10.95],[22.65,10.932353],[22.58,10.85],[22.55,10.803846],[22.50625,10.75],[22.45,10.715385],[22.395161,10.65],[22.415,10.55],[22.45,10.531579],[22.475926,10.55],[22.55,10.595455],[22.65,10.6275],[22.75,10.62],[22.8375,10.55],[22.759091,10.45],[22.85,10.403846],[22.95,10.404386],[23.046296,10.45],[23.05,10.452564],[23.15,10.5],[23.25,10.544737],[23.259091,10.55],[23.35,10.585714],[23.45,10.6],[23.483333,10.55],[23.55,10.513636],[23.65,10.494444],[23.75,10.45],[23.675,10.35],[23.65,10.346],[23.55,10.3425],[23.45,10.339474],[23.35,10.315517],[23.263636,10.25],[23.25,10.207143],[23.225,10.15],[23.175,10.05],[23.154,9.95],[23.15,9.943333],[23.13,9.95],[23.05,9.976667],[22.997619,10.05],[22.95,10.09],[22.85,10.114],[22.797059,10.15],[22.75,10.211538],[22.7375,10.25],[22.65,10.306452],[22.552778,10.25],[22.63,10.15],[22.65,10.120588],[22.676667,10.05],[22.65,10.003846],[22.619565,9.95],[22.563793,9.85],[22.55,9.845745],[22.45,9.839474],[22.4075,9.75],[22.380952,9.65],[22.378261,9.55],[22.386585,9.45],[22.45,9.363333],[22.465385,9.35],[22.45,9.328947],[22.35,9.32907],[22.25,9.307692],[22.202174,9.35],[22.15,9.394444],[22.103846,9.35],[22.115385,9.25],[22.057317,9.15],[22.05,9.12],[22.013158,9.05],[21.95,8.995455],[21.897368,8.95],[21.875,8.85],[21.85,8.82037],[21.770833,8.75],[21.75,8.740385],[21.714286,8.75],[21.65,8.790909],[21.55,8.75],[21.55,8.75],[21.45,8.708065],[21.35,8.692424],[21.25,8.732796],[21.178704,8.65],[21.15,8.616304],[21.110759,8.65],[21.05,8.722727],[20.972581,8.65],[20.990244,8.55],[20.95,8.460811],[20.85,8.55],[20.75,8.645876],[20.744737,8.65],[20.682692,8.75],[20.65,8.788636],[20.619091,8.75],[20.55,8.697945],[20.45,8.658333],[20.35,8.739362],[20.25,8.709701],[20.15,8.748182],[20.05,8.726923],[20.005128,8.65],[20.041,8.55],[20.05,8.539888],[20.1,8.55],[20.15,8.557692],[20.173077,8.55],[20.25,8.51],[20.306604,8.55],[20.35,8.585385],[20.45,8.63],[20.45708,8.55],[20.45,8.5],[20.35,8.47069],[20.338235,8.45],[20.35,8.435714],[20.45,8.438571],[20.47963,8.45],[20.55,8.465323],[20.57375,8.45],[20.579825,8.35],[20.65,8.255882],[20.65495,8.25],[20.65,8.235294],[20.611842,8.15],[20.65,8.110811],[20.71338,8.05],[20.713514,7.95],[20.75,7.885714],[20.76875,7.85],[20.85,7.759722],[20.858235,7.75],[20.878571,7.65],[20.85,7.567241],[20.836842,7.55],[20.85,7.504545],[20.862766,7.45],[20.85,7.439831],[20.816667,7.45],[20.75,7.476667],[20.65,7.489683],[20.557407,7.45],[20.55,7.440909],[20.45,7.382258],[20.378571,7.35],[20.35,7.321429],[20.316667,7.25],[20.35,7.204545],[20.45,7.219231],[20.55,7.216667],[20.59375,7.25],[20.65,7.278125],[20.683333,7.25],[20.733333,7.15],[20.658333,7.05],[20.65,7.043103],[20.55,6.9825],[20.516667,6.95],[20.496154,6.85],[20.45,6.83],[20.375,6.85],[20.35,6.866],[20.33,6.85],[20.25,6.82193],[20.15,6.766667],[20.05,6.825806],[20.02619,6.85],[20.05,6.918182],[20.063462,6.95],[20.05,6.967949],[19.991818,7.05],[19.95,7.084848],[19.87037,7.15],[19.85,7.167187],[19.785294,7.15],[19.75,7.11],[19.7125,7.05],[19.65,7.015116],[19.58,6.95],[19.55,6.918421],[19.45,6.89],[19.439474,6.85],[19.45,6.833333],[19.493478,6.75],[19.472727,6.65],[19.45,6.62619],[19.35,6.621429],[19.326471,6.65],[19.2575,6.75],[19.25,6.756522],[19.152273,6.85],[19.15,6.851852],[19.1375,6.85],[19.12,6.75],[19.15,6.69],[19.181579,6.65],[19.15,6.625],[19.055263,6.55],[19.05,6.540909],[19.0,6.55],[18.991176,6.65],[18.95,6.679167],[18.85,6.716667],[18.792857,6.75],[18.75,6.825],[18.65,6.75],[18.55,6.781818],[18.45,6.7975],[18.388235,6.85],[18.35,6.873636],[18.295833,6.85],[18.321429,6.75],[18.35,6.719231],[18.419231,6.65],[18.45,6.57],[18.455405,6.55],[18.513636,6.45],[18.45,6.408824],[18.35,6.358],[18.335714,6.35],[18.35,6.325],[18.366216,6.25],[18.35,6.2],[18.275,6.25],[18.25,6.264286],[18.222093,6.35],[18.15,6.438571],[18.119231,6.45],[18.058108,6.55],[18.05,6.65],[18.05,6.65],[18.05,6.65],[18.026923,6.55],[17.975,6.45],[17.95,6.426923],[17.934211,6.45],[17.85,6.497059],[17.807895,6.45],[17.75,6.365385],[17.7,6.35],[17.65,6.340244],[17.583333,6.35],[17.55,6.359524],[17.45,6.425],[17.35,6.442453],[17.325,6.45],[17.35,6.47],[17.395714,6.55],[17.45,6.65],[17.55,6.712162],[17.627778,6.75],[17.65,6.783333],[17.671622,6.85],[17.65,6.916667],[17.55,6.941667],[17.45,6.935294],[17.35,6.9025],[17.25,6.8875],[17.184783,6.95],[17.232258,7.05],[17.186207,7.15],[17.171429,7.25],[17.25,7.305],[17.328261,7.35],[17.25,7.414286],[17.15,7.387931],[17.083333,7.35],[17.05,7.306],[16.95,7.294186],[16.85,7.286957],[16.760526,7.25],[16.75,7.242],[16.743548,7.25],[16.698276,7.35],[16.65,7.385897],[16.553846,7.45],[16.55,7.457143],[16.544118,7.45],[16.45,7.425385],[16.35,7.375],[16.253571,7.45],[16.25,7.457692],[16.15,7.55],[16.19359,7.65],[16.15,7.744444],[16.146154,7.75],[16.119231,7.85],[16.084375,7.95],[16.15,8.0],[16.213636,8.05],[16.25,8.08],[16.35,8.126471],[16.377586,8.15],[16.35,8.166327],[16.25,8.25],[16.15,8.325556],[16.092373,8.25],[16.05,8.171875],[16.0375,8.15],[16.013415,8.05],[15.95,7.973529],[15.931395,7.95],[15.8925,7.85],[15.85,7.816667],[15.75,7.75],[15.75,7.75],[15.65,7.748571],[15.55,7.705556],[15.477273,7.75],[15.55,7.779091],[15.65,7.8],[15.652632,7.85],[15.655263,7.95],[15.704839,8.05],[15.65,8.0925],[15.55,8.112791],[15.45,8.090909],[15.409375,8.15],[15.398077,8.25],[15.353125,8.35],[15.45,8.433784],[15.49,8.45],[15.45,8.4875],[15.35,8.544118],[15.344737,8.55],[15.25,8.635714],[15.15,8.60102],[15.080556,8.55],[15.15,8.460714],[15.158571,8.45],[15.15,8.43],[15.12,8.35],[15.097692,8.25],[15.05,8.208667],[14.95,8.201852],[14.85,8.239116],[14.75,8.207353],[14.65,8.165038],[14.55,8.155674],[14.534906,8.15],[14.45,8.127273],[14.35,8.113021],[14.25,8.145531],[14.15,8.106738],[14.05,8.06129],[13.98,8.05],[13.95,8.048154],[13.85,8.018966],[13.75,7.951471],[13.65,7.978333],[13.582813,8.05],[13.638406,8.15],[13.603488,8.25],[13.55,8.340789],[13.546535,8.35],[13.45,8.415],[13.399275,8.45],[13.35,8.507303],[13.25,8.525862],[13.15,8.547738],[13.142857,8.55],[13.05,8.575692],[13.025564,8.55],[13.05,8.510123],[13.08121,8.45],[13.06875,8.35],[13.15,8.268495],[13.240769,8.25],[13.25,8.239831],[13.35,8.151639],[13.355128,8.15],[13.396753,8.05],[13.371495,7.95],[13.35,7.931301],[13.25,7.887624],[13.17549,7.85],[13.15,7.843085],[13.05,7.84023],[13.041146,7.85],[12.95,7.943583],[12.937368,7.95],[12.85,8.008042],[12.75,8.008654],[12.65,7.953846],[12.557407,8.05],[12.55,8.058],[12.530952,8.05],[12.45,7.979167],[12.425,7.95],[12.35,7.910377],[12.306164,7.85],[12.257071,7.75],[12.25,7.746335],[12.243137,7.75],[12.196753,7.85],[12.15,7.912069],[12.1225,7.95],[12.067241,8.05],[12.126471,8.15],[12.126768,8.25],[12.149351,8.35],[12.05,8.449351],[12.048864,8.45],[12.031818,8.55],[12.018908,8.65],[11.95,8.738172],[11.934932,8.75],[11.85,8.802101],[11.809859,8.85],[11.777559,8.95],[11.75,9.027778],[11.65,8.971429],[11.646154,8.95],[11.55,8.906395],[11.520517,8.85],[11.483486,8.75],[11.475081,8.65],[11.55,8.591772],[11.586996,8.55],[11.65,8.451404],[11.651047,8.45],[11.663306,8.35],[11.65,8.3412],[11.55,8.258108],[11.546774,8.25],[11.55,8.241781],[11.600376,8.15],[11.6075,8.05],[11.65,7.990351],[11.75,7.987984],[11.842453,7.95],[11.785714,7.85],[11.85,7.772047],[11.86761,7.75],[11.88271,7.65],[11.85,7.633834],[11.75,7.647071],[11.74769,7.65],[11.65,7.743375],[11.568681,7.65],[11.55,7.606688],[11.497953,7.55],[11.500704,7.45],[11.494385,7.35],[11.472105,7.25],[11.45,7.239147],[11.36199,7.15],[11.35,7.100526],[11.310833,7.15],[11.25,7.193713],[11.202525,7.25],[11.190426,7.35],[11.24214,7.45],[11.25,7.462162],[11.35,7.512687],[11.397771,7.55],[11.357407,7.65],[11.357692,7.75],[11.35,7.755085],[11.337755,7.75],[11.25,7.700289],[11.177731,7.75],[11.15,7.761149],[11.138298,7.75],[11.112868,7.65],[11.05,7.598494],[10.975974,7.65],[10.95,7.669868],[10.86295,7.75],[10.85,7.760557],[10.75,7.802941],[10.697522,7.75],[10.676891,7.65],[10.651266,7.55],[10.65,7.549259],[10.587674,7.45],[10.632828,7.35],[10.65,7.332353],[10.75,7.262222],[10.765566,7.25],[10.821548,7.15],[10.85,7.081313],[10.859366,7.05],[10.877288,6.95],[10.857962,6.85],[10.85,6.826016],[10.772727,6.75],[10.75,6.742109],[10.727083,6.75],[10.65,6.8425],[10.645677,6.85],[10.55,6.926852],[10.452913,6.95],[10.45,6.95131],[10.382335,7.05],[10.35,7.092688],[10.271168,7.05],[10.284317,6.95],[10.25,6.92156],[10.15,6.86027],[10.05,6.936207],[9.97,6.95],[9.95,6.952083],[9.945,6.95],[9.95,6.939655],[9.975743,6.85],[9.95,6.81338],[9.933755,6.75],[9.85,6.691414],[9.75,6.675581],[9.721795,6.65],[9.693235,6.55],[9.75,6.490062],[9.820492,6.45],[9.75,6.35],[9.75,6.35],[9.65,6.340823],[9.633237,6.35],[9.55,6.407371],[9.470741,6.45],[9.45,6.468182],[9.422549,6.55],[9.35,6.618378],[9.25,6.57699],[9.217364,6.55],[9.25,6.45],[9.25,6.45],[9.286446,6.35],[9.35,6.275044],[9.375,6.25],[9.45,6.184215],[9.511111,6.15],[9.542573,6.05],[9.55,5.998148],[9.557008,5.95],[9.65,5.865441],[9.670724,5.85],[9.699117,5.75],[9.75,5.709664],[9.85,5.695401],[9.887662,5.65],[9.859953,5.55],[9.85,5.527895],[9.791847,5.45],[9.752358,5.35],[9.75,5.347512],[9.65,5.257254],[9.642857,5.25],[9.55,5.181061],[9.471905,5.15],[9.461407,5.05],[9.55,4.954115],[9.552315,4.95],[9.598829,4.85],[9.65,4.772727],[9.75,4.767773],[9.85,4.816667],[9.95,4.806159],[10.05,4.83755],[10.084831,4.85],[10.05,4.95],[10.15,4.963052],[10.229268,4.95],[10.25,4.929762],[10.288636,4.95],[10.35,4.958359],[10.36,4.95],[10.45,4.891727],[10.533254,4.85],[10.55,4.838487],[10.634858,4.75],[10.65,4.683333],[10.657619,4.65],[10.65,4.637879],[10.55,4.605513],[10.45,4.584937],[10.413135,4.55],[10.35,4.474538],[10.306944,4.45],[10.25,4.375455],[10.240094,4.35],[10.25,4.326136],[10.307511,4.25],[10.35,4.21413],[10.422263,4.25],[10.45,4.261987],[10.55,4.252586],[10.552069,4.25],[10.65,4.182381],[10.75,4.219919],[10.85,4.236517],[10.895283,4.25],[10.95,4.326316],[10.959,4.35],[11.027778,4.45],[11.05,4.515517],[11.078571,4.55],[11.146212,4.65],[11.15,4.66],[11.21,4.75],[11.25,4.786145],[11.310227,4.85],[11.335577,4.95],[11.35,4.956276],[11.45,4.969643],[11.507895,4.95],[11.545652,4.85],[11.55,4.836667],[11.55922,4.75],[11.55,4.713889],[11.519737,4.65],[11.543878,4.55],[11.55,4.54],[11.599091,4.45],[11.65,4.387778],[11.686957,4.35],[11.65,4.289286],[11.6,4.25],[11.55,4.234932],[11.53625,4.25],[11.530556,4.35],[11.45,4.403704],[11.35,4.359195],[11.343162,4.35],[11.338889,4.25],[11.25,4.158571],[11.239091,4.15],[11.15,4.083784],[11.12449,4.05],[11.07268,3.95],[11.05,3.913333],[10.991538,3.85],[10.99106,3.75],[10.95,3.71],[10.882117,3.65],[10.891848,3.55],[10.862162,3.45],[10.85,3.4125],[10.75,3.390426],[10.65,3.368343],[10.630503,3.35],[10.65,3.266216],[10.75,3.290625],[10.760744,3.25],[10.750926,3.15],[10.75,3.145652],[10.73087,3.05],[10.673256,2.95],[10.65,2.921591],[10.586041,2.85],[10.55,2.818444],[10.4625,2.75],[10.45,2.743189],[10.35,2.676688],[10.327926,2.65],[10.304608,2.55],[10.263514,2.45],[10.35,2.4244],[10.376667,2.45],[10.45,2.515672],[10.520769,2.55],[10.55,2.567593],[10.588776,2.55],[10.594898,2.45],[10.575,2.35],[10.55,2.32037],[10.45,2.251639],[10.448765,2.25],[10.45,2.244737],[10.55,2.217241],[10.615,2.15],[10.644286,2.05],[10.625,1.95],[10.65,1.923684],[10.692553,1.95],[10.75,1.976471],[10.85,1.967172],[10.866667,1.95],[10.85,1.898485],[10.82377,1.85],[10.75,1.79375],[10.65,1.792268],[10.55,1.788272],[10.45,1.822358],[10.410465,1.85],[10.35,1.878415],[10.323604,1.85],[10.25,1.77246],[10.232128,1.75],[10.15,1.682517],[10.120662,1.65],[10.05,1.553863],[10.046667,1.55],[9.99,1.45],[10.020833,1.35],[10.05,1.332051],[10.15,1.328495],[10.25,1.323333],[10.261282,1.25],[10.25,1.212712],[10.2204,1.15],[10.201948,1.05],[10.198023,0.95],[10.25,0.893558],[10.288798,0.85],[10.313636,0.75],[10.301598,0.65],[10.35,0.555357],[10.356667,0.55],[10.45,0.48913],[10.535714,0.45],[10.55,0.442562],[10.65,0.408621],[10.75,0.434375],[10.757092,0.45],[10.768033,0.55],[10.8004,0.65],[10.828261,0.75],[10.841667,0.85],[10.85,0.9],[10.875,0.95],[10.95,1.037097],[11.05,0.97],[11.063793,0.95],[11.096296,0.85],[11.15,0.759375],[11.161111,0.75],[11.186957,0.65],[11.25,0.618132],[11.35,0.615741],[11.45,0.637879],[11.519565,0.65],[11.55,0.667949],[11.632051,0.75],[11.65,0.82],[11.71,0.85],[11.75,0.8625],[11.752985,0.85],[11.81087,0.75],[11.829545,0.65],[11.815517,0.55],[11.85,0.5],[11.95,0.55],[12.05,0.627778],[12.069048,0.65],[12.05,0.686364],[12.020833,0.75],[12.05,0.788889],[12.087931,0.85],[12.05,0.905],[12.016667,0.95],[12.05,1.019231],[12.15,1.05],[12.178571,1.15],[12.25,1.2125],[12.325,1.25],[12.35,1.35],[12.359524,1.25],[12.35,1.183333],[12.340909,1.15],[12.35,1.141667],[12.45,1.055263],[12.55,1.063636],[12.592857,1.05],[12.613636,0.95],[12.571429,0.85],[12.55,0.8125],[12.516667,0.75],[12.457407,0.65],[12.45,0.638235],[12.413415,0.55],[12.4375,0.45],[12.45,0.435],[12.55,0.391667],[12.65,0.423684],[12.733333,0.45],[12.75,0.483333],[12.765385,0.55],[12.83,0.65],[12.79,0.75],[12.757143,0.85],[12.75,0.95],[12.716667,1.05],[12.75,1.068182],[12.775,1.05],[12.85,1.003846],[12.896154,1.05],[12.932353,1.15],[12.942308,1.25],[12.95,1.252703],[12.952857,1.25],[13.05,1.165],[13.059524,1.15],[13.061628,1.05],[13.052564,0.95],[13.05,0.85],[13.05,0.85],[13.05,0.85],[13.15,0.759091],[13.17,0.75],[13.2,0.65],[13.15,0.566667],[13.094444,0.65],[13.05,0.73],[13.01,0.65],[13.0375,0.55],[12.95,0.5],[12.8625,0.45],[12.85,0.445238],[12.763043,0.35],[12.75,0.3],[12.716667,0.25],[12.75,0.235],[12.85,0.174],[12.8875,0.15],[12.891667,0.05],[12.904545,-0.05],[12.95,-0.067544],[13.05,-0.1125],[13.068,-0.15],[13.15,-0.230392],[13.25,-0.25],[13.25,-0.25],[13.317742,-0.35],[13.313158,-0.45],[13.35,-0.469444],[13.363462,-0.45],[13.365152,-0.35],[13.45,-0.278205],[13.486066,-0.25],[13.45,-0.221795],[13.358197,-0.15],[13.45,-0.100877],[13.55,-0.108511],[13.594828,-0.15],[13.65,-0.187795],[13.724528,-0.25],[13.744444,-0.35],[13.75,-0.358738],[13.768367,-0.35],[13.85,-0.266667],[13.878571,-0.25],[13.928261,-0.15],[13.95,-0.123684],[14.021795,-0.05],[14.033333,0.05],[13.976531,0.15],[14.038,0.25],[14.02381,0.35],[14.05,0.37973],[14.15,0.411017],[14.25,0.4275],[14.35,0.448276],[14.45,0.433784],[14.55,0.380508],[14.60625,0.35],[14.65,0.318182],[14.713636,0.35],[14.75,0.392105],[14.814706,0.45],[14.75,0.463415],[14.65,0.4625],[14.566667,0.55],[14.603448,0.65],[14.61748,0.75],[14.65,0.83],[14.67381,0.85],[14.75,0.899231],[14.800769,0.95],[14.77,1.05],[14.75,1.140476],[14.736667,1.15],[14.75,1.154878],[14.8475,1.25],[14.85,1.254],[14.88871,1.35],[14.875424,1.45],[14.85,1.505556],[14.75,1.483708],[14.656349,1.55],[14.65,1.555556],[14.559333,1.65],[14.588732,1.75],[14.55,1.815476],[14.517778,1.85],[14.540566,1.95],[14.55,1.963158],[14.597826,2.05],[14.55,2.15],[14.500877,2.25],[14.55,2.282558],[14.65,2.256173],[14.679412,2.25],[14.75,2.232609],[14.85,2.233824],[14.868966,2.25],[14.95,2.293119],[15.05,2.315079],[15.084375,2.35],[15.15,2.423684],[15.176786,2.45],[15.200862,2.55],[15.17987,2.65],[15.15,2.687097],[15.067021,2.75],[15.100667,2.85],[15.15,2.930435],[15.25,2.935294],[15.35,2.937234],[15.383333,2.95],[15.45,2.963953],[15.475532,2.95],[15.508242,2.85],[15.55,2.75],[15.45,2.676562],[15.382,2.65],[15.38913,2.55],[15.354,2.45],[15.35,2.448413],[15.25,2.397436],[15.203165,2.35],[15.25,2.272917],[15.35,2.258824],[15.45,2.312069],[15.496809,2.35],[15.55,2.388462],[15.65,2.402239],[15.691026,2.45],[15.75,2.515714],[15.778235,2.55],[15.75,2.642308],[15.7375,2.65],[15.724468,2.75],[15.714706,2.85],[15.75,2.87],[15.801064,2.95],[15.826842,3.05],[15.797059,3.15],[15.85,3.17236],[15.95,3.150909],[16.05,3.217949],[16.091667,3.25],[16.05,3.315789],[16.040647,3.35],[16.019444,3.45],[15.953077,3.55],[15.988824,3.65],[16.007658,3.75],[15.992353,3.85],[15.95,3.908065],[15.895455,3.85],[15.891284,3.75],[15.91413,3.65],[15.85,3.605639],[15.75,3.595783],[15.716165,3.65],[15.685714,3.75],[15.75,3.838525],[15.768919,3.85],[15.792222,3.95],[15.832857,4.05],[15.85,4.08871],[15.95,4.095455],[16.05,4.138235],[16.054444,4.15],[16.1175,4.25],[16.128571,4.35],[16.125806,4.45],[16.15,4.501724],[16.175862,4.45],[16.23,4.35],[16.25,4.341429],[16.321111,4.25],[16.334,4.15],[16.255882,4.05],[16.285065,3.95],[16.25,3.856897],[16.15,3.859091],[16.142453,3.85],[16.101087,3.75],[16.15,3.658163],[16.156061,3.65],[16.161538,3.55],[16.15,3.525],[16.111972,3.45],[16.15,3.368182],[16.177273,3.35],[16.222917,3.25],[16.25,3.220455],[16.272414,3.25],[16.33,3.35],[16.35,3.355634],[16.365385,3.35],[16.428947,3.25],[16.426543,3.15],[16.435714,3.05],[16.45,2.9875],[16.55,2.978302],[16.602055,3.05],[16.632857,3.15],[16.65,3.163636],[16.660169,3.15],[16.7,3.05],[16.75,3.002703],[16.80303,3.05],[16.85,3.103448],[16.941176,3.05],[16.95,3.045],[16.956122,3.05],[16.972727,3.15],[16.95,3.17381],[16.85,3.212791],[16.75,3.248148],[16.747436,3.25],[16.75,3.254762],[16.787037,3.35],[16.85,3.408621],[16.9,3.45],[16.95,3.501064],[17.016667,3.45],[17.05,3.408621],[17.080769,3.45],[17.15,3.494262],[17.244444,3.55],[17.15,3.616667],[17.05,3.609322],[16.986842,3.65],[17.05,3.673529],[17.15,3.676154],[17.25,3.66],[17.267308,3.75],[17.25,3.777273],[17.15,3.83],[17.126923,3.85],[17.15,3.867391],[17.25,3.877586],[17.314865,3.85],[17.35,3.826786],[17.381707,3.85],[17.39375,3.95],[17.35,3.982813],[17.282813,4.05],[17.25,4.1025],[17.224324,4.15],[17.25,4.205882],[17.35,4.17439],[17.39,4.15],[17.45,4.0875],[17.533333,4.15],[17.55,4.21],[17.554286,4.15],[17.554918,4.05],[17.559804,3.95],[17.65,3.856122],[17.683333,3.85],[17.75,3.841667],[17.85,3.831132],[17.891667,3.85],[17.95,3.87029],[17.986184,3.95],[17.993243,4.05],[17.95,4.132474],[17.85,4.106731],[17.75,4.15],[17.801724,4.25],[17.85,4.335714],[17.859211,4.35],[17.85,4.364],[17.75,4.421698],[17.65,4.393478],[17.631429,4.45],[17.65,4.490625],[17.707576,4.55],[17.75,4.606],[17.774444,4.65],[17.85,4.725556],[17.865068,4.75],[17.95,4.785227],[18.023548,4.85],[18.05,4.875],[18.15,4.885583],[18.25,4.928824],[18.26875,4.95],[18.252778,5.05],[18.35,5.110345],[18.45,5.09878],[18.527778,5.15],[18.55,5.177907],[18.59697,5.25],[18.55,5.338571],[18.542982,5.35],[18.55,5.356557],[18.65,5.438],[18.75,5.45],[18.85,5.491935],[18.919231,5.55],[18.95,5.580189],[18.99625,5.65],[18.957692,5.75],[18.95,5.764706],[18.856452,5.85],[18.95,5.910417],[19.029167,5.95],[19.05,5.976316],[19.15,5.95],[19.159091,6.05],[19.25,6.118966],[19.290909,6.15],[19.35,6.179545],[19.446875,6.25],[19.45,6.254167],[19.466667,6.25],[19.456667,6.15],[19.46,6.05],[19.45,5.983333],[19.44697,5.95],[19.45,5.945],[19.496341,5.85],[19.55,5.771429],[19.581579,5.75],[19.567391,5.65],[19.55,5.618421],[19.493478,5.55],[19.55,5.520787],[19.622222,5.55],[19.65,5.564925],[19.75,5.596364],[19.834286,5.65],[19.789344,5.75],[19.75,5.838889],[19.7375,5.85],[19.75,5.858824],[19.85,5.901786],[19.95,5.876087],[20.05,5.902083],[20.128125,5.85],[20.15,5.820833],[20.177419,5.75],[20.22451,5.65],[20.25,5.6],[20.268841,5.55],[20.25,5.45],[20.25,5.45],[20.25,5.45],[20.265517,5.35],[20.35,5.300505],[20.448,5.35],[20.45,5.352381],[20.464286,5.35],[20.55,5.336667],[20.558571,5.35],[20.580233,5.45],[20.585294,5.55],[20.595455,5.65],[20.55,5.725],[20.49,5.75],[20.55,5.821429],[20.560714,5.85],[20.55,5.872222],[20.49878,5.95],[20.45,5.987736],[20.394068,6.05],[20.35,6.111905],[20.319231,6.15],[20.25,6.211017],[20.15,6.230645],[20.05,6.246429],[20.047297,6.25],[20.05,6.261111],[20.13,6.35],[20.15,6.3625],[20.157143,6.35],[20.25,6.296939],[20.35,6.317742],[20.402632,6.35],[20.431579,6.45],[20.45,6.486842],[20.475,6.45],[20.465789,6.35],[20.459459,6.25],[20.478986,6.15],[20.55,6.078986],[20.578986,6.05],[20.65,5.973437],[20.665957,5.95],[20.75,5.882479],[20.826699,5.95],[20.827333,6.05],[20.85,6.086957],[20.95,6.05],[21.05,6.076087],[21.092857,6.05],[21.05,6.007143],[21.011905,5.95],[20.95,5.919767],[20.881818,5.85],[20.85,5.807576],[20.77963,5.75],[20.820833,5.65],[20.75,5.576087],[20.738,5.55],[20.75,5.475],[20.751923,5.45],[20.773214,5.35],[20.782407,5.25],[20.75,5.160256],[20.740698,5.15],[20.65,5.072],[20.631356,5.05],[20.604839,4.95],[20.55,4.902113],[20.45,4.920588],[20.427778,4.85],[20.45,4.823333],[20.477273,4.75],[20.522951,4.65],[20.55,4.624016],[20.65,4.581356],[20.75,4.621233],[20.798837,4.65],[20.85,4.682353],[20.95,4.696269],[20.992857,4.75],[21.040426,4.85],[21.05,4.862676],[21.105856,4.95],[21.111905,5.05],[21.116355,5.15],[21.111842,5.25],[21.132,5.35],[21.15,5.425],[21.225,5.45],[21.25,5.453125],[21.255556,5.45],[21.290816,5.35],[21.35,5.282558],[21.45,5.288462],[21.472222,5.25],[21.45,5.231818],[21.35,5.183333],[21.322,5.15],[21.27963,5.05],[21.35,5.004762],[21.373,4.95],[21.376,4.85],[21.45,4.765909],[21.466867,4.75],[21.469118,4.65],[21.45,4.630597],[21.36,4.55],[21.36625,4.45],[21.45,4.372093],[21.55,4.45],[21.593396,4.55],[21.65,4.61383],[21.692857,4.55],[21.702381,4.45],[21.75,4.436301],[21.8,4.45],[21.8,4.55],[21.828125,4.65],[21.85,4.665385],[21.892424,4.65],[21.95,4.622464],[22.05,4.595882],[22.098936,4.65],[22.067308,4.75],[22.112162,4.85],[22.15,4.858861],[22.25,4.897368],[22.276087,4.85],[22.270635,4.75],[22.29,4.65],[22.35,4.584783],[22.380769,4.55],[22.428125,4.45],[22.45,4.432051],[22.5,4.45],[22.55,4.5],[22.65,4.51087],[22.698276,4.45],[22.732143,4.35],[22.75,4.336842],[22.85,4.284286],[22.95,4.274138],[23.05,4.297059],[23.15,4.296154],[23.25,4.267391],[23.35,4.26875],[23.377273,4.25],[23.35,4.238889],[23.25,4.230952],[23.15,4.207143],[23.061111,4.15],[23.05,4.142857],[22.95,4.078571],[22.85,4.062903],[22.83,4.05],[22.85,4.0375],[22.95,4.02],[23.05,3.993478],[23.15,3.991304],[23.25,3.978261],[23.35,3.98],[23.385294,3.95],[23.45,3.892105],[23.55,3.898387],[23.65,3.886667],[23.71875,3.85],[23.75,3.8],[23.783333,3.75],[23.7625,3.65],[23.85,3.635106],[23.95,3.627273],[24.05,3.575],[24.07381,3.55],[24.15,3.515957],[24.201667,3.45],[24.25,3.389583],[24.35,3.367647],[24.45,3.369565],[24.46875,3.35],[24.55,3.282759],[24.587255,3.25],[24.65,3.17],[24.664815,3.15],[24.75,3.093902],[24.85,3.082558],[24.95,3.072449],[24.974444,3.05],[25.05,3.002113],[25.106061,2.95],[25.15,2.859375],[25.154615,2.85],[25.211667,2.75],[25.2,2.65],[25.197297,2.55],[25.25,2.467021],[25.272857,2.45],[25.35,2.377027],[25.376316,2.35],[25.439655,2.25],[25.45,2.235714],[25.55,2.16],[25.554762,2.15],[25.65,2.05],[25.65,2.05],[25.75,2.033673],[25.797059,2.05],[25.85,2.084615],[25.95,2.093333],[26.05,2.061111],[26.15,2.052151],[26.25,2.068],[26.35,2.086842],[26.365217,2.05],[26.422222,1.95],[26.45,1.920588],[26.51,1.85],[26.45,1.795455],[26.35,1.846667],[26.347872,1.85],[26.25,1.90679],[26.161538,1.85],[26.201429,1.75],[26.25,1.655556],[26.253125,1.65],[26.25,1.638889],[26.196667,1.55],[26.15,1.50625],[26.05,1.512162],[26.001724,1.55],[25.95,1.582609],[25.861765,1.55],[25.917857,1.45],[25.95,1.425676],[26.015116,1.35],[26.05,1.307143],[26.140909,1.25],[26.15,1.2],[26.155128,1.15],[26.25,1.055128],[26.255714,1.05],[26.35,0.95],[26.35,0.95],[26.357143,0.85],[26.45,0.75],[26.403846,0.65],[26.45,0.6125],[26.55,0.553175],[26.555882,0.55],[26.55,0.544595],[26.455405,0.45],[26.45,0.447674],[26.438889,0.45],[26.35,0.503333],[26.25,0.465],[26.15,0.545238],[26.147959,0.55],[26.05,0.609259],[25.95,0.572222],[25.93,0.55],[25.95,0.522973],[25.976471,0.45],[26.05,0.36573],[26.108333,0.35],[26.05,0.2625],[25.95,0.255263],[25.945455,0.25],[25.95,0.23],[25.958696,0.15],[26.05,0.087313],[26.15,0.067647],[26.25,0.064865],[26.323333,0.05],[26.255882,-0.05],[26.34,-0.15],[26.25,-0.18913],[26.168182,-0.15],[26.15,-0.1375],[26.136667,-0.15],[26.15,-0.178571],[26.176316,-0.25],[26.15,-0.321429],[26.05,-0.332353],[25.95,-0.265385],[25.906,-0.35],[25.95,-0.41875],[26.05,-0.45],[26.05,-0.45],[26.15,-0.541667],[26.153448,-0.55],[26.18125,-0.65],[26.25,-0.75],[26.25,-0.85],[26.15,-0.9375],[26.133333,-0.95],[26.095455,-1.05],[26.05,-1.085714],[25.99,-1.15],[26.05,-1.21],[26.125,-1.15],[26.15,-1.116667],[26.25,-1.102941],[26.283333,-1.15],[26.263636,-1.25],[26.25,-1.31],[26.227778,-1.35],[26.15,-1.4],[26.119565,-1.45],[26.05,-1.538889],[26.040909,-1.55],[26.05,-1.566667],[26.070408,-1.65],[26.07381,-1.75],[26.085714,-1.85],[26.05,-1.926923],[26.022727,-1.95],[25.99375,-2.05],[26.009091,-2.15],[25.978571,-2.25],[26.0,-2.35],[25.972222,-2.45],[25.96,-2.55],[25.964286,-2.65],[26.05,-2.681579],[26.111905,-2.75],[26.15,-2.797059],[26.25,-2.842857],[26.278571,-2.85],[26.25,-2.89],[26.15,-2.914286],[26.05,-2.85],[26.05,-2.85],[26.05,-2.85],[26.013415,-2.95],[26.015854,-3.05],[26.05,-3.106],[26.102381,-3.15],[26.05,-3.175581],[25.961111,-3.25],[25.954651,-3.35],[25.963043,-3.45],[25.987778,-3.55],[26.05,-3.621795],[26.097826,-3.65],[26.127273,-3.75],[26.091935,-3.85],[26.05,-3.909091],[25.985714,-3.95],[26.05,-4.0],[26.082143,-4.05],[26.096512,-4.15],[26.05,-4.210606],[26.0,-4.15],[25.95,-4.066667],[25.933333,-4.05],[25.922222,-3.95],[25.935714,-3.85],[25.95,-3.816667],[25.969048,-3.75],[25.95,-3.683333],[25.916667,-3.65],[25.85,-3.623333],[25.75,-3.55],[25.65,-3.541667],[25.55,-3.532353],[25.45,-3.51087],[25.35,-3.514],[25.25,-3.54375],[25.23,-3.55],[25.15,-3.572222],[25.05,-3.5875],[24.95,-3.584483],[24.859524,-3.65],[24.85,-3.7],[24.841667,-3.75],[24.85,-3.816667],[24.853704,-3.85],[24.85,-3.864286],[24.75,-3.895161],[24.698148,-3.85],[24.65,-3.773529],[24.613636,-3.75],[24.643103,-3.65],[24.65,-3.613636],[24.668421,-3.55],[24.74,-3.45],[24.75,-3.425],[24.783333,-3.35],[24.772222,-3.25],[24.84375,-3.15],[24.785714,-3.05],[24.79375,-2.95],[24.75,-2.8625],[24.719565,-2.95],[24.65,-3.03],[24.607895,-2.95],[24.55,-2.85],[24.516667,-2.75],[24.514063,-2.65],[24.493396,-2.55],[24.45,-2.461538],[24.438,-2.45],[24.372581,-2.35],[24.35,-2.322],[24.280769,-2.25],[24.280303,-2.15],[24.25,-2.125],[24.21,-2.15],[24.15,-2.21],[24.078571,-2.15],[24.05,-2.05],[24.05,-2.05],[24.05,-2.05],[24.023913,-2.15],[23.955263,-2.25],[23.95,-2.254167],[23.935714,-2.25],[23.85,-2.23],[23.818421,-2.25],[23.821429,-2.35],[23.780769,-2.45],[23.85,-2.535714],[23.85625,-2.55],[23.85,-2.6],[23.83125,-2.65],[23.85,-2.6625],[23.95,-2.723333],[24.05,-2.724286],[24.15,-2.741304],[24.158696,-2.75],[24.15,-2.85],[24.15,-2.85],[24.05,-2.942308],[23.95,-2.918421],[23.875,-2.95],[23.915217,-3.05],[23.85,-3.08125],[23.75,-3.066667],[23.730645,-3.05],[23.677586,-2.95],[23.65,-2.883333],[23.6,-2.85],[23.55,-2.834615],[23.45,-2.815625],[23.35,-2.824074],[23.25,-2.753846],[23.15,-2.817742],[23.05,-2.766279],[22.95,-2.812791],[22.85,-2.766923],[22.797619,-2.75],[22.75,-2.691176],[22.70625,-2.65],[22.65,-2.59],[22.575,-2.55],[22.55,-2.544286],[22.545,-2.55],[22.503846,-2.65],[22.45,-2.698276],[22.376316,-2.65],[22.35,-2.635294],[22.25,-2.6],[22.15,-2.616667],[22.136667,-2.65],[22.15,-2.658],[22.25,-2.69],[22.282727,-2.75],[22.25,-2.786735],[22.189216,-2.85],[22.15,-2.895455],[22.05,-2.872727],[21.998485,-2.95],[21.95,-2.980769],[21.85,-3.05],[21.85,-3.05],[21.85,-3.05],[21.936667,-3.15],[21.95,-3.165385],[21.966216,-3.15],[22.05,-3.098333],[22.15,-3.075],[22.180769,-3.05],[22.25,-2.968182],[22.35,-3.008696],[22.419231,-2.95],[22.45,-2.924468],[22.49,-2.95],[22.55,-3.014286],[22.65,-3.01],[22.692857,-3.05],[22.709259,-3.15],[22.702632,-3.25],[22.75,-3.273077],[22.784615,-3.25],[22.85,-3.205263],[22.915385,-3.25],[22.95,-3.278125],[23.05,-3.332353],[23.127778,-3.25],[23.05,-3.17],[23.034091,-3.15],[23.05,-3.096154],[23.15,-3.131081],[23.179167,-3.15],[23.25,-3.184694],[23.294737,-3.15],[23.27,-3.05],[23.35,-2.977273],[23.383333,-3.05],[23.45,-3.107143],[23.484286,-3.15],[23.55,-3.219697],[23.597619,-3.25],[23.55,-3.27439],[23.456061,-3.35],[23.55,-3.431579],[23.65,-3.431633],[23.75,-3.418085],[23.805556,-3.45],[23.75,-3.528947],[23.742308,-3.55],[23.75,-3.566667],[23.85,-3.606452],[23.95,-3.617241],[24.05,-3.578571],[24.085294,-3.55],[24.15,-3.512069],[24.211111,-3.55],[24.2,-3.65],[24.15,-3.666129],[24.05,-3.672059],[23.95,-3.696341],[23.876667,-3.75],[23.85,-3.767778],[23.75,-3.791463],[23.696875,-3.75],[23.65,-3.715116],[23.583333,-3.65],[23.55,-3.626271],[23.45,-3.641892],[23.391379,-3.55],[23.35,-3.516197],[23.25,-3.54375],[23.15,-3.541045],[23.103846,-3.55],[23.057692,-3.65],[23.05,-3.662],[23.038462,-3.65],[22.986364,-3.55],[22.95,-3.541837],[22.927778,-3.55],[22.861538,-3.65],[22.85,-3.667647],[22.839655,-3.65],[22.801724,-3.55],[22.75,-3.527612],[22.678571,-3.55],[22.65,-3.571429],[22.603846,-3.55],[22.55,-3.541667],[22.534091,-3.55],[22.45,-3.621154],[22.35,-3.633544],[22.330303,-3.65],[22.35,-3.696429],[22.37459,-3.75],[22.35,-3.8],[22.278571,-3.75],[22.25,-3.739831],[22.15,-3.714368],[22.082609,-3.75],[22.05,-3.790541],[21.95,-3.818421],[21.864286,-3.85],[21.95,-3.857407],[22.05,-3.871782],[22.15,-3.9],[22.25,-3.886585],[22.35,-3.866304],[22.45,-3.881944],[22.498936,-3.85],[22.55,-3.824194],[22.65,-3.839706],[22.663208,-3.85],[22.65,-3.879167],[22.572727,-3.95],[22.65,-3.975758],[22.75,-3.994262],[22.85,-3.961111],[22.95,-3.95],[23.05,-3.936207],[23.076667,-3.95],[23.15,-4.0],[23.25,-4.041304],[23.263333,-4.05],[23.35,-4.089394],[23.45,-4.059091],[23.55,-4.064286],[23.65,-4.097619],[23.707895,-4.15],[23.7125,-4.25],[23.65,-4.269231],[23.55,-4.2525],[23.45,-4.3],[23.356667,-4.35],[23.35,-4.357692],[23.316667,-4.45],[23.35,-4.513158],[23.37,-4.55],[23.35,-4.571875],[23.310317,-4.65],[23.3325,-4.75],[23.336207,-4.85],[23.35,-4.862903],[23.45,-4.931429],[23.55,-4.916667],[23.65,-4.936486],[23.75,-4.92],[23.768,-4.95],[23.75,-4.990909],[23.65,-4.954587],[23.55,-4.991026],[23.478125,-5.05],[23.45,-5.125],[23.4125,-5.05],[23.35,-5.014286],[23.292553,-4.95],[23.25,-4.905556],[23.174242,-4.85],[23.152941,-4.75],[23.15,-4.745238],[23.07,-4.65],[23.098837,-4.55],[23.081915,-4.45],[23.05,-4.411538],[22.957692,-4.35],[22.95,-4.334615],[22.885294,-4.25],[22.85,-4.235],[22.75,-4.235714],[22.70625,-4.25],[22.65,-4.28913],[22.55,-4.285714],[22.45,-4.271951],[22.36,-4.25],[22.35,-4.247059],[22.25,-4.183333],[22.216667,-4.15],[22.15,-4.137805],[22.05,-4.136111],[21.95,-4.128947],[21.877273,-4.15],[21.95,-4.177586],[22.02,-4.25],[22.05,-4.278125],[22.15,-4.325472],[22.193333,-4.35],[22.25,-4.395946],[22.295455,-4.45],[22.310526,-4.55],[22.35,-4.594118],[22.45,-4.634211],[22.467647,-4.65],[22.45,-4.661538],[22.35,-4.694186],[22.30102,-4.75],[22.287931,-4.85],[22.26875,-4.95],[22.25,-4.983333],[22.243333,-4.95],[22.202174,-4.85],[22.15,-4.77],[22.139286,-4.75],[22.05,-4.663793],[22.025,-4.65],[22.05,-4.625],[22.075,-4.55],[22.05,-4.521429],[21.997826,-4.55],[21.95,-4.597826],[21.919444,-4.55],[21.85,-4.480556],[21.795,-4.45],[21.75,-4.4],[21.735714,-4.35],[21.65,-4.28494],[21.55,-4.29898],[21.45,-4.319565],[21.35,-4.340476],[21.33,-4.35],[21.35,-4.354348],[21.45,-4.381111],[21.494286,-4.45],[21.55,-4.523585],[21.579787,-4.55],[21.55,-4.577451],[21.45,-4.560526],[21.425,-4.55],[21.35,-4.538],[21.335366,-4.55],[21.35,-4.576087],[21.4,-4.65],[21.398148,-4.75],[21.45,-4.816667],[21.464,-4.85],[21.45,-4.888889],[21.35,-4.92619],[21.327778,-4.95],[21.33,-5.05],[21.35,-5.064634],[21.45,-5.145652],[21.55,-5.139583],[21.632692,-5.05],[21.65,-5.018966],[21.719231,-5.05],[21.75,-5.073529],[21.77766,-5.15],[21.794186,-5.25],[21.75,-5.326],[21.737755,-5.35],[21.75,-5.376087],[21.85,-5.39],[21.903333,-5.35],[21.95,-5.298148],[22.002,-5.25],[22.047297,-5.15],[22.05,-5.144118],[22.052703,-5.15],[22.075,-5.25],[22.05,-5.313158],[22.016667,-5.35],[22.014516,-5.45],[21.95,-5.473529],[21.85,-5.472642],[21.75,-5.475373],[21.693333,-5.45],[21.65,-5.426786],[21.55,-5.369565],[21.45,-5.4025],[21.35,-5.413265],[21.279545,-5.35],[21.25,-5.331159],[21.190426,-5.25],[21.15,-5.203086],[21.086765,-5.15],[21.058955,-5.05],[21.05,-5.040323],[20.95,-4.989175],[20.891538,-4.95],[20.85,-4.880769],[20.836047,-4.85],[20.78,-4.75],[20.75,-4.728571],[20.65,-4.75],[20.55,-4.675373],[20.49898,-4.75],[20.456757,-4.85],[20.45,-4.861628],[20.37963,-4.95],[20.35,-5.005172],[20.3,-4.95],[20.25,-4.85],[20.210494,-4.75],[20.223913,-4.65],[20.241139,-4.55],[20.25,-4.520833],[20.260448,-4.55],[20.284286,-4.65],[20.312745,-4.75],[20.25,-4.85],[20.224603,-4.95],[20.238571,-5.05],[20.25,-5.083333],[20.272857,-5.15],[20.284921,-5.25],[20.25,-5.334615],[20.238889,-5.35],[20.15,-5.434211],[20.095763,-5.35],[20.139552,-5.25],[20.117308,-5.15],[20.053125,-5.05],[20.05,-5.042308],[19.95,-5.004167],[19.897619,-5.05],[19.85,-5.07439],[19.785417,-5.15],[19.75,-5.176154],[19.716,-5.15],[19.675641,-5.05],[19.696809,-4.95],[19.668519,-4.85],[19.65,-4.8125],[19.609677,-4.75],[19.55,-4.690323],[19.466667,-4.65],[19.50102,-4.55],[19.461765,-4.45],[19.45,-4.441667],[19.442157,-4.45],[19.420588,-4.55],[19.438372,-4.65],[19.35,-4.721698],[19.323214,-4.75],[19.271359,-4.85],[19.25,-4.873913],[19.15,-4.917164],[19.078571,-4.85],[19.05,-4.797059],[18.95,-4.789189],[18.905882,-4.85],[18.92191,-4.95],[18.95,-4.975],[19.028125,-5.05],[18.986364,-5.15],[18.979231,-5.25],[18.991758,-5.35],[18.95,-5.419091],[18.927515,-5.35],[18.906154,-5.25],[18.851639,-5.15],[18.85,-5.148701],[18.75,-5.103659],[18.726829,-5.15],[18.718,-5.25],[18.668493,-5.35],[18.65,-5.363235],[18.55,-5.394262],[18.45,-5.437692],[18.35,-5.355769],[18.348462,-5.35],[18.35,-5.347674],[18.45,-5.291237],[18.55,-5.26],[18.560526,-5.25],[18.55,-5.2125],[18.542366,-5.15],[18.499254,-5.05],[18.45,-4.95],[18.434043,-4.85],[18.421014,-4.75],[18.35,-4.705856],[18.284667,-4.75],[18.26413,-4.85],[18.25,-4.862381],[18.235393,-4.85],[18.15,-4.757317],[18.074,-4.85],[18.065,-4.95],[18.055769,-5.05],[18.05,-5.056186],[17.987241,-5.15],[17.95,-5.212791],[17.909398,-5.15],[17.916316,-5.05],[17.916667,-4.95],[17.85,-4.860256],[17.798148,-4.95],[17.798361,-5.05],[17.780702,-5.15],[17.75,-5.169444],[17.65,-5.15],[17.65,-5.15],[17.65,-5.15],[17.55,-5.195283],[17.485135,-5.15],[17.45,-5.1125],[17.395833,-5.05],[17.372105,-4.95],[17.397917,-4.85],[17.418085,-4.75],[17.403333,-4.65],[17.35,-4.634314],[17.33,-4.65],[17.283333,-4.75],[17.25,-4.838889],[17.246154,-4.85],[17.218571,-4.95],[17.198624,-5.05],[17.151456,-5.15],[17.15,-5.153371],[17.147887,-5.15],[17.1,-5.05],[17.05,-4.986145],[16.988372,-5.05],[16.95,-5.116],[16.933249,-5.05],[16.925342,-4.95],[16.851562,-4.85],[16.856024,-4.75],[16.876596,-4.65],[16.886957,-4.55],[16.875581,-4.45],[16.88875,-4.35],[16.95,-4.287975],[17.046774,-4.25],[16.95,-4.192308],[16.85625,-4.25],[16.85,-4.256061],[16.845833,-4.25],[16.75,-4.17069],[16.682353,-4.25],[16.65,-4.293137],[16.628218,-4.25],[16.578333,-4.15],[16.65,-4.093421],[16.685484,-4.05],[16.73125,-3.95],[16.672727,-3.85],[16.65,-3.820588],[16.617568,-3.75],[16.55,-3.65],[16.517213,-3.55],[16.480233,-3.45],[16.45,-3.381579],[16.383333,-3.35],[16.35,-3.344231],[16.347414,-3.35],[16.289216,-3.45],[16.25,-3.536957],[16.246154,-3.55],[16.25,-3.559091],[16.325,-3.65],[16.25,-3.684483],[16.15625,-3.65],[16.15,-3.647403],[16.147895,-3.65],[16.073596,-3.75],[16.05,-3.773596],[15.990351,-3.85],[16.001128,-3.95],[15.95,-4.003543],[15.85,-3.967816],[15.808667,-3.95],[15.85,-3.930745],[15.923864,-3.85],[15.894262,-3.75],[15.95,-3.692857],[15.985417,-3.65],[16.019853,-3.55],[16.05,-3.508163],[16.084969,-3.45],[16.103846,-3.35],[16.061667,-3.25],[16.052721,-3.15],[16.05,-3.13],[16.033158,-3.05],[15.95,-2.981897],[15.916364,-2.95],[15.85,-2.909444],[15.75,-2.918966],[15.714,-2.95],[15.65,-3.003333],[15.597826,-3.05],[15.583186,-3.15],[15.55,-3.233333],[15.508333,-3.25],[15.45,-3.282308],[15.433721,-3.25],[15.45,-3.226923],[15.498276,-3.15],[15.45,-3.115],[15.35,-3.11359],[15.251389,-3.15],[15.25,-3.15068],[15.247561,-3.15],[15.15,-3.110784],[15.05,-3.075],[15.022174,-3.05],[14.95,-2.979661],[14.899275,-2.95],[14.925573,-2.85],[14.95,-2.801515],[15.05,-2.809091],[15.117241,-2.75],[15.15,-2.723973],[15.16131,-2.75],[15.171111,-2.85],[15.239051,-2.95],[15.25,-2.962295],[15.35,-3.009211],[15.45,-2.996939],[15.501339,-2.95],[15.55,-2.897087],[15.603005,-2.85],[15.65,-2.753371],[15.65411,-2.75],[15.75,-2.657895],[15.85,-2.684783],[15.873529,-2.65],[15.95,-2.585],[15.982941,-2.55],[15.95,-2.501724],[15.911538,-2.45],[15.85,-2.416197],[15.783803,-2.35],[15.75,-2.265789],[15.707143,-2.25],[15.665556,-2.15],[15.660127,-2.05],[15.65,-2.042727],[15.55,-2.034058],[15.507692,-2.05],[15.45,-2.073077],[15.35,-2.081008],[15.25,-2.120667],[15.210448,-2.05],[15.25,-1.965873],[15.262987,-1.95],[15.35,-1.876374],[15.381169,-1.85],[15.413158,-1.75],[15.35,-1.696667],[15.298936,-1.75],[15.25,-1.783333],[15.15,-1.840526],[15.132353,-1.85],[15.05,-1.947674],[14.969231,-1.85],[14.95,-1.838889],[14.926744,-1.85],[14.859524,-1.95],[14.85,-1.957792],[14.842593,-1.95],[14.809259,-1.85],[14.85,-1.776667],[14.863043,-1.75],[14.85,-1.729661],[14.807143,-1.75],[14.75,-1.775],[14.712791,-1.75],[14.65,-1.680769],[14.592857,-1.65],[14.62234,-1.55],[14.612069,-1.45],[14.65,-1.41],[14.725862,-1.45],[14.75,-1.465217],[14.783333,-1.45],[14.805,-1.35],[14.75,-1.283333],[14.731967,-1.25],[14.73,-1.15],[14.65,-1.11],[14.572222,-1.05],[14.55,-1.003846],[14.511111,-0.95],[14.490541,-0.85],[14.472727,-0.75],[14.45,-0.673077],[14.35,-0.719231],[14.27,-0.75],[14.25,-0.752778],[14.15,-0.807692],[14.101111,-0.85],[14.05,-0.92931],[14.042771,-0.95],[14.011538,-1.05],[14.05,-1.10102],[14.085821,-1.15],[14.15,-1.225439],[14.2,-1.25],[14.179412,-1.35],[14.170635,-1.45],[14.15,-1.466667],[14.135556,-1.45],[14.122973,-1.35],[14.05,-1.280769],[13.95,-1.267105],[13.85,-1.340769],[13.839474,-1.35],[13.825862,-1.45],[13.85,-1.5025],[13.905882,-1.55],[13.940476,-1.65],[13.95,-1.667857],[14.020769,-1.75],[13.990206,-1.85],[14.028049,-1.95],[14.05,-2.044737],[14.051087,-2.05],[14.05,-2.052041],[13.95,-2.053279],[13.85,-2.107576],[13.801724,-2.15],[13.75,-2.2],[13.65,-2.175],[13.635714,-2.15],[13.55,-2.103846],[13.472222,-2.05],[13.45,-2.031818],[13.35,-1.997368],[13.333019,-1.95],[13.25,-1.908491],[13.154615,-1.85],[13.15,-1.841667],[13.109259,-1.75],[13.05,-1.661111],[13.043939,-1.65],[12.976531,-1.55],[12.95,-1.528689],[12.883333,-1.45],[12.85,-1.367241],[12.75,-1.363433],[12.734746,-1.35],[12.651333,-1.25],[12.65,-1.249248],[12.644118,-1.25],[12.55,-1.338889],[12.547727,-1.35],[12.507143,-1.45],[12.45,-1.508915],[12.35,-1.458621],[12.343007,-1.45],[12.302756,-1.35],[12.25,-1.28619],[12.15,-1.287778],[12.119643,-1.25],[12.05,-1.186066],[11.95,-1.245714],[11.85,-1.233333],[11.765094,-1.15],[11.75,-1.143798],[11.695495,-1.05],[11.65,-0.983553],[11.609843,-0.95],[11.65,-0.889286],[11.682353,-0.85],[11.672222,-0.75],[11.657732,-0.65],[11.651538,-0.55],[11.675098,-0.45],[11.65,-0.399206],[11.62193,-0.45],[11.648378,-0.55],[11.636607,-0.65],[11.55,-0.744175],[11.474806,-0.65],[11.45,-0.615591],[11.403077,-0.55],[11.35,-0.511236],[11.25,-0.520213],[11.206579,-0.45],[11.17487,-0.35],[11.15,-0.284247],[11.103846,-0.35],[11.05,-0.425676],[11.041176,-0.45],[11.0076,-0.55],[11.032278,-0.65],[11.05,-0.679787],[11.15,-0.728151],[11.180952,-0.75],[11.25,-0.787908],[11.313333,-0.85],[11.333846,-0.95],[11.35,-0.985],[11.391489,-1.05],[11.35,-1.092391],[11.291111,-1.15],[11.25,-1.219811],[11.15,-1.200382],[11.115241,-1.25],[11.15,-1.347015],[11.15198,-1.35],[11.15,-1.358696],[11.144595,-1.35],[11.05,-1.327707],[10.994444,-1.35],[11.012934,-1.45],[11.05,-1.513158],[11.084568,-1.55],[11.15,-1.606383],[11.225926,-1.65],[11.25,-1.664943],[11.324372,-1.75],[11.35,-1.781677],[11.45,-1.795455],[11.484615,-1.85],[11.55,-1.912385],[11.6,-1.95],[11.62561,-2.05],[11.65,-2.067094],[11.75,-2.124138],[11.784884,-2.15],[11.85,-2.197059],[11.95,-2.214881],[12.05,-2.234737],[12.075217,-2.25],[12.139474,-2.35],[12.15,-2.370513],[12.236111,-2.45],[12.25,-2.459434],[12.321642,-2.55],[12.35,-2.575],[12.416279,-2.65],[12.432353,-2.75],[12.45,-2.771818],[12.55,-2.798077],[12.65,-2.757692],[12.727419,-2.85],[12.75,-2.876415],[12.85,-2.917391],[12.95,-2.934091],[13.05,-2.868182],[13.15,-2.873077],[13.25,-2.871212],[13.35,-2.890299],[13.45,-2.940141],[13.4625,-2.95],[13.55,-3.034483],[13.564063,-3.05],[13.63,-3.15],[13.55,-3.195283],[13.505385,-3.25],[13.452778,-3.35],[13.55,-3.411404],[13.588596,-3.45],[13.573256,-3.55],[13.65,-3.634615],[13.75,-3.610714],[13.77619,-3.65],[13.75,-3.673913],[13.699275,-3.75],[13.75,-3.798611],[13.85,-3.821429],[13.95,-3.800562],[14.011644,-3.75],[14.05,-3.727419],[14.15,-3.675532],[14.181579,-3.65],[14.25,-3.594681],[14.3375,-3.55],[14.35,-3.544643],[14.45,-3.483333],[14.495,-3.45],[14.55,-3.418571],[14.564103,-3.45],[14.65,-3.544366],[14.75,-3.521698],[14.77,-3.55],[14.801064,-3.65],[14.85,-3.702273],[14.917742,-3.75],[14.95,-3.791667],[14.968421,-3.85],[14.956897,-3.95],[15.05,-4.029412],[15.15,-3.99375],[15.25,-3.984337],[15.35,-4.047101],[15.45,-4.041163],[15.55,-4.011966],[15.624167,-4.05],[15.626064,-4.15],[15.65,-4.190179],[15.679911,-4.25],[15.65,-4.311468],[15.628238,-4.35],[15.597619,-4.45],[15.65,-4.476613],[15.69439,-4.55],[15.687712,-4.65],[15.721918,-4.75],[15.697239,-4.85],[15.66625,-4.95],[15.65,-4.978058],[15.55,-4.978571],[15.45,-4.95],[15.35,-4.89386],[15.30098,-4.85],[15.25,-4.812857],[15.162,-4.75],[15.15,-4.741045],[15.05,-4.744643],[15.042308,-4.75],[15.015217,-4.85],[14.95,-4.884091],[14.85,-4.912376],[14.75,-4.934906],[14.713636,-4.95],[14.65,-4.968919],[14.565152,-4.95],[14.55,-4.946622],[14.545614,-4.95],[14.45,-5.023649],[14.430203,-5.05],[14.421803,-5.15],[14.425578,-5.25],[14.415861,-5.35],[14.45,-5.435606],[14.55,-5.363274],[14.571127,-5.35],[14.65,-5.284884],[14.75,-5.275],[14.8,-5.35],[14.85,-5.379348],[14.898507,-5.45],[14.864394,-5.55],[14.85,-5.585185],[14.816981,-5.65],[14.818132,-5.75],[14.824286,-5.85],[14.75,-5.927612],[14.65,-5.939394],[14.55,-5.91],[14.516129,-5.85],[14.45,-5.801765],[14.379032,-5.75],[14.35,-5.736861],[14.323913,-5.75],[14.25,-5.828462],[14.23963,-5.85],[14.25,-5.916667],[14.258046,-5.95],[14.302273,-6.05],[14.300714,-6.15],[14.288202,-6.25],[14.25,-6.325556],[14.241729,-6.35],[14.164458,-6.45],[14.15,-6.469048],[14.05,-6.513699],[14.015806,-6.55],[13.974638,-6.65],[13.954545,-6.75],[14.05,-6.829245],[14.15,-6.787975],[14.208824,-6.75],[14.25,-6.72375],[14.289623,-6.75],[14.278333,-6.85],[14.25,-6.894737],[14.182258,-6.95],[14.15,-6.979412],[14.102,-7.05],[14.107692,-7.15],[14.05,-7.203571],[13.961765,-7.15],[13.95,-7.144595],[13.942308,-7.15],[13.85,-7.207143],[13.807143,-7.15],[13.75,-7.118317],[13.66375,-7.05],[13.65,-7.03972],[13.635897,-7.05],[13.625342,-7.15],[13.65,-7.212069],[13.6775,-7.25],[13.75,-7.307426],[13.85,-7.2725],[13.95,-7.2875],[14.05,-7.274074],[14.15,-7.31129],[14.17963,-7.35],[14.25,-7.398305],[14.35,-7.445181],[14.35396,-7.45],[14.45,-7.539815],[14.55,-7.513846],[14.606627,-7.55],[14.55,-7.592727],[14.45,-7.614706],[14.35,-7.559091],[14.341011,-7.55],[14.25,-7.492958],[14.15,-7.518478],[14.05,-7.526471],[14.043909,-7.55],[14.05,-7.602174],[14.15,-7.637879],[14.159302,-7.65],[14.15,-7.662903],[14.05,-7.657143],[13.971429,-7.75],[13.966848,-7.85],[14.028824,-7.95],[14.05,-7.964173],[14.15,-7.991237],[14.212637,-8.05],[14.15,-8.103774],[14.090244,-8.15],[14.15,-8.235965],[14.25,-8.24],[14.254098,-8.25],[14.25,-8.305556],[14.24403,-8.35],[14.25,-8.352454],[14.35,-8.375],[14.424194,-8.35],[14.45,-8.343388],[14.457692,-8.35],[14.45,-8.365094],[14.410526,-8.45],[14.366742,-8.55],[14.395161,-8.65],[14.424336,-8.75],[14.45,-8.763488],[14.55,-8.774138],[14.642453,-8.75],[14.65,-8.747122],[14.651587,-8.75],[14.731818,-8.85],[14.67028,-8.95],[14.65,-9.015169],[14.60303,-9.05],[14.65,-9.074603],[14.702486,-9.15],[14.716667,-9.25],[14.727037,-9.35],[14.75,-9.363362],[14.85,-9.391909],[14.95,-9.435932],[15.004412,-9.45],[14.95,-9.544872],[14.948058,-9.55],[14.85,-9.634874],[14.806098,-9.65],[14.837879,-9.75],[14.758211,-9.85],[14.75,-9.867834],[14.65,-9.894051],[14.580677,-9.95],[14.65,-10.036567],[14.664286,-10.05],[14.65,-10.060112],[14.55,-10.067308],[14.488129,-10.15],[14.45,-10.224299],[14.42043,-10.25],[14.370717,-10.35],[14.35,-10.371757],[14.310549,-10.45],[14.292069,-10.55],[14.268838,-10.65],[14.27662,-10.75],[14.270665,-10.85],[14.282669,-10.95],[14.25,-11.047041],[14.248162,-11.05],[14.201002,-11.15],[14.194357,-11.25],[14.163319,-11.35],[14.165238,-11.45],[14.165118,-11.55],[14.15,-11.589336],[14.112018,-11.65],[14.081417,-11.75],[14.07432,-11.85],[14.05,-11.909091],[14.02,-11.95],[13.984581,-12.05],[13.95,-12.100482],[13.911975,-12.15],[13.887298,-12.25],[13.881325,-12.35],[13.85,-12.400388],[13.81792,-12.45],[13.766245,-12.55],[13.75,-12.571875],[13.682598,-12.65],[13.652732,-12.75],[13.65,-12.756944],[13.562987,-12.85],[13.55,-12.860309],[13.45,-12.924775],[13.426271,-12.95],[13.35,-13.047826],[13.349034,-13.05],[13.25,-13.145794],[13.241346,-13.15],[13.15,-13.190773],[13.061538,-13.25],[13.05,-13.262766],[12.987245,-13.35],[12.95,-13.434884],[12.85,-13.415385],[12.777419,-13.45],[12.755455,-13.55],[12.75,-13.566667],[12.708333,-13.65],[12.65,-13.685],[12.63746,-13.75],[12.627778,-13.85],[12.626966,-13.95],[12.646532,-14.05],[12.590441,-14.15],[12.570792,-14.25],[12.600833,-14.35],[12.55,-14.411616],[12.520769,-14.45],[12.536957,-14.55],[12.483508,-14.65],[12.55,-14.724269],[12.576994,-14.75],[12.65,-14.821257],[12.75,-14.847414],[12.751095,-14.85],[12.75,-14.855769],[12.694318,-14.95],[12.75,-14.994545],[12.85,-14.981928],[12.902475,-14.95],[12.95,-14.916434],[12.964243,-14.95],[13.018786,-15.05],[13.05,-15.111364],[13.067801,-15.15],[13.0575,-15.25],[13.09375,-15.35],[13.109155,-15.45],[13.142453,-15.55],[13.15,-15.561429],[13.222093,-15.65],[13.207627,-15.75],[13.157778,-15.85],[13.15,-15.858861],[13.05,-15.907143],[13.006364,-15.85],[12.95,-15.803731],[12.85,-15.796667],[12.804717,-15.85],[12.75,-15.884524],[12.65,-15.93],[12.624194,-15.95],[12.55,-16.020769],[12.533478,-16.05],[12.538636,-16.15],[12.55,-16.158772],[12.65,-16.231443],[12.75,-16.185294],[12.798352,-16.25],[12.75,-16.266418],[12.661462,-16.35],[12.66723,-16.45],[12.65,-16.505435],[12.580508,-16.55],[12.55,-16.565517],[12.476866,-16.65],[12.45,-16.670809],[12.379016,-16.75],[12.353425,-16.85],[12.35,-16.857576],[12.25,-16.852299],[12.15,-16.891463],[12.086842,-16.95],[12.066,-17.05],[12.15,-17.08907],[12.25,-17.091667],[12.302907,-17.15],[12.35,-17.1824],[12.447688,-17.25],[12.45,-17.26],[12.459474,-17.35],[12.45,-17.377068],[12.423529,-17.35],[12.35,-17.312825],[12.25,-17.307872],[12.15,-17.260236],[12.061628,-17.35],[12.114602,-17.45],[12.05,-17.534884],[12.037963,-17.55],[12.023125,-17.65],[12.015746,-17.75],[12.037097,-17.85],[12.05,-17.869512],[12.094796,-17.95],[12.121483,-18.05],[12.15,-18.1],[12.219444,-18.15],[12.25,-18.217347],[12.265094,-18.25],[12.316092,-18.35],[12.35,-18.401754],[12.45,-18.413333],[12.474627,-18.45],[12.536228,-18.55],[12.55,-18.589655],[12.65,-18.644444],[12.654455,-18.65],[12.685766,-18.75],[12.75,-18.808667],[12.85,-18.798347],[12.901542,-18.75],[12.95,-18.683735],[12.992471,-18.75],[13.0,-18.85],[12.95,-18.911682],[12.911682,-18.95],[12.85,-19.027647],[12.836331,-19.05],[12.85,-19.081148],[12.8875,-19.15],[12.95,-19.209829],[13.05,-19.23595],[13.15,-19.245361],[13.175714,-19.25],[13.25,-19.278571],[13.283854,-19.35],[13.25,-19.391667],[13.186806,-19.45],[13.15,-19.503535],[13.111017,-19.55],[13.15,-19.610526],[13.184091,-19.65],[13.25,-19.737879],[13.257143,-19.75],[13.3125,-19.85],[13.35,-19.895349],[13.408025,-19.95],[13.45,-19.981481],[13.55,-20.042188],[13.561765,-20.05],[13.55,-20.082258],[13.534672,-20.15],[13.528947,-20.25],[13.55,-20.282432],[13.65,-20.342105],[13.656316,-20.35],[13.65,-20.37],[13.635185,-20.45],[13.645333,-20.55],[13.65,-20.556087],[13.75,-20.623262],[13.85,-20.596532],[13.95,-20.563084],[13.961475,-20.55],[14.05,-20.512369],[14.142308,-20.55],[14.05,-20.589852],[13.986328,-20.65],[13.976961,-20.75],[14.05,-20.810816],[14.15,-20.819101],[14.246491,-20.85],[14.25,-20.85202],[14.35,-20.903271],[14.45,-20.933125],[14.494262,-20.95],[14.45,-20.960714],[14.367582,-21.05],[14.35,-21.091379],[14.25,-21.068966],[14.15,-21.145402],[14.144444,-21.15],[14.100952,-21.25],[14.15,-21.307542],[14.243827,-21.35],[14.25,-21.362821],[14.339474,-21.45],[14.35,-21.453478],[14.45,-21.512319],[14.473423,-21.55],[14.540541,-21.65],[14.55,-21.656604],[14.65,-21.694898],[14.75,-21.741398],[14.755714,-21.75],[14.75,-21.772857],[14.73125,-21.85],[14.717647,-21.95],[14.74375,-22.05],[14.75,-22.065517],[14.79188,-22.15],[14.85,-22.235],[14.859023,-22.25],[14.896479,-22.35],[14.92069,-22.45],[14.95,-22.482692],[15.05,-22.543902],[15.054386,-22.55],[15.076087,-22.65],[15.15,-22.735714],[15.210714,-22.75],[15.168182,-22.85],[15.15,-22.897826],[15.124468,-22.95],[15.05,-23.016038],[15.016972,-23.05],[15.036667,-23.15],[15.05,-23.188462],[15.072222,-23.25],[15.105696,-23.35],[15.128571,-23.45],[15.126344,-23.55],[15.130488,-23.65],[15.084,-23.75],[15.073077,-23.85],[15.055405,-23.95],[15.076389,-24.05],[15.083735,-24.15],[15.084409,-24.25],[15.078713,-24.35],[15.074038,-24.45],[15.073077,-24.55],[15.072115,-24.65],[15.082222,-24.75],[15.089583,-24.85],[15.092718,-24.95],[15.098673,-25.05],[15.104472,-25.15],[15.115041,-25.25],[15.136111,-25.35],[15.124436,-25.45],[15.137692,-25.55],[15.15,-25.605172],[15.16,-25.65],[15.181538,-25.75],[15.203175,-25.85],[15.225214,-25.95],[15.25,-26.046667],[15.25122,-26.05],[15.30125,-26.15],[15.35,-26.211905],[15.45,-26.230952],[15.55,-26.225706],[15.65,-26.215591],[15.692384,-26.25],[15.75,-26.347753],[15.751527,-26.35],[15.75,-26.354082],[15.692683,-26.45],[15.65,-26.52],[15.614286,-26.55],[15.55,-26.57093],[15.487423,-26.65],[15.539333,-26.75],[15.55,-26.759195],[15.65,-26.831702],[15.680282,-26.85],[15.703933,-26.95],[15.697273,-27.05],[15.65,-27.118421],[15.561111,-27.15],[15.65,-27.198],[15.664525,-27.25],[15.686408,-27.35],[15.75,-27.422778],[15.790496,-27.45],[15.85,-27.495283],[15.95,-27.54386],[15.95875,-27.55],[16.05,-27.598993],[16.15,-27.638696],[16.172034,-27.65],[16.25,-27.702874],[16.32193,-27.75],[16.35,-27.774615],[16.406322,-27.85],[16.45,-27.907576],[16.49,-27.95],[16.55,-27.994211],[16.61625,-28.05],[16.65,-28.065698],[16.7175,-28.05],[16.737805,-27.95],[16.75,-27.947658],[16.762821,-27.95],[16.85,-27.970482],[16.95,-27.990645],[17.05,-27.990136],[17.15,-27.993915],[17.25,-27.995983],[17.35,-27.961875],[17.365833,-27.95],[17.45,-27.858182],[17.456818,-27.85],[17.55,-27.781667],[17.591137,-27.85],[17.55,-27.925926],[17.522143,-27.95],[17.45,-28.035593],[17.439241,-28.05],[17.45,-28.075],[17.55,-28.079936],[17.65,-28.085106],[17.742424,-28.15],[17.65,-28.180808],[17.55,-28.197826],[17.509184,-28.25],[17.499171,-28.35],[17.517657,-28.45],[17.545327,-28.55],[17.55,-28.555525],[17.65,-28.563462],[17.724176,-28.65],[17.75,-28.681757],[17.85,-28.717391],[17.95,-28.718919],[17.962042,-28.75],[17.95,-28.773],[17.85,-28.760563],[17.75,-28.812346],[17.710131,-28.85],[17.65,-28.907143],[17.593902,-28.85],[17.55,-28.806627],[17.45,-28.836667],[17.38401,-28.75],[17.373864,-28.65],[17.35,-28.617016],[17.280435,-28.55],[17.31366,-28.45],[17.272064,-28.35],[17.25,-28.319756],[17.213953,-28.35],[17.15,-28.383846],[17.092105,-28.35],[17.074215,-28.25],[17.05,-28.170588],[17.023,-28.25],[17.000617,-28.35],[17.018519,-28.45],[16.95,-28.523026],[16.918702,-28.55],[16.95,-28.592487],[17.05,-28.647126],[17.054739,-28.65],[17.123077,-28.75],[17.10945,-28.85],[17.134071,-28.95],[17.15,-28.979032],[17.25,-29.007851],[17.35,-29.032143],[17.368692,-29.05],[17.45,-29.125],[17.472308,-29.15],[17.50942,-29.25],[17.539529,-29.35],[17.532906,-29.45],[17.535042,-29.55],[17.55,-29.570611],[17.634211,-29.65],[17.65,-29.711905],[17.660042,-29.75],[17.65,-29.81],[17.617568,-29.75],[17.55,-29.73062],[17.524359,-29.75],[17.530357,-29.85],[17.55,-29.868803],[17.639623,-29.95],[17.65,-29.963174],[17.710166,-30.05],[17.734677,-30.15],[17.75,-30.238372],[17.752747,-30.25],[17.791204,-30.35],[17.85,-30.420556],[17.906383,-30.45],[17.95,-30.478472],[18.05,-30.530982],[18.071986,-30.55],[18.119849,-30.65],[18.15,-30.689735],[18.234507,-30.65],[18.25,-30.639524],[18.256395,-30.65],[18.35,-30.718511],[18.427083,-30.75],[18.45,-30.798889],[18.513889,-30.85],[18.55,-30.861607],[18.65,-30.888926],[18.75,-30.85],[18.85,-30.861029],[18.892857,-30.85],[18.95,-30.841968],[19.05,-30.837549],[19.15,-30.846629],[19.154762,-30.85],[19.15,-30.853846],[19.073858,-30.95],[19.087195,-31.05],[19.05,-31.138406],[19.042523,-31.15],[18.981034,-31.25],[18.997899,-31.35],[19.02268,-31.45],[18.986656,-31.55],[19.005926,-31.65],[19.030972,-31.75],[19.05,-31.775967],[19.15,-31.811017],[19.201397,-31.85],[19.25,-31.883462],[19.327232,-31.95],[19.35,-31.976154],[19.45,-31.955172],[19.455825,-31.95],[19.482394,-31.85],[19.55,-31.825758],[19.579448,-31.85],[19.602717,-31.95],[19.65,-31.988158],[19.75,-31.960526],[19.8,-32.05],[19.85,-32.069767],[19.902273,-32.15],[19.95,-32.20625],[20.05,-32.24125],[20.057343,-32.25],[20.139011,-32.35],[20.15,-32.393478],[20.185135,-32.45],[20.15,-32.455462],[20.05,-32.468343],[19.95,-32.521212],[19.925,-32.55],[19.913415,-32.65],[19.85,-32.745122],[19.8375,-32.75],[19.75,-32.785443],[19.740635,-32.75],[19.671918,-32.65],[19.65,-32.627778],[19.55,-32.569118],[19.532432,-32.55],[19.5199,-32.45],[19.464151,-32.35],[19.454494,-32.25],[19.45,-32.239041],[19.409877,-32.15],[19.35,-32.109751],[19.25,-32.108],[19.15,-32.09186],[19.05,-32.072248],[18.979104,-32.05],[18.95,-32.035448],[18.9305,-32.05],[18.95,-32.1475],[18.9503,-32.15],[18.992634,-32.25],[18.993711,-32.35],[18.995038,-32.45],[19.05,-32.546429],[19.051262,-32.55],[19.069844,-32.65],[19.065228,-32.75],[19.077322,-32.85],[19.05,-32.904348],[19.024021,-32.95],[19.040952,-33.05],[19.05,-33.072619],[19.069578,-33.15],[19.15,-33.219441],[19.184763,-33.25],[19.206716,-33.35],[19.19702,-33.45],[19.25,-33.482],[19.27862,-33.55],[19.35,-33.610571],[19.45,-33.608961],[19.55,-33.604167],[19.63578,-33.65],[19.65,-33.663478],[19.75,-33.724635],[19.796179,-33.75],[19.85,-33.787241],[19.95,-33.782084],[20.05,-33.776757],[20.123333,-33.75],[20.15,-33.743804],[20.179752,-33.75],[20.25,-33.806667],[20.35,-33.847917],[20.35219,-33.85],[20.35,-33.854196],[20.303082,-33.95],[20.35,-33.97751],[20.45,-33.992178],[20.55,-33.980551],[20.65,-33.975581],[20.75,-33.982353],[20.85,-34.003091],[20.95,-33.979932],[21.05,-33.957522],[21.15,-33.980351],[21.25,-33.966389],[21.35,-33.97864],[21.45,-33.967606],[21.48125,-33.95],[21.45,-33.93008],[21.35,-33.906835],[21.25,-33.918449],[21.15,-33.902261],[21.05,-33.922131],[20.962,-33.85],[20.95,-33.844444],[20.903846,-33.75],[20.85,-33.687037],[20.75,-33.662121],[20.687255,-33.65],[20.75,-33.625194],[20.85,-33.55],[20.95,-33.615636],[21.05,-33.552069],[21.053,-33.55],[21.15,-33.532862],[21.25,-33.544276],[21.283333,-33.55],[21.278912,-33.65],[21.35,-33.699292],[21.45,-33.723023],[21.55,-33.719157],[21.646267,-33.65],[21.613343,-33.55],[21.65,-33.481319],[21.75,-33.488721],[21.85,-33.505325],[21.95,-33.505986],[22.05,-33.517956],[22.15,-33.52979],[22.25,-33.510669],[22.35,-33.529208],[22.45,-33.547074],[22.460784,-33.55],[22.452193,-33.65],[22.45,-33.658929],[22.35,-33.732883],[22.3025,-33.75],[22.25,-33.759859],[22.15,-33.77253],[22.05,-33.754505],[22.043976,-33.75],[21.95,-33.694681],[21.85,-33.721008],[21.809412,-33.75],[21.841837,-33.85],[21.85,-33.869277],[21.95,-33.909692],[22.05,-33.903535],[22.15,-33.904596],[22.25,-33.904391],[22.35,-33.906338],[22.45,-33.909173],[22.55,-33.893195],[22.65,-33.880495],[22.75,-33.885464],[22.85,-33.888142],[22.95,-33.884815],[23.05,-33.885315],[23.15,-33.882143],[23.178421,-33.85],[23.25,-33.836207],[23.35,-33.848954],[23.355882,-33.85],[23.45,-33.875559],[23.55,-33.892172],[23.65,-33.909205],[23.75,-33.909579],[23.85,-33.92735],[23.95,-33.920115],[24.003608,-33.95]],[[42.570253,11.45],[42.65,11.394493],[42.721591,11.45]],[[49.65,11.431808],[49.75,11.446489],[49.85,11.426297],[49.95,11.352273],[49.954147,11.35],[50.05,11.292061],[50.15,11.266],[50.25,11.303714],[50.35,11.285246],[50.393434,11.25],[50.45,11.179114],[50.5,11.15],[50.518254,11.05],[50.497863,10.95],[50.503846,10.85],[50.45,10.822],[50.402632,10.75],[50.35,10.663978],[50.342442,10.65],[50.25,10.579018],[50.15,10.558203],[50.05,10.562541],[49.95,10.593056],[49.856818,10.65],[49.85,10.651619],[49.75,10.655031],[49.65,10.6555],[49.55,10.663043],[49.45,10.666667],[49.427273,10.65],[49.388235,10.55],[49.419231,10.45],[49.45,10.402941],[49.48,10.35],[49.55,10.254545],[49.553704,10.25],[49.65,10.204386],[49.731579,10.15],[49.75,10.140141],[49.85,10.126796],[49.95,10.126243],[50.05,10.106429],[50.15,10.0636],[50.2,10.05],[50.25,10.027027],[50.35,9.97],[50.363115,9.95],[50.35,9.926471],[50.283333,9.85],[50.25,9.813889],[50.222289,9.75],[50.176923,9.65],[50.15,9.601163],[50.09359,9.55],[50.05,9.509524],[49.953846,9.45],[49.95,9.445455],[49.910377,9.35],[49.85,9.277273],[49.802,9.25],[49.75,9.195833],[49.714516,9.15],[49.75,9.08125],[49.769231,9.05],[49.75,9.029167],[49.714286,9.05],[49.65,9.081034],[49.630851,9.05],[49.65,8.997059],[49.67963,8.95],[49.65,8.902941],[49.625676,8.85],[49.588462,8.75],[49.585556,8.65],[49.57,8.55],[49.55,8.5],[49.45,8.466667],[49.396429,8.55],[49.35,8.565663],[49.25,8.60102],[49.204717,8.65],[49.15,8.674167],[49.05,8.703237],[48.959722,8.75],[48.95,8.758046],[48.85,8.813415],[48.75,8.830556],[48.672222,8.85],[48.65,8.856557],[48.55,8.87766],[48.45,8.885],[48.35,8.854762],[48.31,8.85],[48.25,8.84],[48.15,8.818],[48.05,8.774242],[47.95,8.75],[47.942308,8.65],[47.95,8.646774],[48.05,8.609259],[48.15,8.580769],[48.203333,8.55],[48.25,8.530556],[48.330556,8.45],[48.35,8.436],[48.45,8.384426],[48.52,8.35],[48.55,8.335484],[48.65,8.311842],[48.75,8.302846],[48.85,8.2788],[48.919231,8.25],[48.95,8.237097],[49.05,8.195882],[49.112903,8.15],[49.106,8.05],[49.093939,7.95],[49.083333,7.85],[49.05,7.78913],[49.009091,7.75],[48.95,7.729032],[48.85,7.711404],[48.75,7.673881],[48.67,7.65],[48.65,7.644737],[48.55,7.633333],[48.45,7.615],[48.35,7.588182],[48.25,7.555357],[48.22,7.55],[48.15,7.534444],[48.05,7.522727],[48.01087,7.55],[47.95,7.569178],[47.85,7.62],[47.75,7.612069],[47.65,7.55],[47.55,7.5375],[47.508333,7.55],[47.45,7.571212],[47.35,7.575641],[47.25,7.605263],[47.15,7.602273],[47.05,7.598276],[47.008824,7.55],[46.95,7.45],[46.85,7.427143],[46.75,7.359091],[46.743333,7.35],[46.65,7.28],[46.55,7.287838],[46.45,7.325758],[46.37,7.35],[46.35,7.354444],[46.321429,7.35],[46.25,7.334375],[46.156897,7.25],[46.15,7.238235],[46.078571,7.15],[46.05,7.118421],[45.95,7.05],[45.860526,6.95],[45.85,6.925],[45.75,6.863333],[45.731818,6.85],[45.65,6.79375],[45.5625,6.75],[45.55,6.740909],[45.508333,6.65],[45.55,6.55],[45.55,6.55],[45.45,6.472222],[45.4,6.45],[45.35,6.405556],[45.304545,6.35],[45.25,6.328571],[45.154348,6.25],[45.15,6.225],[45.135714,6.15],[45.121429,6.05],[45.15,5.977273],[45.161538,5.95],[45.184615,5.85],[45.15,5.807143],[45.05,5.846825],[45.046226,5.85],[44.969444,5.95],[44.95,5.974138],[44.9225,6.05],[44.882787,6.15],[44.85,6.201282],[44.820769,6.25],[44.75,6.338462],[44.714706,6.35],[44.65,6.369298],[44.55,6.386364],[44.478571,6.45],[44.481111,6.55],[44.55,6.643939],[44.563333,6.65],[44.55,6.658889],[44.45,6.696667],[44.35,6.7],[44.272222,6.65],[44.25,6.627778],[44.211111,6.55],[44.25,6.486364],[44.267021,6.45],[44.294828,6.35],[44.25,6.257143],[44.245,6.25],[44.15,6.197945],[44.0625,6.15],[44.078409,6.05],[44.075843,5.95],[44.05,5.882353],[43.95,5.905046],[43.907018,5.95],[43.85,6.010185],[43.804255,6.05],[43.81236,6.15],[43.848876,6.25],[43.81092,6.35],[43.85,6.432927],[43.867949,6.45],[43.85,6.483333],[43.791667,6.55],[43.75,6.564286],[43.65,6.591429],[43.55,6.639583],[43.4875,6.65],[43.45,6.658333],[43.35,6.652899],[43.345833,6.65],[43.25,6.556122],[43.15,6.60493],[43.05,6.577869],[43.025,6.55],[42.95,6.483333],[42.85,6.517901],[42.75,6.534848],[42.696429,6.55],[42.65,6.556842],[42.55,6.558364],[42.45,6.595],[42.35,6.645833],[42.25,6.59507],[42.15,6.624627],[42.121667,6.65],[42.071678,6.75],[42.101351,6.85],[42.05,6.878358],[42.005814,6.85],[41.951587,6.75],[41.95,6.7475],[41.90125,6.65],[41.860417,6.55],[41.916667,6.45],[41.95,6.427049],[42.032456,6.35],[42.05,6.346094],[42.149194,6.25],[42.15,6.248113],[42.25,6.223267],[42.35,6.217273],[42.45,6.167692],[42.475556,6.15],[42.55,6.094167],[42.630303,6.05],[42.601648,5.95],[42.65,5.883333],[42.680556,5.85],[42.65625,5.75],[42.75,5.709459],[42.85,5.682143],[42.95,5.667073],[42.987838,5.65],[43.05,5.573333],[43.142,5.65],[43.15,5.683333],[43.1625,5.65],[43.25,5.572222],[43.35,5.553922],[43.378571,5.55],[43.45,5.543671],[43.495455,5.55],[43.55,5.555263],[43.65,5.566418],[43.75,5.577152],[43.85,5.558796],[43.869,5.55],[43.85,5.523611],[43.810741,5.45],[43.75,5.381667],[43.714151,5.35],[43.65,5.2956],[43.55,5.257921],[43.45,5.251087],[43.35,5.257895],[43.336957,5.25],[43.25,5.189394],[43.15,5.172222],[43.122,5.15],[43.05,5.101351],[42.95,5.115789],[42.85,5.095631],[42.75,5.123043],[42.65,5.135271],[42.62957,5.15],[42.55,5.235057],[42.535227,5.25],[42.45,5.300336],[42.401948,5.35],[42.35,5.45],[42.25,5.506637],[42.200505,5.55],[42.15,5.590323],[42.077451,5.65],[42.05,5.671212],[41.963333,5.75],[41.95,5.768605],[41.872222,5.85],[41.85,5.872472],[41.762658,5.95],[41.75,5.957937],[41.65,5.9625],[41.632456,5.95],[41.622727,5.85],[41.65,5.76875],[41.659375,5.75],[41.671212,5.65],[41.677143,5.55],[41.65,5.455],[41.646875,5.45],[41.616038,5.35],[41.614078,5.25],[41.604455,5.15],[41.574675,5.05],[41.55,5.028161],[41.536897,5.05],[41.46791,5.15],[41.45,5.165584],[41.415241,5.25],[41.367391,5.35],[41.35,5.366279],[41.272162,5.45],[41.25,5.506164],[41.202326,5.45],[41.217143,5.35],[41.23,5.25],[41.25,5.234298],[41.289844,5.15],[41.281718,5.05],[41.35,4.981416],[41.388378,4.95],[41.45,4.877389],[41.479452,4.85],[41.488217,4.75],[41.496154,4.65],[41.477389,4.55],[41.483333,4.45],[41.482192,4.35],[41.451075,4.25],[41.45,4.248276],[41.413226,4.15],[41.35,4.100254],[41.25,4.11729],[41.164634,4.15],[41.15,4.169048],[41.05,4.19322],[40.95,4.192754],[40.91358,4.15],[40.95,4.05],[40.95,4.05],[40.965942,3.95],[41.009574,3.85],[41.030328,3.75],[41.05,3.707143],[41.15,3.663636],[41.25,3.67875],[41.32931,3.65],[41.25,3.601064],[41.228761,3.55],[41.209504,3.45],[41.156557,3.35],[41.15,3.337097],[41.127119,3.25],[41.05,3.1625],[40.95,3.150719],[40.85,3.207627],[40.75,3.215],[40.694681,3.15],[40.65,3.101163],[40.592105,3.05],[40.55,2.998387],[40.483333,3.05],[40.45,3.080769],[40.383333,3.05],[40.35,3.033333],[40.3,2.95],[40.35,2.866667],[40.357407,2.85],[40.35,2.827778],[40.3,2.75],[40.35,2.729104],[40.405208,2.65],[40.397561,2.55],[40.363433,2.45],[40.35,2.416667],[40.316667,2.35],[40.25,2.282075],[40.197826,2.35],[40.189683,2.45],[40.176882,2.55],[40.191096,2.65],[40.214103,2.75],[40.15,2.830645],[40.05,2.767647],[40.037234,2.75],[39.97963,2.65],[39.95,2.634314],[39.892857,2.65],[39.85,2.655882],[39.8125,2.65],[39.75,2.629592],[39.65,2.632812],[39.630702,2.65],[39.615625,2.75],[39.55,2.822414],[39.45,2.808824],[39.35,2.78],[39.25,2.846296],[39.15,2.794444],[39.07,2.75],[39.05,2.741667],[39.033333,2.75],[38.95,2.821429],[38.85,2.798148],[38.810606,2.75],[38.75,2.695946],[38.65,2.668667],[38.55,2.65],[38.45,2.592857],[38.422308,2.55],[38.375,2.45],[38.35,2.4],[38.330233,2.35],[38.25,2.251429],[38.249296,2.25],[38.155952,2.15],[38.15,2.143333],[38.05,2.068579],[38.018807,2.05],[37.95,1.991406],[37.85,1.962291],[37.802174,1.95],[37.75,1.864286],[37.735714,1.85],[37.75,1.838235],[37.85,1.790476],[37.923913,1.75],[37.95,1.734615],[38.000769,1.65],[38.05,1.57381],[38.067857,1.55],[38.101351,1.45],[38.121429,1.35],[38.13882,1.25],[38.15,1.206098],[38.186508,1.15],[38.25,1.075926],[38.279787,1.05],[38.294444,0.95],[38.287234,0.85],[38.35,0.775316],[38.39,0.75],[38.45,0.715517],[38.55,0.659722],[38.563208,0.65],[38.56875,0.55],[38.5925,0.45],[38.65,0.386111],[38.675,0.35],[38.676531,0.25],[38.65,0.211765],[38.62451,0.25],[38.55,0.321698],[38.45,0.296269],[38.406338,0.25],[38.352083,0.15],[38.35,0.146078],[38.252,0.05],[38.25,0.048718],[38.183043,-0.05],[38.15,-0.15],[38.132,-0.25],[38.15,-0.258571],[38.16,-0.25],[38.15,-0.15],[38.25,-0.1852],[38.35,-0.181405],[38.45,-0.230833],[38.484848,-0.25],[38.55,-0.305844],[38.619388,-0.35],[38.65,-0.396875],[38.703125,-0.45],[38.75,-0.5125],[38.76875,-0.55],[38.761538,-0.65],[38.75,-0.696154],[38.737037,-0.75],[38.687037,-0.85],[38.65,-0.940909],[38.644118,-0.95],[38.578571,-1.05],[38.55,-1.075],[38.525,-1.15],[38.55,-1.158696],[38.631466,-1.25],[38.55,-1.346429],[38.5375,-1.35],[38.55,-1.408333],[38.559259,-1.45],[38.560345,-1.55],[38.55,-1.578571],[38.501613,-1.65],[38.55,-1.721429],[38.559091,-1.75],[38.591176,-1.85],[38.565517,-1.95],[38.55,-2.031818],[38.545745,-2.05],[38.482653,-2.15],[38.475862,-2.25],[38.45,-2.296875],[38.416667,-2.35],[38.426866,-2.45],[38.45,-2.488272],[38.518493,-2.55],[38.55,-2.638462],[38.553896,-2.65],[38.567808,-2.75],[38.565152,-2.85],[38.580435,-2.95],[38.55,-2.996667],[38.514179,-3.05],[38.55,-3.095283],[38.585802,-3.15],[38.640278,-3.25],[38.65,-3.288889],[38.67037,-3.35],[38.716667,-3.45],[38.75,-3.517442],[38.7675,-3.55],[38.8084,-3.65],[38.757463,-3.75],[38.77973,-3.85],[38.75,-3.938],[38.746203,-3.95],[38.75,-3.956522],[38.787069,-4.05],[38.827358,-4.15],[38.75,-4.232828],[38.65,-4.229286],[38.55,-4.237805],[38.508333,-4.25],[38.45,-4.292857],[38.374324,-4.35],[38.427284,-4.45],[38.45,-4.526667],[38.469178,-4.55],[38.55,-4.5777],[38.64595,-4.65],[38.65,-4.660656],[38.702657,-4.75],[38.725104,-4.85],[38.686599,-4.95],[38.704667,-5.05],[38.678125,-5.15],[38.65,-5.172642],[38.588983,-5.15],[38.553041,-5.05],[38.55,-5.02907],[38.547264,-5.05],[38.45,-5.121429],[38.35,-5.115753],[38.253518,-5.05],[38.262607,-4.95],[38.25,-4.922671],[38.228846,-4.95],[38.15,-5.048204],[38.144915,-5.05],[38.15,-5.060714],[38.190323,-5.15],[38.239744,-5.25],[38.239157,-5.35],[38.25,-5.40625],[38.265217,-5.45],[38.278205,-5.55],[38.25,-5.634615],[38.243258,-5.65],[38.207609,-5.75],[38.15,-5.808889],[38.083929,-5.85],[38.05,-5.8975],[37.95,-5.918919],[37.855556,-5.85],[37.85,-5.847297],[37.843333,-5.85],[37.819811,-5.95],[37.75,-6.018266],[37.65,-6.040116],[37.647733,-6.05],[37.631129,-6.15],[37.55,-6.23835],[37.53022,-6.25],[37.45,-6.32449],[37.35,-6.339224],[37.331481,-6.35],[37.25,-6.439431],[37.241772,-6.45],[37.179921,-6.55],[37.15,-6.591304],[37.123399,-6.65],[37.107143,-6.75],[37.05,-6.826033],[37.026613,-6.85],[36.995455,-6.95],[37.020732,-7.05],[37.05,-7.108537],[37.101515,-7.15],[37.15,-7.211538],[37.172222,-7.15],[37.222727,-7.05],[37.25,-7.026316],[37.33169,-6.95],[37.35,-6.934524],[37.45,-6.879787],[37.473529,-6.85],[37.503448,-6.75],[37.55,-6.69375],[37.614615,-6.65],[37.65,-6.615672],[37.708974,-6.65],[37.724286,-6.75],[37.75,-6.753982],[37.839117,-6.85],[37.799237,-6.95],[37.758491,-7.05],[37.809105,-7.15],[37.791425,-7.25],[37.75,-7.296851],[37.65,-7.325096],[37.55,-7.26044],[37.45,-7.251515],[37.387198,-7.35],[37.35,-7.42],[37.25,-7.425593],[37.210656,-7.45],[37.15,-7.502358],[37.05,-7.484118],[37.033183,-7.55],[37.00181,-7.65],[36.95,-7.713085],[36.933477,-7.75],[36.911644,-7.85],[36.85,-7.928261],[36.803052,-7.95],[36.75,-8.008549],[36.65,-8.006646],[36.55,-7.991104],[36.45,-8.012431],[36.35,-8.009502],[36.309752,-8.05],[36.25,-8.111661],[36.217568,-8.15],[36.15,-8.236207],[36.144178,-8.25],[36.09922,-8.35],[36.05,-8.399002],[36.016763,-8.45],[35.95,-8.52549],[35.934093,-8.55],[35.85,-8.639909],[35.834107,-8.65],[35.799704,-8.75],[35.75,-8.822727],[35.725294,-8.85],[35.684266,-8.95],[35.683962,-9.05],[35.700311,-9.15],[35.695455,-9.25],[35.68787,-9.35],[35.65,-9.43],[35.629221,-9.45],[35.65,-9.454444],[35.673529,-9.45],[35.75,-9.416879],[35.85,-9.439091],[35.95,-9.396875],[36.020755,-9.35],[36.05,-9.323043],[36.088532,-9.25],[36.144904,-9.15],[36.15,-9.144118],[36.25,-9.08266],[36.35,-9.055202],[36.353734,-9.05],[36.362903,-8.95],[36.388567,-8.85],[36.418333,-8.75],[36.45,-8.706019],[36.491156,-8.65],[36.55,-8.57996],[36.65,-8.560738],[36.75,-8.584177],[36.807353,-8.65],[36.807191,-8.75],[36.752649,-8.85],[36.75,-8.858],[36.741636,-8.95],[36.75,-9.033636],[36.758333,-9.05],[36.837179,-9.15],[36.85,-9.158621],[36.888129,-9.25],[36.85,-9.3],[36.791758,-9.35],[36.75,-9.382479],[36.676168,-9.45],[36.65,-9.5375],[36.55,-9.531081],[36.45,-9.536321],[36.438931,-9.55],[36.439011,-9.65],[36.45,-9.702632],[36.51383,-9.65],[36.55,-9.605263],[36.65,-9.562121],[36.75,-9.629365],[36.85,-9.575],[36.95,-9.557042],[37.05,-9.57],[37.07069,-9.65],[37.05,-9.720588],[37.044681,-9.75],[37.05,-9.767241],[37.069231,-9.75],[37.15,-9.718657],[37.217742,-9.75],[37.25,-9.77381],[37.261364,-9.75],[37.290351,-9.65],[37.35,-9.598485],[37.384409,-9.55],[37.45,-9.466438],[37.481579,-9.45],[37.55,-9.407377],[37.65,-9.399541],[37.75,-9.403061],[37.85,-9.410947],[37.908407,-9.45],[37.908025,-9.55],[37.892609,-9.65],[37.918966,-9.75],[37.95,-9.829412],[37.958861,-9.85],[37.95,-9.927778],[37.94798,-9.95],[37.95,-9.955405],[37.992683,-10.05],[37.95,-10.129545],[37.935938,-10.15],[37.916667,-10.25],[37.874561,-10.35],[37.854082,-10.45],[37.85,-10.459524],[37.811224,-10.55],[37.762821,-10.65],[37.75,-10.663514],[37.65,-10.691026],[37.622619,-10.75],[37.55,-10.841045],[37.45,-10.760526],[37.427027,-10.85],[37.45,-10.883333],[37.488636,-10.95],[37.506391,-11.05],[37.507895,-11.15],[37.45,-11.230208],[37.403659,-11.25],[37.35,-11.281429],[37.254,-11.35],[37.264737,-11.45],[37.25,-11.466867],[37.176596,-11.55],[37.15,-11.568519],[37.11988,-11.55],[37.05,-11.451695],[36.95,-11.505333],[36.85,-11.474706],[36.75,-11.469444],[36.659375,-11.55],[36.65,-11.561538],[36.55,-11.639474],[36.45,-11.642929],[36.419565,-11.65],[36.45,-11.75],[36.45,-11.75],[36.55,-11.8125],[36.65,-11.821154],[36.75,-11.826],[36.76875,-11.85],[36.85,-11.9],[36.95,-11.95],[36.95,-11.95],[36.995745,-12.05],[36.975,-12.15],[37.05,-12.183333],[37.073684,-12.15],[37.15,-12.111333],[37.25,-12.116667],[37.322727,-12.15],[37.25,-12.176667],[37.179032,-12.25],[37.15,-12.264286],[37.05,-12.279508],[36.95,-12.341667],[36.942647,-12.35],[36.913235,-12.45],[36.85,-12.520492],[36.802632,-12.55],[36.75,-12.6],[36.663043,-12.65],[36.65,-12.71],[36.644286,-12.75],[36.65,-12.775],[36.666667,-12.85],[36.727778,-12.95],[36.75,-12.964634],[36.772222,-12.95],[36.85,-12.905319],[36.95,-12.934211],[36.985294,-12.95],[37.05,-12.994],[37.15,-13.043333],[37.155263,-13.05],[37.25,-13.09186],[37.35,-13.061765],[37.380769,-13.05],[37.45,-13.013265],[37.517391,-12.95],[37.55,-12.903125],[37.604839,-12.85],[37.65,-12.825862],[37.706,-12.85],[37.75,-12.875581],[37.85,-12.943056],[37.95,-12.898101],[38.032,-12.95],[38.05,-12.975],[38.1175,-13.05],[38.05,-13.134375],[38.040741,-13.15],[38.05,-13.176316],[38.096667,-13.25],[38.15,-13.33],[38.25,-13.265556],[38.2625,-13.25],[38.35,-13.183784],[38.45,-13.1625],[38.525,-13.15],[38.55,-13.142593],[38.65,-13.139189],[38.683333,-13.15],[38.75,-13.172222],[38.840323,-13.25],[38.85,-13.2625],[38.877273,-13.25],[38.95,-13.177273],[39.038889,-13.25],[38.95,-13.27963],[38.9025,-13.35],[38.85,-13.4375],[38.841429,-13.45],[38.75,-13.528049],[38.697059,-13.55],[38.65,-13.567778],[38.578846,-13.65],[38.55,-13.68],[38.475,-13.65],[38.45,-13.64375],[38.435294,-13.65],[38.35,-13.705769],[38.25,-13.722581],[38.166667,-13.65],[38.15,-13.621875],[38.125,-13.65],[38.05,-13.731818],[37.95,-13.74],[37.85,-13.724074],[37.828788,-13.75],[37.75,-13.824286],[37.717857,-13.85],[37.75,-13.897368],[37.85,-13.942593],[37.853846,-13.95],[37.85,-13.99],[37.826923,-14.05],[37.75,-14.09],[37.701613,-14.15],[37.65,-14.175397],[37.57381,-14.15],[37.55,-14.133333],[37.45,-14.077273],[37.431395,-14.15],[37.35,-14.242105],[37.336364,-14.25],[37.35,-14.271429],[37.407895,-14.35],[37.386364,-14.45],[37.45,-14.506],[37.55,-14.484211],[37.65,-14.459091],[37.75,-14.512857],[37.85,-14.51],[37.95,-14.488462],[38.0125,-14.45],[38.05,-14.434615],[38.061538,-14.45],[38.15,-14.49381],[38.202212,-14.55],[38.15,-14.62284],[38.119014,-14.65],[38.15,-14.686066],[38.25,-14.685714],[38.3,-14.65],[38.35,-14.610674],[38.397297,-14.65],[38.39,-14.75],[38.45,-14.760526],[38.55,-14.75],[38.55,-14.75],[38.607746,-14.65],[38.65,-14.568919],[38.75,-14.564286],[38.821429,-14.65],[38.85,-14.725],[38.95,-14.685849],[39.05,-14.716667],[39.081429,-14.75],[39.05,-14.775],[38.994068,-14.85],[38.95,-14.92027],[38.902174,-14.95],[38.85,-14.969048],[38.75,-15.034314],[38.734615,-15.05],[38.703846,-15.15],[38.65,-15.18],[38.555769,-15.25],[38.55,-15.261538],[38.516667,-15.25],[38.45,-15.239655],[38.443182,-15.25],[38.383333,-15.35],[38.369481,-15.45],[38.35,-15.501724],[38.319388,-15.45],[38.272727,-15.35],[38.25,-15.341935],[38.229167,-15.35],[38.172727,-15.45],[38.15,-15.471739],[38.05,-15.522222],[38.032143,-15.55],[37.95,-15.623016],[37.85,-15.620968],[37.820492,-15.65],[37.85,-15.75],[37.85,-15.75],[37.75,-15.84375],[37.65,-15.795652],[37.615753,-15.85],[37.55,-15.907143],[37.495455,-15.95],[37.45,-15.996875],[37.366667,-15.95],[37.35,-15.936364],[37.25,-15.857407],[37.216667,-15.85],[37.15,-15.844937],[37.113636,-15.85],[37.05,-15.9375],[37.048077,-15.95],[36.95,-16.007303],[36.85,-16.036916],[36.803333,-16.05],[36.75,-16.134211],[36.744828,-16.15],[36.67,-16.25],[36.65,-16.284375],[36.55,-16.319948],[36.45,-16.31773],[36.37541,-16.35],[36.35,-16.366062],[36.317368,-16.35],[36.25,-16.290187],[36.203763,-16.25],[36.15,-16.163793],[36.136207,-16.15],[36.061111,-16.05],[36.05,-16.04375],[35.95,-16.04],[35.947396,-16.05],[35.926531,-16.15],[35.920313,-16.25],[35.85,-16.334906],[35.840476,-16.35],[35.82,-16.45],[35.814706,-16.55],[35.75,-16.587079],[35.681959,-16.55],[35.65,-16.513953],[35.608015,-16.45],[35.65,-16.36791],[35.663636,-16.35],[35.65,-16.339565],[35.55,-16.32875],[35.45,-16.333721],[35.396667,-16.25],[35.35,-16.189423],[35.296154,-16.25],[35.25,-16.274107],[35.15,-16.320604],[35.093958,-16.25],[35.05,-16.181715],[35.028834,-16.15],[34.954663,-16.05],[34.95,-16.037946],[34.892059,-15.95],[34.861688,-15.85],[34.85,-15.795783],[34.833478,-15.75],[34.814919,-15.65],[34.85,-15.573684],[34.880682,-15.55],[34.924699,-15.45],[34.95,-15.382258],[35.05,-15.370779],[35.069048,-15.35],[35.069355,-15.25],[35.05,-15.233333],[35.031818,-15.25],[34.95,-15.322973],[34.85,-15.298276],[34.833696,-15.35],[34.75,-15.42032],[34.727431,-15.45],[34.65679,-15.55],[34.65,-15.561111],[34.56619,-15.65],[34.572768,-15.75],[34.562736,-15.85],[34.55,-15.880337],[34.498077,-15.85],[34.45,-15.837805],[34.35,-15.802709],[34.265748,-15.75],[34.25,-15.739418],[34.15,-15.671],[34.09878,-15.65],[34.05,-15.631567],[33.95,-15.620256],[33.857432,-15.55],[33.85,-15.544634],[33.754902,-15.45],[33.75,-15.435294],[33.65,-15.446154],[33.55,-15.368644],[33.45,-15.369048],[33.405556,-15.35],[33.35,-15.306897],[33.25,-15.337879],[33.227143,-15.35],[33.25,-15.363115],[33.2924,-15.45],[33.35,-15.544737],[33.353571,-15.55],[33.35,-15.562903],[33.25,-15.607658],[33.15303,-15.55],[33.15,-15.544737],[33.094186,-15.45],[33.108462,-15.35],[33.15,-15.25],[33.145,-15.15],[33.05,-15.118852],[32.983333,-15.05],[32.95,-15.011818],[32.90641,-14.95],[32.858989,-14.85],[32.85,-14.844406],[32.761111,-14.85],[32.813025,-14.95],[32.75,-15.040361],[32.65,-14.95],[32.571875,-15.05],[32.579412,-15.15],[32.65,-15.238235],[32.707143,-15.25],[32.670202,-15.35],[32.714198,-15.45],[32.75,-15.474167],[32.794828,-15.55],[32.85,-15.618293],[32.95,-15.632258],[32.963525,-15.65],[32.95,-15.665865],[32.85,-15.676263],[32.75,-15.70894],[32.65,-15.660185],[32.640984,-15.65],[32.65,-15.621053],[32.672881,-15.55],[32.65,-15.515823],[32.584177,-15.45],[32.55,-15.431507],[32.45,-15.38271],[32.35,-15.383987],[32.25,-15.399107],[32.15,-15.409677],[32.05,-15.434615],[32.025,-15.45],[31.95,-15.505462],[31.85,-15.503039],[31.75,-15.519444],[31.652941,-15.55],[31.65,-15.550649],[31.55,-15.555914],[31.45,-15.588298],[31.35,-15.580279],[31.253797,-15.55],[31.25,-15.548352],[31.15,-15.517453],[31.066867,-15.55],[31.05,-15.570588],[30.95,-15.584532],[30.902475,-15.55],[30.85,-15.515806],[30.75,-15.488547],[30.65,-15.507005],[30.559231,-15.45],[30.55,-15.43481],[30.498462,-15.35],[30.454167,-15.25],[30.458261,-15.15],[30.454605,-15.05],[30.45,-15.042632],[30.419565,-15.05],[30.35,-15.063793],[30.333158,-15.05],[30.25,-14.960227],[30.202976,-15.05],[30.15,-15.112238],[30.119663,-15.15],[30.15,-15.207447],[30.179412,-15.25],[30.15,-15.293956],[30.05,-15.327011],[30.007447,-15.35],[30.05,-15.378571],[30.15,-15.425],[30.165596,-15.45],[30.217213,-15.55],[30.25,-15.63],[30.264851,-15.65],[30.326157,-15.75],[30.27623,-15.85],[30.25,-15.914],[30.243571,-15.95],[30.186842,-16.05],[30.15,-16.088356],[30.05,-16.13375],[30.02451,-16.15],[30.05,-16.183333],[30.15,-16.245745],[30.25,-16.181373],[30.332031,-16.25],[30.35,-16.259705],[30.45,-16.293172],[30.55,-16.310116],[30.65,-16.320248],[30.704545,-16.35],[30.75,-16.356466],[30.85,-16.364554],[30.95,-16.370814],[31.05,-16.368856],[31.15,-16.366896],[31.25,-16.366015],[31.35,-16.366785],[31.45,-16.352778],[31.55,-16.350649],[31.552222,-16.35],[31.65,-16.27605],[31.75,-16.263415],[31.770755,-16.25],[31.75,-16.192105],[31.73,-16.15],[31.675926,-16.05],[31.718478,-15.95],[31.75,-15.917045],[31.85,-15.885811],[31.95,-15.899359],[32.003378,-15.95],[31.985484,-16.05],[32.05,-16.07649],[32.15,-16.074194],[32.246774,-16.05],[32.25,-16.048529],[32.343056,-15.95],[32.35,-15.942958],[32.45,-15.89717],[32.55,-15.9],[32.65,-15.922581],[32.678333,-15.95],[32.65,-16.023913],[32.55,-16.018085],[32.516667,-16.05],[32.459091,-16.15],[32.486364,-16.25],[32.45,-16.340909],[32.41,-16.35],[32.45,-16.366667],[32.490816,-16.45],[32.55,-16.471014],[32.65,-16.528302],[32.7075,-16.55],[32.75,-16.561039],[32.85,-16.626],[32.876667,-16.65],[32.867333,-16.75],[32.95,-16.79],[33.044898,-16.85],[33.05,-16.864706],[33.079592,-16.95],[33.089423,-17.05],[33.15,-17.14],[33.25,-17.086752],[33.341489,-17.05],[33.35,-17.045918],[33.380769,-17.05],[33.45,-17.059278],[33.471429,-17.05],[33.546154,-16.95],[33.55,-16.935],[33.561538,-16.95],[33.603226,-17.05],[33.65,-17.132857],[33.664634,-17.15],[33.75,-17.201471],[33.834615,-17.25],[33.826923,-17.35],[33.8,-17.45],[33.85,-17.543548],[33.95,-17.546923],[33.954082,-17.55],[34.003846,-17.65],[34.05,-17.722],[34.06,-17.75],[34.05,-17.772581],[33.992857,-17.85],[33.95,-17.925],[33.927778,-17.95],[33.905556,-18.05],[33.908824,-18.15],[33.933333,-18.25],[33.95,-18.262821],[34.05,-18.261438],[34.15,-18.278444],[34.207914,-18.35],[34.20742,-18.45],[34.15,-18.549085],[34.138462,-18.55],[34.05,-18.565753],[34.022619,-18.55],[33.95,-18.469737],[33.923214,-18.45],[33.860526,-18.35],[33.85,-18.336207],[33.836667,-18.35],[33.75,-18.415],[33.694,-18.45],[33.65,-18.469298],[33.606,-18.45],[33.55,-18.415854],[33.5,-18.45],[33.477586,-18.55],[33.45,-18.576667],[33.361111,-18.55],[33.35,-18.542],[33.343103,-18.55],[33.342405,-18.65],[33.35,-18.664286],[33.442308,-18.75],[33.45,-18.753191],[33.55,-18.785714],[33.616667,-18.85],[33.640385,-18.95],[33.65,-18.955376],[33.742632,-19.05],[33.675166,-19.15],[33.65,-19.191758],[33.605833,-19.25],[33.55,-19.315686],[33.520588,-19.35],[33.45,-19.446552],[33.444231,-19.45],[33.355607,-19.55],[33.35,-19.5625],[33.25,-19.610396],[33.235663,-19.65],[33.25,-19.675806],[33.305288,-19.75],[33.25,-19.805825],[33.236107,-19.85],[33.15,-19.946082],[33.145856,-19.95],[33.05,-20.036084],[33.01791,-20.05],[33.013899,-20.15],[33.01978,-20.25],[33.0135,-20.35],[32.962667,-20.45],[32.95,-20.461656],[32.880769,-20.55],[32.85,-20.575197],[32.75,-20.643289],[32.726744,-20.65],[32.65,-20.701563],[32.602308,-20.75],[32.55,-20.770732],[32.45,-20.762048],[32.435294,-20.75],[32.35,-20.673684],[32.332353,-20.65],[32.35,-20.624648],[32.373874,-20.55],[32.363527,-20.45],[32.363881,-20.35],[32.3625,-20.25],[32.352521,-20.15],[32.35,-20.14],[32.295455,-20.15],[32.25,-20.167241],[32.196667,-20.25],[32.15,-20.32],[32.131633,-20.35],[32.114706,-20.45],[32.110377,-20.55],[32.061538,-20.65],[32.05,-20.669355],[32.014706,-20.65],[31.95,-20.628431],[31.85,-20.636842],[31.808333,-20.65],[31.75,-20.701852],[31.65,-20.685],[31.55,-20.72],[31.497059,-20.75],[31.45,-20.807143],[31.35,-20.775581],[31.25,-20.803659],[31.18871,-20.85],[31.15,-20.882432],[31.05,-20.937692],[31.019231,-20.95],[30.95,-21.019231],[30.934,-21.05],[30.905556,-21.15],[30.944444,-21.25],[30.95,-21.2625],[31.013636,-21.35],[30.95,-21.370588],[30.85,-21.384286],[30.75,-21.391379],[30.682,-21.45],[30.722222,-21.55],[30.75,-21.563158],[30.85,-21.602083],[30.945833,-21.65],[30.95,-21.655556],[31.05,-21.677731],[31.15,-21.728571],[31.173077,-21.75],[31.180769,-21.85],[31.194565,-21.95],[31.15,-21.992268],[31.05,-21.983654],[31.005128,-21.95],[30.95,-21.882812],[30.910377,-21.85],[30.85,-21.755882],[30.827778,-21.75],[30.75,-21.7325],[30.65,-21.7025],[30.55,-21.739474],[30.543939,-21.75],[30.55,-21.761111],[30.589024,-21.85],[30.643878,-21.95],[30.65,-21.961538],[30.687097,-22.05],[30.65,-22.104762],[30.584483,-22.15],[30.55,-22.168868],[30.45,-22.211905],[30.385135,-22.25],[30.35,-22.26625],[30.26875,-22.25],[30.25,-22.246],[30.15,-22.232],[30.05,-22.196667],[29.974324,-22.15],[29.95,-22.128571],[29.868182,-22.15],[29.95,-22.231818],[29.955882,-22.25],[30.05,-22.311538],[30.116667,-22.35],[30.15,-22.363333],[30.240278,-22.45],[30.25,-22.471875],[30.3,-22.45],[30.35,-22.440541],[30.378,-22.45],[30.45,-22.51],[30.55,-22.51092],[30.65,-22.534314],[30.672857,-22.55],[30.75,-22.563636],[30.85,-22.578235],[30.9476,-22.65],[30.921429,-22.75],[30.85,-22.791176],[30.75,-22.847951],[30.742063,-22.85],[30.75,-22.9125],[30.755769,-22.95],[30.7625,-23.05],[30.754348,-23.15],[30.75,-23.154167],[30.65,-23.216667],[30.61,-23.25],[30.621154,-23.35],[30.616667,-23.45],[30.594898,-23.55],[30.55,-23.597826],[30.513077,-23.65],[30.45,-23.743182],[30.444231,-23.75],[30.45,-23.756667],[30.55,-23.776374],[30.65,-23.813636],[30.724074,-23.85],[30.731818,-23.95],[30.75,-23.965686],[30.85,-24.042453],[30.856154,-24.05],[30.85,-24.055797],[30.75,-24.098315],[30.65,-24.126316],[30.628049,-24.15],[30.65,-24.181034],[30.696512,-24.25],[30.722414,-24.35],[30.75,-24.351533],[30.85,-24.362],[30.886364,-24.35],[30.95,-24.310377],[31.022414,-24.35],[31.05,-24.366327],[31.15,-24.434],[31.25,-24.437931],[31.265217,-24.45],[31.262903,-24.55],[31.253636,-24.65],[31.25,-24.654348],[31.179032,-24.75],[31.230769,-24.85],[31.218987,-24.95],[31.201948,-25.05],[31.25,-25.084906],[31.33625,-25.15],[31.35,-25.165714],[31.396457,-25.25],[31.355333,-25.35],[31.363115,-25.45],[31.35,-25.459524],[31.322263,-25.55],[31.35,-25.577143],[31.45,-25.575],[31.498485,-25.65],[31.45,-25.728689],[31.439817,-25.75],[31.45,-25.777857],[31.517785,-25.85],[31.481674,-25.95],[31.45,-26.031395],[31.442488,-26.05],[31.45,-26.076667],[31.480137,-26.15],[31.502273,-26.25],[31.494099,-26.35],[31.510377,-26.45],[31.55,-26.532895],[31.56,-26.55],[31.55,-26.563684],[31.525926,-26.55],[31.45,-26.520073],[31.393836,-26.55],[31.35,-26.59507],[31.340394,-26.65],[31.35,-26.704167],[31.45,-26.699455],[31.55,-26.694324],[31.579855,-26.75],[31.55,-26.813975],[31.521981,-26.85],[31.55,-26.939231],[31.553535,-26.95],[31.617974,-27.05],[31.574,-27.15],[31.588492,-27.25],[31.55,-27.341509],[31.54396,-27.35],[31.519714,-27.45],[31.55,-27.479444],[31.626506,-27.55],[31.596277,-27.65],[31.65,-27.745283],[31.654505,-27.75],[31.75,-27.817089],[31.822222,-27.85],[31.839474,-27.95],[31.758955,-28.05],[31.75,-28.052429],[31.65,-28.061765],[31.635222,-28.05],[31.55,-27.955978],[31.45,-27.973636],[31.42485,-28.05],[31.45,-28.126364],[31.457692,-28.15],[31.526033,-28.25],[31.487288,-28.35],[31.500943,-28.45],[31.545706,-28.55],[31.514754,-28.65],[31.45,-28.701803],[31.35,-28.734638],[31.322959,-28.75],[31.35,-28.779444],[31.431935,-28.85],[31.35,-28.922159],[31.312879,-28.95],[31.25,-28.998538],[31.215702,-28.95],[31.15,-28.867188],[31.1335,-28.85],[31.05,-28.78451],[30.95,-28.799372],[30.911709,-28.85],[30.95,-28.883989],[30.999894,-28.95],[31.05,-29.034892],[31.065162,-29.05],[31.14685,-29.15],[31.05,-29.189806],[30.975301,-29.25],[31.015306,-29.35],[30.97809,-29.45],[30.95,-29.481847],[30.85,-29.533817],[30.813889,-29.55],[30.75,-29.590116],[30.65,-29.635981],[30.62479,-29.65],[30.65,-29.665957],[30.75,-29.70508],[30.791584,-29.75],[30.75,-29.812687],[30.69382,-29.85],[30.70426,-29.95],[30.65,-30.010199],[30.55,-30.041061],[30.510976,-30.05],[30.45,-30.1125],[30.443952,-30.15],[30.45,-30.17459],[30.482857,-30.25],[30.45,-30.326667],[30.443035,-30.35],[30.35,-30.448942],[30.345833,-30.45],[30.25,-30.516667],[30.15,-30.519264],[30.106442,-30.55],[30.098696,-30.65],[30.15,-30.725641],[30.209375,-30.75],[30.15,-30.792697],[30.05,-30.816187],[30.016901,-30.85],[30.002288,-30.95],[29.95,-31.015041],[29.918148,-31.05],[29.85,-31.097423],[29.75,-31.142793],[29.744595,-31.15],[29.65,-31.241503],[29.642262,-31.25],[29.65,-31.279545],[29.685227,-31.35],[29.65,-31.364833],[29.55,-31.37657],[29.45,-31.420042],[29.35,-31.395714],[29.277273,-31.35],[29.25,-31.31129],[29.221765,-31.35],[29.233618,-31.45],[29.212044,-31.55],[29.174779,-31.65],[29.15,-31.684783],[29.081818,-31.75],[29.05,-31.770763],[28.95,-31.800704],[28.893548,-31.85],[28.85,-31.910674],[28.82651,-31.95],[28.75,-32.009375],[28.65,-32.008364],[28.574832,-32.05],[28.571,-32.15],[28.55,-32.179787],[28.479787,-32.25],[28.45,-32.274852],[28.358633,-32.35],[28.35,-32.360345],[28.252804,-32.45],[28.25,-32.451429],[28.246296,-32.45],[28.15,-32.39902],[28.070408,-32.45],[28.05,-32.463333],[28.027011,-32.45],[27.95,-32.42173],[27.855028,-32.35],[27.85,-32.346907],[27.834483,-32.35],[27.832857,-32.45],[27.85,-32.46875],[27.95,-32.545714],[27.952256,-32.55],[27.95,-32.56],[27.870588,-32.65],[27.85,-32.655072],[27.75,-32.718862],[27.685,-32.75],[27.65,-32.772047],[27.55,-32.828947],[27.45,-32.837059],[27.35,-32.817176],[27.296914,-32.85],[27.25,-32.923077],[27.15,-32.898357],[27.05,-32.883333],[26.975,-32.85],[26.95,-32.845855],[26.931395,-32.85],[26.85,-32.907377],[26.782692,-32.85],[26.75,-32.842478],[26.65,-32.804167],[26.599231,-32.85],[26.55,-32.909259],[26.45,-32.9225],[26.421053,-32.95],[26.45,-33.016],[26.484694,-33.05],[26.45,-33.064167],[26.395161,-33.05],[26.35,-33.035263],[26.25,-33.037166],[26.15,-33.041943],[26.05,-33.044706],[25.95,-33.049087],[25.940476,-33.05],[25.95,-33.05625],[26.05,-33.057438],[26.15,-33.062143],[26.25,-33.075806],[26.314486,-33.15],[26.35,-33.182203],[26.45,-33.205978],[26.55,-33.211966],[26.65,-33.239238],[26.668898,-33.25],[26.65,-33.265686],[26.55,-33.339],[26.531967,-33.35],[26.45,-33.372727],[26.35,-33.379697],[26.25,-33.389735],[26.172078,-33.35],[26.15,-33.324627],[26.053846,-33.25],[26.05,-33.248246],[25.95,-33.187037],[25.892697,-33.25],[25.85,-33.285849],[25.75,-33.327143],[25.65,-33.306913],[25.55,-33.316862],[25.45,-33.2908],[25.35,-33.266996],[25.303261,-33.25],[25.35,-33.220345],[25.45,-33.158929],[25.460638,-33.15],[25.45,-33.122222],[25.411194,-33.05],[25.35,-33.036054],[25.25,-32.992342],[25.15,-32.963675],[25.05,-32.958257],[24.95,-32.972269],[24.877397,-32.95],[24.85,-32.936111],[24.75,-32.930541],[24.65,-32.885616],[24.572951,-32.95],[24.612319,-33.05],[24.65,-33.078889],[24.731013,-33.15],[24.75,-33.16145],[24.85,-33.190704],[24.95,-33.207955],[25.05,-33.233936],[25.079851,-33.25],[25.05,-33.277778],[24.95,-33.349107],[24.945833,-33.35],[24.85,-33.394231],[24.758,-33.35],[24.75,-33.348305],[24.747183,-33.35],[24.65,-33.3845],[24.55,-33.39939],[24.45,-33.359231],[24.437755,-33.35],[24.35,-33.313866],[24.25,-33.330556],[24.214103,-33.35],[24.25,-33.365054],[24.344048,-33.45],[24.35,-33.453145],[24.45,-33.478922],[24.55,-33.480515],[24.65,-33.515829],[24.75,-33.482029],[24.85,-33.461462],[24.95,-33.462556],[25.05,-33.518261],[25.129348,-33.55],[25.15,-33.566379],[25.25,-33.605629],[25.319792,-33.65],[25.25,-33.675969],[25.15,-33.703297],[25.079167,-33.75],[25.05,-33.760386],[25.01875,-33.75],[24.95,-33.715158],[24.85,-33.683254],[24.75,-33.657427],[24.721429,-33.65],[24.65,-33.599275],[24.594444,-33.65],[24.55,-33.691481],[24.503529,-33.75],[24.45,-33.836667],[24.35,-33.773256],[24.25,-33.829688],[24.182468,-33.85],[24.15,-33.90814],[24.121429,-33.95]],[[9.05,4.275974],[9.075055,4.35],[9.15,4.400669],[9.25,4.403608],[9.305689,4.35],[9.337791,4.25],[9.315008,4.15],[9.25,4.093434],[9.186229,4.05]],[[8.75,3.456601],[8.708115,3.45],[8.728209,3.35]],[[6.55,0.326486],[6.644268,0.25],[6.55,0.186344]],[[43.346809,-11.55],[43.312761,-11.65],[43.266715,-11.75]],[[49.95,-15.39],[49.963514,-15.35],[49.95,-15.336755],[49.852602,-15.25],[49.85,-15.232051],[49.835253,-15.15],[49.75,-15.062322],[49.67094,-15.15],[49.65,-15.164715],[49.55,-15.168],[49.534411,-15.25],[49.502364,-15.35],[49.488202,-15.45],[49.501522,-15.55],[49.529779,-15.65],[49.541703,-15.75],[49.55,-15.785185],[49.560448,-15.85],[49.551242,-15.95],[49.55,-15.951465],[49.45,-15.992731],[49.398413,-16.05],[49.45,-16.106277],[49.485069,-16.15],[49.4625,-16.25],[49.45,-16.269643],[49.421875,-16.35],[49.371053,-16.45],[49.35,-16.4625],[49.25,-16.546],[49.243243,-16.55],[49.25,-16.562821],[49.286559,-16.65],[49.275962,-16.75],[49.25,-16.837097],[49.247101,-16.85],[49.217722,-16.95],[49.167969,-17.05],[49.15,-17.085385],[49.072222,-17.15],[49.05,-17.177586],[48.993243,-17.25],[48.95,-17.318571],[48.937709,-17.35],[48.931323,-17.45],[48.95,-17.483103],[49.05,-17.536517],[49.060213,-17.55],[49.080035,-17.65],[49.05,-17.684553],[48.998562,-17.75],[49.046795,-17.85],[49.05,-17.888462],[49.055442,-17.95],[49.05,-17.983333],[48.95,-18.035614],[48.935563,-18.05],[48.95,-18.080147],[48.980159,-18.15],[48.95,-18.213333],[48.938347,-18.25],[48.917451,-18.35],[48.88,-18.45],[48.85,-18.471711],[48.786538,-18.45],[48.75,-18.437662],[48.741038,-18.45],[48.713772,-18.55],[48.709426,-18.65],[48.65,-18.73011],[48.636312,-18.75],[48.65,-18.817925],[48.657623,-18.85],[48.65,-18.87931],[48.6327,-18.95],[48.610068,-19.05],[48.613427,-19.15],[48.55407,-19.25],[48.55,-19.271538],[48.5245,-19.35],[48.45,-19.442547],[48.442727,-19.45],[48.45,-19.465584],[48.528313,-19.55],[48.504667,-19.65],[48.45,-19.745349],[48.444286,-19.75],[48.35,-19.793421],[48.262,-19.75],[48.25,-19.740526],[48.243617,-19.75],[48.25,-19.81],[48.256522,-19.85],[48.251163,-19.95],[48.25,-19.983333],[48.245556,-20.05],[48.25,-20.054651],[48.265018,-20.15],[48.25,-20.183884],[48.212791,-20.25],[48.162821,-20.35],[48.15,-20.395455],[48.124603,-20.45],[48.05,-20.544],[48.032692,-20.55],[47.95,-20.647727],[47.948,-20.65],[47.85,-20.702128],[47.827941,-20.75],[47.771429,-20.85],[47.75,-20.877632],[47.714286,-20.95],[47.681111,-21.05],[47.6556,-21.15],[47.65,-21.173333],[47.634667,-21.25],[47.645789,-21.35],[47.592222,-21.45],[47.55,-21.49],[47.538757,-21.55],[47.506427,-21.65],[47.475131,-21.75],[47.45,-21.778402],[47.423171,-21.85],[47.407263,-21.95],[47.35,-22.026836],[47.33447,-22.05],[47.309231,-22.15],[47.290341,-22.25],[47.25,-22.287368],[47.20123,-22.35],[47.194884,-22.45],[47.201149,-22.55],[47.179508,-22.65],[47.188306,-22.75],[47.25,-22.84871],[47.250629,-22.85],[47.25,-22.850826],[47.164286,-22.95],[47.15,-23.021429],[47.135321,-23.05],[47.15,-23.075397],[47.162401,-23.15],[47.176182,-23.25],[47.178175,-23.35],[47.161765,-23.45],[47.212969,-23.55],[47.174088,-23.65],[47.186685,-23.75],[47.15,-23.819858],[47.126124,-23.85],[47.15,-23.888117],[47.174168,-23.95],[47.196622,-24.05],[47.15,-24.149138],[47.149639,-24.15],[47.115188,-24.25],[47.05,-24.340485],[47.0296,-24.35],[46.95,-24.438444],[46.945131,-24.45],[46.883273,-24.55],[46.85,-24.591781],[46.810587,-24.65],[46.85,-24.742391],[46.95,-24.724734],[46.96927,-24.75],[46.95,-24.782534],[46.85,-24.756105],[46.793728,-24.85],[46.75,-24.929936],[46.697708,-24.85],[46.673628,-24.75],[46.65,-24.734458],[46.55,-24.72554],[46.512366,-24.65],[46.55,-24.566667],[46.554575,-24.55],[46.579688,-24.45],[46.588199,-24.35],[46.649306,-24.25],[46.641667,-24.15],[46.584221,-24.05],[46.55,-24.029545],[46.45,-23.967829],[46.428095,-23.95],[46.35,-23.929753],[46.251205,-23.95],[46.25,-23.950654],[46.15,-24.035504],[46.06194,-24.05],[46.05,-24.056667],[45.95,-24.115952],[45.926782,-24.15],[45.85,-24.242105],[45.828182,-24.25],[45.75,-24.334314],[45.65,-24.272222],[45.630952,-24.25],[45.55,-24.160526],[45.534615,-24.15],[45.45,-24.083333],[45.395,-24.05],[45.35,-24.028571],[45.25,-24.00122],[45.20122,-24.05],[45.15,-24.105263],[45.077586,-24.05],[45.05,-24.015217],[44.95,-23.95],[44.95,-23.95],[45.05,-23.903125],[45.15,-23.894068],[45.228788,-23.85],[45.222152,-23.75],[45.197727,-23.65],[45.25,-23.595238],[45.293182,-23.55],[45.35,-23.451961],[45.352857,-23.45],[45.35,-23.448214],[45.316049,-23.35],[45.267778,-23.25],[45.25,-23.236441],[45.223333,-23.25],[45.15,-23.267742],[45.05,-23.322143],[44.985669,-23.25],[44.95,-23.225439],[44.85,-23.225735],[44.75,-23.240698],[44.69633,-23.15],[44.688095,-23.05],[44.65,-23.036441],[44.594186,-23.05],[44.55,-23.107576],[44.524324,-23.05],[44.501042,-22.95],[44.55,-22.861321],[44.553797,-22.85],[44.597458,-22.75],[44.559375,-22.65],[44.55,-22.636667],[44.45,-22.626991],[44.39902,-22.65],[44.35,-22.709524],[44.340116,-22.75],[44.25,-22.845092],[44.242727,-22.85],[44.15,-22.914968],[44.091489,-22.95],[44.05,-22.975658],[43.95,-22.990909],[43.864286,-22.95],[43.85,-22.934746],[43.828355,-22.85],[43.829832,-22.75],[43.843487,-22.65],[43.85,-22.601429],[43.8575,-22.55],[43.866912,-22.45],[43.899508,-22.35],[43.95,-22.264444],[43.972807,-22.25],[44.05,-22.176667],[44.107516,-22.25],[44.15,-22.294521],[44.25,-22.277007],[44.35,-22.314444],[44.378829,-22.35],[44.45,-22.385111],[44.55,-22.367919],[44.576271,-22.35],[44.619492,-22.25],[44.65,-22.202632],[44.680769,-22.15],[44.74375,-22.05],[44.75,-22.043902],[44.85,-22.006835],[44.897244,-22.05],[44.939256,-22.15],[44.95,-22.236667],[44.958,-22.25],[45.05,-22.265646],[45.145833,-22.25],[45.15,-22.248387],[45.159091,-22.25],[45.25,-22.255525],[45.254902,-22.25],[45.326119,-22.15],[45.35,-22.114045],[45.45,-22.10678],[45.470807,-22.05],[45.495018,-21.95],[45.500128,-21.85],[45.490871,-21.75],[45.494583,-21.65],[45.515741,-21.55],[45.55,-21.47449],[45.569355,-21.45],[45.598772,-21.35],[45.65,-21.273958],[45.75,-21.266735],[45.768468,-21.25],[45.777461,-21.15],[45.767308,-21.05],[45.75,-21.001351],[45.735156,-20.95],[45.75,-20.920313],[45.775281,-20.85],[45.790444,-20.75],[45.794311,-20.65],[45.774818,-20.55],[45.763959,-20.45],[45.770163,-20.35],[45.798689,-20.25],[45.791808,-20.15],[45.766889,-20.05],[45.85,-19.971097],[45.887879,-19.95],[45.85,-19.860714],[45.845161,-19.85],[45.75,-19.767483],[45.731618,-19.75],[45.65,-19.682317],[45.624396,-19.65],[45.65,-19.570896],[45.669718,-19.55],[45.75,-19.500435],[45.85,-19.461486],[45.861565,-19.45],[45.85,-19.443536],[45.75,-19.417045],[45.65,-19.407325],[45.55,-19.3868],[45.535256,-19.35],[45.495244,-19.25],[45.460269,-19.15],[45.45,-19.115574],[45.43063,-19.05],[45.416009,-18.95],[45.382292,-18.85],[45.379502,-18.75],[45.35,-18.692963],[45.333523,-18.65],[45.314792,-18.55],[45.308114,-18.45],[45.292616,-18.35],[45.267295,-18.25],[45.284524,-18.15],[45.307826,-18.05],[45.35,-17.976515],[45.385354,-17.95],[45.430392,-17.85],[45.45,-17.813636],[45.55,-17.804037],[45.65,-17.810194],[45.692907,-17.75],[45.75,-17.664948],[45.835294,-17.65],[45.85,-17.647041],[45.867241,-17.65],[45.95,-17.672018],[45.977907,-17.65],[46.05,-17.62459],[46.15,-17.624026],[46.221429,-17.65],[46.25,-17.668391],[46.288095,-17.65],[46.35,-17.620455],[46.45,-17.615812],[46.55,-17.551099],[46.552174,-17.55],[46.65,-17.487931],[46.75,-17.460204],[46.85,-17.463592],[46.860769,-17.45],[46.95,-17.3572],[46.953947,-17.35],[47.00261,-17.25],[47.05,-17.190704],[47.109559,-17.15],[47.132114,-17.05],[47.15,-17.018116],[47.197959,-16.95],[47.25,-16.897423],[47.3075,-16.85],[47.35,-16.823643],[47.45,-16.795622],[47.513102,-16.85],[47.543059,-16.95],[47.55,-16.97623],[47.58299,-16.95],[47.65,-16.902555],[47.662308,-16.85],[47.678395,-16.75],[47.665415,-16.65],[47.651504,-16.55],[47.721512,-16.45],[47.75,-16.426777],[47.827512,-16.35],[47.85,-16.325],[47.949296,-16.25],[47.95,-16.249351],[47.99359,-16.15],[48.05,-16.062775],[48.15,-16.055094],[48.18253,-16.05],[48.25,-16.024194],[48.295528,-16.05],[48.35,-16.069477],[48.45,-16.087427],[48.514072,-16.15],[48.55,-16.223171],[48.581088,-16.15],[48.614242,-16.05],[48.65,-15.992718],[48.75,-15.993478],[48.85,-16.005789],[48.95,-15.982593],[48.981655,-15.95],[48.992188,-15.85],[48.964634,-15.75],[48.95,-15.713636],[48.85,-15.74469],[48.75,-15.701656],[48.672,-15.65],[48.698188,-15.55],[48.75,-15.473118],[48.769816,-15.45],[48.771244,-15.35],[48.75,-15.283871],[48.682787,-15.35],[48.683846,-15.45],[48.65,-15.464194],[48.639954,-15.45],[48.625155,-15.35],[48.567836,-15.25],[48.55,-15.197337],[48.524026,-15.15],[48.55,-15.099686],[48.564364,-15.05],[48.55,-15.018775],[48.508072,-14.95],[48.454167,-14.85],[48.45,-14.844444],[48.361688,-14.75],[48.35,-14.665625],[48.346656,-14.65],[48.328873,-14.55],[48.330472,-14.45],[48.35,-14.398295],[48.367347,-14.35],[48.402532,-14.25],[48.352083,-14.15],[48.35,-14.148121],[48.283048,-14.05],[48.279897,-13.95],[48.35,-13.902448],[48.45,-13.915878],[48.484325,-13.95],[48.55,-14.003909],[48.607873,-14.05],[48.65,-14.091955],[48.70971,-14.05],[48.65,-13.992297],[48.618672,-13.95],[48.602951,-13.85],[48.65,-13.791845],[48.705556,-13.75],[48.75,-13.706056],[48.85,-13.676993],[48.932778,-13.65],[48.95,-13.640719],[48.970805,-13.65],[49.05,-13.665608],[49.139231,-13.75],[49.15,-13.763299],[49.212602,-13.75],[49.167955,-13.65],[49.25,-13.565424],[49.266997,-13.55],[49.306522,-13.45],[49.317857,-13.35],[49.35,-13.316761],[49.45,-13.319037],[49.5125,-13.35],[49.55,-13.396821],[49.590708,-13.45],[49.626676,-13.55],[49.616977,-13.65],[49.65,-13.717619],[49.673368,-13.75],[49.71,-13.85],[49.75,-13.857339],[49.790562,-13.95],[49.75,-13.982476],[49.65,-14.013942],[49.558537,-14.05],[49.65,-14.130645],[49.666364,-14.15],[49.727824,-14.25],[49.75,-14.267905],[49.815854,-14.35],[49.822794,-14.45],[49.75,-14.525429],[49.71899,-14.55],[49.75,-14.63543],[49.85,-14.635625],[49.86893,-14.65],[49.85,-14.673711],[49.804462,-14.75],[49.797586,-14.85],[49.75,-14.931176],[49.741061,-14.95],[49.75,-15.005172],[49.85,-14.988743],[49.95,-14.966216],[50.018736,-15.05],[49.95,-15.140379],[49.899231,-15.15],[49.95,-15.161186],[50.05,-15.192586],[50.15,-15.225],[50.157252,-15.25],[50.15,-15.309375],[50.145167,-15.35],[50.15,-15.367105],[50.182308,-15.45],[50.15,-15.479717],[50.103583,-15.55],[50.051579,-15.65],[50.05,-15.65163]],[[8.65,36.767842],[8.634859,36.75],[8.65,36.727249],[8.75,36.719888],[8.85,36.712755],[8.95,36.74521],[8.958466,36.75],[8.95,36.770253],[8.85,36.823367],[8.75,36.78932],[8.65,36.767842]],[[4.65,36.590882],[4.614336,36.55],[4.55,36.483932],[4.51087,36.45],[4.55,36.368182],[4.646923,36.45],[4.65,36.452857],[4.69574,36.55],[4.65,36.590882]],[[9.15,36.494664],[9.077097,36.45],[9.110714,36.35],[9.15,36.308491],[9.195833,36.35],[9.207071,36.45],[9.15,36.494664]],[[4.15,36.352273],[4.101429,36.35],[4.15,36.343033],[4.25,36.325862],[4.35,36.276562],[4.45,36.342537],[4.476316,36.35],[4.45,36.354854],[4.35,36.367258],[4.25,36.35717],[4.15,36.352273]],[[-5.65,35.463202],[-5.671963,35.45],[-5.65,35.429204],[-5.625897,35.45],[-5.65,35.463202]],[[-0.65,35.364474],[-0.673404,35.35],[-0.65,35.28125],[-0.55,35.318571],[-0.495,35.35],[-0.55,35.364103],[-0.65,35.364474]],[[-1.85,34.956811],[-1.877848,34.95],[-1.85,34.92027],[-1.75,34.891333],[-1.69477,34.95],[-1.75,34.992444],[-1.85,34.956811]],[[9.15,34.754167],[9.13,34.75],[9.15,34.74],[9.157692,34.75],[9.15,34.754167]],[[9.15,34.473077],[9.122414,34.45],[9.05,34.407432],[8.969811,34.35],[9.05,34.313043],[9.127273,34.35],[9.15,34.40102],[9.25,34.379583],[9.297075,34.45],[9.25,34.521008],[9.15,34.473077]],[[-5.05,34.157359],[-5.057727,34.15],[-5.05,34.13],[-5.038667,34.15],[-5.05,34.157359]],[[10.25,32.8],[10.236957,32.75],[10.25,32.748225],[10.252206,32.75],[10.25,32.8]],[[21.75,32.78442],[21.672131,32.75],[21.65,32.734211],[21.555263,32.65],[21.55,32.643651],[21.45,32.576891],[21.41,32.55],[21.422727,32.45],[21.45,32.423529],[21.517568,32.35],[21.55,32.336813],[21.6,32.35],[21.65,32.366783],[21.75,32.396369],[21.85,32.407692],[21.95,32.410265],[22.05,32.423684],[22.093478,32.45],[22.15,32.486792],[22.222043,32.55],[22.25,32.611905],[22.268605,32.65],[22.341139,32.75],[22.25,32.775],[22.15,32.820854],[22.05,32.8256],[21.95,32.811074],[21.85,32.805596],[21.75,32.78442]],[[21.05,32.47],[21.019333,32.45],[20.95,32.414626],[20.873387,32.35],[20.85,32.308571],[20.826705,32.25],[20.803261,32.15],[20.85,32.115873],[20.931132,32.15],[20.95,32.158772],[21.05,32.228261],[21.077027,32.25],[21.113529,32.35],[21.092593,32.45],[21.05,32.47]],[[-7.85,32.259091],[-7.854167,32.25],[-7.85,32.248413],[-7.844737,32.25],[-7.85,32.259091]],[[10.45,32.055102],[10.422222,32.05],[10.45,32.033333],[10.456667,32.05],[10.45,32.055102]],[[-8.25,32.010656],[-8.344872,31.95],[-8.25,31.87449],[-8.165909,31.95],[-8.25,32.010656]],[[10.55,31.964634],[10.517568,31.95],[10.55,31.92551],[10.57,31.95],[10.55,31.964634]],[[3.15,31.383333],[3.11,31.35],[3.15,31.335714],[3.163333,31.35],[3.15,31.383333]],[[10.65,31.263043],[10.636957,31.25],[10.65,31.242308],[10.677273,31.25],[10.65,31.263043]],[[3.05,31.235714],[2.975,31.15],[3.05,31.106364],[3.15,31.104167],[3.209459,31.15],[3.15,31.214706],[3.05,31.235714]],[[2.85,31.0125],[2.7875,30.95],[2.85,30.918085],[2.95,30.9],[2.975,30.95],[2.95,30.99],[2.85,31.0125]],[[33.45,30.395411],[33.383803,30.35],[33.45,30.256931],[33.55,30.286576],[33.607801,30.35],[33.55,30.44209],[33.45,30.395411]],[[0.45,30.35],[0.45,30.35],[0.45,30.35]],[[-2.25,30.179412],[-2.261111,30.15],[-2.25,30.133333],[-2.229167,30.15],[-2.25,30.179412]],[[32.35,29.975],[32.3,29.95],[32.35,29.921429],[32.369706,29.95],[32.35,29.975]],[[2.25,29.892105],[2.224468,29.85],[2.213636,29.75],[2.15,29.704839],[2.123846,29.65],[2.05,29.586],[1.95,29.57619],[1.939524,29.55],[1.85,29.456],[1.764286,29.45],[1.75,29.440909],[1.7375,29.35],[1.75,29.308333],[1.85,29.307692],[1.95,29.339286],[1.963636,29.35],[2.05,29.417857],[2.15,29.444118],[2.183333,29.45],[2.25,29.461111],[2.314,29.55],[2.25,29.644118],[2.244444,29.65],[2.25,29.661111],[2.35,29.725],[2.45,29.735],[2.459677,29.75],[2.55,29.85],[2.45,29.871429],[2.35,29.887931],[2.25,29.892105]],[[2.55,29.85],[2.55,29.85],[2.55,29.85]],[[-6.75,29.75],[-6.75,29.75],[-6.75,29.75]],[[-2.05,29.61129],[-2.092697,29.55],[-2.05,29.47549],[-1.993478,29.45],[-1.95,29.359091],[-1.85,29.404286],[-1.783333,29.45],[-1.75,29.475],[-1.655882,29.55],[-1.75,29.593243],[-1.85,29.645327],[-1.95,29.626389],[-2.05,29.61129]],[[16.25,29.569048],[16.24619,29.55],[16.231208,29.45],[16.224638,29.35],[16.25,29.311957],[16.317857,29.25],[16.35,29.232119],[16.45,29.233036],[16.523077,29.25],[16.55,29.286842],[16.598,29.35],[16.555,29.45],[16.55,29.451754],[16.45,29.514444],[16.412791,29.55],[16.35,29.592188],[16.25,29.569048]],[[-1.65,29.416667],[-1.666667,29.35],[-1.65,29.328378],[-1.642,29.35],[-1.65,29.416667]],[[2.55,29.393902],[2.480769,29.35],[2.45,29.327778],[2.356667,29.25],[2.35,29.183333],[2.344737,29.15],[2.319565,29.05],[2.25,28.95303],[2.246154,28.95],[2.155882,28.85],[2.15,28.840244],[2.05,28.7625],[1.95,28.752941],[1.935714,28.75],[1.85,28.730645],[1.797917,28.65],[1.85,28.590476],[1.878814,28.55],[1.85,28.505263],[1.782258,28.45],[1.756667,28.35],[1.75,28.345082],[1.65,28.307576],[1.55,28.279688],[1.47963,28.25],[1.45,28.2],[1.388462,28.15],[1.38125,28.05],[1.377778,27.95],[1.405172,27.85],[1.45,27.75],[1.45,27.75],[1.532353,27.65],[1.539286,27.55],[1.55,27.525],[1.583333,27.45],[1.65,27.434874],[1.69186,27.45],[1.75,27.482895],[1.825,27.55],[1.85,27.571519],[1.8996,27.65],[1.95,27.725904],[1.968519,27.75],[1.998718,27.85],[2.05,27.908824],[2.091584,27.95],[2.15,27.987107],[2.25,28.008678],[2.35,28.036441],[2.396364,27.95],[2.45,27.874359],[2.55,27.881034],[2.65,27.933051],[2.677778,27.95],[2.75,27.965385],[2.85,27.981447],[2.95,27.976316],[3.05,27.977363],[3.15,27.97803],[3.190659,27.95],[3.25,27.9],[3.35,27.86125],[3.356569,27.85],[3.45,27.77809],[3.55,27.784568],[3.625676,27.75],[3.65,27.739773],[3.75,27.702027],[3.85,27.730233],[3.880357,27.75],[3.95,27.798148],[4.030769,27.85],[4.05,27.871277],[4.100685,27.95],[4.125325,28.05],[4.15,28.086538],[4.212264,28.15],[4.25,28.2125],[4.313158,28.25],[4.35,28.269444],[4.428378,28.35],[4.45,28.384783],[4.491667,28.45],[4.45,28.51],[4.378571,28.55],[4.35,28.561765],[4.25,28.601515],[4.17381,28.65],[4.15,28.669231],[4.05,28.738],[4.0125,28.75],[3.95,28.766129],[3.85,28.764706],[3.840741,28.75],[3.85,28.723684],[3.883333,28.65],[3.883333,28.55],[3.85,28.494118],[3.75,28.463333],[3.688095,28.55],[3.65,28.57963],[3.57963,28.65],[3.55,28.680769],[3.464286,28.75],[3.45,28.766667],[3.35,28.786364],[3.25,28.802381],[3.21,28.85],[3.15,28.903571],[3.05,28.932353],[3.0375,28.95],[3.040909,29.05],[3.0125,29.15],[2.98125,29.25],[2.95,29.3],[2.85,29.345238],[2.842857,29.35],[2.75,29.43125],[2.65,29.434],[2.55,29.393902]],[[-7.85,29.055128],[-7.855714,29.05],[-7.85,29.04469],[-7.75,29.048718],[-7.65,29.02],[-7.605319,29.05],[-7.65,29.065909],[-7.75,29.05102],[-7.85,29.055128]],[[-2.65,29.15],[-2.55,29.129167],[-2.484483,29.05],[-2.45,29.032143],[-2.35,28.992593],[-2.267857,28.95],[-2.327083,28.85],[-2.35,28.838298],[-2.397826,28.85],[-2.45,28.87069],[-2.55,28.914925],[-2.589831,28.95],[-2.607576,29.05],[-2.65,29.15]],[[32.45,28.978604],[32.387811,28.95],[32.35,28.934],[32.25,28.908797],[32.15,28.85412],[32.144472,28.85],[32.052083,28.75],[32.05,28.746],[31.9924,28.65],[31.95,28.586905],[31.917708,28.55],[31.85,28.48299],[31.794828,28.45],[31.771212,28.35],[31.85,28.292222],[31.943443,28.25],[31.891304,28.15],[31.855263,28.05],[31.85,28.022727],[31.839474,27.95],[31.85,27.933673],[31.913077,27.85],[31.95,27.796667],[31.986842,27.75],[31.975,27.65],[31.985821,27.55],[32.024074,27.45],[32.05,27.398148],[32.076531,27.35],[32.066071,27.25],[32.080952,27.15],[32.115789,27.05],[32.126316,26.95],[32.15,26.915385],[32.201515,26.85],[32.228571,26.75],[32.25,26.734483],[32.35,26.719565],[32.45,26.661538],[32.475275,26.75],[32.496835,26.85],[32.55,26.9025],[32.612295,26.95],[32.593192,27.05],[32.584375,27.15],[32.55,27.222131],[32.530791,27.25],[32.52582,27.35],[32.513333,27.45],[32.543182,27.55],[32.55,27.6125],[32.56875,27.65],[32.65,27.745122],[32.73125,27.65],[32.75,27.63125],[32.772414,27.55],[32.780625,27.45],[32.778,27.35],[32.85,27.26],[32.859804,27.25],[32.913953,27.15],[32.95,27.113529],[33.05,27.057377],[33.15,27.063333],[33.15472,27.05],[33.174211,26.95],[33.15,26.87069],[33.141111,26.85],[33.15,26.815714],[33.173,26.75],[33.231197,26.65],[33.25,26.618571],[33.307831,26.55],[33.316949,26.45],[33.328231,26.35],[33.346269,26.25],[33.35,26.244253],[33.45,26.151786],[33.455714,26.15],[33.55,26.113333],[33.65,26.063333],[33.665385,26.05],[33.68125,25.95],[33.746471,25.85],[33.75,25.845312],[33.809223,25.75],[33.821951,25.65],[33.75,25.572368],[33.711364,25.55],[33.75,25.489286],[33.807895,25.45],[33.85,25.43961],[33.95,25.402083],[34.009524,25.35],[34.035455,25.25],[33.95,25.182857],[33.907407,25.15],[33.95,25.118056],[34.05,25.111765],[34.15,25.063793],[34.176667,25.05],[34.25,25.010714],[34.305738,24.95],[34.276923,24.85],[34.295455,24.75],[34.35,24.716667],[34.45,24.651653],[34.475,24.65],[34.55,24.618421],[34.563636,24.65],[34.65,24.668812],[34.743182,24.75],[34.727419,24.85],[34.669898,24.95],[34.65,24.989796],[34.575316,25.05],[34.55,25.063514],[34.470988,25.15],[34.45,25.173776],[34.366154,25.25],[34.362121,25.35],[34.353846,25.45],[34.35,25.451493],[34.288605,25.55],[34.261607,25.65],[34.25,25.671667],[34.192683,25.75],[34.15,25.777027],[34.05,25.821875],[33.95,25.846842],[33.944737,25.85],[33.885577,25.95],[33.85,26.021154],[33.831481,26.05],[33.800909,26.15],[33.778866,26.25],[33.75,26.276667],[33.65,26.347087],[33.647656,26.35],[33.65,26.355882],[33.75,26.44625],[33.752564,26.45],[33.75,26.456122],[33.721429,26.55],[33.679487,26.65],[33.693275,26.75],[33.75,26.824615],[33.760377,26.85],[33.75,26.862],[33.65,26.923152],[33.632078,26.95],[33.6,27.05],[33.55,27.119643],[33.483594,27.15],[33.45,27.164576],[33.35,27.205862],[33.335553,27.25],[33.307111,27.35],[33.25,27.408295],[33.170614,27.45],[33.15,27.475269],[33.097744,27.55],[33.0692,27.65],[33.05,27.682877],[32.985526,27.75],[33.04,27.85],[32.963043,27.95],[32.95,28.03],[32.948182,28.05],[32.914655,28.15],[32.85,28.215029],[32.75,28.249507],[32.748571,28.25],[32.700279,28.35],[32.65,28.427586],[32.63375,28.45],[32.577397,28.55],[32.55,28.576144],[32.483136,28.65],[32.515263,28.75],[32.544366,28.85],[32.51068,28.95],[32.45,28.978604]],[[12.05,28.58494],[11.967143,28.55],[11.95,28.542],[11.85,28.521698],[11.75,28.461765],[11.740909,28.45],[11.75,28.43],[11.8,28.35],[11.85,28.327143],[11.95,28.2825],[12.03125,28.25],[12.05,28.226923],[12.121429,28.15],[12.133333,28.05],[12.133333,27.95],[12.107143,27.85],[12.05,27.75],[11.972222,27.65],[11.95,27.55],[12.007143,27.45],[12.05,27.375],[12.064286,27.35],[12.15,27.283333],[12.25,27.258333],[12.261111,27.25],[12.35,27.177273],[12.425,27.15],[12.45,27.142308],[12.55,27.092857],[12.65,27.055882],[12.664286,27.05],[12.75,27.014706],[12.85,26.971053],[12.907143,26.95],[12.95,26.928571],[13.05,26.863333],[13.09,26.85],[13.15,26.807143],[13.194444,26.75],[13.205556,26.65],[13.25,26.6],[13.316667,26.55],[13.35,26.539474],[13.361765,26.55],[13.43,26.65],[13.45,26.6625],[13.46,26.65],[13.55,26.62],[13.65,26.623684],[13.705556,26.65],[13.75,26.69],[13.85,26.698837],[13.95,26.673077],[14.004545,26.65],[13.95,26.626],[13.85,26.58],[13.75,26.55],[13.65,26.504839],[13.55,26.466],[13.521429,26.45],[13.45,26.4],[13.35,26.35],[13.321429,26.25],[13.29,26.15],[13.25,26.116667],[13.183333,26.05],[13.25,25.95],[13.25,25.95],[13.35,25.907143],[13.45,25.903333],[13.55,25.85],[13.55,25.85],[13.65,25.797059],[13.75,25.75],[13.75,25.75],[13.85,25.666667],[13.871429,25.65],[13.95,25.595],[14.031818,25.55],[14.05,25.538889],[14.15,25.49],[14.216667,25.45],[14.25,25.407143],[14.27,25.35],[14.302941,25.25],[14.35,25.188462],[14.438889,25.25],[14.45,25.259091],[14.483333,25.25],[14.55,25.15],[14.55,25.15],[14.506522,25.05],[14.484211,24.95],[14.464706,24.85],[14.45,24.8],[14.432759,24.75],[14.417742,24.65],[14.402,24.55],[14.35,24.473529],[14.338571,24.45],[14.35,24.427778],[14.43,24.45],[14.45,24.457692],[14.55,24.531481],[14.6125,24.55],[14.65,24.58],[14.683333,24.65],[14.695455,24.75],[14.714,24.85],[14.75,24.91],[14.81,24.95],[14.85,25.05],[14.846774,25.15],[14.85,25.166667],[14.870833,25.25],[14.945,25.35],[14.921429,25.45],[14.95,25.526923],[14.9625,25.55],[14.95,25.575],[14.934746,25.65],[14.95,25.70625],[15.02,25.75],[15.05,25.755085],[15.123684,25.85],[15.15,25.876316],[15.25,25.9],[15.341667,25.95],[15.35,25.953922],[15.45,25.968033],[15.541667,25.95],[15.55,25.946875],[15.65,25.901852],[15.732353,25.85],[15.75,25.822727],[15.77,25.85],[15.85,25.91],[15.911538,25.95],[15.95,26.021429],[16.0,26.05],[16.05,26.062903],[16.15,26.091935],[16.25,26.146875],[16.253333,26.15],[16.35,26.228378],[16.407143,26.25],[16.45,26.277273],[16.55,26.263636],[16.5875,26.25],[16.65,26.220588],[16.705556,26.25],[16.75,26.278571],[16.797619,26.35],[16.85,26.414706],[16.95,26.428125],[17.0375,26.45],[16.95,26.503846],[16.903846,26.55],[16.85,26.563725],[16.75,26.568966],[16.65,26.557407],[16.55,26.598276],[16.475,26.65],[16.45,26.676316],[16.38,26.75],[16.35,26.773077],[16.25,26.772727],[16.15,26.802174],[16.058333,26.85],[16.05,26.853226],[15.95,26.928571],[15.934211,26.95],[15.86,27.05],[15.85,27.077273],[15.819231,27.15],[15.8,27.25],[15.811538,27.35],[15.771429,27.45],[15.75,27.496154],[15.73,27.55],[15.681429,27.65],[15.676667,27.75],[15.728788,27.85],[15.75,27.880435],[15.809259,27.95],[15.85,28.034615],[15.872222,28.05],[15.85,28.09],[15.775,28.15],[15.75,28.157143],[15.735714,28.15],[15.65,28.130645],[15.55,28.140323],[15.53125,28.15],[15.45,28.187143],[15.35,28.22037],[15.25,28.207447],[15.15,28.239189],[15.130952,28.25],[15.05,28.301515],[14.977273,28.35],[14.95,28.37],[14.85,28.364286],[14.844444,28.35],[14.75,28.276087],[14.72,28.25],[14.720588,28.15],[14.731818,28.05],[14.716667,27.95],[14.662,27.85],[14.65,27.842857],[14.55,27.825],[14.45,27.797368],[14.35,27.782203],[14.25,27.780667],[14.15,27.7825],[14.075714,27.75],[14.05,27.735],[13.99375,27.75],[13.95,27.759211],[13.891667,27.75],[13.85,27.739362],[13.823684,27.75],[13.75,27.786842],[13.65,27.838889],[13.55,27.771429],[13.45,27.75],[13.35,27.703333],[13.2625,27.75],[13.25,27.7625],[13.15,27.804545],[13.05,27.767647],[13.039655,27.75],[12.95,27.71],[12.889535,27.75],[12.85,27.78617],[12.75,27.790541],[12.712712,27.85],[12.65,27.947368],[12.648649,27.95],[12.65,27.952632],[12.75,27.983333],[12.822,28.05],[12.85,28.103846],[12.860714,28.15],[12.85,28.192857],[12.75,28.207143],[12.733146,28.25],[12.75,28.268072],[12.840667,28.35],[12.7775,28.45],[12.75,28.472449],[12.65,28.523256],[12.55,28.547857],[12.5375,28.55],[12.45,28.565909],[12.403333,28.55],[12.35,28.5308],[12.25,28.499398],[12.163402,28.55],[12.15,28.57549],[12.05,28.58494]],[[13.45,28.362],[13.4,28.35],[13.45,28.25],[13.4875,28.35],[13.45,28.362]],[[4.85,28.294898],[4.796341,28.25],[4.75,28.167391],[4.745238,28.15],[4.718182,28.05],[4.65,27.965094],[4.622414,27.95],[4.65,27.930952],[4.75,27.858696],[4.758889,27.85],[4.85,27.785937],[4.913889,27.75],[4.95,27.7175],[5.05,27.654348],[5.053571,27.65],[5.081707,27.55],[5.12037,27.45],[5.15,27.415217],[5.25,27.375862],[5.35,27.397059],[5.45,27.384783],[5.55,27.377419],[5.65,27.377143],[5.75,27.397273],[5.798333,27.45],[5.803846,27.55],[5.75,27.579167],[5.65,27.557547],[5.55,27.574324],[5.475,27.55],[5.45,27.540909],[5.422727,27.55],[5.35,27.571622],[5.25,27.591667],[5.229412,27.65],[5.25,27.677451],[5.310656,27.75],[5.257407,27.85],[5.25,27.865385],[5.15,27.934615],[5.123333,27.95],[5.120968,28.05],[5.05,28.125862],[5.025862,28.15],[4.95,28.238],[4.938,28.25],[4.85,28.294898]],[[-10.45,28.157554],[-10.492857,28.15],[-10.455882,28.05],[-10.45,28.046825],[-10.446491,28.05],[-10.419565,28.15],[-10.45,28.157554]],[[8.55,28.25],[8.55,28.25],[8.55,28.25]],[[-10.65,28.053556],[-10.655031,28.05],[-10.65,28.01],[-10.63,28.05],[-10.65,28.053556]],[[8.55,27.95],[8.55,27.95],[8.55,27.95],[8.55,27.95],[8.55,27.95]],[[9.05,27.863462],[9.03,27.85],[8.956897,27.75],[8.95,27.7375],[8.867647,27.65],[8.95,27.607576],[9.05,27.597222],[9.15,27.597059],[9.216667,27.55],[9.25,27.505556],[9.28125,27.45],[9.311905,27.35],[9.35,27.325758],[9.45,27.310606],[9.55,27.330556],[9.613636,27.35],[9.6125,27.45],[9.555,27.55],[9.55,27.575],[9.52,27.65],[9.55,27.6575],[9.65,27.678571],[9.710606,27.75],[9.65,27.805556],[9.55,27.832222],[9.45,27.812025],[9.35,27.80625],[9.25,27.825714],[9.205263,27.85],[9.15,27.873864],[9.05,27.863462]],[[10.65,27.858108],[10.631818,27.85],[10.65,27.807143],[10.675,27.85],[10.65,27.858108]],[[5.85,27.811111],[5.817647,27.75],[5.85,27.665385],[5.886667,27.75],[5.85,27.811111]],[[10.15,27.77069],[10.1,27.75],[10.05,27.69],[10.016667,27.65],[10.0,27.55],[9.975,27.45],[9.98913,27.35],[10.005556,27.25],[9.972857,27.15],[10.05,27.072857],[10.086364,27.05],[10.15,27.026667],[10.25,27.025],[10.297619,27.05],[10.35,27.114706],[10.371429,27.15],[10.403125,27.25],[10.45,27.325],[10.55,27.25],[10.625,27.35],[10.55,27.41],[10.47,27.45],[10.55,27.516667],[10.575,27.55],[10.603846,27.65],[10.6,27.75],[10.55,27.772857],[10.45,27.796667],[10.35,27.7625],[10.25,27.781579],[10.15,27.77069]],[[-10.65,27.676923],[-10.66129,27.65],[-10.65,27.639394],[-10.638136,27.65],[-10.65,27.676923]],[[9.45,27.5625],[9.416667,27.55],[9.45,27.546552],[9.5,27.55],[9.45,27.5625]],[[11.55,27.575],[11.51,27.55],[11.55,27.54],[11.57,27.55],[11.55,27.575]],[[11.05,27.527778],[10.9625,27.45],[10.95,27.442],[10.878125,27.35],[10.875,27.25],[10.95,27.205882],[11.05,27.205172],[11.111905,27.25],[11.082692,27.35],[11.101852,27.45],[11.05,27.527778]],[[8.55,27.25625],[8.5375,27.25],[8.55,27.238889],[8.5625,27.25],[8.55,27.25625]],[[-4.05,27.088235],[-4.102,27.05],[-4.15,26.99],[-4.182,26.95],[-4.15,26.861111],[-4.05,26.858],[-4.016667,26.85],[-3.95,26.813636],[-3.85,26.75],[-3.765,26.85],[-3.7625,26.95],[-3.75,27.025],[-3.745238,27.05],[-3.75,27.075],[-3.85,27.132609],[-3.95,27.125],[-4.05,27.088235]],[[6.85,26.986207],[6.803333,26.95],[6.848611,26.85],[6.85,26.848734],[6.850581,26.85],[6.872951,26.95],[6.85,26.986207]],[[-4.45,26.884615],[-4.486735,26.85],[-4.55,26.753125],[-4.552632,26.75],[-4.55,26.735714],[-4.45,26.734375],[-4.428261,26.75],[-4.40814,26.85],[-4.45,26.884615]],[[7.35,26.812069],[7.335938,26.75],[7.341197,26.65],[7.35,26.627064],[7.439286,26.65],[7.397368,26.75],[7.35,26.812069]],[[13.65,26.75],[13.65,26.75],[13.65,26.75],[13.65,26.75],[13.65,26.75]],[[-3.85,26.75],[-3.85,26.75],[-3.85,26.75]],[[12.55,26.686364],[12.45,26.65],[12.35,26.613158],[12.25,26.57],[12.192857,26.55],[12.25,26.505556],[12.35,26.505556],[12.45,26.535271],[12.55,26.541457],[12.606667,26.55],[12.65,26.590625],[12.75,26.57973],[12.823333,26.55],[12.85,26.54633],[12.95,26.526296],[13.05,26.52395],[13.113265,26.55],[13.05,26.638571],[13.0,26.65],[12.95,26.694444],[12.85,26.722414],[12.75,26.733871],[12.65,26.723077],[12.55,26.686364]],[[32.55,26.679897],[32.459375,26.65],[32.45,26.55],[32.45,26.55],[32.55,26.567143],[32.564646,26.65],[32.55,26.679897]],[[3.55,26.462658],[3.541111,26.45],[3.55,26.408333],[3.56626,26.45],[3.55,26.462658]],[[6.55,26.518966],[6.518254,26.45],[6.55,26.42619],[6.621429,26.45],[6.55,26.518966]],[[32.45,26.55],[32.45,26.55],[32.45,26.55]],[[-10.75,26.061765],[-10.756897,26.05],[-10.75,26.01],[-10.65,26.007692],[-10.55,26.022727],[-10.507143,26.05],[-10.55,26.14],[-10.65,26.11875],[-10.75,26.061765]],[[29.25,25.751639],[29.225,25.75],[29.25,25.749242],[29.3,25.75],[29.25,25.751639]],[[29.55,25.75],[29.55,25.75],[29.65,25.761594],[29.75,25.776471],[29.85,25.770225],[29.95,25.75],[29.95,25.75],[29.875926,25.65],[29.95,25.627528],[30.05,25.584395],[30.074434,25.55],[30.060884,25.45],[30.05,25.436266],[29.95,25.376667],[29.85,25.369767],[29.75,25.405357],[29.65,25.433459],[29.626344,25.45],[29.616071,25.55],[29.55,25.612712],[29.513934,25.65],[29.55,25.75]],[[3.55,25.717164],[3.510526,25.65],[3.45,25.571591],[3.418333,25.55],[3.436486,25.45],[3.45,25.378571],[3.55,25.379412],[3.598,25.45],[3.65,25.487143],[3.661518,25.55],[3.65,25.609459],[3.625,25.65],[3.55,25.717164]],[[32.15,25.402778],[32.067391,25.35],[32.15,25.267391],[32.166667,25.25],[32.25,25.216667],[32.287736,25.25],[32.25,25.297619],[32.196341,25.35],[32.15,25.402778]],[[-12.35,25.255769],[-12.356818,25.25],[-12.35,25.245161],[-12.346154,25.25],[-12.35,25.255769]],[[2.95,25.155769],[2.944286,25.15],[2.95,25.140769],[2.962766,25.15],[2.95,25.155769]],[[2.85,25.05],[2.85,25.05],[2.85,25.05],[2.85,25.05],[2.85,25.05]],[[23.45,25.05],[23.45,25.05],[23.45,25.05],[23.45,25.05],[23.45,25.05]],[[23.65,25.05],[23.65,25.05],[23.65,25.05],[23.65,25.05],[23.65,25.05]],[[3.15,24.877778],[3.138889,24.85],[3.15,24.766667],[3.155952,24.85],[3.15,24.877778]],[[32.15,24.85],[32.15,24.85],[32.15,24.85],[32.05,24.826923],[31.959091,24.75],[32.005,24.65],[32.05,24.631633],[32.15,24.631579],[32.25,24.561111],[32.35,24.622549],[32.356667,24.65],[32.35,24.69],[32.266,24.75],[32.25,24.761429],[32.15,24.85]],[[15.95,24.769048],[15.922414,24.75],[15.933333,24.65],[15.95,24.645652],[15.953226,24.65],[16.03,24.75],[15.95,24.769048]],[[2.75,24.75],[2.719565,24.65],[2.75,24.623077],[2.809375,24.55],[2.85,24.489535],[2.862322,24.55],[2.907813,24.65],[2.85,24.674183],[2.75,24.75]],[[2.05,24.563514],[2.043056,24.55],[2.05,24.544898],[2.121429,24.55],[2.05,24.563514]],[[2.35,24.575197],[2.280435,24.55],[2.35,24.511905],[2.384409,24.55],[2.35,24.575197]],[[34.55,24.508065],[34.513265,24.45],[34.477273,24.35],[34.55,24.265789],[34.557692,24.25],[34.595098,24.15],[34.65,24.1052],[34.75,24.073383],[34.85,24.057258],[34.877692,24.05],[34.902,23.95],[34.915625,23.85],[34.927966,23.75],[34.95,23.716667],[34.980588,23.65],[35.010131,23.55],[35.05,23.5195],[35.130263,23.55],[35.11413,23.65],[35.15,23.68],[35.221963,23.75],[35.25,23.771898],[35.28194,23.85],[35.25,23.900235],[35.192077,23.95],[35.168952,24.05],[35.15,24.100538],[35.14156,24.15],[35.088,24.25],[35.05,24.285294],[34.972593,24.35],[34.95,24.379048],[34.85,24.437764],[34.809155,24.45],[34.75,24.472581],[34.664286,24.45],[34.65,24.445333],[34.622,24.45],[34.55,24.508065]],[[14.75,24.376316],[14.734375,24.35],[14.75,24.314286],[14.777778,24.35],[14.75,24.376316]],[[2.35,24.320866],[2.289189,24.25],[2.35,24.1875],[2.423171,24.25],[2.35,24.320866]],[[14.35,24.2625],[14.31,24.25],[14.35,24.240909],[14.363333,24.25],[14.35,24.2625]],[[15.25,24.176829],[15.223171,24.15],[15.25,24.095],[15.297826,24.15],[15.25,24.176829]],[[15.15,23.968182],[15.145918,23.95],[15.15,23.9],[15.154167,23.95],[15.15,23.968182]],[[34.65,23.761905],[34.642188,23.75],[34.65,23.737805],[34.657813,23.75],[34.65,23.761905]],[[35.35,23.559524],[35.318,23.55],[35.35,23.528378],[35.353501,23.55],[35.35,23.559524]],[[2.75,23.480769],[2.747531,23.45],[2.75,23.423333],[2.85,23.4375],[2.857143,23.45],[2.85,23.464286],[2.75,23.480769]],[[34.45,23.39881],[34.414348,23.35],[34.400794,23.25],[34.35,23.181915],[34.281818,23.15],[34.25,23.139063],[34.15,23.139362],[34.130769,23.15],[34.05,23.185],[33.95,23.215079],[33.868,23.15],[33.85,23.131633],[33.806522,23.05],[33.8,22.95],[33.85,22.872059],[33.95,22.864019],[34.05,22.866964],[34.15,22.875806],[34.174615,22.85],[34.207759,22.75],[34.25,22.690964],[34.35,22.677027],[34.396512,22.65],[34.45,22.609649],[34.55,22.55],[34.55,22.55],[34.65,22.470513],[34.667021,22.45],[34.75,22.3525],[34.751639,22.35],[34.75,22.343333],[34.698148,22.25],[34.75,22.2],[34.764141,22.15],[34.838095,22.05],[34.835714,21.95],[34.811404,21.85],[34.804795,21.75],[34.777778,21.65],[34.751942,21.55],[34.75,21.545062],[34.65,21.458824],[34.55,21.45],[34.45,21.537179],[34.35,21.529268],[34.25,21.535417],[34.239855,21.55],[34.181818,21.65],[34.235294,21.75],[34.15,21.793939],[34.088298,21.75],[34.05,21.718421],[33.977778,21.65],[33.95,21.605882],[33.85,21.595098],[33.812295,21.55],[33.85,21.512295],[33.889175,21.45],[33.85,21.386667],[33.8225,21.35],[33.85,21.321053],[33.925,21.25],[33.95,21.233486],[34.05,21.155556],[34.07439,21.15],[34.15,21.058824],[34.163043,21.05],[34.175714,20.95],[34.208537,20.85],[34.248438,20.75],[34.25,20.746429],[34.301923,20.65],[34.35,20.60614],[34.45,20.611905],[34.55,20.561268],[34.611538,20.55],[34.65,20.5],[34.662195,20.45],[34.6625,20.35],[34.65,20.29],[34.640909,20.25],[34.65,20.205556],[34.75,20.195238],[34.85,20.198387],[34.95,20.15],[34.95,20.15],[35.05,20.0625],[35.054762,20.05],[35.05,19.983333],[35.04697,19.95],[35.05,19.935714],[35.069355,19.85],[35.05,19.836047],[34.990323,19.75],[35.012295,19.65],[35.05,19.584286],[35.15,19.596154],[35.227778,19.65],[35.25,19.716667],[35.269048,19.65],[35.298889,19.55],[35.35,19.464815],[35.366667,19.45],[35.35,19.441111],[35.25,19.403125],[35.21092,19.35],[35.25,19.311364],[35.35,19.30119],[35.441111,19.35],[35.45,19.366667],[35.49,19.35],[35.5,19.25],[35.546,19.15],[35.497222,19.05],[35.457143,18.95],[35.45,18.932353],[35.412162,18.85],[35.356061,18.75],[35.353571,18.65],[35.371053,18.55],[35.414706,18.45],[35.45,18.405556],[35.55,18.355556],[35.554348,18.35],[35.5875,18.25],[35.607143,18.15],[35.65,18.122093],[35.72381,18.05],[35.75,18.014516],[35.818966,17.95],[35.760377,17.85],[35.75,17.824419],[35.675581,17.75],[35.65,17.702174],[35.62931,17.65],[35.65,17.557692],[35.696154,17.65],[35.75,17.680435],[35.843333,17.65],[35.85,17.646154],[35.936207,17.55],[35.95,17.532609],[36.026,17.45],[36.029412,17.35],[36.05,17.328125],[36.15,17.255333],[36.216667,17.25],[36.25,17.241667],[36.35,17.208621],[36.45,17.245161],[36.452913,17.25],[36.484862,17.35],[36.496939,17.45],[36.541398,17.55],[36.55,17.571053],[36.574242,17.55],[36.65,17.511538],[36.75,17.507724],[36.801485,17.55],[36.85,17.571778],[36.933412,17.65],[36.94418,17.75],[36.95,17.757143],[37.05,17.842857],[37.056557,17.85],[37.128274,17.95],[37.15,18.001049],[37.207851,18.05],[37.240756,18.15],[37.22662,18.25],[37.245318,18.35],[37.238577,18.45],[37.241445,18.55],[37.233577,18.65],[37.219468,18.75],[37.15,18.844186],[37.143438,18.85],[37.085656,18.95],[37.05,19.00241],[37.016807,19.05],[36.967895,19.15],[36.970259,19.25],[36.95,19.286434],[36.906383,19.35],[36.921479,19.45],[36.95,19.491753],[36.982565,19.55],[36.95,19.609162],[36.85,19.61962],[36.837565,19.65],[36.838346,19.75],[36.85,19.807407],[36.859127,19.85],[36.890063,19.95],[36.85,20.025595],[36.837385,20.05],[36.836111,20.15],[36.85,20.17381],[36.89908,20.25],[36.888344,20.35],[36.901603,20.45],[36.878996,20.55],[36.899071,20.65],[36.95,20.746479],[36.951445,20.75],[36.954826,20.85],[36.95,20.86295],[36.889196,20.95],[36.85,20.982099],[36.763158,21.05],[36.773792,21.15],[36.75,21.208182],[36.737363,21.25],[36.702669,21.35],[36.65,21.424747],[36.597368,21.45],[36.574837,21.55],[36.6203,21.65],[36.620667,21.75],[36.63839,21.85],[36.574211,21.95],[36.55,21.978512],[36.487993,22.05],[36.45,22.084194],[36.384824,22.15],[36.35,22.183333],[36.285882,22.15],[36.25,22.134938],[36.176338,22.05],[36.186123,21.95],[36.25,21.88379],[36.267169,21.85],[36.25,21.765909],[36.243519,21.75],[36.25,21.725862],[36.259322,21.65],[36.260048,21.55],[36.307037,21.45],[36.270979,21.35],[36.265455,21.25],[36.25,21.231522],[36.15,21.239583],[36.05,21.198905],[36.018396,21.15],[35.999744,21.05],[35.984722,20.95],[35.97807,20.85],[36.05,20.751914],[36.054545,20.75],[36.05,20.748104],[35.96375,20.65],[35.95,20.575],[35.937356,20.55],[35.917164,20.45],[35.869463,20.35],[35.877451,20.25],[35.85,20.201724],[35.791667,20.25],[35.75,20.276316],[35.65,20.278571],[35.55,20.3],[35.540323,20.35],[35.55,20.45],[35.53,20.55],[35.456897,20.65],[35.511905,20.75],[35.45,20.791935],[35.383333,20.85],[35.45,20.893902],[35.55,20.906757],[35.65,20.942308],[35.654854,20.95],[35.65,20.95641],[35.582407,21.05],[35.55,21.094872],[35.45,21.081746],[35.35,21.109524],[35.317308,21.15],[35.35,21.210714],[35.411111,21.25],[35.45,21.313636],[35.469048,21.35],[35.55,21.375],[35.584,21.35],[35.65,21.3125],[35.75,21.308394],[35.8,21.35],[35.787931,21.45],[35.75,21.516667],[35.704167,21.55],[35.65,21.569697],[35.55,21.578125],[35.527885,21.65],[35.55,21.664744],[35.620745,21.75],[35.65,21.772822],[35.724104,21.85],[35.736607,21.95],[35.75,21.983333],[35.763158,22.05],[35.75,22.09],[35.703125,22.15],[35.650877,22.25],[35.65,22.251087],[35.574167,22.35],[35.55,22.366384],[35.484091,22.35],[35.45,22.338636],[35.35,22.332333],[35.332792,22.35],[35.315916,22.45],[35.289378,22.55],[35.318949,22.65],[35.288214,22.75],[35.25,22.804592],[35.15,22.829612],[35.05,22.780928],[34.980233,22.75],[34.95,22.739344],[34.85,22.67],[34.826923,22.75],[34.75,22.790404],[34.65,22.803043],[34.55,22.795902],[34.45,22.837234],[34.438679,22.85],[34.437838,22.95],[34.45,22.955696],[34.540854,23.05],[34.55,23.062605],[34.627612,23.15],[34.590984,23.25],[34.592667,23.35],[34.55,23.40614],[34.45,23.39881]],[[21.15,23.283333],[21.146429,23.25],[21.15,23.21],[21.171429,23.15],[21.25,23.114516],[21.35,23.128049],[21.45,23.121429],[21.55,23.140909],[21.57,23.15],[21.55,23.151562],[21.45,23.155263],[21.35,23.158257],[21.258257,23.25],[21.25,23.275],[21.15,23.283333]],[[23.75,23.172222],[23.72931,23.15],[23.75,23.123913],[23.835714,23.15],[23.75,23.172222]],[[34.75,23.180208],[34.700847,23.15],[34.75,23.133041],[34.767683,23.15],[34.75,23.180208]],[[2.35,23.06],[2.338571,23.05],[2.25,22.951587],[2.248684,22.95],[2.185461,22.85],[2.25,22.759],[2.35,22.825],[2.38871,22.85],[2.439583,22.95],[2.382,23.05],[2.35,23.06]],[[24.05,23.15],[24.05,23.15],[24.05,23.15]],[[-12.55,22.690081],[-12.603514,22.65],[-12.55,22.613333],[-12.482653,22.65],[-12.55,22.690081]],[[21.95,22.258696],[21.933333,22.25],[21.85,22.166667],[21.75,22.157143],[21.735714,22.15],[21.75,22.05],[21.85,22.139474],[21.95,22.12],[22.01,22.15],[22.05,22.172222],[22.103846,22.25],[22.05,22.280435],[21.95,22.258696]],[[32.35,21.886145],[32.283333,21.85],[32.25,21.7875],[32.234746,21.75],[32.25,21.736957],[32.316667,21.65],[32.35,21.576829],[32.363253,21.55],[32.35,21.510714],[32.322581,21.45],[32.282911,21.35],[32.279114,21.25],[32.265,21.15],[32.25,21.127358],[32.175455,21.05],[32.15,21.018182],[32.05,20.974561],[31.95,20.977273],[31.85,20.975],[31.75,20.95],[31.75,20.95],[31.75,20.95],[31.85,20.937097],[31.898214,20.85],[31.85,20.75],[31.85,20.75],[31.85,20.75],[31.95,20.703125],[32.05,20.737805],[32.069231,20.75],[32.15,20.815625],[32.25,20.75],[32.35,20.77029],[32.45,20.773256],[32.55,20.832353],[32.625,20.85],[32.627465,20.95],[32.606977,21.05],[32.611842,21.15],[32.65,21.174167],[32.75,21.196377],[32.85,21.196067],[32.903039,21.25],[32.900538,21.35],[32.878571,21.45],[32.85,21.468182],[32.818421,21.45],[32.75,21.406667],[32.675,21.45],[32.707895,21.55],[32.700877,21.65],[32.65,21.689189],[32.55,21.741304],[32.542683,21.75],[32.511972,21.85],[32.45,21.943617],[32.35,21.886145]],[[34.45,21.864545],[34.42037,21.85],[34.45,21.786],[34.487209,21.85],[34.45,21.864545]],[[34.55,21.788636],[34.484615,21.75],[34.55,21.65],[34.630952,21.75],[34.55,21.788636]],[[34.55,21.65],[34.55,21.65],[34.55,21.65]],[[-11.25,21.471667],[-11.287143,21.45],[-11.35,21.421795],[-11.45,21.413121],[-11.55,21.446522],[-11.65,21.424825],[-11.702709,21.35],[-11.75,21.297253],[-11.80375,21.25],[-11.85,21.194361],[-11.92284,21.15],[-11.95,21.118571],[-11.981579,21.05],[-12.05,20.980201],[-12.084091,20.95],[-12.15,20.888298],[-12.177411,20.85],[-12.25,20.770112],[-12.271687,20.75],[-12.35,20.684673],[-12.45,20.673864],[-12.47636,20.65],[-12.55,20.578745],[-12.65,20.583755],[-12.75,20.603696],[-12.816667,20.55],[-12.85,20.519869],[-12.95,20.465273],[-12.967427,20.45],[-13.05,20.362335],[-13.061336,20.35],[-13.05,20.320526],[-12.95,20.332353],[-12.888686,20.25],[-12.85,20.157018],[-12.75,20.15411],[-12.65,20.163265],[-12.55,20.166456],[-12.45,20.167308],[-12.35,20.241304],[-12.343939,20.25],[-12.35,20.2625],[-12.39,20.35],[-12.367647,20.45],[-12.35,20.466216],[-12.286735,20.55],[-12.25,20.61],[-12.22,20.65],[-12.15,20.704902],[-12.087838,20.75],[-12.05,20.784146],[-11.95,20.813333],[-11.85,20.838235],[-11.788462,20.85],[-11.75,20.859615],[-11.684722,20.95],[-11.65,20.988462],[-11.616667,21.05],[-11.579464,21.15],[-11.55,21.184021],[-11.493363,21.25],[-11.45,21.285507],[-11.35,21.311379],[-11.25,21.309848],[-11.165054,21.25],[-11.15,21.229104],[-11.05,21.215],[-11.025,21.25],[-10.95,21.313636],[-10.886842,21.35],[-10.85,21.375],[-10.794737,21.45],[-10.85,21.485593],[-10.95,21.492718],[-11.05,21.505789],[-11.15,21.50974],[-11.25,21.471667]],[[12.15,21.254819],[12.138889,21.25],[12.15,21.219231],[12.15381,21.25],[12.15,21.254819]],[[12.25,20.880769],[12.221429,20.85],[12.25,20.825],[12.260811,20.85],[12.25,20.880769]],[[32.65,20.825],[32.632353,20.75],[32.65,20.727778],[32.675,20.75],[32.65,20.825]],[[32.25,20.75],[32.25,20.75],[32.25,20.75]],[[32.95,20.66203],[32.918,20.65],[32.95,20.637302],[32.977119,20.65],[32.95,20.66203]],[[15.05,20.575],[15.01,20.55],[15.05,20.521429],[15.061111,20.55],[15.05,20.575]],[[34.25,20.575],[34.226923,20.55],[34.25,20.526923],[34.271951,20.55],[34.25,20.575]],[[35.55,20.45],[35.55,20.45],[35.55,20.45]],[[34.35,20.293056],[34.314773,20.25],[34.35,20.20974],[34.413265,20.25],[34.35,20.293056]],[[21.15,20.059091],[21.145652,20.05],[21.15,20.042308],[21.155,20.05],[21.15,20.059091]],[[7.25,19.863636],[7.216667,19.85],[7.226923,19.75],[7.25,19.733333],[7.261111,19.75],[7.259375,19.85],[7.25,19.863636]],[[21.35,19.864286],[21.316667,19.85],[21.35,19.836486],[21.376316,19.85],[21.35,19.864286]],[[4.65,19.75],[4.65,19.75],[4.65,19.75]],[[19.95,19.388889],[19.924074,19.35],[19.95,19.336792],[20.008333,19.35],[19.95,19.388889]],[[20.45,19.367647],[20.441176,19.35],[20.35,19.253125],[20.25,19.255882],[20.24,19.25],[20.25,19.246825],[20.35,19.248413],[20.45,19.237755],[20.545556,19.15],[20.55,19.147753],[20.65,19.143651],[20.664815,19.15],[20.75,19.210526],[20.7875,19.25],[20.85,19.30814],[20.898649,19.35],[20.85,19.4],[20.75,19.392424],[20.65,19.393333],[20.55,19.366667],[20.45,19.367647]],[[27.65,19.15],[27.65,19.15],[27.65,19.15]],[[13.05,19.025],[13.035,18.95],[13.036667,18.85],[13.05,18.834615],[13.064815,18.85],[13.078571,18.95],[13.05,19.025]],[[35.25,19.003982],[35.195536,18.95],[35.25,18.890777],[35.331333,18.95],[35.25,19.003982]],[[10.45,18.776829],[10.417647,18.75],[10.432927,18.65],[10.45,18.6375],[10.462069,18.65],[10.47037,18.75],[10.45,18.776829]],[[33.05,18.66],[33.040769,18.65],[32.986111,18.55],[33.05,18.471591],[33.15,18.474242],[33.200505,18.55],[33.162676,18.65],[33.15,18.663043],[33.05,18.66]],[[-11.05,18.571875],[-11.103846,18.55],[-11.136207,18.45],[-11.15,18.416667],[-11.203333,18.35],[-11.15,18.341209],[-11.05,18.34],[-10.95,18.340274],[-10.907895,18.35],[-10.85,18.431481],[-10.75,18.448765],[-10.705556,18.45],[-10.75,18.486364],[-10.82,18.55],[-10.85,18.577273],[-10.8875,18.55],[-10.95,18.51875],[-10.991667,18.55],[-11.05,18.571875]],[[1.35,18.55],[1.35,18.55],[1.35,18.55],[1.25,18.516667],[1.217857,18.45],[1.25,18.425676],[1.325,18.45],[1.35,18.55],[1.35,18.55]],[[32.65,18.425],[32.601351,18.35],[32.65,18.269403],[32.6825,18.25],[32.699123,18.15],[32.75,18.101667],[32.829487,18.05],[32.777273,17.95],[32.75,17.940323],[32.65,17.931633],[32.609091,17.95],[32.55,17.967808],[32.45,17.952667],[32.44726,17.95],[32.442135,17.85],[32.45,17.843694],[32.55,17.813551],[32.65,17.812617],[32.75,17.792268],[32.817213,17.75],[32.85,17.720149],[32.95,17.738136],[33.05,17.745312],[33.056383,17.75],[33.05,17.764286],[32.980769,17.85],[33.05,17.919231],[33.15,17.95],[33.25,17.864286],[33.28,17.95],[33.25,17.98],[33.204839,18.05],[33.178125,18.15],[33.177027,18.25],[33.15,18.302632],[33.080769,18.35],[33.05,18.367391],[33.03,18.35],[32.95,18.319811],[32.87381,18.35],[32.85,18.3625],[32.75,18.414615],[32.65,18.425]],[[-11.35,18.268182],[-11.373529,18.25],[-11.45,18.198],[-11.516667,18.15],[-11.45,18.144595],[-11.35,18.138532],[-11.25,18.140152],[-11.238182,18.15],[-11.239247,18.25],[-11.25,18.308824],[-11.35,18.268182]],[[37.35,18.1835],[37.274719,18.15],[37.307955,18.05],[37.35,18.020161],[37.361145,18.05],[37.372789,18.15],[37.35,18.1835]],[[21.75,18.05],[21.75,18.05],[21.75,18.05],[21.75,18.05],[21.75,18.05]],[[-11.75,17.4675],[-11.765217,17.45],[-11.75,17.435417],[-11.68,17.45],[-11.75,17.4675]],[[35.55,17.494444],[35.538571,17.45],[35.55,17.441011],[35.560526,17.45],[35.55,17.494444]],[[29.85,17.163889],[29.794444,17.15],[29.75,17.126471],[29.65,17.066216],[29.618421,17.05],[29.55,17.008065],[29.505,16.95],[29.45,16.9],[29.35,16.903846],[29.2625,16.85],[29.25,16.843443],[29.196729,16.75],[29.15,16.669355],[29.134211,16.65],[29.15,16.632353],[29.216667,16.55],[29.25,16.530556],[29.274561,16.55],[29.35,16.601497],[29.396821,16.65],[29.45,16.720769],[29.478148,16.75],[29.55,16.829508],[29.57451,16.85],[29.65,16.920642],[29.7,16.95],[29.75,17.021111],[29.85,17.046479],[29.867857,17.05],[29.95,17.115714],[30.05,17.13835],[30.059231,17.15],[30.05,17.216667],[29.95,17.235714],[29.85,17.163889]],[[30.75,17.214815],[30.697761,17.15],[30.721667,17.05],[30.75,16.97766],[30.761712,16.95],[30.8,16.85],[30.85,16.774419],[30.866535,16.75],[30.85,16.693243],[30.825758,16.65],[30.79,16.55],[30.75,16.502941],[30.677273,16.55],[30.65,16.565],[30.641176,16.55],[30.625806,16.45],[30.65,16.411538],[30.718571,16.35],[30.65,16.272581],[30.55,16.318293],[30.45,16.336364],[30.389683,16.25],[30.351786,16.15],[30.35,16.142308],[30.313636,16.05],[30.315909,15.95],[30.35,15.85],[30.307143,15.75],[30.316667,15.65],[30.316667,15.55],[30.31,15.45],[30.31087,15.35],[30.25,15.256667],[30.2375,15.25],[30.25,15.23],[30.256349,15.15],[30.263846,15.05],[30.35,14.959677],[30.45,14.951923],[30.55,14.965625],[30.65,14.9875],[30.731818,14.95],[30.75,14.942593],[30.761111,14.95],[30.85,14.998485],[30.95,14.99],[31.028947,15.05],[31.05,15.065385],[31.107143,15.05],[31.15,15.033333],[31.183333,15.05],[31.25,15.074],[31.302778,15.15],[31.297619,15.25],[31.35,15.294],[31.379787,15.35],[31.35,15.4],[31.319565,15.45],[31.25,15.515306],[31.189286,15.55],[31.15,15.634615],[31.146154,15.65],[31.136364,15.75],[31.15,15.771429],[31.241667,15.85],[31.25,15.857407],[31.35,15.927778],[31.365789,15.95],[31.35,15.973077],[31.295946,16.05],[31.268421,16.15],[31.25,16.227778],[31.245745,16.25],[31.223529,16.35],[31.201282,16.45],[31.190426,16.55],[31.175455,16.65],[31.15,16.7375],[31.1475,16.75],[31.133333,16.85],[31.097143,16.95],[31.084483,17.05],[31.071429,17.15],[31.05,17.177907],[30.964286,17.15],[30.95,17.146296],[30.9375,17.15],[30.85,17.176415],[30.75,17.214815]],[[32.55,17.1],[32.533333,17.05],[32.470833,16.95],[32.55,16.882143],[32.65,16.935185],[32.75,16.944],[32.767647,16.95],[32.75,16.983333],[32.7,17.05],[32.65,17.085294],[32.55,17.1]],[[37.65,16.899242],[37.63048,16.85],[37.63528,16.75],[37.648052,16.65],[37.65,16.64697],[37.652128,16.65],[37.692857,16.75],[37.737838,16.85],[37.65,16.899242]],[[6.65,16.75],[6.65,16.75],[6.75,16.834615],[6.85,16.817308],[6.95,16.766667],[6.976471,16.75],[7.05,16.678571],[7.09,16.65],[7.078571,16.55],[7.05,16.538235],[6.95,16.543333],[6.938889,16.55],[6.85,16.572222],[6.777273,16.55],[6.75,16.538],[6.732353,16.55],[6.683333,16.65],[6.65,16.75],[6.65,16.75]],[[30.05,16.688125],[30.00906,16.65],[29.992282,16.55],[30.05,16.474561],[30.132692,16.55],[30.110396,16.65],[30.05,16.688125]],[[30.25,16.576027],[30.198649,16.55],[30.25,16.463636],[30.267757,16.55],[30.25,16.576027]],[[30.15,16.4125],[30.115517,16.35],[30.15,16.302381],[30.17381,16.35],[30.15,16.4125]],[[31.35,16.3625],[31.314286,16.35],[31.35,16.327273],[31.37,16.35],[31.35,16.3625]],[[8.65,16.31],[8.575,16.25],[8.55,16.235714],[8.45,16.1625],[8.446296,16.15],[8.45,16.05],[8.55,16.123913],[8.616667,16.15],[8.65,16.2],[8.725,16.25],[8.65,16.31]],[[33.45,16.25],[33.45,16.25],[33.45,16.25],[33.447561,16.15],[33.385484,16.05],[33.35,16.010714],[33.272727,15.95],[33.35,15.876087],[33.365789,15.85],[33.45,15.755882],[33.461765,15.75],[33.55,15.707143],[33.633333,15.65],[33.65,15.638235],[33.75,15.609259],[33.787931,15.65],[33.792857,15.75],[33.785,15.85],[33.793243,15.95],[33.75,16.044118],[33.746,16.05],[33.65,16.13],[33.625,16.15],[33.55,16.222],[33.45,16.25]],[[11.45,16.163043],[11.425,16.15],[11.436364,16.05],[11.422727,15.95],[11.45,15.938462],[11.456,15.95],[11.456818,16.05],[11.463953,16.15],[11.45,16.163043]],[[33.05,16.153774],[33.0375,16.15],[32.95,16.086364],[32.926471,16.05],[32.95,15.992857],[32.981579,15.95],[33.05,15.921739],[33.15,15.917857],[33.214286,15.95],[33.15,15.992857],[33.115714,16.05],[33.056667,16.15],[33.05,16.153774]],[[5.25,15.670755],[5.228,15.65],[5.25,15.62027],[5.273404,15.65],[5.25,15.670755]],[[5.35,15.580769],[5.311905,15.55],[5.35,15.517347],[5.45,15.490351],[5.504762,15.45],[5.536441,15.35],[5.55,15.333673],[5.573529,15.35],[5.65,15.403061],[5.75,15.43],[5.85,15.415909],[5.891667,15.45],[5.916667,15.55],[5.85,15.581818],[5.75,15.559756],[5.65,15.575],[5.55,15.570408],[5.45,15.599275],[5.35,15.580769]],[[7.75,15.569048],[7.725,15.55],[7.65,15.479412],[7.623684,15.45],[7.65,15.411538],[7.75,15.4],[7.756667,15.45],[7.767391,15.55],[7.75,15.569048]],[[6.95,15.55],[6.95,15.55],[6.95,15.55]],[[-2.85,15.181988],[-2.884797,15.15],[-2.85,15.089053],[-2.75,15.093895],[-2.6535,15.15],[-2.75,15.198861],[-2.85,15.181988]],[[-2.55,15.160924],[-2.628788,15.15],[-2.55,15.139256],[-2.507377,15.15],[-2.55,15.160924]],[[30.15,15.15],[30.15,15.15],[30.15,15.15],[30.15,15.15],[30.15,15.15]],[[6.05,15.05],[6.05,15.05],[6.15,15.054878],[6.25,15.100909],[6.35,15.088889],[6.383333,15.05],[6.374324,14.95],[6.35,14.926923],[6.301613,14.85],[6.25,14.810494],[6.15,14.758511],[6.05,14.775581],[5.988462,14.85],[5.95,14.936957],[5.93,14.95],[5.95,14.957143],[6.05,15.05]],[[8.85,15.086667],[8.776667,15.05],[8.75,15.035714],[8.686842,14.95],[8.75,14.877273],[8.85,14.85],[8.95,14.86],[9.05,14.908333],[9.1,14.95],[9.11,15.05],[9.05,15.098],[8.95,15.09],[8.85,15.086667]],[[-3.35,14.978859],[-3.368943,14.95],[-3.45,14.881086],[-3.51194,14.85],[-3.55,14.767742],[-3.628571,14.75],[-3.55,14.706],[-3.496154,14.65],[-3.484694,14.55],[-3.45,14.504054],[-3.363043,14.45],[-3.35,14.4475],[-3.348101,14.45],[-3.280435,14.55],[-3.25,14.57314],[-3.187584,14.65],[-3.15,14.683136],[-3.072069,14.75],[-3.05,14.786364],[-3.009124,14.85],[-3.05,14.889716],[-3.143407,14.95],[-3.15,14.95438],[-3.25,14.995588],[-3.35,14.978859]],[[30.05,14.95],[30.05,14.95],[30.05,14.95],[30.05,14.95],[30.05,14.95]],[[30.15,14.894615],[30.103968,14.85],[30.08299,14.75],[30.15,14.663333],[30.223864,14.75],[30.211702,14.85],[30.15,14.894615]],[[8.75,14.780769],[8.719231,14.75],[8.75,14.723333],[8.786364,14.75],[8.75,14.780769]],[[8.85,14.85],[8.85,14.85],[8.85,14.85]],[[5.85,14.666038],[5.810465,14.65],[5.806757,14.55],[5.85,14.510976],[5.95,14.471739],[6.0175,14.55],[5.95,14.644737],[5.935,14.65],[5.85,14.666038]],[[8.45,14.659375],[8.4425,14.65],[8.45,14.639286],[8.51,14.65],[8.45,14.659375]],[[10.05,14.572857],[10.025,14.55],[9.95,14.521765],[9.85,14.485897],[9.815,14.45],[9.801852,14.35],[9.85,14.321739],[9.93125,14.35],[9.95,14.358955],[9.967143,14.35],[10.05,14.321845],[10.15,14.314516],[10.212264,14.35],[10.25,14.43],[10.259804,14.45],[10.3,14.55],[10.25,14.619048],[10.15,14.592424],[10.05,14.572857]],[[30.15,14.61],[30.096429,14.55],[30.15,14.509459],[30.203571,14.55],[30.15,14.61]],[[-3.45,14.35],[-3.45,14.35],[-3.45,14.35],[-3.45,14.35],[-3.45,14.35]],[[40.95,14.414286],[40.875389,14.35],[40.871186,14.25],[40.916474,14.15],[40.945706,14.05],[40.95,14.039928],[40.980414,13.95],[41.029894,13.85],[41.05,13.826758],[41.148431,13.75],[41.15,13.748551],[41.25,13.686686],[41.312,13.65],[41.35,13.620769],[41.421318,13.55],[41.45,13.508427],[41.479213,13.45],[41.487143,13.35],[41.489484,13.25],[41.518465,13.15],[41.55,13.102795],[41.65,13.072403],[41.75,13.134356],[41.772271,13.15],[41.838056,13.25],[41.85,13.331132],[41.855464,13.35],[41.863445,13.45],[41.882808,13.55],[41.85,13.60123],[41.763139,13.65],[41.75,13.656207],[41.65,13.691667],[41.55,13.736313],[41.45,13.706522],[41.35,13.7],[41.323793,13.75],[41.298077,13.85],[41.300151,13.95],[41.287152,14.05],[41.25,14.1125],[41.221315,14.15],[41.15,14.222764],[41.108896,14.25],[41.05,14.327419],[41.033721,14.35],[40.95,14.414286]],[[9.15,14.288462],[9.128261,14.25],[9.15,14.2],[9.17381,14.15],[9.19,14.05],[9.25,14.030645],[9.277273,14.05],[9.307143,14.15],[9.25,14.25],[9.15,14.288462]],[[7.55,13.059091],[7.545833,13.05],[7.517647,12.95],[7.45,12.893902],[7.401351,12.85],[7.45,12.771739],[7.476316,12.75],[7.45,12.731481],[7.35,12.659091],[7.338462,12.65],[7.272222,12.55],[7.294,12.45],[7.35,12.38913],[7.45,12.360714],[7.51,12.35],[7.45,12.336957],[7.378571,12.25],[7.35,12.221429],[7.25,12.230556],[7.159375,12.15],[7.171277,12.05],[7.15,12.022222],[7.066667,12.05],[7.05,12.057692],[6.95,12.09],[6.875,12.15],[6.85,12.169444],[6.832927,12.15],[6.780435,12.05],[6.75,12.008824],[6.65,12.015957],[6.57619,11.95],[6.55,11.907692],[6.496429,11.85],[6.45,11.810606],[6.366667,11.75],[6.4,11.65],[6.39,11.55],[6.37,11.45],[6.35,11.38],[6.338889,11.35],[6.35,11.326923],[6.371429,11.35],[6.45,11.378205],[6.55,11.353704],[6.555714,11.35],[6.624194,11.25],[6.632353,11.15],[6.622222,11.05],[6.55,10.953704],[6.546667,10.95],[6.538571,10.85],[6.55,10.841489],[6.636,10.75],[6.626623,10.65],[6.586264,10.55],[6.65,10.462121],[6.732857,10.55],[6.75,10.57069],[6.77449,10.55],[6.85,10.488333],[6.873469,10.45],[6.930909,10.35],[6.95,10.313158],[7.031818,10.25],[7.05,10.232979],[7.15,10.15137],[7.151266,10.15],[7.25,10.072772],[7.317647,10.05],[7.25,10.017143],[7.161321,9.95],[7.181579,9.85],[7.25,9.814865],[7.342308,9.75],[7.287931,9.65],[7.25,9.617647],[7.15,9.61875],[7.05,9.578205],[7.037356,9.55],[7.05,9.495],[7.14,9.45],[7.15,9.446296],[7.202,9.35],[7.242958,9.25],[7.25,9.237805],[7.35,9.199206],[7.372302,9.15],[7.45,9.074476],[7.503846,9.05],[7.55,9.009459],[7.57459,9.05],[7.646789,9.15],[7.65,9.158537],[7.696584,9.25],[7.75,9.35],[7.85,9.304749],[7.926563,9.25],[7.95,9.194444],[8.026923,9.25],[8.05,9.260976],[8.15,9.331818],[8.2,9.35],[8.25,9.352759],[8.35,9.351099],[8.36,9.35],[8.4,9.25],[8.378,9.15],[8.45,9.114706],[8.55,9.118269],[8.65,9.0675],[8.75,9.053099],[8.756667,9.05],[8.85,9.004148],[8.95,8.974384],[9.05,9.02037],[9.15,8.990184],[9.25,9.036286],[9.261215,9.05],[9.3343,9.15],[9.35,9.168678],[9.45,9.158253],[9.47337,9.15],[9.55,9.095977],[9.65,9.080756],[9.745047,9.15],[9.717568,9.25],[9.684706,9.35],[9.714815,9.45],[9.75,9.482571],[9.85,9.481646],[9.930645,9.45],[9.95,9.441045],[9.965,9.45],[10.05,9.487363],[10.15,9.512037],[10.228846,9.55],[10.15,9.57971],[10.10819,9.65],[10.106221,9.75],[10.148496,9.85],[10.15,9.852222],[10.159524,9.85],[10.25,9.834034],[10.280159,9.85],[10.303947,9.95],[10.25,9.981298],[10.193038,10.05],[10.192029,10.15],[10.15,10.213043],[10.065,10.25],[10.15,10.35],[10.209459,10.45],[10.246667,10.55],[10.25,10.566667],[10.267544,10.65],[10.25,10.708824],[10.2,10.75],[10.15,10.775926],[10.05,10.79],[10.041176,10.85],[10.026596,10.95],[10.05,10.986667],[10.082759,11.05],[10.05,11.132609],[9.95,11.081579],[9.879412,11.05],[9.85,11.035294],[9.75,10.986364],[9.707895,10.95],[9.65,10.871429],[9.55,10.872222],[9.525439,10.95],[9.55,10.992424],[9.581148,11.05],[9.55,11.126],[9.522727,11.15],[9.45,11.181373],[9.35,11.176087],[9.25,11.240769],[9.175,11.25],[9.15,11.255714],[9.05,11.275],[8.995455,11.35],[8.95,11.433333],[8.943617,11.45],[8.85,11.543617],[8.8125,11.55],[8.75,11.560638],[8.714286,11.55],[8.65,11.537838],[8.625676,11.55],[8.55,11.606],[8.45,11.554348],[8.35,11.590741],[8.292857,11.65],[8.25,11.698],[8.15,11.744118],[8.135714,11.75],[8.15,11.783333],[8.167391,11.85],[8.25,11.926],[8.266667,11.95],[8.25,12.035714],[8.246552,12.05],[8.19375,12.15],[8.25,12.18913],[8.3,12.25],[8.281034,12.35],[8.25,12.3875],[8.203125,12.45],[8.2125,12.55],[8.207143,12.65],[8.178,12.75],[8.15,12.791176],[8.115517,12.85],[8.05,12.945],[8.040909,12.95],[7.95,12.993478],[7.906522,12.95],[7.857692,12.85],[7.885714,12.75],[7.85,12.727273],[7.82619,12.75],[7.75,12.814],[7.721875,12.85],[7.680556,12.95],[7.65,12.994],[7.556667,13.05],[7.55,13.059091]],[[42.05,13.090201],[42.009596,13.05],[42.05,12.960112],[42.078125,12.95],[42.15,12.913492],[42.170175,12.95],[42.16413,13.05],[42.15,13.0625],[42.05,13.090201]],[[40.55,13.01729],[40.478,12.95],[40.470968,12.85],[40.466964,12.75],[40.45,12.741949],[40.389554,12.65],[40.395583,12.55],[40.45,12.475604],[40.55,12.516667],[40.574691,12.55],[40.617907,12.65],[40.65,12.744521],[40.652395,12.75],[40.667241,12.85],[40.65,12.901402],[40.634706,12.95],[40.55,13.01729]],[[-8.95,12.859783],[-8.962162,12.85],[-8.95,12.837143],[-8.94,12.85],[-8.95,12.859783]],[[7.15,12.858824],[7.125,12.85],[7.07,12.75],[7.15,12.67],[7.169512,12.75],[7.157895,12.85],[7.15,12.858824]],[[30.65,12.75],[30.65,12.75],[30.65,12.75]],[[-8.85,12.595],[-8.911364,12.55],[-8.893137,12.45],[-8.95,12.364706],[-8.954348,12.35],[-8.95,12.346914],[-8.85,12.287226],[-8.818712,12.25],[-8.75,12.20502],[-8.686723,12.25],[-8.65,12.336667],[-8.638235,12.35],[-8.622727,12.45],[-8.65,12.525],[-8.75,12.544828],[-8.76,12.55],[-8.85,12.595]],[[-8.45,12.55303],[-8.452326,12.55],[-8.45,12.546774],[-8.409459,12.45],[-8.35,12.419444],[-8.3,12.45],[-8.25,12.513768],[-8.223958,12.55],[-8.25,12.636207],[-8.35,12.621875],[-8.45,12.55303]],[[30.55,12.573077],[30.45,12.55],[30.55,12.516667],[30.558824,12.55],[30.55,12.573077]],[[-9.85,12.45679],[-9.857097,12.45],[-9.85,12.42381],[-9.819444,12.45],[-9.85,12.45679]],[[41.65,12.455727],[41.622917,12.45],[41.580583,12.35],[41.646914,12.25],[41.65,12.234848],[41.75,12.232759],[41.767123,12.25],[41.85,12.325155],[41.868018,12.35],[41.95,12.430889],[42.0,12.45],[41.95,12.514179],[41.85,12.471306],[41.770513,12.45],[41.75,12.442233],[41.694828,12.45],[41.65,12.455727]],[[-10.65,12.370472],[-10.675243,12.35],[-10.65,12.25],[-10.65,12.25],[-10.55,12.244737],[-10.544215,12.25],[-10.526884,12.35],[-10.55,12.387398],[-10.65,12.370472]],[[18.85,12.354959],[18.844872,12.35],[18.785636,12.25],[18.782203,12.15],[18.765038,12.05],[18.75,12.033607],[18.65,11.972917],[18.624419,11.95],[18.55,11.901515],[18.45,11.907692],[18.387143,11.95],[18.35,11.972807],[18.25,12.021429],[18.156977,11.95],[18.220968,11.85],[18.25,11.802632],[18.280303,11.75],[18.34,11.65],[18.35,11.643333],[18.45,11.575926],[18.55,11.559804],[18.576316,11.55],[18.65,11.518889],[18.732353,11.55],[18.733333,11.65],[18.75,11.673077],[18.85,11.681429],[18.95,11.745238],[19.05,11.684483],[19.133333,11.65],[19.058602,11.55],[19.071429,11.45],[19.15,11.354348],[19.25,11.35],[19.317442,11.45],[19.25625,11.55],[19.25,11.560345],[19.157143,11.65],[19.187778,11.75],[19.172581,11.85],[19.15,11.875926],[19.113636,11.95],[19.083333,12.05],[19.05,12.084286],[19.036061,12.15],[18.981765,12.25],[18.95,12.275962],[18.857229,12.35],[18.85,12.354959]],[[19.55,12.388462],[19.514286,12.35],[19.55,12.314286],[19.633333,12.35],[19.55,12.388462]],[[-12.35,12.259239],[-12.366832,12.25],[-12.45,12.214854],[-12.55,12.199051],[-12.58717,12.15],[-12.65,12.058711],[-12.661312,12.05],[-12.65,12.031343],[-12.55,11.976201],[-12.526,11.95],[-12.55,11.91129],[-12.604286,11.85],[-12.55,11.773387],[-12.516279,11.75],[-12.55,11.7355],[-12.618127,11.65],[-12.65,11.55],[-12.75,11.554858],[-12.85,11.609722],[-12.95,11.576641],[-12.975368,11.55],[-12.990506,11.45],[-13.038679,11.35],[-12.95,11.260354],[-12.941038,11.25],[-12.95,11.194118],[-12.973622,11.15],[-13.05,11.087821],[-13.071691,11.05],[-13.052913,10.95],[-13.059655,10.85],[-13.106338,10.75],[-13.05,10.724843],[-13.028836,10.75],[-13.042821,10.85],[-13.044643,10.95],[-12.95,10.966825],[-12.85,10.985124],[-12.804545,10.95],[-12.75,10.914706],[-12.65,10.874528],[-12.628689,10.85],[-12.581361,10.75],[-12.55,10.695361],[-12.45,10.67303],[-12.440104,10.65],[-12.41875,10.55],[-12.35,10.473118],[-12.320139,10.45],[-12.35,10.39881],[-12.410294,10.35],[-12.35,10.321329],[-12.292045,10.25],[-12.25,10.197887],[-12.208282,10.15],[-12.15,10.116549],[-12.05,10.070942],[-11.975616,10.15],[-11.95,10.173853],[-11.871698,10.25],[-11.85,10.275414],[-11.779687,10.35],[-11.75,10.384969],[-11.65,10.367958],[-11.615772,10.35],[-11.55,10.277407],[-11.45,10.262676],[-11.406098,10.25],[-11.35,10.169298],[-11.309259,10.15],[-11.25,10.101515],[-11.15,10.1],[-11.05,10.112963],[-11.012963,10.15],[-11.05,10.196512],[-11.121875,10.25],[-11.091333,10.35],[-11.060169,10.45],[-11.05,10.5],[-11.005,10.55],[-10.953846,10.65],[-10.95,10.658511],[-10.85,10.670896],[-10.75,10.685714],[-10.691071,10.75],[-10.75,10.818276],[-10.85,10.847248],[-10.95,10.807333],[-11.0,10.75],[-11.05,10.71993],[-11.073118,10.75],[-11.05,10.828182],[-11.022727,10.85],[-10.95,10.869277],[-10.857586,10.95],[-10.95,11.022432],[-11.01381,10.95],[-11.05,10.863636],[-11.077536,10.95],[-11.079528,11.05],[-11.085176,11.15],[-11.05,11.197297],[-10.95,11.16],[-10.884894,11.25],[-10.856542,11.35],[-10.85,11.359589],[-10.840411,11.35],[-10.75,11.30875],[-10.686538,11.35],[-10.668919,11.45],[-10.689048,11.55],[-10.75,11.592953],[-10.792105,11.55],[-10.85,11.492857],[-10.95,11.510563],[-11.05,11.521892],[-11.093697,11.55],[-11.069231,11.65],[-11.05,11.666393],[-10.95,11.654651],[-10.85,11.688863],[-10.788863,11.75],[-10.75203,11.85],[-10.75,11.854598],[-10.705135,11.95],[-10.716667,12.05],[-10.700794,12.15],[-10.75,12.222093],[-10.764904,12.15],[-10.836111,12.05],[-10.85,12.039583],[-10.9,11.95],[-10.95,11.887226],[-11.000292,11.95],[-11.05,11.993814],[-11.15,11.968881],[-11.179032,11.95],[-11.25,11.855714],[-11.318041,11.95],[-11.35,12.007407],[-11.45,11.99],[-11.55,12.036538],[-11.65,12.007143],[-11.679268,11.95],[-11.65,11.891463],[-11.625362,11.85],[-11.65,11.799254],[-11.75,11.810345],[-11.833133,11.85],[-11.85,11.863333],[-11.95,11.924059],[-12.05,11.901254],[-12.15,11.923932],[-12.163466,11.95],[-12.15,12.041045],[-12.146154,12.05],[-12.15,12.053015],[-12.202446,12.15],[-12.25,12.200432],[-12.341005,12.25],[-12.35,12.259239]],[[42.35,12.255932],[42.341765,12.25],[42.35,12.247276],[42.354636,12.25],[42.35,12.255932]],[[-9.85,12.2],[-9.894118,12.15],[-9.85,12.083036],[-9.809341,12.05],[-9.8164,11.95],[-9.85,11.918182],[-9.95,11.913889],[-10.05,11.859091],[-10.084483,11.95],[-10.15,12.030851],[-10.2,12.05],[-10.25,12.060112],[-10.265385,12.05],[-10.287671,11.95],[-10.25,11.864062],[-10.15,11.866484],[-10.071053,11.85],[-10.05,11.839189],[-10.0236,11.75],[-9.95,11.696821],[-9.85,11.702482],[-9.791228,11.75],[-9.75,11.770172],[-9.65,11.805603],[-9.600481,11.85],[-9.563542,11.95],[-9.55,11.972807],[-9.512712,12.05],[-9.55,12.091509],[-9.65,12.089535],[-9.75,12.133077],[-9.762791,12.15],[-9.85,12.2]],[[18.45,12.152151],[18.447015,12.15],[18.45,12.146429],[18.452381,12.15],[18.45,12.152151]],[[-11.25,12.086782],[-11.308182,12.05],[-11.25,12.017347],[-11.228378,12.05],[-11.25,12.086782]],[[27.55,12.15],[27.55,12.15],[27.55,12.15]],[[42.05,12.080638],[41.983333,12.05],[41.95,12.015714],[41.890517,11.95],[41.931851,11.85],[41.95,11.780137],[41.958178,11.75],[41.981022,11.65],[42.05,11.592025],[42.14547,11.55],[42.15,11.543299],[42.153963,11.55],[42.15,11.626471],[42.148953,11.65],[42.094746,11.75],[42.05,11.8488],[42.044444,11.85],[42.05,11.851546],[42.15,11.861632],[42.168731,11.85],[42.25,11.767485],[42.299723,11.85],[42.25,11.925989],[42.234712,11.95],[42.154438,12.05],[42.15,12.058523],[42.05,12.080638]],[[41.45,11.859901],[41.441935,11.85],[41.45,11.840385],[41.547917,11.75],[41.55,11.748658],[41.5875,11.65],[41.65,11.5773],[41.667625,11.55],[41.709919,11.45],[41.75,11.368182],[41.780986,11.35],[41.85,11.325127],[41.948667,11.25],[41.95,11.238889],[41.958,11.25],[41.988693,11.35],[41.95,11.423333],[41.94082,11.45],[41.874342,11.55],[41.85,11.624],[41.84078,11.65],[41.796533,11.75],[41.75,11.795863],[41.663006,11.85],[41.65,11.878125],[41.55,11.905195],[41.45,11.859901]],[[-11.55,11.761111],[-11.578261,11.75],[-11.55,11.7396],[-11.45,11.746175],[-11.440278,11.75],[-11.45,11.7625],[-11.55,11.761111]],[[-10.55,11.827241],[-10.632963,11.75],[-10.618333,11.65],[-10.55,11.57931],[-10.45,11.642079],[-10.441304,11.65],[-10.45,11.673529],[-10.468841,11.75],[-10.55,11.827241]],[[20.45,11.757692],[20.447436,11.75],[20.437755,11.65],[20.45,11.640476],[20.467143,11.65],[20.455,11.75],[20.45,11.757692]],[[28.35,11.681111],[28.304839,11.65],[28.35,11.6],[28.45,11.638235],[28.475,11.65],[28.45,11.67],[28.35,11.681111]],[[18.25,11.515217],[18.201613,11.45],[18.15,11.405556],[18.127011,11.35],[18.131081,11.25],[18.15,11.228351],[18.25,11.185088],[18.309701,11.15],[18.35,11.124038],[18.45,11.118142],[18.55,11.109184],[18.626923,11.15],[18.65,11.202174],[18.683333,11.25],[18.65,11.307895],[18.55,11.3375],[18.472222,11.35],[18.45,11.357692],[18.35,11.4375],[18.338235,11.45],[18.25,11.515217]],[[34.55,11.463333],[34.527778,11.45],[34.55,11.444595],[34.566667,11.45],[34.55,11.463333]],[[19.25,11.35],[19.25,11.35],[19.25,11.35]],[[21.95,11.35],[21.95,11.35],[21.95,11.35]],[[41.65,11.266901],[41.640551,11.25],[41.65,11.245142],[41.6548,11.25],[41.65,11.266901]],[[-5.35,11.188462],[-5.407692,11.15],[-5.45,11.110714],[-5.55,11.072222],[-5.65,11.091304],[-5.75,11.126744],[-5.812264,11.05],[-5.75,10.993103],[-5.65,11.02625],[-5.55,11.042683],[-5.45,11.015306],[-5.392857,10.95],[-5.368033,10.85],[-5.35,10.792105],[-5.313636,10.75],[-5.25,10.7388],[-5.223585,10.75],[-5.15,10.816102],[-5.05,10.82],[-4.99,10.85],[-4.95,10.8625],[-4.85,10.93125],[-4.843333,10.95],[-4.813077,11.05],[-4.85,11.071429],[-4.95,11.095714],[-5.05,11.088462],[-5.15,11.081183],[-5.25,11.13],[-5.296429,11.15],[-5.35,11.188462]],[[13.75,11.171111],[13.727246,11.15],[13.680545,11.05],[13.65,10.963402],[13.636022,10.95],[13.55,10.85],[13.55,10.85],[13.452058,10.75],[13.45,10.743243],[13.374176,10.65],[13.35,10.632812],[13.267188,10.55],[13.25,10.48125],[13.183333,10.55],[13.15,10.583333],[13.05,10.635714],[13.034211,10.55],[13.05,10.503846],[13.081818,10.45],[13.05,10.425862],[12.972222,10.45],[12.95,10.455882],[12.943548,10.45],[12.89,10.35],[12.85,10.28],[12.75,10.263333],[12.737879,10.25],[12.65,10.175641],[12.583333,10.15],[12.55,10.143333],[12.535714,10.15],[12.45,10.17439],[12.35,10.225207],[12.25,10.213694],[12.170635,10.15],[12.152778,10.05],[12.15,10.036207],[12.140809,9.95],[12.15,9.938938],[12.25,9.865924],[12.35,9.873977],[12.45,9.895109],[12.55,9.933838],[12.582653,9.95],[12.65,10.008929],[12.75,10.04],[12.766667,10.05],[12.85,10.09902],[12.95,10.071739],[13.05,10.068667],[13.070588,10.05],[13.05,10.027049],[12.999462,9.95],[12.95,9.899451],[12.920588,9.85],[12.921271,9.75],[12.95,9.728151],[13.05,9.702281],[13.112673,9.75],[13.15,9.810448],[13.229104,9.85],[13.25,9.872581],[13.276923,9.85],[13.35,9.818852],[13.42037,9.85],[13.45,9.858989],[13.547006,9.95],[13.55,9.953497],[13.557813,9.95],[13.641176,9.85],[13.65,9.84562],[13.716667,9.85],[13.75,9.858824],[13.774603,9.95],[13.814063,10.05],[13.85,10.131176],[13.873188,10.15],[13.921429,10.25],[13.935714,10.35],[13.95,10.365294],[14.05,10.426471],[14.065686,10.45],[14.082727,10.55],[14.15,10.65],[14.212857,10.75],[14.159677,10.85],[14.161818,10.95],[14.15,10.970968],[14.05,11.036854],[13.967778,10.95],[13.95,10.929798],[13.916667,10.95],[13.85,11.039888],[13.8455,11.05],[13.782479,11.15],[13.75,11.171111]],[[42.05,11.211017],[41.980769,11.15],[42.05,11.128313],[42.101429,11.15],[42.05,11.211017]],[[11.95,11.071538],[11.933333,11.05],[11.883333,10.95],[11.910484,10.85],[11.920526,10.75],[11.919672,10.65],[11.95,10.583929],[11.9652,10.55],[12.027457,10.45],[12.05,10.391791],[12.15,10.390167],[12.25,10.431319],[12.35,10.444079],[12.359,10.45],[12.425573,10.55],[12.412222,10.65],[12.35,10.7375],[12.342,10.75],[12.319048,10.85],[12.278571,10.95],[12.25,11.05],[12.15,11.111538],[12.05,11.101923],[11.95,11.071538]],[[28.85,11.096154],[28.822727,11.05],[28.85,10.99],[28.869355,11.05],[28.85,11.096154]],[[-4.55,10.998485],[-4.638889,10.95],[-4.55,10.9375],[-4.531176,10.95],[-4.55,10.998485]],[[10.45,11.0],[10.434848,10.95],[10.45,10.937805],[10.458065,10.95],[10.45,11.0]],[[28.55,10.976667],[28.534,10.95],[28.55,10.85],[28.571053,10.95],[28.55,10.976667]],[[41.25,10.983482],[41.174242,10.95],[41.15,10.92931],[41.109825,10.85],[41.05,10.765432],[41.042212,10.75],[41.05,10.696809],[41.111111,10.65],[41.15,10.645395],[41.169718,10.65],[41.235981,10.75],[41.220229,10.85],[41.25,10.884211],[41.274194,10.95],[41.25,10.983482]],[[-11.15,10.865254],[-11.171429,10.85],[-11.15,10.829888],[-11.075,10.85],[-11.15,10.865254]],[[10.95,10.877143],[10.929121,10.85],[10.860714,10.75],[10.908667,10.65],[10.932895,10.55],[10.95,10.45],[10.938793,10.35],[10.896617,10.25],[10.95,10.186607],[11.05,10.156612],[11.088095,10.15],[11.15,10.109375],[11.161607,10.15],[11.158929,10.25],[11.15,10.283333],[11.125904,10.35],[11.15,10.405556],[11.164953,10.45],[11.15,10.469512],[11.05,10.52619],[11.006522,10.55],[10.996269,10.65],[11.05,10.6875],[11.15,10.688095],[11.25,10.697917],[11.265924,10.75],[11.25,10.809524],[11.226056,10.85],[11.15,10.894628],[11.05,10.918142],[10.95,10.877143]],[[18.55,10.90443],[18.509048,10.85],[18.55,10.815041],[18.628182,10.85],[18.55,10.90443]],[[28.85,10.87],[28.847917,10.85],[28.85,10.84375],[28.907692,10.75],[28.95,10.728846],[29.05,10.719697],[29.15,10.742157],[29.25,10.731944],[29.272807,10.75],[29.25,10.788235],[29.1625,10.85],[29.15,10.88],[29.05,10.918966],[28.95,10.933721],[28.85,10.87]],[[-5.45,10.794444],[-5.484188,10.75],[-5.45,10.725758],[-5.366667,10.75],[-5.45,10.794444]],[[28.55,10.85],[28.55,10.85],[28.55,10.85]],[[30.35,10.751556],[30.25,10.75],[30.35,10.746992],[30.375,10.75],[30.35,10.751556]],[[-13.25,10.662245],[-13.259375,10.65],[-13.25,10.643182],[-13.241667,10.65],[-13.25,10.662245]],[[-13.05,10.569595],[-13.066292,10.55],[-13.05,10.539895],[-13.039568,10.55],[-13.05,10.569595]],[[1.65,10.561111],[1.639362,10.55],[1.65,10.532143],[1.656944,10.55],[1.65,10.561111]],[[-12.55,10.45],[-12.55,10.45],[-12.55,10.45],[-12.591102,10.35],[-12.573841,10.25],[-12.55,10.211429],[-12.495178,10.25],[-12.471774,10.35],[-12.55,10.45]],[[1.55,10.506701],[1.464063,10.45],[1.450952,10.35],[1.45,10.347368],[1.416667,10.25],[1.45,10.228857],[1.55,10.193119],[1.621264,10.25],[1.65,10.323529],[1.658333,10.35],[1.65,10.378125],[1.620513,10.45],[1.55,10.506701]],[[30.75,10.390351],[30.708182,10.35],[30.686571,10.25],[30.75,10.180625],[30.85,10.220588],[30.930645,10.25],[30.85,10.295455],[30.793396,10.35],[30.75,10.390351]],[[-13.05,10.267361],[-13.124627,10.25],[-13.098636,10.15],[-13.05,10.074648],[-12.95,10.071839],[-12.863191,10.15],[-12.95,10.233951],[-12.99382,10.25],[-13.05,10.267361]],[[1.25,10.264634],[1.246891,10.25],[1.25,10.245745],[1.2575,10.25],[1.25,10.264634]],[[-12.25,10.105263],[-12.27,10.05],[-12.25431,9.95],[-12.25,9.944966],[-12.245562,9.95],[-12.219231,10.05],[-12.25,10.105263]],[[10.95,10.091429],[10.882558,10.05],[10.85,10.00625],[10.837143,9.95],[10.85,9.920492],[10.8875,9.95],[10.95,10.000847],[11.010417,10.05],[10.95,10.091429]],[[22.35,9.997778],[22.293421,9.95],[22.334444,9.85],[22.35,9.826667],[22.427778,9.85],[22.45,9.857407],[22.49386,9.95],[22.45,10.004348],[22.35,9.997778]],[[-12.95,9.893891],[-12.9985,9.85],[-13.02619,9.75],[-12.992932,9.65],[-12.95,9.632174],[-12.85,9.592169],[-12.83931,9.65],[-12.800283,9.75],[-12.843651,9.85],[-12.85,9.863483],[-12.95,9.893891]],[[11.25,9.872794],[11.218367,9.85],[11.205556,9.75],[11.25,9.697287],[11.35,9.712987],[11.45,9.724408],[11.55,9.741589],[11.65,9.745122],[11.75,9.731416],[11.85,9.74802],[11.852273,9.75],[11.85,9.757407],[11.821042,9.85],[11.75,9.905758],[11.65,9.867341],[11.55,9.85892],[11.482143,9.85],[11.45,9.835714],[11.35,9.801351],[11.286471,9.85],[11.25,9.872794]],[[-10.45,9.779167],[-10.474138,9.75],[-10.494,9.65],[-10.55,9.576316],[-10.568519,9.55],[-10.65,9.503191],[-10.75,9.5],[-10.81875,9.55],[-10.85,9.579412],[-10.870833,9.55],[-10.895455,9.45],[-10.87381,9.35],[-10.95,9.280435],[-11.05,9.33],[-11.15,9.334688],[-11.233385,9.25],[-11.225069,9.15],[-11.15,9.058136],[-11.05,9.090201],[-10.952459,9.15],[-10.95,9.167647],[-10.944643,9.15],[-10.889394,9.05],[-10.909028,8.95],[-10.86134,8.85],[-10.85,8.8375],[-10.75,8.788393],[-10.691096,8.75],[-10.75,8.686765],[-10.782468,8.65],[-10.764961,8.55],[-10.75,8.536232],[-10.739385,8.55],[-10.65,8.641429],[-10.641228,8.65],[-10.620588,8.75],[-10.62957,8.85],[-10.569298,8.95],[-10.55,8.970755],[-10.45,9.036111],[-10.405396,8.95],[-10.375234,8.85],[-10.35,8.813514],[-10.256897,8.85],[-10.25,8.95],[-10.15,8.855208],[-10.05,8.86215],[-9.95,8.869048],[-9.942053,8.85],[-9.95,8.82551],[-10.012712,8.75],[-10.003846,8.65],[-10.035,8.55],[-10.05,8.514],[-10.083333,8.45],[-10.15,8.358571],[-10.155357,8.35],[-10.15,8.307143],[-10.1,8.25],[-10.05,8.225],[-10.04397,8.15],[-10.029845,8.05],[-9.95,7.98681],[-9.85,8.037879],[-9.835714,8.05],[-9.75,8.135714],[-9.721429,8.15],[-9.65,8.219767],[-9.613889,8.25],[-9.55,8.294231],[-9.4925,8.25],[-9.537281,8.15],[-9.55,8.117778],[-9.609223,8.05],[-9.65,7.995455],[-9.684653,7.95],[-9.65,7.919828],[-9.598529,7.95],[-9.55,7.985106],[-9.464085,8.05],[-9.45,8.054785],[-9.35,8.089437],[-9.25,8.077273],[-9.203846,8.05],[-9.15,8.020833],[-9.086364,8.05],[-9.05,8.058889],[-8.95,8.132353],[-8.85,8.085802],[-8.75,8.102632],[-8.65,8.053731],[-8.631481,8.05],[-8.65,8.02619],[-8.678571,7.95],[-8.65,7.904286],[-8.55,7.854762],[-8.546296,7.85],[-8.547436,7.75],[-8.55,7.748246],[-8.641803,7.65],[-8.65,7.62619],[-8.667021,7.55],[-8.65,7.480435],[-8.638333,7.45],[-8.55,7.405462],[-8.514189,7.45],[-8.45,7.493981],[-8.378824,7.55],[-8.35,7.567073],[-8.279586,7.65],[-8.35,7.744444],[-8.376923,7.75],[-8.353704,7.85],[-8.35,7.866667],[-8.25,7.913636],[-8.1625,7.85],[-8.15,7.821429],[-8.144565,7.75],[-8.15,7.732143],[-8.168699,7.65],[-8.222028,7.55],[-8.15,7.491808],[-8.115899,7.45],[-8.05,7.364371],[-7.95,7.364089],[-7.85,7.408427],[-7.776,7.45],[-7.75,7.49127],[-7.726577,7.45],[-7.65,7.410094],[-7.55,7.436243],[-7.532895,7.45],[-7.45,7.507534],[-7.392236,7.55],[-7.35,7.612963],[-7.320588,7.65],[-7.25,7.72619],[-7.235646,7.75],[-7.25,7.770408],[-7.315,7.85],[-7.334615,7.95],[-7.340278,8.05],[-7.35,8.062174],[-7.45,8.081667],[-7.500667,8.05],[-7.45,8.012],[-7.3725,7.95],[-7.44,7.85],[-7.45,7.847455],[-7.55,7.831221],[-7.65,7.788889],[-7.75,7.772222],[-7.85,7.815152],[-7.95,7.8375],[-7.981579,7.85],[-7.95,7.942308],[-7.947059,7.95],[-7.95,7.952941],[-8.05,7.9925],[-8.15,7.997368],[-8.25,7.994444],[-8.35,8.05],[-8.25,8.1125],[-8.15,8.121429],[-8.088462,8.15],[-8.05,8.158333],[-7.95,8.152083],[-7.933333,8.15],[-7.85,8.1375],[-7.75,8.088462],[-7.65,8.076154],[-7.55,8.117273],[-7.532,8.15],[-7.55,8.178571],[-7.602941,8.25],[-7.65,8.297059],[-7.75,8.325439],[-7.816667,8.35],[-7.85,8.386842],[-7.916667,8.45],[-7.85,8.513158],[-7.75,8.508974],[-7.65,8.545238],[-7.646552,8.55],[-7.639474,8.65],[-7.65,8.662],[-7.75,8.677711],[-7.85,8.717391],[-7.879412,8.75],[-7.85,8.769231],[-7.788835,8.85],[-7.75,8.925472],[-7.734884,8.95],[-7.75,8.974074],[-7.80942,9.05],[-7.85,9.104902],[-7.95,9.088095],[-8.03125,9.15],[-8.05,9.171429],[-8.116667,9.15],[-8.15,9.138889],[-8.157143,9.15],[-8.201351,9.25],[-8.236047,9.35],[-8.25,9.367647],[-8.29,9.45],[-8.35,9.530769],[-8.388462,9.55],[-8.45,9.65],[-8.55,9.706322],[-8.65,9.743333],[-8.75,9.732692],[-8.85,9.744595],[-8.857407,9.75],[-8.95,9.787879],[-9.05,9.8375],[-9.096667,9.75],[-9.129167,9.65],[-9.123333,9.55],[-9.142308,9.45],[-9.15,9.448901],[-9.158333,9.45],[-9.172222,9.55],[-9.185714,9.65],[-9.25,9.666667],[-9.35,9.689655],[-9.42931,9.65],[-9.35,9.591026],[-9.313636,9.55],[-9.35,9.52037],[-9.45,9.542086],[-9.55,9.541304],[-9.567391,9.55],[-9.65,9.593182],[-9.75,9.644643],[-9.818831,9.55],[-9.85,9.507895],[-9.926744,9.45],[-9.943617,9.35],[-9.95,9.322727],[-10.05,9.33125],[-10.075,9.35],[-10.05,9.373077],[-10.0,9.45],[-10.05,9.5125],[-10.077273,9.55],[-10.15,9.607143],[-10.192857,9.65],[-10.25,9.711538],[-10.35,9.697619],[-10.425862,9.75],[-10.45,9.779167]],[[22.05,9.801724],[21.975,9.75],[22.0375,9.65],[22.05,9.637179],[22.070833,9.65],[22.096154,9.75],[22.05,9.801724]],[[-11.65,9.687391],[-11.714179,9.65],[-11.65,9.602222],[-11.589437,9.65],[-11.65,9.687391]],[[-7.05,9.708621],[-7.125556,9.65],[-7.128788,9.55],[-7.05,9.464754],[-7.025676,9.45],[-6.95,9.374324],[-6.872222,9.45],[-6.95,9.534848],[-6.958772,9.55],[-6.983333,9.65],[-7.05,9.708621]],[[11.15,9.591841],[11.059091,9.55],[11.15,9.509677],[11.20102,9.55],[11.15,9.591841]],[[18.65,9.477692],[18.627778,9.45],[18.65,9.428571],[18.6875,9.45],[18.65,9.477692]],[[25.95,9.45],[25.95,9.45],[25.95,9.45]],[[1.25,9.378777],[1.212963,9.35],[1.15,9.289823],[1.05,9.309615],[1.02156,9.25],[1.05,9.227698],[1.15,9.21281],[1.25,9.177174],[1.297183,9.25],[1.35,9.346154],[1.353704,9.35],[1.35,9.352326],[1.25,9.378777]],[[-11.55,9.269704],[-11.576144,9.25],[-11.65,9.166296],[-11.661518,9.15],[-11.672776,9.05],[-11.65,8.985354],[-11.584021,9.05],[-11.55,9.077273],[-11.492105,9.15],[-11.454762,9.25],[-11.55,9.269704]],[[-7.75,9.275],[-7.756897,9.25],[-7.75,9.242593],[-7.744118,9.25],[-7.75,9.275]],[[17.75,9.180952],[17.707377,9.15],[17.65,9.102055],[17.55,9.076446],[17.521681,9.05],[17.55,9.01],[17.65,8.991538],[17.745,9.05],[17.75,9.057143],[17.752326,9.05],[17.85,8.993243],[17.95,9.035075],[17.965873,9.05],[17.966071,9.15],[17.95,9.160227],[17.85,9.227698],[17.75,9.180952]],[[12.45,9.057818],[12.438785,9.05],[12.414855,8.95],[12.45,8.887419],[12.55,8.910241],[12.561871,8.95],[12.55,9.007895],[12.5,9.05],[12.45,9.057818]],[[26.15,9.15],[26.15,9.15],[26.15,9.15]],[[26.25,9.05],[26.25,9.05],[26.25,9.05],[26.25,9.05],[26.25,9.05]],[[20.55,8.964894],[20.524545,8.95],[20.55,8.926271],[20.65,8.901923],[20.698077,8.95],[20.65,8.977174],[20.55,8.964894]],[[16.25,8.88125],[16.202381,8.85],[16.25,8.833333],[16.340909,8.85],[16.25,8.88125]],[[0.75,8.773026],[0.730874,8.75],[0.670213,8.65],[0.75,8.561765],[0.820755,8.65],[0.818627,8.75],[0.75,8.773026]],[[7.45,8.838596],[7.362931,8.75],[7.4125,8.65],[7.45,8.63125],[7.4725,8.65],[7.517785,8.75],[7.45,8.838596]],[[12.65,8.795646],[12.565556,8.75],[12.55,8.745387],[12.457656,8.65],[12.45,8.559434],[12.439362,8.55],[12.45,8.547093],[12.55,8.493936],[12.64879,8.55],[12.65,8.550588],[12.75,8.598409],[12.797193,8.65],[12.800549,8.75],[12.75,8.809896],[12.65,8.795646]],[[26.65,8.65],[26.65,8.65],[26.65,8.65]],[[-11.15,8.586413],[-11.1768,8.55],[-11.15,8.494167],[-11.105629,8.55],[-11.15,8.586413]],[[0.65,8.461712],[0.644942,8.45],[0.608252,8.35],[0.602663,8.25],[0.591209,8.15],[0.627957,8.05],[0.65,8.003933],[0.696602,7.95],[0.65,7.876154],[0.643633,7.85],[0.65,7.755556],[0.6625,7.75],[0.6525,7.65],[0.65,7.648925],[0.625789,7.55],[0.614567,7.45],[0.629087,7.35],[0.634926,7.25],[0.613014,7.15],[0.60514,7.05],[0.65,7.00414],[0.684867,7.05],[0.693831,7.15],[0.75,7.198189],[0.801955,7.25],[0.827855,7.35],[0.85,7.379358],[0.889186,7.45],[0.95,7.510814],[0.992541,7.55],[1.05,7.62509],[1.074468,7.65],[1.05,7.682857],[0.996183,7.75],[0.95,7.78689],[0.85,7.808865],[0.774675,7.85],[0.78125,7.95],[0.793976,8.05],[0.838542,8.15],[0.84396,8.25],[0.814516,8.35],[0.781959,8.45],[0.75,8.52561],[0.65,8.461712]],[[12.25,8.487895],[12.191935,8.45],[12.150543,8.35],[12.25,8.283455],[12.312034,8.35],[12.304545,8.45],[12.25,8.487895]],[[26.55,8.45],[26.543548,8.35],[26.55,8.3],[26.557143,8.35],[26.55,8.45]],[[-2.95,8.171905],[-2.969658,8.15],[-2.95,8.12125],[-2.92125,8.15],[-2.95,8.171905]],[[5.05,8.2425],[5.002564,8.15],[4.95,8.05],[4.95,8.05],[4.95,8.05],[5.004839,7.95],[5.05,7.894],[5.078205,7.85],[5.093023,7.75],[5.05,7.663953],[4.95,7.678261],[4.938496,7.65],[4.95,7.614865],[5.05,7.643814],[5.15,7.616667],[5.168462,7.65],[5.225385,7.75],[5.25,7.770513],[5.35,7.766304],[5.425,7.75],[5.45,7.745192],[5.55,7.730952],[5.65,7.733824],[5.72125,7.65],[5.75,7.621951],[5.770909,7.65],[5.791379,7.75],[5.78,7.85],[5.75,7.860588],[5.65,7.854225],[5.55,7.889024],[5.45,7.884091],[5.35,7.943902],[5.339583,7.95],[5.25,8.039583],[5.233871,8.05],[5.1875,8.15],[5.15,8.167857],[5.05,8.2425]],[[6.05,8.0],[6.046667,7.95],[6.05,7.944643],[6.071429,7.95],[6.05,8.0]],[[13.75,7.933333],[13.734375,7.85],[13.75,7.84375],[13.754065,7.85],[13.75,7.933333]],[[27.45,7.85],[27.45,7.85],[27.45,7.85],[27.45,7.85],[27.45,7.85]],[[27.75,7.673529],[27.730952,7.65],[27.75,7.613636],[27.85,7.626],[27.868182,7.65],[27.85,7.676087],[27.75,7.673529]],[[19.35,7.313158],[19.323333,7.25],[19.35,7.220732],[19.45,7.201163],[19.52,7.25],[19.45,7.298837],[19.35,7.313158]],[[19.55,7.2],[19.520968,7.15],[19.55,7.126316],[19.65,7.133333],[19.683333,7.15],[19.65,7.156],[19.55,7.2]],[[17.65,7.066279],[17.626667,7.05],[17.65,6.986364],[17.683333,7.05],[17.65,7.066279]],[[0.55,6.966509],[0.539028,6.95],[0.55,6.931771],[0.567073,6.95],[0.55,6.966509]],[[27.25,6.96875],[27.238,6.95],[27.25,6.9375],[27.26875,6.95],[27.25,6.96875]],[[42.15,6.990385],[42.119565,6.95],[42.15,6.896154],[42.208333,6.95],[42.15,6.990385]],[[27.45,6.9],[27.447222,6.85],[27.45,6.844737],[27.453125,6.85],[27.45,6.9]],[[42.85,6.680435],[42.846277,6.65],[42.85,6.628788],[42.856931,6.65],[42.85,6.680435]],[[27.95,6.616667],[27.933333,6.55],[27.95,6.5],[27.983333,6.55],[27.95,6.616667]],[[-0.45,6.495455],[-0.469139,6.45],[-0.45,6.432301],[-0.3875,6.45],[-0.45,6.495455]],[[45.65,6.45],[45.65,6.45],[45.65,6.45],[45.65,6.45],[45.65,6.45]],[[18.55,6.402941],[18.518966,6.35],[18.55,6.325],[18.584615,6.35],[18.55,6.402941]],[[29.95,6.258696],[29.938889,6.25],[29.937879,6.15],[29.95,6.127778],[30.05,6.07],[30.062121,6.15],[30.05,6.207143],[29.99,6.25],[29.95,6.258696]],[[20.95,6.05],[20.95,6.05],[20.95,6.05]],[[19.15,5.95],[19.102632,5.85],[19.15,5.787931],[19.25,5.839189],[19.256897,5.85],[19.25,5.861111],[19.15,5.95]],[[41.15,5.678049],[41.12013,5.65],[41.140066,5.55],[41.15,5.525],[41.181915,5.55],[41.167692,5.65],[41.15,5.678049]],[[31.25,5.559524],[31.233333,5.55],[31.25,5.53],[31.2625,5.55],[31.25,5.559524]],[[45.25,5.475806],[45.183333,5.45],[45.25,5.396667],[45.282,5.45],[45.25,5.475806]],[[35.95,5.45],[35.95,5.45],[35.95,5.45]],[[9.05,5.142466],[9.012396,5.05],[9.022973,4.95],[9.05,4.922973],[9.15,4.851802],[9.151224,4.85],[9.15,4.818421],[9.146675,4.75],[9.15,4.745681],[9.25,4.732675],[9.35,4.7425],[9.359434,4.75],[9.400633,4.85],[9.418111,4.95],[9.420297,5.05],[9.35,5.093558],[9.25,5.134091],[9.15,5.141282],[9.05,5.142466]],[[18.55,4.87381],[18.545098,4.85],[18.50619,4.75],[18.55,4.697126],[18.607746,4.65],[18.630263,4.55],[18.617593,4.45],[18.65,4.422222],[18.681532,4.45],[18.666304,4.55],[18.696875,4.65],[18.738372,4.75],[18.65,4.795783],[18.56,4.85],[18.55,4.87381]],[[19.45,4.876829],[19.422727,4.85],[19.35,4.786691],[19.25,4.776207],[19.182143,4.75],[19.15,4.698571],[19.120175,4.65],[19.05,4.566667],[18.95,4.562791],[18.93,4.55],[18.95,4.530702],[19.05,4.537692],[19.15,4.529412],[19.25,4.469444],[19.255882,4.45],[19.25,4.441667],[19.15,4.36],[19.131818,4.35],[19.15,4.335714],[19.212069,4.25],[19.15,4.218421],[19.05,4.225484],[18.95,4.236792],[18.922289,4.15],[18.95,4.116423],[19.05,4.077329],[19.15,4.0525],[19.25,4.116667],[19.275862,4.15],[19.298889,4.25],[19.35,4.273711],[19.409677,4.35],[19.45,4.381646],[19.55,4.363223],[19.597059,4.35],[19.65,4.329775],[19.744737,4.35],[19.75,4.350909],[19.85,4.426744],[19.9125,4.45],[19.85,4.470408],[19.767895,4.55],[19.75,4.570988],[19.65,4.641803],[19.628723,4.65],[19.55,4.706061],[19.518817,4.75],[19.55,4.8],[19.619048,4.85],[19.55,4.9225],[19.45,4.876829]],[[36.95,4.856667],[36.9,4.85],[36.85,4.825],[36.846512,4.75],[36.8,4.65],[36.75,4.59],[36.749091,4.55],[36.75,4.525],[36.85,4.55],[36.85,4.55],[36.95,4.65],[36.95,4.65],[36.950716,4.75],[36.950265,4.85],[36.95,4.856667]],[[43.75,4.882432],[43.7125,4.85],[43.664035,4.75],[43.65,4.738406],[43.574691,4.65],[43.55,4.605556],[43.517949,4.55],[43.495455,4.45],[43.546,4.35],[43.55,4.335714],[43.580769,4.25],[43.65,4.187209],[43.75,4.154444],[43.79,4.15],[43.75,4.121429],[43.723684,4.05],[43.65,3.95],[43.65,3.95],[43.613043,3.85],[43.574658,3.75],[43.559091,3.65],[43.579545,3.55],[43.5875,3.45],[43.588889,3.35],[43.613636,3.25],[43.65,3.24],[43.75,3.238696],[43.85,3.242857],[43.871154,3.25],[43.95,3.28254],[44.05,3.306643],[44.15,3.326786],[44.25,3.35],[44.321642,3.45],[44.343103,3.55],[44.35,3.59],[44.359231,3.65],[44.35,3.681579],[44.32451,3.75],[44.264894,3.85],[44.25,3.872581],[44.15,3.95],[44.05,4.0],[43.95,4.046875],[43.942308,4.05],[43.88,4.15],[43.95,4.160448],[44.05,4.190385],[44.15,4.24],[44.194444,4.25],[44.25,4.255952],[44.333333,4.25],[44.35,4.248182],[44.45,4.193396],[44.55,4.19],[44.571429,4.25],[44.55,4.303571],[44.529365,4.35],[44.484848,4.45],[44.45,4.503488],[44.412264,4.55],[44.386538,4.65],[44.35,4.705882],[44.325806,4.75],[44.25,4.811842],[44.171622,4.85],[44.15,4.861429],[44.05,4.907971],[43.95,4.932667],[43.85,4.9375],[43.75,4.882432]],[[22.75,4.725],[22.73,4.65],[22.75,4.607143],[22.759677,4.65],[22.75,4.725]],[[21.25,4.538235],[21.179412,4.45],[21.25,4.383333],[21.332192,4.45],[21.25,4.538235]],[[10.35,4.355102],[10.339362,4.35],[10.35,4.345192],[10.351761,4.35],[10.35,4.355102]],[[17.65,4.297368],[17.568182,4.25],[17.65,4.238158],[17.666667,4.25],[17.65,4.297368]],[[18.85,4.259709],[18.824359,4.25],[18.85,4.242308],[18.908824,4.25],[18.85,4.259709]],[[19.75,4.325],[19.745946,4.25],[19.75,4.23125],[19.83125,4.15],[19.85,4.145714],[19.852752,4.15],[19.866154,4.25],[19.85,4.274138],[19.75,4.325]],[[40.85,4.252797],[40.847163,4.25],[40.85,4.246262],[40.854819,4.25],[40.85,4.252797]],[[21.05,4.168033],[21.033582,4.15],[21.012162,4.05],[21.05,3.974324],[21.074324,3.95],[21.15,3.919231],[21.234848,3.95],[21.25,3.971739],[21.272727,3.95],[21.35,3.926389],[21.45,3.923214],[21.486585,3.95],[21.485938,4.05],[21.476804,4.15],[21.45,4.179885],[21.35,4.186937],[21.25,4.165094],[21.15,4.190625],[21.05,4.168033]],[[15.45,4.062821],[15.414286,4.05],[15.45,4.040741],[15.460204,4.05],[15.45,4.062821]],[[16.85,4.071154],[16.839524,4.05],[16.85,4.035135],[16.865714,4.05],[16.85,4.071154]],[[21.35,4.062766],[21.325,4.05],[21.35,4.023913],[21.37069,4.05],[21.35,4.062766]],[[16.95,3.963235],[16.9375,3.95],[16.95,3.940426],[17.05,3.922727],[17.070833,3.95],[17.05,3.963636],[16.95,3.963235]],[[21.25,3.752326],[21.248039,3.75],[21.25,3.74697],[21.252041,3.75],[21.25,3.752326]],[[23.15,3.768367],[23.123529,3.75],[23.15,3.725676],[23.25,3.695763],[23.35,3.676829],[23.433333,3.75],[23.35,3.806604],[23.25,3.804237],[23.15,3.768367]],[[23.55,3.75625],[23.535714,3.75],[23.55,3.747674],[23.65,3.725],[23.711538,3.75],[23.65,3.792105],[23.55,3.75625]],[[41.35,3.771667],[41.318675,3.75],[41.35,3.66875],[41.368182,3.75],[41.35,3.771667]],[[17.35,3.664],[17.2625,3.65],[17.35,3.6],[17.386842,3.65],[17.35,3.664]],[[22.85,3.654651],[22.831818,3.65],[22.75,3.609091],[22.713889,3.55],[22.65,3.480303],[22.55,3.462],[22.52931,3.45],[22.45,3.364815],[22.35,3.436842],[22.3,3.45],[22.25,3.466129],[22.222222,3.45],[22.15,3.390909],[22.068182,3.35],[22.05,3.325],[21.95,3.255],[21.946154,3.25],[21.95,3.246429],[22.05,3.207143],[22.15,3.227778],[22.166,3.25],[22.25,3.31],[22.35,3.25],[22.45,3.338235],[22.523171,3.25],[22.45,3.180233],[22.430882,3.15],[22.45,3.103571],[22.55,3.085714],[22.65,3.10625],[22.677273,3.05],[22.75,2.972581],[22.85,2.965556],[22.95,2.985897],[23.05,3.013636],[23.15,2.97381],[23.25,3.03],[23.2625,3.05],[23.35,3.130769],[23.45,3.079032],[23.4875,3.05],[23.55,3.024138],[23.581915,3.05],[23.608824,3.15],[23.55,3.183898],[23.45,3.195833],[23.35,3.226923],[23.25,3.20625],[23.15,3.179545],[23.093478,3.15],[23.05,3.104545],[23.021429,3.15],[22.95,3.19902],[22.85,3.171875],[22.75,3.215],[22.701724,3.25],[22.703571,3.35],[22.75,3.436667],[22.85,3.389286],[22.927273,3.45],[22.95,3.479412],[23.05,3.461765],[23.085714,3.55],[23.08913,3.65],[23.05,3.69186],[22.95,3.660256],[22.85,3.654651]],[[37.25,3.688],[37.194118,3.65],[37.15,3.627612],[37.05,3.579487],[36.95,3.560417],[36.931481,3.55],[36.860448,3.45],[36.85,3.422],[36.832692,3.35],[36.82156,3.25],[36.805696,3.15],[36.845238,3.05],[36.85,3.047849],[36.95,3.032707],[37.032143,3.05],[37.05,3.054762],[37.15,3.116667],[37.210287,3.05],[37.227399,2.95],[37.213547,2.85],[37.19,2.75],[37.201429,2.65],[37.25,2.576087],[37.274,2.55],[37.326316,2.45],[37.35,2.4],[37.375,2.35],[37.439796,2.25],[37.45,2.229167],[37.5125,2.25],[37.55,2.26],[37.583333,2.35],[37.65,2.410674],[37.677344,2.45],[37.75,2.540291],[37.760101,2.55],[37.804651,2.65],[37.85,2.728],[37.886667,2.75],[37.95,2.815517],[38.0125,2.85],[37.975,2.95],[37.95,2.968367],[37.85,3.030952],[37.75,3.042537],[37.65,3.04375],[37.62,3.05],[37.55,3.062281],[37.489759,3.15],[37.451093,3.25],[37.45,3.253226],[37.403846,3.35],[37.382558,3.45],[37.359091,3.55],[37.35,3.625],[37.336364,3.65],[37.25,3.688]],[[41.55,3.479231],[41.516957,3.45],[41.475806,3.35],[41.45,3.283333],[41.444118,3.25],[41.45,3.243443],[41.55,3.15],[41.55,3.15],[41.617347,3.05],[41.563636,2.95],[41.593902,2.85],[41.65,2.802083],[41.682895,2.75],[41.671008,2.65],[41.745,2.55],[41.75,2.548824],[41.751389,2.55],[41.834685,2.65],[41.85,2.664286],[41.947143,2.75],[41.935714,2.85],[41.85,2.913529],[41.756061,2.95],[41.75,2.957143],[41.688095,3.05],[41.676087,3.15],[41.75,3.191463],[41.85,3.190678],[41.883803,3.15],[41.95,3.089744],[41.983333,3.15],[41.95,3.20875],[41.901471,3.25],[41.85,3.307377],[41.810606,3.35],[41.760769,3.45],[41.75,3.459589],[41.65,3.509459],[41.55,3.479231]],[[10.55,3.294227],[10.502123,3.25],[10.55,3.189941],[10.644419,3.25],[10.55,3.294227]],[[15.15,3.165625],[15.128261,3.15],[15.05,3.105],[14.990541,3.05],[15.05,2.958333],[15.15,2.973077],[15.25,2.98125],[15.295833,3.05],[15.25,3.087931],[15.171739,3.15],[15.15,3.165625]],[[22.25,3.169231],[22.223684,3.15],[22.25,3.132143],[22.258333,3.15],[22.25,3.169231]],[[22.35,3.25],[22.35,3.25],[22.35,3.25]],[[16.15,3.054396],[16.142982,3.05],[16.15,3.028947],[16.155479,3.05],[16.15,3.054396]],[[22.45,2.876],[22.410606,2.85],[22.45,2.8175],[22.511905,2.85],[22.45,2.876]],[[22.65,2.891935],[22.588095,2.85],[22.65,2.827586],[22.73125,2.85],[22.65,2.891935]],[[22.85,2.88],[22.8,2.85],[22.85,2.838],[22.863043,2.85],[22.85,2.88]],[[22.95,2.797368],[22.905,2.75],[22.95,2.698571],[23.004545,2.75],[22.95,2.797368]],[[23.15,2.655455],[23.135,2.65],[23.15,2.644231],[23.159375,2.65],[23.15,2.655455]],[[23.75,2.554054],[23.745775,2.55],[23.75,2.542105],[23.757692,2.55],[23.75,2.554054]],[[23.85,2.452703],[23.847222,2.45],[23.85,2.447619],[23.852128,2.45],[23.85,2.452703]],[[14.45,2.365385],[14.41,2.35],[14.45,2.332857],[14.459375,2.35],[14.45,2.365385]],[[24.05,2.367308],[23.997059,2.35],[24.05,2.285714],[24.065625,2.25],[24.05,2.232759],[23.9875,2.25],[23.95,2.277273],[23.9,2.25],[23.95,2.175],[23.954,2.15],[24.05,2.05],[24.15,2.138462],[24.25,2.141837],[24.35,2.15],[24.45,2.190909],[24.55,2.207143],[24.603333,2.15],[24.65,2.122549],[24.75,2.15],[24.660526,2.25],[24.65,2.258511],[24.55,2.280769],[24.45,2.33125],[24.416667,2.35],[24.35,2.385294],[24.25,2.361538],[24.15,2.353125],[24.05,2.367308]],[[15.75,2.267699],[15.702381,2.25],[15.75,2.222222],[15.85,2.213793],[15.899412,2.25],[15.85,2.292424],[15.75,2.267699]],[[36.55,2.285465],[36.494037,2.25],[36.45,2.214444],[36.411333,2.15],[36.395289,2.05],[36.408974,1.95],[36.35,1.892017],[36.316102,1.85],[36.283475,1.75],[36.25,1.685772],[36.219444,1.65],[36.25,1.605556],[36.35,1.608055],[36.45,1.636246],[36.461374,1.65],[36.488971,1.75],[36.484021,1.85],[36.481373,1.95],[36.55,2.014615],[36.572908,2.05],[36.610606,2.15],[36.599393,2.25],[36.55,2.285465]],[[10.35,2.163978],[10.342935,2.15],[10.35,2.098],[10.391935,2.15],[10.35,2.163978]],[[15.65,2.210714],[15.624046,2.15],[15.65,2.105263],[15.689535,2.15],[15.65,2.210714]],[[24.75,2.15],[24.75,2.15],[24.75,2.15]],[[24.85,2.066],[24.821429,2.05],[24.75,1.95],[24.75,1.95],[24.65,1.925],[24.55,1.922222],[24.528261,1.95],[24.45,1.978571],[24.405,1.95],[24.35,1.89359],[24.308537,1.85],[24.35,1.8075],[24.45,1.834783],[24.55,1.813889],[24.619697,1.75],[24.65,1.702381],[24.75,1.703333],[24.8375,1.75],[24.85,1.754878],[24.95,1.785417],[25.036111,1.85],[24.95,1.95],[24.87,2.05],[24.85,2.066]],[[24.05,2.05],[24.05,2.05],[24.05,2.05]],[[26.95,1.975],[26.94,1.95],[26.944595,1.85],[26.95,1.81],[27.05,1.75],[27.061111,1.85],[27.05,1.89],[26.99,1.95],[26.95,1.975]],[[13.75,1.933333],[13.720588,1.85],[13.65,1.79],[13.55,1.822727],[13.45,1.772222],[13.431818,1.75],[13.375,1.65],[13.35,1.625],[13.32907,1.55],[13.25,1.472727],[13.15,1.516667],[13.05,1.475],[13.047403,1.45],[13.05,1.434615],[13.114706,1.35],[13.135,1.25],[13.15,1.240476],[13.192857,1.25],[13.25,1.3],[13.282,1.25],[13.344118,1.15],[13.35,1.13],[13.416667,1.05],[13.45,0.961111],[13.483333,0.95],[13.55,0.931818],[13.552703,0.95],[13.607895,1.05],[13.65,1.15],[13.65,1.15],[13.75,1.17],[13.85,1.183333],[13.89,1.25],[13.95,1.292857],[14.05,1.304545],[14.15,1.283333],[14.25,1.29],[14.335714,1.35],[14.275,1.45],[14.25,1.472222],[14.15,1.55],[14.05,1.56],[13.980769,1.65],[14.05,1.75],[13.95,1.753571],[13.921429,1.75],[13.85,1.7],[13.804545,1.65],[13.75,1.575],[13.683333,1.55],[13.65,1.538889],[13.616667,1.55],[13.65,1.6],[13.664286,1.65],[13.75,1.735714],[13.766667,1.75],[13.783333,1.85],[13.75,1.933333]],[[13.15,1.784483],[13.05,1.75],[13.05,1.65],[13.15,1.564286],[13.21,1.65],[13.202632,1.75],[13.15,1.784483]],[[15.35,1.767391],[15.322816,1.75],[15.25,1.675],[15.22449,1.65],[15.216935,1.55],[15.25,1.469608],[15.263514,1.45],[15.272222,1.35],[15.25,1.316154],[15.207,1.25],[15.242857,1.15],[15.25,1.139583],[15.333333,1.15],[15.35,1.151538],[15.37,1.15],[15.395205,1.05],[15.442,0.95],[15.45,0.941304],[15.466667,0.95],[15.540909,1.05],[15.45625,1.15],[15.487805,1.25],[15.474,1.35],[15.481461,1.45],[15.507333,1.55],[15.55,1.632051],[15.557,1.65],[15.584058,1.75],[15.55,1.817143],[15.45,1.840323],[15.35,1.767391]],[[26.55,1.788462],[26.516667,1.75],[26.55,1.716667],[26.588462,1.75],[26.55,1.788462]],[[26.75,1.776667],[26.716667,1.75],[26.65,1.688462],[26.616667,1.65],[26.65,1.623684],[26.75,1.641429],[26.8,1.65],[26.85,1.725],[26.875,1.75],[26.85,1.752778],[26.75,1.776667]],[[14.95,1.562],[14.93,1.55],[14.95,1.543617],[14.953571,1.55],[14.95,1.562]],[[10.25,1.451322],[10.248077,1.45],[10.25,1.422727],[10.253947,1.45],[10.25,1.451322]],[[26.35,1.426923],[26.278571,1.35],[26.35,1.335294],[26.45,1.332353],[26.465,1.35],[26.45,1.364286],[26.35,1.426923]],[[13.75,1.121429],[13.711538,1.05],[13.75,1.028261],[13.85,1.034615],[13.916667,1.05],[13.85,1.116667],[13.75,1.121429]],[[38.45,1.051887],[38.444286,1.05],[38.45,1.047561],[38.452198,1.05],[38.45,1.051887]],[[25.85,0.997368],[25.780769,0.95],[25.85,0.902632],[25.876316,0.85],[25.95,0.811111],[26.003846,0.85],[25.982143,0.95],[25.95,1.019231],[25.85,0.997368]],[[13.25,0.865909],[13.208824,0.85],[13.25,0.786364],[13.35,0.7625],[13.357609,0.85],[13.35,0.896667],[13.25,0.865909]],[[14.85,0.861111],[14.838889,0.85],[14.85,0.839189],[14.859091,0.85],[14.85,0.861111]],[[13.65,0.7875],[13.59,0.75],[13.65,0.714706],[13.735714,0.75],[13.65,0.7875]],[[23.15,0.783333],[23.094444,0.75],[23.15,0.65],[23.15,0.65],[23.22037,0.55],[23.25,0.525],[23.314865,0.45],[23.35,0.398],[23.38,0.35],[23.45,0.274324],[23.49375,0.35],[23.55,0.428261],[23.568868,0.45],[23.55,0.495455],[23.507143,0.55],[23.45,0.609259],[23.413333,0.65],[23.35,0.740476],[23.25,0.719231],[23.205556,0.75],[23.15,0.783333]],[[26.25,0.682],[26.223333,0.65],[26.25,0.618],[26.303333,0.65],[26.25,0.682]],[[11.05,0.486],[11.038462,0.45],[10.95,0.367857],[10.940323,0.35],[10.95,0.328261],[11.05,0.328363],[11.074667,0.35],[11.063846,0.45],[11.05,0.486]],[[23.05,0.45],[23.05,0.45],[23.05,0.45],[23.05,0.35],[23.05,0.35],[23.078571,0.25],[23.138462,0.15],[23.15,0.142105],[23.25,0.05],[23.25,0.05],[23.35,0.005556],[23.446,0.05],[23.403846,0.15],[23.35,0.203846],[23.280769,0.25],[23.25,0.267778],[23.169565,0.35],[23.15,0.365789],[23.05,0.45]],[[25.85,0.494444],[25.8,0.45],[25.85,0.380435],[25.904237,0.45],[25.85,0.494444]],[[12.55,-0.031481],[12.545146,-0.05],[12.55,-0.061905],[12.566129,-0.05],[12.55,-0.031481]],[[11.55,-0.344167],[11.547189,-0.35],[11.55,-0.354094],[11.560145,-0.35],[11.55,-0.344167]],[[25.65,-0.437234],[25.61,-0.45],[25.65,-0.475],[25.677273,-0.45],[25.65,-0.437234]],[[14.45,-0.519565],[14.3625,-0.55],[14.45,-0.62],[14.471429,-0.65],[14.55,-0.674444],[14.56746,-0.65],[14.552326,-0.55],[14.55,-0.547727],[14.45,-0.519565]],[[10.95,-0.813953],[10.927455,-0.85],[10.95,-0.872878],[11.002542,-0.85],[10.95,-0.813953]],[[12.75,-0.93547],[12.740608,-0.95],[12.75,-0.962879],[12.767708,-0.95],[12.75,-0.93547]],[[12.05,-1.023214],[12.039051,-1.05],[12.05,-1.090541],[12.067045,-1.05],[12.05,-1.023214]],[[12.95,-1.094898],[12.907143,-1.15],[12.8625,-1.25],[12.877778,-1.35],[12.95,-1.371311],[12.967568,-1.35],[13.043333,-1.25],[12.969853,-1.15],[12.95,-1.094898]],[[24.35,-1.205172],[24.315789,-1.25],[24.301351,-1.35],[24.326923,-1.45],[24.35,-1.476471],[24.38913,-1.45],[24.45,-1.419565],[24.55,-1.431818],[24.59,-1.45],[24.65,-1.488462],[24.68125,-1.45],[24.65,-1.381818],[24.636538,-1.35],[24.55,-1.265094],[24.45,-1.275581],[24.404167,-1.25],[24.35,-1.205172]],[[25.95,-1.235714],[25.94375,-1.25],[25.95,-1.27],[25.964286,-1.25],[25.95,-1.235714]],[[24.35,-1.617568],[24.321429,-1.65],[24.339796,-1.75],[24.287209,-1.85],[24.271951,-1.95],[24.35,-2.041429],[24.3625,-2.05],[24.45,-2.11],[24.55,-2.144595],[24.557143,-2.15],[24.55,-2.163793],[24.45,-2.2375],[24.44,-2.25],[24.45,-2.257692],[24.55,-2.3],[24.65,-2.303571],[24.75,-2.255882],[24.759091,-2.25],[24.834,-2.15],[24.821717,-2.05],[24.795238,-1.95],[24.85,-1.895238],[24.889583,-1.85],[24.85,-1.767391],[24.842157,-1.75],[24.75,-1.664545],[24.677273,-1.65],[24.65,-1.638889],[24.63,-1.65],[24.55625,-1.75],[24.55,-1.754167],[24.546875,-1.75],[24.514706,-1.65],[24.45,-1.617164],[24.35,-1.617568]],[[14.65,-1.829412],[14.641667,-1.85],[14.65,-1.857],[14.662727,-1.85],[14.65,-1.829412]],[[14.95,-2.032609],[14.935542,-2.05],[14.95,-2.065],[14.963333,-2.05],[14.95,-2.032609]],[[21.85,-2.41875],[21.825,-2.45],[21.85,-2.459434],[21.95,-2.477273],[22.05,-2.55],[22.095833,-2.45],[22.05,-2.388889],[21.95,-2.430645],[21.85,-2.41875]],[[24.25,-2.413636],[24.221429,-2.45],[24.25,-2.468182],[24.265385,-2.45],[24.25,-2.413636]],[[22.05,-2.55],[22.05,-2.55],[22.05,-2.55]],[[16.05,-2.741729],[15.965385,-2.75],[16.029104,-2.85],[16.05,-2.863462],[16.061382,-2.85],[16.061111,-2.75],[16.05,-2.741729]],[[21.95,-2.845652],[21.943182,-2.85],[21.95,-2.865789],[21.9875,-2.85],[21.95,-2.845652]],[[21.65,-2.946552],[21.644444,-2.95],[21.65,-3.0],[21.655263,-2.95],[21.65,-2.946552]],[[25.65,-2.95],[25.65,-2.95],[25.65,-2.95],[25.55,-3.05],[25.45,-3.033333],[25.416667,-3.05],[25.4375,-3.15],[25.45,-3.155263],[25.55,-3.172727],[25.65,-3.188095],[25.716667,-3.15],[25.68,-3.05],[25.65,-2.95]],[[22.95,-3.047222],[22.945652,-3.05],[22.95,-3.052632],[22.964286,-3.05],[22.95,-3.047222]],[[25.85,-3.133333],[25.83,-3.15],[25.85,-3.17],[25.853448,-3.15],[25.85,-3.133333]],[[11.15,-3.311145],[11.079121,-3.35],[11.15,-3.402869],[11.231646,-3.35],[11.15,-3.311145]],[[22.65,-3.35],[22.65,-3.35],[22.65,-3.35],[22.65,-3.35],[22.65,-3.35]],[[13.15,-3.51],[13.141597,-3.55],[13.15,-3.556329],[13.177778,-3.55],[13.15,-3.51]],[[14.75,-3.746],[14.745652,-3.75],[14.75,-3.751471],[14.754545,-3.75],[14.75,-3.746]],[[21.35,-3.737671],[21.3275,-3.75],[21.34,-3.85],[21.35,-3.856557],[21.364815,-3.85],[21.361392,-3.75],[21.35,-3.737671]],[[21.75,-3.745588],[21.742683,-3.75],[21.668519,-3.85],[21.75,-3.869298],[21.845652,-3.85],[21.85,-3.83],[21.873529,-3.75],[21.85,-3.743846],[21.75,-3.745588]],[[25.75,-3.683333],[25.731818,-3.75],[25.75,-3.7625],[25.763333,-3.75],[25.75,-3.683333]],[[21.55,-3.832692],[21.521875,-3.85],[21.55,-3.931818],[21.614286,-3.85],[21.55,-3.832692]],[[24.95,-4.026923],[24.939655,-4.05],[24.95,-4.067647],[24.96,-4.05],[24.95,-4.026923]],[[21.15,-4.129012],[21.087037,-4.15],[21.15,-4.204839],[21.2,-4.15],[21.15,-4.129012]],[[12.55,-4.233186],[12.540206,-4.25],[12.55,-4.259896],[12.569588,-4.25],[12.55,-4.233186]],[[26.15,-4.219697],[26.106522,-4.25],[26.15,-4.270833],[26.25,-4.295833],[26.311111,-4.25],[26.25,-4.22381],[26.15,-4.219697]],[[12.75,-4.338194],[12.701429,-4.35],[12.727419,-4.45],[12.75,-4.478994],[12.812821,-4.45],[12.764407,-4.35],[12.75,-4.338194]],[[14.35,-4.325159],[14.259302,-4.35],[14.25,-4.358889],[14.15,-4.404396],[14.05,-4.397343],[13.95,-4.4188],[13.85,-4.404693],[13.75,-4.361047],[13.65,-4.441139],[13.644531,-4.45],[13.65,-4.456306],[13.7332,-4.55],[13.75,-4.563462],[13.85,-4.647761],[13.852804,-4.65],[13.95,-4.727612],[13.987975,-4.75],[14.05,-4.774623],[14.126563,-4.75],[14.15,-4.719388],[14.247143,-4.65],[14.25,-4.648529],[14.252564,-4.65],[14.35,-4.684545],[14.45,-4.71036],[14.55,-4.688776],[14.595802,-4.75],[14.637195,-4.85],[14.65,-4.892857],[14.668919,-4.85],[14.75,-4.759091],[14.757143,-4.75],[14.791333,-4.65],[14.75,-4.568421],[14.725862,-4.55],[14.65,-4.511404],[14.55,-4.500943],[14.45,-4.52027],[14.35,-4.45],[14.4475,-4.35],[14.35,-4.325159]],[[17.45,-4.35],[17.45,-4.35],[17.45,-4.35],[17.45,-4.35],[17.45,-4.35]],[[19.75,-4.340625],[19.740909,-4.35],[19.75,-4.356522],[19.753297,-4.35],[19.75,-4.340625]],[[20.45,-4.447561],[20.446,-4.45],[20.45,-4.461765],[20.466667,-4.45],[20.45,-4.447561]],[[20.95,-4.45],[20.95,-4.45],[20.95,-4.45],[20.95,-4.45],[20.95,-4.45]],[[16.75,-4.480435],[16.738321,-4.55],[16.744969,-4.65],[16.749194,-4.75],[16.75,-4.761111],[16.766667,-4.75],[16.774242,-4.65],[16.798485,-4.55],[16.75,-4.480435]],[[19.05,-4.508824],[19.016667,-4.55],[19.05,-4.627778],[19.064286,-4.55],[19.05,-4.508824]],[[26.55,-4.547917],[26.54,-4.55],[26.55,-4.552],[26.555263,-4.55],[26.55,-4.547917]],[[16.55,-4.640625],[16.544479,-4.65],[16.535567,-4.75],[16.54213,-4.85],[16.55,-4.884],[16.560828,-4.85],[16.568543,-4.75],[16.555625,-4.65],[16.55,-4.640625]],[[18.95,-4.613636],[18.937692,-4.65],[18.95,-4.671622],[19.03,-4.65],[18.95,-4.613636]],[[13.15,-4.828161],[13.132727,-4.85],[13.15,-4.875],[13.25,-4.92766],[13.269811,-4.95],[13.35,-5.025893],[13.378125,-5.05],[13.441176,-5.15],[13.45,-5.15625],[13.458738,-5.15],[13.55,-5.068966],[13.65,-5.08908],[13.75,-5.100746],[13.788418,-5.05],[13.75,-4.9956],[13.713462,-4.95],[13.65,-4.905605],[13.55,-4.881325],[13.525,-4.85],[13.45,-4.800633],[13.35,-4.802113],[13.25,-4.810109],[13.15,-4.828161]],[[21.15,-4.809494],[21.115217,-4.85],[21.15,-4.887209],[21.204237,-4.85],[21.15,-4.809494]],[[17.45,-5.218421],[17.44214,-5.25],[17.442549,-5.35],[17.45,-5.371839],[17.459005,-5.35],[17.467143,-5.25],[17.45,-5.218421]],[[20.85,-5.233333],[20.777586,-5.25],[20.805814,-5.35],[20.8375,-5.45],[20.85,-5.4875],[20.895455,-5.55],[20.95,-5.569672],[20.97449,-5.55],[21.05,-5.45],[21.05,-5.45],[21.133333,-5.35],[21.05,-5.256977],[21.03,-5.25],[20.95,-5.238119],[20.85,-5.233333]],[[16.55,-5.318966],[16.543571,-5.35],[16.55,-5.431818],[16.554787,-5.35],[16.55,-5.318966]],[[16.55,-5.464286],[16.538889,-5.55],[16.539744,-5.65],[16.516667,-5.75],[16.45,-5.818627],[16.35,-5.845833],[16.343333,-5.85],[16.285,-5.95],[16.35,-5.967568],[16.45,-5.96746],[16.514706,-5.95],[16.55,-5.936667],[16.65,-5.862903],[16.65181,-5.85],[16.65,-5.844872],[16.58211,-5.75],[16.558889,-5.65],[16.559091,-5.55],[16.55,-5.464286]],[[20.85,-5.608824],[20.837719,-5.65],[20.85,-5.75],[20.8625,-5.65],[20.85,-5.608824]],[[20.65,-5.777273],[20.605556,-5.85],[20.65,-5.901613],[20.673529,-5.85],[20.65,-5.777273]],[[16.75,-6.125],[16.72193,-6.15],[16.742208,-6.25],[16.75,-6.275],[16.754444,-6.25],[16.766327,-6.15],[16.75,-6.125]],[[20.65,-6.141304],[20.641304,-6.15],[20.65,-6.156061],[20.655882,-6.15],[20.65,-6.141304]],[[20.75,-6.342593],[20.747561,-6.35],[20.75,-6.357143],[20.754167,-6.35],[20.75,-6.342593]],[[16.75,-6.392857],[16.736517,-6.45],[16.741973,-6.55],[16.7436,-6.65],[16.75,-6.722727],[16.769512,-6.65],[16.796154,-6.55],[16.7875,-6.45],[16.75,-6.392857]],[[14.65,-6.648077],[14.633333,-6.65],[14.65,-6.67],[14.652439,-6.65],[14.65,-6.648077]],[[13.65,-6.724545],[13.615854,-6.75],[13.65,-6.768919],[13.686842,-6.75],[13.65,-6.724545]],[[14.55,-6.695455],[14.527778,-6.75],[14.531944,-6.85],[14.543421,-6.95],[14.55,-6.961111],[14.563889,-6.95],[14.65,-6.858824],[14.658108,-6.85],[14.65,-6.807143],[14.61,-6.75],[14.55,-6.695455]],[[16.85,-6.836765],[16.838312,-6.85],[16.85,-6.862676],[16.859184,-6.85],[16.85,-6.836765]],[[16.95,-7.008974],[16.933333,-7.05],[16.914706,-7.15],[16.940816,-7.25],[16.95,-7.260112],[16.96875,-7.25],[16.984615,-7.15],[16.962121,-7.05],[16.95,-7.008974]],[[17.05,-7.312903],[17.02767,-7.35],[17.047531,-7.45],[17.05,-7.454762],[17.15,-7.479688],[17.171111,-7.45],[17.15,-7.403659],[17.101111,-7.35],[17.05,-7.312903]],[[14.25,-7.709091],[14.2,-7.75],[14.25,-7.76875],[14.276733,-7.75],[14.25,-7.709091]],[[37.85,-8.513636],[37.817407,-8.55],[37.838421,-8.65],[37.775389,-8.75],[37.756349,-8.85],[37.777358,-8.95],[37.777083,-9.05],[37.776971,-9.15],[37.85,-9.211972],[37.95,-9.160651],[37.962162,-9.15],[38.0,-9.05],[38.011111,-8.95],[38.05,-8.916981],[38.108678,-8.85],[38.12546,-8.75],[38.09878,-8.65],[38.05,-8.604545],[37.982394,-8.55],[37.95,-8.516176],[37.85,-8.513636]],[[37.05,-8.981343],[36.972689,-9.05],[37.05,-9.09532],[37.112162,-9.05],[37.05,-8.981343]],[[36.95,-9.094262],[36.862821,-9.15],[36.95,-9.178333],[36.973448,-9.15],[36.95,-9.094262]],[[33.85,-9.527273],[33.841379,-9.55],[33.85,-9.621429],[33.858,-9.65],[33.89186,-9.75],[33.90614,-9.85],[33.923611,-9.95],[33.95,-9.982759],[34.010938,-10.05],[34.044527,-10.15],[34.05,-10.160185],[34.132906,-10.25],[34.15,-10.285088],[34.234091,-10.35],[34.239474,-10.45],[34.240717,-10.55],[34.244397,-10.65],[34.245793,-10.75],[34.249421,-10.85],[34.25,-10.864706],[34.302727,-10.95],[34.304386,-11.05],[34.292222,-11.15],[34.26875,-11.25],[34.343067,-11.35],[34.342073,-11.45],[34.336631,-11.55],[34.333784,-11.65],[34.257407,-11.75],[34.25,-11.757407],[34.20614,-11.85],[34.15,-11.932051],[34.141026,-11.95],[34.111765,-12.05],[34.122043,-12.15],[34.05,-12.223626],[34.042131,-12.25],[34.05,-12.320588],[34.078571,-12.35],[34.123418,-12.45],[34.142453,-12.55],[34.15,-12.569512],[34.206897,-12.65],[34.231667,-12.75],[34.245614,-12.85],[34.25,-12.891667],[34.271875,-12.95],[34.31,-13.05],[34.275,-13.15],[34.307143,-13.25],[34.295652,-13.35],[34.312963,-13.45],[34.35,-13.540909],[34.357407,-13.55],[34.423684,-13.65],[34.45,-13.705556],[34.507143,-13.75],[34.508974,-13.85],[34.518116,-13.95],[34.540291,-14.05],[34.549752,-14.15],[34.55,-14.154],[34.607143,-14.25],[34.65,-14.316667],[34.70625,-14.35],[34.75,-14.368919],[34.757692,-14.35],[34.780864,-14.25],[34.85,-14.159677],[34.95,-14.162658],[35.05,-14.219444],[35.080556,-14.25],[35.146753,-14.35],[35.15,-14.356849],[35.22907,-14.45],[35.236286,-14.55],[35.240262,-14.65],[35.233688,-14.75],[35.236957,-14.85],[35.234706,-14.95],[35.25,-15.026471],[35.342857,-14.95],[35.314286,-14.85],[35.332143,-14.75],[35.35,-14.7],[35.352212,-14.65],[35.35,-14.629167],[35.305814,-14.55],[35.261043,-14.45],[35.25525,-14.35],[35.250668,-14.25],[35.25,-14.246774],[35.171739,-14.15],[35.153765,-14.05],[35.15,-14.025758],[35.084211,-13.95],[35.064045,-13.85],[35.053502,-13.75],[35.05,-13.735938],[34.95,-13.721111],[34.871951,-13.65],[34.85125,-13.55],[34.85,-13.535714],[34.83125,-13.45],[34.7684,-13.35],[34.762255,-13.25],[34.75601,-13.15],[34.755405,-13.05],[34.752151,-12.95],[34.761429,-12.85],[34.764793,-12.75],[34.765827,-12.65],[34.75,-12.585294],[34.718421,-12.55],[34.668797,-12.45],[34.664451,-12.35],[34.667333,-12.25],[34.685714,-12.15],[34.75,-12.080769],[34.85,-12.05],[34.85,-12.05],[34.865337,-11.95],[34.865569,-11.85],[34.863542,-11.75],[34.871667,-11.65],[34.863613,-11.55],[34.860656,-11.45],[34.852074,-11.35],[34.85,-11.346739],[34.75,-11.265385],[34.736667,-11.25],[34.658602,-11.15],[34.65,-11.125758],[34.584211,-11.05],[34.580588,-10.95],[34.65,-10.866901],[34.653519,-10.85],[34.65,-10.8125],[34.606522,-10.75],[34.570155,-10.65],[34.570325,-10.55],[34.55,-10.50098],[34.5,-10.45],[34.484667,-10.35],[34.471849,-10.25],[34.457738,-10.15],[34.456118,-10.05],[34.45,-10.04],[34.36,-9.95],[34.35,-9.924],[34.276,-9.85],[34.250936,-9.75],[34.25,-9.74917],[34.15083,-9.65],[34.15,-9.64871],[34.05,-9.583333],[34.012857,-9.55],[33.95,-9.515079],[33.85,-9.527273]],[[39.05,-10.036466],[39.038079,-10.05],[38.967544,-10.15],[38.981884,-10.25],[39.05,-10.290693],[39.144,-10.25],[39.15,-10.24788],[39.25,-10.194828],[39.335246,-10.15],[39.283548,-10.05],[39.25,-9.991573],[39.15,-9.967872],[39.05,-10.036466]],[[39.25,-10.438994],[39.232843,-10.45],[39.15,-10.491626],[39.05,-10.51114],[39.001299,-10.55],[38.971531,-10.65],[39.05,-10.711194],[39.12027,-10.75],[39.15,-10.812857],[39.163402,-10.85],[39.23481,-10.95],[39.25,-10.961321],[39.35,-10.955952],[39.358032,-10.95],[39.400806,-10.85],[39.398551,-10.75],[39.35,-10.670238],[39.331111,-10.65],[39.35,-10.624242],[39.382886,-10.55],[39.392553,-10.45],[39.35,-10.430707],[39.25,-10.438994]],[[39.45,-11.242199],[39.427083,-11.25],[39.35,-11.282743],[39.289921,-11.35],[39.279327,-11.45],[39.260541,-11.55],[39.35,-11.642899],[39.37449,-11.65],[39.45,-11.689785],[39.55,-11.729688],[39.576316,-11.75],[39.65,-11.835446],[39.680693,-11.85],[39.75,-11.873729],[39.787234,-11.85],[39.85,-11.761278],[39.855051,-11.75],[39.85,-11.744208],[39.75,-11.691618],[39.719492,-11.65],[39.724892,-11.55],[39.718571,-11.45],[39.6625,-11.35],[39.65,-11.342617],[39.55,-11.328037],[39.46164,-11.25],[39.45,-11.242199]],[[36.25,-11.738462],[36.241429,-11.75],[36.25,-11.759677],[36.277273,-11.75],[36.25,-11.738462]],[[37.75,-11.942593],[37.727273,-11.95],[37.65,-11.959971],[37.568783,-12.05],[37.65,-12.141098],[37.735994,-12.05],[37.75,-11.966667],[37.756024,-11.95],[37.75,-11.942593]],[[49.15,-12.46362],[49.061722,-12.55],[49.092491,-12.65],[49.145882,-12.75],[49.15,-12.755204],[49.160853,-12.75],[49.25,-12.688503],[49.27093,-12.65],[49.275688,-12.55],[49.25,-12.51019],[49.15,-12.46362]],[[38.35,-12.712667],[38.30942,-12.75],[38.335057,-12.85],[38.35,-12.867568],[38.363542,-12.85],[38.392211,-12.75],[38.35,-12.712667]],[[38.85,-12.927143],[38.828378,-12.95],[38.838462,-13.05],[38.85,-13.061111],[38.8575,-13.05],[38.95,-12.997143],[39.011111,-12.95],[38.95,-12.891071],[38.85,-12.927143]],[[49.55,-13.221299],[49.52601,-13.25],[49.55,-13.303977],[49.580255,-13.25],[49.55,-13.221299]],[[31.05,-13.744872],[31.044203,-13.75],[31.05,-13.83],[31.086364,-13.75],[31.05,-13.744872]],[[30.95,-13.842857],[30.944413,-13.85],[30.95,-13.872727],[31.033333,-13.85],[30.95,-13.842857]],[[30.75,-14.037448],[30.739209,-14.05],[30.75,-14.11],[30.767442,-14.05],[30.75,-14.037448]],[[34.85,-13.970652],[34.776263,-14.05],[34.85,-14.142405],[34.932955,-14.05],[34.85,-13.970652]],[[30.65,-14.135517],[30.619784,-14.15],[30.65,-14.245455],[30.717742,-14.15],[30.65,-14.135517]],[[30.55,-14.213816],[30.509259,-14.25],[30.45,-14.326923],[30.442982,-14.35],[30.445964,-14.45],[30.446739,-14.55],[30.45,-14.558571],[30.453409,-14.55],[30.461842,-14.45],[30.55,-14.380208],[30.569463,-14.35],[30.646491,-14.25],[30.55,-14.213816]],[[38.15,-14.334672],[38.111111,-14.35],[38.15,-14.381343],[38.25,-14.355128],[38.253604,-14.35],[38.25,-14.346154],[38.15,-14.334672]],[[30.05,-14.4],[30.041954,-14.45],[30.05,-14.453784],[30.052652,-14.45],[30.05,-14.4]],[[12.75,-14.532653],[12.7364,-14.55],[12.75,-14.558586],[12.763492,-14.55],[12.75,-14.532653]],[[29.85,-14.638722],[29.75,-14.65],[29.65,-14.716387],[29.55,-14.748305],[29.54,-14.75],[29.45,-14.815217],[29.35,-14.819841],[29.313462,-14.85],[29.35,-14.861446],[29.45,-14.858602],[29.55,-14.859123],[29.618421,-14.85],[29.65,-14.826923],[29.75,-14.763208],[29.76875,-14.75],[29.75,-14.65],[29.85,-14.674793],[29.95,-14.684302],[30.05,-14.67],[30.057778,-14.65],[30.05,-14.639447],[29.95,-14.586559],[29.85,-14.638722]],[[30.35,-14.620079],[30.336182,-14.65],[30.325145,-14.75],[30.25,-14.836667],[30.230392,-14.85],[30.25,-14.918966],[30.35,-14.862857],[30.356383,-14.85],[30.367339,-14.75],[30.404286,-14.65],[30.35,-14.620079]],[[12.65,-15.03125],[12.618966,-15.05],[12.65,-15.061538],[12.662857,-15.05],[12.65,-15.03125]],[[48.85,-15.249167],[48.847674,-15.25],[48.85,-15.250328],[48.85042,-15.25],[48.85,-15.249167]],[[29.85,-15.441102],[29.834892,-15.45],[29.75,-15.504378],[29.660811,-15.55],[29.65,-15.558],[29.55,-15.587788],[29.45,-15.635261],[29.425836,-15.65],[29.35,-15.711261],[29.25,-15.732367],[29.231282,-15.75],[29.15,-15.82254],[29.05,-15.829175],[28.95,-15.84004],[28.85,-15.845375],[28.818817,-15.85],[28.75,-15.890764],[28.65,-15.934615],[28.636452,-15.95],[28.65,-16.009155],[28.704717,-16.05],[28.651282,-16.15],[28.651408,-16.25],[28.657407,-16.35],[28.75,-16.361682],[28.825758,-16.35],[28.85,-16.342453],[28.932353,-16.25],[28.95,-16.223077],[29.05,-16.150365],[29.054545,-16.15],[29.15,-16.116129],[29.25,-16.072368],[29.35,-16.071687],[29.45,-16.052041],[29.455172,-16.05],[29.55,-15.975676],[29.65,-15.954167],[29.665625,-15.95],[29.75,-15.910294],[29.85,-15.891071],[29.876744,-15.85],[29.95,-15.784375],[30.007895,-15.75],[30.014118,-15.65],[29.95,-15.606225],[29.877083,-15.55],[29.869626,-15.45],[29.85,-15.441102]],[[48.55,-15.832308],[48.525661,-15.85],[48.55,-15.884074],[48.575275,-15.85],[48.55,-15.832308]],[[32.95,-16.242308],[32.944771,-16.25],[32.95,-16.254494],[32.955594,-16.25],[32.95,-16.242308]],[[48.05,-16.341083],[48.032822,-16.35],[48.05,-16.357311],[48.076667,-16.35],[48.05,-16.341083]],[[48.15,-16.422642],[48.142448,-16.45],[48.15,-16.496774],[48.188158,-16.45],[48.15,-16.422642]],[[28.45,-16.548864],[28.442308,-16.55],[28.35,-16.592857],[28.25,-16.621154],[28.15625,-16.65],[28.15,-16.66],[28.132692,-16.75],[28.15,-16.85],[28.25,-16.819565],[28.35,-16.795714],[28.42037,-16.85],[28.45,-16.867778],[28.4625,-16.85],[28.55,-16.766418],[28.65,-16.753268],[28.75,-16.756584],[28.85,-16.754861],[28.869718,-16.75],[28.95,-16.668571],[28.960744,-16.65],[28.95,-16.608065],[28.85,-16.561111],[28.75,-16.590741],[28.707692,-16.55],[28.65,-16.5],[28.55,-16.529661],[28.45,-16.548864]],[[27.85,-16.830488],[27.831395,-16.85],[27.75,-16.929545],[27.737143,-16.95],[27.65,-17.037143],[27.639412,-17.05],[27.55,-17.136364],[27.532857,-17.15],[27.490741,-17.25],[27.45,-17.295833],[27.403571,-17.35],[27.35,-17.415217],[27.333333,-17.45],[27.341489,-17.55],[27.35,-17.559524],[27.45,-17.55125],[27.451333,-17.55],[27.55,-17.456329],[27.554808,-17.45],[27.561688,-17.35],[27.65,-17.260526],[27.668182,-17.25],[27.75,-17.164286],[27.765789,-17.15],[27.85,-17.083333],[27.95,-17.063483],[28.05,-17.057692],[28.056667,-17.05],[28.115217,-16.95],[28.05,-16.910526],[27.967857,-16.85],[27.95,-16.832759],[27.85,-16.830488]],[[45.55,-16.920588],[45.524747,-16.95],[45.501872,-17.05],[45.484123,-17.15],[45.489464,-17.25],[45.501323,-17.35],[45.55,-17.418657],[45.570792,-17.45],[45.65,-17.499689],[45.75,-17.496705],[45.848193,-17.45],[45.85,-17.446053],[45.905303,-17.35],[45.85,-17.270652],[45.82957,-17.25],[45.75,-17.160843],[45.739655,-17.15],[45.659278,-17.05],[45.65,-17.038158],[45.577174,-16.95],[45.55,-16.920588]],[[27.25,-17.636],[27.239063,-17.65],[27.15,-17.74661],[27.148319,-17.75],[27.15,-17.778571],[27.25,-17.755882],[27.252941,-17.75],[27.265556,-17.65],[27.25,-17.636]],[[44.75,-18.199505],[44.667742,-18.25],[44.733333,-18.35],[44.75,-18.390698],[44.767588,-18.35],[44.781875,-18.25],[44.75,-18.199505]],[[44.85,-18.478736],[44.821818,-18.55],[44.842245,-18.65],[44.85,-18.674051],[44.863571,-18.65],[44.873755,-18.55],[44.85,-18.478736]],[[44.95,-18.725625],[44.910606,-18.75],[44.900625,-18.85],[44.909441,-18.95],[44.95,-19.003704],[44.972394,-18.95],[44.976962,-18.85],[44.963732,-18.75],[44.95,-18.725625]],[[45.15,-19.3],[45.139231,-19.35],[45.15,-19.368667],[45.157955,-19.35],[45.15,-19.3]],[[14.15,-20.404777],[14.1216,-20.45],[14.15,-20.53875],[14.25,-20.479348],[14.283333,-20.45],[14.25,-20.415823],[14.15,-20.404777]],[[45.45,-20.777586],[45.424699,-20.85],[45.392254,-20.95],[45.35,-20.989474],[45.25,-20.95],[45.25,-20.95],[45.25,-20.95],[45.168519,-21.05],[45.15,-21.057937],[45.114634,-21.15],[45.091414,-21.25],[45.05,-21.343182],[45.047391,-21.35],[45.032353,-21.45],[45.05,-21.519767],[45.091096,-21.45],[45.15,-21.407426],[45.185152,-21.35],[45.25,-21.267054],[45.35,-21.253333],[45.354098,-21.25],[45.45,-21.163333],[45.482143,-21.15],[45.55,-21.118852],[45.597458,-21.05],[45.600679,-20.95],[45.55,-20.857438],[45.52,-20.85],[45.45,-20.777586]],[[31.55,-21.611905],[31.532222,-21.65],[31.55,-21.666667],[31.65,-21.665],[31.655556,-21.65],[31.65,-21.628571],[31.55,-21.611905]],[[31.55,-25.537685],[31.515753,-25.55],[31.55,-25.564045],[31.563812,-25.55],[31.55,-25.537685]],[[31.95,-25.882941],[31.921066,-25.95],[31.95,-25.978788],[31.996721,-25.95],[31.95,-25.882941]],[[15.45,-26.303333],[15.432787,-26.35],[15.45,-26.369091],[15.476923,-26.35],[15.45,-26.303333]],[[31.95,-26.401724],[31.932427,-26.45],[31.95,-26.469355],[31.988532,-26.45],[31.95,-26.401724]],[[17.35,-28.1064],[17.298585,-28.15],[17.35,-28.202404],[17.418125,-28.15],[17.35,-28.1064]],[[19.25,-28.746216],[19.247131,-28.75],[19.247189,-28.85],[19.25,-28.854575],[19.255983,-28.85],[19.35,-28.763386],[19.383333,-28.75],[19.35,-28.741584],[19.25,-28.746216]],[[18.05,-28.826712],[18.010156,-28.85],[18.05,-28.891129],[18.103676,-28.95],[18.15,-29.041304],[18.25,-28.996203],[18.35,-28.955505],[18.45,-28.950813],[18.453846,-28.95],[18.55,-28.926303],[18.65,-28.901304],[18.75,-28.88964],[18.85,-28.875],[18.891667,-28.85],[18.85,-28.831788],[18.75,-28.807419],[18.65,-28.768807],[18.55,-28.776147],[18.45,-28.833806],[18.35,-28.825743],[18.25,-28.834615],[18.183333,-28.85],[18.15,-28.875],[18.120833,-28.85],[18.05,-28.826712]],[[19.15,-31.135833],[19.082,-31.15],[19.15,-31.188636],[19.188028,-31.25],[19.25,-31.269298],[19.303012,-31.25],[19.252143,-31.15],[19.25,-31.147436],[19.15,-31.135833]],[[18.85,-31.744393],[18.834615,-31.75],[18.85,-31.757692],[18.858257,-31.75],[18.85,-31.744393]],[[18.85,-32.309259],[18.799714,-32.35],[18.838627,-32.45],[18.85,-32.464356],[18.864078,-32.45],[18.879333,-32.35],[18.85,-32.309259]],[[18.75,-32.742308],[18.728022,-32.75],[18.75,-32.768349],[18.755155,-32.75],[18.75,-32.742308]],[[21.55,-33.07],[21.524468,-33.15],[21.55,-33.16194],[21.627974,-33.25],[21.65,-33.265432],[21.75,-33.25432],[21.771094,-33.25],[21.75,-33.165625],[21.738095,-33.15],[21.65,-33.105952],[21.55,-33.07]],[[21.85,-33.122222],[21.766667,-33.15],[21.85,-33.169841],[21.95,-33.150529],[21.951136,-33.15],[21.95,-33.116667],[21.85,-33.122222]],[[19.15,-33.489444],[19.121391,-33.55],[19.073604,-33.65],[19.05,-33.718229],[19.030511,-33.75],[19.05,-33.778774],[19.07555,-33.85],[19.05,-33.895619],[18.95,-33.922204],[18.928676,-33.95],[18.919369,-34.05],[18.95,-34.111538],[19.05,-34.120833],[19.110541,-34.15],[19.15,-34.173856],[19.174172,-34.15],[19.15,-34.119583],[19.111959,-34.05],[19.15,-33.969712],[19.25,-34.020058],[19.338136,-34.05],[19.35,-34.059211],[19.45,-34.05],[19.55,-34.026894],[19.607009,-34.05],[19.65,-34.066028],[19.75,-34.086],[19.85,-34.092171],[19.95,-34.066954],[19.972097,-34.05],[19.95,-34.029225],[19.85,-34.000852],[19.75,-33.968617],[19.65,-34.018707],[19.616776,-33.95],[19.55,-33.877758],[19.45,-33.889167],[19.395029,-33.85],[19.35,-33.751911],[19.349318,-33.75],[19.25,-33.674914],[19.224517,-33.65],[19.189068,-33.55],[19.15,-33.489444]],[[24.45,-33.644771],[24.437097,-33.65],[24.45,-33.658081],[24.4625,-33.65],[24.45,-33.644771]]]}},{"type":"Feature","id":"contour-1000","properties":{"id":"contour-1000","elevationM":1000,"source":"ETOPO 2022 derived display DEM"},"geometry":{"type":"MultiLineString","coordinates":[[[42.669231,11.75],[42.655909,11.85],[42.65,11.92027],[42.55,11.895645],[42.519176,11.85],[42.53735,11.75],[42.55,11.735452],[42.65,11.728422]],[[49.65,11.377987],[49.75,11.389864],[49.85,11.356171],[49.858224,11.35],[49.95,11.278634],[49.986081,11.25],[50.024444,11.15],[50.05,11.115543],[50.138832,11.05],[50.15,11.028218],[50.195143,10.95],[50.19,10.85],[50.152367,10.75],[50.15,10.748513],[50.05,10.727558],[49.95,10.741063],[49.85,10.741547],[49.8,10.75],[49.75,10.763506],[49.65,10.808022],[49.55,10.848214],[49.546476,10.85],[49.45,10.917178],[49.393386,10.95],[49.45,10.98963],[49.538108,11.05],[49.55,11.084375],[49.578571,11.15],[49.595408,11.25],[49.606739,11.35]],[[9.059636,4.15],[9.077091,4.25],[9.15,4.338618],[9.25,4.341092],[9.305491,4.25],[9.25,4.161169],[9.241686,4.15],[9.15,4.071645]],[[8.801718,3.55],[8.75,3.641994],[8.693012,3.55],[8.75,3.497855]],[[8.55,3.375818],[8.65,3.386645],[8.674272,3.35]],[[4.55,36.691176],[4.516793,36.65],[4.55,36.592997],[4.596053,36.65],[4.55,36.691176]],[[5.45,36.556078],[5.438268,36.55],[5.45,36.506701],[5.473596,36.55],[5.45,36.556078]],[[5.65,36.559388],[5.635535,36.55],[5.65,36.540295],[5.75,36.54816],[5.752083,36.55],[5.75,36.551948],[5.65,36.559388]],[[4.05,36.481447],[3.992029,36.45],[4.05,36.420674],[4.15,36.419118],[4.25,36.421191],[4.35,36.428458],[4.396073,36.45],[4.35,36.516415],[4.25,36.487943],[4.15,36.481687],[4.05,36.481447]],[[5.15,36.368519],[5.130263,36.35],[5.15,36.2875],[5.168557,36.25],[5.25,36.189695],[5.35,36.160651],[5.390909,36.15],[5.45,36.07973],[5.55,36.07037],[5.603086,36.15],[5.614082,36.25],[5.5605,36.35],[5.55,36.364286],[5.45,36.406693],[5.35,36.400425],[5.259184,36.35],[5.25,36.331443],[5.2125,36.35],[5.15,36.368519]],[[2.95,36.256452],[2.948611,36.25],[2.95,36.245455],[2.950943,36.25],[2.95,36.256452]],[[5.75,36.310227],[5.685628,36.25],[5.75,36.159143],[5.85,36.2],[5.95,36.237],[5.964943,36.25],[5.95,36.25453],[5.85,36.262987],[5.75,36.310227]],[[7.55,36.253777],[7.508696,36.25],[7.55,36.234553],[7.564179,36.25],[7.55,36.253777]],[[3.55,36.160554],[3.473077,36.15],[3.45,36.133333],[3.361765,36.05],[3.35,36.040805],[3.25,36.003933],[3.15,35.975269],[3.078788,35.95],[3.15,35.881884],[3.25,35.852041],[3.35,35.916094],[3.395665,35.95],[3.45,36.011039],[3.55,36.039238],[3.65,36.007143],[3.733824,36.05],[3.684783,36.15],[3.65,36.162945],[3.55,36.160554]],[[4.15,36.155536],[4.139474,36.15],[4.05,36.058725],[4.03,36.05],[4.05,36.043532],[4.15,35.987651],[4.244091,36.05],[4.165686,36.15],[4.15,36.155536]],[[4.65,36.235271],[4.558333,36.15],[4.55,36.143506],[4.45,36.089031],[4.40641,36.05],[4.45,35.95],[4.55,35.957097],[4.632759,36.05],[4.65,36.071429],[4.75,36.111765],[4.785912,36.15],[4.75,36.177778],[4.65,36.235271]],[[7.45,36.19],[7.439222,36.15],[7.45,36.141781],[7.464754,36.15],[7.45,36.19]],[[3.85,36.084],[3.782673,36.05],[3.85,36.022131],[3.906667,36.05],[3.85,36.084]],[[4.95,36.08],[4.903846,36.05],[4.85,36.007576],[4.811224,35.95],[4.75,35.935577],[4.670536,35.85],[4.75,35.798777],[4.85,35.784992],[4.95,35.776716],[5.05,35.753509],[5.064286,35.75],[5.15,35.730902],[5.25,35.694578],[5.35,35.681542],[5.45,35.66374],[5.479268,35.65],[5.55,35.627919],[5.589726,35.65],[5.65,35.691509],[5.75,35.664332],[5.845652,35.65],[5.75,35.634286],[5.681792,35.55],[5.65,35.45],[5.65,35.45],[5.65,35.45],[5.75,35.38244],[5.85,35.378374],[5.95,35.373077],[5.965063,35.35],[5.95,35.339859],[5.85,35.279915],[5.839198,35.25],[5.839014,35.15],[5.85,35.138393],[5.95,35.117213],[6.05,35.098047],[6.15,35.077647],[6.183813,35.05],[6.15,34.969429],[6.141053,34.95],[6.15,34.945647],[6.195946,34.95],[6.25,34.962658],[6.35,34.983492],[6.45,35.002703],[6.55,35.010756],[6.65,35.007417],[6.72052,35.05],[6.75,35.082797],[6.833607,35.05],[6.798699,34.95],[6.85,34.915283],[6.95,34.910518],[7.05,34.948768],[7.15,34.940793],[7.25,34.945385],[7.35,34.912791],[7.45,34.905319],[7.547351,34.95],[7.55,34.958],[7.65,34.978788],[7.75,35.038889],[7.85,34.960714],[7.868182,34.95],[7.95,34.925455],[8.05,34.912719],[8.136735,34.95],[8.15,34.971311],[8.211538,35.05],[8.25,35.081915],[8.35,35.062745],[8.45,35.0885],[8.55,35.121098],[8.65,35.137709],[8.659167,35.15],[8.65,35.162022],[8.55,35.20618],[8.514865,35.25],[8.45,35.299315],[8.400993,35.35],[8.35,35.436517],[8.25,35.443333],[8.15,35.408252],[8.05,35.411521],[7.95,35.43797],[7.917785,35.45],[7.85,35.534167],[7.836429,35.55],[7.75,35.595318],[7.66037,35.55],[7.65,35.54186],[7.555952,35.45],[7.55,35.444505],[7.519697,35.45],[7.507447,35.55],[7.45,35.595378],[7.366923,35.55],[7.35,35.544472],[7.25,35.503521],[7.15,35.488235],[7.05,35.50274],[6.95,35.479282],[6.85,35.510635],[6.75,35.509843],[6.65,35.525229],[6.55,35.548361],[6.5484,35.55],[6.548361,35.65],[6.45,35.709701],[6.377711,35.65],[6.35,35.632101],[6.280303,35.65],[6.25,35.659901],[6.15,35.725137],[6.072222,35.75],[6.05,35.767333],[5.95,35.761236],[5.904545,35.75],[5.85,35.664286],[5.845636,35.75],[5.825694,35.85],[5.75,35.901415],[5.685503,35.85],[5.65,35.82561],[5.55,35.820388],[5.488384,35.85],[5.45,35.934444],[5.35,35.868478],[5.25,35.936777],[5.238235,35.95],[5.15,36.018571],[5.05,36.045313],[5.03,36.05],[4.95,36.08]],[[6.75,36.067808],[6.725316,36.05],[6.75,36.016379],[6.768396,36.05],[6.75,36.067808]],[[2.05,35.954176],[2.041388,35.95],[1.95,35.908206],[1.87963,35.85],[1.948611,35.75],[1.95,35.747531],[1.952817,35.75],[2.05,35.77887],[2.15,35.777562],[2.25,35.79901],[2.35,35.784365],[2.45,35.848039],[2.45283,35.85],[2.55,35.886014],[2.640148,35.95],[2.55,35.990487],[2.45,35.972581],[2.35,35.991729],[2.272105,35.95],[2.25,35.912048],[2.15,35.908405],[2.060976,35.95],[2.05,35.954176]],[[6.95,35.961852],[6.931176,35.95],[6.95,35.931395],[6.986364,35.95],[6.95,35.961852]],[[4.45,35.95],[4.45,35.95],[4.45,35.95]],[[7.45,35.844545],[7.40969,35.75],[7.45,35.705556],[7.544203,35.65],[7.55,35.640909],[7.553252,35.65],[7.583508,35.75],[7.55,35.803782],[7.45,35.844545]],[[8.15,35.634568],[8.110632,35.55],[8.15,35.488565],[8.25,35.45404],[8.326613,35.55],[8.25,35.593578],[8.15,35.634568]],[[8.65,35.526543],[8.601938,35.45],[8.65,35.430128],[8.730519,35.45],[8.65,35.526543]],[[1.35,35.354902],[1.342754,35.35],[1.35,35.316667],[1.372727,35.25],[1.35,35.240826],[1.25,35.204545],[1.15,35.181176],[1.05,35.186709],[1.035854,35.15],[1.042157,35.05],[0.95,34.974599],[0.911667,34.95],[0.95,34.856122],[0.953896,34.85],[0.95,34.845833],[0.85,34.797328],[0.75,34.813107],[0.70914,34.85],[0.65,34.906122],[0.603261,34.95],[0.55,34.976344],[0.45,34.96634],[0.374242,34.95],[0.35,34.942],[0.25,34.880208],[0.221981,34.85],[0.15,34.784071],[0.05,34.779126],[0.015116,34.75],[-0.05,34.723206],[-0.085443,34.75],[-0.15,34.784459],[-0.214151,34.75],[-0.25,34.727291],[-0.35,34.687963],[-0.393226,34.75],[-0.45,34.78964],[-0.55,34.768033],[-0.622131,34.75],[-0.65,34.744218],[-0.75,34.716509],[-0.85,34.734756],[-0.865723,34.75],[-0.85,34.833333],[-0.847059,34.85],[-0.85,34.851852],[-0.862195,34.85],[-0.95,34.828824],[-1.05,34.828543],[-1.15,34.831404],[-1.189259,34.85],[-1.25,34.866174],[-1.34011,34.85],[-1.35,34.846715],[-1.45,34.766822],[-1.468815,34.75],[-1.55,34.663704],[-1.630435,34.65],[-1.65,34.647231],[-1.75,34.605263],[-1.836154,34.55],[-1.85,34.495455],[-1.95,34.45241],[-1.955128,34.45],[-2.05,34.414251],[-2.111157,34.45],[-2.15,34.476111],[-2.191964,34.45],[-2.25,34.418137],[-2.35,34.351538],[-2.45,34.369651],[-2.55,34.405385],[-2.65,34.375],[-2.680488,34.35],[-2.65,34.302153],[-2.568657,34.25],[-2.55,34.205357],[-2.518041,34.15],[-2.55,34.137083],[-2.65,34.109766],[-2.75,34.101822],[-2.85,34.059712],[-2.901923,34.05],[-2.95,34.045719],[-3.05,34.032495],[-3.15,33.983158],[-3.184521,33.95],[-3.25,33.900518],[-3.35,33.855556],[-3.355449,33.85],[-3.351195,33.75],[-3.351163,33.65],[-3.416897,33.55],[-3.45,33.498936],[-3.477879,33.45],[-3.529012,33.35],[-3.55,33.284615],[-3.562676,33.25],[-3.600769,33.15],[-3.65,33.090741],[-3.711972,33.05],[-3.75,33.021875],[-3.85,32.972727],[-3.916667,32.95],[-3.95,32.941228],[-4.05,32.908333],[-4.130645,32.95],[-4.099231,33.05],[-4.05,33.115306],[-4.024242,33.15],[-3.951882,33.25],[-3.95,33.253433],[-3.852597,33.35],[-3.85,33.35176],[-3.760428,33.45],[-3.75,33.464029],[-3.698712,33.55],[-3.674749,33.65],[-3.65,33.716667],[-3.624773,33.75],[-3.595515,33.85],[-3.65,33.920996],[-3.75,33.908859],[-3.85,33.918097],[-3.95,33.928704],[-3.979114,33.95],[-3.95,33.994805],[-3.917433,34.05],[-3.95,34.086481],[-4.004412,34.15],[-4.05,34.170946],[-4.094765,34.15],[-4.15,34.120913],[-4.241198,34.05],[-4.25,34.038571],[-4.33087,33.95],[-4.35,33.906579],[-4.45,33.859583],[-4.466312,33.85],[-4.45,33.828505],[-4.366,33.75],[-4.44644,33.65],[-4.45,33.637766],[-4.55,33.598175],[-4.567975,33.65],[-4.65,33.737332],[-4.667871,33.75],[-4.75,33.797894],[-4.85,33.818304],[-4.95,33.819069],[-5.05,33.785227],[-5.15,33.769303],[-5.20625,33.75],[-5.25,33.731081],[-5.35,33.696196],[-5.42265,33.65],[-5.45,33.587255],[-5.55,33.611775],[-5.65,33.577547],[-5.732022,33.55],[-5.65,33.465116],[-5.55,33.477309],[-5.45,33.484483],[-5.433333,33.45],[-5.45,33.41],[-5.47069,33.35],[-5.55,33.274342],[-5.65,33.298113],[-5.675,33.35],[-5.75,33.424661],[-5.843333,33.45],[-5.85,33.451347],[-5.95,33.479146],[-6.05,33.456965],[-6.056863,33.45],[-6.05,33.439474],[-5.95,33.393137],[-5.921975,33.35],[-5.95,33.324118],[-6.009155,33.25],[-5.988122,33.15],[-6.022687,33.05],[-5.95,32.983468],[-5.85,33.013636],[-5.777273,33.05],[-5.75,33.072581],[-5.727174,33.05],[-5.65,32.992276],[-5.635014,32.95],[-5.601397,32.85],[-5.65,32.790816],[-5.680928,32.75],[-5.75,32.728764],[-5.85,32.687472],[-5.887472,32.65],[-5.95,32.614213],[-6.05,32.57976],[-6.080093,32.55],[-6.125571,32.45],[-6.15,32.433123],[-6.25,32.378969],[-6.279798,32.35],[-6.35,32.29988],[-6.401425,32.25],[-6.45,32.18758],[-6.55,32.1605],[-6.610577,32.15],[-6.65,32.112727],[-6.678163,32.05],[-6.75,31.989726],[-6.840625,31.95],[-6.85,31.91],[-6.861043,31.85],[-6.95,31.788298],[-6.99918,31.75],[-7.05,31.734878],[-7.15,31.709213],[-7.236667,31.65],[-7.25,31.640795],[-7.35,31.624872],[-7.445738,31.55],[-7.45,31.548015],[-7.55,31.516327],[-7.65,31.461511],[-7.661896,31.45],[-7.75,31.387302],[-7.844,31.35],[-7.85,31.349014],[-7.95,31.345218],[-8.05,31.32099],[-8.106831,31.25],[-8.15,31.227364],[-8.25,31.241631],[-8.325641,31.25],[-8.35,31.25669],[-8.384545,31.25],[-8.45,31.242742],[-8.55,31.237339],[-8.65,31.217713],[-8.75,31.175436],[-8.85,31.195331],[-8.95,31.198268],[-9.05,31.245956],[-9.078947,31.25],[-9.15,31.259747],[-9.196552,31.25],[-9.25,31.236695],[-9.320877,31.15],[-9.35,31.073148],[-9.358772,31.05],[-9.35,31.019136],[-9.330952,30.95],[-9.35,30.85],[-9.35,30.85],[-9.45,30.777198],[-9.46996,30.75],[-9.508333,30.65],[-9.45,30.609677],[-9.35,30.628976],[-9.310345,30.65],[-9.25,30.688377],[-9.165616,30.75],[-9.15,30.773853],[-9.130524,30.75],[-9.05,30.698068],[-8.95,30.668955],[-8.85,30.673925],[-8.75,30.684652],[-8.65,30.711274],[-8.577653,30.75],[-8.55,30.757401],[-8.45,30.772795],[-8.35,30.773418],[-8.25,30.76332],[-8.218692,30.75],[-8.15,30.707637],[-8.075651,30.65],[-8.15,30.57126],[-8.172594,30.55],[-8.25,30.510554],[-8.35,30.495833],[-8.45,30.45],[-8.45,30.45],[-8.494167,30.35],[-8.55,30.324427],[-8.65,30.273485],[-8.719663,30.25],[-8.75,30.234916],[-8.848701,30.15],[-8.85,30.149138],[-8.935502,30.05],[-8.95,30.035714],[-9.05,30.013889],[-9.15,29.987143],[-9.182125,29.95],[-9.17693,29.85],[-9.176103,29.75],[-9.25,29.67179],[-9.261667,29.65],[-9.340735,29.55],[-9.35,29.538716],[-9.394101,29.45],[-9.45,29.39311],[-9.55,29.400162],[-9.65,29.396025],[-9.73209,29.35],[-9.70641,29.25],[-9.65,29.233704],[-9.55,29.220899],[-9.45,29.209871],[-9.35,29.22067],[-9.272794,29.25],[-9.25,29.258934],[-9.22395,29.25],[-9.15,29.218683],[-9.05,29.215449],[-8.982468,29.25],[-8.95,29.277322],[-8.85,29.315217],[-8.843277,29.35],[-8.751439,29.45],[-8.75,29.450481],[-8.65,29.46259],[-8.55,29.52663],[-8.480645,29.55],[-8.45255,29.65],[-8.45,29.654186],[-8.35,29.663896],[-8.25,29.695642],[-8.15,29.69633],[-8.08518,29.75],[-8.056746,29.85],[-8.05,29.855686],[-8.018519,29.85],[-7.95,29.837458],[-7.85,29.792553],[-7.75,29.813243],[-7.701429,29.85],[-7.65,29.904753],[-7.614688,29.95],[-7.559677,30.05],[-7.55,30.05223],[-7.45,30.119485],[-7.35,30.122563],[-7.263636,30.15],[-7.25,30.152083],[-7.15,30.186261],[-7.05,30.222868],[-7.013158,30.25],[-6.95,30.266173],[-6.854012,30.35],[-6.85,30.355439],[-6.818293,30.35],[-6.75,30.334946],[-6.662222,30.25],[-6.65,30.236747],[-6.603247,30.15],[-6.55,30.071154],[-6.45,30.078],[-6.394615,30.15],[-6.35,30.171014],[-6.25,30.1975],[-6.15,30.233478],[-6.140206,30.25],[-6.05,30.328475],[-6.019811,30.35],[-6.05,30.389344],[-6.087186,30.45],[-6.15,30.501867],[-6.202489,30.55],[-6.15,30.634058],[-6.072667,30.55],[-6.05,30.518519],[-5.95,30.518127],[-5.914126,30.55],[-5.85,30.610338],[-5.75,30.616667],[-5.665676,30.55],[-5.65,30.530272],[-5.584078,30.45],[-5.555792,30.35],[-5.55,30.345192],[-5.458615,30.25],[-5.45,30.237037],[-5.438333,30.25],[-5.415744,30.35],[-5.45,30.404696],[-5.507343,30.45],[-5.490123,30.55],[-5.55,30.592174],[-5.610181,30.65],[-5.65,30.70906],[-5.75,30.745122],[-5.754,30.75],[-5.75,30.761765],[-5.708904,30.85],[-5.65,30.857875],[-5.55,30.857801],[-5.45,30.880519],[-5.383125,30.95],[-5.35,30.973246],[-5.271875,31.05],[-5.25,31.105682],[-5.206667,31.15],[-5.15,31.175758],[-5.05,31.193175],[-4.95,31.244686],[-4.940833,31.25],[-4.85,31.29823],[-4.75,31.30814],[-4.65,31.341129],[-4.63764,31.35],[-4.637368,31.45],[-4.65,31.463953],[-4.75,31.520866],[-4.85,31.527976],[-4.95,31.549237],[-4.9625,31.55],[-4.95,31.5625],[-4.93,31.65],[-4.85,31.673729],[-4.75,31.68268],[-4.65,31.690217],[-4.55,31.716197],[-4.45,31.692453],[-4.35,31.657258],[-4.25,31.701316],[-4.193939,31.75],[-4.25,31.832222],[-4.267778,31.85],[-4.25,31.860811],[-4.15,31.854878],[-4.07,31.85],[-4.05,31.847778],[-3.95,31.757895],[-3.921429,31.75],[-3.921429,31.65],[-3.95,31.602941],[-4.05,31.571622],[-4.056957,31.55],[-4.05,31.541753],[-3.95,31.524286],[-3.85,31.476752],[-3.75,31.458197],[-3.727778,31.45],[-3.681818,31.35],[-3.660526,31.25],[-3.65,31.246825],[-3.634615,31.25],[-3.55,31.276829],[-3.45,31.338235],[-3.435714,31.35],[-3.35,31.425],[-3.326471,31.45],[-3.35,31.53],[-3.35303,31.55],[-3.35,31.572222],[-3.25,31.641489],[-3.239655,31.65],[-3.25,31.71],[-3.26,31.75],[-3.35,31.811017],[-3.432143,31.85],[-3.45,31.862821],[-3.55,31.883333],[-3.65,31.927419],[-3.696667,31.95],[-3.65,31.955983],[-3.55,31.968848],[-3.45,32.032927],[-3.430282,32.05],[-3.35,32.082386],[-3.25,32.096286],[-3.15,32.111538],[-3.05,32.142742],[-3.032353,32.15],[-2.95,32.168667],[-2.856154,32.25],[-2.85,32.257895],[-2.75,32.262],[-2.722727,32.25],[-2.65,32.185135],[-2.55,32.151333],[-2.45,32.162903],[-2.425,32.15],[-2.35,32.113636],[-2.258696,32.05],[-2.25,32.045238],[-2.196667,31.95],[-2.15,31.923485],[-2.08,31.95],[-2.05,31.959554],[-2.044485,31.95],[-1.95,31.877809],[-1.872656,31.85],[-1.901786,31.75],[-1.85,31.733523],[-1.830667,31.75],[-1.837712,31.85],[-1.771705,31.95],[-1.75,31.961155],[-1.65,31.972394],[-1.55,32.003807],[-1.45,32.025301],[-1.4172,32.05],[-1.35,32.129245],[-1.329245,32.15],[-1.25,32.23],[-1.15,32.207561],[-1.05,32.191304],[-0.981122,32.25],[-0.95,32.291781],[-0.85,32.25],[-0.85,32.25],[-0.75,32.25],[-0.65,32.31],[-0.622197,32.35],[-0.550546,32.45],[-0.55,32.451449],[-0.498872,32.55],[-0.45,32.570767],[-0.415054,32.55],[-0.35,32.477545],[-0.263571,32.55],[-0.25,32.559548],[-0.15,32.625342],[-0.119231,32.65],[-0.05,32.74878],[0.05,32.715939],[0.12156,32.75],[0.15,32.763478],[0.227132,32.85],[0.25,32.870275],[0.35,32.948198],[0.45,32.920513],[0.501111,32.95],[0.55,33.007143],[0.65,32.999324],[0.742593,33.05],[0.75,33.052326],[0.85,33.078302],[0.95,33.075316],[1.05,33.072078],[1.138235,33.15],[1.15,33.155405],[1.25,33.192958],[1.35,33.218644],[1.45,33.2425],[1.483333,33.25],[1.55,33.2575],[1.65,33.266981],[1.731481,33.35],[1.75,33.359434],[1.848969,33.45],[1.85,33.450901],[1.945652,33.55],[1.95,33.553521],[2.05,33.579091],[2.15,33.634091],[2.176923,33.65],[2.25,33.707576],[2.276415,33.75],[2.347665,33.85],[2.35,33.857229],[2.424757,33.95],[2.45,33.97766],[2.55,34.02037],[2.65,33.974242],[2.674242,33.95],[2.75,33.925728],[2.80102,33.95],[2.85,34.004545],[2.884188,34.05],[2.938235,34.15],[2.95,34.176],[3.041358,34.25],[3.05,34.255833],[3.15,34.3],[3.25,34.312069],[3.331481,34.35],[3.35,34.357576],[3.446063,34.45],[3.45,34.452994],[3.55,34.461806],[3.570482,34.45],[3.594444,34.35],[3.65,34.274812],[3.75,34.279885],[3.85,34.32251],[3.879237,34.35],[3.95,34.401227],[4.002303,34.45],[4.05,34.51682],[4.097368,34.55],[4.06,34.65],[4.088372,34.75],[4.122,34.85],[4.15,34.863376],[4.25,34.902564],[4.324497,34.95],[4.35,34.984862],[4.45,35.045122],[4.452459,35.05],[4.45,35.052098],[4.35,35.069452],[4.25,35.085714],[4.15,35.099858],[4.05,35.06931],[3.95,35.058553],[3.85,35.051709],[3.75,35.098066],[3.65,35.076596],[3.55,35.088728],[3.46625,35.05],[3.45,35.033851],[3.35,34.985664],[3.299505,34.95],[3.25,34.909514],[3.15,34.872778],[3.112037,34.85],[3.05,34.78964],[2.95,34.765217],[2.920833,34.75],[2.85,34.715772],[2.75,34.678571],[2.678,34.65],[2.65,34.640789],[2.55,34.605952],[2.45,34.568644],[2.35,34.591429],[2.25,34.55],[2.15,34.594231],[2.053333,34.65],[2.05,34.654444],[2.025,34.65],[1.95,34.632353],[1.93,34.65],[1.927778,34.75],[1.95,34.763333],[2.036667,34.85],[2.05,34.858602],[2.119106,34.95],[2.05,35.025221],[2.030282,35.05],[1.951786,35.15],[1.95,35.152469],[1.85,35.248729],[1.75,35.247244],[1.65,35.248204],[1.64434,35.25],[1.55,35.308824],[1.45,35.305738],[1.365625,35.35],[1.35,35.354902]],[[3.45,35.350606],[3.44931,35.35],[3.45,35.349383],[3.45137,35.35],[3.45,35.350606]],[[8.85,35.39188],[8.795556,35.35],[8.85,35.3325],[8.875521,35.35],[8.85,35.39188]],[[-5.45,35.26549],[-5.471237,35.25],[-5.45,35.231055],[-5.434168,35.25],[-5.45,35.26549]],[[-5.15,35.256748],[-5.160864,35.25],[-5.225634,35.15],[-5.15,35.073016],[-5.05,35.063158],[-5.040099,35.05],[-4.95,34.998876],[-4.87681,35.05],[-4.95,35.103529],[-5.004483,35.15],[-5.05,35.213462],[-5.122152,35.25],[-5.15,35.256748]],[[6.85,35.15307],[6.846759,35.15],[6.85,35.124074],[6.95,35.128146],[7.001163,35.15],[6.95,35.185106],[6.85,35.15307]],[[-4.75,35.059735],[-4.774812,35.05],[-4.822566,34.95],[-4.769708,34.85],[-4.75,34.833282],[-4.65,34.780263],[-4.580653,34.75],[-4.55,34.736353],[-4.45,34.68493],[-4.35,34.706604],[-4.25,34.70636],[-4.15,34.694882],[-4.127821,34.65],[-4.15,34.619022],[-4.25,34.558865],[-4.310976,34.55],[-4.25,34.542038],[-4.15,34.509164],[-4.05,34.469084],[-3.95,34.508081],[-3.89908,34.55],[-3.85,34.593956],[-3.75,34.559091],[-3.67973,34.65],[-3.679558,34.75],[-3.75,34.814232],[-3.815741,34.85],[-3.85,34.865846],[-3.925869,34.95],[-3.95,34.96944],[-4.05,34.989163],[-4.123441,34.95],[-4.15,34.919251],[-4.221875,34.95],[-4.25,34.95989],[-4.35,34.977417],[-4.45,35.005372],[-4.55,35.03488],[-4.65,35.000817],[-4.74012,35.05],[-4.75,35.059735]],[[7.95,34.773853],[7.900943,34.75],[7.95,34.742262],[7.96745,34.75],[7.95,34.773853]],[[-3.55,34.630303],[-3.635484,34.55],[-3.55,34.487769],[-3.45,34.517547],[-3.42248,34.55],[-3.45,34.600588],[-3.55,34.630303]],[[0.95,34.571429],[0.9,34.55],[0.85,34.516667],[0.779412,34.45],[0.75,34.420588],[0.65,34.371951],[0.605,34.35],[0.55,34.304167],[0.45,34.274444],[0.395,34.25],[0.35,34.19375],[0.25,34.187037],[0.194444,34.15],[0.25,34.11875],[0.35,34.134444],[0.45,34.128049],[0.55,34.121429],[0.65,34.125],[0.69,34.15],[0.689286,34.25],[0.75,34.308621],[0.85,34.322727],[0.95,34.313889],[1.036667,34.35],[1.05,34.364286],[1.116667,34.45],[1.15,34.49],[1.2,34.55],[1.15,34.58913],[1.05,34.555455],[0.95,34.571429]],[[-2.45,34.280769],[-2.494444,34.25],[-2.45,34.226744],[-2.355714,34.15],[-2.35,34.145062],[-2.25,34.087931],[-2.206,34.05],[-2.178205,33.95],[-2.15,33.854348],[-2.05,33.864894],[-1.95,33.932353],[-1.934746,33.95],[-1.95,34.014286],[-1.956024,34.05],[-1.958537,34.15],[-2.05,34.222816],[-2.097458,34.25],[-2.15,34.260438],[-2.25,34.286239],[-2.35,34.346923],[-2.45,34.280769]],[[-0.05,34.171053],[-0.11,34.15],[-0.070833,34.05],[-0.05,34.033333],[0.05,34.043878],[0.08,34.05],[0.061111,34.15],[0.05,34.152632],[-0.05,34.171053]],[[-0.35,34.063115],[-0.366667,34.05],[-0.373913,33.95],[-0.35,33.929245],[-0.32963,33.95],[-0.25,34.039583],[-0.229167,34.05],[-0.25,34.064286],[-0.35,34.063115]],[[-1.55,33.766364],[-1.598649,33.75],[-1.55,33.728824],[-1.501351,33.75],[-1.55,33.766364]],[[-9.05,30.873413],[-9.076222,30.85],[-9.05,30.828467],[-9.036742,30.85],[-9.05,30.873413]],[[-6.15,30.052041],[-6.19,30.05],[-6.15,30.049467],[-6.147826,30.05],[-6.15,30.052041]],[[32.25,29.404305],[32.183333,29.35],[32.25,29.290146],[32.35,29.326433],[32.365417,29.35],[32.35,29.372156],[32.25,29.404305]],[[34.15,29.355882],[34.136813,29.35],[34.05,29.308639],[33.95,29.305102],[33.85,29.295882],[33.807377,29.25],[33.755291,29.15],[33.75,29.144083],[33.715517,29.15],[33.65,29.158407],[33.639894,29.15],[33.65,29.138757],[33.698544,29.05],[33.75,28.997176],[33.830682,28.95],[33.75,28.890833],[33.678986,28.85],[33.65,28.759091],[33.648936,28.75],[33.622352,28.65],[33.65,28.619981],[33.749355,28.65],[33.75,28.655263],[33.750461,28.65],[33.766056,28.55],[33.802197,28.45],[33.85,28.360526],[33.854805,28.35],[33.926899,28.25],[33.95,28.22008],[34.023474,28.15],[34.05,28.118889],[34.124118,28.15],[34.15,28.205],[34.157031,28.25],[34.166949,28.35],[34.25,28.436471],[34.273116,28.45],[34.33303,28.55],[34.258607,28.65],[34.25,28.677273],[34.220984,28.75],[34.25,28.812222],[34.271384,28.85],[34.25,28.910714],[34.22027,28.95],[34.219444,29.05],[34.25,29.070561],[34.298295,29.15],[34.322571,29.25],[34.25,29.334667],[34.184286,29.35],[34.15,29.355882]],[[32.45,28.871548],[32.39951,28.85],[32.45,28.820986],[32.466119,28.85],[32.45,28.871548]],[[32.25,28.752075],[32.248626,28.75],[32.25,28.733871],[32.266561,28.65],[32.25,28.611194],[32.222483,28.55],[32.25,28.536513],[32.282031,28.55],[32.35,28.589908],[32.372783,28.65],[32.391531,28.75],[32.35,28.813929],[32.25,28.752075]],[[33.35,27.063786],[33.322541,27.05],[33.35,26.999242],[33.376172,27.05],[33.35,27.063786]],[[33.45,26.971901],[33.405085,26.95],[33.45,26.927253],[33.472363,26.95],[33.45,26.971901]],[[5.75,26.603226],[5.721552,26.55],[5.75,26.524219],[5.85,26.523039],[5.872541,26.55],[5.85,26.644828],[5.75,26.603226]],[[5.45,26.427778],[5.417136,26.35],[5.414286,26.25],[5.45,26.22151],[5.494444,26.25],[5.55,26.299801],[5.65,26.302459],[5.732759,26.25],[5.75,26.238764],[5.85,26.217066],[5.89358,26.15],[5.95,26.097653],[6.05,26.107895],[6.15,26.125758],[6.19491,26.05],[6.25,25.985211],[6.28268,25.95],[6.33785,25.85],[6.35,25.825926],[6.364089,25.75],[6.440411,25.65],[6.45,25.6],[6.465556,25.55],[6.45,25.486364],[6.35,25.503333],[6.25,25.454],[6.15,25.544],[6.148013,25.55],[6.05,25.644268],[6.032,25.65],[5.95,25.719492],[5.888806,25.65],[5.85,25.560345],[5.77973,25.65],[5.75,25.660476],[5.65,25.705172],[5.60206,25.65],[5.65,25.557246],[5.65813,25.55],[5.67716,25.45],[5.709406,25.35],[5.691176,25.25],[5.682331,25.15],[5.75,25.081818],[5.825,25.05],[5.85,24.996154],[5.95,24.991667],[5.961111,24.95],[5.95,24.935294],[5.912338,24.85],[5.926471,24.75],[5.890741,24.65],[5.85146,24.55],[5.85,24.537879],[5.762121,24.45],[5.75,24.43],[5.748649,24.45],[5.731377,24.55],[5.731818,24.65],[5.713218,24.75],[5.65,24.814202],[5.55,24.812637],[5.54086,24.85],[5.536275,24.95],[5.523161,25.05],[5.45,25.127474],[5.35,25.112617],[5.287674,25.05],[5.278378,24.95],[5.255865,24.85],[5.25,24.775926],[5.23,24.75],[5.15,24.705556],[5.05,24.719149],[4.954412,24.65],[4.95,24.64375],[4.905,24.55],[4.862632,24.45],[4.9125,24.35],[4.876,24.25],[4.85,24.227586],[4.81087,24.15],[4.807609,24.05],[4.813934,23.95],[4.820492,23.85],[4.85,23.8125],[4.893373,23.85],[4.893137,23.95],[4.940698,24.05],[4.95,24.060256],[4.954598,24.05],[5.013043,23.95],[5.05,23.887037],[5.082258,23.85],[5.15,23.772222],[5.165385,23.75],[5.15,23.707143],[5.135185,23.65],[5.106164,23.55],[5.069469,23.45],[5.060526,23.35],[5.05,23.304545],[5.03209,23.25],[5.034211,23.15],[5.036275,23.05],[5.037692,22.95],[5.033077,22.85],[4.95,22.785714],[4.853226,22.75],[4.85,22.7375],[4.844488,22.65],[4.85,22.643137],[4.95,22.587857],[5.05,22.565108],[5.074419,22.55],[5.15,22.486893],[5.229167,22.45],[5.25,22.435714],[5.35,22.406818],[5.45,22.355085],[5.55,22.364953],[5.586364,22.35],[5.65,22.322549],[5.75,22.329121],[5.85,22.311905],[5.95,22.348571],[5.952273,22.35],[6.05,22.375444],[6.15,22.419643],[6.25,22.435714],[6.250909,22.45],[6.25,22.55],[6.35,22.612745],[6.45,22.618868],[6.471854,22.65],[6.485185,22.75],[6.55,22.774138],[6.6125,22.75],[6.65,22.735],[6.717742,22.75],[6.75,22.783333],[6.795455,22.85],[6.80641,22.95],[6.85,23.046226],[6.95,23.046721],[7.0,23.05],[7.05,23.054348],[7.139796,23.15],[7.15,23.160638],[7.25,23.17],[7.316667,23.25],[7.35,23.316667],[7.45,23.311538],[7.525,23.25],[7.55,23.188462],[7.555051,23.15],[7.587615,23.05],[7.61378,22.95],[7.65,22.87069],[7.67,22.85],[7.711905,22.75],[7.75,22.691818],[7.85,22.660294],[7.908333,22.65],[7.95,22.643671],[8.05,22.586986],[8.114789,22.65],[8.15,22.746154],[8.151639,22.75],[8.227083,22.85],[8.25,22.860577],[8.32381,22.95],[8.35,23.005],[8.41,23.05],[8.45,23.076087],[8.519863,23.15],[8.55,23.173913],[8.648592,23.25],[8.65,23.26],[8.6625,23.35],[8.65,23.386],[8.55,23.441071],[8.45,23.447917],[8.446429,23.45],[8.35,23.537097],[8.340476,23.55],[8.35,23.575],[8.425,23.65],[8.45,23.656667],[8.512222,23.75],[8.45,23.833582],[8.435333,23.85],[8.423494,23.95],[8.447778,24.05],[8.35,24.124576],[8.29,24.15],[8.25,24.179412],[8.179412,24.25],[8.15,24.297619],[8.076667,24.35],[8.15,24.389286],[8.25,24.406522],[8.291667,24.45],[8.35,24.527778],[8.407143,24.55],[8.45,24.563636],[8.5,24.55],[8.55,24.538889],[8.565789,24.55],[8.65,24.616667],[8.75,24.575],[8.769444,24.55],[8.842857,24.45],[8.85,24.442],[8.95,24.434091],[9.05,24.39127],[9.12027,24.35],[9.15,24.32381],[9.228571,24.35],[9.246429,24.45],[9.25,24.452381],[9.251818,24.45],[9.35,24.390659],[9.45,24.383333],[9.465464,24.35],[9.55,24.274074],[9.615,24.25],[9.65,24.220833],[9.715385,24.15],[9.75,24.080769],[9.758421,24.05],[9.85,23.9804],[9.930851,23.95],[9.95,23.938889],[10.05,23.897619],[10.15,23.885461],[10.25,23.859],[10.262329,23.85],[10.35,23.776012],[10.385433,23.75],[10.45,23.6844],[10.519355,23.65],[10.55,23.633333],[10.65,23.557895],[10.654478,23.55],[10.705639,23.45],[10.74726,23.35],[10.75,23.346226],[10.85,23.307265],[10.95,23.297458],[11.05,23.261475],[11.0675,23.25],[11.110465,23.15],[11.15,23.136923],[11.172368,23.15],[11.197826,23.25],[11.25,23.34],[11.35,23.252857],[11.352778,23.25],[11.45,23.193548],[11.502239,23.25],[11.45,23.292169],[11.391463,23.35],[11.35,23.414151],[11.25,23.358333],[11.192105,23.45],[11.15,23.493836],[11.097436,23.55],[11.097059,23.65],[11.112338,23.75],[11.05,23.844118],[11.04,23.85],[10.95,23.886486],[10.882857,23.95],[10.85,23.984848],[10.790278,24.05],[10.804667,24.15],[10.781818,24.25],[10.75,24.298611],[10.65,24.331481],[10.588889,24.25],[10.602518,24.15],[10.592857,24.05],[10.65,23.992857],[10.676087,23.95],[10.682203,23.85],[10.65,23.786667],[10.617797,23.85],[10.586842,23.95],[10.55,23.986842],[10.5,24.05],[10.45,24.118571],[10.443333,24.15],[10.412051,24.25],[10.35,24.325155],[10.330392,24.35],[10.25,24.431188],[10.217521,24.45],[10.15,24.540805],[10.145455,24.55],[10.101181,24.65],[10.05,24.724713],[10.035806,24.75],[9.982946,24.85],[9.95,24.927982],[9.937879,24.95],[9.902571,25.05],[9.884483,25.15],[9.85,25.17521],[9.75,25.236792],[9.728125,25.25],[9.65,25.308824],[9.55,25.336441],[9.514444,25.35],[9.45,25.408],[9.407143,25.45],[9.35,25.482558],[9.25,25.511856],[9.183929,25.55],[9.15,25.571348],[9.05,25.59661],[8.95,25.61443],[8.853636,25.65],[8.85,25.653922],[8.846078,25.65],[8.75,25.615],[8.65,25.610694],[8.55,25.616495],[8.45,25.614865],[8.434942,25.65],[8.45,25.662581],[8.55,25.693046],[8.578383,25.75],[8.621937,25.85],[8.65,25.886788],[8.703982,25.95],[8.710135,26.05],[8.65,26.116418],[8.55,26.139011],[8.45,26.131905],[8.35,26.081481],[8.25,26.095985],[8.175,26.05],[8.15,26.041139],[8.134091,26.05],[8.05,26.11],[7.993077,26.15],[7.95,26.175112],[7.85,26.204717],[7.75,26.239091],[7.738312,26.25],[7.65,26.336076],[7.553546,26.25],[7.576217,26.15],[7.55,26.077083],[7.45,26.071834],[7.35,26.060952],[7.25,26.088854],[7.180935,26.15],[7.160828,26.25],[7.15,26.256115],[7.131522,26.25],[7.127835,26.15],[7.087324,26.05],[7.05,26.026444],[7.003097,26.05],[6.95,26.071739],[6.85,26.059744],[6.75,26.054979],[6.65,26.076277],[6.620248,26.05],[6.560526,25.95],[6.55,25.948734],[6.547938,25.95],[6.45,26.007576],[6.404248,26.05],[6.35,26.094385],[6.25,26.124797],[6.193636,26.15],[6.15,26.169835],[6.092262,26.25],[6.05,26.304615],[5.95,26.340047],[5.926136,26.35],[5.85,26.381019],[5.75,26.420588],[5.65,26.404717],[5.55,26.397191],[5.45,26.427778]],[[4.65,26.171569],[4.635714,26.15],[4.65,26.133744],[4.674444,26.15],[4.65,26.171569]],[[8.95,26.067241],[8.910938,26.05],[8.88956,25.95],[8.95,25.86791],[8.969835,25.85],[9.05,25.8053],[9.083564,25.85],[9.096479,25.95],[9.05,26.036087],[9.010976,26.05],[8.95,26.067241]],[[9.15,26.053061],[9.134211,26.05],[9.15,26.047436],[9.151376,26.05],[9.15,26.053061]],[[4.75,26.033838],[4.667,25.95],[4.65,25.935774],[4.56048,25.85],[4.55,25.842131],[4.45,25.787198],[4.410104,25.75],[4.35,25.665942],[4.342334,25.65],[4.259783,25.55],[4.25,25.544767],[4.15,25.487449],[4.05,25.461382],[4.040667,25.45],[4.05,25.372222],[4.05625,25.35],[4.15,25.276829],[4.19,25.25],[4.25,25.192105],[4.35,25.15431],[4.45,25.196835],[4.506,25.25],[4.55,25.326744],[4.65,25.300365],[4.698921,25.35],[4.730841,25.45],[4.75,25.464041],[4.837153,25.55],[4.85,25.575342],[4.888652,25.65],[4.895213,25.75],[4.876667,25.85],[4.877324,25.95],[4.85,26.0276],[4.75,26.033838]],[[8.05,25.995854],[8.000265,25.95],[8.05,25.903695],[8.080323,25.95],[8.05,25.995854]],[[6.85,25.904667],[6.76087,25.85],[6.85,25.821918],[6.95,25.845495],[6.952632,25.85],[6.95,25.856667],[6.85,25.904667]],[[7.05,25.750538],[7.049065,25.75],[7.05,25.748851],[7.0525,25.75],[7.05,25.750538]],[[7.95,25.772535],[7.932888,25.75],[7.95,25.733673],[7.959581,25.75],[7.95,25.772535]],[[11.45,25.580837],[11.422,25.55],[11.42109,25.45],[11.45,25.389604],[11.535915,25.45],[11.55,25.540909],[11.551613,25.55],[11.55,25.551316],[11.45,25.580837]],[[10.45,25.132609],[10.389683,25.05],[10.35,25.008333],[10.339198,24.95],[10.307895,24.85],[10.305728,24.75],[10.29759,24.65],[10.35,24.582819],[10.45,24.579358],[10.538506,24.65],[10.55,24.721429],[10.552721,24.75],[10.55,24.757407],[10.477536,24.85],[10.48494,24.95],[10.505882,25.05],[10.45,25.132609]],[[11.45,24.977647],[11.418874,24.95],[11.45,24.9265],[11.535455,24.95],[11.45,24.977647]],[[11.55,24.590659],[11.482727,24.55],[11.45,24.485714],[11.446364,24.45],[11.413926,24.35],[11.45,24.302113],[11.549329,24.25],[11.517333,24.15],[11.505114,24.05],[11.55,23.991697],[11.607071,23.95],[11.65,23.890559],[11.69,23.85],[11.75,23.757447],[11.775,23.75],[11.831852,23.65],[11.85,23.62897],[11.946335,23.55],[11.95,23.546552],[11.967073,23.55],[11.962121,23.65],[11.95,23.67],[11.906757,23.75],[11.863462,23.85],[11.851887,23.95],[11.85,23.955],[11.806818,24.05],[11.77439,24.15],[11.75,24.208824],[11.7325,24.25],[11.693243,24.35],[11.652857,24.45],[11.65,24.454348],[11.612712,24.55],[11.55,24.590659]],[[10.55,24.4625],[10.548592,24.45],[10.55,24.41],[10.55625,24.45],[10.55,24.4625]],[[10.75,23.777273],[10.692308,23.75],[10.75,23.661765],[10.761278,23.75],[10.75,23.777273]],[[25.95,23.754615],[25.944231,23.75],[25.95,23.716667],[25.971429,23.75],[25.95,23.754615]],[[26.05,23.671429],[26.016667,23.65],[25.95,23.626923],[25.85,23.576667],[25.839091,23.55],[25.819492,23.45],[25.838442,23.35],[25.85,23.337222],[25.941813,23.25],[25.926871,23.15],[25.95,23.121667],[25.989535,23.15],[26.05,23.221233],[26.15,23.247778],[26.151887,23.25],[26.184091,23.35],[26.232609,23.45],[26.25,23.494444],[26.263889,23.55],[26.295714,23.65],[26.25,23.689024],[26.15,23.691558],[26.05,23.671429]],[[4.85,23.162871],[4.840226,23.15],[4.85,23.124],[4.878889,23.15],[4.85,23.162871]],[[11.55,23.163514],[11.534375,23.15],[11.53427,23.05],[11.55,23.035859],[11.579787,23.05],[11.568519,23.15],[11.55,23.163514]],[[15.35,23.038],[15.265385,22.95],[15.35,22.89359],[15.369298,22.95],[15.35,23.038]],[[19.15,22.893871],[19.1075,22.85],[19.05,22.79026],[18.95,22.757143],[18.945455,22.75],[18.906818,22.65],[18.924854,22.55],[18.95,22.486765],[18.958446,22.45],[18.95,22.434472],[18.85,22.391401],[18.794444,22.35],[18.763542,22.25],[18.75,22.226786],[18.684848,22.15],[18.65,22.080303],[18.55,22.058213],[18.5375,22.05],[18.483708,21.95],[18.45,21.903846],[18.39964,21.85],[18.35,21.788393],[18.261538,21.85],[18.25,21.860976],[18.184821,21.95],[18.15,21.990625],[18.097297,21.95],[18.05,21.88],[18.027273,21.85],[17.95,21.777143],[17.917797,21.75],[17.897126,21.65],[17.85,21.580508],[17.75,21.614286],[17.740385,21.65],[17.65,21.725806],[17.639286,21.75],[17.65,21.84375],[17.650775,21.85],[17.65,21.852632],[17.55,21.908491],[17.45,21.874742],[17.36978,21.95],[17.35,21.966216],[17.25,22.01015],[17.15,22.036607],[17.05,21.983684],[17.008974,21.95],[17.011538,21.85],[16.975,21.75],[16.982168,21.65],[16.95,21.567857],[16.85,21.552381],[16.75,21.560937],[16.65,21.578261],[16.6125,21.65],[16.55,21.701887],[16.508871,21.75],[16.45,21.793452],[16.374742,21.75],[16.35,21.727778],[16.336667,21.75],[16.269149,21.85],[16.25,21.882727],[16.15,21.937143],[16.122727,21.95],[16.05,22.035714],[16.028378,22.05],[15.95,22.15],[15.85,22.182836],[15.802174,22.15],[15.85,22.113934],[15.907353,22.05],[15.95,21.995283],[15.983333,21.95],[16.028313,21.85],[16.05,21.771739],[16.053049,21.75],[16.096626,21.65],[16.118382,21.55],[16.12069,21.45],[16.138298,21.35],[16.127778,21.25],[16.15,21.211798],[16.175229,21.15],[16.204924,21.05],[16.240094,20.95],[16.25,20.931897],[16.280449,20.85],[16.309167,20.75],[16.35,20.652],[16.354444,20.65],[16.35,20.647561],[16.315368,20.55],[16.35,20.512791],[16.407143,20.55],[16.45,20.608252],[16.522289,20.55],[16.55,20.538557],[16.596,20.55],[16.65,20.561894],[16.75,20.569512],[16.85,20.582609],[16.916667,20.55],[16.95,20.504545],[16.987113,20.45],[16.998936,20.35],[17.05,20.289496],[17.15,20.264151],[17.168405,20.25],[17.196667,20.15],[17.25,20.095098],[17.35,20.063115],[17.45,20.135526],[17.503942,20.05],[17.485,19.95],[17.468333,19.85],[17.55,19.768333],[17.623333,19.75],[17.65,19.74403],[17.653125,19.75],[17.711538,19.85],[17.75,19.857722],[17.805556,19.85],[17.85,19.843962],[17.856557,19.85],[17.85,19.859756],[17.811757,19.95],[17.75,20.029667],[17.731288,20.05],[17.70035,20.15],[17.717227,20.25],[17.75,20.284821],[17.85,20.319333],[17.898936,20.35],[17.95,20.427419],[18.05,20.421681],[18.086818,20.35],[18.130488,20.25],[18.15,20.197826],[18.155057,20.15],[18.156275,20.05],[18.200286,19.95],[18.201351,19.85],[18.244492,19.75],[18.25,19.743299],[18.33619,19.65],[18.35,19.638973],[18.45,19.590828],[18.55,19.573372],[18.65,19.584973],[18.731507,19.65],[18.75,19.667763],[18.82764,19.75],[18.85,19.825],[18.862,19.85],[18.902885,19.95],[18.95,20.035217],[18.957296,20.05],[19.006604,20.15],[19.02381,20.25],[18.95,20.342814],[18.85,20.348507],[18.841379,20.35],[18.85,20.354717],[18.95,20.359449],[19.011828,20.45],[19.05,20.512281],[19.079861,20.55],[19.112312,20.65],[19.146629,20.75],[19.15,20.7525],[19.209091,20.85],[19.172222,20.95],[19.167188,21.05],[19.15,21.066176],[19.076667,21.05],[19.05,21.044937],[19.038235,21.05],[18.95,21.15],[18.99966,21.25],[19.019681,21.35],[19.049281,21.45],[19.05,21.451124],[19.090553,21.55],[19.123741,21.65],[19.15,21.700345],[19.201799,21.75],[19.25,21.780045],[19.344545,21.85],[19.35,21.854787],[19.411301,21.95],[19.426364,22.05],[19.407576,22.15],[19.405024,22.25],[19.417391,22.35],[19.408678,22.45],[19.420485,22.55],[19.433645,22.65],[19.45,22.679915],[19.487104,22.75],[19.49964,22.85],[19.45,22.888983],[19.403061,22.85],[19.35,22.771212],[19.25,22.818531],[19.210177,22.85],[19.15,22.893871]],[[11.75,22.804167],[11.702727,22.75],[11.75,22.72234],[11.784667,22.75],[11.75,22.804167]],[[15.35,22.795161],[15.32971,22.75],[15.35,22.722],[15.36157,22.75],[15.35,22.795161]],[[12.25,22.702174],[12.240323,22.65],[12.25,22.642208],[12.284286,22.65],[12.25,22.702174]],[[15.55,22.458955],[15.538462,22.45],[15.55,22.441549],[15.555042,22.45],[15.55,22.458955]],[[15.75,22.252381],[15.744595,22.25],[15.75,22.242308],[15.754255,22.25],[15.75,22.252381]],[[35.45,22.089831],[35.405024,22.05],[35.370574,21.95],[35.357407,21.85],[35.45,21.839362],[35.464045,21.85],[35.488876,21.95],[35.497475,22.05],[35.45,22.089831]],[[25.05,21.983333],[24.982124,21.95],[25.05,21.915526],[25.086389,21.95],[25.05,21.983333]],[[36.45,21.959007],[36.435556,21.95],[36.404789,21.85],[36.45,21.818194],[36.530822,21.85],[36.458298,21.95],[36.45,21.959007]],[[36.85,20.857253],[36.837823,20.85],[36.799216,20.75],[36.85,20.719434],[36.874658,20.75],[36.856408,20.85],[36.85,20.857253]],[[36.65,20.401042],[36.598825,20.35],[36.619912,20.25],[36.55,20.198026],[36.525667,20.15],[36.55,20.126527],[36.62449,20.15],[36.65,20.192373],[36.673129,20.25],[36.709939,20.35],[36.65,20.401042]],[[17.95,20.25],[17.95,20.25],[17.95,20.25],[17.95,20.25],[17.95,20.25]],[[8.55,20.213975],[8.507959,20.15],[8.471223,20.05],[8.476286,19.95],[8.55,19.894635],[8.611538,19.85],[8.65,19.810606],[8.75,19.842857],[8.753371,19.85],[8.792754,19.95],[8.784579,20.05],[8.765957,20.15],[8.75,20.166304],[8.65,20.241606],[8.55,20.213975]],[[8.65,19.314507],[8.588606,19.25],[8.55,19.209207],[8.507084,19.15],[8.528364,19.05],[8.55,19.009804],[8.585673,18.95],[8.646137,18.85],[8.65,18.837671],[8.75,18.765439],[8.85,18.783333],[8.95,18.825714],[9.05,18.764943],[9.15,18.813258],[9.179394,18.85],[9.220717,18.95],[9.186824,19.05],[9.15,19.082831],[9.051802,19.05],[9.05,19.049424],[8.95,19.018182],[8.925921,19.05],[8.946931,19.15],[8.913524,19.25],[8.85,19.310664],[8.75,19.347892],[8.65,19.314507]],[[36.45,19.280556],[36.429439,19.25],[36.45,19.215079],[36.462088,19.25],[36.45,19.280556]],[[36.35,19.082743],[36.32218,19.05],[36.35,19.031863],[36.382456,19.05],[36.35,19.082743]],[[36.65,18.972222],[36.624026,18.95],[36.624,18.85],[36.65,18.8],[36.677083,18.85],[36.75,18.935366],[36.753509,18.95],[36.75,18.978571],[36.65,18.972222]],[[9.45,18.867045],[9.417742,18.85],[9.384783,18.75],[9.35,18.716667],[9.284247,18.65],[9.35,18.617123],[9.45,18.612136],[9.545522,18.55],[9.55,18.546809],[9.553488,18.55],[9.561382,18.65],[9.55,18.663208],[9.482847,18.75],[9.466129,18.85],[9.45,18.867045]],[[36.55,18.79127],[36.521429,18.75],[36.55,18.733333],[36.616667,18.75],[36.55,18.79127]],[[37.05,18.781429],[36.968519,18.75],[36.97562,18.65],[37.015,18.55],[37.026744,18.45],[36.993925,18.35],[36.95,18.301042],[36.916207,18.25],[36.85,18.15],[36.85,18.15],[36.821037,18.05],[36.85,17.991358],[36.95,17.980662],[37.05,18.034043],[37.059474,18.05],[37.076615,18.15],[37.086134,18.25],[37.15,18.346203],[37.151685,18.35],[37.15,18.375],[37.092553,18.45],[37.053553,18.55],[37.15,18.643137],[37.152276,18.65],[37.15,18.662844],[37.090994,18.75],[37.05,18.781429]],[[8.75,18.711404],[8.720213,18.65],[8.75,18.619163],[8.792424,18.65],[8.75,18.711404]],[[9.15,18.575926],[9.103947,18.55],[9.15,18.491667],[9.172152,18.55],[9.15,18.575926]],[[8.85,18.506098],[8.795424,18.45],[8.795366,18.35],[8.75,18.285862],[8.67,18.25],[8.65,18.240226],[8.612733,18.15],[8.65,18.09958],[8.71114,18.05],[8.6625,17.95],[8.65,17.939316],[8.55,17.877841],[8.487975,17.85],[8.45,17.807746],[8.423548,17.75],[8.45,17.669608],[8.456897,17.65],[8.55,17.595122],[8.65,17.568158],[8.75,17.562801],[8.85,17.645489],[8.855263,17.65],[8.930415,17.75],[8.95,17.828571],[8.977692,17.85],[9.024118,17.95],[9.007246,18.05],[8.953448,18.15],[8.977778,18.25],[9.05,18.319643],[9.094737,18.35],[9.05,18.379825],[8.97,18.45],[8.95,18.458621],[8.85,18.506098]],[[37.95,17.796887],[37.887887,17.75],[37.85,17.679327],[37.839884,17.65],[37.85,17.633424],[37.907491,17.55],[37.931081,17.45],[37.873753,17.35],[37.860385,17.25],[37.95,17.158547],[37.99386,17.15],[38.05,17.133548],[38.079767,17.15],[38.145171,17.25],[38.15,17.291892],[38.15572,17.25],[38.200166,17.15],[38.242949,17.05],[38.217692,16.95],[38.15,16.893348],[38.118536,16.85],[38.05,16.75],[38.05,16.75],[38.05,16.75],[38.08743,16.65],[38.15,16.56284],[38.199254,16.55],[38.207958,16.45],[38.15,16.417617],[38.086093,16.45],[38.05,16.504229],[38.012414,16.45],[37.960379,16.35],[37.95,16.340909],[37.916667,16.35],[37.85,16.438136],[37.796154,16.45],[37.75,16.458392],[37.745522,16.45],[37.75,16.434416],[37.788462,16.35],[37.812931,16.25],[37.772727,16.15],[37.85,16.073226],[37.889273,16.05],[37.95,15.970476],[37.958206,15.95],[37.95,15.928173],[37.910914,15.85],[37.95,15.764917],[37.982143,15.75],[38.05,15.73],[38.078643,15.75],[38.15,15.785949],[38.24726,15.75],[38.25,15.747203],[38.35,15.66811],[38.360337,15.65],[38.435787,15.55],[38.45,15.519565],[38.468338,15.45],[38.467354,15.35],[38.45,15.277273],[38.426,15.25],[38.35,15.186667],[38.282927,15.15],[38.25,15.142742],[38.15,15.14902],[38.147059,15.15],[38.05,15.197143],[37.968852,15.15],[37.95,15.078125],[37.934868,15.15],[37.85,15.195745],[37.75,15.233333],[37.65,15.171901],[37.608594,15.15],[37.55,15.071875],[37.528788,15.05],[37.55,15.018657],[37.65,15.047479],[37.660345,15.05],[37.75,15.062621],[37.85,15.066774],[37.924286,15.05],[37.95,15.02],[37.975301,14.95],[37.95,14.913793],[37.894776,14.85],[37.85,14.8],[37.75,14.807333],[37.65,14.770879],[37.629787,14.75],[37.55,14.695652],[37.467105,14.65],[37.482653,14.55],[37.55,14.492105],[37.65,14.488462],[37.683333,14.45],[37.65,14.442958],[37.55,14.417123],[37.50463,14.35],[37.55,14.30463],[37.61413,14.25],[37.65,14.204167],[37.75,14.226364],[37.835714,14.15],[37.820149,14.05],[37.824444,13.95],[37.85,13.896512],[37.870833,13.85],[37.85,13.823333],[37.785294,13.75],[37.768079,13.65],[37.75,13.614835],[37.65,13.632258],[37.631034,13.65],[37.55,13.726216],[37.54009,13.75],[37.45,13.84434],[37.444189,13.85],[37.440374,13.95],[37.441968,14.05],[37.427957,14.15],[37.35,14.238957],[37.272043,14.15],[37.252966,14.05],[37.25,14.046316],[37.15,14.040274],[37.05,14.04097],[36.952509,13.95],[37.004626,13.85],[37.05,13.8],[37.106593,13.75],[37.060617,13.65],[37.15,13.566009],[37.176136,13.55],[37.15,13.506051],[37.05,13.496835],[37.001475,13.45],[37.05,13.383632],[37.070776,13.35],[37.15,13.275131],[37.240566,13.25],[37.15,13.205556],[37.079412,13.15],[37.05,13.089759],[37.013736,13.05],[36.95,13.019474],[36.85,13.015169],[36.75,13.024295],[36.712727,13.05],[36.65,13.10188],[36.55,13.052353],[36.543443,13.05],[36.55,13.04604],[36.606725,12.95],[36.65,12.897887],[36.745775,12.85],[36.691892,12.75],[36.65,12.694643],[36.62006,12.65],[36.65,12.579577],[36.730769,12.55],[36.694304,12.45],[36.69,12.35],[36.65,12.291772],[36.6125,12.25],[36.55,12.224771],[36.45,12.171],[36.422945,12.25],[36.35,12.301699],[36.288006,12.35],[36.25,12.390532],[36.15,12.364527],[36.131702,12.35],[36.06,12.25],[36.05,12.20122],[36.039604,12.15],[36.05,12.142473],[36.15,12.083005],[36.25,12.063415],[36.35,12.084049],[36.45,12.12],[36.468491,12.05],[36.55,11.950461],[36.550331,11.95],[36.55,11.94881],[36.505135,11.85],[36.485349,11.75],[36.45,11.662644],[36.433333,11.65],[36.35,11.612838],[36.282927,11.65],[36.28743,11.75],[36.284468,11.85],[36.25,11.889512],[36.15,11.85989],[36.146327,11.85],[36.15,11.802632],[36.162987,11.75],[36.199057,11.65],[36.15,11.631295],[36.05,11.634615],[36.012069,11.55],[35.95,11.529468],[35.881475,11.45],[35.85,11.388854],[35.818878,11.35],[35.85,11.313473],[35.907609,11.25],[35.95,11.209585],[36.05,11.203285],[36.114602,11.15],[36.15,11.054762],[36.153774,11.05],[36.15,11.048077],[36.08625,10.95],[36.05,10.902066],[35.978409,10.85],[35.95,10.828814],[35.85,10.817123],[35.831538,10.85],[35.85,10.885821],[35.879861,10.95],[35.85,10.996237],[35.788571,10.95],[35.75,10.929699],[35.677891,10.85],[35.65,10.844562],[35.636379,10.85],[35.55,10.908559],[35.476346,10.85],[35.475667,10.75],[35.466412,10.65],[35.45,10.595912],[35.406548,10.55],[35.45,10.464118],[35.485294,10.45],[35.55,10.435333],[35.602893,10.35],[35.633417,10.25],[35.65,10.210241],[35.691667,10.15],[35.75,10.116667],[35.85,10.077224],[35.930838,10.15],[35.95,10.19183],[36.05,10.160687],[36.081111,10.15],[36.05,10.115289],[35.96413,10.05],[35.95,10.02451],[35.85,9.954717],[35.845536,9.95],[35.85,9.947487],[35.95,9.921642],[35.987354,9.85],[36.016393,9.75],[35.95,9.678947],[35.915086,9.75],[35.85,9.793768],[35.786017,9.75],[35.760563,9.65],[35.75,9.645751],[35.747297,9.65],[35.671296,9.75],[35.65,9.8],[35.6,9.85],[35.55,9.884848],[35.522941,9.85],[35.45,9.833198],[35.438748,9.85],[35.382174,9.95],[35.35,9.975965],[35.250939,10.05],[35.25,10.051504],[35.196311,10.15],[35.172022,10.25],[35.15,10.309223],[35.106429,10.25],[35.05,10.206354],[34.980702,10.25],[34.95,10.269231],[34.859259,10.35],[34.85,10.363043],[34.75,10.446825],[34.743814,10.45],[34.662778,10.55],[34.651515,10.65],[34.65,10.651899],[34.55,10.691333],[34.45,10.658475],[34.445556,10.65],[34.428512,10.55],[34.430563,10.45],[34.413596,10.35],[34.400685,10.25],[34.417273,10.15],[34.45,10.12],[34.470555,10.05],[34.45,9.99728],[34.424201,9.95],[34.45,9.914353],[34.480909,9.85],[34.45,9.763191],[34.420755,9.75],[34.35,9.677885],[34.331761,9.65],[34.25,9.609119],[34.15,9.612899],[34.05,9.581206],[34.035185,9.55],[34.05,9.525419],[34.106723,9.45],[34.15,9.41623],[34.243953,9.35],[34.25,9.344737],[34.35,9.251311],[34.351166,9.25],[34.3612,9.15],[34.35,9.132857],[34.25,9.12225],[34.15,9.085756],[34.115067,9.05],[34.15,9.008161],[34.25,9.00231],[34.35,8.996011],[34.390515,8.95],[34.45,8.889089],[34.496974,8.85],[34.513992,8.75],[34.481711,8.65],[34.483062,8.55],[34.549229,8.45],[34.55,8.449329],[34.65,8.386116],[34.746135,8.35],[34.75,8.347895],[34.85,8.298736],[34.95,8.338439],[34.995946,8.25],[34.95,8.154375],[34.947983,8.15],[34.8896,8.05],[34.882619,7.95],[34.864086,7.85],[34.900413,7.75],[34.95,7.665493],[34.976087,7.65],[35.05,7.561374],[35.081169,7.55],[35.15,7.495361],[35.17037,7.45],[35.158276,7.35],[35.177027,7.25],[35.25,7.18274],[35.302273,7.15],[35.25,7.067117],[35.242803,7.05],[35.25,7.023973],[35.325,6.95],[35.25,6.897059],[35.15,6.907184],[35.119278,6.95],[35.05,7.01747],[34.95,7.035495],[34.853839,6.95],[34.905357,6.85],[34.91004,6.75],[34.95,6.711714],[35.010223,6.65],[35.05,6.612324],[35.15,6.616828],[35.216505,6.65],[35.25,6.693949],[35.35,6.709903],[35.369345,6.65],[35.37427,6.55],[35.45,6.462278],[35.47163,6.45],[35.469928,6.35],[35.45,6.333582],[35.35,6.272],[35.25,6.322812],[35.15,6.278772],[35.102601,6.25],[35.05,6.192405],[34.999624,6.15],[34.95,6.068519],[34.85,6.056452],[34.845385,6.05],[34.85,6.046078],[34.946711,5.95],[34.95,5.94],[35.05,5.881646],[35.074752,5.85],[35.105882,5.75],[35.05,5.661628],[34.978571,5.65],[35.05,5.645885],[35.15,5.612914],[35.209006,5.55],[35.25,5.495],[35.35,5.455344],[35.379808,5.55],[35.387615,5.65],[35.362634,5.75],[35.35,5.781757],[35.322554,5.85],[35.323684,5.95],[35.35,5.965801],[35.45,6.000568],[35.495641,5.95],[35.55,5.920556],[35.600476,5.95],[35.65,5.998148],[35.707436,6.05],[35.75,6.070293],[35.790148,6.15],[35.78438,6.25],[35.85,6.345674],[35.853935,6.35],[35.95,6.441814],[35.957371,6.45],[35.969714,6.55],[36.012452,6.65],[36.040392,6.75],[36.05,6.830851],[36.15,6.774951],[36.25,6.759091],[36.35,6.813668],[36.424468,6.85],[36.45,6.856394],[36.470809,6.85],[36.502209,6.75],[36.45,6.731402],[36.35,6.703535],[36.25,6.742126],[36.221739,6.65],[36.209153,6.55],[36.25,6.495455],[36.35,6.517797],[36.45,6.546891],[36.479495,6.45],[36.45,6.354592],[36.35,6.382584],[36.320332,6.35],[36.25,6.28649],[36.220902,6.25],[36.25,6.15814],[36.35,6.162127],[36.414698,6.25],[36.45,6.346617],[36.520604,6.25],[36.517883,6.15],[36.472975,6.05],[36.45,5.971488],[36.437317,5.95],[36.392387,5.85],[36.45,5.797566],[36.474423,5.75],[36.493613,5.65],[36.505185,5.55],[36.483136,5.45],[36.463443,5.35],[36.45,5.3],[36.435563,5.25],[36.417559,5.15],[36.45,5.073016],[36.505769,5.05],[36.55,5.002083],[36.560331,4.95],[36.58956,4.85],[36.65,4.781677],[36.677027,4.85],[36.690037,4.95],[36.749628,5.05],[36.75,5.050147],[36.832582,5.15],[36.85,5.182798],[36.890303,5.25],[36.874361,5.35],[36.85,5.37844],[36.797899,5.35],[36.75,5.322397],[36.726639,5.35],[36.748133,5.45],[36.75,5.452047],[36.8003,5.55],[36.833896,5.65],[36.85,5.6625],[36.95,5.733857],[36.967822,5.75],[37.05,5.833838],[37.15,5.771429],[37.171296,5.75],[37.15,5.703061],[37.12492,5.65],[37.088261,5.55],[37.094293,5.45],[37.15,5.367671],[37.160891,5.35],[37.20976,5.25],[37.15,5.175188],[37.136242,5.15],[37.074535,5.05],[37.05,4.993103],[37.040672,4.95],[37.05,4.921264],[37.071343,4.85],[37.075378,4.75],[37.05,4.708621],[37.030775,4.65],[37.007215,4.55],[37.001724,4.45],[36.989153,4.35],[37.05,4.264815],[37.129585,4.35],[37.15,4.389073],[37.206098,4.45],[37.229803,4.55],[37.25,4.643182],[37.345349,4.55],[37.35,4.545122],[37.45,4.456383],[37.511111,4.55],[37.55,4.621795],[37.584146,4.55],[37.65,4.461475],[37.655983,4.45],[37.696914,4.35],[37.75,4.268868],[37.761111,4.25],[37.75,4.212963],[37.738514,4.15],[37.75,4.140341],[37.770988,4.15],[37.85,4.194444],[37.95,4.153244],[37.952819,4.15],[37.999442,4.05],[38.05,4.005116],[38.15,3.958978],[38.162554,3.95],[38.25,3.865833],[38.268225,3.85],[38.35,3.778361],[38.384615,3.75],[38.45,3.692438],[38.523152,3.65],[38.55,3.631402],[38.611062,3.65],[38.65,3.662394],[38.679139,3.65],[38.75,3.623645],[38.85,3.5868],[38.95,3.57377],[38.997934,3.55],[39.05,3.520698],[39.15,3.534615],[39.25,3.516782],[39.35,3.532836],[39.45,3.490845],[39.521186,3.55],[39.524324,3.65],[39.460526,3.75],[39.466092,3.85],[39.530165,3.95],[39.55,3.967143],[39.649145,4.05],[39.600526,4.15],[39.566393,4.25],[39.55,4.321429],[39.538235,4.35],[39.55,4.358696],[39.65,4.363223],[39.705172,4.35],[39.75,4.332895],[39.85,4.271429],[39.882927,4.25],[39.95,4.202991],[40.018889,4.15],[40.05,4.130282],[40.15,4.096667],[40.222917,4.05],[40.25,4.032667],[40.286111,4.05],[40.257895,4.15],[40.35,4.224468],[40.385294,4.25],[40.380435,4.35],[40.434091,4.45],[40.424194,4.55],[40.45,4.62619],[40.451706,4.65],[40.45,4.651866],[40.35,4.698571],[40.294898,4.75],[40.25,4.772449],[40.207692,4.75],[40.15,4.715318],[40.05,4.711013],[39.95,4.680769],[39.85,4.664159],[39.821429,4.65],[39.75,4.618127],[39.65,4.558814],[39.573529,4.55],[39.55,4.534],[39.522414,4.55],[39.45,4.564286],[39.35,4.630556],[39.25,4.648291],[39.15,4.623832],[39.114557,4.65],[39.1125,4.75],[39.10473,4.85],[39.05,4.924312],[39.041139,4.95],[39.022109,5.05],[39.05,5.116667],[39.086607,5.15],[39.138532,5.25],[39.15,5.263514],[39.165625,5.25],[39.196104,5.15],[39.25,5.080833],[39.300685,5.05],[39.35,5.020732],[39.45,5.019903],[39.542308,4.95],[39.55,4.903846],[39.552966,4.85],[39.622414,4.75],[39.65,4.732769],[39.674348,4.75],[39.75,4.793284],[39.85,4.796411],[39.95,4.788389],[40.05,4.812097],[40.081438,4.85],[40.146591,4.95],[40.15,4.951911],[40.25,5.013333],[40.35,4.989837],[40.400515,4.95],[40.45,4.921765],[40.532993,4.85],[40.55,4.836486],[40.619444,4.85],[40.65,4.861957],[40.665493,4.85],[40.75,4.811538],[40.85,4.801613],[40.861278,4.85],[40.95,4.941473],[40.978947,4.95],[40.95,4.965278],[40.85,5.008065],[40.822917,5.05],[40.85,5.145122],[40.85113,5.15],[40.943416,5.25],[40.95,5.264159],[40.99949,5.35],[40.951639,5.45],[40.95,5.452083],[40.85,5.482444],[40.788655,5.45],[40.75,5.426289],[40.65,5.376437],[40.622289,5.35],[40.55,5.276829],[40.45,5.27616],[40.35,5.27716],[40.25,5.289801],[40.15,5.332439],[40.113636,5.35],[40.15,5.370455],[40.25,5.406808],[40.3236,5.45],[40.35,5.461828],[40.45,5.463731],[40.55,5.536721],[40.563172,5.55],[40.586134,5.65],[40.65,5.677046],[40.723477,5.75],[40.65,5.79476],[40.55,5.785516],[40.45,5.812183],[40.35,5.838571],[40.25,5.82987],[40.169481,5.85],[40.25,5.89106],[40.3212,5.95],[40.272165,6.05],[40.25,6.079252],[40.19023,6.15],[40.15,6.240909],[40.143204,6.25],[40.15,6.2625],[40.195794,6.35],[40.242593,6.45],[40.25,6.466216],[40.333784,6.55],[40.35,6.558955],[40.353141,6.55],[40.381288,6.45],[40.374528,6.35],[40.35,6.264754],[40.33125,6.25],[40.35,6.236957],[40.405556,6.15],[40.45,6.11],[40.475899,6.05],[40.549119,5.95],[40.55,5.949225],[40.65,5.945833],[40.75,5.947245],[40.755319,5.95],[40.75,5.964925],[40.717978,6.05],[40.702736,6.15],[40.75,6.234071],[40.780508,6.25],[40.85,6.298235],[40.919492,6.25],[40.892857,6.15],[40.95,6.086585],[41.017097,6.15],[40.971687,6.25],[41.05,6.317708],[41.081633,6.35],[41.077103,6.45],[41.092188,6.55],[41.104217,6.65],[41.15,6.702778],[41.25,6.726712],[41.35,6.699573],[41.443548,6.65],[41.45,6.647279],[41.455405,6.65],[41.538679,6.75],[41.55,6.765451],[41.65,6.824275],[41.666397,6.85],[41.65,6.870944],[41.55,6.902815],[41.45,6.87349],[41.35,6.925188],[41.299231,6.95],[41.269,7.05],[41.35,7.13617],[41.363684,7.15],[41.411682,7.25],[41.443827,7.35],[41.45,7.3625],[41.49321,7.45],[41.538889,7.55],[41.55,7.553289],[41.6125,7.55],[41.65,7.546739],[41.6875,7.55],[41.65,7.558333],[41.631667,7.65],[41.614609,7.75],[41.65,7.812774],[41.724783,7.75],[41.75,7.732209],[41.85,7.705914],[41.893617,7.75],[41.942143,7.85],[41.907143,7.95],[41.95,8.045833],[41.952609,8.05],[42.005906,8.15],[42.05,8.205446],[42.15,8.206522],[42.158333,8.15],[42.187097,8.05],[42.230451,7.95],[42.25,7.9],[42.346296,7.95],[42.35,7.951667],[42.45,7.993421],[42.55,7.991121],[42.60122,8.05],[42.612424,8.15],[42.65,8.245385],[42.75,8.248507],[42.783673,8.15],[42.826429,8.05],[42.85,8.010241],[42.95,7.960227],[43.025,7.95],[43.021429,7.85],[43.05,7.816667],[43.15,7.757143],[43.153175,7.75],[43.17069,7.65],[43.186765,7.55],[43.248039,7.45],[43.25,7.448969],[43.35,7.39878],[43.45,7.370513],[43.49,7.35],[43.55,7.334],[43.65,7.326923],[43.686364,7.35],[43.663834,7.45],[43.65,7.484653],[43.568519,7.55],[43.55,7.570833],[43.45,7.643846],[43.445,7.65],[43.418,7.75],[43.406923,7.85],[43.35,7.927083],[43.333824,7.95],[43.286471,8.05],[43.25,8.141176],[43.247581,8.15],[43.25,8.156522],[43.267647,8.15],[43.35,8.129412],[43.45,8.113218],[43.548214,8.05],[43.55,8.048864],[43.65,8.036207],[43.686364,8.05],[43.75,8.063861],[43.781111,8.05],[43.85,8.021028],[43.95,7.983962],[44.019231,7.95],[44.05,7.928378],[44.15,7.904118],[44.230702,7.85],[44.25,7.827083],[44.35,7.810714],[44.403659,7.85],[44.372222,7.95],[44.377869,8.05],[44.406897,8.15],[44.377536,8.25],[44.407143,8.35],[44.45,8.358219],[44.55,8.359524],[44.65,8.379167],[44.75,8.432353],[44.766216,8.45],[44.818966,8.55],[44.85,8.57093],[44.95,8.604054],[45.015385,8.65],[45.05,8.75],[45.013265,8.85],[44.955556,8.95],[44.95,8.960345],[44.89902,9.05],[44.85,9.128125],[44.819565,9.15],[44.76,9.25],[44.85,9.295],[44.95,9.31],[45.05,9.325926],[45.15,9.329245],[45.25,9.280909],[45.291463,9.25],[45.35,9.217568],[45.45,9.157692],[45.459434,9.15],[45.55,9.059434],[45.560638,9.05],[45.65,8.990845],[45.75,8.981667],[45.847619,9.05],[45.759231,9.15],[45.75,9.163043],[45.688462,9.25],[45.65,9.3],[45.610938,9.35],[45.613158,9.45],[45.638889,9.55],[45.65,9.563889],[45.718889,9.65],[45.75,9.666092],[45.85,9.684868],[45.912658,9.75],[45.95,9.802679],[46.05,9.81],[46.15,9.811905],[46.25,9.781707],[46.35,9.7828],[46.386607,9.75],[46.45,9.655333],[46.45625,9.65],[46.55,9.625207],[46.595802,9.65],[46.638542,9.75],[46.601163,9.85],[46.55,9.861765],[46.471429,9.95],[46.45,9.96495],[46.35,9.972981],[46.25,9.977609],[46.15,10.047122],[46.05,10.037898],[45.986697,9.95],[45.95,9.88985],[45.85,9.912692],[45.757619,9.95],[45.75,9.951822],[45.65,9.99973],[45.57619,10.05],[45.55,10.063306],[45.45,10.078249],[45.39709,10.05],[45.35,10.015835],[45.25,10.005276],[45.15,10.01507],[45.05,10.042154],[44.95,10.028268],[44.86492,9.95],[44.85,9.934387],[44.75,9.913274],[44.65,9.897578],[44.55,9.859202],[44.515909,9.85],[44.45,9.83129],[44.35,9.797525],[44.25,9.830851],[44.235714,9.85],[44.25,9.95],[44.15,9.997154],[44.05,10.002113],[43.97449,9.95],[43.95,9.891463],[43.85,9.925],[43.831633,9.95],[43.85,10.022973],[43.857246,10.05],[43.85,10.053534],[43.75,10.078195],[43.65,10.108824],[43.55,10.126159],[43.45,10.138439],[43.35,10.112821],[43.333978,10.15],[43.35,10.180208],[43.390854,10.25],[43.35,10.272945],[43.25,10.316476],[43.19913,10.35],[43.15,10.377901],[43.05,10.415472],[42.976506,10.45],[42.95,10.466296],[42.91413,10.45],[42.85,10.386216],[42.75,10.427778],[42.65,10.359091],[42.631395,10.35],[42.55,10.302703],[42.52451,10.25],[42.544595,10.15],[42.55,10.121429],[42.564423,10.05],[42.55,10.037179],[42.45,10.005625],[42.35,9.964634],[42.3,9.95],[42.25,9.907895],[42.217961,9.85],[42.15,9.790678],[42.05,9.752239],[42.044,9.75],[41.95,9.734068],[41.85,9.735156],[41.77963,9.75],[41.75,9.754103],[41.65,9.767871],[41.589744,9.75],[41.55,9.705714],[41.502439,9.65],[41.45,9.631304],[41.35,9.620787],[41.25,9.610403],[41.15,9.619748],[41.068627,9.55],[41.05,9.543165],[40.95,9.523793],[40.923239,9.55],[40.85,9.587956],[40.795833,9.55],[40.75,9.49359],[40.65,9.460949],[40.635849,9.45],[40.55,9.406459],[40.497085,9.35],[40.45,9.261017],[40.442262,9.25],[40.372222,9.15],[40.35,9.075581],[40.329245,9.05],[40.25,9.004839],[40.163559,8.95],[40.15,8.941623],[40.115217,8.95],[40.05,8.974194],[39.971667,9.05],[39.95,9.063131],[39.85,9.141837],[39.847765,9.15],[39.85,9.152878],[39.92563,9.25],[39.93893,9.35],[39.95,9.371429],[39.987415,9.45],[39.984259,9.55],[39.993842,9.65],[40.031724,9.75],[40.05,9.770307],[40.105914,9.85],[40.15,9.946471],[40.152105,9.95],[40.155116,10.05],[40.190625,10.15],[40.201799,10.25],[40.181892,10.35],[40.173055,10.45],[40.195638,10.55],[40.204098,10.65],[40.218508,10.75],[40.2,10.85],[40.15,10.938095],[40.148069,10.95],[40.15,10.953597],[40.208261,11.05],[40.204475,11.15],[40.179921,11.25],[40.170879,11.35],[40.15,11.381667],[40.118462,11.45],[40.05,11.50894],[40.023504,11.55],[39.978462,11.65],[39.983117,11.75],[39.971622,11.85],[39.95,11.898],[39.941419,11.95],[39.923358,12.05],[39.899784,12.15],[39.908051,12.25],[39.886923,12.35],[39.92686,12.45],[39.95,12.545455],[39.952,12.55],[40.05,12.609215],[40.071739,12.65],[40.06723,12.75],[40.083782,12.85],[40.082153,12.95],[40.05,13.008919],[40.039296,13.05],[40.023905,13.15],[40.008763,13.25],[40.05,13.349379],[40.050467,13.35],[40.05,13.350429],[39.997273,13.45],[39.996296,13.55],[39.979076,13.65],[39.95,13.700952],[39.93218,13.75],[39.95,13.822028],[39.967167,13.85],[39.967711,13.95],[39.95,14.005782],[39.941709,14.05],[39.942231,14.15],[39.932026,14.25],[39.884196,14.35],[39.85,14.408372],[39.825778,14.45],[39.808235,14.55],[39.806996,14.65],[39.793235,14.75],[39.771837,14.85],[39.75,14.8825],[39.699752,14.95],[39.65,15.012171],[39.582222,15.05],[39.55,15.069174],[39.491855,15.15],[39.45,15.191558],[39.374772,15.25],[39.35,15.291582],[39.290209,15.35],[39.25,15.373158],[39.15,15.390794],[39.077753,15.45],[39.05,15.473204],[39.003974,15.55],[38.95,15.624316],[38.93286,15.65],[38.909465,15.75],[38.892494,15.85],[38.876734,15.95],[38.85,16.001247],[38.75,16.043886],[38.698333,16.05],[38.75,16.079808],[38.768622,16.15],[38.75,16.187629],[38.693721,16.25],[38.65,16.296766],[38.626009,16.35],[38.605269,16.45],[38.591463,16.55],[38.570833,16.65],[38.621087,16.75],[38.622871,16.85],[38.589348,16.95],[38.55,17.047838],[38.547546,17.05],[38.455858,17.15],[38.45,17.155],[38.400741,17.25],[38.35,17.317822],[38.329463,17.35],[38.291017,17.45],[38.288684,17.55],[38.250442,17.65],[38.25,17.650794],[38.180812,17.75],[38.15,17.781569],[38.05,17.825455],[37.95,17.796887]],[[22.95,17.651198],[22.948473,17.65],[22.85,17.55979],[22.828788,17.55],[22.75,17.464754],[22.675714,17.55],[22.65,17.566071],[22.624286,17.55],[22.55,17.518675],[22.45,17.513793],[22.356723,17.45],[22.35,17.440698],[22.25,17.416875],[22.169697,17.45],[22.15,17.456915],[22.1175,17.45],[22.05,17.4275],[21.968421,17.35],[21.958081,17.25],[22.037597,17.15],[22.05,17.133158],[22.15,17.087714],[22.220213,17.05],[22.25,17.016265],[22.285948,16.95],[22.336029,16.85],[22.35,16.84108],[22.45,16.849123],[22.531884,16.75],[22.55,16.685897],[22.570588,16.65],[22.55,16.61],[22.529208,16.55],[22.55,16.533846],[22.65,16.46],[22.659804,16.45],[22.710645,16.35],[22.694167,16.25],[22.75,16.172093],[22.802778,16.15],[22.85,16.135714],[22.930952,16.15],[22.898529,16.25],[22.895763,16.35],[22.899206,16.45],[22.899057,16.55],[22.95,16.635714],[23.05,16.608929],[23.145833,16.65],[23.15,16.651053],[23.25,16.742754],[23.255435,16.75],[23.25,16.775],[23.228261,16.85],[23.25,16.894118],[23.278358,16.95],[23.326471,17.05],[23.35,17.085088],[23.40873,17.15],[23.45,17.199057],[23.505102,17.25],[23.55,17.325862],[23.559211,17.35],[23.55,17.408333],[23.514286,17.45],[23.45,17.471951],[23.380435,17.55],[23.35,17.595161],[23.283333,17.55],[23.25,17.53],[23.220833,17.55],[23.15,17.635],[23.126923,17.65],[23.05,17.655128],[22.95,17.651198]],[[25.85,15.877273],[25.8308,15.85],[25.75,15.787267],[25.65,15.784532],[25.55,15.75117],[25.533333,15.75],[25.45,15.726744],[25.427551,15.65],[25.400388,15.55],[25.368447,15.45],[25.35,15.419841],[25.288889,15.35],[25.25,15.33042],[25.195098,15.35],[25.15,15.369167],[25.121605,15.35],[25.123684,15.25],[25.117188,15.15],[25.15,15.09],[25.16573,15.05],[25.15,15.030282],[25.070833,14.95],[25.05,14.930263],[24.982967,14.85],[24.95,14.75625],[24.927778,14.75],[24.85,14.741566],[24.838525,14.75],[24.75,14.844737],[24.665625,14.75],[24.65,14.734615],[24.55,14.708333],[24.463043,14.75],[24.55,14.79],[24.588961,14.85],[24.55,14.892254],[24.475,14.85],[24.45,14.773077],[24.444828,14.75],[24.356667,14.65],[24.35,14.647674],[24.25,14.56875],[24.243478,14.55],[24.169231,14.45],[24.15,14.423684],[24.094,14.35],[24.075,14.25],[24.05,14.155882],[24.047561,14.15],[24.018519,14.05],[23.95,13.976],[23.9175,13.95],[23.85,13.872857],[23.75,13.857692],[23.742308,13.85],[23.75,13.842857],[23.809091,13.75],[23.811765,13.65],[23.75,13.572222],[23.732857,13.55],[23.65,13.464706],[23.61875,13.45],[23.55,13.439109],[23.472414,13.35],[23.45,13.266129],[23.442424,13.25],[23.45,13.1875],[23.55,13.162329],[23.65,13.190426],[23.67375,13.15],[23.75,13.074691],[23.8125,13.05],[23.814865,12.95],[23.756818,12.85],[23.75,12.842308],[23.65,12.794444],[23.594,12.75],[23.55,12.716154],[23.45,12.687838],[23.386364,12.65],[23.431667,12.55],[23.424419,12.45],[23.45,12.360811],[23.452797,12.35],[23.45,12.346154],[23.363793,12.25],[23.35,12.188462],[23.342958,12.15],[23.35,12.144318],[23.45,12.119753],[23.55,12.103237],[23.65,12.133077],[23.671782,12.15],[23.75,12.232292],[23.818,12.25],[23.85,12.33],[23.855714,12.35],[23.95,12.373571],[24.05,12.391538],[24.110317,12.45],[24.15,12.49902],[24.206522,12.55],[24.25,12.572989],[24.35,12.578889],[24.45,12.582353],[24.55,12.605],[24.65,12.642105],[24.660909,12.65],[24.708442,12.75],[24.697328,12.85],[24.684615,12.95],[24.726016,13.05],[24.75,13.117816],[24.789437,13.15],[24.809341,13.25],[24.772764,13.35],[24.75,13.383735],[24.68038,13.45],[24.65,13.482],[24.604464,13.55],[24.65,13.648077],[24.652632,13.65],[24.65,13.7],[24.648148,13.75],[24.580392,13.85],[24.626613,13.95],[24.65,13.967262],[24.75,14.039423],[24.780556,14.05],[24.85,14.086232],[24.917692,14.15],[24.95,14.186207],[25.003846,14.15],[25.011111,14.05],[25.05,14.007143],[25.085669,13.95],[25.15,13.912454],[25.213125,13.95],[25.20102,14.05],[25.25,14.122727],[25.347959,14.05],[25.35,14.049275],[25.353704,14.05],[25.396667,14.15],[25.45,14.232759],[25.55,14.242105],[25.568182,14.25],[25.608537,14.35],[25.65,14.374638],[25.724286,14.45],[25.75,14.481579],[25.783621,14.55],[25.85,14.612097],[25.95,14.624265],[25.982407,14.65],[26.05,14.722277],[26.07029,14.75],[26.05,14.79],[25.95,14.820968],[25.85,14.816129],[25.754651,14.75],[25.75,14.746552],[25.65,14.677119],[25.62193,14.65],[25.55,14.591429],[25.517045,14.55],[25.475,14.45],[25.45,14.427586],[25.35,14.356061],[25.25,14.425472],[25.157143,14.45],[25.25,14.536667],[25.254762,14.55],[25.25,14.557407],[25.209016,14.65],[25.25,14.70102],[25.276667,14.75],[25.279032,14.85],[25.35,14.897826],[25.399485,14.95],[25.424725,15.05],[25.411333,15.15],[25.45,15.180526],[25.507895,15.25],[25.515766,15.35],[25.55,15.413333],[25.65,15.382394],[25.746,15.45],[25.75,15.456],[25.817143,15.55],[25.85,15.588655],[25.926842,15.65],[25.904945,15.75],[25.95,15.806164],[26.003333,15.85],[25.95,15.889024],[25.85,15.877273]],[[22.25,15.55],[22.25,15.55],[22.25,15.55],[22.209259,15.45],[22.25,15.427083],[22.269298,15.45],[22.25,15.55]],[[26.55,15.485385],[26.472689,15.45],[26.45,15.442582],[26.35,15.392169],[26.285185,15.35],[26.290517,15.25],[26.35,15.158],[26.361538,15.15],[26.45,15.123563],[26.55,15.107055],[26.65,15.100145],[26.75,15.127311],[26.783129,15.15],[26.839069,15.25],[26.808537,15.35],[26.776168,15.45],[26.75,15.479167],[26.65,15.507438],[26.55,15.485385]],[[22.05,15.354],[22.040909,15.35],[21.95,15.267808],[21.940226,15.25],[21.95,15.195833],[22.05,15.214444],[22.107143,15.25],[22.15,15.2875],[22.185088,15.35],[22.15,15.405556],[22.05,15.354]],[[24.15,15.092857],[24.118966,15.05],[24.15,15.03125],[24.16125,15.05],[24.15,15.092857]],[[37.05,14.9425],[36.973448,14.85],[37.012626,14.75],[37.002973,14.65],[36.95,14.553922],[36.948413,14.55],[36.95,14.542],[37.05,14.483544],[37.086972,14.55],[37.120161,14.65],[37.15,14.67782],[37.206471,14.75],[37.15,14.821111],[37.124,14.85],[37.05,14.9425]],[[22.15,14.705556],[22.107447,14.65],[22.093478,14.55],[22.05,14.47],[22.027273,14.45],[21.95,14.4],[21.865,14.35],[21.95,14.305263],[21.971,14.25],[21.993396,14.15],[22.05,14.1125],[22.15,14.095455],[22.161628,14.05],[22.185789,13.95],[22.25,13.854687],[22.277273,13.85],[22.35,13.777273],[22.366,13.85],[22.45,13.922414],[22.477119,13.95],[22.533051,14.05],[22.46,14.15],[22.45,14.156897],[22.35,14.25],[22.347778,14.35],[22.315517,14.45],[22.25,14.530851],[22.224286,14.55],[22.202632,14.65],[22.15,14.705556]],[[37.35,14.658387],[37.335227,14.65],[37.35,14.608065],[37.4,14.65],[37.35,14.658387]],[[41.65,13.431137],[41.595105,13.35],[41.594521,13.25],[41.65,13.201786],[41.707042,13.25],[41.75,13.294634],[41.78166,13.35],[41.75,13.415797],[41.65,13.431137]],[[37.25,13.204545],[37.240909,13.15],[37.25,13.1375],[37.25424,13.15],[37.25,13.204545]],[[23.35,13.139286],[23.315986,13.05],[23.35,12.985065],[23.415789,13.05],[23.35,13.139286]],[[23.15,12.691848],[23.097973,12.65],[23.15,12.603614],[23.25,12.619],[23.338571,12.65],[23.25,12.695255],[23.15,12.691848]],[[-12.35,12.073529],[-12.375501,12.05],[-12.364127,11.95],[-12.35,11.921186],[-12.317925,11.95],[-12.25,11.988434],[-12.224063,12.05],[-12.25,12.084739],[-12.35,12.073529]],[[42.75,11.998555],[42.661579,11.95],[42.75,11.933133],[42.843333,11.95],[42.75,11.998555]],[[-12.45,11.564462],[-12.477811,11.55],[-12.45,11.457843],[-12.431496,11.55],[-12.45,11.564462]],[[-12.35,11.487462],[-12.446875,11.45],[-12.4125,11.35],[-12.45,11.31],[-12.514286,11.25],[-12.55,11.217391],[-12.598437,11.15],[-12.566993,11.05],[-12.55,11.041798],[-12.526991,11.05],[-12.497458,11.15],[-12.45,11.200909],[-12.35,11.198936],[-12.332171,11.15],[-12.35,11.093902],[-12.367143,11.05],[-12.35,11.038235],[-12.324286,11.05],[-12.25,11.082911],[-12.171481,11.15],[-12.211026,11.25],[-12.25,11.334444],[-12.281818,11.35],[-12.280337,11.45],[-12.35,11.487462]],[[50.75,11.452222],[50.741667,11.45],[50.75,11.44697],[50.75303,11.45],[50.75,11.452222]],[[35.25,11.300239],[35.220506,11.25],[35.25,11.214041],[35.283546,11.25],[35.25,11.300239]],[[47.85,10.973494],[47.758235,10.95],[47.75,10.947025],[47.65,10.945948],[47.55,10.920841],[47.45,10.906673],[47.35,10.854491],[47.342958,10.85],[47.25,10.817779],[47.15,10.808455],[47.08317,10.75],[47.05,10.685125],[47.013834,10.65],[46.961523,10.55],[46.95,10.510667],[46.930346,10.45],[46.866769,10.35],[46.894151,10.25],[46.946487,10.15],[46.95,10.140625],[47.001237,10.05],[47.013934,9.95],[46.95,9.853704],[46.85,9.858571],[46.75,9.878488],[46.68,9.85],[46.720968,9.75],[46.75,9.741],[46.85,9.691538],[46.95,9.728704],[46.977381,9.75],[47.05,9.82093],[47.119444,9.85],[47.15,9.856875],[47.25,9.857143],[47.35,9.863861],[47.45,9.872414],[47.55,9.865152],[47.65,9.851724],[47.655263,9.85],[47.75,9.787931],[47.834615,9.75],[47.85,9.74375],[47.859091,9.75],[47.85,9.778571],[47.828261,9.85],[47.85,9.877778],[47.95,9.927778],[47.9875,9.95],[48.05,9.977027],[48.15,10.007143],[48.25,10.028947],[48.35,10.015385],[48.45,9.965217],[48.471875,9.95],[48.55,9.909677],[48.65,9.909701],[48.75,9.940164],[48.767143,9.95],[48.85,10.024359],[48.95,10.041489],[48.960526,10.05],[48.95,10.054494],[48.85,10.097619],[48.833077,10.15],[48.755833,10.25],[48.75,10.260937],[48.65,10.337302],[48.639333,10.35],[48.55,10.423626],[48.505556,10.45],[48.477848,10.55],[48.45,10.591509],[48.420755,10.65],[48.431633,10.75],[48.45,10.756897],[48.55,10.762085],[48.622857,10.75],[48.65,10.738485],[48.680645,10.75],[48.75,10.763694],[48.85,10.79908],[48.916935,10.85],[48.95,10.894809],[48.97399,10.95],[48.95,10.968738],[48.85,10.993718],[48.75,10.978644],[48.65,10.99821],[48.55,11.001028],[48.45,11.038486],[48.35,11.039932],[48.25,11.011563],[48.15,11.007182],[48.05,10.996599],[47.95,10.985351],[47.85,10.973494]],[[-12.25,10.829259],[-12.292126,10.75],[-12.295,10.65],[-12.25,10.607576],[-12.20814,10.65],[-12.173022,10.75],[-12.25,10.829259]],[[8.95,10.454348],[8.946178,10.45],[8.913946,10.35],[8.95,10.305085],[8.980286,10.35],[9.05,10.449187],[9.0505,10.45],[9.05,10.450725],[8.95,10.454348]],[[36.45,10.481395],[36.404237,10.45],[36.35,10.385025],[36.332353,10.35],[36.35,10.276596],[36.415094,10.35],[36.45,10.375517],[36.55,10.384091],[36.557417,10.45],[36.55,10.456388],[36.45,10.481395]],[[46.15,10.461836],[46.08875,10.45],[46.121223,10.35],[46.15,10.32351],[46.17381,10.35],[46.164121,10.45],[46.15,10.461836]],[[34.95,10.168605],[34.941111,10.15],[34.95,10.146117],[34.957273,10.15],[34.95,10.168605]],[[8.75,10.10283],[8.70736,10.05],[8.673256,9.95],[8.65,9.885897],[8.638235,9.85],[8.612431,9.75],[8.611957,9.65],[8.65,9.560256],[8.652797,9.55],[8.693173,9.45],[8.70276,9.35],[8.687552,9.25],[8.75,9.159337],[8.764419,9.15],[8.85,9.111181],[8.95,9.124517],[9.05,9.136957],[9.15,9.117478],[9.199329,9.15],[9.25,9.217713],[9.274913,9.25],[9.35,9.314012],[9.45,9.266418],[9.493411,9.35],[9.45,9.409574],[9.419478,9.45],[9.413694,9.55],[9.35,9.633333],[9.25,9.644286],[9.242857,9.65],[9.15,9.746296],[9.147802,9.75],[9.15,9.751111],[9.219531,9.85],[9.195055,9.95],[9.15,10.010294],[9.05,10.024419],[8.95,10.018376],[8.909563,10.05],[8.85,10.118987],[8.75,10.10283]],[[40.75,10.066204],[40.731481,10.05],[40.75,10.037589],[40.85,10.028769],[40.871563,10.05],[40.85,10.073311],[40.75,10.066204]],[[44.25,9.95],[44.25,9.95],[44.25,9.95]],[[47.95,9.659091],[47.94375,9.65],[47.95,9.645],[47.955556,9.65],[47.95,9.659091]],[[36.05,9.6],[36.037143,9.55],[36.05,9.543077],[36.066981,9.55],[36.05,9.6]],[[39.85,8.872115],[39.84,8.85],[39.85,8.82013],[39.95,8.826829],[40.003521,8.85],[39.95,8.870106],[39.85,8.872115]],[[24.45,8.787931],[24.417164,8.75],[24.45,8.712069],[24.478205,8.75],[24.45,8.787931]],[[45.05,8.75],[45.05,8.75],[45.05,8.75]],[[11.65,8.681981],[11.616832,8.65],[11.65,8.61204],[11.75,8.577273],[11.776415,8.65],[11.75,8.71257],[11.65,8.681981]],[[12.55,8.663015],[12.5374,8.65],[12.55,8.626347],[12.65,8.648627],[12.6525,8.65],[12.65,8.651972],[12.55,8.663015]],[[11.85,8.511792],[11.798221,8.45],[11.85,8.415344],[11.874081,8.45],[11.85,8.511792]],[[11.95,8.355708],[11.940809,8.35],[11.95,8.331752],[11.95672,8.35],[11.95,8.355708]],[[13.25,8.379331],[13.208394,8.35],[13.25,8.324286],[13.323391,8.35],[13.25,8.379331]],[[14.15,7.962317],[14.113804,7.95],[14.05,7.911624],[13.996474,7.85],[13.95,7.796494],[13.917526,7.75],[13.85,7.659966],[13.75,7.676598],[13.65,7.674905],[13.589908,7.65],[13.55,7.625],[13.45,7.617839],[13.352878,7.55],[13.355102,7.45],[13.35,7.441071],[13.282895,7.35],[13.25,7.310937],[13.2,7.25],[13.15,7.167021],[13.1,7.15],[13.05,7.118],[12.95,7.11701],[12.871951,7.15],[12.877397,7.25],[12.929487,7.35],[12.895455,7.45],[12.894898,7.55],[12.85,7.61875],[12.841304,7.65],[12.85,7.659091],[12.912112,7.75],[12.879348,7.85],[12.85,7.874457],[12.815473,7.85],[12.75,7.813585],[12.657261,7.75],[12.670755,7.65],[12.65,7.610993],[12.629327,7.55],[12.65,7.499708],[12.67972,7.45],[12.65,7.410829],[12.55,7.399669],[12.499324,7.35],[12.45,7.317265],[12.433632,7.35],[12.35,7.404612],[12.290499,7.45],[12.264255,7.55],[12.25,7.567493],[12.231744,7.55],[12.199034,7.45],[12.161647,7.35],[12.15,7.340765],[12.05,7.339017],[12.030139,7.35],[11.989357,7.45],[11.957182,7.55],[11.95,7.553523],[11.941333,7.55],[11.85,7.496484],[11.75,7.479474],[11.65,7.487702],[11.615814,7.45],[11.601295,7.35],[11.65,7.296132],[11.708974,7.25],[11.733934,7.15],[11.65,7.087137],[11.566744,7.05],[11.55,7.043571],[11.486842,7.05],[11.45,7.061932],[11.44556,7.05],[11.35,6.995608],[11.286158,7.05],[11.25,7.087482],[11.165779,7.15],[11.15,7.166807],[11.082308,7.25],[11.05,7.32875],[10.964091,7.25],[10.964915,7.15],[10.984542,7.05],[10.96208,6.95],[10.95,6.919732],[10.925439,6.85],[10.95,6.781321],[10.97892,6.75],[11.008738,6.65],[10.95,6.575994],[10.9016,6.65],[10.85,6.695184],[10.75,6.670373],[10.65,6.664169],[10.55896,6.75],[10.55,6.765578],[10.489216,6.75],[10.542381,6.65],[10.524194,6.55],[10.45,6.541727],[10.35,6.493777],[10.25,6.451961],[10.157834,6.55],[10.15,6.557727],[10.096296,6.65],[10.05,6.683784],[9.95,6.650655],[9.949115,6.65],[9.95,6.640625],[9.966477,6.55],[10.016794,6.45],[10.05,6.379268],[10.073226,6.35],[10.15,6.287368],[10.169241,6.25],[10.180968,6.15],[10.15,6.117123],[10.087662,6.15],[10.05,6.171014],[9.95,6.221545],[9.85,6.22114],[9.75,6.225871],[9.668208,6.15],[9.65,6.13274],[9.610982,6.05],[9.65,5.983917],[9.75,5.996685],[9.777796,5.95],[9.83931,5.85],[9.85,5.837698],[9.891078,5.75],[9.95,5.67679],[9.959508,5.65],[9.95,5.619149],[9.919194,5.55],[9.880088,5.45],[9.892365,5.35],[9.95,5.320153],[10.05,5.294638],[10.129204,5.25],[10.103684,5.15],[10.15,5.077572],[10.25,5.092813],[10.35,5.078216],[10.402174,5.05],[10.45,5.007883],[10.55,5.005497],[10.65,5.047315],[10.652247,5.05],[10.677329,5.15],[10.65,5.222131],[10.640395,5.25],[10.65,5.318],[10.669512,5.35],[10.718293,5.45],[10.75,5.456952],[10.85,5.485542],[10.95,5.531481],[10.965326,5.55],[10.95,5.595455],[10.924468,5.65],[10.95,5.695283],[10.98625,5.75],[10.968274,5.85],[10.95,5.873377],[10.85,5.932258],[10.844652,5.95],[10.848421,6.05],[10.85,6.050557],[10.95,6.091624],[10.983824,6.15],[10.95,6.190925],[10.925187,6.25],[10.947047,6.35],[10.95,6.356918],[11.05,6.357728],[11.15,6.434685],[11.166505,6.45],[11.25,6.475109],[11.35,6.451964],[11.45,6.47483],[11.492566,6.45],[11.55,6.377839],[11.596341,6.35],[11.65,6.304872],[11.75,6.318844],[11.797328,6.35],[11.85,6.447183],[11.853846,6.45],[11.95,6.50102],[12.003333,6.55],[12.014706,6.65],[12.05,6.685294],[12.110274,6.75],[12.15,6.779592],[12.247183,6.85],[12.25,6.854082],[12.35,6.908824],[12.45,6.913514],[12.55,6.924242],[12.65,6.893243],[12.714,6.85],[12.75,6.837838],[12.790373,6.75],[12.846104,6.65],[12.85,6.6475],[12.95,6.64],[13.004167,6.65],[13.05,6.657237],[13.144,6.75],[13.15,6.765254],[13.204348,6.85],[13.238,6.95],[13.25,6.977273],[13.35,7.01087],[13.365556,6.95],[13.45,6.884483],[13.55,6.851875],[13.65,6.864762],[13.75,6.869868],[13.85,6.869178],[13.932353,6.85],[13.95,6.840476],[14.05,6.79],[14.137805,6.75],[14.131579,6.65],[14.053636,6.55],[14.05,6.51],[14.025,6.45],[14.05,6.434211],[14.15,6.354348],[14.234615,6.45],[14.25,6.458163],[14.35,6.475],[14.45,6.470968],[14.518056,6.55],[14.55,6.57],[14.65,6.568301],[14.75,6.550658],[14.751176,6.55],[14.75,6.538889],[14.737692,6.45],[14.681461,6.35],[14.651136,6.25],[14.65,6.246552],[14.621429,6.15],[14.65,6.056667],[14.655882,6.05],[14.75,5.978889],[14.787143,5.95],[14.85,5.903191],[14.934615,5.95],[14.886066,6.05],[14.85,6.114706],[14.83125,6.15],[14.85,6.204545],[14.865873,6.25],[14.95,6.315432],[15.05,6.320909],[15.15,6.3125],[15.188168,6.25],[15.226101,6.15],[15.25,6.108242],[15.330303,6.05],[15.35,6.042655],[15.45,6.029518],[15.55,6.043605],[15.581429,6.05],[15.612712,6.15],[15.55,6.234091],[15.518182,6.25],[15.509459,6.35],[15.55,6.389474],[15.65,6.418571],[15.67619,6.45],[15.75,6.518889],[15.771538,6.55],[15.85,6.648077],[15.855556,6.65],[15.85,6.653846],[15.75,6.678395],[15.65,6.722917],[15.632667,6.75],[15.628947,6.85],[15.65,6.892553],[15.665976,6.95],[15.694882,7.05],[15.695161,7.15],[15.65375,7.25],[15.65,7.252206],[15.648171,7.25],[15.55,7.160056],[15.45,7.190952],[15.351149,7.15],[15.35,7.14913],[15.25,7.072973],[15.15,7.069066],[15.05,7.051145],[15.048421,7.05],[14.95,6.999866],[14.85,6.976173],[14.812676,6.95],[14.75,6.907212],[14.65,6.874351],[14.593609,6.85],[14.55,6.825732],[14.45,6.801759],[14.35,6.80102],[14.296067,6.85],[14.35,6.89898],[14.45,6.934211],[14.468947,6.95],[14.55,6.975839],[14.65,7.030623],[14.677053,7.05],[14.75,7.096462],[14.85,7.135429],[14.880909,7.15],[14.85,7.21],[14.75,7.245082],[14.746266,7.25],[14.65,7.320303],[14.618489,7.35],[14.55,7.398741],[14.45,7.420692],[14.35,7.418169],[14.25,7.41455],[14.15,7.440407],[14.05,7.441579],[13.981034,7.45],[13.95,7.462857],[13.886788,7.55],[13.95,7.594043],[14.05,7.620464],[14.086082,7.65],[14.15,7.691892],[14.25,7.695378],[14.327689,7.75],[14.35,7.775455],[14.45,7.848976],[14.451389,7.85],[14.467514,7.95],[14.45,7.958201],[14.35,7.953807],[14.25,7.959116],[14.15,7.962317]],[[41.55,8.044828],[41.526987,7.95],[41.55,7.884524],[41.574444,7.95],[41.55,8.044828]],[[44.05,7.652174],[44.047183,7.65],[44.05,7.645],[44.106716,7.55],[44.15,7.518817],[44.25,7.523239],[44.35,7.545349],[44.352299,7.55],[44.35,7.555556],[44.302113,7.65],[44.25,7.7],[44.15,7.688272],[44.05,7.652174]],[[15.75,7.35632],[15.738667,7.35],[15.75,7.331915],[15.766667,7.35],[15.75,7.35632]],[[44.45,7.390244],[44.420536,7.35],[44.45,7.258333],[44.489759,7.35],[44.45,7.390244]],[[14.95,7.252597],[14.939474,7.25],[14.95,7.24661],[14.952312,7.25],[14.95,7.252597]],[[42.55,7.2855],[42.492972,7.25],[42.45,7.174113],[42.439506,7.15],[42.45,7.132828],[42.508156,7.05],[42.55,6.973871],[42.594528,7.05],[42.646026,7.15],[42.65,7.157317],[42.68619,7.25],[42.65,7.278788],[42.55,7.2855]],[[43.85,7.255682],[43.824359,7.25],[43.85,7.230392],[43.861494,7.25],[43.85,7.255682]],[[36.05,6.959259],[36.028632,6.95],[36.05,6.89186],[36.05372,6.95],[36.05,6.959259]],[[37.45,6.952273],[37.449043,6.95],[37.45,6.949371],[37.450629,6.95],[37.45,6.952273]],[[36.75,6.894231],[36.736228,6.85],[36.65,6.789241],[36.606132,6.75],[36.592157,6.65],[36.65,6.641806],[36.660034,6.65],[36.75,6.737583],[36.769036,6.75],[36.754528,6.85],[36.75,6.894231]],[[37.25,6.753361],[37.24602,6.75],[37.25,6.743774],[37.25252,6.75],[37.25,6.753361]],[[36.55,6.627368],[36.453922,6.55],[36.55,6.525253],[36.568193,6.55],[36.55,6.627368]],[[9.35,6.482114],[9.336356,6.45],[9.35,6.399682],[9.364338,6.45],[9.35,6.482114]],[[13.25,6.476207],[13.221852,6.45],[13.25,6.419355],[13.280894,6.45],[13.25,6.476207]],[[9.45,6.354453],[9.428,6.35],[9.45,6.327778],[9.45582,6.35],[9.45,6.354453]],[[41.65,6.376471],[41.571739,6.35],[41.638146,6.25],[41.65,6.23617],[41.715,6.25],[41.6644,6.35],[41.65,6.376471]],[[34.65,6.256742],[34.63,6.25],[34.55,6.185135],[34.45,6.165041],[34.442292,6.15],[34.45,6.12967],[34.522139,6.05],[34.55,6.02617],[34.576415,6.05],[34.65,6.138136],[34.668261,6.15],[34.663953,6.25],[34.65,6.256742]],[[41.85,6.171154],[41.792105,6.15],[41.85,6.122081],[41.887931,6.15],[41.85,6.171154]],[[37.05,5.95381],[37.045402,5.95],[37.05,5.93],[37.051254,5.95],[37.05,5.95381]],[[42.05,6.020714],[42.009426,5.95],[42.05,5.876667],[42.136087,5.95],[42.05,6.020714]],[[34.75,5.891697],[34.705336,5.85],[34.661111,5.75],[34.705432,5.65],[34.735484,5.55],[34.75,5.525581],[34.85,5.517018],[34.95,5.539231],[34.96306,5.55],[34.95,5.639744],[34.936667,5.65],[34.861594,5.75],[34.85,5.768824],[34.812088,5.85],[34.75,5.891697]],[[37.65,5.461392],[37.637324,5.45],[37.597805,5.35],[37.552703,5.25],[37.591143,5.15],[37.641912,5.05],[37.65,5.015625],[37.684375,5.05],[37.72305,5.15],[37.70625,5.25],[37.68677,5.35],[37.660619,5.45],[37.65,5.461392]],[[9.75,5.217568],[9.705,5.15],[9.65,5.096289],[9.602976,5.05],[9.65,4.974762],[9.706522,4.95],[9.75,4.921831],[9.85,4.926909],[9.904043,4.95],[9.94146,5.05],[9.874643,5.15],[9.85,5.180667],[9.75,5.217568]],[[9.25,5.004247],[9.196631,4.95],[9.25,4.857477],[9.291423,4.95],[9.25,5.004247]],[[35.45,4.863217],[35.430224,4.85],[35.45,4.806557],[35.55,4.812605],[35.565266,4.85],[35.55,4.885178],[35.45,4.863217]],[[37.65,4.887],[37.634255,4.85],[37.625,4.75],[37.65,4.707692],[37.67619,4.75],[37.744872,4.85],[37.65,4.887]],[[35.25,4.798035],[35.212521,4.75],[35.235437,4.65],[35.25,4.629021],[35.262903,4.65],[35.290073,4.75],[35.25,4.798035]],[[33.45,4.475753],[33.415778,4.45],[33.355882,4.35],[33.367672,4.25],[33.45,4.159048],[33.46338,4.15],[33.55,4.07454],[33.591667,4.05],[33.65,3.961111],[33.664286,3.95],[33.65,3.94],[33.55,3.931818],[33.45,3.913636],[33.394528,3.85],[33.395263,3.75],[33.45,3.661864],[33.455036,3.65],[33.45,3.6375],[33.35,3.564583],[33.25,3.65],[33.225194,3.75],[33.234227,3.85],[33.15,3.932407],[33.140452,3.95],[33.05,4.024176],[33.01696,4.05],[32.95,4.106444],[32.874031,4.15],[32.85,4.170899],[32.75,4.214321],[32.672332,4.15],[32.65,4.131626],[32.55,4.14888],[32.455362,4.05],[32.538889,3.95],[32.55,3.941736],[32.65,3.852463],[32.655236,3.85],[32.65,3.812963],[32.627333,3.75],[32.65,3.71383],[32.676786,3.65],[32.671154,3.55],[32.65,3.476667],[32.642079,3.45],[32.65,3.424194],[32.75,3.372078],[32.85,3.388636],[32.95,3.431633],[32.992857,3.45],[33.05,3.516667],[33.076667,3.45],[33.076316,3.35],[33.11,3.25],[33.05,3.242],[32.95,3.160526],[32.944118,3.15],[32.890909,3.05],[32.892857,2.95],[32.85,2.878947],[32.75,2.886111],[32.713889,2.85],[32.65,2.801064],[32.55,2.85],[32.473636,2.95],[32.45,2.97766],[32.389286,3.05],[32.35,3.097826],[32.324118,3.05],[32.291463,2.95],[32.25,2.915306],[32.191379,2.95],[32.15,2.979268],[32.05,3.035185],[32.02,3.05],[31.95,3.072764],[31.85,3.114706],[31.771429,3.05],[31.75,3.0125],[31.718085,2.95],[31.75,2.89],[31.769608,2.85],[31.816667,2.75],[31.85,2.735714],[31.95,2.745],[32.005882,2.65],[32.05,2.6125],[32.087313,2.55],[32.146875,2.45],[32.15,2.383333],[32.151471,2.35],[32.182836,2.25],[32.15,2.213333],[32.05,2.191333],[31.95,2.184667],[31.925926,2.15],[31.890404,2.05],[31.85,1.989394],[31.802727,1.95],[31.75,1.916279],[31.65,1.869608],[31.621698,1.85],[31.55,1.788211],[31.45,1.755597],[31.443119,1.75],[31.35,1.670703],[31.321038,1.65],[31.25,1.584673],[31.187838,1.55],[31.15,1.508416],[31.053279,1.45],[31.05,1.447531],[30.95,1.36856],[30.903147,1.35],[30.85,1.317521],[30.803529,1.25],[30.75,1.176316],[30.733668,1.15],[30.65,1.055932],[30.644588,1.05],[30.55,0.957323],[30.540852,0.95],[30.45,0.90514],[30.368993,0.85],[30.35,0.835099],[30.25,0.840819],[30.15,0.825472],[30.076657,0.75],[30.05,0.721622],[29.965275,0.65],[29.95,0.642476],[29.85,0.622901],[29.780672,0.55],[29.75,0.499771],[29.682609,0.45],[29.65788,0.35],[29.657431,0.25],[29.65,0.154167],[29.55,0.176154],[29.538406,0.25],[29.540116,0.35],[29.538387,0.45],[29.500833,0.55],[29.477619,0.65],[29.45,0.7225],[29.41506,0.65],[29.35,0.58494],[29.318132,0.55],[29.25,0.453125],[29.15,0.481875],[29.05,0.475781],[28.95,0.460976],[28.915072,0.55],[28.85,0.604618],[28.75,0.595],[28.679787,0.55],[28.695596,0.45],[28.700769,0.35],[28.65,0.306],[28.6,0.25],[28.65,0.154545],[28.652062,0.15],[28.692667,0.05],[28.65,-0.034211],[28.639474,-0.05],[28.55,-0.109302],[28.523881,-0.15],[28.49058,-0.25],[28.485135,-0.35],[28.502941,-0.45],[28.45,-0.523469],[28.35,-0.508929],[28.3,-0.55],[28.35,-0.619697],[28.358065,-0.65],[28.35,-0.654082],[28.25,-0.692],[28.203476,-0.75],[28.25,-0.806129],[28.338312,-0.85],[28.25,-0.935],[28.23835,-0.95],[28.25,-0.958451],[28.35,-0.993089],[28.45,-1.013158],[28.46769,-1.05],[28.45,-1.109756],[28.35,-1.09698],[28.280702,-1.15],[28.25,-1.168717],[28.187705,-1.25],[28.25,-1.339941],[28.270732,-1.35],[28.25,-1.36954],[28.222868,-1.45],[28.25,-1.493478],[28.283091,-1.55],[28.35,-1.648396],[28.351068,-1.65],[28.35,-1.655882],[28.25,-1.664881],[28.189916,-1.75],[28.224648,-1.85],[28.153243,-1.95],[28.15,-1.955505],[28.143684,-1.95],[28.1,-1.85],[28.05,-1.757018],[28.01,-1.75],[27.95,-1.745367],[27.85,-1.716431],[27.752062,-1.75],[27.75,-1.75625],[27.65,-1.756542],[27.633333,-1.75],[27.55,-1.736381],[27.45,-1.719277],[27.385443,-1.75],[27.35,-1.780769],[27.308553,-1.85],[27.33867,-1.95],[27.35,-2.042],[27.352222,-2.05],[27.396212,-2.15],[27.45,-2.189335],[27.55,-2.187097],[27.601493,-2.15],[27.65,-2.105782],[27.75,-2.068376],[27.85,-2.050465],[27.915046,-2.15],[27.914253,-2.25],[27.95,-2.276599],[28.0,-2.35],[28.046653,-2.45],[28.015506,-2.55],[28.05,-2.65],[28.05,-2.65],[28.100423,-2.75],[28.110086,-2.85],[28.05,-2.910086],[28.002308,-2.95],[27.95,-3.006044],[27.91347,-3.05],[27.896203,-3.15],[27.95,-3.193147],[28.05,-3.174069],[28.09058,-3.15],[28.15,-3.098319],[28.196947,-3.15],[28.237662,-3.25],[28.194856,-3.35],[28.15,-3.414881],[28.127985,-3.45],[28.059177,-3.55],[28.05,-3.561789],[27.95,-3.643427],[27.941954,-3.65],[27.907421,-3.75],[27.85,-3.832807],[27.75,-3.827112],[27.690426,-3.85],[27.729478,-3.95],[27.75,-3.969784],[27.85,-4.017683],[27.91,-3.95],[27.95,-3.876733],[28.038623,-3.95],[28.05,-3.956786],[28.15,-4.031188],[28.160734,-4.05],[28.25,-4.122477],[28.35,-4.149467],[28.350673,-4.15],[28.37037,-4.25],[28.45,-4.325175],[28.464519,-4.35],[28.502252,-4.45],[28.55,-4.516044],[28.570722,-4.55],[28.65,-4.6334],[28.681923,-4.65],[28.70614,-4.75],[28.75,-4.822314],[28.762665,-4.85],[28.78383,-4.95],[28.85,-5.029337],[28.861376,-5.05],[28.854908,-5.15],[28.85,-5.158333],[28.796341,-5.25],[28.806502,-5.35],[28.795565,-5.45],[28.801852,-5.55],[28.835294,-5.65],[28.75,-5.666201],[28.65,-5.657447],[28.646154,-5.65],[28.620492,-5.55],[28.55,-5.477119],[28.45,-5.526471],[28.438991,-5.55],[28.45,-5.573077],[28.481373,-5.65],[28.540345,-5.75],[28.55,-5.762727],[28.65,-5.787021],[28.75,-5.801546],[28.85,-5.822794],[28.95,-5.8175],[29.006522,-5.85],[28.95,-5.863757],[28.85,-5.883636],[28.75,-5.94527],[28.744891,-5.95],[28.681429,-6.05],[28.75,-6.132759],[28.759479,-6.15],[28.791011,-6.25],[28.755,-6.35],[28.75,-6.356383],[28.746907,-6.35],[28.65,-6.271008],[28.571875,-6.25],[28.55,-6.242308],[28.541463,-6.25],[28.485484,-6.35],[28.508427,-6.45],[28.518182,-6.55],[28.55,-6.596667],[28.590678,-6.65],[28.642562,-6.75],[28.643103,-6.85],[28.65,-6.8575],[28.724747,-6.95],[28.680645,-7.05],[28.680469,-7.15],[28.65,-7.192857],[28.617296,-7.25],[28.605502,-7.35],[28.55,-7.439231],[28.515,-7.45],[28.45,-7.464208],[28.358721,-7.55],[28.405357,-7.65],[28.45,-7.715789],[28.55,-7.73046],[28.573776,-7.75],[28.65,-7.789927],[28.75,-7.829699],[28.762558,-7.85],[28.797287,-7.95],[28.821163,-8.05],[28.85,-8.091333],[28.925214,-8.15],[28.874719,-8.25],[28.85,-8.278758],[28.816412,-8.25],[28.75,-8.197904],[28.65,-8.183036],[28.55,-8.151914],[28.54774,-8.15],[28.505405,-8.05],[28.45,-7.989706],[28.373602,-8.05],[28.35,-8.075333],[28.283333,-8.15],[28.25,-8.178718],[28.15,-8.158621],[28.05,-8.211616],[27.95,-8.239231],[27.873684,-8.15],[27.861194,-8.05],[27.894492,-7.95],[27.85,-7.89],[27.75,-7.895374],[27.696632,-7.85],[27.65,-7.817153],[27.55,-7.846667],[27.545135,-7.85],[27.55,-7.931818],[27.553509,-7.95],[27.55,-7.95102],[27.45,-7.993114],[27.355941,-8.05],[27.35,-8.1],[27.347143,-8.15],[27.279429,-8.25],[27.25,-8.278297],[27.158421,-8.35],[27.15,-8.355455],[27.05,-8.365084],[26.95,-8.43676],[26.935328,-8.45],[26.868565,-8.55],[26.863889,-8.65],[26.85,-8.671851],[26.800408,-8.75],[26.788149,-8.85],[26.775272,-8.95],[26.771941,-9.05],[26.802174,-9.15],[26.762644,-9.25],[26.75,-9.275095],[26.706,-9.25],[26.69185,-9.15],[26.65,-9.1],[26.55,-9.078082],[26.499761,-9.15],[26.45,-9.195815],[26.35,-9.233436],[26.33,-9.25],[26.25,-9.328832],[26.228358,-9.35],[26.198364,-9.45],[26.151882,-9.55],[26.15,-9.5525],[26.05,-9.63125],[26.020833,-9.65],[25.95,-9.715806],[25.85,-9.74521],[25.845092,-9.75],[25.75,-9.823113],[25.712252,-9.85],[25.65,-9.885606],[25.579461,-9.95],[25.55,-9.971846],[25.468328,-10.05],[25.45,-10.090714],[25.404396,-10.15],[25.383333,-10.25],[25.35,-10.311404],[25.294444,-10.25],[25.25,-10.155085],[25.244915,-10.15],[25.15,-10.071127],[25.05,-10.06791],[25.02,-10.05],[24.95,-9.974324],[24.919892,-10.05],[24.85,-10.135526],[24.83254,-10.15],[24.798598,-10.25],[24.75,-10.333871],[24.703571,-10.25],[24.695263,-10.15],[24.65,-10.090278],[24.604688,-10.05],[24.55,-9.997761],[24.45,-9.989344],[24.395455,-9.95],[24.354348,-9.85],[24.35,-9.842308],[24.342308,-9.85],[24.25,-9.881579],[24.213636,-9.85],[24.216667,-9.75],[24.25,-9.65],[24.35,-9.611538],[24.45,-9.567021],[24.47,-9.55],[24.518293,-9.45],[24.55,-9.412857],[24.65,-9.353279],[24.656667,-9.35],[24.75,-9.31],[24.85,-9.253704],[24.856667,-9.25],[24.95,-9.220213],[25.05,-9.184884],[25.126923,-9.15],[25.15,-9.085714],[25.154717,-9.05],[25.197059,-8.95],[25.25,-8.856897],[25.258889,-8.85],[25.25,-8.828947],[25.15,-8.789344],[25.121765,-8.75],[25.15,-8.727143],[25.25,-8.735437],[25.35,-8.697097],[25.406154,-8.65],[25.45,-8.597222],[25.532258,-8.55],[25.55,-8.509259],[25.568824,-8.45],[25.55,-8.422881],[25.492667,-8.35],[25.55,-8.314463],[25.65,-8.250498],[25.6504,-8.25],[25.65,-8.249167],[25.55,-8.192647],[25.45,-8.177273],[25.417,-8.15],[25.35,-8.091228],[25.25,-8.078333],[25.216667,-8.05],[25.15,-7.962821],[25.140566,-7.95],[25.05,-7.862727],[24.98,-7.85],[24.982857,-7.75],[25.001471,-7.65],[24.957692,-7.55],[24.95,-7.528261],[24.883333,-7.45],[24.858333,-7.35],[24.85,-7.343548],[24.75,-7.312319],[24.720455,-7.35],[24.722,-7.45],[24.75,-7.534848],[24.764286,-7.55],[24.804321,-7.65],[24.807692,-7.75],[24.75,-7.840909],[24.742857,-7.85],[24.65,-7.903425],[24.55,-7.926316],[24.45,-7.91],[24.443548,-7.95],[24.431481,-8.05],[24.365385,-8.15],[24.35,-8.157143],[24.25,-8.226923],[24.240909,-8.25],[24.15,-8.311224],[24.059524,-8.35],[24.05,-8.357692],[24.024468,-8.45],[24.05,-8.538889],[24.053333,-8.55],[24.05,-8.592857],[24.043548,-8.65],[24.044643,-8.75],[23.976087,-8.85],[23.95,-8.861538],[23.873333,-8.95],[23.85,-9.013636],[23.803333,-8.95],[23.814646,-8.85],[23.833696,-8.75],[23.8,-8.65],[23.805556,-8.55],[23.818657,-8.45],[23.825258,-8.35],[23.85,-8.314706],[23.945652,-8.25],[23.861842,-8.15],[23.85,-8.115385],[23.819091,-8.05],[23.75,-7.970833],[23.65,-8.015217],[23.635965,-8.05],[23.613333,-8.15],[23.588889,-8.25],[23.554167,-8.35],[23.55,-8.358696],[23.503333,-8.45],[23.45,-8.516667],[23.4125,-8.45],[23.375,-8.35],[23.393396,-8.25],[23.35,-8.2],[23.25,-8.233784],[23.242308,-8.25],[23.25,-8.269355],[23.328125,-8.35],[23.252439,-8.45],[23.25,-8.454545],[23.15,-8.517742],[23.05,-8.487838],[22.987778,-8.45],[23.007143,-8.35],[22.998,-8.25],[22.95,-8.222093],[22.935185,-8.25],[22.930488,-8.35],[22.85,-8.447059],[22.841667,-8.45],[22.85,-8.456667],[22.9375,-8.55],[22.85,-8.573729],[22.807576,-8.55],[22.75,-8.486667],[22.722857,-8.55],[22.677381,-8.65],[22.698696,-8.75],[22.65,-8.846552],[22.648387,-8.85],[22.65,-8.857143],[22.676,-8.95],[22.706618,-9.05],[22.687594,-9.15],[22.736747,-9.25],[22.75,-9.267188],[22.838333,-9.35],[22.85,-9.360606],[22.948333,-9.45],[22.95,-9.466667],[22.991667,-9.55],[23.05,-9.5675],[23.15,-9.574286],[23.25,-9.55],[23.35,-9.526923],[23.422,-9.55],[23.45,-9.569444],[23.55,-9.634211],[23.579032,-9.65],[23.65,-9.720968],[23.714706,-9.65],[23.743939,-9.55],[23.728788,-9.45],[23.736441,-9.35],[23.75,-9.288462],[23.777778,-9.25],[23.780769,-9.15],[23.85,-9.072857],[23.89,-9.05],[23.95,-9.02931],[23.97449,-9.05],[24.019048,-9.15],[24.05,-9.226471],[24.057018,-9.25],[24.05,-9.260256],[23.95,-9.277273],[23.896667,-9.35],[23.85,-9.413636],[23.813636,-9.45],[23.764286,-9.55],[23.85,-9.616667],[23.863636,-9.65],[23.8875,-9.75],[23.85,-9.85],[23.85,-9.85],[23.75,-9.860714],[23.694444,-9.95],[23.7,-10.05],[23.65,-10.093396],[23.55,-10.087037],[23.511538,-10.05],[23.477273,-9.95],[23.45,-9.933333],[23.429545,-9.95],[23.402941,-10.05],[23.357143,-10.15],[23.352174,-10.25],[23.35,-10.251695],[23.25,-10.306863],[23.165385,-10.35],[23.206,-10.45],[23.15,-10.481111],[23.101724,-10.45],[23.05,-10.416667],[22.95,-10.388095],[22.918293,-10.45],[22.867073,-10.55],[22.85,-10.591176],[22.836,-10.55],[22.781707,-10.45],[22.75,-10.405172],[22.708974,-10.35],[22.75,-10.307895],[22.784375,-10.25],[22.761111,-10.15],[22.85,-10.055882],[22.856667,-10.05],[22.85,-10.04],[22.777027,-9.95],[22.75,-9.923684],[22.704839,-9.85],[22.705435,-9.75],[22.708182,-9.65],[22.685714,-9.55],[22.65,-9.475],[22.633696,-9.45],[22.600725,-9.35],[22.595038,-9.25],[22.55,-9.206934],[22.495833,-9.15],[22.487179,-9.05],[22.479457,-8.95],[22.45,-8.894928],[22.37619,-8.85],[22.384146,-8.75],[22.375843,-8.65],[22.35,-8.604902],[22.286111,-8.65],[22.25,-8.709091],[22.225926,-8.65],[22.190426,-8.55],[22.180263,-8.45],[22.154167,-8.35],[22.15,-8.3],[22.147015,-8.35],[22.121605,-8.45],[22.134553,-8.55],[22.113063,-8.65],[22.106731,-8.75],[22.093548,-8.85],[22.05,-8.897368],[21.981818,-8.95],[22.0,-9.05],[21.95,-9.141228],[21.935294,-9.15],[21.903012,-9.25],[21.880137,-9.35],[21.853125,-9.45],[21.863725,-9.55],[21.85,-9.571875],[21.8375,-9.55],[21.844286,-9.45],[21.774138,-9.35],[21.787143,-9.25],[21.800847,-9.15],[21.786,-9.05],[21.764141,-8.95],[21.768391,-8.85],[21.75,-8.777273],[21.73,-8.85],[21.720833,-8.95],[21.66,-9.05],[21.653226,-9.15],[21.65,-9.155263],[21.578,-9.25],[21.55,-9.271875],[21.5325,-9.25],[21.528125,-9.15],[21.533333,-9.05],[21.522727,-8.95],[21.505319,-8.85],[21.477451,-8.75],[21.45,-8.6625],[21.41,-8.75],[21.394681,-8.85],[21.366667,-8.95],[21.35,-9.007143],[21.307895,-8.95],[21.288235,-8.85],[21.25,-8.82451],[21.23785,-8.85],[21.238889,-8.95],[21.247115,-9.05],[21.220297,-9.15],[21.210606,-9.25],[21.185366,-9.35],[21.172222,-9.45],[21.15,-9.487209],[21.1,-9.45],[21.086957,-9.35],[21.07,-9.25],[21.073656,-9.15],[21.05,-9.062],[20.95,-9.05],[20.85,-9.013462],[20.818852,-9.05],[20.788889,-9.15],[20.784884,-9.25],[20.759804,-9.35],[20.75,-9.363158],[20.741228,-9.35],[20.725,-9.25],[20.718889,-9.15],[20.678814,-9.05],[20.657059,-8.95],[20.65,-8.875],[20.638462,-8.95],[20.613043,-9.05],[20.600794,-9.15],[20.55625,-9.25],[20.55,-9.258824],[20.507143,-9.25],[20.45,-9.225],[20.44403,-9.25],[20.442188,-9.35],[20.391463,-9.45],[20.35,-9.491463],[20.325714,-9.45],[20.27716,-9.35],[20.269231,-9.25],[20.272989,-9.15],[20.261957,-9.05],[20.257547,-8.95],[20.25,-8.883333],[20.235714,-8.85],[20.15,-8.783333],[20.126923,-8.75],[20.127778,-8.65],[20.073529,-8.55],[20.15,-8.463333],[20.178571,-8.45],[20.178571,-8.35],[20.15,-8.27],[20.05,-8.27],[20.0375,-8.25],[19.998148,-8.15],[19.955882,-8.05],[19.95,-8.038889],[19.885135,-7.95],[19.851064,-7.85],[19.85,-7.846296],[19.75,-7.802941],[19.7,-7.75],[19.668421,-7.65],[19.65,-7.618182],[19.55,-7.5875],[19.475,-7.55],[19.45,-7.45],[19.45,-7.45],[19.45,-7.45],[19.35,-7.530769],[19.288235,-7.45],[19.25,-7.377778],[19.216667,-7.35],[19.15,-7.306522],[19.05,-7.280769],[19.033333,-7.25],[18.966667,-7.15],[18.95,-7.135],[18.85,-7.068182],[18.79375,-7.15],[18.75,-7.168421],[18.720833,-7.15],[18.684615,-7.05],[18.65,-7.02],[18.55,-6.958333],[18.479032,-7.05],[18.45,-7.1],[18.428571,-7.05],[18.35,-6.975],[18.326087,-6.95],[18.279167,-6.85],[18.25,-6.794],[18.15,-6.819444],[18.119444,-6.85],[18.15,-6.91875],[18.1625,-6.95],[18.20102,-7.05],[18.222222,-7.15],[18.15,-7.224286],[18.137838,-7.25],[18.15,-7.319231],[18.173529,-7.35],[18.25,-7.366667],[18.35,-7.40098],[18.395872,-7.45],[18.45,-7.517816],[18.472581,-7.55],[18.511333,-7.65],[18.53869,-7.75],[18.55,-7.778358],[18.584783,-7.85],[18.573438,-7.95],[18.55,-7.998387],[18.5244,-8.05],[18.45,-8.121538],[18.403165,-8.15],[18.45,-8.20873],[18.466667,-8.25],[18.52069,-8.35],[18.466667,-8.45],[18.452778,-8.55],[18.45,-8.553846],[18.378571,-8.65],[18.40625,-8.75],[18.35,-8.813158],[18.266,-8.85],[18.25,-8.87],[18.225758,-8.95],[18.15,-9.037719],[18.145,-9.05],[18.15,-9.067949],[18.25,-9.067284],[18.35,-9.065625],[18.415854,-9.15],[18.45,-9.179167],[18.547143,-9.25],[18.55,-9.253226],[18.608824,-9.35],[18.614286,-9.45],[18.605738,-9.55],[18.588028,-9.65],[18.65,-9.689286],[18.75,-9.738462],[18.768367,-9.75],[18.782353,-9.85],[18.85,-9.938462],[18.879032,-9.95],[18.85,-9.984615],[18.8,-10.05],[18.75,-10.064912],[18.65,-10.110674],[18.55,-10.112651],[18.456061,-10.15],[18.45,-10.15339],[18.447619,-10.15],[18.416071,-10.05],[18.35,-9.993077],[18.253448,-9.95],[18.25,-9.945745],[18.15,-9.861724],[18.125,-9.85],[18.05,-9.791379],[17.95,-9.75137],[17.85,-9.768065],[17.798374,-9.85],[17.75,-9.895946],[17.65,-9.901724],[17.55,-9.893028],[17.45,-9.86982],[17.432946,-9.85],[17.35,-9.795408],[17.314822,-9.75],[17.28141,-9.65],[17.25,-9.593023],[17.222388,-9.55],[17.167555,-9.45],[17.15,-9.428125],[17.056977,-9.35],[17.099071,-9.25],[17.086792,-9.15],[17.05,-9.101046],[16.953175,-9.05],[16.95,-9.048174],[16.947222,-9.05],[16.857944,-9.15],[16.85,-9.159659],[16.819091,-9.15],[16.75,-9.128409],[16.65,-9.056944],[16.642754,-9.05],[16.582192,-8.95],[16.55,-8.868966],[16.537912,-8.85],[16.473596,-8.75],[16.457143,-8.65],[16.45,-8.640588],[16.35,-8.590741],[16.318391,-8.55],[16.275217,-8.45],[16.25,-8.421569],[16.193846,-8.35],[16.25,-8.255806],[16.254787,-8.25],[16.35,-8.165566],[16.382673,-8.15],[16.35,-8.107692],[16.258163,-8.05],[16.25,-8.044366],[16.158219,-7.95],[16.15,-7.934211],[16.081915,-7.85],[16.05,-7.79],[16.033333,-7.75],[15.974096,-7.65],[15.95,-7.55],[15.9,-7.45],[15.85,-7.395],[15.75,-7.414286],[15.708462,-7.35],[15.65,-7.294118],[15.575,-7.25],[15.65,-7.176829],[15.66,-7.15],[15.65,-7.12381],[15.619903,-7.05],[15.55,-6.95137],[15.544118,-6.95],[15.45,-6.877273],[15.388462,-6.95],[15.35,-6.975],[15.328723,-6.95],[15.311111,-6.85],[15.264,-6.75],[15.25,-6.722],[15.218966,-6.65],[15.15,-6.599367],[15.05,-6.59375],[15.036364,-6.65],[15.05,-6.663846],[15.09375,-6.75],[15.15,-6.843506],[15.163158,-6.85],[15.199315,-6.95],[15.15,-6.977907],[15.05,-7.021488],[15.006051,-7.05],[14.95,-7.138],[14.946859,-7.15],[14.95,-7.154412],[15.008559,-7.25],[15.05,-7.313889],[15.085739,-7.35],[15.131065,-7.45],[15.15,-7.541429],[15.151327,-7.55],[15.15,-7.573077],[15.145215,-7.65],[15.15,-7.660309],[15.183462,-7.75],[15.165676,-7.85],[15.191438,-7.95],[15.213913,-8.05],[15.242169,-8.15],[15.25,-8.161818],[15.287165,-8.25],[15.28771,-8.35],[15.317421,-8.45],[15.314249,-8.55],[15.337603,-8.65],[15.35,-8.676316],[15.37029,-8.75],[15.403202,-8.85],[15.376923,-8.95],[15.35,-8.994094],[15.305625,-9.05],[15.35,-9.104198],[15.45,-9.11381],[15.55,-9.093333],[15.65,-9.109286],[15.75,-9.108915],[15.85,-9.116154],[15.95,-9.139655],[16.004545,-9.15],[15.95,-9.17],[15.862727,-9.25],[15.85,-9.268919],[15.75,-9.29878],[15.65,-9.313793],[15.628571,-9.35],[15.553704,-9.45],[15.633636,-9.55],[15.55,-9.604118],[15.492647,-9.65],[15.55,-9.71],[15.646296,-9.75],[15.55,-9.786111],[15.45,-9.783684],[15.413584,-9.85],[15.379249,-9.95],[15.37381,-10.05],[15.35,-10.081746],[15.34187,-10.05],[15.309783,-9.95],[15.25,-9.902174],[15.18617,-9.85],[15.15,-9.813441],[15.05,-9.792037],[14.972105,-9.85],[14.968018,-9.95],[14.95,-10.006338],[14.85,-10.017164],[14.838482,-10.05],[14.85,-10.128571],[14.857453,-10.15],[14.85,-10.161881],[14.75,-10.240244],[14.7308,-10.25],[14.65,-10.316013],[14.632131,-10.35],[14.649462,-10.45],[14.580657,-10.55],[14.558134,-10.65],[14.55,-10.664783],[14.493333,-10.65],[14.45,-10.635057],[14.437963,-10.65],[14.441011,-10.75],[14.369831,-10.85],[14.390909,-10.95],[14.45,-11.039655],[14.45767,-11.05],[14.45,-11.061157],[14.35,-11.116008],[14.326503,-11.15],[14.35,-11.22963],[14.35991,-11.25],[14.35,-11.302381],[14.331818,-11.35],[14.291353,-11.45],[14.265111,-11.55],[14.340984,-11.65],[14.25,-11.721154],[14.228673,-11.75],[14.186913,-11.85],[14.15,-11.922368],[14.145024,-11.95],[14.113438,-12.05],[14.05,-12.131526],[14.038265,-12.15],[14.02875,-12.25],[14.034646,-12.35],[14.05,-12.383913],[14.081933,-12.45],[14.05,-12.485849],[13.95,-12.503125],[13.927444,-12.55],[13.943923,-12.65],[13.95,-12.653143],[14.05,-12.651347],[14.15,-12.674848],[14.232,-12.65],[14.25,-12.643525],[14.316667,-12.65],[14.35,-12.658182],[14.406111,-12.75],[14.35,-12.823723],[14.29,-12.85],[14.329268,-12.95],[14.35,-13.006667],[14.361927,-13.05],[14.392683,-13.15],[14.45,-13.219118],[14.503846,-13.25],[14.45,-13.258974],[14.35,-13.273288],[14.25,-13.287895],[14.197788,-13.35],[14.25,-13.442188],[14.265152,-13.45],[14.25,-13.453759],[14.15,-13.478244],[14.05,-13.470641],[13.978754,-13.55],[14.002595,-13.65],[13.982248,-13.75],[14.05,-13.846296],[14.051852,-13.85],[14.116116,-13.95],[14.143007,-14.05],[14.15,-14.064706],[14.160861,-14.15],[14.15,-14.227333],[14.116,-14.25],[14.05,-14.275581],[13.979787,-14.25],[13.95,-14.23843],[13.85,-14.245349],[13.84759,-14.25],[13.75,-14.345294],[13.741837,-14.35],[13.65,-14.421429],[13.621429,-14.45],[13.55,-14.46875],[13.45,-14.530282],[13.438845,-14.55],[13.415758,-14.65],[13.359913,-14.75],[13.35,-14.758095],[13.25,-14.811993],[13.224055,-14.85],[13.159859,-14.95],[13.183891,-15.05],[13.185692,-15.15],[13.173972,-15.25],[13.25,-15.328329],[13.275867,-15.35],[13.35,-15.415102],[13.408017,-15.45],[13.45,-15.490695],[13.545082,-15.55],[13.55,-15.57],[13.588217,-15.65],[13.630201,-15.75],[13.572727,-15.85],[13.55,-15.855333],[13.45,-15.88875],[13.35,-15.901629],[13.293732,-15.95],[13.25,-16.004545],[13.20777,-16.05],[13.15,-16.148276],[13.148983,-16.15],[13.05,-16.202803],[12.993261,-16.25],[12.974576,-16.35],[13.044444,-16.45],[13.026615,-16.55],[13.013183,-16.65],[13.05,-16.700325],[13.15,-16.717208],[13.25,-16.710494],[13.334211,-16.75],[13.35,-16.757742],[13.36519,-16.75],[13.365385,-16.65],[13.45,-16.639524],[13.456832,-16.65],[13.479258,-16.75],[13.520779,-16.85],[13.55,-16.895455],[13.65,-16.907261],[13.75,-16.919318],[13.838525,-16.95],[13.85,-16.956306],[13.888889,-16.95],[13.95,-16.942903],[13.962941,-16.95],[14.004839,-17.05],[14.022,-17.15],[14.044495,-17.25],[14.05,-17.256593],[14.15,-17.273],[14.25,-17.287143],[14.283846,-17.35],[14.25,-17.422131],[14.234112,-17.45],[14.15,-17.487975],[14.05,-17.475763],[13.95,-17.468826],[13.85,-17.458532],[13.75,-17.485321],[13.65,-17.541379],[13.573188,-17.45],[13.65,-17.412143],[13.70241,-17.35],[13.65,-17.309908],[13.597368,-17.25],[13.55,-17.213323],[13.45,-17.206698],[13.381527,-17.25],[13.35,-17.272535],[13.25,-17.257377],[13.240476,-17.25],[13.19497,-17.15],[13.15,-17.086134],[13.132231,-17.05],[13.05,-17.009635],[12.978674,-17.05],[12.95,-17.061696],[12.855329,-17.15],[12.85,-17.160726],[12.772039,-17.25],[12.75,-17.277778],[12.65,-17.275126],[12.601148,-17.35],[12.623883,-17.45],[12.65,-17.513333],[12.671836,-17.55],[12.70703,-17.65],[12.720027,-17.75],[12.75,-17.84322],[12.752432,-17.85],[12.782222,-17.95],[12.75,-17.997154],[12.690816,-17.95],[12.65,-17.922028],[12.55,-17.854673],[12.45,-17.863402],[12.414557,-17.95],[12.45,-17.992211],[12.537121,-18.05],[12.55,-18.068085],[12.583333,-18.05],[12.65,-18.004054],[12.684343,-18.05],[12.65,-18.118],[12.632796,-18.15],[12.65,-18.159816],[12.703333,-18.15],[12.75,-18.132278],[12.85,-18.108621],[12.95,-18.109694],[13.012205,-18.15],[13.045522,-18.25],[13.05,-18.25283],[13.056316,-18.25],[13.15,-18.22053],[13.219381,-18.15],[13.25,-18.089744],[13.291611,-18.05],[13.343443,-17.95],[13.35,-17.933333],[13.45,-17.915799],[13.55,-17.946512],[13.558696,-17.95],[13.55,-18.035714],[13.54726,-18.05],[13.45,-18.09303],[13.41255,-18.15],[13.447037,-18.25],[13.35,-18.336755],[13.329592,-18.35],[13.25,-18.416102],[13.15,-18.408621],[13.102,-18.45],[13.15,-18.506],[13.224157,-18.55],[13.25,-18.57987],[13.274468,-18.55],[13.35,-18.487168],[13.37351,-18.55],[13.43625,-18.65],[13.45,-18.666058],[13.484639,-18.75],[13.527311,-18.85],[13.55,-18.922973],[13.558511,-18.95],[13.65,-19.00443],[13.75,-19.027329],[13.76906,-19.05],[13.85,-19.139337],[13.877407,-19.15],[13.920393,-19.25],[13.947719,-19.35],[13.9475,-19.45],[13.85,-19.53945],[13.75,-19.482967],[13.669643,-19.45],[13.65,-19.440717],[13.630357,-19.45],[13.580241,-19.55],[13.588378,-19.65],[13.65,-19.730851],[13.75,-19.746129],[13.85,-19.75],[13.85,-19.75],[13.95,-19.834058],[13.964043,-19.85],[13.957359,-19.95],[13.95,-20.015385],[13.945982,-20.05],[13.938942,-20.15],[13.95,-20.184848],[14.007333,-20.25],[14.05,-20.279091],[14.061765,-20.25],[14.15,-20.154762],[14.15411,-20.15],[14.15,-20.127778],[14.136275,-20.05],[14.15,-20.029412],[14.25,-19.95942],[14.35,-19.961429],[14.45,-19.950826],[14.452083,-19.95],[14.538636,-19.85],[14.55,-19.84],[14.569608,-19.85],[14.65,-19.889423],[14.725904,-19.95],[14.75,-20.036957],[14.759375,-20.05],[14.85,-20.135294],[14.855319,-20.15],[14.85,-20.163158],[14.811176,-20.25],[14.85,-20.341667],[14.892857,-20.35],[14.95,-20.354878],[15.048734,-20.45],[15.05,-20.454348],[15.10641,-20.55],[15.15,-20.565888],[15.25,-20.59058],[15.299778,-20.55],[15.339623,-20.45],[15.35,-20.439423],[15.45,-20.378283],[15.55,-20.411616],[15.595783,-20.45],[15.55,-20.547436],[15.548795,-20.55],[15.515,-20.65],[15.469231,-20.75],[15.45,-20.778302],[15.35,-20.814516],[15.321053,-20.85],[15.25,-20.938525],[15.237931,-20.95],[15.2,-21.05],[15.15,-21.093023],[15.05,-21.146],[15.0468,-21.15],[15.033495,-21.25],[15.05,-21.27],[15.115385,-21.25],[15.15,-21.234483],[15.25,-21.223],[15.297368,-21.25],[15.35,-21.296875],[15.45,-21.347531],[15.453846,-21.35],[15.45,-21.353448],[15.35,-21.378814],[15.25,-21.437629],[15.242053,-21.45],[15.186975,-21.55],[15.155155,-21.65],[15.15,-21.668519],[15.119444,-21.75],[15.096591,-21.85],[15.118367,-21.95],[15.15,-22.046875],[15.151299,-22.05],[15.25,-22.113866],[15.35,-22.095902],[15.45,-22.07625],[15.489375,-22.05],[15.525155,-21.95],[15.543684,-21.85],[15.55,-21.848356],[15.558219,-21.85],[15.626923,-21.95],[15.585926,-22.05],[15.558889,-22.15],[15.55,-22.162739],[15.480102,-22.25],[15.45,-22.284706],[15.393077,-22.35],[15.421277,-22.45],[15.45,-22.471774],[15.474107,-22.45],[15.523026,-22.35],[15.55,-22.326966],[15.65,-22.293617],[15.75,-22.250521],[15.85,-22.294082],[15.95,-22.294737],[16.05,-22.315241],[16.15,-22.302174],[16.23871,-22.35],[16.15,-22.387671],[16.05,-22.4125],[15.95,-22.403846],[15.873729,-22.45],[15.85,-22.480435],[15.75,-22.515278],[15.717742,-22.55],[15.65,-22.631395],[15.641273,-22.65],[15.603633,-22.75],[15.589024,-22.85],[15.55,-22.947959],[15.549248,-22.95],[15.55,-22.957143],[15.562264,-23.05],[15.55,-23.142857],[15.549057,-23.15],[15.55,-23.151695],[15.566667,-23.15],[15.65,-23.144898],[15.75,-23.083929],[15.85,-23.056818],[15.95,-23.091667],[16.006452,-23.15],[15.967197,-23.25],[15.95,-23.280682],[15.890777,-23.35],[15.95,-23.4],[16.022619,-23.45],[15.95,-23.533562],[15.938235,-23.55],[15.898571,-23.65],[15.85,-23.727273],[15.833871,-23.75],[15.85,-23.769608],[15.889806,-23.85],[15.95,-23.924699],[15.971875,-23.95],[15.95,-23.971649],[15.902795,-24.05],[15.85,-24.107047],[15.75,-24.146429],[15.742308,-24.15],[15.703333,-24.25],[15.75,-24.26875],[15.85,-24.280952],[15.878431,-24.35],[15.910123,-24.45],[15.95,-24.498148],[15.987037,-24.55],[16.021429,-24.65],[15.95,-24.728231],[15.93,-24.75],[15.883036,-24.85],[15.85,-24.894048],[15.75,-24.857273],[15.665,-24.95],[15.75,-25.021831],[15.8125,-25.05],[15.838,-25.15],[15.75,-25.159091],[15.670863,-25.25],[15.703252,-25.35],[15.75,-25.445833],[15.752793,-25.45],[15.85,-25.516923],[15.95,-25.512312],[16.036111,-25.45],[16.05,-25.417213],[16.061494,-25.45],[16.07029,-25.55],[16.053586,-25.65],[16.05,-25.664754],[16.01,-25.75],[16.05,-25.839655],[16.061111,-25.85],[16.07623,-25.95],[16.055983,-26.05],[16.068182,-26.15],[16.15,-26.180508],[16.242481,-26.25],[16.25,-26.259615],[16.339524,-26.35],[16.25,-26.403107],[16.15,-26.422523],[16.067568,-26.45],[16.100629,-26.55],[16.070134,-26.65],[16.05,-26.660309],[15.95,-26.719048],[15.915789,-26.75],[15.931102,-26.85],[15.95,-26.89486],[16.05,-26.899206],[16.086364,-26.95],[16.15,-27.0],[16.25,-27.0325],[16.272764,-27.05],[16.35,-27.114626],[16.392623,-27.15],[16.45,-27.192683],[16.50697,-27.25],[16.55,-27.287766],[16.65,-27.326571],[16.676282,-27.35],[16.701685,-27.45],[16.65,-27.532143],[16.642366,-27.55],[16.64697,-27.65],[16.65,-27.654651],[16.695055,-27.75],[16.75,-27.804645],[16.85,-27.836783],[16.873144,-27.85],[16.95,-27.88614],[17.021545,-27.85],[17.05,-27.820833],[17.088462,-27.85],[17.15,-27.875112],[17.19498,-27.85],[17.231935,-27.75],[17.25,-27.719399],[17.287026,-27.65],[17.31,-27.55],[17.25,-27.481229],[17.15,-27.481915],[17.119799,-27.45],[17.15,-27.389189],[17.163744,-27.35],[17.15,-27.309155],[17.128788,-27.25],[17.112842,-27.15],[17.110938,-27.05],[17.119948,-26.95],[17.121163,-26.85],[17.145385,-26.75],[17.134615,-26.65],[17.15,-26.565789],[17.25,-26.589683],[17.342683,-26.65],[17.35,-26.654762],[17.410606,-26.75],[17.45,-26.801316],[17.512903,-26.75],[17.55,-26.718056],[17.602688,-26.65],[17.592515,-26.55],[17.588961,-26.45],[17.604815,-26.35],[17.627059,-26.25],[17.637037,-26.15],[17.643007,-26.05],[17.65,-26.0],[17.670833,-25.95],[17.75,-25.916667],[17.843827,-25.85],[17.75,-25.774],[17.65,-25.773077],[17.646471,-25.75],[17.635135,-25.65],[17.641429,-25.55],[17.636957,-25.45],[17.645588,-25.35],[17.65,-25.322727],[17.657895,-25.35],[17.75,-25.442105],[17.758108,-25.45],[17.794186,-25.55],[17.85,-25.616667],[17.916667,-25.55],[17.95,-25.492857],[18.05,-25.55],[18.05,-25.55],[18.139655,-25.65],[18.135106,-25.75],[18.15,-25.788889],[18.228571,-25.85],[18.25,-25.865],[18.312963,-25.95],[18.284545,-26.05],[18.25,-26.1],[18.159524,-26.15],[18.15,-26.15274],[18.05,-26.203333],[18.015,-26.25],[17.989474,-26.35],[17.95,-26.415934],[17.932286,-26.45],[17.878302,-26.55],[17.945604,-26.65],[17.95,-26.6525],[17.954819,-26.65],[18.05,-26.560227],[18.15,-26.560714],[18.25,-26.552941],[18.35,-26.5908],[18.45,-26.57193],[18.48125,-26.55],[18.55,-26.502991],[18.65,-26.451282],[18.653226,-26.45],[18.75,-26.373077],[18.85,-26.363889],[18.876316,-26.35],[18.85,-26.278571],[18.840909,-26.25],[18.85,-26.238235],[18.95,-26.231818],[19.05,-26.22931],[19.092857,-26.25],[19.15,-26.3],[19.25,-26.266667],[19.26,-26.25],[19.35,-26.16],[19.357143,-26.15],[19.35,-26.125],[19.25,-26.05],[19.35,-25.975],[19.45,-25.966667],[19.483333,-25.95],[19.55,-25.87],[19.5625,-25.85],[19.65,-25.75],[19.721429,-25.65],[19.75,-25.55],[19.85,-25.557143],[19.95,-25.55],[20.05,-25.516667],[20.116667,-25.45],[20.15,-25.421429],[20.221429,-25.35],[20.25,-25.327778],[20.35,-25.28],[20.392857,-25.25],[20.45,-25.183333],[20.55,-25.188462],[20.65,-25.21],[20.75,-25.194444],[20.85,-25.186364],[20.95,-25.204545],[21.05,-25.22],[21.15,-25.25],[21.15,-25.25],[21.25,-25.28],[21.35,-25.304545],[21.45,-25.35],[21.45,-25.35],[21.55,-25.4125],[21.625,-25.45],[21.65,-25.466667],[21.75,-25.5375],[21.85,-25.55],[21.85,-25.55],[21.95,-25.55],[22.05,-25.55],[22.15,-25.6],[22.2,-25.65],[22.2,-25.75],[22.208333,-25.85],[22.242308,-25.95],[22.25,-25.959091],[22.266667,-25.95],[22.35,-25.9],[22.376316,-25.85],[22.416667,-25.75],[22.45,-25.721429],[22.516667,-25.75],[22.55,-25.757143],[22.65,-25.8],[22.701852,-25.75],[22.728571,-25.65],[22.75,-25.6],[22.792857,-25.55],[22.85,-25.483333],[22.89,-25.55],[22.908333,-25.65],[22.95,-25.721429],[22.968182,-25.75],[22.95,-25.783333],[22.913636,-25.85],[22.872222,-25.95],[22.85,-25.99],[22.821429,-26.05],[22.764286,-26.15],[22.75,-26.183333],[22.722727,-26.25],[22.695,-26.35],[22.673529,-26.45],[22.7,-26.55],[22.681579,-26.65],[22.65,-26.735714],[22.646429,-26.75],[22.65,-26.757143],[22.718421,-26.85],[22.65,-26.896429],[22.55,-26.886],[22.45,-26.894444],[22.35,-26.917857],[22.31087,-26.95],[22.25,-27.016667],[22.220833,-27.05],[22.156897,-27.15],[22.15,-27.166667],[22.091176,-27.25],[22.05,-27.286842],[21.95,-27.338889],[21.931818,-27.35],[21.853448,-27.45],[21.857692,-27.55],[21.85,-27.572222],[21.796154,-27.65],[21.75,-27.735714],[21.744118,-27.75],[21.716667,-27.85],[21.70625,-27.95],[21.65,-28.00625],[21.608824,-28.05],[21.65,-28.078],[21.75,-28.116667],[21.768,-28.15],[21.85,-28.233673],[21.95,-28.22931],[22.035714,-28.25],[22.005,-28.35],[21.995,-28.45],[21.985088,-28.55],[21.988532,-28.65],[22.05,-28.748529],[22.15,-28.721579],[22.234375,-28.75],[22.25,-28.821429],[22.252817,-28.85],[22.296296,-28.95],[22.327966,-29.05],[22.302703,-29.15],[22.35,-29.25],[22.348485,-29.35],[22.279167,-29.45],[22.25,-29.483333],[22.1975,-29.45],[22.15,-29.420313],[22.079688,-29.35],[22.056383,-29.25],[22.05,-29.239655],[22.005172,-29.15],[21.988835,-29.05],[21.95,-29.016102],[21.85,-28.981818],[21.75,-29.018421],[21.65,-28.986585],[21.592308,-28.95],[21.55,-28.888889],[21.465385,-28.95],[21.45,-28.955714],[21.35,-29.044444],[21.347674,-29.05],[21.35,-29.052703],[21.45,-29.123333],[21.484286,-29.15],[21.55,-29.235185],[21.571053,-29.25],[21.625862,-29.35],[21.643548,-29.45],[21.55,-29.546667],[21.546296,-29.55],[21.55,-29.555263],[21.614286,-29.65],[21.65,-29.687037],[21.708621,-29.75],[21.75,-29.776667],[21.85,-29.809259],[21.882353,-29.85],[21.942857,-29.95],[21.95,-29.983333],[21.976667,-30.05],[22.05,-30.078205],[22.15,-30.131818],[22.161111,-30.15],[22.15,-30.183333],[22.126471,-30.25],[22.067647,-30.35],[22.05,-30.392857],[21.95,-30.377273],[21.886,-30.45],[21.85,-30.467308],[21.756522,-30.55],[21.75,-30.553333],[21.65,-30.554255],[21.55,-30.555952],[21.504545,-30.55],[21.478571,-30.45],[21.55,-30.433333],[21.65,-30.374138],[21.7,-30.35],[21.65,-30.331081],[21.604545,-30.25],[21.55,-30.215049],[21.45,-30.189326],[21.380769,-30.25],[21.45,-30.343103],[21.463793,-30.35],[21.45,-30.416667],[21.4,-30.45],[21.35,-30.49],[21.339286,-30.55],[21.25,-30.6],[21.15,-30.589726],[21.05,-30.61],[20.975714,-30.65],[20.95,-30.6875],[20.861765,-30.75],[20.85,-30.758696],[20.75,-30.840323],[20.65,-30.812295],[20.55,-30.85],[20.55,-30.85],[20.55,-30.85],[20.572727,-30.95],[20.584783,-31.05],[20.55,-31.071053],[20.45,-31.082353],[20.375806,-31.15],[20.35,-31.211538],[20.288462,-31.15],[20.25,-31.11875],[20.226087,-31.05],[20.15,-30.960256],[20.07,-30.95],[20.05,-30.948507],[20.0,-30.95],[19.95,-30.951408],[19.944737,-30.95],[19.85,-30.924286],[19.79,-30.95],[19.833607,-31.05],[19.85,-31.061628],[19.913333,-31.15],[19.85,-31.21281],[19.814286,-31.25],[19.75,-31.281395],[19.65733,-31.35],[19.65,-31.366471],[19.605625,-31.45],[19.65,-31.522449],[19.679032,-31.55],[19.65,-31.596552],[19.63755,-31.65],[19.65,-31.658832],[19.75,-31.674359],[19.803515,-31.75],[19.85,-31.827068],[19.870748,-31.85],[19.913885,-31.95],[19.95,-31.994821],[20.024365,-32.05],[20.05,-32.07644],[20.143667,-32.15],[20.15,-32.15748],[20.188779,-32.25],[20.25,-32.325714],[20.289016,-32.35],[20.343517,-32.45],[20.35,-32.46236],[20.409847,-32.55],[20.45,-32.587116],[20.55,-32.635224],[20.570664,-32.65],[20.597541,-32.75],[20.55,-32.837349],[20.52375,-32.85],[20.45,-32.870922],[20.4028,-32.85],[20.35,-32.825373],[20.279032,-32.85],[20.327165,-32.95],[20.348515,-33.05],[20.35,-33.051579],[20.45,-33.0835],[20.55,-33.109091],[20.65,-33.056107],[20.658696,-33.05],[20.740099,-32.95],[20.75,-32.938372],[20.85,-32.912727],[20.933133,-32.85],[20.95,-32.840071],[20.979787,-32.85],[21.01129,-32.95],[21.05,-32.996154],[21.15,-33.024194],[21.205288,-32.95],[21.201667,-32.85],[21.206839,-32.75],[21.207143,-32.65],[21.243188,-32.55],[21.25,-32.545336],[21.35,-32.493119],[21.401648,-32.45],[21.45,-32.430952],[21.55,-32.403444],[21.637387,-32.35],[21.65,-32.338382],[21.75,-32.312621],[21.85,-32.30663],[21.95,-32.291921],[22.05,-32.303313],[22.121371,-32.25],[22.15,-32.232294],[22.25,-32.220725],[22.300249,-32.25],[22.35,-32.28876],[22.45,-32.340605],[22.55,-32.323488],[22.65,-32.281551],[22.703636,-32.25],[22.75,-32.214828],[22.830952,-32.25],[22.85,-32.26519],[22.95,-32.263725],[22.965556,-32.25],[23.05,-32.220769],[23.15,-32.233893],[23.21,-32.25],[23.25,-32.271622],[23.300877,-32.35],[23.35,-32.382558],[23.431159,-32.35],[23.393,-32.25],[23.35,-32.175862],[23.324576,-32.15],[23.35,-32.105882],[23.433333,-32.15],[23.45,-32.155],[23.55,-32.234848],[23.630645,-32.25],[23.65,-32.256818],[23.75,-32.346581],[23.751039,-32.35],[23.85,-32.431064],[23.940499,-32.35],[23.95,-32.337692],[24.05,-32.293323],[24.148454,-32.35],[24.15,-32.351071],[24.151523,-32.35],[24.243662,-32.25],[24.25,-32.226316],[24.35,-32.163596],[24.387805,-32.15],[24.45,-32.133861],[24.55,-32.120889],[24.62013,-32.15],[24.604417,-32.25],[24.65,-32.30119],[24.709135,-32.35],[24.75,-32.376814],[24.85,-32.370301],[24.95,-32.405932],[25.05,-32.429586],[25.15,-32.436019],[25.161412,-32.45],[25.215341,-32.55],[25.25,-32.582447],[25.321148,-32.65],[25.35,-32.720548],[25.45,-32.663018],[25.55,-32.712311],[25.65,-32.686471],[25.691196,-32.65],[25.688697,-32.55],[25.6956,-32.45],[25.655556,-32.35],[25.65,-32.28],[25.648872,-32.25],[25.579412,-32.15],[25.65,-32.120492],[25.680769,-32.15],[25.75,-32.195],[25.85,-32.184615],[25.870859,-32.25],[25.85022,-32.35],[25.85,-32.35119],[25.8121,-32.45],[25.85,-32.491919],[25.95,-32.516667],[26.008921,-32.55],[26.05,-32.620213],[26.15,-32.615934],[26.237273,-32.55],[26.25,-32.535597],[26.35,-32.522325],[26.392373,-32.55],[26.45,-32.65],[26.55,-32.587845],[26.591265,-32.55],[26.65,-32.516028],[26.75,-32.507113],[26.795598,-32.55],[26.85,-32.634859],[26.95,-32.630177],[27.022727,-32.65],[27.05,-32.660096],[27.065556,-32.65],[27.15,-32.606654],[27.25,-32.638686],[27.35,-32.569459],[27.370112,-32.55],[27.441195,-32.45],[27.45,-32.439063],[27.516279,-32.35],[27.45,-32.307143],[27.354202,-32.35],[27.35,-32.353333],[27.342857,-32.35],[27.340805,-32.25],[27.25,-32.178829],[27.15,-32.190991],[27.05,-32.15],[27.15,-32.093827],[27.211739,-32.05],[27.193624,-31.95],[27.25,-31.876957],[27.35,-31.899664],[27.45,-31.949145],[27.450833,-31.95],[27.493846,-32.05],[27.55,-32.078185],[27.603285,-32.05],[27.65,-31.990187],[27.7,-31.95],[27.75,-31.878333],[27.770988,-31.85],[27.765,-31.75],[27.844839,-31.65],[27.85,-31.644265],[27.911538,-31.65],[27.95,-31.655988],[27.956944,-31.65],[28.05,-31.612147],[28.15,-31.571739],[28.188732,-31.55],[28.25,-31.526164],[28.297802,-31.55],[28.35,-31.578529],[28.421429,-31.55],[28.45,-31.536525],[28.526972,-31.45],[28.55,-31.432536],[28.6461,-31.35],[28.626351,-31.25],[28.65,-31.208333],[28.706977,-31.15],[28.75,-31.129781],[28.828495,-31.05],[28.85,-31.002941],[28.95,-31.003182],[29.0085,-30.95],[29.032197,-30.85],[29.05,-30.80913],[29.085606,-30.85],[29.15,-30.883597],[29.219421,-30.95],[29.25,-30.974667],[29.35,-30.979231],[29.37585,-30.95],[29.45,-30.918314],[29.55,-30.903608],[29.65,-30.87],[29.680709,-30.85],[29.664211,-30.75],[29.728417,-30.65],[29.75,-30.6125],[29.80618,-30.55],[29.783654,-30.45],[29.85,-30.358811],[29.86227,-30.35],[29.894062,-30.25],[29.95,-30.171834],[30.05,-30.210976],[30.092614,-30.15],[30.076685,-30.05],[30.0592,-29.95],[30.05,-29.904902],[30.034444,-29.85],[30.05,-29.838664],[30.066667,-29.85],[30.15,-29.888147],[30.25,-29.854281],[30.260769,-29.85],[30.306827,-29.75],[30.258462,-29.65],[30.305507,-29.55],[30.272776,-29.45],[30.348919,-29.35],[30.35,-29.349469],[30.45,-29.28101],[30.55,-29.258108],[30.65,-29.272222],[30.65241,-29.25],[30.65,-29.216667],[30.635965,-29.15],[30.65,-29.139474],[30.75,-29.145683],[30.85,-29.06713],[30.890217,-29.05],[30.871131,-28.95],[30.85,-28.931117],[30.75,-28.858416],[30.7,-28.85],[30.65,-28.84538],[30.642478,-28.85],[30.55,-28.909544],[30.45,-28.942547],[30.428947,-28.95],[30.35,-28.993269],[30.335577,-28.95],[30.35,-28.906311],[30.378019,-28.85],[30.35,-28.831703],[30.25,-28.820259],[30.196512,-28.85],[30.15,-28.879126],[30.05,-28.889894],[29.970213,-28.85],[29.95,-28.825641],[29.85,-28.793137],[29.805102,-28.75],[29.85,-28.690541],[29.876316,-28.65],[29.95,-28.611468],[30.027011,-28.55],[30.05,-28.459091],[30.15,-28.483898],[30.169403,-28.55],[30.25,-28.603115],[30.35,-28.605833],[30.45,-28.627966],[30.472286,-28.65],[30.55,-28.695333],[30.594013,-28.65],[30.55,-28.589286],[30.511062,-28.55],[30.55,-28.493226],[30.65,-28.476452],[30.698511,-28.55],[30.693358,-28.65],[30.75,-28.688305],[30.85,-28.68808],[30.935921,-28.65],[30.95,-28.585],[31.05,-28.608937],[31.145313,-28.55],[31.11621,-28.45],[31.145971,-28.35],[31.05,-28.26058],[30.95,-28.258714],[30.92439,-28.25],[30.873377,-28.15],[30.908228,-28.05],[30.95,-27.998438],[31.05,-28.023109],[31.083591,-27.95],[31.15,-27.889649],[31.25,-27.881818],[31.35,-27.873387],[31.363679,-27.85],[31.35,-27.835854],[31.257368,-27.75],[31.272222,-27.65],[31.25,-27.630952],[31.15,-27.588806],[31.05,-27.59023],[30.95,-27.566807],[30.923333,-27.55],[30.95,-27.481034],[30.958491,-27.45],[30.952655,-27.35],[31.007282,-27.25],[31.05,-27.186232],[31.15,-27.159722],[31.227778,-27.15],[31.25,-27.14],[31.259524,-27.05],[31.25,-27.040217],[31.15,-27.0325],[31.13254,-26.95],[31.15,-26.928571],[31.186228,-26.85],[31.213473,-26.75],[31.15,-26.655357],[31.142683,-26.65],[31.061039,-26.55],[31.124729,-26.45],[31.15,-26.410452],[31.25,-26.371284],[31.273684,-26.35],[31.256587,-26.25],[31.2585,-26.15],[31.25,-26.142704],[31.15,-26.077049],[31.05,-26.060456],[30.95,-26.057383],[30.85,-26.0562],[30.826692,-26.05],[30.85,-26.036099],[30.95,-26.040598],[31.05,-26.031429],[31.15,-26.00836],[31.230435,-25.95],[31.218683,-25.85],[31.177419,-25.75],[31.15,-25.742887],[31.142576,-25.75],[31.05,-25.786678],[30.95,-25.79882],[30.854947,-25.75],[30.85,-25.736916],[30.828066,-25.65],[30.85,-25.570513],[30.870339,-25.55],[30.85,-25.538462],[30.75,-25.457853],[30.723684,-25.45],[30.75,-25.425806],[30.831739,-25.35],[30.85,-25.338462],[30.95,-25.253356],[30.955102,-25.25],[30.984167,-25.15],[30.95,-25.117843],[30.890345,-25.05],[30.92942,-24.95],[30.95,-24.884862],[30.9652,-24.85],[30.95,-24.819355],[30.932937,-24.75],[30.923856,-24.65],[30.8657,-24.55],[30.85,-24.539956],[30.753286,-24.45],[30.75,-24.447318],[30.735567,-24.45],[30.65,-24.498256],[30.55,-24.483333],[30.45,-24.545215],[30.446139,-24.55],[30.404121,-24.65],[30.383101,-24.75],[30.35,-24.809375],[30.25404,-24.75],[30.25,-24.747468],[30.247222,-24.75],[30.15,-24.839172],[30.12651,-24.75],[30.14265,-24.65],[30.15,-24.612376],[30.25,-24.594],[30.282703,-24.55],[30.333117,-24.45],[30.25,-24.401515],[30.191284,-24.45],[30.15,-24.491667],[30.05,-24.510145],[29.996965,-24.45],[29.959581,-24.35],[29.95,-24.341534],[29.918627,-24.35],[29.884081,-24.45],[29.852,-24.55],[29.85,-24.551415],[29.75,-24.559659],[29.65,-24.624375],[29.621918,-24.65],[29.560929,-24.75],[29.55,-24.766],[29.501835,-24.85],[29.45,-24.926871],[29.429394,-24.95],[29.403371,-25.05],[29.45,-25.118033],[29.466049,-25.15],[29.45,-25.242857],[29.35,-25.204369],[29.267647,-25.15],[29.25,-25.134615],[29.197826,-25.15],[29.15,-25.172],[29.05,-25.175676],[28.95,-25.163636],[28.85,-25.166043],[28.75,-25.168041],[28.65,-25.166923],[28.619444,-25.15],[28.65,-25.071429],[28.665,-25.05],[28.75,-25.009524],[28.85,-24.984],[28.95,-24.975806],[28.968605,-24.95],[28.95,-24.915217],[28.892308,-24.85],[28.95,-24.771053],[28.958163,-24.75],[28.957407,-24.65],[29.0375,-24.55],[29.05,-24.53],[29.102174,-24.45],[29.15,-24.434397],[29.25,-24.410902],[29.35,-24.359524],[29.43,-24.35],[29.45,-24.349134],[29.55,-24.325],[29.65,-24.310377],[29.734581,-24.25],[29.75,-24.236692],[29.85,-24.21778],[29.95,-24.211384],[30.05,-24.209697],[30.15,-24.2125],[30.21443,-24.25],[30.25,-24.293802],[30.35,-24.317094],[30.378755,-24.25],[30.35,-24.209536],[30.28905,-24.15],[30.25,-24.104321],[30.194828,-24.05],[30.15,-23.99542],[30.116479,-23.95],[30.071805,-23.85],[30.096667,-23.75],[30.05,-23.697973],[29.954054,-23.65],[29.98543,-23.55],[30.032447,-23.45],[29.992466,-23.35],[29.95,-23.312195],[29.883766,-23.25],[29.85,-23.220115],[29.75,-23.21875],[29.705224,-23.25],[29.658421,-23.35],[29.65,-23.374242],[29.55,-23.363208],[29.45,-23.353571],[29.4375,-23.35],[29.35,-23.320213],[29.25,-23.257143],[29.15,-23.302459],[29.05,-23.318571],[29.009322,-23.25],[28.996377,-23.15],[29.05,-23.101634],[29.08835,-23.05],[29.05,-23.014091],[28.95,-22.992407],[28.873864,-23.05],[28.85,-23.101639],[28.815698,-23.15],[28.805429,-23.25],[28.790437,-23.35],[28.85,-23.428986],[28.902727,-23.45],[28.884375,-23.55],[28.85,-23.589286],[28.774444,-23.65],[28.75,-23.661224],[28.684091,-23.75],[28.697222,-23.85],[28.65,-23.930952],[28.632915,-23.85],[28.62205,-23.75],[28.576415,-23.65],[28.55,-23.611644],[28.45,-23.588462],[28.410526,-23.55],[28.403846,-23.45],[28.45,-23.361111],[28.456,-23.35],[28.45,-23.342683],[28.35,-23.299275],[28.304545,-23.35],[28.307576,-23.45],[28.318056,-23.55],[28.29,-23.65],[28.25,-23.731633],[28.15,-23.735366],[28.05,-23.733696],[27.992308,-23.75],[27.95,-23.758088],[27.85,-23.80411],[27.803472,-23.85],[27.751667,-23.95],[27.75,-24.0],[27.745652,-23.95],[27.65,-23.874138],[27.58913,-23.85],[27.55,-23.841589],[27.45,-23.840411],[27.418182,-23.85],[27.390678,-23.95],[27.45,-24.006452],[27.480682,-24.05],[27.521429,-24.15],[27.45,-24.244595],[27.35,-24.223077],[27.30625,-24.25],[27.286207,-24.35],[27.293243,-24.45],[27.288073,-24.55],[27.25,-24.606463],[27.15,-24.638119],[27.05,-24.638406],[26.95,-24.640385],[26.904545,-24.65],[26.85,-24.658219],[26.75,-24.690909],[26.653704,-24.75],[26.65,-24.751754],[26.633333,-24.75],[26.55,-24.737805],[26.538889,-24.75],[26.482432,-24.85],[26.511905,-24.95],[26.492857,-25.05],[26.45303,-25.15],[26.45,-25.1625],[26.438889,-25.15],[26.35,-25.05],[26.344118,-24.95],[26.35,-24.945238],[26.395455,-24.85],[26.401807,-24.75],[26.35,-24.703261],[26.25,-24.661927],[26.215789,-24.65],[26.15,-24.5875],[26.05,-24.622093],[26.002,-24.65],[25.95,-24.664773],[25.92234,-24.65],[25.85,-24.558108],[25.82,-24.55],[25.85,-24.533333],[25.905556,-24.45],[25.95,-24.434416],[26.05,-24.360256],[26.059756,-24.35],[26.05,-24.339474],[25.95,-24.252985],[25.941304,-24.25],[25.95,-24.231818],[25.975,-24.15],[26.045833,-24.05],[26.05,-24.047436],[26.15,-23.954],[26.153571,-23.95],[26.219565,-23.85],[26.245775,-23.75],[26.221111,-23.65],[26.15,-23.594828],[26.057143,-23.55],[26.05,-23.542],[25.95,-23.476923],[25.903333,-23.45],[25.95,-23.4],[26.05,-23.361538],[26.08,-23.35],[26.15,-23.322],[26.25,-23.256452],[26.35,-23.25],[26.45,-23.252632],[26.475,-23.25],[26.55,-23.245946],[26.65,-23.201111],[26.75,-23.20303],[26.847222,-23.15],[26.85,-23.147222],[26.95,-23.069355],[27.05,-23.066667],[27.0675,-23.05],[27.15,-22.963158],[27.169231,-22.95],[27.15,-22.866667],[27.147872,-22.85],[27.067143,-22.75],[27.05,-22.735714],[26.95,-22.694898],[26.85,-22.653846],[26.84,-22.65],[26.788462,-22.55],[26.85,-22.518],[26.92907,-22.45],[26.95,-22.435484],[27.044643,-22.35],[27.048039,-22.25],[27.05,-22.246429],[27.15,-22.226316],[27.166667,-22.25],[27.25,-22.309211],[27.35,-22.335],[27.45,-22.28913],[27.48913,-22.25],[27.45,-22.16],[27.442308,-22.15],[27.35,-22.094186],[27.27963,-22.05],[27.25,-22.03],[27.15,-21.971875],[27.127419,-21.95],[27.106667,-21.85],[27.15,-21.773529],[27.168182,-21.75],[27.15,-21.740909],[27.05,-21.73],[26.95,-21.719565],[26.85,-21.6625],[26.847059,-21.65],[26.85,-21.646429],[26.95,-21.561111],[26.959091,-21.55],[27.05,-21.494444],[27.15,-21.480435],[27.25,-21.486842],[27.35,-21.464286],[27.361111,-21.45],[27.35,-21.413636],[27.328125,-21.35],[27.35,-21.28],[27.45,-21.254762],[27.454348,-21.25],[27.55,-21.176667],[27.65,-21.160345],[27.667647,-21.15],[27.75,-21.107576],[27.85,-21.089024],[27.95,-21.112069],[28.05,-21.076471],[28.092857,-21.05],[28.15,-21.02],[28.25,-21.02561],[28.321429,-21.05],[28.35,-21.062903],[28.373529,-21.05],[28.45,-21.005172],[28.55,-20.96],[28.57,-20.95],[28.65,-20.927778],[28.75,-20.855405],[28.85,-20.884],[28.95,-20.936667],[28.958333,-20.95],[29.05,-20.989286],[29.109459,-20.95],[29.073913,-20.85],[29.113793,-20.75],[29.129775,-20.65],[29.137719,-20.55],[29.15,-20.535714],[29.160606,-20.55],[29.201429,-20.65],[29.25,-20.681481],[29.35,-20.72027],[29.378205,-20.75],[29.45,-20.80283],[29.490323,-20.85],[29.55,-20.898684],[29.65,-20.922043],[29.75,-20.882632],[29.77844,-20.85],[29.75,-20.803731],[29.655263,-20.75],[29.75,-20.668182],[29.85,-20.704],[29.95,-20.72561],[30.05,-20.690426],[30.139063,-20.65],[30.063559,-20.55],[30.077848,-20.45],[30.05,-20.4],[29.996341,-20.35],[29.995614,-20.25],[30.036458,-20.15],[30.05,-20.088095],[30.070513,-20.05],[30.15,-19.981111],[30.25,-20.036842],[30.35,-20.03],[30.45,-19.994],[30.462844,-20.05],[30.55,-20.127236],[30.65,-20.124359],[30.676786,-20.15],[30.75,-20.207343],[30.782275,-20.25],[30.806805,-20.35],[30.85,-20.388421],[30.93022,-20.35],[30.95,-20.331818],[31.05,-20.282164],[31.130882,-20.25],[31.15,-20.2396],[31.166049,-20.25],[31.25,-20.285233],[31.29359,-20.25],[31.35,-20.159278],[31.45,-20.161656],[31.464394,-20.15],[31.55,-20.097685],[31.65,-20.069196],[31.75,-20.088253],[31.803361,-20.05],[31.772556,-19.95],[31.75,-19.929452],[31.65,-19.902174],[31.581818,-19.85],[31.615455,-19.75],[31.65,-19.684483],[31.664493,-19.65],[31.65,-19.559091],[31.648684,-19.55],[31.642308,-19.45],[31.65,-19.437097],[31.707447,-19.35],[31.652985,-19.25],[31.676316,-19.15],[31.681783,-19.05],[31.75,-18.974138],[31.782941,-18.95],[31.85,-18.885227],[31.917391,-18.85],[31.95,-18.838095],[31.962,-18.85],[32.05,-18.922848],[32.15,-18.949286],[32.151111,-18.95],[32.17973,-19.05],[32.25,-19.118421],[32.285294,-19.15],[32.2916,-19.25],[32.35,-19.305303],[32.387629,-19.25],[32.401563,-19.15],[32.435484,-19.05],[32.45,-19.005],[32.461688,-19.05],[32.486686,-19.15],[32.55,-19.212209],[32.610748,-19.25],[32.631081,-19.35],[32.619643,-19.45],[32.637372,-19.55],[32.55,-19.643431],[32.545373,-19.65],[32.55,-19.666822],[32.65,-19.738889],[32.653571,-19.75],[32.65,-19.75325],[32.55,-19.789732],[32.517391,-19.85],[32.496377,-19.95],[32.515605,-20.05],[32.55,-20.140756],[32.559016,-20.15],[32.55,-20.15873],[32.519496,-20.25],[32.547512,-20.35],[32.55,-20.352415],[32.557463,-20.35],[32.623248,-20.25],[32.65,-20.222549],[32.75,-20.170859],[32.809649,-20.15],[32.767901,-20.05],[32.85,-20.013158],[32.95,-19.970101],[33.05,-19.955178],[33.055766,-19.95],[33.15,-19.860903],[33.159771,-19.85],[33.195078,-19.75],[33.15,-19.695234],[33.05,-19.682187],[33.006425,-19.65],[32.95,-19.575369],[32.927802,-19.55],[32.909719,-19.45],[32.9075,-19.35],[32.85,-19.275588],[32.782558,-19.25],[32.810377,-19.15],[32.85,-19.061976],[32.856024,-19.05],[32.85,-19.036111],[32.775301,-18.95],[32.847659,-18.85],[32.85,-18.848066],[32.949162,-18.75],[32.917857,-18.65],[32.85,-18.571244],[32.812896,-18.55],[32.85,-18.491007],[32.869454,-18.45],[32.931442,-18.35],[32.95,-18.323674],[33.029877,-18.25],[33.05,-18.185526],[33.064876,-18.15],[33.122422,-18.05],[33.12051,-17.95],[33.080521,-17.85],[33.05,-17.785602],[32.999254,-17.75],[32.95,-17.711404],[32.85,-17.749408],[32.78463,-17.65],[32.75,-17.596061],[32.65,-17.597904],[32.593871,-17.65],[32.566895,-17.75],[32.558176,-17.85],[32.55,-17.85942],[32.509375,-17.85],[32.47449,-17.75],[32.45,-17.726923],[32.385484,-17.65],[32.383333,-17.55],[32.45,-17.529091],[32.526991,-17.45],[32.478788,-17.35],[32.45,-17.321212],[32.35,-17.27619],[32.25,-17.279911],[32.170238,-17.25],[32.15,-17.237591],[32.05,-17.243333],[31.95,-17.171622],[31.85,-17.212676],[31.75,-17.209184],[31.706989,-17.25],[31.65,-17.286806],[31.55,-17.272222],[31.511111,-17.25],[31.55,-17.229412],[31.61506,-17.15],[31.60974,-17.05],[31.618807,-16.95],[31.613768,-16.85],[31.55,-16.795],[31.45,-16.760959],[31.427778,-16.75],[31.45,-16.729487],[31.506364,-16.65],[31.55,-16.621765],[31.65,-16.593519],[31.701648,-16.55],[31.65,-16.520807],[31.55,-16.526078],[31.45,-16.52483],[31.35,-16.497134],[31.25,-16.468081],[31.15,-16.479615],[31.05,-16.518023],[30.95,-16.503957],[30.85,-16.482771],[30.75,-16.477049],[30.706,-16.45],[30.65,-16.434672],[30.567647,-16.45],[30.55,-16.46875],[30.45,-16.540566],[30.439691,-16.55],[30.45,-16.602632],[30.459677,-16.65],[30.492857,-16.75],[30.525556,-16.85],[30.45,-16.889535],[30.420435,-16.85],[30.44589,-16.75],[30.35,-16.65411],[30.347619,-16.65],[30.288298,-16.55],[30.27638,-16.45],[30.25,-16.422078],[30.189437,-16.45],[30.15,-16.486842],[30.05,-16.537283],[30.031818,-16.55],[29.95,-16.631818],[29.906579,-16.55],[29.85,-16.487981],[29.75,-16.465333],[29.738614,-16.45],[29.75,-16.428302],[29.798824,-16.35],[29.75,-16.285156],[29.65,-16.266667],[29.55,-16.274786],[29.45,-16.332727],[29.35,-16.316477],[29.286757,-16.25],[29.25,-16.234889],[29.2075,-16.25],[29.213333,-16.35],[29.25,-16.367054],[29.323288,-16.45],[29.301751,-16.55],[29.25,-16.642361],[29.244022,-16.65],[29.25,-16.674444],[29.280909,-16.75],[29.25,-16.781481],[29.159756,-16.85],[29.176582,-16.95],[29.242063,-17.05],[29.25,-17.075],[29.275,-17.15],[29.35,-17.202326],[29.415079,-17.25],[29.45,-17.266667],[29.55,-17.304118],[29.607353,-17.35],[29.65,-17.409184],[29.686364,-17.45],[29.75,-17.526087],[29.764865,-17.55],[29.80625,-17.65],[29.8,-17.75],[29.756383,-17.85],[29.75,-17.857317],[29.699333,-17.95],[29.65,-18.021154],[29.625,-18.05],[29.55,-18.15],[29.55,-18.15],[29.535417,-18.25],[29.55,-18.276923],[29.582759,-18.35],[29.55,-18.409375],[29.45,-18.401923],[29.35,-18.363095],[29.34281,-18.35],[29.25,-18.282701],[29.203061,-18.25],[29.15,-18.177103],[29.124783,-18.15],[29.05,-18.094872],[29.012162,-18.05],[28.968293,-17.95],[28.95,-17.936842],[28.938,-17.95],[28.866667,-18.05],[28.85,-18.064557],[28.75,-18.126712],[28.65,-18.081429],[28.598598,-18.05],[28.55,-18.021271],[28.45,-18.004225],[28.384343,-18.05],[28.389024,-18.15],[28.406322,-18.25],[28.35,-18.305056],[28.25,-18.304015],[28.15,-18.294944],[28.05,-18.288776],[28.0025,-18.25],[27.95,-18.196154],[27.85,-18.185789],[27.75,-18.172222],[27.65,-18.196154],[27.55,-18.181746],[27.486765,-18.25],[27.45,-18.279762],[27.35,-18.346296],[27.33,-18.35],[27.35,-18.360256],[27.45,-18.403153],[27.55,-18.427528],[27.601282,-18.45],[27.59,-18.55],[27.608571,-18.65],[27.65,-18.709184],[27.75,-18.73375],[27.7825,-18.75],[27.75,-18.784211],[27.669355,-18.85],[27.65,-18.873077],[27.618421,-18.85],[27.55,-18.773529],[27.51,-18.75],[27.45,-18.735366],[27.407143,-18.75],[27.35,-18.767391],[27.31,-18.75],[27.35,-18.72037],[27.385185,-18.65],[27.35,-18.628652],[27.292424,-18.65],[27.25,-18.703846],[27.194,-18.65],[27.15,-18.628431],[27.073077,-18.55],[27.05,-18.535],[26.95,-18.468889],[26.85,-18.494545],[26.75,-18.541954],[26.735417,-18.55],[26.65,-18.6],[26.55,-18.6332],[26.524699,-18.65],[26.45,-18.702991],[26.35,-18.732022],[26.25,-18.716667],[26.15,-18.679032],[26.05,-18.694737],[25.95,-18.664],[25.935714,-18.65],[25.95,-18.622],[25.975,-18.55],[26.042857,-18.45],[25.95,-18.377778],[25.85,-18.388961],[25.781818,-18.35],[25.792857,-18.25],[25.85,-18.186232],[25.95,-18.169608],[26.010606,-18.15],[25.95,-18.104545],[25.902,-18.05],[25.85,-18.026991],[25.75,-17.978571],[25.744444,-17.95],[25.65,-17.911364],[25.55,-17.902174],[25.45,-17.901316],[25.35,-17.896392],[25.25,-17.881148],[25.15,-17.879167],[25.05,-17.91087],[24.95,-17.910714],[24.85,-17.924194],[24.755882,-17.95],[24.75,-17.961111],[24.711905,-18.05],[24.75,-18.138889],[24.764286,-18.15],[24.828571,-18.25],[24.85,-18.325],[24.8625,-18.35],[24.85,-18.45],[24.85,-18.45],[24.83,-18.55],[24.85,-18.625],[24.85625,-18.65],[24.925,-18.75],[24.95,-18.79],[24.992857,-18.85],[24.978571,-18.95],[25.05,-19.05],[25.05,-19.05],[25.15,-19.105556],[25.25,-19.071429],[25.283333,-19.05],[25.35,-19.014706],[25.416667,-19.05],[25.45,-19.11],[25.468182,-19.15],[25.45,-19.2],[25.434615,-19.25],[25.440909,-19.35],[25.45,-19.375],[25.55,-19.45],[25.65,-19.4],[25.75,-19.365],[25.85,-19.357143],[25.861111,-19.35],[25.95,-19.305556],[25.993478,-19.25],[26.05,-19.209375],[26.132609,-19.15],[26.15,-19.138571],[26.25,-19.083333],[26.35,-19.05],[26.395833,-19.15],[26.39,-19.25],[26.421429,-19.35],[26.45,-19.365385],[26.55,-19.433333],[26.65,-19.425],[26.75,-19.359677],[26.764286,-19.35],[26.85,-19.280769],[26.93,-19.25],[26.95,-19.241667],[27.05,-19.2125],[27.085294,-19.25],[27.125,-19.35],[27.15,-19.425],[27.175,-19.45],[27.15,-19.5],[27.141667,-19.55],[27.091667,-19.65],[27.05,-19.733333],[27.042308,-19.75],[26.9875,-19.85],[26.95,-19.925],[26.938889,-19.95],[26.907895,-20.05],[26.858696,-20.15],[26.85,-20.164286],[26.797826,-20.25],[26.75,-20.307895],[26.718,-20.35],[26.6875,-20.45],[26.65,-20.482143],[26.584483,-20.55],[26.628571,-20.65],[26.55,-20.694],[26.507576,-20.75],[26.55,-20.85],[26.55,-20.85],[26.554762,-20.95],[26.55,-20.96],[26.523529,-21.05],[26.509259,-21.15],[26.45,-21.192105],[26.35,-21.229487],[26.27,-21.25],[26.25,-21.256667],[26.183333,-21.25],[26.15,-21.24802],[26.127778,-21.25],[26.05,-21.266667],[25.95,-21.2625],[25.85,-21.3225],[25.75,-21.330769],[25.708333,-21.35],[25.65,-21.42],[25.55,-21.45],[25.45,-21.45],[25.35,-21.439286],[25.25,-21.442],[25.2,-21.45],[25.15,-21.463333],[25.05,-21.540909],[25.035714,-21.55],[24.95,-21.61],[24.85,-21.64],[24.8375,-21.65],[24.75,-21.703846],[24.675,-21.75],[24.65,-21.775],[24.583333,-21.85],[24.55,-21.91],[24.525,-21.95],[24.475,-22.05],[24.45,-22.116667],[24.441667,-22.15],[24.45,-22.25],[24.45,-22.25],[24.464286,-22.35],[24.464286,-22.45],[24.47,-22.55],[24.525,-22.65],[24.55,-22.683333],[24.6,-22.75],[24.65,-22.783333],[24.716667,-22.85],[24.725,-22.95],[24.65,-23.05],[24.65,-23.05],[24.583333,-23.15],[24.55,-23.2],[24.53,-23.25],[24.45,-23.276667],[24.35,-23.264286],[24.325,-23.25],[24.25,-23.186842],[24.191667,-23.15],[24.15,-23.1],[24.078571,-23.05],[24.05,-23.016667],[23.97,-22.95],[23.95,-22.9375],[23.85,-22.861111],[23.825,-22.85],[23.75,-22.79],[23.716667,-22.75],[23.65,-22.65],[23.583333,-22.55],[23.55,-22.525],[23.49,-22.45],[23.45,-22.43],[23.35,-22.4],[23.25,-22.380769],[23.15,-22.35],[23.25,-22.292857],[23.35,-22.295455],[23.45,-22.27],[23.478571,-22.25],[23.4875,-22.15],[23.4625,-22.05],[23.4875,-21.95],[23.466667,-21.85],[23.45,-21.825],[23.35,-21.85],[23.35,-21.85],[23.25,-21.883333],[23.216667,-21.85],[23.15,-21.75],[23.15,-21.65],[23.183333,-21.55],[23.19,-21.45],[23.183333,-21.35],[23.216667,-21.25],[23.233333,-21.15],[23.25,-21.05],[23.266667,-20.95],[23.25,-20.9],[23.225,-20.85],[23.2,-20.75],[23.19,-20.65],[23.15,-20.626471],[23.07,-20.65],[23.05,-20.675],[23.033333,-20.75],[22.95,-20.805556],[22.85,-20.83],[22.75,-20.77],[22.65,-20.795283],[22.55,-20.808182],[22.45,-20.844444],[22.435714,-20.85],[22.35,-20.868182],[22.25,-20.887255],[22.15,-20.856522],[22.140323,-20.85],[22.05,-20.78913],[21.95,-20.766],[21.85,-20.764286],[21.75,-20.76875],[21.65,-20.764286],[21.55,-20.775926],[21.4625,-20.75],[21.45,-20.741667],[21.35,-20.6875],[21.32,-20.65],[21.25,-20.586364],[21.216667,-20.55],[21.15,-20.47],[21.141304,-20.45],[21.15,-20.427778],[21.19375,-20.35],[21.25,-20.31087],[21.313636,-20.25],[21.35,-20.211905],[21.422222,-20.15],[21.434211,-20.05],[21.45,-20.022727],[21.516667,-19.95],[21.526923,-19.85],[21.5375,-19.75],[21.55,-19.65],[21.55,-19.55],[21.628571,-19.45],[21.643333,-19.35],[21.65,-19.33],[21.680769,-19.25],[21.725,-19.15],[21.72,-19.05],[21.75,-19.016667],[21.835714,-18.95],[21.85,-18.93],[21.89,-18.85],[21.943333,-18.75],[21.95,-18.725],[21.977273,-18.65],[21.95,-18.59],[21.927778,-18.55],[21.90625,-18.45],[21.95,-18.372222],[22.05,-18.427778],[22.1,-18.45],[22.15,-18.483333],[22.25,-18.483333],[22.275,-18.45],[22.35,-18.39],[22.383333,-18.35],[22.45,-18.25],[22.51,-18.15],[22.55,-18.083333],[22.575,-18.05],[22.625,-17.95],[22.65,-17.9],[22.683333,-17.85],[22.7,-17.75],[22.71,-17.65],[22.69,-17.55],[22.65,-17.45],[22.575,-17.35],[22.55,-17.316667],[22.483333,-17.25],[22.55,-17.183333],[22.583333,-17.15],[22.566667,-17.05],[22.65,-16.978571],[22.75,-17.016667],[22.85,-17.01],[22.95,-17.0],[23.05,-17.016667],[23.1,-17.05],[23.15,-17.083333],[23.25,-17.15],[23.25,-17.15],[23.316667,-17.25],[23.35,-17.283333],[23.416667,-17.35],[23.45,-17.37],[23.507143,-17.45],[23.538889,-17.55],[23.55,-17.566667],[23.621429,-17.65],[23.65,-17.668182],[23.75,-17.672222],[23.85,-17.65],[23.95,-17.614286],[24.05,-17.570588],[24.078,-17.55],[24.15,-17.471739],[24.167857,-17.45],[24.15,-17.416667],[24.119697,-17.35],[24.122727,-17.25],[24.15,-17.223913],[24.165385,-17.25],[24.195455,-17.35],[24.25,-17.384286],[24.35,-17.375],[24.45,-17.361111],[24.5,-17.35],[24.55,-17.275],[24.559091,-17.25],[24.65,-17.15],[24.75,-17.081034],[24.782143,-17.05],[24.85,-17.019841],[24.939796,-16.95],[24.95,-16.937179],[25.047143,-16.85],[25.05,-16.835714],[25.135714,-16.75],[25.15,-16.742857],[25.175,-16.75],[25.25,-16.777273],[25.35,-16.828947],[25.45,-16.827778],[25.55,-16.838889],[25.560345,-16.85],[25.55,-16.867647],[25.504839,-16.95],[25.45,-17.05],[25.45,-17.05],[25.401852,-17.15],[25.375,-17.25],[25.392105,-17.35],[25.45,-17.383333],[25.541667,-17.45],[25.523529,-17.55],[25.45,-17.628125],[25.423077,-17.65],[25.45,-17.67],[25.55,-17.714286],[25.595455,-17.75],[25.65,-17.76],[25.667143,-17.75],[25.75,-17.71506],[25.824359,-17.75],[25.85,-17.762195],[25.895455,-17.75],[25.95,-17.737629],[25.996154,-17.75],[26.05,-17.7675],[26.101852,-17.75],[26.15,-17.695833],[26.171154,-17.65],[26.25,-17.608163],[26.296067,-17.65],[26.35,-17.728689],[26.45,-17.732979],[26.479268,-17.75],[26.55,-17.776244],[26.65,-17.798171],[26.75,-17.785238],[26.824,-17.75],[26.85,-17.676415],[26.856452,-17.65],[26.90415,-17.55],[26.95,-17.503968],[27.037742,-17.45],[27.05,-17.443015],[27.125074,-17.35],[27.15,-17.313319],[27.193284,-17.25],[27.219329,-17.15],[27.25,-17.108621],[27.320833,-17.05],[27.35,-17.012667],[27.408385,-16.95],[27.45,-16.901449],[27.536585,-16.85],[27.520323,-16.75],[27.55,-16.722941],[27.628481,-16.65],[27.65,-16.623846],[27.71443,-16.55],[27.75,-16.497525],[27.785294,-16.45],[27.777419,-16.35],[27.85,-16.330088],[27.9125,-16.35],[27.95,-16.360931],[28.05,-16.368844],[28.15,-16.352128],[28.153419,-16.35],[28.25,-16.273129],[28.27446,-16.25],[28.281579,-16.15],[28.35,-16.080534],[28.374691,-16.05],[28.3875,-15.95],[28.45,-15.871053],[28.45597,-15.85],[28.482308,-15.75],[28.55,-15.696012],[28.65,-15.712595],[28.75,-15.713351],[28.791667,-15.75],[28.85,-15.76563],[28.917123,-15.75],[28.95,-15.733391],[29.05,-15.71367],[29.141892,-15.65],[29.15,-15.621154],[29.25,-15.595548],[29.35,-15.57449],[29.393636,-15.55],[29.3875,-15.45],[29.45,-15.395313],[29.502727,-15.35],[29.519725,-15.25],[29.487313,-15.15],[29.45,-15.082432],[29.364286,-15.05],[29.35,-15.049437],[29.349242,-15.05],[29.25,-15.133706],[29.15,-15.146173],[29.055276,-15.05],[29.05,-15.043538],[28.95,-15.030238],[28.85,-15.021762],[28.75,-14.9628],[28.736777,-14.95],[28.726389,-14.85],[28.75,-14.827632],[28.82375,-14.75],[28.85,-14.729412],[28.95,-14.717273],[29.05,-14.658374],[29.07931,-14.65],[29.15,-14.584921],[29.25,-14.613415],[29.322581,-14.65],[29.35,-14.653594],[29.377869,-14.65],[29.45,-14.620068],[29.538034,-14.55],[29.55,-14.543333],[29.65,-14.485556],[29.747596,-14.55],[29.75,-14.55099],[29.751859,-14.55],[29.85,-14.488028],[29.877835,-14.45],[29.890909,-14.35],[29.877624,-14.25],[29.913052,-14.15],[29.95,-14.10468],[30.008115,-14.05],[30.05,-14.013636],[30.10364,-13.95],[30.15,-13.900206],[30.193728,-13.85],[30.25,-13.798693],[30.315351,-13.75],[30.35,-13.715948],[30.424634,-13.65],[30.45,-13.610902],[30.508696,-13.55],[30.55,-13.504762],[30.583659,-13.45],[30.65,-13.407367],[30.75,-13.405263],[30.85,-13.385741],[30.946571,-13.45],[30.95,-13.469355],[31.05,-13.452174],[31.050504,-13.45],[31.055543,-13.35],[31.133333,-13.25],[31.15,-13.232543],[31.206274,-13.15],[31.238906,-13.05],[31.25,-13.034188],[31.330903,-12.95],[31.35,-12.91125],[31.382026,-12.85],[31.403377,-12.75],[31.397379,-12.65],[31.425276,-12.55],[31.45,-12.486364],[31.467251,-12.45],[31.508519,-12.35],[31.55,-12.3052],[31.589429,-12.25],[31.613419,-12.15],[31.637654,-12.05],[31.65,-12.023404],[31.697586,-11.95],[31.75,-11.877962],[31.829581,-11.95],[31.85,-11.966049],[31.868396,-11.95],[31.95,-11.864356],[31.961741,-11.85],[31.996875,-11.75],[32.05,-11.685169],[32.086245,-11.65],[32.15,-11.571081],[32.186792,-11.55],[32.206129,-11.45],[32.25,-11.382673],[32.294595,-11.35],[32.35,-11.29058],[32.364433,-11.25],[32.44469,-11.15],[32.45,-11.142899],[32.538701,-11.05],[32.55,-10.989394],[32.556667,-10.95],[32.553846,-10.85],[32.593304,-10.75],[32.614545,-10.65],[32.65,-10.558235],[32.652954,-10.55],[32.671224,-10.45],[32.725664,-10.35],[32.75,-10.269118],[32.76,-10.25],[32.834211,-10.15],[32.85,-10.13],[32.934422,-10.05],[32.95,-10.021296],[33.05,-9.960843],[33.112712,-10.05],[33.108397,-10.15],[33.105975,-10.25],[33.107432,-10.35],[33.102836,-10.45],[33.113481,-10.55],[33.15,-10.619481],[33.175967,-10.65],[33.248592,-10.75],[33.222204,-10.85],[33.192135,-10.95],[33.199091,-11.05],[33.236992,-11.15],[33.25,-11.210377],[33.263725,-11.25],[33.25,-11.274419],[33.215426,-11.35],[33.15,-11.449194],[33.149533,-11.45],[33.113492,-11.55],[33.085714,-11.65],[33.05,-11.705556],[33.020492,-11.75],[32.99875,-11.85],[32.95,-11.915],[32.93125,-11.95],[32.921154,-12.05],[32.95,-12.14375],[32.952439,-12.15],[32.95,-12.159091],[32.923333,-12.25],[32.903247,-12.35],[32.85,-12.425926],[32.826786,-12.45],[32.800685,-12.55],[32.75,-12.603623],[32.692857,-12.65],[32.720588,-12.75],[32.697222,-12.85],[32.718,-12.95],[32.655,-13.05],[32.75,-13.15],[32.75,-13.15],[32.786667,-13.25],[32.75,-13.31875],[32.729167,-13.35],[32.686508,-13.45],[32.65,-13.469828],[32.55,-13.541429],[32.535,-13.55],[32.518132,-13.65],[32.457692,-13.75],[32.45,-13.754545],[32.35,-13.770455],[32.25,-13.79375],[32.15,-13.823913],[32.124194,-13.85],[32.05,-13.89964],[32.007576,-13.95],[31.957843,-14.05],[31.95,-14.075806],[31.85,-14.098529],[31.75,-14.120423],[31.65,-14.079524],[31.55,-14.143204],[31.539552,-14.15],[31.45,-14.228947],[31.417347,-14.25],[31.414865,-14.35],[31.40098,-14.45],[31.35,-14.487681],[31.285,-14.45],[31.25,-14.436408],[31.176316,-14.45],[31.15,-14.55],[31.15,-14.55],[31.139773,-14.65],[31.073404,-14.75],[31.15,-14.797368],[31.25,-14.826744],[31.295833,-14.75],[31.35,-14.676415],[31.45,-14.670339],[31.55,-14.697619],[31.614706,-14.75],[31.63481,-14.85],[31.65,-14.876087],[31.710714,-14.95],[31.75,-14.983333],[31.85,-15.040667],[31.8675,-15.05],[31.95,-15.111111],[32.034615,-15.05],[31.999296,-14.95],[31.95,-14.890678],[31.907143,-14.85],[31.854545,-14.75],[31.85,-14.738235],[31.798276,-14.65],[31.75,-14.619565],[31.65,-14.603846],[31.622,-14.55],[31.65,-14.526667],[31.75,-14.492857],[31.85,-14.461628],[31.95,-14.465714],[31.992308,-14.45],[31.996875,-14.35],[31.983333,-14.25],[32.05,-14.21],[32.15,-14.164894],[32.25,-14.1625],[32.263333,-14.15],[32.35,-14.081579],[32.363265,-14.15],[32.447727,-14.25],[32.45,-14.250752],[32.451852,-14.25],[32.55,-14.168462],[32.557101,-14.15],[32.55,-14.118421],[32.525238,-14.05],[32.55,-14.024257],[32.65,-13.99625],[32.715152,-14.05],[32.724057,-14.15],[32.705652,-14.25],[32.75,-14.32234],[32.790157,-14.25],[32.778646,-14.15],[32.770536,-14.05],[32.85,-13.96982],[32.95,-14.025238],[32.973214,-14.05],[33.01729,-14.15],[33.05,-14.183981],[33.1375,-14.15],[33.15,-14.131481],[33.152825,-14.15],[33.184595,-14.25],[33.183333,-14.35],[33.25,-14.427632],[33.271795,-14.45],[33.334444,-14.55],[33.35,-14.590385],[33.372963,-14.65],[33.392081,-14.75],[33.45,-14.797761],[33.515421,-14.85],[33.55,-14.906489],[33.575333,-14.95],[33.551036,-15.05],[33.636719,-15.15],[33.65,-15.166915],[33.75,-15.166529],[33.79878,-15.15],[33.845349,-15.05],[33.85,-15.01],[33.858955,-14.95],[33.95,-14.91573],[34.05,-14.918182],[34.15,-14.915217],[34.191026,-14.95],[34.25,-15.05],[34.221667,-15.15],[34.236667,-15.25],[34.25,-15.258602],[34.35,-15.337925],[34.37807,-15.35],[34.437248,-15.45],[34.45,-15.463103],[34.46195,-15.45],[34.55,-15.407447],[34.622137,-15.35],[34.65,-15.326752],[34.701717,-15.25],[34.730894,-15.15],[34.730222,-15.05],[34.719841,-14.95],[34.718952,-14.85],[34.75,-14.75375],[34.75098,-14.75],[34.75,-14.748842],[34.65,-14.716019],[34.630737,-14.65],[34.592827,-14.55],[34.55,-14.496438],[34.5211,-14.45],[34.500323,-14.35],[34.465603,-14.25],[34.45,-14.202688],[34.429015,-14.15],[34.37488,-14.05],[34.35,-14.012455],[34.25,-13.965172],[34.222671,-13.95],[34.15,-13.851681],[34.05,-13.851087],[34.04913,-13.85],[34.05,-13.849242],[34.106466,-13.75],[34.078261,-13.65],[34.05,-13.564286],[34.046641,-13.55],[34.05,-13.509375],[34.05546,-13.45],[34.05,-13.363636],[34.049032,-13.35],[33.995977,-13.25],[33.974895,-13.15],[33.95885,-13.05],[33.95,-13.025],[33.922851,-12.95],[33.95,-12.911039],[33.982082,-12.85],[33.976971,-12.75],[33.95,-12.717822],[33.852837,-12.65],[33.888806,-12.55],[33.896584,-12.45],[33.910794,-12.35],[33.907227,-12.25],[33.95,-12.159877],[33.955252,-12.15],[33.975041,-12.05],[33.96191,-11.95],[33.965299,-11.85],[33.976448,-11.75],[33.99186,-11.65],[34.044224,-11.55],[34.05,-11.545],[34.128553,-11.45],[34.15,-11.416532],[34.202215,-11.35],[34.175152,-11.25],[34.180189,-11.15],[34.200632,-11.05],[34.197725,-10.95],[34.191551,-10.85],[34.150191,-10.75],[34.15,-10.748413],[34.137795,-10.65],[34.119453,-10.55],[34.084068,-10.45],[34.05,-10.403226],[34.005556,-10.35],[33.95,-10.276009],[33.927165,-10.25],[33.85,-10.16441],[33.806863,-10.15],[33.75,-10.104688],[33.729532,-10.05],[33.66058,-9.95],[33.65,-9.85],[33.672426,-9.75],[33.65,-9.727407],[33.610266,-9.65],[33.592708,-9.55],[33.619084,-9.45],[33.65,-9.392958],[33.702586,-9.35],[33.75,-9.328599],[33.85,-9.311495],[33.923571,-9.35],[33.95,-9.363884],[34.013839,-9.45],[34.05,-9.484806],[34.15,-9.544353],[34.156856,-9.55],[34.219986,-9.65],[34.25,-9.680014],[34.328939,-9.75],[34.35,-9.774064],[34.391765,-9.85],[34.45,-9.91907],[34.479654,-9.95],[34.55,-10.036202],[34.57016,-10.05],[34.583217,-10.15],[34.612043,-10.25],[34.65,-10.330844],[34.75,-10.290777],[34.85,-10.250722],[34.851163,-10.25],[34.95,-10.211625],[35.027337,-10.15],[35.05,-10.122414],[35.142105,-10.05],[35.15,-9.987931],[35.15719,-9.95],[35.25,-9.912632],[35.35,-9.926817],[35.45,-9.903409],[35.524016,-9.85],[35.55,-9.830588],[35.634049,-9.75],[35.65,-9.721429],[35.694218,-9.65],[35.65,-9.620588],[35.551515,-9.65],[35.55,-9.650725],[35.545833,-9.65],[35.45,-9.643235],[35.361699,-9.55],[35.445931,-9.45],[35.45,-9.437742],[35.486856,-9.35],[35.45604,-9.25],[35.45,-9.232692],[35.417547,-9.15],[35.441411,-9.05],[35.45,-9.016667],[35.461618,-8.95],[35.531212,-8.85],[35.55,-8.821296],[35.584842,-8.75],[35.65,-8.685714],[35.723394,-8.65],[35.75,-8.644689],[35.85,-8.58322],[35.881071,-8.55],[35.94393,-8.45],[35.95,-8.445291],[36.023378,-8.35],[36.05,-8.284507],[36.071397,-8.25],[36.119586,-8.15],[36.15,-8.096809],[36.191746,-8.05],[36.25,-7.979587],[36.279452,-7.95],[36.35,-7.908579],[36.45,-7.890644],[36.55,-7.878666],[36.65,-7.858023],[36.659459,-7.85],[36.720185,-7.75],[36.733378,-7.65],[36.65,-7.563099],[36.55,-7.594638],[36.45,-7.605787],[36.35,-7.629803],[36.25,-7.629747],[36.231024,-7.55],[36.25,-7.495923],[36.277226,-7.45],[36.271019,-7.35],[36.25,-7.29734],[36.15,-7.256364],[36.05,-7.25],[35.95,-7.20483],[35.85,-7.240244],[35.83843,-7.25],[35.75,-7.325088],[35.722481,-7.35],[35.65,-7.423913],[35.618269,-7.45],[35.551481,-7.55],[35.55,-7.551429],[35.45,-7.620168],[35.403896,-7.65],[35.35,-7.668202],[35.25,-7.688961],[35.183491,-7.75],[35.15,-7.79702],[35.05,-7.814894],[34.95,-7.803548],[34.878,-7.85],[34.85,-7.870741],[34.75,-7.8764],[34.65,-7.877907],[34.55,-7.9375],[34.541358,-7.85],[34.55,-7.844118],[34.628873,-7.75],[34.65,-7.722727],[34.711538,-7.65],[34.75,-7.605357],[34.826543,-7.55],[34.85,-7.526543],[34.95,-7.479193],[35.038679,-7.45],[35.05,-7.432857],[35.082955,-7.35],[35.075926,-7.25],[35.1375,-7.15],[35.098276,-7.05],[35.15,-6.95],[35.25,-6.856667],[35.255556,-6.85],[35.251786,-6.75],[35.25,-6.716667],[35.247561,-6.65],[35.232727,-6.55],[35.192254,-6.45],[35.167647,-6.35],[35.15,-6.294898],[35.137845,-6.25],[35.05,-6.186145],[35.009276,-6.15],[34.95,-6.074277],[34.931659,-6.05],[34.916426,-5.95],[34.95,-5.881618],[34.972396,-5.85],[35.05,-5.758025],[35.059924,-5.75],[35.129286,-5.65],[35.15,-5.628519],[35.235484,-5.55],[35.25,-5.533784],[35.35,-5.4892],[35.45,-5.502459],[35.476364,-5.55],[35.512319,-5.65],[35.545918,-5.75],[35.503333,-5.85],[35.45,-5.911538],[35.441667,-5.95],[35.45,-5.965873],[35.4924,-6.05],[35.526364,-6.15],[35.495882,-6.25],[35.511176,-6.35],[35.55,-6.411111],[35.630769,-6.45],[35.621429,-6.55],[35.642,-6.65],[35.65,-6.659756],[35.659524,-6.65],[35.657143,-6.55],[35.75,-6.504386],[35.85,-6.479688],[35.91338,-6.55],[35.95,-6.56745],[36.05,-6.567872],[36.131435,-6.65],[36.15,-6.678947],[36.175,-6.75],[36.181606,-6.85],[36.15,-6.944574],[36.14641,-6.95],[36.15,-6.955932],[36.154605,-6.95],[36.25,-6.914548],[36.35,-6.915056],[36.378144,-6.95],[36.35,-7.046907],[36.348901,-7.05],[36.301745,-7.15],[36.35,-7.216807],[36.385189,-7.25],[36.45,-7.321149],[36.528862,-7.25],[36.55,-7.232857],[36.566284,-7.25],[36.65,-7.344799],[36.726236,-7.25],[36.75,-7.194444],[36.77451,-7.15],[36.775,-7.05],[36.772051,-6.95],[36.780864,-6.85],[36.75,-6.769355],[36.65,-6.808046],[36.623351,-6.75],[36.574057,-6.65],[36.55,-6.626056],[36.478,-6.55],[36.45,-6.513372],[36.35,-6.504086],[36.25,-6.477459],[36.15,-6.498182],[36.090113,-6.45],[36.05,-6.384862],[36.016372,-6.35],[36.05,-6.270833],[36.066949,-6.25],[36.05,-6.166667],[36.047297,-6.15],[36.05,-6.133333],[36.15,-6.059434],[36.158772,-6.05],[36.233774,-5.95],[36.25,-5.874561],[36.292157,-5.95],[36.341228,-6.05],[36.35,-6.057246],[36.410952,-6.15],[36.356667,-6.25],[36.431287,-6.35],[36.45,-6.372695],[36.55,-6.421274],[36.65,-6.426398],[36.667117,-6.45],[36.75,-6.542929],[36.763084,-6.55],[36.85,-6.63087],[36.870183,-6.65],[36.95,-6.676205],[36.969863,-6.65],[37.007327,-6.55],[37.05,-6.486754],[37.080255,-6.45],[37.05,-6.354938],[37.04866,-6.35],[37.03898,-6.25],[37.05,-6.196],[37.065646,-6.15],[37.15,-6.052362],[37.25,-6.077451],[37.288182,-6.05],[37.35,-5.968072],[37.365704,-6.05],[37.379784,-6.15],[37.45,-6.216984],[37.55,-6.157443],[37.556835,-6.15],[37.581067,-6.05],[37.55,-5.983046],[37.45,-5.968161],[37.365625,-5.95],[37.35,-5.922727],[37.320803,-5.85],[37.25,-5.775954],[37.223643,-5.75],[37.25,-5.734753],[37.35,-5.693316],[37.45,-5.671429],[37.461947,-5.65],[37.491057,-5.55],[37.538066,-5.45],[37.55,-5.359375],[37.553297,-5.35],[37.579348,-5.25],[37.567857,-5.15],[37.55,-5.108333],[37.501163,-5.05],[37.45,-5.028846],[37.35,-5.033146],[37.25,-4.959524],[37.239474,-4.95],[37.25,-4.9],[37.26,-4.85],[37.35,-4.785714],[37.45,-4.78141],[37.489516,-4.75],[37.506542,-4.65],[37.485347,-4.55],[37.45,-4.462687],[37.442735,-4.45],[37.372798,-4.35],[37.35,-4.267757],[37.340732,-4.25],[37.3125,-4.15],[37.25,-4.078571],[37.237817,-4.05],[37.220946,-3.95],[37.25,-3.873214],[37.264444,-3.85],[37.279352,-3.75],[37.29044,-3.65],[37.25,-3.55936],[37.219355,-3.55],[37.15,-3.525706],[37.05,-3.544828],[37.042105,-3.55],[36.95,-3.65],[36.95,-3.65],[36.916265,-3.75],[36.85,-3.785714],[36.75,-3.75283],[36.748125,-3.75],[36.733654,-3.65],[36.75,-3.601429],[36.781579,-3.55],[36.85,-3.502439],[36.924138,-3.45],[36.95,-3.443151],[37.041071,-3.35],[37.05,-3.340291],[37.15,-3.325397],[37.25,-3.327743],[37.35,-3.326231],[37.415728,-3.35],[37.45,-3.370857],[37.55,-3.358571],[37.583333,-3.35],[37.65,-3.328182],[37.720782,-3.25],[37.746429,-3.15],[37.75,-3.140244],[37.786453,-3.05],[37.802155,-2.95],[37.825543,-2.85],[37.85,-2.827723],[37.898387,-2.85],[37.95,-2.868462],[37.984783,-2.85],[38.036345,-2.75],[38.016667,-2.65],[37.961268,-2.55],[37.95,-2.522881],[37.919504,-2.45],[37.874096,-2.35],[37.85,-2.322603],[37.75,-2.263953],[37.65,-2.25],[37.652299,-2.15],[37.677907,-2.05],[37.75,-1.987374],[37.787755,-1.95],[37.79902,-1.85],[37.7625,-1.75],[37.836486,-1.65],[37.85,-1.631132],[37.918254,-1.55],[37.95,-1.521831],[38.05,-1.48875],[38.060368,-1.45],[38.076627,-1.35],[38.107338,-1.25],[38.101408,-1.15],[38.104331,-1.05],[38.058621,-0.95],[38.05,-0.932558],[37.95,-0.896927],[37.85,-0.935556],[37.75,-0.885345],[37.702326,-0.85],[37.726724,-0.75],[37.745082,-0.65],[37.744091,-0.55],[37.740972,-0.45],[37.75,-0.385],[37.755263,-0.35],[37.779779,-0.25],[37.769731,-0.15],[37.813043,-0.05],[37.85,0.002147],[37.883476,0.05],[37.95,0.09235],[37.998284,0.15],[38.036269,0.25],[38.05,0.291629],[38.088279,0.35],[38.113659,0.45],[38.064428,0.55],[38.05,0.5625],[38.004688,0.55],[37.95,0.54],[37.864634,0.55],[37.85,0.55297],[37.841667,0.55],[37.75,0.480526],[37.673684,0.45],[37.65,0.441818],[37.640217,0.45],[37.55,0.50092],[37.45,0.534571],[37.35,0.545161],[37.348507,0.55],[37.334848,0.65],[37.35,0.666129],[37.367241,0.65],[37.45,0.586],[37.505814,0.65],[37.524,0.75],[37.55,0.776897],[37.598624,0.85],[37.55,0.902217],[37.516781,0.95],[37.45,1.009271],[37.410588,1.05],[37.44707,1.15],[37.414865,1.25],[37.35,1.321889],[37.328856,1.35],[37.35,1.419714],[37.370152,1.45],[37.35,1.469065],[37.25,1.527652],[37.151679,1.45],[37.15,1.442784],[37.05,1.445833],[37.035417,1.45],[37.05,1.468421],[37.07541,1.55],[37.15,1.596667],[37.25,1.580412],[37.304545,1.65],[37.307325,1.75],[37.25,1.816667],[37.194444,1.85],[37.15,1.895378],[37.05,1.945494],[37.039212,1.95],[36.990284,2.05],[37.005978,2.15],[36.964286,2.25],[36.95,2.263652],[36.85,2.315979],[36.784868,2.35],[36.75,2.365916],[36.733692,2.35],[36.700471,2.25],[36.698877,2.15],[36.673789,2.05],[36.65,1.983136],[36.633815,1.95],[36.589322,1.85],[36.618956,1.75],[36.58369,1.65],[36.56145,1.55],[36.55,1.524286],[36.45,1.490419],[36.398276,1.45],[36.439412,1.35],[36.396541,1.25],[36.356138,1.15],[36.35,1.127358],[36.331679,1.15],[36.25,1.188351],[36.169549,1.15],[36.25,1.084356],[36.29058,1.05],[36.25,1.025862],[36.15,0.950606],[36.149286,0.95],[36.140909,0.85],[36.05,0.772414],[35.95,0.815217],[35.948161,0.85],[35.944025,0.95],[35.95,0.971839],[35.977869,1.05],[36.033452,1.15],[36.05,1.21087],[36.06495,1.25],[36.05,1.294118],[36.038075,1.35],[36.05,1.430282],[36.056481,1.45],[36.05,1.456306],[35.956726,1.55],[35.95,1.560563],[35.85,1.573256],[35.8125,1.55],[35.78445,1.45],[35.7675,1.35],[35.771429,1.25],[35.75,1.175],[35.734211,1.25],[35.678571,1.35],[35.65,1.371875],[35.571875,1.45],[35.55,1.463333],[35.514729,1.55],[35.527674,1.65],[35.518468,1.75],[35.45,1.811538],[35.391358,1.85],[35.355417,1.95],[35.35,1.956599],[35.322414,2.05],[35.275786,2.15],[35.25,2.197674],[35.232824,2.25],[35.204902,2.35],[35.196234,2.45],[35.15,2.523422],[35.05,2.52138],[34.95,2.538755],[34.942068,2.55],[34.873684,2.65],[34.85,2.680682],[34.831571,2.75],[34.85,2.815591],[34.873704,2.85],[34.95,2.892387],[35.007377,2.95],[35.05,2.972366],[35.11528,3.05],[35.119526,3.15],[35.05,3.226264],[35.019048,3.25],[34.960571,3.35],[34.95,3.379839],[34.930829,3.35],[34.85,3.30618],[34.791176,3.25],[34.762195,3.15],[34.75,3.136239],[34.668261,3.05],[34.65,3.015574],[34.636452,3.05],[34.585484,3.15],[34.55,3.196809],[34.518619,3.25],[34.489779,3.35],[34.457006,3.45],[34.467857,3.55],[34.45,3.598387],[34.442295,3.65],[34.35,3.744884],[34.340828,3.75],[34.300667,3.85],[34.25,3.902535],[34.15,3.944275],[34.146591,3.95],[34.103497,4.05],[34.092779,4.15],[34.05,4.19349],[33.95,4.229472],[33.903947,4.25],[33.95,4.335366],[33.95524,4.35],[33.95,4.3625],[33.85,4.424747],[33.834848,4.45],[33.75,4.497297],[33.678205,4.45],[33.65,4.438565],[33.623934,4.45],[33.55,4.523934],[33.45,4.475753]],[[33.15,4.282067],[33.108075,4.25],[33.068534,4.15],[33.15,4.05659],[33.227459,4.15],[33.186986,4.25],[33.15,4.282067]],[[32.75,4.050758],[32.749406,4.05],[32.75,4.049569],[32.750365,4.05],[32.75,4.050758]],[[34.45,4.054521],[34.434956,4.05],[34.403448,3.95],[34.45,3.912707],[34.48534,3.95],[34.454545,4.05],[34.45,4.054521]],[[30.55,3.850893],[30.547619,3.85],[30.45,3.772642],[30.433784,3.75],[30.404955,3.65],[30.35,3.574691],[30.321014,3.55],[30.25,3.452],[30.248611,3.45],[30.25,3.446429],[30.35,3.393333],[30.362871,3.35],[30.35,3.293478],[30.323684,3.25],[30.273077,3.15],[30.276,3.05],[30.25,3.025],[30.15,2.958333],[30.071429,3.05],[30.05,3.060345],[29.95,3.080476],[29.914045,3.05],[29.95,3.0],[30.019565,2.95],[29.95,2.914444],[29.85,2.926623],[29.75,2.891429],[29.65,2.917647],[29.578125,2.85],[29.55,2.834483],[29.45,2.765789],[29.438462,2.75],[29.419565,2.65],[29.422581,2.55],[29.397368,2.45],[29.35,2.362903],[29.305556,2.35],[29.326923,2.25],[29.35,2.21],[29.45,2.16],[29.45303,2.15],[29.45,2.13],[29.433333,2.05],[29.45,2.034615],[29.55,1.95],[29.55,1.95],[29.554444,1.85],[29.55,1.8],[29.546667,1.75],[29.55,1.740909],[29.65,1.741489],[29.700588,1.65],[29.75,1.614103],[29.85,1.598454],[29.898958,1.55],[29.95,1.466949],[29.960101,1.45],[29.95,1.429592],[29.85,1.353297],[29.847059,1.35],[29.780034,1.25],[29.81,1.15],[29.75,1.086667],[29.669512,1.05],[29.65,1.040588],[29.561494,0.95],[29.55,0.922973],[29.513514,0.85],[29.474444,0.75],[29.55,0.719091],[29.567617,0.75],[29.65,0.808242],[29.725497,0.85],[29.75,0.870556],[29.85,0.882634],[29.928962,0.95],[29.95,0.977402],[30.012385,1.05],[30.05,1.075102],[30.15,1.101375],[30.208714,1.15],[30.25,1.201823],[30.283214,1.25],[30.30923,1.35],[30.35,1.441367],[30.356349,1.45],[30.45,1.52299],[30.482346,1.55],[30.55,1.580011],[30.64638,1.65],[30.65,1.652775],[30.75,1.742892],[30.757196,1.75],[30.85,1.833296],[30.86652,1.85],[30.940398,1.95],[30.95,1.961794],[31.05,2.05],[31.15,2.120782],[31.17017,2.15],[31.212846,2.25],[31.221034,2.35],[31.175,2.45],[31.15,2.477273],[31.05,2.546],[31.047721,2.55],[31.021724,2.65],[31.035068,2.75],[31.032386,2.85],[31.021163,2.95],[31.023762,3.05],[31.026364,3.15],[31.042157,3.25],[31.05,3.283333],[31.09,3.35],[31.126563,3.45],[31.15,3.51],[31.162195,3.55],[31.15,3.591667],[31.05,3.622],[30.95,3.640411],[30.939313,3.65],[30.934946,3.75],[30.931159,3.85],[30.85,3.932353],[30.77,3.85],[30.75,3.838618],[30.65,3.827551],[30.552941,3.85],[30.55,3.850893]],[[35.05,3.757586],[35.046961,3.75],[35.05,3.746014],[35.053152,3.75],[35.05,3.757586]],[[31.85,3.707971],[31.785484,3.65],[31.85,3.630998],[31.872923,3.65],[31.85,3.707971]],[[37.85,3.688182],[37.768182,3.65],[37.75,3.641908],[37.679018,3.55],[37.65,3.514865],[37.615217,3.45],[37.611917,3.35],[37.65,3.272632],[37.75,3.276912],[37.818074,3.35],[37.85,3.443077],[37.854813,3.45],[37.900549,3.55],[37.897015,3.65],[37.85,3.688182]],[[30.05,2.907576],[30.025325,2.85],[30.05,2.823973],[30.132609,2.85],[30.05,2.907576]],[[36.95,2.864286],[36.926364,2.85],[36.881107,2.75],[36.876104,2.65],[36.95,2.561697],[37.002452,2.65],[37.009078,2.75],[36.971242,2.85],[36.95,2.864286]],[[36.35,2.357807],[36.344828,2.35],[36.334896,2.25],[36.35,2.229433],[36.362554,2.25],[36.384426,2.35],[36.35,2.357807]],[[37.95,2.406818],[37.890299,2.35],[37.85,2.267178],[37.837156,2.25],[37.85,2.226667],[37.95,2.198343],[38.014931,2.25],[38.05,2.29469],[38.081888,2.35],[38.05,2.433333],[37.95,2.406818]],[[35.65,2.168354],[35.63766,2.15],[35.65,2.067143],[35.669463,2.15],[35.65,2.168354]],[[35.75,2.085829],[35.658219,2.05],[35.692353,1.95],[35.665261,1.85],[35.65,1.763636],[35.64589,1.75],[35.596667,1.65],[35.606173,1.55],[35.65,1.491322],[35.708678,1.55],[35.733951,1.65],[35.75,1.677957],[35.774453,1.75],[35.814329,1.85],[35.814052,1.95],[35.776693,2.05],[35.75,2.085829]],[[29.25,1.975926],[29.232278,1.95],[29.25,1.898148],[29.285897,1.95],[29.25,1.975926]],[[36.05,0.673529],[36.045506,0.65],[36.038387,0.55],[36.048101,0.45],[36.05,0.447087],[36.05119,0.45],[36.063846,0.55],[36.065385,0.65],[36.05,0.673529]],[[30.25,0.311],[30.188384,0.25],[30.15,0.213462],[30.126087,0.15],[30.05,0.062863],[30.037449,0.05],[30.0,-0.05],[29.95,-0.10812],[29.85,-0.070833],[29.806522,-0.05],[29.75,-0.041003],[29.716667,-0.05],[29.65,-0.094068],[29.55,-0.126159],[29.546771,-0.15],[29.528164,-0.25],[29.45,-0.34157],[29.446287,-0.35],[29.414082,-0.45],[29.35,-0.515417],[29.338177,-0.55],[29.333117,-0.65],[29.330184,-0.75],[29.35,-0.809722],[29.424359,-0.85],[29.45,-0.87],[29.456098,-0.85],[29.525,-0.75],[29.55,-0.728082],[29.65,-0.66],[29.675,-0.65],[29.75,-0.607143],[29.785556,-0.55],[29.85,-0.473684],[29.866822,-0.45],[29.928378,-0.35],[29.95,-0.294828],[29.96831,-0.25],[30.05,-0.198214],[30.15,-0.15636],[30.176087,-0.15],[30.25,-0.104054],[30.266529,-0.05],[30.281203,0.05],[30.289474,0.15],[30.27618,0.25],[30.25,0.311]],[[27.95,-0.70814],[27.926923,-0.75],[27.95,-0.788571],[28.01506,-0.75],[27.95,-0.70814]],[[28.15,-1.014539],[28.129757,-1.05],[28.15,-1.110241],[28.177778,-1.05],[28.15,-1.014539]],[[36.15,-1.626071],[36.13325,-1.65],[36.080194,-1.75],[36.05,-1.828986],[36.046998,-1.85],[36.023864,-1.95],[35.988983,-2.05],[35.971256,-2.15],[35.95,-2.188095],[35.89911,-2.25],[35.854462,-2.35],[35.85,-2.36405],[35.804386,-2.45],[35.813547,-2.55],[35.85,-2.588342],[35.876923,-2.65],[35.95,-2.711407],[35.994005,-2.65],[36.05,-2.556591],[36.05536,-2.55],[36.15,-2.463367],[36.25,-2.518852],[36.271266,-2.45],[36.3,-2.35],[36.339011,-2.25],[36.35,-2.219072],[36.374453,-2.15],[36.39562,-2.05],[36.420861,-1.95],[36.45,-1.863725],[36.454294,-1.85],[36.45,-1.812162],[36.437895,-1.75],[36.384252,-1.65],[36.35,-1.55],[36.25,-1.591436],[36.15,-1.626071]],[[28.45,-1.746194],[28.431356,-1.75],[28.45,-1.77],[28.453179,-1.75],[28.45,-1.746194]],[[29.05,-2.768797],[29.013265,-2.85],[29.05,-2.931818],[29.07087,-2.95],[29.13125,-3.05],[29.143809,-3.15],[29.15,-3.226667],[29.156278,-3.25],[29.15,-3.3375],[29.149849,-3.35],[29.144868,-3.45],[29.15,-3.527228],[29.159091,-3.55],[29.15,-3.575556],[29.144477,-3.65],[29.117421,-3.75],[29.111833,-3.85],[29.111263,-3.95],[29.099339,-4.05],[29.05,-4.119782],[28.95,-4.130851],[28.940278,-4.15],[28.95,-4.207798],[28.970721,-4.25],[29.007429,-4.35],[29.038421,-4.45],[29.05,-4.473529],[29.092308,-4.55],[29.120333,-4.65],[29.123934,-4.75],[29.129298,-4.85],[29.133108,-4.95],[29.135505,-5.05],[29.145271,-5.15],[29.15,-5.169298],[29.2,-5.25],[29.230978,-5.35],[29.25,-5.376718],[29.313054,-5.45],[29.331756,-5.55],[29.319792,-5.65],[29.25,-5.720035],[29.15,-5.691353],[29.102439,-5.75],[29.065748,-5.85],[29.05,-5.879851],[29.027619,-5.95],[29.05,-5.980719],[29.091245,-6.05],[29.15,-6.106554],[29.193284,-6.15],[29.245982,-6.25],[29.25,-6.255769],[29.315919,-6.35],[29.35,-6.385349],[29.388504,-6.45],[29.419895,-6.55],[29.440102,-6.65],[29.45,-6.696429],[29.471845,-6.75],[29.55,-6.786261],[29.642484,-6.85],[29.65,-6.855882],[29.716187,-6.95],[29.739644,-7.05],[29.75,-7.062261],[29.85,-7.081915],[29.95,-7.085795],[30.026775,-7.15],[30.05,-7.165633],[30.131727,-7.25],[30.15,-7.304887],[30.184286,-7.35],[30.224798,-7.45],[30.224788,-7.55],[30.224785,-7.65],[30.25,-7.734362],[30.264179,-7.75],[30.292188,-7.85],[30.35,-7.931919],[30.369066,-7.95],[30.45,-8.038511],[30.461947,-8.05],[30.510821,-8.15],[30.508562,-8.25],[30.487,-8.35],[30.45,-8.395868],[30.36761,-8.45],[30.375,-8.55],[30.45,-8.646],[30.456452,-8.65],[30.55,-8.699153],[30.65,-8.697126],[30.75,-8.655353],[30.7625,-8.65],[30.85,-8.606683],[30.893641,-8.65],[30.95,-8.710753],[30.989459,-8.75],[31.05,-8.797257],[31.15,-8.806522],[31.195729,-8.75],[31.197799,-8.65],[31.179372,-8.55],[31.169089,-8.45],[31.15,-8.41318],[31.104381,-8.35],[31.05,-8.268552],[31.033858,-8.25],[30.987938,-8.15],[30.95,-8.077843],[30.926254,-8.05],[30.875547,-7.95],[30.85,-7.901389],[30.816261,-7.85],[30.790992,-7.75],[30.75,-7.664674],[30.738261,-7.65],[30.704091,-7.55],[30.75,-7.467213],[30.758468,-7.45],[30.75,-7.402273],[30.737568,-7.35],[30.65,-7.264286],[30.635246,-7.25],[30.65,-7.216667],[30.676866,-7.15],[30.664793,-7.05],[30.676087,-6.95],[30.75,-6.865],[30.85,-6.85],[30.75,-6.823684],[30.678814,-6.75],[30.65,-6.738028],[30.55,-6.704167],[30.462162,-6.65],[30.45,-6.641743],[30.35,-6.598198],[30.274648,-6.55],[30.25,-6.525694],[30.187714,-6.45],[30.15,-6.397619],[30.05,-6.404948],[29.95,-6.411728],[29.85,-6.362048],[29.837854,-6.35],[29.75,-6.266216],[29.734559,-6.25],[29.707644,-6.15],[29.75,-6.064213],[29.823684,-6.05],[29.85,-6.04569],[29.95,-6.026279],[30.001572,-5.95],[30.025465,-5.85],[30.00049,-5.75],[29.95,-5.687195],[29.927491,-5.65],[29.85,-5.55411],[29.846203,-5.55],[29.85,-5.536154],[29.95,-5.462791],[29.958594,-5.45],[29.95,-5.421429],[29.912069,-5.35],[29.95,-5.286047],[30.05,-5.274627],[30.068644,-5.25],[30.08662,-5.15],[30.05,-5.097475],[29.95,-5.084014],[29.903704,-5.05],[29.879825,-4.95],[29.903285,-4.85],[29.85,-4.75],[29.75,-4.780539],[29.65,-4.767204],[29.637786,-4.75],[29.622327,-4.65],[29.65,-4.580159],[29.657884,-4.55],[29.674,-4.45],[29.680412,-4.35],[29.658733,-4.25],[29.65,-4.240877],[29.55,-4.196],[29.516667,-4.15],[29.492536,-4.05],[29.474537,-3.95],[29.45,-3.925463],[29.383469,-3.85],[29.35,-3.781667],[29.325163,-3.75],[29.301225,-3.65],[29.35,-3.556809],[29.351806,-3.55],[29.364725,-3.45],[29.385035,-3.35],[29.397118,-3.25],[29.39026,-3.15],[29.35,-3.105872],[29.291852,-3.05],[29.25,-2.989894],[29.204819,-2.95],[29.15,-2.901337],[29.102941,-2.85],[29.05,-2.768797]],[[36.05,-2.806818],[36.039876,-2.85],[36.019892,-2.95],[36.015523,-3.05],[36.02594,-3.15],[36.05,-3.23],[36.085294,-3.25],[36.15,-3.260353],[36.162256,-3.25],[36.25,-3.181373],[36.281169,-3.15],[36.35,-3.055357],[36.360056,-3.05],[36.35,-3.034615],[36.25,-3.031922],[36.15,-3.001823],[36.084146,-2.95],[36.062555,-2.85],[36.05,-2.806818]],[[27.55,-3.047266],[27.545652,-3.05],[27.55,-3.063725],[27.555147,-3.05],[27.55,-3.047266]],[[27.75,-3.221333],[27.702747,-3.25],[27.65,-3.290336],[27.55,-3.318966],[27.5,-3.35],[27.55,-3.364063],[27.65,-3.373279],[27.75,-3.352991],[27.753286,-3.35],[27.85,-3.257623],[27.863178,-3.25],[27.85,-3.231111],[27.75,-3.221333]],[[38.05,-3.237209],[38.033077,-3.25],[37.95,-3.321053],[37.854348,-3.35],[37.93381,-3.45],[37.95,-3.475],[38.05,-3.49086],[38.15,-3.475],[38.25,-3.529018],[38.35,-3.529787],[38.397669,-3.45],[38.446145,-3.35],[38.35,-3.279505],[38.25,-3.295423],[38.15,-3.29697],[38.065068,-3.25],[38.05,-3.237209]],[[27.45,-3.437097],[27.448283,-3.45],[27.45,-3.451365],[27.452367,-3.45],[27.45,-3.437097]],[[35.85,-3.425],[35.838088,-3.45],[35.826216,-3.55],[35.827551,-3.65],[35.75,-3.746203],[35.749084,-3.75],[35.744453,-3.85],[35.74692,-3.95],[35.75,-3.973438],[35.791667,-3.95],[35.85,-3.905319],[35.905319,-3.85],[35.933721,-3.75],[35.95,-3.708824],[35.961905,-3.65],[35.966176,-3.55],[35.95,-3.52027],[35.909375,-3.45],[35.85,-3.425]],[[37.65,-3.577429],[37.58602,-3.65],[37.574648,-3.75],[37.629167,-3.85],[37.644196,-3.95],[37.65,-3.95942],[37.72485,-4.05],[37.75,-4.07234],[37.78341,-4.15],[37.823761,-4.25],[37.85,-4.305215],[37.858979,-4.35],[37.892308,-4.45],[37.95,-4.518293],[38.012687,-4.45],[38.024372,-4.35],[38.022291,-4.25],[37.95,-4.154918],[37.938182,-4.15],[37.85,-4.082483],[37.773077,-4.05],[37.816349,-3.95],[37.75,-3.878425],[37.685156,-3.85],[37.707424,-3.75],[37.698752,-3.65],[37.65,-3.577429]],[[37.15,-3.839655],[37.14375,-3.85],[37.15,-3.852778],[37.16875,-3.85],[37.15,-3.839655]],[[38.25,-4.462831],[38.176013,-4.55],[38.162512,-4.65],[38.190285,-4.75],[38.25,-4.813628],[38.30725,-4.85],[38.35,-4.909459],[38.396539,-4.95],[38.45,-5.005446],[38.482464,-4.95],[38.519985,-4.85],[38.541139,-4.75],[38.503171,-4.65],[38.45,-4.618406],[38.37997,-4.55],[38.35,-4.498072],[38.25,-4.462831]],[[27.95,-5.22549],[27.8875,-5.25],[27.932353,-5.35],[27.95,-5.351775],[27.952206,-5.35],[27.983333,-5.25],[27.95,-5.22549]],[[28.45,-5.183684],[28.418966,-5.25],[28.45,-5.338732],[28.478251,-5.25],[28.45,-5.183684]],[[14.75,-6.291304],[14.741374,-6.35],[14.75,-6.362919],[14.759609,-6.35],[14.75,-6.291304]],[[30.95,-6.445181],[30.934615,-6.45],[30.926812,-6.55],[30.929268,-6.65],[30.88125,-6.75],[30.85,-6.85],[30.95,-6.892683],[30.992342,-6.95],[31.05,-7.038889],[31.063333,-7.05],[31.15,-7.092623],[31.226923,-7.15],[31.25,-7.154268],[31.35,-7.189394],[31.404237,-7.25],[31.418943,-7.35],[31.422583,-7.45],[31.45,-7.490519],[31.503882,-7.55],[31.540863,-7.65],[31.55,-7.662766],[31.638014,-7.75],[31.65,-7.756436],[31.75,-7.815263],[31.786,-7.85],[31.85,-7.896438],[31.900123,-7.95],[31.937415,-8.05],[31.95,-8.080641],[32.009109,-8.15],[32.020912,-8.25],[32.05,-8.276698],[32.126316,-8.35],[32.15,-8.387306],[32.213684,-8.45],[32.232304,-8.55],[32.25,-8.580814],[32.325796,-8.65],[32.35,-8.676207],[32.436364,-8.65],[32.45,-8.622093],[32.55,-8.574873],[32.65,-8.586226],[32.75,-8.626382],[32.812667,-8.65],[32.85,-8.658235],[32.95,-8.669575],[33.05,-8.691102],[33.15,-8.709627],[33.219565,-8.65],[33.15,-8.577273],[33.130851,-8.55],[33.05,-8.450654],[33.049425,-8.45],[32.95,-8.372422],[32.90935,-8.35],[32.85,-8.310963],[32.771918,-8.25],[32.75,-8.221681],[32.711792,-8.15],[32.65,-8.060884],[32.612791,-8.05],[32.55,-8.034659],[32.451325,-7.95],[32.45,-7.948582],[32.35,-7.870661],[32.328355,-7.85],[32.25,-7.782714],[32.21494,-7.75],[32.15,-7.700606],[32.098457,-7.65],[32.05,-7.569898],[32.027841,-7.55],[31.95,-7.475543],[31.924457,-7.45],[31.85,-7.356164],[31.842437,-7.35],[31.768868,-7.25],[31.75,-7.225],[31.709459,-7.15],[31.65,-7.119655],[31.602358,-7.05],[31.55,-6.953478],[31.545652,-6.95],[31.450377,-6.85],[31.45,-6.842857],[31.35,-6.762903],[31.334615,-6.75],[31.25,-6.680159],[31.204762,-6.65],[31.15,-6.609649],[31.05,-6.611538],[30.975,-6.55],[30.954,-6.45],[30.95,-6.445181]],[[25.75,-6.740698],[25.728947,-6.75],[25.75,-6.788095],[25.780952,-6.85],[25.802632,-6.95],[25.820642,-7.05],[25.85,-7.111538],[25.95,-7.086364],[25.996154,-7.05],[26.015789,-6.95],[26.028571,-6.85],[25.95,-6.800746],[25.85,-6.793137],[25.776667,-6.75],[25.75,-6.740698]],[[37.65,-6.905268],[37.609532,-6.95],[37.55,-7.026068],[37.510976,-7.05],[37.501253,-7.15],[37.55,-7.180791],[37.65,-7.239615],[37.738847,-7.15],[37.703876,-7.05],[37.689478,-6.95],[37.65,-6.905268]],[[26.05,-7.101852],[26.011765,-7.15],[26.05,-7.215],[26.063402,-7.15],[26.05,-7.101852]],[[25.55,-7.35],[25.55,-7.35],[25.55,-7.35],[25.55,-7.35],[25.55,-7.35]],[[36.65,-7.368182],[36.598705,-7.45],[36.65,-7.501563],[36.75,-7.526569],[36.800833,-7.45],[36.75,-7.37907],[36.65,-7.368182]],[[36.95,-7.535789],[36.92874,-7.55],[36.95,-7.566615],[36.958108,-7.55],[36.95,-7.535789]],[[36.85,-7.675],[36.797633,-7.75],[36.85,-7.805836],[36.871825,-7.75],[36.85,-7.675]],[[22.95,-7.838889],[22.948361,-7.85],[22.95,-7.852778],[22.952222,-7.85],[22.95,-7.838889]],[[23.45,-7.901852],[23.393478,-7.95],[23.45,-7.993333],[23.469403,-7.95],[23.45,-7.901852]],[[28.15,-8.007692],[28.13012,-8.05],[28.15,-8.136842],[28.171154,-8.05],[28.15,-8.007692]],[[24.15,-8.086585],[24.126364,-8.15],[24.15,-8.196429],[24.222222,-8.15],[24.15,-8.086585]],[[29.05,-8.346154],[29.048611,-8.35],[28.95,-8.43503],[28.933108,-8.45],[28.85,-8.543893],[28.847838,-8.55],[28.809799,-8.65],[28.75,-8.711658],[28.706977,-8.75],[28.65,-8.80731],[28.609444,-8.85],[28.55,-8.911143],[28.487037,-8.95],[28.45,-8.987736],[28.379787,-9.05],[28.35,-9.077451],[28.25,-9.1225],[28.232723,-9.15],[28.213866,-9.25],[28.22807,-9.35],[28.212185,-9.45],[28.239243,-9.55],[28.225796,-9.65],[28.189024,-9.75],[28.176786,-9.85],[28.15,-9.938235],[28.147368,-9.95],[28.15,-9.954651],[28.243182,-10.05],[28.19,-10.15],[28.245918,-10.25],[28.198889,-10.35],[28.25,-10.42931],[28.35,-10.37549],[28.430851,-10.45],[28.45,-10.55],[28.45,-10.55],[28.55,-10.585],[28.65,-10.589623],[28.664286,-10.55],[28.67963,-10.45],[28.693704,-10.35],[28.700485,-10.25],[28.685135,-10.15],[28.724699,-10.05],[28.75,-10.008824],[28.772901,-9.95],[28.803846,-9.85],[28.823611,-9.75],[28.842188,-9.65],[28.85,-9.634848],[28.863462,-9.55],[28.862766,-9.45],[28.85,-9.37],[28.838889,-9.35],[28.85,-9.307143],[28.860526,-9.25],[28.906579,-9.15],[28.95,-9.116327],[29.05,-9.102632],[29.085294,-9.15],[29.15,-9.221739],[29.25,-9.20942],[29.305405,-9.15],[29.35,-9.085294],[29.45,-9.065],[29.501064,-9.05],[29.55,-9.024444],[29.65,-8.965663],[29.684211,-8.95],[29.75,-8.91875],[29.85,-8.901852],[29.945455,-8.85],[29.85,-8.760638],[29.842424,-8.75],[29.85,-8.736842],[29.890741,-8.65],[29.95,-8.605556],[30.05,-8.592593],[30.15,-8.643333],[30.206,-8.55],[30.208462,-8.45],[30.15,-8.403659],[30.063725,-8.35],[30.05,-8.343069],[30.020833,-8.35],[29.95,-8.415385],[29.85,-8.361321],[29.833784,-8.35],[29.75,-8.298333],[29.697458,-8.35],[29.65,-8.391176],[29.63,-8.45],[29.607627,-8.55],[29.55,-8.631928],[29.537805,-8.65],[29.516667,-8.75],[29.497656,-8.85],[29.45,-8.920115],[29.42234,-8.95],[29.35,-9.02907],[29.278,-9.05],[29.25,-9.064583],[29.223077,-9.05],[29.15,-9.030612],[29.074762,-8.95],[29.083333,-8.85],[29.109701,-8.75],[29.15,-8.678],[29.159859,-8.65],[29.163492,-8.55],[29.15,-8.465],[29.126923,-8.45],[29.056897,-8.35],[29.05,-8.346154]],[[20.25,-8.533333],[20.242857,-8.55],[20.216667,-8.65],[20.25,-8.725],[20.265789,-8.65],[20.257692,-8.55],[20.25,-8.533333]],[[28.45,-8.53125],[28.39,-8.55],[28.45,-8.573077],[28.486,-8.55],[28.45,-8.53125]],[[25.85,-8.571875],[25.797917,-8.65],[25.85,-8.685714],[25.95,-8.656612],[25.955145,-8.65],[25.95,-8.621429],[25.85,-8.571875]],[[32.45,-8.671053],[32.432625,-8.75],[32.45,-8.776627],[32.476012,-8.75],[32.45,-8.671053]],[[36.65,-8.733571],[36.612602,-8.75],[36.65,-8.821875],[36.662267,-8.75],[36.65,-8.733571]],[[20.35,-8.805556],[20.27,-8.85],[20.35,-8.864035],[20.359756,-8.85],[20.35,-8.805556]],[[25.45,-8.820085],[25.403947,-8.85],[25.45,-8.883654],[25.535366,-8.85],[25.45,-8.820085]],[[36.55,-8.814706],[36.536834,-8.85],[36.55,-8.883333],[36.62,-8.85],[36.55,-8.814706]],[[22.15,-8.947222],[22.146774,-8.95],[22.15,-8.9625],[22.152222,-8.95],[22.15,-8.947222]],[[36.65,-8.931818],[36.645455,-8.95],[36.65,-8.951173],[36.650727,-8.95],[36.65,-8.931818]],[[27.25,-9.228125],[27.225294,-9.25],[27.15,-9.311538],[27.1,-9.35],[27.05,-9.386036],[26.994444,-9.35],[26.95,-9.342677],[26.900769,-9.35],[26.923077,-9.45],[26.911667,-9.55],[26.85,-9.609677],[26.820588,-9.65],[26.75,-9.717416],[26.707353,-9.75],[26.65,-9.826471],[26.623913,-9.85],[26.608621,-9.95],[26.573529,-10.05],[26.596875,-10.15],[26.65,-10.208621],[26.75,-10.221429],[26.778571,-10.25],[26.85,-10.267647],[26.923684,-10.35],[26.95,-10.423529],[27.04,-10.45],[27.05,-10.450943],[27.15,-10.507971],[27.25,-10.535294],[27.268519,-10.55],[27.25,-10.633333],[27.248901,-10.65],[27.25,-10.650935],[27.35,-10.702991],[27.45,-10.717949],[27.55,-10.694944],[27.569512,-10.65],[27.558186,-10.55],[27.55,-10.532297],[27.48879,-10.45],[27.472676,-10.35],[27.472378,-10.25],[27.45,-10.151538],[27.449187,-10.15],[27.417797,-10.05],[27.45,-9.991237],[27.471739,-9.95],[27.45,-9.894444],[27.427931,-9.85],[27.375,-9.75],[27.377134,-9.65],[27.365315,-9.55],[27.363193,-9.45],[27.389437,-9.35],[27.384722,-9.25],[27.35,-9.178571],[27.25,-9.228125]],[[36.35,-9.240323],[36.276531,-9.25],[36.35,-9.274828],[36.375175,-9.25],[36.35,-9.240323]],[[15.75,-9.733333],[15.655263,-9.75],[15.75,-9.782143],[15.85,-9.829167],[15.892222,-9.75],[15.85,-9.725325],[15.75,-9.733333]],[[21.95,-9.67381],[21.926119,-9.75],[21.95,-9.776667],[22.028571,-9.85],[22.05,-9.87069],[22.15,-9.9],[22.154,-9.85],[22.15,-9.843103],[22.070588,-9.75],[22.05,-9.739552],[21.95,-9.67381]],[[22.25,-10.0125],[22.233333,-10.05],[22.202174,-10.15],[22.212745,-10.25],[22.25,-10.345],[22.2625,-10.35],[22.35,-10.4],[22.381818,-10.35],[22.35,-10.286364],[22.332609,-10.25],[22.309459,-10.15],[22.257317,-10.05],[22.25,-10.0125]],[[24.65,-10.34375],[24.645455,-10.35],[24.65,-10.355634],[24.678571,-10.35],[24.65,-10.34375]],[[35.85,-10.259655],[35.768634,-10.35],[35.75,-10.391667],[35.65,-10.406061],[35.596296,-10.45],[35.55,-10.47907],[35.482967,-10.55],[35.45,-10.635714],[35.434375,-10.65],[35.45,-10.677778],[35.483333,-10.75],[35.45,-10.763131],[35.389007,-10.85],[35.45,-10.934314],[35.55,-10.901163],[35.65,-10.869457],[35.668615,-10.85],[35.736179,-10.75],[35.744958,-10.65],[35.75,-10.642105],[35.85,-10.553636],[35.851852,-10.55],[35.91055,-10.45],[35.95,-10.40567],[35.974771,-10.35],[35.95,-10.321277],[35.85,-10.259655]],[[35.25,-10.420859],[35.216783,-10.45],[35.173469,-10.55],[35.15,-10.583824],[35.05,-10.642715],[35.017647,-10.65],[34.95,-10.658614],[34.925,-10.65],[34.902493,-10.55],[34.85,-10.502267],[34.75,-10.532768],[34.736825,-10.55],[34.713217,-10.65],[34.735409,-10.75],[34.75,-10.782411],[34.782203,-10.85],[34.75,-10.885477],[34.708644,-10.95],[34.714011,-11.05],[34.75,-11.093396],[34.790195,-11.15],[34.85,-11.217818],[34.904953,-11.25],[34.95,-11.321805],[34.975,-11.35],[34.987105,-11.45],[34.997117,-11.55],[35.008166,-11.65],[35.013498,-11.75],[35.043734,-11.85],[35.05,-11.869048],[35.056575,-11.85],[35.093146,-11.75],[35.15,-11.684456],[35.177651,-11.65],[35.224074,-11.55],[35.236222,-11.45],[35.234151,-11.35],[35.200649,-11.25],[35.18835,-11.15],[35.187143,-11.05],[35.210364,-10.95],[35.164851,-10.85],[35.15,-10.818085],[35.115217,-10.75],[35.15,-10.708442],[35.241429,-10.75],[35.25,-10.753371],[35.255769,-10.75],[35.25,-10.72],[35.236538,-10.65],[35.25,-10.641463],[35.35,-10.596],[35.393396,-10.55],[35.35,-10.484286],[35.338785,-10.45],[35.25,-10.420859]],[[14.45,-11.632791],[14.372917,-11.65],[14.378302,-11.75],[14.45,-11.835714],[14.517857,-11.85],[14.504667,-11.95],[14.55,-11.988857],[14.609649,-11.95],[14.552179,-11.85],[14.55,-11.805],[14.5412,-11.75],[14.489785,-11.65],[14.45,-11.632791]],[[35.35,-12.316434],[35.310976,-12.35],[35.284545,-12.45],[35.25,-12.467757],[35.168894,-12.55],[35.15,-12.587273],[35.05,-12.637866],[35.02563,-12.65],[34.95,-12.707692],[34.93436,-12.75],[34.925328,-12.85],[34.893992,-12.95],[34.898556,-13.05],[34.95,-13.14561],[35.05,-13.141803],[35.052717,-13.15],[35.086429,-13.25],[35.11129,-13.35],[35.15,-13.398485],[35.171339,-13.45],[35.201974,-13.55],[35.218371,-13.65],[35.217925,-13.75],[35.218173,-13.85],[35.224875,-13.95],[35.25,-14.012397],[35.281818,-14.05],[35.35,-14.14949],[35.45,-14.115957],[35.482979,-14.05],[35.512222,-13.95],[35.530822,-13.85],[35.526522,-13.75],[35.45,-13.677273],[35.416327,-13.65],[35.441195,-13.55],[35.45,-13.529104],[35.55,-13.459259],[35.561111,-13.45],[35.65,-13.391606],[35.691304,-13.35],[35.730645,-13.25],[35.75,-13.235938],[35.85,-13.167881],[35.86875,-13.15],[35.928696,-13.05],[35.927538,-12.95],[35.95,-12.85875],[35.954545,-12.85],[35.959709,-12.75],[35.95,-12.708333],[35.941908,-12.65],[35.882857,-12.55],[35.85,-12.535535],[35.782338,-12.45],[35.75,-12.410123],[35.709627,-12.45],[35.65,-12.533478],[35.635606,-12.55],[35.625,-12.65],[35.593636,-12.75],[35.554505,-12.85],[35.55,-12.882258],[35.45,-12.85],[35.415517,-12.75],[35.405446,-12.65],[35.358642,-12.55],[35.402555,-12.45],[35.434956,-12.35],[35.35,-12.316434]],[[36.05,-12.441346],[36.026923,-12.45],[36.05,-12.508696],[36.068121,-12.45],[36.05,-12.441346]],[[33.75,-12.72549],[33.713235,-12.75],[33.75,-12.780864],[33.819444,-12.75],[33.75,-12.72549]],[[33.55,-12.846809],[33.534211,-12.85],[33.55,-12.857317],[33.65,-12.860417],[33.665152,-12.85],[33.65,-12.831132],[33.55,-12.846809]],[[13.85,-13.14322],[13.8475,-13.15],[13.85,-13.161765],[13.860256,-13.15],[13.85,-13.14322]],[[13.95,-13.208333],[13.904545,-13.25],[13.899471,-13.35],[13.95,-13.41773],[14.05,-13.379268],[14.080769,-13.35],[14.05,-13.330165],[13.984014,-13.25],[13.95,-13.208333]],[[13.15,-13.627733],[13.101965,-13.65],[13.095034,-13.75],[13.15,-13.813827],[13.25,-13.823451],[13.328673,-13.75],[13.25,-13.670827],[13.195643,-13.65],[13.15,-13.627733]],[[49.35,-13.588983],[49.284545,-13.65],[49.35,-13.74848],[49.45,-13.716374],[49.501708,-13.65],[49.45,-13.597696],[49.35,-13.588983]],[[48.95,-13.704598],[48.869918,-13.75],[48.874047,-13.85],[48.85,-13.896197],[48.75,-13.920973],[48.718031,-13.95],[48.75,-13.981238],[48.803881,-14.05],[48.75,-14.147832],[48.746413,-14.15],[48.65,-14.203218],[48.55,-14.174599],[48.516106,-14.25],[48.465913,-14.35],[48.456287,-14.45],[48.45,-14.496377],[48.441435,-14.55],[48.45,-14.581624],[48.479963,-14.65],[48.474798,-14.75],[48.540972,-14.85],[48.55,-14.863757],[48.605161,-14.95],[48.65,-15.040136],[48.705769,-15.05],[48.75,-15.056101],[48.762105,-15.05],[48.829937,-14.95],[48.813281,-14.85],[48.85,-14.816901],[48.95,-14.781507],[49.013559,-14.85],[48.984043,-14.95],[49.05,-15.014583],[49.1275,-14.95],[49.122269,-14.85],[49.15,-14.800746],[49.25,-14.799495],[49.35,-14.816531],[49.408571,-14.85],[49.406,-14.95],[49.45,-15.006774],[49.55,-15.005287],[49.601261,-14.95],[49.55,-14.853175],[49.540625,-14.85],[49.502415,-14.75],[49.469843,-14.65],[49.45,-14.565126],[49.445853,-14.55],[49.429152,-14.45],[49.37113,-14.35],[49.434,-14.25],[49.35,-14.228351],[49.304491,-14.15],[49.30375,-14.05],[49.35,-14.006776],[49.45,-13.952387],[49.454762,-13.95],[49.45,-13.944152],[49.356936,-13.85],[49.35,-13.779412],[49.346319,-13.85],[49.25,-13.902246],[49.150633,-13.85],[49.15,-13.849655],[49.069301,-13.75],[49.05,-13.731746],[48.95,-13.704598]],[[48.45,-13.993542],[48.356608,-14.05],[48.45,-14.134631],[48.516147,-14.05],[48.45,-13.993542]],[[35.45,-14.3925],[35.443915,-14.45],[35.45,-14.465232],[35.480667,-14.45],[35.45,-14.3925]],[[49.65,-14.418147],[49.607364,-14.45],[49.65,-14.493651],[49.711338,-14.45],[49.65,-14.418147]],[[49.15,-14.646113],[49.145582,-14.65],[49.15,-14.674444],[49.154314,-14.65],[49.15,-14.646113]],[[13.15,-14.71423],[13.080102,-14.75],[13.15,-14.781787],[13.194918,-14.75],[13.15,-14.71423]],[[29.85,-14.948324],[29.848997,-14.95],[29.846364,-15.05],[29.85,-15.052286],[29.852439,-15.05],[29.851863,-14.95],[29.85,-14.948324]],[[30.75,-15.039447],[30.737719,-15.05],[30.75,-15.1025],[30.782813,-15.05],[30.75,-15.039447]],[[37.35,-15.039091],[37.33626,-15.05],[37.35,-15.0875],[37.381304,-15.05],[37.35,-15.039091]],[[30.65,-15.128534],[30.637576,-15.15],[30.65,-15.182283],[30.718333,-15.15],[30.65,-15.128534]],[[37.45,-15.119912],[37.41383,-15.15],[37.45,-15.163546],[37.461221,-15.15],[37.45,-15.119912]],[[29.75,-15.238406],[29.728571,-15.25],[29.75,-15.302174],[29.760435,-15.25],[29.75,-15.238406]],[[35.35,-15.209364],[35.311409,-15.25],[35.25,-15.318797],[35.233883,-15.35],[35.233843,-15.45],[35.25,-15.485577],[35.270904,-15.45],[35.35,-15.395946],[35.378814,-15.35],[35.376316,-15.25],[35.35,-15.209364]],[[36.95,-15.180226],[36.884483,-15.25],[36.874579,-15.35],[36.95,-15.407584],[37.025,-15.45],[37.05,-15.464212],[37.089568,-15.45],[37.15,-15.413948],[37.25,-15.357614],[37.264286,-15.35],[37.25,-15.327941],[37.229537,-15.25],[37.15,-15.189233],[37.05,-15.162461],[36.95,-15.180226]],[[49.05,-15.307778],[49.033186,-15.35],[49.05,-15.443443],[49.054878,-15.45],[49.15,-15.515],[49.25,-15.482353],[49.288824,-15.45],[49.25,-15.406579],[49.175862,-15.35],[49.15,-15.33],[49.05,-15.307778]],[[26.85,-15.4],[26.75,-15.45],[26.65,-15.518966],[26.609091,-15.55],[26.55,-15.604167],[26.45,-15.627273],[26.404545,-15.65],[26.35,-15.683333],[26.25,-15.727778],[26.175,-15.75],[26.15,-15.764286],[26.057692,-15.85],[26.127273,-15.95],[26.146296,-16.05],[26.15,-16.056667],[26.157143,-16.05],[26.166129,-15.95],[26.2,-15.85],[26.25,-15.783333],[26.35,-15.8],[26.45,-15.766667],[26.55,-15.766279],[26.65,-15.834615],[26.75,-15.784615],[26.85,-15.85],[26.85,-15.85],[26.95,-15.928261],[26.977778,-15.95],[27.018421,-16.05],[27.05,-16.104545],[27.15,-16.103333],[27.177586,-16.05],[27.25,-15.982258],[27.35,-15.955769],[27.45,-15.955],[27.46,-15.95],[27.55,-15.885714],[27.6125,-15.85],[27.65,-15.827778],[27.75,-15.783333],[27.85,-15.78913],[27.95,-15.789583],[28.05,-15.7975],[28.136364,-15.75],[28.052326,-15.65],[28.05,-15.648684],[27.95,-15.588889],[27.904839,-15.55],[27.85,-15.460526],[27.8,-15.45],[27.75,-15.425],[27.65,-15.36],[27.55,-15.35],[27.45,-15.376087],[27.35,-15.419565],[27.25,-15.418],[27.15,-15.435714],[27.05,-15.417568],[26.95,-15.372222],[26.85,-15.4]],[[35.15,-15.596552],[35.125781,-15.65],[35.05,-15.730833],[35.025135,-15.75],[35.00694,-15.85],[35.028701,-15.95],[35.041019,-16.05],[35.05,-16.061454],[35.086111,-16.05],[35.125926,-15.95],[35.125625,-15.85],[35.15,-15.80125],[35.171809,-15.75],[35.182804,-15.65],[35.15,-15.596552]],[[35.65,-15.783447],[35.574178,-15.85],[35.55,-15.863572],[35.475746,-15.95],[35.55,-16.031059],[35.65,-16.023784],[35.75,-16.017232],[35.792049,-15.95],[35.75,-15.860526],[35.743333,-15.85],[35.65,-15.783447]],[[28.45,-16.104222],[28.396907,-16.15],[28.45,-16.17244],[28.497032,-16.15],[28.45,-16.104222]],[[48.15,-16.149434],[48.149016,-16.15],[48.122542,-16.25],[48.15,-16.266071],[48.25,-16.283517],[48.35,-16.311611],[48.397368,-16.35],[48.45,-16.391667],[48.489301,-16.35],[48.45,-16.30082],[48.408296,-16.25],[48.35,-16.213173],[48.261858,-16.15],[48.25,-16.143671],[48.15,-16.149434]],[[36.35,-16.222333],[36.33463,-16.25],[36.35,-16.265036],[36.371173,-16.25],[36.35,-16.222333]],[[48.75,-16.228924],[48.737887,-16.25],[48.698387,-16.35],[48.65,-16.376087],[48.558108,-16.45],[48.55,-16.475424],[48.526471,-16.55],[48.55,-16.616667],[48.565827,-16.65],[48.603731,-16.75],[48.65,-16.836111],[48.671739,-16.85],[48.75,-16.878346],[48.85,-16.89094],[48.879469,-16.85],[48.881624,-16.75],[48.85,-16.655128],[48.842593,-16.65],[48.75,-16.615278],[48.724595,-16.55],[48.75,-16.454082],[48.75137,-16.45],[48.78122,-16.35],[48.767407,-16.25],[48.75,-16.228924]],[[13.15,-16.407237],[13.063333,-16.45],[13.15,-16.491667],[13.241,-16.55],[13.25,-16.558411],[13.35,-16.641304],[13.368261,-16.55],[13.35,-16.526136],[13.274719,-16.45],[13.25,-16.421795],[13.15,-16.407237]],[[47.85,-16.512025],[47.829866,-16.55],[47.793902,-16.65],[47.805072,-16.75],[47.75,-16.842121],[47.747778,-16.85],[47.75,-16.854194],[47.85,-16.930556],[47.861551,-16.95],[47.95,-17.016667],[48.020526,-17.05],[48.05,-17.067445],[48.15,-17.052055],[48.159091,-17.05],[48.15,-17.045082],[48.132477,-16.95],[48.10142,-16.85],[48.05,-16.773474],[48.030159,-16.75],[47.986387,-16.65],[47.985222,-16.55],[47.95,-16.450694],[47.85,-16.512025]],[[48.95,-16.628836],[48.854762,-16.65],[48.95,-16.683333],[48.992105,-16.65],[48.95,-16.628836]],[[12.65,-16.871308],[12.560043,-16.95],[12.55,-17.000538],[12.515926,-17.05],[12.52389,-17.15],[12.55,-17.184722],[12.575575,-17.15],[12.65,-17.058777],[12.75,-17.085798],[12.806269,-17.05],[12.85,-17.011867],[12.906585,-16.95],[12.85,-16.895921],[12.75,-16.898864],[12.65,-16.871308]],[[23.95,-16.928947],[23.9,-16.95],[23.95,-16.994444],[23.964815,-16.95],[23.95,-16.928947]],[[28.65,-16.935714],[28.635892,-16.95],[28.65,-17.007627],[28.681193,-16.95],[28.65,-16.935714]],[[24.05,-17.032143],[24.0,-17.05],[24.025,-17.15],[24.05,-17.180435],[24.079167,-17.15],[24.066667,-17.05],[24.05,-17.032143]],[[28.55,-17.025273],[28.52434,-17.05],[28.55,-17.073368],[28.623118,-17.05],[28.55,-17.025273]],[[47.35,-17.048722],[47.348174,-17.05],[47.283333,-17.15],[47.346094,-17.25],[47.35,-17.256356],[47.390541,-17.25],[47.45,-17.222152],[47.464504,-17.15],[47.45,-17.085227],[47.361429,-17.05],[47.35,-17.048722]],[[48.75,-17.018939],[48.67931,-17.05],[48.65,-17.106667],[48.623469,-17.15],[48.65,-17.167333],[48.75,-17.216116],[48.79878,-17.15],[48.772778,-17.05],[48.75,-17.018939]],[[47.95,-17.297222],[47.933989,-17.35],[47.95,-17.405882],[48.032609,-17.35],[47.95,-17.297222]],[[47.95,-17.515217],[47.937097,-17.55],[47.89486,-17.65],[47.85,-17.692857],[47.75,-17.687447],[47.65,-17.724459],[47.603906,-17.75],[47.55,-17.813889],[47.463333,-17.85],[47.516816,-17.95],[47.55,-18.003623],[47.571993,-18.05],[47.581953,-18.15],[47.55,-18.244737],[47.536957,-18.25],[47.45,-18.272989],[47.43773,-18.25],[47.42757,-18.15],[47.421218,-18.05],[47.379384,-17.95],[47.35,-17.919903],[47.25,-17.926437],[47.172222,-17.85],[47.182479,-17.75],[47.15,-17.711224],[47.086667,-17.75],[47.05,-17.767959],[46.951951,-17.85],[47.017097,-17.95],[46.95,-17.99],[46.881579,-18.05],[46.85,-18.097368],[46.776606,-18.15],[46.75,-18.15788],[46.74142,-18.15],[46.730376,-18.05],[46.75,-17.978431],[46.764796,-17.95],[46.75,-17.930795],[46.65,-17.940517],[46.631356,-17.95],[46.563833,-18.05],[46.55,-18.086923],[46.487405,-18.15],[46.45,-18.205056],[46.381034,-18.25],[46.35,-18.259091],[46.25,-18.319948],[46.210544,-18.35],[46.15,-18.421774],[46.120833,-18.45],[46.15,-18.477344],[46.25,-18.548174],[46.254348,-18.55],[46.35,-18.625214],[46.377358,-18.65],[46.440476,-18.75],[46.45,-18.76],[46.55,-18.771429],[46.600575,-18.85],[46.592029,-18.95],[46.55,-18.992029],[46.505056,-19.05],[46.519343,-19.15],[46.55,-19.232353],[46.557759,-19.25],[46.55,-19.261111],[46.506886,-19.35],[46.523404,-19.45],[46.488298,-19.55],[46.45,-19.61],[46.35,-19.60367],[46.304505,-19.65],[46.306757,-19.75],[46.35,-19.821642],[46.409375,-19.85],[46.35,-19.861014],[46.276202,-19.95],[46.35,-20.049032],[46.35102,-20.05],[46.35,-20.052778],[46.319741,-20.15],[46.35,-20.191502],[46.441358,-20.25],[46.45,-20.32],[46.452264,-20.35],[46.45,-20.352069],[46.426923,-20.35],[46.35,-20.338095],[46.315517,-20.35],[46.25,-20.37375],[46.229121,-20.35],[46.15,-20.257097],[46.09375,-20.35],[46.105989,-20.45],[46.107642,-20.55],[46.15,-20.605114],[46.228218,-20.65],[46.25,-20.672449],[46.337356,-20.75],[46.35,-20.754622],[46.45,-20.844563],[46.464465,-20.85],[46.55,-20.901515],[46.583508,-20.95],[46.59511,-21.05],[46.589754,-21.15],[46.65,-21.236982],[46.666058,-21.25],[46.65,-21.35],[46.65,-21.35],[46.65,-21.35],[46.709124,-21.45],[46.718116,-21.55],[46.65,-21.645918],[46.55,-21.5625],[46.530556,-21.65],[46.508182,-21.75],[46.55,-21.805556],[46.601397,-21.85],[46.65,-21.921311],[46.707377,-21.95],[46.75,-22.016667],[46.753485,-22.05],[46.75,-22.058667],[46.65,-22.073214],[46.55,-22.086634],[46.45,-22.062698],[46.404167,-22.15],[46.45,-22.213953],[46.55,-22.215085],[46.599282,-22.25],[46.65,-22.283758],[46.715031,-22.25],[46.75,-22.220619],[46.762128,-22.25],[46.85,-22.327196],[46.898413,-22.35],[46.95,-22.399242],[46.98662,-22.35],[47.032234,-22.25],[47.05,-22.215347],[47.15,-22.153617],[47.158134,-22.15],[47.184146,-22.05],[47.25,-22.005738],[47.272973,-21.95],[47.308128,-21.85],[47.35,-21.792568],[47.371799,-21.75],[47.391928,-21.65],[47.420238,-21.55],[47.379737,-21.45],[47.421329,-21.35],[47.433117,-21.25],[47.45,-21.226786],[47.512319,-21.15],[47.47276,-21.05],[47.45,-20.983333],[47.437052,-20.95],[47.440566,-20.85],[47.45,-20.832143],[47.489232,-20.75],[47.508351,-20.65],[47.55,-20.551005],[47.65,-20.581858],[47.75,-20.567685],[47.76532,-20.55],[47.85,-20.455882],[47.854961,-20.45],[47.85,-20.44188],[47.75,-20.37103],[47.739574,-20.35],[47.75,-20.332051],[47.802459,-20.25],[47.818639,-20.15],[47.804792,-20.05],[47.85,-19.979178],[47.879014,-19.95],[47.94,-19.85],[47.926882,-19.75],[47.948488,-19.65],[47.938889,-19.55],[47.95,-19.527091],[48.009551,-19.45],[48.05,-19.359434],[48.059615,-19.35],[48.15,-19.264545],[48.183333,-19.25],[48.25,-19.157692],[48.255797,-19.15],[48.25,-19.141304],[48.15,-19.133951],[48.135227,-19.15],[48.05,-19.225],[48.027545,-19.15],[48.011131,-19.05],[48.0264,-18.95],[48.011753,-18.85],[48.005085,-18.75],[48.021765,-18.65],[48.035054,-18.55],[48.05,-18.516667],[48.108511,-18.45],[48.133846,-18.35],[48.141589,-18.25],[48.107143,-18.15],[48.05,-18.114103],[48.026526,-18.05],[48.015877,-17.95],[48.022327,-17.85],[48.05,-17.765385],[48.054396,-17.75],[48.084112,-17.65],[48.095802,-17.55],[48.05,-17.484066],[47.95,-17.515217]],[[48.65,-17.526494],[48.626587,-17.55],[48.583173,-17.65],[48.55,-17.71],[48.53107,-17.75],[48.512212,-17.85],[48.497778,-17.95],[48.45,-18.034868],[48.35,-18.0075],[48.31383,-18.05],[48.267857,-18.15],[48.281638,-18.25],[48.293624,-18.35],[48.339412,-18.45],[48.35,-18.484615],[48.401515,-18.55],[48.45,-18.574615],[48.55,-18.596584],[48.570718,-18.55],[48.576202,-18.45],[48.613014,-18.35],[48.65,-18.270588],[48.6675,-18.25],[48.65,-18.2],[48.622368,-18.15],[48.65,-18.077586],[48.661594,-18.05],[48.75,-17.976506],[48.765942,-17.95],[48.85,-17.852521],[48.851493,-17.85],[48.85,-17.847561],[48.75,-17.806557],[48.65,-17.776126],[48.611333,-17.75],[48.65,-17.732738],[48.75,-17.728165],[48.83206,-17.65],[48.804412,-17.55],[48.75,-17.482931],[48.65,-17.526494]],[[27.95,-17.649662],[27.949145,-17.65],[27.85,-17.718235],[27.75,-17.729412],[27.686364,-17.75],[27.723438,-17.85],[27.75,-17.912963],[27.821429,-17.95],[27.85,-17.964545],[27.855674,-17.95],[27.908197,-17.85],[27.95,-17.817308],[28.023427,-17.75],[28.05,-17.722662],[28.118707,-17.65],[28.05,-17.602582],[27.95,-17.649662]],[[32.95,-17.823333],[32.938462,-17.85],[32.95,-17.878916],[32.966327,-17.85],[32.95,-17.823333]],[[45.45,-18.249043],[45.44845,-18.25],[45.430565,-18.35],[45.445077,-18.45],[45.45,-18.46039],[45.464679,-18.45],[45.55,-18.383571],[45.600538,-18.35],[45.62963,-18.25],[45.55,-18.176705],[45.45,-18.249043]],[[47.65,-18.248291],[47.61,-18.25],[47.65,-18.2525],[47.651786,-18.25],[47.65,-18.248291]],[[21.85,-18.339474],[21.843333,-18.35],[21.85,-18.368182],[21.9,-18.35],[21.85,-18.339474]],[[34.05,-18.348094],[34.047694,-18.35],[34.026378,-18.45],[34.05,-18.473923],[34.096154,-18.45],[34.05582,-18.35],[34.05,-18.348094]],[[46.55,-18.322368],[46.508,-18.35],[46.55,-18.394681],[46.561538,-18.35],[46.55,-18.322368]],[[48.45,-18.75],[48.45,-18.75],[48.45,-18.75],[48.35,-18.8125],[48.344545,-18.85],[48.35,-18.857317],[48.45,-18.8975],[48.455352,-18.85],[48.45,-18.75]],[[45.75,-18.85],[45.75,-18.85],[45.75,-18.85],[45.75,-18.85],[45.75,-18.85]],[[46.25,-18.794828],[46.17426,-18.85],[46.25,-18.896715],[46.310094,-18.85],[46.25,-18.794828]],[[27.75,-18.921429],[27.716667,-18.95],[27.65,-19.040909],[27.641667,-19.05],[27.636364,-19.15],[27.65,-19.17],[27.75,-19.207895],[27.797826,-19.15],[27.791463,-19.05],[27.788462,-18.95],[27.75,-18.921429]],[[48.45,-18.991176],[48.364286,-19.05],[48.45,-19.061952],[48.458475,-19.05],[48.45,-18.991176]],[[14.05,-19.070455],[14.023684,-19.15],[13.992795,-19.25],[13.958,-19.35],[13.956757,-19.45],[14.05,-19.544521],[14.15,-19.490984],[14.192373,-19.45],[14.197917,-19.35],[14.15,-19.271591],[14.137333,-19.25],[14.100725,-19.15],[14.05,-19.070455]],[[45.65,-19.095775],[45.613333,-19.15],[45.65,-19.206204],[45.701724,-19.25],[45.75,-19.262785],[45.85,-19.264478],[45.869027,-19.25],[45.85,-19.19881],[45.821528,-19.15],[45.75,-19.060435],[45.65,-19.095775]],[[27.65,-19.342308],[27.646,-19.35],[27.65,-19.355],[27.653448,-19.35],[27.65,-19.342308]],[[25.55,-19.45],[25.55,-19.45],[25.55,-19.45]],[[45.85,-20.539209],[45.84781,-20.55],[45.85,-20.556356],[45.885714,-20.55],[45.85,-20.539209]],[[14.55,-21.017536],[14.50511,-21.05],[14.45,-21.117237],[14.426325,-21.15],[14.45,-21.177975],[14.55,-21.237252],[14.65,-21.208442],[14.696552,-21.15],[14.65,-21.095455],[14.599889,-21.05],[14.55,-21.017536]],[[46.35,-21.149634],[46.348551,-21.15],[46.35,-21.150769],[46.350685,-21.15],[46.35,-21.149634]],[[46.95,-21.836975],[46.894643,-21.85],[46.95,-21.871678],[46.971379,-21.85],[46.95,-21.836975]],[[45.85,-22.105906],[45.79955,-22.15],[45.75,-22.193651],[45.65,-22.215625],[45.633333,-22.25],[45.624016,-22.35],[45.65,-22.397143],[45.75,-22.389216],[45.846875,-22.45],[45.85,-22.46],[45.883333,-22.55],[45.95,-22.60625],[45.972951,-22.65],[46.0,-22.75],[45.95,-22.760345],[45.923737,-22.85],[45.95,-22.873009],[45.990845,-22.95],[46.05,-23.023256],[46.075,-23.05],[46.067391,-23.15],[46.15,-23.233729],[46.160909,-23.25],[46.206604,-23.35],[46.239412,-23.45],[46.25,-23.514286],[46.253559,-23.55],[46.25,-23.558772],[46.188095,-23.65],[46.16875,-23.75],[46.15,-23.812903],[46.05,-23.780872],[45.990462,-23.85],[45.95,-23.931395],[45.914646,-23.85],[45.85,-23.806463],[45.815312,-23.85],[45.797842,-23.95],[45.768534,-24.05],[45.85,-24.12026],[45.892664,-24.05],[45.95,-23.955926],[46.016667,-23.95],[46.05,-23.942793],[46.15,-23.863143],[46.25,-23.853854],[46.260152,-23.85],[46.35,-23.791776],[46.439848,-23.85],[46.45,-23.854024],[46.55,-23.86573],[46.599123,-23.85],[46.55,-23.827236],[46.509402,-23.75],[46.55,-23.690994],[46.577386,-23.65],[46.593028,-23.55],[46.55,-23.498077],[46.529381,-23.45],[46.55,-23.385897],[46.572764,-23.35],[46.55,-23.312416],[46.522239,-23.25],[46.512617,-23.15],[46.485204,-23.05],[46.453704,-22.95],[46.45,-22.944545],[46.424384,-22.85],[46.377632,-22.75],[46.35,-22.732353],[46.2975,-22.75],[46.25,-22.772093],[46.212745,-22.75],[46.180332,-22.65],[46.15,-22.608974],[46.095238,-22.55],[46.055063,-22.45],[46.05,-22.441667],[45.981606,-22.35],[45.950415,-22.25],[45.95,-22.249099],[45.883735,-22.15],[45.85,-22.105906]],[[27.25,-22.621774],[27.189655,-22.65],[27.25,-22.687634],[27.35,-22.730169],[27.45,-22.725],[27.55,-22.702247],[27.6275,-22.65],[27.55,-22.605288],[27.45,-22.589],[27.35,-22.584028],[27.25,-22.621774]],[[30.35,-22.72525],[30.274427,-22.75],[30.25,-22.76435],[30.15,-22.826038],[30.112871,-22.85],[30.05,-22.889937],[29.95,-22.893226],[29.85,-22.894094],[29.75,-22.898853],[29.65,-22.925444],[29.55,-22.930645],[29.468919,-22.95],[29.45,-22.956087],[29.35,-22.994706],[29.29797,-23.05],[29.35,-23.121212],[29.45,-23.120588],[29.545154,-23.05],[29.55,-23.034507],[29.65,-22.994385],[29.75,-23.041393],[29.830769,-23.05],[29.85,-23.057576],[29.863514,-23.05],[29.95,-23.034615],[30.05,-23.028926],[30.15,-23.002586],[30.25,-22.991985],[30.306122,-22.95],[30.35,-22.900575],[30.383846,-22.85],[30.408235,-22.75],[30.35,-22.72525]],[[26.35,-23.610976],[26.278889,-23.65],[26.263043,-23.75],[26.35,-23.780303],[26.45,-23.768841],[26.480952,-23.75],[26.51875,-23.65],[26.45,-23.600746],[26.35,-23.610976]],[[46.75,-23.713158],[46.746447,-23.75],[46.75,-23.760769],[46.773333,-23.75],[46.75,-23.713158]],[[46.95,-23.831731],[46.926829,-23.85],[46.85,-23.890385],[46.75,-23.890559],[46.65,-23.872835],[46.610484,-23.95],[46.65,-23.973059],[46.711582,-24.05],[46.75,-24.117105],[46.816225,-24.15],[46.85,-24.176842],[46.882251,-24.25],[46.95,-24.299241],[47.045114,-24.25],[47.05,-24.245614],[47.089398,-24.15],[47.124422,-24.05],[47.069376,-23.95],[47.05,-23.922468],[46.957661,-23.85],[46.95,-23.831731]],[[30.45,-24.325388],[30.387745,-24.35],[30.45,-24.388957],[30.477079,-24.35],[30.45,-24.325388]],[[46.85,-24.445556],[46.825,-24.45],[46.85,-24.452462],[46.851498,-24.45],[46.85,-24.445556]],[[46.75,-24.460762],[46.673755,-24.55],[46.65,-24.612],[46.641224,-24.65],[46.65,-24.655965],[46.676027,-24.65],[46.75,-24.614821],[46.788566,-24.55],[46.75,-24.460762]],[[27.35,-24.633851],[27.321111,-24.65],[27.283333,-24.75],[27.25,-24.815217],[27.234158,-24.85],[27.25,-24.938889],[27.35,-24.9],[27.45,-24.945082],[27.456977,-24.95],[27.55,-25.045238],[27.596512,-24.95],[27.55,-24.911165],[27.497934,-24.85],[27.483505,-24.75],[27.45,-24.684343],[27.393333,-24.65],[27.35,-24.633851]],[[15.95,-24.94375],[15.940385,-24.95],[15.95,-24.957692],[15.96,-24.95],[15.95,-24.94375]],[[15.95,-25.148361],[15.925,-25.15],[15.95,-25.150439],[15.951136,-25.15],[15.95,-25.148361]],[[27.65,-25.136667],[27.6125,-25.15],[27.65,-25.17449],[27.678571,-25.15],[27.65,-25.136667]],[[27.55,-25.221429],[27.535455,-25.25],[27.55,-25.29],[27.567778,-25.25],[27.55,-25.221429]],[[15.65,-25.487719],[15.596212,-25.55],[15.65,-25.577734],[15.679461,-25.55],[15.65,-25.487719]],[[19.15,-25.915385],[19.11087,-25.95],[19.15,-26.0],[19.219231,-25.95],[19.15,-25.915385]],[[19.15,-26.39],[19.079412,-26.45],[19.05,-26.466129],[18.977778,-26.55],[19.05,-26.633871],[19.126471,-26.55],[19.15,-26.51],[19.25,-26.464815],[19.280769,-26.45],[19.25,-26.405556],[19.15,-26.39]],[[19.25,-26.65],[19.25,-26.65],[19.35,-26.644118],[19.45,-26.643333],[19.55,-26.615625],[19.594,-26.65],[19.65,-26.732353],[19.666667,-26.75],[19.65,-26.754918],[19.576582,-26.85],[19.55,-26.891176],[19.45,-26.905263],[19.4075,-26.95],[19.35,-27.035185],[19.345604,-27.05],[19.35,-27.062903],[19.373894,-27.15],[19.35,-27.208696],[19.330612,-27.25],[19.326687,-27.35],[19.290196,-27.45],[19.308333,-27.55],[19.277273,-27.65],[19.255714,-27.75],[19.25,-27.755941],[19.15,-27.800649],[19.05,-27.8308],[18.95,-27.824312],[18.859677,-27.85],[18.85,-27.877273],[18.777273,-27.95],[18.75,-27.967647],[18.743182,-27.95],[18.65,-27.862766],[18.55,-27.878125],[18.455263,-27.85],[18.45,-27.848462],[18.35,-27.820455],[18.25,-27.806164],[18.15,-27.810287],[18.05,-27.829058],[17.984426,-27.85],[17.95,-27.86],[17.85,-27.85],[17.832119,-27.75],[17.85,-27.69375],[17.87132,-27.65],[17.921212,-27.55],[17.95,-27.526398],[18.041791,-27.45],[17.988445,-27.35],[17.987778,-27.25],[18.025,-27.15],[18.05,-27.121053],[18.114286,-27.05],[18.15,-27.011538],[18.230899,-26.95],[18.25,-26.931622],[18.35,-26.938667],[18.45,-26.877083],[18.516038,-26.95],[18.55,-26.968182],[18.644737,-26.95],[18.65,-26.948148],[18.696087,-26.85],[18.75,-26.792056],[18.85,-26.777083],[18.95,-26.77619],[19.005,-26.75],[19.05,-26.685714],[19.15,-26.681481],[19.25,-26.65]],[[31.05,-26.719725],[31.003521,-26.75],[31.05,-26.768966],[31.073741,-26.75],[31.05,-26.719725]],[[31.15,-28.146067],[31.129412,-28.15],[31.15,-28.157143],[31.155983,-28.15],[31.15,-28.146067]],[[31.25,-28.544],[31.19,-28.55],[31.25,-28.552941],[31.256475,-28.55],[31.25,-28.544]],[[21.65,-28.732759],[21.638636,-28.75],[21.65,-28.78125],[21.656173,-28.75],[21.65,-28.732759]],[[19.45,-29.141195],[19.383333,-29.15],[19.35,-29.191176],[19.333871,-29.25],[19.25,-29.309091],[19.164286,-29.35],[19.25,-29.45],[19.25,-29.45],[19.261765,-29.55],[19.25,-29.583333],[19.2125,-29.65],[19.2,-29.75],[19.218571,-29.85],[19.25,-29.87619],[19.35,-29.864815],[19.365385,-29.85],[19.45,-29.779032],[19.492857,-29.75],[19.55,-29.7125],[19.6125,-29.65],[19.65,-29.55],[19.698148,-29.45],[19.75,-29.372222],[19.767391,-29.35],[19.75,-29.319231],[19.65,-29.292857],[19.575,-29.25],[19.55,-29.232857],[19.482558,-29.15],[19.45,-29.141195]],[[17.95,-29.338406],[17.939873,-29.35],[17.910135,-29.45],[17.915873,-29.55],[17.926531,-29.65],[17.95,-29.669008],[18.05,-29.698592],[18.15,-29.73],[18.25,-29.708763],[18.35,-29.713636],[18.415455,-29.75],[18.45,-29.779688],[18.534906,-29.85],[18.55,-29.911538],[18.597059,-29.85],[18.65,-29.826316],[18.720732,-29.75],[18.75,-29.703846],[18.806,-29.65],[18.75,-29.623585],[18.65,-29.590476],[18.584615,-29.55],[18.55,-29.522727],[18.45,-29.538462],[18.35,-29.530909],[18.25,-29.526991],[18.15,-29.52265],[18.05,-29.487736],[18.024684,-29.45],[18.0,-29.35],[17.95,-29.338406]],[[22.45,-29.294444],[22.352778,-29.35],[22.45,-29.380973],[22.481818,-29.35],[22.45,-29.294444]],[[23.15,-29.330769],[23.122222,-29.35],[23.15,-29.381915],[23.194118,-29.35],[23.15,-29.330769]],[[22.55,-29.416372],[22.517241,-29.45],[22.55,-29.482203],[22.57375,-29.45],[22.55,-29.416372]],[[23.05,-29.422222],[23.001613,-29.45],[22.95,-29.478571],[22.85,-29.535057],[22.822632,-29.55],[22.75,-29.617647],[22.726923,-29.65],[22.75,-29.675385],[22.834348,-29.75],[22.85,-29.776866],[22.95,-29.79],[22.965789,-29.85],[23.05,-29.944118],[23.1,-29.95],[23.15,-29.954],[23.159091,-29.95],[23.15,-29.9],[23.144118,-29.85],[23.094444,-29.75],[23.106757,-29.65],[23.05,-29.558696],[23.045238,-29.55],[23.05,-29.538235],[23.081915,-29.45],[23.05,-29.422222]],[[19.75,-29.731818],[19.7125,-29.75],[19.75,-29.796154],[19.796154,-29.75],[19.75,-29.731818]],[[18.05,-30.124342],[18.016949,-30.15],[17.998223,-30.25],[18.031994,-30.35],[18.05,-30.369178],[18.115374,-30.45],[18.15,-30.480864],[18.234459,-30.45],[18.25,-30.43535],[18.35,-30.428358],[18.45,-30.407971],[18.515909,-30.45],[18.55,-30.477523],[18.591096,-30.45],[18.644,-30.35],[18.626316,-30.25],[18.620833,-30.15],[18.55,-30.060526],[18.45,-30.131395],[18.430952,-30.15],[18.35,-30.191975],[18.25,-30.216667],[18.179032,-30.15],[18.15,-30.131053],[18.05,-30.124342]],[[21.05,-30.35],[21.05,-30.35],[21.05,-30.35],[21.05,-30.35],[21.05,-30.35]],[[28.75,-31.307471],[28.677451,-31.35],[28.75,-31.37067],[28.85,-31.40375],[28.897253,-31.35],[28.85,-31.323125],[28.75,-31.307471]],[[25.55,-31.965625],[25.504237,-32.05],[25.55,-32.128261],[25.588571,-32.05],[25.55,-31.965625]],[[27.95,-31.959091],[27.940476,-32.05],[27.95,-32.073256],[27.959901,-32.05],[27.95,-31.959091]],[[19.15,-32.261321],[19.090827,-32.35],[19.112971,-32.45],[19.130126,-32.55],[19.147969,-32.65],[19.143721,-32.75],[19.15,-32.778369],[19.184783,-32.75],[19.25,-32.677885],[19.28178,-32.75],[19.279435,-32.85],[19.295361,-32.95],[19.25,-33.003659],[19.15,-33.008794],[19.123802,-33.05],[19.14488,-33.15],[19.15,-33.154421],[19.25,-33.186559],[19.35,-33.195631],[19.391328,-33.25],[19.45,-33.283333],[19.536179,-33.35],[19.45,-33.429302],[19.35,-33.440257],[19.338795,-33.45],[19.35,-33.491085],[19.45,-33.485931],[19.55,-33.452787],[19.55362,-33.45],[19.65,-33.419175],[19.75,-33.372275],[19.784307,-33.35],[19.75,-33.311475],[19.703416,-33.25],[19.684689,-33.15],[19.681068,-33.05],[19.656237,-32.95],[19.666231,-32.85],[19.65,-32.822468],[19.55,-32.754167],[19.546721,-32.75],[19.45,-32.725519],[19.35,-32.68178],[19.277885,-32.65],[19.296128,-32.55],[19.35,-32.47],[19.362085,-32.45],[19.35,-32.432759],[19.25,-32.369608],[19.241643,-32.35],[19.15,-32.261321]],[[26.45,-32.65],[26.45,-32.65],[26.45,-32.65]],[[22.55,-32.863208],[22.458,-32.95],[22.55,-33.027966],[22.65,-33.032353],[22.721795,-32.95],[22.65,-32.912667],[22.55,-32.863208]],[[23.75,-33.0375],[23.709091,-33.05],[23.75,-33.05566],[23.754762,-33.05],[23.75,-33.0375]],[[20.25,-33.25],[20.25,-33.25],[20.35,-33.236175],[20.45,-33.205649],[20.55,-33.19375],[20.65,-33.241111],[20.658054,-33.25],[20.719853,-33.35],[20.65,-33.401351],[20.55,-33.379592],[20.45,-33.392],[20.35,-33.363245],[20.25,-33.358718],[20.237121,-33.35],[20.25,-33.25]],[[21.25,-33.263198],[21.180204,-33.35],[21.184066,-33.45],[21.25,-33.460101],[21.35,-33.458668],[21.377152,-33.45],[21.45,-33.408175],[21.5,-33.35],[21.45,-33.306657],[21.35,-33.284312],[21.25,-33.263198]],[[21.75,-33.33432],[21.719753,-33.35],[21.75,-33.37029],[21.85,-33.3947],[21.95,-33.398097],[22.05,-33.39093],[22.15,-33.396006],[22.25,-33.390735],[22.35,-33.407586],[22.45,-33.385096],[22.480544,-33.35],[22.45,-33.306024],[22.35,-33.262189],[22.25,-33.254314],[22.15,-33.296815],[22.05,-33.305668],[21.95,-33.299682],[21.85,-33.311196],[21.75,-33.33432]],[[22.75,-33.347546],[22.742593,-33.35],[22.75,-33.360256],[22.754,-33.35],[22.75,-33.347546]],[[23.55,-33.34009],[23.5,-33.35],[23.45,-33.37037],[23.410731,-33.45],[23.383019,-33.55],[23.35,-33.57],[23.25,-33.593434],[23.198148,-33.65],[23.25,-33.709893],[23.35,-33.733832],[23.45,-33.67381],[23.55,-33.663478],[23.65,-33.669458],[23.75,-33.670918],[23.85,-33.66875],[23.95,-33.666816],[24.032418,-33.65],[23.95,-33.622527],[23.85,-33.608525],[23.75,-33.571905],[23.731746,-33.55],[23.75,-33.506604],[23.806604,-33.45],[23.75,-33.430519],[23.65,-33.3875],[23.628571,-33.35],[23.55,-33.34009]],[[19.85,-33.425],[19.834536,-33.45],[19.75,-33.512835],[19.65,-33.505906],[19.612416,-33.55],[19.65,-33.576374],[19.75,-33.601596],[19.822222,-33.65],[19.85,-33.659383],[19.873333,-33.65],[19.95,-33.598889],[20.031481,-33.55],[19.95,-33.490541],[19.878571,-33.45],[19.85,-33.425]],[[22.65,-33.39717],[22.621134,-33.45],[22.65,-33.462308],[22.711538,-33.45],[22.65,-33.39717]],[[20.15,-33.610177],[20.133271,-33.65],[20.15,-33.657745],[20.25,-33.65859],[20.26875,-33.65],[20.25,-33.629793],[20.15,-33.610177]],[[22.75,-33.631141],[22.691985,-33.65],[22.75,-33.666703],[22.85,-33.679054],[22.95,-33.657581],[22.959767,-33.65],[22.95,-33.637349],[22.85,-33.612391],[22.75,-33.631141]]]}},{"type":"Feature","id":"contour-2000","properties":{"id":"contour-2000","elevationM":2000,"source":"ETOPO 2022 derived display DEM"},"geometry":{"type":"MultiLineString","coordinates":[[[9.135508,4.15],[9.135984,4.25],[9.15,4.267037],[9.212797,4.25],[9.164704,4.15],[9.15,4.137434]],[[-4.15,33.752452],[-4.15198,33.75],[-4.165238,33.65],[-4.202885,33.55],[-4.200909,33.45],[-4.15,33.375729],[-4.05,33.377429],[-4.001527,33.45],[-3.95,33.495226],[-3.85,33.523319],[-3.825872,33.55],[-3.85,33.632313],[-3.95,33.609025],[-4.011186,33.65],[-4.036364,33.75],[-4.05,33.756272],[-4.15,33.752452]],[[-4.65,33.356128],[-4.66982,33.35],[-4.65,33.339109],[-4.641791,33.35],[-4.65,33.356128]],[[-4.85,33.276415],[-4.927778,33.25],[-4.95,33.226471],[-5.048113,33.15],[-5.05,33.14871],[-5.15,33.126712],[-5.175112,33.05],[-5.190217,32.95],[-5.15,32.927576],[-5.127711,32.95],[-5.05,32.995745],[-4.95,33.041648],[-4.937329,33.05],[-4.85,33.123699],[-4.806039,33.15],[-4.75,33.225817],[-4.732949,33.25],[-4.75,33.279365],[-4.85,33.276415]],[[-4.95,32.577878],[-4.9927,32.55],[-5.05,32.508648],[-5.15,32.467751],[-5.25,32.502958],[-5.35,32.501961],[-5.45,32.469824],[-5.474324,32.45],[-5.461905,32.35],[-5.55,32.314873],[-5.65,32.252451],[-5.75,32.287143],[-5.85,32.259382],[-5.95,32.252123],[-5.952725,32.25],[-6.05,32.188554],[-6.084146,32.15],[-6.064676,32.05],[-6.098305,31.95],[-6.15,31.893519],[-6.25,31.912268],[-6.338304,31.85],[-6.35,31.84022],[-6.45,31.789365],[-6.55,31.754054],[-6.555226,31.75],[-6.55,31.661765],[-6.549245,31.65],[-6.55,31.649733],[-6.65,31.648349],[-6.75,31.645764],[-6.85,31.571739],[-6.919364,31.55],[-6.948174,31.45],[-6.95,31.449076],[-7.05,31.448862],[-7.057921,31.45],[-7.15,31.464509],[-7.25,31.456755],[-7.258723,31.45],[-7.349541,31.35],[-7.35,31.348485],[-7.356897,31.35],[-7.45,31.357013],[-7.473077,31.35],[-7.55,31.334014],[-7.65,31.283099],[-7.75,31.252275],[-7.767241,31.25],[-7.85,31.239831],[-7.95,31.150914],[-7.951068,31.15],[-8.05,31.088675],[-8.095554,31.05],[-8.098656,30.95],[-8.077424,30.85],[-8.05,30.832579],[-8.010738,30.85],[-7.95,30.90364],[-7.87819,30.95],[-7.85,30.9617],[-7.82625,30.95],[-7.804584,30.85],[-7.765966,30.75],[-7.75,30.690157],[-7.73725,30.65],[-7.65,30.599199],[-7.55,30.588285],[-7.472368,30.65],[-7.491436,30.75],[-7.55,30.821622],[-7.569952,30.85],[-7.564228,30.95],[-7.568284,31.05],[-7.55,31.071778],[-7.479032,31.15],[-7.45,31.166476],[-7.35,31.204545],[-7.301852,31.25],[-7.25,31.27439],[-7.15,31.259239],[-7.123711,31.25],[-7.05,31.226861],[-7.007817,31.25],[-6.95,31.28136],[-6.85,31.291564],[-6.75,31.273108],[-6.65,31.286774],[-6.55,31.328947],[-6.466084,31.35],[-6.45,31.352629],[-6.35,31.363599],[-6.25,31.402423],[-6.187572,31.45],[-6.15,31.462795],[-6.05,31.469104],[-5.95,31.498247],[-5.85,31.498089],[-5.75,31.503173],[-5.6762,31.55],[-5.65,31.576844],[-5.562069,31.65],[-5.55,31.680061],[-5.45,31.715812],[-5.415368,31.75],[-5.35,31.82402],[-5.25,31.846766],[-5.237129,31.85],[-5.25,31.856566],[-5.286346,31.95],[-5.257547,32.05],[-5.25,32.066],[-5.15,32.113982],[-5.05,32.091509],[-4.973322,32.15],[-5.05,32.214776],[-5.093542,32.25],[-5.05,32.2877],[-4.95,32.304601],[-4.85,32.344041],[-4.83878,32.35],[-4.75,32.390991],[-4.689211,32.45],[-4.65,32.482438],[-4.56066,32.55],[-4.65,32.599647],[-4.75,32.594681],[-4.85,32.602593],[-4.95,32.577878]],[[-3.95,32.55625],[-3.990984,32.55],[-3.95,32.537047],[-3.922527,32.55],[-3.95,32.55625]],[[-5.95,31.156533],[-5.957903,31.15],[-5.95,31.143418],[-5.85,31.125292],[-5.75,31.131538],[-5.65,31.132844],[-5.606069,31.15],[-5.65,31.183929],[-5.75,31.195],[-5.85,31.182671],[-5.95,31.156533]],[[-8.45,31.087355],[-8.523853,31.05],[-8.55,31.032909],[-8.65,31.022973],[-8.75,31.003786],[-8.85,30.998485],[-8.876187,30.95],[-8.869948,30.85],[-8.85,30.816955],[-8.75,30.804352],[-8.65,30.833693],[-8.55,30.84346],[-8.531095,30.85],[-8.45,30.888534],[-8.35,30.924255],[-8.322857,30.95],[-8.25,31.002686],[-8.210381,31.05],[-8.25,31.08928],[-8.35,31.119907],[-8.45,31.087355]],[[6.15,23.574286],[6.076087,23.55],[6.15,23.514583],[6.25,23.544074],[6.261594,23.55],[6.25,23.557767],[6.15,23.574286]],[[5.85,23.470408],[5.836755,23.45],[5.75,23.389908],[5.65,23.363031],[5.55,23.359585],[5.535547,23.35],[5.468462,23.25],[5.509639,23.15],[5.55,23.113686],[5.65,23.099829],[5.75,23.12913],[5.778402,23.15],[5.85,23.196183],[5.919802,23.25],[5.95,23.27618],[6.05,23.283333],[6.081818,23.35],[6.088614,23.45],[6.05,23.526471],[5.95,23.512338],[5.85,23.470408]],[[19.15,22.052],[19.148258,22.05],[19.15,22.047642],[19.152591,22.05],[19.15,22.052]],[[18.45,21.489566],[18.383333,21.45],[18.402918,21.35],[18.35,21.298485],[18.294105,21.25],[18.25,21.1692],[18.241892,21.15],[18.25,21.11129],[18.305882,21.05],[18.35,21.027941],[18.45,20.993636],[18.55,20.987778],[18.56761,21.05],[18.65,21.141608],[18.653934,21.15],[18.65,21.176087],[18.638704,21.25],[18.65,21.264499],[18.719377,21.35],[18.678492,21.45],[18.65,21.46453],[18.633758,21.45],[18.55,21.418802],[18.485697,21.45],[18.45,21.489566]],[[16.55,21.187911],[16.477407,21.15],[16.45,21.128736],[16.412155,21.05],[16.45,20.980102],[16.531379,20.95],[16.55,20.937143],[16.65,20.877103],[16.723232,20.85],[16.75,20.8383],[16.763217,20.85],[16.784824,20.95],[16.75,21.03],[16.740954,21.05],[16.670724,21.15],[16.65,21.164416],[16.55,21.187911]],[[16.95,21.05523],[16.94256,21.05],[16.95,21.027679],[17.040625,20.95],[17.05,20.947368],[17.133042,20.85],[17.15,20.818664],[17.202465,20.75],[17.25,20.674581],[17.263497,20.65],[17.35,20.59649],[17.410794,20.55],[17.45,20.526347],[17.55,20.505],[17.575,20.55],[17.570613,20.65],[17.601754,20.75],[17.604976,20.85],[17.55,20.912032],[17.45,20.929503],[17.411176,20.95],[17.35,20.982298],[17.25,21.021728],[17.220968,21.05],[17.15,21.073784],[17.05,21.056972],[16.95,21.05523]],[[17.65,21.079774],[17.623779,21.05],[17.65,20.994656],[17.689945,21.05],[17.65,21.079774]],[[17.85,20.805784],[17.80535,20.75],[17.85,20.722],[17.95,20.744821],[17.957532,20.75],[17.95,20.772137],[17.85,20.805784]],[[18.35,20.63303],[18.306646,20.55],[18.278469,20.45],[18.281389,20.35],[18.311746,20.25],[18.341433,20.15],[18.35,20.137179],[18.414818,20.05],[18.404241,19.95],[18.387102,19.85],[18.443631,19.75],[18.45,19.744595],[18.55,19.708027],[18.620684,19.75],[18.65,19.782967],[18.691876,19.85],[18.65,19.931333],[18.638462,19.95],[18.572511,20.05],[18.557156,20.15],[18.55,20.167257],[18.52145,20.25],[18.498085,20.35],[18.45,20.439683],[18.442,20.45],[18.378189,20.55],[18.35,20.63303]],[[38.05,17.576412],[38.031712,17.55],[38.05,17.460825],[38.07678,17.55],[38.05,17.576412]],[[38.35,16.741197],[38.314617,16.65],[38.35,16.571752],[38.415075,16.65],[38.35,16.741197]],[[38.75,15.681868],[38.732424,15.65],[38.75,15.569444],[38.754294,15.55],[38.75,15.530556],[38.696789,15.45],[38.70039,15.35],[38.661848,15.25],[38.706772,15.15],[38.712882,15.05],[38.66978,14.95],[38.75,14.920204],[38.796203,14.95],[38.798023,15.05],[38.85,15.119697],[38.95,15.09689],[38.988144,15.15],[39.01015,15.25],[39.004082,15.35],[38.954061,15.45],[38.95,15.456752],[38.88791,15.55],[38.85,15.61303],[38.774066,15.65],[38.75,15.681868]],[[39.05,15.054255],[39.042453,15.05],[39.05,15.045402],[39.15,15.038701],[39.238202,14.95],[39.25,14.931739],[39.273737,14.85],[39.35,14.75679],[39.355473,14.75],[39.35,14.731667],[39.32906,14.65],[39.317139,14.55],[39.289296,14.45],[39.25,14.374294],[39.204737,14.35],[39.15,14.328243],[39.05,14.328283],[38.95,14.303403],[38.899,14.25],[38.88494,14.15],[38.95,14.126316],[39.026652,14.05],[39.05,14.031272],[39.077895,14.05],[39.15,14.097569],[39.25,14.094753],[39.35,14.091704],[39.377273,14.05],[39.356061,13.95],[39.35,13.927778],[39.331416,13.85],[39.25,13.804115],[39.188352,13.75],[39.15,13.725275],[39.05,13.686782],[39.008576,13.65],[39.05,13.605245],[39.101974,13.55],[39.15,13.497101],[39.25,13.536321],[39.296774,13.55],[39.35,13.606897],[39.439286,13.65],[39.45,13.656383],[39.451852,13.65],[39.45,13.6125],[39.436842,13.55],[39.384862,13.45],[39.35,13.423239],[39.25,13.403553],[39.15,13.37973],[39.137385,13.35],[39.15,13.327733],[39.201064,13.25],[39.25,13.204229],[39.35,13.174047],[39.383469,13.15],[39.35,13.124214],[39.282378,13.05],[39.313958,12.95],[39.304131,12.85],[39.25,12.769492],[39.226289,12.75],[39.25,12.716667],[39.265385,12.65],[39.268121,12.55],[39.257317,12.45],[39.25,12.42],[39.235938,12.45],[39.15,12.534615],[39.133051,12.55],[39.077622,12.65],[39.05,12.679368],[38.95,12.732727],[38.888095,12.65],[38.85,12.597664],[38.777143,12.55],[38.75,12.53805],[38.65,12.475352],[38.621875,12.45],[38.61734,12.35],[38.65,12.281206],[38.688938,12.25],[38.692202,12.15],[38.75,12.110625],[38.85,12.073587],[38.932759,12.05],[38.95,11.966667],[38.952857,11.95],[38.95,11.945238],[38.85,11.878421],[38.796032,11.95],[38.75,11.987419],[38.725,11.95],[38.65,11.91942],[38.55,11.941667],[38.54026,11.95],[38.45,11.990525],[38.351923,12.05],[38.35,12.052759],[38.287611,12.15],[38.25,12.1925],[38.159449,12.25],[38.15,12.258054],[38.050725,12.35],[38.05,12.350521],[38.046774,12.35],[37.95,12.339831],[37.85,12.327595],[37.821429,12.35],[37.75,12.444444],[37.745272,12.45],[37.746561,12.55],[37.75,12.55303],[37.835072,12.65],[37.85,12.691011],[37.880523,12.75],[37.921081,12.85],[37.95,12.88474],[38.05,12.928467],[38.15,12.902855],[38.25,12.873025],[38.35,12.875],[38.387164,12.95],[38.45,13.0342],[38.465019,13.05],[38.538408,13.15],[38.55,13.179354],[38.590471,13.25],[38.569684,13.35],[38.55,13.388056],[38.489892,13.45],[38.45,13.544268],[38.446296,13.55],[38.35,13.592701],[38.318421,13.55],[38.25,13.496178],[38.19846,13.45],[38.15,13.382285],[38.107883,13.35],[38.05,13.319266],[37.955919,13.25],[37.95,13.245806],[37.85,13.229774],[37.75,13.15884],[37.739633,13.15],[37.731678,13.05],[37.661556,12.95],[37.65,12.937458],[37.583797,12.85],[37.55,12.819061],[37.45,12.764907],[37.431102,12.75],[37.35,12.694723],[37.274699,12.65],[37.269444,12.55],[37.35,12.485075],[37.45,12.514706],[37.501163,12.45],[37.55,12.394149],[37.567328,12.35],[37.620776,12.25],[37.65,12.215591],[37.6988,12.15],[37.75,12.107616],[37.85,12.080345],[37.95,12.065903],[37.989073,12.05],[37.95,12.025314],[37.873077,11.95],[37.85,11.907143],[37.797445,11.85],[37.817742,11.75],[37.75,11.742391],[37.65,11.741635],[37.550413,11.65],[37.611111,11.55],[37.65,11.516438],[37.715541,11.45],[37.75,11.414085],[37.792326,11.35],[37.85,11.295133],[37.95,11.291136],[38.05,11.328571],[38.15,11.281801],[38.178231,11.25],[38.25,11.210926],[38.35,11.203068],[38.429494,11.25],[38.45,11.287245],[38.489048,11.35],[38.482308,11.45],[38.45,11.538112],[38.443863,11.55],[38.45,11.551856],[38.466832,11.55],[38.55,11.525862],[38.583735,11.55],[38.640858,11.65],[38.65,11.669345],[38.668106,11.65],[38.75,11.588877],[38.807538,11.55],[38.769355,11.45],[38.85,11.384944],[38.95,11.38299],[39.05,11.361161],[39.063587,11.35],[39.05,11.346547],[38.95,11.32337],[38.85,11.306177],[38.766319,11.25],[38.767073,11.15],[38.75,11.145053],[38.651103,11.05],[38.65,11.0485],[38.61878,10.95],[38.622801,10.85],[38.629368,10.75],[38.65,10.695588],[38.75,10.6575],[38.766049,10.65],[38.75,10.625],[38.65,10.601813],[38.621014,10.55],[38.639565,10.45],[38.65,10.442836],[38.656857,10.45],[38.75,10.523589],[38.785455,10.55],[38.85,10.601079],[38.901574,10.55],[38.95,10.50098],[39.05,10.457516],[39.138462,10.45],[39.11875,10.35],[39.05,10.264596],[39.036136,10.25],[39.05,10.235671],[39.15,10.173932],[39.25,10.158984],[39.258099,10.15],[39.25,10.124157],[39.223171,10.05],[39.15,10.012578],[39.107305,9.95],[39.058584,9.85],[39.05,9.843443],[38.95,9.807164],[38.85,9.785831],[38.760455,9.85],[38.75,9.855808],[38.65,9.936471],[38.606522,9.95],[38.55,9.97713],[38.45,9.959124],[38.35,10.029703],[38.25,10.014029],[38.181538,9.95],[38.190033,9.85],[38.203418,9.75],[38.25,9.693731],[38.35,9.715897],[38.45,9.673352],[38.471124,9.65],[38.55,9.564576],[38.65,9.551967],[38.652616,9.55],[38.65,9.531429],[38.585955,9.45],[38.55,9.444719],[38.533838,9.45],[38.45,9.506271],[38.35,9.545045],[38.343939,9.55],[38.25,9.620455],[38.187316,9.55],[38.186078,9.45],[38.15,9.400136],[38.05,9.440574],[37.95,9.408621],[37.892535,9.35],[37.930357,9.25],[37.854419,9.15],[37.85,9.142197],[37.75,9.071094],[37.704505,9.15],[37.65,9.178009],[37.55,9.219048],[37.45,9.238874],[37.426776,9.25],[37.45,9.310714],[37.468395,9.35],[37.517548,9.45],[37.501406,9.55],[37.45,9.586056],[37.400759,9.65],[37.35,9.702466],[37.292703,9.75],[37.25,9.781791],[37.202388,9.85],[37.185199,9.95],[37.15,9.986375],[37.064063,10.05],[37.05,10.081154],[36.95,10.052791],[36.945745,10.05],[36.85,9.961184],[36.824627,9.95],[36.85,9.945304],[36.95,9.920079],[36.982661,9.85],[36.988816,9.75],[36.960367,9.65],[36.95,9.591463],[36.943885,9.55],[36.95,9.538704],[36.985317,9.45],[36.971968,9.35],[37.020395,9.25],[37.05,9.233813],[37.15,9.171053],[37.172642,9.15],[37.25,9.070645],[37.284783,9.05],[37.35,9.007547],[37.41759,8.95],[37.440541,8.85],[37.35,8.755965],[37.34395,8.75],[37.35,8.704054],[37.365748,8.65],[37.45,8.60947],[37.55,8.584091],[37.65,8.578184],[37.75,8.589867],[37.85,8.563462],[37.898276,8.55],[37.95,8.513115],[38.000993,8.45],[38.05,8.35],[37.980418,8.25],[37.95,8.202941],[37.887063,8.15],[37.85,8.111029],[37.789855,8.05],[37.771884,7.95],[37.75,7.854],[37.749441,7.85],[37.712441,7.75],[37.696275,7.65],[37.668519,7.55],[37.65,7.530392],[37.614553,7.45],[37.55,7.398268],[37.522892,7.35],[37.55,7.305054],[37.65,7.269428],[37.705365,7.25],[37.75,7.219231],[37.85,7.167957],[37.95,7.202336],[37.967526,7.25],[38.007616,7.35],[37.95,7.434878],[37.933243,7.45],[37.95,7.465578],[38.031159,7.55],[38.05,7.590625],[38.103774,7.65],[38.15,7.694954],[38.211856,7.75],[38.25,7.807812],[38.302941,7.85],[38.334661,7.95],[38.35,8.00461],[38.379224,8.05],[38.427385,8.15],[38.45,8.168391],[38.54726,8.25],[38.55,8.254819],[38.65,8.304023],[38.675157,8.35],[38.697769,8.45],[38.692238,8.55],[38.67,8.65],[38.75,8.732963],[38.806098,8.75],[38.85,8.760169],[38.95,8.776733],[39.05,8.82651],[39.132609,8.75],[39.15,8.731818],[39.218354,8.65],[39.25,8.634756],[39.260917,8.65],[39.302459,8.75],[39.35,8.85],[39.36319,8.95],[39.35,8.971393],[39.323579,9.05],[39.317521,9.15],[39.35,9.16784],[39.35735,9.15],[39.45,9.084022],[39.543922,9.15],[39.55,9.153818],[39.636971,9.25],[39.641862,9.35],[39.644193,9.45],[39.65,9.455726],[39.75,9.507108],[39.774964,9.55],[39.823575,9.65],[39.822414,9.75],[39.831616,9.85],[39.802523,9.95],[39.811007,10.05],[39.837825,10.15],[39.85,10.186798],[39.882514,10.25],[39.903829,10.35],[39.902174,10.45],[39.85,10.521875],[39.83821,10.55],[39.799487,10.65],[39.75,10.745332],[39.746204,10.75],[39.711061,10.85],[39.710207,10.95],[39.746696,11.05],[39.75,11.056757],[39.816559,11.15],[39.85,11.188376],[39.882364,11.25],[39.85,11.315748],[39.803723,11.35],[39.75,11.369727],[39.668548,11.35],[39.65,11.345208],[39.646642,11.35],[39.608504,11.45],[39.63219,11.55],[39.625213,11.65],[39.619414,11.75],[39.55,11.830467],[39.539176,11.85],[39.55,11.874274],[39.602182,11.95],[39.570553,12.05],[39.55,12.130952],[39.542391,12.15],[39.48673,12.25],[39.482937,12.35],[39.543325,12.45],[39.55,12.468728],[39.583873,12.55],[39.601336,12.65],[39.611371,12.75],[39.648206,12.85],[39.65,12.853686],[39.703189,12.95],[39.746288,13.05],[39.652116,13.15],[39.65,13.153101],[39.594934,13.25],[39.65,13.312814],[39.667831,13.35],[39.727405,13.45],[39.742308,13.55],[39.75,13.561945],[39.782535,13.65],[39.787943,13.75],[39.82124,13.85],[39.82203,13.95],[39.819785,14.05],[39.75,14.141408],[39.73959,14.15],[39.75,14.175103],[39.776765,14.25],[39.75,14.285271],[39.65,14.327174],[39.623273,14.35],[39.65,14.420673],[39.662176,14.45],[39.65,14.475103],[39.608065,14.55],[39.589637,14.65],[39.594633,14.75],[39.55,14.821982],[39.511321,14.85],[39.45,14.92529],[39.430838,14.95],[39.35,15.043103],[39.327778,15.05],[39.25,15.079787],[39.15,15.054902],[39.05,15.054255]],[[38.35,14.166923],[38.331116,14.15],[38.35,14.128325],[38.387288,14.15],[38.35,14.166923]],[[38.55,14.168976],[38.504015,14.15],[38.468367,14.05],[38.55,14.036486],[38.65,13.996914],[38.75,14.027041],[38.834906,14.05],[38.824783,14.15],[38.75,14.172572],[38.65,14.173274],[38.55,14.168976]],[[37.35,13.46712],[37.327739,13.45],[37.312637,13.35],[37.35,13.327898],[37.45,13.301376],[37.484084,13.35],[37.480181,13.45],[37.45,13.518529],[37.35,13.46712]],[[24.35,13.113011],[24.273913,13.05],[24.25,13.018158],[24.213366,12.95],[24.25,12.911053],[24.35,12.884112],[24.410342,12.95],[24.421033,13.05],[24.35,13.113011]],[[37.05,12.557006],[37.044107,12.55],[37.04096,12.45],[37.05,12.423333],[37.073358,12.45],[37.068333,12.55],[37.05,12.557006]],[[36.85,12.063805],[36.831279,12.05],[36.792333,11.95],[36.85,11.900712],[36.949425,11.95],[36.95,11.96],[36.954167,12.05],[36.95,12.064286],[36.85,12.063805]],[[36.75,11.550604],[36.74971,11.55],[36.75,11.549497],[36.830162,11.45],[36.801449,11.35],[36.75,11.309195],[36.718976,11.25],[36.70209,11.15],[36.689667,11.05],[36.669558,10.95],[36.65,10.89876],[36.598246,10.85],[36.65,10.810927],[36.710927,10.75],[36.75,10.732388],[36.85,10.704938],[36.90894,10.65],[36.95,10.55],[37.05,10.612338],[37.06871,10.65],[37.15,10.691311],[37.25,10.719343],[37.33,10.75],[37.35,10.759545],[37.45,10.773636],[37.453368,10.75],[37.45,10.725472],[37.432609,10.65],[37.390566,10.55],[37.364679,10.45],[37.35,10.435455],[37.311789,10.35],[37.316142,10.25],[37.35,10.225393],[37.45,10.227917],[37.55,10.228108],[37.65,10.226904],[37.702782,10.15],[37.71439,10.05],[37.75,10.020916],[37.85,10.037706],[37.868945,10.05],[37.95,10.12464],[38.021939,10.15],[38.05,10.16236],[38.15,10.165325],[38.25,10.234837],[38.290722,10.25],[38.35,10.303488],[38.368349,10.35],[38.394022,10.45],[38.35,10.510298],[38.31,10.55],[38.306505,10.65],[38.270611,10.75],[38.35,10.788734],[38.421678,10.85],[38.400476,10.95],[38.35,11.033246],[38.321556,11.05],[38.25,11.082857],[38.195051,11.05],[38.15,11.031356],[38.079787,11.05],[38.05,11.063146],[37.95,11.116048],[37.85,11.135829],[37.75531,11.05],[37.75,11.044915],[37.740722,11.05],[37.710308,11.15],[37.694224,11.25],[37.65,11.305833],[37.579801,11.35],[37.55,11.366667],[37.45,11.443277],[37.35,11.436087],[37.261111,11.45],[37.25,11.451653],[37.245455,11.45],[37.15,11.383333],[37.121622,11.35],[37.05,11.301376],[36.95,11.321698],[36.931707,11.35],[36.910494,11.45],[36.937983,11.55],[36.85,11.596275],[36.75,11.550604]],[[39.15,11.455075],[39.135408,11.45],[39.15,11.432383],[39.25,11.447076],[39.261628,11.45],[39.25,11.456073],[39.15,11.455075]],[[35.65,10.698566],[35.617467,10.65],[35.645829,10.55],[35.65,10.539516],[35.75,10.498435],[35.793478,10.55],[35.763728,10.65],[35.75,10.664307],[35.65,10.698566]],[[36.95,10.55],[36.95,10.55],[36.95,10.55]],[[38.65,10.287675],[38.571008,10.25],[38.55,10.227064],[38.513948,10.15],[38.55,10.12138],[38.604019,10.15],[38.65,10.193202],[38.75,10.220898],[38.774479,10.25],[38.75,10.270435],[38.65,10.287675]],[[39.05,10.069484],[38.996032,10.05],[39.05,10.035593],[39.077419,10.05],[39.05,10.069484]],[[36.25,9.951695],[36.248566,9.95],[36.23668,9.85],[36.25,9.815816],[36.320526,9.85],[36.253509,9.95],[36.25,9.951695]],[[36.45,10.029167],[36.40914,9.95],[36.375,9.85],[36.45,9.78913],[36.55,9.82356],[36.65,9.821053],[36.670245,9.85],[36.65,9.920213],[36.626471,9.95],[36.55,9.977246],[36.45,10.029167]],[[37.55,9.79553],[37.513317,9.75],[37.546596,9.65],[37.55,9.643798],[37.551951,9.65],[37.583953,9.75],[37.55,9.79553]],[[35.55,9.65],[35.55,9.65],[35.55,9.65],[35.55,9.65],[35.55,9.65]],[[37.75,9.728182],[37.707183,9.65],[37.735139,9.55],[37.75,9.534762],[37.85,9.531266],[37.95,9.498],[38.05,9.496],[38.071012,9.55],[38.056972,9.65],[38.05,9.657231],[37.95,9.702658],[37.85,9.664848],[37.75,9.728182]],[[42.25,9.567042],[42.191436,9.55],[42.15,9.504268],[42.05,9.487168],[41.95,9.460559],[41.9075,9.45],[41.857143,9.35],[41.95,9.338936],[42.05,9.344819],[42.057246,9.35],[42.15,9.408986],[42.25,9.407659],[42.35,9.383833],[42.437288,9.45],[42.45,9.498387],[42.55,9.509694],[42.620222,9.55],[42.55,9.595402],[42.45,9.570168],[42.35,9.573905],[42.25,9.567042]],[[41.65,9.455655],[41.594928,9.45],[41.55,9.439046],[41.45,9.399657],[41.35,9.382923],[41.25,9.352588],[41.245286,9.35],[41.15,9.277249],[41.102466,9.25],[41.05,9.201046],[40.996018,9.15],[40.95,9.107025],[40.85,9.068141],[40.792857,9.05],[40.75,9.002],[40.65,8.950862],[40.628571,8.95],[40.65,8.948437],[40.75,8.926703],[40.85,8.903812],[40.95,8.928409],[40.96008,8.95],[41.019697,9.05],[41.05,9.082967],[41.122619,9.15],[41.15,9.180263],[41.166547,9.15],[41.25,9.083333],[41.35,9.109079],[41.392297,9.15],[41.45,9.208523],[41.55,9.218937],[41.635185,9.15],[41.65,9.116154],[41.75,9.147778],[41.845652,9.05],[41.85,9.046795],[41.852387,9.05],[41.873568,9.15],[41.872305,9.25],[41.85,9.346774],[41.849381,9.35],[41.801064,9.45],[41.75,9.459904],[41.65,9.455655]],[[36.65,9.156977],[36.634615,9.15],[36.65,9.073077],[36.75,9.071933],[36.85,9.123894],[36.892446,9.15],[36.85,9.185976],[36.75,9.224853],[36.65,9.156977]],[[36.45,9.073938],[36.437164,9.05],[36.430702,8.95],[36.44193,8.85],[36.45,8.830827],[36.501807,8.75],[36.55,8.709432],[36.65,8.699259],[36.67412,8.75],[36.65,8.809052],[36.564414,8.85],[36.55,8.884783],[36.528571,8.95],[36.55,8.991667],[36.632353,9.05],[36.55,9.07029],[36.45,9.073938]],[[37.65,9.073418],[37.628977,9.05],[37.65,9.043333],[37.707813,9.05],[37.65,9.073418]],[[34.75,8.90188],[34.686552,8.85],[34.65,8.760169],[34.647865,8.75],[34.65,8.738235],[34.75,8.671854],[34.778502,8.75],[34.85,8.826093],[34.866971,8.85],[34.85,8.919925],[34.75,8.90188]],[[35.85,8.757115],[35.843836,8.75],[35.85,8.734071],[35.874658,8.75],[35.85,8.757115]],[[35.95,8.693299],[35.919343,8.65],[35.95,8.605319],[36.05,8.556061],[36.095926,8.65],[36.05,8.679594],[35.95,8.693299]],[[40.25,8.701391],[40.188031,8.65],[40.15,8.622177],[40.072496,8.55],[40.05,8.530547],[39.95,8.461885],[39.920854,8.45],[39.85,8.429326],[39.75,8.413545],[39.65,8.388757],[39.588208,8.35],[39.55,8.322117],[39.460086,8.25],[39.45,8.239827],[39.35,8.166825],[39.25,8.191945],[39.15,8.178349],[39.114729,8.15],[39.127676,8.05],[39.066739,7.95],[39.05,7.917787],[38.972186,7.85],[38.95,7.829525],[38.87815,7.75],[38.877047,7.65],[38.870455,7.55],[38.85,7.487295],[38.820455,7.45],[38.75,7.367176],[38.725806,7.35],[38.653346,7.25],[38.65,7.245361],[38.596532,7.15],[38.608767,7.05],[38.552564,6.95],[38.55,6.945238],[38.485644,6.85],[38.475035,6.75],[38.454259,6.65],[38.45,6.63937],[38.390576,6.55],[38.375731,6.45],[38.35,6.377572],[38.335111,6.35],[38.257143,6.25],[38.25,6.23301],[38.1645,6.15],[38.17,6.05],[38.19664,5.95],[38.197059,5.85],[38.244915,5.75],[38.25,5.738158],[38.35,5.710465],[38.436076,5.75],[38.45,5.777848],[38.487748,5.85],[38.55,5.899474],[38.62619,5.95],[38.65,5.966949],[38.75,5.950758],[38.85,5.983466],[38.877023,6.05],[38.877944,6.15],[38.896256,6.25],[38.85,6.294586],[38.799904,6.35],[38.75,6.422222],[38.731982,6.45],[38.75,6.487175],[38.85,6.487131],[38.865017,6.45],[38.900977,6.35],[38.95,6.299293],[39.05,6.32284],[39.064379,6.35],[39.106474,6.45],[39.15,6.521171],[39.231013,6.55],[39.25,6.556383],[39.255682,6.55],[39.25,6.536726],[39.211719,6.45],[39.194257,6.35],[39.213121,6.25],[39.25,6.235143],[39.269188,6.25],[39.32971,6.35],[39.314052,6.45],[39.35,6.468092],[39.45,6.498792],[39.542982,6.55],[39.55,6.555195],[39.592319,6.65],[39.65,6.684912],[39.75,6.655712],[39.76662,6.65],[39.85,6.594361],[39.907033,6.65],[39.95,6.669561],[40.027059,6.75],[40.05,6.831493],[40.101667,6.85],[40.15,6.857923],[40.25,6.89918],[40.35,6.876462],[40.442278,6.95],[40.425912,7.05],[40.45,7.079204],[40.525472,7.15],[40.55,7.182298],[40.639344,7.25],[40.55,7.349091],[40.549628,7.35],[40.45,7.407634],[40.35,7.425053],[40.25,7.409621],[40.15,7.38875],[40.05,7.406908],[39.95,7.421901],[39.85,7.391945],[39.75,7.381239],[39.65,7.402174],[39.55,7.400207],[39.53036,7.45],[39.55,7.494118],[39.639412,7.55],[39.595122,7.65],[39.65,7.716176],[39.736207,7.65],[39.75,7.640816],[39.85,7.585616],[39.95,7.55],[40.05,7.55489],[40.15,7.637329],[40.158277,7.65],[40.168012,7.75],[40.15,7.767331],[40.05,7.82568],[40.010209,7.85],[39.981844,7.95],[39.965983,8.05],[40.05,8.149235],[40.050641,8.15],[40.05,8.152344],[40.039531,8.25],[40.05,8.279343],[40.095814,8.35],[40.15,8.412566],[40.186598,8.45],[40.25,8.530921],[40.272423,8.55],[40.316427,8.65],[40.25,8.701391]],[[38.85,8.573596],[38.829208,8.55],[38.85,8.535616],[38.862281,8.55],[38.85,8.573596]],[[37.25,8.491748],[37.217669,8.45],[37.203947,8.35],[37.184497,8.25],[37.15125,8.15],[37.15,8.145833],[37.109884,8.05],[37.05,8.018405],[37.000773,7.95],[36.95,7.896262],[36.870161,7.85],[36.85,7.809677],[36.771277,7.75],[36.85,7.726582],[36.910163,7.75],[36.95,7.769838],[37.05,7.820968],[37.15,7.809767],[37.188122,7.85],[37.232535,7.95],[37.25,7.98875],[37.290833,8.05],[37.292626,8.15],[37.297754,8.25],[37.291039,8.35],[37.279202,8.45],[37.25,8.491748]],[[36.45,8.350816],[36.445833,8.35],[36.35,8.334615],[36.25,8.334741],[36.15,8.335217],[36.05,8.270921],[35.95,8.259728],[35.930916,8.25],[35.856881,8.15],[35.85,8.13855],[35.780539,8.05],[35.75,8.003636],[35.714458,7.95],[35.718468,7.85],[35.706075,7.75],[35.65,7.689086],[35.55,7.692321],[35.50775,7.75],[35.45,7.81095],[35.39657,7.85],[35.35,7.886134],[35.326545,7.85],[35.331,7.75],[35.35,7.661215],[35.353797,7.65],[35.397718,7.55],[35.388197,7.45],[35.3625,7.35],[35.45,7.331842],[35.533333,7.35],[35.55,7.355634],[35.569048,7.35],[35.65,7.328938],[35.75,7.330698],[35.806463,7.35],[35.796479,7.45],[35.812617,7.55],[35.85,7.565686],[35.95,7.616892],[36.05,7.61493],[36.15,7.593019],[36.232065,7.65],[36.25,7.686667],[36.273488,7.65],[36.35,7.604737],[36.45,7.598161],[36.534615,7.55],[36.55,7.532517],[36.616292,7.45],[36.65,7.433539],[36.75,7.378323],[36.85,7.370106],[36.95,7.413608],[37.005372,7.35],[37.05,7.33204],[37.085841,7.35],[37.15,7.385452],[37.25,7.39802],[37.322272,7.45],[37.35,7.503578],[37.376578,7.55],[37.35,7.633045],[37.25,7.62763],[37.15,7.597949],[37.099046,7.55],[37.05,7.462195],[36.95,7.485604],[36.85,7.533734],[36.75,7.545975],[36.73,7.55],[36.681278,7.65],[36.74115,7.75],[36.65,7.78468],[36.55,7.789726],[36.496602,7.85],[36.464081,7.95],[36.45,7.969408],[36.35,7.98913],[36.32971,8.05],[36.35,8.071961],[36.45,8.123574],[36.502071,8.15],[36.55,8.179032],[36.605775,8.25],[36.55,8.335714],[36.455714,8.35],[36.45,8.350816]],[[35.05,7.952],[35.049541,7.95],[35.04078,7.85],[35.05,7.823103],[35.087589,7.75],[35.15,7.724821],[35.180293,7.75],[35.167773,7.85],[35.15,7.911074],[35.053333,7.95],[35.05,7.952]],[[37.55,7.951523],[37.545833,7.95],[37.45,7.926042],[37.401441,7.85],[37.410265,7.75],[37.45,7.731707],[37.469324,7.75],[37.530515,7.85],[37.55,7.944643],[37.550415,7.95],[37.55,7.951523]],[[36.35,7.767905],[36.318263,7.75],[36.35,7.730224],[36.45,7.738889],[36.47033,7.75],[36.45,7.766157],[36.35,7.767905]],[[39.95,7.55],[39.95,7.55],[39.95,7.55]],[[36.35,7.359281],[36.331437,7.35],[36.30248,7.25],[36.335241,7.15],[36.35,7.134295],[36.41307,7.05],[36.45,7.025439],[36.501163,7.05],[36.55,7.067213],[36.65,7.098297],[36.719444,7.15],[36.65,7.229588],[36.630182,7.25],[36.55,7.309837],[36.484368,7.35],[36.45,7.373169],[36.35,7.359281]],[[36.05,7.252618],[36.047951,7.25],[36.05,7.248387],[36.079412,7.25],[36.05,7.252618]],[[35.75,7.06681],[35.738857,7.05],[35.65,6.988048],[35.622359,6.95],[35.65,6.909448],[35.75,6.920588],[35.77439,6.95],[35.76029,7.05],[35.75,7.06681]],[[37.05,7.096818],[37.007173,7.05],[37.05,6.978223],[37.15,7.020674],[37.240909,7.05],[37.15,7.063717],[37.05,7.096818]],[[37.75,6.978464],[37.71,6.95],[37.75,6.887705],[37.85,6.944167],[37.853182,6.95],[37.85,6.957447],[37.75,6.978464]],[[37.45,6.755],[37.441367,6.75],[37.45,6.742982],[37.460876,6.75],[37.45,6.755]],[[36.75,6.586948],[36.705122,6.55],[36.75,6.510628],[36.782509,6.55],[36.75,6.586948]],[[36.65,6.473991],[36.633788,6.45],[36.65,6.422423],[36.670113,6.45],[36.65,6.473991]],[[37.65,6.464634],[37.63883,6.45],[37.55,6.414693],[37.45,6.38401],[37.423587,6.35],[37.35,6.272652],[37.331511,6.25],[37.25,6.169934],[37.224895,6.15],[37.189381,6.05],[37.25,5.95274],[37.2564,5.95],[37.35,5.916714],[37.380039,5.95],[37.45,6.03748],[37.460833,6.05],[37.49955,6.15],[37.55,6.162874],[37.65,6.23497],[37.665366,6.25],[37.682123,6.35],[37.655793,6.45],[37.65,6.464634]],[[10.45,6.254778],[10.438845,6.25],[10.45,6.212667],[10.469444,6.25],[10.45,6.254778]],[[10.75,6.30814],[10.69863,6.25],[10.75,6.237395],[10.763112,6.25],[10.75,6.30814]],[[36.75,6.259877],[36.734962,6.25],[36.65,6.204709],[36.626074,6.15],[36.582527,6.05],[36.599441,5.95],[36.639904,5.85],[36.65,5.831579],[36.657965,5.85],[36.704852,5.95],[36.75,5.994726],[36.789961,6.05],[36.816667,6.15],[36.759259,6.25],[36.75,6.259877]],[[10.55,6.185196],[10.492727,6.15],[10.55,6.142075],[10.569749,6.15],[10.55,6.185196]],[[37.85,5.915976],[37.784477,5.85],[37.801818,5.75],[37.842809,5.65],[37.846167,5.55],[37.85,5.534259],[37.860897,5.55],[37.86149,5.65],[37.884983,5.75],[37.888353,5.85],[37.85,5.915976]],[[10.05,5.758803],[10.043179,5.75],[10.041475,5.65],[10.05,5.622487],[10.101741,5.65],[10.066026,5.75],[10.05,5.758803]],[[37.25,5.581707],[37.22448,5.55],[37.25,5.514865],[37.2942,5.55],[37.25,5.581707]],[[32.95,4.00048],[32.859599,3.95],[32.947959,3.85],[32.95,3.848734],[32.95125,3.85],[33.007837,3.95],[32.95,4.00048]],[[34.75,2.568587],[34.730494,2.55],[34.75,2.51063],[34.768182,2.55],[34.75,2.568587]],[[36.85,2.157657],[36.840147,2.15],[36.85,2.134048],[36.857782,2.15],[36.85,2.157657]],[[30.85,2.110909],[30.811494,2.05],[30.85,2.013187],[30.868407,2.05],[30.85,2.110909]],[[35.35,1.68012],[35.312025,1.65],[35.35,1.623451],[35.37038,1.65],[35.35,1.68012]],[[34.45,1.376296],[34.422797,1.35],[34.381369,1.25],[34.385042,1.15],[34.389522,1.05],[34.401141,0.95],[34.45,0.879066],[34.506268,0.85],[34.55,0.821429],[34.65,0.839293],[34.679412,0.85],[34.75,0.877088],[34.821145,0.95],[34.831653,1.05],[34.8283,1.15],[34.758879,1.25],[34.75,1.25625],[34.689362,1.35],[34.65,1.375136],[34.55,1.407873],[34.45,1.376296]],[[35.45,1.393969],[35.365294,1.35],[35.35,1.340988],[35.25,1.287643],[35.15,1.280513],[35.098485,1.25],[35.15,1.157752],[35.153333,1.15],[35.230952,1.05],[35.25,1.025221],[35.289171,0.95],[35.292222,0.85],[35.25,0.790625],[35.237255,0.75],[35.218605,0.65],[35.197581,0.55],[35.183099,0.45],[35.15,0.392683],[35.085185,0.35],[35.15,0.289655],[35.173,0.25],[35.188,0.15],[35.25,0.131212],[35.301341,0.05],[35.327449,-0.05],[35.35,-0.098996],[35.417914,-0.15],[35.406593,-0.25],[35.35,-0.312236],[35.267763,-0.35],[35.286364,-0.45],[35.29106,-0.55],[35.297934,-0.65],[35.341379,-0.75],[35.35,-0.771739],[35.45,-0.834884],[35.472222,-0.85],[35.536408,-0.95],[35.55,-0.986842],[35.65,-0.981429],[35.75,-1.014706],[35.85,-1.026259],[35.95,-1.044811],[35.959821,-1.05],[36.05,-1.106425],[36.15,-1.120866],[36.19,-1.05],[36.241186,-0.95],[36.25,-0.895833],[36.315672,-0.85],[36.25,-0.8],[36.239136,-0.75],[36.25,-0.738076],[36.342068,-0.65],[36.25,-0.564248],[36.15,-0.5675],[36.127346,-0.55],[36.05,-0.461808],[36.043059,-0.45],[36.007447,-0.35],[36.026316,-0.25],[35.95,-0.224892],[35.85,-0.204592],[35.832047,-0.15],[35.827586,-0.05],[35.760542,0.05],[35.772428,0.15],[35.75,0.182831],[35.65,0.218137],[35.619061,0.25],[35.597012,0.35],[35.579588,0.45],[35.55,0.492935],[35.4937,0.55],[35.488137,0.65],[35.502066,0.75],[35.55,0.80194],[35.56469,0.85],[35.573485,0.95],[35.587206,1.05],[35.606077,1.15],[35.597782,1.25],[35.55,1.342063],[35.531586,1.35],[35.45,1.393969]],[[36.65,1.333333],[36.564804,1.25],[36.55,1.223232],[36.531362,1.15],[36.55,1.067143],[36.65,1.058407],[36.75,1.089706],[36.76038,1.15],[36.75,1.160594],[36.696851,1.25],[36.65,1.333333]],[[30.15,0.658046],[30.142566,0.65],[30.15,0.632996],[30.158485,0.65],[30.15,0.658046]],[[29.95,0.554987],[29.939858,0.55],[29.85,0.518672],[29.791429,0.45],[29.779815,0.35],[29.777673,0.25],[29.787971,0.15],[29.85,0.108925],[29.913596,0.15],[29.95,0.172374],[30.026165,0.25],[30.048156,0.35],[30.05,0.353346],[30.113312,0.45],[30.12681,0.55],[30.05,0.606489],[29.95,0.554987]],[[36.35,0.462281],[36.343519,0.45],[36.287755,0.35],[36.25,0.321756],[36.235358,0.25],[36.25,0.202041],[36.276913,0.15],[36.25,0.106223],[36.223695,0.05],[36.160381,-0.05],[36.15,-0.093363],[36.120642,-0.15],[36.15,-0.217368],[36.156432,-0.25],[36.191325,-0.35],[36.25,-0.407407],[36.298763,-0.45],[36.35,-0.545395],[36.352527,-0.55],[36.369858,-0.65],[36.443333,-0.75],[36.37233,-0.85],[36.426836,-0.95],[36.45,-0.960199],[36.55,-0.95],[36.596,-1.05],[36.60663,-1.15],[36.648995,-1.25],[36.65,-1.252597],[36.651026,-1.25],[36.714876,-1.15],[36.75,-1.062371],[36.754412,-1.05],[36.792586,-0.95],[36.841221,-0.85],[36.85,-0.834667],[36.88608,-0.75],[36.893562,-0.65],[36.901917,-0.55],[36.900556,-0.45],[36.896284,-0.35],[36.889161,-0.25],[36.85,-0.203333],[36.820776,-0.15],[36.755594,-0.05],[36.75,-0.040476],[36.65,0.040909],[36.635714,0.05],[36.55,0.102555],[36.498819,0.15],[36.45,0.217391],[36.432558,0.25],[36.3988,0.35],[36.396667,0.45],[36.35,0.462281]],[[37.15,0.176506],[37.138601,0.15],[37.124699,0.05],[37.066667,-0.05],[37.05,-0.11],[37.026712,-0.15],[37.048864,-0.25],[37.05,-0.250606],[37.1156,-0.35],[37.15,-0.38209],[37.25,-0.415829],[37.35,-0.379883],[37.448077,-0.35],[37.45,-0.349275],[37.541333,-0.25],[37.55,-0.235115],[37.58059,-0.15],[37.59349,-0.05],[37.582446,0.05],[37.55,0.119892],[37.474324,0.15],[37.45,0.156683],[37.35,0.196774],[37.25,0.247633],[37.15,0.176506]],[[29.35,0.024502],[29.294179,-0.05],[29.25,-0.114348],[29.210577,-0.15],[29.15,-0.205752],[29.120238,-0.25],[29.093077,-0.35],[29.100622,-0.45],[29.15,-0.487304],[29.223457,-0.45],[29.25,-0.435424],[29.3004,-0.35],[29.35,-0.314058],[29.389219,-0.25],[29.45,-0.16034],[29.457085,-0.15],[29.457908,-0.05],[29.45,-0.023793],[29.35,0.024502]],[[34.95,-0.828947],[34.942079,-0.85],[34.95,-0.85678],[34.956723,-0.85],[34.95,-0.828947]],[[29.75,-1.024558],[29.689791,-1.05],[29.708696,-1.15],[29.737861,-1.25],[29.65,-1.274715],[29.55,-1.298797],[29.4651,-1.35],[29.45,-1.355481],[29.35,-1.443778],[29.25,-1.38878],[29.18908,-1.35],[29.15,-1.286646],[29.080612,-1.35],[29.05,-1.394554],[28.95,-1.428012],[28.910326,-1.45],[28.85,-1.498899],[28.789896,-1.55],[28.796919,-1.65],[28.787156,-1.75],[28.769615,-1.85],[28.75,-1.877419],[28.695783,-1.95],[28.738636,-2.05],[28.69139,-2.15],[28.65,-2.207582],[28.607582,-2.25],[28.613889,-2.35],[28.572948,-2.45],[28.57898,-2.55],[28.65,-2.585081],[28.737,-2.55],[28.75,-2.53],[28.76815,-2.45],[28.764699,-2.35],[28.785342,-2.25],[28.810227,-2.15],[28.85,-2.090098],[28.876198,-2.05],[28.910072,-1.95],[28.95,-1.885214],[28.975421,-1.85],[28.980606,-1.75],[28.988968,-1.65],[28.988889,-1.55],[29.05,-1.468123],[29.15,-1.486267],[29.203708,-1.55],[29.25,-1.585951],[29.331015,-1.65],[29.343585,-1.75],[29.348315,-1.85],[29.35,-1.852875],[29.399111,-1.95],[29.45,-2.035598],[29.55,-2.046875],[29.581762,-1.95],[29.578222,-1.85],[29.59778,-1.75],[29.60482,-1.65],[29.605288,-1.55],[29.65,-1.486074],[29.710177,-1.45],[29.75,-1.37437],[29.798649,-1.45],[29.794279,-1.55],[29.85,-1.596281],[29.95,-1.615217],[30.05,-1.570408],[30.054739,-1.55],[30.05,-1.525],[30.026378,-1.45],[29.994144,-1.35],[29.95,-1.264035],[29.944937,-1.25],[29.95,-1.233333],[29.984188,-1.15],[29.95,-1.105556],[29.921591,-1.05],[29.85,-0.987931],[29.75,-1.024558]],[[35.65,-1.357895],[35.590878,-1.45],[35.569731,-1.55],[35.576786,-1.65],[35.556977,-1.75],[35.55,-1.756818],[35.45,-1.827647],[35.430808,-1.85],[35.35,-1.910606],[35.309055,-1.95],[35.35,-1.983121],[35.45,-2.024576],[35.463514,-2.05],[35.55,-2.114865],[35.65,-2.098077],[35.694843,-2.05],[35.75,-1.957865],[35.791176,-1.95],[35.85,-1.915116],[35.897059,-1.85],[35.95,-1.819565],[35.963913,-1.75],[35.95,-1.684247],[35.928571,-1.65],[35.85,-1.573398],[35.826404,-1.55],[35.766754,-1.45],[35.75,-1.425385],[35.65,-1.357895]],[[29.45,-2.104082],[29.404545,-2.15],[29.35,-2.171514],[29.305023,-2.25],[29.25,-2.32194],[29.228829,-2.35],[29.162468,-2.45],[29.195995,-2.55],[29.245423,-2.65],[29.25,-2.655848],[29.309963,-2.75],[29.35,-2.794421],[29.399907,-2.85],[29.45,-2.916667],[29.508696,-2.95],[29.521829,-3.05],[29.542517,-3.15],[29.55,-3.235714],[29.580556,-3.15],[29.597955,-3.05],[29.582646,-2.95],[29.553774,-2.85],[29.55,-2.843103],[29.5125,-2.75],[29.503506,-2.65],[29.523256,-2.55],[29.515185,-2.45],[29.471212,-2.35],[29.45,-2.313971],[29.419366,-2.25],[29.45,-2.184091],[29.465411,-2.15],[29.45,-2.104082]],[[28.75,-2.71875],[28.741706,-2.75],[28.731317,-2.85],[28.652825,-2.95],[28.65,-2.95641],[28.562575,-3.05],[28.55,-3.094681],[28.53429,-3.15],[28.520168,-3.25],[28.55,-3.275],[28.648157,-3.35],[28.65,-3.383333],[28.65203,-3.45],[28.675839,-3.55],[28.675301,-3.65],[28.65,-3.730769],[28.641124,-3.75],[28.65,-3.805556],[28.665385,-3.85],[28.75,-3.919474],[28.85,-3.903137],[28.904545,-3.85],[28.95,-3.826143],[28.990919,-3.75],[29.05,-3.670887],[29.062036,-3.65],[29.089542,-3.55],[29.079079,-3.45],[29.07432,-3.35],[29.052857,-3.25],[29.05,-3.241265],[29.015371,-3.15],[28.960176,-3.05],[28.95,-3.0375],[28.909048,-2.95],[28.859756,-2.85],[28.85,-2.819966],[28.764583,-2.75],[28.75,-2.71875]],[[35.75,-2.817442],[35.713215,-2.85],[35.65,-2.901772],[35.598234,-2.95],[35.55,-3.045946],[35.547561,-3.05],[35.55,-3.05641],[35.621569,-3.15],[35.65,-3.208784],[35.75,-3.212369],[35.85,-3.20229],[35.883682,-3.15],[35.908775,-3.05],[35.890997,-2.95],[35.878921,-2.85],[35.85,-2.815932],[35.75,-2.817442]],[[37.15,-2.895494],[37.102652,-2.95],[37.105088,-3.05],[37.15,-3.118007],[37.212215,-3.15],[37.25,-3.163364],[37.35,-3.215237],[37.45,-3.245777],[37.55,-3.201311],[37.575898,-3.15],[37.551881,-3.05],[37.55,-3.046505],[37.493818,-2.95],[37.45,-2.910839],[37.35,-2.882526],[37.25,-2.877173],[37.15,-2.895494]],[[35.35,-3.113405],[35.293478,-3.15],[35.35,-3.249635],[35.350202,-3.25],[35.446063,-3.35],[35.45,-3.353911],[35.457299,-3.35],[35.535764,-3.25],[35.465769,-3.15],[35.45,-3.143604],[35.35,-3.113405]],[[36.75,-3.156886],[36.658485,-3.25],[36.75,-3.317967],[36.828306,-3.25],[36.75,-3.156886]],[[29.55,-3.290741],[29.547527,-3.35],[29.513619,-3.45],[29.481026,-3.55],[29.45,-3.601587],[29.436489,-3.65],[29.45,-3.704955],[29.55,-3.735152],[29.65,-3.651739],[29.65113,-3.65],[29.672759,-3.55],[29.657568,-3.45],[29.65,-3.420213],[29.582653,-3.35],[29.55,-3.290741]],[[35.45,-3.897345],[35.388021,-3.95],[35.354505,-4.05],[35.369737,-4.15],[35.45,-4.219057],[35.522908,-4.15],[35.5348,-4.05],[35.519186,-3.95],[35.45,-3.897345]],[[28.75,-3.975],[28.72,-4.05],[28.714331,-4.15],[28.708647,-4.25],[28.75,-4.344828],[28.770171,-4.25],[28.771252,-4.15],[28.777532,-4.05],[28.75,-3.975]],[[29.75,-4.025],[29.739394,-4.05],[29.75,-4.054651],[29.754416,-4.05],[29.75,-4.025]],[[28.95,-4.945192],[28.94928,-4.95],[28.95,-4.951337],[28.97381,-4.95],[28.95,-4.945192]],[[29.05,-5.057692],[29.038667,-5.15],[29.05,-5.16554],[29.059286,-5.15],[29.05,-5.057692]],[[29.95,-7.239153],[29.923063,-7.25],[29.909677,-7.35],[29.85,-7.444388],[29.846429,-7.45],[29.85,-7.494],[29.855785,-7.55],[29.85,-7.572951],[29.811789,-7.65],[29.85,-7.735455],[29.95,-7.713317],[30.05,-7.678116],[30.069836,-7.65],[30.079596,-7.55],[30.081456,-7.45],[30.05,-7.402071],[29.991528,-7.35],[29.967381,-7.25],[29.95,-7.239153]],[[35.95,-7.827778],[35.944253,-7.85],[35.95,-7.855076],[35.953077,-7.85],[35.95,-7.827778]],[[31.75,-7.994615],[31.687931,-8.05],[31.75,-8.122],[31.778966,-8.15],[31.85,-8.202551],[31.8627,-8.15],[31.85,-8.100242],[31.800943,-8.05],[31.75,-7.994615]],[[33.45,-8.831127],[33.398667,-8.85],[33.45,-8.871508],[33.484375,-8.85],[33.45,-8.831127]],[[33.55,-8.942453],[33.545904,-8.95],[33.55,-8.960084],[33.585548,-9.05],[33.644182,-9.15],[33.65,-9.154856],[33.662261,-9.15],[33.75,-9.112336],[33.837072,-9.15],[33.85,-9.154823],[33.95,-9.246916],[33.956105,-9.25],[34.05,-9.344721],[34.06978,-9.35],[34.15,-9.368814],[34.25,-9.394203],[34.300492,-9.45],[34.35,-9.539881],[34.36018,-9.55],[34.45,-9.591436],[34.527941,-9.65],[34.55,-9.675105],[34.65,-9.716871],[34.702913,-9.65],[34.75,-9.608009],[34.809031,-9.55],[34.800314,-9.45],[34.75,-9.397712],[34.692063,-9.35],[34.65,-9.28375],[34.55,-9.270497],[34.5236,-9.25],[34.464145,-9.15],[34.45,-9.140293],[34.37126,-9.05],[34.35,-9.029926],[34.296535,-9.05],[34.25,-9.070043],[34.15,-9.081138],[34.107143,-9.05],[34.05,-8.986585],[33.99958,-8.95],[33.95,-8.93162],[33.85,-8.909522],[33.75,-8.921979],[33.65,-8.943128],[33.55,-8.942453]],[[33.25,-9.148113],[33.246154,-9.15],[33.25,-9.155983],[33.320064,-9.25],[33.35,-9.27398],[33.371364,-9.25],[33.363953,-9.15],[33.35,-9.14207],[33.25,-9.148113]],[[33.75,-10.435683],[33.738441,-10.45],[33.711314,-10.55],[33.685238,-10.65],[33.75,-10.704618],[33.811413,-10.75],[33.85,-10.779339],[33.95,-10.78728],[33.975774,-10.75],[33.975337,-10.65],[33.962438,-10.55],[33.95,-10.459091],[33.948024,-10.45],[33.85,-10.408179],[33.75,-10.435683]],[[15.35,-12.640857],[15.340332,-12.65],[15.35,-12.75],[15.371192,-12.65],[15.35,-12.640857]],[[15.35,-12.75],[15.35,-12.75],[15.35,-12.75]],[[13.45,-14.844554],[13.4412,-14.85],[13.45,-14.941667],[13.457719,-14.85],[13.45,-14.844554]],[[13.35,-14.919939],[13.278986,-14.95],[13.35,-15.006322],[13.448,-14.95],[13.35,-14.919939]],[[47.25,-19.248103],[47.247131,-19.25],[47.200542,-19.35],[47.25,-19.441333],[47.279211,-19.35],[47.251972,-19.25],[47.25,-19.248103]],[[47.05,-19.532775],[46.980769,-19.55],[46.95,-19.5628],[46.889779,-19.65],[46.95,-19.7045],[47.05,-19.662027],[47.061513,-19.65],[47.065385,-19.55],[47.05,-19.532775]],[[14.55,-21.148352],[14.548521,-21.15],[14.55,-21.15112],[14.55175,-21.15],[14.55,-21.148352]],[[30.15,-25.232185],[30.115438,-25.25],[30.05,-25.327174],[30.037826,-25.35],[30.05,-25.403165],[30.15,-25.388028],[30.168557,-25.35],[30.18178,-25.25],[30.15,-25.232185]],[[28.55,-28.508779],[28.521429,-28.55],[28.50129,-28.65],[28.477734,-28.75],[28.45,-28.77768],[28.35,-28.84539],[28.344882,-28.85],[28.30974,-28.95],[28.25,-29.049459],[28.249099,-29.05],[28.15,-29.119182],[28.131919,-29.15],[28.05,-29.189785],[27.952326,-29.25],[27.95,-29.252089],[27.868831,-29.35],[27.85,-29.392857],[27.809155,-29.45],[27.751075,-29.55],[27.85,-29.633636],[27.854018,-29.65],[27.85,-29.654639],[27.778155,-29.75],[27.75,-29.788667],[27.704274,-29.85],[27.661618,-29.95],[27.65,-29.962472],[27.582474,-30.05],[27.601247,-30.15],[27.65,-30.233412],[27.75,-30.167673],[27.784052,-30.15],[27.811207,-30.05],[27.85,-30.03539],[27.95,-29.998592],[28.05,-29.977957],[28.15,-30.013768],[28.217249,-29.95],[28.229949,-29.85],[28.25,-29.754878],[28.269259,-29.85],[28.307252,-29.95],[28.35,-30.000224],[28.45,-30.030479],[28.55,-30.037734],[28.648659,-29.95],[28.65,-29.946744],[28.655983,-29.95],[28.716667,-30.05],[28.75,-30.075253],[28.85,-30.108296],[28.95,-30.079032],[29.008929,-30.05],[29.05,-30.031984],[29.15,-29.99375],[29.197353,-29.95],[29.213677,-29.85],[29.231602,-29.75],[29.25,-29.728027],[29.35,-29.672455],[29.37027,-29.65],[29.404623,-29.55],[29.45,-29.493255],[29.497981,-29.45],[29.55,-29.385965],[29.605656,-29.35],[29.55,-29.31414],[29.514856,-29.25],[29.45,-29.17296],[29.435731,-29.15],[29.373448,-29.05],[29.35,-29.022313],[29.25,-28.992251],[29.189514,-28.95],[29.15,-28.909565],[29.05,-28.86701],[29.029853,-28.85],[28.969238,-28.75],[28.95,-28.724869],[28.85,-28.662784],[28.826989,-28.65],[28.75,-28.577968],[28.687668,-28.55],[28.65,-28.505789],[28.55,-28.508779]],[[28.75,-29.581325],[28.73906,-29.65],[28.742908,-29.75],[28.736307,-29.85],[28.75,-29.873077],[28.76336,-29.85],[28.764134,-29.75],[28.770652,-29.65],[28.75,-29.581325]],[[28.15,-30.145109],[28.1125,-30.15],[28.05,-30.166854],[28.022388,-30.25],[27.95,-30.343269],[27.943886,-30.35],[27.85,-30.407796],[27.796233,-30.45],[27.75812,-30.55],[27.75,-30.587624],[27.65,-30.641139],[27.628462,-30.65],[27.55,-30.712195],[27.465702,-30.65],[27.45,-30.642989],[27.440686,-30.65],[27.35,-30.740244],[27.329798,-30.75],[27.35,-30.771053],[27.45,-30.822206],[27.55,-30.774506],[27.65,-30.761215],[27.672018,-30.75],[27.75,-30.692568],[27.777597,-30.75],[27.85,-30.817576],[27.926429,-30.85],[27.85,-30.903769],[27.75,-30.922464],[27.680488,-30.95],[27.677363,-31.05],[27.65,-31.083951],[27.55,-31.082979],[27.478409,-31.15],[27.55,-31.168806],[27.65,-31.174826],[27.75,-31.155785],[27.85,-31.175658],[27.95,-31.194173],[27.981712,-31.15],[28.035185,-31.05],[28.05,-31.029762],[28.09589,-30.95],[28.15,-30.862707],[28.162994,-30.85],[28.213592,-30.75],[28.209865,-30.65],[28.216565,-30.55],[28.25,-30.500114],[28.298565,-30.45],[28.312347,-30.35],[28.338817,-30.25],[28.35,-30.239804],[28.45,-30.154691],[28.4676,-30.15],[28.45,-30.122152],[28.35,-30.069508],[28.25,-30.086148],[28.15,-30.145109]],[[27.45,-31.172321],[27.410092,-31.25],[27.45,-31.276769],[27.474234,-31.25],[27.45,-31.172321]]]}},{"type":"Feature","id":"contour-3000","properties":{"id":"contour-3000","elevationM":3000,"source":"ETOPO 2022 derived display DEM"},"geometry":{"type":"MultiLineString","coordinates":[[[-6.45,31.557062],[-6.468065,31.55],[-6.45,31.522549],[-6.410563,31.55],[-6.45,31.557062]],[[-7.95,31.062489],[-7.966706,31.05],[-7.95,31.034222],[-7.916588,31.05],[-7.95,31.062489]],[[18.55,19.853784],[18.546825,19.85],[18.55,19.847586],[18.55216,19.85],[18.55,19.853784]],[[38.25,13.38076],[38.226231,13.35],[38.15,13.285703],[38.096975,13.25],[38.099867,13.15],[38.15,13.059179],[38.25,13.115574],[38.35,13.087527],[38.45,13.136479],[38.461128,13.15],[38.495939,13.25],[38.457304,13.35],[38.45,13.357391],[38.408537,13.35],[38.35,13.338544],[38.322334,13.35],[38.25,13.38076]],[[39.15,12.20453],[39.107239,12.15],[39.14299,12.05],[39.15,12.044046],[39.25,12.017485],[39.30314,11.95],[39.25,11.910289],[39.154843,11.85],[39.15,11.841943],[39.05,11.79058],[39.020265,11.75],[39.05,11.678205],[39.15,11.688994],[39.25,11.705351],[39.35,11.716254],[39.45,11.694068],[39.474176,11.75],[39.45,11.795],[39.415429,11.85],[39.40861,11.95],[39.396782,12.05],[39.35,12.111698],[39.309161,12.15],[39.25,12.186662],[39.15,12.20453]],[[38.15,11.766751],[38.13716,11.75],[38.15,11.711404],[38.18125,11.65],[38.25,11.596028],[38.284581,11.65],[38.35,11.744181],[38.365169,11.75],[38.35,11.756634],[38.25,11.799204],[38.15,11.766751]],[[39.05,11.158788],[39.04438,11.15],[39.028555,11.05],[38.95,10.997261],[38.854732,10.95],[38.85,10.871053],[38.847403,10.85],[38.85,10.849255],[38.95,10.836812],[39.042857,10.85],[39.05,10.851294],[39.055785,10.85],[39.15,10.825378],[39.25,10.792173],[39.35,10.824539],[39.45,10.835836],[39.479586,10.85],[39.55,10.89685],[39.568544,10.95],[39.55,10.98392],[39.45,11.042955],[39.35,11.017806],[39.293711,11.05],[39.25,11.084069],[39.15,11.147137],[39.119048,11.15],[39.05,11.158788]],[[37.75,10.775606],[37.720859,10.75],[37.75,10.665929],[37.753093,10.65],[37.807735,10.55],[37.85,10.520913],[37.907519,10.55],[37.95,10.587417],[38.017986,10.65],[38.021066,10.75],[37.95,10.813927],[37.85,10.823314],[37.75,10.775606]],[[39.75,10.496369],[39.7166,10.45],[39.65,10.370241],[39.60508,10.35],[39.65,10.280579],[39.665289,10.25],[39.65,10.1575],[39.648986,10.15],[39.65,10.149128],[39.655172,10.15],[39.75,10.171154],[39.770918,10.25],[39.787184,10.35],[39.768652,10.45],[39.75,10.496369]],[[38.65,9.778086],[38.610435,9.75],[38.65,9.729458],[38.672249,9.75],[38.65,9.778086]],[[39.65,9.70042],[39.625904,9.65],[39.65,9.634416],[39.674291,9.65],[39.65,9.70042]],[[38.85,9.256723],[38.846059,9.25],[38.85,9.242118],[38.861679,9.25],[38.85,9.256723]],[[38.35,8.372134],[38.334783,8.35],[38.25,8.284454],[38.219517,8.25],[38.167763,8.15],[38.15,8.1],[38.141563,8.05],[38.15,8.040592],[38.198214,8.05],[38.25,8.068831],[38.263797,8.15],[38.35,8.24387],[38.356649,8.25],[38.374889,8.35],[38.35,8.372134]],[[39.95,8.276953],[39.929403,8.25],[39.95,8.219196],[39.955779,8.25],[39.95,8.276953]],[[39.25,7.988574],[39.203769,7.95],[39.220732,7.85],[39.25,7.823094],[39.308528,7.75],[39.306899,7.65],[39.29933,7.55],[39.287879,7.45],[39.296809,7.35],[39.35,7.340099],[39.358621,7.35],[39.363875,7.45],[39.385692,7.55],[39.398517,7.65],[39.45,7.743949],[39.452088,7.75],[39.496154,7.85],[39.516392,7.95],[39.45,8.038558],[39.35,7.995882],[39.25,7.988574]],[[39.05,7.478059],[39.00596,7.45],[38.998397,7.35],[39.05,7.28178],[39.15,7.272143],[39.24253,7.35],[39.170635,7.45],[39.15,7.452708],[39.05,7.478059]],[[39.65,7.259091],[39.637698,7.25],[39.603096,7.15],[39.562274,7.05],[39.55,7.037703],[39.473259,6.95],[39.45,6.914146],[39.35,6.87166],[39.25,6.898722],[39.15,6.89528],[39.078715,6.85],[39.15,6.772678],[39.25,6.78852],[39.35,6.78815],[39.383333,6.75],[39.45,6.731793],[39.46701,6.75],[39.55,6.812403],[39.65,6.819657],[39.75,6.752717],[39.754429,6.75],[39.85,6.705652],[39.937112,6.75],[39.95,6.765602],[39.982372,6.85],[39.988137,6.95],[39.95,6.984608],[39.884608,7.05],[39.85,7.095623],[39.789528,7.15],[39.75,7.25],[39.65,7.259091]],[[34.55,1.27811],[34.514271,1.25],[34.46501,1.15],[34.491866,1.05],[34.55,0.984487],[34.65,1.023214],[34.666783,1.05],[34.674942,1.15],[34.65,1.185526],[34.580742,1.25],[34.55,1.27811]],[[35.45,1.256069],[35.441171,1.25],[35.45,1.183333],[35.465753,1.25],[35.45,1.256069]],[[29.85,0.456638],[29.844339,0.45],[29.824921,0.35],[29.842482,0.25],[29.85,0.23314],[29.893609,0.25],[29.95,0.275554],[29.97985,0.35],[30.024886,0.45],[29.95,0.491026],[29.85,0.456638]],[[37.35,0.027365],[37.252564,-0.05],[37.25,-0.052591],[37.195617,-0.15],[37.229023,-0.25],[37.25,-0.272478],[37.35,-0.252867],[37.354072,-0.25],[37.448742,-0.15],[37.45,-0.145324],[37.478162,-0.05],[37.45,0.002268],[37.35,0.027365]],[[36.65,-0.234161],[36.568621,-0.25],[36.565263,-0.35],[36.6275,-0.45],[36.65,-0.484286],[36.67915,-0.45],[36.71372,-0.35],[36.667988,-0.25],[36.65,-0.234161]],[[29.45,-1.542473],[29.449157,-1.55],[29.45,-1.551538],[29.450987,-1.55],[29.45,-1.542473]],[[37.25,-2.961111],[37.201473,-3.05],[37.25,-3.088781],[37.346296,-3.15],[37.35,-3.152145],[37.45,-3.178753],[37.487143,-3.15],[37.485236,-3.05],[37.45,-3.007279],[37.35,-2.962813],[37.25,-2.961111]],[[28.75,-28.748165],[28.743814,-28.75],[28.702518,-28.85],[28.728767,-28.95],[28.75,-28.982979],[28.85,-29.031429],[28.88,-28.95],[28.859661,-28.85],[28.85,-28.837948],[28.754255,-28.75],[28.75,-28.748165]],[[29.25,-29.208571],[29.243696,-29.25],[29.25,-29.258033],[29.305769,-29.25],[29.25,-29.208571]],[[29.25,-29.421552],[29.195679,-29.45],[29.25,-29.538],[29.283588,-29.45],[29.25,-29.421552]]]}},{"type":"Feature","id":"contour-4000","properties":{"id":"contour-4000","elevationM":4000,"source":"ETOPO 2022 derived display DEM"},"geometry":{"type":"MultiLineString","coordinates":[[[39.85,6.871667],[39.796939,6.85],[39.85,6.834913],[39.862401,6.85],[39.85,6.871667]],[[37.35,-0.144652],[37.344751,-0.15],[37.35,-0.15201],[37.351936,-0.15],[37.35,-0.144652]],[[37.35,-3.021054],[37.296958,-3.05],[37.35,-3.083971],[37.401771,-3.05],[37.35,-3.021054]]]}}]}
