{"type":"FeatureCollection","features":[{"type":"Feature","properties":{"id":"b-4060037060"},"geometry":{"type":"MultiPolygon","coordinates":[[[[139.3469007755683,41.493870191540815],[139.33852214234108,41.50466487343546],[139.336436,41.511135],[139.336436,41.5185],[139.340343,41.52383],[139.36116105063928,41.52276326036906],[139.3788129199936,41.516486693571814],[139.381847,41.513577],[139.37618156028455,41.50666305276106],[139.36630503500996,41.50129091748596],[139.3469007755683,41.493870191540815]]],[[[139.414317,42.172512],[139.423839,42.191596],[139.437022,42.207221],[139.452159,42.215318],[139.497325,42.222235],[139.538341,42.240668],[139.548513,42.243354],[139.55769993282405,42.23657098223975],[139.55089867277465,42.20815896416054],[139.55081754838793,42.20806861716064],[139.5272297067738,42.18179919547539],[139.5202660452419,42.17574666337788],[139.5205102671269,42.17386378191885],[139.513682,42.148179],[139.5094535207367,42.10574818149426],[139.50551066000847,42.09577871712827],[139.493907,42.078843],[139.49191551813198,42.077435529198766],[139.4591840954697,42.06581590438054],[139.45364762977582,42.052147489062335],[139.445649,42.054836],[139.435395,42.062934],[139.429454,42.073798],[139.432384,42.08511],[139.425059,42.102688],[139.425059,42.122992],[139.422699,42.131496],[139.42075112057316,42.13396709879151],[139.4109637081793,42.15476897491616],[139.414317,42.172512]]],[[[141.145518,45.189765],[141.131847,45.210273],[141.167166,45.239976],[141.179698,45.244371],[141.202647,45.249091],[141.2308547142043,45.242320697988504],[141.22892659498643,45.23829040567773],[141.24255499190602,45.237780783511134],[141.268321,45.225531],[141.292979,45.206529],[141.327159,45.172349],[141.3323910411815,45.16334437524916],[141.32960894120663,45.151564403863304],[141.316417,45.137926],[141.31452415554008,45.13394619612374],[141.29014659412275,45.11257906857957],[141.27866735058106,45.10647661088141],[141.27056651083547,45.10217013966774],[141.25067618130495,45.09930420118471],[141.235362,45.102484],[141.181814,45.126614],[141.15689696034772,45.14271374579839],[141.1333481040417,45.173194035724066],[141.145518,45.189765]]],[[[141.0168636324732,45.43998040791557],[141.02003,45.439846],[141.0248713641724,45.441411692585795],[141.03395080548535,45.44303453231788],[141.03406124408968,45.444383691042916],[141.04728995397915,45.44866184328593],[141.07101203068078,45.42207573760527],[141.05771586089827,45.40463578951011],[141.06188252785648,45.352006530776805],[141.04889566043357,45.29155346933424],[141.04104539253615,45.27573841755903],[141.03920205952443,45.27202486186891],[141.03133445171972,45.273813070632386],[141.029063,45.27851],[141.035655,45.292182],[141.010509,45.327786],[140.998871,45.350002],[140.994151,45.371039],[141.000987,45.419135],[140.996349,45.430243],[140.966807,45.463446],[140.9675909892147,45.463903335961014],[140.9995307074762,45.43688235833423],[141.0168636324732,45.43998040791557]]],[[[141.3416666669832,42.53749999962531],[141.2147104897973,42.45473395460834],[141.15612284299482,42.436932711975146],[141.0999999996004,42.3999999999001],[141.09294627965807,42.39253516569143],[141.091563,42.391791],[141.073253,42.377143],[141.016775,42.316107],[141.000987,42.304836],[140.9909104712647,42.302619938108464],[140.94733140741857,42.312545437422045],[140.9354913529061,42.332210890311785],[140.936046,42.332709],[140.975434,42.326565],[140.984141,42.329047],[140.986827,42.33983],[140.97754091464478,42.344999079215924],[140.97413024931166,42.353296915520275],[140.93029399458658,42.36432933607038],[140.917979,42.372545],[140.91212,42.380561],[140.901378,42.420844],[140.888339709263,42.43198436336575],[140.88239440937457,42.44522535516609],[140.84653033107304,42.467707731905925],[140.80892372233112,42.49984010989851],[140.7709836664076,42.53225739661427],[140.77019059951658,42.53546820719208],[140.74423266088596,42.55511437441308],[140.733653,42.564154],[140.73130559882466,42.56489817221561],[140.7187549165062,42.57439710843988],[140.7115476474156,42.57116183035396],[140.71015947692865,42.57160190762655],[140.7091182661311,42.57193199187218],[140.70753546838728,42.582319132921725],[140.63507554789828,42.58298000782116],[140.59279839269186,42.57229712961803],[140.5400197577268,42.57884942163193],[140.51912044904952,42.58785332607022],[140.447575548273,42.57048000784613],[140.36701999277852,42.49409111841044],[140.33091227366617,42.439929540716115],[140.32545,42.432807],[140.32242679875125,42.42720132857264],[140.31701999197912,42.419091118560345],[140.3137751686377,42.41115932814429],[140.303966,42.392971],[140.288585,42.350165],[140.28843804542586,42.34922413786838],[140.27951999205402,42.32742445177706],[140.2819428692382,42.30763941450541],[140.281505,42.304836],[140.28320457382213,42.29733642746933],[140.2884197657596,42.25474955284966],[140.31028950985308,42.238067288074944],[140.31884133722355,42.2363433121032],[140.321625,42.233954],[140.424083,42.192288],[140.456391,42.173082],[140.530284,42.111762],[140.548839,42.105536],[140.571951,42.107856],[140.610118,42.117621],[140.674083,42.122056],[140.713552,42.13349],[140.7668404410884,42.10572737788414],[140.77204267682816,42.091816542199695],[140.78189756820268,42.08760116247499],[140.789317,42.07453],[140.81631962508266,42.04575640517935],[140.81787601066947,42.041816542299614],[140.82267018706918,42.03898934098006],[140.837087,42.023627],[140.908458,41.978949],[140.92480379069283,41.9627648398701],[140.9383358424252,41.93826463500494],[140.9508362722347,41.93698977289599],[140.953760809611,41.93409415395082],[140.95630787941593,41.93157227009951],[140.96453179230843,41.917309570680175],[140.97307311988465,41.91497280779996],[140.974294,41.913764],[141.011567,41.893744],[141.083263,41.882636],[141.106944,41.871772],[141.1479774317495,41.84284620866547],[141.1468210858245,41.83350389229082],[141.18898706995088,41.81150667969982],[141.19045508024215,41.80989598062071],[141.16534411877578,41.788200173172726],[141.143565,41.785793],[141.13192422080436,41.78238691182192],[141.10848320823357,41.78212381975851],[141.0964886895985,41.76464212618695],[141.043305,41.723863],[141.0401722712994,41.72286934834649],[140.99874929197907,41.71375920605101],[140.959972,41.721991],[140.9287815019023,41.73518692396821],[140.92713487447497,41.73685709657781],[140.9212262874951,41.73838334726894],[140.874278,41.758246],[140.823985,41.770697],[140.78818799472526,41.770489137449175],[140.7536975440065,41.77145097508247],[140.71962414204117,41.747893567694554],[140.708018,41.745551],[140.698578,41.759833],[140.706716,41.774115],[140.71105083590888,41.777286918292155],[140.7136971365137,41.7749794858147],[140.71803627557537,41.782398356031095],[140.733409,41.793647],[140.727224,41.811347],[140.708995,41.824408],[140.684825,41.829901],[140.660411,41.827135],[140.641612,41.81509],[140.6381880742062,41.80915272434761],[140.621191914875,41.7982886416076],[140.603395249791,41.73827141629289],[140.58535312957798,41.72874775441957],[140.54477,41.712592],[140.5258652121364,41.70025361580012],[140.45914900012633,41.69516177729423],[140.4423094007583,41.67713504404708],[140.4383969941379,41.65417302838845],[140.433279,41.64468],[140.43474385129932,41.632732638571774],[140.4291666670082,41.59999999970029],[140.44133419515637,41.558017812376505],[140.43583339379379,41.5413075335999],[140.43248240174148,41.534184265091824],[140.41685056883927,41.5221067084928],[140.4063759665703,41.51622503731106],[140.26759592691053,41.48263041206394],[140.25828870330534,41.470052025841376],[140.241222,41.457221],[140.225841,41.437934],[140.21972192916888,41.41793038344559],[140.20740705785536,41.4012872668478],[140.19193758245348,41.403023913630776],[140.1891095864981,41.403341392404336],[140.15101165786177,41.425567287900094],[140.08712228504703,41.41746634415918],[140.07979767184435,41.42122968545023],[140.03046545433625,41.45712262930381],[140.028168,41.461412],[140.014008,41.502875],[139.983653,41.560492],[139.9830589755962,41.563790582571635],[139.98127937984393,41.58881354479478],[139.984223,41.603176],[140.003429,41.63467],[140.019542,41.696967],[140.071137,41.760199],[140.083018,41.800767],[140.087413,41.805121],[140.117686,41.804511],[140.12672,41.814032],[140.131358,41.845526],[140.123871,41.865953],[140.14503,41.879584],[140.14796,41.907538],[140.151703,41.913764],[140.139659,41.948717],[140.138438,41.967515],[140.14503,41.982652],[140.111827,42.011135],[140.061046,42.080024],[140.0480594147465,42.08992963467539],[140.04081590463034,42.09914923734749],[140.01041666649598,42.12036471925643],[139.9611077667265,42.127699744424504],[139.927501,42.138902],[139.909353,42.156562],[139.883637,42.194973],[139.88346260789385,42.1950319563483],[139.87408040388755,42.21179572229482],[139.82286126932397,42.221041487365525],[139.79835,42.235907],[139.787446,42.246772],[139.77840040119526,42.26916139572139],[139.78390062131666,42.27593722862025],[139.77181193962804,42.29417530339439],[139.767589,42.310981],[139.772309,42.330471],[139.784434,42.350816],[139.79338965341987,42.36180548857543],[139.7991126168539,42.36320834648808],[139.83276604551668,42.40195617643644],[139.85056728814993,42.465729438263],[139.84961017857265,42.470656898166055],[139.849294,42.514146],[139.832774,42.588813],[139.843435,42.626939],[139.876964,42.663398],[139.917247,42.677232],[140.014008,42.681586],[140.037852,42.686021],[140.053884,42.694159],[140.09547,42.733791],[140.135916,42.747138],[140.16977,42.795844],[140.18336,42.810207],[140.200369,42.814276],[140.222911,42.801337],[140.245779,42.772935],[140.260753,42.760972],[140.281505,42.75727],[140.303233,42.769721],[140.309906,42.793199],[140.311778,42.815985],[140.319102,42.826239],[140.337413,42.834133],[140.377126,42.893785],[140.461192,42.958889],[140.503184,42.980048],[140.51226113235643,42.98824189734817],[140.52109798898107,42.99280395463887],[140.525349860703,43.00976998794364],[140.52711,43.015448],[140.52685098225643,43.01575983898705],[140.52916666680824,43.02500000044972],[140.51457554842537,43.030538590430695],[140.501964,43.045722],[140.487315,43.082709],[140.43922,43.134019],[140.406098,43.160224],[140.367931,43.183092],[140.338064,43.210517],[140.3309946468978,43.2431530891205],[140.333938429515,43.25362599724201],[140.33125776695675,43.25532144817961],[140.338663343272,43.273247507251284],[140.34592193927386,43.29081778337398],[140.35477176250686,43.30362599714209],[140.3535691577226,43.309328765343544],[140.360118,43.325181],[140.409516,43.324693],[140.43393,43.328437],[140.452891,43.338853],[140.45625662347686,43.34690755893679],[140.4577282376681,43.347827317776535],[140.46678738023343,43.36547275106665],[140.464927010983,43.36765739849924],[140.465099,43.368069],[140.473318,43.373603],[140.487153,43.372382],[140.510265,43.357001],[140.535167,43.347886],[140.56054981110722,43.33407496907975],[140.5811606516428,43.313105096123365],[140.61662095825943,43.3035661202457],[140.620942,43.301215],[140.638845,43.288886],[140.6476461831203,43.28049125591588],[140.64166666658343,43.26666666693319],[140.67280062804232,43.257973946870784],[140.68922,43.248358],[140.761404,43.223456],[140.78025294348626,43.206177675650096],[140.7804163615259,43.20434400796967],[140.7850342431676,43.20179478560812],[140.786306,43.200629],[140.796153,43.195502],[140.809906,43.19245],[140.912608,43.204169],[140.988292,43.226996],[141.011241,43.22899],[141.01778744777133,43.22590959703713],[141.016284284714,43.215862284583416],[141.012218,43.210517],[141.004405,43.193061],[141.021983,43.174994],[141.069835,43.16885],[141.11085,43.156195],[141.135509,43.152411],[141.156505,43.143012],[141.169119,43.140855],[141.200857,43.143622],[141.22755,43.154486],[141.303966,43.197252],[141.37086,43.250718],[141.397472,43.279731],[141.42335,43.317857],[141.440115,43.361721],[141.439708,43.407782],[141.427013,43.434556],[141.37086,43.497138],[141.36004280562528,43.52317961267268],[141.36838637751353,43.550668427658294],[141.391368,43.579088],[141.38260147956146,43.59750164434675],[141.3827660451169,43.5980438236636],[141.38167573725906,43.59944612045139],[141.372732,43.618232],[141.364024,43.627509],[141.366954,43.646308],[141.343923,43.690172],[141.337413,43.712836],[141.343598,43.731513],[141.358165,43.755805],[141.38502,43.791327],[141.424815,43.814602],[141.448009,43.822496],[141.490571,43.827338],[141.528168,43.841213],[141.584727,43.875434],[141.615733,43.902777],[141.640636,43.937934],[141.658946,43.983791],[141.667166,44.025092],[141.670177,44.066636],[141.655447,44.276923],[141.665701,44.31273],[141.747244,44.424221],[141.791759,44.596991],[141.796072,44.64175],[141.783458,44.765367],[141.753591,44.885443],[141.721853,44.955146],[141.586436,45.164374],[141.57488,45.206855],[141.583751,45.251166],[141.617849,45.285346],[141.627696,45.314399],[141.649181,45.34101],[141.64984800499468,45.352188484321516],[141.65473395420872,45.35758667028864],[141.6448180914383,45.3725069168613],[141.639008,45.388983],[141.637055,45.404446],[141.639415,45.421129],[141.64796,45.437201],[141.65503676429546,45.442476362595535],[141.6826249867538,45.42411261660402],[141.68863728828035,45.40390201106902],[141.6913991413002,45.40368652105475],[141.692149,45.402289],[141.704438,45.402086],[141.7060142482297,45.40254619621555],[141.73137715663051,45.400567288049956],[141.74143525784143,45.410072654614126],[141.75823807143027,45.41153172144612],[141.77193919334977,45.41272145389468],[141.79799363859559,45.40895097500754],[141.81961148151902,45.42183853517048],[141.823253,45.422553],[141.875336,45.448188],[141.878673,45.484036],[141.893891,45.500556],[141.919444,45.515855],[141.944998,45.520413],[141.96046,45.51024],[141.96677606308677,45.500509640881724],[141.9715684682103,45.48413662370626],[141.98059761667767,45.479216522341815],[141.987559,45.468492],[142.017751,45.455715],[142.04642954776597,45.41614745093573],[142.056173027863,45.400617641990664],[142.06417931524294,45.39642967766918],[142.096528,45.372301],[142.183116,45.325995],[142.20907726699872,45.30802197245825],[142.3850755479982,45.14201999242874],[142.472864955953,45.07147623673899],[142.482972823245,45.06825934212165],[142.48794732058371,45.063862584841324],[142.50468687863128,45.04906716558516],[142.50498725016155,45.04612257209908],[142.51185254406263,45.04273372332791],[142.52350186381267,45.03243736011085],[142.53511689522296,45.022171302972374],[142.54248725008654,44.9919559052409],[142.56894488787228,44.973164710716745],[142.57680948196327,44.96114153844786],[142.5874086656205,44.94493780186],[142.58814273400003,44.922865125725025],[142.61596396775195,44.9017980036219],[142.630707,44.883734],[142.64339630981627,44.8775372915514],[142.70482788090203,44.79673292358558],[142.7999999998002,44.71249999977522],[142.82014685779131,44.71144544844873],[142.87083333359158,44.66249999987514],[142.93253919792573,44.62837253136729],[142.98333333336666,44.56666666703313],[143.11662817050018,44.49826695981841],[143.118419,44.496894],[143.204438,44.447252],[143.2288307300378,44.43992309185667],[143.2394561763615,44.42140062124173],[143.29030835589296,44.39956078458867],[143.296886,44.39468],[143.30541100401268,44.39307454602422],[143.34901902900504,44.374345906438464],[143.36750805468782,44.34948080640384],[143.369151,44.346259],[143.37099973393154,44.34478499629608],[143.38528951000296,44.32556728750035],[143.40491558566555,44.317743738371036],[143.405284,44.31745],[143.552419,44.252509],[143.60761314515574,44.236942342191526],[143.61666666693316,44.23333333376638],[143.6821023413035,44.215933812689194],[143.776622,44.189276],[143.776622,44.182359],[143.72470357211384,44.18714027983842],[143.68575778549348,44.19548000729657],[143.67083095958117,44.18959825315693],[143.6820004417694,44.18093525701448],[143.69421569833872,44.16985400112084],[143.71108404057665,44.154551627750386],[143.7196950964447,44.137263355213705],[143.728282,44.113471],[143.73086834042965,44.114831020539484],[143.7321631538066,44.112231445424925],[143.73316804993567,44.11604031693651],[143.742442,44.120917],[143.75767710900718,44.11132150219117],[143.75802171493024,44.10103047657526],[143.7738378263941,44.10279975438323],[143.783214,44.100653],[143.87345150707475,44.09960021676367],[143.87432081435418,44.099420165808056],[143.87472396099383,44.09958537129422],[143.9132067252982,44.09913640045647],[143.93750000022487,44.087500000124976],[143.96609937838366,44.11445617661133],[143.9649472622149,44.11912158584119],[143.966075,44.120063],[143.983246,44.12995],[143.999197,44.133979],[144.08055994310556,44.130643659191854],[144.1022104903219,44.12859937915806],[144.15819473121735,44.114176821780305],[144.171723,44.106024],[144.17156,44.102729],[144.14114121327893,44.09323807308986],[144.12282731782648,44.091061740806765],[144.1005388044224,44.03124999978769],[144.13194444418082,44.01250000027483],[144.14246971183678,44.02045454135658],[144.152843,44.019843],[144.167003,44.025377],[144.188731,44.050279],[144.1920136095153,44.057897671765716],[144.19522823739328,44.0603271481794],[144.19479053509895,44.06434269193666],[144.21341390466208,44.10756602971441],[144.24387715700527,44.11609937918308],[144.2589006213666,44.100746663128064],[144.2589006213666,44.090786640070576],[144.25587,44.079413],[144.2589006213666,44.07210382571538],[144.2589006213666,44.03945617676118],[144.2908733790033,44.02428046347268],[144.30077616388894,43.98412339947538],[144.3561228437943,43.95890062126671],[144.41576798159048,43.94657095277284],[144.430431,43.942572],[144.4425881864661,43.94102675843826],[144.51840888126492,43.92535332609515],[144.63125000018738,43.9166812472418],[144.65821621080832,43.91953649772837],[144.740489,43.914618],[144.788097,43.92178],[144.831228,43.942206],[144.947602,44.034084],[144.9852609654624,44.06694486298646],[144.98636271186967,44.06640218101592],[144.98969424169627,44.07081329859306],[145.0334829976558,44.10902295975249],[145.0468232592997,44.12066354798164],[145.05681216526375,44.12592977409855],[145.119314,44.154486],[145.13816852017155,44.168821454382055],[145.19073757597846,44.19653625474439],[145.1932374670042,44.20059753700897],[145.201671,44.205797],[145.250255,44.271796],[145.309744,44.316352],[145.322765,44.341783],[145.33147746549872,44.345872045465285],[145.34084879573538,44.34512023950748],[145.37027655741724,44.26041022445236],[145.33963015565806,44.20176014220729],[145.290538,44.154486],[145.28940593993028,44.152444257674674],[145.25895080603493,44.127160305603695],[145.24222819047873,44.089583333604025],[145.24944322372585,44.06874355696965],[145.2343370470278,44.045241784577414],[145.22651195405174,44.03799517292971],[145.1841840957195,44.00748257106386],[145.12973395445852,43.94387715690533],[145.0962921146894,43.88959587954628],[145.0910993788333,43.82695617718588],[145.06723395458346,43.8063771562808],[145.06193271192512,43.784079996794446],[145.07140062154156,43.74778951037763],[145.08643577541395,43.734731464254644],[145.115977,43.686835],[145.12659824145746,43.675390220436434],[145.13836161309803,43.65449778214696],[145.16176540919176,43.64669184756498],[145.19182660353633,43.62303997845635],[145.19649454738556,43.600899590243955],[145.2163613952793,43.59248806642328],[145.218516,43.589667],[145.226248,43.56977],[145.23227,43.539944],[145.24648862873656,43.530689739064236],[145.24939236076887,43.52408667675877],[145.26701999197905,43.43090888094014],[145.29166666628373,43.383333333666485],[145.3151601541183,43.363299671812314],[145.345714,43.332709],[145.36184105722316,43.323493346143024],[145.37145080581013,43.31529880069917],[145.35880262544083,43.307715691126305],[145.33875630715795,43.32522701661355],[145.33653526517182,43.3174589680398],[145.32039782962278,43.32773399600257],[145.29976731419083,43.3408698577884],[145.29382697183735,43.353549024967606],[145.24630262566575,43.358950975507184],[145.22596774641443,43.33789588049052],[145.2500000002998,43.29999999990014],[145.2678236233434,43.31581120143822],[145.30478917751262,43.305737852414914],[145.3035420736079,43.2848129272748],[145.31458706314254,43.2797921076197],[145.31614911154972,43.281120904725356],[145.321625,43.276272],[145.351085,43.265448],[145.383637,43.259019],[145.468435,43.252997],[145.491954,43.244574],[145.512410119622,43.23189650981512],[145.50775349942455,43.23032463947061],[145.51541442913265,43.22858683271619],[145.51574271326308,43.229831165851756],[145.5171,43.22899],[145.51917091154462,43.23416706680832],[145.52917005715244,43.24323662696884],[145.49899020683267,43.26723395478325],[145.4980589986128,43.26635404212962],[145.496593,43.270575],[145.540863,43.301663],[145.582286,43.335761],[145.5949,43.342841],[145.6338,43.353176],[145.649181,43.373765],[145.661632,43.379828],[145.675955,43.381985],[145.723155,43.379828],[145.750336,43.39411],[145.767426,43.387274],[145.8167315644242,43.37555861534964],[145.8111345081511,43.363261074439095],[145.80640979021902,43.36074972322757],[145.787852,43.360582],[145.77768,43.356269],[145.760102,43.336982],[145.7456301183975,43.33399169609915],[145.74434441476296,43.338155450014085],[145.73817785656635,43.332451846048144],[145.72599227723074,43.329933957467915],[145.72351108087173,43.33398878305593],[145.68412306043092,43.32424638506268],[145.68108641878123,43.30961340804166],[145.673106,43.307929],[145.67302079463082,43.307941459261926],[145.67494676408194,43.3112394543374],[145.6544125024351,43.32148878308095],[145.61657545279502,43.311185200936336],[145.58958536827015,43.27562052406796],[145.57094523083776,43.28230929923484],[145.55742390729867,43.22280157755046],[145.55383448886099,43.21454020931961],[145.55378626304213,43.21442921327536],[145.53349812813622,43.2073850843542],[145.53033877266955,43.18827936117382],[145.5258720733507,43.18379694311386],[145.5132934572273,43.18777279327986],[145.51842223957195,43.17632089265917],[145.5171,43.174994],[145.51950666593757,43.173899510324176],[145.52251122806206,43.167190715809966],[145.518891,43.166449],[145.49879,43.167914],[145.49502802733662,43.16868279400392],[145.49905836285325,43.17817077676],[145.48128899489132,43.1868445499361],[145.4270833334292,43.18687184615885],[145.36368505931983,43.174395658093346],[145.302501,43.173489],[145.29548806366932,43.17081728495733],[145.29191250315955,43.17148878338071],[145.22474776042688,43.140208094659336],[145.21593833550665,43.1389783752764],[145.19819641196563,43.1365017564884],[145.17107916946816,43.14648878343064],[145.12537061925877,43.13241712824794],[145.11184455038574,43.112745836251406],[145.1177425804558,43.08267788317784],[145.1324864763253,43.08520074088014],[145.135427,43.084296],[145.152192,43.084621],[145.168224,43.079413],[145.159028,43.070502],[145.1495543962597,43.06646992187716],[145.10007527655284,43.073736572484904],[145.09258660209002,43.0498155377569],[145.10329863925674,43.05111640004751],[145.099294,43.044623],[145.0922542171749,43.041455097728715],[145.05591786292288,43.03327802077971],[145.05128,43.033108],[145.003103,43.044623],[145.027517,43.009345],[145.023692,42.996283],[145.02066651032806,42.994086141448925],[145.0024101696416,42.98782597193733],[144.9811125161641,42.98485735391069],[144.94700280324457,42.98010290015064],[144.8857262552296,42.98355624138922],[144.87272304069828,42.987337702658145],[144.85330640986297,43.01177029056652],[144.8411994967583,43.012529185620735],[144.840505,43.016913],[144.84311,43.029364],[144.84058429338862,43.038624636903094],[144.84583333324179,43.050000000399734],[144.80369754400647,43.058950805235554],[144.75617319783487,43.02854919468962],[144.72561764224042,42.98966030517897],[144.73988169356633,42.96908718906514],[144.741466,42.965237],[144.74365034449244,42.963651644048966],[144.74680497896668,42.959101698184895],[144.75535843114665,42.95515413602457],[144.7818512479813,42.93592615024941],[144.77976297092718,42.933821731124745],[144.7729209495668,42.932084354893135],[144.764322262659,42.92990091326531],[144.60786421046498,42.95061747241846],[144.5286975436568,42.95061747241846],[144.47869754375665,42.93688252790639],[144.38253815469548,42.962483495146465],[144.373057,42.96955],[144.36866912996524,42.97831431103517],[144.37083333329178,42.97916666660842],[144.36631172179725,42.98302298705732],[144.358084,42.999457],[144.345225,43.00373],[144.323009,43.002631],[144.31164384532073,43.000498809793505],[144.29092000345543,43.00473395440855],[144.1416666667833,42.97499999965032],[143.92916666630867,42.87916666680826],[143.58945617656138,42.63276604551663],[143.40833333341664,42.441666666783306],[143.32499999965034,42.30833333311688],[143.3130672875253,42.24362284371932],[143.32687114383668,42.21994857833989],[143.336436,42.173],[143.3365131445739,42.17180012541895],[143.3166666666334,42.12499999955037],[143.32556728750035,42.11961839437345],[143.31347092406796,42.05517601910903],[143.31137890851792,42.049023424732134],[143.31014078886548,42.045382128657025],[143.2630672876253,42.00637715628079],[143.2410993789332,41.94657999686939],[143.243237312149,41.930098617272144],[143.241547,41.928046],[143.22945528791195,41.9313555411691],[143.17798626140254,41.96822784112358],[143.163341,41.990383],[143.15288883330572,41.9985537535631],[143.1366492377722,42.02414923749734],[143.0386889205508,42.0660783784432],[143.00558432961859,42.08255255185996],[142.98942100290077,42.09059607210421],[142.9563771568803,42.12026604564153],[142.92621493866852,42.12556728829975],[142.91806276616896,42.11630520405965],[142.91773191577116,42.11639201530588],[142.91152106414586,42.128533935892506],[142.84748900994833,42.134822926175666],[142.8434516086905,42.13588229269614],[142.79993662388245,42.14730011200618],[142.75733557827436,42.174389648463546],[142.70159912890358,42.18284942664763],[142.6291790363195,42.214442526209915],[142.5857577849938,42.241313340638214],[142.54779370494862,42.249946690664345],[142.546397,42.250556],[142.49343115936156,42.26327393028555],[142.4491490682749,42.299149237847075],[142.38112284324473,42.317233954883136],[142.28090888123995,42.37118665863744],[142.1940911188102,42.445480007196636],[142.1805191782392,42.448578554001806],[142.167752,42.459859],[142.10080572681457,42.46677756238592],[142.04390927965866,42.479767326350625],[142.01731062892682,42.492644916505455],[142.00766393228457,42.49731531151757],[141.94357359216008,42.54309851844076],[141.925955,42.55858],[141.91902808790508,42.56063270375101],[141.89387715630573,42.57859937865845],[141.8401692923216,42.58993098115994],[141.817149,42.599595],[141.78198554423574,42.60638295560133],[141.7565911187852,42.62048000774621],[141.6270826548407,42.62915276378908],[141.50174221493137,42.603813340813076],[141.3416666669832,42.53749999962531]],[[143.50758667018874,44.26723395458339],[143.49526604539176,44.25538160497712],[143.5172339549831,44.259079996744504],[143.50758667018874,44.26723395458339]],[[144.94583333304195,43.047221204994685],[144.91049363867057,43.06604919461472],[144.86329413481656,43.071627468932604],[144.8600755475485,43.09131334073811],[144.8634718156718,43.03410169803499],[144.91150037933915,43.02021586077342],[144.91323276138291,43.03211737721523],[144.93233371323038,43.02854919468962],[144.94583333304195,43.047221204994685]],[[143.60352376321111,42.66487019860085],[143.61111111128878,42.658333333316705],[143.60917833151484,42.66730957008065],[143.60352376321111,42.66487019860085]]],[[[143.911794,44.152289],[143.9216896916805,44.15222689451611],[143.9559069981753,44.143128421071935],[143.94879438234966,44.14129707469046],[143.94303329200312,44.13981371720032],[143.9397104897473,44.141099379133095],[143.81937377144178,44.166867903047084],[143.813731,44.168402],[143.817638,44.175605],[143.83931058670902,44.17413171917122],[143.89955400418603,44.158112833108845],[143.911794,44.152289]]],[[[145.31738144621733,43.589908289470145],[145.3526870750705,43.56925477135428],[145.35483466278947,43.566027832018904],[145.34027777749748,43.550000000299804],[145.3127758527902,43.5557978639123],[145.318696,43.557766],[145.332042,43.565416],[145.32515451659742,43.5679885193332],[145.34233466281455,43.57100168907675],[145.31738144621733,43.589908289470145]]],[[[145.2459453558263,43.597573650147986],[145.24531326959104,43.597809738420786],[145.2551874327864,43.605835745475986],[145.286957,43.60102],[145.30584827680363,43.595108260979906],[145.25426165713307,43.59446745814114],[145.2459453558263,43.597573650147986]]]]}},{"type":"Feature","properties":{"id":"b-4060039450"},"geometry":{"type":"Polygon","coordinates":[[[130.4458333332418,31.512500000075022],[130.466049024443,31.502160135681777],[130.48811764191566,31.42283986376873],[130.50895097490763,31.392473009321975],[130.49097866503348,31.334142896877268],[130.4461866588873,31.306591118285553],[130.43604940398316,31.24981422576514],[130.39917819889763,31.2508553571463],[130.39469841204422,31.250981852786005],[130.28427005302058,31.263155449864144],[130.28323945255144,31.25326535638713],[130.275076,31.252997],[130.2655229382921,31.24977339590089],[130.23725416374873,31.254822116847265],[130.22089281035954,31.248183274638173],[130.215406280799,31.25605762576428],[130.21732211602296,31.266912502609955],[130.20856207201956,31.279631038975502],[130.19954579414514,31.300150607107636],[130.2207745018419,31.305435180988866],[130.21601121654442,31.314622327658356],[130.1941733223461,31.312377470859307],[130.192952,31.315157],[130.179382,31.327781],[130.206595,31.324819],[130.207774,31.336615],[130.20026551128484,31.34836782409928],[130.19896426768685,31.35335405164824],[130.1964691963501,31.354257963011467],[130.170258,31.377021],[130.15452839959764,31.387975220737978],[130.14068366112213,31.403183661496826],[130.126068787473,31.405043291021535],[130.118988,31.408637],[130.14503,31.420071],[130.162364,31.421942],[130.195974,31.412055],[130.228282,31.381293],[130.244884,31.404853],[130.293268,31.444704],[130.30476,31.476634],[130.317068,31.493069],[130.328461,31.529039],[130.334483,31.562405],[130.32939779745055,31.57476718887332],[130.33291557080406,31.600285903636724],[130.337657,31.607896],[130.336192,31.626166],[130.32545,31.642076],[130.31871502492928,31.648771874025822],[130.31562856020992,31.6576143050562],[130.30933569175806,31.65809675388079],[130.297374,31.669989],[130.28997091512855,31.679875654041265],[130.28685726585024,31.689635043322653],[130.2796747903637,31.69362589806571],[130.259288,31.720852],[130.24838634524409,31.72686886427841],[130.24561394582702,31.73241441529308],[130.21046837731387,31.75352393278331],[130.2039896992339,31.751372354752196],[130.199718,31.75373],[130.184093,31.758694],[130.171431,31.790137],[130.181,31.826972],[130.190319,31.835088],[130.235118,31.819525],[130.2182164437551,31.83450961647858],[130.23258666973913,31.828599378558522],[130.23863711870808,31.83776465551449],[130.27561764144104,31.796569994209904],[130.2550547282931,31.775486246792923],[130.295030720991,31.757598198897824],[130.3020833330794,31.742228189779212],[130.3478398639187,31.75771569172582],[130.39922858343243,31.753395249691096],[130.41036495667743,31.7339760673417],[130.4458333332418,31.73333333356652],[130.46701999277855,31.597546216784508],[130.4458333332418,31.512500000075022]]]}},{"type":"Feature","properties":{"id":"b-4060039500"},"geometry":{"type":"MultiPolygon","coordinates":[[[[130.78454827168548,32.10056728765028],[130.83575778509373,32.08368665941185],[130.8619171145832,32.1009195961625],[130.8794311524258,32.12197062174687],[130.87208319758156,32.14148932577183],[130.8982577849689,32.14618665928697],[130.90833333321677,32.16666666663343],[130.94081590483017,32.15748257136363],[130.95356038370483,32.139583333204314],[130.94519042939487,32.121155124609345],[130.9577660452668,32.07695617638649],[130.91316121411876,32.04076707593987],[130.89943271234984,31.985289510502582],[130.86250000027485,31.937500000124942],[130.7958333334417,31.950000000099976],[130.73422071711252,31.94095815059825],[130.71741332966155,31.924432712299904],[130.6843214250938,31.938067287975002],[130.66136288079235,31.920568678002155],[130.63507554809814,31.92464667450446],[130.6149537829907,31.879521518103616],[130.5809088812399,31.878813340663214],[130.51342637822484,31.824073622199933],[130.50346103200104,31.775807020577588],[130.48395097495757,31.76049346909838],[130.47500000014998,31.72916666660842],[130.41036495667743,31.7339760673417],[130.39922858343243,31.753395249691096],[130.38130171000603,31.75769059884209],[130.3020833330794,31.742228189779212],[130.295030720991,31.757598198897824],[130.2550547282931,31.775486246792923],[130.27561764144104,31.796569994209904],[130.2547843084492,31.822839863868694],[130.2660273233024,31.8573598225978],[130.2463021169492,31.881249999787713],[130.2680496215928,31.966836717140836],[130.2991036309279,31.95484042654448],[130.31572943806316,31.979733954858204],[130.3482577851687,31.971186658737338],[130.35416666645858,31.983333333066923],[130.41169297924762,31.996538967199626],[130.42453087699846,32.0131176417658],[130.45833333321684,32.01249999997509],[130.463204278155,32.02824723961845],[130.51666666703306,32.06666666683327],[130.47500000014998,32.12499999975023],[130.48004167328463,32.1368584530552],[130.54085049085757,32.13814290347227],[130.55200653047712,32.153549193940194],[130.58132680249003,32.1547841393766],[130.5999999999001,32.187499999625345],[130.61249999987513,32.187499999625345],[130.62499999985016,32.1541666666584],[130.6524544610046,32.15381096770204],[130.68025495700078,32.108693780193846],[130.7175540501794,32.08679165331222],[130.77304382301406,32.088067287675244],[130.78454827168548,32.10056728765028]]],[[[130.85000000029981,32.09583333374144],[130.8452660454917,32.09704827196026],[130.84882507291888,32.10041130923457],[130.85000000029981,32.09583333374144]]]]}},{"type":"Feature","properties":{"id":"b-4060039510"},"geometry":{"type":"MultiPolygon","coordinates":[[[[130.431,32.257148],[130.44328869030957,32.2861025364179],[130.44490024376415,32.28843172083149],[130.4467953592315,32.28973297621977],[130.4526016582074,32.293719792832576],[130.4673004148823,32.30064290404681],[130.47788560623576,32.29157816589969],[130.46193271232482,32.32008667026366],[130.47973395495808,32.33454827238489],[130.4774976049233,32.34866148009887],[130.503184,32.327216],[130.512462,32.338202],[130.513927,32.350328],[130.51002,32.378485],[130.540538,32.416002],[130.562022,32.427069],[130.56726636267194,32.441098998478154],[130.57020789228045,32.44375372995074],[130.56936071093278,32.44670191054775],[130.5713,32.45189],[130.567638,32.477688],[130.550466,32.491685],[130.558849,32.501776],[130.56489176023229,32.50383419749675],[130.58333333296696,32.504166666858225],[130.5666666669332,32.48749999992509],[130.58390062081708,32.47157999691939],[130.57443271210002,32.46545172781504],[130.61998240156663,32.442517429236034],[130.59223395473327,32.423043823513694],[130.58749999992517,32.37500000014995],[130.55493927003135,32.378280300695394],[130.53333333306693,32.33333333326675],[130.5506651134043,32.29669019929332],[130.5660993790832,32.29387715680542],[130.58806728777517,32.23010389497881],[130.58369140613354,32.19337632905439],[130.5996466742547,32.18090888094014],[130.58132680249003,32.1547841393766],[130.55200653047712,32.153549193940194],[130.54085049085757,32.13814290347227],[130.48004167328463,32.1368584530552],[130.47500000014998,32.12499999975023],[130.51666666703306,32.06666666683327],[130.463204278155,32.02824723961845],[130.45833333321684,32.01249999997509],[130.42453087699846,32.0131176417658],[130.41169297924762,31.996538967199626],[130.35416666645858,31.983333333066923],[130.3482577851687,31.971186658737338],[130.31572943806316,31.979733954858204],[130.2991036309279,31.95484042654448],[130.2680496215928,31.966836717140836],[130.2463021169492,31.881249999787713],[130.26723395448346,31.840920003355507],[130.26160040963123,31.829827881251788],[130.23863711870808,31.83776465551449],[130.23258666973913,31.828599378558522],[130.20294795017105,31.850384094818484],[130.197004,31.858485],[130.21473,31.885618],[130.21675228109,31.90119856333131],[130.2214384290403,31.90887383386041],[130.2190847011826,31.919168577068564],[130.220438,31.929595],[130.21038406047776,31.957223470080198],[130.20772823746825,31.9688395181293],[130.20563590952162,31.97027150427001],[130.205127,31.97167],[130.174106,31.998756],[130.17402020292923,32.000198347519],[130.20477176210716,32.04637383358562],[130.20404757077887,32.05871335696775],[130.204047,32.072581],[130.179861,32.093451],[130.206798,32.120673],[130.248302,32.133734],[130.278656,32.100531],[130.298513,32.105862],[130.319591,32.118232],[130.331879,32.128607],[130.33391211642035,32.13390455468441],[130.35776604556656,32.1519561771359],[130.35890062126668,32.18137715613091],[130.37556728819982,32.19429795968313],[130.36457875540532,32.19213189037447],[130.36404855925252,32.19561860151191],[130.4112458595934,32.23899364270317],[130.42500000024984,32.241666666483525],[130.42190173314066,32.24878655354134],[130.431,32.257148]],[[130.5620886905407,32.486325073443425],[130.565451727815,32.48276604511693],[130.5666666669332,32.48749999992509],[130.5620886905407,32.486325073443425]],[[130.4261749267315,32.23708869099033],[130.42973395415868,32.2404517282647],[130.42500000024984,32.241666666483525],[130.4261749267315,32.23708869099033]]],[[[130.19201581666186,32.16903881433158],[130.190766,32.164618],[130.167328,32.114325],[130.149262,32.1105],[130.134613,32.117987],[130.127778,32.13231],[130.133311,32.149115],[130.12322,32.158922],[130.115082,32.175442],[130.111095,32.193305],[130.113292,32.207587],[130.121104,32.212633],[130.153087,32.203762],[130.176036,32.203355],[130.187266,32.196357],[130.19325671781968,32.17888348879366],[130.188561672883,32.17074788450731],[130.19201581666186,32.16903881433158]]],[[[130.253591,32.271633],[130.232677,32.258775],[130.21545720534627,32.25279636723337],[130.2159642186688,32.28424591019755],[130.217052,32.286933],[130.222911,32.29206],[130.228526,32.293036],[130.23227,32.298651],[130.243907,32.301825],[130.260265,32.295071],[130.2655111253925,32.28827071844337],[130.26165494331767,32.28130496561247],[130.253591,32.271633]]]]}},{"type":"Feature","properties":{"id":"b-4060039600"},"geometry":{"type":"MultiPolygon","coordinates":[[[[130.84653761132176,32.51574707047098],[130.87464667460438,32.526742214181866],[130.88333333326682,32.57083333369144],[130.96887715655555,32.58276604581641],[131.02083333299197,32.54999999980021],[131.0243262395644,32.52172987153642],[131.00776604516693,32.51545172771512],[131.01723395478325,32.44362284351945],[131.0425838890353,32.40892605289508],[131.06666666683327,32.4083333331169],[131.06740553094062,32.37587958477508],[131.1128658718626,32.33217027423882],[131.09076300730703,32.29647894944401],[131.0545220267702,32.27328626844661],[131.04584655747271,32.25624999993761],[131.05416666685824,32.245833333441624],[130.9958333330419,32.22916666650849],[130.97916666700814,32.1583333336165],[130.94166666708304,32.1541666666584],[130.90833333321677,32.16666666663343],[130.8982577849689,32.14618665928697],[130.87208319758156,32.14148932577183],[130.8794311524258,32.12197062174687],[130.8619171145832,32.1009195961625],[130.83575778509373,32.08368665941185],[130.78454827168548,32.10056728765028],[130.77304382301406,32.088067287675244],[130.7166666666334,32.083333333766404],[130.69367319716036,32.096450805560266],[130.6524544610046,32.15381096770204],[130.62499999985016,32.1541666666584],[130.61249999987513,32.187499999625345],[130.58369140613354,32.19337632905439],[130.58806728777517,32.23010389497881],[130.57453121574304,32.27291666687074],[130.53390062091694,32.326956176786155],[130.55493927003135,32.378280300695394],[130.58749999992517,32.37500000014995],[130.59223395473327,32.423043823513694],[130.61998240156663,32.442517429236034],[130.57443271210002,32.46545172781504],[130.58390062081708,32.47157999691939],[130.5666666669332,32.48749999992509],[130.58333333296696,32.504166666858225],[130.58942922343894,32.505436644010196],[130.598806,32.505357],[130.5976780101824,32.50715514120822],[130.6833333336665,32.52499999985014],[130.68820851621012,32.50505405040417],[130.71570688856207,32.495177544608055],[130.74166666658346,32.46666666693318],[130.8408157350582,32.496684095194894],[130.84653761132176,32.51574707047098]],[[130.85000000029981,32.09583333374144],[130.84882507291888,32.10041130923457],[130.8452660454917,32.09704827196026],[130.85000000029981,32.09583333374144]]],[[[130.5666666669332,32.48749999992509],[130.565451727815,32.48276604511693],[130.5620886905407,32.486325073443425],[130.5666666669332,32.48749999992509]]]]}},{"type":"Feature","properties":{"id":"b-4060039610"},"geometry":{"type":"MultiPolygon","coordinates":[[[[130.89662746878275,33.06746080217431],[130.97003004245255,33.04509819902273],[130.9799045139822,33.021608819091796],[130.9958333330419,33.024999999750264],[131.00833333301694,33.004166666758294],[131.06058146176508,33.016137017309575],[131.10725029816274,32.99947035037644],[131.13333333366643,33.01249999977523],[131.16723395448344,32.967678494067286],[131.1535993788084,32.91741332996128],[131.1583333336165,32.891666666983156],[131.18368665921207,32.87671610526411],[131.18333333356657,32.85833333311689],[131.15487501317136,32.83244594962093],[131.1412706160462,32.79680107930642],[131.10416666675837,32.787500000224895],[131.13814290347227,32.721155124309576],[131.13685709597826,32.66036512594985],[131.1160237629863,32.63827175553712],[131.12147623653914,32.60448845757628],[131.10833333371647,32.579166666708375],[131.0517422142318,32.587146674079804],[131.04097866483357,32.5549760610964],[131.02083333299197,32.54999999980021],[130.9666666670331,32.583333333666474],[130.88333333326682,32.57083333369144],[130.87464667460438,32.526742214181866],[130.84653761132176,32.51574707047098],[130.8408157350582,32.496684095194894],[130.79925333647236,32.49223395473325],[130.75325741239976,32.46729024245076],[130.68820851621012,32.50505405040417],[130.6833333336665,32.52499999985014],[130.62825198703968,32.508935885882465],[130.59653730892475,32.5089735458654],[130.590587,32.518459],[130.567719,32.534166],[130.56475749813018,32.5461320019091],[130.5657670759898,32.546494547685256],[130.57563888021966,32.55872216773367],[130.641287,32.607489],[130.6504384188282,32.617305492870955],[130.65256025545148,32.61685689303124],[130.65291879508902,32.61996612903445],[130.656423,32.623725],[130.668305,32.648749],[130.641449,32.648342],[130.478038,32.622016],[130.461681,32.61522],[130.448009,32.621405],[130.45262537632433,32.6283295644865],[130.53545566114985,32.667322116722346],[130.54399498724774,32.676614774532204],[130.5442,32.676703],[130.56544,32.693427],[130.576508,32.698391],[130.59197,32.697211],[130.625987,32.704006],[130.625987,32.711412],[130.61522376109437,32.71522384923794],[130.61581573460853,32.71581590418066],[130.61249999987513,32.71666666643358],[130.61263497989898,32.71614067768645],[130.612315,32.716254],[130.60265903352033,32.72500945131142],[130.59648051972326,32.759199469649985],[130.598155,32.763088],[130.613048,32.781236],[130.611339,32.785468],[130.6071428895662,32.792433254581105],[130.607730610879,32.79374525314097],[130.59089525001582,32.82422858328255],[130.5790311456786,32.825438789249084],[130.5754117096354,32.827914985396774],[130.5746572204846,32.8284311605982],[130.57402072457683,32.84600999596461],[130.5448786966721,32.848803800166316],[130.53036592333086,32.85873254956561],[130.52309927086586,32.86370394749213],[130.52500000005,32.87916666700812],[130.48447933866277,32.89692165419972],[130.470225,32.909735],[130.441254,32.923651],[130.43377745548275,32.940249516809175],[130.43269810938398,32.94581549483086],[130.426443,33.007148],[130.428477,33.050523],[130.421641,33.06977],[130.420665,33.087592],[130.400157,33.095038],[130.3923695216343,33.09984813385175],[130.3962483722646,33.10736321324174],[130.37176479720767,33.11694675049222],[130.35501759868328,33.182482401141954],[130.3830115424488,33.16602393265839],[130.3830830889135,33.182457818173816],[130.40203162276123,33.18685726565036],[130.43238474545967,33.1747326319055],[130.44704589814978,33.195907932105456],[130.4690911188601,33.18368665901215],[130.55208333347912,33.23293745260139],[130.6232577855185,33.23785332587033],[130.64999999980023,33.3000000001],[130.71909111836044,33.30381334051333],[130.73945617706102,33.283900621016926],[130.819913906102,33.25762905523675],[130.82566121429363,33.238399590268955],[130.85416666635865,33.22916666630863],[130.83749915226417,33.21459740544594],[130.84583333334172,33.20416666635862],[130.88750000022492,33.1875000003248],[130.86609937848357,33.12278951002793],[130.84201999202912,33.101742214831404],[130.89087829629636,33.095198567759724],[130.89662746878275,33.06746080217431]]],[[[130.4083276151611,32.58044007074522],[130.407725,32.581732],[130.399669,32.586412],[130.398774,32.593166],[130.409576101325,32.608064016593445],[130.41672546004062,32.6114295940964],[130.41684,32.610053],[130.436534,32.620673],[130.446462,32.616604],[130.452891,32.610989],[130.446788,32.596829],[130.452647,32.590644],[130.450938,32.563422],[130.445811,32.552558],[130.424571,32.54682],[130.427582,32.537299],[130.40919,32.549262],[130.406749,32.560981],[130.411388,32.573879],[130.41127032810527,32.57413127337951],[130.41732211652254,32.57829996756948],[130.4083276151611,32.58044007074522]]]]}},{"type":"Feature","properties":{"id":"b-4060039730"},"geometry":{"type":"Polygon","coordinates":[[[131.19502631251441,33.33262769890922],[131.20416666655842,33.31250000007498],[131.2607577851437,33.31214667442953],[131.29412129755985,33.299644300244324],[131.30416666635858,33.283333333166865],[131.2785993785585,33.18824666335286],[131.29583333334176,33.15000000039976],[131.2711866590372,33.12325778521864],[131.27916666640863,33.09583333354158],[131.19757554787327,33.07464667400484],[131.16306728752534,33.04804382316394],[131.15221049012212,33.02140062154149],[131.10725029816274,32.99947035037644],[131.06058146176508,33.016137017309575],[131.00833333301694,33.004166666758294],[130.9958333330419,33.024999999750264],[130.9799045139822,33.021608819091796],[130.97003004245255,33.04509819902273],[130.89662746878275,33.06746080217431],[130.89087829629636,33.095198567759724],[130.84583333334172,33.09583333354158],[130.84166666638362,33.108333333516555],[130.86609937848357,33.12278951002793],[130.88750000022492,33.1875000003248],[130.84583333334172,33.20416666635862],[130.83749915226417,33.21459740544594],[130.85416666635865,33.22916666630863],[130.82566121429363,33.238399590268955],[130.819913906102,33.25762905523675],[130.73945617706102,33.283900621016926],[130.71909111836044,33.30381334051333],[130.64999999980023,33.3000000001],[130.61421288371764,33.23298000762128],[130.5990592110138,33.24219614663491],[130.5772482978707,33.229696146659876],[130.55208333347912,33.23293745260139],[130.4690911188601,33.18368665901215],[130.44704589814978,33.195907932105456],[130.43238474545967,33.1747326319055],[130.4083333333167,33.1875000003248],[130.3830830889135,33.182457818173816],[130.3830115424488,33.16602393265839],[130.35000000039975,33.179166666408605],[130.33591715495277,33.216658698340325],[130.31335093180007,33.213350931600246],[130.27854902481772,33.29536421078973],[130.2845770941576,33.345159742628084],[130.32500000044968,33.36249999997506],[130.30039588116506,33.41153225381049],[130.35000000039975,33.43749999982521],[130.40590888158965,33.39618665948677],[130.4365943064821,33.40063764800908],[130.45833333321684,33.42083333289207],[130.46666666623378,33.46666666673332],[130.53554382348875,33.49223395453345],[130.54109937913313,33.525746663577706],[130.58333333296696,33.554166666558444],[130.61763441289793,33.50872921428186],[130.6477895102778,33.49223395453345],[130.67425333672213,33.500567287550325],[130.72708333312937,33.483802116974175],[130.76887715695534,33.48693271187523],[130.80491333038594,33.47026604584141],[130.83333333336668,33.48749999972529],[130.84166666638362,33.47916666670835],[130.83369106748887,33.46837819439821],[130.8559088815897,33.45035332544569],[130.92916666710812,33.45833333371644],[130.9824069549171,33.411573621725324],[130.99699198449252,33.38344726537906],[131.02700636135455,33.363117641765825],[131.06163974347942,33.36184014220885],[131.09166666678334,33.333333333066946],[131.1395833332043,33.345271809846224],[131.19502631251441,33.33262769890922]]]}},{"type":"Feature","properties":{"id":"b-4060039740"},"geometry":{"type":"MultiPolygon","coordinates":[[[[129.551768,33.506903],[129.555919,33.493964],[129.56076515599716,33.49455006995999],[129.56139797633557,33.49099867095197],[129.56289480200158,33.49480761873666],[129.573416,33.49608],[129.576427,33.488349],[129.56946164056492,33.480167216109145],[129.5668609232428,33.478062720727245],[129.554454,33.473456],[129.539399,33.475165],[129.526866,33.480455],[129.519054,33.478176],[129.51781839677943,33.475976104515524],[129.50981926034177,33.47361896628908],[129.503184,33.4737],[129.50326035790388,33.4739050755133],[129.54895888739165,33.50701722807789],[129.551768,33.506903]]],[[[131.92835255399248,32.77836084551124],[131.92526489342356,32.778702383920205],[131.9283886382251,32.778449842786074],[131.92835255399248,32.77836084551124]]],[[[131.1128658718626,32.33217027423882],[131.06740553094062,32.37587958477508],[131.06666666683327,32.4083333331169],[131.0425838890353,32.40892605289508],[131.01723395478325,32.44362284351945],[131.00776604516693,32.51545172771512],[131.0243262395644,32.52172987153642],[131.02083333299197,32.54999999980021],[131.04097866483357,32.5549760610964],[131.0517422142318,32.587146674079804],[131.10833333371647,32.579166666708375],[131.12147623653914,32.60448845757628],[131.1160237629863,32.63827175553712],[131.13685709597826,32.66036512594985],[131.13814290347227,32.721155124309576],[131.10416666675837,32.787500000224895],[131.1412706160462,32.79680107930642],[131.15487501317136,32.83244594962093],[131.18333333356657,32.85833333311689],[131.18368665921207,32.87671610526411],[131.1583333336165,32.891666666983156],[131.1535993788084,32.91741332996128],[131.16723395448344,32.967678494067286],[131.13333333366643,33.01249999977523],[131.19757554787327,33.07464667400484],[131.27916666640863,33.09583333354158],[131.2711866590372,33.12325778521864],[131.29583333334176,33.15000000039976],[131.2785993785585,33.18824666335286],[131.30416666635858,33.283333333166865],[131.29412129755985,33.299644300244324],[131.20416666655842,33.31250000007498],[131.19502631251441,33.33262769890922],[131.1395833332043,33.345271809846224],[131.08945617636152,33.33390062091695],[131.06163974347942,33.36184014220885],[131.02700636135455,33.363117641765825],[130.99699198449252,33.38344726537906],[130.9824069549171,33.411573621725324],[130.92916666710812,33.45833333371644],[130.8559088815897,33.45035332544569],[130.83369106748887,33.46837819439821],[130.84166666638362,33.47916666670835],[130.83333333336668,33.48749999972529],[130.80491333038594,33.47026604584141],[130.76887715695534,33.48693271187523],[130.72708333312937,33.483802116974175],[130.67425333672213,33.500567287550325],[130.6477895102778,33.49223395453345],[130.61763441289793,33.50872921428186],[130.58333333296696,33.554166666558444],[130.54109937913313,33.525746663577706],[130.53554382348875,33.49223395453345],[130.46666666623378,33.46666666673332],[130.45833333321684,33.42083333289207],[130.4365943064821,33.40063764800908],[130.40590888158965,33.39618665948677],[130.3524244521268,33.4371466741797],[130.31862284306976,33.42443271200011],[130.29583333354162,33.40416666685826],[130.32500000044968,33.36249999997506],[130.2845770941576,33.345159742628084],[130.27854902481772,33.29536421078973],[130.31335093180007,33.213350931600246],[130.33591715495277,33.216658698340325],[130.34954054126308,33.20209520123262],[130.35333862287916,33.14630974659758],[130.3486898320465,33.142328720574234],[130.3402222376245,33.14338417886111],[130.3365844725954,33.15480957020554],[130.32844909541427,33.14485166299994],[130.290443,33.149589],[130.27793334109165,33.16084862270048],[130.27403581400165,33.16986914774304],[130.258914181083,33.17796728015919],[130.258149,33.178656],[130.241396,33.188234],[130.2409143096863,33.18760680406695],[130.23333333366645,33.19166666638358],[130.22935123320258,33.17255083483172],[130.2193310806017,33.15950386506519],[130.21925549035447,33.15943819545602],[130.178233,33.134914],[130.15089,33.111884],[130.127565,33.120937],[130.131946,33.101972],[130.145129,33.084836],[130.160492,33.054104],[130.17604671049918,33.03177221010093],[130.1923709447633,33.000919596162476],[130.22215391895537,32.974210927080684],[130.219147,32.95506],[130.2089355124843,32.952187011807155],[130.20478091810492,32.95308464933714],[130.19080930294518,32.91734507584372],[130.1901773371393,32.916782393811175],[130.18657681196217,32.91484730698203],[130.163596,32.909291],[130.14913,32.896413],[130.105317,32.875922],[130.122315,32.868816],[130.132529,32.855939],[130.153635,32.842457],[130.195002,32.84494],[130.243588,32.875284],[130.30660504272473,32.87628816500566],[130.31023868660077,32.87448643738084],[130.33942,32.856579],[130.372244,32.793402],[130.374848,32.780178],[130.373706,32.738969],[130.354991,32.717231],[130.35215781626783,32.70803066377682],[130.35067020036956,32.70624864375998],[130.35109620240962,32.70458323312696],[130.350936,32.704063],[130.35143849863218,32.70324506167442],[130.356535978933,32.68331699303498],[130.3482313014096,32.67432528942562],[130.31466920412745,32.65541615174979],[130.305578,32.651434],[130.268231,32.650361],[130.259046,32.643866],[130.259939,32.632717],[130.25643446123738,32.628123039689115],[130.23860575395247,32.62424079018035],[130.23794179589459,32.62267021530064],[130.236508,32.622477],[130.231546,32.610014],[130.22377211008407,32.60621932809465],[130.22274256482837,32.605841405752486],[130.198412,32.602978],[130.18148,32.592327],[130.16996156582098,32.59279463668099],[130.16916368572547,32.59775586559736],[130.173054,32.603634],[130.169562,32.619092],[130.155488,32.625654],[130.147049,32.633992],[130.129457,32.641134],[130.128133,32.683871],[130.142223,32.682065],[130.14538204723803,32.68322168437639],[130.14654727503682,32.68269042971963],[130.14907530219566,32.68457396877913],[130.153508,32.686197],[130.190132,32.714106],[130.19532984286687,32.71903650757324],[130.19903581415156,32.72179768901219],[130.1997324272734,32.7232126583947],[130.210314,32.73325],[130.207585,32.752162],[130.18682,32.762065],[130.18408687867895,32.76688603771019],[130.18382887381003,32.770907779673465],[130.190233,32.783482],[130.1826323220807,32.78955945210554],[130.18254123249199,32.79097934322215],[130.18082525233015,32.79100437320036],[130.178427,32.792922],[130.148099,32.795354],[130.14234403078927,32.791565675806346],[130.10899211616328,32.79205216027447],[130.093789,32.79486],[130.064167,32.784811],[130.032412,32.75935],[130.02497026354615,32.75788314015655],[130.01603291848448,32.758976237063735],[129.99339236691898,32.74804654329168],[129.990808,32.746917],[129.9754630235541,32.74514873709841],[129.9620326328656,32.76153030000468],[129.962012,32.761809],[129.96132913623393,32.76238838184261],[129.9612501359851,32.76248474147769],[129.9612260440515,32.76247585132272],[129.958508,32.764782],[129.95036804182115,32.7584691441743],[129.95000000029984,32.75833333331673],[129.95004194569137,32.758216243875864],[129.949326,32.757661],[129.9539939576356,32.74718430802005],[129.95476940791832,32.74501965925401],[129.92995595327955,32.714135355906116],[129.91741672080514,32.703347438933235],[129.91331229024118,32.69341966171599],[129.903444,32.681137],[129.894929,32.662689],[129.86593879815808,32.64609327686575],[129.85020786597082,32.63983796803122],[129.841277,32.639415],[129.832286,32.615805],[129.78583,32.583105],[129.782909,32.573503],[129.77422455635883,32.576347570574306],[129.7740627712799,32.57979702401349],[129.76921072392432,32.57798984045329],[129.763147,32.579976],[129.740351,32.568442],[129.73455436217557,32.579839801256405],[129.76401966747179,32.596861560902376],[129.775197,32.600852],[129.782975,32.607415],[129.794163,32.632314],[129.8088707663705,32.65418577159026],[129.81729702393852,32.65935804623689],[129.81550747638747,32.66674772491093],[129.818084,32.677438],[129.81618746824813,32.68011304632901],[129.81707797606782,32.6803415929902],[129.8137149387935,32.683900621316695],[129.81353757653412,32.68320953737016],[129.81075558646302,32.68179981765324],[129.80784236476686,32.680323598845895],[129.79876895194968,32.68257738749726],[129.796883,32.684506],[129.796923,32.692245],[129.80896,32.694068],[129.81532,32.701798],[129.825954,32.704808],[129.834378,32.694122],[129.845694,32.701274],[129.85906,32.724514],[129.823795,32.721985],[129.82388563507638,32.72870392131992],[129.82929450164,32.73456115707177],[129.82381243351685,32.736378410532524],[129.803722,32.772284],[129.778656,32.791002],[129.771007,32.813951],[129.76374561478573,32.81594570225428],[129.7612874348673,32.82090793195556],[129.7467817515767,32.821100870708676],[129.73956670007934,32.80811392826807],[129.73892468864886,32.80787573336272],[129.73505434979373,32.806439785413026],[129.72137701218628,32.82644405310033],[129.721035,32.827074],[129.72089385150895,32.827150716619386],[129.71666666683325,32.83333333316682],[129.71215557889295,32.831900117264155],[129.69809,32.839545],[129.68857883895782,32.8526576496515],[129.6833543353335,32.862429326587765],[129.674653,32.88052],[129.669688,32.904975],[129.651866,32.922797],[129.65094016657093,32.92305533205758],[129.64732225242005,32.92982211619778],[129.64466688940263,32.924805742604164],[129.63843,32.926546],[129.631129,32.956534],[129.632403,32.979107],[129.646269,32.989563],[129.653519,33.004253],[129.649721,33.017049],[129.651862,33.033558],[129.660658,33.039697],[129.663417,33.069024],[129.681612,33.094092],[129.720198,33.078968],[129.734711,33.060248],[129.734711,33.05761754292145],[129.73292202433197,33.05715840623549],[129.734711,33.055265173140064],[129.734711,33.046617],[129.737966,33.046129],[129.750154,33.057039],[129.755266,33.055216],[129.759665,33.047889],[129.75193092569336,33.03730957472177],[129.75121493891834,33.0380672875753],[129.75052794203464,33.03539043608988],[129.75023965747366,33.03499609219677],[129.74745514727425,33.031187166083164],[129.74674072270625,33.03242594380231],[129.7444591280199,33.02708891714263],[129.738632,33.019118],[129.735784,33.003844],[129.741664,32.991035],[129.751839,32.99594],[129.766328,33.017954],[129.7799527823306,33.01444360914912],[129.80279970547343,33.003287864660244],[129.8173071154858,32.986461959074056],[129.82151387576482,32.9815828971865],[129.82151387576482,32.97745878455976],[129.816009,32.970967],[129.813845,32.961796],[129.814669,32.922655],[129.806677,32.914697],[129.800827,32.923867],[129.795674,32.947794],[129.79441642330042,32.94779558475698],[129.79487779407498,32.95037875747374],[129.79370562958943,32.947796480475944],[129.786945,32.947805],[129.78800219385812,32.935231818195966],[129.78689507344893,32.93279283322272],[129.78837818013338,32.93076022222662],[129.789935,32.912245],[129.79018613721,32.91206770002889],[129.79027777799718,32.90833333301697],[129.79131232390466,32.91041463222956],[129.79067273472188,32.91172416780279],[129.803795,32.90246],[129.80695556347018,32.88828124187932],[129.80585808767174,32.884577617284556],[129.7944,32.874921],[129.80269319344382,32.87011349111858],[129.8027777779721,32.86666666703309],[129.8038123238797,32.86874796534636],[129.8033239825126,32.869747826905986],[129.822834,32.858438],[129.82887026800663,32.853971066139344],[129.82922431135296,32.851008096946146],[129.83433510688477,32.849926998877734],[129.841789,32.844411],[129.84544,32.838308],[129.854885,32.847486],[129.86327440279322,32.85084188255324],[129.86382208931798,32.85009257001616],[129.86435074611532,32.85127243546206],[129.868702,32.853013],[129.883206,32.875693],[129.987878,32.841714],[129.9985471096079,32.84427472604538],[129.9986111115137,32.841666667083075],[129.99964565742118,32.843747965396346],[129.9993001120136,32.84445545648526],[130.003148,32.845379],[129.9502420527787,32.90681106971507],[129.95056728814984,32.90711839479815],[129.94981000297295,32.90731274703454],[129.931224,32.928894],[129.929725,32.957641],[129.939184,32.972323],[129.94278211599578,32.98204278590453],[129.94482693171756,32.983627319445304],[129.9444630077412,32.986583469949544],[129.947602,32.995063],[129.945623,33.015758],[129.915500336322,33.03439326046684],[129.9055594745822,33.04209742831923],[129.881444,33.062763],[129.86462395352464,33.05767788342763],[129.85621100543358,33.05767788342763],[129.84845275862168,33.051512096938616],[129.83407,33.043135],[129.823859,33.043119],[129.822356,33.06268],[129.797515,33.077309],[129.79184397448216,33.072534762101164],[129.7884860568861,33.07982211679729],[129.7899577035115,33.07094677659003],[129.774952,33.058314],[129.761096,33.057063],[129.74648,33.06559],[129.73448279221518,33.098215272384856],[129.73859320877014,33.10045611908378],[129.749197,33.098131],[129.74836527620565,33.10578348791894],[129.75060492607656,33.10700446198638],[129.7467198182502,33.125049288155644],[129.760145,33.129815],[129.758677,33.138941],[129.75362771749616,33.13920990761851],[129.75381232397967,33.139581298737994],[129.75266927126995,33.1419216575585],[129.75273465004844,33.13925746935433],[129.74773,33.139524],[129.73471418807748,33.127850841869325],[129.72710975722737,33.12695094382121],[129.721438,33.145573],[129.722856,33.158404],[129.709764,33.16257],[129.71035272753016,33.15730425451095],[129.70912577323588,33.157265048543195],[129.7110038104365,33.136827902685944],[129.70442179202402,33.112926933008126],[129.6976324348592,33.112655311446105],[129.680747,33.114879],[129.6787842841552,33.11190125417513],[129.6760955810463,33.111793687328884],[129.6663765755938,33.10209947716548],[129.662332,33.126511],[129.67701347387705,33.129643029355684],[129.67777777822198,33.129166666508524],[129.67802623589773,33.12985908398382],[129.683604,33.131049],[129.687022,33.142239],[129.683279,33.15233],[129.674327,33.160224],[129.65853590918607,33.16752124211509],[129.6552686898982,33.17150132912309],[129.65467537335502,33.16930523949596],[129.652843,33.170152],[129.656098,33.184882],[129.65268,33.190253],[129.645518,33.197455],[129.64237693923425,33.19549199434713],[129.64149814212567,33.19650132907316],[129.62740116119977,33.19374248978746],[129.617442,33.194648],[129.600108,33.208319],[129.590099,33.211127],[129.57389246951448,33.211127],[129.5737131755227,33.21239827436091],[129.5627566809767,33.21282134429474],[129.552144,33.225839],[129.563342,33.25549],[129.565342,33.272067],[129.57382,33.276835],[129.580912,33.275084],[129.591498,33.28341],[129.58546857367156,33.298320472024685],[129.59645080586006,33.30307210309513],[129.5844245238154,33.30090235549504],[129.584326,33.301146],[129.571467,33.32064],[129.580413,33.371007],[129.592415,33.381115],[129.620616,33.35928],[129.644379,33.362372],[129.673185,33.398539],[129.679603,33.389673],[129.676873,33.362419],[129.6770063374774,33.36236700197484],[129.6757331003024,33.35915815522475],[129.67977355853827,33.361287860287455],[129.701008,33.353007],[129.70375440699007,33.3537265667772],[129.7077928331728,33.349394904651206],[129.72408834697458,33.35905411936328],[129.744164,33.364314],[129.76052555142124,33.360131143699945],[129.76382887130546,33.357728237668084],[129.76552082956405,33.35885409300272],[129.7668271898259,33.358520119951464],[129.79453563035875,33.35143641364125],[129.79655219143058,33.33853810634861],[129.81735367324777,33.317397812316855],[129.819835,33.304755],[129.827159,33.293891],[129.837901,33.285386],[129.851573,33.280015],[129.841328,33.315977],[129.846295,33.347965],[129.859008,33.367514],[129.871025,33.378178],[129.861863,33.390046],[129.868663,33.397447],[129.816392,33.426102],[129.787257,33.454519],[129.804245,33.481823],[129.81844,33.484212],[129.83546,33.466376],[129.848888,33.44245],[129.862071,33.436998],[129.871349,33.442939],[129.866873,33.456732],[129.843951,33.481217],[129.836835,33.513254],[129.854579,33.532854],[129.853187,33.552502],[129.868789,33.5394],[129.8777772281682,33.53752239805898],[129.8777777778223,33.53749999962531],[129.87778781234255,33.5375201870708],[129.885831,33.53584],[129.910059,33.547205],[129.942149,33.531684],[129.961274,33.512763],[129.95763607285147,33.504273369214495],[129.95543518078898,33.50410783570811],[129.95333216799986,33.49896516003617],[129.945545,33.490855],[129.941209,33.479537],[129.953331,33.473656],[129.962648,33.482607],[129.966902,33.472529],[129.966869,33.463027],[129.9702540181071,33.459497363748405],[129.9702158605736,33.45933295355303],[129.97044538073956,33.45929782552932],[129.975389,33.454143],[129.988946,33.448851],[130.016856,33.445787],[130.028819,33.45067],[130.0303170374889,33.45206100663524],[130.03757459888868,33.45537923166626],[130.03799764611819,33.459192855901364],[130.040212,33.461249],[130.044626,33.485741],[130.055294,33.495226],[130.103845,33.511905],[130.115262,33.508951],[130.12154039478483,33.51325803632392],[130.1273162839194,33.51188235788459],[130.12792618361928,33.517638745949476],[130.129893,33.518988],[130.156423,33.525377],[130.167979,33.534084],[130.174164,33.546861],[130.1560859345624,33.544069519000445],[130.16262190117982,33.557185533285804],[130.11976490554258,33.54655832585901],[130.11967783952397,33.54704598116684],[130.1183163818366,33.55467148280632],[130.12471008280409,33.569915432351365],[130.09683295377783,33.56188235778461],[130.09229024260299,33.568172454950464],[130.093028,33.573432],[130.109141,33.589748],[130.139415,33.594672],[130.1422767745488,33.596635374109255],[130.14382680246501,33.59645097523236],[130.1491328082652,33.601339084643186],[130.156664,33.606506],[130.1563313140771,33.60797064241529],[130.1582604302747,33.60974782310359],[130.15901113199462,33.628594203737734],[130.159548,33.629596],[130.181895,33.629055],[130.197765,33.633612],[130.204763,33.639716],[130.208011,33.665076],[130.2317,33.653306],[130.236501,33.644232],[130.227156,33.634844],[130.231384,33.618846],[130.251475,33.607978],[130.271921,33.611668],[130.27393992318224,33.60691961167114],[130.2664879695442,33.594590929028186],[130.26835913700802,33.59290087263669],[130.265432,33.58858],[130.290294,33.574205],[130.295298,33.579043],[130.301524,33.579657],[130.30752467258228,33.58736518458023],[130.30833333351654,33.58750000042471],[130.30840249154386,33.588492789943],[130.315307,33.597362],[130.33132609151974,33.59732339797331],[130.3455115425237,33.595190599666466],[130.3515701792833,33.59727461475642],[130.35805,33.597259],[130.37304,33.603145],[130.390866,33.604874],[130.399478,33.616111],[130.407501,33.650468],[130.40468645987883,33.65643224343763],[130.4048962062949,33.65747307692101],[130.42929907888947,33.66349453354593],[130.42941741977813,33.68250817201459],[130.36871100530868,33.66184455008596],[130.35735878166471,33.64585389019549],[130.35440601886629,33.644190734077846],[130.35161522074563,33.64261880524902],[130.3243445502609,33.661633301135964],[130.3328708163868,33.66389858347801],[130.345498,33.662472],[130.386485,33.677232],[130.428722,33.71369],[130.444591,33.718207],[130.467674,33.743564],[130.469987,33.762869],[130.46676,33.780353],[130.46558100149826,33.78055337429312],[130.46598036030548,33.782571580314254],[130.45446574068143,33.783472994914206],[130.448009,33.789944],[130.449555,33.802232],[130.472179,33.817532],[130.477794,33.825141],[130.488943,33.855373],[130.497081,33.848131],[130.507579,33.849066],[130.530528,33.861558],[130.548188,33.880764],[130.564708,33.883287],[130.57643607640085,33.88242057390101],[130.5789983111232,33.87849867107684],[130.5949902608917,33.881049860653675],[130.612071,33.879788],[130.633067,33.882473],[130.654063,33.896308],[130.6745095322393,33.921852188506385],[130.68817034681902,33.93503719710853],[130.705251,33.938707],[130.70695529043184,33.93858944280896],[130.7346388074351,33.92931043862592],[130.75824415404452,33.93818054189853],[130.76352505134014,33.924953884314334],[130.7823405424991,33.94423818591489],[130.790495,33.944411],[130.828228,33.939585],[130.821339,33.920287],[130.835869,33.925729],[130.861423,33.925568],[130.880853,33.89594],[130.896983,33.889309],[130.913585,33.891181],[130.926036,33.899075],[130.941417,33.916815],[130.949471,33.938193],[130.976567,33.957367],[131.0008324637615,33.96426076897943],[131.00868200080814,33.96475300052746],[131.018686,33.956262],[131.01531,33.935126],[131.006358,33.922919],[131.004161,33.911078],[130.99703159284994,33.902564223459414],[130.99244215238343,33.89926215282617],[130.99363535264587,33.89850851033109],[130.992929,33.897665],[131.001771,33.887229],[131.00120144877081,33.88330930268889],[130.99134855174304,33.873917483315765],[130.984607,33.87396],[130.990684,33.856827],[130.979747,33.842719],[130.963574,33.833235],[130.961681,33.81623],[130.96681493177533,33.81460019748718],[130.9680345322679,33.811882358184334],[130.9776580886526,33.81115796157546],[130.985511,33.808665],[130.9922640553667,33.81005852262232],[131.0065329012624,33.80898445985735],[131.00626901785463,33.806356797945334],[131.0061557767895,33.80522918163869],[130.9993825272819,33.79656999381024],[131.0052650347101,33.79635947264403],[131.003591,33.77969],[131.00733300145814,33.759404540518986],[131.00354919424,33.75696546788208],[131.00795683564724,33.756022723780674],[131.009776,33.746161],[131.019786,33.726549],[131.02924763304526,33.71291528906676],[131.0298221161978,33.710377672091965],[131.03207664964296,33.70883882633207],[131.050792,33.681871],[131.064464,33.653266],[131.081309,33.634955],[131.09900424180793,33.62621477394986],[131.10208333327932,33.6213021175987],[131.11266127701992,33.625441720161426],[131.119972,33.626339],[131.188699,33.616028],[131.219869,33.607545],[131.22354580568265,33.60728477519557],[131.22842000348044,33.603599378608465],[131.2335955917899,33.606573504638995],[131.25329149817082,33.6051795328525],[131.27591857867958,33.58392062673556],[131.283160913645,33.582924437647584],[131.283834,33.582369],[131.28810745449402,33.58224403691487],[131.34489610477146,33.574432711700354],[131.3530723845588,33.57689918021688],[131.36762,33.574802],[131.39660570048665,33.57878382256151],[131.4291666670082,33.57083333349158],[131.4233343676799,33.58918233393964],[131.43014919757127,33.594704761044376],[131.4491902415514,33.610134754023605],[131.46987338584813,33.621489291697515],[131.47452897735897,33.630668109023546],[131.475637,33.631566],[131.4778321098265,33.63718046077358],[131.4876252057155,33.656488219629175],[131.498557,33.666985],[131.51883579477024,33.67544892599225],[131.52524007117245,33.67579040540295],[131.52500748732805,33.67675241497088],[131.590017,33.68301],[131.627452,33.66767],[131.647227,33.669827],[131.64953230941677,33.669525371800326],[131.65128682422767,33.66676839224755],[131.6590652947263,33.668278069735145],[131.667366,33.667192],[131.68465814729998,33.64704225208687],[131.69126448735966,33.63872207740822],[131.729538,33.580236],[131.737071,33.56037],[131.739919,33.5397],[131.729109,33.512548],[131.737295,33.484608],[131.709282,33.432638],[131.70733758317937,33.41788692076344],[131.70278351058354,33.40832993184529],[131.697436,33.406393],[131.658702,33.422838],[131.6466711634229,33.418738540842284],[131.63837551571748,33.42108357734526],[131.64031907730435,33.41657409305493],[131.64031,33.416571],[131.635427,33.40233],[131.638438,33.386664],[131.634613,33.373969],[131.6249721341914,33.37137159064516],[131.60080023893988,33.3711013795251],[131.60024521003828,33.362246456226416],[131.596234,33.3494],[131.556163,33.346381],[131.532981,33.366113],[131.52775738106467,33.36552400556751],[131.5270833333292,33.366038512967066],[131.52418603164094,33.365121314453724],[131.506029,33.363074],[131.50461377029515,33.3589253255852],[131.49934455061054,33.3572572492227],[131.500867453805,33.34794318797256],[131.498385,33.340666],[131.51038,33.273404],[131.51338568777777,33.27138178972354],[131.51344841860964,33.27099812856085],[131.514296034159,33.2707693136637],[131.528494,33.261217],[131.547862,33.25495],[131.5761793591413,33.2540638312645],[131.58992445235162,33.25035332584537],[131.59567358802838,33.25345377521809],[131.612219,33.252936],[131.654535,33.271625],[131.700043,33.254096],[131.710862,33.270176],[131.721240193816,33.26680648023148],[131.7371036106432,33.24936981196731],[131.76527507711683,33.25303911786462],[131.78145854875737,33.2504772690784],[131.7847408720936,33.245203145009214],[131.79765614746404,33.24791318397306],[131.822174,33.244032],[131.850857,33.252219],[131.87634345389878,33.26442430435431],[131.89097096402077,33.267493625080164],[131.902625,33.266042],[131.88540549143735,33.237985895012315],[131.87927517381024,33.240545654158666],[131.87473360413944,33.22059796612005],[131.871555,33.215419],[131.8718892842656,33.208105015524175],[131.86952935600192,33.19773963170114],[131.864662,33.19307],[131.848744,33.187999],[131.830976,33.169713],[131.83058048095626,33.16814091492029],[131.82557983354252,33.164589097608825],[131.81869179666433,33.14094282971257],[131.809574,33.127649],[131.8142292243709,33.125623054016934],[131.81386786540975,33.12438252773154],[131.81581045077044,33.12493490689078],[131.842621,33.113267],[131.85510087917845,33.12064731771332],[131.87996401958355,33.12889712620293],[131.900401,33.129136],[131.911457,33.124815],[131.88435,33.109355],[131.868938,33.09434],[131.863217,33.082533],[131.880511,33.07504],[131.890859,33.079511],[131.905798,33.077296],[131.915831,33.069162],[131.929217,33.068271],[131.93439681864524,33.09169163087748],[131.93465513514718,33.09203067553308],[131.9375159020772,33.0922254896045],[131.94136602768322,33.09248767756428],[131.9417005749217,33.07636108399686],[131.95501550767904,33.07207463136937],[131.958018,33.067206],[131.976085,33.060248],[131.991466,33.068996],[131.996113,33.091711],[132.0002084728942,33.08512964006654],[132.00502827933167,33.06699761264974],[132.0131923203995,33.06426480321833],[132.013438,33.06387],[132.01131738553187,33.05711722315333],[131.985144245205,33.045796171105216],[131.984009,33.045545],[131.97844938609248,33.04570272605973],[131.93037923181612,33.05007459846399],[131.92239742466705,33.028203183232854],[131.906774,33.011847],[131.903907921725,32.98896606229048],[131.90128105997303,32.992309570530324],[131.89935709625308,32.984248860696425],[131.90326708895196,32.98385006288101],[131.903168,32.983059],[131.934705,32.959507],[131.93706178921894,32.95947053860371],[131.938637118908,32.958068847699224],[131.94002787890773,32.95942465084645],[131.949701,32.959275],[131.959239,32.944525],[131.979177,32.950385],[131.98134339314632,32.949079566961395],[131.98203938830716,32.941713121363534],[131.9863863916221,32.946040738651284],[131.99822,32.93891],[132.00137058966448,32.940282971784875],[132.00113847496073,32.93685709617807],[132.0102825038569,32.938459328444516],[132.013879,32.934393],[132.021831,32.936917],[132.02564898133232,32.941151868714485],[132.03358357722038,32.94254218207607],[132.03240264402916,32.94864296737985],[132.03479,32.951291],[132.0780761269134,32.94377080626632],[132.08375630734,32.93328836284607],[132.064446,32.936215],[132.043714,32.927276],[132.03446667706132,32.925410209747554],[132.0252334592568,32.93243442101175],[132.01909118457553,32.91942413613982],[132.00271017997667,32.90871904576118],[131.98834330220166,32.917129855558414],[131.98704884862548,32.90102098233251],[131.9916476418967,32.899887753460014],[131.982188,32.888902],[131.986664,32.88227],[131.99586,32.878363],[131.99655007347,32.87723021071933],[131.97499999985018,32.85000000009995],[131.95936381029162,32.83718838143869],[131.9619044012458,32.836462962312034],[131.955577,32.827541],[131.968516,32.826117],[131.997813,32.829657],[132.003429,32.824123],[132.00104180024582,32.81937723571396],[131.97928059922037,32.807174682665504],[131.97820631191428,32.798355626789295],[131.9632213555808,32.79296100977492],[131.96150038003861,32.804784138976856],[131.94942950311477,32.793333542534384],[131.94809,32.793402],[131.935111885224,32.78299751137448],[131.90389353475894,32.78581136030607],[131.90314573142513,32.78114907235243],[131.882498,32.783433],[131.88147731376944,32.78115432150395],[131.87916666700812,32.783333333266796],[131.8802618071399,32.778440707137804],[131.873057,32.762356],[131.87126656663625,32.72975324438561],[131.86188252735678,32.73148295127726],[131.86475830661146,32.721856919163976],[131.859386,32.717678],[131.85875091860106,32.71188061146542],[131.84938252738175,32.715693833803414],[131.85790973826,32.704201833165605],[131.85732091102025,32.69882667921806],[131.85102484089893,32.68348289233641],[131.847911,32.68183],[131.833952,32.698665],[131.821938,32.702686],[131.8172640626469,32.69090983480445],[131.81502201592852,32.68834101924226],[131.80064,32.680833],[131.788422,32.662991],[131.7870200668191,32.6618603395797],[131.781965468032,32.671450805310485],[131.77751776157987,32.654196721525615],[131.770763,32.648749],[131.767833,32.64411],[131.770763,32.631741],[131.766856,32.620795],[131.7486359381937,32.59535632618168],[131.7396603058785,32.58811747244346],[131.7083333334167,32.58749999972525],[131.69647623718868,32.568801540358834],[131.68707061172566,32.54364230923599],[131.68214,32.535061],[131.685069,32.522447],[131.695649,32.511461],[131.712657,32.511623],[131.71423499268153,32.51089545118785],[131.71224975592156,32.50504218205111],[131.72396093307202,32.503847680683535],[131.72937354487289,32.498597958383336],[131.72838168686542,32.48801303437409],[131.70123979294073,32.469493204157736],[131.695486,32.468248],[131.66421765952407,32.475756746485864],[131.66334499807328,32.47980957065522],[131.65769042976956,32.477370198276105],[131.65961066117447,32.47571582656681],[131.65750972666385,32.462780556890685],[131.65416666655847,32.46249999997508],[131.6568008865826,32.45841629062645],[131.656629,32.457358],[131.65866974949517,32.45551907897462],[131.66799553806368,32.4410617407068],[131.67172094746388,32.443758633898874],[131.673889,32.441805],[131.689132,32.421737],[131.6848564346183,32.41930949422842],[131.6468115908823,32.407679579049386],[131.6420874250398,32.39803151949625],[131.633474,32.395494],[131.629405,32.386786],[131.621837,32.360297],[131.61952930918258,32.33761807070838],[131.61666666663348,32.33750000022491],[131.61280901426622,32.331688235048105],[131.602794,32.323554],[131.59254,32.303656],[131.5915733682303,32.299695567905204],[131.5878533253707,32.29409111900998],[131.56611842606225,32.22533201494426],[131.562417,32.217916],[131.54821839947098,32.16870466306656],[131.51698257133384,32.06988904276026],[131.48959293809472,31.99405793546492],[131.45362193132746,31.89446838456175],[131.437500000025,31.900000000199896],[131.43267211912303,31.940767076139707],[131.4132042780551,31.950919426490373],[131.40045403362683,31.981249999587874],[131.40377061642084,31.99903225393541],[131.34340888151473,32.025353325595574],[131.26911960148846,32.09964599606593],[131.23924221475647,32.10035332544567],[131.21912265388744,32.12464124849487],[131.1958333335416,32.12499999975023],[131.1907792830375,32.1409583201704],[131.14140218056627,32.16780395468879],[131.14583333364146,32.183333333566566],[131.08945617636152,32.20473395440854],[131.04584655747271,32.25624999993761],[131.1128658718626,32.33217027423882]],[[131.8779917396272,32.78791130875993],[131.87443271220002,32.78454827238494],[131.87916666700812,32.783333333266796],[131.8779917396272,32.78791130875993]],[[129.79583333364155,33.46249999977522],[129.79700826012322,33.45792202428203],[129.8005672875504,33.461285061556396],[129.79583333364155,33.46249999977522]],[[131.49166666688325,33.650000000299826],[131.49284159336491,33.645422023907315],[131.4964006207921,33.648785061181684],[131.49166666688325,33.650000000299826]],[[131.8931152346804,32.80060492647624],[131.89106157073502,32.79427761492002],[131.89637976741244,32.796589830356424],[131.8931152346804,32.80060492647624]],[[130.26221025250118,33.598692830409846],[130.25741831480343,33.600617642190514],[130.26111111098908,33.59583333344165],[130.26221025250118,33.598692830409846]],[[129.566312323455,33.235414632479376],[129.5651692707453,33.23775499129988],[129.5652777775474,33.233333333266785],[129.566312323455,33.235414632479376]],[[129.82887674946244,33.06119283058473],[129.82408515080908,33.063117472393515],[129.82777777792217,33.05833333361653],[129.82887674946244,33.06119283058473]],[[129.98297899048805,32.83958129843825],[129.98183593777833,32.84192165815807],[129.98194444458056,32.837500000124976],[129.98297899048805,32.83958129843825]],[[129.86631232375476,32.739581298638086],[129.86516927104503,32.74192165835791],[129.86527777784727,32.737500000324815],[129.86631232375476,32.739581298638086]],[[129.83297899078786,32.693747965696105],[129.83183593717877,32.69608832451661],[129.83194444488026,32.69166666648351],[129.83297899078786,32.693747965696105]],[[130.32881232372984,33.16041463172991],[130.32766944009268,33.16275499144973],[130.32777777782223,33.158333333416635],[130.32881232372984,33.16041463172991]],[[130.24999999970032,33.19583333334174],[130.25221049012214,33.19640062119174],[130.24999999970032,33.20000000029984],[130.24999999970032,33.19583333334174]],[[131.67881232372986,32.427081299262625],[131.67766927102014,32.42942165808313],[131.67777777782226,32.425000000050034],[131.67881232372986,32.427081299262625]]],[[[129.54969052537567,33.345343979146485],[129.542028,33.335677],[129.5341694501837,33.32906497877525],[129.52587890588688,33.32838897736946],[129.52777765627792,33.32368705562695],[129.527528,33.323477],[129.52800245409028,33.32313038334046],[129.53316611627818,33.310343481161624],[129.52843497991742,33.30551991047604],[129.51181945810163,33.297406344527246],[129.51435147736743,33.29588394483512],[129.514386,33.288012],[129.50440402318984,33.281994763639126],[129.49953477650877,33.282601080875224],[129.50233109893315,33.26689159590939],[129.502478,33.26526],[129.49684243637057,33.2531894551571],[129.44635137577293,33.198369364478296],[129.41984491623225,33.182626332325626],[129.3941050242964,33.173971242956654],[129.376021,33.169719],[129.342501,33.17962],[129.34650540304852,33.198015905861325],[129.35303751656818,33.18747558552991],[129.35270875456422,33.20960108901198],[129.360701,33.198718],[129.3729625369714,33.19096575132306],[129.37330220553247,33.1905258179122],[129.37376623163618,33.190457622455014],[129.384782,33.183493],[129.400157,33.185696],[129.406505,33.194037],[129.396007,33.202582],[129.384665,33.2041],[129.37944492958562,33.211950962067284],[129.37895549589834,33.218904609344136],[129.3794632953159,33.22057235904119],[129.38163976903652,33.227720483404276],[129.39825972368845,33.23903672050617],[129.416769,33.23693],[129.4160260571064,33.23843549085338],[129.42110493954135,33.24478505468659],[129.41229248011393,33.24645097503253],[129.41275526173771,33.2450633926116],[129.408432,33.253824],[129.406411,33.274951],[129.41529378202898,33.28120671954068],[129.42108086469023,33.279894510922986],[129.4323820363846,33.293241161716516],[129.437265,33.29668],[129.43754417973034,33.29933763794436],[129.43818054169867,33.30008917957201],[129.43791276802153,33.30284639636059],[129.442663,33.348066],[129.49513,33.358295],[129.4952033163459,33.35842737549955],[129.49909091521363,33.35895690943386],[129.5020908023408,33.370862997974534],[129.50831,33.382092],[129.515914,33.378395],[129.522916,33.368377],[129.5235584541679,33.36881242199948],[129.52361111066432,33.366666666933156],[129.5246456565718,33.36874796524643],[129.52435162225134,33.369349990047255],[129.53931,33.379488],[129.5377640484348,33.38056833287441],[129.54527655666777,33.38128373845382],[129.53934902613673,33.38810509617332],[129.52913826420914,33.38659615319963],[129.523456,33.390567],[129.525321,33.404927],[129.555684,33.410805],[129.562163,33.366394],[129.555874,33.353145],[129.5529680848097,33.3494789212376],[129.5508419463988,33.34892103387864],[129.54969052537567,33.345343979146485]]],[[[129.80544306272174,33.34864791143859],[129.807465,33.348131],[129.8084349671304,33.34582051499367],[129.805217149452,33.3451905992668],[129.80544306272174,33.34864791143859]]],[[[131.9764470526429,32.84673482524867],[131.97499999985018,32.85000000009995],[131.97968143847584,32.84869567631735],[131.9764470526429,32.84673482524867]]],[[[130.289263,33.681545],[130.294281,33.689239],[130.304966,33.687443],[130.310611,33.672618],[130.31300851765118,33.67124613937079],[130.31609937868348,33.660289509853044],[130.294086092717,33.666833583257734],[130.289263,33.681545]]]]}},{"type":"Feature","properties":{"id":"b-4060040450"},"geometry":{"type":"Polygon","coordinates":[[[130.89943271234984,31.985289510502582],[130.91316121411876,32.04076707593987],[130.9577660452668,32.07695617638649],[130.94519042939487,32.121155124609345],[130.95356038370483,32.139583333204314],[130.94166666708304,32.1541666666584],[130.97916666700814,32.1583333336165],[130.9958333330419,32.22916666650849],[131.05416666685824,32.245833333441624],[131.07987501332127,32.20922071706252],[131.14583333364146,32.183333333566566],[131.14140218056627,32.16780395468879],[131.1907792830375,32.1409583201704],[131.1958333335416,32.12499999975023],[131.21912265388744,32.12464124849487],[131.23924221475647,32.10035332544567],[131.26911960148846,32.09964599606593],[131.34340888151473,32.025353325595574],[131.40377061642084,31.99903225393541],[131.4132042780551,31.950919426490373],[131.43267211912303,31.940767076139707],[131.44223395483323,31.913246663202983],[131.42708333352903,31.895847913950092],[131.37328423398026,31.9045199928035],[131.33578559023283,31.887146674579412],[131.306591118985,31.907980007571325],[131.28009813112396,31.89972008621305],[131.28395080608493,31.870217725767475],[131.25914035354458,31.86179436611718],[131.2410491946647,31.820364210140212],[131.24521586072342,31.780534532642605],[131.26589016390005,31.774280124628092],[131.26158040401253,31.74224955227504],[131.2313771569303,31.713067287525348],[131.1675174288863,31.686649068399845],[131.16249999967533,31.670833333691462],[131.12425333672218,31.675567287600302],[131.10741373735414,31.654870944738377],[131.08447062182177,31.654431321947982],[131.0789021806911,31.642803785766148],[131.12495964896868,31.615136210467767],[131.0833333337664,31.595833332941993],[131.08270975734945,31.6074240787583],[131.05195617643642,31.617233954683286],[131.0230438234138,31.645266045891333],[130.99898817276608,31.641099378933234],[130.88333333326682,31.699999999700253],[130.86609937848357,31.750937228969974],[130.8910000267299,31.775950961567673],[130.8786370168849,31.840725877497277],[130.89222886846756,31.878033277713655],[130.90833333321677,31.88750000022486],[130.86306728812497,31.948043823563637],[130.89943271234984,31.985289510502582]]]}},{"type":"Feature","properties":{"id":"b-4060040460"},"geometry":{"type":"MultiPolygon","coordinates":[[[[130.00503064908705,32.19063623124432],[130.00243156007252,32.19064268137746],[129.9979335853613,32.19065384395619],[129.99526925088455,32.19226424440389],[129.994395,32.199897],[129.9980697312619,32.21293094497687],[130.01221381251753,32.232523939128555],[130.00423344423206,32.234793086717424],[130.009125,32.252143],[129.997325,32.244045],[129.975841,32.245917],[129.97184467800733,32.24400254775433],[129.96599867060218,32.24566480858408],[129.97923394395235,32.26755520121011],[129.996267,32.282172],[130.016612,32.293118],[130.053233,32.296536],[130.064301,32.306789],[130.046153,32.308254],[130.030284,32.313625],[130.0088,32.305894],[129.991466,32.314439],[129.979747,32.332994],[129.975271,32.355414],[129.9764373723388,32.36529233162838],[129.9917873804833,32.38036058187538],[129.9930755510304,32.386590632360544],[129.995453,32.388658],[129.99416081022278,32.391839331434724],[130.00060509554874,32.423006185087445],[130.04595404734152,32.492860582549895],[130.0092734440143,32.532952541926306],[130.00960175130177,32.533049023997286],[130.015473,32.532782],[130.04236888876537,32.51945278093799],[130.0432737564787,32.51608683254136],[130.06053127709686,32.51724650022584],[130.09594047751645,32.53466199669699],[130.139822,32.547675],[130.160492,32.546332],[130.189464,32.521796],[130.198985,32.48017],[130.201508,32.395494],[130.208344,32.373277],[130.20338,32.338853],[130.190684,32.323554],[130.17091590546235,32.31557334931528],[130.16398908832582,32.32982211649755],[130.14517788365242,32.30503336549748],[130.1537533513171,32.30290710351375],[130.14903764762414,32.29419095175061],[130.1402664587536,32.27797894643465],[130.14232211617275,32.282136366300335],[130.12631479888887,32.2792578801471],[130.11597321863127,32.2570839772749],[130.105317,32.252143],[130.10350444438896,32.25026971735695],[130.09615766724266,32.25326198984902],[130.0966671412756,32.25068325492833],[130.1033182604825,32.25007729563026],[130.0946425100696,32.241110876853995],[130.0812520214102,32.22727175940307],[130.07849867037737,32.226900906451704],[130.08022713925337,32.22621254006444],[130.074962,32.220771],[130.036876,32.199774],[130.011976326834,32.190619855439934],[130.01171722397078,32.19628668897957],[130.00503064908705,32.19063623124432]],[[130.02916666710803,32.51666666683326],[130.03374464260128,32.51784159331493],[130.03038160532685,32.52140062164142],[130.02916666710803,32.51666666683326]]],[[[130.296433364425,32.4999156290515],[130.341563,32.51435],[130.363048,32.527086],[130.370942,32.527045],[130.377208,32.522895],[130.383311,32.509426],[130.391775,32.508734],[130.39244180468918,32.50883967769746],[130.39583333334167,32.504166666858225],[130.3989770715762,32.50987541120104],[130.410004,32.511623],[130.440196,32.523993],[130.457042,32.52558],[130.45768948732996,32.52479239492206],[130.44657914652322,32.49932987145999],[130.434825,32.492743],[130.392833,32.397162],[130.37333722503456,32.38299533424098],[130.36639506038375,32.3858506947538],[130.36185213043817,32.37562781131423],[130.358735,32.37995],[130.358653,32.412909],[130.353852,32.42414],[130.34311,32.42182],[130.324474,32.409817],[130.284434,32.407538],[130.2720722286493,32.40403317010011],[130.2635760834695,32.408988783305745],[130.26006292187523,32.40062827154108],[130.241954,32.395494],[130.23500860042483,32.405354592210955],[130.2402777779971,32.400000000099965],[130.24184655087765,32.40408155611897],[130.2318145177732,32.40988932720714],[130.213064,32.43651],[130.213634,32.450426],[130.218598,32.455959],[130.247895,32.464586],[130.2605485140202,32.47703262037137],[130.28658074230748,32.48817545553288],[130.296433364425,32.4999156290515]]],[[[130.644786,31.714748],[130.63990973638164,31.709771715976576],[130.61723395468334,31.69804382316397],[130.6178812629799,31.687291401369198],[130.613048,31.682359],[130.602224,31.638251],[130.567638,31.600735],[130.56757565975107,31.60050163758934],[130.56193271212499,31.59461839472317],[130.56509653694926,31.59122137189443],[130.558442,31.566311],[130.542247,31.541734],[130.529145,31.513251],[130.52218889323373,31.487575373895652],[130.52173784062893,31.487799580486296],[130.52204925767862,31.48705996629419],[130.518077,31.472398],[130.516124,31.453315],[130.520518,31.43244],[130.53021466309613,31.413890129376274],[130.5342597112168,31.40092637844964],[130.5381661268402,31.398678852851553],[130.5463278248777,31.38306539478203],[130.5500570927828,31.37593124600578],[130.5493823582093,31.37546912270193],[130.55380256338748,31.364004708819973],[130.562673,31.334377],[130.57130894411083,31.318599487546983],[130.571939765308,31.316963365467018],[130.57238918873867,31.316625925322704],[130.573497,31.314602],[130.5772055428838,31.313009666963847],[130.61889340055546,31.28170921454166],[130.623682,31.275647],[130.63085056382576,31.274822130057487],[130.66068307343585,31.268648380269955],[130.66188622819266,31.259169561786532],[130.65354902496756,31.246639675680512],[130.65613160393855,31.239625709145653],[130.6528053908876,31.228784824206194],[130.6485608982787,31.214951057308298],[130.64148796969414,31.211257595361815],[130.6458761075719,31.206200713691356],[130.64369103945018,31.199079079650065],[130.6414067603313,31.191634094401685],[130.63640322303146,31.185133015420924],[130.63481924958495,31.18451403263331],[130.63215027187408,31.183471053492976],[130.59616444893027,31.17830522330746],[130.5910313544373,31.1599305239993],[130.5888339947731,31.157774684027366],[130.58744892742337,31.156415787891707],[130.56330634201413,31.175617641640883],[130.52788671284418,31.16602863994582],[130.521739,31.168687],[130.516856,31.175442],[130.516124,31.189521],[130.51177706380216,31.200145931009036],[130.51311764186573,31.203697543506905],[130.49884117957686,31.22488606733816],[130.47299346967293,31.245215691850774],[130.4535000052093,31.248192782551296],[130.451144,31.249388],[130.44443316013184,31.249577493833048],[130.4416666662837,31.249999999700265],[130.43785332587038,31.272575547923225],[130.4461866588873,31.306591118285553],[130.49097866503348,31.334142896877268],[130.50895097490763,31.392473009321975],[130.48811764191566,31.42283986376873],[130.466049024443,31.502160135681777],[130.4458333332418,31.512500000075022],[130.46701999277855,31.597546216784508],[130.46285332582045,31.685047742759195],[130.4458333332418,31.73333333356652],[130.47500000014998,31.72916666660842],[130.48395097495757,31.76049346909838],[130.50346103200104,31.775807020577588],[130.51342637822484,31.824073622199933],[130.5809088812399,31.878813340663214],[130.6149537829907,31.879521518103616],[130.63507554809814,31.92464667450446],[130.66136288079235,31.920568678002155],[130.6843214250938,31.938067287975002],[130.71741332966155,31.924432712299904],[130.73422071711252,31.94095815059825],[130.7958333334417,31.950000000099976],[130.87745700383778,31.928808593941483],[130.90833333321677,31.88750000022486],[130.89222886846756,31.878033277713655],[130.8786370168849,31.840725877497277],[130.8910000267299,31.775950961567673],[130.86609937848357,31.750937228969974],[130.88333333326682,31.699999999700253],[130.99898817276608,31.641099378933234],[131.0230438234138,31.645266045891333],[131.05195617643642,31.617233954683286],[131.08270975734945,31.6074240787583],[131.0833333337664,31.595833332941993],[131.12495964896868,31.615136210467767],[131.0789021806911,31.642803785766148],[131.08447062182177,31.654431321947982],[131.10741373735414,31.654870944738377],[131.12425333672218,31.675567287600302],[131.16249999967533,31.670833333691462],[131.1675174288863,31.686649068399845],[131.2313771569303,31.713067287525348],[131.26158040401253,31.74224955227504],[131.26589016390005,31.774280124628092],[131.24521586072342,31.780534532642605],[131.2410491946647,31.820364210140212],[131.25914035354458,31.86179436611718],[131.28395080608493,31.870217725767475],[131.2853396947712,31.903549024467964],[131.306591118985,31.907980007571325],[131.33578559023283,31.887146674579412],[131.37328423398026,31.9045199928035],[131.45395203942442,31.89538232387229],[131.447276,31.876899],[131.449962,31.85871],[131.447622,31.847435],[131.45473395480826,31.825568379860762],[131.45473395480826,31.822789509927986],[131.4566475077733,31.82092675803366],[131.468042,31.804899],[131.47554457622806,31.802531369610158],[131.49103929628612,31.78744800391965],[131.475271,31.762152],[131.47473047135287,31.759725891569772],[131.4702660451419,31.752951728339667],[131.47171110778103,31.74617378206667],[131.47110184050288,31.74343914720947],[131.46977181063437,31.737469442007825],[131.46965840651035,31.73791130905971],[131.46609937908318,31.734548271785343],[131.4689575554508,31.7338147395685],[131.46590445423539,31.720111202047722],[131.46192016568318,31.713387722265622],[131.4634871028267,31.709261163548263],[131.450531,31.651109],[131.45503846920352,31.622768827115227],[131.41724650042568,31.598031276921972],[131.4169391918139,31.591747287136798],[131.411469,31.586127],[131.4073488905874,31.571301115833244],[131.40084906713082,31.575427924359246],[131.3996668147164,31.560325186533056],[131.39520616136502,31.55453552755057],[131.38295559362575,31.553258938049623],[131.38986772830776,31.545133432927088],[131.385265,31.526923],[131.38758245499173,31.522708948588168],[131.38339233408897,31.50543518058919],[131.39163799842862,31.489051024856465],[131.376231,31.474433],[131.37517911703245,31.46980601596256],[131.3625590010971,31.469564819660775],[131.3676612004041,31.454034254577266],[131.37172108199326,31.454594938855486],[131.36547077900593,31.42710133638876],[131.33684455003606,31.394757249547467],[131.34207416664734,31.384491505416978],[131.338227,31.372626],[131.331309,31.367662],[131.318207,31.375149],[131.325043,31.388129],[131.312039750522,31.386599723089297],[131.31161024341804,31.38770565459231],[131.30728984729438,31.386041099850825],[131.26650903700374,31.381244979336273],[131.26537241983635,31.38139129333699],[131.249848,31.388129],[131.245128,31.395575],[131.243012,31.422268],[131.212657,31.454739],[131.200342,31.457373],[131.178633,31.452429],[131.150645,31.47134],[131.12221711509295,31.46665817353927],[131.11175333674714,31.47140062104188],[131.10520594814656,31.46288478630972],[131.08966366127186,31.456711772588246],[131.0791666668083,31.458333333216785],[131.07017627682202,31.448267216574912],[131.045258,31.427476],[131.028075,31.401786],[131.02765266470914,31.400655528960073],[131.02019042924496,31.392300415032196],[131.02121765401895,31.383430841883143],[131.013611,31.36307],[131.025451,31.354095],[131.083344,31.338446],[131.104015,31.328843],[131.107388,31.317184],[131.104382,31.309449],[131.082986,31.297056],[131.074217,31.282104],[131.092591,31.276051],[131.1240720499304,31.28808792962103],[131.12475416377367,31.288155449814212],[131.13055375172002,31.27833630045254],[131.06040174800373,31.225429444482717],[131.05922691193373,31.225397786971623],[131.032951,31.227524],[131.02078137261947,31.22436182108804],[131.01740349677402,31.224270799757676],[131.0171310979879,31.223413326848906],[131.008159,31.221082],[131.006602,31.199774],[130.99851544689406,31.18646952184869],[130.99101121679428,31.181844245315745],[130.99232676565,31.17628753536841],[130.98653221890027,31.166754002400943],[130.97457207564082,31.16581776977432],[130.98121608118734,31.15800757643621],[130.979991,31.155992],[130.968598,31.14175],[130.95686727895873,31.13316607408509],[130.92182786736225,31.125132581603395],[130.91998087571687,31.11327955480766],[130.9026252255116,31.105544768746633],[130.870681,31.096019],[130.82016091133235,31.087371248257966],[130.81454433835063,31.086844549836144],[130.8098117268696,31.083897723430198],[130.792357,31.077847],[130.773796,31.065483],[130.76896567642433,31.058464361635423],[130.7647249536752,31.055823816594366],[130.75940759335504,31.05463525836147],[130.75898671782767,31.05454118253381],[130.7502458364762,31.05898878330578],[130.73995960896153,31.050288164959404],[130.725428,31.04704],[130.677943,31.00501],[130.67626883968393,31.004859399257455],[130.6716383195528,31.00879855700788],[130.6728377891535,31.004550755722775],[130.657722,31.003191],[130.6581291764198,31.007998175410137],[130.6756554499391,31.037254164148408],[130.6749465944099,31.061239284565374],[130.6631680765299,31.067488056271973],[130.663339,31.069506],[130.688975,31.090155],[130.742686,31.121283],[130.75328729765553,31.15257453049509],[130.76604122582194,31.181246100826968],[130.76394672517344,31.184037641151345],[130.764784,31.186509],[130.753941,31.203883],[130.780369,31.242515],[130.78044995970322,31.24279905966608],[130.7868136935972,31.250839233543843],[130.78683201232838,31.265191480413318],[130.78967,31.275149],[130.796646,31.325346],[130.79644921114533,31.32803935334174],[130.80061764219045,31.338236660293717],[130.78492903666415,31.367707277401504],[130.769542,31.402411],[130.747325,31.435492],[130.7408187201092,31.439020606245776],[130.73240695541676,31.449073622050093],[130.70278341021142,31.46083295657145],[130.692525,31.485572],[130.705333,31.528754],[130.69855076668182,31.54059408763481],[130.70016818551346,31.54845513199882],[130.68730535762586,31.547132184559217],[130.636892,31.555243],[130.60232878059503,31.571540775645698],[130.5930650566878,31.588454840823534],[130.613893,31.612066],[130.637878,31.622595],[130.662283,31.617865],[130.687836,31.619452],[130.70334959338166,31.616169715302558],[130.71837423867927,31.603676470072354],[130.7193162279085,31.60216628283713],[130.72012654761346,31.6008671867998],[130.71604902484273,31.568034532167985],[130.7296357898599,31.557715691226235],[130.7401257707146,31.55955206904649],[130.749034,31.559719],[130.75463416204946,31.56209191048415],[130.76049346909838,31.563117641765814],[130.78741573754633,31.588929918381098],[130.78617694738065,31.59368354456317],[130.799001,31.611721],[130.80700264957113,31.63946717259794],[130.82145097518242,31.658802456068543],[130.80506523455796,31.683911194614698],[130.804535,31.687242],[130.80100996348554,31.69012530134476],[130.79502631331377,31.699294365542585],[130.7891883369664,31.69979479313588],[130.776378,31.710273],[130.737965,31.708439],[130.72832512033025,31.711612497627367],[130.728315735283,31.711649068349857],[130.7175175988582,31.717517598858137],[130.71575741247466,31.724376424132743],[130.6865627712549,31.73390062141658],[130.6543784338796,31.717254912615697],[130.644786,31.714748]],[[130.63714565704652,31.21041463202971],[130.63600277340936,31.212754991749534],[130.63611111113892,31.20833333371644],[130.63714565704652,31.21041463202971]]]]}},{"type":"Feature","properties":{"id":"b-4060040710"},"geometry":{"type":"MultiPolygon","coordinates":[[[[132.543224,32.708441],[132.5403826759984,32.73002552605361],[132.54077736128585,32.735530108303955],[132.548595,32.7508],[132.568614,32.734361],[132.570811,32.717271],[132.563243,32.709947],[132.55705305179035,32.70737081552068],[132.54920274094354,32.704581647858824],[132.543224,32.708441]]],[[[132.6279144288079,32.75358683296599],[132.6270321116319,32.75378697785871],[132.6269565348384,32.753990552008496],[132.62576994801324,32.75718675011177],[132.62916666640854,32.75833333331673],[132.6279144288079,32.75358683296599]]],[[[133.9952157191338,34.35755748209161],[134.011974,34.348822],[134.046153,34.355048],[134.081309,34.347724],[134.100759,34.376166],[134.116873,34.3605],[134.122813,34.366604],[134.127452,34.389797],[134.143565,34.391791],[134.153005,34.385728],[134.158214,34.374945],[134.161632,34.362494],[134.161632,34.334906],[134.16381459468582,34.330176574257784],[134.1637149390932,34.328599378958245],[134.16444338559864,34.32881405837289],[134.16627,34.324856],[134.182628,34.32095],[134.19044,34.325385],[134.216807,34.355048],[134.22175843726774,34.35168950261622],[134.2306147254892,34.341023763036276],[134.23390326026652,34.34345182251199],[134.237804,34.340806],[134.260427,34.334418],[134.26578780259652,34.328795199567786],[134.24935726602507,34.30448845777613],[134.26538560676045,34.28324483248309],[134.2672978573597,34.289596352205194],[134.27687885126903,34.28496540358368],[134.28107545242344,34.28293698727167],[134.2871782088074,34.27852376316122],[134.28897570325347,34.27911842146971],[134.296886,34.275295],[134.321788,34.268948],[134.343516,34.250637],[134.357677,34.246405],[134.396658,34.249457],[134.415701,34.224189],[134.4214742971692,34.22038907366575],[134.4228649567524,34.2173095698808],[134.43009229797053,34.21471679191169],[134.439767,34.208349],[134.448601100218,34.20807683770814],[134.4496782093819,34.20769042936985],[134.45048252526138,34.20801887448165],[134.468623,34.20746],[134.495243,34.224235],[134.560883,34.221422],[134.594249,34.232123],[134.607145,34.250845],[134.611094,34.239414],[134.600482,34.228194],[134.594044,34.213812],[134.610349,34.216027],[134.627896,34.233082],[134.6460747707223,34.23899309435344],[134.63689150524945,34.220938957731754],[134.627176,34.209674],[134.627208,34.187934],[134.607758,34.184312],[134.628266,34.177924],[134.64066606141364,34.179125163440126],[134.64169321788762,34.178649928279015],[134.623696,34.150772],[134.620463,34.140253],[134.6207795537108,34.139445781061845],[134.60353647872557,34.11289638905714],[134.60503950842624,34.10442089717921],[134.604591918454,34.08513214859137],[134.55833333311693,34.095833333341716],[134.6064931908582,34.06678143216498],[134.601817,34.063707],[134.5991073287733,34.05641448221587],[134.59556596549703,34.05321824772403],[134.59607090848502,34.048242587140884],[134.595225,34.045966],[134.594574,34.029771],[134.599783,34.009467],[134.6000501133266,34.009031877905386],[134.60089959004415,34.00066121444354],[134.62406277147977,33.991099378733395],[134.62272933228743,33.997513324751324],[134.624251,33.997581],[134.626591,34.00814],[134.637016,34.010666],[134.662916,33.968869],[134.695963,33.951893],[134.690232,33.942397],[134.702571,33.937267],[134.7028024344654,33.9148243659481],[134.69099231823108,33.89597403433215],[134.690714,33.895734],[134.69046553400665,33.8951332248834],[134.68419392138193,33.88512299506036],[134.662364,33.875881],[134.646251,33.853095],[134.660818,33.846381],[134.717052,33.847968],[134.717052,33.84320841434633],[134.71343765673416,33.84080103250432],[134.689789,33.834906],[134.689789,33.82807],[134.740046,33.840283],[134.751231,33.834906],[134.664654,33.798487],[134.651866,33.786444],[134.6168,33.782602],[134.61209293629,33.77396873915431],[134.60179364541068,33.76562963710648],[134.59604323805695,33.765255205169986],[134.58608025526854,33.764606475661054],[134.5845180936352,33.76643507182115],[134.5837483497667,33.764454636001865],[134.579377,33.76417],[134.570661,33.736449],[134.5522035303957,33.73344889158966],[134.55032179101795,33.7339760678413],[134.54938396953338,33.73299059538559],[134.546378,33.732502],[134.5434755923251,33.72678201188383],[134.52888295029376,33.71144791364177],[134.4698850046433,33.678050161119984],[134.45809562147306,33.6713763880392],[134.4565812333136,33.670704102134884],[134.404022,33.654478],[134.376175,33.635657],[134.38299304054584,33.62907121214085],[134.38727051689347,33.62238981112207],[134.36377,33.600755],[134.360524,33.588709],[134.352967,33.581631],[134.339453,33.577067],[134.32626,33.580128],[134.31680467825626,33.57494769074678],[134.3124999996753,33.575000000449734],[134.31323822712153,33.572993730816584],[134.312348,33.572506],[134.31546,33.555138],[134.313701,33.543079],[134.296712,33.531363],[134.2955895110163,33.530247578203486],[134.28753390866302,33.52780558226186],[134.28963965604694,33.52433518350279],[134.273205,33.508004],[134.244634,33.46075],[134.23448928358715,33.43239803653512],[134.21728430862402,33.40632680244005],[134.1789905122024,33.24274020769445],[134.15964139945388,33.26669533195808],[134.15797,33.269721],[134.141764,33.291793],[134.1396420783054,33.29145544522667],[134.1367160376151,33.295078023132305],[134.10632692674886,33.295552832192364],[134.10796,33.314923],[134.10050333002357,33.32135070440494],[134.0990736219502,33.3282402888583],[134.07575164455258,33.34381178846712],[134.04005,33.384101],[134.025536,33.4154],[134.02384867214823,33.41600318812998],[133.9519665993768,33.450325864714536],[133.942148,33.458879],[133.93964706480057,33.46401785132702],[133.9324137371043,33.48679572174524],[133.92803256754053,33.487882993722764],[133.925205,33.493693],[133.89269014673616,33.49665389911661],[133.831326972262,33.51188235788459],[133.79991348754638,33.51188235788459],[133.763052,33.519784],[133.739397,33.537507],[133.672148,33.528902],[133.607733,33.515825],[133.60764404103392,33.515757942858826],[133.58507554759854,33.51214667402985],[133.58049630929207,33.498535334203666],[133.465909,33.454324],[133.4641184507005,33.45161974053672],[133.4454125299643,33.44494035551304],[133.45569673043954,33.438900450026786],[133.450369,33.430854],[133.45508747796237,33.41470520910929],[133.40801154269855,33.39519059916688],[133.3470831980312,33.39998474110297],[133.3274257427945,33.35315738826947],[133.32309,33.351304],[133.32602,33.368801],[133.3202340119057,33.3716597148608],[133.32062310107528,33.371753607443054],[133.3200046112239,33.37944997133917],[133.2972812225504,33.37019059921681],[133.283333332967,33.38333333296697],[133.2622324624582,33.36571807822679],[133.26556301085935,33.341553771050485],[133.26237139988496,33.33710822825109],[133.23688252730688,33.32731628401933],[133.25611574999178,33.3184998537918],[133.25673981779755,33.31537935499135],[133.2583045235162,33.30755542580781],[133.2564070292861,33.30290966349455],[133.251964,33.294745],[133.25259289234972,33.29357125637033],[133.2466067841758,33.27891506647717],[133.25915269743962,33.28132825573729],[133.26048414247148,33.27884329129935],[133.26539563011772,33.2696766551664],[133.26733466266467,33.25886230455177],[133.25481635159338,33.24374999976271],[133.25626049821597,33.23232737410526],[133.253266,33.219062],[133.2505204476427,33.21609839417208],[133.23760172503967,33.205453660957744],[133.23858076536746,33.204087193075125],[133.2292794605275,33.19745034908256],[133.22086562115686,33.191446746336254],[133.21599867040243,33.190564643443565],[133.21732782278352,33.18892238913206],[133.21534,33.187504],[133.217947,33.165839],[133.225434,33.159084],[133.209761,33.151042],[133.20549910147923,33.15937158394438],[133.2030646432188,33.16733466216499],[133.1957204691396,33.16303349838658],[133.190149,33.163316],[133.18234232541943,33.15519850066308],[133.17166069868233,33.14894273581865],[133.16636802419836,33.13858817853021],[133.165033,33.1372],[133.13312608302954,33.090119558372095],[133.1174940318242,33.082276068985436],[133.11278813119793,33.06629228956812],[133.097116,33.048111],[133.097764,33.023467],[133.09431103785658,33.02163618796087],[133.07481570912552,33.02749232852044],[133.052848,33.039499],[133.04561642592256,33.03626340948213],[133.04372355180055,33.03683200399382],[133.0411618797568,33.034270332016426],[133.018259,33.024023],[133.001702,32.986957],[132.9965616045244,32.96018378366919],[132.99516533781014,32.95850185777459],[132.99588921288947,32.95668170162377],[132.994413,32.948993],[133.009288,32.903469],[133.002452,32.86933],[132.989905,32.862576],[132.961059,32.864101],[132.95808647973854,32.85837939724171],[132.95416666665835,32.85833333311689],[132.95562716912835,32.85364563695312],[132.955099,32.852629],[132.957899,32.835426],[132.95675467871368,32.825595325761995],[132.95353630935324,32.823592461323074],[132.9560491381867,32.81953414419932],[132.955477,32.814619],[132.96085408051644,32.81177397387822],[132.96765950558176,32.80078294547661],[132.97455933972412,32.79885969307174],[132.976736,32.795152],[133.00408,32.772284],[133.017345,32.75788],[133.02231921074812,32.74903712036985],[133.02406277108014,32.72020297608651],[132.97708847635016,32.72425544743865],[132.976573,32.724514],[132.9661675548429,32.74245609198314],[132.9654676653006,32.749129231728716],[132.9574324506359,32.75751801781123],[132.956798,32.758612],[132.95564242070427,32.759386813954734],[132.93609246179778,32.77979702451313],[132.92370883811398,32.775274933355945],[132.92351938139683,32.77533414251265],[132.91909856852828,32.776715738297874],[132.90872972249872,32.78813035753001],[132.90275912793152,32.77853630900353],[132.88405422672122,32.786689588753575],[132.88261345794479,32.76749030233566],[132.87433310141918,32.764665883879815],[132.872081,32.768744],[132.86692380021762,32.769066513590836],[132.86472371392836,32.78396369057191],[132.8561859128497,32.78270297596163],[132.8003962197098,32.74520297603658],[132.76874423585787,32.75775349902483],[132.7570044561512,32.75284906872226],[132.74701372567299,32.76088397167388],[132.74418834402238,32.7631562446987],[132.7194256252924,32.792297024488164],[132.71161071548482,32.78935633930279],[132.711401,32.789525],[132.664643,32.778868],[132.6439785525447,32.763906922161716],[132.62916666640854,32.75833333331673],[132.6214092026394,32.76893288263013],[132.619903,32.77299],[132.62009334760123,32.7744423182263],[132.63333333336675,32.77500000024986],[132.62607354086128,32.799824015466015],[132.6672843081244,32.84303453231786],[132.66017156093764,32.85161967175157],[132.663007,32.856808],[132.68647883389056,32.87927604554844],[132.69988606778782,32.8886586505763],[132.70347312816114,32.89554356769922],[132.705167,32.897165],[132.70658567721767,32.90151771925095],[132.71183878623106,32.911600409931],[132.6986466296206,32.909117731102754],[132.6946986117446,32.909007956374126],[132.6901370545987,32.90888112217186],[132.67869754395656,32.92145080571015],[132.64970041903916,32.913404337540214],[132.6533935542692,32.92424350283545],[132.64119754403146,32.92561747266831],[132.6042858410463,32.91509113283487],[132.58078316110723,32.928734162594004],[132.56875661182823,32.945276557267334],[132.5577156917259,32.93849962066099],[132.5713975690427,32.93650817900931],[132.57098134332108,32.93316194101011],[132.55893,32.936754],[132.56999228776598,32.925210449524016],[132.56992882595466,32.924700249616876],[132.5116112599518,32.94645080566022],[132.52924627862694,32.930648404867576],[132.524181,32.930243],[132.52321845212464,32.927309594516196],[132.50833333361652,32.920833332992004],[132.52003509128343,32.91760816730654],[132.517345,32.90941],[132.52224554671218,32.906162166071816],[132.51713578988483,32.89938252728189],[132.49776956746211,32.8961199090984],[132.490489,32.90119],[132.472272,32.933672],[132.49349776048277,32.94855158281833],[132.50061764149098,32.95136786603422],[132.49026682356433,32.956248072456575],[132.482919,32.970501],[132.501475,32.993232],[132.50029258478085,32.995103592121744],[132.50061764149098,32.9953640405181],[132.49924468969073,33.00754937040716],[132.4918064077947,33.00853598180486],[132.48344687776282,33.021767907693224],[132.48228742842218,33.04618258985471],[132.47307360866228,33.03818729101201],[132.471495,33.040686],[132.46089844980344,33.04172373449286],[132.45388387044432,33.0449059383584],[132.454427236647,33.04235746914976],[132.441137,33.043659],[132.419704,33.051922],[132.4188689941723,33.05063965406533],[132.41323140500538,33.05332607663718],[132.40452520192878,33.02861142017649],[132.3967,33.016594],[132.38308896085613,33.019625973679766],[132.38250506960208,33.019916862161715],[132.38841906044055,33.02782720182515],[132.3950578475417,33.029904513682425],[132.39352424760793,33.03465571503088],[132.400446,33.043914],[132.4002228215717,33.04479712474956],[132.40478430864903,33.04720119887628],[132.39796842018796,33.059116592843026],[132.407922,33.069329],[132.42480839841875,33.06300467616154],[132.43016628664486,33.05771586089833],[132.4366068815,33.058585887385014],[132.451834,33.052883],[132.471528,33.055609],[132.483165,33.067694],[132.47541841005688,33.067694],[132.47826182012693,33.0746754963771],[132.4756832542788,33.074166192316],[132.47509359635953,33.067694],[132.47099510585412,33.067694],[132.46559142854758,33.074634042303394],[132.468761,33.082343],[132.469005,33.095771],[132.4666454148665,33.099417118147926],[132.47125549344628,33.106951904706705],[132.4572637005496,33.114895],[132.475841,33.114895],[132.487559,33.125474],[132.48958225102905,33.1313152051112],[132.49506852858974,33.1324974909665],[132.49004188560232,33.13264218815982],[132.490082,33.132758],[132.479503,33.135972],[132.450206,33.136664],[132.440684,33.142279],[132.435395,33.155829],[132.4379970335177,33.16799834437558],[132.43885153247615,33.168433520022816],[132.458607,33.173706],[132.449247,33.185075],[132.4424424040445,33.1888251605397],[132.42788357166955,33.20426194952938],[132.40913850523788,33.188496378253774],[132.398647,33.187184],[132.394676,33.203895],[132.420124,33.209824],[132.459659,33.204012],[132.461201,33.191403],[132.462885466807,33.19038998882454],[132.4632007173393,33.18423444956028],[132.4709538471979,33.185537794961306],[132.477821,33.181408],[132.485702,33.169153],[132.505077,33.181235],[132.50475064706862,33.1836077363105],[132.50694444403098,33.183333333366704],[132.50432087557667,33.18673237324815],[132.50267,33.198735],[132.513767,33.213343],[132.536172,33.217566],[132.5467345616798,33.22565512716573],[132.5470082600233,33.224588690815494],[132.55056728745046,33.227951728089806],[132.54690026204753,33.228892846106],[132.54622595744806,33.22980951454331],[132.54536961374174,33.23097365200829],[132.54493374259823,33.2326721193229],[132.54406325916327,33.23274954677596],[132.536829,33.242584],[132.524492,33.249982],[132.541394,33.262558],[132.5267239860491,33.26295504071283],[132.52636786578444,33.263117641965664],[132.52632446845823,33.26296585356888],[132.524213,33.263023],[132.51636352776708,33.26058890770804],[132.50426242685907,33.26374933419852],[132.50258,33.266609],[132.484571,33.276526],[132.4847304901049,33.29044734665815],[132.48615937224406,33.29176226405054],[132.504788,33.303811],[132.52228,33.307621],[132.52288272849822,33.30889577982371],[132.523043823114,33.30890062096694],[132.52293101925034,33.308997915489556],[132.52561,33.314664],[132.51595680081394,33.3150132524779],[132.5145833331544,33.31619788282609],[132.51314883913395,33.31511484445333],[132.486804,33.316068],[132.46718853175125,33.3126227986124],[132.4303895739198,33.316891479558194],[132.4234978770809,33.304949104454984],[132.420121,33.304356],[132.378673,33.319485],[132.384125,33.330878],[132.391368,33.334866],[132.407888,33.336249],[132.415538,33.341457],[132.421153,33.375556],[132.402354,33.362616],[132.40120336125406,33.363830661314836],[132.4039208308817,33.37148878318084],[132.39705946718817,33.368205125352645],[132.390636,33.374986],[132.3911027893761,33.39689927421606],[132.39160783593297,33.397101847372426],[132.39112304176112,33.397850015790056],[132.391124,33.397895],[132.408051,33.416571],[132.408051,33.423407],[132.394379,33.423407],[132.398204,33.431342],[132.4021101715897,33.43548881437742],[132.40575535795875,33.438296248765646],[132.421153,33.444485],[132.4081827072083,33.451471121889796],[132.40290612132048,33.458279927476724],[132.39517284697723,33.45847855578534],[132.385972179238,33.463434263981455],[132.38478190066428,33.47143842904035],[132.3827476910889,33.46517105339736],[132.381114,33.466051],[132.3659480862507,33.46650949084778],[132.35565575450948,33.47982211599793],[132.32586212163972,33.47011617022514],[132.319430018861,33.45886334277991],[132.307804,33.46429],[132.30610900021804,33.46330443112821],[132.30148908855062,33.471488782981],[132.2862430816972,33.45175326096768],[132.278586,33.447301],[132.253607,33.440709],[132.20881701024538,33.4202610005348],[132.18537767224188,33.41184455058561],[132.1825953110843,33.40828999332181],[132.179739,33.406986],[132.149985,33.389167],[132.13207663827365,33.36544270667237],[132.12530770923541,33.363755498886235],[132.114137,33.364151],[132.101568,33.370134],[132.10580004280266,33.378180118041634],[132.11732211672233,33.38651394276428],[132.10392083058196,33.38815545011397],[132.02009047396868,33.34637876644621],[132.0181017050907,33.34692225861015],[132.10197826544064,33.41063298110481],[132.135488,33.420023],[132.153248,33.415429],[132.15326615075907,33.41543550284173],[132.1587643092256,33.41184455058561],[132.16661326109318,33.41792721237101],[132.16470784042158,33.419534697630034],[132.166576,33.420204],[132.157086,33.428842],[132.15528,33.437046],[132.16241489367494,33.44086348594358],[132.1733812116737,33.42947031660191],[132.17078018323457,33.44533928849407],[132.171331,33.445634],[132.17794500451367,33.44781478865945],[132.19039815285248,33.44589216469171],[132.19677361744112,33.45402301326234],[132.199767,33.45501],[132.20536065728882,33.454761100715736],[132.2145821466488,33.446454535948135],[132.2439352004513,33.46450786617837],[132.25170019829685,33.46434508884015],[132.25983683240395,33.45674997922822],[132.25887789991765,33.46419462296911],[132.264632,33.464074],[132.293746,33.48538],[132.412364,33.53498],[132.428477,33.547593],[132.441661,33.572943],[132.47047,33.602118],[132.500612,33.624998],[132.601736,33.660386],[132.618489,33.674289],[132.645475,33.689588],[132.676606,33.715644],[132.697113,33.756741],[132.695567,33.786444],[132.690083,33.813905],[132.69710002025943,33.842444093839354],[132.70352393248356,33.856198459291534],[132.7017208691135,33.86123766065083],[132.71237,33.904549],[132.754937,33.91032],[132.75604843410366,33.9210795908431],[132.7631481544725,33.94286031693077],[132.772472,33.955878],[132.77013403173245,33.99206007442979],[132.77147606776634,33.99438544393314],[132.76994080077887,33.99505049001512],[132.769862,33.99627],[132.847186,34.039964],[132.862359,34.055894],[132.90573559640342,34.065457320015504],[132.9152187771249,34.06602376268654],[132.91556335101535,34.06762406360953],[132.91911,34.068406],[132.922521,34.084839],[132.930338,34.094376],[132.926158,34.111668],[132.895364,34.113214],[132.8968950369762,34.120023387300435],[132.9214670814407,34.12019042954472],[132.92185471246967,34.12050241300036],[132.928775,34.119874],[132.93685859477753,34.13257823433772],[132.94433898349396,34.13859879860368],[132.954033,34.125393],[132.976573,34.108588],[133.031849,34.052734],[133.077294,33.959733],[133.0866,33.949313],[133.127011,33.933291],[133.129619542059,33.933059194353156],[133.12993130138852,33.930002509208464],[133.15416666625867,33.92083333369146],[133.1503590904997,33.9316245183569],[133.1535375043699,33.93386518309076],[133.173292,33.940584],[133.24368,33.956257],[133.2484236261183,33.97256104571887],[133.24920679847102,33.97421012343837],[133.25869149189828,33.977092122289655],[133.26355048276866,33.970190429844536],[133.2655698167661,33.97918215551212],[133.279046,33.983277],[133.299823,33.981025],[133.322608,33.990553],[133.33773123819847,33.9900472171004],[133.35758666978904,33.98276604571652],[133.35874262110306,33.98316907402381],[133.359948,33.98271],[133.414806,33.985745],[133.438243,33.981879],[133.486339,33.966742],[133.510997,33.965237],[133.532074,33.970933],[133.548595,33.980943],[133.58725,34.020331],[133.62086,34.045559],[133.633962,34.060777],[133.641287,34.079169],[133.648123,34.124661],[133.646007,34.167385],[133.6431799676602,34.17737369321291],[133.64522705068794,34.18541666664589],[133.63773282264856,34.18905313250197],[133.6251280332489,34.20546389772942],[133.62787272164883,34.21245354559471],[133.6185685668606,34.212800319123176],[133.60834285604417,34.219288763956335],[133.60394727934352,34.23241441479348],[133.57215023354786,34.24233028623575],[133.56842436137325,34.246960316956915],[133.5599878640581,34.25881064398279],[133.609223,34.238959],[133.637543,34.233588],[133.65447,34.238959],[133.672618,34.223131],[133.701427,34.231269],[133.781993,34.288275],[133.843598,34.312242],[133.874197,34.328315],[133.899669,34.364163],[133.937022,34.375067],[133.956228,34.373969],[133.970876,34.364651],[133.989024,34.360785],[133.99211780823464,34.359172310330685],[133.99307420521052,34.357702975511984],[133.9952157191338,34.35755748209161]],[[132.63450825984842,32.77042202385735],[132.63806728817485,32.77378506113172],[132.63333333336675,32.77500000024986],[132.63450825984842,32.77042202385735]],[[132.4994201663077,32.91782463939563],[132.50708109511652,32.91608683264127],[132.50833333361652,32.920833332992004],[132.4994201663077,32.91782463939563]],[[133.2458333330419,33.29583333314184],[133.24465840656023,33.300411309534354],[133.24109937913306,33.297048272259985],[133.2458333330419,33.29583333314184]],[[132.49953341973162,32.98497450117236],[132.50277777797214,32.98333333376638],[132.50266944024258,32.98775499090016],[132.49953341973162,32.98497450117236]],[[132.71620008716434,32.89747450044791],[132.7194444445056,32.895833333041935],[132.71933610677593,32.90025499107503],[132.71620008716434,32.89747450044791]],[[133.4078667536478,33.43914133720301],[133.41111111098905,33.43749999982521],[133.41100260418693,33.4419216578583],[133.4078667536478,33.43914133720301]],[[133.42453342058093,33.43497467024491],[133.4277777779222,33.43333333376637],[133.42766927112007,33.437754990900146],[133.42453342058093,33.43497467024491]],[[133.37856174043202,33.4234444515003],[133.3819444440809,33.42083333289207],[133.38061523440558,33.429771762157145],[133.37856174043202,33.4234444515003]],[[133.3620334198065,33.41830800331178],[133.36527777804713,33.41666666683324],[133.3651692712449,33.42108832486633],[133.3620334198065,33.41830800331178]],[[134.64536675387262,33.86830800331177],[134.64861111121388,33.86666666683328],[134.64850277348432,33.87108832486638],[134.64536675387262,33.86830800331177]],[[134.64536675387262,33.847474670319855],[134.64861111121388,33.84583333294199],[134.64850277348432,33.85025499097509],[134.64536675387262,33.847474670319855]],[[134.37036675352294,33.6266413368283],[134.3736111108641,33.625000000349814],[134.3735027740339,33.62942165838285],[134.37036675352294,33.6266413368283]],[[133.6328667531982,34.1974745005478],[133.6361111114387,34.19583333314188],[133.6360026037372,34.20025499117497],[133.6328667531982,34.1974745005478]],[[132.5283852474812,32.97014363562033],[132.51666666663345,32.97083333289203],[132.52871687158643,32.96747775639341],[132.5283852474812,32.97014363562033]],[[132.50865766781715,32.97409532324065],[132.5091671409508,32.97151658831996],[132.51666666663345,32.97083333289203],[132.50865766781715,32.97409532324065]]],[[[132.643891,34.01142],[132.642751,33.989936],[132.63502,33.97484],[132.6349884022649,33.97428412420324],[132.63267788317785,33.973924085827946],[132.63496803861224,33.9739258813859],[132.634451,33.96483],[132.620291,33.953803],[132.61708339080343,33.953172042578345],[132.61327497675882,33.953415256109224],[132.61219926148325,33.952211302832936],[132.600434,33.949897],[132.589122,33.956448],[132.586925,33.969672],[132.596365,33.980943],[132.624522,33.999091],[132.63778397182267,34.01087924445404],[132.64172491903565,34.013690822097004],[132.643891,34.01142]]]]}},{"type":"Feature","properties":{"id":"b-4060041290"},"geometry":{"type":"Polygon","coordinates":[[[134.720814,34.329789],[134.798956,34.446794],[134.850434,34.475735],[134.883831,34.529489],[134.93811,34.550906],[134.981333,34.602402],[135.002682,34.608423],[135.01312942873062,34.60128492119256],[135.02702198832336,34.57569503954706],[135.003277,34.551575],[134.99178454568357,34.52406241509773],[134.96987040610077,34.495057466423376],[134.956301,34.484877],[134.902973,34.419006],[134.90051983769231,34.40326697336636],[134.89520297603656,34.39622972242381],[134.89749408512768,34.383854315650055],[134.895763,34.372748],[134.899675,34.349036],[134.90452147240995,34.3458959414672],[134.90515950530698,34.34244961206002],[134.91747399238392,34.32909090407669],[134.91747399238392,34.329090904076686],[134.918613,34.320394],[134.926183,34.308495],[134.95045,34.28734],[134.95231727318753,34.28327621632276],[134.9495334202312,34.280807834314146],[134.95277777757246,34.279166666908225],[134.95269722160182,34.28244932705208],[134.9579340165414,34.271052386348146],[134.95728755192562,34.26999359389179],[134.937984,34.262755],[134.90947,34.25718],[134.884906,34.244481],[134.833858,34.22661],[134.80005,34.200754],[134.751875,34.191955],[134.72968693299265,34.19098323191312],[134.7284612016232,34.20731777639429],[134.7270569396144,34.20800118549969],[134.72687,34.20997],[134.702163,34.221199],[134.71925563803154,34.245928841132674],[134.71944444410587,34.24583333304196],[134.71943572029878,34.246189386395],[134.723888,34.252631],[134.688114,34.24358],[134.666515,34.26553],[134.657169,34.288204],[134.669635,34.302065],[134.68326,34.328226],[134.705156,34.323168],[134.71290732936896,34.326445656900745],[134.7156531442772,34.3257127548398],[134.71729737237604,34.32830199070774],[134.720814,34.329789]]]}},{"type":"Feature","properties":{"id":"b-4060041320"},"geometry":{"type":"MultiPolygon","coordinates":[[[[132.0582091115258,33.77829815653965],[132.055919,33.777167],[132.04899904000635,33.77674183598584],[132.04705335842584,33.77978413882698],[132.0582091115258,33.77829815653965]]],[[[132.21341162774445,33.779780748382905],[132.2012092484754,33.79641364476838],[132.208751,33.800116],[132.225759,33.799872],[132.243663,33.79328],[132.2698614331924,33.77513752476028],[132.25612284369436,33.76723395488318],[132.21341162774445,33.779780748382905]]],[[[132.05152487414625,33.89706341517071],[132.04521099478242,33.89889065019466],[132.0398403806447,33.90044490451075],[132.04374542261326,33.90370144296725],[132.05152487414625,33.89706341517071]]],[[[131.80416666625865,33.96448712021235],[131.8023166235675,33.96442502411564],[131.80111583805262,33.96438472013033],[131.80416666625865,33.96666666663339],[131.80416666625865,33.96448712021235]]],[[[132.39641316723396,33.90708109521643],[132.3946753604796,33.899420166407594],[132.39166666688322,33.90833333371643],[132.39641316723396,33.90708109521643]]],[[[132.45834742699506,33.92630688034745],[132.45453451173293,33.92232922734045],[132.45416666675828,33.92916666670834],[132.45838258466864,33.92634355701514],[132.45834742699506,33.92630688034745]]],[[[132.656261,34.199286],[132.65518210558398,34.19923764972534],[132.65665011587296,34.19950429040613],[132.656261,34.199286]]],[[[132.7405654969901,34.16016316959709],[132.74209950808586,34.16991916243944],[132.7104241265722,34.178588188993785],[132.70573076192977,34.17877825775943],[132.697927,34.181342],[132.688975,34.189887],[132.69516,34.200141],[132.708995,34.203315],[132.738536,34.196967],[132.755056,34.189114],[132.761404,34.177151],[132.75628632290463,34.16778245841371],[132.75434034073544,34.166633832559214],[132.7405654969901,34.16016316959709]]],[[[133.0230363581835,34.15221506536014],[133.025645,34.154446],[133.036794,34.153266],[133.03594225592536,34.15511038541089],[133.03806728827476,34.15711839499801],[133.03460454970713,34.1580070839691],[133.03075094610233,34.16635176223536],[133.03259039992713,34.16972249329848],[133.0276528841655,34.17306037390465],[133.026215,34.176174],[133.033051,34.189399],[133.055431,34.193549],[133.071544,34.188056],[133.0799185166792,34.1785523760084],[133.07851121711906,34.17809075238637],[133.080348515607,34.17806440180246],[133.083018,34.175035],[133.099132,34.175198],[133.101736,34.170966],[133.094412,34.160386],[133.045177,34.118394],[133.027843,34.111558],[133.0181891876898,34.11810350580541],[133.02147623723863,34.12408447242052],[133.0178623559619,34.126856364620714],[133.01976826182312,34.14689244391659],[133.02005818713565,34.14675767712515],[133.0230363581835,34.15221506536014]]],[[[132.999475,34.208377],[132.963878,34.191881],[132.954845,34.198188],[132.962901,34.218451],[132.969493,34.223049],[132.98585,34.226955],[132.990896,34.232123],[132.991250154007,34.236531216706176],[132.99230957033046,34.2370066328499],[132.9915197167663,34.23988651139582],[132.99171,34.242255],[132.9902831661117,34.24439508850777],[132.9866566972488,34.2576175266276],[132.97564433127076,34.258293726138064],[133.01002,34.291246],[133.027330797941,34.29476436347762],[133.0377890160997,34.28375443790712],[133.044932,34.273098],[133.055675,34.242377],[133.051768,34.222317],[133.03570993265643,34.20811167711924],[133.01719036240183,34.20785905381656],[132.999475,34.208377]]],[[[132.92071327747558,34.23201621997699],[132.916759,34.221869],[132.905772,34.21308],[132.883067,34.208645],[132.863129,34.208482],[132.8513854995218,34.214426350958895],[132.84409889076653,34.232117048287066],[132.846446,34.24022],[132.87310148856898,34.25154576889085],[132.87467549657697,34.25090467660959],[132.8744368219706,34.25211314462886],[132.885997,34.257025],[132.89641890026888,34.25675952151077],[132.8967417398395,34.25359463158702],[132.9034554973954,34.26024348933841],[132.908214,34.262885],[132.928477,34.284003],[132.932302,34.274848],[132.928477,34.251939],[132.9278748913228,34.25039390630455],[132.92021586097326,34.23413967600527],[132.92071327747558,34.23201621997699]]],[[[133.08369835827733,34.25658549089382],[133.076427,34.259589],[133.07179116398083,34.273757263804505],[133.0795020209016,34.29907735213817],[133.07156476947065,34.29992215940732],[133.072276,34.317532],[133.076915,34.316718],[133.08658858897834,34.32713819471925],[133.0960944281154,34.317426554392],[133.10121846572798,34.34289720254886],[133.103282,34.34512],[133.114024,34.351752],[133.117931,34.342271],[133.11376476660655,34.31698351699512],[133.10621100523372,34.317322116122796],[133.0993445501109,34.31335991722648],[133.11352733588032,34.31554240103077],[133.113292,34.314114],[133.12541303638162,34.316597783906765],[133.14076232871855,34.316366916500044],[133.13744424155408,34.32814005545764],[133.147472,34.351386],[133.168468,34.355048],[133.168468,34.35624247968112],[133.18416244140644,34.34331523472546],[133.18214,34.341376],[133.201915,34.328315],[133.2074236209002,34.31158849756863],[133.19973246258314,34.300948418634675],[133.20551684676576,34.29748476196869],[133.202891,34.288886],[133.185557,34.280504],[133.1618830478471,34.293674177157975],[133.1627892392321,34.29491475461231],[133.16129742937412,34.29399996555978],[133.160981,34.294176],[133.15565537034576,34.29054021242486],[133.14938252748175,34.286693657886076],[133.1496418395269,34.286434797280855],[133.144054,34.28262],[133.125173,34.276272],[133.10462581238002,34.261045014559926],[133.09377644892402,34.254834662689575],[133.08369835827733,34.25658549089382]]],[[[132.80861744729992,34.29365909575952],[132.80789160214832,34.2929239896679],[132.80743062808085,34.292457134107394],[132.80121476914633,34.29122890928676],[132.8073028565417,34.30031161858636],[132.80861744729992,34.29365909575952]]],[[[133.5131817383888,34.43860487085332],[133.51237104561986,34.43832984636121],[133.5081815480449,34.43690857496606],[133.50833333341666,34.437499999625345],[133.50375535792352,34.43632507314368],[133.50441228149577,34.43562986537592],[133.50024240357772,34.43421524987606],[133.49881740553403,34.4337318246153],[133.50000000039972,34.441666666583444],[133.5131817383888,34.43860487085332]]],[[[133.49131232370485,34.431247965821],[133.4912751277838,34.43117313507584],[133.49023718033743,34.43082101528371],[133.49016927099512,34.433588324641505],[133.49131232370485,34.431247965821]]],[[[133.688487,34.366156],[133.69117977016145,34.37580522438199],[133.69508591447712,34.38207533300697],[133.708263,34.397284],[133.715668,34.396145],[133.724457,34.384467],[133.725841,34.371405],[133.72047,34.363837],[133.7046153865466,34.35278340570069],[133.69424870966992,34.357225507349405],[133.688487,34.366156]]],[[[134.35123204767712,34.44128730287231],[134.34844672508126,34.4344994971852],[134.34734937917062,34.44228413930165],[134.35123204767712,34.44128730287231]]],[[[133.95639531310636,34.48031059520089],[133.95492619910755,34.47653880846886],[133.95185038248917,34.479784139226695],[133.95639531310636,34.48031059520089]]],[[[134.036632,34.48078],[134.038341,34.483303],[134.04502733355818,34.48710902644952],[134.04845204495533,34.48851600278247],[134.083425,34.500718],[134.095388,34.49197],[134.09948756548954,34.49120135958073],[134.1039706124374,34.48721383334871],[134.102875,34.480943],[134.083995,34.459825],[134.07837490740968,34.46049828896257],[134.04728934306863,34.47538557899138],[134.036632,34.48078]]],[[[134.36465246893087,34.54139025659545],[134.36531620160758,34.53945548732191],[134.36573075719863,34.53824706494367],[134.35059848403284,34.50208333297951],[134.3589760672918,34.48855048321826],[134.34519059886713,34.48478122307506],[134.35480940033358,34.46634487561556],[134.3375152584225,34.44875013531055],[134.33962007426737,34.44104887810683],[134.332774,34.44477],[134.32862899351022,34.44480766082977],[134.32030333202795,34.45308359060087],[134.324962,34.453681],[134.3296,34.462388],[134.320649,34.46894],[134.31145004457716,34.46722143413714],[134.2955115427236,34.4756429032974],[134.26257527662779,34.456998698231416],[134.25480940053342,34.42436625190106],[134.24455987471072,34.41906703143503],[134.248709,34.453192],[134.243175,34.463853],[134.23380996881903,34.467880114945544],[134.22816433371713,34.4794938830363],[134.2157483419693,34.47136857557741],[134.2126954493962,34.470974158055846],[134.19254218207607,34.48358357791983],[134.19096965125897,34.46816730021526],[134.19016647578232,34.46806353420539],[134.17644805953034,34.4756429032974],[134.16793727123093,34.46897527248622],[134.161388,34.479193],[134.171723,34.485907],[134.171072,34.508938],[134.175059,34.520087],[134.18526023815315,34.51737050487776],[134.18541531026847,34.51726413283353],[134.18554006068106,34.51729599073342],[134.203787,34.512437],[134.228282,34.518378],[134.271251,34.540676],[134.283214,34.543647],[134.35692297880902,34.55294964127007],[134.35022888155765,34.54884880872561],[134.36465246893087,34.54139025659545]]],[[[134.305919,34.451239],[134.3183178415038,34.45282897904492],[134.305919,34.44873017449656],[134.305919,34.451239]]],[[[134.2879836475629,34.45502348364114],[134.284923,34.452297],[134.27911782941422,34.444207924968254],[134.27435726597514,34.44855211089123],[134.2879836475629,34.45502348364114]]],[[[131.78528096835078,33.991506508235915],[131.823904,34.020168],[131.822765,34.026679],[131.8200521856108,34.02729656334148],[131.81214328318606,34.036531914416344],[131.8034204689488,34.035287414533165],[131.799571,34.037746],[131.78875255916353,34.04118563300943],[131.79201151491952,34.04901835081631],[131.78061455591705,34.05064290324742],[131.77367310351636,34.04598002012975],[131.741466,34.05622],[131.7374644590978,34.054954585973164],[131.72884487549072,34.05897623716368],[131.6895793510591,34.04701262734391],[131.688731,34.047187],[131.68700080063405,34.04622698213396],[131.66046820714212,34.038142903272444],[131.63958808062546,34.045230441431784],[131.6161939104754,34.026679],[131.606212,34.026679],[131.598155,34.036038],[131.593272,34.037299],[131.585134,34.026679],[131.594005,34.015326],[131.597423,34.002631],[131.59537877295722,33.997539735105754],[131.59503546861208,33.9968475340865],[131.57308709572965,33.98601731508095],[131.567638,33.986274],[131.56276978821234,34.00290403620906],[131.56307983406714,34.003008694096025],[131.56271491914805,34.00309147146579],[131.562266,34.004625],[131.556163,34.005194],[131.55570777536954,34.004680973295336],[131.55541890435904,34.00474650085039],[131.55527207252985,34.00418994715769],[131.55237237884478,34.00092206533354],[131.5515936256396,34.00004443006546],[131.5486608164582,34.00009507289238],[131.519298,34.00849],[131.510509,34.012397],[131.50802367139698,34.01463375312979],[131.5076276987594,34.0200263133637],[131.49777723409562,34.023855371017675],[131.493012,34.028144],[131.482921,34.03205],[131.47979745823474,34.03084444216576],[131.47180616562207,34.033950805285485],[131.47437170092562,34.028750324423065],[131.469005,34.026679],[131.474294,34.013983],[131.469005,34.006171],[131.456716,33.999335],[131.45254458283978,33.98937975362826],[131.44683295377786,33.99228413930166],[131.43590521189242,33.97991231482096],[131.434337,33.980211],[131.43354254693548,33.98095235069715],[131.41803453226794,34.01311747229357],[131.40317484524303,33.982769097116204],[131.39833500063855,33.983371037540195],[131.393321,33.985745],[131.402192,33.999335],[131.40379515265434,34.010382223974375],[131.40777452227644,34.01875339045665],[131.40397203418607,34.02038867199257],[131.400645,34.032945],[131.3941398123596,34.037059946007865],[131.39583333314192,34.050000000399734],[131.37854919438985,34.026367865684506],[131.3804466505415,34.025825368696665],[131.355724,33.989447],[131.34973618434407,33.98238806909198],[131.34973246268305,33.98238491483198],[131.34973284475058,33.98238413210375],[131.33253,33.962104],[131.32413660734866,33.95493641240077],[131.31874355706952,33.95360989008441],[131.30599321155043,33.944647263336435],[131.272227,33.926825],[131.257986,33.924791],[131.249848,33.937934],[131.233572,33.933051],[131.225841,33.935004],[131.220714,33.950385],[131.2161555828697,33.95072667124097],[131.21666666653346,33.95416666665841],[131.20380932531032,33.94549195696906],[131.202159,33.94477],[131.19885058357846,33.942146347312935],[131.18365230734977,33.93189223397999],[131.178233,33.930487],[131.160266,33.952796],[131.166026,33.977118],[131.16079976037287,33.97820311420962],[131.16193847647958,33.98125000008747],[131.14583333364146,33.999999999600334],[131.13754573469967,33.99140492422811],[131.13592566884455,33.992424565089365],[131.13592475523274,33.992425140100515],[131.10663875671642,34.025167264187694],[131.103165,34.030217],[131.05093886734215,34.04394249450552],[131.0416666668832,34.054166666458514],[131.03766149455714,34.04743190675824],[131.035595,34.047975],[131.013962,34.014762],[130.968598,33.971422],[130.96268842835528,33.96720460001242],[130.92889912959117,33.944884914906936],[130.92873025026975,33.93223501391138],[130.926291,33.922691],[130.915753,33.91399],[130.899181,33.924262],[130.893728,33.932318],[130.88453897699833,33.93592098493174],[130.87960481461835,33.94098318571431],[130.880224,33.950432],[130.89100885891108,33.950108471083134],[130.89878743529198,33.94575873487776],[130.91188252745678,33.96450636107977],[130.91538918494953,34.00609262097329],[130.917135,34.010913],[130.91603239873712,34.013720641615016],[130.91610514303795,34.01458333305442],[130.91552721907271,34.01500702092238],[130.912812,34.021921],[130.905284,34.029608],[130.90986664258176,34.0445215388778],[130.91311747199381,34.05046929272373],[130.91206240755534,34.051667334282016],[130.912577,34.053342],[130.903914,34.065826],[130.89926735472048,34.066196309459],[130.89878743529198,34.066741265197265],[130.8978977028912,34.06630546240643],[130.89385796880018,34.06662740472304],[130.88526277754633,34.06731238935858],[130.86378630591764,34.09965952584829],[130.862804,34.101793],[130.861583,34.112738],[130.87322,34.129096],[130.89004626930836,34.14036143200008],[130.89228244377978,34.136882527506714],[130.89307200813076,34.14238720814386],[130.911143,34.154486],[130.920909,34.17064],[130.92156312457575,34.174161982506796],[130.92854919438992,34.185339694571326],[130.92145080591,34.234070162907756],[130.87195159768572,34.27976099719672],[130.886241,34.300442],[130.889459791517,34.32071247612737],[130.89228413900184,34.32546929217415],[130.891053265357,34.33074744523371],[130.893077,34.343492],[130.899913,34.355048],[130.927419,34.348944],[130.941905,34.350979],[130.94867173211793,34.35663215262177],[130.96883419180344,34.364310867164136],[130.996104,34.36933],[131.01957601632378,34.3771277188859],[131.03258599185006,34.3757290306703],[131.02977078368986,34.38051455744852],[131.033607,34.381789],[131.02555419264354,34.38768227230893],[131.01566433384198,34.404493883186205],[131.00480041470746,34.395190429894456],[130.96173392368732,34.40201964435099],[130.955089,34.403469],[130.95480995902392,34.40311760330831],[130.95394219267814,34.40325520826133],[130.95413633517492,34.40226930785256],[130.9463,34.392401],[130.93393,34.395982],[130.9391124136776,34.40457840126398],[130.95419006382042,34.40959506536001],[130.96458685353412,34.43124972780402],[130.976396,34.438967],[130.9858115311443,34.43619303315342],[131.00261035770114,34.42441161932703],[131.00115,34.414862],[131.009776,34.410305],[131.037283,34.411119],[131.074718,34.42475],[131.099376,34.413275],[131.115718,34.409794],[131.133923,34.411562],[131.140798,34.378485],[131.153656,34.36933],[131.172699,34.367743],[131.19027269884174,34.3916995683574],[131.19595404774122,34.39454243958198],[131.1861109174778,34.398766340083284],[131.173595,34.410224],[131.170584,34.416815],[131.171315,34.429535],[131.18168953050116,34.42721570788413],[131.18717820870745,34.42435709680262],[131.1906584935855,34.42521063928208],[131.192719,34.42475],[131.252632,34.437387],[131.26344348370245,34.428941237846885],[131.27980957015563,34.408967081365745],[131.24615512435957,34.42147623733854],[131.2427736538494,34.42082422670602],[131.24102,34.421184],[131.23460157993043,34.41924849831539],[131.21695590559068,34.41584608293044],[131.20352376281141,34.391988457601315],[131.21139378077413,34.37867711355894],[131.208995,34.36933],[131.236176,34.38231],[131.284482,34.384211],[131.28991996572708,34.38545062744416],[131.3029168020688,34.38334859246362],[131.30857504428428,34.38970320065132],[131.32309,34.393012],[131.334731,34.416114],[131.34895018197776,34.41589685955158],[131.3576995845682,34.41185709592827],[131.36290375921635,34.41568377514043],[131.36505,34.415651],[131.3957854480465,34.42084521398573],[131.39583333314192,34.42083333359153],[131.39585298720985,34.42085662793572],[131.414317,34.423977],[131.413315,34.453874],[131.41590677888948,34.45607900210836],[131.42064310669411,34.455226643494825],[131.4416666669831,34.47499999955039],[131.4409890198657,34.47741816590023],[131.45324188451497,34.48784250900093],[131.46180792939253,34.488429769018694],[131.46306728782508,34.49878506128158],[131.46190251480385,34.499218987506566],[131.461925,34.499254],[131.454763,34.51911],[131.461762,34.523505],[131.482677,34.527574],[131.49269874237166,34.533976852941485],[131.4965799968694,34.53276604551667],[131.53661261627929,34.5632083467878],[131.55342983691753,34.58005913642006],[131.55370363071233,34.58799990125695],[131.555431,34.59219],[131.557299,34.614857],[131.564792,34.619494],[131.595876,34.616848],[131.594104,34.642051],[131.59460305105594,34.64521297883653],[131.60329968686975,34.66144067767636],[131.615242,34.664881],[131.63309012812562,34.65998471828191],[131.646970621597,34.653902180940975],[131.650303018357,34.65526270154367],[131.656415,34.653586],[131.670859,34.662818],[131.673355,34.670932],[131.680332,34.674649],[131.711599,34.671576],[131.746082,34.675353],[131.790375,34.686103],[131.81331244196616,34.695678304837],[131.8291666671081,34.700000000000045],[131.8344033967524,34.704482787990784],[131.858409,34.714504],[131.8610314050364,34.7272771126668],[131.8672339548832,34.73258666993894],[131.86571134710056,34.74277312504925],[131.87303754993616,34.75775017476365],[131.8863627119697,34.758068847699235],[131.88848700565913,34.76163912066784],[131.896332,34.762926],[131.901322,34.770451],[131.90848095839644,34.77592502872519],[131.91136271191965,34.77473551463237],[131.94583333294202,34.79583333374143],[131.9522321204205,34.80937893422617],[131.957007,34.81303],[131.98461156921218,34.82959630181701],[131.9866490684998,34.83001742896124],[131.98868797392382,34.832042670396866],[131.997325,34.837226],[132.021169,34.865871],[132.034551,34.876579],[132.053884,34.87226],[132.060557,34.885688],[132.063304,34.907489],[132.131847,34.958645],[132.13669651102492,34.96179862889029],[132.14155273407152,34.96365865092605],[132.1515029071011,34.97142720343876],[132.216319,35.013577],[132.236495,35.034818],[132.270842,35.040329],[132.29361,35.048407],[132.31685,35.062346],[132.32533540589029,35.08823066796825],[132.328685357721,35.09336001356867],[132.379949,35.124981],[132.38258113099934,35.127779361878595],[132.38672451452476,35.12990451398218],[132.38615105361876,35.13157474112464],[132.389212,35.134829],[132.386574,35.145538],[132.402354,35.160468],[132.408085,35.175051],[132.45221411330454,35.20392186708913],[132.46249999977522,35.20833333291705],[132.46697875512967,35.213581431486226],[132.47351720724947,35.21785912410191],[132.49350133602974,35.23093346624708],[132.49875013541043,35.22918192560542],[132.5071327947057,35.23661089951444],[132.529718,35.244913],[132.53154491328456,35.25541754556004],[132.57886125263317,35.27406629388079],[132.621142,35.284444],[132.638679,35.294645],[132.663347,35.329536],[132.671446,35.355128],[132.67379061982342,35.38269297741177],[132.67433200451842,35.385443115107705],[132.6738951504353,35.385980781678235],[132.670791,35.399475],[132.65731395708005,35.406388404523426],[132.656276448899,35.407665337685216],[132.6531365983605,35.40853129082565],[132.631142,35.419814],[132.62415804802637,35.43053275694232],[132.62451006536676,35.43167080652329],[132.62940765102175,35.43586201370877],[132.6326324551819,35.438621704568696],[132.64766473451732,35.44307730479128],[132.682099,35.449016],[132.70276784505276,35.448864357123746],[132.7123316443899,35.44516533761032],[132.75483466278956,35.45077701184965],[132.75137939475482,35.45369543532138],[132.754739,35.456245],[132.73924022857656,35.463948540766665],[132.7300482107866,35.47171239590064],[132.775427,35.481007],[132.77827582955658,35.48238054282192],[132.78960978166617,35.484001328998204],[132.8427065397629,35.50702031337671],[132.864909,35.510983],[132.922231,35.513175],[132.9363816499621,35.5164010245335],[132.9664981417759,35.51599867050231],[132.9665375852429,35.51722525054002],[132.969737,35.516995],[132.973206,35.541884],[132.98827655458723,35.54408287133236],[132.9958001007399,35.54384085576983],[133.014399,35.54078],[133.02246796940253,35.54298301039947],[133.0291937936587,35.54276665575662],[133.02880441378045,35.54471300244231],[133.033489,35.545992],[133.0415709690426,35.558253535705504],[133.0448235404741,35.55824432361669],[133.045069447149,35.56356124153687],[133.051772,35.57373],[133.064601,35.580271],[133.081442,35.575326],[133.091345,35.587539],[133.091261,35.601485],[133.105353,35.597517],[133.119732,35.584907],[133.12344076477495,35.582657106900506],[133.12206285221896,35.579228888402554],[133.12762400114198,35.58011937932629],[133.13803971224272,35.57380076977463],[133.1425710413941,35.571051874439426],[133.14319729262104,35.56183200434356],[133.15149284571052,35.56563953173652],[133.156467,35.562622],[133.189661,35.571908],[133.19536981476992,35.57220972399542],[133.1955722383682,35.57159322065064],[133.19813976891422,35.57235612244506],[133.207068,35.572828],[133.2149803841505,35.577360049507476],[133.2270261647667,35.580939265989045],[133.230163,35.578198],[133.223155,35.568508],[133.228038,35.564683],[133.239336,35.563615],[133.266377,35.574237],[133.2899755263376,35.575880185511224],[133.3208292451879,35.571120531454305],[133.32602,35.568508],[133.2827656795908,35.553881174427964],[133.26666666693325,35.5541666670581],[133.24943271215,35.53628506100682],[133.2545837935696,35.53072955395108],[133.254161,35.521796],[133.25609704437937,35.51706838543866],[133.2535993791081,35.51545172801491],[133.2583706958252,35.51151637031067],[133.264659,35.496161],[133.29347323831612,35.48256397221577],[133.30195617643642,35.47556728809991],[133.3146412332023,35.47257509756825],[133.329626,35.465504],[133.3756115617383,35.45819322737843],[133.39508666971415,35.45359937850856],[133.39904858826668,35.45446721500851],[133.400157,35.454291],[133.417412,35.456543],[133.41899678413142,35.45883675775661],[133.4199137372293,35.459037611296765],[133.4469943871535,35.49317750816077],[133.51568956480156,35.51874090983468],[133.53257164151893,35.523855379387314],[133.55175070442758,35.52778205070223],[133.57300338892682,35.532133269892945],[133.66862284356944,35.50890062106686],[133.70653473385164,35.50791111842432],[133.731145,35.502907],[133.77913544328987,35.50601623549169],[133.84999999970034,35.5041666662587],[133.9854166668457,35.52556152334569],[133.99569776870024,35.53410759201532],[134.008383,35.537049],[134.01039811934248,35.53569884638442],[134.0218329531283,35.52021569140106],[134.03204164222768,35.52119743197128],[134.03479,35.519356],[134.08975917719678,35.52674796300819],[134.16466013555691,35.53395097495758],[134.18987260909233,35.54021068562717],[134.237765,35.546651],[134.262066,35.553588],[134.281586,35.564887],[134.293871,35.585894],[134.361501,35.595771],[134.376491,35.611184],[134.40928349821687,35.62082212324993],[134.41466013595652,35.621450974782704],[134.41676918410602,35.62302225947417],[134.45297926915097,35.633664854016544],[134.45416666635867,35.63333333296697],[134.4557617257123,35.63448265262092],[134.466215,35.637555],[134.536987,35.672203],[134.54373103929368,35.67058421261928],[134.56040327299274,35.65462493888987],[134.58483689642162,35.66071747847156],[134.590209,35.659428],[134.59357644617032,35.65971257208717],[134.6249999999501,35.641666666883225],[134.62571987577167,35.653389994352835],[134.6423094006584,35.655082193788246],[134.63536495632775,35.661857266100014],[134.64223142556446,35.66382424851419],[134.647447,35.664265],[134.6729364633592,35.66449767786809],[134.6820522728941,35.65824500150569],[134.69629139962905,35.66471087093159],[134.69735901393253,35.66472061653575],[134.69979981592294,35.66474289713835],[134.70735405834318,35.653990004035506],[134.715553338127,35.664886701498205],[134.73146833206587,35.665031979835696],[134.73686625197604,35.661857266100014],[134.74230795506315,35.6651309281868],[134.76570953136536,35.6653445469989],[134.7677169803544,35.661857266100014],[134.77482517599069,35.665427758195925],[134.798295,35.665642],[134.834137,35.657146],[134.83918791443517,35.649899035810385],[134.8375000004247,35.645833332942004],[134.840077145808,35.64862318210153],[134.842348,35.645365],[134.86325,35.658278],[134.87464412015,35.65766321397091],[134.8814673073325,35.655925897536925],[134.885048,35.645914],[134.897749,35.649162],[134.927013,35.641181],[134.947276,35.654853],[134.963715,35.661038],[134.96262119180466,35.66443594068018],[134.97713633983764,35.68366225010799],[134.987944,35.689777],[135.0177441757954,35.69201955606404],[135.02425333702195,35.691099378933245],[135.02719766093213,35.692730960270694],[135.029032,35.692869],[135.085785,35.725979],[135.08412,35.739022],[135.134305,35.751901],[135.210134,35.763373],[135.226846,35.772321],[135.25066,35.757815],[135.261729,35.739814],[135.276703,35.731391],[135.292491,35.711656],[135.304047,35.68891],[135.306163,35.671536],[135.3001947793524,35.65963448100236],[135.29408496170748,35.66067422945414],[135.279214,35.668533],[135.27205518130455,35.664423184234494],[135.27035793746893,35.66471201554714],[135.26950677883343,35.66296016846356],[135.258827,35.656829],[135.242394,35.62264],[135.204902,35.587353],[135.188175,35.565045],[135.188324,35.545258],[135.196041,35.539895],[135.206673,35.541468],[135.208084,35.559054],[135.22169,35.567939],[135.235246,35.584548],[135.248226,35.591694],[135.253429,35.571275],[135.270911,35.562923],[135.262042,35.557547],[135.24431922240575,35.557878699081265],[135.24290907099692,35.55851203110541],[135.24262387890698,35.55791042908961],[135.239815,35.557963],[135.23934437694453,35.55099244271825],[135.23756239189095,35.54723341209234],[135.23906181069984,35.54680725847888],[135.238739,35.542026],[135.28465419348416,35.52097608180472],[135.28750000042476,35.51666666623373],[135.29141529257504,35.517876441533744],[135.301522,35.513243],[135.324436,35.524446],[135.33203174696504,35.51328944601732],[135.33503091824554,35.507269055024636],[135.315278,35.466783],[135.313487,35.458645],[135.319021,35.446967],[135.330251,35.454535],[135.352518,35.486984],[135.370504,35.486126],[135.394867,35.476467],[135.402354,35.482164],[135.402354,35.507025],[135.38717692861056,35.50419298100736],[135.3867533362975,35.50473395410876],[135.37356546512223,35.5017771115835],[135.350224,35.510313],[135.337796,35.537478],[135.356112934757,35.550476387163286],[135.36408187392672,35.554560516980075],[135.416026,35.561672],[135.435557,35.580024],[135.43724024458746,35.584547827069194],[135.44787644072744,35.59508121003159],[135.463222,35.603327],[135.45239,35.571781],[135.482938,35.559199],[135.478761,35.543725],[135.479015,35.522528],[135.488292,35.520697],[135.495616,35.523912],[135.49907070884007,35.52893300166257],[135.49917127833191,35.52888336177779],[135.49914741734636,35.52904448820326],[135.512218,35.548041],[135.512462,35.529853],[135.508637,35.511908],[135.510997,35.498196],[135.529552,35.492743],[135.558279,35.491767],[135.56180142655856,35.4925702005804],[135.56463487439999,35.49230940095816],[135.56709336282944,35.49377689324341],[135.576834,35.495998],[135.596446,35.505113],[135.6044520042353,35.5160765784456],[135.6491435074962,35.542753310158204],[135.66689863459453,35.53553616005557],[135.66801209683382,35.53271613541231],[135.664766,35.529664],[135.64805545653834,35.52385093729331],[135.64679768836265,35.5240358145013],[135.64636521295478,35.52326295570172],[135.641924,35.521718],[135.6388284342065,35.50979429211998],[135.62752827669735,35.48960025100581],[135.622081,35.486558],[135.6253239307476,35.485660956115154],[135.62452426468315,35.48423190617757],[135.64551154272363,35.478523932533506],[135.647232166991,35.480688583538864],[135.67510388723008,35.48697510889229],[135.6940290342454,35.491243715763645],[135.71458808057548,35.48810272226285],[135.7189856473875,35.490950049621645],[135.724431,35.490732],[135.738036,35.498739],[135.74368444324176,35.50694197428613],[135.74583333344162,35.5083333332168],[135.74666472797264,35.51127010470481],[135.748351,35.513719],[135.74832462377873,35.51713342770543],[135.7506427341749,35.52532179106788],[135.74824767766648,35.527094177370984],[135.748198,35.533525],[135.74263578302634,35.531247083642576],[135.73894805910572,35.53397606784131],[135.7287922838276,35.525577701556585],[135.720801,35.522305],[135.714434980766,35.53182819315765],[135.7117338392453,35.54094611317265],[135.70627792565048,35.54128111975398],[135.691636,35.545877],[135.706093,35.562095],[135.738446,35.570531],[135.7444758362371,35.56655654704949],[135.75304259103342,35.554858529471346],[135.756137,35.549072],[135.7572499591003,35.54911331243476],[135.75948435501903,35.5460622150992],[135.76134565828636,35.54926534255464],[135.777258,35.549856],[135.79134631429332,35.53435650510632],[135.79141642282968,35.5342088483597],[135.79147471744272,35.534215240231255],[135.79405,35.531382],[135.8105,35.526863],[135.834321,35.534369],[135.82489069727922,35.53787922631763],[135.8294169107619,35.53837551531785],[135.80230698607852,35.570100115929975],[135.804255,35.575175],[135.815434,35.577592],[135.82589,35.569356],[135.82770060498953,35.569964052567954],[135.8336551241847,35.56602393235863],[135.84908610248695,35.577145909872854],[135.854747,35.579047],[135.85340964307906,35.582150224235264],[135.85429907883952,35.599005465829634],[135.83708083329543,35.60131829289218],[135.834321,35.613186],[135.83417441547863,35.613327514969804],[135.8381554495145,35.61989661353795],[135.82606494145742,35.62115652693261],[135.81922074633624,35.62776401902633],[135.81243285964374,35.6434847527706],[135.81625230102765,35.643886956036454],[135.8290848575422,35.64109111545916],[135.84717527618156,35.63019745442544],[135.84517788395226,35.62593672030346],[135.8561494659311,35.62479339036629],[135.86308559930413,35.62061660002458],[135.86800672712877,35.608283996209536],[135.88901011035188,35.621865930426836],[135.89590635160152,35.62320579591929],[135.907212290358,35.61941980994662],[135.919441,35.60816],[135.92791914829382,35.612485766222186],[135.9298339846507,35.61184455068553],[135.9321358779403,35.614637248602634],[135.939587,35.618439],[135.950938,35.628882],[135.96757364696035,35.62648279483809],[135.97141486250598,35.62434455066051],[135.97619595426826,35.628411762966834],[135.980574,35.630481],[135.98072209732877,35.63226209374298],[135.98234727670547,35.63364461260886],[135.98096645158174,35.63520082217651],[135.981668,35.643638],[135.96354,35.655409],[135.973159,35.676211],[135.97400287415522,35.68647256542883],[135.97565545013902,35.69137691960918],[135.97399797572544,35.69199672225096],[135.970084,35.70299],[135.95658344723842,35.700589087676235],[135.95642537355118,35.70198285602498],[135.956005,35.728325],[135.981544,35.739854],[136.019705,35.765347],[136.033563,35.746226],[136.03228558899187,35.74158242296332],[136.0321584063854,35.74207797611774],[136.02859937895823,35.73871493884343],[136.0313514431273,35.73800863923769],[136.03566525840932,35.7284635657997],[136.04496568762085,35.70788473383186],[136.0449770588091,35.699035481404756],[136.041958,35.691469],[136.031954,35.691626],[136.027006,35.680947],[136.03222595341217,35.677492666188876],[136.04583333374137,35.65833333291704],[136.04956905509616,35.659110944771875],[136.069114,35.66188],[136.06956105677628,35.66327239473882],[136.0701721188483,35.66339959081853],[136.07728067501702,35.68106295302336],[136.081381,35.684194],[136.083595,35.690449],[136.08322874037566,35.69584272409833],[136.08988998705956,35.71239461032119],[136.092398,35.715165],[136.09247098813015,35.718807889709915],[136.09645097543228,35.72869737438435],[136.09273597866004,35.73203375633629],[136.092958,35.743115],[136.0958832243257,35.75019636407139],[136.100617641491,35.75369737433442],[136.09956130881957,35.759100247153995],[136.099864,35.759833],[136.099457,35.775702],[136.070498,35.824749],[136.048808,35.838668],[135.9964144383897,35.88265648109039],[135.99521569115132,35.93132697186229],[135.9943151054664,35.932354943448736],[135.99438,35.935913],[135.9680802228743,35.96230069356403],[135.9577156912262,35.9741312658453],[135.96360643139178,35.99970330116645],[135.96489516476277,36.00074448411872],[135.987343,36.011733],[136.000132,36.024187],[136.00507094275895,36.033202970944814],[136.00771569112635,36.03533969447136],[136.01583018341768,36.05284381432003],[136.031098,36.080715],[136.043611,36.110833],[136.068028912749,36.13590640387345],[136.0746073404565,36.13857896594658],[136.12083333359158,36.195833333641474],[136.12469520827392,36.20741895810537],[136.134845,36.224552],[136.119422,36.246444],[136.1239969307256,36.25292940484884],[136.16458333305445,36.25064968513493],[136.1803758723188,36.25854836253712],[136.196738,36.264362],[136.2257246429516,36.28489808250414],[136.25824635808306,36.30545823860689],[136.26317432575382,36.31142995020145],[136.278667,36.322406],[136.298417,36.347278],[136.346779,36.365801],[136.382293,36.391071],[136.430186,36.432522],[136.639961,36.662601],[136.689685,36.730827],[136.70538609018425,36.7617931743648],[136.72881334066324,36.79757554767343],[136.74382059118585,36.83759488276035],[136.760555,36.870599],[136.765634,36.889528],[136.76558639519547,36.89563702730813],[136.76631334058823,36.89757554837291],[136.76609937838361,36.914710489597496],[136.75047733958206,36.926291496205586],[136.751959,36.935416],[136.760933,36.952398],[136.76481718855715,36.96902849055729],[136.77140062104195,36.98211839474817],[136.7625000001749,37.004166666858225],[136.75039683091399,37.00726749381529],[136.742288,37.013388],[136.73156,37.047649],[136.720448,37.054998],[136.71869577583436,37.073306374660284],[136.72040278419036,37.08829891942054],[136.726736,37.126614],[136.72522500856252,37.13065220638027],[136.72561764204056,37.134100681001655],[136.72353846686636,37.1351595803263],[136.720961,37.142048],[136.708564,37.149877],[136.69843,37.147597],[136.69749449920027,37.14274009081105],[136.69111847933428,37.13663181505255],[136.68125594645306,37.137148774575486],[136.67371798065437,37.142935017607684],[136.670259,37.149957],[136.682009,37.19905],[136.690424,37.215008],[136.705577,37.228258],[136.7001675858058,37.23614294435308],[136.70866361353902,37.24789718544525],[136.712771,37.251066],[136.7218483892166,37.2661383019913],[136.73271569147607,37.28117319768495],[136.73214067682486,37.28322784870036],[136.733217,37.285015],[136.7306001028937,37.28873265068302],[136.72222804683977,37.318647807516335],[136.721531,37.32533],[136.74078985108034,37.3480992261421],[136.74905141239287,37.345565965596904],[136.75333369125786,37.3598703662459],[136.783767,37.373892],[136.842171,37.399533],[136.880799,37.407987],[136.903484,37.398323],[136.91510084075023,37.39874412068956],[136.92008666986396,37.395266045191875],[136.93138573172743,37.39933446230353],[136.934766,37.399457],[136.94844190578195,37.405475824411376],[137.02709214918343,37.43379516631393],[137.03761864450405,37.444722887129195],[137.044874,37.447916],[137.071535,37.453003],[137.091339,37.472635],[137.113841,37.487747],[137.16210508802777,37.500301795987],[137.21049363877046,37.50895097550716],[137.230653500267,37.51813309387461],[137.255491,37.524594],[137.28034250438432,37.52885506999762],[137.28053453224288,37.528549024917595],[137.29815440089277,37.530712432489565],[137.340966,37.517094],[137.350874,37.506103],[137.3445562091389,37.48899382023457],[137.34221530459274,37.48541378401899],[137.34448595681118,37.48093105744072],[137.345299,37.47502],[137.34846219765296,37.47308115407018],[137.35683993201016,37.456541812570194],[137.35613,37.453192],[137.351205,37.445676],[137.325136,37.439112],[137.287253,37.442975],[137.253601,37.429106],[137.245983,37.413556],[137.237364,37.379882],[137.248878,37.35726],[137.24967899044438,37.35716641910865],[137.2512125650079,37.35409206829439],[137.2608083508129,37.35586615957291],[137.267486,37.355086],[137.26703147727648,37.35183627950754],[137.2623213029858,37.34290907149648],[137.2656497675214,37.34195741036959],[137.265349,37.339807],[137.26261652213188,37.32639992777834],[137.25527837325996,37.314854905658514],[137.237668,37.301708],[137.23275407771462,37.29538330008016],[137.22784493868915,37.29246247802032],[137.1808963394142,37.29877735483254],[137.1770833337289,37.29943847700417],[137.17672231257387,37.29933878724405],[137.165606,37.300834],[137.108721,37.28345],[137.10563301665013,37.279708705296045],[137.10079413504138,37.27837253166706],[137.09579256915112,37.267786356649296],[137.0713,37.238112],[137.070667,37.218644],[137.05437,37.210184],[137.032892,37.204664],[137.026952,37.191361],[137.014171,37.184882],[136.980235,37.196479],[136.945883,37.217186],[136.959954,37.23472],[136.95107,37.234483],[136.941806,37.22472],[136.9385274683407,37.22382795116611],[136.93749999982515,37.22500000034978],[136.93446889417018,37.222723662194],[136.930431,37.221625],[136.92836996883275,37.21814341391655],[136.92477518732505,37.21544375932211],[136.92564656379895,37.213542916255065],[136.9171753019402,37.19923288161549],[136.91223687083493,37.19899800635295],[136.9056369514519,37.18685822761083],[136.892598,37.173321],[136.88063428894284,37.145140629805766],[136.87875535747378,37.144658406160545],[136.8821183947482,37.14109937873337],[136.88268662188756,37.14331345147947],[136.895668,37.138904],[136.893234,37.117534],[136.887753,37.110318],[136.87581061718174,37.110689752195476],[136.87167426205758,37.11277465802408],[136.8719528150378,37.11080984099505],[136.868671,37.110912],[136.868117,37.089108],[136.860926,37.076775],[136.86206748463056,37.076183724401346],[136.86185709622805,37.07605048254379],[136.86265681106192,37.07587846024868],[136.874685,37.069648],[136.8838280712347,37.07132442597172],[136.88611111123885,37.07083333369144],[136.88746201471125,37.071990726940776],[136.893321,37.073065],[136.914236,37.082424],[136.933604,37.07982],[136.963227,37.051744],[136.980126,37.04686],[137.003992,37.055458],[137.024298,37.095409],[137.038687,37.102821],[137.04713,37.098822],[137.053966,37.07982],[137.0521251852074,37.059372651930836],[137.0493950742234,37.04637383348569],[137.0502227777921,37.03824114715013],[137.048844,37.022926],[137.054446,36.96675],[137.027415,36.938843],[137.02504,36.913947],[137.01831730586196,36.90621007990041],[136.9884446889713,36.87947218119626],[136.99108071128393,36.874864409294396],[136.987742,36.871022],[137.005544,36.835924],[137.03661632890626,36.81960432038193],[137.07170810612354,36.7968671480137],[137.080696,36.790087],[137.08329531431926,36.78935939631503],[137.0852895100029,36.78806728817489],[137.08823481131245,36.78797672543622],[137.12802,36.77684],[137.156993,36.76081],[137.197288,36.758125],[137.22734110260416,36.762850703025336],[137.25793645859372,36.76274532798996],[137.298673,36.757009],[137.333344,36.762726],[137.3398300905395,36.770116731469486],[137.37652065700132,36.79632427869984],[137.383606,36.800145],[137.3843432672045,36.801911857364715],[137.3874999998252,36.80416666635864],[137.4013655166964,36.83585927616666],[137.408356,36.845204],[137.419531,36.877335],[137.413765,36.896892],[137.427108,36.922011],[137.447602,36.933539],[137.499347,36.955742],[137.683279,36.987982],[137.807545,37.030805],[137.896739,37.057522],[137.90449129510228,37.06156541463843],[137.91249999967533,37.06249999977524],[137.95428960525183,37.08753904097376],[137.999374,37.111054],[138.053396,37.130113],[138.097502,37.171059],[138.13933919726384,37.16520825570529],[138.1534200031307,37.16193271172534],[138.15785870835143,37.1626183851852],[138.164433,37.161699],[138.206953,37.169205],[138.21129086300667,37.17087237109507],[138.21471048949752,37.17140062134166],[138.22180430386436,37.17491348704754],[138.244895,37.183789],[138.27213552067104,37.19983756826986],[138.2815911185354,37.204519992104],[138.28546198133844,37.20768876232004],[138.325103,37.231043],[138.437516,37.322037],[138.53421579131208,37.36980770397503],[138.5494171145083,37.375919765484866],[138.55065907593996,37.37794347905239],[138.577973,37.402899],[138.62254,37.477543],[138.659735,37.524433],[138.70493416366656,37.555637773071],[138.71238606746306,37.55949215324034],[138.71348561271202,37.5615415554697],[138.718272,37.564846],[138.746593,37.596869],[138.765636,37.63467],[138.77665518588415,37.666401933737475],[138.77881334106291,37.66492445210184],[138.7827660458164,37.64778950997794],[138.75473395460835,37.60221049002217],[138.7410993789332,37.54677056211182],[138.75776604586633,37.526956177185866],[138.66723395478323,37.41054382343873],[138.70833333291705,37.37083333309192],[138.64630211724898,37.289583333703945],[138.67973395475826,37.23824666335287],[138.67433878600627,37.20506625740188],[138.5979166666209,37.137968614759814],[138.529910277937,37.13677198583855],[138.52849867057728,37.11197102834035],[138.54650132897325,37.08316480880893],[138.53333316419423,37.03881903726881],[138.52083333329176,37.02499999985014],[138.39583333354153,36.99583333294203],[138.32916666670837,36.87916666710805],[138.29583333374137,36.88750000012493],[138.28664906849974,36.84668409549465],[138.25637715638072,36.82556728809993],[138.22292548252506,36.808795165764366],[138.19671308763895,36.81592780222633],[138.16343722854538,36.795266045491644],[138.138495890473,36.796446058538834],[138.1102895097531,36.81609937848356],[138.06666666633362,36.791666666383605],[138.00612284299484,36.82443271239981],[137.92973395445847,36.71887715695527],[137.9041666666584,36.6499999997003],[137.86728583467357,36.62817620197018],[137.8666666667333,36.61666666673335],[137.8208333328921,36.62083333369145],[137.79960394926286,36.64903225363565],[137.75833333301694,36.662499999675276],[137.7452029757368,36.62122972247374],[137.74921603759014,36.588192070407786],[137.7228525799826,36.586869642520014],[137.68813035743017,36.56048075388372],[137.70416666705808,36.51666666693319],[137.67842983636797,36.517284138752075],[137.65482822014633,36.49501987017095],[137.65354919443985,36.46033969452134],[137.6368825275067,36.43117302761317],[137.60490214002186,36.41586676693777],[137.58750000032478,36.3916666662837],[137.58835076257765,36.37168409554465],[137.61983032211174,36.36606275808987],[137.64498257098887,36.34081590413075],[137.64943271234984,36.297789509977974],[137.57443271249974,36.213511826909325],[137.5953681095507,36.1895880807254],[137.59521416540144,36.167657131471515],[137.55505405000451,36.14929165328721],[137.5500000003998,36.10416666685825],[137.50195617703605,36.10890062076709],[137.46911655028862,36.1413130020934],[137.44166666668343,36.141666666783294],[137.3799133298363,36.111932712025066],[137.28424411337517,36.10771620014259],[137.25245157897723,36.06702134875627],[137.18090888153972,36.037146674379585],[137.15000000029988,36.00416666705809],[137.1363627113701,36.02109798828161],[137.08447062152197,36.00806867792721],[137.07003919795068,36.0283725314672],[137.0475755478733,36.03298000742143],[137.02499999965028,35.96666666623372],[136.98333333366645,35.92083333329174],[136.95748257146352,35.978315734883324],[136.893408881215,36.02881334136265],[136.8212292137573,35.99486558707724],[136.78390062101687,35.931377156730434],[136.78945617666125,35.9172339541837],[136.81164906785023,35.91164906805011],[136.82951999265356,35.85587955030104],[136.80530378514163,35.8460979886313],[136.78750000012496,35.799999999600345],[136.76537272167388,35.81245354509508],[136.72228139197273,35.808976067291724],[136.6791666664086,35.77916666660843],[136.66007554774842,35.78368665921198],[136.64829016795693,35.80380859339192],[136.61592000350538,35.791099378733406],[136.59489610417188,35.800567287450406],[136.57304382311406,35.77973395445849],[136.5220482719103,35.78806728747537],[136.50833333371645,35.75833333361652],[136.46042158298974,35.782730611528564],[136.42591552777947,35.77435726587515],[136.3774537831656,35.796186659187015],[136.3300662571521,35.77433878570645],[136.32026604534178,35.754913329686474],[136.32526465533965,35.71780378571617],[136.2791666663087,35.65833333291704],[136.29906277083023,35.62026604514193],[136.325567288,35.61751675109724],[136.32150709357757,35.55089636877244],[136.35372585716266,35.538369581590985],[136.37412448485713,35.56275024452822],[136.40354902516742,35.51882680271484],[136.3880615232208,35.49374999976271],[136.4243823581594,35.45216013588163],[136.41666666693322,35.42083333339167],[136.4041666669582,35.41666666643357],[136.41701999257862,35.38504621730914],[136.4121458262689,35.32254689552286],[136.40381283229647,35.29754723461724],[136.38333333306696,35.28333333366646],[136.396400620892,35.25711839459831],[136.37083333309192,35.22916666680828],[136.4074337429729,35.2285054528644],[136.41666666693322,35.21666666683325],[136.4128580731416,35.18504316540981],[136.45035332554562,35.16421440996709],[136.4371466742797,35.1350463868813],[136.44583333294202,35.12083333309192],[136.4371441309969,35.068378702914856],[136.41701999257862,35.05242445192698],[136.42048000734655,35.00174221463158],[136.39494595039537,34.950708346912734],[136.37153574587808,34.93656684048733],[136.362500000075,34.90416666655847],[136.2791666663087,34.86249999967532],[136.28748609760544,34.84374932207362],[136.27084723591122,34.81458401134313],[136.31179148369006,34.80327928321242],[136.33750000012492,34.77083333289204],[136.30501759848346,34.74498257068916],[136.30473395410877,34.7220482721101],[136.27556728809998,34.69387715650561],[136.27109798848142,34.65947062207158],[136.2463021175488,34.63124999968778],[136.25343068457846,34.58825785351718],[136.22598300521156,34.58235032840497],[136.21565992576507,34.53414442292683],[136.19943271254976,34.52177056186201],[136.20062730540587,34.500908406497786],[136.21723395428364,34.488437228895066],[136.2083333334167,34.44999999960038],[136.13161688930802,34.45035332614515],[136.08751390234477,34.4270840112182],[136.08395690918405,34.38424241785333],[136.1249999996503,34.31666666683327],[136.09522823739326,34.2939843070302],[136.13393842891537,34.2508521184306],[136.1160615712846,34.193660482045686],[136.09757554797318,34.18368665881229],[136.03945617636157,34.21306728792507],[136.0232881331409,34.23714396202428],[135.9691204491495,34.22464667440454],[135.96176486535626,34.24503072139072],[135.9424348615796,34.25097181549694],[135.937500000025,34.27499999995007],[135.88258667013883,34.28806728777516],[135.8022104898223,34.229733954858204],[135.77328694653545,34.24201999262863],[135.71136271152,34.208068847899085],[135.6813771561309,34.22026604524183],[135.64778951017786,34.21609937918305],[135.63333333366643,34.204166667058075],[135.64101189548262,34.184306165796954],[135.62433878580634,34.159232924160165],[135.59622938347934,34.14903225413525],[135.54526604509192,34.08010389577822],[135.54999999990014,34.06666666643355],[135.59486897812087,34.04486914779301],[135.59243943982835,34.01319800478416],[135.62415364597405,34.01180521663747],[135.63749999972526,33.991666666583455],[135.62593146446557,33.921113247678306],[135.66723395448344,33.87795172769012],[135.65067376008608,33.80089636867251],[135.66666666663343,33.79583333304191],[135.6760067412182,33.767477586621396],[135.71249999957536,33.729166667108075],[135.67818027040323,33.692383829749986],[135.65493503122673,33.686528353800554],[135.6535491939402,33.652006530776816],[135.63669738807403,33.62573513496858],[135.60907016355725,33.629784308199305],[135.5791666668083,33.60833333341668],[135.59228413860217,33.583948940990865],[135.58843146454058,33.54194658057031],[135.61169501391385,33.545103963577105],[135.61761508546783,33.528899299063426],[135.6321207678592,33.53757459838903],[135.64119737435942,33.524382357859565],[135.7190911182605,33.528813340962984],[135.74791632787628,33.51251305513341],[135.78162027955227,33.52535332529578],[135.8187659366987,33.520834689769174],[135.82340842105157,33.51152497551116],[135.809184,33.505037],[135.797993,33.495161],[135.782969,33.472891],[135.790216,33.453391],[135.789263,33.441062],[135.772024,33.444919],[135.7627248350948,33.43594597208454],[135.75934819227564,33.4353208468902],[135.753846,33.451577],[135.76075631820854,33.458383495848125],[135.77565544963932,33.46642083075676],[135.76913328120102,33.47238936663329],[135.765571,33.481545],[135.69227133547832,33.489027946037574],[135.60543518028942,33.50827450266621],[135.60312393192163,33.505545246636245],[135.50236223358115,33.53754350445779],[135.47789815257772,33.54994116865004],[135.46213173039993,33.547225303346366],[135.45555571151652,33.54860299132965],[135.44773833955853,33.55024074505243],[135.44166666708304,33.56249999957538],[135.38801066897136,33.59329271851576],[135.3879045805264,33.593412342850115],[135.38786061852136,33.59346191399419],[135.38940421772537,33.61301206734616],[135.392345,33.618883],[135.39011418399434,33.62200400605477],[135.39166666628364,33.64166666638357],[135.36729352173523,33.648360964146164],[135.358662,33.654207],[135.341967,33.657211],[135.3357495116086,33.6633021520942],[135.32849867067716,33.67100168907672],[135.34156494136903,33.6804536609078],[135.33801778879482,33.686562109481095],[135.342945,33.693898],[135.36145439368966,33.696147142605426],[135.36353386809355,33.68309224481129],[135.3826459553766,33.69872220503398],[135.402354,33.701117],[135.391612,33.713568],[135.3802894105758,33.72064481348801],[135.37816467316122,33.72399800610316],[135.37485885596368,33.72403900369368],[135.36774919052698,33.72848266709724],[135.35370008143127,33.7372636023602],[135.35438266372898,33.74084133585899],[135.34963322741356,33.73980545619663],[135.340831,33.745307],[135.321388,33.752924],[135.318560104357,33.756762641458124],[135.31666666643355,33.76666666703312],[135.2789046383126,33.772681088478826],[135.264345,33.781316],[135.23399472616836,33.7819676871341],[135.2325432674579,33.79922383651092],[135.21430972895524,33.80609880656283],[135.196462,33.814765],[135.17335,33.838324],[135.15381279105756,33.8739315879764],[135.15416666675833,33.87499999985016],[135.1528501683762,33.875686018300385],[135.152758,33.875854],[135.14666422423548,33.87890947217634],[135.1313395179045,33.886895073548885],[135.13078599507736,33.8868709543964],[135.118684,33.892939],[135.065454,33.885572],[135.06351056276088,33.88393950093003],[135.06062324416746,33.88381368917665],[135.066497,33.896408],[135.0580342385763,33.90093814815127],[135.05818561988633,33.90186360981723],[135.064238,33.90602],[135.079127,33.906025],[135.07852099954914,33.91271342964557],[135.07977159318455,33.91304050041879],[135.07839475514052,33.914106789739634],[135.077992,33.918552],[135.06956,33.930667],[135.101222,33.954438],[135.094976,33.958691],[135.077335,33.958985],[135.0770320634958,33.96249265590561],[135.08374837278927,33.9634701199501],[135.0764364090205,33.96938964886968],[135.075737,33.977488],[135.0834135256757,33.98435584918087],[135.08811747264326,33.986132134390516],[135.08634039145605,33.98697438699359],[135.09085654639074,33.991014791765124],[135.11128743496727,33.99159206781974],[135.11801635451783,33.99533128659809],[135.153168,34.009752],[135.161632,34.02497],[135.16193449307866,34.0288925836451],[135.1714508055103,34.03233371273069],[135.1573849149819,34.04610087095847],[135.1563423342989,34.045601742889374],[135.153087,34.04857],[135.14053524493983,34.05370255348968],[135.13651360361996,34.061782836908435],[135.11516126718203,34.06407825772094],[135.111095,34.065741],[135.094493,34.067613],[135.114919,34.101793],[135.128673,34.108588],[135.130626,34.122382],[135.12681632229297,34.12958305896619],[135.12628476234127,34.13703824045032],[135.187022,34.135932],[135.189952,34.149604],[135.165855,34.186723],[135.16573213669753,34.18671502298446],[135.16530558238674,34.18746609118722],[135.1632565546368,34.18655429348939],[135.148774,34.185614],[135.14589276297127,34.19469657786365],[135.15041503872317,34.19680345341669],[135.1374999998252,34.22500000004999],[135.13626219442054,34.22505520086533],[135.135427,34.227688],[135.119629,34.242202],[135.092668,34.259887],[135.061044,34.267275],[135.0713,34.285793],[135.10335594989493,34.31651182020704],[135.12644167091887,34.323093270466465],[135.208985,34.342278],[135.21887568488836,34.34944505149111],[135.22470330161616,34.35110643211618],[135.25484147736904,34.375506814608386],[135.256564,34.376755],[135.2668884693183,34.385260265310016],[135.3323615178698,34.43826836509305],[135.34886322865862,34.46219492188725],[135.353477,34.467483],[135.36904696573768,34.481376451218914],[135.3740956626848,34.47886691617532],[135.37218236208818,34.48417424005041],[135.372562,34.484513],[135.37300534255712,34.508134373797844],[135.38015137095866,34.520773131081675],[135.3812120839852,34.52105439384778],[135.39583333324185,34.51250000037476],[135.38788618065524,34.52282412311826],[135.390997,34.523649],[135.408324,34.540975],[135.4132759565127,34.55500077278167],[135.41944444450553,34.541666666383605],[135.42955152748107,34.55725945376082],[135.41410079143694,34.55733701042831],[135.414379,34.558125],[135.41490630882265,34.57747606867535],[135.4250000001499,34.57500000024987],[135.4201354979549,34.62422112340619],[135.40809536968104,34.6319426418848],[135.407318,34.634201],[135.40599312626648,34.64298526477842],[135.42980956995575,34.64908447227066],[135.40383194449683,34.65731447398426],[135.403591,34.658912],[135.410382356326,34.68302447693958],[135.4166666662337,34.68750000002501],[135.41181375644263,34.688106613798],[135.412934,34.692084],[135.40410101923734,34.689070706026705],[135.38333333326682,34.69166666698317],[135.37615434014256,34.683461432062714],[135.36602870535276,34.687861040100486],[135.3648792444044,34.68836048312134],[135.35321824852338,34.704434204475035],[135.34373580373767,34.70632630450666],[135.341267,34.70851],[135.33465894912834,34.7081374742294],[135.3097011986515,34.713117472693284],[135.3013063898018,34.706257239330235],[135.286863,34.705443],[135.287301,34.67997],[135.25430086761577,34.67705937578805],[135.25368062148405,34.67840520694698],[135.2546787761204,34.696979427697244],[135.2569444448303,34.695833333041946],[135.2579789907379,34.69791463225454],[135.25471096845172,34.697578480636444],[135.25489,34.70091],[135.220067,34.690774],[135.22109596472086,34.68892581644114],[135.21450636107977,34.686882527306864],[135.22566052382464,34.68072714556547],[135.242349,34.650752],[135.210902,34.65518],[135.204403,34.677261],[135.19530284173163,34.67609605294469],[135.19303453191822,34.67978413882702],[135.19225105191683,34.67570538132632],[135.18603,34.674909],[135.183976,34.651156],[135.12950261582142,34.64307914982468],[135.11619737450928,34.642284138901914],[135.07300017858154,34.62723162920435],[135.045769,34.624967],[135.02069489651907,34.639868592667895],[135.0199412029242,34.64103156225684],[135.01868477298294,34.64106321333181],[135.016846,34.642156],[134.99797978453896,34.64158479843577],[134.969998826403,34.642289674509364],[134.96923652188792,34.642394359719646],[134.96840917594827,34.64250797689225],[134.9507047939974,34.653409990544155],[134.937025,34.667369],[134.91633888182693,34.67457185005911],[134.88958536807036,34.691046142865275],[134.88919212449656,34.690872925341594],[134.888357,34.691474],[134.833344,34.721381],[134.8081020394199,34.728690711864566],[134.80752105685133,34.73795912001742],[134.79975585930273,34.731353444867295],[134.7921207048942,34.73620720311831],[134.75932647315258,34.757054885350286],[134.7589384289654,34.76117112924425],[134.74715798565984,34.76479053723235],[134.744395,34.766547],[134.73589238246592,34.76825176641815],[134.71195933005913,34.775604926126505],[134.71020073024124,34.773402917315394],[134.6963,34.77619],[134.566905,34.766547],[134.549083,34.773261],[134.54316438824864,34.76984949844892],[134.52707604282523,34.7785658090649],[134.5092512092737,34.761757439281574],[134.50431888506108,34.76278711565639],[134.5025057708743,34.76316562298123],[134.49902072482666,34.77100999661411],[134.494016851696,34.76731789403933],[134.490489,34.77261],[134.491222,34.787055],[134.478201,34.781928],[134.473155,34.776842],[134.47070167697288,34.76489593547988],[134.4698201498801,34.76706576887017],[134.46290651410223,34.760645557005],[134.457042,34.759711],[134.44987198171572,34.751528200900154],[134.44265238449998,34.76577419672185],[134.41016184608287,34.72619265723945],[134.408702,34.726264],[134.381358,34.739814],[134.3726255861496,34.73723254216109],[134.36969621450874,34.74193115210102],[134.3343124389679,34.732700602350974],[134.32916666660844,34.724999999950114],[134.35063018783296,34.70901862271131],[134.34700644942444,34.70493736336423],[134.33363376598552,34.70453927368023],[134.3292753433825,34.70721232089193],[134.32834793553815,34.70438192047718],[134.326671,34.704332],[134.276378,34.715237],[134.2754564471176,34.71533149425495],[134.27397511795743,34.72146369119645],[134.27431581798095,34.71544845216642],[134.247813,34.718166],[134.22850976212158,34.72549936410784],[134.22946048341464,34.728022257121495],[134.22301330571952,34.72972140831638],[134.22203151725566,34.72796047082375],[134.220714,34.728461],[134.208751,34.728013],[134.216807,34.7119],[134.24660398962928,34.70533055469568],[134.24700826022308,34.70375535752379],[134.24828341026821,34.704960287022075],[134.27524656467895,34.69901562716425],[134.27533040694817,34.69753534757703],[134.25176918242488,34.69285731863767],[134.24736395917944,34.700667995731465],[134.22870025591214,34.68603312213094],[134.24121271535466,34.6873915300901],[134.22802198302227,34.672388326622645],[134.2178978809825,34.67086249450858],[134.17575904034754,34.64924418107415],[134.1772136996007,34.647520376009176],[134.170665,34.645982],[134.155284,34.636868],[134.170258,34.630764],[134.1868925263649,34.636050741066924],[134.18818510300915,34.634519007665155],[134.177257,34.614447],[134.16090469769003,34.604703825302146],[134.167180379471,34.611611599495745],[134.153585815533,34.61299743678234],[134.10684331494318,34.58477099034741],[134.083669,34.581529],[134.069347,34.585842],[134.047374,34.604641],[134.0434615480989,34.6055333468847],[134.0375000002249,34.6166666662337],[134.03242999614412,34.608049408747945],[134.028819,34.608873],[134.01369182620806,34.608801371795025],[134.0004691226519,34.6131174719938],[133.98770928880035,34.60746968042755],[133.979259,34.605902],[133.94764110798138,34.592028221715616],[133.92499999955044,34.58750000022491],[133.92859548777486,34.58066472854662],[133.925141,34.577867],[133.929454,34.561103],[133.942556,34.555121],[133.957367,34.564439],[133.98406,34.589057],[134.000743,34.594468],[134.019298,34.596829],[134.035655,34.593411],[134.046153,34.581529],[134.04598115768945,34.575324717889806],[134.0378311153138,34.57413838677718],[134.0277324295544,34.55060449025836],[134.02404681736195,34.547869860045736],[134.01447221147237,34.540765746760776],[133.99938235850914,34.54029880114882],[134.00814370639986,34.52122309840026],[133.98522963678212,34.52801961077083],[133.98380245661815,34.529784139126775],[133.96188235768477,34.52363213421569],[133.96320444742742,34.50494622129111],[133.9737874345425,34.51674126519731],[133.97397715038778,34.51633670697297],[133.966563,34.506415],[133.96011580013257,34.489862531683414],[133.9425981311989,34.47888658344914],[133.94525863673908,34.46276128487191],[133.94257397588177,34.45931221807588],[133.93866762609477,34.45429360974503],[133.92766273361175,34.452539066376104],[133.91901171676523,34.453842711773746],[133.88174456707694,34.45945860052258],[133.86466013615643,34.46604919471463],[133.81765289296675,34.4659495039665],[133.81682667145586,34.43917951180124],[133.794444,34.442939],[133.780528,34.463365],[133.768891,34.488023],[133.743826,34.505845],[133.74110306643126,34.50449967862827],[133.7410239322088,34.50630154098337],[133.7403346421326,34.504120022788186],[133.736827,34.502387],[133.730479,34.506985],[133.723399,34.527574],[133.716563,34.520087],[133.70167734338384,34.525340602922356],[133.70000000000005,34.550000000299804],[133.69436313685952,34.52374337197743],[133.685069,34.520087],[133.67040922737553,34.511383082519224],[133.67090623663353,34.515586683178924],[133.6622541640985,34.51732211662244],[133.63208926822668,34.49628315986593],[133.60840713350362,34.48707344080696],[133.59703606496248,34.48658481163977],[133.59867291182744,34.48328791015511],[133.596202,34.482327],[133.586192,34.475735],[133.583344,34.468695],[133.5770546932609,34.463632829088006],[133.54108513686958,34.45767788332773],[133.53007439531711,34.467044406074535],[133.52840779598307,34.45105217851528],[133.50093655078126,34.450655449789224],[133.48655938061097,34.436970350201534],[133.48371627363863,34.43724808639949],[133.509288,34.462104],[133.522472,34.483059],[133.50115,34.492174],[133.490245,34.489569],[133.456554,34.472357],[133.45173801033883,34.4724692903905],[133.45070834701266,34.47425096321143],[133.4500957088467,34.47250758255656],[133.430349,34.472968],[133.419119,34.467922],[133.414806,34.451239],[133.422211,34.445014],[133.4160518894874,34.432053061758964],[133.4083333336165,34.437499999625345],[133.40764533156687,34.4258093939884],[133.3882171631916,34.419846937386296],[133.3844978366958,34.39454126561134],[133.36222985487126,34.37069922754119],[133.34261508551788,34.366934204250185],[133.34086405423272,34.35490180137708],[133.3088026261404,34.34104919406508],[133.29423376723852,34.34577091293256],[133.305512,34.348822],[133.314952,34.366034],[133.31037177589897,34.371195797319245],[133.3208333328921,34.37499999975023],[133.31994595024548,34.378458320195364],[133.283333332967,34.383333333666485],[133.28325963661402,34.38311224459961],[133.283214,34.383124],[133.258474,34.38231],[133.258474,34.389797],[133.276622,34.40176],[133.26864677871927,34.416770306586336],[133.26588846827826,34.43243103026788],[133.25361356737383,34.42457629245058],[133.247325,34.4265],[133.24463422065188,34.418830387467644],[133.23811747274328,34.41466030522895],[133.2420006815765,34.41132392867501],[133.23500051429718,34.39137113294264],[133.2340143811694,34.388560326846395],[133.22297807246963,34.37085235431145],[133.213227,34.363105],[133.20131900132807,34.356964499285965],[133.15519680458897,34.37157830149749],[133.15000000019995,34.387499999725264],[133.1343398389344,34.38227994615785],[133.134288,34.38231],[133.10689554692308,34.384339367419614],[133.1003165358224,34.38621908479002],[133.093272,34.389797],[133.079112,34.38231],[133.08547527647428,34.352472307675605],[133.08485296052112,34.35036783076026],[133.07816321466103,34.345686863300784],[133.0727075383956,34.34186940242826],[133.05494316989143,34.34095967644794],[133.04941270870935,34.33019834015432],[133.04285065435485,34.32874452290267],[132.94244791673805,34.33263210718604],[132.94640485846435,34.3175368455125],[132.93926382529725,34.31696359051308],[132.92991739916874,34.325642903597156],[132.89786512617468,34.32435709610314],[132.85039174658573,34.29107281015572],[132.836192,34.311103],[132.83452950106235,34.31038826873584],[132.83228302014538,34.31314290362218],[132.80071987582164,34.307556830383476],[132.79109937913313,34.28407999689438],[132.79871937104795,34.28381413670594],[132.778087,34.273098],[132.77306294815637,34.272221980625666],[132.75846693280278,34.27766927052045],[132.7634996199116,34.26188252725689],[132.7642936147777,34.26275560600439],[132.76641079600205,34.2596838210147],[132.7747235053054,34.247623041631265],[132.76113213394092,34.23688252730682],[132.71033986369378,34.23688252730682],[132.6957587344781,34.22621256495796],[132.6981609950832,34.22279150974387],[132.6959124935388,34.22153012117195],[132.69257517239703,34.219657914875505],[132.68844858803197,34.22110087060872],[132.6878529823522,34.217008809931926],[132.68475115238232,34.21526871200503],[132.67841192518847,34.21171246417545],[132.66713578958513,34.217284138851994],[132.64213578963506,34.19938252738177],[132.60295172823976,34.22556728790005],[132.55925275990705,34.19512905516183],[132.55904556131483,34.1922095354164],[132.554454,34.192369],[132.544688,34.20425],[132.559825,34.218411],[132.550629,34.230862],[132.54647169458957,34.23423123080144],[132.5499847408032,34.23625013573525],[132.5437166628897,34.23646400822474],[132.533458,34.244778],[132.521007,34.269761],[132.515168283392,34.27568224144755],[132.51606394459543,34.28125474700903],[132.50502120163173,34.30486013177128],[132.509044,34.31623],[132.503673,34.328315],[132.531016,34.33515],[132.526134,34.345608],[132.517589,34.353013],[132.496837,34.362494],[132.481293,34.35456],[132.47733401332007,34.35354966304645],[132.47621493886845,34.35473395460838],[132.47581126458797,34.35316105620349],[132.461681,34.349555],[132.44158,34.350002],[132.405528,34.368069],[132.383474,34.365668],[132.3663231597247,34.35795000733864],[132.36445617651145,34.357766045866356],[132.36313086075074,34.356513451481426],[132.346039,34.348822],[132.33333198047694,34.34058097490195],[132.3306623672745,34.34165344225261],[132.3259055728477,34.33576464393227],[132.312348,34.326972],[132.222504,34.238959],[132.2317,34.225246],[132.238292,34.20425],[132.2392486444425,34.19760425108194],[132.23723534503517,34.19469604508646],[132.24037103443666,34.1898070782163],[132.243663,34.166938],[132.238943,34.142646],[132.218478044452,34.127792115386114],[132.20392252560418,34.12416551392738],[132.20548726304628,34.113355154761834],[132.201915,34.108588],[132.199067,34.064765],[132.210948,34.025214],[132.2126654951338,33.99841308756313],[132.19686291442878,33.97324515221413],[132.18631984675196,33.96267517794029],[132.18184014978692,33.95818404849616],[132.1353524103855,33.95353630935324],[132.13477830868098,33.92707464605158],[132.1338,33.913398],[132.13443226762914,33.91112482090744],[132.13396352169923,33.889519246715906],[132.15222687022055,33.871123291324025],[132.159923,33.857327],[132.16159716872832,33.84202045442941],[132.14381425652277,33.82979702421335],[132.12277628549725,33.83396369117145],[132.12367211106098,33.81755031138887],[132.12286967875482,33.81716751976741],[132.12016554933714,33.81587754418132],[132.11596289756972,33.82371792284391],[132.10110242481028,33.825102507220166],[132.108897,33.830268],[132.11123541698564,33.83803984457549],[132.11249999957533,33.837499999925114],[132.117309401208,33.87355211024175],[132.06046837721385,33.90769042996942],[132.03516333840935,33.90179843930109],[132.0091573719565,33.90932455913898],[131.98478003626974,33.924979655286904],[131.97047012298574,33.91891103874716],[131.9660779205279,33.923831846724894],[131.96279038833623,33.927515036375446],[131.96145358651393,33.94514194024839],[131.946394472917,33.94588421497578],[131.941905,33.950914],[131.92208003702714,33.95932464006304],[131.92083333299195,33.96249999967529],[131.8720118228887,33.985409962092085],[131.86646263933528,33.989011369382816],[131.86094323850182,33.992593447757194],[131.86730956988083,33.99855211089124],[131.84796820766667,34.00769042976958],[131.81185709642796,33.984781223174934],[131.8204047709829,33.98027224323021],[131.812266,33.971422],[131.82178442695192,33.971422],[131.81978522370912,33.96735263441661],[131.77948936501593,33.970166708648],[131.777517,33.985745],[131.78110913867363,33.98841066472423],[131.7835099960895,33.98847927499861],[131.78528096835078,33.991506508235915]],[[136.12200826007324,36.19125535724896],[136.12556728750042,36.19461839452333],[136.12083333359158,36.195833333641474],[136.12200826007324,36.19125535724896]],[[136.93632507334348,37.22957797584297],[136.93276604501705,37.2262149385686],[136.93749999982515,37.22500000034978],[136.93632507334348,37.22957797584297]],[[135.42617492663157,34.57042202385736],[135.42973395495812,34.57378506113173],[135.4250000001499,34.57500000024987],[135.42617492663157,34.57042202385736]],[[134.32499999965034,34.72083333299196],[134.328315735283,34.721684095244825],[134.32916666660844,34.724999999950114],[134.32499999965034,34.72083333299196]],[[134.3204220241571,34.71965840651029],[134.32378506143152,34.71609937908312],[134.32499999965034,34.72083333299196],[134.3204220241571,34.71965840651029]],[[133.15891316750879,34.3905086942209],[133.15125223780058,34.39224650097532],[133.15000000019995,34.387499999725264],[133.15891316750879,34.3905086942209]],[[132.11367492695638,33.83292202443192],[132.11723395438355,33.83628506170629],[132.11249999957533,33.837499999925114],[132.11367492695638,33.83292202443192]],[[133.33333502898847,34.3729010684296],[133.32709927021517,34.379168022886006],[133.32706773548762,34.366664971511284],[133.33333502898847,34.3729010684296]],[[133.26257120739535,34.39083794501522],[133.2632673474102,34.38400539793082],[133.2827029756619,34.38548075373387],[133.27688496906615,34.39229702398853],[133.26257120739535,34.39083794501522]],[[135.4486111114137,34.57083333329177],[135.44918891053987,34.587050035231016],[135.44521586132305,34.57355244968585],[135.4486111114137,34.57083333329177]],[[135.4069444445306,34.52083333339169],[135.4079789904381,34.522914632604284],[135.40370008718935,34.522474500797614],[135.4069444445306,34.52083333339169]],[[135.41527777754743,34.662500000075],[135.41721327057599,34.66742316324843],[135.41189507389856,34.665110948711344],[135.41527777754743,34.662500000075]],[[135.4486111114137,34.63333333316683],[135.4496456573213,34.63541463237942],[135.44536675317318,34.63497450057281],[135.4486111114137,34.63333333316683]],[[135.45000000009998,34.60833333321682],[135.42916666710812,34.60833333321682],[135.44092000315572,34.599432712349824],[135.45000000009998,34.60833333321682]],[[135.4208333331918,34.68750000002501],[135.42172376813744,34.68403015117059],[135.43333333316684,34.68750000002501],[135.4208333331918,34.68750000002501]],[[135.43750000012494,34.68750000002501],[135.44081590483017,34.688350762277935],[135.4383507623778,34.69081590473024],[135.43750000012494,34.68750000002501]],[[135.44583333314188,34.69166666698317],[135.4666666670331,34.704166666958145],[135.44668409539474,34.69498257078908],[135.44583333314188,34.69166666698317]],[[135.47083333309195,34.704166666958145],[135.47414923779718,34.70501742921107],[135.4716840953448,34.70748257076406],[135.47083333309195,34.704166666958145]],[[135.47916666700814,34.70833333301698],[135.482482570814,34.70918409526985],[135.480017429261,34.71164923772221],[135.47916666700814,34.70833333301698]],[[136.91944444420585,37.21666666643358],[136.92047899011334,37.21874796564617],[136.9162000868646,37.21830800381139],[136.91944444420585,37.21666666643358]],[[135.96944444430574,35.70416666675834],[135.97047899021334,35.706247965071555],[135.96620008696448,35.705808004136145],[135.96944444430574,35.70416666675834]],[[135.76111111078922,35.533333333166865],[135.76214565669682,35.53541463237946],[135.75786675344796,35.53497467054467],[135.76111111078922,35.533333333166865]],[[135.4777777774226,35.55833333311688],[135.4788123233301,35.56041463232947],[135.47453342008134,35.55997467049468],[135.4777777774226,35.55833333311688]],[[135.61944444410585,35.487500000224884],[135.62047899001345,35.489581298538155],[135.6162000867647,35.48914133670337],[135.61944444410585,35.487500000224884]],[[136.14583333354153,36.20833333361651],[136.14804382306409,36.20890062146657],[136.14583333354153,36.21249999967529],[136.14583333354153,36.20833333361651]],[[133.05694444473045,35.56666666703313],[133.05797899063793,35.568747965346404],[133.0537000864898,35.56830800351162],[133.05694444473045,35.56666666703313]],[[131.24027777779725,33.941666666683375],[131.24131232370485,33.943747965895966],[131.2370334204561,33.943307834089296],[131.24027777779725,33.941666666683375]],[[131.8027777775725,33.98333333356652],[131.80381232347997,33.98541463187979],[131.79953342023123,33.9849745009725],[131.8027777775725,33.98333333356652]],[[133.16944444450553,34.39166666668336],[133.17047899041313,34.393747965895955],[133.16620008716438,34.39330783408934],[133.16944444450553,34.39166666668336]],[[133.92777777782226,34.55416666635864],[133.92971310087898,34.55908983043139],[133.92439490420156,34.556777614994985],[133.92777777782226,34.55416666635864]],[[134.29027777799718,34.72916666690821],[134.29131232390466,34.731247965221485],[134.28703341975654,34.730807834314135],[134.29027777799718,34.72916666690821]],[[134.31111111098903,34.72916666690821],[134.31214565689663,34.731247965221485],[134.30786675364777,34.730807834314135],[134.31111111098903,34.72916666690821]],[[134.28194444408086,34.724999999950114],[134.28297898998846,34.727081299162705],[134.27870008673972,34.726641167356036],[134.28194444408086,34.724999999950114]],[[134.20277777817194,34.71666666693318],[134.20381232407954,34.71874796524645],[134.1995334199314,34.71830783433916],[134.20277777817194,34.71666666693318]],[[134.46527777764743,34.77083333289204],[134.46722937663446,34.77558254649739],[134.46192016598297,34.77323981346666],[134.46527777764743,34.77083333289204]],[[134.63194444428075,34.779166666808294],[134.63297899018835,34.781247965121565],[134.6287000869395,34.780807834214215],[134.63194444428075,34.779166666808294]],[[133.94943271254976,34.59704827235993],[133.9541666664586,34.595833333241785],[133.95299173997694,34.60041130873498],[133.94943271254976,34.59704827235993]]],[[[137.04527053900605,37.14476017687398],[137.045909,37.128119],[137.038748,37.120103],[137.022227,37.114447],[137.00657391949673,37.11361998724781],[136.99878743479235,37.11674126539714],[136.97798710928086,37.10365642307057],[136.972667,37.10163],[136.947276,37.096991],[136.943696,37.097357],[136.94078361895154,37.1005008573176],[136.94102376303636,37.10630154118326],[136.9258748999272,37.116594522473626],[136.915538,37.127753],[136.905284,37.143622],[136.911469,37.150946],[136.919607,37.147447],[136.923513,37.140082],[136.9261667751191,37.13882168779415],[136.92795172769013,37.13693271177527],[136.9281899320848,37.13786086432426],[136.928396,37.137763],[136.941254,37.144436],[136.950206,37.144761],[136.973643,37.153266],[136.999034,37.139472],[137.008556,37.140611],[137.027192,37.155219],[137.041759,37.159735],[137.048106,37.152289],[137.045258,37.145087],[137.0452668667409,37.14485589268846],[137.04521586082342,37.14483371280568],[137.04527053900605,37.14476017687398]]],[[[133.264659,34.331732],[133.269867,34.339179],[133.28848296330207,34.344215154695526],[133.26552225347973,34.33016309110119],[133.264659,34.331732]]],[[[132.53900272352487,34.15539110774205],[132.546235,34.144965],[132.5486511027287,34.128347384389784],[132.54583333354162,34.12083333329173],[132.54957433873332,34.12199749667198],[132.551524,34.108588],[132.577647,34.118883],[132.57946424688504,34.10707213568893],[132.57172631172,34.11292080385209],[132.56281291007335,34.073708227107055],[132.555186,34.071357],[132.53759945611523,34.0795889340455],[132.54384579135024,34.08803846580258],[132.51379394513458,34.08754645480508],[132.50535142722663,34.0997684050879],[132.47127894728527,34.08274832892612],[132.455333,34.088121],[132.473969,34.105211],[132.497325,34.117133],[132.51002,34.131822],[132.50328107770588,34.14471811861006],[132.50281541639845,34.1464762369888],[132.50242355371338,34.14635914229831],[132.496837,34.15705],[132.506602,34.167792],[132.519298,34.174384],[132.543305,34.176703],[132.54626398901303,34.17452021007592],[132.52872467050724,34.156042141231865],[132.53900272352487,34.15539110774205]],[[132.54257151316483,34.11282450354804],[132.54515007901296,34.113333807609195],[132.54583333354162,34.12083333329173],[132.54257151316483,34.11282450354804]]],[[[132.295909,34.243232],[132.279307,34.238349],[132.267914,34.244452],[132.267263,34.253607],[132.298839,34.292222],[132.328624,34.30622],[132.33839,34.304429],[132.344249,34.29564],[132.34477224106416,34.285867114986985],[132.3338810269801,34.27320600629893],[132.295909,34.243232]]],[[[132.40739610444678,33.90776604586637],[132.39233178028746,33.915809800781744],[132.36659206816944,33.898787434892256],[132.37554137720295,33.84736610104451],[132.37543403065243,33.84696273703728],[132.35617319743517,33.850617472618296],[132.3486389156535,33.8666327578955],[132.32845953776297,33.85634253343757],[132.32838,33.856513],[132.328624,33.875067],[132.32469724337508,33.87829156937631],[132.3243823582593,33.88549363842071],[132.29704589804987,33.89590793160579],[132.2723210654649,33.887534247807366],[132.2793453641973,33.872075738204785],[132.26882680271478,33.86728413865211],[132.23286421001535,33.875617472568365],[132.21386301793876,33.86141448417424],[132.208263,33.87519],[132.19337,33.89765],[132.18629,33.92121],[132.201915,33.94477],[132.226085,33.952704],[132.253591,33.9501],[132.27947,33.94123],[132.298188,33.930487],[132.326182,33.896308],[132.340099,33.897203],[132.374034,33.916815],[132.401215,33.916815],[132.407074,33.923041],[132.409679,33.933905],[132.415538,33.937934],[132.46402991680011,33.937934],[132.45416666675828,33.92916666670834],[132.40739610444678,33.90776604586637]]],[[[132.04270064860748,33.78369043968829],[132.044444,33.79328],[132.06544,33.806952],[132.078461,33.834906],[132.087169,33.8251],[132.09403469488166,33.824241714907274],[132.05456797293368,33.78516269260422],[132.04270064860748,33.78369043968829]]]]}},{"type":"Feature","properties":{"id":"b-4060043170"},"geometry":{"type":"Polygon","coordinates":[[[137.70221048962242,36.00890062096693],[137.6825866701388,36.01723395488318],[137.66874999971276,36.00880211732391],[137.63971048974736,36.02443271219994],[137.61458265476574,36.016680568753316],[137.60000000029981,36.02500000005],[137.60833333331675,36.07499999995008],[137.5500000003998,36.10416666685825],[137.55505405000451,36.14929165328721],[137.59521416540144,36.167657131471515],[137.5953681095507,36.1895880807254],[137.57443271249974,36.213511826909325],[137.64943271234984,36.297789509977974],[137.64498257098887,36.34081590413075],[137.61983032211174,36.36606275808987],[137.58835076257765,36.37168409554465],[137.58750000032478,36.3916666662837],[137.60490214002186,36.41586676693777],[137.6368825275067,36.43117302761317],[137.65354919443985,36.46033969452134],[137.65482822014633,36.49501987017095],[137.67842983636797,36.517284138752075],[137.70416666705808,36.51666666693319],[137.7034810383193,36.53671976700372],[137.68750000012494,36.5416666668832],[137.69265950513216,36.57005038761537],[137.74921603759014,36.588192070407786],[137.7452029757368,36.62122972247374],[137.75833333301694,36.662499999675276],[137.79960394926286,36.64903225363565],[137.8208333328921,36.62083333369145],[137.8666666667333,36.61666666673335],[137.8727895102278,36.632766045816425],[137.8907609729406,36.63397115084797],[137.92973395445847,36.71887715695527],[138.00612284299484,36.82443271239981],[138.06666666633362,36.791666666383605],[138.1102895097531,36.81609937848356],[138.138495890473,36.796446058538834],[138.16343722854538,36.795266045491644],[138.2049133299862,36.81723395418368],[138.22292548252506,36.808795165764366],[138.28664906849974,36.84668409549465],[138.29583333374137,36.88750000012493],[138.32916666670837,36.87916666710805],[138.39583333354153,36.99583333294203],[138.52083333329176,37.02499999985014],[138.5423346629144,37.049471028465234],[138.54650132897325,37.08316480880893],[138.52849867057728,37.11197102834035],[138.529910277937,37.13677198583855],[138.5979166666209,37.137968614759814],[138.67433878600627,37.20506625740188],[138.67973395475826,37.23824666335287],[138.64630211724898,37.289583333703945],[138.70833333291705,37.37083333309192],[138.66723395478323,37.41054382343873],[138.75776604586633,37.526956177185866],[138.7410993789332,37.54677056211182],[138.75473395460835,37.60221049002217],[138.7827660458164,37.64778950997794],[138.77657309928787,37.66616554908426],[138.77770837445468,37.66943479934879],[138.77832971168553,37.67122406327856],[138.84075571720268,37.67854953363411],[138.86249999957533,37.654166666458536],[138.8494327117503,37.6279517282897],[138.85890062136662,37.609079996544665],[138.84526604569157,37.592654758010724],[138.87499999955037,37.499999999800195],[138.86333923341897,37.46328752270108],[138.87429436539276,37.46169297974728],[138.88432684960446,37.429858737490804],[138.9333333333667,37.4249999999501],[138.9371466746794,37.39757554827298],[138.92083333339167,37.37916666700812],[138.94953070707652,37.366049025242376],[138.96874796554619,37.37861735031055],[139.0074669731224,37.37150149879517],[139.05097011947555,37.417081705856106],[139.074530707726,37.40354902516742],[139.120833332992,37.41249999997507],[139.13333333296703,37.400000000000034],[139.19999999980018,37.41249999997507],[139.23390062151657,37.386285060906914],[139.2374999997253,37.35000000009995],[139.2160993788833,37.338350084289004],[139.21249999977522,37.283333333266796],[139.1663133411878,37.24337955022611],[139.19998609718073,37.19374932187378],[139.19131334113786,37.160075547848294],[139.18248257151356,37.146684095794456],[139.12173292393538,37.14517211869838],[139.07916666700817,37.12083333359152],[139.07952134883124,37.08088107670039],[139.09964667435463,37.06492445240161],[139.0909298371423,37.01755913604535],[139.03992445185202,36.98368665951176],[138.9666666663336,36.97916666690821],[138.9672461615811,36.93008728050364],[138.98333333326673,36.891666667083086],[138.93995361346856,36.896186658787315],[138.9214430062898,36.882319471666335],[138.91640218121574,36.8511372882553],[138.9291666664086,36.83333333326675],[138.85245361364343,36.81214667462939],[138.82499999965034,36.81666666633362],[138.82859937875844,36.77695617688613],[138.81741332966146,36.7619327125247],[138.79668426496687,36.76164923812189],[138.7850755479982,36.74618665908707],[138.7321667143225,36.767046102096],[138.71152225065146,36.738149685059966],[138.67563764805902,36.732427639723824],[138.6743687945842,36.713502671710955],[138.65518357985843,36.69526604569148],[138.5973290334082,36.71665344200278],[138.59045172796493,36.70359937870842],[138.5519561767362,36.70776604566652],[138.52257554762343,36.695480007896094],[138.5291666663087,36.6499999997003],[138.47278950992802,36.6410993788333],[138.42982788045242,36.59493374279805],[138.42881249280242,36.55588243302793],[138.40418124726682,36.51875000041224],[138.40416666655847,36.43333333316684],[138.43333333346663,36.41250000017493],[138.45738237139938,36.420166693638066],[138.46371493859363,36.40776604536677],[138.50221048982235,36.41193271232487],[138.53675333629747,36.399432712349835],[138.5909200031557,36.42556728799997],[138.645833333042,36.40833333321683],[138.6500000000001,36.30416666645857],[138.60000000009995,36.2791666665085],[138.61315477127573,36.221806166221654],[138.63297526079975,36.20587632912935],[138.5753533257954,36.168408881065034],[138.60195617663635,36.13390062161642],[138.64166666698316,36.12083333289206],[138.6449213665279,36.10076666924647],[138.62916666700812,36.091666666883214],[138.64223395483316,36.07177056236162],[138.63407202810163,36.025879584675124],[138.71249999987515,35.983333333166854],[138.71309848340832,35.96341569707681],[138.73749999982522,35.94166666628365],[138.72916666680828,35.91250000027486],[138.7061228433946,35.9119327124248],[138.6746041192847,35.871801079456304],[138.62083333309192,35.87083333339166],[138.59387715660557,35.91609937848358],[138.50833333331673,35.92500000024984],[138.49362284381925,35.91306728812492],[138.45806867822694,35.93030378529153],[138.4630672882248,35.94269188802025],[138.44097052646873,35.965776062215525],[138.37083333359158,35.97500000014992],[138.37556728750042,35.99241333011116],[138.32973395455838,36.07695617648642],[138.32916666670837,36.10833333291703],[138.3041666667583,36.112499999875126],[138.28211839464825,36.086932712075054],[138.2352895104026,36.092233954733274],[138.16349775561696,36.117343817663084],[138.13240695501702,36.16574028858349],[138.08124932169892,36.15418056937784],[138.04661000584713,36.16178012395363],[138.0250000003498,36.07916666690818],[138.00245361354348,36.083686659511784],[137.9416666665835,36.062499999975046],[137.8285993789582,35.942654757710955],[137.8624999997752,35.91250000027486],[137.85063849596986,35.90317874490319],[137.85786471858194,35.87291666687071],[137.84526604589132,35.83528951000295],[137.8249999998502,35.81249999957538],[137.80416666685824,35.850000000399746],[137.81701999247878,35.88504621720921],[137.79548000729653,35.9600462170593],[137.81666666683327,36.05416666695817],[137.804976060297,36.054854668108476],[137.7949723984575,36.07801072871223],[137.77869737368496,36.07438235815937],[137.76249999997503,36.087499999925114],[137.73750000002508,36.07083333299198],[137.73693271217496,36.05195617653635],[137.70221048962242,36.00890062096693]]]}},{"type":"Feature","properties":{"id":"b-4060043180"},"geometry":{"type":"Polygon","coordinates":[[[142.01002065495,39.415223641631854],[141.980968,39.412421],[141.9758149470731,39.40908494205951],[141.97457207614048,39.40918223057554],[141.97609931113436,39.42048729775064],[141.94836401481862,39.39131336047069],[141.938731,39.385077],[141.9414617244646,39.384053045542615],[141.94101121649453,39.38357916954311],[141.9502649939344,39.374357943964014],[141.9578530825071,39.377906689750304],[141.964122,39.375556],[141.95338,39.362006],[141.93303174244656,39.348664302105206],[141.91666666673336,39.35416666665839],[141.89999999980023,39.33749999972525],[141.90886224153653,39.332817137867075],[141.905284,39.330471],[141.924653,39.324897],[141.946788,39.33039],[141.9692121279822,39.34389761764265],[141.98141070467713,39.34704758461024],[141.98355299923242,39.32802305150935],[141.98212338284867,39.32601736218975],[141.963715,39.312567],[141.96122763898808,39.31166533927437],[141.8951778835525,39.30327334948555],[141.92008366703243,39.290788227118796],[141.92147968828192,39.2896925145056],[141.92802032857392,39.28455888056633],[141.92666784993386,39.275214],[141.899099,39.275214],[141.899099,39.2698191771802],[141.8958333337414,39.27083333289204],[141.899099,39.26652350398386],[141.899099,39.248521],[141.9124901607844,39.24885065951903],[141.91796705493573,39.2416225857138],[141.94215689652088,39.24958098618686],[141.947032,39.249701],[141.949229,39.228013],[141.93910660016394,39.21969212906994],[141.93357916964305,39.22148878318086],[141.91228651488996,39.207209889537204],[141.90211,39.204332],[141.878673,39.207587],[141.88045254615386,39.198640806000945],[141.87499999985016,39.200000000000045],[141.88537767174228,39.18815544931459],[141.89119366939792,39.18795256751158],[141.893728,39.186754],[141.918471146884,39.1870010362109],[141.9242645260871,39.186798943416534],[141.9225654560982,39.18103198577999],[141.9207214303218,39.17803004250332],[141.91619397269577,39.17065966235191],[141.86930208613364,39.155825561232206],[141.843761,39.15233],[141.84785717252007,39.1490415301264],[141.8417256669061,39.14710184757229],[141.85728596506422,39.14147195143453],[141.861095,39.138414],[141.87233152252915,39.13167585002366],[141.8758636475893,39.12154168060414],[141.9021898332141,39.11377086430289],[141.908865,39.109768],[141.91250546860437,39.09997224399663],[141.8970628017619,39.09190191746592],[141.890473,39.089545],[141.86516564791498,39.096339568380124],[141.85706481938598,39.10410766623585],[141.81750115325565,39.11274414092941],[141.81236741832174,39.088494534395295],[141.83634629157552,39.08295956638986],[141.859711,39.07331],[141.871837,39.062934],[141.8635485542854,39.060840241234956],[141.8429442806618,39.056962453682246],[141.823253,39.056708],[141.823253,39.0532564942079],[141.8201778837024,39.05267774787984],[141.823253,39.05098250610442],[141.823253,39.049262],[141.848155,39.035102],[141.85156953248747,39.031026575704594],[141.84142153214614,39.02306253117225],[141.806488,39.029486],[141.7944728271057,39.02809700767986],[141.79017774760507,39.03398878265625],[141.76723185525648,39.024947864423716],[141.766368,39.024848],[141.745616,39.02619],[141.727712,39.036282],[141.7279416243385,39.02944163652572],[141.7225060353253,39.0327460391984],[141.71759101011708,39.02148437510385],[141.7343231261477,39.01136160668715],[141.74380487987665,38.995326601317565],[141.74560543947803,38.98782984957855],[141.727061,38.987616],[141.72632440094623,38.98689254776571],[141.72083333319188,38.987500000424745],[141.6993825274817,38.9740003797138],[141.7297841389269,38.959100680951735],[141.7162119240969,38.94710977130061],[141.704112,38.950588],[141.680024,38.970771],[141.673106,38.981024],[141.686209,38.985907],[141.693614,38.995307],[141.67388025691704,38.99600478871622],[141.6750308568886,38.998587035963],[141.63333333336675,39.00416666645856],[141.62859937855853,38.9840799964947],[141.64071289325264,38.9641594220131],[141.64181599597052,38.95420502436281],[141.63693271247473,38.952951728339656],[141.64231974175854,38.94965922295422],[141.645274,38.923],[141.668793,38.872626],[141.67204318302544,38.85863505178698],[141.66160889963942,38.858856003558785],[141.65211,38.864325],[141.645681,38.882636],[141.636729,38.891099],[141.6288488603906,38.888738297159385],[141.62799173992687,38.892077976117776],[141.6244327124997,38.88871493884341],[141.62676922508774,38.88811528776993],[141.62574069733242,38.88780716526018],[141.61938140823716,38.88590207314562],[141.61933593790332,38.88775499169958],[141.6165702486795,38.885302715781684],[141.60601038714526,38.88414425604277],[141.59800244659434,38.88326575240995],[141.59583333344165,38.887499999725264],[141.59494429666222,38.882930260930216],[141.588552,38.882229],[141.584483,38.873114],[141.583751,38.854438],[141.589366,38.826077],[141.58792312651434,38.821749012659964],[141.57996927905901,38.820098199172605],[141.5787321089437,38.81159815293354],[141.57731144307124,38.81029856303791],[141.57547670812306,38.80862019302426],[141.56371256538262,38.81257459863889],[141.5215504961585,38.78651360371987],[141.51666666663345,38.77083333299197],[141.5426642521536,38.74234381781298],[141.54814977692996,38.742020937065234],[141.549083,38.74079],[141.567068,38.728827],[141.56894211687967,38.7253822011384],[141.55771586079845,38.719465467857106],[141.5692616716324,38.710502114464454],[141.566417,38.703559],[141.559744,38.69953],[141.55524184787046,38.70269176840765],[141.55342881958438,38.707557847716544],[141.53196546743243,38.71311747189384],[141.5196746830403,38.68761393253703],[141.49561903239248,38.686478678748074],[141.49463348005563,38.67852488526221],[141.491059,38.677558],[141.48421320915145,38.67359773628175],[141.47546929297357,38.67561747196879],[141.46630051348166,38.66323531062101],[141.4652828540395,38.6626465985415],[141.4645699599381,38.66223419204135],[141.44938252798136,38.66956210640615],[141.4453779431376,38.64675699903631],[141.484600826463,38.64108525794183],[141.485199,38.640855],[141.48674966806814,38.640774529300685],[141.53395080538542,38.63394910986358],[141.53222673330487,38.62616149357789],[141.528087,38.617906],[141.511404,38.597398],[141.48846677850443,38.58298311059826],[141.46349351681238,38.57847459582598],[141.46339043472085,38.566803995607984],[141.47134111019787,38.56578708243903],[141.4779372472694,38.560038613535944],[141.48891686672752,38.55046998263304],[141.48681945845135,38.546309068508776],[141.49637824186243,38.53681945825144],[141.50019971203963,38.54114299631981],[141.514659,38.534817],[141.529145,38.549018],[141.53336927349332,38.54399317154683],[141.53347710548405,38.53463880733517],[141.54286071478808,38.531740628053235],[141.547618,38.518622],[141.54607778834279,38.5066779008102],[141.53647494875997,38.48328721813067],[141.52829943476857,38.486635369552644],[141.524181,38.489691],[141.514822,38.508043],[141.51293789274243,38.50356828084466],[141.51272345692212,38.50756971556996],[141.4916666666834,38.50833333351659],[141.50288179116995,38.47968522951978],[141.49880295634776,38.46999807384599],[141.49288262293476,38.4632327609832],[141.49496551751952,38.46088422909905],[141.494965,38.460883],[141.49496795448684,38.46088148133854],[141.50516628649495,38.449382527881426],[141.50581605222152,38.449989989268275],[141.507986,38.446601],[141.47680082585774,38.43732823270236],[141.4660491940151,38.43640543576231],[141.4705571197897,38.43006665644555],[141.47047,38.429511],[141.477224,38.418443],[141.47727485521136,38.415808824849265],[141.47053358245898,38.40090433736532],[141.477486073996,38.40486821013323],[141.47755,38.401557],[141.487559,38.392035],[141.499034,38.399604],[141.51381561166127,38.40168436932152],[141.5187500001125,38.39639485693715],[141.53047338886597,38.39972108647839],[141.537608,38.398179],[141.53914737881829,38.39643235841272],[141.5350601940723,38.38778080146335],[141.520356,38.39053],[141.509044,38.385159],[141.50548229546817,38.37894459373127],[141.48827548512565,38.3784288198342],[141.50401952752705,38.37639237914361],[141.501231,38.371527],[141.525238,38.359931],[141.529796,38.317939],[141.5420907531626,38.30349235816084],[141.51839676348112,38.2728445171867],[141.50925714521838,38.279416517480534],[141.49083082418326,38.303402031878306],[141.46270821938572,38.31049043832345],[141.46754,38.317816],[141.467052,38.323065],[141.46433500543333,38.32535298001179],[141.47147623653916,38.3318854433586],[141.46149766668407,38.34616054946986],[141.44728122245056,38.33685709617811],[141.42652745374102,38.343187157349895],[141.425548,38.343573],[141.43786485869597,38.36788835790872],[141.44230957053037,38.36978285009849],[141.43919865929624,38.37052148375475],[141.439708,38.371527],[141.4336654334652,38.37615459757309],[141.43374464230146,38.37617492633183],[141.43038160502715,38.37973395465832],[141.4301532853748,38.37884431689782],[141.428071,38.380439],[141.418321455999,38.37953820568149],[141.41998765720473,38.390952555616025],[141.40538160507708,38.40056728765023],[141.38209327368918,38.383341094031834],[141.37615,38.385443],[141.36272566263486,38.39552324975073],[141.36155056410735,38.4118316649994],[141.32424772030507,38.408661242267385],[141.31889440981638,38.408456442315185],[141.31368032980458,38.40825696886049],[141.31250000007503,38.42499999975024],[141.33924221435677,38.43714667407977],[141.37254977725047,38.43298000802099],[141.4166666668333,38.48333333356652],[141.3949191621897,38.50356275741535],[141.36151190854775,38.50473395440849],[141.3479281958297,38.49212646476457],[141.31028950965322,38.500567287450394],[141.29230617948667,38.51347351029432],[141.2964006209919,38.54878506128159],[141.28276604531675,38.55907999644472],[141.2924224852096,38.58674112989928],[141.34387715650564,38.57973395425864],[141.39999999990016,38.604166666358594],[141.3755672878002,38.66028950975311],[141.371400620842,38.71471048959745],[141.4116126163292,38.73820834653799],[141.40359937900826,38.76545172781505],[141.43748677529447,38.784829034132656],[141.43270975734947,38.81159091568827],[141.39619140610853,38.82670966232109],[141.4089006207671,38.84657999676949],[141.39943271205004,38.863246663702625],[141.4124999998752,38.87916666670833],[141.41313781705662,38.94076097284068],[141.46666666673332,38.991666666483525],[141.46193271192521,39.04878506118166],[141.4785386827141,39.055074734311575],[141.47973395455847,39.075746663277926],[141.45637715628084,39.10776604536676],[141.41318630670276,39.11333923311918],[141.41188252805625,39.135493638720504],[141.38749999992513,39.162500000075],[141.3872355147073,39.19469621405909],[141.4524244524266,39.200353325645494],[141.47499999975025,39.21249999997508],[141.4841359453177,39.23676486530633],[141.55833333351654,39.258333332917005],[141.5895833330045,39.246302117149014],[141.6312499998877,39.25369788265124],[141.65322943788829,39.24109937903319],[141.6958333332418,39.26666666683326],[141.68333333326677,39.29166666678327],[141.69052937822823,39.32109798888115],[141.6673709443137,39.32175276008189],[141.65473395420872,39.377210490072116],[141.67173292333575,39.40350545261458],[141.7355438235886,39.40890062136663],[141.74097866503348,39.42419043613978],[141.72175971134163,39.43009304465835],[141.72083333319188,39.44583333344161],[141.6816202803517,39.437146673879965],[141.66075778504376,39.4538133408131],[141.63507554769842,39.454519992104],[141.59498257118878,39.4991490680751],[141.55221049002216,39.5244327123998],[141.4925784641249,39.52978091765527],[141.49583333364149,39.55833333321681],[141.43038160502715,39.55776604536675],[141.43368665941182,39.58088260235024],[141.4232883031127,39.59130893296094],[141.34166530990615,39.63540072965998],[141.36249999997506,39.670833332992004],[141.38575778559334,39.67118665863745],[141.4124999998752,39.691666666883236],[141.39583333294206,39.71456858357334],[141.4077948674393,39.7605124575839],[141.47296820731697,39.76730940050845],[141.50087551579247,39.812750244128495],[141.52408447272035,39.80769059894203],[141.52499999965028,39.81666666663341],[141.5035363093533,39.85872955322634],[141.50757446319096,39.87841067841015],[141.4742533367222,39.874432711700365],[141.41036512624964,39.892309401158],[141.39486897822087,39.92403581380182],[141.3758531355138,39.933599344734034],[141.3784176296699,39.9701248168069],[141.31666666703313,39.983333333266785],[141.28161790604156,40.045479329407556],[141.1934088816147,40.06285332572048],[141.16666666643357,40.091666666983144],[141.1217488604217,40.096476067716424],[141.09068027037824,40.04238382965008],[141.05490349649926,40.02438235835922],[141.01450636117966,40.028549024418],[140.98399149541126,40.0116861982595],[140.9617058652335,39.979960801849586],[140.91666666693322,39.958333333316716],[140.8583333331169,39.958333333316716],[140.85359937920805,39.93824666335286],[140.87916666700812,39.879166666508524],[140.85000000009995,39.87083333349159],[140.82328711630748,39.88785332607017],[140.7869327123749,39.873785061331546],[140.7833333332668,39.829166666608444],[140.85000000009995,39.7958333336415],[140.7875000002249,39.74166666678332],[140.7880952623865,39.72186024985069],[140.82526465533965,39.69052954790038],[140.82026604534178,39.65195617653637],[140.8029051035877,39.60830976728198],[140.7799413045476,39.60342746300705],[140.77839525034062,39.58827141699237],[140.73750000032487,39.56250000017491],[140.7368387854816,39.521732923335776],[140.71609937858352,39.50093722877017],[140.72411261680384,39.47987518289341],[140.67952524779207,39.452455308765536],[140.68785332607024,39.427451070310724],[140.66327667208077,39.41594679071187],[140.65833333351657,39.39166666658343],[140.6747107613926,39.386679415922345],[140.70897606719177,39.33408389615494],[140.69667443157982,39.29972534145139],[140.72011430563077,39.298961893476644],[140.72156745087727,39.28000725682949],[140.7833333332668,39.23749999992509],[140.76748725003665,39.20028923905721],[140.82839202886908,39.174260795998975],[140.81912044934927,39.16214667442955],[140.77173902703453,39.16602901892412],[140.75390201116898,39.13863728818035],[140.76723395418367,39.129913330136105],[140.75958302853405,39.08351067417834],[140.80473395410877,39.07795172808983],[140.80359937840865,39.05195617683614],[140.76723395418367,38.99804382296412],[140.7791666663087,38.95833333351658],[140.7500000002998,38.96249999957536],[140.7125000003748,38.92499999965031],[140.63958333310438,38.88334791437478],[140.61666666663348,38.8999999997003],[140.60209469251606,38.8837931318476],[140.5466842650668,38.87831590445546],[140.54146525102055,38.86788533534002],[140.59494595009562,38.83679165331222],[140.60070427768028,38.78841959628738],[140.64583333354153,38.76666666693319],[140.61320173437264,38.73656209346592],[140.60776604576643,38.7075866700888],[140.62024722652836,38.699081081826535],[140.62083333359158,38.66666666623371],[140.5996041190349,38.63846774628951],[140.5566204498739,38.650353325845344],[140.53795403335198,38.63541666674581],[140.57973395455838,38.56741333036098],[140.5577660458664,38.54045172826471],[140.57140062154156,38.52182142491887],[140.5678287086281,38.50457255038293],[140.59902089429886,38.49103393596744],[140.61666666663348,38.45833333361651],[140.58333333366647,38.441666666683375],[140.57129516613907,38.410425483249526],[140.57801615412222,38.39210239011328],[140.52499999985014,38.34999999990015],[140.52378506163132,38.307766045166886],[140.50530378584108,38.31276448609219],[140.49521416590107,38.28015713174631],[140.4715532088136,38.27005683055836],[140.4788133412627,38.18090888153972],[140.4657792833873,38.15487501377095],[140.42500000004998,38.125000000349814],[140.4199213665779,38.07993316678227],[140.34792616086372,38.050388251316804],[140.28750000032483,38.054166666558444],[140.27918056902809,38.03541734513442],[140.29201999202905,38.01838226283121],[140.2746466747043,37.993383449986254],[140.28390062121673,37.93824666375258],[140.2666666664336,37.92083333289207],[140.2708333333917,37.86249999997506],[140.2493440411946,37.813459778146296],[140.18816121446855,37.76576707618966],[140.1883509318501,37.75501759848345],[140.24109937863352,37.73971048974738],[140.22890201131884,37.70947045229957],[140.24166666648352,37.70416666635862],[140.2425864328177,37.67974955210019],[140.2785993785585,37.65637715688035],[140.28333333336673,37.62499999955037],[140.24236907926968,37.590733506646075],[140.2282550390389,37.55894758406379],[140.1916666665835,37.554166666658375],[140.16666666663343,37.527069261537235],[140.19165242491954,37.50625033928179],[140.20833333351663,37.449999999900115],[140.17972818980422,37.41458333345412],[140.19509463850682,37.37587975374771],[140.16471049009715,37.338067287975036],[140.10416666675837,37.31666666623369],[140.09131334113783,37.29754977750031],[140.1124999997752,37.26250000027483],[140.06627078616793,37.21346774643939],[139.97916666700814,37.20416666645855],[139.962500000075,37.15416666655847],[139.8950866702137,37.15473395440853],[139.83005404995447,37.13262498615421],[139.81609937858354,37.11592000360531],[139.81909111905998,37.075353325395724],[139.77500000044972,37.08749999972525],[139.752160305154,37.071450805510324],[139.67533094576663,37.05747172024377],[139.67003072114096,37.04240180140209],[139.62589959079355,37.03267211892319],[139.62083333289206,37.01666666683326],[139.586753336897,37.01723395468332],[139.50833333311687,36.97083333299196],[139.45833333321684,36.97083333299196],[139.45772569458518,36.95508015962173],[139.39583333334167,36.912500000075],[139.34674682610523,36.917274305664705],[139.3375000004247,36.92916666700813],[139.31156277110506,36.91193271222494],[139.286562771155,36.92140062094194],[139.26513637934045,36.89587368392341],[139.24508666971406,36.904733954908124],[139.1758507621031,36.888350762377854],[139.16668124754165,36.93958333350412],[139.17973395465833,36.9924133299113],[139.07952134883124,37.08088107670039],[139.07916666700817,37.12083333359152],[139.12173292393538,37.14517211869838],[139.18248257151356,37.146684095794456],[139.19131334113786,37.160075547848294],[139.19998609718073,37.19374932187378],[139.1663133411878,37.24337955022611],[139.21249999977522,37.283333333266796],[139.2160993788833,37.338350084289004],[139.2374999997253,37.35000000009995],[139.23390062151657,37.386285060906914],[139.19999999980018,37.41249999997507],[139.13333333296703,37.400000000000034],[139.120833332992,37.41249999997507],[139.074530707726,37.40354902516742],[139.05097011947555,37.417081705856106],[139.0074669731224,37.37150149879517],[138.96874796554619,37.37861735031055],[138.94953070707652,37.366049025242376],[138.92083333339167,37.37916666700812],[138.9371466746794,37.39757554827298],[138.9333333333667,37.4249999999501],[138.88432684960446,37.429858737490804],[138.87429436539276,37.46169297974728],[138.86333923341897,37.46328752270108],[138.87499999955037,37.499999999800195],[138.84526604569157,37.592654758010724],[138.85890062136662,37.609079996544665],[138.8494327117503,37.6279517282897],[138.86249999957533,37.654166666458536],[138.84075571720268,37.67854953363411],[138.77832971168553,37.67122406327856],[138.809426,37.760772],[138.827024,37.797287],[138.857677,37.827826],[138.930394,37.874923],[139.0177441110083,37.922831419638264],[139.08121476174057,37.95585071401835],[139.08737981754746,37.956208974616715],[139.12954835915227,37.958659451533826],[139.13390062081703,37.947789510277744],[139.14583333294206,37.93749999982521],[139.13298000732152,37.956620449873924],[139.13502224149994,37.95978150059125],[139.215943,37.989934],[139.2166255702994,37.99033467258725],[139.22431369382195,37.992721218909196],[139.23707692855302,38.00233973438315],[139.304535,38.041938],[139.408051,38.131903],[139.425141,38.151272],[139.432384,38.169135],[139.44025151692378,38.2235092228059],[139.4454800075963,38.2309088814398],[139.44234712852023,38.23799247755628],[139.462169,38.374986],[139.47283,38.412502],[139.492686,38.454169],[139.529959,38.508002],[139.599215,38.648254],[139.627059,38.681214],[139.64777846402552,38.69620390910604],[139.64914923754736,38.696684095394744],[139.69493374269814,38.72982788095197],[139.69523978460074,38.730540747192144],[139.716156,38.745673],[139.74393499233898,38.77526007139233],[139.7449825712887,38.77585076220299],[139.74558724266322,38.77701986338568],[139.747406,38.778957],[139.773844,38.817117],[139.815274,38.941063],[139.8220355456247,38.95564788894373],[139.82531670470223,38.957182820930484],[139.82352201681388,38.95885425896852],[139.8356631390029,38.98504308155551],[139.84166666638362,38.991666666483525],[139.85574084989187,39.028351401844105],[139.857564,39.032284],[139.85932045846923,39.03768174724406],[139.86631334068818,39.05590888158969],[139.8755672880999,39.09508667021373],[139.87440668352286,39.09917932326499],[139.891938,39.133205],[139.89658880570698,39.16984822002256],[139.9047339541088,39.18258667003886],[139.89917035154863,39.19018795430398],[139.903581,39.224939],[139.91043257813058,39.244343710796585],[139.91203816772736,39.24792548247507],[139.91193664147988,39.24860344683943],[139.916843,39.262499],[139.93181,39.287112],[139.9521320407257,39.29460115495173],[139.96570671898996,39.29648929204723],[139.97099005850194,39.305477842982405],[139.99531,39.327329],[140.0073029865164,39.367257064689305],[140.00798000737154,39.36840888096515],[140.00991123037176,39.37594065065347],[140.048577,39.50467],[140.05003237527492,39.53492372045044],[140.06285332552056,39.66837955077568],[140.0575187260057,39.69054678627169],[140.059296,39.727492],[140.04409914208517,39.75896415879186],[140.04902818440326,39.76173180517873],[140.04228912636162,39.762712637759456],[140.039117,39.769282],[140.03909,39.793283],[140.027599,39.82453],[140.004568,39.850898],[139.966482,39.880072],[139.95504236773468,39.88474909308078],[139.9521603056536,39.88688235773469],[139.9456488718765,39.8885896233936],[139.921397,39.898505],[139.91232006255643,39.89732827198507],[139.899678209282,39.900642903247444],[139.85918646888047,39.891400485144345],[139.86048138966737,39.87716971178098],[139.8546788874377,39.871822750152575],[139.84717201712414,39.86490522631077],[139.82644805903078,39.8673095702805],[139.8166633559156,39.858059],[139.80531252605834,39.858059],[139.793745083369,39.86606377452364],[139.76674525678038,39.858059],[139.760102,39.858059],[139.751801,39.866278],[139.7375914440997,39.89021047094604],[139.73261345774495,39.903390163924996],[139.72840609667006,39.904488157513484],[139.708669,39.924262],[139.704172,39.945157],[139.70868044003282,39.94721955372653],[139.72108645947264,39.95099080408238],[139.7188032621771,39.95185061555383],[139.719438,39.952141],[139.70099,39.960661],[139.697731,39.988566],[139.70057285831336,40.005247747389646],[139.7008567984979,40.005518119291025],[139.7097366016171,40.000712037075864],[139.7151191174584,39.99779881779491],[139.72948845752637,39.98269042951978],[139.79786495590304,39.95897623706372],[139.81398342535635,39.961651581346764],[139.822113,39.961086],[139.866925,39.984297],[139.904193,40.017695],[139.978038,40.125474],[139.9935,40.169623],[139.988611,40.191114],[140.011152,40.235458],[140.019411604404,40.31077657092035],[140.0245313857149,40.33958333300444],[140.02297557679975,40.34327610655358],[140.024263,40.355016],[140.01329088962672,40.36626309182888],[140.01153225391045,40.37043728275444],[140.0059069264859,40.37238301573674],[139.946056,40.41885],[139.942638,40.434394],[139.94542300485537,40.474814955557875],[139.94640062099188,40.478420003180645],[139.9453504431438,40.48502875617356],[139.942786,40.544586],[139.9348317691555,40.55122260927169],[139.9327080624272,40.56458706294268],[139.92853516335416,40.570755161789556],[139.928503,40.57097],[139.92800973372542,40.571531816539746],[139.92062072716487,40.58245374924121],[139.91856281860422,40.582291589583484],[139.915155,40.586173],[139.876396,40.583438],[139.86762622061937,40.58644114086667],[139.859994429142,40.606878112396096],[139.860362,40.608791],[139.900297,40.642475],[139.91494958431946,40.64496786089068],[139.9239240854282,40.64517788355255],[139.92442286182367,40.64657956040265],[139.925842,40.646821],[139.938624,40.66985],[139.95954,40.677693],[139.986877,40.7179],[139.998156,40.742104],[140.045977,40.76777],[140.0635100746368,40.76612662648478],[140.10342000283094,40.745266045691494],[140.10535351332942,40.74534451269406],[140.107618,40.744073],[140.122359,40.744766],[140.12787612352196,40.746258540165385],[140.13137715623088,40.746400621391615],[140.13314199775442,40.747683110191154],[140.140139,40.749576],[140.154774,40.761448],[140.19690441279732,40.78579782830985],[140.20696893181918,40.783008757505556],[140.219088,40.778335],[140.240571,40.783515],[140.258067,40.79564],[140.270763,40.812405],[140.296641,40.873765],[140.309255,40.936225],[140.316254,40.954413],[140.315115,40.978502],[140.321922,41.027445],[140.324834,41.027461],[140.340994,41.005072],[140.369594,40.986055],[140.382335,40.988267],[140.37588,41.012368],[140.369629,41.021662],[140.376861,41.028009],[140.385582,41.029425],[140.407793,41.025698],[140.398987,41.039372],[140.350586,41.038844],[140.340665,41.050035],[140.326905,41.041187],[140.323956,41.045285],[140.321852,41.082921],[140.32023473737883,41.08503529685967],[140.32022823794284,41.085506184862595],[140.31911262700586,41.08650226604987],[140.300162,41.111277],[140.2831378844022,41.11862257173804],[140.2813393484322,41.12022840741514],[140.24764062180876,41.125185628695405],[140.2470086397196,41.12772345440326],[140.25608310236896,41.13884966565792],[140.256184,41.138897],[140.27008447508965,41.13970398623205],[140.30054067001595,41.13272840739012],[140.30910050646068,41.14076260643473],[140.320433,41.14978],[140.32147016240205,41.15237267382188],[140.32422400583323,41.1549574108559],[140.32506816524892,41.161366875476205],[140.329367,41.172113],[140.332774,41.191311],[140.32988020860697,41.197903365007804],[140.3354472741098,41.240172524974156],[140.341006,41.246463],[140.338221,41.258896],[140.33963008736868,41.26126702712082],[140.3590187803215,41.25404026605589],[140.359148,41.25395],[140.391481,41.240443],[140.435802,41.198147],[140.462248,41.183887],[140.483674,41.183468],[140.511068,41.197719],[140.524756,41.219976],[140.548598,41.226243],[140.5929232038237,41.22030968959388],[140.59441860592838,41.21983618209398],[140.62752960612093,41.19771381774314],[140.63341704920612,41.192616128182785],[140.642666,41.171379],[140.631033,41.105658],[140.641287,41.04149],[140.654552,41.00849],[140.65930671677864,40.97942710577263],[140.6630672874254,40.94778950967816],[140.66573508259344,40.9401341416641],[140.673025,40.895575],[140.68916554090742,40.87289930171817],[140.69258643281773,40.86308288596649],[140.69921619493434,40.85877922980999],[140.703122,40.853292],[140.7135983619598,40.84944316305915],[140.73112284384422,40.83806728817484],[140.74468845319512,40.83802119309474],[140.752403,40.835187],[140.78483987103596,40.83788476112375],[140.79409111891005,40.837853325970286],[140.795215726458,40.838747716719936],[140.799223,40.839081],[140.852068,40.883849],[140.85219600903096,40.88406364736536],[140.85763651501327,40.88839043517049],[140.85836915509637,40.89441486656365],[140.870726,40.915135],[140.8673346627645,40.92315488373063],[140.8673346627645,40.9373314752674],[140.86604372866802,40.938006548735395],[140.870837,40.944852],[140.862808,40.947269],[140.853601,40.944919],[140.84052,40.952972],[140.861488,40.957134],[140.8610665713782,40.971544732391],[140.86364523428762,40.97359590540783],[140.870963,40.977978],[140.868535,40.984267],[140.882332,41.007822],[140.888675,41.010778],[140.902885,41.008996],[140.914406,40.996098],[140.938836,40.994341],[140.948703,40.990748],[140.966432,40.969602],[140.981402,40.959769],[140.98179,40.953812],[140.975066,40.937755],[141.010997,40.929511],[141.047156,40.91475],[141.058222,40.916523],[141.06073681431263,40.915074697663464],[141.07262320537214,40.90373871832692],[141.083705,40.886413],[141.09855052690605,40.879011988431486],[141.10205688491737,40.8756679959813],[141.10528037695255,40.875656924083565],[141.111346,40.872633],[141.126269,40.872919],[141.147145,40.87884],[141.185249,40.911215],[141.19121416192894,40.922264849663925],[141.21193271242475,40.956122843594414],[141.21748491954605,40.97092872931779],[141.2264,40.987443],[141.236407,41.015722],[141.2371572056362,41.02487024995234],[141.24397525851998,41.08806409385246],[141.247895,41.098131],[141.246366,41.106862],[141.25187105268859,41.11781227785256],[141.25307321414127,41.11940956607427],[141.272238,41.136578],[141.277882,41.15533],[141.27048,41.185204],[141.256101,41.211237],[141.235467,41.237973],[141.205911,41.26472],[141.1967196379556,41.26975412236927],[141.19166666638364,41.27500000034979],[141.18728626346532,41.274920795307395],[141.183375,41.277063],[141.161232,41.278467],[141.136963,41.246697],[141.13729979720767,41.24471258686667],[141.13708869099037,41.24465840695996],[141.13735722464966,41.24437422369877],[141.137639,41.242714],[141.13917079429123,41.242454962864024],[141.14045172826468,41.241099378633464],[141.14073187863633,41.24219097257493],[141.143854,41.241663],[141.159115,41.256694],[141.157009,41.248214],[141.14683,41.236289],[141.113372,41.214363],[141.094737,41.210265],[141.072376,41.196617],[141.058076,41.183068],[141.034135,41.185861],[141.005633,41.195763],[140.992054,41.193352],[140.977562,41.196478],[140.963068,41.189903],[140.946265,41.173289],[140.907789,41.173645],[140.89679969114624,41.16726946884013],[140.87764452846835,41.166138284118944],[140.875356,41.166549],[140.86273,41.164123],[140.828502,41.146107],[140.81950526615427,41.13474924306305],[140.80804448170866,41.128507921815626],[140.798155,41.128578],[140.765796,41.145019],[140.765554,41.195956],[140.778168,41.206855],[140.7828279588588,41.22704244694417],[140.78395097505756,41.228697543257056],[140.78345572263405,41.22976198767191],[140.784699,41.235148],[140.780396,41.251934],[140.793093,41.278422],[140.79738907866053,41.30026428078403],[140.80424126502248,41.3154541014257],[140.8009946971242,41.318596098496556],[140.803148,41.329544],[140.815173,41.337562],[140.81851111611158,41.3499255065461],[140.82021569140113,41.352006530676874],[140.82378255050077,41.369449516915765],[140.836951,41.418222],[140.853338,41.430339],[140.85407135475572,41.43123064296977],[140.86693420454992,41.43844858783211],[140.86540934174286,41.44501583534762],[140.883828,41.46741],[140.901052,41.481024],[140.907102,41.500799],[140.90688418646428,41.502730405738795],[140.90777180982127,41.506250000337275],[140.90623932180668,41.50844857791912],[140.905716,41.513089],[140.899462,41.524175],[140.907093,41.538548],[140.913572,41.546857],[140.926998,41.533325],[140.9508,41.521911],[140.978057,41.497659],[141.00334,41.487085],[141.01116819022795,41.486330945947515],[141.0905880830863,41.47084286096673],[141.10775,41.463869],[141.159664,41.417123],[141.1709495414238,41.41072544960785],[141.18377585533585,41.39790962923874],[141.184021,41.397415],[141.1879085435216,41.39378032211333],[141.18945617686109,41.39223395493315],[141.1896547056495,41.39214773926566],[141.194998,41.387152],[141.235666,41.367585],[141.276096,41.353196],[141.317919,41.353047],[141.348811,41.36022],[141.382161,41.3726],[141.410353,41.390388],[141.44897018527845,41.42101587352303],[141.46116533924953,41.429215720573374],[141.4622719472826,41.42731466498836],[141.46514112573985,41.422385667938244],[141.46478611790076,41.41736351372933],[141.460431,41.413356],[141.461849,41.400484],[141.453814,41.396351],[141.459884,41.387963],[141.457465,41.377473],[141.445284,41.366184],[141.423794,41.312707],[141.408917,41.256677],[141.39627719266133,41.189870380725864],[141.39109937903322,41.171579996619585],[141.3918103236044,41.16626112684752],[141.390817,41.161011],[141.39493838626603,41.1428587990007],[141.3973072014959,41.125136714562466],[141.394465,41.116468],[141.396359,41.091731],[141.386307,41.030362],[141.3872542007161,41.00726778562528],[141.38806728777513,40.93945617666128],[141.39009407434435,40.93802728648531],[141.390262,40.933933],[141.39211695519106,40.91972635541021],[141.39109937903322,40.919618394972986],[141.39223395473334,40.901956176736235],[141.3999838693031,40.85947559930122],[141.405553,40.816823],[141.423156,40.725772],[141.42740923933607,40.70914548341612],[141.42951999245372,40.6975755479732],[141.43066137480133,40.69643242403398],[141.437387,40.670141],[141.45930156969789,40.61920793129767],[141.46249999977522,40.60416666685825],[141.46968247593395,40.59508099575655],[141.470398,40.593418],[141.49164,40.562327],[141.5041672516013,40.55145852868452],[141.5053792315664,40.54992540123635],[141.5071092009354,40.54890613387624],[141.519696,40.537986],[141.532504,40.531398],[141.53673513483642,40.53145105751514],[141.53958333310436,40.529772949462085],[141.54412970470872,40.531543783820986],[141.548214,40.531595],[141.55320528971004,40.53507876933164],[141.56843391343943,40.54101039403934],[141.57555,40.542279],[141.589261,40.522105],[141.623709,40.50137],[141.63836363144674,40.48848953384206],[141.65096435502107,40.47179768881233],[141.69019618986334,40.44293209236081],[141.690929,40.442288],[141.7179426189851,40.41408609584688],[141.720848591989,40.40124986458966],[141.72535518525697,40.39579431514071],[141.726085,40.393793],[141.72779778451695,40.39283737621712],[141.75910474998432,40.35493808332592],[141.7606961913553,40.354775748648045],[141.772797,40.33393],[141.778494,40.315497],[141.803477,40.290025],[141.8250769032696,40.25886523309374],[141.83814290367218,40.22115512460937],[141.80929768863746,40.21570231111281],[141.80513441302276,40.18789605046243],[141.81274765939045,40.18529411004056],[141.813324,40.18358],[141.865001,40.159735],[141.87673591689486,40.14009893770012],[141.86324666380256,40.12859937905813],[141.84601067475285,40.132083468677195],[141.82859937905812,40.111285060856915],[141.83390062081708,40.08528951050255],[141.84076086885665,40.07878545356028],[141.842459,40.07038],[141.854991,40.054999],[141.89899055520817,40.02357911210204],[141.90590888109,40.0170199927785],[141.9088802856454,40.01651689930899],[141.919607,40.008857],[141.94300765386365,39.99925466811372],[141.95603548036303,39.9731753258708],[141.961436,39.953681],[141.95614603441385,39.94564482473442],[141.94517788345263,39.94079996724474],[141.94582119633128,39.929959995207774],[141.942231,39.924506],[141.971853,39.883002],[141.978689,39.839301],[141.99366213907254,39.80123960503658],[141.99234110505802,39.78843044730735],[142.00081707661212,39.78305190890199],[142.004893,39.772691],[142.00494999613562,39.77240014027336],[141.99243299688533,39.754984199061596],[142.00771670511523,39.7513788215189],[142.007684955562,39.751338546656136],[142.0057461205005,39.74887910051882],[141.98391316695916,39.731364610788205],[141.9883077801193,39.72111437824451],[141.983897,39.706977],[141.98388390728138,39.70683914055156],[141.9743825278315,39.69667171872487],[141.9826453068307,39.693797328539965],[141.9804717576916,39.67091099804087],[141.9803792315164,39.67090793175572],[141.9743825278315,39.658802456268404],[141.9791335410207,39.656820279566496],[141.978282,39.647854],[141.964854,39.625718],[141.96046,39.61164],[141.96121418666206,39.60994291910693],[141.94999999970025,39.591666667083075],[141.96318852418568,39.60550023845984],[141.966319,39.598456],[142.012462,39.63581],[142.02965195386327,39.63811326943998],[142.03054161161447,39.626474718800026],[142.028982,39.622992],[142.03105959038078,39.61969849266826],[142.03224887632612,39.60414018984776],[142.027354,39.594713],[142.030772,39.584174],[142.0339520827335,39.581858751850326],[142.03408118359982,39.580169847360594],[142.03655004433386,39.579967314962595],[142.064138,39.559882],[142.070323,39.550198],[142.069347,39.540473],[142.059337,39.533271],[142.056651,39.526028],[142.05436912768087,39.523976547083564],[142.03722839347563,39.52751736093751],[142.0326109143623,39.50495741145545],[142.01186981224214,39.49480845154886],[142.01348834307026,39.48812478200716],[141.9862638622175,39.4784371979403],[141.97445932993423,39.47977176265675],[141.95772823736831,39.46612599671744],[141.95847792396665,39.46512459887931],[141.952973,39.460761],[141.970876,39.443264],[141.9746233320927,39.44355828459663],[141.97623189278772,39.44140964114206],[141.97925631903044,39.44392212122983],[141.996267,39.445258],[142.018891,39.459377],[142.028819,39.477932],[142.0310115824469,39.47962923088339],[142.0394220001814,39.48234334665876],[142.050629,39.476996],[142.058442,39.466295],[142.039887,39.454576],[142.038097,39.424018],[142.03283506477325,39.41859200812282],[142.01380021870523,39.42087741466099],[142.01002065495,39.415223641631854]],[[141.8738250733685,39.20457797549324],[141.87026604504206,39.20121493911819],[141.87499999985016,39.200000000000045],[141.8738250733685,39.20457797549324]],[[141.7178246395955,38.99641316773358],[141.71608683284114,38.98875223802543],[141.72083333319188,38.987500000424745],[141.7178246395955,38.99641316773358]],[[141.49049174020172,38.51291130900978],[141.48693271187517,38.50954827173541],[141.4916666666834,38.50833333351659],[141.49049174020172,38.51291130900978]],[[139.22870008673965,37.976641167156174],[139.2319444440809,37.97499999975025],[139.2318359372788,37.97942165778335],[139.22870008673965,37.976641167156174]],[[139.06203342010633,37.93914133720301],[139.0652777774476,37.93749999982521],[139.06516927064536,37.9419216578583],[139.06203342010633,37.93914133720301]],[[141.42453341988153,38.39330783418927],[141.42777777812205,38.391666666783294],[141.42766927042055,38.39608832481639],[141.42453341988153,38.39330783418927]],[[141.4578667537478,38.4391411671312],[141.46111111108894,38.437499999725276],[141.46100260428682,38.44192165775837],[141.4578667537478,38.4391411671312]],[[141.72916666710807,39.037500000324826],[141.73703138588985,39.06041666679579],[141.72464667450447,39.05171305321488],[141.72916666710807,39.037500000324826]]]}},{"type":"Feature","properties":{"id":"b-4060044180"},"geometry":{"type":"Polygon","coordinates":[[[140.9617058652335,39.979960801849586],[140.98399149541126,40.0116861982595],[141.01450636117966,40.028549024418],[141.05490349649926,40.02438235835922],[141.09068027037824,40.04238382965008],[141.1217488604217,40.096476067716424],[141.16666666643357,40.091666666983144],[141.1934088816147,40.06285332572048],[141.28161790604156,40.045479329407556],[141.31666666703313,39.983333333266785],[141.3784176296699,39.9701248168069],[141.3758531355138,39.933599344734034],[141.39486897822087,39.92403581380182],[141.41036512624964,39.892309401158],[141.4742533367222,39.874432711700365],[141.50757446319096,39.87841067841015],[141.5035363093533,39.85872955322634],[141.52499999965028,39.81666666663341],[141.52408447272035,39.80769059894203],[141.50087551579247,39.812750244128495],[141.47296820731697,39.76730940050845],[141.4077948674393,39.7605124575839],[141.39583333294206,39.71456858357334],[141.4124999998752,39.691666666883236],[141.38575778559334,39.67118665863745],[141.36249999997506,39.670833332992004],[141.34166530990615,39.63540072965998],[141.4232883031127,39.59130893296094],[141.43368665941182,39.58088260235024],[141.43038160502715,39.55776604536675],[141.49583333364149,39.55833333321681],[141.4925784641249,39.52978091765527],[141.55221049002216,39.5244327123998],[141.59498257118878,39.4991490680751],[141.63507554769842,39.454519992104],[141.66075778504376,39.4538133408131],[141.6816202803517,39.437146673879965],[141.72083333319188,39.44583333344161],[141.72175971134163,39.43009304465835],[141.74097866503348,39.42419043613978],[141.7355438235886,39.40890062136663],[141.67173292333575,39.40350545261458],[141.65473395420872,39.377210490072116],[141.6673709443137,39.32175276008189],[141.69052937822823,39.32109798888115],[141.68333333326677,39.29166666678327],[141.6958333332418,39.26666666683326],[141.65322943788829,39.24109937903319],[141.6312499998877,39.25369788265124],[141.5895833330045,39.246302117149014],[141.55833333351654,39.258333332917005],[141.4841359453177,39.23676486530633],[141.47499999975025,39.21249999997508],[141.4524244524266,39.200353325645494],[141.3872355147073,39.19469621405909],[141.38749999992513,39.162500000075],[141.41188252805625,39.135493638720504],[141.41318630670276,39.11333923311918],[141.45637715628084,39.10776604536676],[141.47973395455847,39.075746663277926],[141.4785386827141,39.055074734311575],[141.46193271192521,39.04878506118166],[141.46666666673332,38.991666666483525],[141.41313781705662,38.94076097284068],[141.4124999998752,38.87916666670833],[141.39943271205004,38.863246663702625],[141.4089006207671,38.84657999676949],[141.39619140610853,38.82670966232109],[141.43270975734947,38.81159091568827],[141.43748677529447,38.784829034132656],[141.40359937900826,38.76545172781505],[141.4116126163292,38.73820834653799],[141.371400620842,38.71471048959745],[141.3755672878002,38.66028950975311],[141.39999999990016,38.604166666358594],[141.34387715650564,38.57973395425864],[141.2924224852096,38.58674112989928],[141.28276604531675,38.55907999644472],[141.2964006209919,38.54878506128159],[141.29230617948667,38.51347351029432],[141.31028950965322,38.500567287450394],[141.3479281958297,38.49212646476457],[141.36151190854775,38.50473395440849],[141.3949191621897,38.50356275741535],[141.4166666668333,38.48333333356652],[141.37254977725047,38.43298000802099],[141.33924221435677,38.43714667407977],[141.31250000007503,38.41666666673336],[141.2727895097281,38.4255672876003],[141.24127061654576,38.478198920543775],[141.19166666638364,38.495833333541555],[141.16169365743644,38.47438252783144],[141.1409315318648,38.51169738792419],[141.0979936390952,38.54104919466465],[141.0104936383708,38.561882527656564],[140.96424221420693,38.55868665906212],[140.87887674986223,38.64908209905968],[140.8534298363179,38.64104919446481],[140.80943976463345,38.67529669908345],[140.80337253161713,38.69503919850024],[140.78132680278975,38.70354919433987],[140.75416666635863,38.6916666670831],[140.72291734495957,38.7083194304974],[140.6850755477983,38.69964667445453],[140.62083333359158,38.66666666623371],[140.60890062146655,38.723043823513706],[140.64526604569153,38.76887715645563],[140.60070427768028,38.78841959628738],[140.59494595009562,38.83679165331222],[140.54251234247067,38.86321411094252],[140.5466842650668,38.87831590445546],[140.60209469251606,38.8837931318476],[140.61666666663348,38.8999999997003],[140.63958333310438,38.88334791437478],[140.7125000003748,38.92499999965031],[140.7500000002998,38.96249999957536],[140.7791666663087,38.95833333351658],[140.76723395418367,38.99804382296412],[140.80359937840865,39.05195617683614],[140.80473395410877,39.07795172808983],[140.75958302853405,39.08351067417834],[140.76723395418367,39.129913330136105],[140.75390201116898,39.13863728818035],[140.77173902703453,39.16602901892412],[140.81912044934927,39.16214667442955],[140.82839202886908,39.174260795998975],[140.76748725003665,39.20028923905721],[140.7833333332668,39.23749999992509],[140.72156745087727,39.28000725682949],[140.72011430563077,39.298961893476644],[140.69667443157982,39.29972534145139],[140.70897606719177,39.33408389615494],[140.6747107613926,39.386679415922345],[140.65833333351657,39.39166666658343],[140.66327667208077,39.41594679071187],[140.68785332607024,39.427451070310724],[140.67952524779207,39.452455308765536],[140.72411261680384,39.47987518289341],[140.71609937858352,39.50093722877017],[140.7368387854816,39.521732923335776],[140.73750000032487,39.56250000017491],[140.77839525034062,39.58827141699237],[140.7799413045476,39.60342746300705],[140.8029051035877,39.60830976728198],[140.82026604534178,39.65195617653637],[140.82526465533965,39.69052954790038],[140.7880952623865,39.72186024985069],[140.7875000002249,39.74166666678332],[140.85000000009995,39.7958333336415],[140.7833333332668,39.829166666608444],[140.7869327123749,39.873785061331546],[140.82328711630748,39.88785332607017],[140.85000000009995,39.87083333349159],[140.87916666700812,39.879166666508524],[140.85359937920805,39.93824666335286],[140.862500000075,39.958333333316716],[140.91666666693322,39.958333333316716],[140.9617058652335,39.979960801849586]]]}},{"type":"Feature","properties":{"id":"b-4060044190"},"geometry":{"type":"Polygon","coordinates":[[[141.11791653082332,38.379151408011126],[141.10923683875953,38.36684831810365],[141.09783,38.371527],[141.09390597667087,38.36926117095719],[141.0743570968026,38.37355211024175],[141.08786777644005,38.3657745633859],[141.08722124685056,38.36540124105878],[141.0660237628864,38.36045769616578],[141.07036848792194,38.352113329158264],[141.06914075517577,38.35092293682419],[141.0679659294132,38.34978384235432],[141.04935709595327,38.3402187772748],[141.0584218341004,38.336218939952175],[141.0455498592387,38.317495388601344],[141.05145217341564,38.31935464568986],[141.048676,38.309475],[141.069591,38.314887],[141.079112,38.311591],[141.083507,38.302639],[141.080577,38.294908],[141.0601121752398,38.28299984259157],[141.02891642225518,38.26995781789901],[140.97140062164146,38.19387715670547],[140.96249999987515,38.179166666308674],[140.96768929845294,38.172001621304034],[140.966807,38.170478],[140.9640626027892,38.16237535375248],[140.95064290364712,38.15213487392532],[140.91666666693322,38.049999999600345],[140.92501920606335,38.04483539229275],[140.91863,38.007229],[140.91933853654928,37.98107902914566],[140.91728413875205,37.960339694221545],[140.93395080568519,37.88117302831267],[140.95080261245062,37.84656846766069],[140.97062421784142,37.833616914124704],[140.9833988189033,37.814552796377775],[140.98852163159796,37.80690779017108],[140.99201999242882,37.77257554752356],[141.01701999237878,37.7350462171093],[141.0196524842336,37.702144702299385],[141.007823,37.67886],[141.02297866001518,37.660573359339004],[141.0336866593119,37.52674221498131],[141.03439387028538,37.524712198129315],[141.03474919305395,37.5176703256337],[141.03745752991358,37.46399585124803],[141.03693271187524,37.46324666380252],[141.0415767249426,37.37564431470738],[141.0399749931778,37.36652650513533],[141.0376920049823,37.353530663959134],[141.0285993788583,37.33407999709425],[141.03182268206476,37.33014962341076],[141.014415,37.27147],[141.014496,37.239976],[141.007823,37.226752],[141.007823,37.18826294420857],[141.00501935726408,37.122641440697244],[140.987966,37.089789],[140.98546434484587,37.0735875154466],[140.97499999985018,37.04999999980021],[140.9781587235582,37.026274075682714],[140.974376,37.001776],[140.9616036949776,36.96951366009578],[140.9542739295214,36.96144708511007],[140.925792,36.93891],[140.90736334863976,36.935228820413535],[140.89367302748826,36.936882527306864],[140.83949594587978,36.9094337003137],[140.835216,36.908433],[140.83255374432508,36.90591643279449],[140.80056728804993,36.88971048964743],[140.79109937843361,36.87157999711923],[140.79915726053156,36.85038663547328],[140.793142,36.837551],[140.7821695127203,36.822764070449416],[140.77168426551646,36.81998257103885],[140.7500000002998,36.787500000324826],[140.74488097743395,36.77251266160577],[140.741873,36.768459],[140.71880914396678,36.69618024242363],[140.71609937858352,36.68824666355272],[140.71614723760933,36.68783821652715],[140.70356184902212,36.64839744611173],[140.69640062129167,36.64387715620586],[140.64526604569153,36.55074666382751],[140.64412442411208,36.54714352159071],[140.638927,36.53974],[140.623546,36.50609],[140.6190173386092,36.48174524110115],[140.61249999967526,36.479166667008144],[140.6089509754072,36.42700636155439],[140.61047556033958,36.42007084111169],[140.610525,36.418158],[140.61158671139322,36.41501608116769],[140.61746080217438,36.3882941348665],[140.62077978930222,36.38781103769431],[140.623546,36.379625],[140.624766,36.363593],[140.62306231149165,36.3580245524974],[140.56214667412974,36.29338311074201],[140.56666666673334,36.21249999967529],[140.5746933031728,36.18715800229328],[140.57838,36.160956],[140.59331536751776,36.12836372284192],[140.5964006214915,36.118622843369565],[140.60940247075777,36.09325810345589],[140.646034,36.01332],[140.66225454065804,35.99015130845574],[140.66758643286767,35.97974955279966],[140.67080207162806,35.97794239922858],[140.70349500045398,35.93124528847168],[140.72761125402434,35.89679871533004],[140.7505672881499,35.856122842994864],[140.80922071676275,35.779875353065165],[140.82597444786708,35.766613218566675],[140.830821,35.761054],[140.83965164710824,35.74585001445776],[140.82257554752357,35.742019992328835],[140.80416666625865,35.749999999700265],[140.8120505441973,35.76458841971987],[140.75930107938132,35.80872921418194],[140.7158157351082,35.86998240116691],[140.65501759878327,35.884184264692124],[140.64999999960037,35.89583333334173],[140.67145097528237,35.93796912257699],[140.60906643306953,36.03014831569226],[140.6119410197623,36.04792022693698],[140.58751322425599,36.059829034182656],[140.57859937885826,36.135543823288856],[140.5591410319331,36.14669528535916],[140.57082010916076,36.15982903398276],[140.54618665938688,36.18924221495632],[140.5499999998002,36.22083333359154],[140.51733178023755,36.20919019866881],[140.51210411920977,36.228198920543775],[140.49508666991392,36.23390062141658],[140.44375881651627,36.22129516603911],[140.36250000017492,36.2791666665085],[140.3325866702387,36.27443271170034],[140.30000000029986,36.291666666483536],[140.2375000004247,36.2833333334666],[140.21581573520803,36.31581590418068],[140.1874999996254,36.32083333339165],[140.162533908613,36.34302775073019],[140.19228430837416,36.38796929254886],[140.1874999996254,36.400000000199896],[140.16007554794828,36.400353325845344],[140.14166666668336,36.42083333319181],[140.15895097540727,36.44953070777598],[140.1452156918508,36.49953070767606],[140.15478430844917,36.52453070762613],[140.12854902491767,36.55336032481921],[140.14943271185018,36.585543823288845],[140.1017422150312,36.604519992403766],[140.08298000722164,36.644091118410415],[140.05080261245064,36.65906846823526],[140.02083333299197,36.70416666655848],[139.97325778571826,36.72464667390494],[139.8645065307519,36.733950805285474],[139.81738230375038,36.763305664325],[139.81636996839939,36.80306023494194],[139.74202253551164,36.83087870298982],[139.76631266279924,36.86004909938646],[139.77499999955046,36.900000000099965],[139.73333333356652,36.92916666700813],[139.75868801533966,37.031618923774374],[139.8041666664585,37.04999999980021],[139.82500135652742,37.08123406330145],[139.81609937858354,37.11592000360531],[139.83005404995447,37.13262498615421],[139.8950866702137,37.15473395440853],[139.962500000075,37.15416666655847],[139.97916666700814,37.20416666645855],[140.06627078616793,37.21346774643939],[140.1124999997752,37.26250000027483],[140.09131334113783,37.29754977750031],[140.10416666675837,37.31666666623369],[140.16471049009715,37.338067287975036],[140.19509463850682,37.37587975374771],[140.17972818980422,37.41458333345412],[140.20833333351663,37.449999999900115],[140.19165242491954,37.50625033928179],[140.16666666663343,37.527069261537235],[140.1916666665835,37.554166666658375],[140.2282550390389,37.55894758406379],[140.24236907926968,37.590733506646075],[140.28333333336673,37.62499999955037],[140.2785993785585,37.65637715688035],[140.2425864328177,37.67974955210019],[140.24166666648352,37.70416666635862],[140.22890201131884,37.70947045229957],[140.24109937863352,37.73971048974738],[140.1883509318501,37.75501759848345],[140.18816121446855,37.76576707618966],[140.2493440411946,37.813459778146296],[140.2708333333917,37.86249999997506],[140.2666666664336,37.92083333289207],[140.28390062121673,37.93824666375258],[140.2746466747043,37.993383449986254],[140.29201999202905,38.01838226283121],[140.27918056902809,38.03541734513442],[140.28750000032483,38.054166666558444],[140.34792616086372,38.050388251316804],[140.4199213665779,38.07993316678227],[140.42500000004998,38.125000000349814],[140.4657792833873,38.15487501377095],[140.4788133412627,38.18090888153972],[140.4715532088136,38.27005683055836],[140.49521416590107,38.28015713174631],[140.50530378584108,38.31276448609219],[140.52378506163132,38.307766045166886],[140.52499999985014,38.34999999990015],[140.57801615412222,38.39210239011328],[140.57129516613907,38.410425483249526],[140.58333333366647,38.441666666683375],[140.61581573530805,38.455017428911276],[140.59902089429886,38.49103393596744],[140.56609937888334,38.50907999654464],[140.57140062154156,38.52182142491887],[140.5577660458664,38.54045172826471],[140.57973395455838,38.56741333036098],[140.53795403335198,38.63541666674581],[140.54583333374137,38.6458333332418],[140.5958333336415,38.63750000022486],[140.60904185010133,38.661612616628986],[140.6850755477983,38.69964667445453],[140.72291734495957,38.7083194304974],[140.75416666635863,38.6916666670831],[140.78132680278975,38.70354919433987],[140.80337253161713,38.69503919850024],[140.80943976463345,38.67529669908345],[140.8534298363179,38.64104919446481],[140.87887674986223,38.64908209905968],[140.96424221420693,38.55868665906212],[141.0104936383708,38.561882527656564],[141.0979936390952,38.54104919466465],[141.1409315318648,38.51169738792419],[141.16169365743644,38.47438252783144],[141.19166666638364,38.495833333541555],[141.2020833337789,38.48380194780168],[141.22304382281425,38.486932711775296],[141.24127061654576,38.478198920543775],[141.2727895097281,38.4255672876003],[141.31250000007503,38.41666666673336],[141.2434088815147,38.40381334111288],[141.20406618797168,38.386319389673986],[141.202403,38.38581],[141.20143269776915,38.385148393344835],[141.16706271707085,38.369865586827416],[141.17360236842225,38.33545275037849],[141.174978,38.324368],[141.169688,38.322821],[141.16758659427708,38.32285016958678],[141.16385464107884,38.32509596120968],[141.16350517987328,38.3229068236495],[141.15211,38.323065],[141.1416045619196,38.34819032893709],[141.14223395433362,38.348785061681326],[141.14125034181447,38.34903749938246],[141.13417806406503,38.36595191108327],[141.13232659189873,38.374842665256836],[141.11791653082332,38.379151408011126]],[[140.91249999997513,38.054166666558444],[140.90833333301703,38.054166666558444],[140.91249999997513,38.049999999600345],[140.91249999997513,38.054166666558444]]]}},{"type":"Feature","properties":{"id":"b-4060044540"},"geometry":{"type":"Polygon","coordinates":[[[138.44489610497135,36.42140062104187],[138.43333333346663,36.41250000017493],[138.40416666655847,36.43333333316684],[138.40418124726682,36.51875000041224],[138.42881249280242,36.55588243302793],[138.42982788045242,36.59493374279805],[138.45806867822694,36.63219604471175],[138.5291666663087,36.6499999997003],[138.52257554762343,36.695480007896094],[138.5519561767362,36.70776604566652],[138.59045172796493,36.70359937870842],[138.5973290334082,36.71665344200278],[138.65518357985843,36.69526604569148],[138.6743687945842,36.713502671710955],[138.67563764805902,36.732427639723824],[138.71152225065146,36.738149685059966],[138.7321667143225,36.767046102096],[138.7850755479982,36.74618665908707],[138.79668426496687,36.76164923812189],[138.81741332966146,36.7619327125247],[138.82859937875844,36.77695617688613],[138.82499999965034,36.81666666633362],[138.85245361364343,36.81214667462939],[138.9291666664086,36.83333333326675],[138.91640218121574,36.8511372882553],[138.9214430062898,36.882319471666335],[138.93995361346856,36.896186658787315],[138.98333333326673,36.891666667083086],[138.9672461615811,36.93008728050364],[138.9666666663336,36.97916666690821],[139.04914923784713,36.98835076217796],[139.0909298371423,37.01755913604535],[139.10000000000002,37.058333333716405],[139.17973395465833,36.9924133299113],[139.16668124754165,36.93958333350412],[139.1854166663461,36.88380194740199],[139.24508666971406,36.904733954908124],[139.26513637934045,36.89587368392341],[139.286562771155,36.92140062094194],[139.31156277110506,36.91193271222494],[139.3375000004247,36.92916666700813],[139.34674682610523,36.917274305664705],[139.39583333334167,36.912500000075],[139.45772569458518,36.95508015962173],[139.45833333321684,36.97083333299196],[139.50833333311687,36.97083333299196],[139.586753336897,37.01723395468332],[139.62083333289206,37.01666666683326],[139.62589959079355,37.03267211892319],[139.67003072114096,37.04240180140209],[139.67533094576663,37.05747172024377],[139.80314941361462,37.086913045500694],[139.81581573510812,37.06751742898621],[139.7940911191099,37.04201999242878],[139.75868801533966,37.031618923774374],[139.74201999222896,36.9899244516522],[139.73369140583372,36.92670966252098],[139.77499999955046,36.900000000099965],[139.76631266279924,36.86004909938646],[139.74202253551164,36.83087870298982],[139.81636996839939,36.80306023494194],[139.81738230375038,36.763305664325],[139.8645065307519,36.733950805285474],[139.97325778571826,36.72464667390494],[140.02083333299197,36.70416666655848],[140.05080261245064,36.65906846823526],[140.08298000722164,36.644091118410415],[140.1017422150312,36.604519992403766],[140.14487355557014,36.59101087754999],[140.1499999997003,36.579166666808305],[140.12854902491767,36.55336032481921],[140.15323520194306,36.533053249907596],[140.1452156918508,36.49953070767606],[140.15895097540727,36.44953070777598],[140.1420242308336,36.41837938100366],[140.16007554794828,36.400353325845344],[140.1874999996254,36.400000000199896],[140.19228430837416,36.38796929254886],[140.162533908613,36.34302775073019],[140.1874999996254,36.32083333339165],[140.21581573520803,36.31581590418068],[140.2375000004247,36.2833333334666],[140.30000000029986,36.291666666483536],[140.3325866702387,36.27443271170034],[140.36250000017492,36.2791666665085],[140.44375881651627,36.22129516603911],[140.49508666991392,36.23390062141658],[140.51210411920977,36.228198920543775],[140.51733178023755,36.20919019866881],[140.5499999998002,36.22083333359154],[140.54618665938688,36.18924221495632],[140.57082010916076,36.15982903398276],[140.5591410319331,36.14669528535916],[140.57859937885826,36.135543823288856],[140.58751322425599,36.059829034182656],[140.6119410197623,36.04792022693698],[140.60906643306953,36.03014831569226],[140.67145097528237,35.93796912257699],[140.64999999960037,35.89583333334173],[140.65501759878327,35.884184264692124],[140.7158157351082,35.86998240116691],[140.75930107938132,35.80872921418194],[140.8120505441973,35.76458841971987],[140.78088260245022,35.71214667412977],[140.7392128841674,35.73368665931196],[140.71424221470647,35.7253533253957],[140.68229760045392,35.80335405174816],[140.64677005299563,35.81732211672238],[140.6377680461585,35.77996707492065],[140.6104166670956,35.775628153616424],[140.58958333320436,35.795183648007026],[140.5548814560144,35.796572875737695],[140.5541666667583,35.81666666653348],[140.53005405035424,35.82570851603526],[140.52409193279652,35.84103885246111],[140.49508666991392,35.83693271257465],[140.46666666693318,35.850000000399746],[140.46176452631187,35.82173309350753],[140.44526604519194,35.81128506135656],[140.4541527643387,35.79742279082916],[140.43554382348873,35.77973395445849],[140.4059088813898,35.78714667397986],[140.38785586905317,35.77745479989915],[140.3920199927286,35.752452256666345],[140.3714908176472,35.74916093582857],[140.35833333321682,35.68749999982521],[140.31666666633362,35.65416666685826],[140.32009463825705,35.63421308756398],[140.3047339542087,35.614710489497554],[140.30381181546295,35.58504621690946],[140.28714667467932,35.57254774308393],[140.27585093167522,35.52168426541658],[140.25325741229983,35.541043090666165],[140.19999999960032,35.5500000001],[140.21285332612013,35.605883958378],[140.18578694671032,35.63297576881672],[140.12499999975023,35.66249999987514],[140.1121582034384,35.694937642258424],[140.0603273178515,35.704771762107214],[140.02589569053373,35.73367513000329],[140.0282218085897,35.75863867863217],[140.01591322121828,35.7698828805905],[139.97119106721402,35.78504486123143],[139.95359937920807,35.840451728264725],[139.963067287925,35.84685024724115],[139.91757015663745,35.879812452482724],[139.90381334061328,35.91909111896001],[139.85922071686264,35.94654184972666],[139.82820265073178,35.99101596441528],[139.8000000003998,35.983333333166854],[139.80469631588232,35.996955024255044],[139.78256666412028,36.028254699594754],[139.76155938066097,36.02030385363997],[139.71441853868464,36.03386281341818],[139.70416666665835,36.07083333299198],[139.68578559063258,36.066313341287696],[139.66912027987712,36.10381181506324],[139.6374999998252,36.091666666883214],[139.58411017544427,36.11325412367893],[139.58752916134176,36.13210211871785],[139.57714742001747,36.136869642520026],[139.52500000005,36.141666666783294],[139.51838107612582,36.12881334116281],[139.46666666623378,36.141666666783294],[139.40734524188952,36.1285993789582],[139.37721048987225,36.14943271195017],[139.2399505614693,36.15868665936188],[139.2232903372793,36.13785807299172],[139.1899536129689,36.13298000722159],[139.12328355569161,36.15035332544568],[139.08785807319157,36.13162367039615],[139.08126593737313,36.10833197673941],[138.90342000343048,36.092233954733274],[138.84237518306827,36.06577928338726],[138.82916666660844,36.037500000025034],[138.78995107048559,36.02881334136265],[138.76028951025273,36.03693271217497],[138.71249999987515,35.983333333166854],[138.68838738347108,35.99237518266858],[138.63407202810163,36.025879584675124],[138.64223395483316,36.07177056236162],[138.62916666700812,36.091666666883214],[138.6449213665279,36.10076666924647],[138.64166666698316,36.12083333289206],[138.60195617663635,36.13390062161642],[138.57500000015,36.17083333369146],[138.63297526079975,36.20587632912935],[138.61315477127573,36.221806166221654],[138.60000000009995,36.2791666665085],[138.6500000000001,36.30416666645857],[138.645833333042,36.40833333321683],[138.5909200031557,36.42556728799997],[138.53675333629747,36.399432712349835],[138.46371493859363,36.40776604536677],[138.44489610497135,36.42140062104187]]]}},{"type":"Feature","properties":{"id":"b-4060044550"},"geometry":{"type":"Polygon","coordinates":[[[138.79888037860607,34.621891281535966],[138.77314706720668,34.64568908876986],[138.77982211599794,34.662745836051556],[138.77474335674628,34.669385176066264],[138.773936,34.670966],[138.77328067947047,34.671297298946016],[138.76143476720085,34.686783175603125],[138.74882147468958,34.68757385811166],[138.746593,34.691474],[138.744001,34.728892],[138.756242,34.73747],[138.761829,34.748282],[138.774262,34.751288],[138.7716801031317,34.756520750920224],[138.77415635832938,34.75857103092841],[138.7572538806047,34.78702736629236],[138.74935726602507,34.80967982329372],[138.74935726602507,34.81528669583774],[138.757893,34.829702],[138.76055634227382,34.83999820411985],[138.77081807489435,34.85124986399006],[138.76124095862497,34.85954202487761],[138.760509,34.869371],[138.753839,34.879467],[138.7600738945601,34.889353498745535],[138.78214445035252,34.905641967032594],[138.789806,34.906806],[138.7870124698923,34.910564127756274],[138.76342965844154,34.95954677606704],[138.761894,34.979903],[138.776802,35.003161],[138.78609,35.026439],[138.855416,35.019027],[138.893809,35.020006],[138.907563,35.030666],[138.8922375415994,35.04413070402933],[138.8997531463907,35.04842325842668],[138.88979833251238,35.04627375434232],[138.87898853685192,35.055771068900945],[138.87844437700838,35.056249159085674],[138.87061394567706,35.069914414918344],[138.8464072446481,35.08827162411174],[138.838537,35.099526],[138.803332,35.121909],[138.74422,35.134843],[138.696186,35.138976],[138.65652586425833,35.12349928432282],[138.62489903281397,35.115586798160265],[138.586786,35.11436],[138.5599071782234,35.099326960337706],[138.5587292138822,35.099032254035365],[138.5585105501135,35.09854584106306],[138.554082,35.096069],[138.527651,35.050808],[138.497883,35.03257],[138.494883,35.000731],[138.50701,34.991072],[138.507023,35.011893],[138.51928946020317,35.0184660440805],[138.52329708848936,35.01883988747434],[138.531617,35.016924],[138.5162767531661,34.98438574612335],[138.36289588123998,34.915698920468856],[138.358091760956,34.90866048978942],[138.353353,34.904115],[138.3483955402623,34.89445473032233],[138.32859937885826,34.8654517284146],[138.3305031028199,34.85958893613958],[138.328298,34.855292],[138.330089,34.845404],[138.3407981963235,34.82654078052161],[138.34048313620997,34.826106243601465],[138.314873,34.798369],[138.293228,34.765774],[138.249506,34.739023],[138.24909165232972,34.73869243173008],[138.22956254757355,34.72819891994425],[138.22492139922704,34.71940930472092],[138.215989,34.712283],[138.21039643881457,34.691901282217],[138.19526604519194,34.66324666310305],[138.1960362420787,34.647096668200966],[138.193614,34.641506],[138.200938,34.621568],[138.225052,34.616301],[138.2369531838586,34.605596478776064],[138.22934047562563,34.59519717582042],[138.20378125153132,34.59913296671808],[138.16292845281586,34.611409587881546],[138.047237,34.65464],[137.967585,34.66654],[137.892798,34.667697],[137.85370893836853,34.65670155056441],[137.79045172776512,34.645266045291805],[137.75406880338323,34.65038685783071],[137.683506,34.670755],[137.595063,34.677191],[137.56316564909037,34.67725603568895],[137.54529283279805,34.67977159328444],[137.51434508353475,34.67468012380315],[137.427557,34.667746],[137.339703,34.647448],[137.140727,34.589289],[137.095821,34.593234],[137.044822,34.58063],[137.02057425569402,34.57907268151062],[137.0341182631215,34.60527867093086],[137.042486,34.617579],[137.04613062707108,34.62852111850477],[137.0582864702191,34.6520411806899],[137.07283,34.664599],[137.101085,34.639146],[137.11085,34.625434],[137.1207587301912,34.63734688535379],[137.12137383313598,34.63689507384862],[137.14539591478967,34.6468719484817],[137.14468174566946,34.647313129087586],[137.167654,34.656684],[137.1986325060315,34.67265444247094],[137.22554049989424,34.67856174073182],[137.24235826951215,34.695196516948535],[137.2545044705269,34.70145828452214],[137.2614980060282,34.699736870959896],[137.26054169219253,34.70513536171673],[137.282255,34.731179],[137.298226,34.728215],[137.299671,34.706847],[137.29671113056844,34.69525139831758],[137.29104919426493,34.68886786525985],[137.30694444433072,34.68333333306691],[137.3089508057352,34.70088873972361],[137.30812001636312,34.70174386984307],[137.30996,34.706598],[137.309256,34.725664],[137.33259,34.720338],[137.340819,34.726543],[137.312339,34.736675],[137.324316,34.766845],[137.321544,34.773383],[137.32132477710158,34.773604005198386],[137.3215484621918,34.774270629885734],[137.33749999992517,34.779166666808294],[137.31641951823576,34.7785491442176],[137.3102121167602,34.78480701237182],[137.30353630875368,34.79206305646494],[137.3089636912215,34.80314195403798],[137.28710361034337,34.813130357979674],[137.25948308410617,34.805248886537626],[137.24079971333578,34.810862709468864],[137.23747969098687,34.81186028200669],[137.22789069280134,34.81684841612156],[137.2261805612193,34.815255349983005],[137.222827,34.816263],[137.207715,34.80258],[137.194432,34.806999],[137.19384069385114,34.80316771422575],[137.1923509388448,34.803400336456434],[137.18381876544507,34.76839486562768],[137.170839,34.763865],[137.17105487174678,34.770759574697266],[137.17530212389397,34.782267252231975],[137.17143790688976,34.78299306261026],[137.171471,34.78405],[137.1687722591737,34.783493747425595],[137.16627027755135,34.78396369107156],[137.165054024863,34.78272736134384],[137.157474,34.781165],[137.140533,34.787813],[137.1390362466534,34.78785478672955],[137.1389075382524,34.78813035713034],[137.13712446628756,34.7879081602859],[137.121549,34.788343],[137.10144,34.784596],[137.0991134348709,34.78317142985591],[137.07966300433154,34.78074762174605],[137.072709,34.784964],[137.050166,34.777606],[137.02195173419966,34.78262955011415],[136.99486931706542,34.816888427858714],[136.98125134287127,34.82134143383701],[136.976626,34.825507],[136.958231,34.832352],[136.962404,34.857996],[136.982595,34.898261],[136.978852,34.924221],[136.931,34.846422],[136.915564,34.77596],[136.91733510357724,34.77351814256127],[136.91713528106845,34.77291666637109],[136.91856296337062,34.771825266656855],[136.937266,34.746039],[136.96265,34.734964],[136.97184022963566,34.71344327110406],[136.97185448331308,34.7132852053864],[136.971497,34.696411],[136.95663716257246,34.69758362076616],[136.89485495638093,34.72015175040771],[136.8606318260589,34.73745584907847],[136.844547444341,34.75299853775608],[136.843711167044,34.76109152806179],[136.8476956462899,34.77787094056048],[136.853014,34.787595],[136.864734,34.821545],[136.864264,34.836526],[136.86260818414408,34.84067052078549],[136.86306728782517,34.84260389515367],[136.86065634873452,34.845555980962715],[136.856286,34.856495],[136.843418,34.871163],[136.83958828209018,34.87135287512961],[136.8239812461309,34.890462984362586],[136.822938,34.895623],[136.82317683371028,34.92246664009128],[136.82536691438847,34.9580312095838],[136.865881,35.02569],[136.879859,35.043837],[136.88396884111086,35.075588690190045],[136.88666144506965,35.075709363796136],[136.88815545011403,35.08658820268346],[136.885426144833,35.08684748464238],[136.88573,35.089195],[136.871821,35.093395],[136.85254005739355,35.048102086992714],[136.848195319502,35.043639000706435],[136.843152,35.075043],[136.8411602641201,35.07562184728503],[136.8416666669832,35.07916666710804],[136.82500000005007,35.07916666710804],[136.8344237360256,35.05717794960559],[136.83582152249775,35.05014864248095],[136.83751020287164,35.04165646343924],[136.837500000025,35.041666666283675],[136.83753630977586,35.04152517482574],[136.83899525106003,35.03418832719723],[136.83691241825977,35.03204875911752],[136.813021,35.027386],[136.808959,35.048831],[136.80762544093204,35.048792789943484],[136.80750868088103,35.050655449489454],[136.80675009142422,35.04876770882412],[136.799466,35.048559],[136.7981034484407,35.02725064260106],[136.79673668149488,35.023849459628515],[136.778469,35.020402],[136.77320478638828,35.021536644511784],[136.74648878343066,35.03537767214192],[136.7214887834806,35.081211005083844],[136.7208333332918,35.10000000009995],[136.74166666628366,35.12083333309192],[136.7208333332918,35.1749999999501],[136.7172339541837,35.23137715633078],[136.74680107930646,35.29960411903494],[136.79362284361935,35.32859937875838],[136.82500000005007,35.31666666663341],[136.8749999999501,35.32083333359151],[136.95626152864668,35.34537353536041],[136.97499999975025,35.329166666608444],[137.0274244522767,35.325353325295794],[137.06249999957538,35.34166666658342],[137.08447062152197,35.3752646556394],[137.1438771568054,35.383900621316684],[137.1595482724349,35.40056728824982],[137.1855438236886,35.39223395433356],[137.23090888143975,35.432980007721255],[137.26666666703318,35.44166666638358],[137.2938771565057,35.433900621216765],[137.34052937792853,35.466931321523305],[137.34778951037765,35.45473395420868],[137.37916666680826,35.45000000029984],[137.40496927930883,35.367401801152255],[137.44166666668343,35.34166666658342],[137.5357577851937,35.375353326095194],[137.5583333334166,35.40000000039976],[137.63750000022492,35.38750000042472],[137.63750000022492,35.404166666458536],[137.59583333334172,35.44583333334174],[137.63250359446533,35.4673828126667],[137.62553337916222,35.49792395662536],[137.65081108976005,35.53232659249829],[137.68653225406035,35.5378958807903],[137.72916666700814,35.61249999997506],[137.80416666685824,35.65416666685826],[137.81666666683327,35.70833333371644],[137.80483500163405,35.725949266545456],[137.80833333291707,35.78749999962531],[137.84526604589132,35.83528951000295],[137.85786471858194,35.87291666687071],[137.85063849596986,35.90317874490319],[137.8624999997752,35.91250000027486],[137.8285993789582,35.942654757710955],[137.9416666665835,36.062499999975046],[138.00245361354348,36.083686659511784],[138.0250000003498,36.07916666690818],[138.04661000584713,36.16178012395363],[138.08124932169892,36.15418056937784],[138.13240695501702,36.16574028858349],[138.16349775561696,36.117343817663084],[138.2352895104026,36.092233954733274],[138.28211839464825,36.086932712075054],[138.3041666667583,36.112499999875126],[138.32916666670837,36.10833333291703],[138.32973395455838,36.07695617648642],[138.37556728750042,35.99241333011116],[138.37083333359158,35.97500000014992],[138.44097052646873,35.965776062215525],[138.4630672882248,35.94269188802025],[138.45806867822694,35.93030378529153],[138.49362284381925,35.91306728812492],[138.50833333331673,35.92500000024984],[138.59387715660557,35.91609937848358],[138.62083333309192,35.87083333339166],[138.6746041192847,35.871801079456304],[138.7061228433946,35.9119327124248],[138.72916666680828,35.91250000027486],[138.73749999982522,35.94166666628365],[138.71309848340832,35.96341569707681],[138.71249999987515,35.983333333166854],[138.74929148331535,36.01338738362091],[138.75513441282294,36.03293745240154],[138.82916666660844,36.037500000025034],[138.84237518306827,36.06577928338726],[138.90342000343048,36.092233954733274],[139.05625067772667,36.10001390251966],[139.08126593737313,36.10833197673941],[139.08785807319157,36.13162367039615],[139.12328355569161,36.15035332544568],[139.21492445240165,36.133686659411865],[139.2399505614693,36.15868665936188],[139.37721048987225,36.14943271195017],[139.40734524188952,36.1285993789582],[139.46666666623378,36.141666666783294],[139.51838107612582,36.12881334116281],[139.52500000005,36.141666666783294],[139.57714742001747,36.136869642520026],[139.58752916134176,36.13210211871785],[139.58411017544427,36.11325412367893],[139.6374999998252,36.091666666883214],[139.66912027987712,36.10381181506324],[139.68578559063258,36.066313341287696],[139.70416666665835,36.07083333299198],[139.71441853868464,36.03386281341818],[139.76155938066097,36.02030385363997],[139.78256666412028,36.028254699594754],[139.80469631588232,35.996955024255044],[139.8000000003998,35.983333333166854],[139.82820265073178,35.99101596441528],[139.85922071686264,35.94654184972666],[139.90381334061328,35.91909111896001],[139.91757015663745,35.879812452482724],[139.963067287925,35.84685024724115],[139.95359937920807,35.840451728264725],[139.97119106721402,35.78504486123143],[140.01591322121828,35.7698828805905],[140.0282218085897,35.75863867863217],[140.02589569053373,35.73367513000329],[140.0603273178515,35.704771762107214],[140.1121582034384,35.694937642258424],[140.12499999975023,35.66249999987514],[140.18578694671032,35.63297576881672],[140.21285332612013,35.605883958378],[140.19999999960032,35.5500000001],[140.25325741229983,35.541043090666165],[140.27916666640863,35.52083333319183],[140.28714667467932,35.57254774308393],[140.30381181546295,35.58504621690946],[140.3047339542087,35.614710489497554],[140.32009463825705,35.63421308756398],[140.31666666633362,35.65416666685826],[140.35833333321682,35.68749999982521],[140.3714908176472,35.74916093582857],[140.3920199927286,35.752452256666345],[140.38785586905317,35.77745479989915],[140.4059088813898,35.78714667397986],[140.43554382348873,35.77973395445849],[140.4541527643387,35.79742279082916],[140.44526604519194,35.81128506135656],[140.46176452631187,35.82173309350753],[140.46666666693318,35.850000000399746],[140.49508666991392,35.83693271257465],[140.52409193279652,35.84103885246111],[140.53005405035424,35.82570851603526],[140.5541666667583,35.81666666653348],[140.5548814560144,35.796572875737695],[140.58958333320436,35.795183648007026],[140.6104166670956,35.775628153616424],[140.6377680461585,35.77996707492065],[140.64677005299563,35.81732211672238],[140.68229760045392,35.80335405174816],[140.71424221470647,35.7253533253957],[140.7392128841674,35.73368665931196],[140.78088260245022,35.71214667412977],[140.80000000019993,35.749999999700265],[140.8132790459913,35.73819681782891],[140.84975357560435,35.73914206886379],[140.85494033721133,35.73704657457806],[140.86944858816503,35.7311851220431],[140.86600470147107,35.69370179959061],[140.86501552736954,35.69260683016095],[140.84615962840027,35.69595731414419],[140.83530474760332,35.70690522674614],[140.83266955450367,35.709563004780186],[140.82995418993403,35.71310509602341],[140.8293368696863,35.71292425238787],[140.828301,35.713969],[140.803144,35.709371],[140.74813509802124,35.69143390991758],[140.7178303083805,35.69315077813945],[140.716261,35.698791],[140.6931903309724,35.69454671570249],[140.68116065144295,35.69522823749321],[140.66997970236235,35.69027668320246],[140.661056,35.688635],[140.64188773192103,35.677835975730154],[140.61666666663348,35.66666666683324],[140.53333333376645,35.60833333301696],[140.50885017419932,35.585380371026],[140.483467,35.565991],[140.46939206037763,35.548388389484536],[140.46666666693318,35.54583333314184],[140.46450943144006,35.542282003397915],[140.42322,35.490644],[140.41058927880502,35.45351643169291],[140.40473395490812,35.4438771568054],[140.40266041194792,35.430209801668326],[140.385919,35.380999],[140.3923362880616,35.362160347019355],[140.3920199927286,35.36007554784828],[140.39767319534647,35.34649327030971],[140.413097,35.301215],[140.41135964719322,35.29159871269158],[140.39938235830925,35.26713578998476],[140.40385607540534,35.25006627214762],[140.39680049464096,35.21101347210991],[140.38641170893334,35.18786027733],[140.37432839289818,35.176835528800716],[140.348935,35.180516],[140.33048,35.157783],[140.33278749432768,35.14613230489118],[140.32837253166701,35.13829413556596],[140.312969122627,35.13271586124807],[140.3047822738829,35.15061747271824],[140.29868710948716,35.140273591563066],[140.294368,35.146639],[140.28222530196808,35.13513022338817],[140.2604166668957,35.1369384768293],[140.25754066663504,35.13418966358218],[140.253325,35.134624],[140.24309262774304,35.12038056862325],[140.23549346904838,35.11311747189387],[140.23320937762088,35.11271764362547],[140.19872570504378,35.115095377681484],[140.19029880134872,35.125617472768226],[140.1861321343905,35.11604919431494],[140.18550496178688,35.11600698045284],[140.155513,35.118075],[140.134603,35.122645],[140.1221282085341,35.111741204960225],[140.11696336566683,35.11139356865834],[140.11283416255847,35.10361759241848],[140.105953,35.097603],[140.100805,35.075751],[140.075488,35.059269],[140.055537,35.058868],[140.0096588683291,35.031607853494926],[140.0004123265677,35.02809312579717],[139.99839780188623,35.02491668474294],[139.990968,35.020502],[139.980573,35.007514],[139.97487,34.990197],[139.964064,34.97596],[139.96375311844386,34.970290004906445],[139.961857096328,34.96730041508215],[139.96142597296378,34.94002216533688],[139.95331863324108,34.93059805678754],[139.9511863778084,34.92811948707912],[139.90800223648068,34.904795409075206],[139.882939,34.901305],[139.870644,34.904727],[139.85027272790717,34.90121764456577],[139.8376263934283,34.90312577251854],[139.82570623612276,34.90997212920549],[139.82520259991657,34.910261393266325],[139.8249142113218,34.927817111470574],[139.8240078100968,34.92864575063296],[139.823182,34.934922],[139.810831,34.94354],[139.778812,34.954139],[139.7743313081054,34.95457951169281],[139.75375323600898,34.962298801049435],[139.752439,34.964738],[139.752777,34.975809],[139.794454,34.973449],[139.808513,34.976166],[139.820447,34.981368],[139.827105,34.990194],[139.83865571403018,34.990902026038064],[139.84866536501465,34.98757527627805],[139.84977071982323,34.98883548550532],[139.858653,34.986802],[139.865489,34.990546],[139.869965,34.999335],[139.867686,35.013332],[139.855968,35.020819],[139.835785,35.027248],[139.834646,35.037421],[139.846202,35.04682],[139.84962,35.05801],[139.84054101276644,35.085086184550505],[139.84106038392963,35.085416666645926],[139.84017931038156,35.086164886422615],[139.835785,35.09927],[139.836436,35.135199],[139.818974,35.157663],[139.822113,35.1706],[139.819435,35.185048],[139.82229055216607,35.19278348882097],[139.86666666633369,35.22083333289203],[139.86613894992266,35.2426701062843],[139.866327,35.246205],[139.8660438307679,35.24660611317184],[139.86601121704405,35.24795566092507],[139.86300441094394,35.25091149379869],[139.848318,35.271715],[139.849334,35.293554],[139.80617796550894,35.306801895972214],[139.78406812904097,35.31595255546614],[139.81580301959377,35.317375013146375],[139.81865530592347,35.3256501091495],[139.824158,35.328424],[139.8245512803561,35.342755598859426],[139.826598209119,35.348694179375755],[139.83249091682572,35.35383883929732],[139.84909566273473,35.349700419239014],[139.83980020313362,35.36225643769516],[139.8441082292708,35.374330623682425],[139.8455920200034,35.37600074374638],[139.86632816720712,35.37080395382153],[139.88655158149038,35.362232632030384],[139.88915950429958,35.36508207784295],[139.892743,35.364184],[139.907865,35.378719],[139.90686840443755,35.38443102144097],[139.90777655664283,35.38542327876138],[139.90620558950704,35.38822996781122],[139.900121,35.423104],[139.912823,35.434436],[139.940756,35.442518],[139.9446190794925,35.44547029316875],[139.94583333314188,35.44583333334174],[139.9477372250102,35.44785328314578],[139.958672,35.45621],[139.982337,35.458668],[140.005859,35.473427],[140.041455,35.513773],[140.071887,35.542857],[140.090156,35.540849],[140.102049,35.567087],[140.08612,35.566805],[140.08168701935674,35.59181054633396],[140.08806728767524,35.5946183948231],[140.08004793753807,35.601056275034416],[140.0796,35.603583],[140.00895,35.65976],[139.995779,35.656684],[139.983614,35.668645],[139.950414,35.672592],[139.920532,35.662067],[139.939490494839,35.63700798461352],[139.93730575858504,35.63568408252715],[139.90238232799507,35.617142409692406],[139.8921997424927,35.62155840943314],[139.891124,35.623114],[139.8870455653516,35.6237936811049],[139.87248728344161,35.63010733976507],[139.87086,35.631293],[139.86720436738477,35.63239844313285],[139.84583333334172,35.641666666883225],[139.84289217825344,35.62447573720972],[139.837277,35.61455],[139.823888,35.622951],[139.820357,35.638049],[139.806825,35.638193],[139.80532701282092,35.633700876201985],[139.80511508519305,35.6336007014113],[139.8046398191544,35.63164013825549],[139.800304,35.618638],[139.79215117617593,35.60738831614485],[139.79125535794844,35.60715840653529],[139.7916680457795,35.60672166808058],[139.789147,35.603243],[139.774855,35.617637],[139.775625,35.641104],[139.765272,35.65351],[139.76368743018128,35.64861900573248],[139.76319681767905,35.64910956495453],[139.7628064754245,35.645899816830635],[139.758162,35.631564],[139.768809,35.600979],[139.78355263406917,35.582070830843335],[139.7745012067653,35.574017842349576],[139.79390657051056,35.55032828249058],[139.799056,35.54001],[139.79254364605092,35.53314315584826],[139.77592637770022,35.53425971131668],[139.7870432286622,35.525261058916115],[139.788097,35.513251],[139.7867370495155,35.51162382967129],[139.7502893050404,35.48557589827956],[139.7146135950062,35.465039880318685],[139.69999999970025,35.483333333266785],[139.6853396941716,35.47854902451792],[139.7001625082147,35.46278065700135],[139.688222,35.461107],[139.67469585553593,35.46543726908587],[139.66569010461467,35.47424841972884],[139.6374999998252,35.46666666633365],[139.6483388046424,35.4609487690915],[139.642302,35.454261],[139.680545,35.438386],[139.687397,35.432176],[139.68220210521224,35.41920816868912],[139.6725932418606,35.40160681397444],[139.67205989460916,35.40181791748267],[139.65548495620982,35.40837842311076],[139.65441250273489,35.40898878270622],[139.65417390216476,35.40889734977185],[139.649996,35.410551],[139.63669636300392,35.40219986916586],[139.62851121661947,35.39906328004639],[139.63867180384676,35.395667858206494],[139.642142,35.388481],[139.657238,35.377022],[139.65587864325022,35.36490856993613],[139.6453999837223,35.330080329243856],[139.65189430334726,35.32940352479423],[139.648358,35.297891],[139.657505,35.286647],[139.66439,35.298781],[139.676899,35.291537],[139.67995309270296,35.2875096968482],[139.6785112165195,35.28357916964302],[139.69274156337246,35.26735246454467],[139.71937952794653,35.266516016670195],[139.734228,35.265203],[139.745453,35.248969],[139.725922,35.233303],[139.73175920986148,35.22342535218461],[139.72295566167452,35.208988783105895],[139.70606412126705,35.208231615320365],[139.688796,35.209134],[139.666456,35.193893],[139.66519695398912,35.190532181936895],[139.65767788352753,35.186010911474455],[139.66331244551304,35.163535732987725],[139.67177562865456,35.16096584080537],[139.6827140623868,35.14408276155135],[139.68250427205453,35.14191453722617],[139.65288710723502,35.13723947788294],[139.641514,35.139634],[139.62872327596267,35.13342522537612],[139.62258440410037,35.132456206551],[139.616285,35.134002],[139.611452,35.141973],[139.61607,35.152622],[139.6146716634656,35.1695641758506],[139.61601121664444,35.17712232803308],[139.6113394156569,35.18062515237539],[139.6033790205567,35.198311242440454],[139.62114918512526,35.210377010416636],[139.623959,35.211617],[139.6237106499036,35.21211621995379],[139.62565545003906,35.213436720228515],[139.62254338369746,35.214462595453035],[139.619918,35.21974],[139.604323,35.224234],[139.597595,35.238688],[139.57358563017794,35.264467929464416],[139.57107747374653,35.290832180360894],[139.55085720499608,35.29241502583284],[139.54530312871657,35.30270624745748],[139.544178,35.307893],[139.54275904982217,35.30742020499338],[139.5419125029597,35.308988782906056],[139.5132985704635,35.30346276066074],[139.506671,35.304173],[139.486664,35.300523],[139.47791703367668,35.30619014840877],[139.47916666710807,35.30833333361653],[139.46913733835953,35.31187850189122],[139.466914,35.313319],[139.4642735097959,35.31359776856894],[139.45659111888506,35.31631334098796],[139.4425358008361,35.315892717442175],[139.414856,35.318815],[139.39059704271637,35.314338383023845],[139.3291666665085,35.31249999967531],[139.24360028056643,35.28721239433493],[139.233367,35.285324],[139.22564641077125,35.28190645125091],[139.2144561763115,35.2785993788583],[139.20601255919613,35.273215450745326],[139.183538,35.263267],[139.145957,35.235227],[139.142426,35.184027],[139.14298343067702,35.18233005615468],[139.14230957063023,35.177031623310825],[139.1500469453343,35.16082713531065],[139.15768758365448,35.137567320761065],[139.15238837154067,35.13855653707685],[139.120771,35.150257],[139.088473,35.110058],[139.076732,35.075094],[139.07663640454552,35.072652082079486],[139.07078348816754,35.05553588857043],[139.07592503285218,35.054480597926656],[139.075874,35.053177],[139.0924638594906,35.05108604043836],[139.10480957070524,35.04855211059146],[139.1047307819729,35.04410327973091],[139.097091,35.011495],[139.0924263070112,35.005216711703405],[139.08685709627798,35.003116183565055],[139.08829159377797,34.99965173202213],[139.086548,34.997305],[139.09463704797417,34.98432684049677],[139.0966539167449,34.97945590546573],[139.09778800444323,34.97927141051619],[139.100603,34.974755],[139.130707,34.965155],[139.13135656092032,34.96390491503411],[139.13420884905918,34.953916422904626],[139.13632856925395,34.954336246917165],[139.142589,34.942288],[139.14594158822646,34.92039788259632],[139.14230957063023,34.891988457501384],[139.08771938783957,34.853247748384945],[139.06431520380968,34.79802090981916],[139.059086,34.79257],[139.051713,34.777788],[139.042983,34.767569],[139.03391788915482,34.76576098497672],[139.03052775055528,34.766632757895536],[139.0277831405041,34.764537423796504],[139.026327,34.764247],[139.02404394681918,34.76168278875371],[139.00055881104038,34.743753390806376],[138.99506496867343,34.71347181547196],[138.9743825275317,34.69213595930711],[138.99045071093167,34.65489942746666],[138.96591702955044,34.65161949937262],[138.964854,34.652533],[138.95779498727703,34.6550518935861],[138.95416666635867,34.6666666670331],[138.92164577912945,34.65313110311797],[138.91926519097734,34.645693235465565],[138.895979,34.629046],[138.860949,34.613498],[138.84361979543195,34.60160494501713],[138.82186906570485,34.6049791119965],[138.79888037860607,34.621891281535966]],[[138.95742865670718,34.674675496776786],[138.95484992088723,34.67416619181637],[138.95416666635867,34.6666666670331],[138.95742865670718,34.674675496776786]],[[139.76620008656482,35.5099746705946],[139.76944444480534,35.5083333332168],[139.76933593710385,35.51275499124989],[139.76620008656482,35.5099746705946]],[[139.74953342053095,35.5058080036365],[139.7527777778722,35.5041666662587],[139.7526692710701,35.50858832429179],[139.74953342053095,35.5058080036365]],[[139.74120008661475,35.501641336678404],[139.74444444485528,35.50000000019992],[139.7443359371539,35.504421658233014],[139.74120008661475,35.501641336678404]],[[139.73286675359782,35.497474670619624],[139.73611111093908,35.49583333324176],[139.73600260413696,35.50025499127486],[139.73286675359782,35.497474670619624]],[[139.71620008666468,35.22247467026989],[139.71944444400594,35.22083333289203],[139.71933593720382,35.22525499092512],[139.71620008666468,35.22247467026989]],[[138.78286675369782,34.66414116748092],[138.78611111103896,34.662500000075],[138.7860027733094,34.666921658108095],[138.78286675369782,34.66414116748092]],[[139.97870008703944,35.67664133722798],[139.9819444443807,35.67499999985017],[139.98183593757847,35.67942165788327],[139.97870008703944,35.67664133722798]],[[140.08703341985654,35.601641337377885],[140.09027777809706,35.60000000000008],[140.0901694403674,35.60442165803312],[140.08703341985654,35.601641337377885]],[[140.10370008678967,35.58914133740285],[140.10694444413082,35.587500000025045],[140.10683610730052,35.59192165805814],[140.10370008678967,35.58914133740285]],[[139.9662000870644,35.45164133677832],[139.96944444440567,35.45000000029984],[139.969336106676,35.45442165833293],[139.9662000870644,35.45164133677832]],[[139.91203342020628,35.38497467084443],[139.91527777754743,35.383333333466624],[139.9151692707453,35.38775499149972],[139.91203342020628,35.38497467084443]],[[137.58276604551668,34.68871493914315],[137.58971048984733,34.68693271217495],[137.60387200259095,34.68432718914852],[137.58276604551668,34.68871493914315]],[[137.63750000022492,34.79166666678327],[137.6270734996424,34.79953918448581],[137.61666666633369,34.779166666808294],[137.63750000022492,34.79166666678327]],[[136.97585076200312,34.83248257141361],[136.97499999975025,34.829166666708375],[136.97916666670835,34.833333333666474],[136.97585076200312,34.83248257141361]],[[136.98418409591932,34.844982571388584],[136.98333333366645,34.84166666668335],[136.9874999997253,34.84583333364151],[136.98418409591932,34.844982571388584]],[[139.8410993785336,35.64704827206015],[139.84583333334172,35.645833332942004],[139.84362284381928,35.6494327120501],[139.8410993785336,35.64704827206015]],[[139.84583333334172,35.65833333291704],[139.84583333334172,35.65416666685826],[139.85056728814993,35.657118394698216],[139.84583333334172,35.65833333291704]],[[139.84668409559458,35.67831573458352],[139.84583333334172,35.67499999985017],[139.85000000029981,35.67916666680827],[139.84668409559458,35.67831573458352]],[[139.75538160567658,35.5464006209919],[139.7541666665585,35.541666667083064],[139.75776604566659,35.54387715660556],[139.75538160567658,35.5464006209919]],[[137.63871493844374,34.754733954708286],[137.63750000022492,34.749999999900126],[137.64207797571805,34.75117492638179],[137.63871493844374,34.754733954708286]],[[137.63333333326682,34.74583333294203],[137.63664923797205,34.746684095194894],[137.63750000022492,34.749999999900126],[137.63333333326682,34.74583333294203]],[[137.62916666630872,34.73333333296699],[137.63775024377878,34.7342088490592],[137.63333333326682,34.74583333294203],[137.62916666630872,34.73333333296699]],[[137.62500000024988,34.72916666690821],[137.62831590405574,34.73001742916108],[137.62916666630872,34.73333333296699],[137.62500000024988,34.72916666690821]],[[137.602394273477,34.707726033429765],[137.57889370418116,34.70912679046904],[137.61184455008595,34.77287767176716],[137.60291680206888,34.78748474102804],[137.571659681749,34.778340318451],[137.562274847906,34.75945468498577],[137.53468458372663,34.76730957058027],[137.54523044143184,34.73541191982429],[137.53707919684757,34.725892809105915],[137.58019680473876,34.69657830174725],[137.61164923802198,34.70501742921107],[137.61871100520875,34.72982211619774],[137.60914577905453,34.73795912001742],[137.602394273477,34.707726033429765]]]}},{"type":"Feature","properties":{"id":"b-4060045420"},"geometry":{"type":"Polygon","coordinates":[[[137.60833333331675,36.07499999995008],[137.60000000029981,36.02500000005],[137.61458265476574,36.016680568753316],[137.63971048974736,36.02443271219994],[137.66874999971276,36.00880211732391],[137.6825866701388,36.01723395488318],[137.70221048962242,36.00890062096693],[137.7541666669582,36.087499999925114],[137.7949723984575,36.07801072871223],[137.804976060297,36.054854668108476],[137.81666666683327,36.05416666695817],[137.79548000729653,35.9600462170593],[137.81701999247878,35.88504621720921],[137.80416666685824,35.850000000399746],[137.8291666668083,35.804166666558444],[137.80833333291707,35.78749999962531],[137.80483500163405,35.725949266545456],[137.81666666683327,35.70833333371644],[137.80416666685824,35.65416666685826],[137.72916666700814,35.61249999997506],[137.68653225406035,35.5378958807903],[137.65081108976005,35.53232659249829],[137.62553337916222,35.49792395662536],[137.63250359446533,35.4673828126667],[137.59583333334172,35.44583333334174],[137.63750000022492,35.404166666458536],[137.63750000022492,35.38750000042472],[137.5583333334166,35.40000000039976],[137.5357577851937,35.375353326095194],[137.44166666668343,35.34166666658342],[137.40496927930883,35.367401801152255],[137.37916666680826,35.45000000029984],[137.34778951037765,35.45473395420868],[137.34052937792853,35.466931321523305],[137.2938771565057,35.433900621216765],[137.26666666703318,35.44166666638358],[137.23090888143975,35.432980007721255],[137.1855438236886,35.39223395433356],[137.1595482724349,35.40056728824982],[137.1438771568054,35.383900621316684],[137.08447062152197,35.3752646556394],[137.06249999957538,35.34166666658342],[137.0274244522767,35.325353325295794],[136.97499999975025,35.329166666608444],[136.95626152864668,35.34537353536041],[136.8749999999501,35.32083333359151],[136.82500000005007,35.31666666663341],[136.79362284361935,35.32859937875838],[136.74680107930646,35.29960411903494],[136.7166666663336,35.22916666680828],[136.74074028903317,35.11759304428364],[136.7208333332918,35.091666667083075],[136.685289509903,35.10776604526683],[136.65416666645854,35.07500000014994],[136.63410475033402,35.079938083076115],[136.63255869522766,35.09509412999017],[136.60082651792948,35.10082634845725],[136.57980940038362,35.13119845944141],[136.57143605562953,35.168754917005856],[136.58814273429982,35.182417806036995],[136.55930107968118,35.20456254752361],[136.53267211882326,35.25326707671428],[136.5186606516678,35.25772823746826],[136.5117838543415,35.23832973862659],[136.48279266315092,35.24227176213219],[136.45362599714213,35.211894904526275],[136.4321104258555,35.229391479333344],[136.41666666693322,35.21666666683325],[136.4074337429729,35.2285054528644],[136.37083333309192,35.22916666680828],[136.396400620892,35.25711839459831],[136.38333333306696,35.28333333366646],[136.40381283229647,35.29754723461724],[136.4121458262689,35.32254689552286],[136.41701999257862,35.38504621730914],[136.4041666669582,35.41666666643357],[136.4256176417408,35.44536421009025],[136.42003072134082,35.46593153171489],[136.40496656625407,35.46740213999681],[136.3880615232208,35.49374999976271],[136.4041666669582,35.512500000174896],[136.3992058644592,35.53253919852523],[136.38449215359003,35.537613932537],[136.37412448485713,35.56275024452822],[136.35372585716266,35.538369581590985],[136.32150709357757,35.55089636877244],[136.325567288,35.61751675109724],[136.29906277083023,35.62026604514193],[136.2839006211168,35.63945617646141],[136.2791666663087,35.65833333291704],[136.32526465533965,35.71780378571617],[136.32026604534178,35.754913329686474],[136.3300662571521,35.77433878570645],[136.3774537831656,35.796186659187015],[136.42591552777947,35.77435726587515],[136.46042158298974,35.782730611528564],[136.50833333371645,35.75833333361652],[136.5220482719103,35.78806728747537],[136.57304382311406,35.77973395445849],[136.59489610417188,35.800567287450406],[136.61592000350538,35.791099378733406],[136.64829016795693,35.80380859339192],[136.66007554774842,35.78368665921198],[136.6791666664086,35.77916666660843],[136.72228139197273,35.808976067291724],[136.76537272167388,35.81245354509508],[136.78750000012496,35.799999999600345],[136.80530378514163,35.8460979886313],[136.82951999265356,35.85587955030104],[136.81164906785023,35.91164906805011],[136.78945617666125,35.9172339541837],[136.78390062101687,35.931377156730434],[136.8212292137573,35.99486558707724],[136.8517422143318,36.012146674429516],[136.89804382336388,36.028599379158095],[136.95748257146352,35.978315734883324],[136.98333333366645,35.92083333329174],[137.02499999965028,35.96666666623372],[137.0475755478733,36.03298000742143],[137.07003919795068,36.0283725314672],[137.08447062152197,36.00806867792721],[137.1363627113701,36.02109798828161],[137.15000000029988,36.00416666705809],[137.18090888153972,36.037146674379585],[137.25245157897723,36.06702134875627],[137.28424411337517,36.10771620014259],[137.3799133298363,36.111932712025066],[137.44166666668343,36.141666666783294],[137.46911655028862,36.1413130020934],[137.49583333354155,36.112499999875126],[137.5607849122939,36.10381232407957],[137.60833333331675,36.07499999995008]]]}},{"type":"Feature","properties":{"id":"b-4060045430"},"geometry":{"type":"MultiPolygon","coordinates":[[[[136.891968,34.496692],[136.8957965850896,34.50070427432299],[136.90875565226852,34.502395502159814],[136.908953,34.502362],[136.90588131099352,34.49463681114109],[136.89456232730151,34.48167035211307],[136.88494262502687,34.476331010434286],[136.88086723234,34.47884151497421],[136.87787660133387,34.48328953221697],[136.87486388815643,34.48777039265526],[136.8797989601648,34.49320319426894],[136.891968,34.496692]]],[[[136.91533192954503,34.376541176955186],[136.89576555275798,34.381685179230175],[136.89483879967088,34.38763258227789],[136.88336726805733,34.378929827248484],[136.883149,34.378852],[136.88295293028057,34.37861549431614],[136.8785112167193,34.37524583572679],[136.87872338622245,34.373513680467454],[136.875255,34.36933],[136.87980664768614,34.36466991633706],[136.88015272316966,34.36184455048567],[136.88231188775515,34.36210499279235],[136.887218,34.357082],[136.897227,34.353949],[136.9005764006097,34.354238933149816],[136.8785112167193,34.33391486238105],[136.88333991627906,34.32835263191939],[136.883311,34.328315],[136.891287,34.317694],[136.897797,34.300971],[136.900238,34.282538],[136.89772705876783,34.27392850762502],[136.8508426242878,34.25749070872928],[136.84973305904532,34.250369722933264],[136.8390760338046,34.24740944985948],[136.77515298292664,34.26189439656748],[136.773448,34.273098],[136.787934,34.277411],[136.809255,34.273871],[136.841645,34.259467],[136.83546,34.280504],[136.848481,34.273098],[136.856212,34.294176],[136.846446,34.307563],[136.827403,34.312405],[136.807465,34.307847],[136.809825,34.301093],[136.80820326359694,34.29164226239353],[136.802197585314,34.290515437956486],[136.773448,34.307847],[136.769999263236,34.3054396810158],[136.76758219406304,34.30897623666402],[136.76700852398847,34.30335205767425],[136.756602,34.296088],[136.75046625728558,34.295073521034894],[136.7181147259139,34.300642903647145],[136.70830450373631,34.294139727838854],[136.702647,34.295152],[136.708263,34.310981],[136.723399,34.331285],[136.706798,34.334296],[136.69685002571674,34.331722787175046],[136.70329115116579,34.341916911236524],[136.6909841146798,34.3302054694699],[136.67878569873363,34.3270501416149],[136.68347964856696,34.33221910252962],[136.67597283297994,34.33395080558529],[136.67486151111922,34.32574093156723],[136.665563218361,34.321407582251304],[136.6663123236549,34.32291463210464],[136.66516944001773,34.325254990925146],[136.66526708911346,34.321269575037974],[136.649913,34.314114],[136.668142,34.309556],[136.66802465736043,34.30835712704444],[136.65767788322785,34.29851108142134],[136.66088143751315,34.29196091988973],[136.654796,34.286038],[136.622895,34.274604],[136.608084,34.264594],[136.59254,34.262641],[136.574067,34.280504],[136.56939475673136,34.275983484411114],[136.5637522381753,34.2839131672589],[136.5601068092742,34.259665614991135],[136.532888,34.271674],[136.52296,34.273098],[136.5179745546025,34.26339118651192],[136.5132532755183,34.26589321579934],[136.51550878127506,34.25859025101171],[136.512218,34.252183],[136.50784038606855,34.24819846104351],[136.50683610730061,34.25025499107505],[136.50690730418077,34.24734916250104],[136.50587,34.246405],[136.50915358281227,34.24031577320523],[136.50371144612643,34.240743001188605],[136.5129150386981,34.23013678638364],[136.51180838209575,34.229618090058594],[136.50294,34.229071],[136.47169,34.238959],[136.4614731801681,34.23316756027939],[136.46132507339348,34.23374464250128],[136.45957665813822,34.23209251019575],[136.427257,34.213772],[136.4265525573583,34.21314756294598],[136.40658610784283,34.20425],[136.39425312734383,34.20425],[136.38874986431483,34.21248474127782],[136.38618239059707,34.20425],[136.384288,34.20425],[136.35291548352197,34.19092325391781],[136.34666917564198,34.19243130126358],[136.34478302032016,34.20480956990576],[136.33951156002811,34.18522939493034],[136.336681,34.184027],[136.32910645726147,34.17804777496776],[136.32080501983592,34.18214484311005],[136.32439583186047,34.17432928128604],[136.3169126090004,34.16842214273112],[136.3157911510408,34.17941691066193],[136.31075361233619,34.16356032752993],[136.30725544455734,34.1607989288459],[136.30201356423186,34.15666107087346],[136.29283175957812,34.16192355722643],[136.27851121701906,34.14017774780484],[136.29139862064994,34.12163357163206],[136.30545076536154,34.120752779536915],[136.31489367110197,34.11521788827402],[136.30076489880827,34.087344908372344],[136.2881202913338,34.082917473766734],[136.289517041978,34.09232211657246],[136.27799690782084,34.08369295327145],[136.273123,34.085842],[136.260753,34.105129],[136.252696,34.108588],[136.2462818023169,34.10102352457917],[136.24209764309182,34.104822116547496],[136.23333333336666,34.100000000299815],[136.2389945227705,34.09242939484742],[136.23253442283288,34.084810785380014],[136.2076778832278,34.07392408562811],[136.218516,34.07167800055441],[136.218516,34.067613],[136.233084,34.067776],[136.243826,34.064154],[136.2491432764081,34.057929129132305],[136.2451778831529,34.05713636635028],[136.25132779367854,34.05147599651352],[136.252696,34.043443],[136.279796,34.01732],[136.274587,34.006741],[136.27448817448627,34.00421719788885],[136.27448817448627,34.004217197888835],[136.27017788400224,33.99641486305552],[136.27338861004512,33.97613656412428],[136.273204,33.971422],[136.27178364695132,33.97088240819858],[136.25205345240406,33.96915591192992],[136.247325,33.971503],[136.232188,33.99315],[136.22662475982042,33.98872919457917],[136.21746707474574,33.99193488218913],[136.22038435935505,33.983770286584004],[136.204845,33.971422],[136.204845,33.965237],[136.22755,33.961737],[136.2296535352741,33.957828671998065],[136.22965353527414,33.95782867199802],[136.23360070091167,33.94678175147669],[136.22588075850393,33.93935145351239],[136.211111,33.94477],[136.20895729633466,33.936776359761055],[136.19571143213693,33.94051886645258],[136.19875841790446,33.92086484359572],[136.1702256566387,33.916914372426284],[136.16580522303263,33.92466905373391],[136.1493823578096,33.928072102745375],[136.15895097530733,33.92363213451546],[136.14521569175088,33.906965467582324],[136.14920520770002,33.901817683597095],[136.136974,33.89057],[136.12629896946302,33.89084855106055],[136.12400037981376,33.89645080556028],[136.11703710913486,33.89109022727948],[136.104744,33.891411],[136.069317,33.847044],[136.052357078269,33.81161007011115],[136.052357078269,33.81161007011114],[136.04645097553214,33.802160305553684],[136.0435024668906,33.79311035745024],[135.99233174857326,33.68620068687646],[135.99040493424036,33.683309766532545],[135.9743570962031,33.678116353486985],[135.9758870444516,33.66690860284979],[135.98494650192532,33.665648505775955],[135.980724,33.652981],[135.97239660451257,33.64842781962812],[135.9410237632361,33.644917806411684],[135.9494508176575,33.622522932073096],[135.937067,33.617473],[135.93840491318394,33.606631013293764],[135.9326904293199,33.604488457376476],[135.9484756515776,33.59894338130433],[135.959871,33.593088],[135.94333420948394,33.577227200054516],[135.92500000004998,33.575000000449734],[135.92898249307856,33.56346215280675],[135.912535,33.547687],[135.894209,33.541642],[135.88858808885746,33.5341077266526],[135.86819095065513,33.52450907316765],[135.85110123803975,33.519883553645734],[135.83503900760414,33.51553613352712],[135.8024244520269,33.52464667400483],[135.74791632787628,33.51251305513341],[135.7190911182605,33.528813340962984],[135.64119737435942,33.524382357859565],[135.6321207678592,33.53757459838903],[135.61761508546783,33.528899299063426],[135.61169501391385,33.545103963577105],[135.58843146454058,33.54194658057031],[135.59228413860217,33.583948940990865],[135.5791666668083,33.60833333341668],[135.60907016355725,33.629784308199305],[135.63669738807403,33.62573513496858],[135.6535491939402,33.652006530776816],[135.65493503122673,33.686528353800554],[135.67818027040323,33.692383829749986],[135.71249999957536,33.729166667108075],[135.6760067412182,33.767477586621396],[135.66666666663343,33.79583333304191],[135.65067376008608,33.80089636867251],[135.66723395448344,33.87795172769012],[135.62593146446557,33.921113247678306],[135.63749999972526,33.991666666583455],[135.62415364597405,34.01180521663747],[135.59243943982835,34.01319800478416],[135.60064290354717,34.03365512438455],[135.58230319543622,34.05758836561063],[135.54999999990014,34.06666666643355],[135.54943271205013,34.09878506118167],[135.59101223372772,34.13014492454869],[135.59622938347934,34.14903225413525],[135.62433878580634,34.159232924160165],[135.64101189548262,34.184306165796954],[135.63333333366643,34.204166667058075],[135.64778951017786,34.21609937918305],[135.6813771561309,34.22026604524183],[135.71136271152,34.208068847899085],[135.77328694653545,34.24201999262863],[135.8022104898223,34.229733954858204],[135.88258667013883,34.28806728777516],[135.937500000025,34.27499999995007],[135.9424348615796,34.25097181549694],[135.96176486535626,34.24503072139072],[135.9691204491495,34.22464667440454],[136.0232881331409,34.23714396202428],[136.03945617636157,34.21306728792507],[136.1115924407386,34.184240723030996],[136.13393842891537,34.2508521184306],[136.09522823739326,34.2939843070302],[136.1249999996503,34.31666666683327],[136.08395690918405,34.38424241785333],[136.08751390234477,34.4270840112182],[136.13161688930802,34.45035332614515],[136.2083333334167,34.44999999960038],[136.21723395428364,34.488437228895066],[136.20062730540587,34.500908406497786],[136.19943271254976,34.52177056186201],[136.21565992576507,34.53414442292683],[136.22598300521156,34.58235032840497],[136.25343068457846,34.58825785351718],[136.2463021175488,34.63124999968778],[136.27109798848142,34.65947062207158],[136.27556728809998,34.69387715650561],[136.30473395410877,34.7220482721101],[136.30501759848346,34.74498257068916],[136.33750000012492,34.77083333289204],[136.31179148369006,34.80327928321242],[136.27084723591122,34.81458401134313],[136.28748609760544,34.84374932207362],[136.2791666663087,34.86249999967532],[136.362500000075,34.90416666655847],[136.37153574587808,34.93656684048733],[136.39494595039537,34.950708346912734],[136.42048000734655,35.00174221463158],[136.41701999257862,35.05242445192698],[136.4371441309969,35.068378702914856],[136.44583333294202,35.12083333309192],[136.4371466742797,35.1350463868813],[136.45035332554562,35.16421440996709],[136.4128580731416,35.18504316540981],[136.41757422586988,35.21992577485469],[136.4321104258555,35.229391479333344],[136.45362599714213,35.211894904526275],[136.48279266315092,35.24227176213219],[136.5117838543415,35.23832973862659],[136.5186606516678,35.25772823746826],[136.53267211882326,35.25326707671428],[136.55930107968118,35.20456254752361],[136.58814273429982,35.182417806036995],[136.57143605562953,35.168754917005856],[136.57019059891707,35.14615512395983],[136.60082651792948,35.10082634845725],[136.63255869522766,35.09509412999017],[136.63410475033402,35.079938083076115],[136.65416666645854,35.07500000014994],[136.685289509903,35.10776604526683],[136.71043260368174,35.10000135627763],[136.74223395413378,35.03407999719417],[136.7217297028635,35.025673760635584],[136.70416666635867,35.07083333319184],[136.71168009466066,35.02160508920355],[136.70078481077041,35.020056491713774],[136.7017917369748,35.01314399508482],[136.681163,35.000922],[136.68107893133228,35.00085708045539],[136.66622467033233,34.99812452532666],[136.67159192889883,34.99353102314456],[136.65919,34.983954],[136.65112611757746,34.97086768439459],[136.6500000003998,34.97083333339168],[136.64716452064127,34.96125083398428],[136.642426,34.948065],[136.644786,34.942369],[136.6579250529747,34.9409181857861],[136.6589384287655,34.93981764057173],[136.65564902057682,34.93650272254545],[136.645551,34.929787],[136.64739434111215,34.91741164200561],[136.64809704789013,34.91118913986702],[136.639316,34.889049],[136.633160560525,34.87961778744634],[136.60101275836743,34.83716509080642],[136.53494,34.765695],[136.519542,34.680854],[136.532237,34.660142],[136.546397,34.651597],[136.54005,34.615709],[136.551036,34.601996],[136.568126,34.596381],[136.612071,34.595893],[136.632986,34.591132],[136.677094,34.554267],[136.752289,34.513332],[136.803559,34.495266],[136.814464,34.486029],[136.824962,34.489447],[136.852306,34.485541],[136.862153,34.479193],[136.868907,34.467353],[136.873546,34.447089],[136.883311,34.437567],[136.896332,34.433417],[136.916026,34.433987],[136.924327,34.423977],[136.925792,34.412909],[136.92445936473572,34.40748831833103],[136.92445936473572,34.407488318331026],[136.91184455058556,34.3985110812215],[136.91533192954503,34.376541176955186]],[[136.30833333321686,34.175000000149964],[136.3071584067352,34.1795779756431],[136.30359937840865,34.17621493836879],[136.30833333321686,34.175000000149964]],[[136.2875000002249,34.154166666258675],[136.28632507284385,34.158744642651186],[136.28276604541668,34.15538160537682],[136.2875000002249,34.154166666258675]],[[136.27047899051308,34.01041463182986],[136.26933610687593,34.012754991549684],[136.26944444460548,34.00833333351659],[136.27047899051308,34.01041463182986]],[[136.21631232365485,33.997914631854826],[136.2151694400177,34.00025499157465],[136.21527777774736,33.995833333541555],[136.21631232365485,33.997914631854826]],[[136.2038123236798,33.96874796584598],[136.20266944004265,33.97108832466648],[136.20277777777233,33.96666666663339],[136.2038123236798,33.96874796584598]],[[136.25833333331673,34.11250000027485],[136.26291130880986,34.11367492675652],[136.25954827243493,34.11723395418369],[136.25833333331673,34.11250000027485]],[[136.2537553578236,34.11132507289386],[136.25711839419864,34.10776604546669],[136.25833333331673,34.11250000027485],[136.2537553578236,34.11132507289386]]],[[[136.910052,34.540109],[136.9095989692407,34.53962189912412],[136.90399000403556,34.53652072495157],[136.9044005575431,34.5340325415825],[136.902486,34.531974],[136.903175,34.525015],[136.889063,34.522553],[136.873985,34.513413],[136.856216,34.510139],[136.849127,34.515037],[136.890179,34.531201],[136.89561509963949,34.53742725550446],[136.89982262076842,34.538829762561846],[136.910052,34.540109]]]]}},{"type":"Feature","properties":{"id":"b-4060045690"},"geometry":{"type":"MultiPolygon","coordinates":[[[[129.958263,30.836982],[129.959809,30.828681],[129.94237369916078,30.815604310125075],[129.93733868216037,30.813422],[129.927745,30.813422],[129.911957,30.81977],[129.90715349858752,30.828592782280914],[129.90591755314787,30.835609522063542],[129.92838173114714,30.849438418343084],[129.9331513283491,30.85118019279117],[129.958263,30.836982]]],[[[129.676298,31.666966],[129.67946111226533,31.674314238154587],[129.68271586114815,31.67700653112655],[129.68725086133813,31.69241063390339],[129.690603,31.700198],[129.71497652565174,31.72843973014905],[129.7296059241753,31.735083639577386],[129.753591,31.743801],[129.75574801094055,31.746168837433597],[129.77378743484235,31.741592067819738],[129.77075873492777,31.755379231466407],[129.78811747244345,31.769833712755712],[129.77592434363362,31.771608479847544],[129.7783767132827,31.787026278417336],[129.77967272665776,31.790402551248434],[129.78841946077247,31.787454511671115],[129.798595,31.763658],[129.7987467088891,31.760824494529324],[129.78599161553515,31.73618699967577],[129.776134,31.729478],[129.7655741952351,31.713126622089554],[129.74699198429266,31.712386067263253],[129.74645080556024,31.686763339856327],[129.72854919409008,31.66386786590931],[129.7347565307111,31.658218647047203],[129.72934,31.644232],[129.7092813312479,31.630533089005276],[129.70738491508178,31.633600701311366],[129.68986607870053,31.624867499838356],[129.68196128516786,31.629292093721308],[129.67087955433198,31.63549493232377],[129.65771586119808,31.656326802340118],[129.66651923844464,31.6636088605092],[129.676298,31.666966]]],[[[129.820567,31.845526],[129.82309,31.863023],[129.831798,31.873521],[129.844981,31.880601],[129.864513,31.875556],[129.902029,31.848131],[129.90970755002692,31.845755649206264],[129.91045769576613,31.845190599566592],[129.9102090463495,31.84631020669655],[129.912771,31.851874],[129.908458,31.861802],[129.913422,31.867743],[129.93336,31.867825],[129.928477,31.863918],[129.928477,31.84885196237114],[129.92435709660276,31.843114725963858],[129.9275230942731,31.82506061697119],[129.922211,31.81981],[129.91627988105077,31.819260554711747],[129.9054165307483,31.820818074594513],[129.88932136490033,31.810758110158645],[129.875987,31.811265],[129.86283460993943,31.820908428430418],[129.8575046118484,31.83361663779766],[129.85477141508673,31.8309489417602],[129.847423,31.843411],[129.846528,31.850898],[129.853526,31.85517],[129.850434,31.857408],[129.839529,31.853664],[129.831798,31.843736],[129.82430349272047,31.842285418263373],[129.82399980609358,31.84247472096271],[129.820567,31.845526]]],[[[130.46220624825946,30.44391663108585],[130.467119,30.457225],[130.488345,30.457026],[130.498951,30.467962],[130.523692,30.449652],[130.567825,30.435942],[130.599588,30.412458],[130.638678,30.402661],[130.674571,30.374579],[130.669444,30.339667],[130.65017785197082,30.297196453752516],[130.63179365308073,30.27705373773025],[130.603751,30.252469],[130.57728,30.235906],[130.5041362529676,30.22779155673208],[130.46327683155386,30.23198210778862],[130.4386121305975,30.238724221987965],[130.43713940131283,30.240091978609524],[130.386264,30.339606],[130.379013,30.365876],[130.376247,30.394436],[130.3825998784995,30.39673378365732],[130.38846163054998,30.398183436129894],[130.423361,30.398968],[130.43696134788672,30.416790014373674],[130.46188235838417,30.43950636092984],[130.46220624825946,30.44391663108585]]],[[[130.14922419059906,30.489489656828983],[130.15527461072122,30.489642703745535],[130.17345288320547,30.48545106166714],[130.191016,30.476172],[130.198101480757,30.479767457861556],[130.21116108219115,30.476756105988276],[130.220063,30.471584],[130.242867,30.463612],[130.262144,30.447032],[130.262157,30.435024],[130.25887962220722,30.43501059995141],[130.25032179061816,30.43814290327242],[130.24694445570174,30.434961801240615],[130.240634,30.434936],[130.231845,30.423542],[130.21655210542446,30.42129190749678],[130.21170230384487,30.421436394503225],[130.193082,30.439563],[130.194387,30.452148],[130.190381,30.461299],[130.173115,30.454422],[130.163108,30.468717],[130.14483717145066,30.4863389067969],[130.14426551510627,30.48936422587063],[130.14922419059906,30.489489656828983]]],[[[130.966345,30.701441],[130.97965208633866,30.721511063948792],[130.9979349562404,30.74515622250732],[130.999703,30.745686],[131.008139,30.767865],[131.006257,30.789247],[131.027176,30.819372],[131.04067622236605,30.832427988746545],[131.06154887789356,30.840386978029397],[131.062407,30.824529],[131.073595,30.799582],[131.08759459420202,30.783007823894707],[131.08585027758238,30.78094858979768],[131.071208,30.769302],[131.070969,30.73733],[131.07777110417535,30.70468024142931],[131.07813997036683,30.697905804304565],[131.05907294242024,30.669720289843955],[131.05352376311123,30.663213772097947],[131.0539882456489,30.662203922071388],[131.053761,30.661868],[131.057803,30.642338],[131.057615,30.611269],[131.051319,30.597092],[131.037848,30.589171],[131.03782788639253,30.588889532783995],[131.03334859176414,30.586250135835144],[131.03239985268195,30.556111801623967],[131.017912,30.551088],[131.003404,30.551167],[130.994034,30.532572],[130.982639,30.519305],[130.9815992647149,30.508639188939096],[130.9660237632861,30.47988043853144],[130.9627315943876,30.455351427026812],[130.96658357950784,30.454723241811784],[130.972954,30.44917],[130.978031,30.437597],[130.97242359568048,30.422791367860814],[130.97019042934494,30.421155124409495],[130.9712236543483,30.41962307662655],[130.969639,30.415439],[130.977797,30.40028],[130.963282,30.386144],[130.962177,30.372808],[130.943651,30.374681],[130.9403266000742,30.373905139562723],[130.939583333604,30.37439371719637],[130.93673994958567,30.373068074143855],[130.906519,30.366015],[130.89102,30.355421],[130.8889331697823,30.3507795879241],[130.87415784458346,30.343891032923306],[130.870381,30.343904],[130.867346,30.3537],[130.857118,30.366192],[130.865515,30.397293],[130.862572,30.423947],[130.8554736752688,30.437010888681236],[130.85245809863702,30.445613122646908],[130.849382,30.461264],[130.85067358902302,30.466691974692065],[130.8599360676245,30.467278315238307],[130.870002,30.463861],[130.87263856293686,30.4709372055622],[130.8958567300042,30.49709506598458],[130.89823570241086,30.50100673378322],[130.90114,30.503692],[130.930221,30.54086],[130.94334223107032,30.57517394781714],[130.95064290384698,30.587178209207025],[130.94979481125623,30.592048393408284],[130.950938,30.595038],[130.948377,30.641109],[130.943309,30.65446],[130.94543,30.664215],[130.9404239883121,30.670777530167058],[130.95297918001614,30.687015106661896],[130.966345,30.701441]],[[130.98750000002508,30.729166666808283],[130.98867492650675,30.72458869041577],[130.99223395483318,30.72795172769014],[130.98750000002508,30.729166666808283]]],[[[129.429454,30.840888],[129.428233,30.846422],[129.430919,30.848212],[129.433849,30.84455],[129.429454,30.840888]]]]}},{"type":"Feature","properties":{"id":"b-4060045700"},"geometry":{"type":"MultiPolygon","coordinates":[[[[128.842069,32.703861],[128.855226,32.688864],[128.878427,32.673925],[128.8984469061829,32.65011394586333],[128.89612110361233,32.64259120241044],[128.857899,32.643409],[128.817716,32.63459],[128.815488,32.64681],[128.81053411778447,32.64807450380125],[128.807338799646,32.65429924821177],[128.79867242532026,32.65110226153903],[128.793224,32.652493],[128.779633,32.646796],[128.7779781714885,32.64346824398845],[128.77017788370244,32.64059075276106],[128.7736370961017,32.634738614534555],[128.772227,32.631903],[128.77935666073066,32.62506251519727],[128.7932471447388,32.60156322603359],[128.79100597463955,32.59039600015857],[128.77299274776095,32.57172450706829],[128.755382,32.580512],[128.737760762403,32.60145156993038],[128.73601091157434,32.60482211684729],[128.65807478172587,32.60335286474299],[128.65905998884915,32.597663125350365],[128.652631,32.591075],[128.618544,32.609536],[128.600439,32.614178],[128.60308916340728,32.62705246246971],[128.6080186091664,32.638132623102905],[128.624278,32.667304],[128.631847,32.669867],[128.63741683211225,32.641583498470766],[128.63333333326682,32.637499999625334],[128.6366490680001,32.6383507618782],[128.6374436763172,32.6414471841086],[128.638682,32.635159],[128.64977839579353,32.66112431248872],[128.65295172803985,32.657766045666506],[128.65416666625867,32.662499999575346],[128.6498981310271,32.66140449019811],[128.6518976949486,32.66608342406351],[128.66314273395005,32.66341552740471],[128.65284678404578,32.67440874285328],[128.653494,32.699612],[128.65309444481062,32.70062239684205],[128.65480940093312,32.70561455606696],[128.6455388158642,32.73466325238293],[128.650401,32.744534],[128.641768,32.761384],[128.6493775817029,32.77302320864697],[128.65781428775693,32.78054122701769],[128.660818,32.782782],[128.67592613148253,32.78288311317356],[128.680331414476,32.78046475940556],[128.699653,32.743771],[128.7028540456076,32.7452870115078],[128.70329674654772,32.74220784511601],[128.7038368755166,32.745752478619146],[128.721849,32.754283],[128.743175,32.758287],[128.74453496539226,32.75897880963032],[128.74506717271197,32.75905388722714],[128.74520322239636,32.75931874962701],[128.7584740062489,32.76606955087775],[128.76394805865607,32.76185709652782],[128.7736036004883,32.77376592245982],[128.779224,32.776625],[128.78284593659424,32.785165114116154],[128.78603751760943,32.78910150457648],[128.788183250467,32.790134256853136],[128.79365665993848,32.792768637024366],[128.80891886471224,32.7977840754399],[128.812022,32.782416],[128.810557,32.766059],[128.83649339019664,32.760672167265],[128.84391051205642,32.7558606022931],[128.849783,32.742743],[128.84789409372604,32.73322207003575],[128.84101121659444,32.72524583632634],[128.84533403927117,32.72031825394621],[128.842069,32.703861]],[[128.62026604544167,32.6303816057266],[128.63333333326682,32.62083333359152],[128.63333333326682,32.637499999625334],[128.62026604544167,32.6303816057266]],[[128.6345082597485,32.61625535719901],[128.63806728807492,32.61961839447338],[128.63333333326682,32.62083333359152],[128.6345082597485,32.61625535719901]],[[128.84166666678334,32.75416666635863],[128.8370886912901,32.75299173987696],[128.84045172766514,32.74943271244979],[128.84166666678334,32.75416666635863]],[[128.64861111151367,32.61249999967532],[128.64964565742116,32.61458129888791],[128.64536675327315,32.61414116798056],[128.64861111151367,32.61249999967532]]],[[[128.840099,32.777574],[128.835216,32.787665],[128.834646,32.827053],[128.83725,32.833808],[128.846202,32.834866],[128.856944,32.830024],[128.866222,32.807359],[128.873871,32.798733],[128.873383,32.807847],[128.862966,32.835273],[128.868175,32.837836],[128.902843,32.814154],[128.908539,32.801337],[128.907237,32.794013],[128.882335,32.765286],[128.8755706289833,32.765147038190726],[128.85558253511567,32.77016666082797],[128.840099,32.777574]]],[[[128.94618385517967,32.82652204032983],[128.944591,32.823391],[128.949392,32.813381],[128.945079,32.804348],[128.94044,32.804429],[128.938487,32.812934],[128.93552799226353,32.814225167314824],[128.93656243211058,32.815944756145655],[128.93137024357497,32.816039406981645],[128.920584,32.820746],[128.924001,32.829657],[128.92272400795693,32.83145059944125],[128.92502034501297,32.83213602705604],[128.90900728378256,32.84482014533472],[128.895763,32.856431],[128.883149,32.855943],[128.880707,32.862616],[128.89088,32.870917],[128.908946,32.866441],[128.929454,32.849799],[128.926768,32.862209],[128.928966,32.864691],[128.937673,32.860785],[128.93867866619095,32.86177246713791],[128.94075113965346,32.85769042936988],[128.94147003542466,32.86451332231712],[128.942149,32.86518],[128.946544,32.880194],[128.953136,32.874213],[128.958018,32.841498],[128.954438,32.830715],[128.946951,32.82803],[128.94668474088573,32.82750662032579],[128.9452158608234,32.82731628411926],[128.94618385517967,32.82652204032983]]],[[[129.111967,33.070309],[129.102712,33.054493],[129.10068922413097,33.04100770400393],[129.09643453002957,33.035423448033725],[129.09844727119741,33.026061214192026],[129.097254,33.018106],[129.09789210239268,32.99230608496668],[129.09129231808606,32.98833618136973],[129.09797202299148,32.98907471538961],[129.097992,32.988267],[129.109711,32.982896],[129.169628,33.005817],[129.1819287537945,32.98609416606483],[129.18259268841146,32.98413239300688],[129.175955,32.966986],[129.156325,32.95849],[129.137218,32.938178],[129.1325484204538,32.937623346510826],[129.11666666623375,32.93749999992508],[129.11671611107474,32.93503157141326],[129.10568770068235,32.92423603362705],[129.10485820941992,32.923424057653335],[129.10068630612818,32.92394544772429],[129.08693271237485,32.89878506088189],[129.09055474695884,32.89150854178917],[129.090551,32.89148],[129.098481,32.875149],[129.09708152087717,32.86180153201177],[129.08005982599863,32.85938609220786],[129.06792,32.861183],[129.061495,32.848384],[129.06590936633063,32.84274113899827],[129.06570827657998,32.819526228356516],[129.064952,32.817816],[129.04602300521685,32.82202627150073],[129.0459595745892,32.825348885106926],[129.04713,32.841457],[129.04066649277442,32.86192830169671],[129.04072502943666,32.863097127430535],[129.04041594472724,32.86278898488653],[129.041475,32.896],[129.04782,32.909965],[129.033051,32.933336],[129.024262,32.937893],[129.0018289335848,32.94275393965722],[128.98894788913378,32.95064290364712],[128.98610240880726,32.94616166317333],[128.98017255189419,32.94744658232334],[128.97961257543912,32.94879494001993],[128.98146,32.960352],[128.998076,32.966534],[129.0050444262511,32.97092856204368],[129.00731913287177,32.97163119882083],[129.00856536453057,32.97314900338347],[129.02042,32.980625],[129.035038,32.967404],[129.054454,32.979315],[129.04563149577962,32.99480826878467],[129.04296443684228,33.00264518886551],[129.048622,33.039603],[129.065211,33.043954],[129.067645,33.019116],[129.083995,33.023383],[129.084321,33.043199],[129.080997,33.056782],[129.085875,33.076208],[129.101725,33.082973],[129.10199034302872,33.083960581378925],[129.1048346628894,33.084863959004565],[129.10355227108855,33.08977392825463],[129.106619,33.101188],[129.098547,33.114491],[129.096262,33.125375],[129.10711690875945,33.16300286084739],[129.11106176669747,33.16430986660963],[129.117667,33.158859],[129.1173863525425,33.154867886195944],[129.1131028912855,33.14792141354246],[129.1076904294698,33.12532179046832],[129.10915556043207,33.123732222912885],[129.108594,33.122418],[129.1173288784719,33.11486472812168],[129.12147623693886,33.11036512594984],[129.120358793323,33.09761464766452],[129.111967,33.070309]],[[129.1154917397521,32.94207797541827],[129.11193271232491,32.93871493904328],[129.11666666623375,32.93749999992508],[129.1154917397521,32.94207797541827]],[[129.02777777772235,32.97083333289203],[129.02881232362995,32.97291463210462],[129.0245334203811,32.972474501197325],[129.02777777772235,32.97083333289203]],[[129.03611111073928,32.93333333296698],[129.03714565664677,32.93541463217957],[129.03286675339803,32.93497450127228],[129.03611111073928,32.93333333296698]]],[[[128.99774666761272,32.86646297332153],[128.996837,32.866645],[128.982677,32.86225],[128.97755,32.864],[128.97098415733046,32.87067754887752],[128.9655355587381,32.883810100969015],[128.964122,32.889553],[128.96461,32.898261],[128.972992,32.898505],[128.995616,32.89053],[128.979666,32.91649],[128.98463,32.929185],[129.009613,32.924506],[129.020681,32.916693],[129.02947,32.89175],[129.028168,32.855658],[129.024099,32.848049],[129.017914,32.848049],[129.017426,32.856676],[129.006602,32.864691],[128.9996362259135,32.86608486815822],[128.99903598382366,32.86688842815846],[128.99774666761272,32.86646297332153]],[[128.97500000044977,32.86666666703309],[128.9795779759429,32.867841593514754],[128.9762149386686,32.87140062094193],[128.97500000044977,32.86666666703309]]],[[[129.0806349877753,33.25999885328685],[129.075043,33.259914],[129.076182,33.268785],[129.089122,33.283271],[129.113129,33.291409],[129.128266,33.301581],[129.135509,33.299872],[129.150157,33.276516],[129.149587,33.269029],[129.134288,33.258612],[129.127289,33.247504],[129.1063108131645,33.24895665757396],[129.08197224892024,33.26246609123717],[129.0806349877753,33.25999885328685]]],[[[129.70283434589,33.70733033751767],[129.677294,33.729095],[129.681161,33.744218],[129.67645024534994,33.74690047531092],[129.6765034991372,33.74741668673079],[129.6759028973697,33.7472121551908],[129.670763,33.750139],[129.657127,33.742555],[129.649304,33.75604],[129.64700037290723,33.770607873070055],[129.64897934279242,33.77199137850828],[129.687022,33.759182],[129.687022,33.766018],[129.660283,33.783592],[129.656934,33.815454],[129.67055653812503,33.81512212989382],[129.67891506627734,33.80998094316607],[129.67550371828807,33.81500160747789],[129.678402,33.814931],[129.673144,33.832218],[129.67554178406763,33.839140115265444],[129.68398878315588,33.851489088350775],[129.68248892743668,33.85390746685349],[129.68672,33.859796],[129.68799617553708,33.86730875536617],[129.695553511379,33.865649566071575],[129.700694,33.861558],[129.767263,33.84455],[129.76799428691794,33.83711477908402],[129.76783167227663,33.8361677446979],[129.762203,33.823138],[129.76409947294468,33.81443217971752],[129.76255323604312,33.805427212495886],[129.76634946200602,33.80410353228776],[129.766787,33.802095],[129.781095,33.792393],[129.796886,33.786444],[129.776378,33.77969],[129.776378,33.773424],[129.799571,33.764838],[129.79958649249642,33.762231859809695],[129.793795447395,33.74627351536641],[129.783865,33.738186],[129.735064,33.736739],[129.722767,33.716748],[129.72241300226108,33.712854024871795],[129.71380038807752,33.699955919030515],[129.70283434589,33.70733033751767]],[[129.69547899016334,33.86041463212962],[129.69433593745362,33.86275499095012],[129.69444444425574,33.85833333291703],[129.69547899016334,33.86041463212962]],[[129.77011277978102,33.783950974857646],[129.76188252795635,33.77688886862643],[129.76944444410583,33.7708333330919],[129.7756174724684,33.78159044064637],[129.77011277978102,33.783950974857646]]],[[[129.3351036588064,34.32996712817516],[129.3374999997253,34.329311975570775],[129.3374999997253,34.329166666808305],[129.33333333366647,34.329166666808305],[129.33434202364344,34.330175357002986],[129.3351036588064,34.32996712817516]]],[[[129.259727,34.369553],[129.272349,34.375697],[129.273751,34.412932],[129.268569,34.433051],[129.277089,34.441527],[129.286864,34.443112],[129.29169,34.440756],[129.310867,34.460511],[129.308895,34.466841],[129.293328,34.453327],[129.280734,34.450647],[129.276044,34.462188],[129.29743378059308,34.50520821195268],[129.31156236551146,34.525029233822416],[129.326119,34.535439],[129.325546,34.542327],[129.32460281924156,34.54332371413091],[129.32564290349728,34.54478285054819],[129.32090344282497,34.54723306100533],[129.308456,34.560387],[129.29965475270527,34.55821822711],[129.28999357397547,34.56321287160411],[129.289107,34.569867],[129.303359,34.586877],[129.3233,34.648072],[129.360968,34.648007],[129.378337,34.644852],[129.409662,34.675173],[129.425745,34.677801],[129.418228,34.685392],[129.423305,34.695071],[129.438615,34.693713],[129.45062,34.701002],[129.45337133017048,34.70096312100684],[129.46977225130752,34.695320040020974],[129.487751,34.676397],[129.483278,34.662697],[129.46912,34.652559],[129.487802,34.646006],[129.488278,34.635678],[129.48643263833347,34.63172719718157],[129.47662837364214,34.61832383031299],[129.472423,34.616767],[129.461925,34.621894],[129.452647,34.619452],[129.478201,34.597113],[129.464241,34.554274],[129.45234323468517,34.52839351016604],[129.41921948071436,34.494437276357765],[129.402326,34.481647],[129.3838375585688,34.4581661211614],[129.3785237628614,34.452718776950064],[129.37971813502443,34.451166699403096],[129.384288,34.424018],[129.361831,34.405486],[129.359464,34.390622],[129.375506,34.394416],[129.38228884607037,34.40070342008581],[129.3825568301337,34.40071987552187],[129.38235785096433,34.400767384792054],[129.393181,34.4108],[129.394422,34.403332],[129.384312,34.383416],[129.38528959405238,34.37916666670833],[129.3833333335665,34.37916666670833],[129.38390062141661,34.37695617718589],[129.38556323195863,34.37797723776078],[129.388145,34.366755],[129.399587,34.355048],[129.407969,34.35158],[129.400756,34.337924],[129.386053,34.331258],[129.3843069138609,34.32892223848464],[129.38233947748495,34.333038669099324],[129.3799119734589,34.33249443896722],[129.3810371958949,34.32454829540122],[129.368242,34.307432],[129.343833,34.300314],[129.324512,34.304593],[129.305464,34.324875],[129.31361251799322,34.32961075548677],[129.3133928089311,34.32874586323106],[129.32203255694634,34.33354072922594],[129.32606363441724,34.33243864442544],[129.3297054234842,34.33144298993696],[129.32982788065226,34.33006625685232],[129.3362850615065,34.32443271200009],[129.33961430294957,34.32873393124791],[129.345064,34.327244],[129.347003,34.355852],[129.334596,34.360591],[129.32092484972364,34.347140615906326],[129.3175174289862,34.344982571488515],[129.3171129316735,34.343390253949124],[129.316204,34.342496],[129.305104,34.343206],[129.304938,34.372424],[129.309322,34.384402],[129.297384,34.377105],[129.287444,34.365768],[129.293398,34.349078],[129.2877115650289,34.344982215754584],[129.27890095872337,34.35034684193143],[129.271992,34.356219],[129.248291,34.351925],[129.23129151885183,34.355149795783916],[129.2296295333009,34.35698855660539],[129.2329960836173,34.36350783369006],[129.23467117236768,34.3667516193694],[129.2388205702097,34.368332606591956],[129.259727,34.369553]]],[[[129.287848,34.16512],[129.283735,34.157505],[129.283519,34.146005],[129.276587,34.129111],[129.264583,34.123787],[129.262424,34.114496],[129.25109,34.10757],[129.24877549235742,34.101236386712365],[129.24713612197073,34.10000502026148],[129.235858,34.100763],[129.2318,34.094814],[129.220421,34.088878],[129.216062,34.098339],[129.19682154031463,34.110645004967665],[129.19438544343348,34.113142904021856],[129.19349493704271,34.11277266704327],[129.190308,34.114811],[129.171634,34.106807],[129.170354,34.146816],[129.178803,34.169765],[129.17648978756836,34.190138363270755],[129.183188409527,34.229368341413725],[129.18926,34.234227],[129.188822,34.249553],[129.195885,34.272993],[129.198535,34.316228],[129.207361,34.329277],[129.225245,34.327403],[129.22637552993962,34.3250751488619],[129.22726620771292,34.31840305773797],[129.224356,34.312611],[129.224053,34.293443],[129.230672,34.293363],[129.238718,34.299287],[129.24822,34.300442],[129.262043,34.307761],[129.275288,34.307597],[129.268925,34.322464],[129.280197,34.322872],[129.302462,34.307787],[129.301436,34.288097],[129.312528,34.279756],[129.316784,34.294469],[129.342583,34.293052],[129.347103,34.286978],[129.34296,34.278278],[129.32561,34.271385],[129.318076,34.25835],[129.324803,34.229253],[129.309384,34.219052],[129.297464,34.218658],[129.298021,34.213177],[129.302579,34.209285],[129.29807583719972,34.17672244268372],[129.29657827504357,34.17011352340169],[129.287848,34.16512]],[[129.22499999995011,34.09166666638362],[129.22382507346845,34.09624464277607],[129.2202660451419,34.09288160550176],[129.22499999995011,34.09166666638362]]]]}},{"type":"Feature","properties":{"id":"b-4060045800"},"geometry":{"type":"MultiPolygon","coordinates":[[[[133.02812334216185,35.995505289719375],[133.02732805936353,35.9955344143023],[133.0282518176673,35.996450805860036],[133.0290065781055,35.995472944145526],[133.02812334216185,35.995505289719375]]],[[[133.079112,35.993638],[133.07555362583233,35.9937683135988],[133.07467017745103,35.99823964396912],[133.079112,35.993638]]],[[[133.04063046005436,35.99504725819531],[133.01837412075008,35.998689161283316],[133.016124,36.000922],[133.012462,36.014797],[133.024181,36.02558],[133.045177,36.020006],[133.066661,36.006537],[133.0707235028696,36.002328324028994],[133.0667128837502,35.99409207632372],[133.04063046005436,35.99504725819531]],[[133.04311523418073,36.00477159243508],[133.04106174020717,35.998444281778234],[133.0463799368846,36.00075649721464],[133.04311523418073,36.00477159243508]]],[[[133.01786687241474,36.06814627117993],[133.014903,36.079779],[133.01002,36.081529],[133.0041332600955,36.08167609314252],[133.0033175995277,36.09209459129238],[132.9787889270674,36.082425604957734],[132.99804804272696,36.04163429560131],[132.99760998498064,36.041151302693955],[132.99605332473317,36.03943496309033],[132.94963048845545,36.06219500201068],[132.969493,36.082017],[133.014496,36.110989],[133.038748,36.130805],[133.056651,36.124945],[133.087576,36.127021],[133.08753519854457,36.125393352750294],[133.08286810957566,36.11747165269469],[133.08733242539896,36.11730434834733],[133.087169,36.110785],[133.06739901642672,36.10556337463955],[133.07500000034975,36.112499999875126],[133.04554951999444,36.10731506383917],[133.0499037000958,36.059379408233156],[133.01786687241474,36.06814627117993]],[[133.079577975843,36.11367492635679],[133.07621493856857,36.117233954683286],[133.07500000034975,36.112499999875126],[133.079577975843,36.11367492635679]]],[[[133.113617,36.113511],[133.093272,36.109768],[133.09081620807987,36.11717379038261],[133.1073277456139,36.116555005305486],[133.113617,36.113511]]],[[[133.1339851467283,36.08640179057808],[133.13139086830793,36.08074631887792],[133.1269238088814,36.071008224473104],[133.1218088782772,36.070169745737246],[133.10431891528583,36.04739549410681],[133.0797661294211,36.038568552287366],[133.081309,36.080146],[133.093516,36.102769],[133.121349,36.109768],[133.13281650467022,36.09329496782597],[133.1304572213238,36.0882337783662],[133.1339851467283,36.08640179057808]]],[[[133.20615922445273,36.199857059745604],[133.202647,36.202297],[133.192638,36.205959],[133.187755,36.216132],[133.1963,36.277981],[133.209483,36.297187],[133.292003,36.342475],[133.292817,36.330552],[133.300792,36.325873],[133.32016,36.321845],[133.329438,36.304918],[133.354015,36.294664],[133.381847,36.257717],[133.38084470269675,36.23867950738267],[133.37851121651954,36.227044338525445],[133.37092454743004,36.20548163556907],[133.35456490216467,36.20038803954499],[133.35255,36.203518],[133.343516,36.204332],[133.34138471772022,36.2030680650058],[133.34166666678334,36.20416666665841],[133.3370886912901,36.20299174017674],[133.33858530758343,36.201407903670734],[133.334321,36.198879],[133.32602,36.191636],[133.337657,36.184394],[133.341319,36.175035],[133.33855837986258,36.168363147952576],[133.2979166664211,36.17437201575598],[133.27875616676735,36.1649230632042],[133.278331,36.164984],[133.256358,36.164984],[133.23407183039276,36.18046618887294],[133.23774414077957,36.18666551340277],[133.20615922445273,36.199857059745604]],[[133.34502224418134,36.216216701639496],[133.34235636405504,36.21588541657877],[133.34166666678334,36.20416666665841],[133.34502224418134,36.216216701639496]]]]}},{"type":"Feature","properties":{"id":"b-4060045820"},"geometry":{"type":"Polygon","coordinates":[[[138.44097438505202,38.09274371327348],[138.438162,38.083482],[138.437511,38.063788],[138.443207,38.051947],[138.451508,38.052436],[138.459239,38.069892],[138.46357602741483,38.069533041486814],[138.4705115424738,38.06602376278647],[138.4784339654405,38.06830330903814],[138.49464,38.066962],[138.540782,38.076728],[138.57325225066302,38.07442459678948],[138.5224337715229,37.96014188336755],[138.513194,37.94481],[138.5059737099024,37.92312581092869],[138.50344679053705,37.917443169366834],[138.36463504327264,37.82980957075512],[138.30619828921976,37.824357096303004],[138.24615512385992,37.79935709635299],[138.21766334258533,37.80781463315866],[138.215099,37.809556],[138.212169,37.819403],[138.215505,37.830268],[138.223888,37.834174],[138.272146,37.842231],[138.283214,37.848334],[138.287852,37.861029],[138.287852,37.88665358905842],[138.28814273449962,37.887178209007175],[138.287852,37.88762020246915],[138.287852,37.905992],[138.298595,37.922431],[138.330821,37.95189],[138.34032333225971,37.964031643762844],[138.34102393290823,37.964531792208504],[138.34085948543185,37.96471671566313],[138.34254,37.966864],[138.314789,37.997463],[138.31235309374088,37.996772546168884],[138.3063268023401,38.003549193940216],[138.275861443351,37.99966905368393],[138.26807524549315,37.984222059120334],[138.247895,37.978502],[138.23361236241198,38.00595980294882],[138.2339509747577,38.006965467482416],[138.2326743668076,38.00851452902318],[138.23264175316436,38.01788458781904],[138.2326049871874,38.02844763234299],[138.23757459868887,38.03037923151635],[138.2373083553089,38.051029358212574],[138.242198,38.071479],[138.253103,38.090318],[138.294688,38.136176],[138.310069,38.168118],[138.348155,38.192816],[138.3567,38.203599],[138.401866,38.241197],[138.428559,38.256293],[138.43051656344048,38.259018772802754],[138.43253072091613,38.25906846773563],[138.4351343823888,38.26544876890771],[138.469412,38.313178],[138.478038,38.319566],[138.489513,38.322455],[138.514171,38.323065],[138.52003,38.318508],[138.519298,38.30744],[138.5128642153111,38.272654765652355],[138.5000435335851,38.220774205081405],[138.49131599897325,38.195180586417585],[138.4381061129069,38.11458333295451],[138.44097438505202,38.09274371327348]]]}},{"type":"Feature","properties":{"id":"b-4060045850"},"geometry":{"type":"MultiPolygon","coordinates":[[[[139.2749717976675,34.329168463998194],[139.27497150617796,34.32916819983872],[139.2644561771109,34.32973395465831],[139.25936052232393,34.33387417412117],[139.253673,34.341376],[139.254649,34.353461],[139.265391,34.388617],[139.28853237622275,34.4115776672674],[139.27500527678737,34.329198804115784],[139.2749717976675,34.329168463998194]]],[[[139.60963,33.896389],[139.622813,33.885565],[139.629568,33.871731],[139.622895,33.856757],[139.62026460178987,33.8559477423276],[139.5934275943517,33.85521795381222],[139.581309,33.862535],[139.579763,33.880316],[139.5906495071462,33.893609440476354],[139.59562347104236,33.8959240462113],[139.60963,33.896389]]],[[[139.56714403023503,34.099924331589015],[139.57029452846973,34.08124999988763],[139.55633951805441,34.05893825969298],[139.5027777774725,34.041666666483536],[139.50119813621674,34.04230333796829],[139.487071,34.060777],[139.494395,34.09276],[139.523448,34.112372],[139.5535641315032,34.1133786801059],[139.55871778615287,34.11047593220865],[139.56714403023503,34.099924331589015]]],[[[139.351195,34.720034],[139.352014,34.76734],[139.35550567805168,34.79078703780894],[139.3591697294646,34.79670329805539],[139.400645,34.788642],[139.43396350078132,34.77362667779394],[139.45056728805002,34.74677056231167],[139.45370483381112,34.69792548257499],[139.44221705606788,34.67831114241644],[139.43518463831577,34.677928303771935],[139.4258258107204,34.677418817419294],[139.41770326182575,34.67877828374774],[139.37472511169233,34.6961025740372],[139.35630212182778,34.708931425151256],[139.351195,34.720034]]]]}},{"type":"Feature","properties":{"id":"b-4060045890"},"geometry":{"type":"MultiPolygon","coordinates":[[[[141.457607634678,24.225574353243356],[141.460216,24.227362],[141.4698452686421,24.226279261959135],[141.46944444410587,24.22500000024985],[141.457607634678,24.225574353243356]]],[[[141.33937079868412,24.770531213333957],[141.330577,24.76911],[141.32579412059596,24.7631732157024],[141.32579412059596,24.763173215702395],[141.28968353882664,24.743602774876784],[141.289806,24.76024],[141.292654,24.773871],[141.29949,24.785875],[141.311697,24.791815],[141.34210237245992,24.792906560829735],[141.34926317015925,24.77589246926209],[141.33937079868412,24.770531213333957]]],[[[141.2786973738847,25.45061764229041],[141.2964508058601,25.442282274107697],[141.2912966247642,25.420894476733512],[141.28942651084503,25.41934837330479],[141.28795805711778,25.418134339593056],[141.27995155723812,25.42320000331576],[141.274669,25.427069],[141.27124735978558,25.4380370425664],[141.2786973738847,25.45061764229041]]],[[[142.10633339268261,27.72106755670237],[142.1094690506592,27.72138716907027],[142.10897026901762,27.720371441933793],[142.1068393717094,27.718506566495428],[142.10633339268261,27.72106755670237]]],[[[140.31243164225128,30.47455617994264],[140.306488,30.473619],[140.301443,30.486274],[140.307628,30.491156],[140.31408075275868,30.491156],[140.31728430812439,30.488236830165647],[140.31243164225128,30.47455617994264]]],[[[139.757091,32.470364],[139.77241731543873,32.44337414078556],[139.76786139055088,32.44482534440103],[139.756358,32.452297],[139.757091,32.470364]]],[[[139.739757,33.133246],[139.750824,33.14525],[139.767751,33.149888],[139.813162,33.123765],[139.85174206485846,33.11060697897814],[139.861665174908,33.075688340744364],[139.8426381428361,33.07432149264281],[139.83116048137117,33.04227159295971],[139.7838348759492,33.065662876516434],[139.78209124611493,33.069011328965736],[139.77946050625437,33.074063380242066],[139.77849731459946,33.09079047330175],[139.74218203680363,33.12354585278547],[139.739757,33.133246]]],[[[142.1614609858628,26.63102128263093],[142.159923,26.632025],[142.139008,26.662502],[142.1371568943356,26.6664274626065],[142.12192789725475,26.717284138552202],[142.13470119940087,26.703549194040136],[142.1360043505218,26.706541733546732],[142.14324,26.702216],[142.16202917719474,26.701472671812347],[142.14954477956803,26.688423665619723],[142.15787008202895,26.688952920805228],[142.154307,26.686469],[142.15561,26.679145],[142.165782,26.674384],[142.16909476265556,26.67429982399806],[142.16742197714257,26.663283962285107],[142.1753860593563,26.662682219108465],[142.172699,26.65351],[142.186209,26.657904],[142.18728382915225,26.65608548368638],[142.1744327122999,26.642413329911278],[142.17581261175255,26.63890974021313],[142.175548,26.638658],[142.175059,26.630072],[142.180186,26.618801],[142.1701935936206,26.625322224989436],[142.1701276990342,26.628359645881005],[142.1614609858628,26.63102128263093]],[[142.17916666710812,26.649999999900103],[142.17799173972708,26.654577975393295],[142.1744327122999,26.651214939018246],[142.17916666710812,26.649999999900103]]],[[[142.214366,27.063788],[142.205577,27.080959],[142.193207,27.091742],[142.206554,27.097113],[142.21713397469503,27.098014979409484],[142.23700953847865,27.06271587849072],[142.23463,27.050035],[142.2339546242135,27.04962912069527],[142.2300099693847,27.050463188625315],[142.2302313719376,27.047391564840744],[142.218516,27.040351],[142.198578,27.051093],[142.1803793482443,27.07778640084894],[142.18035967094858,27.077997432168296],[142.214366,27.063788]]],[[[142.20045,27.183295],[142.204112,27.173896],[142.201834,27.162746],[142.18922,27.145494],[142.184255,27.158352],[142.1850632670147,27.170413360706764],[142.18765518811472,27.17875556194185],[142.190929,27.185207],[142.20045,27.183295]]],[[[142.18230170265008,27.617904790562324],[142.183116,27.619452],[142.1872397056137,27.618077572212513],[142.18611111143866,27.61666666673335],[142.18230170265008,27.617904790562324]]]]}},{"type":"Feature","properties":{"id":"b-4060046100"},"geometry":{"type":"MultiPolygon","coordinates":[[[[123.8909987441903,24.27876533098895],[123.89067585673017,24.278396056151657],[123.88851826980238,24.279450480555283],[123.887344051631,24.274585589850528],[123.873057,24.258246],[123.85641918611759,24.257283998839664],[123.83357916894352,24.271488783380676],[123.77323098046163,24.27492383265059],[123.75545935853404,24.27901014809272],[123.72983398475071,24.296488783330744],[123.72330377964927,24.282703052819468],[123.683442,24.285305],[123.668224,24.296617],[123.683767,24.323472],[123.698009,24.315985],[123.707042,24.328681],[123.729259,24.315741],[123.742361,24.319729],[123.748057,24.329576],[123.753184,24.364447],[123.769867,24.418362],[123.776866,24.419745],[123.784923,24.416083],[123.814708,24.39175],[123.834727,24.395494],[123.872081,24.390123],[123.910492,24.379543],[123.934418,24.367499],[123.936046,24.341457],[123.92323598870715,24.31982776940524],[123.91804673936554,24.32080959728512],[123.90351121656943,24.30484992158665],[123.90470619041076,24.294442046866056],[123.8909987441903,24.27876533098895]]],[[[122.93850436508716,24.447398114227532],[122.93838178959206,24.450055339970465],[122.95758590752217,24.47281366731622],[122.967947,24.471177],[123.002615,24.474311],[123.016368,24.469794],[123.01824,24.459296],[123.011078,24.447699],[122.998383,24.439521],[122.987804,24.443305],[122.9637732839158,24.44104772093976],[122.93860812632295,24.44514874924088],[122.93850436508716,24.447398114227532]]],[[[124.11958346900201,24.433318074969236],[124.09807536548212,24.41982407506092],[124.088634,24.421942],[124.077891,24.428453],[124.07838,24.435492],[124.095225,24.439521],[124.10426093336477,24.451550836704232],[124.11575113940364,24.449357096053177],[124.11680693296763,24.4675614357241],[124.129161,24.469387],[124.134451,24.456773],[124.156505,24.441636],[124.191254,24.440009],[124.211925,24.446967],[124.2181171866731,24.457438617378124],[124.22364874979007,24.457690429969432],[124.22101565505241,24.46234022216703],[124.240245,24.494859],[124.256602,24.501614],[124.268403,24.510443],[124.27012746493766,24.513624211322476],[124.27371893997713,24.512411499191387],[124.29230940065838,24.54615512445946],[124.28928529572367,24.548965671087835],[124.300629,24.569892],[124.314464,24.587307],[124.3213,24.590277],[124.329112,24.583564],[124.332286,24.571031],[124.32524687159241,24.561007450038424],[124.3134641855238,24.553202310937934],[124.31112164080116,24.5408934603004],[124.273936,24.487942],[124.27325345949959,24.48577222576003],[124.25512135846395,24.46624179372384],[124.25935926913763,24.437678531843773],[124.253917,24.401801],[124.241873,24.363715],[124.22444356427195,24.348227664813713],[124.20521697987976,24.354809570705186],[124.1936484676803,24.334952403189906],[124.177013,24.332994],[124.14206200507411,24.341556769974485],[124.13721076116781,24.35334608325519],[124.12244803362256,24.360371980668376],[124.122244,24.360582],[124.143077,24.384914],[124.13695465735563,24.38904357784957],[124.1423094009582,24.411052110266724],[124.11958346900201,24.433318074969236]]],[[[125.27826232914322,24.75386691582554],[125.27384134919896,24.774886067637965],[125.26410540991976,24.780712924238284],[125.26867434205225,24.798978760411245],[125.27224840169724,24.813267260667903],[125.27438252793138,24.81450636137953],[125.27593146446554,24.841386582924486],[125.29228413940154,24.846832953677904],[125.26982281166045,24.88218488486991],[125.285167,24.877346],[125.294444,24.869574],[125.321625,24.816881],[125.33437799407297,24.804949858580212],[125.3342647973825,24.804446750017576],[125.33540235401445,24.803991512386634],[125.358246,24.78262],[125.365571,24.779934],[125.387218,24.782172],[125.39314163008079,24.78088489025405],[125.41983425684116,24.77020279511366],[125.43355758258046,24.762813390798485],[125.44460549442545,24.756864578607345],[125.44571906344149,24.75540551194663],[125.452647,24.74494],[125.444021,24.737209],[125.3838,24.726955],[125.299653,24.725653],[125.2622961700083,24.732723301067136],[125.25910169828478,24.734305148663736],[125.25854877316654,24.735740331961356],[125.256847,24.751695],[125.2616686043696,24.770970978051803],[125.26203070745123,24.771450805810105],[125.27826232914322,24.75386691582554]]],[[[125.16442431504949,24.801688529981018],[125.15333039712205,24.80382970623072],[125.14017443335041,24.816734762444725],[125.141124,24.828599],[125.157563,24.833808],[125.163585,24.854641],[125.177013,24.856391],[125.194509,24.850287],[125.202891,24.846259],[125.210785,24.836982],[125.217052,24.816596],[125.20916890099565,24.808849173531605],[125.16732617751155,24.801128457423758],[125.16442431504949,24.801688529981018]]],[[[126.71887244970405,26.34755357724563],[126.70947559968818,26.35232237665761],[126.71279262997598,26.378401353339825],[126.75611208067212,26.3900887292371],[126.769867,26.388007],[126.78712,26.380072],[126.801443,26.367662],[126.810069,26.351874],[126.807384,26.332587],[126.793712,26.312893],[126.795177,26.305609],[126.7824,26.304511],[126.77003,26.314195],[126.759939,26.334418],[126.75081319400621,26.337289484027224],[126.74795566152466,26.341011217293897],[126.71887244970405,26.34755357724563]]],[[[127.364106,26.22134],[127.370779,26.210028],[127.36561533315512,26.18548938494411],[127.36188252735678,26.181965467732198],[127.36312395891179,26.173649954679902],[127.361095,26.164008],[127.353526,26.153998],[127.345388,26.158271],[127.342784,26.170233],[127.34436416485798,26.18693753388334],[127.35849745577657,26.2199843240874],[127.364106,26.22134]]],[[[128.22825910817141,26.8009073894645],[128.2506050954488,26.845292832798066],[128.24939520936763,26.854310073048392],[128.254405,26.864407],[128.25481643611423,26.878242250347956],[128.25779266340078,26.879771592684904],[128.2842408920036,26.85090738936458],[128.29279325777068,26.85027074648199],[128.3193625127656,26.82490543532709],[128.3200167213413,26.824280871180086],[128.32560509619827,26.81304050021896],[128.32553880447233,26.76041666709557],[128.33079416152594,26.755504557971967],[128.323416,26.746039],[128.3230251102203,26.745328182145755],[128.3216052588757,26.745013428027335],[128.29832387311436,26.701255298287126],[128.296641,26.701321],[128.27060023518314,26.661798446558908],[128.2324095400491,26.6300968355738],[128.217133,26.625637],[128.2085266367775,26.62522394361098],[128.14939490405163,26.62810465480601],[128.151453373529,26.61091921234381],[128.142833,26.601752],[128.13984231614515,26.59604236078056],[128.13333333336675,26.595833333041924],[128.13711116785825,26.590828211733132],[128.132091,26.581244],[128.145763,26.573432],[128.14529702195446,26.565814485213636],[128.1423807775509,26.56533440505882],[128.14173574840268,26.559010558532975],[128.138357,26.554023],[128.090343,26.54267],[128.071625,26.544013],[128.0668021207573,26.54599945140845],[128.0604166669956,26.549393717646012],[128.0592303047074,26.549118137135345],[128.055919,26.550482],[128.05368100731653,26.54782908890443],[128.04124586300622,26.544940524885362],[128.04583338304698,26.538526534140814],[128.036388,26.52733],[128.0146385274703,26.50698672721778],[127.99550611711368,26.50316433406681],[127.99969551756065,26.493009849095106],[127.984141,26.478461],[127.972016,26.471869],[127.96388316204698,26.469875339609867],[127.95561472543932,26.471476237038758],[127.9536808306889,26.467374369587702],[127.950938,26.466702],[127.94851513442904,26.456417722983343],[127.94566418661574,26.45037074962169],[127.940278,26.44774],[127.91522952393528,26.447622779661835],[127.8896350435225,26.45352376261161],[127.85082058370301,26.44554409428457],[127.83333333306689,26.42083333339167],[127.8678820591894,26.393847904204858],[127.87650430575106,26.358995110086433],[127.8764590789234,26.358412339857637],[127.87668914551003,26.358247951904595],[127.878266,26.351874],[127.888845,26.339097],[127.910167,26.323065],[127.919932,26.309638],[127.901866,26.304999],[127.88879057481137,26.309052413942723],[127.87292616061393,26.328634982918175],[127.85327672621304,26.320061794287263],[127.85202904138922,26.320448579648964],[127.84993189423695,26.32109870042013],[127.84882507351836,26.3254113090847],[127.84566196511703,26.322422388941106],[127.840831,26.32392],[127.828298,26.31623],[127.82238906196065,26.306585285671215],[127.81749538870133,26.30445014106124],[127.81794601642518,26.29933323722293],[127.777517,26.233344],[127.771007,26.216498],[127.77023960896614,26.210946202885186],[127.76251525897203,26.205416531148046],[127.77021766760073,26.194409038719638],[127.775401,26.185126],[127.7766133623445,26.185268967754812],[127.78424886099617,26.174357096203096],[127.79492806897936,26.18742872840681],[127.809906,26.189195],[127.823578,26.186754],[127.81422,26.16592],[127.796886,26.139716],[127.78111756698736,26.12634349837049],[127.76957883200562,26.12281666327638],[127.754893,26.125312],[127.74171,26.115627],[127.725352,26.089586],[127.710134,26.084377],[127.65442374537712,26.084377],[127.66314290322248,26.12467820913207],[127.65504761545121,26.12843594918729],[127.64910641651716,26.147974120178464],[127.65064290324744,26.15384487604024],[127.63601918057672,26.192411707099712],[127.63618469241815,26.194111582008507],[127.63700252090855,26.202511018075796],[127.64466875684857,26.21398115157735],[127.658458,26.212348],[127.67276002701936,26.225895883737422],[127.67564290319751,26.226447889458598],[127.6740645181573,26.22713158929506],[127.677745,26.230618],[127.692638,26.256252],[127.69349427354176,26.25849869975142],[127.71494872352638,26.274449158327652],[127.718272,26.274075],[127.72486511386583,26.281821567009715],[127.75773213732839,26.306256781925015],[127.73241391440725,26.36061639350348],[127.724376,26.385443],[127.720714,26.40648],[127.722504,26.429918],[127.72948491649841,26.437836165499224],[127.73888244616796,26.42497049988873],[127.7607446017499,26.440681167275375],[127.781098,26.44123],[127.79255897437659,26.444249877298578],[127.79924994572843,26.44248589390895],[127.79961148518044,26.446108158852546],[127.805186,26.447577],[127.81881620872706,26.469507405148526],[127.84076368559568,26.484291246144153],[127.8351076175676,26.490750107592348],[127.864268,26.505683],[127.87964418897755,26.50998298495254],[127.88622877313946,26.50400085465577],[127.89812947634776,26.5151524360858],[127.90268,26.516425],[127.937511,26.532131],[127.94220726240479,26.538746307663185],[127.94375169548437,26.53807339167372],[127.97853630940324,26.568685913024524],[127.97472500235699,26.586609904123804],[127.95319588603233,26.596154634405973],[127.940603,26.602484],[127.93808616709033,26.60285338551893],[127.92714741991756,26.60770297571179],[127.91240592307318,26.60662237241755],[127.894298,26.60928],[127.88663380824553,26.618877842338364],[127.88559558483304,26.6213268071259],[127.885753,26.65351],[127.88438325580503,26.66101368080086],[127.88813035723024,26.667461140519265],[127.88200625402165,26.67403528199575],[127.878266,26.694525],[127.96461,26.69717],[127.987315,26.692939],[128.001231,26.680243],[127.999522,26.67182],[127.988536,26.652981],[127.995616,26.639228],[128.004405,26.634752],[128.014903,26.634833],[128.0209424488156,26.636244446242817],[128.0277777779222,26.63333333296697],[128.02837296881907,26.637980992053755],[128.03761811214787,26.6401416234647],[128.03820461664975,26.638282606157418],[128.050396389282,26.636869642619956],[128.0833333334666,26.649999999900103],[128.09057280411378,26.662839323657284],[128.111095,26.674018],[128.10475331515312,26.687988700062025],[128.11345045337578,26.703413221942697],[128.14081726030838,26.70904744488371],[128.15893842866558,26.728277926984788],[128.15496822305667,26.734677229890753],[128.156993,26.737128],[128.1590827522136,26.745556049821964],[128.18193867992625,26.750028143983684],[128.22825910817141,26.8009073894645]],[[128.13215840688508,26.600411309434435],[128.12859937855853,26.597048272160066],[128.13333333336675,26.595833333041924],[128.13215840688508,26.600411309434435]]],[[[127.232758,26.600775],[127.242361,26.596747],[127.244151,26.586412],[127.236827,26.579169],[127.214854,26.57746],[127.20884009790724,26.581970925897203],[127.22366021866051,26.59920036746076],[127.232758,26.600775]]],[[[127.758556,26.712877],[127.754649,26.728583],[127.768809,26.734036],[127.795746,26.731513],[127.809825,26.735419],[127.81109745748066,26.70926926324798],[127.76836593227857,26.709150174183254],[127.758556,26.712877]]],[[[128.000987,27.091742],[127.993175,27.066718],[127.975759,27.03974],[127.97298348367359,27.037218161161558],[127.97058308923829,27.036624484832146],[127.97050315903833,27.034964533994025],[127.952159,27.018297],[127.93354782551468,27.01226550282637],[127.93139941781153,27.018416160881227],[127.93572,27.025092],[127.987071,27.078599],[127.99503064712508,27.091201534895184],[127.99953814983384,27.091742],[128.000987,27.091742]]],[[[128.454356,27.047512],[128.45464580700354,27.036395027050386],[128.4506644685064,27.023379412120008],[128.448578,27.020697],[128.43417181404422,27.02151668689528],[128.4276796693967,27.02369733534059],[128.396251,27.040758],[128.396251,27.049018],[128.407268441122,27.050638185904294],[128.41176740843923,27.05121595625144],[128.41765426665518,27.06074863417435],[128.428966,27.066474],[128.43504345307917,27.06493023761912],[128.4479768078208,27.0571072381115],[128.454356,27.047512]]],[[[128.229828,27.868964],[128.2335164405782,27.867631137905047],[128.23611111143873,27.85833333321682],[128.23004149590122,27.867555294243967],[128.229828,27.868964]]],[[[131.264171,25.84634],[131.252452,25.819037],[131.241466,25.818752],[131.21301478609905,25.82872188485348],[131.21468640300225,25.844735491913735],[131.221202,25.855699],[131.23761785673696,25.872215714596745],[131.25597629360124,25.87435262515592],[131.26272408697898,25.869254312855535],[131.2648373804087,25.86765760867627],[131.2756049266261,25.859120856442416],[131.27413887050588,25.855619156058694],[131.264171,25.84634]]],[[[131.31973333991417,25.926984157084146],[131.31831021643237,25.925223087384325],[131.29959178787018,25.928904757247146],[131.290863,25.938666],[131.289724,25.951361],[131.302094,25.953192],[131.3213,25.947699],[131.32572369745859,25.940571148837787],[131.32075382759024,25.928246977878228],[131.31973333991417,25.926984157084146]]],[[[128.6952926634258,27.44643842939007],[128.70248130045493,27.442520315680518],[128.697602,27.435736],[128.66977,27.421088],[128.655772,27.410142],[128.640473,27.38467],[128.630707,27.375678],[128.618175,27.379706],[128.613129,27.364325],[128.587413,27.362047],[128.574474,27.353339],[128.559906,27.350735],[128.545421,27.353746],[128.532481,27.362047],[128.526866,27.371894],[128.526134,27.397162],[128.52909713031627,27.404102033713162],[128.62029266357558,27.407728237867957],[128.6952926634258,27.44643842939007]]],[[[128.899262,27.769517],[128.89032897195318,27.79377909539358],[128.88810492600157,27.811959330558693],[128.88008598609628,27.821599034911646],[128.878917,27.824774],[128.88852,27.853176],[128.894542,27.891303],[128.8948575476177,27.89157313367086],[128.96526306930352,27.89461398227267],[128.965505,27.894355],[128.97064109391818,27.869225090429964],[128.96189507419842,27.86317545578271],[128.97329356853334,27.85624704752861],[128.97491512996356,27.848313062528863],[128.97165323910576,27.817438592217286],[129.02628454411357,27.781906680720457],[129.029633,27.773261],[129.024262,27.756578],[129.000255,27.727729],[128.989513,27.707465],[128.976329,27.695502],[128.947032,27.681383],[128.929454,27.686713],[128.921886,27.700914],[128.916352,27.722357],[128.894542,27.728217],[128.89195885806794,27.737861106088257],[128.89643825991777,27.74383934850715],[128.8950110963106,27.755505550807648],[128.899262,27.769517]]],[[[129.2493758530762,28.09807787858097],[129.230642,28.096666],[129.221446,28.099107],[129.2198569127412,28.10244093936582],[129.22148878318092,28.104748196172352],[129.21577001857307,28.12604160906748],[129.214122,28.140082],[129.187022,28.174994],[129.180837,28.190253],[129.1863761106211,28.192179518506393],[129.19017774760505,28.19101121719399],[129.19687985354844,28.19545419841791],[129.227712,28.195258],[129.2238459655499,28.18322540539118],[129.20804951956973,28.182315063489455],[129.21280348069615,28.168285454310308],[129.2419125028598,28.153511217268886],[129.2548221161478,28.162745836451222],[129.24999289577573,28.17268917618367],[129.2619270322243,28.174038566322395],[129.26398880280195,28.17427169026042],[129.26618446495084,28.170922900063182],[129.250499,28.151028],[129.251801,28.143785],[129.264171,28.134711],[129.27796097377686,28.12828233252047],[129.27767774832944,28.11601121734384],[129.28581470398626,28.124621047821368],[129.2915506693582,28.12194703156528],[129.29255642364012,28.11229451537963],[129.3009665654771,28.120158976958084],[129.30522336020593,28.120734653559175],[129.30983249292586,28.12135797933061],[129.31934441431338,28.10767788342764],[129.3349727897311,28.116311560305526],[129.347341,28.10692],[129.34951275524116,28.09257714700574],[129.34649480773726,28.085317303991758],[129.323985,28.078599],[129.3198138050073,28.08254340773422],[129.3200246174422,28.096361287843195],[129.30991108317102,28.09190772004024],[129.300792,28.100531],[129.290538,28.09516],[129.290701,28.088813],[129.279145,28.077094],[129.263031,28.099107],[129.2562089020154,28.09859285195034],[129.2510759137225,28.108988782906067],[129.2493758530762,28.09807787858097]],[[129.24953341993148,28.126641167955597],[129.252777778172,28.1249999996503],[129.2526692704705,28.129421657683395],[129.24953341993148,28.126641167955597]],[[129.25708109531638,28.1327534992746],[129.258333332917,28.137499999625334],[129.24942016560817,28.13449130602902],[129.25708109531638,28.1327534992746]]],[[[129.3018572836646,28.34051964057843],[129.316254,28.350165],[129.331309,28.366034],[129.34902411150395,28.366297300215592],[129.36178622755244,28.35769042936988],[129.3804116042566,28.366763813429852],[129.380626,28.366767],[129.3970419824699,28.371064713041534],[129.40144788920884,28.36185709632798],[129.39757349129692,28.371203862338373],[129.399587,28.371731],[129.40856779133583,28.385812703209858],[129.44482964417284,28.384166802256175],[129.44861350306917,28.391395501407793],[129.450938,28.392035],[129.466156,28.404853],[129.4693568288422,28.41057453376554],[129.47628106032278,28.40407816557496],[129.48720022289018,28.408545277160098],[129.49737288449393,28.403227231736],[129.50105048309342,28.39102376323615],[129.50373882680827,28.399899256058294],[129.516368,28.393297],[129.533458,28.430487],[129.560802,28.451117],[129.6179810805857,28.47874654976842],[129.6242655435201,28.478449164297558],[129.60767788382736,28.45070631214662],[129.60930582670255,28.436844550635556],[129.6147191552576,28.44507995496164],[129.616466,28.438544],[129.632498,28.434882],[129.63298369204185,28.435087229685042],[129.63328009679913,28.434594048476583],[129.62205403686437,28.420807901963144],[129.63740369972106,28.417712741250057],[129.6500000000001,28.43749999992508],[129.6491400236791,28.447224593987002],[129.65784285637199,28.459988907038188],[129.66394788958348,28.453523763111207],[129.67023179805915,28.460410223652957],[129.66388750492916,28.468854501631508],[129.67335,28.482733],[129.667247,28.502997],[129.673106,28.509833],[129.687755,28.508979],[129.69773511505494,28.495236146033214],[129.70091891817356,28.483552720681587],[129.70195636453818,28.483327356743146],[129.711436,28.455634],[129.7209250005678,28.444902193916043],[129.71253696771845,28.429075034764086],[129.693858,28.428697],[129.681651,28.421088],[129.62497126022913,28.402626645807345],[129.6213097462479,28.40333862337883],[129.6193931571273,28.40080978254187],[129.619314,28.400784],[129.61922152459744,28.400583322240205],[129.6035644767683,28.379924652361147],[129.581554,28.370673],[129.55452435328118,28.32929181401999],[129.5382490365638,28.328458319695756],[129.5386700112973,28.321274557074705],[129.533458,28.318834],[129.5044297686448,28.29253763012631],[129.48813374807412,28.28685709647789],[129.4576904296697,28.29379102953243],[129.4579887491464,28.291512958342917],[129.447439,28.29092],[129.454845,28.277248],[129.447765,28.266303],[129.439626,28.259019],[129.420177,28.249945],[129.4269146329003,28.245124285013627],[129.4243825277315,28.242612372762835],[129.43170535434393,28.24169656744565],[129.467947,28.215766],[129.41951499235753,28.188186343424615],[129.4134792749486,28.187676663247487],[129.41269824073248,28.185371942295124],[129.406505,28.184475],[129.401541,28.163316],[129.388682,28.162828],[129.371104,28.167222],[129.36045995170426,28.16353932595647],[129.3451904298945,28.16894870341997],[129.35958319790632,28.150015258397502],[129.36621329629605,28.1515666401197],[129.373075644691,28.142047350373176],[129.37764847137086,28.122679658451876],[129.375987,28.119574],[129.365733,28.123196],[129.35824258427448,28.12966887691989],[129.35745781752428,28.13358357712042],[129.35418149100602,28.133178289194216],[129.337576,28.147528],[129.286632,28.177924],[129.280284,28.190497],[129.28067758160185,28.2131408464203],[129.2819444441808,28.212500000374746],[129.28183593737867,28.21692165840784],[129.2807261943508,28.2159376733457],[129.280772,28.218573],[129.269298,28.229438],[129.25745561654404,28.215919928436765],[129.25715840643534,28.217077975867937],[129.25455679059644,28.214619627001888],[129.242442,28.214301],[129.2415170242725,28.21470582731705],[129.24083082438312,28.21590203135372],[129.23826971892814,28.216127051540653],[129.207856,28.229438],[129.16866882805726,28.238402736595113],[129.15516642322376,28.24329847814617],[129.145763,28.249945],[129.145763,28.256171],[129.162852,28.262641],[129.171397,28.261664],[129.180512,28.256171],[129.19791488511228,28.261122096234093],[129.21160142706424,28.253690931291487],[129.2167364764961,28.262311130454037],[129.241384,28.256334],[129.270844,28.255357],[129.28786246485524,28.28038845972536],[129.290277778097,28.27916666630864],[129.2901692703956,28.283588324341736],[129.28983874620258,28.28329525580673],[129.290375,28.284084],[129.253673,28.284573],[129.239513,28.290351],[129.227712,28.304592],[129.24460229324623,28.31590241009291],[129.29551154282353,28.328523763361034],[129.3018572836646,28.34051964057843]],[[129.65300869449572,28.428586832616304],[129.65474650035083,28.4362477623244],[129.6500000000001,28.43749999992508],[129.65300869449572,28.428586832616304]],[[129.25370008688958,28.222474500797603],[129.25694444423073,28.22083333339168],[129.2568359374286,28.225254991424777],[129.25370008688958,28.222474500797603]],[[129.40370008658977,28.189141167830655],[129.4069444448303,28.187500000424734],[129.4068359371289,28.19192165755851],[129.40370008658977,28.189141167830655]]],[[[130.0309837171909,28.357261326099025],[129.98659650982108,28.2923122832853],[129.97200558114008,28.28406180191961],[129.956554,28.284817],[129.913585,28.297105],[129.975597,28.343248],[130.02706544299113,28.37170166242345],[130.03041427588758,28.37046116221229],[130.0309837171909,28.357261326099025]]],[[[129.612315,29.443345],[129.59962,29.443345],[129.587413,29.458238],[129.591319,29.467963],[129.598155,29.472357],[129.608084,29.469224],[129.6132582079576,29.459335497981577],[129.61424047242463,29.45074185203665],[129.612315,29.443345]]],[[[129.72000653258982,29.60908429239128],[129.712901,29.629299],[129.711436,29.642524],[129.714854,29.654527],[129.7426176110375,29.660341747538123],[129.73653564420465,29.625964355870394],[129.72000653258982,29.60908429239128]]],[[[129.83398113833863,29.86926953229887],[129.83924015478107,29.877927428802845],[129.8447710262149,29.882074139595016],[129.84620689247234,29.883150664728017],[129.8555775282511,29.88514334374842],[129.875336,29.878323],[129.888682,29.877509],[129.893565,29.874742],[129.89501233840605,29.864291796101377],[129.8952284071653,29.84921264604685],[129.91817335266057,29.81984348015848],[129.86497178802003,29.824470473950942],[129.83602180848158,29.862841958149726],[129.83398113833863,29.86926953229887]]],[[[129.533051,29.8935],[129.52904699707196,29.900082637470607],[129.52827526632728,29.906714352658593],[129.528575,29.908922],[129.543305,29.908149],[129.554454,29.897528],[129.551524,29.893622],[129.54768405370802,29.892386894820756],[129.53521363521983,29.892354461361755],[129.533051,29.8935]]],[[[129.9375222694398,29.97717080283803],[129.94682461233373,29.960665481263746],[129.94483352657852,29.956154587115783],[129.940929,29.953192],[129.913333,29.960902],[129.900645,29.972561],[129.901134,29.980699],[129.912364,29.991889],[129.909028,29.999335],[129.91582471110655,30.002163904213848],[129.93205580805676,29.986870047859327],[129.9375222694398,29.97717080283803]]]]}}]}
