{"type":"FeatureCollection","features":[{"type":"Feature","properties":{"id":"g-1543","category":33},"geometry":{"type":"Polygon","coordinates":[[[138.84445124900003,36.52108038200004],[138.978134145,36.55852325500007],[139.06320745100004,36.54916547800008],[139.11182254900007,36.47427705700005],[139.09988272500004,36.37131392300006],[138.99784043500006,36.16540822300004],[138.65727307300006,35.828528550000044],[138.3833531130001,35.63205130500006],[138.24241359500002,35.557207283000025],[138.06032757900005,35.51043311900003],[137.95426630100008,35.50107765000007],[137.85178531200006,35.51978864500006],[137.79649624,35.58527487900005],[137.823623085,35.678829146000055],[137.88720322300003,35.81917115700003],[137.9498276280001,35.89402785600004],[138.0626788090001,35.978242445000035],[138.21067510700004,36.043748092000044],[138.35668946400006,36.146689415000026],[138.52671126300004,36.333875584000054],[138.67884923600002,36.446197357000074],[138.84445124900003,36.52108038200004]]]}},{"type":"Feature","properties":{"id":"g-1712","category":34},"geometry":{"type":"Polygon","coordinates":[[[130.51858210400007,30.23666058400005],[130.44024924500002,30.252779548000035],[130.38747693100004,30.35194437900003],[130.3827165570001,30.393889907000073],[130.423361,30.398968],[130.4469988550185,30.427792448826203],[130.461182,30.441142],[130.4638309283709,30.448317798381193],[130.48374116188506,30.457069162337927],[130.488345,30.457026],[130.4918386285642,30.46062833094268],[130.58382893420097,30.424109478173484],[130.599588,30.412458],[130.6364517863652,30.403218948707604],[130.67007289439397,30.378098232207613],[130.647146,30.290513],[130.603751,30.252469],[130.56469919100005,30.237218006000035],[130.51858210400007,30.23666058400005]]]}},{"type":"Feature","properties":{"id":"g-1612","category":34},"geometry":{"type":"Polygon","coordinates":[[[129.33623213850578,34.27560508073316],[129.32561,34.271385],[129.318076,34.25835],[129.324803,34.229253],[129.297464,34.218658],[129.297212,34.170476],[129.287848,34.16512],[129.283735,34.157505],[129.276587,34.129111],[129.264583,34.123787],[129.26242535436285,34.11450182833951],[129.2624134626139,34.114489560796166],[129.25109,34.10757],[129.248297,34.099927],[129.235858,34.100763],[129.2318,34.094814],[129.220421,34.088878],[129.216062,34.098339],[129.190308,34.114811],[129.18355903817388,34.1119182780092],[129.18332343800012,34.16721254700008],[129.21246481900005,34.319443180000064],[129.228461,34.320781],[129.224356,34.312611],[129.224053,34.293443],[129.230672,34.293363],[129.235797457466,34.297136702464385],[129.24510179069992,34.30006297119116],[129.24822,34.300442],[129.25101879055657,34.30192390321084],[129.26929293378672,34.30767123109543],[129.275288,34.307597],[129.27454875881597,34.30932421965784],[129.3020806972863,34.300469406985584],[129.301436,34.288097],[129.312528,34.279756],[129.316784,34.294469],[129.34619694586627,34.285075351927716],[129.33623213850578,34.27560508073316]]]}},{"type":"Feature","properties":{"id":"g-1489","category":15},"geometry":{"type":"Polygon","coordinates":[[[139.25280498000006,38.00412253300004],[139.27372526600004,37.78145348000004],[139.2493122740001,37.43979625800006],[139.2145962300001,37.355405114000064],[139.0962062540001,37.17954380700007],[138.97086655900011,37.12949919600004],[138.732244755,37.06748762600006],[138.4603867290001,37.04091084800007],[138.25209840700006,37.032054714000026],[138.11801492000006,37.04091084800007],[137.95771676200002,37.075237927000046],[138.02468894700007,37.10777346900005],[138.2710875250001,37.184162024000045],[138.58054502100003,37.398609477000036],[138.7402387830001,37.58027400900005],[138.748686617659,37.601024901965424],[138.765636,37.63467],[138.78450637833896,37.68901100135414],[138.82663532000004,37.79249469800004],[138.89403089926174,37.851371520215764],[138.97162342700005,37.89554852900005],[139.25280498000006,38.00412253300004]]]}},{"type":"Feature","properties":{"id":"g-1652","category":34},"geometry":{"type":"Polygon","coordinates":[[[130.79582142100003,32.74664082400005],[130.86782349400005,32.76703805500006],[130.96041961600008,32.73840224300005],[131.1650497810001,32.733530331000054],[131.26350552400004,32.78217297700007],[131.34220057700009,32.858111206000046],[131.45191657300006,33.02311626900007],[131.56308011900012,33.158310304000054],[131.6415868030001,33.20112114500006],[131.67917703700004,33.23916069200004],[131.82079960300007,33.233604580000076],[131.89838224265839,33.25912918683924],[131.871555,33.215419],[131.87210191187864,33.20345282210383],[131.85613506513207,33.19035357289136],[131.848744,33.187999],[131.830976,33.169713],[131.809574,33.127649],[131.90664920900008,32.96194067600004],[131.98913313700007,32.905824144000064],[131.98560623088204,32.892871689566434],[131.982188,32.888902],[131.9838533879787,32.88643442782063],[131.97302320300003,32.84666090600007],[131.882498,32.783433],[131.873057,32.762356],[131.87226580955732,32.74794887981913],[131.86473720665649,32.72184050628723],[131.859386,32.717678],[131.85684304000497,32.69446439754898],[131.8541556396363,32.68514478625066],[131.83776132307423,32.6940708346619],[131.833952,32.698665],[131.821938,32.702686],[131.80454581289936,32.68287199916055],[131.80064,32.680833],[131.7931314096816,32.669868172003525],[131.78387802712214,32.65932628162828],[131.770763,32.648749],[131.767833,32.64411],[131.7684043699688,32.641697960701634],[131.71865535303687,32.585021531363054],[131.708793,32.585903],[131.704713,32.581575],[131.68214,32.535061],[131.685069,32.522447],[131.68638159608034,32.52108403397557],[131.70198870311734,32.469655279170745],[131.65979,32.47682],[131.656629,32.457358],[131.68109562605676,32.43231719761811],[131.65764273867399,32.40385857766578],[131.633474,32.395494],[131.629405,32.386786],[131.621837,32.360297],[131.62054740149193,32.34762341601797],[131.607810538137,32.327628452541894],[131.602794,32.323554],[131.59254,32.303656],[131.57068106248533,32.234473513201976],[131.562417,32.217916],[131.530528,32.107391],[131.44720708600005,31.892221040000038],[131.44607010800007,31.83444431500004],[131.468042,31.804899],[131.49273369200012,31.794720427000073],[131.475271,31.762152],[131.450531,31.651109],[131.4531470699092,31.634660773698847],[131.4502655560001,31.61805577900003],[131.44413247807128,31.613008380210847],[131.42335,31.598334],[131.411469,31.586127],[131.390798,31.548814],[131.385265,31.526923],[131.393728,31.491034],[131.376231,31.474433],[131.36378,31.419664],[131.34547,31.394965],[131.338227,31.372626],[131.318207,31.375149],[131.325043,31.388129],[131.26588,31.381171],[131.249848,31.388129],[131.243012,31.422268],[131.212657,31.454739],[131.2126474343034,31.454741045963853],[131.20773240800008,31.45999736600004],[131.150645,31.47134],[131.109386,31.464545],[131.071788,31.449612],[131.07109917663723,31.449037262195315],[131.0685756680001,31.448329731000058],[131.0394276710001,31.422497130000068],[131.0002774950001,31.356385230000058],[131.10385686900008,31.32555595100007],[131.104382,31.309449],[131.082986,31.297056],[131.074217,31.282104],[131.092591,31.276051],[131.12358715470594,31.287902527618776],[131.1281890650242,31.276552913923275],[131.06025,31.225315],[131.032951,31.227524],[131.008159,31.221082],[131.006602,31.199774],[130.979991,31.155992],[130.940684,31.121324],[130.83143255903562,31.08930066710168],[130.819511,31.08726],[130.792357,31.077847],[130.773796,31.065483],[130.767589,31.056464],[130.725428,31.04704],[130.66686975366082,31.004013895203453],[130.67718854800012,31.07305369200003],[130.742686,31.121283],[130.7641706380001,31.160830605000058],[130.7960820820001,31.248883212000067],[130.79913645600004,31.313055202000044],[130.7962049771568,31.322172544773537],[130.796646,31.325346],[130.795252,31.344425],[130.7726860692775,31.395319906996257],[130.76912794400005,31.406386215000055],[130.69963794387172,31.509553194743027],[130.705333,31.528754],[130.695567,31.545803],[130.636892,31.555243],[130.59842631808644,31.573380924206095],[130.59802645000002,31.581110953000064],[130.64776734600002,31.616391561000057],[130.68039442535564,31.618989831997784],[130.71942058900004,31.599443507000046],[130.71800904000008,31.55861282400008],[130.7510984600001,31.55333240400006],[130.77606568244425,31.57961734221432],[130.776378,31.579901],[130.77650561139234,31.580080489656726],[130.79357900700006,31.598054982000065],[130.79702213924713,31.608937666703937],[130.799001,31.611721],[130.810313,31.650946],[130.808590814,31.68416566600007],[130.776378,31.710273],[130.686046,31.725531],[130.644786,31.714748],[130.613048,31.682359],[130.57572431266004,31.609506355628135],[130.567638,31.600735],[130.56372361440262,31.586082019377564],[130.53442125200002,31.52888631500008],[130.53167042269456,31.518741124760272],[130.529145,31.513251],[130.518077,31.472398],[130.5174539483018,31.46631008624847],[130.5141610070001,31.454165561000025],[130.51812897331072,31.443789779731176],[130.520518,31.43244],[130.52778821007374,31.418531972574645],[130.56387564600004,31.32416742600003],[130.57176444602422,31.317767304404224],[130.573497,31.314602],[130.5781044623235,31.312623698898893],[130.623682,31.275647],[130.66111354776405,31.265256972809084],[130.639822,31.186469],[130.603689,31.172349],[130.58779903950526,31.156759284513164],[130.58606457767428,31.155768753274053],[130.573578,31.167426],[130.536794,31.162177],[130.516856,31.175442],[130.51580419200002,31.200830186000076],[130.4974748940001,31.22582766100004],[130.49487621458687,31.22714915002479],[130.494802,31.22724],[130.451144,31.249388],[130.297374,31.25373],[130.275076,31.252997],[130.2631201789452,31.248962604019017],[130.22802913100008,31.248883212000067],[130.20723139676562,31.331186206316673],[130.207774,31.336615],[130.2046068042341,31.341572521564828],[130.24224785051226,31.401112024097625],[130.306637786,31.455552073000035],[130.32024151212102,31.503088418150874],[130.328461,31.529039],[130.3298152761701,31.536542616521356],[130.33303065200005,31.547778304000076],[130.33441985434933,31.562055129893672],[130.334483,31.562405],[130.33445946543347,31.562462212815753],[130.3394096070001,31.613334794000025],[130.33633001753998,31.624444784672352],[130.336192,31.626166],[130.3356167402949,31.627018018423765],[130.3338661240001,31.633333578000077],[130.259288,31.720852],[130.199718,31.75373],[130.184093,31.758694],[130.17663719917402,31.777208669512817],[130.18335661959864,31.829024400972475],[130.190319,31.835088],[130.235118,31.819525],[130.197004,31.858485],[130.21473,31.885618],[130.220438,31.929595],[130.205127,31.97167],[130.174106,31.998756],[130.172994,32.01745],[130.186307,32.026796],[130.204048,32.048285],[130.204047,32.072581],[130.179861,32.093451],[130.206798,32.120673],[130.2557728416658,32.125561951642965],[130.278656,32.100531],[130.298513,32.105862],[130.319591,32.118232],[130.331879,32.128607],[130.3394709032809,32.148388711655265],[130.3512135926558,32.166201720729404],[130.356944,32.169379],[130.35744836636232,32.17565952694943],[130.3806842182532,32.210907026680026],[130.431,32.257148],[130.444021,32.287828],[130.461681,32.299954],[130.463715,32.309394],[130.46142435413648,32.31557909569728],[130.4612817320752,32.324262202158316],[130.48036428467267,32.3462680993488],[130.503184,32.327216],[130.512462,32.338202],[130.513927,32.350328],[130.51002,32.378485],[130.562022,32.427069],[130.59997800600001,32.50665943800004],[130.6084902425226,32.58312586551677],[130.641287,32.607489],[130.656423,32.623725],[130.668305,32.648749],[130.6550661404967,32.64854836640535],[130.72058023700004,32.702175827000076],[130.79582142100003,32.74664082400005]]]}},{"type":"Feature","properties":{"id":"g-1812","category":34},"geometry":{"type":"Polygon","coordinates":[[[124.241873,24.363715],[124.211925,24.337104],[124.177013,24.332994],[124.14031,24.341986],[124.122244,24.360582],[124.143077,24.384914],[124.122732,24.414293],[124.077891,24.428453],[124.09506349840089,24.439482371923845],[124.18886575200008,24.43555419100005],[124.21528622000005,24.443331943000032],[124.2471325445936,24.49770337022252],[124.256602,24.501614],[124.268403,24.510443],[124.300629,24.569892],[124.32443229300009,24.587499070000035],[124.33003299131708,24.5678227696923],[124.29609656000002,24.528056115000027],[124.2824131311228,24.500013231325816],[124.273936,24.487942],[124.26924229012226,24.473020847663577],[124.26166743800002,24.45749691000003],[124.241873,24.363715]]]}},{"type":"Feature","properties":{"id":"g-1632","category":34},"geometry":{"type":"Polygon","coordinates":[[[129.7665072991259,33.737671326260426],[129.735064,33.736739],[129.722767,33.716748],[129.721039,33.69774],[129.677294,33.729095],[129.681161,33.744218],[129.670763,33.750139],[129.66136035577102,33.744909485931906],[129.6588740410001,33.74499631400005],[129.66417793151405,33.76687384755705],[129.687022,33.759182],[129.687022,33.766018],[129.6680216869871,33.77850580810385],[129.7016251970001,33.85694362400005],[129.767263,33.84455],[129.76715136231434,33.8345929034763],[129.762203,33.823138],[129.766787,33.802095],[129.781095,33.792393],[129.78799515283913,33.78979348070167],[129.7821812293604,33.781601205924524],[129.776378,33.77969],[129.776378,33.773424],[129.79412523300005,33.76277345800003],[129.7665072991259,33.737671326260426]]]}},{"type":"Feature","properties":{"id":"g-1377","category":34},"geometry":{"type":"Polygon","coordinates":[[[137.00556286500012,36.82916466100005],[137.07498463700006,36.77999506700007],[137.17800833900003,36.74817672000006],[137.3024565620001,36.74638887500004],[137.35164809200012,36.766563803000054],[137.4450749030001,36.71142338900006],[137.61451903700004,36.66049400800006],[137.8032168750001,36.63112764600004],[137.95275719100005,36.62917448200005],[138.2614376360001,36.66410178700005],[138.65933783600008,36.743382231000055],[138.74074810900004,36.78891029500005],[138.92924397100012,36.96192190200003],[139.00273510800002,37.04629155900005],[139.14575587700006,37.24868933700003],[139.2424619520001,37.41259129900004],[139.25388651100002,37.47523044600007],[139.27372526600004,37.78145348000004],[139.25280498000006,38.00412253300004],[139.29984398768102,38.0391843495052],[139.304535,38.041938],[139.3105401166557,38.047157003051986],[139.365779244,38.088331004000054],[139.40152100881477,38.12622783232564],[139.408051,38.131903],[139.425141,38.151272],[139.432384,38.169135],[139.4336940292399,38.178188914019124],[139.44662317900008,38.218877751000036],[139.462169,38.374986],[139.487463573,38.438882755000066],[139.5186356263586,38.491647771114806],[139.529959,38.508002],[139.53842077123792,38.52513813751392],[139.6230168400001,38.66833412400007],[139.7018977670001,38.72248571000006],[139.7658069150001,38.79110630800005],[139.85101682712417,39.01816152052715],[139.857564,39.032284],[139.86570127191797,39.05729053322517],[139.90413823100005,39.15971185600006],[140.0116583240001,39.352781624000045],[140.05217992400003,39.46499972100003],[140.0702487650001,39.60277903200006],[140.059296,39.727492],[140.03909443842025,39.789337573163905],[140.03909,39.793283],[140.027599,39.82453],[140.004568,39.850898],[139.966482,39.880072],[139.921397,39.898505],[139.877452,39.892808],[139.843761,39.861762],[139.760102,39.858059],[139.7455912122955,39.87673684648768],[139.730154,39.902737],[139.708669,39.924262],[139.704172,39.945157],[139.719438,39.952141],[139.70099,39.960661],[139.697731,39.988566],[139.70662908000008,39.99415749800005],[139.72466847200008,39.978878345000055],[139.80997038700002,39.957500727000024],[139.85412858900008,39.96583173500005],[139.89527523700008,39.991379092000045],[139.978038,40.125474],[140.020535762,40.23081829300003],[140.024263,40.355016],[140.011734,40.367859],[139.9710371642619,40.39945515626422],[139.9456621283434,40.420641205684674],[139.94466149937375,40.46376263039933],[139.945649,40.478095],[139.942786,40.544586],[139.928503,40.57097],[139.915155,40.586173],[139.856781,40.590155],[139.86014112784082,40.60764155192446],[139.900297,40.642475],[139.925842,40.646821],[139.94829284668302,40.67347558637095],[139.95954,40.677693],[139.986877,40.7179],[139.98832095621935,40.720998636078875],[140.0246908790001,40.74694262200006],[140.0577321400001,40.751111292000076],[140.11386792100006,40.73193645600003],[140.22995294800012,40.77665972600005],[140.23805838532135,40.782909156121804],[140.240571,40.783515],[140.258067,40.79564],[140.26297373040185,40.80211931121512],[140.26886610200006,40.806662430000074],[140.296641,40.873765],[140.33395361042145,41.01482616350706],[140.340994,41.005072],[140.369594,40.986055],[140.382335,40.988267],[140.37588,41.012368],[140.369629,41.021662],[140.385582,41.029425],[140.407793,41.025698],[140.398987,41.039372],[140.350586,41.038844],[140.340665,41.050035],[140.33586712566412,41.046949855223566],[140.32214977414117,41.07759446598046],[140.321852,41.082921],[140.3168218479406,41.08949707154436],[140.31274417500003,41.09860660700008],[140.31502733300752,41.14547864949978],[140.320433,41.14978],[140.329367,41.172113],[140.332774,41.191311],[140.33009007084712,41.21525036089872],[140.34856942600004,41.24805123700003],[140.40246107400003,41.22582639900003],[140.42354377336747,41.20984515558424],[140.435802,41.198147],[140.44679805494314,41.192217795451505],[140.46109122200005,41.18138319700006],[140.4821754630001,41.182215893000034],[140.48520242552055,41.18426312273101],[140.511068,41.197719],[140.5153197203782,41.20463239424733],[140.5277669290001,41.21305083200008],[140.56606081500001,41.221102048000034],[140.59133471400003,41.21471225000005],[140.63744826473155,41.18335978735514],[140.63475091621828,41.12666248480885],[140.631033,41.105658],[140.633127942721,41.09254816144726],[140.63217399500002,41.07249652100006],[140.66080401200009,40.925559141000065],[140.68386779500008,40.868884853000054],[140.72497769500012,40.82916440300005],[140.77859128700004,40.82083415200003],[140.83522926900002,40.84471288300006],[140.87161159400011,40.89054868200003],[140.8676812276692,40.91002948241286],[140.870726,40.915135],[140.862933,40.933564],[140.870837,40.944852],[140.862808,40.947269],[140.85783304592553,40.9459991898474],[140.8698915441876,40.97733638056234],[140.870963,40.977978],[140.87055003851435,40.97904765188767],[140.87134042700006,40.981101685000056],[140.8858057970001,40.992491796000024],[140.9485759360001,40.97331755000005],[140.975066,40.937755],[141.11606103600002,40.86055406300005],[141.13802763400008,40.85749703300007],[141.16912500500007,40.87665954600004],[141.22802507900008,40.97860441700004],[141.27914374800002,41.14972531700005],[141.27750874808663,41.15408988308297],[141.277882,41.15533],[141.27048,41.185204],[141.256101,41.211237],[141.235467,41.237973],[141.205911,41.26472],[141.183375,41.277063],[141.161232,41.278467],[141.136963,41.246697],[141.137639,41.242714],[141.14133082948365,41.24208968579448],[141.14683,41.236289],[141.10846588117087,41.21328410142411],[141.094737,41.210265],[141.072376,41.196617],[141.058076,41.183068],[141.02753047211945,41.188155506879276],[141.005633,41.195763],[140.99412394796946,41.19371952666281],[140.977562,41.196478],[140.963068,41.189903],[140.9562148148099,41.18312689937819],[140.94056917972068,41.173341700697044],[140.907789,41.173645],[140.89872398637522,41.16838586336106],[140.87848010083727,41.16598832625456],[140.875356,41.166549],[140.86273,41.164123],[140.828502,41.146107],[140.814525,41.128462],[140.798155,41.128578],[140.76666114300008,41.15248729500007],[140.76562669099096,41.180655747909945],[140.77269415068065,41.202125375477124],[140.778168,41.206855],[140.784699,41.235148],[140.7842023914347,41.23708526966697],[140.83691598400003,41.39721935600005],[140.86018460066109,41.43866337957056],[140.901052,41.481024],[140.907102,41.500799],[140.905716,41.513089],[140.90429054826868,41.515615792115995],[140.91885237400004,41.530276280000066],[140.95389238647252,41.51915953957767],[140.978057,41.497659],[141.00334,41.487085],[141.05593594845269,41.48201867088427],[141.10608545900004,41.46082641300006],[141.1647134750001,41.41249371300006],[141.19469112500008,41.37360356600004],[141.2285725690001,41.35305222900007],[141.27081478600007,41.34249647100006],[141.3355168910001,41.341939841000055],[141.4177466540001,41.37387986400006],[141.4410095123294,41.35554710948534],[141.423794,41.312707],[141.408917,41.256677],[141.390817,41.161011],[141.396359,41.091731],[141.386307,41.030362],[141.390262,40.933933],[141.405553,40.816823],[141.40775842586692,40.80541549953936],[141.41802658300003,40.72999221600003],[141.46051148300012,40.59387824600003],[141.481895795,40.55277562400005],[141.532504,40.531398],[141.5827422330001,40.53027564800004],[141.58578283660353,40.527222676928034],[141.589261,40.522105],[141.59330273489667,40.519672191910054],[141.64721204400007,40.465543610000054],[141.68915054600006,40.43693693000006],[141.7761100152335,40.32321053189408],[141.778494,40.315497],[141.79443834958454,40.299240566720655],[141.82280689289595,40.262139923412235],[141.84143244171577,40.22498003119083],[141.82510892131216,40.21122197208588],[141.824474,40.211005],[141.815196,40.202867],[141.810232,40.192776],[141.813324,40.18358],[141.86246128000005,40.157496399000024],[141.8547915063,40.11997581629371],[141.847423,40.115139],[141.837576,40.09455],[141.83761800092665,40.09434210272441],[141.833590952,40.08833120300005],[141.84051612500002,40.063322216000074],[141.89776164800003,40.01832643800003],[141.9435667570001,39.99582778000007],[141.95718101300008,39.96277433000006],[141.9593789321874,39.95055603496838],[141.942231,39.924506],[141.97142257643068,39.88360507541088],[141.97399953273066,39.869279702331404],[141.978689,39.839301],[141.97998490855784,39.8360068285362],[141.98856058900003,39.78833437800006],[141.978282,39.647854],[141.964854,39.625718],[141.96046,39.61164],[141.966319,39.598456],[142.00495181711295,39.6297303048878],[142.0324612070064,39.60454912390456],[142.027354,39.594713],[142.030772,39.584174],[142.06971031500007,39.54666395300006],[142.015147,39.488715],[141.966319,39.47134],[141.952973,39.460761],[141.970876,39.443264],[141.996267,39.445258],[142.018891,39.459377],[142.02726659507104,39.47503062273804],[142.036388,39.483791],[142.05595436070658,39.46970217113516],[142.039887,39.454576],[142.031586,39.417304],[141.98800942100002,39.41833349800004],[141.938731,39.385077],[141.9449666772767,39.38273877451255],[141.905284,39.330471],[141.90009117068,39.275214],[141.899099,39.275214],[141.899099,39.26465629207482],[141.89777354800003,39.25055213100006],[141.899099,39.25033203692954],[141.899099,39.248521],[141.90859729022503,39.24875482601684],[141.94778706351943,39.24224728238091],[141.949229,39.228013],[141.930024,39.212226],[141.878673,39.207587],[141.881684,39.19245],[141.893728,39.186754],[141.92628,39.187079],[141.915782,39.169989],[141.843761,39.15233],[141.861095,39.138414],[141.89866843574768,39.11588252333205],[141.88607071183858,39.09072693510887],[141.83546,39.104315],[141.817149,39.090888],[141.871837,39.062934],[141.823253,39.056708],[141.823253,39.049262],[141.83797761277944,39.04088915778022],[141.85301962275946,39.02472933163698],[141.8307064534143,39.025032786396736],[141.806488,39.029486],[141.77457041692617,39.02579622556589],[141.745616,39.02619],[141.727712,39.036282],[141.728201,39.021715],[141.73189652504547,39.015465337158986],[141.6333319800001,38.993328717000054],[141.64553863300011,38.88333532200005],[141.636729,38.891099],[141.58828402200004,38.88388494600008],[141.521658,38.768134],[141.54895446980396,38.74095953350959],[141.549083,38.74079],[141.5492088540853,38.74070628621505],[141.5580170290001,38.731937480000056],[141.51588,38.684272],[141.491059,38.677558],[141.463064,38.661363],[141.463145,38.655463],[141.473888,38.645209],[141.4764853778249,38.6442091783176],[141.47912398000005,38.64083678900005],[141.5295748751953,38.6208731341642],[141.511404,38.597398],[141.467052,38.569525],[141.499034,38.541653],[141.514659,38.534817],[141.529145,38.549018],[141.53642710769472,38.54035583785511],[141.5403173805306,38.48199738582177],[141.524181,38.489691],[141.514822,38.508043],[141.494965,38.460883],[141.507986,38.446601],[141.471446,38.435736],[141.47047,38.429511],[141.47729946589104,38.41453405203745],[141.47755,38.401557],[141.487559,38.392035],[141.518403,38.40233],[141.54652891603922,38.388056967160736],[141.520356,38.39053],[141.509044,38.385159],[141.501231,38.371527],[141.525238,38.359931],[141.529796,38.317939],[141.5384110802943,38.30781606562455],[141.525401,38.267808],[141.491222,38.292385],[141.46339,38.299221],[141.46585304580296,38.315258374146794],[141.46754,38.317816],[141.467052,38.323065],[141.457774,38.330878],[141.43640028613328,38.33929788759195],[141.439708,38.371527],[141.428071,38.380439],[141.333181,38.409003],[141.304454,38.407904],[141.229503,38.39411],[141.202403,38.38581],[141.1997877019442,38.384026742635456],[141.13193281982714,38.37132174902711],[141.131847,38.371527],[141.13079958901344,38.37110956547015],[141.1088620710549,38.36700203456374],[141.09783,38.371527],[141.079438,38.360907],[141.064708,38.346625],[141.062982164901,38.343755293628476],[141.05581934500003,38.33804694100007],[140.9535779890001,38.14804877300003],[140.9381379977004,38.08583471914015],[140.925792,38.049384],[140.91863,38.007229],[140.91830303000006,37.93472104600005],[140.95832389400005,37.784437912000044],[140.9993922320001,37.75610824600005],[141.02216623740068,37.72191892604186],[141.007823,37.67886],[141.0278058036108,37.649282506092504],[141.03895538825628,37.43431093263767],[141.036648129,37.35804958500006],[141.014415,37.27147],[140.974376,37.001776],[140.960297,36.966213],[140.925792,36.93891],[140.891775,36.932115],[140.87034137393243,36.92025198098104],[140.835216,36.908433],[140.804373,36.885972],[140.7956939501221,36.8429964667992],[140.7460656710001,36.77916368100006],[140.655508875,36.573655614000074],[140.56175519600004,36.56425739300005],[140.48799150900004,36.57393001500003],[140.39405700700001,36.62198734300006],[140.3411281330001,36.680514462000076],[140.3236620780001,36.73598470400003],[140.30591874200002,36.91205789400004],[140.26978955700008,37.031796377000035],[140.22267189500008,37.073106591000055],[140.1180992190001,37.14021685000006],[140.0416188060001,37.16091363600003],[139.9476652630001,37.14711978500003],[139.87019204800004,37.11103109800007],[139.8135940090001,37.04040628100006],[139.7345534420001,36.86243766000007],[139.69710423000004,36.74404006000003],[139.65222072100005,36.66184995000003],[139.58508981400007,36.608678514000076],[139.39352974200006,36.562239748000025],[139.31459920600003,36.504499923000026],[139.2471214940001,36.43926930600003],[139.20270411100012,36.33469059200007],[139.21403289600005,36.16715102000006],[139.25488615900008,36.05040813000005],[139.2368473580001,35.93144748100008],[139.14697291900006,35.85088972300008],[138.9413930070001,35.738441789000035],[138.83783654900003,35.66434677900003],[138.7678646050001,35.578391012000054],[138.72456718600006,35.453647904000036],[138.70191844800001,35.33332997500003],[138.69121789100006,35.253766976000065],[138.6914714298772,35.137136216550786],[138.63727,35.115985],[138.586786,35.11436],[138.554082,35.096069],[138.5280857595701,35.05155249142685],[138.497883,35.03257],[138.49675112418979,35.02055740202628],[138.41157232770678,34.93630161350408],[138.367108,34.917309],[138.353353,34.904115],[138.328298,34.855292],[138.32876997548559,34.852686252595404],[138.25122512242893,34.740074833038214],[138.249506,34.739023],[138.215989,34.712283],[138.193614,34.641506],[138.200938,34.621568],[138.2035562890366,34.62099611112401],[138.21413926500009,34.59916455300004],[138.047237,34.65464],[137.967585,34.66654],[137.892798,34.667697],[137.792166,34.63939],[137.683506,34.670755],[137.595063,34.677191],[137.546998,34.677289],[137.427557,34.667746],[137.339703,34.647448],[137.140727,34.589289],[137.095821,34.593234],[137.02493212242723,34.579352566779626],[137.06356030900008,34.61613675500007],[137.10521431986174,34.633347614547446],[137.11085,34.625434],[137.134773747341,34.643271445933614],[137.3230148980001,34.69158799500008],[137.34586569100009,34.725504226000055],[137.321544,34.773383],[137.297928,34.797191],[137.279959,34.808092],[137.266505,34.803139],[137.222827,34.816263],[137.207715,34.80258],[137.194432,34.806999],[137.1913716609162,34.787169959461764],[137.17124747527984,34.77691100241066],[137.171471,34.78405],[137.140533,34.787813],[137.121549,34.788343],[137.10144,34.784596],[137.087447,34.776028],[137.072709,34.784964],[137.050166,34.777606],[137.018248,34.783289],[136.98052908800003,34.83138227400008],[136.98636636600008,34.90554560600003],[136.978852,34.924221],[136.931,34.846422],[136.915564,34.77596],[136.97130714381282,34.69642598194773],[136.945392,34.698471],[136.855968,34.739814],[136.84360383400718,34.770389485203935],[136.853014,34.787595],[136.864734,34.821545],[136.864264,34.836526],[136.856286,34.856495],[136.843418,34.871163],[136.827726,34.871941],[136.82385877800004,34.913880781000046],[136.838283971,34.956381719000035],[136.88442872500002,35.001940543000046],[136.90246647300012,35.04276924800007],[136.89580629700004,35.079716768000026],[136.8846908394283,35.081166683663575],[136.88573,35.089195],[136.871821,35.093395],[136.86625933826676,35.080330085789],[136.830118,35.078831],[136.83184541799187,35.07014401394058],[136.75339638106811,35.02580613280413],[136.751801,35.02615],[136.75120936273092,35.02591956662445],[136.725597,35.027248],[136.681163,35.000922],[136.65919,34.983954],[136.649913,34.968899],[136.642426,34.948065],[136.64291519216007,34.946884305701765],[136.64135278600008,34.94332555900007],[136.6499135911614,34.9326883559238],[136.645551,34.929787],[136.64694169390208,34.9204505105216],[136.639316,34.889049],[136.53494,34.765695],[136.519542,34.680854],[136.5357422410001,34.60127350100004],[136.5685754310001,34.588881419000074],[136.63024737400008,34.58721518900006],[136.66350488424345,34.56562463925741],[136.677094,34.554267],[136.70128741006658,34.5410964801373],[136.76416399700008,34.50027742700007],[136.8062815183562,34.492959910861416],[136.814464,34.486029],[136.824962,34.489447],[136.83361605315972,34.488210797116665],[136.86769876239538,34.46947108309723],[136.8690579848356,34.46669347063844],[136.873546,34.447089],[136.883311,34.437567],[136.896332,34.433417],[136.90575889565267,34.433689840993296],[136.91748708400007,34.43166417000003],[136.916759,34.376166],[136.893077,34.382392],[136.883149,34.378852],[136.875255,34.36933],[136.887218,34.357082],[136.897227,34.353949],[136.909923,34.355048],[136.894379,34.342719],[136.883311,34.328315],[136.897797,34.300971],[136.895681,34.266913],[136.83546,34.246405],[136.7942,34.253119],[136.775157,34.261868],[136.77696051414114,34.27414380101413],[136.809255,34.273871],[136.841645,34.259467],[136.83546,34.280504],[136.848481,34.273098],[136.856212,34.294176],[136.846446,34.307563],[136.827403,34.312405],[136.807465,34.307847],[136.807465,34.28734],[136.773448,34.307847],[136.7502680708935,34.29504075304978],[136.70328169806834,34.2969409308625],[136.723399,34.331285],[136.706798,34.334296],[136.67628,34.326402],[136.649913,34.314114],[136.668142,34.309556],[136.667003,34.297919],[136.5974646419727,34.26325974844137],[136.574067,34.280504],[136.561534,34.268378],[136.560557,34.259467],[136.532888,34.271674],[136.52296,34.273098],[136.50587,34.246405],[136.5132191952858,34.23277631468502],[136.47169,34.238959],[136.427257,34.213772],[136.416515,34.20425],[136.384288,34.20425],[136.34383977700008,34.189714700000025],[136.33706608923416,34.184190582237534],[136.336681,34.184027],[136.299001,34.154283],[136.29891890401538,34.15308056495626],[136.29581128600012,34.15054622200006],[136.27801346731573,34.083685651711875],[136.26851205230292,34.09303127633255],[136.260753,34.105129],[136.252696,34.108588],[136.218516,34.075141],[136.218516,34.067613],[136.243826,34.064154],[136.25103812178259,34.05317671466833],[136.252696,34.043443],[136.26561513157773,34.030989624568086],[136.273204,33.971422],[136.247325,33.971503],[136.232188,33.99315],[136.204845,33.971422],[136.204845,33.965237],[136.22755,33.961737],[136.234711,33.948432],[136.228526,33.938381],[136.211111,33.94477],[136.198904,33.920885],[136.164806,33.916164],[136.12934749848205,33.89076900365425],[136.104744,33.891411],[136.069317,33.847044],[135.990571,33.682522],[135.9832020252387,33.660415075716095],[135.97945046334797,33.652284666783245],[135.961599,33.642524],[135.957286,33.625718],[135.937067,33.617473],[135.938736,33.603948],[135.95611886596558,33.58948924562074],[135.90317712565889,33.544600218902545],[135.894209,33.541642],[135.884776,33.528998],[135.828063,33.513648],[135.809184,33.505037],[135.797993,33.495161],[135.782969,33.472891],[135.78652868859982,33.46331270171152],[135.7722132010001,33.45499784300006],[135.76011181090473,33.457748671784316],[135.770752,33.468229],[135.765571,33.481545],[135.637543,33.494615],[135.490763,33.541227],[135.444835,33.550849],[135.38726102056407,33.595764363584394],[135.392345,33.618883],[135.375011,33.643134],[135.358662,33.654207],[135.34964045647925,33.65583028342236],[135.33683531431498,33.66223841236324],[135.34662538800012,33.68305602600003],[135.3694142270001,33.67638909400006],[135.39831416100003,33.69443589400004],[135.402354,33.701117],[135.391612,33.713568],[135.312102,33.765529],[135.294021,33.763716],[135.264345,33.781316],[135.25143341387056,33.78159324015302],[135.23125025001008,33.79006564491166],[135.229848,33.798554],[135.2088092534134,33.80876963292745],[135.17335,33.838324],[135.152758,33.875854],[135.118684,33.892939],[135.06209407853564,33.8869674030406],[135.066497,33.896408],[135.06482668246394,33.897302127285315],[135.06713203173072,33.906020971869076],[135.079127,33.906025],[135.077992,33.918552],[135.0776358362895,33.919063731896685],[135.0757751917664,33.93533320312928],[135.101222,33.954438],[135.094976,33.958691],[135.08272280961668,33.95889520826329],[135.09738115789975,33.9923777757565],[135.113277,33.993387],[135.153168,34.009752],[135.161632,34.02497],[135.162771,34.03974],[135.153087,34.04857],[135.13015722736756,34.05794624132863],[135.19558257300002,34.14547508800007],[135.45504954500007,34.27891032500003],[135.65901824500008,34.412502526000026],[135.81141373200012,34.53803323200003],[135.9743205970001,34.71219853500003],[136.03330025000002,34.78939649900008],[136.05009890100007,34.844740287000036],[136.03134129700004,34.890263782000034],[135.95909108600006,34.91741045100008],[135.78214432900006,34.90843937300008],[135.36164591600004,34.84692570400006],[135.17280940500007,34.80191737200005],[134.86150755974936,34.70607029923066],[134.833344,34.721381],[134.82996194126957,34.722360395984325],[134.744395,34.766547],[134.6963,34.77619],[134.68542144656368,34.77537928945642],[134.66387489400006,34.77860625100004],[134.566905,34.766547],[134.549083,34.773261],[134.519054,34.759711],[134.49586,34.764553],[134.491222,34.787055],[134.478201,34.781928],[134.473155,34.776842],[134.47163445711257,34.7694379593425],[134.46163295394967,34.76044260505688],[134.457042,34.759711],[134.44299415024497,34.74367886064235],[134.422862,34.725572],[134.381358,34.739814],[134.368419,34.735989],[134.357758,34.727362],[134.352224,34.716254],[134.354015,34.705146],[134.23119183985483,34.72448043387928],[134.220714,34.728461],[134.208751,34.728013],[134.216807,34.7119],[134.24361427719487,34.70598970693078],[134.24794090336675,34.69209722231058],[134.244802,34.691474],[134.220225,34.66352],[134.1866293607053,34.64973223913272],[134.170665,34.645982],[134.155284,34.636868],[134.170258,34.630764],[134.189464,34.636868],[134.17915865116922,34.617939825498894],[134.14684599220152,34.59662876877496],[134.083669,34.581529],[134.047374,34.604641],[134.028819,34.608873],[133.994395,34.60871],[133.979259,34.605902],[133.936697,34.587226],[133.925141,34.577867],[133.9280396380001,34.557770410000046],[133.9424775770001,34.548332465000044],[133.9802641970001,34.58443813900004],[134.02275825700008,34.59221387900004],[134.04471599600004,34.58166913900004],[134.005138,34.53384],[134.00515991024253,34.52210811829559],[133.983165,34.528632],[133.966563,34.506415],[133.9608950665774,34.49186321157597],[133.93629,34.451239],[133.85906,34.462877],[133.83859908676047,34.462474610823016],[133.82636240500005,34.46388197400006],[133.769434681,34.490271998000026],[133.723399,34.527574],[133.70534256175628,34.52404703539967],[133.699962,34.525946],[133.685069,34.520087],[133.63000177851677,34.495471358312074],[133.596202,34.482327],[133.58691489749918,34.47621105797347],[133.470063,34.423977],[133.509288,34.462104],[133.522472,34.483059],[133.50115,34.492174],[133.490245,34.489569],[133.456554,34.472357],[133.430349,34.472968],[133.419119,34.467922],[133.414806,34.451239],[133.422211,34.445014],[133.412446,34.424465],[133.36302521871622,34.37155081324935],[133.29748545500001,34.34249671900005],[133.3155212690001,34.35638599300006],[133.31496747300002,34.36749419300003],[133.26971771700005,34.418889740000054],[133.26703655055644,34.419800945805896],[133.266612,34.4206],[133.247325,34.4265],[133.18214,34.341376],[133.18418914000006,34.32410379400005],[133.17185897800005,34.305606226000066],[133.1065355820001,34.28893990200004],[133.07144044296555,34.296843874876544],[133.072276,34.317532],[133.076915,34.316718],[133.09484314995956,34.33602984113289],[133.114024,34.351752],[133.113292,34.314114],[133.133149,34.318183],[133.147472,34.351386],[133.168468,34.355048],[133.168468,34.362494],[133.134288,34.38231],[133.093272,34.389797],[133.079112,34.38231],[133.085785,34.35102],[133.059093,34.332343],[132.83745595162668,34.30932006740448],[132.836192,34.311103],[132.83032080356904,34.308578891531596],[132.81720159500003,34.30721611100006],[132.78589414857703,34.27715291308976],[132.762218,34.270331],[132.764008,34.26317],[132.77677285252133,34.24464967593912],[132.76959608797213,34.235162830845105],[132.726573,34.232123],[132.702973,34.225491],[132.656261,34.199286],[132.627208,34.197984],[132.613536,34.218451],[132.604259,34.21662],[132.60082793445204,34.21284097045425],[132.554454,34.192369],[132.544688,34.20425],[132.559825,34.218411],[132.550629,34.230862],[132.5478419118788,34.233120757107585],[132.5257559224493,34.26023226097901],[132.521007,34.269761],[132.503673,34.28734],[132.503673,34.30104963134456],[132.509044,34.31623],[132.503673,34.328315],[132.531016,34.33515],[132.526134,34.345608],[132.517589,34.353013],[132.496837,34.362494],[132.44362966305874,34.349956420208585],[132.405528,34.368069],[132.383474,34.365668],[132.346039,34.348822],[132.312348,34.326972],[132.222504,34.238959],[132.24105385200005,34.16110706100005],[132.2385970414519,34.142394896187795],[132.213715,34.124335],[132.201915,34.108588],[132.199067,34.064765],[132.2131826042145,33.99034378074567],[132.181488,33.957831],[132.142589,33.946438],[132.13559,33.938422],[132.1338,33.913398],[132.138927,33.894965],[132.159923,33.857327],[132.1566501320001,33.83694081500005],[132.12520735180385,33.81828268132062],[132.105805,33.809027],[132.08993519859882,33.797352199170106],[132.055919,33.777167],[132.041352,33.776272],[132.0440924948952,33.791346494559434],[132.0980313311323,33.82374209274607],[132.098888,33.823635],[132.108897,33.830268],[132.113292,33.844875],[132.109223,33.862616],[132.099457,33.87226],[132.057791,33.89525],[132.04983464142788,33.89755256807397],[131.852061,33.998358],[131.83664914000008,33.99749052400006],[131.822765,34.026679],[131.80915685983055,34.031623686512084],[131.799571,34.037746],[131.741466,34.05622],[131.69204928590432,34.046504949426044],[131.688731,34.047187],[131.68500636559224,34.04512035054544],[131.60403939467795,34.029202695321956],[131.598155,34.036038],[131.593272,34.037299],[131.585134,34.026679],[131.58930936540617,34.0213354171507],[131.58801197200012,34.01610883200004],[131.53414853683512,34.004244182013935],[131.49741102549228,34.02418495248173],[131.493012,34.028144],[131.482921,34.03205],[131.469005,34.026679],[131.474294,34.013983],[131.46009020741724,34.00121196980261],[131.40255437405116,34.00183209676417],[131.404796,34.017279],[131.400645,34.032945],[131.389903,34.03974],[131.33253,33.962104],[131.257986,33.924791],[131.249848,33.937934],[131.225841,33.935004],[131.220714,33.950385],[131.215831,33.950751],[131.202159,33.94477],[131.19669677296525,33.94043832441533],[131.178233,33.930487],[131.16143321995926,33.95772466733496],[131.166026,33.977118],[131.123999,33.999931],[131.103165,34.030217],[131.035595,34.047975],[130.99433181760924,33.9960076550389],[130.932086,33.945365],[130.91470735500002,33.91499604200004],[130.89728324478608,33.92706565230211],[130.893728,33.932318],[130.88444772546097,33.93595676435182],[130.88463643266624,33.95029963391408],[130.899425,33.949856],[130.90965,33.973652],[130.90841910576628,33.98086408107123],[130.917135,34.010913],[130.912812,34.021921],[130.905284,34.029608],[130.912577,34.053342],[130.903914,34.065826],[130.88617499726493,34.06723969097724],[130.88693845500006,34.125267018000045],[130.9053968944206,34.15063889875112],[130.911143,34.154486],[130.920909,34.17064],[130.92123842959435,34.17241373746775],[130.927764109,34.18138355100007],[130.91220766200001,34.22526898900003],[130.89636171448467,34.24622527121309],[130.893728,34.256049],[130.88164648417109,34.265686178740594],[130.87980592204858,34.29112853382234],[130.886241,34.300442],[130.88702849347143,34.30540127354362],[130.9109160801487,34.35260624906465],[130.927419,34.348944],[130.941905,34.350979],[130.954763,34.361721],[130.996104,34.36933],[131.033607,34.381789],[131.017882,34.393297],[130.955089,34.403469],[130.9463,34.392401],[130.93393,34.395982],[130.94634919100008,34.416386371000044],[130.97662637200006,34.42860539000003],[131.00114210367738,34.42712671633991],[131.00259320877547,34.42429947850576],[131.00115,34.414862],[131.009776,34.410305],[131.037283,34.411119],[131.0698621032093,34.42298184909432],[131.0838917497322,34.42048084685794],[131.099376,34.413275],[131.115718,34.409794],[131.133923,34.411562],[131.140798,34.378485],[131.153656,34.36933],[131.172699,34.367743],[131.191702,34.393648],[131.17151516542532,34.41477670331506],[131.21191189400008,34.398335546000055],[131.20774095700006,34.368886743000076],[131.31665850000002,34.38888552700007],[131.414317,34.423977],[131.4136093510001,34.451658930000065],[131.4245999819371,34.463474899623435],[131.456228,34.490383],[131.461925,34.499254],[131.46079470102754,34.50238765210796],[131.4864844474859,34.53000656366315],[131.520763,34.551907],[131.536469,34.565619],[131.551036,34.581529],[131.555431,34.59219],[131.5558201740126,34.59691238080494],[131.56953453401445,34.6190902956826],[131.595876,34.616848],[131.59459514497203,34.64516288602599],[131.6038517830001,34.65360680600003],[131.656415,34.653586],[131.73873083747335,34.67454781075129],[131.746082,34.675353],[131.790375,34.686103],[131.80017861619743,34.69019554936683],[131.84302503900005,34.70110643400005],[132.0519014900001,34.86805543200006],[132.07858292700007,34.90554560600003],[132.130797905,34.95000255300005],[132.21578949000002,35.007503632000066],[132.2999838610001,35.03611354700007],[132.36835779852962,35.11783119151733],[132.379949,35.124981],[132.389212,35.134829],[132.38770358004166,35.140952453121265],[132.41246926200006,35.17055135100003],[132.54720993700005,35.24748936200007],[132.6388879970001,35.286389205000035],[132.66498075700008,35.32027818500006],[132.68191523100006,35.372219880000046],[132.670791,35.399475],[132.63216788500006,35.420828596000035],[132.70657729595405,35.448836408000794],[132.734438,35.448632],[132.748551,35.451549],[132.754739,35.456245],[132.74469385156235,35.46123786094249],[132.8530238610001,35.494996625000056],[132.96441276500002,35.49443610800006],[133.05468739600008,35.55027111600003],[133.0813187847892,35.57536217951531],[133.081442,35.575326],[133.0819650759349,35.5759710900124],[133.08801343100004,35.581669616000056],[133.13426278762714,35.576092011507534],[133.156467,35.562622],[133.17637891970563,35.56819234664055],[133.23636347100012,35.55694112700007],[133.25421330100005,35.537584464000076],[133.2480130780001,35.51721587000003],[133.2694410370001,35.48166119900003],[133.32829865200006,35.451659935000066],[133.40163844300002,35.445268611000074],[133.42052946100011,35.448046918000045],[133.48025268100002,35.49249244400005],[133.57467541800008,35.51666744200003],[133.73663621900005,35.48721391600003],[133.8135956850001,35.48555253500007],[134.08468650600003,35.50999357200004],[134.25305580400004,35.53666099600008],[134.30245724000008,35.576386752000076],[134.5177629420001,35.646662423000066],[134.7722206830001,35.65276824100005],[134.82608385600008,35.638048178000076],[134.9136050740001,35.63444279300006],[135.03415725500008,35.682216854000046],[135.06829983300008,35.70361201400004],[135.0825722599711,35.72410467049573],[135.085785,35.725979],[135.08548955744615,35.72829338872656],[135.08609421500012,35.72916156900004],[135.2221979950001,35.76221327800005],[135.2780445310001,35.724709020000034],[135.30539901331687,35.67780892279413],[135.29852281541014,35.65832898274777],[135.279214,35.668533],[135.258827,35.656829],[135.242394,35.62264],[135.204902,35.587353],[135.188175,35.565045],[135.18829274000007,35.53027335400003],[135.32449543796955,35.48567528194953],[135.315278,35.466783],[135.313487,35.458645],[135.319021,35.446967],[135.330251,35.454535],[135.34709962508168,35.47908797234812],[135.36628304465086,35.486327355481464],[135.394867,35.476467],[135.402354,35.482164],[135.402354,35.507025],[135.37379,35.501695],[135.350224,35.510313],[135.3472036490001,35.541935659000046],[135.416026,35.561672],[135.45779960417744,35.58753537346581],[135.45239,35.571781],[135.46820949824527,35.5652653221513],[135.4743989650001,35.52249450000005],[135.51388537900004,35.48749619000006],[135.6274373120001,35.47665288300004],[135.73635709000007,35.48387905800007],[135.8222095210001,35.52166379000005],[135.93652285158373,35.616875593786816],[135.939587,35.618439],[135.950938,35.628882],[135.971053,35.625981],[135.980574,35.630481],[135.981668,35.643638],[135.96701636193166,35.653151704308385],[135.97030034015856,35.67002887690802],[135.973159,35.676211],[135.974371,35.690949],[135.970084,35.70299],[135.96683628700865,35.702412432971244],[135.9644095970001,35.70610443800007],[136.01749336300009,35.74222487500003],[136.03246707498542,35.73554010794477],[136.046847,35.703722],[136.0362505307969,35.69155857143791],[136.031954,35.691626],[136.027006,35.680947],[136.04636609538034,35.66179300695561],[136.047459,35.658812],[136.04913865143786,35.659049966779556],[136.0580112030001,35.65027187000004],[136.07275619300003,35.64861031400005],[136.0821775080001,35.663604717000055],[136.08965900807252,35.712139467378556],[136.092398,35.715165],[136.0927375204202,35.732110706686996],[136.09531234789475,35.74881439011065],[136.099864,35.759833],[136.099457,35.775702],[136.070498,35.824749],[136.00229940986898,35.87771558857084],[135.99362582322144,35.894562774054904],[135.99438,35.935913],[135.95940770800007,35.97332126300006],[135.99218858522462,36.01645165809581],[136.000132,36.024187],[136.00545982320776,36.03391286676639],[136.12830335500007,36.195540331000075],[136.18191731000002,36.24166550000007],[136.24312929000007,36.26970921000003],[136.4069208520001,36.39721747600004],[136.6132785110001,36.61388823300007],[136.71246970200002,36.75138919700004],[136.76886306000006,36.88276747500004],[136.767613,36.980999],[136.72231452746277,37.099864702070576],[136.726736,37.126614],[136.720961,37.142048],[136.708564,37.149877],[136.69843,37.147597],[136.696266,37.136362],[136.67996486151984,37.13721644873781],[136.67997276900007,37.147216668000056],[136.70233469961025,37.22542288615032],[136.705577,37.228258],[136.7038606960488,37.23075974245534],[136.7087884335052,37.24799348301287],[136.712771,37.251066],[136.733217,37.285015],[136.72615720572915,37.29504437751345],[136.73942223100005,37.32777772600008],[136.78692543700004,37.362212113000055],[136.86773491000008,37.38888324200008],[136.9227597150001,37.389714956000034],[137.02718795400006,37.42332706600007],[137.07718550900006,37.44332510400005],[137.12579765300006,37.477487505000056],[137.2485602380001,37.516940143000056],[137.280274544,37.52193892100007],[137.3454570376732,37.5121120667071],[137.3453679036813,37.491191966413545],[137.343697,37.486667],[137.345299,37.47502],[137.358979,37.466635],[137.351205,37.445676],[137.287253,37.442975],[137.253601,37.429106],[137.245983,37.413556],[137.237364,37.379882],[137.24764227907775,37.35968786856897],[137.16564718282208,37.300828460655865],[137.165606,37.300834],[137.108721,37.28345],[137.0713,37.238112],[137.070667,37.218644],[137.032892,37.204664],[137.014171,37.184882],[136.945883,37.217186],[136.959954,37.23472],[136.95107,37.234483],[136.930431,37.221625],[136.892598,37.173321],[136.880215,37.144153],[136.8816183008238,37.143676333590626],[136.8694738921783,37.11088700691993],[136.868671,37.110912],[136.868611182311,37.10855773124366],[136.86523332800004,37.099437685000055],[136.860926,37.076775],[136.86883686200008,37.06777422500005],[136.980126,37.04686],[137.04443643500008,37.05665745300007],[137.0536834163202,36.965962703090824],[137.027415,36.938843],[137.02504,36.913947],[136.987742,36.871022],[137.00556286500012,36.82916466100005]],[[138.35668946400006,36.146689415000026],[138.21067510700004,36.043748092000044],[138.0626788090001,35.978242445000035],[137.9498276280001,35.89402785600004],[137.88720322300003,35.81917115700003],[137.823623085,35.678829146000055],[137.79649624,35.58527487900005],[137.85178531200006,35.51978864500006],[137.95426630100008,35.50107765000007],[138.06032757900005,35.51043311900003],[138.24241359500002,35.557207283000025],[138.3833531130001,35.63205130500006],[138.65727307300006,35.828528550000044],[138.99784043500006,36.16540822300004],[139.09988272500004,36.37131392300006],[139.11182254900007,36.47427705700005],[139.06320745100004,36.54916547800008],[138.978134145,36.55852325500007],[138.84445124900003,36.52108038200004],[138.67884923600002,36.446197357000074],[138.52671126300004,36.333875584000054],[138.35668946400006,36.146689415000026]]]}},{"type":"Feature","properties":{"id":"g-1626","category":34},"geometry":{"type":"Polygon","coordinates":[[[132.328624,33.875067],[132.318614,33.883287],[132.311778,33.875881],[132.298106,33.884019],[132.29184,33.87873],[132.284516,33.861558],[132.26834926100207,33.861558],[132.254649,33.865668],[132.243663,33.861558],[132.236176,33.869045],[132.216319,33.855373],[132.208263,33.87519],[132.2068687217339,33.87729269857355],[132.18728666711257,33.92271281453898],[132.1969613654491,33.93730071167877],[132.2002417161855,33.94224695573313],[132.213013702,33.945543591000046],[132.27083515303906,33.944189584703565],[132.32061985587032,33.903099045374304],[132.326182,33.896308],[132.32865509254782,33.896467044178365],[132.33245952100003,33.893327003000024],[132.33967777354357,33.89717591099529],[132.340099,33.897203],[132.34451677421538,33.89975615715079],[132.3765089745843,33.916815],[132.401215,33.916815],[132.407074,33.923041],[132.40796903844316,33.92677370543049],[132.415538,33.937934],[132.44830788900003,33.933602276000045],[132.4516268640001,33.92276775700003],[132.436534,33.903551],[132.418956,33.905666],[132.384776,33.894192],[132.380707,33.88642],[132.3800065157383,33.87321947630932],[132.38000651573827,33.87321947630926],[132.33177658504385,33.84923338645606],[132.328624,33.875067]]]}},{"type":"Feature","properties":{"id":"g-1778","category":34},"geometry":{"type":"Polygon","coordinates":[[[127.796886,26.139716],[127.775727,26.121772],[127.754893,26.125312],[127.74171,26.115627],[127.725352,26.089586],[127.6524920660636,26.084377],[127.657074,26.121772],[127.63997879600004,26.208608008000056],[127.658458,26.212348],[127.72415591600009,26.270556345000045],[127.74387357400008,26.306943749000027],[127.74163317214898,26.319836459897136],[127.741873,26.320543],[127.738617,26.341457],[127.73701774214014,26.34639660790845],[127.722504,26.429918],[127.80054172600012,26.44249598300007],[127.9270564675315,26.52741684057448],[127.937511,26.532131],[127.94063449901552,26.53653086210144],[127.96110851300011,26.550273694000055],[127.96665985900006,26.579720485000053],[127.955903,26.594794],[127.940603,26.602484],[127.894298,26.60928],[127.88559,26.620185],[127.885753,26.65351],[127.87894895552232,26.690783658909062],[127.9619274050001,26.695277960000055],[127.9969368400001,26.680000161000066],[127.98442209400002,26.656942597000068],[127.99054326800001,26.637221518000047],[128.0238535090001,26.63110999500003],[128.06747390500004,26.64249590000003],[128.10467719500002,26.663050094000027],[128.10561194585168,26.67103131728663],[128.111095,26.674018],[128.1070145480021,26.683007215383054],[128.10899053750674,26.69987889131746],[128.152354,26.731513],[128.156993,26.737128],[128.1611722842858,26.753983211805362],[128.16587800330484,26.758635267567108],[128.176117,26.762519],[128.187999,26.780504],[128.225922,26.800971],[128.23463,26.813951],[128.2356666047457,26.818853508824102],[128.2471901020001,26.840000497000062],[128.28864258450096,26.854233338545995],[128.32914061200006,26.811946255000066],[128.33224931778847,26.789064296463113],[128.329845,26.780341],[128.33482213785305,26.77012678161036],[128.33551810400002,26.765004049000026],[128.32407750872326,26.74688765981138],[128.323416,26.746039],[128.32256961952368,26.74449989003783],[128.264415,26.652411],[128.243337,26.633287],[128.19157470640047,26.62441034755798],[128.172211,26.623481],[128.158865,26.618801],[128.142833,26.601752],[128.132091,26.581244],[128.14544197538723,26.56818409238264],[128.090343,26.54267],[128.055919,26.550482],[127.984141,26.478461],[127.950938,26.466702],[127.94636783600004,26.45110886300006],[127.870616,26.447414],[127.851736,26.44123],[127.8399471401822,26.426567731668523],[127.83804121900005,26.42527223700006],[127.78112015875188,26.239225164536098],[127.777517,26.233344],[127.771007,26.216498],[127.768403,26.197659],[127.775401,26.185126],[127.81805100200006,26.18721868600005],[127.796886,26.139716]]]}},{"type":"Feature","properties":{"id":"g-1603","category":34},"geometry":{"type":"Polygon","coordinates":[[[134.346934,34.430813],[134.342133,34.439683],[134.332774,34.44477],[134.305919,34.445014],[134.324962,34.453681],[134.3296,34.462388],[134.320649,34.46894],[134.299083,34.464911],[134.284923,34.452297],[134.28119620341172,34.44710398512041],[134.2432667196241,34.463676306304194],[134.243175,34.463853],[134.223399,34.472357],[134.19385494300002,34.47138000900003],[134.19274080600007,34.50999307700005],[134.20113463268848,34.513143300819166],[134.203787,34.512437],[134.228282,34.518378],[134.2627718821992,34.536275912292055],[134.2808439220073,34.54305839331972],[134.36572884287364,34.55069262001648],[134.363292,34.545356],[134.36915628480438,34.52826171121655],[134.37157751600012,34.51241595300007],[134.346934,34.430813]]]}},{"type":"Feature","properties":{"id":"g-1274","category":34},"geometry":{"type":"Polygon","coordinates":[[[141.029063,45.27851],[141.035655,45.292182],[140.99424130351812,45.37167434786548],[141.000987,45.419135],[140.996349,45.430243],[140.9680441701334,45.46205551323743],[140.9680441701333,45.46205551323755],[140.973572482,45.46527071000003],[141.006602,45.440416],[141.02003,45.439846],[141.04411516286007,45.44763511884639],[141.04914431300006,45.44860294000006],[141.07277847126946,45.419037948510045],[141.059093,45.321967],[141.03534508400952,45.265519847218776],[141.029063,45.27851]]]}},{"type":"Feature","properties":{"id":"g-1280","category":34},"geometry":{"type":"Polygon","coordinates":[[[141.33416887756943,45.15627866484528],[141.316417,45.137926],[141.310069,45.124579],[141.268403,45.10102],[141.235362,45.102484],[141.181814,45.126614],[141.131114,45.170152],[141.145518,45.189765],[141.13405080429604,45.21212638200417],[141.18327212579857,45.24510610278309],[141.18327212579857,45.2451061027831],[141.2225953099469,45.24430308694964],[141.27191327600008,45.21998816000007],[141.33416887756943,45.15627866484528]]]}},{"type":"Feature","properties":{"id":"g-1610","category":34},"geometry":{"type":"Polygon","coordinates":[[[132.812185,32.740302],[132.791515,32.740668],[132.757579,32.752387],[132.711401,32.789525],[132.664643,32.778868],[132.6364269268084,32.758439538594324],[132.63470083100003,32.77499893100003],[132.6613815920001,32.83388043900004],[132.7080045040001,32.87499285200005],[132.7163811680001,32.90499505300005],[132.70777322518535,32.9051612985203],[132.709158,32.90941],[132.618419,32.906887],[132.57545,32.93183],[132.55893,32.936754],[132.572032,32.923082],[132.54833893563546,32.92662771553185],[132.536388,32.93122],[132.524181,32.930243],[132.517345,32.90941],[132.537852,32.895819],[132.520763,32.889309],[132.490489,32.90119],[132.47808110667017,32.937744272645766],[132.494039,32.948931],[132.482919,32.970501],[132.501475,32.993232],[132.47700295145307,33.031967710198316],[132.47787003256636,33.06219518746792],[132.483165,33.067694],[132.47802776708218,33.067694],[132.4794758691186,33.11817655661423],[132.487559,33.125474],[132.490082,33.132758],[132.480414962215,33.13569493727583],[132.4821789560001,33.168601488000036],[132.48504114167184,33.17018063847377],[132.485702,33.169153],[132.505077,33.181235],[132.52184508416295,33.21486559537693],[132.536172,33.217566],[132.548364,33.226903],[132.536829,33.242584],[132.53054723485062,33.24635092052973],[132.52611463745046,33.25118932981759],[132.541394,33.262558],[132.524213,33.263023],[132.51443868772984,33.25999202193548],[132.48462975428845,33.281654461214856],[132.484735,33.290841],[132.50830184906067,33.30457636501951],[132.52228,33.307621],[132.52561,33.314664],[132.486804,33.316068],[132.420121,33.304356],[132.378673,33.319485],[132.384125,33.330878],[132.39748827671391,33.33537836941255],[132.407888,33.336249],[132.415538,33.341457],[132.421153,33.375556],[132.402354,33.362616],[132.390636,33.374986],[132.391124,33.397895],[132.408051,33.416571],[132.408051,33.423407],[132.394379,33.423407],[132.398204,33.431342],[132.421153,33.444485],[132.381114,33.466051],[132.344596,33.467155],[132.32172545734352,33.45779190482996],[132.307804,33.46429],[132.25725708496714,33.44167226354551],[132.253607,33.440709],[132.179739,33.406986],[132.149985,33.389167],[132.13066,33.363566],[132.101568,33.370134],[132.110296,33.386728],[132.02094757307214,33.34614453779772],[132.1152392560001,33.398885335000045],[132.16436165975864,33.419410672069894],[132.166576,33.420204],[132.1664766722276,33.42029441025269],[132.3080125900001,33.47943387000004],[132.412364,33.53498],[132.56359248600006,33.63555036100007],[132.63552656600007,33.66999382900008],[132.676606,33.715644],[132.6957971270001,33.752220668000064],[132.69599150950322,33.75449347988754],[132.697113,33.756741],[132.69676142654595,33.76349571300528],[132.70608326800004,33.87249107900004],[132.72682929097311,33.906509311231844],[132.754937,33.91032],[132.76504629201173,33.945510441585334],[132.772472,33.955878],[132.77165533907365,33.96851653185324],[132.77718660000005,33.98777084900007],[132.8310231263609,34.03083073476816],[132.847186,34.039964],[132.862359,34.055894],[132.91911,34.068406],[132.930338,34.094376],[132.926158,34.111668],[132.9189022650224,34.11203227116566],[132.94552556100007,34.117768984000065],[132.9760731550001,34.106942514000025],[133.04470760100003,34.01416087300004],[133.06469831900006,33.955826725000065],[133.1191180070001,33.91860218200003],[133.14941553100005,33.91221094200006],[133.2460613080001,33.940548926000076],[133.31942744600008,33.98526747900007],[133.35884999819174,33.98312817897223],[133.359948,33.98271],[133.36322013361377,33.982891029667826],[133.4166596970001,33.97999108400006],[133.510808558,33.960821390000035],[133.53969855600008,33.96832345000007],[133.61057472844956,34.03783877296416],[133.62086,34.045559],[133.633962,34.060777],[133.641287,34.079169],[133.648123,34.124661],[133.64661151061804,34.15517937067826],[133.6472192000001,34.15971451200005],[133.6719040590001,34.217211520000035],[133.68975465172034,34.22797178141206],[133.701427,34.231269],[133.73711192057056,34.25651854176756],[133.8039919520102,34.296833540424124],[133.843598,34.312242],[133.874197,34.328315],[133.89651412340896,34.35972298680767],[134.08053116700012,34.336656865000066],[134.10763147120937,34.36948459662617],[134.116873,34.3605],[134.122813,34.366604],[134.12492211942796,34.377148687840574],[134.12885111200012,34.38527536200007],[134.14940901500006,34.38527536200007],[134.161632,34.34147572897535],[134.161632,34.334906],[134.16627,34.324856],[134.182628,34.32095],[134.19044,34.325385],[134.21273951335547,34.35047205824188],[134.260248681,34.29943634600005],[134.26024510632269,34.29938691968693],[134.257823,34.294176],[134.25979915404,34.29322083105678],[134.2594249230001,34.28804641700003],[134.4266438730001,34.20999119000004],[134.47830119600007,34.20138636000007],[134.55870057204953,34.22151552787667],[134.560883,34.221422],[134.56997926186733,34.22433931397957],[134.60516905940446,34.233149598051085],[134.600482,34.228194],[134.594044,34.213812],[134.610349,34.216027],[134.62705708699346,34.232266609259334],[134.64256632057425,34.22955705262554],[134.627176,34.209674],[134.627208,34.187934],[134.607758,34.184312],[134.628266,34.177924],[134.642089,34.179263],[134.623696,34.150772],[134.620463,34.140253],[134.62071844009162,34.139601622137434],[134.605187,34.110777],[134.59163977100002,34.02999408200003],[134.60078735800005,33.99027019400006],[134.61774393400003,33.976654600000074],[134.63360955200005,33.98360527400007],[134.65055256800008,33.977769444000046],[134.70277126839324,33.917846598404225],[134.69226779061438,33.89707405986959],[134.690714,33.895734],[134.686778,33.886217],[134.662364,33.875881],[134.646251,33.853095],[134.660818,33.846381],[134.717052,33.847968],[134.70401353579604,33.83845182933903],[134.689789,33.834906],[134.689789,33.82807],[134.740046,33.840283],[134.74878539874334,33.833877246957435],[134.664654,33.798487],[134.651866,33.786444],[134.6168,33.782602],[134.607758,33.766018],[134.579377,33.76417],[134.57134469529856,33.73862347422806],[134.546378,33.732502],[134.54000627974744,33.71994478261138],[134.4573,33.670926],[134.404022,33.654478],[134.376175,33.635657],[134.3859836110734,33.626182513703235],[134.37437459893314,33.61051769994333],[134.36377,33.600755],[134.36184474925165,33.59361033872012],[134.352967,33.581631],[134.3361067888849,33.57784337779302],[134.32626,33.580128],[134.312348,33.572506],[134.313701,33.543079],[134.296712,33.531363],[134.273205,33.508004],[134.244634,33.46075],[134.214529,33.376614],[134.2122584914749,33.36400368640474],[134.2041301260001,33.339714048000076],[134.2007021909159,33.31713681070448],[134.198497,33.310289],[134.1912,33.271258],[134.190255,33.248329],[134.181281178227,33.24035335901427],[134.141764,33.291793],[134.106224,33.294332],[134.10796,33.314923],[134.04005,33.384101],[134.025536,33.4154],[133.98223236828733,33.43088023794347],[133.9401081996668,33.46307032436996],[133.925205,33.493693],[133.763052,33.519784],[133.739397,33.537507],[133.672148,33.528902],[133.607733,33.515825],[133.465909,33.454324],[133.450369,33.430854],[133.45325286648594,33.42098408914956],[133.39945645211475,33.391371732254385],[133.365001,33.3876],[133.3550229437098,33.38103696630663],[133.31846467871605,33.372533899010605],[133.312348,33.375556],[133.29791367101043,33.36775395112325],[133.28247100200008,33.36416214900004],[133.24746343700008,33.318886174000056],[133.24883144800003,33.279995400000075],[133.2655352390001,33.26500335500003],[133.2665329969332,33.24968059611911],[133.258474,33.242133],[133.253266,33.219062],[133.21534,33.187504],[133.21762747806568,33.16849432900154],[133.2071312657333,33.156181632541475],[133.203836,33.162622],[133.190149,33.163316],[133.165033,33.1372],[133.12533908379802,33.08085268985422],[133.097116,33.048111],[133.0973016065566,33.04105222225133],[133.07168439041388,33.02920378212963],[133.052848,33.039499],[133.018259,33.024023],[133.001702,32.986957],[132.994413,32.948993],[133.0025356162521,32.92413424489007],[132.99706495413608,32.86643017472185],[132.961059,32.864101],[132.955099,32.852629],[132.955477,32.814619],[132.97656486852682,32.79544350298945],[132.976736,32.795152],[132.9785973546501,32.79359533462044],[132.9648740315558,32.74468651206119],[132.956798,32.758612],[132.939138,32.770453],[132.91505,32.777981],[132.892833,32.774237],[132.8927937478234,32.77416381456959],[132.8641024551919,32.76924295083462],[132.858409,32.769599],[132.85599958543244,32.76785322195553],[132.8555293060001,32.76777256400004],[132.812185,32.740302]]]}},{"type":"Feature","properties":{"id":"g-1647","category":34},"geometry":{"type":"Polygon","coordinates":[[[129.55877246630973,33.38963477661961],[129.562163,33.366394],[129.527528,33.323477],[129.538317,33.315595],[129.52487165070502,33.302730598025846],[129.514342,33.298045],[129.51436553523592,33.29267843131629],[129.501148,33.280032],[129.493095,33.245163],[129.446605,33.19852],[129.412591,33.178318],[129.36149753346663,33.17400888192562],[129.37186755435766,33.1916580444294],[129.384782,33.183493],[129.400157,33.185696],[129.406505,33.194037],[129.396007,33.202582],[129.39062741096527,33.20330199789761],[129.3817521098377,33.208480973503264],[129.3996149486724,33.23888246918828],[129.416769,33.23693],[129.40842668813585,33.25387952882447],[129.4309698185404,33.292246604072886],[129.437265,33.29668],[129.4380684054506,33.30432797934119],[129.4541328140001,33.331668653000065],[129.49481653176855,33.35823388603237],[129.49513,33.358295],[129.49525456631142,33.358519909295396],[129.5189783067886,33.37401079185832],[129.522916,33.368377],[129.53931,33.379488],[129.53449435644288,33.38285324000059],[129.53665245000002,33.38555147100004],[129.55877246630973,33.38963477661961]]]}},{"type":"Feature","properties":{"id":"g-1810","category":34},"geometry":{"type":"Polygon","coordinates":[[[125.31553850662851,24.828680256658078],[125.321625,24.816881],[125.32979763166989,24.809235044574365],[125.3516436750001,24.779443529000048],[125.4024677430001,24.774998237000034],[125.45039572524338,24.7429223087012],[125.3838,24.726955],[125.2588,24.733385],[125.273936,24.820014],[125.27475,24.856431],[125.26333373400007,24.884164473000055],[125.28137003800009,24.875275901000066],[125.31553850662851,24.828680256658078]]]}},{"type":"Feature","properties":{"id":"g-1475","category":34},"geometry":{"type":"Polygon","coordinates":[[[138.524425,37.963446],[138.513194,37.94481],[138.51086059576537,37.93780225129188],[138.486501,37.89175],[138.370372,37.828762],[138.265147,37.798326],[138.232595,37.797675],[138.215099,37.809556],[138.21424293141067,37.82615757577245],[138.21424293141067,37.82615757577247],[138.26857733200006,37.83721365100007],[138.283214,37.848334],[138.34254,37.966864],[138.314789,37.997463],[138.28914526900007,37.997490423000045],[138.247895,37.978502],[138.2333076750001,38.01777459300007],[138.242198,38.071479],[138.26341653694837,38.10169128790135],[138.294688,38.136176],[138.310069,38.168118],[138.348155,38.192816],[138.35519294803564,38.20169723975055],[138.428559,38.256293],[138.46508410654684,38.30715170525829],[138.46508410654684,38.3071517052583],[138.49411895900005,38.32111166200008],[138.51991281393788,38.31673612112645],[138.507091,38.241441],[138.48813662553755,38.185857028858436],[138.44165133900003,38.10249680000004],[138.42996483700006,38.056384723000065],[138.4413395900001,38.04444492500005],[138.53146214877236,38.07475544425709],[138.57010312095315,38.0746479925236],[138.5701031209532,38.074647992523595],[138.575206,38.03822525702383],[138.524425,37.963446]]]}},{"type":"Feature","properties":{"id":"g-1567","category":14},"geometry":{"type":"Polygon","coordinates":[[[138.72456718600006,35.453647904000036],[138.7678646050001,35.578391012000054],[138.83783654900003,35.66434677900003],[138.9413930070001,35.738441789000035],[139.07138458000009,35.81052368500008],[138.99498197000003,35.66848861700004],[138.96184460000006,35.526890011000035],[138.97855592700012,35.43839746400005],[139.05575192600008,35.32336270400003],[139.15207964737817,35.239795240134214],[139.145957,35.235227],[139.14433184626859,35.21166204076787],[139.12680602004764,35.14802365406177],[139.120771,35.150257],[139.088473,35.110058],[139.076732,35.075094],[139.075874,35.053177],[139.08852421941899,35.05158258642067],[139.086548,34.997305],[139.100603,34.974755],[139.10293548096783,34.97401118465018],[139.1063510580001,34.969156148000025],[139.13779806691073,34.95150818742232],[139.14801431752267,34.906864372193525],[139.1480143175227,34.90686437219335],[139.13516749508557,34.869714055298886],[139.119298,34.867389],[139.099073,34.856119],[139.08839,34.842271],[139.0836122703252,34.830547749658855],[139.06331694496637,34.796980327136],[139.059086,34.79257],[139.051713,34.777788],[139.03848665371316,34.76667221431527],[139.026327,34.764247],[138.998759,34.733284],[139.002615,34.721829],[138.98878,34.701402],[138.985606,34.683295],[138.98613486451052,34.67828148359035],[138.98163285400005,34.66638526000003],[138.96245092524026,34.653390498043535],[138.940826,34.661107],[138.87101523130949,34.61796587794461],[138.860949,34.613498],[138.835297,34.595893],[138.7722021550994,34.646562930298956],[138.7722021550994,34.64656293029896],[138.77244062767852,34.64991932219302],[138.777843,34.663316],[138.773936,34.670966],[138.746593,34.691474],[138.74660716800008,34.71249636400006],[138.76360186300008,34.72915866300008],[138.7649384201861,34.74903378292282],[138.774262,34.751288],[138.76586775408413,34.76830068496825],[138.76557711524927,34.89601599502701],[138.7655771152493,34.89601599502702],[138.789806,34.906806],[138.76720708400012,34.95304925900007],[138.784694531,35.00055380500004],[138.82385311300004,35.009994936000055],[138.84410852200006,35.00249282000004],[138.8938644000001,35.008886346000054],[138.9091498350001,35.02916359100004],[138.838537,35.099526],[138.803332,35.121909],[138.74422,35.134843],[138.696186,35.138976],[138.6914714298772,35.13713621655079],[138.69121789100006,35.253766976000065],[138.72456718600006,35.453647904000036]]]}},{"type":"Feature","properties":{"id":"g-1515","category":14},"geometry":{"type":"Polygon","coordinates":[[[137.61388044871555,36.97581767137088],[137.683279,36.987982],[137.807545,37.030805],[137.896739,37.057522],[137.89710130663525,37.057710970612355],[137.95771676200002,37.075237927000046],[138.11801492000006,37.04091084800007],[138.25209840700006,37.032054714000026],[138.4603867290001,37.04091084800007],[138.732244755,37.06748762600006],[138.97086655900011,37.12949919600004],[139.0962062540001,37.17954380700007],[138.98793639200005,37.02724723500006],[138.8916860920001,36.92531282900006],[138.71875310500002,36.77248032500006],[138.62090787300008,36.73244536400006],[138.17360382800007,36.65091366000007],[137.85908744900007,36.62759661800004],[137.6960770400001,36.64465055000005],[137.55598453400012,36.67529241200003],[137.42797828400012,36.71868762200006],[137.35164809200012,36.766563803000054],[137.39831740900001,36.802491082000074],[137.42162151800005,36.86027836400007],[137.4249884410001,36.90554751900004],[137.44580247400006,36.927217932000076],[137.61388044871555,36.97581767137088]]]}},{"type":"Feature","properties":{"id":"g-1298","category":34},"geometry":{"type":"Polygon","coordinates":[[[143.896495,44.145901],[143.813731,44.168402],[143.90562713356525,44.15522321676497],[143.911794,44.152289],[143.92674168707853,44.15219518813025],[143.96809040358934,44.146265387269196],[143.896495,44.145901]]]}},{"type":"Feature","properties":{"id":"g-1272","category":34},"geometry":{"type":"MultiPolygon","coordinates":[[[[141.81878055688784,42.59891006532226],[141.817149,42.599595],[141.81676171542432,42.59966976143763],[141.86777904400003,42.99780638800007],[141.93101530400008,43.19192551800006],[141.97679689500012,43.28007586000007],[142.18127842900003,43.59740234800006],[142.20516432700003,43.66461505800004],[142.19265565500007,43.73258158500005],[142.16606127600005,43.78183185300003],[142.0841726100001,43.83028242000006],[142.00793823000004,43.85030096300005],[141.9055055550001,43.84671495600003],[141.79353969300007,43.82211119100003],[141.68185364800001,43.77602718000003],[141.636054542,43.73431918600005],[141.5837923480001,43.66811435000005],[141.51545464100002,43.60544007900006],[141.424884302,43.437081661000036],[141.38236379252083,43.56795320192451],[141.391368,43.579088],[141.372732,43.618232],[141.364024,43.627509],[141.366954,43.646308],[141.337413,43.712836],[141.3863844110001,43.78749788600004],[141.43026781700007,43.81276520200004],[141.4905076010001,43.82277206500004],[141.57221464100007,43.85943946000003],[141.61746193200008,43.89694136600008],[141.64581555900008,43.94221435400004],[141.6541592529573,43.971802695295665],[141.658946,43.983791],[141.66231916711237,44.00073931811533],[141.67025500600005,44.02888132700008],[141.66898385717516,44.050173719855444],[141.670177,44.066636],[141.655447,44.276923],[141.6645288638998,44.30863689708011],[141.73420735802756,44.40639643811057],[141.747244,44.424221],[141.74743202765026,44.424950766081906],[141.7508307910001,44.42971926100006],[141.77636456385642,44.53724267398573],[141.791759,44.596991],[141.79258246962988,44.6055367169403],[141.79720253000005,44.624991917000045],[141.78996885700008,44.73443838800006],[141.7841487479432,44.758597681108796],[141.783458,44.765367],[141.753591,44.885443],[141.721853,44.955146],[141.586436,45.164374],[141.57488,45.206855],[141.58116807640414,45.238264193275064],[141.60214241446963,45.26960164275242],[141.617849,45.285346],[141.62315169945558,45.30099130590871],[141.69052696200004,45.401655693000066],[141.69530336136046,45.40223689361574],[141.704438,45.402086],[141.71185196457054,45.404250556554814],[141.81386955400012,45.41666423500004],[141.8560707050001,45.434717109000076],[141.86283807324878,45.442036581067384],[141.875336,45.448188],[141.87609846032709,45.4563787934688],[141.87661621200004,45.456938785000034],[141.97106611700008,45.48638645600005],[141.98624583440102,45.470515028061065],[141.987559,45.468492],[141.98860342251064,45.468050009193874],[142.06856847500012,45.38444110300003],[142.19664170358286,45.316631133320136],[142.31942394700002,45.19777622400005],[142.5296736958198,45.026982327076816],[142.61745237700006,44.897772376000034],[142.62550390880045,44.89010912396991],[142.630707,44.883734],[142.6337774391789,44.8822345790956],[142.8191222790001,44.705827871000054],[143.02804350600002,44.55222093000003],[143.1178756417471,44.497310571788816],[143.118419,44.496894],[143.120891648437,44.495467022079886],[143.3652419120001,44.34610665800005],[143.3846979230001,44.32555335600006],[143.552419,44.252509],[143.69164499400006,44.20804452700003],[143.68282166047848,44.18356091210061],[143.680431,44.182359],[143.68190623334323,44.18102071962199],[143.68053718800002,44.17722179500004],[143.728282,44.113471],[143.7722183290001,44.09415388200006],[143.937755,44.096422],[143.9846751440001,44.12860088000008],[144.0406835686769,44.13227832595582],[144.13162738500012,44.11582996000004],[144.15337602656484,44.097055441603615],[144.140391,44.093004],[144.1279545087017,44.08123737710717],[144.1174723360001,44.07471504100005],[144.105479,44.031562],[144.11605737500008,44.021666432000075],[144.1494104630001,44.014716871000076],[144.26554078300012,44.044445877000044],[144.33080683100002,43.97443708700007],[144.4030440040001,43.943324189000066],[144.65664535100007,43.91360417800007],[144.7794226000001,43.913326733000076],[144.81175164170273,43.93298237674573],[144.831228,43.942206],[144.84564937090786,43.95359176242351],[144.9041504170001,43.98915965000003],[145.03798670762316,44.1129528551798],[145.0776484923374,44.13544960444245],[145.119314,44.154486],[145.1431192205503,44.17258556711434],[145.18210287757842,44.19469767235171],[145.184906,44.195461],[145.201671,44.205797],[145.24328965200004,44.26082762600004],[145.27164792424546,44.287818846789825],[145.309744,44.316352],[145.31746055170674,44.33142301040275],[145.3241325580001,44.33777338300007],[145.3420418122523,44.34415500400007],[145.349457,44.325995],[145.35616460293406,44.31639602229271],[145.37281678458066,44.28366540862494],[145.37229868993555,44.2652106225652],[145.37190578508321,44.2512151584928],[145.3466094586843,44.208480983028956],[145.290538,44.154486],[145.279145,44.133938],[145.27425488958028,44.10990952712689],[145.25896334129285,44.06804754438205],[145.18496808200007,44.00471502700003],[145.1699944769308,43.985655832137645],[145.169607,43.985297],[145.144298,43.952948],[145.122325,43.91706],[145.12138420742264,43.91495150926904],[145.10968172200012,43.89554601900005],[145.06997640300006,43.77471777100004],[145.0727528760001,43.74916241900007],[145.13359716500008,43.66054481000003],[145.2066487404718,43.60520503677767],[145.2311819085465,43.545333142426564],[145.23227,43.539944],[145.23379756193745,43.53894977917697],[145.30359956300003,43.368601701000046],[145.29480669637263,43.34202079809492],[145.27003,43.346381],[145.260509,43.338568],[145.258311,43.327094],[145.25835063276006,43.32702751179979],[145.2561001910001,43.31499471400008],[145.31524652500002,43.27361158700006],[145.34907203649698,43.26618758984918],[145.351085,43.265448],[145.36463314869573,43.2627722489566],[145.40636990000007,43.25361189900008],[145.47336256432948,43.251232261943656],[145.5171,43.22899],[145.521983,43.241197],[145.496593,43.270575],[145.540863,43.301663],[145.54667761918626,43.3064493960846],[145.59900809285355,43.343932443178446],[145.6338,43.353176],[145.661632,43.379828],[145.69907571953624,43.38092840271103],[145.723155,43.379828],[145.72679987491742,43.38174316513634],[145.77136557900008,43.38305287000003],[145.82210780323314,43.369538133675924],[145.80154797121705,43.36070578265247],[145.787852,43.360582],[145.77768,43.356269],[145.7689675250896,43.34670946514982],[145.73355555761424,43.33149674712134],[145.708507,43.326321],[145.684093,43.310248],[145.65878458178375,43.31002316733253],[145.643891,43.312201],[145.629161,43.30976],[145.57330827200008,43.26333247300005],[145.551768,43.209784],[145.5171,43.174994],[145.52256420285985,43.172509021290075],[145.5208099360001,43.17026992000007],[145.4935200212854,43.16899096902638],[145.452403,43.183905],[145.302501,43.173489],[145.138438,43.12816],[145.125499,43.120063],[145.119314,43.106106],[145.11971387247078,43.10401140763113],[145.11746166700004,43.10110672800005],[145.1216896391064,43.09366204372128],[145.122732,43.088202],[145.12522635404144,43.08743453667697],[145.13023976300008,43.078606842000056],[145.1169796160015,43.064044889189375],[145.111013,43.063625],[145.099294,43.044623],[145.05128,43.033108],[145.003103,43.044623],[145.027517,43.009345],[145.014334,42.989488],[144.89975,42.979478],[144.842052,43.007148],[144.84128548710018,43.02064345868876],[144.84311,43.029364],[144.84018,43.040107],[144.798676,43.046698],[144.783865,43.039944],[144.77774918289003,43.03248454777744],[144.757579,43.018785],[144.73522419500011,42.99082770500007],[144.73661785955835,42.98291311864924],[144.735606,42.979478],[144.73843212894764,42.972609927927756],[144.740507502,42.960823936000054],[144.66378452348593,42.93785038695826],[144.599132,42.949123],[144.521739,42.944078],[144.49586,42.933254],[144.464854,42.937079],[144.390636,42.956448],[144.373057,42.96955],[144.358084,42.999457],[144.345225,43.00373],[144.323009,43.002631],[144.183116,42.976386],[144.042003,42.926581],[144.03570512129642,42.92324597656451],[143.98967841500007,42.906653848000076],[143.892768197,42.849160908000044],[143.88836431880074,42.84522208114592],[143.886404,42.844184],[143.8142927046653,42.77897245986141],[143.78937587622588,42.7566868587308],[143.71106929777764,42.70695086579527],[143.59976724700005,42.789474159000065],[143.50005507700007,42.89365993100006],[143.45329451100008,42.98160032000004],[143.39372186800006,43.17240121400005],[143.36271850800006,43.22019631300003],[143.29041725700006,43.288761571000066],[143.21246837800004,43.33437682200008],[143.1342133070001,43.34364621000003],[142.9433364040001,43.289311819000034],[142.8300139050001,43.23679587500004],[142.77213832600012,43.17591806900003],[142.7414125900001,43.10583335800004],[142.74260646800008,43.03698708400003],[142.7749236290001,42.95052970300003],[142.8287017980001,42.84695742500003],[142.8737891070001,42.76901786900004],[143.10503202200005,42.46114013500005],[143.33442656300008,42.29443875800007],[143.324393363,42.237214797000036],[143.32520715204257,42.23199646284002],[143.32488,42.229722],[143.32778721214288,42.215452106683244],[143.33785893364168,42.150868282621474],[143.32706664202664,42.09516087383909],[143.303477,42.025784],[143.292328,42.005194],[143.265473,41.986721],[143.241547,41.928046],[143.182384,41.961575],[143.163341,41.990383],[143.115245,42.027981],[142.959727,42.105373],[142.75766,42.158393],[142.546397,42.250556],[142.459972,42.271308],[142.281016,42.366523],[142.167752,42.459859],[142.06258,42.470728],[141.980968,42.51024],[141.925955,42.55858],[141.81878055688784,42.59891006532226]]],[[[145.2799963140962,43.540819722157856],[145.3091142714497,43.55458058161864],[145.318696,43.557766],[145.332042,43.565416],[145.2389791116482,43.600175587137215],[145.29443873500009,43.59638285700004],[145.36108931500007,43.555555654000045],[145.2799963140962,43.540819722157856]]]]}},{"type":"Feature","properties":{"id":"g-1627","category":34},"geometry":{"type":"Polygon","coordinates":[[[130.95412994900005,33.820833925000045],[130.98044649700012,33.772122859000035],[130.7444454580001,33.56334706200005],[130.45770054000002,33.493548528000076],[130.32735926700002,33.42904852500004],[130.22592052700008,33.361113432000025],[130.16906076100008,33.281826643000045],[130.14091758000006,33.21291555800008],[130.154091235,33.12031704100008],[130.14650309795567,33.11358666341725],[130.127565,33.120937],[130.131946,33.101972],[130.145129,33.084836],[130.160492,33.054104],[130.17964883318533,33.026600667562576],[130.219147,32.95506],[130.204258,32.950871],[130.20383584724493,32.93117860471021],[130.188536,32.915321],[130.163596,32.909291],[130.14973395159257,32.896950653021484],[130.105317,32.875922],[130.11090417273172,32.87358628700838],[130.09384248100002,32.85610287600008],[130.12384858100006,32.83665547700008],[130.17135093600007,32.829167504000054],[130.2482896140001,32.86499748500006],[130.30135672900008,32.867209063000075],[130.330261188,32.852223055000024],[130.3748230577839,32.77927796166206],[130.37153336946812,32.73644542839958],[130.354991,32.717231],[130.350936,32.704063],[130.35714536292323,32.693955756742085],[130.35714536292323,32.69395575674206],[130.341704,32.667258],[130.305578,32.651434],[130.268231,32.650361],[130.259046,32.643866],[130.25973926537227,32.635210663342015],[130.253917,32.624823],[130.236508,32.622477],[130.231546,32.610014],[130.21024406255628,32.60437048703129],[130.198412,32.602978],[130.19362732705272,32.599968222563106],[130.16700332793215,32.592914738122424],[130.16718416846254,32.59476488139846],[130.173054,32.603634],[130.169562,32.619092],[130.1520108185589,32.62908956568975],[130.147049,32.633992],[130.13436248662646,32.639142470584005],[130.13133963300004,32.673606423000024],[130.15998064200005,32.67749228100007],[130.18664612200007,32.697491065000065],[130.210314,32.73325],[130.207585,32.752162],[130.18972463881246,32.76067975376067],[130.190233,32.783482],[130.178427,32.792922],[130.148099,32.795354],[130.14554813871092,32.793674844268274],[130.093789,32.79486],[130.064167,32.784811],[130.05556243734156,32.77791190474425],[129.98384286975923,32.746114380233664],[129.97038,32.744563],[129.96226568327617,32.758382353928475],[129.962012,32.761809],[129.958508,32.764782],[129.949326,32.757661],[129.954891,32.745171],[129.903444,32.681137],[129.894929,32.662689],[129.841277,32.639415],[129.832286,32.615805],[129.78583,32.583105],[129.782909,32.573503],[129.763147,32.579976],[129.7617729340829,32.579280769420606],[129.85357215200008,32.688598468000066],[129.85906,32.724514],[129.771007,32.813951],[129.754509,32.818483],[129.73271,32.80557],[129.721035,32.827074],[129.687022,32.854804],[129.669688,32.904975],[129.651866,32.922797],[129.6449050132482,32.92473929974192],[129.6449050132482,32.92473929974193],[129.63665474200002,32.96887927600005],[129.69727052300004,33.03683248100003],[129.74123014111606,33.02267199220512],[129.738632,33.019118],[129.735784,33.003844],[129.741664,32.991035],[129.751839,32.99594],[129.76179358719412,33.01106459676247],[129.76179358719415,33.01106459676251],[129.82079200700002,32.979434078000054],[129.82019947277476,32.975908736674796],[129.816009,32.970967],[129.813845,32.961796],[129.8142882828978,32.94073952438971],[129.8105611599804,32.91856463577628],[129.795674,32.947794],[129.786945,32.947805],[129.789935,32.912245],[129.79063266404552,32.911752457237725],[129.7944,32.874921],[129.80495628500012,32.85610287600008],[129.8488379690001,32.822774252000045],[129.96048994548102,32.85060480847314],[129.987878,32.841714],[130.003148,32.845379],[129.96877053393564,32.885296608564126],[129.945623,33.015758],[129.881444,33.062763],[129.853011,33.054167],[129.84718700596773,33.05077487169821],[129.8471870059677,33.0507748716982],[129.8229222223397,33.055310821565584],[129.822356,33.06268],[129.797515,33.077309],[129.76566027029662,33.057475088780386],[129.74370166295367,33.07314542494048],[129.733226,33.101633],[129.749197,33.098131],[129.746288,33.124896],[129.760145,33.129815],[129.758677,33.138941],[129.74773,33.139524],[129.728526,33.122301],[129.722856,33.158404],[129.709764,33.16257],[129.704112,33.111802],[129.68893006791097,33.113801349669934],[129.66978529739677,33.1281010274345],[129.683604,33.131049],[129.687022,33.142239],[129.683279,33.15233],[129.674327,33.160224],[129.652843,33.170152],[129.656098,33.184882],[129.65268,33.190253],[129.645518,33.197455],[129.617442,33.194648],[129.600108,33.208319],[129.590099,33.211127],[129.56761802620846,33.211127],[129.5638742124419,33.21145056532892],[129.57025086837356,33.274827731824146],[129.5702508683736,33.27482773182417],[129.5746890572859,33.27662043156972],[129.580912,33.275084],[129.591498,33.28341],[129.584326,33.301146],[129.57471623360223,33.31571422351335],[129.58413505700003,33.365550674000076],[129.6021729890001,33.36888514700007],[129.6133581813812,33.36489946276876],[129.620616,33.35928],[129.62685141412112,33.36009134118009],[129.851573,33.280015],[129.841328,33.315977],[129.846295,33.347965],[129.871025,33.378178],[129.861863,33.390046],[129.868663,33.397447],[129.7972064920001,33.445823516000075],[129.82159020584817,33.48091076195607],[129.8215902058482,33.48091076195604],[129.848888,33.44245],[129.862071,33.436998],[129.871349,33.442939],[129.866873,33.456732],[129.85945893529478,33.46465161322342],[129.83955866181094,33.500991780573834],[129.86078694200012,33.524715883000056],[129.928319449,33.536113862000036],[129.96040028511462,33.51072405955783],[129.96040028511456,33.510724059557745],[129.95286478298652,33.49847838907443],[129.945545,33.490855],[129.941209,33.479537],[129.9852348270001,33.44054913400004],[130.00664380800004,33.439434289000076],[130.02804937500002,33.44777147600007],[130.10396683959257,33.51187347559284],[130.115262,33.508951],[130.142869746481,33.52211308229428],[130.156423,33.525377],[130.167979,33.534084],[130.174164,33.546861],[130.14692274782212,33.54265460755601],[130.12661328900003,33.588328438000076],[130.13515907012726,33.59397978229856],[130.139415,33.594672],[130.156664,33.606506],[130.15632926176204,33.607979677686934],[130.1799543610001,33.62360300900008],[130.23033148131898,33.62282854348604],[130.231384,33.618846],[130.24089595344472,33.613700615995356],[130.26710750323087,33.59105328226975],[130.265432,33.58858],[130.27914979995083,33.58064848305472],[130.28664843,33.57416950800007],[130.28974891389512,33.57452016421678],[130.290294,33.574205],[130.2907353717156,33.574631729888125],[130.36273188600012,33.582774338000036],[130.39358900900004,33.59777040700004],[130.41525320900007,33.625552981000055],[130.46912124900007,33.74222328800005],[130.4685733734363,33.75107044366105],[130.469987,33.762869],[130.46676,33.780353],[130.44920249841846,33.788747864872896],[130.44920249841843,33.788747864872924],[130.4503187898266,33.802748530425525],[130.472179,33.817532],[130.4769142581737,33.82394884406835],[130.51024139839737,33.85051524313827],[130.530528,33.861558],[130.548188,33.880764],[130.58800721521698,33.88156574175951],[130.612071,33.879788],[130.633067,33.882473],[130.654063,33.896308],[130.67285715679742,33.919787848730955],[130.6893997407488,33.93530133416174],[130.84829143700006,33.911377827000024],[130.88021871265983,33.89690719842073],[130.880853,33.89594],[130.896983,33.889309],[130.913585,33.891181],[130.91990343270237,33.89518691982592],[130.982174234,33.88110798300005],[130.95412994900005,33.820833925000045]]]}},{"type":"Feature","properties":{"id":"g-1670","category":34},"geometry":{"type":"Polygon","coordinates":[[[129.99771226601612,32.19065439320219],[129.994395,32.199897],[130.009125,32.252143],[129.98477559293283,32.24513848771317],[129.975841,32.245917],[129.958344,32.237535],[129.961274,32.252143],[130.016612,32.293118],[130.053233,32.296536],[130.064301,32.306789],[130.030284,32.313625],[130.0088,32.305894],[129.979747,32.332994],[129.976573,32.366441],[129.995453,32.388658],[129.994395,32.42414],[130.02003,32.460679],[130.030284,32.482408],[130.02720061800005,32.49832828800004],[130.0460785570001,32.512215550000064],[130.12337661636994,32.54279814479112],[130.12337661636997,32.542798144791135],[130.15719403700007,32.54361231300004],[130.18524827600004,32.52305006900008],[130.198985,32.48017],[130.201508,32.395494],[130.208344,32.373277],[130.20338,32.338853],[130.190684,32.323554],[130.157725,32.310248],[130.13512863042712,32.26848257127159],[130.12748624397534,32.26242223079231],[130.105317,32.252143],[130.074962,32.220771],[129.99771226601612,32.19065439320219]]]}},{"type":"Feature","properties":{"id":"g-1819","category":34},"geometry":{"type":"Polygon","coordinates":[[[123.873057,24.258246],[123.851248,24.256985],[123.745779,24.281236],[123.71201070302509,24.283440199759227],[123.67927317237904,24.315707621130997],[123.68493140345579,24.322859874689406],[123.698009,24.315985],[123.707042,24.328681],[123.729259,24.315741],[123.742361,24.319729],[123.748057,24.329576],[123.75090951271986,24.348977203638373],[123.77109913900006,24.418054752000046],[123.814708,24.39175],[123.8318426996846,24.39495457143809],[123.92665792200012,24.36832945900005],[123.93553583991769,24.349617681120186],[123.92700463827852,24.326190994912736],[123.873057,24.258246]]]}},{"type":"Feature","properties":{"id":"g-1708","category":34},"geometry":{"type":"Polygon","coordinates":[[[130.92214950821912,30.369662904347383],[130.906519,30.366015],[130.89102,30.355421],[130.8904699615161,30.354197634898366],[130.87246061400003,30.363056603000075],[130.8630662708557,30.419470514988838],[130.862572,30.423947],[130.86220982478622,30.424613553990543],[130.86816700992773,30.464483966586915],[130.870002,30.463861],[130.87198501610652,30.469183167510874],[130.89664933535056,30.499540004653834],[130.90114,30.503692],[130.930221,30.54086],[130.9519096990001,30.583055304000027],[130.9508016302507,30.594681373061853],[130.950938,30.595038],[130.948377,30.641109],[130.94570603695038,30.648145311696016],[130.94455709067353,30.660200275587165],[130.94543,30.664215],[130.94399518015015,30.66609594817509],[130.94302533060056,30.67627179497987],[130.966345,30.701441],[130.985132,30.729776],[130.985239,30.741352],[130.999703,30.745686],[131.008139,30.767865],[131.00688492476175,30.782112947260675],[131.00833040100008,30.78944444800004],[131.0397087890001,30.831112271000052],[131.0562663990937,30.839380518441054],[131.0622008501158,30.82833862139296],[131.062407,30.824529],[131.073595,30.799582],[131.0847605569863,30.786363051998066],[131.071208,30.769302],[131.070969,30.73733],[131.07355542210874,30.724915303718415],[131.07521268627707,30.693578595665993],[131.053761,30.661868],[131.05779063051514,30.6402938110378],[131.04030518426126,30.590615833830707],[131.037848,30.589171],[131.03735159552045,30.58222438004599],[131.02757126581827,30.554437442900163],[131.003404,30.551167],[130.99385672263188,30.532365599048457],[130.982639,30.519305],[130.98154954348203,30.50812913865693],[130.966961,30.4794],[130.964753,30.456319],[130.978031,30.437597],[130.969639,30.415439],[130.97324347499526,30.408741250986413],[130.97069154858113,30.393360078452826],[130.92214950821912,30.369662904347383]]]}},{"type":"Feature","properties":{"id":"g-1516","category":14},"geometry":{"type":"Polygon","coordinates":[[[140.28254754800003,36.50065444400008],[140.1956805000001,36.53607517700004],[140.11308768300012,36.59806139500006],[139.9907387820001,36.72204935900004],[139.87118814400003,36.77518837200006],[139.71999160200005,36.816528051000034],[139.8135940090001,37.04040628100006],[139.87019204800004,37.11103109800007],[139.9476652630001,37.14711978500003],[140.0416188060001,37.16091363600003],[140.1180992190001,37.14021685000006],[140.22267189500008,37.073106591000055],[140.26978955700008,37.031796377000035],[140.30591874200002,36.91205789400004],[140.3236620780001,36.73598470400003],[140.3411281330001,36.680514462000076],[140.39405700700001,36.62198734300006],[140.48799150900004,36.57393001500003],[140.56175519600004,36.56425739300005],[140.655508875,36.573655614000074],[140.64594691716763,36.54973958964185],[140.638927,36.53974],[140.623546,36.50609],[140.61923965463072,36.48294034700012],[140.6192396546307,36.48294034700007],[140.4433790280001,36.48294034700007],[140.28254754800003,36.50065444400008]]]}},{"type":"Feature","properties":{"id":"g-1662","category":34},"geometry":{"type":"Polygon","coordinates":[[[128.736042,32.603494],[128.662852,32.601549],[128.6623697564678,32.60105481951313],[128.6013119881277,32.61841896599316],[128.6013119881277,32.61841896599317],[128.624278,32.667304],[128.631847,32.669867],[128.638682,32.635159],[128.65268,32.667914],[128.653494,32.699612],[128.65211029238796,32.70311112562457],[128.65094,32.775413],[128.679047,32.782904],[128.699653,32.743771],[128.72783430082382,32.755406752438276],[128.743175,32.758287],[128.779224,32.776625],[128.79117561255018,32.79157449613692],[128.79117561255018,32.791574496136924],[128.81001412760375,32.79235985729198],[128.810557,32.766059],[128.83746225719432,32.760470939398694],[128.849783,32.742743],[128.842069,32.703861],[128.855226,32.688864],[128.8624491050598,32.68421308122545],[128.901134,32.646918],[128.874925190131,32.643044708767114],[128.857899,32.643409],[128.817716,32.63459],[128.815488,32.64681],[128.793224,32.652493],[128.779633,32.646796],[128.772227,32.631903],[128.79432482352172,32.60693304708971],[128.74673212061901,32.590790776004845],[128.736042,32.603494]]]}},{"type":"Feature","properties":{"id":"g-1593","category":14},"geometry":{"type":"Polygon","coordinates":[[[135.2991489540001,34.83421164500004],[135.76982296200003,34.906942180000044],[135.969989778,34.91576434500007],[136.03134129700004,34.890263782000034],[136.04938267900002,34.853767711000046],[136.04274416300007,34.80800675800003],[135.9986997310001,34.74102753300008],[135.86553022600003,34.592040816000065],[135.74379314500004,34.477694779000046],[135.50204020600006,34.30667679900006],[135.19558257300002,34.14547508800007],[135.18404543170286,34.158702473196755],[135.165855,34.186723],[135.15994041083226,34.18633898973204],[135.14202994063157,34.20687342562872],[135.14202994063157,34.206873425628736],[135.135427,34.227688],[135.119629,34.242202],[135.1006648156375,34.25464150893702],[135.1324449650001,34.31721349000003],[135.19645225892364,34.339365138954285],[135.208985,34.342278],[135.2127480027259,34.345004771159125],[135.22717820900004,34.34999877800004],[135.29580015200008,34.390833487000066],[135.36690923000003,34.450000749000026],[135.45413914900007,34.551101466000034],[135.45441694700003,34.63166006200004],[135.41794520100007,34.69331057100004],[135.33358811100004,34.718324144000064],[135.25479825938652,34.69920283926147],[135.25489,34.70091],[135.220067,34.690774],[135.22372199997687,34.68420904133047],[135.20494992749286,34.67540275935229],[135.204403,34.677261],[135.18603,34.674909],[135.183976,34.651156],[135.111312,34.640382],[135.09686681913269,34.63464958326471],[135.045769,34.624967],[135.016846,34.642156],[134.960297,34.643622],[134.937025,34.667369],[134.8615075597494,34.70607029923064],[134.86150755974936,34.70607029923066],[135.2991489540001,34.83421164500004]]]}},{"type":"Feature","properties":{"id":"g-1307","category":15},"geometry":{"type":"Polygon","coordinates":[[[141.51545464100002,43.60544007900006],[141.5837923480001,43.66811435000005],[141.636054542,43.73431918600005],[141.68185364800001,43.77602718000003],[141.79353969300007,43.82211119100003],[141.9055055550001,43.84671495600003],[142.00793823000004,43.85030096300005],[142.0841726100001,43.83028242000006],[142.16606127600005,43.78183185300003],[142.19265565500007,43.73258158500005],[142.20516432700003,43.66461505800004],[142.18127842900003,43.59740234800006],[142.06140456000003,43.421687475000056],[141.93101530400008,43.19192551800006],[141.86777904400003,42.99780638800007],[141.81676171542432,42.59966976143763],[141.726085,42.617174],[141.636485,42.61579],[141.6338434614169,42.61534480984461],[141.6302434480001,42.61527342000005],[141.55772800400007,42.60305109400008],[141.55299616595337,42.60171925833451],[141.549571,42.601142],[141.5303651952654,42.59534948540244],[141.42746022500012,42.56638558000003],[141.2575115740001,42.47735279700004],[141.20879934000004,42.61702821100005],[141.13618206800004,42.96827891000004],[141.1148529400001,43.14900221200003],[141.1588724490001,43.13777573500005],[141.20580566700005,43.14054667900007],[141.28802651800004,43.18638317700004],[141.29700381333595,43.193355631767226],[141.303966,43.197252],[141.37086,43.250718],[141.397472,43.279731],[141.40486227944075,43.29061908230768],[141.41498121600011,43.30249347800003],[141.4184162661324,43.310588140836366],[141.42335,43.317857],[141.440115,43.361721],[141.439708,43.407782],[141.427013,43.434556],[141.42506207187856,43.436730291377046],[141.424884302,43.437081661000036],[141.51545464100002,43.60544007900006]]]}},{"type":"Feature","properties":{"id":"g-1596","category":34},"geometry":{"type":"Polygon","coordinates":[[[129.368242,34.307432],[129.343833,34.300314],[129.324512,34.304593],[129.305464,34.324875],[129.320905,34.333849],[129.345064,34.327244],[129.347003,34.355852],[129.334596,34.360591],[129.316204,34.342496],[129.305104,34.343206],[129.309322,34.384402],[129.297384,34.377105],[129.287444,34.365768],[129.293398,34.349078],[129.286359,34.344008],[129.271992,34.356219],[129.24003290538397,34.35349155773602],[129.2462901911621,34.3687686387726],[129.259727,34.369553],[129.272349,34.375697],[129.2760005197428,34.44044414100236],[129.2760005197428,34.44044414100237],[129.29169,34.440756],[129.310867,34.460511],[129.308895,34.466841],[129.28048436017042,34.451261305601975],[129.304931,34.520287],[129.326119,34.535439],[129.325546,34.542327],[129.308456,34.560387],[129.3009570810372,34.558539142349126],[129.3349588100001,34.63388572700006],[129.36326488101443,34.647589781990874],[129.378337,34.644852],[129.3990781205481,34.66492834528776],[129.4638701130001,34.68943477500005],[129.4874763392286,34.675555763119156],[129.46912,34.652559],[129.487802,34.646006],[129.488278,34.635678],[129.480913,34.61991],[129.46646671337422,34.61967592375028],[129.461925,34.621894],[129.452647,34.619452],[129.478201,34.597113],[129.464241,34.554274],[129.446083,34.514776],[129.402326,34.481647],[129.379473,34.452623],[129.384288,34.424018],[129.361831,34.405486],[129.359464,34.390622],[129.375506,34.394416],[129.393181,34.4108],[129.384312,34.383416],[129.388145,34.366755],[129.39113894738955,34.363691711930656],[129.39636031700002,34.34860622900004],[129.368242,34.307432]]]}},{"type":"Feature","properties":{"id":"g-1533","category":15},"geometry":{"type":"Polygon","coordinates":[[[138.97855592700012,35.43839746400005],[138.96184460000006,35.526890011000035],[138.99498197000003,35.66848861700004],[139.07138458000009,35.81052368500008],[139.14697291900006,35.85088972300008],[139.2368473580001,35.93144748100008],[139.25488615900008,36.05040813000005],[139.21403289600005,36.16715102000006],[139.20270411100012,36.33469059200007],[139.2471214940001,36.43926930600003],[139.31459920600003,36.504499923000026],[139.39352974200006,36.562239748000025],[139.58508981400007,36.608678514000076],[139.65222072100005,36.66184995000003],[139.69710423000004,36.74404006000003],[139.71999160200005,36.816528051000034],[139.87118814400003,36.77518837200006],[139.9907387820001,36.72204935900004],[140.11308768300012,36.59806139500006],[140.1956805000001,36.53607517700004],[140.28254754800003,36.50065444400008],[140.4433790280001,36.48294034700007],[140.6192396546307,36.48294034700007],[140.57692993454265,36.30128148157102],[140.564107,36.283096],[140.566437,36.245837],[140.56666151526179,36.24424133057562],[140.57024638500002,36.18971477100007],[140.59164727200005,36.09916322000004],[140.63051565600006,36.031666511000026],[140.829952745,35.75138821100006],[140.82604640672514,35.71355692304814],[140.803144,35.709371],[140.720789,35.682517],[140.716261,35.698791],[140.661056,35.688635],[140.596162,35.652075],[140.483467,35.565991],[140.42322,35.490644],[140.385919,35.380999],[140.413097,35.301215],[140.394195,35.196592],[140.37763,35.176357],[140.348935,35.180516],[140.33048,35.157783],[140.3320309724356,35.14995203515089],[140.321214,35.130394],[140.303349,35.133403],[140.294368,35.146639],[140.27891,35.131988],[140.253325,35.134624],[140.237381,35.11243],[140.134603,35.122645],[140.105953,35.097603],[140.100805,35.075751],[140.06772812156893,35.05911303231663],[140.055537,35.058868],[139.990968,35.020502],[139.980573,35.007514],[139.97751563429355,34.99823039453995],[139.964064,34.97596],[139.962139,34.940851],[139.926396,34.907357],[139.87693042293765,34.90297733433977],[139.870644,34.904727],[139.8431,34.899982],[139.821984,34.91211],[139.824965,34.921371],[139.823182,34.934922],[139.810831,34.94354],[139.778812,34.954139],[139.76928027705833,34.95507609532083],[139.7727640710001,34.96527230300006],[139.85913285800007,34.98416429200006],[139.86253387859583,34.98892751337957],[139.865489,34.990546],[139.869965,34.999335],[139.867686,35.013332],[139.8656787949063,35.01461446667831],[139.8361579007366,35.11985056922569],[139.836436,35.135199],[139.8292642315109,35.14442512572092],[139.82357404900006,35.16470949200004],[139.83221771042778,35.20376243780671],[139.865151,35.224099],[139.866327,35.246205],[139.8488440010001,35.27888171800004],[139.96969964700008,35.43027632400003],[140.113280228,35.54971864400005],[140.0797793796326,35.602571155808576],[140.0796,35.603583],[140.07866856907077,35.60432362272203],[140.06415561100005,35.62721994700007],[140.02371454820164,35.64802004211855],[140.00895,35.65976],[140.00340616581997,35.65846527416765],[139.983614,35.668645],[139.950414,35.672592],[139.920532,35.662067],[139.9258994633825,35.65497237837362],[139.8198779622167,35.63805409765303],[139.806825,35.638193],[139.80604244959383,35.635846308818756],[139.77529147391016,35.630939250973626],[139.775625,35.641104],[139.765272,35.65351],[139.758162,35.631564],[139.78028433197352,35.50390320260181],[139.7526937598264,35.48695997519419],[139.651622,35.464586],[139.642302,35.454261],[139.6365885500029,35.40213217104166],[139.635792,35.401632],[139.63639651217085,35.40038004101436],[139.63471015100004,35.38499388500003],[139.648358,35.297891],[139.65720425900008,35.28137749000007],[139.687467039,35.26333060800005],[139.745453,35.248969],[139.725922,35.233303],[139.7318832638893,35.22321542963157],[139.7222662571331,35.20738493611556],[139.688796,35.209134],[139.666456,35.193893],[139.660589,35.178232],[139.68092018392264,35.13932542857197],[139.65364806045028,35.13707926491156],[139.641514,35.139634],[139.63269598639417,35.1353536278374],[139.616285,35.134002],[139.62411215100008,35.17749387900005],[139.6151293886644,35.20772043507692],[139.623959,35.211617],[139.619918,35.21974],[139.61624439603023,35.220798619829445],[139.560681,35.286928],[139.54851298138053,35.287909085834386],[139.544178,35.307893],[139.51128730298942,35.303678296850016],[139.506671,35.304173],[139.486664,35.300523],[139.466914,35.313319],[139.414856,35.318815],[139.233367,35.285324],[139.183538,35.263267],[139.15207964737817,35.239795240134214],[139.05575192600008,35.32336270400003],[138.97855592700012,35.43839746400005]]]}},{"type":"Feature","properties":{"id":"g-1327","category":34},"geometry":{"type":"MultiPolygon","coordinates":[[[[140.66186565502355,43.266928439870846],[140.668793,43.260321],[140.68922,43.248358],[140.70166412550947,43.24406503184312],[140.80304312200008,43.18582487000003],[141.01912975300002,43.17388456700007],[141.1148529400001,43.14900221200003],[141.13618206800004,42.96827891000004],[141.20879934000004,42.61702821100005],[141.2575115740001,42.47735279700004],[141.1750249192942,42.43482331792687],[141.168712,42.433295],[141.091563,42.391791],[141.073253,42.377143],[141.04842380219623,42.35030998684177],[141.0244086020001,42.32721788300006],[140.977724351443,42.32721788300006],[140.984141,42.329047],[140.986827,42.33983],[140.97462,42.346625],[140.97042254709876,42.34762502202916],[140.917979,42.372545],[140.901378,42.420844],[140.884433929,42.44110182800006],[140.733653,42.564154],[140.68629,42.579169],[140.662934,42.57982],[140.6576669058911,42.579169],[140.53744555773764,42.579169],[140.525645,42.580634],[140.500662,42.579169],[140.4616407410001,42.56777383000008],[140.417003,42.538153],[140.38087,42.505072],[140.32545,42.432807],[140.303966,42.392971],[140.29334380490823,42.36340896352003],[140.28478659400002,42.34491242000007],[140.28301139139452,42.314480521966395],[140.281505,42.304836],[140.28225558735076,42.3015239436455],[140.2802708800001,42.26750055300005],[140.30304169200008,42.237214797000036],[140.427457483,42.18999267200007],[140.52846101169288,42.11327480423034],[140.530284,42.111762],[140.53058621208874,42.11166059485505],[140.53497262400003,42.10832886800006],[140.54234652067993,42.10771450586078],[140.548839,42.105536],[140.55775359110896,42.10643085338235],[140.58829164300005,42.10388655100007],[140.7049497480001,42.126383228000066],[140.73467819200005,42.12026876900006],[140.77191573900006,42.09527050200006],[140.7866320673338,42.07926017234648],[140.789317,42.07453],[140.837087,42.023627],[140.83869276521855,42.02262179650789],[140.85080727900004,42.00944205800005],[140.97357320900005,41.905821229000026],[141.0138909740001,41.88721623300006],[141.0932816710001,41.87555332300008],[141.19903842572677,41.79867659418934],[141.15040603232313,41.78654911642746],[141.143565,41.785793],[141.121593,41.779364],[141.104015,41.770413],[141.043305,41.723863],[141.006358,41.712144],[140.92544115976423,41.73660013964511],[140.874278,41.758246],[140.823985,41.770697],[140.8128406449166,41.77063228804834],[140.72996311941813,41.80350829123671],[140.727224,41.811347],[140.708995,41.824408],[140.684825,41.829901],[140.660411,41.827135],[140.641612,41.81509],[140.63871447187702,41.8100655268622],[140.62661026000012,41.80054268900005],[140.60407985955143,41.736202685906584],[140.54477,41.712592],[140.523448,41.698676],[140.452891,41.681057],[140.45248314131067,41.6803004899275],[140.450258232,41.67972437600008],[140.44295847274464,41.662633812973276],[140.433279,41.64468],[140.43372752168148,41.641021846684644],[140.43245777800007,41.638049059000025],[140.4409799941018,41.55694182399331],[140.432384,41.530829],[140.400645,41.513007],[140.274669,41.482367],[140.26751049150388,41.476985116583165],[140.26220515700004,41.475549665000074],[140.25317052012286,41.466204092265656],[140.241222,41.457221],[140.225841,41.437934],[140.20710468747276,41.40132121179671],[140.137462,41.420966],[140.08839,41.416815],[140.038259,41.442572],[140.0186671221294,41.489232261239344],[140.014008,41.502875],[140.00874123743876,41.512871872294205],[139.979828,41.581732],[139.99163103910826,41.6153237029926],[140.003429,41.63467],[140.0173776935645,41.6885992349648],[140.01913736300003,41.693607292000024],[140.11718291670772,41.80452113711255],[140.117686,41.804511],[140.12672,41.814032],[140.12694581798297,41.81556540050791],[140.12939128200003,41.818331827000065],[140.14347808972036,41.87858423209879],[140.14503,41.879584],[140.14610119073697,41.889803817700205],[140.151703,41.913764],[140.14006382204616,41.97124832346976],[140.14503,41.982652],[140.07257634211865,42.06438205245641],[140.061046,42.080024],[140.05383125767523,42.08552710958202],[140.04912816600006,42.09083234800005],[140.04445405176185,42.09267965771077],[140.027599,42.105536],[139.927501,42.138902],[139.883637,42.194973],[139.843435,42.208564],[139.787446,42.246772],[139.7691386140001,42.31526988200005],[139.82775896400005,42.40248831500003],[139.83059766007682,42.41116471534392],[139.836762,42.423896],[139.84962,42.469306],[139.849294,42.514146],[139.832774,42.588813],[139.843435,42.626939],[139.87559907298797,42.66191379605921],[139.917247,42.677232],[140.04303138700004,42.68221553600006],[140.2199715920001,42.79860497900006],[140.23996769589417,42.7801526254685],[140.245779,42.772935],[140.260753,42.760972],[140.281505,42.75727],[140.303233,42.769721],[140.309906,42.793199],[140.31156604675223,42.81340510325651],[140.337413,42.834133],[140.37662504200011,42.89166402400008],[140.4930971736464,42.97496543287254],[140.503184,42.980048],[140.51455289720798,42.99031066589779],[140.52887270100007,43.00055225600005],[140.52491676543056,43.00837287114579],[140.52711,43.015448],[140.5123480821833,43.03322030175702],[140.487315,43.082709],[140.43922,43.134019],[140.4324253100598,43.13939472760952],[140.42162674400004,43.150546632000044],[140.338064,43.210517],[140.329356,43.250718],[140.3583040860001,43.31888331500005],[140.40467173455897,43.32474085621959],[140.409516,43.324693],[140.43393,43.328437],[140.452891,43.338853],[140.46406196794814,43.365587190659596],[140.491637673,43.36472093700007],[140.66186565502355,43.266928439870846]]],[[[140.936046,42.332709],[140.97124849290262,42.32721788300006],[140.9329902759334,42.32721788300006],[140.936046,42.332709]]]]}},{"type":"Feature","properties":{"id":"g-1760","category":34},"geometry":{"type":"Polygon","coordinates":[[[129.024262,27.756578],[129.000255,27.727729],[128.989513,27.707465],[128.947032,27.681383],[128.929454,27.686713],[128.916352,27.722357],[128.8969173843521,27.72757877201727],[128.899262,27.769517],[128.8810683590001,27.81944186100003],[128.88713902901975,27.849091616184456],[128.88852,27.853176],[128.89035833702155,27.864815036137635],[128.89604510522517,27.89258977673159],[128.95634510387413,27.90416049698961],[128.97364569971515,27.85452413807709],[128.977306,27.836615],[128.98878,27.811103],[129.02733932946623,27.77918323513926],[129.024262,27.756578]]]}},{"type":"Feature","properties":{"id":"g-1654","category":34},"geometry":{"type":"MultiPolygon","coordinates":[[[[129.0524394602127,32.820599094943596],[129.04699926710035,32.839657773369595],[129.04713,32.841457],[129.040414,32.862728],[129.04782,32.909965],[129.033051,32.933336],[129.024262,32.937893],[129.01284695874264,32.94036648381669],[129.054454,32.979315],[129.06736055241544,33.022018674242226],[129.067645,33.019116],[129.083995,33.023383],[129.084321,33.043199],[129.08145967226835,33.05489136299009],[129.101725,33.082973],[129.106619,33.101188],[129.10166604303996,33.109350684147586],[129.11670916912533,33.14523759733468],[129.108594,33.122418],[129.123911,33.109173],[129.102712,33.054493],[129.097254,33.018106],[129.09795805561885,32.98963944768186],[129.0974751990001,32.98305229300007],[129.12580484000011,32.97999150100003],[129.17412834500172,32.99860121805665],[129.18269490709054,32.984865727996805],[129.175955,32.966986],[129.156325,32.95849],[129.14708408471753,32.948666298151586],[129.12902057347432,32.93720430821904],[129.117543,32.935841],[129.100352,32.919013],[129.092537,32.906608],[129.090551,32.89148],[129.09696350972098,32.86067600601879],[129.06792,32.861183],[129.061495,32.848384],[129.06701541482116,32.84132728309559],[129.066068964,32.82055261200003],[129.0524394602127,32.820599094943596]]],[[[129.020681,32.916693],[129.02896912430114,32.877865510196955],[129.00995178129784,32.924266851257684],[129.020681,32.916693]]]]}},{"type":"Feature","properties":{"id":"g-1359","category":34},"geometry":{"type":"Polygon","coordinates":[[[139.520681,42.174506],[139.513682,42.148179],[139.508962,42.100816],[139.493907,42.078843],[139.455333,42.051581],[139.445649,42.054836],[139.429454,42.073798],[139.432384,42.08511],[139.42736799211326,42.09714704936971],[139.425059,42.122992],[139.422699,42.131496],[139.41899480306125,42.13619518027406],[139.410818,42.153998],[139.42554054100003,42.191660805000026],[139.4465294316711,42.212306662564636],[139.4465294316711,42.21230666256464],[139.4713751702934,42.218260882919],[139.497325,42.222235],[139.5080261341946,42.227044196572294],[139.5516374980001,42.23749555300003],[139.56297871080216,42.22931388525543],[139.520681,42.174506]]]}},{"type":"Feature","properties":{"id":"g-1551","category":34},"geometry":{"type":"Polygon","coordinates":[[[133.381847,36.257717],[133.379242,36.208238],[133.360199,36.191636],[133.35255,36.203518],[133.343516,36.204332],[133.334321,36.198879],[133.32602,36.191636],[133.341319,36.175035],[133.32602,36.158149],[133.278331,36.164984],[133.256358,36.164984],[133.187755,36.216132],[133.19612142897174,36.27668849683704],[133.2522558022595,36.32066124465255],[133.31387177200008,36.31833000300003],[133.32731546667802,36.30879039939007],[133.329438,36.304918],[133.33753115449926,36.301541379328825],[133.36181476651075,36.284309804352084],[133.381847,36.257717]]]}},{"type":"Feature","properties":{"id":"g-1671","category":34},"geometry":{"type":"Polygon","coordinates":[[[130.4437679101167,32.49775449099175],[130.434825,32.492743],[130.41367111665534,32.44459313040662],[130.38261479375686,32.389736908524554],[130.362315,32.374986],[130.3586950409403,32.396011105473285],[130.358653,32.412909],[130.353852,32.42414],[130.34311,32.42182],[130.324474,32.409817],[130.284434,32.407538],[130.241954,32.395494],[130.213064,32.43651],[130.21357041077457,32.448873530418474],[130.2297670469362,32.45924791585891],[130.247895,32.464586],[130.26617817488395,32.48257023241168],[130.28798453469273,32.49653779823533],[130.3685620110001,32.52221494200006],[130.383311,32.509426],[130.391775,32.508734],[130.39244597534775,32.50884033867901],[130.44802667800002,32.50527695000005],[130.4437679101167,32.49775449099175]]]}},{"type":"Feature","properties":{"id":"g-1328","category":14},"geometry":{"type":"Polygon","coordinates":[[[143.48439347740393,42.49738176968409],[143.44809,42.455024],[143.43791920856935,42.441082912059734],[143.3861131000001,42.37832507200005],[143.3534010383629,42.32523398806686],[143.348969,42.319159],[143.34758211848907,42.315789986436855],[143.33442656300008,42.29443875800007],[143.10503202200005,42.46114013500005],[142.8737891070001,42.76901786900004],[142.7749236290001,42.95052970300003],[142.74260646800008,43.03698708400003],[142.7414125900001,43.10583335800004],[142.77213832600012,43.17591806900003],[142.8300139050001,43.23679587500004],[142.9433364040001,43.289311819000034],[143.05851511700007,43.328022031000046],[143.1342133070001,43.34364621000003],[143.21246837800004,43.33437682200008],[143.29041725700006,43.288761571000066],[143.36271850800006,43.22019631300003],[143.39372186800006,43.17240121400005],[143.45329451100008,42.98160032000004],[143.50005507700007,42.89365993100006],[143.59976724700005,42.789474159000065],[143.71106929777764,42.70695086579527],[143.638845,42.661078],[143.575206,42.603339],[143.55289040474523,42.577301856680414],[143.5399777130001,42.564716427000064],[143.48439347740393,42.49738176968409]]]}},{"type":"Feature","properties":{"id":"g-1634","category":24},"geometry":{"type":"Polygon","coordinates":[[[130.154091235,33.12031704100008],[130.14091758000006,33.21291555800008],[130.16906076100008,33.281826643000045],[130.22592052700008,33.361113432000025],[130.32735926700002,33.42904852500004],[130.45770054000002,33.493548528000076],[130.7444454580001,33.56334706200005],[130.98044649700012,33.772122859000035],[131.02718563700012,33.69915687800005],[131.06322615347347,33.655855862484756],[131.064464,33.653266],[131.07410041669576,33.642790937600715],[131.101624699,33.609721784000044],[131.1949109950001,33.60711377200005],[131.27609350800003,33.56944248600007],[131.4180321760001,33.56554656600008],[131.45746102400005,33.58860413000008],[131.5077497860001,33.66249378200007],[131.58995964200005,33.679993222000064],[131.66970673800006,33.647491675000026],[131.7372982230458,33.558720877683584],[131.73488943425076,33.52706699637161],[131.729109,33.512548],[131.73282055875796,33.499879914036455],[131.73073183007156,33.472431940985246],[131.709282,33.432638],[131.70875418027944,33.42863376056023],[131.7013505320001,33.41387939300006],[131.6934609400454,33.40808066099431],[131.658702,33.422838],[131.64031,33.416571],[131.635427,33.40233],[131.63718349545164,33.39319109008789],[131.634613,33.373969],[131.601085,33.364936],[131.59577396927804,33.34936534070152],[131.556163,33.346381],[131.532981,33.366113],[131.506029,33.363074],[131.498385,33.340666],[131.51038,33.273404],[131.51739587591317,33.26868375710756],[131.5193521770001,33.261276474000056],[131.5788601700001,33.24554589500008],[131.67917703700004,33.23916069200004],[131.6415868030001,33.20112114500006],[131.56308011900012,33.158310304000054],[131.45191657300006,33.02311626900007],[131.34220057700009,32.858111206000046],[131.26350552400004,32.78217297700007],[131.1650497810001,32.733530331000054],[130.96041961600008,32.73840224300005],[130.86782349400005,32.76703805500006],[130.79582142100003,32.74664082400005],[130.72058023700004,32.702175827000076],[130.6550661404967,32.64854836640535],[130.641449,32.648342],[130.55532885230576,32.63446778707554],[130.5553288523057,32.634467787075536],[130.47106393,32.64110890200004],[130.50756032208608,32.66093543096577],[130.5442,32.676703],[130.561144649709,32.69004491721909],[130.576508,32.698391],[130.59197,32.697211],[130.625987,32.704006],[130.625987,32.711412],[130.61242324939073,32.71621566299371],[130.60332059250203,32.72440958930215],[130.61035177374953,32.77795048908927],[130.613048,32.781236],[130.611339,32.785468],[130.593028,32.815863],[130.49888629765834,32.88397111668913],[130.470225,32.909735],[130.4495420380303,32.919669903826936],[130.43037953666948,32.9685495294046],[130.43054954100012,33.043056695000075],[130.420665,33.087592],[130.364757,33.140326],[130.2845187172883,33.15492129471671],[130.28451871728822,33.15492129471678],[130.258149,33.178656],[130.241396,33.188234],[130.2256134207015,33.16768393024082],[130.211087463,33.170831177000025],[130.154091235,33.12031704100008]]]}},{"type":"Feature","properties":{"id":"g-1600","category":34},"geometry":{"type":"Polygon","coordinates":[[[134.8982765333635,34.357512595318255],[134.899675,34.349036],[134.904084675221,34.34617894498487],[134.9216325540001,34.311937095000076],[134.95134760100007,34.28027067700003],[134.95079773619847,34.26755999303624],[134.93592871640473,34.262353155080184],[134.90947,34.25718],[134.88493600345404,34.24449651106753],[134.833858,34.22661],[134.80005,34.200754],[134.74105635725647,34.191481177212374],[134.72687,34.20997],[134.702163,34.221199],[134.723888,34.252631],[134.688114,34.24358],[134.66061789621205,34.27983675489927],[134.69263685130196,34.32605993707137],[134.705156,34.323168],[134.720814,34.329789],[134.77829575201164,34.41585862189503],[134.82126837388495,34.459338046245065],[134.850434,34.475735],[134.87496820900003,34.51167138100004],[134.92290575042077,34.54490682143668],[134.93811,34.550906],[134.94722880513373,34.56177016928872],[134.98272808500008,34.58638207400003],[135.0180363490001,34.592769289000046],[135.02787556909638,34.57656210259723],[135.003277,34.551575],[134.984141,34.505764],[134.956301,34.484877],[134.902973,34.419006],[134.89358615900005,34.36666510300006],[134.8982765333635,34.357512595318255]]]}},{"type":"Feature","properties":{"id":"g-1743","category":34},"geometry":{"type":"MultiPolygon","coordinates":[[[[129.46794495303473,28.215764834353507],[129.406505,28.184475],[129.401541,28.163316],[129.388682,28.162828],[129.371104,28.167222],[129.351817,28.160549],[129.374522,28.140041],[129.375987,28.119574],[129.35117403885656,28.135777192688938],[129.337576,28.147528],[129.286632,28.177924],[129.280772,28.218573],[129.269298,28.229438],[129.256358,28.214667],[129.242442,28.214301],[129.207856,28.229438],[129.158946,28.240627],[129.145763,28.256171],[129.1744341542972,28.259833710526127],[129.180512,28.256171],[129.208832,28.264228],[129.241384,28.256334],[129.270844,28.255357],[129.290375,28.284084],[129.253673,28.284573],[129.22804733110382,28.304187335119938],[129.35890878432988,28.36644421639422],[129.380626,28.366767],[129.399587,28.371731],[129.4170252433337,28.392055576517112],[129.432302,28.386908],[129.450938,28.392035],[129.466156,28.404853],[129.4694403752177,28.410723874274517],[129.47722159232512,28.418583523995824],[129.482432,28.411038],[129.516368,28.393297],[129.533458,28.430487],[129.62161817800006,28.476942644000076],[129.613943,28.447984],[129.616466,28.438544],[129.632498,28.434882],[129.644054,28.439765],[129.6640368738769,28.46907357880743],[129.69046099700006,28.497720210000068],[129.7085948549738,28.463933986121454],[129.711436,28.455634],[129.71554219220042,28.450990006344046],[129.71554219220042,28.45099000634402],[129.715994,28.429145],[129.693858,28.428697],[129.681651,28.421088],[129.619314,28.400784],[129.59194193553967,28.375039355593955],[129.581554,28.370673],[129.57240112182168,28.35666035092287],[129.498871,28.287502],[129.4671320498298,28.28961126527613],[129.461192,28.291693],[129.447439,28.29092],[129.454845,28.277248],[129.447765,28.266303],[129.420177,28.249945],[129.46794495303473,28.215764834353514],[129.46794495303473,28.215764834353507]]],[[[129.269298,28.174872],[129.26777624384601,28.172941857240527],[129.26517934546106,28.174406304652575],[129.269298,28.174872]]]]}}]}
