"REF_DATE","GEO","DGUID","Age (15C)","Gender (3)","Statistics (2)","Religion (25)","UOM","UOM_ID","SCALAR_FACTOR","SCALAR_ID","VECTOR","COORDINATE","VALUE","STATUS","SYMBOL","TERMINATED","DECIMALS"
"2021","Canada","2021A000011124","Total - Age","Total - Gender","2021 Counts","Total - Religion","","0","units","0","","1.1.1.1.1","36328480","","","","0"
"2021","Canada","2021A000011124","Total - Age","Total - Gender","2021 Counts","Buddhist","","0","units","0","","1.1.1.1.2","356975","","","","0"
"2021","Canada","2021A000011124","Total - Age","Total - Gender","2021 Counts","Christian","","0","units","0","","1.1.1.1.3","19373330","","","","0"
"2021","Canada","2021A000011124","Total - Age","Total - Gender","2021 Counts","Christian, n.o.s.","","0","units","0","","1.1.1.1.4","2760755","","","","0"
"2021","Canada","2021A000011124","Total - Age","Total - Gender","2021 Counts","Anabaptist","","0","units","0","","1.1.1.1.5","144140","","","","0"
"2021","Canada","2021A000011124","Total - Age","Total - Gender","2021 Counts","Anglican","","0","units","0","","1.1.1.1.6","1134310","","","","0"
"2021","Canada","2021A000011124","Total - Age","Total - Gender","2021 Counts","Baptist","","0","units","0","","1.1.1.1.7","436940","","","","0"
"2021","Canada","2021A000011124","Total - Age","Total - Gender","2021 Counts","Catholic","","0","units","0","","1.1.1.1.8","10880355","","","","0"
"2021","Canada","2021A000011124","Total - Age","Total - Gender","2021 Counts","Christian Orthodox","","0","units","0","","1.1.1.1.9","623005","","","","0"
"2021","Canada","2021A000011124","Total - Age","Total - Gender","2021 Counts","Jehovah's Witness","","0","units","0","","1.1.1.1.10","137255","","","","0"
"2021","Canada","2021A000011124","Total - Age","Total - Gender","2021 Counts","Latter Day Saints","","0","units","0","","1.1.1.1.11","87725","","","","0"
"2021","Canada","2021A000011124","Total - Age","Total - Gender","2021 Counts","Lutheran","","0","units","0","","1.1.1.1.12","328045","","","","0"
"2021","Canada","2021A000011124","Total - Age","Total - Gender","2021 Counts","Methodist and Wesleyan (Holiness)","","0","units","0","","1.1.1.1.13","100655","","","","0"
"2021","Canada","2021A000011124","Total - Age","Total - Gender","2021 Counts","Pentecostal and other Charismatic","","0","units","0","","1.1.1.1.14","399030","","","","0"
"2021","Canada","2021A000011124","Total - Age","Total - Gender","2021 Counts","Presbyterian","","0","units","0","","1.1.1.1.15","301400","","","","0"
"2021","Canada","2021A000011124","Total - Age","Total - Gender","2021 Counts","Reformed","","0","units","0","","1.1.1.1.16","79870","","","","0"
"2021","Canada","2021A000011124","Total - Age","Total - Gender","2021 Counts","United Church","","0","units","0","","1.1.1.1.17","1214185","","","","0"
"2021","Canada","2021A000011124","Total - Age","Total - Gender","2021 Counts","Other Christian and Christian-related traditions","","0","units","0","","1.1.1.1.18","745645","","","","0"
"2021","Canada","2021A000011124","Total - Age","Total - Gender","2021 Counts","Hindu","","0","units","0","","1.1.1.1.19","828195","","","","0"
"2021","Canada","2021A000011124","Total - Age","Total - Gender","2021 Counts","Jewish","","0","units","0","","1.1.1.1.20","335295","","","","0"
"2021","Canada","2021A000011124","Total - Age","Total - Gender","2021 Counts","Muslim","","0","units","0","","1.1.1.1.21","1775715","","","","0"
"2021","Canada","2021A000011124","Total - Age","Total - Gender","2021 Counts","Sikh","","0","units","0","","1.1.1.1.22","771790","","","","0"
"2021","Canada","2021A000011124","Total - Age","Total - Gender","2021 Counts","Traditional (North American Indigenous) spirituality","","0","units","0","","1.1.1.1.23","80690","","","","0"
"2021","Canada","2021A000011124","Total - Age","Total - Gender","2021 Counts","Other religions and spiritual traditions","","0","units","0","","1.1.1.1.24","229015","","","","0"
"2021","Canada","2021A000011124","Total - Age","Total - Gender","2021 Counts","No religion and secular perspectives","","0","units","0","","1.1.1.1.25","12577475","","","","0"
"2021","St. John's (CMA), N.L.","2021S0503001","Total - Age","Total - Gender","2021 Counts","Total - Religion","","0","units","0","","6.1.1.1.1","208820","","","","0"
"2021","St. John's (CMA), N.L.","2021S0503001","Total - Age","Total - Gender","2021 Counts","Buddhist","","0","units","0","","6.1.1.1.2","360","","","","0"
"2021","St. John's (CMA), N.L.","2021S0503001","Total - Age","Total - Gender","2021 Counts","Christian","","0","units","0","","6.1.1.1.3","158570","","","","0"
"2021","St. John's (CMA), N.L.","2021S0503001","Total - Age","Total - Gender","2021 Counts","Christian, n.o.s.","","0","units","0","","6.1.1.1.4","6915","","","","0"
"2021","St. John's (CMA), N.L.","2021S0503001","Total - Age","Total - Gender","2021 Counts","Anabaptist","","0","units","0","","6.1.1.1.5","35","","","","0"
"2021","St. John's (CMA), N.L.","2021S0503001","Total - Age","Total - Gender","2021 Counts","Anglican","","0","units","0","","6.1.1.1.6","34810","","","","0"
"2021","St. John's (CMA), N.L.","2021S0503001","Total - Age","Total - Gender","2021 Counts","Baptist","","0","units","0","","6.1.1.1.7","630","","","","0"
"2021","St. John's (CMA), N.L.","2021S0503001","Total - Age","Total - Gender","2021 Counts","Catholic","","0","units","0","","6.1.1.1.8","81480","","","","0"
"2021","St. John's (CMA), N.L.","2021S0503001","Total - Age","Total - Gender","2021 Counts","Christian Orthodox","","0","units","0","","6.1.1.1.9","495","","","","0"
"2021","St. John's (CMA), N.L.","2021S0503001","Total - Age","Total - Gender","2021 Counts","Jehovah's Witness","","0","units","0","","6.1.1.1.10","575","","","","0"
"2021","St. John's (CMA), N.L.","2021S0503001","Total - Age","Total - Gender","2021 Counts","Latter Day Saints","","0","units","0","","6.1.1.1.11","105","","","","0"
"2021","St. John's (CMA), N.L.","2021S0503001","Total - Age","Total - Gender","2021 Counts","Lutheran","","0","units","0","","6.1.1.1.12","170","","","","0"
"2021","St. John's (CMA), N.L.","2021S0503001","Total - Age","Total - Gender","2021 Counts","Methodist and Wesleyan (Holiness)","","0","units","0","","6.1.1.1.13","5970","","","","0"
"2021","St. John's (CMA), N.L.","2021S0503001","Total - Age","Total - Gender","2021 Counts","Pentecostal and other Charismatic","","0","units","0","","6.1.1.1.14","4440","","","","0"
"2021","St. John's (CMA), N.L.","2021S0503001","Total - Age","Total - Gender","2021 Counts","Presbyterian","","0","units","0","","6.1.1.1.15","830","","","","0"
"2021","St. John's (CMA), N.L.","2021S0503001","Total - Age","Total - Gender","2021 Counts","Reformed","","0","units","0","","6.1.1.1.16","15","","","","0"
"2021","St. John's (CMA), N.L.","2021S0503001","Total - Age","Total - Gender","2021 Counts","United Church","","0","units","0","","6.1.1.1.17","20330","","","","0"
"2021","St. John's (CMA), N.L.","2021S0503001","Total - Age","Total - Gender","2021 Counts","Other Christian and Christian-related traditions","","0","units","0","","6.1.1.1.18","1780","","","","0"
"2021","St. John's (CMA), N.L.","2021S0503001","Total - Age","Total - Gender","2021 Counts","Hindu","","0","units","0","","6.1.1.1.19","945","","","","0"
"2021","St. John's (CMA), N.L.","2021S0503001","Total - Age","Total - Gender","2021 Counts","Jewish","","0","units","0","","6.1.1.1.20","205","","","","0"
"2021","St. John's (CMA), N.L.","2021S0503001","Total - Age","Total - Gender","2021 Counts","Muslim","","0","units","0","","6.1.1.1.21","3345","","","","0"
"2021","St. John's (CMA), N.L.","2021S0503001","Total - Age","Total - Gender","2021 Counts","Sikh","","0","units","0","","6.1.1.1.22","530","","","","0"
"2021","St. John's (CMA), N.L.","2021S0503001","Total - Age","Total - Gender","2021 Counts","Traditional (North American Indigenous) spirituality","","0","units","0","","6.1.1.1.23","25","","","","0"
"2021","St. John's (CMA), N.L.","2021S0503001","Total - Age","Total - Gender","2021 Counts","Other religions and spiritual traditions","","0","units","0","","6.1.1.1.24","665","","","","0"
"2021","St. John's (CMA), N.L.","2021S0503001","Total - Age","Total - Gender","2021 Counts","No religion and secular perspectives","","0","units","0","","6.1.1.1.25","44180","","","","0"
"2021","Halifax (CMA), N.S.","2021S0503205","Total - Age","Total - Gender","2021 Counts","Total - Religion","","0","units","0","","12.1.1.1.1","461140","","","","0"
"2021","Halifax (CMA), N.S.","2021S0503205","Total - Age","Total - Gender","2021 Counts","Buddhist","","0","units","0","","12.1.1.1.2","2205","","","","0"
"2021","Halifax (CMA), N.S.","2021S0503205","Total - Age","Total - Gender","2021 Counts","Christian","","0","units","0","","12.1.1.1.3","245770","","","","0"
"2021","Halifax (CMA), N.S.","2021S0503205","Total - Age","Total - Gender","2021 Counts","Christian, n.o.s.","","0","units","0","","12.1.1.1.4","23815","","","","0"
"2021","Halifax (CMA), N.S.","2021S0503205","Total - Age","Total - Gender","2021 Counts","Anabaptist","","0","units","0","","12.1.1.1.5","315","","","","0"
"2021","Halifax (CMA), N.S.","2021S0503205","Total - Age","Total - Gender","2021 Counts","Anglican","","0","units","0","","12.1.1.1.6","39105","","","","0"
"2021","Halifax (CMA), N.S.","2021S0503205","Total - Age","Total - Gender","2021 Counts","Baptist","","0","units","0","","12.1.1.1.7","16950","","","","0"
"2021","Halifax (CMA), N.S.","2021S0503205","Total - Age","Total - Gender","2021 Counts","Catholic","","0","units","0","","12.1.1.1.8","107485","","","","0"
"2021","Halifax (CMA), N.S.","2021S0503205","Total - Age","Total - Gender","2021 Counts","Christian Orthodox","","0","units","0","","12.1.1.1.9","3680","","","","0"
"2021","Halifax (CMA), N.S.","2021S0503205","Total - Age","Total - Gender","2021 Counts","Jehovah's Witness","","0","units","0","","12.1.1.1.10","1610","","","","0"
"2021","Halifax (CMA), N.S.","2021S0503205","Total - Age","Total - Gender","2021 Counts","Latter Day Saints","","0","units","0","","12.1.1.1.11","670","","","","0"
"2021","Halifax (CMA), N.S.","2021S0503205","Total - Age","Total - Gender","2021 Counts","Lutheran","","0","units","0","","12.1.1.1.12","1535","","","","0"
"2021","Halifax (CMA), N.S.","2021S0503205","Total - Age","Total - Gender","2021 Counts","Methodist and Wesleyan (Holiness)","","0","units","0","","12.1.1.1.13","2195","","","","0"
"2021","Halifax (CMA), N.S.","2021S0503205","Total - Age","Total - Gender","2021 Counts","Pentecostal and other Charismatic","","0","units","0","","12.1.1.1.14","3865","","","","0"
"2021","Halifax (CMA), N.S.","2021S0503205","Total - Age","Total - Gender","2021 Counts","Presbyterian","","0","units","0","","12.1.1.1.15","4320","","","","0"
"2021","Halifax (CMA), N.S.","2021S0503205","Total - Age","Total - Gender","2021 Counts","Reformed","","0","units","0","","12.1.1.1.16","285","","","","0"
"2021","Halifax (CMA), N.S.","2021S0503205","Total - Age","Total - Gender","2021 Counts","United Church","","0","units","0","","12.1.1.1.17","31435","","","","0"
"2021","Halifax (CMA), N.S.","2021S0503205","Total - Age","Total - Gender","2021 Counts","Other Christian and Christian-related traditions","","0","units","0","","12.1.1.1.18","8505","","","","0"
"2021","Halifax (CMA), N.S.","2021S0503205","Total - Age","Total - Gender","2021 Counts","Hindu","","0","units","0","","12.1.1.1.19","6855","","","","0"
"2021","Halifax (CMA), N.S.","2021S0503205","Total - Age","Total - Gender","2021 Counts","Jewish","","0","units","0","","12.1.1.1.20","1775","","","","0"
"2021","Halifax (CMA), N.S.","2021S0503205","Total - Age","Total - Gender","2021 Counts","Muslim","","0","units","0","","12.1.1.1.21","13265","","","","0"
"2021","Halifax (CMA), N.S.","2021S0503205","Total - Age","Total - Gender","2021 Counts","Sikh","","0","units","0","","12.1.1.1.22","3540","","","","0"
"2021","Halifax (CMA), N.S.","2021S0503205","Total - Age","Total - Gender","2021 Counts","Traditional (North American Indigenous) spirituality","","0","units","0","","12.1.1.1.23","380","","","","0"
"2021","Halifax (CMA), N.S.","2021S0503205","Total - Age","Total - Gender","2021 Counts","Other religions and spiritual traditions","","0","units","0","","12.1.1.1.24","3455","","","","0"
"2021","Halifax (CMA), N.S.","2021S0503205","Total - Age","Total - Gender","2021 Counts","No religion and secular perspectives","","0","units","0","","12.1.1.1.25","183885","","","","0"
"2021","Fredericton (CMA), N.B.","2021S0503320","Total - Age","Total - Gender","2021 Counts","Total - Religion","","0","units","0","","22.1.1.1.1","107165","","","","0"
"2021","Fredericton (CMA), N.B.","2021S0503320","Total - Age","Total - Gender","2021 Counts","Buddhist","","0","units","0","","22.1.1.1.2","255","","","","0"
"2021","Fredericton (CMA), N.B.","2021S0503320","Total - Age","Total - Gender","2021 Counts","Christian","","0","units","0","","22.1.1.1.3","58635","","","","0"
"2021","Fredericton (CMA), N.B.","2021S0503320","Total - Age","Total - Gender","2021 Counts","Christian, n.o.s.","","0","units","0","","22.1.1.1.4","8330","","","","0"
"2021","Fredericton (CMA), N.B.","2021S0503320","Total - Age","Total - Gender","2021 Counts","Anabaptist","","0","units","0","","22.1.1.1.5","20","","","","0"
"2021","Fredericton (CMA), N.B.","2021S0503320","Total - Age","Total - Gender","2021 Counts","Anglican","","0","units","0","","22.1.1.1.6","6475","","","","0"
"2021","Fredericton (CMA), N.B.","2021S0503320","Total - Age","Total - Gender","2021 Counts","Baptist","","0","units","0","","22.1.1.1.7","8180","","","","0"
"2021","Fredericton (CMA), N.B.","2021S0503320","Total - Age","Total - Gender","2021 Counts","Catholic","","0","units","0","","22.1.1.1.8","20775","","","","0"
"2021","Fredericton (CMA), N.B.","2021S0503320","Total - Age","Total - Gender","2021 Counts","Christian Orthodox","","0","units","0","","22.1.1.1.9","345","","","","0"
"2021","Fredericton (CMA), N.B.","2021S0503320","Total - Age","Total - Gender","2021 Counts","Jehovah's Witness","","0","units","0","","22.1.1.1.10","180","","","","0"
"2021","Fredericton (CMA), N.B.","2021S0503320","Total - Age","Total - Gender","2021 Counts","Latter Day Saints","","0","units","0","","22.1.1.1.11","110","","","","0"
"2021","Fredericton (CMA), N.B.","2021S0503320","Total - Age","Total - Gender","2021 Counts","Lutheran","","0","units","0","","22.1.1.1.12","185","","","","0"
"2021","Fredericton (CMA), N.B.","2021S0503320","Total - Age","Total - Gender","2021 Counts","Methodist and Wesleyan (Holiness)","","0","units","0","","22.1.1.1.13","1050","","","","0"
"2021","Fredericton (CMA), N.B.","2021S0503320","Total - Age","Total - Gender","2021 Counts","Pentecostal and other Charismatic","","0","units","0","","22.1.1.1.14","2330","","","","0"
"2021","Fredericton (CMA), N.B.","2021S0503320","Total - Age","Total - Gender","2021 Counts","Presbyterian","","0","units","0","","22.1.1.1.15","1330","","","","0"
"2021","Fredericton (CMA), N.B.","2021S0503320","Total - Age","Total - Gender","2021 Counts","Reformed","","0","units","0","","22.1.1.1.16","60","","","","0"
"2021","Fredericton (CMA), N.B.","2021S0503320","Total - Age","Total - Gender","2021 Counts","United Church","","0","units","0","","22.1.1.1.17","6630","","","","0"
"2021","Fredericton (CMA), N.B.","2021S0503320","Total - Age","Total - Gender","2021 Counts","Other Christian and Christian-related traditions","","0","units","0","","22.1.1.1.18","2630","","","","0"
"2021","Fredericton (CMA), N.B.","2021S0503320","Total - Age","Total - Gender","2021 Counts","Hindu","","0","units","0","","22.1.1.1.19","880","","","","0"
"2021","Fredericton (CMA), N.B.","2021S0503320","Total - Age","Total - Gender","2021 Counts","Jewish","","0","units","0","","22.1.1.1.20","215","","","","0"
"2021","Fredericton (CMA), N.B.","2021S0503320","Total - Age","Total - Gender","2021 Counts","Muslim","","0","units","0","","22.1.1.1.21","2395","","","","0"
"2021","Fredericton (CMA), N.B.","2021S0503320","Total - Age","Total - Gender","2021 Counts","Sikh","","0","units","0","","22.1.1.1.22","190","","","","0"
"2021","Fredericton (CMA), N.B.","2021S0503320","Total - Age","Total - Gender","2021 Counts","Traditional (North American Indigenous) spirituality","","0","units","0","","22.1.1.1.23","170","","","","0"
"2021","Fredericton (CMA), N.B.","2021S0503320","Total - Age","Total - Gender","2021 Counts","Other religions and spiritual traditions","","0","units","0","","22.1.1.1.24","945","","","","0"
"2021","Fredericton (CMA), N.B.","2021S0503320","Total - Age","Total - Gender","2021 Counts","No religion and secular perspectives","","0","units","0","","22.1.1.1.25","43470","","","","0"
"2021","Moncton (CMA), N.B.","2021S0503305","Total - Age","Total - Gender","2021 Counts","Total - Religion","","0","units","0","","24.1.1.1.1","154250","","","","0"
"2021","Moncton (CMA), N.B.","2021S0503305","Total - Age","Total - Gender","2021 Counts","Buddhist","","0","units","0","","24.1.1.1.2","330","","","","0"
"2021","Moncton (CMA), N.B.","2021S0503305","Total - Age","Total - Gender","2021 Counts","Christian","","0","units","0","","24.1.1.1.3","96225","","","","0"
"2021","Moncton (CMA), N.B.","2021S0503305","Total - Age","Total - Gender","2021 Counts","Christian, n.o.s.","","0","units","0","","24.1.1.1.4","9535","","","","0"
"2021","Moncton (CMA), N.B.","2021S0503305","Total - Age","Total - Gender","2021 Counts","Anabaptist","","0","units","0","","24.1.1.1.5","85","","","","0"
"2021","Moncton (CMA), N.B.","2021S0503305","Total - Age","Total - Gender","2021 Counts","Anglican","","0","units","0","","24.1.1.1.6","4430","","","","0"
"2021","Moncton (CMA), N.B.","2021S0503305","Total - Age","Total - Gender","2021 Counts","Baptist","","0","units","0","","24.1.1.1.7","10975","","","","0"
"2021","Moncton (CMA), N.B.","2021S0503305","Total - Age","Total - Gender","2021 Counts","Catholic","","0","units","0","","24.1.1.1.8","55995","","","","0"
"2021","Moncton (CMA), N.B.","2021S0503305","Total - Age","Total - Gender","2021 Counts","Christian Orthodox","","0","units","0","","24.1.1.1.9","630","","","","0"
"2021","Moncton (CMA), N.B.","2021S0503305","Total - Age","Total - Gender","2021 Counts","Jehovah's Witness","","0","units","0","","24.1.1.1.10","865","","","","0"
"2021","Moncton (CMA), N.B.","2021S0503305","Total - Age","Total - Gender","2021 Counts","Latter Day Saints","","0","units","0","","24.1.1.1.11","105","","","","0"
"2021","Moncton (CMA), N.B.","2021S0503305","Total - Age","Total - Gender","2021 Counts","Lutheran","","0","units","0","","24.1.1.1.12","175","","","","0"
"2021","Moncton (CMA), N.B.","2021S0503305","Total - Age","Total - Gender","2021 Counts","Methodist and Wesleyan (Holiness)","","0","units","0","","24.1.1.1.13","1470","","","","0"
"2021","Moncton (CMA), N.B.","2021S0503305","Total - Age","Total - Gender","2021 Counts","Pentecostal and other Charismatic","","0","units","0","","24.1.1.1.14","1910","","","","0"
"2021","Moncton (CMA), N.B.","2021S0503305","Total - Age","Total - Gender","2021 Counts","Presbyterian","","0","units","0","","24.1.1.1.15","1085","","","","0"
"2021","Moncton (CMA), N.B.","2021S0503305","Total - Age","Total - Gender","2021 Counts","United Church","","0","units","0","","24.1.1.1.17","6470","","","","0"
"2021","Moncton (CMA), N.B.","2021S0503305","Total - Age","Total - Gender","2021 Counts","Other Christian and Christian-related traditions","","0","units","0","","24.1.1.1.18","2480","","","","0"
"2021","Moncton (CMA), N.B.","2021S0503305","Total - Age","Total - Gender","2021 Counts","Hindu","","0","units","0","","24.1.1.1.19","1325","","","","0"
"2021","Moncton (CMA), N.B.","2021S0503305","Total - Age","Total - Gender","2021 Counts","Jewish","","0","units","0","","24.1.1.1.20","265","","","","0"
"2021","Moncton (CMA), N.B.","2021S0503305","Total - Age","Total - Gender","2021 Counts","Muslim","","0","units","0","","24.1.1.1.21","3515","","","","0"
"2021","Moncton (CMA), N.B.","2021S0503305","Total - Age","Total - Gender","2021 Counts","Sikh","","0","units","0","","24.1.1.1.22","865","","","","0"
"2021","Moncton (CMA), N.B.","2021S0503305","Total - Age","Total - Gender","2021 Counts","Traditional (North American Indigenous) spirituality","","0","units","0","","24.1.1.1.23","15","","","","0"
"2021","Moncton (CMA), N.B.","2021S0503305","Total - Age","Total - Gender","2021 Counts","Other religions and spiritual traditions","","0","units","0","","24.1.1.1.24","940","","","","0"
"2021","Moncton (CMA), N.B.","2021S0503305","Total - Age","Total - Gender","2021 Counts","No religion and secular perspectives","","0","units","0","","24.1.1.1.25","50755","","","","0"
"2021","Saint John (CMA), N.B.","2021S0503310","Total - Age","Total - Gender","2021 Counts","Total - Religion","","0","units","0","","25.1.1.1.1","128385","","","","0"
"2021","Saint John (CMA), N.B.","2021S0503310","Total - Age","Total - Gender","2021 Counts","Buddhist","","0","units","0","","25.1.1.1.2","190","","","","0"
"2021","Saint John (CMA), N.B.","2021S0503310","Total - Age","Total - Gender","2021 Counts","Christian","","0","units","0","","25.1.1.1.3","78465","","","","0"
"2021","Saint John (CMA), N.B.","2021S0503310","Total - Age","Total - Gender","2021 Counts","Christian, n.o.s.","","0","units","0","","25.1.1.1.4","7550","","","","0"
"2021","Saint John (CMA), N.B.","2021S0503310","Total - Age","Total - Gender","2021 Counts","Anglican","","0","units","0","","25.1.1.1.6","11675","","","","0"
"2021","Saint John (CMA), N.B.","2021S0503310","Total - Age","Total - Gender","2021 Counts","Baptist","","0","units","0","","25.1.1.1.7","7990","","","","0"
"2021","Saint John (CMA), N.B.","2021S0503310","Total - Age","Total - Gender","2021 Counts","Catholic","","0","units","0","","25.1.1.1.8","36170","","","","0"
"2021","Saint John (CMA), N.B.","2021S0503310","Total - Age","Total - Gender","2021 Counts","Christian Orthodox","","0","units","0","","25.1.1.1.9","390","","","","0"
"2021","Saint John (CMA), N.B.","2021S0503310","Total - Age","Total - Gender","2021 Counts","Jehovah's Witness","","0","units","0","","25.1.1.1.10","385","","","","0"
"2021","Saint John (CMA), N.B.","2021S0503310","Total - Age","Total - Gender","2021 Counts","Latter Day Saints","","0","units","0","","25.1.1.1.11","200","","","","0"
"2021","Saint John (CMA), N.B.","2021S0503310","Total - Age","Total - Gender","2021 Counts","Lutheran","","0","units","0","","25.1.1.1.12","125","","","","0"
"2021","Saint John (CMA), N.B.","2021S0503310","Total - Age","Total - Gender","2021 Counts","Methodist and Wesleyan (Holiness)","","0","units","0","","25.1.1.1.13","1095","","","","0"
"2021","Saint John (CMA), N.B.","2021S0503310","Total - Age","Total - Gender","2021 Counts","Pentecostal and other Charismatic","","0","units","0","","25.1.1.1.14","1940","","","","0"
"2021","Saint John (CMA), N.B.","2021S0503310","Total - Age","Total - Gender","2021 Counts","Presbyterian","","0","units","0","","25.1.1.1.15","880","","","","0"
"2021","Saint John (CMA), N.B.","2021S0503310","Total - Age","Total - Gender","2021 Counts","United Church","","0","units","0","","25.1.1.1.17","7150","","","","0"
"2021","Saint John (CMA), N.B.","2021S0503310","Total - Age","Total - Gender","2021 Counts","Other Christian and Christian-related traditions","","0","units","0","","25.1.1.1.18","2915","","","","0"
"2021","Saint John (CMA), N.B.","2021S0503310","Total - Age","Total - Gender","2021 Counts","Hindu","","0","units","0","","25.1.1.1.19","695","","","","0"
"2021","Saint John (CMA), N.B.","2021S0503310","Total - Age","Total - Gender","2021 Counts","Jewish","","0","units","0","","25.1.1.1.20","300","","","","0"
"2021","Saint John (CMA), N.B.","2021S0503310","Total - Age","Total - Gender","2021 Counts","Muslim","","0","units","0","","25.1.1.1.21","2290","","","","0"
"2021","Saint John (CMA), N.B.","2021S0503310","Total - Age","Total - Gender","2021 Counts","Sikh","","0","units","0","","25.1.1.1.22","240","","","","0"
"2021","Saint John (CMA), N.B.","2021S0503310","Total - Age","Total - Gender","2021 Counts","Traditional (North American Indigenous) spirituality","","0","units","0","","25.1.1.1.23","20","","","","0"
"2021","Saint John (CMA), N.B.","2021S0503310","Total - Age","Total - Gender","2021 Counts","Other religions and spiritual traditions","","0","units","0","","25.1.1.1.24","720","","","","0"
"2021","Saint John (CMA), N.B.","2021S0503310","Total - Age","Total - Gender","2021 Counts","No religion and secular perspectives","","0","units","0","","25.1.1.1.25","45470","","","","0"
"2021","Drummondville (CMA), Que.","2021S0503447","Total - Age","Total - Gender","2021 Counts","Total - Religion","","0","units","0","","32.1.1.1.1","98565","","","","0"
"2021","Drummondville (CMA), Que.","2021S0503447","Total - Age","Total - Gender","2021 Counts","Buddhist","","0","units","0","","32.1.1.1.2","70","","","","0"
"2021","Drummondville (CMA), Que.","2021S0503447","Total - Age","Total - Gender","2021 Counts","Christian","","0","units","0","","32.1.1.1.3","71435","","","","0"
"2021","Drummondville (CMA), Que.","2021S0503447","Total - Age","Total - Gender","2021 Counts","Christian, n.o.s.","","0","units","0","","32.1.1.1.4","5595","","","","0"
"2021","Drummondville (CMA), Que.","2021S0503447","Total - Age","Total - Gender","2021 Counts","Anglican","","0","units","0","","32.1.1.1.6","55","","","","0"
"2021","Drummondville (CMA), Que.","2021S0503447","Total - Age","Total - Gender","2021 Counts","Baptist","","0","units","0","","32.1.1.1.7","325","","","","0"
"2021","Drummondville (CMA), Que.","2021S0503447","Total - Age","Total - Gender","2021 Counts","Catholic","","0","units","0","","32.1.1.1.8","64040","","","","0"
"2021","Drummondville (CMA), Que.","2021S0503447","Total - Age","Total - Gender","2021 Counts","Christian Orthodox","","0","units","0","","32.1.1.1.9","150","","","","0"
"2021","Drummondville (CMA), Que.","2021S0503447","Total - Age","Total - Gender","2021 Counts","Jehovah's Witness","","0","units","0","","32.1.1.1.10","245","","","","0"
"2021","Drummondville (CMA), Que.","2021S0503447","Total - Age","Total - Gender","2021 Counts","Latter Day Saints","","0","units","0","","32.1.1.1.11","90","","","","0"
"2021","Drummondville (CMA), Que.","2021S0503447","Total - Age","Total - Gender","2021 Counts","Lutheran","","0","units","0","","32.1.1.1.12","15","","","","0"
"2021","Drummondville (CMA), Que.","2021S0503447","Total - Age","Total - Gender","2021 Counts","Pentecostal and other Charismatic","","0","units","0","","32.1.1.1.14","315","","","","0"
"2021","Drummondville (CMA), Que.","2021S0503447","Total - Age","Total - Gender","2021 Counts","United Church","","0","units","0","","32.1.1.1.17","60","","","","0"
"2021","Drummondville (CMA), Que.","2021S0503447","Total - Age","Total - Gender","2021 Counts","Other Christian and Christian-related traditions","","0","units","0","","32.1.1.1.18","545","","","","0"
"2021","Drummondville (CMA), Que.","2021S0503447","Total - Age","Total - Gender","2021 Counts","Jewish","","0","units","0","","32.1.1.1.20","10","","","","0"
"2021","Drummondville (CMA), Que.","2021S0503447","Total - Age","Total - Gender","2021 Counts","Muslim","","0","units","0","","32.1.1.1.21","1340","","","","0"
"2021","Drummondville (CMA), Que.","2021S0503447","Total - Age","Total - Gender","2021 Counts","Traditional (North American Indigenous) spirituality","","0","units","0","","32.1.1.1.23","15","","","","0"
"2021","Drummondville (CMA), Que.","2021S0503447","Total - Age","Total - Gender","2021 Counts","Other religions and spiritual traditions","","0","units","0","","32.1.1.1.24","195","","","","0"
"2021","Drummondville (CMA), Que.","2021S0503447","Total - Age","Total - Gender","2021 Counts","No religion and secular perspectives","","0","units","0","","32.1.1.1.25","25500","","","","0"
"2021","Montréal (CMA), Que.","2021S0503462","Total - Age","Total - Gender","2021 Counts","Total - Religion","","0","units","0","","37.1.1.1.1","4206450","","","","0"
"2021","Montréal (CMA), Que.","2021S0503462","Total - Age","Total - Gender","2021 Counts","Buddhist","","0","units","0","","37.1.1.1.2","42540","","","","0"
"2021","Montréal (CMA), Que.","2021S0503462","Total - Age","Total - Gender","2021 Counts","Christian","","0","units","0","","37.1.1.1.3","2431435","","","","0"
"2021","Montréal (CMA), Que.","2021S0503462","Total - Age","Total - Gender","2021 Counts","Christian, n.o.s.","","0","units","0","","37.1.1.1.4","252390","","","","0"
"2021","Montréal (CMA), Que.","2021S0503462","Total - Age","Total - Gender","2021 Counts","Anabaptist","","0","units","0","","37.1.1.1.5","530","","","","0"
"2021","Montréal (CMA), Que.","2021S0503462","Total - Age","Total - Gender","2021 Counts","Anglican","","0","units","0","","37.1.1.1.6","22880","","","","0"
"2021","Montréal (CMA), Que.","2021S0503462","Total - Age","Total - Gender","2021 Counts","Baptist","","0","units","0","","37.1.1.1.7","23045","","","","0"
"2021","Montréal (CMA), Que.","2021S0503462","Total - Age","Total - Gender","2021 Counts","Catholic","","0","units","0","","37.1.1.1.8","1857580","","","","0"
"2021","Montréal (CMA), Que.","2021S0503462","Total - Age","Total - Gender","2021 Counts","Christian Orthodox","","0","units","0","","37.1.1.1.9","135040","","","","0"
"2021","Montréal (CMA), Que.","2021S0503462","Total - Age","Total - Gender","2021 Counts","Jehovah's Witness","","0","units","0","","37.1.1.1.10","14890","","","","0"
"2021","Montréal (CMA), Que.","2021S0503462","Total - Age","Total - Gender","2021 Counts","Latter Day Saints","","0","units","0","","37.1.1.1.11","3115","","","","0"
"2021","Montréal (CMA), Que.","2021S0503462","Total - Age","Total - Gender","2021 Counts","Lutheran","","0","units","0","","37.1.1.1.12","3320","","","","0"
"2021","Montréal (CMA), Que.","2021S0503462","Total - Age","Total - Gender","2021 Counts","Methodist and Wesleyan (Holiness)","","0","units","0","","37.1.1.1.13","1635","","","","0"
"2021","Montréal (CMA), Que.","2021S0503462","Total - Age","Total - Gender","2021 Counts","Pentecostal and other Charismatic","","0","units","0","","37.1.1.1.14","26390","","","","0"
"2021","Montréal (CMA), Que.","2021S0503462","Total - Age","Total - Gender","2021 Counts","Presbyterian","","0","units","0","","37.1.1.1.15","5505","","","","0"
"2021","Montréal (CMA), Que.","2021S0503462","Total - Age","Total - Gender","2021 Counts","Reformed","","0","units","0","","37.1.1.1.16","695","","","","0"
"2021","Montréal (CMA), Que.","2021S0503462","Total - Age","Total - Gender","2021 Counts","United Church","","0","units","0","","37.1.1.1.17","10475","","","","0"
"2021","Montréal (CMA), Que.","2021S0503462","Total - Age","Total - Gender","2021 Counts","Other Christian and Christian-related traditions","","0","units","0","","37.1.1.1.18","73940","","","","0"
"2021","Montréal (CMA), Que.","2021S0503462","Total - Age","Total - Gender","2021 Counts","Hindu","","0","units","0","","37.1.1.1.19","45565","","","","0"
"2021","Montréal (CMA), Que.","2021S0503462","Total - Age","Total - Gender","2021 Counts","Jewish","","0","units","0","","37.1.1.1.20","82080","","","","0"
"2021","Montréal (CMA), Que.","2021S0503462","Total - Age","Total - Gender","2021 Counts","Muslim","","0","units","0","","37.1.1.1.21","365670","","","","0"
"2021","Montréal (CMA), Que.","2021S0503462","Total - Age","Total - Gender","2021 Counts","Sikh","","0","units","0","","37.1.1.1.22","22990","","","","0"
"2021","Montréal (CMA), Que.","2021S0503462","Total - Age","Total - Gender","2021 Counts","Traditional (North American Indigenous) spirituality","","0","units","0","","37.1.1.1.23","295","","","","0"
"2021","Montréal (CMA), Que.","2021S0503462","Total - Age","Total - Gender","2021 Counts","Other religions and spiritual traditions","","0","units","0","","37.1.1.1.24","15785","","","","0"
"2021","Montréal (CMA), Que.","2021S0503462","Total - Age","Total - Gender","2021 Counts","No religion and secular perspectives","","0","units","0","","37.1.1.1.25","1200085","","","","0"
"2021","Québec (CMA), Que.","2021S0503421","Total - Age","Total - Gender","2021 Counts","Total - Religion","","0","units","0","","38.1.1.1.1","817110","","","","0"
"2021","Québec (CMA), Que.","2021S0503421","Total - Age","Total - Gender","2021 Counts","Buddhist","","0","units","0","","38.1.1.1.2","1925","","","","0"
"2021","Québec (CMA), Que.","2021S0503421","Total - Age","Total - Gender","2021 Counts","Christian","","0","units","0","","38.1.1.1.3","551560","","","","0"
"2021","Québec (CMA), Que.","2021S0503421","Total - Age","Total - Gender","2021 Counts","Christian, n.o.s.","","0","units","0","","38.1.1.1.4","47595","","","","0"
"2021","Québec (CMA), Que.","2021S0503421","Total - Age","Total - Gender","2021 Counts","Anabaptist","","0","units","0","","38.1.1.1.5","25","","","","0"
"2021","Québec (CMA), Que.","2021S0503421","Total - Age","Total - Gender","2021 Counts","Anglican","","0","units","0","","38.1.1.1.6","675","","","","0"
"2021","Québec (CMA), Que.","2021S0503421","Total - Age","Total - Gender","2021 Counts","Baptist","","0","units","0","","38.1.1.1.7","1465","","","","0"
"2021","Québec (CMA), Que.","2021S0503421","Total - Age","Total - Gender","2021 Counts","Catholic","","0","units","0","","38.1.1.1.8","488930","","","","0"
"2021","Québec (CMA), Que.","2021S0503421","Total - Age","Total - Gender","2021 Counts","Christian Orthodox","","0","units","0","","38.1.1.1.9","2320","","","","0"
"2021","Québec (CMA), Que.","2021S0503421","Total - Age","Total - Gender","2021 Counts","Jehovah's Witness","","0","units","0","","38.1.1.1.10","1630","","","","0"
"2021","Québec (CMA), Que.","2021S0503421","Total - Age","Total - Gender","2021 Counts","Latter Day Saints","","0","units","0","","38.1.1.1.11","395","","","","0"
"2021","Québec (CMA), Que.","2021S0503421","Total - Age","Total - Gender","2021 Counts","Lutheran","","0","units","0","","38.1.1.1.12","120","","","","0"
"2021","Québec (CMA), Que.","2021S0503421","Total - Age","Total - Gender","2021 Counts","Methodist and Wesleyan (Holiness)","","0","units","0","","38.1.1.1.13","135","","","","0"
"2021","Québec (CMA), Que.","2021S0503421","Total - Age","Total - Gender","2021 Counts","Pentecostal and other Charismatic","","0","units","0","","38.1.1.1.14","2390","","","","0"
"2021","Québec (CMA), Que.","2021S0503421","Total - Age","Total - Gender","2021 Counts","Presbyterian","","0","units","0","","38.1.1.1.15","290","","","","0"
"2021","Québec (CMA), Que.","2021S0503421","Total - Age","Total - Gender","2021 Counts","Reformed","","0","units","0","","38.1.1.1.16","220","","","","0"
"2021","Québec (CMA), Que.","2021S0503421","Total - Age","Total - Gender","2021 Counts","United Church","","0","units","0","","38.1.1.1.17","310","","","","0"
"2021","Québec (CMA), Que.","2021S0503421","Total - Age","Total - Gender","2021 Counts","Other Christian and Christian-related traditions","","0","units","0","","38.1.1.1.18","5060","","","","0"
"2021","Québec (CMA), Que.","2021S0503421","Total - Age","Total - Gender","2021 Counts","Hindu","","0","units","0","","38.1.1.1.19","535","","","","0"
"2021","Québec (CMA), Que.","2021S0503421","Total - Age","Total - Gender","2021 Counts","Jewish","","0","units","0","","38.1.1.1.20","335","","","","0"
"2021","Québec (CMA), Que.","2021S0503421","Total - Age","Total - Gender","2021 Counts","Muslim","","0","units","0","","38.1.1.1.21","19815","","","","0"
"2021","Québec (CMA), Que.","2021S0503421","Total - Age","Total - Gender","2021 Counts","Sikh","","0","units","0","","38.1.1.1.22","25","","","","0"
"2021","Québec (CMA), Que.","2021S0503421","Total - Age","Total - Gender","2021 Counts","Traditional (North American Indigenous) spirituality","","0","units","0","","38.1.1.1.23","195","","","","0"
"2021","Québec (CMA), Que.","2021S0503421","Total - Age","Total - Gender","2021 Counts","Other religions and spiritual traditions","","0","units","0","","38.1.1.1.24","1780","","","","0"
"2021","Québec (CMA), Que.","2021S0503421","Total - Age","Total - Gender","2021 Counts","No religion and secular perspectives","","0","units","0","","38.1.1.1.25","240945","","","","0"
"2021","Saguenay (CMA), Que.","2021S0503408","Total - Age","Total - Gender","2021 Counts","Total - Religion","","0","units","0","","42.1.1.1.1","157900","","","","0"
"2021","Saguenay (CMA), Que.","2021S0503408","Total - Age","Total - Gender","2021 Counts","Buddhist","","0","units","0","","42.1.1.1.2","75","","","","0"
"2021","Saguenay (CMA), Que.","2021S0503408","Total - Age","Total - Gender","2021 Counts","Christian","","0","units","0","","42.1.1.1.3","123165","","","","0"
"2021","Saguenay (CMA), Que.","2021S0503408","Total - Age","Total - Gender","2021 Counts","Christian, n.o.s.","","0","units","0","","42.1.1.1.4","8675","","","","0"
"2021","Saguenay (CMA), Que.","2021S0503408","Total - Age","Total - Gender","2021 Counts","Anglican","","0","units","0","","42.1.1.1.6","65","","","","0"
"2021","Saguenay (CMA), Que.","2021S0503408","Total - Age","Total - Gender","2021 Counts","Baptist","","0","units","0","","42.1.1.1.7","305","","","","0"
"2021","Saguenay (CMA), Que.","2021S0503408","Total - Age","Total - Gender","2021 Counts","Catholic","","0","units","0","","42.1.1.1.8","112890","","","","0"
"2021","Saguenay (CMA), Que.","2021S0503408","Total - Age","Total - Gender","2021 Counts","Christian Orthodox","","0","units","0","","42.1.1.1.9","110","","","","0"
"2021","Saguenay (CMA), Que.","2021S0503408","Total - Age","Total - Gender","2021 Counts","Jehovah's Witness","","0","units","0","","42.1.1.1.10","200","","","","0"
"2021","Saguenay (CMA), Que.","2021S0503408","Total - Age","Total - Gender","2021 Counts","Latter Day Saints","","0","units","0","","42.1.1.1.11","70","","","","0"
"2021","Saguenay (CMA), Que.","2021S0503408","Total - Age","Total - Gender","2021 Counts","Pentecostal and other Charismatic","","0","units","0","","42.1.1.1.14","170","","","","0"
"2021","Saguenay (CMA), Que.","2021S0503408","Total - Age","Total - Gender","2021 Counts","Presbyterian","","0","units","0","","42.1.1.1.15","20","","","","0"
"2021","Saguenay (CMA), Que.","2021S0503408","Total - Age","Total - Gender","2021 Counts","United Church","","0","units","0","","42.1.1.1.17","20","","","","0"
"2021","Saguenay (CMA), Que.","2021S0503408","Total - Age","Total - Gender","2021 Counts","Other Christian and Christian-related traditions","","0","units","0","","42.1.1.1.18","635","","","","0"
"2021","Saguenay (CMA), Que.","2021S0503408","Total - Age","Total - Gender","2021 Counts","Hindu","","0","units","0","","42.1.1.1.19","15","","","","0"
"2021","Saguenay (CMA), Que.","2021S0503408","Total - Age","Total - Gender","2021 Counts","Jewish","","0","units","0","","42.1.1.1.20","10","","","","0"
"2021","Saguenay (CMA), Que.","2021S0503408","Total - Age","Total - Gender","2021 Counts","Muslim","","0","units","0","","42.1.1.1.21","740","","","","0"
"2021","Saguenay (CMA), Que.","2021S0503408","Total - Age","Total - Gender","2021 Counts","Traditional (North American Indigenous) spirituality","","0","units","0","","42.1.1.1.23","10","","","","0"
"2021","Saguenay (CMA), Que.","2021S0503408","Total - Age","Total - Gender","2021 Counts","Other religions and spiritual traditions","","0","units","0","","42.1.1.1.24","365","","","","0"
"2021","Saguenay (CMA), Que.","2021S0503408","Total - Age","Total - Gender","2021 Counts","No religion and secular perspectives","","0","units","0","","42.1.1.1.25","33515","","","","0"
"2021","Sherbrooke (CMA), Que.","2021S0503433","Total - Age","Total - Gender","2021 Counts","Total - Religion","","0","units","0","","50.1.1.1.1","220110","","","","0"
"2021","Sherbrooke (CMA), Que.","2021S0503433","Total - Age","Total - Gender","2021 Counts","Buddhist","","0","units","0","","50.1.1.1.2","415","","","","0"
"2021","Sherbrooke (CMA), Que.","2021S0503433","Total - Age","Total - Gender","2021 Counts","Christian","","0","units","0","","50.1.1.1.3","141005","","","","0"
"2021","Sherbrooke (CMA), Que.","2021S0503433","Total - Age","Total - Gender","2021 Counts","Christian, n.o.s.","","0","units","0","","50.1.1.1.4","10415","","","","0"
"2021","Sherbrooke (CMA), Que.","2021S0503433","Total - Age","Total - Gender","2021 Counts","Anabaptist","","0","units","0","","50.1.1.1.5","15","","","","0"
"2021","Sherbrooke (CMA), Que.","2021S0503433","Total - Age","Total - Gender","2021 Counts","Anglican","","0","units","0","","50.1.1.1.6","1085","","","","0"
"2021","Sherbrooke (CMA), Que.","2021S0503433","Total - Age","Total - Gender","2021 Counts","Baptist","","0","units","0","","50.1.1.1.7","880","","","","0"
"2021","Sherbrooke (CMA), Que.","2021S0503433","Total - Age","Total - Gender","2021 Counts","Catholic","","0","units","0","","50.1.1.1.8","122615","","","","0"
"2021","Sherbrooke (CMA), Que.","2021S0503433","Total - Age","Total - Gender","2021 Counts","Christian Orthodox","","0","units","0","","50.1.1.1.9","1020","","","","0"
"2021","Sherbrooke (CMA), Que.","2021S0503433","Total - Age","Total - Gender","2021 Counts","Jehovah's Witness","","0","units","0","","50.1.1.1.10","900","","","","0"
"2021","Sherbrooke (CMA), Que.","2021S0503433","Total - Age","Total - Gender","2021 Counts","Latter Day Saints","","0","units","0","","50.1.1.1.11","95","","","","0"
"2021","Sherbrooke (CMA), Que.","2021S0503433","Total - Age","Total - Gender","2021 Counts","Lutheran","","0","units","0","","50.1.1.1.12","110","","","","0"
"2021","Sherbrooke (CMA), Que.","2021S0503433","Total - Age","Total - Gender","2021 Counts","Methodist and Wesleyan (Holiness)","","0","units","0","","50.1.1.1.13","40","","","","0"
"2021","Sherbrooke (CMA), Que.","2021S0503433","Total - Age","Total - Gender","2021 Counts","Pentecostal and other Charismatic","","0","units","0","","50.1.1.1.14","575","","","","0"
"2021","Sherbrooke (CMA), Que.","2021S0503433","Total - Age","Total - Gender","2021 Counts","Presbyterian","","0","units","0","","50.1.1.1.15","160","","","","0"
"2021","Sherbrooke (CMA), Que.","2021S0503433","Total - Age","Total - Gender","2021 Counts","United Church","","0","units","0","","50.1.1.1.17","735","","","","0"
"2021","Sherbrooke (CMA), Que.","2021S0503433","Total - Age","Total - Gender","2021 Counts","Other Christian and Christian-related traditions","","0","units","0","","50.1.1.1.18","2365","","","","0"
"2021","Sherbrooke (CMA), Que.","2021S0503433","Total - Age","Total - Gender","2021 Counts","Hindu","","0","units","0","","50.1.1.1.19","260","","","","0"
"2021","Sherbrooke (CMA), Que.","2021S0503433","Total - Age","Total - Gender","2021 Counts","Jewish","","0","units","0","","50.1.1.1.20","165","","","","0"
"2021","Sherbrooke (CMA), Que.","2021S0503433","Total - Age","Total - Gender","2021 Counts","Muslim","","0","units","0","","50.1.1.1.21","6330","","","","0"
"2021","Sherbrooke (CMA), Que.","2021S0503433","Total - Age","Total - Gender","2021 Counts","Sikh","","0","units","0","","50.1.1.1.22","70","","","","0"
"2021","Sherbrooke (CMA), Que.","2021S0503433","Total - Age","Total - Gender","2021 Counts","Other religions and spiritual traditions","","0","units","0","","50.1.1.1.24","920","","","","0"
"2021","Sherbrooke (CMA), Que.","2021S0503433","Total - Age","Total - Gender","2021 Counts","No religion and secular perspectives","","0","units","0","","50.1.1.1.25","70930","","","","0"
"2021","Trois-Rivières (CMA), Que.","2021S0503442","Total - Age","Total - Gender","2021 Counts","Total - Religion","","0","units","0","","53.1.1.1.1","155530","","","","0"
"2021","Trois-Rivières (CMA), Que.","2021S0503442","Total - Age","Total - Gender","2021 Counts","Buddhist","","0","units","0","","53.1.1.1.2","160","","","","0"
"2021","Trois-Rivières (CMA), Que.","2021S0503442","Total - Age","Total - Gender","2021 Counts","Christian","","0","units","0","","53.1.1.1.3","111390","","","","0"
"2021","Trois-Rivières (CMA), Que.","2021S0503442","Total - Age","Total - Gender","2021 Counts","Christian, n.o.s.","","0","units","0","","53.1.1.1.4","6910","","","","0"
"2021","Trois-Rivières (CMA), Que.","2021S0503442","Total - Age","Total - Gender","2021 Counts","Anabaptist","","0","units","0","","53.1.1.1.5","15","","","","0"
"2021","Trois-Rivières (CMA), Que.","2021S0503442","Total - Age","Total - Gender","2021 Counts","Anglican","","0","units","0","","53.1.1.1.6","70","","","","0"
"2021","Trois-Rivières (CMA), Que.","2021S0503442","Total - Age","Total - Gender","2021 Counts","Baptist","","0","units","0","","53.1.1.1.7","490","","","","0"
"2021","Trois-Rivières (CMA), Que.","2021S0503442","Total - Age","Total - Gender","2021 Counts","Catholic","","0","units","0","","53.1.1.1.8","101530","","","","0"
"2021","Trois-Rivières (CMA), Que.","2021S0503442","Total - Age","Total - Gender","2021 Counts","Christian Orthodox","","0","units","0","","53.1.1.1.9","280","","","","0"
"2021","Trois-Rivières (CMA), Que.","2021S0503442","Total - Age","Total - Gender","2021 Counts","Jehovah's Witness","","0","units","0","","53.1.1.1.10","550","","","","0"
"2021","Trois-Rivières (CMA), Que.","2021S0503442","Total - Age","Total - Gender","2021 Counts","Latter Day Saints","","0","units","0","","53.1.1.1.11","30","","","","0"
"2021","Trois-Rivières (CMA), Que.","2021S0503442","Total - Age","Total - Gender","2021 Counts","Lutheran","","0","units","0","","53.1.1.1.12","40","","","","0"
"2021","Trois-Rivières (CMA), Que.","2021S0503442","Total - Age","Total - Gender","2021 Counts","Methodist and Wesleyan (Holiness)","","0","units","0","","53.1.1.1.13","10","","","","0"
"2021","Trois-Rivières (CMA), Que.","2021S0503442","Total - Age","Total - Gender","2021 Counts","Pentecostal and other Charismatic","","0","units","0","","53.1.1.1.14","335","","","","0"
"2021","Trois-Rivières (CMA), Que.","2021S0503442","Total - Age","Total - Gender","2021 Counts","Presbyterian","","0","units","0","","53.1.1.1.15","25","","","","0"
"2021","Trois-Rivières (CMA), Que.","2021S0503442","Total - Age","Total - Gender","2021 Counts","Reformed","","0","units","0","","53.1.1.1.16","20","","","","0"
"2021","Trois-Rivières (CMA), Que.","2021S0503442","Total - Age","Total - Gender","2021 Counts","United Church","","0","units","0","","53.1.1.1.17","40","","","","0"
"2021","Trois-Rivières (CMA), Que.","2021S0503442","Total - Age","Total - Gender","2021 Counts","Other Christian and Christian-related traditions","","0","units","0","","53.1.1.1.18","1030","","","","0"
"2021","Trois-Rivières (CMA), Que.","2021S0503442","Total - Age","Total - Gender","2021 Counts","Hindu","","0","units","0","","53.1.1.1.19","65","","","","0"
"2021","Trois-Rivières (CMA), Que.","2021S0503442","Total - Age","Total - Gender","2021 Counts","Jewish","","0","units","0","","53.1.1.1.20","35","","","","0"
"2021","Trois-Rivières (CMA), Que.","2021S0503442","Total - Age","Total - Gender","2021 Counts","Muslim","","0","units","0","","53.1.1.1.21","2240","","","","0"
"2021","Trois-Rivières (CMA), Que.","2021S0503442","Total - Age","Total - Gender","2021 Counts","Traditional (North American Indigenous) spirituality","","0","units","0","","53.1.1.1.23","10","","","","0"
"2021","Trois-Rivières (CMA), Que.","2021S0503442","Total - Age","Total - Gender","2021 Counts","Other religions and spiritual traditions","","0","units","0","","53.1.1.1.24","460","","","","0"
"2021","Trois-Rivières (CMA), Que.","2021S0503442","Total - Age","Total - Gender","2021 Counts","No religion and secular perspectives","","0","units","0","","53.1.1.1.25","41170","","","","0"
"2021","Barrie (CMA), Ont.","2021S0503568","Total - Age","Total - Gender","2021 Counts","Total - Religion","","0","units","0","","57.1.1.1.1","210150","","","","0"
"2021","Barrie (CMA), Ont.","2021S0503568","Total - Age","Total - Gender","2021 Counts","Buddhist","","0","units","0","","57.1.1.1.2","935","","","","0"
"2021","Barrie (CMA), Ont.","2021S0503568","Total - Age","Total - Gender","2021 Counts","Christian","","0","units","0","","57.1.1.1.3","113635","","","","0"
"2021","Barrie (CMA), Ont.","2021S0503568","Total - Age","Total - Gender","2021 Counts","Christian, n.o.s.","","0","units","0","","57.1.1.1.4","17095","","","","0"
"2021","Barrie (CMA), Ont.","2021S0503568","Total - Age","Total - Gender","2021 Counts","Anabaptist","","0","units","0","","57.1.1.1.5","105","","","","0"
"2021","Barrie (CMA), Ont.","2021S0503568","Total - Age","Total - Gender","2021 Counts","Anglican","","0","units","0","","57.1.1.1.6","10315","","","","0"
"2021","Barrie (CMA), Ont.","2021S0503568","Total - Age","Total - Gender","2021 Counts","Baptist","","0","units","0","","57.1.1.1.7","3220","","","","0"
"2021","Barrie (CMA), Ont.","2021S0503568","Total - Age","Total - Gender","2021 Counts","Catholic","","0","units","0","","57.1.1.1.8","51395","","","","0"
"2021","Barrie (CMA), Ont.","2021S0503568","Total - Age","Total - Gender","2021 Counts","Christian Orthodox","","0","units","0","","57.1.1.1.9","3430","","","","0"
"2021","Barrie (CMA), Ont.","2021S0503568","Total - Age","Total - Gender","2021 Counts","Jehovah's Witness","","0","units","0","","57.1.1.1.10","1270","","","","0"
"2021","Barrie (CMA), Ont.","2021S0503568","Total - Age","Total - Gender","2021 Counts","Latter Day Saints","","0","units","0","","57.1.1.1.11","315","","","","0"
"2021","Barrie (CMA), Ont.","2021S0503568","Total - Age","Total - Gender","2021 Counts","Lutheran","","0","units","0","","57.1.1.1.12","1445","","","","0"
"2021","Barrie (CMA), Ont.","2021S0503568","Total - Age","Total - Gender","2021 Counts","Methodist and Wesleyan (Holiness)","","0","units","0","","57.1.1.1.13","710","","","","0"
"2021","Barrie (CMA), Ont.","2021S0503568","Total - Age","Total - Gender","2021 Counts","Pentecostal and other Charismatic","","0","units","0","","57.1.1.1.14","2800","","","","0"
"2021","Barrie (CMA), Ont.","2021S0503568","Total - Age","Total - Gender","2021 Counts","Presbyterian","","0","units","0","","57.1.1.1.15","4110","","","","0"
"2021","Barrie (CMA), Ont.","2021S0503568","Total - Age","Total - Gender","2021 Counts","Reformed","","0","units","0","","57.1.1.1.16","510","","","","0"
"2021","Barrie (CMA), Ont.","2021S0503568","Total - Age","Total - Gender","2021 Counts","United Church","","0","units","0","","57.1.1.1.17","11355","","","","0"
"2021","Barrie (CMA), Ont.","2021S0503568","Total - Age","Total - Gender","2021 Counts","Other Christian and Christian-related traditions","","0","units","0","","57.1.1.1.18","5565","","","","0"
"2021","Barrie (CMA), Ont.","2021S0503568","Total - Age","Total - Gender","2021 Counts","Hindu","","0","units","0","","57.1.1.1.19","2815","","","","0"
"2021","Barrie (CMA), Ont.","2021S0503568","Total - Age","Total - Gender","2021 Counts","Jewish","","0","units","0","","57.1.1.1.20","1790","","","","0"
"2021","Barrie (CMA), Ont.","2021S0503568","Total - Age","Total - Gender","2021 Counts","Muslim","","0","units","0","","57.1.1.1.21","4520","","","","0"
"2021","Barrie (CMA), Ont.","2021S0503568","Total - Age","Total - Gender","2021 Counts","Sikh","","0","units","0","","57.1.1.1.22","1260","","","","0"
"2021","Barrie (CMA), Ont.","2021S0503568","Total - Age","Total - Gender","2021 Counts","Traditional (North American Indigenous) spirituality","","0","units","0","","57.1.1.1.23","170","","","","0"
"2021","Barrie (CMA), Ont.","2021S0503568","Total - Age","Total - Gender","2021 Counts","Other religions and spiritual traditions","","0","units","0","","57.1.1.1.24","1335","","","","0"
"2021","Barrie (CMA), Ont.","2021S0503568","Total - Age","Total - Gender","2021 Counts","No religion and secular perspectives","","0","units","0","","57.1.1.1.25","83690","","","","0"
"2021","Belleville - Quinte West (CMA), Ont.","2021S0503522","Total - Age","Total - Gender","2021 Counts","Total - Religion","","0","units","0","","58.1.1.1.1","109250","","","","0"
"2021","Belleville - Quinte West (CMA), Ont.","2021S0503522","Total - Age","Total - Gender","2021 Counts","Buddhist","","0","units","0","","58.1.1.1.2","250","","","","0"
"2021","Belleville - Quinte West (CMA), Ont.","2021S0503522","Total - Age","Total - Gender","2021 Counts","Christian","","0","units","0","","58.1.1.1.3","59215","","","","0"
"2021","Belleville - Quinte West (CMA), Ont.","2021S0503522","Total - Age","Total - Gender","2021 Counts","Christian, n.o.s.","","0","units","0","","58.1.1.1.4","6745","","","","0"
"2021","Belleville - Quinte West (CMA), Ont.","2021S0503522","Total - Age","Total - Gender","2021 Counts","Anabaptist","","0","units","0","","58.1.1.1.5","180","","","","0"
"2021","Belleville - Quinte West (CMA), Ont.","2021S0503522","Total - Age","Total - Gender","2021 Counts","Anglican","","0","units","0","","58.1.1.1.6","6950","","","","0"
"2021","Belleville - Quinte West (CMA), Ont.","2021S0503522","Total - Age","Total - Gender","2021 Counts","Baptist","","0","units","0","","58.1.1.1.7","1535","","","","0"
"2021","Belleville - Quinte West (CMA), Ont.","2021S0503522","Total - Age","Total - Gender","2021 Counts","Catholic","","0","units","0","","58.1.1.1.8","21340","","","","0"
"2021","Belleville - Quinte West (CMA), Ont.","2021S0503522","Total - Age","Total - Gender","2021 Counts","Christian Orthodox","","0","units","0","","58.1.1.1.9","810","","","","0"
"2021","Belleville - Quinte West (CMA), Ont.","2021S0503522","Total - Age","Total - Gender","2021 Counts","Jehovah's Witness","","0","units","0","","58.1.1.1.10","495","","","","0"
"2021","Belleville - Quinte West (CMA), Ont.","2021S0503522","Total - Age","Total - Gender","2021 Counts","Latter Day Saints","","0","units","0","","58.1.1.1.11","300","","","","0"
"2021","Belleville - Quinte West (CMA), Ont.","2021S0503522","Total - Age","Total - Gender","2021 Counts","Lutheran","","0","units","0","","58.1.1.1.12","740","","","","0"
"2021","Belleville - Quinte West (CMA), Ont.","2021S0503522","Total - Age","Total - Gender","2021 Counts","Methodist and Wesleyan (Holiness)","","0","units","0","","58.1.1.1.13","955","","","","0"
"2021","Belleville - Quinte West (CMA), Ont.","2021S0503522","Total - Age","Total - Gender","2021 Counts","Pentecostal and other Charismatic","","0","units","0","","58.1.1.1.14","1525","","","","0"
"2021","Belleville - Quinte West (CMA), Ont.","2021S0503522","Total - Age","Total - Gender","2021 Counts","Presbyterian","","0","units","0","","58.1.1.1.15","1710","","","","0"
"2021","Belleville - Quinte West (CMA), Ont.","2021S0503522","Total - Age","Total - Gender","2021 Counts","Reformed","","0","units","0","","58.1.1.1.16","935","","","","0"
"2021","Belleville - Quinte West (CMA), Ont.","2021S0503522","Total - Age","Total - Gender","2021 Counts","United Church","","0","units","0","","58.1.1.1.17","11105","","","","0"
"2021","Belleville - Quinte West (CMA), Ont.","2021S0503522","Total - Age","Total - Gender","2021 Counts","Other Christian and Christian-related traditions","","0","units","0","","58.1.1.1.18","3895","","","","0"
"2021","Belleville - Quinte West (CMA), Ont.","2021S0503522","Total - Age","Total - Gender","2021 Counts","Hindu","","0","units","0","","58.1.1.1.19","900","","","","0"
"2021","Belleville - Quinte West (CMA), Ont.","2021S0503522","Total - Age","Total - Gender","2021 Counts","Jewish","","0","units","0","","58.1.1.1.20","210","","","","0"
"2021","Belleville - Quinte West (CMA), Ont.","2021S0503522","Total - Age","Total - Gender","2021 Counts","Muslim","","0","units","0","","58.1.1.1.21","650","","","","0"
"2021","Belleville - Quinte West (CMA), Ont.","2021S0503522","Total - Age","Total - Gender","2021 Counts","Sikh","","0","units","0","","58.1.1.1.22","555","","","","0"
"2021","Belleville - Quinte West (CMA), Ont.","2021S0503522","Total - Age","Total - Gender","2021 Counts","Traditional (North American Indigenous) spirituality","","0","units","0","","58.1.1.1.23","120","","","","0"
"2021","Belleville - Quinte West (CMA), Ont.","2021S0503522","Total - Age","Total - Gender","2021 Counts","Other religions and spiritual traditions","","0","units","0","","58.1.1.1.24","685","","","","0"
"2021","Belleville - Quinte West (CMA), Ont.","2021S0503522","Total - Age","Total - Gender","2021 Counts","No religion and secular perspectives","","0","units","0","","58.1.1.1.25","46655","","","","0"
"2021","Brantford (CMA), Ont.","2021S0503543","Total - Age","Total - Gender","2021 Counts","Total - Religion","","0","units","0","","59.1.1.1.1","141905","","","","0"
"2021","Brantford (CMA), Ont.","2021S0503543","Total - Age","Total - Gender","2021 Counts","Buddhist","","0","units","0","","59.1.1.1.2","545","","","","0"
"2021","Brantford (CMA), Ont.","2021S0503543","Total - Age","Total - Gender","2021 Counts","Christian","","0","units","0","","59.1.1.1.3","75960","","","","0"
"2021","Brantford (CMA), Ont.","2021S0503543","Total - Age","Total - Gender","2021 Counts","Christian, n.o.s.","","0","units","0","","59.1.1.1.4","11390","","","","0"
"2021","Brantford (CMA), Ont.","2021S0503543","Total - Age","Total - Gender","2021 Counts","Anabaptist","","0","units","0","","59.1.1.1.5","205","","","","0"
"2021","Brantford (CMA), Ont.","2021S0503543","Total - Age","Total - Gender","2021 Counts","Anglican","","0","units","0","","59.1.1.1.6","7950","","","","0"
"2021","Brantford (CMA), Ont.","2021S0503543","Total - Age","Total - Gender","2021 Counts","Baptist","","0","units","0","","59.1.1.1.7","3860","","","","0"
"2021","Brantford (CMA), Ont.","2021S0503543","Total - Age","Total - Gender","2021 Counts","Catholic","","0","units","0","","59.1.1.1.8","31130","","","","0"
"2021","Brantford (CMA), Ont.","2021S0503543","Total - Age","Total - Gender","2021 Counts","Christian Orthodox","","0","units","0","","59.1.1.1.9","975","","","","0"
"2021","Brantford (CMA), Ont.","2021S0503543","Total - Age","Total - Gender","2021 Counts","Jehovah's Witness","","0","units","0","","59.1.1.1.10","665","","","","0"
"2021","Brantford (CMA), Ont.","2021S0503543","Total - Age","Total - Gender","2021 Counts","Latter Day Saints","","0","units","0","","59.1.1.1.11","260","","","","0"
"2021","Brantford (CMA), Ont.","2021S0503543","Total - Age","Total - Gender","2021 Counts","Lutheran","","0","units","0","","59.1.1.1.12","950","","","","0"
"2021","Brantford (CMA), Ont.","2021S0503543","Total - Age","Total - Gender","2021 Counts","Methodist and Wesleyan (Holiness)","","0","units","0","","59.1.1.1.13","400","","","","0"
"2021","Brantford (CMA), Ont.","2021S0503543","Total - Age","Total - Gender","2021 Counts","Pentecostal and other Charismatic","","0","units","0","","59.1.1.1.14","2190","","","","0"
"2021","Brantford (CMA), Ont.","2021S0503543","Total - Age","Total - Gender","2021 Counts","Presbyterian","","0","units","0","","59.1.1.1.15","2535","","","","0"
"2021","Brantford (CMA), Ont.","2021S0503543","Total - Age","Total - Gender","2021 Counts","Reformed","","0","units","0","","59.1.1.1.16","1655","","","","0"
"2021","Brantford (CMA), Ont.","2021S0503543","Total - Age","Total - Gender","2021 Counts","United Church","","0","units","0","","59.1.1.1.17","8025","","","","0"
"2021","Brantford (CMA), Ont.","2021S0503543","Total - Age","Total - Gender","2021 Counts","Other Christian and Christian-related traditions","","0","units","0","","59.1.1.1.18","3780","","","","0"
"2021","Brantford (CMA), Ont.","2021S0503543","Total - Age","Total - Gender","2021 Counts","Hindu","","0","units","0","","59.1.1.1.19","1895","","","","0"
"2021","Brantford (CMA), Ont.","2021S0503543","Total - Age","Total - Gender","2021 Counts","Jewish","","0","units","0","","59.1.1.1.20","175","","","","0"
"2021","Brantford (CMA), Ont.","2021S0503543","Total - Age","Total - Gender","2021 Counts","Muslim","","0","units","0","","59.1.1.1.21","2475","","","","0"
"2021","Brantford (CMA), Ont.","2021S0503543","Total - Age","Total - Gender","2021 Counts","Sikh","","0","units","0","","59.1.1.1.22","3065","","","","0"
"2021","Brantford (CMA), Ont.","2021S0503543","Total - Age","Total - Gender","2021 Counts","Traditional (North American Indigenous) spirituality","","0","units","0","","59.1.1.1.23","335","","","","0"
"2021","Brantford (CMA), Ont.","2021S0503543","Total - Age","Total - Gender","2021 Counts","Other religions and spiritual traditions","","0","units","0","","59.1.1.1.24","845","","","","0"
"2021","Brantford (CMA), Ont.","2021S0503543","Total - Age","Total - Gender","2021 Counts","No religion and secular perspectives","","0","units","0","","59.1.1.1.25","56600","","","","0"
"2021","Greater Sudbury (CMA), Ont.","2021S0503580","Total - Age","Total - Gender","2021 Counts","Total - Religion","","0","units","0","","68.1.1.1.1","167620","","","","0"
"2021","Greater Sudbury (CMA), Ont.","2021S0503580","Total - Age","Total - Gender","2021 Counts","Buddhist","","0","units","0","","68.1.1.1.2","310","","","","0"
"2021","Greater Sudbury (CMA), Ont.","2021S0503580","Total - Age","Total - Gender","2021 Counts","Christian","","0","units","0","","68.1.1.1.3","106790","","","","0"
"2021","Greater Sudbury (CMA), Ont.","2021S0503580","Total - Age","Total - Gender","2021 Counts","Christian, n.o.s.","","0","units","0","","68.1.1.1.4","6620","","","","0"
"2021","Greater Sudbury (CMA), Ont.","2021S0503580","Total - Age","Total - Gender","2021 Counts","Anabaptist","","0","units","0","","68.1.1.1.5","120","","","","0"
"2021","Greater Sudbury (CMA), Ont.","2021S0503580","Total - Age","Total - Gender","2021 Counts","Anglican","","0","units","0","","68.1.1.1.6","4710","","","","0"
"2021","Greater Sudbury (CMA), Ont.","2021S0503580","Total - Age","Total - Gender","2021 Counts","Baptist","","0","units","0","","68.1.1.1.7","1550","","","","0"
"2021","Greater Sudbury (CMA), Ont.","2021S0503580","Total - Age","Total - Gender","2021 Counts","Catholic","","0","units","0","","68.1.1.1.8","78375","","","","0"
"2021","Greater Sudbury (CMA), Ont.","2021S0503580","Total - Age","Total - Gender","2021 Counts","Christian Orthodox","","0","units","0","","68.1.1.1.9","760","","","","0"
"2021","Greater Sudbury (CMA), Ont.","2021S0503580","Total - Age","Total - Gender","2021 Counts","Jehovah's Witness","","0","units","0","","68.1.1.1.10","710","","","","0"
"2021","Greater Sudbury (CMA), Ont.","2021S0503580","Total - Age","Total - Gender","2021 Counts","Latter Day Saints","","0","units","0","","68.1.1.1.11","190","","","","0"
"2021","Greater Sudbury (CMA), Ont.","2021S0503580","Total - Age","Total - Gender","2021 Counts","Lutheran","","0","units","0","","68.1.1.1.12","2095","","","","0"
"2021","Greater Sudbury (CMA), Ont.","2021S0503580","Total - Age","Total - Gender","2021 Counts","Methodist and Wesleyan (Holiness)","","0","units","0","","68.1.1.1.13","145","","","","0"
"2021","Greater Sudbury (CMA), Ont.","2021S0503580","Total - Age","Total - Gender","2021 Counts","Pentecostal and other Charismatic","","0","units","0","","68.1.1.1.14","1815","","","","0"
"2021","Greater Sudbury (CMA), Ont.","2021S0503580","Total - Age","Total - Gender","2021 Counts","Presbyterian","","0","units","0","","68.1.1.1.15","950","","","","0"
"2021","Greater Sudbury (CMA), Ont.","2021S0503580","Total - Age","Total - Gender","2021 Counts","Reformed","","0","units","0","","68.1.1.1.16","30","","","","0"
"2021","Greater Sudbury (CMA), Ont.","2021S0503580","Total - Age","Total - Gender","2021 Counts","United Church","","0","units","0","","68.1.1.1.17","5935","","","","0"
"2021","Greater Sudbury (CMA), Ont.","2021S0503580","Total - Age","Total - Gender","2021 Counts","Other Christian and Christian-related traditions","","0","units","0","","68.1.1.1.18","2775","","","","0"
"2021","Greater Sudbury (CMA), Ont.","2021S0503580","Total - Age","Total - Gender","2021 Counts","Hindu","","0","units","0","","68.1.1.1.19","1330","","","","0"
"2021","Greater Sudbury (CMA), Ont.","2021S0503580","Total - Age","Total - Gender","2021 Counts","Jewish","","0","units","0","","68.1.1.1.20","185","","","","0"
"2021","Greater Sudbury (CMA), Ont.","2021S0503580","Total - Age","Total - Gender","2021 Counts","Muslim","","0","units","0","","68.1.1.1.21","1550","","","","0"
"2021","Greater Sudbury (CMA), Ont.","2021S0503580","Total - Age","Total - Gender","2021 Counts","Sikh","","0","units","0","","68.1.1.1.22","535","","","","0"
"2021","Greater Sudbury (CMA), Ont.","2021S0503580","Total - Age","Total - Gender","2021 Counts","Traditional (North American Indigenous) spirituality","","0","units","0","","68.1.1.1.23","485","","","","0"
"2021","Greater Sudbury (CMA), Ont.","2021S0503580","Total - Age","Total - Gender","2021 Counts","Other religions and spiritual traditions","","0","units","0","","68.1.1.1.24","950","","","","0"
"2021","Greater Sudbury (CMA), Ont.","2021S0503580","Total - Age","Total - Gender","2021 Counts","No religion and secular perspectives","","0","units","0","","68.1.1.1.25","55480","","","","0"
"2021","Guelph (CMA), Ont.","2021S0503550","Total - Age","Total - Gender","2021 Counts","Total - Religion","","0","units","0","","69.1.1.1.1","163485","","","","0"
"2021","Guelph (CMA), Ont.","2021S0503550","Total - Age","Total - Gender","2021 Counts","Buddhist","","0","units","0","","69.1.1.1.2","2105","","","","0"
"2021","Guelph (CMA), Ont.","2021S0503550","Total - Age","Total - Gender","2021 Counts","Christian","","0","units","0","","69.1.1.1.3","83120","","","","0"
"2021","Guelph (CMA), Ont.","2021S0503550","Total - Age","Total - Gender","2021 Counts","Christian, n.o.s.","","0","units","0","","69.1.1.1.4","12225","","","","0"
"2021","Guelph (CMA), Ont.","2021S0503550","Total - Age","Total - Gender","2021 Counts","Anabaptist","","0","units","0","","69.1.1.1.5","225","","","","0"
"2021","Guelph (CMA), Ont.","2021S0503550","Total - Age","Total - Gender","2021 Counts","Anglican","","0","units","0","","69.1.1.1.6","6570","","","","0"
"2021","Guelph (CMA), Ont.","2021S0503550","Total - Age","Total - Gender","2021 Counts","Baptist","","0","units","0","","69.1.1.1.7","1810","","","","0"
"2021","Guelph (CMA), Ont.","2021S0503550","Total - Age","Total - Gender","2021 Counts","Catholic","","0","units","0","","69.1.1.1.8","39085","","","","0"
"2021","Guelph (CMA), Ont.","2021S0503550","Total - Age","Total - Gender","2021 Counts","Christian Orthodox","","0","units","0","","69.1.1.1.9","3080","","","","0"
"2021","Guelph (CMA), Ont.","2021S0503550","Total - Age","Total - Gender","2021 Counts","Jehovah's Witness","","0","units","0","","69.1.1.1.10","550","","","","0"
"2021","Guelph (CMA), Ont.","2021S0503550","Total - Age","Total - Gender","2021 Counts","Latter Day Saints","","0","units","0","","69.1.1.1.11","270","","","","0"
"2021","Guelph (CMA), Ont.","2021S0503550","Total - Age","Total - Gender","2021 Counts","Lutheran","","0","units","0","","69.1.1.1.12","1330","","","","0"
"2021","Guelph (CMA), Ont.","2021S0503550","Total - Age","Total - Gender","2021 Counts","Methodist and Wesleyan (Holiness)","","0","units","0","","69.1.1.1.13","510","","","","0"
"2021","Guelph (CMA), Ont.","2021S0503550","Total - Age","Total - Gender","2021 Counts","Pentecostal and other Charismatic","","0","units","0","","69.1.1.1.14","1150","","","","0"
"2021","Guelph (CMA), Ont.","2021S0503550","Total - Age","Total - Gender","2021 Counts","Presbyterian","","0","units","0","","69.1.1.1.15","3890","","","","0"
"2021","Guelph (CMA), Ont.","2021S0503550","Total - Age","Total - Gender","2021 Counts","Reformed","","0","units","0","","69.1.1.1.16","1015","","","","0"
"2021","Guelph (CMA), Ont.","2021S0503550","Total - Age","Total - Gender","2021 Counts","United Church","","0","units","0","","69.1.1.1.17","7345","","","","0"
"2021","Guelph (CMA), Ont.","2021S0503550","Total - Age","Total - Gender","2021 Counts","Other Christian and Christian-related traditions","","0","units","0","","69.1.1.1.18","4065","","","","0"
"2021","Guelph (CMA), Ont.","2021S0503550","Total - Age","Total - Gender","2021 Counts","Hindu","","0","units","0","","69.1.1.1.19","4000","","","","0"
"2021","Guelph (CMA), Ont.","2021S0503550","Total - Age","Total - Gender","2021 Counts","Jewish","","0","units","0","","69.1.1.1.20","710","","","","0"
"2021","Guelph (CMA), Ont.","2021S0503550","Total - Age","Total - Gender","2021 Counts","Muslim","","0","units","0","","69.1.1.1.21","6875","","","","0"
"2021","Guelph (CMA), Ont.","2021S0503550","Total - Age","Total - Gender","2021 Counts","Sikh","","0","units","0","","69.1.1.1.22","2490","","","","0"
"2021","Guelph (CMA), Ont.","2021S0503550","Total - Age","Total - Gender","2021 Counts","Traditional (North American Indigenous) spirituality","","0","units","0","","69.1.1.1.23","70","","","","0"
"2021","Guelph (CMA), Ont.","2021S0503550","Total - Age","Total - Gender","2021 Counts","Other religions and spiritual traditions","","0","units","0","","69.1.1.1.24","1315","","","","0"
"2021","Guelph (CMA), Ont.","2021S0503550","Total - Age","Total - Gender","2021 Counts","No religion and secular perspectives","","0","units","0","","69.1.1.1.25","62795","","","","0"
"2021","Hamilton (CMA), Ont.","2021S0503537","Total - Age","Total - Gender","2021 Counts","Total - Religion","","0","units","0","","70.1.1.1.1","773440","","","","0"
"2021","Hamilton (CMA), Ont.","2021S0503537","Total - Age","Total - Gender","2021 Counts","Buddhist","","0","units","0","","70.1.1.1.2","5960","","","","0"
"2021","Hamilton (CMA), Ont.","2021S0503537","Total - Age","Total - Gender","2021 Counts","Christian","","0","units","0","","70.1.1.1.3","434730","","","","0"
"2021","Hamilton (CMA), Ont.","2021S0503537","Total - Age","Total - Gender","2021 Counts","Christian, n.o.s.","","0","units","0","","70.1.1.1.4","56065","","","","0"
"2021","Hamilton (CMA), Ont.","2021S0503537","Total - Age","Total - Gender","2021 Counts","Anabaptist","","0","units","0","","70.1.1.1.5","1280","","","","0"
"2021","Hamilton (CMA), Ont.","2021S0503537","Total - Age","Total - Gender","2021 Counts","Anglican","","0","units","0","","70.1.1.1.6","33705","","","","0"
"2021","Hamilton (CMA), Ont.","2021S0503537","Total - Age","Total - Gender","2021 Counts","Baptist","","0","units","0","","70.1.1.1.7","9415","","","","0"
"2021","Hamilton (CMA), Ont.","2021S0503537","Total - Age","Total - Gender","2021 Counts","Catholic","","0","units","0","","70.1.1.1.8","225460","","","","0"
"2021","Hamilton (CMA), Ont.","2021S0503537","Total - Age","Total - Gender","2021 Counts","Christian Orthodox","","0","units","0","","70.1.1.1.9","21460","","","","0"
"2021","Hamilton (CMA), Ont.","2021S0503537","Total - Age","Total - Gender","2021 Counts","Jehovah's Witness","","0","units","0","","70.1.1.1.10","2810","","","","0"
"2021","Hamilton (CMA), Ont.","2021S0503537","Total - Age","Total - Gender","2021 Counts","Latter Day Saints","","0","units","0","","70.1.1.1.11","910","","","","0"
"2021","Hamilton (CMA), Ont.","2021S0503537","Total - Age","Total - Gender","2021 Counts","Lutheran","","0","units","0","","70.1.1.1.12","4835","","","","0"
"2021","Hamilton (CMA), Ont.","2021S0503537","Total - Age","Total - Gender","2021 Counts","Methodist and Wesleyan (Holiness)","","0","units","0","","70.1.1.1.13","1375","","","","0"
"2021","Hamilton (CMA), Ont.","2021S0503537","Total - Age","Total - Gender","2021 Counts","Pentecostal and other Charismatic","","0","units","0","","70.1.1.1.14","8365","","","","0"
"2021","Hamilton (CMA), Ont.","2021S0503537","Total - Age","Total - Gender","2021 Counts","Presbyterian","","0","units","0","","70.1.1.1.15","14205","","","","0"
"2021","Hamilton (CMA), Ont.","2021S0503537","Total - Age","Total - Gender","2021 Counts","Reformed","","0","units","0","","70.1.1.1.16","6330","","","","0"
"2021","Hamilton (CMA), Ont.","2021S0503537","Total - Age","Total - Gender","2021 Counts","United Church","","0","units","0","","70.1.1.1.17","30675","","","","0"
"2021","Hamilton (CMA), Ont.","2021S0503537","Total - Age","Total - Gender","2021 Counts","Other Christian and Christian-related traditions","","0","units","0","","70.1.1.1.18","17835","","","","0"
"2021","Hamilton (CMA), Ont.","2021S0503537","Total - Age","Total - Gender","2021 Counts","Hindu","","0","units","0","","70.1.1.1.19","14690","","","","0"
"2021","Hamilton (CMA), Ont.","2021S0503537","Total - Age","Total - Gender","2021 Counts","Jewish","","0","units","0","","70.1.1.1.20","3885","","","","0"
"2021","Hamilton (CMA), Ont.","2021S0503537","Total - Age","Total - Gender","2021 Counts","Muslim","","0","units","0","","70.1.1.1.21","46435","","","","0"
"2021","Hamilton (CMA), Ont.","2021S0503537","Total - Age","Total - Gender","2021 Counts","Sikh","","0","units","0","","70.1.1.1.22","9585","","","","0"
"2021","Hamilton (CMA), Ont.","2021S0503537","Total - Age","Total - Gender","2021 Counts","Traditional (North American Indigenous) spirituality","","0","units","0","","70.1.1.1.23","385","","","","0"
"2021","Hamilton (CMA), Ont.","2021S0503537","Total - Age","Total - Gender","2021 Counts","Other religions and spiritual traditions","","0","units","0","","70.1.1.1.24","4575","","","","0"
"2021","Hamilton (CMA), Ont.","2021S0503537","Total - Age","Total - Gender","2021 Counts","No religion and secular perspectives","","0","units","0","","70.1.1.1.25","253190","","","","0"
"2021","Kingston (CMA), Ont.","2021S0503521","Total - Age","Total - Gender","2021 Counts","Total - Religion","","0","units","0","","77.1.1.1.1","168075","","","","0"
"2021","Kingston (CMA), Ont.","2021S0503521","Total - Age","Total - Gender","2021 Counts","Buddhist","","0","units","0","","77.1.1.1.2","520","","","","0"
"2021","Kingston (CMA), Ont.","2021S0503521","Total - Age","Total - Gender","2021 Counts","Christian","","0","units","0","","77.1.1.1.3","87950","","","","0"
"2021","Kingston (CMA), Ont.","2021S0503521","Total - Age","Total - Gender","2021 Counts","Christian, n.o.s.","","0","units","0","","77.1.1.1.4","8540","","","","0"
"2021","Kingston (CMA), Ont.","2021S0503521","Total - Age","Total - Gender","2021 Counts","Anabaptist","","0","units","0","","77.1.1.1.5","50","","","","0"
"2021","Kingston (CMA), Ont.","2021S0503521","Total - Age","Total - Gender","2021 Counts","Anglican","","0","units","0","","77.1.1.1.6","11885","","","","0"
"2021","Kingston (CMA), Ont.","2021S0503521","Total - Age","Total - Gender","2021 Counts","Baptist","","0","units","0","","77.1.1.1.7","1620","","","","0"
"2021","Kingston (CMA), Ont.","2021S0503521","Total - Age","Total - Gender","2021 Counts","Catholic","","0","units","0","","77.1.1.1.8","39145","","","","0"
"2021","Kingston (CMA), Ont.","2021S0503521","Total - Age","Total - Gender","2021 Counts","Christian Orthodox","","0","units","0","","77.1.1.1.9","1320","","","","0"
"2021","Kingston (CMA), Ont.","2021S0503521","Total - Age","Total - Gender","2021 Counts","Jehovah's Witness","","0","units","0","","77.1.1.1.10","350","","","","0"
"2021","Kingston (CMA), Ont.","2021S0503521","Total - Age","Total - Gender","2021 Counts","Latter Day Saints","","0","units","0","","77.1.1.1.11","260","","","","0"
"2021","Kingston (CMA), Ont.","2021S0503521","Total - Age","Total - Gender","2021 Counts","Lutheran","","0","units","0","","77.1.1.1.12","850","","","","0"
"2021","Kingston (CMA), Ont.","2021S0503521","Total - Age","Total - Gender","2021 Counts","Methodist and Wesleyan (Holiness)","","0","units","0","","77.1.1.1.13","1545","","","","0"
"2021","Kingston (CMA), Ont.","2021S0503521","Total - Age","Total - Gender","2021 Counts","Pentecostal and other Charismatic","","0","units","0","","77.1.1.1.14","1265","","","","0"
"2021","Kingston (CMA), Ont.","2021S0503521","Total - Age","Total - Gender","2021 Counts","Presbyterian","","0","units","0","","77.1.1.1.15","2360","","","","0"
"2021","Kingston (CMA), Ont.","2021S0503521","Total - Age","Total - Gender","2021 Counts","Reformed","","0","units","0","","77.1.1.1.16","410","","","","0"
"2021","Kingston (CMA), Ont.","2021S0503521","Total - Age","Total - Gender","2021 Counts","United Church","","0","units","0","","77.1.1.1.17","13020","","","","0"
"2021","Kingston (CMA), Ont.","2021S0503521","Total - Age","Total - Gender","2021 Counts","Other Christian and Christian-related traditions","","0","units","0","","77.1.1.1.18","5325","","","","0"
"2021","Kingston (CMA), Ont.","2021S0503521","Total - Age","Total - Gender","2021 Counts","Hindu","","0","units","0","","77.1.1.1.19","1730","","","","0"
"2021","Kingston (CMA), Ont.","2021S0503521","Total - Age","Total - Gender","2021 Counts","Jewish","","0","units","0","","77.1.1.1.20","935","","","","0"
"2021","Kingston (CMA), Ont.","2021S0503521","Total - Age","Total - Gender","2021 Counts","Muslim","","0","units","0","","77.1.1.1.21","3420","","","","0"
"2021","Kingston (CMA), Ont.","2021S0503521","Total - Age","Total - Gender","2021 Counts","Sikh","","0","units","0","","77.1.1.1.22","525","","","","0"
"2021","Kingston (CMA), Ont.","2021S0503521","Total - Age","Total - Gender","2021 Counts","Traditional (North American Indigenous) spirituality","","0","units","0","","77.1.1.1.23","105","","","","0"
"2021","Kingston (CMA), Ont.","2021S0503521","Total - Age","Total - Gender","2021 Counts","Other religions and spiritual traditions","","0","units","0","","77.1.1.1.24","1505","","","","0"
"2021","Kingston (CMA), Ont.","2021S0503521","Total - Age","Total - Gender","2021 Counts","No religion and secular perspectives","","0","units","0","","77.1.1.1.25","71390","","","","0"
"2021","Kitchener - Cambridge - Waterloo (CMA), Ont.","2021S0503541","Total - Age","Total - Gender","2021 Counts","Total - Religion","","0","units","0","","78.1.1.1.1","568065","","","","0"
"2021","Kitchener - Cambridge - Waterloo (CMA), Ont.","2021S0503541","Total - Age","Total - Gender","2021 Counts","Buddhist","","0","units","0","","78.1.1.1.2","5585","","","","0"
"2021","Kitchener - Cambridge - Waterloo (CMA), Ont.","2021S0503541","Total - Age","Total - Gender","2021 Counts","Christian","","0","units","0","","78.1.1.1.3","298560","","","","0"
"2021","Kitchener - Cambridge - Waterloo (CMA), Ont.","2021S0503541","Total - Age","Total - Gender","2021 Counts","Christian, n.o.s.","","0","units","0","","78.1.1.1.4","48815","","","","0"
"2021","Kitchener - Cambridge - Waterloo (CMA), Ont.","2021S0503541","Total - Age","Total - Gender","2021 Counts","Anabaptist","","0","units","0","","78.1.1.1.5","8845","","","","0"
"2021","Kitchener - Cambridge - Waterloo (CMA), Ont.","2021S0503541","Total - Age","Total - Gender","2021 Counts","Anglican","","0","units","0","","78.1.1.1.6","17100","","","","0"
"2021","Kitchener - Cambridge - Waterloo (CMA), Ont.","2021S0503541","Total - Age","Total - Gender","2021 Counts","Baptist","","0","units","0","","78.1.1.1.7","8230","","","","0"
"2021","Kitchener - Cambridge - Waterloo (CMA), Ont.","2021S0503541","Total - Age","Total - Gender","2021 Counts","Catholic","","0","units","0","","78.1.1.1.8","129310","","","","0"
"2021","Kitchener - Cambridge - Waterloo (CMA), Ont.","2021S0503541","Total - Age","Total - Gender","2021 Counts","Christian Orthodox","","0","units","0","","78.1.1.1.9","16150","","","","0"
"2021","Kitchener - Cambridge - Waterloo (CMA), Ont.","2021S0503541","Total - Age","Total - Gender","2021 Counts","Jehovah's Witness","","0","units","0","","78.1.1.1.10","1970","","","","0"
"2021","Kitchener - Cambridge - Waterloo (CMA), Ont.","2021S0503541","Total - Age","Total - Gender","2021 Counts","Latter Day Saints","","0","units","0","","78.1.1.1.11","865","","","","0"
"2021","Kitchener - Cambridge - Waterloo (CMA), Ont.","2021S0503541","Total - Age","Total - Gender","2021 Counts","Lutheran","","0","units","0","","78.1.1.1.12","16135","","","","0"
"2021","Kitchener - Cambridge - Waterloo (CMA), Ont.","2021S0503541","Total - Age","Total - Gender","2021 Counts","Methodist and Wesleyan (Holiness)","","0","units","0","","78.1.1.1.13","1810","","","","0"
"2021","Kitchener - Cambridge - Waterloo (CMA), Ont.","2021S0503541","Total - Age","Total - Gender","2021 Counts","Pentecostal and other Charismatic","","0","units","0","","78.1.1.1.14","8010","","","","0"
"2021","Kitchener - Cambridge - Waterloo (CMA), Ont.","2021S0503541","Total - Age","Total - Gender","2021 Counts","Presbyterian","","0","units","0","","78.1.1.1.15","9825","","","","0"
"2021","Kitchener - Cambridge - Waterloo (CMA), Ont.","2021S0503541","Total - Age","Total - Gender","2021 Counts","Reformed","","0","units","0","","78.1.1.1.16","1755","","","","0"
"2021","Kitchener - Cambridge - Waterloo (CMA), Ont.","2021S0503541","Total - Age","Total - Gender","2021 Counts","United Church","","0","units","0","","78.1.1.1.17","17485","","","","0"
"2021","Kitchener - Cambridge - Waterloo (CMA), Ont.","2021S0503541","Total - Age","Total - Gender","2021 Counts","Other Christian and Christian-related traditions","","0","units","0","","78.1.1.1.18","12270","","","","0"
"2021","Kitchener - Cambridge - Waterloo (CMA), Ont.","2021S0503541","Total - Age","Total - Gender","2021 Counts","Hindu","","0","units","0","","78.1.1.1.19","19595","","","","0"
"2021","Kitchener - Cambridge - Waterloo (CMA), Ont.","2021S0503541","Total - Age","Total - Gender","2021 Counts","Jewish","","0","units","0","","78.1.1.1.20","1480","","","","0"
"2021","Kitchener - Cambridge - Waterloo (CMA), Ont.","2021S0503541","Total - Age","Total - Gender","2021 Counts","Muslim","","0","units","0","","78.1.1.1.21","38655","","","","0"
"2021","Kitchener - Cambridge - Waterloo (CMA), Ont.","2021S0503541","Total - Age","Total - Gender","2021 Counts","Sikh","","0","units","0","","78.1.1.1.22","12295","","","","0"
"2021","Kitchener - Cambridge - Waterloo (CMA), Ont.","2021S0503541","Total - Age","Total - Gender","2021 Counts","Traditional (North American Indigenous) spirituality","","0","units","0","","78.1.1.1.23","125","","","","0"
"2021","Kitchener - Cambridge - Waterloo (CMA), Ont.","2021S0503541","Total - Age","Total - Gender","2021 Counts","Other religions and spiritual traditions","","0","units","0","","78.1.1.1.24","4440","","","","0"
"2021","Kitchener - Cambridge - Waterloo (CMA), Ont.","2021S0503541","Total - Age","Total - Gender","2021 Counts","No religion and secular perspectives","","0","units","0","","78.1.1.1.25","187335","","","","0"
"2021","London (CMA), Ont.","2021S0503555","Total - Age","Total - Gender","2021 Counts","Total - Religion","","0","units","0","","79.1.1.1.1","535775","","","","0"
"2021","London (CMA), Ont.","2021S0503555","Total - Age","Total - Gender","2021 Counts","Buddhist","","0","units","0","","79.1.1.1.2","3975","","","","0"
"2021","London (CMA), Ont.","2021S0503555","Total - Age","Total - Gender","2021 Counts","Christian","","0","units","0","","79.1.1.1.3","273195","","","","0"
"2021","London (CMA), Ont.","2021S0503555","Total - Age","Total - Gender","2021 Counts","Christian, n.o.s.","","0","units","0","","79.1.1.1.4","45185","","","","0"
"2021","London (CMA), Ont.","2021S0503555","Total - Age","Total - Gender","2021 Counts","Anabaptist","","0","units","0","","79.1.1.1.5","745","","","","0"
"2021","London (CMA), Ont.","2021S0503555","Total - Age","Total - Gender","2021 Counts","Anglican","","0","units","0","","79.1.1.1.6","24465","","","","0"
"2021","London (CMA), Ont.","2021S0503555","Total - Age","Total - Gender","2021 Counts","Baptist","","0","units","0","","79.1.1.1.7","9775","","","","0"
"2021","London (CMA), Ont.","2021S0503555","Total - Age","Total - Gender","2021 Counts","Catholic","","0","units","0","","79.1.1.1.8","114275","","","","0"
"2021","London (CMA), Ont.","2021S0503555","Total - Age","Total - Gender","2021 Counts","Christian Orthodox","","0","units","0","","79.1.1.1.9","8330","","","","0"
"2021","London (CMA), Ont.","2021S0503555","Total - Age","Total - Gender","2021 Counts","Jehovah's Witness","","0","units","0","","79.1.1.1.10","2110","","","","0"
"2021","London (CMA), Ont.","2021S0503555","Total - Age","Total - Gender","2021 Counts","Latter Day Saints","","0","units","0","","79.1.1.1.11","1090","","","","0"
"2021","London (CMA), Ont.","2021S0503555","Total - Age","Total - Gender","2021 Counts","Lutheran","","0","units","0","","79.1.1.1.12","3810","","","","0"
"2021","London (CMA), Ont.","2021S0503555","Total - Age","Total - Gender","2021 Counts","Methodist and Wesleyan (Holiness)","","0","units","0","","79.1.1.1.13","1015","","","","0"
"2021","London (CMA), Ont.","2021S0503555","Total - Age","Total - Gender","2021 Counts","Pentecostal and other Charismatic","","0","units","0","","79.1.1.1.14","6210","","","","0"
"2021","London (CMA), Ont.","2021S0503555","Total - Age","Total - Gender","2021 Counts","Presbyterian","","0","units","0","","79.1.1.1.15","9395","","","","0"
"2021","London (CMA), Ont.","2021S0503555","Total - Age","Total - Gender","2021 Counts","Reformed","","0","units","0","","79.1.1.1.16","2940","","","","0"
"2021","London (CMA), Ont.","2021S0503555","Total - Age","Total - Gender","2021 Counts","United Church","","0","units","0","","79.1.1.1.17","31295","","","","0"
"2021","London (CMA), Ont.","2021S0503555","Total - Age","Total - Gender","2021 Counts","Other Christian and Christian-related traditions","","0","units","0","","79.1.1.1.18","12555","","","","0"
"2021","London (CMA), Ont.","2021S0503555","Total - Age","Total - Gender","2021 Counts","Hindu","","0","units","0","","79.1.1.1.19","9065","","","","0"
"2021","London (CMA), Ont.","2021S0503555","Total - Age","Total - Gender","2021 Counts","Jewish","","0","units","0","","79.1.1.1.20","2085","","","","0"
"2021","London (CMA), Ont.","2021S0503555","Total - Age","Total - Gender","2021 Counts","Muslim","","0","units","0","","79.1.1.1.21","35875","","","","0"
"2021","London (CMA), Ont.","2021S0503555","Total - Age","Total - Gender","2021 Counts","Sikh","","0","units","0","","79.1.1.1.22","4265","","","","0"
"2021","London (CMA), Ont.","2021S0503555","Total - Age","Total - Gender","2021 Counts","Traditional (North American Indigenous) spirituality","","0","units","0","","79.1.1.1.23","485","","","","0"
"2021","London (CMA), Ont.","2021S0503555","Total - Age","Total - Gender","2021 Counts","Other religions and spiritual traditions","","0","units","0","","79.1.1.1.24","4680","","","","0"
"2021","London (CMA), Ont.","2021S0503555","Total - Age","Total - Gender","2021 Counts","No religion and secular perspectives","","0","units","0","","79.1.1.1.25","202160","","","","0"
"2021","Oshawa (CMA), Ont.","2021S0503532","Total - Age","Total - Gender","2021 Counts","Total - Religion","","0","units","0","","84.1.1.1.1","411405","","","","0"
"2021","Oshawa (CMA), Ont.","2021S0503532","Total - Age","Total - Gender","2021 Counts","Buddhist","","0","units","0","","84.1.1.1.2","2055","","","","0"
"2021","Oshawa (CMA), Ont.","2021S0503532","Total - Age","Total - Gender","2021 Counts","Christian","","0","units","0","","84.1.1.1.3","218010","","","","0"
"2021","Oshawa (CMA), Ont.","2021S0503532","Total - Age","Total - Gender","2021 Counts","Christian, n.o.s.","","0","units","0","","84.1.1.1.4","34420","","","","0"
"2021","Oshawa (CMA), Ont.","2021S0503532","Total - Age","Total - Gender","2021 Counts","Anabaptist","","0","units","0","","84.1.1.1.5","80","","","","0"
"2021","Oshawa (CMA), Ont.","2021S0503532","Total - Age","Total - Gender","2021 Counts","Anglican","","0","units","0","","84.1.1.1.6","19190","","","","0"
"2021","Oshawa (CMA), Ont.","2021S0503532","Total - Age","Total - Gender","2021 Counts","Baptist","","0","units","0","","84.1.1.1.7","5820","","","","0"
"2021","Oshawa (CMA), Ont.","2021S0503532","Total - Age","Total - Gender","2021 Counts","Catholic","","0","units","0","","84.1.1.1.8","97055","","","","0"
"2021","Oshawa (CMA), Ont.","2021S0503532","Total - Age","Total - Gender","2021 Counts","Christian Orthodox","","0","units","0","","84.1.1.1.9","7270","","","","0"
"2021","Oshawa (CMA), Ont.","2021S0503532","Total - Age","Total - Gender","2021 Counts","Jehovah's Witness","","0","units","0","","84.1.1.1.10","1165","","","","0"
"2021","Oshawa (CMA), Ont.","2021S0503532","Total - Age","Total - Gender","2021 Counts","Latter Day Saints","","0","units","0","","84.1.1.1.11","885","","","","0"
"2021","Oshawa (CMA), Ont.","2021S0503532","Total - Age","Total - Gender","2021 Counts","Lutheran","","0","units","0","","84.1.1.1.12","2180","","","","0"
"2021","Oshawa (CMA), Ont.","2021S0503532","Total - Age","Total - Gender","2021 Counts","Methodist and Wesleyan (Holiness)","","0","units","0","","84.1.1.1.13","1585","","","","0"
"2021","Oshawa (CMA), Ont.","2021S0503532","Total - Age","Total - Gender","2021 Counts","Pentecostal and other Charismatic","","0","units","0","","84.1.1.1.14","8085","","","","0"
"2021","Oshawa (CMA), Ont.","2021S0503532","Total - Age","Total - Gender","2021 Counts","Presbyterian","","0","units","0","","84.1.1.1.15","5020","","","","0"
"2021","Oshawa (CMA), Ont.","2021S0503532","Total - Age","Total - Gender","2021 Counts","Reformed","","0","units","0","","84.1.1.1.16","1500","","","","0"
"2021","Oshawa (CMA), Ont.","2021S0503532","Total - Age","Total - Gender","2021 Counts","United Church","","0","units","0","","84.1.1.1.17","22470","","","","0"
"2021","Oshawa (CMA), Ont.","2021S0503532","Total - Age","Total - Gender","2021 Counts","Other Christian and Christian-related traditions","","0","units","0","","84.1.1.1.18","11280","","","","0"
"2021","Oshawa (CMA), Ont.","2021S0503532","Total - Age","Total - Gender","2021 Counts","Hindu","","0","units","0","","84.1.1.1.19","15880","","","","0"
"2021","Oshawa (CMA), Ont.","2021S0503532","Total - Age","Total - Gender","2021 Counts","Jewish","","0","units","0","","84.1.1.1.20","1120","","","","0"
"2021","Oshawa (CMA), Ont.","2021S0503532","Total - Age","Total - Gender","2021 Counts","Muslim","","0","units","0","","84.1.1.1.21","22160","","","","0"
"2021","Oshawa (CMA), Ont.","2021S0503532","Total - Age","Total - Gender","2021 Counts","Sikh","","0","units","0","","84.1.1.1.22","1550","","","","0"
"2021","Oshawa (CMA), Ont.","2021S0503532","Total - Age","Total - Gender","2021 Counts","Traditional (North American Indigenous) spirituality","","0","units","0","","84.1.1.1.23","140","","","","0"
"2021","Oshawa (CMA), Ont.","2021S0503532","Total - Age","Total - Gender","2021 Counts","Other religions and spiritual traditions","","0","units","0","","84.1.1.1.24","2170","","","","0"
"2021","Oshawa (CMA), Ont.","2021S0503532","Total - Age","Total - Gender","2021 Counts","No religion and secular perspectives","","0","units","0","","84.1.1.1.25","148325","","","","0"
"2021","Ottawa - Gatineau (CMA), Ont./Que.","2021S0503505","Total - Age","Total - Gender","2021 Counts","Total - Religion","","0","units","0","","85.1.1.1.1","1464500","","","","0"
"2021","Ottawa - Gatineau (CMA), Ont./Que.","2021S0503505","Total - Age","Total - Gender","2021 Counts","Buddhist","","0","units","0","","85.1.1.1.2","12185","","","","0"
"2021","Ottawa - Gatineau (CMA), Ont./Que.","2021S0503505","Total - Age","Total - Gender","2021 Counts","Christian","","0","units","0","","85.1.1.1.3","824655","","","","0"
"2021","Ottawa - Gatineau (CMA), Ont./Que.","2021S0503505","Total - Age","Total - Gender","2021 Counts","Christian, n.o.s.","","0","units","0","","85.1.1.1.4","95005","","","","0"
"2021","Ottawa - Gatineau (CMA), Ont./Que.","2021S0503505","Total - Age","Total - Gender","2021 Counts","Anabaptist","","0","units","0","","85.1.1.1.5","985","","","","0"
"2021","Ottawa - Gatineau (CMA), Ont./Que.","2021S0503505","Total - Age","Total - Gender","2021 Counts","Anglican","","0","units","0","","85.1.1.1.6","50905","","","","0"
"2021","Ottawa - Gatineau (CMA), Ont./Que.","2021S0503505","Total - Age","Total - Gender","2021 Counts","Baptist","","0","units","0","","85.1.1.1.7","10625","","","","0"
"2021","Ottawa - Gatineau (CMA), Ont./Que.","2021S0503505","Total - Age","Total - Gender","2021 Counts","Catholic","","0","units","0","","85.1.1.1.8","524040","","","","0"
"2021","Ottawa - Gatineau (CMA), Ont./Que.","2021S0503505","Total - Age","Total - Gender","2021 Counts","Christian Orthodox","","0","units","0","","85.1.1.1.9","25905","","","","0"
"2021","Ottawa - Gatineau (CMA), Ont./Que.","2021S0503505","Total - Age","Total - Gender","2021 Counts","Jehovah's Witness","","0","units","0","","85.1.1.1.10","4765","","","","0"
"2021","Ottawa - Gatineau (CMA), Ont./Que.","2021S0503505","Total - Age","Total - Gender","2021 Counts","Latter Day Saints","","0","units","0","","85.1.1.1.11","1540","","","","0"
"2021","Ottawa - Gatineau (CMA), Ont./Que.","2021S0503505","Total - Age","Total - Gender","2021 Counts","Lutheran","","0","units","0","","85.1.1.1.12","7960","","","","0"
"2021","Ottawa - Gatineau (CMA), Ont./Que.","2021S0503505","Total - Age","Total - Gender","2021 Counts","Methodist and Wesleyan (Holiness)","","0","units","0","","85.1.1.1.13","2790","","","","0"
"2021","Ottawa - Gatineau (CMA), Ont./Que.","2021S0503505","Total - Age","Total - Gender","2021 Counts","Pentecostal and other Charismatic","","0","units","0","","85.1.1.1.14","14730","","","","0"
"2021","Ottawa - Gatineau (CMA), Ont./Que.","2021S0503505","Total - Age","Total - Gender","2021 Counts","Presbyterian","","0","units","0","","85.1.1.1.15","11820","","","","0"
"2021","Ottawa - Gatineau (CMA), Ont./Que.","2021S0503505","Total - Age","Total - Gender","2021 Counts","Reformed","","0","units","0","","85.1.1.1.16","1405","","","","0"
"2021","Ottawa - Gatineau (CMA), Ont./Que.","2021S0503505","Total - Age","Total - Gender","2021 Counts","United Church","","0","units","0","","85.1.1.1.17","44005","","","","0"
"2021","Ottawa - Gatineau (CMA), Ont./Que.","2021S0503505","Total - Age","Total - Gender","2021 Counts","Other Christian and Christian-related traditions","","0","units","0","","85.1.1.1.18","28175","","","","0"
"2021","Ottawa - Gatineau (CMA), Ont./Que.","2021S0503505","Total - Age","Total - Gender","2021 Counts","Hindu","","0","units","0","","85.1.1.1.19","21205","","","","0"
"2021","Ottawa - Gatineau (CMA), Ont./Que.","2021S0503505","Total - Age","Total - Gender","2021 Counts","Jewish","","0","units","0","","85.1.1.1.20","11395","","","","0"
"2021","Ottawa - Gatineau (CMA), Ont./Que.","2021S0503505","Total - Age","Total - Gender","2021 Counts","Muslim","","0","units","0","","85.1.1.1.21","114780","","","","0"
"2021","Ottawa - Gatineau (CMA), Ont./Que.","2021S0503505","Total - Age","Total - Gender","2021 Counts","Sikh","","0","units","0","","85.1.1.1.22","6735","","","","0"
"2021","Ottawa - Gatineau (CMA), Ont./Que.","2021S0503505","Total - Age","Total - Gender","2021 Counts","Traditional (North American Indigenous) spirituality","","0","units","0","","85.1.1.1.23","745","","","","0"
"2021","Ottawa - Gatineau (CMA), Ont./Que.","2021S0503505","Total - Age","Total - Gender","2021 Counts","Other religions and spiritual traditions","","0","units","0","","85.1.1.1.24","10250","","","","0"
"2021","Ottawa - Gatineau (CMA), Ont./Que.","2021S0503505","Total - Age","Total - Gender","2021 Counts","No religion and secular perspectives","","0","units","0","","85.1.1.1.25","462555","","","","0"
"2021","Peterborough (CMA), Ont.","2021S0503529","Total - Age","Total - Gender","2021 Counts","Total - Religion","","0","units","0","","91.1.1.1.1","125990","","","","0"
"2021","Peterborough (CMA), Ont.","2021S0503529","Total - Age","Total - Gender","2021 Counts","Buddhist","","0","units","0","","91.1.1.1.2","430","","","","0"
"2021","Peterborough (CMA), Ont.","2021S0503529","Total - Age","Total - Gender","2021 Counts","Christian","","0","units","0","","91.1.1.1.3","67020","","","","0"
"2021","Peterborough (CMA), Ont.","2021S0503529","Total - Age","Total - Gender","2021 Counts","Christian, n.o.s.","","0","units","0","","91.1.1.1.4","8210","","","","0"
"2021","Peterborough (CMA), Ont.","2021S0503529","Total - Age","Total - Gender","2021 Counts","Anabaptist","","0","units","0","","91.1.1.1.5","90","","","","0"
"2021","Peterborough (CMA), Ont.","2021S0503529","Total - Age","Total - Gender","2021 Counts","Anglican","","0","units","0","","91.1.1.1.6","7630","","","","0"
"2021","Peterborough (CMA), Ont.","2021S0503529","Total - Age","Total - Gender","2021 Counts","Baptist","","0","units","0","","91.1.1.1.7","1635","","","","0"
"2021","Peterborough (CMA), Ont.","2021S0503529","Total - Age","Total - Gender","2021 Counts","Catholic","","0","units","0","","91.1.1.1.8","25980","","","","0"
"2021","Peterborough (CMA), Ont.","2021S0503529","Total - Age","Total - Gender","2021 Counts","Christian Orthodox","","0","units","0","","91.1.1.1.9","465","","","","0"
"2021","Peterborough (CMA), Ont.","2021S0503529","Total - Age","Total - Gender","2021 Counts","Jehovah's Witness","","0","units","0","","91.1.1.1.10","270","","","","0"
"2021","Peterborough (CMA), Ont.","2021S0503529","Total - Age","Total - Gender","2021 Counts","Latter Day Saints","","0","units","0","","91.1.1.1.11","270","","","","0"
"2021","Peterborough (CMA), Ont.","2021S0503529","Total - Age","Total - Gender","2021 Counts","Lutheran","","0","units","0","","91.1.1.1.12","575","","","","0"
"2021","Peterborough (CMA), Ont.","2021S0503529","Total - Age","Total - Gender","2021 Counts","Methodist and Wesleyan (Holiness)","","0","units","0","","91.1.1.1.13","500","","","","0"
"2021","Peterborough (CMA), Ont.","2021S0503529","Total - Age","Total - Gender","2021 Counts","Pentecostal and other Charismatic","","0","units","0","","91.1.1.1.14","1740","","","","0"
"2021","Peterborough (CMA), Ont.","2021S0503529","Total - Age","Total - Gender","2021 Counts","Presbyterian","","0","units","0","","91.1.1.1.15","2120","","","","0"
"2021","Peterborough (CMA), Ont.","2021S0503529","Total - Age","Total - Gender","2021 Counts","Reformed","","0","units","0","","91.1.1.1.16","515","","","","0"
"2021","Peterborough (CMA), Ont.","2021S0503529","Total - Age","Total - Gender","2021 Counts","United Church","","0","units","0","","91.1.1.1.17","11710","","","","0"
"2021","Peterborough (CMA), Ont.","2021S0503529","Total - Age","Total - Gender","2021 Counts","Other Christian and Christian-related traditions","","0","units","0","","91.1.1.1.18","5305","","","","0"
"2021","Peterborough (CMA), Ont.","2021S0503529","Total - Age","Total - Gender","2021 Counts","Hindu","","0","units","0","","91.1.1.1.19","1210","","","","0"
"2021","Peterborough (CMA), Ont.","2021S0503529","Total - Age","Total - Gender","2021 Counts","Jewish","","0","units","0","","91.1.1.1.20","330","","","","0"
"2021","Peterborough (CMA), Ont.","2021S0503529","Total - Age","Total - Gender","2021 Counts","Muslim","","0","units","0","","91.1.1.1.21","1355","","","","0"
"2021","Peterborough (CMA), Ont.","2021S0503529","Total - Age","Total - Gender","2021 Counts","Sikh","","0","units","0","","91.1.1.1.22","360","","","","0"
"2021","Peterborough (CMA), Ont.","2021S0503529","Total - Age","Total - Gender","2021 Counts","Traditional (North American Indigenous) spirituality","","0","units","0","","91.1.1.1.23","300","","","","0"
"2021","Peterborough (CMA), Ont.","2021S0503529","Total - Age","Total - Gender","2021 Counts","Other religions and spiritual traditions","","0","units","0","","91.1.1.1.24","1235","","","","0"
"2021","Peterborough (CMA), Ont.","2021S0503529","Total - Age","Total - Gender","2021 Counts","No religion and secular perspectives","","0","units","0","","91.1.1.1.25","53755","","","","0"
"2021","St. Catharines - Niagara (CMA), Ont.","2021S0503539","Total - Age","Total - Gender","2021 Counts","Total - Religion","","0","units","0","","95.1.1.1.1","425480","","","","0"
"2021","St. Catharines - Niagara (CMA), Ont.","2021S0503539","Total - Age","Total - Gender","2021 Counts","Buddhist","","0","units","0","","95.1.1.1.2","2235","","","","0"
"2021","St. Catharines - Niagara (CMA), Ont.","2021S0503539","Total - Age","Total - Gender","2021 Counts","Christian","","0","units","0","","95.1.1.1.3","259080","","","","0"
"2021","St. Catharines - Niagara (CMA), Ont.","2021S0503539","Total - Age","Total - Gender","2021 Counts","Christian, n.o.s.","","0","units","0","","95.1.1.1.4","36895","","","","0"
"2021","St. Catharines - Niagara (CMA), Ont.","2021S0503539","Total - Age","Total - Gender","2021 Counts","Anabaptist","","0","units","0","","95.1.1.1.5","4415","","","","0"
"2021","St. Catharines - Niagara (CMA), Ont.","2021S0503539","Total - Age","Total - Gender","2021 Counts","Anglican","","0","units","0","","95.1.1.1.6","24610","","","","0"
"2021","St. Catharines - Niagara (CMA), Ont.","2021S0503539","Total - Age","Total - Gender","2021 Counts","Baptist","","0","units","0","","95.1.1.1.7","5220","","","","0"
"2021","St. Catharines - Niagara (CMA), Ont.","2021S0503539","Total - Age","Total - Gender","2021 Counts","Catholic","","0","units","0","","95.1.1.1.8","123835","","","","0"
"2021","St. Catharines - Niagara (CMA), Ont.","2021S0503539","Total - Age","Total - Gender","2021 Counts","Christian Orthodox","","0","units","0","","95.1.1.1.9","5835","","","","0"
"2021","St. Catharines - Niagara (CMA), Ont.","2021S0503539","Total - Age","Total - Gender","2021 Counts","Jehovah's Witness","","0","units","0","","95.1.1.1.10","2020","","","","0"
"2021","St. Catharines - Niagara (CMA), Ont.","2021S0503539","Total - Age","Total - Gender","2021 Counts","Latter Day Saints","","0","units","0","","95.1.1.1.11","755","","","","0"
"2021","St. Catharines - Niagara (CMA), Ont.","2021S0503539","Total - Age","Total - Gender","2021 Counts","Lutheran","","0","units","0","","95.1.1.1.12","5465","","","","0"
"2021","St. Catharines - Niagara (CMA), Ont.","2021S0503539","Total - Age","Total - Gender","2021 Counts","Methodist and Wesleyan (Holiness)","","0","units","0","","95.1.1.1.13","1245","","","","0"
"2021","St. Catharines - Niagara (CMA), Ont.","2021S0503539","Total - Age","Total - Gender","2021 Counts","Pentecostal and other Charismatic","","0","units","0","","95.1.1.1.14","4575","","","","0"
"2021","St. Catharines - Niagara (CMA), Ont.","2021S0503539","Total - Age","Total - Gender","2021 Counts","Presbyterian","","0","units","0","","95.1.1.1.15","8285","","","","0"
"2021","St. Catharines - Niagara (CMA), Ont.","2021S0503539","Total - Age","Total - Gender","2021 Counts","Reformed","","0","units","0","","95.1.1.1.16","4155","","","","0"
"2021","St. Catharines - Niagara (CMA), Ont.","2021S0503539","Total - Age","Total - Gender","2021 Counts","United Church","","0","units","0","","95.1.1.1.17","17765","","","","0"
"2021","St. Catharines - Niagara (CMA), Ont.","2021S0503539","Total - Age","Total - Gender","2021 Counts","Other Christian and Christian-related traditions","","0","units","0","","95.1.1.1.18","14005","","","","0"
"2021","St. Catharines - Niagara (CMA), Ont.","2021S0503539","Total - Age","Total - Gender","2021 Counts","Hindu","","0","units","0","","95.1.1.1.19","3540","","","","0"
"2021","St. Catharines - Niagara (CMA), Ont.","2021S0503539","Total - Age","Total - Gender","2021 Counts","Jewish","","0","units","0","","95.1.1.1.20","1175","","","","0"
"2021","St. Catharines - Niagara (CMA), Ont.","2021S0503539","Total - Age","Total - Gender","2021 Counts","Muslim","","0","units","0","","95.1.1.1.21","10435","","","","0"
"2021","St. Catharines - Niagara (CMA), Ont.","2021S0503539","Total - Age","Total - Gender","2021 Counts","Sikh","","0","units","0","","95.1.1.1.22","2170","","","","0"
"2021","St. Catharines - Niagara (CMA), Ont.","2021S0503539","Total - Age","Total - Gender","2021 Counts","Traditional (North American Indigenous) spirituality","","0","units","0","","95.1.1.1.23","200","","","","0"
"2021","St. Catharines - Niagara (CMA), Ont.","2021S0503539","Total - Age","Total - Gender","2021 Counts","Other religions and spiritual traditions","","0","units","0","","95.1.1.1.24","2435","","","","0"
"2021","St. Catharines - Niagara (CMA), Ont.","2021S0503539","Total - Age","Total - Gender","2021 Counts","No religion and secular perspectives","","0","units","0","","95.1.1.1.25","144205","","","","0"
"2021","Thunder Bay (CMA), Ont.","2021S0503595","Total - Age","Total - Gender","2021 Counts","Total - Religion","","0","units","0","","97.1.1.1.1","120960","","","","0"
"2021","Thunder Bay (CMA), Ont.","2021S0503595","Total - Age","Total - Gender","2021 Counts","Buddhist","","0","units","0","","97.1.1.1.2","270","","","","0"
"2021","Thunder Bay (CMA), Ont.","2021S0503595","Total - Age","Total - Gender","2021 Counts","Christian","","0","units","0","","97.1.1.1.3","67785","","","","0"
"2021","Thunder Bay (CMA), Ont.","2021S0503595","Total - Age","Total - Gender","2021 Counts","Christian, n.o.s.","","0","units","0","","97.1.1.1.4","6070","","","","0"
"2021","Thunder Bay (CMA), Ont.","2021S0503595","Total - Age","Total - Gender","2021 Counts","Anabaptist","","0","units","0","","97.1.1.1.5","60","","","","0"
"2021","Thunder Bay (CMA), Ont.","2021S0503595","Total - Age","Total - Gender","2021 Counts","Anglican","","0","units","0","","97.1.1.1.6","5940","","","","0"
"2021","Thunder Bay (CMA), Ont.","2021S0503595","Total - Age","Total - Gender","2021 Counts","Baptist","","0","units","0","","97.1.1.1.7","1530","","","","0"
"2021","Thunder Bay (CMA), Ont.","2021S0503595","Total - Age","Total - Gender","2021 Counts","Catholic","","0","units","0","","97.1.1.1.8","36090","","","","0"
"2021","Thunder Bay (CMA), Ont.","2021S0503595","Total - Age","Total - Gender","2021 Counts","Christian Orthodox","","0","units","0","","97.1.1.1.9","825","","","","0"
"2021","Thunder Bay (CMA), Ont.","2021S0503595","Total - Age","Total - Gender","2021 Counts","Jehovah's Witness","","0","units","0","","97.1.1.1.10","285","","","","0"
"2021","Thunder Bay (CMA), Ont.","2021S0503595","Total - Age","Total - Gender","2021 Counts","Latter Day Saints","","0","units","0","","97.1.1.1.11","165","","","","0"
"2021","Thunder Bay (CMA), Ont.","2021S0503595","Total - Age","Total - Gender","2021 Counts","Lutheran","","0","units","0","","97.1.1.1.12","4700","","","","0"
"2021","Thunder Bay (CMA), Ont.","2021S0503595","Total - Age","Total - Gender","2021 Counts","Methodist and Wesleyan (Holiness)","","0","units","0","","97.1.1.1.13","180","","","","0"
"2021","Thunder Bay (CMA), Ont.","2021S0503595","Total - Age","Total - Gender","2021 Counts","Pentecostal and other Charismatic","","0","units","0","","97.1.1.1.14","670","","","","0"
"2021","Thunder Bay (CMA), Ont.","2021S0503595","Total - Age","Total - Gender","2021 Counts","Presbyterian","","0","units","0","","97.1.1.1.15","1855","","","","0"
"2021","Thunder Bay (CMA), Ont.","2021S0503595","Total - Age","Total - Gender","2021 Counts","Reformed","","0","units","0","","97.1.1.1.16","595","","","","0"
"2021","Thunder Bay (CMA), Ont.","2021S0503595","Total - Age","Total - Gender","2021 Counts","United Church","","0","units","0","","97.1.1.1.17","6175","","","","0"
"2021","Thunder Bay (CMA), Ont.","2021S0503595","Total - Age","Total - Gender","2021 Counts","Other Christian and Christian-related traditions","","0","units","0","","97.1.1.1.18","2640","","","","0"
"2021","Thunder Bay (CMA), Ont.","2021S0503595","Total - Age","Total - Gender","2021 Counts","Hindu","","0","units","0","","97.1.1.1.19","1225","","","","0"
"2021","Thunder Bay (CMA), Ont.","2021S0503595","Total - Age","Total - Gender","2021 Counts","Jewish","","0","units","0","","97.1.1.1.20","115","","","","0"
"2021","Thunder Bay (CMA), Ont.","2021S0503595","Total - Age","Total - Gender","2021 Counts","Muslim","","0","units","0","","97.1.1.1.21","1005","","","","0"
"2021","Thunder Bay (CMA), Ont.","2021S0503595","Total - Age","Total - Gender","2021 Counts","Sikh","","0","units","0","","97.1.1.1.22","250","","","","0"
"2021","Thunder Bay (CMA), Ont.","2021S0503595","Total - Age","Total - Gender","2021 Counts","Traditional (North American Indigenous) spirituality","","0","units","0","","97.1.1.1.23","640","","","","0"
"2021","Thunder Bay (CMA), Ont.","2021S0503595","Total - Age","Total - Gender","2021 Counts","Other religions and spiritual traditions","","0","units","0","","97.1.1.1.24","995","","","","0"
"2021","Thunder Bay (CMA), Ont.","2021S0503595","Total - Age","Total - Gender","2021 Counts","No religion and secular perspectives","","0","units","0","","97.1.1.1.25","48680","","","","0"
"2021","Toronto (CMA), Ont.","2021S0503535","Total - Age","Total - Gender","2021 Counts","Total - Religion","","0","units","0","","100.1.1.1.1","6142880","","","","0"
"2021","Toronto (CMA), Ont.","2021S0503535","Total - Age","Total - Gender","2021 Counts","Buddhist","","0","units","0","","100.1.1.1.2","120865","","","","0"
"2021","Toronto (CMA), Ont.","2021S0503535","Total - Age","Total - Gender","2021 Counts","Christian","","0","units","0","","100.1.1.1.3","2851285","","","","0"
"2021","Toronto (CMA), Ont.","2021S0503535","Total - Age","Total - Gender","2021 Counts","Christian, n.o.s.","","0","units","0","","100.1.1.1.4","496465","","","","0"
"2021","Toronto (CMA), Ont.","2021S0503535","Total - Age","Total - Gender","2021 Counts","Anabaptist","","0","units","0","","100.1.1.1.5","3445","","","","0"
"2021","Toronto (CMA), Ont.","2021S0503535","Total - Age","Total - Gender","2021 Counts","Anglican","","0","units","0","","100.1.1.1.6","144140","","","","0"
"2021","Toronto (CMA), Ont.","2021S0503535","Total - Age","Total - Gender","2021 Counts","Baptist","","0","units","0","","100.1.1.1.7","51380","","","","0"
"2021","Toronto (CMA), Ont.","2021S0503535","Total - Age","Total - Gender","2021 Counts","Catholic","","0","units","0","","100.1.1.1.8","1537820","","","","0"
"2021","Toronto (CMA), Ont.","2021S0503535","Total - Age","Total - Gender","2021 Counts","Christian Orthodox","","0","units","0","","100.1.1.1.9","215315","","","","0"
"2021","Toronto (CMA), Ont.","2021S0503535","Total - Age","Total - Gender","2021 Counts","Jehovah's Witness","","0","units","0","","100.1.1.1.10","18210","","","","0"
"2021","Toronto (CMA), Ont.","2021S0503535","Total - Age","Total - Gender","2021 Counts","Latter Day Saints","","0","units","0","","100.1.1.1.11","4090","","","","0"
"2021","Toronto (CMA), Ont.","2021S0503535","Total - Age","Total - Gender","2021 Counts","Lutheran","","0","units","0","","100.1.1.1.12","22175","","","","0"
"2021","Toronto (CMA), Ont.","2021S0503535","Total - Age","Total - Gender","2021 Counts","Methodist and Wesleyan (Holiness)","","0","units","0","","100.1.1.1.13","10425","","","","0"
"2021","Toronto (CMA), Ont.","2021S0503535","Total - Age","Total - Gender","2021 Counts","Pentecostal and other Charismatic","","0","units","0","","100.1.1.1.14","78440","","","","0"
"2021","Toronto (CMA), Ont.","2021S0503535","Total - Age","Total - Gender","2021 Counts","Presbyterian","","0","units","0","","100.1.1.1.15","57535","","","","0"
"2021","Toronto (CMA), Ont.","2021S0503535","Total - Age","Total - Gender","2021 Counts","Reformed","","0","units","0","","100.1.1.1.16","4655","","","","0"
"2021","Toronto (CMA), Ont.","2021S0503535","Total - Age","Total - Gender","2021 Counts","United Church","","0","units","0","","100.1.1.1.17","107810","","","","0"
"2021","Toronto (CMA), Ont.","2021S0503535","Total - Age","Total - Gender","2021 Counts","Other Christian and Christian-related traditions","","0","units","0","","100.1.1.1.18","99375","","","","0"
"2021","Toronto (CMA), Ont.","2021S0503535","Total - Age","Total - Gender","2021 Counts","Hindu","","0","units","0","","100.1.1.1.19","457825","","","","0"
"2021","Toronto (CMA), Ont.","2021S0503535","Total - Age","Total - Gender","2021 Counts","Jewish","","0","units","0","","100.1.1.1.20","165765","","","","0"
"2021","Toronto (CMA), Ont.","2021S0503535","Total - Age","Total - Gender","2021 Counts","Muslim","","0","units","0","","100.1.1.1.21","626010","","","","0"
"2021","Toronto (CMA), Ont.","2021S0503535","Total - Age","Total - Gender","2021 Counts","Sikh","","0","units","0","","100.1.1.1.22","244240","","","","0"
"2021","Toronto (CMA), Ont.","2021S0503535","Total - Age","Total - Gender","2021 Counts","Traditional (North American Indigenous) spirituality","","0","units","0","","100.1.1.1.23","1285","","","","0"
"2021","Toronto (CMA), Ont.","2021S0503535","Total - Age","Total - Gender","2021 Counts","Other religions and spiritual traditions","","0","units","0","","100.1.1.1.24","38745","","","","0"
"2021","Toronto (CMA), Ont.","2021S0503535","Total - Age","Total - Gender","2021 Counts","No religion and secular perspectives","","0","units","0","","100.1.1.1.25","1636865","","","","0"
"2021","Windsor (CMA), Ont.","2021S0503559","Total - Age","Total - Gender","2021 Counts","Total - Religion","","0","units","0","","102.1.1.1.1","415500","","","","0"
"2021","Windsor (CMA), Ont.","2021S0503559","Total - Age","Total - Gender","2021 Counts","Buddhist","","0","units","0","","102.1.1.1.2","2830","","","","0"
"2021","Windsor (CMA), Ont.","2021S0503559","Total - Age","Total - Gender","2021 Counts","Christian","","0","units","0","","102.1.1.1.3","259130","","","","0"
"2021","Windsor (CMA), Ont.","2021S0503559","Total - Age","Total - Gender","2021 Counts","Christian, n.o.s.","","0","units","0","","102.1.1.1.4","34975","","","","0"
"2021","Windsor (CMA), Ont.","2021S0503559","Total - Age","Total - Gender","2021 Counts","Anabaptist","","0","units","0","","102.1.1.1.5","3720","","","","0"
"2021","Windsor (CMA), Ont.","2021S0503559","Total - Age","Total - Gender","2021 Counts","Anglican","","0","units","0","","102.1.1.1.6","14455","","","","0"
"2021","Windsor (CMA), Ont.","2021S0503559","Total - Age","Total - Gender","2021 Counts","Baptist","","0","units","0","","102.1.1.1.7","6310","","","","0"
"2021","Windsor (CMA), Ont.","2021S0503559","Total - Age","Total - Gender","2021 Counts","Catholic","","0","units","0","","102.1.1.1.8","152900","","","","0"
"2021","Windsor (CMA), Ont.","2021S0503559","Total - Age","Total - Gender","2021 Counts","Christian Orthodox","","0","units","0","","102.1.1.1.9","11040","","","","0"
"2021","Windsor (CMA), Ont.","2021S0503559","Total - Age","Total - Gender","2021 Counts","Jehovah's Witness","","0","units","0","","102.1.1.1.10","1315","","","","0"
"2021","Windsor (CMA), Ont.","2021S0503559","Total - Age","Total - Gender","2021 Counts","Latter Day Saints","","0","units","0","","102.1.1.1.11","435","","","","0"
"2021","Windsor (CMA), Ont.","2021S0503559","Total - Age","Total - Gender","2021 Counts","Lutheran","","0","units","0","","102.1.1.1.12","3195","","","","0"
"2021","Windsor (CMA), Ont.","2021S0503559","Total - Age","Total - Gender","2021 Counts","Methodist and Wesleyan (Holiness)","","0","units","0","","102.1.1.1.13","535","","","","0"
"2021","Windsor (CMA), Ont.","2021S0503559","Total - Age","Total - Gender","2021 Counts","Pentecostal and other Charismatic","","0","units","0","","102.1.1.1.14","5765","","","","0"
"2021","Windsor (CMA), Ont.","2021S0503559","Total - Age","Total - Gender","2021 Counts","Presbyterian","","0","units","0","","102.1.1.1.15","3935","","","","0"
"2021","Windsor (CMA), Ont.","2021S0503559","Total - Age","Total - Gender","2021 Counts","Reformed","","0","units","0","","102.1.1.1.16","405","","","","0"
"2021","Windsor (CMA), Ont.","2021S0503559","Total - Age","Total - Gender","2021 Counts","United Church","","0","units","0","","102.1.1.1.17","11835","","","","0"
"2021","Windsor (CMA), Ont.","2021S0503559","Total - Age","Total - Gender","2021 Counts","Other Christian and Christian-related traditions","","0","units","0","","102.1.1.1.18","8315","","","","0"
"2021","Windsor (CMA), Ont.","2021S0503559","Total - Age","Total - Gender","2021 Counts","Hindu","","0","units","0","","102.1.1.1.19","7375","","","","0"
"2021","Windsor (CMA), Ont.","2021S0503559","Total - Age","Total - Gender","2021 Counts","Jewish","","0","units","0","","102.1.1.1.20","985","","","","0"
"2021","Windsor (CMA), Ont.","2021S0503559","Total - Age","Total - Gender","2021 Counts","Muslim","","0","units","0","","102.1.1.1.21","30140","","","","0"
"2021","Windsor (CMA), Ont.","2021S0503559","Total - Age","Total - Gender","2021 Counts","Sikh","","0","units","0","","102.1.1.1.22","4340","","","","0"
"2021","Windsor (CMA), Ont.","2021S0503559","Total - Age","Total - Gender","2021 Counts","Traditional (North American Indigenous) spirituality","","0","units","0","","102.1.1.1.23","85","","","","0"
"2021","Windsor (CMA), Ont.","2021S0503559","Total - Age","Total - Gender","2021 Counts","Other religions and spiritual traditions","","0","units","0","","102.1.1.1.24","1665","","","","0"
"2021","Windsor (CMA), Ont.","2021S0503559","Total - Age","Total - Gender","2021 Counts","No religion and secular perspectives","","0","units","0","","102.1.1.1.25","108950","","","","0"
"2021","Winnipeg (CMA), Man.","2021S0503602","Total - Age","Total - Gender","2021 Counts","Total - Religion","","0","units","0","","110.1.1.1.1","819715","","","","0"
"2021","Winnipeg (CMA), Man.","2021S0503602","Total - Age","Total - Gender","2021 Counts","Buddhist","","0","units","0","","110.1.1.1.2","7010","","","","0"
"2021","Winnipeg (CMA), Man.","2021S0503602","Total - Age","Total - Gender","2021 Counts","Christian","","0","units","0","","110.1.1.1.3","419665","","","","0"
"2021","Winnipeg (CMA), Man.","2021S0503602","Total - Age","Total - Gender","2021 Counts","Christian, n.o.s.","","0","units","0","","110.1.1.1.4","76080","","","","0"
"2021","Winnipeg (CMA), Man.","2021S0503602","Total - Age","Total - Gender","2021 Counts","Anabaptist","","0","units","0","","110.1.1.1.5","11650","","","","0"
"2021","Winnipeg (CMA), Man.","2021S0503602","Total - Age","Total - Gender","2021 Counts","Anglican","","0","units","0","","110.1.1.1.6","22060","","","","0"
"2021","Winnipeg (CMA), Man.","2021S0503602","Total - Age","Total - Gender","2021 Counts","Baptist","","0","units","0","","110.1.1.1.7","7765","","","","0"
"2021","Winnipeg (CMA), Man.","2021S0503602","Total - Age","Total - Gender","2021 Counts","Catholic","","0","units","0","","110.1.1.1.8","196065","","","","0"
"2021","Winnipeg (CMA), Man.","2021S0503602","Total - Age","Total - Gender","2021 Counts","Christian Orthodox","","0","units","0","","110.1.1.1.9","13255","","","","0"
"2021","Winnipeg (CMA), Man.","2021S0503602","Total - Age","Total - Gender","2021 Counts","Jehovah's Witness","","0","units","0","","110.1.1.1.10","2840","","","","0"
"2021","Winnipeg (CMA), Man.","2021S0503602","Total - Age","Total - Gender","2021 Counts","Latter Day Saints","","0","units","0","","110.1.1.1.11","1120","","","","0"
"2021","Winnipeg (CMA), Man.","2021S0503602","Total - Age","Total - Gender","2021 Counts","Lutheran","","0","units","0","","110.1.1.1.12","16445","","","","0"
"2021","Winnipeg (CMA), Man.","2021S0503602","Total - Age","Total - Gender","2021 Counts","Methodist and Wesleyan (Holiness)","","0","units","0","","110.1.1.1.13","1145","","","","0"
"2021","Winnipeg (CMA), Man.","2021S0503602","Total - Age","Total - Gender","2021 Counts","Pentecostal and other Charismatic","","0","units","0","","110.1.1.1.14","11520","","","","0"
"2021","Winnipeg (CMA), Man.","2021S0503602","Total - Age","Total - Gender","2021 Counts","Presbyterian","","0","units","0","","110.1.1.1.15","3170","","","","0"
"2021","Winnipeg (CMA), Man.","2021S0503602","Total - Age","Total - Gender","2021 Counts","Reformed","","0","units","0","","110.1.1.1.16","1445","","","","0"
"2021","Winnipeg (CMA), Man.","2021S0503602","Total - Age","Total - Gender","2021 Counts","United Church","","0","units","0","","110.1.1.1.17","34270","","","","0"
"2021","Winnipeg (CMA), Man.","2021S0503602","Total - Age","Total - Gender","2021 Counts","Other Christian and Christian-related traditions","","0","units","0","","110.1.1.1.18","20815","","","","0"
"2021","Winnipeg (CMA), Man.","2021S0503602","Total - Age","Total - Gender","2021 Counts","Hindu","","0","units","0","","110.1.1.1.19","14925","","","","0"
"2021","Winnipeg (CMA), Man.","2021S0503602","Total - Age","Total - Gender","2021 Counts","Jewish","","0","units","0","","110.1.1.1.20","11165","","","","0"
"2021","Winnipeg (CMA), Man.","2021S0503602","Total - Age","Total - Gender","2021 Counts","Muslim","","0","units","0","","110.1.1.1.21","24560","","","","0"
"2021","Winnipeg (CMA), Man.","2021S0503602","Total - Age","Total - Gender","2021 Counts","Sikh","","0","units","0","","110.1.1.1.22","33435","","","","0"
"2021","Winnipeg (CMA), Man.","2021S0503602","Total - Age","Total - Gender","2021 Counts","Traditional (North American Indigenous) spirituality","","0","units","0","","110.1.1.1.23","3010","","","","0"
"2021","Winnipeg (CMA), Man.","2021S0503602","Total - Age","Total - Gender","2021 Counts","Other religions and spiritual traditions","","0","units","0","","110.1.1.1.24","5755","","","","0"
"2021","Winnipeg (CMA), Man.","2021S0503602","Total - Age","Total - Gender","2021 Counts","No religion and secular perspectives","","0","units","0","","110.1.1.1.25","300195","","","","0"
"2021","Regina (CMA), Sask.","2021S0503705","Total - Age","Total - Gender","2021 Counts","Total - Religion","","0","units","0","","116.1.1.1.1","244945","","","","0"
"2021","Regina (CMA), Sask.","2021S0503705","Total - Age","Total - Gender","2021 Counts","Buddhist","","0","units","0","","116.1.1.1.2","1790","","","","0"
"2021","Regina (CMA), Sask.","2021S0503705","Total - Age","Total - Gender","2021 Counts","Christian","","0","units","0","","116.1.1.1.3","130610","","","","0"
"2021","Regina (CMA), Sask.","2021S0503705","Total - Age","Total - Gender","2021 Counts","Christian, n.o.s.","","0","units","0","","116.1.1.1.4","19320","","","","0"
"2021","Regina (CMA), Sask.","2021S0503705","Total - Age","Total - Gender","2021 Counts","Anabaptist","","0","units","0","","116.1.1.1.5","495","","","","0"
"2021","Regina (CMA), Sask.","2021S0503705","Total - Age","Total - Gender","2021 Counts","Anglican","","0","units","0","","116.1.1.1.6","5200","","","","0"
"2021","Regina (CMA), Sask.","2021S0503705","Total - Age","Total - Gender","2021 Counts","Baptist","","0","units","0","","116.1.1.1.7","3055","","","","0"
"2021","Regina (CMA), Sask.","2021S0503705","Total - Age","Total - Gender","2021 Counts","Catholic","","0","units","0","","116.1.1.1.8","59355","","","","0"
"2021","Regina (CMA), Sask.","2021S0503705","Total - Age","Total - Gender","2021 Counts","Christian Orthodox","","0","units","0","","116.1.1.1.9","3965","","","","0"
"2021","Regina (CMA), Sask.","2021S0503705","Total - Age","Total - Gender","2021 Counts","Jehovah's Witness","","0","units","0","","116.1.1.1.10","945","","","","0"
"2021","Regina (CMA), Sask.","2021S0503705","Total - Age","Total - Gender","2021 Counts","Latter Day Saints","","0","units","0","","116.1.1.1.11","605","","","","0"
"2021","Regina (CMA), Sask.","2021S0503705","Total - Age","Total - Gender","2021 Counts","Lutheran","","0","units","0","","116.1.1.1.12","12270","","","","0"
"2021","Regina (CMA), Sask.","2021S0503705","Total - Age","Total - Gender","2021 Counts","Methodist and Wesleyan (Holiness)","","0","units","0","","116.1.1.1.13","380","","","","0"
"2021","Regina (CMA), Sask.","2021S0503705","Total - Age","Total - Gender","2021 Counts","Pentecostal and other Charismatic","","0","units","0","","116.1.1.1.14","3220","","","","0"
"2021","Regina (CMA), Sask.","2021S0503705","Total - Age","Total - Gender","2021 Counts","Presbyterian","","0","units","0","","116.1.1.1.15","980","","","","0"
"2021","Regina (CMA), Sask.","2021S0503705","Total - Age","Total - Gender","2021 Counts","Reformed","","0","units","0","","116.1.1.1.16","170","","","","0"
"2021","Regina (CMA), Sask.","2021S0503705","Total - Age","Total - Gender","2021 Counts","United Church","","0","units","0","","116.1.1.1.17","14965","","","","0"
"2021","Regina (CMA), Sask.","2021S0503705","Total - Age","Total - Gender","2021 Counts","Other Christian and Christian-related traditions","","0","units","0","","116.1.1.1.18","5675","","","","0"
"2021","Regina (CMA), Sask.","2021S0503705","Total - Age","Total - Gender","2021 Counts","Hindu","","0","units","0","","116.1.1.1.19","6595","","","","0"
"2021","Regina (CMA), Sask.","2021S0503705","Total - Age","Total - Gender","2021 Counts","Jewish","","0","units","0","","116.1.1.1.20","365","","","","0"
"2021","Regina (CMA), Sask.","2021S0503705","Total - Age","Total - Gender","2021 Counts","Muslim","","0","units","0","","116.1.1.1.21","10460","","","","0"
"2021","Regina (CMA), Sask.","2021S0503705","Total - Age","Total - Gender","2021 Counts","Sikh","","0","units","0","","116.1.1.1.22","4455","","","","0"
"2021","Regina (CMA), Sask.","2021S0503705","Total - Age","Total - Gender","2021 Counts","Traditional (North American Indigenous) spirituality","","0","units","0","","116.1.1.1.23","1215","","","","0"
"2021","Regina (CMA), Sask.","2021S0503705","Total - Age","Total - Gender","2021 Counts","Other religions and spiritual traditions","","0","units","0","","116.1.1.1.24","1625","","","","0"
"2021","Regina (CMA), Sask.","2021S0503705","Total - Age","Total - Gender","2021 Counts","No religion and secular perspectives","","0","units","0","","116.1.1.1.25","87835","","","","0"
"2021","Saskatoon (CMA), Sask.","2021S0503725","Total - Age","Total - Gender","2021 Counts","Total - Religion","","0","units","0","","117.1.1.1.1","311515","","","","0"
"2021","Saskatoon (CMA), Sask.","2021S0503725","Total - Age","Total - Gender","2021 Counts","Buddhist","","0","units","0","","117.1.1.1.2","2000","","","","0"
"2021","Saskatoon (CMA), Sask.","2021S0503725","Total - Age","Total - Gender","2021 Counts","Christian","","0","units","0","","117.1.1.1.3","164170","","","","0"
"2021","Saskatoon (CMA), Sask.","2021S0503725","Total - Age","Total - Gender","2021 Counts","Christian, n.o.s.","","0","units","0","","117.1.1.1.4","27485","","","","0"
"2021","Saskatoon (CMA), Sask.","2021S0503725","Total - Age","Total - Gender","2021 Counts","Anabaptist","","0","units","0","","117.1.1.1.5","5500","","","","0"
"2021","Saskatoon (CMA), Sask.","2021S0503725","Total - Age","Total - Gender","2021 Counts","Anglican","","0","units","0","","117.1.1.1.6","6620","","","","0"
"2021","Saskatoon (CMA), Sask.","2021S0503725","Total - Age","Total - Gender","2021 Counts","Baptist","","0","units","0","","117.1.1.1.7","3510","","","","0"
"2021","Saskatoon (CMA), Sask.","2021S0503725","Total - Age","Total - Gender","2021 Counts","Catholic","","0","units","0","","117.1.1.1.8","73315","","","","0"
"2021","Saskatoon (CMA), Sask.","2021S0503725","Total - Age","Total - Gender","2021 Counts","Christian Orthodox","","0","units","0","","117.1.1.1.9","4345","","","","0"
"2021","Saskatoon (CMA), Sask.","2021S0503725","Total - Age","Total - Gender","2021 Counts","Jehovah's Witness","","0","units","0","","117.1.1.1.10","1060","","","","0"
"2021","Saskatoon (CMA), Sask.","2021S0503725","Total - Age","Total - Gender","2021 Counts","Latter Day Saints","","0","units","0","","117.1.1.1.11","630","","","","0"
"2021","Saskatoon (CMA), Sask.","2021S0503725","Total - Age","Total - Gender","2021 Counts","Lutheran","","0","units","0","","117.1.1.1.12","8840","","","","0"
"2021","Saskatoon (CMA), Sask.","2021S0503725","Total - Age","Total - Gender","2021 Counts","Methodist and Wesleyan (Holiness)","","0","units","0","","117.1.1.1.13","945","","","","0"
"2021","Saskatoon (CMA), Sask.","2021S0503725","Total - Age","Total - Gender","2021 Counts","Pentecostal and other Charismatic","","0","units","0","","117.1.1.1.14","4430","","","","0"
"2021","Saskatoon (CMA), Sask.","2021S0503725","Total - Age","Total - Gender","2021 Counts","Presbyterian","","0","units","0","","117.1.1.1.15","1155","","","","0"
"2021","Saskatoon (CMA), Sask.","2021S0503725","Total - Age","Total - Gender","2021 Counts","Reformed","","0","units","0","","117.1.1.1.16","175","","","","0"
"2021","Saskatoon (CMA), Sask.","2021S0503725","Total - Age","Total - Gender","2021 Counts","United Church","","0","units","0","","117.1.1.1.17","17420","","","","0"
"2021","Saskatoon (CMA), Sask.","2021S0503725","Total - Age","Total - Gender","2021 Counts","Other Christian and Christian-related traditions","","0","units","0","","117.1.1.1.18","8750","","","","0"
"2021","Saskatoon (CMA), Sask.","2021S0503725","Total - Age","Total - Gender","2021 Counts","Hindu","","0","units","0","","117.1.1.1.19","5255","","","","0"
"2021","Saskatoon (CMA), Sask.","2021S0503725","Total - Age","Total - Gender","2021 Counts","Jewish","","0","units","0","","117.1.1.1.20","595","","","","0"
"2021","Saskatoon (CMA), Sask.","2021S0503725","Total - Age","Total - Gender","2021 Counts","Muslim","","0","units","0","","117.1.1.1.21","13100","","","","0"
"2021","Saskatoon (CMA), Sask.","2021S0503725","Total - Age","Total - Gender","2021 Counts","Sikh","","0","units","0","","117.1.1.1.22","3365","","","","0"
"2021","Saskatoon (CMA), Sask.","2021S0503725","Total - Age","Total - Gender","2021 Counts","Traditional (North American Indigenous) spirituality","","0","units","0","","117.1.1.1.23","1880","","","","0"
"2021","Saskatoon (CMA), Sask.","2021S0503725","Total - Age","Total - Gender","2021 Counts","Other religions and spiritual traditions","","0","units","0","","117.1.1.1.24","2390","","","","0"
"2021","Saskatoon (CMA), Sask.","2021S0503725","Total - Age","Total - Gender","2021 Counts","No religion and secular perspectives","","0","units","0","","117.1.1.1.25","118755","","","","0"
"2021","Calgary (CMA), Alta.","2021S0503825","Total - Age","Total - Gender","2021 Counts","Total - Religion","","0","units","0","","123.1.1.1.1","1465175","","","","0"
"2021","Calgary (CMA), Alta.","2021S0503825","Total - Age","Total - Gender","2021 Counts","Buddhist","","0","units","0","","123.1.1.1.2","22125","","","","0"
"2021","Calgary (CMA), Alta.","2021S0503825","Total - Age","Total - Gender","2021 Counts","Christian","","0","units","0","","123.1.1.1.3","656310","","","","0"
"2021","Calgary (CMA), Alta.","2021S0503825","Total - Age","Total - Gender","2021 Counts","Christian, n.o.s.","","0","units","0","","123.1.1.1.4","141090","","","","0"
"2021","Calgary (CMA), Alta.","2021S0503825","Total - Age","Total - Gender","2021 Counts","Anabaptist","","0","units","0","","123.1.1.1.5","2315","","","","0"
"2021","Calgary (CMA), Alta.","2021S0503825","Total - Age","Total - Gender","2021 Counts","Anglican","","0","units","0","","123.1.1.1.6","31685","","","","0"
"2021","Calgary (CMA), Alta.","2021S0503825","Total - Age","Total - Gender","2021 Counts","Baptist","","0","units","0","","123.1.1.1.7","13135","","","","0"
"2021","Calgary (CMA), Alta.","2021S0503825","Total - Age","Total - Gender","2021 Counts","Catholic","","0","units","0","","123.1.1.1.8","293610","","","","0"
"2021","Calgary (CMA), Alta.","2021S0503825","Total - Age","Total - Gender","2021 Counts","Christian Orthodox","","0","units","0","","123.1.1.1.9","25365","","","","0"
"2021","Calgary (CMA), Alta.","2021S0503825","Total - Age","Total - Gender","2021 Counts","Jehovah's Witness","","0","units","0","","123.1.1.1.10","5945","","","","0"
"2021","Calgary (CMA), Alta.","2021S0503825","Total - Age","Total - Gender","2021 Counts","Latter Day Saints","","0","units","0","","123.1.1.1.11","11715","","","","0"
"2021","Calgary (CMA), Alta.","2021S0503825","Total - Age","Total - Gender","2021 Counts","Lutheran","","0","units","0","","123.1.1.1.12","17150","","","","0"
"2021","Calgary (CMA), Alta.","2021S0503825","Total - Age","Total - Gender","2021 Counts","Methodist and Wesleyan (Holiness)","","0","units","0","","123.1.1.1.13","3045","","","","0"
"2021","Calgary (CMA), Alta.","2021S0503825","Total - Age","Total - Gender","2021 Counts","Pentecostal and other Charismatic","","0","units","0","","123.1.1.1.14","16605","","","","0"
"2021","Calgary (CMA), Alta.","2021S0503825","Total - Age","Total - Gender","2021 Counts","Presbyterian","","0","units","0","","123.1.1.1.15","9385","","","","0"
"2021","Calgary (CMA), Alta.","2021S0503825","Total - Age","Total - Gender","2021 Counts","Reformed","","0","units","0","","123.1.1.1.16","1685","","","","0"
"2021","Calgary (CMA), Alta.","2021S0503825","Total - Age","Total - Gender","2021 Counts","United Church","","0","units","0","","123.1.1.1.17","44360","","","","0"
"2021","Calgary (CMA), Alta.","2021S0503825","Total - Age","Total - Gender","2021 Counts","Other Christian and Christian-related traditions","","0","units","0","","123.1.1.1.18","39215","","","","0"
"2021","Calgary (CMA), Alta.","2021S0503825","Total - Age","Total - Gender","2021 Counts","Hindu","","0","units","0","","123.1.1.1.19","34920","","","","0"
"2021","Calgary (CMA), Alta.","2021S0503825","Total - Age","Total - Gender","2021 Counts","Jewish","","0","units","0","","123.1.1.1.20","6705","","","","0"
"2021","Calgary (CMA), Alta.","2021S0503825","Total - Age","Total - Gender","2021 Counts","Muslim","","0","units","0","","123.1.1.1.21","100825","","","","0"
"2021","Calgary (CMA), Alta.","2021S0503825","Total - Age","Total - Gender","2021 Counts","Sikh","","0","units","0","","123.1.1.1.22","56060","","","","0"
"2021","Calgary (CMA), Alta.","2021S0503825","Total - Age","Total - Gender","2021 Counts","Traditional (North American Indigenous) spirituality","","0","units","0","","123.1.1.1.23","1480","","","","0"
"2021","Calgary (CMA), Alta.","2021S0503825","Total - Age","Total - Gender","2021 Counts","Other religions and spiritual traditions","","0","units","0","","123.1.1.1.24","10725","","","","0"
"2021","Calgary (CMA), Alta.","2021S0503825","Total - Age","Total - Gender","2021 Counts","No religion and secular perspectives","","0","units","0","","123.1.1.1.25","576025","","","","0"
"2021","Edmonton (CMA), Alta.","2021S0503835","Total - Age","Total - Gender","2021 Counts","Total - Religion","","0","units","0","","126.1.1.1.1","1397750","","","","0"
"2021","Edmonton (CMA), Alta.","2021S0503835","Total - Age","Total - Gender","2021 Counts","Buddhist","","0","units","0","","126.1.1.1.2","16465","","","","0"
"2021","Edmonton (CMA), Alta.","2021S0503835","Total - Age","Total - Gender","2021 Counts","Christian","","0","units","0","","126.1.1.1.3","655715","","","","0"
"2021","Edmonton (CMA), Alta.","2021S0503835","Total - Age","Total - Gender","2021 Counts","Christian, n.o.s.","","0","units","0","","126.1.1.1.4","130885","","","","0"
"2021","Edmonton (CMA), Alta.","2021S0503835","Total - Age","Total - Gender","2021 Counts","Anabaptist","","0","units","0","","126.1.1.1.5","1535","","","","0"
"2021","Edmonton (CMA), Alta.","2021S0503835","Total - Age","Total - Gender","2021 Counts","Anglican","","0","units","0","","126.1.1.1.6","28465","","","","0"
"2021","Edmonton (CMA), Alta.","2021S0503835","Total - Age","Total - Gender","2021 Counts","Baptist","","0","units","0","","126.1.1.1.7","15410","","","","0"
"2021","Edmonton (CMA), Alta.","2021S0503835","Total - Age","Total - Gender","2021 Counts","Catholic","","0","units","0","","126.1.1.1.8","298360","","","","0"
"2021","Edmonton (CMA), Alta.","2021S0503835","Total - Age","Total - Gender","2021 Counts","Christian Orthodox","","0","units","0","","126.1.1.1.9","27945","","","","0"
"2021","Edmonton (CMA), Alta.","2021S0503835","Total - Age","Total - Gender","2021 Counts","Jehovah's Witness","","0","units","0","","126.1.1.1.10","5550","","","","0"
"2021","Edmonton (CMA), Alta.","2021S0503835","Total - Age","Total - Gender","2021 Counts","Latter Day Saints","","0","units","0","","126.1.1.1.11","8250","","","","0"
"2021","Edmonton (CMA), Alta.","2021S0503835","Total - Age","Total - Gender","2021 Counts","Lutheran","","0","units","0","","126.1.1.1.12","26755","","","","0"
"2021","Edmonton (CMA), Alta.","2021S0503835","Total - Age","Total - Gender","2021 Counts","Methodist and Wesleyan (Holiness)","","0","units","0","","126.1.1.1.13","2130","","","","0"
"2021","Edmonton (CMA), Alta.","2021S0503835","Total - Age","Total - Gender","2021 Counts","Pentecostal and other Charismatic","","0","units","0","","126.1.1.1.14","19220","","","","0"
"2021","Edmonton (CMA), Alta.","2021S0503835","Total - Age","Total - Gender","2021 Counts","Presbyterian","","0","units","0","","126.1.1.1.15","5525","","","","0"
"2021","Edmonton (CMA), Alta.","2021S0503835","Total - Age","Total - Gender","2021 Counts","Reformed","","0","units","0","","126.1.1.1.16","4425","","","","0"
"2021","Edmonton (CMA), Alta.","2021S0503835","Total - Age","Total - Gender","2021 Counts","United Church","","0","units","0","","126.1.1.1.17","41405","","","","0"
"2021","Edmonton (CMA), Alta.","2021S0503835","Total - Age","Total - Gender","2021 Counts","Other Christian and Christian-related traditions","","0","units","0","","126.1.1.1.18","39860","","","","0"
"2021","Edmonton (CMA), Alta.","2021S0503835","Total - Age","Total - Gender","2021 Counts","Hindu","","0","units","0","","126.1.1.1.19","35830","","","","0"
"2021","Edmonton (CMA), Alta.","2021S0503835","Total - Age","Total - Gender","2021 Counts","Jewish","","0","units","0","","126.1.1.1.20","3820","","","","0"
"2021","Edmonton (CMA), Alta.","2021S0503835","Total - Age","Total - Gender","2021 Counts","Muslim","","0","units","0","","126.1.1.1.21","86120","","","","0"
"2021","Edmonton (CMA), Alta.","2021S0503835","Total - Age","Total - Gender","2021 Counts","Sikh","","0","units","0","","126.1.1.1.22","44440","","","","0"
"2021","Edmonton (CMA), Alta.","2021S0503835","Total - Age","Total - Gender","2021 Counts","Traditional (North American Indigenous) spirituality","","0","units","0","","126.1.1.1.23","3495","","","","0"
"2021","Edmonton (CMA), Alta.","2021S0503835","Total - Age","Total - Gender","2021 Counts","Other religions and spiritual traditions","","0","units","0","","126.1.1.1.24","12785","","","","0"
"2021","Edmonton (CMA), Alta.","2021S0503835","Total - Age","Total - Gender","2021 Counts","No religion and secular perspectives","","0","units","0","","126.1.1.1.25","539075","","","","0"
"2021","Lethbridge (CMA), Alta.","2021S0503810","Total - Age","Total - Gender","2021 Counts","Total - Religion","","0","units","0","","130.1.1.1.1","120500","","","","0"
"2021","Lethbridge (CMA), Alta.","2021S0503810","Total - Age","Total - Gender","2021 Counts","Buddhist","","0","units","0","","130.1.1.1.2","1080","","","","0"
"2021","Lethbridge (CMA), Alta.","2021S0503810","Total - Age","Total - Gender","2021 Counts","Christian","","0","units","0","","130.1.1.1.3","64385","","","","0"
"2021","Lethbridge (CMA), Alta.","2021S0503810","Total - Age","Total - Gender","2021 Counts","Christian, n.o.s.","","0","units","0","","130.1.1.1.4","16455","","","","0"
"2021","Lethbridge (CMA), Alta.","2021S0503810","Total - Age","Total - Gender","2021 Counts","Anabaptist","","0","units","0","","130.1.1.1.5","1300","","","","0"
"2021","Lethbridge (CMA), Alta.","2021S0503810","Total - Age","Total - Gender","2021 Counts","Anglican","","0","units","0","","130.1.1.1.6","2810","","","","0"
"2021","Lethbridge (CMA), Alta.","2021S0503810","Total - Age","Total - Gender","2021 Counts","Baptist","","0","units","0","","130.1.1.1.7","1265","","","","0"
"2021","Lethbridge (CMA), Alta.","2021S0503810","Total - Age","Total - Gender","2021 Counts","Catholic","","0","units","0","","130.1.1.1.8","18490","","","","0"
"2021","Lethbridge (CMA), Alta.","2021S0503810","Total - Age","Total - Gender","2021 Counts","Christian Orthodox","","0","units","0","","130.1.1.1.9","615","","","","0"
"2021","Lethbridge (CMA), Alta.","2021S0503810","Total - Age","Total - Gender","2021 Counts","Jehovah's Witness","","0","units","0","","130.1.1.1.10","540","","","","0"
"2021","Lethbridge (CMA), Alta.","2021S0503810","Total - Age","Total - Gender","2021 Counts","Latter Day Saints","","0","units","0","","130.1.1.1.11","6505","","","","0"
"2021","Lethbridge (CMA), Alta.","2021S0503810","Total - Age","Total - Gender","2021 Counts","Lutheran","","0","units","0","","130.1.1.1.12","2515","","","","0"
"2021","Lethbridge (CMA), Alta.","2021S0503810","Total - Age","Total - Gender","2021 Counts","Methodist and Wesleyan (Holiness)","","0","units","0","","130.1.1.1.13","145","","","","0"
"2021","Lethbridge (CMA), Alta.","2021S0503810","Total - Age","Total - Gender","2021 Counts","Pentecostal and other Charismatic","","0","units","0","","130.1.1.1.14","1155","","","","0"
"2021","Lethbridge (CMA), Alta.","2021S0503810","Total - Age","Total - Gender","2021 Counts","Presbyterian","","0","units","0","","130.1.1.1.15","660","","","","0"
"2021","Lethbridge (CMA), Alta.","2021S0503810","Total - Age","Total - Gender","2021 Counts","Reformed","","0","units","0","","130.1.1.1.16","2875","","","","0"
"2021","Lethbridge (CMA), Alta.","2021S0503810","Total - Age","Total - Gender","2021 Counts","United Church","","0","units","0","","130.1.1.1.17","5270","","","","0"
"2021","Lethbridge (CMA), Alta.","2021S0503810","Total - Age","Total - Gender","2021 Counts","Other Christian and Christian-related traditions","","0","units","0","","130.1.1.1.18","3790","","","","0"
"2021","Lethbridge (CMA), Alta.","2021S0503810","Total - Age","Total - Gender","2021 Counts","Hindu","","0","units","0","","130.1.1.1.19","1260","","","","0"
"2021","Lethbridge (CMA), Alta.","2021S0503810","Total - Age","Total - Gender","2021 Counts","Jewish","","0","units","0","","130.1.1.1.20","130","","","","0"
"2021","Lethbridge (CMA), Alta.","2021S0503810","Total - Age","Total - Gender","2021 Counts","Muslim","","0","units","0","","130.1.1.1.21","1825","","","","0"
"2021","Lethbridge (CMA), Alta.","2021S0503810","Total - Age","Total - Gender","2021 Counts","Sikh","","0","units","0","","130.1.1.1.22","335","","","","0"
"2021","Lethbridge (CMA), Alta.","2021S0503810","Total - Age","Total - Gender","2021 Counts","Traditional (North American Indigenous) spirituality","","0","units","0","","130.1.1.1.23","415","","","","0"
"2021","Lethbridge (CMA), Alta.","2021S0503810","Total - Age","Total - Gender","2021 Counts","Other religions and spiritual traditions","","0","units","0","","130.1.1.1.24","810","","","","0"
"2021","Lethbridge (CMA), Alta.","2021S0503810","Total - Age","Total - Gender","2021 Counts","No religion and secular perspectives","","0","units","0","","130.1.1.1.25","50250","","","","0"
"2021","Red Deer (CMA), Alta.","2021S0503830","Total - Age","Total - Gender","2021 Counts","Total - Religion","","0","units","0","","136.1.1.1.1","98045","","","","0"
"2021","Red Deer (CMA), Alta.","2021S0503830","Total - Age","Total - Gender","2021 Counts","Buddhist","","0","units","0","","136.1.1.1.2","575","","","","0"
"2021","Red Deer (CMA), Alta.","2021S0503830","Total - Age","Total - Gender","2021 Counts","Christian","","0","units","0","","136.1.1.1.3","50345","","","","0"
"2021","Red Deer (CMA), Alta.","2021S0503830","Total - Age","Total - Gender","2021 Counts","Christian, n.o.s.","","0","units","0","","136.1.1.1.4","11565","","","","0"
"2021","Red Deer (CMA), Alta.","2021S0503830","Total - Age","Total - Gender","2021 Counts","Anabaptist","","0","units","0","","136.1.1.1.5","90","","","","0"
"2021","Red Deer (CMA), Alta.","2021S0503830","Total - Age","Total - Gender","2021 Counts","Anglican","","0","units","0","","136.1.1.1.6","2215","","","","0"
"2021","Red Deer (CMA), Alta.","2021S0503830","Total - Age","Total - Gender","2021 Counts","Baptist","","0","units","0","","136.1.1.1.7","945","","","","0"
"2021","Red Deer (CMA), Alta.","2021S0503830","Total - Age","Total - Gender","2021 Counts","Catholic","","0","units","0","","136.1.1.1.8","20430","","","","0"
"2021","Red Deer (CMA), Alta.","2021S0503830","Total - Age","Total - Gender","2021 Counts","Christian Orthodox","","0","units","0","","136.1.1.1.9","865","","","","0"
"2021","Red Deer (CMA), Alta.","2021S0503830","Total - Age","Total - Gender","2021 Counts","Jehovah's Witness","","0","units","0","","136.1.1.1.10","480","","","","0"
"2021","Red Deer (CMA), Alta.","2021S0503830","Total - Age","Total - Gender","2021 Counts","Latter Day Saints","","0","units","0","","136.1.1.1.11","795","","","","0"
"2021","Red Deer (CMA), Alta.","2021S0503830","Total - Age","Total - Gender","2021 Counts","Lutheran","","0","units","0","","136.1.1.1.12","2155","","","","0"
"2021","Red Deer (CMA), Alta.","2021S0503830","Total - Age","Total - Gender","2021 Counts","Methodist and Wesleyan (Holiness)","","0","units","0","","136.1.1.1.13","410","","","","0"
"2021","Red Deer (CMA), Alta.","2021S0503830","Total - Age","Total - Gender","2021 Counts","Pentecostal and other Charismatic","","0","units","0","","136.1.1.1.14","1090","","","","0"
"2021","Red Deer (CMA), Alta.","2021S0503830","Total - Age","Total - Gender","2021 Counts","Presbyterian","","0","units","0","","136.1.1.1.15","890","","","","0"
"2021","Red Deer (CMA), Alta.","2021S0503830","Total - Age","Total - Gender","2021 Counts","Reformed","","0","units","0","","136.1.1.1.16","295","","","","0"
"2021","Red Deer (CMA), Alta.","2021S0503830","Total - Age","Total - Gender","2021 Counts","United Church","","0","units","0","","136.1.1.1.17","4545","","","","0"
"2021","Red Deer (CMA), Alta.","2021S0503830","Total - Age","Total - Gender","2021 Counts","Other Christian and Christian-related traditions","","0","units","0","","136.1.1.1.18","3580","","","","0"
"2021","Red Deer (CMA), Alta.","2021S0503830","Total - Age","Total - Gender","2021 Counts","Hindu","","0","units","0","","136.1.1.1.19","790","","","","0"
"2021","Red Deer (CMA), Alta.","2021S0503830","Total - Age","Total - Gender","2021 Counts","Jewish","","0","units","0","","136.1.1.1.20","105","","","","0"
"2021","Red Deer (CMA), Alta.","2021S0503830","Total - Age","Total - Gender","2021 Counts","Muslim","","0","units","0","","136.1.1.1.21","2055","","","","0"
"2021","Red Deer (CMA), Alta.","2021S0503830","Total - Age","Total - Gender","2021 Counts","Sikh","","0","units","0","","136.1.1.1.22","285","","","","0"
"2021","Red Deer (CMA), Alta.","2021S0503830","Total - Age","Total - Gender","2021 Counts","Traditional (North American Indigenous) spirituality","","0","units","0","","136.1.1.1.23","165","","","","0"
"2021","Red Deer (CMA), Alta.","2021S0503830","Total - Age","Total - Gender","2021 Counts","Other religions and spiritual traditions","","0","units","0","","136.1.1.1.24","675","","","","0"
"2021","Red Deer (CMA), Alta.","2021S0503830","Total - Age","Total - Gender","2021 Counts","No religion and secular perspectives","","0","units","0","","136.1.1.1.25","43045","","","","0"
"2021","Abbotsford - Mission (CMA), B.C.","2021S0503932","Total - Age","Total - Gender","2021 Counts","Total - Religion","","0","units","0","","142.1.1.1.1","192115","","","","0"
"2021","Abbotsford - Mission (CMA), B.C.","2021S0503932","Total - Age","Total - Gender","2021 Counts","Buddhist","","0","units","0","","142.1.1.1.2","1275","","","","0"
"2021","Abbotsford - Mission (CMA), B.C.","2021S0503932","Total - Age","Total - Gender","2021 Counts","Christian","","0","units","0","","142.1.1.1.3","69990","","","","0"
"2021","Abbotsford - Mission (CMA), B.C.","2021S0503932","Total - Age","Total - Gender","2021 Counts","Christian, n.o.s.","","0","units","0","","142.1.1.1.4","27590","","","","0"
"2021","Abbotsford - Mission (CMA), B.C.","2021S0503932","Total - Age","Total - Gender","2021 Counts","Anabaptist","","0","units","0","","142.1.1.1.5","5320","","","","0"
"2021","Abbotsford - Mission (CMA), B.C.","2021S0503932","Total - Age","Total - Gender","2021 Counts","Anglican","","0","units","0","","142.1.1.1.6","3440","","","","0"
"2021","Abbotsford - Mission (CMA), B.C.","2021S0503932","Total - Age","Total - Gender","2021 Counts","Baptist","","0","units","0","","142.1.1.1.7","1980","","","","0"
"2021","Abbotsford - Mission (CMA), B.C.","2021S0503932","Total - Age","Total - Gender","2021 Counts","Catholic","","0","units","0","","142.1.1.1.8","13615","","","","0"
"2021","Abbotsford - Mission (CMA), B.C.","2021S0503932","Total - Age","Total - Gender","2021 Counts","Christian Orthodox","","0","units","0","","142.1.1.1.9","1035","","","","0"
"2021","Abbotsford - Mission (CMA), B.C.","2021S0503932","Total - Age","Total - Gender","2021 Counts","Jehovah's Witness","","0","units","0","","142.1.1.1.10","1100","","","","0"
"2021","Abbotsford - Mission (CMA), B.C.","2021S0503932","Total - Age","Total - Gender","2021 Counts","Latter Day Saints","","0","units","0","","142.1.1.1.11","605","","","","0"
"2021","Abbotsford - Mission (CMA), B.C.","2021S0503932","Total - Age","Total - Gender","2021 Counts","Lutheran","","0","units","0","","142.1.1.1.12","1470","","","","0"
"2021","Abbotsford - Mission (CMA), B.C.","2021S0503932","Total - Age","Total - Gender","2021 Counts","Methodist and Wesleyan (Holiness)","","0","units","0","","142.1.1.1.13","320","","","","0"
"2021","Abbotsford - Mission (CMA), B.C.","2021S0503932","Total - Age","Total - Gender","2021 Counts","Pentecostal and other Charismatic","","0","units","0","","142.1.1.1.14","2520","","","","0"
"2021","Abbotsford - Mission (CMA), B.C.","2021S0503932","Total - Age","Total - Gender","2021 Counts","Presbyterian","","0","units","0","","142.1.1.1.15","1085","","","","0"
"2021","Abbotsford - Mission (CMA), B.C.","2021S0503932","Total - Age","Total - Gender","2021 Counts","Reformed","","0","units","0","","142.1.1.1.16","1715","","","","0"
"2021","Abbotsford - Mission (CMA), B.C.","2021S0503932","Total - Age","Total - Gender","2021 Counts","United Church","","0","units","0","","142.1.1.1.17","3215","","","","0"
"2021","Abbotsford - Mission (CMA), B.C.","2021S0503932","Total - Age","Total - Gender","2021 Counts","Other Christian and Christian-related traditions","","0","units","0","","142.1.1.1.18","4985","","","","0"
"2021","Abbotsford - Mission (CMA), B.C.","2021S0503932","Total - Age","Total - Gender","2021 Counts","Hindu","","0","units","0","","142.1.1.1.19","3995","","","","0"
"2021","Abbotsford - Mission (CMA), B.C.","2021S0503932","Total - Age","Total - Gender","2021 Counts","Jewish","","0","units","0","","142.1.1.1.20","145","","","","0"
"2021","Abbotsford - Mission (CMA), B.C.","2021S0503932","Total - Age","Total - Gender","2021 Counts","Muslim","","0","units","0","","142.1.1.1.21","2410","","","","0"
"2021","Abbotsford - Mission (CMA), B.C.","2021S0503932","Total - Age","Total - Gender","2021 Counts","Sikh","","0","units","0","","142.1.1.1.22","41665","","","","0"
"2021","Abbotsford - Mission (CMA), B.C.","2021S0503932","Total - Age","Total - Gender","2021 Counts","Traditional (North American Indigenous) spirituality","","0","units","0","","142.1.1.1.23","150","","","","0"
"2021","Abbotsford - Mission (CMA), B.C.","2021S0503932","Total - Age","Total - Gender","2021 Counts","Other religions and spiritual traditions","","0","units","0","","142.1.1.1.24","1330","","","","0"
"2021","Abbotsford - Mission (CMA), B.C.","2021S0503932","Total - Age","Total - Gender","2021 Counts","No religion and secular perspectives","","0","units","0","","142.1.1.1.25","71155","","","","0"
"2021","Chilliwack (CMA), B.C.","2021S0503930","Total - Age","Total - Gender","2021 Counts","Total - Religion","","0","units","0","","144.1.1.1.1","111560","","","","0"
"2021","Chilliwack (CMA), B.C.","2021S0503930","Total - Age","Total - Gender","2021 Counts","Buddhist","","0","units","0","","144.1.1.1.2","605","","","","0"
"2021","Chilliwack (CMA), B.C.","2021S0503930","Total - Age","Total - Gender","2021 Counts","Christian","","0","units","0","","144.1.1.1.3","51030","","","","0"
"2021","Chilliwack (CMA), B.C.","2021S0503930","Total - Age","Total - Gender","2021 Counts","Christian, n.o.s.","","0","units","0","","144.1.1.1.4","19305","","","","0"
"2021","Chilliwack (CMA), B.C.","2021S0503930","Total - Age","Total - Gender","2021 Counts","Anabaptist","","0","units","0","","144.1.1.1.5","2225","","","","0"
"2021","Chilliwack (CMA), B.C.","2021S0503930","Total - Age","Total - Gender","2021 Counts","Anglican","","0","units","0","","144.1.1.1.6","3340","","","","0"
"2021","Chilliwack (CMA), B.C.","2021S0503930","Total - Age","Total - Gender","2021 Counts","Baptist","","0","units","0","","144.1.1.1.7","1370","","","","0"
"2021","Chilliwack (CMA), B.C.","2021S0503930","Total - Age","Total - Gender","2021 Counts","Catholic","","0","units","0","","144.1.1.1.8","9595","","","","0"
"2021","Chilliwack (CMA), B.C.","2021S0503930","Total - Age","Total - Gender","2021 Counts","Christian Orthodox","","0","units","0","","144.1.1.1.9","540","","","","0"
"2021","Chilliwack (CMA), B.C.","2021S0503930","Total - Age","Total - Gender","2021 Counts","Jehovah's Witness","","0","units","0","","144.1.1.1.10","695","","","","0"
"2021","Chilliwack (CMA), B.C.","2021S0503930","Total - Age","Total - Gender","2021 Counts","Latter Day Saints","","0","units","0","","144.1.1.1.11","490","","","","0"
"2021","Chilliwack (CMA), B.C.","2021S0503930","Total - Age","Total - Gender","2021 Counts","Lutheran","","0","units","0","","144.1.1.1.12","1515","","","","0"
"2021","Chilliwack (CMA), B.C.","2021S0503930","Total - Age","Total - Gender","2021 Counts","Methodist and Wesleyan (Holiness)","","0","units","0","","144.1.1.1.13","200","","","","0"
"2021","Chilliwack (CMA), B.C.","2021S0503930","Total - Age","Total - Gender","2021 Counts","Pentecostal and other Charismatic","","0","units","0","","144.1.1.1.14","1535","","","","0"
"2021","Chilliwack (CMA), B.C.","2021S0503930","Total - Age","Total - Gender","2021 Counts","Presbyterian","","0","units","0","","144.1.1.1.15","590","","","","0"
"2021","Chilliwack (CMA), B.C.","2021S0503930","Total - Age","Total - Gender","2021 Counts","Reformed","","0","units","0","","144.1.1.1.16","2415","","","","0"
"2021","Chilliwack (CMA), B.C.","2021S0503930","Total - Age","Total - Gender","2021 Counts","United Church","","0","units","0","","144.1.1.1.17","3285","","","","0"
"2021","Chilliwack (CMA), B.C.","2021S0503930","Total - Age","Total - Gender","2021 Counts","Other Christian and Christian-related traditions","","0","units","0","","144.1.1.1.18","3940","","","","0"
"2021","Chilliwack (CMA), B.C.","2021S0503930","Total - Age","Total - Gender","2021 Counts","Hindu","","0","units","0","","144.1.1.1.19","605","","","","0"
"2021","Chilliwack (CMA), B.C.","2021S0503930","Total - Age","Total - Gender","2021 Counts","Jewish","","0","units","0","","144.1.1.1.20","135","","","","0"
"2021","Chilliwack (CMA), B.C.","2021S0503930","Total - Age","Total - Gender","2021 Counts","Muslim","","0","units","0","","144.1.1.1.21","810","","","","0"
"2021","Chilliwack (CMA), B.C.","2021S0503930","Total - Age","Total - Gender","2021 Counts","Sikh","","0","units","0","","144.1.1.1.22","1675","","","","0"
"2021","Chilliwack (CMA), B.C.","2021S0503930","Total - Age","Total - Gender","2021 Counts","Traditional (North American Indigenous) spirituality","","0","units","0","","144.1.1.1.23","425","","","","0"
"2021","Chilliwack (CMA), B.C.","2021S0503930","Total - Age","Total - Gender","2021 Counts","Other religions and spiritual traditions","","0","units","0","","144.1.1.1.24","1135","","","","0"
"2021","Chilliwack (CMA), B.C.","2021S0503930","Total - Age","Total - Gender","2021 Counts","No religion and secular perspectives","","0","units","0","","144.1.1.1.25","55145","","","","0"
"2021","Kamloops (CMA), B.C.","2021S0503925","Total - Age","Total - Gender","2021 Counts","Total - Religion","","0","units","0","","150.1.1.1.1","110540","","","","0"
"2021","Kamloops (CMA), B.C.","2021S0503925","Total - Age","Total - Gender","2021 Counts","Buddhist","","0","units","0","","150.1.1.1.2","485","","","","0"
"2021","Kamloops (CMA), B.C.","2021S0503925","Total - Age","Total - Gender","2021 Counts","Christian","","0","units","0","","150.1.1.1.3","37230","","","","0"
"2021","Kamloops (CMA), B.C.","2021S0503925","Total - Age","Total - Gender","2021 Counts","Christian, n.o.s.","","0","units","0","","150.1.1.1.4","8665","","","","0"
"2021","Kamloops (CMA), B.C.","2021S0503925","Total - Age","Total - Gender","2021 Counts","Anabaptist","","0","units","0","","150.1.1.1.5","175","","","","0"
"2021","Kamloops (CMA), B.C.","2021S0503925","Total - Age","Total - Gender","2021 Counts","Anglican","","0","units","0","","150.1.1.1.6","3595","","","","0"
"2021","Kamloops (CMA), B.C.","2021S0503925","Total - Age","Total - Gender","2021 Counts","Baptist","","0","units","0","","150.1.1.1.7","1445","","","","0"
"2021","Kamloops (CMA), B.C.","2021S0503925","Total - Age","Total - Gender","2021 Counts","Catholic","","0","units","0","","150.1.1.1.8","12230","","","","0"
"2021","Kamloops (CMA), B.C.","2021S0503925","Total - Age","Total - Gender","2021 Counts","Christian Orthodox","","0","units","0","","150.1.1.1.9","475","","","","0"
"2021","Kamloops (CMA), B.C.","2021S0503925","Total - Age","Total - Gender","2021 Counts","Jehovah's Witness","","0","units","0","","150.1.1.1.10","770","","","","0"
"2021","Kamloops (CMA), B.C.","2021S0503925","Total - Age","Total - Gender","2021 Counts","Latter Day Saints","","0","units","0","","150.1.1.1.11","430","","","","0"
"2021","Kamloops (CMA), B.C.","2021S0503925","Total - Age","Total - Gender","2021 Counts","Lutheran","","0","units","0","","150.1.1.1.12","1625","","","","0"
"2021","Kamloops (CMA), B.C.","2021S0503925","Total - Age","Total - Gender","2021 Counts","Methodist and Wesleyan (Holiness)","","0","units","0","","150.1.1.1.13","100","","","","0"
"2021","Kamloops (CMA), B.C.","2021S0503925","Total - Age","Total - Gender","2021 Counts","Pentecostal and other Charismatic","","0","units","0","","150.1.1.1.14","1005","","","","0"
"2021","Kamloops (CMA), B.C.","2021S0503925","Total - Age","Total - Gender","2021 Counts","Presbyterian","","0","units","0","","150.1.1.1.15","545","","","","0"
"2021","Kamloops (CMA), B.C.","2021S0503925","Total - Age","Total - Gender","2021 Counts","Reformed","","0","units","0","","150.1.1.1.16","125","","","","0"
"2021","Kamloops (CMA), B.C.","2021S0503925","Total - Age","Total - Gender","2021 Counts","United Church","","0","units","0","","150.1.1.1.17","3865","","","","0"
"2021","Kamloops (CMA), B.C.","2021S0503925","Total - Age","Total - Gender","2021 Counts","Other Christian and Christian-related traditions","","0","units","0","","150.1.1.1.18","2165","","","","0"
"2021","Kamloops (CMA), B.C.","2021S0503925","Total - Age","Total - Gender","2021 Counts","Hindu","","0","units","0","","150.1.1.1.19","1015","","","","0"
"2021","Kamloops (CMA), B.C.","2021S0503925","Total - Age","Total - Gender","2021 Counts","Jewish","","0","units","0","","150.1.1.1.20","105","","","","0"
"2021","Kamloops (CMA), B.C.","2021S0503925","Total - Age","Total - Gender","2021 Counts","Muslim","","0","units","0","","150.1.1.1.21","910","","","","0"
"2021","Kamloops (CMA), B.C.","2021S0503925","Total - Age","Total - Gender","2021 Counts","Sikh","","0","units","0","","150.1.1.1.22","2070","","","","0"
"2021","Kamloops (CMA), B.C.","2021S0503925","Total - Age","Total - Gender","2021 Counts","Traditional (North American Indigenous) spirituality","","0","units","0","","150.1.1.1.23","405","","","","0"
"2021","Kamloops (CMA), B.C.","2021S0503925","Total - Age","Total - Gender","2021 Counts","Other religions and spiritual traditions","","0","units","0","","150.1.1.1.24","1075","","","","0"
"2021","Kamloops (CMA), B.C.","2021S0503925","Total - Age","Total - Gender","2021 Counts","No religion and secular perspectives","","0","units","0","","150.1.1.1.25","67245","","","","0"
"2021","Kelowna (CMA), B.C.","2021S0503915","Total - Age","Total - Gender","2021 Counts","Total - Religion","","0","units","0","","151.1.1.1.1","218530","","","","0"
"2021","Kelowna (CMA), B.C.","2021S0503915","Total - Age","Total - Gender","2021 Counts","Buddhist","","0","units","0","","151.1.1.1.2","1150","","","","0"
"2021","Kelowna (CMA), B.C.","2021S0503915","Total - Age","Total - Gender","2021 Counts","Christian","","0","units","0","","151.1.1.1.3","88195","","","","0"
"2021","Kelowna (CMA), B.C.","2021S0503915","Total - Age","Total - Gender","2021 Counts","Christian, n.o.s.","","0","units","0","","151.1.1.1.4","22995","","","","0"
"2021","Kelowna (CMA), B.C.","2021S0503915","Total - Age","Total - Gender","2021 Counts","Anabaptist","","0","units","0","","151.1.1.1.5","1210","","","","0"
"2021","Kelowna (CMA), B.C.","2021S0503915","Total - Age","Total - Gender","2021 Counts","Anglican","","0","units","0","","151.1.1.1.6","6905","","","","0"
"2021","Kelowna (CMA), B.C.","2021S0503915","Total - Age","Total - Gender","2021 Counts","Baptist","","0","units","0","","151.1.1.1.7","4120","","","","0"
"2021","Kelowna (CMA), B.C.","2021S0503915","Total - Age","Total - Gender","2021 Counts","Catholic","","0","units","0","","151.1.1.1.8","26940","","","","0"
"2021","Kelowna (CMA), B.C.","2021S0503915","Total - Age","Total - Gender","2021 Counts","Christian Orthodox","","0","units","0","","151.1.1.1.9","1510","","","","0"
"2021","Kelowna (CMA), B.C.","2021S0503915","Total - Age","Total - Gender","2021 Counts","Jehovah's Witness","","0","units","0","","151.1.1.1.10","1680","","","","0"
"2021","Kelowna (CMA), B.C.","2021S0503915","Total - Age","Total - Gender","2021 Counts","Latter Day Saints","","0","units","0","","151.1.1.1.11","730","","","","0"
"2021","Kelowna (CMA), B.C.","2021S0503915","Total - Age","Total - Gender","2021 Counts","Lutheran","","0","units","0","","151.1.1.1.12","4010","","","","0"
"2021","Kelowna (CMA), B.C.","2021S0503915","Total - Age","Total - Gender","2021 Counts","Methodist and Wesleyan (Holiness)","","0","units","0","","151.1.1.1.13","295","","","","0"
"2021","Kelowna (CMA), B.C.","2021S0503915","Total - Age","Total - Gender","2021 Counts","Pentecostal and other Charismatic","","0","units","0","","151.1.1.1.14","2140","","","","0"
"2021","Kelowna (CMA), B.C.","2021S0503915","Total - Age","Total - Gender","2021 Counts","Presbyterian","","0","units","0","","151.1.1.1.15","1175","","","","0"
"2021","Kelowna (CMA), B.C.","2021S0503915","Total - Age","Total - Gender","2021 Counts","Reformed","","0","units","0","","151.1.1.1.16","225","","","","0"
"2021","Kelowna (CMA), B.C.","2021S0503915","Total - Age","Total - Gender","2021 Counts","United Church","","0","units","0","","151.1.1.1.17","8675","","","","0"
"2021","Kelowna (CMA), B.C.","2021S0503915","Total - Age","Total - Gender","2021 Counts","Other Christian and Christian-related traditions","","0","units","0","","151.1.1.1.18","5580","","","","0"
"2021","Kelowna (CMA), B.C.","2021S0503915","Total - Age","Total - Gender","2021 Counts","Hindu","","0","units","0","","151.1.1.1.19","1275","","","","0"
"2021","Kelowna (CMA), B.C.","2021S0503915","Total - Age","Total - Gender","2021 Counts","Jewish","","0","units","0","","151.1.1.1.20","720","","","","0"
"2021","Kelowna (CMA), B.C.","2021S0503915","Total - Age","Total - Gender","2021 Counts","Muslim","","0","units","0","","151.1.1.1.21","1755","","","","0"
"2021","Kelowna (CMA), B.C.","2021S0503915","Total - Age","Total - Gender","2021 Counts","Sikh","","0","units","0","","151.1.1.1.22","4200","","","","0"
"2021","Kelowna (CMA), B.C.","2021S0503915","Total - Age","Total - Gender","2021 Counts","Traditional (North American Indigenous) spirituality","","0","units","0","","151.1.1.1.23","190","","","","0"
"2021","Kelowna (CMA), B.C.","2021S0503915","Total - Age","Total - Gender","2021 Counts","Other religions and spiritual traditions","","0","units","0","","151.1.1.1.24","2100","","","","0"
"2021","Kelowna (CMA), B.C.","2021S0503915","Total - Age","Total - Gender","2021 Counts","No religion and secular perspectives","","0","units","0","","151.1.1.1.25","118940","","","","0"
"2021","Nanaimo (CMA), B.C.","2021S0503938","Total - Age","Total - Gender","2021 Counts","Total - Religion","","0","units","0","","153.1.1.1.1","112410","","","","0"
"2021","Nanaimo (CMA), B.C.","2021S0503938","Total - Age","Total - Gender","2021 Counts","Buddhist","","0","units","0","","153.1.1.1.2","715","","","","0"
"2021","Nanaimo (CMA), B.C.","2021S0503938","Total - Age","Total - Gender","2021 Counts","Christian","","0","units","0","","153.1.1.1.3","35450","","","","0"
"2021","Nanaimo (CMA), B.C.","2021S0503938","Total - Age","Total - Gender","2021 Counts","Christian, n.o.s.","","0","units","0","","153.1.1.1.4","8600","","","","0"
"2021","Nanaimo (CMA), B.C.","2021S0503938","Total - Age","Total - Gender","2021 Counts","Anabaptist","","0","units","0","","153.1.1.1.5","135","","","","0"
"2021","Nanaimo (CMA), B.C.","2021S0503938","Total - Age","Total - Gender","2021 Counts","Anglican","","0","units","0","","153.1.1.1.6","4175","","","","0"
"2021","Nanaimo (CMA), B.C.","2021S0503938","Total - Age","Total - Gender","2021 Counts","Baptist","","0","units","0","","153.1.1.1.7","1355","","","","0"
"2021","Nanaimo (CMA), B.C.","2021S0503938","Total - Age","Total - Gender","2021 Counts","Catholic","","0","units","0","","153.1.1.1.8","10290","","","","0"
"2021","Nanaimo (CMA), B.C.","2021S0503938","Total - Age","Total - Gender","2021 Counts","Christian Orthodox","","0","units","0","","153.1.1.1.9","320","","","","0"
"2021","Nanaimo (CMA), B.C.","2021S0503938","Total - Age","Total - Gender","2021 Counts","Jehovah's Witness","","0","units","0","","153.1.1.1.10","935","","","","0"
"2021","Nanaimo (CMA), B.C.","2021S0503938","Total - Age","Total - Gender","2021 Counts","Latter Day Saints","","0","units","0","","153.1.1.1.11","330","","","","0"
"2021","Nanaimo (CMA), B.C.","2021S0503938","Total - Age","Total - Gender","2021 Counts","Lutheran","","0","units","0","","153.1.1.1.12","1295","","","","0"
"2021","Nanaimo (CMA), B.C.","2021S0503938","Total - Age","Total - Gender","2021 Counts","Methodist and Wesleyan (Holiness)","","0","units","0","","153.1.1.1.13","200","","","","0"
"2021","Nanaimo (CMA), B.C.","2021S0503938","Total - Age","Total - Gender","2021 Counts","Pentecostal and other Charismatic","","0","units","0","","153.1.1.1.14","1050","","","","0"
"2021","Nanaimo (CMA), B.C.","2021S0503938","Total - Age","Total - Gender","2021 Counts","Presbyterian","","0","units","0","","153.1.1.1.15","795","","","","0"
"2021","Nanaimo (CMA), B.C.","2021S0503938","Total - Age","Total - Gender","2021 Counts","Reformed","","0","units","0","","153.1.1.1.16","150","","","","0"
"2021","Nanaimo (CMA), B.C.","2021S0503938","Total - Age","Total - Gender","2021 Counts","United Church","","0","units","0","","153.1.1.1.17","4115","","","","0"
"2021","Nanaimo (CMA), B.C.","2021S0503938","Total - Age","Total - Gender","2021 Counts","Other Christian and Christian-related traditions","","0","units","0","","153.1.1.1.18","1715","","","","0"
"2021","Nanaimo (CMA), B.C.","2021S0503938","Total - Age","Total - Gender","2021 Counts","Hindu","","0","units","0","","153.1.1.1.19","805","","","","0"
"2021","Nanaimo (CMA), B.C.","2021S0503938","Total - Age","Total - Gender","2021 Counts","Jewish","","0","units","0","","153.1.1.1.20","265","","","","0"
"2021","Nanaimo (CMA), B.C.","2021S0503938","Total - Age","Total - Gender","2021 Counts","Muslim","","0","units","0","","153.1.1.1.21","1000","","","","0"
"2021","Nanaimo (CMA), B.C.","2021S0503938","Total - Age","Total - Gender","2021 Counts","Sikh","","0","units","0","","153.1.1.1.22","1355","","","","0"
"2021","Nanaimo (CMA), B.C.","2021S0503938","Total - Age","Total - Gender","2021 Counts","Traditional (North American Indigenous) spirituality","","0","units","0","","153.1.1.1.23","635","","","","0"
"2021","Nanaimo (CMA), B.C.","2021S0503938","Total - Age","Total - Gender","2021 Counts","Other religions and spiritual traditions","","0","units","0","","153.1.1.1.24","1525","","","","0"
"2021","Nanaimo (CMA), B.C.","2021S0503938","Total - Age","Total - Gender","2021 Counts","No religion and secular perspectives","","0","units","0","","153.1.1.1.25","70660","","","","0"
"2021","Vancouver (CMA), B.C.","2021S0503933","Total - Age","Total - Gender","2021 Counts","Total - Religion","","0","units","0","","166.1.1.1.1","2607010","","","","0"
"2021","Vancouver (CMA), B.C.","2021S0503933","Total - Age","Total - Gender","2021 Counts","Buddhist","","0","units","0","","166.1.1.1.2","70670","","","","0"
"2021","Vancouver (CMA), B.C.","2021S0503933","Total - Age","Total - Gender","2021 Counts","Christian","","0","units","0","","166.1.1.1.3","863055","","","","0"
"2021","Vancouver (CMA), B.C.","2021S0503933","Total - Age","Total - Gender","2021 Counts","Christian, n.o.s.","","0","units","0","","166.1.1.1.4","226120","","","","0"
"2021","Vancouver (CMA), B.C.","2021S0503933","Total - Age","Total - Gender","2021 Counts","Anabaptist","","0","units","0","","166.1.1.1.5","6955","","","","0"
"2021","Vancouver (CMA), B.C.","2021S0503933","Total - Age","Total - Gender","2021 Counts","Anglican","","0","units","0","","166.1.1.1.6","51035","","","","0"
"2021","Vancouver (CMA), B.C.","2021S0503933","Total - Age","Total - Gender","2021 Counts","Baptist","","0","units","0","","166.1.1.1.7","26680","","","","0"
"2021","Vancouver (CMA), B.C.","2021S0503933","Total - Age","Total - Gender","2021 Counts","Catholic","","0","units","0","","166.1.1.1.8","355985","","","","0"
"2021","Vancouver (CMA), B.C.","2021S0503933","Total - Age","Total - Gender","2021 Counts","Christian Orthodox","","0","units","0","","166.1.1.1.9","35345","","","","0"
"2021","Vancouver (CMA), B.C.","2021S0503933","Total - Age","Total - Gender","2021 Counts","Jehovah's Witness","","0","units","0","","166.1.1.1.10","9740","","","","0"
"2021","Vancouver (CMA), B.C.","2021S0503933","Total - Age","Total - Gender","2021 Counts","Latter Day Saints","","0","units","0","","166.1.1.1.11","3565","","","","0"
"2021","Vancouver (CMA), B.C.","2021S0503933","Total - Age","Total - Gender","2021 Counts","Lutheran","","0","units","0","","166.1.1.1.12","17695","","","","0"
"2021","Vancouver (CMA), B.C.","2021S0503933","Total - Age","Total - Gender","2021 Counts","Methodist and Wesleyan (Holiness)","","0","units","0","","166.1.1.1.13","3165","","","","0"
"2021","Vancouver (CMA), B.C.","2021S0503933","Total - Age","Total - Gender","2021 Counts","Pentecostal and other Charismatic","","0","units","0","","166.1.1.1.14","18555","","","","0"
"2021","Vancouver (CMA), B.C.","2021S0503933","Total - Age","Total - Gender","2021 Counts","Presbyterian","","0","units","0","","166.1.1.1.15","14195","","","","0"
"2021","Vancouver (CMA), B.C.","2021S0503933","Total - Age","Total - Gender","2021 Counts","Reformed","","0","units","0","","166.1.1.1.16","4135","","","","0"
"2021","Vancouver (CMA), B.C.","2021S0503933","Total - Age","Total - Gender","2021 Counts","United Church","","0","units","0","","166.1.1.1.17","46145","","","","0"
"2021","Vancouver (CMA), B.C.","2021S0503933","Total - Age","Total - Gender","2021 Counts","Other Christian and Christian-related traditions","","0","units","0","","166.1.1.1.18","43750","","","","0"
"2021","Vancouver (CMA), B.C.","2021S0503933","Total - Age","Total - Gender","2021 Counts","Hindu","","0","units","0","","166.1.1.1.19","66535","","","","0"
"2021","Vancouver (CMA), B.C.","2021S0503933","Total - Age","Total - Gender","2021 Counts","Jewish","","0","units","0","","166.1.1.1.20","20125","","","","0"
"2021","Vancouver (CMA), B.C.","2021S0503933","Total - Age","Total - Gender","2021 Counts","Muslim","","0","units","0","","166.1.1.1.21","110645","","","","0"
"2021","Vancouver (CMA), B.C.","2021S0503933","Total - Age","Total - Gender","2021 Counts","Sikh","","0","units","0","","166.1.1.1.22","222165","","","","0"
"2021","Vancouver (CMA), B.C.","2021S0503933","Total - Age","Total - Gender","2021 Counts","Traditional (North American Indigenous) spirituality","","0","units","0","","166.1.1.1.23","1865","","","","0"
"2021","Vancouver (CMA), B.C.","2021S0503933","Total - Age","Total - Gender","2021 Counts","Other religions and spiritual traditions","","0","units","0","","166.1.1.1.24","24205","","","","0"
"2021","Vancouver (CMA), B.C.","2021S0503933","Total - Age","Total - Gender","2021 Counts","No religion and secular perspectives","","0","units","0","","166.1.1.1.25","1227755","","","","0"
"2021","Victoria (CMA), B.C.","2021S0503935","Total - Age","Total - Gender","2021 Counts","Total - Religion","","0","units","0","","168.1.1.1.1","388475","","","","0"
"2021","Victoria (CMA), B.C.","2021S0503935","Total - Age","Total - Gender","2021 Counts","Buddhist","","0","units","0","","168.1.1.1.2","4090","","","","0"
"2021","Victoria (CMA), B.C.","2021S0503935","Total - Age","Total - Gender","2021 Counts","Christian","","0","units","0","","168.1.1.1.3","126860","","","","0"
"2021","Victoria (CMA), B.C.","2021S0503935","Total - Age","Total - Gender","2021 Counts","Christian, n.o.s.","","0","units","0","","168.1.1.1.4","25070","","","","0"
"2021","Victoria (CMA), B.C.","2021S0503935","Total - Age","Total - Gender","2021 Counts","Anabaptist","","0","units","0","","168.1.1.1.5","420","","","","0"
"2021","Victoria (CMA), B.C.","2021S0503935","Total - Age","Total - Gender","2021 Counts","Anglican","","0","units","0","","168.1.1.1.6","19770","","","","0"
"2021","Victoria (CMA), B.C.","2021S0503935","Total - Age","Total - Gender","2021 Counts","Baptist","","0","units","0","","168.1.1.1.7","4595","","","","0"
"2021","Victoria (CMA), B.C.","2021S0503935","Total - Age","Total - Gender","2021 Counts","Catholic","","0","units","0","","168.1.1.1.8","40290","","","","0"
"2021","Victoria (CMA), B.C.","2021S0503935","Total - Age","Total - Gender","2021 Counts","Christian Orthodox","","0","units","0","","168.1.1.1.9","2265","","","","0"
"2021","Victoria (CMA), B.C.","2021S0503935","Total - Age","Total - Gender","2021 Counts","Jehovah's Witness","","0","units","0","","168.1.1.1.10","1565","","","","0"
"2021","Victoria (CMA), B.C.","2021S0503935","Total - Age","Total - Gender","2021 Counts","Latter Day Saints","","0","units","0","","168.1.1.1.11","1300","","","","0"
"2021","Victoria (CMA), B.C.","2021S0503935","Total - Age","Total - Gender","2021 Counts","Lutheran","","0","units","0","","168.1.1.1.12","3380","","","","0"
"2021","Victoria (CMA), B.C.","2021S0503935","Total - Age","Total - Gender","2021 Counts","Methodist and Wesleyan (Holiness)","","0","units","0","","168.1.1.1.13","770","","","","0"
"2021","Victoria (CMA), B.C.","2021S0503935","Total - Age","Total - Gender","2021 Counts","Pentecostal and other Charismatic","","0","units","0","","168.1.1.1.14","2910","","","","0"
"2021","Victoria (CMA), B.C.","2021S0503935","Total - Age","Total - Gender","2021 Counts","Presbyterian","","0","units","0","","168.1.1.1.15","2990","","","","0"
"2021","Victoria (CMA), B.C.","2021S0503935","Total - Age","Total - Gender","2021 Counts","Reformed","","0","units","0","","168.1.1.1.16","515","","","","0"
"2021","Victoria (CMA), B.C.","2021S0503935","Total - Age","Total - Gender","2021 Counts","United Church","","0","units","0","","168.1.1.1.17","13340","","","","0"
"2021","Victoria (CMA), B.C.","2021S0503935","Total - Age","Total - Gender","2021 Counts","Other Christian and Christian-related traditions","","0","units","0","","168.1.1.1.18","7680","","","","0"
"2021","Victoria (CMA), B.C.","2021S0503935","Total - Age","Total - Gender","2021 Counts","Hindu","","0","units","0","","168.1.1.1.19","3100","","","","0"
"2021","Victoria (CMA), B.C.","2021S0503935","Total - Age","Total - Gender","2021 Counts","Jewish","","0","units","0","","168.1.1.1.20","2740","","","","0"
"2021","Victoria (CMA), B.C.","2021S0503935","Total - Age","Total - Gender","2021 Counts","Muslim","","0","units","0","","168.1.1.1.21","4980","","","","0"
"2021","Victoria (CMA), B.C.","2021S0503935","Total - Age","Total - Gender","2021 Counts","Sikh","","0","units","0","","168.1.1.1.22","5160","","","","0"
"2021","Victoria (CMA), B.C.","2021S0503935","Total - Age","Total - Gender","2021 Counts","Traditional (North American Indigenous) spirituality","","0","units","0","","168.1.1.1.23","750","","","","0"
"2021","Victoria (CMA), B.C.","2021S0503935","Total - Age","Total - Gender","2021 Counts","Other religions and spiritual traditions","","0","units","0","","168.1.1.1.24","5940","","","","0"
"2021","Victoria (CMA), B.C.","2021S0503935","Total - Age","Total - Gender","2021 Counts","No religion and secular perspectives","","0","units","0","","168.1.1.1.25","234850","","","","0"


