{"type":"FeatureCollection","features":[{"type":"Feature","geometry":{"type":"Polygon","coordinates":[[[-83.8113,29.9772],[-83.8223,29.9772],[-83.8223,29.9867],[-83.8113,29.9867],[-83.8113,29.9772]]]},"properties":{"AQ_NAME":"Floridan Aquifer System","ROCK_NAME":"Carbonate-rock","ROCK_TYPE":400,"id":"aquifer-0","kind":"aquifer","nameJa":"フロリダ帯水層系"}},{"type":"Feature","geometry":{"type":"Polygon","coordinates":[[[-83.8145,29.9797],[-83.8054,29.9816],[-83.806,29.9761],[-83.8145,29.9797]]]},"properties":{"AQ_NAME":"Floridan Aquifer System","ROCK_NAME":"Carbonate-rock","ROCK_TYPE":400,"id":"aquifer-1","kind":"aquifer","nameJa":"フロリダ帯水層系"}},{"type":"Feature","geometry":{"type":"Polygon","coordinates":[[[-102.3631,31.8046],[-102.44,31.8419],[-102.451,31.8419],[-102.4729,31.8606],[-102.5168,31.8885],[-102.5498,31.8978],[-102.6046,31.9351],[-102.6486,31.9537],[-102.7144,32.0096],[-102.7474,32.0375],[-102.7803,32.0654],[-102.7913,32.0654],[-102.8022,32.0654],[-102.8132,32.0654],[-102.8242,32.0748],[-102.8461,32.0748],[-102.8571,32.0841],[-102.8901,32.1027],[-102.923,32.1212],[-102.9669,32.1677],[-103.0218,32.2327],[-103.0437,32.2699],[-103.0547,32.3256],[-103.0547,32.3348],[-103.0547,32.3905],[-103.0657,32.4368],[-103.0657,32.4553],[-103.0877,32.4739],[-103.1316,32.5109],[-103.1535,32.5201],[-103.2084,32.5387],[-103.2194,32.5387],[-103.2304,32.5387],[-103.2413,32.5479],[-103.2962,32.5387],[-103.3292,32.5479],[-103.3621,32.5572],[-103.384,32.5757],[-103.417,32.5942],[-103.417,32.6034],[-103.4719,32.6404],[-103.4938,32.6496],[-103.5158,32.6496],[-103.5377,32.6589],[-103.5487,32.6681],[-103.5597,32.6866],[-103.5926,32.7143],[-103.6146,32.7328],[-103.6475,32.7513],[-103.6695,32.7605],[-103.7024,32.8066],[-103.7573,32.8712],[-103.7902,32.8988],[-103.8231,32.9081],[-103.8341,32.9173],[-103.8451,32.9357],[-103.8451,33.0278],[-103.8451,33.037],[-103.8341,33.0646],[-103.8231,33.083],[-103.7902,33.1106],[-103.7902,33.1198],[-103.7902,33.1474],[-103.7902,33.1657],[-103.7902,33.1841],[-103.8122,33.3035],[-103.8122,33.331],[-103.8012,33.3768],[-103.8012,33.3952],[-103.7902,33.3952],[-103.7463,33.4227],[-103.7353,33.4227],[-103.7353,33.4501],[-103.7134,33.4868],[-103.7024,33.5142],[-103.7024,33.5234],[-103.7243,33.5325],[-103.7243,33.5417],[-103.7024,33.56],[-103.7024,33.5874],[-103.7024,33.5966],[-103.6914,33.6148],[-103.7134,33.624],[-103.7134,33.6331],[-103.7024,33.6514],[-103.6914,33.6605],[-103.6914,33.6788],[-103.7024,33.6971],[-103.7134,33.7062],[-103.7463,33.7153],[-103.7573,33.7153],[-103.7573,33.7245],[-103.7463,33.7427],[-103.7463,33.7519],[-103.7683,33.7792],[-103.7792,33.7792],[-103.7683,33.7884],[-103.7683,33.7975],[-103.7792,33.7975],[-103.7792,33.8157],[-103.7683,33.8248],[-103.7243,33.8522],[-103.7243,33.8613],[-103.7243,33.8704],[-103.7463,33.8704],[-103.7573,33.8613],[-103.7683,33.8613],[-103.7683,33.8704],[-103.7792,33.8795],[-103.8122,33.8795],[-103.8341,33.8887],[-103.867,33.916],[-103.878,33.9251],[-103.878,33.9433],[-103.878,33.9706],[-103.878,33.9797],[-103.878,33.9888],[-103.889,33.9888],[-103.9219,33.9888],[-103.9219,33.9979],[-103.9329,34.0161],[-103.911,34.0616],[-103.911,34.0889],[-103.9219,34.098],[-103.9219,34.1162],[-103.9219,34.1253],[-103.9,34.1525],[-103.9,34.1707],[-103.9,34.1888],[-103.9219,34.207],[-103.9329,34.2252],[-103.9329,34.2342],[-103.911,34.2524],[-103.911,34.2796],[-103.9219,34.2887],[-103.9329,34.3068],[-103.9329,34.3159],[-103.9219,34.334],[-103.911,34.3521],[-103.9,34.3884],[-103.889,34.3974],[-103.878,34.4065],[-103.867,34.4155],[-103.8561,34.4699],[-103.8451,34.488],[-103.8341,34.497],[-103.8122,34.5151],[-103.8122,34.5241],[-103.8231,34.5241],[-103.8561,34.5241],[-103.867,34.5332],[-103.8561,34.5603],[-103.8561,34.5784],[-103.867,34.5874],[-103.878,34.5874],[-103.889,34.5784],[-103.911,34.5784],[-103.911,34.5694],[-103.9219,34.5513],[-103.9439,34.5422],[-103.9439,34.5332],[-103.9549,34.5241],[-103.9658,34.5332],[-103.9768,34.5241],[-103.9878,34.5241],[-103.9878,34.497],[-103.9988,34.488],[-104.0098,34.488],[-104.0317,34.5061],[-104.0537,34.497],[-104.0646,34.488],[-104.0646,34.4789],[-104.0756,34.4789],[-104.0756,34.488],[-104.0756,34.497],[-104.0537,34.5694],[-104.0427,34.5965],[-104.0317,34.6055],[-104.0317,34.6145],[-104.0317,34.6416],[-104.0427,34.6597],[-104.0427,34.6868],[-104.0537,34.7048],[-104.0646,34.7139],[-104.0756,34.7229],[-104.0866,34.7229],[-104.1086,34.7499],[-104.1525,34.777],[-104.1634,34.777],[-104.1634,34.8131],[-104.1634,34.8311],[-104.1415,34.8491],[-104.1305,34.8761],[-104.1195,34.8941],[-104.0976,34.9211],[-104.0866,34.9301],[-104.0866,34.9481],[-104.1086,34.9571],[-104.1634,34.9571],[-104.1854,34.9571],[-104.1854,34.9751],[-104.1415,35.0111],[-104.1305,35.0111],[-104.1086,35.0021],[-104.0866,35.0111],[-104.0646,35.0111],[-104.0427,35.0021],[-104.0207,35.0021],[-104.0098,34.9931],[-103.9988,34.9841],[-104.0098,34.9751],[-104.0427,34.9751],[-104.0427,34.9661],[-104.0427,34.9571],[-104.0317,34.9481],[-104.0317,34.9391],[-104.0427,34.9301],[-104.0427,34.9211],[-103.9988,34.8851],[-103.9988,34.8581],[-103.9878,34.8581],[-103.9768,34.8581],[-103.9549,34.8761],[-103.9439,34.8761],[-103.9329,34.8671],[-103.9219,34.8581],[-103.911,34.8491],[-103.8341,34.8401],[-103.8231,34.8401],[-103.7902,34.8221],[-103.7683,34.8221],[-103.7463,34.8221],[-103.7353,34.8311],[-103.7353,34.8401],[-103.7353,34.8491],[-103.6695,34.8491],[-103.6365,34.8671],[-103.6255,34.8671],[-103.6036,34.8581],[-103.5816,34.8671],[-103.5707,34.8761],[-103.5377,34.8761],[-103.5267,34.8851],[-103.5158,34.8851],[-103.4938,34.8761],[-103.4828,34.8851],[-103.4719,34.8851],[-103.4719,34.9121],[-103.4609,34.9301],[-103.4499,34.9301],[-103.428,34.9391],[-103.428,34.9661],[-103.395,35.0021],[-103.384,35.0021],[-103.3621,35.0021],[-103.3621,34.9931],[-103.3511,34.9841],[-103.3401,34.9751],[-103.3182,34.9841],[-103.3072,34.9841],[-103.2743,34.9571],[-103.2304,34.9571],[-103.1864,34.9661],[-103.1535,34.9751],[-103.1316,34.9751],[-103.1096,34.9931],[-103.0657,34.9931],[-103.0328,34.9931],[-103.0108,34.9931],[-103.0108,35.0021],[-102.9998,35.0111],[-102.9998,35.0201],[-102.9998,35.0381],[-102.9889,35.056],[-102.9779,35.065],[-102.9559,35.074],[-102.9559,35.101],[-102.9559,35.1189],[-102.934,35.1369],[-102.923,35.1458],[-102.8681,35.1458],[-102.8571,35.1458],[-102.8461,35.1548],[-102.8461,35.1728],[-102.8352,35.1817],[-102.8132,35.1907],[-102.7913,35.1997],[-102.7803,35.2266],[-102.7803,35.2445],[-102.7474,35.2625],[-102.7364,35.2893],[-102.7364,35.3073],[-102.7144,35.3073],[-102.7144,35.3252],[-102.6925,35.3252],[-102.6595,35.3162],[-102.6376,35.3073],[-102.6156,35.2893],[-102.5937,35.2983],[-102.5827,35.2983],[-102.5607,35.3073],[-102.5278,35.3073],[-102.5058,35.2893],[-102.4839,35.2893],[-102.4619,35.2983],[-102.44,35.2893],[-102.429,35.2893],[-102.418,35.2625],[-102.4071,35.2625],[-102.3961,35.2714],[-102.3631,35.2804],[-102.3302,35.2983],[-102.3083,35.2983],[-102.2973,35.2983],[-102.2753,35.2893],[-102.2314,35.2804],[-102.1985,35.2625],[-102.1765,35.2535],[-102.1655,35.2445],[-102.1546,35.2356],[-102.1436,35.2445],[-102.1326,35.2535],[-102.1216,35.2535],[-102.1107,35.2535],[-102.0887,35.2445],[-102.0887,35.2266],[-102.0668,35.2176],[-102.0558,35.2356],[-102.0448,35.2445],[-102.0228,35.2535],[-102.0119,35.2535],[-101.9899,35.2445],[-101.946,35.2356],[-101.924,35.2356],[-101.9131,35.2625],[-101.924,35.2804],[-101.9131,35.2983],[-101.9021,35.2893],[-101.8801,35.2804],[-101.8801,35.2893],[-101.8801,35.3162],[-101.8692,35.3431],[-101.8582,35.3699],[-101.8472,35.3699],[-101.8472,35.361],[-101.8472,35.3341],[-101.8362,35.3162],[-101.8362,35.3341],[-101.8362,35.352],[-101.8253,35.3699],[-101.8143,35.3699],[-101.8033,35.361],[-101.8033,35.3341],[-101.8033,35.3073],[-101.7923,35.2983],[-101.7813,35.3162],[-101.7704,35.3341],[-101.7704,35.352],[-101.7704,35.3699],[-101.7923,35.3789],[-101.8033,35.3968],[-101.7923,35.4057],[-101.7813,35.4057],[-101.7704,35.3878],[-101.7594,35.3968],[-101.7704,35.4057],[-101.7704,35.4147],[-101.7813,35.4236],[-101.7813,35.4415],[-101.7704,35.4415],[-101.7484,35.4326],[-101.7374,35.4236],[-101.7265,35.4057],[-101.7155,35.4057],[-101.7155,35.4147],[-101.7265,35.4326],[-101.7265,35.4505],[-101.7265,35.4683],[-101.7155,35.4683],[-101.7045,35.4862],[-101.6935,35.513],[-101.6935,35.5398],[-101.6716,35.5488],[-101.6606,35.5398],[-101.6277,35.5666],[-101.6057,35.6023],[-101.5837,35.638],[-101.5508,35.6559],[-101.5289,35.6559],[-101.5069,35.6559],[-101.5069,35.6291],[-101.5069,35.6113],[-101.5069,35.6023],[-101.4959,35.6113],[-101.485,35.6202],[-101.485,35.6291],[-101.485,35.647],[-101.474,35.6648],[-101.463,35.6559],[-101.463,35.638],[-101.452,35.638],[-101.441,35.647],[-101.4301,35.6559],[-101.4191,35.6648],[-101.4081,35.647],[-101.4191,35.6291],[-101.4191,35.6113],[-101.4191,35.6023],[-101.4191,35.5934],[-101.4191,35.5845],[-101.3971,35.5845],[-101.3862,35.5845],[-101.3752,35.5577],[-101.3532,35.5577],[-101.3422,35.5756],[-101.3203,35.5934],[-101.3203,35.6113],[-101.3093,35.638],[-101.2983,35.647],[-101.2874,35.647],[-101.2874,35.638],[-101.2764,35.6291],[-101.2654,35.638],[-101.2654,35.6648],[-101.2654,35.6826],[-101.2654,35.7183],[-101.2544,35.7361],[-101.2434,35.7361],[-101.2215,35.7272],[-101.2105,35.7272],[-101.1995,35.7361],[-101.1886,35.745],[-101.1886,35.7807],[-101.1776,35.7985],[-101.1776,35.8074],[-101.1556,35.8252],[-101.1337,35.843],[-101.1117,35.8697],[-101.0898,35.8874],[-101.0788,35.8963],[-101.0678,35.9052],[-101.0788,35.9141],[-101.1007,35.9141],[-101.1117,35.9052],[-101.1556,35.8874],[-101.1666,35.8786],[-101.1776,35.8697],[-101.1886,35.8519],[-101.2105,35.8341],[-101.2325,35.8341],[-101.2544,35.8341],[-101.2874,35.8341],[-101.2983,35.8341],[-101.3093,35.8163],[-101.3203,35.7985],[-101.3313,35.7896],[-101.3422,35.7807],[-101.3532,35.7717],[-101.3642,35.7628],[-101.3862,35.7539],[-101.3971,35.7539],[-101.3862,35.7717],[-101.3971,35.7717],[-101.4081,35.7717],[-101.4191,35.7539],[-101.4301,35.745],[-101.463,35.7539],[-101.474,35.7539],[-101.485,35.7361],[-101.4959,35.7361],[-101.5069,35.7361],[-101.5179,35.7628],[-101.5289,35.7628],[-101.5289,35.7539],[-101.5398,35.7361],[-101.5618,35.7272],[-101.5728,35.7272],[-101.6057,35.7272],[-101.6277,35.7272],[-101.6386,35.7272],[-101.6716,35.7539],[-101.7045,35.7717],[-101.7155,35.7896],[-101.7265,35.7985],[-101.7484,35.8074],[-101.7813,35.8074],[-101.8033,35.7985],[-101.8143,35.7985],[-101.8143,35.7896],[-101.7923,35.7717],[-101.7594,35.7628],[-101.7594,35.745],[-101.7704,35.7361],[-101.7813,35.7183],[-101.7923,35.7005],[-101.7813,35.7005],[-101.7594,35.7005],[-101.7265,35.7005],[-101.6935,35.7094],[-101.6716,35.7005],[-101.6606,35.7005],[-101.6606,35.6915],[-101.6716,35.6737],[-101.6825,35.6648],[-101.7045,35.6559],[-101.7265,35.6559],[-101.7484,35.6559],[-101.7704,35.6559],[-101.7923,35.6559],[-101.8143,35.6559],[-101.8253,35.647],[-101.8253,35.638],[-101.8253,35.6291],[-101.8253,35.6202],[-101.8362,35.6023],[-101.8472,35.5934],[-101.8582,35.5845],[-101.8801,35.5845],[-101.8801,35.5756],[-101.8801,35.5666],[-101.8801,35.5577],[-101.8692,35.5488],[-101.8582,35.5309],[-101.8472,35.522],[-101.8472,35.5041],[-101.8582,35.4952],[-101.8692,35.4773],[-101.8911,35.4773],[-101.924,35.4773],[-101.946,35.4862],[-101.968,35.4952],[-101.9899,35.4952],[-102.0009,35.4952],[-102.0228,35.522],[-102.0448,35.513],[-102.0558,35.513],[-102.0668,35.5309],[-102.0777,35.5488],[-102.0887,35.5488],[-102.1216,35.5398],[-102.1436,35.5488],[-102.1546,35.5488],[-102.1765,35.5398],[-102.1985,35.5488],[-102.1985,35.5666],[-102.1985,35.5756],[-102.2095,35.5756],[-102.2204,35.5756],[-102.2534,35.5577],[-102.2643,35.5577],[-102.2753,35.5577],[-102.2753,35.5666],[-102.2863,35.5756],[-102.3083,35.5756],[-102.3192,35.5756],[-102.3412,35.5577],[-102.3631,35.5577],[-102.3741,35.5666],[-102.3851,35.5845],[-102.3851,35.6023],[-102.3961,35.6113],[-102.418,35.6202],[-102.429,35.6291],[-102.44,35.6202],[-102.451,35.6023],[-102.4619,35.5934],[-102.4839,35.5845],[-102.4949,35.5845],[-102.5278,35.6023],[-102.5388,35.6023],[-102.5498,35.5934],[-102.5607,35.5666],[-102.5717,35.5577],[-102.5827,35.5577],[-102.5937,35.5666],[-102.6156,35.5756],[-102.6266,35.5756],[-102.6266,35.5577],[-102.6266,35.5488],[-102.6376,35.5398],[-102.6486,35.5398],[-102.6595,35.5398],[-102.6595,35.5488],[-102.6705,35.5577],[-102.6815,35.5756],[-102.7034,35.5845],[-102.7144,35.5934],[-102.7254,35.5845],[-102.7254,35.5756],[-102.7254,35.5577],[-102.7144,35.5488],[-102.7254,35.5309],[-102.7364,35.522],[-102.7474,35.522],[-102.7583,35.5398],[-102.7693,35.5577],[-102.7803,35.5577],[-102.7803,35.5756],[-102.8022,35.5845],[-102.8242,35.5934],[-102.8352,35.5845],[-102.8352,35.5666],[-102.8242,35.5577],[-102.8132,35.5309],[-102.8132,35.522],[-102.8242,35.5041],[-102.8352,35.4952],[-102.8571,35.4952],[-102.8571,35.5041],[-102.8791,35.513],[-102.8901,35.522],[-102.901,35.5309],[-102.934,35.5398],[-102.9449,35.5577],[-102.9669,35.5666],[-102.9889,35.5666],[-103.0218,35.5666],[-103.0328,35.5666],[-103.0657,35.5756],[-103.0877,35.5845],[-103.1206,35.5934],[-103.1535,35.5845],[-103.1864,35.5845],[-103.2194,35.5934],[-103.2523,35.5934],[-103.2743,35.5756],[-103.2962,35.5666],[-103.3182,35.5666],[-103.3621,35.5756],[-103.3731,35.5845],[-103.406,35.6023],[-103.417,35.6113],[-103.4389,35.6023],[-103.4499,35.5845],[-103.4719,35.5845],[-103.5267,35.6113],[-103.5377,35.6291],[-103.5377,35.6737],[-103.5158,35.7094],[-103.4828,35.7361],[-103.4828,35.745],[-103.4828,35.7628],[-103.4938,35.8074],[-103.4938,35.843],[-103.4828,35.8519],[-103.4719,35.8608],[-103.4609,35.8697],[-103.4719,35.8786],[-103.4719,35.8874],[-103.5048,35.9052],[-103.5267,35.9141],[-103.5267,35.9319],[-103.5158,35.9586],[-103.4828,36.003],[-103.4609,36.0119],[-103.4499,36.0207],[-103.428,36.0119],[-103.417,36.003],[-103.406,36.003],[-103.384,36.0296],[-103.3731,36.0296],[-103.3511,36.0207],[-103.3401,36.0296],[-103.3292,36.0385],[-103.3182,36.0474],[-103.3072,36.0474],[-103.2962,36.0385],[-103.2743,36.0207],[-103.2633,36.0207],[-103.2523,36.0207],[-103.2304,36.0296],[-103.2084,36.0651],[-103.1974,36.0651],[-103.1755,36.0562],[-103.1645,36.0562],[-103.1535,36.0651],[-103.1535,36.074],[-103.1645,36.0829],[-103.1974,36.0917],[-103.2304,36.1095],[-103.2413,36.1272],[-103.2633,36.1892],[-103.2743,36.207],[-103.2743,36.2158],[-103.3072,36.2335],[-103.3292,36.2424],[-103.3511,36.2512],[-103.3621,36.2601],[-103.3621,36.2689],[-103.3511,36.2866],[-103.3511,36.2955],[-103.3731,36.2955],[-103.395,36.2778],[-103.417,36.2778],[-103.428,36.3043],[-103.4389,36.3043],[-103.4499,36.3043],[-103.4609,36.2866],[-103.4609,36.2778],[-103.4828,36.2778],[-103.5048,36.2955],[-103.5048,36.3132],[-103.5048,36.322],[-103.5048,36.3309],[-103.4828,36.3309],[-103.4389,36.322],[-103.406,36.3309],[-103.395,36.3309],[-103.395,36.3397],[-103.406,36.3486],[-103.417,36.3574],[-103.5158,36.3662],[-103.5597,36.3751],[-103.5816,36.3839],[-103.5926,36.4193],[-103.5926,36.4281],[-103.6146,36.4281],[-103.6255,36.4281],[-103.6475,36.4104],[-103.6695,36.4016],[-103.6804,36.4016],[-103.6914,36.4104],[-103.7134,36.4193],[-103.7243,36.4546],[-103.7573,36.4987],[-103.7902,36.5164],[-103.8231,36.5252],[-103.8561,36.5516],[-103.867,36.5693],[-103.867,36.5781],[-103.8451,36.6045],[-103.8451,36.6134],[-103.8451,36.6398],[-103.8451,36.6486],[-103.8341,36.6574],[-103.8231,36.675],[-103.7353,36.719],[-103.7134,36.719],[-103.7024,36.7102],[-103.6804,36.7102],[-103.6585,36.7278],[-103.6365,36.7454],[-103.6146,36.7454],[-103.5926,36.7454],[-103.5707,36.7366],[-103.5487,36.719],[-103.5487,36.7102],[-103.5597,36.7014],[-103.5926,36.7102],[-103.6036,36.719],[-103.6146,36.7102],[-103.6036,36.7014],[-103.5926,36.6926],[-103.5926,36.675],[-103.5707,36.675],[-103.5597,36.6662],[-103.5597,36.6574],[-103.5707,36.6574],[-103.5926,36.631],[-103.5707,36.6222],[-103.5377,36.631],[-103.5158,36.6486],[-103.5048,36.6574],[-103.4938,36.675],[-103.4828,36.6838],[-103.4719,36.6838],[-103.4609,36.675],[-103.4499,36.6662],[-103.4389,36.675],[-103.4389,36.6838],[-103.428,36.6838],[-103.406,36.6662],[-103.3731,36.6662],[-103.3511,36.6662],[-103.2743,36.675],[-103.2084,36.7014],[-103.1864,36.7014],[-103.1645,36.6838],[-103.1535,36.6926],[-103.1425,36.6926],[-103.1316,36.6926],[-103.1206,36.6838],[-103.1316,36.6838],[-103.1316,36.675],[-103.1425,36.675],[-103.1645,36.6662],[-103.1645,36.6574],[-103.1535,36.6574],[-103.1206,36.6574],[-103.1096,36.6662],[-103.0877,36.675],[-103.0437,36.6662],[-103.0328,36.6574],[-103.0218,36.6662],[-103.0218,36.675],[-103.0328,36.6838],[-103.0437,36.6926],[-103.0657,36.6926],[-103.0767,36.7014],[-103.0877,36.719],[-103.0877,36.7278],[-103.1206,36.7366],[-103.1535,36.7454],[-103.1535,36.7542],[-103.1425,36.763],[-103.1316,36.763],[-103.0767,36.7542],[-103.0657,36.7542],[-103.0547,36.7542],[-103.0218,36.7718],[-102.9998,36.7718],[-102.9779,36.7718],[-102.9559,36.7718],[-102.912,36.7718],[-102.8791,36.7806],[-102.8571,36.7982],[-102.8352,36.8245],[-102.8132,36.8597],[-102.8022,36.8597],[-102.8022,36.8333],[-102.7693,36.8421],[-102.7364,36.8597],[-102.7144,36.8597],[-102.7144,36.8509],[-102.7144,36.8421],[-102.7254,36.8157],[-102.7474,36.7894],[-102.7474,36.7718],[-102.7254,36.7806],[-102.6925,36.7806],[-102.6705,36.7894],[-102.6376,36.807],[-102.5937,36.8157],[-102.5058,36.8597],[-102.5058,36.8509],[-102.4839,36.8597],[-102.4729,36.8685],[-102.44,36.8772],[-102.418,36.8948],[-102.3851,36.9124],[-102.3522,36.9299],[-102.3522,36.9387],[-102.3741,36.9387],[-102.4071,36.9387],[-102.44,36.9475],[-102.4619,36.9475],[-102.4729,36.9562],[-102.5168,36.9562],[-102.5607,36.9562],[-102.6156,36.9562],[-102.6595,36.965],[-102.6815,36.9738],[-102.7034,36.9913],[-102.7254,37.0176],[-102.7693,37.0264],[-102.8022,37.0527],[-102.8242,37.0614],[-102.8461,37.0614],[-102.8901,37.0351],[-102.901,37.0351],[-102.901,37.0439],[-102.912,37.0527],[-102.901,37.0614],[-102.901,37.0702],[-102.912,37.0789],[-102.934,37.0877],[-102.9449,37.0789],[-102.9669,37.0789],[-102.9669,37.0877],[-102.9669,37.1052],[-102.9669,37.114],[-102.9779,37.1315],[-103.0108,37.149],[-103.0218,37.1665],[-103.0437,37.1752],[-103.0437,37.1927],[-103.0657,37.2102],[-103.0877,37.2102],[-103.1425,37.2102],[-103.1535,37.2189],[-103.1755,37.2364],[-103.2084,37.2452],[-103.2194,37.2539],[-103.2304,37.2626],[-103.2413,37.2714],[-103.2633,37.2714],[-103.2852,37.2714],[-103.2852,37.2626],[-103.2743,37.2452],[-103.2633,37.2364],[-103.2304,37.2277],[-103.2084,37.2102],[-103.2084,37.2014],[-103.2194,37.2014],[-103.2633,37.2189],[-103.3182,37.2452],[-103.3401,37.2452],[-103.3511,37.2364],[-103.3511,37.2189],[-103.3292,37.2014],[-103.3182,37.2014],[-103.2962,37.2014],[-103.2743,37.2014],[-103.2633,37.2014],[-103.2633,37.184],[-103.2523,37.1752],[-103.2413,37.1752],[-103.2084,37.1752],[-103.2084,37.1665],[-103.1974,37.1577],[-103.2084,37.1577],[-103.2304,37.149],[-103.2523,37.1315],[-103.2633,37.1315],[-103.2852,37.1402],[-103.2962,37.1402],[-103.3292,37.1402],[-103.3511,37.149],[-103.3731,37.1752],[-103.406,37.2189],[-103.395,37.2539],[-103.395,37.2626],[-103.406,37.2801],[-103.406,37.2888],[-103.384,37.3325],[-103.3621,37.3499],[-103.3401,37.3587],[-103.3401,37.3412],[-103.3292,37.3325],[-103.3072,37.3325],[-103.2962,37.3238],[-103.2523,37.3238],[-103.2523,37.315],[-103.2413,37.315],[-103.2304,37.315],[-103.2194,37.3238],[-103.1645,37.3238],[-103.1535,37.3412],[-103.1425,37.3499],[-103.1096,37.3936],[-103.0877,37.3936],[-103.0657,37.3936],[-103.0437,37.3936],[-103.0108,37.411],[-102.9889,37.4372],[-102.9449,37.4894],[-102.8901,37.5156],[-102.8571,37.5504],[-102.8352,37.5504],[-102.8242,37.5591],[-102.8132,37.5678],[-102.8132,37.5765],[-102.7913,37.5939],[-102.7034,37.6287],[-102.6376,37.6461],[-102.6376,37.6547],[-102.6595,37.6634],[-102.6815,37.6721],[-102.7144,37.6634],[-102.7364,37.6547],[-102.7583,37.6547],[-102.7803,37.6461],[-102.8022,37.6374],[-102.8132,37.6547],[-102.8461,37.6461],[-102.8681,37.6374],[-102.8571,37.6287],[-102.8352,37.62],[-102.8352,37.6113],[-102.8571,37.6113],[-102.8901,37.62],[-102.901,37.62],[-102.923,37.6026],[-102.934,37.6026],[-102.9449,37.62],[-102.934,37.6287],[-102.912,37.6461],[-102.8571,37.6895],[-102.8461,37.6982],[-102.8242,37.7156],[-102.8022,37.7156],[-102.7803,37.6982],[-102.7693,37.6982],[-102.7583,37.6982],[-102.7364,37.7069],[-102.7254,37.7069],[-102.7034,37.7069],[-102.6815,37.6982],[-102.6705,37.6982],[-102.6595,37.6982],[-102.6156,37.7242],[-102.5717,37.7676],[-102.5058,37.7937],[-102.5058,37.8023],[-102.4839,37.811],[-102.451,37.837],[-102.429,37.8457],[-102.3961,37.8717],[-102.3631,37.8804],[-102.3412,37.889],[-102.3192,37.9064],[-102.2753,37.9237],[-102.2643,37.9323],[-102.2204,37.9323],[-102.2204,37.9583],[-102.2314,38.0016],[-102.2204,38.0016],[-102.1985,38.0016],[-102.1765,37.9929],[-102.1655,37.9843],[-102.1436,37.9929],[-102.1107,38.0016],[-102.0997,38.0016],[-102.0777,37.9929],[-102.0668,37.9929],[-102.0558,37.9929],[-102.0448,37.9929],[-102.0338,37.9929],[-102.0119,37.9929],[-101.9899,37.9843],[-101.957,37.9756],[-101.9131,37.967],[-101.8911,37.9583],[-101.8472,37.9496],[-101.8143,37.941],[-101.7813,37.9323],[-101.7374,37.9237],[-101.7045,37.915],[-101.6716,37.9064],[-101.6277,37.8977],[-101.5947,37.889],[-101.5728,37.8804],[-101.5508,37.8717],[-101.5179,37.863],[-101.485,37.8544],[-101.441,37.837],[-101.4081,37.8284],[-101.3862,37.8284],[-101.3862,37.837],[-101.3971,37.8457],[-101.3971,37.8544],[-101.4191,37.863],[-101.4301,37.863],[-101.452,37.8804],[-101.463,37.889],[-101.485,37.8977],[-101.5179,37.9064],[-101.5289,37.915],[-101.5508,37.9237],[-101.5728,37.9323],[-101.5837,37.9323],[-101.6057,37.941],[-101.6386,37.9496],[-101.6606,37.9583],[-101.6716,37.967],[-101.6825,37.9756],[-101.6935,37.9929],[-101.6935,38.0016],[-101.6935,38.0189],[-101.6935,38.0275],[-101.7155,38.0362],[-101.7374,38.0362],[-101.7484,38.0275],[-101.7594,38.0102],[-101.7704,38.0016],[-101.7923,37.9929],[-101.8143,37.9929],[-101.8362,37.9929],[-101.8472,38.0016],[-101.8472,38.0102],[-101.8362,38.0189],[-101.8253,38.0189],[-101.8143,38.0362],[-101.8143,38.0448],[-101.8033,38.0534],[-101.8033,38.0621],[-101.8033,38.0707],[-101.8143,38.0707],[-101.8362,38.0707],[-101.8472,38.0707],[-101.8472,38.088],[-101.8582,38.0967],[-101.8582,38.1053],[-101.8801,38.0967],[-101.8801,38.088],[-101.8801,38.0794],[-101.8801,38.0707],[-101.8801,38.0534],[-101.8911,38.0448],[-101.9021,38.0275],[-101.9131,38.0275],[-101.924,38.0275],[-101.924,38.0362],[-101.924,38.0448],[-101.924,38.0621],[-101.9131,38.0707],[-101.924,38.0794],[-101.935,38.0794],[-101.946,38.0707],[-101.946,38.0621],[-101.957,38.0534],[-101.968,38.0448],[-101.9789,38.0448],[-101.9899,38.0448],[-102.0119,38.0448],[-102.0228,38.0448],[-102.0448,38.0534],[-102.0668,38.0621],[-102.0887,38.0794],[-102.0997,38.0967],[-102.1107,38.1485],[-102.1107,38.1657],[-102.1107,38.2002],[-102.1107,38.2261],[-102.1216,38.2434],[-102.1326,38.2434],[-102.1436,38.2347],[-102.1546,38.2261],[-102.1655,38.183],[-102.1765,38.1312],[-102.1875,38.1226],[-102.1985,38.1226],[-102.2204,38.1312],[-102.2643,38.1571],[-102.2863,38.1657],[-102.3083,38.1744],[-102.3192,38.2347],[-102.3302,38.2606],[-102.3412,38.3381],[-102.3522,38.3554],[-102.3851,38.3726],[-102.3851,38.3898],[-102.3631,38.4156],[-102.3741,38.4328],[-102.3741,38.4414],[-102.3631,38.45],[-102.3083,38.45],[-102.2863,38.4586],[-102.2863,38.4672],[-102.2753,38.4844],[-102.2643,38.4844],[-102.2204,38.493],[-102.2204,38.5016],[-102.2204,38.5101],[-102.2204,38.5187],[-102.2643,38.5273],[-102.2753,38.5273],[-102.3083,38.5187],[-102.3302,38.5016],[-102.3412,38.5016],[-102.3522,38.5101],[-102.3522,38.5273],[-102.3741,38.5445],[-102.429,38.5617],[-102.44,38.5788],[-102.451,38.5874],[-102.451,38.6046],[-102.4619,38.6217],[-102.5058,38.6475],[-102.5278,38.6646],[-102.5607,38.6817],[-102.5717,38.6903],[-102.5827,38.7074],[-102.5717,38.716],[-102.5717,38.7246],[-102.5937,38.7588],[-102.6046,38.7759],[-102.5937,38.8016],[-102.5937,38.8273],[-102.5717,38.8444],[-102.5498,38.87],[-102.5498,38.8786],[-102.5607,38.8956],[-102.5827,38.9127],[-102.6705,38.9554],[-102.6815,38.9554],[-102.7034,38.9554],[-102.7144,38.9469],[-102.7474,38.9469],[-102.7583,38.964],[-102.7803,38.9725],[-102.8132,38.9725],[-102.8132,38.9896],[-102.8242,38.9896],[-102.8352,38.9896],[-102.8352,38.981],[-102.8461,38.981],[-102.8461,38.9896],[-102.8461,38.9981],[-102.8571,39.0066],[-102.8681,39.0066],[-102.8791,38.9981],[-102.8791,38.9725],[-102.8901,38.964],[-102.912,38.9725],[-102.934,38.9981],[-102.9559,39.0066],[-102.9889,39.0066],[-103.0218,38.9981],[-103.0767,39.0237],[-103.0986,39.0152],[-103.1206,39.0066],[-103.1316,39.0066],[-103.1535,39.0066],[-103.1645,39.0066],[-103.1755,39.0152],[-103.2194,39.0322],[-103.2523,39.0578],[-103.2633,39.0663],[-103.2633,39.0834],[-103.2633,39.0919],[-103.2413,39.0919],[-103.2304,39.1004],[-103.2304,39.1089],[-103.2194,39.1174],[-103.1974,39.126],[-103.1974,39.1174],[-103.2084,39.1089],[-103.1974,39.1004],[-103.1864,39.1089],[-103.1755,39.1089],[-103.1645,39.1089],[-103.1425,39.1345],[-103.0986,39.177],[-103.0657,39.1855],[-103.0437,39.2026],[-103.0437,39.2196],[-103.0328,39.2366],[-103.0108,39.2366],[-102.9998,39.2451],[-102.9889,39.2791],[-102.9889,39.2876],[-102.9669,39.3046],[-102.9449,39.313],[-102.934,39.3215],[-102.934,39.33],[-102.9559,39.33],[-102.9669,39.3385],[-102.9889,39.3385],[-103.0108,39.33],[-103.0108,39.3215],[-103.0108,39.313],[-102.9998,39.3046],[-102.9998,39.2961],[-102.9998,39.2876],[-103.0218,39.2791],[-103.0328,39.2621],[-103.0547,39.2621],[-103.0657,39.2536],[-103.0767,39.2536],[-103.0877,39.2451],[-103.0767,39.2366],[-103.0767,39.2281],[-103.0986,39.2111],[-103.1096,39.2111],[-103.1425,39.2196],[-103.1535,39.2196],[-103.1645,39.2111],[-103.1645,39.2026],[-103.1535,39.194],[-103.1535,39.1855],[-103.1535,39.177],[-103.1755,39.1855],[-103.1974,39.1685],[-103.2084,39.1685],[-103.2304,39.177],[-103.2413,39.1855],[-103.2523,39.16],[-103.2743,39.16],[-103.2852,39.1515],[-103.2852,39.143],[-103.2633,39.1345],[-103.2633,39.1174],[-103.2743,39.1174],[-103.2852,39.1174],[-103.3182,39.1345],[-103.3511,39.177],[-103.384,39.2026],[-103.384,39.2111],[-103.395,39.2196],[-103.428,39.2366],[-103.4719,39.2451],[-103.5707,39.2791],[-103.5926,39.2876],[-103.6146,39.2961],[-103.6255,39.313],[-103.6365,39.3215],[-103.6695,39.347],[-103.7024,39.3555],[-103.7353,39.347],[-103.7353,39.3555],[-103.7573,39.3555],[-103.7902,39.347],[-103.8012,39.3555],[-103.7353,39.4064],[-103.7134,39.4234],[-103.7134,39.4319],[-103.7024,39.4319],[-103.7024,39.4403],[-103.6695,39.4658],[-103.6585,39.4912],[-103.6255,39.5166],[-103.6146,39.5335],[-103.6036,39.5505],[-103.5926,39.5505],[-103.5816,39.542],[-103.5707,39.5335],[-103.5707,39.542],[-103.5707,39.5505],[-103.5597,39.5758],[-103.5267,39.5928],[-103.4828,39.635],[-103.4609,39.652],[-103.4609,39.6604],[-103.4499,39.6858],[-103.4499,39.6942],[-103.4389,39.6942],[-103.428,39.6942],[-103.428,39.6773],[-103.417,39.6773],[-103.406,39.6773],[-103.395,39.6942],[-103.3731,39.728],[-103.3731,39.7533],[-103.3731,39.787],[-103.3621,39.7955],[-103.3731,39.8629],[-103.3731,39.8714],[-103.3511,39.8798],[-103.3401,39.8629],[-103.3292,39.8629],[-103.3182,39.8714],[-103.3182,39.8798],[-103.3401,39.8966],[-103.3621,39.9219],[-103.3731,39.9555],[-103.395,39.964],[-103.406,39.9892],[-103.417,40.0144],[-103.428,40.048],[-103.4389,40.0733],[-103.428,40.1152],[-103.417,40.1572],[-103.3731,40.241],[-103.3621,40.2494],[-103.3621,40.2662],[-103.3401,40.2997],[-103.3292,40.3081],[-103.3072,40.3081],[-103.2962,40.2997],[-103.2962,40.2913],[-103.2852,40.2829],[-103.2743,40.2829],[-103.2633,40.2913],[-103.2413,40.2913],[-103.2413,40.3081],[-103.2304,40.3164],[-103.2194,40.3248],[-103.2084,40.3332],[-103.1864,40.3332],[-103.1755,40.3332],[-103.1645,40.3332],[-103.1535,40.3415],[-103.1645,40.3666],[-103.1535,40.375],[-103.1535,40.4001],[-103.1425,40.4084],[-103.1425,40.4251],[-103.1645,40.4419],[-103.1645,40.4669],[-103.1755,40.5003],[-103.1645,40.5337],[-103.1535,40.5504],[-103.0986,40.5837],[-103.0767,40.6087],[-103.0108,40.692],[-102.9998,40.7003],[-102.934,40.7336],[-102.901,40.7503],[-102.8461,40.7669],[-102.7803,40.7918],[-102.7474,40.8168],[-102.7144,40.8334],[-102.7034,40.8417],[-102.6486,40.8583],[-102.6156,40.8666],[-102.5607,40.8832],[-102.5058,40.8998],[-102.418,40.9247],[-102.4071,40.9247],[-102.3631,40.933],[-102.3522,40.9413],[-102.3083,40.9413],[-102.2973,40.9495],[-102.3083,40.9578],[-102.3302,40.9661],[-102.3631,40.9661],[-102.3961,40.9578],[-102.4071,40.9495],[-102.44,40.9495],[-102.4619,40.9413],[-102.5388,40.9247],[-102.6266,40.8998],[-102.6595,40.8915],[-102.6925,40.8666],[-102.7254,40.8583],[-102.8461,40.8334],[-102.912,40.8251],[-102.9559,40.8168],[-103.0108,40.7918],[-103.0657,40.7669],[-103.1316,40.7419],[-103.1535,40.7419],[-103.1755,40.7503],[-103.1974,40.7835],[-103.2084,40.8001],[-103.2304,40.8251],[-103.2413,40.8251],[-103.2633,40.8251],[-103.2633,40.8168],[-103.2413,40.7918],[-103.2523,40.7835],[-103.2633,40.7835],[-103.2962,40.8084],[-103.2962,40.8168],[-103.2962,40.8251],[-103.3072,40.8251],[-103.3072,40.8334],[-103.3072,40.8417],[-103.3072,40.85],[-103.3182,40.8417],[-103.3182,40.8334],[-103.3182,40.8251],[-103.3292,40.8168],[-103.3182,40.8168],[-103.3182,40.8084],[-103.3182,40.8001],[-103.3072,40.8001],[-103.3072,40.7918],[-103.3072,40.7835],[-103.3182,40.7835],[-103.3292,40.7918],[-103.3401,40.8001],[-103.3511,40.8084],[-103.3731,40.8334],[-103.384,40.8417],[-103.384,40.85],[-103.384,40.8583],[-103.395,40.8666],[-103.406,40.8666],[-103.406,40.8749],[-103.417,40.8749],[-103.428,40.8666],[-103.428,40.8583],[-103.417,40.85],[-103.406,40.8417],[-103.395,40.8417],[-103.395,40.8334],[-103.384,40.8334],[-103.384,40.8251],[-103.384,40.8168],[-103.406,40.8168],[-103.4499,40.8251],[-103.4938,40.8583],[-103.5487,40.8915],[-103.5707,40.8998],[-103.5816,40.8998],[-103.5816,40.8915],[-103.5816,40.8832],[-103.5487,40.8666],[-103.5487,40.8583],[-103.5487,40.85],[-103.5377,40.8334],[-103.5267,40.8334],[-103.5377,40.8251],[-103.5487,40.8251],[-103.5707,40.8251],[-103.5707,40.8168],[-103.5377,40.8084],[-103.5048,40.8084],[-103.4609,40.8001],[-103.4499,40.8001],[-103.4499,40.7918],[-103.4499,40.7835],[-103.4828,40.7752],[-103.4938,40.7752],[-103.4828,40.7669],[-103.4719,40.7503],[-103.4499,40.7586],[-103.4389,40.7586],[-103.428,40.7752],[-103.406,40.7835],[-103.384,40.7835],[-103.3511,40.7752],[-103.3401,40.7669],[-103.3401,40.7586],[-103.3511,40.7253],[-103.3511,40.717],[-103.3401,40.7087],[-103.3401,40.7003],[-103.3511,40.692],[-103.384,40.692],[-103.417,40.6837],[-103.428,40.6671],[-103.428,40.6504],[-103.4389,40.6504],[-103.4499,40.6504],[-103.4609,40.6671],[-103.4719,40.692],[-103.4938,40.7087],[-103.5048,40.717],[-103.5158,40.717],[-103.5267,40.717],[-103.5267,40.7253],[-103.5267,40.7586],[-103.5487,40.7669],[-103.5707,40.7669],[-103.5597,40.7419],[-103.5597,40.7253],[-103.5707,40.7253],[-103.6036,40.7336],[-103.6585,40.7586],[-103.6695,40.7669],[-103.6914,40.7835],[-103.7024,40.7918],[-103.7134,40.7918],[-103.7134,40.7835],[-103.7024,40.7752],[-103.7024,40.7586],[-103.7243,40.7586],[-103.7243,40.7419],[-103.7134,40.7419],[-103.7024,40.7419],[-103.6914,40.7336],[-103.6804,40.7336],[-103.6365,40.7253],[-103.6255,40.7253],[-103.6255,40.717],[-103.6365,40.717],[-103.6695,40.717],[-103.6914,40.7253],[-103.7024,40.7253],[-103.7134,40.7253],[-103.7463,40.7336],[-103.7792,40.7669],[-103.8231,40.7752],[-103.8561,40.8084],[-103.878,40.8084],[-103.889,40.8084],[-103.889,40.7918],[-103.878,40.7752],[-103.8561,40.7586],[-103.8561,40.7503],[-103.8561,40.7419],[-103.8451,40.7336],[-103.7902,40.7253],[-103.7573,40.7087],[-103.7463,40.7003],[-103.7463,40.692],[-103.7902,40.6837],[-103.8341,40.6837],[-103.8561,40.6837],[-103.867,40.6754],[-103.867,40.6671],[-103.867,40.6587],[-103.9219,40.6587],[-103.9329,40.6504],[-103.9768,40.6421],[-104.0098,40.6504],[-104.0317,40.6504],[-104.0976,40.6504],[-104.1305,40.6587],[-104.1634,40.6671],[-104.1854,40.6837],[-104.1854,40.692],[-104.1854,40.7003],[-104.1854,40.7087],[-104.1854,40.717],[-104.2183,40.7419],[-104.2183,40.7503],[-104.2183,40.7669],[-104.2293,40.7752],[-104.2842,40.8084],[-104.2952,40.8251],[-104.3171,40.8334],[-104.3281,40.8334],[-104.372,40.8334],[-104.394,40.8251],[-104.4159,40.8168],[-104.4598,40.8334],[-104.5037,40.8417],[-104.5916,40.8583],[-104.6245,40.8749],[-104.6355,40.8832],[-104.6794,40.8915],[-104.6904,40.8915],[-104.7013,40.8832],[-104.7233,40.8749],[-104.7452,40.8832],[-104.7892,40.8998],[-104.8111,40.9081],[-104.8221,40.9081],[-104.8331,40.9164],[-104.855,40.9247],[-104.8879,40.933],[-104.8989,40.933],[-104.9099,40.9247],[-104.9099,40.9081],[-104.9099,40.8998],[-104.9209,40.8998],[-104.9319,40.8998],[-104.9977,40.933],[-105.0416,40.9495],[-105.0526,40.9495],[-105.1075,40.9495],[-105.1295,40.9495],[-105.1404,40.9661],[-105.1514,40.9744],[-105.1734,40.9993],[-105.1843,41.0076],[-105.1843,41.0241],[-105.1843,41.0407],[-105.1734,41.0572],[-105.1734,41.0655],[-105.1624,41.0738],[-105.1404,41.0986],[-105.1295,41.1069],[-105.1404,41.1152],[-105.1404,41.1234],[-105.1514,41.1234],[-105.1624,41.1317],[-105.1734,41.14],[-105.1953,41.14],[-105.1953,41.1565],[-105.2063,41.173],[-105.1953,41.1813],[-105.1843,41.1978],[-105.1843,41.2061],[-105.1843,41.2226],[-105.1843,41.2474],[-105.1843,41.2556],[-105.1843,41.2721],[-105.1953,41.2804],[-105.2063,41.2969],[-105.2173,41.3216],[-105.2173,41.3298],[-105.2173,41.3463],[-105.2282,41.371],[-105.2282,41.3875],[-105.2063,41.3957],[-105.1953,41.404],[-105.1734,41.404],[-105.1624,41.4204],[-105.1624,41.4287],[-105.1734,41.4369],[-105.1953,41.4451],[-105.2063,41.4534],[-105.2173,41.4698],[-105.2173,41.4863],[-105.2282,41.4945],[-105.2282,41.5109],[-105.2392,41.5192],[-105.2502,41.5274],[-105.2612,41.5356],[-105.2831,41.5356],[-105.3051,41.552],[-105.3161,41.5602],[-105.3161,41.5767],[-105.3051,41.5849],[-105.2831,41.5931],[-105.2722,41.5849],[-105.2502,41.5849],[-105.2392,41.5767],[-105.2063,41.5849],[-105.1953,41.6013],[-105.1843,41.6259],[-105.1843,41.6423],[-105.1843,41.6587],[-105.1843,41.6751],[-105.1734,41.6997],[-105.1624,41.7161],[-105.1514,41.7243],[-105.1624,41.7325],[-105.1734,41.7407],[-105.1843,41.7489],[-105.1843,41.7653],[-105.1734,41.7653],[-105.1404,41.7653],[-105.1295,41.7734],[-105.1075,41.7816],[-105.0965,41.7898],[-105.0965,41.798],[-105.0746,41.798],[-105.0746,41.7898],[-105.0636,41.7816],[-105.0636,41.7653],[-105.0526,41.7489],[-105.0307,41.7571],[-105.0307,41.7653],[-105.0197,41.7734],[-105.0087,41.7816],[-104.9977,41.7898],[-104.9977,41.8062],[-104.9977,41.8225],[-104.9977,41.8389],[-105.0087,41.8471],[-105.0197,41.8553],[-105.0197,41.8634],[-105.0197,41.8716],[-105.0087,41.8798],[-105.0197,41.888],[-105.0416,41.888],[-105.0526,41.888],[-105.0746,41.8798],[-105.0855,41.8716],[-105.1185,41.8716],[-105.1404,41.8716],[-105.1514,41.8716],[-105.1624,41.8634],[-105.1843,41.8471],[-105.2063,41.8389],[-105.2173,41.8225],[-105.2392,41.8062],[-105.2502,41.8144],[-105.2612,41.8307],[-105.2612,41.8389],[-105.2612,41.8471],[-105.2722,41.8634],[-105.2831,41.8716],[-105.2722,41.888],[-105.2722,41.8961],[-105.2612,41.9125],[-105.2392,41.9288],[-105.2282,41.9288],[-105.2173,41.937],[-105.1953,41.937],[-105.1843,41.937],[-105.1734,41.9451],[-105.1734,41.9533],[-105.1734,41.9696],[-105.1843,41.9778],[-105.1843,41.9941],[-105.1843,42.0023],[-105.1953,42.0023],[-105.2063,42.0104],[-105.2173,42.0186],[-105.2173,42.0267],[-105.2282,42.043],[-105.2282,42.0512],[-105.2392,42.0675],[-105.2392,42.0756],[-105.2392,42.0919],[-105.2392,42.1001],[-105.2392,42.1082],[-105.2392,42.1245],[-105.2282,42.1327],[-105.2282,42.1489],[-105.2282,42.1652],[-105.2282,42.1733],[-105.2502,42.1896],[-105.2502,42.1977],[-105.2392,42.2059],[-105.2282,42.2221],[-105.2063,42.2221],[-105.1843,42.214],[-105.1734,42.214],[-105.1624,42.2221],[-105.1624,42.2303],[-105.1624,42.2465],[-105.1734,42.2628],[-105.1734,42.279],[-105.1843,42.2871],[-105.1953,42.2871],[-105.2063,42.2871],[-105.2173,42.279],[-105.2282,42.2709],[-105.2392,42.2546],[-105.2612,42.2546],[-105.2722,42.2546],[-105.2722,42.2628],[-105.2722,42.2709],[-105.2722,42.279],[-105.2722,42.2871],[-105.2502,42.2871],[-105.2392,42.2953],[-105.2392,42.3034],[-105.2392,42.3115],[-105.2392,42.3277],[-105.2282,42.3277],[-105.2173,42.3358],[-105.2063,42.3358],[-105.1953,42.3521],[-105.1953,42.3683],[-105.1953,42.3845],[-105.2063,42.3926],[-105.2173,42.3845],[-105.2282,42.3845],[-105.2392,42.3764],[-105.2612,42.3764],[-105.2722,42.3764],[-105.2831,42.3683],[-105.2941,42.3602],[-105.3051,42.3521],[-105.3161,42.3602],[-105.327,42.3602],[-105.338,42.3683],[-105.338,42.3764],[-105.338,42.3845],[-105.327,42.3926],[-105.3161,42.4007],[-105.3051,42.4088],[-105.2941,42.4088],[-105.2941,42.425],[-105.2831,42.4412],[-105.2941,42.4493],[-105.2941,42.4574],[-105.2941,42.4655],[-105.3051,42.4736],[-105.3051,42.4898],[-105.3161,42.4898],[-105.3161,42.4979],[-105.3161,42.506],[-105.3161,42.5141],[-105.3161,42.5222],[-105.327,42.5303],[-105.338,42.5303],[-105.349,42.5384],[-105.349,42.5465],[-105.338,42.5546],[-105.327,42.5546],[-105.3161,42.5626],[-105.3161,42.5707],[-105.327,42.5788],[-105.327,42.5869],[-105.338,42.595],[-105.327,42.595],[-105.3051,42.6031],[-105.2941,42.6111],[-105.2722,42.6192],[-105.2612,42.6192],[-105.2502,42.6273],[-105.2392,42.6354],[-105.2282,42.6354],[-105.2063,42.6354],[-105.1953,42.6273],[-105.1734,42.6192],[-105.1514,42.6111],[-105.1404,42.6111],[-105.1295,42.6111],[-105.1185,42.6031],[-105.1185,42.595],[-105.1075,42.5869],[-105.0965,42.5869],[-105.0855,42.595],[-105.0746,42.6031],[-105.0746,42.6192],[-105.0746,42.6273],[-105.0855,42.6434],[-105.0965,42.6434],[-105.0965,42.6515],[-105.0965,42.6677],[-105.1075,42.6757],[-105.1295,42.6757],[-105.1404,42.6757],[-105.1404,42.6838],[-105.1404,42.6999],[-105.1404,42.708],[-105.1295,42.7161],[-105.1185,42.7241],[-105.1075,42.7322],[-105.0855,42.7403],[-105.0746,42.7483],[-105.0636,42.7483],[-105.0416,42.7564],[-105.0197,42.7644],[-105.0087,42.7725],[-104.9867,42.7886],[-104.9758,42.7967],[-104.9428,42.8128],[-104.9319,42.8289],[-104.9209,42.8369],[-104.8879,42.853],[-104.855,42.8691],[-104.8331,42.8852],[-104.8001,42.9013],[-104.7782,42.9174],[-104.7672,42.9254],[-104.7562,42.9415],[-104.7452,42.9576],[-104.7452,42.9656],[-104.7343,42.9736],[-104.7233,42.9736],[-104.7123,42.9736],[-104.7013,42.9736],[-104.7013,42.9656],[-104.7013,42.9495],[-104.7123,42.9415],[-104.7233,42.9335],[-104.7233,42.9174],[-104.7123,42.9093],[-104.6794,42.9254],[-104.6464,42.9335],[-104.6245,42.9495],[-104.6025,42.9656],[-104.5806,42.9736],[-104.5476,42.9817],[-104.5367,42.9817],[-104.5257,42.9736],[-104.5147,42.9656],[-104.5037,42.9656],[-104.4708,42.9656],[-104.4489,42.9736],[-104.4379,42.9817],[-104.4049,42.9817],[-104.383,42.9817],[-104.372,42.9736],[-104.361,42.9576],[-104.361,42.9495],[-104.3501,42.9415],[-104.3171,42.9415],[-104.2952,42.9495],[-104.2842,42.9415],[-104.2732,42.9335],[-104.2732,42.9254],[-104.2622,42.9174],[-104.2403,42.9174],[-104.2183,42.9254],[-104.1964,42.9254],[-104.1854,42.9254],[-104.1634,42.9093],[-104.1525,42.9013],[-104.1305,42.9013],[-104.1086,42.9093],[-104.0866,42.9013],[-104.0756,42.9013],[-104.0646,42.8933],[-104.0646,42.9093],[-104.0646,42.9174],[-104.0317,42.9254],[-104.0098,42.9174],[-103.9988,42.9013],[-103.9768,42.9013],[-103.9549,42.9093],[-103.9329,42.9093],[-103.911,42.8933],[-103.889,42.8852],[-103.878,42.8852],[-103.8561,42.8852],[-103.8341,42.8852],[-103.8231,42.8691],[-103.8122,42.853],[-103.8122,42.845],[-103.8012,42.8289],[-103.7902,42.8289],[-103.7902,42.8208],[-103.7792,42.8208],[-103.7792,42.8289],[-103.7573,42.8369],[-103.7463,42.853],[-103.7353,42.8611],[-103.7243,42.8772],[-103.6914,42.8772],[-103.6804,42.8852],[-103.6695,42.8933],[-103.6695,42.9013],[-103.6585,42.9013],[-103.6475,42.8933],[-103.6146,42.8852],[-103.6146,42.9013],[-103.6036,42.9093],[-103.5816,42.9093],[-103.5487,42.9093],[-103.5377,42.9013],[-103.5487,42.8852],[-103.5377,42.8691],[-103.4938,42.8691],[-103.4828,42.8691],[-103.4828,42.8611],[-103.4938,42.8611],[-103.4938,42.853],[-103.4938,42.8369],[-103.4719,42.845],[-103.4389,42.845],[-103.428,42.8289],[-103.395,42.8289],[-103.384,42.8208],[-103.384,42.7967],[-103.384,42.7806],[-103.3731,42.7644],[-103.3731,42.7483],[-103.3621,42.7403],[-103.3511,42.7403],[-103.3401,42.7483],[-103.3292,42.7564],[-103.3182,42.7564],[-103.2962,42.7483],[-103.2743,42.7403],[-103.2523,42.7322],[-103.2194,42.7241],[-103.1974,42.7322],[-103.1755,42.7403],[-103.1645,42.7483],[-103.1645,42.7644],[-103.1425,42.7806],[-103.1096,42.7886],[-103.0986,42.8047],[-103.0877,42.8047],[-103.0657,42.8047],[-103.0437,42.8208],[-103.0328,42.8369],[-103.0218,42.845],[-103.0218,42.8611],[-103.0108,42.8691],[-102.9998,42.8772],[-102.9779,42.8852],[-102.9559,42.8852],[-102.9449,42.9013],[-102.934,42.9093],[-102.912,42.8933],[-102.912,42.8852],[-102.912,42.8772],[-102.901,42.8772],[-102.8901,42.8933],[-102.8791,42.9013],[-102.8791,42.9093],[-102.8681,42.9093],[-102.8681,42.9013],[-102.8681,42.8933],[-102.8681,42.8772],[-102.8681,42.8691],[-102.8571,42.8691],[-102.8571,42.8611],[-102.8461,42.8611],[-102.8352,42.8691],[-102.8242,42.8852],[-102.8242,42.8933],[-102.8132,42.8933],[-102.8132,42.9013],[-102.8022,42.9013],[-102.7913,42.9013],[-102.7803,42.8933],[-102.7693,42.8852],[-102.7583,42.8933],[-102.7474,42.8933],[-102.7474,42.9174],[-102.7583,42.9254],[-102.7364,42.9415],[-102.7254,42.9495],[-102.7034,42.9576],[-102.6705,42.9656],[-102.6595,42.9736],[-102.6595,42.9897],[-102.6705,42.9977],[-102.6815,42.9977],[-102.6815,43.0057],[-102.6925,43.0218],[-102.7034,43.0298],[-102.7144,43.0459],[-102.7364,43.0539],[-102.7583,43.0619],[-102.7583,43.0699],[-102.7803,43.102],[-102.7803,43.11],[-102.7913,43.1341],[-102.7803,43.1501],[-102.7803,43.1581],[-102.7693,43.1741],[-102.7583,43.1901],[-102.7474,43.1981],[-102.7474,43.2061],[-102.7364,43.2221],[-102.7364,43.2301],[-102.7474,43.2381],[-102.7583,43.2541],[-102.7583,43.2621],[-102.7583,43.2701],[-102.7693,43.2781],[-102.7803,43.2861],[-102.7803,43.3021],[-102.7803,43.31],[-102.7693,43.318],[-102.7583,43.326],[-102.7474,43.334],[-102.7364,43.342],[-102.7254,43.342],[-102.7144,43.35],[-102.7034,43.35],[-102.6815,43.3579],[-102.6815,43.3739],[-102.6705,43.3739],[-102.6705,43.3819],[-102.6595,43.3899],[-102.6486,43.3978],[-102.6376,43.4058],[-102.6376,43.4138],[-102.6266,43.4218],[-102.6156,43.4218],[-102.6046,43.4297],[-102.5937,43.4297],[-102.5607,43.4457],[-102.5498,43.4537],[-102.5388,43.4696],[-102.5278,43.4696],[-102.5058,43.5014],[-102.4949,43.5014],[-102.4729,43.5174],[-102.4729,43.5253],[-102.4619,43.5333],[-102.44,43.5412],[-102.429,43.5412],[-102.429,43.5492],[-102.4071,43.5572],[-102.4071,43.5651],[-102.3961,43.5651],[-102.3741,43.581],[-102.3631,43.589],[-102.3412,43.5969],[-102.3302,43.5969],[-102.3192,43.6049],[-102.3192,43.6128],[-102.3083,43.6128],[-102.2973,43.6128],[-102.2863,43.6208],[-102.2753,43.6208],[-102.2643,43.6287],[-102.2534,43.6287],[-102.2424,43.6367],[-102.2424,43.6446],[-102.2314,43.6525],[-102.2095,43.6684],[-102.1985,43.6684],[-102.1875,43.6764],[-102.1765,43.6684],[-102.1655,43.6684],[-102.1546,43.6684],[-102.1436,43.6684],[-102.1326,43.6764],[-102.1216,43.6764],[-102.1107,43.6843],[-102.0997,43.6843],[-102.0887,43.6843],[-102.0777,43.6843],[-102.0558,43.6764],[-102.0448,43.6843],[-102.0338,43.6843],[-102.0119,43.6843],[-102.0009,43.6843],[-101.9789,43.6843],[-101.957,43.6843],[-101.935,43.6843],[-101.924,43.6843],[-101.9131,43.6764],[-101.9021,43.6764],[-101.8911,43.6764],[-101.8692,43.6684],[-101.8582,43.6764],[-101.8472,43.6764],[-101.8362,43.6764],[-101.8253,43.6843],[-101.8143,43.6843],[-101.8033,43.6843],[-101.7923,43.6843],[-101.7704,43.6843],[-101.7594,43.6843],[-101.7155,43.6843],[-101.7045,43.6843],[-101.6935,43.6922],[-101.6825,43.6922],[-101.6716,43.7002],[-101.6606,43.7081],[-101.6496,43.7161],[-101.6386,43.724],[-101.6277,43.7161],[-101.6167,43.7161],[-101.5837,43.7161],[-101.5728,43.7161],[-101.5618,43.724],[-101.5618,43.7319],[-101.5508,43.7319],[-101.5398,43.7319],[-101.5289,43.7319],[-101.5179,43.7319],[-101.5069,43.724],[-101.5069,43.7161],[-101.4959,43.7081],[-101.4959,43.7002],[-101.4959,43.6922],[-101.4959,43.6843],[-101.4959,43.6764],[-101.4959,43.6684],[-101.485,43.6605],[-101.474,43.6525],[-101.474,43.6367],[-101.463,43.6287],[-101.463,43.6208],[-101.452,43.6287],[-101.452,43.6367],[-101.441,43.6367],[-101.452,43.6525],[-101.452,43.6684],[-101.463,43.6843],[-101.463,43.6922],[-101.463,43.7002],[-101.452,43.7002],[-101.441,43.7081],[-101.4301,43.7161],[-101.4301,43.724],[-101.4301,43.7398],[-101.4301,43.7478],[-101.4191,43.7557],[-101.4191,43.7636],[-101.4081,43.7716],[-101.3971,43.7716],[-101.3862,43.7716],[-101.3862,43.7557],[-101.3752,43.7557],[-101.3752,43.7319],[-101.3752,43.724],[-101.3752,43.7161],[-101.3752,43.7081],[-101.3642,43.7002],[-101.3642,43.7081],[-101.3532,43.7081],[-101.3532,43.7161],[-101.3532,43.7319],[-101.3532,43.7398],[-101.3642,43.7478],[-101.3642,43.7557],[-101.3532,43.7557],[-101.3532,43.7716],[-101.3422,43.7716],[-101.3313,43.7636],[-101.3203,43.7716],[-101.3093,43.7716],[-101.2983,43.7795],[-101.2874,43.7795],[-101.2764,43.7795],[-101.2654,43.7795],[-101.2544,43.7795],[-101.2544,43.7716],[-101.2434,43.7636],[-101.2434,43.7557],[-101.2544,43.7478],[-101.2544,43.7398],[-101.2544,43.7161],[-101.2544,43.7002],[-101.2544,43.6922],[-101.2434,43.6764],[-101.2325,43.6684],[-101.2215,43.6525],[-101.2215,43.6446],[-101.2215,43.6367],[-101.2105,43.6287],[-101.1995,43.6287],[-101.1995,43.6367],[-101.1995,43.6446],[-101.1995,43.6605],[-101.1995,43.6684],[-101.1995,43.6764],[-101.2105,43.6922],[-101.2105,43.7002],[-101.2215,43.7161],[-101.2215,43.7319],[-101.2215,43.7398],[-101.2105,43.7557],[-101.1995,43.7636],[-101.1995,43.7716],[-101.1886,43.7795],[-101.1776,43.7953],[-101.1556,43.7953],[-101.1556,43.8033],[-101.1447,43.7953],[-101.1447,43.7874],[-101.1337,43.7636],[-101.1337,43.7557],[-101.1337,43.7478],[-101.1227,43.7478],[-101.1227,43.7398],[-101.1117,43.7398],[-101.1007,43.7478],[-101.0898,43.7478],[-101.0788,43.7478],[-101.0678,43.7478],[-101.0568,43.7478],[-101.0459,43.7478],[-101.0349,43.7398],[-101.0239,43.724],[-101.0239,43.7161],[-101.0239,43.7081],[-101.0459,43.6922],[-101.0568,43.6764],[-101.0678,43.6525],[-101.0678,43.6367],[-101.0678,43.6208],[-101.0678,43.6128],[-101.0678,43.5969],[-101.0678,43.589],[-101.0568,43.589],[-101.0349,43.589],[-101.0239,43.589],[-101.0129,43.589],[-101.0019,43.589],[-100.991,43.589],[-100.98,43.589],[-100.969,43.589],[-100.969,43.581],[-100.969,43.5731],[-100.969,43.5651],[-100.98,43.5651],[-100.991,43.5651],[-101.0019,43.5572],[-101.0129,43.5572],[-101.0239,43.5492],[-101.0239,43.5412],[-101.0129,43.5412],[-101.0129,43.5333],[-101.0019,43.5333],[-100.991,43.5333],[-100.98,43.5333],[-100.969,43.5333],[-100.958,43.5333],[-100.9471,43.5333],[-100.9361,43.5333],[-100.9251,43.5253],[-100.9141,43.5174],[-100.9141,43.5094],[-100.9031,43.5014],[-100.8922,43.5014],[-100.8812,43.5014],[-100.8812,43.5094],[-100.8702,43.5094],[-100.8702,43.5014],[-100.8592,43.5014],[-100.8592,43.4935],[-100.8592,43.4855],[-100.8483,43.4776],[-100.8373,43.4696],[-100.8263,43.4537],[-100.8153,43.4457],[-100.8153,43.4377],[-100.8153,43.4297],[-100.8153,43.4218],[-100.8153,43.4138],[-100.8153,43.4058],[-100.8044,43.4058],[-100.7934,43.4058],[-100.7934,43.4138],[-100.7824,43.4218],[-100.7714,43.4297],[-100.7604,43.4297],[-100.7495,43.4297],[-100.7385,43.4377],[-100.7275,43.4377],[-100.7165,43.4377],[-100.7056,43.4377],[-100.6946,43.4457],[-100.6836,43.4377],[-100.6836,43.4457],[-100.6726,43.4616],[-100.6726,43.4696],[-100.6616,43.4776],[-100.6616,43.4935],[-100.6726,43.5014],[-100.6726,43.5094],[-100.6726,43.5253],[-100.6726,43.5412],[-100.6616,43.5492],[-100.6616,43.5651],[-100.6507,43.5731],[-100.6397,43.5731],[-100.6287,43.5731],[-100.6068,43.5731],[-100.5958,43.5731],[-100.5848,43.5651],[-100.5738,43.5651],[-100.5738,43.5492],[-100.5628,43.5412],[-100.5628,43.5253],[-100.5628,43.5174],[-100.5628,43.5014],[-100.5628,43.4855],[-100.5628,43.4696],[-100.5628,43.4616],[-100.5628,43.4457],[-100.5628,43.4377],[-100.5519,43.4377],[-100.5519,43.4537],[-100.5409,43.4616],[-100.5299,43.4616],[-100.5189,43.4616],[-100.508,43.4537],[-100.497,43.4457],[-100.486,43.4457],[-100.475,43.4537],[-100.4641,43.4616],[-100.4531,43.4696],[-100.4421,43.4616],[-100.4311,43.4616],[-100.4201,43.4457],[-100.4201,43.4377],[-100.4201,43.4297],[-100.4201,43.4218],[-100.4092,43.4138],[-100.4092,43.4058],[-100.3982,43.3978],[-100.3653,43.3899],[-100.3543,43.3819],[-100.3213,43.3579],[-100.3104,43.342],[-100.2994,43.342],[-100.2884,43.342],[-100.2774,43.35],[-100.2665,43.35],[-100.2555,43.35],[-100.2445,43.35],[-100.2335,43.35],[-100.2225,43.35],[-100.2116,43.342],[-100.2006,43.342],[-100.2006,43.334],[-100.1896,43.326],[-100.1786,43.326],[-100.1567,43.318],[-100.1457,43.31],[-100.1347,43.31],[-100.1238,43.31],[-100.1238,43.318],[-100.1128,43.318],[-100.1018,43.318],[-100.0908,43.326],[-100.0798,43.326],[-100.0689,43.326],[-100.0469,43.326],[-100.0359,43.326],[-100.025,43.318],[-100.014,43.318],[-100.003,43.31],[-99.992,43.3021],[-99.981,43.2861],[-99.9701,43.2861],[-99.9591,43.2781],[-99.9481,43.2861],[-99.9481,43.2941],[-99.9371,43.2941],[-99.9262,43.3021],[-99.9152,43.3021],[-99.9042,43.2941],[-99.8932,43.2941],[-99.8822,43.2941],[-99.8822,43.3021],[-99.8713,43.3021],[-99.8603,43.31],[-99.8603,43.318],[-99.8493,43.318],[-99.8383,43.318],[-99.8274,43.31],[-99.8274,43.3021],[-99.8164,43.2941],[-99.8164,43.2861],[-99.8054,43.2861],[-99.7944,43.2861],[-99.7835,43.2861],[-99.7835,43.2781],[-99.7725,43.2781],[-99.7615,43.2781],[-99.7505,43.2701],[-99.7395,43.2621],[-99.7286,43.2541],[-99.7286,43.2461],[-99.7176,43.2381],[-99.7176,43.2301],[-99.7066,43.2221],[-99.7066,43.2141],[-99.6956,43.2061],[-99.6847,43.2061],[-99.6847,43.1981],[-99.6737,43.1981],[-99.6627,43.1981],[-99.6627,43.2061],[-99.6517,43.2061],[-99.6517,43.2141],[-99.6407,43.2221],[-99.6407,43.2301],[-99.6298,43.2301],[-99.6188,43.2221],[-99.6078,43.2141],[-99.5968,43.2061],[-99.5859,43.1981],[-99.5749,43.1981],[-99.5639,43.2061],[-99.5529,43.2061],[-99.5529,43.2141],[-99.5419,43.2061],[-99.531,43.2061],[-99.52,43.2061],[-99.52,43.1981],[-99.509,43.1901],[-99.509,43.1821],[-99.498,43.1821],[-99.4871,43.1741],[-99.4761,43.1661],[-99.4651,43.1661],[-99.4651,43.1581],[-99.4541,43.1581],[-99.4541,43.1501],[-99.4541,43.1421],[-99.4541,43.1341],[-99.4432,43.1341],[-99.4322,43.1341],[-99.4212,43.126],[-99.4102,43.118],[-99.4212,43.11],[-99.4322,43.102],[-99.4432,43.102],[-99.4432,43.094],[-99.4541,43.094],[-99.4541,43.086],[-99.4541,43.078],[-99.4432,43.078],[-99.4322,43.078],[-99.4212,43.078],[-99.4102,43.086],[-99.3992,43.086],[-99.3883,43.078],[-99.3773,43.078],[-99.3663,43.078],[-99.3553,43.086],[-99.3444,43.086],[-99.3444,43.094],[-99.3334,43.094],[-99.3224,43.086],[-99.3114,43.086],[-99.3114,43.078],[-99.3224,43.078],[-99.3224,43.0699],[-99.3224,43.0619],[-99.3114,43.0619],[-99.3004,43.0619],[-99.2895,43.0619],[-99.2785,43.0619],[-99.2675,43.0539],[-99.2565,43.0539],[-99.2565,43.0619],[-99.2456,43.0619],[-99.2346,43.0619],[-99.2236,43.0539],[-99.2126,43.0539],[-99.1797,43.0459],[-99.1687,43.0298],[-99.1577,43.0298],[-99.1358,43.0298],[-99.1248,43.0218],[-99.1029,43.0218],[-99.0809,43.0057],[-99.0589,42.9977],[-99.1029,42.9977],[-99.0919,42.9817],[-99.0699,42.9736],[-99.048,42.9736],[-99.026,42.9736],[-99.015,42.9736],[-99.015,42.9656],[-99.0041,42.9576],[-99.0041,42.9495],[-98.9931,42.9495],[-98.9711,42.9495],[-98.9492,42.9495],[-98.9272,42.9415],[-98.9272,42.9335],[-98.9162,42.9254],[-98.9053,42.9093],[-98.8833,42.9093],[-98.8723,42.9174],[-98.8613,42.9174],[-98.8394,42.9174],[-98.8394,42.9013],[-98.8174,42.9013],[-98.7955,42.9013],[-98.7845,42.9013],[-98.7735,42.8852],[-98.7735,42.8772],[-98.7735,42.8691],[-98.7626,42.8611],[-98.7516,42.853],[-98.7626,42.8369],[-98.7735,42.8369],[-98.7955,42.845],[-98.8065,42.853],[-98.8284,42.8611],[-98.8394,42.8611],[-98.8504,42.8611],[-98.8723,42.853],[-98.8833,42.853],[-98.8943,42.8611],[-98.9053,42.8691],[-98.9272,42.8691],[-98.9382,42.8772],[-98.9601,42.8852],[-98.9711,42.8933],[-98.9821,42.8933],[-99.0041,42.9013],[-99.015,42.9093],[-99.026,42.9254],[-99.048,42.9254],[-99.0699,42.9254],[-99.0809,42.9174],[-99.1029,42.9254],[-99.1138,42.9335],[-99.1358,42.9415],[-99.1468,42.9495],[-99.1577,42.9495],[-99.1797,42.9576],[-99.1907,42.9495],[-99.2016,42.9415],[-99.2126,42.9335],[-99.2236,42.9415],[-99.2236,42.9335],[-99.2346,42.9254],[-99.2456,42.9174],[-99.2565,42.9254],[-99.2785,42.9254],[-99.2895,42.9415],[-99.2895,42.9576],[-99.3004,42.9576],[-99.3114,42.9656],[-99.3224,42.9576],[-99.3444,42.9576],[-99.3444,42.9656],[-99.3663,42.9656],[-99.3773,42.9736],[-99.3883,42.9736],[-99.4102,42.9656],[-99.4212,42.9736],[-99.4212,42.9817],[-99.4212,42.9977],[-99.4432,42.9977],[-99.4541,42.9977],[-99.4761,43.0057],[-99.4871,43.0057],[-99.4871,43.0138],[-99.498,43.0138],[-99.498,43.0218],[-99.498,43.0298],[-99.509,43.0298],[-99.52,43.0298],[-99.531,43.0298],[-99.5419,43.0459],[-99.5529,43.0539],[-99.5529,43.0619],[-99.5639,43.0699],[-99.5749,43.0699],[-99.5859,43.0699],[-99.6078,43.0699],[-99.6078,43.078],[-99.6078,43.086],[-99.6188,43.086],[-99.6298,43.086],[-99.6298,43.078],[-99.6407,43.0619],[-99.6407,43.0459],[-99.6517,43.0459],[-99.6737,43.0539],[-99.6737,43.0699],[-99.6847,43.078],[-99.6847,43.086],[-99.6847,43.094],[-99.6956,43.102],[-99.6956,43.11],[-99.7066,43.11],[-99.7176,43.11],[-99.7286,43.11],[-99.7395,43.11],[-99.7395,43.118],[-99.7505,43.11],[-99.7505,43.102],[-99.7615,43.102],[-99.7725,43.094],[-99.7944,43.086],[-99.8054,43.086],[-99.8164,43.094],[-99.8274,43.094],[-99.8383,43.094],[-99.8493,43.094],[-99.8493,43.11],[-99.8603,43.126],[-99.8713,43.1341],[-99.8932,43.1421],[-99.9152,43.1501],[-99.9262,43.1581],[-99.9371,43.1581],[-99.9371,43.1661],[-99.9371,43.1741],[-99.9262,43.1821],[-99.9152,43.1821],[-99.9042,43.1821],[-99.8932,43.1901],[-99.9042,43.1981],[-99.9152,43.2141],[-99.9371,43.2221],[-99.9591,43.2301],[-99.981,43.2381],[-100.0359,43.2461],[-100.0689,43.2461],[-100.0908,43.2541],[-100.1128,43.2541],[-100.1347,43.2541],[-100.1457,43.2541],[-100.1567,43.2541],[-100.1677,43.2381],[-100.1457,43.2301],[-100.1238,43.2221],[-100.1018,43.2141],[-100.0908,43.2061],[-100.0798,43.1981],[-100.0689,43.1901],[-100.0798,43.1901],[-100.1018,43.1901],[-100.1128,43.1901],[-100.1238,43.1821],[-100.1347,43.1821],[-100.1567,43.1901],[-100.1786,43.2061],[-100.2116,43.2141],[-100.2335,43.2301],[-100.2445,43.2301],[-100.2555,43.2301],[-100.2665,43.2301],[-100.2665,43.2221],[-100.2774,43.2221],[-100.2774,43.2141],[-100.2884,43.2141],[-100.2884,43.2221],[-100.3104,43.2221],[-100.3543,43.2301],[-100.3872,43.2381],[-100.4311,43.2541],[-100.4531,43.2621],[-100.475,43.2701],[-100.508,43.2701],[-100.5299,43.2781],[-100.5409,43.2861],[-100.5628,43.2941],[-100.5738,43.2941],[-100.5848,43.2941],[-100.5848,43.2861],[-100.5628,43.2701],[-100.5409,43.2541],[-100.508,43.2461],[-100.497,43.2381],[-100.497,43.2301],[-100.486,43.2301],[-100.486,43.2221],[-100.497,43.2141],[-100.508,43.2061],[-100.497,43.1981],[-100.497,43.1821],[-100.508,43.1741],[-100.497,43.1661],[-100.486,43.1661],[-100.475,43.1741],[-100.4641,43.1821],[-100.4531,43.1821],[-100.4311,43.1821],[-100.4092,43.1741],[-100.3872,43.1741],[-100.3762,43.1661],[-100.3543,43.1581],[-100.3543,43.1501],[-100.3653,43.1421],[-100.3872,43.1421],[-100.3982,43.1341],[-100.4092,43.1341],[-100.4201,43.126],[-100.4311,43.118],[-100.4311,43.11],[-100.4201,43.102],[-100.4092,43.094],[-100.3872,43.094],[-100.3762,43.094],[-100.3653,43.102],[-100.3433,43.102],[-100.3433,43.11],[-100.3323,43.11],[-100.3213,43.11],[-100.3104,43.11],[-100.2994,43.102],[-100.2884,43.102],[-100.2665,43.102],[-100.2665,43.11],[-100.2555,43.118],[-100.2445,43.11],[-100.2335,43.102],[-100.2225,43.094],[-100.2116,43.086],[-100.2006,43.078],[-100.1786,43.086],[-100.1786,43.094],[-100.1677,43.102],[-100.1677,43.11],[-100.1677,43.118],[-100.1677,43.126],[-100.1567,43.126],[-100.1457,43.126],[-100.1457,43.118],[-100.1457,43.11],[-100.1347,43.102],[-100.1238,43.094],[-100.1018,43.078],[-100.0908,43.078],[-100.0798,43.078],[-100.0469,43.0699],[-100.025,43.0619],[-100.003,43.0459],[-99.992,43.0379],[-99.981,43.0379],[-99.9591,43.0298],[-99.9371,43.0298],[-99.9262,43.0298],[-99.9152,43.0218],[-99.8932,43.0138],[-99.8822,43.0057],[-99.8603,42.9977],[-99.8164,42.9977],[-99.8054,42.9897],[-99.7944,42.9897],[-99.7944,42.9817],[-99.7835,42.9817],[-99.7725,42.9817],[-99.7615,42.9817],[-99.7505,42.9736],[-99.7395,42.9656],[-99.7286,42.9656],[-99.7176,42.9576],[-99.6956,42.9656],[-99.6847,42.9576],[-99.6737,42.9576],[-99.6517,42.9495],[-99.6407,42.9495],[-99.6298,42.9415],[-99.6298,42.9254],[-99.6188,42.9093],[-99.6188,42.9013],[-99.6188,42.8933],[-99.6078,42.8852],[-99.5968,42.9013],[-99.5859,42.9093],[-99.5859,42.9174],[-99.5639,42.9174],[-99.5529,42.9254],[-99.5419,42.9174],[-99.531,42.9093],[-99.531,42.9013],[-99.52,42.8852],[-99.498,42.8852],[-99.4871,42.8933],[-99.4651,42.9013],[-99.4651,42.9093],[-99.4432,42.9093],[-99.4322,42.9093],[-99.4322,42.9013],[-99.4212,42.9013],[-99.4102,42.9093],[-99.4102,42.9174],[-99.3883,42.9254],[-99.3663,42.9093],[-99.3553,42.9093],[-99.3444,42.9013],[-99.3334,42.8933],[-99.3114,42.9013],[-99.3004,42.8933],[-99.2895,42.8772],[-99.2675,42.8691],[-99.2456,42.8691],[-99.2346,42.8691],[-99.2236,42.8611],[-99.2236,42.853],[-99.2346,42.845],[-99.2346,42.8369],[-99.2565,42.8369],[-99.2675,42.8369],[-99.2785,42.8369],[-99.2895,42.8289],[-99.3004,42.8208],[-99.3114,42.8128],[-99.3334,42.8047],[-99.3444,42.8128],[-99.3663,42.8128],[-99.3773,42.8047],[-99.3773,42.7967],[-99.3883,42.7886],[-99.4102,42.7886],[-99.4212,42.7967],[-99.4432,42.7967],[-99.4541,42.7967],[-99.4541,42.7886],[-99.4541,42.7725],[-99.4761,42.7806],[-99.4871,42.7725],[-99.498,42.7644],[-99.498,42.7564],[-99.509,42.7483],[-99.52,42.7483],[-99.531,42.7483],[-99.5419,42.7403],[-99.5529,42.7403],[-99.5639,42.7403],[-99.5859,42.7403],[-99.5859,42.7483],[-99.5968,42.7564],[-99.6078,42.7483],[-99.6298,42.7483],[-99.6407,42.7483],[-99.6517,42.7483],[-99.6627,42.7483],[-99.6847,42.7403],[-99.6956,42.7403],[-99.7066,42.7483],[-99.7395,42.7483],[-99.7505,42.7483],[-99.7725,42.7564],[-99.7944,42.7564],[-99.8054,42.7644],[-99.8164,42.7725],[-99.8383,42.7725],[-99.8603,42.7806],[-99.8713,42.7725],[-99.8603,42.7564],[-99.8383,42.7483],[-99.8164,42.7483],[-99.8054,42.7403],[-99.7835,42.7322],[-99.7615,42.7322],[-99.7395,42.7241],[-99.7286,42.7241],[-99.7176,42.7161],[-99.7066,42.7161],[-99.6956,42.7161],[-99.6956,42.6999],[-99.6956,42.6919],[-99.7066,42.6919],[-99.7176,42.6838],[-99.7286,42.6757],[-99.7176,42.6677],[-99.6956,42.6757],[-99.6847,42.6838],[-99.6627,42.6919],[-99.6407,42.708],[-99.6298,42.708],[-99.6188,42.708],[-99.6078,42.6999],[-99.5968,42.6919],[-99.5749,42.6919],[-99.5529,42.6919],[-99.531,42.6919],[-99.509,42.6999],[-99.498,42.708],[-99.4871,42.7161],[-99.4761,42.7241],[-99.4651,42.7241],[-99.4432,42.7322],[-99.4322,42.7241],[-99.4212,42.7241],[-99.4102,42.7322],[-99.3883,42.7322],[-99.3773,42.7403],[-99.3773,42.7483],[-99.3663,42.7564],[-99.3553,42.7564],[-99.3444,42.7483],[-99.3334,42.7403],[-99.3224,42.7403],[-99.3114,42.7564],[-99.3114,42.7644],[-99.3004,42.7725],[-99.2785,42.7806],[-99.2675,42.7725],[-99.2565,42.7725],[-99.2456,42.7644],[-99.2346,42.7806],[-99.2346,42.7886],[-99.2236,42.7967],[-99.2126,42.8047],[-99.2016,42.8047],[-99.1797,42.8047],[-99.1687,42.8047],[-99.1577,42.8047],[-99.1577,42.7967],[-99.1577,42.7886],[-99.1577,42.7806],[-99.1577,42.7725],[-99.1468,42.7725],[-99.1358,42.7806],[-99.1248,42.7886],[-99.1138,42.7967],[-99.1029,42.8047],[-99.0919,42.7967],[-99.0699,42.7967],[-99.0699,42.7886],[-99.0809,42.7725],[-99.0919,42.7564],[-99.0809,42.7483],[-99.0809,42.7403],[-99.0699,42.7322],[-99.0589,42.7241],[-99.048,42.7241],[-99.037,42.7403],[-99.026,42.7483],[-99.015,42.7564],[-99.0041,42.7564],[-98.9931,42.7483],[-98.9821,42.7403],[-98.9711,42.7403],[-98.9601,42.7403],[-98.9492,42.7403],[-98.9492,42.7322],[-98.9492,42.7241],[-98.9492,42.708],[-98.9492,42.6999],[-98.9382,42.708],[-98.9272,42.708],[-98.9162,42.6999],[-98.8943,42.6999],[-98.8833,42.7161],[-98.8943,42.7322],[-98.8943,42.7403],[-98.8833,42.7483],[-98.8613,42.7483],[-98.8394,42.7483],[-98.8284,42.7564],[-98.8065,42.7564],[-98.7955,42.7483],[-98.8065,42.7403],[-98.8065,42.7322],[-98.7955,42.7241],[-98.7735,42.7322],[-98.7626,42.7403],[-98.7516,42.7322],[-98.7516,42.7161],[-98.7626,42.708],[-98.7626,42.6919],[-98.7735,42.6838],[-98.7735,42.6757],[-98.7735,42.6596],[-98.7735,42.6515],[-98.7845,42.6434],[-98.7845,42.6354],[-98.7845,42.6192],[-98.7626,42.6273],[-98.7516,42.6515],[-98.7406,42.6596],[-98.7406,42.6677],[-98.7296,42.6677],[-98.7186,42.6757],[-98.7186,42.6677],[-98.7077,42.6596],[-98.7077,42.6515],[-98.6967,42.6677],[-98.6967,42.6838],[-98.6967,42.6919],[-98.6747,42.6919],[-98.6638,42.6838],[-98.6638,42.6919],[-98.6418,42.6919],[-98.6418,42.6757],[-98.6418,42.6677],[-98.6418,42.6515],[-98.6418,42.6434],[-98.6418,42.6354],[-98.6308,42.6273],[-98.6308,42.6354],[-98.6198,42.6434],[-98.6089,42.6515],[-98.5979,42.6434],[-98.5869,42.6354],[-98.5759,42.6273],[-98.565,42.6192],[-98.554,42.6273],[-98.543,42.6354],[-98.532,42.6434],[-98.532,42.6515],[-98.521,42.6596],[-98.5101,42.6677],[-98.5101,42.6838],[-98.5101,42.6999],[-98.4991,42.6999],[-98.4771,42.708],[-98.4662,42.6999],[-98.4552,42.6999],[-98.4442,42.6999],[-98.4332,42.708],[-98.4223,42.708],[-98.4003,42.7161],[-98.3783,42.708],[-98.3674,42.708],[-98.3564,42.708],[-98.3454,42.6999],[-98.3454,42.6919],[-98.3564,42.6838],[-98.3564,42.6677],[-98.3564,42.6596],[-98.3564,42.6515],[-98.3344,42.6596],[-98.3235,42.6757],[-98.3125,42.6838],[-98.2905,42.6838],[-98.2795,42.6757],[-98.2686,42.6677],[-98.2686,42.6596],[-98.2686,42.6515],[-98.2576,42.6434],[-98.2356,42.6354],[-98.2247,42.6354],[-98.2027,42.6273],[-98.1917,42.6192],[-98.1917,42.6111],[-98.1917,42.6031],[-98.1807,42.595],[-98.1588,42.595],[-98.1478,42.5869],[-98.1368,42.5869],[-98.1259,42.5788],[-98.1149,42.5788],[-98.1149,42.5626],[-98.1259,42.5626],[-98.1478,42.5546],[-98.1588,42.5546],[-98.1698,42.5546],[-98.1917,42.5465],[-98.2027,42.5465],[-98.2137,42.5465],[-98.2137,42.5384],[-98.1807,42.5384],[-98.1588,42.5384],[-98.1478,42.5303],[-98.1368,42.5141],[-98.1368,42.4979],[-98.1259,42.4898],[-98.1259,42.4817],[-98.1149,42.4736],[-98.1039,42.4898],[-98.1039,42.506],[-98.1039,42.5141],[-98.0929,42.5303],[-98.082,42.5303],[-98.071,42.5222],[-98.049,42.5303],[-98.0271,42.5384],[-98.0051,42.5546],[-98.0051,42.5626],[-98.0051,42.5788],[-98.0051,42.595],[-97.9941,42.6111],[-97.9941,42.6192],[-97.9832,42.6354],[-97.9832,42.6434],[-97.9832,42.6515],[-97.9832,42.6677],[-97.9612,42.6757],[-97.9392,42.6757],[-97.9392,42.6596],[-97.9392,42.6434],[-97.9392,42.6273],[-97.9392,42.6192],[-97.9283,42.6111],[-97.9392,42.595],[-97.9392,42.5788],[-97.9283,42.5788],[-97.9173,42.5707],[-97.9063,42.5626],[-97.9063,42.5465],[-97.9173,42.5384],[-97.9063,42.5303],[-97.9063,42.5222],[-97.8844,42.5222],[-97.8624,42.5303],[-97.8404,42.5222],[-97.8404,42.5141],[-97.8295,42.506],[-97.8295,42.4817],[-97.8404,42.4736],[-97.8514,42.4574],[-97.8624,42.4412],[-97.8624,42.4331],[-97.8624,42.425],[-97.8514,42.4088],[-97.8185,42.4007],[-97.8075,42.4088],[-97.7746,42.4169],[-97.7636,42.4412],[-97.7526,42.4655],[-97.7307,42.4817],[-97.7087,42.4979],[-97.6758,42.5303],[-97.6538,42.5546],[-97.6319,42.5788],[-97.6099,42.595],[-97.588,42.6192],[-97.555,42.6273],[-97.5331,42.6273],[-97.5111,42.6192],[-97.4782,42.6031],[-97.4453,42.5788],[-97.4343,42.5626],[-97.4123,42.5546],[-97.3904,42.5546],[-97.3465,42.5546],[-97.3245,42.5546],[-97.2916,42.5546],[-97.2696,42.5546],[-97.2477,42.5465],[-97.2147,42.5303],[-97.1818,42.5141],[-97.1598,42.4898],[-97.1269,42.4736],[-97.094,42.4574],[-97.0611,42.4412],[-97.0391,42.4169],[-97.0171,42.4007],[-97.0062,42.3764],[-96.9732,42.3602],[-96.9623,42.344],[-96.9513,42.3358],[-96.9403,42.3196],[-96.9183,42.2953],[-96.8964,42.279],[-96.8744,42.2628],[-96.8635,42.2546],[-96.8635,42.2384],[-96.8415,42.214],[-96.8195,42.1977],[-96.7976,42.1815],[-96.7756,42.1571],[-96.7537,42.1408],[-96.7317,42.1164],[-96.7098,42.0919],[-96.6878,42.0756],[-96.6659,42.0593],[-96.6549,42.0349],[-96.6329,42.0267],[-96.611,42.0104],[-96.6,41.9941],[-96.578,41.9859],[-96.5561,41.9615],[-96.5341,41.9451],[-96.5122,41.937],[-96.5012,41.9288],[-96.4793,41.9125],[-96.4683,41.8961],[-96.4573,41.888],[-96.4573,41.8553],[-96.4683,41.8307],[-96.4793,41.798],[-96.4902,41.7734],[-96.4902,41.7489],[-96.5012,41.7325],[-96.5012,41.7161],[-96.5012,41.6997],[-96.5012,41.6751],[-96.5122,41.6587],[-96.5122,41.6423],[-96.5012,41.6095],[-96.4793,41.5849],[-96.4573,41.552],[-96.4353,41.5274],[-96.4134,41.5109],[-96.4024,41.4863],[-96.3805,41.478],[-96.3695,41.4534],[-96.3475,41.4287],[-96.3365,41.4122],[-96.3256,41.404],[-96.3146,41.3793],[-96.3036,41.3628],[-96.2926,41.3298],[-96.2817,41.2969],[-96.2817,41.2721],[-96.2817,41.2556],[-96.2817,41.2308],[-96.2817,41.1978],[-96.2817,41.1813],[-96.2926,41.1648],[-96.3036,41.1482],[-96.3036,41.1317],[-96.3256,41.1152],[-96.3585,41.1317],[-96.3805,41.1648],[-96.3914,41.1896],[-96.4024,41.2308],[-96.4244,41.2639],[-96.4353,41.2886],[-96.4463,41.3133],[-96.4683,41.3381],[-96.5012,41.3546],[-96.5232,41.371],[-96.5561,41.3875],[-96.611,41.404],[-96.6439,41.4204],[-96.6768,41.4287],[-96.7098,41.4369],[-96.7537,41.4369],[-96.7756,41.4451],[-96.7976,41.4451],[-96.8415,41.4451],[-96.8744,41.4451],[-96.9074,41.4369],[-96.9183,41.4369],[-96.9403,41.4287],[-96.9623,41.4287],[-96.9732,41.4204],[-96.9842,41.404],[-97.0062,41.3875],[-97.0171,41.3793],[-97.0391,41.3628],[-97.0611,41.3546],[-97.083,41.3381],[-97.094,41.3216],[-97.094,41.3133],[-97.105,41.3051],[-97.1159,41.2886],[-97.1159,41.2721],[-97.1269,41.2556],[-97.1269,41.2474],[-97.1269,41.2391],[-97.1379,41.2061],[-97.1489,41.1896],[-97.1489,41.173],[-97.1598,41.1482],[-97.1598,41.1317],[-97.1598,41.1234],[-97.1598,41.0986],[-97.1708,41.0903],[-97.1598,41.0738],[-97.1598,41.0324],[-97.1598,40.9993],[-97.1598,40.9661],[-97.1598,40.9495],[-97.1598,40.933],[-97.1379,40.8998],[-97.1269,40.8749],[-97.1159,40.85],[-97.105,40.8334],[-97.094,40.8251],[-97.083,40.8168],[-97.0611,40.7835],[-97.0501,40.7586],[-97.0281,40.7253],[-97.0062,40.7003],[-97.0062,40.6837],[-96.9952,40.6587],[-96.9952,40.6504],[-96.9952,40.6254],[-96.9842,40.6087],[-96.9732,40.5921],[-96.9623,40.5837],[-96.9732,40.5587],[-96.9623,40.5254],[-96.9513,40.4836],[-96.9403,40.4502],[-96.9183,40.4251],[-96.9074,40.4001],[-96.8964,40.3833],[-96.8744,40.3666],[-96.8744,40.3583],[-96.8525,40.3332],[-96.8415,40.3164],[-96.8415,40.2997],[-96.8525,40.2913],[-96.8635,40.2829],[-96.8854,40.2829],[-96.9293,40.2746],[-96.9732,40.2662],[-97.0281,40.2662],[-97.0611,40.2578],[-97.105,40.2578],[-97.1159,40.2578],[-97.1489,40.2494],[-97.1928,40.2494],[-97.2367,40.241],[-97.2696,40.2327],[-97.3135,40.2243],[-97.3355,40.2243],[-97.3904,40.2159],[-97.4123,40.2075],[-97.4562,40.1991],[-97.4892,40.1908],[-97.5111,40.1824],[-97.555,40.174],[-97.5989,40.1572],[-97.6319,40.1488],[-97.6648,40.132],[-97.6868,40.1152],[-97.7087,40.0984],[-97.7417,40.0817],[-97.7636,40.0649],[-97.7856,40.048],[-97.8185,40.0312],[-97.8295,40.0144],[-97.8404,39.9976],[-97.8514,39.9976],[-97.8734,39.9808],[-97.8844,39.964],[-97.8953,39.9387],[-97.8953,39.9303],[-97.9063,39.9219],[-97.9063,39.9135],[-97.9173,39.9135],[-97.9283,39.9219],[-97.9392,39.9219],[-97.9502,39.9219],[-97.9722,39.9387],[-97.9832,39.9471],[-97.9941,39.9555],[-98.0271,39.964],[-98.06,39.9808],[-98.1039,39.9892],[-98.1478,39.9976],[-98.1698,40.006],[-98.2137,40.006],[-98.2466,40.0228],[-98.2686,40.0312],[-98.2905,40.0312],[-98.3564,40.0312],[-98.4003,40.0312],[-98.4771,40.0312],[-98.521,40.0312],[-98.5869,40.0312],[-98.6089,40.0312],[-98.6198,40.0228],[-98.6528,40.0228],[-98.6857,40.0144],[-98.7186,40.0144],[-98.7516,40.0144],[-98.7735,40.0144],[-98.7955,40.0144],[-98.8065,40.0144],[-98.8284,40.0144],[-98.8394,40.0228],[-98.8613,40.0228],[-98.8723,40.0228],[-98.8943,40.0228],[-98.9272,40.0228],[-98.9382,40.0144],[-98.9492,40.006],[-98.9492,39.9976],[-98.9601,39.9892],[-98.9601,39.9724],[-98.9492,39.9555],[-98.9492,39.9303],[-98.9382,39.9219],[-98.9382,39.9135],[-98.9492,39.905],[-98.9601,39.8966],[-98.9821,39.905],[-98.9821,39.9135],[-98.9931,39.9135],[-99.0041,39.9135],[-99.0041,39.8966],[-99.0041,39.8882],[-99.0041,39.8798],[-99.026,39.8798],[-99.037,39.8966],[-99.037,39.9135],[-99.048,39.9387],[-99.0589,39.9387],[-99.0699,39.9219],[-99.0809,39.905],[-99.0809,39.8966],[-99.0919,39.8882],[-99.1029,39.8882],[-99.1138,39.8882],[-99.1248,39.8882],[-99.1358,39.8798],[-99.1358,39.8714],[-99.1358,39.8629],[-99.1468,39.8714],[-99.1577,39.8714],[-99.1687,39.8714],[-99.1797,39.8714],[-99.1797,39.8629],[-99.1907,39.8629],[-99.2016,39.8629],[-99.2126,39.8714],[-99.2236,39.8629],[-99.2346,39.8629],[-99.2456,39.8545],[-99.2565,39.8629],[-99.2675,39.8714],[-99.2785,39.8714],[-99.2785,39.8629],[-99.2785,39.8545],[-99.2895,39.8545],[-99.3004,39.8545],[-99.3114,39.8545],[-99.3224,39.8545],[-99.3334,39.8461],[-99.3444,39.8376],[-99.3553,39.8376],[-99.3663,39.8292],[-99.3773,39.8292],[-99.3883,39.8376],[-99.3992,39.8461],[-99.4102,39.8461],[-99.4322,39.8461],[-99.4432,39.8461],[-99.4541,39.8376],[-99.4432,39.8208],[-99.4322,39.8039],[-99.4322,39.7955],[-99.4322,39.787],[-99.4322,39.7786],[-99.4322,39.7617],[-99.4432,39.7533],[-99.4541,39.7449],[-99.4541,39.7533],[-99.4651,39.7617],[-99.4651,39.7702],[-99.4761,39.7702],[-99.4761,39.7617],[-99.4871,39.7533],[-99.498,39.7533],[-99.509,39.7533],[-99.52,39.7617],[-99.531,39.7533],[-99.531,39.7449],[-99.5419,39.7364],[-99.5529,39.7449],[-99.5639,39.7449],[-99.5749,39.7449],[-99.5859,39.7449],[-99.5968,39.7449],[-99.6078,39.7617],[-99.6298,39.7702],[-99.6407,39.787],[-99.6627,39.7955],[-99.6737,39.7955],[-99.6627,39.7786],[-99.6627,39.7617],[-99.6517,39.7533],[-99.6407,39.7449],[-99.6517,39.7364],[-99.6627,39.7449],[-99.6737,39.7449],[-99.6847,39.7364],[-99.6847,39.728],[-99.6956,39.7111],[-99.7176,39.7026],[-99.7395,39.7111],[-99.7505,39.7195],[-99.7615,39.7195],[-99.7725,39.728],[-99.7725,39.7364],[-99.7944,39.7364],[-99.8054,39.728],[-99.8054,39.7111],[-99.8054,39.7026],[-99.8164,39.7026],[-99.8274,39.6942],[-99.8274,39.6858],[-99.8164,39.6689],[-99.8054,39.6604],[-99.8164,39.6435],[-99.8164,39.635],[-99.8054,39.6181],[-99.7725,39.6097],[-99.7505,39.6097],[-99.7286,39.6181],[-99.7176,39.6181],[-99.6956,39.6181],[-99.6737,39.6181],[-99.6627,39.6181],[-99.6407,39.6266],[-99.6188,39.635],[-99.5968,39.635],[-99.5859,39.6266],[-99.5639,39.6266],[-99.5419,39.635],[-99.52,39.635],[-99.509,39.6266],[-99.4871,39.6181],[-99.4651,39.6181],[-99.4432,39.6097],[-99.4212,39.6097],[-99.4102,39.6181],[-99.3992,39.6266],[-99.3883,39.6181],[-99.3663,39.6181],[-99.3444,39.6181],[-99.3224,39.6266],[-99.3114,39.6266],[-99.3004,39.6181],[-99.2895,39.6097],[-99.2895,39.6012],[-99.3114,39.5928],[-99.3334,39.5928],[-99.3444,39.5843],[-99.3553,39.5843],[-99.3663,39.5843],[-99.3773,39.5758],[-99.3992,39.5674],[-99.4322,39.5674],[-99.4541,39.5674],[-99.4761,39.5674],[-99.498,39.5758],[-99.509,39.5674],[-99.52,39.5589],[-99.498,39.5589],[-99.4761,39.5505],[-99.4432,39.5505],[-99.4212,39.5505],[-99.3883,39.5505],[-99.3773,39.5505],[-99.3553,39.542],[-99.3444,39.542],[-99.3444,39.5335],[-99.3553,39.5251],[-99.3883,39.5251],[-99.3992,39.5166],[-99.4102,39.5081],[-99.4212,39.5081],[-99.4432,39.5081],[-99.4541,39.5081],[-99.4761,39.5081],[-99.4871,39.5081],[-99.4871,39.4997],[-99.509,39.4997],[-99.531,39.5081],[-99.5419,39.5081],[-99.5529,39.5081],[-99.5639,39.5081],[-99.5639,39.4997],[-99.5639,39.4912],[-99.5419,39.4912],[-99.5419,39.4827],[-99.5419,39.4742],[-99.5529,39.4742],[-99.5639,39.4742],[-99.5639,39.4658],[-99.5639,39.4573],[-99.5639,39.4488],[-99.5749,39.4488],[-99.5749,39.4403],[-99.5859,39.4488],[-99.6078,39.4573],[-99.6188,39.4658],[-99.6298,39.4658],[-99.6517,39.4573],[-99.6627,39.4573],[-99.6737,39.4573],[-99.6847,39.4658],[-99.6956,39.4658],[-99.7066,39.4573],[-99.7176,39.4488],[-99.7286,39.4488],[-99.7395,39.4573],[-99.7505,39.4573],[-99.7725,39.4658],[-99.7835,39.4573],[-99.7835,39.4488],[-99.7835,39.4403],[-99.8054,39.4319],[-99.8164,39.4319],[-99.8164,39.4149],[-99.8164,39.4064],[-99.8274,39.3979],[-99.8493,39.3979],[-99.8603,39.4064],[-99.8713,39.4064],[-99.8822,39.4064],[-99.8822,39.3979],[-99.8932,39.4064],[-99.9152,39.4064],[-99.9262,39.4149],[-99.9481,39.4149],[-99.9591,39.4064],[-99.981,39.3979],[-99.992,39.3894],[-100.003,39.3894],[-100.003,39.381],[-99.992,39.364],[-99.9701,39.3555],[-99.9591,39.347],[-99.9371,39.3385],[-99.9262,39.33],[-99.9152,39.3215],[-99.9152,39.313],[-99.9262,39.3046],[-99.9371,39.2876],[-99.9371,39.2791],[-99.9262,39.2791],[-99.9152,39.2876],[-99.9042,39.2876],[-99.8822,39.2876],[-99.8713,39.2706],[-99.8713,39.2621],[-99.8493,39.2621],[-99.8274,39.2706],[-99.8164,39.2791],[-99.8054,39.2876],[-99.7835,39.2961],[-99.7615,39.2961],[-99.7505,39.2876],[-99.7395,39.2791],[-99.7395,39.2876],[-99.7286,39.2876],[-99.7066,39.2961],[-99.6956,39.2876],[-99.6956,39.2706],[-99.6956,39.2621],[-99.6737,39.2621],[-99.6737,39.2706],[-99.6627,39.2791],[-99.6407,39.2791],[-99.6298,39.2706],[-99.6188,39.2621],[-99.6188,39.2706],[-99.6078,39.2791],[-99.5968,39.2791],[-99.5859,39.2706],[-99.5859,39.2876],[-99.5639,39.2876],[-99.5419,39.2791],[-99.531,39.2791],[-99.52,39.2706],[-99.509,39.2536],[-99.498,39.2621],[-99.4871,39.2791],[-99.4761,39.2791],[-99.4761,39.2706],[-99.4651,39.2621],[-99.4541,39.2621],[-99.4322,39.2621],[-99.4212,39.2706],[-99.3992,39.2706],[-99.3883,39.2706],[-99.3883,39.2621],[-99.3773,39.2621],[-99.3663,39.2621],[-99.3553,39.2706],[-99.3444,39.2791],[-99.3224,39.2791],[-99.3114,39.2706],[-99.3004,39.2706],[-99.2895,39.2706],[-99.2785,39.2706],[-99.2675,39.2706],[-99.2456,39.2706],[-99.2456,39.2791],[-99.2346,39.2791],[-99.2126,39.2791],[-99.2016,39.2791],[-99.2016,39.2961],[-99.1907,39.2961],[-99.1797,39.2961],[-99.1687,39.2961],[-99.1687,39.2791],[-99.1797,39.2621],[-99.1907,39.2451],[-99.2016,39.2366],[-99.2016,39.2281],[-99.2126,39.2196],[-99.2126,39.2111],[-99.2346,39.2111],[-99.2456,39.2111],[-99.2456,39.2026],[-99.2346,39.1855],[-99.2456,39.177],[-99.2565,39.1685],[-99.2675,39.1685],[-99.2785,39.177],[-99.2895,39.1685],[-99.3004,39.1515],[-99.3004,39.143],[-99.3224,39.1515],[-99.3334,39.16],[-99.3444,39.1685],[-99.3663,39.177],[-99.3883,39.1855],[-99.3992,39.2026],[-99.4102,39.2026],[-99.4322,39.1855],[-99.4322,39.177],[-99.4212,39.16],[-99.4102,39.1515],[-99.3992,39.143],[-99.3992,39.1345],[-99.4102,39.1345],[-99.4212,39.143],[-99.4322,39.1515],[-99.4432,39.1515],[-99.4322,39.143],[-99.4212,39.1345],[-99.4212,39.126],[-99.4432,39.126],[-99.4432,39.1345],[-99.4651,39.143],[-99.4761,39.1515],[-99.4871,39.143],[-99.4761,39.126],[-99.4761,39.1174],[-99.4871,39.1174],[-99.498,39.126],[-99.509,39.1345],[-99.52,39.1345],[-99.531,39.1345],[-99.5419,39.143],[-99.5419,39.1515],[-99.5419,39.16],[-99.5529,39.1685],[-99.5639,39.16],[-99.5749,39.1685],[-99.5749,39.177],[-99.5859,39.1855],[-99.6078,39.1855],[-99.6078,39.1685],[-99.6188,39.16],[-99.6298,39.16],[-99.6407,39.1855],[-99.6517,39.194],[-99.6627,39.194],[-99.6627,39.1855],[-99.6737,39.194],[-99.6847,39.2026],[-99.6956,39.2026],[-99.6956,39.194],[-99.6956,39.177],[-99.6847,39.1685],[-99.6847,39.16],[-99.6956,39.1515],[-99.7176,39.16],[-99.7286,39.177],[-99.7395,39.1855],[-99.7395,39.194],[-99.7505,39.1855],[-99.7615,39.1855],[-99.7725,39.194],[-99.7835,39.1855],[-99.7944,39.177],[-99.7835,39.1685],[-99.7725,39.16],[-99.7835,39.143],[-99.7944,39.143],[-99.8054,39.1515],[-99.8274,39.16],[-99.8493,39.16],[-99.8603,39.1515],[-99.8822,39.1685],[-99.8932,39.177],[-99.9042,39.1685],[-99.9042,39.16],[-99.9042,39.143],[-99.9042,39.1345],[-99.9152,39.126],[-99.9371,39.1174],[-99.9701,39.126],[-99.992,39.1345],[-100.014,39.1345],[-100.0469,39.1345],[-100.0579,39.143],[-100.0798,39.143],[-100.0908,39.143],[-100.1128,39.143],[-100.1347,39.143],[-100.1567,39.143],[-100.1786,39.1515],[-100.1896,39.143],[-100.2006,39.1345],[-100.1786,39.1174],[-100.1457,39.1089],[-100.1238,39.1004],[-100.0908,39.1004],[-100.0689,39.1089],[-100.0469,39.1089],[-100.0359,39.1089],[-100.014,39.1004],[-99.992,39.1004],[-99.9701,39.1004],[-99.9371,39.1004],[-99.9152,39.1089],[-99.9042,39.1089],[-99.8932,39.1004],[-99.8932,39.0834],[-99.8932,39.0748],[-99.8822,39.0663],[-99.8603,39.0748],[-99.8383,39.0834],[-99.8274,39.1004],[-99.8054,39.1089],[-99.7944,39.1089],[-99.7835,39.1004],[-99.7615,39.1004],[-99.7395,39.1004],[-99.7286,39.1089],[-99.7176,39.1174],[-99.7066,39.1174],[-99.6737,39.1174],[-99.6627,39.1174],[-99.6407,39.1174],[-99.6298,39.1089],[-99.6298,39.1004],[-99.6188,39.1004],[-99.6078,39.1004],[-99.5968,39.1089],[-99.5859,39.1089],[-99.5749,39.1004],[-99.5639,39.1004],[-99.5419,39.1004],[-99.531,39.1004],[-99.52,39.0919],[-99.52,39.0834],[-99.531,39.0663],[-99.5419,39.0663],[-99.5639,39.0663],[-99.5639,39.0578],[-99.5639,39.0493],[-99.5419,39.0493],[-99.52,39.0493],[-99.509,39.0322],[-99.4871,39.0152],[-99.4651,39.0066],[-99.4541,38.9896],[-99.4541,38.9725],[-99.4541,38.9554],[-99.4651,38.9384],[-99.4761,38.9298],[-99.4871,38.9298],[-99.498,38.9469],[-99.509,38.9469],[-99.52,38.9384],[-99.531,38.9298],[-99.5419,38.9384],[-99.5529,38.9469],[-99.5749,38.9384],[-99.5859,38.9298],[-99.5859,38.9213],[-99.6078,38.9213],[-99.6188,38.9384],[-99.6298,38.9384],[-99.6407,38.9384],[-99.6517,38.9384],[-99.6627,38.9469],[-99.6737,38.9469],[-99.6737,38.9384],[-99.6737,38.9213],[-99.6956,38.9213],[-99.7176,38.9127],[-99.7395,38.9127],[-99.7505,38.9213],[-99.7835,38.9213],[-99.7944,38.9298],[-99.8164,38.9384],[-99.8383,38.9384],[-99.8493,38.9298],[-99.8383,38.9213],[-99.8274,38.9042],[-99.8054,38.9042],[-99.7944,38.8956],[-99.7835,38.8956],[-99.7615,38.8871],[-99.7395,38.8786],[-99.7286,38.8871],[-99.7066,38.8871],[-99.6847,38.8956],[-99.6847,38.8871],[-99.6737,38.8871],[-99.6627,38.8871],[-99.6517,38.8956],[-99.6407,38.9042],[-99.6298,38.9042],[-99.6188,38.8871],[-99.6078,38.8786],[-99.5968,38.8871],[-99.5859,38.8871],[-99.5749,38.8786],[-99.5639,38.87],[-99.5639,38.8529],[-99.5749,38.8358],[-99.5859,38.8358],[-99.6078,38.8358],[-99.6188,38.8273],[-99.6407,38.8273],[-99.6517,38.8273],[-99.6627,38.8444],[-99.6847,38.8529],[-99.7066,38.8529],[-99.7176,38.8529],[-99.7395,38.8444],[-99.7505,38.8444],[-99.7505,38.8529],[-99.7615,38.8615],[-99.7835,38.8529],[-99.7944,38.8529],[-99.8054,38.8615],[-99.8274,38.8615],[-99.8383,38.8529],[-99.8383,38.8358],[-99.8493,38.8529],[-99.8493,38.8615],[-99.8603,38.8615],[-99.8713,38.8615],[-99.8603,38.8444],[-99.8603,38.8358],[-99.8603,38.8273],[-99.8822,38.8444],[-99.8822,38.8529],[-99.8932,38.8615],[-99.9152,38.8615],[-99.9371,38.8615],[-99.9481,38.8786],[-99.9591,38.8786],[-99.981,38.8871],[-100.003,38.8871],[-100.003,38.8786],[-99.992,38.87],[-99.981,38.8615],[-99.981,38.8444],[-100.003,38.8444],[-100.025,38.8529],[-100.0359,38.8615],[-100.0359,38.87],[-100.0469,38.87],[-100.0689,38.8786],[-100.0579,38.8871],[-100.0689,38.8956],[-100.0798,38.9042],[-100.0908,38.8956],[-100.1018,38.8956],[-100.1018,38.8871],[-100.1128,38.8956],[-100.1238,38.9042],[-100.1347,38.8956],[-100.1457,38.8956],[-100.1677,38.9127],[-100.1786,38.9213],[-100.1896,38.9298],[-100.1896,38.9384],[-100.2116,38.9469],[-100.2116,38.9384],[-100.2116,38.9213],[-100.2225,38.9213],[-100.2335,38.9042],[-100.2335,38.9127],[-100.2445,38.9298],[-100.2555,38.9298],[-100.2665,38.9298],[-100.2774,38.9384],[-100.2774,38.9469],[-100.2884,38.9469],[-100.2884,38.9213],[-100.2994,38.9127],[-100.3213,38.9213],[-100.3323,38.9298],[-100.3433,38.9384],[-100.3323,38.9469],[-100.3543,38.9554],[-100.3543,38.9469],[-100.3653,38.9298],[-100.3762,38.9298],[-100.3872,38.9384],[-100.3982,38.9554],[-100.4092,38.9554],[-100.4201,38.9469],[-100.4311,38.9384],[-100.4421,38.9554],[-100.4531,38.9725],[-100.475,38.9725],[-100.486,38.9725],[-100.508,38.9896],[-100.5189,39.0066],[-100.5299,39.0152],[-100.5519,39.0066],[-100.5409,38.9896],[-100.5409,38.981],[-100.5409,38.9725],[-100.5409,38.964],[-100.5628,38.964],[-100.5738,38.964],[-100.5848,38.9469],[-100.6068,38.9384],[-100.6177,38.9298],[-100.6287,38.9213],[-100.6397,38.9213],[-100.6616,38.9213],[-100.6726,38.9298],[-100.6726,38.9469],[-100.6836,38.964],[-100.6946,38.964],[-100.7056,38.964],[-100.7275,38.964],[-100.7385,38.9725],[-100.7495,38.981],[-100.7604,38.981],[-100.7714,38.981],[-100.7714,38.964],[-100.7604,38.9469],[-100.7385,38.9384],[-100.7275,38.9298],[-100.7275,38.9127],[-100.7495,38.9042],[-100.7824,38.9127],[-100.7934,38.9127],[-100.8044,38.9213],[-100.8153,38.9298],[-100.8263,38.9384],[-100.8373,38.9469],[-100.8592,38.9469],[-100.8702,38.9384],[-100.9031,38.9298],[-100.9141,38.9298],[-100.9251,38.9298],[-100.9251,38.9384],[-100.9141,38.9469],[-100.9361,38.9554],[-100.9471,38.9469],[-100.958,38.9384],[-100.98,38.9469],[-100.98,38.964],[-100.98,38.9725],[-100.98,38.9896],[-101.0019,38.9981],[-101.0129,38.9896],[-101.0129,38.981],[-101.0239,38.9725],[-101.0349,38.981],[-101.0459,38.9896],[-101.0678,39.0066],[-101.0788,39.0066],[-101.1007,39.0152],[-101.1117,39.0237],[-101.1337,39.0322],[-101.1447,39.0322],[-101.1447,39.0152],[-101.1447,39.0066],[-101.1556,38.9981],[-101.1776,38.9981],[-101.2105,38.9896],[-101.2325,38.9896],[-101.2654,38.981],[-101.2764,38.9896],[-101.2874,38.9981],[-101.2983,39.0066],[-101.2874,39.0152],[-101.2874,39.0237],[-101.2874,39.0322],[-101.3093,39.0237],[-101.3203,39.0237],[-101.3203,39.0493],[-101.3203,39.0663],[-101.3313,39.0834],[-101.3532,39.0919],[-101.3642,39.1004],[-101.3642,39.1089],[-101.3642,39.1174],[-101.3862,39.126],[-101.4081,39.1174],[-101.4301,39.1174],[-101.441,39.1089],[-101.463,39.1174],[-101.474,39.126],[-101.4959,39.1345],[-101.5179,39.126],[-101.5398,39.126],[-101.5728,39.126],[-101.5837,39.1174],[-101.5947,39.1089],[-101.5947,39.1004],[-101.6057,39.0834],[-101.6277,39.0919],[-101.6386,39.1004],[-101.6386,39.1089],[-101.6496,39.1174],[-101.6496,39.1004],[-101.6496,39.0919],[-101.6606,39.0834],[-101.6716,39.0919],[-101.6825,39.0919],[-101.6825,39.1004],[-101.6935,39.0919],[-101.7045,39.0834],[-101.7265,39.0834],[-101.7374,39.0748],[-101.7484,39.0663],[-101.7374,39.0578],[-101.7155,39.0493],[-101.7045,39.0493],[-101.6825,39.0407],[-101.6606,39.0322],[-101.6496,39.0322],[-101.6386,39.0237],[-101.6606,39.0152],[-101.6935,39.0152],[-101.7155,39.0152],[-101.7265,39.0152],[-101.7484,39.0237],[-101.7594,39.0237],[-101.7813,39.0237],[-101.8033,39.0237],[-101.8143,39.0237],[-101.8253,39.0322],[-101.8362,39.0407],[-101.8582,39.0407],[-101.8692,39.0407],[-101.8801,39.0493],[-101.9021,39.0663],[-101.924,39.0578],[-101.935,39.0578],[-101.957,39.0578],[-101.957,39.0663],[-101.968,39.0663],[-101.9899,39.0663],[-102.0009,39.0578],[-102.0119,39.0578],[-102.0228,39.0578],[-102.0338,39.0578],[-102.0448,39.0578],[-102.0448,39.0493],[-102.0448,39.0407],[-102.0228,39.0322],[-102.0009,39.0237],[-101.9899,39.0152],[-101.968,39.0152],[-101.946,39.0066],[-101.935,38.9981],[-101.924,38.9896],[-101.924,38.981],[-101.9131,38.9725],[-101.924,38.9554],[-101.957,38.9554],[-101.9789,38.9554],[-102.0009,38.9554],[-101.9899,38.9384],[-101.968,38.9298],[-101.957,38.9213],[-101.946,38.9042],[-101.935,38.8871],[-101.924,38.87],[-101.9131,38.8615],[-101.8911,38.8615],[-101.8801,38.8529],[-101.8582,38.8615],[-101.8362,38.8615],[-101.8253,38.8529],[-101.8143,38.8529],[-101.8033,38.8529],[-101.7813,38.8529],[-101.7813,38.8444],[-101.7704,38.8444],[-101.7484,38.8444],[-101.7374,38.8444],[-101.7265,38.8444],[-101.7155,38.8358],[-101.7045,38.8444],[-101.6935,38.8444],[-101.6825,38.8358],[-101.6606,38.8273],[-101.6496,38.8358],[-101.6496,38.8529],[-101.6277,38.8529],[-101.6057,38.8444],[-101.5837,38.8444],[-101.5398,38.8444],[-101.5069,38.8444],[-101.474,38.8529],[-101.441,38.8529],[-101.4081,38.8615],[-101.3752,38.8615],[-101.3532,38.87],[-101.3313,38.87],[-101.3093,38.87],[-101.2983,38.87],[-101.2874,38.8615],[-101.2874,38.8529],[-101.2983,38.8529],[-101.3093,38.8444],[-101.3313,38.8444],[-101.3422,38.8358],[-101.3642,38.8273],[-101.3862,38.8273],[-101.4081,38.8187],[-101.4301,38.8102],[-101.452,38.8102],[-101.463,38.8102],[-101.474,38.8016],[-101.4959,38.7931],[-101.5069,38.7931],[-101.5179,38.7931],[-101.5289,38.7931],[-101.5398,38.7845],[-101.5398,38.7759],[-101.5179,38.7588],[-101.4959,38.7588],[-101.463,38.7588],[-101.441,38.7674],[-101.4301,38.7759],[-101.4081,38.7674],[-101.3862,38.7588],[-101.3642,38.7588],[-101.3203,38.7674],[-101.2874,38.7674],[-101.2544,38.7674],[-101.2215,38.7588],[-101.1886,38.7417],[-101.1776,38.7417],[-101.1666,38.7417],[-101.1556,38.7331],[-101.1447,38.7331],[-101.1337,38.7331],[-101.1117,38.7331],[-101.1007,38.7331],[-101.0898,38.7331],[-101.0788,38.7417],[-101.0678,38.7417],[-101.0568,38.7417],[-101.0459,38.7417],[-101.0349,38.7503],[-101.0239,38.7417],[-101.0129,38.7417],[-101.0019,38.7417],[-100.991,38.7331],[-100.98,38.7331],[-100.969,38.7331],[-100.9471,38.7246],[-100.9251,38.716],[-100.9141,38.716],[-100.8922,38.716],[-100.8702,38.716],[-100.8592,38.716],[-100.8373,38.716],[-100.8153,38.7246],[-100.8044,38.716],[-100.7934,38.7074],[-100.7934,38.6903],[-100.8044,38.6903],[-100.7934,38.6817],[-100.7714,38.6817],[-100.7604,38.6903],[-100.7604,38.7074],[-100.7604,38.7246],[-100.7495,38.7331],[-100.7275,38.7331],[-100.7056,38.7246],[-100.6836,38.7074],[-100.6836,38.6903],[-100.6836,38.6817],[-100.6836,38.6732],[-100.6726,38.6646],[-100.6616,38.6475],[-100.6507,38.6389],[-100.6287,38.6475],[-100.6177,38.656],[-100.6068,38.6646],[-100.5958,38.656],[-100.5958,38.6475],[-100.5738,38.6475],[-100.5628,38.6389],[-100.5519,38.6389],[-100.5409,38.6303],[-100.5189,38.6303],[-100.497,38.6389],[-100.486,38.6475],[-100.4641,38.6475],[-100.4421,38.6475],[-100.4201,38.6389],[-100.3982,38.6303],[-100.3872,38.6389],[-100.3762,38.6389],[-100.3543,38.6389],[-100.3433,38.6389],[-100.3323,38.656],[-100.3213,38.656],[-100.2994,38.656],[-100.2774,38.6646],[-100.2665,38.6732],[-100.2555,38.6817],[-100.2445,38.6903],[-100.2225,38.6989],[-100.2225,38.6903],[-100.2116,38.6817],[-100.1896,38.6903],[-100.1896,38.7074],[-100.1786,38.6989],[-100.1567,38.6989],[-100.1457,38.7074],[-100.1238,38.716],[-100.1128,38.7074],[-100.1128,38.6989],[-100.0908,38.6989],[-100.0689,38.7074],[-100.0579,38.716],[-100.0579,38.7246],[-100.0469,38.7331],[-100.0359,38.7246],[-100.025,38.7246],[-100.003,38.716],[-99.981,38.7246],[-99.9701,38.7331],[-99.9591,38.7331],[-99.9371,38.7331],[-99.9371,38.7246],[-99.9371,38.716],[-99.9371,38.7074],[-99.9262,38.6989],[-99.9042,38.7074],[-99.8932,38.7246],[-99.8822,38.7331],[-99.8713,38.7331],[-99.8603,38.7246],[-99.8713,38.716],[-99.8713,38.7074],[-99.8713,38.6989],[-99.8493,38.7074],[-99.8383,38.7074],[-99.8274,38.7074],[-99.8274,38.6989],[-99.8164,38.6903],[-99.7944,38.6903],[-99.7835,38.6989],[-99.7725,38.7074],[-99.7615,38.7074],[-99.7505,38.6989],[-99.7395,38.6989],[-99.7395,38.7074],[-99.7395,38.716],[-99.7286,38.7246],[-99.7176,38.7246],[-99.7176,38.716],[-99.7066,38.7074],[-99.6847,38.716],[-99.6847,38.7074],[-99.6737,38.6989],[-99.6627,38.716],[-99.6517,38.7074],[-99.6517,38.6989],[-99.6627,38.6903],[-99.6737,38.6817],[-99.6737,38.6732],[-99.6517,38.656],[-99.6517,38.6475],[-99.6627,38.6389],[-99.6737,38.6389],[-99.6956,38.6303],[-99.7066,38.6131],[-99.7176,38.6131],[-99.7395,38.6217],[-99.7505,38.6303],[-99.7725,38.6303],[-99.7944,38.6303],[-99.7944,38.6217],[-99.7944,38.6131],[-99.8274,38.6131],[-99.8493,38.6131],[-99.8713,38.6217],[-99.8822,38.6217],[-99.9042,38.6131],[-99.9152,38.6046],[-99.9262,38.6046],[-99.9481,38.596],[-99.9591,38.596],[-99.9701,38.5874],[-99.9701,38.5788],[-99.981,38.5788],[-99.992,38.5788],[-100.003,38.5702],[-100.014,38.5617],[-100.025,38.5788],[-100.025,38.5874],[-100.0359,38.596],[-100.0469,38.596],[-100.0579,38.5874],[-100.0689,38.5874],[-100.0908,38.5788],[-100.1018,38.5702],[-100.1128,38.5702],[-100.1128,38.5617],[-100.1347,38.5702],[-100.1567,38.5788],[-100.1786,38.5702],[-100.2006,38.5617],[-100.2225,38.5702],[-100.2445,38.5788],[-100.2665,38.596],[-100.2884,38.6046],[-100.2994,38.6131],[-100.3104,38.6131],[-100.3104,38.6046],[-100.3213,38.596],[-100.2994,38.5874],[-100.2884,38.5788],[-100.2665,38.5702],[-100.2555,38.5617],[-100.2555,38.5445],[-100.2665,38.5445],[-100.2774,38.5359],[-100.2665,38.5273],[-100.2445,38.5273],[-100.2335,38.5187],[-100.2225,38.5187],[-100.2225,38.5101],[-100.2445,38.5016],[-100.2555,38.493],[-100.2555,38.4844],[-100.2445,38.4758],[-100.2116,38.4844],[-100.1896,38.493],[-100.1786,38.5016],[-100.1677,38.5101],[-100.1567,38.5101],[-100.1457,38.5101],[-100.1457,38.493],[-100.1457,38.4844],[-100.1347,38.4844],[-100.1347,38.4758],[-100.1457,38.4586],[-100.1677,38.4586],[-100.1786,38.4586],[-100.2006,38.45],[-100.2116,38.4414],[-100.2335,38.4414],[-100.2555,38.45],[-100.2774,38.4586],[-100.2994,38.4586],[-100.3104,38.4586],[-100.3323,38.4586],[-100.3543,38.4586],[-100.3653,38.45],[-100.3762,38.45],[-100.3762,38.4414],[-100.3653,38.4328],[-100.3653,38.4242],[-100.3323,38.4328],[-100.3104,38.4328],[-100.2994,38.4242],[-100.2774,38.4242],[-100.2665,38.4156],[-100.2445,38.4156],[-100.2335,38.4156],[-100.2116,38.4242],[-100.1896,38.4242],[-100.1896,38.4156],[-100.1786,38.3984],[-100.1677,38.3984],[-100.1567,38.407],[-100.1457,38.3984],[-100.1347,38.3898],[-100.1347,38.3812],[-100.1567,38.3812],[-100.1677,38.3726],[-100.1677,38.364],[-100.1567,38.3554],[-100.1567,38.3468],[-100.1677,38.3381],[-100.1786,38.3381],[-100.1896,38.3381],[-100.2006,38.3468],[-100.2116,38.3381],[-100.2116,38.3295],[-100.2225,38.3295],[-100.2335,38.3381],[-100.2335,38.3468],[-100.2445,38.3468],[-100.2555,38.3381],[-100.2665,38.3381],[-100.2774,38.3381],[-100.2774,38.3209],[-100.2774,38.3123],[-100.2774,38.2951],[-100.2884,38.2865],[-100.3104,38.2951],[-100.3323,38.2951],[-100.3543,38.3037],[-100.3653,38.3123],[-100.3762,38.3209],[-100.3982,38.3295],[-100.4092,38.3295],[-100.4201,38.3295],[-100.4421,38.3295],[-100.4421,38.3209],[-100.4421,38.3123],[-100.4421,38.3037],[-100.4311,38.3037],[-100.4092,38.2951],[-100.3982,38.2865],[-100.3762,38.2865],[-100.3762,38.2778],[-100.3762,38.2692],[-100.3762,38.252],[-100.3762,38.2434],[-100.3872,38.2347],[-100.4092,38.2347],[-100.4201,38.2347],[-100.4311,38.2261],[-100.4421,38.2261],[-100.4531,38.2175],[-100.475,38.2175],[-100.486,38.2175],[-100.497,38.2261],[-100.508,38.2261],[-100.5189,38.2175],[-100.5299,38.2089],[-100.5409,38.2089],[-100.5519,38.2089],[-100.5738,38.2002],[-100.5738,38.1916],[-100.5848,38.1916],[-100.5958,38.1916],[-100.6068,38.1744],[-100.6177,38.1571],[-100.6397,38.1398],[-100.6507,38.1312],[-100.6397,38.1226],[-100.6287,38.1139],[-100.6177,38.1139],[-100.6287,38.0967],[-100.6287,38.088],[-100.6068,38.088],[-100.5738,38.0967],[-100.5519,38.1139],[-100.5409,38.1312],[-100.497,38.1398],[-100.4641,38.1485],[-100.4311,38.1485],[-100.4092,38.1485],[-100.3762,38.1485],[-100.3543,38.1571],[-100.3323,38.1485],[-100.3213,38.1485],[-100.3104,38.1312],[-100.3104,38.1226],[-100.2994,38.1139],[-100.2774,38.1139],[-100.2555,38.1139],[-100.2225,38.1139],[-100.2116,38.1139],[-100.2006,38.1139],[-100.1896,38.0967],[-100.1786,38.0967],[-100.1567,38.1226],[-100.1347,38.1398],[-100.1128,38.1571],[-100.0908,38.1744],[-100.0689,38.183],[-100.0579,38.183],[-100.0359,38.1744],[-100.0359,38.183],[-100.014,38.1916],[-100.003,38.183],[-100.014,38.1657],[-100.0359,38.1571],[-100.0469,38.1398],[-100.025,38.1398],[-99.992,38.1571],[-99.9701,38.1657],[-99.9701,38.183],[-99.9591,38.2002],[-99.9481,38.2002],[-99.9371,38.183],[-99.9262,38.183],[-99.9152,38.1916],[-99.9042,38.2002],[-99.8932,38.2002],[-99.8822,38.2002],[-99.8822,38.1916],[-99.8932,38.1744],[-99.9152,38.1657],[-99.9152,38.1571],[-99.9042,38.1485],[-99.8713,38.1398],[-99.8603,38.1312],[-99.8493,38.1312],[-99.8493,38.1398],[-99.8383,38.1398],[-99.8274,38.1312],[-99.8274,38.1226],[-99.8493,38.1139],[-99.8713,38.1053],[-99.8932,38.1053],[-99.9042,38.0967],[-99.8932,38.088],[-99.9152,38.0794],[-99.9481,38.0794],[-99.9701,38.088],[-99.992,38.0967],[-100.003,38.088],[-100.025,38.0707],[-100.0469,38.0621],[-100.0798,38.0534],[-100.1018,38.0362],[-100.1128,38.0189],[-100.1238,38.0016],[-100.1128,38.0016],[-100.1018,38.0016],[-100.0798,38.0102],[-100.0689,38.0189],[-100.0579,38.0275],[-100.0469,38.0362],[-100.0359,38.0362],[-100.0359,38.0189],[-100.025,38.0189],[-100.014,38.0275],[-99.992,38.0275],[-99.981,38.0275],[-99.9701,38.0275],[-99.9701,38.0102],[-99.9701,38.0016],[-99.9591,38.0102],[-99.9481,38.0102],[-99.9371,38.0102],[-99.9262,38.0275],[-99.9262,38.0362],[-99.9152,38.0362],[-99.9152,38.0448],[-99.9042,38.0362],[-99.9042,38.0275],[-99.8932,38.0275],[-99.8822,38.0275],[-99.8713,38.0189],[-99.8603,38.0275],[-99.8383,38.0362],[-99.8274,38.0362],[-99.8164,38.0362],[-99.8164,38.0275],[-99.8274,38.0102],[-99.8493,38.0016],[-99.8713,37.9929],[-99.8822,37.9843],[-99.8932,37.9843],[-99.9042,37.9843],[-99.9152,37.967],[-99.9152,37.9583],[-99.9481,37.9496],[-99.9591,37.9496],[-99.9701,37.9496],[-99.981,37.9496],[-99.981,37.941],[-99.981,37.9323],[-99.992,37.9237],[-100.014,37.915],[-100.0359,37.915],[-100.0469,37.9237],[-100.0689,37.9237],[-100.0798,37.9237],[-100.0908,37.9237],[-100.1128,37.915],[-100.1238,37.915],[-100.1457,37.915],[-100.1567,37.915],[-100.1677,37.9237],[-100.1786,37.915],[-100.2006,37.915],[-100.2116,37.9064],[-100.2225,37.889],[-100.2116,37.8804],[-100.1896,37.8717],[-100.1677,37.8804],[-100.1567,37.8804],[-100.1567,37.863],[-100.1457,37.863],[-100.1238,37.8717],[-100.1018,37.8804],[-100.0908,37.8804],[-100.0908,37.8717],[-100.1018,37.8544],[-100.1128,37.8457],[-100.1128,37.837],[-100.1128,37.8284],[-100.1018,37.8284],[-100.0908,37.8284],[-100.0908,37.837],[-100.0798,37.8457],[-100.0689,37.8544],[-100.0689,37.863],[-100.0579,37.863],[-100.0359,37.8717],[-100.025,37.8717],[-100.025,37.863],[-100.025,37.8544],[-100.014,37.8457],[-100.014,37.8544],[-100.003,37.863],[-100.003,37.8717],[-99.992,37.8717],[-99.992,37.8544],[-99.992,37.8457],[-99.981,37.8544],[-99.9701,37.8717],[-99.9701,37.8804],[-99.9701,37.889],[-99.9591,37.889],[-99.9481,37.8804],[-99.9481,37.8717],[-99.9371,37.8717],[-99.9262,37.889],[-99.9262,37.9064],[-99.9152,37.9237],[-99.9152,37.9323],[-99.9042,37.941],[-99.8932,37.9323],[-99.8822,37.9237],[-99.8713,37.941],[-99.8713,37.9496],[-99.8603,37.9496],[-99.8493,37.9583],[-99.8383,37.9496],[-99.8493,37.9496],[-99.8383,37.941],[-99.8274,37.941],[-99.8164,37.9496],[-99.8164,37.9583],[-99.8054,37.9756],[-99.7944,37.9756],[-99.7835,37.9756],[-99.7725,37.9843],[-99.7615,37.9843],[-99.7505,37.9843],[-99.7395,37.9843],[-99.7395,37.967],[-99.7395,37.9583],[-99.7286,37.9583],[-99.7176,37.9756],[-99.7066,37.9843],[-99.7066,37.9929],[-99.7066,38.0016],[-99.6956,38.0102],[-99.6847,38.0189],[-99.6847,38.0362],[-99.6847,38.0534],[-99.6956,38.0707],[-99.6956,38.0794],[-99.6956,38.088],[-99.6847,38.0967],[-99.6737,38.0967],[-99.6627,38.088],[-99.6517,38.0794],[-99.6517,38.0621],[-99.6517,38.0448],[-99.6517,38.0362],[-99.6407,38.0448],[-99.6188,38.0621],[-99.6188,38.0707],[-99.6298,38.0794],[-99.6188,38.088],[-99.6078,38.1139],[-99.5968,38.1226],[-99.5859,38.1139],[-99.5859,38.0967],[-99.5749,38.0794],[-99.5639,38.0707],[-99.5529,38.0621],[-99.52,38.0621],[-99.498,38.0794],[-99.498,38.088],[-99.498,38.1053],[-99.498,38.1139],[-99.509,38.1139],[-99.52,38.1053],[-99.531,38.1053],[-99.531,38.1139],[-99.5419,38.1053],[-99.5529,38.0967],[-99.5639,38.1139],[-99.5639,38.1398],[-99.5529,38.1571],[-99.5529,38.1744],[-99.5529,38.183],[-99.5859,38.1744],[-99.5968,38.1571],[-99.6078,38.1571],[-99.6188,38.1571],[-99.6298,38.1398],[-99.6517,38.1398],[-99.6627,38.1312],[-99.6737,38.1312],[-99.6847,38.1312],[-99.7066,38.1312],[-99.7066,38.1398],[-99.7066,38.1485],[-99.6956,38.1571],[-99.6847,38.1571],[-99.6737,38.1657],[-99.6627,38.1657],[-99.6737,38.183],[-99.6847,38.2002],[-99.6956,38.2002],[-99.7176,38.2002],[-99.7286,38.2175],[-99.7286,38.2347],[-99.7286,38.2434],[-99.7286,38.2606],[-99.7066,38.2692],[-99.6847,38.2692],[-99.6627,38.252],[-99.6407,38.2434],[-99.6298,38.2347],[-99.6078,38.2261],[-99.5859,38.2347],[-99.5639,38.2347],[-99.5639,38.2434],[-99.5749,38.2606],[-99.5859,38.2606],[-99.5859,38.2778],[-99.5639,38.2778],[-99.531,38.2692],[-99.509,38.2692],[-99.498,38.2606],[-99.4761,38.252],[-99.4651,38.252],[-99.4432,38.2434],[-99.4212,38.2347],[-99.4102,38.2347],[-99.3883,38.2347],[-99.3773,38.2347],[-99.3773,38.2434],[-99.3883,38.252],[-99.3883,38.2606],[-99.3992,38.2778],[-99.3883,38.2865],[-99.3663,38.2865],[-99.3553,38.2865],[-99.3444,38.2778],[-99.3444,38.2692],[-99.3334,38.2692],[-99.3114,38.2692],[-99.3004,38.2606],[-99.3004,38.252],[-99.2785,38.252],[-99.2565,38.252],[-99.2456,38.2434],[-99.2456,38.2347],[-99.2346,38.2347],[-99.2236,38.2347],[-99.2126,38.2347],[-99.2016,38.2261],[-99.2016,38.2175],[-99.2016,38.2002],[-99.1907,38.1916],[-99.1797,38.183],[-99.1577,38.183],[-99.1468,38.1657],[-99.1358,38.1571],[-99.1248,38.1485],[-99.0919,38.1485],[-99.0809,38.1485],[-99.0699,38.1571],[-99.0699,38.1744],[-99.0809,38.183],[-99.1029,38.183],[-99.1248,38.1916],[-99.1358,38.2002],[-99.1468,38.2089],[-99.1468,38.2261],[-99.1577,38.2347],[-99.1687,38.2434],[-99.1907,38.252],[-99.1907,38.2692],[-99.1907,38.2778],[-99.2016,38.2865],[-99.2126,38.2951],[-99.2236,38.3037],[-99.2236,38.3123],[-99.2236,38.3209],[-99.2126,38.3209],[-99.2016,38.3209],[-99.1907,38.3123],[-99.1797,38.3037],[-99.1577,38.3209],[-99.1358,38.3209],[-99.1138,38.3123],[-99.0919,38.2865],[-99.0809,38.2778],[-99.0589,38.2692],[-99.026,38.2778],[-99.015,38.2865],[-99.015,38.2951],[-98.9931,38.2951],[-98.9931,38.3037],[-98.9821,38.3209],[-99.0041,38.3295],[-99.015,38.3295],[-99.037,38.3123],[-99.0589,38.3123],[-99.0699,38.3123],[-99.0809,38.3295],[-99.0919,38.3381],[-99.1138,38.3468],[-99.1358,38.3468],[-99.1577,38.3468],[-99.1577,38.364],[-99.1358,38.364],[-99.1029,38.3554],[-99.0809,38.3554],[-99.0589,38.364],[-99.0699,38.3726],[-99.0699,38.3898],[-99.0589,38.3898],[-99.0589,38.407],[-99.048,38.407],[-99.037,38.407],[-99.026,38.407],[-99.015,38.4156],[-98.9931,38.4156],[-98.9711,38.4156],[-98.9601,38.4156],[-98.9382,38.407],[-98.9162,38.3984],[-98.9053,38.3984],[-98.8943,38.3898],[-98.8833,38.3898],[-98.8723,38.3898],[-98.8613,38.3812],[-98.8504,38.3898],[-98.8504,38.3984],[-98.8723,38.407],[-98.9053,38.4156],[-98.9272,38.4328],[-98.9492,38.4414],[-98.9601,38.45],[-98.9711,38.45],[-98.9821,38.45],[-99.0041,38.45],[-99.026,38.4586],[-99.048,38.4672],[-99.0589,38.4672],[-99.0699,38.4758],[-99.0919,38.4672],[-99.1029,38.4672],[-99.1138,38.4672],[-99.1138,38.4586],[-99.1248,38.4586],[-99.1358,38.4672],[-99.1468,38.4758],[-99.1577,38.4672],[-99.1797,38.4586],[-99.1907,38.45],[-99.2016,38.45],[-99.2236,38.4414],[-99.2456,38.4414],[-99.2456,38.4242],[-99.2346,38.4156],[-99.2456,38.407],[-99.2565,38.407],[-99.2565,38.4242],[-99.2565,38.4328],[-99.2675,38.4328],[-99.2895,38.4414],[-99.3004,38.45],[-99.3114,38.4414],[-99.3224,38.4242],[-99.3224,38.4156],[-99.3334,38.4156],[-99.3444,38.4242],[-99.3444,38.4328],[-99.3444,38.4414],[-99.3663,38.4414],[-99.3883,38.4414],[-99.4102,38.4414],[-99.4322,38.4414],[-99.4432,38.45],[-99.4541,38.45],[-99.4651,38.4672],[-99.4541,38.4758],[-99.4432,38.4758],[-99.4212,38.4758],[-99.3992,38.4758],[-99.3883,38.4758],[-99.3663,38.4758],[-99.3553,38.4844],[-99.3334,38.4758],[-99.3114,38.4758],[-99.3004,38.4758],[-99.2895,38.4758],[-99.2675,38.4844],[-99.2456,38.4844],[-99.2236,38.4844],[-99.2016,38.493],[-99.1907,38.493],[-99.2016,38.5016],[-99.2126,38.5187],[-99.2126,38.5359],[-99.2016,38.5359],[-99.1907,38.5359],[-99.1797,38.5273],[-99.1687,38.5273],[-99.1577,38.5187],[-99.1358,38.5187],[-99.1248,38.5273],[-99.1138,38.5273],[-99.1029,38.5273],[-99.0919,38.5273],[-99.0809,38.5187],[-99.0589,38.5101],[-99.0589,38.5016],[-99.037,38.5016],[-99.026,38.5016],[-99.0041,38.5101],[-98.9821,38.5101],[-98.9711,38.493],[-98.9601,38.4844],[-98.9492,38.4758],[-98.9382,38.4758],[-98.9272,38.4844],[-98.9162,38.493],[-98.9162,38.5016],[-98.8943,38.493],[-98.8833,38.4844],[-98.8833,38.4758],[-98.8723,38.4758],[-98.8613,38.4758],[-98.8504,38.4758],[-98.8394,38.4758],[-98.8174,38.4672],[-98.8065,38.4586],[-98.7845,38.45],[-98.7735,38.4414],[-98.7516,38.4242],[-98.7406,38.4156],[-98.7296,38.3984],[-98.7077,38.3898],[-98.6967,38.3898],[-98.6967,38.3984],[-98.6967,38.407],[-98.7077,38.4242],[-98.7406,38.4414],[-98.7516,38.45],[-98.7626,38.4586],[-98.7626,38.4758],[-98.7955,38.493],[-98.8174,38.493],[-98.8394,38.5016],[-98.8504,38.5101],[-98.8613,38.5187],[-98.8504,38.5273],[-98.8284,38.5273],[-98.8174,38.5187],[-98.7955,38.5101],[-98.7626,38.5016],[-98.7516,38.493],[-98.7406,38.493],[-98.7296,38.5016],[-98.7296,38.5187],[-98.7296,38.5445],[-98.7296,38.5531],[-98.7296,38.5617],[-98.7186,38.5617],[-98.7077,38.5617],[-98.6967,38.5359],[-98.6857,38.5187],[-98.6638,38.5101],[-98.6418,38.5016],[-98.6198,38.493],[-98.6198,38.4844],[-98.6089,38.4844],[-98.6089,38.493],[-98.6198,38.5016],[-98.6089,38.5016],[-98.5869,38.5101],[-98.5979,38.5359],[-98.6198,38.5531],[-98.6418,38.5702],[-98.6418,38.5874],[-98.6308,38.6046],[-98.6089,38.6046],[-98.5979,38.6046],[-98.5869,38.5874],[-98.5759,38.5874],[-98.565,38.5788],[-98.554,38.5874],[-98.554,38.596],[-98.543,38.6046],[-98.521,38.6046],[-98.5101,38.596],[-98.4991,38.5874],[-98.4881,38.596],[-98.4662,38.6046],[-98.4552,38.6131],[-98.4662,38.6217],[-98.4881,38.6303],[-98.4991,38.6389],[-98.4881,38.656],[-98.4771,38.6646],[-98.4662,38.6646],[-98.4552,38.6646],[-98.4332,38.6646],[-98.4223,38.656],[-98.4113,38.656],[-98.4003,38.6646],[-98.3783,38.6646],[-98.3674,38.656],[-98.3564,38.6475],[-98.3344,38.6475],[-98.3235,38.6475],[-98.3125,38.656],[-98.3015,38.6475],[-98.2905,38.6389],[-98.2795,38.6303],[-98.2905,38.6217],[-98.3015,38.6131],[-98.3015,38.6046],[-98.2795,38.6046],[-98.2686,38.596],[-98.2686,38.5874],[-98.2686,38.5702],[-98.2466,38.5702],[-98.2356,38.5702],[-98.2137,38.5702],[-98.2027,38.5702],[-98.1917,38.5702],[-98.1917,38.5617],[-98.1807,38.5531],[-98.1698,38.5531],[-98.1588,38.5445],[-98.1698,38.5359],[-98.1698,38.5273],[-98.1588,38.5273],[-98.1588,38.5445],[-98.1368,38.5531],[-98.1259,38.5617],[-98.1149,38.5617],[-98.1039,38.5617],[-98.0929,38.5617],[-98.082,38.5617],[-98.082,38.5445],[-98.082,38.5359],[-98.06,38.5359],[-98.038,38.5359],[-98.0271,38.5359],[-98.0161,38.5273],[-98.0161,38.5101],[-98.0271,38.5016],[-98.038,38.5016],[-98.06,38.493],[-98.071,38.5016],[-98.082,38.493],[-98.0929,38.4844],[-98.082,38.4672],[-98.082,38.45],[-98.0929,38.45],[-98.1149,38.45],[-98.1259,38.4672],[-98.1368,38.4672],[-98.1478,38.45],[-98.1368,38.4328],[-98.1259,38.4242],[-98.1149,38.4328],[-98.1039,38.4328],[-98.0929,38.4156],[-98.082,38.4156],[-98.06,38.4242],[-98.049,38.4242],[-98.038,38.4156],[-98.038,38.407],[-98.049,38.3984],[-98.071,38.3984],[-98.082,38.3898],[-98.082,38.3812],[-98.071,38.364],[-98.049,38.364],[-98.038,38.364],[-98.038,38.3468],[-98.038,38.3295],[-98.038,38.3123],[-98.038,38.3037],[-98.0161,38.3037],[-98.0051,38.3037],[-97.9832,38.3037],[-97.9722,38.3037],[-97.9612,38.3123],[-97.9502,38.3209],[-97.9502,38.3295],[-97.9722,38.3381],[-97.9722,38.3554],[-97.9832,38.3554],[-97.9832,38.364],[-97.9832,38.3726],[-97.9612,38.3812],[-97.9392,38.3726],[-97.9283,38.364],[-97.9063,38.364],[-97.8953,38.364],[-97.8844,38.3554],[-97.8734,38.3468],[-97.8734,38.3381],[-97.8514,38.3381],[-97.8404,38.3554],[-97.8295,38.3726],[-97.8185,38.3812],[-97.8075,38.407],[-97.8185,38.4328],[-97.8295,38.4414],[-97.8404,38.45],[-97.8404,38.4586],[-97.8185,38.4672],[-97.8185,38.4758],[-97.8295,38.493],[-97.8404,38.5016],[-97.8404,38.5101],[-97.8404,38.5273],[-97.8404,38.5359],[-97.8295,38.5359],[-97.8295,38.5531],[-97.8185,38.5617],[-97.7965,38.5617],[-97.7856,38.5531],[-97.7636,38.5445],[-97.7526,38.5531],[-97.7417,38.5531],[-97.7197,38.5531],[-97.7087,38.5617],[-97.6868,38.5702],[-97.6758,38.5788],[-97.6648,38.5874],[-97.6538,38.596],[-97.6429,38.6046],[-97.6319,38.596],[-97.6209,38.5874],[-97.6099,38.5874],[-97.588,38.5874],[-97.577,38.5788],[-97.588,38.5617],[-97.588,38.5531],[-97.577,38.5445],[-97.555,38.5445],[-97.5441,38.5359],[-97.5331,38.5187],[-97.5331,38.5101],[-97.5331,38.5016],[-97.5331,38.4844],[-97.5111,38.4844],[-97.5001,38.4672],[-97.5001,38.4586],[-97.4892,38.45],[-97.4782,38.45],[-97.4672,38.4414],[-97.4562,38.4242],[-97.4343,38.4328],[-97.4233,38.4242],[-97.4123,38.4414],[-97.3904,38.4586],[-97.3904,38.4758],[-97.3794,38.493],[-97.3684,38.5016],[-97.3574,38.5016],[-97.3465,38.493],[-97.3574,38.4758],[-97.3684,38.4586],[-97.3684,38.45],[-97.3684,38.4414],[-97.3465,38.4414],[-97.3245,38.4414],[-97.3135,38.4328],[-97.3245,38.407],[-97.3465,38.3898],[-97.3465,38.3812],[-97.3465,38.364],[-97.3355,38.3468],[-97.3245,38.3468],[-97.3135,38.3381],[-97.3135,38.3209],[-97.3245,38.3037],[-97.3135,38.2865],[-97.3135,38.2692],[-97.3135,38.252],[-97.3026,38.2434],[-97.2806,38.2434],[-97.2806,38.2261],[-97.2696,38.2089],[-97.2696,38.1916],[-97.2696,38.1744],[-97.2586,38.1657],[-97.2367,38.1571],[-97.2257,38.1485],[-97.2257,38.1312],[-97.2477,38.1226],[-97.2586,38.1139],[-97.2586,38.0967],[-97.2586,38.088],[-97.2696,38.0794],[-97.2806,38.0794],[-97.3026,38.0707],[-97.3245,38.0534],[-97.3245,38.0362],[-97.3355,38.0189],[-97.3355,38.0016],[-97.3465,37.9843],[-97.3465,37.967],[-97.3465,37.9496],[-97.3465,37.9323],[-97.3465,37.9237],[-97.3574,37.9064],[-97.3574,37.889],[-97.3465,37.8717],[-97.3465,37.863],[-97.3355,37.8457],[-97.3465,37.837],[-97.3465,37.8197],[-97.3465,37.8023],[-97.3465,37.785],[-97.3574,37.7676],[-97.3684,37.7416],[-97.3794,37.7242],[-97.3904,37.7156],[-97.4014,37.6982],[-97.4123,37.6808],[-97.4123,37.6721],[-97.4123,37.6547],[-97.4123,37.6461],[-97.4123,37.6287],[-97.4233,37.6113],[-97.4343,37.6026],[-97.4562,37.5852],[-97.4782,37.5765],[-97.5001,37.5765],[-97.5331,37.5852],[-97.555,37.5852],[-97.577,37.5939],[-97.5989,37.5939],[-97.6099,37.6026],[-97.6099,37.62],[-97.6099,37.6374],[-97.6209,37.6461],[-97.6319,37.6374],[-97.6429,37.6461],[-97.6648,37.6374],[-97.6648,37.6287],[-97.6648,37.6113],[-97.6868,37.6026],[-97.6977,37.62],[-97.7087,37.6287],[-97.7197,37.6547],[-97.7307,37.6721],[-97.7307,37.6895],[-97.7307,37.7069],[-97.7417,37.7242],[-97.7526,37.7416],[-97.7636,37.759],[-97.7636,37.7676],[-97.7636,37.785],[-97.7636,37.8023],[-97.7636,37.8197],[-97.7746,37.837],[-97.7746,37.8457],[-97.7965,37.8544],[-97.8185,37.863],[-97.8404,37.8717],[-97.8624,37.889],[-97.8734,37.9064],[-97.8953,37.941],[-97.9063,37.9583],[-97.9173,37.9756],[-97.9173,37.9843],[-97.9283,37.9843],[-97.9392,37.9756],[-97.9392,37.9583],[-97.9392,37.9323],[-97.9283,37.915],[-97.9392,37.9064],[-97.9502,37.9064],[-97.9612,37.915],[-97.9832,37.9237],[-97.9941,37.9323],[-98.0051,37.941],[-98.0051,37.9583],[-97.9941,37.967],[-97.9941,37.9756],[-98.0051,37.9843],[-98.0161,37.9929],[-98.0161,37.9843],[-98.0271,37.9756],[-98.0161,37.9583],[-98.0271,37.941],[-98.0271,37.9323],[-98.038,37.9323],[-98.049,37.9323],[-98.06,37.915],[-98.049,37.9064],[-98.0271,37.8977],[-98.0051,37.8977],[-97.9941,37.889],[-97.9941,37.8804],[-97.9832,37.8717],[-97.9832,37.8544],[-97.9722,37.8457],[-97.9612,37.837],[-97.9502,37.8284],[-97.9502,37.8023],[-97.9392,37.785],[-97.9283,37.7763],[-97.9173,37.7676],[-97.9063,37.759],[-97.8953,37.7503],[-97.8844,37.7329],[-97.8844,37.7156],[-97.8624,37.7156],[-97.8514,37.7069],[-97.8404,37.6982],[-97.8295,37.6895],[-97.8185,37.6808],[-97.8185,37.6547],[-97.8404,37.6461],[-97.8514,37.6374],[-97.8734,37.6374],[-97.9063,37.6461],[-97.9283,37.6634],[-97.9283,37.6721],[-97.9612,37.6721],[-97.9832,37.6895],[-98.0051,37.7069],[-98.0271,37.7156],[-98.049,37.7156],[-98.071,37.7242],[-98.082,37.7156],[-98.0929,37.7156],[-98.082,37.6982],[-98.038,37.6895],[-98.0161,37.6721],[-97.9941,37.6634],[-97.9832,37.6547],[-97.9612,37.6461],[-97.9612,37.6374],[-97.9612,37.6287],[-97.9832,37.62],[-97.9941,37.6287],[-98.0051,37.6374],[-98.038,37.6374],[-98.06,37.6461],[-98.071,37.6547],[-98.0929,37.6547],[-98.1039,37.6547],[-98.1149,37.6461],[-98.1149,37.6374],[-98.1039,37.62],[-98.082,37.62],[-98.06,37.6113],[-98.038,37.6026],[-98.0161,37.5852],[-98.0051,37.5765],[-97.9832,37.5678],[-97.9612,37.5678],[-97.9283,37.5678],[-97.9063,37.5591],[-97.8734,37.5504],[-97.8514,37.5417],[-97.8295,37.5504],[-97.7965,37.5504],[-97.7746,37.5504],[-97.7526,37.5504],[-97.7307,37.5417],[-97.7197,37.5243],[-97.7307,37.5156],[-97.7417,37.4981],[-97.7636,37.4894],[-97.7856,37.4807],[-97.8075,37.4807],[-97.8185,37.472],[-97.8075,37.4633],[-97.7746,37.4546],[-97.7526,37.4546],[-97.7526,37.4372],[-97.7636,37.4284],[-97.7746,37.4197],[-97.8075,37.4197],[-97.8404,37.4372],[-97.8734,37.4546],[-97.8953,37.4633],[-97.9283,37.4633],[-97.9502,37.472],[-97.9722,37.4807],[-97.9941,37.4894],[-98.0161,37.4894],[-98.038,37.4894],[-98.049,37.4894],[-98.071,37.4894],[-98.082,37.5069],[-98.0929,37.5156],[-98.1039,37.5243],[-98.1039,37.533],[-98.1149,37.533],[-98.1149,37.5243],[-98.1259,37.5156],[-98.1259,37.4981],[-98.1478,37.4981],[-98.1588,37.4981],[-98.1698,37.4894],[-98.1698,37.4981],[-98.1807,37.5069],[-98.1917,37.5156],[-98.2027,37.5069],[-98.2027,37.4981],[-98.2027,37.4807],[-98.1917,37.472],[-98.2137,37.472],[-98.2247,37.4807],[-98.2466,37.4807],[-98.2466,37.4894],[-98.2576,37.4894],[-98.2686,37.4807],[-98.2686,37.472],[-98.2576,37.4633],[-98.2356,37.4546],[-98.2356,37.4459],[-98.2356,37.4284],[-98.2137,37.4284],[-98.1807,37.4284],[-98.1588,37.4284],[-98.1478,37.4197],[-98.1259,37.4197],[-98.1039,37.4197],[-98.0929,37.4197],[-98.082,37.4197],[-98.071,37.411],[-98.06,37.4023],[-98.049,37.3936],[-98.0271,37.4023],[-98.0161,37.4023],[-98.0051,37.3936],[-98.0051,37.3761],[-98.0051,37.3587],[-98.0161,37.3499],[-98.038,37.3587],[-98.038,37.3674],[-98.06,37.3674],[-98.06,37.3587],[-98.06,37.3412],[-98.06,37.3325],[-98.082,37.3325],[-98.0929,37.3412],[-98.1039,37.3412],[-98.1149,37.3412],[-98.1149,37.3325],[-98.1368,37.3325],[-98.1588,37.3412],[-98.1698,37.3412],[-98.1917,37.3325],[-98.2137,37.3238],[-98.2356,37.3238],[-98.2466,37.3238],[-98.2686,37.315],[-98.2795,37.2976],[-98.2905,37.2976],[-98.3125,37.2888],[-98.3454,37.2888],[-98.3674,37.2888],[-98.4003,37.2976],[-98.4332,37.3063],[-98.4662,37.315],[-98.4881,37.315],[-98.4991,37.3325],[-98.5101,37.3499],[-98.532,37.3674],[-98.554,37.3848],[-98.5759,37.3936],[-98.6089,37.4023],[-98.6418,37.4023],[-98.6638,37.411],[-98.6747,37.4284],[-98.6967,37.4459],[-98.7077,37.4633],[-98.7186,37.4633],[-98.7296,37.4546],[-98.7516,37.4546],[-98.7516,37.472],[-98.7626,37.472],[-98.7735,37.4546],[-98.7735,37.4372],[-98.7845,37.4197],[-98.7955,37.4197],[-98.8174,37.4284],[-98.8284,37.4284],[-98.8394,37.4284],[-98.8504,37.4284],[-98.8723,37.4459],[-98.8833,37.4546],[-98.8943,37.4459],[-98.9053,37.4284],[-98.9272,37.4284],[-98.9382,37.4372],[-98.9492,37.4459],[-98.9601,37.4459],[-98.9711,37.4633],[-98.9821,37.472],[-99.0041,37.4807],[-99.026,37.4894],[-99.048,37.4894],[-99.0699,37.4807],[-99.0809,37.4807],[-99.0809,37.472],[-99.1138,37.4807],[-99.1358,37.4894],[-99.1577,37.4894],[-99.1687,37.4981],[-99.1797,37.5069],[-99.2016,37.5156],[-99.2126,37.5243],[-99.2236,37.5243],[-99.2236,37.5156],[-99.2346,37.5156],[-99.2236,37.5069],[-99.2236,37.4981],[-99.2126,37.4981],[-99.1907,37.4807],[-99.1797,37.4633],[-99.1797,37.4546],[-99.2016,37.4459],[-99.2236,37.4459],[-99.2456,37.4459],[-99.2675,37.4546],[-99.2895,37.4546],[-99.3114,37.4546],[-99.3114,37.4459],[-99.3114,37.4284],[-99.2785,37.4284],[-99.2565,37.4197],[-99.2346,37.4023],[-99.2016,37.3848],[-99.1797,37.3848],[-99.1577,37.3848],[-99.1248,37.3761],[-99.1138,37.3674],[-99.1029,37.3587],[-99.1138,37.3412],[-99.1358,37.3325],[-99.1687,37.315],[-99.1577,37.3063],[-99.1577,37.2888],[-99.1468,37.2801],[-99.1248,37.2714],[-99.1248,37.2626],[-99.1248,37.2539],[-99.1248,37.2452],[-99.1248,37.2364],[-99.1248,37.2277],[-99.1248,37.2102],[-99.1138,37.2014],[-99.1248,37.1927],[-99.1358,37.1927],[-99.1468,37.1927],[-99.1468,37.184],[-99.1577,37.1665],[-99.1687,37.1577],[-99.1797,37.1577],[-99.1907,37.1577],[-99.2016,37.1665],[-99.2126,37.1577],[-99.2346,37.1577],[-99.2456,37.1577],[-99.2675,37.1665],[-99.2675,37.1752],[-99.2785,37.1752],[-99.3114,37.184],[-99.3224,37.1927],[-99.3334,37.2014],[-99.3444,37.2014],[-99.3553,37.2014],[-99.3553,37.2102],[-99.3444,37.2277],[-99.3444,37.2539],[-99.3444,37.2626],[-99.3663,37.2626],[-99.3883,37.2626],[-99.3992,37.2626],[-99.4212,37.2626],[-99.4322,37.2626],[-99.4432,37.2801],[-99.4651,37.2801],[-99.4651,37.2976],[-99.4651,37.315],[-99.4541,37.3238],[-99.4541,37.3325],[-99.4541,37.3412],[-99.4651,37.3499],[-99.4871,37.3412],[-99.509,37.3412],[-99.52,37.3412],[-99.531,37.3412],[-99.5419,37.3412],[-99.5749,37.3587],[-99.5859,37.3587],[-99.6078,37.3674],[-99.6078,37.3761],[-99.6188,37.3761],[-99.6407,37.3761],[-99.6627,37.3674],[-99.6847,37.3674],[-99.6956,37.3761],[-99.6956,37.3848],[-99.7066,37.3848],[-99.7286,37.3936],[-99.7395,37.3936],[-99.7395,37.4023],[-99.7395,37.411],[-99.7505,37.4284],[-99.7615,37.4459],[-99.7725,37.4459],[-99.7835,37.4372],[-99.7835,37.4197],[-99.7835,37.411],[-99.7944,37.3936],[-99.8054,37.3848],[-99.8054,37.3761],[-99.8164,37.3674],[-99.8164,37.3587],[-99.8054,37.3499],[-99.7944,37.3412],[-99.7725,37.3412],[-99.7615,37.3325],[-99.7505,37.315],[-99.7505,37.2976],[-99.7395,37.2888],[-99.7505,37.2801],[-99.7615,37.2801],[-99.7725,37.2888],[-99.7835,37.2976],[-99.8054,37.2976],[-99.8164,37.2976],[-99.8164,37.315],[-99.8274,37.3238],[-99.8383,37.315],[-99.8493,37.3063],[-99.8603,37.315],[-99.8713,37.315],[-99.8713,37.3238],[-99.8822,37.315],[-99.8822,37.3063],[-99.8932,37.2976],[-99.9042,37.2888],[-99.9152,37.2976],[-99.9262,37.3063],[-99.9481,37.2976],[-99.9481,37.2801],[-99.9481,37.2714],[-99.9481,37.2626],[-99.9591,37.2714],[-99.9701,37.2714],[-99.981,37.2626],[-99.992,37.2452],[-100.003,37.2452],[-100.003,37.2364],[-100.014,37.2277],[-100.014,37.2102],[-100.014,37.2014],[-100.025,37.1927],[-100.0359,37.2014],[-100.0359,37.2189],[-100.025,37.2364],[-100.0359,37.2452],[-100.0469,37.2452],[-100.0579,37.2364],[-100.0579,37.2189],[-100.0579,37.2102],[-100.0579,37.2014],[-100.0579,37.1927],[-100.0689,37.2014],[-100.0798,37.2102],[-100.1018,37.2102],[-100.1018,37.2014],[-100.0908,37.184],[-100.0908,37.1752],[-100.0798,37.1577],[-100.0798,37.149],[-100.0908,37.149],[-100.1018,37.149],[-100.1238,37.149],[-100.1347,37.149],[-100.1347,37.1402],[-100.1347,37.1315],[-100.1238,37.1227],[-100.1128,37.1227],[-100.1238,37.114],[-100.1238,37.1052],[-100.1347,37.1052],[-100.1457,37.0964],[-100.1457,37.0789],[-100.1347,37.0789],[-100.1238,37.0702],[-100.1238,37.0614],[-100.1238,37.0527],[-100.1347,37.0439],[-100.1347,37.0351],[-100.1128,37.0264],[-100.1018,37.0176],[-100.1018,37.0088],[-100.1018,37.0001],[-100.1128,37.0001],[-100.0908,36.9825],[-100.0908,36.965],[-100.0908,36.9562],[-100.0908,36.9387],[-100.0798,36.9299],[-100.0469,36.9299],[-100.0359,36.9387],[-100.014,36.9475],[-99.9701,36.9475],[-99.9262,36.9299],[-99.8932,36.9211],[-99.8713,36.9211],[-99.8274,36.9211],[-99.7835,36.9036],[-99.7835,36.886],[-99.7944,36.8772],[-99.7944,36.8685],[-99.7725,36.8509],[-99.7725,36.8421],[-99.7944,36.8245],[-99.8054,36.807],[-99.7835,36.7982],[-99.7615,36.7894],[-99.7615,36.7718],[-99.7725,36.7718],[-99.7944,36.7806],[-99.8822,36.8157],[-99.9262,36.8245],[-99.9591,36.8245],[-100.025,36.8245],[-100.0908,36.8333],[-100.1128,36.8245],[-100.1567,36.8333],[-100.2006,36.8421],[-100.2445,36.8509],[-100.2994,36.886],[-100.3213,36.886],[-100.3323,36.8948],[-100.3543,36.886],[-100.3982,36.886],[-100.4531,36.886],[-100.475,36.8772],[-100.497,36.8772],[-100.5409,36.8685],[-100.5958,36.8597],[-100.6616,36.8597],[-100.7165,36.8509],[-100.7714,36.8333],[-100.8153,36.8245],[-100.8263,36.8157],[-100.8373,36.7982],[-100.8702,36.7718],[-100.8812,36.7542],[-100.9031,36.7278],[-100.9251,36.719],[-100.958,36.7014],[-100.98,36.6926],[-101.0239,36.675],[-101.0349,36.6574],[-101.0568,36.6398],[-101.0788,36.6134],[-101.1117,36.6045],[-101.1337,36.5869],[-101.1666,36.5693],[-101.1776,36.534],[-101.1556,36.534],[-101.1337,36.5428],[-101.1117,36.534],[-101.1117,36.5164],[-101.1007,36.4899],[-101.1007,36.4811],[-101.1007,36.4634],[-101.1117,36.4546],[-101.1337,36.4281],[-101.1337,36.4104],[-101.1337,36.3928],[-101.1117,36.4016],[-101.0898,36.4281],[-101.0788,36.4458],[-101.0678,36.4722],[-101.0568,36.4899],[-101.0459,36.4987],[-101.0349,36.5252],[-101.0349,36.5428],[-101.0349,36.5693],[-101.0129,36.5781],[-101.0019,36.5693],[-100.991,36.5516],[-100.969,36.5605],[-100.958,36.5605],[-100.958,36.5693],[-100.9471,36.5693],[-100.9361,36.5781],[-100.9251,36.5781],[-100.9141,36.5781],[-100.9141,36.5693],[-100.9031,36.5693],[-100.8922,36.5781],[-100.8812,36.5957],[-100.8702,36.6134],[-100.8592,36.631],[-100.8483,36.675],[-100.8373,36.6926],[-100.8044,36.7102],[-100.8044,36.6926],[-100.7934,36.6838],[-100.7714,36.7014],[-100.7604,36.7278],[-100.7495,36.7366],[-100.7385,36.7454],[-100.7275,36.7542],[-100.7165,36.7454],[-100.7165,36.7278],[-100.7056,36.719],[-100.6836,36.7366],[-100.6726,36.7542],[-100.6507,36.763],[-100.6507,36.7542],[-100.6397,36.7366],[-100.6287,36.719],[-100.6177,36.719],[-100.6068,36.7278],[-100.5958,36.7454],[-100.5848,36.7542],[-100.5738,36.7454],[-100.5519,36.7366],[-100.5409,36.7454],[-100.5189,36.7542],[-100.497,36.763],[-100.486,36.7542],[-100.475,36.7366],[-100.486,36.719],[-100.4641,36.7014],[-100.4531,36.7014],[-100.4421,36.7278],[-100.4311,36.7454],[-100.4092,36.763],[-100.3982,36.7542],[-100.3982,36.7366],[-100.3872,36.7278],[-100.3653,36.7366],[-100.3433,36.7454],[-100.3323,36.763],[-100.3104,36.763],[-100.3104,36.7366],[-100.3213,36.719],[-100.3433,36.6926],[-100.3323,36.675],[-100.3104,36.6838],[-100.2884,36.7014],[-100.2774,36.7102],[-100.2555,36.7278],[-100.2335,36.719],[-100.2116,36.719],[-100.2006,36.7278],[-100.1786,36.7278],[-100.1677,36.719],[-100.1457,36.719],[-100.1128,36.7278],[-100.0798,36.763],[-100.0359,36.7454],[-100.025,36.7366],[-100.003,36.7278],[-100.003,36.719],[-99.992,36.719],[-99.981,36.7102],[-99.9701,36.6926],[-99.9701,36.6838],[-99.9591,36.6662],[-99.9481,36.6574],[-99.9591,36.631],[-99.9262,36.6222],[-99.8932,36.6134],[-99.8822,36.6045],[-99.8822,36.5781],[-99.8713,36.5693],[-99.8603,36.5693],[-99.8493,36.5781],[-99.8274,36.5605],[-99.8383,36.5428],[-99.8383,36.5252],[-99.8164,36.5164],[-99.7944,36.4987],[-99.7835,36.4811],[-99.7725,36.4899],[-99.7615,36.5164],[-99.7615,36.534],[-99.7395,36.5252],[-99.7286,36.5075],[-99.7286,36.4987],[-99.7066,36.4899],[-99.6956,36.5075],[-99.6956,36.534],[-99.6737,36.5428],[-99.6627,36.534],[-99.6627,36.5075],[-99.6517,36.4987],[-99.6517,36.5164],[-99.6298,36.5252],[-99.6298,36.5164],[-99.6298,36.4899],[-99.6298,36.4722],[-99.6407,36.4634],[-99.6407,36.4369],[-99.6188,36.4193],[-99.5968,36.4016],[-99.5749,36.4104],[-99.5639,36.4369],[-99.5419,36.4458],[-99.531,36.4458],[-99.52,36.4369],[-99.509,36.4193],[-99.4871,36.4369],[-99.4761,36.4193],[-99.4651,36.4016],[-99.4322,36.3928],[-99.4102,36.3839],[-99.3992,36.3662],[-99.3883,36.3486],[-99.3773,36.3662],[-99.3663,36.3662],[-99.3553,36.3574],[-99.3553,36.3309],[-99.3334,36.322],[-99.3004,36.322],[-99.3004,36.3043],[-99.3114,36.2866],[-99.3334,36.2778],[-99.3553,36.2689],[-99.3663,36.2512],[-99.3773,36.2335],[-99.3663,36.2158],[-99.3334,36.2158],[-99.3224,36.2158],[-99.3004,36.2158],[-99.2895,36.1981],[-99.2895,36.1715],[-99.2785,36.1715],[-99.2565,36.1804],[-99.2456,36.1627],[-99.2456,36.1449],[-99.2565,36.1272],[-99.2565,36.1095],[-99.2565,36.0917],[-99.2675,36.0829],[-99.2895,36.1006],[-99.3224,36.1272],[-99.3334,36.1183],[-99.3334,36.1006],[-99.3444,36.0917],[-99.3663,36.1006],[-99.3773,36.1183],[-99.3883,36.1095],[-99.3992,36.1006],[-99.3883,36.0829],[-99.4102,36.074],[-99.4322,36.0829],[-99.4432,36.0917],[-99.4541,36.0917],[-99.4761,36.0829],[-99.4761,36.0562],[-99.4761,36.0385],[-99.4871,36.0385],[-99.509,36.0385],[-99.52,36.0385],[-99.531,36.0296],[-99.531,36.0119],[-99.5419,35.9941],[-99.5529,35.9941],[-99.5749,35.9941],[-99.5968,36.0119],[-99.6188,36.0296],[-99.6298,36.0296],[-99.6407,36.0119],[-99.6298,35.9852],[-99.6298,35.9674],[-99.6407,35.9586],[-99.6517,35.9408],[-99.6298,35.923],[-99.6078,35.9052],[-99.5968,35.8786],[-99.6078,35.8608],[-99.6188,35.8519],[-99.6517,35.8519],[-99.6847,35.8608],[-99.7176,35.8697],[-99.7395,35.8786],[-99.7615,35.8963],[-99.7725,35.923],[-99.7615,35.9408],[-99.7615,35.9674],[-99.7835,35.9763],[-99.7944,36.003],[-99.7944,36.0207],[-99.8164,36.0296],[-99.8274,36.0296],[-99.8493,36.0296],[-99.8603,36.0474],[-99.8713,36.0474],[-99.8713,36.0296],[-99.8822,36.0207],[-99.8932,36.0207],[-99.9152,36.0385],[-99.9262,36.0296],[-99.9371,36.0207],[-99.9262,36.003],[-99.9152,35.9852],[-99.9152,35.9674],[-99.9371,35.9586],[-99.9481,35.9408],[-99.9371,35.9319],[-99.9371,35.9141],[-99.9371,35.8963],[-99.9262,35.8874],[-99.9042,35.9052],[-99.8932,35.923],[-99.8713,35.9319],[-99.8603,35.9141],[-99.8603,35.8963],[-99.8603,35.8874],[-99.8383,35.8697],[-99.8383,35.8519],[-99.8383,35.8252],[-99.8274,35.8252],[-99.8054,35.8341],[-99.7944,35.843],[-99.7725,35.843],[-99.7615,35.8163],[-99.7505,35.8074],[-99.7286,35.8074],[-99.7066,35.8163],[-99.6847,35.8074],[-99.6847,35.7985],[-99.6847,35.7896],[-99.6517,35.7807],[-99.6407,35.7807],[-99.6078,35.7807],[-99.5968,35.7807],[-99.5968,35.7717],[-99.5859,35.7539],[-99.5859,35.7361],[-99.5968,35.7361],[-99.6298,35.745],[-99.6407,35.7539],[-99.6737,35.7539],[-99.6847,35.745],[-99.7066,35.7272],[-99.7286,35.7361],[-99.7505,35.7361],[-99.7615,35.7183],[-99.7615,35.6915],[-99.7835,35.7005],[-99.7835,35.7183],[-99.8054,35.745],[-99.8274,35.7539],[-99.8493,35.7539],[-99.8713,35.7628],[-99.9152,35.7628],[-99.9481,35.7539],[-99.981,35.745],[-99.9701,35.7361],[-99.9481,35.7272],[-99.9262,35.7094],[-99.8932,35.7094],[-99.8603,35.7094],[-99.8493,35.7094],[-99.8493,35.6737],[-99.8603,35.6737],[-99.8713,35.6559],[-99.8932,35.638],[-99.8932,35.6202],[-99.8822,35.6202],[-99.8603,35.638],[-99.8274,35.638],[-99.8274,35.6291],[-99.8274,35.6113],[-99.8383,35.5934],[-99.8493,35.5845],[-99.8713,35.5756],[-99.8603,35.5577],[-99.8383,35.5577],[-99.8054,35.5666],[-99.7835,35.5577],[-99.7615,35.5577],[-99.7615,35.5309],[-99.7505,35.513],[-99.7286,35.522],[-99.6956,35.5309],[-99.6627,35.5398],[-99.6627,35.522],[-99.6737,35.513],[-99.6737,35.4952],[-99.6627,35.4952],[-99.6407,35.4952],[-99.6407,35.4773],[-99.6627,35.4683],[-99.6847,35.4594],[-99.7066,35.4505],[-99.7176,35.4415],[-99.7176,35.4236],[-99.7286,35.4236],[-99.7615,35.4326],[-99.7835,35.4505],[-99.8054,35.4683],[-99.8274,35.4683],[-99.8383,35.4594],[-99.8493,35.4505],[-99.8603,35.4505],[-99.8822,35.4594],[-99.8932,35.4505],[-99.8932,35.4326],[-99.8822,35.4147],[-99.8713,35.3878],[-99.8932,35.3878],[-99.9152,35.4057],[-99.9371,35.4147],[-99.9481,35.4236],[-99.9701,35.4415],[-99.992,35.4505],[-99.992,35.4594],[-100.014,35.4594],[-100.0359,35.4683],[-100.0579,35.4773],[-100.0798,35.4773],[-100.0908,35.4773],[-100.1018,35.4683],[-100.1018,35.4594],[-100.1018,35.4505],[-100.0798,35.4415],[-100.0908,35.4415],[-100.1128,35.4326],[-100.1238,35.4326],[-100.1457,35.4415],[-100.1677,35.4415],[-100.1896,35.4415],[-100.2116,35.4326],[-100.2335,35.4326],[-100.2445,35.4415],[-100.2774,35.4415],[-100.2994,35.4594],[-100.2994,35.4505],[-100.3104,35.4415],[-100.3104,35.4236],[-100.3104,35.4147],[-100.3213,35.4057],[-100.3433,35.4147],[-100.3653,35.4236],[-100.3872,35.4236],[-100.3982,35.4147],[-100.4092,35.4057],[-100.4311,35.4057],[-100.4531,35.4057],[-100.486,35.4236],[-100.508,35.4147],[-100.5299,35.4057],[-100.5409,35.3968],[-100.5628,35.3968],[-100.5848,35.4147],[-100.6068,35.4236],[-100.6177,35.4147],[-100.6397,35.4057],[-100.6726,35.3968],[-100.7056,35.4057],[-100.7275,35.4057],[-100.7495,35.4057],[-100.7495,35.3968],[-100.7275,35.3878],[-100.7165,35.3789],[-100.6836,35.3699],[-100.6287,35.3699],[-100.6068,35.361],[-100.6068,35.352],[-100.6177,35.3341],[-100.6397,35.3252],[-100.6616,35.3162],[-100.6726,35.3073],[-100.6836,35.3073],[-100.7165,35.2983],[-100.7165,35.2893],[-100.7056,35.2893],[-100.6177,35.2893],[-100.5738,35.2893],[-100.5409,35.2983],[-100.508,35.3431],[-100.497,35.352],[-100.4641,35.352],[-100.4421,35.3431],[-100.3982,35.3431],[-100.3762,35.3431],[-100.3762,35.3341],[-100.3762,35.3073],[-100.3762,35.2804],[-100.3872,35.2714],[-100.4092,35.2625],[-100.4201,35.2535],[-100.4201,35.2445],[-100.4201,35.2266],[-100.3982,35.2087],[-100.3982,35.1907],[-100.3982,35.1728],[-100.4201,35.1548],[-100.4311,35.1548],[-100.475,35.1638],[-100.497,35.1638],[-100.508,35.1458],[-100.5189,35.1279],[-100.5299,35.1189],[-100.5409,35.1189],[-100.5958,35.1638],[-100.6068,35.1458],[-100.6068,35.1189],[-100.6177,35.101],[-100.6397,35.092],[-100.6726,35.092],[-100.6946,35.083],[-100.6616,35.0381],[-100.6726,35.0291],[-100.6946,35.0201],[-100.7056,35.0111],[-100.7275,35.0021],[-100.7604,35.0381],[-100.7824,35.065],[-100.8044,35.074],[-100.8044,35.065],[-100.7824,35.0381],[-100.7934,35.0201],[-100.8153,35.0381],[-100.8263,35.0471],[-100.8373,35.0291],[-100.8812,35.0381],[-100.9031,35.0471],[-100.9251,35.0291],[-100.9471,35.0291],[-100.991,35.0381],[-101.0019,35.0381],[-101.0129,35.0291],[-101.0019,35.0201],[-100.969,35.0021],[-100.9471,34.9841],[-100.9251,34.9841],[-100.8922,34.9751],[-100.8263,34.9841],[-100.7934,34.9841],[-100.7714,34.9661],[-100.7275,34.9481],[-100.6946,34.9571],[-100.6726,34.9661],[-100.6397,34.9571],[-100.6068,34.9661],[-100.5958,34.9661],[-100.5628,34.9661],[-100.5409,34.9391],[-100.5299,34.9301],[-100.5189,34.9211],[-100.5189,34.9031],[-100.5409,34.8941],[-100.5409,34.8761],[-100.5409,34.8671],[-100.5299,34.8581],[-100.5299,34.8491],[-100.5409,34.8491],[-100.5519,34.8311],[-100.5409,34.8221],[-100.5519,34.804],[-100.5958,34.795],[-100.6507,34.8131],[-100.6726,34.8221],[-100.6946,34.8221],[-100.6946,34.786],[-100.7056,34.777],[-100.7385,34.777],[-100.7714,34.795],[-100.8044,34.8131],[-100.8263,34.8221],[-100.8373,34.8221],[-100.8592,34.8131],[-100.8812,34.8221],[-100.9031,34.8491],[-100.9141,34.8671],[-100.9251,34.8581],[-100.9471,34.8491],[-100.969,34.8851],[-100.991,34.9121],[-101.0129,34.9211],[-101.0349,34.9301],[-101.0568,34.9211],[-101.0678,34.9481],[-101.0898,34.9661],[-101.1117,34.9751],[-101.1447,34.9661],[-101.1666,34.9751],[-101.1776,34.9751],[-101.2105,34.9751],[-101.2325,34.9751],[-101.2434,35.0021],[-101.2544,35.0111],[-101.2654,35.0021],[-101.2764,34.9751],[-101.2654,34.9571],[-101.2544,34.9481],[-101.2215,34.9391],[-101.1886,34.9301],[-101.1666,34.9301],[-101.1556,34.9211],[-101.1776,34.9031],[-101.1886,34.8941],[-101.1995,34.8671],[-101.1995,34.8491],[-101.2215,34.8401],[-101.2434,34.8581],[-101.2764,34.8761],[-101.2983,34.8761],[-101.3203,34.8761],[-101.3313,34.8941],[-101.3422,34.9121],[-101.3971,34.9301],[-101.4301,34.9481],[-101.4301,34.9301],[-101.452,34.9211],[-101.463,34.9391],[-101.5069,34.9661],[-101.5179,34.9751],[-101.5179,34.9481],[-101.5179,34.9211],[-101.5398,34.9121],[-101.5618,34.9391],[-101.5837,34.9751],[-101.6057,34.9931],[-101.6277,35.0021],[-101.6386,35.0291],[-101.6606,35.0471],[-101.6716,35.065],[-101.7045,35.083],[-101.7265,35.083],[-101.7484,35.092],[-101.7813,35.092],[-101.8143,35.083],[-101.8472,35.065],[-101.8582,35.0471],[-101.8582,35.0381],[-101.8472,35.0381],[-101.8253,35.0381],[-101.7923,35.0471],[-101.7813,35.0471],[-101.7484,35.0381],[-101.7265,35.0111],[-101.7155,34.9931],[-101.7045,34.9751],[-101.7045,34.9571],[-101.7045,34.9391],[-101.6825,34.9121],[-101.6825,34.8761],[-101.6716,34.8581],[-101.6716,34.8401],[-101.6277,34.8311],[-101.6057,34.8311],[-101.5947,34.8221],[-101.5618,34.8221],[-101.5398,34.8131],[-101.5069,34.795],[-101.474,34.777],[-101.474,34.768],[-101.441,34.768],[-101.4191,34.7409],[-101.4081,34.7229],[-101.3971,34.7048],[-101.3752,34.6958],[-101.3642,34.6868],[-101.3532,34.6778],[-101.3752,34.6597],[-101.3862,34.6416],[-101.4081,34.6145],[-101.4301,34.5965],[-101.441,34.5784],[-101.474,34.5694],[-101.4959,34.5694],[-101.5289,34.5332],[-101.5289,34.5151],[-101.485,34.5332],[-101.463,34.5241],[-101.441,34.5241],[-101.4081,34.5694],[-101.3532,34.5874],[-101.3203,34.6055],[-101.2983,34.6055],[-101.2983,34.5694],[-101.2215,34.5603],[-101.1995,34.5332],[-101.1776,34.5332],[-101.1666,34.5241],[-101.1666,34.5061],[-101.1337,34.488],[-101.1227,34.4699],[-101.1227,34.4518],[-101.1337,34.4427],[-101.1337,34.4246],[-101.1447,34.4065],[-101.1447,34.3884],[-101.1995,34.3521],[-101.1995,34.3249],[-101.1776,34.3068],[-101.1666,34.2705],[-101.1886,34.2615],[-101.1886,34.2342],[-101.1886,34.2252],[-101.1666,34.2161],[-101.1117,34.1707],[-101.1007,34.1434],[-101.0898,34.0798],[-101.0898,34.0707],[-101.0788,34.0616],[-101.0568,34.0616],[-101.0459,34.0525],[-101.0459,34.0252],[-101.0459,34.007],[-101.0349,33.9888],[-101.0239,33.9979],[-101.0129,34.007],[-101.0019,34.0161],[-100.98,34.007],[-100.958,33.9979],[-100.9361,33.9888],[-100.9471,33.9706],[-100.958,33.9615],[-100.958,33.9433],[-100.9471,33.9342],[-100.9141,33.9342],[-100.9031,33.9069],[-100.9361,33.8978],[-100.958,33.8887],[-100.969,33.8795],[-100.969,33.8613],[-100.958,33.8522],[-100.958,33.834],[-100.9251,33.8066],[-100.8812,33.7884],[-100.8922,33.7701],[-100.8922,33.761],[-100.8592,33.7336],[-100.8592,33.7153],[-100.8592,33.6879],[-100.8812,33.6788],[-100.8922,33.6879],[-100.9361,33.7153],[-100.958,33.7245],[-100.958,33.6879],[-100.969,33.6697],[-100.98,33.6514],[-101.0019,33.6423],[-101.0239,33.6331],[-101.0459,33.624],[-101.0678,33.6148],[-101.0898,33.6057],[-101.1117,33.6057],[-101.1447,33.6514],[-101.1666,33.6697],[-101.1776,33.6788],[-101.1776,33.6605],[-101.1666,33.624],[-101.1666,33.6057],[-101.1556,33.5874],[-101.1556,33.56],[-101.1886,33.5417],[-101.1995,33.5417],[-101.2105,33.5142],[-101.1995,33.4959],[-101.2325,33.5051],[-101.2434,33.4684],[-101.2544,33.4593],[-101.2764,33.4593],[-101.3093,33.4684],[-101.3313,33.4501],[-101.3642,33.4501],[-101.3752,33.4501],[-101.3971,33.4227],[-101.4081,33.4135],[-101.4959,33.4684],[-101.5179,33.4684],[-101.5508,33.4684],[-101.5728,33.4959],[-101.5947,33.5051],[-101.6167,33.5142],[-101.6386,33.5142],[-101.6606,33.5234],[-101.6825,33.5234],[-101.6277,33.4868],[-101.6057,33.4776],[-101.5837,33.441],[-101.5508,33.4318],[-101.5289,33.4227],[-101.5289,33.3952],[-101.5398,33.3768],[-101.5289,33.3585],[-101.474,33.2668],[-101.463,33.2392],[-101.452,33.1933],[-101.441,33.1657],[-101.3971,33.129],[-101.3862,33.1014],[-101.3642,33.0646],[-101.3532,33.0462],[-101.4081,33.0646],[-101.441,33.0738],[-101.452,33.0738],[-101.485,33.083],[-101.5179,33.0922],[-101.5398,33.0922],[-101.5947,33.1014],[-101.6057,33.0922],[-101.6057,33.0738],[-101.6386,33.0554],[-101.6057,33.0554],[-101.5947,33.0554],[-101.5398,33.0278],[-101.4959,33.0002],[-101.5179,32.991],[-101.5179,32.9818],[-101.5289,32.9818],[-101.5398,33.0002],[-101.5508,33.0002],[-101.5618,33.0002],[-101.5618,32.9818],[-101.5837,32.9541],[-101.5837,32.9357],[-101.5947,32.9173],[-101.5947,32.9081],[-101.5837,32.8988],[-101.5837,32.8896],[-101.5618,32.8804],[-101.5508,32.8804],[-101.5289,32.8712],[-101.5179,32.862],[-101.5179,32.8527],[-101.5179,32.8435],[-101.5289,32.8435],[-101.5618,32.8435],[-101.5728,32.8435],[-101.5837,32.8343],[-101.5947,32.8159],[-101.5837,32.8066],[-101.5947,32.7974],[-101.6057,32.8066],[-101.6277,32.8251],[-101.6606,32.8251],[-101.6716,32.8435],[-101.6825,32.862],[-101.6935,32.862],[-101.7045,32.862],[-101.7484,32.8712],[-101.7704,32.8896],[-101.7923,32.8988],[-101.8033,32.8988],[-101.8033,32.8896],[-101.7923,32.862],[-101.7923,32.8527],[-101.7923,32.8435],[-101.8033,32.8435],[-101.8253,32.8527],[-101.8362,32.8435],[-101.8253,32.8343],[-101.8143,32.8159],[-101.8143,32.8066],[-101.8253,32.7882],[-101.8253,32.7789],[-101.7923,32.7789],[-101.7704,32.7697],[-101.7594,32.7697],[-101.7704,32.742],[-101.7704,32.7235],[-101.7594,32.7143],[-101.7265,32.7051],[-101.7155,32.6958],[-101.7155,32.6866],[-101.7045,32.6774],[-101.7265,32.6681],[-101.7374,32.6589],[-101.7704,32.6496],[-101.7594,32.6404],[-101.7594,32.6311],[-101.7594,32.6219],[-101.7484,32.6034],[-101.7265,32.5942],[-101.7045,32.5849],[-101.6935,32.5757],[-101.6935,32.5664],[-101.6935,32.5572],[-101.6825,32.5572],[-101.6716,32.5479],[-101.6716,32.5572],[-101.6277,32.5572],[-101.6167,32.5479],[-101.6057,32.5294],[-101.5947,32.5201],[-101.5728,32.5109],[-101.5618,32.5016],[-101.5398,32.5016],[-101.5289,32.4924],[-101.485,32.5109],[-101.463,32.5109],[-101.4301,32.5016],[-101.4191,32.5016],[-101.3971,32.5109],[-101.3752,32.5016],[-101.3532,32.5016],[-101.3422,32.4924],[-101.3313,32.4646],[-101.3422,32.4646],[-101.3093,32.4275],[-101.3093,32.4183],[-101.3203,32.4183],[-101.3422,32.4183],[-101.4191,32.4183],[-101.4191,32.3997],[-101.3971,32.3812],[-101.3532,32.3812],[-101.3203,32.3627],[-101.3093,32.3441],[-101.2983,32.3256],[-101.2654,32.307],[-101.2434,32.2884],[-101.2215,32.2699],[-101.1995,32.2513],[-101.2105,32.242],[-101.2434,32.242],[-101.2654,32.2699],[-101.2983,32.2792],[-101.3203,32.2792],[-101.3313,32.2699],[-101.3093,32.242],[-101.3093,32.2327],[-101.3422,32.2327],[-101.3642,32.242],[-101.4081,32.2513],[-101.441,32.2513],[-101.474,32.2513],[-101.4959,32.242],[-101.5069,32.2327],[-101.5069,32.2142],[-101.5069,32.0841],[-101.5179,32.0654],[-101.5289,32.0468],[-101.5508,32.0096],[-101.5728,31.9724],[-101.5947,31.9537],[-101.6386,31.9351],[-101.6825,31.9165],[-101.7045,31.9165],[-101.7155,31.9165],[-101.8472,31.9072],[-101.8911,31.9072],[-101.924,31.9258],[-101.968,31.9351],[-102.0009,31.9351],[-102.0228,31.9351],[-102.0558,31.9351],[-102.0997,31.9258],[-102.1546,31.8885],[-102.1985,31.8792],[-102.2204,31.8699],[-102.2643,31.8326],[-102.3192,31.8046],[-102.3522,31.8046],[-102.3631,31.8046]],[[-103.1755,34.007],[-103.1645,34.007],[-103.1535,34.007],[-103.1425,34.0161],[-103.1425,34.0252],[-103.1316,34.0252],[-103.1316,34.0343],[-103.1206,34.0343],[-103.1206,34.0434],[-103.1096,34.0525],[-103.1206,34.0616],[-103.1316,34.0616],[-103.1425,34.0616],[-103.1535,34.0525],[-103.1645,34.0525],[-103.1755,34.0525],[-103.1864,34.0525],[-103.1864,34.0434],[-103.1864,34.0343],[-103.1755,34.0343],[-103.1755,34.0252],[-103.1755,34.0161],[-103.1755,34.007]],[[-103.8231,34.1798],[-103.8012,34.1888],[-103.8012,34.1979],[-103.8012,34.207],[-103.8341,34.2342],[-103.8341,34.2524],[-103.8451,34.2615],[-103.8451,34.2524],[-103.867,34.2524],[-103.878,34.2433],[-103.878,34.2252],[-103.867,34.207],[-103.867,34.1979],[-103.867,34.1888],[-103.8561,34.1888],[-103.8451,34.1888],[-103.8341,34.1888],[-103.8231,34.1798]],[[-103.428,36.3839],[-103.406,36.3839],[-103.384,36.3928],[-103.3621,36.4104],[-103.3292,36.4281],[-103.2852,36.4281],[-103.2523,36.4193],[-103.2194,36.4104],[-103.1974,36.4104],[-103.1864,36.4104],[-103.1864,36.4193],[-103.2633,36.4458],[-103.384,36.4369],[-103.395,36.4458],[-103.428,36.4546],[-103.4389,36.4546],[-103.4609,36.4369],[-103.4828,36.4369],[-103.5158,36.4369],[-103.5158,36.4281],[-103.5048,36.4193],[-103.4609,36.4193],[-103.4499,36.4104],[-103.4389,36.3928],[-103.428,36.3839]],[[-103.1864,36.5605],[-103.1755,36.5605],[-103.1645,36.5693],[-103.1645,36.5781],[-103.1755,36.5869],[-103.1974,36.5869],[-103.2084,36.6045],[-103.2743,36.5957],[-103.3072,36.5957],[-103.3182,36.6045],[-103.3731,36.6045],[-103.395,36.6045],[-103.4389,36.6045],[-103.4389,36.5957],[-103.428,36.5869],[-103.3621,36.5869],[-103.3182,36.5781],[-103.2852,36.5781],[-103.2413,36.5693],[-103.1864,36.5605]],[[-102.6266,37.3848],[-102.6156,37.3848],[-102.6046,37.4023],[-102.5937,37.4023],[-102.5278,37.4023],[-102.5058,37.3936],[-102.4729,37.3936],[-102.4729,37.4023],[-102.4729,37.411],[-102.4839,37.411],[-102.4949,37.411],[-102.5607,37.4284],[-102.5827,37.4284],[-102.6046,37.4372],[-102.7034,37.4546],[-102.7474,37.472],[-102.8242,37.4807],[-102.8461,37.4807],[-102.8571,37.4633],[-102.8901,37.4633],[-102.901,37.4546],[-102.9449,37.4372],[-102.9449,37.4284],[-102.934,37.4197],[-102.923,37.4197],[-102.8901,37.4284],[-102.8461,37.4459],[-102.8242,37.4459],[-102.7913,37.4459],[-102.7803,37.4284],[-102.7254,37.4197],[-102.7034,37.4197],[-102.6705,37.411],[-102.6486,37.3936],[-102.6266,37.3848]],[[-98.2247,37.7763],[-98.2027,37.7763],[-98.1917,37.785],[-98.1807,37.785],[-98.1807,37.7937],[-98.1588,37.8023],[-98.1478,37.8023],[-98.1368,37.7937],[-98.1149,37.7937],[-98.1039,37.7937],[-98.0929,37.8023],[-98.0929,37.8197],[-98.1039,37.8284],[-98.1149,37.837],[-98.1259,37.837],[-98.1368,37.837],[-98.1478,37.837],[-98.1588,37.8457],[-98.1698,37.8544],[-98.1807,37.863],[-98.1917,37.8717],[-98.2137,37.8717],[-98.2247,37.863],[-98.2356,37.8544],[-98.2576,37.8457],[-98.2905,37.8457],[-98.3015,37.8457],[-98.3015,37.837],[-98.2905,37.8284],[-98.2686,37.8284],[-98.2466,37.8284],[-98.2247,37.8197],[-98.2247,37.811],[-98.2247,37.7937],[-98.2247,37.7763]],[[-101.7813,39.8461],[-101.7704,39.8461],[-101.7594,39.8545],[-101.7484,39.8545],[-101.7374,39.8545],[-101.7374,39.8461],[-101.7155,39.8545],[-101.7155,39.8629],[-101.7045,39.8714],[-101.6935,39.8798],[-101.6935,39.8966],[-101.6935,39.905],[-101.7155,39.9135],[-101.7265,39.9135],[-101.7484,39.9135],[-101.7704,39.9135],[-101.7923,39.905],[-101.8143,39.905],[-101.8253,39.905],[-101.8472,39.905],[-101.8582,39.8966],[-101.8801,39.8966],[-101.8911,39.8966],[-101.9131,39.8966],[-101.924,39.8966],[-101.935,39.8882],[-101.957,39.8798],[-101.957,39.8714],[-101.946,39.8714],[-101.935,39.8629],[-101.924,39.8629],[-101.9131,39.8629],[-101.8911,39.8629],[-101.8801,39.8629],[-101.8692,39.8714],[-101.8582,39.8714],[-101.8362,39.8714],[-101.8253,39.8714],[-101.8033,39.8714],[-101.7923,39.8714],[-101.7813,39.8545],[-101.7813,39.8461]],[[-101.946,39.9471],[-101.935,39.9471],[-101.9131,39.9471],[-101.9131,39.9555],[-101.9131,39.964],[-101.924,39.9724],[-101.935,39.9724],[-101.946,39.9555],[-101.946,39.9471]],[[-104.2403,41.6833],[-104.2293,41.6833],[-104.2183,41.6915],[-104.2183,41.6997],[-104.2183,41.7161],[-104.2073,41.7161],[-104.1964,41.7079],[-104.1854,41.7079],[-104.1744,41.7161],[-104.1744,41.7243],[-104.1744,41.7407],[-104.1744,41.7653],[-104.1744,41.7898],[-104.1634,41.8062],[-104.1525,41.8225],[-104.1415,41.8225],[-104.1305,41.8307],[-104.1305,41.8389],[-104.1415,41.8389],[-104.1525,41.8471],[-104.1634,41.8553],[-104.1415,41.8634],[-104.1086,41.8716],[-104.0976,41.8798],[-104.0866,41.888],[-104.0866,41.8961],[-104.0976,41.8961],[-104.0976,41.9043],[-104.1086,41.9043],[-104.1195,41.9043],[-104.1195,41.9125],[-104.1305,41.9125],[-104.1305,41.9206],[-104.1415,41.9043],[-104.1525,41.8961],[-104.1634,41.888],[-104.1744,41.888],[-104.1854,41.8961],[-104.1964,41.9043],[-104.1964,41.9125],[-104.2183,41.9125],[-104.2183,41.9043],[-104.2293,41.9043],[-104.2403,41.9043],[-104.2513,41.9043],[-104.2622,41.888],[-104.2622,41.8798],[-104.2622,41.8553],[-104.2622,41.8471],[-104.2732,41.8389],[-104.2842,41.8307],[-104.2952,41.8307],[-104.3171,41.8225],[-104.3281,41.8225],[-104.3391,41.8225],[-104.361,41.8144],[-104.361,41.8062],[-104.372,41.7898],[-104.383,41.7898],[-104.394,41.7816],[-104.394,41.7734],[-104.4049,41.7653],[-104.4049,41.7489],[-104.4159,41.7407],[-104.4049,41.7407],[-104.4049,41.7243],[-104.4049,41.7161],[-104.383,41.7079],[-104.361,41.7079],[-104.3501,41.7079],[-104.3391,41.7161],[-104.3171,41.7161],[-104.3061,41.7079],[-104.2952,41.7079],[-104.2842,41.6997],[-104.2732,41.6997],[-104.2622,41.6997],[-104.2513,41.6915],[-104.2403,41.6833]],[[-104.4379,41.7898],[-104.4269,41.7898],[-104.4159,41.798],[-104.4159,41.8062],[-104.4049,41.8062],[-104.4049,41.8225],[-104.394,41.8225],[-104.372,41.8389],[-104.372,41.8471],[-104.361,41.8553],[-104.3501,41.8634],[-104.3281,41.8716],[-104.3171,41.8798],[-104.3171,41.888],[-104.3171,41.8961],[-104.3171,41.9043],[-104.3281,41.9206],[-104.3391,41.9206],[-104.3501,41.9206],[-104.361,41.9206],[-104.372,41.9125],[-104.394,41.9043],[-104.4049,41.9043],[-104.4159,41.9125],[-104.4379,41.9043],[-104.4489,41.8961],[-104.4489,41.888],[-104.4489,41.8716],[-104.4598,41.8634],[-104.4818,41.8716],[-104.4928,41.8716],[-104.5147,41.888],[-104.5257,41.8961],[-104.5257,41.9043],[-104.5367,41.9043],[-104.5476,41.8961],[-104.5586,41.888],[-104.5586,41.8634],[-104.5696,41.8553],[-104.5696,41.8389],[-104.5586,41.8307],[-104.5586,41.8225],[-104.5367,41.8144],[-104.5257,41.8062],[-104.5147,41.798],[-104.5037,41.8062],[-104.4818,41.8062],[-104.4818,41.8144],[-104.4708,41.8144],[-104.4598,41.8062],[-104.4489,41.798],[-104.4379,41.798],[-104.4379,41.7898]],[[-105.1404,41.9288],[-105.1295,41.9288],[-105.1185,41.9288],[-105.1075,41.9288],[-105.1075,41.937],[-105.1075,41.9451],[-105.1185,41.9533],[-105.1295,41.9533],[-105.1295,41.9615],[-105.1185,41.9615],[-105.1075,41.9696],[-105.0965,41.9696],[-105.0965,41.9778],[-105.1075,41.9859],[-105.1185,41.9859],[-105.1295,41.9941],[-105.1404,41.9941],[-105.1514,41.9941],[-105.1514,41.9778],[-105.1514,41.9615],[-105.1514,41.9451],[-105.1514,41.937],[-105.1404,41.9288]],[[-104.7562,42.2628],[-104.7343,42.2628],[-104.6904,42.2871],[-104.6794,42.2953],[-104.6684,42.3034],[-104.6574,42.3358],[-104.6574,42.344],[-104.6464,42.3602],[-104.6355,42.3764],[-104.6135,42.4007],[-104.6025,42.4169],[-104.6135,42.425],[-104.5916,42.4412],[-104.5916,42.4655],[-104.5806,42.4898],[-104.5696,42.506],[-104.5696,42.5303],[-104.5696,42.5465],[-104.5586,42.5626],[-104.5586,42.5707],[-104.5367,42.595],[-104.5257,42.6192],[-104.5257,42.6434],[-104.5257,42.6515],[-104.5257,42.6677],[-104.5367,42.6757],[-104.5367,42.6919],[-104.5367,42.708],[-104.5257,42.7161],[-104.5367,42.7241],[-104.5476,42.7241],[-104.5586,42.7241],[-104.5696,42.708],[-104.5916,42.708],[-104.6025,42.7161],[-104.6135,42.7161],[-104.6135,42.7322],[-104.6135,42.7403],[-104.6355,42.7564],[-104.6464,42.7564],[-104.6684,42.7564],[-104.6794,42.7403],[-104.6794,42.7322],[-104.6794,42.7241],[-104.6684,42.7161],[-104.6464,42.7161],[-104.6355,42.708],[-104.6355,42.6919],[-104.6245,42.6838],[-104.6245,42.6757],[-104.6355,42.6757],[-104.6464,42.6677],[-104.6574,42.6677],[-104.6574,42.6596],[-104.6574,42.6515],[-104.6684,42.6434],[-104.6794,42.6434],[-104.6904,42.6354],[-104.6904,42.6273],[-104.6794,42.6192],[-104.6684,42.6192],[-104.6464,42.6111],[-104.6355,42.6111],[-104.6245,42.6192],[-104.6135,42.6273],[-104.6025,42.6273],[-104.5916,42.6273],[-104.5806,42.6273],[-104.5696,42.6273],[-104.5696,42.6192],[-104.5916,42.6031],[-104.6025,42.6031],[-104.6135,42.6031],[-104.6245,42.595],[-104.6245,42.5869],[-104.6245,42.5788],[-104.6135,42.5707],[-104.6135,42.5626],[-104.6355,42.5626],[-104.6464,42.5626],[-104.6574,42.5626],[-104.6684,42.5707],[-104.6794,42.5707],[-104.7013,42.5707],[-104.7123,42.5707],[-104.7123,42.5626],[-104.7123,42.5546],[-104.7013,42.5465],[-104.6794,42.5465],[-104.6684,42.5465],[-104.6574,42.5384],[-104.6464,42.5384],[-104.6464,42.5303],[-104.6464,42.5222],[-104.6574,42.5222],[-104.6684,42.5222],[-104.6794,42.5303],[-104.6904,42.5222],[-104.7013,42.5222],[-104.7013,42.5141],[-104.7013,42.506],[-104.6904,42.506],[-104.6794,42.4979],[-104.6684,42.4979],[-104.6684,42.4898],[-104.6684,42.4817],[-104.6684,42.4736],[-104.6574,42.4655],[-104.6574,42.4574],[-104.6574,42.4412],[-104.6574,42.4331],[-104.6684,42.425],[-104.6794,42.425],[-104.6794,42.4088],[-104.6794,42.4007],[-104.6794,42.3926],[-104.6904,42.3845],[-104.6904,42.3764],[-104.7013,42.3764],[-104.7123,42.3764],[-104.7123,42.3845],[-104.7123,42.4007],[-104.7123,42.4088],[-104.7013,42.4169],[-104.7123,42.425],[-104.7013,42.425],[-104.7013,42.4331],[-104.7123,42.4412],[-104.7233,42.4493],[-104.7233,42.4574],[-104.7233,42.4655],[-104.7123,42.4655],[-104.7123,42.4736],[-104.7233,42.4817],[-104.7123,42.4898],[-104.7123,42.506],[-104.7233,42.506],[-104.7343,42.506],[-104.7343,42.5141],[-104.7343,42.5303],[-104.7452,42.5303],[-104.7562,42.5222],[-104.7672,42.5222],[-104.7672,42.5141],[-104.7672,42.4979],[-104.7562,42.4979],[-104.7562,42.4817],[-104.7672,42.4817],[-104.7782,42.4817],[-104.7892,42.4736],[-104.7892,42.4574],[-104.7892,42.4493],[-104.7782,42.4412],[-104.7782,42.4331],[-104.8001,42.425],[-104.8111,42.425],[-104.8221,42.4169],[-104.8331,42.4169],[-104.844,42.425],[-104.844,42.4412],[-104.844,42.4574],[-104.844,42.4736],[-104.855,42.4817],[-104.855,42.4898],[-104.866,42.4898],[-104.866,42.4817],[-104.877,42.4736],[-104.877,42.4655],[-104.8879,42.4736],[-104.8989,42.4898],[-104.8989,42.4979],[-104.9099,42.506],[-104.9209,42.506],[-104.9428,42.506],[-104.9538,42.506],[-104.9538,42.4979],[-104.9648,42.4817],[-104.9758,42.4493],[-104.9758,42.4412],[-104.9867,42.4331],[-104.9867,42.425],[-104.9977,42.4169],[-104.9867,42.4007],[-104.9758,42.3926],[-104.9648,42.4007],[-104.9538,42.4007],[-104.9538,42.4088],[-104.9428,42.425],[-104.9319,42.425],[-104.9209,42.4169],[-104.9209,42.4007],[-104.9209,42.3926],[-104.9099,42.3926],[-104.9099,42.3845],[-104.9209,42.3764],[-104.9209,42.3683],[-104.9319,42.3521],[-104.9319,42.344],[-104.9209,42.3358],[-104.9099,42.3358],[-104.8989,42.3358],[-104.8879,42.3358],[-104.877,42.3277],[-104.877,42.3196],[-104.866,42.3115],[-104.855,42.3115],[-104.844,42.3196],[-104.8331,42.3277],[-104.8221,42.3277],[-104.8221,42.344],[-104.8111,42.3602],[-104.8111,42.3764],[-104.8221,42.3845],[-104.8221,42.3926],[-104.8221,42.4007],[-104.8111,42.4007],[-104.8001,42.4007],[-104.7892,42.3926],[-104.7782,42.3926],[-104.7782,42.3845],[-104.7892,42.3683],[-104.7892,42.3602],[-104.7892,42.3521],[-104.7782,42.344],[-104.7672,42.3521],[-104.7562,42.3521],[-104.7452,42.344],[-104.7562,42.3358],[-104.7562,42.3277],[-104.7672,42.3196],[-104.7782,42.3034],[-104.7892,42.2871],[-104.7782,42.2709],[-104.7562,42.2628]],[[-105.1295,42.4007],[-105.1075,42.4007],[-105.0965,42.4007],[-105.0746,42.4007],[-105.0636,42.4007],[-105.0636,42.4088],[-105.0636,42.4169],[-105.0746,42.425],[-105.0855,42.425],[-105.0855,42.4331],[-105.0855,42.4412],[-105.0746,42.4493],[-105.0746,42.4574],[-105.0746,42.4736],[-105.0855,42.4817],[-105.0855,42.4898],[-105.0965,42.4979],[-105.1075,42.4898],[-105.1075,42.4736],[-105.1075,42.4574],[-105.1185,42.4412],[-105.1295,42.4331],[-105.1404,42.4169],[-105.1295,42.4088],[-105.1295,42.4007]],[[-105.0965,42.506],[-105.0855,42.506],[-105.0746,42.506],[-105.0636,42.506],[-105.0526,42.5141],[-105.0416,42.5141],[-105.0416,42.5222],[-105.0416,42.5303],[-105.0636,42.5384],[-105.0746,42.5384],[-105.0855,42.5384],[-105.0965,42.5303],[-105.1075,42.5222],[-105.1075,42.5141],[-105.0965,42.506]],[[-105.0855,42.5465],[-105.0636,42.5465],[-105.0416,42.5465],[-105.0307,42.5546],[-105.0087,42.5546],[-104.9758,42.5626],[-104.9758,42.5707],[-104.9758,42.5869],[-104.9867,42.595],[-104.9977,42.595],[-105.0087,42.6111],[-105.0197,42.6192],[-105.0307,42.6273],[-105.0416,42.6273],[-105.0526,42.6192],[-105.0526,42.6111],[-105.0636,42.5869],[-105.0746,42.5788],[-105.0855,42.5626],[-105.0855,42.5546],[-105.0855,42.5465]],[[-104.8221,42.5546],[-104.8111,42.5626],[-104.8111,42.5788],[-104.8001,42.5869],[-104.7892,42.5707],[-104.7782,42.5626],[-104.7672,42.5626],[-104.7672,42.5707],[-104.7562,42.5788],[-104.7672,42.5869],[-104.7782,42.595],[-104.7672,42.6111],[-104.7562,42.6111],[-104.7452,42.6192],[-104.7452,42.6273],[-104.7343,42.6273],[-104.7452,42.6434],[-104.7562,42.6515],[-104.7782,42.6515],[-104.7892,42.6434],[-104.7892,42.6273],[-104.8001,42.6192],[-104.8111,42.6192],[-104.8221,42.6192],[-104.844,42.6192],[-104.844,42.6031],[-104.844,42.595],[-104.8331,42.5788],[-104.8331,42.5707],[-104.8221,42.5626],[-104.8221,42.5546]],[[-98.4442,38.2778],[-98.4223,38.2778],[-98.4113,38.2865],[-98.4113,38.2951],[-98.4223,38.2951],[-98.4332,38.3037],[-98.4442,38.3123],[-98.4442,38.3209],[-98.4552,38.3295],[-98.4662,38.3381],[-98.4771,38.3381],[-98.4881,38.3381],[-98.4881,38.3209],[-98.4771,38.3037],[-98.4662,38.2951],[-98.4442,38.2778]],[[-98.4113,38.4586],[-98.4003,38.4672],[-98.4003,38.4844],[-98.4113,38.493],[-98.4223,38.493],[-98.4223,38.4844],[-98.4332,38.4758],[-98.4332,38.4672],[-98.4113,38.4586]],[[-98.4223,38.5359],[-98.4113,38.5359],[-98.4003,38.5445],[-98.4003,38.5531],[-98.4113,38.5617],[-98.4223,38.5702],[-98.4223,38.5531],[-98.4223,38.5445],[-98.4223,38.5359]]]},"properties":{"AQ_NAME":"High Plains Aquifer","ROCK_NAME":"Unconsolidated sand and gravel","ROCK_TYPE":100,"id":"aquifer-2","kind":"aquifer","nameJa":"ハイプレーンズ帯水層"}},{"type":"Feature","geometry":{"type":"MultiPolygon","coordinates":[[[[-122.1225,38.0707],[-122.1115,38.0794],[-122.1115,38.0707],[-122.1225,38.0707]]],[[[-119.2354,34.9391],[-119.2464,34.9481],[-119.2684,34.9481],[-119.2793,34.9661],[-119.2903,34.9841],[-119.2903,35.0021],[-119.3013,35.0201],[-119.3123,35.0201],[-119.3342,35.0111],[-119.3452,35.0201],[-119.3452,35.0381],[-119.3562,35.0381],[-119.3672,35.0291],[-119.3781,35.0201],[-119.3891,35.0291],[-119.3891,35.0471],[-119.4001,35.0471],[-119.4111,35.0381],[-119.422,35.0291],[-119.422,35.0381],[-119.433,35.074],[-119.455,35.101],[-119.466,35.1099],[-119.5208,35.1458],[-119.5538,35.1728],[-119.5647,35.1817],[-119.6306,35.2356],[-119.6855,35.2983],[-119.6965,35.3162],[-119.7514,35.3341],[-119.7514,35.3431],[-119.7404,35.352],[-119.7075,35.3431],[-119.7075,35.352],[-119.7075,35.361],[-119.7294,35.3699],[-119.7404,35.3699],[-119.7733,35.3968],[-119.7843,35.4147],[-119.8063,35.4505],[-119.8172,35.4594],[-119.8392,35.4594],[-119.8502,35.4683],[-119.8611,35.4773],[-119.8831,35.4862],[-119.927,35.5309],[-119.938,35.5398],[-119.9599,35.5488],[-119.9709,35.5577],[-120.0038,35.5666],[-120.0258,35.5756],[-120.0368,35.5845],[-120.0368,35.6113],[-120.0587,35.6202],[-120.0697,35.6291],[-120.0587,35.638],[-120.0587,35.647],[-120.0697,35.6559],[-120.1026,35.647],[-120.1246,35.6559],[-120.1246,35.6648],[-120.1356,35.6648],[-120.1356,35.6737],[-120.1356,35.6915],[-120.1356,35.7005],[-120.1246,35.7094],[-120.1246,35.7183],[-120.1136,35.7183],[-120.1026,35.7183],[-120.0807,35.7005],[-120.0697,35.7094],[-120.0587,35.7272],[-120.0478,35.7272],[-120.0148,35.7094],[-120.0038,35.7183],[-120.0148,35.745],[-120.0258,35.7628],[-120.0368,35.7628],[-120.0587,35.7628],[-120.0697,35.7628],[-120.0807,35.7628],[-120.1026,35.7717],[-120.1136,35.7985],[-120.1136,35.843],[-120.1246,35.8697],[-120.1246,35.8786],[-120.1246,35.8874],[-120.1026,35.8874],[-120.0807,35.8608],[-120.0478,35.843],[-120.0258,35.8252],[-119.9929,35.7985],[-119.9819,35.8074],[-119.9819,35.8252],[-120.0478,35.8963],[-120.0917,35.9319],[-120.1026,35.9408],[-120.1466,35.9586],[-120.1685,35.9852],[-120.1905,35.9852],[-120.2234,35.9941],[-120.2563,36.003],[-120.2673,36.0296],[-120.2783,36.0474],[-120.2783,36.0651],[-120.2893,36.0829],[-120.3002,36.0917],[-120.3332,36.0917],[-120.3441,36.1006],[-120.3551,36.1095],[-120.3771,36.1183],[-120.3881,36.1183],[-120.399,36.1272],[-120.399,36.1449],[-120.421,36.1627],[-120.421,36.1715],[-120.421,36.1892],[-120.421,36.1981],[-120.4539,36.2158],[-120.4539,36.2247],[-120.4539,36.2335],[-120.4429,36.2335],[-120.432,36.2335],[-120.421,36.2335],[-120.399,36.2335],[-120.3661,36.2335],[-120.3661,36.2424],[-120.3551,36.2512],[-120.3332,36.2424],[-120.3332,36.2335],[-120.3002,36.2247],[-120.2893,36.2247],[-120.2893,36.2335],[-120.3112,36.2955],[-120.3332,36.3309],[-120.3661,36.3574],[-120.421,36.3839],[-120.4429,36.4016],[-120.4649,36.4104],[-120.4649,36.4193],[-120.4978,36.4899],[-120.5198,36.5164],[-120.5417,36.534],[-120.5637,36.5428],[-120.5966,36.5605],[-120.6296,36.5781],[-120.6515,36.5781],[-120.7064,36.5693],[-120.7284,36.5693],[-120.8052,36.5516],[-120.8381,36.5605],[-120.904,36.5781],[-120.9589,36.6134],[-120.9589,36.6222],[-120.9589,36.6398],[-120.9479,36.6486],[-120.9259,36.6574],[-120.915,36.675],[-120.915,36.7014],[-120.9259,36.7278],[-120.915,36.7366],[-120.9259,36.7806],[-120.9259,36.7894],[-120.915,36.7982],[-120.893,36.7982],[-120.882,36.8157],[-120.8601,36.8157],[-120.8381,36.8245],[-120.8381,36.8333],[-120.8491,36.8509],[-120.8491,36.8597],[-120.8381,36.8685],[-120.8272,36.8685],[-120.8272,36.8772],[-120.8272,36.886],[-120.8381,36.9124],[-120.8491,36.9299],[-120.8711,36.9387],[-120.882,36.9387],[-120.9259,36.9387],[-120.9479,36.9387],[-120.9479,36.9562],[-120.9699,36.9562],[-120.9808,36.9562],[-120.9808,36.965],[-120.9699,36.9825],[-120.9808,37.0001],[-120.9589,37.0176],[-120.9589,37.0351],[-120.9808,37.0439],[-121.0247,37.0351],[-121.0577,37.0351],[-121.0687,37.0439],[-121.0796,37.0614],[-121.0796,37.0702],[-121.0796,37.0789],[-121.0687,37.1052],[-121.0687,37.1227],[-121.0796,37.1227],[-121.0796,37.1315],[-121.0796,37.1402],[-121.0906,37.149],[-121.1016,37.1577],[-121.1016,37.1752],[-121.0906,37.1927],[-121.0906,37.2014],[-121.0906,37.2189],[-121.1126,37.2364],[-121.1126,37.2452],[-121.1126,37.2539],[-121.1126,37.2626],[-121.0796,37.2626],[-121.0796,37.2801],[-121.0906,37.2976],[-121.1016,37.2976],[-121.1126,37.2976],[-121.1345,37.2888],[-121.1455,37.2801],[-121.1455,37.2888],[-121.1345,37.3238],[-121.1345,37.3848],[-121.1455,37.4023],[-121.1455,37.4284],[-121.1565,37.4459],[-121.1894,37.472],[-121.2992,37.5417],[-121.3541,37.5678],[-121.4199,37.6113],[-121.4419,37.62],[-121.4968,37.6721],[-121.5736,37.7156],[-121.5846,37.7416],[-121.6065,37.785],[-121.6175,37.7937],[-121.6614,37.8284],[-121.7053,37.889],[-121.7383,37.915],[-121.7602,37.915],[-121.7822,37.9237],[-121.7932,37.9237],[-121.8041,37.9323],[-121.7932,37.967],[-121.7932,37.9756],[-121.8261,37.9843],[-121.859,37.9843],[-121.892,37.9929],[-121.9139,38.0016],[-121.9578,38.0016],[-121.9688,38.0102],[-121.9798,38.0189],[-121.9908,38.0189],[-121.9908,38.0016],[-121.9468,37.9583],[-121.9359,37.9496],[-121.9249,37.9323],[-121.9359,37.9323],[-121.9468,37.9323],[-121.9578,37.9323],[-121.9688,37.9496],[-121.9908,37.9496],[-122.0017,37.9583],[-122.0127,37.9496],[-122.0127,37.941],[-121.9908,37.9237],[-121.9908,37.9064],[-122.0017,37.9064],[-122.0237,37.9064],[-122.0347,37.915],[-122.0456,37.9323],[-122.0456,37.941],[-122.0456,37.9583],[-122.0347,37.9843],[-122.0456,38.0016],[-122.0566,38.0189],[-122.0786,38.0189],[-122.0896,38.0275],[-122.0786,38.0362],[-122.0676,38.0448],[-122.0566,38.0534],[-122.0456,38.0534],[-122.0347,38.0534],[-122.0237,38.0621],[-122.0237,38.0534],[-122.0127,38.0534],[-122.0017,38.0534],[-121.9908,38.0534],[-121.9798,38.0448],[-121.9688,38.0448],[-121.9578,38.0448],[-121.9468,38.0448],[-121.9359,38.0448],[-121.9249,38.0448],[-121.9139,38.0448],[-121.9139,38.0362],[-121.9029,38.0362],[-121.892,38.0362],[-121.881,38.0362],[-121.87,38.0275],[-121.859,38.0275],[-121.8481,38.0275],[-121.8371,38.0275],[-121.8371,38.0189],[-121.8261,38.0189],[-121.8151,38.0189],[-121.8041,38.0189],[-121.7822,38.0102],[-121.7712,38.0189],[-121.7602,38.0189],[-121.7493,38.0189],[-121.7383,38.0102],[-121.7273,38.0102],[-121.7163,38.0102],[-121.7053,38.0102],[-121.6944,38.0102],[-121.6834,38.0102],[-121.6834,38.0189],[-121.6944,38.0189],[-121.6944,38.0275],[-121.7053,38.0275],[-121.7163,38.0189],[-121.7163,38.0275],[-121.7273,38.0275],[-121.7163,38.0362],[-121.7053,38.0362],[-121.6944,38.0362],[-121.6944,38.0448],[-121.6944,38.0534],[-121.6834,38.0534],[-121.6724,38.0534],[-121.6724,38.0621],[-121.6724,38.0707],[-121.6834,38.0794],[-121.6834,38.0707],[-121.6834,38.0621],[-121.6944,38.0621],[-121.6944,38.0534],[-121.7053,38.0534],[-121.7053,38.0448],[-121.7163,38.0448],[-121.7273,38.0362],[-121.7383,38.0362],[-121.7493,38.0275],[-121.7602,38.0275],[-121.7712,38.0275],[-121.7712,38.0362],[-121.7822,38.0362],[-121.7932,38.0362],[-121.7932,38.0448],[-121.7932,38.0534],[-121.7932,38.0621],[-121.7822,38.0621],[-121.7712,38.0707],[-121.7602,38.0707],[-121.7493,38.0794],[-121.7383,38.0794],[-121.7273,38.0794],[-121.7163,38.0794],[-121.7053,38.088],[-121.7053,38.0967],[-121.7053,38.1053],[-121.6944,38.1139],[-121.6944,38.1226],[-121.6944,38.1312],[-121.6834,38.1398],[-121.6834,38.1485],[-121.6834,38.1571],[-121.6724,38.1571],[-121.6724,38.1657],[-121.6724,38.1744],[-121.6614,38.1744],[-121.6614,38.183],[-121.6724,38.1744],[-121.6834,38.1744],[-121.6834,38.1657],[-121.6834,38.1571],[-121.6944,38.1571],[-121.6944,38.1485],[-121.6944,38.1398],[-121.7053,38.1312],[-121.7053,38.1226],[-121.7053,38.1139],[-121.7383,38.088],[-121.7493,38.088],[-121.7602,38.088],[-121.7602,38.0794],[-121.7712,38.0794],[-121.7822,38.0794],[-121.7822,38.0707],[-121.7932,38.0621],[-121.8041,38.0621],[-121.8151,38.0621],[-121.8261,38.0707],[-121.8371,38.0707],[-121.8481,38.0707],[-121.859,38.0707],[-121.87,38.0707],[-121.87,38.0621],[-121.881,38.0621],[-121.881,38.0534],[-121.892,38.0534],[-121.9029,38.0534],[-121.9139,38.0534],[-121.9249,38.0534],[-121.9359,38.0534],[-121.9249,38.0621],[-121.9249,38.0707],[-121.9139,38.0707],[-121.9139,38.0794],[-121.9249,38.0794],[-121.9359,38.0794],[-121.9468,38.0794],[-121.9578,38.0794],[-121.9688,38.0794],[-121.9688,38.0707],[-121.9798,38.0707],[-121.9798,38.0794],[-121.9908,38.0794],[-121.9908,38.088],[-122.0017,38.088],[-122.0127,38.088],[-122.0127,38.0967],[-122.0017,38.0967],[-122.0017,38.1053],[-121.9908,38.1053],[-121.9908,38.1139],[-121.9798,38.1139],[-121.9798,38.1226],[-121.9908,38.1226],[-121.9908,38.1312],[-122.0017,38.1398],[-122.0127,38.1398],[-122.0237,38.1398],[-122.0347,38.1398],[-122.0456,38.1398],[-122.0456,38.1312],[-122.0566,38.1312],[-122.0566,38.1398],[-122.0566,38.1485],[-122.0676,38.1398],[-122.0676,38.1312],[-122.0676,38.1226],[-122.0676,38.1139],[-122.0676,38.1053],[-122.0786,38.0967],[-122.0896,38.088],[-122.1005,38.088],[-122.1005,38.0794],[-122.1115,38.0794],[-122.1005,38.1053],[-122.0896,38.1226],[-122.1005,38.1398],[-122.1225,38.1657],[-122.1444,38.2175],[-122.1554,38.2261],[-122.1554,38.2434],[-122.1444,38.2434],[-122.1335,38.2434],[-122.1225,38.2347],[-122.1115,38.2261],[-122.1005,38.2347],[-122.0896,38.2347],[-122.1005,38.2434],[-122.1115,38.2778],[-122.1225,38.2865],[-122.1115,38.3037],[-122.1005,38.3037],[-122.0896,38.2951],[-122.0676,38.2865],[-122.0566,38.2692],[-122.0456,38.2692],[-122.0347,38.2692],[-122.0237,38.2778],[-122.0237,38.2951],[-122.0347,38.3209],[-122.0566,38.3468],[-122.0676,38.364],[-122.0566,38.3726],[-122.0456,38.3726],[-122.0347,38.3726],[-122.0237,38.3812],[-122.0456,38.4672],[-122.0456,38.5016],[-122.0566,38.5187],[-122.0676,38.5273],[-122.0676,38.5445],[-122.0566,38.6046],[-122.0456,38.6217],[-122.0566,38.6475],[-122.0676,38.656],[-122.0896,38.6817],[-122.1225,38.6989],[-122.1554,38.7246],[-122.1884,38.7588],[-122.1993,38.7759],[-122.2103,38.8016],[-122.2432,38.8786],[-122.2762,38.9127],[-122.2871,38.964],[-122.2981,38.9896],[-122.2981,39.0066],[-122.2981,39.0407],[-122.2981,39.0663],[-122.2981,39.0919],[-122.2981,39.126],[-122.2981,39.1855],[-122.2981,39.2026],[-122.2981,39.2451],[-122.2871,39.2961],[-122.2652,39.364],[-122.2652,39.3894],[-122.2762,39.3979],[-122.2871,39.4234],[-122.2871,39.4488],[-122.2871,39.4573],[-122.3091,39.4658],[-122.3091,39.4827],[-122.3091,39.5081],[-122.3091,39.5166],[-122.3311,39.5335],[-122.353,39.5758],[-122.3859,39.6012],[-122.3859,39.6097],[-122.3859,39.6181],[-122.3859,39.6266],[-122.4079,39.635],[-122.4189,39.652],[-122.4299,39.6604],[-122.4408,39.6689],[-122.4628,39.6689],[-122.4738,39.6689],[-122.4847,39.652],[-122.4847,39.6435],[-122.4957,39.6012],[-122.4847,39.542],[-122.4847,39.5251],[-122.4957,39.5166],[-122.5067,39.5166],[-122.5287,39.5251],[-122.5396,39.5335],[-122.5506,39.5674],[-122.5726,39.5758],[-122.5835,39.5843],[-122.5726,39.5928],[-122.5616,39.6012],[-122.5396,39.6266],[-122.5506,39.6604],[-122.5616,39.6689],[-122.5616,39.6773],[-122.5616,39.6858],[-122.5506,39.6942],[-122.5067,39.6773],[-122.4957,39.6858],[-122.4957,39.7026],[-122.4847,39.7449],[-122.4738,39.787],[-122.4847,39.8292],[-122.4847,39.8376],[-122.4957,39.8461],[-122.5396,39.8714],[-122.5396,39.8882],[-122.5396,39.9135],[-122.5396,39.9303],[-122.5396,39.9387],[-122.5396,39.9471],[-122.5396,39.9724],[-122.5396,39.9892],[-122.5287,40.0144],[-122.5287,40.0228],[-122.5287,40.0312],[-122.5396,40.0396],[-122.5287,40.048],[-122.5396,40.0649],[-122.5506,40.0649],[-122.5616,40.0733],[-122.5726,40.0817],[-122.5616,40.0901],[-122.5506,40.0984],[-122.5506,40.1152],[-122.5616,40.132],[-122.5945,40.1572],[-122.6165,40.174],[-122.6165,40.1824],[-122.5835,40.1908],[-122.5287,40.2075],[-122.3201,40.2662],[-122.2103,40.2913],[-122.1993,40.2913],[-122.2103,40.2662],[-122.2103,40.2494],[-122.2103,40.241],[-122.1993,40.241],[-122.1884,40.2494],[-122.1774,40.241],[-122.1884,40.2327],[-122.1993,40.2159],[-122.1993,40.2075],[-122.1774,40.2075],[-122.1664,40.1991],[-122.1664,40.1908],[-122.1335,40.1908],[-122.1335,40.174],[-122.1335,40.1656],[-122.1335,40.1488],[-122.1115,40.1404],[-122.1115,40.132],[-122.1005,40.1152],[-122.1115,40.1068],[-122.1005,40.0817],[-122.0786,40.006],[-122.0566,39.9808],[-122.0566,39.9724],[-122.0456,39.9724],[-122.0237,39.9724],[-122.0127,39.9892],[-121.9908,39.9892],[-121.9908,39.9808],[-122.0237,39.9387],[-122.0237,39.9135],[-122.0237,39.905],[-122.0127,39.8966],[-122.0017,39.8966],[-121.9908,39.8966],[-121.9798,39.9135],[-121.9688,39.9135],[-121.9688,39.905],[-121.9798,39.8798],[-121.9798,39.8714],[-121.9578,39.8629],[-121.9468,39.8376],[-121.9359,39.8292],[-121.9029,39.8208],[-121.881,39.8208],[-121.881,39.8124],[-121.881,39.8039],[-121.881,39.7955],[-121.87,39.7955],[-121.859,39.7955],[-121.8481,39.7955],[-121.8371,39.7786],[-121.8151,39.7786],[-121.7932,39.7702],[-121.7932,39.7617],[-121.7932,39.7533],[-121.7822,39.7449],[-121.7712,39.728],[-121.7493,39.7195],[-121.7493,39.7026],[-121.7493,39.6942],[-121.7493,39.6773],[-121.7163,39.6604],[-121.7053,39.652],[-121.7163,39.6266],[-121.7163,39.6181],[-121.7163,39.6097],[-121.6944,39.6012],[-121.6834,39.6097],[-121.6724,39.6181],[-121.6505,39.6181],[-121.6505,39.6012],[-121.6395,39.6012],[-121.6285,39.6097],[-121.6175,39.6097],[-121.5956,39.635],[-121.5846,39.635],[-121.5736,39.635],[-121.5736,39.6181],[-121.5736,39.6097],[-121.5956,39.6012],[-121.6065,39.5928],[-121.6065,39.5843],[-121.5956,39.5758],[-121.5846,39.5674],[-121.5736,39.5589],[-121.5846,39.5505],[-121.5736,39.5335],[-121.5736,39.5251],[-121.5626,39.5251],[-121.5297,39.5335],[-121.5078,39.5251],[-121.5078,39.5166],[-121.4968,39.4997],[-121.4968,39.4742],[-121.4858,39.4403],[-121.4529,39.3979],[-121.4529,39.381],[-121.4638,39.3555],[-121.4529,39.3385],[-121.4638,39.3215],[-121.4638,39.3046],[-121.4529,39.2791],[-121.409,39.2196],[-121.398,39.194],[-121.409,39.1685],[-121.409,39.16],[-121.398,39.143],[-121.376,39.1345],[-121.3541,39.126],[-121.3431,39.1089],[-121.3431,39.0834],[-121.3431,39.0493],[-121.3211,39.0237],[-121.2882,38.9896],[-121.2882,38.981],[-121.2882,38.964],[-121.2882,38.9554],[-121.2662,38.9384],[-121.2662,38.9213],[-121.2662,38.9042],[-121.2553,38.8956],[-121.2443,38.8871],[-121.1894,38.9042],[-121.1784,38.9042],[-121.1675,38.8956],[-121.1675,38.8871],[-121.1675,38.8786],[-121.2114,38.8615],[-121.2114,38.8529],[-121.2114,38.8358],[-121.2333,38.8187],[-121.2443,38.8016],[-121.2333,38.7931],[-121.2114,38.7845],[-121.2114,38.7759],[-121.2114,38.7588],[-121.2004,38.7417],[-121.1675,38.7246],[-121.1565,38.7074],[-121.1345,38.6903],[-121.1235,38.6817],[-121.1235,38.6732],[-121.1235,38.656],[-121.1235,38.6217],[-121.1235,38.6131],[-121.1345,38.6131],[-121.1455,38.6217],[-121.1565,38.6217],[-121.1565,38.6131],[-121.1455,38.5702],[-121.1345,38.5273],[-121.1235,38.5187],[-121.1126,38.4758],[-121.1016,38.4586],[-121.0687,38.45],[-121.0577,38.4414],[-121.0577,38.4156],[-121.0577,38.407],[-121.0577,38.3812],[-121.0467,38.364],[-120.9808,38.2865],[-120.9808,38.2692],[-121.0028,38.2347],[-121.0028,38.2175],[-120.9918,38.2002],[-120.9699,38.1571],[-120.9479,38.1226],[-120.915,38.0794],[-120.8711,38.0362],[-120.8601,38.0102],[-120.8162,37.941],[-120.7942,37.915],[-120.7613,37.8977],[-120.7284,37.863],[-120.7174,37.837],[-120.6954,37.8284],[-120.6844,37.8284],[-120.6515,37.8284],[-120.6405,37.8284],[-120.6296,37.8284],[-120.6076,37.8197],[-120.6076,37.8023],[-120.6076,37.759],[-120.5966,37.7329],[-120.5856,37.7242],[-120.5417,37.7069],[-120.5088,37.6895],[-120.4869,37.6634],[-120.4759,37.6634],[-120.4539,37.6634],[-120.4429,37.6634],[-120.432,37.6547],[-120.421,37.5939],[-120.399,37.5678],[-120.3881,37.5591],[-120.3661,37.5504],[-120.3332,37.5417],[-120.3222,37.5417],[-120.3112,37.5417],[-120.3002,37.533],[-120.2893,37.533],[-120.2893,37.5156],[-120.3002,37.4981],[-120.3222,37.4633],[-120.3112,37.4284],[-120.3002,37.3936],[-120.2783,37.3674],[-120.2673,37.3587],[-120.2453,37.3499],[-120.2234,37.3412],[-120.2234,37.3325],[-120.2234,37.3238],[-120.2453,37.315],[-120.2344,37.2976],[-120.2344,37.2801],[-120.2124,37.2888],[-120.2124,37.2714],[-120.2234,37.2626],[-120.2234,37.2539],[-120.1795,37.2626],[-120.1685,37.2539],[-120.1466,37.2452],[-120.1246,37.2189],[-120.0587,37.1927],[-120.0478,37.184],[-120.0258,37.149],[-119.9929,37.1315],[-119.9599,37.1052],[-119.8941,37.0702],[-119.8611,37.0527],[-119.8172,37.0264],[-119.8063,37.0088],[-119.7843,37.0001],[-119.7404,37.0176],[-119.7294,37.0176],[-119.7075,37.0088],[-119.6965,37.0001],[-119.6855,36.9913],[-119.6635,36.9387],[-119.6196,36.8948],[-119.5977,36.886],[-119.5757,36.886],[-119.5538,36.9036],[-119.5318,36.9299],[-119.5208,36.9299],[-119.5099,36.9299],[-119.4989,36.9124],[-119.5099,36.886],[-119.5208,36.8597],[-119.4989,36.8333],[-119.4769,36.8157],[-119.466,36.807],[-119.4001,36.807],[-119.3781,36.7982],[-119.3562,36.7806],[-119.3452,36.7806],[-119.3342,36.7806],[-119.3342,36.763],[-119.3342,36.7454],[-119.3342,36.7366],[-119.3232,36.7102],[-119.3123,36.7102],[-119.2903,36.719],[-119.2793,36.7102],[-119.2354,36.6398],[-119.2244,36.6222],[-119.2135,36.6045],[-119.2135,36.5957],[-119.1805,36.6045],[-119.1586,36.5957],[-119.1586,36.5781],[-119.1696,36.5605],[-119.1696,36.534],[-119.1476,36.534],[-119.1366,36.5428],[-119.1257,36.5428],[-119.1147,36.5428],[-119.0927,36.5252],[-119.0708,36.5075],[-119.0378,36.4811],[-119.0378,36.4722],[-119.0269,36.4546],[-119.0269,36.4369],[-119.0269,36.4281],[-118.9939,36.4104],[-118.9829,36.4016],[-119.0049,36.3751],[-119.0049,36.3662],[-118.9939,36.3574],[-118.9939,36.3397],[-118.9939,36.3309],[-118.9939,36.322],[-119.0049,36.322],[-119.0159,36.3309],[-119.0269,36.3309],[-119.0269,36.322],[-119.0269,36.3132],[-118.9829,36.2955],[-118.95,36.2866],[-118.95,36.2689],[-118.939,36.2689],[-118.95,36.2601],[-119.0269,36.2778],[-119.0378,36.2689],[-119.0378,36.2601],[-119.0269,36.2512],[-118.9829,36.2158],[-118.95,36.1804],[-118.9171,36.1627],[-118.9061,36.1361],[-118.9061,36.1272],[-118.9171,36.1272],[-118.9171,36.1095],[-118.9171,36.1006],[-118.8951,36.0296],[-118.8951,36.003],[-118.8951,35.9941],[-118.8951,35.9674],[-118.8951,35.9497],[-118.9171,35.9408],[-118.9281,35.923],[-118.9281,35.9141],[-118.9171,35.9052],[-118.8951,35.8963],[-118.8951,35.8786],[-118.8951,35.8519],[-118.9061,35.8163],[-118.9061,35.7628],[-118.9171,35.7272],[-118.9171,35.7094],[-118.9171,35.6826],[-118.9061,35.647],[-118.9061,35.6291],[-118.9061,35.6113],[-118.9171,35.5756],[-118.9171,35.5488],[-118.9171,35.5309],[-118.9061,35.4952],[-118.8951,35.4862],[-118.8732,35.4862],[-118.8512,35.4862],[-118.8293,35.4683],[-118.8073,35.4683],[-118.7854,35.4505],[-118.7744,35.4236],[-118.7634,35.4057],[-118.7085,35.3699],[-118.6866,35.352],[-118.6866,35.3431],[-118.6866,35.3341],[-118.7195,35.3252],[-118.7085,35.3073],[-118.6866,35.2893],[-118.6756,35.2893],[-118.6646,35.2893],[-118.6097,35.2983],[-118.5987,35.2983],[-118.5878,35.2893],[-118.5987,35.2804],[-118.6097,35.2714],[-118.6207,35.2714],[-118.6317,35.2714],[-118.6426,35.2625],[-118.6866,35.2266],[-118.7634,35.1728],[-118.7744,35.1548],[-118.7854,35.1369],[-118.7854,35.1279],[-118.7854,35.1189],[-118.7634,35.1099],[-118.7305,35.101],[-118.7085,35.1099],[-118.6975,35.1099],[-118.6536,35.092],[-118.6207,35.083],[-118.5878,35.074],[-118.5658,35.065],[-118.5438,35.0471],[-118.5329,35.0291],[-118.5548,35.0201],[-118.5658,35.0291],[-118.6097,35.0381],[-118.6426,35.0471],[-118.6646,35.0471],[-118.6756,35.0381],[-118.7085,35.0291],[-118.7305,35.0201],[-118.7414,35.0111],[-118.7854,34.9841],[-118.8183,34.9661],[-118.8732,34.9481],[-118.8951,34.9481],[-118.9281,34.9481],[-118.9829,34.9751],[-119.0378,34.9931],[-119.0598,34.9931],[-119.0927,34.9751],[-119.1476,34.9571],[-119.2025,34.9391],[-119.2354,34.9391]]],[[[-120.7613,36.6134],[-120.7393,36.6134],[-120.7284,36.631],[-120.7174,36.6398],[-120.7064,36.6398],[-120.7174,36.6662],[-120.7284,36.675],[-120.7613,36.7278],[-120.7723,36.7454],[-120.8052,36.763],[-120.8162,36.7542],[-120.8162,36.7454],[-120.8162,36.7278],[-120.8162,36.719],[-120.8162,36.7014],[-120.8272,36.6926],[-120.8601,36.6838],[-120.8711,36.6838],[-120.8711,36.6662],[-120.8711,36.6574],[-120.8491,36.6398],[-120.8272,36.631],[-120.7942,36.6222],[-120.7832,36.6222],[-120.7613,36.6134]]],[[[-121.6065,38.0189],[-121.5956,38.0275],[-121.5846,38.0275],[-121.5846,38.0362],[-121.5846,38.0448],[-121.5846,38.0534],[-121.5846,38.0621],[-121.5736,38.0621],[-121.5736,38.0707],[-121.5626,38.0707],[-121.5626,38.0621],[-121.5626,38.0534],[-121.5517,38.0534],[-121.5407,38.0534],[-121.5407,38.0448],[-121.5297,38.0448],[-121.5187,38.0448],[-121.5187,38.0534],[-121.5297,38.0534],[-121.5297,38.0621],[-121.5407,38.0707],[-121.5407,38.0621],[-121.5517,38.0621],[-121.5517,38.0707],[-121.5626,38.0707],[-121.5626,38.0794],[-121.5736,38.0794],[-121.5736,38.088],[-121.5736,38.0967],[-121.5846,38.1053],[-121.5956,38.1053],[-121.6065,38.1053],[-121.6175,38.1053],[-121.6285,38.1053],[-121.6395,38.0967],[-121.6395,38.088],[-121.6505,38.0967],[-121.6614,38.0967],[-121.6724,38.0967],[-121.6834,38.0967],[-121.6834,38.088],[-121.6724,38.088],[-121.6614,38.0967],[-121.6614,38.088],[-121.6505,38.088],[-121.6395,38.088],[-121.6285,38.088],[-121.6285,38.0967],[-121.6175,38.0967],[-121.6065,38.0967],[-121.5956,38.0967],[-121.5846,38.0967],[-121.5846,38.088],[-121.5846,38.0794],[-121.5736,38.0707],[-121.5846,38.0707],[-121.5846,38.0621],[-121.5956,38.0621],[-121.6065,38.0621],[-121.6175,38.0534],[-121.6175,38.0621],[-121.6285,38.0621],[-121.6285,38.0534],[-121.6395,38.0448],[-121.6395,38.0362],[-121.6285,38.0362],[-121.6175,38.0275],[-121.6065,38.0189]]],[[[-121.5187,38.0189],[-121.5078,38.0189],[-121.5078,38.0275],[-121.5187,38.0189]]],[[[-121.5297,38.0275],[-121.5187,38.0275],[-121.5187,38.0362],[-121.5297,38.0362],[-121.5297,38.0275]]],[[[-121.4858,38.0362],[-121.4748,38.0448],[-121.4638,38.0448],[-121.4638,38.0534],[-121.4529,38.0362],[-121.4419,38.0362],[-121.4309,38.0362],[-121.4199,38.0448],[-121.4199,38.0362],[-121.409,38.0362],[-121.409,38.0448],[-121.4199,38.0448],[-121.4309,38.0448],[-121.4419,38.0448],[-121.4529,38.0448],[-121.4529,38.0534],[-121.4638,38.0534],[-121.4748,38.0448],[-121.4858,38.0448],[-121.4858,38.0362]]],[[[-122.0566,38.1571],[-122.0456,38.1571],[-122.0456,38.1657],[-122.0347,38.1657],[-122.0237,38.1657],[-122.0237,38.1744],[-122.0347,38.1744],[-122.0456,38.1744],[-122.0456,38.1657],[-122.0566,38.1571]]],[[[-122.0127,38.1744],[-122.0017,38.1744],[-122.0017,38.183],[-122.0127,38.183],[-122.0127,38.1744]]],[[[-121.8041,39.1515],[-121.7932,39.1515],[-121.7822,39.16],[-121.7712,39.177],[-121.7602,39.177],[-121.7493,39.177],[-121.7383,39.177],[-121.7163,39.2026],[-121.7053,39.2196],[-121.7163,39.2281],[-121.7383,39.2451],[-121.7493,39.2536],[-121.7383,39.2621],[-121.7493,39.2706],[-121.7493,39.2791],[-121.7712,39.2706],[-121.7932,39.2791],[-121.8041,39.2706],[-121.8151,39.2621],[-121.8261,39.2706],[-121.8371,39.2791],[-121.8481,39.2706],[-121.8481,39.2536],[-121.859,39.2536],[-121.87,39.2621],[-121.881,39.2536],[-121.881,39.2451],[-121.87,39.2281],[-121.881,39.2196],[-121.9029,39.2196],[-121.9029,39.2111],[-121.892,39.2026],[-121.87,39.194],[-121.8481,39.1855],[-121.8261,39.16],[-121.8041,39.1515]]]]},"properties":{"AQ_NAME":"Central Valley Aquifer System","ROCK_NAME":"Unconsolidated sand and gravel","ROCK_TYPE":100,"id":"aquifer-3","kind":"aquifer","nameJa":"セントラルバレー帯水層系"}},{"type":"Feature","geometry":{"type":"Polygon","coordinates":[[[-91.9126,31.8606],[-91.9236,31.8792],[-91.9346,31.9072],[-91.9346,31.9165],[-91.9456,31.9258],[-91.9566,31.9444],[-91.9675,31.9537],[-91.9895,31.9724],[-92.0224,32.0003],[-92.0554,32.0282],[-92.0773,32.0654],[-92.1102,32.112],[-92.1432,32.1677],[-92.1651,32.2327],[-92.1651,32.2792],[-92.1651,32.2977],[-92.1651,32.3163],[-92.1761,32.3256],[-92.1761,32.3441],[-92.1981,32.3905],[-92.1981,32.409],[-92.209,32.4368],[-92.209,32.4461],[-92.209,32.4553],[-92.209,32.4831],[-92.1981,32.4924],[-92.1871,32.5201],[-92.1871,32.5387],[-92.1871,32.5479],[-92.1981,32.5664],[-92.1981,32.5942],[-92.1871,32.6034],[-92.1871,32.6219],[-92.1761,32.6404],[-92.1761,32.6496],[-92.1651,32.6589],[-92.1651,32.6681],[-92.1541,32.6958],[-92.1432,32.7051],[-92.1322,32.7328],[-92.1212,32.7697],[-92.1322,32.8159],[-92.1432,32.8527],[-92.1651,32.8896],[-92.1761,32.8988],[-92.1871,32.9173],[-92.1871,32.9449],[-92.1871,32.9541],[-92.1981,33.0094],[-92.231,33.0554],[-92.2529,33.1106],[-92.2529,33.1657],[-92.2749,33.1749],[-92.2969,33.2025],[-92.3188,33.2117],[-92.3847,33.2484],[-92.4176,33.2484],[-92.4505,33.2484],[-92.4176,33.2668],[-92.3737,33.3035],[-92.3188,33.331],[-92.209,33.3126],[-92.1761,33.331],[-92.0883,33.3677],[-92.0224,33.3768],[-92.0114,33.386],[-92.0005,33.386],[-91.9895,33.386],[-91.9566,33.386],[-91.9236,33.3585],[-91.8907,33.3035],[-91.8578,33.2668],[-91.8578,33.2484],[-91.8468,33.2392],[-91.8358,33.2392],[-91.8138,33.2484],[-91.8029,33.2759],[-91.7699,33.3218],[-91.759,33.3585],[-91.748,33.386],[-91.748,33.4135],[-91.759,33.4501],[-91.759,33.4868],[-91.759,33.5234],[-91.759,33.56],[-91.7699,33.6148],[-91.7699,33.6331],[-91.7699,33.6605],[-91.7699,33.6697],[-91.7699,33.6971],[-91.759,33.7701],[-91.7699,33.834],[-91.7699,33.8431],[-91.7809,33.8978],[-91.7919,33.9524],[-91.8248,33.9888],[-91.8358,33.9979],[-91.8468,34.007],[-91.8687,33.9979],[-91.8907,33.9979],[-91.9346,34.0252],[-91.9785,34.0525],[-92.0224,34.098],[-92.0444,34.1343],[-92.0554,34.1525],[-92.0663,34.1616],[-92.0663,34.1707],[-92.0773,34.1798],[-92.0993,34.207],[-92.1432,34.2887],[-92.1651,34.3521],[-92.1761,34.3884],[-92.1651,34.4337],[-92.1651,34.4427],[-92.1871,34.497],[-92.22,34.5422],[-92.22,34.5603],[-92.231,34.5874],[-92.231,34.6236],[-92.242,34.6597],[-92.209,34.6778],[-92.1981,34.6868],[-92.1981,34.7139],[-92.231,34.7229],[-92.2529,34.7139],[-92.2749,34.7048],[-92.2859,34.7139],[-92.2639,34.7319],[-92.2529,34.7409],[-92.2529,34.759],[-92.242,34.768],[-92.231,34.768],[-92.22,34.777],[-92.1981,34.795],[-92.1761,34.804],[-92.1541,34.8131],[-92.1322,34.8221],[-92.0993,34.8401],[-92.0883,34.8671],[-92.0773,34.8851],[-92.0663,34.8941],[-92.0554,34.8941],[-92.0554,34.8851],[-92.0444,34.8671],[-92.0444,34.8581],[-92.0224,34.8491],[-92.0114,34.8581],[-92.0005,34.8671],[-91.9675,34.8851],[-91.9346,34.8941],[-91.9126,34.8941],[-91.8907,34.8941],[-91.8797,34.8851],[-91.8578,34.8761],[-91.8468,34.8671],[-91.8248,34.8581],[-91.8029,34.8491],[-91.7699,34.8581],[-91.748,34.9031],[-91.737,34.9301],[-91.726,34.9661],[-91.7151,34.9931],[-91.7151,35.0111],[-91.726,35.0111],[-91.748,35.0111],[-91.7919,35.0021],[-91.8138,34.9931],[-91.8578,34.9841],[-91.8907,34.9841],[-91.9236,34.9931],[-91.9456,35.0021],[-91.9675,35.0021],[-91.9785,35.0111],[-91.9895,35.0201],[-91.9785,35.0291],[-91.9785,35.0381],[-91.9785,35.0471],[-91.9785,35.056],[-91.9675,35.065],[-91.9456,35.065],[-91.9346,35.065],[-91.9236,35.074],[-91.9126,35.083],[-91.9017,35.092],[-91.8907,35.1099],[-91.8797,35.1189],[-91.8687,35.1369],[-91.8358,35.1638],[-91.8029,35.1817],[-91.7699,35.1997],[-91.737,35.2087],[-91.7151,35.2176],[-91.6931,35.2356],[-91.6711,35.2445],[-91.6602,35.2535],[-91.6492,35.2625],[-91.6382,35.2714],[-91.6272,35.2714],[-91.6163,35.2804],[-91.6053,35.2893],[-91.5943,35.2893],[-91.5833,35.3073],[-91.5723,35.3162],[-91.5614,35.3252],[-91.5504,35.3341],[-91.5394,35.3341],[-91.5394,35.3431],[-91.5284,35.3431],[-91.5175,35.352],[-91.5065,35.352],[-91.4955,35.361],[-91.4845,35.361],[-91.4845,35.3699],[-91.4735,35.3699],[-91.4735,35.3789],[-91.4626,35.3789],[-91.4516,35.3878],[-91.4406,35.4057],[-91.4187,35.4236],[-91.4077,35.4415],[-91.3967,35.4683],[-91.3967,35.4862],[-91.3967,35.5041],[-91.4077,35.522],[-91.4187,35.5309],[-91.4296,35.5488],[-91.4296,35.5666],[-91.4406,35.5845],[-91.4406,35.6023],[-91.4516,35.6113],[-91.4735,35.6202],[-91.4845,35.6291],[-91.4955,35.6291],[-91.5065,35.6291],[-91.5175,35.638],[-91.5175,35.647],[-91.5175,35.6559],[-91.5065,35.6648],[-91.4955,35.6737],[-91.4735,35.6826],[-91.4516,35.6915],[-91.4296,35.7005],[-91.4187,35.7094],[-91.4077,35.7183],[-91.3967,35.7183],[-91.3857,35.7272],[-91.3638,35.745],[-91.3638,35.7539],[-91.3528,35.7628],[-91.3418,35.7896],[-91.3308,35.7985],[-91.3308,35.8074],[-91.3308,35.8163],[-91.3199,35.8252],[-91.3199,35.8341],[-91.3089,35.8519],[-91.3089,35.8608],[-91.2979,35.8697],[-91.2869,35.8874],[-91.2869,35.8963],[-91.2869,35.9141],[-91.2869,35.923],[-91.276,35.9319],[-91.265,35.9497],[-91.254,35.9586],[-91.243,35.9674],[-91.2211,35.9852],[-91.1881,36.003],[-91.1662,36.0296],[-91.1442,36.0562],[-91.1223,36.074],[-91.1113,36.0917],[-91.1113,36.1006],[-91.1113,36.1095],[-91.1113,36.1183],[-91.1003,36.1272],[-91.0893,36.1361],[-91.0784,36.1627],[-91.0674,36.1715],[-91.0564,36.1892],[-91.0454,36.207],[-91.0235,36.2158],[-91.0015,36.2512],[-90.9686,36.2866],[-90.9247,36.322],[-90.9027,36.3397],[-90.8698,36.3662],[-90.8369,36.4104],[-90.8149,36.4281],[-90.8149,36.4369],[-90.8039,36.4634],[-90.793,36.4722],[-90.782,36.4899],[-90.782,36.4987],[-90.771,36.4987],[-90.76,36.5075],[-90.749,36.5164],[-90.7381,36.5252],[-90.7271,36.534],[-90.7051,36.5428],[-90.6942,36.5605],[-90.6832,36.5605],[-90.6612,36.5693],[-90.6393,36.5781],[-90.6173,36.5869],[-90.6063,36.5957],[-90.5844,36.6045],[-90.5624,36.6134],[-90.5514,36.6222],[-90.5295,36.631],[-90.5075,36.6398],[-90.4966,36.6486],[-90.4746,36.6574],[-90.4527,36.675],[-90.4307,36.6838],[-90.4197,36.7014],[-90.4087,36.7102],[-90.3978,36.7278],[-90.3868,36.7366],[-90.3758,36.7454],[-90.3758,36.7542],[-90.3648,36.763],[-90.3648,36.7718],[-90.3648,36.7806],[-90.3539,36.7894],[-90.3319,36.7982],[-90.3319,36.807],[-90.3099,36.8157],[-90.299,36.8245],[-90.288,36.8333],[-90.288,36.8509],[-90.277,36.8597],[-90.277,36.8772],[-90.277,36.8948],[-90.266,36.9036],[-90.2551,36.9124],[-90.2441,36.9124],[-90.2331,36.9124],[-90.2111,36.9124],[-90.2002,36.9036],[-90.1892,36.9124],[-90.1672,36.9124],[-90.1453,36.9211],[-90.1233,36.9299],[-90.1124,36.9475],[-90.0904,36.9562],[-90.0794,36.965],[-90.0575,36.9738],[-90.0465,36.9825],[-90.0355,36.9913],[-90.0136,37.0001],[-89.9916,37.0088],[-89.9806,37.0088],[-89.9696,37.0176],[-89.9477,37.0264],[-89.9257,37.0351],[-89.9038,37.0439],[-89.8818,37.0527],[-89.8599,37.0614],[-89.8379,37.0614],[-89.8269,37.0702],[-89.805,37.0702],[-89.794,37.0789],[-89.7721,37.0789],[-89.7501,37.0789],[-89.7281,37.0877],[-89.7172,37.0877],[-89.7062,37.0964],[-89.6952,37.1052],[-89.6842,37.114],[-89.6733,37.114],[-89.6513,37.1227],[-89.6403,37.1315],[-89.6184,37.1315],[-89.6074,37.1315],[-89.5854,37.1402],[-89.5525,37.149],[-89.5086,37.1577],[-89.4537,37.1577],[-89.4318,37.1665],[-89.4208,37.1665],[-89.3988,37.1665],[-89.3769,37.1665],[-89.3659,37.1665],[-89.333,37.1665],[-89.322,37.1752],[-89.311,37.1752],[-89.3,37.184],[-89.289,37.184],[-89.2561,37.1577],[-89.2342,37.1577],[-89.2232,37.1577],[-89.1793,37.149],[-89.1573,37.1577],[-89.0915,37.149],[-89.1024,37.149],[-89.1024,37.1402],[-89.1024,37.1315],[-89.1024,37.1227],[-89.1134,37.114],[-89.1024,37.1052],[-89.1024,37.0964],[-89.1024,37.0877],[-89.1024,37.0789],[-89.0915,37.0702],[-89.0805,37.0614],[-89.0805,37.0439],[-89.0805,37.0088],[-89.0695,36.9913],[-89.0695,36.9738],[-89.0695,36.965],[-89.0695,36.9562],[-89.0695,36.9387],[-89.0695,36.9299],[-89.0695,36.9124],[-89.0805,36.9036],[-89.0805,36.886],[-89.0805,36.8772],[-89.0805,36.8597],[-89.0915,36.8421],[-89.0915,36.8333],[-89.0805,36.8245],[-89.0805,36.807],[-89.0915,36.7982],[-89.0805,36.7982],[-89.0805,36.7806],[-89.0805,36.7718],[-89.0805,36.763],[-89.0915,36.7278],[-89.0915,36.7102],[-89.1024,36.675],[-89.1134,36.6662],[-89.1134,36.6574],[-89.1354,36.6398],[-89.1354,36.631],[-89.1683,36.5957],[-89.1683,36.5869],[-89.1793,36.5693],[-89.1902,36.5605],[-89.1902,36.5516],[-89.2122,36.534],[-89.2342,36.5252],[-89.2451,36.5164],[-89.2671,36.4987],[-89.2781,36.4811],[-89.289,36.4722],[-89.311,36.4369],[-89.322,36.4281],[-89.333,36.4104],[-89.3439,36.3928],[-89.3659,36.3751],[-89.3659,36.3662],[-89.3659,36.3574],[-89.3988,36.322],[-89.3988,36.3132],[-89.4098,36.3043],[-89.4098,36.2955],[-89.4098,36.2778],[-89.4208,36.2601],[-89.4208,36.2424],[-89.4098,36.2335],[-89.4208,36.2247],[-89.4208,36.207],[-89.4208,36.1892],[-89.4318,36.1804],[-89.4318,36.1715],[-89.4318,36.1627],[-89.4427,36.1538],[-89.4537,36.1272],[-89.4537,36.1183],[-89.4647,36.0917],[-89.4647,36.0829],[-89.4757,36.074],[-89.4757,36.0651],[-89.4757,36.0562],[-89.4757,36.0474],[-89.4647,36.0385],[-89.4537,36.0385],[-89.4427,36.0296],[-89.4318,36.0207],[-89.4208,36.0207],[-89.4098,36.0119],[-89.3988,36.003],[-89.3988,35.9941],[-89.3878,35.9763],[-89.3878,35.9674],[-89.3988,35.9586],[-89.4208,35.9408],[-89.4318,35.9408],[-89.4647,35.9408],[-89.4757,35.9408],[-89.4866,35.9319],[-89.4976,35.9141],[-89.5086,35.9141],[-89.5086,35.9052],[-89.5305,35.8874],[-89.5415,35.8697],[-89.5525,35.8697],[-89.5635,35.8519],[-89.5745,35.843],[-89.5854,35.8252],[-89.6184,35.7896],[-89.6293,35.7807],[-89.6403,35.7717],[-89.6623,35.7361],[-89.6733,35.7361],[-89.6952,35.7183],[-89.7062,35.7094],[-89.7172,35.7005],[-89.7281,35.6915],[-89.7281,35.6826],[-89.7501,35.6737],[-89.7611,35.647],[-89.7721,35.647],[-89.783,35.647],[-89.783,35.638],[-89.794,35.6202],[-89.816,35.6023],[-89.8269,35.5845],[-89.8379,35.5756],[-89.8379,35.5666],[-89.8489,35.5666],[-89.8489,35.5577],[-89.8599,35.5488],[-89.8708,35.5398],[-89.8818,35.522],[-89.8928,35.513],[-89.8928,35.5041],[-89.9038,35.4952],[-89.9148,35.4862],[-89.9148,35.4773],[-89.9257,35.4683],[-89.9367,35.4505],[-89.9477,35.4415],[-89.9587,35.4147],[-89.9696,35.4147],[-89.9696,35.4057],[-89.9696,35.3968],[-89.9806,35.3878],[-89.9806,35.3789],[-89.9806,35.3699],[-89.9916,35.352],[-89.9916,35.3431],[-89.9916,35.3341],[-89.9916,35.3252],[-89.9916,35.3162],[-90.0026,35.3073],[-90.0026,35.2983],[-90.0026,35.2714],[-90.0026,35.2445],[-90.0026,35.2356],[-90.0136,35.2266],[-90.0136,35.2176],[-90.0136,35.2087],[-90.0136,35.1997],[-90.0136,35.1817],[-90.0245,35.1728],[-90.0245,35.1638],[-90.0245,35.1458],[-90.0355,35.1279],[-90.0465,35.101],[-90.0465,35.092],[-90.0465,35.074],[-90.0575,35.074],[-90.0575,35.065],[-90.0575,35.056],[-90.0684,35.0471],[-90.0684,35.0381],[-90.0684,35.0291],[-90.0794,35.0201],[-90.0794,35.0111],[-90.0904,35.0021],[-90.1014,35.0021],[-90.1124,35.0021],[-90.1343,35.0021],[-90.1453,35.0021],[-90.1453,34.9931],[-90.1453,34.9841],[-90.1453,34.9751],[-90.1453,34.9661],[-90.1563,34.9571],[-90.1563,34.9481],[-90.1672,34.9301],[-90.1782,34.9031],[-90.1892,34.8761],[-90.2002,34.8401],[-90.2111,34.804],[-90.2111,34.777],[-90.2111,34.768],[-90.2111,34.7409],[-90.2111,34.7229],[-90.2002,34.7048],[-90.2002,34.6597],[-90.1892,34.6236],[-90.1892,34.5965],[-90.2002,34.5694],[-90.2002,34.5513],[-90.2002,34.5332],[-90.1892,34.5151],[-90.1892,34.5061],[-90.1782,34.4789],[-90.1782,34.4518],[-90.1672,34.4246],[-90.1672,34.4155],[-90.1672,34.3974],[-90.1563,34.3884],[-90.1563,34.3793],[-90.1453,34.3703],[-90.1233,34.3431],[-90.1014,34.3249],[-90.0794,34.3159],[-90.0575,34.3068],[-90.0465,34.2977],[-90.0465,34.2887],[-90.0575,34.2615],[-90.0794,34.2342],[-90.0794,34.2161],[-90.0684,34.1979],[-90.0575,34.1888],[-90.0465,34.1798],[-90.0465,34.1707],[-90.0575,34.1343],[-90.0684,34.0889],[-90.0684,34.0616],[-90.0684,34.0434],[-90.0575,34.0252],[-90.0465,33.9979],[-90.0465,33.9797],[-90.0465,33.9706],[-90.0575,33.9433],[-90.0465,33.8978],[-90.0465,33.8613],[-90.0465,33.8157],[-90.0355,33.7975],[-90.0136,33.7792],[-90.0136,33.761],[-90.0245,33.7427],[-90.0355,33.7245],[-90.0355,33.7062],[-90.0355,33.6788],[-90.0245,33.6605],[-90.0245,33.6423],[-90.0355,33.624],[-90.0465,33.6057],[-90.0465,33.5874],[-90.0465,33.5691],[-90.0465,33.56],[-90.0355,33.5325],[-90.0355,33.5051],[-90.0355,33.4959],[-90.0355,33.4776],[-90.0575,33.4684],[-90.0794,33.4501],[-90.0794,33.441],[-90.0904,33.4318],[-90.1014,33.4227],[-90.1124,33.4135],[-90.1124,33.4043],[-90.1233,33.4043],[-90.1233,33.3952],[-90.1343,33.3952],[-90.1343,33.386],[-90.1453,33.3768],[-90.1563,33.3677],[-90.1563,33.3585],[-90.1453,33.3493],[-90.1453,33.331],[-90.1563,33.3126],[-90.1453,33.2851],[-90.1453,33.2668],[-90.1563,33.2392],[-90.1563,33.23],[-90.1672,33.2025],[-90.1892,33.1382],[-90.2111,33.1014],[-90.2221,33.083],[-90.2331,33.0462],[-90.266,33.0094],[-90.277,32.9725],[-90.299,32.9633],[-90.299,32.9449],[-90.3099,32.9449],[-90.3209,32.9357],[-90.3319,32.9265],[-90.3539,32.9173],[-90.3539,32.9081],[-90.3648,32.8988],[-90.3868,32.8804],[-90.3978,32.8712],[-90.3978,32.8527],[-90.4087,32.8435],[-90.4197,32.8251],[-90.4197,32.8159],[-90.4417,32.7882],[-90.4746,32.7513],[-90.4966,32.7235],[-90.5185,32.6958],[-90.5295,32.6774],[-90.5514,32.6681],[-90.5624,32.6496],[-90.5734,32.6404],[-90.5734,32.6311],[-90.5844,32.6219],[-90.5844,32.6127],[-90.5954,32.5942],[-90.6063,32.5849],[-90.6283,32.5757],[-90.6502,32.5664],[-90.6722,32.5479],[-90.6942,32.5294],[-90.7161,32.5201],[-90.7271,32.5109],[-90.7381,32.5016],[-90.749,32.4924],[-90.76,32.4831],[-90.771,32.4739],[-90.771,32.4646],[-90.782,32.4646],[-90.793,32.4553],[-90.793,32.4461],[-90.8039,32.4461],[-90.8039,32.4368],[-90.8149,32.4275],[-90.8149,32.4183],[-90.8259,32.409],[-90.8259,32.3997],[-90.8369,32.3905],[-90.8478,32.3905],[-90.8478,32.3719],[-90.8588,32.3719],[-90.8588,32.3627],[-90.8698,32.3534],[-90.8698,32.3441],[-90.8698,32.3348],[-90.8808,32.3163],[-90.8917,32.307],[-90.8917,32.2977],[-90.9027,32.2884],[-90.9027,32.2792],[-90.9137,32.2699],[-90.9137,32.2606],[-90.9137,32.2513],[-90.9137,32.242],[-90.9247,32.2235],[-90.9247,32.2049],[-90.9357,32.2049],[-90.9357,32.1863],[-91.0564,32.1491],[-91.1881,32.112],[-91.276,32.0748],[-91.3857,32.0189],[-91.4516,31.991],[-91.5065,31.9631],[-91.6602,31.9072],[-91.7041,31.8978],[-91.737,31.8885],[-91.7699,31.8792],[-91.8138,31.8792],[-91.8358,31.8699],[-91.8578,31.8699],[-91.8797,31.8699],[-91.9126,31.8606]],[[-90.6612,34.5332],[-90.6393,34.5332],[-90.6393,34.5422],[-90.6283,34.5513],[-90.6393,34.5603],[-90.6393,34.5694],[-90.6393,34.5784],[-90.6502,34.6145],[-90.6612,34.6507],[-90.6722,34.6687],[-90.6942,34.7048],[-90.7161,34.7229],[-90.7381,34.7319],[-90.749,34.7319],[-90.749,34.7229],[-90.749,34.7139],[-90.749,34.6958],[-90.749,34.6778],[-90.7381,34.6778],[-90.7271,34.6507],[-90.7271,34.6236],[-90.7161,34.6055],[-90.7051,34.5874],[-90.6942,34.5694],[-90.6832,34.5513],[-90.6722,34.5422],[-90.6612,34.5332]],[[-90.749,34.9121],[-90.7381,34.9121],[-90.7271,34.9211],[-90.7271,34.9301],[-90.7271,34.9481],[-90.7381,34.9571],[-90.7381,34.9751],[-90.7381,35.0021],[-90.7381,35.0201],[-90.7271,35.056],[-90.7161,35.1099],[-90.6942,35.1728],[-90.6942,35.1907],[-90.6942,35.2176],[-90.7051,35.2356],[-90.7161,35.2445],[-90.7051,35.2714],[-90.7051,35.2983],[-90.6942,35.3431],[-90.6832,35.3699],[-90.6832,35.3968],[-90.6722,35.4057],[-90.6832,35.4057],[-90.6832,35.4147],[-90.6832,35.4236],[-90.6832,35.4326],[-90.6832,35.4505],[-90.6832,35.4683],[-90.6832,35.4773],[-90.6722,35.5041],[-90.6722,35.522],[-90.6722,35.5309],[-90.6832,35.5488],[-90.6832,35.5577],[-90.6722,35.5756],[-90.6722,35.6023],[-90.6722,35.6202],[-90.6722,35.638],[-90.6722,35.647],[-90.6722,35.6559],[-90.6722,35.6648],[-90.6722,35.6826],[-90.6722,35.7005],[-90.6722,35.7272],[-90.6722,35.7628],[-90.6832,35.7896],[-90.6832,35.8074],[-90.6722,35.8163],[-90.6722,35.8252],[-90.6393,35.8608],[-90.6283,35.8697],[-90.6173,35.8786],[-90.5954,35.9052],[-90.5844,35.9319],[-90.5734,35.9586],[-90.5514,35.9941],[-90.5295,36.0207],[-90.5075,36.0385],[-90.4856,36.0651],[-90.4856,36.0829],[-90.4746,36.1095],[-90.4636,36.1183],[-90.4636,36.1272],[-90.4527,36.1449],[-90.4417,36.1449],[-90.4307,36.1538],[-90.4087,36.1715],[-90.4087,36.1804],[-90.4087,36.1892],[-90.3978,36.1981],[-90.3978,36.207],[-90.3978,36.2158],[-90.3868,36.2247],[-90.3758,36.2335],[-90.3539,36.2512],[-90.3209,36.2601],[-90.288,36.2778],[-90.266,36.2955],[-90.2551,36.3132],[-90.2441,36.3309],[-90.2441,36.3397],[-90.2221,36.3574],[-90.2002,36.3839],[-90.1782,36.4193],[-90.1782,36.4458],[-90.1782,36.4722],[-90.1782,36.4811],[-90.1892,36.4811],[-90.2002,36.4811],[-90.2221,36.4722],[-90.2331,36.4634],[-90.2441,36.4458],[-90.277,36.4369],[-90.299,36.4281],[-90.3319,36.4193],[-90.3539,36.4016],[-90.3758,36.3928],[-90.3758,36.3839],[-90.3978,36.3662],[-90.4197,36.3309],[-90.4307,36.3309],[-90.4527,36.2955],[-90.4746,36.2689],[-90.5075,36.2512],[-90.5405,36.2335],[-90.5844,36.2158],[-90.6063,36.1981],[-90.6063,36.1892],[-90.6283,36.1804],[-90.6393,36.1627],[-90.6502,36.1627],[-90.6502,36.1538],[-90.6502,36.1361],[-90.6612,36.1183],[-90.6832,36.0829],[-90.6942,36.0562],[-90.7161,36.0207],[-90.749,35.9941],[-90.782,35.9586],[-90.8039,35.9408],[-90.8369,35.8786],[-90.8369,35.843],[-90.8369,35.8163],[-90.8149,35.7896],[-90.793,35.7717],[-90.782,35.7628],[-90.76,35.745],[-90.749,35.7361],[-90.7271,35.7183],[-90.7161,35.7005],[-90.7161,35.6826],[-90.7051,35.6648],[-90.7161,35.647],[-90.7161,35.638],[-90.7161,35.6291],[-90.7161,35.6202],[-90.7161,35.6023],[-90.7271,35.5756],[-90.7381,35.5309],[-90.76,35.4862],[-90.771,35.4505],[-90.771,35.4147],[-90.76,35.3878],[-90.771,35.352],[-90.782,35.2983],[-90.793,35.2535],[-90.8039,35.2176],[-90.793,35.1997],[-90.782,35.1728],[-90.793,35.1458],[-90.8039,35.101],[-90.8039,35.083],[-90.8039,35.0471],[-90.8039,35.0201],[-90.793,34.9841],[-90.782,34.9571],[-90.771,34.9391],[-90.771,34.9301],[-90.76,34.9211],[-90.749,34.9121]]]},"properties":{"AQ_NAME":"Mississippi River Valley Alluvial Aquifer","ROCK_NAME":"Unconsolidated sand and gravel","ROCK_TYPE":100,"id":"aquifer-4","kind":"aquifer","nameJa":"ミシシッピ川谷沖積帯水層"}},{"type":"Feature","geometry":{"type":"Polygon","coordinates":[[[-87.1814,31.5243],[-87.1704,31.5243],[-87.1594,31.5243],[-87.1484,31.5243],[-87.1375,31.5243],[-87.1375,31.5149],[-87.1265,31.5149],[-87.1155,31.5149],[-87.1045,31.5149],[-87.0936,31.5056],[-87.0826,31.5056],[-87.0716,31.5056],[-87.0606,31.5056],[-87.0497,31.5056],[-87.0387,31.5056],[-87.0277,31.5056],[-87.0057,31.4962],[-86.9948,31.4962],[-86.9838,31.4869],[-86.9728,31.4869],[-86.9618,31.4775],[-86.9509,31.4775],[-86.9399,31.4775],[-86.9289,31.4681],[-86.9179,31.4681],[-86.9069,31.4681],[-86.9069,31.4588],[-86.896,31.4588],[-86.885,31.4494],[-86.863,31.4494],[-86.863,31.4401],[-86.8411,31.4401],[-86.8301,31.4401],[-86.8191,31.4307],[-86.8081,31.4213],[-86.7972,31.4213],[-86.7972,31.4119],[-86.7862,31.4119],[-86.7752,31.4026],[-86.7642,31.3932],[-86.7642,31.3838],[-86.7533,31.3838],[-86.7423,31.3745],[-86.7313,31.3651],[-86.7313,31.3557],[-86.7203,31.3557],[-86.7203,31.3463],[-86.7094,31.3463],[-86.7094,31.337],[-86.6984,31.3276],[-86.6874,31.3276],[-86.6764,31.3276],[-86.6654,31.3276],[-86.6545,31.3276],[-86.6545,31.337],[-86.6435,31.337],[-86.6325,31.337],[-86.6325,31.3463],[-86.6215,31.3463],[-86.6215,31.3557],[-86.5996,31.3557],[-86.5886,31.3557],[-86.5776,31.3463],[-86.5666,31.3463],[-86.5557,31.3463],[-86.5447,31.3463],[-86.5337,31.337],[-86.5227,31.337],[-86.5118,31.337],[-86.5008,31.337],[-86.4898,31.337],[-86.4678,31.337],[-86.4569,31.337],[-86.4459,31.337],[-86.4349,31.337],[-86.4349,31.3463],[-86.4239,31.3463],[-86.413,31.3463],[-86.402,31.337],[-86.391,31.337],[-86.38,31.3276],[-86.3691,31.3182],[-86.3581,31.3088],[-86.3581,31.2995],[-86.3471,31.2901],[-86.3361,31.2807],[-86.3251,31.2713],[-86.3142,31.2619],[-86.3032,31.2619],[-86.3032,31.2525],[-86.2922,31.2525],[-86.2812,31.2525],[-86.2812,31.2432],[-86.2703,31.2432],[-86.2593,31.2432],[-86.2483,31.2432],[-86.2373,31.2338],[-86.2263,31.2338],[-86.2044,31.2244],[-86.1934,31.2244],[-86.1934,31.215],[-86.1824,31.2056],[-86.1715,31.1962],[-86.1605,31.1962],[-86.1495,31.1868],[-86.1385,31.1774],[-86.1275,31.1774],[-86.1166,31.1681],[-86.1056,31.1587],[-86.0946,31.1587],[-86.0836,31.1493],[-86.0727,31.1493],[-86.0617,31.1399],[-86.0507,31.1399],[-86.0397,31.1305],[-86.0288,31.1305],[-86.0178,31.1305],[-86.0068,31.1305],[-85.9958,31.1211],[-85.9848,31.1211],[-85.9739,31.1211],[-85.9629,31.1211],[-85.9519,31.1211],[-85.9409,31.1211],[-85.93,31.1211],[-85.919,31.1211],[-85.908,31.1211],[-85.897,31.1211],[-85.886,31.1211],[-85.8751,31.1211],[-85.8641,31.1211],[-85.8531,31.1211],[-85.8531,31.1305],[-85.8421,31.1305],[-85.8312,31.1305],[-85.8092,31.1399],[-85.7982,31.1399],[-85.7873,31.1399],[-85.7763,31.1399],[-85.7653,31.1493],[-85.7543,31.1493],[-85.7324,31.1493],[-85.7214,31.1587],[-85.7104,31.1587],[-85.6994,31.1587],[-85.6885,31.1587],[-85.6775,31.1681],[-85.6665,31.1681],[-85.6555,31.1774],[-85.6445,31.1774],[-85.6445,31.1868],[-85.6555,31.1962],[-85.6665,31.1962],[-85.6775,31.2056],[-85.6665,31.2056],[-85.6665,31.215],[-85.6555,31.215],[-85.6445,31.215],[-85.6336,31.2056],[-85.6226,31.2056],[-85.6116,31.2056],[-85.6006,31.2056],[-85.5897,31.2056],[-85.5897,31.215],[-85.5787,31.215],[-85.5677,31.215],[-85.5567,31.215],[-85.5567,31.2244],[-85.5457,31.215],[-85.5457,31.2056],[-85.5457,31.1962],[-85.5348,31.1962],[-85.5238,31.2056],[-85.5128,31.2056],[-85.5128,31.1962],[-85.5018,31.1962],[-85.4909,31.1962],[-85.4799,31.1868],[-85.4689,31.1868],[-85.4579,31.1868],[-85.447,31.1868],[-85.436,31.1962],[-85.425,31.1962],[-85.414,31.2056],[-85.403,31.215],[-85.3921,31.215],[-85.3921,31.2244],[-85.3811,31.2244],[-85.3701,31.2338],[-85.3591,31.2338],[-85.3482,31.2338],[-85.3482,31.2432],[-85.3372,31.2338],[-85.3262,31.2432],[-85.3152,31.2432],[-85.3042,31.2432],[-85.2933,31.2432],[-85.2823,31.2432],[-85.2713,31.2432],[-85.2603,31.2432],[-85.2494,31.2432],[-85.2384,31.2432],[-85.2274,31.2432],[-85.2164,31.2432],[-85.2054,31.2338],[-85.1945,31.2338],[-85.1835,31.2338],[-85.1835,31.2244],[-85.1725,31.2244],[-85.1615,31.2244],[-85.1506,31.215],[-85.1396,31.2056],[-85.1286,31.2056],[-85.1286,31.1962],[-85.1176,31.1962],[-85.1176,31.1868],[-85.1067,31.1774],[-85.1067,31.1681],[-85.0957,31.1587],[-85.0957,31.1493],[-85.0847,31.1493],[-85.0847,31.1399],[-85.0737,31.1399],[-85.0737,31.1305],[-85.0627,31.1305],[-85.0518,31.1305],[-85.0518,31.1399],[-85.0408,31.1399],[-85.0408,31.1493],[-85.0408,31.1587],[-85.0408,31.1681],[-85.0518,31.1774],[-85.0518,31.1868],[-85.0518,31.1962],[-85.0518,31.2056],[-85.0408,31.215],[-85.0298,31.2244],[-85.0188,31.2338],[-85.0079,31.2432],[-85.0079,31.2525],[-84.9969,31.2525],[-84.9859,31.2619],[-84.9859,31.2713],[-84.9749,31.2713],[-84.9639,31.2807],[-84.9639,31.2901],[-84.953,31.2901],[-84.953,31.2995],[-84.942,31.2995],[-84.931,31.3088],[-84.92,31.3182],[-84.92,31.3276],[-84.9091,31.3276],[-84.8981,31.337],[-84.8871,31.3463],[-84.8871,31.3557],[-84.8761,31.3651],[-84.8651,31.3745],[-84.8542,31.3745],[-84.8542,31.3838],[-84.8432,31.3932],[-84.8432,31.4026],[-84.8322,31.4119],[-84.8322,31.4213],[-84.8212,31.4307],[-84.8103,31.4401],[-84.8103,31.4494],[-84.7993,31.4494],[-84.7993,31.4588],[-84.7883,31.4681],[-84.7773,31.4681],[-84.7773,31.4775],[-84.7664,31.4869],[-84.7554,31.4869],[-84.7554,31.4962],[-84.7444,31.5056],[-84.7334,31.5149],[-84.7224,31.5243],[-84.7115,31.5243],[-84.7005,31.5337],[-84.7005,31.543],[-84.6895,31.543],[-84.6785,31.5524],[-84.6785,31.5617],[-84.6676,31.5617],[-84.6566,31.5711],[-84.6456,31.5804],[-84.6346,31.5804],[-84.6236,31.5898],[-84.6127,31.5898],[-84.6017,31.5898],[-84.5907,31.5898],[-84.5907,31.5804],[-84.5797,31.5804],[-84.5797,31.5711],[-84.5797,31.5617],[-84.5688,31.5617],[-84.5688,31.5524],[-84.5578,31.543],[-84.5468,31.543],[-84.5358,31.543],[-84.5358,31.5524],[-84.5358,31.5617],[-84.5358,31.5711],[-84.5358,31.5804],[-84.5248,31.5898],[-84.5248,31.5991],[-84.5139,31.5991],[-84.5139,31.6085],[-84.5029,31.6085],[-84.4919,31.6178],[-84.4919,31.6272],[-84.4919,31.6365],[-84.4809,31.6459],[-84.4809,31.6552],[-84.4809,31.6646],[-84.4919,31.6646],[-84.4919,31.6739],[-84.4809,31.6832],[-84.4809,31.6926],[-84.4809,31.7019],[-84.4809,31.7113],[-84.47,31.7206],[-84.47,31.7299],[-84.459,31.7299],[-84.459,31.7393],[-84.448,31.7393],[-84.437,31.7486],[-84.4261,31.7486],[-84.4151,31.7579],[-84.4151,31.7673],[-84.4041,31.7673],[-84.3931,31.7766],[-84.3931,31.7859],[-84.3821,31.7859],[-84.3821,31.7953],[-84.3712,31.7953],[-84.3712,31.8046],[-84.3602,31.8046],[-84.3492,31.8139],[-84.3382,31.8233],[-84.3273,31.8326],[-84.3163,31.8419],[-84.3053,31.8512],[-84.2943,31.8606],[-84.2833,31.8699],[-84.2724,31.8699],[-84.2724,31.8792],[-84.2614,31.8792],[-84.2504,31.8885],[-84.2394,31.8885],[-84.2285,31.8885],[-84.2285,31.8978],[-84.2175,31.8978],[-84.2065,31.8978],[-84.1955,31.8978],[-84.1845,31.8885],[-84.1736,31.8885],[-84.1626,31.8978],[-84.1516,31.9072],[-84.1516,31.9165],[-84.1406,31.9258],[-84.1406,31.9351],[-84.1297,31.9351],[-84.1297,31.9444],[-84.1297,31.9537],[-84.1187,31.9537],[-84.1187,31.9631],[-84.1077,31.9631],[-84.1077,31.9724],[-84.0967,31.9724],[-84.0858,31.9817],[-84.0748,31.9817],[-84.0638,31.991],[-84.0528,31.991],[-84.0418,31.991],[-84.0418,32.0003],[-84.0309,32.0003],[-84.0199,32.0003],[-84.0089,32.0096],[-83.9979,32.0096],[-83.987,32.0189],[-83.976,32.0189],[-83.965,32.0189],[-83.965,32.0282],[-83.954,32.0282],[-83.943,32.0282],[-83.943,32.0375],[-83.9321,32.0375],[-83.9321,32.0468],[-83.9321,32.0561],[-83.9211,32.0561],[-83.9211,32.0654],[-83.9211,32.0748],[-83.9211,32.0841],[-83.9321,32.0841],[-83.9321,32.0934],[-83.9321,32.1027],[-83.943,32.112],[-83.943,32.1212],[-83.943,32.1305],[-83.954,32.1398],[-83.954,32.1491],[-83.954,32.1584],[-83.965,32.1677],[-83.965,32.177],[-83.954,32.177],[-83.954,32.1863],[-83.943,32.1956],[-83.943,32.2049],[-83.943,32.2142],[-83.9321,32.2142],[-83.9321,32.2327],[-83.9211,32.242],[-83.9211,32.2513],[-83.9101,32.2513],[-83.9101,32.2606],[-83.8991,32.2606],[-83.8991,32.2513],[-83.8991,32.242],[-83.8991,32.2327],[-83.8882,32.2235],[-83.8882,32.2327],[-83.8882,32.242],[-83.8772,32.242],[-83.8772,32.2513],[-83.8772,32.2606],[-83.8662,32.2606],[-83.8662,32.2513],[-83.8552,32.2513],[-83.8552,32.242],[-83.8442,32.242],[-83.8442,32.2513],[-83.8333,32.2513],[-83.8223,32.2513],[-83.8113,32.2513],[-83.8003,32.2513],[-83.7894,32.242],[-83.7894,32.2327],[-83.7894,32.2235],[-83.7894,32.2142],[-83.7894,32.2049],[-83.8003,32.1956],[-83.8003,32.1863],[-83.8003,32.177],[-83.8003,32.1677],[-83.8003,32.1584],[-83.8113,32.1584],[-83.8113,32.1491],[-83.8003,32.1491],[-83.8003,32.1398],[-83.8003,32.1305],[-83.7894,32.1305],[-83.7894,32.1212],[-83.7784,32.112],[-83.7784,32.1027],[-83.7674,32.0934],[-83.7564,32.0841],[-83.7564,32.0748],[-83.7455,32.0748],[-83.7455,32.0654],[-83.7345,32.0561],[-83.7345,32.0468],[-83.7235,32.0375],[-83.7125,32.0282],[-83.7125,32.0189],[-83.7015,32.0189],[-83.7015,32.0096],[-83.7015,32.0003],[-83.6906,32.0003],[-83.6906,31.991],[-83.6906,31.9817],[-83.6906,31.9724],[-83.7015,31.9724],[-83.7015,31.9631],[-83.7015,31.9537],[-83.7015,31.9444],[-83.7125,31.9444],[-83.7125,31.9351],[-83.7235,31.9351],[-83.7235,31.9258],[-83.7345,31.9165],[-83.7345,31.9072],[-83.7455,31.8978],[-83.7455,31.8885],[-83.7564,31.8885],[-83.7564,31.8792],[-83.7564,31.8699],[-83.7674,31.8699],[-83.7674,31.8606],[-83.7784,31.8512],[-83.7894,31.8419],[-83.7894,31.8326],[-83.8003,31.8233],[-83.8003,31.8139],[-83.8003,31.8046],[-83.8113,31.7953],[-83.8113,31.7859],[-83.8223,31.7766],[-83.8223,31.7673],[-83.8223,31.7579],[-83.8223,31.7486],[-83.8223,31.7393],[-83.8223,31.7299],[-83.8223,31.7206],[-83.8223,31.7113],[-83.8223,31.7019],[-83.8223,31.6926],[-83.8223,31.6832],[-83.8113,31.6832],[-83.8113,31.6739],[-83.8113,31.6646],[-83.8113,31.6552],[-83.8003,31.6552],[-83.8003,31.6459],[-83.8003,31.6365],[-83.8113,31.6272],[-83.8223,31.6272],[-83.8333,31.6272],[-83.8333,31.6365],[-83.8442,31.6365],[-83.8442,31.6459],[-83.8552,31.6459],[-83.8662,31.6459],[-83.8772,31.6552],[-83.8772,31.6459],[-83.8882,31.6459],[-83.8882,31.6365],[-83.8991,31.6365],[-83.8991,31.6272],[-83.8991,31.6178],[-83.9101,31.6178],[-83.9101,31.6085],[-83.9101,31.5991],[-83.9101,31.5898],[-83.9211,31.5804],[-83.9321,31.5711],[-83.9321,31.5617],[-83.9321,31.5524],[-83.943,31.5524],[-83.943,31.543],[-83.943,31.5337],[-83.943,31.5243],[-83.954,31.5149],[-83.965,31.5056],[-83.965,31.4962],[-83.976,31.4869],[-83.976,31.4775],[-83.987,31.4681],[-83.987,31.4588],[-83.987,31.4494],[-83.9979,31.4494],[-83.9979,31.4401],[-83.9979,31.4307],[-84.0089,31.4307],[-84.0089,31.4213],[-84.0089,31.4119],[-84.0199,31.4026],[-84.0199,31.3932],[-84.0199,31.3838],[-84.0199,31.3745],[-84.0199,31.3651],[-84.0089,31.3651],[-83.9979,31.3557],[-83.987,31.3463],[-83.976,31.337],[-83.976,31.3276],[-83.987,31.3276],[-83.987,31.3182],[-83.9979,31.3088],[-84.0089,31.3088],[-84.0199,31.3088],[-84.0309,31.3088],[-84.0309,31.3182],[-84.0418,31.3182],[-84.0528,31.3276],[-84.0638,31.3276],[-84.0748,31.3276],[-84.0748,31.337],[-84.0858,31.337],[-84.0967,31.3463],[-84.0967,31.337],[-84.0967,31.3276],[-84.1077,31.3182],[-84.1077,31.3088],[-84.1077,31.2995],[-84.1077,31.2901],[-84.1077,31.2807],[-84.1187,31.2713],[-84.1187,31.2619],[-84.1297,31.2525],[-84.1297,31.2432],[-84.1297,31.2338],[-84.1406,31.2338],[-84.1406,31.2244],[-84.1516,31.215],[-84.1516,31.2056],[-84.1626,31.1962],[-84.1736,31.1868],[-84.1736,31.1774],[-84.1845,31.1774],[-84.1845,31.1681],[-84.1955,31.1587],[-84.1955,31.1493],[-84.2065,31.1399],[-84.2065,31.1305],[-84.2175,31.1305],[-84.2175,31.1211],[-84.2285,31.1211],[-84.2285,31.1117],[-84.2285,31.1023],[-84.2394,31.1023],[-84.2394,31.0929],[-84.2504,31.0929],[-84.2504,31.0835],[-84.2614,31.0741],[-84.2724,31.0647],[-84.2833,31.0647],[-84.2833,31.0553],[-84.2943,31.0459],[-84.3053,31.0459],[-84.3053,31.0365],[-84.3163,31.0365],[-84.3273,31.0271],[-84.3382,31.0176],[-84.3492,31.0082],[-84.3492,30.9988],[-84.3602,30.9988],[-84.3712,30.9894],[-84.3712,30.98],[-84.3821,30.98],[-84.3821,30.9706],[-84.3931,30.9706],[-84.4041,30.9612],[-84.4041,30.9518],[-84.4151,30.9518],[-84.4261,30.9424],[-84.437,30.9329],[-84.448,30.9329],[-84.448,30.9235],[-84.459,30.9235],[-84.47,30.9141],[-84.4809,30.9047],[-84.4919,30.8953],[-84.5029,30.8953],[-84.5139,30.8858],[-84.5248,30.8858],[-84.5248,30.8764],[-84.5358,30.8764],[-84.5358,30.867],[-84.5468,30.867],[-84.5578,30.867],[-84.5578,30.8576],[-84.5688,30.8576],[-84.5688,30.8482],[-84.5797,30.8387],[-84.5907,30.8293],[-84.6017,30.8293],[-84.6127,30.8199],[-84.6127,30.8105],[-84.6236,30.8105],[-84.6346,30.8105],[-84.6346,30.801],[-84.6456,30.801],[-84.6456,30.7916],[-84.6566,30.7916],[-84.6566,30.7822],[-84.6676,30.7822],[-84.6785,30.7727],[-84.6895,30.7727],[-84.6895,30.7633],[-84.7005,30.7633],[-84.7005,30.7539],[-84.7115,30.7539],[-84.7224,30.7444],[-84.7334,30.735],[-84.7444,30.735],[-84.7554,30.7256],[-84.7664,30.7256],[-84.7664,30.7161],[-84.7773,30.7161],[-84.7883,30.7067],[-84.7883,30.6972],[-84.7993,30.6972],[-84.7993,30.6878],[-84.7993,30.6784],[-84.7993,30.6689],[-84.7883,30.6689],[-84.7883,30.6595],[-84.7993,30.65],[-84.7993,30.6406],[-84.8103,30.6406],[-84.8103,30.6311],[-84.8212,30.6311],[-84.8322,30.6217],[-84.8432,30.6123],[-84.8542,30.6123],[-84.8542,30.6028],[-84.8651,30.5934],[-84.8761,30.5839],[-84.8871,30.5745],[-84.8981,30.565],[-84.9091,30.565],[-84.9091,30.5556],[-84.92,30.5461],[-84.931,30.5461],[-84.931,30.5366],[-84.942,30.5272],[-84.942,30.5177],[-84.942,30.5083],[-84.953,30.5083],[-84.953,30.4988],[-84.9639,30.4988],[-84.9639,30.4894],[-84.9749,30.4799],[-84.9749,30.4704],[-84.9859,30.4704],[-84.9859,30.4799],[-84.9969,30.4799],[-85.0079,30.4894],[-85.0079,30.4988],[-85.0188,30.4988],[-85.0188,30.5083],[-85.0188,30.5177],[-85.0188,30.5272],[-85.0079,30.5366],[-84.9969,30.5461],[-84.9859,30.5556],[-84.9859,30.565],[-84.9749,30.5745],[-84.9749,30.5839],[-84.9749,30.5934],[-84.9749,30.6028],[-84.9749,30.6123],[-84.9859,30.6123],[-84.9969,30.6123],[-85.0079,30.6123],[-85.0188,30.6123],[-85.0298,30.6028],[-85.0408,30.6028],[-85.0408,30.5934],[-85.0518,30.5934],[-85.0627,30.5934],[-85.0737,30.5839],[-85.0847,30.5839],[-85.0957,30.5745],[-85.1067,30.5745],[-85.1067,30.565],[-85.1176,30.565],[-85.1286,30.565],[-85.1396,30.565],[-85.1506,30.565],[-85.1615,30.565],[-85.1725,30.5745],[-85.1835,30.5934],[-85.1835,30.6028],[-85.1945,30.6028],[-85.1945,30.6123],[-85.1945,30.6217],[-85.1945,30.6311],[-85.1945,30.6406],[-85.2054,30.6406],[-85.2054,30.65],[-85.2054,30.6595],[-85.2054,30.6689],[-85.2054,30.6784],[-85.2164,30.6878],[-85.2274,30.6972],[-85.2384,30.6972],[-85.2384,30.7067],[-85.2494,30.7067],[-85.2603,30.7067],[-85.2603,30.7161],[-85.2713,30.7161],[-85.2823,30.7161],[-85.2933,30.7161],[-85.3042,30.7067],[-85.3152,30.7067],[-85.3262,30.7067],[-85.3372,30.6972],[-85.3482,30.6972],[-85.3591,30.6878],[-85.3701,30.6878],[-85.3811,30.6784],[-85.3921,30.6784],[-85.403,30.6784],[-85.414,30.6784],[-85.414,30.6689],[-85.425,30.6689],[-85.436,30.6689],[-85.436,30.6595],[-85.447,30.6595],[-85.4579,30.65],[-85.4689,30.65],[-85.4799,30.65],[-85.4909,30.65],[-85.5018,30.65],[-85.5018,30.6595],[-85.5128,30.6595],[-85.5128,30.6689],[-85.5128,30.6784],[-85.5128,30.6878],[-85.5018,30.6972],[-85.5128,30.6972],[-85.5238,30.7067],[-85.5238,30.6972],[-85.5348,30.7067],[-85.5567,30.7067],[-85.5677,30.7161],[-85.5787,30.7161],[-85.5897,30.7256],[-85.6006,30.7256],[-85.6116,30.7256],[-85.6116,30.735],[-85.6226,30.7444],[-85.6226,30.7539],[-85.6116,30.7633],[-85.6226,30.7633],[-85.6226,30.7727],[-85.6226,30.7822],[-85.6226,30.7916],[-85.6226,30.801],[-85.6226,30.8105],[-85.6336,30.8105],[-85.6336,30.8199],[-85.6445,30.8199],[-85.6555,30.8199],[-85.6665,30.8199],[-85.6775,30.8199],[-85.6775,30.8105],[-85.6885,30.8105],[-85.6994,30.8105],[-85.6994,30.801],[-85.7104,30.801],[-85.7214,30.801],[-85.7214,30.7916],[-85.7324,30.7916],[-85.7433,30.7822],[-85.7543,30.7822],[-85.7653,30.7822],[-85.7763,30.7822],[-85.7873,30.7916],[-85.7982,30.7916],[-85.8092,30.7916],[-85.8202,30.7916],[-85.8312,30.801],[-85.8421,30.801],[-85.8421,30.8105],[-85.8531,30.8105],[-85.8531,30.8199],[-85.8641,30.8293],[-85.8751,30.8293],[-85.8751,30.8387],[-85.886,30.8387],[-85.886,30.8482],[-85.897,30.8576],[-85.908,30.867],[-85.908,30.8764],[-85.919,30.8764],[-85.919,30.8858],[-85.919,30.8953],[-85.919,30.9047],[-85.919,30.9141],[-85.919,30.9235],[-85.908,30.9329],[-85.908,30.9424],[-85.897,30.9424],[-85.897,30.9518],[-85.886,30.9518],[-85.886,30.9612],[-85.897,30.9706],[-85.908,30.9706],[-85.919,30.9706],[-85.919,30.9612],[-85.93,30.9612],[-85.9409,30.9612],[-85.9519,30.9518],[-85.9629,30.9518],[-85.9739,30.9518],[-85.9739,30.9424],[-85.9848,30.9424],[-85.9958,30.9424],[-86.0068,30.9424],[-86.0178,30.9424],[-86.0288,30.9424],[-86.0397,30.9424],[-86.0507,30.9424],[-86.0617,30.9424],[-86.0727,30.9424],[-86.0727,30.9518],[-86.0836,30.9518],[-86.0946,30.9612],[-86.0946,30.9706],[-86.1056,30.9706],[-86.1056,30.98],[-86.1166,30.9894],[-86.1166,30.9988],[-86.1275,31.0082],[-86.1275,31.0176],[-86.1385,31.0271],[-86.1385,31.0365],[-86.1495,31.0459],[-86.1495,31.0553],[-86.1605,31.0647],[-86.1605,31.0741],[-86.1715,31.0835],[-86.1824,31.0929],[-86.1824,31.1023],[-86.1934,31.1023],[-86.1934,31.1117],[-86.2044,31.1117],[-86.2044,31.1211],[-86.2154,31.1305],[-86.2263,31.1399],[-86.2263,31.1493],[-86.2373,31.1493],[-86.2483,31.1587],[-86.2593,31.1587],[-86.2703,31.1681],[-86.2703,31.1774],[-86.2812,31.1774],[-86.2922,31.1774],[-86.3032,31.1774],[-86.3142,31.1868],[-86.3251,31.1774],[-86.3361,31.1868],[-86.3471,31.1868],[-86.3471,31.1774],[-86.3581,31.1774],[-86.3581,31.1868],[-86.3691,31.1868],[-86.38,31.1774],[-86.391,31.1774],[-86.402,31.1774],[-86.402,31.1868],[-86.413,31.1868],[-86.4239,31.1868],[-86.4349,31.1962],[-86.4459,31.2056],[-86.4569,31.215],[-86.4569,31.2244],[-86.4569,31.2338],[-86.4678,31.2338],[-86.4678,31.2432],[-86.4788,31.2525],[-86.4898,31.2525],[-86.5008,31.2525],[-86.5118,31.2525],[-86.5227,31.2525],[-86.5227,31.2432],[-86.5337,31.2432],[-86.5447,31.2432],[-86.5557,31.2432],[-86.5557,31.2338],[-86.5666,31.2338],[-86.5776,31.2338],[-86.5776,31.2244],[-86.5996,31.2244],[-86.6106,31.2244],[-86.6106,31.215],[-86.6215,31.215],[-86.6325,31.215],[-86.6435,31.215],[-86.6545,31.215],[-86.6654,31.215],[-86.6764,31.215],[-86.6874,31.215],[-86.6984,31.215],[-86.6984,31.2056],[-86.7094,31.2056],[-86.7203,31.215],[-86.7203,31.2244],[-86.7313,31.2244],[-86.7423,31.2338],[-86.7533,31.2338],[-86.7533,31.2432],[-86.7642,31.2432],[-86.7752,31.2525],[-86.7862,31.2619],[-86.7972,31.2713],[-86.8081,31.2713],[-86.8191,31.2713],[-86.8191,31.2807],[-86.8301,31.2807],[-86.8411,31.2901],[-86.8521,31.2901],[-86.8521,31.2995],[-86.863,31.2995],[-86.874,31.3088],[-86.885,31.3088],[-86.896,31.3088],[-86.9069,31.3088],[-86.9069,31.3182],[-86.9179,31.3182],[-86.9289,31.3182],[-86.9399,31.3276],[-86.9509,31.3276],[-86.9509,31.337],[-86.9618,31.337],[-86.9728,31.337],[-86.9728,31.3463],[-86.9838,31.3463],[-86.9838,31.3557],[-86.9948,31.3557],[-87.0057,31.3651],[-87.0167,31.3745],[-87.0167,31.3838],[-87.0277,31.3838],[-87.0277,31.3932],[-87.0387,31.3932],[-87.0387,31.4026],[-87.0497,31.4026],[-87.0606,31.4119],[-87.0606,31.4213],[-87.0716,31.4213],[-87.0826,31.4213],[-87.0826,31.4307],[-87.0936,31.4307],[-87.1045,31.4307],[-87.1155,31.4401],[-87.1265,31.4494],[-87.1375,31.4494],[-87.1484,31.4494],[-87.1594,31.4588],[-87.1704,31.4588],[-87.1814,31.4588],[-87.1924,31.4588],[-87.2033,31.4588],[-87.2143,31.4588],[-87.2253,31.4588],[-87.2253,31.4681],[-87.2363,31.4681],[-87.2582,31.4681],[-87.2692,31.4775],[-87.2802,31.4775],[-87.2912,31.4775],[-87.3021,31.4775],[-87.3131,31.4869],[-87.3241,31.4869],[-87.3351,31.4869],[-87.346,31.4962],[-87.357,31.4962],[-87.357,31.5056],[-87.368,31.5056],[-87.379,31.5149],[-87.39,31.5149],[-87.4009,31.5149],[-87.4009,31.5243],[-87.4119,31.5243],[-87.4009,31.5337],[-87.39,31.5337],[-87.379,31.5337],[-87.368,31.5337],[-87.357,31.5337],[-87.346,31.5337],[-87.3351,31.5337],[-87.3241,31.5337],[-87.3131,31.5337],[-87.3021,31.5337],[-87.2912,31.5337],[-87.2802,31.5337],[-87.2692,31.5337],[-87.2582,31.5337],[-87.2472,31.5337],[-87.2363,31.5337],[-87.2253,31.5337],[-87.2143,31.5243],[-87.2033,31.5337],[-87.1924,31.5243],[-87.1814,31.5243]]]},"properties":{"AQ_NAME":"Floridan Aquifer System","ROCK_NAME":"Carbonate-rock","ROCK_TYPE":400,"id":"aquifer-5","kind":"aquifer","nameJa":"フロリダ帯水層系"}},{"type":"Feature","geometry":{"type":"MultiPolygon","coordinates":[[[[-82.6587,28.6371],[-82.6587,28.6468],[-82.6477,28.6564],[-82.6477,28.6468],[-82.6587,28.6371]]],[[[-82.6587,28.5889],[-82.6477,28.5986],[-82.6477,28.5889],[-82.6587,28.5889]]],[[[-82.7465,28.2317],[-82.7575,28.2414],[-82.7465,28.2414],[-82.7465,28.2317]]],[[[-82.494,27.8247],[-82.494,27.8344],[-82.505,27.8344],[-82.516,27.8344],[-82.527,27.8344],[-82.5379,27.8344],[-82.5379,27.8441],[-82.5379,27.8538],[-82.5379,27.8635],[-82.5489,27.8635],[-82.5379,27.8733],[-82.527,27.8733],[-82.527,27.883],[-82.5379,27.8927],[-82.527,27.9024],[-82.527,27.9121],[-82.527,27.9218],[-82.527,27.9315],[-82.527,27.9412],[-82.5379,27.9412],[-82.5379,27.9509],[-82.5489,27.9509],[-82.5489,27.9606],[-82.5489,27.9702],[-82.5599,27.9702],[-82.5709,27.9606],[-82.5709,27.9702],[-82.5818,27.9702],[-82.5818,27.9799],[-82.5709,27.9799],[-82.5709,27.9896],[-82.5599,27.9993],[-82.5489,27.9993],[-82.5489,28.009],[-82.5379,28.009],[-82.527,28.009],[-82.516,28.009],[-82.516,28.0187],[-82.505,28.0187],[-82.494,28.0187],[-82.483,28.0187],[-82.483,28.0284],[-82.4721,28.0284],[-82.4611,28.0284],[-82.4611,28.0381],[-82.4501,28.0381],[-82.4501,28.0478],[-82.4391,28.0478],[-82.4391,28.0575],[-82.4391,28.0672],[-82.4282,28.0672],[-82.4282,28.0768],[-82.4172,28.0865],[-82.4172,28.0962],[-82.4062,28.1059],[-82.4062,28.1156],[-82.3952,28.1253],[-82.3952,28.1349],[-82.3843,28.1349],[-82.3843,28.1446],[-82.3843,28.1543],[-82.3733,28.1543],[-82.3733,28.164],[-82.3513,28.1737],[-82.3403,28.1833],[-82.3294,28.193],[-82.3184,28.2027],[-82.3074,28.2027],[-82.3074,28.2124],[-82.2964,28.2124],[-82.2855,28.222],[-82.2745,28.222],[-82.2635,28.2317],[-82.2525,28.2317],[-82.2525,28.2414],[-82.2415,28.2414],[-82.2306,28.2414],[-82.2306,28.251],[-82.2196,28.251],[-82.2086,28.251],[-82.2086,28.2607],[-82.1976,28.2607],[-82.1976,28.2704],[-82.1867,28.2704],[-82.1757,28.2704],[-82.1757,28.28],[-82.1647,28.28],[-82.1647,28.2897],[-82.1537,28.2897],[-82.1537,28.2994],[-82.1537,28.309],[-82.1537,28.3187],[-82.1537,28.3284],[-82.1537,28.338],[-82.1647,28.338],[-82.1647,28.3477],[-82.1647,28.3574],[-82.1647,28.367],[-82.1647,28.3767],[-82.1757,28.3767],[-82.1757,28.3863],[-82.1757,28.396],[-82.1757,28.4056],[-82.1867,28.4056],[-82.1867,28.4153],[-82.1976,28.4153],[-82.1976,28.425],[-82.2086,28.425],[-82.2086,28.4346],[-82.2196,28.4443],[-82.2306,28.4539],[-82.2415,28.4636],[-82.2525,28.4636],[-82.2525,28.4732],[-82.2635,28.4732],[-82.2745,28.4732],[-82.2855,28.4732],[-82.2964,28.4732],[-82.2964,28.4636],[-82.3074,28.4636],[-82.3184,28.4636],[-82.3294,28.4539],[-82.3403,28.4539],[-82.3513,28.4539],[-82.3513,28.4443],[-82.3623,28.4443],[-82.3733,28.4443],[-82.3733,28.4346],[-82.3843,28.4346],[-82.3952,28.425],[-82.3952,28.4153],[-82.4062,28.4153],[-82.4172,28.4153],[-82.4172,28.4056],[-82.4282,28.4056],[-82.4282,28.396],[-82.4391,28.396],[-82.4391,28.3863],[-82.4501,28.3863],[-82.4501,28.3767],[-82.4611,28.3767],[-82.4611,28.367],[-82.4721,28.367],[-82.483,28.3574],[-82.494,28.3477],[-82.505,28.3477],[-82.505,28.338],[-82.516,28.338],[-82.527,28.3284],[-82.5379,28.3284],[-82.5379,28.3187],[-82.5489,28.3187],[-82.5599,28.3187],[-82.5599,28.309],[-82.5709,28.309],[-82.5818,28.309],[-82.5818,28.2994],[-82.5928,28.2994],[-82.6038,28.2994],[-82.6038,28.2897],[-82.6148,28.2897],[-82.6258,28.28],[-82.6367,28.28],[-82.6477,28.2704],[-82.6587,28.2704],[-82.6587,28.2607],[-82.6697,28.2607],[-82.6806,28.2607],[-82.6916,28.2607],[-82.6916,28.251],[-82.7026,28.251],[-82.7136,28.251],[-82.7136,28.2414],[-82.7246,28.2414],[-82.7355,28.2414],[-82.7465,28.2414],[-82.7465,28.251],[-82.7355,28.2607],[-82.7465,28.2704],[-82.7465,28.28],[-82.7355,28.28],[-82.7355,28.2897],[-82.7246,28.2897],[-82.7246,28.2994],[-82.7246,28.309],[-82.7355,28.2994],[-82.7355,28.309],[-82.7355,28.3187],[-82.7355,28.3284],[-82.7246,28.3284],[-82.7136,28.3284],[-82.7136,28.338],[-82.7136,28.3477],[-82.7136,28.3574],[-82.7026,28.367],[-82.7026,28.3767],[-82.7026,28.3863],[-82.7136,28.396],[-82.7026,28.396],[-82.6916,28.4056],[-82.6916,28.4153],[-82.7026,28.4153],[-82.6916,28.425],[-82.6806,28.425],[-82.6806,28.4346],[-82.6697,28.4346],[-82.6697,28.4443],[-82.6697,28.4539],[-82.6806,28.4539],[-82.6806,28.4636],[-82.6697,28.4636],[-82.6697,28.4732],[-82.6697,28.4829],[-82.6697,28.4925],[-82.6697,28.5022],[-82.6697,28.5118],[-82.6587,28.5118],[-82.6587,28.5214],[-82.6587,28.5311],[-82.6477,28.5311],[-82.6477,28.5407],[-82.6477,28.5504],[-82.6477,28.56],[-82.6477,28.5697],[-82.6587,28.5697],[-82.6587,28.5793],[-82.6477,28.5793],[-82.6367,28.5793],[-82.6477,28.5889],[-82.6367,28.5889],[-82.6477,28.5986],[-82.6587,28.6082],[-82.6477,28.6179],[-82.6477,28.6275],[-82.6477,28.6371],[-82.6477,28.6468],[-82.6367,28.6564],[-82.6258,28.6564],[-82.6367,28.666],[-82.6477,28.666],[-82.6477,28.6757],[-82.6367,28.6757],[-82.6367,28.6853],[-82.6367,28.6949],[-82.6367,28.7045],[-82.6477,28.7142],[-82.6477,28.7238],[-82.6477,28.7334],[-82.6367,28.7334],[-82.6367,28.7431],[-82.6367,28.7527],[-82.6367,28.7623],[-82.6477,28.7623],[-82.6587,28.7527],[-82.6587,28.7623],[-82.6587,28.7719],[-82.6697,28.7719],[-82.6697,28.7815],[-82.6806,28.7912],[-82.6697,28.7912],[-82.6697,28.8008],[-82.6806,28.8008],[-82.6916,28.8008],[-82.6916,28.8104],[-82.6916,28.82],[-82.6806,28.8104],[-82.6806,28.82],[-82.6697,28.82],[-82.6587,28.82],[-82.6477,28.8104],[-82.6477,28.8008],[-82.6477,28.7912],[-82.6367,28.7912],[-82.6367,28.8008],[-82.6367,28.8104],[-82.6367,28.82],[-82.6367,28.8296],[-82.6477,28.8296],[-82.6367,28.8393],[-82.6367,28.8489],[-82.6367,28.8585],[-82.6258,28.8681],[-82.6367,28.8681],[-82.6367,28.8777],[-82.6367,28.8873],[-82.6477,28.8969],[-82.6587,28.9065],[-82.6697,28.9065],[-82.6806,28.9065],[-82.6916,28.9065],[-82.6806,28.9162],[-82.6806,28.9258],[-82.6916,28.9258],[-82.6916,28.9354],[-82.7026,28.9354],[-82.7136,28.9354],[-82.7136,28.945],[-82.7246,28.9546],[-82.7355,28.9642],[-82.7355,28.9738],[-82.7355,28.9834],[-82.7246,28.9834],[-82.7246,28.993],[-82.7355,28.993],[-82.7465,28.993],[-82.7575,28.993],[-82.7575,29.0026],[-82.7575,29.0122],[-82.7575,29.0218],[-82.7575,29.0314],[-82.7465,29.0314],[-82.7465,29.041],[-82.7575,29.041],[-82.7575,29.0506],[-82.7575,29.0602],[-82.7465,29.0602],[-82.7465,29.0698],[-82.7575,29.0698],[-82.7575,29.0602],[-82.7685,29.0602],[-82.7794,29.0698],[-82.7794,29.0794],[-82.7794,29.089],[-82.7904,29.089],[-82.7904,29.0986],[-82.7904,29.1082],[-82.7904,29.1177],[-82.7794,29.1177],[-82.7794,29.1273],[-82.7904,29.1273],[-82.7904,29.1177],[-82.8014,29.1177],[-82.8014,29.1273],[-82.8014,29.1369],[-82.8014,29.1465],[-82.8014,29.1561],[-82.8124,29.1561],[-82.8014,29.1657],[-82.8014,29.1753],[-82.8124,29.1657],[-82.8233,29.1657],[-82.8233,29.1561],[-82.8343,29.1561],[-82.8453,29.1657],[-82.8563,29.1657],[-82.8673,29.1657],[-82.8782,29.1657],[-82.8892,29.1657],[-82.9002,29.1753],[-82.9002,29.1657],[-82.9112,29.1657],[-82.9221,29.1753],[-82.9331,29.1849],[-82.9441,29.1849],[-82.9551,29.1849],[-82.9661,29.1849],[-82.9661,29.1753],[-82.977,29.1753],[-82.977,29.1849],[-82.988,29.1849],[-82.999,29.1753],[-83.01,29.1753],[-83.0209,29.1753],[-83.0319,29.1753],[-83.0429,29.1753],[-83.0429,29.1849],[-83.0429,29.1944],[-83.0539,29.1944],[-83.0539,29.204],[-83.0429,29.204],[-83.0429,29.2136],[-83.0539,29.2136],[-83.0539,29.204],[-83.0649,29.204],[-83.0649,29.2136],[-83.0649,29.2232],[-83.0758,29.2328],[-83.0649,29.2328],[-83.0539,29.2328],[-83.0539,29.2423],[-83.0649,29.2423],[-83.0758,29.2423],[-83.0758,29.2519],[-83.0758,29.2615],[-83.0758,29.2711],[-83.0868,29.2711],[-83.0868,29.2806],[-83.0978,29.2806],[-83.0978,29.2711],[-83.1088,29.2806],[-83.1197,29.2806],[-83.1197,29.2902],[-83.1307,29.2902],[-83.1417,29.2998],[-83.1417,29.2902],[-83.1527,29.2902],[-83.1527,29.2998],[-83.1527,29.3094],[-83.1417,29.3094],[-83.1417,29.3189],[-83.1307,29.3189],[-83.1197,29.3189],[-83.1088,29.3189],[-83.1088,29.3285],[-83.1197,29.3285],[-83.1307,29.3285],[-83.1417,29.3285],[-83.1417,29.3189],[-83.1527,29.3094],[-83.1636,29.3189],[-83.1527,29.3189],[-83.1527,29.3285],[-83.1527,29.3381],[-83.1636,29.3381],[-83.1636,29.3477],[-83.1746,29.3477],[-83.1856,29.3477],[-83.1746,29.3572],[-83.1746,29.3668],[-83.1856,29.3572],[-83.1856,29.3668],[-83.1856,29.3764],[-83.1966,29.3764],[-83.2076,29.3764],[-83.2076,29.3859],[-83.1966,29.3859],[-83.1856,29.3859],[-83.1856,29.3955],[-83.1966,29.3955],[-83.2076,29.3955],[-83.2076,29.405],[-83.2185,29.4146],[-83.2076,29.4146],[-83.2076,29.4242],[-83.2185,29.4146],[-83.2185,29.4242],[-83.2295,29.4242],[-83.2295,29.4337],[-83.2405,29.4337],[-83.2515,29.4337],[-83.2624,29.4337],[-83.2624,29.4433],[-83.2734,29.4433],[-83.2624,29.4337],[-83.2734,29.4337],[-83.2844,29.4337],[-83.2844,29.4433],[-83.2954,29.4433],[-83.2954,29.4529],[-83.3064,29.4529],[-83.3064,29.4624],[-83.3064,29.472],[-83.3173,29.472],[-83.3173,29.4815],[-83.3283,29.472],[-83.3283,29.4815],[-83.3393,29.4815],[-83.3393,29.4911],[-83.3503,29.4911],[-83.3503,29.5006],[-83.3612,29.5006],[-83.3722,29.5006],[-83.3832,29.5006],[-83.3832,29.5102],[-83.3942,29.5197],[-83.3942,29.5293],[-83.3942,29.5388],[-83.4052,29.5388],[-83.4052,29.5484],[-83.4052,29.5579],[-83.4052,29.5675],[-83.4052,29.577],[-83.4052,29.5866],[-83.4052,29.5961],[-83.3942,29.5961],[-83.3942,29.6057],[-83.4052,29.6057],[-83.4052,29.6152],[-83.4052,29.6248],[-83.4052,29.6343],[-83.4052,29.6438],[-83.3942,29.6438],[-83.3942,29.6534],[-83.3942,29.6629],[-83.4052,29.6629],[-83.4052,29.6725],[-83.4161,29.6725],[-83.4271,29.682],[-83.4381,29.682],[-83.4491,29.6725],[-83.46,29.682],[-83.471,29.6915],[-83.482,29.6915],[-83.482,29.7011],[-83.493,29.7106],[-83.5039,29.7106],[-83.5149,29.7106],[-83.5149,29.7201],[-83.5259,29.7201],[-83.5369,29.7201],[-83.5479,29.7297],[-83.5479,29.7392],[-83.5588,29.7487],[-83.5588,29.7583],[-83.5698,29.7678],[-83.5698,29.7583],[-83.5808,29.7583],[-83.5808,29.7678],[-83.5808,29.7773],[-83.5808,29.7869],[-83.5808,29.7964],[-83.5918,29.8059],[-83.5918,29.8154],[-83.5808,29.8154],[-83.5918,29.825],[-83.6027,29.8345],[-83.6137,29.8345],[-83.6137,29.844],[-83.6247,29.844],[-83.6247,29.8535],[-83.6247,29.863],[-83.6357,29.8726],[-83.6357,29.8821],[-83.6357,29.8916],[-83.6467,29.8916],[-83.6576,29.9011],[-83.6796,29.9106],[-83.6796,29.9201],[-83.6686,29.9201],[-83.6796,29.9297],[-83.6906,29.9297],[-83.7015,29.9297],[-83.7125,29.9392],[-83.7125,29.9487],[-83.7235,29.9487],[-83.7235,29.9392],[-83.7345,29.9487],[-83.7455,29.9582],[-83.7564,29.9582],[-83.7674,29.9677],[-83.7784,29.9772],[-83.7784,29.9867],[-83.7784,29.9962],[-83.7894,29.9867],[-83.8003,29.9772],[-83.8113,29.9867],[-83.8223,29.9867],[-83.8333,29.9867],[-83.8442,29.9962],[-83.8552,30.0057],[-83.8662,30.0057],[-83.8662,30.0152],[-83.8772,30.0152],[-83.8882,30.0152],[-83.8882,30.0247],[-83.8991,30.0247],[-83.9101,30.0247],[-83.9101,30.0342],[-83.9211,30.0342],[-83.9211,30.0438],[-83.9101,30.0533],[-83.9211,30.0533],[-83.9211,30.0438],[-83.9321,30.0438],[-83.943,30.0533],[-83.954,30.0533],[-83.954,30.0628],[-83.965,30.0628],[-83.965,30.0723],[-83.976,30.0723],[-83.987,30.0818],[-83.987,30.0913],[-83.976,30.1008],[-83.987,30.1008],[-83.987,30.0913],[-83.9979,30.0818],[-83.9979,30.0913],[-83.9979,30.1102],[-84.0089,30.1008],[-84.0199,30.1008],[-84.0309,30.1008],[-84.0418,30.1008],[-84.0528,30.1008],[-84.0638,30.1008],[-84.0748,30.1008],[-84.0748,30.0913],[-84.0858,30.1008],[-84.0748,30.1102],[-84.0858,30.1102],[-84.0748,30.1197],[-84.0748,30.1292],[-84.0748,30.1387],[-84.0748,30.1482],[-84.0748,30.1577],[-84.0748,30.1672],[-84.0638,30.1672],[-84.0638,30.1767],[-84.0528,30.1767],[-84.0528,30.1862],[-84.0418,30.1862],[-84.0309,30.1957],[-84.0309,30.2052],[-84.0199,30.2052],[-84.0199,30.2146],[-84.0089,30.2241],[-84.0089,30.2336],[-83.9979,30.2336],[-83.987,30.2431],[-83.976,30.2431],[-83.965,30.2431],[-83.954,30.2431],[-83.943,30.2431],[-83.9321,30.2526],[-83.9321,30.2621],[-83.9211,30.2621],[-83.9211,30.2715],[-83.9211,30.281],[-83.9101,30.281],[-83.9101,30.2905],[-83.8991,30.3],[-83.8991,30.3095],[-83.8882,30.3095],[-83.8882,30.3189],[-83.8772,30.3284],[-83.8662,30.3379],[-83.8552,30.3474],[-83.8552,30.3568],[-83.8442,30.3568],[-83.8442,30.3663],[-83.8333,30.3663],[-83.8333,30.3758],[-83.8223,30.3853],[-83.8113,30.3947],[-83.8113,30.4042],[-83.8003,30.4042],[-83.8003,30.4137],[-83.7894,30.4137],[-83.7784,30.4231],[-83.7674,30.4231],[-83.7564,30.4326],[-83.7455,30.4326],[-83.7345,30.4326],[-83.7235,30.4326],[-83.7125,30.4326],[-83.7125,30.4231],[-83.7015,30.4231],[-83.7015,30.4137],[-83.7015,30.4042],[-83.7015,30.3947],[-83.6906,30.3947],[-83.6906,30.3853],[-83.6796,30.3853],[-83.6686,30.3853],[-83.6576,30.3853],[-83.6467,30.3853],[-83.6467,30.3947],[-83.6357,30.3947],[-83.6247,30.3947],[-83.6137,30.3947],[-83.6027,30.3947],[-83.5918,30.3947],[-83.5918,30.4042],[-83.5808,30.4042],[-83.5698,30.4042],[-83.5588,30.4042],[-83.5588,30.4137],[-83.5479,30.4137],[-83.5369,30.4137],[-83.5259,30.4231],[-83.5149,30.4231],[-83.5039,30.4326],[-83.493,30.4326],[-83.482,30.4421],[-83.471,30.4421],[-83.46,30.4515],[-83.4491,30.4515],[-83.4491,30.461],[-83.4381,30.461],[-83.4271,30.461],[-83.4271,30.4704],[-83.4161,30.4704],[-83.4161,30.4799],[-83.4052,30.4799],[-83.3942,30.4894],[-83.3832,30.4894],[-83.3722,30.4988],[-83.3612,30.4988],[-83.3503,30.5083],[-83.3393,30.5083],[-83.3393,30.5177],[-83.3283,30.5177],[-83.3283,30.5272],[-83.3173,30.5272],[-83.3173,30.5366],[-83.3173,30.5461],[-83.3173,30.5556],[-83.3173,30.565],[-83.3283,30.5745],[-83.3283,30.5839],[-83.3393,30.5839],[-83.3393,30.5934],[-83.3503,30.5934],[-83.3503,30.6028],[-83.3612,30.6028],[-83.3722,30.6123],[-83.3832,30.6217],[-83.3942,30.6217],[-83.3942,30.6311],[-83.4052,30.6311],[-83.4161,30.6311],[-83.4271,30.6406],[-83.4271,30.65],[-83.4381,30.65],[-83.4491,30.65],[-83.4491,30.6595],[-83.46,30.6689],[-83.46,30.6784],[-83.471,30.6784],[-83.471,30.6878],[-83.46,30.6972],[-83.46,30.7067],[-83.4491,30.7067],[-83.4381,30.7067],[-83.4271,30.7067],[-83.4161,30.6972],[-83.4052,30.6972],[-83.3942,30.6878],[-83.3832,30.6878],[-83.3722,30.6784],[-83.3722,30.6689],[-83.3612,30.6689],[-83.3503,30.6689],[-83.3393,30.6595],[-83.3283,30.6595],[-83.3173,30.65],[-83.3064,30.65],[-83.2954,30.65],[-83.2844,30.65],[-83.2844,30.6406],[-83.2734,30.6406],[-83.2624,30.6406],[-83.2515,30.6406],[-83.2515,30.6311],[-83.2405,30.6311],[-83.2295,30.6311],[-83.2295,30.6217],[-83.2185,30.6123],[-83.2185,30.6028],[-83.2076,30.6028],[-83.2076,30.5934],[-83.2076,30.5839],[-83.1966,30.5745],[-83.1966,30.565],[-83.1856,30.5556],[-83.1856,30.5461],[-83.1856,30.5366],[-83.1856,30.5272],[-83.1856,30.5177],[-83.1746,30.5083],[-83.1746,30.4988],[-83.1746,30.4894],[-83.1746,30.4799],[-83.1636,30.4799],[-83.1636,30.4704],[-83.1636,30.461],[-83.1527,30.461],[-83.1527,30.4515],[-83.1417,30.4515],[-83.1307,30.4515],[-83.1197,30.4515],[-83.1088,30.4515],[-83.1088,30.461],[-83.0978,30.461],[-83.0868,30.461],[-83.0868,30.4704],[-83.0758,30.4704],[-83.0758,30.4799],[-83.0649,30.4894],[-83.0649,30.4988],[-83.0539,30.5083],[-83.0539,30.5177],[-83.0539,30.5272],[-83.0539,30.5366],[-83.0539,30.5461],[-83.0539,30.5556],[-83.0539,30.565],[-83.0539,30.5745],[-83.0429,30.5745],[-83.0429,30.5839],[-83.0319,30.5839],[-83.0319,30.5934],[-83.0209,30.5934],[-83.0209,30.5839],[-83.01,30.5839],[-83.01,30.5745],[-82.999,30.5745],[-82.999,30.565],[-82.999,30.5556],[-82.988,30.5461],[-82.988,30.5366],[-82.988,30.5272],[-82.988,30.5177],[-82.977,30.5083],[-82.977,30.4988],[-82.977,30.4894],[-82.977,30.4799],[-82.9661,30.4704],[-82.9661,30.461],[-82.9551,30.4515],[-82.9441,30.4515],[-82.9441,30.4421],[-82.9331,30.4421],[-82.9221,30.4326],[-82.9112,30.4231],[-82.9002,30.4231],[-82.8892,30.4137],[-82.8782,30.4137],[-82.8673,30.4042],[-82.8563,30.4042],[-82.8563,30.3947],[-82.8453,30.3947],[-82.8343,30.3947],[-82.8233,30.3853],[-82.8124,30.3758],[-82.8014,30.3663],[-82.7904,30.3568],[-82.7794,30.3474],[-82.7794,30.3379],[-82.7794,30.3284],[-82.7685,30.3284],[-82.7685,30.3189],[-82.7794,30.3189],[-82.7794,30.3095],[-82.7904,30.3],[-82.8014,30.3],[-82.8124,30.3],[-82.8124,30.3095],[-82.8233,30.3095],[-82.8343,30.3095],[-82.8453,30.3189],[-82.8563,30.3189],[-82.8673,30.3189],[-82.8782,30.3189],[-82.8892,30.3189],[-82.8892,30.3284],[-82.9002,30.3284],[-82.9112,30.3284],[-82.9221,30.3284],[-82.9221,30.3189],[-82.9331,30.3189],[-82.9441,30.3095],[-82.9441,30.3],[-82.9551,30.3],[-82.9551,30.2905],[-82.9661,30.2905],[-82.9661,30.281],[-82.977,30.281],[-82.977,30.2715],[-82.988,30.2621],[-82.988,30.2526],[-82.999,30.2431],[-82.999,30.2336],[-82.999,30.2241],[-82.999,30.2146],[-82.999,30.2052],[-82.988,30.2052],[-82.988,30.1957],[-82.977,30.1862],[-82.9661,30.1767],[-82.9551,30.1672],[-82.9551,30.1577],[-82.9441,30.1577],[-82.9441,30.1482],[-82.9331,30.1387],[-82.9221,30.1387],[-82.9221,30.1292],[-82.9112,30.1197],[-82.9002,30.1102],[-82.8892,30.1008],[-82.8892,30.0913],[-82.8782,30.0818],[-82.8673,30.0723],[-82.8563,30.0628],[-82.8453,30.0533],[-82.8343,30.0533],[-82.8233,30.0533],[-82.8124,30.0533],[-82.8014,30.0533],[-82.7904,30.0628],[-82.7794,30.0628],[-82.7685,30.0723],[-82.7575,30.0723],[-82.7465,30.0818],[-82.7355,30.0818],[-82.7246,30.0818],[-82.7136,30.0818],[-82.7136,30.0913],[-82.7026,30.0818],[-82.6916,30.0818],[-82.6916,30.0723],[-82.6806,30.0723],[-82.6806,30.0628],[-82.6806,30.0533],[-82.6806,30.0438],[-82.6806,30.0342],[-82.6806,30.0247],[-82.6806,30.0152],[-82.6806,30.0057],[-82.6806,29.9962],[-82.6697,29.9867],[-82.6697,29.9772],[-82.6697,29.9677],[-82.6587,29.9582],[-82.6477,29.9487],[-82.6477,29.9392],[-82.6367,29.9392],[-82.6367,29.9297],[-82.6258,29.9297],[-82.6258,29.9201],[-82.6148,29.9201],[-82.6038,29.9106],[-82.5928,29.9011],[-82.5818,29.9011],[-82.5818,29.8916],[-82.5709,29.8916],[-82.5709,29.8821],[-82.5599,29.8821],[-82.5599,29.8726],[-82.5599,29.863],[-82.5599,29.8535],[-82.5489,29.8535],[-82.5489,29.844],[-82.5379,29.844],[-82.527,29.8345],[-82.516,29.8345],[-82.505,29.8345],[-82.494,29.8345],[-82.483,29.8345],[-82.483,29.825],[-82.4721,29.825],[-82.4611,29.825],[-82.4611,29.8154],[-82.4611,29.8059],[-82.4611,29.7964],[-82.4611,29.7869],[-82.4611,29.7773],[-82.4611,29.7678],[-82.4721,29.7583],[-82.4721,29.7487],[-82.4721,29.7392],[-82.483,29.7392],[-82.483,29.7297],[-82.483,29.7201],[-82.494,29.7106],[-82.494,29.7011],[-82.494,29.6915],[-82.494,29.682],[-82.494,29.6725],[-82.483,29.6725],[-82.4721,29.6629],[-82.4611,29.6629],[-82.4501,29.6629],[-82.4501,29.6534],[-82.4391,29.6534],[-82.4282,29.6534],[-82.4172,29.6534],[-82.4062,29.6534],[-82.3952,29.6534],[-82.3843,29.6438],[-82.3733,29.6438],[-82.3623,29.6438],[-82.3513,29.6343],[-82.3403,29.6343],[-82.3294,29.6248],[-82.3184,29.6152],[-82.3074,29.6152],[-82.3074,29.6057],[-82.2964,29.6057],[-82.2855,29.6057],[-82.2745,29.6057],[-82.2635,29.6057],[-82.2525,29.6057],[-82.2415,29.6057],[-82.2306,29.6152],[-82.2306,29.6057],[-82.2196,29.6057],[-82.2086,29.6057],[-82.1976,29.6057],[-82.1976,29.5961],[-82.1867,29.5961],[-82.1867,29.5866],[-82.1757,29.5866],[-82.1757,29.577],[-82.1647,29.5675],[-82.1537,29.5579],[-82.1537,29.5484],[-82.1427,29.5484],[-82.1427,29.5388],[-82.1318,29.5388],[-82.1318,29.5293],[-82.1208,29.5293],[-82.1208,29.5197],[-82.1098,29.5197],[-82.1098,29.5102],[-82.0988,29.5102],[-82.0988,29.5006],[-82.0879,29.5006],[-82.0769,29.4911],[-82.0659,29.4911],[-82.0659,29.4815],[-82.0549,29.4815],[-82.044,29.4815],[-82.033,29.4911],[-82.022,29.4911],[-82.011,29.5006],[-82,29.5006],[-81.9891,29.5006],[-81.9781,29.4911],[-81.9671,29.4815],[-81.9671,29.472],[-81.9671,29.4624],[-81.9671,29.4529],[-81.9671,29.4433],[-81.9561,29.4433],[-81.9561,29.4337],[-81.9561,29.4242],[-81.9561,29.4146],[-81.9561,29.405],[-81.9561,29.3955],[-81.9561,29.3859],[-81.9452,29.3859],[-81.9452,29.3764],[-81.9452,29.3668],[-81.9452,29.3572],[-81.9342,29.3572],[-81.9342,29.3477],[-81.9232,29.3381],[-81.9122,29.3285],[-81.9122,29.3189],[-81.9012,29.3189],[-81.8903,29.3189],[-81.8903,29.3094],[-81.8793,29.3094],[-81.8683,29.2998],[-81.8573,29.2998],[-81.8573,29.2902],[-81.8464,29.2902],[-81.8464,29.2806],[-81.8354,29.2806],[-81.8244,29.2711],[-81.8134,29.2711],[-81.8024,29.2615],[-81.7915,29.2615],[-81.7915,29.2519],[-81.7805,29.2423],[-81.7805,29.2328],[-81.7695,29.2232],[-81.7695,29.2136],[-81.7695,29.204],[-81.7585,29.1944],[-81.7585,29.1849],[-81.7585,29.1657],[-81.7585,29.1561],[-81.7476,29.1465],[-81.7476,29.1369],[-81.7476,29.1273],[-81.7476,29.1177],[-81.7476,29.1082],[-81.7366,29.0986],[-81.7366,29.089],[-81.7366,29.0794],[-81.7366,29.0602],[-81.7366,29.0506],[-81.7366,29.041],[-81.7366,29.0314],[-81.7366,29.0218],[-81.7366,29.0122],[-81.7366,29.0026],[-81.7366,28.993],[-81.7366,28.9738],[-81.7256,28.9642],[-81.7256,28.9546],[-81.7256,28.945],[-81.7256,28.9258],[-81.7256,28.9162],[-81.7256,28.9065],[-81.7256,28.8969],[-81.7146,28.8873],[-81.7146,28.8777],[-81.7146,28.8681],[-81.7146,28.8585],[-81.7146,28.8489],[-81.7037,28.8393],[-81.7037,28.8296],[-81.6927,28.82],[-81.6927,28.8104],[-81.6817,28.8008],[-81.6817,28.7912],[-81.6817,28.7815],[-81.6707,28.7719],[-81.6597,28.7623],[-81.6597,28.7527],[-81.6707,28.7431],[-81.6817,28.7334],[-81.6927,28.7334],[-81.6927,28.7238],[-81.7037,28.7238],[-81.7037,28.7142],[-81.7146,28.7045],[-81.7256,28.7045],[-81.7366,28.6949],[-81.7476,28.6853],[-81.7585,28.6757],[-81.7695,28.6757],[-81.7695,28.666],[-81.7805,28.666],[-81.7915,28.6757],[-81.8024,28.6853],[-81.8024,28.6949],[-81.8134,28.6949],[-81.8134,28.7045],[-81.8134,28.7142],[-81.8244,28.7142],[-81.8244,28.7238],[-81.8354,28.7334],[-81.8464,28.7334],[-81.8464,28.7431],[-81.8573,28.7431],[-81.8683,28.7431],[-81.8683,28.7334],[-81.8793,28.7334],[-81.8793,28.7238],[-81.8903,28.7238],[-81.8903,28.7142],[-81.9012,28.7142],[-81.9012,28.7045],[-81.9012,28.6949],[-81.9012,28.6853],[-81.9122,28.6853],[-81.9122,28.6757],[-81.9122,28.666],[-81.9122,28.6564],[-81.9122,28.6468],[-81.9122,28.6371],[-81.9122,28.6275],[-81.9122,28.6179],[-81.9232,28.6082],[-81.9232,28.5986],[-81.9232,28.5889],[-81.9122,28.5889],[-81.9122,28.5793],[-81.9122,28.5697],[-81.9122,28.56],[-81.9122,28.5504],[-81.9122,28.5407],[-81.9122,28.5311],[-81.9122,28.5214],[-81.9122,28.5118],[-81.9122,28.5022],[-81.9122,28.4925],[-81.9122,28.4829],[-81.9122,28.4732],[-81.9232,28.4732],[-81.9232,28.4636],[-81.9342,28.4636],[-81.9342,28.4539],[-81.9452,28.4539],[-81.9452,28.4443],[-81.9561,28.4443],[-81.9671,28.4443],[-81.9781,28.4443],[-81.9781,28.4346],[-81.9891,28.4346],[-82,28.4346],[-82,28.425],[-82.011,28.425],[-82.022,28.425],[-82.022,28.4153],[-82.033,28.4153],[-82.044,28.4153],[-82.044,28.4056],[-82.0549,28.4056],[-82.0549,28.396],[-82.0659,28.396],[-82.0659,28.3863],[-82.0769,28.3863],[-82.0769,28.3767],[-82.0769,28.367],[-82.0659,28.367],[-82.0659,28.3574],[-82.0549,28.3574],[-82.0549,28.3477],[-82.044,28.3477],[-82.033,28.3477],[-82.022,28.3477],[-82.011,28.3477],[-82,28.3477],[-81.9891,28.3477],[-81.9781,28.3477],[-81.9671,28.3574],[-81.9561,28.3574],[-81.9452,28.3574],[-81.9342,28.3574],[-81.9232,28.367],[-81.9122,28.367],[-81.9012,28.367],[-81.8903,28.367],[-81.8793,28.3767],[-81.8683,28.3767],[-81.8573,28.3767],[-81.8464,28.3767],[-81.8354,28.3767],[-81.8244,28.3767],[-81.8134,28.3767],[-81.8024,28.367],[-81.8024,28.3574],[-81.8024,28.3477],[-81.8024,28.338],[-81.8024,28.3284],[-81.8134,28.3284],[-81.8134,28.3187],[-81.8244,28.309],[-81.8354,28.309],[-81.8354,28.2994],[-81.8464,28.2994],[-81.8573,28.2994],[-81.8683,28.2994],[-81.8683,28.2897],[-81.8793,28.2897],[-81.8793,28.28],[-81.8903,28.28],[-81.9012,28.2704],[-81.9122,28.2704],[-81.9122,28.2607],[-81.9232,28.2607],[-81.9342,28.2607],[-81.9452,28.251],[-81.9561,28.251],[-81.9671,28.2414],[-81.9781,28.2414],[-81.9781,28.2317],[-81.9891,28.2317],[-82,28.2317],[-82,28.222],[-82.011,28.222],[-82.022,28.2124],[-82.033,28.2124],[-82.033,28.2027],[-82.044,28.2027],[-82.044,28.193],[-82.0549,28.1833],[-82.0549,28.1737],[-82.0659,28.164],[-82.0769,28.164],[-82.0769,28.1543],[-82.0879,28.1543],[-82.0879,28.1446],[-82.0988,28.1446],[-82.0988,28.1349],[-82.1098,28.1349],[-82.1098,28.1253],[-82.1208,28.1253],[-82.1208,28.1156],[-82.1208,28.1059],[-82.1318,28.1059],[-82.1318,28.0962],[-82.1427,28.0962],[-82.1427,28.0865],[-82.1537,28.0865],[-82.1537,28.0768],[-82.1647,28.0768],[-82.1757,28.0672],[-82.1867,28.0672],[-82.1976,28.0672],[-82.1976,28.0575],[-82.2086,28.0575],[-82.2196,28.0575],[-82.2306,28.0575],[-82.2415,28.0575],[-82.2525,28.0575],[-82.2525,28.0478],[-82.2635,28.0478],[-82.2635,28.0381],[-82.2745,28.0381],[-82.2855,28.0284],[-82.2964,28.0284],[-82.2964,28.0187],[-82.3074,28.0187],[-82.3074,28.009],[-82.3184,28.009],[-82.3184,27.9993],[-82.3294,27.9993],[-82.3294,27.9896],[-82.3403,27.9896],[-82.3403,27.9799],[-82.3513,27.9799],[-82.3513,27.9702],[-82.3513,27.9606],[-82.3513,27.9509],[-82.3513,27.9412],[-82.3513,27.9315],[-82.3513,27.9218],[-82.3623,27.9121],[-82.3623,27.9024],[-82.3733,27.8927],[-82.3733,27.883],[-82.3843,27.8733],[-82.3843,27.8635],[-82.3952,27.8635],[-82.3952,27.8733],[-82.3952,27.883],[-82.4062,27.883],[-82.4062,27.8927],[-82.4062,27.9024],[-82.4172,27.9024],[-82.4282,27.9024],[-82.4172,27.9121],[-82.4172,27.9218],[-82.4282,27.9315],[-82.4172,27.9315],[-82.4172,27.9412],[-82.4062,27.9412],[-82.4062,27.9509],[-82.4172,27.9509],[-82.4282,27.9509],[-82.4282,27.9412],[-82.4282,27.9315],[-82.4391,27.9315],[-82.4391,27.9412],[-82.4501,27.9412],[-82.4611,27.9412],[-82.4721,27.9315],[-82.483,27.9218],[-82.483,27.9121],[-82.483,27.9024],[-82.483,27.8927],[-82.483,27.883],[-82.483,27.8733],[-82.483,27.8635],[-82.4721,27.8538],[-82.4721,27.8441],[-82.4721,27.8247],[-82.483,27.8247],[-82.494,27.8247]]],[[[-82.2196,28.5214],[-82.2196,28.5311],[-82.2086,28.5311],[-82.1976,28.5311],[-82.1976,28.5407],[-82.1867,28.5407],[-82.1867,28.5504],[-82.1867,28.56],[-82.1867,28.5697],[-82.1867,28.5793],[-82.1976,28.5793],[-82.1976,28.5889],[-82.1976,28.5986],[-82.2086,28.5986],[-82.2086,28.6082],[-82.2196,28.6179],[-82.2196,28.6275],[-82.2306,28.6371],[-82.2306,28.6468],[-82.2415,28.6468],[-82.2415,28.6564],[-82.2415,28.666],[-82.2525,28.666],[-82.2525,28.6757],[-82.2635,28.6853],[-82.2635,28.6949],[-82.2635,28.7045],[-82.2745,28.7045],[-82.2745,28.7142],[-82.2745,28.7238],[-82.2855,28.7334],[-82.2964,28.7431],[-82.2964,28.7527],[-82.2964,28.7623],[-82.3074,28.7623],[-82.3074,28.7719],[-82.3074,28.7815],[-82.3074,28.7912],[-82.3184,28.7912],[-82.3184,28.8008],[-82.3184,28.8104],[-82.3294,28.82],[-82.3294,28.8296],[-82.3294,28.8393],[-82.3294,28.8489],[-82.3403,28.8489],[-82.3403,28.8585],[-82.3403,28.8681],[-82.3513,28.8777],[-82.3513,28.8873],[-82.3513,28.8969],[-82.3623,28.9065],[-82.3623,28.9162],[-82.3733,28.9162],[-82.3733,28.9258],[-82.3733,28.9354],[-82.3843,28.9354],[-82.3843,28.945],[-82.3843,28.9546],[-82.3952,28.9546],[-82.3952,28.9642],[-82.3952,28.9738],[-82.4062,28.9834],[-82.4062,28.993],[-82.4172,29.0026],[-82.4172,29.0122],[-82.4282,29.0122],[-82.4282,29.0218],[-82.4391,29.0218],[-82.4501,29.0314],[-82.4611,29.0314],[-82.4611,29.0218],[-82.4721,29.0218],[-82.4721,29.0122],[-82.4721,29.0026],[-82.4721,28.993],[-82.4721,28.9834],[-82.4611,28.9834],[-82.4611,28.9738],[-82.4611,28.9642],[-82.4501,28.9546],[-82.4501,28.945],[-82.4391,28.945],[-82.4391,28.9354],[-82.4282,28.9354],[-82.4282,28.9258],[-82.4172,28.9162],[-82.4172,28.9065],[-82.4172,28.8969],[-82.4172,28.8873],[-82.4062,28.8873],[-82.4062,28.8777],[-82.4062,28.8681],[-82.4062,28.8585],[-82.4062,28.8489],[-82.3952,28.8489],[-82.3952,28.8393],[-82.3952,28.8296],[-82.3952,28.82],[-82.3952,28.8104],[-82.3843,28.8008],[-82.3843,28.7912],[-82.3733,28.7815],[-82.3733,28.7719],[-82.3733,28.7623],[-82.3623,28.7623],[-82.3623,28.7527],[-82.3623,28.7431],[-82.3513,28.7431],[-82.3513,28.7334],[-82.3513,28.7238],[-82.3403,28.7142],[-82.3403,28.7045],[-82.3403,28.6949],[-82.3294,28.6853],[-82.3294,28.6757],[-82.3184,28.6757],[-82.3184,28.666],[-82.3184,28.6564],[-82.3184,28.6468],[-82.3074,28.6468],[-82.3074,28.6371],[-82.3074,28.6275],[-82.2964,28.6275],[-82.2964,28.6179],[-82.2964,28.6082],[-82.2855,28.6082],[-82.2855,28.5986],[-82.2855,28.5889],[-82.2745,28.5793],[-82.2745,28.5697],[-82.2635,28.56],[-82.2635,28.5504],[-82.2525,28.5504],[-82.2525,28.5407],[-82.2415,28.5407],[-82.2415,28.5311],[-82.2306,28.5311],[-82.2196,28.5214]]],[[[-82.4172,29.089],[-82.4062,29.089],[-82.3952,29.089],[-82.3843,29.089],[-82.3843,29.0986],[-82.3843,29.1082],[-82.3733,29.1082],[-82.3733,29.1177],[-82.3733,29.1273],[-82.3623,29.1369],[-82.3623,29.1465],[-82.3623,29.1561],[-82.3623,29.1657],[-82.3623,29.1753],[-82.3623,29.1849],[-82.3623,29.1944],[-82.3623,29.204],[-82.3733,29.2136],[-82.3733,29.2232],[-82.3843,29.2328],[-82.3843,29.2423],[-82.3843,29.2519],[-82.3952,29.2519],[-82.3952,29.2615],[-82.3952,29.2711],[-82.4062,29.2711],[-82.4062,29.2806],[-82.4172,29.2806],[-82.4172,29.2902],[-82.4172,29.2998],[-82.4282,29.3094],[-82.4282,29.3189],[-82.4391,29.3189],[-82.4391,29.3285],[-82.4501,29.3381],[-82.4501,29.3477],[-82.4611,29.3572],[-82.4611,29.3668],[-82.4611,29.3764],[-82.4611,29.3859],[-82.4611,29.3955],[-82.4611,29.405],[-82.4611,29.4146],[-82.4611,29.4242],[-82.4721,29.4242],[-82.4721,29.4337],[-82.4721,29.4433],[-82.4721,29.4529],[-82.483,29.4624],[-82.483,29.472],[-82.494,29.472],[-82.494,29.4815],[-82.494,29.4911],[-82.505,29.5006],[-82.505,29.5102],[-82.516,29.5102],[-82.516,29.5197],[-82.527,29.5293],[-82.527,29.5388],[-82.5379,29.5388],[-82.5379,29.5484],[-82.5489,29.5579],[-82.5599,29.5675],[-82.5599,29.577],[-82.5709,29.5866],[-82.5709,29.5961],[-82.5818,29.5961],[-82.5818,29.6057],[-82.5818,29.6152],[-82.5928,29.6152],[-82.5928,29.6248],[-82.6038,29.6343],[-82.6038,29.6438],[-82.6148,29.6438],[-82.6148,29.6534],[-82.6258,29.6629],[-82.6367,29.6725],[-82.6367,29.682],[-82.6477,29.6915],[-82.6477,29.7011],[-82.6587,29.7011],[-82.6587,29.7106],[-82.6697,29.7201],[-82.6697,29.7297],[-82.6697,29.7392],[-82.6806,29.7487],[-82.6806,29.7583],[-82.6916,29.7678],[-82.7026,29.7773],[-82.7136,29.7773],[-82.7246,29.7773],[-82.7246,29.7678],[-82.7355,29.7678],[-82.7355,29.7583],[-82.7246,29.7487],[-82.7355,29.7487],[-82.7355,29.7392],[-82.7246,29.7297],[-82.7246,29.7201],[-82.7246,29.7106],[-82.7246,29.7011],[-82.7136,29.7011],[-82.7136,29.6915],[-82.7136,29.682],[-82.7136,29.6725],[-82.7026,29.6629],[-82.7026,29.6534],[-82.7026,29.6438],[-82.6916,29.6343],[-82.6916,29.6248],[-82.6806,29.6152],[-82.6806,29.6057],[-82.6806,29.5961],[-82.6697,29.5961],[-82.6697,29.5866],[-82.6697,29.577],[-82.6587,29.5675],[-82.6587,29.5579],[-82.6587,29.5484],[-82.6477,29.5388],[-82.6477,29.5293],[-82.6477,29.5197],[-82.6367,29.5102],[-82.6367,29.5006],[-82.6367,29.4911],[-82.6258,29.4815],[-82.6258,29.472],[-82.6258,29.4624],[-82.6258,29.4529],[-82.6148,29.4433],[-82.6148,29.4337],[-82.6148,29.4242],[-82.6038,29.4146],[-82.6038,29.405],[-82.6038,29.3955],[-82.6038,29.3859],[-82.5928,29.3859],[-82.5928,29.3764],[-82.5928,29.3668],[-82.5928,29.3572],[-82.5818,29.3477],[-82.5818,29.3381],[-82.5818,29.3285],[-82.5709,29.3285],[-82.5709,29.3189],[-82.5599,29.3094],[-82.5599,29.2998],[-82.5489,29.2902],[-82.5489,29.2806],[-82.5379,29.2806],[-82.5379,29.2711],[-82.527,29.2615],[-82.516,29.2519],[-82.516,29.2423],[-82.516,29.2328],[-82.505,29.2232],[-82.505,29.2136],[-82.494,29.204],[-82.494,29.1944],[-82.483,29.1944],[-82.483,29.1849],[-82.4721,29.1753],[-82.4611,29.1657],[-82.4611,29.1561],[-82.4501,29.1465],[-82.4501,29.1369],[-82.4391,29.1369],[-82.4391,29.1273],[-82.4282,29.1177],[-82.4282,29.1082],[-82.4172,29.0986],[-82.4172,29.089]]]]},"properties":{"AQ_NAME":"Floridan Aquifer System","ROCK_NAME":"Carbonate-rock","ROCK_TYPE":400,"id":"aquifer-6","kind":"aquifer","nameJa":"フロリダ帯水層系"}},{"type":"Feature","geometry":{"type":"Polygon","coordinates":[[[-84.1516,30.0818],[-84.1626,30.0723],[-84.1736,30.0723],[-84.1845,30.0723],[-84.1845,30.0818],[-84.1845,30.0913],[-84.1736,30.0913],[-84.1736,30.1008],[-84.1845,30.1008],[-84.1955,30.1008],[-84.1955,30.1102],[-84.1955,30.1197],[-84.2065,30.1197],[-84.2175,30.1102],[-84.2065,30.1102],[-84.2175,30.1008],[-84.2285,30.1008],[-84.2285,30.0913],[-84.2394,30.0913],[-84.2504,30.0913],[-84.2504,30.1008],[-84.2504,30.1102],[-84.2614,30.1102],[-84.2614,30.1008],[-84.2724,30.1102],[-84.2724,30.1008],[-84.2724,30.0913],[-84.2833,30.0818],[-84.2724,30.0723],[-84.2724,30.0628],[-84.2833,30.0628],[-84.2943,30.0628],[-84.3053,30.0628],[-84.3053,30.0723],[-84.3163,30.0723],[-84.3273,30.0723],[-84.3382,30.0723],[-84.3492,30.0723],[-84.3492,30.0628],[-84.3602,30.0628],[-84.3602,30.0533],[-84.3712,30.0628],[-84.3712,30.0723],[-84.3712,30.0818],[-84.3712,30.0913],[-84.3712,30.1008],[-84.3712,30.1102],[-84.3821,30.1197],[-84.3821,30.1292],[-84.3821,30.1387],[-84.3821,30.1482],[-84.3821,30.1577],[-84.3821,30.1672],[-84.3821,30.1767],[-84.3712,30.1767],[-84.3712,30.1862],[-84.3602,30.1862],[-84.3492,30.1862],[-84.3382,30.1767],[-84.3273,30.1672],[-84.3163,30.1577],[-84.3053,30.1577],[-84.3053,30.1482],[-84.2943,30.1482],[-84.2833,30.1482],[-84.2833,30.1387],[-84.2724,30.1387],[-84.2614,30.1387],[-84.2504,30.1387],[-84.2504,30.1482],[-84.2394,30.1482],[-84.2394,30.1577],[-84.2285,30.1577],[-84.2285,30.1672],[-84.2175,30.1672],[-84.2175,30.1767],[-84.2065,30.1862],[-84.2065,30.1957],[-84.1955,30.1957],[-84.1955,30.2052],[-84.1845,30.2052],[-84.1845,30.2146],[-84.1736,30.2146],[-84.1736,30.2241],[-84.1626,30.2241],[-84.1516,30.2241],[-84.1406,30.2241],[-84.1406,30.2146],[-84.1406,30.2052],[-84.1406,30.1957],[-84.1516,30.1862],[-84.1516,30.1767],[-84.1516,30.1672],[-84.1626,30.1672],[-84.1626,30.1577],[-84.1626,30.1482],[-84.1626,30.1387],[-84.1626,30.1292],[-84.1626,30.1197],[-84.1626,30.1102],[-84.1626,30.1008],[-84.1516,30.1008],[-84.1516,30.0913],[-84.1516,30.0818]]]},"properties":{"AQ_NAME":"Floridan Aquifer System","ROCK_NAME":"Carbonate-rock","ROCK_TYPE":400,"id":"aquifer-7","kind":"aquifer","nameJa":"フロリダ帯水層系"}},{"type":"Feature","geometry":{"type":"Polygon","coordinates":[[[-84.2065,30.0818],[-84.2175,30.0913],[-84.2175,30.1008],[-84.2065,30.1008],[-84.2065,30.0913],[-84.1955,30.0913],[-84.2065,30.0818]]]},"properties":{"AQ_NAME":"Floridan Aquifer System","ROCK_NAME":"Carbonate-rock","ROCK_TYPE":400,"id":"aquifer-8","kind":"aquifer","nameJa":"フロリダ帯水層系"}},{"type":"Feature","geometry":{"type":"Polygon","coordinates":[[[-84.2175,30.0818],[-84.2285,30.0818],[-84.2285,30.0913],[-84.2175,30.0913],[-84.2175,30.0818]]]},"properties":{"AQ_NAME":"Floridan Aquifer System","ROCK_NAME":"Carbonate-rock","ROCK_TYPE":400,"id":"aquifer-9","kind":"aquifer","nameJa":"フロリダ帯水層系"}},{"type":"Feature","geometry":{"type":"Polygon","coordinates":[[[-84.2614,30.0818],[-84.2614,30.0913],[-84.2504,30.0913],[-84.2504,30.0818],[-84.2614,30.0818]]]},"properties":{"AQ_NAME":"Floridan Aquifer System","ROCK_NAME":"Carbonate-rock","ROCK_TYPE":400,"id":"aquifer-10","kind":"aquifer","nameJa":"フロリダ帯水層系"}},{"type":"Feature","geometry":{"type":"Polygon","coordinates":[[[-84.2531,30.0767],[-84.2542,30.0803],[-84.2484,30.0804],[-84.2531,30.0767]]]},"properties":{"AQ_NAME":"Floridan Aquifer System","ROCK_NAME":"Carbonate-rock","ROCK_TYPE":400,"id":"aquifer-11","kind":"aquifer","nameJa":"フロリダ帯水層系"}},{"type":"Feature","geometry":{"type":"Polygon","coordinates":[[[-84.3185,30.0573],[-84.3211,30.0619],[-84.3127,30.0601],[-84.3185,30.0573]]]},"properties":{"AQ_NAME":"Floridan Aquifer System","ROCK_NAME":"Carbonate-rock","ROCK_TYPE":400,"id":"aquifer-12","kind":"aquifer","nameJa":"フロリダ帯水層系"}},{"type":"Feature","geometry":{"type":"Polygon","coordinates":[[[-84.3382,30.0533],[-84.3382,30.0628],[-84.3273,30.0628],[-84.3273,30.0533],[-84.3382,30.0533]]]},"properties":{"AQ_NAME":"Floridan Aquifer System","ROCK_NAME":"Carbonate-rock","ROCK_TYPE":400,"id":"aquifer-13","kind":"aquifer","nameJa":"フロリダ帯水層系"}},{"type":"Feature","geometry":{"type":"Polygon","coordinates":[[[-84.32,30.0495],[-84.3232,30.0545],[-84.3153,30.0527],[-84.32,30.0495]]]},"properties":{"AQ_NAME":"Floridan Aquifer System","ROCK_NAME":"Carbonate-rock","ROCK_TYPE":400,"id":"aquifer-14","kind":"aquifer","nameJa":"フロリダ帯水層系"}},{"type":"Feature","geometry":{"type":"MultiPolygon","coordinates":[[[[-84.3492,30.0342],[-84.3492,30.0438],[-84.3492,30.0533],[-84.3382,30.0533],[-84.3382,30.0438],[-84.3382,30.0342],[-84.3492,30.0342]]],[[[-84.3602,30.0152],[-84.3602,30.0247],[-84.3602,30.0342],[-84.3492,30.0342],[-84.3492,30.0247],[-84.3492,30.0152],[-84.3602,30.0152]]]]},"properties":{"AQ_NAME":"Floridan Aquifer System","ROCK_NAME":"Carbonate-rock","ROCK_TYPE":400,"id":"aquifer-15","kind":"aquifer","nameJa":"フロリダ帯水層系"}},{"type":"Feature","geometry":{"type":"Polygon","coordinates":[[[-83.5808,29.7773],[-83.5918,29.7773],[-83.5918,29.7869],[-83.5808,29.7869],[-83.5808,29.7773]]]},"properties":{"AQ_NAME":"Floridan Aquifer System","ROCK_NAME":"Carbonate-rock","ROCK_TYPE":400,"id":"aquifer-16","kind":"aquifer","nameJa":"フロリダ帯水層系"}},{"type":"Feature","geometry":{"type":"Polygon","coordinates":[[[-83.4161,29.6629],[-83.4271,29.6629],[-83.4271,29.6725],[-83.4161,29.6725],[-83.4161,29.6629]]]},"properties":{"AQ_NAME":"Floridan Aquifer System","ROCK_NAME":"Carbonate-rock","ROCK_TYPE":400,"id":"aquifer-17","kind":"aquifer","nameJa":"フロリダ帯水層系"}},{"type":"Feature","geometry":{"type":"Polygon","coordinates":[[[-83.4377,29.6616],[-83.4413,29.6657],[-83.4345,29.6675],[-83.4377,29.6616]]]},"properties":{"AQ_NAME":"Floridan Aquifer System","ROCK_NAME":"Carbonate-rock","ROCK_TYPE":400,"id":"aquifer-18","kind":"aquifer","nameJa":"フロリダ帯水層系"}},{"type":"Feature","geometry":{"type":"Polygon","coordinates":[[[-83.4052,29.6534],[-83.4161,29.6629],[-83.4052,29.6629],[-83.4052,29.6534]]]},"properties":{"AQ_NAME":"Floridan Aquifer System","ROCK_NAME":"Carbonate-rock","ROCK_TYPE":400,"id":"aquifer-19","kind":"aquifer","nameJa":"フロリダ帯水層系"}},{"type":"Feature","geometry":{"type":"Polygon","coordinates":[[[-83.4047,29.6477],[-83.4073,29.6536],[-83.4015,29.6536],[-83.4047,29.6477]]]},"properties":{"AQ_NAME":"Floridan Aquifer System","ROCK_NAME":"Carbonate-rock","ROCK_TYPE":400,"id":"aquifer-20","kind":"aquifer","nameJa":"フロリダ帯水層系"}},{"type":"Feature","geometry":{"type":"Polygon","coordinates":[[[-83.3942,29.5006],[-83.4052,29.5006],[-83.4052,29.5102],[-83.3942,29.5102],[-83.3942,29.5006]]]},"properties":{"AQ_NAME":"Floridan Aquifer System","ROCK_NAME":"Carbonate-rock","ROCK_TYPE":400,"id":"aquifer-21","kind":"aquifer","nameJa":"フロリダ帯水層系"}},{"type":"Feature","geometry":{"type":"Polygon","coordinates":[[[-83.3722,29.4911],[-83.3832,29.5006],[-83.3722,29.5006],[-83.3722,29.4911]]]},"properties":{"AQ_NAME":"Floridan Aquifer System","ROCK_NAME":"Carbonate-rock","ROCK_TYPE":400,"id":"aquifer-22","kind":"aquifer","nameJa":"フロリダ帯水層系"}},{"type":"Feature","geometry":{"type":"Polygon","coordinates":[[[-83.3708,29.4875],[-83.3733,29.4935],[-83.3676,29.4935],[-83.3708,29.4875]]]},"properties":{"AQ_NAME":"Floridan Aquifer System","ROCK_NAME":"Carbonate-rock","ROCK_TYPE":400,"id":"aquifer-23","kind":"aquifer","nameJa":"フロリダ帯水層系"}},{"type":"Feature","geometry":{"type":"Polygon","coordinates":[[[-83.2844,29.4242],[-83.2844,29.4337],[-83.2734,29.4337],[-83.2844,29.4242]]]},"properties":{"AQ_NAME":"Floridan Aquifer System","ROCK_NAME":"Carbonate-rock","ROCK_TYPE":400,"id":"aquifer-24","kind":"aquifer","nameJa":"フロリダ帯水層系"}},{"type":"Feature","geometry":{"type":"Polygon","coordinates":[[[-83.1636,29.3285],[-83.1746,29.3285],[-83.1746,29.3381],[-83.1636,29.3381],[-83.1636,29.3285]]]},"properties":{"AQ_NAME":"Floridan Aquifer System","ROCK_NAME":"Carbonate-rock","ROCK_TYPE":400,"id":"aquifer-25","kind":"aquifer","nameJa":"フロリダ帯水層系"}},{"type":"Feature","geometry":{"type":"Polygon","coordinates":[[[-83.1527,29.3381],[-83.1527,29.3285],[-83.1636,29.3285],[-83.1527,29.3381]]]},"properties":{"AQ_NAME":"Floridan Aquifer System","ROCK_NAME":"Carbonate-rock","ROCK_TYPE":400,"id":"aquifer-26","kind":"aquifer","nameJa":"フロリダ帯水層系"}},{"type":"Feature","geometry":{"type":"Polygon","coordinates":[[[-83.1591,29.3164],[-83.1667,29.3101],[-83.1666,29.3161],[-83.1591,29.3164]]]},"properties":{"AQ_NAME":"Floridan Aquifer System","ROCK_NAME":"Carbonate-rock","ROCK_TYPE":400,"id":"aquifer-27","kind":"aquifer","nameJa":"フロリダ帯水層系"}},{"type":"Feature","geometry":{"type":"Polygon","coordinates":[[[-83.1636,29.2998],[-83.1636,29.3094],[-83.1527,29.3094],[-83.1527,29.2998],[-83.1636,29.2998]]]},"properties":{"AQ_NAME":"Floridan Aquifer System","ROCK_NAME":"Carbonate-rock","ROCK_TYPE":400,"id":"aquifer-28","kind":"aquifer","nameJa":"フロリダ帯水層系"}},{"type":"Feature","geometry":{"type":"Polygon","coordinates":[[[-83.1632,29.2876],[-83.1669,29.2913],[-83.1595,29.2936],[-83.1632,29.2876]]]},"properties":{"AQ_NAME":"Floridan Aquifer System","ROCK_NAME":"Carbonate-rock","ROCK_TYPE":400,"id":"aquifer-29","kind":"aquifer","nameJa":"フロリダ帯水層系"}},{"type":"Feature","geometry":{"type":"Polygon","coordinates":[[[-83.0758,29.2328],[-83.0868,29.2328],[-83.0868,29.2423],[-83.0758,29.2423],[-83.0758,29.2328]]]},"properties":{"AQ_NAME":"Floridan Aquifer System","ROCK_NAME":"Carbonate-rock","ROCK_TYPE":400,"id":"aquifer-30","kind":"aquifer","nameJa":"フロリダ帯水層系"}},{"type":"Feature","geometry":{"type":"Polygon","coordinates":[[[-83.0868,29.2136],[-83.0868,29.2232],[-83.0758,29.2232],[-83.0758,29.2136],[-83.0868,29.2136]]]},"properties":{"AQ_NAME":"Floridan Aquifer System","ROCK_NAME":"Carbonate-rock","ROCK_TYPE":400,"id":"aquifer-31","kind":"aquifer","nameJa":"フロリダ帯水層系"}},{"type":"Feature","geometry":{"type":"Polygon","coordinates":[[[-83.0775,29.2007],[-83.0811,29.2044],[-83.0737,29.2067],[-83.0775,29.2007]]]},"properties":{"AQ_NAME":"Floridan Aquifer System","ROCK_NAME":"Carbonate-rock","ROCK_TYPE":400,"id":"aquifer-32","kind":"aquifer","nameJa":"フロリダ帯水層系"}},{"type":"Feature","geometry":{"type":"Polygon","coordinates":[[[-83.0649,29.1849],[-83.0649,29.1944],[-83.0539,29.1944],[-83.0539,29.1849],[-83.0649,29.1849]]]},"properties":{"AQ_NAME":"Floridan Aquifer System","ROCK_NAME":"Carbonate-rock","ROCK_TYPE":400,"id":"aquifer-33","kind":"aquifer","nameJa":"フロリダ帯水層系"}},{"type":"Feature","geometry":{"type":"Polygon","coordinates":[[[-83.0868,29.1849],[-83.0868,29.1944],[-83.0758,29.1944],[-83.0758,29.1849],[-83.0868,29.1849]]]},"properties":{"AQ_NAME":"Floridan Aquifer System","ROCK_NAME":"Carbonate-rock","ROCK_TYPE":400,"id":"aquifer-34","kind":"aquifer","nameJa":"フロリダ帯水層系"}},{"type":"Feature","geometry":{"type":"Polygon","coordinates":[[[-82.9528,29.1834],[-82.9587,29.1772],[-82.9597,29.185],[-82.9528,29.1834]]]},"properties":{"AQ_NAME":"Floridan Aquifer System","ROCK_NAME":"Carbonate-rock","ROCK_TYPE":400,"id":"aquifer-35","kind":"aquifer","nameJa":"フロリダ帯水層系"}},{"type":"Feature","geometry":{"type":"Polygon","coordinates":[[[-83.0521,29.1776],[-83.0579,29.1767],[-83.0578,29.1827],[-83.0521,29.1776]]]},"properties":{"AQ_NAME":"Floridan Aquifer System","ROCK_NAME":"Carbonate-rock","ROCK_TYPE":400,"id":"aquifer-36","kind":"aquifer","nameJa":"フロリダ帯水層系"}},{"type":"Feature","geometry":{"type":"Polygon","coordinates":[[[-82.9337,29.1719],[-82.9373,29.176],[-82.93,29.1778],[-82.9337,29.1719]]]},"properties":{"AQ_NAME":"Floridan Aquifer System","ROCK_NAME":"Carbonate-rock","ROCK_TYPE":400,"id":"aquifer-37","kind":"aquifer","nameJa":"フロリダ帯水層系"}},{"type":"Feature","geometry":{"type":"Polygon","coordinates":[[[-83.0539,29.1753],[-83.0429,29.1753],[-83.0429,29.1657],[-83.0539,29.1657],[-83.0539,29.1753]]]},"properties":{"AQ_NAME":"Floridan Aquifer System","ROCK_NAME":"Carbonate-rock","ROCK_TYPE":400,"id":"aquifer-38","kind":"aquifer","nameJa":"フロリダ帯水層系"}},{"type":"Feature","geometry":{"type":"Polygon","coordinates":[[[-82.9441,29.1657],[-82.9551,29.1753],[-82.9441,29.1753],[-82.9441,29.1657]]]},"properties":{"AQ_NAME":"Floridan Aquifer System","ROCK_NAME":"Carbonate-rock","ROCK_TYPE":400,"id":"aquifer-39","kind":"aquifer","nameJa":"フロリダ帯水層系"}},{"type":"Feature","geometry":{"type":"Polygon","coordinates":[[[-82.9661,29.1657],[-82.9661,29.1753],[-82.9551,29.1753],[-82.9661,29.1657]]]},"properties":{"AQ_NAME":"Floridan Aquifer System","ROCK_NAME":"Carbonate-rock","ROCK_TYPE":400,"id":"aquifer-40","kind":"aquifer","nameJa":"フロリダ帯水層系"}},{"type":"Feature","geometry":{"type":"Polygon","coordinates":[[[-83.01,29.1753],[-82.999,29.1657],[-83.01,29.1657],[-83.01,29.1753]]]},"properties":{"AQ_NAME":"Floridan Aquifer System","ROCK_NAME":"Carbonate-rock","ROCK_TYPE":400,"id":"aquifer-41","kind":"aquifer","nameJa":"フロリダ帯水層系"}},{"type":"Feature","geometry":{"type":"Polygon","coordinates":[[[-82.8487,29.1701],[-82.8545,29.1619],[-82.8555,29.1688],[-82.8487,29.1701]]]},"properties":{"AQ_NAME":"Floridan Aquifer System","ROCK_NAME":"Carbonate-rock","ROCK_TYPE":400,"id":"aquifer-42","kind":"aquifer","nameJa":"フロリダ帯水層系"}},{"type":"Feature","geometry":{"type":"Polygon","coordinates":[[[-83.0382,29.1637],[-83.0423,29.1674],[-83.035,29.1696],[-83.0382,29.1637]]]},"properties":{"AQ_NAME":"Floridan Aquifer System","ROCK_NAME":"Carbonate-rock","ROCK_TYPE":400,"id":"aquifer-43","kind":"aquifer","nameJa":"フロリダ帯水層系"}},{"type":"Feature","geometry":{"type":"Polygon","coordinates":[[[-83.0209,29.1561],[-83.0319,29.1561],[-83.0209,29.1657],[-83.0209,29.1561]]]},"properties":{"AQ_NAME":"Floridan Aquifer System","ROCK_NAME":"Carbonate-rock","ROCK_TYPE":400,"id":"aquifer-44","kind":"aquifer","nameJa":"フロリダ帯水層系"}},{"type":"Feature","geometry":{"type":"Polygon","coordinates":[[[-83.0649,29.1538],[-83.0675,29.1598],[-83.0612,29.1598],[-83.0649,29.1538]]]},"properties":{"AQ_NAME":"Floridan Aquifer System","ROCK_NAME":"Carbonate-rock","ROCK_TYPE":400,"id":"aquifer-45","kind":"aquifer","nameJa":"フロリダ帯水層系"}},{"type":"Feature","geometry":{"type":"MultiPolygon","coordinates":[[[[-83.0539,29.1465],[-83.0539,29.1561],[-83.0429,29.1561],[-83.0429,29.1465],[-83.0539,29.1465]]],[[[-83.0429,29.1369],[-83.0429,29.1465],[-83.0319,29.1465],[-83.0319,29.1369],[-83.0429,29.1369]]],[[[-83.0539,29.1273],[-83.0539,29.1369],[-83.0429,29.1369],[-83.0539,29.1273]]]]},"properties":{"AQ_NAME":"Floridan Aquifer System","ROCK_NAME":"Carbonate-rock","ROCK_TYPE":400,"id":"aquifer-46","kind":"aquifer","nameJa":"フロリダ帯水層系"}},{"type":"Feature","geometry":{"type":"Polygon","coordinates":[[[-83.0207,29.1438],[-83.0232,29.1498],[-83.0175,29.1497],[-83.0207,29.1438]]]},"properties":{"AQ_NAME":"Floridan Aquifer System","ROCK_NAME":"Carbonate-rock","ROCK_TYPE":400,"id":"aquifer-47","kind":"aquifer","nameJa":"フロリダ帯水層系"}},{"type":"Feature","geometry":{"type":"Polygon","coordinates":[[[-83.0978,29.1273],[-83.0978,29.1369],[-83.0868,29.1369],[-83.0868,29.1273],[-83.0978,29.1273]]]},"properties":{"AQ_NAME":"Floridan Aquifer System","ROCK_NAME":"Carbonate-rock","ROCK_TYPE":400,"id":"aquifer-48","kind":"aquifer","nameJa":"フロリダ帯水層系"}},{"type":"Feature","geometry":{"type":"Polygon","coordinates":[[[-83.0429,29.1177],[-83.0429,29.1273],[-83.0319,29.1273],[-83.0429,29.1177]]]},"properties":{"AQ_NAME":"Floridan Aquifer System","ROCK_NAME":"Carbonate-rock","ROCK_TYPE":400,"id":"aquifer-49","kind":"aquifer","nameJa":"フロリダ帯水層系"}},{"type":"Feature","geometry":{"type":"Polygon","coordinates":[[[-83.0278,29.1159],[-83.0303,29.1219],[-83.0246,29.1218],[-83.0278,29.1159]]]},"properties":{"AQ_NAME":"Floridan Aquifer System","ROCK_NAME":"Carbonate-rock","ROCK_TYPE":400,"id":"aquifer-50","kind":"aquifer","nameJa":"フロリダ帯水層系"}},{"type":"Feature","geometry":{"type":"Polygon","coordinates":[[[-82.8124,29.089],[-82.8233,29.0986],[-82.8124,29.0986],[-82.8124,29.1082],[-82.8014,29.1082],[-82.8014,29.0986],[-82.8014,29.089],[-82.8124,29.089]]]},"properties":{"AQ_NAME":"Floridan Aquifer System","ROCK_NAME":"Carbonate-rock","ROCK_TYPE":400,"id":"aquifer-51","kind":"aquifer","nameJa":"フロリダ帯水層系"}},{"type":"Feature","geometry":{"type":"Polygon","coordinates":[[[-83.0672,29.0938],[-83.0749,29.1021],[-83.0603,29.101],[-83.0672,29.0938]]]},"properties":{"AQ_NAME":"Floridan Aquifer System","ROCK_NAME":"Carbonate-rock","ROCK_TYPE":400,"id":"aquifer-52","kind":"aquifer","nameJa":"フロリダ帯水層系"}},{"type":"Feature","geometry":{"type":"Polygon","coordinates":[[[-83.0333,29.093],[-83.0374,29.0967],[-83.028,29.0966],[-83.0333,29.093]]]},"properties":{"AQ_NAME":"Floridan Aquifer System","ROCK_NAME":"Carbonate-rock","ROCK_TYPE":400,"id":"aquifer-53","kind":"aquifer","nameJa":"フロリダ帯水層系"}},{"type":"Feature","geometry":{"type":"Polygon","coordinates":[[[-82.8014,29.0794],[-82.8124,29.089],[-82.8014,29.089],[-82.7904,29.089],[-82.7904,29.0794],[-82.8014,29.0794]]]},"properties":{"AQ_NAME":"Floridan Aquifer System","ROCK_NAME":"Carbonate-rock","ROCK_TYPE":400,"id":"aquifer-54","kind":"aquifer","nameJa":"フロリダ帯水層系"}},{"type":"Feature","geometry":{"type":"Polygon","coordinates":[[[-82.8056,29.0802],[-82.8135,29.0757],[-82.8134,29.0816],[-82.8056,29.0802]]]},"properties":{"AQ_NAME":"Floridan Aquifer System","ROCK_NAME":"Carbonate-rock","ROCK_TYPE":400,"id":"aquifer-55","kind":"aquifer","nameJa":"フロリダ帯水層系"}},{"type":"Feature","geometry":{"type":"Polygon","coordinates":[[[-82.8074,29.0651],[-82.8099,29.071],[-82.8037,29.0705],[-82.8074,29.0651]]]},"properties":{"AQ_NAME":"Floridan Aquifer System","ROCK_NAME":"Carbonate-rock","ROCK_TYPE":400,"id":"aquifer-56","kind":"aquifer","nameJa":"フロリダ帯水層系"}},{"type":"Feature","geometry":{"type":"Polygon","coordinates":[[[-82.7924,29.0571],[-82.796,29.0608],[-82.7887,29.063],[-82.7924,29.0571]]]},"properties":{"AQ_NAME":"Floridan Aquifer System","ROCK_NAME":"Carbonate-rock","ROCK_TYPE":400,"id":"aquifer-57","kind":"aquifer","nameJa":"フロリダ帯水層系"}},{"type":"Feature","geometry":{"type":"Polygon","coordinates":[[[-82.8012,29.0581],[-82.8096,29.06],[-82.7991,29.0622],[-82.8012,29.0581]]]},"properties":{"AQ_NAME":"Floridan Aquifer System","ROCK_NAME":"Carbonate-rock","ROCK_TYPE":400,"id":"aquifer-58","kind":"aquifer","nameJa":"フロリダ帯水層系"}},{"type":"Feature","geometry":{"type":"Polygon","coordinates":[[[-82.7575,29.0026],[-82.7575,28.993],[-82.7685,28.993],[-82.7685,29.0026],[-82.7575,29.0026]]]},"properties":{"AQ_NAME":"Floridan Aquifer System","ROCK_NAME":"Carbonate-rock","ROCK_TYPE":400,"id":"aquifer-59","kind":"aquifer","nameJa":"フロリダ帯水層系"}},{"type":"Feature","geometry":{"type":"Polygon","coordinates":[[[-82.7465,28.9834],[-82.7465,28.993],[-82.7355,28.993],[-82.7465,28.9834]]]},"properties":{"AQ_NAME":"Floridan Aquifer System","ROCK_NAME":"Carbonate-rock","ROCK_TYPE":400,"id":"aquifer-60","kind":"aquifer","nameJa":"フロリダ帯水層系"}},{"type":"Feature","geometry":{"type":"Polygon","coordinates":[[[-82.744,28.9854],[-82.7503,28.9781],[-82.7502,28.9841],[-82.744,28.9854]]]},"properties":{"AQ_NAME":"Floridan Aquifer System","ROCK_NAME":"Carbonate-rock","ROCK_TYPE":400,"id":"aquifer-61","kind":"aquifer","nameJa":"フロリダ帯水層系"}},{"type":"Feature","geometry":{"type":"Polygon","coordinates":[[[-82.7465,28.9642],[-82.7465,28.9738],[-82.7355,28.9738],[-82.7355,28.9642],[-82.7465,28.9642]]]},"properties":{"AQ_NAME":"Floridan Aquifer System","ROCK_NAME":"Carbonate-rock","ROCK_TYPE":400,"id":"aquifer-62","kind":"aquifer","nameJa":"フロリダ帯水層系"}},{"type":"Feature","geometry":{"type":"Polygon","coordinates":[[[-82.7026,28.9162],[-82.7026,28.9258],[-82.6916,28.9258],[-82.6916,28.9162],[-82.7026,28.9162]]]},"properties":{"AQ_NAME":"Floridan Aquifer System","ROCK_NAME":"Carbonate-rock","ROCK_TYPE":400,"id":"aquifer-63","kind":"aquifer","nameJa":"フロリダ帯水層系"}},{"type":"Feature","geometry":{"type":"Polygon","coordinates":[[[-82.6673,28.8941],[-82.6698,28.9001],[-82.6636,28.9],[-82.6673,28.8941]]]},"properties":{"AQ_NAME":"Floridan Aquifer System","ROCK_NAME":"Carbonate-rock","ROCK_TYPE":400,"id":"aquifer-64","kind":"aquifer","nameJa":"フロリダ帯水層系"}},{"type":"Feature","geometry":{"type":"Polygon","coordinates":[[[-82.6806,28.8873],[-82.6806,28.8969],[-82.6697,28.8969],[-82.6697,28.8873],[-82.6806,28.8873]]]},"properties":{"AQ_NAME":"Floridan Aquifer System","ROCK_NAME":"Carbonate-rock","ROCK_TYPE":400,"id":"aquifer-65","kind":"aquifer","nameJa":"フロリダ帯水層系"}},{"type":"Feature","geometry":{"type":"Polygon","coordinates":[[[-82.6575,28.8884],[-82.6611,28.8922],[-82.6538,28.8944],[-82.6575,28.8884]]]},"properties":{"AQ_NAME":"Floridan Aquifer System","ROCK_NAME":"Carbonate-rock","ROCK_TYPE":400,"id":"aquifer-66","kind":"aquifer","nameJa":"フロリダ帯水層系"}},{"type":"Feature","geometry":{"type":"Polygon","coordinates":[[[-82.6488,28.8819],[-82.6513,28.8879],[-82.645,28.8878],[-82.6488,28.8819]]]},"properties":{"AQ_NAME":"Floridan Aquifer System","ROCK_NAME":"Carbonate-rock","ROCK_TYPE":400,"id":"aquifer-67","kind":"aquifer","nameJa":"フロリダ帯水層系"}},{"type":"Feature","geometry":{"type":"Polygon","coordinates":[[[-82.6806,28.8777],[-82.6806,28.8873],[-82.6697,28.8873],[-82.6697,28.8777],[-82.6806,28.8777]]]},"properties":{"AQ_NAME":"Floridan Aquifer System","ROCK_NAME":"Carbonate-rock","ROCK_TYPE":400,"id":"aquifer-68","kind":"aquifer","nameJa":"フロリダ帯水層系"}},{"type":"Feature","geometry":{"type":"Polygon","coordinates":[[[-82.691,28.8783],[-82.6935,28.8843],[-82.6877,28.8842],[-82.691,28.8783]]]},"properties":{"AQ_NAME":"Floridan Aquifer System","ROCK_NAME":"Carbonate-rock","ROCK_TYPE":400,"id":"aquifer-69","kind":"aquifer","nameJa":"フロリダ帯水層系"}},{"type":"Feature","geometry":{"type":"Polygon","coordinates":[[[-82.6488,28.8819],[-82.6465,28.8603],[-82.6546,28.8742],[-82.6488,28.8819]]]},"properties":{"AQ_NAME":"Floridan Aquifer System","ROCK_NAME":"Carbonate-rock","ROCK_TYPE":400,"id":"aquifer-70","kind":"aquifer","nameJa":"フロリダ帯水層系"}},{"type":"Feature","geometry":{"type":"Polygon","coordinates":[[[-82.6587,28.8681],[-82.6697,28.8681],[-82.6697,28.8777],[-82.6587,28.8681]]]},"properties":{"AQ_NAME":"Floridan Aquifer System","ROCK_NAME":"Carbonate-rock","ROCK_TYPE":400,"id":"aquifer-71","kind":"aquifer","nameJa":"フロリダ帯水層系"}},{"type":"Feature","geometry":{"type":"Polygon","coordinates":[[[-82.6916,28.8585],[-82.6916,28.8681],[-82.6806,28.8681],[-82.6916,28.8585]]]},"properties":{"AQ_NAME":"Floridan Aquifer System","ROCK_NAME":"Carbonate-rock","ROCK_TYPE":400,"id":"aquifer-72","kind":"aquifer","nameJa":"フロリダ帯水層系"}},{"type":"Feature","geometry":{"type":"Polygon","coordinates":[[[-82.7047,28.8651],[-82.7083,28.8693],[-82.7015,28.8711],[-82.7047,28.8651]]]},"properties":{"AQ_NAME":"Floridan Aquifer System","ROCK_NAME":"Carbonate-rock","ROCK_TYPE":400,"id":"aquifer-73","kind":"aquifer","nameJa":"フロリダ帯水層系"}},{"type":"Feature","geometry":{"type":"Polygon","coordinates":[[[-82.7152,28.8598],[-82.7177,28.8658],[-82.7119,28.8657],[-82.7152,28.8598]]]},"properties":{"AQ_NAME":"Floridan Aquifer System","ROCK_NAME":"Carbonate-rock","ROCK_TYPE":400,"id":"aquifer-74","kind":"aquifer","nameJa":"フロリダ帯水層系"}},{"type":"Feature","geometry":{"type":"Polygon","coordinates":[[[-82.6637,28.8564],[-82.6673,28.8601],[-82.66,28.8618],[-82.6637,28.8564]]]},"properties":{"AQ_NAME":"Floridan Aquifer System","ROCK_NAME":"Carbonate-rock","ROCK_TYPE":400,"id":"aquifer-75","kind":"aquifer","nameJa":"フロリダ帯水層系"}},{"type":"Feature","geometry":{"type":"Polygon","coordinates":[[[-82.7246,28.8489],[-82.7246,28.8585],[-82.7136,28.8585],[-82.7026,28.8585],[-82.7026,28.8489],[-82.7136,28.8489],[-82.7246,28.8489]]]},"properties":{"AQ_NAME":"Floridan Aquifer System","ROCK_NAME":"Carbonate-rock","ROCK_TYPE":400,"id":"aquifer-76","kind":"aquifer","nameJa":"フロリダ帯水層系"}},{"type":"Feature","geometry":{"type":"Polygon","coordinates":[[[-82.7026,28.82],[-82.7026,28.8296],[-82.7136,28.8296],[-82.7246,28.8296],[-82.7246,28.8393],[-82.7136,28.8393],[-82.7026,28.8393],[-82.7026,28.8489],[-82.6916,28.8489],[-82.6806,28.8489],[-82.6806,28.8585],[-82.6697,28.8585],[-82.6697,28.8489],[-82.6806,28.8393],[-82.6697,28.8393],[-82.6697,28.8296],[-82.6806,28.8296],[-82.6916,28.82],[-82.7026,28.82]]]},"properties":{"AQ_NAME":"Floridan Aquifer System","ROCK_NAME":"Carbonate-rock","ROCK_TYPE":400,"id":"aquifer-77","kind":"aquifer","nameJa":"フロリダ帯水層系"}},{"type":"Feature","geometry":{"type":"Polygon","coordinates":[[[-82.6592,28.8476],[-82.6617,28.8536],[-82.656,28.8535],[-82.6592,28.8476]]]},"properties":{"AQ_NAME":"Floridan Aquifer System","ROCK_NAME":"Carbonate-rock","ROCK_TYPE":400,"id":"aquifer-78","kind":"aquifer","nameJa":"フロリダ帯水層系"}},{"type":"Feature","geometry":{"type":"Polygon","coordinates":[[[-82.7304,28.8476],[-82.7329,28.8536],[-82.7272,28.8535],[-82.7304,28.8476]]]},"properties":{"AQ_NAME":"Floridan Aquifer System","ROCK_NAME":"Carbonate-rock","ROCK_TYPE":400,"id":"aquifer-79","kind":"aquifer","nameJa":"フロリダ帯水層系"}},{"type":"Feature","geometry":{"type":"Polygon","coordinates":[[[-82.6697,28.8393],[-82.6587,28.8489],[-82.6477,28.8489],[-82.6477,28.8393],[-82.6587,28.8393],[-82.6697,28.8393]]]},"properties":{"AQ_NAME":"Floridan Aquifer System","ROCK_NAME":"Carbonate-rock","ROCK_TYPE":400,"id":"aquifer-80","kind":"aquifer","nameJa":"フロリダ帯水層系"}},{"type":"Feature","geometry":{"type":"Polygon","coordinates":[[[-82.7321,28.837],[-82.7336,28.8416],[-82.7295,28.8425],[-82.7321,28.837]]]},"properties":{"AQ_NAME":"Floridan Aquifer System","ROCK_NAME":"Carbonate-rock","ROCK_TYPE":400,"id":"aquifer-81","kind":"aquifer","nameJa":"フロリダ帯水層系"}},{"type":"Feature","geometry":{"type":"Polygon","coordinates":[[[-82.7355,28.8296],[-82.7465,28.8296],[-82.7355,28.8393],[-82.7355,28.8296]]]},"properties":{"AQ_NAME":"Floridan Aquifer System","ROCK_NAME":"Carbonate-rock","ROCK_TYPE":400,"id":"aquifer-82","kind":"aquifer","nameJa":"フロリダ帯水層系"}},{"type":"Feature","geometry":{"type":"Polygon","coordinates":[[[-82.7342,28.8242],[-82.739,28.8288],[-82.7333,28.8278],[-82.7342,28.8242]]]},"properties":{"AQ_NAME":"Floridan Aquifer System","ROCK_NAME":"Carbonate-rock","ROCK_TYPE":400,"id":"aquifer-83","kind":"aquifer","nameJa":"フロリダ帯水層系"}},{"type":"Feature","geometry":{"type":"Polygon","coordinates":[[[-82.7342,28.8242],[-82.7303,28.8191],[-82.7345,28.8182],[-82.7342,28.8242]]]},"properties":{"AQ_NAME":"Floridan Aquifer System","ROCK_NAME":"Carbonate-rock","ROCK_TYPE":400,"id":"aquifer-84","kind":"aquifer","nameJa":"フロリダ帯水層系"}},{"type":"Feature","geometry":{"type":"Polygon","coordinates":[[[-82.7575,28.8104],[-82.7575,28.82],[-82.7465,28.8104],[-82.7575,28.8104]]]},"properties":{"AQ_NAME":"Floridan Aquifer System","ROCK_NAME":"Carbonate-rock","ROCK_TYPE":400,"id":"aquifer-85","kind":"aquifer","nameJa":"フロリダ帯水層系"}},{"type":"Feature","geometry":{"type":"Polygon","coordinates":[[[-82.7232,28.8084],[-82.7268,28.8122],[-82.7195,28.8144],[-82.7232,28.8084]]]},"properties":{"AQ_NAME":"Floridan Aquifer System","ROCK_NAME":"Carbonate-rock","ROCK_TYPE":400,"id":"aquifer-86","kind":"aquifer","nameJa":"フロリダ帯水層系"}},{"type":"Feature","geometry":{"type":"Polygon","coordinates":[[[-82.7045,28.8068],[-82.706,28.8133],[-82.7003,28.8132],[-82.7045,28.8068]]]},"properties":{"AQ_NAME":"Floridan Aquifer System","ROCK_NAME":"Carbonate-rock","ROCK_TYPE":400,"id":"aquifer-87","kind":"aquifer","nameJa":"フロリダ帯水層系"}},{"type":"Feature","geometry":{"type":"Polygon","coordinates":[[[-82.7031,28.7967],[-82.7062,28.8014],[-82.6989,28.8036],[-82.7031,28.7967]]]},"properties":{"AQ_NAME":"Floridan Aquifer System","ROCK_NAME":"Carbonate-rock","ROCK_TYPE":400,"id":"aquifer-88","kind":"aquifer","nameJa":"フロリダ帯水層系"}},{"type":"Feature","geometry":{"type":"Polygon","coordinates":[[[-82.7161,28.7964],[-82.7176,28.8029],[-82.7098,28.8014],[-82.7161,28.7964]]]},"properties":{"AQ_NAME":"Floridan Aquifer System","ROCK_NAME":"Carbonate-rock","ROCK_TYPE":400,"id":"aquifer-89","kind":"aquifer","nameJa":"フロリダ帯水層系"}},{"type":"Feature","geometry":{"type":"Polygon","coordinates":[[[-82.7535,28.7969],[-82.756,28.8024],[-82.7503,28.8023],[-82.7535,28.7969]]]},"properties":{"AQ_NAME":"Floridan Aquifer System","ROCK_NAME":"Carbonate-rock","ROCK_TYPE":400,"id":"aquifer-90","kind":"aquifer","nameJa":"フロリダ帯水層系"}},{"type":"Feature","geometry":{"type":"Polygon","coordinates":[[[-82.7355,28.7912],[-82.7465,28.8008],[-82.7355,28.8008],[-82.7355,28.7912]]]},"properties":{"AQ_NAME":"Floridan Aquifer System","ROCK_NAME":"Carbonate-rock","ROCK_TYPE":400,"id":"aquifer-91","kind":"aquifer","nameJa":"フロリダ帯水層系"}},{"type":"Feature","geometry":{"type":"Polygon","coordinates":[[[-82.7395,28.7953],[-82.7433,28.7871],[-82.7458,28.7917],[-82.7395,28.7953]]]},"properties":{"AQ_NAME":"Floridan Aquifer System","ROCK_NAME":"Carbonate-rock","ROCK_TYPE":400,"id":"aquifer-92","kind":"aquifer","nameJa":"フロリダ帯水層系"}},{"type":"Feature","geometry":{"type":"Polygon","coordinates":[[[-82.7355,28.7912],[-82.7246,28.7912],[-82.7355,28.7815],[-82.7355,28.7912]]]},"properties":{"AQ_NAME":"Floridan Aquifer System","ROCK_NAME":"Carbonate-rock","ROCK_TYPE":400,"id":"aquifer-93","kind":"aquifer","nameJa":"フロリダ帯水層系"}},{"type":"Feature","geometry":{"type":"MultiPolygon","coordinates":[[[[-82.6806,28.7623],[-82.6806,28.7719],[-82.6916,28.7719],[-82.6806,28.7912],[-82.6806,28.7815],[-82.6697,28.7719],[-82.6697,28.7623],[-82.6806,28.7623]]],[[[-82.6916,28.7527],[-82.6916,28.7623],[-82.6806,28.7623],[-82.6806,28.7527],[-82.6916,28.7527]]]]},"properties":{"AQ_NAME":"Floridan Aquifer System","ROCK_NAME":"Carbonate-rock","ROCK_TYPE":400,"id":"aquifer-94","kind":"aquifer","nameJa":"フロリダ帯水層系"}},{"type":"Feature","geometry":{"type":"Polygon","coordinates":[[[-82.7481,28.7803],[-82.7506,28.7831],[-82.7454,28.7857],[-82.7481,28.7803]]]},"properties":{"AQ_NAME":"Floridan Aquifer System","ROCK_NAME":"Carbonate-rock","ROCK_TYPE":400,"id":"aquifer-95","kind":"aquifer","nameJa":"フロリダ帯水層系"}},{"type":"Feature","geometry":{"type":"Polygon","coordinates":[[[-82.7465,28.7719],[-82.7465,28.7815],[-82.7355,28.7815],[-82.7355,28.7719],[-82.7465,28.7719]]]},"properties":{"AQ_NAME":"Floridan Aquifer System","ROCK_NAME":"Carbonate-rock","ROCK_TYPE":400,"id":"aquifer-96","kind":"aquifer","nameJa":"フロリダ帯水層系"}},{"type":"Feature","geometry":{"type":"Polygon","coordinates":[[[-82.6916,28.7527],[-82.6806,28.7527],[-82.6916,28.7431],[-82.6916,28.7527]]]},"properties":{"AQ_NAME":"Floridan Aquifer System","ROCK_NAME":"Carbonate-rock","ROCK_TYPE":400,"id":"aquifer-97","kind":"aquifer","nameJa":"フロリダ帯水層系"}},{"type":"Feature","geometry":{"type":"Polygon","coordinates":[[[-82.6769,28.7491],[-82.6783,28.7551],[-82.6695,28.755],[-82.6769,28.7491]]]},"properties":{"AQ_NAME":"Floridan Aquifer System","ROCK_NAME":"Carbonate-rock","ROCK_TYPE":400,"id":"aquifer-98","kind":"aquifer","nameJa":"フロリダ帯水層系"}},{"type":"Feature","geometry":{"type":"Polygon","coordinates":[[[-82.6587,28.7431],[-82.6587,28.7527],[-82.6477,28.7527],[-82.6587,28.7431]]]},"properties":{"AQ_NAME":"Floridan Aquifer System","ROCK_NAME":"Carbonate-rock","ROCK_TYPE":400,"id":"aquifer-99","kind":"aquifer","nameJa":"フロリダ帯水層系"}},{"type":"Feature","geometry":{"type":"Polygon","coordinates":[[[-82.6827,28.7386],[-82.6863,28.7433],[-82.6759,28.7454],[-82.6827,28.7386]]]},"properties":{"AQ_NAME":"Floridan Aquifer System","ROCK_NAME":"Carbonate-rock","ROCK_TYPE":400,"id":"aquifer-100","kind":"aquifer","nameJa":"フロリダ帯水層系"}},{"type":"Feature","geometry":{"type":"Polygon","coordinates":[[[-82.6697,28.7142],[-82.6806,28.7142],[-82.6806,28.7238],[-82.6806,28.7334],[-82.6697,28.7334],[-82.6697,28.7431],[-82.6587,28.7334],[-82.6587,28.7238],[-82.6587,28.7142],[-82.6697,28.7142]]]},"properties":{"AQ_NAME":"Floridan Aquifer System","ROCK_NAME":"Carbonate-rock","ROCK_TYPE":400,"id":"aquifer-101","kind":"aquifer","nameJa":"フロリダ帯水層系"}},{"type":"Feature","geometry":{"type":"Polygon","coordinates":[[[-82.6929,28.7185],[-82.6965,28.7232],[-82.6861,28.7249],[-82.6929,28.7185]]]},"properties":{"AQ_NAME":"Floridan Aquifer System","ROCK_NAME":"Carbonate-rock","ROCK_TYPE":400,"id":"aquifer-102","kind":"aquifer","nameJa":"フロリダ帯水層系"}},{"type":"Feature","geometry":{"type":"Polygon","coordinates":[[[-82.7026,28.7142],[-82.7136,28.7142],[-82.7136,28.7238],[-82.7026,28.7238],[-82.7026,28.7142]]]},"properties":{"AQ_NAME":"Floridan Aquifer System","ROCK_NAME":"Carbonate-rock","ROCK_TYPE":400,"id":"aquifer-103","kind":"aquifer","nameJa":"フロリダ帯水層系"}},{"type":"Feature","geometry":{"type":"Polygon","coordinates":[[[-82.6916,28.6949],[-82.6916,28.7045],[-82.6806,28.7045],[-82.6806,28.6949],[-82.6916,28.6949]]]},"properties":{"AQ_NAME":"Floridan Aquifer System","ROCK_NAME":"Carbonate-rock","ROCK_TYPE":400,"id":"aquifer-104","kind":"aquifer","nameJa":"フロリダ帯水層系"}},{"type":"Feature","geometry":{"type":"Polygon","coordinates":[[[-82.6697,28.6949],[-82.6697,28.7045],[-82.6587,28.7045],[-82.6697,28.6949]]]},"properties":{"AQ_NAME":"Floridan Aquifer System","ROCK_NAME":"Carbonate-rock","ROCK_TYPE":400,"id":"aquifer-105","kind":"aquifer","nameJa":"フロリダ帯水層系"}},{"type":"Feature","geometry":{"type":"Polygon","coordinates":[[[-82.6504,28.6822],[-82.6519,28.6891],[-82.6462,28.689],[-82.6504,28.6822]]]},"properties":{"AQ_NAME":"Floridan Aquifer System","ROCK_NAME":"Carbonate-rock","ROCK_TYPE":400,"id":"aquifer-106","kind":"aquifer","nameJa":"フロリダ帯水層系"}},{"type":"Feature","geometry":{"type":"Polygon","coordinates":[[[-82.6697,28.6757],[-82.6697,28.6853],[-82.6587,28.6853],[-82.6697,28.6757]]]},"properties":{"AQ_NAME":"Floridan Aquifer System","ROCK_NAME":"Carbonate-rock","ROCK_TYPE":400,"id":"aquifer-107","kind":"aquifer","nameJa":"フロリダ帯水層系"}},{"type":"Feature","geometry":{"type":"Polygon","coordinates":[[[-82.6668,28.6636],[-82.673,28.6664],[-82.6718,28.6756],[-82.6668,28.6636]]]},"properties":{"AQ_NAME":"Floridan Aquifer System","ROCK_NAME":"Carbonate-rock","ROCK_TYPE":400,"id":"aquifer-108","kind":"aquifer","nameJa":"フロリダ帯水層系"}},{"type":"Feature","geometry":{"type":"Polygon","coordinates":[[[-82.6806,28.6564],[-82.6916,28.666],[-82.6806,28.666],[-82.6806,28.6564]]]},"properties":{"AQ_NAME":"Floridan Aquifer System","ROCK_NAME":"Carbonate-rock","ROCK_TYPE":400,"id":"aquifer-109","kind":"aquifer","nameJa":"フロリダ帯水層系"}},{"type":"Feature","geometry":{"type":"Polygon","coordinates":[[[-82.6587,28.666],[-82.6477,28.666],[-82.6697,28.6564],[-82.6587,28.666]]]},"properties":{"AQ_NAME":"Floridan Aquifer System","ROCK_NAME":"Carbonate-rock","ROCK_TYPE":400,"id":"aquifer-110","kind":"aquifer","nameJa":"フロリダ帯水層系"}},{"type":"Feature","geometry":{"type":"Polygon","coordinates":[[[-82.6719,28.6352],[-82.6739,28.6421],[-82.6677,28.642],[-82.6719,28.6352]]]},"properties":{"AQ_NAME":"Floridan Aquifer System","ROCK_NAME":"Carbonate-rock","ROCK_TYPE":400,"id":"aquifer-111","kind":"aquifer","nameJa":"フロリダ帯水層系"}},{"type":"Feature","geometry":{"type":"Polygon","coordinates":[[[-82.656,28.6235],[-82.6602,28.6254],[-82.6584,28.6354],[-82.656,28.6235]]]},"properties":{"AQ_NAME":"Floridan Aquifer System","ROCK_NAME":"Carbonate-rock","ROCK_TYPE":400,"id":"aquifer-112","kind":"aquifer","nameJa":"フロリダ帯水層系"}},{"type":"Feature","geometry":{"type":"Polygon","coordinates":[[[-82.671,28.6255],[-82.6725,28.6324],[-82.6663,28.6323],[-82.671,28.6255]]]},"properties":{"AQ_NAME":"Floridan Aquifer System","ROCK_NAME":"Carbonate-rock","ROCK_TYPE":400,"id":"aquifer-113","kind":"aquifer","nameJa":"フロリダ帯水層系"}},{"type":"Feature","geometry":{"type":"Polygon","coordinates":[[[-82.6697,28.5889],[-82.6697,28.5986],[-82.6587,28.5986],[-82.6587,28.5889],[-82.6697,28.5889]]]},"properties":{"AQ_NAME":"Floridan Aquifer System","ROCK_NAME":"Carbonate-rock","ROCK_TYPE":400,"id":"aquifer-114","kind":"aquifer","nameJa":"フロリダ帯水層系"}},{"type":"Feature","geometry":{"type":"Polygon","coordinates":[[[-82.4501,27.9121],[-82.4611,27.9121],[-82.4611,27.9218],[-82.4611,27.9315],[-82.4501,27.9315],[-82.4501,27.9218],[-82.4391,27.9218],[-82.4391,27.9121],[-82.4501,27.9121]]]},"properties":{"AQ_NAME":"Floridan Aquifer System","ROCK_NAME":"Carbonate-rock","ROCK_TYPE":400,"id":"aquifer-115","kind":"aquifer","nameJa":"フロリダ帯水層系"}},{"type":"Feature","geometry":{"type":"Polygon","coordinates":[[[-82.494,27.8263],[-82.4971,27.8236],[-82.5099,27.8293],[-82.494,27.8263]]]},"properties":{"AQ_NAME":"Floridan Aquifer System","ROCK_NAME":"Carbonate-rock","ROCK_TYPE":400,"id":"aquifer-116","kind":"aquifer","nameJa":"フロリダ帯水層系"}}]}