Area Code,Area Code (M49),Area,Item Code,Item Code (CPC),Item,Element Code,Element,Year Code,Year,Unit,Value,Flag,Note
2,'004,Afghanistan,866,'02111,Cattle,5111,Stocks,2024,2024,An,5555383.000000,E,
2,'004,Afghanistan,867,'21111.01,"Meat of cattle with the bone, fresh or chilled",5510,Production,2024,2024,t,61420.580000,I,
2,'004,Afghanistan,882,'02211,Raw milk of cattle,5510,Production,2024,2024,t,1928135.810000,I,
2,'004,Afghanistan,236,'0141,Soya beans,5510,Production,2024,2024,t,7304.900000,I,
3,'008,Albania,866,'02111,Cattle,5111,Stocks,2024,2024,An,272035.000000,A,
3,'008,Albania,867,'21111.01,"Meat of cattle with the bone, fresh or chilled",5510,Production,2024,2024,t,25996.000000,A,
3,'008,Albania,882,'02211,Raw milk of cattle,5510,Production,2024,2024,t,744693.340000,A,
3,'008,Albania,236,'0141,Soya beans,5510,Production,2024,2024,t,813.200000,A,
4,'012,Algeria,486,'01312,Bananas,5510,Production,2024,2024,t,234.770000,E,
4,'012,Algeria,866,'02111,Cattle,5111,Stocks,2024,2024,An,1782454.000000,I,
4,'012,Algeria,867,'21111.01,"Meat of cattle with the bone, fresh or chilled",5510,Production,2024,2024,t,135000.000000,X,Unofficial figure
4,'012,Algeria,882,'02211,Raw milk of cattle,5510,Production,2024,2024,t,2420851.410000,E,
7,'024,Angola,486,'01312,Bananas,5510,Production,2024,2024,t,5213106.000000,A,
7,'024,Angola,866,'02111,Cattle,5111,Stocks,2024,2024,An,5200294.000000,I,
7,'024,Angola,656,'01610,"Coffee, green",5510,Production,2024,2024,t,7584.000000,A,
7,'024,Angola,867,'21111.01,"Meat of cattle with the bone, fresh or chilled",5510,Production,2024,2024,t,110104.000000,A,
7,'024,Angola,882,'02211,Raw milk of cattle,5510,Production,2024,2024,t,221864.180000,I,
7,'024,Angola,236,'0141,Soya beans,5510,Production,2024,2024,t,46857.000000,A,
8,'028,Antigua and Barbuda,486,'01312,Bananas,5510,Production,2024,2024,t,2.370000,A,
8,'028,Antigua and Barbuda,866,'02111,Cattle,5111,Stocks,2024,2024,An,4500.000000,E,
8,'028,Antigua and Barbuda,867,'21111.01,"Meat of cattle with the bone, fresh or chilled",5510,Production,2024,2024,t,73.340000,A,
8,'028,Antigua and Barbuda,882,'02211,Raw milk of cattle,5510,Production,2024,2024,t,3102.050000,I,
9,'032,Argentina,486,'01312,Bananas,5510,Production,2024,2024,t,177081.850000,I,
9,'032,Argentina,866,'02111,Cattle,5111,Stocks,2024,2024,An,52783892.000000,A,
9,'032,Argentina,867,'21111.01,"Meat of cattle with the bone, fresh or chilled",5510,Production,2024,2024,t,3178044.000000,A,
9,'032,Argentina,882,'02211,Raw milk of cattle,5510,Production,2024,2024,t,10908039.000000,A,
9,'032,Argentina,236,'0141,Soya beans,5510,Production,2024,2024,t,48213207.000000,A,
1,'051,Armenia,866,'02111,Cattle,5111,Stocks,2024,2024,An,491594.000000,A,
1,'051,Armenia,867,'21111.01,"Meat of cattle with the bone, fresh or chilled",5510,Production,2024,2024,t,60060.000000,A,
1,'051,Armenia,882,'02211,Raw milk of cattle,5510,Production,2024,2024,t,542000.000000,A,
10,'036,Australia,486,'01312,Bananas,5510,Production,2024,2024,t,368735.000000,A,
10,'036,Australia,866,'02111,Cattle,5111,Stocks,2024,2024,An,30372537.000000,A,
10,'036,Australia,867,'21111.01,"Meat of cattle with the bone, fresh or chilled",5510,Production,2024,2024,t,2589767.000000,A,
10,'036,Australia,882,'02211,Raw milk of cattle,5510,Production,2024,2024,t,8669500.000000,A,
10,'036,Australia,236,'0141,Soya beans,5510,Production,2024,2024,t,65300.000000,A,
11,'040,Austria,486,'01312,Bananas,5510,Production,2024,2024,t,0.000000,A,
11,'040,Austria,866,'02111,Cattle,5111,Stocks,2024,2024,An,1820030.000000,A,
11,'040,Austria,867,'21111.01,"Meat of cattle with the bone, fresh or chilled",5510,Production,2024,2024,t,203470.000000,A,
11,'040,Austria,882,'02211,Raw milk of cattle,5510,Production,2024,2024,t,4020700.000000,A,
11,'040,Austria,236,'0141,Soya beans,5510,Production,2024,2024,t,249130.000000,A,
52,'031,Azerbaijan,866,'02111,Cattle,5111,Stocks,2024,2024,An,2329506.000000,I,
52,'031,Azerbaijan,867,'21111.01,"Meat of cattle with the bone, fresh or chilled",5510,Production,2024,2024,t,140472.610000,I,
52,'031,Azerbaijan,882,'02211,Raw milk of cattle,5510,Production,2024,2024,t,2222195.330000,E,
52,'031,Azerbaijan,236,'0141,Soya beans,5510,Production,2024,2024,t,29.730000,E,
12,'044,Bahamas,486,'01312,Bananas,5510,Production,2024,2024,t,10540.860000,E,
12,'044,Bahamas,866,'02111,Cattle,5111,Stocks,2024,2024,An,743.000000,I,
12,'044,Bahamas,867,'21111.01,"Meat of cattle with the bone, fresh or chilled",5510,Production,2024,2024,t,17.550000,I,
12,'044,Bahamas,882,'02211,Raw milk of cattle,5510,Production,2024,2024,t,684.110000,I,
13,'048,Bahrain,486,'01312,Bananas,5510,Production,2024,2024,t,,M,
13,'048,Bahrain,866,'02111,Cattle,5111,Stocks,2024,2024,An,7000.000000,A,
13,'048,Bahrain,867,'21111.01,"Meat of cattle with the bone, fresh or chilled",5510,Production,2024,2024,t,775.560000,I,
13,'048,Bahrain,882,'02211,Raw milk of cattle,5510,Production,2024,2024,t,10538.470000,I,
16,'050,Bangladesh,486,'01312,Bananas,5510,Production,2024,2024,t,813560.000000,A,
16,'050,Bangladesh,866,'02111,Cattle,5111,Stocks,2024,2024,An,25013000.000000,A,
16,'050,Bangladesh,867,'21111.01,"Meat of cattle with the bone, fresh or chilled",5510,Production,2024,2024,t,204685.250000,I,
16,'050,Bangladesh,882,'02211,Raw milk of cattle,5510,Production,2024,2024,t,13539600.000000,E,
16,'050,Bangladesh,236,'0141,Soya beans,5510,Production,2024,2024,t,106833.000000,A,
14,'052,Barbados,486,'01312,Bananas,5510,Production,2024,2024,t,981.370000,I,
14,'052,Barbados,866,'02111,Cattle,5111,Stocks,2024,2024,An,11241.000000,E,
14,'052,Barbados,867,'21111.01,"Meat of cattle with the bone, fresh or chilled",5510,Production,2024,2024,t,146.440000,I,
14,'052,Barbados,882,'02211,Raw milk of cattle,5510,Production,2024,2024,t,4166.440000,E,
57,'112,Belarus,866,'02111,Cattle,5111,Stocks,2024,2024,An,4097900.000000,A,
57,'112,Belarus,867,'21111.01,"Meat of cattle with the bone, fresh or chilled",5510,Production,2024,2024,t,399000.000000,A,
57,'112,Belarus,882,'02211,Raw milk of cattle,5510,Production,2024,2024,t,8751000.000000,A,
255,'056,Belgium,486,'01312,Bananas,5510,Production,2024,2024,t,0.000000,A,
255,'056,Belgium,866,'02111,Cattle,5111,Stocks,2024,2024,An,2153430.000000,A,
255,'056,Belgium,867,'21111.01,"Meat of cattle with the bone, fresh or chilled",5510,Production,2024,2024,t,249440.000000,A,
255,'056,Belgium,882,'02211,Raw milk of cattle,5510,Production,2024,2024,t,4597000.000000,A,
23,'084,Belize,486,'01312,Bananas,5510,Production,2024,2024,t,85071.990000,A,
23,'084,Belize,866,'02111,Cattle,5111,Stocks,2024,2024,An,99019.000000,I,
23,'084,Belize,656,'01610,"Coffee, green",5510,Production,2024,2024,t,89.570000,E,
23,'084,Belize,867,'21111.01,"Meat of cattle with the bone, fresh or chilled",5510,Production,2024,2024,t,2143.000000,A,
23,'084,Belize,882,'02211,Raw milk of cattle,5510,Production,2024,2024,t,5186.000000,A,
23,'084,Belize,236,'0141,Soya beans,5510,Production,2024,2024,t,26404.000000,A,
53,'204,Benin,486,'01312,Bananas,5510,Production,2024,2024,t,20972.970000,E,
53,'204,Benin,866,'02111,Cattle,5111,Stocks,2024,2024,An,2762716.000000,A,
53,'204,Benin,656,'01610,"Coffee, green",5510,Production,2024,2024,t,55.130000,E,
53,'204,Benin,867,'21111.01,"Meat of cattle with the bone, fresh or chilled",5510,Production,2024,2024,t,47794.000000,A,
53,'204,Benin,882,'02211,Raw milk of cattle,5510,Production,2024,2024,t,149567.000000,A,
53,'204,Benin,236,'0141,Soya beans,5510,Production,2024,2024,t,652453.900000,A,
18,'064,Bhutan,486,'01312,Bananas,5510,Production,2024,2024,t,2049.660000,A,
18,'064,Bhutan,866,'02111,Cattle,5111,Stocks,2024,2024,An,257103.000000,A,
18,'064,Bhutan,867,'21111.01,"Meat of cattle with the bone, fresh or chilled",5510,Production,2024,2024,t,1419.610000,A,
18,'064,Bhutan,882,'02211,Raw milk of cattle,5510,Production,2024,2024,t,44037.710000,A,
18,'064,Bhutan,236,'0141,Soya beans,5510,Production,2024,2024,t,79.650000,A,
19,'068,Bolivia (Plurinational State of),486,'01312,Bananas,5510,Production,2024,2024,t,301638.280000,A,
19,'068,Bolivia (Plurinational State of),866,'02111,Cattle,5111,Stocks,2024,2024,An,11245622.000000,A,
19,'068,Bolivia (Plurinational State of),656,'01610,"Coffee, green",5510,Production,2024,2024,t,23063.650000,A,
19,'068,Bolivia (Plurinational State of),867,'21111.01,"Meat of cattle with the bone, fresh or chilled",5510,Production,2024,2024,t,349417.260000,A,
19,'068,Bolivia (Plurinational State of),882,'02211,Raw milk of cattle,5510,Production,2024,2024,t,582164.000000,A,
19,'068,Bolivia (Plurinational State of),236,'0141,Soya beans,5510,Production,2024,2024,t,3216439.760000,A,
80,'070,Bosnia and Herzegovina,866,'02111,Cattle,5111,Stocks,2024,2024,An,383331.000000,A,
80,'070,Bosnia and Herzegovina,867,'21111.01,"Meat of cattle with the bone, fresh or chilled",5510,Production,2024,2024,t,9792.000000,A,
80,'070,Bosnia and Herzegovina,882,'02211,Raw milk of cattle,5510,Production,2024,2024,t,600487.000000,A,
80,'070,Bosnia and Herzegovina,236,'0141,Soya beans,5510,Production,2024,2024,t,31579.000000,A,
20,'072,Botswana,866,'02111,Cattle,5111,Stocks,2024,2024,An,918057.000000,I,
20,'072,Botswana,867,'21111.01,"Meat of cattle with the bone, fresh or chilled",5510,Production,2024,2024,t,64888.950000,I,
20,'072,Botswana,882,'02211,Raw milk of cattle,5510,Production,2024,2024,t,25703.850000,E,
21,'076,Brazil,486,'01312,Bananas,5510,Production,2024,2024,t,7046345.000000,A,
21,'076,Brazil,866,'02111,Cattle,5111,Stocks,2024,2024,An,238180757.000000,A,
21,'076,Brazil,656,'01610,"Coffee, green",5510,Production,2024,2024,t,3387724.000000,A,
21,'076,Brazil,867,'21111.01,"Meat of cattle with the bone, fresh or chilled",5510,Production,2024,2024,t,10237584.000000,A,
21,'076,Brazil,882,'02211,Raw milk of cattle,5510,Production,2024,2024,t,36816177.860000,A,
21,'076,Brazil,236,'0141,Soya beans,5510,Production,2024,2024,t,144473768.000000,A,
26,'096,Brunei Darussalam,486,'01312,Bananas,5510,Production,2024,2024,t,1988.430000,A,
26,'096,Brunei Darussalam,866,'02111,Cattle,5111,Stocks,2024,2024,An,286.000000,A,
26,'096,Brunei Darussalam,867,'21111.01,"Meat of cattle with the bone, fresh or chilled",5510,Production,2024,2024,t,986.110000,I,
26,'096,Brunei Darussalam,882,'02211,Raw milk of cattle,5510,Production,2024,2024,t,40.340000,I,
27,'100,Bulgaria,486,'01312,Bananas,5510,Production,2024,2024,t,0.000000,A,
27,'100,Bulgaria,866,'02111,Cattle,5111,Stocks,2024,2024,An,558770.000000,A,
27,'100,Bulgaria,867,'21111.01,"Meat of cattle with the bone, fresh or chilled",5510,Production,2024,2024,t,18820.000000,A,
27,'100,Bulgaria,882,'02211,Raw milk of cattle,5510,Production,2024,2024,t,708210.000000,A,
27,'100,Bulgaria,236,'0141,Soya beans,5510,Production,2024,2024,t,630.000000,A,
233,'854,Burkina Faso,486,'01312,Bananas,5510,Production,2024,2024,t,46922.050000,I,
233,'854,Burkina Faso,866,'02111,Cattle,5111,Stocks,2024,2024,An,10280515.000000,I,
233,'854,Burkina Faso,867,'21111.01,"Meat of cattle with the bone, fresh or chilled",5510,Production,2024,2024,t,136145.870000,I,
233,'854,Burkina Faso,882,'02211,Raw milk of cattle,5510,Production,2024,2024,t,225266.190000,E,
233,'854,Burkina Faso,236,'0141,Soya beans,5510,Production,2024,2024,t,138051.790000,I,
29,'108,Burundi,486,'01312,Bananas,5510,Production,2024,2024,t,1207926.330000,I,
29,'108,Burundi,866,'02111,Cattle,5111,Stocks,2024,2024,An,1228356.000000,I,
29,'108,Burundi,656,'01610,"Coffee, green",5510,Production,2024,2024,t,6900.000000,X,Unofficial figure
29,'108,Burundi,867,'21111.01,"Meat of cattle with the bone, fresh or chilled",5510,Production,2024,2024,t,16871.090000,I,
29,'108,Burundi,882,'02211,Raw milk of cattle,5510,Production,2024,2024,t,40561.670000,E,
29,'108,Burundi,236,'0141,Soya beans,5510,Production,2024,2024,t,2165.140000,I,
35,'132,Cabo Verde,486,'01312,Bananas,5510,Production,2024,2024,t,3903.000000,A,
35,'132,Cabo Verde,866,'02111,Cattle,5111,Stocks,2024,2024,An,29779.000000,A,
35,'132,Cabo Verde,656,'01610,"Coffee, green",5510,Production,2024,2024,t,14.000000,A,
35,'132,Cabo Verde,867,'21111.01,"Meat of cattle with the bone, fresh or chilled",5510,Production,2024,2024,t,701.570000,I,
35,'132,Cabo Verde,882,'02211,Raw milk of cattle,5510,Production,2024,2024,t,4612.000000,A,
115,'116,Cambodia,486,'01312,Bananas,5510,Production,2024,2024,t,374922.780000,I,
115,'116,Cambodia,866,'02111,Cattle,5111,Stocks,2024,2024,An,2821807.000000,I,
115,'116,Cambodia,656,'01610,"Coffee, green",5510,Production,2024,2024,t,362.680000,I,
115,'116,Cambodia,867,'21111.01,"Meat of cattle with the bone, fresh or chilled",5510,Production,2024,2024,t,57963.920000,I,
115,'116,Cambodia,882,'02211,Raw milk of cattle,5510,Production,2024,2024,t,24319.970000,I,
115,'116,Cambodia,236,'0141,Soya beans,5510,Production,2024,2024,t,51000.000000,X,Unofficial figure
32,'120,Cameroon,486,'01312,Bananas,5510,Production,2024,2024,t,805352.550000,I,
32,'120,Cameroon,866,'02111,Cattle,5111,Stocks,2024,2024,An,5941769.000000,I,
32,'120,Cameroon,656,'01610,"Coffee, green",5510,Production,2024,2024,t,29774.370000,I,
32,'120,Cameroon,867,'21111.01,"Meat of cattle with the bone, fresh or chilled",5510,Production,2024,2024,t,127280.800000,I,
32,'120,Cameroon,882,'02211,Raw milk of cattle,5510,Production,2024,2024,t,210320.990000,E,
32,'120,Cameroon,236,'0141,Soya beans,5510,Production,2024,2024,t,116690.210000,I,
33,'124,Canada,866,'02111,Cattle,5111,Stocks,2024,2024,An,10985000.000000,A,
33,'124,Canada,867,'21111.01,"Meat of cattle with the bone, fresh or chilled",5510,Production,2024,2024,t,1291344.000000,A,
33,'124,Canada,882,'02211,Raw milk of cattle,5510,Production,2024,2024,t,9960207.000000,A,
33,'124,Canada,236,'0141,Soya beans,5510,Production,2024,2024,t,7568013.000000,A,
37,'140,Central African Republic,486,'01312,Bananas,5510,Production,2024,2024,t,57239.580000,I,
37,'140,Central African Republic,866,'02111,Cattle,5111,Stocks,2024,2024,An,4864952.000000,E,
37,'140,Central African Republic,656,'01610,"Coffee, green",5510,Production,2024,2024,t,324922.990000,I,
37,'140,Central African Republic,867,'21111.01,"Meat of cattle with the bone, fresh or chilled",5510,Production,2024,2024,t,103630.230000,I,
37,'140,Central African Republic,882,'02211,Raw milk of cattle,5510,Production,2024,2024,t,83107.360000,I,
39,'148,Chad,866,'02111,Cattle,5111,Stocks,2024,2024,An,39625902.000000,I,
39,'148,Chad,867,'21111.01,"Meat of cattle with the bone, fresh or chilled",5510,Production,2024,2024,t,578029.260000,I,
39,'148,Chad,882,'02211,Raw milk of cattle,5510,Production,2024,2024,t,271976.090000,I,
40,'152,Chile,866,'02111,Cattle,5111,Stocks,2024,2024,An,2962490.000000,I,
40,'152,Chile,867,'21111.01,"Meat of cattle with the bone, fresh or chilled",5510,Production,2024,2024,t,197958.300000,A,
40,'152,Chile,882,'02211,Raw milk of cattle,5510,Production,2024,2024,t,2300034.000000,A,
40,'152,Chile,236,'0141,Soya beans,5510,Production,2024,2024,t,,M,
351,'159,China,486,'01312,Bananas,5510,Production,2024,2024,t,12101090.230000,A,
351,'159,China,866,'02111,Cattle,5111,Stocks,2024,2024,An,70482811.000000,E,
351,'159,China,656,'01610,"Coffee, green",5510,Production,2024,2024,t,114951.290000,E,
351,'159,China,867,'21111.01,"Meat of cattle with the bone, fresh or chilled",5510,Production,2024,2024,t,7026372.520000,E,
351,'159,China,882,'02211,Raw milk of cattle,5510,Production,2024,2024,t,41260060.000000,A,
351,'159,China,236,'0141,Soya beans,5510,Production,2024,2024,t,20655000.000000,A,
96,'344,"China, Hong Kong SAR",866,'02111,Cattle,5111,Stocks,2024,2024,An,1570.000000,I,
96,'344,"China, Hong Kong SAR",867,'21111.01,"Meat of cattle with the bone, fresh or chilled",5510,Production,2024,2024,t,5802.010000,I,
96,'344,"China, Hong Kong SAR",882,'02211,Raw milk of cattle,5510,Production,2024,2024,t,60.000000,E,
128,'446,"China, Macao SAR",867,'21111.01,"Meat of cattle with the bone, fresh or chilled",5510,Production,2024,2024,t,760.510000,I,
41,'156,"China, mainland",486,'01312,Bananas,5510,Production,2024,2024,t,11759700.000000,A,
41,'156,"China, mainland",866,'02111,Cattle,5111,Stocks,2024,2024,An,70325500.000000,E,
41,'156,"China, mainland",656,'01610,"Coffee, green",5510,Production,2024,2024,t,114000.000000,X,Unofficial figure
41,'156,"China, mainland",867,'21111.01,"Meat of cattle with the bone, fresh or chilled",5510,Production,2024,2024,t,7011810.000000,E,
41,'156,"China, mainland",882,'02211,Raw milk of cattle,5510,Production,2024,2024,t,40790000.000000,A,
41,'156,"China, mainland",236,'0141,Soya beans,5510,Production,2024,2024,t,20650000.000000,A,
214,'158,"China, Taiwan Province of",486,'01312,Bananas,5510,Production,2024,2024,t,341390.230000,I,
214,'158,"China, Taiwan Province of",866,'02111,Cattle,5111,Stocks,2024,2024,An,155741.000000,I,
214,'158,"China, Taiwan Province of",656,'01610,"Coffee, green",5510,Production,2024,2024,t,951.290000,I,
214,'158,"China, Taiwan Province of",867,'21111.01,"Meat of cattle with the bone, fresh or chilled",5510,Production,2024,2024,t,8000.000000,X,Unofficial figure
214,'158,"China, Taiwan Province of",882,'02211,Raw milk of cattle,5510,Production,2024,2024,t,470000.000000,X,Unofficial figure
214,'158,"China, Taiwan Province of",236,'0141,Soya beans,5510,Production,2024,2024,t,5000.000000,X,Unofficial figure
44,'170,Colombia,486,'01312,Bananas,5510,Production,2024,2024,t,2638063.850000,A,
44,'170,Colombia,866,'02111,Cattle,5111,Stocks,2024,2024,An,30344182.000000,A,
44,'170,Colombia,656,'01610,"Coffee, green",5510,Production,2024,2024,t,839846.690000,A,
44,'170,Colombia,867,'21111.01,"Meat of cattle with the bone, fresh or chilled",5510,Production,2024,2024,t,731624.830000,A,
44,'170,Colombia,882,'02211,Raw milk of cattle,5510,Production,2024,2024,t,7943000.000000,A,
44,'170,Colombia,236,'0141,Soya beans,5510,Production,2024,2024,t,235454.000000,A,
45,'174,Comoros,486,'01312,Bananas,5510,Production,2024,2024,t,80028.660000,I,
45,'174,Comoros,866,'02111,Cattle,5111,Stocks,2024,2024,An,51420.000000,I,
45,'174,Comoros,656,'01610,"Coffee, green",5510,Production,2024,2024,t,142.100000,E,
45,'174,Comoros,867,'21111.01,"Meat of cattle with the bone, fresh or chilled",5510,Production,2024,2024,t,1226.080000,I,
45,'174,Comoros,882,'02211,Raw milk of cattle,5510,Production,2024,2024,t,13118.300000,I,
46,'178,Congo,486,'01312,Bananas,5510,Production,2024,2024,t,86253.570000,I,
46,'178,Congo,866,'02111,Cattle,5111,Stocks,2024,2024,An,335224.000000,I,
46,'178,Congo,656,'01610,"Coffee, green",5510,Production,2024,2024,t,3177.370000,E,
46,'178,Congo,867,'21111.01,"Meat of cattle with the bone, fresh or chilled",5510,Production,2024,2024,t,5382.630000,I,
46,'178,Congo,882,'02211,Raw milk of cattle,5510,Production,2024,2024,t,4466.310000,I,
47,'184,Cook Islands,486,'01312,Bananas,5510,Production,2024,2024,t,9.830000,E,
47,'184,Cook Islands,866,'02111,Cattle,5111,Stocks,2024,2024,An,233.000000,I,
47,'184,Cook Islands,656,'01610,"Coffee, green",5510,Production,2024,2024,t,0.370000,I,
47,'184,Cook Islands,867,'21111.01,"Meat of cattle with the bone, fresh or chilled",5510,Production,2024,2024,t,7.210000,I,
48,'188,Costa Rica,486,'01312,Bananas,5510,Production,2024,2024,t,2630019.890000,A,
48,'188,Costa Rica,866,'02111,Cattle,5111,Stocks,2024,2024,An,1576149.000000,A,
48,'188,Costa Rica,656,'01610,"Coffee, green",5510,Production,2024,2024,t,62153.980000,A,
48,'188,Costa Rica,867,'21111.01,"Meat of cattle with the bone, fresh or chilled",5510,Production,2024,2024,t,94191.440000,A,
48,'188,Costa Rica,882,'02211,Raw milk of cattle,5510,Production,2024,2024,t,1268230.000000,A,
48,'188,Costa Rica,236,'0141,Soya beans,5510,Production,2024,2024,t,,M,
107,'384,Côte d'Ivoire,486,'01312,Bananas,5510,Production,2024,2024,t,534242.850000,I,
107,'384,Côte d'Ivoire,866,'02111,Cattle,5111,Stocks,2024,2024,An,1896358.000000,A,
107,'384,Côte d'Ivoire,656,'01610,"Coffee, green",5510,Production,2024,2024,t,72133.000000,A,
107,'384,Côte d'Ivoire,867,'21111.01,"Meat of cattle with the bone, fresh or chilled",5510,Production,2024,2024,t,37009.000000,A,
107,'384,Côte d'Ivoire,882,'02211,Raw milk of cattle,5510,Production,2024,2024,t,38872.220000,A,
107,'384,Côte d'Ivoire,236,'0141,Soya beans,5510,Production,2024,2024,t,572.170000,E,
98,'191,Croatia,486,'01312,Bananas,5510,Production,2024,2024,t,0.000000,A,
98,'191,Croatia,866,'02111,Cattle,5111,Stocks,2024,2024,An,422000.000000,A,
98,'191,Croatia,867,'21111.01,"Meat of cattle with the bone, fresh or chilled",5510,Production,2024,2024,t,42480.000000,A,
98,'191,Croatia,882,'02211,Raw milk of cattle,5510,Production,2024,2024,t,468000.000000,A,
98,'191,Croatia,236,'0141,Soya beans,5510,Production,2024,2024,t,255080.000000,A,
49,'192,Cuba,486,'01312,Bananas,5510,Production,2024,2024,t,155957.020000,I,
49,'192,Cuba,866,'02111,Cattle,5111,Stocks,2024,2024,An,3250000.000000,E,
49,'192,Cuba,656,'01610,"Coffee, green",5510,Production,2024,2024,t,6000.000000,X,Unofficial figure
49,'192,Cuba,867,'21111.01,"Meat of cattle with the bone, fresh or chilled",5510,Production,2024,2024,t,60208.810000,I,
49,'192,Cuba,882,'02211,Raw milk of cattle,5510,Production,2024,2024,t,231000.000000,E,
49,'192,Cuba,236,'0141,Soya beans,5510,Production,2024,2024,t,1000.000000,I,
50,'196,Cyprus,486,'01312,Bananas,5510,Production,2024,2024,t,5870.000000,A,
50,'196,Cyprus,866,'02111,Cattle,5111,Stocks,2024,2024,An,82680.000000,A,
50,'196,Cyprus,867,'21111.01,"Meat of cattle with the bone, fresh or chilled",5510,Production,2024,2024,t,5640.000000,A,
50,'196,Cyprus,882,'02211,Raw milk of cattle,5510,Production,2024,2024,t,325390.000000,A,
50,'196,Cyprus,236,'0141,Soya beans,5510,Production,2024,2024,t,0.000000,A,
167,'203,Czechia,486,'01312,Bananas,5510,Production,2024,2024,t,0.000000,A,
167,'203,Czechia,866,'02111,Cattle,5111,Stocks,2024,2024,An,1397410.000000,A,
167,'203,Czechia,867,'21111.01,"Meat of cattle with the bone, fresh or chilled",5510,Production,2024,2024,t,71040.000000,A,
167,'203,Czechia,882,'02211,Raw milk of cattle,5510,Production,2024,2024,t,3553870.000000,A,
167,'203,Czechia,236,'0141,Soya beans,5510,Production,2024,2024,t,73670.000000,A,
116,'408,Democratic People's Republic of Korea,866,'02111,Cattle,5111,Stocks,2024,2024,An,570727.000000,I,
116,'408,Democratic People's Republic of Korea,867,'21111.01,"Meat of cattle with the bone, fresh or chilled",5510,Production,2024,2024,t,20348.850000,I,
116,'408,Democratic People's Republic of Korea,882,'02211,Raw milk of cattle,5510,Production,2024,2024,t,84169.450000,I,
116,'408,Democratic People's Republic of Korea,236,'0141,Soya beans,5510,Production,2024,2024,t,180000.000000,X,Unofficial figure
250,'180,Democratic Republic of the Congo,486,'01312,Bananas,5510,Production,2024,2024,t,811021.000000,A,
250,'180,Democratic Republic of the Congo,866,'02111,Cattle,5111,Stocks,2024,2024,An,2032019.000000,A,
250,'180,Democratic Republic of the Congo,656,'01610,"Coffee, green",5510,Production,2024,2024,t,65701.240000,I,
250,'180,Democratic Republic of the Congo,867,'21111.01,"Meat of cattle with the bone, fresh or chilled",5510,Production,2024,2024,t,27812.360000,I,
250,'180,Democratic Republic of the Congo,882,'02211,Raw milk of cattle,5510,Production,2024,2024,t,10373.770000,I,
250,'180,Democratic Republic of the Congo,236,'0141,Soya beans,5510,Production,2024,2024,t,28401.000000,A,
54,'208,Denmark,486,'01312,Bananas,5510,Production,2024,2024,t,0.000000,A,
54,'208,Denmark,866,'02111,Cattle,5111,Stocks,2024,2024,An,1413860.000000,A,
54,'208,Denmark,867,'21111.01,"Meat of cattle with the bone, fresh or chilled",5510,Production,2024,2024,t,116400.000000,A,
54,'208,Denmark,882,'02211,Raw milk of cattle,5510,Production,2024,2024,t,5690000.000000,A,
54,'208,Denmark,236,'0141,Soya beans,5510,Production,2024,2024,t,0.000000,A,
72,'262,Djibouti,866,'02111,Cattle,5111,Stocks,2024,2024,An,317893.000000,I,
72,'262,Djibouti,867,'21111.01,"Meat of cattle with the bone, fresh or chilled",5510,Production,2024,2024,t,6471.790000,I,
72,'262,Djibouti,882,'02211,Raw milk of cattle,5510,Production,2024,2024,t,9195.440000,I,
55,'212,Dominica,486,'01312,Bananas,5510,Production,2024,2024,t,11535.150000,E,
55,'212,Dominica,866,'02111,Cattle,5111,Stocks,2024,2024,An,13873.000000,I,
55,'212,Dominica,656,'01610,"Coffee, green",5510,Production,2024,2024,t,361.650000,E,
55,'212,Dominica,867,'21111.01,"Meat of cattle with the bone, fresh or chilled",5510,Production,2024,2024,t,543.970000,I,
55,'212,Dominica,882,'02211,Raw milk of cattle,5510,Production,2024,2024,t,6996.690000,I,
56,'214,Dominican Republic,486,'01312,Bananas,5510,Production,2024,2024,t,2038904.640000,A,
56,'214,Dominican Republic,866,'02111,Cattle,5111,Stocks,2024,2024,An,3030340.000000,I,
56,'214,Dominican Republic,656,'01610,"Coffee, green",5510,Production,2024,2024,t,24838.000000,A,
56,'214,Dominican Republic,867,'21111.01,"Meat of cattle with the bone, fresh or chilled",5510,Production,2024,2024,t,67693.110000,A,
56,'214,Dominican Republic,882,'02211,Raw milk of cattle,5510,Production,2024,2024,t,892257.360000,A,
58,'218,Ecuador,486,'01312,Bananas,5510,Production,2024,2024,t,7585653.000000,A,
58,'218,Ecuador,866,'02111,Cattle,5111,Stocks,2024,2024,An,3436276.000000,A,
58,'218,Ecuador,656,'01610,"Coffee, green",5510,Production,2024,2024,t,5465.050000,A,
58,'218,Ecuador,867,'21111.01,"Meat of cattle with the bone, fresh or chilled",5510,Production,2024,2024,t,242011.000000,A,
58,'218,Ecuador,882,'02211,Raw milk of cattle,5510,Production,2024,2024,t,1964000.000000,E,
58,'218,Ecuador,236,'0141,Soya beans,5510,Production,2024,2024,t,24711.240000,A,
59,'818,Egypt,486,'01312,Bananas,5510,Production,2024,2024,t,1251943.000000,A,
59,'818,Egypt,866,'02111,Cattle,5111,Stocks,2024,2024,An,2625729.000000,I,
59,'818,Egypt,867,'21111.01,"Meat of cattle with the bone, fresh or chilled",5510,Production,2024,2024,t,321030.990000,I,
59,'818,Egypt,882,'02211,Raw milk of cattle,5510,Production,2024,2024,t,4815333.330000,E,
59,'818,Egypt,236,'0141,Soya beans,5510,Production,2024,2024,t,75000.000000,X,Unofficial figure
60,'222,El Salvador,486,'01312,Bananas,5510,Production,2024,2024,t,20053.720000,I,
60,'222,El Salvador,866,'02111,Cattle,5111,Stocks,2024,2024,An,772208.000000,E,
60,'222,El Salvador,656,'01610,"Coffee, green",5510,Production,2024,2024,t,28487.640000,I,
60,'222,El Salvador,867,'21111.01,"Meat of cattle with the bone, fresh or chilled",5510,Production,2024,2024,t,16414.650000,I,
60,'222,El Salvador,882,'02211,Raw milk of cattle,5510,Production,2024,2024,t,419176.820000,E,
60,'222,El Salvador,236,'0141,Soya beans,5510,Production,2024,2024,t,5379.630000,E,
61,'226,Equatorial Guinea,486,'01312,Bananas,5510,Production,2024,2024,t,31433.660000,E,
61,'226,Equatorial Guinea,866,'02111,Cattle,5111,Stocks,2024,2024,An,5520.000000,I,
61,'226,Equatorial Guinea,656,'01610,"Coffee, green",5510,Production,2024,2024,t,4034.350000,I,
61,'226,Equatorial Guinea,867,'21111.01,"Meat of cattle with the bone, fresh or chilled",5510,Production,2024,2024,t,48.360000,I,
178,'232,Eritrea,866,'02111,Cattle,5111,Stocks,2024,2024,An,2156877.000000,I,
178,'232,Eritrea,867,'21111.01,"Meat of cattle with the bone, fresh or chilled",5510,Production,2024,2024,t,25584.960000,I,
178,'232,Eritrea,882,'02211,Raw milk of cattle,5510,Production,2024,2024,t,120000.000000,E,
63,'233,Estonia,486,'01312,Bananas,5510,Production,2024,2024,t,0.000000,A,
63,'233,Estonia,866,'02111,Cattle,5111,Stocks,2024,2024,An,232390.000000,A,
63,'233,Estonia,867,'21111.01,"Meat of cattle with the bone, fresh or chilled",5510,Production,2024,2024,t,7720.000000,A,
63,'233,Estonia,882,'02211,Raw milk of cattle,5510,Production,2024,2024,t,940600.000000,A,
63,'233,Estonia,236,'0141,Soya beans,5510,Production,2024,2024,t,0.000000,A,
209,'748,Eswatini,486,'01312,Bananas,5510,Production,2024,2024,t,30362.680000,I,
209,'748,Eswatini,866,'02111,Cattle,5111,Stocks,2024,2024,An,652513.000000,A,
209,'748,Eswatini,867,'21111.01,"Meat of cattle with the bone, fresh or chilled",5510,Production,2024,2024,t,17957.100000,I,
209,'748,Eswatini,882,'02211,Raw milk of cattle,5510,Production,2024,2024,t,42308.750000,I,
238,'231,Ethiopia,486,'01312,Bananas,5510,Production,2024,2024,t,1190101.200000,E,
238,'231,Ethiopia,866,'02111,Cattle,5111,Stocks,2024,2024,An,71916930.000000,I,
238,'231,Ethiopia,656,'01610,"Coffee, green",5510,Production,2024,2024,t,575696.180000,I,
238,'231,Ethiopia,867,'21111.01,"Meat of cattle with the bone, fresh or chilled",5510,Production,2024,2024,t,428612.340000,I,
238,'231,Ethiopia,882,'02211,Raw milk of cattle,5510,Production,2024,2024,t,3443913.300000,I,
238,'231,Ethiopia,236,'0141,Soya beans,5510,Production,2024,2024,t,240000.000000,X,Unofficial figure
64,'234,Faroe Islands,866,'02111,Cattle,5111,Stocks,2024,2024,An,1816.000000,A,
64,'234,Faroe Islands,867,'21111.01,"Meat of cattle with the bone, fresh or chilled",5510,Production,2024,2024,t,77.000000,A,
64,'234,Faroe Islands,882,'02211,Raw milk of cattle,5510,Production,2024,2024,t,7243.000000,A,
66,'242,Fiji,486,'01312,Bananas,5510,Production,2024,2024,t,13388.300000,A,
66,'242,Fiji,866,'02111,Cattle,5111,Stocks,2024,2024,An,80720.000000,A,
66,'242,Fiji,656,'01610,"Coffee, green",5510,Production,2024,2024,t,14.230000,E,
66,'242,Fiji,867,'21111.01,"Meat of cattle with the bone, fresh or chilled",5510,Production,2024,2024,t,4159.700000,A,
66,'242,Fiji,882,'02211,Raw milk of cattle,5510,Production,2024,2024,t,12153.000000,A,
67,'246,Finland,486,'01312,Bananas,5510,Production,2024,2024,t,0.000000,A,
67,'246,Finland,866,'02111,Cattle,5111,Stocks,2024,2024,An,764030.000000,A,
67,'246,Finland,867,'21111.01,"Meat of cattle with the bone, fresh or chilled",5510,Production,2024,2024,t,86510.000000,A,
67,'246,Finland,882,'02211,Raw milk of cattle,5510,Production,2024,2024,t,2209220.000000,A,
67,'246,Finland,236,'0141,Soya beans,5510,Production,2024,2024,t,0.000000,A,
68,'250,France,486,'01312,Bananas,5510,Production,2024,2024,t,210920.000000,A,
68,'250,France,866,'02111,Cattle,5111,Stocks,2024,2024,An,16478260.000000,A,
68,'250,France,867,'21111.01,"Meat of cattle with the bone, fresh or chilled",5510,Production,2024,2024,t,1298540.000000,A,
68,'250,France,882,'02211,Raw milk of cattle,5510,Production,2024,2024,t,24204280.000000,A,
68,'250,France,236,'0141,Soya beans,5510,Production,2024,2024,t,398540.000000,A,
70,'258,French Polynesia,486,'01312,Bananas,5510,Production,2024,2024,t,283.480000,I,
70,'258,French Polynesia,866,'02111,Cattle,5111,Stocks,2024,2024,An,8097.000000,I,
70,'258,French Polynesia,656,'01610,"Coffee, green",5510,Production,2024,2024,t,21.980000,E,
70,'258,French Polynesia,867,'21111.01,"Meat of cattle with the bone, fresh or chilled",5510,Production,2024,2024,t,163.470000,I,
70,'258,French Polynesia,882,'02211,Raw milk of cattle,5510,Production,2024,2024,t,648.810000,E,
70,'258,French Polynesia,236,'0141,Soya beans,5510,Production,2024,2024,t,11.470000,I,
74,'266,Gabon,486,'01312,Bananas,5510,Production,2024,2024,t,17628.610000,I,
74,'266,Gabon,866,'02111,Cattle,5111,Stocks,2024,2024,An,39678.000000,I,
74,'266,Gabon,656,'01610,"Coffee, green",5510,Production,2024,2024,t,103.970000,E,
74,'266,Gabon,867,'21111.01,"Meat of cattle with the bone, fresh or chilled",5510,Production,2024,2024,t,754.600000,I,
74,'266,Gabon,882,'02211,Raw milk of cattle,5510,Production,2024,2024,t,10734.660000,I,
74,'266,Gabon,236,'0141,Soya beans,5510,Production,2024,2024,t,4014.660000,E,
75,'270,Gambia,866,'02111,Cattle,5111,Stocks,2024,2024,An,309195.000000,A,
75,'270,Gambia,867,'21111.01,"Meat of cattle with the bone, fresh or chilled",5510,Production,2024,2024,t,2576.570000,I,
75,'270,Gambia,882,'02211,Raw milk of cattle,5510,Production,2024,2024,t,52821.680000,I,
73,'268,Georgia,866,'02111,Cattle,5111,Stocks,2024,2024,An,837700.000000,A,
73,'268,Georgia,867,'21111.01,"Meat of cattle with the bone, fresh or chilled",5510,Production,2024,2024,t,26700.000000,A,
73,'268,Georgia,882,'02211,Raw milk of cattle,5510,Production,2024,2024,t,582687.000000,A,
73,'268,Georgia,236,'0141,Soya beans,5510,Production,2024,2024,t,2000.000000,X,Unofficial figure
79,'276,Germany,486,'01312,Bananas,5510,Production,2024,2024,t,0.000000,A,
79,'276,Germany,866,'02111,Cattle,5111,Stocks,2024,2024,An,10461290.000000,A,
79,'276,Germany,867,'21111.01,"Meat of cattle with the bone, fresh or chilled",5510,Production,2024,2024,t,1015350.000000,A,
79,'276,Germany,882,'02211,Raw milk of cattle,5510,Production,2024,2024,t,33777780.000000,A,
79,'276,Germany,236,'0141,Soya beans,5510,Production,2024,2024,t,131800.000000,A,
81,'288,Ghana,486,'01312,Bananas,5510,Production,2024,2024,t,135062.740000,I,
81,'288,Ghana,866,'02111,Cattle,5111,Stocks,2024,2024,An,2362472.000000,I,
81,'288,Ghana,656,'01610,"Coffee, green",5510,Production,2024,2024,t,736.000000,E,
81,'288,Ghana,867,'21111.01,"Meat of cattle with the bone, fresh or chilled",5510,Production,2024,2024,t,31832.950000,I,
81,'288,Ghana,882,'02211,Raw milk of cattle,5510,Production,2024,2024,t,51478.230000,I,
81,'288,Ghana,236,'0141,Soya beans,5510,Production,2024,2024,t,270000.000000,X,Unofficial figure
84,'300,Greece,486,'01312,Bananas,5510,Production,2024,2024,t,1090.000000,A,
84,'300,Greece,866,'02111,Cattle,5111,Stocks,2024,2024,An,595200.000000,A,
84,'300,Greece,867,'21111.01,"Meat of cattle with the bone, fresh or chilled",5510,Production,2024,2024,t,32440.000000,A,
84,'300,Greece,882,'02211,Raw milk of cattle,5510,Production,2024,2024,t,651950.000000,A,
84,'300,Greece,236,'0141,Soya beans,5510,Production,2024,2024,t,2490.000000,A,
86,'308,Grenada,486,'01312,Bananas,5510,Production,2024,2024,t,1502.000000,A,
86,'308,Grenada,866,'02111,Cattle,5111,Stocks,2024,2024,An,6191.000000,I,
86,'308,Grenada,867,'21111.01,"Meat of cattle with the bone, fresh or chilled",5510,Production,2024,2024,t,190.830000,I,
86,'308,Grenada,882,'02211,Raw milk of cattle,5510,Production,2024,2024,t,616.590000,I,
89,'320,Guatemala,486,'01312,Bananas,5510,Production,2024,2024,t,2843486.780000,I,
89,'320,Guatemala,866,'02111,Cattle,5111,Stocks,2024,2024,An,4343871.000000,I,
89,'320,Guatemala,656,'01610,"Coffee, green",5510,Production,2024,2024,t,224860.000000,A,
89,'320,Guatemala,867,'21111.01,"Meat of cattle with the bone, fresh or chilled",5510,Production,2024,2024,t,312601.680000,I,
89,'320,Guatemala,882,'02211,Raw milk of cattle,5510,Production,2024,2024,t,540070.340000,I,
89,'320,Guatemala,236,'0141,Soya beans,5510,Production,2024,2024,t,45000.000000,X,Unofficial figure
90,'324,Guinea,486,'01312,Bananas,5510,Production,2024,2024,t,231171.270000,E,
90,'324,Guinea,866,'02111,Cattle,5111,Stocks,2024,2024,An,9319774.000000,E,
90,'324,Guinea,656,'01610,"Coffee, green",5510,Production,2024,2024,t,174847.180000,I,
90,'324,Guinea,867,'21111.01,"Meat of cattle with the bone, fresh or chilled",5510,Production,2024,2024,t,74012.560000,E,
90,'324,Guinea,882,'02211,Raw milk of cattle,5510,Production,2024,2024,t,230000.000000,E,
175,'624,Guinea-Bissau,486,'01312,Bananas,5510,Production,2024,2024,t,8717.780000,E,
175,'624,Guinea-Bissau,866,'02111,Cattle,5111,Stocks,2024,2024,An,742836.000000,E,
175,'624,Guinea-Bissau,867,'21111.01,"Meat of cattle with the bone, fresh or chilled",5510,Production,2024,2024,t,7956.750000,I,
175,'624,Guinea-Bissau,882,'02211,Raw milk of cattle,5510,Production,2024,2024,t,18099.140000,I,
91,'328,Guyana,486,'01312,Bananas,5510,Production,2024,2024,t,21136.000000,A,
91,'328,Guyana,866,'02111,Cattle,5111,Stocks,2024,2024,An,98851.000000,I,
91,'328,Guyana,656,'01610,"Coffee, green",5510,Production,2024,2024,t,151.000000,A,
91,'328,Guyana,867,'21111.01,"Meat of cattle with the bone, fresh or chilled",5510,Production,2024,2024,t,3256.000000,A,
91,'328,Guyana,882,'02211,Raw milk of cattle,5510,Production,2024,2024,t,21089.000000,A,
91,'328,Guyana,236,'0141,Soya beans,5510,Production,2024,2024,t,,M,
93,'332,Haiti,486,'01312,Bananas,5510,Production,2024,2024,t,264881.290000,E,
93,'332,Haiti,866,'02111,Cattle,5111,Stocks,2024,2024,An,1524965.000000,I,
93,'332,Haiti,656,'01610,"Coffee, green",5510,Production,2024,2024,t,4371.490000,I,
93,'332,Haiti,867,'21111.01,"Meat of cattle with the bone, fresh or chilled",5510,Production,2024,2024,t,49944.420000,I,
93,'332,Haiti,882,'02211,Raw milk of cattle,5510,Production,2024,2024,t,47231.990000,I,
95,'340,Honduras,486,'01312,Bananas,5510,Production,2024,2024,t,550868.630000,A,
95,'340,Honduras,866,'02111,Cattle,5111,Stocks,2024,2024,An,2900458.000000,I,
95,'340,Honduras,656,'01610,"Coffee, green",5510,Production,2024,2024,t,324015.020000,A,
95,'340,Honduras,867,'21111.01,"Meat of cattle with the bone, fresh or chilled",5510,Production,2024,2024,t,65000.000000,X,Unofficial figure
95,'340,Honduras,882,'02211,Raw milk of cattle,5510,Production,2024,2024,t,695611.060000,I,
95,'340,Honduras,236,'0141,Soya beans,5510,Production,2024,2024,t,2192.870000,E,
97,'348,Hungary,486,'01312,Bananas,5510,Production,2024,2024,t,0.000000,A,
97,'348,Hungary,866,'02111,Cattle,5111,Stocks,2024,2024,An,869900.000000,A,
97,'348,Hungary,867,'21111.01,"Meat of cattle with the bone, fresh or chilled",5510,Production,2024,2024,t,23810.000000,A,
97,'348,Hungary,882,'02211,Raw milk of cattle,5510,Production,2024,2024,t,2093690.000000,A,
97,'348,Hungary,236,'0141,Soya beans,5510,Production,2024,2024,t,258890.000000,A,
99,'352,Iceland,866,'02111,Cattle,5111,Stocks,2024,2024,An,76902.000000,A,
99,'352,Iceland,867,'21111.01,"Meat of cattle with the bone, fresh or chilled",5510,Production,2024,2024,t,4860.000000,A,
99,'352,Iceland,882,'02211,Raw milk of cattle,5510,Production,2024,2024,t,158139.000000,A,
100,'356,India,486,'01312,Bananas,5510,Production,2024,2024,t,37614362.000000,A,
100,'356,India,866,'02111,Cattle,5111,Stocks,2024,2024,An,194753479.000000,I,
100,'356,India,656,'01610,"Coffee, green",5510,Production,2024,2024,t,363000.000000,A,
100,'356,India,867,'21111.01,"Meat of cattle with the bone, fresh or chilled",5510,Production,2024,2024,t,,M,
100,'356,India,882,'02211,Raw milk of cattle,5510,Production,2024,2024,t,135000000.000000,E,
100,'356,India,236,'0141,Soya beans,5510,Production,2024,2024,t,15132082.170000,A,
101,'360,Indonesia,486,'01312,Bananas,5510,Production,2024,2024,t,9260386.660000,A,
101,'360,Indonesia,866,'02111,Cattle,5111,Stocks,2024,2024,An,18065156.000000,I,
101,'360,Indonesia,656,'01610,"Coffee, green",5510,Production,2024,2024,t,807578.000000,A,
101,'360,Indonesia,867,'21111.01,"Meat of cattle with the bone, fresh or chilled",5510,Production,2024,2024,t,597754.090000,A,
101,'360,Indonesia,882,'02211,Raw milk of cattle,5510,Production,2024,2024,t,808352.840000,A,
101,'360,Indonesia,236,'0141,Soya beans,5510,Production,2024,2024,t,227367.000000,A,
102,'364,Iran (Islamic Republic of),486,'01312,Bananas,5510,Production,2024,2024,t,135294.080000,E,
102,'364,Iran (Islamic Republic of),866,'02111,Cattle,5111,Stocks,2024,2024,An,5600812.000000,E,
102,'364,Iran (Islamic Republic of),867,'21111.01,"Meat of cattle with the bone, fresh or chilled",5510,Production,2024,2024,t,235157.100000,I,
102,'364,Iran (Islamic Republic of),882,'02211,Raw milk of cattle,5510,Production,2024,2024,t,7702777.000000,E,
102,'364,Iran (Islamic Republic of),236,'0141,Soya beans,5510,Production,2024,2024,t,200000.000000,X,Unofficial figure
103,'368,Iraq,866,'02111,Cattle,5111,Stocks,2024,2024,An,2104351.000000,E,
103,'368,Iraq,867,'21111.01,"Meat of cattle with the bone, fresh or chilled",5510,Production,2024,2024,t,34678.490000,E,
103,'368,Iraq,882,'02211,Raw milk of cattle,5510,Production,2024,2024,t,232702.330000,E,
103,'368,Iraq,236,'0141,Soya beans,5510,Production,2024,2024,t,34.170000,E,
104,'372,Ireland,486,'01312,Bananas,5510,Production,2024,2024,t,0.000000,A,
104,'372,Ireland,866,'02111,Cattle,5111,Stocks,2024,2024,An,6308300.000000,A,
104,'372,Ireland,867,'21111.01,"Meat of cattle with the bone, fresh or chilled",5510,Production,2024,2024,t,602600.000000,A,
105,'376,Israel,486,'01312,Bananas,5510,Production,2024,2024,t,197001.000000,A,
105,'376,Israel,866,'02111,Cattle,5111,Stocks,2024,2024,An,477958.000000,A,
105,'376,Israel,867,'21111.01,"Meat of cattle with the bone, fresh or chilled",5510,Production,2024,2024,t,120244.000000,A,
105,'376,Israel,882,'02211,Raw milk of cattle,5510,Production,2024,2024,t,1647010.080000,A,
106,'380,Italy,486,'01312,Bananas,5510,Production,2024,2024,t,0.000000,A,
106,'380,Italy,866,'02111,Cattle,5111,Stocks,2024,2024,An,5765000.000000,A,
106,'380,Italy,867,'21111.01,"Meat of cattle with the bone, fresh or chilled",5510,Production,2024,2024,t,659120.000000,A,
106,'380,Italy,882,'02211,Raw milk of cattle,5510,Production,2024,2024,t,13185340.000000,A,
106,'380,Italy,236,'0141,Soya beans,5510,Production,2024,2024,t,1125580.000000,A,
109,'388,Jamaica,486,'01312,Bananas,5510,Production,2024,2024,t,62997.800000,A,
109,'388,Jamaica,866,'02111,Cattle,5111,Stocks,2024,2024,An,153169.000000,I,
109,'388,Jamaica,656,'01610,"Coffee, green",5510,Production,2024,2024,t,6521.000000,A,
109,'388,Jamaica,867,'21111.01,"Meat of cattle with the bone, fresh or chilled",5510,Production,2024,2024,t,7407.000000,A,
109,'388,Jamaica,882,'02211,Raw milk of cattle,5510,Production,2024,2024,t,9792.000000,A,
110,'392,Japan,486,'01312,Bananas,5510,Production,2024,2024,t,17.990000,E,
110,'392,Japan,866,'02111,Cattle,5111,Stocks,2024,2024,An,3985000.000000,A,
110,'392,Japan,867,'21111.01,"Meat of cattle with the bone, fresh or chilled",5510,Production,2024,2024,t,461905.150000,I,
110,'392,Japan,882,'02211,Raw milk of cattle,5510,Production,2024,2024,t,7357451.000000,A,
110,'392,Japan,236,'0141,Soya beans,5510,Production,2024,2024,t,252400.000000,A,
112,'400,Jordan,486,'01312,Bananas,5510,Production,2024,2024,t,58437.520000,A,
112,'400,Jordan,866,'02111,Cattle,5111,Stocks,2024,2024,An,88819.000000,A,
112,'400,Jordan,867,'21111.01,"Meat of cattle with the bone, fresh or chilled",5510,Production,2024,2024,t,49530.470000,I,
112,'400,Jordan,882,'02211,Raw milk of cattle,5510,Production,2024,2024,t,387142.370000,A,
112,'400,Jordan,236,'0141,Soya beans,5510,Production,2024,2024,t,,M,
108,'398,Kazakhstan,866,'02111,Cattle,5111,Stocks,2024,2024,An,7976665.000000,A,
108,'398,Kazakhstan,867,'21111.01,"Meat of cattle with the bone, fresh or chilled",5510,Production,2024,2024,t,429335.600000,A,
108,'398,Kazakhstan,882,'02211,Raw milk of cattle,5510,Production,2024,2024,t,3577376.000000,A,
108,'398,Kazakhstan,236,'0141,Soya beans,5510,Production,2024,2024,t,207502.790000,A,
114,'404,Kenya,486,'01312,Bananas,5510,Production,2024,2024,t,2061285.000000,A,
114,'404,Kenya,866,'02111,Cattle,5111,Stocks,2024,2024,An,22435638.000000,A,
114,'404,Kenya,656,'01610,"Coffee, green",5510,Production,2024,2024,t,49500.000000,A,
114,'404,Kenya,867,'21111.01,"Meat of cattle with the bone, fresh or chilled",5510,Production,2024,2024,t,260083.000000,A,
114,'404,Kenya,882,'02211,Raw milk of cattle,5510,Production,2024,2024,t,5494844.000000,A,
114,'404,Kenya,236,'0141,Soya beans,5510,Production,2024,2024,t,17417.000000,A,
83,'296,Kiribati,486,'01312,Bananas,5510,Production,2024,2024,t,7411.620000,I,
118,'414,Kuwait,486,'01312,Bananas,5510,Production,2024,2024,t,,M,
118,'414,Kuwait,866,'02111,Cattle,5111,Stocks,2024,2024,An,32136.000000,E,
118,'414,Kuwait,867,'21111.01,"Meat of cattle with the bone, fresh or chilled",5510,Production,2024,2024,t,1858.800000,I,
118,'414,Kuwait,882,'02211,Raw milk of cattle,5510,Production,2024,2024,t,52680.090000,I,
113,'417,Kyrgyzstan,866,'02111,Cattle,5111,Stocks,2024,2024,An,1828768.000000,A,
113,'417,Kyrgyzstan,867,'21111.01,"Meat of cattle with the bone, fresh or chilled",5510,Production,2024,2024,t,125469.000000,A,
113,'417,Kyrgyzstan,882,'02211,Raw milk of cattle,5510,Production,2024,2024,t,1823796.000000,A,
113,'417,Kyrgyzstan,236,'0141,Soya beans,5510,Production,2024,2024,t,2549.000000,A,
120,'418,Lao People's Democratic Republic,486,'01312,Bananas,5510,Production,2024,2024,t,766200.000000,A,
120,'418,Lao People's Democratic Republic,866,'02111,Cattle,5111,Stocks,2024,2024,An,2691000.000000,A,
120,'418,Lao People's Democratic Republic,656,'01610,"Coffee, green",5510,Production,2024,2024,t,174900.000000,A,
120,'418,Lao People's Democratic Republic,867,'21111.01,"Meat of cattle with the bone, fresh or chilled",5510,Production,2024,2024,t,47504.770000,I,
120,'418,Lao People's Democratic Republic,882,'02211,Raw milk of cattle,5510,Production,2024,2024,t,9306.820000,I,
120,'418,Lao People's Democratic Republic,236,'0141,Soya beans,5510,Production,2024,2024,t,7879.270000,I,
119,'428,Latvia,486,'01312,Bananas,5510,Production,2024,2024,t,0.000000,A,
119,'428,Latvia,866,'02111,Cattle,5111,Stocks,2024,2024,An,352090.000000,A,
119,'428,Latvia,867,'21111.01,"Meat of cattle with the bone, fresh or chilled",5510,Production,2024,2024,t,16820.000000,A,
119,'428,Latvia,882,'02211,Raw milk of cattle,5510,Production,2024,2024,t,959860.000000,A,
119,'428,Latvia,236,'0141,Soya beans,5510,Production,2024,2024,t,0.000000,A,
121,'422,Lebanon,486,'01312,Bananas,5510,Production,2024,2024,t,40600.000000,X,Unofficial figure
121,'422,Lebanon,866,'02111,Cattle,5111,Stocks,2024,2024,An,75538.000000,I,
121,'422,Lebanon,867,'21111.01,"Meat of cattle with the bone, fresh or chilled",5510,Production,2024,2024,t,39193.980000,I,
121,'422,Lebanon,882,'02211,Raw milk of cattle,5510,Production,2024,2024,t,212012.670000,E,
122,'426,Lesotho,866,'02111,Cattle,5111,Stocks,2024,2024,An,517450.000000,E,
122,'426,Lesotho,867,'21111.01,"Meat of cattle with the bone, fresh or chilled",5510,Production,2024,2024,t,1042.290000,E,
122,'426,Lesotho,882,'02211,Raw milk of cattle,5510,Production,2024,2024,t,182000.000000,E,
123,'430,Liberia,486,'01312,Bananas,5510,Production,2024,2024,t,142551.390000,E,
123,'430,Liberia,866,'02111,Cattle,5111,Stocks,2024,2024,An,43270.000000,I,
123,'430,Liberia,656,'01610,"Coffee, green",5510,Production,2024,2024,t,653.220000,I,
123,'430,Liberia,867,'21111.01,"Meat of cattle with the bone, fresh or chilled",5510,Production,2024,2024,t,968.670000,I,
123,'430,Liberia,882,'02211,Raw milk of cattle,5510,Production,2024,2024,t,8368.100000,I,
123,'430,Liberia,236,'0141,Soya beans,5510,Production,2024,2024,t,3425.730000,I,
124,'434,Libya,486,'01312,Bananas,5510,Production,2024,2024,t,,M,
124,'434,Libya,866,'02111,Cattle,5111,Stocks,2024,2024,An,208931.000000,E,
124,'434,Libya,867,'21111.01,"Meat of cattle with the bone, fresh or chilled",5510,Production,2024,2024,t,6219.270000,E,
124,'434,Libya,882,'02211,Raw milk of cattle,5510,Production,2024,2024,t,141084.120000,I,
126,'440,Lithuania,486,'01312,Bananas,5510,Production,2024,2024,t,0.000000,A,
126,'440,Lithuania,866,'02111,Cattle,5111,Stocks,2024,2024,An,599770.000000,A,
126,'440,Lithuania,867,'21111.01,"Meat of cattle with the bone, fresh or chilled",5510,Production,2024,2024,t,44760.000000,A,
126,'440,Lithuania,882,'02211,Raw milk of cattle,5510,Production,2024,2024,t,1526130.000000,A,
126,'440,Lithuania,236,'0141,Soya beans,5510,Production,2024,2024,t,2040.000000,A,
256,'442,Luxembourg,486,'01312,Bananas,5510,Production,2024,2024,t,0.000000,A,
256,'442,Luxembourg,866,'02111,Cattle,5111,Stocks,2024,2024,An,180530.000000,A,
256,'442,Luxembourg,867,'21111.01,"Meat of cattle with the bone, fresh or chilled",5510,Production,2024,2024,t,9430.000000,A,
256,'442,Luxembourg,882,'02211,Raw milk of cattle,5510,Production,2024,2024,t,482940.000000,A,
256,'442,Luxembourg,236,'0141,Soya beans,5510,Production,2024,2024,t,50.000000,A,
129,'450,Madagascar,486,'01312,Bananas,5510,Production,2024,2024,t,399939.780000,E,
129,'450,Madagascar,866,'02111,Cattle,5111,Stocks,2024,2024,An,6957211.000000,E,
129,'450,Madagascar,656,'01610,"Coffee, green",5510,Production,2024,2024,t,49561.400000,I,
129,'450,Madagascar,867,'21111.01,"Meat of cattle with the bone, fresh or chilled",5510,Production,2024,2024,t,24978.540000,I,
129,'450,Madagascar,882,'02211,Raw milk of cattle,5510,Production,2024,2024,t,415932.560000,I,
129,'450,Madagascar,236,'0141,Soya beans,5510,Production,2024,2024,t,47.910000,I,
130,'454,Malawi,486,'01312,Bananas,5510,Production,2024,2024,t,1131259.420000,I,
130,'454,Malawi,866,'02111,Cattle,5111,Stocks,2024,2024,An,2307952.000000,I,
130,'454,Malawi,656,'01610,"Coffee, green",5510,Production,2024,2024,t,11223.460000,I,
130,'454,Malawi,867,'21111.01,"Meat of cattle with the bone, fresh or chilled",5510,Production,2024,2024,t,73661.510000,I,
130,'454,Malawi,882,'02211,Raw milk of cattle,5510,Production,2024,2024,t,71318.050000,I,
130,'454,Malawi,236,'0141,Soya beans,5510,Production,2024,2024,t,305000.000000,X,Unofficial figure
131,'458,Malaysia,486,'01312,Bananas,5510,Production,2024,2024,t,335443.980000,A,
131,'458,Malaysia,866,'02111,Cattle,5111,Stocks,2024,2024,An,730318.000000,A,
131,'458,Malaysia,656,'01610,"Coffee, green",5510,Production,2024,2024,t,2861.290000,A,
131,'458,Malaysia,867,'21111.01,"Meat of cattle with the bone, fresh or chilled",5510,Production,2024,2024,t,39497.920000,A,
131,'458,Malaysia,882,'02211,Raw milk of cattle,5510,Production,2024,2024,t,42383.320000,A,
131,'458,Malaysia,236,'0141,Soya beans,5510,Production,2024,2024,t,,M,
132,'462,Maldives,486,'01312,Bananas,5510,Production,2024,2024,t,686.520000,I,
133,'466,Mali,486,'01312,Bananas,5510,Production,2024,2024,t,629819.760000,A,
133,'466,Mali,866,'02111,Cattle,5111,Stocks,2024,2024,An,14040120.000000,A,
133,'466,Mali,867,'21111.01,"Meat of cattle with the bone, fresh or chilled",5510,Production,2024,2024,t,67217.150000,A,
133,'466,Mali,882,'02211,Raw milk of cattle,5510,Production,2024,2024,t,306777.000000,A,
133,'466,Mali,236,'0141,Soya beans,5510,Production,2024,2024,t,22813.580000,A,
134,'470,Malta,486,'01312,Bananas,5510,Production,2024,2024,t,0.000000,A,
134,'470,Malta,866,'02111,Cattle,5111,Stocks,2024,2024,An,13800.000000,A,
134,'470,Malta,867,'21111.01,"Meat of cattle with the bone, fresh or chilled",5510,Production,2024,2024,t,1150.000000,A,
134,'470,Malta,882,'02211,Raw milk of cattle,5510,Production,2024,2024,t,38160.000000,A,
134,'470,Malta,236,'0141,Soya beans,5510,Production,2024,2024,t,0.000000,A,
136,'478,Mauritania,866,'02111,Cattle,5111,Stocks,2024,2024,An,1992320.000000,E,
136,'478,Mauritania,867,'21111.01,"Meat of cattle with the bone, fresh or chilled",5510,Production,2024,2024,t,31134.440000,I,
136,'478,Mauritania,882,'02211,Raw milk of cattle,5510,Production,2024,2024,t,150882.930000,I,
137,'480,Mauritius,486,'01312,Bananas,5510,Production,2024,2024,t,10843.100000,A,
137,'480,Mauritius,866,'02111,Cattle,5111,Stocks,2024,2024,An,3500.000000,E,
137,'480,Mauritius,656,'01610,"Coffee, green",5510,Production,2024,2024,t,,M,
137,'480,Mauritius,867,'21111.01,"Meat of cattle with the bone, fresh or chilled",5510,Production,2024,2024,t,2090.000000,A,
137,'480,Mauritius,882,'02211,Raw milk of cattle,5510,Production,2024,2024,t,2841.000000,A,
138,'484,Mexico,486,'01312,Bananas,5510,Production,2024,2024,t,2670290.890000,A,
138,'484,Mexico,866,'02111,Cattle,5111,Stocks,2024,2024,An,36933201.000000,I,
138,'484,Mexico,656,'01610,"Coffee, green",5510,Production,2024,2024,t,194470.000000,E,
138,'484,Mexico,867,'21111.01,"Meat of cattle with the bone, fresh or chilled",5510,Production,2024,2024,t,2253615.340000,A,
138,'484,Mexico,882,'02211,Raw milk of cattle,5510,Production,2024,2024,t,13962372.080000,A,
138,'484,Mexico,236,'0141,Soya beans,5510,Production,2024,2024,t,265332.910000,A,
145,'583,Micronesia (Federated States of),486,'01312,Bananas,5510,Production,2024,2024,t,2041.460000,I,
145,'583,Micronesia (Federated States of),866,'02111,Cattle,5111,Stocks,2024,2024,An,18180.000000,E,
145,'583,Micronesia (Federated States of),867,'21111.01,"Meat of cattle with the bone, fresh or chilled",5510,Production,2024,2024,t,252.210000,I,
141,'496,Mongolia,866,'02111,Cattle,5111,Stocks,2024,2024,An,5074552.000000,A,
141,'496,Mongolia,867,'21111.01,"Meat of cattle with the bone, fresh or chilled",5510,Production,2024,2024,t,107748.700000,A,
141,'496,Mongolia,882,'02211,Raw milk of cattle,5510,Production,2024,2024,t,191760.240000,A,
273,'499,Montenegro,866,'02111,Cattle,5111,Stocks,2024,2024,An,67496.000000,A,
273,'499,Montenegro,867,'21111.01,"Meat of cattle with the bone, fresh or chilled",5510,Production,2024,2024,t,6700.000000,A,
273,'499,Montenegro,882,'02211,Raw milk of cattle,5510,Production,2024,2024,t,151860.110000,A,
143,'504,Morocco,486,'01312,Bananas,5510,Production,2024,2024,t,310110.000000,A,
143,'504,Morocco,866,'02111,Cattle,5111,Stocks,2024,2024,An,2365210.000000,A,
143,'504,Morocco,867,'21111.01,"Meat of cattle with the bone, fresh or chilled",5510,Production,2024,2024,t,254200.000000,A,
143,'504,Morocco,882,'02211,Raw milk of cattle,5510,Production,2024,2024,t,1854000.000000,A,
143,'504,Morocco,236,'0141,Soya beans,5510,Production,2024,2024,t,1000.000000,E,
144,'508,Mozambique,486,'01312,Bananas,5510,Production,2024,2024,t,387740.000000,A,
144,'508,Mozambique,866,'02111,Cattle,5111,Stocks,2024,2024,An,2467082.000000,A,
144,'508,Mozambique,656,'01610,"Coffee, green",5510,Production,2024,2024,t,803.700000,I,
144,'508,Mozambique,867,'21111.01,"Meat of cattle with the bone, fresh or chilled",5510,Production,2024,2024,t,21335.000000,A,
144,'508,Mozambique,882,'02211,Raw milk of cattle,5510,Production,2024,2024,t,3063.000000,A,
144,'508,Mozambique,236,'0141,Soya beans,5510,Production,2024,2024,t,70000.000000,X,Unofficial figure
28,'104,Myanmar,866,'02111,Cattle,5111,Stocks,2024,2024,An,10800000.000000,E,
28,'104,Myanmar,656,'01610,"Coffee, green",5510,Production,2024,2024,t,8903.660000,I,
28,'104,Myanmar,867,'21111.01,"Meat of cattle with the bone, fresh or chilled",5510,Production,2024,2024,t,110000.000000,E,
28,'104,Myanmar,882,'02211,Raw milk of cattle,5510,Production,2024,2024,t,1900000.000000,E,
28,'104,Myanmar,236,'0141,Soya beans,5510,Production,2024,2024,t,140000.000000,X,Unofficial figure
147,'516,Namibia,866,'02111,Cattle,5111,Stocks,2024,2024,An,2907986.000000,E,
147,'516,Namibia,867,'21111.01,"Meat of cattle with the bone, fresh or chilled",5510,Production,2024,2024,t,35742.730000,I,
147,'516,Namibia,882,'02211,Raw milk of cattle,5510,Production,2024,2024,t,111002.110000,I,
149,'524,Nepal,486,'01312,Bananas,5510,Production,2024,2024,t,383285.000000,A,
149,'524,Nepal,866,'02111,Cattle,5111,Stocks,2024,2024,An,5198388.000000,A,
149,'524,Nepal,656,'01610,"Coffee, green",5510,Production,2024,2024,t,501.300000,A,
149,'524,Nepal,882,'02211,Raw milk of cattle,5510,Production,2024,2024,t,1281718.000000,A,
149,'524,Nepal,236,'0141,Soya beans,5510,Production,2024,2024,t,28520.000000,A,
150,'528,Netherlands (Kingdom of the),486,'01312,Bananas,5510,Production,2024,2024,t,0.000000,A,
150,'528,Netherlands (Kingdom of the),866,'02111,Cattle,5111,Stocks,2024,2024,An,3562000.000000,A,
150,'528,Netherlands (Kingdom of the),867,'21111.01,"Meat of cattle with the bone, fresh or chilled",5510,Production,2024,2024,t,433330.000000,A,
150,'528,Netherlands (Kingdom of the),882,'02211,Raw milk of cattle,5510,Production,2024,2024,t,14348210.000000,A,
153,'540,New Caledonia,486,'01312,Bananas,5510,Production,2024,2024,t,2211.170000,I,
153,'540,New Caledonia,866,'02111,Cattle,5111,Stocks,2024,2024,An,77281.000000,I,
153,'540,New Caledonia,656,'01610,"Coffee, green",5510,Production,2024,2024,t,1.010000,I,
153,'540,New Caledonia,867,'21111.01,"Meat of cattle with the bone, fresh or chilled",5510,Production,2024,2024,t,2983.690000,I,
153,'540,New Caledonia,882,'02211,Raw milk of cattle,5510,Production,2024,2024,t,344.000000,E,
156,'554,New Zealand,866,'02111,Cattle,5111,Stocks,2024,2024,An,9516288.000000,A,
156,'554,New Zealand,867,'21111.01,"Meat of cattle with the bone, fresh or chilled",5510,Production,2024,2024,t,741844.000000,A,
156,'554,New Zealand,882,'02211,Raw milk of cattle,5510,Production,2024,2024,t,21531000.000000,A,
156,'554,New Zealand,236,'0141,Soya beans,5510,Production,2024,2024,t,,M,
158,'562,Niger,866,'02111,Cattle,5111,Stocks,2024,2024,An,20375030.000000,A,
158,'562,Niger,867,'21111.01,"Meat of cattle with the bone, fresh or chilled",5510,Production,2024,2024,t,65288.840000,A,
158,'562,Niger,882,'02211,Raw milk of cattle,5510,Production,2024,2024,t,979188.360000,A,
159,'566,Nigeria,486,'01312,Bananas,5510,Production,2024,2024,t,6907142.400000,I,
159,'566,Nigeria,866,'02111,Cattle,5111,Stocks,2024,2024,An,20943448.000000,I,
159,'566,Nigeria,656,'01610,"Coffee, green",5510,Production,2024,2024,t,1808.660000,E,
159,'566,Nigeria,867,'21111.01,"Meat of cattle with the bone, fresh or chilled",5510,Production,2024,2024,t,317048.800000,I,
159,'566,Nigeria,882,'02211,Raw milk of cattle,5510,Production,2024,2024,t,527765.070000,I,
159,'566,Nigeria,236,'0141,Soya beans,5510,Production,2024,2024,t,1150000.000000,X,Unofficial figure
160,'570,Niue,486,'01312,Bananas,5510,Production,2024,2024,t,82.280000,I,
160,'570,Niue,866,'02111,Cattle,5111,Stocks,2024,2024,An,113.000000,I,
160,'570,Niue,867,'21111.01,"Meat of cattle with the bone, fresh or chilled",5510,Production,2024,2024,t,1.820000,I,
160,'570,Niue,882,'02211,Raw milk of cattle,5510,Production,2024,2024,t,58.940000,I,
154,'807,North Macedonia,866,'02111,Cattle,5111,Stocks,2024,2024,An,143953.000000,A,
154,'807,North Macedonia,867,'21111.01,"Meat of cattle with the bone, fresh or chilled",5510,Production,2024,2024,t,4135.000000,A,
154,'807,North Macedonia,882,'02211,Raw milk of cattle,5510,Production,2024,2024,t,282317.000000,A,
154,'807,North Macedonia,236,'0141,Soya beans,5510,Production,2024,2024,t,55.290000,I,
162,'578,Norway,866,'02111,Cattle,5111,Stocks,2024,2024,An,852800.000000,A,
162,'578,Norway,867,'21111.01,"Meat of cattle with the bone, fresh or chilled",5510,Production,2024,2024,t,86090.000000,A,
162,'578,Norway,882,'02211,Raw milk of cattle,5510,Production,2024,2024,t,1467500.000000,A,
221,'512,Oman,486,'01312,Bananas,5510,Production,2024,2024,t,19038.000000,A,
221,'512,Oman,866,'02111,Cattle,5111,Stocks,2024,2024,An,446988.000000,A,
221,'512,Oman,867,'21111.01,"Meat of cattle with the bone, fresh or chilled",5510,Production,2024,2024,t,16137.690000,I,
221,'512,Oman,882,'02211,Raw milk of cattle,5510,Production,2024,2024,t,241209.600000,A,
165,'586,Pakistan,486,'01312,Bananas,5510,Production,2024,2024,t,311166.000000,A,
165,'586,Pakistan,866,'02111,Cattle,5111,Stocks,2024,2024,An,57541000.000000,A,
165,'586,Pakistan,867,'21111.01,"Meat of cattle with the bone, fresh or chilled",5510,Production,2024,2024,t,1366891.360000,A,
165,'586,Pakistan,882,'02211,Raw milk of cattle,5510,Production,2024,2024,t,24794050.000000,A,
165,'586,Pakistan,236,'0141,Soya beans,5510,Production,2024,2024,t,3.000000,A,
166,'591,Panama,486,'01312,Bananas,5510,Production,2024,2024,t,387690.090000,I,
166,'591,Panama,866,'02111,Cattle,5111,Stocks,2024,2024,An,1401169.000000,A,
166,'591,Panama,656,'01610,"Coffee, green",5510,Production,2024,2024,t,6318.020000,I,
166,'591,Panama,867,'21111.01,"Meat of cattle with the bone, fresh or chilled",5510,Production,2024,2024,t,71678.080000,A,
166,'591,Panama,882,'02211,Raw milk of cattle,5510,Production,2024,2024,t,168490.000000,A,
166,'591,Panama,236,'0141,Soya beans,5510,Production,2024,2024,t,96.320000,E,
168,'598,Papua New Guinea,486,'01312,Bananas,5510,Production,2024,2024,t,1272779.220000,I,
168,'598,Papua New Guinea,866,'02111,Cattle,5111,Stocks,2024,2024,An,90889.000000,I,
168,'598,Papua New Guinea,656,'01610,"Coffee, green",5510,Production,2024,2024,t,50400.000000,X,Unofficial figure
168,'598,Papua New Guinea,867,'21111.01,"Meat of cattle with the bone, fresh or chilled",5510,Production,2024,2024,t,2296.490000,I,
168,'598,Papua New Guinea,882,'02211,Raw milk of cattle,5510,Production,2024,2024,t,164.170000,I,
169,'600,Paraguay,486,'01312,Bananas,5510,Production,2024,2024,t,88870.530000,I,
169,'600,Paraguay,866,'02111,Cattle,5111,Stocks,2024,2024,An,13630216.000000,E,
169,'600,Paraguay,656,'01610,"Coffee, green",5510,Production,2024,2024,t,363.190000,I,
169,'600,Paraguay,867,'21111.01,"Meat of cattle with the bone, fresh or chilled",5510,Production,2024,2024,t,427139.780000,I,
169,'600,Paraguay,882,'02211,Raw milk of cattle,5510,Production,2024,2024,t,559000.000000,E,
169,'600,Paraguay,236,'0141,Soya beans,5510,Production,2024,2024,t,11100256.000000,A,
170,'604,Peru,486,'01312,Bananas,5510,Production,2024,2024,t,2343310.520000,A,
170,'604,Peru,866,'02111,Cattle,5111,Stocks,2024,2024,An,5842166.000000,A,
170,'604,Peru,656,'01610,"Coffee, green",5510,Production,2024,2024,t,358993.780000,A,
170,'604,Peru,867,'21111.01,"Meat of cattle with the bone, fresh or chilled",5510,Production,2024,2024,t,203990.580000,A,
170,'604,Peru,882,'02211,Raw milk of cattle,5510,Production,2024,2024,t,2228888.970000,A,
170,'604,Peru,236,'0141,Soya beans,5510,Production,2024,2024,t,2230.300000,A,
171,'608,Philippines,486,'01312,Bananas,5510,Production,2024,2024,t,5641129.780000,A,
171,'608,Philippines,866,'02111,Cattle,5111,Stocks,2024,2024,An,2605517.000000,A,
171,'608,Philippines,656,'01610,"Coffee, green",5510,Production,2024,2024,t,64000.000000,E,
171,'608,Philippines,867,'21111.01,"Meat of cattle with the bone, fresh or chilled",5510,Production,2024,2024,t,116666.000000,A,
171,'608,Philippines,882,'02211,Raw milk of cattle,5510,Production,2024,2024,t,33970.000000,A,
171,'608,Philippines,236,'0141,Soya beans,5510,Production,2024,2024,t,505.740000,A,
173,'616,Poland,486,'01312,Bananas,5510,Production,2024,2024,t,0.000000,A,
173,'616,Poland,866,'02111,Cattle,5111,Stocks,2024,2024,An,6190930.000000,A,
173,'616,Poland,867,'21111.01,"Meat of cattle with the bone, fresh or chilled",5510,Production,2024,2024,t,637490.000000,A,
173,'616,Poland,882,'02211,Raw milk of cattle,5510,Production,2024,2024,t,16039610.000000,A,
173,'616,Poland,236,'0141,Soya beans,5510,Production,2024,2024,t,80960.000000,A,
174,'620,Portugal,486,'01312,Bananas,5510,Production,2024,2024,t,30230.000000,A,
174,'620,Portugal,866,'02111,Cattle,5111,Stocks,2024,2024,An,1486910.000000,A,
174,'620,Portugal,867,'21111.01,"Meat of cattle with the bone, fresh or chilled",5510,Production,2024,2024,t,101770.000000,A,
174,'620,Portugal,882,'02211,Raw milk of cattle,5510,Production,2024,2024,t,1943320.000000,A,
177,'630,Puerto Rico,486,'01312,Bananas,5510,Production,2024,2024,t,107393.280000,I,
177,'630,Puerto Rico,866,'02111,Cattle,5111,Stocks,2024,2024,An,218598.000000,E,
177,'630,Puerto Rico,656,'01610,"Coffee, green",5510,Production,2024,2024,t,635.990000,I,
177,'630,Puerto Rico,867,'21111.01,"Meat of cattle with the bone, fresh or chilled",5510,Production,2024,2024,t,4060.480000,I,
177,'630,Puerto Rico,882,'02211,Raw milk of cattle,5510,Production,2024,2024,t,221013.260000,I,
179,'634,Qatar,866,'02111,Cattle,5111,Stocks,2024,2024,An,45424.000000,E,
179,'634,Qatar,867,'21111.01,"Meat of cattle with the bone, fresh or chilled",5510,Production,2024,2024,t,914.210000,E,
179,'634,Qatar,882,'02211,Raw milk of cattle,5510,Production,2024,2024,t,7500.000000,E,
117,'410,Republic of Korea,486,'01312,Bananas,5510,Production,2024,2024,t,,M,
117,'410,Republic of Korea,866,'02111,Cattle,5111,Stocks,2024,2024,An,3889278.000000,A,
117,'410,Republic of Korea,867,'21111.01,"Meat of cattle with the bone, fresh or chilled",5510,Production,2024,2024,t,370000.000000,X,Unofficial figure
117,'410,Republic of Korea,882,'02211,Raw milk of cattle,5510,Production,2024,2024,t,1766400.720000,I,
117,'410,Republic of Korea,236,'0141,Soya beans,5510,Production,2024,2024,t,154954.000000,A,
146,'498,Republic of Moldova,866,'02111,Cattle,5111,Stocks,2024,2024,An,98817.000000,A,
146,'498,Republic of Moldova,867,'21111.01,"Meat of cattle with the bone, fresh or chilled",5510,Production,2024,2024,t,2261.000000,A,
146,'498,Republic of Moldova,882,'02211,Raw milk of cattle,5510,Production,2024,2024,t,232873.000000,A,
146,'498,Republic of Moldova,236,'0141,Soya beans,5510,Production,2024,2024,t,31555.000000,A,
183,'642,Romania,486,'01312,Bananas,5510,Production,2024,2024,t,0.000000,A,
183,'642,Romania,866,'02111,Cattle,5111,Stocks,2024,2024,An,1809400.000000,A,
183,'642,Romania,867,'21111.01,"Meat of cattle with the bone, fresh or chilled",5510,Production,2024,2024,t,75780.000000,A,
183,'642,Romania,882,'02211,Raw milk of cattle,5510,Production,2024,2024,t,3724100.000000,A,
183,'642,Romania,236,'0141,Soya beans,5510,Production,2024,2024,t,316760.000000,A,
185,'643,Russian Federation,866,'02111,Cattle,5111,Stocks,2024,2024,An,17373368.000000,I,
185,'643,Russian Federation,867,'21111.01,"Meat of cattle with the bone, fresh or chilled",5510,Production,2024,2024,t,1692987.760000,I,
185,'643,Russian Federation,882,'02211,Raw milk of cattle,5510,Production,2024,2024,t,32792113.000000,E,
185,'643,Russian Federation,236,'0141,Soya beans,5510,Production,2024,2024,t,7000000.000000,X,Unofficial figure
184,'646,Rwanda,486,'01312,Bananas,5510,Production,2024,2024,t,2437236.000000,A,
184,'646,Rwanda,866,'02111,Cattle,5111,Stocks,2024,2024,An,1545688.000000,I,
184,'646,Rwanda,656,'01610,"Coffee, green",5510,Production,2024,2024,t,17839.780000,A,
184,'646,Rwanda,867,'21111.01,"Meat of cattle with the bone, fresh or chilled",5510,Production,2024,2024,t,42094.200000,I,
184,'646,Rwanda,882,'02211,Raw milk of cattle,5510,Production,2024,2024,t,190796.310000,I,
184,'646,Rwanda,236,'0141,Soya beans,5510,Production,2024,2024,t,36704.730000,A,
188,'659,Saint Kitts and Nevis,866,'02111,Cattle,5111,Stocks,2024,2024,An,1709.000000,I,
188,'659,Saint Kitts and Nevis,867,'21111.01,"Meat of cattle with the bone, fresh or chilled",5510,Production,2024,2024,t,42.730000,I,
189,'662,Saint Lucia,486,'01312,Bananas,5510,Production,2024,2024,t,2843.700000,I,
189,'662,Saint Lucia,866,'02111,Cattle,5111,Stocks,2024,2024,An,10486.000000,I,
189,'662,Saint Lucia,656,'01610,"Coffee, green",5510,Production,2024,2024,t,,M,
189,'662,Saint Lucia,867,'21111.01,"Meat of cattle with the bone, fresh or chilled",5510,Production,2024,2024,t,403.730000,I,
189,'662,Saint Lucia,882,'02211,Raw milk of cattle,5510,Production,2024,2024,t,1031.420000,I,
191,'670,Saint Vincent and the Grenadines,486,'01312,Bananas,5510,Production,2024,2024,t,59514.640000,I,
191,'670,Saint Vincent and the Grenadines,866,'02111,Cattle,5111,Stocks,2024,2024,An,2600.000000,E,
191,'670,Saint Vincent and the Grenadines,656,'01610,"Coffee, green",5510,Production,2024,2024,t,189.990000,I,
191,'670,Saint Vincent and the Grenadines,867,'21111.01,"Meat of cattle with the bone, fresh or chilled",5510,Production,2024,2024,t,155.000000,A,
191,'670,Saint Vincent and the Grenadines,882,'02211,Raw milk of cattle,5510,Production,2024,2024,t,824.430000,I,
244,'882,Samoa,486,'01312,Bananas,5510,Production,2024,2024,t,21853.440000,E,
244,'882,Samoa,866,'02111,Cattle,5111,Stocks,2024,2024,An,38349.000000,E,
244,'882,Samoa,656,'01610,"Coffee, green",5510,Production,2024,2024,t,11.790000,E,
244,'882,Samoa,867,'21111.01,"Meat of cattle with the bone, fresh or chilled",5510,Production,2024,2024,t,1293.190000,I,
244,'882,Samoa,882,'02211,Raw milk of cattle,5510,Production,2024,2024,t,1579.040000,I,
193,'678,Sao Tome and Principe,486,'01312,Bananas,5510,Production,2024,2024,t,5374.110000,I,
193,'678,Sao Tome and Principe,866,'02111,Cattle,5111,Stocks,2024,2024,An,1588.000000,E,
193,'678,Sao Tome and Principe,656,'01610,"Coffee, green",5510,Production,2024,2024,t,7.270000,E,
193,'678,Sao Tome and Principe,867,'21111.01,"Meat of cattle with the bone, fresh or chilled",5510,Production,2024,2024,t,420.210000,I,
193,'678,Sao Tome and Principe,882,'02211,Raw milk of cattle,5510,Production,2024,2024,t,594.350000,I,
194,'682,Saudi Arabia,486,'01312,Bananas,5510,Production,2024,2024,t,34585.310000,I,
194,'682,Saudi Arabia,866,'02111,Cattle,5111,Stocks,2024,2024,An,534181.000000,I,
194,'682,Saudi Arabia,656,'01610,"Coffee, green",5510,Production,2024,2024,t,760.000000,E,
194,'682,Saudi Arabia,867,'21111.01,"Meat of cattle with the bone, fresh or chilled",5510,Production,2024,2024,t,43000.000000,X,Unofficial figure
194,'682,Saudi Arabia,882,'02211,Raw milk of cattle,5510,Production,2024,2024,t,2958842.580000,E,
195,'686,Senegal,486,'01312,Bananas,5510,Production,2024,2024,t,38625.000000,A,
195,'686,Senegal,866,'02111,Cattle,5111,Stocks,2024,2024,An,3714834.000000,E,
195,'686,Senegal,867,'21111.01,"Meat of cattle with the bone, fresh or chilled",5510,Production,2024,2024,t,79495.900000,I,
195,'686,Senegal,882,'02211,Raw milk of cattle,5510,Production,2024,2024,t,220000.000000,E,
195,'686,Senegal,236,'0141,Soya beans,5510,Production,2024,2024,t,,M,
272,'688,Serbia,866,'02111,Cattle,5111,Stocks,2024,2024,An,698605.000000,A,
272,'688,Serbia,867,'21111.01,"Meat of cattle with the bone, fresh or chilled",5510,Production,2024,2024,t,75048.000000,A,
272,'688,Serbia,882,'02211,Raw milk of cattle,5510,Production,2024,2024,t,1349699.000000,A,
272,'688,Serbia,236,'0141,Soya beans,5510,Production,2024,2024,t,346808.390000,A,
196,'690,Seychelles,486,'01312,Bananas,5510,Production,2024,2024,t,2016.390000,I,
196,'690,Seychelles,866,'02111,Cattle,5111,Stocks,2024,2024,An,557.000000,I,
196,'690,Seychelles,867,'21111.01,"Meat of cattle with the bone, fresh or chilled",5510,Production,2024,2024,t,17.050000,I,
196,'690,Seychelles,882,'02211,Raw milk of cattle,5510,Production,2024,2024,t,161.870000,I,
197,'694,Sierra Leone,866,'02111,Cattle,5111,Stocks,2024,2024,An,682125.000000,E,
197,'694,Sierra Leone,656,'01610,"Coffee, green",5510,Production,2024,2024,t,2208.050000,I,
197,'694,Sierra Leone,867,'21111.01,"Meat of cattle with the bone, fresh or chilled",5510,Production,2024,2024,t,11276.860000,I,
197,'694,Sierra Leone,882,'02211,Raw milk of cattle,5510,Production,2024,2024,t,153284.530000,I,
197,'694,Sierra Leone,236,'0141,Soya beans,5510,Production,2024,2024,t,7485.400000,A,
200,'702,Singapore,486,'01312,Bananas,5510,Production,2024,2024,t,,M,
200,'702,Singapore,866,'02111,Cattle,5111,Stocks,2024,2024,An,177.000000,E,
200,'702,Singapore,867,'21111.01,"Meat of cattle with the bone, fresh or chilled",5510,Production,2024,2024,t,33.900000,I,
199,'703,Slovakia,486,'01312,Bananas,5510,Production,2024,2024,t,0.000000,A,
199,'703,Slovakia,866,'02111,Cattle,5111,Stocks,2024,2024,An,416680.000000,A,
199,'703,Slovakia,867,'21111.01,"Meat of cattle with the bone, fresh or chilled",5510,Production,2024,2024,t,10060.000000,A,
199,'703,Slovakia,882,'02211,Raw milk of cattle,5510,Production,2024,2024,t,916860.000000,A,
199,'703,Slovakia,236,'0141,Soya beans,5510,Production,2024,2024,t,152740.000000,A,
198,'705,Slovenia,486,'01312,Bananas,5510,Production,2024,2024,t,0.000000,A,
198,'705,Slovenia,866,'02111,Cattle,5111,Stocks,2024,2024,An,453890.000000,A,
198,'705,Slovenia,867,'21111.01,"Meat of cattle with the bone, fresh or chilled",5510,Production,2024,2024,t,31940.000000,A,
198,'705,Slovenia,882,'02211,Raw milk of cattle,5510,Production,2024,2024,t,608940.000000,A,
198,'705,Slovenia,236,'0141,Soya beans,5510,Production,2024,2024,t,11640.000000,A,
25,'090,Solomon Islands,486,'01312,Bananas,5510,Production,2024,2024,t,320.130000,I,
25,'090,Solomon Islands,866,'02111,Cattle,5111,Stocks,2024,2024,An,15381.000000,I,
25,'090,Solomon Islands,867,'21111.01,"Meat of cattle with the bone, fresh or chilled",5510,Production,2024,2024,t,772.260000,I,
25,'090,Solomon Islands,882,'02211,Raw milk of cattle,5510,Production,2024,2024,t,3071.510000,I,
201,'706,Somalia,486,'01312,Bananas,5510,Production,2024,2024,t,23553.620000,E,
201,'706,Somalia,866,'02111,Cattle,5111,Stocks,2024,2024,An,4788212.000000,E,
201,'706,Somalia,867,'21111.01,"Meat of cattle with the bone, fresh or chilled",5510,Production,2024,2024,t,55480.620000,E,
201,'706,Somalia,882,'02211,Raw milk of cattle,5510,Production,2024,2024,t,457555.650000,I,
202,'710,South Africa,486,'01312,Bananas,5510,Production,2024,2024,t,430924.960000,A,
202,'710,South Africa,866,'02111,Cattle,5111,Stocks,2024,2024,An,12122027.000000,A,
202,'710,South Africa,867,'21111.01,"Meat of cattle with the bone, fresh or chilled",5510,Production,2024,2024,t,1101970.000000,A,
202,'710,South Africa,882,'02211,Raw milk of cattle,5510,Production,2024,2024,t,3883000.000000,A,
202,'710,South Africa,236,'0141,Soya beans,5510,Production,2024,2024,t,1848000.000000,A,
277,'728,South Sudan,866,'02111,Cattle,5111,Stocks,2024,2024,An,14282839.000000,I,
277,'728,South Sudan,867,'21111.01,"Meat of cattle with the bone, fresh or chilled",5510,Production,2024,2024,t,132346.430000,I,
277,'728,South Sudan,882,'02211,Raw milk of cattle,5510,Production,2024,2024,t,2899261.570000,I,
203,'724,Spain,486,'01312,Bananas,5510,Production,2024,2024,t,421320.000000,A,
203,'724,Spain,866,'02111,Cattle,5111,Stocks,2024,2024,An,6173960.000000,A,
203,'724,Spain,867,'21111.01,"Meat of cattle with the bone, fresh or chilled",5510,Production,2024,2024,t,718450.000000,A,
203,'724,Spain,882,'02211,Raw milk of cattle,5510,Production,2024,2024,t,7576060.000000,A,
203,'724,Spain,236,'0141,Soya beans,5510,Production,2024,2024,t,10940.000000,A,
38,'144,Sri Lanka,866,'02111,Cattle,5111,Stocks,2024,2024,An,1125450.000000,A,
38,'144,Sri Lanka,656,'01610,"Coffee, green",5510,Production,2024,2024,t,5117.000000,A,
38,'144,Sri Lanka,867,'21111.01,"Meat of cattle with the bone, fresh or chilled",5510,Production,2024,2024,t,20900.000000,E,
38,'144,Sri Lanka,882,'02211,Raw milk of cattle,5510,Production,2024,2024,t,430002.000000,A,
38,'144,Sri Lanka,236,'0141,Soya beans,5510,Production,2024,2024,t,6196.000000,A,
276,'729,Sudan,486,'01312,Bananas,5510,Production,2024,2024,t,952279.200000,I,
276,'729,Sudan,866,'02111,Cattle,5111,Stocks,2024,2024,An,31256148.000000,I,
276,'729,Sudan,867,'21111.01,"Meat of cattle with the bone, fresh or chilled",5510,Production,2024,2024,t,366281.510000,I,
276,'729,Sudan,882,'02211,Raw milk of cattle,5510,Production,2024,2024,t,2956067.510000,I,
207,'740,Suriname,486,'01312,Bananas,5510,Production,2024,2024,t,3586.260000,I,
207,'740,Suriname,866,'02111,Cattle,5111,Stocks,2024,2024,An,28821.000000,I,
207,'740,Suriname,656,'01610,"Coffee, green",5510,Production,2024,2024,t,6.220000,I,
207,'740,Suriname,867,'21111.01,"Meat of cattle with the bone, fresh or chilled",5510,Production,2024,2024,t,1488.480000,I,
207,'740,Suriname,882,'02211,Raw milk of cattle,5510,Production,2024,2024,t,2709.190000,E,
207,'740,Suriname,236,'0141,Soya beans,5510,Production,2024,2024,t,2.350000,I,
210,'752,Sweden,486,'01312,Bananas,5510,Production,2024,2024,t,0.000000,A,
210,'752,Sweden,866,'02111,Cattle,5111,Stocks,2024,2024,An,1333820.000000,A,
210,'752,Sweden,867,'21111.01,"Meat of cattle with the bone, fresh or chilled",5510,Production,2024,2024,t,140970.000000,A,
210,'752,Sweden,882,'02211,Raw milk of cattle,5510,Production,2024,2024,t,2799910.000000,A,
211,'756,Switzerland,866,'02111,Cattle,5111,Stocks,2024,2024,An,1533483.000000,A,
211,'756,Switzerland,867,'21111.01,"Meat of cattle with the bone, fresh or chilled",5510,Production,2024,2024,t,144057.000000,A,
211,'756,Switzerland,882,'02211,Raw milk of cattle,5510,Production,2024,2024,t,3703020.610000,A,
211,'756,Switzerland,236,'0141,Soya beans,5510,Production,2024,2024,t,7479.000000,A,
212,'760,Syrian Arab Republic,486,'01312,Bananas,5510,Production,2024,2024,t,2351.000000,A,
212,'760,Syrian Arab Republic,866,'02111,Cattle,5111,Stocks,2024,2024,An,826396.000000,A,
212,'760,Syrian Arab Republic,867,'21111.01,"Meat of cattle with the bone, fresh or chilled",5510,Production,2024,2024,t,41649.000000,A,
212,'760,Syrian Arab Republic,882,'02211,Raw milk of cattle,5510,Production,2024,2024,t,1199625.000000,A,
212,'760,Syrian Arab Republic,236,'0141,Soya beans,5510,Production,2024,2024,t,3610.000000,A,
208,'762,Tajikistan,866,'02111,Cattle,5111,Stocks,2024,2024,An,2789212.000000,A,
208,'762,Tajikistan,867,'21111.01,"Meat of cattle with the bone, fresh or chilled",5510,Production,2024,2024,t,313638.540000,E,
208,'762,Tajikistan,882,'02211,Raw milk of cattle,5510,Production,2024,2024,t,1177381.000000,A,
208,'762,Tajikistan,236,'0141,Soya beans,5510,Production,2024,2024,t,20.750000,E,
216,'764,Thailand,486,'01312,Bananas,5510,Production,2024,2024,t,1298997.770000,I,
216,'764,Thailand,866,'02111,Cattle,5111,Stocks,2024,2024,An,4293189.000000,E,
216,'764,Thailand,656,'01610,"Coffee, green",5510,Production,2024,2024,t,16623.480000,A,
216,'764,Thailand,867,'21111.01,"Meat of cattle with the bone, fresh or chilled",5510,Production,2024,2024,t,112425.200000,E,
216,'764,Thailand,882,'02211,Raw milk of cattle,5510,Production,2024,2024,t,1265444.440000,E,
216,'764,Thailand,236,'0141,Soya beans,5510,Production,2024,2024,t,16347.000000,A,
176,'626,Timor-Leste,486,'01312,Bananas,5510,Production,2024,2024,t,559.590000,I,
176,'626,Timor-Leste,866,'02111,Cattle,5111,Stocks,2024,2024,An,238902.000000,E,
176,'626,Timor-Leste,656,'01610,"Coffee, green",5510,Production,2024,2024,t,9522.520000,I,
176,'626,Timor-Leste,867,'21111.01,"Meat of cattle with the bone, fresh or chilled",5510,Production,2024,2024,t,1275.340000,I,
176,'626,Timor-Leste,236,'0141,Soya beans,5510,Production,2024,2024,t,860.620000,I,
217,'768,Togo,486,'01312,Bananas,5510,Production,2024,2024,t,25513.310000,I,
217,'768,Togo,866,'02111,Cattle,5111,Stocks,2024,2024,An,477388.000000,I,
217,'768,Togo,656,'01610,"Coffee, green",5510,Production,2024,2024,t,21769.410000,I,
217,'768,Togo,867,'21111.01,"Meat of cattle with the bone, fresh or chilled",5510,Production,2024,2024,t,8800.000000,E,
217,'768,Togo,882,'02211,Raw milk of cattle,5510,Production,2024,2024,t,12840.830000,I,
217,'768,Togo,236,'0141,Soya beans,5510,Production,2024,2024,t,284341.760000,I,
219,'776,Tonga,486,'01312,Bananas,5510,Production,2024,2024,t,817.100000,I,
219,'776,Tonga,866,'02111,Cattle,5111,Stocks,2024,2024,An,12196.000000,I,
219,'776,Tonga,656,'01610,"Coffee, green",5510,Production,2024,2024,t,15.180000,I,
219,'776,Tonga,867,'21111.01,"Meat of cattle with the bone, fresh or chilled",5510,Production,2024,2024,t,345.870000,I,
219,'776,Tonga,882,'02211,Raw milk of cattle,5510,Production,2024,2024,t,325.700000,I,
220,'780,Trinidad and Tobago,486,'01312,Bananas,5510,Production,2024,2024,t,3245.590000,I,
220,'780,Trinidad and Tobago,866,'02111,Cattle,5111,Stocks,2024,2024,An,35419.000000,I,
220,'780,Trinidad and Tobago,656,'01610,"Coffee, green",5510,Production,2024,2024,t,757.860000,E,
220,'780,Trinidad and Tobago,867,'21111.01,"Meat of cattle with the bone, fresh or chilled",5510,Production,2024,2024,t,1020.000000,E,
220,'780,Trinidad and Tobago,882,'02211,Raw milk of cattle,5510,Production,2024,2024,t,1720.000000,A,
222,'788,Tunisia,866,'02111,Cattle,5111,Stocks,2024,2024,An,495935.000000,E,
222,'788,Tunisia,867,'21111.01,"Meat of cattle with the bone, fresh or chilled",5510,Production,2024,2024,t,41793.320000,I,
222,'788,Tunisia,882,'02211,Raw milk of cattle,5510,Production,2024,2024,t,1389814.810000,E,
223,'792,Türkiye,486,'01312,Bananas,5510,Production,2024,2024,t,875000.000000,A,
223,'792,Türkiye,866,'02111,Cattle,5111,Stocks,2024,2024,An,16824208.000000,A,
223,'792,Türkiye,867,'21111.01,"Meat of cattle with the bone, fresh or chilled",5510,Production,2024,2024,t,1483042.410000,A,
223,'792,Türkiye,882,'02211,Raw milk of cattle,5510,Production,2024,2024,t,21040442.210000,A,
223,'792,Türkiye,236,'0141,Soya beans,5510,Production,2024,2024,t,180000.000000,A,
213,'795,Turkmenistan,866,'02111,Cattle,5111,Stocks,2024,2024,An,2545439.000000,A,
213,'795,Turkmenistan,867,'21111.01,"Meat of cattle with the bone, fresh or chilled",5510,Production,2024,2024,t,209347.020000,A,
213,'795,Turkmenistan,882,'02211,Raw milk of cattle,5510,Production,2024,2024,t,2652447.600000,A,
227,'798,Tuvalu,486,'01312,Bananas,5510,Production,2024,2024,t,293.520000,I,
226,'800,Uganda,486,'01312,Bananas,5510,Production,2024,2024,t,,M,
226,'800,Uganda,866,'02111,Cattle,5111,Stocks,2024,2024,An,14723179.000000,I,
226,'800,Uganda,656,'01610,"Coffee, green",5510,Production,2024,2024,t,402000.000000,X,Unofficial figure
226,'800,Uganda,867,'21111.01,"Meat of cattle with the bone, fresh or chilled",5510,Production,2024,2024,t,237542.630000,I,
226,'800,Uganda,882,'02211,Raw milk of cattle,5510,Production,2024,2024,t,3850000.000000,E,
226,'800,Uganda,236,'0141,Soya beans,5510,Production,2024,2024,t,155000.000000,X,Unofficial figure
230,'804,Ukraine,866,'02111,Cattle,5111,Stocks,2024,2024,An,2156200.000000,A,
230,'804,Ukraine,867,'21111.01,"Meat of cattle with the bone, fresh or chilled",5510,Production,2024,2024,t,244500.000000,A,
230,'804,Ukraine,882,'02211,Raw milk of cattle,5510,Production,2024,2024,t,7089100.000000,A,
230,'804,Ukraine,236,'0141,Soya beans,5510,Production,2024,2024,t,6635180.000000,A,
225,'784,United Arab Emirates,486,'01312,Bananas,5510,Production,2024,2024,t,327.000000,I,
225,'784,United Arab Emirates,866,'02111,Cattle,5111,Stocks,2024,2024,An,119098.000000,I,
225,'784,United Arab Emirates,867,'21111.01,"Meat of cattle with the bone, fresh or chilled",5510,Production,2024,2024,t,22004.760000,I,
225,'784,United Arab Emirates,882,'02211,Raw milk of cattle,5510,Production,2024,2024,t,56406.670000,E,
229,'826,United Kingdom of Great Britain and Northern Ireland,866,'02111,Cattle,5111,Stocks,2024,2024,An,9411871.000000,A,
229,'826,United Kingdom of Great Britain and Northern Ireland,867,'21111.01,"Meat of cattle with the bone, fresh or chilled",5510,Production,2024,2024,t,934300.000000,A,
229,'826,United Kingdom of Great Britain and Northern Ireland,882,'02211,Raw milk of cattle,5510,Production,2024,2024,t,15939047.860000,A,
215,'834,United Republic of Tanzania,486,'01312,Bananas,5510,Production,2024,2024,t,3269969.580000,E,
215,'834,United Republic of Tanzania,866,'02111,Cattle,5111,Stocks,2024,2024,An,39053013.000000,I,
215,'834,United Republic of Tanzania,656,'01610,"Coffee, green",5510,Production,2024,2024,t,77417.000000,A,
215,'834,United Republic of Tanzania,867,'21111.01,"Meat of cattle with the bone, fresh or chilled",5510,Production,2024,2024,t,666227.000000,A,
215,'834,United Republic of Tanzania,882,'02211,Raw milk of cattle,5510,Production,2024,2024,t,4130285.000000,A,
215,'834,United Republic of Tanzania,236,'0141,Soya beans,5510,Production,2024,2024,t,42738.100000,I,
231,'840,United States of America,486,'01312,Bananas,5510,Production,2024,2024,t,3560.590000,E,
231,'840,United States of America,866,'02111,Cattle,5111,Stocks,2024,2024,An,87157400.000000,A,
231,'840,United States of America,656,'01610,"Coffee, green",5510,Production,2024,2024,t,3817.000000,A,
231,'840,United States of America,867,'21111.01,"Meat of cattle with the bone, fresh or chilled",5510,Production,2024,2024,t,12289768.000000,A,
231,'840,United States of America,882,'02211,Raw milk of cattle,5510,Production,2024,2024,t,102452123.000000,A,
231,'840,United States of America,236,'0141,Soya beans,5510,Production,2024,2024,t,118836440.000000,A,
234,'858,Uruguay,866,'02111,Cattle,5111,Stocks,2024,2024,An,11960556.000000,I,
234,'858,Uruguay,867,'21111.01,"Meat of cattle with the bone, fresh or chilled",5510,Production,2024,2024,t,577892.980000,I,
234,'858,Uruguay,882,'02211,Raw milk of cattle,5510,Production,2024,2024,t,2268781.000000,E,
234,'858,Uruguay,236,'0141,Soya beans,5510,Production,2024,2024,t,3065000.000000,X,Unofficial figure
235,'860,Uzbekistan,866,'02111,Cattle,5111,Stocks,2024,2024,An,14394476.000000,A,
235,'860,Uzbekistan,867,'21111.01,"Meat of cattle with the bone, fresh or chilled",5510,Production,2024,2024,t,1161390.210000,I,
235,'860,Uzbekistan,882,'02211,Raw milk of cattle,5510,Production,2024,2024,t,12422116.000000,A,
235,'860,Uzbekistan,236,'0141,Soya beans,5510,Production,2024,2024,t,12606.060000,A,
155,'548,Vanuatu,486,'01312,Bananas,5510,Production,2024,2024,t,17870.850000,I,
155,'548,Vanuatu,866,'02111,Cattle,5111,Stocks,2024,2024,An,89000.000000,E,
155,'548,Vanuatu,656,'01610,"Coffee, green",5510,Production,2024,2024,t,13.430000,I,
155,'548,Vanuatu,867,'21111.01,"Meat of cattle with the bone, fresh or chilled",5510,Production,2024,2024,t,2022.000000,A,
155,'548,Vanuatu,882,'02211,Raw milk of cattle,5510,Production,2024,2024,t,3100.000000,E,
236,'862,Venezuela (Bolivarian Republic of),486,'01312,Bananas,5510,Production,2024,2024,t,533896.070000,I,
236,'862,Venezuela (Bolivarian Republic of),866,'02111,Cattle,5111,Stocks,2024,2024,An,15749209.000000,I,
236,'862,Venezuela (Bolivarian Republic of),656,'01610,"Coffee, green",5510,Production,2024,2024,t,58268.290000,I,
236,'862,Venezuela (Bolivarian Republic of),867,'21111.01,"Meat of cattle with the bone, fresh or chilled",5510,Production,2024,2024,t,379168.960000,I,
236,'862,Venezuela (Bolivarian Republic of),882,'02211,Raw milk of cattle,5510,Production,2024,2024,t,3307777.670000,E,
236,'862,Venezuela (Bolivarian Republic of),236,'0141,Soya beans,5510,Production,2024,2024,t,11057.230000,I,
237,'704,Viet Nam,486,'01312,Bananas,5510,Production,2024,2024,t,2640250.000000,A,
237,'704,Viet Nam,866,'02111,Cattle,5111,Stocks,2024,2024,An,6212203.000000,A,
237,'704,Viet Nam,656,'01610,"Coffee, green",5510,Production,2024,2024,t,2015289.000000,A,
237,'704,Viet Nam,867,'21111.01,"Meat of cattle with the bone, fresh or chilled",5510,Production,2024,2024,t,270000.000000,E,
237,'704,Viet Nam,882,'02211,Raw milk of cattle,5510,Production,2024,2024,t,1276872.000000,A,
237,'704,Viet Nam,236,'0141,Soya beans,5510,Production,2024,2024,t,46127.000000,A,
249,'887,Yemen,486,'01312,Bananas,5510,Production,2024,2024,t,135447.600000,I,
249,'887,Yemen,866,'02111,Cattle,5111,Stocks,2024,2024,An,1971664.000000,I,
249,'887,Yemen,656,'01610,"Coffee, green",5510,Production,2024,2024,t,26544.190000,I,
249,'887,Yemen,867,'21111.01,"Meat of cattle with the bone, fresh or chilled",5510,Production,2024,2024,t,86024.860000,E,
249,'887,Yemen,882,'02211,Raw milk of cattle,5510,Production,2024,2024,t,256736.590000,I,
251,'894,Zambia,486,'01312,Bananas,5510,Production,2024,2024,t,683.840000,I,
251,'894,Zambia,866,'02111,Cattle,5111,Stocks,2024,2024,An,4887687.000000,I,
251,'894,Zambia,656,'01610,"Coffee, green",5510,Production,2024,2024,t,8795.730000,E,
251,'894,Zambia,867,'21111.01,"Meat of cattle with the bone, fresh or chilled",5510,Production,2024,2024,t,221926.900000,I,
251,'894,Zambia,882,'02211,Raw milk of cattle,5510,Production,2024,2024,t,525393.600000,I,
251,'894,Zambia,236,'0141,Soya beans,5510,Production,2024,2024,t,169699.710000,A,
181,'716,Zimbabwe,486,'01312,Bananas,5510,Production,2024,2024,t,325400.000000,A,
181,'716,Zimbabwe,866,'02111,Cattle,5111,Stocks,2024,2024,An,5741397.000000,A,
181,'716,Zimbabwe,656,'01610,"Coffee, green",5510,Production,2024,2024,t,572.000000,A,
181,'716,Zimbabwe,867,'21111.01,"Meat of cattle with the bone, fresh or chilled",5510,Production,2024,2024,t,755211.440000,I,
181,'716,Zimbabwe,882,'02211,Raw milk of cattle,5510,Production,2024,2024,t,442747.550000,I,
181,'716,Zimbabwe,236,'0141,Soya beans,5510,Production,2024,2024,t,69291.000000,A,
5000,'001,World,486,'01312,Bananas,5510,Production,2024,2024,t,139413684.550000,A,
5000,'001,World,866,'02111,Cattle,5111,Stocks,2024,2024,An,1578614149.000000,E,
5000,'001,World,656,'01610,"Coffee, green",5510,Production,2024,2024,t,11284877.410000,A,
5000,'001,World,867,'21111.01,"Meat of cattle with the bone, fresh or chilled",5510,Production,2024,2024,t,69749016.370000,A,
5000,'001,World,882,'02211,Raw milk of cattle,5510,Production,2024,2024,t,797287454.100000,A,
5000,'001,World,236,'0141,Soya beans,5510,Production,2024,2024,t,397671688.560000,A,
5100,'002,Africa,486,'01312,Bananas,5510,Production,2024,2024,t,31255891.130000,E,
5100,'002,Africa,866,'02111,Cattle,5111,Stocks,2024,2024,An,398736998.000000,E,
5100,'002,Africa,656,'01610,"Coffee, green",5510,Production,2024,2024,t,1909981.560000,E,
5100,'002,Africa,867,'21111.01,"Meat of cattle with the bone, fresh or chilled",5510,Production,2024,2024,t,7190609.130000,E,
5100,'002,Africa,882,'02211,Raw milk of cattle,5510,Production,2024,2024,t,43875415.720000,E,
5100,'002,Africa,236,'0141,Soya beans,5510,Production,2024,2024,t,5757170.780000,E,
5101,'014,Eastern Africa,486,'01312,Bananas,5510,Production,2024,2024,t,12527982.920000,E,
5101,'014,Eastern Africa,866,'02111,Cattle,5111,Stocks,2024,2024,An,194865431.000000,E,
5101,'014,Eastern Africa,656,'01610,"Coffee, green",5510,Production,2024,2024,t,1200451.360000,E,
5101,'014,Eastern Africa,867,'21111.01,"Meat of cattle with the bone, fresh or chilled",5510,Production,2024,2024,t,2971760.590000,E,
5101,'014,Eastern Africa,882,'02211,Raw milk of cattle,5510,Production,2024,2024,t,22110988.860000,E,
5101,'014,Eastern Africa,236,'0141,Soya beans,5510,Production,2024,2024,t,1108063.590000,E,
5102,'017,Middle Africa,486,'01312,Bananas,5510,Production,2024,2024,t,7027409.070000,A,
5102,'017,Middle Africa,866,'02111,Cattle,5111,Stocks,2024,2024,An,58046946.000000,E,
5102,'017,Middle Africa,656,'01610,"Coffee, green",5510,Production,2024,2024,t,435305.560000,E,
5102,'017,Middle Africa,867,'21111.01,"Meat of cattle with the bone, fresh or chilled",5510,Production,2024,2024,t,953462.450000,E,
5102,'017,Middle Africa,882,'02211,Raw milk of cattle,5510,Production,2024,2024,t,813437.700000,E,
5102,'017,Middle Africa,236,'0141,Soya beans,5510,Production,2024,2024,t,195962.870000,E,
5103,'015,Northern Africa,486,'01312,Bananas,5510,Production,2024,2024,t,2514566.970000,E,
5103,'015,Northern Africa,866,'02111,Cattle,5111,Stocks,2024,2024,An,38734408.000000,E,
5103,'015,Northern Africa,867,'21111.01,"Meat of cattle with the bone, fresh or chilled",5510,Production,2024,2024,t,1124525.080000,E,
5103,'015,Northern Africa,882,'02211,Raw milk of cattle,5510,Production,2024,2024,t,13577151.190000,E,
5103,'015,Northern Africa,236,'0141,Soya beans,5510,Production,2024,2024,t,76000.000000,E,
5104,'018,Southern Africa,486,'01312,Bananas,5510,Production,2024,2024,t,461287.640000,A,
5104,'018,Southern Africa,866,'02111,Cattle,5111,Stocks,2024,2024,An,17118033.000000,A,
5104,'018,Southern Africa,867,'21111.01,"Meat of cattle with the bone, fresh or chilled",5510,Production,2024,2024,t,1221601.080000,A,
5104,'018,Southern Africa,882,'02211,Raw milk of cattle,5510,Production,2024,2024,t,4244014.700000,A,
5104,'018,Southern Africa,236,'0141,Soya beans,5510,Production,2024,2024,t,1848000.000000,A,
5105,'011,Western Africa,486,'01312,Bananas,5510,Production,2024,2024,t,8724644.530000,E,
5105,'011,Western Africa,866,'02111,Cattle,5111,Stocks,2024,2024,An,89972180.000000,E,
5105,'011,Western Africa,656,'01610,"Coffee, green",5510,Production,2024,2024,t,274224.640000,E,
5105,'011,Western Africa,867,'21111.01,"Meat of cattle with the bone, fresh or chilled",5510,Production,2024,2024,t,919259.930000,E,
5105,'011,Western Africa,882,'02211,Raw milk of cattle,5510,Production,2024,2024,t,3129823.270000,E,
5105,'011,Western Africa,236,'0141,Soya beans,5510,Production,2024,2024,t,2529144.320000,E,
5200,'019,Americas,486,'01312,Bananas,5510,Production,2024,2024,t,32733833.530000,A,
5200,'019,Americas,866,'02111,Cattle,5111,Stocks,2024,2024,An,546211321.000000,A,
5200,'019,Americas,656,'01610,"Coffee, green",5510,Production,2024,2024,t,5713503.470000,A,
5200,'019,Americas,867,'21111.01,"Meat of cattle with the bone, fresh or chilled",5510,Production,2024,2024,t,33281941.010000,A,
5200,'019,Americas,882,'02211,Raw milk of cattle,5510,Production,2024,2024,t,201206774.570000,A,
5200,'019,Americas,236,'0141,Soya beans,5510,Production,2024,2024,t,337102984.590000,A,
5203,'021,Northern America,486,'01312,Bananas,5510,Production,2024,2024,t,3560.590000,E,
5203,'021,Northern America,866,'02111,Cattle,5111,Stocks,2024,2024,An,98142400.000000,A,
5203,'021,Northern America,656,'01610,"Coffee, green",5510,Production,2024,2024,t,3817.000000,A,
5203,'021,Northern America,867,'21111.01,"Meat of cattle with the bone, fresh or chilled",5510,Production,2024,2024,t,13581112.000000,A,
5203,'021,Northern America,882,'02211,Raw milk of cattle,5510,Production,2024,2024,t,112412330.000000,A,
5203,'021,Northern America,236,'0141,Soya beans,5510,Production,2024,2024,t,126404453.000000,A,
5204,'013,Central America,486,'01312,Bananas,5510,Production,2024,2024,t,9270391.900000,E,
5204,'013,Central America,866,'02111,Cattle,5111,Stocks,2024,2024,An,53542050.000000,E,
5204,'013,Central America,656,'01610,"Coffee, green",5510,Production,2024,2024,t,992128.630000,E,
5204,'013,Central America,867,'21111.01,"Meat of cattle with the bone, fresh or chilled",5510,Production,2024,2024,t,2979345.440000,A,
5204,'013,Central America,882,'02211,Raw milk of cattle,5510,Production,2024,2024,t,18472347.530000,A,
5204,'013,Central America,236,'0141,Soya beans,5510,Production,2024,2024,t,355405.720000,A,
5206,'029,Caribbean,486,'01312,Bananas,5510,Production,2024,2024,t,2720299.680000,A,
5206,'029,Caribbean,866,'02111,Cattle,5111,Stocks,2024,2024,An,8263834.000000,E,
5206,'029,Caribbean,656,'01610,"Coffee, green",5510,Production,2024,2024,t,43675.980000,A,
5206,'029,Caribbean,867,'21111.01,"Meat of cattle with the bone, fresh or chilled",5510,Production,2024,2024,t,191907.390000,E,
5206,'029,Caribbean,882,'02211,Raw milk of cattle,5510,Production,2024,2024,t,1420436.360000,E,
5206,'029,Caribbean,236,'0141,Soya beans,5510,Production,2024,2024,t,1000.000000,E,
5207,'005,South America,486,'01312,Bananas,5510,Production,2024,2024,t,20739581.360000,A,
5207,'005,South America,866,'02111,Cattle,5111,Stocks,2024,2024,An,386263037.000000,A,
5207,'005,South America,656,'01610,"Coffee, green",5510,Production,2024,2024,t,4673881.860000,A,
5207,'005,South America,867,'21111.01,"Meat of cattle with the bone, fresh or chilled",5510,Production,2024,2024,t,16529576.180000,A,
5207,'005,South America,882,'02211,Raw milk of cattle,5510,Production,2024,2024,t,68901660.680000,A,
5207,'005,South America,236,'0141,Soya beans,5510,Production,2024,2024,t,210342125.860000,A,
5300,'142,Asia,486,'01312,Bananas,5510,Production,2024,2024,t,73052286.470000,A,
5300,'142,Asia,866,'02111,Cattle,5111,Stocks,2024,2024,An,484364339.000000,E,
5300,'142,Asia,656,'01610,"Coffee, green",5510,Production,2024,2024,t,3610914.400000,A,
5300,'142,Asia,867,'21111.01,"Meat of cattle with the bone, fresh or chilled",5510,Production,2024,2024,t,15651063.570000,E,
5300,'142,Asia,882,'02211,Raw milk of cattle,5510,Production,2024,2024,t,294478089.250000,E,
5300,'142,Asia,236,'0141,Soya beans,5510,Production,2024,2024,t,37621811.850000,A,
5301,'143,Central Asia,866,'02111,Cattle,5111,Stocks,2024,2024,An,29534560.000000,A,
5301,'143,Central Asia,867,'21111.01,"Meat of cattle with the bone, fresh or chilled",5510,Production,2024,2024,t,2239180.370000,E,
5301,'143,Central Asia,882,'02211,Raw milk of cattle,5510,Production,2024,2024,t,21653116.600000,A,
5301,'143,Central Asia,236,'0141,Soya beans,5510,Production,2024,2024,t,222678.600000,A,
5302,'030,Eastern Asia,486,'01312,Bananas,5510,Production,2024,2024,t,12101108.220000,A,
5302,'030,Eastern Asia,866,'02111,Cattle,5111,Stocks,2024,2024,An,84002369.000000,E,
5302,'030,Eastern Asia,656,'01610,"Coffee, green",5510,Production,2024,2024,t,114951.290000,E,
5302,'030,Eastern Asia,867,'21111.01,"Meat of cattle with the bone, fresh or chilled",5510,Production,2024,2024,t,7986375.210000,E,
5302,'030,Eastern Asia,882,'02211,Raw milk of cattle,5510,Production,2024,2024,t,50659841.410000,A,
5302,'030,Eastern Asia,236,'0141,Soya beans,5510,Production,2024,2024,t,21242354.000000,A,
5303,'034,Southern Asia,486,'01312,Bananas,5510,Production,2024,2024,t,39260403.250000,A,
5303,'034,Southern Asia,866,'02111,Cattle,5111,Stocks,2024,2024,An,295044614.000000,E,
5303,'034,Southern Asia,656,'01610,"Coffee, green",5510,Production,2024,2024,t,368618.300000,A,
5303,'034,Southern Asia,867,'21111.01,"Meat of cattle with the bone, fresh or chilled",5510,Production,2024,2024,t,1890473.900000,A,
5303,'034,Southern Asia,882,'02211,Raw milk of cattle,5510,Production,2024,2024,t,184720320.520000,E,
5303,'034,Southern Asia,236,'0141,Soya beans,5510,Production,2024,2024,t,15481018.720000,A,
5304,'035,South-eastern Asia,486,'01312,Bananas,5510,Production,2024,2024,t,20319878.990000,A,
5304,'035,South-eastern Asia,866,'02111,Cattle,5111,Stocks,2024,2024,An,48458556.000000,E,
5304,'035,South-eastern Asia,656,'01610,"Coffee, green",5510,Production,2024,2024,t,3100040.630000,A,
5304,'035,South-eastern Asia,867,'21111.01,"Meat of cattle with the bone, fresh or chilled",5510,Production,2024,2024,t,1354107.250000,E,
5304,'035,South-eastern Asia,882,'02211,Raw milk of cattle,5510,Production,2024,2024,t,5360689.740000,E,
5304,'035,South-eastern Asia,236,'0141,Soya beans,5510,Production,2024,2024,t,490086.630000,E,
5305,'145,Western Asia,486,'01312,Bananas,5510,Production,2024,2024,t,1370896.020000,A,
5305,'145,Western Asia,866,'02111,Cattle,5111,Stocks,2024,2024,An,27324240.000000,A,
5305,'145,Western Asia,656,'01610,"Coffee, green",5510,Production,2024,2024,t,27304.190000,E,
5305,'145,Western Asia,867,'21111.01,"Meat of cattle with the bone, fresh or chilled",5510,Production,2024,2024,t,2180926.840000,A,
5305,'145,Western Asia,882,'02211,Raw milk of cattle,5510,Production,2024,2024,t,32084120.980000,A,
5305,'145,Western Asia,236,'0141,Soya beans,5510,Production,2024,2024,t,185673.900000,A,
5400,'150,Europe,486,'01312,Bananas,5510,Production,2024,2024,t,663560.000000,A,
5400,'150,Europe,866,'02111,Cattle,5111,Stocks,2024,2024,An,108982227.000000,A,
5400,'150,Europe,867,'21111.01,"Meat of cattle with the bone, fresh or chilled",5510,Production,2024,2024,t,10279493.760000,A,
5400,'150,Europe,882,'02211,Raw milk of cattle,5510,Production,2024,2024,t,227505229.380000,A,
5400,'150,Europe,236,'0141,Soya beans,5510,Production,2024,2024,t,17124409.880000,E,
5401,'151,Eastern Europe,486,'01312,Bananas,5510,Production,2024,2024,t,0.000000,A,
5401,'151,Eastern Europe,866,'02111,Cattle,5111,Stocks,2024,2024,An,34969375.000000,E,
5401,'151,Eastern Europe,867,'21111.01,"Meat of cattle with the bone, fresh or chilled",5510,Production,2024,2024,t,3175748.760000,E,
5401,'151,Eastern Europe,882,'02211,Raw milk of cattle,5510,Production,2024,2024,t,75901426.000000,E,
5401,'151,Eastern Europe,236,'0141,Soya beans,5510,Production,2024,2024,t,14550385.000000,E,
5402,'154,Northern Europe,486,'01312,Bananas,5510,Production,2024,2024,t,0.000000,A,
5402,'154,Northern Europe,866,'02111,Cattle,5111,Stocks,2024,2024,An,21347649.000000,A,
5402,'154,Northern Europe,867,'21111.01,"Meat of cattle with the bone, fresh or chilled",5510,Production,2024,2024,t,2041107.000000,A,
5402,'154,Northern Europe,882,'02211,Raw milk of cattle,5510,Production,2024,2024,t,38869046.320000,A,
5402,'154,Northern Europe,236,'0141,Soya beans,5510,Production,2024,2024,t,2040.000000,A,
5403,'039,Southern Europe,486,'01312,Bananas,5510,Production,2024,2024,t,452640.000000,A,
5403,'039,Southern Europe,866,'02111,Cattle,5111,Stocks,2024,2024,An,16476180.000000,A,
5403,'039,Southern Europe,867,'21111.01,"Meat of cattle with the bone, fresh or chilled",5510,Production,2024,2024,t,1709021.000000,A,
5403,'039,Southern Europe,882,'02211,Raw milk of cattle,5510,Production,2024,2024,t,27600826.450000,A,
5403,'039,Southern Europe,236,'0141,Soya beans,5510,Production,2024,2024,t,1784985.880000,A,
5404,'155,Western Europe,486,'01312,Bananas,5510,Production,2024,2024,t,210920.000000,A,
5404,'155,Western Europe,866,'02111,Cattle,5111,Stocks,2024,2024,An,36189023.000000,A,
5404,'155,Western Europe,867,'21111.01,"Meat of cattle with the bone, fresh or chilled",5510,Production,2024,2024,t,3353617.000000,A,
5404,'155,Western Europe,882,'02211,Raw milk of cattle,5510,Production,2024,2024,t,85133930.610000,A,
5404,'155,Western Europe,236,'0141,Soya beans,5510,Production,2024,2024,t,786999.000000,A,
5500,'009,Oceania,486,'01312,Bananas,5510,Production,2024,2024,t,1708113.410000,E,
5500,'009,Oceania,866,'02111,Cattle,5111,Stocks,2024,2024,An,40319264.000000,A,
5500,'009,Oceania,656,'01610,"Coffee, green",5510,Production,2024,2024,t,50477.980000,E,
5500,'009,Oceania,867,'21111.01,"Meat of cattle with the bone, fresh or chilled",5510,Production,2024,2024,t,3345908.910000,A,
5500,'009,Oceania,882,'02211,Raw milk of cattle,5510,Production,2024,2024,t,30221945.170000,A,
5500,'009,Oceania,236,'0141,Soya beans,5510,Production,2024,2024,t,65311.470000,A,
5501,'053,Australia and New Zealand,486,'01312,Bananas,5510,Production,2024,2024,t,368735.000000,A,
5501,'053,Australia and New Zealand,866,'02111,Cattle,5111,Stocks,2024,2024,An,39888825.000000,A,
5501,'053,Australia and New Zealand,867,'21111.01,"Meat of cattle with the bone, fresh or chilled",5510,Production,2024,2024,t,3331611.000000,A,
5501,'053,Australia and New Zealand,882,'02211,Raw milk of cattle,5510,Production,2024,2024,t,30200500.000000,A,
5501,'053,Australia and New Zealand,236,'0141,Soya beans,5510,Production,2024,2024,t,65300.000000,A,
5502,'054,Melanesia,486,'01312,Bananas,5510,Production,2024,2024,t,1306569.660000,E,
5502,'054,Melanesia,866,'02111,Cattle,5111,Stocks,2024,2024,An,353270.000000,E,
5502,'054,Melanesia,656,'01610,"Coffee, green",5510,Production,2024,2024,t,50428.670000,E,
5502,'054,Melanesia,867,'21111.01,"Meat of cattle with the bone, fresh or chilled",5510,Production,2024,2024,t,12234.130000,E,
5502,'054,Melanesia,882,'02211,Raw milk of cattle,5510,Production,2024,2024,t,18832.690000,E,
5503,'057,Micronesia,486,'01312,Bananas,5510,Production,2024,2024,t,9453.070000,E,
5503,'057,Micronesia,866,'02111,Cattle,5111,Stocks,2024,2024,An,18180.000000,E,
5503,'057,Micronesia,867,'21111.01,"Meat of cattle with the bone, fresh or chilled",5510,Production,2024,2024,t,252.210000,E,
5504,'061,Polynesia,486,'01312,Bananas,5510,Production,2024,2024,t,23355.680000,E,
5504,'061,Polynesia,866,'02111,Cattle,5111,Stocks,2024,2024,An,58989.000000,E,
5504,'061,Polynesia,656,'01610,"Coffee, green",5510,Production,2024,2024,t,49.310000,E,
5504,'061,Polynesia,867,'21111.01,"Meat of cattle with the bone, fresh or chilled",5510,Production,2024,2024,t,1811.560000,E,
5504,'061,Polynesia,882,'02211,Raw milk of cattle,5510,Production,2024,2024,t,2612.490000,E,
5504,'061,Polynesia,236,'0141,Soya beans,5510,Production,2024,2024,t,11.470000,E,
5707,'097,European Union (27),486,'01312,Bananas,5510,Production,2024,2024,t,669430.000000,A,
5707,'097,European Union (27),866,'02111,Cattle,5111,Stocks,2024,2024,An,71896330.000000,A,
5707,'097,European Union (27),867,'21111.01,"Meat of cattle with the bone, fresh or chilled",5510,Production,2024,2024,t,6655330.000000,A,
5707,'097,European Union (27),882,'02211,Raw milk of cattle,5510,Production,2024,2024,t,154561526.460000,A,
5707,'097,European Union (27),236,'0141,Soya beans,5510,Production,2024,2024,t,3070940.000000,A,
5801,'199,Least Developed Countries (LDCs),486,'01312,Bananas,5510,Production,2024,2024,t,21058633.380000,E,
5801,'199,Least Developed Countries (LDCs),866,'02111,Cattle,5111,Stocks,2024,2024,An,370753305.000000,E,
5801,'199,Least Developed Countries (LDCs),656,'01610,"Coffee, green",5510,Production,2024,2024,t,1973233.670000,E,
5801,'199,Least Developed Countries (LDCs),867,'21111.01,"Meat of cattle with the bone, fresh or chilled",5510,Production,2024,2024,t,4293937.960000,E,
5801,'199,Least Developed Countries (LDCs),882,'02211,Raw milk of cattle,5510,Production,2024,2024,t,41393594.150000,E,
5801,'199,Least Developed Countries (LDCs),236,'0141,Soya beans,5510,Production,2024,2024,t,2547583.520000,E,
5802,'432,Land Locked Developing Countries (LLDCs),486,'01312,Bananas,5510,Production,2024,2024,t,8598994.340000,E,
5802,'432,Land Locked Developing Countries (LLDCs),866,'02111,Cattle,5111,Stocks,2024,2024,An,284159262.000000,E,
5802,'432,Land Locked Developing Countries (LLDCs),656,'01610,"Coffee, green",5510,Production,2024,2024,t,1546778.280000,E,
5802,'432,Land Locked Developing Countries (LLDCs),867,'21111.01,"Meat of cattle with the bone, fresh or chilled",5510,Production,2024,2024,t,6383225.910000,E,
5802,'432,Land Locked Developing Countries (LLDCs),882,'02211,Raw milk of cattle,5510,Production,2024,2024,t,43108944.130000,E,
5802,'432,Land Locked Developing Countries (LLDCs),236,'0141,Soya beans,5510,Production,2024,2024,t,15753524.140000,A,
5803,'722,Small Island Developing States (SIDS),486,'01312,Bananas,5510,Production,2024,2024,t,4281585.450000,E,
5803,'722,Small Island Developing States (SIDS),866,'02111,Cattle,5111,Stocks,2024,2024,An,9989724.000000,E,
5803,'722,Small Island Developing States (SIDS),656,'01610,"Coffee, green",5510,Production,2024,2024,t,104086.640000,E,
5803,'722,Small Island Developing States (SIDS),867,'21111.01,"Meat of cattle with the bone, fresh or chilled",5510,Production,2024,2024,t,226813.680000,E,
5803,'722,Small Island Developing States (SIDS),882,'02211,Raw milk of cattle,5510,Production,2024,2024,t,1510292.370000,E,
5803,'722,Small Island Developing States (SIDS),236,'0141,Soya beans,5510,Production,2024,2024,t,28278.440000,A,
5815,'901,Low Income Food Deficit Countries (LIFDCs),486,'01312,Bananas,5510,Production,2024,2024,t,17245127.930000,E,
5815,'901,Low Income Food Deficit Countries (LIFDCs),866,'02111,Cattle,5111,Stocks,2024,2024,An,379146923.000000,E,
5815,'901,Low Income Food Deficit Countries (LIFDCs),656,'01610,"Coffee, green",5510,Production,2024,2024,t,1997923.220000,E,
5815,'901,Low Income Food Deficit Countries (LIFDCs),867,'21111.01,"Meat of cattle with the bone, fresh or chilled",5510,Production,2024,2024,t,6507388.420000,E,
5815,'901,Low Income Food Deficit Countries (LIFDCs),882,'02211,Raw milk of cattle,5510,Production,2024,2024,t,49433520.140000,E,
5815,'901,Low Income Food Deficit Countries (LIFDCs),236,'0141,Soya beans,5510,Production,2024,2024,t,2437637.960000,E,
5817,'902,Net Food Importing Developing Countries (NFIDCs),486,'01312,Bananas,5510,Production,2024,2024,t,31455672.050000,E,
5817,'902,Net Food Importing Developing Countries (NFIDCs),866,'02111,Cattle,5111,Stocks,2024,2024,An,501014946.000000,E,
5817,'902,Net Food Importing Developing Countries (NFIDCs),656,'01610,"Coffee, green",5510,Production,2024,2024,t,2908547.840000,E,
5817,'902,Net Food Importing Developing Countries (NFIDCs),867,'21111.01,"Meat of cattle with the bone, fresh or chilled",5510,Production,2024,2024,t,7680076.000000,E,
5817,'902,Net Food Importing Developing Countries (NFIDCs),882,'02211,Raw milk of cattle,5510,Production,2024,2024,t,88830907.450000,E,
5817,'902,Net Food Importing Developing Countries (NFIDCs),236,'0141,Soya beans,5510,Production,2024,2024,t,2673726.020000,E,
